Copyright 1986-2022 Xilinx, Inc. All Rights Reserved. Copyright 2022-2025 Advanced Micro Devices, Inc. All Rights Reserved.
--------------------------------------------------------------------------------------------------------------------------------------------------
| Tool Version      : Vivado v.2025.2 (win64) Build 6299465 Fri Nov 14 19:35:11 GMT 2025
| Date              : Wed Oct  7 13:24:25 2026
| Host              : xyz-intel running 64-bit major release  (build 9200)
| Command           : report_timing_summary -file D:/repo/XCKU5PMini/udp_hls_10g/board/p7b_ku5p_timing.rpt
| Design            : wrapper_p4
| Device            : xcku5p-ffvb676
| Speed File        : -1  PRODUCTION 1.29 05-01-2022
| Design State      : Routed
| Temperature Grade : E
--------------------------------------------------------------------------------------------------------------------------------------------------

Timing Summary Report

------------------------------------------------------------------------------------------------
| Timer Settings
| --------------
------------------------------------------------------------------------------------------------

  Enable Multi Corner Analysis               :  Yes
  Enable Pessimism Removal                   :  Yes
  Pessimism Removal Resolution               :  Nearest Common Node
  Enable Input Delay Default Clock           :  No
  Enable Preset / Clear Arcs                 :  No
  Disable Flight Delays                      :  No
  Ignore I/O Paths                           :  No
  Timing Early Launch at Borrowing Latches   :  No
  Borrow Time for Max Delay Exceptions       :  Yes
  Merge Timing Exceptions                    :  Yes
  Inter-SLR Compensation                     :  Conservative

  Corner  Analyze    Analyze    
  Name    Max Paths  Min Paths  
  ------  ---------  ---------  
  Slow    Yes        Yes        
  Fast    Yes        Yes        


------------------------------------------------------------------------------------------------
| Report Methodology
| ------------------
------------------------------------------------------------------------------------------------

Rule       Severity          Description                                             Violations  
---------  ----------------  ------------------------------------------------------  ----------  
TIMING-7   Critical Warning  No common node between related clocks                   1           
DPIR-2     Warning           Asynchronous driver check                               64          
LUTAR-1    Warning           LUT drives async reset alert                            19          
SYNTH-4    Warning           Shallow depth for a dedicated block RAM                 18          
SYNTH-6    Warning           Timing of a RAM block might be sub-optimal              100         
SYNTH-10   Warning           Wide multiplier                                         4           
SYNTH-15   Warning           Byte wide write enable not inferred                     256         
TIMING-9   Warning           Unknown CDC Logic                                       1           
TIMING-18  Warning           Missing input or output delay                           1           
XDCC-7     Warning           Scoped Clock constraint overwritten on the same source  1           
CLKC-56    Advisory          MMCME4 with global clock driver has no LOC              1           

Note: This report is based on the most recent report_methodology run and may not be up-to-date. Run report_methodology on the current design for the latest report.



check_timing report

Table of Contents
-----------------
1. checking no_clock (0)
2. checking constant_clock (0)
3. checking pulse_width_clock (0)
4. checking unconstrained_internal_endpoints (0)
5. checking no_input_delay (1)
6. checking no_output_delay (7)
7. checking multiple_clock (0)
8. checking generated_clocks (0)
9. checking loops (0)
10. checking partial_input_delay (0)
11. checking partial_output_delay (0)
12. checking latch_loops (0)

1. checking no_clock (0)
------------------------
 There are 0 register/latch pins with no clock.


2. checking constant_clock (0)
------------------------------
 There are 0 register/latch pins with constant_clock.


3. checking pulse_width_clock (0)
---------------------------------
 There are 0 register/latch pins which need pulse_width check


4. checking unconstrained_internal_endpoints (0)
------------------------------------------------
 There are 0 pins that are not constrained for maximum delay.

 There are 0 pins that are not constrained for maximum delay due to constant clock.


5. checking no_input_delay (1)
------------------------------
 There is 1 input port with no input delay specified. (HIGH)

 There are 0 input ports with no input delay but user has a false path constraint.


6. checking no_output_delay (7)
-------------------------------
 There are 7 ports with no output delay specified. (HIGH)

 There are 0 ports with no output delay but user has a false path constraint

 There are 0 ports with no output delay but with a timing clock defined on it or propagating through it


7. checking multiple_clock (0)
------------------------------
 There are 0 register/latch pins with multiple clocks.


8. checking generated_clocks (0)
--------------------------------
 There are 0 generated clocks that are not connected to a clock source.


9. checking loops (0)
---------------------
 There are 0 combinational loops in the design.


10. checking partial_input_delay (0)
------------------------------------
 There are 0 input ports with partial input delay specified.


11. checking partial_output_delay (0)
-------------------------------------
 There are 0 ports with partial output delay specified.


12. checking latch_loops (0)
----------------------------
 There are 0 combinational latch loops in the design through latch input



------------------------------------------------------------------------------------------------
| Design Timing Summary
| ---------------------
------------------------------------------------------------------------------------------------

    WNS(ns)      TNS(ns)  TNS Failing Endpoints  TNS Total Endpoints      WHS(ns)      THS(ns)  THS Failing Endpoints  THS Total Endpoints     WPWS(ns)     TPWS(ns)  TPWS Failing Endpoints  TPWS Total Endpoints  
    -------      -------  ---------------------  -------------------      -------      -------  ---------------------  -------------------     --------     --------  ----------------------  --------------------  
      0.006        0.000                      0               242843        0.008        0.000                      0               242843        0.000        0.000                       0                 79109  


All user specified timing constraints are met.


------------------------------------------------------------------------------------------------
| Clock Summary
| -------------
------------------------------------------------------------------------------------------------

Clock                                                                                                                                                                                                                                                                                                                                                                                                               Waveform(ns)           Period(ns)      Frequency(MHz)
-----                                                                                                                                                                                                                                                                                                                                                                                                               ------------           ----------      --------------
gtrefclk0                                                                                                                                                                                                                                                                                                                                                                                                           {0.000 3.200}          6.400           156.250         
  qpll0clk_in[0]_1                                                                                                                                                                                                                                                                                                                                                                                                  {0.000 0.097}          0.194           5156.250        
    rxoutclk_out[0]_2                                                                                                                                                                                                                                                                                                                                                                                               {0.000 3.200}          6.400           156.250         
    rxoutclk_out[0]_3                                                                                                                                                                                                                                                                                                                                                                                               {0.000 3.200}          6.400           156.250         
    txoutclk_out[0]_2                                                                                                                                                                                                                                                                                                                                                                                               {0.000 3.200}          6.400           156.250         
    txoutclk_out[0]_3                                                                                                                                                                                                                                                                                                                                                                                               {0.000 3.200}          6.400           156.250         
    txoutclkpcs_out[0]_2                                                                                                                                                                                                                                                                                                                                                                                            {0.000 3.103}          6.206           161.133         
    txoutclkpcs_out[0]_3                                                                                                                                                                                                                                                                                                                                                                                            {0.000 3.103}          6.206           161.133         
  qpll0refclk_in[0]_1                                                                                                                                                                                                                                                                                                                                                                                               {0.000 3.200}          6.400           156.250         
pcie_ref_clk                                                                                                                                                                                                                                                                                                                                                                                                        {0.000 5.000}          10.000          100.000         
  qpll0outclk_out[0]                                                                                                                                                                                                                                                                                                                                                                                                {0.000 0.100}          0.200           5000.000        
  qpll0outrefclk_out[0]                                                                                                                                                                                                                                                                                                                                                                                             {0.000 5.000}          10.000          100.000         
  qpll1outclk_out[0]                                                                                                                                                                                                                                                                                                                                                                                                {0.000 0.100}          0.200           5000.000        
    GTYE4_CHANNEL_TXOUTCLK[0]                                                                                                                                                                                                                                                                                                                                                                                       {0.000 1.000}          2.000           500.000         
    GTYE4_CHANNEL_TXOUTCLK[1]                                                                                                                                                                                                                                                                                                                                                                                       {0.000 1.000}          2.000           500.000         
    GTYE4_CHANNEL_TXOUTCLK[2]                                                                                                                                                                                                                                                                                                                                                                                       {0.000 1.000}          2.000           500.000         
    GTYE4_CHANNEL_TXOUTCLK[3]                                                                                                                                                                                                                                                                                                                                                                                       {0.000 1.000}          2.000           500.000         
      pcie_axi_aclk                                                                                                                                                                                                                                                                                                                                                                                                 {0.000 2.000}          4.000           250.000         
      pipe_clk                                                                                                                                                                                                                                                                                                                                                                                                      {0.000 2.000}          4.000           250.000         
      xdma_0_pcie4_ip_gt_top_i_n_31                                                                                                                                                                                                                                                                                                                                                                                 {0.000 4.000}          8.000           125.000         
  qpll1outrefclk_out[0]                                                                                                                                                                                                                                                                                                                                                                                             {0.000 5.000}          10.000          100.000         
sys_clk_100                                                                                                                                                                                                                                                                                                                                                                                                         {0.000 5.000}          10.000          100.000         
  g_hw.clk_out0                                                                                                                                                                                                                                                                                                                                                                                                     {0.000 3.200}          6.400           156.250         
u_pcie_xdma/inst/pcie4_ip_i/inst/xdma_0_pcie4_ip_gt_top_i/diablo_gt.diablo_gt_phy_wrapper/gt_wizard.gtwizard_top_i/xdma_0_pcie4_ip_gt_i/inst/gen_gtwizard_gtye4_top.xdma_0_pcie4_ip_gt_gtwizard_gtye4_inst/gen_gtwizard_gtye4.gen_cpll_cal_gtye4.gen_cpll_cal_inst[0].gen_inst_cpll_cal.gtwizard_ultrascale_v1_7_22_gtye4_cpll_cal_inst/gtwizard_ultrascale_v1_7_22_gtye4_cpll_cal_tx_i/bufg_gt_txoutclkmon_inst/O  {0.000 4.000}          8.000           125.000         
u_pcie_xdma/inst/pcie4_ip_i/inst/xdma_0_pcie4_ip_gt_top_i/diablo_gt.diablo_gt_phy_wrapper/gt_wizard.gtwizard_top_i/xdma_0_pcie4_ip_gt_i/inst/gen_gtwizard_gtye4_top.xdma_0_pcie4_ip_gt_gtwizard_gtye4_inst/gen_gtwizard_gtye4.gen_cpll_cal_gtye4.gen_cpll_cal_inst[1].gen_inst_cpll_cal.gtwizard_ultrascale_v1_7_22_gtye4_cpll_cal_inst/gtwizard_ultrascale_v1_7_22_gtye4_cpll_cal_tx_i/bufg_gt_txoutclkmon_inst/O  {0.000 4.000}          8.000           125.000         
u_pcie_xdma/inst/pcie4_ip_i/inst/xdma_0_pcie4_ip_gt_top_i/diablo_gt.diablo_gt_phy_wrapper/gt_wizard.gtwizard_top_i/xdma_0_pcie4_ip_gt_i/inst/gen_gtwizard_gtye4_top.xdma_0_pcie4_ip_gt_gtwizard_gtye4_inst/gen_gtwizard_gtye4.gen_cpll_cal_gtye4.gen_cpll_cal_inst[2].gen_inst_cpll_cal.gtwizard_ultrascale_v1_7_22_gtye4_cpll_cal_inst/gtwizard_ultrascale_v1_7_22_gtye4_cpll_cal_tx_i/bufg_gt_txoutclkmon_inst/O  {0.000 4.000}          8.000           125.000         
u_pcie_xdma/inst/pcie4_ip_i/inst/xdma_0_pcie4_ip_gt_top_i/diablo_gt.diablo_gt_phy_wrapper/gt_wizard.gtwizard_top_i/xdma_0_pcie4_ip_gt_i/inst/gen_gtwizard_gtye4_top.xdma_0_pcie4_ip_gt_gtwizard_gtye4_inst/gen_gtwizard_gtye4.gen_cpll_cal_gtye4.gen_cpll_cal_inst[3].gen_inst_cpll_cal.gtwizard_ultrascale_v1_7_22_gtye4_cpll_cal_inst/gtwizard_ultrascale_v1_7_22_gtye4_cpll_cal_tx_i/bufg_gt_txoutclkmon_inst/O  {0.000 4.000}          8.000           125.000         
u_pcie_xdma/inst/pcie4_ip_i/inst/xdma_0_pcie4_ip_gt_top_i/diablo_gt.diablo_gt_phy_wrapper/phy_clk_i/bufg_gt_intclk/O                                                                                                                                                                                                                                                                                                {0.000 500.000}        1000.000        1.000           


------------------------------------------------------------------------------------------------
| Intra Clock Table
| -----------------
------------------------------------------------------------------------------------------------

Clock                                                                                                                                                                                                                                                                                                                                                                                                                   WNS(ns)      TNS(ns)  TNS Failing Endpoints  TNS Total Endpoints      WHS(ns)      THS(ns)  THS Failing Endpoints  THS Total Endpoints     WPWS(ns)     TPWS(ns)  TPWS Failing Endpoints  TPWS Total Endpoints  
-----                                                                                                                                                                                                                                                                                                                                                                                                                   -------      -------  ---------------------  -------------------      -------      -------  ---------------------  -------------------     --------     --------  ----------------------  --------------------  
    rxoutclk_out[0]_2                                                                                                                                                                                                                                                                                                                                                                                                     2.264        0.000                      0                 3429        0.010        0.000                      0                 3429        0.514        0.000                       0                  1515  
    rxoutclk_out[0]_3                                                                                                                                                                                                                                                                                                                                                                                                     0.281        0.000                      0                 9671        0.010        0.000                      0                 9671        0.514        0.000                       0                  3658  
    txoutclk_out[0]_2                                                                                                                                                                                                                                                                                                                                                                                                     3.129        0.000                      0                  817        0.011        0.000                      0                  817        0.618        0.000                       0                   580  
    txoutclk_out[0]_3                                                                                                                                                                                                                                                                                                                                                                                                     0.523        0.000                      0                 2383        0.012        0.000                      0                 2383        0.618        0.000                       0                  1243  
    txoutclkpcs_out[0]_2                                                                                                                                                                                                                                                                                                                                                                                                  4.221        0.000                      0                   34        0.034        0.000                      0                   34        2.828        0.000                       0                    15  
    txoutclkpcs_out[0]_3                                                                                                                                                                                                                                                                                                                                                                                                  3.792        0.000                      0                   34        0.192        0.000                      0                   34        2.828        0.000                       0                    15  
pcie_ref_clk                                                                                                                                                                                                                                                                                                                                                                                                              7.210        0.000                      0                 3702        0.012        0.000                      0                 3702        3.200        0.000                       0                  1776  
    GTYE4_CHANNEL_TXOUTCLK[0]                                                                                                                                                                                                                                                                                                                                                                                                                                                                                                                                         0.501        0.000                       0                     1  
    GTYE4_CHANNEL_TXOUTCLK[1]                                                                                                                                                                                                                                                                                                                                                                                                                                                                                                                                         0.501        0.000                       0                     1  
    GTYE4_CHANNEL_TXOUTCLK[2]                                                                                                                                                                                                                                                                                                                                                                                                                                                                                                                                         0.501        0.000                       0                     1  
    GTYE4_CHANNEL_TXOUTCLK[3]                                                                                                                                                                                                                                                                                                                                                                                                                                                                                                                                         0.501        0.000                       0                     5  
      pcie_axi_aclk                                                                                                                                                                                                                                                                                                                                                                                                       0.352        0.000                      0                49654        0.008        0.000                      0                49654        0.207        0.000                       0                 20543  
      pipe_clk                                                                                                                                                                                                                                                                                                                                                                                                            0.768        0.000                      0                 2400        0.012        0.000                      0                 2400        0.000        0.000                       0                  1138  
      xdma_0_pcie4_ip_gt_top_i_n_31                                                                                                                                                                                                                                                                                                                                                                                                                                                                                                                                   0.000        0.000                       0                     1  
sys_clk_100                                                                                                                                                                                                                                                                                                                                                                                                               8.144        0.000                      0                  716        0.030        0.000                      0                  716        2.000        0.000                       0                   482  
  g_hw.clk_out0                                                                                                                                                                                                                                                                                                                                                                                                           0.006        0.000                      0               135660        0.010        0.000                      0               135660        2.627        0.000                       0                 47998  
u_pcie_xdma/inst/pcie4_ip_i/inst/xdma_0_pcie4_ip_gt_top_i/diablo_gt.diablo_gt_phy_wrapper/gt_wizard.gtwizard_top_i/xdma_0_pcie4_ip_gt_i/inst/gen_gtwizard_gtye4_top.xdma_0_pcie4_ip_gt_gtwizard_gtye4_inst/gen_gtwizard_gtye4.gen_cpll_cal_gtye4.gen_cpll_cal_inst[0].gen_inst_cpll_cal.gtwizard_ultrascale_v1_7_22_gtye4_cpll_cal_inst/gtwizard_ultrascale_v1_7_22_gtye4_cpll_cal_tx_i/bufg_gt_txoutclkmon_inst/O        6.872        0.000                      0                   50        0.050        0.000                      0                   50        3.725        0.000                       0                    31  
u_pcie_xdma/inst/pcie4_ip_i/inst/xdma_0_pcie4_ip_gt_top_i/diablo_gt.diablo_gt_phy_wrapper/gt_wizard.gtwizard_top_i/xdma_0_pcie4_ip_gt_i/inst/gen_gtwizard_gtye4_top.xdma_0_pcie4_ip_gt_gtwizard_gtye4_inst/gen_gtwizard_gtye4.gen_cpll_cal_gtye4.gen_cpll_cal_inst[1].gen_inst_cpll_cal.gtwizard_ultrascale_v1_7_22_gtye4_cpll_cal_inst/gtwizard_ultrascale_v1_7_22_gtye4_cpll_cal_tx_i/bufg_gt_txoutclkmon_inst/O        6.789        0.000                      0                   50        0.052        0.000                      0                   50        3.725        0.000                       0                    31  
u_pcie_xdma/inst/pcie4_ip_i/inst/xdma_0_pcie4_ip_gt_top_i/diablo_gt.diablo_gt_phy_wrapper/gt_wizard.gtwizard_top_i/xdma_0_pcie4_ip_gt_i/inst/gen_gtwizard_gtye4_top.xdma_0_pcie4_ip_gt_gtwizard_gtye4_inst/gen_gtwizard_gtye4.gen_cpll_cal_gtye4.gen_cpll_cal_inst[2].gen_inst_cpll_cal.gtwizard_ultrascale_v1_7_22_gtye4_cpll_cal_inst/gtwizard_ultrascale_v1_7_22_gtye4_cpll_cal_tx_i/bufg_gt_txoutclkmon_inst/O        6.967        0.000                      0                   50        0.066        0.000                      0                   50        3.725        0.000                       0                    31  
u_pcie_xdma/inst/pcie4_ip_i/inst/xdma_0_pcie4_ip_gt_top_i/diablo_gt.diablo_gt_phy_wrapper/gt_wizard.gtwizard_top_i/xdma_0_pcie4_ip_gt_i/inst/gen_gtwizard_gtye4_top.xdma_0_pcie4_ip_gt_gtwizard_gtye4_inst/gen_gtwizard_gtye4.gen_cpll_cal_gtye4.gen_cpll_cal_inst[3].gen_inst_cpll_cal.gtwizard_ultrascale_v1_7_22_gtye4_cpll_cal_inst/gtwizard_ultrascale_v1_7_22_gtye4_cpll_cal_tx_i/bufg_gt_txoutclkmon_inst/O        6.824        0.000                      0                   50        0.052        0.000                      0                   50        3.725        0.000                       0                    31  
u_pcie_xdma/inst/pcie4_ip_i/inst/xdma_0_pcie4_ip_gt_top_i/diablo_gt.diablo_gt_phy_wrapper/phy_clk_i/bufg_gt_intclk/O                                                                                                                                                                                                                                                                                                    999.077        0.000                      0                   20        0.060        0.000                      0                   20      499.725        0.000                       0                    13  


------------------------------------------------------------------------------------------------
| Inter Clock Table
| -----------------
------------------------------------------------------------------------------------------------

From Clock         To Clock               WNS(ns)      TNS(ns)  TNS Failing Endpoints  TNS Total Endpoints      WHS(ns)      THS(ns)  THS Failing Endpoints  THS Total Endpoints  
----------         --------               -------      -------  ---------------------  -------------------      -------      -------  ---------------------  -------------------  
txoutclk_out[0]_3  rxoutclk_out[0]_3        4.909        0.000                      0                   64        0.014        0.000                      0                   64  
pipe_clk           pcie_axi_aclk            2.306        0.000                      0                    3        0.428        0.000                      0                    3  
pcie_axi_aclk      pipe_clk                 3.071        0.000                      0                    1        0.045        0.000                      0                    1  


------------------------------------------------------------------------------------------------
| Other Path Groups Table
| -----------------------
------------------------------------------------------------------------------------------------

Path Group                                                                                                                                                                                                                                                                                                                                                                                                          From Clock                                                                                                                                                                                                                                                                                                                                                                                                          To Clock                                                                                                                                                                                                                                                                                                                                                                                                                WNS(ns)      TNS(ns)  TNS Failing Endpoints  TNS Total Endpoints      WHS(ns)      THS(ns)  THS Failing Endpoints  THS Total Endpoints  
----------                                                                                                                                                                                                                                                                                                                                                                                                          ----------                                                                                                                                                                                                                                                                                                                                                                                                          --------                                                                                                                                                                                                                                                                                                                                                                                                                -------      -------  ---------------------  -------------------      -------      -------  ---------------------  -------------------  
**async_default**                                                                                                                                                                                                                                                                                                                                                                                                   g_hw.clk_out0                                                                                                                                                                                                                                                                                                                                                                                                       g_hw.clk_out0                                                                                                                                                                                                                                                                                                                                                                                                             0.758        0.000                      0                26914        0.177        0.000                      0                26914  
**async_default**                                                                                                                                                                                                                                                                                                                                                                                                   pcie_axi_aclk                                                                                                                                                                                                                                                                                                                                                                                                       pcie_axi_aclk                                                                                                                                                                                                                                                                                                                                                                                                             0.158        0.000                      0                 4961        0.157        0.000                      0                 4961  
**async_default**                                                                                                                                                                                                                                                                                                                                                                                                   pcie_ref_clk                                                                                                                                                                                                                                                                                                                                                                                                        pcie_ref_clk                                                                                                                                                                                                                                                                                                                                                                                                              8.642        0.000                      0                  131        0.144        0.000                      0                  131  
**async_default**                                                                                                                                                                                                                                                                                                                                                                                                   pipe_clk                                                                                                                                                                                                                                                                                                                                                                                                            pipe_clk                                                                                                                                                                                                                                                                                                                                                                                                                  2.395        0.000                      0                   13        0.155        0.000                      0                   13  
**async_default**                                                                                                                                                                                                                                                                                                                                                                                                   rxoutclk_out[0]_2                                                                                                                                                                                                                                                                                                                                                                                                   rxoutclk_out[0]_2                                                                                                                                                                                                                                                                                                                                                                                                         4.114        0.000                      0                   12        0.121        0.000                      0                   12  
**async_default**                                                                                                                                                                                                                                                                                                                                                                                                   rxoutclk_out[0]_3                                                                                                                                                                                                                                                                                                                                                                                                   rxoutclk_out[0]_3                                                                                                                                                                                                                                                                                                                                                                                                         1.174        0.000                      0                 1307        0.101        0.000                      0                 1307  
**async_default**                                                                                                                                                                                                                                                                                                                                                                                                   txoutclk_out[0]_2                                                                                                                                                                                                                                                                                                                                                                                                   txoutclk_out[0]_2                                                                                                                                                                                                                                                                                                                                                                                                         5.675        0.000                      0                    3        0.187        0.000                      0                    3  
**async_default**                                                                                                                                                                                                                                                                                                                                                                                                   txoutclk_out[0]_3                                                                                                                                                                                                                                                                                                                                                                                                   txoutclk_out[0]_3                                                                                                                                                                                                                                                                                                                                                                                                         2.921        0.000                      0                  642        0.062        0.000                      0                  642  
**async_default**                                                                                                                                                                                                                                                                                                                                                                                                   u_pcie_xdma/inst/pcie4_ip_i/inst/xdma_0_pcie4_ip_gt_top_i/diablo_gt.diablo_gt_phy_wrapper/gt_wizard.gtwizard_top_i/xdma_0_pcie4_ip_gt_i/inst/gen_gtwizard_gtye4_top.xdma_0_pcie4_ip_gt_gtwizard_gtye4_inst/gen_gtwizard_gtye4.gen_cpll_cal_gtye4.gen_cpll_cal_inst[0].gen_inst_cpll_cal.gtwizard_ultrascale_v1_7_22_gtye4_cpll_cal_inst/gtwizard_ultrascale_v1_7_22_gtye4_cpll_cal_tx_i/bufg_gt_txoutclkmon_inst/O  u_pcie_xdma/inst/pcie4_ip_i/inst/xdma_0_pcie4_ip_gt_top_i/diablo_gt.diablo_gt_phy_wrapper/gt_wizard.gtwizard_top_i/xdma_0_pcie4_ip_gt_i/inst/gen_gtwizard_gtye4_top.xdma_0_pcie4_ip_gt_gtwizard_gtye4_inst/gen_gtwizard_gtye4.gen_cpll_cal_gtye4.gen_cpll_cal_inst[0].gen_inst_cpll_cal.gtwizard_ultrascale_v1_7_22_gtye4_cpll_cal_inst/gtwizard_ultrascale_v1_7_22_gtye4_cpll_cal_tx_i/bufg_gt_txoutclkmon_inst/O        7.320        0.000                      0                   18        0.122        0.000                      0                   18  
**async_default**                                                                                                                                                                                                                                                                                                                                                                                                   u_pcie_xdma/inst/pcie4_ip_i/inst/xdma_0_pcie4_ip_gt_top_i/diablo_gt.diablo_gt_phy_wrapper/gt_wizard.gtwizard_top_i/xdma_0_pcie4_ip_gt_i/inst/gen_gtwizard_gtye4_top.xdma_0_pcie4_ip_gt_gtwizard_gtye4_inst/gen_gtwizard_gtye4.gen_cpll_cal_gtye4.gen_cpll_cal_inst[1].gen_inst_cpll_cal.gtwizard_ultrascale_v1_7_22_gtye4_cpll_cal_inst/gtwizard_ultrascale_v1_7_22_gtye4_cpll_cal_tx_i/bufg_gt_txoutclkmon_inst/O  u_pcie_xdma/inst/pcie4_ip_i/inst/xdma_0_pcie4_ip_gt_top_i/diablo_gt.diablo_gt_phy_wrapper/gt_wizard.gtwizard_top_i/xdma_0_pcie4_ip_gt_i/inst/gen_gtwizard_gtye4_top.xdma_0_pcie4_ip_gt_gtwizard_gtye4_inst/gen_gtwizard_gtye4.gen_cpll_cal_gtye4.gen_cpll_cal_inst[1].gen_inst_cpll_cal.gtwizard_ultrascale_v1_7_22_gtye4_cpll_cal_inst/gtwizard_ultrascale_v1_7_22_gtye4_cpll_cal_tx_i/bufg_gt_txoutclkmon_inst/O        7.178        0.000                      0                   18        0.190        0.000                      0                   18  
**async_default**                                                                                                                                                                                                                                                                                                                                                                                                   u_pcie_xdma/inst/pcie4_ip_i/inst/xdma_0_pcie4_ip_gt_top_i/diablo_gt.diablo_gt_phy_wrapper/gt_wizard.gtwizard_top_i/xdma_0_pcie4_ip_gt_i/inst/gen_gtwizard_gtye4_top.xdma_0_pcie4_ip_gt_gtwizard_gtye4_inst/gen_gtwizard_gtye4.gen_cpll_cal_gtye4.gen_cpll_cal_inst[2].gen_inst_cpll_cal.gtwizard_ultrascale_v1_7_22_gtye4_cpll_cal_inst/gtwizard_ultrascale_v1_7_22_gtye4_cpll_cal_tx_i/bufg_gt_txoutclkmon_inst/O  u_pcie_xdma/inst/pcie4_ip_i/inst/xdma_0_pcie4_ip_gt_top_i/diablo_gt.diablo_gt_phy_wrapper/gt_wizard.gtwizard_top_i/xdma_0_pcie4_ip_gt_i/inst/gen_gtwizard_gtye4_top.xdma_0_pcie4_ip_gt_gtwizard_gtye4_inst/gen_gtwizard_gtye4.gen_cpll_cal_gtye4.gen_cpll_cal_inst[2].gen_inst_cpll_cal.gtwizard_ultrascale_v1_7_22_gtye4_cpll_cal_inst/gtwizard_ultrascale_v1_7_22_gtye4_cpll_cal_tx_i/bufg_gt_txoutclkmon_inst/O        7.215        0.000                      0                   18        0.172        0.000                      0                   18  
**async_default**                                                                                                                                                                                                                                                                                                                                                                                                   u_pcie_xdma/inst/pcie4_ip_i/inst/xdma_0_pcie4_ip_gt_top_i/diablo_gt.diablo_gt_phy_wrapper/gt_wizard.gtwizard_top_i/xdma_0_pcie4_ip_gt_i/inst/gen_gtwizard_gtye4_top.xdma_0_pcie4_ip_gt_gtwizard_gtye4_inst/gen_gtwizard_gtye4.gen_cpll_cal_gtye4.gen_cpll_cal_inst[3].gen_inst_cpll_cal.gtwizard_ultrascale_v1_7_22_gtye4_cpll_cal_inst/gtwizard_ultrascale_v1_7_22_gtye4_cpll_cal_tx_i/bufg_gt_txoutclkmon_inst/O  u_pcie_xdma/inst/pcie4_ip_i/inst/xdma_0_pcie4_ip_gt_top_i/diablo_gt.diablo_gt_phy_wrapper/gt_wizard.gtwizard_top_i/xdma_0_pcie4_ip_gt_i/inst/gen_gtwizard_gtye4_top.xdma_0_pcie4_ip_gt_gtwizard_gtye4_inst/gen_gtwizard_gtye4.gen_cpll_cal_gtye4.gen_cpll_cal_inst[3].gen_inst_cpll_cal.gtwizard_ultrascale_v1_7_22_gtye4_cpll_cal_inst/gtwizard_ultrascale_v1_7_22_gtye4_cpll_cal_tx_i/bufg_gt_txoutclkmon_inst/O        7.389        0.000                      0                   18        0.146        0.000                      0                   18  


------------------------------------------------------------------------------------------------
| Timing Details
| --------------
------------------------------------------------------------------------------------------------


---------------------------------------------------------------------------------------------------
From Clock:  rxoutclk_out[0]_2
  To Clock:  rxoutclk_out[0]_2

Setup :            0  Failing Endpoints,  Worst Slack        2.264ns,  Total Violation        0.000ns
Hold  :            0  Failing Endpoints,  Worst Slack        0.010ns,  Total Violation        0.000ns
PW    :            0  Failing Endpoints,  Worst Slack        0.514ns,  Total Violation        0.000ns
---------------------------------------------------------------------------------------------------


Max Delay Paths
--------------------------------------------------------------------------------------
Slack (MET) :             2.264ns  (required time - arrival time)
  Source:                 wrapper_p4/pcs64/pcs64_wrapper/pcs64_top/<hidden>/<hidden>/<hidden>/<hidden>
                            (rising edge-triggered cell FDRE clocked by rxoutclk_out[0]_2  {rise@0.000ns fall@3.200ns period=6.400ns})
  Destination:            wrapper_p4/pcs64/pcs64_wrapper/pcs64_top/<hidden>/<hidden>/<hidden>/<hidden>
                            (rising edge-triggered cell FDRE clocked by rxoutclk_out[0]_2  {rise@0.000ns fall@3.200ns period=6.400ns})
  Path Group:             rxoutclk_out[0]_2
  Path Type:              Setup (Max at Slow Process Corner)
  Requirement:            6.400ns  (rxoutclk_out[0]_2 rise@6.400ns - rxoutclk_out[0]_2 rise@0.000ns)
  Data Path Delay:        4.018ns  (logic 0.832ns (20.706%)  route 3.186ns (79.294%))
  Logic Levels:           5  (LUT4=2 LUT6=3)
  Clock Path Skew:        -0.098ns (DCD - SCD + CPR)
    Destination Clock Delay (DCD):    1.386ns = ( 7.786 - 6.400 ) 
    Source Clock Delay      (SCD):    1.548ns
    Clock Pessimism Removal (CPR):    0.064ns
  Clock Uncertainty:      0.046ns  ((TSJ^2 + DJ^2)^1/2) / 2 + PE
    Total System Jitter     (TSJ):    0.071ns
    Discrete Jitter          (DJ):    0.060ns
    Phase Error              (PE):    0.000ns
  Clock Net Delay (Source):      1.319ns (routing 0.358ns, distribution 0.961ns)
  Clock Net Delay (Destination): 1.181ns (routing 0.318ns, distribution 0.863ns)

    Location             Delay type                Incr(ns)  Path(ns)    Netlist Resource(s)
  -------------------------------------------------------------------    -------------------
                         (clock rxoutclk_out[0]_2 rise edge)
                                                      0.000     0.000 r  
    GTYE4_CHANNEL_X0Y4   GTYE4_CHANNEL                0.000     0.000 r  u_pcs/inst/i_pcs64_gt/inst/gen_gtwizard_gtye4_top.pcs64_gt_gtwizard_gtye4_inst/gen_gtwizard_gtye4.gen_channel_container[1].gen_enabled_channel.gtye4_channel_wrapper_inst/channel_inst/gtye4_channel_gen.gen_gtye4_channel_inst[0].GTYE4_CHANNEL_PRIM_INST/RXOUTCLK
                         net (fo=2, routed)           0.090     0.090    u_pcs/inst/i_core_gtwiz_userclk_rx_inst_0/rxoutclk_out[0]
    BUFG_GT_X0Y30        BUFG_GT (Prop_BUFG_GT_I_O)
                                                      0.139     0.229 r  u_pcs/inst/i_core_gtwiz_userclk_rx_inst_0/gen_gtwiz_userclk_rx_main.bufg_gt_usrclk_inst/O
    X3Y1 (CLOCK_ROOT)    net (fo=1514, routed)        1.319     1.548    wrapper_p4/pcs64/pcs64_wrapper/pcs64_top/<hidden>/<hidden>/<hidden>/<hidden>
    SLICE_X108Y114       FDRE                                         r  wrapper_p4/pcs64/pcs64_wrapper/pcs64_top/<hidden>/<hidden>/<hidden>/<hidden>
  -------------------------------------------------------------------    -------------------
    SLICE_X108Y114       FDRE (Prop_HFF_SLICEL_C_Q)
                                                      0.096     1.644 f  wrapper_p4/pcs64/pcs64_wrapper/pcs64_top/<hidden>/<hidden>/<hidden>/<hidden>
                         net (fo=9, routed)           0.290     1.934    wrapper_p4/pcs64/pcs64_wrapper/pcs64_top/<hidden>/<hidden>/<hidden>/<hidden>
    SLICE_X107Y116       LUT4 (Prop_B5LUT_SLICEM_I0_O)
                                                      0.176     2.110 f  wrapper_p4/pcs64/pcs64_wrapper/pcs64_top/<hidden>/<hidden>/<hidden>/<hidden>
                         net (fo=2, routed)           0.197     2.308    wrapper_p4/pcs64/pcs64_wrapper/pcs64_top/<hidden>/<hidden>/<hidden>/<hidden>
    SLICE_X107Y116       LUT6 (Prop_H6LUT_SLICEM_I4_O)
                                                      0.100     2.408 f  wrapper_p4/pcs64/pcs64_wrapper/pcs64_top/<hidden>/<hidden>/<hidden>/<hidden>
                         net (fo=6, routed)           0.423     2.831    wrapper_p4/pcs64/pcs64_wrapper/pcs64_top/<hidden>/<hidden>/<hidden>/<hidden>
    SLICE_X104Y118       LUT6 (Prop_H6LUT_SLICEL_I0_O)
                                                      0.116     2.947 f  wrapper_p4/pcs64/pcs64_wrapper/pcs64_top/<hidden>/<hidden>/<hidden>/<hidden>
                         net (fo=112, routed)         0.839     3.785    wrapper_p4/pcs64/pcs64_wrapper/pcs64_top/<hidden>/<hidden>/<hidden>/<hidden>
    SLICE_X101Y125       LUT4 (Prop_D5LUT_SLICEM_I2_O)
                                                      0.167     3.952 r  wrapper_p4/pcs64/pcs64_wrapper/pcs64_top/<hidden>/<hidden>/<hidden>/<hidden>
                         net (fo=18, routed)          1.379     5.332    wrapper_p4/pcs64/pcs64_wrapper/pcs64_top/<hidden>/<hidden>/<hidden>/<hidden>
    SLICE_X108Y126       LUT6 (Prop_B6LUT_SLICEL_I1_O)
                                                      0.177     5.509 r  wrapper_p4/pcs64/pcs64_wrapper/pcs64_top/<hidden>/<hidden>/<hidden>/<hidden>
                         net (fo=1, routed)           0.058     5.567    wrapper_p4/pcs64/pcs64_wrapper/pcs64_top/<hidden>/<hidden>/<hidden>/<hidden>
    SLICE_X108Y126       FDRE                                         r  wrapper_p4/pcs64/pcs64_wrapper/pcs64_top/<hidden>/<hidden>/<hidden>/<hidden>
  -------------------------------------------------------------------    -------------------

                         (clock rxoutclk_out[0]_2 rise edge)
                                                      6.400     6.400 r  
    GTYE4_CHANNEL_X0Y4   GTYE4_CHANNEL                0.000     6.400 r  u_pcs/inst/i_pcs64_gt/inst/gen_gtwizard_gtye4_top.pcs64_gt_gtwizard_gtye4_inst/gen_gtwizard_gtye4.gen_channel_container[1].gen_enabled_channel.gtye4_channel_wrapper_inst/channel_inst/gtye4_channel_gen.gen_gtye4_channel_inst[0].GTYE4_CHANNEL_PRIM_INST/RXOUTCLK
                         net (fo=2, routed)           0.083     6.483    u_pcs/inst/i_core_gtwiz_userclk_rx_inst_0/rxoutclk_out[0]
    BUFG_GT_X0Y30        BUFG_GT (Prop_BUFG_GT_I_O)
                                                      0.122     6.605 r  u_pcs/inst/i_core_gtwiz_userclk_rx_inst_0/gen_gtwiz_userclk_rx_main.bufg_gt_usrclk_inst/O
    X3Y1 (CLOCK_ROOT)    net (fo=1514, routed)        1.181     7.786    wrapper_p4/pcs64/pcs64_wrapper/pcs64_top/<hidden>/<hidden>/<hidden>/<hidden>
    SLICE_X108Y126       FDRE                                         r  wrapper_p4/pcs64/pcs64_wrapper/pcs64_top/<hidden>/<hidden>/<hidden>/<hidden>
                         clock pessimism              0.064     7.850    
                         clock uncertainty           -0.046     7.804    
    SLICE_X108Y126       FDRE (Setup_BFF_SLICEL_C_D)
                                                      0.027     7.831    wrapper_p4/pcs64/pcs64_wrapper/pcs64_top/<hidden>/<hidden>/<hidden>/<hidden>
  -------------------------------------------------------------------
                         required time                          7.831    
                         arrival time                          -5.567    
  -------------------------------------------------------------------
                         slack                                  2.264    





Min Delay Paths
--------------------------------------------------------------------------------------
Slack (MET) :             0.010ns  (arrival time - required time)
  Source:                 wrapper_p4/pcs64/pcs64_wrapper/pcs64_top/<hidden>/<hidden>/<hidden>/<hidden>
                            (rising edge-triggered cell FDRE clocked by rxoutclk_out[0]_2  {rise@0.000ns fall@3.200ns period=6.400ns})
  Destination:            wrapper_p4/pcs64/pcs64_wrapper/pcs64_top/<hidden>/<hidden>/<hidden>/<hidden>
                            (rising edge-triggered cell FDRE clocked by rxoutclk_out[0]_2  {rise@0.000ns fall@3.200ns period=6.400ns})
  Path Group:             rxoutclk_out[0]_2
  Path Type:              Hold (Min at Slow Process Corner)
  Requirement:            0.000ns  (rxoutclk_out[0]_2 rise@0.000ns - rxoutclk_out[0]_2 rise@0.000ns)
  Data Path Delay:        0.256ns  (logic 0.070ns (27.344%)  route 0.186ns (72.656%))
  Logic Levels:           0  
  Clock Path Skew:        0.191ns (DCD - SCD - CPR)
    Destination Clock Delay (DCD):    1.582ns
    Source Clock Delay      (SCD):    1.327ns
    Clock Pessimism Removal (CPR):    0.064ns
  Clock Net Delay (Source):      1.122ns (routing 0.318ns, distribution 0.804ns)
  Clock Net Delay (Destination): 1.353ns (routing 0.358ns, distribution 0.995ns)

    Location             Delay type                Incr(ns)  Path(ns)    Netlist Resource(s)
  -------------------------------------------------------------------    -------------------
                         (clock rxoutclk_out[0]_2 rise edge)
                                                      0.000     0.000 r  
    GTYE4_CHANNEL_X0Y4   GTYE4_CHANNEL                0.000     0.000 r  u_pcs/inst/i_pcs64_gt/inst/gen_gtwizard_gtye4_top.pcs64_gt_gtwizard_gtye4_inst/gen_gtwizard_gtye4.gen_channel_container[1].gen_enabled_channel.gtye4_channel_wrapper_inst/channel_inst/gtye4_channel_gen.gen_gtye4_channel_inst[0].GTYE4_CHANNEL_PRIM_INST/RXOUTCLK
                         net (fo=2, routed)           0.083     0.083    u_pcs/inst/i_core_gtwiz_userclk_rx_inst_0/rxoutclk_out[0]
    BUFG_GT_X0Y30        BUFG_GT (Prop_BUFG_GT_I_O)
                                                      0.122     0.205 r  u_pcs/inst/i_core_gtwiz_userclk_rx_inst_0/gen_gtwiz_userclk_rx_main.bufg_gt_usrclk_inst/O
    X3Y1 (CLOCK_ROOT)    net (fo=1514, routed)        1.122     1.327    wrapper_p4/pcs64/pcs64_wrapper/pcs64_top/<hidden>/<hidden>/<hidden>/<hidden>
    SLICE_X105Y119       FDRE                                         r  wrapper_p4/pcs64/pcs64_wrapper/pcs64_top/<hidden>/<hidden>/<hidden>/<hidden>
  -------------------------------------------------------------------    -------------------
    SLICE_X105Y119       FDRE (Prop_DFF_SLICEL_C_Q)
                                                      0.070     1.397 r  wrapper_p4/pcs64/pcs64_wrapper/pcs64_top/<hidden>/<hidden>/<hidden>/<hidden>
                         net (fo=1, routed)           0.186     1.583    wrapper_p4/pcs64/pcs64_wrapper/pcs64_top/<hidden>/<hidden>/<hidden>/<hidden>
    SLICE_X105Y126       FDRE                                         r  wrapper_p4/pcs64/pcs64_wrapper/pcs64_top/<hidden>/<hidden>/<hidden>/<hidden>
  -------------------------------------------------------------------    -------------------

                         (clock rxoutclk_out[0]_2 rise edge)
                                                      0.000     0.000 r  
    GTYE4_CHANNEL_X0Y4   GTYE4_CHANNEL                0.000     0.000 r  u_pcs/inst/i_pcs64_gt/inst/gen_gtwizard_gtye4_top.pcs64_gt_gtwizard_gtye4_inst/gen_gtwizard_gtye4.gen_channel_container[1].gen_enabled_channel.gtye4_channel_wrapper_inst/channel_inst/gtye4_channel_gen.gen_gtye4_channel_inst[0].GTYE4_CHANNEL_PRIM_INST/RXOUTCLK
                         net (fo=2, routed)           0.090     0.090    u_pcs/inst/i_core_gtwiz_userclk_rx_inst_0/rxoutclk_out[0]
    BUFG_GT_X0Y30        BUFG_GT (Prop_BUFG_GT_I_O)
                                                      0.139     0.229 r  u_pcs/inst/i_core_gtwiz_userclk_rx_inst_0/gen_gtwiz_userclk_rx_main.bufg_gt_usrclk_inst/O
    X3Y1 (CLOCK_ROOT)    net (fo=1514, routed)        1.353     1.582    wrapper_p4/pcs64/pcs64_wrapper/pcs64_top/<hidden>/<hidden>/<hidden>/<hidden>
    SLICE_X105Y126       FDRE                                         r  wrapper_p4/pcs64/pcs64_wrapper/pcs64_top/<hidden>/<hidden>/<hidden>/<hidden>
                         clock pessimism             -0.064     1.518    
    SLICE_X105Y126       FDRE (Hold_AFF2_SLICEL_C_D)
                                                      0.055     1.573    wrapper_p4/pcs64/pcs64_wrapper/pcs64_top/<hidden>/<hidden>/<hidden>/<hidden>
  -------------------------------------------------------------------
                         required time                         -1.573    
                         arrival time                           1.583    
  -------------------------------------------------------------------
                         slack                                  0.010    





Pulse Width Checks
--------------------------------------------------------------------------------------
Clock Name:         rxoutclk_out[0]_2
Waveform(ns):       { 0.000 3.200 }
Period(ns):         6.400
Sources:            { u_pcs/inst/i_pcs64_gt/inst/gen_gtwizard_gtye4_top.pcs64_gt_gtwizard_gtye4_inst/gen_gtwizard_gtye4.gen_channel_container[1].gen_enabled_channel.gtye4_channel_wrapper_inst/channel_inst/gtye4_channel_gen.gen_gtye4_channel_inst[0].GTYE4_CHANNEL_PRIM_INST/RXOUTCLK }

Check Type        Corner  Lib Pin                 Reference Pin            Required(ns)  Actual(ns)  Slack(ns)  Location            Pin
Min Period        n/a     GTYE4_CHANNEL/RXUSRCLK  n/a                      2.482         6.400       3.918      GTYE4_CHANNEL_X0Y4  u_pcs/inst/i_pcs64_gt/inst/gen_gtwizard_gtye4_top.pcs64_gt_gtwizard_gtye4_inst/gen_gtwizard_gtye4.gen_channel_container[1].gen_enabled_channel.gtye4_channel_wrapper_inst/channel_inst/gtye4_channel_gen.gen_gtye4_channel_inst[0].GTYE4_CHANNEL_PRIM_INST/RXUSRCLK
Low Pulse Width   Slow    GTYE4_CHANNEL/RXUSRCLK  n/a                      1.117         3.200       2.083      GTYE4_CHANNEL_X0Y4  u_pcs/inst/i_pcs64_gt/inst/gen_gtwizard_gtye4_top.pcs64_gt_gtwizard_gtye4_inst/gen_gtwizard_gtye4.gen_channel_container[1].gen_enabled_channel.gtye4_channel_wrapper_inst/channel_inst/gtye4_channel_gen.gen_gtye4_channel_inst[0].GTYE4_CHANNEL_PRIM_INST/RXUSRCLK
High Pulse Width  Slow    GTYE4_CHANNEL/RXUSRCLK  n/a                      1.117         3.200       2.083      GTYE4_CHANNEL_X0Y4  u_pcs/inst/i_pcs64_gt/inst/gen_gtwizard_gtye4_top.pcs64_gt_gtwizard_gtye4_inst/gen_gtwizard_gtye4.gen_channel_container[1].gen_enabled_channel.gtye4_channel_wrapper_inst/channel_inst/gtye4_channel_gen.gen_gtye4_channel_inst[0].GTYE4_CHANNEL_PRIM_INST/RXUSRCLK
Max Skew          Fast    GTYE4_CHANNEL/RXUSRCLK  GTYE4_CHANNEL/RXUSRCLK2  0.525         0.011       0.514      GTYE4_CHANNEL_X0Y4  u_pcs/inst/i_pcs64_gt/inst/gen_gtwizard_gtye4_top.pcs64_gt_gtwizard_gtye4_inst/gen_gtwizard_gtye4.gen_channel_container[1].gen_enabled_channel.gtye4_channel_wrapper_inst/channel_inst/gtye4_channel_gen.gen_gtye4_channel_inst[0].GTYE4_CHANNEL_PRIM_INST/RXUSRCLK



---------------------------------------------------------------------------------------------------
From Clock:  rxoutclk_out[0]_3
  To Clock:  rxoutclk_out[0]_3

Setup :            0  Failing Endpoints,  Worst Slack        0.281ns,  Total Violation        0.000ns
Hold  :            0  Failing Endpoints,  Worst Slack        0.010ns,  Total Violation        0.000ns
PW    :            0  Failing Endpoints,  Worst Slack        0.514ns,  Total Violation        0.000ns
---------------------------------------------------------------------------------------------------


Max Delay Paths
--------------------------------------------------------------------------------------
Slack (MET) :             0.281ns  (required time - arrival time)
  Source:                 wrapper_p4/pcs64/pcs64_wrapper/pcs64_top_24/<hidden>/<hidden>/<hidden>/<hidden>
                            (rising edge-triggered cell FDRE clocked by rxoutclk_out[0]_3  {rise@0.000ns fall@3.200ns period=6.400ns})
  Destination:            u_mac_rx/stat_crc_err_reg[28]/CE
                            (rising edge-triggered cell FDCE clocked by rxoutclk_out[0]_3  {rise@0.000ns fall@3.200ns period=6.400ns})
  Path Group:             rxoutclk_out[0]_3
  Path Type:              Setup (Max at Slow Process Corner)
  Requirement:            6.400ns  (rxoutclk_out[0]_3 rise@6.400ns - rxoutclk_out[0]_3 rise@0.000ns)
  Data Path Delay:        5.932ns  (logic 1.638ns (27.611%)  route 4.294ns (72.389%))
  Logic Levels:           14  (LUT3=1 LUT4=2 LUT5=1 LUT6=8 MUXF7=2)
  Clock Path Skew:        -0.098ns (DCD - SCD + CPR)
    Destination Clock Delay (DCD):    2.176ns = ( 8.576 - 6.400 ) 
    Source Clock Delay      (SCD):    2.448ns
    Clock Pessimism Removal (CPR):    0.174ns
  Clock Uncertainty:      0.046ns  ((TSJ^2 + DJ^2)^1/2) / 2 + PE
    Total System Jitter     (TSJ):    0.071ns
    Discrete Jitter          (DJ):    0.060ns
    Phase Error              (PE):    0.000ns
  Clock Net Delay (Source):      2.219ns (routing 1.174ns, distribution 1.045ns)
  Clock Net Delay (Destination): 1.971ns (routing 1.069ns, distribution 0.902ns)

    Location             Delay type                Incr(ns)  Path(ns)    Netlist Resource(s)
  -------------------------------------------------------------------    -------------------
                         (clock rxoutclk_out[0]_3 rise edge)
                                                      0.000     0.000 r  
    GTYE4_CHANNEL_X0Y5   GTYE4_CHANNEL                0.000     0.000 r  u_pcs/inst/i_pcs64_gt_1/inst/gen_gtwizard_gtye4_top.pcs64_gt_1_gtwizard_gtye4_inst/gen_gtwizard_gtye4.gen_channel_container[1].gen_enabled_channel.gtye4_channel_wrapper_inst/channel_inst/gtye4_channel_gen.gen_gtye4_channel_inst[0].GTYE4_CHANNEL_PRIM_INST/RXOUTCLK
                         net (fo=2, routed)           0.090     0.090    u_pcs/inst/i_core_gtwiz_userclk_rx_inst_1/rxoutclk_out[0]
    BUFG_GT_X0Y41        BUFG_GT (Prop_BUFG_GT_I_O)
                                                      0.139     0.229 r  u_pcs/inst/i_core_gtwiz_userclk_rx_inst_1/gen_gtwiz_userclk_rx_main.bufg_gt_usrclk_inst/O
    X1Y0 (CLOCK_ROOT)    net (fo=3657, routed)        2.219     2.448    wrapper_p4/pcs64/pcs64_wrapper/pcs64_top_24/<hidden>/<hidden>/<hidden>/<hidden>
    SLICE_X65Y6          FDRE                                         r  wrapper_p4/pcs64/pcs64_wrapper/pcs64_top_24/<hidden>/<hidden>/<hidden>/<hidden>
  -------------------------------------------------------------------    -------------------
    SLICE_X65Y6          FDRE (Prop_DFF_SLICEL_C_Q)
                                                      0.096     2.544 f  wrapper_p4/pcs64/pcs64_wrapper/pcs64_top_24/<hidden>/<hidden>/<hidden>/<hidden>
                         net (fo=6, routed)           0.202     2.746    u_mac_rx/rx_mii_d_1[46]
    SLICE_X67Y6          LUT6 (Prop_D6LUT_SLICEM_I2_O)
                                                      0.174     2.920 f  u_mac_rx/in_active_i_12/O
                         net (fo=3, routed)           0.166     3.085    u_mac_rx/in_active_i_12_n_53
    SLICE_X70Y6          LUT4 (Prop_B6LUT_SLICEL_I0_O)
                                                      0.064     3.149 f  u_mac_rx/in_active_i_6/O
                         net (fo=8, routed)           0.140     3.289    u_mac_rx/in_active_i_6_n_53
    SLICE_X70Y4          LUT6 (Prop_C6LUT_SLICEL_I1_O)
                                                      0.174     3.463 r  u_mac_rx/in_active_i_3/O
                         net (fo=16, routed)          0.158     3.621    u_mac_rx/u_crc/b_k_reg[3]
    SLICE_X71Y4          LUT6 (Prop_H6LUT_SLICEM_I5_O)
                                                      0.182     3.803 r  u_mac_rx/u_crc/b_k[3]_i_1/O
                         net (fo=39, routed)          0.343     4.146    u_mac_rx/u_crc/ra_m4_reg[0]
    SLICE_X73Y5          LUT6 (Prop_D6LUT_SLICEL_I0_O)
                                                      0.147     4.293 r  u_mac_rx/u_crc/crc[27]_i_35__0/O
                         net (fo=50, routed)          0.360     4.654    u_mac_rx/u_crc/ap_keep[1]
    SLICE_X75Y5          LUT6 (Prop_D6LUT_SLICEM_I0_O)
                                                      0.062     4.716 r  u_mac_rx/u_crc/crc[15]_i_22__0/O
                         net (fo=25, routed)          0.481     5.196    u_mac_rx/u_crc/zb6[0]
    SLICE_X79Y10         LUT3 (Prop_A6LUT_SLICEM_I0_O)
                                                      0.100     5.296 r  u_mac_rx/u_crc/crc[28]_i_24__0/O
                         net (fo=11, routed)          0.553     5.850    u_mac_rx/u_crc/crc[28]_i_24__0_n_53
    SLICE_X83Y7          LUT4 (Prop_H6LUT_SLICEL_I0_O)
                                                      0.116     5.966 r  u_mac_rx/u_crc/crc[22]_i_15__0/O
                         net (fo=1, routed)           0.011     5.977    u_mac_rx/u_crc/crc[22]_i_15__0_n_53
    SLICE_X83Y7          MUXF7 (Prop_F7MUX_GH_SLICEL_I0_O)
                                                      0.083     6.060 r  u_mac_rx/u_crc/crc_reg[22]_i_6/O
                         net (fo=1, routed)           0.314     6.374    u_mac_rx/u_crc/crc_reg[22]_i_6_n_53
    SLICE_X81Y10         LUT6 (Prop_D6LUT_SLICEM_I3_O)
                                                      0.038     6.412 r  u_mac_rx/u_crc/crc[22]_i_2/O
                         net (fo=2, routed)           0.027     6.439    u_mac_rx/u_crc/crc[22]_i_2_n_53
    SLICE_X81Y10         MUXF7 (Prop_F7MUX_CD_SLICEM_I0_O)
                                                      0.090     6.529 r  u_mac_rx/u_crc/push_crs_reg_i_21/O
                         net (fo=1, routed)           0.675     7.204    u_mac_rx/u_crc/corr[22]
    SLICE_X77Y14         LUT5 (Prop_C6LUT_SLICEL_I4_O)
                                                      0.098     7.302 r  u_mac_rx/u_crc/push_crs_i_9/O
                         net (fo=1, routed)           0.162     7.464    u_mac_rx/u_crc/push_crs_i_9_n_53
    SLICE_X77Y17         LUT6 (Prop_D6LUT_SLICEL_I4_O)
                                                      0.116     7.580 f  u_mac_rx/u_crc/push_crs_i_2/O
                         net (fo=2, routed)           0.212     7.792    u_mac_rx/u_crc/push_crs_i_2_n_53
    SLICE_X77Y20         LUT6 (Prop_F6LUT_SLICEL_I1_O)
                                                      0.098     7.890 r  u_mac_rx/u_crc/stat_crc_err[0]_i_1/O
                         net (fo=32, routed)          0.491     8.380    u_mac_rx/u_crc_n_131
    SLICE_X76Y29         FDCE                                         r  u_mac_rx/stat_crc_err_reg[28]/CE
  -------------------------------------------------------------------    -------------------

                         (clock rxoutclk_out[0]_3 rise edge)
                                                      6.400     6.400 r  
    GTYE4_CHANNEL_X0Y5   GTYE4_CHANNEL                0.000     6.400 r  u_pcs/inst/i_pcs64_gt_1/inst/gen_gtwizard_gtye4_top.pcs64_gt_1_gtwizard_gtye4_inst/gen_gtwizard_gtye4.gen_channel_container[1].gen_enabled_channel.gtye4_channel_wrapper_inst/channel_inst/gtye4_channel_gen.gen_gtye4_channel_inst[0].GTYE4_CHANNEL_PRIM_INST/RXOUTCLK
                         net (fo=2, routed)           0.083     6.483    u_pcs/inst/i_core_gtwiz_userclk_rx_inst_1/rxoutclk_out[0]
    BUFG_GT_X0Y41        BUFG_GT (Prop_BUFG_GT_I_O)
                                                      0.122     6.605 r  u_pcs/inst/i_core_gtwiz_userclk_rx_inst_1/gen_gtwiz_userclk_rx_main.bufg_gt_usrclk_inst/O
    X1Y0 (CLOCK_ROOT)    net (fo=3657, routed)        1.971     8.576    u_mac_rx/rx_clk_out_1
    SLICE_X76Y29         FDCE                                         r  u_mac_rx/stat_crc_err_reg[28]/C
                         clock pessimism              0.174     8.750    
                         clock uncertainty           -0.046     8.704    
    SLICE_X76Y29         FDCE (Setup_EFF_SLICEL_C_CE)
                                                     -0.043     8.661    u_mac_rx/stat_crc_err_reg[28]
  -------------------------------------------------------------------
                         required time                          8.661    
                         arrival time                          -8.380    
  -------------------------------------------------------------------
                         slack                                  0.281    





Min Delay Paths
--------------------------------------------------------------------------------------
Slack (MET) :             0.010ns  (arrival time - required time)
  Source:                 u_mac_rx/u_fifo/dout_reg[14]/C
                            (rising edge-triggered cell FDCE clocked by rxoutclk_out[0]_3  {rise@0.000ns fall@3.200ns period=6.400ns})
  Destination:            u_rxcdc/mem_reg_0_63_14_20/RAMA/I
                            (rising edge-triggered cell RAMD64E clocked by rxoutclk_out[0]_3  {rise@0.000ns fall@3.200ns period=6.400ns})
  Path Group:             rxoutclk_out[0]_3
  Path Type:              Hold (Min at Slow Process Corner)
  Requirement:            0.000ns  (rxoutclk_out[0]_3 rise@0.000ns - rxoutclk_out[0]_3 rise@0.000ns)
  Data Path Delay:        0.240ns  (logic 0.070ns (29.217%)  route 0.170ns (70.783%))
  Logic Levels:           0  
  Clock Path Skew:        0.150ns (DCD - SCD - CPR)
    Destination Clock Delay (DCD):    2.461ns
    Source Clock Delay      (SCD):    2.136ns
    Clock Pessimism Removal (CPR):    0.175ns
  Clock Net Delay (Source):      1.931ns (routing 1.069ns, distribution 0.862ns)
  Clock Net Delay (Destination): 2.232ns (routing 1.174ns, distribution 1.058ns)

    Location             Delay type                Incr(ns)  Path(ns)    Netlist Resource(s)
  -------------------------------------------------------------------    -------------------
                         (clock rxoutclk_out[0]_3 rise edge)
                                                      0.000     0.000 r  
    GTYE4_CHANNEL_X0Y5   GTYE4_CHANNEL                0.000     0.000 r  u_pcs/inst/i_pcs64_gt_1/inst/gen_gtwizard_gtye4_top.pcs64_gt_1_gtwizard_gtye4_inst/gen_gtwizard_gtye4.gen_channel_container[1].gen_enabled_channel.gtye4_channel_wrapper_inst/channel_inst/gtye4_channel_gen.gen_gtye4_channel_inst[0].GTYE4_CHANNEL_PRIM_INST/RXOUTCLK
                         net (fo=2, routed)           0.083     0.083    u_pcs/inst/i_core_gtwiz_userclk_rx_inst_1/rxoutclk_out[0]
    BUFG_GT_X0Y41        BUFG_GT (Prop_BUFG_GT_I_O)
                                                      0.122     0.205 r  u_pcs/inst/i_core_gtwiz_userclk_rx_inst_1/gen_gtwiz_userclk_rx_main.bufg_gt_usrclk_inst/O
    X1Y0 (CLOCK_ROOT)    net (fo=3657, routed)        1.931     2.136    u_mac_rx/u_fifo/rx_clk_out_1
    SLICE_X60Y9          FDCE                                         r  u_mac_rx/u_fifo/dout_reg[14]/C
  -------------------------------------------------------------------    -------------------
    SLICE_X60Y9          FDCE (Prop_HFF_SLICEL_C_Q)
                                                      0.070     2.206 r  u_mac_rx/u_fifo/dout_reg[14]/Q
                         net (fo=4, routed)           0.170     2.376    u_rxcdc/mem_reg_0_63_14_20/DIA
    SLICE_X58Y9          RAMD64E                                      r  u_rxcdc/mem_reg_0_63_14_20/RAMA/I
  -------------------------------------------------------------------    -------------------

                         (clock rxoutclk_out[0]_3 rise edge)
                                                      0.000     0.000 r  
    GTYE4_CHANNEL_X0Y5   GTYE4_CHANNEL                0.000     0.000 r  u_pcs/inst/i_pcs64_gt_1/inst/gen_gtwizard_gtye4_top.pcs64_gt_1_gtwizard_gtye4_inst/gen_gtwizard_gtye4.gen_channel_container[1].gen_enabled_channel.gtye4_channel_wrapper_inst/channel_inst/gtye4_channel_gen.gen_gtye4_channel_inst[0].GTYE4_CHANNEL_PRIM_INST/RXOUTCLK
                         net (fo=2, routed)           0.090     0.090    u_pcs/inst/i_core_gtwiz_userclk_rx_inst_1/rxoutclk_out[0]
    BUFG_GT_X0Y41        BUFG_GT (Prop_BUFG_GT_I_O)
                                                      0.139     0.229 r  u_pcs/inst/i_core_gtwiz_userclk_rx_inst_1/gen_gtwiz_userclk_rx_main.bufg_gt_usrclk_inst/O
    X1Y0 (CLOCK_ROOT)    net (fo=3657, routed)        2.232     2.461    u_rxcdc/mem_reg_0_63_14_20/WCLK
    SLICE_X58Y9          RAMD64E                                      r  u_rxcdc/mem_reg_0_63_14_20/RAMA/CLK
                         clock pessimism             -0.175     2.286    
    SLICE_X58Y9          RAMD64E (Hold_A6LUT_SLICEM_CLK_I)
                                                      0.079     2.365    u_rxcdc/mem_reg_0_63_14_20/RAMA
  -------------------------------------------------------------------
                         required time                         -2.365    
                         arrival time                           2.376    
  -------------------------------------------------------------------
                         slack                                  0.010    





Pulse Width Checks
--------------------------------------------------------------------------------------
Clock Name:         rxoutclk_out[0]_3
Waveform(ns):       { 0.000 3.200 }
Period(ns):         6.400
Sources:            { u_pcs/inst/i_pcs64_gt_1/inst/gen_gtwizard_gtye4_top.pcs64_gt_1_gtwizard_gtye4_inst/gen_gtwizard_gtye4.gen_channel_container[1].gen_enabled_channel.gtye4_channel_wrapper_inst/channel_inst/gtye4_channel_gen.gen_gtye4_channel_inst[0].GTYE4_CHANNEL_PRIM_INST/RXOUTCLK }

Check Type        Corner  Lib Pin                 Reference Pin            Required(ns)  Actual(ns)  Slack(ns)  Location            Pin
Min Period        n/a     GTYE4_CHANNEL/RXUSRCLK  n/a                      2.482         6.400       3.918      GTYE4_CHANNEL_X0Y5  u_pcs/inst/i_pcs64_gt_1/inst/gen_gtwizard_gtye4_top.pcs64_gt_1_gtwizard_gtye4_inst/gen_gtwizard_gtye4.gen_channel_container[1].gen_enabled_channel.gtye4_channel_wrapper_inst/channel_inst/gtye4_channel_gen.gen_gtye4_channel_inst[0].GTYE4_CHANNEL_PRIM_INST/RXUSRCLK
Low Pulse Width   Slow    GTYE4_CHANNEL/RXUSRCLK  n/a                      1.117         3.200       2.083      GTYE4_CHANNEL_X0Y5  u_pcs/inst/i_pcs64_gt_1/inst/gen_gtwizard_gtye4_top.pcs64_gt_1_gtwizard_gtye4_inst/gen_gtwizard_gtye4.gen_channel_container[1].gen_enabled_channel.gtye4_channel_wrapper_inst/channel_inst/gtye4_channel_gen.gen_gtye4_channel_inst[0].GTYE4_CHANNEL_PRIM_INST/RXUSRCLK
High Pulse Width  Slow    GTYE4_CHANNEL/RXUSRCLK  n/a                      1.117         3.200       2.083      GTYE4_CHANNEL_X0Y5  u_pcs/inst/i_pcs64_gt_1/inst/gen_gtwizard_gtye4_top.pcs64_gt_1_gtwizard_gtye4_inst/gen_gtwizard_gtye4.gen_channel_container[1].gen_enabled_channel.gtye4_channel_wrapper_inst/channel_inst/gtye4_channel_gen.gen_gtye4_channel_inst[0].GTYE4_CHANNEL_PRIM_INST/RXUSRCLK
Max Skew          Fast    GTYE4_CHANNEL/RXUSRCLK  GTYE4_CHANNEL/RXUSRCLK2  0.525         0.011       0.514      GTYE4_CHANNEL_X0Y5  u_pcs/inst/i_pcs64_gt_1/inst/gen_gtwizard_gtye4_top.pcs64_gt_1_gtwizard_gtye4_inst/gen_gtwizard_gtye4.gen_channel_container[1].gen_enabled_channel.gtye4_channel_wrapper_inst/channel_inst/gtye4_channel_gen.gen_gtye4_channel_inst[0].GTYE4_CHANNEL_PRIM_INST/RXUSRCLK



---------------------------------------------------------------------------------------------------
From Clock:  txoutclk_out[0]_2
  To Clock:  txoutclk_out[0]_2

Setup :            0  Failing Endpoints,  Worst Slack        3.129ns,  Total Violation        0.000ns
Hold  :            0  Failing Endpoints,  Worst Slack        0.011ns,  Total Violation        0.000ns
PW    :            0  Failing Endpoints,  Worst Slack        0.618ns,  Total Violation        0.000ns
---------------------------------------------------------------------------------------------------


Max Delay Paths
--------------------------------------------------------------------------------------
Slack (MET) :             3.129ns  (required time - arrival time)
  Source:                 wrapper_p4/pcs64/pcs64_wrapper/pcs64_top/<hidden>/<hidden>/<hidden>/<hidden>
                            (rising edge-triggered cell FDRE clocked by txoutclk_out[0]_2  {rise@0.000ns fall@3.200ns period=6.400ns})
  Destination:            wrapper_p4/pcs64/pcs64_wrapper/pcs64_top/<hidden>/<hidden>/<hidden>/<hidden>
                            (rising edge-triggered cell FDRE clocked by txoutclk_out[0]_2  {rise@0.000ns fall@3.200ns period=6.400ns})
  Path Group:             txoutclk_out[0]_2
  Path Type:              Setup (Max at Slow Process Corner)
  Requirement:            6.400ns  (txoutclk_out[0]_2 rise@6.400ns - txoutclk_out[0]_2 rise@0.000ns)
  Data Path Delay:        3.145ns  (logic 0.898ns (28.553%)  route 2.247ns (71.447%))
  Logic Levels:           5  (LUT4=1 LUT5=1 LUT6=3)
  Clock Path Skew:        -0.106ns (DCD - SCD + CPR)
    Destination Clock Delay (DCD):    0.718ns = ( 7.118 - 6.400 ) 
    Source Clock Delay      (SCD):    0.856ns
    Clock Pessimism Removal (CPR):    0.032ns
  Clock Uncertainty:      0.046ns  ((TSJ^2 + DJ^2)^1/2) / 2 + PE
    Total System Jitter     (TSJ):    0.071ns
    Discrete Jitter          (DJ):    0.060ns
    Phase Error              (PE):    0.000ns
  Clock Net Delay (Source):      0.627ns (routing 0.002ns, distribution 0.625ns)
  Clock Net Delay (Destination): 0.514ns (routing 0.001ns, distribution 0.513ns)

    Location             Delay type                Incr(ns)  Path(ns)    Netlist Resource(s)
  -------------------------------------------------------------------    -------------------
                         (clock txoutclk_out[0]_2 rise edge)
                                                      0.000     0.000 r  
    GTYE4_CHANNEL_X0Y4   GTYE4_CHANNEL                0.000     0.000 r  u_pcs/inst/i_pcs64_gt/inst/gen_gtwizard_gtye4_top.pcs64_gt_gtwizard_gtye4_inst/gen_gtwizard_gtye4.gen_channel_container[1].gen_enabled_channel.gtye4_channel_wrapper_inst/channel_inst/gtye4_channel_gen.gen_gtye4_channel_inst[0].GTYE4_CHANNEL_PRIM_INST/TXOUTCLK
                         net (fo=2, routed)           0.090     0.090    u_pcs/inst/i_core_gtwiz_userclk_tx_inst_0/txoutclk_out[0]
    BUFG_GT_X0Y25        BUFG_GT (Prop_BUFG_GT_I_O)
                                                      0.139     0.229 r  u_pcs/inst/i_core_gtwiz_userclk_tx_inst_0/gen_gtwiz_userclk_tx_main.bufg_gt_usrclk_inst/O
    X3Y1 (CLOCK_ROOT)    net (fo=579, routed)         0.627     0.856    wrapper_p4/pcs64/pcs64_wrapper/pcs64_top/<hidden>/<hidden>/<hidden>/<hidden>
    SLICE_X109Y97        FDRE                                         r  wrapper_p4/pcs64/pcs64_wrapper/pcs64_top/<hidden>/<hidden>/<hidden>/<hidden>
  -------------------------------------------------------------------    -------------------
    SLICE_X109Y97        FDRE (Prop_BFF_SLICEM_C_Q)
                                                      0.095     0.951 r  wrapper_p4/pcs64/pcs64_wrapper/pcs64_top/<hidden>/<hidden>/<hidden>/<hidden>
                         net (fo=5, routed)           0.653     1.604    wrapper_p4/pcs64/pcs64_wrapper/pcs64_top/<hidden>/<hidden>/<hidden>/<hidden>
    SLICE_X108Y92        LUT5 (Prop_D5LUT_SLICEL_I0_O)
                                                      0.164     1.768 r  wrapper_p4/pcs64/pcs64_wrapper/pcs64_top/<hidden>/<hidden>/<hidden>/<hidden>
                         net (fo=4, routed)           0.213     1.981    wrapper_p4/pcs64/pcs64_wrapper/pcs64_top/<hidden>/<hidden>/<hidden>/<hidden>
    SLICE_X107Y93        LUT6 (Prop_C6LUT_SLICEM_I1_O)
                                                      0.174     2.155 r  wrapper_p4/pcs64/pcs64_wrapper/pcs64_top/<hidden>/<hidden>/<hidden>/<hidden>
                         net (fo=1, routed)           0.267     2.422    wrapper_p4/pcs64/pcs64_wrapper/pcs64_top/<hidden>/<hidden>/<hidden>/<hidden>
    SLICE_X106Y91        LUT6 (Prop_F6LUT_SLICEM_I5_O)
                                                      0.113     2.535 r  wrapper_p4/pcs64/pcs64_wrapper/pcs64_top/<hidden>/<hidden>/<hidden>/<hidden>
                         net (fo=24, routed)          0.776     3.311    wrapper_p4/pcs64/pcs64_wrapper/pcs64_top/<hidden>/<hidden>/<hidden>/<hidden>
    SLICE_X111Y90        LUT6 (Prop_G6LUT_SLICEL_I5_O)
                                                      0.178     3.489 r  wrapper_p4/pcs64/pcs64_wrapper/pcs64_top/<hidden>/<hidden>/<hidden>/<hidden>
                         net (fo=1, routed)           0.280     3.769    wrapper_p4/pcs64/pcs64_wrapper/pcs64_top/<hidden>/<hidden>/<hidden>/<hidden>
    SLICE_X111Y90        LUT4 (Prop_D6LUT_SLICEL_I0_O)
                                                      0.174     3.943 r  wrapper_p4/pcs64/pcs64_wrapper/pcs64_top/<hidden>/<hidden>/<hidden>/<hidden>
                         net (fo=1, routed)           0.058     4.001    wrapper_p4/pcs64/pcs64_wrapper/pcs64_top/<hidden>/<hidden>/<hidden>/<hidden>
    SLICE_X111Y90        FDRE                                         r  wrapper_p4/pcs64/pcs64_wrapper/pcs64_top/<hidden>/<hidden>/<hidden>/<hidden>
  -------------------------------------------------------------------    -------------------

                         (clock txoutclk_out[0]_2 rise edge)
                                                      6.400     6.400 r  
    GTYE4_CHANNEL_X0Y4   GTYE4_CHANNEL                0.000     6.400 r  u_pcs/inst/i_pcs64_gt/inst/gen_gtwizard_gtye4_top.pcs64_gt_gtwizard_gtye4_inst/gen_gtwizard_gtye4.gen_channel_container[1].gen_enabled_channel.gtye4_channel_wrapper_inst/channel_inst/gtye4_channel_gen.gen_gtye4_channel_inst[0].GTYE4_CHANNEL_PRIM_INST/TXOUTCLK
                         net (fo=2, routed)           0.082     6.482    u_pcs/inst/i_core_gtwiz_userclk_tx_inst_0/txoutclk_out[0]
    BUFG_GT_X0Y25        BUFG_GT (Prop_BUFG_GT_I_O)
                                                      0.122     6.604 r  u_pcs/inst/i_core_gtwiz_userclk_tx_inst_0/gen_gtwiz_userclk_tx_main.bufg_gt_usrclk_inst/O
    X3Y1 (CLOCK_ROOT)    net (fo=579, routed)         0.514     7.118    wrapper_p4/pcs64/pcs64_wrapper/pcs64_top/<hidden>/<hidden>/<hidden>/<hidden>
    SLICE_X111Y90        FDRE                                         r  wrapper_p4/pcs64/pcs64_wrapper/pcs64_top/<hidden>/<hidden>/<hidden>/<hidden>
                         clock pessimism              0.032     7.150    
                         clock uncertainty           -0.046     7.103    
    SLICE_X111Y90        FDRE (Setup_DFF_SLICEL_C_D)
                                                      0.027     7.130    wrapper_p4/pcs64/pcs64_wrapper/pcs64_top/<hidden>/<hidden>/<hidden>/<hidden>
  -------------------------------------------------------------------
                         required time                          7.130    
                         arrival time                          -4.001    
  -------------------------------------------------------------------
                         slack                                  3.129    





Min Delay Paths
--------------------------------------------------------------------------------------
Slack (MET) :             0.011ns  (arrival time - required time)
  Source:                 u_pcs/inst/i_pcs64_tx_64bit_gt_pipeline_serdes_data0_0/data_out_2d_reg[5]/C
                            (rising edge-triggered cell FDRE clocked by txoutclk_out[0]_2  {rise@0.000ns fall@3.200ns period=6.400ns})
  Destination:            u_pcs/inst/i_pcs64_gt/inst/gen_gtwizard_gtye4_top.pcs64_gt_gtwizard_gtye4_inst/gen_gtwizard_gtye4.gen_channel_container[1].gen_enabled_channel.gtye4_channel_wrapper_inst/channel_inst/gtye4_channel_gen.gen_gtye4_channel_inst[0].GTYE4_CHANNEL_PRIM_INST/TXDATA[5]
                            (rising edge-triggered cell GTYE4_CHANNEL clocked by txoutclk_out[0]_2  {rise@0.000ns fall@3.200ns period=6.400ns})
  Path Group:             txoutclk_out[0]_2
  Path Type:              Hold (Min at Slow Process Corner)
  Requirement:            0.000ns  (txoutclk_out[0]_2 rise@0.000ns - txoutclk_out[0]_2 rise@0.000ns)
  Data Path Delay:        0.314ns  (logic 0.073ns (23.248%)  route 0.241ns (76.752%))
  Logic Levels:           0  
  Clock Path Skew:        0.083ns (DCD - SCD - CPR)
    Destination Clock Delay (DCD):    0.853ns
    Source Clock Delay      (SCD):    0.738ns
    Clock Pessimism Removal (CPR):    0.031ns
  Clock Net Delay (Source):      0.534ns (routing 0.001ns, distribution 0.533ns)
  Clock Net Delay (Destination): 0.624ns (routing 0.002ns, distribution 0.622ns)

    Location             Delay type                Incr(ns)  Path(ns)    Netlist Resource(s)
  -------------------------------------------------------------------    -------------------
                         (clock txoutclk_out[0]_2 rise edge)
                                                      0.000     0.000 r  
    GTYE4_CHANNEL_X0Y4   GTYE4_CHANNEL                0.000     0.000 r  u_pcs/inst/i_pcs64_gt/inst/gen_gtwizard_gtye4_top.pcs64_gt_gtwizard_gtye4_inst/gen_gtwizard_gtye4.gen_channel_container[1].gen_enabled_channel.gtye4_channel_wrapper_inst/channel_inst/gtye4_channel_gen.gen_gtye4_channel_inst[0].GTYE4_CHANNEL_PRIM_INST/TXOUTCLK
                         net (fo=2, routed)           0.082     0.082    u_pcs/inst/i_core_gtwiz_userclk_tx_inst_0/txoutclk_out[0]
    BUFG_GT_X0Y25        BUFG_GT (Prop_BUFG_GT_I_O)
                                                      0.122     0.204 r  u_pcs/inst/i_core_gtwiz_userclk_tx_inst_0/gen_gtwiz_userclk_tx_main.bufg_gt_usrclk_inst/O
    X3Y1 (CLOCK_ROOT)    net (fo=579, routed)         0.534     0.738    u_pcs/inst/i_pcs64_tx_64bit_gt_pipeline_serdes_data0_0/CLK
    SLICE_X111Y71        FDRE                                         r  u_pcs/inst/i_pcs64_tx_64bit_gt_pipeline_serdes_data0_0/data_out_2d_reg[5]/C
  -------------------------------------------------------------------    -------------------
    SLICE_X111Y71        FDRE (Prop_DFF2_SLICEL_C_Q)
                                                      0.073     0.811 r  u_pcs/inst/i_pcs64_tx_64bit_gt_pipeline_serdes_data0_0/data_out_2d_reg[5]/Q
                         net (fo=1, routed)           0.241     1.052    u_pcs/inst/i_pcs64_gt/inst/gen_gtwizard_gtye4_top.pcs64_gt_gtwizard_gtye4_inst/gen_gtwizard_gtye4.gen_channel_container[1].gen_enabled_channel.gtye4_channel_wrapper_inst/channel_inst/txdata_in[5]
    GTYE4_CHANNEL_X0Y4   GTYE4_CHANNEL                                r  u_pcs/inst/i_pcs64_gt/inst/gen_gtwizard_gtye4_top.pcs64_gt_gtwizard_gtye4_inst/gen_gtwizard_gtye4.gen_channel_container[1].gen_enabled_channel.gtye4_channel_wrapper_inst/channel_inst/gtye4_channel_gen.gen_gtye4_channel_inst[0].GTYE4_CHANNEL_PRIM_INST/TXDATA[5]
  -------------------------------------------------------------------    -------------------

                         (clock txoutclk_out[0]_2 rise edge)
                                                      0.000     0.000 r  
    GTYE4_CHANNEL_X0Y4   GTYE4_CHANNEL                0.000     0.000 r  u_pcs/inst/i_pcs64_gt/inst/gen_gtwizard_gtye4_top.pcs64_gt_gtwizard_gtye4_inst/gen_gtwizard_gtye4.gen_channel_container[1].gen_enabled_channel.gtye4_channel_wrapper_inst/channel_inst/gtye4_channel_gen.gen_gtye4_channel_inst[0].GTYE4_CHANNEL_PRIM_INST/TXOUTCLK
                         net (fo=2, routed)           0.090     0.090    u_pcs/inst/i_core_gtwiz_userclk_tx_inst_0/txoutclk_out[0]
    BUFG_GT_X0Y25        BUFG_GT (Prop_BUFG_GT_I_O)
                                                      0.139     0.229 r  u_pcs/inst/i_core_gtwiz_userclk_tx_inst_0/gen_gtwiz_userclk_tx_main.bufg_gt_usrclk_inst/O
    X3Y1 (CLOCK_ROOT)    net (fo=579, routed)         0.624     0.853    u_pcs/inst/i_pcs64_gt/inst/gen_gtwizard_gtye4_top.pcs64_gt_gtwizard_gtye4_inst/gen_gtwizard_gtye4.gen_channel_container[1].gen_enabled_channel.gtye4_channel_wrapper_inst/channel_inst/txusrclk_in[0]
    GTYE4_CHANNEL_X0Y4   GTYE4_CHANNEL                                r  u_pcs/inst/i_pcs64_gt/inst/gen_gtwizard_gtye4_top.pcs64_gt_gtwizard_gtye4_inst/gen_gtwizard_gtye4.gen_channel_container[1].gen_enabled_channel.gtye4_channel_wrapper_inst/channel_inst/gtye4_channel_gen.gen_gtye4_channel_inst[0].GTYE4_CHANNEL_PRIM_INST/TXUSRCLK2
                         clock pessimism             -0.031     0.822    
    GTYE4_CHANNEL_X0Y4   GTYE4_CHANNEL (Hold_GTYE4_CHANNEL_TXUSRCLK2_TXDATA[5])
                                                      0.220     1.042    u_pcs/inst/i_pcs64_gt/inst/gen_gtwizard_gtye4_top.pcs64_gt_gtwizard_gtye4_inst/gen_gtwizard_gtye4.gen_channel_container[1].gen_enabled_channel.gtye4_channel_wrapper_inst/channel_inst/gtye4_channel_gen.gen_gtye4_channel_inst[0].GTYE4_CHANNEL_PRIM_INST
  -------------------------------------------------------------------
                         required time                         -1.042    
                         arrival time                           1.052    
  -------------------------------------------------------------------
                         slack                                  0.011    





Pulse Width Checks
--------------------------------------------------------------------------------------
Clock Name:         txoutclk_out[0]_2
Waveform(ns):       { 0.000 3.200 }
Period(ns):         6.400
Sources:            { u_pcs/inst/i_pcs64_gt/inst/gen_gtwizard_gtye4_top.pcs64_gt_gtwizard_gtye4_inst/gen_gtwizard_gtye4.gen_channel_container[1].gen_enabled_channel.gtye4_channel_wrapper_inst/channel_inst/gtye4_channel_gen.gen_gtye4_channel_inst[0].GTYE4_CHANNEL_PRIM_INST/TXOUTCLK }

Check Type        Corner  Lib Pin                 Reference Pin            Required(ns)  Actual(ns)  Slack(ns)  Location            Pin
Min Period        n/a     GTYE4_CHANNEL/TXUSRCLK  n/a                      2.482         6.400       3.918      GTYE4_CHANNEL_X0Y4  u_pcs/inst/i_pcs64_gt/inst/gen_gtwizard_gtye4_top.pcs64_gt_gtwizard_gtye4_inst/gen_gtwizard_gtye4.gen_channel_container[1].gen_enabled_channel.gtye4_channel_wrapper_inst/channel_inst/gtye4_channel_gen.gen_gtye4_channel_inst[0].GTYE4_CHANNEL_PRIM_INST/TXUSRCLK
Low Pulse Width   Slow    GTYE4_CHANNEL/TXUSRCLK  n/a                      1.117         3.200       2.083      GTYE4_CHANNEL_X0Y4  u_pcs/inst/i_pcs64_gt/inst/gen_gtwizard_gtye4_top.pcs64_gt_gtwizard_gtye4_inst/gen_gtwizard_gtye4.gen_channel_container[1].gen_enabled_channel.gtye4_channel_wrapper_inst/channel_inst/gtye4_channel_gen.gen_gtye4_channel_inst[0].GTYE4_CHANNEL_PRIM_INST/TXUSRCLK
High Pulse Width  Slow    GTYE4_CHANNEL/TXUSRCLK  n/a                      1.117         3.200       2.083      GTYE4_CHANNEL_X0Y4  u_pcs/inst/i_pcs64_gt/inst/gen_gtwizard_gtye4_top.pcs64_gt_gtwizard_gtye4_inst/gen_gtwizard_gtye4.gen_channel_container[1].gen_enabled_channel.gtye4_channel_wrapper_inst/channel_inst/gtye4_channel_gen.gen_gtye4_channel_inst[0].GTYE4_CHANNEL_PRIM_INST/TXUSRCLK
Max Skew          Fast    GTYE4_CHANNEL/TXUSRCLK  GTYE4_CHANNEL/TXUSRCLK2  0.629         0.011       0.618      GTYE4_CHANNEL_X0Y4  u_pcs/inst/i_pcs64_gt/inst/gen_gtwizard_gtye4_top.pcs64_gt_gtwizard_gtye4_inst/gen_gtwizard_gtye4.gen_channel_container[1].gen_enabled_channel.gtye4_channel_wrapper_inst/channel_inst/gtye4_channel_gen.gen_gtye4_channel_inst[0].GTYE4_CHANNEL_PRIM_INST/TXUSRCLK



---------------------------------------------------------------------------------------------------
From Clock:  txoutclk_out[0]_3
  To Clock:  txoutclk_out[0]_3

Setup :            0  Failing Endpoints,  Worst Slack        0.523ns,  Total Violation        0.000ns
Hold  :            0  Failing Endpoints,  Worst Slack        0.012ns,  Total Violation        0.000ns
PW    :            0  Failing Endpoints,  Worst Slack        0.618ns,  Total Violation        0.000ns
---------------------------------------------------------------------------------------------------


Max Delay Paths
--------------------------------------------------------------------------------------
Slack (MET) :             0.523ns  (required time - arrival time)
  Source:                 u_mac_tx/cw_len_reg[1]/C
                            (rising edge-triggered cell FDCE clocked by txoutclk_out[0]_3  {rise@0.000ns fall@3.200ns period=6.400ns})
  Destination:            wrapper_p4/pcs64/pcs64_wrapper/pcs64_top_24/<hidden>/<hidden>/<hidden>/<hidden>
                            (rising edge-triggered cell FDRE clocked by txoutclk_out[0]_3  {rise@0.000ns fall@3.200ns period=6.400ns})
  Path Group:             txoutclk_out[0]_3
  Path Type:              Setup (Max at Slow Process Corner)
  Requirement:            6.400ns  (txoutclk_out[0]_3 rise@6.400ns - txoutclk_out[0]_3 rise@0.000ns)
  Data Path Delay:        5.846ns  (logic 1.942ns (33.218%)  route 3.904ns (66.782%))
  Logic Levels:           15  (LUT3=1 LUT5=4 LUT6=9 MUXF7=1)
  Clock Path Skew:        -0.011ns (DCD - SCD + CPR)
    Destination Clock Delay (DCD):    2.127ns = ( 8.527 - 6.400 ) 
    Source Clock Delay      (SCD):    2.307ns
    Clock Pessimism Removal (CPR):    0.168ns
  Clock Uncertainty:      0.046ns  ((TSJ^2 + DJ^2)^1/2) / 2 + PE
    Total System Jitter     (TSJ):    0.071ns
    Discrete Jitter          (DJ):    0.060ns
    Phase Error              (PE):    0.000ns
  Clock Net Delay (Source):      2.078ns (routing 1.173ns, distribution 0.905ns)
  Clock Net Delay (Destination): 1.923ns (routing 1.071ns, distribution 0.852ns)

    Location             Delay type                Incr(ns)  Path(ns)    Netlist Resource(s)
  -------------------------------------------------------------------    -------------------
                         (clock txoutclk_out[0]_3 rise edge)
                                                      0.000     0.000 r  
    GTYE4_CHANNEL_X0Y5   GTYE4_CHANNEL                0.000     0.000 r  u_pcs/inst/i_pcs64_gt_1/inst/gen_gtwizard_gtye4_top.pcs64_gt_1_gtwizard_gtye4_inst/gen_gtwizard_gtye4.gen_channel_container[1].gen_enabled_channel.gtye4_channel_wrapper_inst/channel_inst/gtye4_channel_gen.gen_gtye4_channel_inst[0].GTYE4_CHANNEL_PRIM_INST/TXOUTCLK
                         net (fo=2, routed)           0.090     0.090    u_pcs/inst/i_core_gtwiz_userclk_tx_inst_1/txoutclk_out[0]
    BUFG_GT_X0Y39        BUFG_GT (Prop_BUFG_GT_I_O)
                                                      0.139     0.229 r  u_pcs/inst/i_core_gtwiz_userclk_tx_inst_1/gen_gtwiz_userclk_tx_main.bufg_gt_usrclk_inst/O
    X1Y0 (CLOCK_ROOT)    net (fo=1242, routed)        2.078     2.307    u_mac_tx/tx_mii_clk_1
    SLICE_X49Y40         FDCE                                         r  u_mac_tx/cw_len_reg[1]/C
  -------------------------------------------------------------------    -------------------
    SLICE_X49Y40         FDCE (Prop_DFF2_SLICEM_C_Q)
                                                      0.098     2.405 f  u_mac_tx/cw_len_reg[1]/Q
                         net (fo=72, routed)          0.189     2.593    u_mac_tx/u_crc/rptr_reg[4][1]
    SLICE_X48Y39         LUT6 (Prop_D6LUT_SLICEL_I3_O)
                                                      0.147     2.740 r  u_mac_tx/u_crc/u_pcs_i_492/O
                         net (fo=5, routed)           0.128     2.868    u_mac_tx/u_crc/padrem_reg[2]_1
    SLICE_X48Y39         LUT6 (Prop_G6LUT_SLICEL_I3_O)
                                                      0.063     2.931 r  u_mac_tx/u_crc/u_pcs_i_260/O
                         net (fo=90, routed)          0.309     3.240    u_mac_tx/u_crc/cw_len_reg[0]
    SLICE_X51Y39         LUT6 (Prop_G6LUT_SLICEL_I2_O)
                                                      0.114     3.354 r  u_mac_tx/u_crc/crc[31]_i_90/O
                         net (fo=9, routed)           0.293     3.647    u_mac_tx/u_crc/crc[31]_i_90_n_53
    SLICE_X55Y35         LUT5 (Prop_G6LUT_SLICEM_I3_O)
                                                      0.148     3.795 r  u_mac_tx/u_crc/crc[21]_i_17/O
                         net (fo=38, routed)          0.619     4.413    u_mac_tx/u_crc/crc[21]_i_17_n_53
    SLICE_X60Y27         LUT3 (Prop_F6LUT_SLICEL_I2_O)
                                                      0.098     4.511 r  u_mac_tx/u_crc/crc[19]_i_24/O
                         net (fo=7, routed)           0.488     4.999    u_mac_tx/u_crc/crc[19]_i_24_n_53
    SLICE_X53Y24         LUT6 (Prop_D6LUT_SLICEM_I5_O)
                                                      0.147     5.146 r  u_mac_tx/u_crc/crc[13]_i_9/O
                         net (fo=1, routed)           0.120     5.266    u_mac_tx/u_crc/crc[13]_i_9_n_53
    SLICE_X53Y25         LUT6 (Prop_D6LUT_SLICEM_I0_O)
                                                      0.174     5.440 r  u_mac_tx/u_crc/crc[13]_i_4/O
                         net (fo=1, routed)           0.027     5.467    u_mac_tx/u_crc/crc[13]_i_4_n_53
    SLICE_X53Y25         MUXF7 (Prop_F7MUX_CD_SLICEM_I0_O)
                                                      0.090     5.557 r  u_mac_tx/u_crc/crc_reg[13]_i_2/O
                         net (fo=1, routed)           0.410     5.967    u_mac_tx/u_crc/crc_reg[13]_i_2_n_53
    SLICE_X54Y34         LUT6 (Prop_H6LUT_SLICEL_I3_O)
                                                      0.179     6.146 r  u_mac_tx/u_crc/crc[13]_i_1/O
                         net (fo=12, routed)          0.432     6.578    u_mac_tx/u_crc/crc_nxt[13]
    SLICE_X57Y39         LUT6 (Prop_H6LUT_SLICEL_I5_O)
                                                      0.100     6.678 r  u_mac_tx/u_crc/u_pcs_i_279/O
                         net (fo=2, routed)           0.059     6.737    u_mac_tx/u_crc/u_pcs_i_279_n_53
    SLICE_X57Y39         LUT6 (Prop_C6LUT_SLICEL_I3_O)
                                                      0.148     6.885 r  u_mac_tx/u_crc/u_pcs_i_80/O
                         net (fo=1, routed)           0.115     7.000    u_mac_tx/u_crc/u_pcs_i_80_n_53
    SLICE_X57Y39         LUT5 (Prop_E6LUT_SLICEL_I1_O)
                                                      0.148     7.148 f  u_mac_tx/u_crc/u_pcs_i_3/O
                         net (fo=13, routed)          0.352     7.500    wrapper_p4/pcs64/pcs64_wrapper/pcs64_top_24/<hidden>/<hidden>/<hidden>/<hidden>
    SLICE_X58Y45         LUT6 (Prop_F6LUT_SLICEM_I5_O)
                                                      0.148     7.648 r  wrapper_p4/pcs64/pcs64_wrapper/pcs64_top_24/<hidden>/<hidden>/<hidden>/<hidden>
                         net (fo=1, routed)           0.199     7.847    wrapper_p4/pcs64/pcs64_wrapper/pcs64_top_24/<hidden>/<hidden>/<hidden>/<hidden>
    SLICE_X57Y45         LUT5 (Prop_B6LUT_SLICEL_I3_O)
                                                      0.040     7.887 r  wrapper_p4/pcs64/pcs64_wrapper/pcs64_top_24/<hidden>/<hidden>/<hidden>/<hidden>
                         net (fo=2, routed)           0.107     7.995    wrapper_p4/pcs64/pcs64_wrapper/pcs64_top_24/<hidden>/<hidden>/<hidden>/<hidden>
    SLICE_X57Y44         LUT5 (Prop_B6LUT_SLICEL_I0_O)
                                                      0.100     8.095 r  wrapper_p4/pcs64/pcs64_wrapper/pcs64_top_24/<hidden>/<hidden>/<hidden>/<hidden>
                         net (fo=1, routed)           0.058     8.153    wrapper_p4/pcs64/pcs64_wrapper/pcs64_top_24/<hidden>/<hidden>/<hidden>/<hidden>
    SLICE_X57Y44         FDRE                                         r  wrapper_p4/pcs64/pcs64_wrapper/pcs64_top_24/<hidden>/<hidden>/<hidden>/<hidden>
  -------------------------------------------------------------------    -------------------

                         (clock txoutclk_out[0]_3 rise edge)
                                                      6.400     6.400 r  
    GTYE4_CHANNEL_X0Y5   GTYE4_CHANNEL                0.000     6.400 r  u_pcs/inst/i_pcs64_gt_1/inst/gen_gtwizard_gtye4_top.pcs64_gt_1_gtwizard_gtye4_inst/gen_gtwizard_gtye4.gen_channel_container[1].gen_enabled_channel.gtye4_channel_wrapper_inst/channel_inst/gtye4_channel_gen.gen_gtye4_channel_inst[0].GTYE4_CHANNEL_PRIM_INST/TXOUTCLK
                         net (fo=2, routed)           0.082     6.482    u_pcs/inst/i_core_gtwiz_userclk_tx_inst_1/txoutclk_out[0]
    BUFG_GT_X0Y39        BUFG_GT (Prop_BUFG_GT_I_O)
                                                      0.122     6.604 r  u_pcs/inst/i_core_gtwiz_userclk_tx_inst_1/gen_gtwiz_userclk_tx_main.bufg_gt_usrclk_inst/O
    X1Y0 (CLOCK_ROOT)    net (fo=1242, routed)        1.923     8.527    wrapper_p4/pcs64/pcs64_wrapper/pcs64_top_24/<hidden>/<hidden>/<hidden>/<hidden>
    SLICE_X57Y44         FDRE                                         r  wrapper_p4/pcs64/pcs64_wrapper/pcs64_top_24/<hidden>/<hidden>/<hidden>/<hidden>
                         clock pessimism              0.168     8.695    
                         clock uncertainty           -0.046     8.649    
    SLICE_X57Y44         FDRE (Setup_BFF_SLICEL_C_D)
                                                      0.027     8.676    wrapper_p4/pcs64/pcs64_wrapper/pcs64_top_24/<hidden>/<hidden>/<hidden>/<hidden>
  -------------------------------------------------------------------
                         required time                          8.676    
                         arrival time                          -8.153    
  -------------------------------------------------------------------
                         slack                                  0.523    





Min Delay Paths
--------------------------------------------------------------------------------------
Slack (MET) :             0.012ns  (arrival time - required time)
  Source:                 wrapper_p4/pcs64/pcs64_wrapper/pcs64_top_24/<hidden>/<hidden>/<hidden>/<hidden>
                            (rising edge-triggered cell FDRE clocked by txoutclk_out[0]_3  {rise@0.000ns fall@3.200ns period=6.400ns})
  Destination:            u_pcs/inst/i_pcs64_tx_64bit_gt_pipeline_serdes_data0_1/data_out_1d_reg[13]/D
                            (rising edge-triggered cell FDRE clocked by txoutclk_out[0]_3  {rise@0.000ns fall@3.200ns period=6.400ns})
  Path Group:             txoutclk_out[0]_3
  Path Type:              Hold (Min at Slow Process Corner)
  Requirement:            0.000ns  (txoutclk_out[0]_3 rise@0.000ns - txoutclk_out[0]_3 rise@0.000ns)
  Data Path Delay:        0.352ns  (logic 0.069ns (19.602%)  route 0.283ns (80.398%))
  Logic Levels:           0  
  Clock Path Skew:        0.287ns (DCD - SCD - CPR)
    Destination Clock Delay (DCD):    2.623ns
    Source Clock Delay      (SCD):    2.209ns
    Clock Pessimism Removal (CPR):    0.127ns
  Clock Net Delay (Source):      2.005ns (routing 1.071ns, distribution 0.934ns)
  Clock Net Delay (Destination): 2.394ns (routing 1.173ns, distribution 1.221ns)

    Location             Delay type                Incr(ns)  Path(ns)    Netlist Resource(s)
  -------------------------------------------------------------------    -------------------
                         (clock txoutclk_out[0]_3 rise edge)
                                                      0.000     0.000 r  
    GTYE4_CHANNEL_X0Y5   GTYE4_CHANNEL                0.000     0.000 r  u_pcs/inst/i_pcs64_gt_1/inst/gen_gtwizard_gtye4_top.pcs64_gt_1_gtwizard_gtye4_inst/gen_gtwizard_gtye4.gen_channel_container[1].gen_enabled_channel.gtye4_channel_wrapper_inst/channel_inst/gtye4_channel_gen.gen_gtye4_channel_inst[0].GTYE4_CHANNEL_PRIM_INST/TXOUTCLK
                         net (fo=2, routed)           0.082     0.082    u_pcs/inst/i_core_gtwiz_userclk_tx_inst_1/txoutclk_out[0]
    BUFG_GT_X0Y39        BUFG_GT (Prop_BUFG_GT_I_O)
                                                      0.122     0.204 r  u_pcs/inst/i_core_gtwiz_userclk_tx_inst_1/gen_gtwiz_userclk_tx_main.bufg_gt_usrclk_inst/O
    X1Y0 (CLOCK_ROOT)    net (fo=1242, routed)        2.005     2.209    wrapper_p4/pcs64/pcs64_wrapper/pcs64_top_24/<hidden>/<hidden>/<hidden>/<hidden>
    SLICE_X81Y51         FDRE                                         r  wrapper_p4/pcs64/pcs64_wrapper/pcs64_top_24/<hidden>/<hidden>/<hidden>/<hidden>
  -------------------------------------------------------------------    -------------------
    SLICE_X81Y51         FDRE (Prop_AFF_SLICEM_C_Q)
                                                      0.069     2.278 r  wrapper_p4/pcs64/pcs64_wrapper/pcs64_top_24/<hidden>/<hidden>/<hidden>/<hidden>
                         net (fo=1, routed)           0.283     2.561    u_pcs/inst/i_pcs64_tx_64bit_gt_pipeline_serdes_data0_1/D[13]
    SLICE_X91Y66         FDRE                                         r  u_pcs/inst/i_pcs64_tx_64bit_gt_pipeline_serdes_data0_1/data_out_1d_reg[13]/D
  -------------------------------------------------------------------    -------------------

                         (clock txoutclk_out[0]_3 rise edge)
                                                      0.000     0.000 r  
    GTYE4_CHANNEL_X0Y5   GTYE4_CHANNEL                0.000     0.000 r  u_pcs/inst/i_pcs64_gt_1/inst/gen_gtwizard_gtye4_top.pcs64_gt_1_gtwizard_gtye4_inst/gen_gtwizard_gtye4.gen_channel_container[1].gen_enabled_channel.gtye4_channel_wrapper_inst/channel_inst/gtye4_channel_gen.gen_gtye4_channel_inst[0].GTYE4_CHANNEL_PRIM_INST/TXOUTCLK
                         net (fo=2, routed)           0.090     0.090    u_pcs/inst/i_core_gtwiz_userclk_tx_inst_1/txoutclk_out[0]
    BUFG_GT_X0Y39        BUFG_GT (Prop_BUFG_GT_I_O)
                                                      0.139     0.229 r  u_pcs/inst/i_core_gtwiz_userclk_tx_inst_1/gen_gtwiz_userclk_tx_main.bufg_gt_usrclk_inst/O
    X1Y0 (CLOCK_ROOT)    net (fo=1242, routed)        2.394     2.623    u_pcs/inst/i_pcs64_tx_64bit_gt_pipeline_serdes_data0_1/CLK
    SLICE_X91Y66         FDRE                                         r  u_pcs/inst/i_pcs64_tx_64bit_gt_pipeline_serdes_data0_1/data_out_1d_reg[13]/C
                         clock pessimism             -0.127     2.496    
    SLICE_X91Y66         FDRE (Hold_EFF_SLICEL_C_D)
                                                      0.053     2.549    u_pcs/inst/i_pcs64_tx_64bit_gt_pipeline_serdes_data0_1/data_out_1d_reg[13]
  -------------------------------------------------------------------
                         required time                         -2.549    
                         arrival time                           2.561    
  -------------------------------------------------------------------
                         slack                                  0.012    





Pulse Width Checks
--------------------------------------------------------------------------------------
Clock Name:         txoutclk_out[0]_3
Waveform(ns):       { 0.000 3.200 }
Period(ns):         6.400
Sources:            { u_pcs/inst/i_pcs64_gt_1/inst/gen_gtwizard_gtye4_top.pcs64_gt_1_gtwizard_gtye4_inst/gen_gtwizard_gtye4.gen_channel_container[1].gen_enabled_channel.gtye4_channel_wrapper_inst/channel_inst/gtye4_channel_gen.gen_gtye4_channel_inst[0].GTYE4_CHANNEL_PRIM_INST/TXOUTCLK }

Check Type        Corner  Lib Pin                 Reference Pin            Required(ns)  Actual(ns)  Slack(ns)  Location            Pin
Min Period        n/a     GTYE4_CHANNEL/TXUSRCLK  n/a                      2.482         6.400       3.918      GTYE4_CHANNEL_X0Y5  u_pcs/inst/i_pcs64_gt_1/inst/gen_gtwizard_gtye4_top.pcs64_gt_1_gtwizard_gtye4_inst/gen_gtwizard_gtye4.gen_channel_container[1].gen_enabled_channel.gtye4_channel_wrapper_inst/channel_inst/gtye4_channel_gen.gen_gtye4_channel_inst[0].GTYE4_CHANNEL_PRIM_INST/TXUSRCLK
Low Pulse Width   Slow    GTYE4_CHANNEL/TXUSRCLK  n/a                      1.117         3.200       2.083      GTYE4_CHANNEL_X0Y5  u_pcs/inst/i_pcs64_gt_1/inst/gen_gtwizard_gtye4_top.pcs64_gt_1_gtwizard_gtye4_inst/gen_gtwizard_gtye4.gen_channel_container[1].gen_enabled_channel.gtye4_channel_wrapper_inst/channel_inst/gtye4_channel_gen.gen_gtye4_channel_inst[0].GTYE4_CHANNEL_PRIM_INST/TXUSRCLK
High Pulse Width  Slow    GTYE4_CHANNEL/TXUSRCLK  n/a                      1.117         3.200       2.083      GTYE4_CHANNEL_X0Y5  u_pcs/inst/i_pcs64_gt_1/inst/gen_gtwizard_gtye4_top.pcs64_gt_1_gtwizard_gtye4_inst/gen_gtwizard_gtye4.gen_channel_container[1].gen_enabled_channel.gtye4_channel_wrapper_inst/channel_inst/gtye4_channel_gen.gen_gtye4_channel_inst[0].GTYE4_CHANNEL_PRIM_INST/TXUSRCLK
Max Skew          Fast    GTYE4_CHANNEL/TXUSRCLK  GTYE4_CHANNEL/TXUSRCLK2  0.629         0.011       0.618      GTYE4_CHANNEL_X0Y5  u_pcs/inst/i_pcs64_gt_1/inst/gen_gtwizard_gtye4_top.pcs64_gt_1_gtwizard_gtye4_inst/gen_gtwizard_gtye4.gen_channel_container[1].gen_enabled_channel.gtye4_channel_wrapper_inst/channel_inst/gtye4_channel_gen.gen_gtye4_channel_inst[0].GTYE4_CHANNEL_PRIM_INST/TXUSRCLK



---------------------------------------------------------------------------------------------------
From Clock:  txoutclkpcs_out[0]_2
  To Clock:  txoutclkpcs_out[0]_2

Setup :            0  Failing Endpoints,  Worst Slack        4.221ns,  Total Violation        0.000ns
Hold  :            0  Failing Endpoints,  Worst Slack        0.034ns,  Total Violation        0.000ns
PW    :            0  Failing Endpoints,  Worst Slack        2.828ns,  Total Violation        0.000ns
---------------------------------------------------------------------------------------------------


Max Delay Paths
--------------------------------------------------------------------------------------
Slack (MET) :             4.221ns  (required time - arrival time)
  Source:                 u_pcs/inst/i_pcs64_gt/inst/gen_gtwizard_gtye4_top.pcs64_gt_gtwizard_gtye4_inst/gen_gtwizard_gtye4.gen_pwrgood_delay_inst[0].delay_powergood_inst/gen_powergood_delay.int_pwr_on_fsm_reg/C
                            (rising edge-triggered cell FDCE clocked by txoutclkpcs_out[0]_2  {rise@0.000ns fall@3.103ns period=6.206ns})
  Destination:            u_pcs/inst/i_pcs64_gt/inst/gen_gtwizard_gtye4_top.pcs64_gt_gtwizard_gtye4_inst/gen_gtwizard_gtye4.gen_pwrgood_delay_inst[0].delay_powergood_inst/gen_powergood_delay.wait_cnt_reg[1]/CE
                            (rising edge-triggered cell FDRE clocked by txoutclkpcs_out[0]_2  {rise@0.000ns fall@3.103ns period=6.206ns})
  Path Group:             txoutclkpcs_out[0]_2
  Path Type:              Setup (Max at Slow Process Corner)
  Requirement:            6.206ns  (txoutclkpcs_out[0]_2 rise@6.206ns - txoutclkpcs_out[0]_2 rise@0.000ns)
  Data Path Delay:        1.549ns  (logic 0.244ns (15.752%)  route 1.305ns (84.248%))
  Logic Levels:           1  (LUT1=1)
  Clock Path Skew:        -0.348ns (DCD - SCD + CPR)
    Destination Clock Delay (DCD):    0.675ns = ( 6.881 - 6.206 ) 
    Source Clock Delay      (SCD):    1.080ns
    Clock Pessimism Removal (CPR):    0.057ns
  Clock Uncertainty:      0.046ns  ((TSJ^2 + DJ^2)^1/2) / 2 + PE
    Total System Jitter     (TSJ):    0.071ns
    Discrete Jitter          (DJ):    0.060ns
    Phase Error              (PE):    0.000ns

    Location             Delay type                Incr(ns)  Path(ns)    Netlist Resource(s)
  -------------------------------------------------------------------    -------------------
                         (clock txoutclkpcs_out[0]_2 rise edge)
                                                      0.000     0.000 r  
    GTYE4_CHANNEL_X0Y4   GTYE4_CHANNEL                0.000     0.000 r  u_pcs/inst/i_pcs64_gt/inst/gen_gtwizard_gtye4_top.pcs64_gt_gtwizard_gtye4_inst/gen_gtwizard_gtye4.gen_channel_container[1].gen_enabled_channel.gtye4_channel_wrapper_inst/channel_inst/gtye4_channel_gen.gen_gtye4_channel_inst[0].GTYE4_CHANNEL_PRIM_INST/TXOUTCLKPCS
                         net (fo=15, routed)          1.080     1.080    u_pcs/inst/i_pcs64_gt/inst/gen_gtwizard_gtye4_top.pcs64_gt_gtwizard_gtye4_inst/gen_gtwizard_gtye4.gen_pwrgood_delay_inst[0].delay_powergood_inst/txoutclkpcs_out[0]
    SLICE_X106Y114       FDCE                                         r  u_pcs/inst/i_pcs64_gt/inst/gen_gtwizard_gtye4_top.pcs64_gt_gtwizard_gtye4_inst/gen_gtwizard_gtye4.gen_pwrgood_delay_inst[0].delay_powergood_inst/gen_powergood_delay.int_pwr_on_fsm_reg/C
  -------------------------------------------------------------------    -------------------
    SLICE_X106Y114       FDCE (Prop_AFF2_SLICEM_C_Q)
                                                      0.097     1.177 f  u_pcs/inst/i_pcs64_gt/inst/gen_gtwizard_gtye4_top.pcs64_gt_gtwizard_gtye4_inst/gen_gtwizard_gtye4.gen_pwrgood_delay_inst[0].delay_powergood_inst/gen_powergood_delay.int_pwr_on_fsm_reg/Q
                         net (fo=4, routed)           0.734     1.910    u_pcs/inst/i_pcs64_gt/inst/gen_gtwizard_gtye4_top.pcs64_gt_gtwizard_gtye4_inst/gen_gtwizard_gtye4.gen_pwrgood_delay_inst[0].delay_powergood_inst/gen_powergood_delay.int_pwr_on_fsm
    SLICE_X105Y114       LUT1 (Prop_G6LUT_SLICEL_I0_O)
                                                      0.147     2.057 r  u_pcs/inst/i_pcs64_gt/inst/gen_gtwizard_gtye4_top.pcs64_gt_gtwizard_gtye4_inst/gen_gtwizard_gtye4.gen_pwrgood_delay_inst[0].delay_powergood_inst/gen_powergood_delay.intclk_rrst_n_r[4]_i_1/O
                         net (fo=12, routed)          0.571     2.629    u_pcs/inst/i_pcs64_gt/inst/gen_gtwizard_gtye4_top.pcs64_gt_gtwizard_gtye4_inst/gen_gtwizard_gtye4.gen_pwrgood_delay_inst[0].delay_powergood_inst/gen_powergood_delay.intclk_rrst_n_r[4]_i_1_n_0
    SLICE_X105Y116       FDRE                                         r  u_pcs/inst/i_pcs64_gt/inst/gen_gtwizard_gtye4_top.pcs64_gt_gtwizard_gtye4_inst/gen_gtwizard_gtye4.gen_pwrgood_delay_inst[0].delay_powergood_inst/gen_powergood_delay.wait_cnt_reg[1]/CE
  -------------------------------------------------------------------    -------------------

                         (clock txoutclkpcs_out[0]_2 rise edge)
                                                      6.206     6.206 r  
    GTYE4_CHANNEL_X0Y4   GTYE4_CHANNEL                0.000     6.206 r  u_pcs/inst/i_pcs64_gt/inst/gen_gtwizard_gtye4_top.pcs64_gt_gtwizard_gtye4_inst/gen_gtwizard_gtye4.gen_channel_container[1].gen_enabled_channel.gtye4_channel_wrapper_inst/channel_inst/gtye4_channel_gen.gen_gtye4_channel_inst[0].GTYE4_CHANNEL_PRIM_INST/TXOUTCLKPCS
                         net (fo=15, routed)          0.675     6.881    u_pcs/inst/i_pcs64_gt/inst/gen_gtwizard_gtye4_top.pcs64_gt_gtwizard_gtye4_inst/gen_gtwizard_gtye4.gen_pwrgood_delay_inst[0].delay_powergood_inst/txoutclkpcs_out[0]
    SLICE_X105Y116       FDRE                                         r  u_pcs/inst/i_pcs64_gt/inst/gen_gtwizard_gtye4_top.pcs64_gt_gtwizard_gtye4_inst/gen_gtwizard_gtye4.gen_pwrgood_delay_inst[0].delay_powergood_inst/gen_powergood_delay.wait_cnt_reg[1]/C
                         clock pessimism              0.057     6.938    
                         clock uncertainty           -0.046     6.892    
    SLICE_X105Y116       FDRE (Setup_AFF2_SLICEL_C_CE)
                                                     -0.042     6.850    u_pcs/inst/i_pcs64_gt/inst/gen_gtwizard_gtye4_top.pcs64_gt_gtwizard_gtye4_inst/gen_gtwizard_gtye4.gen_pwrgood_delay_inst[0].delay_powergood_inst/gen_powergood_delay.wait_cnt_reg[1]
  -------------------------------------------------------------------
                         required time                          6.850    
                         arrival time                          -2.629    
  -------------------------------------------------------------------
                         slack                                  4.221    





Min Delay Paths
--------------------------------------------------------------------------------------
Slack (MET) :             0.034ns  (arrival time - required time)
  Source:                 u_pcs/inst/i_pcs64_gt/inst/gen_gtwizard_gtye4_top.pcs64_gt_gtwizard_gtye4_inst/gen_gtwizard_gtye4.gen_pwrgood_delay_inst[0].delay_powergood_inst/gen_powergood_delay.wait_cnt_reg[0]/C
                            (rising edge-triggered cell FDRE clocked by txoutclkpcs_out[0]_2  {rise@0.000ns fall@3.103ns period=6.206ns})
  Destination:            u_pcs/inst/i_pcs64_gt/inst/gen_gtwizard_gtye4_top.pcs64_gt_gtwizard_gtye4_inst/gen_gtwizard_gtye4.gen_pwrgood_delay_inst[0].delay_powergood_inst/gen_powergood_delay.wait_cnt_reg[1]/D
                            (rising edge-triggered cell FDRE clocked by txoutclkpcs_out[0]_2  {rise@0.000ns fall@3.103ns period=6.206ns})
  Path Group:             txoutclkpcs_out[0]_2
  Path Type:              Hold (Min at Slow Process Corner)
  Requirement:            0.000ns  (txoutclkpcs_out[0]_2 rise@0.000ns - txoutclkpcs_out[0]_2 rise@0.000ns)
  Data Path Delay:        0.413ns  (logic 0.072ns (17.433%)  route 0.341ns (82.567%))
  Logic Levels:           0  
  Clock Path Skew:        0.324ns (DCD - SCD - CPR)
    Destination Clock Delay (DCD):    1.084ns
    Source Clock Delay      (SCD):    0.703ns
    Clock Pessimism Removal (CPR):    0.057ns

    Location             Delay type                Incr(ns)  Path(ns)    Netlist Resource(s)
  -------------------------------------------------------------------    -------------------
                         (clock txoutclkpcs_out[0]_2 rise edge)
                                                      0.000     0.000 r  
    GTYE4_CHANNEL_X0Y4   GTYE4_CHANNEL                0.000     0.000 r  u_pcs/inst/i_pcs64_gt/inst/gen_gtwizard_gtye4_top.pcs64_gt_gtwizard_gtye4_inst/gen_gtwizard_gtye4.gen_channel_container[1].gen_enabled_channel.gtye4_channel_wrapper_inst/channel_inst/gtye4_channel_gen.gen_gtye4_channel_inst[0].GTYE4_CHANNEL_PRIM_INST/TXOUTCLKPCS
                         net (fo=15, routed)          0.703     0.703    u_pcs/inst/i_pcs64_gt/inst/gen_gtwizard_gtye4_top.pcs64_gt_gtwizard_gtye4_inst/gen_gtwizard_gtye4.gen_pwrgood_delay_inst[0].delay_powergood_inst/txoutclkpcs_out[0]
    SLICE_X105Y115       FDRE                                         r  u_pcs/inst/i_pcs64_gt/inst/gen_gtwizard_gtye4_top.pcs64_gt_gtwizard_gtye4_inst/gen_gtwizard_gtye4.gen_pwrgood_delay_inst[0].delay_powergood_inst/gen_powergood_delay.wait_cnt_reg[0]/C
  -------------------------------------------------------------------    -------------------
    SLICE_X105Y115       FDRE (Prop_AFF2_SLICEL_C_Q)
                                                      0.072     0.775 r  u_pcs/inst/i_pcs64_gt/inst/gen_gtwizard_gtye4_top.pcs64_gt_gtwizard_gtye4_inst/gen_gtwizard_gtye4.gen_pwrgood_delay_inst[0].delay_powergood_inst/gen_powergood_delay.wait_cnt_reg[0]/Q
                         net (fo=1, routed)           0.341     1.116    u_pcs/inst/i_pcs64_gt/inst/gen_gtwizard_gtye4_top.pcs64_gt_gtwizard_gtye4_inst/gen_gtwizard_gtye4.gen_pwrgood_delay_inst[0].delay_powergood_inst/gen_powergood_delay.wait_cnt[0]
    SLICE_X105Y116       FDRE                                         r  u_pcs/inst/i_pcs64_gt/inst/gen_gtwizard_gtye4_top.pcs64_gt_gtwizard_gtye4_inst/gen_gtwizard_gtye4.gen_pwrgood_delay_inst[0].delay_powergood_inst/gen_powergood_delay.wait_cnt_reg[1]/D
  -------------------------------------------------------------------    -------------------

                         (clock txoutclkpcs_out[0]_2 rise edge)
                                                      0.000     0.000 r  
    GTYE4_CHANNEL_X0Y4   GTYE4_CHANNEL                0.000     0.000 r  u_pcs/inst/i_pcs64_gt/inst/gen_gtwizard_gtye4_top.pcs64_gt_gtwizard_gtye4_inst/gen_gtwizard_gtye4.gen_channel_container[1].gen_enabled_channel.gtye4_channel_wrapper_inst/channel_inst/gtye4_channel_gen.gen_gtye4_channel_inst[0].GTYE4_CHANNEL_PRIM_INST/TXOUTCLKPCS
                         net (fo=15, routed)          1.084     1.084    u_pcs/inst/i_pcs64_gt/inst/gen_gtwizard_gtye4_top.pcs64_gt_gtwizard_gtye4_inst/gen_gtwizard_gtye4.gen_pwrgood_delay_inst[0].delay_powergood_inst/txoutclkpcs_out[0]
    SLICE_X105Y116       FDRE                                         r  u_pcs/inst/i_pcs64_gt/inst/gen_gtwizard_gtye4_top.pcs64_gt_gtwizard_gtye4_inst/gen_gtwizard_gtye4.gen_pwrgood_delay_inst[0].delay_powergood_inst/gen_powergood_delay.wait_cnt_reg[1]/C
                         clock pessimism             -0.057     1.027    
    SLICE_X105Y116       FDRE (Hold_AFF2_SLICEL_C_D)
                                                      0.055     1.082    u_pcs/inst/i_pcs64_gt/inst/gen_gtwizard_gtye4_top.pcs64_gt_gtwizard_gtye4_inst/gen_gtwizard_gtye4.gen_pwrgood_delay_inst[0].delay_powergood_inst/gen_powergood_delay.wait_cnt_reg[1]
  -------------------------------------------------------------------
                         required time                         -1.082    
                         arrival time                           1.116    
  -------------------------------------------------------------------
                         slack                                  0.034    





Pulse Width Checks
--------------------------------------------------------------------------------------
Clock Name:         txoutclkpcs_out[0]_2
Waveform(ns):       { 0.000 3.103 }
Period(ns):         6.206
Sources:            { u_pcs/inst/i_pcs64_gt/inst/gen_gtwizard_gtye4_top.pcs64_gt_gtwizard_gtye4_inst/gen_gtwizard_gtye4.gen_channel_container[1].gen_enabled_channel.gtye4_channel_wrapper_inst/channel_inst/gtye4_channel_gen.gen_gtye4_channel_inst[0].GTYE4_CHANNEL_PRIM_INST/TXOUTCLKPCS }

Check Type        Corner  Lib Pin  Reference Pin  Required(ns)  Actual(ns)  Slack(ns)  Location        Pin
Min Period        n/a     FDCE/C   n/a            0.550         6.206       5.656      SLICE_X106Y114  u_pcs/inst/i_pcs64_gt/inst/gen_gtwizard_gtye4_top.pcs64_gt_gtwizard_gtye4_inst/gen_gtwizard_gtye4.gen_pwrgood_delay_inst[0].delay_powergood_inst/gen_powergood_delay.int_pwr_on_fsm_reg/C
Low Pulse Width   Slow    FDCE/C   n/a            0.275         3.103       2.828      SLICE_X106Y114  u_pcs/inst/i_pcs64_gt/inst/gen_gtwizard_gtye4_top.pcs64_gt_gtwizard_gtye4_inst/gen_gtwizard_gtye4.gen_pwrgood_delay_inst[0].delay_powergood_inst/gen_powergood_delay.int_pwr_on_fsm_reg/C
High Pulse Width  Slow    FDCE/C   n/a            0.275         3.103       2.828      SLICE_X106Y114  u_pcs/inst/i_pcs64_gt/inst/gen_gtwizard_gtye4_top.pcs64_gt_gtwizard_gtye4_inst/gen_gtwizard_gtye4.gen_pwrgood_delay_inst[0].delay_powergood_inst/gen_powergood_delay.int_pwr_on_fsm_reg/C



---------------------------------------------------------------------------------------------------
From Clock:  txoutclkpcs_out[0]_3
  To Clock:  txoutclkpcs_out[0]_3

Setup :            0  Failing Endpoints,  Worst Slack        3.792ns,  Total Violation        0.000ns
Hold  :            0  Failing Endpoints,  Worst Slack        0.192ns,  Total Violation        0.000ns
PW    :            0  Failing Endpoints,  Worst Slack        2.828ns,  Total Violation        0.000ns
---------------------------------------------------------------------------------------------------


Max Delay Paths
--------------------------------------------------------------------------------------
Slack (MET) :             3.792ns  (required time - arrival time)
  Source:                 u_pcs/inst/i_pcs64_gt_1/inst/gen_gtwizard_gtye4_top.pcs64_gt_1_gtwizard_gtye4_inst/gen_gtwizard_gtye4.gen_pwrgood_delay_inst[0].delay_powergood_inst/gen_powergood_delay.intclk_rrst_n_r_reg[4]/C
                            (rising edge-triggered cell FDCE clocked by txoutclkpcs_out[0]_3  {rise@0.000ns fall@3.103ns period=6.206ns})
  Destination:            u_pcs/inst/i_pcs64_gt_1/inst/gen_gtwizard_gtye4_top.pcs64_gt_1_gtwizard_gtye4_inst/gen_gtwizard_gtye4.gen_pwrgood_delay_inst[0].delay_powergood_inst/gen_powergood_delay.wait_cnt_reg[0]/CE
                            (rising edge-triggered cell FDRE clocked by txoutclkpcs_out[0]_3  {rise@0.000ns fall@3.103ns period=6.206ns})
  Path Group:             txoutclkpcs_out[0]_3
  Path Type:              Setup (Max at Slow Process Corner)
  Requirement:            6.206ns  (txoutclkpcs_out[0]_3 rise@6.206ns - txoutclkpcs_out[0]_3 rise@0.000ns)
  Data Path Delay:        2.003ns  (logic 0.219ns (10.934%)  route 1.784ns (89.066%))
  Logic Levels:           1  (LUT2=1)
  Clock Path Skew:        -0.323ns (DCD - SCD + CPR)
    Destination Clock Delay (DCD):    0.678ns = ( 6.884 - 6.206 ) 
    Source Clock Delay      (SCD):    1.057ns
    Clock Pessimism Removal (CPR):    0.056ns
  Clock Uncertainty:      0.046ns  ((TSJ^2 + DJ^2)^1/2) / 2 + PE
    Total System Jitter     (TSJ):    0.071ns
    Discrete Jitter          (DJ):    0.060ns
    Phase Error              (PE):    0.000ns

    Location             Delay type                Incr(ns)  Path(ns)    Netlist Resource(s)
  -------------------------------------------------------------------    -------------------
                         (clock txoutclkpcs_out[0]_3 rise edge)
                                                      0.000     0.000 r  
    GTYE4_CHANNEL_X0Y5   GTYE4_CHANNEL                0.000     0.000 r  u_pcs/inst/i_pcs64_gt_1/inst/gen_gtwizard_gtye4_top.pcs64_gt_1_gtwizard_gtye4_inst/gen_gtwizard_gtye4.gen_channel_container[1].gen_enabled_channel.gtye4_channel_wrapper_inst/channel_inst/gtye4_channel_gen.gen_gtye4_channel_inst[0].GTYE4_CHANNEL_PRIM_INST/TXOUTCLKPCS
                         net (fo=15, routed)          1.057     1.057    u_pcs/inst/i_pcs64_gt_1/inst/gen_gtwizard_gtye4_top.pcs64_gt_1_gtwizard_gtye4_inst/gen_gtwizard_gtye4.gen_pwrgood_delay_inst[0].delay_powergood_inst/txoutclkpcs_out[0]
    SLICE_X101Y89        FDCE                                         r  u_pcs/inst/i_pcs64_gt_1/inst/gen_gtwizard_gtye4_top.pcs64_gt_1_gtwizard_gtye4_inst/gen_gtwizard_gtye4.gen_pwrgood_delay_inst[0].delay_powergood_inst/gen_powergood_delay.intclk_rrst_n_r_reg[4]/C
  -------------------------------------------------------------------    -------------------
    SLICE_X101Y89        FDCE (Prop_EFF2_SLICEM_C_Q)
                                                      0.098     1.155 f  u_pcs/inst/i_pcs64_gt_1/inst/gen_gtwizard_gtye4_top.pcs64_gt_1_gtwizard_gtye4_inst/gen_gtwizard_gtye4.gen_pwrgood_delay_inst[0].delay_powergood_inst/gen_powergood_delay.intclk_rrst_n_r_reg[4]/Q
                         net (fo=9, routed)           1.248     2.403    u_pcs/inst/i_pcs64_gt_1/inst/gen_gtwizard_gtye4_top.pcs64_gt_1_gtwizard_gtye4_inst/gen_gtwizard_gtye4.gen_pwrgood_delay_inst[0].delay_powergood_inst/gen_powergood_delay.intclk_rrst_n_r[4]
    SLICE_X101Y90        LUT2 (Prop_C5LUT_SLICEM_I0_O)
                                                      0.121     2.524 r  u_pcs/inst/i_pcs64_gt_1/inst/gen_gtwizard_gtye4_top.pcs64_gt_1_gtwizard_gtye4_inst/gen_gtwizard_gtye4.gen_pwrgood_delay_inst[0].delay_powergood_inst/gen_powergood_delay.wait_cnt[0]_i_1/O
                         net (fo=1, routed)           0.536     3.060    u_pcs/inst/i_pcs64_gt_1/inst/gen_gtwizard_gtye4_top.pcs64_gt_1_gtwizard_gtye4_inst/gen_gtwizard_gtye4.gen_pwrgood_delay_inst[0].delay_powergood_inst/gen_powergood_delay.wait_cnt[0]_i_1_n_0
    SLICE_X101Y90        FDRE                                         r  u_pcs/inst/i_pcs64_gt_1/inst/gen_gtwizard_gtye4_top.pcs64_gt_1_gtwizard_gtye4_inst/gen_gtwizard_gtye4.gen_pwrgood_delay_inst[0].delay_powergood_inst/gen_powergood_delay.wait_cnt_reg[0]/CE
  -------------------------------------------------------------------    -------------------

                         (clock txoutclkpcs_out[0]_3 rise edge)
                                                      6.206     6.206 r  
    GTYE4_CHANNEL_X0Y5   GTYE4_CHANNEL                0.000     6.206 r  u_pcs/inst/i_pcs64_gt_1/inst/gen_gtwizard_gtye4_top.pcs64_gt_1_gtwizard_gtye4_inst/gen_gtwizard_gtye4.gen_channel_container[1].gen_enabled_channel.gtye4_channel_wrapper_inst/channel_inst/gtye4_channel_gen.gen_gtye4_channel_inst[0].GTYE4_CHANNEL_PRIM_INST/TXOUTCLKPCS
                         net (fo=15, routed)          0.678     6.884    u_pcs/inst/i_pcs64_gt_1/inst/gen_gtwizard_gtye4_top.pcs64_gt_1_gtwizard_gtye4_inst/gen_gtwizard_gtye4.gen_pwrgood_delay_inst[0].delay_powergood_inst/txoutclkpcs_out[0]
    SLICE_X101Y90        FDRE                                         r  u_pcs/inst/i_pcs64_gt_1/inst/gen_gtwizard_gtye4_top.pcs64_gt_1_gtwizard_gtye4_inst/gen_gtwizard_gtye4.gen_pwrgood_delay_inst[0].delay_powergood_inst/gen_powergood_delay.wait_cnt_reg[0]/C
                         clock pessimism              0.056     6.940    
                         clock uncertainty           -0.046     6.894    
    SLICE_X101Y90        FDRE (Setup_AFF2_SLICEM_C_CE)
                                                     -0.042     6.852    u_pcs/inst/i_pcs64_gt_1/inst/gen_gtwizard_gtye4_top.pcs64_gt_1_gtwizard_gtye4_inst/gen_gtwizard_gtye4.gen_pwrgood_delay_inst[0].delay_powergood_inst/gen_powergood_delay.wait_cnt_reg[0]
  -------------------------------------------------------------------
                         required time                          6.852    
                         arrival time                          -3.060    
  -------------------------------------------------------------------
                         slack                                  3.792    





Min Delay Paths
--------------------------------------------------------------------------------------
Slack (MET) :             0.192ns  (arrival time - required time)
  Source:                 u_pcs/inst/i_pcs64_gt_1/inst/gen_gtwizard_gtye4_top.pcs64_gt_1_gtwizard_gtye4_inst/gen_gtwizard_gtye4.gen_pwrgood_delay_inst[0].delay_powergood_inst/gen_powergood_delay.int_pwr_on_fsm_reg/C
                            (rising edge-triggered cell FDCE clocked by txoutclkpcs_out[0]_3  {rise@0.000ns fall@3.103ns period=6.206ns})
  Destination:            u_pcs/inst/i_pcs64_gt_1/inst/gen_gtwizard_gtye4_top.pcs64_gt_1_gtwizard_gtye4_inst/gen_gtwizard_gtye4.gen_pwrgood_delay_inst[0].delay_powergood_inst/gen_powergood_delay.wait_cnt_reg[5]/CE
                            (rising edge-triggered cell FDRE clocked by txoutclkpcs_out[0]_3  {rise@0.000ns fall@3.103ns period=6.206ns})
  Path Group:             txoutclkpcs_out[0]_3
  Path Type:              Hold (Min at Slow Process Corner)
  Requirement:            0.000ns  (txoutclkpcs_out[0]_3 rise@0.000ns - txoutclkpcs_out[0]_3 rise@0.000ns)
  Data Path Delay:        0.742ns  (logic 0.188ns (25.347%)  route 0.554ns (74.653%))
  Logic Levels:           1  (LUT1=1)
  Clock Path Skew:        0.565ns (DCD - SCD - CPR)
    Destination Clock Delay (DCD):    1.118ns
    Source Clock Delay      (SCD):    0.497ns
    Clock Pessimism Removal (CPR):    0.056ns

    Location             Delay type                Incr(ns)  Path(ns)    Netlist Resource(s)
  -------------------------------------------------------------------    -------------------
                         (clock txoutclkpcs_out[0]_3 rise edge)
                                                      0.000     0.000 r  
    GTYE4_CHANNEL_X0Y5   GTYE4_CHANNEL                0.000     0.000 r  u_pcs/inst/i_pcs64_gt_1/inst/gen_gtwizard_gtye4_top.pcs64_gt_1_gtwizard_gtye4_inst/gen_gtwizard_gtye4.gen_channel_container[1].gen_enabled_channel.gtye4_channel_wrapper_inst/channel_inst/gtye4_channel_gen.gen_gtye4_channel_inst[0].GTYE4_CHANNEL_PRIM_INST/TXOUTCLKPCS
                         net (fo=15, routed)          0.497     0.497    u_pcs/inst/i_pcs64_gt_1/inst/gen_gtwizard_gtye4_top.pcs64_gt_1_gtwizard_gtye4_inst/gen_gtwizard_gtye4.gen_pwrgood_delay_inst[0].delay_powergood_inst/txoutclkpcs_out[0]
    SLICE_X102Y89        FDCE                                         r  u_pcs/inst/i_pcs64_gt_1/inst/gen_gtwizard_gtye4_top.pcs64_gt_1_gtwizard_gtye4_inst/gen_gtwizard_gtye4.gen_pwrgood_delay_inst[0].delay_powergood_inst/gen_powergood_delay.int_pwr_on_fsm_reg/C
  -------------------------------------------------------------------    -------------------
    SLICE_X102Y89        FDCE (Prop_AFF2_SLICEL_C_Q)
                                                      0.072     0.569 f  u_pcs/inst/i_pcs64_gt_1/inst/gen_gtwizard_gtye4_top.pcs64_gt_1_gtwizard_gtye4_inst/gen_gtwizard_gtye4.gen_pwrgood_delay_inst[0].delay_powergood_inst/gen_powergood_delay.int_pwr_on_fsm_reg/Q
                         net (fo=4, routed)           0.410     0.978    u_pcs/inst/i_pcs64_gt_1/inst/gen_gtwizard_gtye4_top.pcs64_gt_1_gtwizard_gtye4_inst/gen_gtwizard_gtye4.gen_pwrgood_delay_inst[0].delay_powergood_inst/gen_powergood_delay.int_pwr_on_fsm
    SLICE_X101Y90        LUT1 (Prop_A6LUT_SLICEM_I0_O)
                                                      0.116     1.094 r  u_pcs/inst/i_pcs64_gt_1/inst/gen_gtwizard_gtye4_top.pcs64_gt_1_gtwizard_gtye4_inst/gen_gtwizard_gtye4.gen_pwrgood_delay_inst[0].delay_powergood_inst/gen_powergood_delay.intclk_rrst_n_r[4]_i_1/O
                         net (fo=12, routed)          0.144     1.238    u_pcs/inst/i_pcs64_gt_1/inst/gen_gtwizard_gtye4_top.pcs64_gt_1_gtwizard_gtye4_inst/gen_gtwizard_gtye4.gen_pwrgood_delay_inst[0].delay_powergood_inst/gen_powergood_delay.intclk_rrst_n_r[4]_i_1_n_0
    SLICE_X101Y91        FDRE                                         r  u_pcs/inst/i_pcs64_gt_1/inst/gen_gtwizard_gtye4_top.pcs64_gt_1_gtwizard_gtye4_inst/gen_gtwizard_gtye4.gen_pwrgood_delay_inst[0].delay_powergood_inst/gen_powergood_delay.wait_cnt_reg[5]/CE
  -------------------------------------------------------------------    -------------------

                         (clock txoutclkpcs_out[0]_3 rise edge)
                                                      0.000     0.000 r  
    GTYE4_CHANNEL_X0Y5   GTYE4_CHANNEL                0.000     0.000 r  u_pcs/inst/i_pcs64_gt_1/inst/gen_gtwizard_gtye4_top.pcs64_gt_1_gtwizard_gtye4_inst/gen_gtwizard_gtye4.gen_channel_container[1].gen_enabled_channel.gtye4_channel_wrapper_inst/channel_inst/gtye4_channel_gen.gen_gtye4_channel_inst[0].GTYE4_CHANNEL_PRIM_INST/TXOUTCLKPCS
                         net (fo=15, routed)          1.118     1.118    u_pcs/inst/i_pcs64_gt_1/inst/gen_gtwizard_gtye4_top.pcs64_gt_1_gtwizard_gtye4_inst/gen_gtwizard_gtye4.gen_pwrgood_delay_inst[0].delay_powergood_inst/txoutclkpcs_out[0]
    SLICE_X101Y91        FDRE                                         r  u_pcs/inst/i_pcs64_gt_1/inst/gen_gtwizard_gtye4_top.pcs64_gt_1_gtwizard_gtye4_inst/gen_gtwizard_gtye4.gen_pwrgood_delay_inst[0].delay_powergood_inst/gen_powergood_delay.wait_cnt_reg[5]/C
                         clock pessimism             -0.056     1.062    
    SLICE_X101Y91        FDRE (Hold_EFF2_SLICEM_C_CE)
                                                     -0.015     1.047    u_pcs/inst/i_pcs64_gt_1/inst/gen_gtwizard_gtye4_top.pcs64_gt_1_gtwizard_gtye4_inst/gen_gtwizard_gtye4.gen_pwrgood_delay_inst[0].delay_powergood_inst/gen_powergood_delay.wait_cnt_reg[5]
  -------------------------------------------------------------------
                         required time                         -1.047    
                         arrival time                           1.238    
  -------------------------------------------------------------------
                         slack                                  0.192    





Pulse Width Checks
--------------------------------------------------------------------------------------
Clock Name:         txoutclkpcs_out[0]_3
Waveform(ns):       { 0.000 3.103 }
Period(ns):         6.206
Sources:            { u_pcs/inst/i_pcs64_gt_1/inst/gen_gtwizard_gtye4_top.pcs64_gt_1_gtwizard_gtye4_inst/gen_gtwizard_gtye4.gen_channel_container[1].gen_enabled_channel.gtye4_channel_wrapper_inst/channel_inst/gtye4_channel_gen.gen_gtye4_channel_inst[0].GTYE4_CHANNEL_PRIM_INST/TXOUTCLKPCS }

Check Type        Corner  Lib Pin  Reference Pin  Required(ns)  Actual(ns)  Slack(ns)  Location       Pin
Min Period        n/a     FDCE/C   n/a            0.550         6.206       5.656      SLICE_X102Y89  u_pcs/inst/i_pcs64_gt_1/inst/gen_gtwizard_gtye4_top.pcs64_gt_1_gtwizard_gtye4_inst/gen_gtwizard_gtye4.gen_pwrgood_delay_inst[0].delay_powergood_inst/gen_powergood_delay.int_pwr_on_fsm_reg/C
Low Pulse Width   Slow    FDCE/C   n/a            0.275         3.103       2.828      SLICE_X102Y89  u_pcs/inst/i_pcs64_gt_1/inst/gen_gtwizard_gtye4_top.pcs64_gt_1_gtwizard_gtye4_inst/gen_gtwizard_gtye4.gen_pwrgood_delay_inst[0].delay_powergood_inst/gen_powergood_delay.int_pwr_on_fsm_reg/C
High Pulse Width  Slow    FDCE/C   n/a            0.275         3.103       2.828      SLICE_X102Y89  u_pcs/inst/i_pcs64_gt_1/inst/gen_gtwizard_gtye4_top.pcs64_gt_1_gtwizard_gtye4_inst/gen_gtwizard_gtye4.gen_pwrgood_delay_inst[0].delay_powergood_inst/gen_powergood_delay.int_pwr_on_fsm_reg/C



---------------------------------------------------------------------------------------------------
From Clock:  pcie_ref_clk
  To Clock:  pcie_ref_clk

Setup :            0  Failing Endpoints,  Worst Slack        7.210ns,  Total Violation        0.000ns
Hold  :            0  Failing Endpoints,  Worst Slack        0.012ns,  Total Violation        0.000ns
PW    :            0  Failing Endpoints,  Worst Slack        3.200ns,  Total Violation        0.000ns
---------------------------------------------------------------------------------------------------


Max Delay Paths
--------------------------------------------------------------------------------------
Slack (MET) :             7.210ns  (required time - arrival time)
  Source:                 u_pcie_xdma/inst/pcie4_ip_i/inst/xdma_0_pcie4_ip_gt_top_i/diablo_gt.diablo_gt_phy_wrapper/gt_wizard.gtwizard_top_i/xdma_0_pcie4_ip_gt_i/inst/gen_gtwizard_gtye4_top.xdma_0_pcie4_ip_gt_gtwizard_gtye4_inst/gen_gtwizard_gtye4.gen_cpll_cal_gtye4.gen_cpll_cal_inst[0].gen_inst_cpll_cal.gtwizard_ultrascale_v1_7_22_gtye4_cpll_cal_inst/gtwizard_ultrascale_v1_7_22_gtye4_cpll_cal_tx_i/U_TXOUTCLK_FREQ_COUNTER/freq_cnt_o_reg[15]/C
                            (rising edge-triggered cell FDRE clocked by pcie_ref_clk  {rise@0.000ns fall@5.000ns period=10.000ns})
  Destination:            u_pcie_xdma/inst/pcie4_ip_i/inst/xdma_0_pcie4_ip_gt_top_i/diablo_gt.diablo_gt_phy_wrapper/gt_wizard.gtwizard_top_i/xdma_0_pcie4_ip_gt_i/inst/gen_gtwizard_gtye4_top.xdma_0_pcie4_ip_gt_gtwizard_gtye4_inst/gen_gtwizard_gtye4.gen_cpll_cal_gtye4.gen_cpll_cal_inst[0].gen_inst_cpll_cal.gtwizard_ultrascale_v1_7_22_gtye4_cpll_cal_inst/gtwizard_ultrascale_v1_7_22_gtye4_cpll_cal_tx_i/repeat_ctr_reg[0]/CE
                            (rising edge-triggered cell FDRE clocked by pcie_ref_clk  {rise@0.000ns fall@5.000ns period=10.000ns})
  Path Group:             pcie_ref_clk
  Path Type:              Setup (Max at Slow Process Corner)
  Requirement:            10.000ns  (pcie_ref_clk rise@10.000ns - pcie_ref_clk rise@0.000ns)
  Data Path Delay:        2.683ns  (logic 0.692ns (25.794%)  route 1.991ns (74.206%))
  Logic Levels:           5  (CARRY8=2 LUT2=1 LUT5=1 LUT6=1)
  Clock Path Skew:        -0.029ns (DCD - SCD + CPR)
    Destination Clock Delay (DCD):    1.719ns = ( 11.719 - 10.000 ) 
    Source Clock Delay      (SCD):    2.213ns
    Clock Pessimism Removal (CPR):    0.464ns
  Clock Uncertainty:      0.035ns  ((TSJ^2 + TIJ^2)^1/2 + DJ) / 2 + PE
    Total System Jitter     (TSJ):    0.071ns
    Total Input Jitter      (TIJ):    0.000ns
    Discrete Jitter          (DJ):    0.000ns
    Phase Error              (PE):    0.000ns
  Clock Net Delay (Source):      1.516ns (routing 0.513ns, distribution 1.003ns)
  Clock Net Delay (Destination): 1.392ns (routing 0.466ns, distribution 0.926ns)

    Location             Delay type                Incr(ns)  Path(ns)    Netlist Resource(s)
  -------------------------------------------------------------------    -------------------
                         (clock pcie_ref_clk rise edge)
                                                      0.000     0.000 r  
    GTYE4_COMMON_X0Y0                                 0.000     0.000 r  pcie_sys_clk_p (IN)
                         net (fo=0)                   0.000     0.000    pcie_sys_clk_p
    GTYE4_COMMON_X0Y0    IBUFDS_GTE4 (Prop_IBUFDS0_GTYE4_GTYE4_COMMON_I_ODIV2)
                                                      0.467     0.467 r  u_pcie_refclk/ODIV2
                         net (fo=2, routed)           0.091     0.558    u_pcie_xdma/inst/pcie4_ip_i/inst/sys_clk
    BUFG_GT_X0Y23        BUFG_GT (Prop_BUFG_GT_I_O)
                                                      0.139     0.697 r  u_pcie_xdma/inst/pcie4_ip_i/inst/bufg_gt_sysclk/O
    X2Y0 (CLOCK_ROOT)    net (fo=1779, routed)        1.516     2.213    u_pcie_xdma/inst/pcie4_ip_i/inst/xdma_0_pcie4_ip_gt_top_i/diablo_gt.diablo_gt_phy_wrapper/gt_wizard.gtwizard_top_i/xdma_0_pcie4_ip_gt_i/inst/gen_gtwizard_gtye4_top.xdma_0_pcie4_ip_gt_gtwizard_gtye4_inst/gen_gtwizard_gtye4.gen_cpll_cal_gtye4.gen_cpll_cal_inst[0].gen_inst_cpll_cal.gtwizard_ultrascale_v1_7_22_gtye4_cpll_cal_inst/gtwizard_ultrascale_v1_7_22_gtye4_cpll_cal_tx_i/U_TXOUTCLK_FREQ_COUNTER/drpclk_common_in[0]
    SLICE_X97Y3          FDRE                                         r  u_pcie_xdma/inst/pcie4_ip_i/inst/xdma_0_pcie4_ip_gt_top_i/diablo_gt.diablo_gt_phy_wrapper/gt_wizard.gtwizard_top_i/xdma_0_pcie4_ip_gt_i/inst/gen_gtwizard_gtye4_top.xdma_0_pcie4_ip_gt_gtwizard_gtye4_inst/gen_gtwizard_gtye4.gen_cpll_cal_gtye4.gen_cpll_cal_inst[0].gen_inst_cpll_cal.gtwizard_ultrascale_v1_7_22_gtye4_cpll_cal_inst/gtwizard_ultrascale_v1_7_22_gtye4_cpll_cal_tx_i/U_TXOUTCLK_FREQ_COUNTER/freq_cnt_o_reg[15]/C
  -------------------------------------------------------------------    -------------------
    SLICE_X97Y3          FDRE (Prop_CFF2_SLICEL_C_Q)
                                                      0.097     2.310 f  u_pcie_xdma/inst/pcie4_ip_i/inst/xdma_0_pcie4_ip_gt_top_i/diablo_gt.diablo_gt_phy_wrapper/gt_wizard.gtwizard_top_i/xdma_0_pcie4_ip_gt_i/inst/gen_gtwizard_gtye4_top.xdma_0_pcie4_ip_gt_gtwizard_gtye4_inst/gen_gtwizard_gtye4.gen_cpll_cal_gtye4.gen_cpll_cal_inst[0].gen_inst_cpll_cal.gtwizard_ultrascale_v1_7_22_gtye4_cpll_cal_inst/gtwizard_ultrascale_v1_7_22_gtye4_cpll_cal_tx_i/U_TXOUTCLK_FREQ_COUNTER/freq_cnt_o_reg[15]/Q
                         net (fo=3, routed)           0.522     2.832    u_pcie_xdma/inst/pcie4_ip_i/inst/xdma_0_pcie4_ip_gt_top_i/diablo_gt.diablo_gt_phy_wrapper/gt_wizard.gtwizard_top_i/xdma_0_pcie4_ip_gt_i/inst/gen_gtwizard_gtye4_top.xdma_0_pcie4_ip_gt_gtwizard_gtye4_inst/gen_gtwizard_gtye4.gen_cpll_cal_gtye4.gen_cpll_cal_inst[0].gen_inst_cpll_cal.gtwizard_ultrascale_v1_7_22_gtye4_cpll_cal_inst/gtwizard_ultrascale_v1_7_22_gtye4_cpll_cal_tx_i/U_TXOUTCLK_FREQ_COUNTER/freq_cnt_o_reg_n_0_[15]
    SLICE_X96Y2          LUT2 (Prop_H6LUT_SLICEM_I1_O)
                                                      0.100     2.932 r  u_pcie_xdma/inst/pcie4_ip_i/inst/xdma_0_pcie4_ip_gt_top_i/diablo_gt.diablo_gt_phy_wrapper/gt_wizard.gtwizard_top_i/xdma_0_pcie4_ip_gt_i/inst/gen_gtwizard_gtye4_top.xdma_0_pcie4_ip_gt_gtwizard_gtye4_inst/gen_gtwizard_gtye4.gen_cpll_cal_gtye4.gen_cpll_cal_inst[0].gen_inst_cpll_cal.gtwizard_ultrascale_v1_7_22_gtye4_cpll_cal_inst/gtwizard_ultrascale_v1_7_22_gtye4_cpll_cal_tx_i/U_TXOUTCLK_FREQ_COUNTER/cpll_cal_state2_carry_i_7/O
                         net (fo=1, routed)           0.017     2.949    u_pcie_xdma/inst/pcie4_ip_i/inst/xdma_0_pcie4_ip_gt_top_i/diablo_gt.diablo_gt_phy_wrapper/gt_wizard.gtwizard_top_i/xdma_0_pcie4_ip_gt_i/inst/gen_gtwizard_gtye4_top.xdma_0_pcie4_ip_gt_gtwizard_gtye4_inst/gen_gtwizard_gtye4.gen_cpll_cal_gtye4.gen_cpll_cal_inst[0].gen_inst_cpll_cal.gtwizard_ultrascale_v1_7_22_gtye4_cpll_cal_inst/gtwizard_ultrascale_v1_7_22_gtye4_cpll_cal_tx_i/U_TXOUTCLK_FREQ_COUNTER_n_12
    SLICE_X96Y2          CARRY8 (Prop_CARRY8_SLICEM_S[7]_CO[7])
                                                      0.150     3.099 f  u_pcie_xdma/inst/pcie4_ip_i/inst/xdma_0_pcie4_ip_gt_top_i/diablo_gt.diablo_gt_phy_wrapper/gt_wizard.gtwizard_top_i/xdma_0_pcie4_ip_gt_i/inst/gen_gtwizard_gtye4_top.xdma_0_pcie4_ip_gt_gtwizard_gtye4_inst/gen_gtwizard_gtye4.gen_cpll_cal_gtye4.gen_cpll_cal_inst[0].gen_inst_cpll_cal.gtwizard_ultrascale_v1_7_22_gtye4_cpll_cal_inst/gtwizard_ultrascale_v1_7_22_gtye4_cpll_cal_tx_i/cpll_cal_state2_carry/CO[7]
                         net (fo=1, routed)           0.028     3.127    u_pcie_xdma/inst/pcie4_ip_i/inst/xdma_0_pcie4_ip_gt_top_i/diablo_gt.diablo_gt_phy_wrapper/gt_wizard.gtwizard_top_i/xdma_0_pcie4_ip_gt_i/inst/gen_gtwizard_gtye4_top.xdma_0_pcie4_ip_gt_gtwizard_gtye4_inst/gen_gtwizard_gtye4.gen_cpll_cal_gtye4.gen_cpll_cal_inst[0].gen_inst_cpll_cal.gtwizard_ultrascale_v1_7_22_gtye4_cpll_cal_inst/gtwizard_ultrascale_v1_7_22_gtye4_cpll_cal_tx_i/cpll_cal_state2_carry_n_0
    SLICE_X96Y3          CARRY8 (Prop_CARRY8_SLICEM_CI_CO[0])
                                                      0.068     3.195 f  u_pcie_xdma/inst/pcie4_ip_i/inst/xdma_0_pcie4_ip_gt_top_i/diablo_gt.diablo_gt_phy_wrapper/gt_wizard.gtwizard_top_i/xdma_0_pcie4_ip_gt_i/inst/gen_gtwizard_gtye4_top.xdma_0_pcie4_ip_gt_gtwizard_gtye4_inst/gen_gtwizard_gtye4.gen_cpll_cal_gtye4.gen_cpll_cal_inst[0].gen_inst_cpll_cal.gtwizard_ultrascale_v1_7_22_gtye4_cpll_cal_inst/gtwizard_ultrascale_v1_7_22_gtye4_cpll_cal_tx_i/cpll_cal_state2_carry__0/CO[0]
                         net (fo=3, routed)           0.750     3.945    u_pcie_xdma/inst/pcie4_ip_i/inst/xdma_0_pcie4_ip_gt_top_i/diablo_gt.diablo_gt_phy_wrapper/gt_wizard.gtwizard_top_i/xdma_0_pcie4_ip_gt_i/inst/gen_gtwizard_gtye4_top.xdma_0_pcie4_ip_gt_gtwizard_gtye4_inst/gen_gtwizard_gtye4.gen_cpll_cal_gtye4.gen_cpll_cal_inst[0].gen_inst_cpll_cal.gtwizard_ultrascale_v1_7_22_gtye4_cpll_cal_inst/gtwizard_ultrascale_v1_7_22_gtye4_cpll_cal_tx_i/U_TXOUTCLK_FREQ_COUNTER/CO[0]
    SLICE_X102Y3         LUT6 (Prop_H6LUT_SLICEL_I5_O)
                                                      0.100     4.045 r  u_pcie_xdma/inst/pcie4_ip_i/inst/xdma_0_pcie4_ip_gt_top_i/diablo_gt.diablo_gt_phy_wrapper/gt_wizard.gtwizard_top_i/xdma_0_pcie4_ip_gt_i/inst/gen_gtwizard_gtye4_top.xdma_0_pcie4_ip_gt_gtwizard_gtye4_inst/gen_gtwizard_gtye4.gen_cpll_cal_gtye4.gen_cpll_cal_inst[0].gen_inst_cpll_cal.gtwizard_ultrascale_v1_7_22_gtye4_cpll_cal_inst/gtwizard_ultrascale_v1_7_22_gtye4_cpll_cal_tx_i/U_TXOUTCLK_FREQ_COUNTER/repeat_ctr[3]_i_3/O
                         net (fo=3, routed)           0.257     4.302    u_pcie_xdma/inst/pcie4_ip_i/inst/xdma_0_pcie4_ip_gt_top_i/diablo_gt.diablo_gt_phy_wrapper/gt_wizard.gtwizard_top_i/xdma_0_pcie4_ip_gt_i/inst/gen_gtwizard_gtye4_top.xdma_0_pcie4_ip_gt_gtwizard_gtye4_inst/gen_gtwizard_gtye4.gen_cpll_cal_gtye4.gen_cpll_cal_inst[0].gen_inst_cpll_cal.gtwizard_ultrascale_v1_7_22_gtye4_cpll_cal_inst/gtwizard_ultrascale_v1_7_22_gtye4_cpll_cal_tx_i/U_TXOUTCLK_FREQ_COUNTER/repeat_ctr[3]_i_3_n_0
    SLICE_X104Y2         LUT5 (Prop_F6LUT_SLICEL_I1_O)
                                                      0.177     4.479 r  u_pcie_xdma/inst/pcie4_ip_i/inst/xdma_0_pcie4_ip_gt_top_i/diablo_gt.diablo_gt_phy_wrapper/gt_wizard.gtwizard_top_i/xdma_0_pcie4_ip_gt_i/inst/gen_gtwizard_gtye4_top.xdma_0_pcie4_ip_gt_gtwizard_gtye4_inst/gen_gtwizard_gtye4.gen_cpll_cal_gtye4.gen_cpll_cal_inst[0].gen_inst_cpll_cal.gtwizard_ultrascale_v1_7_22_gtye4_cpll_cal_inst/gtwizard_ultrascale_v1_7_22_gtye4_cpll_cal_tx_i/U_TXOUTCLK_FREQ_COUNTER/repeat_ctr[3]_i_1/O
                         net (fo=4, routed)           0.417     4.896    u_pcie_xdma/inst/pcie4_ip_i/inst/xdma_0_pcie4_ip_gt_top_i/diablo_gt.diablo_gt_phy_wrapper/gt_wizard.gtwizard_top_i/xdma_0_pcie4_ip_gt_i/inst/gen_gtwizard_gtye4_top.xdma_0_pcie4_ip_gt_gtwizard_gtye4_inst/gen_gtwizard_gtye4.gen_cpll_cal_gtye4.gen_cpll_cal_inst[0].gen_inst_cpll_cal.gtwizard_ultrascale_v1_7_22_gtye4_cpll_cal_inst/gtwizard_ultrascale_v1_7_22_gtye4_cpll_cal_tx_i/U_TXOUTCLK_FREQ_COUNTER_n_1
    SLICE_X102Y3         FDRE                                         r  u_pcie_xdma/inst/pcie4_ip_i/inst/xdma_0_pcie4_ip_gt_top_i/diablo_gt.diablo_gt_phy_wrapper/gt_wizard.gtwizard_top_i/xdma_0_pcie4_ip_gt_i/inst/gen_gtwizard_gtye4_top.xdma_0_pcie4_ip_gt_gtwizard_gtye4_inst/gen_gtwizard_gtye4.gen_cpll_cal_gtye4.gen_cpll_cal_inst[0].gen_inst_cpll_cal.gtwizard_ultrascale_v1_7_22_gtye4_cpll_cal_inst/gtwizard_ultrascale_v1_7_22_gtye4_cpll_cal_tx_i/repeat_ctr_reg[0]/CE
  -------------------------------------------------------------------    -------------------

                         (clock pcie_ref_clk rise edge)
                                                     10.000    10.000 r  
    GTYE4_COMMON_X0Y0                                 0.000    10.000 r  pcie_sys_clk_p (IN)
                         net (fo=0)                   0.000    10.000    pcie_sys_clk_p
    GTYE4_COMMON_X0Y0    IBUFDS_GTE4 (Prop_IBUFDS0_GTYE4_GTYE4_COMMON_I_ODIV2)
                                                      0.122    10.122 r  u_pcie_refclk/ODIV2
                         net (fo=2, routed)           0.083    10.205    u_pcie_xdma/inst/pcie4_ip_i/inst/sys_clk
    BUFG_GT_X0Y23        BUFG_GT (Prop_BUFG_GT_I_O)
                                                      0.122    10.327 r  u_pcie_xdma/inst/pcie4_ip_i/inst/bufg_gt_sysclk/O
    X2Y0 (CLOCK_ROOT)    net (fo=1779, routed)        1.392    11.719    u_pcie_xdma/inst/pcie4_ip_i/inst/xdma_0_pcie4_ip_gt_top_i/diablo_gt.diablo_gt_phy_wrapper/gt_wizard.gtwizard_top_i/xdma_0_pcie4_ip_gt_i/inst/gen_gtwizard_gtye4_top.xdma_0_pcie4_ip_gt_gtwizard_gtye4_inst/gen_gtwizard_gtye4.gen_cpll_cal_gtye4.gen_cpll_cal_inst[0].gen_inst_cpll_cal.gtwizard_ultrascale_v1_7_22_gtye4_cpll_cal_inst/gtwizard_ultrascale_v1_7_22_gtye4_cpll_cal_tx_i/drpclk_common_in[0]
    SLICE_X102Y3         FDRE                                         r  u_pcie_xdma/inst/pcie4_ip_i/inst/xdma_0_pcie4_ip_gt_top_i/diablo_gt.diablo_gt_phy_wrapper/gt_wizard.gtwizard_top_i/xdma_0_pcie4_ip_gt_i/inst/gen_gtwizard_gtye4_top.xdma_0_pcie4_ip_gt_gtwizard_gtye4_inst/gen_gtwizard_gtye4.gen_cpll_cal_gtye4.gen_cpll_cal_inst[0].gen_inst_cpll_cal.gtwizard_ultrascale_v1_7_22_gtye4_cpll_cal_inst/gtwizard_ultrascale_v1_7_22_gtye4_cpll_cal_tx_i/repeat_ctr_reg[0]/C
                         clock pessimism              0.464    12.183    
                         clock uncertainty           -0.035    12.148    
    SLICE_X102Y3         FDRE (Setup_AFF2_SLICEL_C_CE)
                                                     -0.042    12.106    u_pcie_xdma/inst/pcie4_ip_i/inst/xdma_0_pcie4_ip_gt_top_i/diablo_gt.diablo_gt_phy_wrapper/gt_wizard.gtwizard_top_i/xdma_0_pcie4_ip_gt_i/inst/gen_gtwizard_gtye4_top.xdma_0_pcie4_ip_gt_gtwizard_gtye4_inst/gen_gtwizard_gtye4.gen_cpll_cal_gtye4.gen_cpll_cal_inst[0].gen_inst_cpll_cal.gtwizard_ultrascale_v1_7_22_gtye4_cpll_cal_inst/gtwizard_ultrascale_v1_7_22_gtye4_cpll_cal_tx_i/repeat_ctr_reg[0]
  -------------------------------------------------------------------
                         required time                         12.106    
                         arrival time                          -4.896    
  -------------------------------------------------------------------
                         slack                                  7.210    





Min Delay Paths
--------------------------------------------------------------------------------------
Slack (MET) :             0.012ns  (arrival time - required time)
  Source:                 u_pcie_xdma/inst/pcie4_ip_i/inst/xdma_0_pcie4_ip_gt_top_i/diablo_gt.diablo_gt_phy_wrapper/gt_wizard.gtwizard_top_i/xdma_0_pcie4_ip_gt_i/inst/gen_gtwizard_gtye4_top.xdma_0_pcie4_ip_gt_gtwizard_gtye4_inst/gen_gtwizard_gtye4.gen_cpll_cal_gtye4.gen_cpll_cal_inst[3].gen_inst_cpll_cal.gtwizard_ultrascale_v1_7_22_gtye4_cpll_cal_inst/gtwizard_ultrascale_v1_7_22_gte4_drp_arb_i/di_reg[4]/C
                            (rising edge-triggered cell FDRE clocked by pcie_ref_clk  {rise@0.000ns fall@5.000ns period=10.000ns})
  Destination:            u_pcie_xdma/inst/pcie4_ip_i/inst/xdma_0_pcie4_ip_gt_top_i/diablo_gt.diablo_gt_phy_wrapper/gt_wizard.gtwizard_top_i/xdma_0_pcie4_ip_gt_i/inst/gen_gtwizard_gtye4_top.xdma_0_pcie4_ip_gt_gtwizard_gtye4_inst/gen_gtwizard_gtye4.gen_cpll_cal_gtye4.gen_cpll_cal_inst[3].gen_inst_cpll_cal.gtwizard_ultrascale_v1_7_22_gtye4_cpll_cal_inst/gtwizard_ultrascale_v1_7_22_gte4_drp_arb_i/DI_O_reg[4]/D
                            (rising edge-triggered cell FDRE clocked by pcie_ref_clk  {rise@0.000ns fall@5.000ns period=10.000ns})
  Path Group:             pcie_ref_clk
  Path Type:              Hold (Min at Slow Process Corner)
  Requirement:            0.000ns  (pcie_ref_clk rise@0.000ns - pcie_ref_clk rise@0.000ns)
  Data Path Delay:        0.185ns  (logic 0.072ns (38.919%)  route 0.113ns (61.081%))
  Logic Levels:           0  
  Clock Path Skew:        0.118ns (DCD - SCD - CPR)
    Destination Clock Delay (DCD):    2.319ns
    Source Clock Delay      (SCD):    1.784ns
    Clock Pessimism Removal (CPR):    0.417ns
  Clock Net Delay (Source):      1.457ns (routing 0.466ns, distribution 0.991ns)
  Clock Net Delay (Destination): 1.622ns (routing 0.513ns, distribution 1.109ns)

    Location             Delay type                Incr(ns)  Path(ns)    Netlist Resource(s)
  -------------------------------------------------------------------    -------------------
                         (clock pcie_ref_clk rise edge)
                                                      0.000     0.000 r  
    GTYE4_COMMON_X0Y0                                 0.000     0.000 r  pcie_sys_clk_p (IN)
                         net (fo=0)                   0.000     0.000    pcie_sys_clk_p
    GTYE4_COMMON_X0Y0    IBUFDS_GTE4 (Prop_IBUFDS0_GTYE4_GTYE4_COMMON_I_ODIV2)
                                                      0.122     0.122 r  u_pcie_refclk/ODIV2
                         net (fo=2, routed)           0.083     0.205    u_pcie_xdma/inst/pcie4_ip_i/inst/sys_clk
    BUFG_GT_X0Y23        BUFG_GT (Prop_BUFG_GT_I_O)
                                                      0.122     0.327 r  u_pcie_xdma/inst/pcie4_ip_i/inst/bufg_gt_sysclk/O
    X2Y0 (CLOCK_ROOT)    net (fo=1779, routed)        1.457     1.784    u_pcie_xdma/inst/pcie4_ip_i/inst/xdma_0_pcie4_ip_gt_top_i/diablo_gt.diablo_gt_phy_wrapper/gt_wizard.gtwizard_top_i/xdma_0_pcie4_ip_gt_i/inst/gen_gtwizard_gtye4_top.xdma_0_pcie4_ip_gt_gtwizard_gtye4_inst/gen_gtwizard_gtye4.gen_cpll_cal_gtye4.gen_cpll_cal_inst[3].gen_inst_cpll_cal.gtwizard_ultrascale_v1_7_22_gtye4_cpll_cal_inst/gtwizard_ultrascale_v1_7_22_gte4_drp_arb_i/drpclk_common_in[0]
    SLICE_X111Y60        FDRE                                         r  u_pcie_xdma/inst/pcie4_ip_i/inst/xdma_0_pcie4_ip_gt_top_i/diablo_gt.diablo_gt_phy_wrapper/gt_wizard.gtwizard_top_i/xdma_0_pcie4_ip_gt_i/inst/gen_gtwizard_gtye4_top.xdma_0_pcie4_ip_gt_gtwizard_gtye4_inst/gen_gtwizard_gtye4.gen_cpll_cal_gtye4.gen_cpll_cal_inst[3].gen_inst_cpll_cal.gtwizard_ultrascale_v1_7_22_gtye4_cpll_cal_inst/gtwizard_ultrascale_v1_7_22_gte4_drp_arb_i/di_reg[4]/C
  -------------------------------------------------------------------    -------------------
    SLICE_X111Y60        FDRE (Prop_AFF2_SLICEL_C_Q)
                                                      0.072     1.856 r  u_pcie_xdma/inst/pcie4_ip_i/inst/xdma_0_pcie4_ip_gt_top_i/diablo_gt.diablo_gt_phy_wrapper/gt_wizard.gtwizard_top_i/xdma_0_pcie4_ip_gt_i/inst/gen_gtwizard_gtye4_top.xdma_0_pcie4_ip_gt_gtwizard_gtye4_inst/gen_gtwizard_gtye4.gen_cpll_cal_gtye4.gen_cpll_cal_inst[3].gen_inst_cpll_cal.gtwizard_ultrascale_v1_7_22_gtye4_cpll_cal_inst/gtwizard_ultrascale_v1_7_22_gte4_drp_arb_i/di_reg[4]/Q
                         net (fo=1, routed)           0.113     1.969    u_pcie_xdma/inst/pcie4_ip_i/inst/xdma_0_pcie4_ip_gt_top_i/diablo_gt.diablo_gt_phy_wrapper/gt_wizard.gtwizard_top_i/xdma_0_pcie4_ip_gt_i/inst/gen_gtwizard_gtye4_top.xdma_0_pcie4_ip_gt_gtwizard_gtye4_inst/gen_gtwizard_gtye4.gen_cpll_cal_gtye4.gen_cpll_cal_inst[3].gen_inst_cpll_cal.gtwizard_ultrascale_v1_7_22_gtye4_cpll_cal_inst/gtwizard_ultrascale_v1_7_22_gte4_drp_arb_i/di[4]
    SLICE_X110Y59        FDRE                                         r  u_pcie_xdma/inst/pcie4_ip_i/inst/xdma_0_pcie4_ip_gt_top_i/diablo_gt.diablo_gt_phy_wrapper/gt_wizard.gtwizard_top_i/xdma_0_pcie4_ip_gt_i/inst/gen_gtwizard_gtye4_top.xdma_0_pcie4_ip_gt_gtwizard_gtye4_inst/gen_gtwizard_gtye4.gen_cpll_cal_gtye4.gen_cpll_cal_inst[3].gen_inst_cpll_cal.gtwizard_ultrascale_v1_7_22_gtye4_cpll_cal_inst/gtwizard_ultrascale_v1_7_22_gte4_drp_arb_i/DI_O_reg[4]/D
  -------------------------------------------------------------------    -------------------

                         (clock pcie_ref_clk rise edge)
                                                      0.000     0.000 r  
    GTYE4_COMMON_X0Y0                                 0.000     0.000 r  pcie_sys_clk_p (IN)
                         net (fo=0)                   0.000     0.000    pcie_sys_clk_p
    GTYE4_COMMON_X0Y0    IBUFDS_GTE4 (Prop_IBUFDS0_GTYE4_GTYE4_COMMON_I_ODIV2)
                                                      0.467     0.467 r  u_pcie_refclk/ODIV2
                         net (fo=2, routed)           0.091     0.558    u_pcie_xdma/inst/pcie4_ip_i/inst/sys_clk
    BUFG_GT_X0Y23        BUFG_GT (Prop_BUFG_GT_I_O)
                                                      0.139     0.697 r  u_pcie_xdma/inst/pcie4_ip_i/inst/bufg_gt_sysclk/O
    X2Y0 (CLOCK_ROOT)    net (fo=1779, routed)        1.622     2.319    u_pcie_xdma/inst/pcie4_ip_i/inst/xdma_0_pcie4_ip_gt_top_i/diablo_gt.diablo_gt_phy_wrapper/gt_wizard.gtwizard_top_i/xdma_0_pcie4_ip_gt_i/inst/gen_gtwizard_gtye4_top.xdma_0_pcie4_ip_gt_gtwizard_gtye4_inst/gen_gtwizard_gtye4.gen_cpll_cal_gtye4.gen_cpll_cal_inst[3].gen_inst_cpll_cal.gtwizard_ultrascale_v1_7_22_gtye4_cpll_cal_inst/gtwizard_ultrascale_v1_7_22_gte4_drp_arb_i/drpclk_common_in[0]
    SLICE_X110Y59        FDRE                                         r  u_pcie_xdma/inst/pcie4_ip_i/inst/xdma_0_pcie4_ip_gt_top_i/diablo_gt.diablo_gt_phy_wrapper/gt_wizard.gtwizard_top_i/xdma_0_pcie4_ip_gt_i/inst/gen_gtwizard_gtye4_top.xdma_0_pcie4_ip_gt_gtwizard_gtye4_inst/gen_gtwizard_gtye4.gen_cpll_cal_gtye4.gen_cpll_cal_inst[3].gen_inst_cpll_cal.gtwizard_ultrascale_v1_7_22_gtye4_cpll_cal_inst/gtwizard_ultrascale_v1_7_22_gte4_drp_arb_i/DI_O_reg[4]/C
                         clock pessimism             -0.417     1.903    
    SLICE_X110Y59        FDRE (Hold_EFF2_SLICEM_C_D)
                                                      0.055     1.958    u_pcie_xdma/inst/pcie4_ip_i/inst/xdma_0_pcie4_ip_gt_top_i/diablo_gt.diablo_gt_phy_wrapper/gt_wizard.gtwizard_top_i/xdma_0_pcie4_ip_gt_i/inst/gen_gtwizard_gtye4_top.xdma_0_pcie4_ip_gt_gtwizard_gtye4_inst/gen_gtwizard_gtye4.gen_cpll_cal_gtye4.gen_cpll_cal_inst[3].gen_inst_cpll_cal.gtwizard_ultrascale_v1_7_22_gtye4_cpll_cal_inst/gtwizard_ultrascale_v1_7_22_gte4_drp_arb_i/DI_O_reg[4]
  -------------------------------------------------------------------
                         required time                         -1.958    
                         arrival time                           1.969    
  -------------------------------------------------------------------
                         slack                                  0.012    





Pulse Width Checks
--------------------------------------------------------------------------------------
Clock Name:         pcie_ref_clk
Waveform(ns):       { 0.000 5.000 }
Period(ns):         10.000
Sources:            { pcie_sys_clk_p }

Check Type        Corner  Lib Pin               Reference Pin  Required(ns)  Actual(ns)  Slack(ns)  Location            Pin
Min Period        n/a     GTYE4_CHANNEL/DRPCLK  n/a            4.000         10.000      6.000      GTYE4_CHANNEL_X0Y0  u_pcie_xdma/inst/pcie4_ip_i/inst/xdma_0_pcie4_ip_gt_top_i/diablo_gt.diablo_gt_phy_wrapper/gt_wizard.gtwizard_top_i/xdma_0_pcie4_ip_gt_i/inst/gen_gtwizard_gtye4_top.xdma_0_pcie4_ip_gt_gtwizard_gtye4_inst/gen_gtwizard_gtye4.gen_channel_container[3].gen_enabled_channel.gtye4_channel_wrapper_inst/channel_inst/gtye4_channel_gen.gen_gtye4_channel_inst[0].GTYE4_CHANNEL_PRIM_INST/DRPCLK
Low Pulse Width   Slow    GTYE4_CHANNEL/DRPCLK  n/a            1.800         5.000       3.200      GTYE4_CHANNEL_X0Y0  u_pcie_xdma/inst/pcie4_ip_i/inst/xdma_0_pcie4_ip_gt_top_i/diablo_gt.diablo_gt_phy_wrapper/gt_wizard.gtwizard_top_i/xdma_0_pcie4_ip_gt_i/inst/gen_gtwizard_gtye4_top.xdma_0_pcie4_ip_gt_gtwizard_gtye4_inst/gen_gtwizard_gtye4.gen_channel_container[3].gen_enabled_channel.gtye4_channel_wrapper_inst/channel_inst/gtye4_channel_gen.gen_gtye4_channel_inst[0].GTYE4_CHANNEL_PRIM_INST/DRPCLK
High Pulse Width  Slow    GTYE4_CHANNEL/DRPCLK  n/a            1.800         5.000       3.200      GTYE4_CHANNEL_X0Y0  u_pcie_xdma/inst/pcie4_ip_i/inst/xdma_0_pcie4_ip_gt_top_i/diablo_gt.diablo_gt_phy_wrapper/gt_wizard.gtwizard_top_i/xdma_0_pcie4_ip_gt_i/inst/gen_gtwizard_gtye4_top.xdma_0_pcie4_ip_gt_gtwizard_gtye4_inst/gen_gtwizard_gtye4.gen_channel_container[3].gen_enabled_channel.gtye4_channel_wrapper_inst/channel_inst/gtye4_channel_gen.gen_gtye4_channel_inst[0].GTYE4_CHANNEL_PRIM_INST/DRPCLK



---------------------------------------------------------------------------------------------------
From Clock:  GTYE4_CHANNEL_TXOUTCLK[0]
  To Clock:  GTYE4_CHANNEL_TXOUTCLK[0]

Setup :           NA  Failing Endpoints,  Worst Slack           NA  ,  Total Violation           NA
Hold  :           NA  Failing Endpoints,  Worst Slack           NA  ,  Total Violation           NA
PW    :            0  Failing Endpoints,  Worst Slack        0.501ns,  Total Violation        0.000ns
---------------------------------------------------------------------------------------------------


Pulse Width Checks
--------------------------------------------------------------------------------------
Clock Name:         GTYE4_CHANNEL_TXOUTCLK[0]
Waveform(ns):       { 0.000 1.000 }
Period(ns):         2.000
Sources:            { u_pcie_xdma/inst/pcie4_ip_i/inst/xdma_0_pcie4_ip_gt_top_i/diablo_gt.diablo_gt_phy_wrapper/gt_wizard.gtwizard_top_i/xdma_0_pcie4_ip_gt_i/inst/gen_gtwizard_gtye4_top.xdma_0_pcie4_ip_gt_gtwizard_gtye4_inst/gen_gtwizard_gtye4.gen_channel_container[3].gen_enabled_channel.gtye4_channel_wrapper_inst/channel_inst/gtye4_channel_gen.gen_gtye4_channel_inst[0].GTYE4_CHANNEL_PRIM_INST/TXOUTCLK }

Check Type  Corner  Lib Pin    Reference Pin  Required(ns)  Actual(ns)  Slack(ns)  Location       Pin
Min Period  n/a     BUFG_GT/I  n/a            1.499         2.000       0.501      BUFG_GT_X0Y22  u_pcie_xdma/inst/pcie4_ip_i/inst/xdma_0_pcie4_ip_gt_top_i/diablo_gt.diablo_gt_phy_wrapper/gt_wizard.gtwizard_top_i/xdma_0_pcie4_ip_gt_i/inst/gen_gtwizard_gtye4_top.xdma_0_pcie4_ip_gt_gtwizard_gtye4_inst/gen_gtwizard_gtye4.gen_cpll_cal_gtye4.gen_cpll_cal_inst[0].gen_inst_cpll_cal.gtwizard_ultrascale_v1_7_22_gtye4_cpll_cal_inst/gtwizard_ultrascale_v1_7_22_gtye4_cpll_cal_tx_i/bufg_gt_txoutclkmon_inst/I



---------------------------------------------------------------------------------------------------
From Clock:  GTYE4_CHANNEL_TXOUTCLK[1]
  To Clock:  GTYE4_CHANNEL_TXOUTCLK[1]

Setup :           NA  Failing Endpoints,  Worst Slack           NA  ,  Total Violation           NA
Hold  :           NA  Failing Endpoints,  Worst Slack           NA  ,  Total Violation           NA
PW    :            0  Failing Endpoints,  Worst Slack        0.501ns,  Total Violation        0.000ns
---------------------------------------------------------------------------------------------------


Pulse Width Checks
--------------------------------------------------------------------------------------
Clock Name:         GTYE4_CHANNEL_TXOUTCLK[1]
Waveform(ns):       { 0.000 1.000 }
Period(ns):         2.000
Sources:            { u_pcie_xdma/inst/pcie4_ip_i/inst/xdma_0_pcie4_ip_gt_top_i/diablo_gt.diablo_gt_phy_wrapper/gt_wizard.gtwizard_top_i/xdma_0_pcie4_ip_gt_i/inst/gen_gtwizard_gtye4_top.xdma_0_pcie4_ip_gt_gtwizard_gtye4_inst/gen_gtwizard_gtye4.gen_channel_container[3].gen_enabled_channel.gtye4_channel_wrapper_inst/channel_inst/gtye4_channel_gen.gen_gtye4_channel_inst[1].GTYE4_CHANNEL_PRIM_INST/TXOUTCLK }

Check Type  Corner  Lib Pin    Reference Pin  Required(ns)  Actual(ns)  Slack(ns)  Location       Pin
Min Period  n/a     BUFG_GT/I  n/a            1.499         2.000       0.501      BUFG_GT_X0Y21  u_pcie_xdma/inst/pcie4_ip_i/inst/xdma_0_pcie4_ip_gt_top_i/diablo_gt.diablo_gt_phy_wrapper/gt_wizard.gtwizard_top_i/xdma_0_pcie4_ip_gt_i/inst/gen_gtwizard_gtye4_top.xdma_0_pcie4_ip_gt_gtwizard_gtye4_inst/gen_gtwizard_gtye4.gen_cpll_cal_gtye4.gen_cpll_cal_inst[1].gen_inst_cpll_cal.gtwizard_ultrascale_v1_7_22_gtye4_cpll_cal_inst/gtwizard_ultrascale_v1_7_22_gtye4_cpll_cal_tx_i/bufg_gt_txoutclkmon_inst/I



---------------------------------------------------------------------------------------------------
From Clock:  GTYE4_CHANNEL_TXOUTCLK[2]
  To Clock:  GTYE4_CHANNEL_TXOUTCLK[2]

Setup :           NA  Failing Endpoints,  Worst Slack           NA  ,  Total Violation           NA
Hold  :           NA  Failing Endpoints,  Worst Slack           NA  ,  Total Violation           NA
PW    :            0  Failing Endpoints,  Worst Slack        0.501ns,  Total Violation        0.000ns
---------------------------------------------------------------------------------------------------


Pulse Width Checks
--------------------------------------------------------------------------------------
Clock Name:         GTYE4_CHANNEL_TXOUTCLK[2]
Waveform(ns):       { 0.000 1.000 }
Period(ns):         2.000
Sources:            { u_pcie_xdma/inst/pcie4_ip_i/inst/xdma_0_pcie4_ip_gt_top_i/diablo_gt.diablo_gt_phy_wrapper/gt_wizard.gtwizard_top_i/xdma_0_pcie4_ip_gt_i/inst/gen_gtwizard_gtye4_top.xdma_0_pcie4_ip_gt_gtwizard_gtye4_inst/gen_gtwizard_gtye4.gen_channel_container[3].gen_enabled_channel.gtye4_channel_wrapper_inst/channel_inst/gtye4_channel_gen.gen_gtye4_channel_inst[2].GTYE4_CHANNEL_PRIM_INST/TXOUTCLK }

Check Type  Corner  Lib Pin    Reference Pin  Required(ns)  Actual(ns)  Slack(ns)  Location       Pin
Min Period  n/a     BUFG_GT/I  n/a            1.499         2.000       0.501      BUFG_GT_X0Y20  u_pcie_xdma/inst/pcie4_ip_i/inst/xdma_0_pcie4_ip_gt_top_i/diablo_gt.diablo_gt_phy_wrapper/gt_wizard.gtwizard_top_i/xdma_0_pcie4_ip_gt_i/inst/gen_gtwizard_gtye4_top.xdma_0_pcie4_ip_gt_gtwizard_gtye4_inst/gen_gtwizard_gtye4.gen_cpll_cal_gtye4.gen_cpll_cal_inst[2].gen_inst_cpll_cal.gtwizard_ultrascale_v1_7_22_gtye4_cpll_cal_inst/gtwizard_ultrascale_v1_7_22_gtye4_cpll_cal_tx_i/bufg_gt_txoutclkmon_inst/I



---------------------------------------------------------------------------------------------------
From Clock:  GTYE4_CHANNEL_TXOUTCLK[3]
  To Clock:  GTYE4_CHANNEL_TXOUTCLK[3]

Setup :           NA  Failing Endpoints,  Worst Slack           NA  ,  Total Violation           NA
Hold  :           NA  Failing Endpoints,  Worst Slack           NA  ,  Total Violation           NA
PW    :            0  Failing Endpoints,  Worst Slack        0.501ns,  Total Violation        0.000ns
---------------------------------------------------------------------------------------------------


Pulse Width Checks
--------------------------------------------------------------------------------------
Clock Name:         GTYE4_CHANNEL_TXOUTCLK[3]
Waveform(ns):       { 0.000 1.000 }
Period(ns):         2.000
Sources:            { u_pcie_xdma/inst/pcie4_ip_i/inst/xdma_0_pcie4_ip_gt_top_i/diablo_gt.diablo_gt_phy_wrapper/gt_wizard.gtwizard_top_i/xdma_0_pcie4_ip_gt_i/inst/gen_gtwizard_gtye4_top.xdma_0_pcie4_ip_gt_gtwizard_gtye4_inst/gen_gtwizard_gtye4.gen_channel_container[3].gen_enabled_channel.gtye4_channel_wrapper_inst/channel_inst/gtye4_channel_gen.gen_gtye4_channel_inst[3].GTYE4_CHANNEL_PRIM_INST/TXOUTCLK }

Check Type  Corner  Lib Pin    Reference Pin  Required(ns)  Actual(ns)  Slack(ns)  Location       Pin
Min Period  n/a     BUFG_GT/I  n/a            1.499         2.000       0.501      BUFG_GT_X0Y19  u_pcie_xdma/inst/pcie4_ip_i/inst/xdma_0_pcie4_ip_gt_top_i/diablo_gt.diablo_gt_phy_wrapper/gt_wizard.gtwizard_top_i/xdma_0_pcie4_ip_gt_i/inst/gen_gtwizard_gtye4_top.xdma_0_pcie4_ip_gt_gtwizard_gtye4_inst/gen_gtwizard_gtye4.gen_cpll_cal_gtye4.gen_cpll_cal_inst[3].gen_inst_cpll_cal.gtwizard_ultrascale_v1_7_22_gtye4_cpll_cal_inst/gtwizard_ultrascale_v1_7_22_gtye4_cpll_cal_tx_i/bufg_gt_txoutclkmon_inst/I



---------------------------------------------------------------------------------------------------
From Clock:  pcie_axi_aclk
  To Clock:  pcie_axi_aclk

Setup :            0  Failing Endpoints,  Worst Slack        0.352ns,  Total Violation        0.000ns
Hold  :            0  Failing Endpoints,  Worst Slack        0.008ns,  Total Violation        0.000ns
PW    :            0  Failing Endpoints,  Worst Slack        0.207ns,  Total Violation        0.000ns
---------------------------------------------------------------------------------------------------


Max Delay Paths
--------------------------------------------------------------------------------------
Slack (MET) :             0.352ns  (required time - arrival time)
  Source:                 u_pcie_xdma/inst/pcie4_ip_i/inst/user_reset_reg/C
                            (rising edge-triggered cell FDPE clocked by pcie_axi_aclk  {rise@0.000ns fall@2.000ns period=4.000ns})
  Destination:            u_pcie_xdma/inst/ram_top/gen_h2c_bram.H2C_DAT0_FIFO/enb_reg/D
                            (rising edge-triggered cell FDRE clocked by pcie_axi_aclk  {rise@0.000ns fall@2.000ns period=4.000ns})
  Path Group:             pcie_axi_aclk
  Path Type:              Setup (Max at Slow Process Corner)
  Requirement:            4.000ns  (pcie_axi_aclk rise@4.000ns - pcie_axi_aclk rise@0.000ns)
  Data Path Delay:        3.697ns  (logic 0.278ns (7.519%)  route 3.419ns (92.481%))
  Logic Levels:           1  (LUT1=1)
  Clock Path Skew:        0.068ns (DCD - SCD + CPR)
    Destination Clock Delay (DCD):    1.981ns = ( 5.981 - 4.000 ) 
    Source Clock Delay      (SCD):    2.063ns
    Clock Pessimism Removal (CPR):    0.150ns
  Clock Uncertainty:      0.046ns  ((TSJ^2 + DJ^2)^1/2) / 2 + PE
    Total System Jitter     (TSJ):    0.071ns
    Discrete Jitter          (DJ):    0.060ns
    Phase Error              (PE):    0.000ns
  Clock Net Delay (Source):      1.834ns (routing 0.796ns, distribution 1.038ns)
  Clock Net Delay (Destination): 1.777ns (routing 0.723ns, distribution 1.054ns)

    Location             Delay type                Incr(ns)  Path(ns)    Netlist Resource(s)
  -------------------------------------------------------------------    -------------------
                         (clock pcie_axi_aclk rise edge)
                                                      0.000     0.000 r  
    GTYE4_CHANNEL_X0Y3   GTYE4_CHANNEL                0.000     0.000 r  u_pcie_xdma/inst/pcie4_ip_i/inst/xdma_0_pcie4_ip_gt_top_i/diablo_gt.diablo_gt_phy_wrapper/gt_wizard.gtwizard_top_i/xdma_0_pcie4_ip_gt_i/inst/gen_gtwizard_gtye4_top.xdma_0_pcie4_ip_gt_gtwizard_gtye4_inst/gen_gtwizard_gtye4.gen_channel_container[3].gen_enabled_channel.gtye4_channel_wrapper_inst/channel_inst/gtye4_channel_gen.gen_gtye4_channel_inst[3].GTYE4_CHANNEL_PRIM_INST/TXOUTCLK
                         net (fo=6, routed)           0.090     0.090    u_pcie_xdma/inst/pcie4_ip_i/inst/xdma_0_pcie4_ip_gt_top_i/diablo_gt.diablo_gt_phy_wrapper/phy_clk_i/CLK_TXOUTCLK
    BUFG_GT_X0Y18        BUFG_GT (Prop_BUFG_GT_I_O)
                                                      0.139     0.229 r  u_pcie_xdma/inst/pcie4_ip_i/inst/xdma_0_pcie4_ip_gt_top_i/diablo_gt.diablo_gt_phy_wrapper/phy_clk_i/bufg_gt_coreclk/O
    X1Y0 (CLOCK_ROOT)    net (fo=20543, routed)       1.834     2.063    u_pcie_xdma/inst/pcie4_ip_i/inst/user_clk
    SLICE_X60Y69         FDPE                                         r  u_pcie_xdma/inst/pcie4_ip_i/inst/user_reset_reg/C
  -------------------------------------------------------------------    -------------------
    SLICE_X60Y69         FDPE (Prop_AFF_SLICEL_C_Q)
                                                      0.096     2.159 f  u_pcie_xdma/inst/pcie4_ip_i/inst/user_reset_reg/Q
                         net (fo=4944, routed)        3.351     5.510    u_pcie_xdma/inst/ram_top/gen_h2c_bram.H2C_DAT0_FIFO/user_reset
    SLICE_X96Y83         LUT1 (Prop_H6LUT_SLICEM_I0_O)
                                                      0.182     5.692 r  u_pcie_xdma/inst/ram_top/gen_h2c_bram.H2C_DAT0_FIFO/enb_i_1/O
                         net (fo=1, routed)           0.068     5.760    u_pcie_xdma/inst/ram_top/gen_h2c_bram.H2C_DAT0_FIFO/enb_i_1_n_0
    SLICE_X96Y83         FDRE                                         r  u_pcie_xdma/inst/ram_top/gen_h2c_bram.H2C_DAT0_FIFO/enb_reg/D
  -------------------------------------------------------------------    -------------------

                         (clock pcie_axi_aclk rise edge)
                                                      4.000     4.000 r  
    GTYE4_CHANNEL_X0Y3   GTYE4_CHANNEL                0.000     4.000 r  u_pcie_xdma/inst/pcie4_ip_i/inst/xdma_0_pcie4_ip_gt_top_i/diablo_gt.diablo_gt_phy_wrapper/gt_wizard.gtwizard_top_i/xdma_0_pcie4_ip_gt_i/inst/gen_gtwizard_gtye4_top.xdma_0_pcie4_ip_gt_gtwizard_gtye4_inst/gen_gtwizard_gtye4.gen_channel_container[3].gen_enabled_channel.gtye4_channel_wrapper_inst/channel_inst/gtye4_channel_gen.gen_gtye4_channel_inst[3].GTYE4_CHANNEL_PRIM_INST/TXOUTCLK
                         net (fo=6, routed)           0.082     4.082    u_pcie_xdma/inst/pcie4_ip_i/inst/xdma_0_pcie4_ip_gt_top_i/diablo_gt.diablo_gt_phy_wrapper/phy_clk_i/CLK_TXOUTCLK
    BUFG_GT_X0Y18        BUFG_GT (Prop_BUFG_GT_I_O)
                                                      0.122     4.204 r  u_pcie_xdma/inst/pcie4_ip_i/inst/xdma_0_pcie4_ip_gt_top_i/diablo_gt.diablo_gt_phy_wrapper/phy_clk_i/bufg_gt_coreclk/O
    X1Y0 (CLOCK_ROOT)    net (fo=20543, routed)       1.777     5.981    u_pcie_xdma/inst/ram_top/gen_h2c_bram.H2C_DAT0_FIFO/user_clk
    SLICE_X96Y83         FDRE                                         r  u_pcie_xdma/inst/ram_top/gen_h2c_bram.H2C_DAT0_FIFO/enb_reg/C
                         clock pessimism              0.150     6.131    
                         clock uncertainty           -0.046     6.085    
    SLICE_X96Y83         FDRE (Setup_HFF_SLICEM_C_D)
                                                      0.027     6.112    u_pcie_xdma/inst/ram_top/gen_h2c_bram.H2C_DAT0_FIFO/enb_reg
  -------------------------------------------------------------------
                         required time                          6.112    
                         arrival time                          -5.760    
  -------------------------------------------------------------------
                         slack                                  0.352    





Min Delay Paths
--------------------------------------------------------------------------------------
Slack (MET) :             0.008ns  (arrival time - required time)
  Source:                 u_pcie_xdma/inst/udma_wrapper/dma_top/dma_enable.vul_dma/WR/gen_rdwr_loop[0].gen_rdwr_eng.RDWR_INST/wrq_adr_out_303_reg[40]/C
                            (rising edge-triggered cell FDRE clocked by pcie_axi_aclk  {rise@0.000ns fall@2.000ns period=4.000ns})
  Destination:            u_pcie_xdma/inst/udma_wrapper/dma_top/dma_enable.vul_dma/WR/gen_rdwr_loop[0].gen_rdwr_eng.RDWR_INST/WRQ_FIFO/MemArray_reg_0_3_84_97/RAMB_D1/I
                            (rising edge-triggered cell RAMD32 clocked by pcie_axi_aclk  {rise@0.000ns fall@2.000ns period=4.000ns})
  Path Group:             pcie_axi_aclk
  Path Type:              Hold (Min at Slow Process Corner)
  Requirement:            0.000ns  (pcie_axi_aclk rise@0.000ns - pcie_axi_aclk rise@0.000ns)
  Data Path Delay:        0.314ns  (logic 0.072ns (22.946%)  route 0.242ns (77.054%))
  Logic Levels:           0  
  Clock Path Skew:        0.242ns (DCD - SCD - CPR)
    Destination Clock Delay (DCD):    2.215ns
    Source Clock Delay      (SCD):    1.875ns
    Clock Pessimism Removal (CPR):    0.098ns
  Clock Net Delay (Source):      1.671ns (routing 0.723ns, distribution 0.948ns)
  Clock Net Delay (Destination): 1.986ns (routing 0.796ns, distribution 1.190ns)

    Location             Delay type                Incr(ns)  Path(ns)    Netlist Resource(s)
  -------------------------------------------------------------------    -------------------
                         (clock pcie_axi_aclk rise edge)
                                                      0.000     0.000 r  
    GTYE4_CHANNEL_X0Y3   GTYE4_CHANNEL                0.000     0.000 r  u_pcie_xdma/inst/pcie4_ip_i/inst/xdma_0_pcie4_ip_gt_top_i/diablo_gt.diablo_gt_phy_wrapper/gt_wizard.gtwizard_top_i/xdma_0_pcie4_ip_gt_i/inst/gen_gtwizard_gtye4_top.xdma_0_pcie4_ip_gt_gtwizard_gtye4_inst/gen_gtwizard_gtye4.gen_channel_container[3].gen_enabled_channel.gtye4_channel_wrapper_inst/channel_inst/gtye4_channel_gen.gen_gtye4_channel_inst[3].GTYE4_CHANNEL_PRIM_INST/TXOUTCLK
                         net (fo=6, routed)           0.082     0.082    u_pcie_xdma/inst/pcie4_ip_i/inst/xdma_0_pcie4_ip_gt_top_i/diablo_gt.diablo_gt_phy_wrapper/phy_clk_i/CLK_TXOUTCLK
    BUFG_GT_X0Y18        BUFG_GT (Prop_BUFG_GT_I_O)
                                                      0.122     0.204 r  u_pcie_xdma/inst/pcie4_ip_i/inst/xdma_0_pcie4_ip_gt_top_i/diablo_gt.diablo_gt_phy_wrapper/phy_clk_i/bufg_gt_coreclk/O
    X1Y0 (CLOCK_ROOT)    net (fo=20543, routed)       1.671     1.875    u_pcie_xdma/inst/udma_wrapper/dma_top/dma_enable.vul_dma/WR/gen_rdwr_loop[0].gen_rdwr_eng.RDWR_INST/user_clk
    SLICE_X85Y59         FDRE                                         r  u_pcie_xdma/inst/udma_wrapper/dma_top/dma_enable.vul_dma/WR/gen_rdwr_loop[0].gen_rdwr_eng.RDWR_INST/wrq_adr_out_303_reg[40]/C
  -------------------------------------------------------------------    -------------------
    SLICE_X85Y59         FDRE (Prop_EFF2_SLICEL_C_Q)
                                                      0.072     1.947 r  u_pcie_xdma/inst/udma_wrapper/dma_top/dma_enable.vul_dma/WR/gen_rdwr_loop[0].gen_rdwr_eng.RDWR_INST/wrq_adr_out_303_reg[40]/Q
                         net (fo=2, routed)           0.242     2.189    u_pcie_xdma/inst/udma_wrapper/dma_top/dma_enable.vul_dma/WR/gen_rdwr_loop[0].gen_rdwr_eng.RDWR_INST/WRQ_FIFO/MemArray_reg_0_3_84_97/DIB1
    SLICE_X86Y60         RAMD32                                       r  u_pcie_xdma/inst/udma_wrapper/dma_top/dma_enable.vul_dma/WR/gen_rdwr_loop[0].gen_rdwr_eng.RDWR_INST/WRQ_FIFO/MemArray_reg_0_3_84_97/RAMB_D1/I
  -------------------------------------------------------------------    -------------------

                         (clock pcie_axi_aclk rise edge)
                                                      0.000     0.000 r  
    GTYE4_CHANNEL_X0Y3   GTYE4_CHANNEL                0.000     0.000 r  u_pcie_xdma/inst/pcie4_ip_i/inst/xdma_0_pcie4_ip_gt_top_i/diablo_gt.diablo_gt_phy_wrapper/gt_wizard.gtwizard_top_i/xdma_0_pcie4_ip_gt_i/inst/gen_gtwizard_gtye4_top.xdma_0_pcie4_ip_gt_gtwizard_gtye4_inst/gen_gtwizard_gtye4.gen_channel_container[3].gen_enabled_channel.gtye4_channel_wrapper_inst/channel_inst/gtye4_channel_gen.gen_gtye4_channel_inst[3].GTYE4_CHANNEL_PRIM_INST/TXOUTCLK
                         net (fo=6, routed)           0.090     0.090    u_pcie_xdma/inst/pcie4_ip_i/inst/xdma_0_pcie4_ip_gt_top_i/diablo_gt.diablo_gt_phy_wrapper/phy_clk_i/CLK_TXOUTCLK
    BUFG_GT_X0Y18        BUFG_GT (Prop_BUFG_GT_I_O)
                                                      0.139     0.229 r  u_pcie_xdma/inst/pcie4_ip_i/inst/xdma_0_pcie4_ip_gt_top_i/diablo_gt.diablo_gt_phy_wrapper/phy_clk_i/bufg_gt_coreclk/O
    X1Y0 (CLOCK_ROOT)    net (fo=20543, routed)       1.986     2.215    u_pcie_xdma/inst/udma_wrapper/dma_top/dma_enable.vul_dma/WR/gen_rdwr_loop[0].gen_rdwr_eng.RDWR_INST/WRQ_FIFO/MemArray_reg_0_3_84_97/WCLK
    SLICE_X86Y60         RAMD32                                       r  u_pcie_xdma/inst/udma_wrapper/dma_top/dma_enable.vul_dma/WR/gen_rdwr_loop[0].gen_rdwr_eng.RDWR_INST/WRQ_FIFO/MemArray_reg_0_3_84_97/RAMB_D1/CLK
                         clock pessimism             -0.098     2.117    
    SLICE_X86Y60         RAMD32 (Hold_B6LUT_SLICEM_CLK_I)
                                                      0.064     2.181    u_pcie_xdma/inst/udma_wrapper/dma_top/dma_enable.vul_dma/WR/gen_rdwr_loop[0].gen_rdwr_eng.RDWR_INST/WRQ_FIFO/MemArray_reg_0_3_84_97/RAMB_D1
  -------------------------------------------------------------------
                         required time                         -2.181    
                         arrival time                           2.189    
  -------------------------------------------------------------------
                         slack                                  0.008    





Pulse Width Checks
--------------------------------------------------------------------------------------
Clock Name:         pcie_axi_aclk
Waveform(ns):       { 0.000 2.000 }
Period(ns):         4.000
Sources:            { u_pcie_xdma/inst/pcie4_ip_i/inst/xdma_0_pcie4_ip_gt_top_i/diablo_gt.diablo_gt_phy_wrapper/phy_clk_i/bufg_gt_coreclk/O }

Check Type        Corner  Lib Pin                       Reference Pin     Required(ns)  Actual(ns)  Slack(ns)  Location       Pin
Min Period        n/a     PCIE40E4/CORECLK              n/a               2.000         4.000       2.000      PCIE40E4_X0Y0  u_pcie_xdma/inst/pcie4_ip_i/inst/xdma_0_pcie4_ip_pcie_4_0_pipe_inst/pcie_4_0_e4_inst/CORECLK
Low Pulse Width   Slow    RAMD32/CLK                    n/a               0.573         2.000       1.427      SLICE_X101Y31  u_pcie_xdma/inst/udma_wrapper/dma_top/axi4mm_axi_mm_master_top_inst/axi4mm_axi_str_masterbr_rdtlp_inst/rdtlpfbeq_reg_0_7_0_3/RAMA/CLK
High Pulse Width  Slow    RAMD32/CLK                    n/a               0.573         2.000       1.427      SLICE_X101Y31  u_pcie_xdma/inst/udma_wrapper/dma_top/axi4mm_axi_mm_master_top_inst/axi4mm_axi_str_masterbr_rdtlp_inst/rdtlpfbeq_reg_0_7_0_3/RAMA/CLK
Max Skew          Fast    PCIE40E4/CORECLKMIREPLAYRAM0  PCIE40E4/CORECLK  0.281         0.074       0.207      PCIE40E4_X0Y0  u_pcie_xdma/inst/pcie4_ip_i/inst/xdma_0_pcie4_ip_pcie_4_0_pipe_inst/pcie_4_0_e4_inst/CORECLKMIREPLAYRAM0



---------------------------------------------------------------------------------------------------
From Clock:  pipe_clk
  To Clock:  pipe_clk

Setup :            0  Failing Endpoints,  Worst Slack        0.768ns,  Total Violation        0.000ns
Hold  :            0  Failing Endpoints,  Worst Slack        0.012ns,  Total Violation        0.000ns
PW    :            0  Failing Endpoints,  Worst Slack        0.000ns,  Total Violation        0.000ns
---------------------------------------------------------------------------------------------------


Max Delay Paths
--------------------------------------------------------------------------------------
Slack (MET) :             0.768ns  (required time - arrival time)
  Source:                 u_pcie_xdma/inst/pcie4_ip_i/inst/xdma_0_pcie4_ip_gt_top_i/diablo_gt.diablo_gt_phy_wrapper/phy_rst_i/prst_n_r_rep_reg/C
                            (rising edge-triggered cell FDRE clocked by pipe_clk  {rise@0.000ns fall@2.000ns period=4.000ns})
  Destination:            u_pcie_xdma/inst/pcie4_ip_i/inst/xdma_0_pcie4_ip_gt_top_i/diablo_gt.diablo_gt_phy_wrapper/phy_lane[0].phy_txeq_i/coeff_reg[11]/D
                            (rising edge-triggered cell FDRE clocked by pipe_clk  {rise@0.000ns fall@2.000ns period=4.000ns})
  Path Group:             pipe_clk
  Path Type:              Setup (Max at Slow Process Corner)
  Requirement:            4.000ns  (pipe_clk rise@4.000ns - pipe_clk rise@0.000ns)
  Data Path Delay:        3.157ns  (logic 0.442ns (14.001%)  route 2.715ns (85.999%))
  Logic Levels:           2  (LUT5=2)
  Clock Path Skew:        -0.056ns (DCD - SCD + CPR)
    Destination Clock Delay (DCD):    2.014ns = ( 6.014 - 4.000 ) 
    Source Clock Delay      (SCD):    2.224ns
    Clock Pessimism Removal (CPR):    0.154ns
  Clock Uncertainty:      0.046ns  ((TSJ^2 + DJ^2)^1/2) / 2 + PE
    Total System Jitter     (TSJ):    0.071ns
    Discrete Jitter          (DJ):    0.060ns
    Phase Error              (PE):    0.000ns
  Clock Net Delay (Source):      1.995ns (routing 0.805ns, distribution 1.190ns)
  Clock Net Delay (Destination): 1.810ns (routing 0.734ns, distribution 1.076ns)

    Location             Delay type                Incr(ns)  Path(ns)    Netlist Resource(s)
  -------------------------------------------------------------------    -------------------
                         (clock pipe_clk rise edge)
                                                      0.000     0.000 r  
    GTYE4_CHANNEL_X0Y3   GTYE4_CHANNEL                0.000     0.000 r  u_pcie_xdma/inst/pcie4_ip_i/inst/xdma_0_pcie4_ip_gt_top_i/diablo_gt.diablo_gt_phy_wrapper/gt_wizard.gtwizard_top_i/xdma_0_pcie4_ip_gt_i/inst/gen_gtwizard_gtye4_top.xdma_0_pcie4_ip_gt_gtwizard_gtye4_inst/gen_gtwizard_gtye4.gen_channel_container[3].gen_enabled_channel.gtye4_channel_wrapper_inst/channel_inst/gtye4_channel_gen.gen_gtye4_channel_inst[3].GTYE4_CHANNEL_PRIM_INST/TXOUTCLK
                         net (fo=6, routed)           0.090     0.090    u_pcie_xdma/inst/pcie4_ip_i/inst/xdma_0_pcie4_ip_gt_top_i/diablo_gt.diablo_gt_phy_wrapper/phy_clk_i/CLK_TXOUTCLK
    BUFG_GT_X0Y12        BUFG_GT (Prop_BUFG_GT_I_O)
                                                      0.139     0.229 r  u_pcie_xdma/inst/pcie4_ip_i/inst/xdma_0_pcie4_ip_gt_top_i/diablo_gt.diablo_gt_phy_wrapper/phy_clk_i/bufg_gt_pclk/O
    X1Y0 (CLOCK_ROOT)    net (fo=1138, routed)        1.995     2.224    u_pcie_xdma/inst/pcie4_ip_i/inst/xdma_0_pcie4_ip_gt_top_i/diablo_gt.diablo_gt_phy_wrapper/phy_rst_i/CLK_PCLK2_GT
    SLICE_X100Y4         FDRE                                         r  u_pcie_xdma/inst/pcie4_ip_i/inst/xdma_0_pcie4_ip_gt_top_i/diablo_gt.diablo_gt_phy_wrapper/phy_rst_i/prst_n_r_rep_reg/C
  -------------------------------------------------------------------    -------------------
    SLICE_X100Y4         FDRE (Prop_EFF_SLICEL_C_Q)
                                                      0.096     2.320 r  u_pcie_xdma/inst/pcie4_ip_i/inst/xdma_0_pcie4_ip_gt_top_i/diablo_gt.diablo_gt_phy_wrapper/phy_rst_i/prst_n_r_rep_reg/Q
                         net (fo=208, routed)         2.118     4.438    u_pcie_xdma/inst/pcie4_ip_i/inst/xdma_0_pcie4_ip_gt_top_i/diablo_gt.diablo_gt_phy_wrapper/phy_lane[0].phy_txeq_i/prst_n_r_rep
    SLICE_X108Y51        LUT5 (Prop_C5LUT_SLICEL_I1_O)
                                                      0.195     4.633 r  u_pcie_xdma/inst/pcie4_ip_i/inst/xdma_0_pcie4_ip_gt_top_i/diablo_gt.diablo_gt_phy_wrapper/phy_lane[0].phy_txeq_i/coeff[18]_i_3/O
                         net (fo=19, routed)          0.529     5.162    u_pcie_xdma/inst/pcie4_ip_i/inst/xdma_0_pcie4_ip_gt_top_i/diablo_gt.diablo_gt_phy_wrapper/phy_lane[0].phy_txeq_i/coeff[18]_i_3_n_0
    SLICE_X110Y52        LUT5 (Prop_H6LUT_SLICEM_I0_O)
                                                      0.151     5.313 r  u_pcie_xdma/inst/pcie4_ip_i/inst/xdma_0_pcie4_ip_gt_top_i/diablo_gt.diablo_gt_phy_wrapper/phy_lane[0].phy_txeq_i/coeff[11]_i_1__2/O
                         net (fo=1, routed)           0.068     5.381    u_pcie_xdma/inst/pcie4_ip_i/inst/xdma_0_pcie4_ip_gt_top_i/diablo_gt.diablo_gt_phy_wrapper/phy_lane[0].phy_txeq_i/p_1_in[11]
    SLICE_X110Y52        FDRE                                         r  u_pcie_xdma/inst/pcie4_ip_i/inst/xdma_0_pcie4_ip_gt_top_i/diablo_gt.diablo_gt_phy_wrapper/phy_lane[0].phy_txeq_i/coeff_reg[11]/D
  -------------------------------------------------------------------    -------------------

                         (clock pipe_clk rise edge)
                                                      4.000     4.000 r  
    GTYE4_CHANNEL_X0Y3   GTYE4_CHANNEL                0.000     4.000 r  u_pcie_xdma/inst/pcie4_ip_i/inst/xdma_0_pcie4_ip_gt_top_i/diablo_gt.diablo_gt_phy_wrapper/gt_wizard.gtwizard_top_i/xdma_0_pcie4_ip_gt_i/inst/gen_gtwizard_gtye4_top.xdma_0_pcie4_ip_gt_gtwizard_gtye4_inst/gen_gtwizard_gtye4.gen_channel_container[3].gen_enabled_channel.gtye4_channel_wrapper_inst/channel_inst/gtye4_channel_gen.gen_gtye4_channel_inst[3].GTYE4_CHANNEL_PRIM_INST/TXOUTCLK
                         net (fo=6, routed)           0.082     4.082    u_pcie_xdma/inst/pcie4_ip_i/inst/xdma_0_pcie4_ip_gt_top_i/diablo_gt.diablo_gt_phy_wrapper/phy_clk_i/CLK_TXOUTCLK
    BUFG_GT_X0Y12        BUFG_GT (Prop_BUFG_GT_I_O)
                                                      0.122     4.204 r  u_pcie_xdma/inst/pcie4_ip_i/inst/xdma_0_pcie4_ip_gt_top_i/diablo_gt.diablo_gt_phy_wrapper/phy_clk_i/bufg_gt_pclk/O
    X1Y0 (CLOCK_ROOT)    net (fo=1138, routed)        1.810     6.014    u_pcie_xdma/inst/pcie4_ip_i/inst/xdma_0_pcie4_ip_gt_top_i/diablo_gt.diablo_gt_phy_wrapper/phy_lane[0].phy_txeq_i/CLK_PCLK2_GT
    SLICE_X110Y52        FDRE                                         r  u_pcie_xdma/inst/pcie4_ip_i/inst/xdma_0_pcie4_ip_gt_top_i/diablo_gt.diablo_gt_phy_wrapper/phy_lane[0].phy_txeq_i/coeff_reg[11]/C
                         clock pessimism              0.154     6.168    
                         clock uncertainty           -0.046     6.122    
    SLICE_X110Y52        FDRE (Setup_HFF_SLICEM_C_D)
                                                      0.027     6.149    u_pcie_xdma/inst/pcie4_ip_i/inst/xdma_0_pcie4_ip_gt_top_i/diablo_gt.diablo_gt_phy_wrapper/phy_lane[0].phy_txeq_i/coeff_reg[11]
  -------------------------------------------------------------------
                         required time                          6.149    
                         arrival time                          -5.381    
  -------------------------------------------------------------------
                         slack                                  0.768    





Min Delay Paths
--------------------------------------------------------------------------------------
Slack (MET) :             0.012ns  (arrival time - required time)
  Source:                 u_pcie_xdma/inst/pcie4_ip_i/inst/xdma_0_pcie4_ip_gt_top_i/phy_pipeline/per_lane_ff_chain[2].phy_txdata_chain/with_ff_chain.ff_chain_gen[0].sync_rst.ff_chain_reg[1][12]/C
                            (rising edge-triggered cell FDRE clocked by pipe_clk  {rise@0.000ns fall@2.000ns period=4.000ns})
  Destination:            u_pcie_xdma/inst/pcie4_ip_i/inst/xdma_0_pcie4_ip_gt_top_i/diablo_gt.diablo_gt_phy_wrapper/gt_wizard.gtwizard_top_i/xdma_0_pcie4_ip_gt_i/inst/gen_gtwizard_gtye4_top.xdma_0_pcie4_ip_gt_gtwizard_gtye4_inst/gen_gtwizard_gtye4.gen_channel_container[3].gen_enabled_channel.gtye4_channel_wrapper_inst/channel_inst/gtye4_channel_gen.gen_gtye4_channel_inst[1].GTYE4_CHANNEL_PRIM_INST/TXDATA[12]
                            (rising edge-triggered cell GTYE4_CHANNEL clocked by pipe_clk  {rise@0.000ns fall@2.000ns period=4.000ns})
  Path Group:             pipe_clk
  Path Type:              Hold (Min at Slow Process Corner)
  Requirement:            0.000ns  (pipe_clk rise@0.000ns - pipe_clk rise@0.000ns)
  Data Path Delay:        0.366ns  (logic 0.072ns (19.672%)  route 0.294ns (80.328%))
  Logic Levels:           0  
  Clock Path Skew:        0.107ns (DCD - SCD - CPR)
    Destination Clock Delay (DCD):    2.249ns
    Source Clock Delay      (SCD):    1.988ns
    Clock Pessimism Removal (CPR):    0.154ns
  Clock Net Delay (Source):      1.784ns (routing 0.734ns, distribution 1.050ns)
  Clock Net Delay (Destination): 2.020ns (routing 0.805ns, distribution 1.215ns)

    Location             Delay type                Incr(ns)  Path(ns)    Netlist Resource(s)
  -------------------------------------------------------------------    -------------------
                         (clock pipe_clk rise edge)
                                                      0.000     0.000 r  
    GTYE4_CHANNEL_X0Y3   GTYE4_CHANNEL                0.000     0.000 r  u_pcie_xdma/inst/pcie4_ip_i/inst/xdma_0_pcie4_ip_gt_top_i/diablo_gt.diablo_gt_phy_wrapper/gt_wizard.gtwizard_top_i/xdma_0_pcie4_ip_gt_i/inst/gen_gtwizard_gtye4_top.xdma_0_pcie4_ip_gt_gtwizard_gtye4_inst/gen_gtwizard_gtye4.gen_channel_container[3].gen_enabled_channel.gtye4_channel_wrapper_inst/channel_inst/gtye4_channel_gen.gen_gtye4_channel_inst[3].GTYE4_CHANNEL_PRIM_INST/TXOUTCLK
                         net (fo=6, routed)           0.082     0.082    u_pcie_xdma/inst/pcie4_ip_i/inst/xdma_0_pcie4_ip_gt_top_i/diablo_gt.diablo_gt_phy_wrapper/phy_clk_i/CLK_TXOUTCLK
    BUFG_GT_X0Y12        BUFG_GT (Prop_BUFG_GT_I_O)
                                                      0.122     0.204 r  u_pcie_xdma/inst/pcie4_ip_i/inst/xdma_0_pcie4_ip_gt_top_i/diablo_gt.diablo_gt_phy_wrapper/phy_clk_i/bufg_gt_pclk/O
    X1Y0 (CLOCK_ROOT)    net (fo=1138, routed)        1.784     1.988    u_pcie_xdma/inst/pcie4_ip_i/inst/xdma_0_pcie4_ip_gt_top_i/phy_pipeline/per_lane_ff_chain[2].phy_txdata_chain/CLK_PCLK2
    SLICE_X108Y32        FDRE                                         r  u_pcie_xdma/inst/pcie4_ip_i/inst/xdma_0_pcie4_ip_gt_top_i/phy_pipeline/per_lane_ff_chain[2].phy_txdata_chain/with_ff_chain.ff_chain_gen[0].sync_rst.ff_chain_reg[1][12]/C
  -------------------------------------------------------------------    -------------------
    SLICE_X108Y32        FDRE (Prop_EFF2_SLICEL_C_Q)
                                                      0.072     2.060 r  u_pcie_xdma/inst/pcie4_ip_i/inst/xdma_0_pcie4_ip_gt_top_i/phy_pipeline/per_lane_ff_chain[2].phy_txdata_chain/with_ff_chain.ff_chain_gen[0].sync_rst.ff_chain_reg[1][12]/Q
                         net (fo=1, routed)           0.294     2.354    u_pcie_xdma/inst/pcie4_ip_i/inst/xdma_0_pcie4_ip_gt_top_i/diablo_gt.diablo_gt_phy_wrapper/gt_wizard.gtwizard_top_i/xdma_0_pcie4_ip_gt_i/inst/gen_gtwizard_gtye4_top.xdma_0_pcie4_ip_gt_gtwizard_gtye4_inst/gen_gtwizard_gtye4.gen_channel_container[3].gen_enabled_channel.gtye4_channel_wrapper_inst/channel_inst/txdata_in[44]
    GTYE4_CHANNEL_X0Y1   GTYE4_CHANNEL                                r  u_pcie_xdma/inst/pcie4_ip_i/inst/xdma_0_pcie4_ip_gt_top_i/diablo_gt.diablo_gt_phy_wrapper/gt_wizard.gtwizard_top_i/xdma_0_pcie4_ip_gt_i/inst/gen_gtwizard_gtye4_top.xdma_0_pcie4_ip_gt_gtwizard_gtye4_inst/gen_gtwizard_gtye4.gen_channel_container[3].gen_enabled_channel.gtye4_channel_wrapper_inst/channel_inst/gtye4_channel_gen.gen_gtye4_channel_inst[1].GTYE4_CHANNEL_PRIM_INST/TXDATA[12]
  -------------------------------------------------------------------    -------------------

                         (clock pipe_clk rise edge)
                                                      0.000     0.000 r  
    GTYE4_CHANNEL_X0Y3   GTYE4_CHANNEL                0.000     0.000 r  u_pcie_xdma/inst/pcie4_ip_i/inst/xdma_0_pcie4_ip_gt_top_i/diablo_gt.diablo_gt_phy_wrapper/gt_wizard.gtwizard_top_i/xdma_0_pcie4_ip_gt_i/inst/gen_gtwizard_gtye4_top.xdma_0_pcie4_ip_gt_gtwizard_gtye4_inst/gen_gtwizard_gtye4.gen_channel_container[3].gen_enabled_channel.gtye4_channel_wrapper_inst/channel_inst/gtye4_channel_gen.gen_gtye4_channel_inst[3].GTYE4_CHANNEL_PRIM_INST/TXOUTCLK
                         net (fo=6, routed)           0.090     0.090    u_pcie_xdma/inst/pcie4_ip_i/inst/xdma_0_pcie4_ip_gt_top_i/diablo_gt.diablo_gt_phy_wrapper/phy_clk_i/CLK_TXOUTCLK
    BUFG_GT_X0Y12        BUFG_GT (Prop_BUFG_GT_I_O)
                                                      0.139     0.229 r  u_pcie_xdma/inst/pcie4_ip_i/inst/xdma_0_pcie4_ip_gt_top_i/diablo_gt.diablo_gt_phy_wrapper/phy_clk_i/bufg_gt_pclk/O
    X1Y0 (CLOCK_ROOT)    net (fo=1138, routed)        2.020     2.249    u_pcie_xdma/inst/pcie4_ip_i/inst/xdma_0_pcie4_ip_gt_top_i/diablo_gt.diablo_gt_phy_wrapper/gt_wizard.gtwizard_top_i/xdma_0_pcie4_ip_gt_i/inst/gen_gtwizard_gtye4_top.xdma_0_pcie4_ip_gt_gtwizard_gtye4_inst/gen_gtwizard_gtye4.gen_channel_container[3].gen_enabled_channel.gtye4_channel_wrapper_inst/channel_inst/rxusrclk_in[0]
    GTYE4_CHANNEL_X0Y1   GTYE4_CHANNEL                                r  u_pcie_xdma/inst/pcie4_ip_i/inst/xdma_0_pcie4_ip_gt_top_i/diablo_gt.diablo_gt_phy_wrapper/gt_wizard.gtwizard_top_i/xdma_0_pcie4_ip_gt_i/inst/gen_gtwizard_gtye4_top.xdma_0_pcie4_ip_gt_gtwizard_gtye4_inst/gen_gtwizard_gtye4.gen_channel_container[3].gen_enabled_channel.gtye4_channel_wrapper_inst/channel_inst/gtye4_channel_gen.gen_gtye4_channel_inst[1].GTYE4_CHANNEL_PRIM_INST/TXUSRCLK2
                         clock pessimism             -0.154     2.095    
    GTYE4_CHANNEL_X0Y1   GTYE4_CHANNEL (Hold_GTYE4_CHANNEL_TXUSRCLK2_TXDATA[12])
                                                      0.247     2.342    u_pcie_xdma/inst/pcie4_ip_i/inst/xdma_0_pcie4_ip_gt_top_i/diablo_gt.diablo_gt_phy_wrapper/gt_wizard.gtwizard_top_i/xdma_0_pcie4_ip_gt_i/inst/gen_gtwizard_gtye4_top.xdma_0_pcie4_ip_gt_gtwizard_gtye4_inst/gen_gtwizard_gtye4.gen_channel_container[3].gen_enabled_channel.gtye4_channel_wrapper_inst/channel_inst/gtye4_channel_gen.gen_gtye4_channel_inst[1].GTYE4_CHANNEL_PRIM_INST
  -------------------------------------------------------------------
                         required time                         -2.342    
                         arrival time                           2.354    
  -------------------------------------------------------------------
                         slack                                  0.012    





Pulse Width Checks
--------------------------------------------------------------------------------------
Clock Name:         pipe_clk
Waveform(ns):       { 0.000 2.000 }
Period(ns):         4.000
Sources:            { u_pcie_xdma/inst/pcie4_ip_i/inst/xdma_0_pcie4_ip_gt_top_i/diablo_gt.diablo_gt_phy_wrapper/phy_clk_i/bufg_gt_pclk/O }

Check Type        Corner  Lib Pin                 Reference Pin     Required(ns)  Actual(ns)  Slack(ns)  Location            Pin
Min Period        n/a     PCIE40E4/PIPECLK        n/a               4.000         4.000       0.000      PCIE40E4_X0Y0       u_pcie_xdma/inst/pcie4_ip_i/inst/xdma_0_pcie4_ip_pcie_4_0_pipe_inst/pcie_4_0_e4_inst/PIPECLK
Low Pulse Width   Slow    GTYE4_CHANNEL/RXUSRCLK  n/a               1.117         2.000       0.883      GTYE4_CHANNEL_X0Y0  u_pcie_xdma/inst/pcie4_ip_i/inst/xdma_0_pcie4_ip_gt_top_i/diablo_gt.diablo_gt_phy_wrapper/gt_wizard.gtwizard_top_i/xdma_0_pcie4_ip_gt_i/inst/gen_gtwizard_gtye4_top.xdma_0_pcie4_ip_gt_gtwizard_gtye4_inst/gen_gtwizard_gtye4.gen_channel_container[3].gen_enabled_channel.gtye4_channel_wrapper_inst/channel_inst/gtye4_channel_gen.gen_gtye4_channel_inst[0].GTYE4_CHANNEL_PRIM_INST/RXUSRCLK
High Pulse Width  Slow    GTYE4_CHANNEL/RXUSRCLK  n/a               1.117         2.000       0.883      GTYE4_CHANNEL_X0Y0  u_pcie_xdma/inst/pcie4_ip_i/inst/xdma_0_pcie4_ip_gt_top_i/diablo_gt.diablo_gt_phy_wrapper/gt_wizard.gtwizard_top_i/xdma_0_pcie4_ip_gt_i/inst/gen_gtwizard_gtye4_top.xdma_0_pcie4_ip_gt_gtwizard_gtye4_inst/gen_gtwizard_gtye4.gen_channel_container[3].gen_enabled_channel.gtye4_channel_wrapper_inst/channel_inst/gtye4_channel_gen.gen_gtye4_channel_inst[0].GTYE4_CHANNEL_PRIM_INST/RXUSRCLK
Max Skew          Fast    PCIE40E4/PIPECLK        PCIE40E4/CORECLK  0.357         0.134       0.223      PCIE40E4_X0Y0       u_pcie_xdma/inst/pcie4_ip_i/inst/xdma_0_pcie4_ip_pcie_4_0_pipe_inst/pcie_4_0_e4_inst/PIPECLK



---------------------------------------------------------------------------------------------------
From Clock:  xdma_0_pcie4_ip_gt_top_i_n_31
  To Clock:  xdma_0_pcie4_ip_gt_top_i_n_31

Setup :           NA  Failing Endpoints,  Worst Slack           NA  ,  Total Violation           NA
Hold  :           NA  Failing Endpoints,  Worst Slack           NA  ,  Total Violation           NA
PW    :            0  Failing Endpoints,  Worst Slack        0.000ns,  Total Violation        0.000ns
---------------------------------------------------------------------------------------------------


Pulse Width Checks
--------------------------------------------------------------------------------------
Clock Name:         xdma_0_pcie4_ip_gt_top_i_n_31
Waveform(ns):       { 0.000 4.000 }
Period(ns):         8.000
Sources:            { u_pcie_xdma/inst/pcie4_ip_i/inst/xdma_0_pcie4_ip_gt_top_i/diablo_gt.diablo_gt_phy_wrapper/phy_clk_i/bufg_gt_mcapclk/O }

Check Type  Corner  Lib Pin           Reference Pin  Required(ns)  Actual(ns)  Slack(ns)  Location       Pin
Min Period  n/a     PCIE40E4/MCAPCLK  n/a            8.000         8.000       0.000      PCIE40E4_X0Y0  u_pcie_xdma/inst/pcie4_ip_i/inst/xdma_0_pcie4_ip_pcie_4_0_pipe_inst/pcie_4_0_e4_inst/MCAPCLK



---------------------------------------------------------------------------------------------------
From Clock:  sys_clk_100
  To Clock:  sys_clk_100

Setup :            0  Failing Endpoints,  Worst Slack        8.144ns,  Total Violation        0.000ns
Hold  :            0  Failing Endpoints,  Worst Slack        0.030ns,  Total Violation        0.000ns
PW    :            0  Failing Endpoints,  Worst Slack        2.000ns,  Total Violation        0.000ns
---------------------------------------------------------------------------------------------------


Max Delay Paths
--------------------------------------------------------------------------------------
Slack (MET) :             8.144ns  (required time - arrival time)
  Source:                 u_pcs/inst/master_watchdog_1_reg[2]/C
                            (rising edge-triggered cell FDRE clocked by sys_clk_100  {rise@0.000ns fall@5.000ns period=10.000ns})
  Destination:            u_pcs/inst/master_watchdog_1_reg[10]/R
                            (rising edge-triggered cell FDRE clocked by sys_clk_100  {rise@0.000ns fall@5.000ns period=10.000ns})
  Path Group:             sys_clk_100
  Path Type:              Setup (Max at Slow Process Corner)
  Requirement:            10.000ns  (sys_clk_100 rise@10.000ns - sys_clk_100 rise@0.000ns)
  Data Path Delay:        1.641ns  (logic 0.328ns (19.989%)  route 1.313ns (80.011%))
  Logic Levels:           2  (LUT3=1 LUT6=1)
  Clock Path Skew:        -0.107ns (DCD - SCD + CPR)
    Destination Clock Delay (DCD):    2.512ns = ( 12.512 - 10.000 ) 
    Source Clock Delay      (SCD):    2.895ns
    Clock Pessimism Removal (CPR):    0.276ns
  Clock Uncertainty:      0.035ns  ((TSJ^2 + TIJ^2)^1/2 + DJ) / 2 + PE
    Total System Jitter     (TSJ):    0.071ns
    Total Input Jitter      (TIJ):    0.000ns
    Discrete Jitter          (DJ):    0.000ns
    Phase Error              (PE):    0.000ns
  Clock Net Delay (Source):      1.896ns (routing 0.616ns, distribution 1.280ns)
  Clock Net Delay (Destination): 1.668ns (routing 0.562ns, distribution 1.106ns)

    Location             Delay type                Incr(ns)  Path(ns)    Netlist Resource(s)
  -------------------------------------------------------------------    -------------------
                         (clock sys_clk_100 rise edge)
                                                      0.000     0.000 r  
    T25                                               0.000     0.000 r  sys_clk_p (IN)
                         net (fo=0)                   0.100     0.100    u_clkgen/g_hw.u_ibufds/I
    HPIOBDIFFINBUF_X0Y37 DIFFINBUF (Prop_DIFFINBUF_HPIOBDIFFINBUF_DIFF_IN_P_O)
                                                      0.479     0.579 r  u_clkgen/g_hw.u_ibufds/DIFFINBUF_INST/O
                         net (fo=1, routed)           0.050     0.629    u_clkgen/g_hw.u_ibufds/OUT
    T25                  IBUFCTRL (Prop_IBUFCTRL_HPIOB_M_I_O)
                                                      0.000     0.629 r  u_clkgen/g_hw.u_ibufds/IBUFCTRL_INST/O
                         net (fo=1, routed)           0.343     0.972    u_clkgen/g_hw.clk_in_ibuf
    BUFGCE_X0Y31         BUFGCE (Prop_BUFCE_BUFGCE_I_O)
                                                      0.028     1.000 r  u_clkgen/g_hw.u_bufg_in/O
    X1Y1 (CLOCK_ROOT)    net (fo=485, routed)         1.896     2.895    u_pcs/inst/dclk
    SLICE_X77Y29         FDRE                                         r  u_pcs/inst/master_watchdog_1_reg[2]/C
  -------------------------------------------------------------------    -------------------
    SLICE_X77Y29         FDRE (Prop_CFF_SLICEL_C_Q)
                                                      0.097     2.992 f  u_pcs/inst/master_watchdog_1_reg[2]/Q
                         net (fo=3, routed)           0.382     3.375    u_pcs/inst/i_pcs64_core_cdc_sync_tx_resetdone_dclk_1/master_watchdog_1_reg[2]
    SLICE_X76Y30         LUT3 (Prop_C5LUT_SLICEL_I0_O)
                                                      0.083     3.458 r  u_pcs/inst/i_pcs64_core_cdc_sync_tx_resetdone_dclk_1/master_watchdog_1[0]_i_4/O
                         net (fo=1, routed)           0.249     3.707    u_pcs/inst/i_pcs64_core_cdc_sync_tx_resetdone_dclk_1/master_watchdog_1[0]_i_4_n_0
    SLICE_X76Y30         LUT6 (Prop_F6LUT_SLICEL_I5_O)
                                                      0.148     3.855 r  u_pcs/inst/i_pcs64_core_cdc_sync_tx_resetdone_dclk_1/master_watchdog_1[0]_i_1/O
                         net (fo=27, routed)          0.682     4.536    u_pcs/inst/master_watchdog_10
    SLICE_X77Y30         FDRE                                         r  u_pcs/inst/master_watchdog_1_reg[10]/R
  -------------------------------------------------------------------    -------------------

                         (clock sys_clk_100 rise edge)
                                                     10.000    10.000 r  
    T25                                               0.000    10.000 r  sys_clk_p (IN)
                         net (fo=0)                   0.079    10.079    u_clkgen/g_hw.u_ibufds/I
    HPIOBDIFFINBUF_X0Y37 DIFFINBUF (Prop_DIFFINBUF_HPIOBDIFFINBUF_DIFF_IN_P_O)
                                                      0.398    10.477 r  u_clkgen/g_hw.u_ibufds/DIFFINBUF_INST/O
                         net (fo=1, routed)           0.040    10.517    u_clkgen/g_hw.u_ibufds/OUT
    T25                  IBUFCTRL (Prop_IBUFCTRL_HPIOB_M_I_O)
                                                      0.000    10.517 r  u_clkgen/g_hw.u_ibufds/IBUFCTRL_INST/O
                         net (fo=1, routed)           0.303    10.820    u_clkgen/g_hw.clk_in_ibuf
    BUFGCE_X0Y31         BUFGCE (Prop_BUFCE_BUFGCE_I_O)
                                                      0.024    10.844 r  u_clkgen/g_hw.u_bufg_in/O
    X1Y1 (CLOCK_ROOT)    net (fo=485, routed)         1.668    12.512    u_pcs/inst/dclk
    SLICE_X77Y30         FDRE                                         r  u_pcs/inst/master_watchdog_1_reg[10]/C
                         clock pessimism              0.276    12.788    
                         clock uncertainty           -0.035    12.753    
    SLICE_X77Y30         FDRE (Setup_CFF_SLICEL_C_R)
                                                     -0.072    12.681    u_pcs/inst/master_watchdog_1_reg[10]
  -------------------------------------------------------------------
                         required time                         12.681    
                         arrival time                          -4.536    
  -------------------------------------------------------------------
                         slack                                  8.144    





Min Delay Paths
--------------------------------------------------------------------------------------
Slack (MET) :             0.030ns  (arrival time - required time)
  Source:                 u_pcs/inst/i_pcs64_core_cdc_sync_watchdog_barking_sync_1/s_out_d3_reg/C
                            (rising edge-triggered cell FDRE clocked by sys_clk_100  {rise@0.000ns fall@5.000ns period=10.000ns})
  Destination:            u_pcs/inst/i_pcs64_core_cdc_sync_watchdog_barking_sync_1/s_out_d4_reg/D
                            (rising edge-triggered cell FDRE clocked by sys_clk_100  {rise@0.000ns fall@5.000ns period=10.000ns})
  Path Group:             sys_clk_100
  Path Type:              Hold (Min at Fast Process Corner)
  Requirement:            0.000ns  (sys_clk_100 rise@0.000ns - sys_clk_100 rise@0.000ns)
  Data Path Delay:        0.130ns  (logic 0.040ns (30.769%)  route 0.090ns (69.231%))
  Logic Levels:           0  
  Clock Path Skew:        0.054ns (DCD - SCD - CPR)
    Destination Clock Delay (DCD):    1.752ns
    Source Clock Delay      (SCD):    1.461ns
    Clock Pessimism Removal (CPR):    0.237ns
  Clock Net Delay (Source):      0.945ns (routing 0.312ns, distribution 0.633ns)
  Clock Net Delay (Destination): 1.072ns (routing 0.345ns, distribution 0.727ns)

    Location             Delay type                Incr(ns)  Path(ns)    Netlist Resource(s)
  -------------------------------------------------------------------    -------------------
                         (clock sys_clk_100 rise edge)
                                                      0.000     0.000 r  
    T25                                               0.000     0.000 r  sys_clk_p (IN)
                         net (fo=0)                   0.079     0.079    u_clkgen/g_hw.u_ibufds/I
    HPIOBDIFFINBUF_X0Y37 DIFFINBUF (Prop_DIFFINBUF_HPIOBDIFFINBUF_DIFF_IN_P_O)
                                                      0.230     0.309 r  u_clkgen/g_hw.u_ibufds/DIFFINBUF_INST/O
                         net (fo=1, routed)           0.040     0.349    u_clkgen/g_hw.u_ibufds/OUT
    T25                  IBUFCTRL (Prop_IBUFCTRL_HPIOB_M_I_O)
                                                      0.000     0.349 r  u_clkgen/g_hw.u_ibufds/IBUFCTRL_INST/O
                         net (fo=1, routed)           0.150     0.499    u_clkgen/g_hw.clk_in_ibuf
    BUFGCE_X0Y31         BUFGCE (Prop_BUFCE_BUFGCE_I_O)
                                                      0.017     0.516 r  u_clkgen/g_hw.u_bufg_in/O
    X1Y1 (CLOCK_ROOT)    net (fo=485, routed)         0.945     1.461    u_pcs/inst/i_pcs64_core_cdc_sync_watchdog_barking_sync_1/dclk
    SLICE_X68Y36         FDRE                                         r  u_pcs/inst/i_pcs64_core_cdc_sync_watchdog_barking_sync_1/s_out_d3_reg/C
  -------------------------------------------------------------------    -------------------
    SLICE_X68Y36         FDRE (Prop_AFF2_SLICEL_C_Q)
                                                      0.040     1.501 r  u_pcs/inst/i_pcs64_core_cdc_sync_watchdog_barking_sync_1/s_out_d3_reg/Q
                         net (fo=1, routed)           0.090     1.591    u_pcs/inst/i_pcs64_core_cdc_sync_watchdog_barking_sync_1/s_out_d3
    SLICE_X70Y36         FDRE                                         r  u_pcs/inst/i_pcs64_core_cdc_sync_watchdog_barking_sync_1/s_out_d4_reg/D
  -------------------------------------------------------------------    -------------------

                         (clock sys_clk_100 rise edge)
                                                      0.000     0.000 r  
    T25                                               0.000     0.000 r  sys_clk_p (IN)
                         net (fo=0)                   0.100     0.100    u_clkgen/g_hw.u_ibufds/I
    HPIOBDIFFINBUF_X0Y37 DIFFINBUF (Prop_DIFFINBUF_HPIOBDIFFINBUF_DIFF_IN_P_O)
                                                      0.328     0.428 r  u_clkgen/g_hw.u_ibufds/DIFFINBUF_INST/O
                         net (fo=1, routed)           0.050     0.478    u_clkgen/g_hw.u_ibufds/OUT
    T25                  IBUFCTRL (Prop_IBUFCTRL_HPIOB_M_I_O)
                                                      0.000     0.478 r  u_clkgen/g_hw.u_ibufds/IBUFCTRL_INST/O
                         net (fo=1, routed)           0.183     0.661    u_clkgen/g_hw.clk_in_ibuf
    BUFGCE_X0Y31         BUFGCE (Prop_BUFCE_BUFGCE_I_O)
                                                      0.019     0.680 r  u_clkgen/g_hw.u_bufg_in/O
    X1Y1 (CLOCK_ROOT)    net (fo=485, routed)         1.072     1.752    u_pcs/inst/i_pcs64_core_cdc_sync_watchdog_barking_sync_1/dclk
    SLICE_X70Y36         FDRE                                         r  u_pcs/inst/i_pcs64_core_cdc_sync_watchdog_barking_sync_1/s_out_d4_reg/C
                         clock pessimism             -0.237     1.515    
    SLICE_X70Y36         FDRE (Hold_EFF_SLICEL_C_D)
                                                      0.046     1.561    u_pcs/inst/i_pcs64_core_cdc_sync_watchdog_barking_sync_1/s_out_d4_reg
  -------------------------------------------------------------------
                         required time                         -1.561    
                         arrival time                           1.591    
  -------------------------------------------------------------------
                         slack                                  0.030    





Pulse Width Checks
--------------------------------------------------------------------------------------
Clock Name:         sys_clk_100
Waveform(ns):       { 0.000 5.000 }
Period(ns):         10.000
Sources:            { sys_clk_p }

Check Type        Corner  Lib Pin               Reference Pin  Required(ns)  Actual(ns)  Slack(ns)  Location            Pin
Min Period        n/a     GTYE4_CHANNEL/DRPCLK  n/a            4.000         10.000      6.000      GTYE4_CHANNEL_X0Y4  u_pcs/inst/i_pcs64_gt/inst/gen_gtwizard_gtye4_top.pcs64_gt_gtwizard_gtye4_inst/gen_gtwizard_gtye4.gen_channel_container[1].gen_enabled_channel.gtye4_channel_wrapper_inst/channel_inst/gtye4_channel_gen.gen_gtye4_channel_inst[0].GTYE4_CHANNEL_PRIM_INST/DRPCLK
Max Period        n/a     MMCME4_ADV/CLKIN1     n/a            100.000       10.000      90.000     MMCM_X0Y1           u_clkgen/g_hw.u_mmcm/CLKIN1
Low Pulse Width   Slow    MMCME4_ADV/CLKIN1     n/a            3.000         5.000       2.000      MMCM_X0Y1           u_clkgen/g_hw.u_mmcm/CLKIN1
High Pulse Width  Slow    MMCME4_ADV/CLKIN1     n/a            3.000         5.000       2.000      MMCM_X0Y1           u_clkgen/g_hw.u_mmcm/CLKIN1



---------------------------------------------------------------------------------------------------
From Clock:  g_hw.clk_out0
  To Clock:  g_hw.clk_out0

Setup :            0  Failing Endpoints,  Worst Slack        0.006ns,  Total Violation        0.000ns
Hold  :            0  Failing Endpoints,  Worst Slack        0.010ns,  Total Violation        0.000ns
PW    :            0  Failing Endpoints,  Worst Slack        2.627ns,  Total Violation        0.000ns
---------------------------------------------------------------------------------------------------


Max Delay Paths
--------------------------------------------------------------------------------------
Slack (MET) :             0.006ns  (required time - arrival time)
  Source:                 u_app_udp/u_txf/dout_reg[70]/C
                            (rising edge-triggered cell FDCE clocked by g_hw.clk_out0  {rise@0.000ns fall@3.200ns period=6.400ns})
  Destination:            u_udp_tx/ip_csum_r_reg[1][9]/D
                            (rising edge-triggered cell FDCE clocked by g_hw.clk_out0  {rise@0.000ns fall@3.200ns period=6.400ns})
  Path Group:             g_hw.clk_out0
  Path Type:              Setup (Max at Slow Process Corner)
  Requirement:            6.400ns  (g_hw.clk_out0 rise@6.400ns - g_hw.clk_out0 rise@0.000ns)
  Data Path Delay:        6.231ns  (logic 2.759ns (44.277%)  route 3.472ns (55.723%))
  Logic Levels:           20  (CARRY8=7 LUT1=1 LUT2=2 LUT3=1 LUT4=2 LUT5=2 LUT6=5)
  Clock Path Skew:        -0.128ns (DCD - SCD + CPR)
    Destination Clock Delay (DCD):    4.955ns = ( 11.355 - 6.400 ) 
    Source Clock Delay      (SCD):    4.818ns
    Clock Pessimism Removal (CPR):    -0.265ns
  Clock Uncertainty:      0.062ns  ((TSJ^2 + DJ^2)^1/2) / 2 + PE
    Total System Jitter     (TSJ):    0.071ns
    Discrete Jitter          (DJ):    0.101ns
    Phase Error              (PE):    0.000ns
  Clock Net Delay (Source):      1.971ns (routing 0.615ns, distribution 1.356ns)
  Clock Net Delay (Destination): 1.719ns (routing 0.561ns, distribution 1.158ns)

    Location             Delay type                Incr(ns)  Path(ns)    Netlist Resource(s)
  -------------------------------------------------------------------    -------------------
                         (clock g_hw.clk_out0 rise edge)
                                                      0.000     0.000 r  
    T25                                               0.000     0.000 r  sys_clk_p (IN)
                         net (fo=0)                   0.100     0.100    u_clkgen/g_hw.u_ibufds/I
    HPIOBDIFFINBUF_X0Y37 DIFFINBUF (Prop_DIFFINBUF_HPIOBDIFFINBUF_DIFF_IN_P_O)
                                                      0.479     0.579 r  u_clkgen/g_hw.u_ibufds/DIFFINBUF_INST/O
                         net (fo=1, routed)           0.050     0.629    u_clkgen/g_hw.u_ibufds/OUT
    T25                  IBUFCTRL (Prop_IBUFCTRL_HPIOB_M_I_O)
                                                      0.000     0.629 r  u_clkgen/g_hw.u_ibufds/IBUFCTRL_INST/O
                         net (fo=1, routed)           0.343     0.972    u_clkgen/g_hw.clk_in_ibuf
    BUFGCE_X0Y31         BUFGCE (Prop_BUFCE_BUFGCE_I_O)
                                                      0.028     1.000 r  u_clkgen/g_hw.u_bufg_in/O
                         net (fo=485, routed)         1.670     2.670    u_clkgen/clk_in_100
    MMCM_X0Y1            MMCME4_ADV (Prop_MMCM_CLKIN1_CLKOUT0)
                                                     -0.106     2.564 r  u_clkgen/g_hw.u_mmcm/CLKOUT0
                         net (fo=1, routed)           0.255     2.819    u_clkgen/g_hw.clk_out0
    BUFGCE_X0Y32         BUFGCE (Prop_BUFCE_BUFGCE_I_O)
                                                      0.028     2.847 r  u_clkgen/g_hw.u_bufg_out/O
    X1Y1 (CLOCK_ROOT)    net (fo=48006, routed)       1.971     4.818    u_app_udp/u_txf/dp_clk
    SLICE_X80Y190        FDCE                                         r  u_app_udp/u_txf/dout_reg[70]/C
  -------------------------------------------------------------------    -------------------
    SLICE_X80Y190        FDCE (Prop_DFF_SLICEL_C_Q)
                                                      0.096     4.914 r  u_app_udp/u_txf/dout_reg[70]/Q
                         net (fo=30, routed)          0.216     5.129    u_app_udp/u_txf/dout_reg[72]_0[70]
    SLICE_X80Y187        LUT5 (Prop_F6LUT_SLICEL_I2_O)
                                                      0.177     5.306 r  u_app_udp/u_txf/plen_r[1][3]_i_7/O
                         net (fo=5, routed)           0.297     5.604    u_app_udp/u_txf/plen_r[1][3]_i_7_n_53
    SLICE_X79Y187        LUT6 (Prop_C6LUT_SLICEM_I0_O)
                                                      0.147     5.751 f  u_app_udp/u_txf/plen_r[1][1]_i_3/O
                         net (fo=2, routed)           0.110     5.861    u_app_udp/u_txf/plen_r[1][1]_i_3_n_53
    SLICE_X79Y187        LUT4 (Prop_E6LUT_SLICEM_I3_O)
                                                      0.039     5.900 r  u_app_udp/u_txf/plen_r[1][3]_i_2/O
                         net (fo=3, routed)           0.115     6.015    u_app_udp/u_txf/plen_r[1][3]_i_2_n_53
    SLICE_X79Y186        LUT6 (Prop_H6LUT_SLICEM_I0_O)
                                                      0.041     6.056 r  u_app_udp/u_txf/plen_r[1][11]_i_4/O
                         net (fo=5, routed)           0.123     6.179    u_udp_tx/udp_len_r_reg[0][4]_0
    SLICE_X78Y186        LUT5 (Prop_C6LUT_SLICEL_I0_O)
                                                      0.148     6.327 r  u_udp_tx/plen_r[1][6]_i_2/O
                         net (fo=10, routed)          0.149     6.476    u_udp_tx/plen_r[1][6]_i_1_n_53
    SLICE_X77Y186        LUT6 (Prop_H6LUT_SLICEL_I4_O)
                                                      0.179     6.655 r  u_udp_tx/total_len_r[1][7]_i_1/O
                         net (fo=5, routed)           0.377     7.032    u_udp_tx_cfg/p_2_in__0[2]
    SLICE_X72Y187        LUT3 (Prop_E6LUT_SLICEL_I0_O)
                                                      0.039     7.071 r  u_udp_tx_cfg/ip_csum_r[1][15]_i_56/O
                         net (fo=1, routed)           0.208     7.279    u_udp_tx_cfg/ip_csum_r[1][15]_i_56_n_53
    SLICE_X72Y186        CARRY8 (Prop_CARRY8_SLICEL_DI[0]_O[4])
                                                      0.218     7.497 r  u_udp_tx_cfg/ip_csum_r_reg[1][15]_i_20/O[4]
                         net (fo=4, routed)           0.276     7.773    u_udp_tx/O[4]
    SLICE_X70Y184        LUT6 (Prop_D6LUT_SLICEL_I0_O)
                                                      0.147     7.920 r  u_udp_tx/ip_csum_r[1][15]_i_29/O
                         net (fo=2, routed)           0.065     7.985    u_udp_tx/id_r_reg[12]_1
    SLICE_X70Y184        LUT4 (Prop_C6LUT_SLICEL_I3_O)
                                                      0.174     8.159 r  u_udp_tx/ip_csum_r[1][15]_i_7/O
                         net (fo=2, routed)           0.121     8.280    u_udp_tx/ip_csum_r[1][15]_i_7_n_53
    SLICE_X71Y184        LUT6 (Prop_F6LUT_SLICEM_I0_O)
                                                      0.148     8.428 r  u_udp_tx/ip_csum_r[1][15]_i_14/O
                         net (fo=1, routed)           0.024     8.452    u_udp_tx/ip_csum_r[1][15]_i_14_n_53
    SLICE_X71Y184        CARRY8 (Prop_CARRY8_SLICEM_S[5]_CO[7])
                                                      0.202     8.654 r  u_udp_tx/ip_csum_r_reg[1][15]_i_4/CO[7]
                         net (fo=1, routed)           0.028     8.682    u_udp_tx_cfg/CO[0]
    SLICE_X71Y185        CARRY8 (Prop_CARRY8_SLICEM_CI_O[1])
                                                      0.097     8.779 r  u_udp_tx_cfg/ip_csum_r_reg[1][7]_i_25/O[1]
                         net (fo=1, routed)           0.349     9.128    u_udp_tx/ip_csum_r_reg[1][7]_i_3_2[1]
    SLICE_X70Y182        LUT2 (Prop_B6LUT_SLICEL_I1_O)
                                                      0.100     9.228 r  u_udp_tx/ip_csum_r[1][7]_i_7/O
                         net (fo=1, routed)           0.010     9.238    u_udp_tx/ip_csum_r[1][7]_i_7_n_53
    SLICE_X70Y182        CARRY8 (Prop_CARRY8_SLICEL_S[1]_CO[7])
                                                      0.233     9.471 r  u_udp_tx/ip_csum_r_reg[1][7]_i_3/CO[7]
                         net (fo=1, routed)           0.028     9.499    u_udp_tx/ip_csum_r_reg[1][7]_i_3_n_53
    SLICE_X70Y183        CARRY8 (Prop_CARRY8_SLICEL_CI_CO[7])
                                                      0.030     9.529 r  u_udp_tx/ip_csum_r_reg[1][15]_i_3/CO[7]
                         net (fo=1, routed)           0.358     9.887    u_udp_tx/ip_csum_r_reg[1][15]_i_3_n_53
    SLICE_X72Y182        LUT2 (Prop_A6LUT_SLICEL_I1_O)
                                                      0.064     9.951 r  u_udp_tx/ip_csum_r[1][7]_i_4/O
                         net (fo=1, routed)           0.011     9.962    u_udp_tx/ip_csum_r[1][7]_i_4_n_53
    SLICE_X72Y182        CARRY8 (Prop_CARRY8_SLICEL_S[0]_CO[7])
                                                      0.238    10.200 r  u_udp_tx/ip_csum_r_reg[1][7]_i_2/CO[7]
                         net (fo=1, routed)           0.028    10.228    u_udp_tx/ip_csum_r_reg[1][7]_i_2_n_53
    SLICE_X72Y183        CARRY8 (Prop_CARRY8_SLICEL_CI_O[1])
                                                      0.097    10.325 f  u_udp_tx/ip_csum_r_reg[1][15]_i_2/O[1]
                         net (fo=1, routed)           0.207    10.532    u_udp_tx/ip_csum_r_reg[1][15]_i_2_n_67
    SLICE_X72Y184        LUT1 (Prop_F5LUT_SLICEL_I0_O)
                                                      0.145    10.677 r  u_udp_tx/ip_csum_r[1][9]_i_1/O
                         net (fo=2, routed)           0.372    11.049    u_udp_tx/ip_csum_calc0_return[9]
    SLICE_X72Y184        FDCE                                         r  u_udp_tx/ip_csum_r_reg[1][9]/D
  -------------------------------------------------------------------    -------------------

                         (clock g_hw.clk_out0 rise edge)
                                                      6.400     6.400 r  
    T25                                               0.000     6.400 r  sys_clk_p (IN)
                         net (fo=0)                   0.079     6.479    u_clkgen/g_hw.u_ibufds/I
    HPIOBDIFFINBUF_X0Y37 DIFFINBUF (Prop_DIFFINBUF_HPIOBDIFFINBUF_DIFF_IN_P_O)
                                                      0.398     6.877 r  u_clkgen/g_hw.u_ibufds/DIFFINBUF_INST/O
                         net (fo=1, routed)           0.040     6.917    u_clkgen/g_hw.u_ibufds/OUT
    T25                  IBUFCTRL (Prop_IBUFCTRL_HPIOB_M_I_O)
                                                      0.000     6.917 r  u_clkgen/g_hw.u_ibufds/IBUFCTRL_INST/O
                         net (fo=1, routed)           0.303     7.220    u_clkgen/g_hw.clk_in_ibuf
    BUFGCE_X0Y31         BUFGCE (Prop_BUFCE_BUFGCE_I_O)
                                                      0.024     7.244 r  u_clkgen/g_hw.u_bufg_in/O
                         net (fo=485, routed)         1.497     8.741    u_clkgen/clk_in_100
    MMCM_X0Y1            MMCME4_ADV (Prop_MMCM_CLKIN1_CLKOUT0)
                                                      0.644     9.385 r  u_clkgen/g_hw.u_mmcm/CLKOUT0
                         net (fo=1, routed)           0.227     9.612    u_clkgen/g_hw.clk_out0
    BUFGCE_X0Y32         BUFGCE (Prop_BUFCE_BUFGCE_I_O)
                                                      0.024     9.636 r  u_clkgen/g_hw.u_bufg_out/O
    X1Y1 (CLOCK_ROOT)    net (fo=48006, routed)       1.719    11.355    u_udp_tx/dp_clk
    SLICE_X72Y184        FDCE                                         r  u_udp_tx/ip_csum_r_reg[1][9]/C
                         clock pessimism             -0.265    11.090    
                         clock uncertainty           -0.062    11.028    
    SLICE_X72Y184        FDCE (Setup_GFF_SLICEL_C_D)
                                                      0.027    11.055    u_udp_tx/ip_csum_r_reg[1][9]
  -------------------------------------------------------------------
                         required time                         11.055    
                         arrival time                         -11.049    
  -------------------------------------------------------------------
                         slack                                  0.006    





Min Delay Paths
--------------------------------------------------------------------------------------
Slack (MET) :             0.010ns  (arrival time - required time)
  Source:                 u_udp_split/u_udp_rx/mac_lo_reg[7]/C
                            (rising edge-triggered cell FDCE clocked by g_hw.clk_out0  {rise@0.000ns fall@3.200ns period=6.400ns})
  Destination:            u_udp_tx_cfg/peer_mac_r_reg[39]/D
                            (rising edge-triggered cell FDCE clocked by g_hw.clk_out0  {rise@0.000ns fall@3.200ns period=6.400ns})
  Path Group:             g_hw.clk_out0
  Path Type:              Hold (Min at Slow Process Corner)
  Requirement:            0.000ns  (g_hw.clk_out0 rise@0.000ns - g_hw.clk_out0 rise@0.000ns)
  Data Path Delay:        0.198ns  (logic 0.073ns (36.869%)  route 0.125ns (63.131%))
  Logic Levels:           0  
  Clock Path Skew:        0.133ns (DCD - SCD - CPR)
    Destination Clock Delay (DCD):    4.814ns
    Source Clock Delay      (SCD):    4.946ns
    Clock Pessimism Removal (CPR):    -0.265ns
  Clock Net Delay (Source):      1.710ns (routing 0.561ns, distribution 1.149ns)
  Clock Net Delay (Destination): 1.967ns (routing 0.615ns, distribution 1.352ns)

    Location             Delay type                Incr(ns)  Path(ns)    Netlist Resource(s)
  -------------------------------------------------------------------    -------------------
                         (clock g_hw.clk_out0 rise edge)
                                                      0.000     0.000 r  
    T25                                               0.000     0.000 r  sys_clk_p (IN)
                         net (fo=0)                   0.079     0.079    u_clkgen/g_hw.u_ibufds/I
    HPIOBDIFFINBUF_X0Y37 DIFFINBUF (Prop_DIFFINBUF_HPIOBDIFFINBUF_DIFF_IN_P_O)
                                                      0.398     0.477 r  u_clkgen/g_hw.u_ibufds/DIFFINBUF_INST/O
                         net (fo=1, routed)           0.040     0.517    u_clkgen/g_hw.u_ibufds/OUT
    T25                  IBUFCTRL (Prop_IBUFCTRL_HPIOB_M_I_O)
                                                      0.000     0.517 r  u_clkgen/g_hw.u_ibufds/IBUFCTRL_INST/O
                         net (fo=1, routed)           0.303     0.820    u_clkgen/g_hw.clk_in_ibuf
    BUFGCE_X0Y31         BUFGCE (Prop_BUFCE_BUFGCE_I_O)
                                                      0.024     0.844 r  u_clkgen/g_hw.u_bufg_in/O
                         net (fo=485, routed)         1.497     2.341    u_clkgen/clk_in_100
    MMCM_X0Y1            MMCME4_ADV (Prop_MMCM_CLKIN1_CLKOUT0)
                                                      0.644     2.985 r  u_clkgen/g_hw.u_mmcm/CLKOUT0
                         net (fo=1, routed)           0.227     3.212    u_clkgen/g_hw.clk_out0
    BUFGCE_X0Y32         BUFGCE (Prop_BUFCE_BUFGCE_I_O)
                                                      0.024     3.236 r  u_clkgen/g_hw.u_bufg_out/O
    X1Y1 (CLOCK_ROOT)    net (fo=48006, routed)       1.710     4.946    u_udp_split/u_udp_rx/dp_clk
    SLICE_X68Y188        FDCE                                         r  u_udp_split/u_udp_rx/mac_lo_reg[7]/C
  -------------------------------------------------------------------    -------------------
    SLICE_X68Y188        FDCE (Prop_DFF2_SLICEL_C_Q)
                                                      0.073     5.019 r  u_udp_split/u_udp_rx/mac_lo_reg[7]/Q
                         net (fo=1, routed)           0.125     5.144    u_udp_tx_cfg/peer_mac_r_reg[47]_0[39]
    SLICE_X70Y188        FDCE                                         r  u_udp_tx_cfg/peer_mac_r_reg[39]/D
  -------------------------------------------------------------------    -------------------

                         (clock g_hw.clk_out0 rise edge)
                                                      0.000     0.000 r  
    T25                                               0.000     0.000 r  sys_clk_p (IN)
                         net (fo=0)                   0.100     0.100    u_clkgen/g_hw.u_ibufds/I
    HPIOBDIFFINBUF_X0Y37 DIFFINBUF (Prop_DIFFINBUF_HPIOBDIFFINBUF_DIFF_IN_P_O)
                                                      0.479     0.579 r  u_clkgen/g_hw.u_ibufds/DIFFINBUF_INST/O
                         net (fo=1, routed)           0.050     0.629    u_clkgen/g_hw.u_ibufds/OUT
    T25                  IBUFCTRL (Prop_IBUFCTRL_HPIOB_M_I_O)
                                                      0.000     0.629 r  u_clkgen/g_hw.u_ibufds/IBUFCTRL_INST/O
                         net (fo=1, routed)           0.343     0.972    u_clkgen/g_hw.clk_in_ibuf
    BUFGCE_X0Y31         BUFGCE (Prop_BUFCE_BUFGCE_I_O)
                                                      0.028     1.000 r  u_clkgen/g_hw.u_bufg_in/O
                         net (fo=485, routed)         1.670     2.670    u_clkgen/clk_in_100
    MMCM_X0Y1            MMCME4_ADV (Prop_MMCM_CLKIN1_CLKOUT0)
                                                     -0.106     2.564 r  u_clkgen/g_hw.u_mmcm/CLKOUT0
                         net (fo=1, routed)           0.255     2.819    u_clkgen/g_hw.clk_out0
    BUFGCE_X0Y32         BUFGCE (Prop_BUFCE_BUFGCE_I_O)
                                                      0.028     2.847 r  u_clkgen/g_hw.u_bufg_out/O
    X1Y1 (CLOCK_ROOT)    net (fo=48006, routed)       1.967     4.814    u_udp_tx_cfg/dp_clk
    SLICE_X70Y188        FDCE                                         r  u_udp_tx_cfg/peer_mac_r_reg[39]/C
                         clock pessimism              0.265     5.079    
    SLICE_X70Y188        FDCE (Hold_GFF2_SLICEL_C_D)
                                                      0.055     5.134    u_udp_tx_cfg/peer_mac_r_reg[39]
  -------------------------------------------------------------------
                         required time                         -5.134    
                         arrival time                           5.144    
  -------------------------------------------------------------------
                         slack                                  0.010    





Pulse Width Checks
--------------------------------------------------------------------------------------
Clock Name:         g_hw.clk_out0
Waveform(ns):       { 0.000 3.200 }
Period(ns):         6.400
Sources:            { u_clkgen/g_hw.u_mmcm/CLKOUT0 }

Check Type        Corner  Lib Pin             Reference Pin  Required(ns)  Actual(ns)  Slack(ns)  Location       Pin
Min Period        n/a     RAMB36E2/CLKARDCLK  n/a            1.739         6.400       4.661      RAMB36_X1Y15   u_hls/buffer_r_U/udp_echo_buffer_r_RAM_2P_BRAM_1R1W_ram_u/ram_reg_bram_0/CLKARDCLK
Low Pulse Width   Slow    RAMD64E/CLK         n/a            0.573         3.200       2.627      SLICE_X74Y197  u_app_udp/u_txf/mem_reg_0_63_0_6/RAMA/CLK
High Pulse Width  Slow    RAMD64E/CLK         n/a            0.573         3.200       2.627      SLICE_X74Y197  u_app_udp/u_txf/mem_reg_0_63_0_6/RAMA/CLK



---------------------------------------------------------------------------------------------------
From Clock:  u_pcie_xdma/inst/pcie4_ip_i/inst/xdma_0_pcie4_ip_gt_top_i/diablo_gt.diablo_gt_phy_wrapper/gt_wizard.gtwizard_top_i/xdma_0_pcie4_ip_gt_i/inst/gen_gtwizard_gtye4_top.xdma_0_pcie4_ip_gt_gtwizard_gtye4_inst/gen_gtwizard_gtye4.gen_cpll_cal_gtye4.gen_cpll_cal_inst[0].gen_inst_cpll_cal.gtwizard_ultrascale_v1_7_22_gtye4_cpll_cal_inst/gtwizard_ultrascale_v1_7_22_gtye4_cpll_cal_tx_i/bufg_gt_txoutclkmon_inst/O
  To Clock:  u_pcie_xdma/inst/pcie4_ip_i/inst/xdma_0_pcie4_ip_gt_top_i/diablo_gt.diablo_gt_phy_wrapper/gt_wizard.gtwizard_top_i/xdma_0_pcie4_ip_gt_i/inst/gen_gtwizard_gtye4_top.xdma_0_pcie4_ip_gt_gtwizard_gtye4_inst/gen_gtwizard_gtye4.gen_cpll_cal_gtye4.gen_cpll_cal_inst[0].gen_inst_cpll_cal.gtwizard_ultrascale_v1_7_22_gtye4_cpll_cal_inst/gtwizard_ultrascale_v1_7_22_gtye4_cpll_cal_tx_i/bufg_gt_txoutclkmon_inst/O

Setup :            0  Failing Endpoints,  Worst Slack        6.872ns,  Total Violation        0.000ns
Hold  :            0  Failing Endpoints,  Worst Slack        0.050ns,  Total Violation        0.000ns
PW    :            0  Failing Endpoints,  Worst Slack        3.725ns,  Total Violation        0.000ns
---------------------------------------------------------------------------------------------------


Max Delay Paths
--------------------------------------------------------------------------------------
Slack (MET) :             6.872ns  (required time - arrival time)
  Source:                 u_pcie_xdma/inst/pcie4_ip_i/inst/xdma_0_pcie4_ip_gt_top_i/diablo_gt.diablo_gt_phy_wrapper/gt_wizard.gtwizard_top_i/xdma_0_pcie4_ip_gt_i/inst/gen_gtwizard_gtye4_top.xdma_0_pcie4_ip_gt_gtwizard_gtye4_inst/gen_gtwizard_gtye4.gen_cpll_cal_gtye4.gen_cpll_cal_inst[0].gen_inst_cpll_cal.gtwizard_ultrascale_v1_7_22_gtye4_cpll_cal_inst/gtwizard_ultrascale_v1_7_22_gtye4_cpll_cal_tx_i/U_TXOUTCLK_FREQ_COUNTER/testclk_div4_reg[2]/C
                            (rising edge-triggered cell FDRE clocked by u_pcie_xdma/inst/pcie4_ip_i/inst/xdma_0_pcie4_ip_gt_top_i/diablo_gt.diablo_gt_phy_wrapper/gt_wizard.gtwizard_top_i/xdma_0_pcie4_ip_gt_i/inst/gen_gtwizard_gtye4_top.xdma_0_pcie4_ip_gt_gtwizard_gtye4_inst/gen_gtwizard_gtye4.gen_cpll_cal_gtye4.gen_cpll_cal_inst[0].gen_inst_cpll_cal.gtwizard_ultrascale_v1_7_22_gtye4_cpll_cal_inst/gtwizard_ultrascale_v1_7_22_gtye4_cpll_cal_tx_i/bufg_gt_txoutclkmon_inst/O  {rise@0.000ns fall@4.000ns period=8.000ns})
  Destination:            u_pcie_xdma/inst/pcie4_ip_i/inst/xdma_0_pcie4_ip_gt_top_i/diablo_gt.diablo_gt_phy_wrapper/gt_wizard.gtwizard_top_i/xdma_0_pcie4_ip_gt_i/inst/gen_gtwizard_gtye4_top.xdma_0_pcie4_ip_gt_gtwizard_gtye4_inst/gen_gtwizard_gtye4.gen_cpll_cal_gtye4.gen_cpll_cal_inst[0].gen_inst_cpll_cal.gtwizard_ultrascale_v1_7_22_gtye4_cpll_cal_inst/gtwizard_ultrascale_v1_7_22_gtye4_cpll_cal_tx_i/U_TXOUTCLK_FREQ_COUNTER/testclk_cnt_reg[16]/CE
                            (rising edge-triggered cell FDCE clocked by u_pcie_xdma/inst/pcie4_ip_i/inst/xdma_0_pcie4_ip_gt_top_i/diablo_gt.diablo_gt_phy_wrapper/gt_wizard.gtwizard_top_i/xdma_0_pcie4_ip_gt_i/inst/gen_gtwizard_gtye4_top.xdma_0_pcie4_ip_gt_gtwizard_gtye4_inst/gen_gtwizard_gtye4.gen_cpll_cal_gtye4.gen_cpll_cal_inst[0].gen_inst_cpll_cal.gtwizard_ultrascale_v1_7_22_gtye4_cpll_cal_inst/gtwizard_ultrascale_v1_7_22_gtye4_cpll_cal_tx_i/bufg_gt_txoutclkmon_inst/O  {rise@0.000ns fall@4.000ns period=8.000ns})
  Path Group:             u_pcie_xdma/inst/pcie4_ip_i/inst/xdma_0_pcie4_ip_gt_top_i/diablo_gt.diablo_gt_phy_wrapper/gt_wizard.gtwizard_top_i/xdma_0_pcie4_ip_gt_i/inst/gen_gtwizard_gtye4_top.xdma_0_pcie4_ip_gt_gtwizard_gtye4_inst/gen_gtwizard_gtye4.gen_cpll_cal_gtye4.gen_cpll_cal_inst[0].gen_inst_cpll_cal.gtwizard_ultrascale_v1_7_22_gtye4_cpll_cal_inst/gtwizard_ultrascale_v1_7_22_gtye4_cpll_cal_tx_i/bufg_gt_txoutclkmon_inst/O
  Path Type:              Setup (Max at Slow Process Corner)
  Requirement:            8.000ns  (u_pcie_xdma/inst/pcie4_ip_i/inst/xdma_0_pcie4_ip_gt_top_i/diablo_gt.diablo_gt_phy_wrapper/gt_wizard.gtwizard_top_i/xdma_0_pcie4_ip_gt_i/inst/gen_gtwizard_gtye4_top.xdma_0_pcie4_ip_gt_gtwizard_gtye4_inst/gen_gtwizard_gtye4.gen_cpll_cal_gtye4.gen_cpll_cal_inst[0].gen_inst_cpll_cal.gtwizard_ultrascale_v1_7_22_gtye4_cpll_cal_inst/gtwizard_ultrascale_v1_7_22_gtye4_cpll_cal_tx_i/bufg_gt_txoutclkmon_inst/O rise@8.000ns - u_pcie_xdma/inst/pcie4_ip_i/inst/xdma_0_pcie4_ip_gt_top_i/diablo_gt.diablo_gt_phy_wrapper/gt_wizard.gtwizard_top_i/xdma_0_pcie4_ip_gt_i/inst/gen_gtwizard_gtye4_top.xdma_0_pcie4_ip_gt_gtwizard_gtye4_inst/gen_gtwizard_gtye4.gen_cpll_cal_gtye4.gen_cpll_cal_inst[0].gen_inst_cpll_cal.gtwizard_ultrascale_v1_7_22_gtye4_cpll_cal_inst/gtwizard_ultrascale_v1_7_22_gtye4_cpll_cal_tx_i/bufg_gt_txoutclkmon_inst/O rise@0.000ns)
  Data Path Delay:        0.923ns  (logic 0.245ns (26.545%)  route 0.678ns (73.455%))
  Logic Levels:           1  (LUT5=1)
  Clock Path Skew:        -0.116ns (DCD - SCD + CPR)
    Destination Clock Delay (DCD):    0.605ns = ( 8.605 - 8.000 ) 
    Source Clock Delay      (SCD):    0.721ns
    Clock Pessimism Removal (CPR):    0.000ns
  Clock Uncertainty:      0.046ns  ((TSJ^2 + DJ^2)^1/2) / 2 + PE
    Total System Jitter     (TSJ):    0.071ns
    Discrete Jitter          (DJ):    0.060ns
    Phase Error              (PE):    0.000ns
  Clock Net Delay (Source):      0.721ns (routing 0.002ns, distribution 0.719ns)
  Clock Net Delay (Destination): 0.605ns (routing 0.001ns, distribution 0.604ns)

    Location             Delay type                Incr(ns)  Path(ns)    Netlist Resource(s)
  -------------------------------------------------------------------    -------------------
                         (clock u_pcie_xdma/inst/pcie4_ip_i/inst/xdma_0_pcie4_ip_gt_top_i/diablo_gt.diablo_gt_phy_wrapper/gt_wizard.gtwizard_top_i/xdma_0_pcie4_ip_gt_i/inst/gen_gtwizard_gtye4_top.xdma_0_pcie4_ip_gt_gtwizard_gtye4_inst/gen_gtwizard_gtye4.gen_cpll_cal_gtye4.gen_cpll_cal_inst[0].gen_inst_cpll_cal.gtwizard_ultrascale_v1_7_22_gtye4_cpll_cal_inst/gtwizard_ultrascale_v1_7_22_gtye4_cpll_cal_tx_i/bufg_gt_txoutclkmon_inst/O rise edge)
                                                      0.000     0.000 r  
    BUFG_GT_X0Y22        BUFG_GT                      0.000     0.000 r  u_pcie_xdma/inst/pcie4_ip_i/inst/xdma_0_pcie4_ip_gt_top_i/diablo_gt.diablo_gt_phy_wrapper/gt_wizard.gtwizard_top_i/xdma_0_pcie4_ip_gt_i/inst/gen_gtwizard_gtye4_top.xdma_0_pcie4_ip_gt_gtwizard_gtye4_inst/gen_gtwizard_gtye4.gen_cpll_cal_gtye4.gen_cpll_cal_inst[0].gen_inst_cpll_cal.gtwizard_ultrascale_v1_7_22_gtye4_cpll_cal_inst/gtwizard_ultrascale_v1_7_22_gtye4_cpll_cal_tx_i/bufg_gt_txoutclkmon_inst/O
    X3Y0 (CLOCK_ROOT)    net (fo=31, routed)          0.721     0.721    u_pcie_xdma/inst/pcie4_ip_i/inst/xdma_0_pcie4_ip_gt_top_i/diablo_gt.diablo_gt_phy_wrapper/gt_wizard.gtwizard_top_i/xdma_0_pcie4_ip_gt_i/inst/gen_gtwizard_gtye4_top.xdma_0_pcie4_ip_gt_gtwizard_gtye4_inst/gen_gtwizard_gtye4.gen_cpll_cal_gtye4.gen_cpll_cal_inst[0].gen_inst_cpll_cal.gtwizard_ultrascale_v1_7_22_gtye4_cpll_cal_inst/gtwizard_ultrascale_v1_7_22_gtye4_cpll_cal_tx_i/U_TXOUTCLK_FREQ_COUNTER/txoutclkmon
    SLICE_X96Y1          FDRE                                         r  u_pcie_xdma/inst/pcie4_ip_i/inst/xdma_0_pcie4_ip_gt_top_i/diablo_gt.diablo_gt_phy_wrapper/gt_wizard.gtwizard_top_i/xdma_0_pcie4_ip_gt_i/inst/gen_gtwizard_gtye4_top.xdma_0_pcie4_ip_gt_gtwizard_gtye4_inst/gen_gtwizard_gtye4.gen_cpll_cal_gtye4.gen_cpll_cal_inst[0].gen_inst_cpll_cal.gtwizard_ultrascale_v1_7_22_gtye4_cpll_cal_inst/gtwizard_ultrascale_v1_7_22_gtye4_cpll_cal_tx_i/U_TXOUTCLK_FREQ_COUNTER/testclk_div4_reg[2]/C
  -------------------------------------------------------------------    -------------------
    SLICE_X96Y1          FDRE (Prop_FFF_SLICEM_C_Q)
                                                      0.094     0.815 f  u_pcie_xdma/inst/pcie4_ip_i/inst/xdma_0_pcie4_ip_gt_top_i/diablo_gt.diablo_gt_phy_wrapper/gt_wizard.gtwizard_top_i/xdma_0_pcie4_ip_gt_i/inst/gen_gtwizard_gtye4_top.xdma_0_pcie4_ip_gt_gtwizard_gtye4_inst/gen_gtwizard_gtye4.gen_cpll_cal_gtye4.gen_cpll_cal_inst[0].gen_inst_cpll_cal.gtwizard_ultrascale_v1_7_22_gtye4_cpll_cal_inst/gtwizard_ultrascale_v1_7_22_gtye4_cpll_cal_tx_i/U_TXOUTCLK_FREQ_COUNTER/testclk_div4_reg[2]/Q
                         net (fo=2, routed)           0.194     1.009    u_pcie_xdma/inst/pcie4_ip_i/inst/xdma_0_pcie4_ip_gt_top_i/diablo_gt.diablo_gt_phy_wrapper/gt_wizard.gtwizard_top_i/xdma_0_pcie4_ip_gt_i/inst/gen_gtwizard_gtye4_top.xdma_0_pcie4_ip_gt_gtwizard_gtye4_inst/gen_gtwizard_gtye4.gen_cpll_cal_gtye4.gen_cpll_cal_inst[0].gen_inst_cpll_cal.gtwizard_ultrascale_v1_7_22_gtye4_cpll_cal_inst/gtwizard_ultrascale_v1_7_22_gtye4_cpll_cal_tx_i/U_TXOUTCLK_FREQ_COUNTER/testclk_div4[2]
    SLICE_X96Y1          LUT5 (Prop_H6LUT_SLICEM_I3_O)
                                                      0.151     1.160 r  u_pcie_xdma/inst/pcie4_ip_i/inst/xdma_0_pcie4_ip_gt_top_i/diablo_gt.diablo_gt_phy_wrapper/gt_wizard.gtwizard_top_i/xdma_0_pcie4_ip_gt_i/inst/gen_gtwizard_gtye4_top.xdma_0_pcie4_ip_gt_gtwizard_gtye4_inst/gen_gtwizard_gtye4.gen_cpll_cal_gtye4.gen_cpll_cal_inst[0].gen_inst_cpll_cal.gtwizard_ultrascale_v1_7_22_gtye4_cpll_cal_inst/gtwizard_ultrascale_v1_7_22_gtye4_cpll_cal_tx_i/U_TXOUTCLK_FREQ_COUNTER/testclk_cnt0/O
                         net (fo=18, routed)          0.484     1.644    u_pcie_xdma/inst/pcie4_ip_i/inst/xdma_0_pcie4_ip_gt_top_i/diablo_gt.diablo_gt_phy_wrapper/gt_wizard.gtwizard_top_i/xdma_0_pcie4_ip_gt_i/inst/gen_gtwizard_gtye4_top.xdma_0_pcie4_ip_gt_gtwizard_gtye4_inst/gen_gtwizard_gtye4.gen_cpll_cal_gtye4.gen_cpll_cal_inst[0].gen_inst_cpll_cal.gtwizard_ultrascale_v1_7_22_gtye4_cpll_cal_inst/gtwizard_ultrascale_v1_7_22_gtye4_cpll_cal_tx_i/U_TXOUTCLK_FREQ_COUNTER/testclk_cnt0_n_0
    SLICE_X98Y3          FDCE                                         r  u_pcie_xdma/inst/pcie4_ip_i/inst/xdma_0_pcie4_ip_gt_top_i/diablo_gt.diablo_gt_phy_wrapper/gt_wizard.gtwizard_top_i/xdma_0_pcie4_ip_gt_i/inst/gen_gtwizard_gtye4_top.xdma_0_pcie4_ip_gt_gtwizard_gtye4_inst/gen_gtwizard_gtye4.gen_cpll_cal_gtye4.gen_cpll_cal_inst[0].gen_inst_cpll_cal.gtwizard_ultrascale_v1_7_22_gtye4_cpll_cal_inst/gtwizard_ultrascale_v1_7_22_gtye4_cpll_cal_tx_i/U_TXOUTCLK_FREQ_COUNTER/testclk_cnt_reg[16]/CE
  -------------------------------------------------------------------    -------------------

                         (clock u_pcie_xdma/inst/pcie4_ip_i/inst/xdma_0_pcie4_ip_gt_top_i/diablo_gt.diablo_gt_phy_wrapper/gt_wizard.gtwizard_top_i/xdma_0_pcie4_ip_gt_i/inst/gen_gtwizard_gtye4_top.xdma_0_pcie4_ip_gt_gtwizard_gtye4_inst/gen_gtwizard_gtye4.gen_cpll_cal_gtye4.gen_cpll_cal_inst[0].gen_inst_cpll_cal.gtwizard_ultrascale_v1_7_22_gtye4_cpll_cal_inst/gtwizard_ultrascale_v1_7_22_gtye4_cpll_cal_tx_i/bufg_gt_txoutclkmon_inst/O rise edge)
                                                      8.000     8.000 r  
    BUFG_GT_X0Y22        BUFG_GT                      0.000     8.000 r  u_pcie_xdma/inst/pcie4_ip_i/inst/xdma_0_pcie4_ip_gt_top_i/diablo_gt.diablo_gt_phy_wrapper/gt_wizard.gtwizard_top_i/xdma_0_pcie4_ip_gt_i/inst/gen_gtwizard_gtye4_top.xdma_0_pcie4_ip_gt_gtwizard_gtye4_inst/gen_gtwizard_gtye4.gen_cpll_cal_gtye4.gen_cpll_cal_inst[0].gen_inst_cpll_cal.gtwizard_ultrascale_v1_7_22_gtye4_cpll_cal_inst/gtwizard_ultrascale_v1_7_22_gtye4_cpll_cal_tx_i/bufg_gt_txoutclkmon_inst/O
    X3Y0 (CLOCK_ROOT)    net (fo=31, routed)          0.605     8.605    u_pcie_xdma/inst/pcie4_ip_i/inst/xdma_0_pcie4_ip_gt_top_i/diablo_gt.diablo_gt_phy_wrapper/gt_wizard.gtwizard_top_i/xdma_0_pcie4_ip_gt_i/inst/gen_gtwizard_gtye4_top.xdma_0_pcie4_ip_gt_gtwizard_gtye4_inst/gen_gtwizard_gtye4.gen_cpll_cal_gtye4.gen_cpll_cal_inst[0].gen_inst_cpll_cal.gtwizard_ultrascale_v1_7_22_gtye4_cpll_cal_inst/gtwizard_ultrascale_v1_7_22_gtye4_cpll_cal_tx_i/U_TXOUTCLK_FREQ_COUNTER/txoutclkmon
    SLICE_X98Y3          FDCE                                         r  u_pcie_xdma/inst/pcie4_ip_i/inst/xdma_0_pcie4_ip_gt_top_i/diablo_gt.diablo_gt_phy_wrapper/gt_wizard.gtwizard_top_i/xdma_0_pcie4_ip_gt_i/inst/gen_gtwizard_gtye4_top.xdma_0_pcie4_ip_gt_gtwizard_gtye4_inst/gen_gtwizard_gtye4.gen_cpll_cal_gtye4.gen_cpll_cal_inst[0].gen_inst_cpll_cal.gtwizard_ultrascale_v1_7_22_gtye4_cpll_cal_inst/gtwizard_ultrascale_v1_7_22_gtye4_cpll_cal_tx_i/U_TXOUTCLK_FREQ_COUNTER/testclk_cnt_reg[16]/C
                         clock pessimism              0.000     8.605    
                         clock uncertainty           -0.046     8.559    
    SLICE_X98Y3          FDCE (Setup_AFF_SLICEM_C_CE)
                                                     -0.043     8.516    u_pcie_xdma/inst/pcie4_ip_i/inst/xdma_0_pcie4_ip_gt_top_i/diablo_gt.diablo_gt_phy_wrapper/gt_wizard.gtwizard_top_i/xdma_0_pcie4_ip_gt_i/inst/gen_gtwizard_gtye4_top.xdma_0_pcie4_ip_gt_gtwizard_gtye4_inst/gen_gtwizard_gtye4.gen_cpll_cal_gtye4.gen_cpll_cal_inst[0].gen_inst_cpll_cal.gtwizard_ultrascale_v1_7_22_gtye4_cpll_cal_inst/gtwizard_ultrascale_v1_7_22_gtye4_cpll_cal_tx_i/U_TXOUTCLK_FREQ_COUNTER/testclk_cnt_reg[16]
  -------------------------------------------------------------------
                         required time                          8.516    
                         arrival time                          -1.644    
  -------------------------------------------------------------------
                         slack                                  6.872    





Min Delay Paths
--------------------------------------------------------------------------------------
Slack (MET) :             0.050ns  (arrival time - required time)
  Source:                 u_pcie_xdma/inst/pcie4_ip_i/inst/xdma_0_pcie4_ip_gt_top_i/diablo_gt.diablo_gt_phy_wrapper/gt_wizard.gtwizard_top_i/xdma_0_pcie4_ip_gt_i/inst/gen_gtwizard_gtye4_top.xdma_0_pcie4_ip_gt_gtwizard_gtye4_inst/gen_gtwizard_gtye4.gen_cpll_cal_gtye4.gen_cpll_cal_inst[0].gen_inst_cpll_cal.gtwizard_ultrascale_v1_7_22_gtye4_cpll_cal_inst/gtwizard_ultrascale_v1_7_22_gtye4_cpll_cal_tx_i/U_TXOUTCLK_FREQ_COUNTER/testclk_div4_reg[0]/C
                            (rising edge-triggered cell FDSE clocked by u_pcie_xdma/inst/pcie4_ip_i/inst/xdma_0_pcie4_ip_gt_top_i/diablo_gt.diablo_gt_phy_wrapper/gt_wizard.gtwizard_top_i/xdma_0_pcie4_ip_gt_i/inst/gen_gtwizard_gtye4_top.xdma_0_pcie4_ip_gt_gtwizard_gtye4_inst/gen_gtwizard_gtye4.gen_cpll_cal_gtye4.gen_cpll_cal_inst[0].gen_inst_cpll_cal.gtwizard_ultrascale_v1_7_22_gtye4_cpll_cal_inst/gtwizard_ultrascale_v1_7_22_gtye4_cpll_cal_tx_i/bufg_gt_txoutclkmon_inst/O  {rise@0.000ns fall@4.000ns period=8.000ns})
  Destination:            u_pcie_xdma/inst/pcie4_ip_i/inst/xdma_0_pcie4_ip_gt_top_i/diablo_gt.diablo_gt_phy_wrapper/gt_wizard.gtwizard_top_i/xdma_0_pcie4_ip_gt_i/inst/gen_gtwizard_gtye4_top.xdma_0_pcie4_ip_gt_gtwizard_gtye4_inst/gen_gtwizard_gtye4.gen_cpll_cal_gtye4.gen_cpll_cal_inst[0].gen_inst_cpll_cal.gtwizard_ultrascale_v1_7_22_gtye4_cpll_cal_inst/gtwizard_ultrascale_v1_7_22_gtye4_cpll_cal_tx_i/U_TXOUTCLK_FREQ_COUNTER/testclk_div4_reg[1]/D
                            (rising edge-triggered cell FDRE clocked by u_pcie_xdma/inst/pcie4_ip_i/inst/xdma_0_pcie4_ip_gt_top_i/diablo_gt.diablo_gt_phy_wrapper/gt_wizard.gtwizard_top_i/xdma_0_pcie4_ip_gt_i/inst/gen_gtwizard_gtye4_top.xdma_0_pcie4_ip_gt_gtwizard_gtye4_inst/gen_gtwizard_gtye4.gen_cpll_cal_gtye4.gen_cpll_cal_inst[0].gen_inst_cpll_cal.gtwizard_ultrascale_v1_7_22_gtye4_cpll_cal_inst/gtwizard_ultrascale_v1_7_22_gtye4_cpll_cal_tx_i/bufg_gt_txoutclkmon_inst/O  {rise@0.000ns fall@4.000ns period=8.000ns})
  Path Group:             u_pcie_xdma/inst/pcie4_ip_i/inst/xdma_0_pcie4_ip_gt_top_i/diablo_gt.diablo_gt_phy_wrapper/gt_wizard.gtwizard_top_i/xdma_0_pcie4_ip_gt_i/inst/gen_gtwizard_gtye4_top.xdma_0_pcie4_ip_gt_gtwizard_gtye4_inst/gen_gtwizard_gtye4.gen_cpll_cal_gtye4.gen_cpll_cal_inst[0].gen_inst_cpll_cal.gtwizard_ultrascale_v1_7_22_gtye4_cpll_cal_inst/gtwizard_ultrascale_v1_7_22_gtye4_cpll_cal_tx_i/bufg_gt_txoutclkmon_inst/O
  Path Type:              Hold (Min at Fast Process Corner)
  Requirement:            0.000ns  (u_pcie_xdma/inst/pcie4_ip_i/inst/xdma_0_pcie4_ip_gt_top_i/diablo_gt.diablo_gt_phy_wrapper/gt_wizard.gtwizard_top_i/xdma_0_pcie4_ip_gt_i/inst/gen_gtwizard_gtye4_top.xdma_0_pcie4_ip_gt_gtwizard_gtye4_inst/gen_gtwizard_gtye4.gen_cpll_cal_gtye4.gen_cpll_cal_inst[0].gen_inst_cpll_cal.gtwizard_ultrascale_v1_7_22_gtye4_cpll_cal_inst/gtwizard_ultrascale_v1_7_22_gtye4_cpll_cal_tx_i/bufg_gt_txoutclkmon_inst/O rise@0.000ns - u_pcie_xdma/inst/pcie4_ip_i/inst/xdma_0_pcie4_ip_gt_top_i/diablo_gt.diablo_gt_phy_wrapper/gt_wizard.gtwizard_top_i/xdma_0_pcie4_ip_gt_i/inst/gen_gtwizard_gtye4_top.xdma_0_pcie4_ip_gt_gtwizard_gtye4_inst/gen_gtwizard_gtye4.gen_cpll_cal_gtye4.gen_cpll_cal_inst[0].gen_inst_cpll_cal.gtwizard_ultrascale_v1_7_22_gtye4_cpll_cal_inst/gtwizard_ultrascale_v1_7_22_gtye4_cpll_cal_tx_i/bufg_gt_txoutclkmon_inst/O rise@0.000ns)
  Data Path Delay:        0.103ns  (logic 0.038ns (37.008%)  route 0.065ns (62.992%))
  Logic Levels:           0  
  Clock Path Skew:        0.006ns (DCD - SCD - CPR)
    Destination Clock Delay (DCD):    0.414ns
    Source Clock Delay      (SCD):    0.362ns
    Clock Pessimism Removal (CPR):    0.047ns
  Clock Net Delay (Source):      0.362ns (routing 0.001ns, distribution 0.361ns)
  Clock Net Delay (Destination): 0.414ns (routing 0.001ns, distribution 0.413ns)

    Location             Delay type                Incr(ns)  Path(ns)    Netlist Resource(s)
  -------------------------------------------------------------------    -------------------
                         (clock u_pcie_xdma/inst/pcie4_ip_i/inst/xdma_0_pcie4_ip_gt_top_i/diablo_gt.diablo_gt_phy_wrapper/gt_wizard.gtwizard_top_i/xdma_0_pcie4_ip_gt_i/inst/gen_gtwizard_gtye4_top.xdma_0_pcie4_ip_gt_gtwizard_gtye4_inst/gen_gtwizard_gtye4.gen_cpll_cal_gtye4.gen_cpll_cal_inst[0].gen_inst_cpll_cal.gtwizard_ultrascale_v1_7_22_gtye4_cpll_cal_inst/gtwizard_ultrascale_v1_7_22_gtye4_cpll_cal_tx_i/bufg_gt_txoutclkmon_inst/O rise edge)
                                                      0.000     0.000 r  
    BUFG_GT_X0Y22        BUFG_GT                      0.000     0.000 r  u_pcie_xdma/inst/pcie4_ip_i/inst/xdma_0_pcie4_ip_gt_top_i/diablo_gt.diablo_gt_phy_wrapper/gt_wizard.gtwizard_top_i/xdma_0_pcie4_ip_gt_i/inst/gen_gtwizard_gtye4_top.xdma_0_pcie4_ip_gt_gtwizard_gtye4_inst/gen_gtwizard_gtye4.gen_cpll_cal_gtye4.gen_cpll_cal_inst[0].gen_inst_cpll_cal.gtwizard_ultrascale_v1_7_22_gtye4_cpll_cal_inst/gtwizard_ultrascale_v1_7_22_gtye4_cpll_cal_tx_i/bufg_gt_txoutclkmon_inst/O
    X3Y0 (CLOCK_ROOT)    net (fo=31, routed)          0.362     0.362    u_pcie_xdma/inst/pcie4_ip_i/inst/xdma_0_pcie4_ip_gt_top_i/diablo_gt.diablo_gt_phy_wrapper/gt_wizard.gtwizard_top_i/xdma_0_pcie4_ip_gt_i/inst/gen_gtwizard_gtye4_top.xdma_0_pcie4_ip_gt_gtwizard_gtye4_inst/gen_gtwizard_gtye4.gen_cpll_cal_gtye4.gen_cpll_cal_inst[0].gen_inst_cpll_cal.gtwizard_ultrascale_v1_7_22_gtye4_cpll_cal_inst/gtwizard_ultrascale_v1_7_22_gtye4_cpll_cal_tx_i/U_TXOUTCLK_FREQ_COUNTER/txoutclkmon
    SLICE_X96Y1          FDSE                                         r  u_pcie_xdma/inst/pcie4_ip_i/inst/xdma_0_pcie4_ip_gt_top_i/diablo_gt.diablo_gt_phy_wrapper/gt_wizard.gtwizard_top_i/xdma_0_pcie4_ip_gt_i/inst/gen_gtwizard_gtye4_top.xdma_0_pcie4_ip_gt_gtwizard_gtye4_inst/gen_gtwizard_gtye4.gen_cpll_cal_gtye4.gen_cpll_cal_inst[0].gen_inst_cpll_cal.gtwizard_ultrascale_v1_7_22_gtye4_cpll_cal_inst/gtwizard_ultrascale_v1_7_22_gtye4_cpll_cal_tx_i/U_TXOUTCLK_FREQ_COUNTER/testclk_div4_reg[0]/C
  -------------------------------------------------------------------    -------------------
    SLICE_X96Y1          FDSE (Prop_EFF_SLICEM_C_Q)
                                                      0.038     0.400 r  u_pcie_xdma/inst/pcie4_ip_i/inst/xdma_0_pcie4_ip_gt_top_i/diablo_gt.diablo_gt_phy_wrapper/gt_wizard.gtwizard_top_i/xdma_0_pcie4_ip_gt_i/inst/gen_gtwizard_gtye4_top.xdma_0_pcie4_ip_gt_gtwizard_gtye4_inst/gen_gtwizard_gtye4.gen_cpll_cal_gtye4.gen_cpll_cal_inst[0].gen_inst_cpll_cal.gtwizard_ultrascale_v1_7_22_gtye4_cpll_cal_inst/gtwizard_ultrascale_v1_7_22_gtye4_cpll_cal_tx_i/U_TXOUTCLK_FREQ_COUNTER/testclk_div4_reg[0]/Q
                         net (fo=2, routed)           0.065     0.464    u_pcie_xdma/inst/pcie4_ip_i/inst/xdma_0_pcie4_ip_gt_top_i/diablo_gt.diablo_gt_phy_wrapper/gt_wizard.gtwizard_top_i/xdma_0_pcie4_ip_gt_i/inst/gen_gtwizard_gtye4_top.xdma_0_pcie4_ip_gt_gtwizard_gtye4_inst/gen_gtwizard_gtye4.gen_cpll_cal_gtye4.gen_cpll_cal_inst[0].gen_inst_cpll_cal.gtwizard_ultrascale_v1_7_22_gtye4_cpll_cal_inst/gtwizard_ultrascale_v1_7_22_gtye4_cpll_cal_tx_i/U_TXOUTCLK_FREQ_COUNTER/testclk_div4[0]
    SLICE_X96Y1          FDRE                                         r  u_pcie_xdma/inst/pcie4_ip_i/inst/xdma_0_pcie4_ip_gt_top_i/diablo_gt.diablo_gt_phy_wrapper/gt_wizard.gtwizard_top_i/xdma_0_pcie4_ip_gt_i/inst/gen_gtwizard_gtye4_top.xdma_0_pcie4_ip_gt_gtwizard_gtye4_inst/gen_gtwizard_gtye4.gen_cpll_cal_gtye4.gen_cpll_cal_inst[0].gen_inst_cpll_cal.gtwizard_ultrascale_v1_7_22_gtye4_cpll_cal_inst/gtwizard_ultrascale_v1_7_22_gtye4_cpll_cal_tx_i/U_TXOUTCLK_FREQ_COUNTER/testclk_div4_reg[1]/D
  -------------------------------------------------------------------    -------------------

                         (clock u_pcie_xdma/inst/pcie4_ip_i/inst/xdma_0_pcie4_ip_gt_top_i/diablo_gt.diablo_gt_phy_wrapper/gt_wizard.gtwizard_top_i/xdma_0_pcie4_ip_gt_i/inst/gen_gtwizard_gtye4_top.xdma_0_pcie4_ip_gt_gtwizard_gtye4_inst/gen_gtwizard_gtye4.gen_cpll_cal_gtye4.gen_cpll_cal_inst[0].gen_inst_cpll_cal.gtwizard_ultrascale_v1_7_22_gtye4_cpll_cal_inst/gtwizard_ultrascale_v1_7_22_gtye4_cpll_cal_tx_i/bufg_gt_txoutclkmon_inst/O rise edge)
                                                      0.000     0.000 r  
    BUFG_GT_X0Y22        BUFG_GT                      0.000     0.000 r  u_pcie_xdma/inst/pcie4_ip_i/inst/xdma_0_pcie4_ip_gt_top_i/diablo_gt.diablo_gt_phy_wrapper/gt_wizard.gtwizard_top_i/xdma_0_pcie4_ip_gt_i/inst/gen_gtwizard_gtye4_top.xdma_0_pcie4_ip_gt_gtwizard_gtye4_inst/gen_gtwizard_gtye4.gen_cpll_cal_gtye4.gen_cpll_cal_inst[0].gen_inst_cpll_cal.gtwizard_ultrascale_v1_7_22_gtye4_cpll_cal_inst/gtwizard_ultrascale_v1_7_22_gtye4_cpll_cal_tx_i/bufg_gt_txoutclkmon_inst/O
    X3Y0 (CLOCK_ROOT)    net (fo=31, routed)          0.414     0.414    u_pcie_xdma/inst/pcie4_ip_i/inst/xdma_0_pcie4_ip_gt_top_i/diablo_gt.diablo_gt_phy_wrapper/gt_wizard.gtwizard_top_i/xdma_0_pcie4_ip_gt_i/inst/gen_gtwizard_gtye4_top.xdma_0_pcie4_ip_gt_gtwizard_gtye4_inst/gen_gtwizard_gtye4.gen_cpll_cal_gtye4.gen_cpll_cal_inst[0].gen_inst_cpll_cal.gtwizard_ultrascale_v1_7_22_gtye4_cpll_cal_inst/gtwizard_ultrascale_v1_7_22_gtye4_cpll_cal_tx_i/U_TXOUTCLK_FREQ_COUNTER/txoutclkmon
    SLICE_X96Y1          FDRE                                         r  u_pcie_xdma/inst/pcie4_ip_i/inst/xdma_0_pcie4_ip_gt_top_i/diablo_gt.diablo_gt_phy_wrapper/gt_wizard.gtwizard_top_i/xdma_0_pcie4_ip_gt_i/inst/gen_gtwizard_gtye4_top.xdma_0_pcie4_ip_gt_gtwizard_gtye4_inst/gen_gtwizard_gtye4.gen_cpll_cal_gtye4.gen_cpll_cal_inst[0].gen_inst_cpll_cal.gtwizard_ultrascale_v1_7_22_gtye4_cpll_cal_inst/gtwizard_ultrascale_v1_7_22_gtye4_cpll_cal_tx_i/U_TXOUTCLK_FREQ_COUNTER/testclk_div4_reg[1]/C
                         clock pessimism             -0.047     0.368    
    SLICE_X96Y1          FDRE (Hold_EFF2_SLICEM_C_D)
                                                      0.047     0.415    u_pcie_xdma/inst/pcie4_ip_i/inst/xdma_0_pcie4_ip_gt_top_i/diablo_gt.diablo_gt_phy_wrapper/gt_wizard.gtwizard_top_i/xdma_0_pcie4_ip_gt_i/inst/gen_gtwizard_gtye4_top.xdma_0_pcie4_ip_gt_gtwizard_gtye4_inst/gen_gtwizard_gtye4.gen_cpll_cal_gtye4.gen_cpll_cal_inst[0].gen_inst_cpll_cal.gtwizard_ultrascale_v1_7_22_gtye4_cpll_cal_inst/gtwizard_ultrascale_v1_7_22_gtye4_cpll_cal_tx_i/U_TXOUTCLK_FREQ_COUNTER/testclk_div4_reg[1]
  -------------------------------------------------------------------
                         required time                         -0.415    
                         arrival time                           0.464    
  -------------------------------------------------------------------
                         slack                                  0.050    





Pulse Width Checks
--------------------------------------------------------------------------------------
Clock Name:         u_pcie_xdma/inst/pcie4_ip_i/inst/xdma_0_pcie4_ip_gt_top_i/diablo_gt.diablo_gt_phy_wrapper/gt_wizard.gtwizard_top_i/xdma_0_pcie4_ip_gt_i/inst/gen_gtwizard_gtye4_top.xdma_0_pcie4_ip_gt_gtwizard_gtye4_inst/gen_gtwizard_gtye4.gen_cpll_cal_gtye4.gen_cpll_cal_inst[0].gen_inst_cpll_cal.gtwizard_ultrascale_v1_7_22_gtye4_cpll_cal_inst/gtwizard_ultrascale_v1_7_22_gtye4_cpll_cal_tx_i/bufg_gt_txoutclkmon_inst/O
Waveform(ns):       { 0.000 4.000 }
Period(ns):         8.000
Sources:            { u_pcie_xdma/inst/pcie4_ip_i/inst/xdma_0_pcie4_ip_gt_top_i/diablo_gt.diablo_gt_phy_wrapper/gt_wizard.gtwizard_top_i/xdma_0_pcie4_ip_gt_i/inst/gen_gtwizard_gtye4_top.xdma_0_pcie4_ip_gt_gtwizard_gtye4_inst/gen_gtwizard_gtye4.gen_cpll_cal_gtye4.gen_cpll_cal_inst[0].gen_inst_cpll_cal.gtwizard_ultrascale_v1_7_22_gtye4_cpll_cal_inst/gtwizard_ultrascale_v1_7_22_gtye4_cpll_cal_tx_i/bufg_gt_txoutclkmon_inst/O }

Check Type        Corner  Lib Pin  Reference Pin  Required(ns)  Actual(ns)  Slack(ns)  Location     Pin
Min Period        n/a     FDCE/C   n/a            0.550         8.000       7.450      SLICE_X98Y1  u_pcie_xdma/inst/pcie4_ip_i/inst/xdma_0_pcie4_ip_gt_top_i/diablo_gt.diablo_gt_phy_wrapper/gt_wizard.gtwizard_top_i/xdma_0_pcie4_ip_gt_i/inst/gen_gtwizard_gtye4_top.xdma_0_pcie4_ip_gt_gtwizard_gtye4_inst/gen_gtwizard_gtye4.gen_cpll_cal_gtye4.gen_cpll_cal_inst[0].gen_inst_cpll_cal.gtwizard_ultrascale_v1_7_22_gtye4_cpll_cal_inst/gtwizard_ultrascale_v1_7_22_gtye4_cpll_cal_tx_i/U_TXOUTCLK_FREQ_COUNTER/testclk_cnt_reg[0]/C
Low Pulse Width   Slow    FDCE/C   n/a            0.275         4.000       3.725      SLICE_X98Y1  u_pcie_xdma/inst/pcie4_ip_i/inst/xdma_0_pcie4_ip_gt_top_i/diablo_gt.diablo_gt_phy_wrapper/gt_wizard.gtwizard_top_i/xdma_0_pcie4_ip_gt_i/inst/gen_gtwizard_gtye4_top.xdma_0_pcie4_ip_gt_gtwizard_gtye4_inst/gen_gtwizard_gtye4.gen_cpll_cal_gtye4.gen_cpll_cal_inst[0].gen_inst_cpll_cal.gtwizard_ultrascale_v1_7_22_gtye4_cpll_cal_inst/gtwizard_ultrascale_v1_7_22_gtye4_cpll_cal_tx_i/U_TXOUTCLK_FREQ_COUNTER/testclk_cnt_reg[0]/C
High Pulse Width  Slow    FDCE/C   n/a            0.275         4.000       3.725      SLICE_X98Y1  u_pcie_xdma/inst/pcie4_ip_i/inst/xdma_0_pcie4_ip_gt_top_i/diablo_gt.diablo_gt_phy_wrapper/gt_wizard.gtwizard_top_i/xdma_0_pcie4_ip_gt_i/inst/gen_gtwizard_gtye4_top.xdma_0_pcie4_ip_gt_gtwizard_gtye4_inst/gen_gtwizard_gtye4.gen_cpll_cal_gtye4.gen_cpll_cal_inst[0].gen_inst_cpll_cal.gtwizard_ultrascale_v1_7_22_gtye4_cpll_cal_inst/gtwizard_ultrascale_v1_7_22_gtye4_cpll_cal_tx_i/U_TXOUTCLK_FREQ_COUNTER/testclk_cnt_reg[0]/C



---------------------------------------------------------------------------------------------------
From Clock:  u_pcie_xdma/inst/pcie4_ip_i/inst/xdma_0_pcie4_ip_gt_top_i/diablo_gt.diablo_gt_phy_wrapper/gt_wizard.gtwizard_top_i/xdma_0_pcie4_ip_gt_i/inst/gen_gtwizard_gtye4_top.xdma_0_pcie4_ip_gt_gtwizard_gtye4_inst/gen_gtwizard_gtye4.gen_cpll_cal_gtye4.gen_cpll_cal_inst[1].gen_inst_cpll_cal.gtwizard_ultrascale_v1_7_22_gtye4_cpll_cal_inst/gtwizard_ultrascale_v1_7_22_gtye4_cpll_cal_tx_i/bufg_gt_txoutclkmon_inst/O
  To Clock:  u_pcie_xdma/inst/pcie4_ip_i/inst/xdma_0_pcie4_ip_gt_top_i/diablo_gt.diablo_gt_phy_wrapper/gt_wizard.gtwizard_top_i/xdma_0_pcie4_ip_gt_i/inst/gen_gtwizard_gtye4_top.xdma_0_pcie4_ip_gt_gtwizard_gtye4_inst/gen_gtwizard_gtye4.gen_cpll_cal_gtye4.gen_cpll_cal_inst[1].gen_inst_cpll_cal.gtwizard_ultrascale_v1_7_22_gtye4_cpll_cal_inst/gtwizard_ultrascale_v1_7_22_gtye4_cpll_cal_tx_i/bufg_gt_txoutclkmon_inst/O

Setup :            0  Failing Endpoints,  Worst Slack        6.789ns,  Total Violation        0.000ns
Hold  :            0  Failing Endpoints,  Worst Slack        0.052ns,  Total Violation        0.000ns
PW    :            0  Failing Endpoints,  Worst Slack        3.725ns,  Total Violation        0.000ns
---------------------------------------------------------------------------------------------------


Max Delay Paths
--------------------------------------------------------------------------------------
Slack (MET) :             6.789ns  (required time - arrival time)
  Source:                 u_pcie_xdma/inst/pcie4_ip_i/inst/xdma_0_pcie4_ip_gt_top_i/diablo_gt.diablo_gt_phy_wrapper/gt_wizard.gtwizard_top_i/xdma_0_pcie4_ip_gt_i/inst/gen_gtwizard_gtye4_top.xdma_0_pcie4_ip_gt_gtwizard_gtye4_inst/gen_gtwizard_gtye4.gen_cpll_cal_gtye4.gen_cpll_cal_inst[1].gen_inst_cpll_cal.gtwizard_ultrascale_v1_7_22_gtye4_cpll_cal_inst/gtwizard_ultrascale_v1_7_22_gtye4_cpll_cal_tx_i/U_TXOUTCLK_FREQ_COUNTER/testclk_div4_reg[1]/C
                            (rising edge-triggered cell FDRE clocked by u_pcie_xdma/inst/pcie4_ip_i/inst/xdma_0_pcie4_ip_gt_top_i/diablo_gt.diablo_gt_phy_wrapper/gt_wizard.gtwizard_top_i/xdma_0_pcie4_ip_gt_i/inst/gen_gtwizard_gtye4_top.xdma_0_pcie4_ip_gt_gtwizard_gtye4_inst/gen_gtwizard_gtye4.gen_cpll_cal_gtye4.gen_cpll_cal_inst[1].gen_inst_cpll_cal.gtwizard_ultrascale_v1_7_22_gtye4_cpll_cal_inst/gtwizard_ultrascale_v1_7_22_gtye4_cpll_cal_tx_i/bufg_gt_txoutclkmon_inst/O  {rise@0.000ns fall@4.000ns period=8.000ns})
  Destination:            u_pcie_xdma/inst/pcie4_ip_i/inst/xdma_0_pcie4_ip_gt_top_i/diablo_gt.diablo_gt_phy_wrapper/gt_wizard.gtwizard_top_i/xdma_0_pcie4_ip_gt_i/inst/gen_gtwizard_gtye4_top.xdma_0_pcie4_ip_gt_gtwizard_gtye4_inst/gen_gtwizard_gtye4.gen_cpll_cal_gtye4.gen_cpll_cal_inst[1].gen_inst_cpll_cal.gtwizard_ultrascale_v1_7_22_gtye4_cpll_cal_inst/gtwizard_ultrascale_v1_7_22_gtye4_cpll_cal_tx_i/U_TXOUTCLK_FREQ_COUNTER/testclk_cnt_reg[16]/CE
                            (rising edge-triggered cell FDCE clocked by u_pcie_xdma/inst/pcie4_ip_i/inst/xdma_0_pcie4_ip_gt_top_i/diablo_gt.diablo_gt_phy_wrapper/gt_wizard.gtwizard_top_i/xdma_0_pcie4_ip_gt_i/inst/gen_gtwizard_gtye4_top.xdma_0_pcie4_ip_gt_gtwizard_gtye4_inst/gen_gtwizard_gtye4.gen_cpll_cal_gtye4.gen_cpll_cal_inst[1].gen_inst_cpll_cal.gtwizard_ultrascale_v1_7_22_gtye4_cpll_cal_inst/gtwizard_ultrascale_v1_7_22_gtye4_cpll_cal_tx_i/bufg_gt_txoutclkmon_inst/O  {rise@0.000ns fall@4.000ns period=8.000ns})
  Path Group:             u_pcie_xdma/inst/pcie4_ip_i/inst/xdma_0_pcie4_ip_gt_top_i/diablo_gt.diablo_gt_phy_wrapper/gt_wizard.gtwizard_top_i/xdma_0_pcie4_ip_gt_i/inst/gen_gtwizard_gtye4_top.xdma_0_pcie4_ip_gt_gtwizard_gtye4_inst/gen_gtwizard_gtye4.gen_cpll_cal_gtye4.gen_cpll_cal_inst[1].gen_inst_cpll_cal.gtwizard_ultrascale_v1_7_22_gtye4_cpll_cal_inst/gtwizard_ultrascale_v1_7_22_gtye4_cpll_cal_tx_i/bufg_gt_txoutclkmon_inst/O
  Path Type:              Setup (Max at Slow Process Corner)
  Requirement:            8.000ns  (u_pcie_xdma/inst/pcie4_ip_i/inst/xdma_0_pcie4_ip_gt_top_i/diablo_gt.diablo_gt_phy_wrapper/gt_wizard.gtwizard_top_i/xdma_0_pcie4_ip_gt_i/inst/gen_gtwizard_gtye4_top.xdma_0_pcie4_ip_gt_gtwizard_gtye4_inst/gen_gtwizard_gtye4.gen_cpll_cal_gtye4.gen_cpll_cal_inst[1].gen_inst_cpll_cal.gtwizard_ultrascale_v1_7_22_gtye4_cpll_cal_inst/gtwizard_ultrascale_v1_7_22_gtye4_cpll_cal_tx_i/bufg_gt_txoutclkmon_inst/O rise@8.000ns - u_pcie_xdma/inst/pcie4_ip_i/inst/xdma_0_pcie4_ip_gt_top_i/diablo_gt.diablo_gt_phy_wrapper/gt_wizard.gtwizard_top_i/xdma_0_pcie4_ip_gt_i/inst/gen_gtwizard_gtye4_top.xdma_0_pcie4_ip_gt_gtwizard_gtye4_inst/gen_gtwizard_gtye4.gen_cpll_cal_gtye4.gen_cpll_cal_inst[1].gen_inst_cpll_cal.gtwizard_ultrascale_v1_7_22_gtye4_cpll_cal_inst/gtwizard_ultrascale_v1_7_22_gtye4_cpll_cal_tx_i/bufg_gt_txoutclkmon_inst/O rise@0.000ns)
  Data Path Delay:        1.003ns  (logic 0.280ns (27.911%)  route 0.723ns (72.089%))
  Logic Levels:           1  (LUT5=1)
  Clock Path Skew:        -0.119ns (DCD - SCD + CPR)
    Destination Clock Delay (DCD):    0.541ns = ( 8.541 - 8.000 ) 
    Source Clock Delay      (SCD):    0.662ns
    Clock Pessimism Removal (CPR):    0.002ns
  Clock Uncertainty:      0.046ns  ((TSJ^2 + DJ^2)^1/2) / 2 + PE
    Total System Jitter     (TSJ):    0.071ns
    Discrete Jitter          (DJ):    0.060ns
    Phase Error              (PE):    0.000ns
  Clock Net Delay (Source):      0.662ns (routing 0.002ns, distribution 0.660ns)
  Clock Net Delay (Destination): 0.541ns (routing 0.001ns, distribution 0.540ns)

    Location             Delay type                Incr(ns)  Path(ns)    Netlist Resource(s)
  -------------------------------------------------------------------    -------------------
                         (clock u_pcie_xdma/inst/pcie4_ip_i/inst/xdma_0_pcie4_ip_gt_top_i/diablo_gt.diablo_gt_phy_wrapper/gt_wizard.gtwizard_top_i/xdma_0_pcie4_ip_gt_i/inst/gen_gtwizard_gtye4_top.xdma_0_pcie4_ip_gt_gtwizard_gtye4_inst/gen_gtwizard_gtye4.gen_cpll_cal_gtye4.gen_cpll_cal_inst[1].gen_inst_cpll_cal.gtwizard_ultrascale_v1_7_22_gtye4_cpll_cal_inst/gtwizard_ultrascale_v1_7_22_gtye4_cpll_cal_tx_i/bufg_gt_txoutclkmon_inst/O rise edge)
                                                      0.000     0.000 r  
    BUFG_GT_X0Y21        BUFG_GT                      0.000     0.000 r  u_pcie_xdma/inst/pcie4_ip_i/inst/xdma_0_pcie4_ip_gt_top_i/diablo_gt.diablo_gt_phy_wrapper/gt_wizard.gtwizard_top_i/xdma_0_pcie4_ip_gt_i/inst/gen_gtwizard_gtye4_top.xdma_0_pcie4_ip_gt_gtwizard_gtye4_inst/gen_gtwizard_gtye4.gen_cpll_cal_gtye4.gen_cpll_cal_inst[1].gen_inst_cpll_cal.gtwizard_ultrascale_v1_7_22_gtye4_cpll_cal_inst/gtwizard_ultrascale_v1_7_22_gtye4_cpll_cal_tx_i/bufg_gt_txoutclkmon_inst/O
    X3Y0 (CLOCK_ROOT)    net (fo=31, routed)          0.662     0.662    u_pcie_xdma/inst/pcie4_ip_i/inst/xdma_0_pcie4_ip_gt_top_i/diablo_gt.diablo_gt_phy_wrapper/gt_wizard.gtwizard_top_i/xdma_0_pcie4_ip_gt_i/inst/gen_gtwizard_gtye4_top.xdma_0_pcie4_ip_gt_gtwizard_gtye4_inst/gen_gtwizard_gtye4.gen_cpll_cal_gtye4.gen_cpll_cal_inst[1].gen_inst_cpll_cal.gtwizard_ultrascale_v1_7_22_gtye4_cpll_cal_inst/gtwizard_ultrascale_v1_7_22_gtye4_cpll_cal_tx_i/U_TXOUTCLK_FREQ_COUNTER/txoutclkmon
    SLICE_X106Y7         FDRE                                         r  u_pcie_xdma/inst/pcie4_ip_i/inst/xdma_0_pcie4_ip_gt_top_i/diablo_gt.diablo_gt_phy_wrapper/gt_wizard.gtwizard_top_i/xdma_0_pcie4_ip_gt_i/inst/gen_gtwizard_gtye4_top.xdma_0_pcie4_ip_gt_gtwizard_gtye4_inst/gen_gtwizard_gtye4.gen_cpll_cal_gtye4.gen_cpll_cal_inst[1].gen_inst_cpll_cal.gtwizard_ultrascale_v1_7_22_gtye4_cpll_cal_inst/gtwizard_ultrascale_v1_7_22_gtye4_cpll_cal_tx_i/U_TXOUTCLK_FREQ_COUNTER/testclk_div4_reg[1]/C
  -------------------------------------------------------------------    -------------------
    SLICE_X106Y7         FDRE (Prop_EFF2_SLICEM_C_Q)
                                                      0.098     0.760 f  u_pcie_xdma/inst/pcie4_ip_i/inst/xdma_0_pcie4_ip_gt_top_i/diablo_gt.diablo_gt_phy_wrapper/gt_wizard.gtwizard_top_i/xdma_0_pcie4_ip_gt_i/inst/gen_gtwizard_gtye4_top.xdma_0_pcie4_ip_gt_gtwizard_gtye4_inst/gen_gtwizard_gtye4.gen_cpll_cal_gtye4.gen_cpll_cal_inst[1].gen_inst_cpll_cal.gtwizard_ultrascale_v1_7_22_gtye4_cpll_cal_inst/gtwizard_ultrascale_v1_7_22_gtye4_cpll_cal_tx_i/U_TXOUTCLK_FREQ_COUNTER/testclk_div4_reg[1]/Q
                         net (fo=2, routed)           0.244     1.004    u_pcie_xdma/inst/pcie4_ip_i/inst/xdma_0_pcie4_ip_gt_top_i/diablo_gt.diablo_gt_phy_wrapper/gt_wizard.gtwizard_top_i/xdma_0_pcie4_ip_gt_i/inst/gen_gtwizard_gtye4_top.xdma_0_pcie4_ip_gt_gtwizard_gtye4_inst/gen_gtwizard_gtye4.gen_cpll_cal_gtye4.gen_cpll_cal_inst[1].gen_inst_cpll_cal.gtwizard_ultrascale_v1_7_22_gtye4_cpll_cal_inst/gtwizard_ultrascale_v1_7_22_gtye4_cpll_cal_tx_i/U_TXOUTCLK_FREQ_COUNTER/testclk_div4[1]
    SLICE_X106Y7         LUT5 (Prop_H6LUT_SLICEM_I1_O)
                                                      0.182     1.186 r  u_pcie_xdma/inst/pcie4_ip_i/inst/xdma_0_pcie4_ip_gt_top_i/diablo_gt.diablo_gt_phy_wrapper/gt_wizard.gtwizard_top_i/xdma_0_pcie4_ip_gt_i/inst/gen_gtwizard_gtye4_top.xdma_0_pcie4_ip_gt_gtwizard_gtye4_inst/gen_gtwizard_gtye4.gen_cpll_cal_gtye4.gen_cpll_cal_inst[1].gen_inst_cpll_cal.gtwizard_ultrascale_v1_7_22_gtye4_cpll_cal_inst/gtwizard_ultrascale_v1_7_22_gtye4_cpll_cal_tx_i/U_TXOUTCLK_FREQ_COUNTER/testclk_cnt0__0/O
                         net (fo=18, routed)          0.479     1.665    u_pcie_xdma/inst/pcie4_ip_i/inst/xdma_0_pcie4_ip_gt_top_i/diablo_gt.diablo_gt_phy_wrapper/gt_wizard.gtwizard_top_i/xdma_0_pcie4_ip_gt_i/inst/gen_gtwizard_gtye4_top.xdma_0_pcie4_ip_gt_gtwizard_gtye4_inst/gen_gtwizard_gtye4.gen_cpll_cal_gtye4.gen_cpll_cal_inst[1].gen_inst_cpll_cal.gtwizard_ultrascale_v1_7_22_gtye4_cpll_cal_inst/gtwizard_ultrascale_v1_7_22_gtye4_cpll_cal_tx_i/U_TXOUTCLK_FREQ_COUNTER/testclk_cnt0__0_n_0
    SLICE_X108Y9         FDCE                                         r  u_pcie_xdma/inst/pcie4_ip_i/inst/xdma_0_pcie4_ip_gt_top_i/diablo_gt.diablo_gt_phy_wrapper/gt_wizard.gtwizard_top_i/xdma_0_pcie4_ip_gt_i/inst/gen_gtwizard_gtye4_top.xdma_0_pcie4_ip_gt_gtwizard_gtye4_inst/gen_gtwizard_gtye4.gen_cpll_cal_gtye4.gen_cpll_cal_inst[1].gen_inst_cpll_cal.gtwizard_ultrascale_v1_7_22_gtye4_cpll_cal_inst/gtwizard_ultrascale_v1_7_22_gtye4_cpll_cal_tx_i/U_TXOUTCLK_FREQ_COUNTER/testclk_cnt_reg[16]/CE
  -------------------------------------------------------------------    -------------------

                         (clock u_pcie_xdma/inst/pcie4_ip_i/inst/xdma_0_pcie4_ip_gt_top_i/diablo_gt.diablo_gt_phy_wrapper/gt_wizard.gtwizard_top_i/xdma_0_pcie4_ip_gt_i/inst/gen_gtwizard_gtye4_top.xdma_0_pcie4_ip_gt_gtwizard_gtye4_inst/gen_gtwizard_gtye4.gen_cpll_cal_gtye4.gen_cpll_cal_inst[1].gen_inst_cpll_cal.gtwizard_ultrascale_v1_7_22_gtye4_cpll_cal_inst/gtwizard_ultrascale_v1_7_22_gtye4_cpll_cal_tx_i/bufg_gt_txoutclkmon_inst/O rise edge)
                                                      8.000     8.000 r  
    BUFG_GT_X0Y21        BUFG_GT                      0.000     8.000 r  u_pcie_xdma/inst/pcie4_ip_i/inst/xdma_0_pcie4_ip_gt_top_i/diablo_gt.diablo_gt_phy_wrapper/gt_wizard.gtwizard_top_i/xdma_0_pcie4_ip_gt_i/inst/gen_gtwizard_gtye4_top.xdma_0_pcie4_ip_gt_gtwizard_gtye4_inst/gen_gtwizard_gtye4.gen_cpll_cal_gtye4.gen_cpll_cal_inst[1].gen_inst_cpll_cal.gtwizard_ultrascale_v1_7_22_gtye4_cpll_cal_inst/gtwizard_ultrascale_v1_7_22_gtye4_cpll_cal_tx_i/bufg_gt_txoutclkmon_inst/O
    X3Y0 (CLOCK_ROOT)    net (fo=31, routed)          0.541     8.541    u_pcie_xdma/inst/pcie4_ip_i/inst/xdma_0_pcie4_ip_gt_top_i/diablo_gt.diablo_gt_phy_wrapper/gt_wizard.gtwizard_top_i/xdma_0_pcie4_ip_gt_i/inst/gen_gtwizard_gtye4_top.xdma_0_pcie4_ip_gt_gtwizard_gtye4_inst/gen_gtwizard_gtye4.gen_cpll_cal_gtye4.gen_cpll_cal_inst[1].gen_inst_cpll_cal.gtwizard_ultrascale_v1_7_22_gtye4_cpll_cal_inst/gtwizard_ultrascale_v1_7_22_gtye4_cpll_cal_tx_i/U_TXOUTCLK_FREQ_COUNTER/txoutclkmon
    SLICE_X108Y9         FDCE                                         r  u_pcie_xdma/inst/pcie4_ip_i/inst/xdma_0_pcie4_ip_gt_top_i/diablo_gt.diablo_gt_phy_wrapper/gt_wizard.gtwizard_top_i/xdma_0_pcie4_ip_gt_i/inst/gen_gtwizard_gtye4_top.xdma_0_pcie4_ip_gt_gtwizard_gtye4_inst/gen_gtwizard_gtye4.gen_cpll_cal_gtye4.gen_cpll_cal_inst[1].gen_inst_cpll_cal.gtwizard_ultrascale_v1_7_22_gtye4_cpll_cal_inst/gtwizard_ultrascale_v1_7_22_gtye4_cpll_cal_tx_i/U_TXOUTCLK_FREQ_COUNTER/testclk_cnt_reg[16]/C
                         clock pessimism              0.002     8.543    
                         clock uncertainty           -0.046     8.496    
    SLICE_X108Y9         FDCE (Setup_AFF_SLICEL_C_CE)
                                                     -0.042     8.454    u_pcie_xdma/inst/pcie4_ip_i/inst/xdma_0_pcie4_ip_gt_top_i/diablo_gt.diablo_gt_phy_wrapper/gt_wizard.gtwizard_top_i/xdma_0_pcie4_ip_gt_i/inst/gen_gtwizard_gtye4_top.xdma_0_pcie4_ip_gt_gtwizard_gtye4_inst/gen_gtwizard_gtye4.gen_cpll_cal_gtye4.gen_cpll_cal_inst[1].gen_inst_cpll_cal.gtwizard_ultrascale_v1_7_22_gtye4_cpll_cal_inst/gtwizard_ultrascale_v1_7_22_gtye4_cpll_cal_tx_i/U_TXOUTCLK_FREQ_COUNTER/testclk_cnt_reg[16]
  -------------------------------------------------------------------
                         required time                          8.454    
                         arrival time                          -1.665    
  -------------------------------------------------------------------
                         slack                                  6.789    





Min Delay Paths
--------------------------------------------------------------------------------------
Slack (MET) :             0.052ns  (arrival time - required time)
  Source:                 u_pcie_xdma/inst/pcie4_ip_i/inst/xdma_0_pcie4_ip_gt_top_i/diablo_gt.diablo_gt_phy_wrapper/gt_wizard.gtwizard_top_i/xdma_0_pcie4_ip_gt_i/inst/gen_gtwizard_gtye4_top.xdma_0_pcie4_ip_gt_gtwizard_gtye4_inst/gen_gtwizard_gtye4.gen_cpll_cal_gtye4.gen_cpll_cal_inst[1].gen_inst_cpll_cal.gtwizard_ultrascale_v1_7_22_gtye4_cpll_cal_inst/gtwizard_ultrascale_v1_7_22_gtye4_cpll_cal_tx_i/U_TXOUTCLK_FREQ_COUNTER/testclk_div4_reg[0]/C
                            (rising edge-triggered cell FDSE clocked by u_pcie_xdma/inst/pcie4_ip_i/inst/xdma_0_pcie4_ip_gt_top_i/diablo_gt.diablo_gt_phy_wrapper/gt_wizard.gtwizard_top_i/xdma_0_pcie4_ip_gt_i/inst/gen_gtwizard_gtye4_top.xdma_0_pcie4_ip_gt_gtwizard_gtye4_inst/gen_gtwizard_gtye4.gen_cpll_cal_gtye4.gen_cpll_cal_inst[1].gen_inst_cpll_cal.gtwizard_ultrascale_v1_7_22_gtye4_cpll_cal_inst/gtwizard_ultrascale_v1_7_22_gtye4_cpll_cal_tx_i/bufg_gt_txoutclkmon_inst/O  {rise@0.000ns fall@4.000ns period=8.000ns})
  Destination:            u_pcie_xdma/inst/pcie4_ip_i/inst/xdma_0_pcie4_ip_gt_top_i/diablo_gt.diablo_gt_phy_wrapper/gt_wizard.gtwizard_top_i/xdma_0_pcie4_ip_gt_i/inst/gen_gtwizard_gtye4_top.xdma_0_pcie4_ip_gt_gtwizard_gtye4_inst/gen_gtwizard_gtye4.gen_cpll_cal_gtye4.gen_cpll_cal_inst[1].gen_inst_cpll_cal.gtwizard_ultrascale_v1_7_22_gtye4_cpll_cal_inst/gtwizard_ultrascale_v1_7_22_gtye4_cpll_cal_tx_i/U_TXOUTCLK_FREQ_COUNTER/testclk_div4_reg[1]/D
                            (rising edge-triggered cell FDRE clocked by u_pcie_xdma/inst/pcie4_ip_i/inst/xdma_0_pcie4_ip_gt_top_i/diablo_gt.diablo_gt_phy_wrapper/gt_wizard.gtwizard_top_i/xdma_0_pcie4_ip_gt_i/inst/gen_gtwizard_gtye4_top.xdma_0_pcie4_ip_gt_gtwizard_gtye4_inst/gen_gtwizard_gtye4.gen_cpll_cal_gtye4.gen_cpll_cal_inst[1].gen_inst_cpll_cal.gtwizard_ultrascale_v1_7_22_gtye4_cpll_cal_inst/gtwizard_ultrascale_v1_7_22_gtye4_cpll_cal_tx_i/bufg_gt_txoutclkmon_inst/O  {rise@0.000ns fall@4.000ns period=8.000ns})
  Path Group:             u_pcie_xdma/inst/pcie4_ip_i/inst/xdma_0_pcie4_ip_gt_top_i/diablo_gt.diablo_gt_phy_wrapper/gt_wizard.gtwizard_top_i/xdma_0_pcie4_ip_gt_i/inst/gen_gtwizard_gtye4_top.xdma_0_pcie4_ip_gt_gtwizard_gtye4_inst/gen_gtwizard_gtye4.gen_cpll_cal_gtye4.gen_cpll_cal_inst[1].gen_inst_cpll_cal.gtwizard_ultrascale_v1_7_22_gtye4_cpll_cal_inst/gtwizard_ultrascale_v1_7_22_gtye4_cpll_cal_tx_i/bufg_gt_txoutclkmon_inst/O
  Path Type:              Hold (Min at Fast Process Corner)
  Requirement:            0.000ns  (u_pcie_xdma/inst/pcie4_ip_i/inst/xdma_0_pcie4_ip_gt_top_i/diablo_gt.diablo_gt_phy_wrapper/gt_wizard.gtwizard_top_i/xdma_0_pcie4_ip_gt_i/inst/gen_gtwizard_gtye4_top.xdma_0_pcie4_ip_gt_gtwizard_gtye4_inst/gen_gtwizard_gtye4.gen_cpll_cal_gtye4.gen_cpll_cal_inst[1].gen_inst_cpll_cal.gtwizard_ultrascale_v1_7_22_gtye4_cpll_cal_inst/gtwizard_ultrascale_v1_7_22_gtye4_cpll_cal_tx_i/bufg_gt_txoutclkmon_inst/O rise@0.000ns - u_pcie_xdma/inst/pcie4_ip_i/inst/xdma_0_pcie4_ip_gt_top_i/diablo_gt.diablo_gt_phy_wrapper/gt_wizard.gtwizard_top_i/xdma_0_pcie4_ip_gt_i/inst/gen_gtwizard_gtye4_top.xdma_0_pcie4_ip_gt_gtwizard_gtye4_inst/gen_gtwizard_gtye4.gen_cpll_cal_gtye4.gen_cpll_cal_inst[1].gen_inst_cpll_cal.gtwizard_ultrascale_v1_7_22_gtye4_cpll_cal_inst/gtwizard_ultrascale_v1_7_22_gtye4_cpll_cal_tx_i/bufg_gt_txoutclkmon_inst/O rise@0.000ns)
  Data Path Delay:        0.105ns  (logic 0.038ns (36.301%)  route 0.067ns (63.699%))
  Logic Levels:           0  
  Clock Path Skew:        0.006ns (DCD - SCD - CPR)
    Destination Clock Delay (DCD):    0.380ns
    Source Clock Delay      (SCD):    0.331ns
    Clock Pessimism Removal (CPR):    0.044ns
  Clock Net Delay (Source):      0.331ns (routing 0.001ns, distribution 0.330ns)
  Clock Net Delay (Destination): 0.380ns (routing 0.001ns, distribution 0.379ns)

    Location             Delay type                Incr(ns)  Path(ns)    Netlist Resource(s)
  -------------------------------------------------------------------    -------------------
                         (clock u_pcie_xdma/inst/pcie4_ip_i/inst/xdma_0_pcie4_ip_gt_top_i/diablo_gt.diablo_gt_phy_wrapper/gt_wizard.gtwizard_top_i/xdma_0_pcie4_ip_gt_i/inst/gen_gtwizard_gtye4_top.xdma_0_pcie4_ip_gt_gtwizard_gtye4_inst/gen_gtwizard_gtye4.gen_cpll_cal_gtye4.gen_cpll_cal_inst[1].gen_inst_cpll_cal.gtwizard_ultrascale_v1_7_22_gtye4_cpll_cal_inst/gtwizard_ultrascale_v1_7_22_gtye4_cpll_cal_tx_i/bufg_gt_txoutclkmon_inst/O rise edge)
                                                      0.000     0.000 r  
    BUFG_GT_X0Y21        BUFG_GT                      0.000     0.000 r  u_pcie_xdma/inst/pcie4_ip_i/inst/xdma_0_pcie4_ip_gt_top_i/diablo_gt.diablo_gt_phy_wrapper/gt_wizard.gtwizard_top_i/xdma_0_pcie4_ip_gt_i/inst/gen_gtwizard_gtye4_top.xdma_0_pcie4_ip_gt_gtwizard_gtye4_inst/gen_gtwizard_gtye4.gen_cpll_cal_gtye4.gen_cpll_cal_inst[1].gen_inst_cpll_cal.gtwizard_ultrascale_v1_7_22_gtye4_cpll_cal_inst/gtwizard_ultrascale_v1_7_22_gtye4_cpll_cal_tx_i/bufg_gt_txoutclkmon_inst/O
    X3Y0 (CLOCK_ROOT)    net (fo=31, routed)          0.331     0.331    u_pcie_xdma/inst/pcie4_ip_i/inst/xdma_0_pcie4_ip_gt_top_i/diablo_gt.diablo_gt_phy_wrapper/gt_wizard.gtwizard_top_i/xdma_0_pcie4_ip_gt_i/inst/gen_gtwizard_gtye4_top.xdma_0_pcie4_ip_gt_gtwizard_gtye4_inst/gen_gtwizard_gtye4.gen_cpll_cal_gtye4.gen_cpll_cal_inst[1].gen_inst_cpll_cal.gtwizard_ultrascale_v1_7_22_gtye4_cpll_cal_inst/gtwizard_ultrascale_v1_7_22_gtye4_cpll_cal_tx_i/U_TXOUTCLK_FREQ_COUNTER/txoutclkmon
    SLICE_X106Y7         FDSE                                         r  u_pcie_xdma/inst/pcie4_ip_i/inst/xdma_0_pcie4_ip_gt_top_i/diablo_gt.diablo_gt_phy_wrapper/gt_wizard.gtwizard_top_i/xdma_0_pcie4_ip_gt_i/inst/gen_gtwizard_gtye4_top.xdma_0_pcie4_ip_gt_gtwizard_gtye4_inst/gen_gtwizard_gtye4.gen_cpll_cal_gtye4.gen_cpll_cal_inst[1].gen_inst_cpll_cal.gtwizard_ultrascale_v1_7_22_gtye4_cpll_cal_inst/gtwizard_ultrascale_v1_7_22_gtye4_cpll_cal_tx_i/U_TXOUTCLK_FREQ_COUNTER/testclk_div4_reg[0]/C
  -------------------------------------------------------------------    -------------------
    SLICE_X106Y7         FDSE (Prop_EFF_SLICEM_C_Q)
                                                      0.038     0.369 r  u_pcie_xdma/inst/pcie4_ip_i/inst/xdma_0_pcie4_ip_gt_top_i/diablo_gt.diablo_gt_phy_wrapper/gt_wizard.gtwizard_top_i/xdma_0_pcie4_ip_gt_i/inst/gen_gtwizard_gtye4_top.xdma_0_pcie4_ip_gt_gtwizard_gtye4_inst/gen_gtwizard_gtye4.gen_cpll_cal_gtye4.gen_cpll_cal_inst[1].gen_inst_cpll_cal.gtwizard_ultrascale_v1_7_22_gtye4_cpll_cal_inst/gtwizard_ultrascale_v1_7_22_gtye4_cpll_cal_tx_i/U_TXOUTCLK_FREQ_COUNTER/testclk_div4_reg[0]/Q
                         net (fo=2, routed)           0.067     0.435    u_pcie_xdma/inst/pcie4_ip_i/inst/xdma_0_pcie4_ip_gt_top_i/diablo_gt.diablo_gt_phy_wrapper/gt_wizard.gtwizard_top_i/xdma_0_pcie4_ip_gt_i/inst/gen_gtwizard_gtye4_top.xdma_0_pcie4_ip_gt_gtwizard_gtye4_inst/gen_gtwizard_gtye4.gen_cpll_cal_gtye4.gen_cpll_cal_inst[1].gen_inst_cpll_cal.gtwizard_ultrascale_v1_7_22_gtye4_cpll_cal_inst/gtwizard_ultrascale_v1_7_22_gtye4_cpll_cal_tx_i/U_TXOUTCLK_FREQ_COUNTER/testclk_div4[0]
    SLICE_X106Y7         FDRE                                         r  u_pcie_xdma/inst/pcie4_ip_i/inst/xdma_0_pcie4_ip_gt_top_i/diablo_gt.diablo_gt_phy_wrapper/gt_wizard.gtwizard_top_i/xdma_0_pcie4_ip_gt_i/inst/gen_gtwizard_gtye4_top.xdma_0_pcie4_ip_gt_gtwizard_gtye4_inst/gen_gtwizard_gtye4.gen_cpll_cal_gtye4.gen_cpll_cal_inst[1].gen_inst_cpll_cal.gtwizard_ultrascale_v1_7_22_gtye4_cpll_cal_inst/gtwizard_ultrascale_v1_7_22_gtye4_cpll_cal_tx_i/U_TXOUTCLK_FREQ_COUNTER/testclk_div4_reg[1]/D
  -------------------------------------------------------------------    -------------------

                         (clock u_pcie_xdma/inst/pcie4_ip_i/inst/xdma_0_pcie4_ip_gt_top_i/diablo_gt.diablo_gt_phy_wrapper/gt_wizard.gtwizard_top_i/xdma_0_pcie4_ip_gt_i/inst/gen_gtwizard_gtye4_top.xdma_0_pcie4_ip_gt_gtwizard_gtye4_inst/gen_gtwizard_gtye4.gen_cpll_cal_gtye4.gen_cpll_cal_inst[1].gen_inst_cpll_cal.gtwizard_ultrascale_v1_7_22_gtye4_cpll_cal_inst/gtwizard_ultrascale_v1_7_22_gtye4_cpll_cal_tx_i/bufg_gt_txoutclkmon_inst/O rise edge)
                                                      0.000     0.000 r  
    BUFG_GT_X0Y21        BUFG_GT                      0.000     0.000 r  u_pcie_xdma/inst/pcie4_ip_i/inst/xdma_0_pcie4_ip_gt_top_i/diablo_gt.diablo_gt_phy_wrapper/gt_wizard.gtwizard_top_i/xdma_0_pcie4_ip_gt_i/inst/gen_gtwizard_gtye4_top.xdma_0_pcie4_ip_gt_gtwizard_gtye4_inst/gen_gtwizard_gtye4.gen_cpll_cal_gtye4.gen_cpll_cal_inst[1].gen_inst_cpll_cal.gtwizard_ultrascale_v1_7_22_gtye4_cpll_cal_inst/gtwizard_ultrascale_v1_7_22_gtye4_cpll_cal_tx_i/bufg_gt_txoutclkmon_inst/O
    X3Y0 (CLOCK_ROOT)    net (fo=31, routed)          0.380     0.380    u_pcie_xdma/inst/pcie4_ip_i/inst/xdma_0_pcie4_ip_gt_top_i/diablo_gt.diablo_gt_phy_wrapper/gt_wizard.gtwizard_top_i/xdma_0_pcie4_ip_gt_i/inst/gen_gtwizard_gtye4_top.xdma_0_pcie4_ip_gt_gtwizard_gtye4_inst/gen_gtwizard_gtye4.gen_cpll_cal_gtye4.gen_cpll_cal_inst[1].gen_inst_cpll_cal.gtwizard_ultrascale_v1_7_22_gtye4_cpll_cal_inst/gtwizard_ultrascale_v1_7_22_gtye4_cpll_cal_tx_i/U_TXOUTCLK_FREQ_COUNTER/txoutclkmon
    SLICE_X106Y7         FDRE                                         r  u_pcie_xdma/inst/pcie4_ip_i/inst/xdma_0_pcie4_ip_gt_top_i/diablo_gt.diablo_gt_phy_wrapper/gt_wizard.gtwizard_top_i/xdma_0_pcie4_ip_gt_i/inst/gen_gtwizard_gtye4_top.xdma_0_pcie4_ip_gt_gtwizard_gtye4_inst/gen_gtwizard_gtye4.gen_cpll_cal_gtye4.gen_cpll_cal_inst[1].gen_inst_cpll_cal.gtwizard_ultrascale_v1_7_22_gtye4_cpll_cal_inst/gtwizard_ultrascale_v1_7_22_gtye4_cpll_cal_tx_i/U_TXOUTCLK_FREQ_COUNTER/testclk_div4_reg[1]/C
                         clock pessimism             -0.044     0.337    
    SLICE_X106Y7         FDRE (Hold_EFF2_SLICEM_C_D)
                                                      0.047     0.384    u_pcie_xdma/inst/pcie4_ip_i/inst/xdma_0_pcie4_ip_gt_top_i/diablo_gt.diablo_gt_phy_wrapper/gt_wizard.gtwizard_top_i/xdma_0_pcie4_ip_gt_i/inst/gen_gtwizard_gtye4_top.xdma_0_pcie4_ip_gt_gtwizard_gtye4_inst/gen_gtwizard_gtye4.gen_cpll_cal_gtye4.gen_cpll_cal_inst[1].gen_inst_cpll_cal.gtwizard_ultrascale_v1_7_22_gtye4_cpll_cal_inst/gtwizard_ultrascale_v1_7_22_gtye4_cpll_cal_tx_i/U_TXOUTCLK_FREQ_COUNTER/testclk_div4_reg[1]
  -------------------------------------------------------------------
                         required time                         -0.384    
                         arrival time                           0.435    
  -------------------------------------------------------------------
                         slack                                  0.052    





Pulse Width Checks
--------------------------------------------------------------------------------------
Clock Name:         u_pcie_xdma/inst/pcie4_ip_i/inst/xdma_0_pcie4_ip_gt_top_i/diablo_gt.diablo_gt_phy_wrapper/gt_wizard.gtwizard_top_i/xdma_0_pcie4_ip_gt_i/inst/gen_gtwizard_gtye4_top.xdma_0_pcie4_ip_gt_gtwizard_gtye4_inst/gen_gtwizard_gtye4.gen_cpll_cal_gtye4.gen_cpll_cal_inst[1].gen_inst_cpll_cal.gtwizard_ultrascale_v1_7_22_gtye4_cpll_cal_inst/gtwizard_ultrascale_v1_7_22_gtye4_cpll_cal_tx_i/bufg_gt_txoutclkmon_inst/O
Waveform(ns):       { 0.000 4.000 }
Period(ns):         8.000
Sources:            { u_pcie_xdma/inst/pcie4_ip_i/inst/xdma_0_pcie4_ip_gt_top_i/diablo_gt.diablo_gt_phy_wrapper/gt_wizard.gtwizard_top_i/xdma_0_pcie4_ip_gt_i/inst/gen_gtwizard_gtye4_top.xdma_0_pcie4_ip_gt_gtwizard_gtye4_inst/gen_gtwizard_gtye4.gen_cpll_cal_gtye4.gen_cpll_cal_inst[1].gen_inst_cpll_cal.gtwizard_ultrascale_v1_7_22_gtye4_cpll_cal_inst/gtwizard_ultrascale_v1_7_22_gtye4_cpll_cal_tx_i/bufg_gt_txoutclkmon_inst/O }

Check Type        Corner  Lib Pin  Reference Pin  Required(ns)  Actual(ns)  Slack(ns)  Location      Pin
Min Period        n/a     FDCE/C   n/a            0.550         8.000       7.450      SLICE_X108Y7  u_pcie_xdma/inst/pcie4_ip_i/inst/xdma_0_pcie4_ip_gt_top_i/diablo_gt.diablo_gt_phy_wrapper/gt_wizard.gtwizard_top_i/xdma_0_pcie4_ip_gt_i/inst/gen_gtwizard_gtye4_top.xdma_0_pcie4_ip_gt_gtwizard_gtye4_inst/gen_gtwizard_gtye4.gen_cpll_cal_gtye4.gen_cpll_cal_inst[1].gen_inst_cpll_cal.gtwizard_ultrascale_v1_7_22_gtye4_cpll_cal_inst/gtwizard_ultrascale_v1_7_22_gtye4_cpll_cal_tx_i/U_TXOUTCLK_FREQ_COUNTER/testclk_cnt_reg[0]/C
Low Pulse Width   Slow    FDCE/C   n/a            0.275         4.000       3.725      SLICE_X108Y7  u_pcie_xdma/inst/pcie4_ip_i/inst/xdma_0_pcie4_ip_gt_top_i/diablo_gt.diablo_gt_phy_wrapper/gt_wizard.gtwizard_top_i/xdma_0_pcie4_ip_gt_i/inst/gen_gtwizard_gtye4_top.xdma_0_pcie4_ip_gt_gtwizard_gtye4_inst/gen_gtwizard_gtye4.gen_cpll_cal_gtye4.gen_cpll_cal_inst[1].gen_inst_cpll_cal.gtwizard_ultrascale_v1_7_22_gtye4_cpll_cal_inst/gtwizard_ultrascale_v1_7_22_gtye4_cpll_cal_tx_i/U_TXOUTCLK_FREQ_COUNTER/testclk_cnt_reg[0]/C
High Pulse Width  Slow    FDCE/C   n/a            0.275         4.000       3.725      SLICE_X108Y7  u_pcie_xdma/inst/pcie4_ip_i/inst/xdma_0_pcie4_ip_gt_top_i/diablo_gt.diablo_gt_phy_wrapper/gt_wizard.gtwizard_top_i/xdma_0_pcie4_ip_gt_i/inst/gen_gtwizard_gtye4_top.xdma_0_pcie4_ip_gt_gtwizard_gtye4_inst/gen_gtwizard_gtye4.gen_cpll_cal_gtye4.gen_cpll_cal_inst[1].gen_inst_cpll_cal.gtwizard_ultrascale_v1_7_22_gtye4_cpll_cal_inst/gtwizard_ultrascale_v1_7_22_gtye4_cpll_cal_tx_i/U_TXOUTCLK_FREQ_COUNTER/testclk_cnt_reg[0]/C



---------------------------------------------------------------------------------------------------
From Clock:  u_pcie_xdma/inst/pcie4_ip_i/inst/xdma_0_pcie4_ip_gt_top_i/diablo_gt.diablo_gt_phy_wrapper/gt_wizard.gtwizard_top_i/xdma_0_pcie4_ip_gt_i/inst/gen_gtwizard_gtye4_top.xdma_0_pcie4_ip_gt_gtwizard_gtye4_inst/gen_gtwizard_gtye4.gen_cpll_cal_gtye4.gen_cpll_cal_inst[2].gen_inst_cpll_cal.gtwizard_ultrascale_v1_7_22_gtye4_cpll_cal_inst/gtwizard_ultrascale_v1_7_22_gtye4_cpll_cal_tx_i/bufg_gt_txoutclkmon_inst/O
  To Clock:  u_pcie_xdma/inst/pcie4_ip_i/inst/xdma_0_pcie4_ip_gt_top_i/diablo_gt.diablo_gt_phy_wrapper/gt_wizard.gtwizard_top_i/xdma_0_pcie4_ip_gt_i/inst/gen_gtwizard_gtye4_top.xdma_0_pcie4_ip_gt_gtwizard_gtye4_inst/gen_gtwizard_gtye4.gen_cpll_cal_gtye4.gen_cpll_cal_inst[2].gen_inst_cpll_cal.gtwizard_ultrascale_v1_7_22_gtye4_cpll_cal_inst/gtwizard_ultrascale_v1_7_22_gtye4_cpll_cal_tx_i/bufg_gt_txoutclkmon_inst/O

Setup :            0  Failing Endpoints,  Worst Slack        6.967ns,  Total Violation        0.000ns
Hold  :            0  Failing Endpoints,  Worst Slack        0.066ns,  Total Violation        0.000ns
PW    :            0  Failing Endpoints,  Worst Slack        3.725ns,  Total Violation        0.000ns
---------------------------------------------------------------------------------------------------


Max Delay Paths
--------------------------------------------------------------------------------------
Slack (MET) :             6.967ns  (required time - arrival time)
  Source:                 u_pcie_xdma/inst/pcie4_ip_i/inst/xdma_0_pcie4_ip_gt_top_i/diablo_gt.diablo_gt_phy_wrapper/gt_wizard.gtwizard_top_i/xdma_0_pcie4_ip_gt_i/inst/gen_gtwizard_gtye4_top.xdma_0_pcie4_ip_gt_gtwizard_gtye4_inst/gen_gtwizard_gtye4.gen_cpll_cal_gtye4.gen_cpll_cal_inst[2].gen_inst_cpll_cal.gtwizard_ultrascale_v1_7_22_gtye4_cpll_cal_inst/gtwizard_ultrascale_v1_7_22_gtye4_cpll_cal_tx_i/U_TXOUTCLK_FREQ_COUNTER/testclk_div4_reg[1]/C
                            (rising edge-triggered cell FDRE clocked by u_pcie_xdma/inst/pcie4_ip_i/inst/xdma_0_pcie4_ip_gt_top_i/diablo_gt.diablo_gt_phy_wrapper/gt_wizard.gtwizard_top_i/xdma_0_pcie4_ip_gt_i/inst/gen_gtwizard_gtye4_top.xdma_0_pcie4_ip_gt_gtwizard_gtye4_inst/gen_gtwizard_gtye4.gen_cpll_cal_gtye4.gen_cpll_cal_inst[2].gen_inst_cpll_cal.gtwizard_ultrascale_v1_7_22_gtye4_cpll_cal_inst/gtwizard_ultrascale_v1_7_22_gtye4_cpll_cal_tx_i/bufg_gt_txoutclkmon_inst/O  {rise@0.000ns fall@4.000ns period=8.000ns})
  Destination:            u_pcie_xdma/inst/pcie4_ip_i/inst/xdma_0_pcie4_ip_gt_top_i/diablo_gt.diablo_gt_phy_wrapper/gt_wizard.gtwizard_top_i/xdma_0_pcie4_ip_gt_i/inst/gen_gtwizard_gtye4_top.xdma_0_pcie4_ip_gt_gtwizard_gtye4_inst/gen_gtwizard_gtye4.gen_cpll_cal_gtye4.gen_cpll_cal_inst[2].gen_inst_cpll_cal.gtwizard_ultrascale_v1_7_22_gtye4_cpll_cal_inst/gtwizard_ultrascale_v1_7_22_gtye4_cpll_cal_tx_i/U_TXOUTCLK_FREQ_COUNTER/testclk_cnt_reg[12]/CE
                            (rising edge-triggered cell FDCE clocked by u_pcie_xdma/inst/pcie4_ip_i/inst/xdma_0_pcie4_ip_gt_top_i/diablo_gt.diablo_gt_phy_wrapper/gt_wizard.gtwizard_top_i/xdma_0_pcie4_ip_gt_i/inst/gen_gtwizard_gtye4_top.xdma_0_pcie4_ip_gt_gtwizard_gtye4_inst/gen_gtwizard_gtye4.gen_cpll_cal_gtye4.gen_cpll_cal_inst[2].gen_inst_cpll_cal.gtwizard_ultrascale_v1_7_22_gtye4_cpll_cal_inst/gtwizard_ultrascale_v1_7_22_gtye4_cpll_cal_tx_i/bufg_gt_txoutclkmon_inst/O  {rise@0.000ns fall@4.000ns period=8.000ns})
  Path Group:             u_pcie_xdma/inst/pcie4_ip_i/inst/xdma_0_pcie4_ip_gt_top_i/diablo_gt.diablo_gt_phy_wrapper/gt_wizard.gtwizard_top_i/xdma_0_pcie4_ip_gt_i/inst/gen_gtwizard_gtye4_top.xdma_0_pcie4_ip_gt_gtwizard_gtye4_inst/gen_gtwizard_gtye4.gen_cpll_cal_gtye4.gen_cpll_cal_inst[2].gen_inst_cpll_cal.gtwizard_ultrascale_v1_7_22_gtye4_cpll_cal_inst/gtwizard_ultrascale_v1_7_22_gtye4_cpll_cal_tx_i/bufg_gt_txoutclkmon_inst/O
  Path Type:              Setup (Max at Slow Process Corner)
  Requirement:            8.000ns  (u_pcie_xdma/inst/pcie4_ip_i/inst/xdma_0_pcie4_ip_gt_top_i/diablo_gt.diablo_gt_phy_wrapper/gt_wizard.gtwizard_top_i/xdma_0_pcie4_ip_gt_i/inst/gen_gtwizard_gtye4_top.xdma_0_pcie4_ip_gt_gtwizard_gtye4_inst/gen_gtwizard_gtye4.gen_cpll_cal_gtye4.gen_cpll_cal_inst[2].gen_inst_cpll_cal.gtwizard_ultrascale_v1_7_22_gtye4_cpll_cal_inst/gtwizard_ultrascale_v1_7_22_gtye4_cpll_cal_tx_i/bufg_gt_txoutclkmon_inst/O rise@8.000ns - u_pcie_xdma/inst/pcie4_ip_i/inst/xdma_0_pcie4_ip_gt_top_i/diablo_gt.diablo_gt_phy_wrapper/gt_wizard.gtwizard_top_i/xdma_0_pcie4_ip_gt_i/inst/gen_gtwizard_gtye4_top.xdma_0_pcie4_ip_gt_gtwizard_gtye4_inst/gen_gtwizard_gtye4.gen_cpll_cal_gtye4.gen_cpll_cal_inst[2].gen_inst_cpll_cal.gtwizard_ultrascale_v1_7_22_gtye4_cpll_cal_inst/gtwizard_ultrascale_v1_7_22_gtye4_cpll_cal_tx_i/bufg_gt_txoutclkmon_inst/O rise@0.000ns)
  Data Path Delay:        0.837ns  (logic 0.198ns (23.649%)  route 0.639ns (76.351%))
  Logic Levels:           1  (LUT5=1)
  Clock Path Skew:        -0.105ns (DCD - SCD + CPR)
    Destination Clock Delay (DCD):    0.542ns = ( 8.542 - 8.000 ) 
    Source Clock Delay      (SCD):    0.649ns
    Clock Pessimism Removal (CPR):    0.002ns
  Clock Uncertainty:      0.046ns  ((TSJ^2 + DJ^2)^1/2) / 2 + PE
    Total System Jitter     (TSJ):    0.071ns
    Discrete Jitter          (DJ):    0.060ns
    Phase Error              (PE):    0.000ns
  Clock Net Delay (Source):      0.649ns (routing 0.002ns, distribution 0.647ns)
  Clock Net Delay (Destination): 0.542ns (routing 0.001ns, distribution 0.541ns)

    Location             Delay type                Incr(ns)  Path(ns)    Netlist Resource(s)
  -------------------------------------------------------------------    -------------------
                         (clock u_pcie_xdma/inst/pcie4_ip_i/inst/xdma_0_pcie4_ip_gt_top_i/diablo_gt.diablo_gt_phy_wrapper/gt_wizard.gtwizard_top_i/xdma_0_pcie4_ip_gt_i/inst/gen_gtwizard_gtye4_top.xdma_0_pcie4_ip_gt_gtwizard_gtye4_inst/gen_gtwizard_gtye4.gen_cpll_cal_gtye4.gen_cpll_cal_inst[2].gen_inst_cpll_cal.gtwizard_ultrascale_v1_7_22_gtye4_cpll_cal_inst/gtwizard_ultrascale_v1_7_22_gtye4_cpll_cal_tx_i/bufg_gt_txoutclkmon_inst/O rise edge)
                                                      0.000     0.000 r  
    BUFG_GT_X0Y20        BUFG_GT                      0.000     0.000 r  u_pcie_xdma/inst/pcie4_ip_i/inst/xdma_0_pcie4_ip_gt_top_i/diablo_gt.diablo_gt_phy_wrapper/gt_wizard.gtwizard_top_i/xdma_0_pcie4_ip_gt_i/inst/gen_gtwizard_gtye4_top.xdma_0_pcie4_ip_gt_gtwizard_gtye4_inst/gen_gtwizard_gtye4.gen_cpll_cal_gtye4.gen_cpll_cal_inst[2].gen_inst_cpll_cal.gtwizard_ultrascale_v1_7_22_gtye4_cpll_cal_inst/gtwizard_ultrascale_v1_7_22_gtye4_cpll_cal_tx_i/bufg_gt_txoutclkmon_inst/O
    X3Y0 (CLOCK_ROOT)    net (fo=31, routed)          0.649     0.649    u_pcie_xdma/inst/pcie4_ip_i/inst/xdma_0_pcie4_ip_gt_top_i/diablo_gt.diablo_gt_phy_wrapper/gt_wizard.gtwizard_top_i/xdma_0_pcie4_ip_gt_i/inst/gen_gtwizard_gtye4_top.xdma_0_pcie4_ip_gt_gtwizard_gtye4_inst/gen_gtwizard_gtye4.gen_cpll_cal_gtye4.gen_cpll_cal_inst[2].gen_inst_cpll_cal.gtwizard_ultrascale_v1_7_22_gtye4_cpll_cal_inst/gtwizard_ultrascale_v1_7_22_gtye4_cpll_cal_tx_i/U_TXOUTCLK_FREQ_COUNTER/txoutclkmon
    SLICE_X106Y23        FDRE                                         r  u_pcie_xdma/inst/pcie4_ip_i/inst/xdma_0_pcie4_ip_gt_top_i/diablo_gt.diablo_gt_phy_wrapper/gt_wizard.gtwizard_top_i/xdma_0_pcie4_ip_gt_i/inst/gen_gtwizard_gtye4_top.xdma_0_pcie4_ip_gt_gtwizard_gtye4_inst/gen_gtwizard_gtye4.gen_cpll_cal_gtye4.gen_cpll_cal_inst[2].gen_inst_cpll_cal.gtwizard_ultrascale_v1_7_22_gtye4_cpll_cal_inst/gtwizard_ultrascale_v1_7_22_gtye4_cpll_cal_tx_i/U_TXOUTCLK_FREQ_COUNTER/testclk_div4_reg[1]/C
  -------------------------------------------------------------------    -------------------
    SLICE_X106Y23        FDRE (Prop_EFF2_SLICEM_C_Q)
                                                      0.098     0.747 f  u_pcie_xdma/inst/pcie4_ip_i/inst/xdma_0_pcie4_ip_gt_top_i/diablo_gt.diablo_gt_phy_wrapper/gt_wizard.gtwizard_top_i/xdma_0_pcie4_ip_gt_i/inst/gen_gtwizard_gtye4_top.xdma_0_pcie4_ip_gt_gtwizard_gtye4_inst/gen_gtwizard_gtye4.gen_cpll_cal_gtye4.gen_cpll_cal_inst[2].gen_inst_cpll_cal.gtwizard_ultrascale_v1_7_22_gtye4_cpll_cal_inst/gtwizard_ultrascale_v1_7_22_gtye4_cpll_cal_tx_i/U_TXOUTCLK_FREQ_COUNTER/testclk_div4_reg[1]/Q
                         net (fo=2, routed)           0.246     0.993    u_pcie_xdma/inst/pcie4_ip_i/inst/xdma_0_pcie4_ip_gt_top_i/diablo_gt.diablo_gt_phy_wrapper/gt_wizard.gtwizard_top_i/xdma_0_pcie4_ip_gt_i/inst/gen_gtwizard_gtye4_top.xdma_0_pcie4_ip_gt_gtwizard_gtye4_inst/gen_gtwizard_gtye4.gen_cpll_cal_gtye4.gen_cpll_cal_inst[2].gen_inst_cpll_cal.gtwizard_ultrascale_v1_7_22_gtye4_cpll_cal_inst/gtwizard_ultrascale_v1_7_22_gtye4_cpll_cal_tx_i/U_TXOUTCLK_FREQ_COUNTER/testclk_div4[1]
    SLICE_X106Y23        LUT5 (Prop_H6LUT_SLICEM_I1_O)
                                                      0.100     1.093 r  u_pcie_xdma/inst/pcie4_ip_i/inst/xdma_0_pcie4_ip_gt_top_i/diablo_gt.diablo_gt_phy_wrapper/gt_wizard.gtwizard_top_i/xdma_0_pcie4_ip_gt_i/inst/gen_gtwizard_gtye4_top.xdma_0_pcie4_ip_gt_gtwizard_gtye4_inst/gen_gtwizard_gtye4.gen_cpll_cal_gtye4.gen_cpll_cal_inst[2].gen_inst_cpll_cal.gtwizard_ultrascale_v1_7_22_gtye4_cpll_cal_inst/gtwizard_ultrascale_v1_7_22_gtye4_cpll_cal_tx_i/U_TXOUTCLK_FREQ_COUNTER/testclk_cnt0__1/O
                         net (fo=18, routed)          0.393     1.486    u_pcie_xdma/inst/pcie4_ip_i/inst/xdma_0_pcie4_ip_gt_top_i/diablo_gt.diablo_gt_phy_wrapper/gt_wizard.gtwizard_top_i/xdma_0_pcie4_ip_gt_i/inst/gen_gtwizard_gtye4_top.xdma_0_pcie4_ip_gt_gtwizard_gtye4_inst/gen_gtwizard_gtye4.gen_cpll_cal_gtye4.gen_cpll_cal_inst[2].gen_inst_cpll_cal.gtwizard_ultrascale_v1_7_22_gtye4_cpll_cal_inst/gtwizard_ultrascale_v1_7_22_gtye4_cpll_cal_tx_i/U_TXOUTCLK_FREQ_COUNTER/testclk_cnt0__1_n_0
    SLICE_X107Y24        FDCE                                         r  u_pcie_xdma/inst/pcie4_ip_i/inst/xdma_0_pcie4_ip_gt_top_i/diablo_gt.diablo_gt_phy_wrapper/gt_wizard.gtwizard_top_i/xdma_0_pcie4_ip_gt_i/inst/gen_gtwizard_gtye4_top.xdma_0_pcie4_ip_gt_gtwizard_gtye4_inst/gen_gtwizard_gtye4.gen_cpll_cal_gtye4.gen_cpll_cal_inst[2].gen_inst_cpll_cal.gtwizard_ultrascale_v1_7_22_gtye4_cpll_cal_inst/gtwizard_ultrascale_v1_7_22_gtye4_cpll_cal_tx_i/U_TXOUTCLK_FREQ_COUNTER/testclk_cnt_reg[12]/CE
  -------------------------------------------------------------------    -------------------

                         (clock u_pcie_xdma/inst/pcie4_ip_i/inst/xdma_0_pcie4_ip_gt_top_i/diablo_gt.diablo_gt_phy_wrapper/gt_wizard.gtwizard_top_i/xdma_0_pcie4_ip_gt_i/inst/gen_gtwizard_gtye4_top.xdma_0_pcie4_ip_gt_gtwizard_gtye4_inst/gen_gtwizard_gtye4.gen_cpll_cal_gtye4.gen_cpll_cal_inst[2].gen_inst_cpll_cal.gtwizard_ultrascale_v1_7_22_gtye4_cpll_cal_inst/gtwizard_ultrascale_v1_7_22_gtye4_cpll_cal_tx_i/bufg_gt_txoutclkmon_inst/O rise edge)
                                                      8.000     8.000 r  
    BUFG_GT_X0Y20        BUFG_GT                      0.000     8.000 r  u_pcie_xdma/inst/pcie4_ip_i/inst/xdma_0_pcie4_ip_gt_top_i/diablo_gt.diablo_gt_phy_wrapper/gt_wizard.gtwizard_top_i/xdma_0_pcie4_ip_gt_i/inst/gen_gtwizard_gtye4_top.xdma_0_pcie4_ip_gt_gtwizard_gtye4_inst/gen_gtwizard_gtye4.gen_cpll_cal_gtye4.gen_cpll_cal_inst[2].gen_inst_cpll_cal.gtwizard_ultrascale_v1_7_22_gtye4_cpll_cal_inst/gtwizard_ultrascale_v1_7_22_gtye4_cpll_cal_tx_i/bufg_gt_txoutclkmon_inst/O
    X3Y0 (CLOCK_ROOT)    net (fo=31, routed)          0.542     8.542    u_pcie_xdma/inst/pcie4_ip_i/inst/xdma_0_pcie4_ip_gt_top_i/diablo_gt.diablo_gt_phy_wrapper/gt_wizard.gtwizard_top_i/xdma_0_pcie4_ip_gt_i/inst/gen_gtwizard_gtye4_top.xdma_0_pcie4_ip_gt_gtwizard_gtye4_inst/gen_gtwizard_gtye4.gen_cpll_cal_gtye4.gen_cpll_cal_inst[2].gen_inst_cpll_cal.gtwizard_ultrascale_v1_7_22_gtye4_cpll_cal_inst/gtwizard_ultrascale_v1_7_22_gtye4_cpll_cal_tx_i/U_TXOUTCLK_FREQ_COUNTER/txoutclkmon
    SLICE_X107Y24        FDCE                                         r  u_pcie_xdma/inst/pcie4_ip_i/inst/xdma_0_pcie4_ip_gt_top_i/diablo_gt.diablo_gt_phy_wrapper/gt_wizard.gtwizard_top_i/xdma_0_pcie4_ip_gt_i/inst/gen_gtwizard_gtye4_top.xdma_0_pcie4_ip_gt_gtwizard_gtye4_inst/gen_gtwizard_gtye4.gen_cpll_cal_gtye4.gen_cpll_cal_inst[2].gen_inst_cpll_cal.gtwizard_ultrascale_v1_7_22_gtye4_cpll_cal_inst/gtwizard_ultrascale_v1_7_22_gtye4_cpll_cal_tx_i/U_TXOUTCLK_FREQ_COUNTER/testclk_cnt_reg[12]/C
                         clock pessimism              0.002     8.544    
                         clock uncertainty           -0.046     8.498    
    SLICE_X107Y24        FDCE (Setup_EFF_SLICEM_C_CE)
                                                     -0.044     8.454    u_pcie_xdma/inst/pcie4_ip_i/inst/xdma_0_pcie4_ip_gt_top_i/diablo_gt.diablo_gt_phy_wrapper/gt_wizard.gtwizard_top_i/xdma_0_pcie4_ip_gt_i/inst/gen_gtwizard_gtye4_top.xdma_0_pcie4_ip_gt_gtwizard_gtye4_inst/gen_gtwizard_gtye4.gen_cpll_cal_gtye4.gen_cpll_cal_inst[2].gen_inst_cpll_cal.gtwizard_ultrascale_v1_7_22_gtye4_cpll_cal_inst/gtwizard_ultrascale_v1_7_22_gtye4_cpll_cal_tx_i/U_TXOUTCLK_FREQ_COUNTER/testclk_cnt_reg[12]
  -------------------------------------------------------------------
                         required time                          8.454    
                         arrival time                          -1.486    
  -------------------------------------------------------------------
                         slack                                  6.967    





Min Delay Paths
--------------------------------------------------------------------------------------
Slack (MET) :             0.066ns  (arrival time - required time)
  Source:                 u_pcie_xdma/inst/pcie4_ip_i/inst/xdma_0_pcie4_ip_gt_top_i/diablo_gt.diablo_gt_phy_wrapper/gt_wizard.gtwizard_top_i/xdma_0_pcie4_ip_gt_i/inst/gen_gtwizard_gtye4_top.xdma_0_pcie4_ip_gt_gtwizard_gtye4_inst/gen_gtwizard_gtye4.gen_cpll_cal_gtye4.gen_cpll_cal_inst[2].gen_inst_cpll_cal.gtwizard_ultrascale_v1_7_22_gtye4_cpll_cal_inst/gtwizard_ultrascale_v1_7_22_gtye4_cpll_cal_tx_i/U_TXOUTCLK_FREQ_COUNTER/testclk_cnt_reg[17]/C
                            (rising edge-triggered cell FDCE clocked by u_pcie_xdma/inst/pcie4_ip_i/inst/xdma_0_pcie4_ip_gt_top_i/diablo_gt.diablo_gt_phy_wrapper/gt_wizard.gtwizard_top_i/xdma_0_pcie4_ip_gt_i/inst/gen_gtwizard_gtye4_top.xdma_0_pcie4_ip_gt_gtwizard_gtye4_inst/gen_gtwizard_gtye4.gen_cpll_cal_gtye4.gen_cpll_cal_inst[2].gen_inst_cpll_cal.gtwizard_ultrascale_v1_7_22_gtye4_cpll_cal_inst/gtwizard_ultrascale_v1_7_22_gtye4_cpll_cal_tx_i/bufg_gt_txoutclkmon_inst/O  {rise@0.000ns fall@4.000ns period=8.000ns})
  Destination:            u_pcie_xdma/inst/pcie4_ip_i/inst/xdma_0_pcie4_ip_gt_top_i/diablo_gt.diablo_gt_phy_wrapper/gt_wizard.gtwizard_top_i/xdma_0_pcie4_ip_gt_i/inst/gen_gtwizard_gtye4_top.xdma_0_pcie4_ip_gt_gtwizard_gtye4_inst/gen_gtwizard_gtye4.gen_cpll_cal_gtye4.gen_cpll_cal_inst[2].gen_inst_cpll_cal.gtwizard_ultrascale_v1_7_22_gtye4_cpll_cal_inst/gtwizard_ultrascale_v1_7_22_gtye4_cpll_cal_tx_i/U_TXOUTCLK_FREQ_COUNTER/testclk_cnt_reg[17]/D
                            (rising edge-triggered cell FDCE clocked by u_pcie_xdma/inst/pcie4_ip_i/inst/xdma_0_pcie4_ip_gt_top_i/diablo_gt.diablo_gt_phy_wrapper/gt_wizard.gtwizard_top_i/xdma_0_pcie4_ip_gt_i/inst/gen_gtwizard_gtye4_top.xdma_0_pcie4_ip_gt_gtwizard_gtye4_inst/gen_gtwizard_gtye4.gen_cpll_cal_gtye4.gen_cpll_cal_inst[2].gen_inst_cpll_cal.gtwizard_ultrascale_v1_7_22_gtye4_cpll_cal_inst/gtwizard_ultrascale_v1_7_22_gtye4_cpll_cal_tx_i/bufg_gt_txoutclkmon_inst/O  {rise@0.000ns fall@4.000ns period=8.000ns})
  Path Group:             u_pcie_xdma/inst/pcie4_ip_i/inst/xdma_0_pcie4_ip_gt_top_i/diablo_gt.diablo_gt_phy_wrapper/gt_wizard.gtwizard_top_i/xdma_0_pcie4_ip_gt_i/inst/gen_gtwizard_gtye4_top.xdma_0_pcie4_ip_gt_gtwizard_gtye4_inst/gen_gtwizard_gtye4.gen_cpll_cal_gtye4.gen_cpll_cal_inst[2].gen_inst_cpll_cal.gtwizard_ultrascale_v1_7_22_gtye4_cpll_cal_inst/gtwizard_ultrascale_v1_7_22_gtye4_cpll_cal_tx_i/bufg_gt_txoutclkmon_inst/O
  Path Type:              Hold (Min at Fast Process Corner)
  Requirement:            0.000ns  (u_pcie_xdma/inst/pcie4_ip_i/inst/xdma_0_pcie4_ip_gt_top_i/diablo_gt.diablo_gt_phy_wrapper/gt_wizard.gtwizard_top_i/xdma_0_pcie4_ip_gt_i/inst/gen_gtwizard_gtye4_top.xdma_0_pcie4_ip_gt_gtwizard_gtye4_inst/gen_gtwizard_gtye4.gen_cpll_cal_gtye4.gen_cpll_cal_inst[2].gen_inst_cpll_cal.gtwizard_ultrascale_v1_7_22_gtye4_cpll_cal_inst/gtwizard_ultrascale_v1_7_22_gtye4_cpll_cal_tx_i/bufg_gt_txoutclkmon_inst/O rise@0.000ns - u_pcie_xdma/inst/pcie4_ip_i/inst/xdma_0_pcie4_ip_gt_top_i/diablo_gt.diablo_gt_phy_wrapper/gt_wizard.gtwizard_top_i/xdma_0_pcie4_ip_gt_i/inst/gen_gtwizard_gtye4_top.xdma_0_pcie4_ip_gt_gtwizard_gtye4_inst/gen_gtwizard_gtye4.gen_cpll_cal_gtye4.gen_cpll_cal_inst[2].gen_inst_cpll_cal.gtwizard_ultrascale_v1_7_22_gtye4_cpll_cal_inst/gtwizard_ultrascale_v1_7_22_gtye4_cpll_cal_tx_i/bufg_gt_txoutclkmon_inst/O rise@0.000ns)
  Data Path Delay:        0.118ns  (logic 0.056ns (47.585%)  route 0.062ns (52.415%))
  Logic Levels:           1  (CARRY8=1)
  Clock Path Skew:        0.006ns (DCD - SCD - CPR)
    Destination Clock Delay (DCD):    0.366ns
    Source Clock Delay      (SCD):    0.318ns
    Clock Pessimism Removal (CPR):    0.042ns
  Clock Net Delay (Source):      0.318ns (routing 0.001ns, distribution 0.317ns)
  Clock Net Delay (Destination): 0.366ns (routing 0.001ns, distribution 0.365ns)

    Location             Delay type                Incr(ns)  Path(ns)    Netlist Resource(s)
  -------------------------------------------------------------------    -------------------
                         (clock u_pcie_xdma/inst/pcie4_ip_i/inst/xdma_0_pcie4_ip_gt_top_i/diablo_gt.diablo_gt_phy_wrapper/gt_wizard.gtwizard_top_i/xdma_0_pcie4_ip_gt_i/inst/gen_gtwizard_gtye4_top.xdma_0_pcie4_ip_gt_gtwizard_gtye4_inst/gen_gtwizard_gtye4.gen_cpll_cal_gtye4.gen_cpll_cal_inst[2].gen_inst_cpll_cal.gtwizard_ultrascale_v1_7_22_gtye4_cpll_cal_inst/gtwizard_ultrascale_v1_7_22_gtye4_cpll_cal_tx_i/bufg_gt_txoutclkmon_inst/O rise edge)
                                                      0.000     0.000 r  
    BUFG_GT_X0Y20        BUFG_GT                      0.000     0.000 r  u_pcie_xdma/inst/pcie4_ip_i/inst/xdma_0_pcie4_ip_gt_top_i/diablo_gt.diablo_gt_phy_wrapper/gt_wizard.gtwizard_top_i/xdma_0_pcie4_ip_gt_i/inst/gen_gtwizard_gtye4_top.xdma_0_pcie4_ip_gt_gtwizard_gtye4_inst/gen_gtwizard_gtye4.gen_cpll_cal_gtye4.gen_cpll_cal_inst[2].gen_inst_cpll_cal.gtwizard_ultrascale_v1_7_22_gtye4_cpll_cal_inst/gtwizard_ultrascale_v1_7_22_gtye4_cpll_cal_tx_i/bufg_gt_txoutclkmon_inst/O
    X3Y0 (CLOCK_ROOT)    net (fo=31, routed)          0.318     0.318    u_pcie_xdma/inst/pcie4_ip_i/inst/xdma_0_pcie4_ip_gt_top_i/diablo_gt.diablo_gt_phy_wrapper/gt_wizard.gtwizard_top_i/xdma_0_pcie4_ip_gt_i/inst/gen_gtwizard_gtye4_top.xdma_0_pcie4_ip_gt_gtwizard_gtye4_inst/gen_gtwizard_gtye4.gen_cpll_cal_gtye4.gen_cpll_cal_inst[2].gen_inst_cpll_cal.gtwizard_ultrascale_v1_7_22_gtye4_cpll_cal_inst/gtwizard_ultrascale_v1_7_22_gtye4_cpll_cal_tx_i/U_TXOUTCLK_FREQ_COUNTER/txoutclkmon
    SLICE_X107Y25        FDCE                                         r  u_pcie_xdma/inst/pcie4_ip_i/inst/xdma_0_pcie4_ip_gt_top_i/diablo_gt.diablo_gt_phy_wrapper/gt_wizard.gtwizard_top_i/xdma_0_pcie4_ip_gt_i/inst/gen_gtwizard_gtye4_top.xdma_0_pcie4_ip_gt_gtwizard_gtye4_inst/gen_gtwizard_gtye4.gen_cpll_cal_gtye4.gen_cpll_cal_inst[2].gen_inst_cpll_cal.gtwizard_ultrascale_v1_7_22_gtye4_cpll_cal_inst/gtwizard_ultrascale_v1_7_22_gtye4_cpll_cal_tx_i/U_TXOUTCLK_FREQ_COUNTER/testclk_cnt_reg[17]/C
  -------------------------------------------------------------------    -------------------
    SLICE_X107Y25        FDCE (Prop_BFF_SLICEM_C_Q)
                                                      0.038     0.356 r  u_pcie_xdma/inst/pcie4_ip_i/inst/xdma_0_pcie4_ip_gt_top_i/diablo_gt.diablo_gt_phy_wrapper/gt_wizard.gtwizard_top_i/xdma_0_pcie4_ip_gt_i/inst/gen_gtwizard_gtye4_top.xdma_0_pcie4_ip_gt_gtwizard_gtye4_inst/gen_gtwizard_gtye4.gen_cpll_cal_gtye4.gen_cpll_cal_inst[2].gen_inst_cpll_cal.gtwizard_ultrascale_v1_7_22_gtye4_cpll_cal_inst/gtwizard_ultrascale_v1_7_22_gtye4_cpll_cal_tx_i/U_TXOUTCLK_FREQ_COUNTER/testclk_cnt_reg[17]/Q
                         net (fo=2, routed)           0.055     0.411    u_pcie_xdma/inst/pcie4_ip_i/inst/xdma_0_pcie4_ip_gt_top_i/diablo_gt.diablo_gt_phy_wrapper/gt_wizard.gtwizard_top_i/xdma_0_pcie4_ip_gt_i/inst/gen_gtwizard_gtye4_top.xdma_0_pcie4_ip_gt_gtwizard_gtye4_inst/gen_gtwizard_gtye4.gen_cpll_cal_gtye4.gen_cpll_cal_inst[2].gen_inst_cpll_cal.gtwizard_ultrascale_v1_7_22_gtye4_cpll_cal_inst/gtwizard_ultrascale_v1_7_22_gtye4_cpll_cal_tx_i/U_TXOUTCLK_FREQ_COUNTER/testclk_cnt_reg[17]
    SLICE_X107Y25        CARRY8 (Prop_CARRY8_SLICEM_S[1]_O[1])
                                                      0.018     0.429 r  u_pcie_xdma/inst/pcie4_ip_i/inst/xdma_0_pcie4_ip_gt_top_i/diablo_gt.diablo_gt_phy_wrapper/gt_wizard.gtwizard_top_i/xdma_0_pcie4_ip_gt_i/inst/gen_gtwizard_gtye4_top.xdma_0_pcie4_ip_gt_gtwizard_gtye4_inst/gen_gtwizard_gtye4.gen_cpll_cal_gtye4.gen_cpll_cal_inst[2].gen_inst_cpll_cal.gtwizard_ultrascale_v1_7_22_gtye4_cpll_cal_inst/gtwizard_ultrascale_v1_7_22_gtye4_cpll_cal_tx_i/U_TXOUTCLK_FREQ_COUNTER/testclk_cnt_reg[16]_i_1__1/O[1]
                         net (fo=1, routed)           0.007     0.436    u_pcie_xdma/inst/pcie4_ip_i/inst/xdma_0_pcie4_ip_gt_top_i/diablo_gt.diablo_gt_phy_wrapper/gt_wizard.gtwizard_top_i/xdma_0_pcie4_ip_gt_i/inst/gen_gtwizard_gtye4_top.xdma_0_pcie4_ip_gt_gtwizard_gtye4_inst/gen_gtwizard_gtye4.gen_cpll_cal_gtye4.gen_cpll_cal_inst[2].gen_inst_cpll_cal.gtwizard_ultrascale_v1_7_22_gtye4_cpll_cal_inst/gtwizard_ultrascale_v1_7_22_gtye4_cpll_cal_tx_i/U_TXOUTCLK_FREQ_COUNTER/testclk_cnt_reg[16]_i_1__1_n_14
    SLICE_X107Y25        FDCE                                         r  u_pcie_xdma/inst/pcie4_ip_i/inst/xdma_0_pcie4_ip_gt_top_i/diablo_gt.diablo_gt_phy_wrapper/gt_wizard.gtwizard_top_i/xdma_0_pcie4_ip_gt_i/inst/gen_gtwizard_gtye4_top.xdma_0_pcie4_ip_gt_gtwizard_gtye4_inst/gen_gtwizard_gtye4.gen_cpll_cal_gtye4.gen_cpll_cal_inst[2].gen_inst_cpll_cal.gtwizard_ultrascale_v1_7_22_gtye4_cpll_cal_inst/gtwizard_ultrascale_v1_7_22_gtye4_cpll_cal_tx_i/U_TXOUTCLK_FREQ_COUNTER/testclk_cnt_reg[17]/D
  -------------------------------------------------------------------    -------------------

                         (clock u_pcie_xdma/inst/pcie4_ip_i/inst/xdma_0_pcie4_ip_gt_top_i/diablo_gt.diablo_gt_phy_wrapper/gt_wizard.gtwizard_top_i/xdma_0_pcie4_ip_gt_i/inst/gen_gtwizard_gtye4_top.xdma_0_pcie4_ip_gt_gtwizard_gtye4_inst/gen_gtwizard_gtye4.gen_cpll_cal_gtye4.gen_cpll_cal_inst[2].gen_inst_cpll_cal.gtwizard_ultrascale_v1_7_22_gtye4_cpll_cal_inst/gtwizard_ultrascale_v1_7_22_gtye4_cpll_cal_tx_i/bufg_gt_txoutclkmon_inst/O rise edge)
                                                      0.000     0.000 r  
    BUFG_GT_X0Y20        BUFG_GT                      0.000     0.000 r  u_pcie_xdma/inst/pcie4_ip_i/inst/xdma_0_pcie4_ip_gt_top_i/diablo_gt.diablo_gt_phy_wrapper/gt_wizard.gtwizard_top_i/xdma_0_pcie4_ip_gt_i/inst/gen_gtwizard_gtye4_top.xdma_0_pcie4_ip_gt_gtwizard_gtye4_inst/gen_gtwizard_gtye4.gen_cpll_cal_gtye4.gen_cpll_cal_inst[2].gen_inst_cpll_cal.gtwizard_ultrascale_v1_7_22_gtye4_cpll_cal_inst/gtwizard_ultrascale_v1_7_22_gtye4_cpll_cal_tx_i/bufg_gt_txoutclkmon_inst/O
    X3Y0 (CLOCK_ROOT)    net (fo=31, routed)          0.366     0.366    u_pcie_xdma/inst/pcie4_ip_i/inst/xdma_0_pcie4_ip_gt_top_i/diablo_gt.diablo_gt_phy_wrapper/gt_wizard.gtwizard_top_i/xdma_0_pcie4_ip_gt_i/inst/gen_gtwizard_gtye4_top.xdma_0_pcie4_ip_gt_gtwizard_gtye4_inst/gen_gtwizard_gtye4.gen_cpll_cal_gtye4.gen_cpll_cal_inst[2].gen_inst_cpll_cal.gtwizard_ultrascale_v1_7_22_gtye4_cpll_cal_inst/gtwizard_ultrascale_v1_7_22_gtye4_cpll_cal_tx_i/U_TXOUTCLK_FREQ_COUNTER/txoutclkmon
    SLICE_X107Y25        FDCE                                         r  u_pcie_xdma/inst/pcie4_ip_i/inst/xdma_0_pcie4_ip_gt_top_i/diablo_gt.diablo_gt_phy_wrapper/gt_wizard.gtwizard_top_i/xdma_0_pcie4_ip_gt_i/inst/gen_gtwizard_gtye4_top.xdma_0_pcie4_ip_gt_gtwizard_gtye4_inst/gen_gtwizard_gtye4.gen_cpll_cal_gtye4.gen_cpll_cal_inst[2].gen_inst_cpll_cal.gtwizard_ultrascale_v1_7_22_gtye4_cpll_cal_inst/gtwizard_ultrascale_v1_7_22_gtye4_cpll_cal_tx_i/U_TXOUTCLK_FREQ_COUNTER/testclk_cnt_reg[17]/C
                         clock pessimism             -0.042     0.324    
    SLICE_X107Y25        FDCE (Hold_BFF_SLICEM_C_D)
                                                      0.046     0.370    u_pcie_xdma/inst/pcie4_ip_i/inst/xdma_0_pcie4_ip_gt_top_i/diablo_gt.diablo_gt_phy_wrapper/gt_wizard.gtwizard_top_i/xdma_0_pcie4_ip_gt_i/inst/gen_gtwizard_gtye4_top.xdma_0_pcie4_ip_gt_gtwizard_gtye4_inst/gen_gtwizard_gtye4.gen_cpll_cal_gtye4.gen_cpll_cal_inst[2].gen_inst_cpll_cal.gtwizard_ultrascale_v1_7_22_gtye4_cpll_cal_inst/gtwizard_ultrascale_v1_7_22_gtye4_cpll_cal_tx_i/U_TXOUTCLK_FREQ_COUNTER/testclk_cnt_reg[17]
  -------------------------------------------------------------------
                         required time                         -0.370    
                         arrival time                           0.436    
  -------------------------------------------------------------------
                         slack                                  0.066    





Pulse Width Checks
--------------------------------------------------------------------------------------
Clock Name:         u_pcie_xdma/inst/pcie4_ip_i/inst/xdma_0_pcie4_ip_gt_top_i/diablo_gt.diablo_gt_phy_wrapper/gt_wizard.gtwizard_top_i/xdma_0_pcie4_ip_gt_i/inst/gen_gtwizard_gtye4_top.xdma_0_pcie4_ip_gt_gtwizard_gtye4_inst/gen_gtwizard_gtye4.gen_cpll_cal_gtye4.gen_cpll_cal_inst[2].gen_inst_cpll_cal.gtwizard_ultrascale_v1_7_22_gtye4_cpll_cal_inst/gtwizard_ultrascale_v1_7_22_gtye4_cpll_cal_tx_i/bufg_gt_txoutclkmon_inst/O
Waveform(ns):       { 0.000 4.000 }
Period(ns):         8.000
Sources:            { u_pcie_xdma/inst/pcie4_ip_i/inst/xdma_0_pcie4_ip_gt_top_i/diablo_gt.diablo_gt_phy_wrapper/gt_wizard.gtwizard_top_i/xdma_0_pcie4_ip_gt_i/inst/gen_gtwizard_gtye4_top.xdma_0_pcie4_ip_gt_gtwizard_gtye4_inst/gen_gtwizard_gtye4.gen_cpll_cal_gtye4.gen_cpll_cal_inst[2].gen_inst_cpll_cal.gtwizard_ultrascale_v1_7_22_gtye4_cpll_cal_inst/gtwizard_ultrascale_v1_7_22_gtye4_cpll_cal_tx_i/bufg_gt_txoutclkmon_inst/O }

Check Type        Corner  Lib Pin  Reference Pin  Required(ns)  Actual(ns)  Slack(ns)  Location       Pin
Min Period        n/a     FDCE/C   n/a            0.550         8.000       7.450      SLICE_X107Y23  u_pcie_xdma/inst/pcie4_ip_i/inst/xdma_0_pcie4_ip_gt_top_i/diablo_gt.diablo_gt_phy_wrapper/gt_wizard.gtwizard_top_i/xdma_0_pcie4_ip_gt_i/inst/gen_gtwizard_gtye4_top.xdma_0_pcie4_ip_gt_gtwizard_gtye4_inst/gen_gtwizard_gtye4.gen_cpll_cal_gtye4.gen_cpll_cal_inst[2].gen_inst_cpll_cal.gtwizard_ultrascale_v1_7_22_gtye4_cpll_cal_inst/gtwizard_ultrascale_v1_7_22_gtye4_cpll_cal_tx_i/U_TXOUTCLK_FREQ_COUNTER/testclk_cnt_reg[0]/C
Low Pulse Width   Slow    FDCE/C   n/a            0.275         4.000       3.725      SLICE_X107Y23  u_pcie_xdma/inst/pcie4_ip_i/inst/xdma_0_pcie4_ip_gt_top_i/diablo_gt.diablo_gt_phy_wrapper/gt_wizard.gtwizard_top_i/xdma_0_pcie4_ip_gt_i/inst/gen_gtwizard_gtye4_top.xdma_0_pcie4_ip_gt_gtwizard_gtye4_inst/gen_gtwizard_gtye4.gen_cpll_cal_gtye4.gen_cpll_cal_inst[2].gen_inst_cpll_cal.gtwizard_ultrascale_v1_7_22_gtye4_cpll_cal_inst/gtwizard_ultrascale_v1_7_22_gtye4_cpll_cal_tx_i/U_TXOUTCLK_FREQ_COUNTER/testclk_cnt_reg[0]/C
High Pulse Width  Slow    FDCE/C   n/a            0.275         4.000       3.725      SLICE_X107Y23  u_pcie_xdma/inst/pcie4_ip_i/inst/xdma_0_pcie4_ip_gt_top_i/diablo_gt.diablo_gt_phy_wrapper/gt_wizard.gtwizard_top_i/xdma_0_pcie4_ip_gt_i/inst/gen_gtwizard_gtye4_top.xdma_0_pcie4_ip_gt_gtwizard_gtye4_inst/gen_gtwizard_gtye4.gen_cpll_cal_gtye4.gen_cpll_cal_inst[2].gen_inst_cpll_cal.gtwizard_ultrascale_v1_7_22_gtye4_cpll_cal_inst/gtwizard_ultrascale_v1_7_22_gtye4_cpll_cal_tx_i/U_TXOUTCLK_FREQ_COUNTER/testclk_cnt_reg[0]/C



---------------------------------------------------------------------------------------------------
From Clock:  u_pcie_xdma/inst/pcie4_ip_i/inst/xdma_0_pcie4_ip_gt_top_i/diablo_gt.diablo_gt_phy_wrapper/gt_wizard.gtwizard_top_i/xdma_0_pcie4_ip_gt_i/inst/gen_gtwizard_gtye4_top.xdma_0_pcie4_ip_gt_gtwizard_gtye4_inst/gen_gtwizard_gtye4.gen_cpll_cal_gtye4.gen_cpll_cal_inst[3].gen_inst_cpll_cal.gtwizard_ultrascale_v1_7_22_gtye4_cpll_cal_inst/gtwizard_ultrascale_v1_7_22_gtye4_cpll_cal_tx_i/bufg_gt_txoutclkmon_inst/O
  To Clock:  u_pcie_xdma/inst/pcie4_ip_i/inst/xdma_0_pcie4_ip_gt_top_i/diablo_gt.diablo_gt_phy_wrapper/gt_wizard.gtwizard_top_i/xdma_0_pcie4_ip_gt_i/inst/gen_gtwizard_gtye4_top.xdma_0_pcie4_ip_gt_gtwizard_gtye4_inst/gen_gtwizard_gtye4.gen_cpll_cal_gtye4.gen_cpll_cal_inst[3].gen_inst_cpll_cal.gtwizard_ultrascale_v1_7_22_gtye4_cpll_cal_inst/gtwizard_ultrascale_v1_7_22_gtye4_cpll_cal_tx_i/bufg_gt_txoutclkmon_inst/O

Setup :            0  Failing Endpoints,  Worst Slack        6.824ns,  Total Violation        0.000ns
Hold  :            0  Failing Endpoints,  Worst Slack        0.052ns,  Total Violation        0.000ns
PW    :            0  Failing Endpoints,  Worst Slack        3.725ns,  Total Violation        0.000ns
---------------------------------------------------------------------------------------------------


Max Delay Paths
--------------------------------------------------------------------------------------
Slack (MET) :             6.824ns  (required time - arrival time)
  Source:                 u_pcie_xdma/inst/pcie4_ip_i/inst/xdma_0_pcie4_ip_gt_top_i/diablo_gt.diablo_gt_phy_wrapper/gt_wizard.gtwizard_top_i/xdma_0_pcie4_ip_gt_i/inst/gen_gtwizard_gtye4_top.xdma_0_pcie4_ip_gt_gtwizard_gtye4_inst/gen_gtwizard_gtye4.gen_cpll_cal_gtye4.gen_cpll_cal_inst[3].gen_inst_cpll_cal.gtwizard_ultrascale_v1_7_22_gtye4_cpll_cal_inst/gtwizard_ultrascale_v1_7_22_gtye4_cpll_cal_tx_i/U_TXOUTCLK_FREQ_COUNTER/testclk_div4_reg[1]/C
                            (rising edge-triggered cell FDRE clocked by u_pcie_xdma/inst/pcie4_ip_i/inst/xdma_0_pcie4_ip_gt_top_i/diablo_gt.diablo_gt_phy_wrapper/gt_wizard.gtwizard_top_i/xdma_0_pcie4_ip_gt_i/inst/gen_gtwizard_gtye4_top.xdma_0_pcie4_ip_gt_gtwizard_gtye4_inst/gen_gtwizard_gtye4.gen_cpll_cal_gtye4.gen_cpll_cal_inst[3].gen_inst_cpll_cal.gtwizard_ultrascale_v1_7_22_gtye4_cpll_cal_inst/gtwizard_ultrascale_v1_7_22_gtye4_cpll_cal_tx_i/bufg_gt_txoutclkmon_inst/O  {rise@0.000ns fall@4.000ns period=8.000ns})
  Destination:            u_pcie_xdma/inst/pcie4_ip_i/inst/xdma_0_pcie4_ip_gt_top_i/diablo_gt.diablo_gt_phy_wrapper/gt_wizard.gtwizard_top_i/xdma_0_pcie4_ip_gt_i/inst/gen_gtwizard_gtye4_top.xdma_0_pcie4_ip_gt_gtwizard_gtye4_inst/gen_gtwizard_gtye4.gen_cpll_cal_gtye4.gen_cpll_cal_inst[3].gen_inst_cpll_cal.gtwizard_ultrascale_v1_7_22_gtye4_cpll_cal_inst/gtwizard_ultrascale_v1_7_22_gtye4_cpll_cal_tx_i/U_TXOUTCLK_FREQ_COUNTER/testclk_cnt_reg[10]/CE
                            (rising edge-triggered cell FDCE clocked by u_pcie_xdma/inst/pcie4_ip_i/inst/xdma_0_pcie4_ip_gt_top_i/diablo_gt.diablo_gt_phy_wrapper/gt_wizard.gtwizard_top_i/xdma_0_pcie4_ip_gt_i/inst/gen_gtwizard_gtye4_top.xdma_0_pcie4_ip_gt_gtwizard_gtye4_inst/gen_gtwizard_gtye4.gen_cpll_cal_gtye4.gen_cpll_cal_inst[3].gen_inst_cpll_cal.gtwizard_ultrascale_v1_7_22_gtye4_cpll_cal_inst/gtwizard_ultrascale_v1_7_22_gtye4_cpll_cal_tx_i/bufg_gt_txoutclkmon_inst/O  {rise@0.000ns fall@4.000ns period=8.000ns})
  Path Group:             u_pcie_xdma/inst/pcie4_ip_i/inst/xdma_0_pcie4_ip_gt_top_i/diablo_gt.diablo_gt_phy_wrapper/gt_wizard.gtwizard_top_i/xdma_0_pcie4_ip_gt_i/inst/gen_gtwizard_gtye4_top.xdma_0_pcie4_ip_gt_gtwizard_gtye4_inst/gen_gtwizard_gtye4.gen_cpll_cal_gtye4.gen_cpll_cal_inst[3].gen_inst_cpll_cal.gtwizard_ultrascale_v1_7_22_gtye4_cpll_cal_inst/gtwizard_ultrascale_v1_7_22_gtye4_cpll_cal_tx_i/bufg_gt_txoutclkmon_inst/O
  Path Type:              Setup (Max at Slow Process Corner)
  Requirement:            8.000ns  (u_pcie_xdma/inst/pcie4_ip_i/inst/xdma_0_pcie4_ip_gt_top_i/diablo_gt.diablo_gt_phy_wrapper/gt_wizard.gtwizard_top_i/xdma_0_pcie4_ip_gt_i/inst/gen_gtwizard_gtye4_top.xdma_0_pcie4_ip_gt_gtwizard_gtye4_inst/gen_gtwizard_gtye4.gen_cpll_cal_gtye4.gen_cpll_cal_inst[3].gen_inst_cpll_cal.gtwizard_ultrascale_v1_7_22_gtye4_cpll_cal_inst/gtwizard_ultrascale_v1_7_22_gtye4_cpll_cal_tx_i/bufg_gt_txoutclkmon_inst/O rise@8.000ns - u_pcie_xdma/inst/pcie4_ip_i/inst/xdma_0_pcie4_ip_gt_top_i/diablo_gt.diablo_gt_phy_wrapper/gt_wizard.gtwizard_top_i/xdma_0_pcie4_ip_gt_i/inst/gen_gtwizard_gtye4_top.xdma_0_pcie4_ip_gt_gtwizard_gtye4_inst/gen_gtwizard_gtye4.gen_cpll_cal_gtye4.gen_cpll_cal_inst[3].gen_inst_cpll_cal.gtwizard_ultrascale_v1_7_22_gtye4_cpll_cal_inst/gtwizard_ultrascale_v1_7_22_gtye4_cpll_cal_tx_i/bufg_gt_txoutclkmon_inst/O rise@0.000ns)
  Data Path Delay:        1.044ns  (logic 0.280ns (26.815%)  route 0.764ns (73.185%))
  Logic Levels:           1  (LUT5=1)
  Clock Path Skew:        -0.042ns (DCD - SCD + CPR)
    Destination Clock Delay (DCD):    0.541ns = ( 8.541 - 8.000 ) 
    Source Clock Delay      (SCD):    0.645ns
    Clock Pessimism Removal (CPR):    0.062ns
  Clock Uncertainty:      0.046ns  ((TSJ^2 + DJ^2)^1/2) / 2 + PE
    Total System Jitter     (TSJ):    0.071ns
    Discrete Jitter          (DJ):    0.060ns
    Phase Error              (PE):    0.000ns
  Clock Net Delay (Source):      0.645ns (routing 0.002ns, distribution 0.643ns)
  Clock Net Delay (Destination): 0.541ns (routing 0.001ns, distribution 0.540ns)

    Location             Delay type                Incr(ns)  Path(ns)    Netlist Resource(s)
  -------------------------------------------------------------------    -------------------
                         (clock u_pcie_xdma/inst/pcie4_ip_i/inst/xdma_0_pcie4_ip_gt_top_i/diablo_gt.diablo_gt_phy_wrapper/gt_wizard.gtwizard_top_i/xdma_0_pcie4_ip_gt_i/inst/gen_gtwizard_gtye4_top.xdma_0_pcie4_ip_gt_gtwizard_gtye4_inst/gen_gtwizard_gtye4.gen_cpll_cal_gtye4.gen_cpll_cal_inst[3].gen_inst_cpll_cal.gtwizard_ultrascale_v1_7_22_gtye4_cpll_cal_inst/gtwizard_ultrascale_v1_7_22_gtye4_cpll_cal_tx_i/bufg_gt_txoutclkmon_inst/O rise edge)
                                                      0.000     0.000 r  
    BUFG_GT_X0Y19        BUFG_GT                      0.000     0.000 r  u_pcie_xdma/inst/pcie4_ip_i/inst/xdma_0_pcie4_ip_gt_top_i/diablo_gt.diablo_gt_phy_wrapper/gt_wizard.gtwizard_top_i/xdma_0_pcie4_ip_gt_i/inst/gen_gtwizard_gtye4_top.xdma_0_pcie4_ip_gt_gtwizard_gtye4_inst/gen_gtwizard_gtye4.gen_cpll_cal_gtye4.gen_cpll_cal_inst[3].gen_inst_cpll_cal.gtwizard_ultrascale_v1_7_22_gtye4_cpll_cal_inst/gtwizard_ultrascale_v1_7_22_gtye4_cpll_cal_tx_i/bufg_gt_txoutclkmon_inst/O
    X3Y0 (CLOCK_ROOT)    net (fo=31, routed)          0.645     0.645    u_pcie_xdma/inst/pcie4_ip_i/inst/xdma_0_pcie4_ip_gt_top_i/diablo_gt.diablo_gt_phy_wrapper/gt_wizard.gtwizard_top_i/xdma_0_pcie4_ip_gt_i/inst/gen_gtwizard_gtye4_top.xdma_0_pcie4_ip_gt_gtwizard_gtye4_inst/gen_gtwizard_gtye4.gen_cpll_cal_gtye4.gen_cpll_cal_inst[3].gen_inst_cpll_cal.gtwizard_ultrascale_v1_7_22_gtye4_cpll_cal_inst/gtwizard_ultrascale_v1_7_22_gtye4_cpll_cal_tx_i/U_TXOUTCLK_FREQ_COUNTER/txoutclkmon
    SLICE_X110Y57        FDRE                                         r  u_pcie_xdma/inst/pcie4_ip_i/inst/xdma_0_pcie4_ip_gt_top_i/diablo_gt.diablo_gt_phy_wrapper/gt_wizard.gtwizard_top_i/xdma_0_pcie4_ip_gt_i/inst/gen_gtwizard_gtye4_top.xdma_0_pcie4_ip_gt_gtwizard_gtye4_inst/gen_gtwizard_gtye4.gen_cpll_cal_gtye4.gen_cpll_cal_inst[3].gen_inst_cpll_cal.gtwizard_ultrascale_v1_7_22_gtye4_cpll_cal_inst/gtwizard_ultrascale_v1_7_22_gtye4_cpll_cal_tx_i/U_TXOUTCLK_FREQ_COUNTER/testclk_div4_reg[1]/C
  -------------------------------------------------------------------    -------------------
    SLICE_X110Y57        FDRE (Prop_EFF2_SLICEM_C_Q)
                                                      0.098     0.743 f  u_pcie_xdma/inst/pcie4_ip_i/inst/xdma_0_pcie4_ip_gt_top_i/diablo_gt.diablo_gt_phy_wrapper/gt_wizard.gtwizard_top_i/xdma_0_pcie4_ip_gt_i/inst/gen_gtwizard_gtye4_top.xdma_0_pcie4_ip_gt_gtwizard_gtye4_inst/gen_gtwizard_gtye4.gen_cpll_cal_gtye4.gen_cpll_cal_inst[3].gen_inst_cpll_cal.gtwizard_ultrascale_v1_7_22_gtye4_cpll_cal_inst/gtwizard_ultrascale_v1_7_22_gtye4_cpll_cal_tx_i/U_TXOUTCLK_FREQ_COUNTER/testclk_div4_reg[1]/Q
                         net (fo=2, routed)           0.248     0.991    u_pcie_xdma/inst/pcie4_ip_i/inst/xdma_0_pcie4_ip_gt_top_i/diablo_gt.diablo_gt_phy_wrapper/gt_wizard.gtwizard_top_i/xdma_0_pcie4_ip_gt_i/inst/gen_gtwizard_gtye4_top.xdma_0_pcie4_ip_gt_gtwizard_gtye4_inst/gen_gtwizard_gtye4.gen_cpll_cal_gtye4.gen_cpll_cal_inst[3].gen_inst_cpll_cal.gtwizard_ultrascale_v1_7_22_gtye4_cpll_cal_inst/gtwizard_ultrascale_v1_7_22_gtye4_cpll_cal_tx_i/U_TXOUTCLK_FREQ_COUNTER/testclk_div4[1]
    SLICE_X110Y57        LUT5 (Prop_H6LUT_SLICEM_I1_O)
                                                      0.182     1.173 r  u_pcie_xdma/inst/pcie4_ip_i/inst/xdma_0_pcie4_ip_gt_top_i/diablo_gt.diablo_gt_phy_wrapper/gt_wizard.gtwizard_top_i/xdma_0_pcie4_ip_gt_i/inst/gen_gtwizard_gtye4_top.xdma_0_pcie4_ip_gt_gtwizard_gtye4_inst/gen_gtwizard_gtye4.gen_cpll_cal_gtye4.gen_cpll_cal_inst[3].gen_inst_cpll_cal.gtwizard_ultrascale_v1_7_22_gtye4_cpll_cal_inst/gtwizard_ultrascale_v1_7_22_gtye4_cpll_cal_tx_i/U_TXOUTCLK_FREQ_COUNTER/testclk_cnt0__2/O
                         net (fo=18, routed)          0.517     1.689    u_pcie_xdma/inst/pcie4_ip_i/inst/xdma_0_pcie4_ip_gt_top_i/diablo_gt.diablo_gt_phy_wrapper/gt_wizard.gtwizard_top_i/xdma_0_pcie4_ip_gt_i/inst/gen_gtwizard_gtye4_top.xdma_0_pcie4_ip_gt_gtwizard_gtye4_inst/gen_gtwizard_gtye4.gen_cpll_cal_gtye4.gen_cpll_cal_inst[3].gen_inst_cpll_cal.gtwizard_ultrascale_v1_7_22_gtye4_cpll_cal_inst/gtwizard_ultrascale_v1_7_22_gtye4_cpll_cal_tx_i/U_TXOUTCLK_FREQ_COUNTER/testclk_cnt0__2_n_0
    SLICE_X110Y54        FDCE                                         r  u_pcie_xdma/inst/pcie4_ip_i/inst/xdma_0_pcie4_ip_gt_top_i/diablo_gt.diablo_gt_phy_wrapper/gt_wizard.gtwizard_top_i/xdma_0_pcie4_ip_gt_i/inst/gen_gtwizard_gtye4_top.xdma_0_pcie4_ip_gt_gtwizard_gtye4_inst/gen_gtwizard_gtye4.gen_cpll_cal_gtye4.gen_cpll_cal_inst[3].gen_inst_cpll_cal.gtwizard_ultrascale_v1_7_22_gtye4_cpll_cal_inst/gtwizard_ultrascale_v1_7_22_gtye4_cpll_cal_tx_i/U_TXOUTCLK_FREQ_COUNTER/testclk_cnt_reg[10]/CE
  -------------------------------------------------------------------    -------------------

                         (clock u_pcie_xdma/inst/pcie4_ip_i/inst/xdma_0_pcie4_ip_gt_top_i/diablo_gt.diablo_gt_phy_wrapper/gt_wizard.gtwizard_top_i/xdma_0_pcie4_ip_gt_i/inst/gen_gtwizard_gtye4_top.xdma_0_pcie4_ip_gt_gtwizard_gtye4_inst/gen_gtwizard_gtye4.gen_cpll_cal_gtye4.gen_cpll_cal_inst[3].gen_inst_cpll_cal.gtwizard_ultrascale_v1_7_22_gtye4_cpll_cal_inst/gtwizard_ultrascale_v1_7_22_gtye4_cpll_cal_tx_i/bufg_gt_txoutclkmon_inst/O rise edge)
                                                      8.000     8.000 r  
    BUFG_GT_X0Y19        BUFG_GT                      0.000     8.000 r  u_pcie_xdma/inst/pcie4_ip_i/inst/xdma_0_pcie4_ip_gt_top_i/diablo_gt.diablo_gt_phy_wrapper/gt_wizard.gtwizard_top_i/xdma_0_pcie4_ip_gt_i/inst/gen_gtwizard_gtye4_top.xdma_0_pcie4_ip_gt_gtwizard_gtye4_inst/gen_gtwizard_gtye4.gen_cpll_cal_gtye4.gen_cpll_cal_inst[3].gen_inst_cpll_cal.gtwizard_ultrascale_v1_7_22_gtye4_cpll_cal_inst/gtwizard_ultrascale_v1_7_22_gtye4_cpll_cal_tx_i/bufg_gt_txoutclkmon_inst/O
    X3Y0 (CLOCK_ROOT)    net (fo=31, routed)          0.541     8.541    u_pcie_xdma/inst/pcie4_ip_i/inst/xdma_0_pcie4_ip_gt_top_i/diablo_gt.diablo_gt_phy_wrapper/gt_wizard.gtwizard_top_i/xdma_0_pcie4_ip_gt_i/inst/gen_gtwizard_gtye4_top.xdma_0_pcie4_ip_gt_gtwizard_gtye4_inst/gen_gtwizard_gtye4.gen_cpll_cal_gtye4.gen_cpll_cal_inst[3].gen_inst_cpll_cal.gtwizard_ultrascale_v1_7_22_gtye4_cpll_cal_inst/gtwizard_ultrascale_v1_7_22_gtye4_cpll_cal_tx_i/U_TXOUTCLK_FREQ_COUNTER/txoutclkmon
    SLICE_X110Y54        FDCE                                         r  u_pcie_xdma/inst/pcie4_ip_i/inst/xdma_0_pcie4_ip_gt_top_i/diablo_gt.diablo_gt_phy_wrapper/gt_wizard.gtwizard_top_i/xdma_0_pcie4_ip_gt_i/inst/gen_gtwizard_gtye4_top.xdma_0_pcie4_ip_gt_gtwizard_gtye4_inst/gen_gtwizard_gtye4.gen_cpll_cal_gtye4.gen_cpll_cal_inst[3].gen_inst_cpll_cal.gtwizard_ultrascale_v1_7_22_gtye4_cpll_cal_inst/gtwizard_ultrascale_v1_7_22_gtye4_cpll_cal_tx_i/U_TXOUTCLK_FREQ_COUNTER/testclk_cnt_reg[10]/C
                         clock pessimism              0.062     8.603    
                         clock uncertainty           -0.046     8.557    
    SLICE_X110Y54        FDCE (Setup_CFF_SLICEM_C_CE)
                                                     -0.043     8.514    u_pcie_xdma/inst/pcie4_ip_i/inst/xdma_0_pcie4_ip_gt_top_i/diablo_gt.diablo_gt_phy_wrapper/gt_wizard.gtwizard_top_i/xdma_0_pcie4_ip_gt_i/inst/gen_gtwizard_gtye4_top.xdma_0_pcie4_ip_gt_gtwizard_gtye4_inst/gen_gtwizard_gtye4.gen_cpll_cal_gtye4.gen_cpll_cal_inst[3].gen_inst_cpll_cal.gtwizard_ultrascale_v1_7_22_gtye4_cpll_cal_inst/gtwizard_ultrascale_v1_7_22_gtye4_cpll_cal_tx_i/U_TXOUTCLK_FREQ_COUNTER/testclk_cnt_reg[10]
  -------------------------------------------------------------------
                         required time                          8.514    
                         arrival time                          -1.689    
  -------------------------------------------------------------------
                         slack                                  6.824    





Min Delay Paths
--------------------------------------------------------------------------------------
Slack (MET) :             0.052ns  (arrival time - required time)
  Source:                 u_pcie_xdma/inst/pcie4_ip_i/inst/xdma_0_pcie4_ip_gt_top_i/diablo_gt.diablo_gt_phy_wrapper/gt_wizard.gtwizard_top_i/xdma_0_pcie4_ip_gt_i/inst/gen_gtwizard_gtye4_top.xdma_0_pcie4_ip_gt_gtwizard_gtye4_inst/gen_gtwizard_gtye4.gen_cpll_cal_gtye4.gen_cpll_cal_inst[3].gen_inst_cpll_cal.gtwizard_ultrascale_v1_7_22_gtye4_cpll_cal_inst/gtwizard_ultrascale_v1_7_22_gtye4_cpll_cal_tx_i/U_TXOUTCLK_FREQ_COUNTER/testclk_div4_reg[0]/C
                            (rising edge-triggered cell FDSE clocked by u_pcie_xdma/inst/pcie4_ip_i/inst/xdma_0_pcie4_ip_gt_top_i/diablo_gt.diablo_gt_phy_wrapper/gt_wizard.gtwizard_top_i/xdma_0_pcie4_ip_gt_i/inst/gen_gtwizard_gtye4_top.xdma_0_pcie4_ip_gt_gtwizard_gtye4_inst/gen_gtwizard_gtye4.gen_cpll_cal_gtye4.gen_cpll_cal_inst[3].gen_inst_cpll_cal.gtwizard_ultrascale_v1_7_22_gtye4_cpll_cal_inst/gtwizard_ultrascale_v1_7_22_gtye4_cpll_cal_tx_i/bufg_gt_txoutclkmon_inst/O  {rise@0.000ns fall@4.000ns period=8.000ns})
  Destination:            u_pcie_xdma/inst/pcie4_ip_i/inst/xdma_0_pcie4_ip_gt_top_i/diablo_gt.diablo_gt_phy_wrapper/gt_wizard.gtwizard_top_i/xdma_0_pcie4_ip_gt_i/inst/gen_gtwizard_gtye4_top.xdma_0_pcie4_ip_gt_gtwizard_gtye4_inst/gen_gtwizard_gtye4.gen_cpll_cal_gtye4.gen_cpll_cal_inst[3].gen_inst_cpll_cal.gtwizard_ultrascale_v1_7_22_gtye4_cpll_cal_inst/gtwizard_ultrascale_v1_7_22_gtye4_cpll_cal_tx_i/U_TXOUTCLK_FREQ_COUNTER/testclk_div4_reg[1]/D
                            (rising edge-triggered cell FDRE clocked by u_pcie_xdma/inst/pcie4_ip_i/inst/xdma_0_pcie4_ip_gt_top_i/diablo_gt.diablo_gt_phy_wrapper/gt_wizard.gtwizard_top_i/xdma_0_pcie4_ip_gt_i/inst/gen_gtwizard_gtye4_top.xdma_0_pcie4_ip_gt_gtwizard_gtye4_inst/gen_gtwizard_gtye4.gen_cpll_cal_gtye4.gen_cpll_cal_inst[3].gen_inst_cpll_cal.gtwizard_ultrascale_v1_7_22_gtye4_cpll_cal_inst/gtwizard_ultrascale_v1_7_22_gtye4_cpll_cal_tx_i/bufg_gt_txoutclkmon_inst/O  {rise@0.000ns fall@4.000ns period=8.000ns})
  Path Group:             u_pcie_xdma/inst/pcie4_ip_i/inst/xdma_0_pcie4_ip_gt_top_i/diablo_gt.diablo_gt_phy_wrapper/gt_wizard.gtwizard_top_i/xdma_0_pcie4_ip_gt_i/inst/gen_gtwizard_gtye4_top.xdma_0_pcie4_ip_gt_gtwizard_gtye4_inst/gen_gtwizard_gtye4.gen_cpll_cal_gtye4.gen_cpll_cal_inst[3].gen_inst_cpll_cal.gtwizard_ultrascale_v1_7_22_gtye4_cpll_cal_inst/gtwizard_ultrascale_v1_7_22_gtye4_cpll_cal_tx_i/bufg_gt_txoutclkmon_inst/O
  Path Type:              Hold (Min at Fast Process Corner)
  Requirement:            0.000ns  (u_pcie_xdma/inst/pcie4_ip_i/inst/xdma_0_pcie4_ip_gt_top_i/diablo_gt.diablo_gt_phy_wrapper/gt_wizard.gtwizard_top_i/xdma_0_pcie4_ip_gt_i/inst/gen_gtwizard_gtye4_top.xdma_0_pcie4_ip_gt_gtwizard_gtye4_inst/gen_gtwizard_gtye4.gen_cpll_cal_gtye4.gen_cpll_cal_inst[3].gen_inst_cpll_cal.gtwizard_ultrascale_v1_7_22_gtye4_cpll_cal_inst/gtwizard_ultrascale_v1_7_22_gtye4_cpll_cal_tx_i/bufg_gt_txoutclkmon_inst/O rise@0.000ns - u_pcie_xdma/inst/pcie4_ip_i/inst/xdma_0_pcie4_ip_gt_top_i/diablo_gt.diablo_gt_phy_wrapper/gt_wizard.gtwizard_top_i/xdma_0_pcie4_ip_gt_i/inst/gen_gtwizard_gtye4_top.xdma_0_pcie4_ip_gt_gtwizard_gtye4_inst/gen_gtwizard_gtye4.gen_cpll_cal_gtye4.gen_cpll_cal_inst[3].gen_inst_cpll_cal.gtwizard_ultrascale_v1_7_22_gtye4_cpll_cal_inst/gtwizard_ultrascale_v1_7_22_gtye4_cpll_cal_tx_i/bufg_gt_txoutclkmon_inst/O rise@0.000ns)
  Data Path Delay:        0.105ns  (logic 0.038ns (36.301%)  route 0.067ns (63.699%))
  Logic Levels:           0  
  Clock Path Skew:        0.006ns (DCD - SCD - CPR)
    Destination Clock Delay (DCD):    0.369ns
    Source Clock Delay      (SCD):    0.321ns
    Clock Pessimism Removal (CPR):    0.043ns
  Clock Net Delay (Source):      0.321ns (routing 0.001ns, distribution 0.320ns)
  Clock Net Delay (Destination): 0.369ns (routing 0.001ns, distribution 0.368ns)

    Location             Delay type                Incr(ns)  Path(ns)    Netlist Resource(s)
  -------------------------------------------------------------------    -------------------
                         (clock u_pcie_xdma/inst/pcie4_ip_i/inst/xdma_0_pcie4_ip_gt_top_i/diablo_gt.diablo_gt_phy_wrapper/gt_wizard.gtwizard_top_i/xdma_0_pcie4_ip_gt_i/inst/gen_gtwizard_gtye4_top.xdma_0_pcie4_ip_gt_gtwizard_gtye4_inst/gen_gtwizard_gtye4.gen_cpll_cal_gtye4.gen_cpll_cal_inst[3].gen_inst_cpll_cal.gtwizard_ultrascale_v1_7_22_gtye4_cpll_cal_inst/gtwizard_ultrascale_v1_7_22_gtye4_cpll_cal_tx_i/bufg_gt_txoutclkmon_inst/O rise edge)
                                                      0.000     0.000 r  
    BUFG_GT_X0Y19        BUFG_GT                      0.000     0.000 r  u_pcie_xdma/inst/pcie4_ip_i/inst/xdma_0_pcie4_ip_gt_top_i/diablo_gt.diablo_gt_phy_wrapper/gt_wizard.gtwizard_top_i/xdma_0_pcie4_ip_gt_i/inst/gen_gtwizard_gtye4_top.xdma_0_pcie4_ip_gt_gtwizard_gtye4_inst/gen_gtwizard_gtye4.gen_cpll_cal_gtye4.gen_cpll_cal_inst[3].gen_inst_cpll_cal.gtwizard_ultrascale_v1_7_22_gtye4_cpll_cal_inst/gtwizard_ultrascale_v1_7_22_gtye4_cpll_cal_tx_i/bufg_gt_txoutclkmon_inst/O
    X3Y0 (CLOCK_ROOT)    net (fo=31, routed)          0.321     0.321    u_pcie_xdma/inst/pcie4_ip_i/inst/xdma_0_pcie4_ip_gt_top_i/diablo_gt.diablo_gt_phy_wrapper/gt_wizard.gtwizard_top_i/xdma_0_pcie4_ip_gt_i/inst/gen_gtwizard_gtye4_top.xdma_0_pcie4_ip_gt_gtwizard_gtye4_inst/gen_gtwizard_gtye4.gen_cpll_cal_gtye4.gen_cpll_cal_inst[3].gen_inst_cpll_cal.gtwizard_ultrascale_v1_7_22_gtye4_cpll_cal_inst/gtwizard_ultrascale_v1_7_22_gtye4_cpll_cal_tx_i/U_TXOUTCLK_FREQ_COUNTER/txoutclkmon
    SLICE_X110Y57        FDSE                                         r  u_pcie_xdma/inst/pcie4_ip_i/inst/xdma_0_pcie4_ip_gt_top_i/diablo_gt.diablo_gt_phy_wrapper/gt_wizard.gtwizard_top_i/xdma_0_pcie4_ip_gt_i/inst/gen_gtwizard_gtye4_top.xdma_0_pcie4_ip_gt_gtwizard_gtye4_inst/gen_gtwizard_gtye4.gen_cpll_cal_gtye4.gen_cpll_cal_inst[3].gen_inst_cpll_cal.gtwizard_ultrascale_v1_7_22_gtye4_cpll_cal_inst/gtwizard_ultrascale_v1_7_22_gtye4_cpll_cal_tx_i/U_TXOUTCLK_FREQ_COUNTER/testclk_div4_reg[0]/C
  -------------------------------------------------------------------    -------------------
    SLICE_X110Y57        FDSE (Prop_EFF_SLICEM_C_Q)
                                                      0.038     0.359 r  u_pcie_xdma/inst/pcie4_ip_i/inst/xdma_0_pcie4_ip_gt_top_i/diablo_gt.diablo_gt_phy_wrapper/gt_wizard.gtwizard_top_i/xdma_0_pcie4_ip_gt_i/inst/gen_gtwizard_gtye4_top.xdma_0_pcie4_ip_gt_gtwizard_gtye4_inst/gen_gtwizard_gtye4.gen_cpll_cal_gtye4.gen_cpll_cal_inst[3].gen_inst_cpll_cal.gtwizard_ultrascale_v1_7_22_gtye4_cpll_cal_inst/gtwizard_ultrascale_v1_7_22_gtye4_cpll_cal_tx_i/U_TXOUTCLK_FREQ_COUNTER/testclk_div4_reg[0]/Q
                         net (fo=2, routed)           0.067     0.425    u_pcie_xdma/inst/pcie4_ip_i/inst/xdma_0_pcie4_ip_gt_top_i/diablo_gt.diablo_gt_phy_wrapper/gt_wizard.gtwizard_top_i/xdma_0_pcie4_ip_gt_i/inst/gen_gtwizard_gtye4_top.xdma_0_pcie4_ip_gt_gtwizard_gtye4_inst/gen_gtwizard_gtye4.gen_cpll_cal_gtye4.gen_cpll_cal_inst[3].gen_inst_cpll_cal.gtwizard_ultrascale_v1_7_22_gtye4_cpll_cal_inst/gtwizard_ultrascale_v1_7_22_gtye4_cpll_cal_tx_i/U_TXOUTCLK_FREQ_COUNTER/testclk_div4[0]
    SLICE_X110Y57        FDRE                                         r  u_pcie_xdma/inst/pcie4_ip_i/inst/xdma_0_pcie4_ip_gt_top_i/diablo_gt.diablo_gt_phy_wrapper/gt_wizard.gtwizard_top_i/xdma_0_pcie4_ip_gt_i/inst/gen_gtwizard_gtye4_top.xdma_0_pcie4_ip_gt_gtwizard_gtye4_inst/gen_gtwizard_gtye4.gen_cpll_cal_gtye4.gen_cpll_cal_inst[3].gen_inst_cpll_cal.gtwizard_ultrascale_v1_7_22_gtye4_cpll_cal_inst/gtwizard_ultrascale_v1_7_22_gtye4_cpll_cal_tx_i/U_TXOUTCLK_FREQ_COUNTER/testclk_div4_reg[1]/D
  -------------------------------------------------------------------    -------------------

                         (clock u_pcie_xdma/inst/pcie4_ip_i/inst/xdma_0_pcie4_ip_gt_top_i/diablo_gt.diablo_gt_phy_wrapper/gt_wizard.gtwizard_top_i/xdma_0_pcie4_ip_gt_i/inst/gen_gtwizard_gtye4_top.xdma_0_pcie4_ip_gt_gtwizard_gtye4_inst/gen_gtwizard_gtye4.gen_cpll_cal_gtye4.gen_cpll_cal_inst[3].gen_inst_cpll_cal.gtwizard_ultrascale_v1_7_22_gtye4_cpll_cal_inst/gtwizard_ultrascale_v1_7_22_gtye4_cpll_cal_tx_i/bufg_gt_txoutclkmon_inst/O rise edge)
                                                      0.000     0.000 r  
    BUFG_GT_X0Y19        BUFG_GT                      0.000     0.000 r  u_pcie_xdma/inst/pcie4_ip_i/inst/xdma_0_pcie4_ip_gt_top_i/diablo_gt.diablo_gt_phy_wrapper/gt_wizard.gtwizard_top_i/xdma_0_pcie4_ip_gt_i/inst/gen_gtwizard_gtye4_top.xdma_0_pcie4_ip_gt_gtwizard_gtye4_inst/gen_gtwizard_gtye4.gen_cpll_cal_gtye4.gen_cpll_cal_inst[3].gen_inst_cpll_cal.gtwizard_ultrascale_v1_7_22_gtye4_cpll_cal_inst/gtwizard_ultrascale_v1_7_22_gtye4_cpll_cal_tx_i/bufg_gt_txoutclkmon_inst/O
    X3Y0 (CLOCK_ROOT)    net (fo=31, routed)          0.369     0.369    u_pcie_xdma/inst/pcie4_ip_i/inst/xdma_0_pcie4_ip_gt_top_i/diablo_gt.diablo_gt_phy_wrapper/gt_wizard.gtwizard_top_i/xdma_0_pcie4_ip_gt_i/inst/gen_gtwizard_gtye4_top.xdma_0_pcie4_ip_gt_gtwizard_gtye4_inst/gen_gtwizard_gtye4.gen_cpll_cal_gtye4.gen_cpll_cal_inst[3].gen_inst_cpll_cal.gtwizard_ultrascale_v1_7_22_gtye4_cpll_cal_inst/gtwizard_ultrascale_v1_7_22_gtye4_cpll_cal_tx_i/U_TXOUTCLK_FREQ_COUNTER/txoutclkmon
    SLICE_X110Y57        FDRE                                         r  u_pcie_xdma/inst/pcie4_ip_i/inst/xdma_0_pcie4_ip_gt_top_i/diablo_gt.diablo_gt_phy_wrapper/gt_wizard.gtwizard_top_i/xdma_0_pcie4_ip_gt_i/inst/gen_gtwizard_gtye4_top.xdma_0_pcie4_ip_gt_gtwizard_gtye4_inst/gen_gtwizard_gtye4.gen_cpll_cal_gtye4.gen_cpll_cal_inst[3].gen_inst_cpll_cal.gtwizard_ultrascale_v1_7_22_gtye4_cpll_cal_inst/gtwizard_ultrascale_v1_7_22_gtye4_cpll_cal_tx_i/U_TXOUTCLK_FREQ_COUNTER/testclk_div4_reg[1]/C
                         clock pessimism             -0.043     0.327    
    SLICE_X110Y57        FDRE (Hold_EFF2_SLICEM_C_D)
                                                      0.047     0.374    u_pcie_xdma/inst/pcie4_ip_i/inst/xdma_0_pcie4_ip_gt_top_i/diablo_gt.diablo_gt_phy_wrapper/gt_wizard.gtwizard_top_i/xdma_0_pcie4_ip_gt_i/inst/gen_gtwizard_gtye4_top.xdma_0_pcie4_ip_gt_gtwizard_gtye4_inst/gen_gtwizard_gtye4.gen_cpll_cal_gtye4.gen_cpll_cal_inst[3].gen_inst_cpll_cal.gtwizard_ultrascale_v1_7_22_gtye4_cpll_cal_inst/gtwizard_ultrascale_v1_7_22_gtye4_cpll_cal_tx_i/U_TXOUTCLK_FREQ_COUNTER/testclk_div4_reg[1]
  -------------------------------------------------------------------
                         required time                         -0.374    
                         arrival time                           0.425    
  -------------------------------------------------------------------
                         slack                                  0.052    





Pulse Width Checks
--------------------------------------------------------------------------------------
Clock Name:         u_pcie_xdma/inst/pcie4_ip_i/inst/xdma_0_pcie4_ip_gt_top_i/diablo_gt.diablo_gt_phy_wrapper/gt_wizard.gtwizard_top_i/xdma_0_pcie4_ip_gt_i/inst/gen_gtwizard_gtye4_top.xdma_0_pcie4_ip_gt_gtwizard_gtye4_inst/gen_gtwizard_gtye4.gen_cpll_cal_gtye4.gen_cpll_cal_inst[3].gen_inst_cpll_cal.gtwizard_ultrascale_v1_7_22_gtye4_cpll_cal_inst/gtwizard_ultrascale_v1_7_22_gtye4_cpll_cal_tx_i/bufg_gt_txoutclkmon_inst/O
Waveform(ns):       { 0.000 4.000 }
Period(ns):         8.000
Sources:            { u_pcie_xdma/inst/pcie4_ip_i/inst/xdma_0_pcie4_ip_gt_top_i/diablo_gt.diablo_gt_phy_wrapper/gt_wizard.gtwizard_top_i/xdma_0_pcie4_ip_gt_i/inst/gen_gtwizard_gtye4_top.xdma_0_pcie4_ip_gt_gtwizard_gtye4_inst/gen_gtwizard_gtye4.gen_cpll_cal_gtye4.gen_cpll_cal_inst[3].gen_inst_cpll_cal.gtwizard_ultrascale_v1_7_22_gtye4_cpll_cal_inst/gtwizard_ultrascale_v1_7_22_gtye4_cpll_cal_tx_i/bufg_gt_txoutclkmon_inst/O }

Check Type        Corner  Lib Pin  Reference Pin  Required(ns)  Actual(ns)  Slack(ns)  Location       Pin
Min Period        n/a     FDCE/C   n/a            0.550         8.000       7.450      SLICE_X110Y53  u_pcie_xdma/inst/pcie4_ip_i/inst/xdma_0_pcie4_ip_gt_top_i/diablo_gt.diablo_gt_phy_wrapper/gt_wizard.gtwizard_top_i/xdma_0_pcie4_ip_gt_i/inst/gen_gtwizard_gtye4_top.xdma_0_pcie4_ip_gt_gtwizard_gtye4_inst/gen_gtwizard_gtye4.gen_cpll_cal_gtye4.gen_cpll_cal_inst[3].gen_inst_cpll_cal.gtwizard_ultrascale_v1_7_22_gtye4_cpll_cal_inst/gtwizard_ultrascale_v1_7_22_gtye4_cpll_cal_tx_i/U_TXOUTCLK_FREQ_COUNTER/testclk_cnt_reg[0]/C
Low Pulse Width   Slow    FDCE/C   n/a            0.275         4.000       3.725      SLICE_X110Y53  u_pcie_xdma/inst/pcie4_ip_i/inst/xdma_0_pcie4_ip_gt_top_i/diablo_gt.diablo_gt_phy_wrapper/gt_wizard.gtwizard_top_i/xdma_0_pcie4_ip_gt_i/inst/gen_gtwizard_gtye4_top.xdma_0_pcie4_ip_gt_gtwizard_gtye4_inst/gen_gtwizard_gtye4.gen_cpll_cal_gtye4.gen_cpll_cal_inst[3].gen_inst_cpll_cal.gtwizard_ultrascale_v1_7_22_gtye4_cpll_cal_inst/gtwizard_ultrascale_v1_7_22_gtye4_cpll_cal_tx_i/U_TXOUTCLK_FREQ_COUNTER/testclk_cnt_reg[0]/C
High Pulse Width  Slow    FDCE/C   n/a            0.275         4.000       3.725      SLICE_X110Y53  u_pcie_xdma/inst/pcie4_ip_i/inst/xdma_0_pcie4_ip_gt_top_i/diablo_gt.diablo_gt_phy_wrapper/gt_wizard.gtwizard_top_i/xdma_0_pcie4_ip_gt_i/inst/gen_gtwizard_gtye4_top.xdma_0_pcie4_ip_gt_gtwizard_gtye4_inst/gen_gtwizard_gtye4.gen_cpll_cal_gtye4.gen_cpll_cal_inst[3].gen_inst_cpll_cal.gtwizard_ultrascale_v1_7_22_gtye4_cpll_cal_inst/gtwizard_ultrascale_v1_7_22_gtye4_cpll_cal_tx_i/U_TXOUTCLK_FREQ_COUNTER/testclk_cnt_reg[0]/C



---------------------------------------------------------------------------------------------------
From Clock:  u_pcie_xdma/inst/pcie4_ip_i/inst/xdma_0_pcie4_ip_gt_top_i/diablo_gt.diablo_gt_phy_wrapper/phy_clk_i/bufg_gt_intclk/O
  To Clock:  u_pcie_xdma/inst/pcie4_ip_i/inst/xdma_0_pcie4_ip_gt_top_i/diablo_gt.diablo_gt_phy_wrapper/phy_clk_i/bufg_gt_intclk/O

Setup :            0  Failing Endpoints,  Worst Slack      999.077ns,  Total Violation        0.000ns
Hold  :            0  Failing Endpoints,  Worst Slack        0.060ns,  Total Violation        0.000ns
PW    :            0  Failing Endpoints,  Worst Slack      499.725ns,  Total Violation        0.000ns
---------------------------------------------------------------------------------------------------


Max Delay Paths
--------------------------------------------------------------------------------------
Slack (MET) :             999.077ns  (required time - arrival time)
  Source:                 u_pcie_xdma/inst/pcie4_ip_i/inst/xdma_0_pcie4_ip_gt_top_i/diablo_gt.diablo_gt_phy_wrapper/phy_rst_i/FSM_sequential_pwr_on_fsm_reg/C
                            (rising edge-triggered cell FDRE clocked by u_pcie_xdma/inst/pcie4_ip_i/inst/xdma_0_pcie4_ip_gt_top_i/diablo_gt.diablo_gt_phy_wrapper/phy_clk_i/bufg_gt_intclk/O  {rise@0.000ns fall@500.000ns period=1000.000ns})
  Destination:            u_pcie_xdma/inst/pcie4_ip_i/inst/xdma_0_pcie4_ip_gt_top_i/diablo_gt.diablo_gt_phy_wrapper/phy_rst_i/wait_cnt_reg[0]/R
                            (rising edge-triggered cell FDRE clocked by u_pcie_xdma/inst/pcie4_ip_i/inst/xdma_0_pcie4_ip_gt_top_i/diablo_gt.diablo_gt_phy_wrapper/phy_clk_i/bufg_gt_intclk/O  {rise@0.000ns fall@500.000ns period=1000.000ns})
  Path Group:             u_pcie_xdma/inst/pcie4_ip_i/inst/xdma_0_pcie4_ip_gt_top_i/diablo_gt.diablo_gt_phy_wrapper/phy_clk_i/bufg_gt_intclk/O
  Path Type:              Setup (Max at Slow Process Corner)
  Requirement:            1000.000ns  (u_pcie_xdma/inst/pcie4_ip_i/inst/xdma_0_pcie4_ip_gt_top_i/diablo_gt.diablo_gt_phy_wrapper/phy_clk_i/bufg_gt_intclk/O rise@1000.000ns - u_pcie_xdma/inst/pcie4_ip_i/inst/xdma_0_pcie4_ip_gt_top_i/diablo_gt.diablo_gt_phy_wrapper/phy_clk_i/bufg_gt_intclk/O rise@0.000ns)
  Data Path Delay:        0.775ns  (logic 0.275ns (35.492%)  route 0.500ns (64.508%))
  Logic Levels:           1  (LUT2=1)
  Clock Path Skew:        -0.030ns (DCD - SCD + CPR)
    Destination Clock Delay (DCD):    0.544ns = ( 1000.544 - 1000.000 ) 
    Source Clock Delay      (SCD):    0.647ns
    Clock Pessimism Removal (CPR):    0.073ns
  Clock Uncertainty:      0.046ns  ((TSJ^2 + DJ^2)^1/2) / 2 + PE
    Total System Jitter     (TSJ):    0.071ns
    Discrete Jitter          (DJ):    0.060ns
    Phase Error              (PE):    0.000ns
  Clock Net Delay (Source):      0.647ns (routing 0.002ns, distribution 0.645ns)
  Clock Net Delay (Destination): 0.544ns (routing 0.001ns, distribution 0.543ns)

    Location             Delay type                Incr(ns)  Path(ns)    Netlist Resource(s)
  -------------------------------------------------------------------    -------------------
                         (clock u_pcie_xdma/inst/pcie4_ip_i/inst/xdma_0_pcie4_ip_gt_top_i/diablo_gt.diablo_gt_phy_wrapper/phy_clk_i/bufg_gt_intclk/O rise edge)
                                                      0.000     0.000 r  
    BUFG_GT_X0Y11        BUFG_GT                      0.000     0.000 r  u_pcie_xdma/inst/pcie4_ip_i/inst/xdma_0_pcie4_ip_gt_top_i/diablo_gt.diablo_gt_phy_wrapper/phy_clk_i/bufg_gt_intclk/O
    X3Y0 (CLOCK_ROOT)    net (fo=13, routed)          0.647     0.647    u_pcie_xdma/inst/pcie4_ip_i/inst/xdma_0_pcie4_ip_gt_top_i/diablo_gt.diablo_gt_phy_wrapper/phy_rst_i/CLK
    SLICE_X109Y11        FDRE                                         r  u_pcie_xdma/inst/pcie4_ip_i/inst/xdma_0_pcie4_ip_gt_top_i/diablo_gt.diablo_gt_phy_wrapper/phy_rst_i/FSM_sequential_pwr_on_fsm_reg/C
  -------------------------------------------------------------------    -------------------
    SLICE_X109Y11        FDRE (Prop_DFF2_SLICEM_C_Q)
                                                      0.098     0.745 r  u_pcie_xdma/inst/pcie4_ip_i/inst/xdma_0_pcie4_ip_gt_top_i/diablo_gt.diablo_gt_phy_wrapper/phy_rst_i/FSM_sequential_pwr_on_fsm_reg/Q
                         net (fo=4, routed)           0.204     0.949    u_pcie_xdma/inst/pcie4_ip_i/inst/xdma_0_pcie4_ip_gt_top_i/diablo_gt.diablo_gt_phy_wrapper/phy_rst_i/wait_cnt[0]
    SLICE_X109Y11        LUT2 (Prop_F6LUT_SLICEM_I0_O)
                                                      0.177     1.126 r  u_pcie_xdma/inst/pcie4_ip_i/inst/xdma_0_pcie4_ip_gt_top_i/diablo_gt.diablo_gt_phy_wrapper/phy_rst_i/wait_cnt[4]_i_1/O
                         net (fo=5, routed)           0.296     1.422    u_pcie_xdma/inst/pcie4_ip_i/inst/xdma_0_pcie4_ip_gt_top_i/diablo_gt.diablo_gt_phy_wrapper/phy_rst_i/wait_cnt[4]_i_1_n_0
    SLICE_X109Y11        FDRE                                         r  u_pcie_xdma/inst/pcie4_ip_i/inst/xdma_0_pcie4_ip_gt_top_i/diablo_gt.diablo_gt_phy_wrapper/phy_rst_i/wait_cnt_reg[0]/R
  -------------------------------------------------------------------    -------------------

                         (clock u_pcie_xdma/inst/pcie4_ip_i/inst/xdma_0_pcie4_ip_gt_top_i/diablo_gt.diablo_gt_phy_wrapper/phy_clk_i/bufg_gt_intclk/O rise edge)
                                                   1000.000  1000.000 r  
    BUFG_GT_X0Y11        BUFG_GT                      0.000  1000.000 r  u_pcie_xdma/inst/pcie4_ip_i/inst/xdma_0_pcie4_ip_gt_top_i/diablo_gt.diablo_gt_phy_wrapper/phy_clk_i/bufg_gt_intclk/O
    X3Y0 (CLOCK_ROOT)    net (fo=13, routed)          0.544  1000.544    u_pcie_xdma/inst/pcie4_ip_i/inst/xdma_0_pcie4_ip_gt_top_i/diablo_gt.diablo_gt_phy_wrapper/phy_rst_i/CLK
    SLICE_X109Y11        FDRE                                         r  u_pcie_xdma/inst/pcie4_ip_i/inst/xdma_0_pcie4_ip_gt_top_i/diablo_gt.diablo_gt_phy_wrapper/phy_rst_i/wait_cnt_reg[0]/C
                         clock pessimism              0.073  1000.617    
                         clock uncertainty           -0.046  1000.571    
    SLICE_X109Y11        FDRE (Setup_FFF2_SLICEM_C_R)
                                                     -0.072  1000.499    u_pcie_xdma/inst/pcie4_ip_i/inst/xdma_0_pcie4_ip_gt_top_i/diablo_gt.diablo_gt_phy_wrapper/phy_rst_i/wait_cnt_reg[0]
  -------------------------------------------------------------------
                         required time                       1000.499    
                         arrival time                          -1.422    
  -------------------------------------------------------------------
                         slack                                999.077    





Min Delay Paths
--------------------------------------------------------------------------------------
Slack (MET) :             0.060ns  (arrival time - required time)
  Source:                 u_pcie_xdma/inst/pcie4_ip_i/inst/xdma_0_pcie4_ip_gt_top_i/diablo_gt.diablo_gt_phy_wrapper/phy_rst_i/wait_cnt_reg[3]/C
                            (rising edge-triggered cell FDRE clocked by u_pcie_xdma/inst/pcie4_ip_i/inst/xdma_0_pcie4_ip_gt_top_i/diablo_gt.diablo_gt_phy_wrapper/phy_clk_i/bufg_gt_intclk/O  {rise@0.000ns fall@500.000ns period=1000.000ns})
  Destination:            u_pcie_xdma/inst/pcie4_ip_i/inst/xdma_0_pcie4_ip_gt_top_i/diablo_gt.diablo_gt_phy_wrapper/phy_rst_i/wait_cnt_reg[4]/D
                            (rising edge-triggered cell FDRE clocked by u_pcie_xdma/inst/pcie4_ip_i/inst/xdma_0_pcie4_ip_gt_top_i/diablo_gt.diablo_gt_phy_wrapper/phy_clk_i/bufg_gt_intclk/O  {rise@0.000ns fall@500.000ns period=1000.000ns})
  Path Group:             u_pcie_xdma/inst/pcie4_ip_i/inst/xdma_0_pcie4_ip_gt_top_i/diablo_gt.diablo_gt_phy_wrapper/phy_clk_i/bufg_gt_intclk/O
  Path Type:              Hold (Min at Fast Process Corner)
  Requirement:            0.000ns  (u_pcie_xdma/inst/pcie4_ip_i/inst/xdma_0_pcie4_ip_gt_top_i/diablo_gt.diablo_gt_phy_wrapper/phy_clk_i/bufg_gt_intclk/O rise@0.000ns - u_pcie_xdma/inst/pcie4_ip_i/inst/xdma_0_pcie4_ip_gt_top_i/diablo_gt.diablo_gt_phy_wrapper/phy_clk_i/bufg_gt_intclk/O rise@0.000ns)
  Data Path Delay:        0.113ns  (logic 0.079ns (69.912%)  route 0.034ns (30.088%))
  Logic Levels:           1  (LUT5=1)
  Clock Path Skew:        0.006ns (DCD - SCD - CPR)
    Destination Clock Delay (DCD):    0.371ns
    Source Clock Delay      (SCD):    0.322ns
    Clock Pessimism Removal (CPR):    0.044ns
  Clock Net Delay (Source):      0.322ns (routing 0.001ns, distribution 0.321ns)
  Clock Net Delay (Destination): 0.371ns (routing 0.001ns, distribution 0.370ns)

    Location             Delay type                Incr(ns)  Path(ns)    Netlist Resource(s)
  -------------------------------------------------------------------    -------------------
                         (clock u_pcie_xdma/inst/pcie4_ip_i/inst/xdma_0_pcie4_ip_gt_top_i/diablo_gt.diablo_gt_phy_wrapper/phy_clk_i/bufg_gt_intclk/O rise edge)
                                                      0.000     0.000 r  
    BUFG_GT_X0Y11        BUFG_GT                      0.000     0.000 r  u_pcie_xdma/inst/pcie4_ip_i/inst/xdma_0_pcie4_ip_gt_top_i/diablo_gt.diablo_gt_phy_wrapper/phy_clk_i/bufg_gt_intclk/O
    X3Y0 (CLOCK_ROOT)    net (fo=13, routed)          0.322     0.322    u_pcie_xdma/inst/pcie4_ip_i/inst/xdma_0_pcie4_ip_gt_top_i/diablo_gt.diablo_gt_phy_wrapper/phy_rst_i/CLK
    SLICE_X109Y11        FDRE                                         r  u_pcie_xdma/inst/pcie4_ip_i/inst/xdma_0_pcie4_ip_gt_top_i/diablo_gt.diablo_gt_phy_wrapper/phy_rst_i/wait_cnt_reg[3]/C
  -------------------------------------------------------------------    -------------------
    SLICE_X109Y11        FDRE (Prop_GFF_SLICEM_C_Q)
                                                      0.039     0.361 r  u_pcie_xdma/inst/pcie4_ip_i/inst/xdma_0_pcie4_ip_gt_top_i/diablo_gt.diablo_gt_phy_wrapper/phy_rst_i/wait_cnt_reg[3]/Q
                         net (fo=2, routed)           0.026     0.387    u_pcie_xdma/inst/pcie4_ip_i/inst/xdma_0_pcie4_ip_gt_top_i/diablo_gt.diablo_gt_phy_wrapper/phy_rst_i/wait_cnt_reg_n_0_[3]
    SLICE_X109Y11        LUT5 (Prop_G5LUT_SLICEM_I3_O)
                                                      0.040     0.427 r  u_pcie_xdma/inst/pcie4_ip_i/inst/xdma_0_pcie4_ip_gt_top_i/diablo_gt.diablo_gt_phy_wrapper/phy_rst_i/wait_cnt[4]_i_2/O
                         net (fo=1, routed)           0.008     0.435    u_pcie_xdma/inst/pcie4_ip_i/inst/xdma_0_pcie4_ip_gt_top_i/diablo_gt.diablo_gt_phy_wrapper/phy_rst_i/p_0_in__7[4]
    SLICE_X109Y11        FDRE                                         r  u_pcie_xdma/inst/pcie4_ip_i/inst/xdma_0_pcie4_ip_gt_top_i/diablo_gt.diablo_gt_phy_wrapper/phy_rst_i/wait_cnt_reg[4]/D
  -------------------------------------------------------------------    -------------------

                         (clock u_pcie_xdma/inst/pcie4_ip_i/inst/xdma_0_pcie4_ip_gt_top_i/diablo_gt.diablo_gt_phy_wrapper/phy_clk_i/bufg_gt_intclk/O rise edge)
                                                      0.000     0.000 r  
    BUFG_GT_X0Y11        BUFG_GT                      0.000     0.000 r  u_pcie_xdma/inst/pcie4_ip_i/inst/xdma_0_pcie4_ip_gt_top_i/diablo_gt.diablo_gt_phy_wrapper/phy_clk_i/bufg_gt_intclk/O
    X3Y0 (CLOCK_ROOT)    net (fo=13, routed)          0.371     0.371    u_pcie_xdma/inst/pcie4_ip_i/inst/xdma_0_pcie4_ip_gt_top_i/diablo_gt.diablo_gt_phy_wrapper/phy_rst_i/CLK
    SLICE_X109Y11        FDRE                                         r  u_pcie_xdma/inst/pcie4_ip_i/inst/xdma_0_pcie4_ip_gt_top_i/diablo_gt.diablo_gt_phy_wrapper/phy_rst_i/wait_cnt_reg[4]/C
                         clock pessimism             -0.044     0.328    
    SLICE_X109Y11        FDRE (Hold_GFF2_SLICEM_C_D)
                                                      0.047     0.375    u_pcie_xdma/inst/pcie4_ip_i/inst/xdma_0_pcie4_ip_gt_top_i/diablo_gt.diablo_gt_phy_wrapper/phy_rst_i/wait_cnt_reg[4]
  -------------------------------------------------------------------
                         required time                         -0.375    
                         arrival time                           0.435    
  -------------------------------------------------------------------
                         slack                                  0.060    





Pulse Width Checks
--------------------------------------------------------------------------------------
Clock Name:         u_pcie_xdma/inst/pcie4_ip_i/inst/xdma_0_pcie4_ip_gt_top_i/diablo_gt.diablo_gt_phy_wrapper/phy_clk_i/bufg_gt_intclk/O
Waveform(ns):       { 0.000 500.000 }
Period(ns):         1000.000
Sources:            { u_pcie_xdma/inst/pcie4_ip_i/inst/xdma_0_pcie4_ip_gt_top_i/diablo_gt.diablo_gt_phy_wrapper/phy_clk_i/bufg_gt_intclk/O }

Check Type        Corner  Lib Pin  Reference Pin  Required(ns)  Actual(ns)  Slack(ns)  Location       Pin
Min Period        n/a     FDRE/C   n/a            0.550         1000.000    999.450    SLICE_X109Y11  u_pcie_xdma/inst/pcie4_ip_i/inst/xdma_0_pcie4_ip_gt_top_i/diablo_gt.diablo_gt_phy_wrapper/phy_rst_i/FSM_sequential_pwr_on_fsm_reg/C
Low Pulse Width   Slow    FDRE/C   n/a            0.275         500.000     499.725    SLICE_X109Y11  u_pcie_xdma/inst/pcie4_ip_i/inst/xdma_0_pcie4_ip_gt_top_i/diablo_gt.diablo_gt_phy_wrapper/phy_rst_i/FSM_sequential_pwr_on_fsm_reg/C
High Pulse Width  Slow    FDRE/C   n/a            0.275         500.000     499.725    SLICE_X109Y11  u_pcie_xdma/inst/pcie4_ip_i/inst/xdma_0_pcie4_ip_gt_top_i/diablo_gt.diablo_gt_phy_wrapper/phy_rst_i/FSM_sequential_pwr_on_fsm_reg/C



---------------------------------------------------------------------------------------------------
From Clock:  txoutclk_out[0]_3
  To Clock:  rxoutclk_out[0]_3

Setup :            0  Failing Endpoints,  Worst Slack        4.909ns,  Total Violation        0.000ns
Hold  :            0  Failing Endpoints,  Worst Slack        0.014ns,  Total Violation        0.000ns
---------------------------------------------------------------------------------------------------


Max Delay Paths
--------------------------------------------------------------------------------------
Slack (MET) :             4.909ns  (required time - arrival time)
  Source:                 u_mac_tx/stat_frames_reg[6]/C
                            (rising edge-triggered cell FDCE clocked by txoutclk_out[0]_3  {rise@0.000ns fall@3.200ns period=6.400ns})
  Destination:            u_snap_fe/hold_b_reg[230]/D
                            (rising edge-triggered cell FDCE clocked by rxoutclk_out[0]_3  {rise@0.000ns fall@3.200ns period=6.400ns})
  Path Group:             rxoutclk_out[0]_3
  Path Type:              Setup (Max at Slow Process Corner)
  Requirement:            6.400ns  (rxoutclk_out[0]_3 rise@6.400ns - txoutclk_out[0]_3 rise@0.000ns)
  Data Path Delay:        1.207ns  (logic 0.097ns (8.039%)  route 1.110ns (91.961%))
  Logic Levels:           0  
  Clock Path Skew:        -0.265ns (DCD - SCD + CPR)
    Destination Clock Delay (DCD):    2.121ns = ( 8.521 - 6.400 ) 
    Source Clock Delay      (SCD):    2.386ns
    Clock Pessimism Removal (CPR):    0.000ns
  Clock Uncertainty:      0.046ns  ((TSJ^2 + DJ^2)^1/2) / 2 + PE
    Total System Jitter     (TSJ):    0.071ns
    Discrete Jitter          (DJ):    0.060ns
    Phase Error              (PE):    0.000ns
  Clock Net Delay (Source):      2.157ns (routing 1.173ns, distribution 0.984ns)
  Clock Net Delay (Destination): 1.916ns (routing 1.069ns, distribution 0.847ns)

    Location             Delay type                Incr(ns)  Path(ns)    Netlist Resource(s)
  -------------------------------------------------------------------    -------------------
                         (clock txoutclk_out[0]_3 rise edge)
                                                      0.000     0.000 r  
    GTYE4_CHANNEL_X0Y5   GTYE4_CHANNEL                0.000     0.000 r  u_pcs/inst/i_pcs64_gt_1/inst/gen_gtwizard_gtye4_top.pcs64_gt_1_gtwizard_gtye4_inst/gen_gtwizard_gtye4.gen_channel_container[1].gen_enabled_channel.gtye4_channel_wrapper_inst/channel_inst/gtye4_channel_gen.gen_gtye4_channel_inst[0].GTYE4_CHANNEL_PRIM_INST/TXOUTCLK
                         net (fo=2, routed)           0.090     0.090    u_pcs/inst/i_core_gtwiz_userclk_tx_inst_1/txoutclk_out[0]
    BUFG_GT_X0Y39        BUFG_GT (Prop_BUFG_GT_I_O)
                                                      0.139     0.229 r  u_pcs/inst/i_core_gtwiz_userclk_tx_inst_1/gen_gtwiz_userclk_tx_main.bufg_gt_usrclk_inst/O
    X1Y0 (CLOCK_ROOT)    net (fo=1242, routed)        2.157     2.386    u_mac_tx/tx_mii_clk_1
    SLICE_X39Y63         FDCE                                         r  u_mac_tx/stat_frames_reg[6]/C
  -------------------------------------------------------------------    -------------------
    SLICE_X39Y63         FDCE (Prop_GFF_SLICEL_C_Q)
                                                      0.097     2.483 r  u_mac_tx/stat_frames_reg[6]/Q
                         net (fo=2, routed)           1.110     3.593    u_snap_fe/D[214]
    SLICE_X34Y64         FDCE                                         r  u_snap_fe/hold_b_reg[230]/D
  -------------------------------------------------------------------    -------------------

                         (clock rxoutclk_out[0]_3 rise edge)
                                                      6.400     6.400 r  
    GTYE4_CHANNEL_X0Y5   GTYE4_CHANNEL                0.000     6.400 r  u_pcs/inst/i_pcs64_gt_1/inst/gen_gtwizard_gtye4_top.pcs64_gt_1_gtwizard_gtye4_inst/gen_gtwizard_gtye4.gen_channel_container[1].gen_enabled_channel.gtye4_channel_wrapper_inst/channel_inst/gtye4_channel_gen.gen_gtye4_channel_inst[0].GTYE4_CHANNEL_PRIM_INST/RXOUTCLK
                         net (fo=2, routed)           0.083     6.483    u_pcs/inst/i_core_gtwiz_userclk_rx_inst_1/rxoutclk_out[0]
    BUFG_GT_X0Y41        BUFG_GT (Prop_BUFG_GT_I_O)
                                                      0.122     6.605 r  u_pcs/inst/i_core_gtwiz_userclk_rx_inst_1/gen_gtwiz_userclk_rx_main.bufg_gt_usrclk_inst/O
    X1Y0 (CLOCK_ROOT)    net (fo=3657, routed)        1.916     8.521    u_snap_fe/CLK
    SLICE_X34Y64         FDCE                                         r  u_snap_fe/hold_b_reg[230]/C
                         clock pessimism              0.000     8.521    
                         clock uncertainty           -0.046     8.475    
    SLICE_X34Y64         FDCE (Setup_AFF_SLICEM_C_D)
                                                      0.027     8.502    u_snap_fe/hold_b_reg[230]
  -------------------------------------------------------------------
                         required time                          8.502    
                         arrival time                          -3.593    
  -------------------------------------------------------------------
                         slack                                  4.909    





Min Delay Paths
--------------------------------------------------------------------------------------
Slack (MET) :             0.014ns  (arrival time - required time)
  Source:                 u_mac_tx/stat_frames_reg[27]/C
                            (rising edge-triggered cell FDCE clocked by txoutclk_out[0]_3  {rise@0.000ns fall@3.200ns period=6.400ns})
  Destination:            u_snap_fe/hold_b_reg[251]/D
                            (rising edge-triggered cell FDCE clocked by rxoutclk_out[0]_3  {rise@0.000ns fall@3.200ns period=6.400ns})
  Path Group:             rxoutclk_out[0]_3
  Path Type:              Hold (Min at Slow Process Corner)
  Requirement:            0.000ns  (rxoutclk_out[0]_3 rise@0.000ns - txoutclk_out[0]_3 rise@0.000ns)
  Data Path Delay:        0.496ns  (logic 0.070ns (14.118%)  route 0.426ns (85.882%))
  Logic Levels:           0  
  Clock Path Skew:        0.382ns (DCD - SCD - CPR)
    Destination Clock Delay (DCD):    2.493ns
    Source Clock Delay      (SCD):    2.111ns
    Clock Pessimism Removal (CPR):    -0.000ns
  Clock Uncertainty:      0.046ns  ((TSJ^2 + DJ^2)^1/2) / 2 + PE
    Total System Jitter     (TSJ):    0.071ns
    Discrete Jitter          (DJ):    0.060ns
    Phase Error              (PE):    0.000ns
  Clock Net Delay (Source):      1.907ns (routing 1.071ns, distribution 0.836ns)
  Clock Net Delay (Destination): 2.264ns (routing 1.174ns, distribution 1.090ns)

    Location             Delay type                Incr(ns)  Path(ns)    Netlist Resource(s)
  -------------------------------------------------------------------    -------------------
                         (clock txoutclk_out[0]_3 rise edge)
                                                      0.000     0.000 r  
    GTYE4_CHANNEL_X0Y5   GTYE4_CHANNEL                0.000     0.000 r  u_pcs/inst/i_pcs64_gt_1/inst/gen_gtwizard_gtye4_top.pcs64_gt_1_gtwizard_gtye4_inst/gen_gtwizard_gtye4.gen_channel_container[1].gen_enabled_channel.gtye4_channel_wrapper_inst/channel_inst/gtye4_channel_gen.gen_gtye4_channel_inst[0].GTYE4_CHANNEL_PRIM_INST/TXOUTCLK
                         net (fo=2, routed)           0.082     0.082    u_pcs/inst/i_core_gtwiz_userclk_tx_inst_1/txoutclk_out[0]
    BUFG_GT_X0Y39        BUFG_GT (Prop_BUFG_GT_I_O)
                                                      0.122     0.204 r  u_pcs/inst/i_core_gtwiz_userclk_tx_inst_1/gen_gtwiz_userclk_tx_main.bufg_gt_usrclk_inst/O
    X1Y0 (CLOCK_ROOT)    net (fo=1242, routed)        1.907     2.111    u_mac_tx/tx_mii_clk_1
    SLICE_X39Y66         FDCE                                         r  u_mac_tx/stat_frames_reg[27]/C
  -------------------------------------------------------------------    -------------------
    SLICE_X39Y66         FDCE (Prop_DFF_SLICEL_C_Q)
                                                      0.070     2.181 r  u_mac_tx/stat_frames_reg[27]/Q
                         net (fo=2, routed)           0.426     2.607    u_snap_fe/D[235]
    SLICE_X26Y66         FDCE                                         r  u_snap_fe/hold_b_reg[251]/D
  -------------------------------------------------------------------    -------------------

                         (clock rxoutclk_out[0]_3 rise edge)
                                                      0.000     0.000 r  
    GTYE4_CHANNEL_X0Y5   GTYE4_CHANNEL                0.000     0.000 r  u_pcs/inst/i_pcs64_gt_1/inst/gen_gtwizard_gtye4_top.pcs64_gt_1_gtwizard_gtye4_inst/gen_gtwizard_gtye4.gen_channel_container[1].gen_enabled_channel.gtye4_channel_wrapper_inst/channel_inst/gtye4_channel_gen.gen_gtye4_channel_inst[0].GTYE4_CHANNEL_PRIM_INST/RXOUTCLK
                         net (fo=2, routed)           0.090     0.090    u_pcs/inst/i_core_gtwiz_userclk_rx_inst_1/rxoutclk_out[0]
    BUFG_GT_X0Y41        BUFG_GT (Prop_BUFG_GT_I_O)
                                                      0.139     0.229 r  u_pcs/inst/i_core_gtwiz_userclk_rx_inst_1/gen_gtwiz_userclk_rx_main.bufg_gt_usrclk_inst/O
    X1Y0 (CLOCK_ROOT)    net (fo=3657, routed)        2.264     2.493    u_snap_fe/CLK
    SLICE_X26Y66         FDCE                                         r  u_snap_fe/hold_b_reg[251]/C
                         clock pessimism              0.000     2.493    
                         clock uncertainty            0.046     2.539    
    SLICE_X26Y66         FDCE (Hold_CFF_SLICEL_C_D)
                                                      0.053     2.592    u_snap_fe/hold_b_reg[251]
  -------------------------------------------------------------------
                         required time                         -2.592    
                         arrival time                           2.607    
  -------------------------------------------------------------------
                         slack                                  0.014    





---------------------------------------------------------------------------------------------------
From Clock:  pipe_clk
  To Clock:  pcie_axi_aclk

Setup :            0  Failing Endpoints,  Worst Slack        2.306ns,  Total Violation        0.000ns
Hold  :            0  Failing Endpoints,  Worst Slack        0.428ns,  Total Violation        0.000ns
---------------------------------------------------------------------------------------------------


Max Delay Paths
--------------------------------------------------------------------------------------
Slack (MET) :             2.306ns  (required time - arrival time)
  Source:                 u_pcie_xdma/inst/pcie4_ip_i/inst/xdma_0_pcie4_ip_gt_top_i/diablo_gt.diablo_gt_phy_wrapper/rst_psrst_n_r_rep_reg/C
                            (rising edge-triggered cell FDRE clocked by pipe_clk  {rise@0.000ns fall@2.000ns period=4.000ns})
  Destination:            u_pcie_xdma/inst/pcie4_ip_i/inst/xdma_0_pcie4_ip_pcie_4_0_pipe_inst/pcie_4_0_init_ctrl_inst/reg_phy_rdy_reg[0]/D
                            (rising edge-triggered cell FDRE clocked by pcie_axi_aclk  {rise@0.000ns fall@2.000ns period=4.000ns})
  Path Group:             pcie_axi_aclk
  Path Type:              Setup (Max at Slow Process Corner)
  Requirement:            4.000ns  (pcie_axi_aclk rise@4.000ns - pipe_clk rise@0.000ns)
  Data Path Delay:        1.401ns  (logic 0.096ns (6.853%)  route 1.305ns (93.147%))
  Logic Levels:           0  
  Clock Path Skew:        -0.274ns (DCD - SCD + CPR)
    Destination Clock Delay (DCD):    1.956ns = ( 5.956 - 4.000 ) 
    Source Clock Delay      (SCD):    2.231ns
    Clock Pessimism Removal (CPR):    0.001ns
  Clock Uncertainty:      0.046ns  ((TSJ^2 + DJ^2)^1/2) / 2 + PE
    Total System Jitter     (TSJ):    0.071ns
    Discrete Jitter          (DJ):    0.060ns
    Phase Error              (PE):    0.000ns
  Clock Net Delay (Source):      2.002ns (routing 0.805ns, distribution 1.197ns)
  Clock Net Delay (Destination): 1.752ns (routing 0.723ns, distribution 1.029ns)

    Location             Delay type                Incr(ns)  Path(ns)    Netlist Resource(s)
  -------------------------------------------------------------------    -------------------
                         (clock pipe_clk rise edge)
                                                      0.000     0.000 r  
    GTYE4_CHANNEL_X0Y3   GTYE4_CHANNEL                0.000     0.000 r  u_pcie_xdma/inst/pcie4_ip_i/inst/xdma_0_pcie4_ip_gt_top_i/diablo_gt.diablo_gt_phy_wrapper/gt_wizard.gtwizard_top_i/xdma_0_pcie4_ip_gt_i/inst/gen_gtwizard_gtye4_top.xdma_0_pcie4_ip_gt_gtwizard_gtye4_inst/gen_gtwizard_gtye4.gen_channel_container[3].gen_enabled_channel.gtye4_channel_wrapper_inst/channel_inst/gtye4_channel_gen.gen_gtye4_channel_inst[3].GTYE4_CHANNEL_PRIM_INST/TXOUTCLK
                         net (fo=6, routed)           0.090     0.090    u_pcie_xdma/inst/pcie4_ip_i/inst/xdma_0_pcie4_ip_gt_top_i/diablo_gt.diablo_gt_phy_wrapper/phy_clk_i/CLK_TXOUTCLK
    BUFG_GT_X0Y12        BUFG_GT (Prop_BUFG_GT_I_O)
                                                      0.139     0.229 r  u_pcie_xdma/inst/pcie4_ip_i/inst/xdma_0_pcie4_ip_gt_top_i/diablo_gt.diablo_gt_phy_wrapper/phy_clk_i/bufg_gt_pclk/O
    X1Y0 (CLOCK_ROOT)    net (fo=1138, routed)        2.002     2.231    u_pcie_xdma/inst/pcie4_ip_i/inst/xdma_0_pcie4_ip_gt_top_i/diablo_gt.diablo_gt_phy_wrapper/CLK_PCLK2
    SLICE_X105Y31        FDRE                                         r  u_pcie_xdma/inst/pcie4_ip_i/inst/xdma_0_pcie4_ip_gt_top_i/diablo_gt.diablo_gt_phy_wrapper/rst_psrst_n_r_rep_reg/C
  -------------------------------------------------------------------    -------------------
    SLICE_X105Y31        FDRE (Prop_EFF_SLICEL_C_Q)
                                                      0.096     2.327 r  u_pcie_xdma/inst/pcie4_ip_i/inst/xdma_0_pcie4_ip_gt_top_i/diablo_gt.diablo_gt_phy_wrapper/rst_psrst_n_r_rep_reg/Q
                         net (fo=186, routed)         1.305     3.632    u_pcie_xdma/inst/pcie4_ip_i/inst/xdma_0_pcie4_ip_pcie_4_0_pipe_inst/pcie_4_0_init_ctrl_inst/reg_phy_rdy_reg[0]_0[0]
    SLICE_X100Y15        FDRE                                         r  u_pcie_xdma/inst/pcie4_ip_i/inst/xdma_0_pcie4_ip_pcie_4_0_pipe_inst/pcie_4_0_init_ctrl_inst/reg_phy_rdy_reg[0]/D
  -------------------------------------------------------------------    -------------------

                         (clock pcie_axi_aclk rise edge)
                                                      4.000     4.000 r  
    GTYE4_CHANNEL_X0Y3   GTYE4_CHANNEL                0.000     4.000 r  u_pcie_xdma/inst/pcie4_ip_i/inst/xdma_0_pcie4_ip_gt_top_i/diablo_gt.diablo_gt_phy_wrapper/gt_wizard.gtwizard_top_i/xdma_0_pcie4_ip_gt_i/inst/gen_gtwizard_gtye4_top.xdma_0_pcie4_ip_gt_gtwizard_gtye4_inst/gen_gtwizard_gtye4.gen_channel_container[3].gen_enabled_channel.gtye4_channel_wrapper_inst/channel_inst/gtye4_channel_gen.gen_gtye4_channel_inst[3].GTYE4_CHANNEL_PRIM_INST/TXOUTCLK
                         net (fo=6, routed)           0.082     4.082    u_pcie_xdma/inst/pcie4_ip_i/inst/xdma_0_pcie4_ip_gt_top_i/diablo_gt.diablo_gt_phy_wrapper/phy_clk_i/CLK_TXOUTCLK
    BUFG_GT_X0Y18        BUFG_GT (Prop_BUFG_GT_I_O)
                                                      0.122     4.204 r  u_pcie_xdma/inst/pcie4_ip_i/inst/xdma_0_pcie4_ip_gt_top_i/diablo_gt.diablo_gt_phy_wrapper/phy_clk_i/bufg_gt_coreclk/O
    X1Y0 (CLOCK_ROOT)    net (fo=20543, routed)       1.752     5.956    u_pcie_xdma/inst/pcie4_ip_i/inst/xdma_0_pcie4_ip_pcie_4_0_pipe_inst/pcie_4_0_init_ctrl_inst/PHY_CORECLK
    SLICE_X100Y15        FDRE                                         r  u_pcie_xdma/inst/pcie4_ip_i/inst/xdma_0_pcie4_ip_pcie_4_0_pipe_inst/pcie_4_0_init_ctrl_inst/reg_phy_rdy_reg[0]/C
                         clock pessimism              0.001     5.957    
                         clock uncertainty           -0.046     5.911    
    SLICE_X100Y15        FDRE (Setup_DFF2_SLICEL_C_D)
                                                      0.027     5.938    u_pcie_xdma/inst/pcie4_ip_i/inst/xdma_0_pcie4_ip_pcie_4_0_pipe_inst/pcie_4_0_init_ctrl_inst/reg_phy_rdy_reg[0]
  -------------------------------------------------------------------
                         required time                          5.938    
                         arrival time                          -3.632    
  -------------------------------------------------------------------
                         slack                                  2.306    





Min Delay Paths
--------------------------------------------------------------------------------------
Slack (MET) :             0.428ns  (arrival time - required time)
  Source:                 u_pcie_xdma/inst/pcie4_ip_i/inst/xdma_0_pcie4_ip_gt_top_i/diablo_gt.diablo_gt_phy_wrapper/rst_psrst_n_r_rep_reg/C
                            (rising edge-triggered cell FDRE clocked by pipe_clk  {rise@0.000ns fall@2.000ns period=4.000ns})
  Destination:            u_pcie_xdma/inst/pcie4_ip_i/inst/xdma_0_pcie4_ip_pcie_4_0_pipe_inst/pcie_4_0_init_ctrl_inst/reg_reset_timer_reg[0]/R
                            (rising edge-triggered cell FDRE clocked by pcie_axi_aclk  {rise@0.000ns fall@2.000ns period=4.000ns})
  Path Group:             pcie_axi_aclk
  Path Type:              Hold (Min at Fast Process Corner)
  Requirement:            0.000ns  (pcie_axi_aclk rise@0.000ns - pipe_clk rise@0.000ns)
  Data Path Delay:        0.545ns  (logic 0.039ns (7.151%)  route 0.506ns (92.849%))
  Logic Levels:           0  
  Clock Path Skew:        0.127ns (DCD - SCD - CPR)
    Destination Clock Delay (DCD):    1.270ns
    Source Clock Delay      (SCD):    1.142ns
    Clock Pessimism Removal (CPR):    0.001ns
  Clock Net Delay (Source):      1.017ns (routing 0.406ns, distribution 0.611ns)
  Clock Net Delay (Destination): 1.131ns (routing 0.442ns, distribution 0.689ns)

    Location             Delay type                Incr(ns)  Path(ns)    Netlist Resource(s)
  -------------------------------------------------------------------    -------------------
                         (clock pipe_clk rise edge)
                                                      0.000     0.000 r  
    GTYE4_CHANNEL_X0Y3   GTYE4_CHANNEL                0.000     0.000 r  u_pcie_xdma/inst/pcie4_ip_i/inst/xdma_0_pcie4_ip_gt_top_i/diablo_gt.diablo_gt_phy_wrapper/gt_wizard.gtwizard_top_i/xdma_0_pcie4_ip_gt_i/inst/gen_gtwizard_gtye4_top.xdma_0_pcie4_ip_gt_gtwizard_gtye4_inst/gen_gtwizard_gtye4.gen_channel_container[3].gen_enabled_channel.gtye4_channel_wrapper_inst/channel_inst/gtye4_channel_gen.gen_gtye4_channel_inst[3].GTYE4_CHANNEL_PRIM_INST/TXOUTCLK
                         net (fo=6, routed)           0.052     0.052    u_pcie_xdma/inst/pcie4_ip_i/inst/xdma_0_pcie4_ip_gt_top_i/diablo_gt.diablo_gt_phy_wrapper/phy_clk_i/CLK_TXOUTCLK
    BUFG_GT_X0Y12        BUFG_GT (Prop_BUFG_GT_I_O)
                                                      0.073     0.125 r  u_pcie_xdma/inst/pcie4_ip_i/inst/xdma_0_pcie4_ip_gt_top_i/diablo_gt.diablo_gt_phy_wrapper/phy_clk_i/bufg_gt_pclk/O
    X1Y0 (CLOCK_ROOT)    net (fo=1138, routed)        1.017     1.142    u_pcie_xdma/inst/pcie4_ip_i/inst/xdma_0_pcie4_ip_gt_top_i/diablo_gt.diablo_gt_phy_wrapper/CLK_PCLK2
    SLICE_X105Y31        FDRE                                         r  u_pcie_xdma/inst/pcie4_ip_i/inst/xdma_0_pcie4_ip_gt_top_i/diablo_gt.diablo_gt_phy_wrapper/rst_psrst_n_r_rep_reg/C
  -------------------------------------------------------------------    -------------------
    SLICE_X105Y31        FDRE (Prop_EFF_SLICEL_C_Q)
                                                      0.039     1.181 f  u_pcie_xdma/inst/pcie4_ip_i/inst/xdma_0_pcie4_ip_gt_top_i/diablo_gt.diablo_gt_phy_wrapper/rst_psrst_n_r_rep_reg/Q
                         net (fo=186, routed)         0.506     1.687    u_pcie_xdma/inst/pcie4_ip_i/inst/xdma_0_pcie4_ip_pcie_4_0_pipe_inst/pcie_4_0_init_ctrl_inst/reg_phy_rdy_reg[0]_0[0]
    SLICE_X101Y21        FDRE                                         r  u_pcie_xdma/inst/pcie4_ip_i/inst/xdma_0_pcie4_ip_pcie_4_0_pipe_inst/pcie_4_0_init_ctrl_inst/reg_reset_timer_reg[0]/R  (IS_INVERTED)
  -------------------------------------------------------------------    -------------------

                         (clock pcie_axi_aclk rise edge)
                                                      0.000     0.000 r  
    GTYE4_CHANNEL_X0Y3   GTYE4_CHANNEL                0.000     0.000 r  u_pcie_xdma/inst/pcie4_ip_i/inst/xdma_0_pcie4_ip_gt_top_i/diablo_gt.diablo_gt_phy_wrapper/gt_wizard.gtwizard_top_i/xdma_0_pcie4_ip_gt_i/inst/gen_gtwizard_gtye4_top.xdma_0_pcie4_ip_gt_gtwizard_gtye4_inst/gen_gtwizard_gtye4.gen_channel_container[3].gen_enabled_channel.gtye4_channel_wrapper_inst/channel_inst/gtye4_channel_gen.gen_gtye4_channel_inst[3].GTYE4_CHANNEL_PRIM_INST/TXOUTCLK
                         net (fo=6, routed)           0.057     0.057    u_pcie_xdma/inst/pcie4_ip_i/inst/xdma_0_pcie4_ip_gt_top_i/diablo_gt.diablo_gt_phy_wrapper/phy_clk_i/CLK_TXOUTCLK
    BUFG_GT_X0Y18        BUFG_GT (Prop_BUFG_GT_I_O)
                                                      0.082     0.139 r  u_pcie_xdma/inst/pcie4_ip_i/inst/xdma_0_pcie4_ip_gt_top_i/diablo_gt.diablo_gt_phy_wrapper/phy_clk_i/bufg_gt_coreclk/O
    X1Y0 (CLOCK_ROOT)    net (fo=20543, routed)       1.131     1.270    u_pcie_xdma/inst/pcie4_ip_i/inst/xdma_0_pcie4_ip_pcie_4_0_pipe_inst/pcie_4_0_init_ctrl_inst/PHY_CORECLK
    SLICE_X101Y21        FDRE                                         r  u_pcie_xdma/inst/pcie4_ip_i/inst/xdma_0_pcie4_ip_pcie_4_0_pipe_inst/pcie_4_0_init_ctrl_inst/reg_reset_timer_reg[0]/C
                         clock pessimism             -0.001     1.269    
    SLICE_X101Y21        FDRE (Hold_HFF_SLICEM_C_R)
                                                     -0.010     1.259    u_pcie_xdma/inst/pcie4_ip_i/inst/xdma_0_pcie4_ip_pcie_4_0_pipe_inst/pcie_4_0_init_ctrl_inst/reg_reset_timer_reg[0]
  -------------------------------------------------------------------
                         required time                         -1.259    
                         arrival time                           1.687    
  -------------------------------------------------------------------
                         slack                                  0.428    





---------------------------------------------------------------------------------------------------
From Clock:  pcie_axi_aclk
  To Clock:  pipe_clk

Setup :            0  Failing Endpoints,  Worst Slack        3.071ns,  Total Violation        0.000ns
Hold  :            0  Failing Endpoints,  Worst Slack        0.045ns,  Total Violation        0.000ns
---------------------------------------------------------------------------------------------------


Max Delay Paths
--------------------------------------------------------------------------------------
Slack (MET) :             3.071ns  (required time - arrival time)
  Source:                 u_pcie_xdma/inst/pcie4_ip_i/inst/as_mac_in_detect_user_reg/C
                            (rising edge-triggered cell FDPE clocked by pcie_axi_aclk  {rise@0.000ns fall@2.000ns period=4.000ns})
  Destination:            u_pcie_xdma/inst/pcie4_ip_i/inst/as_mac_in_detect_ff_reg/D
                            (rising edge-triggered cell FDPE clocked by pipe_clk  {rise@0.000ns fall@2.000ns period=4.000ns})
  Path Group:             pipe_clk
  Path Type:              Setup (Max at Slow Process Corner)
  Requirement:            4.000ns  (pipe_clk rise@4.000ns - pcie_axi_aclk rise@0.000ns)
  Data Path Delay:        0.683ns  (logic 0.098ns (14.348%)  route 0.585ns (85.652%))
  Logic Levels:           0  
  Clock Path Skew:        -0.227ns (DCD - SCD + CPR)
    Destination Clock Delay (DCD):    1.996ns = ( 5.996 - 4.000 ) 
    Source Clock Delay      (SCD):    2.224ns
    Clock Pessimism Removal (CPR):    0.001ns
  Clock Uncertainty:      0.046ns  ((TSJ^2 + DJ^2)^1/2) / 2 + PE
    Total System Jitter     (TSJ):    0.071ns
    Discrete Jitter          (DJ):    0.060ns
    Phase Error              (PE):    0.000ns
  Clock Net Delay (Source):      1.995ns (routing 0.796ns, distribution 1.199ns)
  Clock Net Delay (Destination): 1.792ns (routing 0.734ns, distribution 1.058ns)

    Location             Delay type                Incr(ns)  Path(ns)    Netlist Resource(s)
  -------------------------------------------------------------------    -------------------
                         (clock pcie_axi_aclk rise edge)
                                                      0.000     0.000 r  
    GTYE4_CHANNEL_X0Y3   GTYE4_CHANNEL                0.000     0.000 r  u_pcie_xdma/inst/pcie4_ip_i/inst/xdma_0_pcie4_ip_gt_top_i/diablo_gt.diablo_gt_phy_wrapper/gt_wizard.gtwizard_top_i/xdma_0_pcie4_ip_gt_i/inst/gen_gtwizard_gtye4_top.xdma_0_pcie4_ip_gt_gtwizard_gtye4_inst/gen_gtwizard_gtye4.gen_channel_container[3].gen_enabled_channel.gtye4_channel_wrapper_inst/channel_inst/gtye4_channel_gen.gen_gtye4_channel_inst[3].GTYE4_CHANNEL_PRIM_INST/TXOUTCLK
                         net (fo=6, routed)           0.090     0.090    u_pcie_xdma/inst/pcie4_ip_i/inst/xdma_0_pcie4_ip_gt_top_i/diablo_gt.diablo_gt_phy_wrapper/phy_clk_i/CLK_TXOUTCLK
    BUFG_GT_X0Y18        BUFG_GT (Prop_BUFG_GT_I_O)
                                                      0.139     0.229 r  u_pcie_xdma/inst/pcie4_ip_i/inst/xdma_0_pcie4_ip_gt_top_i/diablo_gt.diablo_gt_phy_wrapper/phy_clk_i/bufg_gt_coreclk/O
    X1Y0 (CLOCK_ROOT)    net (fo=20543, routed)       1.995     2.224    u_pcie_xdma/inst/pcie4_ip_i/inst/user_clk
    SLICE_X101Y18        FDPE                                         r  u_pcie_xdma/inst/pcie4_ip_i/inst/as_mac_in_detect_user_reg/C
  -------------------------------------------------------------------    -------------------
    SLICE_X101Y18        FDPE (Prop_DFF2_SLICEM_C_Q)
                                                      0.098     2.322 r  u_pcie_xdma/inst/pcie4_ip_i/inst/as_mac_in_detect_user_reg/Q
                         net (fo=1, routed)           0.585     2.907    u_pcie_xdma/inst/pcie4_ip_i/inst/as_mac_in_detect_user
    SLICE_X102Y17        FDPE                                         r  u_pcie_xdma/inst/pcie4_ip_i/inst/as_mac_in_detect_ff_reg/D
  -------------------------------------------------------------------    -------------------

                         (clock pipe_clk rise edge)
                                                      4.000     4.000 r  
    GTYE4_CHANNEL_X0Y3   GTYE4_CHANNEL                0.000     4.000 r  u_pcie_xdma/inst/pcie4_ip_i/inst/xdma_0_pcie4_ip_gt_top_i/diablo_gt.diablo_gt_phy_wrapper/gt_wizard.gtwizard_top_i/xdma_0_pcie4_ip_gt_i/inst/gen_gtwizard_gtye4_top.xdma_0_pcie4_ip_gt_gtwizard_gtye4_inst/gen_gtwizard_gtye4.gen_channel_container[3].gen_enabled_channel.gtye4_channel_wrapper_inst/channel_inst/gtye4_channel_gen.gen_gtye4_channel_inst[3].GTYE4_CHANNEL_PRIM_INST/TXOUTCLK
                         net (fo=6, routed)           0.082     4.082    u_pcie_xdma/inst/pcie4_ip_i/inst/xdma_0_pcie4_ip_gt_top_i/diablo_gt.diablo_gt_phy_wrapper/phy_clk_i/CLK_TXOUTCLK
    BUFG_GT_X0Y12        BUFG_GT (Prop_BUFG_GT_I_O)
                                                      0.122     4.204 r  u_pcie_xdma/inst/pcie4_ip_i/inst/xdma_0_pcie4_ip_gt_top_i/diablo_gt.diablo_gt_phy_wrapper/phy_clk_i/bufg_gt_pclk/O
    X1Y0 (CLOCK_ROOT)    net (fo=1138, routed)        1.792     5.996    u_pcie_xdma/inst/pcie4_ip_i/inst/pipe_clk
    SLICE_X102Y17        FDPE                                         r  u_pcie_xdma/inst/pcie4_ip_i/inst/as_mac_in_detect_ff_reg/C
                         clock pessimism              0.001     5.997    
                         clock uncertainty           -0.046     5.951    
    SLICE_X102Y17        FDPE (Setup_EFF2_SLICEL_C_D)
                                                      0.027     5.978    u_pcie_xdma/inst/pcie4_ip_i/inst/as_mac_in_detect_ff_reg
  -------------------------------------------------------------------
                         required time                          5.978    
                         arrival time                          -2.907    
  -------------------------------------------------------------------
                         slack                                  3.071    





Min Delay Paths
--------------------------------------------------------------------------------------
Slack (MET) :             0.045ns  (arrival time - required time)
  Source:                 u_pcie_xdma/inst/pcie4_ip_i/inst/as_mac_in_detect_user_reg/C
                            (rising edge-triggered cell FDPE clocked by pcie_axi_aclk  {rise@0.000ns fall@2.000ns period=4.000ns})
  Destination:            u_pcie_xdma/inst/pcie4_ip_i/inst/as_mac_in_detect_ff_reg/D
                            (rising edge-triggered cell FDPE clocked by pipe_clk  {rise@0.000ns fall@2.000ns period=4.000ns})
  Path Group:             pipe_clk
  Path Type:              Hold (Min at Slow Process Corner)
  Requirement:            0.000ns  (pipe_clk rise@0.000ns - pcie_axi_aclk rise@0.000ns)
  Data Path Delay:        0.393ns  (logic 0.073ns (18.575%)  route 0.320ns (81.425%))
  Logic Levels:           0  
  Clock Path Skew:        0.293ns (DCD - SCD - CPR)
    Destination Clock Delay (DCD):    2.257ns
    Source Clock Delay      (SCD):    1.963ns
    Clock Pessimism Removal (CPR):    0.001ns
  Clock Net Delay (Source):      1.759ns (routing 0.723ns, distribution 1.036ns)
  Clock Net Delay (Destination): 2.028ns (routing 0.805ns, distribution 1.223ns)

    Location             Delay type                Incr(ns)  Path(ns)    Netlist Resource(s)
  -------------------------------------------------------------------    -------------------
                         (clock pcie_axi_aclk rise edge)
                                                      0.000     0.000 r  
    GTYE4_CHANNEL_X0Y3   GTYE4_CHANNEL                0.000     0.000 r  u_pcie_xdma/inst/pcie4_ip_i/inst/xdma_0_pcie4_ip_gt_top_i/diablo_gt.diablo_gt_phy_wrapper/gt_wizard.gtwizard_top_i/xdma_0_pcie4_ip_gt_i/inst/gen_gtwizard_gtye4_top.xdma_0_pcie4_ip_gt_gtwizard_gtye4_inst/gen_gtwizard_gtye4.gen_channel_container[3].gen_enabled_channel.gtye4_channel_wrapper_inst/channel_inst/gtye4_channel_gen.gen_gtye4_channel_inst[3].GTYE4_CHANNEL_PRIM_INST/TXOUTCLK
                         net (fo=6, routed)           0.082     0.082    u_pcie_xdma/inst/pcie4_ip_i/inst/xdma_0_pcie4_ip_gt_top_i/diablo_gt.diablo_gt_phy_wrapper/phy_clk_i/CLK_TXOUTCLK
    BUFG_GT_X0Y18        BUFG_GT (Prop_BUFG_GT_I_O)
                                                      0.122     0.204 r  u_pcie_xdma/inst/pcie4_ip_i/inst/xdma_0_pcie4_ip_gt_top_i/diablo_gt.diablo_gt_phy_wrapper/phy_clk_i/bufg_gt_coreclk/O
    X1Y0 (CLOCK_ROOT)    net (fo=20543, routed)       1.759     1.963    u_pcie_xdma/inst/pcie4_ip_i/inst/user_clk
    SLICE_X101Y18        FDPE                                         r  u_pcie_xdma/inst/pcie4_ip_i/inst/as_mac_in_detect_user_reg/C
  -------------------------------------------------------------------    -------------------
    SLICE_X101Y18        FDPE (Prop_DFF2_SLICEM_C_Q)
                                                      0.073     2.036 r  u_pcie_xdma/inst/pcie4_ip_i/inst/as_mac_in_detect_user_reg/Q
                         net (fo=1, routed)           0.320     2.356    u_pcie_xdma/inst/pcie4_ip_i/inst/as_mac_in_detect_user
    SLICE_X102Y17        FDPE                                         r  u_pcie_xdma/inst/pcie4_ip_i/inst/as_mac_in_detect_ff_reg/D
  -------------------------------------------------------------------    -------------------

                         (clock pipe_clk rise edge)
                                                      0.000     0.000 r  
    GTYE4_CHANNEL_X0Y3   GTYE4_CHANNEL                0.000     0.000 r  u_pcie_xdma/inst/pcie4_ip_i/inst/xdma_0_pcie4_ip_gt_top_i/diablo_gt.diablo_gt_phy_wrapper/gt_wizard.gtwizard_top_i/xdma_0_pcie4_ip_gt_i/inst/gen_gtwizard_gtye4_top.xdma_0_pcie4_ip_gt_gtwizard_gtye4_inst/gen_gtwizard_gtye4.gen_channel_container[3].gen_enabled_channel.gtye4_channel_wrapper_inst/channel_inst/gtye4_channel_gen.gen_gtye4_channel_inst[3].GTYE4_CHANNEL_PRIM_INST/TXOUTCLK
                         net (fo=6, routed)           0.090     0.090    u_pcie_xdma/inst/pcie4_ip_i/inst/xdma_0_pcie4_ip_gt_top_i/diablo_gt.diablo_gt_phy_wrapper/phy_clk_i/CLK_TXOUTCLK
    BUFG_GT_X0Y12        BUFG_GT (Prop_BUFG_GT_I_O)
                                                      0.139     0.229 r  u_pcie_xdma/inst/pcie4_ip_i/inst/xdma_0_pcie4_ip_gt_top_i/diablo_gt.diablo_gt_phy_wrapper/phy_clk_i/bufg_gt_pclk/O
    X1Y0 (CLOCK_ROOT)    net (fo=1138, routed)        2.028     2.257    u_pcie_xdma/inst/pcie4_ip_i/inst/pipe_clk
    SLICE_X102Y17        FDPE                                         r  u_pcie_xdma/inst/pcie4_ip_i/inst/as_mac_in_detect_ff_reg/C
                         clock pessimism             -0.001     2.256    
    SLICE_X102Y17        FDPE (Hold_EFF2_SLICEL_C_D)
                                                      0.055     2.311    u_pcie_xdma/inst/pcie4_ip_i/inst/as_mac_in_detect_ff_reg
  -------------------------------------------------------------------
                         required time                         -2.311    
                         arrival time                           2.356    
  -------------------------------------------------------------------
                         slack                                  0.045    





---------------------------------------------------------------------------------------------------
Path Group:  **async_default**
From Clock:  g_hw.clk_out0
  To Clock:  g_hw.clk_out0

Setup :            0  Failing Endpoints,  Worst Slack        0.758ns,  Total Violation        0.000ns
Hold  :            0  Failing Endpoints,  Worst Slack        0.177ns,  Total Violation        0.000ns
---------------------------------------------------------------------------------------------------


Max Delay Paths
--------------------------------------------------------------------------------------
Slack (MET) :             0.758ns  (required time - arrival time)
  Source:                 u_clkgen/rel_sr_reg[3]/C
                            (rising edge-triggered cell FDCE clocked by g_hw.clk_out0  {rise@0.000ns fall@3.200ns period=6.400ns})
  Destination:            u_cam/dport_r_reg[12][10]/CLR
                            (recovery check against rising-edge clock g_hw.clk_out0  {rise@0.000ns fall@3.200ns period=6.400ns})
  Path Group:             **async_default**
  Path Type:              Recovery (Max at Slow Process Corner)
  Requirement:            6.400ns  (g_hw.clk_out0 rise@6.400ns - g_hw.clk_out0 rise@0.000ns)
  Data Path Delay:        5.428ns  (logic 0.127ns (2.340%)  route 5.301ns (97.660%))
  Logic Levels:           1  (BUFGCE=1)
  Clock Path Skew:        -0.080ns (DCD - SCD + CPR)
    Destination Clock Delay (DCD):    4.849ns = ( 11.249 - 6.400 ) 
    Source Clock Delay      (SCD):    4.594ns
    Clock Pessimism Removal (CPR):    -0.335ns
  Clock Uncertainty:      0.062ns  ((TSJ^2 + DJ^2)^1/2) / 2 + PE
    Total System Jitter     (TSJ):    0.071ns
    Discrete Jitter          (DJ):    0.101ns
    Phase Error              (PE):    0.000ns
  Clock Net Delay (Source):      1.747ns (routing 0.615ns, distribution 1.132ns)
  Clock Net Delay (Destination): 1.613ns (routing 0.561ns, distribution 1.052ns)

    Location             Delay type                Incr(ns)  Path(ns)    Netlist Resource(s)
  -------------------------------------------------------------------    -------------------
                         (clock g_hw.clk_out0 rise edge)
                                                      0.000     0.000 r  
    T25                                               0.000     0.000 r  sys_clk_p (IN)
                         net (fo=0)                   0.100     0.100    u_clkgen/g_hw.u_ibufds/I
    HPIOBDIFFINBUF_X0Y37 DIFFINBUF (Prop_DIFFINBUF_HPIOBDIFFINBUF_DIFF_IN_P_O)
                                                      0.479     0.579 r  u_clkgen/g_hw.u_ibufds/DIFFINBUF_INST/O
                         net (fo=1, routed)           0.050     0.629    u_clkgen/g_hw.u_ibufds/OUT
    T25                  IBUFCTRL (Prop_IBUFCTRL_HPIOB_M_I_O)
                                                      0.000     0.629 r  u_clkgen/g_hw.u_ibufds/IBUFCTRL_INST/O
                         net (fo=1, routed)           0.343     0.972    u_clkgen/g_hw.clk_in_ibuf
    BUFGCE_X0Y31         BUFGCE (Prop_BUFCE_BUFGCE_I_O)
                                                      0.028     1.000 r  u_clkgen/g_hw.u_bufg_in/O
                         net (fo=485, routed)         1.670     2.670    u_clkgen/clk_in_100
    MMCM_X0Y1            MMCME4_ADV (Prop_MMCM_CLKIN1_CLKOUT0)
                                                     -0.106     2.564 r  u_clkgen/g_hw.u_mmcm/CLKOUT0
                         net (fo=1, routed)           0.255     2.819    u_clkgen/g_hw.clk_out0
    BUFGCE_X0Y32         BUFGCE (Prop_BUFCE_BUFGCE_I_O)
                                                      0.028     2.847 r  u_clkgen/g_hw.u_bufg_out/O
    X1Y1 (CLOCK_ROOT)    net (fo=48006, routed)       1.747     4.594    u_clkgen/dp_clk
    SLICE_X39Y46         FDCE                                         r  u_clkgen/rel_sr_reg[3]/C
  -------------------------------------------------------------------    -------------------
    SLICE_X39Y46         FDCE (Prop_GFF2_SLICEL_C_Q)
                                                      0.099     4.693 r  u_clkgen/rel_sr_reg[3]/Q
                         net (fo=2043, routed)        3.736     8.429    u_clkgen/rel_sr[3]_bufg_place
    BUFGCE_X0Y26         BUFGCE (Prop_BUFCE_BUFGCE_I_O)
                                                      0.028     8.457 r  u_clkgen/rel_sr_reg[3]_bufg_place/O
                         net (fo=17541, routed)       1.565    10.022    u_cam/dp_rst_dp
    SLICE_X50Y180        FDCE                                         f  u_cam/dport_r_reg[12][10]/CLR  (IS_INVERTED)
  -------------------------------------------------------------------    -------------------

                         (clock g_hw.clk_out0 rise edge)
                                                      6.400     6.400 r  
    T25                                               0.000     6.400 r  sys_clk_p (IN)
                         net (fo=0)                   0.079     6.479    u_clkgen/g_hw.u_ibufds/I
    HPIOBDIFFINBUF_X0Y37 DIFFINBUF (Prop_DIFFINBUF_HPIOBDIFFINBUF_DIFF_IN_P_O)
                                                      0.398     6.877 r  u_clkgen/g_hw.u_ibufds/DIFFINBUF_INST/O
                         net (fo=1, routed)           0.040     6.917    u_clkgen/g_hw.u_ibufds/OUT
    T25                  IBUFCTRL (Prop_IBUFCTRL_HPIOB_M_I_O)
                                                      0.000     6.917 r  u_clkgen/g_hw.u_ibufds/IBUFCTRL_INST/O
                         net (fo=1, routed)           0.303     7.220    u_clkgen/g_hw.clk_in_ibuf
    BUFGCE_X0Y31         BUFGCE (Prop_BUFCE_BUFGCE_I_O)
                                                      0.024     7.244 r  u_clkgen/g_hw.u_bufg_in/O
                         net (fo=485, routed)         1.497     8.741    u_clkgen/clk_in_100
    MMCM_X0Y1            MMCME4_ADV (Prop_MMCM_CLKIN1_CLKOUT0)
                                                      0.644     9.385 r  u_clkgen/g_hw.u_mmcm/CLKOUT0
                         net (fo=1, routed)           0.227     9.612    u_clkgen/g_hw.clk_out0
    BUFGCE_X0Y32         BUFGCE (Prop_BUFCE_BUFGCE_I_O)
                                                      0.024     9.636 r  u_clkgen/g_hw.u_bufg_out/O
    X1Y1 (CLOCK_ROOT)    net (fo=48006, routed)       1.613    11.249    u_cam/dp_clk
    SLICE_X50Y180        FDCE                                         r  u_cam/dport_r_reg[12][10]/C
                         clock pessimism             -0.335    10.914    
                         clock uncertainty           -0.062    10.852    
    SLICE_X50Y180        FDCE (Recov_AFF_SLICEM_C_CLR)
                                                     -0.072    10.780    u_cam/dport_r_reg[12][10]
  -------------------------------------------------------------------
                         required time                         10.780    
                         arrival time                         -10.022    
  -------------------------------------------------------------------
                         slack                                  0.758    





Min Delay Paths
--------------------------------------------------------------------------------------
Slack (MET) :             0.177ns  (arrival time - required time)
  Source:                 u_rxcdc/rd_rst_sync_reg[1]/C
                            (rising edge-triggered cell FDCE clocked by g_hw.clk_out0  {rise@0.000ns fall@3.200ns period=6.400ns})
  Destination:            u_rxcdc/rbin_r_reg[5]/CLR
                            (removal check against rising-edge clock g_hw.clk_out0  {rise@0.000ns fall@3.200ns period=6.400ns})
  Path Group:             **async_default**
  Path Type:              Removal (Min at Fast Process Corner)
  Requirement:            0.000ns  (g_hw.clk_out0 rise@0.000ns - g_hw.clk_out0 rise@0.000ns)
  Data Path Delay:        0.176ns  (logic 0.040ns (22.769%)  route 0.136ns (77.231%))
  Logic Levels:           0  
  Clock Path Skew:        0.019ns (DCD - SCD - CPR)
    Destination Clock Delay (DCD):    2.508ns
    Source Clock Delay      (SCD):    2.636ns
    Clock Pessimism Removal (CPR):    -0.147ns
  Clock Net Delay (Source):      0.882ns (routing 0.312ns, distribution 0.570ns)
  Clock Net Delay (Destination): 0.999ns (routing 0.345ns, distribution 0.654ns)

    Location             Delay type                Incr(ns)  Path(ns)    Netlist Resource(s)
  -------------------------------------------------------------------    -------------------
                         (clock g_hw.clk_out0 rise edge)
                                                      0.000     0.000 r  
    T25                                               0.000     0.000 r  sys_clk_p (IN)
                         net (fo=0)                   0.079     0.079    u_clkgen/g_hw.u_ibufds/I
    HPIOBDIFFINBUF_X0Y37 DIFFINBUF (Prop_DIFFINBUF_HPIOBDIFFINBUF_DIFF_IN_P_O)
                                                      0.230     0.309 r  u_clkgen/g_hw.u_ibufds/DIFFINBUF_INST/O
                         net (fo=1, routed)           0.040     0.349    u_clkgen/g_hw.u_ibufds/OUT
    T25                  IBUFCTRL (Prop_IBUFCTRL_HPIOB_M_I_O)
                                                      0.000     0.349 r  u_clkgen/g_hw.u_ibufds/IBUFCTRL_INST/O
                         net (fo=1, routed)           0.150     0.499    u_clkgen/g_hw.clk_in_ibuf
    BUFGCE_X0Y31         BUFGCE (Prop_BUFCE_BUFGCE_I_O)
                                                      0.017     0.516 r  u_clkgen/g_hw.u_bufg_in/O
                         net (fo=485, routed)         0.846     1.362    u_clkgen/clk_in_100
    MMCM_X0Y1            MMCME4_ADV (Prop_MMCM_CLKIN1_CLKOUT0)
                                                      0.230     1.592 r  u_clkgen/g_hw.u_mmcm/CLKOUT0
                         net (fo=1, routed)           0.145     1.737    u_clkgen/g_hw.clk_out0
    BUFGCE_X0Y32         BUFGCE (Prop_BUFCE_BUFGCE_I_O)
                                                      0.017     1.754 r  u_clkgen/g_hw.u_bufg_out/O
    X1Y1 (CLOCK_ROOT)    net (fo=48006, routed)       0.882     2.636    u_rxcdc/dp_clk
    SLICE_X43Y20         FDCE                                         r  u_rxcdc/rd_rst_sync_reg[1]/C
  -------------------------------------------------------------------    -------------------
    SLICE_X43Y20         FDCE (Prop_AFF2_SLICEL_C_Q)
                                                      0.040     2.676 r  u_rxcdc/rd_rst_sync_reg[1]/Q
                         net (fo=53, routed)          0.136     2.812    u_rxcdc/rd_rst_sync[1]
    SLICE_X43Y17         FDCE                                         f  u_rxcdc/rbin_r_reg[5]/CLR  (IS_INVERTED)
  -------------------------------------------------------------------    -------------------

                         (clock g_hw.clk_out0 rise edge)
                                                      0.000     0.000 r  
    T25                                               0.000     0.000 r  sys_clk_p (IN)
                         net (fo=0)                   0.100     0.100    u_clkgen/g_hw.u_ibufds/I
    HPIOBDIFFINBUF_X0Y37 DIFFINBUF (Prop_DIFFINBUF_HPIOBDIFFINBUF_DIFF_IN_P_O)
                                                      0.328     0.428 r  u_clkgen/g_hw.u_ibufds/DIFFINBUF_INST/O
                         net (fo=1, routed)           0.050     0.478    u_clkgen/g_hw.u_ibufds/OUT
    T25                  IBUFCTRL (Prop_IBUFCTRL_HPIOB_M_I_O)
                                                      0.000     0.478 r  u_clkgen/g_hw.u_ibufds/IBUFCTRL_INST/O
                         net (fo=1, routed)           0.183     0.661    u_clkgen/g_hw.clk_in_ibuf
    BUFGCE_X0Y31         BUFGCE (Prop_BUFCE_BUFGCE_I_O)
                                                      0.019     0.680 r  u_clkgen/g_hw.u_bufg_in/O
                         net (fo=485, routed)         0.940     1.620    u_clkgen/clk_in_100
    MMCM_X0Y1            MMCME4_ADV (Prop_MMCM_CLKIN1_CLKOUT0)
                                                     -0.295     1.325 r  u_clkgen/g_hw.u_mmcm/CLKOUT0
                         net (fo=1, routed)           0.165     1.490    u_clkgen/g_hw.clk_out0
    BUFGCE_X0Y32         BUFGCE (Prop_BUFCE_BUFGCE_I_O)
                                                      0.019     1.509 r  u_clkgen/g_hw.u_bufg_out/O
    X1Y1 (CLOCK_ROOT)    net (fo=48006, routed)       0.999     2.508    u_rxcdc/dp_clk
    SLICE_X43Y17         FDCE                                         r  u_rxcdc/rbin_r_reg[5]/C
                         clock pessimism              0.147     2.655    
    SLICE_X43Y17         FDCE (Remov_DFF_SLICEL_C_CLR)
                                                     -0.020     2.635    u_rxcdc/rbin_r_reg[5]
  -------------------------------------------------------------------
                         required time                         -2.635    
                         arrival time                           2.812    
  -------------------------------------------------------------------
                         slack                                  0.177    





---------------------------------------------------------------------------------------------------
Path Group:  **async_default**
From Clock:  pcie_axi_aclk
  To Clock:  pcie_axi_aclk

Setup :            0  Failing Endpoints,  Worst Slack        0.158ns,  Total Violation        0.000ns
Hold  :            0  Failing Endpoints,  Worst Slack        0.157ns,  Total Violation        0.000ns
---------------------------------------------------------------------------------------------------


Max Delay Paths
--------------------------------------------------------------------------------------
Slack (MET) :             0.158ns  (required time - arrival time)
  Source:                 u_pcie_xdma/inst/pcie4_ip_i/inst/user_reset_reg/C
                            (rising edge-triggered cell FDPE clocked by pcie_axi_aclk  {rise@0.000ns fall@2.000ns period=4.000ns})
  Destination:            u_pcie_regs/snap_words_r_reg[592]/CLR
                            (recovery check against rising-edge clock pcie_axi_aclk  {rise@0.000ns fall@2.000ns period=4.000ns})
  Path Group:             **async_default**
  Path Type:              Recovery (Max at Slow Process Corner)
  Requirement:            4.000ns  (pcie_axi_aclk rise@4.000ns - pcie_axi_aclk rise@0.000ns)
  Data Path Delay:        3.661ns  (logic 0.096ns (2.622%)  route 3.565ns (97.378%))
  Logic Levels:           0  
  Clock Path Skew:        -0.063ns (DCD - SCD + CPR)
    Destination Clock Delay (DCD):    1.854ns = ( 5.854 - 4.000 ) 
    Source Clock Delay      (SCD):    2.063ns
    Clock Pessimism Removal (CPR):    0.146ns
  Clock Uncertainty:      0.046ns  ((TSJ^2 + DJ^2)^1/2) / 2 + PE
    Total System Jitter     (TSJ):    0.071ns
    Discrete Jitter          (DJ):    0.060ns
    Phase Error              (PE):    0.000ns
  Clock Net Delay (Source):      1.834ns (routing 0.796ns, distribution 1.038ns)
  Clock Net Delay (Destination): 1.650ns (routing 0.723ns, distribution 0.927ns)

    Location             Delay type                Incr(ns)  Path(ns)    Netlist Resource(s)
  -------------------------------------------------------------------    -------------------
                         (clock pcie_axi_aclk rise edge)
                                                      0.000     0.000 r  
    GTYE4_CHANNEL_X0Y3   GTYE4_CHANNEL                0.000     0.000 r  u_pcie_xdma/inst/pcie4_ip_i/inst/xdma_0_pcie4_ip_gt_top_i/diablo_gt.diablo_gt_phy_wrapper/gt_wizard.gtwizard_top_i/xdma_0_pcie4_ip_gt_i/inst/gen_gtwizard_gtye4_top.xdma_0_pcie4_ip_gt_gtwizard_gtye4_inst/gen_gtwizard_gtye4.gen_channel_container[3].gen_enabled_channel.gtye4_channel_wrapper_inst/channel_inst/gtye4_channel_gen.gen_gtye4_channel_inst[3].GTYE4_CHANNEL_PRIM_INST/TXOUTCLK
                         net (fo=6, routed)           0.090     0.090    u_pcie_xdma/inst/pcie4_ip_i/inst/xdma_0_pcie4_ip_gt_top_i/diablo_gt.diablo_gt_phy_wrapper/phy_clk_i/CLK_TXOUTCLK
    BUFG_GT_X0Y18        BUFG_GT (Prop_BUFG_GT_I_O)
                                                      0.139     0.229 r  u_pcie_xdma/inst/pcie4_ip_i/inst/xdma_0_pcie4_ip_gt_top_i/diablo_gt.diablo_gt_phy_wrapper/phy_clk_i/bufg_gt_coreclk/O
    X1Y0 (CLOCK_ROOT)    net (fo=20543, routed)       1.834     2.063    u_pcie_xdma/inst/pcie4_ip_i/inst/user_clk
    SLICE_X60Y69         FDPE                                         r  u_pcie_xdma/inst/pcie4_ip_i/inst/user_reset_reg/C
  -------------------------------------------------------------------    -------------------
    SLICE_X60Y69         FDPE (Prop_AFF_SLICEL_C_Q)
                                                      0.096     2.159 f  u_pcie_xdma/inst/pcie4_ip_i/inst/user_reset_reg/Q
                         net (fo=4944, routed)        3.565     5.724    u_pcie_regs/bbstub_axi_aresetn
    SLICE_X23Y86         FDCE                                         f  u_pcie_regs/snap_words_r_reg[592]/CLR
  -------------------------------------------------------------------    -------------------

                         (clock pcie_axi_aclk rise edge)
                                                      4.000     4.000 r  
    GTYE4_CHANNEL_X0Y3   GTYE4_CHANNEL                0.000     4.000 r  u_pcie_xdma/inst/pcie4_ip_i/inst/xdma_0_pcie4_ip_gt_top_i/diablo_gt.diablo_gt_phy_wrapper/gt_wizard.gtwizard_top_i/xdma_0_pcie4_ip_gt_i/inst/gen_gtwizard_gtye4_top.xdma_0_pcie4_ip_gt_gtwizard_gtye4_inst/gen_gtwizard_gtye4.gen_channel_container[3].gen_enabled_channel.gtye4_channel_wrapper_inst/channel_inst/gtye4_channel_gen.gen_gtye4_channel_inst[3].GTYE4_CHANNEL_PRIM_INST/TXOUTCLK
                         net (fo=6, routed)           0.082     4.082    u_pcie_xdma/inst/pcie4_ip_i/inst/xdma_0_pcie4_ip_gt_top_i/diablo_gt.diablo_gt_phy_wrapper/phy_clk_i/CLK_TXOUTCLK
    BUFG_GT_X0Y18        BUFG_GT (Prop_BUFG_GT_I_O)
                                                      0.122     4.204 r  u_pcie_xdma/inst/pcie4_ip_i/inst/xdma_0_pcie4_ip_gt_top_i/diablo_gt.diablo_gt_phy_wrapper/phy_clk_i/bufg_gt_coreclk/O
    X1Y0 (CLOCK_ROOT)    net (fo=20543, routed)       1.650     5.854    u_pcie_regs/axi_aclk
    SLICE_X23Y86         FDCE                                         r  u_pcie_regs/snap_words_r_reg[592]/C
                         clock pessimism              0.146     6.000    
                         clock uncertainty           -0.046     5.954    
    SLICE_X23Y86         FDCE (Recov_EFF_SLICEL_C_CLR)
                                                     -0.072     5.882    u_pcie_regs/snap_words_r_reg[592]
  -------------------------------------------------------------------
                         required time                          5.882    
                         arrival time                          -5.724    
  -------------------------------------------------------------------
                         slack                                  0.158    





Min Delay Paths
--------------------------------------------------------------------------------------
Slack (MET) :             0.157ns  (arrival time - required time)
  Source:                 u_pcie_xdma/inst/pcie4_ip_i/inst/xdma_0_pcie4_ip_pcie_4_0_pipe_inst/pcie_4_0_init_ctrl_inst/reg_phy_rdy_reg[1]/C
                            (rising edge-triggered cell FDRE clocked by pcie_axi_aclk  {rise@0.000ns fall@2.000ns period=4.000ns})
  Destination:            u_pcie_xdma/inst/pcie4_ip_i/inst/xdma_0_pcie4_ip_pcie_4_0_pipe_inst/pcie_4_0_init_ctrl_inst/mgmt_reset_n_2_reg/CLR
                            (removal check against rising-edge clock pcie_axi_aclk  {rise@0.000ns fall@2.000ns period=4.000ns})
  Path Group:             **async_default**
  Path Type:              Removal (Min at Fast Process Corner)
  Requirement:            0.000ns  (pcie_axi_aclk rise@0.000ns - pcie_axi_aclk rise@0.000ns)
  Data Path Delay:        0.162ns  (logic 0.040ns (24.708%)  route 0.122ns (75.292%))
  Logic Levels:           0  
  Clock Path Skew:        0.025ns (DCD - SCD - CPR)
    Destination Clock Delay (DCD):    1.275ns
    Source Clock Delay      (SCD):    1.130ns
    Clock Pessimism Removal (CPR):    0.120ns
  Clock Net Delay (Source):      1.005ns (routing 0.402ns, distribution 0.603ns)
  Clock Net Delay (Destination): 1.136ns (routing 0.442ns, distribution 0.694ns)

    Location             Delay type                Incr(ns)  Path(ns)    Netlist Resource(s)
  -------------------------------------------------------------------    -------------------
                         (clock pcie_axi_aclk rise edge)
                                                      0.000     0.000 r  
    GTYE4_CHANNEL_X0Y3   GTYE4_CHANNEL                0.000     0.000 r  u_pcie_xdma/inst/pcie4_ip_i/inst/xdma_0_pcie4_ip_gt_top_i/diablo_gt.diablo_gt_phy_wrapper/gt_wizard.gtwizard_top_i/xdma_0_pcie4_ip_gt_i/inst/gen_gtwizard_gtye4_top.xdma_0_pcie4_ip_gt_gtwizard_gtye4_inst/gen_gtwizard_gtye4.gen_channel_container[3].gen_enabled_channel.gtye4_channel_wrapper_inst/channel_inst/gtye4_channel_gen.gen_gtye4_channel_inst[3].GTYE4_CHANNEL_PRIM_INST/TXOUTCLK
                         net (fo=6, routed)           0.052     0.052    u_pcie_xdma/inst/pcie4_ip_i/inst/xdma_0_pcie4_ip_gt_top_i/diablo_gt.diablo_gt_phy_wrapper/phy_clk_i/CLK_TXOUTCLK
    BUFG_GT_X0Y18        BUFG_GT (Prop_BUFG_GT_I_O)
                                                      0.073     0.125 r  u_pcie_xdma/inst/pcie4_ip_i/inst/xdma_0_pcie4_ip_gt_top_i/diablo_gt.diablo_gt_phy_wrapper/phy_clk_i/bufg_gt_coreclk/O
    X1Y0 (CLOCK_ROOT)    net (fo=20543, routed)       1.005     1.130    u_pcie_xdma/inst/pcie4_ip_i/inst/xdma_0_pcie4_ip_pcie_4_0_pipe_inst/pcie_4_0_init_ctrl_inst/PHY_CORECLK
    SLICE_X100Y15        FDRE                                         r  u_pcie_xdma/inst/pcie4_ip_i/inst/xdma_0_pcie4_ip_pcie_4_0_pipe_inst/pcie_4_0_init_ctrl_inst/reg_phy_rdy_reg[1]/C
  -------------------------------------------------------------------    -------------------
    SLICE_X100Y15        FDRE (Prop_AFF2_SLICEL_C_Q)
                                                      0.040     1.170 r  u_pcie_xdma/inst/pcie4_ip_i/inst/xdma_0_pcie4_ip_pcie_4_0_pipe_inst/pcie_4_0_init_ctrl_inst/reg_phy_rdy_reg[1]/Q
                         net (fo=9, routed)           0.122     1.291    u_pcie_xdma/inst/pcie4_ip_i/inst/xdma_0_pcie4_ip_pcie_4_0_pipe_inst/pcie_4_0_init_ctrl_inst/reg_phy_rdy[1]
    SLICE_X100Y18        FDCE                                         f  u_pcie_xdma/inst/pcie4_ip_i/inst/xdma_0_pcie4_ip_pcie_4_0_pipe_inst/pcie_4_0_init_ctrl_inst/mgmt_reset_n_2_reg/CLR  (IS_INVERTED)
  -------------------------------------------------------------------    -------------------

                         (clock pcie_axi_aclk rise edge)
                                                      0.000     0.000 r  
    GTYE4_CHANNEL_X0Y3   GTYE4_CHANNEL                0.000     0.000 r  u_pcie_xdma/inst/pcie4_ip_i/inst/xdma_0_pcie4_ip_gt_top_i/diablo_gt.diablo_gt_phy_wrapper/gt_wizard.gtwizard_top_i/xdma_0_pcie4_ip_gt_i/inst/gen_gtwizard_gtye4_top.xdma_0_pcie4_ip_gt_gtwizard_gtye4_inst/gen_gtwizard_gtye4.gen_channel_container[3].gen_enabled_channel.gtye4_channel_wrapper_inst/channel_inst/gtye4_channel_gen.gen_gtye4_channel_inst[3].GTYE4_CHANNEL_PRIM_INST/TXOUTCLK
                         net (fo=6, routed)           0.057     0.057    u_pcie_xdma/inst/pcie4_ip_i/inst/xdma_0_pcie4_ip_gt_top_i/diablo_gt.diablo_gt_phy_wrapper/phy_clk_i/CLK_TXOUTCLK
    BUFG_GT_X0Y18        BUFG_GT (Prop_BUFG_GT_I_O)
                                                      0.082     0.139 r  u_pcie_xdma/inst/pcie4_ip_i/inst/xdma_0_pcie4_ip_gt_top_i/diablo_gt.diablo_gt_phy_wrapper/phy_clk_i/bufg_gt_coreclk/O
    X1Y0 (CLOCK_ROOT)    net (fo=20543, routed)       1.136     1.275    u_pcie_xdma/inst/pcie4_ip_i/inst/xdma_0_pcie4_ip_pcie_4_0_pipe_inst/pcie_4_0_init_ctrl_inst/PHY_CORECLK
    SLICE_X100Y18        FDCE                                         r  u_pcie_xdma/inst/pcie4_ip_i/inst/xdma_0_pcie4_ip_pcie_4_0_pipe_inst/pcie_4_0_init_ctrl_inst/mgmt_reset_n_2_reg/C
                         clock pessimism             -0.120     1.155    
    SLICE_X100Y18        FDCE (Remov_DFF_SLICEL_C_CLR)
                                                     -0.020     1.135    u_pcie_xdma/inst/pcie4_ip_i/inst/xdma_0_pcie4_ip_pcie_4_0_pipe_inst/pcie_4_0_init_ctrl_inst/mgmt_reset_n_2_reg
  -------------------------------------------------------------------
                         required time                         -1.135    
                         arrival time                           1.291    
  -------------------------------------------------------------------
                         slack                                  0.157    





---------------------------------------------------------------------------------------------------
Path Group:  **async_default**
From Clock:  pcie_ref_clk
  To Clock:  pcie_ref_clk

Setup :            0  Failing Endpoints,  Worst Slack        8.642ns,  Total Violation        0.000ns
Hold  :            0  Failing Endpoints,  Worst Slack        0.144ns,  Total Violation        0.000ns
---------------------------------------------------------------------------------------------------


Max Delay Paths
--------------------------------------------------------------------------------------
Slack (MET) :             8.642ns  (required time - arrival time)
  Source:                 u_pcie_xdma/inst/pcie4_ip_i/inst/sys_reset_in_async_rst_inst/arststages_ff_reg[1]/C
                            (rising edge-triggered cell FDCE clocked by pcie_ref_clk  {rise@0.000ns fall@5.000ns period=10.000ns})
  Destination:            u_pcie_xdma/inst/pcie4_ip_i/inst/xdma_0_pcie4_ip_gt_top_i/diablo_gt.diablo_gt_phy_wrapper/phy_rst_i/rst_n_internal_i_reg[0]/CLR
                            (recovery check against rising-edge clock pcie_ref_clk  {rise@0.000ns fall@5.000ns period=10.000ns})
  Path Group:             **async_default**
  Path Type:              Recovery (Max at Slow Process Corner)
  Requirement:            10.000ns  (pcie_ref_clk rise@10.000ns - pcie_ref_clk rise@0.000ns)
  Data Path Delay:        1.196ns  (logic 0.099ns (8.276%)  route 1.097ns (91.724%))
  Logic Levels:           0  
  Clock Path Skew:        -0.054ns (DCD - SCD + CPR)
    Destination Clock Delay (DCD):    1.656ns = ( 11.656 - 10.000 ) 
    Source Clock Delay      (SCD):    2.169ns
    Clock Pessimism Removal (CPR):    0.459ns
  Clock Uncertainty:      0.035ns  ((TSJ^2 + TIJ^2)^1/2 + DJ) / 2 + PE
    Total System Jitter     (TSJ):    0.071ns
    Total Input Jitter      (TIJ):    0.000ns
    Discrete Jitter          (DJ):    0.000ns
    Phase Error              (PE):    0.000ns
  Clock Net Delay (Source):      1.472ns (routing 0.513ns, distribution 0.959ns)
  Clock Net Delay (Destination): 1.329ns (routing 0.466ns, distribution 0.863ns)

    Location             Delay type                Incr(ns)  Path(ns)    Netlist Resource(s)
  -------------------------------------------------------------------    -------------------
                         (clock pcie_ref_clk rise edge)
                                                      0.000     0.000 r  
    GTYE4_COMMON_X0Y0                                 0.000     0.000 r  pcie_sys_clk_p (IN)
                         net (fo=0)                   0.000     0.000    pcie_sys_clk_p
    GTYE4_COMMON_X0Y0    IBUFDS_GTE4 (Prop_IBUFDS0_GTYE4_GTYE4_COMMON_I_ODIV2)
                                                      0.467     0.467 r  u_pcie_refclk/ODIV2
                         net (fo=2, routed)           0.091     0.558    u_pcie_xdma/inst/pcie4_ip_i/inst/sys_clk
    BUFG_GT_X0Y23        BUFG_GT (Prop_BUFG_GT_I_O)
                                                      0.139     0.697 r  u_pcie_xdma/inst/pcie4_ip_i/inst/bufg_gt_sysclk/O
    X2Y0 (CLOCK_ROOT)    net (fo=1779, routed)        1.472     2.169    u_pcie_xdma/inst/pcie4_ip_i/inst/sys_reset_in_async_rst_inst/dest_clk
    SLICE_X63Y9          FDCE                                         r  u_pcie_xdma/inst/pcie4_ip_i/inst/sys_reset_in_async_rst_inst/arststages_ff_reg[1]/C
  -------------------------------------------------------------------    -------------------
    SLICE_X63Y9          FDCE (Prop_AFF2_SLICEL_C_Q)
                                                      0.099     2.268 r  u_pcie_xdma/inst/pcie4_ip_i/inst/sys_reset_in_async_rst_inst/arststages_ff_reg[1]/Q
                         net (fo=7, routed)           1.097     3.365    u_pcie_xdma/inst/pcie4_ip_i/inst/xdma_0_pcie4_ip_gt_top_i/diablo_gt.diablo_gt_phy_wrapper/phy_rst_i/dest_arst
    SLICE_X95Y7          FDCE                                         f  u_pcie_xdma/inst/pcie4_ip_i/inst/xdma_0_pcie4_ip_gt_top_i/diablo_gt.diablo_gt_phy_wrapper/phy_rst_i/rst_n_internal_i_reg[0]/CLR  (IS_INVERTED)
  -------------------------------------------------------------------    -------------------

                         (clock pcie_ref_clk rise edge)
                                                     10.000    10.000 r  
    GTYE4_COMMON_X0Y0                                 0.000    10.000 r  pcie_sys_clk_p (IN)
                         net (fo=0)                   0.000    10.000    pcie_sys_clk_p
    GTYE4_COMMON_X0Y0    IBUFDS_GTE4 (Prop_IBUFDS0_GTYE4_GTYE4_COMMON_I_ODIV2)
                                                      0.122    10.122 r  u_pcie_refclk/ODIV2
                         net (fo=2, routed)           0.083    10.205    u_pcie_xdma/inst/pcie4_ip_i/inst/sys_clk
    BUFG_GT_X0Y23        BUFG_GT (Prop_BUFG_GT_I_O)
                                                      0.122    10.327 r  u_pcie_xdma/inst/pcie4_ip_i/inst/bufg_gt_sysclk/O
    X2Y0 (CLOCK_ROOT)    net (fo=1779, routed)        1.329    11.656    u_pcie_xdma/inst/pcie4_ip_i/inst/xdma_0_pcie4_ip_gt_top_i/diablo_gt.diablo_gt_phy_wrapper/phy_rst_i/sync_reg[3]
    SLICE_X95Y7          FDCE                                         r  u_pcie_xdma/inst/pcie4_ip_i/inst/xdma_0_pcie4_ip_gt_top_i/diablo_gt.diablo_gt_phy_wrapper/phy_rst_i/rst_n_internal_i_reg[0]/C
                         clock pessimism              0.459    12.115    
                         clock uncertainty           -0.035    12.079    
    SLICE_X95Y7          FDCE (Recov_DFF2_SLICEM_C_CLR)
                                                     -0.072    12.007    u_pcie_xdma/inst/pcie4_ip_i/inst/xdma_0_pcie4_ip_gt_top_i/diablo_gt.diablo_gt_phy_wrapper/phy_rst_i/rst_n_internal_i_reg[0]
  -------------------------------------------------------------------
                         required time                         12.007    
                         arrival time                          -3.365    
  -------------------------------------------------------------------
                         slack                                  8.642    





Min Delay Paths
--------------------------------------------------------------------------------------
Slack (MET) :             0.144ns  (arrival time - required time)
  Source:                 u_pcie_xdma/inst/pcie4_ip_i/inst/xdma_0_pcie4_ip_gt_top_i/diablo_gt.diablo_gt_phy_wrapper/gt_wizard.gtwizard_top_i/xdma_0_pcie4_ip_gt_i/inst/gen_gtwizard_gtye4_top.xdma_0_pcie4_ip_gt_gtwizard_gtye4_inst/gen_gtwizard_gtye4.gen_cpll_cal_gtye4.gen_cpll_cal_inst[2].gen_inst_cpll_cal.gtwizard_ultrascale_v1_7_22_gtye4_cpll_cal_inst/reset_synchronizer_resetin_tx_inst/rst_in_out_reg/C
                            (rising edge-triggered cell FDPE clocked by pcie_ref_clk  {rise@0.000ns fall@5.000ns period=10.000ns})
  Destination:            u_pcie_xdma/inst/pcie4_ip_i/inst/xdma_0_pcie4_ip_gt_top_i/diablo_gt.diablo_gt_phy_wrapper/gt_wizard.gtwizard_top_i/xdma_0_pcie4_ip_gt_i/inst/gen_gtwizard_gtye4_top.xdma_0_pcie4_ip_gt_gtwizard_gtye4_inst/gen_gtwizard_gtye4.gen_cpll_cal_gtye4.gen_cpll_cal_inst[2].gen_inst_cpll_cal.gtwizard_ultrascale_v1_7_22_gtye4_cpll_cal_inst/gtwizard_ultrascale_v1_7_22_gtye4_cpll_cal_tx_i/den_reg/CLR
                            (removal check against rising-edge clock pcie_ref_clk  {rise@0.000ns fall@5.000ns period=10.000ns})
  Path Group:             **async_default**
  Path Type:              Removal (Min at Fast Process Corner)
  Requirement:            0.000ns  (pcie_ref_clk rise@0.000ns - pcie_ref_clk rise@0.000ns)
  Data Path Delay:        0.178ns  (logic 0.038ns (21.324%)  route 0.140ns (78.676%))
  Logic Levels:           0  
  Clock Path Skew:        0.054ns (DCD - SCD - CPR)
    Destination Clock Delay (DCD):    1.317ns
    Source Clock Delay      (SCD):    1.029ns
    Clock Pessimism Removal (CPR):    0.234ns
  Clock Net Delay (Source):      0.802ns (routing 0.259ns, distribution 0.543ns)
  Clock Net Delay (Destination): 0.908ns (routing 0.287ns, distribution 0.621ns)

    Location             Delay type                Incr(ns)  Path(ns)    Netlist Resource(s)
  -------------------------------------------------------------------    -------------------
                         (clock pcie_ref_clk rise edge)
                                                      0.000     0.000 r  
    GTYE4_COMMON_X0Y0                                 0.000     0.000 r  pcie_sys_clk_p (IN)
                         net (fo=0)                   0.000     0.000    pcie_sys_clk_p
    GTYE4_COMMON_X0Y0    IBUFDS_GTE4 (Prop_IBUFDS0_GTYE4_GTYE4_COMMON_I_ODIV2)
                                                      0.101     0.101 r  u_pcie_refclk/ODIV2
                         net (fo=2, routed)           0.053     0.154    u_pcie_xdma/inst/pcie4_ip_i/inst/sys_clk
    BUFG_GT_X0Y23        BUFG_GT (Prop_BUFG_GT_I_O)
                                                      0.073     0.227 r  u_pcie_xdma/inst/pcie4_ip_i/inst/bufg_gt_sysclk/O
    X2Y0 (CLOCK_ROOT)    net (fo=1779, routed)        0.802     1.029    u_pcie_xdma/inst/pcie4_ip_i/inst/xdma_0_pcie4_ip_gt_top_i/diablo_gt.diablo_gt_phy_wrapper/gt_wizard.gtwizard_top_i/xdma_0_pcie4_ip_gt_i/inst/gen_gtwizard_gtye4_top.xdma_0_pcie4_ip_gt_gtwizard_gtye4_inst/gen_gtwizard_gtye4.gen_cpll_cal_gtye4.gen_cpll_cal_inst[2].gen_inst_cpll_cal.gtwizard_ultrascale_v1_7_22_gtye4_cpll_cal_inst/reset_synchronizer_resetin_tx_inst/drpclk_common_in[0]
    SLICE_X106Y27        FDPE                                         r  u_pcie_xdma/inst/pcie4_ip_i/inst/xdma_0_pcie4_ip_gt_top_i/diablo_gt.diablo_gt_phy_wrapper/gt_wizard.gtwizard_top_i/xdma_0_pcie4_ip_gt_i/inst/gen_gtwizard_gtye4_top.xdma_0_pcie4_ip_gt_gtwizard_gtye4_inst/gen_gtwizard_gtye4.gen_cpll_cal_gtye4.gen_cpll_cal_inst[2].gen_inst_cpll_cal.gtwizard_ultrascale_v1_7_22_gtye4_cpll_cal_inst/reset_synchronizer_resetin_tx_inst/rst_in_out_reg/C
  -------------------------------------------------------------------    -------------------
    SLICE_X106Y27        FDPE (Prop_EFF_SLICEM_C_Q)
                                                      0.038     1.067 f  u_pcie_xdma/inst/pcie4_ip_i/inst/xdma_0_pcie4_ip_gt_top_i/diablo_gt.diablo_gt_phy_wrapper/gt_wizard.gtwizard_top_i/xdma_0_pcie4_ip_gt_i/inst/gen_gtwizard_gtye4_top.xdma_0_pcie4_ip_gt_gtwizard_gtye4_inst/gen_gtwizard_gtye4.gen_cpll_cal_gtye4.gen_cpll_cal_inst[2].gen_inst_cpll_cal.gtwizard_ultrascale_v1_7_22_gtye4_cpll_cal_inst/reset_synchronizer_resetin_tx_inst/rst_in_out_reg/Q
                         net (fo=73, routed)          0.140     1.207    u_pcie_xdma/inst/pcie4_ip_i/inst/xdma_0_pcie4_ip_gt_top_i/diablo_gt.diablo_gt_phy_wrapper/gt_wizard.gtwizard_top_i/xdma_0_pcie4_ip_gt_i/inst/gen_gtwizard_gtye4_top.xdma_0_pcie4_ip_gt_gtwizard_gtye4_inst/gen_gtwizard_gtye4.gen_cpll_cal_gtye4.gen_cpll_cal_inst[2].gen_inst_cpll_cal.gtwizard_ultrascale_v1_7_22_gtye4_cpll_cal_inst/gtwizard_ultrascale_v1_7_22_gtye4_cpll_cal_tx_i/AS[0]
    SLICE_X108Y27        FDCE                                         f  u_pcie_xdma/inst/pcie4_ip_i/inst/xdma_0_pcie4_ip_gt_top_i/diablo_gt.diablo_gt_phy_wrapper/gt_wizard.gtwizard_top_i/xdma_0_pcie4_ip_gt_i/inst/gen_gtwizard_gtye4_top.xdma_0_pcie4_ip_gt_gtwizard_gtye4_inst/gen_gtwizard_gtye4.gen_cpll_cal_gtye4.gen_cpll_cal_inst[2].gen_inst_cpll_cal.gtwizard_ultrascale_v1_7_22_gtye4_cpll_cal_inst/gtwizard_ultrascale_v1_7_22_gtye4_cpll_cal_tx_i/den_reg/CLR
  -------------------------------------------------------------------    -------------------

                         (clock pcie_ref_clk rise edge)
                                                      0.000     0.000 r  
    GTYE4_COMMON_X0Y0                                 0.000     0.000 r  pcie_sys_clk_p (IN)
                         net (fo=0)                   0.000     0.000    pcie_sys_clk_p
    GTYE4_COMMON_X0Y0    IBUFDS_GTE4 (Prop_IBUFDS0_GTYE4_GTYE4_COMMON_I_ODIV2)
                                                      0.269     0.269 r  u_pcie_refclk/ODIV2
                         net (fo=2, routed)           0.058     0.327    u_pcie_xdma/inst/pcie4_ip_i/inst/sys_clk
    BUFG_GT_X0Y23        BUFG_GT (Prop_BUFG_GT_I_O)
                                                      0.082     0.409 r  u_pcie_xdma/inst/pcie4_ip_i/inst/bufg_gt_sysclk/O
    X2Y0 (CLOCK_ROOT)    net (fo=1779, routed)        0.908     1.317    u_pcie_xdma/inst/pcie4_ip_i/inst/xdma_0_pcie4_ip_gt_top_i/diablo_gt.diablo_gt_phy_wrapper/gt_wizard.gtwizard_top_i/xdma_0_pcie4_ip_gt_i/inst/gen_gtwizard_gtye4_top.xdma_0_pcie4_ip_gt_gtwizard_gtye4_inst/gen_gtwizard_gtye4.gen_cpll_cal_gtye4.gen_cpll_cal_inst[2].gen_inst_cpll_cal.gtwizard_ultrascale_v1_7_22_gtye4_cpll_cal_inst/gtwizard_ultrascale_v1_7_22_gtye4_cpll_cal_tx_i/drpclk_common_in[0]
    SLICE_X108Y27        FDCE                                         r  u_pcie_xdma/inst/pcie4_ip_i/inst/xdma_0_pcie4_ip_gt_top_i/diablo_gt.diablo_gt_phy_wrapper/gt_wizard.gtwizard_top_i/xdma_0_pcie4_ip_gt_i/inst/gen_gtwizard_gtye4_top.xdma_0_pcie4_ip_gt_gtwizard_gtye4_inst/gen_gtwizard_gtye4.gen_cpll_cal_gtye4.gen_cpll_cal_inst[2].gen_inst_cpll_cal.gtwizard_ultrascale_v1_7_22_gtye4_cpll_cal_inst/gtwizard_ultrascale_v1_7_22_gtye4_cpll_cal_tx_i/den_reg/C
                         clock pessimism             -0.234     1.083    
    SLICE_X108Y27        FDCE (Remov_HFF2_SLICEL_C_CLR)
                                                     -0.020     1.063    u_pcie_xdma/inst/pcie4_ip_i/inst/xdma_0_pcie4_ip_gt_top_i/diablo_gt.diablo_gt_phy_wrapper/gt_wizard.gtwizard_top_i/xdma_0_pcie4_ip_gt_i/inst/gen_gtwizard_gtye4_top.xdma_0_pcie4_ip_gt_gtwizard_gtye4_inst/gen_gtwizard_gtye4.gen_cpll_cal_gtye4.gen_cpll_cal_inst[2].gen_inst_cpll_cal.gtwizard_ultrascale_v1_7_22_gtye4_cpll_cal_inst/gtwizard_ultrascale_v1_7_22_gtye4_cpll_cal_tx_i/den_reg
  -------------------------------------------------------------------
                         required time                         -1.063    
                         arrival time                           1.207    
  -------------------------------------------------------------------
                         slack                                  0.144    





---------------------------------------------------------------------------------------------------
Path Group:  **async_default**
From Clock:  pipe_clk
  To Clock:  pipe_clk

Setup :            0  Failing Endpoints,  Worst Slack        2.395ns,  Total Violation        0.000ns
Hold  :            0  Failing Endpoints,  Worst Slack        0.155ns,  Total Violation        0.000ns
---------------------------------------------------------------------------------------------------


Max Delay Paths
--------------------------------------------------------------------------------------
Slack (MET) :             2.395ns  (required time - arrival time)
  Source:                 u_pcie_xdma/inst/pcie4_ip_i/inst/xdma_0_pcie4_ip_gt_top_i/diablo_gt.diablo_gt_phy_wrapper/rst_psrst_n_r_rep_reg_rep/C
                            (rising edge-triggered cell FDRE clocked by pipe_clk  {rise@0.000ns fall@2.000ns period=4.000ns})
  Destination:            u_pcie_xdma/inst/pcie4_ip_i/inst/xdma_0_pcie4_ip_gt_top_i/phy_pipeline/per_lane_ff_chain[0].phy_phystatus_chain/with_ff_chain.ff_chain_gen[0].async_rst.ff_chain_reg[1][0]/PRE
                            (recovery check against rising-edge clock pipe_clk  {rise@0.000ns fall@2.000ns period=4.000ns})
  Path Group:             **async_default**
  Path Type:              Recovery (Max at Slow Process Corner)
  Requirement:            4.000ns  (pipe_clk rise@4.000ns - pipe_clk rise@0.000ns)
  Data Path Delay:        1.398ns  (logic 0.099ns (7.082%)  route 1.299ns (92.918%))
  Logic Levels:           0  
  Clock Path Skew:        -0.089ns (DCD - SCD + CPR)
    Destination Clock Delay (DCD):    1.988ns = ( 5.988 - 4.000 ) 
    Source Clock Delay      (SCD):    2.231ns
    Clock Pessimism Removal (CPR):    0.154ns
  Clock Uncertainty:      0.046ns  ((TSJ^2 + DJ^2)^1/2) / 2 + PE
    Total System Jitter     (TSJ):    0.071ns
    Discrete Jitter          (DJ):    0.060ns
    Phase Error              (PE):    0.000ns
  Clock Net Delay (Source):      2.002ns (routing 0.805ns, distribution 1.197ns)
  Clock Net Delay (Destination): 1.784ns (routing 0.734ns, distribution 1.050ns)

    Location             Delay type                Incr(ns)  Path(ns)    Netlist Resource(s)
  -------------------------------------------------------------------    -------------------
                         (clock pipe_clk rise edge)
                                                      0.000     0.000 r  
    GTYE4_CHANNEL_X0Y3   GTYE4_CHANNEL                0.000     0.000 r  u_pcie_xdma/inst/pcie4_ip_i/inst/xdma_0_pcie4_ip_gt_top_i/diablo_gt.diablo_gt_phy_wrapper/gt_wizard.gtwizard_top_i/xdma_0_pcie4_ip_gt_i/inst/gen_gtwizard_gtye4_top.xdma_0_pcie4_ip_gt_gtwizard_gtye4_inst/gen_gtwizard_gtye4.gen_channel_container[3].gen_enabled_channel.gtye4_channel_wrapper_inst/channel_inst/gtye4_channel_gen.gen_gtye4_channel_inst[3].GTYE4_CHANNEL_PRIM_INST/TXOUTCLK
                         net (fo=6, routed)           0.090     0.090    u_pcie_xdma/inst/pcie4_ip_i/inst/xdma_0_pcie4_ip_gt_top_i/diablo_gt.diablo_gt_phy_wrapper/phy_clk_i/CLK_TXOUTCLK
    BUFG_GT_X0Y12        BUFG_GT (Prop_BUFG_GT_I_O)
                                                      0.139     0.229 r  u_pcie_xdma/inst/pcie4_ip_i/inst/xdma_0_pcie4_ip_gt_top_i/diablo_gt.diablo_gt_phy_wrapper/phy_clk_i/bufg_gt_pclk/O
    X1Y0 (CLOCK_ROOT)    net (fo=1138, routed)        2.002     2.231    u_pcie_xdma/inst/pcie4_ip_i/inst/xdma_0_pcie4_ip_gt_top_i/diablo_gt.diablo_gt_phy_wrapper/CLK_PCLK2
    SLICE_X105Y31        FDRE                                         r  u_pcie_xdma/inst/pcie4_ip_i/inst/xdma_0_pcie4_ip_gt_top_i/diablo_gt.diablo_gt_phy_wrapper/rst_psrst_n_r_rep_reg_rep/C
  -------------------------------------------------------------------    -------------------
    SLICE_X105Y31        FDRE (Prop_EFF2_SLICEL_C_Q)
                                                      0.099     2.330 r  u_pcie_xdma/inst/pcie4_ip_i/inst/xdma_0_pcie4_ip_gt_top_i/diablo_gt.diablo_gt_phy_wrapper/rst_psrst_n_r_rep_reg_rep/Q
                         net (fo=132, routed)         1.299     3.629    u_pcie_xdma/inst/pcie4_ip_i/inst/xdma_0_pcie4_ip_gt_top_i/phy_pipeline/per_lane_ff_chain[0].phy_phystatus_chain/SR[0]
    SLICE_X103Y40        FDPE                                         f  u_pcie_xdma/inst/pcie4_ip_i/inst/xdma_0_pcie4_ip_gt_top_i/phy_pipeline/per_lane_ff_chain[0].phy_phystatus_chain/with_ff_chain.ff_chain_gen[0].async_rst.ff_chain_reg[1][0]/PRE  (IS_INVERTED)
  -------------------------------------------------------------------    -------------------

                         (clock pipe_clk rise edge)
                                                      4.000     4.000 r  
    GTYE4_CHANNEL_X0Y3   GTYE4_CHANNEL                0.000     4.000 r  u_pcie_xdma/inst/pcie4_ip_i/inst/xdma_0_pcie4_ip_gt_top_i/diablo_gt.diablo_gt_phy_wrapper/gt_wizard.gtwizard_top_i/xdma_0_pcie4_ip_gt_i/inst/gen_gtwizard_gtye4_top.xdma_0_pcie4_ip_gt_gtwizard_gtye4_inst/gen_gtwizard_gtye4.gen_channel_container[3].gen_enabled_channel.gtye4_channel_wrapper_inst/channel_inst/gtye4_channel_gen.gen_gtye4_channel_inst[3].GTYE4_CHANNEL_PRIM_INST/TXOUTCLK
                         net (fo=6, routed)           0.082     4.082    u_pcie_xdma/inst/pcie4_ip_i/inst/xdma_0_pcie4_ip_gt_top_i/diablo_gt.diablo_gt_phy_wrapper/phy_clk_i/CLK_TXOUTCLK
    BUFG_GT_X0Y12        BUFG_GT (Prop_BUFG_GT_I_O)
                                                      0.122     4.204 r  u_pcie_xdma/inst/pcie4_ip_i/inst/xdma_0_pcie4_ip_gt_top_i/diablo_gt.diablo_gt_phy_wrapper/phy_clk_i/bufg_gt_pclk/O
    X1Y0 (CLOCK_ROOT)    net (fo=1138, routed)        1.784     5.988    u_pcie_xdma/inst/pcie4_ip_i/inst/xdma_0_pcie4_ip_gt_top_i/phy_pipeline/per_lane_ff_chain[0].phy_phystatus_chain/CLK_PCLK2
    SLICE_X103Y40        FDPE                                         r  u_pcie_xdma/inst/pcie4_ip_i/inst/xdma_0_pcie4_ip_gt_top_i/phy_pipeline/per_lane_ff_chain[0].phy_phystatus_chain/with_ff_chain.ff_chain_gen[0].async_rst.ff_chain_reg[1][0]/C
                         clock pessimism              0.154     6.142    
                         clock uncertainty           -0.046     6.096    
    SLICE_X103Y40        FDPE (Recov_EFF_SLICEM_C_PRE)
                                                     -0.072     6.024    u_pcie_xdma/inst/pcie4_ip_i/inst/xdma_0_pcie4_ip_gt_top_i/phy_pipeline/per_lane_ff_chain[0].phy_phystatus_chain/with_ff_chain.ff_chain_gen[0].async_rst.ff_chain_reg[1][0]
  -------------------------------------------------------------------
                         required time                          6.024    
                         arrival time                          -3.629    
  -------------------------------------------------------------------
                         slack                                  2.395    





Min Delay Paths
--------------------------------------------------------------------------------------
Slack (MET) :             0.155ns  (arrival time - required time)
  Source:                 u_pcie_xdma/inst/pcie4_ip_i/inst/xdma_0_pcie4_ip_gt_top_i/diablo_gt.diablo_gt_phy_wrapper/rst_psrst_n_r_rep_reg/C
                            (rising edge-triggered cell FDRE clocked by pipe_clk  {rise@0.000ns fall@2.000ns period=4.000ns})
  Destination:            u_pcie_xdma/inst/pcie4_ip_i/inst/xdma_0_pcie4_ip_gt_top_i/phy_pipeline/per_lane_ff_chain[0].phy_rxelecidle_chain/with_ff_chain.ff_chain_gen[0].async_rst.ff_chain_reg[1][0]/PRE
                            (removal check against rising-edge clock pipe_clk  {rise@0.000ns fall@2.000ns period=4.000ns})
  Path Group:             **async_default**
  Path Type:              Removal (Min at Fast Process Corner)
  Requirement:            0.000ns  (pipe_clk rise@0.000ns - pipe_clk rise@0.000ns)
  Data Path Delay:        0.158ns  (logic 0.039ns (24.733%)  route 0.119ns (75.267%))
  Logic Levels:           0  
  Clock Path Skew:        0.023ns (DCD - SCD - CPR)
    Destination Clock Delay (DCD):    1.288ns
    Source Clock Delay      (SCD):    1.142ns
    Clock Pessimism Removal (CPR):    0.123ns
  Clock Net Delay (Source):      1.017ns (routing 0.406ns, distribution 0.611ns)
  Clock Net Delay (Destination): 1.149ns (routing 0.448ns, distribution 0.701ns)

    Location             Delay type                Incr(ns)  Path(ns)    Netlist Resource(s)
  -------------------------------------------------------------------    -------------------
                         (clock pipe_clk rise edge)
                                                      0.000     0.000 r  
    GTYE4_CHANNEL_X0Y3   GTYE4_CHANNEL                0.000     0.000 r  u_pcie_xdma/inst/pcie4_ip_i/inst/xdma_0_pcie4_ip_gt_top_i/diablo_gt.diablo_gt_phy_wrapper/gt_wizard.gtwizard_top_i/xdma_0_pcie4_ip_gt_i/inst/gen_gtwizard_gtye4_top.xdma_0_pcie4_ip_gt_gtwizard_gtye4_inst/gen_gtwizard_gtye4.gen_channel_container[3].gen_enabled_channel.gtye4_channel_wrapper_inst/channel_inst/gtye4_channel_gen.gen_gtye4_channel_inst[3].GTYE4_CHANNEL_PRIM_INST/TXOUTCLK
                         net (fo=6, routed)           0.052     0.052    u_pcie_xdma/inst/pcie4_ip_i/inst/xdma_0_pcie4_ip_gt_top_i/diablo_gt.diablo_gt_phy_wrapper/phy_clk_i/CLK_TXOUTCLK
    BUFG_GT_X0Y12        BUFG_GT (Prop_BUFG_GT_I_O)
                                                      0.073     0.125 r  u_pcie_xdma/inst/pcie4_ip_i/inst/xdma_0_pcie4_ip_gt_top_i/diablo_gt.diablo_gt_phy_wrapper/phy_clk_i/bufg_gt_pclk/O
    X1Y0 (CLOCK_ROOT)    net (fo=1138, routed)        1.017     1.142    u_pcie_xdma/inst/pcie4_ip_i/inst/xdma_0_pcie4_ip_gt_top_i/diablo_gt.diablo_gt_phy_wrapper/CLK_PCLK2
    SLICE_X105Y31        FDRE                                         r  u_pcie_xdma/inst/pcie4_ip_i/inst/xdma_0_pcie4_ip_gt_top_i/diablo_gt.diablo_gt_phy_wrapper/rst_psrst_n_r_rep_reg/C
  -------------------------------------------------------------------    -------------------
    SLICE_X105Y31        FDRE (Prop_EFF_SLICEL_C_Q)
                                                      0.039     1.181 r  u_pcie_xdma/inst/pcie4_ip_i/inst/xdma_0_pcie4_ip_gt_top_i/diablo_gt.diablo_gt_phy_wrapper/rst_psrst_n_r_rep_reg/Q
                         net (fo=186, routed)         0.119     1.300    u_pcie_xdma/inst/pcie4_ip_i/inst/xdma_0_pcie4_ip_gt_top_i/phy_pipeline/per_lane_ff_chain[0].phy_rxelecidle_chain/D[0]_alias
    SLICE_X105Y33        FDPE                                         f  u_pcie_xdma/inst/pcie4_ip_i/inst/xdma_0_pcie4_ip_gt_top_i/phy_pipeline/per_lane_ff_chain[0].phy_rxelecidle_chain/with_ff_chain.ff_chain_gen[0].async_rst.ff_chain_reg[1][0]/PRE  (IS_INVERTED)
  -------------------------------------------------------------------    -------------------

                         (clock pipe_clk rise edge)
                                                      0.000     0.000 r  
    GTYE4_CHANNEL_X0Y3   GTYE4_CHANNEL                0.000     0.000 r  u_pcie_xdma/inst/pcie4_ip_i/inst/xdma_0_pcie4_ip_gt_top_i/diablo_gt.diablo_gt_phy_wrapper/gt_wizard.gtwizard_top_i/xdma_0_pcie4_ip_gt_i/inst/gen_gtwizard_gtye4_top.xdma_0_pcie4_ip_gt_gtwizard_gtye4_inst/gen_gtwizard_gtye4.gen_channel_container[3].gen_enabled_channel.gtye4_channel_wrapper_inst/channel_inst/gtye4_channel_gen.gen_gtye4_channel_inst[3].GTYE4_CHANNEL_PRIM_INST/TXOUTCLK
                         net (fo=6, routed)           0.057     0.057    u_pcie_xdma/inst/pcie4_ip_i/inst/xdma_0_pcie4_ip_gt_top_i/diablo_gt.diablo_gt_phy_wrapper/phy_clk_i/CLK_TXOUTCLK
    BUFG_GT_X0Y12        BUFG_GT (Prop_BUFG_GT_I_O)
                                                      0.082     0.139 r  u_pcie_xdma/inst/pcie4_ip_i/inst/xdma_0_pcie4_ip_gt_top_i/diablo_gt.diablo_gt_phy_wrapper/phy_clk_i/bufg_gt_pclk/O
    X1Y0 (CLOCK_ROOT)    net (fo=1138, routed)        1.149     1.288    u_pcie_xdma/inst/pcie4_ip_i/inst/xdma_0_pcie4_ip_gt_top_i/phy_pipeline/per_lane_ff_chain[0].phy_rxelecidle_chain/CLK_PCLK2
    SLICE_X105Y33        FDPE                                         r  u_pcie_xdma/inst/pcie4_ip_i/inst/xdma_0_pcie4_ip_gt_top_i/phy_pipeline/per_lane_ff_chain[0].phy_rxelecidle_chain/with_ff_chain.ff_chain_gen[0].async_rst.ff_chain_reg[1][0]/C
                         clock pessimism             -0.123     1.165    
    SLICE_X105Y33        FDPE (Remov_EFF_SLICEL_C_PRE)
                                                     -0.020     1.145    u_pcie_xdma/inst/pcie4_ip_i/inst/xdma_0_pcie4_ip_gt_top_i/phy_pipeline/per_lane_ff_chain[0].phy_rxelecidle_chain/with_ff_chain.ff_chain_gen[0].async_rst.ff_chain_reg[1][0]
  -------------------------------------------------------------------
                         required time                         -1.145    
                         arrival time                           1.300    
  -------------------------------------------------------------------
                         slack                                  0.155    





---------------------------------------------------------------------------------------------------
Path Group:  **async_default**
From Clock:  rxoutclk_out[0]_2
  To Clock:  rxoutclk_out[0]_2

Setup :            0  Failing Endpoints,  Worst Slack        4.114ns,  Total Violation        0.000ns
Hold  :            0  Failing Endpoints,  Worst Slack        0.121ns,  Total Violation        0.000ns
---------------------------------------------------------------------------------------------------


Max Delay Paths
--------------------------------------------------------------------------------------
Slack (MET) :             4.114ns  (required time - arrival time)
  Source:                 u_pcs/inst/i_pcs64_core_cdc_sync_gt_rx_serdes_resetdone_0/s_out_d4_reg/C
                            (rising edge-triggered cell FDRE clocked by rxoutclk_out[0]_2  {rise@0.000ns fall@3.200ns period=6.400ns})
  Destination:            wrapper_p4/pcs64/pcs64_wrapper/pcs64_top/<hidden>/<hidden>/<hidden>
                            (recovery check against rising-edge clock rxoutclk_out[0]_2  {rise@0.000ns fall@3.200ns period=6.400ns})
  Path Group:             **async_default**
  Path Type:              Recovery (Max at Slow Process Corner)
  Requirement:            6.400ns  (rxoutclk_out[0]_2 rise@6.400ns - rxoutclk_out[0]_2 rise@0.000ns)
  Data Path Delay:        1.972ns  (logic 0.093ns (4.716%)  route 1.879ns (95.284%))
  Logic Levels:           0  
  Clock Path Skew:        -0.196ns (DCD - SCD + CPR)
    Destination Clock Delay (DCD):    1.331ns = ( 7.731 - 6.400 ) 
    Source Clock Delay      (SCD):    1.591ns
    Clock Pessimism Removal (CPR):    0.064ns
  Clock Uncertainty:      0.046ns  ((TSJ^2 + DJ^2)^1/2) / 2 + PE
    Total System Jitter     (TSJ):    0.071ns
    Discrete Jitter          (DJ):    0.060ns
    Phase Error              (PE):    0.000ns
  Clock Net Delay (Source):      1.362ns (routing 0.358ns, distribution 1.004ns)
  Clock Net Delay (Destination): 1.126ns (routing 0.318ns, distribution 0.808ns)

    Location             Delay type                Incr(ns)  Path(ns)    Netlist Resource(s)
  -------------------------------------------------------------------    -------------------
                         (clock rxoutclk_out[0]_2 rise edge)
                                                      0.000     0.000 r  
    GTYE4_CHANNEL_X0Y4   GTYE4_CHANNEL                0.000     0.000 r  u_pcs/inst/i_pcs64_gt/inst/gen_gtwizard_gtye4_top.pcs64_gt_gtwizard_gtye4_inst/gen_gtwizard_gtye4.gen_channel_container[1].gen_enabled_channel.gtye4_channel_wrapper_inst/channel_inst/gtye4_channel_gen.gen_gtye4_channel_inst[0].GTYE4_CHANNEL_PRIM_INST/RXOUTCLK
                         net (fo=2, routed)           0.090     0.090    u_pcs/inst/i_core_gtwiz_userclk_rx_inst_0/rxoutclk_out[0]
    BUFG_GT_X0Y30        BUFG_GT (Prop_BUFG_GT_I_O)
                                                      0.139     0.229 r  u_pcs/inst/i_core_gtwiz_userclk_rx_inst_0/gen_gtwiz_userclk_rx_main.bufg_gt_usrclk_inst/O
    X3Y1 (CLOCK_ROOT)    net (fo=1514, routed)        1.362     1.591    u_pcs/inst/i_pcs64_core_cdc_sync_gt_rx_serdes_resetdone_0/CLK
    SLICE_X112Y131       FDRE                                         r  u_pcs/inst/i_pcs64_core_cdc_sync_gt_rx_serdes_resetdone_0/s_out_d4_reg/C
  -------------------------------------------------------------------    -------------------
    SLICE_X112Y131       FDRE (Prop_EFF_SLICEM_C_Q)
                                                      0.093     1.684 f  u_pcs/inst/i_pcs64_core_cdc_sync_gt_rx_serdes_resetdone_0/s_out_d4_reg/Q
                         net (fo=159, routed)         1.879     3.563    wrapper_p4/pcs64/pcs64_wrapper/pcs64_top/<hidden>/<hidden>/<hidden>
    SLICE_X103Y110       FDPE                                         f  wrapper_p4/pcs64/pcs64_wrapper/pcs64_top/<hidden>/<hidden>/<hidden>
  -------------------------------------------------------------------    -------------------

                         (clock rxoutclk_out[0]_2 rise edge)
                                                      6.400     6.400 r  
    GTYE4_CHANNEL_X0Y4   GTYE4_CHANNEL                0.000     6.400 r  u_pcs/inst/i_pcs64_gt/inst/gen_gtwizard_gtye4_top.pcs64_gt_gtwizard_gtye4_inst/gen_gtwizard_gtye4.gen_channel_container[1].gen_enabled_channel.gtye4_channel_wrapper_inst/channel_inst/gtye4_channel_gen.gen_gtye4_channel_inst[0].GTYE4_CHANNEL_PRIM_INST/RXOUTCLK
                         net (fo=2, routed)           0.083     6.483    u_pcs/inst/i_core_gtwiz_userclk_rx_inst_0/rxoutclk_out[0]
    BUFG_GT_X0Y30        BUFG_GT (Prop_BUFG_GT_I_O)
                                                      0.122     6.605 r  u_pcs/inst/i_core_gtwiz_userclk_rx_inst_0/gen_gtwiz_userclk_rx_main.bufg_gt_usrclk_inst/O
    X3Y1 (CLOCK_ROOT)    net (fo=1514, routed)        1.126     7.731    wrapper_p4/pcs64/pcs64_wrapper/pcs64_top/<hidden>/<hidden>/<hidden>
    SLICE_X103Y110       FDPE                                         r  wrapper_p4/pcs64/pcs64_wrapper/pcs64_top/<hidden>/<hidden>/<hidden>
                         clock pessimism              0.064     7.795    
                         clock uncertainty           -0.046     7.749    
    SLICE_X103Y110       FDPE (Recov_AFF2_SLICEM_C_PRE)
                                                     -0.072     7.677    wrapper_p4/pcs64/pcs64_wrapper/pcs64_top/<hidden>/<hidden>/<hidden>
  -------------------------------------------------------------------
                         required time                          7.677    
                         arrival time                          -3.563    
  -------------------------------------------------------------------
                         slack                                  4.114    





Min Delay Paths
--------------------------------------------------------------------------------------
Slack (MET) :             0.121ns  (arrival time - required time)
  Source:                 wrapper_p4/pcs64/pcs64_wrapper/pcs64_top/<hidden>/<hidden>/<hidden>/<hidden>
                            (rising edge-triggered cell FDRE clocked by rxoutclk_out[0]_2  {rise@0.000ns fall@3.200ns period=6.400ns})
  Destination:            wrapper_p4/pcs64/pcs64_wrapper/pcs64_top/<hidden>/<hidden>/<hidden>/<hidden>/<hidden>
                            (removal check against rising-edge clock rxoutclk_out[0]_2  {rise@0.000ns fall@3.200ns period=6.400ns})
  Path Group:             **async_default**
  Path Type:              Removal (Min at Fast Process Corner)
  Requirement:            0.000ns  (rxoutclk_out[0]_2 rise@0.000ns - rxoutclk_out[0]_2 rise@0.000ns)
  Data Path Delay:        0.116ns  (logic 0.038ns (32.759%)  route 0.078ns (67.241%))
  Logic Levels:           0  
  Clock Path Skew:        0.015ns (DCD - SCD - CPR)
    Destination Clock Delay (DCD):    0.945ns
    Source Clock Delay      (SCD):    0.828ns
    Clock Pessimism Removal (CPR):    0.103ns
  Clock Net Delay (Source):      0.702ns (routing 0.195ns, distribution 0.507ns)
  Clock Net Delay (Destination): 0.806ns (routing 0.223ns, distribution 0.583ns)

    Location             Delay type                Incr(ns)  Path(ns)    Netlist Resource(s)
  -------------------------------------------------------------------    -------------------
                         (clock rxoutclk_out[0]_2 rise edge)
                                                      0.000     0.000 r  
    GTYE4_CHANNEL_X0Y4   GTYE4_CHANNEL                0.000     0.000 r  u_pcs/inst/i_pcs64_gt/inst/gen_gtwizard_gtye4_top.pcs64_gt_gtwizard_gtye4_inst/gen_gtwizard_gtye4.gen_channel_container[1].gen_enabled_channel.gtye4_channel_wrapper_inst/channel_inst/gtye4_channel_gen.gen_gtye4_channel_inst[0].GTYE4_CHANNEL_PRIM_INST/RXOUTCLK
                         net (fo=2, routed)           0.053     0.053    u_pcs/inst/i_core_gtwiz_userclk_rx_inst_0/rxoutclk_out[0]
    BUFG_GT_X0Y30        BUFG_GT (Prop_BUFG_GT_I_O)
                                                      0.073     0.126 r  u_pcs/inst/i_core_gtwiz_userclk_rx_inst_0/gen_gtwiz_userclk_rx_main.bufg_gt_usrclk_inst/O
    X3Y1 (CLOCK_ROOT)    net (fo=1514, routed)        0.702     0.828    wrapper_p4/pcs64/pcs64_wrapper/pcs64_top/<hidden>/<hidden>/<hidden>/<hidden>
    SLICE_X112Y133       FDRE                                         r  wrapper_p4/pcs64/pcs64_wrapper/pcs64_top/<hidden>/<hidden>/<hidden>/<hidden>
  -------------------------------------------------------------------    -------------------
    SLICE_X112Y133       FDRE (Prop_EFF_SLICEM_C_Q)
                                                      0.038     0.866 f  wrapper_p4/pcs64/pcs64_wrapper/pcs64_top/<hidden>/<hidden>/<hidden>/<hidden>
                         net (fo=1, routed)           0.078     0.944    wrapper_p4/pcs64/pcs64_wrapper/pcs64_top/<hidden>/<hidden>/<hidden>/<hidden>/<hidden>
    SLICE_X112Y133       FDPE                                         f  wrapper_p4/pcs64/pcs64_wrapper/pcs64_top/<hidden>/<hidden>/<hidden>/<hidden>/<hidden>
  -------------------------------------------------------------------    -------------------

                         (clock rxoutclk_out[0]_2 rise edge)
                                                      0.000     0.000 r  
    GTYE4_CHANNEL_X0Y4   GTYE4_CHANNEL                0.000     0.000 r  u_pcs/inst/i_pcs64_gt/inst/gen_gtwizard_gtye4_top.pcs64_gt_gtwizard_gtye4_inst/gen_gtwizard_gtye4.gen_channel_container[1].gen_enabled_channel.gtye4_channel_wrapper_inst/channel_inst/gtye4_channel_gen.gen_gtye4_channel_inst[0].GTYE4_CHANNEL_PRIM_INST/RXOUTCLK
                         net (fo=2, routed)           0.057     0.057    u_pcs/inst/i_core_gtwiz_userclk_rx_inst_0/rxoutclk_out[0]
    BUFG_GT_X0Y30        BUFG_GT (Prop_BUFG_GT_I_O)
                                                      0.082     0.139 r  u_pcs/inst/i_core_gtwiz_userclk_rx_inst_0/gen_gtwiz_userclk_rx_main.bufg_gt_usrclk_inst/O
    X3Y1 (CLOCK_ROOT)    net (fo=1514, routed)        0.806     0.945    wrapper_p4/pcs64/pcs64_wrapper/pcs64_top/<hidden>/<hidden>/<hidden>/<hidden>/<hidden>
    SLICE_X112Y133       FDPE                                         r  wrapper_p4/pcs64/pcs64_wrapper/pcs64_top/<hidden>/<hidden>/<hidden>/<hidden>/<hidden>
                         clock pessimism             -0.103     0.842    
    SLICE_X112Y133       FDPE (Remov_AFF2_SLICEM_C_PRE)
                                                     -0.020     0.822    wrapper_p4/pcs64/pcs64_wrapper/pcs64_top/<hidden>/<hidden>/<hidden>/<hidden>/<hidden>
  -------------------------------------------------------------------
                         required time                         -0.822    
                         arrival time                           0.944    
  -------------------------------------------------------------------
                         slack                                  0.121    





---------------------------------------------------------------------------------------------------
Path Group:  **async_default**
From Clock:  rxoutclk_out[0]_3
  To Clock:  rxoutclk_out[0]_3

Setup :            0  Failing Endpoints,  Worst Slack        1.174ns,  Total Violation        0.000ns
Hold  :            0  Failing Endpoints,  Worst Slack        0.101ns,  Total Violation        0.000ns
---------------------------------------------------------------------------------------------------


Max Delay Paths
--------------------------------------------------------------------------------------
Slack (MET) :             1.174ns  (required time - arrival time)
  Source:                 u_snap_fe/rstb_sync_reg[1]/C
                            (rising edge-triggered cell FDCE clocked by rxoutclk_out[0]_3  {rise@0.000ns fall@3.200ns period=6.400ns})
  Destination:            u_snap_fe/hold_b_reg[230]/CLR
                            (recovery check against rising-edge clock rxoutclk_out[0]_3  {rise@0.000ns fall@3.200ns period=6.400ns})
  Path Group:             **async_default**
  Path Type:              Recovery (Max at Slow Process Corner)
  Requirement:            6.400ns  (rxoutclk_out[0]_3 rise@6.400ns - rxoutclk_out[0]_3 rise@0.000ns)
  Data Path Delay:        5.024ns  (logic 0.099ns (1.971%)  route 4.925ns (98.029%))
  Logic Levels:           0  
  Clock Path Skew:        -0.084ns (DCD - SCD + CPR)
    Destination Clock Delay (DCD):    2.121ns = ( 8.521 - 6.400 ) 
    Source Clock Delay      (SCD):    2.334ns
    Clock Pessimism Removal (CPR):    0.129ns
  Clock Uncertainty:      0.046ns  ((TSJ^2 + DJ^2)^1/2) / 2 + PE
    Total System Jitter     (TSJ):    0.071ns
    Discrete Jitter          (DJ):    0.060ns
    Phase Error              (PE):    0.000ns
  Clock Net Delay (Source):      2.105ns (routing 1.174ns, distribution 0.931ns)
  Clock Net Delay (Destination): 1.916ns (routing 1.069ns, distribution 0.847ns)

    Location             Delay type                Incr(ns)  Path(ns)    Netlist Resource(s)
  -------------------------------------------------------------------    -------------------
                         (clock rxoutclk_out[0]_3 rise edge)
                                                      0.000     0.000 r  
    GTYE4_CHANNEL_X0Y5   GTYE4_CHANNEL                0.000     0.000 r  u_pcs/inst/i_pcs64_gt_1/inst/gen_gtwizard_gtye4_top.pcs64_gt_1_gtwizard_gtye4_inst/gen_gtwizard_gtye4.gen_channel_container[1].gen_enabled_channel.gtye4_channel_wrapper_inst/channel_inst/gtye4_channel_gen.gen_gtye4_channel_inst[0].GTYE4_CHANNEL_PRIM_INST/RXOUTCLK
                         net (fo=2, routed)           0.090     0.090    u_pcs/inst/i_core_gtwiz_userclk_rx_inst_1/rxoutclk_out[0]
    BUFG_GT_X0Y41        BUFG_GT (Prop_BUFG_GT_I_O)
                                                      0.139     0.229 r  u_pcs/inst/i_core_gtwiz_userclk_rx_inst_1/gen_gtwiz_userclk_rx_main.bufg_gt_usrclk_inst/O
    X1Y0 (CLOCK_ROOT)    net (fo=3657, routed)        2.105     2.334    u_snap_fe/CLK
    SLICE_X33Y4          FDCE                                         r  u_snap_fe/rstb_sync_reg[1]/C
  -------------------------------------------------------------------    -------------------
    SLICE_X33Y4          FDCE (Prop_AFF2_SLICEL_C_Q)
                                                      0.099     2.433 r  u_snap_fe/rstb_sync_reg[1]/Q
                         net (fo=413, routed)         4.925     7.358    u_snap_fe/rstb_sync[1]
    SLICE_X34Y64         FDCE                                         f  u_snap_fe/hold_b_reg[230]/CLR  (IS_INVERTED)
  -------------------------------------------------------------------    -------------------

                         (clock rxoutclk_out[0]_3 rise edge)
                                                      6.400     6.400 r  
    GTYE4_CHANNEL_X0Y5   GTYE4_CHANNEL                0.000     6.400 r  u_pcs/inst/i_pcs64_gt_1/inst/gen_gtwizard_gtye4_top.pcs64_gt_1_gtwizard_gtye4_inst/gen_gtwizard_gtye4.gen_channel_container[1].gen_enabled_channel.gtye4_channel_wrapper_inst/channel_inst/gtye4_channel_gen.gen_gtye4_channel_inst[0].GTYE4_CHANNEL_PRIM_INST/RXOUTCLK
                         net (fo=2, routed)           0.083     6.483    u_pcs/inst/i_core_gtwiz_userclk_rx_inst_1/rxoutclk_out[0]
    BUFG_GT_X0Y41        BUFG_GT (Prop_BUFG_GT_I_O)
                                                      0.122     6.605 r  u_pcs/inst/i_core_gtwiz_userclk_rx_inst_1/gen_gtwiz_userclk_rx_main.bufg_gt_usrclk_inst/O
    X1Y0 (CLOCK_ROOT)    net (fo=3657, routed)        1.916     8.521    u_snap_fe/CLK
    SLICE_X34Y64         FDCE                                         r  u_snap_fe/hold_b_reg[230]/C
                         clock pessimism              0.129     8.650    
                         clock uncertainty           -0.046     8.604    
    SLICE_X34Y64         FDCE (Recov_AFF_SLICEM_C_CLR)
                                                     -0.072     8.532    u_snap_fe/hold_b_reg[230]
  -------------------------------------------------------------------
                         required time                          8.532    
                         arrival time                          -7.358    
  -------------------------------------------------------------------
                         slack                                  1.174    





Min Delay Paths
--------------------------------------------------------------------------------------
Slack (MET) :             0.101ns  (arrival time - required time)
  Source:                 wrapper_p4/pcs64/pcs64_wrapper/pcs64_top_24/<hidden>/<hidden>/<hidden>/<hidden>
                            (rising edge-triggered cell FDRE clocked by rxoutclk_out[0]_3  {rise@0.000ns fall@3.200ns period=6.400ns})
  Destination:            wrapper_p4/pcs64/pcs64_wrapper/pcs64_top_24/<hidden>/<hidden>/<hidden>/<hidden>/<hidden>
                            (removal check against rising-edge clock rxoutclk_out[0]_3  {rise@0.000ns fall@3.200ns period=6.400ns})
  Path Group:             **async_default**
  Path Type:              Removal (Min at Fast Process Corner)
  Requirement:            0.000ns  (rxoutclk_out[0]_3 rise@0.000ns - rxoutclk_out[0]_3 rise@0.000ns)
  Data Path Delay:        0.140ns  (logic 0.039ns (27.857%)  route 0.101ns (72.143%))
  Logic Levels:           0  
  Clock Path Skew:        0.059ns (DCD - SCD - CPR)
    Destination Clock Delay (DCD):    1.421ns
    Source Clock Delay      (SCD):    1.258ns
    Clock Pessimism Removal (CPR):    0.104ns
  Clock Net Delay (Source):      1.132ns (routing 0.597ns, distribution 0.535ns)
  Clock Net Delay (Destination): 1.282ns (routing 0.662ns, distribution 0.620ns)

    Location             Delay type                Incr(ns)  Path(ns)    Netlist Resource(s)
  -------------------------------------------------------------------    -------------------
                         (clock rxoutclk_out[0]_3 rise edge)
                                                      0.000     0.000 r  
    GTYE4_CHANNEL_X0Y5   GTYE4_CHANNEL                0.000     0.000 r  u_pcs/inst/i_pcs64_gt_1/inst/gen_gtwizard_gtye4_top.pcs64_gt_1_gtwizard_gtye4_inst/gen_gtwizard_gtye4.gen_channel_container[1].gen_enabled_channel.gtye4_channel_wrapper_inst/channel_inst/gtye4_channel_gen.gen_gtye4_channel_inst[0].GTYE4_CHANNEL_PRIM_INST/RXOUTCLK
                         net (fo=2, routed)           0.053     0.053    u_pcs/inst/i_core_gtwiz_userclk_rx_inst_1/rxoutclk_out[0]
    BUFG_GT_X0Y41        BUFG_GT (Prop_BUFG_GT_I_O)
                                                      0.073     0.126 r  u_pcs/inst/i_core_gtwiz_userclk_rx_inst_1/gen_gtwiz_userclk_rx_main.bufg_gt_usrclk_inst/O
    X1Y0 (CLOCK_ROOT)    net (fo=3657, routed)        1.132     1.258    wrapper_p4/pcs64/pcs64_wrapper/pcs64_top_24/<hidden>/<hidden>/<hidden>/<hidden>
    SLICE_X70Y5          FDRE                                         r  wrapper_p4/pcs64/pcs64_wrapper/pcs64_top_24/<hidden>/<hidden>/<hidden>/<hidden>
  -------------------------------------------------------------------    -------------------
    SLICE_X70Y5          FDRE (Prop_EFF_SLICEL_C_Q)
                                                      0.039     1.297 f  wrapper_p4/pcs64/pcs64_wrapper/pcs64_top_24/<hidden>/<hidden>/<hidden>/<hidden>
                         net (fo=1, routed)           0.101     1.398    wrapper_p4/pcs64/pcs64_wrapper/pcs64_top_24/<hidden>/<hidden>/<hidden>/<hidden>/<hidden>
    SLICE_X71Y5          FDPE                                         f  wrapper_p4/pcs64/pcs64_wrapper/pcs64_top_24/<hidden>/<hidden>/<hidden>/<hidden>/<hidden>
  -------------------------------------------------------------------    -------------------

                         (clock rxoutclk_out[0]_3 rise edge)
                                                      0.000     0.000 r  
    GTYE4_CHANNEL_X0Y5   GTYE4_CHANNEL                0.000     0.000 r  u_pcs/inst/i_pcs64_gt_1/inst/gen_gtwizard_gtye4_top.pcs64_gt_1_gtwizard_gtye4_inst/gen_gtwizard_gtye4.gen_channel_container[1].gen_enabled_channel.gtye4_channel_wrapper_inst/channel_inst/gtye4_channel_gen.gen_gtye4_channel_inst[0].GTYE4_CHANNEL_PRIM_INST/RXOUTCLK
                         net (fo=2, routed)           0.057     0.057    u_pcs/inst/i_core_gtwiz_userclk_rx_inst_1/rxoutclk_out[0]
    BUFG_GT_X0Y41        BUFG_GT (Prop_BUFG_GT_I_O)
                                                      0.082     0.139 r  u_pcs/inst/i_core_gtwiz_userclk_rx_inst_1/gen_gtwiz_userclk_rx_main.bufg_gt_usrclk_inst/O
    X1Y0 (CLOCK_ROOT)    net (fo=3657, routed)        1.282     1.421    wrapper_p4/pcs64/pcs64_wrapper/pcs64_top_24/<hidden>/<hidden>/<hidden>/<hidden>/<hidden>
    SLICE_X71Y5          FDPE                                         r  wrapper_p4/pcs64/pcs64_wrapper/pcs64_top_24/<hidden>/<hidden>/<hidden>/<hidden>/<hidden>
                         clock pessimism             -0.104     1.317    
    SLICE_X71Y5          FDPE (Remov_AFF2_SLICEM_C_PRE)
                                                     -0.020     1.297    wrapper_p4/pcs64/pcs64_wrapper/pcs64_top_24/<hidden>/<hidden>/<hidden>/<hidden>/<hidden>
  -------------------------------------------------------------------
                         required time                         -1.297    
                         arrival time                           1.398    
  -------------------------------------------------------------------
                         slack                                  0.101    





---------------------------------------------------------------------------------------------------
Path Group:  **async_default**
From Clock:  txoutclk_out[0]_2
  To Clock:  txoutclk_out[0]_2

Setup :            0  Failing Endpoints,  Worst Slack        5.675ns,  Total Violation        0.000ns
Hold  :            0  Failing Endpoints,  Worst Slack        0.187ns,  Total Violation        0.000ns
---------------------------------------------------------------------------------------------------


Max Delay Paths
--------------------------------------------------------------------------------------
Slack (MET) :             5.675ns  (required time - arrival time)
  Source:                 u_pcs/inst/i_pcs64_core_cdc_sync_gt_tx_resetdone_0/s_out_d4_reg/C
                            (rising edge-triggered cell FDRE clocked by txoutclk_out[0]_2  {rise@0.000ns fall@3.200ns period=6.400ns})
  Destination:            wrapper_p4/pcs64/pcs64_wrapper/pcs64_top/<hidden>/<hidden>/<hidden>
                            (recovery check against rising-edge clock txoutclk_out[0]_2  {rise@0.000ns fall@3.200ns period=6.400ns})
  Path Group:             **async_default**
  Path Type:              Recovery (Max at Slow Process Corner)
  Requirement:            6.400ns  (txoutclk_out[0]_2 rise@6.400ns - txoutclk_out[0]_2 rise@0.000ns)
  Data Path Delay:        0.500ns  (logic 0.093ns (18.594%)  route 0.407ns (81.406%))
  Logic Levels:           0  
  Clock Path Skew:        -0.106ns (DCD - SCD + CPR)
    Destination Clock Delay (DCD):    0.729ns = ( 7.129 - 6.400 ) 
    Source Clock Delay      (SCD):    0.867ns
    Clock Pessimism Removal (CPR):    0.032ns
  Clock Uncertainty:      0.046ns  ((TSJ^2 + DJ^2)^1/2) / 2 + PE
    Total System Jitter     (TSJ):    0.071ns
    Discrete Jitter          (DJ):    0.060ns
    Phase Error              (PE):    0.000ns
  Clock Net Delay (Source):      0.638ns (routing 0.002ns, distribution 0.636ns)
  Clock Net Delay (Destination): 0.525ns (routing 0.001ns, distribution 0.524ns)

    Location             Delay type                Incr(ns)  Path(ns)    Netlist Resource(s)
  -------------------------------------------------------------------    -------------------
                         (clock txoutclk_out[0]_2 rise edge)
                                                      0.000     0.000 r  
    GTYE4_CHANNEL_X0Y4   GTYE4_CHANNEL                0.000     0.000 r  u_pcs/inst/i_pcs64_gt/inst/gen_gtwizard_gtye4_top.pcs64_gt_gtwizard_gtye4_inst/gen_gtwizard_gtye4.gen_channel_container[1].gen_enabled_channel.gtye4_channel_wrapper_inst/channel_inst/gtye4_channel_gen.gen_gtye4_channel_inst[0].GTYE4_CHANNEL_PRIM_INST/TXOUTCLK
                         net (fo=2, routed)           0.090     0.090    u_pcs/inst/i_core_gtwiz_userclk_tx_inst_0/txoutclk_out[0]
    BUFG_GT_X0Y25        BUFG_GT (Prop_BUFG_GT_I_O)
                                                      0.139     0.229 r  u_pcs/inst/i_core_gtwiz_userclk_tx_inst_0/gen_gtwiz_userclk_tx_main.bufg_gt_usrclk_inst/O
    X3Y1 (CLOCK_ROOT)    net (fo=579, routed)         0.638     0.867    u_pcs/inst/i_pcs64_core_cdc_sync_gt_tx_resetdone_0/CLK
    SLICE_X110Y117       FDRE                                         r  u_pcs/inst/i_pcs64_core_cdc_sync_gt_tx_resetdone_0/s_out_d4_reg/C
  -------------------------------------------------------------------    -------------------
    SLICE_X110Y117       FDRE (Prop_EFF_SLICEM_C_Q)
                                                      0.093     0.960 r  u_pcs/inst/i_pcs64_core_cdc_sync_gt_tx_resetdone_0/s_out_d4_reg/Q
                         net (fo=5, routed)           0.407     1.367    wrapper_p4/pcs64/pcs64_wrapper/pcs64_top/<hidden>/<hidden>/<hidden>
    SLICE_X108Y113       FDPE                                         f  wrapper_p4/pcs64/pcs64_wrapper/pcs64_top/<hidden>/<hidden>/<hidden>  (IS_INVERTED)
  -------------------------------------------------------------------    -------------------

                         (clock txoutclk_out[0]_2 rise edge)
                                                      6.400     6.400 r  
    GTYE4_CHANNEL_X0Y4   GTYE4_CHANNEL                0.000     6.400 r  u_pcs/inst/i_pcs64_gt/inst/gen_gtwizard_gtye4_top.pcs64_gt_gtwizard_gtye4_inst/gen_gtwizard_gtye4.gen_channel_container[1].gen_enabled_channel.gtye4_channel_wrapper_inst/channel_inst/gtye4_channel_gen.gen_gtye4_channel_inst[0].GTYE4_CHANNEL_PRIM_INST/TXOUTCLK
                         net (fo=2, routed)           0.082     6.482    u_pcs/inst/i_core_gtwiz_userclk_tx_inst_0/txoutclk_out[0]
    BUFG_GT_X0Y25        BUFG_GT (Prop_BUFG_GT_I_O)
                                                      0.122     6.604 r  u_pcs/inst/i_core_gtwiz_userclk_tx_inst_0/gen_gtwiz_userclk_tx_main.bufg_gt_usrclk_inst/O
    X3Y1 (CLOCK_ROOT)    net (fo=579, routed)         0.525     7.129    wrapper_p4/pcs64/pcs64_wrapper/pcs64_top/<hidden>/<hidden>/<hidden>
    SLICE_X108Y113       FDPE                                         r  wrapper_p4/pcs64/pcs64_wrapper/pcs64_top/<hidden>/<hidden>/<hidden>
                         clock pessimism              0.032     7.161    
                         clock uncertainty           -0.046     7.114    
    SLICE_X108Y113       FDPE (Recov_AFF2_SLICEL_C_PRE)
                                                     -0.072     7.042    wrapper_p4/pcs64/pcs64_wrapper/pcs64_top/<hidden>/<hidden>/<hidden>
  -------------------------------------------------------------------
                         required time                          7.042    
                         arrival time                          -1.367    
  -------------------------------------------------------------------
                         slack                                  5.675    





Min Delay Paths
--------------------------------------------------------------------------------------
Slack (MET) :             0.187ns  (arrival time - required time)
  Source:                 u_pcs/inst/i_pcs64_core_cdc_sync_gt_tx_resetdone_0/s_out_d4_reg/C
                            (rising edge-triggered cell FDRE clocked by txoutclk_out[0]_2  {rise@0.000ns fall@3.200ns period=6.400ns})
  Destination:            wrapper_p4/pcs64/pcs64_wrapper/pcs64_top/<hidden>/<hidden>/<hidden>
                            (removal check against rising-edge clock txoutclk_out[0]_2  {rise@0.000ns fall@3.200ns period=6.400ns})
  Path Group:             **async_default**
  Path Type:              Removal (Min at Fast Process Corner)
  Requirement:            0.000ns  (txoutclk_out[0]_2 rise@0.000ns - txoutclk_out[0]_2 rise@0.000ns)
  Data Path Delay:        0.203ns  (logic 0.038ns (18.748%)  route 0.165ns (81.252%))
  Logic Levels:           0  
  Clock Path Skew:        0.036ns (DCD - SCD - CPR)
    Destination Clock Delay (DCD):    0.497ns
    Source Clock Delay      (SCD):    0.443ns
    Clock Pessimism Removal (CPR):    0.018ns
  Clock Net Delay (Source):      0.318ns (routing 0.001ns, distribution 0.317ns)
  Clock Net Delay (Destination): 0.358ns (routing 0.001ns, distribution 0.357ns)

    Location             Delay type                Incr(ns)  Path(ns)    Netlist Resource(s)
  -------------------------------------------------------------------    -------------------
                         (clock txoutclk_out[0]_2 rise edge)
                                                      0.000     0.000 r  
    GTYE4_CHANNEL_X0Y4   GTYE4_CHANNEL                0.000     0.000 r  u_pcs/inst/i_pcs64_gt/inst/gen_gtwizard_gtye4_top.pcs64_gt_gtwizard_gtye4_inst/gen_gtwizard_gtye4.gen_channel_container[1].gen_enabled_channel.gtye4_channel_wrapper_inst/channel_inst/gtye4_channel_gen.gen_gtye4_channel_inst[0].GTYE4_CHANNEL_PRIM_INST/TXOUTCLK
                         net (fo=2, routed)           0.052     0.052    u_pcs/inst/i_core_gtwiz_userclk_tx_inst_0/txoutclk_out[0]
    BUFG_GT_X0Y25        BUFG_GT (Prop_BUFG_GT_I_O)
                                                      0.073     0.125 r  u_pcs/inst/i_core_gtwiz_userclk_tx_inst_0/gen_gtwiz_userclk_tx_main.bufg_gt_usrclk_inst/O
    X3Y1 (CLOCK_ROOT)    net (fo=579, routed)         0.318     0.443    u_pcs/inst/i_pcs64_core_cdc_sync_gt_tx_resetdone_0/CLK
    SLICE_X110Y117       FDRE                                         r  u_pcs/inst/i_pcs64_core_cdc_sync_gt_tx_resetdone_0/s_out_d4_reg/C
  -------------------------------------------------------------------    -------------------
    SLICE_X110Y117       FDRE (Prop_EFF_SLICEM_C_Q)
                                                      0.038     0.481 r  u_pcs/inst/i_pcs64_core_cdc_sync_gt_tx_resetdone_0/s_out_d4_reg/Q
                         net (fo=5, routed)           0.165     0.645    wrapper_p4/pcs64/pcs64_wrapper/pcs64_top/<hidden>/<hidden>/<hidden>
    SLICE_X108Y113       FDPE                                         f  wrapper_p4/pcs64/pcs64_wrapper/pcs64_top/<hidden>/<hidden>/<hidden>  (IS_INVERTED)
  -------------------------------------------------------------------    -------------------

                         (clock txoutclk_out[0]_2 rise edge)
                                                      0.000     0.000 r  
    GTYE4_CHANNEL_X0Y4   GTYE4_CHANNEL                0.000     0.000 r  u_pcs/inst/i_pcs64_gt/inst/gen_gtwizard_gtye4_top.pcs64_gt_gtwizard_gtye4_inst/gen_gtwizard_gtye4.gen_channel_container[1].gen_enabled_channel.gtye4_channel_wrapper_inst/channel_inst/gtye4_channel_gen.gen_gtye4_channel_inst[0].GTYE4_CHANNEL_PRIM_INST/TXOUTCLK
                         net (fo=2, routed)           0.057     0.057    u_pcs/inst/i_core_gtwiz_userclk_tx_inst_0/txoutclk_out[0]
    BUFG_GT_X0Y25        BUFG_GT (Prop_BUFG_GT_I_O)
                                                      0.082     0.139 r  u_pcs/inst/i_core_gtwiz_userclk_tx_inst_0/gen_gtwiz_userclk_tx_main.bufg_gt_usrclk_inst/O
    X3Y1 (CLOCK_ROOT)    net (fo=579, routed)         0.358     0.497    wrapper_p4/pcs64/pcs64_wrapper/pcs64_top/<hidden>/<hidden>/<hidden>
    SLICE_X108Y113       FDPE                                         r  wrapper_p4/pcs64/pcs64_wrapper/pcs64_top/<hidden>/<hidden>/<hidden>
                         clock pessimism             -0.018     0.479    
    SLICE_X108Y113       FDPE (Remov_AFF2_SLICEL_C_PRE)
                                                     -0.020     0.459    wrapper_p4/pcs64/pcs64_wrapper/pcs64_top/<hidden>/<hidden>/<hidden>
  -------------------------------------------------------------------
                         required time                         -0.459    
                         arrival time                           0.645    
  -------------------------------------------------------------------
                         slack                                  0.187    





---------------------------------------------------------------------------------------------------
Path Group:  **async_default**
From Clock:  txoutclk_out[0]_3
  To Clock:  txoutclk_out[0]_3

Setup :            0  Failing Endpoints,  Worst Slack        2.921ns,  Total Violation        0.000ns
Hold  :            0  Failing Endpoints,  Worst Slack        0.062ns,  Total Violation        0.000ns
---------------------------------------------------------------------------------------------------


Max Delay Paths
--------------------------------------------------------------------------------------
Slack (MET) :             2.921ns  (required time - arrival time)
  Source:                 u_snap_tx/rstb_sync_reg[1]/C
                            (rising edge-triggered cell FDCE clocked by txoutclk_out[0]_3  {rise@0.000ns fall@3.200ns period=6.400ns})
  Destination:            u_snap_tx/hold_b_reg[77]/CLR
                            (recovery check against rising-edge clock txoutclk_out[0]_3  {rise@0.000ns fall@3.200ns period=6.400ns})
  Path Group:             **async_default**
  Path Type:              Recovery (Max at Slow Process Corner)
  Requirement:            6.400ns  (txoutclk_out[0]_3 rise@6.400ns - txoutclk_out[0]_3 rise@0.000ns)
  Data Path Delay:        3.265ns  (logic 0.099ns (3.032%)  route 3.166ns (96.968%))
  Logic Levels:           0  
  Clock Path Skew:        -0.096ns (DCD - SCD + CPR)
    Destination Clock Delay (DCD):    2.054ns = ( 8.454 - 6.400 ) 
    Source Clock Delay      (SCD):    2.316ns
    Clock Pessimism Removal (CPR):    0.166ns
  Clock Uncertainty:      0.046ns  ((TSJ^2 + DJ^2)^1/2) / 2 + PE
    Total System Jitter     (TSJ):    0.071ns
    Discrete Jitter          (DJ):    0.060ns
    Phase Error              (PE):    0.000ns
  Clock Net Delay (Source):      2.087ns (routing 1.173ns, distribution 0.914ns)
  Clock Net Delay (Destination): 1.850ns (routing 1.071ns, distribution 0.779ns)

    Location             Delay type                Incr(ns)  Path(ns)    Netlist Resource(s)
  -------------------------------------------------------------------    -------------------
                         (clock txoutclk_out[0]_3 rise edge)
                                                      0.000     0.000 r  
    GTYE4_CHANNEL_X0Y5   GTYE4_CHANNEL                0.000     0.000 r  u_pcs/inst/i_pcs64_gt_1/inst/gen_gtwizard_gtye4_top.pcs64_gt_1_gtwizard_gtye4_inst/gen_gtwizard_gtye4.gen_channel_container[1].gen_enabled_channel.gtye4_channel_wrapper_inst/channel_inst/gtye4_channel_gen.gen_gtye4_channel_inst[0].GTYE4_CHANNEL_PRIM_INST/TXOUTCLK
                         net (fo=2, routed)           0.090     0.090    u_pcs/inst/i_core_gtwiz_userclk_tx_inst_1/txoutclk_out[0]
    BUFG_GT_X0Y39        BUFG_GT (Prop_BUFG_GT_I_O)
                                                      0.139     0.229 r  u_pcs/inst/i_core_gtwiz_userclk_tx_inst_1/gen_gtwiz_userclk_tx_main.bufg_gt_usrclk_inst/O
    X1Y0 (CLOCK_ROOT)    net (fo=1242, routed)        2.087     2.316    u_snap_tx/tx_mii_clk_1
    SLICE_X38Y22         FDCE                                         r  u_snap_tx/rstb_sync_reg[1]/C
  -------------------------------------------------------------------    -------------------
    SLICE_X38Y22         FDCE (Prop_AFF2_SLICEL_C_Q)
                                                      0.099     2.415 r  u_snap_tx/rstb_sync_reg[1]/Q
                         net (fo=132, routed)         3.166     5.581    u_snap_tx/rstb_sync[1]
    SLICE_X40Y46         FDCE                                         f  u_snap_tx/hold_b_reg[77]/CLR  (IS_INVERTED)
  -------------------------------------------------------------------    -------------------

                         (clock txoutclk_out[0]_3 rise edge)
                                                      6.400     6.400 r  
    GTYE4_CHANNEL_X0Y5   GTYE4_CHANNEL                0.000     6.400 r  u_pcs/inst/i_pcs64_gt_1/inst/gen_gtwizard_gtye4_top.pcs64_gt_1_gtwizard_gtye4_inst/gen_gtwizard_gtye4.gen_channel_container[1].gen_enabled_channel.gtye4_channel_wrapper_inst/channel_inst/gtye4_channel_gen.gen_gtye4_channel_inst[0].GTYE4_CHANNEL_PRIM_INST/TXOUTCLK
                         net (fo=2, routed)           0.082     6.482    u_pcs/inst/i_core_gtwiz_userclk_tx_inst_1/txoutclk_out[0]
    BUFG_GT_X0Y39        BUFG_GT (Prop_BUFG_GT_I_O)
                                                      0.122     6.604 r  u_pcs/inst/i_core_gtwiz_userclk_tx_inst_1/gen_gtwiz_userclk_tx_main.bufg_gt_usrclk_inst/O
    X1Y0 (CLOCK_ROOT)    net (fo=1242, routed)        1.850     8.454    u_snap_tx/tx_mii_clk_1
    SLICE_X40Y46         FDCE                                         r  u_snap_tx/hold_b_reg[77]/C
                         clock pessimism              0.166     8.620    
                         clock uncertainty           -0.046     8.573    
    SLICE_X40Y46         FDCE (Recov_AFF_SLICEL_C_CLR)
                                                     -0.072     8.501    u_snap_tx/hold_b_reg[77]
  -------------------------------------------------------------------
                         required time                          8.501    
                         arrival time                          -5.581    
  -------------------------------------------------------------------
                         slack                                  2.921    





Min Delay Paths
--------------------------------------------------------------------------------------
Slack (MET) :             0.062ns  (arrival time - required time)
  Source:                 u_txcdc/rd_rst_sync_reg[1]/C
                            (rising edge-triggered cell FDCE clocked by txoutclk_out[0]_3  {rise@0.000ns fall@3.200ns period=6.400ns})
  Destination:            u_txcdc/wgray_s1_r_reg[3]/CLR
                            (removal check against rising-edge clock txoutclk_out[0]_3  {rise@0.000ns fall@3.200ns period=6.400ns})
  Path Group:             **async_default**
  Path Type:              Removal (Min at Slow Process Corner)
  Requirement:            0.000ns  (txoutclk_out[0]_3 rise@0.000ns - txoutclk_out[0]_3 rise@0.000ns)
  Data Path Delay:        0.292ns  (logic 0.072ns (24.632%)  route 0.220ns (75.368%))
  Logic Levels:           0  
  Clock Path Skew:        0.263ns (DCD - SCD - CPR)
    Destination Clock Delay (DCD):    2.435ns
    Source Clock Delay      (SCD):    2.045ns
    Clock Pessimism Removal (CPR):    0.127ns
  Clock Net Delay (Source):      1.841ns (routing 1.071ns, distribution 0.770ns)
  Clock Net Delay (Destination): 2.206ns (routing 1.173ns, distribution 1.033ns)

    Location             Delay type                Incr(ns)  Path(ns)    Netlist Resource(s)
  -------------------------------------------------------------------    -------------------
                         (clock txoutclk_out[0]_3 rise edge)
                                                      0.000     0.000 r  
    GTYE4_CHANNEL_X0Y5   GTYE4_CHANNEL                0.000     0.000 r  u_pcs/inst/i_pcs64_gt_1/inst/gen_gtwizard_gtye4_top.pcs64_gt_1_gtwizard_gtye4_inst/gen_gtwizard_gtye4.gen_channel_container[1].gen_enabled_channel.gtye4_channel_wrapper_inst/channel_inst/gtye4_channel_gen.gen_gtye4_channel_inst[0].GTYE4_CHANNEL_PRIM_INST/TXOUTCLK
                         net (fo=2, routed)           0.082     0.082    u_pcs/inst/i_core_gtwiz_userclk_tx_inst_1/txoutclk_out[0]
    BUFG_GT_X0Y39        BUFG_GT (Prop_BUFG_GT_I_O)
                                                      0.122     0.204 r  u_pcs/inst/i_core_gtwiz_userclk_tx_inst_1/gen_gtwiz_userclk_tx_main.bufg_gt_usrclk_inst/O
    X1Y0 (CLOCK_ROOT)    net (fo=1242, routed)        1.841     2.045    u_txcdc/tx_mii_clk_1
    SLICE_X54Y59         FDCE                                         r  u_txcdc/rd_rst_sync_reg[1]/C
  -------------------------------------------------------------------    -------------------
    SLICE_X54Y59         FDCE (Prop_AFF2_SLICEL_C_Q)
                                                      0.072     2.117 r  u_txcdc/rd_rst_sync_reg[1]/Q
                         net (fo=47, routed)          0.220     2.337    u_txcdc/rd_rst_sync[1]
    SLICE_X57Y61         FDCE                                         f  u_txcdc/wgray_s1_r_reg[3]/CLR  (IS_INVERTED)
  -------------------------------------------------------------------    -------------------

                         (clock txoutclk_out[0]_3 rise edge)
                                                      0.000     0.000 r  
    GTYE4_CHANNEL_X0Y5   GTYE4_CHANNEL                0.000     0.000 r  u_pcs/inst/i_pcs64_gt_1/inst/gen_gtwizard_gtye4_top.pcs64_gt_1_gtwizard_gtye4_inst/gen_gtwizard_gtye4.gen_channel_container[1].gen_enabled_channel.gtye4_channel_wrapper_inst/channel_inst/gtye4_channel_gen.gen_gtye4_channel_inst[0].GTYE4_CHANNEL_PRIM_INST/TXOUTCLK
                         net (fo=2, routed)           0.090     0.090    u_pcs/inst/i_core_gtwiz_userclk_tx_inst_1/txoutclk_out[0]
    BUFG_GT_X0Y39        BUFG_GT (Prop_BUFG_GT_I_O)
                                                      0.139     0.229 r  u_pcs/inst/i_core_gtwiz_userclk_tx_inst_1/gen_gtwiz_userclk_tx_main.bufg_gt_usrclk_inst/O
    X1Y0 (CLOCK_ROOT)    net (fo=1242, routed)        2.206     2.435    u_txcdc/tx_mii_clk_1
    SLICE_X57Y61         FDCE                                         r  u_txcdc/wgray_s1_r_reg[3]/C
                         clock pessimism             -0.127     2.308    
    SLICE_X57Y61         FDCE (Remov_DFF2_SLICEL_C_CLR)
                                                     -0.033     2.275    u_txcdc/wgray_s1_r_reg[3]
  -------------------------------------------------------------------
                         required time                         -2.275    
                         arrival time                           2.337    
  -------------------------------------------------------------------
                         slack                                  0.062    





---------------------------------------------------------------------------------------------------
Path Group:  **async_default**
From Clock:  u_pcie_xdma/inst/pcie4_ip_i/inst/xdma_0_pcie4_ip_gt_top_i/diablo_gt.diablo_gt_phy_wrapper/gt_wizard.gtwizard_top_i/xdma_0_pcie4_ip_gt_i/inst/gen_gtwizard_gtye4_top.xdma_0_pcie4_ip_gt_gtwizard_gtye4_inst/gen_gtwizard_gtye4.gen_cpll_cal_gtye4.gen_cpll_cal_inst[0].gen_inst_cpll_cal.gtwizard_ultrascale_v1_7_22_gtye4_cpll_cal_inst/gtwizard_ultrascale_v1_7_22_gtye4_cpll_cal_tx_i/bufg_gt_txoutclkmon_inst/O
  To Clock:  u_pcie_xdma/inst/pcie4_ip_i/inst/xdma_0_pcie4_ip_gt_top_i/diablo_gt.diablo_gt_phy_wrapper/gt_wizard.gtwizard_top_i/xdma_0_pcie4_ip_gt_i/inst/gen_gtwizard_gtye4_top.xdma_0_pcie4_ip_gt_gtwizard_gtye4_inst/gen_gtwizard_gtye4.gen_cpll_cal_gtye4.gen_cpll_cal_inst[0].gen_inst_cpll_cal.gtwizard_ultrascale_v1_7_22_gtye4_cpll_cal_inst/gtwizard_ultrascale_v1_7_22_gtye4_cpll_cal_tx_i/bufg_gt_txoutclkmon_inst/O

Setup :            0  Failing Endpoints,  Worst Slack        7.320ns,  Total Violation        0.000ns
Hold  :            0  Failing Endpoints,  Worst Slack        0.122ns,  Total Violation        0.000ns
---------------------------------------------------------------------------------------------------


Max Delay Paths
--------------------------------------------------------------------------------------
Slack (MET) :             7.320ns  (required time - arrival time)
  Source:                 u_pcie_xdma/inst/pcie4_ip_i/inst/xdma_0_pcie4_ip_gt_top_i/diablo_gt.diablo_gt_phy_wrapper/gt_wizard.gtwizard_top_i/xdma_0_pcie4_ip_gt_i/inst/gen_gtwizard_gtye4_top.xdma_0_pcie4_ip_gt_gtwizard_gtye4_inst/gen_gtwizard_gtye4.gen_cpll_cal_gtye4.gen_cpll_cal_inst[0].gen_inst_cpll_cal.gtwizard_ultrascale_v1_7_22_gtye4_cpll_cal_inst/gtwizard_ultrascale_v1_7_22_gtye4_cpll_cal_tx_i/U_TXOUTCLK_FREQ_COUNTER/reset_synchronizer_testclk_rst_inst/rst_in_out_reg/C
                            (rising edge-triggered cell FDPE clocked by u_pcie_xdma/inst/pcie4_ip_i/inst/xdma_0_pcie4_ip_gt_top_i/diablo_gt.diablo_gt_phy_wrapper/gt_wizard.gtwizard_top_i/xdma_0_pcie4_ip_gt_i/inst/gen_gtwizard_gtye4_top.xdma_0_pcie4_ip_gt_gtwizard_gtye4_inst/gen_gtwizard_gtye4.gen_cpll_cal_gtye4.gen_cpll_cal_inst[0].gen_inst_cpll_cal.gtwizard_ultrascale_v1_7_22_gtye4_cpll_cal_inst/gtwizard_ultrascale_v1_7_22_gtye4_cpll_cal_tx_i/bufg_gt_txoutclkmon_inst/O  {rise@0.000ns fall@4.000ns period=8.000ns})
  Destination:            u_pcie_xdma/inst/pcie4_ip_i/inst/xdma_0_pcie4_ip_gt_top_i/diablo_gt.diablo_gt_phy_wrapper/gt_wizard.gtwizard_top_i/xdma_0_pcie4_ip_gt_i/inst/gen_gtwizard_gtye4_top.xdma_0_pcie4_ip_gt_gtwizard_gtye4_inst/gen_gtwizard_gtye4.gen_cpll_cal_gtye4.gen_cpll_cal_inst[0].gen_inst_cpll_cal.gtwizard_ultrascale_v1_7_22_gtye4_cpll_cal_inst/gtwizard_ultrascale_v1_7_22_gtye4_cpll_cal_tx_i/U_TXOUTCLK_FREQ_COUNTER/testclk_cnt_reg[16]/CLR
                            (recovery check against rising-edge clock u_pcie_xdma/inst/pcie4_ip_i/inst/xdma_0_pcie4_ip_gt_top_i/diablo_gt.diablo_gt_phy_wrapper/gt_wizard.gtwizard_top_i/xdma_0_pcie4_ip_gt_i/inst/gen_gtwizard_gtye4_top.xdma_0_pcie4_ip_gt_gtwizard_gtye4_inst/gen_gtwizard_gtye4.gen_cpll_cal_gtye4.gen_cpll_cal_inst[0].gen_inst_cpll_cal.gtwizard_ultrascale_v1_7_22_gtye4_cpll_cal_inst/gtwizard_ultrascale_v1_7_22_gtye4_cpll_cal_tx_i/bufg_gt_txoutclkmon_inst/O  {rise@0.000ns fall@4.000ns period=8.000ns})
  Path Group:             **async_default**
  Path Type:              Recovery (Max at Slow Process Corner)
  Requirement:            8.000ns  (u_pcie_xdma/inst/pcie4_ip_i/inst/xdma_0_pcie4_ip_gt_top_i/diablo_gt.diablo_gt_phy_wrapper/gt_wizard.gtwizard_top_i/xdma_0_pcie4_ip_gt_i/inst/gen_gtwizard_gtye4_top.xdma_0_pcie4_ip_gt_gtwizard_gtye4_inst/gen_gtwizard_gtye4.gen_cpll_cal_gtye4.gen_cpll_cal_inst[0].gen_inst_cpll_cal.gtwizard_ultrascale_v1_7_22_gtye4_cpll_cal_inst/gtwizard_ultrascale_v1_7_22_gtye4_cpll_cal_tx_i/bufg_gt_txoutclkmon_inst/O rise@8.000ns - u_pcie_xdma/inst/pcie4_ip_i/inst/xdma_0_pcie4_ip_gt_top_i/diablo_gt.diablo_gt_phy_wrapper/gt_wizard.gtwizard_top_i/xdma_0_pcie4_ip_gt_i/inst/gen_gtwizard_gtye4_top.xdma_0_pcie4_ip_gt_gtwizard_gtye4_inst/gen_gtwizard_gtye4.gen_cpll_cal_gtye4.gen_cpll_cal_inst[0].gen_inst_cpll_cal.gtwizard_ultrascale_v1_7_22_gtye4_cpll_cal_inst/gtwizard_ultrascale_v1_7_22_gtye4_cpll_cal_tx_i/bufg_gt_txoutclkmon_inst/O rise@0.000ns)
  Data Path Delay:        0.446ns  (logic 0.093ns (20.837%)  route 0.353ns (79.163%))
  Logic Levels:           0  
  Clock Path Skew:        -0.116ns (DCD - SCD + CPR)
    Destination Clock Delay (DCD):    0.605ns = ( 8.605 - 8.000 ) 
    Source Clock Delay      (SCD):    0.721ns
    Clock Pessimism Removal (CPR):    0.000ns
  Clock Uncertainty:      0.046ns  ((TSJ^2 + DJ^2)^1/2) / 2 + PE
    Total System Jitter     (TSJ):    0.071ns
    Discrete Jitter          (DJ):    0.060ns
    Phase Error              (PE):    0.000ns
  Clock Net Delay (Source):      0.721ns (routing 0.002ns, distribution 0.719ns)
  Clock Net Delay (Destination): 0.605ns (routing 0.001ns, distribution 0.604ns)

    Location             Delay type                Incr(ns)  Path(ns)    Netlist Resource(s)
  -------------------------------------------------------------------    -------------------
                         (clock u_pcie_xdma/inst/pcie4_ip_i/inst/xdma_0_pcie4_ip_gt_top_i/diablo_gt.diablo_gt_phy_wrapper/gt_wizard.gtwizard_top_i/xdma_0_pcie4_ip_gt_i/inst/gen_gtwizard_gtye4_top.xdma_0_pcie4_ip_gt_gtwizard_gtye4_inst/gen_gtwizard_gtye4.gen_cpll_cal_gtye4.gen_cpll_cal_inst[0].gen_inst_cpll_cal.gtwizard_ultrascale_v1_7_22_gtye4_cpll_cal_inst/gtwizard_ultrascale_v1_7_22_gtye4_cpll_cal_tx_i/bufg_gt_txoutclkmon_inst/O rise edge)
                                                      0.000     0.000 r  
    BUFG_GT_X0Y22        BUFG_GT                      0.000     0.000 r  u_pcie_xdma/inst/pcie4_ip_i/inst/xdma_0_pcie4_ip_gt_top_i/diablo_gt.diablo_gt_phy_wrapper/gt_wizard.gtwizard_top_i/xdma_0_pcie4_ip_gt_i/inst/gen_gtwizard_gtye4_top.xdma_0_pcie4_ip_gt_gtwizard_gtye4_inst/gen_gtwizard_gtye4.gen_cpll_cal_gtye4.gen_cpll_cal_inst[0].gen_inst_cpll_cal.gtwizard_ultrascale_v1_7_22_gtye4_cpll_cal_inst/gtwizard_ultrascale_v1_7_22_gtye4_cpll_cal_tx_i/bufg_gt_txoutclkmon_inst/O
    X3Y0 (CLOCK_ROOT)    net (fo=31, routed)          0.721     0.721    u_pcie_xdma/inst/pcie4_ip_i/inst/xdma_0_pcie4_ip_gt_top_i/diablo_gt.diablo_gt_phy_wrapper/gt_wizard.gtwizard_top_i/xdma_0_pcie4_ip_gt_i/inst/gen_gtwizard_gtye4_top.xdma_0_pcie4_ip_gt_gtwizard_gtye4_inst/gen_gtwizard_gtye4.gen_cpll_cal_gtye4.gen_cpll_cal_inst[0].gen_inst_cpll_cal.gtwizard_ultrascale_v1_7_22_gtye4_cpll_cal_inst/gtwizard_ultrascale_v1_7_22_gtye4_cpll_cal_tx_i/U_TXOUTCLK_FREQ_COUNTER/reset_synchronizer_testclk_rst_inst/txoutclkmon
    SLICE_X95Y2          FDPE                                         r  u_pcie_xdma/inst/pcie4_ip_i/inst/xdma_0_pcie4_ip_gt_top_i/diablo_gt.diablo_gt_phy_wrapper/gt_wizard.gtwizard_top_i/xdma_0_pcie4_ip_gt_i/inst/gen_gtwizard_gtye4_top.xdma_0_pcie4_ip_gt_gtwizard_gtye4_inst/gen_gtwizard_gtye4.gen_cpll_cal_gtye4.gen_cpll_cal_inst[0].gen_inst_cpll_cal.gtwizard_ultrascale_v1_7_22_gtye4_cpll_cal_inst/gtwizard_ultrascale_v1_7_22_gtye4_cpll_cal_tx_i/U_TXOUTCLK_FREQ_COUNTER/reset_synchronizer_testclk_rst_inst/rst_in_out_reg/C
  -------------------------------------------------------------------    -------------------
    SLICE_X95Y2          FDPE (Prop_EFF_SLICEM_C_Q)
                                                      0.093     0.814 f  u_pcie_xdma/inst/pcie4_ip_i/inst/xdma_0_pcie4_ip_gt_top_i/diablo_gt.diablo_gt_phy_wrapper/gt_wizard.gtwizard_top_i/xdma_0_pcie4_ip_gt_i/inst/gen_gtwizard_gtye4_top.xdma_0_pcie4_ip_gt_gtwizard_gtye4_inst/gen_gtwizard_gtye4.gen_cpll_cal_gtye4.gen_cpll_cal_inst[0].gen_inst_cpll_cal.gtwizard_ultrascale_v1_7_22_gtye4_cpll_cal_inst/gtwizard_ultrascale_v1_7_22_gtye4_cpll_cal_tx_i/U_TXOUTCLK_FREQ_COUNTER/reset_synchronizer_testclk_rst_inst/rst_in_out_reg/Q
                         net (fo=18, routed)          0.353     1.167    u_pcie_xdma/inst/pcie4_ip_i/inst/xdma_0_pcie4_ip_gt_top_i/diablo_gt.diablo_gt_phy_wrapper/gt_wizard.gtwizard_top_i/xdma_0_pcie4_ip_gt_i/inst/gen_gtwizard_gtye4_top.xdma_0_pcie4_ip_gt_gtwizard_gtye4_inst/gen_gtwizard_gtye4.gen_cpll_cal_gtye4.gen_cpll_cal_inst[0].gen_inst_cpll_cal.gtwizard_ultrascale_v1_7_22_gtye4_cpll_cal_inst/gtwizard_ultrascale_v1_7_22_gtye4_cpll_cal_tx_i/U_TXOUTCLK_FREQ_COUNTER/rst_in_out
    SLICE_X98Y3          FDCE                                         f  u_pcie_xdma/inst/pcie4_ip_i/inst/xdma_0_pcie4_ip_gt_top_i/diablo_gt.diablo_gt_phy_wrapper/gt_wizard.gtwizard_top_i/xdma_0_pcie4_ip_gt_i/inst/gen_gtwizard_gtye4_top.xdma_0_pcie4_ip_gt_gtwizard_gtye4_inst/gen_gtwizard_gtye4.gen_cpll_cal_gtye4.gen_cpll_cal_inst[0].gen_inst_cpll_cal.gtwizard_ultrascale_v1_7_22_gtye4_cpll_cal_inst/gtwizard_ultrascale_v1_7_22_gtye4_cpll_cal_tx_i/U_TXOUTCLK_FREQ_COUNTER/testclk_cnt_reg[16]/CLR
  -------------------------------------------------------------------    -------------------

                         (clock u_pcie_xdma/inst/pcie4_ip_i/inst/xdma_0_pcie4_ip_gt_top_i/diablo_gt.diablo_gt_phy_wrapper/gt_wizard.gtwizard_top_i/xdma_0_pcie4_ip_gt_i/inst/gen_gtwizard_gtye4_top.xdma_0_pcie4_ip_gt_gtwizard_gtye4_inst/gen_gtwizard_gtye4.gen_cpll_cal_gtye4.gen_cpll_cal_inst[0].gen_inst_cpll_cal.gtwizard_ultrascale_v1_7_22_gtye4_cpll_cal_inst/gtwizard_ultrascale_v1_7_22_gtye4_cpll_cal_tx_i/bufg_gt_txoutclkmon_inst/O rise edge)
                                                      8.000     8.000 r  
    BUFG_GT_X0Y22        BUFG_GT                      0.000     8.000 r  u_pcie_xdma/inst/pcie4_ip_i/inst/xdma_0_pcie4_ip_gt_top_i/diablo_gt.diablo_gt_phy_wrapper/gt_wizard.gtwizard_top_i/xdma_0_pcie4_ip_gt_i/inst/gen_gtwizard_gtye4_top.xdma_0_pcie4_ip_gt_gtwizard_gtye4_inst/gen_gtwizard_gtye4.gen_cpll_cal_gtye4.gen_cpll_cal_inst[0].gen_inst_cpll_cal.gtwizard_ultrascale_v1_7_22_gtye4_cpll_cal_inst/gtwizard_ultrascale_v1_7_22_gtye4_cpll_cal_tx_i/bufg_gt_txoutclkmon_inst/O
    X3Y0 (CLOCK_ROOT)    net (fo=31, routed)          0.605     8.605    u_pcie_xdma/inst/pcie4_ip_i/inst/xdma_0_pcie4_ip_gt_top_i/diablo_gt.diablo_gt_phy_wrapper/gt_wizard.gtwizard_top_i/xdma_0_pcie4_ip_gt_i/inst/gen_gtwizard_gtye4_top.xdma_0_pcie4_ip_gt_gtwizard_gtye4_inst/gen_gtwizard_gtye4.gen_cpll_cal_gtye4.gen_cpll_cal_inst[0].gen_inst_cpll_cal.gtwizard_ultrascale_v1_7_22_gtye4_cpll_cal_inst/gtwizard_ultrascale_v1_7_22_gtye4_cpll_cal_tx_i/U_TXOUTCLK_FREQ_COUNTER/txoutclkmon
    SLICE_X98Y3          FDCE                                         r  u_pcie_xdma/inst/pcie4_ip_i/inst/xdma_0_pcie4_ip_gt_top_i/diablo_gt.diablo_gt_phy_wrapper/gt_wizard.gtwizard_top_i/xdma_0_pcie4_ip_gt_i/inst/gen_gtwizard_gtye4_top.xdma_0_pcie4_ip_gt_gtwizard_gtye4_inst/gen_gtwizard_gtye4.gen_cpll_cal_gtye4.gen_cpll_cal_inst[0].gen_inst_cpll_cal.gtwizard_ultrascale_v1_7_22_gtye4_cpll_cal_inst/gtwizard_ultrascale_v1_7_22_gtye4_cpll_cal_tx_i/U_TXOUTCLK_FREQ_COUNTER/testclk_cnt_reg[16]/C
                         clock pessimism              0.000     8.605    
                         clock uncertainty           -0.046     8.559    
    SLICE_X98Y3          FDCE (Recov_AFF_SLICEM_C_CLR)
                                                     -0.072     8.487    u_pcie_xdma/inst/pcie4_ip_i/inst/xdma_0_pcie4_ip_gt_top_i/diablo_gt.diablo_gt_phy_wrapper/gt_wizard.gtwizard_top_i/xdma_0_pcie4_ip_gt_i/inst/gen_gtwizard_gtye4_top.xdma_0_pcie4_ip_gt_gtwizard_gtye4_inst/gen_gtwizard_gtye4.gen_cpll_cal_gtye4.gen_cpll_cal_inst[0].gen_inst_cpll_cal.gtwizard_ultrascale_v1_7_22_gtye4_cpll_cal_inst/gtwizard_ultrascale_v1_7_22_gtye4_cpll_cal_tx_i/U_TXOUTCLK_FREQ_COUNTER/testclk_cnt_reg[16]
  -------------------------------------------------------------------
                         required time                          8.487    
                         arrival time                          -1.167    
  -------------------------------------------------------------------
                         slack                                  7.320    





Min Delay Paths
--------------------------------------------------------------------------------------
Slack (MET) :             0.122ns  (arrival time - required time)
  Source:                 u_pcie_xdma/inst/pcie4_ip_i/inst/xdma_0_pcie4_ip_gt_top_i/diablo_gt.diablo_gt_phy_wrapper/gt_wizard.gtwizard_top_i/xdma_0_pcie4_ip_gt_i/inst/gen_gtwizard_gtye4_top.xdma_0_pcie4_ip_gt_gtwizard_gtye4_inst/gen_gtwizard_gtye4.gen_cpll_cal_gtye4.gen_cpll_cal_inst[0].gen_inst_cpll_cal.gtwizard_ultrascale_v1_7_22_gtye4_cpll_cal_inst/gtwizard_ultrascale_v1_7_22_gtye4_cpll_cal_tx_i/U_TXOUTCLK_FREQ_COUNTER/reset_synchronizer_testclk_rst_inst/rst_in_out_reg/C
                            (rising edge-triggered cell FDPE clocked by u_pcie_xdma/inst/pcie4_ip_i/inst/xdma_0_pcie4_ip_gt_top_i/diablo_gt.diablo_gt_phy_wrapper/gt_wizard.gtwizard_top_i/xdma_0_pcie4_ip_gt_i/inst/gen_gtwizard_gtye4_top.xdma_0_pcie4_ip_gt_gtwizard_gtye4_inst/gen_gtwizard_gtye4.gen_cpll_cal_gtye4.gen_cpll_cal_inst[0].gen_inst_cpll_cal.gtwizard_ultrascale_v1_7_22_gtye4_cpll_cal_inst/gtwizard_ultrascale_v1_7_22_gtye4_cpll_cal_tx_i/bufg_gt_txoutclkmon_inst/O  {rise@0.000ns fall@4.000ns period=8.000ns})
  Destination:            u_pcie_xdma/inst/pcie4_ip_i/inst/xdma_0_pcie4_ip_gt_top_i/diablo_gt.diablo_gt_phy_wrapper/gt_wizard.gtwizard_top_i/xdma_0_pcie4_ip_gt_i/inst/gen_gtwizard_gtye4_top.xdma_0_pcie4_ip_gt_gtwizard_gtye4_inst/gen_gtwizard_gtye4.gen_cpll_cal_gtye4.gen_cpll_cal_inst[0].gen_inst_cpll_cal.gtwizard_ultrascale_v1_7_22_gtye4_cpll_cal_inst/gtwizard_ultrascale_v1_7_22_gtye4_cpll_cal_tx_i/U_TXOUTCLK_FREQ_COUNTER/testclk_cnt_reg[10]/CLR
                            (removal check against rising-edge clock u_pcie_xdma/inst/pcie4_ip_i/inst/xdma_0_pcie4_ip_gt_top_i/diablo_gt.diablo_gt_phy_wrapper/gt_wizard.gtwizard_top_i/xdma_0_pcie4_ip_gt_i/inst/gen_gtwizard_gtye4_top.xdma_0_pcie4_ip_gt_gtwizard_gtye4_inst/gen_gtwizard_gtye4.gen_cpll_cal_gtye4.gen_cpll_cal_inst[0].gen_inst_cpll_cal.gtwizard_ultrascale_v1_7_22_gtye4_cpll_cal_inst/gtwizard_ultrascale_v1_7_22_gtye4_cpll_cal_tx_i/bufg_gt_txoutclkmon_inst/O  {rise@0.000ns fall@4.000ns period=8.000ns})
  Path Group:             **async_default**
  Path Type:              Removal (Min at Fast Process Corner)
  Requirement:            0.000ns  (u_pcie_xdma/inst/pcie4_ip_i/inst/xdma_0_pcie4_ip_gt_top_i/diablo_gt.diablo_gt_phy_wrapper/gt_wizard.gtwizard_top_i/xdma_0_pcie4_ip_gt_i/inst/gen_gtwizard_gtye4_top.xdma_0_pcie4_ip_gt_gtwizard_gtye4_inst/gen_gtwizard_gtye4.gen_cpll_cal_gtye4.gen_cpll_cal_inst[0].gen_inst_cpll_cal.gtwizard_ultrascale_v1_7_22_gtye4_cpll_cal_inst/gtwizard_ultrascale_v1_7_22_gtye4_cpll_cal_tx_i/bufg_gt_txoutclkmon_inst/O rise@0.000ns - u_pcie_xdma/inst/pcie4_ip_i/inst/xdma_0_pcie4_ip_gt_top_i/diablo_gt.diablo_gt_phy_wrapper/gt_wizard.gtwizard_top_i/xdma_0_pcie4_ip_gt_i/inst/gen_gtwizard_gtye4_top.xdma_0_pcie4_ip_gt_gtwizard_gtye4_inst/gen_gtwizard_gtye4.gen_cpll_cal_gtye4.gen_cpll_cal_inst[0].gen_inst_cpll_cal.gtwizard_ultrascale_v1_7_22_gtye4_cpll_cal_inst/gtwizard_ultrascale_v1_7_22_gtye4_cpll_cal_tx_i/bufg_gt_txoutclkmon_inst/O rise@0.000ns)
  Data Path Delay:        0.153ns  (logic 0.038ns (24.825%)  route 0.115ns (75.175%))
  Logic Levels:           0  
  Clock Path Skew:        0.051ns (DCD - SCD - CPR)
    Destination Clock Delay (DCD):    0.414ns
    Source Clock Delay      (SCD):    0.363ns
    Clock Pessimism Removal (CPR):    0.001ns
  Clock Net Delay (Source):      0.363ns (routing 0.001ns, distribution 0.362ns)
  Clock Net Delay (Destination): 0.414ns (routing 0.001ns, distribution 0.413ns)

    Location             Delay type                Incr(ns)  Path(ns)    Netlist Resource(s)
  -------------------------------------------------------------------    -------------------
                         (clock u_pcie_xdma/inst/pcie4_ip_i/inst/xdma_0_pcie4_ip_gt_top_i/diablo_gt.diablo_gt_phy_wrapper/gt_wizard.gtwizard_top_i/xdma_0_pcie4_ip_gt_i/inst/gen_gtwizard_gtye4_top.xdma_0_pcie4_ip_gt_gtwizard_gtye4_inst/gen_gtwizard_gtye4.gen_cpll_cal_gtye4.gen_cpll_cal_inst[0].gen_inst_cpll_cal.gtwizard_ultrascale_v1_7_22_gtye4_cpll_cal_inst/gtwizard_ultrascale_v1_7_22_gtye4_cpll_cal_tx_i/bufg_gt_txoutclkmon_inst/O rise edge)
                                                      0.000     0.000 r  
    BUFG_GT_X0Y22        BUFG_GT                      0.000     0.000 r  u_pcie_xdma/inst/pcie4_ip_i/inst/xdma_0_pcie4_ip_gt_top_i/diablo_gt.diablo_gt_phy_wrapper/gt_wizard.gtwizard_top_i/xdma_0_pcie4_ip_gt_i/inst/gen_gtwizard_gtye4_top.xdma_0_pcie4_ip_gt_gtwizard_gtye4_inst/gen_gtwizard_gtye4.gen_cpll_cal_gtye4.gen_cpll_cal_inst[0].gen_inst_cpll_cal.gtwizard_ultrascale_v1_7_22_gtye4_cpll_cal_inst/gtwizard_ultrascale_v1_7_22_gtye4_cpll_cal_tx_i/bufg_gt_txoutclkmon_inst/O
    X3Y0 (CLOCK_ROOT)    net (fo=31, routed)          0.363     0.363    u_pcie_xdma/inst/pcie4_ip_i/inst/xdma_0_pcie4_ip_gt_top_i/diablo_gt.diablo_gt_phy_wrapper/gt_wizard.gtwizard_top_i/xdma_0_pcie4_ip_gt_i/inst/gen_gtwizard_gtye4_top.xdma_0_pcie4_ip_gt_gtwizard_gtye4_inst/gen_gtwizard_gtye4.gen_cpll_cal_gtye4.gen_cpll_cal_inst[0].gen_inst_cpll_cal.gtwizard_ultrascale_v1_7_22_gtye4_cpll_cal_inst/gtwizard_ultrascale_v1_7_22_gtye4_cpll_cal_tx_i/U_TXOUTCLK_FREQ_COUNTER/reset_synchronizer_testclk_rst_inst/txoutclkmon
    SLICE_X95Y2          FDPE                                         r  u_pcie_xdma/inst/pcie4_ip_i/inst/xdma_0_pcie4_ip_gt_top_i/diablo_gt.diablo_gt_phy_wrapper/gt_wizard.gtwizard_top_i/xdma_0_pcie4_ip_gt_i/inst/gen_gtwizard_gtye4_top.xdma_0_pcie4_ip_gt_gtwizard_gtye4_inst/gen_gtwizard_gtye4.gen_cpll_cal_gtye4.gen_cpll_cal_inst[0].gen_inst_cpll_cal.gtwizard_ultrascale_v1_7_22_gtye4_cpll_cal_inst/gtwizard_ultrascale_v1_7_22_gtye4_cpll_cal_tx_i/U_TXOUTCLK_FREQ_COUNTER/reset_synchronizer_testclk_rst_inst/rst_in_out_reg/C
  -------------------------------------------------------------------    -------------------
    SLICE_X95Y2          FDPE (Prop_EFF_SLICEM_C_Q)
                                                      0.038     0.401 f  u_pcie_xdma/inst/pcie4_ip_i/inst/xdma_0_pcie4_ip_gt_top_i/diablo_gt.diablo_gt_phy_wrapper/gt_wizard.gtwizard_top_i/xdma_0_pcie4_ip_gt_i/inst/gen_gtwizard_gtye4_top.xdma_0_pcie4_ip_gt_gtwizard_gtye4_inst/gen_gtwizard_gtye4.gen_cpll_cal_gtye4.gen_cpll_cal_inst[0].gen_inst_cpll_cal.gtwizard_ultrascale_v1_7_22_gtye4_cpll_cal_inst/gtwizard_ultrascale_v1_7_22_gtye4_cpll_cal_tx_i/U_TXOUTCLK_FREQ_COUNTER/reset_synchronizer_testclk_rst_inst/rst_in_out_reg/Q
                         net (fo=18, routed)          0.115     0.516    u_pcie_xdma/inst/pcie4_ip_i/inst/xdma_0_pcie4_ip_gt_top_i/diablo_gt.diablo_gt_phy_wrapper/gt_wizard.gtwizard_top_i/xdma_0_pcie4_ip_gt_i/inst/gen_gtwizard_gtye4_top.xdma_0_pcie4_ip_gt_gtwizard_gtye4_inst/gen_gtwizard_gtye4.gen_cpll_cal_gtye4.gen_cpll_cal_inst[0].gen_inst_cpll_cal.gtwizard_ultrascale_v1_7_22_gtye4_cpll_cal_inst/gtwizard_ultrascale_v1_7_22_gtye4_cpll_cal_tx_i/U_TXOUTCLK_FREQ_COUNTER/rst_in_out
    SLICE_X98Y2          FDCE                                         f  u_pcie_xdma/inst/pcie4_ip_i/inst/xdma_0_pcie4_ip_gt_top_i/diablo_gt.diablo_gt_phy_wrapper/gt_wizard.gtwizard_top_i/xdma_0_pcie4_ip_gt_i/inst/gen_gtwizard_gtye4_top.xdma_0_pcie4_ip_gt_gtwizard_gtye4_inst/gen_gtwizard_gtye4.gen_cpll_cal_gtye4.gen_cpll_cal_inst[0].gen_inst_cpll_cal.gtwizard_ultrascale_v1_7_22_gtye4_cpll_cal_inst/gtwizard_ultrascale_v1_7_22_gtye4_cpll_cal_tx_i/U_TXOUTCLK_FREQ_COUNTER/testclk_cnt_reg[10]/CLR
  -------------------------------------------------------------------    -------------------

                         (clock u_pcie_xdma/inst/pcie4_ip_i/inst/xdma_0_pcie4_ip_gt_top_i/diablo_gt.diablo_gt_phy_wrapper/gt_wizard.gtwizard_top_i/xdma_0_pcie4_ip_gt_i/inst/gen_gtwizard_gtye4_top.xdma_0_pcie4_ip_gt_gtwizard_gtye4_inst/gen_gtwizard_gtye4.gen_cpll_cal_gtye4.gen_cpll_cal_inst[0].gen_inst_cpll_cal.gtwizard_ultrascale_v1_7_22_gtye4_cpll_cal_inst/gtwizard_ultrascale_v1_7_22_gtye4_cpll_cal_tx_i/bufg_gt_txoutclkmon_inst/O rise edge)
                                                      0.000     0.000 r  
    BUFG_GT_X0Y22        BUFG_GT                      0.000     0.000 r  u_pcie_xdma/inst/pcie4_ip_i/inst/xdma_0_pcie4_ip_gt_top_i/diablo_gt.diablo_gt_phy_wrapper/gt_wizard.gtwizard_top_i/xdma_0_pcie4_ip_gt_i/inst/gen_gtwizard_gtye4_top.xdma_0_pcie4_ip_gt_gtwizard_gtye4_inst/gen_gtwizard_gtye4.gen_cpll_cal_gtye4.gen_cpll_cal_inst[0].gen_inst_cpll_cal.gtwizard_ultrascale_v1_7_22_gtye4_cpll_cal_inst/gtwizard_ultrascale_v1_7_22_gtye4_cpll_cal_tx_i/bufg_gt_txoutclkmon_inst/O
    X3Y0 (CLOCK_ROOT)    net (fo=31, routed)          0.414     0.414    u_pcie_xdma/inst/pcie4_ip_i/inst/xdma_0_pcie4_ip_gt_top_i/diablo_gt.diablo_gt_phy_wrapper/gt_wizard.gtwizard_top_i/xdma_0_pcie4_ip_gt_i/inst/gen_gtwizard_gtye4_top.xdma_0_pcie4_ip_gt_gtwizard_gtye4_inst/gen_gtwizard_gtye4.gen_cpll_cal_gtye4.gen_cpll_cal_inst[0].gen_inst_cpll_cal.gtwizard_ultrascale_v1_7_22_gtye4_cpll_cal_inst/gtwizard_ultrascale_v1_7_22_gtye4_cpll_cal_tx_i/U_TXOUTCLK_FREQ_COUNTER/txoutclkmon
    SLICE_X98Y2          FDCE                                         r  u_pcie_xdma/inst/pcie4_ip_i/inst/xdma_0_pcie4_ip_gt_top_i/diablo_gt.diablo_gt_phy_wrapper/gt_wizard.gtwizard_top_i/xdma_0_pcie4_ip_gt_i/inst/gen_gtwizard_gtye4_top.xdma_0_pcie4_ip_gt_gtwizard_gtye4_inst/gen_gtwizard_gtye4.gen_cpll_cal_gtye4.gen_cpll_cal_inst[0].gen_inst_cpll_cal.gtwizard_ultrascale_v1_7_22_gtye4_cpll_cal_inst/gtwizard_ultrascale_v1_7_22_gtye4_cpll_cal_tx_i/U_TXOUTCLK_FREQ_COUNTER/testclk_cnt_reg[10]/C
                         clock pessimism             -0.001     0.414    
    SLICE_X98Y2          FDCE (Remov_CFF_SLICEM_C_CLR)
                                                     -0.020     0.394    u_pcie_xdma/inst/pcie4_ip_i/inst/xdma_0_pcie4_ip_gt_top_i/diablo_gt.diablo_gt_phy_wrapper/gt_wizard.gtwizard_top_i/xdma_0_pcie4_ip_gt_i/inst/gen_gtwizard_gtye4_top.xdma_0_pcie4_ip_gt_gtwizard_gtye4_inst/gen_gtwizard_gtye4.gen_cpll_cal_gtye4.gen_cpll_cal_inst[0].gen_inst_cpll_cal.gtwizard_ultrascale_v1_7_22_gtye4_cpll_cal_inst/gtwizard_ultrascale_v1_7_22_gtye4_cpll_cal_tx_i/U_TXOUTCLK_FREQ_COUNTER/testclk_cnt_reg[10]
  -------------------------------------------------------------------
                         required time                         -0.394    
                         arrival time                           0.516    
  -------------------------------------------------------------------
                         slack                                  0.122    





---------------------------------------------------------------------------------------------------
Path Group:  **async_default**
From Clock:  u_pcie_xdma/inst/pcie4_ip_i/inst/xdma_0_pcie4_ip_gt_top_i/diablo_gt.diablo_gt_phy_wrapper/gt_wizard.gtwizard_top_i/xdma_0_pcie4_ip_gt_i/inst/gen_gtwizard_gtye4_top.xdma_0_pcie4_ip_gt_gtwizard_gtye4_inst/gen_gtwizard_gtye4.gen_cpll_cal_gtye4.gen_cpll_cal_inst[1].gen_inst_cpll_cal.gtwizard_ultrascale_v1_7_22_gtye4_cpll_cal_inst/gtwizard_ultrascale_v1_7_22_gtye4_cpll_cal_tx_i/bufg_gt_txoutclkmon_inst/O
  To Clock:  u_pcie_xdma/inst/pcie4_ip_i/inst/xdma_0_pcie4_ip_gt_top_i/diablo_gt.diablo_gt_phy_wrapper/gt_wizard.gtwizard_top_i/xdma_0_pcie4_ip_gt_i/inst/gen_gtwizard_gtye4_top.xdma_0_pcie4_ip_gt_gtwizard_gtye4_inst/gen_gtwizard_gtye4.gen_cpll_cal_gtye4.gen_cpll_cal_inst[1].gen_inst_cpll_cal.gtwizard_ultrascale_v1_7_22_gtye4_cpll_cal_inst/gtwizard_ultrascale_v1_7_22_gtye4_cpll_cal_tx_i/bufg_gt_txoutclkmon_inst/O

Setup :            0  Failing Endpoints,  Worst Slack        7.178ns,  Total Violation        0.000ns
Hold  :            0  Failing Endpoints,  Worst Slack        0.190ns,  Total Violation        0.000ns
---------------------------------------------------------------------------------------------------


Max Delay Paths
--------------------------------------------------------------------------------------
Slack (MET) :             7.178ns  (required time - arrival time)
  Source:                 u_pcie_xdma/inst/pcie4_ip_i/inst/xdma_0_pcie4_ip_gt_top_i/diablo_gt.diablo_gt_phy_wrapper/gt_wizard.gtwizard_top_i/xdma_0_pcie4_ip_gt_i/inst/gen_gtwizard_gtye4_top.xdma_0_pcie4_ip_gt_gtwizard_gtye4_inst/gen_gtwizard_gtye4.gen_cpll_cal_gtye4.gen_cpll_cal_inst[1].gen_inst_cpll_cal.gtwizard_ultrascale_v1_7_22_gtye4_cpll_cal_inst/gtwizard_ultrascale_v1_7_22_gtye4_cpll_cal_tx_i/U_TXOUTCLK_FREQ_COUNTER/reset_synchronizer_testclk_rst_inst/rst_in_out_reg/C
                            (rising edge-triggered cell FDPE clocked by u_pcie_xdma/inst/pcie4_ip_i/inst/xdma_0_pcie4_ip_gt_top_i/diablo_gt.diablo_gt_phy_wrapper/gt_wizard.gtwizard_top_i/xdma_0_pcie4_ip_gt_i/inst/gen_gtwizard_gtye4_top.xdma_0_pcie4_ip_gt_gtwizard_gtye4_inst/gen_gtwizard_gtye4.gen_cpll_cal_gtye4.gen_cpll_cal_inst[1].gen_inst_cpll_cal.gtwizard_ultrascale_v1_7_22_gtye4_cpll_cal_inst/gtwizard_ultrascale_v1_7_22_gtye4_cpll_cal_tx_i/bufg_gt_txoutclkmon_inst/O  {rise@0.000ns fall@4.000ns period=8.000ns})
  Destination:            u_pcie_xdma/inst/pcie4_ip_i/inst/xdma_0_pcie4_ip_gt_top_i/diablo_gt.diablo_gt_phy_wrapper/gt_wizard.gtwizard_top_i/xdma_0_pcie4_ip_gt_i/inst/gen_gtwizard_gtye4_top.xdma_0_pcie4_ip_gt_gtwizard_gtye4_inst/gen_gtwizard_gtye4.gen_cpll_cal_gtye4.gen_cpll_cal_inst[1].gen_inst_cpll_cal.gtwizard_ultrascale_v1_7_22_gtye4_cpll_cal_inst/gtwizard_ultrascale_v1_7_22_gtye4_cpll_cal_tx_i/U_TXOUTCLK_FREQ_COUNTER/testclk_cnt_reg[16]/CLR
                            (recovery check against rising-edge clock u_pcie_xdma/inst/pcie4_ip_i/inst/xdma_0_pcie4_ip_gt_top_i/diablo_gt.diablo_gt_phy_wrapper/gt_wizard.gtwizard_top_i/xdma_0_pcie4_ip_gt_i/inst/gen_gtwizard_gtye4_top.xdma_0_pcie4_ip_gt_gtwizard_gtye4_inst/gen_gtwizard_gtye4.gen_cpll_cal_gtye4.gen_cpll_cal_inst[1].gen_inst_cpll_cal.gtwizard_ultrascale_v1_7_22_gtye4_cpll_cal_inst/gtwizard_ultrascale_v1_7_22_gtye4_cpll_cal_tx_i/bufg_gt_txoutclkmon_inst/O  {rise@0.000ns fall@4.000ns period=8.000ns})
  Path Group:             **async_default**
  Path Type:              Recovery (Max at Slow Process Corner)
  Requirement:            8.000ns  (u_pcie_xdma/inst/pcie4_ip_i/inst/xdma_0_pcie4_ip_gt_top_i/diablo_gt.diablo_gt_phy_wrapper/gt_wizard.gtwizard_top_i/xdma_0_pcie4_ip_gt_i/inst/gen_gtwizard_gtye4_top.xdma_0_pcie4_ip_gt_gtwizard_gtye4_inst/gen_gtwizard_gtye4.gen_cpll_cal_gtye4.gen_cpll_cal_inst[1].gen_inst_cpll_cal.gtwizard_ultrascale_v1_7_22_gtye4_cpll_cal_inst/gtwizard_ultrascale_v1_7_22_gtye4_cpll_cal_tx_i/bufg_gt_txoutclkmon_inst/O rise@8.000ns - u_pcie_xdma/inst/pcie4_ip_i/inst/xdma_0_pcie4_ip_gt_top_i/diablo_gt.diablo_gt_phy_wrapper/gt_wizard.gtwizard_top_i/xdma_0_pcie4_ip_gt_i/inst/gen_gtwizard_gtye4_top.xdma_0_pcie4_ip_gt_gtwizard_gtye4_inst/gen_gtwizard_gtye4.gen_cpll_cal_gtye4.gen_cpll_cal_inst[1].gen_inst_cpll_cal.gtwizard_ultrascale_v1_7_22_gtye4_cpll_cal_inst/gtwizard_ultrascale_v1_7_22_gtye4_cpll_cal_tx_i/bufg_gt_txoutclkmon_inst/O rise@0.000ns)
  Data Path Delay:        0.636ns  (logic 0.093ns (14.628%)  route 0.543ns (85.372%))
  Logic Levels:           0  
  Clock Path Skew:        -0.068ns (DCD - SCD + CPR)
    Destination Clock Delay (DCD):    0.541ns = ( 8.541 - 8.000 ) 
    Source Clock Delay      (SCD):    0.671ns
    Clock Pessimism Removal (CPR):    0.062ns
  Clock Uncertainty:      0.046ns  ((TSJ^2 + DJ^2)^1/2) / 2 + PE
    Total System Jitter     (TSJ):    0.071ns
    Discrete Jitter          (DJ):    0.060ns
    Phase Error              (PE):    0.000ns
  Clock Net Delay (Source):      0.671ns (routing 0.002ns, distribution 0.669ns)
  Clock Net Delay (Destination): 0.541ns (routing 0.001ns, distribution 0.540ns)

    Location             Delay type                Incr(ns)  Path(ns)    Netlist Resource(s)
  -------------------------------------------------------------------    -------------------
                         (clock u_pcie_xdma/inst/pcie4_ip_i/inst/xdma_0_pcie4_ip_gt_top_i/diablo_gt.diablo_gt_phy_wrapper/gt_wizard.gtwizard_top_i/xdma_0_pcie4_ip_gt_i/inst/gen_gtwizard_gtye4_top.xdma_0_pcie4_ip_gt_gtwizard_gtye4_inst/gen_gtwizard_gtye4.gen_cpll_cal_gtye4.gen_cpll_cal_inst[1].gen_inst_cpll_cal.gtwizard_ultrascale_v1_7_22_gtye4_cpll_cal_inst/gtwizard_ultrascale_v1_7_22_gtye4_cpll_cal_tx_i/bufg_gt_txoutclkmon_inst/O rise edge)
                                                      0.000     0.000 r  
    BUFG_GT_X0Y21        BUFG_GT                      0.000     0.000 r  u_pcie_xdma/inst/pcie4_ip_i/inst/xdma_0_pcie4_ip_gt_top_i/diablo_gt.diablo_gt_phy_wrapper/gt_wizard.gtwizard_top_i/xdma_0_pcie4_ip_gt_i/inst/gen_gtwizard_gtye4_top.xdma_0_pcie4_ip_gt_gtwizard_gtye4_inst/gen_gtwizard_gtye4.gen_cpll_cal_gtye4.gen_cpll_cal_inst[1].gen_inst_cpll_cal.gtwizard_ultrascale_v1_7_22_gtye4_cpll_cal_inst/gtwizard_ultrascale_v1_7_22_gtye4_cpll_cal_tx_i/bufg_gt_txoutclkmon_inst/O
    X3Y0 (CLOCK_ROOT)    net (fo=31, routed)          0.671     0.671    u_pcie_xdma/inst/pcie4_ip_i/inst/xdma_0_pcie4_ip_gt_top_i/diablo_gt.diablo_gt_phy_wrapper/gt_wizard.gtwizard_top_i/xdma_0_pcie4_ip_gt_i/inst/gen_gtwizard_gtye4_top.xdma_0_pcie4_ip_gt_gtwizard_gtye4_inst/gen_gtwizard_gtye4.gen_cpll_cal_gtye4.gen_cpll_cal_inst[1].gen_inst_cpll_cal.gtwizard_ultrascale_v1_7_22_gtye4_cpll_cal_inst/gtwizard_ultrascale_v1_7_22_gtye4_cpll_cal_tx_i/U_TXOUTCLK_FREQ_COUNTER/reset_synchronizer_testclk_rst_inst/txoutclkmon
    SLICE_X107Y7         FDPE                                         r  u_pcie_xdma/inst/pcie4_ip_i/inst/xdma_0_pcie4_ip_gt_top_i/diablo_gt.diablo_gt_phy_wrapper/gt_wizard.gtwizard_top_i/xdma_0_pcie4_ip_gt_i/inst/gen_gtwizard_gtye4_top.xdma_0_pcie4_ip_gt_gtwizard_gtye4_inst/gen_gtwizard_gtye4.gen_cpll_cal_gtye4.gen_cpll_cal_inst[1].gen_inst_cpll_cal.gtwizard_ultrascale_v1_7_22_gtye4_cpll_cal_inst/gtwizard_ultrascale_v1_7_22_gtye4_cpll_cal_tx_i/U_TXOUTCLK_FREQ_COUNTER/reset_synchronizer_testclk_rst_inst/rst_in_out_reg/C
  -------------------------------------------------------------------    -------------------
    SLICE_X107Y7         FDPE (Prop_AFF_SLICEM_C_Q)
                                                      0.093     0.764 f  u_pcie_xdma/inst/pcie4_ip_i/inst/xdma_0_pcie4_ip_gt_top_i/diablo_gt.diablo_gt_phy_wrapper/gt_wizard.gtwizard_top_i/xdma_0_pcie4_ip_gt_i/inst/gen_gtwizard_gtye4_top.xdma_0_pcie4_ip_gt_gtwizard_gtye4_inst/gen_gtwizard_gtye4.gen_cpll_cal_gtye4.gen_cpll_cal_inst[1].gen_inst_cpll_cal.gtwizard_ultrascale_v1_7_22_gtye4_cpll_cal_inst/gtwizard_ultrascale_v1_7_22_gtye4_cpll_cal_tx_i/U_TXOUTCLK_FREQ_COUNTER/reset_synchronizer_testclk_rst_inst/rst_in_out_reg/Q
                         net (fo=18, routed)          0.543     1.307    u_pcie_xdma/inst/pcie4_ip_i/inst/xdma_0_pcie4_ip_gt_top_i/diablo_gt.diablo_gt_phy_wrapper/gt_wizard.gtwizard_top_i/xdma_0_pcie4_ip_gt_i/inst/gen_gtwizard_gtye4_top.xdma_0_pcie4_ip_gt_gtwizard_gtye4_inst/gen_gtwizard_gtye4.gen_cpll_cal_gtye4.gen_cpll_cal_inst[1].gen_inst_cpll_cal.gtwizard_ultrascale_v1_7_22_gtye4_cpll_cal_inst/gtwizard_ultrascale_v1_7_22_gtye4_cpll_cal_tx_i/U_TXOUTCLK_FREQ_COUNTER/rst_in_out
    SLICE_X108Y9         FDCE                                         f  u_pcie_xdma/inst/pcie4_ip_i/inst/xdma_0_pcie4_ip_gt_top_i/diablo_gt.diablo_gt_phy_wrapper/gt_wizard.gtwizard_top_i/xdma_0_pcie4_ip_gt_i/inst/gen_gtwizard_gtye4_top.xdma_0_pcie4_ip_gt_gtwizard_gtye4_inst/gen_gtwizard_gtye4.gen_cpll_cal_gtye4.gen_cpll_cal_inst[1].gen_inst_cpll_cal.gtwizard_ultrascale_v1_7_22_gtye4_cpll_cal_inst/gtwizard_ultrascale_v1_7_22_gtye4_cpll_cal_tx_i/U_TXOUTCLK_FREQ_COUNTER/testclk_cnt_reg[16]/CLR
  -------------------------------------------------------------------    -------------------

                         (clock u_pcie_xdma/inst/pcie4_ip_i/inst/xdma_0_pcie4_ip_gt_top_i/diablo_gt.diablo_gt_phy_wrapper/gt_wizard.gtwizard_top_i/xdma_0_pcie4_ip_gt_i/inst/gen_gtwizard_gtye4_top.xdma_0_pcie4_ip_gt_gtwizard_gtye4_inst/gen_gtwizard_gtye4.gen_cpll_cal_gtye4.gen_cpll_cal_inst[1].gen_inst_cpll_cal.gtwizard_ultrascale_v1_7_22_gtye4_cpll_cal_inst/gtwizard_ultrascale_v1_7_22_gtye4_cpll_cal_tx_i/bufg_gt_txoutclkmon_inst/O rise edge)
                                                      8.000     8.000 r  
    BUFG_GT_X0Y21        BUFG_GT                      0.000     8.000 r  u_pcie_xdma/inst/pcie4_ip_i/inst/xdma_0_pcie4_ip_gt_top_i/diablo_gt.diablo_gt_phy_wrapper/gt_wizard.gtwizard_top_i/xdma_0_pcie4_ip_gt_i/inst/gen_gtwizard_gtye4_top.xdma_0_pcie4_ip_gt_gtwizard_gtye4_inst/gen_gtwizard_gtye4.gen_cpll_cal_gtye4.gen_cpll_cal_inst[1].gen_inst_cpll_cal.gtwizard_ultrascale_v1_7_22_gtye4_cpll_cal_inst/gtwizard_ultrascale_v1_7_22_gtye4_cpll_cal_tx_i/bufg_gt_txoutclkmon_inst/O
    X3Y0 (CLOCK_ROOT)    net (fo=31, routed)          0.541     8.541    u_pcie_xdma/inst/pcie4_ip_i/inst/xdma_0_pcie4_ip_gt_top_i/diablo_gt.diablo_gt_phy_wrapper/gt_wizard.gtwizard_top_i/xdma_0_pcie4_ip_gt_i/inst/gen_gtwizard_gtye4_top.xdma_0_pcie4_ip_gt_gtwizard_gtye4_inst/gen_gtwizard_gtye4.gen_cpll_cal_gtye4.gen_cpll_cal_inst[1].gen_inst_cpll_cal.gtwizard_ultrascale_v1_7_22_gtye4_cpll_cal_inst/gtwizard_ultrascale_v1_7_22_gtye4_cpll_cal_tx_i/U_TXOUTCLK_FREQ_COUNTER/txoutclkmon
    SLICE_X108Y9         FDCE                                         r  u_pcie_xdma/inst/pcie4_ip_i/inst/xdma_0_pcie4_ip_gt_top_i/diablo_gt.diablo_gt_phy_wrapper/gt_wizard.gtwizard_top_i/xdma_0_pcie4_ip_gt_i/inst/gen_gtwizard_gtye4_top.xdma_0_pcie4_ip_gt_gtwizard_gtye4_inst/gen_gtwizard_gtye4.gen_cpll_cal_gtye4.gen_cpll_cal_inst[1].gen_inst_cpll_cal.gtwizard_ultrascale_v1_7_22_gtye4_cpll_cal_inst/gtwizard_ultrascale_v1_7_22_gtye4_cpll_cal_tx_i/U_TXOUTCLK_FREQ_COUNTER/testclk_cnt_reg[16]/C
                         clock pessimism              0.062     8.603    
                         clock uncertainty           -0.046     8.557    
    SLICE_X108Y9         FDCE (Recov_AFF_SLICEL_C_CLR)
                                                     -0.072     8.485    u_pcie_xdma/inst/pcie4_ip_i/inst/xdma_0_pcie4_ip_gt_top_i/diablo_gt.diablo_gt_phy_wrapper/gt_wizard.gtwizard_top_i/xdma_0_pcie4_ip_gt_i/inst/gen_gtwizard_gtye4_top.xdma_0_pcie4_ip_gt_gtwizard_gtye4_inst/gen_gtwizard_gtye4.gen_cpll_cal_gtye4.gen_cpll_cal_inst[1].gen_inst_cpll_cal.gtwizard_ultrascale_v1_7_22_gtye4_cpll_cal_inst/gtwizard_ultrascale_v1_7_22_gtye4_cpll_cal_tx_i/U_TXOUTCLK_FREQ_COUNTER/testclk_cnt_reg[16]
  -------------------------------------------------------------------
                         required time                          8.485    
                         arrival time                          -1.307    
  -------------------------------------------------------------------
                         slack                                  7.178    





Min Delay Paths
--------------------------------------------------------------------------------------
Slack (MET) :             0.190ns  (arrival time - required time)
  Source:                 u_pcie_xdma/inst/pcie4_ip_i/inst/xdma_0_pcie4_ip_gt_top_i/diablo_gt.diablo_gt_phy_wrapper/gt_wizard.gtwizard_top_i/xdma_0_pcie4_ip_gt_i/inst/gen_gtwizard_gtye4_top.xdma_0_pcie4_ip_gt_gtwizard_gtye4_inst/gen_gtwizard_gtye4.gen_cpll_cal_gtye4.gen_cpll_cal_inst[1].gen_inst_cpll_cal.gtwizard_ultrascale_v1_7_22_gtye4_cpll_cal_inst/gtwizard_ultrascale_v1_7_22_gtye4_cpll_cal_tx_i/U_TXOUTCLK_FREQ_COUNTER/reset_synchronizer_testclk_rst_inst/rst_in_out_reg/C
                            (rising edge-triggered cell FDPE clocked by u_pcie_xdma/inst/pcie4_ip_i/inst/xdma_0_pcie4_ip_gt_top_i/diablo_gt.diablo_gt_phy_wrapper/gt_wizard.gtwizard_top_i/xdma_0_pcie4_ip_gt_i/inst/gen_gtwizard_gtye4_top.xdma_0_pcie4_ip_gt_gtwizard_gtye4_inst/gen_gtwizard_gtye4.gen_cpll_cal_gtye4.gen_cpll_cal_inst[1].gen_inst_cpll_cal.gtwizard_ultrascale_v1_7_22_gtye4_cpll_cal_inst/gtwizard_ultrascale_v1_7_22_gtye4_cpll_cal_tx_i/bufg_gt_txoutclkmon_inst/O  {rise@0.000ns fall@4.000ns period=8.000ns})
  Destination:            u_pcie_xdma/inst/pcie4_ip_i/inst/xdma_0_pcie4_ip_gt_top_i/diablo_gt.diablo_gt_phy_wrapper/gt_wizard.gtwizard_top_i/xdma_0_pcie4_ip_gt_i/inst/gen_gtwizard_gtye4_top.xdma_0_pcie4_ip_gt_gtwizard_gtye4_inst/gen_gtwizard_gtye4.gen_cpll_cal_gtye4.gen_cpll_cal_inst[1].gen_inst_cpll_cal.gtwizard_ultrascale_v1_7_22_gtye4_cpll_cal_inst/gtwizard_ultrascale_v1_7_22_gtye4_cpll_cal_tx_i/U_TXOUTCLK_FREQ_COUNTER/testclk_cnt_reg[4]/CLR
                            (removal check against rising-edge clock u_pcie_xdma/inst/pcie4_ip_i/inst/xdma_0_pcie4_ip_gt_top_i/diablo_gt.diablo_gt_phy_wrapper/gt_wizard.gtwizard_top_i/xdma_0_pcie4_ip_gt_i/inst/gen_gtwizard_gtye4_top.xdma_0_pcie4_ip_gt_gtwizard_gtye4_inst/gen_gtwizard_gtye4.gen_cpll_cal_gtye4.gen_cpll_cal_inst[1].gen_inst_cpll_cal.gtwizard_ultrascale_v1_7_22_gtye4_cpll_cal_inst/gtwizard_ultrascale_v1_7_22_gtye4_cpll_cal_tx_i/bufg_gt_txoutclkmon_inst/O  {rise@0.000ns fall@4.000ns period=8.000ns})
  Path Group:             **async_default**
  Path Type:              Removal (Min at Fast Process Corner)
  Requirement:            0.000ns  (u_pcie_xdma/inst/pcie4_ip_i/inst/xdma_0_pcie4_ip_gt_top_i/diablo_gt.diablo_gt_phy_wrapper/gt_wizard.gtwizard_top_i/xdma_0_pcie4_ip_gt_i/inst/gen_gtwizard_gtye4_top.xdma_0_pcie4_ip_gt_gtwizard_gtye4_inst/gen_gtwizard_gtye4.gen_cpll_cal_gtye4.gen_cpll_cal_inst[1].gen_inst_cpll_cal.gtwizard_ultrascale_v1_7_22_gtye4_cpll_cal_inst/gtwizard_ultrascale_v1_7_22_gtye4_cpll_cal_tx_i/bufg_gt_txoutclkmon_inst/O rise@0.000ns - u_pcie_xdma/inst/pcie4_ip_i/inst/xdma_0_pcie4_ip_gt_top_i/diablo_gt.diablo_gt_phy_wrapper/gt_wizard.gtwizard_top_i/xdma_0_pcie4_ip_gt_i/inst/gen_gtwizard_gtye4_top.xdma_0_pcie4_ip_gt_gtwizard_gtye4_inst/gen_gtwizard_gtye4.gen_cpll_cal_gtye4.gen_cpll_cal_inst[1].gen_inst_cpll_cal.gtwizard_ultrascale_v1_7_22_gtye4_cpll_cal_inst/gtwizard_ultrascale_v1_7_22_gtye4_cpll_cal_tx_i/bufg_gt_txoutclkmon_inst/O rise@0.000ns)
  Data Path Delay:        0.180ns  (logic 0.038ns (21.101%)  route 0.142ns (78.899%))
  Logic Levels:           0  
  Clock Path Skew:        0.010ns (DCD - SCD - CPR)
    Destination Clock Delay (DCD):    0.379ns
    Source Clock Delay      (SCD):    0.333ns
    Clock Pessimism Removal (CPR):    0.036ns
  Clock Net Delay (Source):      0.333ns (routing 0.001ns, distribution 0.332ns)
  Clock Net Delay (Destination): 0.379ns (routing 0.001ns, distribution 0.378ns)

    Location             Delay type                Incr(ns)  Path(ns)    Netlist Resource(s)
  -------------------------------------------------------------------    -------------------
                         (clock u_pcie_xdma/inst/pcie4_ip_i/inst/xdma_0_pcie4_ip_gt_top_i/diablo_gt.diablo_gt_phy_wrapper/gt_wizard.gtwizard_top_i/xdma_0_pcie4_ip_gt_i/inst/gen_gtwizard_gtye4_top.xdma_0_pcie4_ip_gt_gtwizard_gtye4_inst/gen_gtwizard_gtye4.gen_cpll_cal_gtye4.gen_cpll_cal_inst[1].gen_inst_cpll_cal.gtwizard_ultrascale_v1_7_22_gtye4_cpll_cal_inst/gtwizard_ultrascale_v1_7_22_gtye4_cpll_cal_tx_i/bufg_gt_txoutclkmon_inst/O rise edge)
                                                      0.000     0.000 r  
    BUFG_GT_X0Y21        BUFG_GT                      0.000     0.000 r  u_pcie_xdma/inst/pcie4_ip_i/inst/xdma_0_pcie4_ip_gt_top_i/diablo_gt.diablo_gt_phy_wrapper/gt_wizard.gtwizard_top_i/xdma_0_pcie4_ip_gt_i/inst/gen_gtwizard_gtye4_top.xdma_0_pcie4_ip_gt_gtwizard_gtye4_inst/gen_gtwizard_gtye4.gen_cpll_cal_gtye4.gen_cpll_cal_inst[1].gen_inst_cpll_cal.gtwizard_ultrascale_v1_7_22_gtye4_cpll_cal_inst/gtwizard_ultrascale_v1_7_22_gtye4_cpll_cal_tx_i/bufg_gt_txoutclkmon_inst/O
    X3Y0 (CLOCK_ROOT)    net (fo=31, routed)          0.333     0.333    u_pcie_xdma/inst/pcie4_ip_i/inst/xdma_0_pcie4_ip_gt_top_i/diablo_gt.diablo_gt_phy_wrapper/gt_wizard.gtwizard_top_i/xdma_0_pcie4_ip_gt_i/inst/gen_gtwizard_gtye4_top.xdma_0_pcie4_ip_gt_gtwizard_gtye4_inst/gen_gtwizard_gtye4.gen_cpll_cal_gtye4.gen_cpll_cal_inst[1].gen_inst_cpll_cal.gtwizard_ultrascale_v1_7_22_gtye4_cpll_cal_inst/gtwizard_ultrascale_v1_7_22_gtye4_cpll_cal_tx_i/U_TXOUTCLK_FREQ_COUNTER/reset_synchronizer_testclk_rst_inst/txoutclkmon
    SLICE_X107Y7         FDPE                                         r  u_pcie_xdma/inst/pcie4_ip_i/inst/xdma_0_pcie4_ip_gt_top_i/diablo_gt.diablo_gt_phy_wrapper/gt_wizard.gtwizard_top_i/xdma_0_pcie4_ip_gt_i/inst/gen_gtwizard_gtye4_top.xdma_0_pcie4_ip_gt_gtwizard_gtye4_inst/gen_gtwizard_gtye4.gen_cpll_cal_gtye4.gen_cpll_cal_inst[1].gen_inst_cpll_cal.gtwizard_ultrascale_v1_7_22_gtye4_cpll_cal_inst/gtwizard_ultrascale_v1_7_22_gtye4_cpll_cal_tx_i/U_TXOUTCLK_FREQ_COUNTER/reset_synchronizer_testclk_rst_inst/rst_in_out_reg/C
  -------------------------------------------------------------------    -------------------
    SLICE_X107Y7         FDPE (Prop_AFF_SLICEM_C_Q)
                                                      0.038     0.371 f  u_pcie_xdma/inst/pcie4_ip_i/inst/xdma_0_pcie4_ip_gt_top_i/diablo_gt.diablo_gt_phy_wrapper/gt_wizard.gtwizard_top_i/xdma_0_pcie4_ip_gt_i/inst/gen_gtwizard_gtye4_top.xdma_0_pcie4_ip_gt_gtwizard_gtye4_inst/gen_gtwizard_gtye4.gen_cpll_cal_gtye4.gen_cpll_cal_inst[1].gen_inst_cpll_cal.gtwizard_ultrascale_v1_7_22_gtye4_cpll_cal_inst/gtwizard_ultrascale_v1_7_22_gtye4_cpll_cal_tx_i/U_TXOUTCLK_FREQ_COUNTER/reset_synchronizer_testclk_rst_inst/rst_in_out_reg/Q
                         net (fo=18, routed)          0.142     0.513    u_pcie_xdma/inst/pcie4_ip_i/inst/xdma_0_pcie4_ip_gt_top_i/diablo_gt.diablo_gt_phy_wrapper/gt_wizard.gtwizard_top_i/xdma_0_pcie4_ip_gt_i/inst/gen_gtwizard_gtye4_top.xdma_0_pcie4_ip_gt_gtwizard_gtye4_inst/gen_gtwizard_gtye4.gen_cpll_cal_gtye4.gen_cpll_cal_inst[1].gen_inst_cpll_cal.gtwizard_ultrascale_v1_7_22_gtye4_cpll_cal_inst/gtwizard_ultrascale_v1_7_22_gtye4_cpll_cal_tx_i/U_TXOUTCLK_FREQ_COUNTER/rst_in_out
    SLICE_X108Y7         FDCE                                         f  u_pcie_xdma/inst/pcie4_ip_i/inst/xdma_0_pcie4_ip_gt_top_i/diablo_gt.diablo_gt_phy_wrapper/gt_wizard.gtwizard_top_i/xdma_0_pcie4_ip_gt_i/inst/gen_gtwizard_gtye4_top.xdma_0_pcie4_ip_gt_gtwizard_gtye4_inst/gen_gtwizard_gtye4.gen_cpll_cal_gtye4.gen_cpll_cal_inst[1].gen_inst_cpll_cal.gtwizard_ultrascale_v1_7_22_gtye4_cpll_cal_inst/gtwizard_ultrascale_v1_7_22_gtye4_cpll_cal_tx_i/U_TXOUTCLK_FREQ_COUNTER/testclk_cnt_reg[4]/CLR
  -------------------------------------------------------------------    -------------------

                         (clock u_pcie_xdma/inst/pcie4_ip_i/inst/xdma_0_pcie4_ip_gt_top_i/diablo_gt.diablo_gt_phy_wrapper/gt_wizard.gtwizard_top_i/xdma_0_pcie4_ip_gt_i/inst/gen_gtwizard_gtye4_top.xdma_0_pcie4_ip_gt_gtwizard_gtye4_inst/gen_gtwizard_gtye4.gen_cpll_cal_gtye4.gen_cpll_cal_inst[1].gen_inst_cpll_cal.gtwizard_ultrascale_v1_7_22_gtye4_cpll_cal_inst/gtwizard_ultrascale_v1_7_22_gtye4_cpll_cal_tx_i/bufg_gt_txoutclkmon_inst/O rise edge)
                                                      0.000     0.000 r  
    BUFG_GT_X0Y21        BUFG_GT                      0.000     0.000 r  u_pcie_xdma/inst/pcie4_ip_i/inst/xdma_0_pcie4_ip_gt_top_i/diablo_gt.diablo_gt_phy_wrapper/gt_wizard.gtwizard_top_i/xdma_0_pcie4_ip_gt_i/inst/gen_gtwizard_gtye4_top.xdma_0_pcie4_ip_gt_gtwizard_gtye4_inst/gen_gtwizard_gtye4.gen_cpll_cal_gtye4.gen_cpll_cal_inst[1].gen_inst_cpll_cal.gtwizard_ultrascale_v1_7_22_gtye4_cpll_cal_inst/gtwizard_ultrascale_v1_7_22_gtye4_cpll_cal_tx_i/bufg_gt_txoutclkmon_inst/O
    X3Y0 (CLOCK_ROOT)    net (fo=31, routed)          0.379     0.379    u_pcie_xdma/inst/pcie4_ip_i/inst/xdma_0_pcie4_ip_gt_top_i/diablo_gt.diablo_gt_phy_wrapper/gt_wizard.gtwizard_top_i/xdma_0_pcie4_ip_gt_i/inst/gen_gtwizard_gtye4_top.xdma_0_pcie4_ip_gt_gtwizard_gtye4_inst/gen_gtwizard_gtye4.gen_cpll_cal_gtye4.gen_cpll_cal_inst[1].gen_inst_cpll_cal.gtwizard_ultrascale_v1_7_22_gtye4_cpll_cal_inst/gtwizard_ultrascale_v1_7_22_gtye4_cpll_cal_tx_i/U_TXOUTCLK_FREQ_COUNTER/txoutclkmon
    SLICE_X108Y7         FDCE                                         r  u_pcie_xdma/inst/pcie4_ip_i/inst/xdma_0_pcie4_ip_gt_top_i/diablo_gt.diablo_gt_phy_wrapper/gt_wizard.gtwizard_top_i/xdma_0_pcie4_ip_gt_i/inst/gen_gtwizard_gtye4_top.xdma_0_pcie4_ip_gt_gtwizard_gtye4_inst/gen_gtwizard_gtye4.gen_cpll_cal_gtye4.gen_cpll_cal_inst[1].gen_inst_cpll_cal.gtwizard_ultrascale_v1_7_22_gtye4_cpll_cal_inst/gtwizard_ultrascale_v1_7_22_gtye4_cpll_cal_tx_i/U_TXOUTCLK_FREQ_COUNTER/testclk_cnt_reg[4]/C
                         clock pessimism             -0.036     0.344    
    SLICE_X108Y7         FDCE (Remov_EFF_SLICEL_C_CLR)
                                                     -0.020     0.324    u_pcie_xdma/inst/pcie4_ip_i/inst/xdma_0_pcie4_ip_gt_top_i/diablo_gt.diablo_gt_phy_wrapper/gt_wizard.gtwizard_top_i/xdma_0_pcie4_ip_gt_i/inst/gen_gtwizard_gtye4_top.xdma_0_pcie4_ip_gt_gtwizard_gtye4_inst/gen_gtwizard_gtye4.gen_cpll_cal_gtye4.gen_cpll_cal_inst[1].gen_inst_cpll_cal.gtwizard_ultrascale_v1_7_22_gtye4_cpll_cal_inst/gtwizard_ultrascale_v1_7_22_gtye4_cpll_cal_tx_i/U_TXOUTCLK_FREQ_COUNTER/testclk_cnt_reg[4]
  -------------------------------------------------------------------
                         required time                         -0.324    
                         arrival time                           0.513    
  -------------------------------------------------------------------
                         slack                                  0.190    





---------------------------------------------------------------------------------------------------
Path Group:  **async_default**
From Clock:  u_pcie_xdma/inst/pcie4_ip_i/inst/xdma_0_pcie4_ip_gt_top_i/diablo_gt.diablo_gt_phy_wrapper/gt_wizard.gtwizard_top_i/xdma_0_pcie4_ip_gt_i/inst/gen_gtwizard_gtye4_top.xdma_0_pcie4_ip_gt_gtwizard_gtye4_inst/gen_gtwizard_gtye4.gen_cpll_cal_gtye4.gen_cpll_cal_inst[2].gen_inst_cpll_cal.gtwizard_ultrascale_v1_7_22_gtye4_cpll_cal_inst/gtwizard_ultrascale_v1_7_22_gtye4_cpll_cal_tx_i/bufg_gt_txoutclkmon_inst/O
  To Clock:  u_pcie_xdma/inst/pcie4_ip_i/inst/xdma_0_pcie4_ip_gt_top_i/diablo_gt.diablo_gt_phy_wrapper/gt_wizard.gtwizard_top_i/xdma_0_pcie4_ip_gt_i/inst/gen_gtwizard_gtye4_top.xdma_0_pcie4_ip_gt_gtwizard_gtye4_inst/gen_gtwizard_gtye4.gen_cpll_cal_gtye4.gen_cpll_cal_inst[2].gen_inst_cpll_cal.gtwizard_ultrascale_v1_7_22_gtye4_cpll_cal_inst/gtwizard_ultrascale_v1_7_22_gtye4_cpll_cal_tx_i/bufg_gt_txoutclkmon_inst/O

Setup :            0  Failing Endpoints,  Worst Slack        7.215ns,  Total Violation        0.000ns
Hold  :            0  Failing Endpoints,  Worst Slack        0.172ns,  Total Violation        0.000ns
---------------------------------------------------------------------------------------------------


Max Delay Paths
--------------------------------------------------------------------------------------
Slack (MET) :             7.215ns  (required time - arrival time)
  Source:                 u_pcie_xdma/inst/pcie4_ip_i/inst/xdma_0_pcie4_ip_gt_top_i/diablo_gt.diablo_gt_phy_wrapper/gt_wizard.gtwizard_top_i/xdma_0_pcie4_ip_gt_i/inst/gen_gtwizard_gtye4_top.xdma_0_pcie4_ip_gt_gtwizard_gtye4_inst/gen_gtwizard_gtye4.gen_cpll_cal_gtye4.gen_cpll_cal_inst[2].gen_inst_cpll_cal.gtwizard_ultrascale_v1_7_22_gtye4_cpll_cal_inst/gtwizard_ultrascale_v1_7_22_gtye4_cpll_cal_tx_i/U_TXOUTCLK_FREQ_COUNTER/reset_synchronizer_testclk_rst_inst/rst_in_out_reg/C
                            (rising edge-triggered cell FDPE clocked by u_pcie_xdma/inst/pcie4_ip_i/inst/xdma_0_pcie4_ip_gt_top_i/diablo_gt.diablo_gt_phy_wrapper/gt_wizard.gtwizard_top_i/xdma_0_pcie4_ip_gt_i/inst/gen_gtwizard_gtye4_top.xdma_0_pcie4_ip_gt_gtwizard_gtye4_inst/gen_gtwizard_gtye4.gen_cpll_cal_gtye4.gen_cpll_cal_inst[2].gen_inst_cpll_cal.gtwizard_ultrascale_v1_7_22_gtye4_cpll_cal_inst/gtwizard_ultrascale_v1_7_22_gtye4_cpll_cal_tx_i/bufg_gt_txoutclkmon_inst/O  {rise@0.000ns fall@4.000ns period=8.000ns})
  Destination:            u_pcie_xdma/inst/pcie4_ip_i/inst/xdma_0_pcie4_ip_gt_top_i/diablo_gt.diablo_gt_phy_wrapper/gt_wizard.gtwizard_top_i/xdma_0_pcie4_ip_gt_i/inst/gen_gtwizard_gtye4_top.xdma_0_pcie4_ip_gt_gtwizard_gtye4_inst/gen_gtwizard_gtye4.gen_cpll_cal_gtye4.gen_cpll_cal_inst[2].gen_inst_cpll_cal.gtwizard_ultrascale_v1_7_22_gtye4_cpll_cal_inst/gtwizard_ultrascale_v1_7_22_gtye4_cpll_cal_tx_i/U_TXOUTCLK_FREQ_COUNTER/testclk_cnt_reg[10]/CLR
                            (recovery check against rising-edge clock u_pcie_xdma/inst/pcie4_ip_i/inst/xdma_0_pcie4_ip_gt_top_i/diablo_gt.diablo_gt_phy_wrapper/gt_wizard.gtwizard_top_i/xdma_0_pcie4_ip_gt_i/inst/gen_gtwizard_gtye4_top.xdma_0_pcie4_ip_gt_gtwizard_gtye4_inst/gen_gtwizard_gtye4.gen_cpll_cal_gtye4.gen_cpll_cal_inst[2].gen_inst_cpll_cal.gtwizard_ultrascale_v1_7_22_gtye4_cpll_cal_inst/gtwizard_ultrascale_v1_7_22_gtye4_cpll_cal_tx_i/bufg_gt_txoutclkmon_inst/O  {rise@0.000ns fall@4.000ns period=8.000ns})
  Path Group:             **async_default**
  Path Type:              Recovery (Max at Slow Process Corner)
  Requirement:            8.000ns  (u_pcie_xdma/inst/pcie4_ip_i/inst/xdma_0_pcie4_ip_gt_top_i/diablo_gt.diablo_gt_phy_wrapper/gt_wizard.gtwizard_top_i/xdma_0_pcie4_ip_gt_i/inst/gen_gtwizard_gtye4_top.xdma_0_pcie4_ip_gt_gtwizard_gtye4_inst/gen_gtwizard_gtye4.gen_cpll_cal_gtye4.gen_cpll_cal_inst[2].gen_inst_cpll_cal.gtwizard_ultrascale_v1_7_22_gtye4_cpll_cal_inst/gtwizard_ultrascale_v1_7_22_gtye4_cpll_cal_tx_i/bufg_gt_txoutclkmon_inst/O rise@8.000ns - u_pcie_xdma/inst/pcie4_ip_i/inst/xdma_0_pcie4_ip_gt_top_i/diablo_gt.diablo_gt_phy_wrapper/gt_wizard.gtwizard_top_i/xdma_0_pcie4_ip_gt_i/inst/gen_gtwizard_gtye4_top.xdma_0_pcie4_ip_gt_gtwizard_gtye4_inst/gen_gtwizard_gtye4.gen_cpll_cal_gtye4.gen_cpll_cal_inst[2].gen_inst_cpll_cal.gtwizard_ultrascale_v1_7_22_gtye4_cpll_cal_inst/gtwizard_ultrascale_v1_7_22_gtye4_cpll_cal_tx_i/bufg_gt_txoutclkmon_inst/O rise@0.000ns)
  Data Path Delay:        0.566ns  (logic 0.093ns (16.441%)  route 0.473ns (83.559%))
  Logic Levels:           0  
  Clock Path Skew:        -0.101ns (DCD - SCD + CPR)
    Destination Clock Delay (DCD):    0.542ns = ( 8.542 - 8.000 ) 
    Source Clock Delay      (SCD):    0.645ns
    Clock Pessimism Removal (CPR):    0.002ns
  Clock Uncertainty:      0.046ns  ((TSJ^2 + DJ^2)^1/2) / 2 + PE
    Total System Jitter     (TSJ):    0.071ns
    Discrete Jitter          (DJ):    0.060ns
    Phase Error              (PE):    0.000ns
  Clock Net Delay (Source):      0.645ns (routing 0.002ns, distribution 0.643ns)
  Clock Net Delay (Destination): 0.542ns (routing 0.001ns, distribution 0.541ns)

    Location             Delay type                Incr(ns)  Path(ns)    Netlist Resource(s)
  -------------------------------------------------------------------    -------------------
                         (clock u_pcie_xdma/inst/pcie4_ip_i/inst/xdma_0_pcie4_ip_gt_top_i/diablo_gt.diablo_gt_phy_wrapper/gt_wizard.gtwizard_top_i/xdma_0_pcie4_ip_gt_i/inst/gen_gtwizard_gtye4_top.xdma_0_pcie4_ip_gt_gtwizard_gtye4_inst/gen_gtwizard_gtye4.gen_cpll_cal_gtye4.gen_cpll_cal_inst[2].gen_inst_cpll_cal.gtwizard_ultrascale_v1_7_22_gtye4_cpll_cal_inst/gtwizard_ultrascale_v1_7_22_gtye4_cpll_cal_tx_i/bufg_gt_txoutclkmon_inst/O rise edge)
                                                      0.000     0.000 r  
    BUFG_GT_X0Y20        BUFG_GT                      0.000     0.000 r  u_pcie_xdma/inst/pcie4_ip_i/inst/xdma_0_pcie4_ip_gt_top_i/diablo_gt.diablo_gt_phy_wrapper/gt_wizard.gtwizard_top_i/xdma_0_pcie4_ip_gt_i/inst/gen_gtwizard_gtye4_top.xdma_0_pcie4_ip_gt_gtwizard_gtye4_inst/gen_gtwizard_gtye4.gen_cpll_cal_gtye4.gen_cpll_cal_inst[2].gen_inst_cpll_cal.gtwizard_ultrascale_v1_7_22_gtye4_cpll_cal_inst/gtwizard_ultrascale_v1_7_22_gtye4_cpll_cal_tx_i/bufg_gt_txoutclkmon_inst/O
    X3Y0 (CLOCK_ROOT)    net (fo=31, routed)          0.645     0.645    u_pcie_xdma/inst/pcie4_ip_i/inst/xdma_0_pcie4_ip_gt_top_i/diablo_gt.diablo_gt_phy_wrapper/gt_wizard.gtwizard_top_i/xdma_0_pcie4_ip_gt_i/inst/gen_gtwizard_gtye4_top.xdma_0_pcie4_ip_gt_gtwizard_gtye4_inst/gen_gtwizard_gtye4.gen_cpll_cal_gtye4.gen_cpll_cal_inst[2].gen_inst_cpll_cal.gtwizard_ultrascale_v1_7_22_gtye4_cpll_cal_inst/gtwizard_ultrascale_v1_7_22_gtye4_cpll_cal_tx_i/U_TXOUTCLK_FREQ_COUNTER/reset_synchronizer_testclk_rst_inst/txoutclkmon
    SLICE_X106Y25        FDPE                                         r  u_pcie_xdma/inst/pcie4_ip_i/inst/xdma_0_pcie4_ip_gt_top_i/diablo_gt.diablo_gt_phy_wrapper/gt_wizard.gtwizard_top_i/xdma_0_pcie4_ip_gt_i/inst/gen_gtwizard_gtye4_top.xdma_0_pcie4_ip_gt_gtwizard_gtye4_inst/gen_gtwizard_gtye4.gen_cpll_cal_gtye4.gen_cpll_cal_inst[2].gen_inst_cpll_cal.gtwizard_ultrascale_v1_7_22_gtye4_cpll_cal_inst/gtwizard_ultrascale_v1_7_22_gtye4_cpll_cal_tx_i/U_TXOUTCLK_FREQ_COUNTER/reset_synchronizer_testclk_rst_inst/rst_in_out_reg/C
  -------------------------------------------------------------------    -------------------
    SLICE_X106Y25        FDPE (Prop_EFF_SLICEM_C_Q)
                                                      0.093     0.738 f  u_pcie_xdma/inst/pcie4_ip_i/inst/xdma_0_pcie4_ip_gt_top_i/diablo_gt.diablo_gt_phy_wrapper/gt_wizard.gtwizard_top_i/xdma_0_pcie4_ip_gt_i/inst/gen_gtwizard_gtye4_top.xdma_0_pcie4_ip_gt_gtwizard_gtye4_inst/gen_gtwizard_gtye4.gen_cpll_cal_gtye4.gen_cpll_cal_inst[2].gen_inst_cpll_cal.gtwizard_ultrascale_v1_7_22_gtye4_cpll_cal_inst/gtwizard_ultrascale_v1_7_22_gtye4_cpll_cal_tx_i/U_TXOUTCLK_FREQ_COUNTER/reset_synchronizer_testclk_rst_inst/rst_in_out_reg/Q
                         net (fo=18, routed)          0.473     1.211    u_pcie_xdma/inst/pcie4_ip_i/inst/xdma_0_pcie4_ip_gt_top_i/diablo_gt.diablo_gt_phy_wrapper/gt_wizard.gtwizard_top_i/xdma_0_pcie4_ip_gt_i/inst/gen_gtwizard_gtye4_top.xdma_0_pcie4_ip_gt_gtwizard_gtye4_inst/gen_gtwizard_gtye4.gen_cpll_cal_gtye4.gen_cpll_cal_inst[2].gen_inst_cpll_cal.gtwizard_ultrascale_v1_7_22_gtye4_cpll_cal_inst/gtwizard_ultrascale_v1_7_22_gtye4_cpll_cal_tx_i/U_TXOUTCLK_FREQ_COUNTER/rst_in_out
    SLICE_X107Y24        FDCE                                         f  u_pcie_xdma/inst/pcie4_ip_i/inst/xdma_0_pcie4_ip_gt_top_i/diablo_gt.diablo_gt_phy_wrapper/gt_wizard.gtwizard_top_i/xdma_0_pcie4_ip_gt_i/inst/gen_gtwizard_gtye4_top.xdma_0_pcie4_ip_gt_gtwizard_gtye4_inst/gen_gtwizard_gtye4.gen_cpll_cal_gtye4.gen_cpll_cal_inst[2].gen_inst_cpll_cal.gtwizard_ultrascale_v1_7_22_gtye4_cpll_cal_inst/gtwizard_ultrascale_v1_7_22_gtye4_cpll_cal_tx_i/U_TXOUTCLK_FREQ_COUNTER/testclk_cnt_reg[10]/CLR
  -------------------------------------------------------------------    -------------------

                         (clock u_pcie_xdma/inst/pcie4_ip_i/inst/xdma_0_pcie4_ip_gt_top_i/diablo_gt.diablo_gt_phy_wrapper/gt_wizard.gtwizard_top_i/xdma_0_pcie4_ip_gt_i/inst/gen_gtwizard_gtye4_top.xdma_0_pcie4_ip_gt_gtwizard_gtye4_inst/gen_gtwizard_gtye4.gen_cpll_cal_gtye4.gen_cpll_cal_inst[2].gen_inst_cpll_cal.gtwizard_ultrascale_v1_7_22_gtye4_cpll_cal_inst/gtwizard_ultrascale_v1_7_22_gtye4_cpll_cal_tx_i/bufg_gt_txoutclkmon_inst/O rise edge)
                                                      8.000     8.000 r  
    BUFG_GT_X0Y20        BUFG_GT                      0.000     8.000 r  u_pcie_xdma/inst/pcie4_ip_i/inst/xdma_0_pcie4_ip_gt_top_i/diablo_gt.diablo_gt_phy_wrapper/gt_wizard.gtwizard_top_i/xdma_0_pcie4_ip_gt_i/inst/gen_gtwizard_gtye4_top.xdma_0_pcie4_ip_gt_gtwizard_gtye4_inst/gen_gtwizard_gtye4.gen_cpll_cal_gtye4.gen_cpll_cal_inst[2].gen_inst_cpll_cal.gtwizard_ultrascale_v1_7_22_gtye4_cpll_cal_inst/gtwizard_ultrascale_v1_7_22_gtye4_cpll_cal_tx_i/bufg_gt_txoutclkmon_inst/O
    X3Y0 (CLOCK_ROOT)    net (fo=31, routed)          0.542     8.542    u_pcie_xdma/inst/pcie4_ip_i/inst/xdma_0_pcie4_ip_gt_top_i/diablo_gt.diablo_gt_phy_wrapper/gt_wizard.gtwizard_top_i/xdma_0_pcie4_ip_gt_i/inst/gen_gtwizard_gtye4_top.xdma_0_pcie4_ip_gt_gtwizard_gtye4_inst/gen_gtwizard_gtye4.gen_cpll_cal_gtye4.gen_cpll_cal_inst[2].gen_inst_cpll_cal.gtwizard_ultrascale_v1_7_22_gtye4_cpll_cal_inst/gtwizard_ultrascale_v1_7_22_gtye4_cpll_cal_tx_i/U_TXOUTCLK_FREQ_COUNTER/txoutclkmon
    SLICE_X107Y24        FDCE                                         r  u_pcie_xdma/inst/pcie4_ip_i/inst/xdma_0_pcie4_ip_gt_top_i/diablo_gt.diablo_gt_phy_wrapper/gt_wizard.gtwizard_top_i/xdma_0_pcie4_ip_gt_i/inst/gen_gtwizard_gtye4_top.xdma_0_pcie4_ip_gt_gtwizard_gtye4_inst/gen_gtwizard_gtye4.gen_cpll_cal_gtye4.gen_cpll_cal_inst[2].gen_inst_cpll_cal.gtwizard_ultrascale_v1_7_22_gtye4_cpll_cal_inst/gtwizard_ultrascale_v1_7_22_gtye4_cpll_cal_tx_i/U_TXOUTCLK_FREQ_COUNTER/testclk_cnt_reg[10]/C
                         clock pessimism              0.002     8.544    
                         clock uncertainty           -0.046     8.498    
    SLICE_X107Y24        FDCE (Recov_CFF_SLICEM_C_CLR)
                                                     -0.072     8.426    u_pcie_xdma/inst/pcie4_ip_i/inst/xdma_0_pcie4_ip_gt_top_i/diablo_gt.diablo_gt_phy_wrapper/gt_wizard.gtwizard_top_i/xdma_0_pcie4_ip_gt_i/inst/gen_gtwizard_gtye4_top.xdma_0_pcie4_ip_gt_gtwizard_gtye4_inst/gen_gtwizard_gtye4.gen_cpll_cal_gtye4.gen_cpll_cal_inst[2].gen_inst_cpll_cal.gtwizard_ultrascale_v1_7_22_gtye4_cpll_cal_inst/gtwizard_ultrascale_v1_7_22_gtye4_cpll_cal_tx_i/U_TXOUTCLK_FREQ_COUNTER/testclk_cnt_reg[10]
  -------------------------------------------------------------------
                         required time                          8.426    
                         arrival time                          -1.211    
  -------------------------------------------------------------------
                         slack                                  7.215    





Min Delay Paths
--------------------------------------------------------------------------------------
Slack (MET) :             0.172ns  (arrival time - required time)
  Source:                 u_pcie_xdma/inst/pcie4_ip_i/inst/xdma_0_pcie4_ip_gt_top_i/diablo_gt.diablo_gt_phy_wrapper/gt_wizard.gtwizard_top_i/xdma_0_pcie4_ip_gt_i/inst/gen_gtwizard_gtye4_top.xdma_0_pcie4_ip_gt_gtwizard_gtye4_inst/gen_gtwizard_gtye4.gen_cpll_cal_gtye4.gen_cpll_cal_inst[2].gen_inst_cpll_cal.gtwizard_ultrascale_v1_7_22_gtye4_cpll_cal_inst/gtwizard_ultrascale_v1_7_22_gtye4_cpll_cal_tx_i/U_TXOUTCLK_FREQ_COUNTER/reset_synchronizer_testclk_rst_inst/rst_in_out_reg/C
                            (rising edge-triggered cell FDPE clocked by u_pcie_xdma/inst/pcie4_ip_i/inst/xdma_0_pcie4_ip_gt_top_i/diablo_gt.diablo_gt_phy_wrapper/gt_wizard.gtwizard_top_i/xdma_0_pcie4_ip_gt_i/inst/gen_gtwizard_gtye4_top.xdma_0_pcie4_ip_gt_gtwizard_gtye4_inst/gen_gtwizard_gtye4.gen_cpll_cal_gtye4.gen_cpll_cal_inst[2].gen_inst_cpll_cal.gtwizard_ultrascale_v1_7_22_gtye4_cpll_cal_inst/gtwizard_ultrascale_v1_7_22_gtye4_cpll_cal_tx_i/bufg_gt_txoutclkmon_inst/O  {rise@0.000ns fall@4.000ns period=8.000ns})
  Destination:            u_pcie_xdma/inst/pcie4_ip_i/inst/xdma_0_pcie4_ip_gt_top_i/diablo_gt.diablo_gt_phy_wrapper/gt_wizard.gtwizard_top_i/xdma_0_pcie4_ip_gt_i/inst/gen_gtwizard_gtye4_top.xdma_0_pcie4_ip_gt_gtwizard_gtye4_inst/gen_gtwizard_gtye4.gen_cpll_cal_gtye4.gen_cpll_cal_inst[2].gen_inst_cpll_cal.gtwizard_ultrascale_v1_7_22_gtye4_cpll_cal_inst/gtwizard_ultrascale_v1_7_22_gtye4_cpll_cal_tx_i/U_TXOUTCLK_FREQ_COUNTER/testclk_cnt_reg[16]/CLR
                            (removal check against rising-edge clock u_pcie_xdma/inst/pcie4_ip_i/inst/xdma_0_pcie4_ip_gt_top_i/diablo_gt.diablo_gt_phy_wrapper/gt_wizard.gtwizard_top_i/xdma_0_pcie4_ip_gt_i/inst/gen_gtwizard_gtye4_top.xdma_0_pcie4_ip_gt_gtwizard_gtye4_inst/gen_gtwizard_gtye4.gen_cpll_cal_gtye4.gen_cpll_cal_inst[2].gen_inst_cpll_cal.gtwizard_ultrascale_v1_7_22_gtye4_cpll_cal_inst/gtwizard_ultrascale_v1_7_22_gtye4_cpll_cal_tx_i/bufg_gt_txoutclkmon_inst/O  {rise@0.000ns fall@4.000ns period=8.000ns})
  Path Group:             **async_default**
  Path Type:              Removal (Min at Fast Process Corner)
  Requirement:            0.000ns  (u_pcie_xdma/inst/pcie4_ip_i/inst/xdma_0_pcie4_ip_gt_top_i/diablo_gt.diablo_gt_phy_wrapper/gt_wizard.gtwizard_top_i/xdma_0_pcie4_ip_gt_i/inst/gen_gtwizard_gtye4_top.xdma_0_pcie4_ip_gt_gtwizard_gtye4_inst/gen_gtwizard_gtye4.gen_cpll_cal_gtye4.gen_cpll_cal_inst[2].gen_inst_cpll_cal.gtwizard_ultrascale_v1_7_22_gtye4_cpll_cal_inst/gtwizard_ultrascale_v1_7_22_gtye4_cpll_cal_tx_i/bufg_gt_txoutclkmon_inst/O rise@0.000ns - u_pcie_xdma/inst/pcie4_ip_i/inst/xdma_0_pcie4_ip_gt_top_i/diablo_gt.diablo_gt_phy_wrapper/gt_wizard.gtwizard_top_i/xdma_0_pcie4_ip_gt_i/inst/gen_gtwizard_gtye4_top.xdma_0_pcie4_ip_gt_gtwizard_gtye4_inst/gen_gtwizard_gtye4.gen_cpll_cal_gtye4.gen_cpll_cal_inst[2].gen_inst_cpll_cal.gtwizard_ultrascale_v1_7_22_gtye4_cpll_cal_inst/gtwizard_ultrascale_v1_7_22_gtye4_cpll_cal_tx_i/bufg_gt_txoutclkmon_inst/O rise@0.000ns)
  Data Path Delay:        0.194ns  (logic 0.038ns (19.587%)  route 0.156ns (80.413%))
  Logic Levels:           0  
  Clock Path Skew:        0.042ns (DCD - SCD - CPR)
    Destination Clock Delay (DCD):    0.366ns
    Source Clock Delay      (SCD):    0.323ns
    Clock Pessimism Removal (CPR):    0.001ns
  Clock Net Delay (Source):      0.323ns (routing 0.001ns, distribution 0.322ns)
  Clock Net Delay (Destination): 0.366ns (routing 0.001ns, distribution 0.365ns)

    Location             Delay type                Incr(ns)  Path(ns)    Netlist Resource(s)
  -------------------------------------------------------------------    -------------------
                         (clock u_pcie_xdma/inst/pcie4_ip_i/inst/xdma_0_pcie4_ip_gt_top_i/diablo_gt.diablo_gt_phy_wrapper/gt_wizard.gtwizard_top_i/xdma_0_pcie4_ip_gt_i/inst/gen_gtwizard_gtye4_top.xdma_0_pcie4_ip_gt_gtwizard_gtye4_inst/gen_gtwizard_gtye4.gen_cpll_cal_gtye4.gen_cpll_cal_inst[2].gen_inst_cpll_cal.gtwizard_ultrascale_v1_7_22_gtye4_cpll_cal_inst/gtwizard_ultrascale_v1_7_22_gtye4_cpll_cal_tx_i/bufg_gt_txoutclkmon_inst/O rise edge)
                                                      0.000     0.000 r  
    BUFG_GT_X0Y20        BUFG_GT                      0.000     0.000 r  u_pcie_xdma/inst/pcie4_ip_i/inst/xdma_0_pcie4_ip_gt_top_i/diablo_gt.diablo_gt_phy_wrapper/gt_wizard.gtwizard_top_i/xdma_0_pcie4_ip_gt_i/inst/gen_gtwizard_gtye4_top.xdma_0_pcie4_ip_gt_gtwizard_gtye4_inst/gen_gtwizard_gtye4.gen_cpll_cal_gtye4.gen_cpll_cal_inst[2].gen_inst_cpll_cal.gtwizard_ultrascale_v1_7_22_gtye4_cpll_cal_inst/gtwizard_ultrascale_v1_7_22_gtye4_cpll_cal_tx_i/bufg_gt_txoutclkmon_inst/O
    X3Y0 (CLOCK_ROOT)    net (fo=31, routed)          0.323     0.323    u_pcie_xdma/inst/pcie4_ip_i/inst/xdma_0_pcie4_ip_gt_top_i/diablo_gt.diablo_gt_phy_wrapper/gt_wizard.gtwizard_top_i/xdma_0_pcie4_ip_gt_i/inst/gen_gtwizard_gtye4_top.xdma_0_pcie4_ip_gt_gtwizard_gtye4_inst/gen_gtwizard_gtye4.gen_cpll_cal_gtye4.gen_cpll_cal_inst[2].gen_inst_cpll_cal.gtwizard_ultrascale_v1_7_22_gtye4_cpll_cal_inst/gtwizard_ultrascale_v1_7_22_gtye4_cpll_cal_tx_i/U_TXOUTCLK_FREQ_COUNTER/reset_synchronizer_testclk_rst_inst/txoutclkmon
    SLICE_X106Y25        FDPE                                         r  u_pcie_xdma/inst/pcie4_ip_i/inst/xdma_0_pcie4_ip_gt_top_i/diablo_gt.diablo_gt_phy_wrapper/gt_wizard.gtwizard_top_i/xdma_0_pcie4_ip_gt_i/inst/gen_gtwizard_gtye4_top.xdma_0_pcie4_ip_gt_gtwizard_gtye4_inst/gen_gtwizard_gtye4.gen_cpll_cal_gtye4.gen_cpll_cal_inst[2].gen_inst_cpll_cal.gtwizard_ultrascale_v1_7_22_gtye4_cpll_cal_inst/gtwizard_ultrascale_v1_7_22_gtye4_cpll_cal_tx_i/U_TXOUTCLK_FREQ_COUNTER/reset_synchronizer_testclk_rst_inst/rst_in_out_reg/C
  -------------------------------------------------------------------    -------------------
    SLICE_X106Y25        FDPE (Prop_EFF_SLICEM_C_Q)
                                                      0.038     0.361 f  u_pcie_xdma/inst/pcie4_ip_i/inst/xdma_0_pcie4_ip_gt_top_i/diablo_gt.diablo_gt_phy_wrapper/gt_wizard.gtwizard_top_i/xdma_0_pcie4_ip_gt_i/inst/gen_gtwizard_gtye4_top.xdma_0_pcie4_ip_gt_gtwizard_gtye4_inst/gen_gtwizard_gtye4.gen_cpll_cal_gtye4.gen_cpll_cal_inst[2].gen_inst_cpll_cal.gtwizard_ultrascale_v1_7_22_gtye4_cpll_cal_inst/gtwizard_ultrascale_v1_7_22_gtye4_cpll_cal_tx_i/U_TXOUTCLK_FREQ_COUNTER/reset_synchronizer_testclk_rst_inst/rst_in_out_reg/Q
                         net (fo=18, routed)          0.156     0.517    u_pcie_xdma/inst/pcie4_ip_i/inst/xdma_0_pcie4_ip_gt_top_i/diablo_gt.diablo_gt_phy_wrapper/gt_wizard.gtwizard_top_i/xdma_0_pcie4_ip_gt_i/inst/gen_gtwizard_gtye4_top.xdma_0_pcie4_ip_gt_gtwizard_gtye4_inst/gen_gtwizard_gtye4.gen_cpll_cal_gtye4.gen_cpll_cal_inst[2].gen_inst_cpll_cal.gtwizard_ultrascale_v1_7_22_gtye4_cpll_cal_inst/gtwizard_ultrascale_v1_7_22_gtye4_cpll_cal_tx_i/U_TXOUTCLK_FREQ_COUNTER/rst_in_out
    SLICE_X107Y25        FDCE                                         f  u_pcie_xdma/inst/pcie4_ip_i/inst/xdma_0_pcie4_ip_gt_top_i/diablo_gt.diablo_gt_phy_wrapper/gt_wizard.gtwizard_top_i/xdma_0_pcie4_ip_gt_i/inst/gen_gtwizard_gtye4_top.xdma_0_pcie4_ip_gt_gtwizard_gtye4_inst/gen_gtwizard_gtye4.gen_cpll_cal_gtye4.gen_cpll_cal_inst[2].gen_inst_cpll_cal.gtwizard_ultrascale_v1_7_22_gtye4_cpll_cal_inst/gtwizard_ultrascale_v1_7_22_gtye4_cpll_cal_tx_i/U_TXOUTCLK_FREQ_COUNTER/testclk_cnt_reg[16]/CLR
  -------------------------------------------------------------------    -------------------

                         (clock u_pcie_xdma/inst/pcie4_ip_i/inst/xdma_0_pcie4_ip_gt_top_i/diablo_gt.diablo_gt_phy_wrapper/gt_wizard.gtwizard_top_i/xdma_0_pcie4_ip_gt_i/inst/gen_gtwizard_gtye4_top.xdma_0_pcie4_ip_gt_gtwizard_gtye4_inst/gen_gtwizard_gtye4.gen_cpll_cal_gtye4.gen_cpll_cal_inst[2].gen_inst_cpll_cal.gtwizard_ultrascale_v1_7_22_gtye4_cpll_cal_inst/gtwizard_ultrascale_v1_7_22_gtye4_cpll_cal_tx_i/bufg_gt_txoutclkmon_inst/O rise edge)
                                                      0.000     0.000 r  
    BUFG_GT_X0Y20        BUFG_GT                      0.000     0.000 r  u_pcie_xdma/inst/pcie4_ip_i/inst/xdma_0_pcie4_ip_gt_top_i/diablo_gt.diablo_gt_phy_wrapper/gt_wizard.gtwizard_top_i/xdma_0_pcie4_ip_gt_i/inst/gen_gtwizard_gtye4_top.xdma_0_pcie4_ip_gt_gtwizard_gtye4_inst/gen_gtwizard_gtye4.gen_cpll_cal_gtye4.gen_cpll_cal_inst[2].gen_inst_cpll_cal.gtwizard_ultrascale_v1_7_22_gtye4_cpll_cal_inst/gtwizard_ultrascale_v1_7_22_gtye4_cpll_cal_tx_i/bufg_gt_txoutclkmon_inst/O
    X3Y0 (CLOCK_ROOT)    net (fo=31, routed)          0.366     0.366    u_pcie_xdma/inst/pcie4_ip_i/inst/xdma_0_pcie4_ip_gt_top_i/diablo_gt.diablo_gt_phy_wrapper/gt_wizard.gtwizard_top_i/xdma_0_pcie4_ip_gt_i/inst/gen_gtwizard_gtye4_top.xdma_0_pcie4_ip_gt_gtwizard_gtye4_inst/gen_gtwizard_gtye4.gen_cpll_cal_gtye4.gen_cpll_cal_inst[2].gen_inst_cpll_cal.gtwizard_ultrascale_v1_7_22_gtye4_cpll_cal_inst/gtwizard_ultrascale_v1_7_22_gtye4_cpll_cal_tx_i/U_TXOUTCLK_FREQ_COUNTER/txoutclkmon
    SLICE_X107Y25        FDCE                                         r  u_pcie_xdma/inst/pcie4_ip_i/inst/xdma_0_pcie4_ip_gt_top_i/diablo_gt.diablo_gt_phy_wrapper/gt_wizard.gtwizard_top_i/xdma_0_pcie4_ip_gt_i/inst/gen_gtwizard_gtye4_top.xdma_0_pcie4_ip_gt_gtwizard_gtye4_inst/gen_gtwizard_gtye4.gen_cpll_cal_gtye4.gen_cpll_cal_inst[2].gen_inst_cpll_cal.gtwizard_ultrascale_v1_7_22_gtye4_cpll_cal_inst/gtwizard_ultrascale_v1_7_22_gtye4_cpll_cal_tx_i/U_TXOUTCLK_FREQ_COUNTER/testclk_cnt_reg[16]/C
                         clock pessimism             -0.001     0.365    
    SLICE_X107Y25        FDCE (Remov_AFF_SLICEM_C_CLR)
                                                     -0.020     0.345    u_pcie_xdma/inst/pcie4_ip_i/inst/xdma_0_pcie4_ip_gt_top_i/diablo_gt.diablo_gt_phy_wrapper/gt_wizard.gtwizard_top_i/xdma_0_pcie4_ip_gt_i/inst/gen_gtwizard_gtye4_top.xdma_0_pcie4_ip_gt_gtwizard_gtye4_inst/gen_gtwizard_gtye4.gen_cpll_cal_gtye4.gen_cpll_cal_inst[2].gen_inst_cpll_cal.gtwizard_ultrascale_v1_7_22_gtye4_cpll_cal_inst/gtwizard_ultrascale_v1_7_22_gtye4_cpll_cal_tx_i/U_TXOUTCLK_FREQ_COUNTER/testclk_cnt_reg[16]
  -------------------------------------------------------------------
                         required time                         -0.345    
                         arrival time                           0.517    
  -------------------------------------------------------------------
                         slack                                  0.172    





---------------------------------------------------------------------------------------------------
Path Group:  **async_default**
From Clock:  u_pcie_xdma/inst/pcie4_ip_i/inst/xdma_0_pcie4_ip_gt_top_i/diablo_gt.diablo_gt_phy_wrapper/gt_wizard.gtwizard_top_i/xdma_0_pcie4_ip_gt_i/inst/gen_gtwizard_gtye4_top.xdma_0_pcie4_ip_gt_gtwizard_gtye4_inst/gen_gtwizard_gtye4.gen_cpll_cal_gtye4.gen_cpll_cal_inst[3].gen_inst_cpll_cal.gtwizard_ultrascale_v1_7_22_gtye4_cpll_cal_inst/gtwizard_ultrascale_v1_7_22_gtye4_cpll_cal_tx_i/bufg_gt_txoutclkmon_inst/O
  To Clock:  u_pcie_xdma/inst/pcie4_ip_i/inst/xdma_0_pcie4_ip_gt_top_i/diablo_gt.diablo_gt_phy_wrapper/gt_wizard.gtwizard_top_i/xdma_0_pcie4_ip_gt_i/inst/gen_gtwizard_gtye4_top.xdma_0_pcie4_ip_gt_gtwizard_gtye4_inst/gen_gtwizard_gtye4.gen_cpll_cal_gtye4.gen_cpll_cal_inst[3].gen_inst_cpll_cal.gtwizard_ultrascale_v1_7_22_gtye4_cpll_cal_inst/gtwizard_ultrascale_v1_7_22_gtye4_cpll_cal_tx_i/bufg_gt_txoutclkmon_inst/O

Setup :            0  Failing Endpoints,  Worst Slack        7.389ns,  Total Violation        0.000ns
Hold  :            0  Failing Endpoints,  Worst Slack        0.146ns,  Total Violation        0.000ns
---------------------------------------------------------------------------------------------------


Max Delay Paths
--------------------------------------------------------------------------------------
Slack (MET) :             7.389ns  (required time - arrival time)
  Source:                 u_pcie_xdma/inst/pcie4_ip_i/inst/xdma_0_pcie4_ip_gt_top_i/diablo_gt.diablo_gt_phy_wrapper/gt_wizard.gtwizard_top_i/xdma_0_pcie4_ip_gt_i/inst/gen_gtwizard_gtye4_top.xdma_0_pcie4_ip_gt_gtwizard_gtye4_inst/gen_gtwizard_gtye4.gen_cpll_cal_gtye4.gen_cpll_cal_inst[3].gen_inst_cpll_cal.gtwizard_ultrascale_v1_7_22_gtye4_cpll_cal_inst/gtwizard_ultrascale_v1_7_22_gtye4_cpll_cal_tx_i/U_TXOUTCLK_FREQ_COUNTER/reset_synchronizer_testclk_rst_inst/rst_in_out_reg/C
                            (rising edge-triggered cell FDPE clocked by u_pcie_xdma/inst/pcie4_ip_i/inst/xdma_0_pcie4_ip_gt_top_i/diablo_gt.diablo_gt_phy_wrapper/gt_wizard.gtwizard_top_i/xdma_0_pcie4_ip_gt_i/inst/gen_gtwizard_gtye4_top.xdma_0_pcie4_ip_gt_gtwizard_gtye4_inst/gen_gtwizard_gtye4.gen_cpll_cal_gtye4.gen_cpll_cal_inst[3].gen_inst_cpll_cal.gtwizard_ultrascale_v1_7_22_gtye4_cpll_cal_inst/gtwizard_ultrascale_v1_7_22_gtye4_cpll_cal_tx_i/bufg_gt_txoutclkmon_inst/O  {rise@0.000ns fall@4.000ns period=8.000ns})
  Destination:            u_pcie_xdma/inst/pcie4_ip_i/inst/xdma_0_pcie4_ip_gt_top_i/diablo_gt.diablo_gt_phy_wrapper/gt_wizard.gtwizard_top_i/xdma_0_pcie4_ip_gt_i/inst/gen_gtwizard_gtye4_top.xdma_0_pcie4_ip_gt_gtwizard_gtye4_inst/gen_gtwizard_gtye4.gen_cpll_cal_gtye4.gen_cpll_cal_inst[3].gen_inst_cpll_cal.gtwizard_ultrascale_v1_7_22_gtye4_cpll_cal_inst/gtwizard_ultrascale_v1_7_22_gtye4_cpll_cal_tx_i/U_TXOUTCLK_FREQ_COUNTER/testclk_cnt_reg[0]/CLR
                            (recovery check against rising-edge clock u_pcie_xdma/inst/pcie4_ip_i/inst/xdma_0_pcie4_ip_gt_top_i/diablo_gt.diablo_gt_phy_wrapper/gt_wizard.gtwizard_top_i/xdma_0_pcie4_ip_gt_i/inst/gen_gtwizard_gtye4_top.xdma_0_pcie4_ip_gt_gtwizard_gtye4_inst/gen_gtwizard_gtye4.gen_cpll_cal_gtye4.gen_cpll_cal_inst[3].gen_inst_cpll_cal.gtwizard_ultrascale_v1_7_22_gtye4_cpll_cal_inst/gtwizard_ultrascale_v1_7_22_gtye4_cpll_cal_tx_i/bufg_gt_txoutclkmon_inst/O  {rise@0.000ns fall@4.000ns period=8.000ns})
  Path Group:             **async_default**
  Path Type:              Recovery (Max at Slow Process Corner)
  Requirement:            8.000ns  (u_pcie_xdma/inst/pcie4_ip_i/inst/xdma_0_pcie4_ip_gt_top_i/diablo_gt.diablo_gt_phy_wrapper/gt_wizard.gtwizard_top_i/xdma_0_pcie4_ip_gt_i/inst/gen_gtwizard_gtye4_top.xdma_0_pcie4_ip_gt_gtwizard_gtye4_inst/gen_gtwizard_gtye4.gen_cpll_cal_gtye4.gen_cpll_cal_inst[3].gen_inst_cpll_cal.gtwizard_ultrascale_v1_7_22_gtye4_cpll_cal_inst/gtwizard_ultrascale_v1_7_22_gtye4_cpll_cal_tx_i/bufg_gt_txoutclkmon_inst/O rise@8.000ns - u_pcie_xdma/inst/pcie4_ip_i/inst/xdma_0_pcie4_ip_gt_top_i/diablo_gt.diablo_gt_phy_wrapper/gt_wizard.gtwizard_top_i/xdma_0_pcie4_ip_gt_i/inst/gen_gtwizard_gtye4_top.xdma_0_pcie4_ip_gt_gtwizard_gtye4_inst/gen_gtwizard_gtye4.gen_cpll_cal_gtye4.gen_cpll_cal_inst[3].gen_inst_cpll_cal.gtwizard_ultrascale_v1_7_22_gtye4_cpll_cal_inst/gtwizard_ultrascale_v1_7_22_gtye4_cpll_cal_tx_i/bufg_gt_txoutclkmon_inst/O rise@0.000ns)
  Data Path Delay:        0.457ns  (logic 0.096ns (21.009%)  route 0.361ns (78.991%))
  Logic Levels:           0  
  Clock Path Skew:        -0.036ns (DCD - SCD + CPR)
    Destination Clock Delay (DCD):    0.541ns = ( 8.541 - 8.000 ) 
    Source Clock Delay      (SCD):    0.639ns
    Clock Pessimism Removal (CPR):    0.062ns
  Clock Uncertainty:      0.046ns  ((TSJ^2 + DJ^2)^1/2) / 2 + PE
    Total System Jitter     (TSJ):    0.071ns
    Discrete Jitter          (DJ):    0.060ns
    Phase Error              (PE):    0.000ns
  Clock Net Delay (Source):      0.639ns (routing 0.002ns, distribution 0.637ns)
  Clock Net Delay (Destination): 0.541ns (routing 0.001ns, distribution 0.540ns)

    Location             Delay type                Incr(ns)  Path(ns)    Netlist Resource(s)
  -------------------------------------------------------------------    -------------------
                         (clock u_pcie_xdma/inst/pcie4_ip_i/inst/xdma_0_pcie4_ip_gt_top_i/diablo_gt.diablo_gt_phy_wrapper/gt_wizard.gtwizard_top_i/xdma_0_pcie4_ip_gt_i/inst/gen_gtwizard_gtye4_top.xdma_0_pcie4_ip_gt_gtwizard_gtye4_inst/gen_gtwizard_gtye4.gen_cpll_cal_gtye4.gen_cpll_cal_inst[3].gen_inst_cpll_cal.gtwizard_ultrascale_v1_7_22_gtye4_cpll_cal_inst/gtwizard_ultrascale_v1_7_22_gtye4_cpll_cal_tx_i/bufg_gt_txoutclkmon_inst/O rise edge)
                                                      0.000     0.000 r  
    BUFG_GT_X0Y19        BUFG_GT                      0.000     0.000 r  u_pcie_xdma/inst/pcie4_ip_i/inst/xdma_0_pcie4_ip_gt_top_i/diablo_gt.diablo_gt_phy_wrapper/gt_wizard.gtwizard_top_i/xdma_0_pcie4_ip_gt_i/inst/gen_gtwizard_gtye4_top.xdma_0_pcie4_ip_gt_gtwizard_gtye4_inst/gen_gtwizard_gtye4.gen_cpll_cal_gtye4.gen_cpll_cal_inst[3].gen_inst_cpll_cal.gtwizard_ultrascale_v1_7_22_gtye4_cpll_cal_inst/gtwizard_ultrascale_v1_7_22_gtye4_cpll_cal_tx_i/bufg_gt_txoutclkmon_inst/O
    X3Y0 (CLOCK_ROOT)    net (fo=31, routed)          0.639     0.639    u_pcie_xdma/inst/pcie4_ip_i/inst/xdma_0_pcie4_ip_gt_top_i/diablo_gt.diablo_gt_phy_wrapper/gt_wizard.gtwizard_top_i/xdma_0_pcie4_ip_gt_i/inst/gen_gtwizard_gtye4_top.xdma_0_pcie4_ip_gt_gtwizard_gtye4_inst/gen_gtwizard_gtye4.gen_cpll_cal_gtye4.gen_cpll_cal_inst[3].gen_inst_cpll_cal.gtwizard_ultrascale_v1_7_22_gtye4_cpll_cal_inst/gtwizard_ultrascale_v1_7_22_gtye4_cpll_cal_tx_i/U_TXOUTCLK_FREQ_COUNTER/reset_synchronizer_testclk_rst_inst/txoutclkmon
    SLICE_X111Y56        FDPE                                         r  u_pcie_xdma/inst/pcie4_ip_i/inst/xdma_0_pcie4_ip_gt_top_i/diablo_gt.diablo_gt_phy_wrapper/gt_wizard.gtwizard_top_i/xdma_0_pcie4_ip_gt_i/inst/gen_gtwizard_gtye4_top.xdma_0_pcie4_ip_gt_gtwizard_gtye4_inst/gen_gtwizard_gtye4.gen_cpll_cal_gtye4.gen_cpll_cal_inst[3].gen_inst_cpll_cal.gtwizard_ultrascale_v1_7_22_gtye4_cpll_cal_inst/gtwizard_ultrascale_v1_7_22_gtye4_cpll_cal_tx_i/U_TXOUTCLK_FREQ_COUNTER/reset_synchronizer_testclk_rst_inst/rst_in_out_reg/C
  -------------------------------------------------------------------    -------------------
    SLICE_X111Y56        FDPE (Prop_EFF_SLICEL_C_Q)
                                                      0.096     0.735 f  u_pcie_xdma/inst/pcie4_ip_i/inst/xdma_0_pcie4_ip_gt_top_i/diablo_gt.diablo_gt_phy_wrapper/gt_wizard.gtwizard_top_i/xdma_0_pcie4_ip_gt_i/inst/gen_gtwizard_gtye4_top.xdma_0_pcie4_ip_gt_gtwizard_gtye4_inst/gen_gtwizard_gtye4.gen_cpll_cal_gtye4.gen_cpll_cal_inst[3].gen_inst_cpll_cal.gtwizard_ultrascale_v1_7_22_gtye4_cpll_cal_inst/gtwizard_ultrascale_v1_7_22_gtye4_cpll_cal_tx_i/U_TXOUTCLK_FREQ_COUNTER/reset_synchronizer_testclk_rst_inst/rst_in_out_reg/Q
                         net (fo=18, routed)          0.361     1.096    u_pcie_xdma/inst/pcie4_ip_i/inst/xdma_0_pcie4_ip_gt_top_i/diablo_gt.diablo_gt_phy_wrapper/gt_wizard.gtwizard_top_i/xdma_0_pcie4_ip_gt_i/inst/gen_gtwizard_gtye4_top.xdma_0_pcie4_ip_gt_gtwizard_gtye4_inst/gen_gtwizard_gtye4.gen_cpll_cal_gtye4.gen_cpll_cal_inst[3].gen_inst_cpll_cal.gtwizard_ultrascale_v1_7_22_gtye4_cpll_cal_inst/gtwizard_ultrascale_v1_7_22_gtye4_cpll_cal_tx_i/U_TXOUTCLK_FREQ_COUNTER/rst_in_out
    SLICE_X110Y53        FDCE                                         f  u_pcie_xdma/inst/pcie4_ip_i/inst/xdma_0_pcie4_ip_gt_top_i/diablo_gt.diablo_gt_phy_wrapper/gt_wizard.gtwizard_top_i/xdma_0_pcie4_ip_gt_i/inst/gen_gtwizard_gtye4_top.xdma_0_pcie4_ip_gt_gtwizard_gtye4_inst/gen_gtwizard_gtye4.gen_cpll_cal_gtye4.gen_cpll_cal_inst[3].gen_inst_cpll_cal.gtwizard_ultrascale_v1_7_22_gtye4_cpll_cal_inst/gtwizard_ultrascale_v1_7_22_gtye4_cpll_cal_tx_i/U_TXOUTCLK_FREQ_COUNTER/testclk_cnt_reg[0]/CLR
  -------------------------------------------------------------------    -------------------

                         (clock u_pcie_xdma/inst/pcie4_ip_i/inst/xdma_0_pcie4_ip_gt_top_i/diablo_gt.diablo_gt_phy_wrapper/gt_wizard.gtwizard_top_i/xdma_0_pcie4_ip_gt_i/inst/gen_gtwizard_gtye4_top.xdma_0_pcie4_ip_gt_gtwizard_gtye4_inst/gen_gtwizard_gtye4.gen_cpll_cal_gtye4.gen_cpll_cal_inst[3].gen_inst_cpll_cal.gtwizard_ultrascale_v1_7_22_gtye4_cpll_cal_inst/gtwizard_ultrascale_v1_7_22_gtye4_cpll_cal_tx_i/bufg_gt_txoutclkmon_inst/O rise edge)
                                                      8.000     8.000 r  
    BUFG_GT_X0Y19        BUFG_GT                      0.000     8.000 r  u_pcie_xdma/inst/pcie4_ip_i/inst/xdma_0_pcie4_ip_gt_top_i/diablo_gt.diablo_gt_phy_wrapper/gt_wizard.gtwizard_top_i/xdma_0_pcie4_ip_gt_i/inst/gen_gtwizard_gtye4_top.xdma_0_pcie4_ip_gt_gtwizard_gtye4_inst/gen_gtwizard_gtye4.gen_cpll_cal_gtye4.gen_cpll_cal_inst[3].gen_inst_cpll_cal.gtwizard_ultrascale_v1_7_22_gtye4_cpll_cal_inst/gtwizard_ultrascale_v1_7_22_gtye4_cpll_cal_tx_i/bufg_gt_txoutclkmon_inst/O
    X3Y0 (CLOCK_ROOT)    net (fo=31, routed)          0.541     8.541    u_pcie_xdma/inst/pcie4_ip_i/inst/xdma_0_pcie4_ip_gt_top_i/diablo_gt.diablo_gt_phy_wrapper/gt_wizard.gtwizard_top_i/xdma_0_pcie4_ip_gt_i/inst/gen_gtwizard_gtye4_top.xdma_0_pcie4_ip_gt_gtwizard_gtye4_inst/gen_gtwizard_gtye4.gen_cpll_cal_gtye4.gen_cpll_cal_inst[3].gen_inst_cpll_cal.gtwizard_ultrascale_v1_7_22_gtye4_cpll_cal_inst/gtwizard_ultrascale_v1_7_22_gtye4_cpll_cal_tx_i/U_TXOUTCLK_FREQ_COUNTER/txoutclkmon
    SLICE_X110Y53        FDCE                                         r  u_pcie_xdma/inst/pcie4_ip_i/inst/xdma_0_pcie4_ip_gt_top_i/diablo_gt.diablo_gt_phy_wrapper/gt_wizard.gtwizard_top_i/xdma_0_pcie4_ip_gt_i/inst/gen_gtwizard_gtye4_top.xdma_0_pcie4_ip_gt_gtwizard_gtye4_inst/gen_gtwizard_gtye4.gen_cpll_cal_gtye4.gen_cpll_cal_inst[3].gen_inst_cpll_cal.gtwizard_ultrascale_v1_7_22_gtye4_cpll_cal_inst/gtwizard_ultrascale_v1_7_22_gtye4_cpll_cal_tx_i/U_TXOUTCLK_FREQ_COUNTER/testclk_cnt_reg[0]/C
                         clock pessimism              0.062     8.603    
                         clock uncertainty           -0.046     8.557    
    SLICE_X110Y53        FDCE (Recov_AFF_SLICEM_C_CLR)
                                                     -0.072     8.485    u_pcie_xdma/inst/pcie4_ip_i/inst/xdma_0_pcie4_ip_gt_top_i/diablo_gt.diablo_gt_phy_wrapper/gt_wizard.gtwizard_top_i/xdma_0_pcie4_ip_gt_i/inst/gen_gtwizard_gtye4_top.xdma_0_pcie4_ip_gt_gtwizard_gtye4_inst/gen_gtwizard_gtye4.gen_cpll_cal_gtye4.gen_cpll_cal_inst[3].gen_inst_cpll_cal.gtwizard_ultrascale_v1_7_22_gtye4_cpll_cal_inst/gtwizard_ultrascale_v1_7_22_gtye4_cpll_cal_tx_i/U_TXOUTCLK_FREQ_COUNTER/testclk_cnt_reg[0]
  -------------------------------------------------------------------
                         required time                          8.485    
                         arrival time                          -1.096    
  -------------------------------------------------------------------
                         slack                                  7.389    





Min Delay Paths
--------------------------------------------------------------------------------------
Slack (MET) :             0.146ns  (arrival time - required time)
  Source:                 u_pcie_xdma/inst/pcie4_ip_i/inst/xdma_0_pcie4_ip_gt_top_i/diablo_gt.diablo_gt_phy_wrapper/gt_wizard.gtwizard_top_i/xdma_0_pcie4_ip_gt_i/inst/gen_gtwizard_gtye4_top.xdma_0_pcie4_ip_gt_gtwizard_gtye4_inst/gen_gtwizard_gtye4.gen_cpll_cal_gtye4.gen_cpll_cal_inst[3].gen_inst_cpll_cal.gtwizard_ultrascale_v1_7_22_gtye4_cpll_cal_inst/gtwizard_ultrascale_v1_7_22_gtye4_cpll_cal_tx_i/U_TXOUTCLK_FREQ_COUNTER/reset_synchronizer_testclk_rst_inst/rst_in_out_reg/C
                            (rising edge-triggered cell FDPE clocked by u_pcie_xdma/inst/pcie4_ip_i/inst/xdma_0_pcie4_ip_gt_top_i/diablo_gt.diablo_gt_phy_wrapper/gt_wizard.gtwizard_top_i/xdma_0_pcie4_ip_gt_i/inst/gen_gtwizard_gtye4_top.xdma_0_pcie4_ip_gt_gtwizard_gtye4_inst/gen_gtwizard_gtye4.gen_cpll_cal_gtye4.gen_cpll_cal_inst[3].gen_inst_cpll_cal.gtwizard_ultrascale_v1_7_22_gtye4_cpll_cal_inst/gtwizard_ultrascale_v1_7_22_gtye4_cpll_cal_tx_i/bufg_gt_txoutclkmon_inst/O  {rise@0.000ns fall@4.000ns period=8.000ns})
  Destination:            u_pcie_xdma/inst/pcie4_ip_i/inst/xdma_0_pcie4_ip_gt_top_i/diablo_gt.diablo_gt_phy_wrapper/gt_wizard.gtwizard_top_i/xdma_0_pcie4_ip_gt_i/inst/gen_gtwizard_gtye4_top.xdma_0_pcie4_ip_gt_gtwizard_gtye4_inst/gen_gtwizard_gtye4.gen_cpll_cal_gtye4.gen_cpll_cal_inst[3].gen_inst_cpll_cal.gtwizard_ultrascale_v1_7_22_gtye4_cpll_cal_inst/gtwizard_ultrascale_v1_7_22_gtye4_cpll_cal_tx_i/U_TXOUTCLK_FREQ_COUNTER/testclk_cnt_reg[16]/CLR
                            (removal check against rising-edge clock u_pcie_xdma/inst/pcie4_ip_i/inst/xdma_0_pcie4_ip_gt_top_i/diablo_gt.diablo_gt_phy_wrapper/gt_wizard.gtwizard_top_i/xdma_0_pcie4_ip_gt_i/inst/gen_gtwizard_gtye4_top.xdma_0_pcie4_ip_gt_gtwizard_gtye4_inst/gen_gtwizard_gtye4.gen_cpll_cal_gtye4.gen_cpll_cal_inst[3].gen_inst_cpll_cal.gtwizard_ultrascale_v1_7_22_gtye4_cpll_cal_inst/gtwizard_ultrascale_v1_7_22_gtye4_cpll_cal_tx_i/bufg_gt_txoutclkmon_inst/O  {rise@0.000ns fall@4.000ns period=8.000ns})
  Path Group:             **async_default**
  Path Type:              Removal (Min at Fast Process Corner)
  Requirement:            0.000ns  (u_pcie_xdma/inst/pcie4_ip_i/inst/xdma_0_pcie4_ip_gt_top_i/diablo_gt.diablo_gt_phy_wrapper/gt_wizard.gtwizard_top_i/xdma_0_pcie4_ip_gt_i/inst/gen_gtwizard_gtye4_top.xdma_0_pcie4_ip_gt_gtwizard_gtye4_inst/gen_gtwizard_gtye4.gen_cpll_cal_gtye4.gen_cpll_cal_inst[3].gen_inst_cpll_cal.gtwizard_ultrascale_v1_7_22_gtye4_cpll_cal_inst/gtwizard_ultrascale_v1_7_22_gtye4_cpll_cal_tx_i/bufg_gt_txoutclkmon_inst/O rise@0.000ns - u_pcie_xdma/inst/pcie4_ip_i/inst/xdma_0_pcie4_ip_gt_top_i/diablo_gt.diablo_gt_phy_wrapper/gt_wizard.gtwizard_top_i/xdma_0_pcie4_ip_gt_i/inst/gen_gtwizard_gtye4_top.xdma_0_pcie4_ip_gt_gtwizard_gtye4_inst/gen_gtwizard_gtye4.gen_cpll_cal_gtye4.gen_cpll_cal_inst[3].gen_inst_cpll_cal.gtwizard_ultrascale_v1_7_22_gtye4_cpll_cal_inst/gtwizard_ultrascale_v1_7_22_gtye4_cpll_cal_tx_i/bufg_gt_txoutclkmon_inst/O rise@0.000ns)
  Data Path Delay:        0.145ns  (logic 0.039ns (26.912%)  route 0.106ns (73.088%))
  Logic Levels:           0  
  Clock Path Skew:        0.019ns (DCD - SCD - CPR)
    Destination Clock Delay (DCD):    0.366ns
    Source Clock Delay      (SCD):    0.319ns
    Clock Pessimism Removal (CPR):    0.029ns
  Clock Net Delay (Source):      0.319ns (routing 0.001ns, distribution 0.318ns)
  Clock Net Delay (Destination): 0.366ns (routing 0.001ns, distribution 0.365ns)

    Location             Delay type                Incr(ns)  Path(ns)    Netlist Resource(s)
  -------------------------------------------------------------------    -------------------
                         (clock u_pcie_xdma/inst/pcie4_ip_i/inst/xdma_0_pcie4_ip_gt_top_i/diablo_gt.diablo_gt_phy_wrapper/gt_wizard.gtwizard_top_i/xdma_0_pcie4_ip_gt_i/inst/gen_gtwizard_gtye4_top.xdma_0_pcie4_ip_gt_gtwizard_gtye4_inst/gen_gtwizard_gtye4.gen_cpll_cal_gtye4.gen_cpll_cal_inst[3].gen_inst_cpll_cal.gtwizard_ultrascale_v1_7_22_gtye4_cpll_cal_inst/gtwizard_ultrascale_v1_7_22_gtye4_cpll_cal_tx_i/bufg_gt_txoutclkmon_inst/O rise edge)
                                                      0.000     0.000 r  
    BUFG_GT_X0Y19        BUFG_GT                      0.000     0.000 r  u_pcie_xdma/inst/pcie4_ip_i/inst/xdma_0_pcie4_ip_gt_top_i/diablo_gt.diablo_gt_phy_wrapper/gt_wizard.gtwizard_top_i/xdma_0_pcie4_ip_gt_i/inst/gen_gtwizard_gtye4_top.xdma_0_pcie4_ip_gt_gtwizard_gtye4_inst/gen_gtwizard_gtye4.gen_cpll_cal_gtye4.gen_cpll_cal_inst[3].gen_inst_cpll_cal.gtwizard_ultrascale_v1_7_22_gtye4_cpll_cal_inst/gtwizard_ultrascale_v1_7_22_gtye4_cpll_cal_tx_i/bufg_gt_txoutclkmon_inst/O
    X3Y0 (CLOCK_ROOT)    net (fo=31, routed)          0.319     0.319    u_pcie_xdma/inst/pcie4_ip_i/inst/xdma_0_pcie4_ip_gt_top_i/diablo_gt.diablo_gt_phy_wrapper/gt_wizard.gtwizard_top_i/xdma_0_pcie4_ip_gt_i/inst/gen_gtwizard_gtye4_top.xdma_0_pcie4_ip_gt_gtwizard_gtye4_inst/gen_gtwizard_gtye4.gen_cpll_cal_gtye4.gen_cpll_cal_inst[3].gen_inst_cpll_cal.gtwizard_ultrascale_v1_7_22_gtye4_cpll_cal_inst/gtwizard_ultrascale_v1_7_22_gtye4_cpll_cal_tx_i/U_TXOUTCLK_FREQ_COUNTER/reset_synchronizer_testclk_rst_inst/txoutclkmon
    SLICE_X111Y56        FDPE                                         r  u_pcie_xdma/inst/pcie4_ip_i/inst/xdma_0_pcie4_ip_gt_top_i/diablo_gt.diablo_gt_phy_wrapper/gt_wizard.gtwizard_top_i/xdma_0_pcie4_ip_gt_i/inst/gen_gtwizard_gtye4_top.xdma_0_pcie4_ip_gt_gtwizard_gtye4_inst/gen_gtwizard_gtye4.gen_cpll_cal_gtye4.gen_cpll_cal_inst[3].gen_inst_cpll_cal.gtwizard_ultrascale_v1_7_22_gtye4_cpll_cal_inst/gtwizard_ultrascale_v1_7_22_gtye4_cpll_cal_tx_i/U_TXOUTCLK_FREQ_COUNTER/reset_synchronizer_testclk_rst_inst/rst_in_out_reg/C
  -------------------------------------------------------------------    -------------------
    SLICE_X111Y56        FDPE (Prop_EFF_SLICEL_C_Q)
                                                      0.039     0.358 f  u_pcie_xdma/inst/pcie4_ip_i/inst/xdma_0_pcie4_ip_gt_top_i/diablo_gt.diablo_gt_phy_wrapper/gt_wizard.gtwizard_top_i/xdma_0_pcie4_ip_gt_i/inst/gen_gtwizard_gtye4_top.xdma_0_pcie4_ip_gt_gtwizard_gtye4_inst/gen_gtwizard_gtye4.gen_cpll_cal_gtye4.gen_cpll_cal_inst[3].gen_inst_cpll_cal.gtwizard_ultrascale_v1_7_22_gtye4_cpll_cal_inst/gtwizard_ultrascale_v1_7_22_gtye4_cpll_cal_tx_i/U_TXOUTCLK_FREQ_COUNTER/reset_synchronizer_testclk_rst_inst/rst_in_out_reg/Q
                         net (fo=18, routed)          0.106     0.463    u_pcie_xdma/inst/pcie4_ip_i/inst/xdma_0_pcie4_ip_gt_top_i/diablo_gt.diablo_gt_phy_wrapper/gt_wizard.gtwizard_top_i/xdma_0_pcie4_ip_gt_i/inst/gen_gtwizard_gtye4_top.xdma_0_pcie4_ip_gt_gtwizard_gtye4_inst/gen_gtwizard_gtye4.gen_cpll_cal_gtye4.gen_cpll_cal_inst[3].gen_inst_cpll_cal.gtwizard_ultrascale_v1_7_22_gtye4_cpll_cal_inst/gtwizard_ultrascale_v1_7_22_gtye4_cpll_cal_tx_i/U_TXOUTCLK_FREQ_COUNTER/rst_in_out
    SLICE_X110Y55        FDCE                                         f  u_pcie_xdma/inst/pcie4_ip_i/inst/xdma_0_pcie4_ip_gt_top_i/diablo_gt.diablo_gt_phy_wrapper/gt_wizard.gtwizard_top_i/xdma_0_pcie4_ip_gt_i/inst/gen_gtwizard_gtye4_top.xdma_0_pcie4_ip_gt_gtwizard_gtye4_inst/gen_gtwizard_gtye4.gen_cpll_cal_gtye4.gen_cpll_cal_inst[3].gen_inst_cpll_cal.gtwizard_ultrascale_v1_7_22_gtye4_cpll_cal_inst/gtwizard_ultrascale_v1_7_22_gtye4_cpll_cal_tx_i/U_TXOUTCLK_FREQ_COUNTER/testclk_cnt_reg[16]/CLR
  -------------------------------------------------------------------    -------------------

                         (clock u_pcie_xdma/inst/pcie4_ip_i/inst/xdma_0_pcie4_ip_gt_top_i/diablo_gt.diablo_gt_phy_wrapper/gt_wizard.gtwizard_top_i/xdma_0_pcie4_ip_gt_i/inst/gen_gtwizard_gtye4_top.xdma_0_pcie4_ip_gt_gtwizard_gtye4_inst/gen_gtwizard_gtye4.gen_cpll_cal_gtye4.gen_cpll_cal_inst[3].gen_inst_cpll_cal.gtwizard_ultrascale_v1_7_22_gtye4_cpll_cal_inst/gtwizard_ultrascale_v1_7_22_gtye4_cpll_cal_tx_i/bufg_gt_txoutclkmon_inst/O rise edge)
                                                      0.000     0.000 r  
    BUFG_GT_X0Y19        BUFG_GT                      0.000     0.000 r  u_pcie_xdma/inst/pcie4_ip_i/inst/xdma_0_pcie4_ip_gt_top_i/diablo_gt.diablo_gt_phy_wrapper/gt_wizard.gtwizard_top_i/xdma_0_pcie4_ip_gt_i/inst/gen_gtwizard_gtye4_top.xdma_0_pcie4_ip_gt_gtwizard_gtye4_inst/gen_gtwizard_gtye4.gen_cpll_cal_gtye4.gen_cpll_cal_inst[3].gen_inst_cpll_cal.gtwizard_ultrascale_v1_7_22_gtye4_cpll_cal_inst/gtwizard_ultrascale_v1_7_22_gtye4_cpll_cal_tx_i/bufg_gt_txoutclkmon_inst/O
    X3Y0 (CLOCK_ROOT)    net (fo=31, routed)          0.366     0.366    u_pcie_xdma/inst/pcie4_ip_i/inst/xdma_0_pcie4_ip_gt_top_i/diablo_gt.diablo_gt_phy_wrapper/gt_wizard.gtwizard_top_i/xdma_0_pcie4_ip_gt_i/inst/gen_gtwizard_gtye4_top.xdma_0_pcie4_ip_gt_gtwizard_gtye4_inst/gen_gtwizard_gtye4.gen_cpll_cal_gtye4.gen_cpll_cal_inst[3].gen_inst_cpll_cal.gtwizard_ultrascale_v1_7_22_gtye4_cpll_cal_inst/gtwizard_ultrascale_v1_7_22_gtye4_cpll_cal_tx_i/U_TXOUTCLK_FREQ_COUNTER/txoutclkmon
    SLICE_X110Y55        FDCE                                         r  u_pcie_xdma/inst/pcie4_ip_i/inst/xdma_0_pcie4_ip_gt_top_i/diablo_gt.diablo_gt_phy_wrapper/gt_wizard.gtwizard_top_i/xdma_0_pcie4_ip_gt_i/inst/gen_gtwizard_gtye4_top.xdma_0_pcie4_ip_gt_gtwizard_gtye4_inst/gen_gtwizard_gtye4.gen_cpll_cal_gtye4.gen_cpll_cal_inst[3].gen_inst_cpll_cal.gtwizard_ultrascale_v1_7_22_gtye4_cpll_cal_inst/gtwizard_ultrascale_v1_7_22_gtye4_cpll_cal_tx_i/U_TXOUTCLK_FREQ_COUNTER/testclk_cnt_reg[16]/C
                         clock pessimism             -0.029     0.337    
    SLICE_X110Y55        FDCE (Remov_AFF_SLICEM_C_CLR)
                                                     -0.020     0.317    u_pcie_xdma/inst/pcie4_ip_i/inst/xdma_0_pcie4_ip_gt_top_i/diablo_gt.diablo_gt_phy_wrapper/gt_wizard.gtwizard_top_i/xdma_0_pcie4_ip_gt_i/inst/gen_gtwizard_gtye4_top.xdma_0_pcie4_ip_gt_gtwizard_gtye4_inst/gen_gtwizard_gtye4.gen_cpll_cal_gtye4.gen_cpll_cal_inst[3].gen_inst_cpll_cal.gtwizard_ultrascale_v1_7_22_gtye4_cpll_cal_inst/gtwizard_ultrascale_v1_7_22_gtye4_cpll_cal_tx_i/U_TXOUTCLK_FREQ_COUNTER/testclk_cnt_reg[16]
  -------------------------------------------------------------------
                         required time                         -0.317    
                         arrival time                           0.463    
  -------------------------------------------------------------------
                         slack                                  0.146    





