14	0.021205000	1
15	0.021209000	1461
20	0.021260200	2921
21	0.021261100	4381
22	0.021261900	5841
23	0.021262600	7301
24	0.021263200	8761
35	0.021285200	10221
36	0.021285800	11681
41	0.021300500	13141
44	0.021326600	14601
47	0.021338300	16061
48	0.021339100	17521
53	0.021351400	18981
56	0.021361100	20441
59	0.021371300	21901
62	0.021391700	23361
65	0.021440200	24821
66	0.021440800	26281
67	0.021441700	27741
68	0.021442400	29201
77	0.021464700	30661
78	0.021465500	32121
83	0.021481500	33581
85	0.021509200	35041
86	0.021510300	36501
89	0.021520800	37961
91	0.021529100	39421
93	0.021535700	40881
95	0.021584300	42341
96	0.021585300	43801
97	0.021586100	45261
101	0.021618100	46721
102	0.021618900	48181
103	0.021619700	49641
107	0.021635200	51101
109	0.021655200	52561
110	0.021656300	54021
113	0.021668400	55481
115	0.021678000	56941
117	0.021687100	58401
119	0.021722800	59861
120	0.021723900	61321
124	0.021759300	62781
125	0.021768600	64241
126	0.021770400	65701
130	0.021789200	67161
131	0.021789700	68621
134	0.021805400	70081
135	0.021806300	71541
138	0.021823000	73001
140	0.021842200	74461
141	0.021843600	75921
144	0.021861200	77381
146	0.021867900	78841
148	0.021919300	80301
149	0.021921200	81761
150	0.021922000	83221
154	0.021971100	84681
155	0.021972300	86141
156	0.021974200	87601
157	0.021975600	89061
158	0.021977200	90521
164	0.022004000	91981
165	0.022006200	93441
168	0.022018900	94901
169	0.022020900	96361
172	0.022045400	97821
174	0.022056600	99281
175	0.022057700	100741
178	0.022069900	102201
180	0.022081000	103661
182	0.022105600	105121
184	0.022117500	106581
186	0.022128100	108041
189	0.022138800	109501
191	0.022151300	110961
193	0.022162100	112421
195	0.022173300	113881
197	0.022183300	115341
199	0.022204600	116801
201	0.022215200	118261
203	0.022240500	119721
204	0.022241200	121181
207	0.022253100	122641
209	0.022263900	124101
211	0.022273900	125561
213	0.022284100	127021
215	0.022295800	128481
217	0.022316300	129941
219	0.022339700	131401
221	0.022351900	132861
222	0.022352600	134321
225	0.022366800	135781
227	0.022377600	137241
229	0.022388800	138701
231	0.022400000	140161
233	0.022411300	141621
235	0.022423700	143081
238	0.022435800	144541
240	0.022488000	146001
241	0.022488700	147461
242	0.022489300	148921
243	0.022489800	150381
248	0.022508300	151841
250	0.022518300	153301
252	0.022526100	154761
255	0.022546400	156221
257	0.022556800	157681
259	0.022582800	159141
260	0.022583400	160601
263	0.022596100	162061
265	0.022621400	163521
266	0.022622100	164981
269	0.022634500	166441
271	0.022659700	167901
272	0.022661700	169361
275	0.022681800	170821
277	0.022692300	172281
278	0.022693100	173741
281	0.022703500	175201
283	0.022756500	176661
284	0.022757100	178121
285	0.022757600	179581
286	0.022758100	181041
291	0.022779000	182501
292	0.022780300	183961
295	0.022791700	185421
297	0.022811500	186881
299	0.022821700	188341
301	0.022864800	189801
302	0.022866500	191261
303	0.022867100	192721
307	0.022902800	194181
308	0.022903100	195641
309	0.022913000	196613
310	0.022914200	198073
311	0.022924300	199533
312	0.022967900	200993
313	0.022968800	202453
314	0.022969800	203913
315	0.022972500	205373
325	0.023006000	206833
326	0.023006700	208293
329	0.023019000	209753
330	0.023019800	211213
333	0.023029800	212673
335	0.023040400	214133
337	0.023053200	215593
339	0.023074500	217053
341	0.023088800	218513
343	0.023098700	219973
345	0.023108200	221433
347	0.023117400	222893
349	0.023140500	224353
351	0.023157900	225813
353	0.023169900	227273
354	0.023170600	228733
357	0.023183000	230193
359	0.023201800	231653
361	0.023213700	233113
363	0.023228500	234573
365	0.023239300	236033
367	0.023249200	237493
369	0.023257800	238953
371	0.023276800	240413
373	0.023284300	241873
375	0.023295700	243333
377	0.023319400	244793
379	0.023333200	246253
381	0.023347200	247713
382	0.023347800	249173
386	0.023365700	250633
388	0.023379200	252093
390	0.023393400	253553
392	0.023410300	255013
393	0.023416300	256473
396	0.023428300	257933
398	0.023453500	259393
399	0.023454200	260853
402	0.023465600	262313
404	0.023494800	263773
405	0.023495400	265233
408	0.023514800	266693
410	0.023524800	268153
411	0.023533600	269613
414	0.023543700	271073
416	0.023584000	272533
417	0.023584800	273993
418	0.023585300	275453
422	0.023601500	276913
424	0.023610200	278373
426	0.023616500	279833
428	0.023625900	281293
430	0.023644700	282753
432	0.023654100	284213
434	0.023662100	285673
436	0.023699500	287133
437	0.023700000	288593
440	0.023714100	290053
442	0.023730400	291513
443	0.023731100	292973
446	0.023747600	294433
448	0.023769600	295893
451	0.023781500	297353
452	0.023782100	298813
455	0.023796200	300273
457	0.023809500	301733
459	0.023824500	303193
461	0.023838300	304653
463	0.023852300	306113
465	0.023866100	307573
466	0.023866900	309033
469	0.023881100	310493
471	0.023895700	311953
473	0.023910800	313413
475	0.023924100	314873
477	0.023938800	316333
479	0.023952300	317793
481	0.023967700	319253
482	0.023968500	320713
485	0.023986200	322173
487	0.023999500	323633
489	0.024013100	325093
491	0.024026000	326553
493	0.024039700	328013
495	0.024053100	329473
497	0.024066800	330933
499	0.024080900	332393
501	0.024097100	333853
502	0.024097900	335313
505	0.024114900	336773
507	0.024142100	338233
508	0.024142700	339693
511	0.024164100	341153
513	0.024172400	342613
514	0.024174000	344073
518	0.024184500	345533
520	0.024195000	346993
522	0.024218500	348453
524	0.024231100	349913
526	0.024250000	351373
528	0.024261000	352833
529	0.024261600	354293
532	0.024287200	355753
534	0.024297100	357213
535	0.024297600	358673
538	0.024313200	360133
540	0.024326400	361593
542	0.024340200	363053
544	0.024355100	364513
546	0.024368400	365973
548	0.024381400	367433
550	0.024394600	368893
552	0.024407600	370353
554	0.024421300	371813
556	0.024434600	373273
558	0.024448300	374733
560	0.024464400	376193
561	0.024465100	377653
564	0.024480200	379113
566	0.024493500	380573
568	0.024506700	382033
570	0.024521000	383493
572	0.024536000	384953
574	0.024550100	386413
576	0.024564200	387873
577	0.024564800	389333
581	0.024579900	390793
583	0.024593800	392253
585	0.024608700	393713
587	0.024622700	395173
589	0.024635800	396633
592	0.024650400	398093
594	0.024664400	399553
596	0.024678500	401013
597	0.024679200	402473
600	0.024694700	403933
602	0.024712200	405393
604	0.024726000	406853
606	0.024739500	408313
608	0.024754400	409773
609	0.024754900	411233
612	0.024769500	412693
614	0.024784600	414153
616	0.024798100	415613
618	0.024811700	417073
620	0.024825000	418533
622	0.024839300	419993
624	0.024852200	421453
626	0.024868500	422913
627	0.024869100	424373
630	0.024884000	425833
632	0.024897100	427293
634	0.024910800	428753
636	0.024924100	430213
638	0.024967000	431673
639	0.024967500	433133
640	0.024968000	434593
644	0.024980700	436053
647	0.025005600	437513
648	0.025006300	438973
651	0.025019400	440433
653	0.025042100	441893
654	0.025042500	443353
657	0.025058500	444813
658	0.025059000	446273
660	0.025077700	447733
662	0.025104800	449193
663	0.025106200	450653
666	0.025130000	452113
668	0.025138200	453573
669	0.025138700	455033
672	0.025148600	456493
674	0.025156400	457953
676	0.025175500	458925
678	0.025192600	460385
680	0.025203400	461845
682	0.025211500	463305
684	0.025221200	464765
686	0.025231500	466225
688	0.025250700	467685
690	0.025274200	469145
692	0.025285400	470605
693	0.025286000	472065
696	0.025308400	473525
698	0.025316700	474985
700	0.025324900	476445
702	0.025334700	477905
704	0.025345800	479365
706	0.025364300	480825
708	0.025376900	482285
710	0.025385700	483745
713	0.025397000	485205
715	0.025433100	486665
716	0.025435500	488125
719	0.025452400	489585
721	0.025466100	491045
722	0.025467800	492505
725	0.025481200	493965
727	0.025490000	495425
729	0.025512600	496885
731	0.025521500	498345
733	0.025529300	499805
735	0.025539300	501265
737	0.025556400	502725
739	0.025568000	504185
741	0.025600000	505645
742	0.025600700	507105
745	0.025616200	508565
747	0.025634000	510025
748	0.025634600	511485
751	0.025651000	512945
752	0.025651800	514405
755	0.025674700	515865
757	0.025693300	517325
758	0.025694000	518785
761	0.025730300	520245
762	0.025731200	521705
763	0.025732200	523165
767	0.025749100	524625
770	0.025769600	526085
771	0.025770200	527545
774	0.025788400	529005
776	0.025810400	530465
777	0.025811200	531925
781	0.025823700	533385
783	0.025848200	534845
784	0.025848700	536305
787	0.025864900	537765
789	0.025889500	539225
790	0.025890100	540685
793	0.025904600	542145
795	0.025914300	543605
797	0.025921900	545065
799	0.025929800	546525
801	0.025948400	547985
803	0.025967100	549445
805	0.025975800	550905
807	0.025989100	552365
809	0.025995500	553825
811	0.026036500	555285
812	0.026036900	556745
813	0.026037300	558205
817	0.026070400	559665
818	0.026071000	561125
819	0.026071600	562585
823	0.026083500	564045
825	0.026103500	565505
827	0.026114700	566965
829	0.026147600	568425
830	0.026148300	569885
831	0.026148700	571345
835	0.026177300	572805
836	0.026179800	574265
839	0.026196200	575725
841	0.026207000	577185
843	0.026215200	578645
845	0.026223300	580105
847	0.026243900	581565
849	0.026256700	583025
851	0.026272200	584485
853	0.026287600	585945
855	0.026295400	587405
856	0.026295900	588865
859	0.026338800	589837
860	0.026339400	591297
861	0.026340400	592757
865	0.026354900	594217
867	0.026365400	595677
869	0.026373400	597137
871	0.026390800	598597
873	0.026400600	600057
875	0.026410800	601517
877	0.026419800	602977
879	0.026437700	604437
881	0.026447500	605897
883	0.026467100	607357
885	0.026476200	608817
887	0.026508100	610277
888	0.026508900	611737
891	0.026527200	613197
893	0.026537400	614657
894	0.026538100	616117
897	0.026549100	617577
899	0.026572100	619037
901	0.026582300	620497
903	0.026592000	621957
905	0.026598500	623417
908	0.026610400	624877
910	0.026624200	626337
912	0.026643300	627797
914	0.026655200	629257
916	0.026683100	630717
917	0.026683600	632177
920	0.026696400	633637
922	0.026720800	635097
923	0.026721400	636557
926	0.026739700	638017
928	0.026750700	639477
929	0.026751300	640937
930	0.026767500	642397
931	0.026784700	643857
932	0.026792000	645317
933	0.026841000	646777
934	0.026841500	648237
935	0.026842100	649697
936	0.026842700	651157
937	0.026885400	652617
938	0.026888000	654077
939	0.026888600	655537
940	0.026896000	656997
941	0.026966800	658457
942	0.026967900	659917
943	0.026968700	661377
944	0.026969100	662837
945	0.026969700	664297
946	0.026992500	665757
947	0.026993900	667217
948	0.026994600	668677
949	0.027042400	670137
950	0.027043400	671597
951	0.027045500	673057
952	0.027063400	674517
953	0.027065000	675977
954	0.027107200	677437
955	0.027107900	678897
956	0.027108400	680357
957	0.027109000	681817
958	0.027136300	683277
959	0.027137000	684737
960	0.027163600	686197
961	0.027164100	687657
962	0.027172600	689117
996	0.036095300	690577
998	0.036115700	692037
1000	0.036122600	693497
1002	0.036132000	694957
1004	0.036152500	696417
1006	0.036163400	697877
1008	0.036189500	699337
1009	0.036190000	700797
1012	0.036208400	702257
1014	0.036217300	703717
1016	0.036229600	705177
1018	0.036238300	706637
1020	0.036250200	708097
1022	0.036261500	709557
1024	0.036269200	711017
1026	0.036285300	712477
1028	0.036294100	713937
1030	0.036326000	715397
1031	0.036326500	716857
1034	0.036340800	718317
1036	0.036367900	719777
1037	0.036369000	721237
1040	0.036385400	722697
1042	0.036397800	724157
1043	0.036398200	725617
1046	0.036413200	727077
1048	0.036422300	728537
1050	0.036446700	729997
1052	0.036478600	731457
1053	0.036480100	732917
1056	0.036497200	734377
1057	0.036497900	735837
1060	0.036514700	737297
1061	0.036515300	738757
1065	0.036534900	740217
1067	0.036548600	741677
1068	0.036549300	743137
1071	0.036568200	744597
1073	0.036582200	746057
1075	0.036598400	747517
1077	0.036619900	748977
1079	0.036631000	750437
1080	0.036631700	751897
1083	0.036660800	753357
1084	0.036661300	754817
1087	0.036684600	756277
1088	0.036687600	757737
1091	0.036699100	759197
1093	0.036709900	760657
1095	0.036717300	762117
1097	0.036725300	763577
1099	0.036761400	765037
1100	0.036762100	766497
1103	0.036776900	767957
1105	0.036789200	769417
1106	0.036789900	770877
1109	0.036807200	772337
1110	0.036820500	773797
1111	0.036830900	775257
1112	0.036850800	776717
1113	0.036856300	778177
1114	0.036897200	779637
1115	0.036897800	781097
1116	0.036898300	782557
1117	0.036939400	784017
1118	0.036939900	785477
1130	0.036975400	786937
1131	0.036976500	788397
1132	0.036977200	789857
1133	0.036978400	791317
1138	0.036998800	792777
1139	0.036999300	794237
1142	0.037011100	795697
1144	0.037021100	797157
1146	0.037030300	798617
1148	0.037045900	800077
1150	0.037056300	801537
1152	0.037072000	802997
1154	0.037082400	804457
1156	0.037104300	805917
1158	0.037135000	807377
1159	0.037135700	808837
1160	0.037137200	810297
1164	0.037151800	811757
1166	0.037179700	813217
1167	0.037180200	814677
1170	0.037192100	816137
1172	0.037202500	817597
1174	0.037211600	819057
1176	0.037220500	820517
1178	0.037239800	821977
1180	0.037249300	823437
1182	0.037258600	824897
1184	0.037290100	826357
1185	0.037291500	827817
1188	0.037311300	829277
1189	0.037321700	830737
1193	0.037339700	832197
1194	0.037340100	833657
1197	0.037350300	835117
1199	0.037359800	836577
1201	0.037379800	838037
1203	0.037390500	839497
1205	0.037418400	840957
1206	0.037419100	842417
1209	0.037434800	843877
1211	0.037465800	845337
1212	0.037467700	846797
1213	0.037468300	848257
1217	0.037489900	849717
1219	0.037497600	851177
1221	0.037504000	852637
1223	0.037521900	854097
1225	0.037534800	855557
1227	0.037544700	857017
1229	0.037556400	858477
1231	0.037563700	859937
1233	0.037582900	861397
1235	0.037593600	862857
1237	0.037601400	864317
1239	0.037623300	865777
1241	0.037636100	867237
1243	0.037648100	868697
1245	0.037656600	870157
1247	0.037665200	871617
1249	0.037685600	873077
1251	0.037695100	874537
1253	0.037703900	875997
1255	0.037716700	877457
1258	0.037727700	878917
1260	0.037745300	880377
1262	0.037759300	881837
1264	0.037788500	883297
1265	0.037789100	884757
1268	0.037804400	886217
1270	0.037814000	887677
1272	0.037827100	889137
1274	0.037834800	890597
1276	0.037844500	892057
1278	0.037867600	893517
1280	0.037880000	894977
1282	0.037889600	896437
1284	0.037897700	897897
1286	0.037912900	899357
1288	0.037920600	900817
1290	0.037943700	902277
1292	0.037959800	903737
1294	0.037974900	905197
1295	0.037975400	906657
1298	0.037991700	908117
1300	0.038005200	909577
1302	0.038021500	911037
1303	0.038021900	912497
1306	0.038036200	913957
1308	0.038050200	915417
1310	0.038063400	916877
1312	0.038076500	918337
1314	0.038100900	919797
1316	0.038112200	921257
1317	0.038112700	922717
1320	0.038127500	924177
1323	0.038142800	925637
1325	0.038151500	927097
1327	0.038164900	928557
1329	0.038178300	930017
1331	0.038191400	931477
1333	0.038205300	932937
1335	0.038216600	934397
1337	0.038231600	935857
1339	0.038252800	937317
1341	0.038261400	938777
1342	0.038261900	940237
1345	0.038283700	941697
1347	0.038293800	943157
1349	0.038321300	944617
1350	0.038323200	946077
1353	0.038337700	947537
1355	0.038347300	948997
1357	0.038355400	950457
1359	0.038363400	951917
1361	0.038399600	953377
1362	0.038402000	954837
1365	0.038435700	956297
1366	0.038436300	957757
1367	0.038436900	959217
1371	0.038451900	960677
1373	0.038462300	962137
1375	0.038471100	963597
1377	0.038479900	965057
1379	0.038499900	966517
1381	0.038511200	967977
1383	0.038520800	969437
1385	0.038531400	970897
1388	0.038551600	972357
1390	0.038561500	973817
1393	0.038571000	975277
1395	0.038580400	976737
1397	0.038599300	978197
1399	0.038613000	979657
1401	0.038636600	981117
1402	0.038637400	982577
1405	0.038651600	984037
1407	0.038674100	985497
1408	0.038674800	986957
1411	0.038686200	988417
1413	0.038695300	989877
1415	0.038704800	991337
1417	0.038731000	992797
1419	0.038742200	994257
1421	0.038764500	995717
1422	0.038764900	997177
1425	0.038776800	998637
1427	0.038800800	1000097
1428	0.038801300	1001557
1431	0.038811500	1003017
1433	0.038822500	1004477
1435	0.038840100	1005937
1437	0.038851000	1007397
1439	0.038858200	1008857
1441	0.038885800	1010317
1442	0.038886600	1011777
1445	0.038915900	1013237
1446	0.038916400	1014697
1449	0.038929100	1016157
1451	0.038954100	1017617
1452	0.038954600	1019077
1456	0.038969200	1020537
1458	0.038995200	1021997
1459	0.038995700	1023457
1461	0.039012000	1024917
1463	0.039019000	1026377
1464	0.039024400	1027837
1465	0.039035100	1029297
1466	0.039047500	1030757
1467	0.039066100	1032217
1468	0.039078500	1033677
1469	0.039085400	1035137
1470	0.039100100	1036597
1479	0.039120200	1038057
1482	0.039130900	1039517
1484	0.039139400	1040977
1486	0.039157800	1042437
1488	0.039169700	1043897
1490	0.039195500	1045357
1491	0.039196100	1046817
1494	0.039208300	1048277
1496	0.039217500	1049249
1498	0.039226100	1050709
1500	0.039233500	1052169
1502	0.039251600	1053629
1504	0.039259500	1055089
1506	0.039277400	1056549
1508	0.039285800	1058009
1510	0.039302400	1059469
1512	0.039314200	1060929
1514	0.039328600	1062389
1516	0.039339600	1063849
1518	0.039355800	1065309
1521	0.039369300	1066769
1523	0.039377400	1068229
1525	0.039385900	1069689
1527	0.039422500	1071149
1528	0.039423000	1072609
1531	0.039439600	1074069
1532	0.039440100	1075529
1535	0.039453700	1076989
1537	0.039467900	1078449
1539	0.039481800	1079909
1541	0.039494400	1081369
1543	0.039507600	1082829
1545	0.039515500	1084289
1547	0.039528000	1085749
1549	0.039541800	1087209
1551	0.039562700	1088669
1553	0.039573800	1090129
1555	0.039585300	1091589
1557	0.039598200	1093049
1559	0.039611100	1094509
1561	0.039624200	1095969
1563	0.039637400	1097429
1566	0.039653800	1098889
1567	0.039654300	1100349
1571	0.039668500	1101809
1573	0.039681100	1103269
1575	0.039695500	1104729
1577	0.039711300	1106189
1579	0.039735200	1107649
1580	0.039735700	1109109
1583	0.039749600	1110569
1585	0.039776900	1112029
1586	0.039777200	1113489
1587	0.039777700	1114461
1591	0.039808400	1115921
1592	0.039809300	1117381
1595	0.039830900	1118841
1597	0.039842200	1120301
1598	0.039842700	1121761
1601	0.039852600	1123221
1603	0.039865100	1124681
1605	0.039887400	1126141
1607	0.039904800	1127601
1609	0.039913400	1129061
1611	0.039922800	1130521
1613	0.039930600	1131981
1615	0.039940400	1133441
1617	0.039965500	1134901
1619	0.039990400	1136361
1620	0.039991300	1137821
1623	0.040002900	1139281
1625	0.040011400	1140741
1627	0.040020100	1142201
1629	0.040032900	1143661
1631	0.040041400	1145121
1633	0.040058200	1146581
1635	0.040079400	1148041
1637	0.040088600	1149501
1639	0.040095300	1150961
1641	0.040104500	1152421
1643	0.040120600	1153881
1645	0.040131200	1155341
1647	0.040154300	1156801
1649	0.040171100	1158261
1651	0.040179600	1159721
1653	0.040189000	1161181
1655	0.040197300	1162641
1657	0.040207000	1164101
1659	0.040225100	1165561
1661	0.040235900	1167021
1663	0.040244600	1168481
1665	0.040265300	1169941
1667	0.040279600	1171401
1669	0.040299100	1172861
1671	0.040310500	1174321
1672	0.040311100	1175781
1675	0.040328700	1177241
1676	0.040329100	1178701
1679	0.040345500	1179673
1681	0.040359500	1181133
1683	0.040383400	1182593
1684	0.040385200	1184053
1687	0.040410500	1185513
1689	0.040421500	1186973
1690	0.040422000	1188433
1693	0.040453600	1189893
1694	0.040454400	1191353
1697	0.040474500	1192813
1699	0.040486800	1194273
1700	0.040487500	1195733
1703	0.040498700	1197193
1705	0.040508500	1198653
1707	0.040530100	1200113
1709	0.040546000	1201573
1711	0.040553900	1203033
1713	0.040561200	1204493
1715	0.040571800	1205953
1717	0.040592400	1207413
1719	0.040603500	1208873
1721	0.040619300	1210333
1724	0.040629600	1211793
1726	0.040641400	1213253
1728	0.040651300	1214713
1730	0.040661000	1216173
1732	0.040710900	1217633
1733	0.040711800	1219093
1734	0.040712500	1220553
1738	0.040728700	1222013
1740	0.040738900	1223473
1741	0.040739500	1224933
1744	0.040750600	1226393
1746	0.040761100	1227853
1748	0.040780300	1229313
1750	0.040804200	1230773
1752	0.040814700	1232233
1753	0.040815200	1233693
1756	0.040827100	1235153
1758	0.040838100	1236613
1760	0.040854700	1238073
1762	0.040868500	1239533
1764	0.040897200	1240993
1765	0.040898200	1242453
1768	0.040912700	1243913
1770	0.040922300	1245373
1772	0.040929900	1246833
1774	0.040938100	1248293
1776	0.040960200	1249753
1778	0.040970700	1251213
1780	0.040997800	1252673
1781	0.040998400	1254133
1784	0.041011600	1255593
1786	0.041021000	1257053
1789	0.041035100	1258513
1791	0.041043500	1259973
1793	0.041054200	1261433
1795	0.041065100	1262893
1797	0.041083100	1264353
1799	0.041095000	1265813
1801	0.041104200	1267273
1803	0.041122200	1268733
1805	0.041134500	1270193
1807	0.041168500	1271653
1808	0.041169000	1273113
1809	0.041169500	1274573
1813	0.041197000	1276033
1814	0.041197400	1277493
1817	0.041210600	1278953
1819	0.041220800	1280413
1821	0.041231300	1281873
1823	0.041250400	1283333
1825	0.041262700	1284793
1827	0.041288900	1286253
1828	0.041289400	1287713
1831	0.041301200	1289173
1833	0.041325700	1290633
1834	0.041326200	1292093
1838	0.041338700	1293553
1840	0.041366700	1295013
1841	0.041367100	1296473
1844	0.041390100	1297933
1845	0.041390500	1299393
1848	0.041398200	1300853
1850	0.041407400	1302313
1852	0.041430300	1303773
1855	0.041441400	1305233
1857	0.041466500	1306693
1858	0.041467000	1308153
1861	0.041479600	1309613
1863	0.041506900	1311073
1864	0.041507400	1312533
1867	0.041519300	1313993
1869	0.041532300	1315453
1871	0.041547300	1316913
1872	0.041548100	1318373
1875	0.041568400	1319833
1877	0.041580100	1321293
1879	0.041606000	1322753
1880	0.041606500	1324213
1883	0.041622200	1325673
1885	0.041631900	1327133
1887	0.041646900	1328593
1889	0.041653000	1330053
1891	0.041662500	1331513
1893	0.041682300	1332973
1895	0.041696000	1334433
1897	0.041706600	1335893
1899	0.041715100	1337353
1901	0.041725400	1338813
1903	0.041743100	1340273
1904	0.041766000	1341733
1905	0.041781000	1343193
1906	0.041784500	1344653
1907	0.041788200	1346113
1908	0.041805800	1347573
1909	0.041830100	1349033
1910	0.041830900	1350493
1911	0.041858000	1351953
1912	0.041858700	1353413
1913	0.041887400	1354873
1914	0.041888100	1356333
1915	0.041895300	1357793
1916	0.041921100	1359253
1917	0.041921700	1360713
1918	0.041946000	1362173
1919	0.041946600	1363633
1920	0.041972400	1365093
1921	0.041972800	1366553
1922	0.041978700	1368013
1923	0.041993800	1369473
1924	0.042021800	1370933
1925	0.042022200	1372393
1926	0.042045400	1373853
1927	0.042045700	1375313
1928	0.042053000	1376285
1929	0.042069900	1377745
1930	0.042084100	1379205
1931	0.042088600	1380665
1932	0.042105200	1382125
1933	0.042132700	1383585
1934	0.042133700	1385045
1935	0.042140100	1386505
1936	0.042163300	1387965
1937	0.042169800	1389425
1971	0.052104000	1390885
1973	0.052118500	1392345
1975	0.052136500	1393805
1977	0.052147300	1395265
1979	0.052172300	1396725
1980	0.052172700	1398185
1983	0.052190500	1399645
1984	0.052191100	1401105
1987	0.052203000	1402565
1989	0.052233900	1404025
1990	0.052234500	1405485
1993	0.052250500	1406945
1995	0.052262800	1408405
1997	0.052280300	1409865
1998	0.052281000	1411325
2001	0.052291100	1412785
2003	0.052313300	1414245
2005	0.052327800	1415705
2007	0.052337700	1417165
2009	0.052344400	1418625
2011	0.052362200	1420085
2013	0.052373900	1421545
2015	0.052400500	1423005
2016	0.052401200	1424465
2019	0.052412300	1425925
2021	0.052440500	1427385
2022	0.052441200	1428845
2025	0.052454500	1430305
2027	0.052464700	1431765
2029	0.052477700	1433225
2031	0.052485000	1434685
2033	0.052502400	1436145
2035	0.052525700	1437605
2036	0.052526400	1439065
2040	0.052540100	1440525
2042	0.052549600	1441985
2044	0.052559500	1443445
2046	0.052579400	1444905
2048	0.052590500	1446365
2050	0.052615000	1447825
2051	0.052615600	1449285
2054	0.052628400	1450745
2056	0.052653400	1452205
2057	0.052654000	1453665
2060	0.052666600	1455125
2062	0.052697900	1456585
2063	0.052698400	1458045
2064	0.052698800	1459505
2068	0.052729800	1460965
2069	0.052730200	1462425
2072	0.052741200	1463885
2074	0.052750300	1465345
2076	0.052765300	1466805
2078	0.052775300	1468265
2080	0.052794300	1469725
2082	0.052800800	1471185
2084	0.052812000	1472645
2086	0.052832200	1474105
2088	0.052841700	1475565
2090	0.052853600	1477025
2092	0.052863600	1478485
2094	0.052884300	1479945
2096	0.052895200	1481405
2098	0.052908000	1482865
2100	0.052917200	1484325
2103	0.052927000	1485785
2106	0.052937800	1487245
2108	0.052954900	1488705
2110	0.052966700	1490165
2112	0.052976900	1491625
2114	0.052996200	1493085
2116	0.053005600	1494545
2118	0.053015400	1496005
2120	0.053036400	1497465
2122	0.053048000	1498925
2124	0.053071400	1500385
2125	0.053072300	1501845
2128	0.053084700	1503305
2130	0.053109800	1504765
2131	0.053110300	1506225
2134	0.053122900	1507685
2136	0.053150600	1509145
2137	0.053151100	1510605
2140	0.053165200	1512065
2142	0.053174900	1513525
2144	0.053182900	1514985
2146	0.053200400	1516445
2148	0.053213500	1517905
2150	0.053236500	1519365
2151	0.053237000	1520825
2154	0.053248600	1522285
2156	0.053277600	1523745
2157	0.053278300	1525205
2160	0.053290800	1526665
2162	0.053300500	1528125
2164	0.053311400	1529585
2166	0.053321800	1531045
2169	0.053331200	1532505
2171	0.053350700	1533965
2173	0.053363400	1535425
2175	0.053371800	1536885
2177	0.053391800	1538345
2179	0.053404500	1539805
2181	0.053430500	1541265
2182	0.053431200	1542725
2185	0.053457400	1544185
2186	0.053457900	1545645
2189	0.053474100	1547105
2190	0.053476000	1548565
2193	0.053491500	1550025
2195	0.053505500	1551485
2197	0.053520200	1552945
2199	0.053535200	1554405
2200	0.053535900	1555865
2203	0.053553400	1557325
2205	0.053576800	1558785
2206	0.053577700	1560245
2209	0.053592500	1561705
2211	0.053606700	1563165
2214	0.053621600	1564625
2216	0.053642600	1566085
2217	0.053643600	1567545
2220	0.053655200	1569005
2222	0.053683900	1570465
2223	0.053684300	1571925
2226	0.053700900	1572897
2228	0.053712000	1574357
2229	0.053712900	1575817
2232	0.053733400	1577277
2234	0.053741700	1578737
2237	0.053750400	1580197
2239	0.053769800	1581657
2241	0.053783000	1583117
2243	0.053793100	1584577
2245	0.053799900	1586037
2247	0.053817700	1587497
2249	0.053830400	1588957
2251	0.053855900	1590417
2252	0.053856600	1591877
2255	0.053869800	1593337
2257	0.053893600	1594797
2258	0.053894100	1596257
2261	0.053907000	1597717
2263	0.053933600	1599177
2264	0.053934100	1600637
2267	0.053945000	1602097
2269	0.053970700	1603557
2270	0.053971200	1605017
2273	0.053982600	1606477
2275	0.054006600	1607937
2276	0.054007600	1609397
2279	0.054018000	1610857
2281	0.054046800	1612317
2282	0.054047500	1613777
2285	0.054061600	1615237
2287	0.054071400	1616697
2289	0.054080000	1618157
2291	0.054098800	1619617
2293	0.054111600	1621077
2295	0.054121100	1622537
2297	0.054128600	1623997
2299	0.054138900	1625457
2301	0.054153400	1626917
2303	0.054177800	1628377
2305	0.054191500	1629837
2307	0.054205100	1631297
2308	0.054205600	1632757
2312	0.054216100	1634217
2314	0.054236200	1635677
2316	0.054248400	1637137
2318	0.054274400	1638597
2319	0.054274900	1640057
2322	0.054288300	1641517
2324	0.054311700	1642977
2325	0.054312400	1644437
2328	0.054323600	1645897
2330	0.054332800	1647357
2332	0.054343100	1648817
2334	0.054361500	1650277
2336	0.054370300	1651737
2338	0.054387800	1653197
2340	0.054398000	1654657
2342	0.054423600	1656117
2343	0.054424500	1657577
2346	0.054438400	1659037
2348	0.054463200	1660497
2349	0.054463800	1661957
2352	0.054477300	1663417
2354	0.054502900	1664877
2355	0.054503500	1666337
2358	0.054516500	1667797
2360	0.054527500	1669257
2362	0.054539800	1670717
2364	0.054547800	1672177
2366	0.054557800	1673637
2368	0.054576200	1675097
2370	0.054583800	1676557
2372	0.054606100	1678017
2375	0.054621000	1679477
2377	0.054629800	1680937
2379	0.054638000	1682397
2381	0.054653400	1683857
2383	0.054663200	1685317
2385	0.054673100	1686777
2387	0.054693900	1688237
2389	0.054700700	1689697
2391	0.054710900	1691157
2393	0.054734100	1692617
2395	0.054745300	1694077
2397	0.054769400	1695537
2398	0.054771500	1696997
2401	0.054789200	1698457
2403	0.054799000	1699917
2404	0.054799700	1701377
2407	0.054817600	1702837
2409	0.054827700	1704297
2411	0.054837200	1705757
2413	0.054849900	1707217
2415	0.054864900	1708677
2417	0.054885000	1710137
2419	0.054895600	1711597
2421	0.054922300	1713057
2422	0.054923100	1714517
2425	0.054936900	1715977
2427	0.054948200	1717437
2429	0.054957900	1718897
2431	0.054965200	1720357
2433	0.054981300	1721817
2435	0.054989800	1723277
2438	0.055005500	1724737
2440	0.055017700	1726197
2442	0.055027900	1727657
2444	0.055050600	1729117
2446	0.055062200	1730577
2448	0.055083100	1732037
2449	0.055083800	1733497
2452	0.055095100	1734957
2454	0.055104300	1736417
2456	0.055125200	1737877
2458	0.055138000	1739337
2460	0.055162000	1740797
2461	0.055162600	1742257
2464	0.055175700	1743717
2466	0.055200400	1745177
2467	0.055201100	1746637
2470	0.055223300	1748097
2472	0.055241200	1749557
2473	0.055241700	1751017
2476	0.055250800	1752477
2478	0.055260000	1753937
2480	0.055268500	1755397
2482	0.055287500	1756857
2484	0.055301100	1758317
2486	0.055326600	1759777
2487	0.055327100	1761237
2490	0.055339800	1762697
2492	0.055367200	1764157
2493	0.055368000	1765617
2496	0.055380600	1767077
2498	0.055391400	1768537
2500	0.055404200	1769997
2503	0.055412600	1771457
2505	0.055422700	1772917
2507	0.055441800	1774377
2509	0.055454000	1775837
2511	0.055478900	1777297
2512	0.055479500	1778757
2515	0.055490500	1780217
2517	0.055518700	1781677
2518	0.055519200	1783137
2521	0.055529800	1784597
2523	0.055555900	1786057
2524	0.055556600	1787517
2527	0.055567700	1788977
2529	0.055583200	1790437
2531	0.055591200	1791897
2533	0.055601000	1793357
2535	0.055610700	1794817
2537	0.055629200	1796277
2539	0.055641200	1797737
2541	0.055650500	1799197
2543	0.055670800	1800657
2545	0.055681500	1802117
2547	0.055708100	1803577
2548	0.055708700	1805037
2552	0.055724300	1806497
2554	0.055740500	1807957
2555	0.055741200	1809417
2558	0.055751800	1810877
2560	0.055780300	1812337
2561	0.055780900	1813797
2564	0.055810400	1815257
2565	0.055810900	1816717
2569	0.055822900	1818177
2571	0.055846400	1819637
2572	0.055847100	1821097
2575	0.055859100	1822557
2577	0.055868200	1824017
2579	0.055895100	1825477
2580	0.055895500	1826937
2583	0.055906600	1828397
2585	0.055923000	1829857
2587	0.055934300	1831317
2589	0.055948700	1832777
2591	0.055956400	1834237
2593	0.055978300	1835697
2595	0.055994700	1837157
2597	0.056006100	1838617
2598	0.056006900	1840077
2601	0.056018500	1841537
2603	0.056030200	1842997
2605	0.056067300	1844457
2606	0.056068000	1845917
2609	0.056081300	1847377
2611	0.056091000	1848837
2613	0.056100100	1850297
2615	0.056110000	1851757
2617	0.056121100	1853217
2619	0.056134200	1854677
2621	0.056143900	1856137
2623	0.056159800	1857597
2625	0.056172800	1859057
2627	0.056184100	1860517
2629	0.056203400	1861977
2631	0.056213700	1863437
2633	0.056240300	1864897
2634	0.056240800	1866357
2637	0.056252400	1867817
2640	0.056263300	1869277
2642	0.056272800	1870737
2644	0.056293600	1872197
2646	0.056306800	1873657
2648	0.056331200	1875117
2649	0.056332900	1876577
2652	0.056344600	1878037
2654	0.056370300	1879497
2655	0.056371000	1880957
2658	0.056396900	1882417
2659	0.056397600	1883877
2662	0.056407000	1885337
2664	0.056416100	1886797
2666	0.056428000	1888257
2668	0.056436000	1889717
2670	0.056454200	1891177
2672	0.056461300	1892637
2674	0.056483300	1894097
2676	0.056495500	1895557
2679	0.056507400	1897017
2681	0.056517200	1898477
2683	0.056526600	1899937
2685	0.056535200	1900909
2687	0.056552700	1902369
2689	0.056562600	1903829
2691	0.056571900	1905289
2693	0.056597900	1906749
2694	0.056598500	1908209
2697	0.056625900	1909669
2698	0.056626700	1911129
2702	0.056638900	1912589
2704	0.056648700	1914049
2706	0.056677200	1915509
2707	0.056677900	1916969
2709	0.056689000	1918429
2711	0.056699200	1919889
2712	0.056714200	1921349
2715	0.056747000	1922809
2716	0.056747700	1924269
2719	0.056763100	1925729
2721	0.056772800	1927189
2723	0.056781800	1928649
2725	0.056790300	1930109
2727	0.056799800	1931569
2729	0.056816000	1933029
2731	0.056838700	1934489
2733	0.056848000	1935949
2735	0.056855800	1937409
2737	0.056863400	1938869
2739	0.056881300	1940329
2741	0.056892800	1941789
2743	0.056902500	1943249
2746	0.056920500	1944709
2748	0.056930300	1946169
2750	0.056939300	1947629
2752	0.056957600	1949089
2754	0.056967000	1950549
2756	0.056985700	1952009
2758	0.056995400	1953469
2760	0.057004400	1954929
2762	0.057024200	1956389
2764	0.057036900	1957849
2766	0.057045300	1959309
2768	0.057055100	1960769
2770	0.057074700	1962229
2772	0.057082900	1963689
2774	0.057091100	1965149
2776	0.057100200	1966121
2778	0.057121900	1967581
2780	0.057132000	1969041
2782	0.057141800	1970501
2784	0.057151400	1971961
2786	0.057166400	1973421
2788	0.057176200	1974881
2790	0.057195400	1976341
2792	0.057205600	1977801
2794	0.057215100	1979261
2796	0.057229200	1980721
2798	0.057249000	1982181
2800	0.057261100	1983641
2802	0.057270400	1985101
2804	0.057280800	1986561
2806	0.057295300	1988021
2808	0.057305000	1989481
2810	0.057323000	1990941
2812	0.057333000	1992401
2814	0.057342900	1993861
2816	0.057361300	1995321
2818	0.057373700	1996781
2820	0.057383800	1998241
2822	0.057391600	1999701
2824	0.057410400	2001161
2826	0.057424300	2002621
2828	0.057433800	2004081
2830	0.057441900	2005541
2832	0.057468100	2007001
2834	0.057490100	2008461
2835	0.057490600	2009921
2839	0.057508700	2011381
2840	0.057517900	2012841
2843	0.057531400	2014301
2844	0.057532200	2015761
2847	0.057546300	2017221
2849	0.057560200	2018681
2851	0.057579200	2020141
2853	0.057592000	2021601
2855	0.057605200	2023061
2857	0.057620200	2024521
2858	0.057620800	2025981
2861	0.057634600	2027441
2863	0.057647700	2028901
2865	0.057661600	2030361
2867	0.057674400	2031821
2869	0.057694600	2033281
2871	0.057708800	2034741
2872	0.057709500	2036201
2875	0.057724300	2037661
2877	0.057737400	2039121
2879	0.057750700	2040581
2881	0.057764800	2042041
2883	0.057777800	2043501
2885	0.057792900	2044961
2887	0.057807800	2046421
2889	0.057820600	2047881
2891	0.057835100	2049341
2893	0.057850000	2050801
2894	0.057850500	2052261
2897	0.057864500	2053721
2899	0.057885900	2055181
2902	0.057901300	2056641
2903	0.057901700	2058101
2907	0.057918200	2059561
2909	0.057943800	2061021
2910	0.057945600	2062481
2913	0.057958500	2063941
2915	0.057970600	2065401
2917	0.057984500	2066861
2919	0.057998700	2068321
2921	0.058013300	2069781
2923	0.058038800	2071241
2924	0.058039500	2072701
2927	0.058051900	2074161
2928	0.058052500	2075621
2931	0.058072800	2077081
2933	0.058085900	2078541
2935	0.058099100	2080001
2937	0.058113500	2081461
2939	0.058128600	2082921
2940	0.058136000	2084381
2943	0.058150100	2085841
2945	0.058162100	2087301
2947	0.058176200	2088761
2949	0.058194300	2090221
2950	0.058195200	2091681
2953	0.058210100	2093141
2955	0.058222600	2094601
2957	0.058236400	2096061
2959	0.058249600	2097521
2961	0.058262900	2098981
2963	0.058277800	2100441
2965	0.058292600	2101901
2966	0.058293100	2103361
2970	0.058308700	2104821
2972	0.058322000	2106281
2974	0.058336600	2107741
2976	0.058356300	2109201
2977	0.058356800	2110661
2980	0.058371400	2112121
2982	0.058385200	2113581
2984	0.058398400	2115041
2986	0.058411900	2116501
2988	0.058426400	2117961
2990	0.058450300	2119421
2991	0.058451000	2120881
2994	0.058462300	2122341
2996	0.058475000	2123801
2998	0.058488400	2125261
3000	0.058501700	2126721
3002	0.058514800	2128181
3004	0.058529100	2129641
3006	0.058543500	2131101
3008	0.058565100	2132561
3009	0.058565700	2134021
3013	0.058577400	2135481
3015	0.058617100	2136941
3016	0.058617600	2138401
3019	0.058629600	2139861
3020	0.058630200	2141321
3023	0.058644900	2142781
3025	0.058657200	2144241
3027	0.058670500	2145701
3029	0.058689600	2147161
3030	0.058690200	2148621
3033	0.058705800	2150081
3035	0.058720200	2151541
3037	0.058732800	2153001
3039	0.058746000	2154461
3041	0.058759700	2155921
3043	0.058772100	2157381
3045	0.058785200	2158841
3047	0.058810500	2160301
3048	0.058810800	2161761
3051	0.058829200	2162733
3052	0.058829700	2164193
3055	0.058844300	2165653
3057	0.058858300	2167113
3059	0.058873000	2168573
3060	0.058873800	2170033
3063	0.058893200	2171493
3065	0.058917400	2172953
3066	0.058918100	2174413
3069	0.058932600	2175873
3071	0.058941700	2177333
3073	0.058950200	2178793
3075	0.058968000	2180253
3077	0.058979200	2181713
3079	0.058988900	2183173
3081	0.058998600	2184633
3083	0.059013600	2186093
3085	0.059035700	2187553
3087	0.059053500	2189013
3088	0.059053900	2190473
3091	0.059065700	2191933
3093	0.059075200	2193393
3095	0.059096300	2194853
3097	0.059107800	2196313
3099	0.059134500	2197773
3100	0.059135300	2199233
3104	0.059154600	2200693
3106	0.059171900	2202153
3107	0.059172600	2203613
3110	0.059183200	2205073
3112	0.059192500	2206533
3114	0.059210500	2207993
3116	0.059221900	2209453
3118	0.059247300	2210913
3119	0.059247700	2212373
3122	0.059258900	2213833
3124	0.059285700	2215293
3125	0.059286200	2216753
3128	0.059298800	2218213
3130	0.059330300	2219673
3131	0.059330900	2221133
3134	0.059341600	2222593
3136	0.059350500	2224053
3138	0.059358100	2225513
3140	0.059368200	2226973
3142	0.059385400	2228433
3144	0.059395200	2229893
3146	0.059404900	2231353
3148	0.059425700	2232813
3150	0.059437300	2234273
3152	0.059450900	2235733
3154	0.059459200	2237193
3155	0.059478600	2238653
3158	0.059492100	2240113
3160	0.059501400	2241573
3162	0.059509200	2243033
3164	0.059518900	2244493
3166	0.059536800	2245953
3169	0.059548600	2247413
3171	0.059582400	2248873
3172	0.059583200	2250333
3175	0.059595700	2251793
3177	0.059605400	2253253
3179	0.059613900	2254713
3181	0.059622700	2256173
3183	0.059641000	2257633
3185	0.059649200	2259093
3187	0.059658800	2260553
3189	0.059680800	2262013
3191	0.059690900	2263473
3193	0.059717900	2264933
3194	0.059718400	2266393
3197	0.059731500	2267853
3199	0.059742500	2269313
3201	0.059757700	2270773
3203	0.059767300	2272233
3205	0.059777700	2273693
3207	0.059787400	2275153
3209	0.059797800	2276613
3211	0.059819400	2278073
3213	0.059831300	2279533
3215	0.059855100	2280993
3216	0.059855800	2282453
3219	0.059867400	2283913
3221	0.059876200	2285373
3223	0.059897600	2286833
3225	0.059915100	2288293
3227	0.059924900	2289753
3228	0.059925300	2291213
3231	0.059937500	2292673
3234	0.059959300	2294133
3236	0.059971300	2295593
3238	0.059995100	2297053
3239	0.059995500	2298513
3242	0.060008500	2299973
3244	0.060035100	2301433
3245	0.060035700	2302893
3246	0.060042300	2304353
3247	0.060057300	2305813
3252	0.060105100	2307273
3253	0.060106000	2308733
3254	0.060115400	2310193
3255	0.060116100	2311653
3260	0.060131900	2313113
3261	0.060132500	2314573
3264	0.060147100	2316033
3266	0.060167400	2317493
3268	0.060177600	2318953
3270	0.060199900	2320413
3271	0.060200600	2321873
3274	0.060216300	2323333
3276	0.060225700	2324793
3278	0.060233100	2326253
3280	0.060252400	2327713
3282	0.060265600	2329173
3284	0.060275100	2330633
3286	0.060284800	2332093
3288	0.060294500	2333553
3290	0.060305500	2335013
3292	0.060325900	2336473
3294	0.060336100	2337933
3296	0.060345500	2339393
3299	0.060356400	2340853
3301	0.060378100	2342313
3303	0.060388400	2343773
3305	0.060401800	2345233
3307	0.060413000	2346693
3309	0.060421600	2348153
3311	0.060438800	2349613
3313	0.060448500	2351073
3315	0.060458100	2352533
3317	0.060482500	2353993
3319	0.060491700	2355453
3321	0.060501200	2356913
3323	0.060510400	2358373
3325	0.060530000	2359833
3327	0.060545700	2361293
3329	0.060556200	2362753
3331	0.060565000	2364213
3332	0.060581600	2365673
3333	0.060589500	2367133
3334	0.060604700	2368593
3335	0.060613900	2370053
3336	0.060628900	2371513
3337	0.060635800	2372973
3338	0.060655800	2374433
3339	0.060661100	2375893
3340	0.060676200	2377353
3341	0.060692600	2378813
3342	0.060706300	2380273
3343	0.060712400	2381733
3379	0.060991300	2383193
3382	0.061004500	2384653
3385	0.061014400	2386113
3388	0.061024500	2387573
3391	0.061046800	2389033
3394	0.061059700	2390493
3397	0.061069900	2391953
3400	0.061080200	2393413
3403	0.061089500	2394873
3407	0.061114100	2396333
3410	0.061125500	2397793
3412	0.061134100	2399253
3414	0.061142800	2400713
3416	0.061178300	2402173
3418	0.061188100	2403633
3419	0.061188900	2405093
3421	0.061197400	2406553
3423	0.061209800	2408013
3425	0.061218800	2409473
3427	0.061233900	2410933
3429	0.061243000	2412393
3431	0.061263500	2413853
3433	0.061272400	2415313
3435	0.061281100	2416773
3437	0.061295000	2418233
3439	0.061315100	2419693
3441	0.061326500	2421153
3443	0.061335200	2422613
3445	0.061343600	2424073
3447	0.061363000	2425533
3449	0.061373300	2426993
3451	0.061381800	2428453
3453	0.061397700	2429913
3455	0.061414600	2431373
3457	0.061423500	2432833
3459	0.061439100	2434293
3461	0.061449000	2435753
3463	0.061458100	2437213
3465	0.061472100	2438673
3467	0.061493700	2440133
3469	0.061506300	2441593
3471	0.061515700	2443053
3474	0.365263000	2444513
3477	0.365394000	2445973
3478	0.365394700	2447433
3483	0.365483300	2448893
3486	0.365506400	2450353
3487	0.365506800	2451813
3492	0.365522000	2453273
3495	0.365561800	2454733
3498	0.365580000	2456193
3501	0.365592300	2457653
3502	0.365592700	2459113
3507	0.365607100	2460573
3510	0.365617700	2462033
3513	0.365645300	2463493
3516	0.365660900	2464953
3519	0.365672400	2466413
3520	0.365672900	2467873
3525	0.365686200	2469333
3528	0.365696000	2470793
3531	0.365709400	2472253
3534	0.365743900	2473713
3535	0.365744700	2475173
3540	0.365763200	2476633
3541	0.365763500	2478093
3546	0.365778500	2479553
3549	0.365788200	2481013
3552	0.365831500	2482473
3553	0.365831800	2483933
3554	0.365832100	2485393
3561	0.365847600	2486853
3562	0.365848100	2488313
3567	0.365860500	2489773
3570	0.365873300	2491233
3572	0.365912100	2492693
3573	0.365912400	2494153
3574	0.365912900	2495613
3578	0.365935700	2497073
3579	0.365936200	2498533
3582	0.365974500	2499993
3583	0.365975100	2501453
3586	0.365988400	2502913
3587	0.365988700	2504373
3592	0.366000800	2505833
3594	0.366034800	2507293
3595	0.366035200	2508753
3598	0.366045800	2510213
3600	0.366054800	2511673
3602	0.366061500	2513133
3604	0.366097700	2514593
3605	0.366099200	2516053
3608	0.366110900	2517513
3610	0.366118200	2518973
3612	0.366126400	2520433
3614	0.366156600	2521893
3615	0.366157000	2523353
3618	0.366207200	2524813
3619	0.366209200	2526273
3622	0.366222700	2527733
3623	0.366223000	2529193
3624	0.366223300	2530653
3628	0.366235000	2532113
3630	0.366244500	2533573
3632	0.366253800	2535033
3634	0.366271900	2536493
3636	0.366279200	2537953
3638	0.366298200	2539413
3640	0.366311000	2540873
3642	0.366336000	2542333
3643	0.366336400	2543793
3646	0.366348600	2545253
3648	0.366374400	2546713
3649	0.366374900	2548173
3652	0.366384600	2549633
3655	0.366412200	2551093
3656	0.366412600	2552553
3658	0.366430100	2554013
3659	0.366431700	2555473
3662	0.366442900	2556445
3664	0.366450300	2557905
3666	0.366483900	2559365
3667	0.366484300	2560825
3670	0.366559500	2562285
3671	0.366560800	2563745
3672	0.366561100	2565205
3673	0.366561400	2566665
3674	0.366561700	2568125
3675	0.366562100	2569585
3682	0.366601000	2571045
3683	0.366601300	2572505
3684	0.366601700	2573965
3688	0.366621600	2575425
3689	0.366621900	2576885
3692	0.366636200	2578345
3694	0.366650700	2579805
3696	0.366663500	2581265
3698	0.366676900	2582725
3700	0.366692400	2584185
3701	0.366693000	2585645
3704	0.366708800	2587105
3706	0.366741400	2588565
3707	0.366741900	2590025
3710	0.366756100	2591485
3711	0.366756400	2592945
3714	0.366768000	2594405
3716	0.366799300	2595865
3717	0.366799800	2597325
3721	0.366811800	2598785
3723	0.366820900	2600245
3725	0.366838700	2601705
3727	0.366866300	2603165
3728	0.366866600	2604625
3731	0.366876500	2606085
3733	0.366884400	2607545
3735	0.366941700	2609005
3736	0.366941900	2610465
3737	0.366943700	2611925
3738	0.366944000	2613385
3743	0.366959700	2614845
3744	0.366960000	2616305
3747	0.366974100	2617765
3749	0.366984600	2619225
3750	0.367007000	2620685
3751	0.367026200	2622145
3752	0.367026600	2623605
3753	0.367053500	2625065
3754	0.367055000	2626525
3755	0.367077800	2627985
3756	0.367078200	2629445
3757	0.367103200	2630905
3758	0.367103500	2632365
3759	0.367131800	2633825
3760	0.367132200	2635285
3761	0.367144900	2636745
3762	0.367176300	2638205
3763	0.367176700	2639665
3764	0.367182400	2641125
3765	0.367210000	2642585
3766	0.367211700	2644045
3767	0.367228200	2645505
3768	0.367228600	2646965
3769	0.367264300	2648425
3770	0.367266600	2649885
3771	0.367278800	2651345
3772	0.367282400	2652805
3773	0.367299800	2654265
3774	0.367314200	2655725
3775	0.367314500	2657185
3776	0.367344600	2658645
3777	0.367345000	2660105
3778	0.367368700	2661565
3779	0.367373800	2663025
3780	0.367377400	2664485
3781	0.367389900	2665945
3782	0.367406100	2667405
3816	0.381262900	2668865
3817	0.381263300	2670325
3820	0.381291800	2671785
3821	0.381292300	2673245
3824	0.381306000	2674705
3826	0.381315000	2676165
3828	0.381324800	2677625
3830	0.381334600	2679085
3832	0.381357700	2680545
3834	0.381392200	2682005
3835	0.381392600	2683465
3836	0.381392900	2684925
3840	0.381407500	2686385
3842	0.381421300	2687845
3843	0.381427200	2689305
3844	0.381448000	2690765
3848	0.381479800	2692225
3849	0.381480100	2693685
3850	0.381480400	2695145
3854	0.381499700	2696605
3855	0.381501600	2698065
3858	0.381516400	2699525
3861	0.381530300	2700985
3863	0.381542800	2702445
3865	0.381556300	2703905
3867	0.381568800	2705365
3869	0.381582600	2706825
3871	0.381595600	2708285
3873	0.381609400	2709745
3875	0.381622600	2711205
3877	0.381636700	2712665
3879	0.381652000	2714125
3880	0.381653100	2715585
3884	0.381668900	2717045
3886	0.381681500	2718505
3888	0.381695500	2719965
3890	0.381708900	2721425
3892	0.381721400	2722885
3894	0.381734800	2724345
3896	0.381748400	2725805
3898	0.381760800	2727265
3900	0.381773700	2728725
3902	0.381788700	2730185
3904	0.381795000	2731645
3906	0.381809900	2733105
3908	0.381821500	2734565
3910	0.381833300	2736025
3912	0.381846200	2737485
3914	0.381887100	2738945
3915	0.381887400	2740405
3916	0.381887800	2741865
3920	0.381900300	2743325
3922	0.381930000	2744785
3923	0.381930400	2746245
3926	0.381960300	2747705
3927	0.381960600	2749165
3928	0.381960900	2750625
3932	0.381975100	2752085
3934	0.381985300	2753057
3935	0.381988900	2754517
3936	0.382003400	2755977
3937	0.382087100	2757437
3938	0.382087600	2758897
3939	0.382088000	2760357
3940	0.382088400	2761817
3941	0.382088900	2763277
3942	0.382089200	2764737
3943	0.382110500	2766197
3944	0.382110800	2767657
3945	0.382116600	2769117
3946	0.382130000	2770577
3947	0.382146200	2772037
3948	0.382175200	2773497
3949	0.382175700	2774957
3950	0.382190700	2776417
3951	0.382196600	2777877
3952	0.382224400	2779337
3953	0.382224800	2780797
3954	0.382248500	2782257
3955	0.382248800	2783717
3956	0.382275000	2785177
3957	0.382275400	2786637
3958	0.382281700	2788097
3959	0.382294900	2789557
3960	0.382308500	2791017
3961	0.382323300	2792477
3962	0.382353100	2793937
3963	0.382353400	2795397
3964	0.382358600	2796857
3965	0.382375200	2798317
3966	0.382401300	2799777
3967	0.382401800	2801237
3968	0.382427300	2802697
4002	0.397424700	2804157
4003	0.397425000	2805617
4006	0.397453300	2807077
4007	0.397453800	2808537
4010	0.397464600	2809997
4012	0.397475200	2811457
4014	0.397485300	2812917
4016	0.397494500	2814377
4018	0.397511700	2815837
4020	0.397529400	2817297
4022	0.397565700	2818757
4023	0.397566400	2820217
4026	0.397607900	2821677
4027	0.397608400	2823137
4028	0.397608800	2824597
4029	0.397609100	2826057
4034	0.397627200	2827517
4035	0.397627600	2828977
4038	0.397636900	2830437
4041	0.397652700	2831897
4043	0.397666100	2833357
4045	0.397675900	2834817
4047	0.397685300	2836277
4049	0.397703400	2837737
4051	0.397712700	2839197
4053	0.397744800	2840657
4054	0.397745200	2842117
4057	0.397758800	2843577
4059	0.397768700	2845037
4061	0.397778000	2846497
4063	0.397789500	2847957
4065	0.397799600	2849417
4067	0.397817900	2850877
4069	0.397828500	2852337
4072	0.397839200	2853797
4074	0.397850000	2855257
4076	0.397868300	2856717
4078	0.397884200	2858177
4080	0.397906800	2859637
4081	0.397907100	2861097
4084	0.397918600	2862557
4086	0.397966200	2864017
4087	0.397966600	2865477
4088	0.397967000	2866937
4092	0.397994800	2868397
4093	0.397995000	2869857
4096	0.398007700	2871317
4097	0.398009500	2872777
4100	0.398019900	2874237
4102	0.398030000	2875697
4104	0.398048700	2877157
4106	0.398058200	2878617
4108	0.398068700	2880077
4110	0.398088400	2881537
4111	0.398088800	2882997
4112	0.398107800	2883969
4113	0.398113500	2885429
4114	0.398127300	2886889
4115	0.398142500	2888349
4116	0.398168100	2889809
4117	0.398169600	2891269
4118	0.398193700	2892729
4119	0.398194000	2894189
4120	0.398218700	2895649
4121	0.398219100	2897109
4122	0.398244700	2898569
4123	0.398245100	2900029
4124	0.398269600	2901489
4125	0.398269900	2902949
4126	0.398294500	2904409
4127	0.398294900	2905869
4128	0.398319900	2907329
4129	0.398321700	2908789
4130	0.398344700	2910249
4131	0.398345000	2911709
4132	0.398373200	2913169
4133	0.398373600	2914629
4134	0.398395900	2916089
4135	0.398396300	2917549
4136	0.398421000	2919009
4137	0.398421400	2920469
4138	0.398446900	2921929
4139	0.398447300	2923389
4140	0.398472800	2924849
4141	0.398474600	2926309
4142	0.398497800	2927769
4143	0.398498100	2929229
4144	0.398522200	2930689
4178	0.406387100	2932149
4179	0.406387400	2933609
4182	0.406415400	2935069
4183	0.406415800	2936529
4184	0.406416100	2937989
4188	0.406426000	2939449
4190	0.406470400	2940909
4191	0.406472200	2942369
4194	0.406511100	2943829
4195	0.406511400	2945289
4196	0.406511700	2946749
4197	0.406512200	2948209
4202	0.406530900	2949669
4203	0.406531600	2951129
4206	0.406541500	2952589
4208	0.406576800	2954049
4209	0.406577400	2955509
4212	0.406606600	2956969
4213	0.406607000	2958429
4214	0.406607400	2959889
4218	0.406618400	2961349
4220	0.406649400	2962809
4221	0.406649900	2964269
4224	0.406663500	2965729
4226	0.406673200	2967189
4228	0.406688900	2968649
4230	0.406696600	2970109
4232	0.406711000	2971569
4234	0.406723700	2973029
4236	0.406732300	2974489
4238	0.406743700	2975949
4240	0.406764000	2977409
4242	0.406774200	2978869
4244	0.406783100	2980329
4247	0.406802500	2981789
4249	0.406813100	2983249
4251	0.406862600	2984709
4252	0.406863200	2986169
4253	0.406863600	2987629
4257	0.406895600	2989089
4258	0.406897400	2990549
4259	0.406897800	2992009
4263	0.406909800	2993469
4264	0.406910300	2994929
4267	0.406948700	2996389
4268	0.406949200	2997849
4271	0.406978100	2999309
4272	0.406978400	3000769
4273	0.406978900	3002229
4277	0.406991800	3003689
4279	0.407002400	3005149
4281	0.407012400	3006609
4283	0.407031100	3008069
4285	0.407041200	3009529
4287	0.407050400	3010989
4289	0.407060800	3012449
4291	0.407186700	3013909
4292	0.407187000	3015369
4293	0.407187400	3016829
4294	0.407187700	3018289
4295	0.407188200	3019749
4296	0.407188500	3021209
4297	0.407188800	3022669
4298	0.407189300	3024129
4299	0.407189600	3025589
4309	0.407211300	3027049
4310	0.407212200	3028509
4314	0.407226500	3029969
4315	0.407226800	3031429
4318	0.407248500	3032889
4320	0.407256900	3034349
4322	0.407264100	3035809
4324	0.407281800	3037269
4326	0.407291300	3038729
4328	0.407310200	3040189
4330	0.407319600	3041649
4332	0.407327100	3043109
4334	0.407348400	3044569
4336	0.407357500	3046029
4338	0.407366000	3047489
4340	0.407386200	3048949
4342	0.407396200	3050409
4344	0.407404900	3051869
4346	0.407418500	3053329
4348	0.407438500	3054789
4350	0.407447900	3056249
4352	0.407474900	3057709
4353	0.407475300	3059169
4356	0.407485800	3060629
4358	0.407513900	3062089
4359	0.407515600	3063549
4362	0.407526700	3065009
4364	0.407550100	3066469
4365	0.407550400	3067929
4368	0.407561600	3069389
4370	0.407590100	3070849
4371	0.407590600	3072309
4374	0.407602700	3073769
4377	0.407614000	3075229
4379	0.407623300	3076689
4381	0.407633200	3078149
4383	0.407652000	3079609
4385	0.407661300	3081069
4387	0.407682800	3082529
4389	0.407691900	3083989
4391	0.407700400	3085449
4393	0.407709300	3086909
4395	0.407761300	3088369
4396	0.407761800	3089829
4397	0.407763300	3091289
4398	0.407763700	3092749
4403	0.407778400	3094209
4405	0.407786900	3095669
4407	0.407804400	3097129
4409	0.407813900	3098589
4411	0.407822800	3100049
4413	0.407843000	3101509
4415	0.407852000	3102969
4417	0.407860600	3104429
4419	0.407887700	3105889
4420	0.407888200	3107349
4423	0.407919400	3108809
4424	0.407919800	3110269
4427	0.407930200	3111729
4429	0.407956100	3113189
4430	0.407957300	3114649
4433	0.407968600	3116109
4435	0.407993700	3117569
4436	0.407994000	3119029
4439	0.408004800	3120489
4442	0.408014200	3121949
4444	0.408032600	3123409
4446	0.408042100	3124869
4448	0.408070700	3126329
4449	0.408071000	3127789
4452	0.408081700	3129249
4454	0.408090000	3130709
4456	0.408109800	3132169
4458	0.408119300	3133629
4460	0.408147000	3135089
4461	0.408147300	3136549
4464	0.408158500	3138009
4466	0.408186400	3139469
4467	0.408187800	3140929
4470	0.408199500	3142389
4472	0.408224700	3143849
4473	0.408225200	3145309
4476	0.408235600	3146769
4478	0.408262800	3148229
4479	0.408263200	3149689
4482	0.408274100	3151149
4484	0.408300700	3152609
4485	0.408302000	3154069
4489	0.408314700	3155529
4491	0.408323300	3156989
4493	0.408331900	3158449
4495	0.408361300	3159909
4496	0.408362100	3161369
4499	0.408372500	3162829
4501	0.408381800	3164289
4503	0.408403600	3165749
4505	0.408414600	3167209
4508	0.408439700	3168669
4509	0.408440300	3170129
4512	0.408452600	3171589
4514	0.408476700	3173049
4515	0.408477000	3174509
4518	0.408487700	3175969
4520	0.408515600	3177429
4521	0.408517100	3178889
4524	0.408529200	3180349
4526	0.408554700	3181809
4527	0.408555400	3183269
4530	0.408566500	3184729
4532	0.408591100	3186189
4533	0.408591400	3187649
4536	0.408603100	3189109
4538	0.408644600	3190569
4539	0.408646200	3192029
4540	0.408646700	3193489
4544	0.408660800	3194949
4545	0.408661200	3196409
4548	0.408672600	3197869
4550	0.408703300	3199329
4551	0.408703800	3200789
4554	0.408718400	3202249
4556	0.408744100	3203709
4557	0.408744400	3205169
4558	0.408751700	3206629
4559	0.408766100	3208089
4560	0.408793100	3209549
4561	0.408793500	3211009
4562	0.408800300	3211981
4563	0.408825900	3213441
4564	0.408826200	3214901
4565	0.408851800	3216361
4566	0.408852200	3217821
4567	0.408876600	3219281
4568	0.408877000	3220741
4569	0.408902900	3222201
4570	0.408903200	3223661
4571	0.408909200	3225121
4572	0.408923000	3226581
4573	0.408940600	3228041
4574	0.408966600	3229501
4575	0.408966900	3230961
4576	0.408992400	3232421
4577	0.408992700	3233881
4578	0.408998900	3235341
4579	0.409013300	3236801
4580	0.409040200	3238261
4581	0.409040500	3239721
4582	0.409082500	3241181
4583	0.409082800	3242641
4584	0.409083100	3244101
4585	0.409089000	3245561
4586	0.409103800	3247021
4587	0.409131200	3248481
4588	0.409131500	3249941
4589	0.409157100	3251401
4590	0.409158600	3252861
4624	0.429071000	3254321
4625	0.429071900	3255781
4626	0.429072600	3257241
4627	0.429073300	3258701
4632	0.429118900	3260161
4633	0.429119600	3261621
4634	0.429120200	3263081
4638	0.429155500	3264541
4639	0.429156100	3266001
4640	0.429156700	3267461
4644	0.429179400	3268921
4645	0.429179700	3270381
4648	0.429192600	3271841
4649	0.429193200	3273301
4652	0.429232300	3274761
4653	0.429232800	3276221
4656	0.429260200	3277681
4657	0.429260600	3279141
4660	0.429273800	3280601
4661	0.429274200	3282061
4664	0.429283500	3283521
4666	0.429294100	3284981
4669	0.429315300	3286441
4671	0.429323900	3287901
4673	0.429343600	3289361
4675	0.429353700	3290821
4677	0.429376600	3292281
4678	0.429376900	3293741
4681	0.429389600	3295201
4683	0.429417600	3296661
4684	0.429418000	3298121
4687	0.429430300	3299581
4689	0.429454100	3301041
4690	0.429454400	3302501
4694	0.429468400	3303961
4696	0.429492500	3305421
4697	0.429492900	3306881
4700	0.429504800	3308341
4702	0.429532500	3309801
4703	0.429532800	3311261
4706	0.429546000	3312721
4708	0.429556500	3314181
4710	0.429565600	3315641
4712	0.429573900	3317101
4714	0.429594500	3318561
4716	0.429604500	3320021
4718	0.429631800	3321481
4719	0.429633300	3322941
4722	0.429644600	3324401
4724	0.429671100	3325861
4725	0.429671400	3327321
4728	0.429682600	3328781
4730	0.429709300	3330241
4731	0.429709600	3331701
4734	0.429722000	3333161
4736	0.429733000	3334621
4738	0.429741600	3336081
4740	0.429751700	3337541
4742	0.429766800	3339001
4744	0.429776500	3340461
4746	0.429786500	3341921
4748	0.429806800	3342893
4750	0.429816200	3344353
4752	0.429842000	3345813
4753	0.429842500	3347273
4756	0.429854000	3348733
4759	0.429883000	3350193
4760	0.429883400	3351653
4763	0.429895900	3353113
4765	0.429905700	3354573
4767	0.429913000	3356033
4769	0.429931300	3357493
4771	0.429949500	3358953
4773	0.429959600	3360413
4775	0.429983200	3361873
4776	0.429984700	3363333
4779	0.429995800	3364793
4781	0.430021700	3366253
4782	0.430022100	3367713
4785	0.430033400	3369173
4787	0.430059300	3370633
4788	0.430059600	3372093
4791	0.430071800	3373553
4793	0.430096500	3375013
4794	0.430096800	3376473
4797	0.430107600	3377933
4799	0.430136400	3379393
4800	0.430136800	3380853
4803	0.430148100	3382313
4805	0.430172800	3383773
4806	0.430173300	3385233
4809	0.430184700	3386693
4811	0.430212500	3388153
4812	0.430212900	3389613
4815	0.430224200	3391073
4817	0.430248800	3392533
4818	0.430249200	3393993
4821	0.430260100	3395453
4823	0.430287900	3396913
4824	0.430288200	3398373
4828	0.430303100	3399833
4830	0.430312700	3401293
4832	0.430322200	3402753
4834	0.430331900	3404213
4836	0.430349900	3405673
4838	0.430359900	3407133
4840	0.430370100	3408593
4842	0.430390500	3410053
4844	0.430414000	3411513
4845	0.430414300	3412973
4848	0.430427200	3414433
4850	0.430436700	3415893
4852	0.430446300	3417353
4854	0.430470400	3418813
4856	0.430486300	3420273
4857	0.430486600	3421733
4860	0.430517700	3423193
4861	0.430518000	3424653
4864	0.430532100	3426113
4866	0.430542000	3427573
4868	0.430550100	3429033
4870	0.430565700	3430493
4872	0.430575000	3431953
4874	0.430584900	3433413
4876	0.430612000	3434873
4877	0.430612300	3436333
4880	0.430642900	3437793
4881	0.430643200	3439253
4884	0.430654300	3440713
4886	0.430678500	3442173
4887	0.430679000	3443633
4890	0.430690400	3445093
4893	0.430701400	3446553
4895	0.430729500	3448013
4896	0.430729800	3449473
4899	0.430741300	3450933
4901	0.430750600	3452393
4903	0.430769600	3453853
4905	0.430781100	3455313
4907	0.430807300	3456773
4908	0.430807800	3458233
4911	0.430819900	3459693
4913	0.430846000	3461153
4914	0.430846300	3462613
4917	0.430859200	3464073
4919	0.430885200	3465533
4920	0.430885700	3466993
4923	0.430895600	3468453
4925	0.430924900	3469913
4926	0.430925300	3471373
4929	0.430935100	3472833
4931	0.430965900	3474293
4932	0.430966300	3475753
4936	0.431002200	3477213
4937	0.431002700	3478673
4938	0.431003200	3480133
4942	0.431020500	3481593
4943	0.431021000	3483053
4946	0.431030500	3484513
4948	0.431089600	3485973
4949	0.431090000	3487433
4950	0.431090400	3488893
4951	0.431090900	3490353
4956	0.431106700	3491813
4959	0.431115300	3493273
4961	0.431122300	3494733
4963	0.431140900	3496193
4965	0.431149900	3497653
4967	0.431157800	3499113
4969	0.431184600	3500573
4970	0.431185200	3502033
4973	0.431195500	3503493
4975	0.431223300	3504953
4976	0.431224200	3506413
4979	0.431236500	3507873
4981	0.431264000	3509333
4982	0.431264500	3510793
4985	0.431275000	3512253
4987	0.431283800	3513713
4989	0.431301900	3515173
4991	0.431311400	3516633
4993	0.431320600	3518093
4995	0.431340700	3519553
4997	0.431350900	3521013
4999	0.431359400	3522473
5001	0.431379400	3523933
5003	0.431389600	3525393
5005	0.431398300	3526853
5007	0.431417600	3528313
5009	0.431424300	3529773
5011	0.431443800	3531233
5013	0.431454300	3532693
5015	0.431480300	3534153
5016	0.431480700	3535613
5019	0.431501900	3537073
5020	0.431502300	3538533
5024	0.431516200	3539505
5026	0.431524900	3540965
5028	0.431533300	3542425
5030	0.431550100	3543885
5032	0.431561000	3545345
5034	0.431569700	3546805
5036	0.431591600	3548265
5038	0.431604500	3549725
5040	0.431625000	3551185
5041	0.431625400	3552645
5044	0.431637500	3554105
5046	0.431645600	3555565
5048	0.431661000	3557025
5050	0.431691400	3558485
5051	0.431691700	3559945
5054	0.431702600	3561405
5056	0.431712800	3562865
5058	0.431729800	3564325
5060	0.431738900	3565785
5062	0.431766600	3567245
5063	0.431767100	3568705
5066	0.431778400	3570165
5068	0.431805900	3571625
5069	0.431807400	3573085
5072	0.431819400	3574545
5074	0.431842500	3576005
5075	0.431843000	3577465
5078	0.431854200	3578925
5080	0.431863000	3580385
5082	0.431875700	3581845
5084	0.431889100	3583305
5086	0.431907100	3584765
5089	0.431917700	3586225
5091	0.431944700	3587685
5092	0.431945000	3589145
5095	0.431957100	3590605
5097	0.431966400	3592065
5099	0.431976300	3593525
5101	0.431993700	3594985
5103	0.432006000	3596445
5105	0.432015100	3597905
5107	0.432034600	3599365
5109	0.432046300	3600825
5111	0.432071000	3602285
5112	0.432071500	3603745
5115	0.432083800	3604717
5117	0.432093100	3606177
5119	0.432100300	3607637
5121	0.432119300	3609097
5123	0.432132300	3610557
5125	0.432154500	3612017
5126	0.432154800	3613477
5129	0.432165700	3614937
5131	0.432174800	3616397
5133	0.432193200	3617857
5135	0.432204000	3619317
5137	0.432212600	3620777
5139	0.432227300	3622237
5141	0.432245600	3623697
5143	0.432255000	3625157
5145	0.432263700	3626617
5147	0.432281700	3628077
5149	0.432290800	3629537
5151	0.432316900	3630997
5152	0.432317200	3632457
5156	0.432328800	3633917
5158	0.432349000	3635377
5161	0.432359700	3636837
5163	0.432384200	3638297
5164	0.432384700	3639757
5167	0.432395400	3641217
5169	0.432403500	3642677
5171	0.432425400	3644137
5173	0.432434300	3645597
5175	0.432461200	3647057
5176	0.432461700	3648517
5179	0.432472800	3649977
5181	0.432482800	3651437
5183	0.432493500	3652897
5185	0.432504100	3654357
5187	0.432525500	3655817
5189	0.432535000	3657277
5191	0.432544300	3658737
5193	0.432563300	3660197
5195	0.432573700	3661657
5197	0.432600300	3663117
5198	0.432600600	3664577
5201	0.432611300	3666037
5204	0.432620900	3667497
5206	0.432637500	3668957
5208	0.432646400	3670417
5210	0.432664000	3671877
5212	0.432675600	3673337
5214	0.432702400	3674797
5215	0.432702900	3676257
5218	0.432714200	3677717
5220	0.432741300	3679177
5221	0.432742800	3680637
5224	0.432754100	3682097
5226	0.432776700	3683557
5227	0.432777000	3685017
5231	0.432789000	3686477
5233	0.432798000	3687937
5235	0.432817200	3689397
5237	0.432825900	3690857
5239	0.432833800	3692317
5241	0.432851400	3693777
5243	0.432861300	3695237
5245	0.432882800	3696697
5247	0.432892300	3698157
5249	0.432916200	3699617
5250	0.432916600	3701077
5253	0.432927300	3702537
5255	0.432935600	3703997
5257	0.432950700	3705457
5259	0.432961000	3706917
5261	0.432978200	3708377
5263	0.432995100	3709837
5265	0.433004500	3711297
5267	0.433031300	3712757
5268	0.433031800	3714217
5270	0.433042800	3715677
5272	0.433069400	3717137
5273	0.433069800	3718597
5277	0.433114300	3720057
5278	0.433114700	3721517
5279	0.433115000	3722977
5283	0.433127800	3724437
5284	0.433128200	3725897
5287	0.433138400	3727357
5289	0.433157000	3728817
5291	0.433166500	3730277
5293	0.433185000	3731737
5295	0.433190600	3733197
5297	0.433198100	3734657
5299	0.433217200	3735629
5301	0.433226900	3737089
5303	0.433235900	3738549
5305	0.433255800	3740009
5307	0.433261400	3741469
5309	0.433282100	3742929
5311	0.433291600	3744389
5313	0.433300600	3745849
5315	0.433321800	3747309
5317	0.433332800	3748769
5319	0.433355800	3750229
5320	0.433356100	3751689
5323	0.433366800	3753149
5325	0.433375400	3754609
5327	0.433392400	3756069
5329	0.433401800	3757529
5331	0.433420200	3758989
5333	0.433428100	3760449
5335	0.433444700	3761909
5337	0.433454400	3763369
5339	0.433486900	3764829
5340	0.433487200	3766289
5343	0.433516300	3767749
5344	0.433516600	3769209
5345	0.433524200	3770669
5349	0.433537700	3772129
5351	0.433563700	3773589
5352	0.433565400	3775049
5355	0.433578300	3776509
5357	0.433587000	3777969
5359	0.433595600	3779429
5362	0.433604200	3780889
5363	0.433620300	3782349
5364	0.433637600	3783809
5365	0.433642900	3785269
5366	0.433657300	3786729
5367	0.433684200	3788189
5368	0.433684600	3789649
5369	0.433710600	3791109
5370	0.433711000	3792569
5371	0.433736400	3794029
5372	0.433736900	3795489
5373	0.433751100	3796949
5374	0.433756400	3798409
5375	0.433769100	3799869
5376	0.433783500	3801329
5377	0.433810800	3802789
5378	0.433811100	3804249
5379	0.433836600	3805709
5380	0.433836900	3807169
5381	0.433863000	3808629
5382	0.433863400	3810089
5383	0.433889100	3811549
5384	0.433889500	3813009
5385	0.433895500	3814469
5386	0.433916800	3815929
5387	0.433922000	3817389
5388	0.433936500	3818849
5389	0.433954000	3820309
5390	0.433958800	3821769
5391	0.433981500	3823229
5392	0.433987000	3824689
5393	0.433999900	3826149
5394	0.434013300	3827609
5395	0.434030700	3829069
5396	0.434035700	3830529
5430	0.444088000	3831989
5432	0.444123800	3833449
5433	0.444124500	3834909
5434	0.444125100	3836369
5438	0.444145700	3837829
5439	0.444146100	3839289
5442	0.444191800	3840749
5443	0.444192300	3842209
5444	0.444192700	3843669
5448	0.444226900	3845129
5449	0.444229000	3846589
5450	0.444229500	3848049
5454	0.444248700	3849509
5455	0.444249200	3850969
5458	0.444268900	3852429
5460	0.444284300	3853889
5462	0.444293200	3855349
5464	0.444303500	3856809
5466	0.444349900	3858269
5467	0.444350300	3859729
5468	0.444350600	3861189
5469	0.444351100	3862649
5474	0.444362600	3864109
5476	0.444389000	3865569
5477	0.444389300	3867029
5480	0.444421700	3868489
5481	0.444422200	3869949
5484	0.444431900	3871409
5486	0.444457000	3872869
5487	0.444458500	3874329
5490	0.444469800	3875789
5492	0.444494900	3877249
5493	0.444495200	3878709
5496	0.444506100	3880169
5499	0.444516600	3881629
5501	0.444534500	3883089
5503	0.444543800	3884549
5505	0.444571300	3886009
5506	0.444571600	3887469
5509	0.444582600	3888929
5511	0.444592200	3890389
5513	0.444602400	3891849
5515	0.444623000	3893309
5517	0.444633100	3894769
5519	0.444642100	3896229
5521	0.444660900	3897689
5523	0.444670800	3899149
5525	0.444679100	3900609
5527	0.444699900	3902069
5529	0.444709600	3903529
5531	0.444737300	3904989
5532	0.444737700	3906449
5535	0.444748500	3907909
5537	0.444776000	3909369
5538	0.444776400	3910829
5541	0.444791200	3912289
5543	0.444800200	3913749
5544	0.444804900	3915209
5545	0.444821300	3916669
5546	0.444850600	3918129
5547	0.444850900	3919589
5548	0.444864900	3921049
5549	0.444886600	3922509
5550	0.444887000	3923969
5551	0.444912800	3925429
5552	0.444914300	3926889
5553	0.444937100	3928349
5554	0.444937600	3929809
5555	0.444962600	3931269
5556	0.444962900	3932729
5557	0.444989300	3934189
5558	0.444989700	3935649
5559	0.445015000	3937109
5560	0.445015300	3938569
5561	0.445020800	3940029
5562	0.445034700	3941489
5563	0.445050400	3942949
5564	0.445077600	3944409
5565	0.445077900	3945869
5566	0.445102400	3947329
5567	0.445102700	3948789
5568	0.445127700	3950249
5569	0.445128100	3951709
5570	0.445153500	3953169
5571	0.445153900	3954629
5572	0.445180100	3956089
5573	0.445180400	3957549
5574	0.445186300	3959009
5575	0.445202400	3960469
5576	0.445229400	3961929
5577	0.445229700	3963389
5611	0.459600900	3964849
5612	0.459602100	3966309
5615	0.459639600	3967769
5616	0.459641500	3969229
5617	0.459642100	3970689
5621	0.459657600	3972149
5622	0.459658100	3973609
5625	0.459715900	3975069
5626	0.459716400	3976529
5627	0.459716700	3977989
5628	0.459717100	3979449
5633	0.459746000	3980909
5634	0.459746400	3982369
5637	0.459756500	3983829
5639	0.459763100	3985289
5641	0.459770500	3986749
5643	0.459793100	3988209
5645	0.459803700	3989669
5647	0.459810000	3991129
5649	0.459834600	3992589
5650	0.459835000	3994049
5654	0.459846600	3995509
5656	0.459870300	3996969
5658	0.459878100	3998429
5660	0.459904900	3999889
5661	0.459905200	4001349
5664	0.459915200	4002809
5666	0.459942700	4004269
5667	0.459943100	4005729
5670	0.459953300	4007189
5672	0.459982700	4008649
5673	0.459983100	4010109
5676	0.460003100	4011569
5677	0.460003600	4013029
5681	0.460013400	4014489
5683	0.460037600	4015949
5684	0.460038100	4017409
5687	0.460068600	4018869
5688	0.460068900	4020329
5691	0.460079800	4021789
5693	0.460096600	4023249
5695	0.460105500	4024709
5697	0.460133300	4026169
5698	0.460133700	4027629
5701	0.460144100	4029089
5703	0.460171400	4030549
5704	0.460171700	4032009
5707	0.460182900	4033469
5709	0.460210100	4034929
5710	0.460210400	4036389
5713	0.460220400	4037849
5715	0.460246700	4039309
5716	0.460247000	4040769
5719	0.460256700	4042229
5721	0.460269200	4043689
5724	0.460293700	4045149
5726	0.460314100	4046609
5727	0.460314500	4048069
5730	0.460331400	4049529
5731	0.460331700	4050989
5734	0.460345600	4052449
5736	0.460356700	4053909
5738	0.460386300	4055369
5739	0.460386600	4056829
5743	0.460399100	4058289
5745	0.460442000	4059749
5746	0.460442400	4061209
5747	0.460444000	4062669
5748	0.460444200	4063641
5753	0.460461000	4065101
5755	0.460470200	4066561
5757	0.460476300	4068021
5759	0.460489400	4069481
5761	0.460511700	4070941
5763	0.460521800	4072401
5765	0.460548100	4073861
5766	0.460548600	4075321
5769	0.460561600	4076781
5771	0.460585800	4078241
5772	0.460586200	4079701
5775	0.460596600	4081161
5777	0.460624900	4082621
5778	0.460625200	4084081
5781	0.460636000	4085541
5783	0.460663000	4087001
5784	0.460663300	4088461
5787	0.460672500	4089921
5789	0.460701000	4091381
5790	0.460701300	4092841
5793	0.460712000	4094301
5795	0.460739500	4095761
5796	0.460740000	4097221
5799	0.460751000	4098681
5801	0.460775800	4100141
5802	0.460776100	4101601
5805	0.460786200	4103061
5807	0.460815400	4104521
5808	0.460815700	4105981
5811	0.460828400	4107441
5813	0.460852400	4108901
5814	0.460852800	4110361
5817	0.460863700	4111821
5819	0.460891800	4113281
5820	0.460892100	4114741
5823	0.460902600	4116201
5825	0.460927700	4117661
5826	0.460928100	4119121
5829	0.460939000	4120581
5831	0.460966900	4122041
5832	0.460967200	4123501
5835	0.460978300	4124961
5837	0.461003600	4126421
5838	0.461004000	4127881
5841	0.461015600	4128853
5843	0.461025200	4130313
5845	0.461033500	4131773
5847	0.461049400	4133233
5849	0.461057500	4134693
5851	0.461076800	4136153
5853	0.461084800	4137613
5855	0.461093800	4139073
5857	0.461113600	4140533
5859	0.461123300	4141993
5861	0.461132900	4143453
5863	0.461153500	4144913
5865	0.461163900	4146373
5867	0.461189900	4147833
5868	0.461190200	4149293
5871	0.461200700	4150753
5873	0.461209500	4152213
5875	0.461254400	4153673
5877	0.461265200	4155133
5878	0.461266600	4156593
5879	0.461267000	4158053
5884	0.461278900	4159513
5886	0.461285300	4160973
5888	0.461305000	4162433
5890	0.461313600	4163893
5892	0.461323200	4165353
5894	0.461344400	4166813
5896	0.461355600	4168273
5898	0.461380600	4169733
5899	0.461380900	4171193
5902	0.461392200	4172653
5904	0.461420500	4174113
5905	0.461420800	4175573
5908	0.461432600	4177033
5910	0.461457700	4178493
5911	0.461458000	4179953
5914	0.461469000	4181413
5916	0.461496800	4182873
5917	0.461497100	4184333
5920	0.461508300	4185793
5922	0.461534200	4187253
5923	0.461534600	4188713
5926	0.461545300	4190173
5928	0.461572800	4191633
5929	0.461573100	4193093
5932	0.461584600	4194553
5934	0.461610900	4196013
5935	0.461611300	4197473
5938	0.461621700	4198933
5940	0.461648000	4200393
5941	0.461648400	4201853
5944	0.461659600	4203313
5947	0.461683500	4204773
5948	0.461683900	4206233
5951	0.461696200	4207693
5953	0.461723800	4209153
5954	0.461724200	4210613
5957	0.461735500	4212073
5959	0.461762400	4213533
5960	0.461762900	4214993
5963	0.461775000	4216453
5965	0.461799700	4217913
5966	0.461800000	4219373
5969	0.461811400	4220833
5971	0.461838800	4222293
5972	0.461839100	4223753
5975	0.461851200	4225213
5977	0.461876200	4226673
5978	0.461876600	4228133
5981	0.461888600	4229593
5983	0.461904100	4231053
5985	0.461910900	4232513
5987	0.461922300	4233973
5989	0.461931800	4235433
5991	0.461953600	4236893
5993	0.461964600	4238353
5995	0.461990200	4239813
5996	0.461990500	4241273
5999	0.462001000	4242733
6001	0.462027800	4244193
6002	0.462028200	4245653
6005	0.462039100	4247113
6007	0.462065500	4248573
6008	0.462065800	4250033
6012	0.462078600	4251493
6014	0.462103700	4252953
6015	0.462104100	4254413
6018	0.462115500	4255873
6020	0.462142800	4257333
6021	0.462143200	4258793
6024	0.462155700	4260253
6026	0.462179600	4261713
6027	0.462180000	4263173
6030	0.462191300	4264633
6032	0.462219600	4266093
6033	0.462219900	4267553
6036	0.462231100	4269013
6038	0.462257300	4270473
6039	0.462257600	4271933
6042	0.462267900	4273393
6044	0.462277400	4274853
6046	0.462293500	4276313
6048	0.462303100	4277773
6050	0.462313800	4279233
6052	0.462332300	4280693
6054	0.462338800	4282153
6056	0.462357900	4283613
6058	0.462364100	4285073
6060	0.462383600	4286533
6062	0.462391800	4287993
6064	0.462405400	4289453
6066	0.462415100	4290913
6068	0.462426400	4292373
6070	0.462444400	4293833
6072	0.462454000	4295293
6074	0.462472600	4296753
6077	0.462485000	4298213
6079	0.462511400	4299673
6080	0.462512900	4301133
6083	0.462524700	4302593
6085	0.462548200	4304053
6086	0.462548600	4305513
6089	0.462559800	4306973
6091	0.462587600	4308433
6092	0.462588300	4309893
6095	0.462599400	4311353
6098	0.462625100	4312813
6099	0.462625500	4314273
6102	0.462636300	4315733
6104	0.462662600	4317193
6105	0.462663200	4318653
6108	0.462674800	4320113
6110	0.462700500	4321573
6111	0.462700800	4323033
6114	0.462712700	4324493
6116	0.462739700	4325953
6117	0.462741300	4327413
6120	0.462753100	4328873
6122	0.462786100	4330333
6123	0.462786400	4331793
6124	0.462786700	4333253
6128	0.462798600	4334713
6130	0.462807900	4336173
6132	0.462831200	4337633
6134	0.462841600	4339093
6136	0.462864500	4340553
6137	0.462864800	4342013
6140	0.462875900	4343473
6143	0.462903900	4344933
6144	0.462904200	4346393
6147	0.462914900	4347853
6149	0.462941300	4349313
6150	0.462941700	4350773
6153	0.462952700	4352233
6155	0.462962500	4353693
6157	0.462983300	4355153
6159	0.462992600	4356613
6161	0.463017900	4358073
6162	0.463018600	4359533
6164	0.463029900	4360993
6166	0.463055400	4362453
6167	0.463055700	4363913
6168	0.463061800	4365373
6169	0.463077100	4366833
6170	0.463103500	4368293
6171	0.463103800	4369753
6172	0.463133300	4371213
6173	0.463133700	4372673
6182	0.463170600	4374133
6183	0.463170900	4375593
6184	0.463171300	4377053
6189	0.463184900	4378513
6191	0.463191800	4379973
6193	0.463202300	4381433
6195	0.463212800	4382893
6197	0.463230300	4384353
6199	0.463248500	4385813
6201	0.463258000	4387273
6203	0.463265700	4388733
6205	0.463272700	4390193
6207	0.463288000	4391165
6209	0.463298800	4392625
6211	0.463318800	4394085
6213	0.463327000	4395545
6215	0.463335100	4397005
6217	0.463357900	4398465
6219	0.463367700	4399925
6221	0.463393900	4401385
6222	0.463394200	4402845
6225	0.463405000	4404305
6227	0.463432100	4405765
6228	0.463432400	4407225
6231	0.463443200	4408685
6233	0.463473300	4410145
6234	0.463473700	4411605
6237	0.463484200	4413065
6239	0.463509200	4414525
6241	0.463519400	4415985
6242	0.463519800	4417445
6245	0.463530200	4418905
6247	0.463547300	4420365
6249	0.463557300	4421825
6251	0.463583600	4423285
6252	0.463583900	4424745
6255	0.463595600	4426205
6257	0.463623200	4427665
6258	0.463623500	4429125
6261	0.463633800	4430585
6263	0.463663500	4432045
6264	0.463663800	4433505
6267	0.463685000	4434965
6268	0.463692800	4436425
6271	0.463705000	4437885
6275	0.463722300	4439345
6276	0.463722700	4440805
6279	0.463737200	4442265
6281	0.463748800	4443725
6283	0.463761600	4445185
6285	0.463775100	4446645
6287	0.463788300	4448105
6289	0.463804200	4449565
6291	0.463818000	4451025
6292	0.463818400	4452485
6295	0.463833000	4453945
6297	0.463845900	4455405
6299	0.463859400	4456865
6301	0.463874600	4458325
6303	0.463887800	4459785
6305	0.463901400	4461245
6307	0.463915200	4462705
6309	0.463929000	4464165
6311	0.463941100	4465625
6313	0.463954100	4467085
6315	0.463965200	4468545
6317	0.463978300	4470005
6319	0.463992600	4471465
6321	0.464005800	4472925
6323	0.464026300	4474385
6324	0.464026800	4475845
6327	0.464041500	4477305
6329	0.464053900	4478765
6331	0.464068500	4480225
6333	0.464080300	4481685
6335	0.464088200	4483145
6337	0.464101200	4484605
6340	0.464114800	4486065
6342	0.464129600	4487525
6344	0.464143200	4488985
6345	0.464154000	4490445
6346	0.464159700	4491905
6347	0.464183400	4493365
6348	0.464193100	4494825
6349	0.464215900	4496285
6350	0.464216500	4497745
6351	0.464242200	4499205
6352	0.464242500	4500665
6353	0.464268300	4502125
6354	0.464268600	4503585
6355	0.464274400	4505045
6356	0.464290800	4506505
6357	0.464318100	4507965
6358	0.464318500	4509425
6359	0.464342600	4510885
6360	0.464343100	4512345
6361	0.464368000	4513805
6362	0.464368300	4515265
6363	0.464426800	4516725
6364	0.464427100	4518185
6365	0.464427300	4519645
6366	0.464427700	4521105
6367	0.464427900	4522077
6368	0.464439200	4523537
6369	0.464454900	4524997
6370	0.464462700	4526457
6371	0.464477500	4527917
6372	0.464503600	4529377
6373	0.464503900	4530837
6374	0.464510800	4532297
6375	0.464526500	4533757
6376	0.464554900	4535217
6377	0.464555200	4536677
6378	0.464561800	4538137
6412	0.475137000	4539597
6414	0.475169800	4541057
6415	0.475170200	4542517
6418	0.475182200	4543977
6419	0.475182700	4545437
6422	0.475191300	4546897
6424	0.475217800	4548357
6426	0.475247100	4549817
6427	0.475248500	4551277
6428	0.475248800	4552737
6432	0.475259600	4554197
6434	0.475271700	4555657
6436	0.475280400	4557117
6438	0.475299000	4558577
6440	0.475308900	4560037
6442	0.475334200	4561497
6443	0.475334600	4562957
6446	0.475345700	4564417
6448	0.475364700	4565877
6450	0.475373800	4567337
6452	0.475382200	4568797
6454	0.475401100	4570257
6456	0.475409600	4571717
6458	0.475426700	4573177
6460	0.475434700	4574637
6462	0.475451700	4576097
6464	0.475459700	4577557
6466	0.475478400	4579017
6468	0.475485800	4580477
6470	0.475502800	4581937
6472	0.475509900	4583397
6474	0.475528500	4584857
6476	0.475539500	4586317
6479	0.475565900	4587777
6480	0.475566200	4589237
6483	0.475577100	4590697
6485	0.475605800	4592157
6486	0.475606100	4593617
6489	0.475618700	4595077
6491	0.475643200	4596537
6492	0.475643500	4597997
6495	0.475654900	4599457
6497	0.475681800	4600917
6498	0.475682100	4602377
6501	0.475692000	4603837
6503	0.475700800	4605297
6505	0.475720700	4606757
6507	0.475730400	4608217
6509	0.475756200	4609677
6510	0.475756500	4611137
6513	0.475767500	4612597
6515	0.475796000	4614057
6516	0.475796300	4615517
6519	0.475805800	4616977
6521	0.475816600	4618437
6523	0.475825900	4619897
6525	0.475849200	4621357
6527	0.475862900	4622817
6529	0.475871800	4624277
6531	0.475879700	4625737
6533	0.475890000	4627197
6535	0.475908900	4628657
6537	0.475914600	4630117
6539	0.475929400	4631577
6541	0.475949800	4633037
6545	0.475963000	4634497
6547	0.475985400	4635957
6548	0.475985800	4637417
6551	0.475996600	4638877
6553	0.476004800	4640337
6555	0.476020300	4641797
6557	0.476038600	4643257
6559	0.476048000	4644717
6561	0.476073300	4646177
6562	0.476073900	4647637
6565	0.476083100	4649097
6567	0.476098200	4650557
6569	0.476114200	4652017
6571	0.476138400	4653477
6572	0.476138800	4654937
6575	0.476160700	4656397
6576	0.476161200	4657857
6579	0.476171500	4659317
6581	0.476190300	4660777
6583	0.476199800	4662237
6585	0.476208800	4663697
6587	0.476224500	4665157
6589	0.476233600	4666617
6591	0.476253800	4668077
6593	0.476265800	4669537
6595	0.476287600	4670997
6596	0.476287900	4672457
6599	0.476298300	4673917
6601	0.476324800	4675377
6602	0.476325100	4676837
6605	0.476336200	4678297
6607	0.476346100	4679757
6610	0.476364900	4681217
6612	0.476375800	4682677
6614	0.476397500	4684137
6615	0.476397900	4685597
6616	0.476426700	4687057
6617	0.476427100	4688517
6618	0.476453600	4689977
6619	0.476454000	4691437
6620	0.476460200	4692897
6621	0.476481200	4694357
6622	0.476488200	4695817
6623	0.476501400	4697277
6624	0.476527400	4698737
6625	0.476527700	4700197
6626	0.476554400	4701657
6627	0.476554700	4703117
6628	0.476571200	4704577
6629	0.476587300	4706037
6630	0.476604900	4707497
6631	0.476605200	4708957
6632	0.476630400	4710417
6633	0.476630700	4711877
6634	0.476656100	4713337
6635	0.476656400	4714797
6636	0.476672500	4716257
6637	0.476673000	4717717
6638	0.476700700	4718689
6639	0.476701100	4720149
6640	0.476737300	4721609
6641	0.476737700	4723069
6642	0.476738000	4724529
6672	0.476790500	4725989
6673	0.476790800	4727449
6674	0.476791100	4728909
6675	0.476791400	4730369
6680	0.476822500	4731829
6681	0.476822800	4733289
6683	0.476845000	4734749
6685	0.476870900	4736209
6686	0.476871300	4737669
6689	0.476897800	4739129
6690	0.476898300	4740589
6693	0.476907300	4742049
6695	0.476930600	4743509
6697	0.476949900	4744969
6699	0.476958200	4746429
6700	0.476958700	4747889
6703	0.476968100	4749349
6705	0.476993300	4750809
6707	0.477028200	4752269
6708	0.477028500	4753729
6709	0.477029000	4755189
6713	0.477040500	4756649
6715	0.477050800	4758109
6717	0.477059700	4759569
6719	0.477069500	4761029
6721	0.477086600	4762489
6723	0.477095200	4763949
6725	0.477114200	4765409
6727	0.477121700	4766869
6729	0.477139900	4768329
6731	0.477148200	4769789
6733	0.477167700	4771249
6735	0.477177800	4772709
6737	0.477204700	4774169
6738	0.477205000	4775629
6742	0.477215900	4777089
6744	0.477243300	4778549
6745	0.477243600	4780009
6748	0.477254000	4781469
6750	0.477263000	4782929
6752	0.477278700	4784389
6754	0.477288400	4785849
6756	0.477308000	4787309
6758	0.477313400	4788769
6760	0.477347700	4790229
6762	0.477358100	4791689
6763	0.477358400	4793149
6766	0.477367900	4794609
6768	0.477376500	4796069
6770	0.477395400	4797529
6772	0.477403100	4798989
6774	0.477421600	4800449
6776	0.477431400	4801909
6778	0.477440000	4803369
6780	0.477457600	4804829
6782	0.477467300	4806289
6784	0.477477000	4807749
6786	0.477497000	4809209
6788	0.477507000	4810669
6790	0.477515900	4812129
6792	0.477536300	4813589
6794	0.477547600	4815049
6796	0.477574000	4816509
6797	0.477574300	4817969
6800	0.477586300	4819429
6802	0.477613200	4820889
6803	0.477613600	4822349
6806	0.477623700	4823809
6808	0.477652200	4825269
6809	0.477652500	4826729
6813	0.477664800	4828189
6816	0.477688500	4829649
6817	0.477688800	4831109
6820	0.477700300	4832569
6822	0.477709000	4834029
6824	0.477733400	4835489
6826	0.477759700	4836949
6827	0.477760100	4838409
6828	0.477760600	4839869
6832	0.477775600	4841329
6834	0.477785100	4842789
6836	0.477803600	4844249
6838	0.477815100	4845709
6840	0.477839600	4847169
6841	0.477839900	4848629
6844	0.477850700	4850089
6846	0.477859400	4851549
6848	0.477877800	4853009
6850	0.477888700	4854469
6852	0.477897700	4855929
6854	0.477918700	4857389
6856	0.477928200	4858849
6858	0.477954700	4860309
6859	0.477955000	4861769
6862	0.477966500	4863229
6864	0.477975400	4864689
6866	0.477991100	4866149
6868	0.478000200	4867609
6870	0.478009900	4869069
6872	0.478032600	4870529
6874	0.478042200	4871989
6877	0.478066100	4873449
6878	0.478066400	4874909
6881	0.478076700	4876369
6883	0.478086600	4877829
6885	0.478125000	4879289
6886	0.478125400	4880749
6889	0.478154700	4882209
6890	0.478155000	4883669
6891	0.478155300	4885129
6895	0.478169900	4886589
6897	0.478181000	4888049
6899	0.478189900	4889509
6901	0.478208300	4890969
6903	0.478219100	4892429
6905	0.478245900	4893889
6906	0.478246200	4895349
6909	0.478256800	4896809
6911	0.478283900	4898269
6912	0.478284200	4899729
6915	0.478294400	4901189
6917	0.478302400	4902649
6919	0.478322100	4904109
6922	0.478333100	4905569
6924	0.478342200	4907029
6926	0.478357500	4908489
6928	0.478367000	4909949
6930	0.478386500	4911409
6932	0.478395800	4912869
6934	0.478404600	4914329
6936	0.478413100	4915301
6938	0.478431100	4916761
6940	0.478440600	4918221
6942	0.478457300	4919681
6945	0.478467900	4921141
6947	0.478477000	4922601
6949	0.478496900	4924061
6951	0.478505900	4925521
6953	0.478534400	4926981
6954	0.478535900	4928441
6957	0.478546800	4929901
6959	0.478572800	4931361
6960	0.478573100	4932821
6963	0.478583800	4934281
6965	0.478610600	4935741
6966	0.478611000	4937201
6969	0.478622800	4938661
6971	0.478647400	4940121
6972	0.478647700	4941581
6975	0.478659600	4943041
6977	0.478687200	4944501
6978	0.478687500	4945961
6979	0.478694000	4947421
6980	0.478709400	4948881
6981	0.478736100	4950341
6982	0.478737400	4951801
6983	0.478759900	4953261
6984	0.478760200	4954721
6985	0.478784300	4956181
6986	0.478784700	4957641
6987	0.478810300	4959101
6988	0.478810700	4960561
6989	0.478836400	4962021
6990	0.478836700	4963481
6991	0.478862000	4964941
6992	0.478862400	4966401
6993	0.478887000	4967861
6994	0.478888500	4969321
6995	0.478894000	4970781
6996	0.478909700	4972241
6997	0.478937200	4973701
6998	0.478937500	4975161
6999	0.478963900	4976621
7000	0.478964300	4978081
7001	0.478990800	4979541
7002	0.478991300	4981001
7003	0.478999500	4982461
7004	0.479026400	4983921
7005	0.479026700	4985381
7006	0.479052100	4986841
7007	0.479053500	4988301
7008	0.479076300	4989761
7009	0.479076600	4991221
7010	0.479102200	4992681
7011	0.479102500	4994141
7045	0.481776800	4995601
7047	0.481795300	4997061
7048	0.481795600	4998521
7051	0.481805300	4999981
7053	0.481814800	5001441
7055	0.481832800	5002901
7057	0.481842900	5004361
7059	0.481853500	5005821
7061	0.481893000	5007281
7062	0.481894000	5008741
7065	0.481926700	5010201
7066	0.481927300	5011661
7067	0.481927800	5013121
7071	0.481939700	5014581
7073	0.481945700	5016041
7075	0.481965700	5017501
7077	0.481989700	5018961
7078	0.481990000	5020421
7081	0.482010000	5021881
7082	0.482010300	5023341
7085	0.482024300	5024801
7088	0.482040000	5026261
7090	0.482053700	5027721
7092	0.482066000	5029181
7094	0.482079200	5030641
7096	0.482093000	5032101
7098	0.482105700	5033561
7100	0.482119000	5035021
7102	0.482132300	5036481
7103	0.482132600	5037941
7106	0.482145700	5039401
7108	0.482158300	5040861
7110	0.482175600	5042321
7112	0.482185300	5043781
7115	0.482201400	5045241
7117	0.482214600	5046701
7119	0.482228300	5048161
7121	0.482272100	5049621
7122	0.482272500	5051081
7123	0.482272900	5052541
7127	0.482287600	5054001
7129	0.482301900	5055461
7130	0.482302200	5056921
7133	0.482318300	5058381
7135	0.482331200	5059841
7137	0.482344400	5061301
7139	0.482355200	5062761
7141	0.482368100	5064221
7143	0.482380900	5065681
7145	0.482394000	5067141
7147	0.482524600	5068601
7148	0.482526100	5070061
7149	0.482526400	5071521
7150	0.482526700	5072981
7151	0.482527100	5074441
7152	0.482527500	5075901
7153	0.482527800	5077361
7154	0.482528100	5078821
7155	0.482528600	5080281
7156	0.482529100	5081741
7167	0.482566800	5083201
7168	0.482567200	5084661
7169	0.482567700	5086121
7170	0.482582800	5087581
7171	0.482583100	5089041
7172	0.482593800	5090501
7173	0.482615800	5091961
7174	0.482630400	5093421
7175	0.482635200	5094881
7176	0.482639200	5096341
7177	0.482662600	5097801
7189	0.482686300	5099261
7190	0.482686700	5100721
7193	0.482698600	5102181
7195	0.482707000	5103641
7197	0.482716200	5105101
7199	0.482736500	5106561
7201	0.482760000	5108021
7203	0.482769700	5109481
7204	0.482770200	5110941
7207	0.482782000	5111913
7209	0.482791600	5113373
7211	0.482802100	5114833
7213	0.482821100	5116293
7215	0.482831200	5117753
7217	0.482862700	5119213
7218	0.482863200	5120673
7221	0.482874900	5122133
7223	0.482885300	5123593
7225	0.482894000	5125053
7227	0.482902700	5126513
7229	0.482923100	5127973
7231	0.482933400	5129433
7233	0.482943800	5130893
7235	0.482954800	5132353
7237	0.482965500	5133813
7239	0.482986300	5135273
7241	0.482996300	5136733
7244	0.483057800	5138193
7245	0.483058100	5139653
7246	0.483058400	5141113
7247	0.483058700	5142573
7252	0.483074900	5144033
7253	0.483075500	5145493
7256	0.483086500	5146953
7258	0.483094300	5148413
7260	0.483113800	5149873
7262	0.483123600	5151333
7264	0.483150100	5152793
7265	0.483151500	5154253
7268	0.483163400	5155713
7270	0.483189600	5157173
7271	0.483190000	5158633
7274	0.483200800	5160093
7276	0.483227900	5161553
7277	0.483228200	5163013
7280	0.483239400	5164473
7282	0.483264100	5165933
7283	0.483264400	5167393
7286	0.483273200	5168853
7288	0.483289400	5170313
7290	0.483297300	5171773
7292	0.483309800	5173233
7294	0.483329400	5174693
7296	0.483339100	5176153
7298	0.483365100	5177613
7299	0.483365400	5179073
7302	0.483376300	5180533
7304	0.483384800	5181993
7306	0.483404200	5183453
7309	0.483415100	5184913
7311	0.483424200	5186373
7313	0.483436800	5187833
7315	0.483455400	5189293
7317	0.483465000	5190753
7319	0.483492500	5192213
7320	0.483492800	5193673
7323	0.483504500	5195133
7325	0.483530800	5196593
7326	0.483531100	5198053
7329	0.483541600	5199513
7331	0.483551900	5200973
7333	0.483562100	5202433
7335	0.483580700	5203893
7337	0.483591000	5205353
7339	0.483600500	5206813
7341	0.483618100	5208273
7343	0.483628100	5209733
7345	0.483637500	5211193
7347	0.483656900	5212653
7349	0.483667600	5214113
7351	0.483676800	5215573
7354	0.483696400	5217033
7356	0.483706300	5218493
7358	0.483714900	5219953
7360	0.483735100	5221413
7362	0.483746200	5222873
7364	0.483771400	5224333
7365	0.483771900	5225793
7368	0.483782700	5227253
7370	0.483808200	5228713
7371	0.483808600	5230173
7375	0.483820700	5231633
7377	0.483829800	5233093
7379	0.483847100	5234553
7381	0.483856500	5236013
7383	0.483875300	5237473
7385	0.483884500	5238933
7387	0.483911300	5240393
7388	0.483912800	5241853
7391	0.483923400	5243313
7393	0.483950400	5244773
7394	0.483950800	5246233
7397	0.483961300	5247693
7399	0.483989400	5249153
7400	0.483989900	5250613
7403	0.484001800	5252073
7405	0.484025500	5253533
7406	0.484025900	5254993
7409	0.484036200	5256453
7411	0.484045100	5257913
7413	0.484065400	5259373
7415	0.484074800	5260833
7417	0.484083300	5262293
7419	0.484103700	5263753
7421	0.484113000	5265213
7423	0.484140300	5266673
7424	0.484140600	5268133
7427	0.484150700	5269593
7429	0.484179900	5271053
7430	0.484181400	5272513
7433	0.484192000	5273973
7435	0.484217400	5275433
7436	0.484217700	5276893
7439	0.484228600	5278353
7441	0.484255500	5279813
7442	0.484256000	5281273
7445	0.484267700	5282733
7447	0.484291500	5284193
7448	0.484291900	5285653
7451	0.484302300	5287113
7453	0.484311500	5288573
7455	0.484332100	5290033
7457	0.484341100	5291493
7459	0.484368700	5292953
7460	0.484369100	5294413
7463	0.484380300	5295873
7465	0.484406300	5297333
7466	0.484406600	5298793
7469	0.484416600	5300253
7471	0.484425800	5301713
7473	0.484445300	5303173
7475	0.484459800	5304633
7477	0.484483500	5306093
7478	0.484483900	5307553
7481	0.484496600	5308525
7483	0.484505100	5309985
7485	0.484514700	5311445
7487	0.484524200	5312905
7489	0.484541900	5314365
7491	0.484551100	5315825
7493	0.484560100	5317285
7495	0.484580500	5318745
7497	0.484590400	5320205
7499	0.484618500	5321665
7500	0.484618800	5323125
7503	0.484629300	5324585
7506	0.484638300	5326045
7508	0.484656200	5327505
7510	0.484667100	5328965
7512	0.484694300	5330425
7513	0.484694600	5331885
7516	0.484704800	5333345
7518	0.484713400	5334805
7520	0.484734200	5336265
7522	0.484743700	5337725
7524	0.484769900	5339185
7525	0.484770200	5340645
7528	0.484780500	5342105
7530	0.484806700	5343565
7531	0.484807100	5345025
7534	0.484818000	5346485
7536	0.484829200	5347945
7538	0.484838800	5349405
7540	0.484856300	5350865
7542	0.484866300	5352325
7544	0.484888700	5353785
7546	0.484898000	5355245
7548	0.484922800	5356705
7549	0.484923300	5358165
7552	0.484933300	5359625
7554	0.484962500	5361085
7555	0.484962800	5362545
7558	0.484973900	5364005
7560	0.485000500	5365465
7561	0.485001000	5366925
7564	0.485012200	5368385
7566	0.485037000	5369845
7567	0.485037300	5371305
7571	0.485048200	5372765
7573	0.485075700	5374225
7574	0.485076100	5375685
7577	0.485087900	5377145
7579	0.485112500	5378605
7580	0.485112800	5380065
7583	0.485123700	5381525
7585	0.485151300	5382985
7586	0.485151700	5384445
7589	0.485166800	5385905
7591	0.485176400	5387365
7593	0.485183800	5388825
7595	0.485200200	5390285
7597	0.485212800	5391745
7599	0.485240400	5393205
7600	0.485240900	5394665
7603	0.485253800	5396125
7605	0.485279500	5397585
7606	0.485279900	5399045
7609	0.485290400	5400505
7611	0.485317700	5401965
7612	0.485318000	5403425
7615	0.485328200	5404885
7617	0.485354600	5406345
7618	0.485354900	5407805
7621	0.485366000	5409265
7623	0.485392900	5410725
7624	0.485393300	5412185
7627	0.485403500	5413645
7629	0.485431100	5415105
7630	0.485431400	5416565
7633	0.485441600	5418025
7636	0.485469100	5419485
7637	0.485469600	5420945
7640	0.485480800	5422405
7642	0.485506000	5423865
7643	0.485506300	5425325
7646	0.485516700	5426785
7648	0.485546000	5428245
7649	0.485546300	5429705
7652	0.485556900	5431165
7654	0.485583500	5432625
7655	0.485583800	5434085
7658	0.485594500	5435545
7660	0.485622100	5437005
7661	0.485622500	5438465
7664	0.485633000	5439925
7666	0.485660100	5441385
7667	0.485660400	5442845
7670	0.485671000	5444305
7672	0.485714700	5445765
7673	0.485715000	5447225
7676	0.485732300	5448685
7677	0.485733700	5450145
7678	0.485734000	5451605
7682	0.485744200	5453065
7684	0.485762000	5454525
7686	0.485773100	5455985
7688	0.485798300	5457445
7689	0.485798600	5458905
7690	0.485804600	5460365
7691	0.485820100	5461825
7692	0.485846100	5463285
7693	0.485847500	5464745
7694	0.485871300	5466205
7695	0.485871700	5467665
7696	0.485897600	5469125
7697	0.485897900	5470585
7698	0.485923900	5472045
7699	0.485924200	5473505
7700	0.485949700	5474965
7701	0.485950100	5476425
7702	0.485955400	5477885
7703	0.485969600	5479345
7704	0.485983100	5480805
7705	0.486002200	5482265
7706	0.486007600	5483725
7707	0.486022800	5485185
7708	0.486049200	5486645
7709	0.486049600	5488105
7710	0.486075200	5489565
7711	0.486075600	5491025
7712	0.486101300	5492485
7713	0.486101600	5493945
7714	0.486127500	5495405
7715	0.486127900	5496865
7716	0.486134700	5498325
7717	0.486149500	5499785
7718	0.486178400	5501245
7719	0.486178700	5502705
7720	0.486203600	5504165
7721	0.486204200	5505625
7722	0.486229100	5507085
7723	0.491870700	5457445
7724	0.491871100	5458905
7726	0.491890400	5460365
7728	0.491898200	5461825
7729	0.491898700	5463285
7731	0.491909400	5464745
7733	0.491941800	5466205
7734	0.491942300	5467665
7769	0.492060100	5469125
7770	0.492060600	5470585
7771	0.492061100	5472045
7772	0.492061600	5473505
7773	0.492062100	5474965
7774	0.492062700	5476425
7775	0.492063200	5477885
7776	0.492063700	5479345
7777	0.492064400	5480805
7779	0.492085700	5482265
7780	0.492086200	5483725
7782	0.492097900	5485185
7784	0.492103000	5486645
7786	0.492127400	5488105
7787	0.492127900	5489565
7790	0.492139000	5491025
7792	0.492173500	5492485
7793	0.492173900	5493945
7796	0.492199800	5495405
7797	0.492200500	5496865
7800	0.492208200	5498325
7802	0.492216000	5499785
7804	0.492238100	5501245
7806	0.492247700	5502705
7808	0.492272700	5504165
7809	0.492273300	5505625
7811	0.492282000	5507085
7813	0.592315000	5457445
7814	0.592315700	5458905
7816	0.592341800	5460365
7817	0.592342200	5461825
7819	0.592348500	5463285
7821	0.592355500	5464745
7823	0.592373500	5466205
7825	0.592379800	5467665
7827	0.592397600	5469125
7829	0.592402800	5470585
7831	0.592423700	5472045
7833	0.592433600	5473505
7835	0.592477800	5474965
7836	0.592478600	5476425
7837	0.592479100	5477885
7839	0.592526900	5479345
7840	0.592527400	5480805
7841	0.592528100	5482265
7842	0.592528600	5483725
7844	0.592548100	5485185
7846	0.592561600	5486645
7847	0.592562100	5488105
7849	0.592575600	5489565
7851	0.592589700	5491025
7853	0.592598700	5492485
7855	0.592605500	5493945
7857	0.592642200	5495405
7858	0.592642800	5496865
7860	0.592651200	5498325
7862	0.592658400	5499785
7864	0.592682900	5501245
7866	0.592705000	5502705
7867	0.592705300	5504165
7869	0.592711900	5505625
7871	0.592719900	5507085
7873	0.692868700	5457445
7874	0.692869200	5458905
7875	0.692869700	5460365
7876	0.692870200	5461825
7877	0.692870500	5463285
7878	0.692871000	5464745
7879	0.692871500	5466205
7880	0.692871900	5467665
7881	0.692872500	5469125
7882	0.692872900	5470585
7884	0.692918000	5472045
7885	0.692920600	5473505
7886	0.692921000	5474965
7887	0.692921500	5476425
7888	0.692922000	5477885
7890	0.692929900	5479345
7892	0.692952400	5480805
7893	0.692952900	5482265
7895	0.692961000	5483725
7897	0.692975900	5485185
7899	0.692992500	5486645
7901	0.692997500	5488105
7903	0.693012800	5489565
7905	0.693030200	5491025
7907	0.693036600	5492485
7909	0.693052800	5493945
7911	0.693069400	5495405
7913	0.693075700	5496865
7915	0.693103500	5498325
7916	0.693104000	5499785
7918	0.693112100	5501245
7920	0.693142100	5502705
7922	0.693189100	5504165
7923	0.693189600	5505625
7924	0.693190100	5507085
7926	0.793234300	5457445
7927	0.793235200	5458905
7928	0.793235600	5460365
7929	0.793236000	5461825
7931	0.793301800	5463285
7932	0.793302300	5464745
7933	0.793302800	5466205
7934	0.793303200	5467665
7935	0.793306700	5469125
7936	0.793307200	5470585
7938	0.793318600	5472045
7939	0.793319100	5473505
7941	0.793324700	5474965
7943	0.793356100	5476425
7944	0.793356600	5477885
7946	0.793390100	5479345
7947	0.793390400	5480805
7948	0.793390900	5482265
7950	0.793427200	5483725
7951	0.793427500	5485185
7952	0.793427800	5486645
7954	0.793467100	5488105
7955	0.793467500	5489565
7957	0.793500000	5491025
7958	0.793501700	5492485
7959	0.793502100	5493945
7961	0.793512400	5495405
7963	0.793518100	5496865
7965	0.793549100	5498325
7966	0.793549600	5499785
7968	0.793587000	5501245
7969	0.793587400	5502705
7971	0.793595100	5504165
7972	0.793595500	5505625
7974	0.793603900	5507085
7977	0.893657600	5457445
7978	0.893658400	5458905
7979	0.893658900	5460365
7981	0.893720200	5461825
7982	0.893720800	5463285
7983	0.893721300	5464745
7984	0.893721900	5466205
7985	0.893722300	5467665
7986	0.893722900	5469125
7988	0.893770100	5470585
7989	0.893777000	5472045
7990	0.893777800	5473505
7992	0.893837600	5474965
7993	0.893838100	5476425
7994	0.893838600	5477885
7995	0.893839200	5479345
7996	0.893839800	5480805
7998	0.893858300	5482265
7999	0.893858700	5483725
8001	0.893864900	5485185
8003	0.893871100	5486645
8005	0.893901300	5488105
8006	0.893901800	5489565
8008	0.893944200	5491025
8009	0.893944600	5492485
8010	0.893944900	5493945
8012	0.893952200	5495405
8014	0.893991800	5496865
8015	0.893992200	5498325
8016	0.893992700	5499785
8018	0.894019800	5501245
8019	0.894020100	5502705
8021	0.894027800	5504165
8023	0.894039600	5505625
8025	0.894046000	5507085
8027	0.994101900	5457445
8028	0.994102800	5458905
8029	0.994103200	5460365
8031	0.994163400	5461825
8032	0.994163800	5463285
8033	0.994164200	5464745
8034	0.994164600	5466205
8035	0.994165000	5467665
8036	0.994165500	5469125
8038	0.994178600	5470585
8040	0.994184100	5472045
8042	0.994203100	5473505
8044	0.994209800	5474965
8046	0.994232500	5476425
8048	0.994237600	5477885
8050	0.994264800	5479345
8051	0.994265100	5480805
8053	0.994273300	5482265
8055	0.994295500	5483725
8057	0.994302200	5485185
8059	0.994335300	5486645
8060	0.994335700	5488105
8062	0.994365600	5489565
8063	0.994366000	5491025
8064	0.994366200	5492485
8066	0.994373700	5493945
8068	0.994391100	5495405
8070	0.994416900	5496865
8071	0.994417300	5498325
8073	0.994426500	5499785
8075	0.994445400	5501245
8077	0.994451000	5502705
8079	0.994469600	5504165
8081	0.994476200	5505625
8083	0.994494500	5507085
8085	1.094584100	5457445
8086	1.094586300	5458905
8087	1.094587600	5460365
8088	1.094588900	5461825
8089	1.094590200	5463285
8091	1.094650900	5464745
8092	1.094651300	5466205
8093	1.094651700	5467665
8094	1.094652100	5469125
8095	1.094652600	5470585
8096	1.094653000	5472045
8097	1.094656000	5473505
8099	1.094664200	5474965
8101	1.094671100	5476425
8103	1.094676300	5477885
8105	1.094702600	5479345
8106	1.094702900	5480805
8108	1.094741300	5482265
8109	1.094741600	5483725
8111	1.094747900	5485185
8113	1.094752700	5486645
8115	1.094783300	5488105
8117	1.094790900	5489565
8118	1.094791400	5491025
8120	1.094821100	5492485
8121	1.094821700	5493945
8123	1.094846300	5495405
8124	1.094846800	5496865
8126	1.094880200	5498325
8127	1.094880700	5499785
8128	1.094881200	5501245
8130	1.094929300	5502705
8131	1.094929600	5504165
8132	1.094930100	5505625
8134	1.094939400	5507085
8136	1.194995200	5457445
8137	1.194996400	5458905
8138	1.194999200	5460365
8140	1.195060300	5461825
8141	1.195060600	5463285
8142	1.195061000	5464745
8143	1.195061300	5466205
8144	1.195061700	5467665
8145	1.195062100	5469125
8147	1.195070600	5470585
8148	1.195070900	5472045
8150	1.195116400	5473505
8151	1.195116800	5474965
8152	1.195117200	5476425
8154	1.195149500	5477885
8155	1.195149900	5479345
8156	1.195150300	5480805
8158	1.195170800	5482265
8159	1.195171300	5483725
8161	1.195214400	5485185
8162	1.195215400	5486645
8164	1.195310400	5488105
8165	1.195311100	5489565
8166	1.195311500	5491025
8167	1.195311900	5492485
8168	1.195312300	5493945
8169	1.195312700	5495405
8170	1.195313300	5496865
8171	1.195313700	5498325
8173	1.195327700	5499785
8174	1.195328900	5501245
8176	1.195334500	5502705
8178	1.195348800	5504165
8180	1.195366200	5505625
8182	1.195371800	5507085
8184	1.295424800	5457445
8185	1.295425600	5458905
8186	1.295426000	5460365
8188	1.295484900	5461825
8189	1.295485300	5463285
8190	1.295485700	5464745
8191	1.295486100	5466205
8192	1.295486600	5467665
8194	1.295495500	5469125
8196	1.295503900	5470585
8198	1.295509100	5472045
8200	1.295525600	5473505
8202	1.295543000	5474965
8204	1.295571000	5476425
8205	1.295571600	5477885
8207	1.295581100	5479345
8209	1.295589300	5480805
8211	1.295597500	5482265
8213	1.295662200	5483725
8214	1.295662700	5485185
8216	1.295688000	5486645
8217	1.295688400	5488105
8218	1.295688800	5489565
8219	1.295689300	5491025
8221	1.295695300	5492485
8223	1.295700500	5493945
8225	1.295716100	5495405
8227	1.295749900	5496865
8228	1.295750200	5498325
8230	1.295755600	5499785
8232	1.295790200	5501245
8233	1.295791700	5502705
8234	1.295792100	5504165
8236	1.295817800	5505625
8237	1.295818100	5507085
8239	1.395896700	5457445
8240	1.395898800	5458905
8241	1.395900000	5460365
8242	1.395901300	5461825
8244	1.395969700	5463285
8245	1.395970100	5464745
8246	1.395970500	5466205
8247	1.395971000	5467665
8248	1.395971500	5469125
8249	1.395973500	5470585
8250	1.395974000	5472045
8251	1.395974400	5473505
8253	1.395984900	5474965
8255	1.395990800	5476425
8257	1.396010500	5477885
8259	1.396015500	5479345
8261	1.396045800	5480805
8262	1.396046100	5482265
8264	1.396102100	5483725
8265	1.396102500	5485185
8266	1.396102800	5486645
8267	1.396103100	5488105
8269	1.396121300	5489565
8270	1.396121600	5491025
8272	1.396128800	5492485
8274	1.396148700	5493945
8276	1.396155800	5495405
8278	1.396184000	5496865
8279	1.396184400	5498325
8281	1.396199800	5499785
8283	1.396205100	5501245
8285	1.396227900	5502705
8287	1.396255200	5504165
8288	1.396255800	5505625
8290	1.396287300	5507085
8293	1.496328600	5457445
8294	1.496329400	5458905
8295	1.496329800	5460365
8296	1.496330200	5461825
8298	1.496392200	5463285
8299	1.496392600	5464745
8300	1.496393100	5466205
8301	1.496393500	5467665
8302	1.496394100	5469125
8303	1.496397000	5470585
8305	1.496406600	5472045
8306	1.496407000	5473505
8308	1.496470000	5474965
8309	1.496470500	5476425
8311	1.496555100	5477885
8312	1.496555400	5479345
8313	1.496555700	5480805
8314	1.496556000	5482265
8315	1.496556400	5483725
8316	1.496556800	5485185
8317	1.496557000	5486645
8318	1.496557300	5488105
8320	1.496568400	5489565
8321	1.496570600	5491025
8323	1.496575900	5492485
8325	1.496592400	5493945
8327	1.496599400	5495405
8329	1.496615600	5496865
8331	1.496621100	5498325
8333	1.496641900	5499785
8335	1.496647400	5501245
8337	1.496669000	5502705
8339	1.496675700	5504165
8341	1.496695300	5505625
8343	1.496700700	5507085
8345	1.596791200	5457445
8346	1.596793300	5458905
8347	1.596794600	5460365
8348	1.596805100	5461825
8349	1.596806500	5463285
8351	1.596873800	5464745
8352	1.596874200	5466205
8353	1.596874700	5467665
8354	1.596875100	5469125
8355	1.596875500	5470585
8356	1.596875800	5472045
8357	1.596876100	5473505
8358	1.596876500	5474965
8360	1.596885500	5476425
8361	1.596885800	5477885
8363	1.596912200	5479345
8365	1.596927800	5480805
8366	1.596928100	5482265
8368	1.596971300	5483725
8369	1.596971700	5485185
8370	1.596972000	5486645
8372	1.596978600	5488105
8374	1.597030400	5489565
8375	1.597031000	5491025
8376	1.597031600	5492485
8378	1.597103500	5493945
8379	1.597103900	5495405
8380	1.597104400	5496865
8381	1.597104800	5498325
8382	1.597107800	5499785
8383	1.597108100	5501245
8385	1.597119900	5502705
8386	1.597120400	5504165
8388	1.597126800	5505625
8390	1.597145800	5507085
8392	1.697289600	5457445
8393	1.697290600	5458905
8394	1.697291000	5460365
8395	1.697291400	5461825
8396	1.697292000	5463285
8397	1.697292400	5464745
8398	1.697292800	5466205
8399	1.697293200	5467665
8400	1.697293800	5469125
8401	1.697294200	5470585
8403	1.697338100	5472045
8404	1.697338500	5473505
8405	1.697338800	5474965
8406	1.697339300	5476425
8407	1.697339800	5477885
8409	1.697347000	5479345
8411	1.697481100	5480805
8412	1.697481400	5482265
8413	1.697481800	5483725
8414	1.697482200	5485185
8415	1.697482500	5486645
8416	1.697482800	5488105
8417	1.697483100	5489565
8418	1.697483400	5491025
8419	1.697483900	5492485
8420	1.697484200	5493945
8422	1.697492900	5495405
8424	1.697500100	5496865
8426	1.697507100	5498325
8428	1.697524900	5499785
8430	1.697530700	5501245
8432	1.697555200	5502705
8434	1.697560800	5504165
8436	1.697587200	5505625
8437	1.697587900	5507085
8439	1.797647600	5457445
8440	1.797648300	5458905
8441	1.797648800	5460365
8442	1.797649100	5461825
8444	1.797681300	5463285
8445	1.797684600	5464745
8446	1.797685000	5466205
8448	1.797692000	5467665
8450	1.797697500	5469125
8452	1.797755900	5470585
8453	1.797756400	5472045
8454	1.797756700	5473505
8455	1.797757000	5474965
8457	1.797818400	5476425
8458	1.797818700	5477885
8459	1.797819000	5479345
8460	1.797819300	5480805
8461	1.797819700	5482265
8463	1.797828100	5483725
8465	1.797832900	5485185
8467	1.797845700	5486645
8469	1.797877500	5488105
8470	1.797878000	5489565
8472	1.797912600	5491025
8473	1.797913200	5492485
8474	1.797913600	5493945
8476	1.797938600	5495405
8477	1.797939000	5496865
8479	1.797947700	5498325
8481	1.797967200	5499785
8483	1.797974100	5501245
8485	1.797989300	5502705
8487	1.798005800	5504165
8489	1.798013400	5505625
8491	1.798038300	5507085
8493	1.898084900	5457445
8494	1.898085900	5458905
8495	1.898086500	5460365
8497	1.898126300	5461825
8498	1.898126700	5463285
8499	1.898127200	5464745
8500	1.898127700	5466205
8502	1.898136400	5467665
8503	1.898138100	5469125
8505	1.898219700	5470585
8506	1.898220000	5472045
8507	1.898220500	5473505
8508	1.898220900	5474965
8509	1.898221200	5476425
8510	1.898221500	5477885
8512	1.898304600	5479345
8513	1.898304900	5480805
8514	1.898305300	5482265
8515	1.898305700	5483725
8516	1.898306100	5485185
8517	1.898307900	5486645
8518	1.898308500	5488105
8520	1.898395700	5489565
8521	1.898396100	5491025
8522	1.898396400	5492485
8523	1.898396700	5493945
8524	1.898397200	5495405
8525	1.898397400	5496865
8526	1.898397900	5498325
8528	1.898422300	5499785
8529	1.898422600	5501245
8531	1.898430600	5502705
8533	1.898483000	5504165
8534	1.898484600	5505625
8535	1.898484900	5507085
8537	1.998528500	5457445
8538	1.998529300	5458905
8539	1.998529900	5460365
8541	1.998567100	5461825
8542	1.998567600	5463285
8543	1.998568300	5464745
8544	1.998568900	5466205
8546	1.998578400	5467665
8547	1.998579000	5469125
8549	1.998670800	5470585
8550	1.998671500	5472045
8551	1.998673700	5473505
8552	1.998674300	5474965
8553	1.998675000	5476425
8554	1.998675500	5477885
8555	1.998676100	5479345
8557	1.998686900	5480805
8559	1.998692500	5482265
8561	1.998770600	5483725
8562	1.998770900	5485185
8563	1.998771300	5486645
8564	1.998771600	5488105
8565	1.998772200	5489565
8566	1.998772600	5491025
8568	1.998862200	5492485
8569	1.998862600	5493945
8570	1.998863000	5495405
8571	1.998863300	5496865
8572	1.998863800	5498325
8573	1.998864000	5499785
8574	1.998864500	5501245
8576	1.998899700	5502705
8577	1.998900200	5504165
8579	1.998906700	5505625
8581	1.998913500	5507085
