Copyright 1986-2022 Xilinx, Inc. All Rights Reserved. Copyright 2022-2025 Advanced Micro Devices, Inc. All Rights Reserved.
--------------------------------------------------------------------------------------------------------------------------------------------------
| Tool Version      : Vivado v.2025.2 (win64) Build 6299465 Fri Nov 14 19:35:11 GMT 2025
| Date              : Mon Sep 28 23:24:01 2026
| Host              : xyz-intel running 64-bit major release  (build 9200)
| Command           : report_timing_summary -file D:/repo/XCKU5PMini/udp_hls_10g/_proj_pcie/pcie_min_timing.rpt
| Design            : pcie_min_top
| Device            : xcku5p-ffvb676
| Speed File        : -1  PRODUCTION 1.29 05-01-2022
| Design State      : Routed
| Temperature Grade : E
--------------------------------------------------------------------------------------------------------------------------------------------------

Timing Summary Report

------------------------------------------------------------------------------------------------
| Timer Settings
| --------------
------------------------------------------------------------------------------------------------

  Enable Multi Corner Analysis               :  Yes
  Enable Pessimism Removal                   :  Yes
  Pessimism Removal Resolution               :  Nearest Common Node
  Enable Input Delay Default Clock           :  No
  Enable Preset / Clear Arcs                 :  No
  Disable Flight Delays                      :  No
  Ignore I/O Paths                           :  No
  Timing Early Launch at Borrowing Latches   :  No
  Borrow Time for Max Delay Exceptions       :  Yes
  Merge Timing Exceptions                    :  Yes
  Inter-SLR Compensation                     :  Conservative

  Corner  Analyze    Analyze    
  Name    Max Paths  Min Paths  
  ------  ---------  ---------  
  Slow    Yes        Yes        
  Fast    Yes        Yes        


------------------------------------------------------------------------------------------------
| Report Methodology
| ------------------
------------------------------------------------------------------------------------------------

Rule      Severity  Description                   Violations  
--------  --------  ----------------------------  ----------  
LUTAR-1   Warning   LUT drives async reset alert  7           
TIMING-9  Warning   Unknown CDC Logic             1           

Note: This report is based on the most recent report_methodology run and may not be up-to-date. Run report_methodology on the current design for the latest report.



check_timing report

Table of Contents
-----------------
1. checking no_clock (0)
2. checking constant_clock (0)
3. checking pulse_width_clock (0)
4. checking unconstrained_internal_endpoints (0)
5. checking no_input_delay (1)
6. checking no_output_delay (2)
7. checking multiple_clock (0)
8. checking generated_clocks (0)
9. checking loops (0)
10. checking partial_input_delay (0)
11. checking partial_output_delay (0)
12. checking latch_loops (0)

1. checking no_clock (0)
------------------------
 There are 0 register/latch pins with no clock.


2. checking constant_clock (0)
------------------------------
 There are 0 register/latch pins with constant_clock.


3. checking pulse_width_clock (0)
---------------------------------
 There are 0 register/latch pins which need pulse_width check


4. checking unconstrained_internal_endpoints (0)
------------------------------------------------
 There are 0 pins that are not constrained for maximum delay.

 There are 0 pins that are not constrained for maximum delay due to constant clock.


5. checking no_input_delay (1)
------------------------------
 There are 0 input ports with no input delay specified.

 There is 1 input port with no input delay but user has a false path constraint. (MEDIUM)


6. checking no_output_delay (2)
-------------------------------
 There are 2 ports with no output delay specified. (HIGH)

 There are 0 ports with no output delay but user has a false path constraint

 There are 0 ports with no output delay but with a timing clock defined on it or propagating through it


7. checking multiple_clock (0)
------------------------------
 There are 0 register/latch pins with multiple clocks.


8. checking generated_clocks (0)
--------------------------------
 There are 0 generated clocks that are not connected to a clock source.


9. checking loops (0)
---------------------
 There are 0 combinational loops in the design.


10. checking partial_input_delay (0)
------------------------------------
 There are 0 input ports with partial input delay specified.


11. checking partial_output_delay (0)
-------------------------------------
 There are 0 ports with partial output delay specified.


12. checking latch_loops (0)
----------------------------
 There are 0 combinational latch loops in the design through latch input



------------------------------------------------------------------------------------------------
| Design Timing Summary
| ---------------------
------------------------------------------------------------------------------------------------

    WNS(ns)      TNS(ns)  TNS Failing Endpoints  TNS Total Endpoints      WHS(ns)      THS(ns)  THS Failing Endpoints  THS Total Endpoints     WPWS(ns)     TPWS(ns)  TPWS Failing Endpoints  TPWS Total Endpoints  
    -------      -------  ---------------------  -------------------      -------      -------  ---------------------  -------------------     --------     --------  ----------------------  --------------------  
      0.674        0.000                      0                48784        0.001        0.000                      0                48784        0.000        0.000                       0                 18862  


All user specified timing constraints are met.


------------------------------------------------------------------------------------------------
| Clock Summary
| -------------
------------------------------------------------------------------------------------------------

Clock                                                                                                                                                                                                                                                                                                                                                                                                          Waveform(ns)           Period(ns)      Frequency(MHz)
-----                                                                                                                                                                                                                                                                                                                                                                                                          ------------           ----------      --------------
pcie_ref_clk                                                                                                                                                                                                                                                                                                                                                                                                   {0.000 5.000}          10.000          100.000         
  qpll0outclk_out[0]                                                                                                                                                                                                                                                                                                                                                                                           {0.000 0.100}          0.200           5000.000        
  qpll0outrefclk_out[0]                                                                                                                                                                                                                                                                                                                                                                                        {0.000 5.000}          10.000          100.000         
  qpll1outclk_out[0]                                                                                                                                                                                                                                                                                                                                                                                           {0.000 0.100}          0.200           5000.000        
    GTYE4_CHANNEL_TXOUTCLK[0]                                                                                                                                                                                                                                                                                                                                                                                  {0.000 1.000}          2.000           500.000         
    GTYE4_CHANNEL_TXOUTCLK[1]                                                                                                                                                                                                                                                                                                                                                                                  {0.000 1.000}          2.000           500.000         
    GTYE4_CHANNEL_TXOUTCLK[2]                                                                                                                                                                                                                                                                                                                                                                                  {0.000 1.000}          2.000           500.000         
    GTYE4_CHANNEL_TXOUTCLK[3]                                                                                                                                                                                                                                                                                                                                                                                  {0.000 1.000}          2.000           500.000         
      axi_aclk                                                                                                                                                                                                                                                                                                                                                                                                 {0.000 2.000}          4.000           250.000         
      pipe_clk                                                                                                                                                                                                                                                                                                                                                                                                 {0.000 2.000}          4.000           250.000         
      xdma_0_pcie4_ip_gt_top_i_n_31                                                                                                                                                                                                                                                                                                                                                                            {0.000 4.000}          8.000           125.000         
  qpll1outrefclk_out[0]                                                                                                                                                                                                                                                                                                                                                                                        {0.000 5.000}          10.000          100.000         
u_xdma/inst/pcie4_ip_i/inst/xdma_0_pcie4_ip_gt_top_i/diablo_gt.diablo_gt_phy_wrapper/gt_wizard.gtwizard_top_i/xdma_0_pcie4_ip_gt_i/inst/gen_gtwizard_gtye4_top.xdma_0_pcie4_ip_gt_gtwizard_gtye4_inst/gen_gtwizard_gtye4.gen_cpll_cal_gtye4.gen_cpll_cal_inst[0].gen_inst_cpll_cal.gtwizard_ultrascale_v1_7_22_gtye4_cpll_cal_inst/gtwizard_ultrascale_v1_7_22_gtye4_cpll_cal_tx_i/bufg_gt_txoutclkmon_inst/O  {0.000 4.000}          8.000           125.000         
u_xdma/inst/pcie4_ip_i/inst/xdma_0_pcie4_ip_gt_top_i/diablo_gt.diablo_gt_phy_wrapper/gt_wizard.gtwizard_top_i/xdma_0_pcie4_ip_gt_i/inst/gen_gtwizard_gtye4_top.xdma_0_pcie4_ip_gt_gtwizard_gtye4_inst/gen_gtwizard_gtye4.gen_cpll_cal_gtye4.gen_cpll_cal_inst[1].gen_inst_cpll_cal.gtwizard_ultrascale_v1_7_22_gtye4_cpll_cal_inst/gtwizard_ultrascale_v1_7_22_gtye4_cpll_cal_tx_i/bufg_gt_txoutclkmon_inst/O  {0.000 4.000}          8.000           125.000         
u_xdma/inst/pcie4_ip_i/inst/xdma_0_pcie4_ip_gt_top_i/diablo_gt.diablo_gt_phy_wrapper/gt_wizard.gtwizard_top_i/xdma_0_pcie4_ip_gt_i/inst/gen_gtwizard_gtye4_top.xdma_0_pcie4_ip_gt_gtwizard_gtye4_inst/gen_gtwizard_gtye4.gen_cpll_cal_gtye4.gen_cpll_cal_inst[2].gen_inst_cpll_cal.gtwizard_ultrascale_v1_7_22_gtye4_cpll_cal_inst/gtwizard_ultrascale_v1_7_22_gtye4_cpll_cal_tx_i/bufg_gt_txoutclkmon_inst/O  {0.000 4.000}          8.000           125.000         
u_xdma/inst/pcie4_ip_i/inst/xdma_0_pcie4_ip_gt_top_i/diablo_gt.diablo_gt_phy_wrapper/gt_wizard.gtwizard_top_i/xdma_0_pcie4_ip_gt_i/inst/gen_gtwizard_gtye4_top.xdma_0_pcie4_ip_gt_gtwizard_gtye4_inst/gen_gtwizard_gtye4.gen_cpll_cal_gtye4.gen_cpll_cal_inst[3].gen_inst_cpll_cal.gtwizard_ultrascale_v1_7_22_gtye4_cpll_cal_inst/gtwizard_ultrascale_v1_7_22_gtye4_cpll_cal_tx_i/bufg_gt_txoutclkmon_inst/O  {0.000 4.000}          8.000           125.000         
u_xdma/inst/pcie4_ip_i/inst/xdma_0_pcie4_ip_gt_top_i/diablo_gt.diablo_gt_phy_wrapper/phy_clk_i/bufg_gt_intclk/O                                                                                                                                                                                                                                                                                                {0.000 500.000}        1000.000        1.000           


------------------------------------------------------------------------------------------------
| Intra Clock Table
| -----------------
------------------------------------------------------------------------------------------------

Clock                                                                                                                                                                                                                                                                                                                                                                                                              WNS(ns)      TNS(ns)  TNS Failing Endpoints  TNS Total Endpoints      WHS(ns)      THS(ns)  THS Failing Endpoints  THS Total Endpoints     WPWS(ns)     TPWS(ns)  TPWS Failing Endpoints  TPWS Total Endpoints  
-----                                                                                                                                                                                                                                                                                                                                                                                                              -------      -------  ---------------------  -------------------      -------      -------  ---------------------  -------------------     --------     --------  ----------------------  --------------------  
pcie_ref_clk                                                                                                                                                                                                                                                                                                                                                                                                         7.639        0.000                      0                 3702        0.010        0.000                      0                 3702        3.200        0.000                       0                  1776  
    GTYE4_CHANNEL_TXOUTCLK[0]                                                                                                                                                                                                                                                                                                                                                                                                                                                                                                                                    0.501        0.000                       0                     1  
    GTYE4_CHANNEL_TXOUTCLK[1]                                                                                                                                                                                                                                                                                                                                                                                                                                                                                                                                    0.501        0.000                       0                     1  
    GTYE4_CHANNEL_TXOUTCLK[2]                                                                                                                                                                                                                                                                                                                                                                                                                                                                                                                                    0.501        0.000                       0                     1  
    GTYE4_CHANNEL_TXOUTCLK[3]                                                                                                                                                                                                                                                                                                                                                                                                                                                                                                                                    0.501        0.000                       0                     5  
      axi_aclk                                                                                                                                                                                                                                                                                                                                                                                                       0.674        0.000                      0                42025        0.010        0.000                      0                42025        0.207        0.000                       0                 15802  
      pipe_clk                                                                                                                                                                                                                                                                                                                                                                                                       1.330        0.000                      0                 2400        0.001        0.000                      0                 2400        0.000        0.000                       0                  1138  
      xdma_0_pcie4_ip_gt_top_i_n_31                                                                                                                                                                                                                                                                                                                                                                                                                                                                                                                              0.000        0.000                       0                     1  
u_xdma/inst/pcie4_ip_i/inst/xdma_0_pcie4_ip_gt_top_i/diablo_gt.diablo_gt_phy_wrapper/gt_wizard.gtwizard_top_i/xdma_0_pcie4_ip_gt_i/inst/gen_gtwizard_gtye4_top.xdma_0_pcie4_ip_gt_gtwizard_gtye4_inst/gen_gtwizard_gtye4.gen_cpll_cal_gtye4.gen_cpll_cal_inst[0].gen_inst_cpll_cal.gtwizard_ultrascale_v1_7_22_gtye4_cpll_cal_inst/gtwizard_ultrascale_v1_7_22_gtye4_cpll_cal_tx_i/bufg_gt_txoutclkmon_inst/O        6.493        0.000                      0                   50        0.066        0.000                      0                   50        3.725        0.000                       0                    31  
u_xdma/inst/pcie4_ip_i/inst/xdma_0_pcie4_ip_gt_top_i/diablo_gt.diablo_gt_phy_wrapper/gt_wizard.gtwizard_top_i/xdma_0_pcie4_ip_gt_i/inst/gen_gtwizard_gtye4_top.xdma_0_pcie4_ip_gt_gtwizard_gtye4_inst/gen_gtwizard_gtye4.gen_cpll_cal_gtye4.gen_cpll_cal_inst[1].gen_inst_cpll_cal.gtwizard_ultrascale_v1_7_22_gtye4_cpll_cal_inst/gtwizard_ultrascale_v1_7_22_gtye4_cpll_cal_tx_i/bufg_gt_txoutclkmon_inst/O        6.889        0.000                      0                   50        0.052        0.000                      0                   50        3.725        0.000                       0                    31  
u_xdma/inst/pcie4_ip_i/inst/xdma_0_pcie4_ip_gt_top_i/diablo_gt.diablo_gt_phy_wrapper/gt_wizard.gtwizard_top_i/xdma_0_pcie4_ip_gt_i/inst/gen_gtwizard_gtye4_top.xdma_0_pcie4_ip_gt_gtwizard_gtye4_inst/gen_gtwizard_gtye4.gen_cpll_cal_gtye4.gen_cpll_cal_inst[2].gen_inst_cpll_cal.gtwizard_ultrascale_v1_7_22_gtye4_cpll_cal_inst/gtwizard_ultrascale_v1_7_22_gtye4_cpll_cal_tx_i/bufg_gt_txoutclkmon_inst/O        6.881        0.000                      0                   50        0.066        0.000                      0                   50        3.725        0.000                       0                    31  
u_xdma/inst/pcie4_ip_i/inst/xdma_0_pcie4_ip_gt_top_i/diablo_gt.diablo_gt_phy_wrapper/gt_wizard.gtwizard_top_i/xdma_0_pcie4_ip_gt_i/inst/gen_gtwizard_gtye4_top.xdma_0_pcie4_ip_gt_gtwizard_gtye4_inst/gen_gtwizard_gtye4.gen_cpll_cal_gtye4.gen_cpll_cal_inst[3].gen_inst_cpll_cal.gtwizard_ultrascale_v1_7_22_gtye4_cpll_cal_inst/gtwizard_ultrascale_v1_7_22_gtye4_cpll_cal_tx_i/bufg_gt_txoutclkmon_inst/O        6.731        0.000                      0                   50        0.052        0.000                      0                   50        3.725        0.000                       0                    31  
u_xdma/inst/pcie4_ip_i/inst/xdma_0_pcie4_ip_gt_top_i/diablo_gt.diablo_gt_phy_wrapper/phy_clk_i/bufg_gt_intclk/O                                                                                                                                                                                                                                                                                                    999.120        0.000                      0                   20        0.059        0.000                      0                   20      499.725        0.000                       0                    13  


------------------------------------------------------------------------------------------------
| Inter Clock Table
| -----------------
------------------------------------------------------------------------------------------------

From Clock    To Clock          WNS(ns)      TNS(ns)  TNS Failing Endpoints  TNS Total Endpoints      WHS(ns)      THS(ns)  THS Failing Endpoints  THS Total Endpoints  
----------    --------          -------      -------  ---------------------  -------------------      -------      -------  ---------------------  -------------------  
pipe_clk      axi_aclk            2.404        0.000                      0                    3        0.239        0.000                      0                    3  
axi_aclk      pipe_clk            3.151        0.000                      0                    1        0.062        0.000                      0                    1  


------------------------------------------------------------------------------------------------
| Other Path Groups Table
| -----------------------
------------------------------------------------------------------------------------------------

Path Group                                                                                                                                                                                                                                                                                                                                                                                                     From Clock                                                                                                                                                                                                                                                                                                                                                                                                     To Clock                                                                                                                                                                                                                                                                                                                                                                                                           WNS(ns)      TNS(ns)  TNS Failing Endpoints  TNS Total Endpoints      WHS(ns)      THS(ns)  THS Failing Endpoints  THS Total Endpoints  
----------                                                                                                                                                                                                                                                                                                                                                                                                     ----------                                                                                                                                                                                                                                                                                                                                                                                                     --------                                                                                                                                                                                                                                                                                                                                                                                                           -------      -------  ---------------------  -------------------      -------      -------  ---------------------  -------------------  
**async_default**                                                                                                                                                                                                                                                                                                                                                                                              axi_aclk                                                                                                                                                                                                                                                                                                                                                                                                       axi_aclk                                                                                                                                                                                                                                                                                                                                                                                                             0.859        0.000                      0                  217        0.125        0.000                      0                  217  
**async_default**                                                                                                                                                                                                                                                                                                                                                                                              pcie_ref_clk                                                                                                                                                                                                                                                                                                                                                                                                   pcie_ref_clk                                                                                                                                                                                                                                                                                                                                                                                                         7.455        0.000                      0                  131        0.128        0.000                      0                  131  
**async_default**                                                                                                                                                                                                                                                                                                                                                                                              pipe_clk                                                                                                                                                                                                                                                                                                                                                                                                       pipe_clk                                                                                                                                                                                                                                                                                                                                                                                                             2.227        0.000                      0                   13        0.133        0.000                      0                   13  
**async_default**                                                                                                                                                                                                                                                                                                                                                                                              u_xdma/inst/pcie4_ip_i/inst/xdma_0_pcie4_ip_gt_top_i/diablo_gt.diablo_gt_phy_wrapper/gt_wizard.gtwizard_top_i/xdma_0_pcie4_ip_gt_i/inst/gen_gtwizard_gtye4_top.xdma_0_pcie4_ip_gt_gtwizard_gtye4_inst/gen_gtwizard_gtye4.gen_cpll_cal_gtye4.gen_cpll_cal_inst[0].gen_inst_cpll_cal.gtwizard_ultrascale_v1_7_22_gtye4_cpll_cal_inst/gtwizard_ultrascale_v1_7_22_gtye4_cpll_cal_tx_i/bufg_gt_txoutclkmon_inst/O  u_xdma/inst/pcie4_ip_i/inst/xdma_0_pcie4_ip_gt_top_i/diablo_gt.diablo_gt_phy_wrapper/gt_wizard.gtwizard_top_i/xdma_0_pcie4_ip_gt_i/inst/gen_gtwizard_gtye4_top.xdma_0_pcie4_ip_gt_gtwizard_gtye4_inst/gen_gtwizard_gtye4.gen_cpll_cal_gtye4.gen_cpll_cal_inst[0].gen_inst_cpll_cal.gtwizard_ultrascale_v1_7_22_gtye4_cpll_cal_inst/gtwizard_ultrascale_v1_7_22_gtye4_cpll_cal_tx_i/bufg_gt_txoutclkmon_inst/O        7.246        0.000                      0                   18        0.159        0.000                      0                   18  
**async_default**                                                                                                                                                                                                                                                                                                                                                                                              u_xdma/inst/pcie4_ip_i/inst/xdma_0_pcie4_ip_gt_top_i/diablo_gt.diablo_gt_phy_wrapper/gt_wizard.gtwizard_top_i/xdma_0_pcie4_ip_gt_i/inst/gen_gtwizard_gtye4_top.xdma_0_pcie4_ip_gt_gtwizard_gtye4_inst/gen_gtwizard_gtye4.gen_cpll_cal_gtye4.gen_cpll_cal_inst[1].gen_inst_cpll_cal.gtwizard_ultrascale_v1_7_22_gtye4_cpll_cal_inst/gtwizard_ultrascale_v1_7_22_gtye4_cpll_cal_tx_i/bufg_gt_txoutclkmon_inst/O  u_xdma/inst/pcie4_ip_i/inst/xdma_0_pcie4_ip_gt_top_i/diablo_gt.diablo_gt_phy_wrapper/gt_wizard.gtwizard_top_i/xdma_0_pcie4_ip_gt_i/inst/gen_gtwizard_gtye4_top.xdma_0_pcie4_ip_gt_gtwizard_gtye4_inst/gen_gtwizard_gtye4.gen_cpll_cal_gtye4.gen_cpll_cal_inst[1].gen_inst_cpll_cal.gtwizard_ultrascale_v1_7_22_gtye4_cpll_cal_inst/gtwizard_ultrascale_v1_7_22_gtye4_cpll_cal_tx_i/bufg_gt_txoutclkmon_inst/O        7.350        0.000                      0                   18        0.123        0.000                      0                   18  
**async_default**                                                                                                                                                                                                                                                                                                                                                                                              u_xdma/inst/pcie4_ip_i/inst/xdma_0_pcie4_ip_gt_top_i/diablo_gt.diablo_gt_phy_wrapper/gt_wizard.gtwizard_top_i/xdma_0_pcie4_ip_gt_i/inst/gen_gtwizard_gtye4_top.xdma_0_pcie4_ip_gt_gtwizard_gtye4_inst/gen_gtwizard_gtye4.gen_cpll_cal_gtye4.gen_cpll_cal_inst[2].gen_inst_cpll_cal.gtwizard_ultrascale_v1_7_22_gtye4_cpll_cal_inst/gtwizard_ultrascale_v1_7_22_gtye4_cpll_cal_tx_i/bufg_gt_txoutclkmon_inst/O  u_xdma/inst/pcie4_ip_i/inst/xdma_0_pcie4_ip_gt_top_i/diablo_gt.diablo_gt_phy_wrapper/gt_wizard.gtwizard_top_i/xdma_0_pcie4_ip_gt_i/inst/gen_gtwizard_gtye4_top.xdma_0_pcie4_ip_gt_gtwizard_gtye4_inst/gen_gtwizard_gtye4.gen_cpll_cal_gtye4.gen_cpll_cal_inst[2].gen_inst_cpll_cal.gtwizard_ultrascale_v1_7_22_gtye4_cpll_cal_inst/gtwizard_ultrascale_v1_7_22_gtye4_cpll_cal_tx_i/bufg_gt_txoutclkmon_inst/O        7.227        0.000                      0                   18        0.142        0.000                      0                   18  
**async_default**                                                                                                                                                                                                                                                                                                                                                                                              u_xdma/inst/pcie4_ip_i/inst/xdma_0_pcie4_ip_gt_top_i/diablo_gt.diablo_gt_phy_wrapper/gt_wizard.gtwizard_top_i/xdma_0_pcie4_ip_gt_i/inst/gen_gtwizard_gtye4_top.xdma_0_pcie4_ip_gt_gtwizard_gtye4_inst/gen_gtwizard_gtye4.gen_cpll_cal_gtye4.gen_cpll_cal_inst[3].gen_inst_cpll_cal.gtwizard_ultrascale_v1_7_22_gtye4_cpll_cal_inst/gtwizard_ultrascale_v1_7_22_gtye4_cpll_cal_tx_i/bufg_gt_txoutclkmon_inst/O  u_xdma/inst/pcie4_ip_i/inst/xdma_0_pcie4_ip_gt_top_i/diablo_gt.diablo_gt_phy_wrapper/gt_wizard.gtwizard_top_i/xdma_0_pcie4_ip_gt_i/inst/gen_gtwizard_gtye4_top.xdma_0_pcie4_ip_gt_gtwizard_gtye4_inst/gen_gtwizard_gtye4.gen_cpll_cal_gtye4.gen_cpll_cal_inst[3].gen_inst_cpll_cal.gtwizard_ultrascale_v1_7_22_gtye4_cpll_cal_inst/gtwizard_ultrascale_v1_7_22_gtye4_cpll_cal_tx_i/bufg_gt_txoutclkmon_inst/O        7.355        0.000                      0                   18        0.170        0.000                      0                   18  


------------------------------------------------------------------------------------------------
| Timing Details
| --------------
------------------------------------------------------------------------------------------------


---------------------------------------------------------------------------------------------------
From Clock:  pcie_ref_clk
  To Clock:  pcie_ref_clk

Setup :            0  Failing Endpoints,  Worst Slack        7.639ns,  Total Violation        0.000ns
Hold  :            0  Failing Endpoints,  Worst Slack        0.010ns,  Total Violation        0.000ns
PW    :            0  Failing Endpoints,  Worst Slack        3.200ns,  Total Violation        0.000ns
---------------------------------------------------------------------------------------------------


Max Delay Paths
--------------------------------------------------------------------------------------
Slack (MET) :             7.639ns  (required time - arrival time)
  Source:                 u_xdma/inst/pcie4_ip_i/inst/xdma_0_pcie4_ip_gt_top_i/diablo_gt.diablo_gt_phy_wrapper/gt_wizard.gtwizard_top_i/xdma_0_pcie4_ip_gt_i/inst/gen_gtwizard_gtye4_top.xdma_0_pcie4_ip_gt_gtwizard_gtye4_inst/gen_gtwizard_gtye4.gen_cpll_cal_gtye4.gen_cpll_cal_inst[1].gen_inst_cpll_cal.gtwizard_ultrascale_v1_7_22_gtye4_cpll_cal_inst/gtwizard_ultrascale_v1_7_22_gtye4_cpll_cal_tx_i/U_TXOUTCLK_FREQ_COUNTER/freq_cnt_o_reg[1]/C
                            (rising edge-triggered cell FDRE clocked by pcie_ref_clk  {rise@0.000ns fall@5.000ns period=10.000ns})
  Destination:            u_xdma/inst/pcie4_ip_i/inst/xdma_0_pcie4_ip_gt_top_i/diablo_gt.diablo_gt_phy_wrapper/gt_wizard.gtwizard_top_i/xdma_0_pcie4_ip_gt_i/inst/gen_gtwizard_gtye4_top.xdma_0_pcie4_ip_gt_gtwizard_gtye4_inst/gen_gtwizard_gtye4.gen_cpll_cal_gtye4.gen_cpll_cal_inst[1].gen_inst_cpll_cal.gtwizard_ultrascale_v1_7_22_gtye4_cpll_cal_inst/gtwizard_ultrascale_v1_7_22_gtye4_cpll_cal_tx_i/repeat_ctr_reg[2]/CE
                            (rising edge-triggered cell FDRE clocked by pcie_ref_clk  {rise@0.000ns fall@5.000ns period=10.000ns})
  Path Group:             pcie_ref_clk
  Path Type:              Setup (Max at Slow Process Corner)
  Requirement:            10.000ns  (pcie_ref_clk rise@10.000ns - pcie_ref_clk rise@0.000ns)
  Data Path Delay:        2.174ns  (logic 0.797ns (36.661%)  route 1.377ns (63.339%))
  Logic Levels:           5  (CARRY8=2 LUT2=1 LUT5=1 LUT6=1)
  Clock Path Skew:        -0.109ns (DCD - SCD + CPR)
    Destination Clock Delay (DCD):    2.120ns = ( 12.120 - 10.000 ) 
    Source Clock Delay      (SCD):    2.732ns
    Clock Pessimism Removal (CPR):    0.504ns
  Clock Uncertainty:      0.035ns  ((TSJ^2 + TIJ^2)^1/2 + DJ) / 2 + PE
    Total System Jitter     (TSJ):    0.071ns
    Total Input Jitter      (TIJ):    0.000ns
    Discrete Jitter          (DJ):    0.000ns
    Phase Error              (PE):    0.000ns
  Clock Net Delay (Source):      2.036ns (routing 0.734ns, distribution 1.302ns)
  Clock Net Delay (Destination): 1.793ns (routing 0.667ns, distribution 1.126ns)

    Location             Delay type                Incr(ns)  Path(ns)    Netlist Resource(s)
  -------------------------------------------------------------------    -------------------
                         (clock pcie_ref_clk rise edge)
                                                      0.000     0.000 r  
    GTYE4_COMMON_X0Y0                                 0.000     0.000 r  pcie_sys_clk_p (IN)
                         net (fo=0)                   0.000     0.000    pcie_sys_clk_p
    GTYE4_COMMON_X0Y0    IBUFDS_GTE4 (Prop_IBUFDS0_GTYE4_GTYE4_COMMON_I_ODIV2)
                                                      0.467     0.467 r  u_refclk_ibuf/ODIV2
                         net (fo=2, routed)           0.091     0.558    u_xdma/inst/pcie4_ip_i/inst/sys_clk
    BUFG_GT_X0Y23        BUFG_GT (Prop_BUFG_GT_I_O)
                                                      0.139     0.697 r  u_xdma/inst/pcie4_ip_i/inst/bufg_gt_sysclk/O
    X2Y1 (CLOCK_ROOT)    net (fo=1779, routed)        2.036     2.732    u_xdma/inst/pcie4_ip_i/inst/xdma_0_pcie4_ip_gt_top_i/diablo_gt.diablo_gt_phy_wrapper/gt_wizard.gtwizard_top_i/xdma_0_pcie4_ip_gt_i/inst/gen_gtwizard_gtye4_top.xdma_0_pcie4_ip_gt_gtwizard_gtye4_inst/gen_gtwizard_gtye4.gen_cpll_cal_gtye4.gen_cpll_cal_inst[1].gen_inst_cpll_cal.gtwizard_ultrascale_v1_7_22_gtye4_cpll_cal_inst/gtwizard_ultrascale_v1_7_22_gtye4_cpll_cal_tx_i/U_TXOUTCLK_FREQ_COUNTER/drpclk_common_in[0]
    SLICE_X108Y12        FDRE                                         r  u_xdma/inst/pcie4_ip_i/inst/xdma_0_pcie4_ip_gt_top_i/diablo_gt.diablo_gt_phy_wrapper/gt_wizard.gtwizard_top_i/xdma_0_pcie4_ip_gt_i/inst/gen_gtwizard_gtye4_top.xdma_0_pcie4_ip_gt_gtwizard_gtye4_inst/gen_gtwizard_gtye4.gen_cpll_cal_gtye4.gen_cpll_cal_inst[1].gen_inst_cpll_cal.gtwizard_ultrascale_v1_7_22_gtye4_cpll_cal_inst/gtwizard_ultrascale_v1_7_22_gtye4_cpll_cal_tx_i/U_TXOUTCLK_FREQ_COUNTER/freq_cnt_o_reg[1]/C
  -------------------------------------------------------------------    -------------------
    SLICE_X108Y12        FDRE (Prop_AFF2_SLICEL_C_Q)
                                                      0.099     2.831 r  u_xdma/inst/pcie4_ip_i/inst/xdma_0_pcie4_ip_gt_top_i/diablo_gt.diablo_gt_phy_wrapper/gt_wizard.gtwizard_top_i/xdma_0_pcie4_ip_gt_i/inst/gen_gtwizard_gtye4_top.xdma_0_pcie4_ip_gt_gtwizard_gtye4_inst/gen_gtwizard_gtye4.gen_cpll_cal_gtye4.gen_cpll_cal_inst[1].gen_inst_cpll_cal.gtwizard_ultrascale_v1_7_22_gtye4_cpll_cal_inst/gtwizard_ultrascale_v1_7_22_gtye4_cpll_cal_tx_i/U_TXOUTCLK_FREQ_COUNTER/freq_cnt_o_reg[1]/Q
                         net (fo=4, routed)           0.351     3.182    u_xdma/inst/pcie4_ip_i/inst/xdma_0_pcie4_ip_gt_top_i/diablo_gt.diablo_gt_phy_wrapper/gt_wizard.gtwizard_top_i/xdma_0_pcie4_ip_gt_i/inst/gen_gtwizard_gtye4_top.xdma_0_pcie4_ip_gt_gtwizard_gtye4_inst/gen_gtwizard_gtye4.gen_cpll_cal_gtye4.gen_cpll_cal_inst[1].gen_inst_cpll_cal.gtwizard_ultrascale_v1_7_22_gtye4_cpll_cal_inst/gtwizard_ultrascale_v1_7_22_gtye4_cpll_cal_tx_i/U_TXOUTCLK_FREQ_COUNTER/freq_cnt_o_reg_n_0_[1]
    SLICE_X108Y13        LUT2 (Prop_A6LUT_SLICEL_I0_O)
                                                      0.178     3.360 r  u_xdma/inst/pcie4_ip_i/inst/xdma_0_pcie4_ip_gt_top_i/diablo_gt.diablo_gt_phy_wrapper/gt_wizard.gtwizard_top_i/xdma_0_pcie4_ip_gt_i/inst/gen_gtwizard_gtye4_top.xdma_0_pcie4_ip_gt_gtwizard_gtye4_inst/gen_gtwizard_gtye4.gen_cpll_cal_gtye4.gen_cpll_cal_inst[1].gen_inst_cpll_cal.gtwizard_ultrascale_v1_7_22_gtye4_cpll_cal_inst/gtwizard_ultrascale_v1_7_22_gtye4_cpll_cal_tx_i/U_TXOUTCLK_FREQ_COUNTER/i__carry_i_11__0/O
                         net (fo=1, routed)           0.011     3.371    u_xdma/inst/pcie4_ip_i/inst/xdma_0_pcie4_ip_gt_top_i/diablo_gt.diablo_gt_phy_wrapper/gt_wizard.gtwizard_top_i/xdma_0_pcie4_ip_gt_i/inst/gen_gtwizard_gtye4_top.xdma_0_pcie4_ip_gt_gtwizard_gtye4_inst/gen_gtwizard_gtye4.gen_cpll_cal_gtye4.gen_cpll_cal_inst[1].gen_inst_cpll_cal.gtwizard_ultrascale_v1_7_22_gtye4_cpll_cal_inst/gtwizard_ultrascale_v1_7_22_gtye4_cpll_cal_tx_i/U_TXOUTCLK_FREQ_COUNTER_n_31
    SLICE_X108Y13        CARRY8 (Prop_CARRY8_SLICEL_S[0]_CO[7])
                                                      0.238     3.609 f  u_xdma/inst/pcie4_ip_i/inst/xdma_0_pcie4_ip_gt_top_i/diablo_gt.diablo_gt_phy_wrapper/gt_wizard.gtwizard_top_i/xdma_0_pcie4_ip_gt_i/inst/gen_gtwizard_gtye4_top.xdma_0_pcie4_ip_gt_gtwizard_gtye4_inst/gen_gtwizard_gtye4.gen_cpll_cal_gtye4.gen_cpll_cal_inst[1].gen_inst_cpll_cal.gtwizard_ultrascale_v1_7_22_gtye4_cpll_cal_inst/gtwizard_ultrascale_v1_7_22_gtye4_cpll_cal_tx_i/cpll_cal_state2_inferred__0/i__carry/CO[7]
                         net (fo=1, routed)           0.028     3.637    u_xdma/inst/pcie4_ip_i/inst/xdma_0_pcie4_ip_gt_top_i/diablo_gt.diablo_gt_phy_wrapper/gt_wizard.gtwizard_top_i/xdma_0_pcie4_ip_gt_i/inst/gen_gtwizard_gtye4_top.xdma_0_pcie4_ip_gt_gtwizard_gtye4_inst/gen_gtwizard_gtye4.gen_cpll_cal_gtye4.gen_cpll_cal_inst[1].gen_inst_cpll_cal.gtwizard_ultrascale_v1_7_22_gtye4_cpll_cal_inst/gtwizard_ultrascale_v1_7_22_gtye4_cpll_cal_tx_i/cpll_cal_state2_inferred__0/i__carry_n_0
    SLICE_X108Y14        CARRY8 (Prop_CARRY8_SLICEL_CI_CO[0])
                                                      0.068     3.705 f  u_xdma/inst/pcie4_ip_i/inst/xdma_0_pcie4_ip_gt_top_i/diablo_gt.diablo_gt_phy_wrapper/gt_wizard.gtwizard_top_i/xdma_0_pcie4_ip_gt_i/inst/gen_gtwizard_gtye4_top.xdma_0_pcie4_ip_gt_gtwizard_gtye4_inst/gen_gtwizard_gtye4.gen_cpll_cal_gtye4.gen_cpll_cal_inst[1].gen_inst_cpll_cal.gtwizard_ultrascale_v1_7_22_gtye4_cpll_cal_inst/gtwizard_ultrascale_v1_7_22_gtye4_cpll_cal_tx_i/cpll_cal_state2_inferred__0/i__carry__0/CO[0]
                         net (fo=3, routed)           0.303     4.008    u_xdma/inst/pcie4_ip_i/inst/xdma_0_pcie4_ip_gt_top_i/diablo_gt.diablo_gt_phy_wrapper/gt_wizard.gtwizard_top_i/xdma_0_pcie4_ip_gt_i/inst/gen_gtwizard_gtye4_top.xdma_0_pcie4_ip_gt_gtwizard_gtye4_inst/gen_gtwizard_gtye4.gen_cpll_cal_gtye4.gen_cpll_cal_inst[1].gen_inst_cpll_cal.gtwizard_ultrascale_v1_7_22_gtye4_cpll_cal_inst/gtwizard_ultrascale_v1_7_22_gtye4_cpll_cal_tx_i/U_TXOUTCLK_FREQ_COUNTER/cal_fail_store_reg[0]
    SLICE_X109Y20        LUT6 (Prop_H6LUT_SLICEM_I4_O)
                                                      0.066     4.074 r  u_xdma/inst/pcie4_ip_i/inst/xdma_0_pcie4_ip_gt_top_i/diablo_gt.diablo_gt_phy_wrapper/gt_wizard.gtwizard_top_i/xdma_0_pcie4_ip_gt_i/inst/gen_gtwizard_gtye4_top.xdma_0_pcie4_ip_gt_gtwizard_gtye4_inst/gen_gtwizard_gtye4.gen_cpll_cal_gtye4.gen_cpll_cal_inst[1].gen_inst_cpll_cal.gtwizard_ultrascale_v1_7_22_gtye4_cpll_cal_inst/gtwizard_ultrascale_v1_7_22_gtye4_cpll_cal_tx_i/U_TXOUTCLK_FREQ_COUNTER/repeat_ctr[3]_i_3__0/O
                         net (fo=3, routed)           0.190     4.265    u_xdma/inst/pcie4_ip_i/inst/xdma_0_pcie4_ip_gt_top_i/diablo_gt.diablo_gt_phy_wrapper/gt_wizard.gtwizard_top_i/xdma_0_pcie4_ip_gt_i/inst/gen_gtwizard_gtye4_top.xdma_0_pcie4_ip_gt_gtwizard_gtye4_inst/gen_gtwizard_gtye4.gen_cpll_cal_gtye4.gen_cpll_cal_inst[1].gen_inst_cpll_cal.gtwizard_ultrascale_v1_7_22_gtye4_cpll_cal_inst/gtwizard_ultrascale_v1_7_22_gtye4_cpll_cal_tx_i/U_TXOUTCLK_FREQ_COUNTER/repeat_ctr[3]_i_3__0_n_0
    SLICE_X110Y21        LUT5 (Prop_E6LUT_SLICEM_I1_O)
                                                      0.148     4.413 r  u_xdma/inst/pcie4_ip_i/inst/xdma_0_pcie4_ip_gt_top_i/diablo_gt.diablo_gt_phy_wrapper/gt_wizard.gtwizard_top_i/xdma_0_pcie4_ip_gt_i/inst/gen_gtwizard_gtye4_top.xdma_0_pcie4_ip_gt_gtwizard_gtye4_inst/gen_gtwizard_gtye4.gen_cpll_cal_gtye4.gen_cpll_cal_inst[1].gen_inst_cpll_cal.gtwizard_ultrascale_v1_7_22_gtye4_cpll_cal_inst/gtwizard_ultrascale_v1_7_22_gtye4_cpll_cal_tx_i/U_TXOUTCLK_FREQ_COUNTER/repeat_ctr[3]_i_1__0/O
                         net (fo=4, routed)           0.494     4.906    u_xdma/inst/pcie4_ip_i/inst/xdma_0_pcie4_ip_gt_top_i/diablo_gt.diablo_gt_phy_wrapper/gt_wizard.gtwizard_top_i/xdma_0_pcie4_ip_gt_i/inst/gen_gtwizard_gtye4_top.xdma_0_pcie4_ip_gt_gtwizard_gtye4_inst/gen_gtwizard_gtye4.gen_cpll_cal_gtye4.gen_cpll_cal_inst[1].gen_inst_cpll_cal.gtwizard_ultrascale_v1_7_22_gtye4_cpll_cal_inst/gtwizard_ultrascale_v1_7_22_gtye4_cpll_cal_tx_i/U_TXOUTCLK_FREQ_COUNTER_n_1
    SLICE_X109Y20        FDRE                                         r  u_xdma/inst/pcie4_ip_i/inst/xdma_0_pcie4_ip_gt_top_i/diablo_gt.diablo_gt_phy_wrapper/gt_wizard.gtwizard_top_i/xdma_0_pcie4_ip_gt_i/inst/gen_gtwizard_gtye4_top.xdma_0_pcie4_ip_gt_gtwizard_gtye4_inst/gen_gtwizard_gtye4.gen_cpll_cal_gtye4.gen_cpll_cal_inst[1].gen_inst_cpll_cal.gtwizard_ultrascale_v1_7_22_gtye4_cpll_cal_inst/gtwizard_ultrascale_v1_7_22_gtye4_cpll_cal_tx_i/repeat_ctr_reg[2]/CE
  -------------------------------------------------------------------    -------------------

                         (clock pcie_ref_clk rise edge)
                                                     10.000    10.000 r  
    GTYE4_COMMON_X0Y0                                 0.000    10.000 r  pcie_sys_clk_p (IN)
                         net (fo=0)                   0.000    10.000    pcie_sys_clk_p
    GTYE4_COMMON_X0Y0    IBUFDS_GTE4 (Prop_IBUFDS0_GTYE4_GTYE4_COMMON_I_ODIV2)
                                                      0.122    10.122 r  u_refclk_ibuf/ODIV2
                         net (fo=2, routed)           0.083    10.205    u_xdma/inst/pcie4_ip_i/inst/sys_clk
    BUFG_GT_X0Y23        BUFG_GT (Prop_BUFG_GT_I_O)
                                                      0.122    10.327 r  u_xdma/inst/pcie4_ip_i/inst/bufg_gt_sysclk/O
    X2Y1 (CLOCK_ROOT)    net (fo=1779, routed)        1.793    12.120    u_xdma/inst/pcie4_ip_i/inst/xdma_0_pcie4_ip_gt_top_i/diablo_gt.diablo_gt_phy_wrapper/gt_wizard.gtwizard_top_i/xdma_0_pcie4_ip_gt_i/inst/gen_gtwizard_gtye4_top.xdma_0_pcie4_ip_gt_gtwizard_gtye4_inst/gen_gtwizard_gtye4.gen_cpll_cal_gtye4.gen_cpll_cal_inst[1].gen_inst_cpll_cal.gtwizard_ultrascale_v1_7_22_gtye4_cpll_cal_inst/gtwizard_ultrascale_v1_7_22_gtye4_cpll_cal_tx_i/drpclk_common_in[0]
    SLICE_X109Y20        FDRE                                         r  u_xdma/inst/pcie4_ip_i/inst/xdma_0_pcie4_ip_gt_top_i/diablo_gt.diablo_gt_phy_wrapper/gt_wizard.gtwizard_top_i/xdma_0_pcie4_ip_gt_i/inst/gen_gtwizard_gtye4_top.xdma_0_pcie4_ip_gt_gtwizard_gtye4_inst/gen_gtwizard_gtye4.gen_cpll_cal_gtye4.gen_cpll_cal_inst[1].gen_inst_cpll_cal.gtwizard_ultrascale_v1_7_22_gtye4_cpll_cal_inst/gtwizard_ultrascale_v1_7_22_gtye4_cpll_cal_tx_i/repeat_ctr_reg[2]/C
                         clock pessimism              0.504    12.624    
                         clock uncertainty           -0.035    12.588    
    SLICE_X109Y20        FDRE (Setup_BFF_SLICEM_C_CE)
                                                     -0.043    12.545    u_xdma/inst/pcie4_ip_i/inst/xdma_0_pcie4_ip_gt_top_i/diablo_gt.diablo_gt_phy_wrapper/gt_wizard.gtwizard_top_i/xdma_0_pcie4_ip_gt_i/inst/gen_gtwizard_gtye4_top.xdma_0_pcie4_ip_gt_gtwizard_gtye4_inst/gen_gtwizard_gtye4.gen_cpll_cal_gtye4.gen_cpll_cal_inst[1].gen_inst_cpll_cal.gtwizard_ultrascale_v1_7_22_gtye4_cpll_cal_inst/gtwizard_ultrascale_v1_7_22_gtye4_cpll_cal_tx_i/repeat_ctr_reg[2]
  -------------------------------------------------------------------
                         required time                         12.545    
                         arrival time                          -4.906    
  -------------------------------------------------------------------
                         slack                                  7.639    





Min Delay Paths
--------------------------------------------------------------------------------------
Slack (MET) :             0.010ns  (arrival time - required time)
  Source:                 u_xdma/inst/pcie4_ip_i/inst/xdma_0_pcie4_ip_gt_top_i/diablo_gt.diablo_gt_phy_wrapper/gt_wizard.gtwizard_top_i/xdma_0_pcie4_ip_gt_i/inst/gen_gtwizard_gtye4_top.xdma_0_pcie4_ip_gt_gtwizard_gtye4_inst/gen_gtwizard_gtye4.gen_cpll_cal_gtye4.gen_cpll_cal_inst[1].gen_inst_cpll_cal.gtwizard_ultrascale_v1_7_22_gtye4_cpll_cal_inst/gtwizard_ultrascale_v1_7_22_gtye4_cpll_cal_tx_i/di_msk_reg[1]/C
                            (rising edge-triggered cell FDRE clocked by pcie_ref_clk  {rise@0.000ns fall@5.000ns period=10.000ns})
  Destination:            u_xdma/inst/pcie4_ip_i/inst/xdma_0_pcie4_ip_gt_top_i/diablo_gt.diablo_gt_phy_wrapper/gt_wizard.gtwizard_top_i/xdma_0_pcie4_ip_gt_i/inst/gen_gtwizard_gtye4_top.xdma_0_pcie4_ip_gt_gtwizard_gtye4_inst/gen_gtwizard_gtye4.gen_cpll_cal_gtye4.gen_cpll_cal_inst[1].gen_inst_cpll_cal.gtwizard_ultrascale_v1_7_22_gtye4_cpll_cal_inst/gtwizard_ultrascale_v1_7_22_gtye4_cpll_cal_tx_i/di_reg[1]/D
                            (rising edge-triggered cell FDCE clocked by pcie_ref_clk  {rise@0.000ns fall@5.000ns period=10.000ns})
  Path Group:             pcie_ref_clk
  Path Type:              Hold (Min at Slow Process Corner)
  Requirement:            0.000ns  (pcie_ref_clk rise@0.000ns - pcie_ref_clk rise@0.000ns)
  Data Path Delay:        0.198ns  (logic 0.069ns (34.849%)  route 0.129ns (65.152%))
  Logic Levels:           0  
  Clock Path Skew:        0.134ns (DCD - SCD - CPR)
    Destination Clock Delay (DCD):    2.753ns
    Source Clock Delay      (SCD):    2.115ns
    Clock Pessimism Removal (CPR):    0.504ns
  Clock Net Delay (Source):      1.788ns (routing 0.667ns, distribution 1.121ns)
  Clock Net Delay (Destination): 2.056ns (routing 0.734ns, distribution 1.322ns)

    Location             Delay type                Incr(ns)  Path(ns)    Netlist Resource(s)
  -------------------------------------------------------------------    -------------------
                         (clock pcie_ref_clk rise edge)
                                                      0.000     0.000 r  
    GTYE4_COMMON_X0Y0                                 0.000     0.000 r  pcie_sys_clk_p (IN)
                         net (fo=0)                   0.000     0.000    pcie_sys_clk_p
    GTYE4_COMMON_X0Y0    IBUFDS_GTE4 (Prop_IBUFDS0_GTYE4_GTYE4_COMMON_I_ODIV2)
                                                      0.122     0.122 r  u_refclk_ibuf/ODIV2
                         net (fo=2, routed)           0.083     0.205    u_xdma/inst/pcie4_ip_i/inst/sys_clk
    BUFG_GT_X0Y23        BUFG_GT (Prop_BUFG_GT_I_O)
                                                      0.122     0.327 r  u_xdma/inst/pcie4_ip_i/inst/bufg_gt_sysclk/O
    X2Y1 (CLOCK_ROOT)    net (fo=1779, routed)        1.788     2.115    u_xdma/inst/pcie4_ip_i/inst/xdma_0_pcie4_ip_gt_top_i/diablo_gt.diablo_gt_phy_wrapper/gt_wizard.gtwizard_top_i/xdma_0_pcie4_ip_gt_i/inst/gen_gtwizard_gtye4_top.xdma_0_pcie4_ip_gt_gtwizard_gtye4_inst/gen_gtwizard_gtye4.gen_cpll_cal_gtye4.gen_cpll_cal_inst[1].gen_inst_cpll_cal.gtwizard_ultrascale_v1_7_22_gtye4_cpll_cal_inst/gtwizard_ultrascale_v1_7_22_gtye4_cpll_cal_tx_i/drpclk_common_in[0]
    SLICE_X109Y24        FDRE                                         r  u_xdma/inst/pcie4_ip_i/inst/xdma_0_pcie4_ip_gt_top_i/diablo_gt.diablo_gt_phy_wrapper/gt_wizard.gtwizard_top_i/xdma_0_pcie4_ip_gt_i/inst/gen_gtwizard_gtye4_top.xdma_0_pcie4_ip_gt_gtwizard_gtye4_inst/gen_gtwizard_gtye4.gen_cpll_cal_gtye4.gen_cpll_cal_inst[1].gen_inst_cpll_cal.gtwizard_ultrascale_v1_7_22_gtye4_cpll_cal_inst/gtwizard_ultrascale_v1_7_22_gtye4_cpll_cal_tx_i/di_msk_reg[1]/C
  -------------------------------------------------------------------    -------------------
    SLICE_X109Y24        FDRE (Prop_BFF_SLICEM_C_Q)
                                                      0.069     2.184 r  u_xdma/inst/pcie4_ip_i/inst/xdma_0_pcie4_ip_gt_top_i/diablo_gt.diablo_gt_phy_wrapper/gt_wizard.gtwizard_top_i/xdma_0_pcie4_ip_gt_i/inst/gen_gtwizard_gtye4_top.xdma_0_pcie4_ip_gt_gtwizard_gtye4_inst/gen_gtwizard_gtye4.gen_cpll_cal_gtye4.gen_cpll_cal_inst[1].gen_inst_cpll_cal.gtwizard_ultrascale_v1_7_22_gtye4_cpll_cal_inst/gtwizard_ultrascale_v1_7_22_gtye4_cpll_cal_tx_i/di_msk_reg[1]/Q
                         net (fo=1, routed)           0.129     2.313    u_xdma/inst/pcie4_ip_i/inst/xdma_0_pcie4_ip_gt_top_i/diablo_gt.diablo_gt_phy_wrapper/gt_wizard.gtwizard_top_i/xdma_0_pcie4_ip_gt_i/inst/gen_gtwizard_gtye4_top.xdma_0_pcie4_ip_gt_gtwizard_gtye4_inst/gen_gtwizard_gtye4.gen_cpll_cal_gtye4.gen_cpll_cal_inst[1].gen_inst_cpll_cal.gtwizard_ultrascale_v1_7_22_gtye4_cpll_cal_inst/gtwizard_ultrascale_v1_7_22_gtye4_cpll_cal_tx_i/di_msk_reg_n_0_[1]
    SLICE_X110Y23        FDCE                                         r  u_xdma/inst/pcie4_ip_i/inst/xdma_0_pcie4_ip_gt_top_i/diablo_gt.diablo_gt_phy_wrapper/gt_wizard.gtwizard_top_i/xdma_0_pcie4_ip_gt_i/inst/gen_gtwizard_gtye4_top.xdma_0_pcie4_ip_gt_gtwizard_gtye4_inst/gen_gtwizard_gtye4.gen_cpll_cal_gtye4.gen_cpll_cal_inst[1].gen_inst_cpll_cal.gtwizard_ultrascale_v1_7_22_gtye4_cpll_cal_inst/gtwizard_ultrascale_v1_7_22_gtye4_cpll_cal_tx_i/di_reg[1]/D
  -------------------------------------------------------------------    -------------------

                         (clock pcie_ref_clk rise edge)
                                                      0.000     0.000 r  
    GTYE4_COMMON_X0Y0                                 0.000     0.000 r  pcie_sys_clk_p (IN)
                         net (fo=0)                   0.000     0.000    pcie_sys_clk_p
    GTYE4_COMMON_X0Y0    IBUFDS_GTE4 (Prop_IBUFDS0_GTYE4_GTYE4_COMMON_I_ODIV2)
                                                      0.467     0.467 r  u_refclk_ibuf/ODIV2
                         net (fo=2, routed)           0.091     0.558    u_xdma/inst/pcie4_ip_i/inst/sys_clk
    BUFG_GT_X0Y23        BUFG_GT (Prop_BUFG_GT_I_O)
                                                      0.139     0.697 r  u_xdma/inst/pcie4_ip_i/inst/bufg_gt_sysclk/O
    X2Y1 (CLOCK_ROOT)    net (fo=1779, routed)        2.056     2.753    u_xdma/inst/pcie4_ip_i/inst/xdma_0_pcie4_ip_gt_top_i/diablo_gt.diablo_gt_phy_wrapper/gt_wizard.gtwizard_top_i/xdma_0_pcie4_ip_gt_i/inst/gen_gtwizard_gtye4_top.xdma_0_pcie4_ip_gt_gtwizard_gtye4_inst/gen_gtwizard_gtye4.gen_cpll_cal_gtye4.gen_cpll_cal_inst[1].gen_inst_cpll_cal.gtwizard_ultrascale_v1_7_22_gtye4_cpll_cal_inst/gtwizard_ultrascale_v1_7_22_gtye4_cpll_cal_tx_i/drpclk_common_in[0]
    SLICE_X110Y23        FDCE                                         r  u_xdma/inst/pcie4_ip_i/inst/xdma_0_pcie4_ip_gt_top_i/diablo_gt.diablo_gt_phy_wrapper/gt_wizard.gtwizard_top_i/xdma_0_pcie4_ip_gt_i/inst/gen_gtwizard_gtye4_top.xdma_0_pcie4_ip_gt_gtwizard_gtye4_inst/gen_gtwizard_gtye4.gen_cpll_cal_gtye4.gen_cpll_cal_inst[1].gen_inst_cpll_cal.gtwizard_ultrascale_v1_7_22_gtye4_cpll_cal_inst/gtwizard_ultrascale_v1_7_22_gtye4_cpll_cal_tx_i/di_reg[1]/C
                         clock pessimism             -0.504     2.249    
    SLICE_X110Y23        FDCE (Hold_CFF2_SLICEM_C_D)
                                                      0.054     2.303    u_xdma/inst/pcie4_ip_i/inst/xdma_0_pcie4_ip_gt_top_i/diablo_gt.diablo_gt_phy_wrapper/gt_wizard.gtwizard_top_i/xdma_0_pcie4_ip_gt_i/inst/gen_gtwizard_gtye4_top.xdma_0_pcie4_ip_gt_gtwizard_gtye4_inst/gen_gtwizard_gtye4.gen_cpll_cal_gtye4.gen_cpll_cal_inst[1].gen_inst_cpll_cal.gtwizard_ultrascale_v1_7_22_gtye4_cpll_cal_inst/gtwizard_ultrascale_v1_7_22_gtye4_cpll_cal_tx_i/di_reg[1]
  -------------------------------------------------------------------
                         required time                         -2.303    
                         arrival time                           2.313    
  -------------------------------------------------------------------
                         slack                                  0.010    





Pulse Width Checks
--------------------------------------------------------------------------------------
Clock Name:         pcie_ref_clk
Waveform(ns):       { 0.000 5.000 }
Period(ns):         10.000
Sources:            { pcie_sys_clk_p }

Check Type        Corner  Lib Pin               Reference Pin  Required(ns)  Actual(ns)  Slack(ns)  Location            Pin
Min Period        n/a     GTYE4_CHANNEL/DRPCLK  n/a            4.000         10.000      6.000      GTYE4_CHANNEL_X0Y0  u_xdma/inst/pcie4_ip_i/inst/xdma_0_pcie4_ip_gt_top_i/diablo_gt.diablo_gt_phy_wrapper/gt_wizard.gtwizard_top_i/xdma_0_pcie4_ip_gt_i/inst/gen_gtwizard_gtye4_top.xdma_0_pcie4_ip_gt_gtwizard_gtye4_inst/gen_gtwizard_gtye4.gen_channel_container[3].gen_enabled_channel.gtye4_channel_wrapper_inst/channel_inst/gtye4_channel_gen.gen_gtye4_channel_inst[0].GTYE4_CHANNEL_PRIM_INST/DRPCLK
Low Pulse Width   Slow    GTYE4_CHANNEL/DRPCLK  n/a            1.800         5.000       3.200      GTYE4_CHANNEL_X0Y0  u_xdma/inst/pcie4_ip_i/inst/xdma_0_pcie4_ip_gt_top_i/diablo_gt.diablo_gt_phy_wrapper/gt_wizard.gtwizard_top_i/xdma_0_pcie4_ip_gt_i/inst/gen_gtwizard_gtye4_top.xdma_0_pcie4_ip_gt_gtwizard_gtye4_inst/gen_gtwizard_gtye4.gen_channel_container[3].gen_enabled_channel.gtye4_channel_wrapper_inst/channel_inst/gtye4_channel_gen.gen_gtye4_channel_inst[0].GTYE4_CHANNEL_PRIM_INST/DRPCLK
High Pulse Width  Slow    GTYE4_CHANNEL/DRPCLK  n/a            1.800         5.000       3.200      GTYE4_CHANNEL_X0Y0  u_xdma/inst/pcie4_ip_i/inst/xdma_0_pcie4_ip_gt_top_i/diablo_gt.diablo_gt_phy_wrapper/gt_wizard.gtwizard_top_i/xdma_0_pcie4_ip_gt_i/inst/gen_gtwizard_gtye4_top.xdma_0_pcie4_ip_gt_gtwizard_gtye4_inst/gen_gtwizard_gtye4.gen_channel_container[3].gen_enabled_channel.gtye4_channel_wrapper_inst/channel_inst/gtye4_channel_gen.gen_gtye4_channel_inst[0].GTYE4_CHANNEL_PRIM_INST/DRPCLK



---------------------------------------------------------------------------------------------------
From Clock:  GTYE4_CHANNEL_TXOUTCLK[0]
  To Clock:  GTYE4_CHANNEL_TXOUTCLK[0]

Setup :           NA  Failing Endpoints,  Worst Slack           NA  ,  Total Violation           NA
Hold  :           NA  Failing Endpoints,  Worst Slack           NA  ,  Total Violation           NA
PW    :            0  Failing Endpoints,  Worst Slack        0.501ns,  Total Violation        0.000ns
---------------------------------------------------------------------------------------------------


Pulse Width Checks
--------------------------------------------------------------------------------------
Clock Name:         GTYE4_CHANNEL_TXOUTCLK[0]
Waveform(ns):       { 0.000 1.000 }
Period(ns):         2.000
Sources:            { u_xdma/inst/pcie4_ip_i/inst/xdma_0_pcie4_ip_gt_top_i/diablo_gt.diablo_gt_phy_wrapper/gt_wizard.gtwizard_top_i/xdma_0_pcie4_ip_gt_i/inst/gen_gtwizard_gtye4_top.xdma_0_pcie4_ip_gt_gtwizard_gtye4_inst/gen_gtwizard_gtye4.gen_channel_container[3].gen_enabled_channel.gtye4_channel_wrapper_inst/channel_inst/gtye4_channel_gen.gen_gtye4_channel_inst[0].GTYE4_CHANNEL_PRIM_INST/TXOUTCLK }

Check Type  Corner  Lib Pin    Reference Pin  Required(ns)  Actual(ns)  Slack(ns)  Location       Pin
Min Period  n/a     BUFG_GT/I  n/a            1.499         2.000       0.501      BUFG_GT_X0Y22  u_xdma/inst/pcie4_ip_i/inst/xdma_0_pcie4_ip_gt_top_i/diablo_gt.diablo_gt_phy_wrapper/gt_wizard.gtwizard_top_i/xdma_0_pcie4_ip_gt_i/inst/gen_gtwizard_gtye4_top.xdma_0_pcie4_ip_gt_gtwizard_gtye4_inst/gen_gtwizard_gtye4.gen_cpll_cal_gtye4.gen_cpll_cal_inst[0].gen_inst_cpll_cal.gtwizard_ultrascale_v1_7_22_gtye4_cpll_cal_inst/gtwizard_ultrascale_v1_7_22_gtye4_cpll_cal_tx_i/bufg_gt_txoutclkmon_inst/I



---------------------------------------------------------------------------------------------------
From Clock:  GTYE4_CHANNEL_TXOUTCLK[1]
  To Clock:  GTYE4_CHANNEL_TXOUTCLK[1]

Setup :           NA  Failing Endpoints,  Worst Slack           NA  ,  Total Violation           NA
Hold  :           NA  Failing Endpoints,  Worst Slack           NA  ,  Total Violation           NA
PW    :            0  Failing Endpoints,  Worst Slack        0.501ns,  Total Violation        0.000ns
---------------------------------------------------------------------------------------------------


Pulse Width Checks
--------------------------------------------------------------------------------------
Clock Name:         GTYE4_CHANNEL_TXOUTCLK[1]
Waveform(ns):       { 0.000 1.000 }
Period(ns):         2.000
Sources:            { u_xdma/inst/pcie4_ip_i/inst/xdma_0_pcie4_ip_gt_top_i/diablo_gt.diablo_gt_phy_wrapper/gt_wizard.gtwizard_top_i/xdma_0_pcie4_ip_gt_i/inst/gen_gtwizard_gtye4_top.xdma_0_pcie4_ip_gt_gtwizard_gtye4_inst/gen_gtwizard_gtye4.gen_channel_container[3].gen_enabled_channel.gtye4_channel_wrapper_inst/channel_inst/gtye4_channel_gen.gen_gtye4_channel_inst[1].GTYE4_CHANNEL_PRIM_INST/TXOUTCLK }

Check Type  Corner  Lib Pin    Reference Pin  Required(ns)  Actual(ns)  Slack(ns)  Location       Pin
Min Period  n/a     BUFG_GT/I  n/a            1.499         2.000       0.501      BUFG_GT_X0Y21  u_xdma/inst/pcie4_ip_i/inst/xdma_0_pcie4_ip_gt_top_i/diablo_gt.diablo_gt_phy_wrapper/gt_wizard.gtwizard_top_i/xdma_0_pcie4_ip_gt_i/inst/gen_gtwizard_gtye4_top.xdma_0_pcie4_ip_gt_gtwizard_gtye4_inst/gen_gtwizard_gtye4.gen_cpll_cal_gtye4.gen_cpll_cal_inst[1].gen_inst_cpll_cal.gtwizard_ultrascale_v1_7_22_gtye4_cpll_cal_inst/gtwizard_ultrascale_v1_7_22_gtye4_cpll_cal_tx_i/bufg_gt_txoutclkmon_inst/I



---------------------------------------------------------------------------------------------------
From Clock:  GTYE4_CHANNEL_TXOUTCLK[2]
  To Clock:  GTYE4_CHANNEL_TXOUTCLK[2]

Setup :           NA  Failing Endpoints,  Worst Slack           NA  ,  Total Violation           NA
Hold  :           NA  Failing Endpoints,  Worst Slack           NA  ,  Total Violation           NA
PW    :            0  Failing Endpoints,  Worst Slack        0.501ns,  Total Violation        0.000ns
---------------------------------------------------------------------------------------------------


Pulse Width Checks
--------------------------------------------------------------------------------------
Clock Name:         GTYE4_CHANNEL_TXOUTCLK[2]
Waveform(ns):       { 0.000 1.000 }
Period(ns):         2.000
Sources:            { u_xdma/inst/pcie4_ip_i/inst/xdma_0_pcie4_ip_gt_top_i/diablo_gt.diablo_gt_phy_wrapper/gt_wizard.gtwizard_top_i/xdma_0_pcie4_ip_gt_i/inst/gen_gtwizard_gtye4_top.xdma_0_pcie4_ip_gt_gtwizard_gtye4_inst/gen_gtwizard_gtye4.gen_channel_container[3].gen_enabled_channel.gtye4_channel_wrapper_inst/channel_inst/gtye4_channel_gen.gen_gtye4_channel_inst[2].GTYE4_CHANNEL_PRIM_INST/TXOUTCLK }

Check Type  Corner  Lib Pin    Reference Pin  Required(ns)  Actual(ns)  Slack(ns)  Location       Pin
Min Period  n/a     BUFG_GT/I  n/a            1.499         2.000       0.501      BUFG_GT_X0Y20  u_xdma/inst/pcie4_ip_i/inst/xdma_0_pcie4_ip_gt_top_i/diablo_gt.diablo_gt_phy_wrapper/gt_wizard.gtwizard_top_i/xdma_0_pcie4_ip_gt_i/inst/gen_gtwizard_gtye4_top.xdma_0_pcie4_ip_gt_gtwizard_gtye4_inst/gen_gtwizard_gtye4.gen_cpll_cal_gtye4.gen_cpll_cal_inst[2].gen_inst_cpll_cal.gtwizard_ultrascale_v1_7_22_gtye4_cpll_cal_inst/gtwizard_ultrascale_v1_7_22_gtye4_cpll_cal_tx_i/bufg_gt_txoutclkmon_inst/I



---------------------------------------------------------------------------------------------------
From Clock:  GTYE4_CHANNEL_TXOUTCLK[3]
  To Clock:  GTYE4_CHANNEL_TXOUTCLK[3]

Setup :           NA  Failing Endpoints,  Worst Slack           NA  ,  Total Violation           NA
Hold  :           NA  Failing Endpoints,  Worst Slack           NA  ,  Total Violation           NA
PW    :            0  Failing Endpoints,  Worst Slack        0.501ns,  Total Violation        0.000ns
---------------------------------------------------------------------------------------------------


Pulse Width Checks
--------------------------------------------------------------------------------------
Clock Name:         GTYE4_CHANNEL_TXOUTCLK[3]
Waveform(ns):       { 0.000 1.000 }
Period(ns):         2.000
Sources:            { u_xdma/inst/pcie4_ip_i/inst/xdma_0_pcie4_ip_gt_top_i/diablo_gt.diablo_gt_phy_wrapper/gt_wizard.gtwizard_top_i/xdma_0_pcie4_ip_gt_i/inst/gen_gtwizard_gtye4_top.xdma_0_pcie4_ip_gt_gtwizard_gtye4_inst/gen_gtwizard_gtye4.gen_channel_container[3].gen_enabled_channel.gtye4_channel_wrapper_inst/channel_inst/gtye4_channel_gen.gen_gtye4_channel_inst[3].GTYE4_CHANNEL_PRIM_INST/TXOUTCLK }

Check Type  Corner  Lib Pin    Reference Pin  Required(ns)  Actual(ns)  Slack(ns)  Location       Pin
Min Period  n/a     BUFG_GT/I  n/a            1.499         2.000       0.501      BUFG_GT_X0Y19  u_xdma/inst/pcie4_ip_i/inst/xdma_0_pcie4_ip_gt_top_i/diablo_gt.diablo_gt_phy_wrapper/gt_wizard.gtwizard_top_i/xdma_0_pcie4_ip_gt_i/inst/gen_gtwizard_gtye4_top.xdma_0_pcie4_ip_gt_gtwizard_gtye4_inst/gen_gtwizard_gtye4.gen_cpll_cal_gtye4.gen_cpll_cal_inst[3].gen_inst_cpll_cal.gtwizard_ultrascale_v1_7_22_gtye4_cpll_cal_inst/gtwizard_ultrascale_v1_7_22_gtye4_cpll_cal_tx_i/bufg_gt_txoutclkmon_inst/I



---------------------------------------------------------------------------------------------------
From Clock:  axi_aclk
  To Clock:  axi_aclk

Setup :            0  Failing Endpoints,  Worst Slack        0.674ns,  Total Violation        0.000ns
Hold  :            0  Failing Endpoints,  Worst Slack        0.010ns,  Total Violation        0.000ns
PW    :            0  Failing Endpoints,  Worst Slack        0.207ns,  Total Violation        0.000ns
---------------------------------------------------------------------------------------------------


Max Delay Paths
--------------------------------------------------------------------------------------
Slack (MET) :             0.674ns  (required time - arrival time)
  Source:                 u_xdma/inst/udma_wrapper/dma_top/user_rst_n_3ff_reg[0]_rep__0/C
                            (rising edge-triggered cell FDCE clocked by axi_aclk  {rise@0.000ns fall@2.000ns period=4.000ns})
  Destination:            u_xdma/inst/udma_wrapper/dma_top/axi4mm_bridge_top_inst/axi4mm_axi_mm_master_top_inst/axi4mm_axi_str_masterbridge_wrrd_inst/tlpaddrl_ff_reg[18]/R
                            (rising edge-triggered cell FDRE clocked by axi_aclk  {rise@0.000ns fall@2.000ns period=4.000ns})
  Path Group:             axi_aclk
  Path Type:              Setup (Max at Slow Process Corner)
  Requirement:            4.000ns  (axi_aclk rise@4.000ns - axi_aclk rise@0.000ns)
  Data Path Delay:        3.138ns  (logic 0.096ns (3.059%)  route 3.042ns (96.941%))
  Logic Levels:           0  
  Clock Path Skew:        -0.069ns (DCD - SCD + CPR)
    Destination Clock Delay (DCD):    1.604ns = ( 5.604 - 4.000 ) 
    Source Clock Delay      (SCD):    1.793ns
    Clock Pessimism Removal (CPR):    0.119ns
  Clock Uncertainty:      0.046ns  ((TSJ^2 + DJ^2)^1/2) / 2 + PE
    Total System Jitter     (TSJ):    0.071ns
    Discrete Jitter          (DJ):    0.060ns
    Phase Error              (PE):    0.000ns
  Clock Net Delay (Source):      1.564ns (routing 0.527ns, distribution 1.037ns)
  Clock Net Delay (Destination): 1.400ns (routing 0.479ns, distribution 0.921ns)

    Location             Delay type                Incr(ns)  Path(ns)    Netlist Resource(s)
  -------------------------------------------------------------------    -------------------
                         (clock axi_aclk rise edge)
                                                      0.000     0.000 r  
    GTYE4_CHANNEL_X0Y3   GTYE4_CHANNEL                0.000     0.000 r  u_xdma/inst/pcie4_ip_i/inst/xdma_0_pcie4_ip_gt_top_i/diablo_gt.diablo_gt_phy_wrapper/gt_wizard.gtwizard_top_i/xdma_0_pcie4_ip_gt_i/inst/gen_gtwizard_gtye4_top.xdma_0_pcie4_ip_gt_gtwizard_gtye4_inst/gen_gtwizard_gtye4.gen_channel_container[3].gen_enabled_channel.gtye4_channel_wrapper_inst/channel_inst/gtye4_channel_gen.gen_gtye4_channel_inst[3].GTYE4_CHANNEL_PRIM_INST/TXOUTCLK
                         net (fo=6, routed)           0.090     0.090    u_xdma/inst/pcie4_ip_i/inst/xdma_0_pcie4_ip_gt_top_i/diablo_gt.diablo_gt_phy_wrapper/phy_clk_i/CLK_TXOUTCLK
    BUFG_GT_X0Y18        BUFG_GT (Prop_BUFG_GT_I_O)
                                                      0.139     0.229 r  u_xdma/inst/pcie4_ip_i/inst/xdma_0_pcie4_ip_gt_top_i/diablo_gt.diablo_gt_phy_wrapper/phy_clk_i/bufg_gt_coreclk/O
    X2Y0 (CLOCK_ROOT)    net (fo=15802, routed)       1.564     1.793    u_xdma/inst/udma_wrapper/dma_top/user_clk
    SLICE_X99Y25         FDCE                                         r  u_xdma/inst/udma_wrapper/dma_top/user_rst_n_3ff_reg[0]_rep__0/C
  -------------------------------------------------------------------    -------------------
    SLICE_X99Y25         FDCE (Prop_EFF_SLICEL_C_Q)
                                                      0.096     1.889 f  u_xdma/inst/udma_wrapper/dma_top/user_rst_n_3ff_reg[0]_rep__0/Q
                         net (fo=153, routed)         3.042     4.931    u_xdma/inst/udma_wrapper/dma_top/axi4mm_bridge_top_inst/axi4mm_axi_mm_master_top_inst/axi4mm_axi_str_masterbridge_wrrd_inst/wdata_ff_reg[127]_0[0]
    SLICE_X105Y34        FDRE                                         r  u_xdma/inst/udma_wrapper/dma_top/axi4mm_bridge_top_inst/axi4mm_axi_mm_master_top_inst/axi4mm_axi_str_masterbridge_wrrd_inst/tlpaddrl_ff_reg[18]/R  (IS_INVERTED)
  -------------------------------------------------------------------    -------------------

                         (clock axi_aclk rise edge)
                                                      4.000     4.000 r  
    GTYE4_CHANNEL_X0Y3   GTYE4_CHANNEL                0.000     4.000 r  u_xdma/inst/pcie4_ip_i/inst/xdma_0_pcie4_ip_gt_top_i/diablo_gt.diablo_gt_phy_wrapper/gt_wizard.gtwizard_top_i/xdma_0_pcie4_ip_gt_i/inst/gen_gtwizard_gtye4_top.xdma_0_pcie4_ip_gt_gtwizard_gtye4_inst/gen_gtwizard_gtye4.gen_channel_container[3].gen_enabled_channel.gtye4_channel_wrapper_inst/channel_inst/gtye4_channel_gen.gen_gtye4_channel_inst[3].GTYE4_CHANNEL_PRIM_INST/TXOUTCLK
                         net (fo=6, routed)           0.082     4.082    u_xdma/inst/pcie4_ip_i/inst/xdma_0_pcie4_ip_gt_top_i/diablo_gt.diablo_gt_phy_wrapper/phy_clk_i/CLK_TXOUTCLK
    BUFG_GT_X0Y18        BUFG_GT (Prop_BUFG_GT_I_O)
                                                      0.122     4.204 r  u_xdma/inst/pcie4_ip_i/inst/xdma_0_pcie4_ip_gt_top_i/diablo_gt.diablo_gt_phy_wrapper/phy_clk_i/bufg_gt_coreclk/O
    X2Y0 (CLOCK_ROOT)    net (fo=15802, routed)       1.400     5.604    u_xdma/inst/udma_wrapper/dma_top/axi4mm_bridge_top_inst/axi4mm_axi_mm_master_top_inst/axi4mm_axi_str_masterbridge_wrrd_inst/user_clk
    SLICE_X105Y34        FDRE                                         r  u_xdma/inst/udma_wrapper/dma_top/axi4mm_bridge_top_inst/axi4mm_axi_mm_master_top_inst/axi4mm_axi_str_masterbridge_wrrd_inst/tlpaddrl_ff_reg[18]/C
                         clock pessimism              0.119     5.724    
                         clock uncertainty           -0.046     5.677    
    SLICE_X105Y34        FDRE (Setup_DFF_SLICEL_C_R)
                                                     -0.072     5.605    u_xdma/inst/udma_wrapper/dma_top/axi4mm_bridge_top_inst/axi4mm_axi_mm_master_top_inst/axi4mm_axi_str_masterbridge_wrrd_inst/tlpaddrl_ff_reg[18]
  -------------------------------------------------------------------
                         required time                          5.605    
                         arrival time                          -4.931    
  -------------------------------------------------------------------
                         slack                                  0.674    





Min Delay Paths
--------------------------------------------------------------------------------------
Slack (MET) :             0.010ns  (arrival time - required time)
  Source:                 u_xdma/inst/udma_wrapper/dma_top/dma_pcie_req/dma_pcie_rq/wtlp_hdr_500_reg[58]/C
                            (rising edge-triggered cell FDRE clocked by axi_aclk  {rise@0.000ns fall@2.000ns period=4.000ns})
  Destination:            u_xdma/inst/udma_wrapper/dma_top/dma_pcie_req/dma_pcie_rq/WTLP_HDR_FIFO/MemArray_reg_0_7_56_69/RAMB/I
                            (rising edge-triggered cell RAMD32 clocked by axi_aclk  {rise@0.000ns fall@2.000ns period=4.000ns})
  Path Group:             axi_aclk
  Path Type:              Hold (Min at Slow Process Corner)
  Requirement:            0.000ns  (axi_aclk rise@0.000ns - axi_aclk rise@0.000ns)
  Data Path Delay:        0.218ns  (logic 0.070ns (32.110%)  route 0.148ns (67.890%))
  Logic Levels:           0  
  Clock Path Skew:        0.126ns (DCD - SCD - CPR)
    Destination Clock Delay (DCD):    1.795ns
    Source Clock Delay      (SCD):    1.549ns
    Clock Pessimism Removal (CPR):    0.120ns
  Clock Net Delay (Source):      1.345ns (routing 0.479ns, distribution 0.866ns)
  Clock Net Delay (Destination): 1.566ns (routing 0.527ns, distribution 1.039ns)

    Location             Delay type                Incr(ns)  Path(ns)    Netlist Resource(s)
  -------------------------------------------------------------------    -------------------
                         (clock axi_aclk rise edge)
                                                      0.000     0.000 r  
    GTYE4_CHANNEL_X0Y3   GTYE4_CHANNEL                0.000     0.000 r  u_xdma/inst/pcie4_ip_i/inst/xdma_0_pcie4_ip_gt_top_i/diablo_gt.diablo_gt_phy_wrapper/gt_wizard.gtwizard_top_i/xdma_0_pcie4_ip_gt_i/inst/gen_gtwizard_gtye4_top.xdma_0_pcie4_ip_gt_gtwizard_gtye4_inst/gen_gtwizard_gtye4.gen_channel_container[3].gen_enabled_channel.gtye4_channel_wrapper_inst/channel_inst/gtye4_channel_gen.gen_gtye4_channel_inst[3].GTYE4_CHANNEL_PRIM_INST/TXOUTCLK
                         net (fo=6, routed)           0.082     0.082    u_xdma/inst/pcie4_ip_i/inst/xdma_0_pcie4_ip_gt_top_i/diablo_gt.diablo_gt_phy_wrapper/phy_clk_i/CLK_TXOUTCLK
    BUFG_GT_X0Y18        BUFG_GT (Prop_BUFG_GT_I_O)
                                                      0.122     0.204 r  u_xdma/inst/pcie4_ip_i/inst/xdma_0_pcie4_ip_gt_top_i/diablo_gt.diablo_gt_phy_wrapper/phy_clk_i/bufg_gt_coreclk/O
    X2Y0 (CLOCK_ROOT)    net (fo=15802, routed)       1.345     1.549    u_xdma/inst/udma_wrapper/dma_top/dma_pcie_req/dma_pcie_rq/user_clk
    SLICE_X96Y39         FDRE                                         r  u_xdma/inst/udma_wrapper/dma_top/dma_pcie_req/dma_pcie_rq/wtlp_hdr_500_reg[58]/C
  -------------------------------------------------------------------    -------------------
    SLICE_X96Y39         FDRE (Prop_GFF_SLICEM_C_Q)
                                                      0.070     1.619 r  u_xdma/inst/udma_wrapper/dma_top/dma_pcie_req/dma_pcie_rq/wtlp_hdr_500_reg[58]/Q
                         net (fo=1, routed)           0.148     1.767    u_xdma/inst/udma_wrapper/dma_top/dma_pcie_req/dma_pcie_rq/WTLP_HDR_FIFO/MemArray_reg_0_7_56_69/DIB0
    SLICE_X95Y38         RAMD32                                       r  u_xdma/inst/udma_wrapper/dma_top/dma_pcie_req/dma_pcie_rq/WTLP_HDR_FIFO/MemArray_reg_0_7_56_69/RAMB/I
  -------------------------------------------------------------------    -------------------

                         (clock axi_aclk rise edge)
                                                      0.000     0.000 r  
    GTYE4_CHANNEL_X0Y3   GTYE4_CHANNEL                0.000     0.000 r  u_xdma/inst/pcie4_ip_i/inst/xdma_0_pcie4_ip_gt_top_i/diablo_gt.diablo_gt_phy_wrapper/gt_wizard.gtwizard_top_i/xdma_0_pcie4_ip_gt_i/inst/gen_gtwizard_gtye4_top.xdma_0_pcie4_ip_gt_gtwizard_gtye4_inst/gen_gtwizard_gtye4.gen_channel_container[3].gen_enabled_channel.gtye4_channel_wrapper_inst/channel_inst/gtye4_channel_gen.gen_gtye4_channel_inst[3].GTYE4_CHANNEL_PRIM_INST/TXOUTCLK
                         net (fo=6, routed)           0.090     0.090    u_xdma/inst/pcie4_ip_i/inst/xdma_0_pcie4_ip_gt_top_i/diablo_gt.diablo_gt_phy_wrapper/phy_clk_i/CLK_TXOUTCLK
    BUFG_GT_X0Y18        BUFG_GT (Prop_BUFG_GT_I_O)
                                                      0.139     0.229 r  u_xdma/inst/pcie4_ip_i/inst/xdma_0_pcie4_ip_gt_top_i/diablo_gt.diablo_gt_phy_wrapper/phy_clk_i/bufg_gt_coreclk/O
    X2Y0 (CLOCK_ROOT)    net (fo=15802, routed)       1.566     1.795    u_xdma/inst/udma_wrapper/dma_top/dma_pcie_req/dma_pcie_rq/WTLP_HDR_FIFO/MemArray_reg_0_7_56_69/WCLK
    SLICE_X95Y38         RAMD32                                       r  u_xdma/inst/udma_wrapper/dma_top/dma_pcie_req/dma_pcie_rq/WTLP_HDR_FIFO/MemArray_reg_0_7_56_69/RAMB/CLK
                         clock pessimism             -0.120     1.675    
    SLICE_X95Y38         RAMD32 (Hold_B5LUT_SLICEM_CLK_I)
                                                      0.082     1.757    u_xdma/inst/udma_wrapper/dma_top/dma_pcie_req/dma_pcie_rq/WTLP_HDR_FIFO/MemArray_reg_0_7_56_69/RAMB
  -------------------------------------------------------------------
                         required time                         -1.757    
                         arrival time                           1.767    
  -------------------------------------------------------------------
                         slack                                  0.010    





Pulse Width Checks
--------------------------------------------------------------------------------------
Clock Name:         axi_aclk
Waveform(ns):       { 0.000 2.000 }
Period(ns):         4.000
Sources:            { u_xdma/inst/pcie4_ip_i/inst/xdma_0_pcie4_ip_gt_top_i/diablo_gt.diablo_gt_phy_wrapper/phy_clk_i/bufg_gt_coreclk/O }

Check Type        Corner  Lib Pin                       Reference Pin     Required(ns)  Actual(ns)  Slack(ns)  Location       Pin
Min Period        n/a     PCIE40E4/CORECLK              n/a               2.000         4.000       2.000      PCIE40E4_X0Y0  u_xdma/inst/pcie4_ip_i/inst/xdma_0_pcie4_ip_pcie_4_0_pipe_inst/pcie_4_0_e4_inst/CORECLK
Low Pulse Width   Slow    RAMD32/CLK                    n/a               0.573         2.000       1.427      SLICE_X101Y34  u_xdma/inst/udma_wrapper/dma_top/axi4mm_axi_mm_master_top_inst/axi4mm_axi_str_masterbr_rdtlp_inst/rdtlpfbeq_reg_0_7_0_3/RAMA/CLK
High Pulse Width  Slow    RAMD32/CLK                    n/a               0.573         2.000       1.427      SLICE_X101Y34  u_xdma/inst/udma_wrapper/dma_top/axi4mm_axi_mm_master_top_inst/axi4mm_axi_str_masterbr_rdtlp_inst/rdtlpfbeq_reg_0_7_0_3/RAMA/CLK
Max Skew          Fast    PCIE40E4/CORECLKMIREPLAYRAM0  PCIE40E4/CORECLK  0.281         0.074       0.207      PCIE40E4_X0Y0  u_xdma/inst/pcie4_ip_i/inst/xdma_0_pcie4_ip_pcie_4_0_pipe_inst/pcie_4_0_e4_inst/CORECLKMIREPLAYRAM0



---------------------------------------------------------------------------------------------------
From Clock:  pipe_clk
  To Clock:  pipe_clk

Setup :            0  Failing Endpoints,  Worst Slack        1.330ns,  Total Violation        0.000ns
Hold  :            0  Failing Endpoints,  Worst Slack        0.001ns,  Total Violation        0.000ns
PW    :            0  Failing Endpoints,  Worst Slack        0.000ns,  Total Violation        0.000ns
---------------------------------------------------------------------------------------------------


Max Delay Paths
--------------------------------------------------------------------------------------
Slack (MET) :             1.330ns  (required time - arrival time)
  Source:                 u_xdma/inst/pcie4_ip_i/inst/xdma_0_pcie4_ip_gt_top_i/diablo_gt.diablo_gt_phy_wrapper/phy_rst_i/prst_n_r_rep_reg/C
                            (rising edge-triggered cell FDRE clocked by pipe_clk  {rise@0.000ns fall@2.000ns period=4.000ns})
  Destination:            u_xdma/inst/pcie4_ip_i/inst/xdma_0_pcie4_ip_gt_top_i/diablo_gt.diablo_gt_phy_wrapper/phy_lane[3].phy_txeq_i/coeff_reg[6]/D
                            (rising edge-triggered cell FDRE clocked by pipe_clk  {rise@0.000ns fall@2.000ns period=4.000ns})
  Path Group:             pipe_clk
  Path Type:              Setup (Max at Slow Process Corner)
  Requirement:            4.000ns  (pipe_clk rise@4.000ns - pipe_clk rise@0.000ns)
  Data Path Delay:        2.542ns  (logic 0.390ns (15.342%)  route 2.152ns (84.658%))
  Logic Levels:           2  (LUT3=1 LUT6=1)
  Clock Path Skew:        -0.109ns (DCD - SCD + CPR)
    Destination Clock Delay (DCD):    1.640ns = ( 5.640 - 4.000 ) 
    Source Clock Delay      (SCD):    1.868ns
    Clock Pessimism Removal (CPR):    0.119ns
  Clock Uncertainty:      0.046ns  ((TSJ^2 + DJ^2)^1/2) / 2 + PE
    Total System Jitter     (TSJ):    0.071ns
    Discrete Jitter          (DJ):    0.060ns
    Phase Error              (PE):    0.000ns
  Clock Net Delay (Source):      1.639ns (routing 0.527ns, distribution 1.112ns)
  Clock Net Delay (Destination): 1.436ns (routing 0.479ns, distribution 0.957ns)

    Location             Delay type                Incr(ns)  Path(ns)    Netlist Resource(s)
  -------------------------------------------------------------------    -------------------
                         (clock pipe_clk rise edge)
                                                      0.000     0.000 r  
    GTYE4_CHANNEL_X0Y3   GTYE4_CHANNEL                0.000     0.000 r  u_xdma/inst/pcie4_ip_i/inst/xdma_0_pcie4_ip_gt_top_i/diablo_gt.diablo_gt_phy_wrapper/gt_wizard.gtwizard_top_i/xdma_0_pcie4_ip_gt_i/inst/gen_gtwizard_gtye4_top.xdma_0_pcie4_ip_gt_gtwizard_gtye4_inst/gen_gtwizard_gtye4.gen_channel_container[3].gen_enabled_channel.gtye4_channel_wrapper_inst/channel_inst/gtye4_channel_gen.gen_gtye4_channel_inst[3].GTYE4_CHANNEL_PRIM_INST/TXOUTCLK
                         net (fo=6, routed)           0.090     0.090    u_xdma/inst/pcie4_ip_i/inst/xdma_0_pcie4_ip_gt_top_i/diablo_gt.diablo_gt_phy_wrapper/phy_clk_i/CLK_TXOUTCLK
    BUFG_GT_X0Y15        BUFG_GT (Prop_BUFG_GT_I_O)
                                                      0.139     0.229 r  u_xdma/inst/pcie4_ip_i/inst/xdma_0_pcie4_ip_gt_top_i/diablo_gt.diablo_gt_phy_wrapper/phy_clk_i/bufg_gt_pclk/O
    X2Y0 (CLOCK_ROOT)    net (fo=1138, routed)        1.639     1.868    u_xdma/inst/pcie4_ip_i/inst/xdma_0_pcie4_ip_gt_top_i/diablo_gt.diablo_gt_phy_wrapper/phy_rst_i/CLK_PCLK2_GT
    SLICE_X109Y53        FDRE                                         r  u_xdma/inst/pcie4_ip_i/inst/xdma_0_pcie4_ip_gt_top_i/diablo_gt.diablo_gt_phy_wrapper/phy_rst_i/prst_n_r_rep_reg/C
  -------------------------------------------------------------------    -------------------
    SLICE_X109Y53        FDRE (Prop_EFF_SLICEM_C_Q)
                                                      0.093     1.961 r  u_xdma/inst/pcie4_ip_i/inst/xdma_0_pcie4_ip_gt_top_i/diablo_gt.diablo_gt_phy_wrapper/phy_rst_i/prst_n_r_rep_reg/Q
                         net (fo=208, routed)         1.838     3.799    u_xdma/inst/pcie4_ip_i/inst/xdma_0_pcie4_ip_gt_top_i/diablo_gt.diablo_gt_phy_wrapper/phy_lane[3].phy_txeq_i/prst_n_r_rep
    SLICE_X106Y6         LUT3 (Prop_D6LUT_SLICEM_I2_O)
                                                      0.147     3.946 r  u_xdma/inst/pcie4_ip_i/inst/xdma_0_pcie4_ip_gt_top_i/diablo_gt.diablo_gt_phy_wrapper/phy_lane[3].phy_txeq_i/coeff[13]_i_2__2/O
                         net (fo=4, routed)           0.244     4.190    u_xdma/inst/pcie4_ip_i/inst/xdma_0_pcie4_ip_gt_top_i/diablo_gt.diablo_gt_phy_wrapper/phy_lane[3].phy_txeq_i/coeff[13]_i_2__2_n_0
    SLICE_X107Y7         LUT6 (Prop_B6LUT_SLICEM_I5_O)
                                                      0.150     4.340 r  u_xdma/inst/pcie4_ip_i/inst/xdma_0_pcie4_ip_gt_top_i/diablo_gt.diablo_gt_phy_wrapper/phy_lane[3].phy_txeq_i/coeff[6]_i_1__2/O
                         net (fo=1, routed)           0.070     4.410    u_xdma/inst/pcie4_ip_i/inst/xdma_0_pcie4_ip_gt_top_i/diablo_gt.diablo_gt_phy_wrapper/phy_lane[3].phy_txeq_i/coeff[6]_i_1__2_n_0
    SLICE_X107Y7         FDRE                                         r  u_xdma/inst/pcie4_ip_i/inst/xdma_0_pcie4_ip_gt_top_i/diablo_gt.diablo_gt_phy_wrapper/phy_lane[3].phy_txeq_i/coeff_reg[6]/D
  -------------------------------------------------------------------    -------------------

                         (clock pipe_clk rise edge)
                                                      4.000     4.000 r  
    GTYE4_CHANNEL_X0Y3   GTYE4_CHANNEL                0.000     4.000 r  u_xdma/inst/pcie4_ip_i/inst/xdma_0_pcie4_ip_gt_top_i/diablo_gt.diablo_gt_phy_wrapper/gt_wizard.gtwizard_top_i/xdma_0_pcie4_ip_gt_i/inst/gen_gtwizard_gtye4_top.xdma_0_pcie4_ip_gt_gtwizard_gtye4_inst/gen_gtwizard_gtye4.gen_channel_container[3].gen_enabled_channel.gtye4_channel_wrapper_inst/channel_inst/gtye4_channel_gen.gen_gtye4_channel_inst[3].GTYE4_CHANNEL_PRIM_INST/TXOUTCLK
                         net (fo=6, routed)           0.082     4.082    u_xdma/inst/pcie4_ip_i/inst/xdma_0_pcie4_ip_gt_top_i/diablo_gt.diablo_gt_phy_wrapper/phy_clk_i/CLK_TXOUTCLK
    BUFG_GT_X0Y15        BUFG_GT (Prop_BUFG_GT_I_O)
                                                      0.122     4.204 r  u_xdma/inst/pcie4_ip_i/inst/xdma_0_pcie4_ip_gt_top_i/diablo_gt.diablo_gt_phy_wrapper/phy_clk_i/bufg_gt_pclk/O
    X2Y0 (CLOCK_ROOT)    net (fo=1138, routed)        1.436     5.640    u_xdma/inst/pcie4_ip_i/inst/xdma_0_pcie4_ip_gt_top_i/diablo_gt.diablo_gt_phy_wrapper/phy_lane[3].phy_txeq_i/CLK_PCLK2_GT
    SLICE_X107Y7         FDRE                                         r  u_xdma/inst/pcie4_ip_i/inst/xdma_0_pcie4_ip_gt_top_i/diablo_gt.diablo_gt_phy_wrapper/phy_lane[3].phy_txeq_i/coeff_reg[6]/C
                         clock pessimism              0.119     5.759    
                         clock uncertainty           -0.046     5.713    
    SLICE_X107Y7         FDRE (Setup_BFF_SLICEM_C_D)
                                                      0.027     5.740    u_xdma/inst/pcie4_ip_i/inst/xdma_0_pcie4_ip_gt_top_i/diablo_gt.diablo_gt_phy_wrapper/phy_lane[3].phy_txeq_i/coeff_reg[6]
  -------------------------------------------------------------------
                         required time                          5.740    
                         arrival time                          -4.410    
  -------------------------------------------------------------------
                         slack                                  1.330    





Min Delay Paths
--------------------------------------------------------------------------------------
Slack (MET) :             0.001ns  (arrival time - required time)
  Source:                 u_xdma/inst/pcie4_ip_i/inst/xdma_0_pcie4_ip_gt_top_i/phy_pipeline/per_lane_ff_chain[3].phy_txdata_chain/with_ff_chain.ff_chain_gen[0].sync_rst.ff_chain_reg[1][17]/C
                            (rising edge-triggered cell FDRE clocked by pipe_clk  {rise@0.000ns fall@2.000ns period=4.000ns})
  Destination:            u_xdma/inst/pcie4_ip_i/inst/xdma_0_pcie4_ip_gt_top_i/diablo_gt.diablo_gt_phy_wrapper/gt_wizard.gtwizard_top_i/xdma_0_pcie4_ip_gt_i/inst/gen_gtwizard_gtye4_top.xdma_0_pcie4_ip_gt_gtwizard_gtye4_inst/gen_gtwizard_gtye4.gen_channel_container[3].gen_enabled_channel.gtye4_channel_wrapper_inst/channel_inst/gtye4_channel_gen.gen_gtye4_channel_inst[0].GTYE4_CHANNEL_PRIM_INST/TXDATA[17]
                            (rising edge-triggered cell GTYE4_CHANNEL clocked by pipe_clk  {rise@0.000ns fall@2.000ns period=4.000ns})
  Path Group:             pipe_clk
  Path Type:              Hold (Min at Slow Process Corner)
  Requirement:            0.000ns  (pipe_clk rise@0.000ns - pipe_clk rise@0.000ns)
  Data Path Delay:        0.385ns  (logic 0.072ns (18.701%)  route 0.313ns (81.299%))
  Logic Levels:           0  
  Clock Path Skew:        0.108ns (DCD - SCD - CPR)
    Destination Clock Delay (DCD):    1.858ns
    Source Clock Delay      (SCD):    1.631ns
    Clock Pessimism Removal (CPR):    0.119ns
  Clock Net Delay (Source):      1.427ns (routing 0.479ns, distribution 0.948ns)
  Clock Net Delay (Destination): 1.629ns (routing 0.527ns, distribution 1.102ns)

    Location             Delay type                Incr(ns)  Path(ns)    Netlist Resource(s)
  -------------------------------------------------------------------    -------------------
                         (clock pipe_clk rise edge)
                                                      0.000     0.000 r  
    GTYE4_CHANNEL_X0Y3   GTYE4_CHANNEL                0.000     0.000 r  u_xdma/inst/pcie4_ip_i/inst/xdma_0_pcie4_ip_gt_top_i/diablo_gt.diablo_gt_phy_wrapper/gt_wizard.gtwizard_top_i/xdma_0_pcie4_ip_gt_i/inst/gen_gtwizard_gtye4_top.xdma_0_pcie4_ip_gt_gtwizard_gtye4_inst/gen_gtwizard_gtye4.gen_channel_container[3].gen_enabled_channel.gtye4_channel_wrapper_inst/channel_inst/gtye4_channel_gen.gen_gtye4_channel_inst[3].GTYE4_CHANNEL_PRIM_INST/TXOUTCLK
                         net (fo=6, routed)           0.082     0.082    u_xdma/inst/pcie4_ip_i/inst/xdma_0_pcie4_ip_gt_top_i/diablo_gt.diablo_gt_phy_wrapper/phy_clk_i/CLK_TXOUTCLK
    BUFG_GT_X0Y15        BUFG_GT (Prop_BUFG_GT_I_O)
                                                      0.122     0.204 r  u_xdma/inst/pcie4_ip_i/inst/xdma_0_pcie4_ip_gt_top_i/diablo_gt.diablo_gt_phy_wrapper/phy_clk_i/bufg_gt_pclk/O
    X2Y0 (CLOCK_ROOT)    net (fo=1138, routed)        1.427     1.631    u_xdma/inst/pcie4_ip_i/inst/xdma_0_pcie4_ip_gt_top_i/phy_pipeline/per_lane_ff_chain[3].phy_txdata_chain/CLK_PCLK2
    SLICE_X103Y5         FDRE                                         r  u_xdma/inst/pcie4_ip_i/inst/xdma_0_pcie4_ip_gt_top_i/phy_pipeline/per_lane_ff_chain[3].phy_txdata_chain/with_ff_chain.ff_chain_gen[0].sync_rst.ff_chain_reg[1][17]/C
  -------------------------------------------------------------------    -------------------
    SLICE_X103Y5         FDRE (Prop_EFF2_SLICEM_C_Q)
                                                      0.072     1.703 r  u_xdma/inst/pcie4_ip_i/inst/xdma_0_pcie4_ip_gt_top_i/phy_pipeline/per_lane_ff_chain[3].phy_txdata_chain/with_ff_chain.ff_chain_gen[0].sync_rst.ff_chain_reg[1][17]/Q
                         net (fo=1, routed)           0.313     2.016    u_xdma/inst/pcie4_ip_i/inst/xdma_0_pcie4_ip_gt_top_i/diablo_gt.diablo_gt_phy_wrapper/gt_wizard.gtwizard_top_i/xdma_0_pcie4_ip_gt_i/inst/gen_gtwizard_gtye4_top.xdma_0_pcie4_ip_gt_gtwizard_gtye4_inst/gen_gtwizard_gtye4.gen_channel_container[3].gen_enabled_channel.gtye4_channel_wrapper_inst/channel_inst/txdata_in[17]
    GTYE4_CHANNEL_X0Y0   GTYE4_CHANNEL                                r  u_xdma/inst/pcie4_ip_i/inst/xdma_0_pcie4_ip_gt_top_i/diablo_gt.diablo_gt_phy_wrapper/gt_wizard.gtwizard_top_i/xdma_0_pcie4_ip_gt_i/inst/gen_gtwizard_gtye4_top.xdma_0_pcie4_ip_gt_gtwizard_gtye4_inst/gen_gtwizard_gtye4.gen_channel_container[3].gen_enabled_channel.gtye4_channel_wrapper_inst/channel_inst/gtye4_channel_gen.gen_gtye4_channel_inst[0].GTYE4_CHANNEL_PRIM_INST/TXDATA[17]
  -------------------------------------------------------------------    -------------------

                         (clock pipe_clk rise edge)
                                                      0.000     0.000 r  
    GTYE4_CHANNEL_X0Y3   GTYE4_CHANNEL                0.000     0.000 r  u_xdma/inst/pcie4_ip_i/inst/xdma_0_pcie4_ip_gt_top_i/diablo_gt.diablo_gt_phy_wrapper/gt_wizard.gtwizard_top_i/xdma_0_pcie4_ip_gt_i/inst/gen_gtwizard_gtye4_top.xdma_0_pcie4_ip_gt_gtwizard_gtye4_inst/gen_gtwizard_gtye4.gen_channel_container[3].gen_enabled_channel.gtye4_channel_wrapper_inst/channel_inst/gtye4_channel_gen.gen_gtye4_channel_inst[3].GTYE4_CHANNEL_PRIM_INST/TXOUTCLK
                         net (fo=6, routed)           0.090     0.090    u_xdma/inst/pcie4_ip_i/inst/xdma_0_pcie4_ip_gt_top_i/diablo_gt.diablo_gt_phy_wrapper/phy_clk_i/CLK_TXOUTCLK
    BUFG_GT_X0Y15        BUFG_GT (Prop_BUFG_GT_I_O)
                                                      0.139     0.229 r  u_xdma/inst/pcie4_ip_i/inst/xdma_0_pcie4_ip_gt_top_i/diablo_gt.diablo_gt_phy_wrapper/phy_clk_i/bufg_gt_pclk/O
    X2Y0 (CLOCK_ROOT)    net (fo=1138, routed)        1.629     1.858    u_xdma/inst/pcie4_ip_i/inst/xdma_0_pcie4_ip_gt_top_i/diablo_gt.diablo_gt_phy_wrapper/gt_wizard.gtwizard_top_i/xdma_0_pcie4_ip_gt_i/inst/gen_gtwizard_gtye4_top.xdma_0_pcie4_ip_gt_gtwizard_gtye4_inst/gen_gtwizard_gtye4.gen_channel_container[3].gen_enabled_channel.gtye4_channel_wrapper_inst/channel_inst/rxusrclk_in[0]
    GTYE4_CHANNEL_X0Y0   GTYE4_CHANNEL                                r  u_xdma/inst/pcie4_ip_i/inst/xdma_0_pcie4_ip_gt_top_i/diablo_gt.diablo_gt_phy_wrapper/gt_wizard.gtwizard_top_i/xdma_0_pcie4_ip_gt_i/inst/gen_gtwizard_gtye4_top.xdma_0_pcie4_ip_gt_gtwizard_gtye4_inst/gen_gtwizard_gtye4.gen_channel_container[3].gen_enabled_channel.gtye4_channel_wrapper_inst/channel_inst/gtye4_channel_gen.gen_gtye4_channel_inst[0].GTYE4_CHANNEL_PRIM_INST/TXUSRCLK2
                         clock pessimism             -0.119     1.739    
    GTYE4_CHANNEL_X0Y0   GTYE4_CHANNEL (Hold_GTYE4_CHANNEL_TXUSRCLK2_TXDATA[17])
                                                      0.276     2.015    u_xdma/inst/pcie4_ip_i/inst/xdma_0_pcie4_ip_gt_top_i/diablo_gt.diablo_gt_phy_wrapper/gt_wizard.gtwizard_top_i/xdma_0_pcie4_ip_gt_i/inst/gen_gtwizard_gtye4_top.xdma_0_pcie4_ip_gt_gtwizard_gtye4_inst/gen_gtwizard_gtye4.gen_channel_container[3].gen_enabled_channel.gtye4_channel_wrapper_inst/channel_inst/gtye4_channel_gen.gen_gtye4_channel_inst[0].GTYE4_CHANNEL_PRIM_INST
  -------------------------------------------------------------------
                         required time                         -2.015    
                         arrival time                           2.016    
  -------------------------------------------------------------------
                         slack                                  0.001    





Pulse Width Checks
--------------------------------------------------------------------------------------
Clock Name:         pipe_clk
Waveform(ns):       { 0.000 2.000 }
Period(ns):         4.000
Sources:            { u_xdma/inst/pcie4_ip_i/inst/xdma_0_pcie4_ip_gt_top_i/diablo_gt.diablo_gt_phy_wrapper/phy_clk_i/bufg_gt_pclk/O }

Check Type        Corner  Lib Pin                 Reference Pin     Required(ns)  Actual(ns)  Slack(ns)  Location            Pin
Min Period        n/a     PCIE40E4/PIPECLK        n/a               4.000         4.000       0.000      PCIE40E4_X0Y0       u_xdma/inst/pcie4_ip_i/inst/xdma_0_pcie4_ip_pcie_4_0_pipe_inst/pcie_4_0_e4_inst/PIPECLK
Low Pulse Width   Slow    GTYE4_CHANNEL/RXUSRCLK  n/a               1.117         2.000       0.883      GTYE4_CHANNEL_X0Y0  u_xdma/inst/pcie4_ip_i/inst/xdma_0_pcie4_ip_gt_top_i/diablo_gt.diablo_gt_phy_wrapper/gt_wizard.gtwizard_top_i/xdma_0_pcie4_ip_gt_i/inst/gen_gtwizard_gtye4_top.xdma_0_pcie4_ip_gt_gtwizard_gtye4_inst/gen_gtwizard_gtye4.gen_channel_container[3].gen_enabled_channel.gtye4_channel_wrapper_inst/channel_inst/gtye4_channel_gen.gen_gtye4_channel_inst[0].GTYE4_CHANNEL_PRIM_INST/RXUSRCLK
High Pulse Width  Slow    GTYE4_CHANNEL/RXUSRCLK  n/a               1.117         2.000       0.883      GTYE4_CHANNEL_X0Y0  u_xdma/inst/pcie4_ip_i/inst/xdma_0_pcie4_ip_gt_top_i/diablo_gt.diablo_gt_phy_wrapper/gt_wizard.gtwizard_top_i/xdma_0_pcie4_ip_gt_i/inst/gen_gtwizard_gtye4_top.xdma_0_pcie4_ip_gt_gtwizard_gtye4_inst/gen_gtwizard_gtye4.gen_channel_container[3].gen_enabled_channel.gtye4_channel_wrapper_inst/channel_inst/gtye4_channel_gen.gen_gtye4_channel_inst[0].GTYE4_CHANNEL_PRIM_INST/RXUSRCLK
Max Skew          Fast    PCIE40E4/PIPECLK        PCIE40E4/CORECLK  0.357         0.117       0.240      PCIE40E4_X0Y0       u_xdma/inst/pcie4_ip_i/inst/xdma_0_pcie4_ip_pcie_4_0_pipe_inst/pcie_4_0_e4_inst/PIPECLK



---------------------------------------------------------------------------------------------------
From Clock:  xdma_0_pcie4_ip_gt_top_i_n_31
  To Clock:  xdma_0_pcie4_ip_gt_top_i_n_31

Setup :           NA  Failing Endpoints,  Worst Slack           NA  ,  Total Violation           NA
Hold  :           NA  Failing Endpoints,  Worst Slack           NA  ,  Total Violation           NA
PW    :            0  Failing Endpoints,  Worst Slack        0.000ns,  Total Violation        0.000ns
---------------------------------------------------------------------------------------------------


Pulse Width Checks
--------------------------------------------------------------------------------------
Clock Name:         xdma_0_pcie4_ip_gt_top_i_n_31
Waveform(ns):       { 0.000 4.000 }
Period(ns):         8.000
Sources:            { u_xdma/inst/pcie4_ip_i/inst/xdma_0_pcie4_ip_gt_top_i/diablo_gt.diablo_gt_phy_wrapper/phy_clk_i/bufg_gt_mcapclk/O }

Check Type  Corner  Lib Pin           Reference Pin  Required(ns)  Actual(ns)  Slack(ns)  Location       Pin
Min Period  n/a     PCIE40E4/MCAPCLK  n/a            8.000         8.000       0.000      PCIE40E4_X0Y0  u_xdma/inst/pcie4_ip_i/inst/xdma_0_pcie4_ip_pcie_4_0_pipe_inst/pcie_4_0_e4_inst/MCAPCLK



---------------------------------------------------------------------------------------------------
From Clock:  u_xdma/inst/pcie4_ip_i/inst/xdma_0_pcie4_ip_gt_top_i/diablo_gt.diablo_gt_phy_wrapper/gt_wizard.gtwizard_top_i/xdma_0_pcie4_ip_gt_i/inst/gen_gtwizard_gtye4_top.xdma_0_pcie4_ip_gt_gtwizard_gtye4_inst/gen_gtwizard_gtye4.gen_cpll_cal_gtye4.gen_cpll_cal_inst[0].gen_inst_cpll_cal.gtwizard_ultrascale_v1_7_22_gtye4_cpll_cal_inst/gtwizard_ultrascale_v1_7_22_gtye4_cpll_cal_tx_i/bufg_gt_txoutclkmon_inst/O
  To Clock:  u_xdma/inst/pcie4_ip_i/inst/xdma_0_pcie4_ip_gt_top_i/diablo_gt.diablo_gt_phy_wrapper/gt_wizard.gtwizard_top_i/xdma_0_pcie4_ip_gt_i/inst/gen_gtwizard_gtye4_top.xdma_0_pcie4_ip_gt_gtwizard_gtye4_inst/gen_gtwizard_gtye4.gen_cpll_cal_gtye4.gen_cpll_cal_inst[0].gen_inst_cpll_cal.gtwizard_ultrascale_v1_7_22_gtye4_cpll_cal_inst/gtwizard_ultrascale_v1_7_22_gtye4_cpll_cal_tx_i/bufg_gt_txoutclkmon_inst/O

Setup :            0  Failing Endpoints,  Worst Slack        6.493ns,  Total Violation        0.000ns
Hold  :            0  Failing Endpoints,  Worst Slack        0.066ns,  Total Violation        0.000ns
PW    :            0  Failing Endpoints,  Worst Slack        3.725ns,  Total Violation        0.000ns
---------------------------------------------------------------------------------------------------


Max Delay Paths
--------------------------------------------------------------------------------------
Slack (MET) :             6.493ns  (required time - arrival time)
  Source:                 u_xdma/inst/pcie4_ip_i/inst/xdma_0_pcie4_ip_gt_top_i/diablo_gt.diablo_gt_phy_wrapper/gt_wizard.gtwizard_top_i/xdma_0_pcie4_ip_gt_i/inst/gen_gtwizard_gtye4_top.xdma_0_pcie4_ip_gt_gtwizard_gtye4_inst/gen_gtwizard_gtye4.gen_cpll_cal_gtye4.gen_cpll_cal_inst[0].gen_inst_cpll_cal.gtwizard_ultrascale_v1_7_22_gtye4_cpll_cal_inst/gtwizard_ultrascale_v1_7_22_gtye4_cpll_cal_tx_i/U_TXOUTCLK_FREQ_COUNTER/testclk_div4_reg[0]/C
                            (rising edge-triggered cell FDSE clocked by u_xdma/inst/pcie4_ip_i/inst/xdma_0_pcie4_ip_gt_top_i/diablo_gt.diablo_gt_phy_wrapper/gt_wizard.gtwizard_top_i/xdma_0_pcie4_ip_gt_i/inst/gen_gtwizard_gtye4_top.xdma_0_pcie4_ip_gt_gtwizard_gtye4_inst/gen_gtwizard_gtye4.gen_cpll_cal_gtye4.gen_cpll_cal_inst[0].gen_inst_cpll_cal.gtwizard_ultrascale_v1_7_22_gtye4_cpll_cal_inst/gtwizard_ultrascale_v1_7_22_gtye4_cpll_cal_tx_i/bufg_gt_txoutclkmon_inst/O  {rise@0.000ns fall@4.000ns period=8.000ns})
  Destination:            u_xdma/inst/pcie4_ip_i/inst/xdma_0_pcie4_ip_gt_top_i/diablo_gt.diablo_gt_phy_wrapper/gt_wizard.gtwizard_top_i/xdma_0_pcie4_ip_gt_i/inst/gen_gtwizard_gtye4_top.xdma_0_pcie4_ip_gt_gtwizard_gtye4_inst/gen_gtwizard_gtye4.gen_cpll_cal_gtye4.gen_cpll_cal_inst[0].gen_inst_cpll_cal.gtwizard_ultrascale_v1_7_22_gtye4_cpll_cal_inst/gtwizard_ultrascale_v1_7_22_gtye4_cpll_cal_tx_i/U_TXOUTCLK_FREQ_COUNTER/testclk_cnt_reg[12]/CE
                            (rising edge-triggered cell FDCE clocked by u_xdma/inst/pcie4_ip_i/inst/xdma_0_pcie4_ip_gt_top_i/diablo_gt.diablo_gt_phy_wrapper/gt_wizard.gtwizard_top_i/xdma_0_pcie4_ip_gt_i/inst/gen_gtwizard_gtye4_top.xdma_0_pcie4_ip_gt_gtwizard_gtye4_inst/gen_gtwizard_gtye4.gen_cpll_cal_gtye4.gen_cpll_cal_inst[0].gen_inst_cpll_cal.gtwizard_ultrascale_v1_7_22_gtye4_cpll_cal_inst/gtwizard_ultrascale_v1_7_22_gtye4_cpll_cal_tx_i/bufg_gt_txoutclkmon_inst/O  {rise@0.000ns fall@4.000ns period=8.000ns})
  Path Group:             u_xdma/inst/pcie4_ip_i/inst/xdma_0_pcie4_ip_gt_top_i/diablo_gt.diablo_gt_phy_wrapper/gt_wizard.gtwizard_top_i/xdma_0_pcie4_ip_gt_i/inst/gen_gtwizard_gtye4_top.xdma_0_pcie4_ip_gt_gtwizard_gtye4_inst/gen_gtwizard_gtye4.gen_cpll_cal_gtye4.gen_cpll_cal_inst[0].gen_inst_cpll_cal.gtwizard_ultrascale_v1_7_22_gtye4_cpll_cal_inst/gtwizard_ultrascale_v1_7_22_gtye4_cpll_cal_tx_i/bufg_gt_txoutclkmon_inst/O
  Path Type:              Setup (Max at Slow Process Corner)
  Requirement:            8.000ns  (u_xdma/inst/pcie4_ip_i/inst/xdma_0_pcie4_ip_gt_top_i/diablo_gt.diablo_gt_phy_wrapper/gt_wizard.gtwizard_top_i/xdma_0_pcie4_ip_gt_i/inst/gen_gtwizard_gtye4_top.xdma_0_pcie4_ip_gt_gtwizard_gtye4_inst/gen_gtwizard_gtye4.gen_cpll_cal_gtye4.gen_cpll_cal_inst[0].gen_inst_cpll_cal.gtwizard_ultrascale_v1_7_22_gtye4_cpll_cal_inst/gtwizard_ultrascale_v1_7_22_gtye4_cpll_cal_tx_i/bufg_gt_txoutclkmon_inst/O rise@8.000ns - u_xdma/inst/pcie4_ip_i/inst/xdma_0_pcie4_ip_gt_top_i/diablo_gt.diablo_gt_phy_wrapper/gt_wizard.gtwizard_top_i/xdma_0_pcie4_ip_gt_i/inst/gen_gtwizard_gtye4_top.xdma_0_pcie4_ip_gt_gtwizard_gtye4_inst/gen_gtwizard_gtye4.gen_cpll_cal_gtye4.gen_cpll_cal_inst[0].gen_inst_cpll_cal.gtwizard_ultrascale_v1_7_22_gtye4_cpll_cal_inst/gtwizard_ultrascale_v1_7_22_gtye4_cpll_cal_tx_i/bufg_gt_txoutclkmon_inst/O rise@0.000ns)
  Data Path Delay:        1.323ns  (logic 0.279ns (21.094%)  route 1.044ns (78.906%))
  Logic Levels:           1  (LUT5=1)
  Clock Path Skew:        -0.094ns (DCD - SCD + CPR)
    Destination Clock Delay (DCD):    0.553ns = ( 8.553 - 8.000 ) 
    Source Clock Delay      (SCD):    0.648ns
    Clock Pessimism Removal (CPR):    0.001ns
  Clock Uncertainty:      0.046ns  ((TSJ^2 + DJ^2)^1/2) / 2 + PE
    Total System Jitter     (TSJ):    0.071ns
    Discrete Jitter          (DJ):    0.060ns
    Phase Error              (PE):    0.000ns
  Clock Net Delay (Source):      0.648ns (routing 0.002ns, distribution 0.646ns)
  Clock Net Delay (Destination): 0.553ns (routing 0.001ns, distribution 0.552ns)

    Location             Delay type                Incr(ns)  Path(ns)    Netlist Resource(s)
  -------------------------------------------------------------------    -------------------
                         (clock u_xdma/inst/pcie4_ip_i/inst/xdma_0_pcie4_ip_gt_top_i/diablo_gt.diablo_gt_phy_wrapper/gt_wizard.gtwizard_top_i/xdma_0_pcie4_ip_gt_i/inst/gen_gtwizard_gtye4_top.xdma_0_pcie4_ip_gt_gtwizard_gtye4_inst/gen_gtwizard_gtye4.gen_cpll_cal_gtye4.gen_cpll_cal_inst[0].gen_inst_cpll_cal.gtwizard_ultrascale_v1_7_22_gtye4_cpll_cal_inst/gtwizard_ultrascale_v1_7_22_gtye4_cpll_cal_tx_i/bufg_gt_txoutclkmon_inst/O rise edge)
                                                      0.000     0.000 r  
    BUFG_GT_X0Y22        BUFG_GT                      0.000     0.000 r  u_xdma/inst/pcie4_ip_i/inst/xdma_0_pcie4_ip_gt_top_i/diablo_gt.diablo_gt_phy_wrapper/gt_wizard.gtwizard_top_i/xdma_0_pcie4_ip_gt_i/inst/gen_gtwizard_gtye4_top.xdma_0_pcie4_ip_gt_gtwizard_gtye4_inst/gen_gtwizard_gtye4.gen_cpll_cal_gtye4.gen_cpll_cal_inst[0].gen_inst_cpll_cal.gtwizard_ultrascale_v1_7_22_gtye4_cpll_cal_inst/gtwizard_ultrascale_v1_7_22_gtye4_cpll_cal_tx_i/bufg_gt_txoutclkmon_inst/O
    X3Y0 (CLOCK_ROOT)    net (fo=31, routed)          0.648     0.648    u_xdma/inst/pcie4_ip_i/inst/xdma_0_pcie4_ip_gt_top_i/diablo_gt.diablo_gt_phy_wrapper/gt_wizard.gtwizard_top_i/xdma_0_pcie4_ip_gt_i/inst/gen_gtwizard_gtye4_top.xdma_0_pcie4_ip_gt_gtwizard_gtye4_inst/gen_gtwizard_gtye4.gen_cpll_cal_gtye4.gen_cpll_cal_inst[0].gen_inst_cpll_cal.gtwizard_ultrascale_v1_7_22_gtye4_cpll_cal_inst/gtwizard_ultrascale_v1_7_22_gtye4_cpll_cal_tx_i/U_TXOUTCLK_FREQ_COUNTER/txoutclkmon
    SLICE_X107Y10        FDSE                                         r  u_xdma/inst/pcie4_ip_i/inst/xdma_0_pcie4_ip_gt_top_i/diablo_gt.diablo_gt_phy_wrapper/gt_wizard.gtwizard_top_i/xdma_0_pcie4_ip_gt_i/inst/gen_gtwizard_gtye4_top.xdma_0_pcie4_ip_gt_gtwizard_gtye4_inst/gen_gtwizard_gtye4.gen_cpll_cal_gtye4.gen_cpll_cal_inst[0].gen_inst_cpll_cal.gtwizard_ultrascale_v1_7_22_gtye4_cpll_cal_inst/gtwizard_ultrascale_v1_7_22_gtye4_cpll_cal_tx_i/U_TXOUTCLK_FREQ_COUNTER/testclk_div4_reg[0]/C
  -------------------------------------------------------------------    -------------------
    SLICE_X107Y10        FDSE (Prop_AFF2_SLICEM_C_Q)
                                                      0.097     0.745 f  u_xdma/inst/pcie4_ip_i/inst/xdma_0_pcie4_ip_gt_top_i/diablo_gt.diablo_gt_phy_wrapper/gt_wizard.gtwizard_top_i/xdma_0_pcie4_ip_gt_i/inst/gen_gtwizard_gtye4_top.xdma_0_pcie4_ip_gt_gtwizard_gtye4_inst/gen_gtwizard_gtye4.gen_cpll_cal_gtye4.gen_cpll_cal_inst[0].gen_inst_cpll_cal.gtwizard_ultrascale_v1_7_22_gtye4_cpll_cal_inst/gtwizard_ultrascale_v1_7_22_gtye4_cpll_cal_tx_i/U_TXOUTCLK_FREQ_COUNTER/testclk_div4_reg[0]/Q
                         net (fo=2, routed)           0.332     1.077    u_xdma/inst/pcie4_ip_i/inst/xdma_0_pcie4_ip_gt_top_i/diablo_gt.diablo_gt_phy_wrapper/gt_wizard.gtwizard_top_i/xdma_0_pcie4_ip_gt_i/inst/gen_gtwizard_gtye4_top.xdma_0_pcie4_ip_gt_gtwizard_gtye4_inst/gen_gtwizard_gtye4.gen_cpll_cal_gtye4.gen_cpll_cal_inst[0].gen_inst_cpll_cal.gtwizard_ultrascale_v1_7_22_gtye4_cpll_cal_inst/gtwizard_ultrascale_v1_7_22_gtye4_cpll_cal_tx_i/U_TXOUTCLK_FREQ_COUNTER/testclk_div4[0]
    SLICE_X107Y10        LUT5 (Prop_H6LUT_SLICEM_I4_O)
                                                      0.182     1.259 r  u_xdma/inst/pcie4_ip_i/inst/xdma_0_pcie4_ip_gt_top_i/diablo_gt.diablo_gt_phy_wrapper/gt_wizard.gtwizard_top_i/xdma_0_pcie4_ip_gt_i/inst/gen_gtwizard_gtye4_top.xdma_0_pcie4_ip_gt_gtwizard_gtye4_inst/gen_gtwizard_gtye4.gen_cpll_cal_gtye4.gen_cpll_cal_inst[0].gen_inst_cpll_cal.gtwizard_ultrascale_v1_7_22_gtye4_cpll_cal_inst/gtwizard_ultrascale_v1_7_22_gtye4_cpll_cal_tx_i/U_TXOUTCLK_FREQ_COUNTER/testclk_cnt0/O
                         net (fo=18, routed)          0.712     1.971    u_xdma/inst/pcie4_ip_i/inst/xdma_0_pcie4_ip_gt_top_i/diablo_gt.diablo_gt_phy_wrapper/gt_wizard.gtwizard_top_i/xdma_0_pcie4_ip_gt_i/inst/gen_gtwizard_gtye4_top.xdma_0_pcie4_ip_gt_gtwizard_gtye4_inst/gen_gtwizard_gtye4.gen_cpll_cal_gtye4.gen_cpll_cal_inst[0].gen_inst_cpll_cal.gtwizard_ultrascale_v1_7_22_gtye4_cpll_cal_inst/gtwizard_ultrascale_v1_7_22_gtye4_cpll_cal_tx_i/U_TXOUTCLK_FREQ_COUNTER/testclk_cnt0_n_0
    SLICE_X109Y9         FDCE                                         r  u_xdma/inst/pcie4_ip_i/inst/xdma_0_pcie4_ip_gt_top_i/diablo_gt.diablo_gt_phy_wrapper/gt_wizard.gtwizard_top_i/xdma_0_pcie4_ip_gt_i/inst/gen_gtwizard_gtye4_top.xdma_0_pcie4_ip_gt_gtwizard_gtye4_inst/gen_gtwizard_gtye4.gen_cpll_cal_gtye4.gen_cpll_cal_inst[0].gen_inst_cpll_cal.gtwizard_ultrascale_v1_7_22_gtye4_cpll_cal_inst/gtwizard_ultrascale_v1_7_22_gtye4_cpll_cal_tx_i/U_TXOUTCLK_FREQ_COUNTER/testclk_cnt_reg[12]/CE
  -------------------------------------------------------------------    -------------------

                         (clock u_xdma/inst/pcie4_ip_i/inst/xdma_0_pcie4_ip_gt_top_i/diablo_gt.diablo_gt_phy_wrapper/gt_wizard.gtwizard_top_i/xdma_0_pcie4_ip_gt_i/inst/gen_gtwizard_gtye4_top.xdma_0_pcie4_ip_gt_gtwizard_gtye4_inst/gen_gtwizard_gtye4.gen_cpll_cal_gtye4.gen_cpll_cal_inst[0].gen_inst_cpll_cal.gtwizard_ultrascale_v1_7_22_gtye4_cpll_cal_inst/gtwizard_ultrascale_v1_7_22_gtye4_cpll_cal_tx_i/bufg_gt_txoutclkmon_inst/O rise edge)
                                                      8.000     8.000 r  
    BUFG_GT_X0Y22        BUFG_GT                      0.000     8.000 r  u_xdma/inst/pcie4_ip_i/inst/xdma_0_pcie4_ip_gt_top_i/diablo_gt.diablo_gt_phy_wrapper/gt_wizard.gtwizard_top_i/xdma_0_pcie4_ip_gt_i/inst/gen_gtwizard_gtye4_top.xdma_0_pcie4_ip_gt_gtwizard_gtye4_inst/gen_gtwizard_gtye4.gen_cpll_cal_gtye4.gen_cpll_cal_inst[0].gen_inst_cpll_cal.gtwizard_ultrascale_v1_7_22_gtye4_cpll_cal_inst/gtwizard_ultrascale_v1_7_22_gtye4_cpll_cal_tx_i/bufg_gt_txoutclkmon_inst/O
    X3Y0 (CLOCK_ROOT)    net (fo=31, routed)          0.553     8.553    u_xdma/inst/pcie4_ip_i/inst/xdma_0_pcie4_ip_gt_top_i/diablo_gt.diablo_gt_phy_wrapper/gt_wizard.gtwizard_top_i/xdma_0_pcie4_ip_gt_i/inst/gen_gtwizard_gtye4_top.xdma_0_pcie4_ip_gt_gtwizard_gtye4_inst/gen_gtwizard_gtye4.gen_cpll_cal_gtye4.gen_cpll_cal_inst[0].gen_inst_cpll_cal.gtwizard_ultrascale_v1_7_22_gtye4_cpll_cal_inst/gtwizard_ultrascale_v1_7_22_gtye4_cpll_cal_tx_i/U_TXOUTCLK_FREQ_COUNTER/txoutclkmon
    SLICE_X109Y9         FDCE                                         r  u_xdma/inst/pcie4_ip_i/inst/xdma_0_pcie4_ip_gt_top_i/diablo_gt.diablo_gt_phy_wrapper/gt_wizard.gtwizard_top_i/xdma_0_pcie4_ip_gt_i/inst/gen_gtwizard_gtye4_top.xdma_0_pcie4_ip_gt_gtwizard_gtye4_inst/gen_gtwizard_gtye4.gen_cpll_cal_gtye4.gen_cpll_cal_inst[0].gen_inst_cpll_cal.gtwizard_ultrascale_v1_7_22_gtye4_cpll_cal_inst/gtwizard_ultrascale_v1_7_22_gtye4_cpll_cal_tx_i/U_TXOUTCLK_FREQ_COUNTER/testclk_cnt_reg[12]/C
                         clock pessimism              0.001     8.554    
                         clock uncertainty           -0.046     8.507    
    SLICE_X109Y9         FDCE (Setup_EFF_SLICEM_C_CE)
                                                     -0.044     8.463    u_xdma/inst/pcie4_ip_i/inst/xdma_0_pcie4_ip_gt_top_i/diablo_gt.diablo_gt_phy_wrapper/gt_wizard.gtwizard_top_i/xdma_0_pcie4_ip_gt_i/inst/gen_gtwizard_gtye4_top.xdma_0_pcie4_ip_gt_gtwizard_gtye4_inst/gen_gtwizard_gtye4.gen_cpll_cal_gtye4.gen_cpll_cal_inst[0].gen_inst_cpll_cal.gtwizard_ultrascale_v1_7_22_gtye4_cpll_cal_inst/gtwizard_ultrascale_v1_7_22_gtye4_cpll_cal_tx_i/U_TXOUTCLK_FREQ_COUNTER/testclk_cnt_reg[12]
  -------------------------------------------------------------------
                         required time                          8.463    
                         arrival time                          -1.971    
  -------------------------------------------------------------------
                         slack                                  6.493    





Min Delay Paths
--------------------------------------------------------------------------------------
Slack (MET) :             0.066ns  (arrival time - required time)
  Source:                 u_xdma/inst/pcie4_ip_i/inst/xdma_0_pcie4_ip_gt_top_i/diablo_gt.diablo_gt_phy_wrapper/gt_wizard.gtwizard_top_i/xdma_0_pcie4_ip_gt_i/inst/gen_gtwizard_gtye4_top.xdma_0_pcie4_ip_gt_gtwizard_gtye4_inst/gen_gtwizard_gtye4.gen_cpll_cal_gtye4.gen_cpll_cal_inst[0].gen_inst_cpll_cal.gtwizard_ultrascale_v1_7_22_gtye4_cpll_cal_inst/gtwizard_ultrascale_v1_7_22_gtye4_cpll_cal_tx_i/U_TXOUTCLK_FREQ_COUNTER/testclk_cnt_reg[17]/C
                            (rising edge-triggered cell FDCE clocked by u_xdma/inst/pcie4_ip_i/inst/xdma_0_pcie4_ip_gt_top_i/diablo_gt.diablo_gt_phy_wrapper/gt_wizard.gtwizard_top_i/xdma_0_pcie4_ip_gt_i/inst/gen_gtwizard_gtye4_top.xdma_0_pcie4_ip_gt_gtwizard_gtye4_inst/gen_gtwizard_gtye4.gen_cpll_cal_gtye4.gen_cpll_cal_inst[0].gen_inst_cpll_cal.gtwizard_ultrascale_v1_7_22_gtye4_cpll_cal_inst/gtwizard_ultrascale_v1_7_22_gtye4_cpll_cal_tx_i/bufg_gt_txoutclkmon_inst/O  {rise@0.000ns fall@4.000ns period=8.000ns})
  Destination:            u_xdma/inst/pcie4_ip_i/inst/xdma_0_pcie4_ip_gt_top_i/diablo_gt.diablo_gt_phy_wrapper/gt_wizard.gtwizard_top_i/xdma_0_pcie4_ip_gt_i/inst/gen_gtwizard_gtye4_top.xdma_0_pcie4_ip_gt_gtwizard_gtye4_inst/gen_gtwizard_gtye4.gen_cpll_cal_gtye4.gen_cpll_cal_inst[0].gen_inst_cpll_cal.gtwizard_ultrascale_v1_7_22_gtye4_cpll_cal_inst/gtwizard_ultrascale_v1_7_22_gtye4_cpll_cal_tx_i/U_TXOUTCLK_FREQ_COUNTER/testclk_cnt_reg[17]/D
                            (rising edge-triggered cell FDCE clocked by u_xdma/inst/pcie4_ip_i/inst/xdma_0_pcie4_ip_gt_top_i/diablo_gt.diablo_gt_phy_wrapper/gt_wizard.gtwizard_top_i/xdma_0_pcie4_ip_gt_i/inst/gen_gtwizard_gtye4_top.xdma_0_pcie4_ip_gt_gtwizard_gtye4_inst/gen_gtwizard_gtye4.gen_cpll_cal_gtye4.gen_cpll_cal_inst[0].gen_inst_cpll_cal.gtwizard_ultrascale_v1_7_22_gtye4_cpll_cal_inst/gtwizard_ultrascale_v1_7_22_gtye4_cpll_cal_tx_i/bufg_gt_txoutclkmon_inst/O  {rise@0.000ns fall@4.000ns period=8.000ns})
  Path Group:             u_xdma/inst/pcie4_ip_i/inst/xdma_0_pcie4_ip_gt_top_i/diablo_gt.diablo_gt_phy_wrapper/gt_wizard.gtwizard_top_i/xdma_0_pcie4_ip_gt_i/inst/gen_gtwizard_gtye4_top.xdma_0_pcie4_ip_gt_gtwizard_gtye4_inst/gen_gtwizard_gtye4.gen_cpll_cal_gtye4.gen_cpll_cal_inst[0].gen_inst_cpll_cal.gtwizard_ultrascale_v1_7_22_gtye4_cpll_cal_inst/gtwizard_ultrascale_v1_7_22_gtye4_cpll_cal_tx_i/bufg_gt_txoutclkmon_inst/O
  Path Type:              Hold (Min at Fast Process Corner)
  Requirement:            0.000ns  (u_xdma/inst/pcie4_ip_i/inst/xdma_0_pcie4_ip_gt_top_i/diablo_gt.diablo_gt_phy_wrapper/gt_wizard.gtwizard_top_i/xdma_0_pcie4_ip_gt_i/inst/gen_gtwizard_gtye4_top.xdma_0_pcie4_ip_gt_gtwizard_gtye4_inst/gen_gtwizard_gtye4.gen_cpll_cal_gtye4.gen_cpll_cal_inst[0].gen_inst_cpll_cal.gtwizard_ultrascale_v1_7_22_gtye4_cpll_cal_inst/gtwizard_ultrascale_v1_7_22_gtye4_cpll_cal_tx_i/bufg_gt_txoutclkmon_inst/O rise@0.000ns - u_xdma/inst/pcie4_ip_i/inst/xdma_0_pcie4_ip_gt_top_i/diablo_gt.diablo_gt_phy_wrapper/gt_wizard.gtwizard_top_i/xdma_0_pcie4_ip_gt_i/inst/gen_gtwizard_gtye4_top.xdma_0_pcie4_ip_gt_gtwizard_gtye4_inst/gen_gtwizard_gtye4.gen_cpll_cal_gtye4.gen_cpll_cal_inst[0].gen_inst_cpll_cal.gtwizard_ultrascale_v1_7_22_gtye4_cpll_cal_inst/gtwizard_ultrascale_v1_7_22_gtye4_cpll_cal_tx_i/bufg_gt_txoutclkmon_inst/O rise@0.000ns)
  Data Path Delay:        0.118ns  (logic 0.056ns (47.585%)  route 0.062ns (52.415%))
  Logic Levels:           1  (CARRY8=1)
  Clock Path Skew:        0.006ns (DCD - SCD - CPR)
    Destination Clock Delay (DCD):    0.372ns
    Source Clock Delay      (SCD):    0.323ns
    Clock Pessimism Removal (CPR):    0.043ns
  Clock Net Delay (Source):      0.323ns (routing 0.001ns, distribution 0.322ns)
  Clock Net Delay (Destination): 0.372ns (routing 0.001ns, distribution 0.371ns)

    Location             Delay type                Incr(ns)  Path(ns)    Netlist Resource(s)
  -------------------------------------------------------------------    -------------------
                         (clock u_xdma/inst/pcie4_ip_i/inst/xdma_0_pcie4_ip_gt_top_i/diablo_gt.diablo_gt_phy_wrapper/gt_wizard.gtwizard_top_i/xdma_0_pcie4_ip_gt_i/inst/gen_gtwizard_gtye4_top.xdma_0_pcie4_ip_gt_gtwizard_gtye4_inst/gen_gtwizard_gtye4.gen_cpll_cal_gtye4.gen_cpll_cal_inst[0].gen_inst_cpll_cal.gtwizard_ultrascale_v1_7_22_gtye4_cpll_cal_inst/gtwizard_ultrascale_v1_7_22_gtye4_cpll_cal_tx_i/bufg_gt_txoutclkmon_inst/O rise edge)
                                                      0.000     0.000 r  
    BUFG_GT_X0Y22        BUFG_GT                      0.000     0.000 r  u_xdma/inst/pcie4_ip_i/inst/xdma_0_pcie4_ip_gt_top_i/diablo_gt.diablo_gt_phy_wrapper/gt_wizard.gtwizard_top_i/xdma_0_pcie4_ip_gt_i/inst/gen_gtwizard_gtye4_top.xdma_0_pcie4_ip_gt_gtwizard_gtye4_inst/gen_gtwizard_gtye4.gen_cpll_cal_gtye4.gen_cpll_cal_inst[0].gen_inst_cpll_cal.gtwizard_ultrascale_v1_7_22_gtye4_cpll_cal_inst/gtwizard_ultrascale_v1_7_22_gtye4_cpll_cal_tx_i/bufg_gt_txoutclkmon_inst/O
    X3Y0 (CLOCK_ROOT)    net (fo=31, routed)          0.323     0.323    u_xdma/inst/pcie4_ip_i/inst/xdma_0_pcie4_ip_gt_top_i/diablo_gt.diablo_gt_phy_wrapper/gt_wizard.gtwizard_top_i/xdma_0_pcie4_ip_gt_i/inst/gen_gtwizard_gtye4_top.xdma_0_pcie4_ip_gt_gtwizard_gtye4_inst/gen_gtwizard_gtye4.gen_cpll_cal_gtye4.gen_cpll_cal_inst[0].gen_inst_cpll_cal.gtwizard_ultrascale_v1_7_22_gtye4_cpll_cal_inst/gtwizard_ultrascale_v1_7_22_gtye4_cpll_cal_tx_i/U_TXOUTCLK_FREQ_COUNTER/txoutclkmon
    SLICE_X109Y10        FDCE                                         r  u_xdma/inst/pcie4_ip_i/inst/xdma_0_pcie4_ip_gt_top_i/diablo_gt.diablo_gt_phy_wrapper/gt_wizard.gtwizard_top_i/xdma_0_pcie4_ip_gt_i/inst/gen_gtwizard_gtye4_top.xdma_0_pcie4_ip_gt_gtwizard_gtye4_inst/gen_gtwizard_gtye4.gen_cpll_cal_gtye4.gen_cpll_cal_inst[0].gen_inst_cpll_cal.gtwizard_ultrascale_v1_7_22_gtye4_cpll_cal_inst/gtwizard_ultrascale_v1_7_22_gtye4_cpll_cal_tx_i/U_TXOUTCLK_FREQ_COUNTER/testclk_cnt_reg[17]/C
  -------------------------------------------------------------------    -------------------
    SLICE_X109Y10        FDCE (Prop_BFF_SLICEM_C_Q)
                                                      0.038     0.361 r  u_xdma/inst/pcie4_ip_i/inst/xdma_0_pcie4_ip_gt_top_i/diablo_gt.diablo_gt_phy_wrapper/gt_wizard.gtwizard_top_i/xdma_0_pcie4_ip_gt_i/inst/gen_gtwizard_gtye4_top.xdma_0_pcie4_ip_gt_gtwizard_gtye4_inst/gen_gtwizard_gtye4.gen_cpll_cal_gtye4.gen_cpll_cal_inst[0].gen_inst_cpll_cal.gtwizard_ultrascale_v1_7_22_gtye4_cpll_cal_inst/gtwizard_ultrascale_v1_7_22_gtye4_cpll_cal_tx_i/U_TXOUTCLK_FREQ_COUNTER/testclk_cnt_reg[17]/Q
                         net (fo=2, routed)           0.055     0.416    u_xdma/inst/pcie4_ip_i/inst/xdma_0_pcie4_ip_gt_top_i/diablo_gt.diablo_gt_phy_wrapper/gt_wizard.gtwizard_top_i/xdma_0_pcie4_ip_gt_i/inst/gen_gtwizard_gtye4_top.xdma_0_pcie4_ip_gt_gtwizard_gtye4_inst/gen_gtwizard_gtye4.gen_cpll_cal_gtye4.gen_cpll_cal_inst[0].gen_inst_cpll_cal.gtwizard_ultrascale_v1_7_22_gtye4_cpll_cal_inst/gtwizard_ultrascale_v1_7_22_gtye4_cpll_cal_tx_i/U_TXOUTCLK_FREQ_COUNTER/testclk_cnt_reg[17]
    SLICE_X109Y10        CARRY8 (Prop_CARRY8_SLICEM_S[1]_O[1])
                                                      0.018     0.434 r  u_xdma/inst/pcie4_ip_i/inst/xdma_0_pcie4_ip_gt_top_i/diablo_gt.diablo_gt_phy_wrapper/gt_wizard.gtwizard_top_i/xdma_0_pcie4_ip_gt_i/inst/gen_gtwizard_gtye4_top.xdma_0_pcie4_ip_gt_gtwizard_gtye4_inst/gen_gtwizard_gtye4.gen_cpll_cal_gtye4.gen_cpll_cal_inst[0].gen_inst_cpll_cal.gtwizard_ultrascale_v1_7_22_gtye4_cpll_cal_inst/gtwizard_ultrascale_v1_7_22_gtye4_cpll_cal_tx_i/U_TXOUTCLK_FREQ_COUNTER/testclk_cnt_reg[16]_i_1/O[1]
                         net (fo=1, routed)           0.007     0.441    u_xdma/inst/pcie4_ip_i/inst/xdma_0_pcie4_ip_gt_top_i/diablo_gt.diablo_gt_phy_wrapper/gt_wizard.gtwizard_top_i/xdma_0_pcie4_ip_gt_i/inst/gen_gtwizard_gtye4_top.xdma_0_pcie4_ip_gt_gtwizard_gtye4_inst/gen_gtwizard_gtye4.gen_cpll_cal_gtye4.gen_cpll_cal_inst[0].gen_inst_cpll_cal.gtwizard_ultrascale_v1_7_22_gtye4_cpll_cal_inst/gtwizard_ultrascale_v1_7_22_gtye4_cpll_cal_tx_i/U_TXOUTCLK_FREQ_COUNTER/testclk_cnt_reg[16]_i_1_n_14
    SLICE_X109Y10        FDCE                                         r  u_xdma/inst/pcie4_ip_i/inst/xdma_0_pcie4_ip_gt_top_i/diablo_gt.diablo_gt_phy_wrapper/gt_wizard.gtwizard_top_i/xdma_0_pcie4_ip_gt_i/inst/gen_gtwizard_gtye4_top.xdma_0_pcie4_ip_gt_gtwizard_gtye4_inst/gen_gtwizard_gtye4.gen_cpll_cal_gtye4.gen_cpll_cal_inst[0].gen_inst_cpll_cal.gtwizard_ultrascale_v1_7_22_gtye4_cpll_cal_inst/gtwizard_ultrascale_v1_7_22_gtye4_cpll_cal_tx_i/U_TXOUTCLK_FREQ_COUNTER/testclk_cnt_reg[17]/D
  -------------------------------------------------------------------    -------------------

                         (clock u_xdma/inst/pcie4_ip_i/inst/xdma_0_pcie4_ip_gt_top_i/diablo_gt.diablo_gt_phy_wrapper/gt_wizard.gtwizard_top_i/xdma_0_pcie4_ip_gt_i/inst/gen_gtwizard_gtye4_top.xdma_0_pcie4_ip_gt_gtwizard_gtye4_inst/gen_gtwizard_gtye4.gen_cpll_cal_gtye4.gen_cpll_cal_inst[0].gen_inst_cpll_cal.gtwizard_ultrascale_v1_7_22_gtye4_cpll_cal_inst/gtwizard_ultrascale_v1_7_22_gtye4_cpll_cal_tx_i/bufg_gt_txoutclkmon_inst/O rise edge)
                                                      0.000     0.000 r  
    BUFG_GT_X0Y22        BUFG_GT                      0.000     0.000 r  u_xdma/inst/pcie4_ip_i/inst/xdma_0_pcie4_ip_gt_top_i/diablo_gt.diablo_gt_phy_wrapper/gt_wizard.gtwizard_top_i/xdma_0_pcie4_ip_gt_i/inst/gen_gtwizard_gtye4_top.xdma_0_pcie4_ip_gt_gtwizard_gtye4_inst/gen_gtwizard_gtye4.gen_cpll_cal_gtye4.gen_cpll_cal_inst[0].gen_inst_cpll_cal.gtwizard_ultrascale_v1_7_22_gtye4_cpll_cal_inst/gtwizard_ultrascale_v1_7_22_gtye4_cpll_cal_tx_i/bufg_gt_txoutclkmon_inst/O
    X3Y0 (CLOCK_ROOT)    net (fo=31, routed)          0.372     0.372    u_xdma/inst/pcie4_ip_i/inst/xdma_0_pcie4_ip_gt_top_i/diablo_gt.diablo_gt_phy_wrapper/gt_wizard.gtwizard_top_i/xdma_0_pcie4_ip_gt_i/inst/gen_gtwizard_gtye4_top.xdma_0_pcie4_ip_gt_gtwizard_gtye4_inst/gen_gtwizard_gtye4.gen_cpll_cal_gtye4.gen_cpll_cal_inst[0].gen_inst_cpll_cal.gtwizard_ultrascale_v1_7_22_gtye4_cpll_cal_inst/gtwizard_ultrascale_v1_7_22_gtye4_cpll_cal_tx_i/U_TXOUTCLK_FREQ_COUNTER/txoutclkmon
    SLICE_X109Y10        FDCE                                         r  u_xdma/inst/pcie4_ip_i/inst/xdma_0_pcie4_ip_gt_top_i/diablo_gt.diablo_gt_phy_wrapper/gt_wizard.gtwizard_top_i/xdma_0_pcie4_ip_gt_i/inst/gen_gtwizard_gtye4_top.xdma_0_pcie4_ip_gt_gtwizard_gtye4_inst/gen_gtwizard_gtye4.gen_cpll_cal_gtye4.gen_cpll_cal_inst[0].gen_inst_cpll_cal.gtwizard_ultrascale_v1_7_22_gtye4_cpll_cal_inst/gtwizard_ultrascale_v1_7_22_gtye4_cpll_cal_tx_i/U_TXOUTCLK_FREQ_COUNTER/testclk_cnt_reg[17]/C
                         clock pessimism             -0.043     0.329    
    SLICE_X109Y10        FDCE (Hold_BFF_SLICEM_C_D)
                                                      0.046     0.375    u_xdma/inst/pcie4_ip_i/inst/xdma_0_pcie4_ip_gt_top_i/diablo_gt.diablo_gt_phy_wrapper/gt_wizard.gtwizard_top_i/xdma_0_pcie4_ip_gt_i/inst/gen_gtwizard_gtye4_top.xdma_0_pcie4_ip_gt_gtwizard_gtye4_inst/gen_gtwizard_gtye4.gen_cpll_cal_gtye4.gen_cpll_cal_inst[0].gen_inst_cpll_cal.gtwizard_ultrascale_v1_7_22_gtye4_cpll_cal_inst/gtwizard_ultrascale_v1_7_22_gtye4_cpll_cal_tx_i/U_TXOUTCLK_FREQ_COUNTER/testclk_cnt_reg[17]
  -------------------------------------------------------------------
                         required time                         -0.375    
                         arrival time                           0.441    
  -------------------------------------------------------------------
                         slack                                  0.066    





Pulse Width Checks
--------------------------------------------------------------------------------------
Clock Name:         u_xdma/inst/pcie4_ip_i/inst/xdma_0_pcie4_ip_gt_top_i/diablo_gt.diablo_gt_phy_wrapper/gt_wizard.gtwizard_top_i/xdma_0_pcie4_ip_gt_i/inst/gen_gtwizard_gtye4_top.xdma_0_pcie4_ip_gt_gtwizard_gtye4_inst/gen_gtwizard_gtye4.gen_cpll_cal_gtye4.gen_cpll_cal_inst[0].gen_inst_cpll_cal.gtwizard_ultrascale_v1_7_22_gtye4_cpll_cal_inst/gtwizard_ultrascale_v1_7_22_gtye4_cpll_cal_tx_i/bufg_gt_txoutclkmon_inst/O
Waveform(ns):       { 0.000 4.000 }
Period(ns):         8.000
Sources:            { u_xdma/inst/pcie4_ip_i/inst/xdma_0_pcie4_ip_gt_top_i/diablo_gt.diablo_gt_phy_wrapper/gt_wizard.gtwizard_top_i/xdma_0_pcie4_ip_gt_i/inst/gen_gtwizard_gtye4_top.xdma_0_pcie4_ip_gt_gtwizard_gtye4_inst/gen_gtwizard_gtye4.gen_cpll_cal_gtye4.gen_cpll_cal_inst[0].gen_inst_cpll_cal.gtwizard_ultrascale_v1_7_22_gtye4_cpll_cal_inst/gtwizard_ultrascale_v1_7_22_gtye4_cpll_cal_tx_i/bufg_gt_txoutclkmon_inst/O }

Check Type        Corner  Lib Pin  Reference Pin  Required(ns)  Actual(ns)  Slack(ns)  Location      Pin
Min Period        n/a     FDCE/C   n/a            0.550         8.000       7.450      SLICE_X109Y8  u_xdma/inst/pcie4_ip_i/inst/xdma_0_pcie4_ip_gt_top_i/diablo_gt.diablo_gt_phy_wrapper/gt_wizard.gtwizard_top_i/xdma_0_pcie4_ip_gt_i/inst/gen_gtwizard_gtye4_top.xdma_0_pcie4_ip_gt_gtwizard_gtye4_inst/gen_gtwizard_gtye4.gen_cpll_cal_gtye4.gen_cpll_cal_inst[0].gen_inst_cpll_cal.gtwizard_ultrascale_v1_7_22_gtye4_cpll_cal_inst/gtwizard_ultrascale_v1_7_22_gtye4_cpll_cal_tx_i/U_TXOUTCLK_FREQ_COUNTER/testclk_cnt_reg[0]/C
Low Pulse Width   Slow    FDCE/C   n/a            0.275         4.000       3.725      SLICE_X109Y8  u_xdma/inst/pcie4_ip_i/inst/xdma_0_pcie4_ip_gt_top_i/diablo_gt.diablo_gt_phy_wrapper/gt_wizard.gtwizard_top_i/xdma_0_pcie4_ip_gt_i/inst/gen_gtwizard_gtye4_top.xdma_0_pcie4_ip_gt_gtwizard_gtye4_inst/gen_gtwizard_gtye4.gen_cpll_cal_gtye4.gen_cpll_cal_inst[0].gen_inst_cpll_cal.gtwizard_ultrascale_v1_7_22_gtye4_cpll_cal_inst/gtwizard_ultrascale_v1_7_22_gtye4_cpll_cal_tx_i/U_TXOUTCLK_FREQ_COUNTER/testclk_cnt_reg[0]/C
High Pulse Width  Slow    FDCE/C   n/a            0.275         4.000       3.725      SLICE_X109Y8  u_xdma/inst/pcie4_ip_i/inst/xdma_0_pcie4_ip_gt_top_i/diablo_gt.diablo_gt_phy_wrapper/gt_wizard.gtwizard_top_i/xdma_0_pcie4_ip_gt_i/inst/gen_gtwizard_gtye4_top.xdma_0_pcie4_ip_gt_gtwizard_gtye4_inst/gen_gtwizard_gtye4.gen_cpll_cal_gtye4.gen_cpll_cal_inst[0].gen_inst_cpll_cal.gtwizard_ultrascale_v1_7_22_gtye4_cpll_cal_inst/gtwizard_ultrascale_v1_7_22_gtye4_cpll_cal_tx_i/U_TXOUTCLK_FREQ_COUNTER/testclk_cnt_reg[0]/C



---------------------------------------------------------------------------------------------------
From Clock:  u_xdma/inst/pcie4_ip_i/inst/xdma_0_pcie4_ip_gt_top_i/diablo_gt.diablo_gt_phy_wrapper/gt_wizard.gtwizard_top_i/xdma_0_pcie4_ip_gt_i/inst/gen_gtwizard_gtye4_top.xdma_0_pcie4_ip_gt_gtwizard_gtye4_inst/gen_gtwizard_gtye4.gen_cpll_cal_gtye4.gen_cpll_cal_inst[1].gen_inst_cpll_cal.gtwizard_ultrascale_v1_7_22_gtye4_cpll_cal_inst/gtwizard_ultrascale_v1_7_22_gtye4_cpll_cal_tx_i/bufg_gt_txoutclkmon_inst/O
  To Clock:  u_xdma/inst/pcie4_ip_i/inst/xdma_0_pcie4_ip_gt_top_i/diablo_gt.diablo_gt_phy_wrapper/gt_wizard.gtwizard_top_i/xdma_0_pcie4_ip_gt_i/inst/gen_gtwizard_gtye4_top.xdma_0_pcie4_ip_gt_gtwizard_gtye4_inst/gen_gtwizard_gtye4.gen_cpll_cal_gtye4.gen_cpll_cal_inst[1].gen_inst_cpll_cal.gtwizard_ultrascale_v1_7_22_gtye4_cpll_cal_inst/gtwizard_ultrascale_v1_7_22_gtye4_cpll_cal_tx_i/bufg_gt_txoutclkmon_inst/O

Setup :            0  Failing Endpoints,  Worst Slack        6.889ns,  Total Violation        0.000ns
Hold  :            0  Failing Endpoints,  Worst Slack        0.052ns,  Total Violation        0.000ns
PW    :            0  Failing Endpoints,  Worst Slack        3.725ns,  Total Violation        0.000ns
---------------------------------------------------------------------------------------------------


Max Delay Paths
--------------------------------------------------------------------------------------
Slack (MET) :             6.889ns  (required time - arrival time)
  Source:                 u_xdma/inst/pcie4_ip_i/inst/xdma_0_pcie4_ip_gt_top_i/diablo_gt.diablo_gt_phy_wrapper/gt_wizard.gtwizard_top_i/xdma_0_pcie4_ip_gt_i/inst/gen_gtwizard_gtye4_top.xdma_0_pcie4_ip_gt_gtwizard_gtye4_inst/gen_gtwizard_gtye4.gen_cpll_cal_gtye4.gen_cpll_cal_inst[1].gen_inst_cpll_cal.gtwizard_ultrascale_v1_7_22_gtye4_cpll_cal_inst/gtwizard_ultrascale_v1_7_22_gtye4_cpll_cal_tx_i/U_TXOUTCLK_FREQ_COUNTER/testclk_div4_reg[1]/C
                            (rising edge-triggered cell FDRE clocked by u_xdma/inst/pcie4_ip_i/inst/xdma_0_pcie4_ip_gt_top_i/diablo_gt.diablo_gt_phy_wrapper/gt_wizard.gtwizard_top_i/xdma_0_pcie4_ip_gt_i/inst/gen_gtwizard_gtye4_top.xdma_0_pcie4_ip_gt_gtwizard_gtye4_inst/gen_gtwizard_gtye4.gen_cpll_cal_gtye4.gen_cpll_cal_inst[1].gen_inst_cpll_cal.gtwizard_ultrascale_v1_7_22_gtye4_cpll_cal_inst/gtwizard_ultrascale_v1_7_22_gtye4_cpll_cal_tx_i/bufg_gt_txoutclkmon_inst/O  {rise@0.000ns fall@4.000ns period=8.000ns})
  Destination:            u_xdma/inst/pcie4_ip_i/inst/xdma_0_pcie4_ip_gt_top_i/diablo_gt.diablo_gt_phy_wrapper/gt_wizard.gtwizard_top_i/xdma_0_pcie4_ip_gt_i/inst/gen_gtwizard_gtye4_top.xdma_0_pcie4_ip_gt_gtwizard_gtye4_inst/gen_gtwizard_gtye4.gen_cpll_cal_gtye4.gen_cpll_cal_inst[1].gen_inst_cpll_cal.gtwizard_ultrascale_v1_7_22_gtye4_cpll_cal_inst/gtwizard_ultrascale_v1_7_22_gtye4_cpll_cal_tx_i/U_TXOUTCLK_FREQ_COUNTER/testclk_cnt_reg[16]/CE
                            (rising edge-triggered cell FDCE clocked by u_xdma/inst/pcie4_ip_i/inst/xdma_0_pcie4_ip_gt_top_i/diablo_gt.diablo_gt_phy_wrapper/gt_wizard.gtwizard_top_i/xdma_0_pcie4_ip_gt_i/inst/gen_gtwizard_gtye4_top.xdma_0_pcie4_ip_gt_gtwizard_gtye4_inst/gen_gtwizard_gtye4.gen_cpll_cal_gtye4.gen_cpll_cal_inst[1].gen_inst_cpll_cal.gtwizard_ultrascale_v1_7_22_gtye4_cpll_cal_inst/gtwizard_ultrascale_v1_7_22_gtye4_cpll_cal_tx_i/bufg_gt_txoutclkmon_inst/O  {rise@0.000ns fall@4.000ns period=8.000ns})
  Path Group:             u_xdma/inst/pcie4_ip_i/inst/xdma_0_pcie4_ip_gt_top_i/diablo_gt.diablo_gt_phy_wrapper/gt_wizard.gtwizard_top_i/xdma_0_pcie4_ip_gt_i/inst/gen_gtwizard_gtye4_top.xdma_0_pcie4_ip_gt_gtwizard_gtye4_inst/gen_gtwizard_gtye4.gen_cpll_cal_gtye4.gen_cpll_cal_inst[1].gen_inst_cpll_cal.gtwizard_ultrascale_v1_7_22_gtye4_cpll_cal_inst/gtwizard_ultrascale_v1_7_22_gtye4_cpll_cal_tx_i/bufg_gt_txoutclkmon_inst/O
  Path Type:              Setup (Max at Slow Process Corner)
  Requirement:            8.000ns  (u_xdma/inst/pcie4_ip_i/inst/xdma_0_pcie4_ip_gt_top_i/diablo_gt.diablo_gt_phy_wrapper/gt_wizard.gtwizard_top_i/xdma_0_pcie4_ip_gt_i/inst/gen_gtwizard_gtye4_top.xdma_0_pcie4_ip_gt_gtwizard_gtye4_inst/gen_gtwizard_gtye4.gen_cpll_cal_gtye4.gen_cpll_cal_inst[1].gen_inst_cpll_cal.gtwizard_ultrascale_v1_7_22_gtye4_cpll_cal_inst/gtwizard_ultrascale_v1_7_22_gtye4_cpll_cal_tx_i/bufg_gt_txoutclkmon_inst/O rise@8.000ns - u_xdma/inst/pcie4_ip_i/inst/xdma_0_pcie4_ip_gt_top_i/diablo_gt.diablo_gt_phy_wrapper/gt_wizard.gtwizard_top_i/xdma_0_pcie4_ip_gt_i/inst/gen_gtwizard_gtye4_top.xdma_0_pcie4_ip_gt_gtwizard_gtye4_inst/gen_gtwizard_gtye4.gen_cpll_cal_gtye4.gen_cpll_cal_inst[1].gen_inst_cpll_cal.gtwizard_ultrascale_v1_7_22_gtye4_cpll_cal_inst/gtwizard_ultrascale_v1_7_22_gtye4_cpll_cal_tx_i/bufg_gt_txoutclkmon_inst/O rise@0.000ns)
  Data Path Delay:        0.927ns  (logic 0.280ns (30.200%)  route 0.647ns (69.800%))
  Logic Levels:           1  (LUT5=1)
  Clock Path Skew:        -0.094ns (DCD - SCD + CPR)
    Destination Clock Delay (DCD):    0.550ns = ( 8.550 - 8.000 ) 
    Source Clock Delay      (SCD):    0.646ns
    Clock Pessimism Removal (CPR):    0.002ns
  Clock Uncertainty:      0.046ns  ((TSJ^2 + DJ^2)^1/2) / 2 + PE
    Total System Jitter     (TSJ):    0.071ns
    Discrete Jitter          (DJ):    0.060ns
    Phase Error              (PE):    0.000ns
  Clock Net Delay (Source):      0.646ns (routing 0.002ns, distribution 0.644ns)
  Clock Net Delay (Destination): 0.550ns (routing 0.001ns, distribution 0.549ns)

    Location             Delay type                Incr(ns)  Path(ns)    Netlist Resource(s)
  -------------------------------------------------------------------    -------------------
                         (clock u_xdma/inst/pcie4_ip_i/inst/xdma_0_pcie4_ip_gt_top_i/diablo_gt.diablo_gt_phy_wrapper/gt_wizard.gtwizard_top_i/xdma_0_pcie4_ip_gt_i/inst/gen_gtwizard_gtye4_top.xdma_0_pcie4_ip_gt_gtwizard_gtye4_inst/gen_gtwizard_gtye4.gen_cpll_cal_gtye4.gen_cpll_cal_inst[1].gen_inst_cpll_cal.gtwizard_ultrascale_v1_7_22_gtye4_cpll_cal_inst/gtwizard_ultrascale_v1_7_22_gtye4_cpll_cal_tx_i/bufg_gt_txoutclkmon_inst/O rise edge)
                                                      0.000     0.000 r  
    BUFG_GT_X0Y21        BUFG_GT                      0.000     0.000 r  u_xdma/inst/pcie4_ip_i/inst/xdma_0_pcie4_ip_gt_top_i/diablo_gt.diablo_gt_phy_wrapper/gt_wizard.gtwizard_top_i/xdma_0_pcie4_ip_gt_i/inst/gen_gtwizard_gtye4_top.xdma_0_pcie4_ip_gt_gtwizard_gtye4_inst/gen_gtwizard_gtye4.gen_cpll_cal_gtye4.gen_cpll_cal_inst[1].gen_inst_cpll_cal.gtwizard_ultrascale_v1_7_22_gtye4_cpll_cal_inst/gtwizard_ultrascale_v1_7_22_gtye4_cpll_cal_tx_i/bufg_gt_txoutclkmon_inst/O
    X3Y0 (CLOCK_ROOT)    net (fo=31, routed)          0.646     0.646    u_xdma/inst/pcie4_ip_i/inst/xdma_0_pcie4_ip_gt_top_i/diablo_gt.diablo_gt_phy_wrapper/gt_wizard.gtwizard_top_i/xdma_0_pcie4_ip_gt_i/inst/gen_gtwizard_gtye4_top.xdma_0_pcie4_ip_gt_gtwizard_gtye4_inst/gen_gtwizard_gtye4.gen_cpll_cal_gtye4.gen_cpll_cal_inst[1].gen_inst_cpll_cal.gtwizard_ultrascale_v1_7_22_gtye4_cpll_cal_inst/gtwizard_ultrascale_v1_7_22_gtye4_cpll_cal_tx_i/U_TXOUTCLK_FREQ_COUNTER/txoutclkmon
    SLICE_X112Y13        FDRE                                         r  u_xdma/inst/pcie4_ip_i/inst/xdma_0_pcie4_ip_gt_top_i/diablo_gt.diablo_gt_phy_wrapper/gt_wizard.gtwizard_top_i/xdma_0_pcie4_ip_gt_i/inst/gen_gtwizard_gtye4_top.xdma_0_pcie4_ip_gt_gtwizard_gtye4_inst/gen_gtwizard_gtye4.gen_cpll_cal_gtye4.gen_cpll_cal_inst[1].gen_inst_cpll_cal.gtwizard_ultrascale_v1_7_22_gtye4_cpll_cal_inst/gtwizard_ultrascale_v1_7_22_gtye4_cpll_cal_tx_i/U_TXOUTCLK_FREQ_COUNTER/testclk_div4_reg[1]/C
  -------------------------------------------------------------------    -------------------
    SLICE_X112Y13        FDRE (Prop_EFF2_SLICEM_C_Q)
                                                      0.098     0.744 f  u_xdma/inst/pcie4_ip_i/inst/xdma_0_pcie4_ip_gt_top_i/diablo_gt.diablo_gt_phy_wrapper/gt_wizard.gtwizard_top_i/xdma_0_pcie4_ip_gt_i/inst/gen_gtwizard_gtye4_top.xdma_0_pcie4_ip_gt_gtwizard_gtye4_inst/gen_gtwizard_gtye4.gen_cpll_cal_gtye4.gen_cpll_cal_inst[1].gen_inst_cpll_cal.gtwizard_ultrascale_v1_7_22_gtye4_cpll_cal_inst/gtwizard_ultrascale_v1_7_22_gtye4_cpll_cal_tx_i/U_TXOUTCLK_FREQ_COUNTER/testclk_div4_reg[1]/Q
                         net (fo=2, routed)           0.244     0.988    u_xdma/inst/pcie4_ip_i/inst/xdma_0_pcie4_ip_gt_top_i/diablo_gt.diablo_gt_phy_wrapper/gt_wizard.gtwizard_top_i/xdma_0_pcie4_ip_gt_i/inst/gen_gtwizard_gtye4_top.xdma_0_pcie4_ip_gt_gtwizard_gtye4_inst/gen_gtwizard_gtye4.gen_cpll_cal_gtye4.gen_cpll_cal_inst[1].gen_inst_cpll_cal.gtwizard_ultrascale_v1_7_22_gtye4_cpll_cal_inst/gtwizard_ultrascale_v1_7_22_gtye4_cpll_cal_tx_i/U_TXOUTCLK_FREQ_COUNTER/testclk_div4[1]
    SLICE_X112Y13        LUT5 (Prop_H6LUT_SLICEM_I1_O)
                                                      0.182     1.170 r  u_xdma/inst/pcie4_ip_i/inst/xdma_0_pcie4_ip_gt_top_i/diablo_gt.diablo_gt_phy_wrapper/gt_wizard.gtwizard_top_i/xdma_0_pcie4_ip_gt_i/inst/gen_gtwizard_gtye4_top.xdma_0_pcie4_ip_gt_gtwizard_gtye4_inst/gen_gtwizard_gtye4.gen_cpll_cal_gtye4.gen_cpll_cal_inst[1].gen_inst_cpll_cal.gtwizard_ultrascale_v1_7_22_gtye4_cpll_cal_inst/gtwizard_ultrascale_v1_7_22_gtye4_cpll_cal_tx_i/U_TXOUTCLK_FREQ_COUNTER/testclk_cnt0__0/O
                         net (fo=18, routed)          0.403     1.573    u_xdma/inst/pcie4_ip_i/inst/xdma_0_pcie4_ip_gt_top_i/diablo_gt.diablo_gt_phy_wrapper/gt_wizard.gtwizard_top_i/xdma_0_pcie4_ip_gt_i/inst/gen_gtwizard_gtye4_top.xdma_0_pcie4_ip_gt_gtwizard_gtye4_inst/gen_gtwizard_gtye4.gen_cpll_cal_gtye4.gen_cpll_cal_inst[1].gen_inst_cpll_cal.gtwizard_ultrascale_v1_7_22_gtye4_cpll_cal_inst/gtwizard_ultrascale_v1_7_22_gtye4_cpll_cal_tx_i/U_TXOUTCLK_FREQ_COUNTER/testclk_cnt0__0_n_0
    SLICE_X109Y14        FDCE                                         r  u_xdma/inst/pcie4_ip_i/inst/xdma_0_pcie4_ip_gt_top_i/diablo_gt.diablo_gt_phy_wrapper/gt_wizard.gtwizard_top_i/xdma_0_pcie4_ip_gt_i/inst/gen_gtwizard_gtye4_top.xdma_0_pcie4_ip_gt_gtwizard_gtye4_inst/gen_gtwizard_gtye4.gen_cpll_cal_gtye4.gen_cpll_cal_inst[1].gen_inst_cpll_cal.gtwizard_ultrascale_v1_7_22_gtye4_cpll_cal_inst/gtwizard_ultrascale_v1_7_22_gtye4_cpll_cal_tx_i/U_TXOUTCLK_FREQ_COUNTER/testclk_cnt_reg[16]/CE
  -------------------------------------------------------------------    -------------------

                         (clock u_xdma/inst/pcie4_ip_i/inst/xdma_0_pcie4_ip_gt_top_i/diablo_gt.diablo_gt_phy_wrapper/gt_wizard.gtwizard_top_i/xdma_0_pcie4_ip_gt_i/inst/gen_gtwizard_gtye4_top.xdma_0_pcie4_ip_gt_gtwizard_gtye4_inst/gen_gtwizard_gtye4.gen_cpll_cal_gtye4.gen_cpll_cal_inst[1].gen_inst_cpll_cal.gtwizard_ultrascale_v1_7_22_gtye4_cpll_cal_inst/gtwizard_ultrascale_v1_7_22_gtye4_cpll_cal_tx_i/bufg_gt_txoutclkmon_inst/O rise edge)
                                                      8.000     8.000 r  
    BUFG_GT_X0Y21        BUFG_GT                      0.000     8.000 r  u_xdma/inst/pcie4_ip_i/inst/xdma_0_pcie4_ip_gt_top_i/diablo_gt.diablo_gt_phy_wrapper/gt_wizard.gtwizard_top_i/xdma_0_pcie4_ip_gt_i/inst/gen_gtwizard_gtye4_top.xdma_0_pcie4_ip_gt_gtwizard_gtye4_inst/gen_gtwizard_gtye4.gen_cpll_cal_gtye4.gen_cpll_cal_inst[1].gen_inst_cpll_cal.gtwizard_ultrascale_v1_7_22_gtye4_cpll_cal_inst/gtwizard_ultrascale_v1_7_22_gtye4_cpll_cal_tx_i/bufg_gt_txoutclkmon_inst/O
    X3Y0 (CLOCK_ROOT)    net (fo=31, routed)          0.550     8.550    u_xdma/inst/pcie4_ip_i/inst/xdma_0_pcie4_ip_gt_top_i/diablo_gt.diablo_gt_phy_wrapper/gt_wizard.gtwizard_top_i/xdma_0_pcie4_ip_gt_i/inst/gen_gtwizard_gtye4_top.xdma_0_pcie4_ip_gt_gtwizard_gtye4_inst/gen_gtwizard_gtye4.gen_cpll_cal_gtye4.gen_cpll_cal_inst[1].gen_inst_cpll_cal.gtwizard_ultrascale_v1_7_22_gtye4_cpll_cal_inst/gtwizard_ultrascale_v1_7_22_gtye4_cpll_cal_tx_i/U_TXOUTCLK_FREQ_COUNTER/txoutclkmon
    SLICE_X109Y14        FDCE                                         r  u_xdma/inst/pcie4_ip_i/inst/xdma_0_pcie4_ip_gt_top_i/diablo_gt.diablo_gt_phy_wrapper/gt_wizard.gtwizard_top_i/xdma_0_pcie4_ip_gt_i/inst/gen_gtwizard_gtye4_top.xdma_0_pcie4_ip_gt_gtwizard_gtye4_inst/gen_gtwizard_gtye4.gen_cpll_cal_gtye4.gen_cpll_cal_inst[1].gen_inst_cpll_cal.gtwizard_ultrascale_v1_7_22_gtye4_cpll_cal_inst/gtwizard_ultrascale_v1_7_22_gtye4_cpll_cal_tx_i/U_TXOUTCLK_FREQ_COUNTER/testclk_cnt_reg[16]/C
                         clock pessimism              0.002     8.552    
                         clock uncertainty           -0.046     8.506    
    SLICE_X109Y14        FDCE (Setup_AFF_SLICEM_C_CE)
                                                     -0.043     8.463    u_xdma/inst/pcie4_ip_i/inst/xdma_0_pcie4_ip_gt_top_i/diablo_gt.diablo_gt_phy_wrapper/gt_wizard.gtwizard_top_i/xdma_0_pcie4_ip_gt_i/inst/gen_gtwizard_gtye4_top.xdma_0_pcie4_ip_gt_gtwizard_gtye4_inst/gen_gtwizard_gtye4.gen_cpll_cal_gtye4.gen_cpll_cal_inst[1].gen_inst_cpll_cal.gtwizard_ultrascale_v1_7_22_gtye4_cpll_cal_inst/gtwizard_ultrascale_v1_7_22_gtye4_cpll_cal_tx_i/U_TXOUTCLK_FREQ_COUNTER/testclk_cnt_reg[16]
  -------------------------------------------------------------------
                         required time                          8.463    
                         arrival time                          -1.573    
  -------------------------------------------------------------------
                         slack                                  6.889    





Min Delay Paths
--------------------------------------------------------------------------------------
Slack (MET) :             0.052ns  (arrival time - required time)
  Source:                 u_xdma/inst/pcie4_ip_i/inst/xdma_0_pcie4_ip_gt_top_i/diablo_gt.diablo_gt_phy_wrapper/gt_wizard.gtwizard_top_i/xdma_0_pcie4_ip_gt_i/inst/gen_gtwizard_gtye4_top.xdma_0_pcie4_ip_gt_gtwizard_gtye4_inst/gen_gtwizard_gtye4.gen_cpll_cal_gtye4.gen_cpll_cal_inst[1].gen_inst_cpll_cal.gtwizard_ultrascale_v1_7_22_gtye4_cpll_cal_inst/gtwizard_ultrascale_v1_7_22_gtye4_cpll_cal_tx_i/U_TXOUTCLK_FREQ_COUNTER/testclk_div4_reg[0]/C
                            (rising edge-triggered cell FDSE clocked by u_xdma/inst/pcie4_ip_i/inst/xdma_0_pcie4_ip_gt_top_i/diablo_gt.diablo_gt_phy_wrapper/gt_wizard.gtwizard_top_i/xdma_0_pcie4_ip_gt_i/inst/gen_gtwizard_gtye4_top.xdma_0_pcie4_ip_gt_gtwizard_gtye4_inst/gen_gtwizard_gtye4.gen_cpll_cal_gtye4.gen_cpll_cal_inst[1].gen_inst_cpll_cal.gtwizard_ultrascale_v1_7_22_gtye4_cpll_cal_inst/gtwizard_ultrascale_v1_7_22_gtye4_cpll_cal_tx_i/bufg_gt_txoutclkmon_inst/O  {rise@0.000ns fall@4.000ns period=8.000ns})
  Destination:            u_xdma/inst/pcie4_ip_i/inst/xdma_0_pcie4_ip_gt_top_i/diablo_gt.diablo_gt_phy_wrapper/gt_wizard.gtwizard_top_i/xdma_0_pcie4_ip_gt_i/inst/gen_gtwizard_gtye4_top.xdma_0_pcie4_ip_gt_gtwizard_gtye4_inst/gen_gtwizard_gtye4.gen_cpll_cal_gtye4.gen_cpll_cal_inst[1].gen_inst_cpll_cal.gtwizard_ultrascale_v1_7_22_gtye4_cpll_cal_inst/gtwizard_ultrascale_v1_7_22_gtye4_cpll_cal_tx_i/U_TXOUTCLK_FREQ_COUNTER/testclk_div4_reg[1]/D
                            (rising edge-triggered cell FDRE clocked by u_xdma/inst/pcie4_ip_i/inst/xdma_0_pcie4_ip_gt_top_i/diablo_gt.diablo_gt_phy_wrapper/gt_wizard.gtwizard_top_i/xdma_0_pcie4_ip_gt_i/inst/gen_gtwizard_gtye4_top.xdma_0_pcie4_ip_gt_gtwizard_gtye4_inst/gen_gtwizard_gtye4.gen_cpll_cal_gtye4.gen_cpll_cal_inst[1].gen_inst_cpll_cal.gtwizard_ultrascale_v1_7_22_gtye4_cpll_cal_inst/gtwizard_ultrascale_v1_7_22_gtye4_cpll_cal_tx_i/bufg_gt_txoutclkmon_inst/O  {rise@0.000ns fall@4.000ns period=8.000ns})
  Path Group:             u_xdma/inst/pcie4_ip_i/inst/xdma_0_pcie4_ip_gt_top_i/diablo_gt.diablo_gt_phy_wrapper/gt_wizard.gtwizard_top_i/xdma_0_pcie4_ip_gt_i/inst/gen_gtwizard_gtye4_top.xdma_0_pcie4_ip_gt_gtwizard_gtye4_inst/gen_gtwizard_gtye4.gen_cpll_cal_gtye4.gen_cpll_cal_inst[1].gen_inst_cpll_cal.gtwizard_ultrascale_v1_7_22_gtye4_cpll_cal_inst/gtwizard_ultrascale_v1_7_22_gtye4_cpll_cal_tx_i/bufg_gt_txoutclkmon_inst/O
  Path Type:              Hold (Min at Fast Process Corner)
  Requirement:            0.000ns  (u_xdma/inst/pcie4_ip_i/inst/xdma_0_pcie4_ip_gt_top_i/diablo_gt.diablo_gt_phy_wrapper/gt_wizard.gtwizard_top_i/xdma_0_pcie4_ip_gt_i/inst/gen_gtwizard_gtye4_top.xdma_0_pcie4_ip_gt_gtwizard_gtye4_inst/gen_gtwizard_gtye4.gen_cpll_cal_gtye4.gen_cpll_cal_inst[1].gen_inst_cpll_cal.gtwizard_ultrascale_v1_7_22_gtye4_cpll_cal_inst/gtwizard_ultrascale_v1_7_22_gtye4_cpll_cal_tx_i/bufg_gt_txoutclkmon_inst/O rise@0.000ns - u_xdma/inst/pcie4_ip_i/inst/xdma_0_pcie4_ip_gt_top_i/diablo_gt.diablo_gt_phy_wrapper/gt_wizard.gtwizard_top_i/xdma_0_pcie4_ip_gt_i/inst/gen_gtwizard_gtye4_top.xdma_0_pcie4_ip_gt_gtwizard_gtye4_inst/gen_gtwizard_gtye4.gen_cpll_cal_gtye4.gen_cpll_cal_inst[1].gen_inst_cpll_cal.gtwizard_ultrascale_v1_7_22_gtye4_cpll_cal_inst/gtwizard_ultrascale_v1_7_22_gtye4_cpll_cal_tx_i/bufg_gt_txoutclkmon_inst/O rise@0.000ns)
  Data Path Delay:        0.105ns  (logic 0.038ns (36.301%)  route 0.067ns (63.699%))
  Logic Levels:           0  
  Clock Path Skew:        0.006ns (DCD - SCD - CPR)
    Destination Clock Delay (DCD):    0.370ns
    Source Clock Delay      (SCD):    0.321ns
    Clock Pessimism Removal (CPR):    0.044ns
  Clock Net Delay (Source):      0.321ns (routing 0.001ns, distribution 0.320ns)
  Clock Net Delay (Destination): 0.370ns (routing 0.001ns, distribution 0.369ns)

    Location             Delay type                Incr(ns)  Path(ns)    Netlist Resource(s)
  -------------------------------------------------------------------    -------------------
                         (clock u_xdma/inst/pcie4_ip_i/inst/xdma_0_pcie4_ip_gt_top_i/diablo_gt.diablo_gt_phy_wrapper/gt_wizard.gtwizard_top_i/xdma_0_pcie4_ip_gt_i/inst/gen_gtwizard_gtye4_top.xdma_0_pcie4_ip_gt_gtwizard_gtye4_inst/gen_gtwizard_gtye4.gen_cpll_cal_gtye4.gen_cpll_cal_inst[1].gen_inst_cpll_cal.gtwizard_ultrascale_v1_7_22_gtye4_cpll_cal_inst/gtwizard_ultrascale_v1_7_22_gtye4_cpll_cal_tx_i/bufg_gt_txoutclkmon_inst/O rise edge)
                                                      0.000     0.000 r  
    BUFG_GT_X0Y21        BUFG_GT                      0.000     0.000 r  u_xdma/inst/pcie4_ip_i/inst/xdma_0_pcie4_ip_gt_top_i/diablo_gt.diablo_gt_phy_wrapper/gt_wizard.gtwizard_top_i/xdma_0_pcie4_ip_gt_i/inst/gen_gtwizard_gtye4_top.xdma_0_pcie4_ip_gt_gtwizard_gtye4_inst/gen_gtwizard_gtye4.gen_cpll_cal_gtye4.gen_cpll_cal_inst[1].gen_inst_cpll_cal.gtwizard_ultrascale_v1_7_22_gtye4_cpll_cal_inst/gtwizard_ultrascale_v1_7_22_gtye4_cpll_cal_tx_i/bufg_gt_txoutclkmon_inst/O
    X3Y0 (CLOCK_ROOT)    net (fo=31, routed)          0.321     0.321    u_xdma/inst/pcie4_ip_i/inst/xdma_0_pcie4_ip_gt_top_i/diablo_gt.diablo_gt_phy_wrapper/gt_wizard.gtwizard_top_i/xdma_0_pcie4_ip_gt_i/inst/gen_gtwizard_gtye4_top.xdma_0_pcie4_ip_gt_gtwizard_gtye4_inst/gen_gtwizard_gtye4.gen_cpll_cal_gtye4.gen_cpll_cal_inst[1].gen_inst_cpll_cal.gtwizard_ultrascale_v1_7_22_gtye4_cpll_cal_inst/gtwizard_ultrascale_v1_7_22_gtye4_cpll_cal_tx_i/U_TXOUTCLK_FREQ_COUNTER/txoutclkmon
    SLICE_X112Y13        FDSE                                         r  u_xdma/inst/pcie4_ip_i/inst/xdma_0_pcie4_ip_gt_top_i/diablo_gt.diablo_gt_phy_wrapper/gt_wizard.gtwizard_top_i/xdma_0_pcie4_ip_gt_i/inst/gen_gtwizard_gtye4_top.xdma_0_pcie4_ip_gt_gtwizard_gtye4_inst/gen_gtwizard_gtye4.gen_cpll_cal_gtye4.gen_cpll_cal_inst[1].gen_inst_cpll_cal.gtwizard_ultrascale_v1_7_22_gtye4_cpll_cal_inst/gtwizard_ultrascale_v1_7_22_gtye4_cpll_cal_tx_i/U_TXOUTCLK_FREQ_COUNTER/testclk_div4_reg[0]/C
  -------------------------------------------------------------------    -------------------
    SLICE_X112Y13        FDSE (Prop_EFF_SLICEM_C_Q)
                                                      0.038     0.359 r  u_xdma/inst/pcie4_ip_i/inst/xdma_0_pcie4_ip_gt_top_i/diablo_gt.diablo_gt_phy_wrapper/gt_wizard.gtwizard_top_i/xdma_0_pcie4_ip_gt_i/inst/gen_gtwizard_gtye4_top.xdma_0_pcie4_ip_gt_gtwizard_gtye4_inst/gen_gtwizard_gtye4.gen_cpll_cal_gtye4.gen_cpll_cal_inst[1].gen_inst_cpll_cal.gtwizard_ultrascale_v1_7_22_gtye4_cpll_cal_inst/gtwizard_ultrascale_v1_7_22_gtye4_cpll_cal_tx_i/U_TXOUTCLK_FREQ_COUNTER/testclk_div4_reg[0]/Q
                         net (fo=2, routed)           0.067     0.425    u_xdma/inst/pcie4_ip_i/inst/xdma_0_pcie4_ip_gt_top_i/diablo_gt.diablo_gt_phy_wrapper/gt_wizard.gtwizard_top_i/xdma_0_pcie4_ip_gt_i/inst/gen_gtwizard_gtye4_top.xdma_0_pcie4_ip_gt_gtwizard_gtye4_inst/gen_gtwizard_gtye4.gen_cpll_cal_gtye4.gen_cpll_cal_inst[1].gen_inst_cpll_cal.gtwizard_ultrascale_v1_7_22_gtye4_cpll_cal_inst/gtwizard_ultrascale_v1_7_22_gtye4_cpll_cal_tx_i/U_TXOUTCLK_FREQ_COUNTER/testclk_div4[0]
    SLICE_X112Y13        FDRE                                         r  u_xdma/inst/pcie4_ip_i/inst/xdma_0_pcie4_ip_gt_top_i/diablo_gt.diablo_gt_phy_wrapper/gt_wizard.gtwizard_top_i/xdma_0_pcie4_ip_gt_i/inst/gen_gtwizard_gtye4_top.xdma_0_pcie4_ip_gt_gtwizard_gtye4_inst/gen_gtwizard_gtye4.gen_cpll_cal_gtye4.gen_cpll_cal_inst[1].gen_inst_cpll_cal.gtwizard_ultrascale_v1_7_22_gtye4_cpll_cal_inst/gtwizard_ultrascale_v1_7_22_gtye4_cpll_cal_tx_i/U_TXOUTCLK_FREQ_COUNTER/testclk_div4_reg[1]/D
  -------------------------------------------------------------------    -------------------

                         (clock u_xdma/inst/pcie4_ip_i/inst/xdma_0_pcie4_ip_gt_top_i/diablo_gt.diablo_gt_phy_wrapper/gt_wizard.gtwizard_top_i/xdma_0_pcie4_ip_gt_i/inst/gen_gtwizard_gtye4_top.xdma_0_pcie4_ip_gt_gtwizard_gtye4_inst/gen_gtwizard_gtye4.gen_cpll_cal_gtye4.gen_cpll_cal_inst[1].gen_inst_cpll_cal.gtwizard_ultrascale_v1_7_22_gtye4_cpll_cal_inst/gtwizard_ultrascale_v1_7_22_gtye4_cpll_cal_tx_i/bufg_gt_txoutclkmon_inst/O rise edge)
                                                      0.000     0.000 r  
    BUFG_GT_X0Y21        BUFG_GT                      0.000     0.000 r  u_xdma/inst/pcie4_ip_i/inst/xdma_0_pcie4_ip_gt_top_i/diablo_gt.diablo_gt_phy_wrapper/gt_wizard.gtwizard_top_i/xdma_0_pcie4_ip_gt_i/inst/gen_gtwizard_gtye4_top.xdma_0_pcie4_ip_gt_gtwizard_gtye4_inst/gen_gtwizard_gtye4.gen_cpll_cal_gtye4.gen_cpll_cal_inst[1].gen_inst_cpll_cal.gtwizard_ultrascale_v1_7_22_gtye4_cpll_cal_inst/gtwizard_ultrascale_v1_7_22_gtye4_cpll_cal_tx_i/bufg_gt_txoutclkmon_inst/O
    X3Y0 (CLOCK_ROOT)    net (fo=31, routed)          0.370     0.370    u_xdma/inst/pcie4_ip_i/inst/xdma_0_pcie4_ip_gt_top_i/diablo_gt.diablo_gt_phy_wrapper/gt_wizard.gtwizard_top_i/xdma_0_pcie4_ip_gt_i/inst/gen_gtwizard_gtye4_top.xdma_0_pcie4_ip_gt_gtwizard_gtye4_inst/gen_gtwizard_gtye4.gen_cpll_cal_gtye4.gen_cpll_cal_inst[1].gen_inst_cpll_cal.gtwizard_ultrascale_v1_7_22_gtye4_cpll_cal_inst/gtwizard_ultrascale_v1_7_22_gtye4_cpll_cal_tx_i/U_TXOUTCLK_FREQ_COUNTER/txoutclkmon
    SLICE_X112Y13        FDRE                                         r  u_xdma/inst/pcie4_ip_i/inst/xdma_0_pcie4_ip_gt_top_i/diablo_gt.diablo_gt_phy_wrapper/gt_wizard.gtwizard_top_i/xdma_0_pcie4_ip_gt_i/inst/gen_gtwizard_gtye4_top.xdma_0_pcie4_ip_gt_gtwizard_gtye4_inst/gen_gtwizard_gtye4.gen_cpll_cal_gtye4.gen_cpll_cal_inst[1].gen_inst_cpll_cal.gtwizard_ultrascale_v1_7_22_gtye4_cpll_cal_inst/gtwizard_ultrascale_v1_7_22_gtye4_cpll_cal_tx_i/U_TXOUTCLK_FREQ_COUNTER/testclk_div4_reg[1]/C
                         clock pessimism             -0.044     0.327    
    SLICE_X112Y13        FDRE (Hold_EFF2_SLICEM_C_D)
                                                      0.047     0.374    u_xdma/inst/pcie4_ip_i/inst/xdma_0_pcie4_ip_gt_top_i/diablo_gt.diablo_gt_phy_wrapper/gt_wizard.gtwizard_top_i/xdma_0_pcie4_ip_gt_i/inst/gen_gtwizard_gtye4_top.xdma_0_pcie4_ip_gt_gtwizard_gtye4_inst/gen_gtwizard_gtye4.gen_cpll_cal_gtye4.gen_cpll_cal_inst[1].gen_inst_cpll_cal.gtwizard_ultrascale_v1_7_22_gtye4_cpll_cal_inst/gtwizard_ultrascale_v1_7_22_gtye4_cpll_cal_tx_i/U_TXOUTCLK_FREQ_COUNTER/testclk_div4_reg[1]
  -------------------------------------------------------------------
                         required time                         -0.374    
                         arrival time                           0.425    
  -------------------------------------------------------------------
                         slack                                  0.052    





Pulse Width Checks
--------------------------------------------------------------------------------------
Clock Name:         u_xdma/inst/pcie4_ip_i/inst/xdma_0_pcie4_ip_gt_top_i/diablo_gt.diablo_gt_phy_wrapper/gt_wizard.gtwizard_top_i/xdma_0_pcie4_ip_gt_i/inst/gen_gtwizard_gtye4_top.xdma_0_pcie4_ip_gt_gtwizard_gtye4_inst/gen_gtwizard_gtye4.gen_cpll_cal_gtye4.gen_cpll_cal_inst[1].gen_inst_cpll_cal.gtwizard_ultrascale_v1_7_22_gtye4_cpll_cal_inst/gtwizard_ultrascale_v1_7_22_gtye4_cpll_cal_tx_i/bufg_gt_txoutclkmon_inst/O
Waveform(ns):       { 0.000 4.000 }
Period(ns):         8.000
Sources:            { u_xdma/inst/pcie4_ip_i/inst/xdma_0_pcie4_ip_gt_top_i/diablo_gt.diablo_gt_phy_wrapper/gt_wizard.gtwizard_top_i/xdma_0_pcie4_ip_gt_i/inst/gen_gtwizard_gtye4_top.xdma_0_pcie4_ip_gt_gtwizard_gtye4_inst/gen_gtwizard_gtye4.gen_cpll_cal_gtye4.gen_cpll_cal_inst[1].gen_inst_cpll_cal.gtwizard_ultrascale_v1_7_22_gtye4_cpll_cal_inst/gtwizard_ultrascale_v1_7_22_gtye4_cpll_cal_tx_i/bufg_gt_txoutclkmon_inst/O }

Check Type        Corner  Lib Pin  Reference Pin  Required(ns)  Actual(ns)  Slack(ns)  Location       Pin
Min Period        n/a     FDCE/C   n/a            0.550         8.000       7.450      SLICE_X109Y12  u_xdma/inst/pcie4_ip_i/inst/xdma_0_pcie4_ip_gt_top_i/diablo_gt.diablo_gt_phy_wrapper/gt_wizard.gtwizard_top_i/xdma_0_pcie4_ip_gt_i/inst/gen_gtwizard_gtye4_top.xdma_0_pcie4_ip_gt_gtwizard_gtye4_inst/gen_gtwizard_gtye4.gen_cpll_cal_gtye4.gen_cpll_cal_inst[1].gen_inst_cpll_cal.gtwizard_ultrascale_v1_7_22_gtye4_cpll_cal_inst/gtwizard_ultrascale_v1_7_22_gtye4_cpll_cal_tx_i/U_TXOUTCLK_FREQ_COUNTER/testclk_cnt_reg[0]/C
Low Pulse Width   Slow    FDCE/C   n/a            0.275         4.000       3.725      SLICE_X109Y12  u_xdma/inst/pcie4_ip_i/inst/xdma_0_pcie4_ip_gt_top_i/diablo_gt.diablo_gt_phy_wrapper/gt_wizard.gtwizard_top_i/xdma_0_pcie4_ip_gt_i/inst/gen_gtwizard_gtye4_top.xdma_0_pcie4_ip_gt_gtwizard_gtye4_inst/gen_gtwizard_gtye4.gen_cpll_cal_gtye4.gen_cpll_cal_inst[1].gen_inst_cpll_cal.gtwizard_ultrascale_v1_7_22_gtye4_cpll_cal_inst/gtwizard_ultrascale_v1_7_22_gtye4_cpll_cal_tx_i/U_TXOUTCLK_FREQ_COUNTER/testclk_cnt_reg[0]/C
High Pulse Width  Slow    FDCE/C   n/a            0.275         4.000       3.725      SLICE_X109Y12  u_xdma/inst/pcie4_ip_i/inst/xdma_0_pcie4_ip_gt_top_i/diablo_gt.diablo_gt_phy_wrapper/gt_wizard.gtwizard_top_i/xdma_0_pcie4_ip_gt_i/inst/gen_gtwizard_gtye4_top.xdma_0_pcie4_ip_gt_gtwizard_gtye4_inst/gen_gtwizard_gtye4.gen_cpll_cal_gtye4.gen_cpll_cal_inst[1].gen_inst_cpll_cal.gtwizard_ultrascale_v1_7_22_gtye4_cpll_cal_inst/gtwizard_ultrascale_v1_7_22_gtye4_cpll_cal_tx_i/U_TXOUTCLK_FREQ_COUNTER/testclk_cnt_reg[0]/C



---------------------------------------------------------------------------------------------------
From Clock:  u_xdma/inst/pcie4_ip_i/inst/xdma_0_pcie4_ip_gt_top_i/diablo_gt.diablo_gt_phy_wrapper/gt_wizard.gtwizard_top_i/xdma_0_pcie4_ip_gt_i/inst/gen_gtwizard_gtye4_top.xdma_0_pcie4_ip_gt_gtwizard_gtye4_inst/gen_gtwizard_gtye4.gen_cpll_cal_gtye4.gen_cpll_cal_inst[2].gen_inst_cpll_cal.gtwizard_ultrascale_v1_7_22_gtye4_cpll_cal_inst/gtwizard_ultrascale_v1_7_22_gtye4_cpll_cal_tx_i/bufg_gt_txoutclkmon_inst/O
  To Clock:  u_xdma/inst/pcie4_ip_i/inst/xdma_0_pcie4_ip_gt_top_i/diablo_gt.diablo_gt_phy_wrapper/gt_wizard.gtwizard_top_i/xdma_0_pcie4_ip_gt_i/inst/gen_gtwizard_gtye4_top.xdma_0_pcie4_ip_gt_gtwizard_gtye4_inst/gen_gtwizard_gtye4.gen_cpll_cal_gtye4.gen_cpll_cal_inst[2].gen_inst_cpll_cal.gtwizard_ultrascale_v1_7_22_gtye4_cpll_cal_inst/gtwizard_ultrascale_v1_7_22_gtye4_cpll_cal_tx_i/bufg_gt_txoutclkmon_inst/O

Setup :            0  Failing Endpoints,  Worst Slack        6.881ns,  Total Violation        0.000ns
Hold  :            0  Failing Endpoints,  Worst Slack        0.066ns,  Total Violation        0.000ns
PW    :            0  Failing Endpoints,  Worst Slack        3.725ns,  Total Violation        0.000ns
---------------------------------------------------------------------------------------------------


Max Delay Paths
--------------------------------------------------------------------------------------
Slack (MET) :             6.881ns  (required time - arrival time)
  Source:                 u_xdma/inst/pcie4_ip_i/inst/xdma_0_pcie4_ip_gt_top_i/diablo_gt.diablo_gt_phy_wrapper/gt_wizard.gtwizard_top_i/xdma_0_pcie4_ip_gt_i/inst/gen_gtwizard_gtye4_top.xdma_0_pcie4_ip_gt_gtwizard_gtye4_inst/gen_gtwizard_gtye4.gen_cpll_cal_gtye4.gen_cpll_cal_inst[2].gen_inst_cpll_cal.gtwizard_ultrascale_v1_7_22_gtye4_cpll_cal_inst/gtwizard_ultrascale_v1_7_22_gtye4_cpll_cal_tx_i/U_TXOUTCLK_FREQ_COUNTER/testclk_div4_reg[1]/C
                            (rising edge-triggered cell FDRE clocked by u_xdma/inst/pcie4_ip_i/inst/xdma_0_pcie4_ip_gt_top_i/diablo_gt.diablo_gt_phy_wrapper/gt_wizard.gtwizard_top_i/xdma_0_pcie4_ip_gt_i/inst/gen_gtwizard_gtye4_top.xdma_0_pcie4_ip_gt_gtwizard_gtye4_inst/gen_gtwizard_gtye4.gen_cpll_cal_gtye4.gen_cpll_cal_inst[2].gen_inst_cpll_cal.gtwizard_ultrascale_v1_7_22_gtye4_cpll_cal_inst/gtwizard_ultrascale_v1_7_22_gtye4_cpll_cal_tx_i/bufg_gt_txoutclkmon_inst/O  {rise@0.000ns fall@4.000ns period=8.000ns})
  Destination:            u_xdma/inst/pcie4_ip_i/inst/xdma_0_pcie4_ip_gt_top_i/diablo_gt.diablo_gt_phy_wrapper/gt_wizard.gtwizard_top_i/xdma_0_pcie4_ip_gt_i/inst/gen_gtwizard_gtye4_top.xdma_0_pcie4_ip_gt_gtwizard_gtye4_inst/gen_gtwizard_gtye4.gen_cpll_cal_gtye4.gen_cpll_cal_inst[2].gen_inst_cpll_cal.gtwizard_ultrascale_v1_7_22_gtye4_cpll_cal_inst/gtwizard_ultrascale_v1_7_22_gtye4_cpll_cal_tx_i/U_TXOUTCLK_FREQ_COUNTER/testclk_cnt_reg[0]/CE
                            (rising edge-triggered cell FDCE clocked by u_xdma/inst/pcie4_ip_i/inst/xdma_0_pcie4_ip_gt_top_i/diablo_gt.diablo_gt_phy_wrapper/gt_wizard.gtwizard_top_i/xdma_0_pcie4_ip_gt_i/inst/gen_gtwizard_gtye4_top.xdma_0_pcie4_ip_gt_gtwizard_gtye4_inst/gen_gtwizard_gtye4.gen_cpll_cal_gtye4.gen_cpll_cal_inst[2].gen_inst_cpll_cal.gtwizard_ultrascale_v1_7_22_gtye4_cpll_cal_inst/gtwizard_ultrascale_v1_7_22_gtye4_cpll_cal_tx_i/bufg_gt_txoutclkmon_inst/O  {rise@0.000ns fall@4.000ns period=8.000ns})
  Path Group:             u_xdma/inst/pcie4_ip_i/inst/xdma_0_pcie4_ip_gt_top_i/diablo_gt.diablo_gt_phy_wrapper/gt_wizard.gtwizard_top_i/xdma_0_pcie4_ip_gt_i/inst/gen_gtwizard_gtye4_top.xdma_0_pcie4_ip_gt_gtwizard_gtye4_inst/gen_gtwizard_gtye4.gen_cpll_cal_gtye4.gen_cpll_cal_inst[2].gen_inst_cpll_cal.gtwizard_ultrascale_v1_7_22_gtye4_cpll_cal_inst/gtwizard_ultrascale_v1_7_22_gtye4_cpll_cal_tx_i/bufg_gt_txoutclkmon_inst/O
  Path Type:              Setup (Max at Slow Process Corner)
  Requirement:            8.000ns  (u_xdma/inst/pcie4_ip_i/inst/xdma_0_pcie4_ip_gt_top_i/diablo_gt.diablo_gt_phy_wrapper/gt_wizard.gtwizard_top_i/xdma_0_pcie4_ip_gt_i/inst/gen_gtwizard_gtye4_top.xdma_0_pcie4_ip_gt_gtwizard_gtye4_inst/gen_gtwizard_gtye4.gen_cpll_cal_gtye4.gen_cpll_cal_inst[2].gen_inst_cpll_cal.gtwizard_ultrascale_v1_7_22_gtye4_cpll_cal_inst/gtwizard_ultrascale_v1_7_22_gtye4_cpll_cal_tx_i/bufg_gt_txoutclkmon_inst/O rise@8.000ns - u_xdma/inst/pcie4_ip_i/inst/xdma_0_pcie4_ip_gt_top_i/diablo_gt.diablo_gt_phy_wrapper/gt_wizard.gtwizard_top_i/xdma_0_pcie4_ip_gt_i/inst/gen_gtwizard_gtye4_top.xdma_0_pcie4_ip_gt_gtwizard_gtye4_inst/gen_gtwizard_gtye4.gen_cpll_cal_gtye4.gen_cpll_cal_inst[2].gen_inst_cpll_cal.gtwizard_ultrascale_v1_7_22_gtye4_cpll_cal_inst/gtwizard_ultrascale_v1_7_22_gtye4_cpll_cal_tx_i/bufg_gt_txoutclkmon_inst/O rise@0.000ns)
  Data Path Delay:        0.937ns  (logic 0.199ns (21.240%)  route 0.738ns (78.760%))
  Logic Levels:           1  (LUT5=1)
  Clock Path Skew:        -0.093ns (DCD - SCD + CPR)
    Destination Clock Delay (DCD):    0.548ns = ( 8.548 - 8.000 ) 
    Source Clock Delay      (SCD):    0.643ns
    Clock Pessimism Removal (CPR):    0.002ns
  Clock Uncertainty:      0.046ns  ((TSJ^2 + DJ^2)^1/2) / 2 + PE
    Total System Jitter     (TSJ):    0.071ns
    Discrete Jitter          (DJ):    0.060ns
    Phase Error              (PE):    0.000ns
  Clock Net Delay (Source):      0.643ns (routing 0.002ns, distribution 0.641ns)
  Clock Net Delay (Destination): 0.548ns (routing 0.001ns, distribution 0.547ns)

    Location             Delay type                Incr(ns)  Path(ns)    Netlist Resource(s)
  -------------------------------------------------------------------    -------------------
                         (clock u_xdma/inst/pcie4_ip_i/inst/xdma_0_pcie4_ip_gt_top_i/diablo_gt.diablo_gt_phy_wrapper/gt_wizard.gtwizard_top_i/xdma_0_pcie4_ip_gt_i/inst/gen_gtwizard_gtye4_top.xdma_0_pcie4_ip_gt_gtwizard_gtye4_inst/gen_gtwizard_gtye4.gen_cpll_cal_gtye4.gen_cpll_cal_inst[2].gen_inst_cpll_cal.gtwizard_ultrascale_v1_7_22_gtye4_cpll_cal_inst/gtwizard_ultrascale_v1_7_22_gtye4_cpll_cal_tx_i/bufg_gt_txoutclkmon_inst/O rise edge)
                                                      0.000     0.000 r  
    BUFG_GT_X0Y20        BUFG_GT                      0.000     0.000 r  u_xdma/inst/pcie4_ip_i/inst/xdma_0_pcie4_ip_gt_top_i/diablo_gt.diablo_gt_phy_wrapper/gt_wizard.gtwizard_top_i/xdma_0_pcie4_ip_gt_i/inst/gen_gtwizard_gtye4_top.xdma_0_pcie4_ip_gt_gtwizard_gtye4_inst/gen_gtwizard_gtye4.gen_cpll_cal_gtye4.gen_cpll_cal_inst[2].gen_inst_cpll_cal.gtwizard_ultrascale_v1_7_22_gtye4_cpll_cal_inst/gtwizard_ultrascale_v1_7_22_gtye4_cpll_cal_tx_i/bufg_gt_txoutclkmon_inst/O
    X3Y0 (CLOCK_ROOT)    net (fo=31, routed)          0.643     0.643    u_xdma/inst/pcie4_ip_i/inst/xdma_0_pcie4_ip_gt_top_i/diablo_gt.diablo_gt_phy_wrapper/gt_wizard.gtwizard_top_i/xdma_0_pcie4_ip_gt_i/inst/gen_gtwizard_gtye4_top.xdma_0_pcie4_ip_gt_gtwizard_gtye4_inst/gen_gtwizard_gtye4.gen_cpll_cal_gtye4.gen_cpll_cal_inst[2].gen_inst_cpll_cal.gtwizard_ultrascale_v1_7_22_gtye4_cpll_cal_inst/gtwizard_ultrascale_v1_7_22_gtye4_cpll_cal_tx_i/U_TXOUTCLK_FREQ_COUNTER/txoutclkmon
    SLICE_X108Y20        FDRE                                         r  u_xdma/inst/pcie4_ip_i/inst/xdma_0_pcie4_ip_gt_top_i/diablo_gt.diablo_gt_phy_wrapper/gt_wizard.gtwizard_top_i/xdma_0_pcie4_ip_gt_i/inst/gen_gtwizard_gtye4_top.xdma_0_pcie4_ip_gt_gtwizard_gtye4_inst/gen_gtwizard_gtye4.gen_cpll_cal_gtye4.gen_cpll_cal_inst[2].gen_inst_cpll_cal.gtwizard_ultrascale_v1_7_22_gtye4_cpll_cal_inst/gtwizard_ultrascale_v1_7_22_gtye4_cpll_cal_tx_i/U_TXOUTCLK_FREQ_COUNTER/testclk_div4_reg[1]/C
  -------------------------------------------------------------------    -------------------
    SLICE_X108Y20        FDRE (Prop_EFF2_SLICEL_C_Q)
                                                      0.099     0.742 f  u_xdma/inst/pcie4_ip_i/inst/xdma_0_pcie4_ip_gt_top_i/diablo_gt.diablo_gt_phy_wrapper/gt_wizard.gtwizard_top_i/xdma_0_pcie4_ip_gt_i/inst/gen_gtwizard_gtye4_top.xdma_0_pcie4_ip_gt_gtwizard_gtye4_inst/gen_gtwizard_gtye4.gen_cpll_cal_gtye4.gen_cpll_cal_inst[2].gen_inst_cpll_cal.gtwizard_ultrascale_v1_7_22_gtye4_cpll_cal_inst/gtwizard_ultrascale_v1_7_22_gtye4_cpll_cal_tx_i/U_TXOUTCLK_FREQ_COUNTER/testclk_div4_reg[1]/Q
                         net (fo=2, routed)           0.262     1.004    u_xdma/inst/pcie4_ip_i/inst/xdma_0_pcie4_ip_gt_top_i/diablo_gt.diablo_gt_phy_wrapper/gt_wizard.gtwizard_top_i/xdma_0_pcie4_ip_gt_i/inst/gen_gtwizard_gtye4_top.xdma_0_pcie4_ip_gt_gtwizard_gtye4_inst/gen_gtwizard_gtye4.gen_cpll_cal_gtye4.gen_cpll_cal_inst[2].gen_inst_cpll_cal.gtwizard_ultrascale_v1_7_22_gtye4_cpll_cal_inst/gtwizard_ultrascale_v1_7_22_gtye4_cpll_cal_tx_i/U_TXOUTCLK_FREQ_COUNTER/testclk_div4[1]
    SLICE_X108Y20        LUT5 (Prop_H6LUT_SLICEL_I1_O)
                                                      0.100     1.104 r  u_xdma/inst/pcie4_ip_i/inst/xdma_0_pcie4_ip_gt_top_i/diablo_gt.diablo_gt_phy_wrapper/gt_wizard.gtwizard_top_i/xdma_0_pcie4_ip_gt_i/inst/gen_gtwizard_gtye4_top.xdma_0_pcie4_ip_gt_gtwizard_gtye4_inst/gen_gtwizard_gtye4.gen_cpll_cal_gtye4.gen_cpll_cal_inst[2].gen_inst_cpll_cal.gtwizard_ultrascale_v1_7_22_gtye4_cpll_cal_inst/gtwizard_ultrascale_v1_7_22_gtye4_cpll_cal_tx_i/U_TXOUTCLK_FREQ_COUNTER/testclk_cnt0__1/O
                         net (fo=18, routed)          0.475     1.580    u_xdma/inst/pcie4_ip_i/inst/xdma_0_pcie4_ip_gt_top_i/diablo_gt.diablo_gt_phy_wrapper/gt_wizard.gtwizard_top_i/xdma_0_pcie4_ip_gt_i/inst/gen_gtwizard_gtye4_top.xdma_0_pcie4_ip_gt_gtwizard_gtye4_inst/gen_gtwizard_gtye4.gen_cpll_cal_gtye4.gen_cpll_cal_inst[2].gen_inst_cpll_cal.gtwizard_ultrascale_v1_7_22_gtye4_cpll_cal_inst/gtwizard_ultrascale_v1_7_22_gtye4_cpll_cal_tx_i/U_TXOUTCLK_FREQ_COUNTER/testclk_cnt0__1_n_0
    SLICE_X109Y17        FDCE                                         r  u_xdma/inst/pcie4_ip_i/inst/xdma_0_pcie4_ip_gt_top_i/diablo_gt.diablo_gt_phy_wrapper/gt_wizard.gtwizard_top_i/xdma_0_pcie4_ip_gt_i/inst/gen_gtwizard_gtye4_top.xdma_0_pcie4_ip_gt_gtwizard_gtye4_inst/gen_gtwizard_gtye4.gen_cpll_cal_gtye4.gen_cpll_cal_inst[2].gen_inst_cpll_cal.gtwizard_ultrascale_v1_7_22_gtye4_cpll_cal_inst/gtwizard_ultrascale_v1_7_22_gtye4_cpll_cal_tx_i/U_TXOUTCLK_FREQ_COUNTER/testclk_cnt_reg[0]/CE
  -------------------------------------------------------------------    -------------------

                         (clock u_xdma/inst/pcie4_ip_i/inst/xdma_0_pcie4_ip_gt_top_i/diablo_gt.diablo_gt_phy_wrapper/gt_wizard.gtwizard_top_i/xdma_0_pcie4_ip_gt_i/inst/gen_gtwizard_gtye4_top.xdma_0_pcie4_ip_gt_gtwizard_gtye4_inst/gen_gtwizard_gtye4.gen_cpll_cal_gtye4.gen_cpll_cal_inst[2].gen_inst_cpll_cal.gtwizard_ultrascale_v1_7_22_gtye4_cpll_cal_inst/gtwizard_ultrascale_v1_7_22_gtye4_cpll_cal_tx_i/bufg_gt_txoutclkmon_inst/O rise edge)
                                                      8.000     8.000 r  
    BUFG_GT_X0Y20        BUFG_GT                      0.000     8.000 r  u_xdma/inst/pcie4_ip_i/inst/xdma_0_pcie4_ip_gt_top_i/diablo_gt.diablo_gt_phy_wrapper/gt_wizard.gtwizard_top_i/xdma_0_pcie4_ip_gt_i/inst/gen_gtwizard_gtye4_top.xdma_0_pcie4_ip_gt_gtwizard_gtye4_inst/gen_gtwizard_gtye4.gen_cpll_cal_gtye4.gen_cpll_cal_inst[2].gen_inst_cpll_cal.gtwizard_ultrascale_v1_7_22_gtye4_cpll_cal_inst/gtwizard_ultrascale_v1_7_22_gtye4_cpll_cal_tx_i/bufg_gt_txoutclkmon_inst/O
    X3Y0 (CLOCK_ROOT)    net (fo=31, routed)          0.548     8.548    u_xdma/inst/pcie4_ip_i/inst/xdma_0_pcie4_ip_gt_top_i/diablo_gt.diablo_gt_phy_wrapper/gt_wizard.gtwizard_top_i/xdma_0_pcie4_ip_gt_i/inst/gen_gtwizard_gtye4_top.xdma_0_pcie4_ip_gt_gtwizard_gtye4_inst/gen_gtwizard_gtye4.gen_cpll_cal_gtye4.gen_cpll_cal_inst[2].gen_inst_cpll_cal.gtwizard_ultrascale_v1_7_22_gtye4_cpll_cal_inst/gtwizard_ultrascale_v1_7_22_gtye4_cpll_cal_tx_i/U_TXOUTCLK_FREQ_COUNTER/txoutclkmon
    SLICE_X109Y17        FDCE                                         r  u_xdma/inst/pcie4_ip_i/inst/xdma_0_pcie4_ip_gt_top_i/diablo_gt.diablo_gt_phy_wrapper/gt_wizard.gtwizard_top_i/xdma_0_pcie4_ip_gt_i/inst/gen_gtwizard_gtye4_top.xdma_0_pcie4_ip_gt_gtwizard_gtye4_inst/gen_gtwizard_gtye4.gen_cpll_cal_gtye4.gen_cpll_cal_inst[2].gen_inst_cpll_cal.gtwizard_ultrascale_v1_7_22_gtye4_cpll_cal_inst/gtwizard_ultrascale_v1_7_22_gtye4_cpll_cal_tx_i/U_TXOUTCLK_FREQ_COUNTER/testclk_cnt_reg[0]/C
                         clock pessimism              0.002     8.550    
                         clock uncertainty           -0.046     8.504    
    SLICE_X109Y17        FDCE (Setup_AFF_SLICEM_C_CE)
                                                     -0.043     8.461    u_xdma/inst/pcie4_ip_i/inst/xdma_0_pcie4_ip_gt_top_i/diablo_gt.diablo_gt_phy_wrapper/gt_wizard.gtwizard_top_i/xdma_0_pcie4_ip_gt_i/inst/gen_gtwizard_gtye4_top.xdma_0_pcie4_ip_gt_gtwizard_gtye4_inst/gen_gtwizard_gtye4.gen_cpll_cal_gtye4.gen_cpll_cal_inst[2].gen_inst_cpll_cal.gtwizard_ultrascale_v1_7_22_gtye4_cpll_cal_inst/gtwizard_ultrascale_v1_7_22_gtye4_cpll_cal_tx_i/U_TXOUTCLK_FREQ_COUNTER/testclk_cnt_reg[0]
  -------------------------------------------------------------------
                         required time                          8.461    
                         arrival time                          -1.580    
  -------------------------------------------------------------------
                         slack                                  6.881    





Min Delay Paths
--------------------------------------------------------------------------------------
Slack (MET) :             0.066ns  (arrival time - required time)
  Source:                 u_xdma/inst/pcie4_ip_i/inst/xdma_0_pcie4_ip_gt_top_i/diablo_gt.diablo_gt_phy_wrapper/gt_wizard.gtwizard_top_i/xdma_0_pcie4_ip_gt_i/inst/gen_gtwizard_gtye4_top.xdma_0_pcie4_ip_gt_gtwizard_gtye4_inst/gen_gtwizard_gtye4.gen_cpll_cal_gtye4.gen_cpll_cal_inst[2].gen_inst_cpll_cal.gtwizard_ultrascale_v1_7_22_gtye4_cpll_cal_inst/gtwizard_ultrascale_v1_7_22_gtye4_cpll_cal_tx_i/U_TXOUTCLK_FREQ_COUNTER/testclk_cnt_reg[17]/C
                            (rising edge-triggered cell FDCE clocked by u_xdma/inst/pcie4_ip_i/inst/xdma_0_pcie4_ip_gt_top_i/diablo_gt.diablo_gt_phy_wrapper/gt_wizard.gtwizard_top_i/xdma_0_pcie4_ip_gt_i/inst/gen_gtwizard_gtye4_top.xdma_0_pcie4_ip_gt_gtwizard_gtye4_inst/gen_gtwizard_gtye4.gen_cpll_cal_gtye4.gen_cpll_cal_inst[2].gen_inst_cpll_cal.gtwizard_ultrascale_v1_7_22_gtye4_cpll_cal_inst/gtwizard_ultrascale_v1_7_22_gtye4_cpll_cal_tx_i/bufg_gt_txoutclkmon_inst/O  {rise@0.000ns fall@4.000ns period=8.000ns})
  Destination:            u_xdma/inst/pcie4_ip_i/inst/xdma_0_pcie4_ip_gt_top_i/diablo_gt.diablo_gt_phy_wrapper/gt_wizard.gtwizard_top_i/xdma_0_pcie4_ip_gt_i/inst/gen_gtwizard_gtye4_top.xdma_0_pcie4_ip_gt_gtwizard_gtye4_inst/gen_gtwizard_gtye4.gen_cpll_cal_gtye4.gen_cpll_cal_inst[2].gen_inst_cpll_cal.gtwizard_ultrascale_v1_7_22_gtye4_cpll_cal_inst/gtwizard_ultrascale_v1_7_22_gtye4_cpll_cal_tx_i/U_TXOUTCLK_FREQ_COUNTER/testclk_cnt_reg[17]/D
                            (rising edge-triggered cell FDCE clocked by u_xdma/inst/pcie4_ip_i/inst/xdma_0_pcie4_ip_gt_top_i/diablo_gt.diablo_gt_phy_wrapper/gt_wizard.gtwizard_top_i/xdma_0_pcie4_ip_gt_i/inst/gen_gtwizard_gtye4_top.xdma_0_pcie4_ip_gt_gtwizard_gtye4_inst/gen_gtwizard_gtye4.gen_cpll_cal_gtye4.gen_cpll_cal_inst[2].gen_inst_cpll_cal.gtwizard_ultrascale_v1_7_22_gtye4_cpll_cal_inst/gtwizard_ultrascale_v1_7_22_gtye4_cpll_cal_tx_i/bufg_gt_txoutclkmon_inst/O  {rise@0.000ns fall@4.000ns period=8.000ns})
  Path Group:             u_xdma/inst/pcie4_ip_i/inst/xdma_0_pcie4_ip_gt_top_i/diablo_gt.diablo_gt_phy_wrapper/gt_wizard.gtwizard_top_i/xdma_0_pcie4_ip_gt_i/inst/gen_gtwizard_gtye4_top.xdma_0_pcie4_ip_gt_gtwizard_gtye4_inst/gen_gtwizard_gtye4.gen_cpll_cal_gtye4.gen_cpll_cal_inst[2].gen_inst_cpll_cal.gtwizard_ultrascale_v1_7_22_gtye4_cpll_cal_inst/gtwizard_ultrascale_v1_7_22_gtye4_cpll_cal_tx_i/bufg_gt_txoutclkmon_inst/O
  Path Type:              Hold (Min at Fast Process Corner)
  Requirement:            0.000ns  (u_xdma/inst/pcie4_ip_i/inst/xdma_0_pcie4_ip_gt_top_i/diablo_gt.diablo_gt_phy_wrapper/gt_wizard.gtwizard_top_i/xdma_0_pcie4_ip_gt_i/inst/gen_gtwizard_gtye4_top.xdma_0_pcie4_ip_gt_gtwizard_gtye4_inst/gen_gtwizard_gtye4.gen_cpll_cal_gtye4.gen_cpll_cal_inst[2].gen_inst_cpll_cal.gtwizard_ultrascale_v1_7_22_gtye4_cpll_cal_inst/gtwizard_ultrascale_v1_7_22_gtye4_cpll_cal_tx_i/bufg_gt_txoutclkmon_inst/O rise@0.000ns - u_xdma/inst/pcie4_ip_i/inst/xdma_0_pcie4_ip_gt_top_i/diablo_gt.diablo_gt_phy_wrapper/gt_wizard.gtwizard_top_i/xdma_0_pcie4_ip_gt_i/inst/gen_gtwizard_gtye4_top.xdma_0_pcie4_ip_gt_gtwizard_gtye4_inst/gen_gtwizard_gtye4.gen_cpll_cal_gtye4.gen_cpll_cal_inst[2].gen_inst_cpll_cal.gtwizard_ultrascale_v1_7_22_gtye4_cpll_cal_inst/gtwizard_ultrascale_v1_7_22_gtye4_cpll_cal_tx_i/bufg_gt_txoutclkmon_inst/O rise@0.000ns)
  Data Path Delay:        0.118ns  (logic 0.056ns (47.585%)  route 0.062ns (52.415%))
  Logic Levels:           1  (CARRY8=1)
  Clock Path Skew:        0.006ns (DCD - SCD - CPR)
    Destination Clock Delay (DCD):    0.369ns
    Source Clock Delay      (SCD):    0.319ns
    Clock Pessimism Removal (CPR):    0.044ns
  Clock Net Delay (Source):      0.319ns (routing 0.001ns, distribution 0.318ns)
  Clock Net Delay (Destination): 0.369ns (routing 0.001ns, distribution 0.368ns)

    Location             Delay type                Incr(ns)  Path(ns)    Netlist Resource(s)
  -------------------------------------------------------------------    -------------------
                         (clock u_xdma/inst/pcie4_ip_i/inst/xdma_0_pcie4_ip_gt_top_i/diablo_gt.diablo_gt_phy_wrapper/gt_wizard.gtwizard_top_i/xdma_0_pcie4_ip_gt_i/inst/gen_gtwizard_gtye4_top.xdma_0_pcie4_ip_gt_gtwizard_gtye4_inst/gen_gtwizard_gtye4.gen_cpll_cal_gtye4.gen_cpll_cal_inst[2].gen_inst_cpll_cal.gtwizard_ultrascale_v1_7_22_gtye4_cpll_cal_inst/gtwizard_ultrascale_v1_7_22_gtye4_cpll_cal_tx_i/bufg_gt_txoutclkmon_inst/O rise edge)
                                                      0.000     0.000 r  
    BUFG_GT_X0Y20        BUFG_GT                      0.000     0.000 r  u_xdma/inst/pcie4_ip_i/inst/xdma_0_pcie4_ip_gt_top_i/diablo_gt.diablo_gt_phy_wrapper/gt_wizard.gtwizard_top_i/xdma_0_pcie4_ip_gt_i/inst/gen_gtwizard_gtye4_top.xdma_0_pcie4_ip_gt_gtwizard_gtye4_inst/gen_gtwizard_gtye4.gen_cpll_cal_gtye4.gen_cpll_cal_inst[2].gen_inst_cpll_cal.gtwizard_ultrascale_v1_7_22_gtye4_cpll_cal_inst/gtwizard_ultrascale_v1_7_22_gtye4_cpll_cal_tx_i/bufg_gt_txoutclkmon_inst/O
    X3Y0 (CLOCK_ROOT)    net (fo=31, routed)          0.319     0.319    u_xdma/inst/pcie4_ip_i/inst/xdma_0_pcie4_ip_gt_top_i/diablo_gt.diablo_gt_phy_wrapper/gt_wizard.gtwizard_top_i/xdma_0_pcie4_ip_gt_i/inst/gen_gtwizard_gtye4_top.xdma_0_pcie4_ip_gt_gtwizard_gtye4_inst/gen_gtwizard_gtye4.gen_cpll_cal_gtye4.gen_cpll_cal_inst[2].gen_inst_cpll_cal.gtwizard_ultrascale_v1_7_22_gtye4_cpll_cal_inst/gtwizard_ultrascale_v1_7_22_gtye4_cpll_cal_tx_i/U_TXOUTCLK_FREQ_COUNTER/txoutclkmon
    SLICE_X109Y19        FDCE                                         r  u_xdma/inst/pcie4_ip_i/inst/xdma_0_pcie4_ip_gt_top_i/diablo_gt.diablo_gt_phy_wrapper/gt_wizard.gtwizard_top_i/xdma_0_pcie4_ip_gt_i/inst/gen_gtwizard_gtye4_top.xdma_0_pcie4_ip_gt_gtwizard_gtye4_inst/gen_gtwizard_gtye4.gen_cpll_cal_gtye4.gen_cpll_cal_inst[2].gen_inst_cpll_cal.gtwizard_ultrascale_v1_7_22_gtye4_cpll_cal_inst/gtwizard_ultrascale_v1_7_22_gtye4_cpll_cal_tx_i/U_TXOUTCLK_FREQ_COUNTER/testclk_cnt_reg[17]/C
  -------------------------------------------------------------------    -------------------
    SLICE_X109Y19        FDCE (Prop_BFF_SLICEM_C_Q)
                                                      0.038     0.357 r  u_xdma/inst/pcie4_ip_i/inst/xdma_0_pcie4_ip_gt_top_i/diablo_gt.diablo_gt_phy_wrapper/gt_wizard.gtwizard_top_i/xdma_0_pcie4_ip_gt_i/inst/gen_gtwizard_gtye4_top.xdma_0_pcie4_ip_gt_gtwizard_gtye4_inst/gen_gtwizard_gtye4.gen_cpll_cal_gtye4.gen_cpll_cal_inst[2].gen_inst_cpll_cal.gtwizard_ultrascale_v1_7_22_gtye4_cpll_cal_inst/gtwizard_ultrascale_v1_7_22_gtye4_cpll_cal_tx_i/U_TXOUTCLK_FREQ_COUNTER/testclk_cnt_reg[17]/Q
                         net (fo=2, routed)           0.055     0.412    u_xdma/inst/pcie4_ip_i/inst/xdma_0_pcie4_ip_gt_top_i/diablo_gt.diablo_gt_phy_wrapper/gt_wizard.gtwizard_top_i/xdma_0_pcie4_ip_gt_i/inst/gen_gtwizard_gtye4_top.xdma_0_pcie4_ip_gt_gtwizard_gtye4_inst/gen_gtwizard_gtye4.gen_cpll_cal_gtye4.gen_cpll_cal_inst[2].gen_inst_cpll_cal.gtwizard_ultrascale_v1_7_22_gtye4_cpll_cal_inst/gtwizard_ultrascale_v1_7_22_gtye4_cpll_cal_tx_i/U_TXOUTCLK_FREQ_COUNTER/testclk_cnt_reg[17]
    SLICE_X109Y19        CARRY8 (Prop_CARRY8_SLICEM_S[1]_O[1])
                                                      0.018     0.430 r  u_xdma/inst/pcie4_ip_i/inst/xdma_0_pcie4_ip_gt_top_i/diablo_gt.diablo_gt_phy_wrapper/gt_wizard.gtwizard_top_i/xdma_0_pcie4_ip_gt_i/inst/gen_gtwizard_gtye4_top.xdma_0_pcie4_ip_gt_gtwizard_gtye4_inst/gen_gtwizard_gtye4.gen_cpll_cal_gtye4.gen_cpll_cal_inst[2].gen_inst_cpll_cal.gtwizard_ultrascale_v1_7_22_gtye4_cpll_cal_inst/gtwizard_ultrascale_v1_7_22_gtye4_cpll_cal_tx_i/U_TXOUTCLK_FREQ_COUNTER/testclk_cnt_reg[16]_i_1__1/O[1]
                         net (fo=1, routed)           0.007     0.437    u_xdma/inst/pcie4_ip_i/inst/xdma_0_pcie4_ip_gt_top_i/diablo_gt.diablo_gt_phy_wrapper/gt_wizard.gtwizard_top_i/xdma_0_pcie4_ip_gt_i/inst/gen_gtwizard_gtye4_top.xdma_0_pcie4_ip_gt_gtwizard_gtye4_inst/gen_gtwizard_gtye4.gen_cpll_cal_gtye4.gen_cpll_cal_inst[2].gen_inst_cpll_cal.gtwizard_ultrascale_v1_7_22_gtye4_cpll_cal_inst/gtwizard_ultrascale_v1_7_22_gtye4_cpll_cal_tx_i/U_TXOUTCLK_FREQ_COUNTER/testclk_cnt_reg[16]_i_1__1_n_14
    SLICE_X109Y19        FDCE                                         r  u_xdma/inst/pcie4_ip_i/inst/xdma_0_pcie4_ip_gt_top_i/diablo_gt.diablo_gt_phy_wrapper/gt_wizard.gtwizard_top_i/xdma_0_pcie4_ip_gt_i/inst/gen_gtwizard_gtye4_top.xdma_0_pcie4_ip_gt_gtwizard_gtye4_inst/gen_gtwizard_gtye4.gen_cpll_cal_gtye4.gen_cpll_cal_inst[2].gen_inst_cpll_cal.gtwizard_ultrascale_v1_7_22_gtye4_cpll_cal_inst/gtwizard_ultrascale_v1_7_22_gtye4_cpll_cal_tx_i/U_TXOUTCLK_FREQ_COUNTER/testclk_cnt_reg[17]/D
  -------------------------------------------------------------------    -------------------

                         (clock u_xdma/inst/pcie4_ip_i/inst/xdma_0_pcie4_ip_gt_top_i/diablo_gt.diablo_gt_phy_wrapper/gt_wizard.gtwizard_top_i/xdma_0_pcie4_ip_gt_i/inst/gen_gtwizard_gtye4_top.xdma_0_pcie4_ip_gt_gtwizard_gtye4_inst/gen_gtwizard_gtye4.gen_cpll_cal_gtye4.gen_cpll_cal_inst[2].gen_inst_cpll_cal.gtwizard_ultrascale_v1_7_22_gtye4_cpll_cal_inst/gtwizard_ultrascale_v1_7_22_gtye4_cpll_cal_tx_i/bufg_gt_txoutclkmon_inst/O rise edge)
                                                      0.000     0.000 r  
    BUFG_GT_X0Y20        BUFG_GT                      0.000     0.000 r  u_xdma/inst/pcie4_ip_i/inst/xdma_0_pcie4_ip_gt_top_i/diablo_gt.diablo_gt_phy_wrapper/gt_wizard.gtwizard_top_i/xdma_0_pcie4_ip_gt_i/inst/gen_gtwizard_gtye4_top.xdma_0_pcie4_ip_gt_gtwizard_gtye4_inst/gen_gtwizard_gtye4.gen_cpll_cal_gtye4.gen_cpll_cal_inst[2].gen_inst_cpll_cal.gtwizard_ultrascale_v1_7_22_gtye4_cpll_cal_inst/gtwizard_ultrascale_v1_7_22_gtye4_cpll_cal_tx_i/bufg_gt_txoutclkmon_inst/O
    X3Y0 (CLOCK_ROOT)    net (fo=31, routed)          0.369     0.369    u_xdma/inst/pcie4_ip_i/inst/xdma_0_pcie4_ip_gt_top_i/diablo_gt.diablo_gt_phy_wrapper/gt_wizard.gtwizard_top_i/xdma_0_pcie4_ip_gt_i/inst/gen_gtwizard_gtye4_top.xdma_0_pcie4_ip_gt_gtwizard_gtye4_inst/gen_gtwizard_gtye4.gen_cpll_cal_gtye4.gen_cpll_cal_inst[2].gen_inst_cpll_cal.gtwizard_ultrascale_v1_7_22_gtye4_cpll_cal_inst/gtwizard_ultrascale_v1_7_22_gtye4_cpll_cal_tx_i/U_TXOUTCLK_FREQ_COUNTER/txoutclkmon
    SLICE_X109Y19        FDCE                                         r  u_xdma/inst/pcie4_ip_i/inst/xdma_0_pcie4_ip_gt_top_i/diablo_gt.diablo_gt_phy_wrapper/gt_wizard.gtwizard_top_i/xdma_0_pcie4_ip_gt_i/inst/gen_gtwizard_gtye4_top.xdma_0_pcie4_ip_gt_gtwizard_gtye4_inst/gen_gtwizard_gtye4.gen_cpll_cal_gtye4.gen_cpll_cal_inst[2].gen_inst_cpll_cal.gtwizard_ultrascale_v1_7_22_gtye4_cpll_cal_inst/gtwizard_ultrascale_v1_7_22_gtye4_cpll_cal_tx_i/U_TXOUTCLK_FREQ_COUNTER/testclk_cnt_reg[17]/C
                         clock pessimism             -0.044     0.325    
    SLICE_X109Y19        FDCE (Hold_BFF_SLICEM_C_D)
                                                      0.046     0.371    u_xdma/inst/pcie4_ip_i/inst/xdma_0_pcie4_ip_gt_top_i/diablo_gt.diablo_gt_phy_wrapper/gt_wizard.gtwizard_top_i/xdma_0_pcie4_ip_gt_i/inst/gen_gtwizard_gtye4_top.xdma_0_pcie4_ip_gt_gtwizard_gtye4_inst/gen_gtwizard_gtye4.gen_cpll_cal_gtye4.gen_cpll_cal_inst[2].gen_inst_cpll_cal.gtwizard_ultrascale_v1_7_22_gtye4_cpll_cal_inst/gtwizard_ultrascale_v1_7_22_gtye4_cpll_cal_tx_i/U_TXOUTCLK_FREQ_COUNTER/testclk_cnt_reg[17]
  -------------------------------------------------------------------
                         required time                         -0.371    
                         arrival time                           0.437    
  -------------------------------------------------------------------
                         slack                                  0.066    





Pulse Width Checks
--------------------------------------------------------------------------------------
Clock Name:         u_xdma/inst/pcie4_ip_i/inst/xdma_0_pcie4_ip_gt_top_i/diablo_gt.diablo_gt_phy_wrapper/gt_wizard.gtwizard_top_i/xdma_0_pcie4_ip_gt_i/inst/gen_gtwizard_gtye4_top.xdma_0_pcie4_ip_gt_gtwizard_gtye4_inst/gen_gtwizard_gtye4.gen_cpll_cal_gtye4.gen_cpll_cal_inst[2].gen_inst_cpll_cal.gtwizard_ultrascale_v1_7_22_gtye4_cpll_cal_inst/gtwizard_ultrascale_v1_7_22_gtye4_cpll_cal_tx_i/bufg_gt_txoutclkmon_inst/O
Waveform(ns):       { 0.000 4.000 }
Period(ns):         8.000
Sources:            { u_xdma/inst/pcie4_ip_i/inst/xdma_0_pcie4_ip_gt_top_i/diablo_gt.diablo_gt_phy_wrapper/gt_wizard.gtwizard_top_i/xdma_0_pcie4_ip_gt_i/inst/gen_gtwizard_gtye4_top.xdma_0_pcie4_ip_gt_gtwizard_gtye4_inst/gen_gtwizard_gtye4.gen_cpll_cal_gtye4.gen_cpll_cal_inst[2].gen_inst_cpll_cal.gtwizard_ultrascale_v1_7_22_gtye4_cpll_cal_inst/gtwizard_ultrascale_v1_7_22_gtye4_cpll_cal_tx_i/bufg_gt_txoutclkmon_inst/O }

Check Type        Corner  Lib Pin  Reference Pin  Required(ns)  Actual(ns)  Slack(ns)  Location       Pin
Min Period        n/a     FDCE/C   n/a            0.550         8.000       7.450      SLICE_X109Y17  u_xdma/inst/pcie4_ip_i/inst/xdma_0_pcie4_ip_gt_top_i/diablo_gt.diablo_gt_phy_wrapper/gt_wizard.gtwizard_top_i/xdma_0_pcie4_ip_gt_i/inst/gen_gtwizard_gtye4_top.xdma_0_pcie4_ip_gt_gtwizard_gtye4_inst/gen_gtwizard_gtye4.gen_cpll_cal_gtye4.gen_cpll_cal_inst[2].gen_inst_cpll_cal.gtwizard_ultrascale_v1_7_22_gtye4_cpll_cal_inst/gtwizard_ultrascale_v1_7_22_gtye4_cpll_cal_tx_i/U_TXOUTCLK_FREQ_COUNTER/testclk_cnt_reg[0]/C
Low Pulse Width   Slow    FDCE/C   n/a            0.275         4.000       3.725      SLICE_X109Y17  u_xdma/inst/pcie4_ip_i/inst/xdma_0_pcie4_ip_gt_top_i/diablo_gt.diablo_gt_phy_wrapper/gt_wizard.gtwizard_top_i/xdma_0_pcie4_ip_gt_i/inst/gen_gtwizard_gtye4_top.xdma_0_pcie4_ip_gt_gtwizard_gtye4_inst/gen_gtwizard_gtye4.gen_cpll_cal_gtye4.gen_cpll_cal_inst[2].gen_inst_cpll_cal.gtwizard_ultrascale_v1_7_22_gtye4_cpll_cal_inst/gtwizard_ultrascale_v1_7_22_gtye4_cpll_cal_tx_i/U_TXOUTCLK_FREQ_COUNTER/testclk_cnt_reg[0]/C
High Pulse Width  Slow    FDCE/C   n/a            0.275         4.000       3.725      SLICE_X109Y17  u_xdma/inst/pcie4_ip_i/inst/xdma_0_pcie4_ip_gt_top_i/diablo_gt.diablo_gt_phy_wrapper/gt_wizard.gtwizard_top_i/xdma_0_pcie4_ip_gt_i/inst/gen_gtwizard_gtye4_top.xdma_0_pcie4_ip_gt_gtwizard_gtye4_inst/gen_gtwizard_gtye4.gen_cpll_cal_gtye4.gen_cpll_cal_inst[2].gen_inst_cpll_cal.gtwizard_ultrascale_v1_7_22_gtye4_cpll_cal_inst/gtwizard_ultrascale_v1_7_22_gtye4_cpll_cal_tx_i/U_TXOUTCLK_FREQ_COUNTER/testclk_cnt_reg[0]/C



---------------------------------------------------------------------------------------------------
From Clock:  u_xdma/inst/pcie4_ip_i/inst/xdma_0_pcie4_ip_gt_top_i/diablo_gt.diablo_gt_phy_wrapper/gt_wizard.gtwizard_top_i/xdma_0_pcie4_ip_gt_i/inst/gen_gtwizard_gtye4_top.xdma_0_pcie4_ip_gt_gtwizard_gtye4_inst/gen_gtwizard_gtye4.gen_cpll_cal_gtye4.gen_cpll_cal_inst[3].gen_inst_cpll_cal.gtwizard_ultrascale_v1_7_22_gtye4_cpll_cal_inst/gtwizard_ultrascale_v1_7_22_gtye4_cpll_cal_tx_i/bufg_gt_txoutclkmon_inst/O
  To Clock:  u_xdma/inst/pcie4_ip_i/inst/xdma_0_pcie4_ip_gt_top_i/diablo_gt.diablo_gt_phy_wrapper/gt_wizard.gtwizard_top_i/xdma_0_pcie4_ip_gt_i/inst/gen_gtwizard_gtye4_top.xdma_0_pcie4_ip_gt_gtwizard_gtye4_inst/gen_gtwizard_gtye4.gen_cpll_cal_gtye4.gen_cpll_cal_inst[3].gen_inst_cpll_cal.gtwizard_ultrascale_v1_7_22_gtye4_cpll_cal_inst/gtwizard_ultrascale_v1_7_22_gtye4_cpll_cal_tx_i/bufg_gt_txoutclkmon_inst/O

Setup :            0  Failing Endpoints,  Worst Slack        6.731ns,  Total Violation        0.000ns
Hold  :            0  Failing Endpoints,  Worst Slack        0.052ns,  Total Violation        0.000ns
PW    :            0  Failing Endpoints,  Worst Slack        3.725ns,  Total Violation        0.000ns
---------------------------------------------------------------------------------------------------


Max Delay Paths
--------------------------------------------------------------------------------------
Slack (MET) :             6.731ns  (required time - arrival time)
  Source:                 u_xdma/inst/pcie4_ip_i/inst/xdma_0_pcie4_ip_gt_top_i/diablo_gt.diablo_gt_phy_wrapper/gt_wizard.gtwizard_top_i/xdma_0_pcie4_ip_gt_i/inst/gen_gtwizard_gtye4_top.xdma_0_pcie4_ip_gt_gtwizard_gtye4_inst/gen_gtwizard_gtye4.gen_cpll_cal_gtye4.gen_cpll_cal_inst[3].gen_inst_cpll_cal.gtwizard_ultrascale_v1_7_22_gtye4_cpll_cal_inst/gtwizard_ultrascale_v1_7_22_gtye4_cpll_cal_tx_i/U_TXOUTCLK_FREQ_COUNTER/testclk_div4_reg[1]/C
                            (rising edge-triggered cell FDRE clocked by u_xdma/inst/pcie4_ip_i/inst/xdma_0_pcie4_ip_gt_top_i/diablo_gt.diablo_gt_phy_wrapper/gt_wizard.gtwizard_top_i/xdma_0_pcie4_ip_gt_i/inst/gen_gtwizard_gtye4_top.xdma_0_pcie4_ip_gt_gtwizard_gtye4_inst/gen_gtwizard_gtye4.gen_cpll_cal_gtye4.gen_cpll_cal_inst[3].gen_inst_cpll_cal.gtwizard_ultrascale_v1_7_22_gtye4_cpll_cal_inst/gtwizard_ultrascale_v1_7_22_gtye4_cpll_cal_tx_i/bufg_gt_txoutclkmon_inst/O  {rise@0.000ns fall@4.000ns period=8.000ns})
  Destination:            u_xdma/inst/pcie4_ip_i/inst/xdma_0_pcie4_ip_gt_top_i/diablo_gt.diablo_gt_phy_wrapper/gt_wizard.gtwizard_top_i/xdma_0_pcie4_ip_gt_i/inst/gen_gtwizard_gtye4_top.xdma_0_pcie4_ip_gt_gtwizard_gtye4_inst/gen_gtwizard_gtye4.gen_cpll_cal_gtye4.gen_cpll_cal_inst[3].gen_inst_cpll_cal.gtwizard_ultrascale_v1_7_22_gtye4_cpll_cal_inst/gtwizard_ultrascale_v1_7_22_gtye4_cpll_cal_tx_i/U_TXOUTCLK_FREQ_COUNTER/testclk_cnt_reg[16]/CE
                            (rising edge-triggered cell FDCE clocked by u_xdma/inst/pcie4_ip_i/inst/xdma_0_pcie4_ip_gt_top_i/diablo_gt.diablo_gt_phy_wrapper/gt_wizard.gtwizard_top_i/xdma_0_pcie4_ip_gt_i/inst/gen_gtwizard_gtye4_top.xdma_0_pcie4_ip_gt_gtwizard_gtye4_inst/gen_gtwizard_gtye4.gen_cpll_cal_gtye4.gen_cpll_cal_inst[3].gen_inst_cpll_cal.gtwizard_ultrascale_v1_7_22_gtye4_cpll_cal_inst/gtwizard_ultrascale_v1_7_22_gtye4_cpll_cal_tx_i/bufg_gt_txoutclkmon_inst/O  {rise@0.000ns fall@4.000ns period=8.000ns})
  Path Group:             u_xdma/inst/pcie4_ip_i/inst/xdma_0_pcie4_ip_gt_top_i/diablo_gt.diablo_gt_phy_wrapper/gt_wizard.gtwizard_top_i/xdma_0_pcie4_ip_gt_i/inst/gen_gtwizard_gtye4_top.xdma_0_pcie4_ip_gt_gtwizard_gtye4_inst/gen_gtwizard_gtye4.gen_cpll_cal_gtye4.gen_cpll_cal_inst[3].gen_inst_cpll_cal.gtwizard_ultrascale_v1_7_22_gtye4_cpll_cal_inst/gtwizard_ultrascale_v1_7_22_gtye4_cpll_cal_tx_i/bufg_gt_txoutclkmon_inst/O
  Path Type:              Setup (Max at Slow Process Corner)
  Requirement:            8.000ns  (u_xdma/inst/pcie4_ip_i/inst/xdma_0_pcie4_ip_gt_top_i/diablo_gt.diablo_gt_phy_wrapper/gt_wizard.gtwizard_top_i/xdma_0_pcie4_ip_gt_i/inst/gen_gtwizard_gtye4_top.xdma_0_pcie4_ip_gt_gtwizard_gtye4_inst/gen_gtwizard_gtye4.gen_cpll_cal_gtye4.gen_cpll_cal_inst[3].gen_inst_cpll_cal.gtwizard_ultrascale_v1_7_22_gtye4_cpll_cal_inst/gtwizard_ultrascale_v1_7_22_gtye4_cpll_cal_tx_i/bufg_gt_txoutclkmon_inst/O rise@8.000ns - u_xdma/inst/pcie4_ip_i/inst/xdma_0_pcie4_ip_gt_top_i/diablo_gt.diablo_gt_phy_wrapper/gt_wizard.gtwizard_top_i/xdma_0_pcie4_ip_gt_i/inst/gen_gtwizard_gtye4_top.xdma_0_pcie4_ip_gt_gtwizard_gtye4_inst/gen_gtwizard_gtye4.gen_cpll_cal_gtye4.gen_cpll_cal_inst[3].gen_inst_cpll_cal.gtwizard_ultrascale_v1_7_22_gtye4_cpll_cal_inst/gtwizard_ultrascale_v1_7_22_gtye4_cpll_cal_tx_i/bufg_gt_txoutclkmon_inst/O rise@0.000ns)
  Data Path Delay:        1.133ns  (logic 0.280ns (24.714%)  route 0.853ns (75.286%))
  Logic Levels:           1  (LUT5=1)
  Clock Path Skew:        -0.046ns (DCD - SCD + CPR)
    Destination Clock Delay (DCD):    1.169ns = ( 9.169 - 8.000 ) 
    Source Clock Delay      (SCD):    1.358ns
    Clock Pessimism Removal (CPR):    0.142ns
  Clock Uncertainty:      0.046ns  ((TSJ^2 + DJ^2)^1/2) / 2 + PE
    Total System Jitter     (TSJ):    0.071ns
    Discrete Jitter          (DJ):    0.060ns
    Phase Error              (PE):    0.000ns
  Clock Net Delay (Source):      1.358ns (routing 0.444ns, distribution 0.914ns)
  Clock Net Delay (Destination): 1.169ns (routing 0.402ns, distribution 0.767ns)

    Location             Delay type                Incr(ns)  Path(ns)    Netlist Resource(s)
  -------------------------------------------------------------------    -------------------
                         (clock u_xdma/inst/pcie4_ip_i/inst/xdma_0_pcie4_ip_gt_top_i/diablo_gt.diablo_gt_phy_wrapper/gt_wizard.gtwizard_top_i/xdma_0_pcie4_ip_gt_i/inst/gen_gtwizard_gtye4_top.xdma_0_pcie4_ip_gt_gtwizard_gtye4_inst/gen_gtwizard_gtye4.gen_cpll_cal_gtye4.gen_cpll_cal_inst[3].gen_inst_cpll_cal.gtwizard_ultrascale_v1_7_22_gtye4_cpll_cal_inst/gtwizard_ultrascale_v1_7_22_gtye4_cpll_cal_tx_i/bufg_gt_txoutclkmon_inst/O rise edge)
                                                      0.000     0.000 r  
    BUFG_GT_X0Y19        BUFG_GT                      0.000     0.000 r  u_xdma/inst/pcie4_ip_i/inst/xdma_0_pcie4_ip_gt_top_i/diablo_gt.diablo_gt_phy_wrapper/gt_wizard.gtwizard_top_i/xdma_0_pcie4_ip_gt_i/inst/gen_gtwizard_gtye4_top.xdma_0_pcie4_ip_gt_gtwizard_gtye4_inst/gen_gtwizard_gtye4.gen_cpll_cal_gtye4.gen_cpll_cal_inst[3].gen_inst_cpll_cal.gtwizard_ultrascale_v1_7_22_gtye4_cpll_cal_inst/gtwizard_ultrascale_v1_7_22_gtye4_cpll_cal_tx_i/bufg_gt_txoutclkmon_inst/O
    X3Y1 (CLOCK_ROOT)    net (fo=31, routed)          1.358     1.358    u_xdma/inst/pcie4_ip_i/inst/xdma_0_pcie4_ip_gt_top_i/diablo_gt.diablo_gt_phy_wrapper/gt_wizard.gtwizard_top_i/xdma_0_pcie4_ip_gt_i/inst/gen_gtwizard_gtye4_top.xdma_0_pcie4_ip_gt_gtwizard_gtye4_inst/gen_gtwizard_gtye4.gen_cpll_cal_gtye4.gen_cpll_cal_inst[3].gen_inst_cpll_cal.gtwizard_ultrascale_v1_7_22_gtye4_cpll_cal_inst/gtwizard_ultrascale_v1_7_22_gtye4_cpll_cal_tx_i/U_TXOUTCLK_FREQ_COUNTER/txoutclkmon
    SLICE_X112Y73        FDRE                                         r  u_xdma/inst/pcie4_ip_i/inst/xdma_0_pcie4_ip_gt_top_i/diablo_gt.diablo_gt_phy_wrapper/gt_wizard.gtwizard_top_i/xdma_0_pcie4_ip_gt_i/inst/gen_gtwizard_gtye4_top.xdma_0_pcie4_ip_gt_gtwizard_gtye4_inst/gen_gtwizard_gtye4.gen_cpll_cal_gtye4.gen_cpll_cal_inst[3].gen_inst_cpll_cal.gtwizard_ultrascale_v1_7_22_gtye4_cpll_cal_inst/gtwizard_ultrascale_v1_7_22_gtye4_cpll_cal_tx_i/U_TXOUTCLK_FREQ_COUNTER/testclk_div4_reg[1]/C
  -------------------------------------------------------------------    -------------------
    SLICE_X112Y73        FDRE (Prop_EFF2_SLICEM_C_Q)
                                                      0.098     1.456 f  u_xdma/inst/pcie4_ip_i/inst/xdma_0_pcie4_ip_gt_top_i/diablo_gt.diablo_gt_phy_wrapper/gt_wizard.gtwizard_top_i/xdma_0_pcie4_ip_gt_i/inst/gen_gtwizard_gtye4_top.xdma_0_pcie4_ip_gt_gtwizard_gtye4_inst/gen_gtwizard_gtye4.gen_cpll_cal_gtye4.gen_cpll_cal_inst[3].gen_inst_cpll_cal.gtwizard_ultrascale_v1_7_22_gtye4_cpll_cal_inst/gtwizard_ultrascale_v1_7_22_gtye4_cpll_cal_tx_i/U_TXOUTCLK_FREQ_COUNTER/testclk_div4_reg[1]/Q
                         net (fo=2, routed)           0.247     1.702    u_xdma/inst/pcie4_ip_i/inst/xdma_0_pcie4_ip_gt_top_i/diablo_gt.diablo_gt_phy_wrapper/gt_wizard.gtwizard_top_i/xdma_0_pcie4_ip_gt_i/inst/gen_gtwizard_gtye4_top.xdma_0_pcie4_ip_gt_gtwizard_gtye4_inst/gen_gtwizard_gtye4.gen_cpll_cal_gtye4.gen_cpll_cal_inst[3].gen_inst_cpll_cal.gtwizard_ultrascale_v1_7_22_gtye4_cpll_cal_inst/gtwizard_ultrascale_v1_7_22_gtye4_cpll_cal_tx_i/U_TXOUTCLK_FREQ_COUNTER/testclk_div4[1]
    SLICE_X112Y73        LUT5 (Prop_H6LUT_SLICEM_I1_O)
                                                      0.182     1.884 r  u_xdma/inst/pcie4_ip_i/inst/xdma_0_pcie4_ip_gt_top_i/diablo_gt.diablo_gt_phy_wrapper/gt_wizard.gtwizard_top_i/xdma_0_pcie4_ip_gt_i/inst/gen_gtwizard_gtye4_top.xdma_0_pcie4_ip_gt_gtwizard_gtye4_inst/gen_gtwizard_gtye4.gen_cpll_cal_gtye4.gen_cpll_cal_inst[3].gen_inst_cpll_cal.gtwizard_ultrascale_v1_7_22_gtye4_cpll_cal_inst/gtwizard_ultrascale_v1_7_22_gtye4_cpll_cal_tx_i/U_TXOUTCLK_FREQ_COUNTER/testclk_cnt0__2/O
                         net (fo=18, routed)          0.606     2.491    u_xdma/inst/pcie4_ip_i/inst/xdma_0_pcie4_ip_gt_top_i/diablo_gt.diablo_gt_phy_wrapper/gt_wizard.gtwizard_top_i/xdma_0_pcie4_ip_gt_i/inst/gen_gtwizard_gtye4_top.xdma_0_pcie4_ip_gt_gtwizard_gtye4_inst/gen_gtwizard_gtye4.gen_cpll_cal_gtye4.gen_cpll_cal_inst[3].gen_inst_cpll_cal.gtwizard_ultrascale_v1_7_22_gtye4_cpll_cal_inst/gtwizard_ultrascale_v1_7_22_gtye4_cpll_cal_tx_i/U_TXOUTCLK_FREQ_COUNTER/testclk_cnt0__2_n_0
    SLICE_X112Y77        FDCE                                         r  u_xdma/inst/pcie4_ip_i/inst/xdma_0_pcie4_ip_gt_top_i/diablo_gt.diablo_gt_phy_wrapper/gt_wizard.gtwizard_top_i/xdma_0_pcie4_ip_gt_i/inst/gen_gtwizard_gtye4_top.xdma_0_pcie4_ip_gt_gtwizard_gtye4_inst/gen_gtwizard_gtye4.gen_cpll_cal_gtye4.gen_cpll_cal_inst[3].gen_inst_cpll_cal.gtwizard_ultrascale_v1_7_22_gtye4_cpll_cal_inst/gtwizard_ultrascale_v1_7_22_gtye4_cpll_cal_tx_i/U_TXOUTCLK_FREQ_COUNTER/testclk_cnt_reg[16]/CE
  -------------------------------------------------------------------    -------------------

                         (clock u_xdma/inst/pcie4_ip_i/inst/xdma_0_pcie4_ip_gt_top_i/diablo_gt.diablo_gt_phy_wrapper/gt_wizard.gtwizard_top_i/xdma_0_pcie4_ip_gt_i/inst/gen_gtwizard_gtye4_top.xdma_0_pcie4_ip_gt_gtwizard_gtye4_inst/gen_gtwizard_gtye4.gen_cpll_cal_gtye4.gen_cpll_cal_inst[3].gen_inst_cpll_cal.gtwizard_ultrascale_v1_7_22_gtye4_cpll_cal_inst/gtwizard_ultrascale_v1_7_22_gtye4_cpll_cal_tx_i/bufg_gt_txoutclkmon_inst/O rise edge)
                                                      8.000     8.000 r  
    BUFG_GT_X0Y19        BUFG_GT                      0.000     8.000 r  u_xdma/inst/pcie4_ip_i/inst/xdma_0_pcie4_ip_gt_top_i/diablo_gt.diablo_gt_phy_wrapper/gt_wizard.gtwizard_top_i/xdma_0_pcie4_ip_gt_i/inst/gen_gtwizard_gtye4_top.xdma_0_pcie4_ip_gt_gtwizard_gtye4_inst/gen_gtwizard_gtye4.gen_cpll_cal_gtye4.gen_cpll_cal_inst[3].gen_inst_cpll_cal.gtwizard_ultrascale_v1_7_22_gtye4_cpll_cal_inst/gtwizard_ultrascale_v1_7_22_gtye4_cpll_cal_tx_i/bufg_gt_txoutclkmon_inst/O
    X3Y1 (CLOCK_ROOT)    net (fo=31, routed)          1.169     9.169    u_xdma/inst/pcie4_ip_i/inst/xdma_0_pcie4_ip_gt_top_i/diablo_gt.diablo_gt_phy_wrapper/gt_wizard.gtwizard_top_i/xdma_0_pcie4_ip_gt_i/inst/gen_gtwizard_gtye4_top.xdma_0_pcie4_ip_gt_gtwizard_gtye4_inst/gen_gtwizard_gtye4.gen_cpll_cal_gtye4.gen_cpll_cal_inst[3].gen_inst_cpll_cal.gtwizard_ultrascale_v1_7_22_gtye4_cpll_cal_inst/gtwizard_ultrascale_v1_7_22_gtye4_cpll_cal_tx_i/U_TXOUTCLK_FREQ_COUNTER/txoutclkmon
    SLICE_X112Y77        FDCE                                         r  u_xdma/inst/pcie4_ip_i/inst/xdma_0_pcie4_ip_gt_top_i/diablo_gt.diablo_gt_phy_wrapper/gt_wizard.gtwizard_top_i/xdma_0_pcie4_ip_gt_i/inst/gen_gtwizard_gtye4_top.xdma_0_pcie4_ip_gt_gtwizard_gtye4_inst/gen_gtwizard_gtye4.gen_cpll_cal_gtye4.gen_cpll_cal_inst[3].gen_inst_cpll_cal.gtwizard_ultrascale_v1_7_22_gtye4_cpll_cal_inst/gtwizard_ultrascale_v1_7_22_gtye4_cpll_cal_tx_i/U_TXOUTCLK_FREQ_COUNTER/testclk_cnt_reg[16]/C
                         clock pessimism              0.142     9.311    
                         clock uncertainty           -0.046     9.265    
    SLICE_X112Y77        FDCE (Setup_AFF_SLICEM_C_CE)
                                                     -0.043     9.222    u_xdma/inst/pcie4_ip_i/inst/xdma_0_pcie4_ip_gt_top_i/diablo_gt.diablo_gt_phy_wrapper/gt_wizard.gtwizard_top_i/xdma_0_pcie4_ip_gt_i/inst/gen_gtwizard_gtye4_top.xdma_0_pcie4_ip_gt_gtwizard_gtye4_inst/gen_gtwizard_gtye4.gen_cpll_cal_gtye4.gen_cpll_cal_inst[3].gen_inst_cpll_cal.gtwizard_ultrascale_v1_7_22_gtye4_cpll_cal_inst/gtwizard_ultrascale_v1_7_22_gtye4_cpll_cal_tx_i/U_TXOUTCLK_FREQ_COUNTER/testclk_cnt_reg[16]
  -------------------------------------------------------------------
                         required time                          9.222    
                         arrival time                          -2.491    
  -------------------------------------------------------------------
                         slack                                  6.731    





Min Delay Paths
--------------------------------------------------------------------------------------
Slack (MET) :             0.052ns  (arrival time - required time)
  Source:                 u_xdma/inst/pcie4_ip_i/inst/xdma_0_pcie4_ip_gt_top_i/diablo_gt.diablo_gt_phy_wrapper/gt_wizard.gtwizard_top_i/xdma_0_pcie4_ip_gt_i/inst/gen_gtwizard_gtye4_top.xdma_0_pcie4_ip_gt_gtwizard_gtye4_inst/gen_gtwizard_gtye4.gen_cpll_cal_gtye4.gen_cpll_cal_inst[3].gen_inst_cpll_cal.gtwizard_ultrascale_v1_7_22_gtye4_cpll_cal_inst/gtwizard_ultrascale_v1_7_22_gtye4_cpll_cal_tx_i/U_TXOUTCLK_FREQ_COUNTER/testclk_div4_reg[0]/C
                            (rising edge-triggered cell FDSE clocked by u_xdma/inst/pcie4_ip_i/inst/xdma_0_pcie4_ip_gt_top_i/diablo_gt.diablo_gt_phy_wrapper/gt_wizard.gtwizard_top_i/xdma_0_pcie4_ip_gt_i/inst/gen_gtwizard_gtye4_top.xdma_0_pcie4_ip_gt_gtwizard_gtye4_inst/gen_gtwizard_gtye4.gen_cpll_cal_gtye4.gen_cpll_cal_inst[3].gen_inst_cpll_cal.gtwizard_ultrascale_v1_7_22_gtye4_cpll_cal_inst/gtwizard_ultrascale_v1_7_22_gtye4_cpll_cal_tx_i/bufg_gt_txoutclkmon_inst/O  {rise@0.000ns fall@4.000ns period=8.000ns})
  Destination:            u_xdma/inst/pcie4_ip_i/inst/xdma_0_pcie4_ip_gt_top_i/diablo_gt.diablo_gt_phy_wrapper/gt_wizard.gtwizard_top_i/xdma_0_pcie4_ip_gt_i/inst/gen_gtwizard_gtye4_top.xdma_0_pcie4_ip_gt_gtwizard_gtye4_inst/gen_gtwizard_gtye4.gen_cpll_cal_gtye4.gen_cpll_cal_inst[3].gen_inst_cpll_cal.gtwizard_ultrascale_v1_7_22_gtye4_cpll_cal_inst/gtwizard_ultrascale_v1_7_22_gtye4_cpll_cal_tx_i/U_TXOUTCLK_FREQ_COUNTER/testclk_div4_reg[1]/D
                            (rising edge-triggered cell FDRE clocked by u_xdma/inst/pcie4_ip_i/inst/xdma_0_pcie4_ip_gt_top_i/diablo_gt.diablo_gt_phy_wrapper/gt_wizard.gtwizard_top_i/xdma_0_pcie4_ip_gt_i/inst/gen_gtwizard_gtye4_top.xdma_0_pcie4_ip_gt_gtwizard_gtye4_inst/gen_gtwizard_gtye4.gen_cpll_cal_gtye4.gen_cpll_cal_inst[3].gen_inst_cpll_cal.gtwizard_ultrascale_v1_7_22_gtye4_cpll_cal_inst/gtwizard_ultrascale_v1_7_22_gtye4_cpll_cal_tx_i/bufg_gt_txoutclkmon_inst/O  {rise@0.000ns fall@4.000ns period=8.000ns})
  Path Group:             u_xdma/inst/pcie4_ip_i/inst/xdma_0_pcie4_ip_gt_top_i/diablo_gt.diablo_gt_phy_wrapper/gt_wizard.gtwizard_top_i/xdma_0_pcie4_ip_gt_i/inst/gen_gtwizard_gtye4_top.xdma_0_pcie4_ip_gt_gtwizard_gtye4_inst/gen_gtwizard_gtye4.gen_cpll_cal_gtye4.gen_cpll_cal_inst[3].gen_inst_cpll_cal.gtwizard_ultrascale_v1_7_22_gtye4_cpll_cal_inst/gtwizard_ultrascale_v1_7_22_gtye4_cpll_cal_tx_i/bufg_gt_txoutclkmon_inst/O
  Path Type:              Hold (Min at Fast Process Corner)
  Requirement:            0.000ns  (u_xdma/inst/pcie4_ip_i/inst/xdma_0_pcie4_ip_gt_top_i/diablo_gt.diablo_gt_phy_wrapper/gt_wizard.gtwizard_top_i/xdma_0_pcie4_ip_gt_i/inst/gen_gtwizard_gtye4_top.xdma_0_pcie4_ip_gt_gtwizard_gtye4_inst/gen_gtwizard_gtye4.gen_cpll_cal_gtye4.gen_cpll_cal_inst[3].gen_inst_cpll_cal.gtwizard_ultrascale_v1_7_22_gtye4_cpll_cal_inst/gtwizard_ultrascale_v1_7_22_gtye4_cpll_cal_tx_i/bufg_gt_txoutclkmon_inst/O rise@0.000ns - u_xdma/inst/pcie4_ip_i/inst/xdma_0_pcie4_ip_gt_top_i/diablo_gt.diablo_gt_phy_wrapper/gt_wizard.gtwizard_top_i/xdma_0_pcie4_ip_gt_i/inst/gen_gtwizard_gtye4_top.xdma_0_pcie4_ip_gt_gtwizard_gtye4_inst/gen_gtwizard_gtye4.gen_cpll_cal_gtye4.gen_cpll_cal_inst[3].gen_inst_cpll_cal.gtwizard_ultrascale_v1_7_22_gtye4_cpll_cal_inst/gtwizard_ultrascale_v1_7_22_gtye4_cpll_cal_tx_i/bufg_gt_txoutclkmon_inst/O rise@0.000ns)
  Data Path Delay:        0.105ns  (logic 0.038ns (36.301%)  route 0.067ns (63.699%))
  Logic Levels:           0  
  Clock Path Skew:        0.006ns (DCD - SCD - CPR)
    Destination Clock Delay (DCD):    0.785ns
    Source Clock Delay      (SCD):    0.688ns
    Clock Pessimism Removal (CPR):    0.092ns
  Clock Net Delay (Source):      0.688ns (routing 0.231ns, distribution 0.457ns)
  Clock Net Delay (Destination): 0.785ns (routing 0.259ns, distribution 0.526ns)

    Location             Delay type                Incr(ns)  Path(ns)    Netlist Resource(s)
  -------------------------------------------------------------------    -------------------
                         (clock u_xdma/inst/pcie4_ip_i/inst/xdma_0_pcie4_ip_gt_top_i/diablo_gt.diablo_gt_phy_wrapper/gt_wizard.gtwizard_top_i/xdma_0_pcie4_ip_gt_i/inst/gen_gtwizard_gtye4_top.xdma_0_pcie4_ip_gt_gtwizard_gtye4_inst/gen_gtwizard_gtye4.gen_cpll_cal_gtye4.gen_cpll_cal_inst[3].gen_inst_cpll_cal.gtwizard_ultrascale_v1_7_22_gtye4_cpll_cal_inst/gtwizard_ultrascale_v1_7_22_gtye4_cpll_cal_tx_i/bufg_gt_txoutclkmon_inst/O rise edge)
                                                      0.000     0.000 r  
    BUFG_GT_X0Y19        BUFG_GT                      0.000     0.000 r  u_xdma/inst/pcie4_ip_i/inst/xdma_0_pcie4_ip_gt_top_i/diablo_gt.diablo_gt_phy_wrapper/gt_wizard.gtwizard_top_i/xdma_0_pcie4_ip_gt_i/inst/gen_gtwizard_gtye4_top.xdma_0_pcie4_ip_gt_gtwizard_gtye4_inst/gen_gtwizard_gtye4.gen_cpll_cal_gtye4.gen_cpll_cal_inst[3].gen_inst_cpll_cal.gtwizard_ultrascale_v1_7_22_gtye4_cpll_cal_inst/gtwizard_ultrascale_v1_7_22_gtye4_cpll_cal_tx_i/bufg_gt_txoutclkmon_inst/O
    X3Y1 (CLOCK_ROOT)    net (fo=31, routed)          0.688     0.688    u_xdma/inst/pcie4_ip_i/inst/xdma_0_pcie4_ip_gt_top_i/diablo_gt.diablo_gt_phy_wrapper/gt_wizard.gtwizard_top_i/xdma_0_pcie4_ip_gt_i/inst/gen_gtwizard_gtye4_top.xdma_0_pcie4_ip_gt_gtwizard_gtye4_inst/gen_gtwizard_gtye4.gen_cpll_cal_gtye4.gen_cpll_cal_inst[3].gen_inst_cpll_cal.gtwizard_ultrascale_v1_7_22_gtye4_cpll_cal_inst/gtwizard_ultrascale_v1_7_22_gtye4_cpll_cal_tx_i/U_TXOUTCLK_FREQ_COUNTER/txoutclkmon
    SLICE_X112Y73        FDSE                                         r  u_xdma/inst/pcie4_ip_i/inst/xdma_0_pcie4_ip_gt_top_i/diablo_gt.diablo_gt_phy_wrapper/gt_wizard.gtwizard_top_i/xdma_0_pcie4_ip_gt_i/inst/gen_gtwizard_gtye4_top.xdma_0_pcie4_ip_gt_gtwizard_gtye4_inst/gen_gtwizard_gtye4.gen_cpll_cal_gtye4.gen_cpll_cal_inst[3].gen_inst_cpll_cal.gtwizard_ultrascale_v1_7_22_gtye4_cpll_cal_inst/gtwizard_ultrascale_v1_7_22_gtye4_cpll_cal_tx_i/U_TXOUTCLK_FREQ_COUNTER/testclk_div4_reg[0]/C
  -------------------------------------------------------------------    -------------------
    SLICE_X112Y73        FDSE (Prop_EFF_SLICEM_C_Q)
                                                      0.038     0.726 r  u_xdma/inst/pcie4_ip_i/inst/xdma_0_pcie4_ip_gt_top_i/diablo_gt.diablo_gt_phy_wrapper/gt_wizard.gtwizard_top_i/xdma_0_pcie4_ip_gt_i/inst/gen_gtwizard_gtye4_top.xdma_0_pcie4_ip_gt_gtwizard_gtye4_inst/gen_gtwizard_gtye4.gen_cpll_cal_gtye4.gen_cpll_cal_inst[3].gen_inst_cpll_cal.gtwizard_ultrascale_v1_7_22_gtye4_cpll_cal_inst/gtwizard_ultrascale_v1_7_22_gtye4_cpll_cal_tx_i/U_TXOUTCLK_FREQ_COUNTER/testclk_div4_reg[0]/Q
                         net (fo=2, routed)           0.067     0.792    u_xdma/inst/pcie4_ip_i/inst/xdma_0_pcie4_ip_gt_top_i/diablo_gt.diablo_gt_phy_wrapper/gt_wizard.gtwizard_top_i/xdma_0_pcie4_ip_gt_i/inst/gen_gtwizard_gtye4_top.xdma_0_pcie4_ip_gt_gtwizard_gtye4_inst/gen_gtwizard_gtye4.gen_cpll_cal_gtye4.gen_cpll_cal_inst[3].gen_inst_cpll_cal.gtwizard_ultrascale_v1_7_22_gtye4_cpll_cal_inst/gtwizard_ultrascale_v1_7_22_gtye4_cpll_cal_tx_i/U_TXOUTCLK_FREQ_COUNTER/testclk_div4[0]
    SLICE_X112Y73        FDRE                                         r  u_xdma/inst/pcie4_ip_i/inst/xdma_0_pcie4_ip_gt_top_i/diablo_gt.diablo_gt_phy_wrapper/gt_wizard.gtwizard_top_i/xdma_0_pcie4_ip_gt_i/inst/gen_gtwizard_gtye4_top.xdma_0_pcie4_ip_gt_gtwizard_gtye4_inst/gen_gtwizard_gtye4.gen_cpll_cal_gtye4.gen_cpll_cal_inst[3].gen_inst_cpll_cal.gtwizard_ultrascale_v1_7_22_gtye4_cpll_cal_inst/gtwizard_ultrascale_v1_7_22_gtye4_cpll_cal_tx_i/U_TXOUTCLK_FREQ_COUNTER/testclk_div4_reg[1]/D
  -------------------------------------------------------------------    -------------------

                         (clock u_xdma/inst/pcie4_ip_i/inst/xdma_0_pcie4_ip_gt_top_i/diablo_gt.diablo_gt_phy_wrapper/gt_wizard.gtwizard_top_i/xdma_0_pcie4_ip_gt_i/inst/gen_gtwizard_gtye4_top.xdma_0_pcie4_ip_gt_gtwizard_gtye4_inst/gen_gtwizard_gtye4.gen_cpll_cal_gtye4.gen_cpll_cal_inst[3].gen_inst_cpll_cal.gtwizard_ultrascale_v1_7_22_gtye4_cpll_cal_inst/gtwizard_ultrascale_v1_7_22_gtye4_cpll_cal_tx_i/bufg_gt_txoutclkmon_inst/O rise edge)
                                                      0.000     0.000 r  
    BUFG_GT_X0Y19        BUFG_GT                      0.000     0.000 r  u_xdma/inst/pcie4_ip_i/inst/xdma_0_pcie4_ip_gt_top_i/diablo_gt.diablo_gt_phy_wrapper/gt_wizard.gtwizard_top_i/xdma_0_pcie4_ip_gt_i/inst/gen_gtwizard_gtye4_top.xdma_0_pcie4_ip_gt_gtwizard_gtye4_inst/gen_gtwizard_gtye4.gen_cpll_cal_gtye4.gen_cpll_cal_inst[3].gen_inst_cpll_cal.gtwizard_ultrascale_v1_7_22_gtye4_cpll_cal_inst/gtwizard_ultrascale_v1_7_22_gtye4_cpll_cal_tx_i/bufg_gt_txoutclkmon_inst/O
    X3Y1 (CLOCK_ROOT)    net (fo=31, routed)          0.785     0.785    u_xdma/inst/pcie4_ip_i/inst/xdma_0_pcie4_ip_gt_top_i/diablo_gt.diablo_gt_phy_wrapper/gt_wizard.gtwizard_top_i/xdma_0_pcie4_ip_gt_i/inst/gen_gtwizard_gtye4_top.xdma_0_pcie4_ip_gt_gtwizard_gtye4_inst/gen_gtwizard_gtye4.gen_cpll_cal_gtye4.gen_cpll_cal_inst[3].gen_inst_cpll_cal.gtwizard_ultrascale_v1_7_22_gtye4_cpll_cal_inst/gtwizard_ultrascale_v1_7_22_gtye4_cpll_cal_tx_i/U_TXOUTCLK_FREQ_COUNTER/txoutclkmon
    SLICE_X112Y73        FDRE                                         r  u_xdma/inst/pcie4_ip_i/inst/xdma_0_pcie4_ip_gt_top_i/diablo_gt.diablo_gt_phy_wrapper/gt_wizard.gtwizard_top_i/xdma_0_pcie4_ip_gt_i/inst/gen_gtwizard_gtye4_top.xdma_0_pcie4_ip_gt_gtwizard_gtye4_inst/gen_gtwizard_gtye4.gen_cpll_cal_gtye4.gen_cpll_cal_inst[3].gen_inst_cpll_cal.gtwizard_ultrascale_v1_7_22_gtye4_cpll_cal_inst/gtwizard_ultrascale_v1_7_22_gtye4_cpll_cal_tx_i/U_TXOUTCLK_FREQ_COUNTER/testclk_div4_reg[1]/C
                         clock pessimism             -0.092     0.694    
    SLICE_X112Y73        FDRE (Hold_EFF2_SLICEM_C_D)
                                                      0.047     0.741    u_xdma/inst/pcie4_ip_i/inst/xdma_0_pcie4_ip_gt_top_i/diablo_gt.diablo_gt_phy_wrapper/gt_wizard.gtwizard_top_i/xdma_0_pcie4_ip_gt_i/inst/gen_gtwizard_gtye4_top.xdma_0_pcie4_ip_gt_gtwizard_gtye4_inst/gen_gtwizard_gtye4.gen_cpll_cal_gtye4.gen_cpll_cal_inst[3].gen_inst_cpll_cal.gtwizard_ultrascale_v1_7_22_gtye4_cpll_cal_inst/gtwizard_ultrascale_v1_7_22_gtye4_cpll_cal_tx_i/U_TXOUTCLK_FREQ_COUNTER/testclk_div4_reg[1]
  -------------------------------------------------------------------
                         required time                         -0.741    
                         arrival time                           0.792    
  -------------------------------------------------------------------
                         slack                                  0.052    





Pulse Width Checks
--------------------------------------------------------------------------------------
Clock Name:         u_xdma/inst/pcie4_ip_i/inst/xdma_0_pcie4_ip_gt_top_i/diablo_gt.diablo_gt_phy_wrapper/gt_wizard.gtwizard_top_i/xdma_0_pcie4_ip_gt_i/inst/gen_gtwizard_gtye4_top.xdma_0_pcie4_ip_gt_gtwizard_gtye4_inst/gen_gtwizard_gtye4.gen_cpll_cal_gtye4.gen_cpll_cal_inst[3].gen_inst_cpll_cal.gtwizard_ultrascale_v1_7_22_gtye4_cpll_cal_inst/gtwizard_ultrascale_v1_7_22_gtye4_cpll_cal_tx_i/bufg_gt_txoutclkmon_inst/O
Waveform(ns):       { 0.000 4.000 }
Period(ns):         8.000
Sources:            { u_xdma/inst/pcie4_ip_i/inst/xdma_0_pcie4_ip_gt_top_i/diablo_gt.diablo_gt_phy_wrapper/gt_wizard.gtwizard_top_i/xdma_0_pcie4_ip_gt_i/inst/gen_gtwizard_gtye4_top.xdma_0_pcie4_ip_gt_gtwizard_gtye4_inst/gen_gtwizard_gtye4.gen_cpll_cal_gtye4.gen_cpll_cal_inst[3].gen_inst_cpll_cal.gtwizard_ultrascale_v1_7_22_gtye4_cpll_cal_inst/gtwizard_ultrascale_v1_7_22_gtye4_cpll_cal_tx_i/bufg_gt_txoutclkmon_inst/O }

Check Type        Corner  Lib Pin  Reference Pin  Required(ns)  Actual(ns)  Slack(ns)  Location       Pin
Min Period        n/a     FDCE/C   n/a            0.550         8.000       7.450      SLICE_X112Y75  u_xdma/inst/pcie4_ip_i/inst/xdma_0_pcie4_ip_gt_top_i/diablo_gt.diablo_gt_phy_wrapper/gt_wizard.gtwizard_top_i/xdma_0_pcie4_ip_gt_i/inst/gen_gtwizard_gtye4_top.xdma_0_pcie4_ip_gt_gtwizard_gtye4_inst/gen_gtwizard_gtye4.gen_cpll_cal_gtye4.gen_cpll_cal_inst[3].gen_inst_cpll_cal.gtwizard_ultrascale_v1_7_22_gtye4_cpll_cal_inst/gtwizard_ultrascale_v1_7_22_gtye4_cpll_cal_tx_i/U_TXOUTCLK_FREQ_COUNTER/testclk_cnt_reg[0]/C
Low Pulse Width   Slow    FDCE/C   n/a            0.275         4.000       3.725      SLICE_X112Y75  u_xdma/inst/pcie4_ip_i/inst/xdma_0_pcie4_ip_gt_top_i/diablo_gt.diablo_gt_phy_wrapper/gt_wizard.gtwizard_top_i/xdma_0_pcie4_ip_gt_i/inst/gen_gtwizard_gtye4_top.xdma_0_pcie4_ip_gt_gtwizard_gtye4_inst/gen_gtwizard_gtye4.gen_cpll_cal_gtye4.gen_cpll_cal_inst[3].gen_inst_cpll_cal.gtwizard_ultrascale_v1_7_22_gtye4_cpll_cal_inst/gtwizard_ultrascale_v1_7_22_gtye4_cpll_cal_tx_i/U_TXOUTCLK_FREQ_COUNTER/testclk_cnt_reg[0]/C
High Pulse Width  Slow    FDCE/C   n/a            0.275         4.000       3.725      SLICE_X112Y75  u_xdma/inst/pcie4_ip_i/inst/xdma_0_pcie4_ip_gt_top_i/diablo_gt.diablo_gt_phy_wrapper/gt_wizard.gtwizard_top_i/xdma_0_pcie4_ip_gt_i/inst/gen_gtwizard_gtye4_top.xdma_0_pcie4_ip_gt_gtwizard_gtye4_inst/gen_gtwizard_gtye4.gen_cpll_cal_gtye4.gen_cpll_cal_inst[3].gen_inst_cpll_cal.gtwizard_ultrascale_v1_7_22_gtye4_cpll_cal_inst/gtwizard_ultrascale_v1_7_22_gtye4_cpll_cal_tx_i/U_TXOUTCLK_FREQ_COUNTER/testclk_cnt_reg[0]/C



---------------------------------------------------------------------------------------------------
From Clock:  u_xdma/inst/pcie4_ip_i/inst/xdma_0_pcie4_ip_gt_top_i/diablo_gt.diablo_gt_phy_wrapper/phy_clk_i/bufg_gt_intclk/O
  To Clock:  u_xdma/inst/pcie4_ip_i/inst/xdma_0_pcie4_ip_gt_top_i/diablo_gt.diablo_gt_phy_wrapper/phy_clk_i/bufg_gt_intclk/O

Setup :            0  Failing Endpoints,  Worst Slack      999.120ns,  Total Violation        0.000ns
Hold  :            0  Failing Endpoints,  Worst Slack        0.059ns,  Total Violation        0.000ns
PW    :            0  Failing Endpoints,  Worst Slack      499.725ns,  Total Violation        0.000ns
---------------------------------------------------------------------------------------------------


Max Delay Paths
--------------------------------------------------------------------------------------
Slack (MET) :             999.120ns  (required time - arrival time)
  Source:                 u_xdma/inst/pcie4_ip_i/inst/xdma_0_pcie4_ip_gt_top_i/diablo_gt.diablo_gt_phy_wrapper/phy_rst_i/intclk_rrst_n_r_reg[4]/C
                            (rising edge-triggered cell FDCE clocked by u_xdma/inst/pcie4_ip_i/inst/xdma_0_pcie4_ip_gt_top_i/diablo_gt.diablo_gt_phy_wrapper/phy_clk_i/bufg_gt_intclk/O  {rise@0.000ns fall@500.000ns period=1000.000ns})
  Destination:            u_xdma/inst/pcie4_ip_i/inst/xdma_0_pcie4_ip_gt_top_i/diablo_gt.diablo_gt_phy_wrapper/phy_rst_i/wait_cnt_reg[0]/R
                            (rising edge-triggered cell FDRE clocked by u_xdma/inst/pcie4_ip_i/inst/xdma_0_pcie4_ip_gt_top_i/diablo_gt.diablo_gt_phy_wrapper/phy_clk_i/bufg_gt_intclk/O  {rise@0.000ns fall@500.000ns period=1000.000ns})
  Path Group:             u_xdma/inst/pcie4_ip_i/inst/xdma_0_pcie4_ip_gt_top_i/diablo_gt.diablo_gt_phy_wrapper/phy_clk_i/bufg_gt_intclk/O
  Path Type:              Setup (Max at Slow Process Corner)
  Requirement:            1000.000ns  (u_xdma/inst/pcie4_ip_i/inst/xdma_0_pcie4_ip_gt_top_i/diablo_gt.diablo_gt_phy_wrapper/phy_clk_i/bufg_gt_intclk/O rise@1000.000ns - u_xdma/inst/pcie4_ip_i/inst/xdma_0_pcie4_ip_gt_top_i/diablo_gt.diablo_gt_phy_wrapper/phy_clk_i/bufg_gt_intclk/O rise@0.000ns)
  Data Path Delay:        0.723ns  (logic 0.280ns (38.727%)  route 0.443ns (61.273%))
  Logic Levels:           1  (LUT2=1)
  Clock Path Skew:        -0.039ns (DCD - SCD + CPR)
    Destination Clock Delay (DCD):    0.538ns = ( 1000.538 - 1000.000 ) 
    Source Clock Delay      (SCD):    0.638ns
    Clock Pessimism Removal (CPR):    0.061ns
  Clock Uncertainty:      0.046ns  ((TSJ^2 + DJ^2)^1/2) / 2 + PE
    Total System Jitter     (TSJ):    0.071ns
    Discrete Jitter          (DJ):    0.060ns
    Phase Error              (PE):    0.000ns
  Clock Net Delay (Source):      0.638ns (routing 0.002ns, distribution 0.636ns)
  Clock Net Delay (Destination): 0.538ns (routing 0.001ns, distribution 0.537ns)

    Location             Delay type                Incr(ns)  Path(ns)    Netlist Resource(s)
  -------------------------------------------------------------------    -------------------
                         (clock u_xdma/inst/pcie4_ip_i/inst/xdma_0_pcie4_ip_gt_top_i/diablo_gt.diablo_gt_phy_wrapper/phy_clk_i/bufg_gt_intclk/O rise edge)
                                                      0.000     0.000 r  
    BUFG_GT_X0Y17        BUFG_GT                      0.000     0.000 r  u_xdma/inst/pcie4_ip_i/inst/xdma_0_pcie4_ip_gt_top_i/diablo_gt.diablo_gt_phy_wrapper/phy_clk_i/bufg_gt_intclk/O
    X3Y0 (CLOCK_ROOT)    net (fo=13, routed)          0.638     0.638    u_xdma/inst/pcie4_ip_i/inst/xdma_0_pcie4_ip_gt_top_i/diablo_gt.diablo_gt_phy_wrapper/phy_rst_i/CLK
    SLICE_X112Y45        FDCE                                         r  u_xdma/inst/pcie4_ip_i/inst/xdma_0_pcie4_ip_gt_top_i/diablo_gt.diablo_gt_phy_wrapper/phy_rst_i/intclk_rrst_n_r_reg[4]/C
  -------------------------------------------------------------------    -------------------
    SLICE_X112Y45        FDCE (Prop_DFF2_SLICEM_C_Q)
                                                      0.098     0.736 f  u_xdma/inst/pcie4_ip_i/inst/xdma_0_pcie4_ip_gt_top_i/diablo_gt.diablo_gt_phy_wrapper/phy_rst_i/intclk_rrst_n_r_reg[4]/Q
                         net (fo=4, routed)           0.159     0.895    u_xdma/inst/pcie4_ip_i/inst/xdma_0_pcie4_ip_gt_top_i/diablo_gt.diablo_gt_phy_wrapper/phy_rst_i/intclk_rrst_n_r[4]
    SLICE_X112Y48        LUT2 (Prop_H6LUT_SLICEM_I1_O)
                                                      0.182     1.077 r  u_xdma/inst/pcie4_ip_i/inst/xdma_0_pcie4_ip_gt_top_i/diablo_gt.diablo_gt_phy_wrapper/phy_rst_i/wait_cnt[4]_i_1/O
                         net (fo=5, routed)           0.284     1.361    u_xdma/inst/pcie4_ip_i/inst/xdma_0_pcie4_ip_gt_top_i/diablo_gt.diablo_gt_phy_wrapper/phy_rst_i/wait_cnt[4]_i_1_n_0
    SLICE_X112Y48        FDRE                                         r  u_xdma/inst/pcie4_ip_i/inst/xdma_0_pcie4_ip_gt_top_i/diablo_gt.diablo_gt_phy_wrapper/phy_rst_i/wait_cnt_reg[0]/R
  -------------------------------------------------------------------    -------------------

                         (clock u_xdma/inst/pcie4_ip_i/inst/xdma_0_pcie4_ip_gt_top_i/diablo_gt.diablo_gt_phy_wrapper/phy_clk_i/bufg_gt_intclk/O rise edge)
                                                   1000.000  1000.000 r  
    BUFG_GT_X0Y17        BUFG_GT                      0.000  1000.000 r  u_xdma/inst/pcie4_ip_i/inst/xdma_0_pcie4_ip_gt_top_i/diablo_gt.diablo_gt_phy_wrapper/phy_clk_i/bufg_gt_intclk/O
    X3Y0 (CLOCK_ROOT)    net (fo=13, routed)          0.538  1000.538    u_xdma/inst/pcie4_ip_i/inst/xdma_0_pcie4_ip_gt_top_i/diablo_gt.diablo_gt_phy_wrapper/phy_rst_i/CLK
    SLICE_X112Y48        FDRE                                         r  u_xdma/inst/pcie4_ip_i/inst/xdma_0_pcie4_ip_gt_top_i/diablo_gt.diablo_gt_phy_wrapper/phy_rst_i/wait_cnt_reg[0]/C
                         clock pessimism              0.061  1000.599    
                         clock uncertainty           -0.046  1000.553    
    SLICE_X112Y48        FDRE (Setup_BFF2_SLICEM_C_R)
                                                     -0.072  1000.481    u_xdma/inst/pcie4_ip_i/inst/xdma_0_pcie4_ip_gt_top_i/diablo_gt.diablo_gt_phy_wrapper/phy_rst_i/wait_cnt_reg[0]
  -------------------------------------------------------------------
                         required time                       1000.481    
                         arrival time                          -1.361    
  -------------------------------------------------------------------
                         slack                                999.120    





Min Delay Paths
--------------------------------------------------------------------------------------
Slack (MET) :             0.059ns  (arrival time - required time)
  Source:                 u_xdma/inst/pcie4_ip_i/inst/xdma_0_pcie4_ip_gt_top_i/diablo_gt.diablo_gt_phy_wrapper/phy_rst_i/wait_cnt_reg[1]/C
                            (rising edge-triggered cell FDRE clocked by u_xdma/inst/pcie4_ip_i/inst/xdma_0_pcie4_ip_gt_top_i/diablo_gt.diablo_gt_phy_wrapper/phy_clk_i/bufg_gt_intclk/O  {rise@0.000ns fall@500.000ns period=1000.000ns})
  Destination:            u_xdma/inst/pcie4_ip_i/inst/xdma_0_pcie4_ip_gt_top_i/diablo_gt.diablo_gt_phy_wrapper/phy_rst_i/wait_cnt_reg[4]/D
                            (rising edge-triggered cell FDRE clocked by u_xdma/inst/pcie4_ip_i/inst/xdma_0_pcie4_ip_gt_top_i/diablo_gt.diablo_gt_phy_wrapper/phy_clk_i/bufg_gt_intclk/O  {rise@0.000ns fall@500.000ns period=1000.000ns})
  Path Group:             u_xdma/inst/pcie4_ip_i/inst/xdma_0_pcie4_ip_gt_top_i/diablo_gt.diablo_gt_phy_wrapper/phy_clk_i/bufg_gt_intclk/O
  Path Type:              Hold (Min at Fast Process Corner)
  Requirement:            0.000ns  (u_xdma/inst/pcie4_ip_i/inst/xdma_0_pcie4_ip_gt_top_i/diablo_gt.diablo_gt_phy_wrapper/phy_clk_i/bufg_gt_intclk/O rise@0.000ns - u_xdma/inst/pcie4_ip_i/inst/xdma_0_pcie4_ip_gt_top_i/diablo_gt.diablo_gt_phy_wrapper/phy_clk_i/bufg_gt_intclk/O rise@0.000ns)
  Data Path Delay:        0.112ns  (logic 0.075ns (66.955%)  route 0.037ns (33.045%))
  Logic Levels:           1  (LUT5=1)
  Clock Path Skew:        0.006ns (DCD - SCD - CPR)
    Destination Clock Delay (DCD):    0.367ns
    Source Clock Delay      (SCD):    0.318ns
    Clock Pessimism Removal (CPR):    0.044ns
  Clock Net Delay (Source):      0.318ns (routing 0.001ns, distribution 0.317ns)
  Clock Net Delay (Destination): 0.367ns (routing 0.001ns, distribution 0.366ns)

    Location             Delay type                Incr(ns)  Path(ns)    Netlist Resource(s)
  -------------------------------------------------------------------    -------------------
                         (clock u_xdma/inst/pcie4_ip_i/inst/xdma_0_pcie4_ip_gt_top_i/diablo_gt.diablo_gt_phy_wrapper/phy_clk_i/bufg_gt_intclk/O rise edge)
                                                      0.000     0.000 r  
    BUFG_GT_X0Y17        BUFG_GT                      0.000     0.000 r  u_xdma/inst/pcie4_ip_i/inst/xdma_0_pcie4_ip_gt_top_i/diablo_gt.diablo_gt_phy_wrapper/phy_clk_i/bufg_gt_intclk/O
    X3Y0 (CLOCK_ROOT)    net (fo=13, routed)          0.318     0.318    u_xdma/inst/pcie4_ip_i/inst/xdma_0_pcie4_ip_gt_top_i/diablo_gt.diablo_gt_phy_wrapper/phy_rst_i/CLK
    SLICE_X112Y48        FDRE                                         r  u_xdma/inst/pcie4_ip_i/inst/xdma_0_pcie4_ip_gt_top_i/diablo_gt.diablo_gt_phy_wrapper/phy_rst_i/wait_cnt_reg[1]/C
  -------------------------------------------------------------------    -------------------
    SLICE_X112Y48        FDRE (Prop_DFF_SLICEM_C_Q)
                                                      0.039     0.357 r  u_xdma/inst/pcie4_ip_i/inst/xdma_0_pcie4_ip_gt_top_i/diablo_gt.diablo_gt_phy_wrapper/phy_rst_i/wait_cnt_reg[1]/Q
                         net (fo=4, routed)           0.029     0.386    u_xdma/inst/pcie4_ip_i/inst/xdma_0_pcie4_ip_gt_top_i/diablo_gt.diablo_gt_phy_wrapper/phy_rst_i/wait_cnt_reg_n_0_[1]
    SLICE_X112Y48        LUT5 (Prop_C5LUT_SLICEM_I2_O)
                                                      0.036     0.422 r  u_xdma/inst/pcie4_ip_i/inst/xdma_0_pcie4_ip_gt_top_i/diablo_gt.diablo_gt_phy_wrapper/phy_rst_i/wait_cnt[4]_i_2/O
                         net (fo=1, routed)           0.008     0.430    u_xdma/inst/pcie4_ip_i/inst/xdma_0_pcie4_ip_gt_top_i/diablo_gt.diablo_gt_phy_wrapper/phy_rst_i/p_0_in__7[4]
    SLICE_X112Y48        FDRE                                         r  u_xdma/inst/pcie4_ip_i/inst/xdma_0_pcie4_ip_gt_top_i/diablo_gt.diablo_gt_phy_wrapper/phy_rst_i/wait_cnt_reg[4]/D
  -------------------------------------------------------------------    -------------------

                         (clock u_xdma/inst/pcie4_ip_i/inst/xdma_0_pcie4_ip_gt_top_i/diablo_gt.diablo_gt_phy_wrapper/phy_clk_i/bufg_gt_intclk/O rise edge)
                                                      0.000     0.000 r  
    BUFG_GT_X0Y17        BUFG_GT                      0.000     0.000 r  u_xdma/inst/pcie4_ip_i/inst/xdma_0_pcie4_ip_gt_top_i/diablo_gt.diablo_gt_phy_wrapper/phy_clk_i/bufg_gt_intclk/O
    X3Y0 (CLOCK_ROOT)    net (fo=13, routed)          0.367     0.367    u_xdma/inst/pcie4_ip_i/inst/xdma_0_pcie4_ip_gt_top_i/diablo_gt.diablo_gt_phy_wrapper/phy_rst_i/CLK
    SLICE_X112Y48        FDRE                                         r  u_xdma/inst/pcie4_ip_i/inst/xdma_0_pcie4_ip_gt_top_i/diablo_gt.diablo_gt_phy_wrapper/phy_rst_i/wait_cnt_reg[4]/C
                         clock pessimism             -0.044     0.324    
    SLICE_X112Y48        FDRE (Hold_CFF2_SLICEM_C_D)
                                                      0.047     0.371    u_xdma/inst/pcie4_ip_i/inst/xdma_0_pcie4_ip_gt_top_i/diablo_gt.diablo_gt_phy_wrapper/phy_rst_i/wait_cnt_reg[4]
  -------------------------------------------------------------------
                         required time                         -0.371    
                         arrival time                           0.430    
  -------------------------------------------------------------------
                         slack                                  0.059    





Pulse Width Checks
--------------------------------------------------------------------------------------
Clock Name:         u_xdma/inst/pcie4_ip_i/inst/xdma_0_pcie4_ip_gt_top_i/diablo_gt.diablo_gt_phy_wrapper/phy_clk_i/bufg_gt_intclk/O
Waveform(ns):       { 0.000 500.000 }
Period(ns):         1000.000
Sources:            { u_xdma/inst/pcie4_ip_i/inst/xdma_0_pcie4_ip_gt_top_i/diablo_gt.diablo_gt_phy_wrapper/phy_clk_i/bufg_gt_intclk/O }

Check Type        Corner  Lib Pin  Reference Pin  Required(ns)  Actual(ns)  Slack(ns)  Location       Pin
Min Period        n/a     FDRE/C   n/a            0.550         1000.000    999.450    SLICE_X112Y48  u_xdma/inst/pcie4_ip_i/inst/xdma_0_pcie4_ip_gt_top_i/diablo_gt.diablo_gt_phy_wrapper/phy_rst_i/FSM_sequential_pwr_on_fsm_reg/C
Low Pulse Width   Slow    FDRE/C   n/a            0.275         500.000     499.725    SLICE_X112Y48  u_xdma/inst/pcie4_ip_i/inst/xdma_0_pcie4_ip_gt_top_i/diablo_gt.diablo_gt_phy_wrapper/phy_rst_i/FSM_sequential_pwr_on_fsm_reg/C
High Pulse Width  Slow    FDRE/C   n/a            0.275         500.000     499.725    SLICE_X112Y48  u_xdma/inst/pcie4_ip_i/inst/xdma_0_pcie4_ip_gt_top_i/diablo_gt.diablo_gt_phy_wrapper/phy_rst_i/FSM_sequential_pwr_on_fsm_reg/C



---------------------------------------------------------------------------------------------------
From Clock:  pipe_clk
  To Clock:  axi_aclk

Setup :            0  Failing Endpoints,  Worst Slack        2.404ns,  Total Violation        0.000ns
Hold  :            0  Failing Endpoints,  Worst Slack        0.239ns,  Total Violation        0.000ns
---------------------------------------------------------------------------------------------------


Max Delay Paths
--------------------------------------------------------------------------------------
Slack (MET) :             2.404ns  (required time - arrival time)
  Source:                 u_xdma/inst/pcie4_ip_i/inst/xdma_0_pcie4_ip_gt_top_i/diablo_gt.diablo_gt_phy_wrapper/rst_psrst_n_r_rep_reg_rep__0/C
                            (rising edge-triggered cell FDRE clocked by pipe_clk  {rise@0.000ns fall@2.000ns period=4.000ns})
  Destination:            u_xdma/inst/pcie4_ip_i/inst/xdma_0_pcie4_ip_pcie_4_0_pipe_inst/pcie_4_0_init_ctrl_inst/reg_reset_timer_reg[0]/R
                            (rising edge-triggered cell FDRE clocked by axi_aclk  {rise@0.000ns fall@2.000ns period=4.000ns})
  Path Group:             axi_aclk
  Path Type:              Setup (Max at Slow Process Corner)
  Requirement:            4.000ns  (axi_aclk rise@4.000ns - pipe_clk rise@0.000ns)
  Data Path Delay:        1.214ns  (logic 0.096ns (7.906%)  route 1.118ns (92.094%))
  Logic Levels:           0  
  Clock Path Skew:        -0.263ns (DCD - SCD + CPR)
    Destination Clock Delay (DCD):    1.555ns = ( 5.555 - 4.000 ) 
    Source Clock Delay      (SCD):    1.819ns
    Clock Pessimism Removal (CPR):    0.001ns
  Clock Uncertainty:      0.046ns  ((TSJ^2 + DJ^2)^1/2) / 2 + PE
    Total System Jitter     (TSJ):    0.071ns
    Discrete Jitter          (DJ):    0.060ns
    Phase Error              (PE):    0.000ns
  Clock Net Delay (Source):      1.590ns (routing 0.527ns, distribution 1.063ns)
  Clock Net Delay (Destination): 1.351ns (routing 0.479ns, distribution 0.872ns)

    Location             Delay type                Incr(ns)  Path(ns)    Netlist Resource(s)
  -------------------------------------------------------------------    -------------------
                         (clock pipe_clk rise edge)
                                                      0.000     0.000 r  
    GTYE4_CHANNEL_X0Y3   GTYE4_CHANNEL                0.000     0.000 r  u_xdma/inst/pcie4_ip_i/inst/xdma_0_pcie4_ip_gt_top_i/diablo_gt.diablo_gt_phy_wrapper/gt_wizard.gtwizard_top_i/xdma_0_pcie4_ip_gt_i/inst/gen_gtwizard_gtye4_top.xdma_0_pcie4_ip_gt_gtwizard_gtye4_inst/gen_gtwizard_gtye4.gen_channel_container[3].gen_enabled_channel.gtye4_channel_wrapper_inst/channel_inst/gtye4_channel_gen.gen_gtye4_channel_inst[3].GTYE4_CHANNEL_PRIM_INST/TXOUTCLK
                         net (fo=6, routed)           0.090     0.090    u_xdma/inst/pcie4_ip_i/inst/xdma_0_pcie4_ip_gt_top_i/diablo_gt.diablo_gt_phy_wrapper/phy_clk_i/CLK_TXOUTCLK
    BUFG_GT_X0Y15        BUFG_GT (Prop_BUFG_GT_I_O)
                                                      0.139     0.229 r  u_xdma/inst/pcie4_ip_i/inst/xdma_0_pcie4_ip_gt_top_i/diablo_gt.diablo_gt_phy_wrapper/phy_clk_i/bufg_gt_pclk/O
    X2Y0 (CLOCK_ROOT)    net (fo=1138, routed)        1.590     1.819    u_xdma/inst/pcie4_ip_i/inst/xdma_0_pcie4_ip_gt_top_i/diablo_gt.diablo_gt_phy_wrapper/CLK_PCLK2
    SLICE_X104Y31        FDRE                                         r  u_xdma/inst/pcie4_ip_i/inst/xdma_0_pcie4_ip_gt_top_i/diablo_gt.diablo_gt_phy_wrapper/rst_psrst_n_r_rep_reg_rep__0/C
  -------------------------------------------------------------------    -------------------
    SLICE_X104Y31        FDRE (Prop_FFF_SLICEL_C_Q)
                                                      0.096     1.915 f  u_xdma/inst/pcie4_ip_i/inst/xdma_0_pcie4_ip_gt_top_i/diablo_gt.diablo_gt_phy_wrapper/rst_psrst_n_r_rep_reg_rep__0/Q
                         net (fo=221, routed)         1.118     3.033    u_xdma/inst/pcie4_ip_i/inst/xdma_0_pcie4_ip_pcie_4_0_pipe_inst/pcie_4_0_init_ctrl_inst/reg_reset_timer_reg[1]_0[0]
    SLICE_X99Y26         FDRE                                         r  u_xdma/inst/pcie4_ip_i/inst/xdma_0_pcie4_ip_pcie_4_0_pipe_inst/pcie_4_0_init_ctrl_inst/reg_reset_timer_reg[0]/R  (IS_INVERTED)
  -------------------------------------------------------------------    -------------------

                         (clock axi_aclk rise edge)
                                                      4.000     4.000 r  
    GTYE4_CHANNEL_X0Y3   GTYE4_CHANNEL                0.000     4.000 r  u_xdma/inst/pcie4_ip_i/inst/xdma_0_pcie4_ip_gt_top_i/diablo_gt.diablo_gt_phy_wrapper/gt_wizard.gtwizard_top_i/xdma_0_pcie4_ip_gt_i/inst/gen_gtwizard_gtye4_top.xdma_0_pcie4_ip_gt_gtwizard_gtye4_inst/gen_gtwizard_gtye4.gen_channel_container[3].gen_enabled_channel.gtye4_channel_wrapper_inst/channel_inst/gtye4_channel_gen.gen_gtye4_channel_inst[3].GTYE4_CHANNEL_PRIM_INST/TXOUTCLK
                         net (fo=6, routed)           0.082     4.082    u_xdma/inst/pcie4_ip_i/inst/xdma_0_pcie4_ip_gt_top_i/diablo_gt.diablo_gt_phy_wrapper/phy_clk_i/CLK_TXOUTCLK
    BUFG_GT_X0Y18        BUFG_GT (Prop_BUFG_GT_I_O)
                                                      0.122     4.204 r  u_xdma/inst/pcie4_ip_i/inst/xdma_0_pcie4_ip_gt_top_i/diablo_gt.diablo_gt_phy_wrapper/phy_clk_i/bufg_gt_coreclk/O
    X2Y0 (CLOCK_ROOT)    net (fo=15802, routed)       1.351     5.555    u_xdma/inst/pcie4_ip_i/inst/xdma_0_pcie4_ip_pcie_4_0_pipe_inst/pcie_4_0_init_ctrl_inst/PHY_CORECLK
    SLICE_X99Y26         FDRE                                         r  u_xdma/inst/pcie4_ip_i/inst/xdma_0_pcie4_ip_pcie_4_0_pipe_inst/pcie_4_0_init_ctrl_inst/reg_reset_timer_reg[0]/C
                         clock pessimism              0.001     5.556    
                         clock uncertainty           -0.046     5.510    
    SLICE_X99Y26         FDRE (Setup_DFF_SLICEL_C_R)
                                                     -0.072     5.438    u_xdma/inst/pcie4_ip_i/inst/xdma_0_pcie4_ip_pcie_4_0_pipe_inst/pcie_4_0_init_ctrl_inst/reg_reset_timer_reg[0]
  -------------------------------------------------------------------
                         required time                          5.438    
                         arrival time                          -3.033    
  -------------------------------------------------------------------
                         slack                                  2.404    





Min Delay Paths
--------------------------------------------------------------------------------------
Slack (MET) :             0.239ns  (arrival time - required time)
  Source:                 u_xdma/inst/pcie4_ip_i/inst/xdma_0_pcie4_ip_gt_top_i/diablo_gt.diablo_gt_phy_wrapper/rst_psrst_n_r_rep_reg/C
                            (rising edge-triggered cell FDRE clocked by pipe_clk  {rise@0.000ns fall@2.000ns period=4.000ns})
  Destination:            u_xdma/inst/pcie4_ip_i/inst/xdma_0_pcie4_ip_pcie_4_0_pipe_inst/pcie_4_0_init_ctrl_inst/reg_phy_rdy_reg[0]/D
                            (rising edge-triggered cell FDRE clocked by axi_aclk  {rise@0.000ns fall@2.000ns period=4.000ns})
  Path Group:             axi_aclk
  Path Type:              Hold (Min at Fast Process Corner)
  Requirement:            0.000ns  (axi_aclk rise@0.000ns - pipe_clk rise@0.000ns)
  Data Path Delay:        0.381ns  (logic 0.039ns (10.245%)  route 0.342ns (89.755%))
  Logic Levels:           0  
  Clock Path Skew:        0.095ns (DCD - SCD - CPR)
    Destination Clock Delay (DCD):    1.028ns
    Source Clock Delay      (SCD):    0.932ns
    Clock Pessimism Removal (CPR):    0.001ns
  Clock Net Delay (Source):      0.807ns (routing 0.266ns, distribution 0.541ns)
  Clock Net Delay (Destination): 0.889ns (routing 0.296ns, distribution 0.593ns)

    Location             Delay type                Incr(ns)  Path(ns)    Netlist Resource(s)
  -------------------------------------------------------------------    -------------------
                         (clock pipe_clk rise edge)
                                                      0.000     0.000 r  
    GTYE4_CHANNEL_X0Y3   GTYE4_CHANNEL                0.000     0.000 r  u_xdma/inst/pcie4_ip_i/inst/xdma_0_pcie4_ip_gt_top_i/diablo_gt.diablo_gt_phy_wrapper/gt_wizard.gtwizard_top_i/xdma_0_pcie4_ip_gt_i/inst/gen_gtwizard_gtye4_top.xdma_0_pcie4_ip_gt_gtwizard_gtye4_inst/gen_gtwizard_gtye4.gen_channel_container[3].gen_enabled_channel.gtye4_channel_wrapper_inst/channel_inst/gtye4_channel_gen.gen_gtye4_channel_inst[3].GTYE4_CHANNEL_PRIM_INST/TXOUTCLK
                         net (fo=6, routed)           0.052     0.052    u_xdma/inst/pcie4_ip_i/inst/xdma_0_pcie4_ip_gt_top_i/diablo_gt.diablo_gt_phy_wrapper/phy_clk_i/CLK_TXOUTCLK
    BUFG_GT_X0Y15        BUFG_GT (Prop_BUFG_GT_I_O)
                                                      0.073     0.125 r  u_xdma/inst/pcie4_ip_i/inst/xdma_0_pcie4_ip_gt_top_i/diablo_gt.diablo_gt_phy_wrapper/phy_clk_i/bufg_gt_pclk/O
    X2Y0 (CLOCK_ROOT)    net (fo=1138, routed)        0.807     0.932    u_xdma/inst/pcie4_ip_i/inst/xdma_0_pcie4_ip_gt_top_i/diablo_gt.diablo_gt_phy_wrapper/CLK_PCLK2
    SLICE_X104Y31        FDRE                                         r  u_xdma/inst/pcie4_ip_i/inst/xdma_0_pcie4_ip_gt_top_i/diablo_gt.diablo_gt_phy_wrapper/rst_psrst_n_r_rep_reg/C
  -------------------------------------------------------------------    -------------------
    SLICE_X104Y31        FDRE (Prop_EFF_SLICEL_C_Q)
                                                      0.039     0.971 r  u_xdma/inst/pcie4_ip_i/inst/xdma_0_pcie4_ip_gt_top_i/diablo_gt.diablo_gt_phy_wrapper/rst_psrst_n_r_rep_reg/Q
                         net (fo=181, routed)         0.342     1.313    u_xdma/inst/pcie4_ip_i/inst/xdma_0_pcie4_ip_pcie_4_0_pipe_inst/pcie_4_0_init_ctrl_inst/reg_phy_rdy_reg[0]_0[0]
    SLICE_X99Y28         FDRE                                         r  u_xdma/inst/pcie4_ip_i/inst/xdma_0_pcie4_ip_pcie_4_0_pipe_inst/pcie_4_0_init_ctrl_inst/reg_phy_rdy_reg[0]/D
  -------------------------------------------------------------------    -------------------

                         (clock axi_aclk rise edge)
                                                      0.000     0.000 r  
    GTYE4_CHANNEL_X0Y3   GTYE4_CHANNEL                0.000     0.000 r  u_xdma/inst/pcie4_ip_i/inst/xdma_0_pcie4_ip_gt_top_i/diablo_gt.diablo_gt_phy_wrapper/gt_wizard.gtwizard_top_i/xdma_0_pcie4_ip_gt_i/inst/gen_gtwizard_gtye4_top.xdma_0_pcie4_ip_gt_gtwizard_gtye4_inst/gen_gtwizard_gtye4.gen_channel_container[3].gen_enabled_channel.gtye4_channel_wrapper_inst/channel_inst/gtye4_channel_gen.gen_gtye4_channel_inst[3].GTYE4_CHANNEL_PRIM_INST/TXOUTCLK
                         net (fo=6, routed)           0.057     0.057    u_xdma/inst/pcie4_ip_i/inst/xdma_0_pcie4_ip_gt_top_i/diablo_gt.diablo_gt_phy_wrapper/phy_clk_i/CLK_TXOUTCLK
    BUFG_GT_X0Y18        BUFG_GT (Prop_BUFG_GT_I_O)
                                                      0.082     0.139 r  u_xdma/inst/pcie4_ip_i/inst/xdma_0_pcie4_ip_gt_top_i/diablo_gt.diablo_gt_phy_wrapper/phy_clk_i/bufg_gt_coreclk/O
    X2Y0 (CLOCK_ROOT)    net (fo=15802, routed)       0.889     1.028    u_xdma/inst/pcie4_ip_i/inst/xdma_0_pcie4_ip_pcie_4_0_pipe_inst/pcie_4_0_init_ctrl_inst/PHY_CORECLK
    SLICE_X99Y28         FDRE                                         r  u_xdma/inst/pcie4_ip_i/inst/xdma_0_pcie4_ip_pcie_4_0_pipe_inst/pcie_4_0_init_ctrl_inst/reg_phy_rdy_reg[0]/C
                         clock pessimism             -0.001     1.027    
    SLICE_X99Y28         FDRE (Hold_HFF2_SLICEL_C_D)
                                                      0.047     1.074    u_xdma/inst/pcie4_ip_i/inst/xdma_0_pcie4_ip_pcie_4_0_pipe_inst/pcie_4_0_init_ctrl_inst/reg_phy_rdy_reg[0]
  -------------------------------------------------------------------
                         required time                         -1.074    
                         arrival time                           1.313    
  -------------------------------------------------------------------
                         slack                                  0.239    





---------------------------------------------------------------------------------------------------
From Clock:  axi_aclk
  To Clock:  pipe_clk

Setup :            0  Failing Endpoints,  Worst Slack        3.151ns,  Total Violation        0.000ns
Hold  :            0  Failing Endpoints,  Worst Slack        0.062ns,  Total Violation        0.000ns
---------------------------------------------------------------------------------------------------


Max Delay Paths
--------------------------------------------------------------------------------------
Slack (MET) :             3.151ns  (required time - arrival time)
  Source:                 u_xdma/inst/pcie4_ip_i/inst/as_mac_in_detect_user_reg/C
                            (rising edge-triggered cell FDPE clocked by axi_aclk  {rise@0.000ns fall@2.000ns period=4.000ns})
  Destination:            u_xdma/inst/pcie4_ip_i/inst/as_mac_in_detect_ff_reg/D
                            (rising edge-triggered cell FDPE clocked by pipe_clk  {rise@0.000ns fall@2.000ns period=4.000ns})
  Path Group:             pipe_clk
  Path Type:              Setup (Max at Slow Process Corner)
  Requirement:            4.000ns  (pipe_clk rise@4.000ns - axi_aclk rise@0.000ns)
  Data Path Delay:        0.621ns  (logic 0.098ns (15.781%)  route 0.523ns (84.219%))
  Logic Levels:           0  
  Clock Path Skew:        -0.209ns (DCD - SCD + CPR)
    Destination Clock Delay (DCD):    1.612ns = ( 5.612 - 4.000 ) 
    Source Clock Delay      (SCD):    1.822ns
    Clock Pessimism Removal (CPR):    0.001ns
  Clock Uncertainty:      0.046ns  ((TSJ^2 + DJ^2)^1/2) / 2 + PE
    Total System Jitter     (TSJ):    0.071ns
    Discrete Jitter          (DJ):    0.060ns
    Phase Error              (PE):    0.000ns
  Clock Net Delay (Source):      1.593ns (routing 0.527ns, distribution 1.066ns)
  Clock Net Delay (Destination): 1.408ns (routing 0.479ns, distribution 0.929ns)

    Location             Delay type                Incr(ns)  Path(ns)    Netlist Resource(s)
  -------------------------------------------------------------------    -------------------
                         (clock axi_aclk rise edge)
                                                      0.000     0.000 r  
    GTYE4_CHANNEL_X0Y3   GTYE4_CHANNEL                0.000     0.000 r  u_xdma/inst/pcie4_ip_i/inst/xdma_0_pcie4_ip_gt_top_i/diablo_gt.diablo_gt_phy_wrapper/gt_wizard.gtwizard_top_i/xdma_0_pcie4_ip_gt_i/inst/gen_gtwizard_gtye4_top.xdma_0_pcie4_ip_gt_gtwizard_gtye4_inst/gen_gtwizard_gtye4.gen_channel_container[3].gen_enabled_channel.gtye4_channel_wrapper_inst/channel_inst/gtye4_channel_gen.gen_gtye4_channel_inst[3].GTYE4_CHANNEL_PRIM_INST/TXOUTCLK
                         net (fo=6, routed)           0.090     0.090    u_xdma/inst/pcie4_ip_i/inst/xdma_0_pcie4_ip_gt_top_i/diablo_gt.diablo_gt_phy_wrapper/phy_clk_i/CLK_TXOUTCLK
    BUFG_GT_X0Y18        BUFG_GT (Prop_BUFG_GT_I_O)
                                                      0.139     0.229 r  u_xdma/inst/pcie4_ip_i/inst/xdma_0_pcie4_ip_gt_top_i/diablo_gt.diablo_gt_phy_wrapper/phy_clk_i/bufg_gt_coreclk/O
    X2Y0 (CLOCK_ROOT)    net (fo=15802, routed)       1.593     1.822    u_xdma/inst/pcie4_ip_i/inst/user_clk
    SLICE_X102Y18        FDPE                                         r  u_xdma/inst/pcie4_ip_i/inst/as_mac_in_detect_user_reg/C
  -------------------------------------------------------------------    -------------------
    SLICE_X102Y18        FDPE (Prop_DFF2_SLICEL_C_Q)
                                                      0.098     1.920 r  u_xdma/inst/pcie4_ip_i/inst/as_mac_in_detect_user_reg/Q
                         net (fo=1, routed)           0.523     2.443    u_xdma/inst/pcie4_ip_i/inst/as_mac_in_detect_user
    SLICE_X105Y27        FDPE                                         r  u_xdma/inst/pcie4_ip_i/inst/as_mac_in_detect_ff_reg/D
  -------------------------------------------------------------------    -------------------

                         (clock pipe_clk rise edge)
                                                      4.000     4.000 r  
    GTYE4_CHANNEL_X0Y3   GTYE4_CHANNEL                0.000     4.000 r  u_xdma/inst/pcie4_ip_i/inst/xdma_0_pcie4_ip_gt_top_i/diablo_gt.diablo_gt_phy_wrapper/gt_wizard.gtwizard_top_i/xdma_0_pcie4_ip_gt_i/inst/gen_gtwizard_gtye4_top.xdma_0_pcie4_ip_gt_gtwizard_gtye4_inst/gen_gtwizard_gtye4.gen_channel_container[3].gen_enabled_channel.gtye4_channel_wrapper_inst/channel_inst/gtye4_channel_gen.gen_gtye4_channel_inst[3].GTYE4_CHANNEL_PRIM_INST/TXOUTCLK
                         net (fo=6, routed)           0.082     4.082    u_xdma/inst/pcie4_ip_i/inst/xdma_0_pcie4_ip_gt_top_i/diablo_gt.diablo_gt_phy_wrapper/phy_clk_i/CLK_TXOUTCLK
    BUFG_GT_X0Y15        BUFG_GT (Prop_BUFG_GT_I_O)
                                                      0.122     4.204 r  u_xdma/inst/pcie4_ip_i/inst/xdma_0_pcie4_ip_gt_top_i/diablo_gt.diablo_gt_phy_wrapper/phy_clk_i/bufg_gt_pclk/O
    X2Y0 (CLOCK_ROOT)    net (fo=1138, routed)        1.408     5.612    u_xdma/inst/pcie4_ip_i/inst/pipe_clk
    SLICE_X105Y27        FDPE                                         r  u_xdma/inst/pcie4_ip_i/inst/as_mac_in_detect_ff_reg/C
                         clock pessimism              0.001     5.613    
                         clock uncertainty           -0.046     5.567    
    SLICE_X105Y27        FDPE (Setup_EFF_SLICEL_C_D)
                                                      0.027     5.594    u_xdma/inst/pcie4_ip_i/inst/as_mac_in_detect_ff_reg
  -------------------------------------------------------------------
                         required time                          5.594    
                         arrival time                          -2.443    
  -------------------------------------------------------------------
                         slack                                  3.151    





Min Delay Paths
--------------------------------------------------------------------------------------
Slack (MET) :             0.062ns  (arrival time - required time)
  Source:                 u_xdma/inst/pcie4_ip_i/inst/as_mac_in_detect_user_reg/C
                            (rising edge-triggered cell FDPE clocked by axi_aclk  {rise@0.000ns fall@2.000ns period=4.000ns})
  Destination:            u_xdma/inst/pcie4_ip_i/inst/as_mac_in_detect_ff_reg/D
                            (rising edge-triggered cell FDPE clocked by pipe_clk  {rise@0.000ns fall@2.000ns period=4.000ns})
  Path Group:             pipe_clk
  Path Type:              Hold (Min at Slow Process Corner)
  Requirement:            0.000ns  (pipe_clk rise@0.000ns - axi_aclk rise@0.000ns)
  Data Path Delay:        0.342ns  (logic 0.073ns (21.345%)  route 0.269ns (78.655%))
  Logic Levels:           0  
  Clock Path Skew:        0.227ns (DCD - SCD - CPR)
    Destination Clock Delay (DCD):    1.832ns
    Source Clock Delay      (SCD):    1.604ns
    Clock Pessimism Removal (CPR):    0.001ns
  Clock Net Delay (Source):      1.400ns (routing 0.479ns, distribution 0.921ns)
  Clock Net Delay (Destination): 1.603ns (routing 0.527ns, distribution 1.076ns)

    Location             Delay type                Incr(ns)  Path(ns)    Netlist Resource(s)
  -------------------------------------------------------------------    -------------------
                         (clock axi_aclk rise edge)
                                                      0.000     0.000 r  
    GTYE4_CHANNEL_X0Y3   GTYE4_CHANNEL                0.000     0.000 r  u_xdma/inst/pcie4_ip_i/inst/xdma_0_pcie4_ip_gt_top_i/diablo_gt.diablo_gt_phy_wrapper/gt_wizard.gtwizard_top_i/xdma_0_pcie4_ip_gt_i/inst/gen_gtwizard_gtye4_top.xdma_0_pcie4_ip_gt_gtwizard_gtye4_inst/gen_gtwizard_gtye4.gen_channel_container[3].gen_enabled_channel.gtye4_channel_wrapper_inst/channel_inst/gtye4_channel_gen.gen_gtye4_channel_inst[3].GTYE4_CHANNEL_PRIM_INST/TXOUTCLK
                         net (fo=6, routed)           0.082     0.082    u_xdma/inst/pcie4_ip_i/inst/xdma_0_pcie4_ip_gt_top_i/diablo_gt.diablo_gt_phy_wrapper/phy_clk_i/CLK_TXOUTCLK
    BUFG_GT_X0Y18        BUFG_GT (Prop_BUFG_GT_I_O)
                                                      0.122     0.204 r  u_xdma/inst/pcie4_ip_i/inst/xdma_0_pcie4_ip_gt_top_i/diablo_gt.diablo_gt_phy_wrapper/phy_clk_i/bufg_gt_coreclk/O
    X2Y0 (CLOCK_ROOT)    net (fo=15802, routed)       1.400     1.604    u_xdma/inst/pcie4_ip_i/inst/user_clk
    SLICE_X102Y18        FDPE                                         r  u_xdma/inst/pcie4_ip_i/inst/as_mac_in_detect_user_reg/C
  -------------------------------------------------------------------    -------------------
    SLICE_X102Y18        FDPE (Prop_DFF2_SLICEL_C_Q)
                                                      0.073     1.677 r  u_xdma/inst/pcie4_ip_i/inst/as_mac_in_detect_user_reg/Q
                         net (fo=1, routed)           0.269     1.946    u_xdma/inst/pcie4_ip_i/inst/as_mac_in_detect_user
    SLICE_X105Y27        FDPE                                         r  u_xdma/inst/pcie4_ip_i/inst/as_mac_in_detect_ff_reg/D
  -------------------------------------------------------------------    -------------------

                         (clock pipe_clk rise edge)
                                                      0.000     0.000 r  
    GTYE4_CHANNEL_X0Y3   GTYE4_CHANNEL                0.000     0.000 r  u_xdma/inst/pcie4_ip_i/inst/xdma_0_pcie4_ip_gt_top_i/diablo_gt.diablo_gt_phy_wrapper/gt_wizard.gtwizard_top_i/xdma_0_pcie4_ip_gt_i/inst/gen_gtwizard_gtye4_top.xdma_0_pcie4_ip_gt_gtwizard_gtye4_inst/gen_gtwizard_gtye4.gen_channel_container[3].gen_enabled_channel.gtye4_channel_wrapper_inst/channel_inst/gtye4_channel_gen.gen_gtye4_channel_inst[3].GTYE4_CHANNEL_PRIM_INST/TXOUTCLK
                         net (fo=6, routed)           0.090     0.090    u_xdma/inst/pcie4_ip_i/inst/xdma_0_pcie4_ip_gt_top_i/diablo_gt.diablo_gt_phy_wrapper/phy_clk_i/CLK_TXOUTCLK
    BUFG_GT_X0Y15        BUFG_GT (Prop_BUFG_GT_I_O)
                                                      0.139     0.229 r  u_xdma/inst/pcie4_ip_i/inst/xdma_0_pcie4_ip_gt_top_i/diablo_gt.diablo_gt_phy_wrapper/phy_clk_i/bufg_gt_pclk/O
    X2Y0 (CLOCK_ROOT)    net (fo=1138, routed)        1.603     1.832    u_xdma/inst/pcie4_ip_i/inst/pipe_clk
    SLICE_X105Y27        FDPE                                         r  u_xdma/inst/pcie4_ip_i/inst/as_mac_in_detect_ff_reg/C
                         clock pessimism             -0.001     1.831    
    SLICE_X105Y27        FDPE (Hold_EFF_SLICEL_C_D)
                                                      0.053     1.884    u_xdma/inst/pcie4_ip_i/inst/as_mac_in_detect_ff_reg
  -------------------------------------------------------------------
                         required time                         -1.884    
                         arrival time                           1.946    
  -------------------------------------------------------------------
                         slack                                  0.062    





---------------------------------------------------------------------------------------------------
Path Group:  **async_default**
From Clock:  axi_aclk
  To Clock:  axi_aclk

Setup :            0  Failing Endpoints,  Worst Slack        0.859ns,  Total Violation        0.000ns
Hold  :            0  Failing Endpoints,  Worst Slack        0.125ns,  Total Violation        0.000ns
---------------------------------------------------------------------------------------------------


Max Delay Paths
--------------------------------------------------------------------------------------
Slack (MET) :             0.859ns  (required time - arrival time)
  Source:                 u_xdma/inst/pcie4_ip_i/inst/user_reset_reg/C
                            (rising edge-triggered cell FDPE clocked by axi_aclk  {rise@0.000ns fall@2.000ns period=4.000ns})
  Destination:            u_xdma/inst/udma_wrapper/dma_top/user_rst_n_3ff_reg[1]_rep__1/CLR
                            (recovery check against rising-edge clock axi_aclk  {rise@0.000ns fall@2.000ns period=4.000ns})
  Path Group:             **async_default**
  Path Type:              Recovery (Max at Slow Process Corner)
  Requirement:            4.000ns  (axi_aclk rise@4.000ns - axi_aclk rise@0.000ns)
  Data Path Delay:        3.039ns  (logic 0.093ns (3.060%)  route 2.946ns (96.940%))
  Logic Levels:           0  
  Clock Path Skew:        0.017ns (DCD - SCD + CPR)
    Destination Clock Delay (DCD):    1.671ns = ( 5.671 - 4.000 ) 
    Source Clock Delay      (SCD):    1.727ns
    Clock Pessimism Removal (CPR):    0.073ns
  Clock Uncertainty:      0.046ns  ((TSJ^2 + DJ^2)^1/2) / 2 + PE
    Total System Jitter     (TSJ):    0.071ns
    Discrete Jitter          (DJ):    0.060ns
    Phase Error              (PE):    0.000ns
  Clock Net Delay (Source):      1.498ns (routing 0.527ns, distribution 0.971ns)
  Clock Net Delay (Destination): 1.467ns (routing 0.479ns, distribution 0.988ns)

    Location             Delay type                Incr(ns)  Path(ns)    Netlist Resource(s)
  -------------------------------------------------------------------    -------------------
                         (clock axi_aclk rise edge)
                                                      0.000     0.000 r  
    GTYE4_CHANNEL_X0Y3   GTYE4_CHANNEL                0.000     0.000 r  u_xdma/inst/pcie4_ip_i/inst/xdma_0_pcie4_ip_gt_top_i/diablo_gt.diablo_gt_phy_wrapper/gt_wizard.gtwizard_top_i/xdma_0_pcie4_ip_gt_i/inst/gen_gtwizard_gtye4_top.xdma_0_pcie4_ip_gt_gtwizard_gtye4_inst/gen_gtwizard_gtye4.gen_channel_container[3].gen_enabled_channel.gtye4_channel_wrapper_inst/channel_inst/gtye4_channel_gen.gen_gtye4_channel_inst[3].GTYE4_CHANNEL_PRIM_INST/TXOUTCLK
                         net (fo=6, routed)           0.090     0.090    u_xdma/inst/pcie4_ip_i/inst/xdma_0_pcie4_ip_gt_top_i/diablo_gt.diablo_gt_phy_wrapper/phy_clk_i/CLK_TXOUTCLK
    BUFG_GT_X0Y18        BUFG_GT (Prop_BUFG_GT_I_O)
                                                      0.139     0.229 r  u_xdma/inst/pcie4_ip_i/inst/xdma_0_pcie4_ip_gt_top_i/diablo_gt.diablo_gt_phy_wrapper/phy_clk_i/bufg_gt_coreclk/O
    X2Y0 (CLOCK_ROOT)    net (fo=15802, routed)       1.498     1.727    u_xdma/inst/pcie4_ip_i/inst/user_clk
    SLICE_X86Y6          FDPE                                         r  u_xdma/inst/pcie4_ip_i/inst/user_reset_reg/C
  -------------------------------------------------------------------    -------------------
    SLICE_X86Y6          FDPE (Prop_AFF_SLICEM_C_Q)
                                                      0.093     1.820 f  u_xdma/inst/pcie4_ip_i/inst/user_reset_reg/Q
                         net (fo=191, routed)         2.946     4.766    u_xdma/inst/udma_wrapper/dma_top/sys_reset
    SLICE_X103Y80        FDCE                                         f  u_xdma/inst/udma_wrapper/dma_top/user_rst_n_3ff_reg[1]_rep__1/CLR
  -------------------------------------------------------------------    -------------------

                         (clock axi_aclk rise edge)
                                                      4.000     4.000 r  
    GTYE4_CHANNEL_X0Y3   GTYE4_CHANNEL                0.000     4.000 r  u_xdma/inst/pcie4_ip_i/inst/xdma_0_pcie4_ip_gt_top_i/diablo_gt.diablo_gt_phy_wrapper/gt_wizard.gtwizard_top_i/xdma_0_pcie4_ip_gt_i/inst/gen_gtwizard_gtye4_top.xdma_0_pcie4_ip_gt_gtwizard_gtye4_inst/gen_gtwizard_gtye4.gen_channel_container[3].gen_enabled_channel.gtye4_channel_wrapper_inst/channel_inst/gtye4_channel_gen.gen_gtye4_channel_inst[3].GTYE4_CHANNEL_PRIM_INST/TXOUTCLK
                         net (fo=6, routed)           0.082     4.082    u_xdma/inst/pcie4_ip_i/inst/xdma_0_pcie4_ip_gt_top_i/diablo_gt.diablo_gt_phy_wrapper/phy_clk_i/CLK_TXOUTCLK
    BUFG_GT_X0Y18        BUFG_GT (Prop_BUFG_GT_I_O)
                                                      0.122     4.204 r  u_xdma/inst/pcie4_ip_i/inst/xdma_0_pcie4_ip_gt_top_i/diablo_gt.diablo_gt_phy_wrapper/phy_clk_i/bufg_gt_coreclk/O
    X2Y0 (CLOCK_ROOT)    net (fo=15802, routed)       1.467     5.671    u_xdma/inst/udma_wrapper/dma_top/user_clk
    SLICE_X103Y80        FDCE                                         r  u_xdma/inst/udma_wrapper/dma_top/user_rst_n_3ff_reg[1]_rep__1/C
                         clock pessimism              0.073     5.744    
                         clock uncertainty           -0.046     5.698    
    SLICE_X103Y80        FDCE (Recov_AFF_SLICEM_C_CLR)
                                                     -0.072     5.626    u_xdma/inst/udma_wrapper/dma_top/user_rst_n_3ff_reg[1]_rep__1
  -------------------------------------------------------------------
                         required time                          5.626    
                         arrival time                          -4.766    
  -------------------------------------------------------------------
                         slack                                  0.859    





Min Delay Paths
--------------------------------------------------------------------------------------
Slack (MET) :             0.125ns  (arrival time - required time)
  Source:                 u_xdma/inst/pcie4_ip_i/inst/xdma_0_pcie4_ip_pcie_4_0_pipe_inst/pcie_4_0_init_ctrl_inst/mgmt_reset_n_o_reg/C
                            (rising edge-triggered cell FDCE clocked by axi_aclk  {rise@0.000ns fall@2.000ns period=4.000ns})
  Destination:            u_xdma/inst/pcie4_ip_i/inst/xdma_0_pcie4_ip_pcie_4_0_pipe_inst/pcie_4_0_init_ctrl_inst/user_clkgate_en_int_reg/CLR
                            (removal check against rising-edge clock axi_aclk  {rise@0.000ns fall@2.000ns period=4.000ns})
  Path Group:             **async_default**
  Path Type:              Removal (Min at Fast Process Corner)
  Requirement:            0.000ns  (axi_aclk rise@0.000ns - axi_aclk rise@0.000ns)
  Data Path Delay:        0.145ns  (logic 0.038ns (26.127%)  route 0.107ns (73.873%))
  Logic Levels:           0  
  Clock Path Skew:        0.040ns (DCD - SCD - CPR)
    Destination Clock Delay (DCD):    1.021ns
    Source Clock Delay      (SCD):    0.911ns
    Clock Pessimism Removal (CPR):    0.070ns
  Clock Net Delay (Source):      0.786ns (routing 0.268ns, distribution 0.518ns)
  Clock Net Delay (Destination): 0.882ns (routing 0.296ns, distribution 0.586ns)

    Location             Delay type                Incr(ns)  Path(ns)    Netlist Resource(s)
  -------------------------------------------------------------------    -------------------
                         (clock axi_aclk rise edge)
                                                      0.000     0.000 r  
    GTYE4_CHANNEL_X0Y3   GTYE4_CHANNEL                0.000     0.000 r  u_xdma/inst/pcie4_ip_i/inst/xdma_0_pcie4_ip_gt_top_i/diablo_gt.diablo_gt_phy_wrapper/gt_wizard.gtwizard_top_i/xdma_0_pcie4_ip_gt_i/inst/gen_gtwizard_gtye4_top.xdma_0_pcie4_ip_gt_gtwizard_gtye4_inst/gen_gtwizard_gtye4.gen_channel_container[3].gen_enabled_channel.gtye4_channel_wrapper_inst/channel_inst/gtye4_channel_gen.gen_gtye4_channel_inst[3].GTYE4_CHANNEL_PRIM_INST/TXOUTCLK
                         net (fo=6, routed)           0.052     0.052    u_xdma/inst/pcie4_ip_i/inst/xdma_0_pcie4_ip_gt_top_i/diablo_gt.diablo_gt_phy_wrapper/phy_clk_i/CLK_TXOUTCLK
    BUFG_GT_X0Y18        BUFG_GT (Prop_BUFG_GT_I_O)
                                                      0.073     0.125 r  u_xdma/inst/pcie4_ip_i/inst/xdma_0_pcie4_ip_gt_top_i/diablo_gt.diablo_gt_phy_wrapper/phy_clk_i/bufg_gt_coreclk/O
    X2Y0 (CLOCK_ROOT)    net (fo=15802, routed)       0.786     0.911    u_xdma/inst/pcie4_ip_i/inst/xdma_0_pcie4_ip_pcie_4_0_pipe_inst/pcie_4_0_init_ctrl_inst/PHY_CORECLK
    SLICE_X98Y28         FDCE                                         r  u_xdma/inst/pcie4_ip_i/inst/xdma_0_pcie4_ip_pcie_4_0_pipe_inst/pcie_4_0_init_ctrl_inst/mgmt_reset_n_o_reg/C
  -------------------------------------------------------------------    -------------------
    SLICE_X98Y28         FDCE (Prop_EFF_SLICEM_C_Q)
                                                      0.038     0.949 r  u_xdma/inst/pcie4_ip_i/inst/xdma_0_pcie4_ip_pcie_4_0_pipe_inst/pcie_4_0_init_ctrl_inst/mgmt_reset_n_o_reg/Q
                         net (fo=2, routed)           0.107     1.056    u_xdma/inst/pcie4_ip_i/inst/xdma_0_pcie4_ip_pcie_4_0_pipe_inst/pcie_4_0_init_ctrl_inst/mgmt_reset_n_o_reg_0
    SLICE_X99Y30         FDCE                                         f  u_xdma/inst/pcie4_ip_i/inst/xdma_0_pcie4_ip_pcie_4_0_pipe_inst/pcie_4_0_init_ctrl_inst/user_clkgate_en_int_reg/CLR  (IS_INVERTED)
  -------------------------------------------------------------------    -------------------

                         (clock axi_aclk rise edge)
                                                      0.000     0.000 r  
    GTYE4_CHANNEL_X0Y3   GTYE4_CHANNEL                0.000     0.000 r  u_xdma/inst/pcie4_ip_i/inst/xdma_0_pcie4_ip_gt_top_i/diablo_gt.diablo_gt_phy_wrapper/gt_wizard.gtwizard_top_i/xdma_0_pcie4_ip_gt_i/inst/gen_gtwizard_gtye4_top.xdma_0_pcie4_ip_gt_gtwizard_gtye4_inst/gen_gtwizard_gtye4.gen_channel_container[3].gen_enabled_channel.gtye4_channel_wrapper_inst/channel_inst/gtye4_channel_gen.gen_gtye4_channel_inst[3].GTYE4_CHANNEL_PRIM_INST/TXOUTCLK
                         net (fo=6, routed)           0.057     0.057    u_xdma/inst/pcie4_ip_i/inst/xdma_0_pcie4_ip_gt_top_i/diablo_gt.diablo_gt_phy_wrapper/phy_clk_i/CLK_TXOUTCLK
    BUFG_GT_X0Y18        BUFG_GT (Prop_BUFG_GT_I_O)
                                                      0.082     0.139 r  u_xdma/inst/pcie4_ip_i/inst/xdma_0_pcie4_ip_gt_top_i/diablo_gt.diablo_gt_phy_wrapper/phy_clk_i/bufg_gt_coreclk/O
    X2Y0 (CLOCK_ROOT)    net (fo=15802, routed)       0.882     1.021    u_xdma/inst/pcie4_ip_i/inst/xdma_0_pcie4_ip_pcie_4_0_pipe_inst/pcie_4_0_init_ctrl_inst/PHY_CORECLK
    SLICE_X99Y30         FDCE                                         r  u_xdma/inst/pcie4_ip_i/inst/xdma_0_pcie4_ip_pcie_4_0_pipe_inst/pcie_4_0_init_ctrl_inst/user_clkgate_en_int_reg/C
                         clock pessimism             -0.070     0.951    
    SLICE_X99Y30         FDCE (Remov_AFF_SLICEL_C_CLR)
                                                     -0.020     0.931    u_xdma/inst/pcie4_ip_i/inst/xdma_0_pcie4_ip_pcie_4_0_pipe_inst/pcie_4_0_init_ctrl_inst/user_clkgate_en_int_reg
  -------------------------------------------------------------------
                         required time                         -0.931    
                         arrival time                           1.056    
  -------------------------------------------------------------------
                         slack                                  0.125    





---------------------------------------------------------------------------------------------------
Path Group:  **async_default**
From Clock:  pcie_ref_clk
  To Clock:  pcie_ref_clk

Setup :            0  Failing Endpoints,  Worst Slack        7.455ns,  Total Violation        0.000ns
Hold  :            0  Failing Endpoints,  Worst Slack        0.128ns,  Total Violation        0.000ns
---------------------------------------------------------------------------------------------------


Max Delay Paths
--------------------------------------------------------------------------------------
Slack (MET) :             7.455ns  (required time - arrival time)
  Source:                 u_xdma/inst/pcie4_ip_i/inst/sys_reset_in_async_rst_inst/arststages_ff_reg[1]/C
                            (rising edge-triggered cell FDCE clocked by pcie_ref_clk  {rise@0.000ns fall@5.000ns period=10.000ns})
  Destination:            u_xdma/inst/pcie4_ip_i/inst/xdma_0_pcie4_ip_gt_top_i/diablo_gt.diablo_gt_phy_wrapper/phy_rst_i/rst_n_internal_i_reg[0]/CLR
                            (recovery check against rising-edge clock pcie_ref_clk  {rise@0.000ns fall@5.000ns period=10.000ns})
  Path Group:             **async_default**
  Path Type:              Recovery (Max at Slow Process Corner)
  Requirement:            10.000ns  (pcie_ref_clk rise@10.000ns - pcie_ref_clk rise@0.000ns)
  Data Path Delay:        2.240ns  (logic 0.099ns (4.420%)  route 2.141ns (95.580%))
  Logic Levels:           0  
  Clock Path Skew:        -0.198ns (DCD - SCD + CPR)
    Destination Clock Delay (DCD):    2.118ns = ( 12.118 - 10.000 ) 
    Source Clock Delay      (SCD):    2.753ns
    Clock Pessimism Removal (CPR):    0.437ns
  Clock Uncertainty:      0.035ns  ((TSJ^2 + TIJ^2)^1/2 + DJ) / 2 + PE
    Total System Jitter     (TSJ):    0.071ns
    Total Input Jitter      (TIJ):    0.000ns
    Discrete Jitter          (DJ):    0.000ns
    Phase Error              (PE):    0.000ns
  Clock Net Delay (Source):      2.056ns (routing 0.734ns, distribution 1.322ns)
  Clock Net Delay (Destination): 1.791ns (routing 0.667ns, distribution 1.124ns)

    Location             Delay type                Incr(ns)  Path(ns)    Netlist Resource(s)
  -------------------------------------------------------------------    -------------------
                         (clock pcie_ref_clk rise edge)
                                                      0.000     0.000 r  
    GTYE4_COMMON_X0Y0                                 0.000     0.000 r  pcie_sys_clk_p (IN)
                         net (fo=0)                   0.000     0.000    pcie_sys_clk_p
    GTYE4_COMMON_X0Y0    IBUFDS_GTE4 (Prop_IBUFDS0_GTYE4_GTYE4_COMMON_I_ODIV2)
                                                      0.467     0.467 r  u_refclk_ibuf/ODIV2
                         net (fo=2, routed)           0.091     0.558    u_xdma/inst/pcie4_ip_i/inst/sys_clk
    BUFG_GT_X0Y23        BUFG_GT (Prop_BUFG_GT_I_O)
                                                      0.139     0.697 r  u_xdma/inst/pcie4_ip_i/inst/bufg_gt_sysclk/O
    X2Y1 (CLOCK_ROOT)    net (fo=1779, routed)        2.056     2.753    u_xdma/inst/pcie4_ip_i/inst/sys_reset_in_async_rst_inst/dest_clk
    SLICE_X43Y121        FDCE                                         r  u_xdma/inst/pcie4_ip_i/inst/sys_reset_in_async_rst_inst/arststages_ff_reg[1]/C
  -------------------------------------------------------------------    -------------------
    SLICE_X43Y121        FDCE (Prop_AFF2_SLICEL_C_Q)
                                                      0.099     2.852 r  u_xdma/inst/pcie4_ip_i/inst/sys_reset_in_async_rst_inst/arststages_ff_reg[1]/Q
                         net (fo=7, routed)           2.141     4.992    u_xdma/inst/pcie4_ip_i/inst/xdma_0_pcie4_ip_gt_top_i/diablo_gt.diablo_gt_phy_wrapper/phy_rst_i/dest_arst
    SLICE_X108Y51        FDCE                                         f  u_xdma/inst/pcie4_ip_i/inst/xdma_0_pcie4_ip_gt_top_i/diablo_gt.diablo_gt_phy_wrapper/phy_rst_i/rst_n_internal_i_reg[0]/CLR  (IS_INVERTED)
  -------------------------------------------------------------------    -------------------

                         (clock pcie_ref_clk rise edge)
                                                     10.000    10.000 r  
    GTYE4_COMMON_X0Y0                                 0.000    10.000 r  pcie_sys_clk_p (IN)
                         net (fo=0)                   0.000    10.000    pcie_sys_clk_p
    GTYE4_COMMON_X0Y0    IBUFDS_GTE4 (Prop_IBUFDS0_GTYE4_GTYE4_COMMON_I_ODIV2)
                                                      0.122    10.122 r  u_refclk_ibuf/ODIV2
                         net (fo=2, routed)           0.083    10.205    u_xdma/inst/pcie4_ip_i/inst/sys_clk
    BUFG_GT_X0Y23        BUFG_GT (Prop_BUFG_GT_I_O)
                                                      0.122    10.327 r  u_xdma/inst/pcie4_ip_i/inst/bufg_gt_sysclk/O
    X2Y1 (CLOCK_ROOT)    net (fo=1779, routed)        1.791    12.118    u_xdma/inst/pcie4_ip_i/inst/xdma_0_pcie4_ip_gt_top_i/diablo_gt.diablo_gt_phy_wrapper/phy_rst_i/sync_reg[3]
    SLICE_X108Y51        FDCE                                         r  u_xdma/inst/pcie4_ip_i/inst/xdma_0_pcie4_ip_gt_top_i/diablo_gt.diablo_gt_phy_wrapper/phy_rst_i/rst_n_internal_i_reg[0]/C
                         clock pessimism              0.437    12.555    
                         clock uncertainty           -0.035    12.519    
    SLICE_X108Y51        FDCE (Recov_DFF2_SLICEL_C_CLR)
                                                     -0.072    12.447    u_xdma/inst/pcie4_ip_i/inst/xdma_0_pcie4_ip_gt_top_i/diablo_gt.diablo_gt_phy_wrapper/phy_rst_i/rst_n_internal_i_reg[0]
  -------------------------------------------------------------------
                         required time                         12.447    
                         arrival time                          -4.992    
  -------------------------------------------------------------------
                         slack                                  7.455    





Min Delay Paths
--------------------------------------------------------------------------------------
Slack (MET) :             0.128ns  (arrival time - required time)
  Source:                 u_xdma/inst/pcie4_ip_i/inst/xdma_0_pcie4_ip_gt_top_i/diablo_gt.diablo_gt_phy_wrapper/gt_wizard.gtwizard_top_i/xdma_0_pcie4_ip_gt_i/inst/gen_gtwizard_gtye4_top.xdma_0_pcie4_ip_gt_gtwizard_gtye4_inst/gen_gtwizard_gtye4.gen_cpll_cal_gtye4.gen_cpll_cal_inst[2].gen_inst_cpll_cal.gtwizard_ultrascale_v1_7_22_gtye4_cpll_cal_inst/reset_synchronizer_resetin_tx_inst/rst_in_out_reg/C
                            (rising edge-triggered cell FDPE clocked by pcie_ref_clk  {rise@0.000ns fall@5.000ns period=10.000ns})
  Destination:            u_xdma/inst/pcie4_ip_i/inst/xdma_0_pcie4_ip_gt_top_i/diablo_gt.diablo_gt_phy_wrapper/gt_wizard.gtwizard_top_i/xdma_0_pcie4_ip_gt_i/inst/gen_gtwizard_gtye4_top.xdma_0_pcie4_ip_gt_gtwizard_gtye4_inst/gen_gtwizard_gtye4.gen_cpll_cal_gtye4.gen_cpll_cal_inst[2].gen_inst_cpll_cal.gtwizard_ultrascale_v1_7_22_gtye4_cpll_cal_inst/gtwizard_ultrascale_v1_7_22_gtye4_cpll_cal_tx_i/di_reg[0]/CLR
                            (removal check against rising-edge clock pcie_ref_clk  {rise@0.000ns fall@5.000ns period=10.000ns})
  Path Group:             **async_default**
  Path Type:              Removal (Min at Fast Process Corner)
  Requirement:            0.000ns  (pcie_ref_clk rise@0.000ns - pcie_ref_clk rise@0.000ns)
  Data Path Delay:        0.124ns  (logic 0.038ns (30.712%)  route 0.086ns (69.288%))
  Logic Levels:           0  
  Clock Path Skew:        0.015ns (DCD - SCD - CPR)
    Destination Clock Delay (DCD):    1.573ns
    Source Clock Delay      (SCD):    1.260ns
    Clock Pessimism Removal (CPR):    0.298ns
  Clock Net Delay (Source):      1.033ns (routing 0.373ns, distribution 0.660ns)
  Clock Net Delay (Destination): 1.165ns (routing 0.416ns, distribution 0.749ns)

    Location             Delay type                Incr(ns)  Path(ns)    Netlist Resource(s)
  -------------------------------------------------------------------    -------------------
                         (clock pcie_ref_clk rise edge)
                                                      0.000     0.000 r  
    GTYE4_COMMON_X0Y0                                 0.000     0.000 r  pcie_sys_clk_p (IN)
                         net (fo=0)                   0.000     0.000    pcie_sys_clk_p
    GTYE4_COMMON_X0Y0    IBUFDS_GTE4 (Prop_IBUFDS0_GTYE4_GTYE4_COMMON_I_ODIV2)
                                                      0.101     0.101 r  u_refclk_ibuf/ODIV2
                         net (fo=2, routed)           0.053     0.154    u_xdma/inst/pcie4_ip_i/inst/sys_clk
    BUFG_GT_X0Y23        BUFG_GT (Prop_BUFG_GT_I_O)
                                                      0.073     0.227 r  u_xdma/inst/pcie4_ip_i/inst/bufg_gt_sysclk/O
    X2Y1 (CLOCK_ROOT)    net (fo=1779, routed)        1.033     1.260    u_xdma/inst/pcie4_ip_i/inst/xdma_0_pcie4_ip_gt_top_i/diablo_gt.diablo_gt_phy_wrapper/gt_wizard.gtwizard_top_i/xdma_0_pcie4_ip_gt_i/inst/gen_gtwizard_gtye4_top.xdma_0_pcie4_ip_gt_gtwizard_gtye4_inst/gen_gtwizard_gtye4.gen_cpll_cal_gtye4.gen_cpll_cal_inst[2].gen_inst_cpll_cal.gtwizard_ultrascale_v1_7_22_gtye4_cpll_cal_inst/reset_synchronizer_resetin_tx_inst/drpclk_common_in[0]
    SLICE_X110Y31        FDPE                                         r  u_xdma/inst/pcie4_ip_i/inst/xdma_0_pcie4_ip_gt_top_i/diablo_gt.diablo_gt_phy_wrapper/gt_wizard.gtwizard_top_i/xdma_0_pcie4_ip_gt_i/inst/gen_gtwizard_gtye4_top.xdma_0_pcie4_ip_gt_gtwizard_gtye4_inst/gen_gtwizard_gtye4.gen_cpll_cal_gtye4.gen_cpll_cal_inst[2].gen_inst_cpll_cal.gtwizard_ultrascale_v1_7_22_gtye4_cpll_cal_inst/reset_synchronizer_resetin_tx_inst/rst_in_out_reg/C
  -------------------------------------------------------------------    -------------------
    SLICE_X110Y31        FDPE (Prop_EFF_SLICEM_C_Q)
                                                      0.038     1.298 f  u_xdma/inst/pcie4_ip_i/inst/xdma_0_pcie4_ip_gt_top_i/diablo_gt.diablo_gt_phy_wrapper/gt_wizard.gtwizard_top_i/xdma_0_pcie4_ip_gt_i/inst/gen_gtwizard_gtye4_top.xdma_0_pcie4_ip_gt_gtwizard_gtye4_inst/gen_gtwizard_gtye4.gen_cpll_cal_gtye4.gen_cpll_cal_inst[2].gen_inst_cpll_cal.gtwizard_ultrascale_v1_7_22_gtye4_cpll_cal_inst/reset_synchronizer_resetin_tx_inst/rst_in_out_reg/Q
                         net (fo=73, routed)          0.086     1.383    u_xdma/inst/pcie4_ip_i/inst/xdma_0_pcie4_ip_gt_top_i/diablo_gt.diablo_gt_phy_wrapper/gt_wizard.gtwizard_top_i/xdma_0_pcie4_ip_gt_i/inst/gen_gtwizard_gtye4_top.xdma_0_pcie4_ip_gt_gtwizard_gtye4_inst/gen_gtwizard_gtye4.gen_cpll_cal_gtye4.gen_cpll_cal_inst[2].gen_inst_cpll_cal.gtwizard_ultrascale_v1_7_22_gtye4_cpll_cal_inst/gtwizard_ultrascale_v1_7_22_gtye4_cpll_cal_tx_i/AS[0]
    SLICE_X111Y31        FDCE                                         f  u_xdma/inst/pcie4_ip_i/inst/xdma_0_pcie4_ip_gt_top_i/diablo_gt.diablo_gt_phy_wrapper/gt_wizard.gtwizard_top_i/xdma_0_pcie4_ip_gt_i/inst/gen_gtwizard_gtye4_top.xdma_0_pcie4_ip_gt_gtwizard_gtye4_inst/gen_gtwizard_gtye4.gen_cpll_cal_gtye4.gen_cpll_cal_inst[2].gen_inst_cpll_cal.gtwizard_ultrascale_v1_7_22_gtye4_cpll_cal_inst/gtwizard_ultrascale_v1_7_22_gtye4_cpll_cal_tx_i/di_reg[0]/CLR
  -------------------------------------------------------------------    -------------------

                         (clock pcie_ref_clk rise edge)
                                                      0.000     0.000 r  
    GTYE4_COMMON_X0Y0                                 0.000     0.000 r  pcie_sys_clk_p (IN)
                         net (fo=0)                   0.000     0.000    pcie_sys_clk_p
    GTYE4_COMMON_X0Y0    IBUFDS_GTE4 (Prop_IBUFDS0_GTYE4_GTYE4_COMMON_I_ODIV2)
                                                      0.269     0.269 r  u_refclk_ibuf/ODIV2
                         net (fo=2, routed)           0.058     0.327    u_xdma/inst/pcie4_ip_i/inst/sys_clk
    BUFG_GT_X0Y23        BUFG_GT (Prop_BUFG_GT_I_O)
                                                      0.082     0.409 r  u_xdma/inst/pcie4_ip_i/inst/bufg_gt_sysclk/O
    X2Y1 (CLOCK_ROOT)    net (fo=1779, routed)        1.165     1.573    u_xdma/inst/pcie4_ip_i/inst/xdma_0_pcie4_ip_gt_top_i/diablo_gt.diablo_gt_phy_wrapper/gt_wizard.gtwizard_top_i/xdma_0_pcie4_ip_gt_i/inst/gen_gtwizard_gtye4_top.xdma_0_pcie4_ip_gt_gtwizard_gtye4_inst/gen_gtwizard_gtye4.gen_cpll_cal_gtye4.gen_cpll_cal_inst[2].gen_inst_cpll_cal.gtwizard_ultrascale_v1_7_22_gtye4_cpll_cal_inst/gtwizard_ultrascale_v1_7_22_gtye4_cpll_cal_tx_i/drpclk_common_in[0]
    SLICE_X111Y31        FDCE                                         r  u_xdma/inst/pcie4_ip_i/inst/xdma_0_pcie4_ip_gt_top_i/diablo_gt.diablo_gt_phy_wrapper/gt_wizard.gtwizard_top_i/xdma_0_pcie4_ip_gt_i/inst/gen_gtwizard_gtye4_top.xdma_0_pcie4_ip_gt_gtwizard_gtye4_inst/gen_gtwizard_gtye4.gen_cpll_cal_gtye4.gen_cpll_cal_inst[2].gen_inst_cpll_cal.gtwizard_ultrascale_v1_7_22_gtye4_cpll_cal_inst/gtwizard_ultrascale_v1_7_22_gtye4_cpll_cal_tx_i/di_reg[0]/C
                         clock pessimism             -0.298     1.275    
    SLICE_X111Y31        FDCE (Remov_EFF_SLICEL_C_CLR)
                                                     -0.020     1.255    u_xdma/inst/pcie4_ip_i/inst/xdma_0_pcie4_ip_gt_top_i/diablo_gt.diablo_gt_phy_wrapper/gt_wizard.gtwizard_top_i/xdma_0_pcie4_ip_gt_i/inst/gen_gtwizard_gtye4_top.xdma_0_pcie4_ip_gt_gtwizard_gtye4_inst/gen_gtwizard_gtye4.gen_cpll_cal_gtye4.gen_cpll_cal_inst[2].gen_inst_cpll_cal.gtwizard_ultrascale_v1_7_22_gtye4_cpll_cal_inst/gtwizard_ultrascale_v1_7_22_gtye4_cpll_cal_tx_i/di_reg[0]
  -------------------------------------------------------------------
                         required time                         -1.255    
                         arrival time                           1.383    
  -------------------------------------------------------------------
                         slack                                  0.128    





---------------------------------------------------------------------------------------------------
Path Group:  **async_default**
From Clock:  pipe_clk
  To Clock:  pipe_clk

Setup :            0  Failing Endpoints,  Worst Slack        2.227ns,  Total Violation        0.000ns
Hold  :            0  Failing Endpoints,  Worst Slack        0.133ns,  Total Violation        0.000ns
---------------------------------------------------------------------------------------------------


Max Delay Paths
--------------------------------------------------------------------------------------
Slack (MET) :             2.227ns  (required time - arrival time)
  Source:                 u_xdma/inst/pcie4_ip_i/inst/xdma_0_pcie4_ip_gt_top_i/diablo_gt.diablo_gt_phy_wrapper/rst_psrst_n_r_rep_reg_rep/C
                            (rising edge-triggered cell FDRE clocked by pipe_clk  {rise@0.000ns fall@2.000ns period=4.000ns})
  Destination:            u_xdma/inst/pcie4_ip_i/inst/xdma_0_pcie4_ip_gt_top_i/phy_pipeline/per_lane_ff_chain[1].phy_phystatus_chain/with_ff_chain.ff_chain_gen[0].async_rst.ff_chain_reg[1][0]/PRE
                            (recovery check against rising-edge clock pipe_clk  {rise@0.000ns fall@2.000ns period=4.000ns})
  Path Group:             **async_default**
  Path Type:              Recovery (Max at Slow Process Corner)
  Requirement:            4.000ns  (pipe_clk rise@4.000ns - pipe_clk rise@0.000ns)
  Data Path Delay:        1.577ns  (logic 0.099ns (6.276%)  route 1.479ns (93.724%))
  Logic Levels:           0  
  Clock Path Skew:        -0.078ns (DCD - SCD + CPR)
    Destination Clock Delay (DCD):    1.622ns = ( 5.622 - 4.000 ) 
    Source Clock Delay      (SCD):    1.819ns
    Clock Pessimism Removal (CPR):    0.119ns
  Clock Uncertainty:      0.046ns  ((TSJ^2 + DJ^2)^1/2) / 2 + PE
    Total System Jitter     (TSJ):    0.071ns
    Discrete Jitter          (DJ):    0.060ns
    Phase Error              (PE):    0.000ns
  Clock Net Delay (Source):      1.590ns (routing 0.527ns, distribution 1.063ns)
  Clock Net Delay (Destination): 1.418ns (routing 0.479ns, distribution 0.939ns)

    Location             Delay type                Incr(ns)  Path(ns)    Netlist Resource(s)
  -------------------------------------------------------------------    -------------------
                         (clock pipe_clk rise edge)
                                                      0.000     0.000 r  
    GTYE4_CHANNEL_X0Y3   GTYE4_CHANNEL                0.000     0.000 r  u_xdma/inst/pcie4_ip_i/inst/xdma_0_pcie4_ip_gt_top_i/diablo_gt.diablo_gt_phy_wrapper/gt_wizard.gtwizard_top_i/xdma_0_pcie4_ip_gt_i/inst/gen_gtwizard_gtye4_top.xdma_0_pcie4_ip_gt_gtwizard_gtye4_inst/gen_gtwizard_gtye4.gen_channel_container[3].gen_enabled_channel.gtye4_channel_wrapper_inst/channel_inst/gtye4_channel_gen.gen_gtye4_channel_inst[3].GTYE4_CHANNEL_PRIM_INST/TXOUTCLK
                         net (fo=6, routed)           0.090     0.090    u_xdma/inst/pcie4_ip_i/inst/xdma_0_pcie4_ip_gt_top_i/diablo_gt.diablo_gt_phy_wrapper/phy_clk_i/CLK_TXOUTCLK
    BUFG_GT_X0Y15        BUFG_GT (Prop_BUFG_GT_I_O)
                                                      0.139     0.229 r  u_xdma/inst/pcie4_ip_i/inst/xdma_0_pcie4_ip_gt_top_i/diablo_gt.diablo_gt_phy_wrapper/phy_clk_i/bufg_gt_pclk/O
    X2Y0 (CLOCK_ROOT)    net (fo=1138, routed)        1.590     1.819    u_xdma/inst/pcie4_ip_i/inst/xdma_0_pcie4_ip_gt_top_i/diablo_gt.diablo_gt_phy_wrapper/CLK_PCLK2
    SLICE_X104Y31        FDRE                                         r  u_xdma/inst/pcie4_ip_i/inst/xdma_0_pcie4_ip_gt_top_i/diablo_gt.diablo_gt_phy_wrapper/rst_psrst_n_r_rep_reg_rep/C
  -------------------------------------------------------------------    -------------------
    SLICE_X104Y31        FDRE (Prop_EFF2_SLICEL_C_Q)
                                                      0.099     1.918 r  u_xdma/inst/pcie4_ip_i/inst/xdma_0_pcie4_ip_gt_top_i/diablo_gt.diablo_gt_phy_wrapper/rst_psrst_n_r_rep_reg_rep/Q
                         net (fo=97, routed)          1.479     3.397    u_xdma/inst/pcie4_ip_i/inst/xdma_0_pcie4_ip_gt_top_i/phy_pipeline/per_lane_ff_chain[1].phy_phystatus_chain/SR[0]
    SLICE_X108Y42        FDPE                                         f  u_xdma/inst/pcie4_ip_i/inst/xdma_0_pcie4_ip_gt_top_i/phy_pipeline/per_lane_ff_chain[1].phy_phystatus_chain/with_ff_chain.ff_chain_gen[0].async_rst.ff_chain_reg[1][0]/PRE  (IS_INVERTED)
  -------------------------------------------------------------------    -------------------

                         (clock pipe_clk rise edge)
                                                      4.000     4.000 r  
    GTYE4_CHANNEL_X0Y3   GTYE4_CHANNEL                0.000     4.000 r  u_xdma/inst/pcie4_ip_i/inst/xdma_0_pcie4_ip_gt_top_i/diablo_gt.diablo_gt_phy_wrapper/gt_wizard.gtwizard_top_i/xdma_0_pcie4_ip_gt_i/inst/gen_gtwizard_gtye4_top.xdma_0_pcie4_ip_gt_gtwizard_gtye4_inst/gen_gtwizard_gtye4.gen_channel_container[3].gen_enabled_channel.gtye4_channel_wrapper_inst/channel_inst/gtye4_channel_gen.gen_gtye4_channel_inst[3].GTYE4_CHANNEL_PRIM_INST/TXOUTCLK
                         net (fo=6, routed)           0.082     4.082    u_xdma/inst/pcie4_ip_i/inst/xdma_0_pcie4_ip_gt_top_i/diablo_gt.diablo_gt_phy_wrapper/phy_clk_i/CLK_TXOUTCLK
    BUFG_GT_X0Y15        BUFG_GT (Prop_BUFG_GT_I_O)
                                                      0.122     4.204 r  u_xdma/inst/pcie4_ip_i/inst/xdma_0_pcie4_ip_gt_top_i/diablo_gt.diablo_gt_phy_wrapper/phy_clk_i/bufg_gt_pclk/O
    X2Y0 (CLOCK_ROOT)    net (fo=1138, routed)        1.418     5.622    u_xdma/inst/pcie4_ip_i/inst/xdma_0_pcie4_ip_gt_top_i/phy_pipeline/per_lane_ff_chain[1].phy_phystatus_chain/CLK_PCLK2
    SLICE_X108Y42        FDPE                                         r  u_xdma/inst/pcie4_ip_i/inst/xdma_0_pcie4_ip_gt_top_i/phy_pipeline/per_lane_ff_chain[1].phy_phystatus_chain/with_ff_chain.ff_chain_gen[0].async_rst.ff_chain_reg[1][0]/C
                         clock pessimism              0.119     5.741    
                         clock uncertainty           -0.046     5.695    
    SLICE_X108Y42        FDPE (Recov_EFF_SLICEL_C_PRE)
                                                     -0.072     5.623    u_xdma/inst/pcie4_ip_i/inst/xdma_0_pcie4_ip_gt_top_i/phy_pipeline/per_lane_ff_chain[1].phy_phystatus_chain/with_ff_chain.ff_chain_gen[0].async_rst.ff_chain_reg[1][0]
  -------------------------------------------------------------------
                         required time                          5.623    
                         arrival time                          -3.396    
  -------------------------------------------------------------------
                         slack                                  2.227    





Min Delay Paths
--------------------------------------------------------------------------------------
Slack (MET) :             0.133ns  (arrival time - required time)
  Source:                 u_xdma/inst/pcie4_ip_i/inst/sys_or_hot_rst_pclk_inst/arststages_ff_reg[1]/C
                            (rising edge-triggered cell FDPE clocked by pipe_clk  {rise@0.000ns fall@2.000ns period=4.000ns})
  Destination:            u_xdma/inst/pcie4_ip_i/inst/as_mac_in_detect_ff_reg/PRE
                            (removal check against rising-edge clock pipe_clk  {rise@0.000ns fall@2.000ns period=4.000ns})
  Path Group:             **async_default**
  Path Type:              Removal (Min at Fast Process Corner)
  Requirement:            0.000ns  (pipe_clk rise@0.000ns - pipe_clk rise@0.000ns)
  Data Path Delay:        0.133ns  (logic 0.040ns (30.114%)  route 0.093ns (69.886%))
  Logic Levels:           0  
  Clock Path Skew:        0.020ns (DCD - SCD - CPR)
    Destination Clock Delay (DCD):    1.059ns
    Source Clock Delay      (SCD):    0.935ns
    Clock Pessimism Removal (CPR):    0.104ns
  Clock Net Delay (Source):      0.810ns (routing 0.266ns, distribution 0.544ns)
  Clock Net Delay (Destination): 0.920ns (routing 0.295ns, distribution 0.625ns)

    Location             Delay type                Incr(ns)  Path(ns)    Netlist Resource(s)
  -------------------------------------------------------------------    -------------------
                         (clock pipe_clk rise edge)
                                                      0.000     0.000 r  
    GTYE4_CHANNEL_X0Y3   GTYE4_CHANNEL                0.000     0.000 r  u_xdma/inst/pcie4_ip_i/inst/xdma_0_pcie4_ip_gt_top_i/diablo_gt.diablo_gt_phy_wrapper/gt_wizard.gtwizard_top_i/xdma_0_pcie4_ip_gt_i/inst/gen_gtwizard_gtye4_top.xdma_0_pcie4_ip_gt_gtwizard_gtye4_inst/gen_gtwizard_gtye4.gen_channel_container[3].gen_enabled_channel.gtye4_channel_wrapper_inst/channel_inst/gtye4_channel_gen.gen_gtye4_channel_inst[3].GTYE4_CHANNEL_PRIM_INST/TXOUTCLK
                         net (fo=6, routed)           0.052     0.052    u_xdma/inst/pcie4_ip_i/inst/xdma_0_pcie4_ip_gt_top_i/diablo_gt.diablo_gt_phy_wrapper/phy_clk_i/CLK_TXOUTCLK
    BUFG_GT_X0Y15        BUFG_GT (Prop_BUFG_GT_I_O)
                                                      0.073     0.125 r  u_xdma/inst/pcie4_ip_i/inst/xdma_0_pcie4_ip_gt_top_i/diablo_gt.diablo_gt_phy_wrapper/phy_clk_i/bufg_gt_pclk/O
    X2Y0 (CLOCK_ROOT)    net (fo=1138, routed)        0.810     0.935    u_xdma/inst/pcie4_ip_i/inst/sys_or_hot_rst_pclk_inst/dest_clk
    SLICE_X105Y26        FDPE                                         r  u_xdma/inst/pcie4_ip_i/inst/sys_or_hot_rst_pclk_inst/arststages_ff_reg[1]/C
  -------------------------------------------------------------------    -------------------
    SLICE_X105Y26        FDPE (Prop_AFF2_SLICEL_C_Q)
                                                      0.040     0.975 f  u_xdma/inst/pcie4_ip_i/inst/sys_or_hot_rst_pclk_inst/arststages_ff_reg[1]/Q
                         net (fo=5, routed)           0.093     1.068    u_xdma/inst/pcie4_ip_i/inst/sys_or_hot_rst_pclk
    SLICE_X105Y27        FDPE                                         f  u_xdma/inst/pcie4_ip_i/inst/as_mac_in_detect_ff_reg/PRE
  -------------------------------------------------------------------    -------------------

                         (clock pipe_clk rise edge)
                                                      0.000     0.000 r  
    GTYE4_CHANNEL_X0Y3   GTYE4_CHANNEL                0.000     0.000 r  u_xdma/inst/pcie4_ip_i/inst/xdma_0_pcie4_ip_gt_top_i/diablo_gt.diablo_gt_phy_wrapper/gt_wizard.gtwizard_top_i/xdma_0_pcie4_ip_gt_i/inst/gen_gtwizard_gtye4_top.xdma_0_pcie4_ip_gt_gtwizard_gtye4_inst/gen_gtwizard_gtye4.gen_channel_container[3].gen_enabled_channel.gtye4_channel_wrapper_inst/channel_inst/gtye4_channel_gen.gen_gtye4_channel_inst[3].GTYE4_CHANNEL_PRIM_INST/TXOUTCLK
                         net (fo=6, routed)           0.057     0.057    u_xdma/inst/pcie4_ip_i/inst/xdma_0_pcie4_ip_gt_top_i/diablo_gt.diablo_gt_phy_wrapper/phy_clk_i/CLK_TXOUTCLK
    BUFG_GT_X0Y15        BUFG_GT (Prop_BUFG_GT_I_O)
                                                      0.082     0.139 r  u_xdma/inst/pcie4_ip_i/inst/xdma_0_pcie4_ip_gt_top_i/diablo_gt.diablo_gt_phy_wrapper/phy_clk_i/bufg_gt_pclk/O
    X2Y0 (CLOCK_ROOT)    net (fo=1138, routed)        0.920     1.059    u_xdma/inst/pcie4_ip_i/inst/pipe_clk
    SLICE_X105Y27        FDPE                                         r  u_xdma/inst/pcie4_ip_i/inst/as_mac_in_detect_ff_reg/C
                         clock pessimism             -0.104     0.955    
    SLICE_X105Y27        FDPE (Remov_EFF_SLICEL_C_PRE)
                                                     -0.020     0.935    u_xdma/inst/pcie4_ip_i/inst/as_mac_in_detect_ff_reg
  -------------------------------------------------------------------
                         required time                         -0.935    
                         arrival time                           1.068    
  -------------------------------------------------------------------
                         slack                                  0.133    





---------------------------------------------------------------------------------------------------
Path Group:  **async_default**
From Clock:  u_xdma/inst/pcie4_ip_i/inst/xdma_0_pcie4_ip_gt_top_i/diablo_gt.diablo_gt_phy_wrapper/gt_wizard.gtwizard_top_i/xdma_0_pcie4_ip_gt_i/inst/gen_gtwizard_gtye4_top.xdma_0_pcie4_ip_gt_gtwizard_gtye4_inst/gen_gtwizard_gtye4.gen_cpll_cal_gtye4.gen_cpll_cal_inst[0].gen_inst_cpll_cal.gtwizard_ultrascale_v1_7_22_gtye4_cpll_cal_inst/gtwizard_ultrascale_v1_7_22_gtye4_cpll_cal_tx_i/bufg_gt_txoutclkmon_inst/O
  To Clock:  u_xdma/inst/pcie4_ip_i/inst/xdma_0_pcie4_ip_gt_top_i/diablo_gt.diablo_gt_phy_wrapper/gt_wizard.gtwizard_top_i/xdma_0_pcie4_ip_gt_i/inst/gen_gtwizard_gtye4_top.xdma_0_pcie4_ip_gt_gtwizard_gtye4_inst/gen_gtwizard_gtye4.gen_cpll_cal_gtye4.gen_cpll_cal_inst[0].gen_inst_cpll_cal.gtwizard_ultrascale_v1_7_22_gtye4_cpll_cal_inst/gtwizard_ultrascale_v1_7_22_gtye4_cpll_cal_tx_i/bufg_gt_txoutclkmon_inst/O

Setup :            0  Failing Endpoints,  Worst Slack        7.246ns,  Total Violation        0.000ns
Hold  :            0  Failing Endpoints,  Worst Slack        0.159ns,  Total Violation        0.000ns
---------------------------------------------------------------------------------------------------


Max Delay Paths
--------------------------------------------------------------------------------------
Slack (MET) :             7.246ns  (required time - arrival time)
  Source:                 u_xdma/inst/pcie4_ip_i/inst/xdma_0_pcie4_ip_gt_top_i/diablo_gt.diablo_gt_phy_wrapper/gt_wizard.gtwizard_top_i/xdma_0_pcie4_ip_gt_i/inst/gen_gtwizard_gtye4_top.xdma_0_pcie4_ip_gt_gtwizard_gtye4_inst/gen_gtwizard_gtye4.gen_cpll_cal_gtye4.gen_cpll_cal_inst[0].gen_inst_cpll_cal.gtwizard_ultrascale_v1_7_22_gtye4_cpll_cal_inst/gtwizard_ultrascale_v1_7_22_gtye4_cpll_cal_tx_i/U_TXOUTCLK_FREQ_COUNTER/reset_synchronizer_testclk_rst_inst/rst_in_out_reg/C
                            (rising edge-triggered cell FDPE clocked by u_xdma/inst/pcie4_ip_i/inst/xdma_0_pcie4_ip_gt_top_i/diablo_gt.diablo_gt_phy_wrapper/gt_wizard.gtwizard_top_i/xdma_0_pcie4_ip_gt_i/inst/gen_gtwizard_gtye4_top.xdma_0_pcie4_ip_gt_gtwizard_gtye4_inst/gen_gtwizard_gtye4.gen_cpll_cal_gtye4.gen_cpll_cal_inst[0].gen_inst_cpll_cal.gtwizard_ultrascale_v1_7_22_gtye4_cpll_cal_inst/gtwizard_ultrascale_v1_7_22_gtye4_cpll_cal_tx_i/bufg_gt_txoutclkmon_inst/O  {rise@0.000ns fall@4.000ns period=8.000ns})
  Destination:            u_xdma/inst/pcie4_ip_i/inst/xdma_0_pcie4_ip_gt_top_i/diablo_gt.diablo_gt_phy_wrapper/gt_wizard.gtwizard_top_i/xdma_0_pcie4_ip_gt_i/inst/gen_gtwizard_gtye4_top.xdma_0_pcie4_ip_gt_gtwizard_gtye4_inst/gen_gtwizard_gtye4.gen_cpll_cal_gtye4.gen_cpll_cal_inst[0].gen_inst_cpll_cal.gtwizard_ultrascale_v1_7_22_gtye4_cpll_cal_inst/gtwizard_ultrascale_v1_7_22_gtye4_cpll_cal_tx_i/U_TXOUTCLK_FREQ_COUNTER/testclk_cnt_reg[16]/CLR
                            (recovery check against rising-edge clock u_xdma/inst/pcie4_ip_i/inst/xdma_0_pcie4_ip_gt_top_i/diablo_gt.diablo_gt_phy_wrapper/gt_wizard.gtwizard_top_i/xdma_0_pcie4_ip_gt_i/inst/gen_gtwizard_gtye4_top.xdma_0_pcie4_ip_gt_gtwizard_gtye4_inst/gen_gtwizard_gtye4.gen_cpll_cal_gtye4.gen_cpll_cal_inst[0].gen_inst_cpll_cal.gtwizard_ultrascale_v1_7_22_gtye4_cpll_cal_inst/gtwizard_ultrascale_v1_7_22_gtye4_cpll_cal_tx_i/bufg_gt_txoutclkmon_inst/O  {rise@0.000ns fall@4.000ns period=8.000ns})
  Path Group:             **async_default**
  Path Type:              Recovery (Max at Slow Process Corner)
  Requirement:            8.000ns  (u_xdma/inst/pcie4_ip_i/inst/xdma_0_pcie4_ip_gt_top_i/diablo_gt.diablo_gt_phy_wrapper/gt_wizard.gtwizard_top_i/xdma_0_pcie4_ip_gt_i/inst/gen_gtwizard_gtye4_top.xdma_0_pcie4_ip_gt_gtwizard_gtye4_inst/gen_gtwizard_gtye4.gen_cpll_cal_gtye4.gen_cpll_cal_inst[0].gen_inst_cpll_cal.gtwizard_ultrascale_v1_7_22_gtye4_cpll_cal_inst/gtwizard_ultrascale_v1_7_22_gtye4_cpll_cal_tx_i/bufg_gt_txoutclkmon_inst/O rise@8.000ns - u_xdma/inst/pcie4_ip_i/inst/xdma_0_pcie4_ip_gt_top_i/diablo_gt.diablo_gt_phy_wrapper/gt_wizard.gtwizard_top_i/xdma_0_pcie4_ip_gt_i/inst/gen_gtwizard_gtye4_top.xdma_0_pcie4_ip_gt_gtwizard_gtye4_inst/gen_gtwizard_gtye4.gen_cpll_cal_gtye4.gen_cpll_cal_inst[0].gen_inst_cpll_cal.gtwizard_ultrascale_v1_7_22_gtye4_cpll_cal_inst/gtwizard_ultrascale_v1_7_22_gtye4_cpll_cal_tx_i/bufg_gt_txoutclkmon_inst/O rise@0.000ns)
  Data Path Delay:        0.536ns  (logic 0.096ns (17.898%)  route 0.440ns (82.102%))
  Logic Levels:           0  
  Clock Path Skew:        -0.099ns (DCD - SCD + CPR)
    Destination Clock Delay (DCD):    0.548ns = ( 8.548 - 8.000 ) 
    Source Clock Delay      (SCD):    0.648ns
    Clock Pessimism Removal (CPR):    0.001ns
  Clock Uncertainty:      0.046ns  ((TSJ^2 + DJ^2)^1/2) / 2 + PE
    Total System Jitter     (TSJ):    0.071ns
    Discrete Jitter          (DJ):    0.060ns
    Phase Error              (PE):    0.000ns
  Clock Net Delay (Source):      0.648ns (routing 0.002ns, distribution 0.646ns)
  Clock Net Delay (Destination): 0.548ns (routing 0.001ns, distribution 0.547ns)

    Location             Delay type                Incr(ns)  Path(ns)    Netlist Resource(s)
  -------------------------------------------------------------------    -------------------
                         (clock u_xdma/inst/pcie4_ip_i/inst/xdma_0_pcie4_ip_gt_top_i/diablo_gt.diablo_gt_phy_wrapper/gt_wizard.gtwizard_top_i/xdma_0_pcie4_ip_gt_i/inst/gen_gtwizard_gtye4_top.xdma_0_pcie4_ip_gt_gtwizard_gtye4_inst/gen_gtwizard_gtye4.gen_cpll_cal_gtye4.gen_cpll_cal_inst[0].gen_inst_cpll_cal.gtwizard_ultrascale_v1_7_22_gtye4_cpll_cal_inst/gtwizard_ultrascale_v1_7_22_gtye4_cpll_cal_tx_i/bufg_gt_txoutclkmon_inst/O rise edge)
                                                      0.000     0.000 r  
    BUFG_GT_X0Y22        BUFG_GT                      0.000     0.000 r  u_xdma/inst/pcie4_ip_i/inst/xdma_0_pcie4_ip_gt_top_i/diablo_gt.diablo_gt_phy_wrapper/gt_wizard.gtwizard_top_i/xdma_0_pcie4_ip_gt_i/inst/gen_gtwizard_gtye4_top.xdma_0_pcie4_ip_gt_gtwizard_gtye4_inst/gen_gtwizard_gtye4.gen_cpll_cal_gtye4.gen_cpll_cal_inst[0].gen_inst_cpll_cal.gtwizard_ultrascale_v1_7_22_gtye4_cpll_cal_inst/gtwizard_ultrascale_v1_7_22_gtye4_cpll_cal_tx_i/bufg_gt_txoutclkmon_inst/O
    X3Y0 (CLOCK_ROOT)    net (fo=31, routed)          0.648     0.648    u_xdma/inst/pcie4_ip_i/inst/xdma_0_pcie4_ip_gt_top_i/diablo_gt.diablo_gt_phy_wrapper/gt_wizard.gtwizard_top_i/xdma_0_pcie4_ip_gt_i/inst/gen_gtwizard_gtye4_top.xdma_0_pcie4_ip_gt_gtwizard_gtye4_inst/gen_gtwizard_gtye4.gen_cpll_cal_gtye4.gen_cpll_cal_inst[0].gen_inst_cpll_cal.gtwizard_ultrascale_v1_7_22_gtye4_cpll_cal_inst/gtwizard_ultrascale_v1_7_22_gtye4_cpll_cal_tx_i/U_TXOUTCLK_FREQ_COUNTER/reset_synchronizer_testclk_rst_inst/txoutclkmon
    SLICE_X108Y8         FDPE                                         r  u_xdma/inst/pcie4_ip_i/inst/xdma_0_pcie4_ip_gt_top_i/diablo_gt.diablo_gt_phy_wrapper/gt_wizard.gtwizard_top_i/xdma_0_pcie4_ip_gt_i/inst/gen_gtwizard_gtye4_top.xdma_0_pcie4_ip_gt_gtwizard_gtye4_inst/gen_gtwizard_gtye4.gen_cpll_cal_gtye4.gen_cpll_cal_inst[0].gen_inst_cpll_cal.gtwizard_ultrascale_v1_7_22_gtye4_cpll_cal_inst/gtwizard_ultrascale_v1_7_22_gtye4_cpll_cal_tx_i/U_TXOUTCLK_FREQ_COUNTER/reset_synchronizer_testclk_rst_inst/rst_in_out_reg/C
  -------------------------------------------------------------------    -------------------
    SLICE_X108Y8         FDPE (Prop_AFF_SLICEL_C_Q)
                                                      0.096     0.744 f  u_xdma/inst/pcie4_ip_i/inst/xdma_0_pcie4_ip_gt_top_i/diablo_gt.diablo_gt_phy_wrapper/gt_wizard.gtwizard_top_i/xdma_0_pcie4_ip_gt_i/inst/gen_gtwizard_gtye4_top.xdma_0_pcie4_ip_gt_gtwizard_gtye4_inst/gen_gtwizard_gtye4.gen_cpll_cal_gtye4.gen_cpll_cal_inst[0].gen_inst_cpll_cal.gtwizard_ultrascale_v1_7_22_gtye4_cpll_cal_inst/gtwizard_ultrascale_v1_7_22_gtye4_cpll_cal_tx_i/U_TXOUTCLK_FREQ_COUNTER/reset_synchronizer_testclk_rst_inst/rst_in_out_reg/Q
                         net (fo=18, routed)          0.440     1.184    u_xdma/inst/pcie4_ip_i/inst/xdma_0_pcie4_ip_gt_top_i/diablo_gt.diablo_gt_phy_wrapper/gt_wizard.gtwizard_top_i/xdma_0_pcie4_ip_gt_i/inst/gen_gtwizard_gtye4_top.xdma_0_pcie4_ip_gt_gtwizard_gtye4_inst/gen_gtwizard_gtye4.gen_cpll_cal_gtye4.gen_cpll_cal_inst[0].gen_inst_cpll_cal.gtwizard_ultrascale_v1_7_22_gtye4_cpll_cal_inst/gtwizard_ultrascale_v1_7_22_gtye4_cpll_cal_tx_i/U_TXOUTCLK_FREQ_COUNTER/rst_in_out
    SLICE_X109Y10        FDCE                                         f  u_xdma/inst/pcie4_ip_i/inst/xdma_0_pcie4_ip_gt_top_i/diablo_gt.diablo_gt_phy_wrapper/gt_wizard.gtwizard_top_i/xdma_0_pcie4_ip_gt_i/inst/gen_gtwizard_gtye4_top.xdma_0_pcie4_ip_gt_gtwizard_gtye4_inst/gen_gtwizard_gtye4.gen_cpll_cal_gtye4.gen_cpll_cal_inst[0].gen_inst_cpll_cal.gtwizard_ultrascale_v1_7_22_gtye4_cpll_cal_inst/gtwizard_ultrascale_v1_7_22_gtye4_cpll_cal_tx_i/U_TXOUTCLK_FREQ_COUNTER/testclk_cnt_reg[16]/CLR
  -------------------------------------------------------------------    -------------------

                         (clock u_xdma/inst/pcie4_ip_i/inst/xdma_0_pcie4_ip_gt_top_i/diablo_gt.diablo_gt_phy_wrapper/gt_wizard.gtwizard_top_i/xdma_0_pcie4_ip_gt_i/inst/gen_gtwizard_gtye4_top.xdma_0_pcie4_ip_gt_gtwizard_gtye4_inst/gen_gtwizard_gtye4.gen_cpll_cal_gtye4.gen_cpll_cal_inst[0].gen_inst_cpll_cal.gtwizard_ultrascale_v1_7_22_gtye4_cpll_cal_inst/gtwizard_ultrascale_v1_7_22_gtye4_cpll_cal_tx_i/bufg_gt_txoutclkmon_inst/O rise edge)
                                                      8.000     8.000 r  
    BUFG_GT_X0Y22        BUFG_GT                      0.000     8.000 r  u_xdma/inst/pcie4_ip_i/inst/xdma_0_pcie4_ip_gt_top_i/diablo_gt.diablo_gt_phy_wrapper/gt_wizard.gtwizard_top_i/xdma_0_pcie4_ip_gt_i/inst/gen_gtwizard_gtye4_top.xdma_0_pcie4_ip_gt_gtwizard_gtye4_inst/gen_gtwizard_gtye4.gen_cpll_cal_gtye4.gen_cpll_cal_inst[0].gen_inst_cpll_cal.gtwizard_ultrascale_v1_7_22_gtye4_cpll_cal_inst/gtwizard_ultrascale_v1_7_22_gtye4_cpll_cal_tx_i/bufg_gt_txoutclkmon_inst/O
    X3Y0 (CLOCK_ROOT)    net (fo=31, routed)          0.548     8.548    u_xdma/inst/pcie4_ip_i/inst/xdma_0_pcie4_ip_gt_top_i/diablo_gt.diablo_gt_phy_wrapper/gt_wizard.gtwizard_top_i/xdma_0_pcie4_ip_gt_i/inst/gen_gtwizard_gtye4_top.xdma_0_pcie4_ip_gt_gtwizard_gtye4_inst/gen_gtwizard_gtye4.gen_cpll_cal_gtye4.gen_cpll_cal_inst[0].gen_inst_cpll_cal.gtwizard_ultrascale_v1_7_22_gtye4_cpll_cal_inst/gtwizard_ultrascale_v1_7_22_gtye4_cpll_cal_tx_i/U_TXOUTCLK_FREQ_COUNTER/txoutclkmon
    SLICE_X109Y10        FDCE                                         r  u_xdma/inst/pcie4_ip_i/inst/xdma_0_pcie4_ip_gt_top_i/diablo_gt.diablo_gt_phy_wrapper/gt_wizard.gtwizard_top_i/xdma_0_pcie4_ip_gt_i/inst/gen_gtwizard_gtye4_top.xdma_0_pcie4_ip_gt_gtwizard_gtye4_inst/gen_gtwizard_gtye4.gen_cpll_cal_gtye4.gen_cpll_cal_inst[0].gen_inst_cpll_cal.gtwizard_ultrascale_v1_7_22_gtye4_cpll_cal_inst/gtwizard_ultrascale_v1_7_22_gtye4_cpll_cal_tx_i/U_TXOUTCLK_FREQ_COUNTER/testclk_cnt_reg[16]/C
                         clock pessimism              0.001     8.549    
                         clock uncertainty           -0.046     8.502    
    SLICE_X109Y10        FDCE (Recov_AFF_SLICEM_C_CLR)
                                                     -0.072     8.430    u_xdma/inst/pcie4_ip_i/inst/xdma_0_pcie4_ip_gt_top_i/diablo_gt.diablo_gt_phy_wrapper/gt_wizard.gtwizard_top_i/xdma_0_pcie4_ip_gt_i/inst/gen_gtwizard_gtye4_top.xdma_0_pcie4_ip_gt_gtwizard_gtye4_inst/gen_gtwizard_gtye4.gen_cpll_cal_gtye4.gen_cpll_cal_inst[0].gen_inst_cpll_cal.gtwizard_ultrascale_v1_7_22_gtye4_cpll_cal_inst/gtwizard_ultrascale_v1_7_22_gtye4_cpll_cal_tx_i/U_TXOUTCLK_FREQ_COUNTER/testclk_cnt_reg[16]
  -------------------------------------------------------------------
                         required time                          8.430    
                         arrival time                          -1.184    
  -------------------------------------------------------------------
                         slack                                  7.246    





Min Delay Paths
--------------------------------------------------------------------------------------
Slack (MET) :             0.159ns  (arrival time - required time)
  Source:                 u_xdma/inst/pcie4_ip_i/inst/xdma_0_pcie4_ip_gt_top_i/diablo_gt.diablo_gt_phy_wrapper/gt_wizard.gtwizard_top_i/xdma_0_pcie4_ip_gt_i/inst/gen_gtwizard_gtye4_top.xdma_0_pcie4_ip_gt_gtwizard_gtye4_inst/gen_gtwizard_gtye4.gen_cpll_cal_gtye4.gen_cpll_cal_inst[0].gen_inst_cpll_cal.gtwizard_ultrascale_v1_7_22_gtye4_cpll_cal_inst/gtwizard_ultrascale_v1_7_22_gtye4_cpll_cal_tx_i/U_TXOUTCLK_FREQ_COUNTER/reset_synchronizer_testclk_rst_inst/rst_in_out_reg/C
                            (rising edge-triggered cell FDPE clocked by u_xdma/inst/pcie4_ip_i/inst/xdma_0_pcie4_ip_gt_top_i/diablo_gt.diablo_gt_phy_wrapper/gt_wizard.gtwizard_top_i/xdma_0_pcie4_ip_gt_i/inst/gen_gtwizard_gtye4_top.xdma_0_pcie4_ip_gt_gtwizard_gtye4_inst/gen_gtwizard_gtye4.gen_cpll_cal_gtye4.gen_cpll_cal_inst[0].gen_inst_cpll_cal.gtwizard_ultrascale_v1_7_22_gtye4_cpll_cal_inst/gtwizard_ultrascale_v1_7_22_gtye4_cpll_cal_tx_i/bufg_gt_txoutclkmon_inst/O  {rise@0.000ns fall@4.000ns period=8.000ns})
  Destination:            u_xdma/inst/pcie4_ip_i/inst/xdma_0_pcie4_ip_gt_top_i/diablo_gt.diablo_gt_phy_wrapper/gt_wizard.gtwizard_top_i/xdma_0_pcie4_ip_gt_i/inst/gen_gtwizard_gtye4_top.xdma_0_pcie4_ip_gt_gtwizard_gtye4_inst/gen_gtwizard_gtye4.gen_cpll_cal_gtye4.gen_cpll_cal_inst[0].gen_inst_cpll_cal.gtwizard_ultrascale_v1_7_22_gtye4_cpll_cal_inst/gtwizard_ultrascale_v1_7_22_gtye4_cpll_cal_tx_i/U_TXOUTCLK_FREQ_COUNTER/testclk_cnt_reg[10]/CLR
                            (removal check against rising-edge clock u_xdma/inst/pcie4_ip_i/inst/xdma_0_pcie4_ip_gt_top_i/diablo_gt.diablo_gt_phy_wrapper/gt_wizard.gtwizard_top_i/xdma_0_pcie4_ip_gt_i/inst/gen_gtwizard_gtye4_top.xdma_0_pcie4_ip_gt_gtwizard_gtye4_inst/gen_gtwizard_gtye4.gen_cpll_cal_gtye4.gen_cpll_cal_inst[0].gen_inst_cpll_cal.gtwizard_ultrascale_v1_7_22_gtye4_cpll_cal_inst/gtwizard_ultrascale_v1_7_22_gtye4_cpll_cal_tx_i/bufg_gt_txoutclkmon_inst/O  {rise@0.000ns fall@4.000ns period=8.000ns})
  Path Group:             **async_default**
  Path Type:              Removal (Min at Fast Process Corner)
  Requirement:            0.000ns  (u_xdma/inst/pcie4_ip_i/inst/xdma_0_pcie4_ip_gt_top_i/diablo_gt.diablo_gt_phy_wrapper/gt_wizard.gtwizard_top_i/xdma_0_pcie4_ip_gt_i/inst/gen_gtwizard_gtye4_top.xdma_0_pcie4_ip_gt_gtwizard_gtye4_inst/gen_gtwizard_gtye4.gen_cpll_cal_gtye4.gen_cpll_cal_inst[0].gen_inst_cpll_cal.gtwizard_ultrascale_v1_7_22_gtye4_cpll_cal_inst/gtwizard_ultrascale_v1_7_22_gtye4_cpll_cal_tx_i/bufg_gt_txoutclkmon_inst/O rise@0.000ns - u_xdma/inst/pcie4_ip_i/inst/xdma_0_pcie4_ip_gt_top_i/diablo_gt.diablo_gt_phy_wrapper/gt_wizard.gtwizard_top_i/xdma_0_pcie4_ip_gt_i/inst/gen_gtwizard_gtye4_top.xdma_0_pcie4_ip_gt_gtwizard_gtye4_inst/gen_gtwizard_gtye4.gen_cpll_cal_gtye4.gen_cpll_cal_inst[0].gen_inst_cpll_cal.gtwizard_ultrascale_v1_7_22_gtye4_cpll_cal_inst/gtwizard_ultrascale_v1_7_22_gtye4_cpll_cal_tx_i/bufg_gt_txoutclkmon_inst/O rise@0.000ns)
  Data Path Delay:        0.193ns  (logic 0.039ns (20.196%)  route 0.154ns (79.804%))
  Logic Levels:           0  
  Clock Path Skew:        0.054ns (DCD - SCD - CPR)
    Destination Clock Delay (DCD):    0.377ns
    Source Clock Delay      (SCD):    0.323ns
    Clock Pessimism Removal (CPR):    0.001ns
  Clock Net Delay (Source):      0.323ns (routing 0.001ns, distribution 0.322ns)
  Clock Net Delay (Destination): 0.377ns (routing 0.001ns, distribution 0.376ns)

    Location             Delay type                Incr(ns)  Path(ns)    Netlist Resource(s)
  -------------------------------------------------------------------    -------------------
                         (clock u_xdma/inst/pcie4_ip_i/inst/xdma_0_pcie4_ip_gt_top_i/diablo_gt.diablo_gt_phy_wrapper/gt_wizard.gtwizard_top_i/xdma_0_pcie4_ip_gt_i/inst/gen_gtwizard_gtye4_top.xdma_0_pcie4_ip_gt_gtwizard_gtye4_inst/gen_gtwizard_gtye4.gen_cpll_cal_gtye4.gen_cpll_cal_inst[0].gen_inst_cpll_cal.gtwizard_ultrascale_v1_7_22_gtye4_cpll_cal_inst/gtwizard_ultrascale_v1_7_22_gtye4_cpll_cal_tx_i/bufg_gt_txoutclkmon_inst/O rise edge)
                                                      0.000     0.000 r  
    BUFG_GT_X0Y22        BUFG_GT                      0.000     0.000 r  u_xdma/inst/pcie4_ip_i/inst/xdma_0_pcie4_ip_gt_top_i/diablo_gt.diablo_gt_phy_wrapper/gt_wizard.gtwizard_top_i/xdma_0_pcie4_ip_gt_i/inst/gen_gtwizard_gtye4_top.xdma_0_pcie4_ip_gt_gtwizard_gtye4_inst/gen_gtwizard_gtye4.gen_cpll_cal_gtye4.gen_cpll_cal_inst[0].gen_inst_cpll_cal.gtwizard_ultrascale_v1_7_22_gtye4_cpll_cal_inst/gtwizard_ultrascale_v1_7_22_gtye4_cpll_cal_tx_i/bufg_gt_txoutclkmon_inst/O
    X3Y0 (CLOCK_ROOT)    net (fo=31, routed)          0.323     0.323    u_xdma/inst/pcie4_ip_i/inst/xdma_0_pcie4_ip_gt_top_i/diablo_gt.diablo_gt_phy_wrapper/gt_wizard.gtwizard_top_i/xdma_0_pcie4_ip_gt_i/inst/gen_gtwizard_gtye4_top.xdma_0_pcie4_ip_gt_gtwizard_gtye4_inst/gen_gtwizard_gtye4.gen_cpll_cal_gtye4.gen_cpll_cal_inst[0].gen_inst_cpll_cal.gtwizard_ultrascale_v1_7_22_gtye4_cpll_cal_inst/gtwizard_ultrascale_v1_7_22_gtye4_cpll_cal_tx_i/U_TXOUTCLK_FREQ_COUNTER/reset_synchronizer_testclk_rst_inst/txoutclkmon
    SLICE_X108Y8         FDPE                                         r  u_xdma/inst/pcie4_ip_i/inst/xdma_0_pcie4_ip_gt_top_i/diablo_gt.diablo_gt_phy_wrapper/gt_wizard.gtwizard_top_i/xdma_0_pcie4_ip_gt_i/inst/gen_gtwizard_gtye4_top.xdma_0_pcie4_ip_gt_gtwizard_gtye4_inst/gen_gtwizard_gtye4.gen_cpll_cal_gtye4.gen_cpll_cal_inst[0].gen_inst_cpll_cal.gtwizard_ultrascale_v1_7_22_gtye4_cpll_cal_inst/gtwizard_ultrascale_v1_7_22_gtye4_cpll_cal_tx_i/U_TXOUTCLK_FREQ_COUNTER/reset_synchronizer_testclk_rst_inst/rst_in_out_reg/C
  -------------------------------------------------------------------    -------------------
    SLICE_X108Y8         FDPE (Prop_AFF_SLICEL_C_Q)
                                                      0.039     0.362 f  u_xdma/inst/pcie4_ip_i/inst/xdma_0_pcie4_ip_gt_top_i/diablo_gt.diablo_gt_phy_wrapper/gt_wizard.gtwizard_top_i/xdma_0_pcie4_ip_gt_i/inst/gen_gtwizard_gtye4_top.xdma_0_pcie4_ip_gt_gtwizard_gtye4_inst/gen_gtwizard_gtye4.gen_cpll_cal_gtye4.gen_cpll_cal_inst[0].gen_inst_cpll_cal.gtwizard_ultrascale_v1_7_22_gtye4_cpll_cal_inst/gtwizard_ultrascale_v1_7_22_gtye4_cpll_cal_tx_i/U_TXOUTCLK_FREQ_COUNTER/reset_synchronizer_testclk_rst_inst/rst_in_out_reg/Q
                         net (fo=18, routed)          0.154     0.516    u_xdma/inst/pcie4_ip_i/inst/xdma_0_pcie4_ip_gt_top_i/diablo_gt.diablo_gt_phy_wrapper/gt_wizard.gtwizard_top_i/xdma_0_pcie4_ip_gt_i/inst/gen_gtwizard_gtye4_top.xdma_0_pcie4_ip_gt_gtwizard_gtye4_inst/gen_gtwizard_gtye4.gen_cpll_cal_gtye4.gen_cpll_cal_inst[0].gen_inst_cpll_cal.gtwizard_ultrascale_v1_7_22_gtye4_cpll_cal_inst/gtwizard_ultrascale_v1_7_22_gtye4_cpll_cal_tx_i/U_TXOUTCLK_FREQ_COUNTER/rst_in_out
    SLICE_X109Y9         FDCE                                         f  u_xdma/inst/pcie4_ip_i/inst/xdma_0_pcie4_ip_gt_top_i/diablo_gt.diablo_gt_phy_wrapper/gt_wizard.gtwizard_top_i/xdma_0_pcie4_ip_gt_i/inst/gen_gtwizard_gtye4_top.xdma_0_pcie4_ip_gt_gtwizard_gtye4_inst/gen_gtwizard_gtye4.gen_cpll_cal_gtye4.gen_cpll_cal_inst[0].gen_inst_cpll_cal.gtwizard_ultrascale_v1_7_22_gtye4_cpll_cal_inst/gtwizard_ultrascale_v1_7_22_gtye4_cpll_cal_tx_i/U_TXOUTCLK_FREQ_COUNTER/testclk_cnt_reg[10]/CLR
  -------------------------------------------------------------------    -------------------

                         (clock u_xdma/inst/pcie4_ip_i/inst/xdma_0_pcie4_ip_gt_top_i/diablo_gt.diablo_gt_phy_wrapper/gt_wizard.gtwizard_top_i/xdma_0_pcie4_ip_gt_i/inst/gen_gtwizard_gtye4_top.xdma_0_pcie4_ip_gt_gtwizard_gtye4_inst/gen_gtwizard_gtye4.gen_cpll_cal_gtye4.gen_cpll_cal_inst[0].gen_inst_cpll_cal.gtwizard_ultrascale_v1_7_22_gtye4_cpll_cal_inst/gtwizard_ultrascale_v1_7_22_gtye4_cpll_cal_tx_i/bufg_gt_txoutclkmon_inst/O rise edge)
                                                      0.000     0.000 r  
    BUFG_GT_X0Y22        BUFG_GT                      0.000     0.000 r  u_xdma/inst/pcie4_ip_i/inst/xdma_0_pcie4_ip_gt_top_i/diablo_gt.diablo_gt_phy_wrapper/gt_wizard.gtwizard_top_i/xdma_0_pcie4_ip_gt_i/inst/gen_gtwizard_gtye4_top.xdma_0_pcie4_ip_gt_gtwizard_gtye4_inst/gen_gtwizard_gtye4.gen_cpll_cal_gtye4.gen_cpll_cal_inst[0].gen_inst_cpll_cal.gtwizard_ultrascale_v1_7_22_gtye4_cpll_cal_inst/gtwizard_ultrascale_v1_7_22_gtye4_cpll_cal_tx_i/bufg_gt_txoutclkmon_inst/O
    X3Y0 (CLOCK_ROOT)    net (fo=31, routed)          0.377     0.377    u_xdma/inst/pcie4_ip_i/inst/xdma_0_pcie4_ip_gt_top_i/diablo_gt.diablo_gt_phy_wrapper/gt_wizard.gtwizard_top_i/xdma_0_pcie4_ip_gt_i/inst/gen_gtwizard_gtye4_top.xdma_0_pcie4_ip_gt_gtwizard_gtye4_inst/gen_gtwizard_gtye4.gen_cpll_cal_gtye4.gen_cpll_cal_inst[0].gen_inst_cpll_cal.gtwizard_ultrascale_v1_7_22_gtye4_cpll_cal_inst/gtwizard_ultrascale_v1_7_22_gtye4_cpll_cal_tx_i/U_TXOUTCLK_FREQ_COUNTER/txoutclkmon
    SLICE_X109Y9         FDCE                                         r  u_xdma/inst/pcie4_ip_i/inst/xdma_0_pcie4_ip_gt_top_i/diablo_gt.diablo_gt_phy_wrapper/gt_wizard.gtwizard_top_i/xdma_0_pcie4_ip_gt_i/inst/gen_gtwizard_gtye4_top.xdma_0_pcie4_ip_gt_gtwizard_gtye4_inst/gen_gtwizard_gtye4.gen_cpll_cal_gtye4.gen_cpll_cal_inst[0].gen_inst_cpll_cal.gtwizard_ultrascale_v1_7_22_gtye4_cpll_cal_inst/gtwizard_ultrascale_v1_7_22_gtye4_cpll_cal_tx_i/U_TXOUTCLK_FREQ_COUNTER/testclk_cnt_reg[10]/C
                         clock pessimism             -0.001     0.376    
    SLICE_X109Y9         FDCE (Remov_CFF_SLICEM_C_CLR)
                                                     -0.020     0.356    u_xdma/inst/pcie4_ip_i/inst/xdma_0_pcie4_ip_gt_top_i/diablo_gt.diablo_gt_phy_wrapper/gt_wizard.gtwizard_top_i/xdma_0_pcie4_ip_gt_i/inst/gen_gtwizard_gtye4_top.xdma_0_pcie4_ip_gt_gtwizard_gtye4_inst/gen_gtwizard_gtye4.gen_cpll_cal_gtye4.gen_cpll_cal_inst[0].gen_inst_cpll_cal.gtwizard_ultrascale_v1_7_22_gtye4_cpll_cal_inst/gtwizard_ultrascale_v1_7_22_gtye4_cpll_cal_tx_i/U_TXOUTCLK_FREQ_COUNTER/testclk_cnt_reg[10]
  -------------------------------------------------------------------
                         required time                         -0.356    
                         arrival time                           0.516    
  -------------------------------------------------------------------
                         slack                                  0.159    





---------------------------------------------------------------------------------------------------
Path Group:  **async_default**
From Clock:  u_xdma/inst/pcie4_ip_i/inst/xdma_0_pcie4_ip_gt_top_i/diablo_gt.diablo_gt_phy_wrapper/gt_wizard.gtwizard_top_i/xdma_0_pcie4_ip_gt_i/inst/gen_gtwizard_gtye4_top.xdma_0_pcie4_ip_gt_gtwizard_gtye4_inst/gen_gtwizard_gtye4.gen_cpll_cal_gtye4.gen_cpll_cal_inst[1].gen_inst_cpll_cal.gtwizard_ultrascale_v1_7_22_gtye4_cpll_cal_inst/gtwizard_ultrascale_v1_7_22_gtye4_cpll_cal_tx_i/bufg_gt_txoutclkmon_inst/O
  To Clock:  u_xdma/inst/pcie4_ip_i/inst/xdma_0_pcie4_ip_gt_top_i/diablo_gt.diablo_gt_phy_wrapper/gt_wizard.gtwizard_top_i/xdma_0_pcie4_ip_gt_i/inst/gen_gtwizard_gtye4_top.xdma_0_pcie4_ip_gt_gtwizard_gtye4_inst/gen_gtwizard_gtye4.gen_cpll_cal_gtye4.gen_cpll_cal_inst[1].gen_inst_cpll_cal.gtwizard_ultrascale_v1_7_22_gtye4_cpll_cal_inst/gtwizard_ultrascale_v1_7_22_gtye4_cpll_cal_tx_i/bufg_gt_txoutclkmon_inst/O

Setup :            0  Failing Endpoints,  Worst Slack        7.350ns,  Total Violation        0.000ns
Hold  :            0  Failing Endpoints,  Worst Slack        0.123ns,  Total Violation        0.000ns
---------------------------------------------------------------------------------------------------


Max Delay Paths
--------------------------------------------------------------------------------------
Slack (MET) :             7.350ns  (required time - arrival time)
  Source:                 u_xdma/inst/pcie4_ip_i/inst/xdma_0_pcie4_ip_gt_top_i/diablo_gt.diablo_gt_phy_wrapper/gt_wizard.gtwizard_top_i/xdma_0_pcie4_ip_gt_i/inst/gen_gtwizard_gtye4_top.xdma_0_pcie4_ip_gt_gtwizard_gtye4_inst/gen_gtwizard_gtye4.gen_cpll_cal_gtye4.gen_cpll_cal_inst[1].gen_inst_cpll_cal.gtwizard_ultrascale_v1_7_22_gtye4_cpll_cal_inst/gtwizard_ultrascale_v1_7_22_gtye4_cpll_cal_tx_i/U_TXOUTCLK_FREQ_COUNTER/reset_synchronizer_testclk_rst_inst/rst_in_out_reg/C
                            (rising edge-triggered cell FDPE clocked by u_xdma/inst/pcie4_ip_i/inst/xdma_0_pcie4_ip_gt_top_i/diablo_gt.diablo_gt_phy_wrapper/gt_wizard.gtwizard_top_i/xdma_0_pcie4_ip_gt_i/inst/gen_gtwizard_gtye4_top.xdma_0_pcie4_ip_gt_gtwizard_gtye4_inst/gen_gtwizard_gtye4.gen_cpll_cal_gtye4.gen_cpll_cal_inst[1].gen_inst_cpll_cal.gtwizard_ultrascale_v1_7_22_gtye4_cpll_cal_inst/gtwizard_ultrascale_v1_7_22_gtye4_cpll_cal_tx_i/bufg_gt_txoutclkmon_inst/O  {rise@0.000ns fall@4.000ns period=8.000ns})
  Destination:            u_xdma/inst/pcie4_ip_i/inst/xdma_0_pcie4_ip_gt_top_i/diablo_gt.diablo_gt_phy_wrapper/gt_wizard.gtwizard_top_i/xdma_0_pcie4_ip_gt_i/inst/gen_gtwizard_gtye4_top.xdma_0_pcie4_ip_gt_gtwizard_gtye4_inst/gen_gtwizard_gtye4.gen_cpll_cal_gtye4.gen_cpll_cal_inst[1].gen_inst_cpll_cal.gtwizard_ultrascale_v1_7_22_gtye4_cpll_cal_inst/gtwizard_ultrascale_v1_7_22_gtye4_cpll_cal_tx_i/U_TXOUTCLK_FREQ_COUNTER/testclk_cnt_reg[0]/CLR
                            (recovery check against rising-edge clock u_xdma/inst/pcie4_ip_i/inst/xdma_0_pcie4_ip_gt_top_i/diablo_gt.diablo_gt_phy_wrapper/gt_wizard.gtwizard_top_i/xdma_0_pcie4_ip_gt_i/inst/gen_gtwizard_gtye4_top.xdma_0_pcie4_ip_gt_gtwizard_gtye4_inst/gen_gtwizard_gtye4.gen_cpll_cal_gtye4.gen_cpll_cal_inst[1].gen_inst_cpll_cal.gtwizard_ultrascale_v1_7_22_gtye4_cpll_cal_inst/gtwizard_ultrascale_v1_7_22_gtye4_cpll_cal_tx_i/bufg_gt_txoutclkmon_inst/O  {rise@0.000ns fall@4.000ns period=8.000ns})
  Path Group:             **async_default**
  Path Type:              Recovery (Max at Slow Process Corner)
  Requirement:            8.000ns  (u_xdma/inst/pcie4_ip_i/inst/xdma_0_pcie4_ip_gt_top_i/diablo_gt.diablo_gt_phy_wrapper/gt_wizard.gtwizard_top_i/xdma_0_pcie4_ip_gt_i/inst/gen_gtwizard_gtye4_top.xdma_0_pcie4_ip_gt_gtwizard_gtye4_inst/gen_gtwizard_gtye4.gen_cpll_cal_gtye4.gen_cpll_cal_inst[1].gen_inst_cpll_cal.gtwizard_ultrascale_v1_7_22_gtye4_cpll_cal_inst/gtwizard_ultrascale_v1_7_22_gtye4_cpll_cal_tx_i/bufg_gt_txoutclkmon_inst/O rise@8.000ns - u_xdma/inst/pcie4_ip_i/inst/xdma_0_pcie4_ip_gt_top_i/diablo_gt.diablo_gt_phy_wrapper/gt_wizard.gtwizard_top_i/xdma_0_pcie4_ip_gt_i/inst/gen_gtwizard_gtye4_top.xdma_0_pcie4_ip_gt_gtwizard_gtye4_inst/gen_gtwizard_gtye4.gen_cpll_cal_gtye4.gen_cpll_cal_inst[1].gen_inst_cpll_cal.gtwizard_ultrascale_v1_7_22_gtye4_cpll_cal_inst/gtwizard_ultrascale_v1_7_22_gtye4_cpll_cal_tx_i/bufg_gt_txoutclkmon_inst/O rise@0.000ns)
  Data Path Delay:        0.493ns  (logic 0.093ns (18.855%)  route 0.400ns (81.145%))
  Logic Levels:           0  
  Clock Path Skew:        -0.039ns (DCD - SCD + CPR)
    Destination Clock Delay (DCD):    0.552ns = ( 8.552 - 8.000 ) 
    Source Clock Delay      (SCD):    0.652ns
    Clock Pessimism Removal (CPR):    0.061ns
  Clock Uncertainty:      0.046ns  ((TSJ^2 + DJ^2)^1/2) / 2 + PE
    Total System Jitter     (TSJ):    0.071ns
    Discrete Jitter          (DJ):    0.060ns
    Phase Error              (PE):    0.000ns
  Clock Net Delay (Source):      0.652ns (routing 0.002ns, distribution 0.650ns)
  Clock Net Delay (Destination): 0.552ns (routing 0.001ns, distribution 0.551ns)

    Location             Delay type                Incr(ns)  Path(ns)    Netlist Resource(s)
  -------------------------------------------------------------------    -------------------
                         (clock u_xdma/inst/pcie4_ip_i/inst/xdma_0_pcie4_ip_gt_top_i/diablo_gt.diablo_gt_phy_wrapper/gt_wizard.gtwizard_top_i/xdma_0_pcie4_ip_gt_i/inst/gen_gtwizard_gtye4_top.xdma_0_pcie4_ip_gt_gtwizard_gtye4_inst/gen_gtwizard_gtye4.gen_cpll_cal_gtye4.gen_cpll_cal_inst[1].gen_inst_cpll_cal.gtwizard_ultrascale_v1_7_22_gtye4_cpll_cal_inst/gtwizard_ultrascale_v1_7_22_gtye4_cpll_cal_tx_i/bufg_gt_txoutclkmon_inst/O rise edge)
                                                      0.000     0.000 r  
    BUFG_GT_X0Y21        BUFG_GT                      0.000     0.000 r  u_xdma/inst/pcie4_ip_i/inst/xdma_0_pcie4_ip_gt_top_i/diablo_gt.diablo_gt_phy_wrapper/gt_wizard.gtwizard_top_i/xdma_0_pcie4_ip_gt_i/inst/gen_gtwizard_gtye4_top.xdma_0_pcie4_ip_gt_gtwizard_gtye4_inst/gen_gtwizard_gtye4.gen_cpll_cal_gtye4.gen_cpll_cal_inst[1].gen_inst_cpll_cal.gtwizard_ultrascale_v1_7_22_gtye4_cpll_cal_inst/gtwizard_ultrascale_v1_7_22_gtye4_cpll_cal_tx_i/bufg_gt_txoutclkmon_inst/O
    X3Y0 (CLOCK_ROOT)    net (fo=31, routed)          0.652     0.652    u_xdma/inst/pcie4_ip_i/inst/xdma_0_pcie4_ip_gt_top_i/diablo_gt.diablo_gt_phy_wrapper/gt_wizard.gtwizard_top_i/xdma_0_pcie4_ip_gt_i/inst/gen_gtwizard_gtye4_top.xdma_0_pcie4_ip_gt_gtwizard_gtye4_inst/gen_gtwizard_gtye4.gen_cpll_cal_gtye4.gen_cpll_cal_inst[1].gen_inst_cpll_cal.gtwizard_ultrascale_v1_7_22_gtye4_cpll_cal_inst/gtwizard_ultrascale_v1_7_22_gtye4_cpll_cal_tx_i/U_TXOUTCLK_FREQ_COUNTER/reset_synchronizer_testclk_rst_inst/txoutclkmon
    SLICE_X109Y14        FDPE                                         r  u_xdma/inst/pcie4_ip_i/inst/xdma_0_pcie4_ip_gt_top_i/diablo_gt.diablo_gt_phy_wrapper/gt_wizard.gtwizard_top_i/xdma_0_pcie4_ip_gt_i/inst/gen_gtwizard_gtye4_top.xdma_0_pcie4_ip_gt_gtwizard_gtye4_inst/gen_gtwizard_gtye4.gen_cpll_cal_gtye4.gen_cpll_cal_inst[1].gen_inst_cpll_cal.gtwizard_ultrascale_v1_7_22_gtye4_cpll_cal_inst/gtwizard_ultrascale_v1_7_22_gtye4_cpll_cal_tx_i/U_TXOUTCLK_FREQ_COUNTER/reset_synchronizer_testclk_rst_inst/rst_in_out_reg/C
  -------------------------------------------------------------------    -------------------
    SLICE_X109Y14        FDPE (Prop_EFF_SLICEM_C_Q)
                                                      0.093     0.745 f  u_xdma/inst/pcie4_ip_i/inst/xdma_0_pcie4_ip_gt_top_i/diablo_gt.diablo_gt_phy_wrapper/gt_wizard.gtwizard_top_i/xdma_0_pcie4_ip_gt_i/inst/gen_gtwizard_gtye4_top.xdma_0_pcie4_ip_gt_gtwizard_gtye4_inst/gen_gtwizard_gtye4.gen_cpll_cal_gtye4.gen_cpll_cal_inst[1].gen_inst_cpll_cal.gtwizard_ultrascale_v1_7_22_gtye4_cpll_cal_inst/gtwizard_ultrascale_v1_7_22_gtye4_cpll_cal_tx_i/U_TXOUTCLK_FREQ_COUNTER/reset_synchronizer_testclk_rst_inst/rst_in_out_reg/Q
                         net (fo=18, routed)          0.400     1.145    u_xdma/inst/pcie4_ip_i/inst/xdma_0_pcie4_ip_gt_top_i/diablo_gt.diablo_gt_phy_wrapper/gt_wizard.gtwizard_top_i/xdma_0_pcie4_ip_gt_i/inst/gen_gtwizard_gtye4_top.xdma_0_pcie4_ip_gt_gtwizard_gtye4_inst/gen_gtwizard_gtye4.gen_cpll_cal_gtye4.gen_cpll_cal_inst[1].gen_inst_cpll_cal.gtwizard_ultrascale_v1_7_22_gtye4_cpll_cal_inst/gtwizard_ultrascale_v1_7_22_gtye4_cpll_cal_tx_i/U_TXOUTCLK_FREQ_COUNTER/rst_in_out
    SLICE_X109Y12        FDCE                                         f  u_xdma/inst/pcie4_ip_i/inst/xdma_0_pcie4_ip_gt_top_i/diablo_gt.diablo_gt_phy_wrapper/gt_wizard.gtwizard_top_i/xdma_0_pcie4_ip_gt_i/inst/gen_gtwizard_gtye4_top.xdma_0_pcie4_ip_gt_gtwizard_gtye4_inst/gen_gtwizard_gtye4.gen_cpll_cal_gtye4.gen_cpll_cal_inst[1].gen_inst_cpll_cal.gtwizard_ultrascale_v1_7_22_gtye4_cpll_cal_inst/gtwizard_ultrascale_v1_7_22_gtye4_cpll_cal_tx_i/U_TXOUTCLK_FREQ_COUNTER/testclk_cnt_reg[0]/CLR
  -------------------------------------------------------------------    -------------------

                         (clock u_xdma/inst/pcie4_ip_i/inst/xdma_0_pcie4_ip_gt_top_i/diablo_gt.diablo_gt_phy_wrapper/gt_wizard.gtwizard_top_i/xdma_0_pcie4_ip_gt_i/inst/gen_gtwizard_gtye4_top.xdma_0_pcie4_ip_gt_gtwizard_gtye4_inst/gen_gtwizard_gtye4.gen_cpll_cal_gtye4.gen_cpll_cal_inst[1].gen_inst_cpll_cal.gtwizard_ultrascale_v1_7_22_gtye4_cpll_cal_inst/gtwizard_ultrascale_v1_7_22_gtye4_cpll_cal_tx_i/bufg_gt_txoutclkmon_inst/O rise edge)
                                                      8.000     8.000 r  
    BUFG_GT_X0Y21        BUFG_GT                      0.000     8.000 r  u_xdma/inst/pcie4_ip_i/inst/xdma_0_pcie4_ip_gt_top_i/diablo_gt.diablo_gt_phy_wrapper/gt_wizard.gtwizard_top_i/xdma_0_pcie4_ip_gt_i/inst/gen_gtwizard_gtye4_top.xdma_0_pcie4_ip_gt_gtwizard_gtye4_inst/gen_gtwizard_gtye4.gen_cpll_cal_gtye4.gen_cpll_cal_inst[1].gen_inst_cpll_cal.gtwizard_ultrascale_v1_7_22_gtye4_cpll_cal_inst/gtwizard_ultrascale_v1_7_22_gtye4_cpll_cal_tx_i/bufg_gt_txoutclkmon_inst/O
    X3Y0 (CLOCK_ROOT)    net (fo=31, routed)          0.552     8.552    u_xdma/inst/pcie4_ip_i/inst/xdma_0_pcie4_ip_gt_top_i/diablo_gt.diablo_gt_phy_wrapper/gt_wizard.gtwizard_top_i/xdma_0_pcie4_ip_gt_i/inst/gen_gtwizard_gtye4_top.xdma_0_pcie4_ip_gt_gtwizard_gtye4_inst/gen_gtwizard_gtye4.gen_cpll_cal_gtye4.gen_cpll_cal_inst[1].gen_inst_cpll_cal.gtwizard_ultrascale_v1_7_22_gtye4_cpll_cal_inst/gtwizard_ultrascale_v1_7_22_gtye4_cpll_cal_tx_i/U_TXOUTCLK_FREQ_COUNTER/txoutclkmon
    SLICE_X109Y12        FDCE                                         r  u_xdma/inst/pcie4_ip_i/inst/xdma_0_pcie4_ip_gt_top_i/diablo_gt.diablo_gt_phy_wrapper/gt_wizard.gtwizard_top_i/xdma_0_pcie4_ip_gt_i/inst/gen_gtwizard_gtye4_top.xdma_0_pcie4_ip_gt_gtwizard_gtye4_inst/gen_gtwizard_gtye4.gen_cpll_cal_gtye4.gen_cpll_cal_inst[1].gen_inst_cpll_cal.gtwizard_ultrascale_v1_7_22_gtye4_cpll_cal_inst/gtwizard_ultrascale_v1_7_22_gtye4_cpll_cal_tx_i/U_TXOUTCLK_FREQ_COUNTER/testclk_cnt_reg[0]/C
                         clock pessimism              0.061     8.613    
                         clock uncertainty           -0.046     8.567    
    SLICE_X109Y12        FDCE (Recov_AFF_SLICEM_C_CLR)
                                                     -0.072     8.495    u_xdma/inst/pcie4_ip_i/inst/xdma_0_pcie4_ip_gt_top_i/diablo_gt.diablo_gt_phy_wrapper/gt_wizard.gtwizard_top_i/xdma_0_pcie4_ip_gt_i/inst/gen_gtwizard_gtye4_top.xdma_0_pcie4_ip_gt_gtwizard_gtye4_inst/gen_gtwizard_gtye4.gen_cpll_cal_gtye4.gen_cpll_cal_inst[1].gen_inst_cpll_cal.gtwizard_ultrascale_v1_7_22_gtye4_cpll_cal_inst/gtwizard_ultrascale_v1_7_22_gtye4_cpll_cal_tx_i/U_TXOUTCLK_FREQ_COUNTER/testclk_cnt_reg[0]
  -------------------------------------------------------------------
                         required time                          8.495    
                         arrival time                          -1.145    
  -------------------------------------------------------------------
                         slack                                  7.350    





Min Delay Paths
--------------------------------------------------------------------------------------
Slack (MET) :             0.123ns  (arrival time - required time)
  Source:                 u_xdma/inst/pcie4_ip_i/inst/xdma_0_pcie4_ip_gt_top_i/diablo_gt.diablo_gt_phy_wrapper/gt_wizard.gtwizard_top_i/xdma_0_pcie4_ip_gt_i/inst/gen_gtwizard_gtye4_top.xdma_0_pcie4_ip_gt_gtwizard_gtye4_inst/gen_gtwizard_gtye4.gen_cpll_cal_gtye4.gen_cpll_cal_inst[1].gen_inst_cpll_cal.gtwizard_ultrascale_v1_7_22_gtye4_cpll_cal_inst/gtwizard_ultrascale_v1_7_22_gtye4_cpll_cal_tx_i/U_TXOUTCLK_FREQ_COUNTER/reset_synchronizer_testclk_rst_inst/rst_in_out_reg/C
                            (rising edge-triggered cell FDPE clocked by u_xdma/inst/pcie4_ip_i/inst/xdma_0_pcie4_ip_gt_top_i/diablo_gt.diablo_gt_phy_wrapper/gt_wizard.gtwizard_top_i/xdma_0_pcie4_ip_gt_i/inst/gen_gtwizard_gtye4_top.xdma_0_pcie4_ip_gt_gtwizard_gtye4_inst/gen_gtwizard_gtye4.gen_cpll_cal_gtye4.gen_cpll_cal_inst[1].gen_inst_cpll_cal.gtwizard_ultrascale_v1_7_22_gtye4_cpll_cal_inst/gtwizard_ultrascale_v1_7_22_gtye4_cpll_cal_tx_i/bufg_gt_txoutclkmon_inst/O  {rise@0.000ns fall@4.000ns period=8.000ns})
  Destination:            u_xdma/inst/pcie4_ip_i/inst/xdma_0_pcie4_ip_gt_top_i/diablo_gt.diablo_gt_phy_wrapper/gt_wizard.gtwizard_top_i/xdma_0_pcie4_ip_gt_i/inst/gen_gtwizard_gtye4_top.xdma_0_pcie4_ip_gt_gtwizard_gtye4_inst/gen_gtwizard_gtye4.gen_cpll_cal_gtye4.gen_cpll_cal_inst[1].gen_inst_cpll_cal.gtwizard_ultrascale_v1_7_22_gtye4_cpll_cal_inst/gtwizard_ultrascale_v1_7_22_gtye4_cpll_cal_tx_i/U_TXOUTCLK_FREQ_COUNTER/testclk_cnt_reg[16]/CLR
                            (removal check against rising-edge clock u_xdma/inst/pcie4_ip_i/inst/xdma_0_pcie4_ip_gt_top_i/diablo_gt.diablo_gt_phy_wrapper/gt_wizard.gtwizard_top_i/xdma_0_pcie4_ip_gt_i/inst/gen_gtwizard_gtye4_top.xdma_0_pcie4_ip_gt_gtwizard_gtye4_inst/gen_gtwizard_gtye4.gen_cpll_cal_gtye4.gen_cpll_cal_inst[1].gen_inst_cpll_cal.gtwizard_ultrascale_v1_7_22_gtye4_cpll_cal_inst/gtwizard_ultrascale_v1_7_22_gtye4_cpll_cal_tx_i/bufg_gt_txoutclkmon_inst/O  {rise@0.000ns fall@4.000ns period=8.000ns})
  Path Group:             **async_default**
  Path Type:              Removal (Min at Fast Process Corner)
  Requirement:            0.000ns  (u_xdma/inst/pcie4_ip_i/inst/xdma_0_pcie4_ip_gt_top_i/diablo_gt.diablo_gt_phy_wrapper/gt_wizard.gtwizard_top_i/xdma_0_pcie4_ip_gt_i/inst/gen_gtwizard_gtye4_top.xdma_0_pcie4_ip_gt_gtwizard_gtye4_inst/gen_gtwizard_gtye4.gen_cpll_cal_gtye4.gen_cpll_cal_inst[1].gen_inst_cpll_cal.gtwizard_ultrascale_v1_7_22_gtye4_cpll_cal_inst/gtwizard_ultrascale_v1_7_22_gtye4_cpll_cal_tx_i/bufg_gt_txoutclkmon_inst/O rise@0.000ns - u_xdma/inst/pcie4_ip_i/inst/xdma_0_pcie4_ip_gt_top_i/diablo_gt.diablo_gt_phy_wrapper/gt_wizard.gtwizard_top_i/xdma_0_pcie4_ip_gt_i/inst/gen_gtwizard_gtye4_top.xdma_0_pcie4_ip_gt_gtwizard_gtye4_inst/gen_gtwizard_gtye4.gen_cpll_cal_gtye4.gen_cpll_cal_inst[1].gen_inst_cpll_cal.gtwizard_ultrascale_v1_7_22_gtye4_cpll_cal_inst/gtwizard_ultrascale_v1_7_22_gtye4_cpll_cal_tx_i/bufg_gt_txoutclkmon_inst/O rise@0.000ns)
  Data Path Delay:        0.118ns  (logic 0.038ns (32.153%)  route 0.080ns (67.847%))
  Logic Levels:           0  
  Clock Path Skew:        0.015ns (DCD - SCD - CPR)
    Destination Clock Delay (DCD):    0.375ns
    Source Clock Delay      (SCD):    0.325ns
    Clock Pessimism Removal (CPR):    0.036ns
  Clock Net Delay (Source):      0.325ns (routing 0.001ns, distribution 0.324ns)
  Clock Net Delay (Destination): 0.375ns (routing 0.001ns, distribution 0.374ns)

    Location             Delay type                Incr(ns)  Path(ns)    Netlist Resource(s)
  -------------------------------------------------------------------    -------------------
                         (clock u_xdma/inst/pcie4_ip_i/inst/xdma_0_pcie4_ip_gt_top_i/diablo_gt.diablo_gt_phy_wrapper/gt_wizard.gtwizard_top_i/xdma_0_pcie4_ip_gt_i/inst/gen_gtwizard_gtye4_top.xdma_0_pcie4_ip_gt_gtwizard_gtye4_inst/gen_gtwizard_gtye4.gen_cpll_cal_gtye4.gen_cpll_cal_inst[1].gen_inst_cpll_cal.gtwizard_ultrascale_v1_7_22_gtye4_cpll_cal_inst/gtwizard_ultrascale_v1_7_22_gtye4_cpll_cal_tx_i/bufg_gt_txoutclkmon_inst/O rise edge)
                                                      0.000     0.000 r  
    BUFG_GT_X0Y21        BUFG_GT                      0.000     0.000 r  u_xdma/inst/pcie4_ip_i/inst/xdma_0_pcie4_ip_gt_top_i/diablo_gt.diablo_gt_phy_wrapper/gt_wizard.gtwizard_top_i/xdma_0_pcie4_ip_gt_i/inst/gen_gtwizard_gtye4_top.xdma_0_pcie4_ip_gt_gtwizard_gtye4_inst/gen_gtwizard_gtye4.gen_cpll_cal_gtye4.gen_cpll_cal_inst[1].gen_inst_cpll_cal.gtwizard_ultrascale_v1_7_22_gtye4_cpll_cal_inst/gtwizard_ultrascale_v1_7_22_gtye4_cpll_cal_tx_i/bufg_gt_txoutclkmon_inst/O
    X3Y0 (CLOCK_ROOT)    net (fo=31, routed)          0.325     0.325    u_xdma/inst/pcie4_ip_i/inst/xdma_0_pcie4_ip_gt_top_i/diablo_gt.diablo_gt_phy_wrapper/gt_wizard.gtwizard_top_i/xdma_0_pcie4_ip_gt_i/inst/gen_gtwizard_gtye4_top.xdma_0_pcie4_ip_gt_gtwizard_gtye4_inst/gen_gtwizard_gtye4.gen_cpll_cal_gtye4.gen_cpll_cal_inst[1].gen_inst_cpll_cal.gtwizard_ultrascale_v1_7_22_gtye4_cpll_cal_inst/gtwizard_ultrascale_v1_7_22_gtye4_cpll_cal_tx_i/U_TXOUTCLK_FREQ_COUNTER/reset_synchronizer_testclk_rst_inst/txoutclkmon
    SLICE_X109Y14        FDPE                                         r  u_xdma/inst/pcie4_ip_i/inst/xdma_0_pcie4_ip_gt_top_i/diablo_gt.diablo_gt_phy_wrapper/gt_wizard.gtwizard_top_i/xdma_0_pcie4_ip_gt_i/inst/gen_gtwizard_gtye4_top.xdma_0_pcie4_ip_gt_gtwizard_gtye4_inst/gen_gtwizard_gtye4.gen_cpll_cal_gtye4.gen_cpll_cal_inst[1].gen_inst_cpll_cal.gtwizard_ultrascale_v1_7_22_gtye4_cpll_cal_inst/gtwizard_ultrascale_v1_7_22_gtye4_cpll_cal_tx_i/U_TXOUTCLK_FREQ_COUNTER/reset_synchronizer_testclk_rst_inst/rst_in_out_reg/C
  -------------------------------------------------------------------    -------------------
    SLICE_X109Y14        FDPE (Prop_EFF_SLICEM_C_Q)
                                                      0.038     0.363 f  u_xdma/inst/pcie4_ip_i/inst/xdma_0_pcie4_ip_gt_top_i/diablo_gt.diablo_gt_phy_wrapper/gt_wizard.gtwizard_top_i/xdma_0_pcie4_ip_gt_i/inst/gen_gtwizard_gtye4_top.xdma_0_pcie4_ip_gt_gtwizard_gtye4_inst/gen_gtwizard_gtye4.gen_cpll_cal_gtye4.gen_cpll_cal_inst[1].gen_inst_cpll_cal.gtwizard_ultrascale_v1_7_22_gtye4_cpll_cal_inst/gtwizard_ultrascale_v1_7_22_gtye4_cpll_cal_tx_i/U_TXOUTCLK_FREQ_COUNTER/reset_synchronizer_testclk_rst_inst/rst_in_out_reg/Q
                         net (fo=18, routed)          0.080     0.443    u_xdma/inst/pcie4_ip_i/inst/xdma_0_pcie4_ip_gt_top_i/diablo_gt.diablo_gt_phy_wrapper/gt_wizard.gtwizard_top_i/xdma_0_pcie4_ip_gt_i/inst/gen_gtwizard_gtye4_top.xdma_0_pcie4_ip_gt_gtwizard_gtye4_inst/gen_gtwizard_gtye4.gen_cpll_cal_gtye4.gen_cpll_cal_inst[1].gen_inst_cpll_cal.gtwizard_ultrascale_v1_7_22_gtye4_cpll_cal_inst/gtwizard_ultrascale_v1_7_22_gtye4_cpll_cal_tx_i/U_TXOUTCLK_FREQ_COUNTER/rst_in_out
    SLICE_X109Y14        FDCE                                         f  u_xdma/inst/pcie4_ip_i/inst/xdma_0_pcie4_ip_gt_top_i/diablo_gt.diablo_gt_phy_wrapper/gt_wizard.gtwizard_top_i/xdma_0_pcie4_ip_gt_i/inst/gen_gtwizard_gtye4_top.xdma_0_pcie4_ip_gt_gtwizard_gtye4_inst/gen_gtwizard_gtye4.gen_cpll_cal_gtye4.gen_cpll_cal_inst[1].gen_inst_cpll_cal.gtwizard_ultrascale_v1_7_22_gtye4_cpll_cal_inst/gtwizard_ultrascale_v1_7_22_gtye4_cpll_cal_tx_i/U_TXOUTCLK_FREQ_COUNTER/testclk_cnt_reg[16]/CLR
  -------------------------------------------------------------------    -------------------

                         (clock u_xdma/inst/pcie4_ip_i/inst/xdma_0_pcie4_ip_gt_top_i/diablo_gt.diablo_gt_phy_wrapper/gt_wizard.gtwizard_top_i/xdma_0_pcie4_ip_gt_i/inst/gen_gtwizard_gtye4_top.xdma_0_pcie4_ip_gt_gtwizard_gtye4_inst/gen_gtwizard_gtye4.gen_cpll_cal_gtye4.gen_cpll_cal_inst[1].gen_inst_cpll_cal.gtwizard_ultrascale_v1_7_22_gtye4_cpll_cal_inst/gtwizard_ultrascale_v1_7_22_gtye4_cpll_cal_tx_i/bufg_gt_txoutclkmon_inst/O rise edge)
                                                      0.000     0.000 r  
    BUFG_GT_X0Y21        BUFG_GT                      0.000     0.000 r  u_xdma/inst/pcie4_ip_i/inst/xdma_0_pcie4_ip_gt_top_i/diablo_gt.diablo_gt_phy_wrapper/gt_wizard.gtwizard_top_i/xdma_0_pcie4_ip_gt_i/inst/gen_gtwizard_gtye4_top.xdma_0_pcie4_ip_gt_gtwizard_gtye4_inst/gen_gtwizard_gtye4.gen_cpll_cal_gtye4.gen_cpll_cal_inst[1].gen_inst_cpll_cal.gtwizard_ultrascale_v1_7_22_gtye4_cpll_cal_inst/gtwizard_ultrascale_v1_7_22_gtye4_cpll_cal_tx_i/bufg_gt_txoutclkmon_inst/O
    X3Y0 (CLOCK_ROOT)    net (fo=31, routed)          0.375     0.375    u_xdma/inst/pcie4_ip_i/inst/xdma_0_pcie4_ip_gt_top_i/diablo_gt.diablo_gt_phy_wrapper/gt_wizard.gtwizard_top_i/xdma_0_pcie4_ip_gt_i/inst/gen_gtwizard_gtye4_top.xdma_0_pcie4_ip_gt_gtwizard_gtye4_inst/gen_gtwizard_gtye4.gen_cpll_cal_gtye4.gen_cpll_cal_inst[1].gen_inst_cpll_cal.gtwizard_ultrascale_v1_7_22_gtye4_cpll_cal_inst/gtwizard_ultrascale_v1_7_22_gtye4_cpll_cal_tx_i/U_TXOUTCLK_FREQ_COUNTER/txoutclkmon
    SLICE_X109Y14        FDCE                                         r  u_xdma/inst/pcie4_ip_i/inst/xdma_0_pcie4_ip_gt_top_i/diablo_gt.diablo_gt_phy_wrapper/gt_wizard.gtwizard_top_i/xdma_0_pcie4_ip_gt_i/inst/gen_gtwizard_gtye4_top.xdma_0_pcie4_ip_gt_gtwizard_gtye4_inst/gen_gtwizard_gtye4.gen_cpll_cal_gtye4.gen_cpll_cal_inst[1].gen_inst_cpll_cal.gtwizard_ultrascale_v1_7_22_gtye4_cpll_cal_inst/gtwizard_ultrascale_v1_7_22_gtye4_cpll_cal_tx_i/U_TXOUTCLK_FREQ_COUNTER/testclk_cnt_reg[16]/C
                         clock pessimism             -0.036     0.339    
    SLICE_X109Y14        FDCE (Remov_AFF_SLICEM_C_CLR)
                                                     -0.020     0.319    u_xdma/inst/pcie4_ip_i/inst/xdma_0_pcie4_ip_gt_top_i/diablo_gt.diablo_gt_phy_wrapper/gt_wizard.gtwizard_top_i/xdma_0_pcie4_ip_gt_i/inst/gen_gtwizard_gtye4_top.xdma_0_pcie4_ip_gt_gtwizard_gtye4_inst/gen_gtwizard_gtye4.gen_cpll_cal_gtye4.gen_cpll_cal_inst[1].gen_inst_cpll_cal.gtwizard_ultrascale_v1_7_22_gtye4_cpll_cal_inst/gtwizard_ultrascale_v1_7_22_gtye4_cpll_cal_tx_i/U_TXOUTCLK_FREQ_COUNTER/testclk_cnt_reg[16]
  -------------------------------------------------------------------
                         required time                         -0.319    
                         arrival time                           0.443    
  -------------------------------------------------------------------
                         slack                                  0.123    





---------------------------------------------------------------------------------------------------
Path Group:  **async_default**
From Clock:  u_xdma/inst/pcie4_ip_i/inst/xdma_0_pcie4_ip_gt_top_i/diablo_gt.diablo_gt_phy_wrapper/gt_wizard.gtwizard_top_i/xdma_0_pcie4_ip_gt_i/inst/gen_gtwizard_gtye4_top.xdma_0_pcie4_ip_gt_gtwizard_gtye4_inst/gen_gtwizard_gtye4.gen_cpll_cal_gtye4.gen_cpll_cal_inst[2].gen_inst_cpll_cal.gtwizard_ultrascale_v1_7_22_gtye4_cpll_cal_inst/gtwizard_ultrascale_v1_7_22_gtye4_cpll_cal_tx_i/bufg_gt_txoutclkmon_inst/O
  To Clock:  u_xdma/inst/pcie4_ip_i/inst/xdma_0_pcie4_ip_gt_top_i/diablo_gt.diablo_gt_phy_wrapper/gt_wizard.gtwizard_top_i/xdma_0_pcie4_ip_gt_i/inst/gen_gtwizard_gtye4_top.xdma_0_pcie4_ip_gt_gtwizard_gtye4_inst/gen_gtwizard_gtye4.gen_cpll_cal_gtye4.gen_cpll_cal_inst[2].gen_inst_cpll_cal.gtwizard_ultrascale_v1_7_22_gtye4_cpll_cal_inst/gtwizard_ultrascale_v1_7_22_gtye4_cpll_cal_tx_i/bufg_gt_txoutclkmon_inst/O

Setup :            0  Failing Endpoints,  Worst Slack        7.227ns,  Total Violation        0.000ns
Hold  :            0  Failing Endpoints,  Worst Slack        0.142ns,  Total Violation        0.000ns
---------------------------------------------------------------------------------------------------


Max Delay Paths
--------------------------------------------------------------------------------------
Slack (MET) :             7.227ns  (required time - arrival time)
  Source:                 u_xdma/inst/pcie4_ip_i/inst/xdma_0_pcie4_ip_gt_top_i/diablo_gt.diablo_gt_phy_wrapper/gt_wizard.gtwizard_top_i/xdma_0_pcie4_ip_gt_i/inst/gen_gtwizard_gtye4_top.xdma_0_pcie4_ip_gt_gtwizard_gtye4_inst/gen_gtwizard_gtye4.gen_cpll_cal_gtye4.gen_cpll_cal_inst[2].gen_inst_cpll_cal.gtwizard_ultrascale_v1_7_22_gtye4_cpll_cal_inst/gtwizard_ultrascale_v1_7_22_gtye4_cpll_cal_tx_i/U_TXOUTCLK_FREQ_COUNTER/reset_synchronizer_testclk_rst_inst/rst_in_out_reg/C
                            (rising edge-triggered cell FDPE clocked by u_xdma/inst/pcie4_ip_i/inst/xdma_0_pcie4_ip_gt_top_i/diablo_gt.diablo_gt_phy_wrapper/gt_wizard.gtwizard_top_i/xdma_0_pcie4_ip_gt_i/inst/gen_gtwizard_gtye4_top.xdma_0_pcie4_ip_gt_gtwizard_gtye4_inst/gen_gtwizard_gtye4.gen_cpll_cal_gtye4.gen_cpll_cal_inst[2].gen_inst_cpll_cal.gtwizard_ultrascale_v1_7_22_gtye4_cpll_cal_inst/gtwizard_ultrascale_v1_7_22_gtye4_cpll_cal_tx_i/bufg_gt_txoutclkmon_inst/O  {rise@0.000ns fall@4.000ns period=8.000ns})
  Destination:            u_xdma/inst/pcie4_ip_i/inst/xdma_0_pcie4_ip_gt_top_i/diablo_gt.diablo_gt_phy_wrapper/gt_wizard.gtwizard_top_i/xdma_0_pcie4_ip_gt_i/inst/gen_gtwizard_gtye4_top.xdma_0_pcie4_ip_gt_gtwizard_gtye4_inst/gen_gtwizard_gtye4.gen_cpll_cal_gtye4.gen_cpll_cal_inst[2].gen_inst_cpll_cal.gtwizard_ultrascale_v1_7_22_gtye4_cpll_cal_inst/gtwizard_ultrascale_v1_7_22_gtye4_cpll_cal_tx_i/U_TXOUTCLK_FREQ_COUNTER/testclk_cnt_reg[0]/CLR
                            (recovery check against rising-edge clock u_xdma/inst/pcie4_ip_i/inst/xdma_0_pcie4_ip_gt_top_i/diablo_gt.diablo_gt_phy_wrapper/gt_wizard.gtwizard_top_i/xdma_0_pcie4_ip_gt_i/inst/gen_gtwizard_gtye4_top.xdma_0_pcie4_ip_gt_gtwizard_gtye4_inst/gen_gtwizard_gtye4.gen_cpll_cal_gtye4.gen_cpll_cal_inst[2].gen_inst_cpll_cal.gtwizard_ultrascale_v1_7_22_gtye4_cpll_cal_inst/gtwizard_ultrascale_v1_7_22_gtye4_cpll_cal_tx_i/bufg_gt_txoutclkmon_inst/O  {rise@0.000ns fall@4.000ns period=8.000ns})
  Path Group:             **async_default**
  Path Type:              Recovery (Max at Slow Process Corner)
  Requirement:            8.000ns  (u_xdma/inst/pcie4_ip_i/inst/xdma_0_pcie4_ip_gt_top_i/diablo_gt.diablo_gt_phy_wrapper/gt_wizard.gtwizard_top_i/xdma_0_pcie4_ip_gt_i/inst/gen_gtwizard_gtye4_top.xdma_0_pcie4_ip_gt_gtwizard_gtye4_inst/gen_gtwizard_gtye4.gen_cpll_cal_gtye4.gen_cpll_cal_inst[2].gen_inst_cpll_cal.gtwizard_ultrascale_v1_7_22_gtye4_cpll_cal_inst/gtwizard_ultrascale_v1_7_22_gtye4_cpll_cal_tx_i/bufg_gt_txoutclkmon_inst/O rise@8.000ns - u_xdma/inst/pcie4_ip_i/inst/xdma_0_pcie4_ip_gt_top_i/diablo_gt.diablo_gt_phy_wrapper/gt_wizard.gtwizard_top_i/xdma_0_pcie4_ip_gt_i/inst/gen_gtwizard_gtye4_top.xdma_0_pcie4_ip_gt_gtwizard_gtye4_inst/gen_gtwizard_gtye4.gen_cpll_cal_gtye4.gen_cpll_cal_inst[2].gen_inst_cpll_cal.gtwizard_ultrascale_v1_7_22_gtye4_cpll_cal_inst/gtwizard_ultrascale_v1_7_22_gtye4_cpll_cal_tx_i/bufg_gt_txoutclkmon_inst/O rise@0.000ns)
  Data Path Delay:        0.573ns  (logic 0.093ns (16.222%)  route 0.480ns (83.778%))
  Logic Levels:           0  
  Clock Path Skew:        -0.081ns (DCD - SCD + CPR)
    Destination Clock Delay (DCD):    0.548ns = ( 8.548 - 8.000 ) 
    Source Clock Delay      (SCD):    0.631ns
    Clock Pessimism Removal (CPR):    0.002ns
  Clock Uncertainty:      0.046ns  ((TSJ^2 + DJ^2)^1/2) / 2 + PE
    Total System Jitter     (TSJ):    0.071ns
    Discrete Jitter          (DJ):    0.060ns
    Phase Error              (PE):    0.000ns
  Clock Net Delay (Source):      0.631ns (routing 0.002ns, distribution 0.629ns)
  Clock Net Delay (Destination): 0.548ns (routing 0.001ns, distribution 0.547ns)

    Location             Delay type                Incr(ns)  Path(ns)    Netlist Resource(s)
  -------------------------------------------------------------------    -------------------
                         (clock u_xdma/inst/pcie4_ip_i/inst/xdma_0_pcie4_ip_gt_top_i/diablo_gt.diablo_gt_phy_wrapper/gt_wizard.gtwizard_top_i/xdma_0_pcie4_ip_gt_i/inst/gen_gtwizard_gtye4_top.xdma_0_pcie4_ip_gt_gtwizard_gtye4_inst/gen_gtwizard_gtye4.gen_cpll_cal_gtye4.gen_cpll_cal_inst[2].gen_inst_cpll_cal.gtwizard_ultrascale_v1_7_22_gtye4_cpll_cal_inst/gtwizard_ultrascale_v1_7_22_gtye4_cpll_cal_tx_i/bufg_gt_txoutclkmon_inst/O rise edge)
                                                      0.000     0.000 r  
    BUFG_GT_X0Y20        BUFG_GT                      0.000     0.000 r  u_xdma/inst/pcie4_ip_i/inst/xdma_0_pcie4_ip_gt_top_i/diablo_gt.diablo_gt_phy_wrapper/gt_wizard.gtwizard_top_i/xdma_0_pcie4_ip_gt_i/inst/gen_gtwizard_gtye4_top.xdma_0_pcie4_ip_gt_gtwizard_gtye4_inst/gen_gtwizard_gtye4.gen_cpll_cal_gtye4.gen_cpll_cal_inst[2].gen_inst_cpll_cal.gtwizard_ultrascale_v1_7_22_gtye4_cpll_cal_inst/gtwizard_ultrascale_v1_7_22_gtye4_cpll_cal_tx_i/bufg_gt_txoutclkmon_inst/O
    X3Y0 (CLOCK_ROOT)    net (fo=31, routed)          0.631     0.631    u_xdma/inst/pcie4_ip_i/inst/xdma_0_pcie4_ip_gt_top_i/diablo_gt.diablo_gt_phy_wrapper/gt_wizard.gtwizard_top_i/xdma_0_pcie4_ip_gt_i/inst/gen_gtwizard_gtye4_top.xdma_0_pcie4_ip_gt_gtwizard_gtye4_inst/gen_gtwizard_gtye4.gen_cpll_cal_gtye4.gen_cpll_cal_inst[2].gen_inst_cpll_cal.gtwizard_ultrascale_v1_7_22_gtye4_cpll_cal_inst/gtwizard_ultrascale_v1_7_22_gtye4_cpll_cal_tx_i/U_TXOUTCLK_FREQ_COUNTER/reset_synchronizer_testclk_rst_inst/txoutclkmon
    SLICE_X110Y20        FDPE                                         r  u_xdma/inst/pcie4_ip_i/inst/xdma_0_pcie4_ip_gt_top_i/diablo_gt.diablo_gt_phy_wrapper/gt_wizard.gtwizard_top_i/xdma_0_pcie4_ip_gt_i/inst/gen_gtwizard_gtye4_top.xdma_0_pcie4_ip_gt_gtwizard_gtye4_inst/gen_gtwizard_gtye4.gen_cpll_cal_gtye4.gen_cpll_cal_inst[2].gen_inst_cpll_cal.gtwizard_ultrascale_v1_7_22_gtye4_cpll_cal_inst/gtwizard_ultrascale_v1_7_22_gtye4_cpll_cal_tx_i/U_TXOUTCLK_FREQ_COUNTER/reset_synchronizer_testclk_rst_inst/rst_in_out_reg/C
  -------------------------------------------------------------------    -------------------
    SLICE_X110Y20        FDPE (Prop_EFF_SLICEM_C_Q)
                                                      0.093     0.724 f  u_xdma/inst/pcie4_ip_i/inst/xdma_0_pcie4_ip_gt_top_i/diablo_gt.diablo_gt_phy_wrapper/gt_wizard.gtwizard_top_i/xdma_0_pcie4_ip_gt_i/inst/gen_gtwizard_gtye4_top.xdma_0_pcie4_ip_gt_gtwizard_gtye4_inst/gen_gtwizard_gtye4.gen_cpll_cal_gtye4.gen_cpll_cal_inst[2].gen_inst_cpll_cal.gtwizard_ultrascale_v1_7_22_gtye4_cpll_cal_inst/gtwizard_ultrascale_v1_7_22_gtye4_cpll_cal_tx_i/U_TXOUTCLK_FREQ_COUNTER/reset_synchronizer_testclk_rst_inst/rst_in_out_reg/Q
                         net (fo=18, routed)          0.480     1.204    u_xdma/inst/pcie4_ip_i/inst/xdma_0_pcie4_ip_gt_top_i/diablo_gt.diablo_gt_phy_wrapper/gt_wizard.gtwizard_top_i/xdma_0_pcie4_ip_gt_i/inst/gen_gtwizard_gtye4_top.xdma_0_pcie4_ip_gt_gtwizard_gtye4_inst/gen_gtwizard_gtye4.gen_cpll_cal_gtye4.gen_cpll_cal_inst[2].gen_inst_cpll_cal.gtwizard_ultrascale_v1_7_22_gtye4_cpll_cal_inst/gtwizard_ultrascale_v1_7_22_gtye4_cpll_cal_tx_i/U_TXOUTCLK_FREQ_COUNTER/rst_in_out
    SLICE_X109Y17        FDCE                                         f  u_xdma/inst/pcie4_ip_i/inst/xdma_0_pcie4_ip_gt_top_i/diablo_gt.diablo_gt_phy_wrapper/gt_wizard.gtwizard_top_i/xdma_0_pcie4_ip_gt_i/inst/gen_gtwizard_gtye4_top.xdma_0_pcie4_ip_gt_gtwizard_gtye4_inst/gen_gtwizard_gtye4.gen_cpll_cal_gtye4.gen_cpll_cal_inst[2].gen_inst_cpll_cal.gtwizard_ultrascale_v1_7_22_gtye4_cpll_cal_inst/gtwizard_ultrascale_v1_7_22_gtye4_cpll_cal_tx_i/U_TXOUTCLK_FREQ_COUNTER/testclk_cnt_reg[0]/CLR
  -------------------------------------------------------------------    -------------------

                         (clock u_xdma/inst/pcie4_ip_i/inst/xdma_0_pcie4_ip_gt_top_i/diablo_gt.diablo_gt_phy_wrapper/gt_wizard.gtwizard_top_i/xdma_0_pcie4_ip_gt_i/inst/gen_gtwizard_gtye4_top.xdma_0_pcie4_ip_gt_gtwizard_gtye4_inst/gen_gtwizard_gtye4.gen_cpll_cal_gtye4.gen_cpll_cal_inst[2].gen_inst_cpll_cal.gtwizard_ultrascale_v1_7_22_gtye4_cpll_cal_inst/gtwizard_ultrascale_v1_7_22_gtye4_cpll_cal_tx_i/bufg_gt_txoutclkmon_inst/O rise edge)
                                                      8.000     8.000 r  
    BUFG_GT_X0Y20        BUFG_GT                      0.000     8.000 r  u_xdma/inst/pcie4_ip_i/inst/xdma_0_pcie4_ip_gt_top_i/diablo_gt.diablo_gt_phy_wrapper/gt_wizard.gtwizard_top_i/xdma_0_pcie4_ip_gt_i/inst/gen_gtwizard_gtye4_top.xdma_0_pcie4_ip_gt_gtwizard_gtye4_inst/gen_gtwizard_gtye4.gen_cpll_cal_gtye4.gen_cpll_cal_inst[2].gen_inst_cpll_cal.gtwizard_ultrascale_v1_7_22_gtye4_cpll_cal_inst/gtwizard_ultrascale_v1_7_22_gtye4_cpll_cal_tx_i/bufg_gt_txoutclkmon_inst/O
    X3Y0 (CLOCK_ROOT)    net (fo=31, routed)          0.548     8.548    u_xdma/inst/pcie4_ip_i/inst/xdma_0_pcie4_ip_gt_top_i/diablo_gt.diablo_gt_phy_wrapper/gt_wizard.gtwizard_top_i/xdma_0_pcie4_ip_gt_i/inst/gen_gtwizard_gtye4_top.xdma_0_pcie4_ip_gt_gtwizard_gtye4_inst/gen_gtwizard_gtye4.gen_cpll_cal_gtye4.gen_cpll_cal_inst[2].gen_inst_cpll_cal.gtwizard_ultrascale_v1_7_22_gtye4_cpll_cal_inst/gtwizard_ultrascale_v1_7_22_gtye4_cpll_cal_tx_i/U_TXOUTCLK_FREQ_COUNTER/txoutclkmon
    SLICE_X109Y17        FDCE                                         r  u_xdma/inst/pcie4_ip_i/inst/xdma_0_pcie4_ip_gt_top_i/diablo_gt.diablo_gt_phy_wrapper/gt_wizard.gtwizard_top_i/xdma_0_pcie4_ip_gt_i/inst/gen_gtwizard_gtye4_top.xdma_0_pcie4_ip_gt_gtwizard_gtye4_inst/gen_gtwizard_gtye4.gen_cpll_cal_gtye4.gen_cpll_cal_inst[2].gen_inst_cpll_cal.gtwizard_ultrascale_v1_7_22_gtye4_cpll_cal_inst/gtwizard_ultrascale_v1_7_22_gtye4_cpll_cal_tx_i/U_TXOUTCLK_FREQ_COUNTER/testclk_cnt_reg[0]/C
                         clock pessimism              0.002     8.550    
                         clock uncertainty           -0.046     8.504    
    SLICE_X109Y17        FDCE (Recov_AFF_SLICEM_C_CLR)
                                                     -0.072     8.432    u_xdma/inst/pcie4_ip_i/inst/xdma_0_pcie4_ip_gt_top_i/diablo_gt.diablo_gt_phy_wrapper/gt_wizard.gtwizard_top_i/xdma_0_pcie4_ip_gt_i/inst/gen_gtwizard_gtye4_top.xdma_0_pcie4_ip_gt_gtwizard_gtye4_inst/gen_gtwizard_gtye4.gen_cpll_cal_gtye4.gen_cpll_cal_inst[2].gen_inst_cpll_cal.gtwizard_ultrascale_v1_7_22_gtye4_cpll_cal_inst/gtwizard_ultrascale_v1_7_22_gtye4_cpll_cal_tx_i/U_TXOUTCLK_FREQ_COUNTER/testclk_cnt_reg[0]
  -------------------------------------------------------------------
                         required time                          8.432    
                         arrival time                          -1.204    
  -------------------------------------------------------------------
                         slack                                  7.227    





Min Delay Paths
--------------------------------------------------------------------------------------
Slack (MET) :             0.142ns  (arrival time - required time)
  Source:                 u_xdma/inst/pcie4_ip_i/inst/xdma_0_pcie4_ip_gt_top_i/diablo_gt.diablo_gt_phy_wrapper/gt_wizard.gtwizard_top_i/xdma_0_pcie4_ip_gt_i/inst/gen_gtwizard_gtye4_top.xdma_0_pcie4_ip_gt_gtwizard_gtye4_inst/gen_gtwizard_gtye4.gen_cpll_cal_gtye4.gen_cpll_cal_inst[2].gen_inst_cpll_cal.gtwizard_ultrascale_v1_7_22_gtye4_cpll_cal_inst/gtwizard_ultrascale_v1_7_22_gtye4_cpll_cal_tx_i/U_TXOUTCLK_FREQ_COUNTER/reset_synchronizer_testclk_rst_inst/rst_in_out_reg/C
                            (rising edge-triggered cell FDPE clocked by u_xdma/inst/pcie4_ip_i/inst/xdma_0_pcie4_ip_gt_top_i/diablo_gt.diablo_gt_phy_wrapper/gt_wizard.gtwizard_top_i/xdma_0_pcie4_ip_gt_i/inst/gen_gtwizard_gtye4_top.xdma_0_pcie4_ip_gt_gtwizard_gtye4_inst/gen_gtwizard_gtye4.gen_cpll_cal_gtye4.gen_cpll_cal_inst[2].gen_inst_cpll_cal.gtwizard_ultrascale_v1_7_22_gtye4_cpll_cal_inst/gtwizard_ultrascale_v1_7_22_gtye4_cpll_cal_tx_i/bufg_gt_txoutclkmon_inst/O  {rise@0.000ns fall@4.000ns period=8.000ns})
  Destination:            u_xdma/inst/pcie4_ip_i/inst/xdma_0_pcie4_ip_gt_top_i/diablo_gt.diablo_gt_phy_wrapper/gt_wizard.gtwizard_top_i/xdma_0_pcie4_ip_gt_i/inst/gen_gtwizard_gtye4_top.xdma_0_pcie4_ip_gt_gtwizard_gtye4_inst/gen_gtwizard_gtye4.gen_cpll_cal_gtye4.gen_cpll_cal_inst[2].gen_inst_cpll_cal.gtwizard_ultrascale_v1_7_22_gtye4_cpll_cal_inst/gtwizard_ultrascale_v1_7_22_gtye4_cpll_cal_tx_i/U_TXOUTCLK_FREQ_COUNTER/testclk_cnt_reg[16]/CLR
                            (removal check against rising-edge clock u_xdma/inst/pcie4_ip_i/inst/xdma_0_pcie4_ip_gt_top_i/diablo_gt.diablo_gt_phy_wrapper/gt_wizard.gtwizard_top_i/xdma_0_pcie4_ip_gt_i/inst/gen_gtwizard_gtye4_top.xdma_0_pcie4_ip_gt_gtwizard_gtye4_inst/gen_gtwizard_gtye4.gen_cpll_cal_gtye4.gen_cpll_cal_inst[2].gen_inst_cpll_cal.gtwizard_ultrascale_v1_7_22_gtye4_cpll_cal_inst/gtwizard_ultrascale_v1_7_22_gtye4_cpll_cal_tx_i/bufg_gt_txoutclkmon_inst/O  {rise@0.000ns fall@4.000ns period=8.000ns})
  Path Group:             **async_default**
  Path Type:              Removal (Min at Fast Process Corner)
  Requirement:            0.000ns  (u_xdma/inst/pcie4_ip_i/inst/xdma_0_pcie4_ip_gt_top_i/diablo_gt.diablo_gt_phy_wrapper/gt_wizard.gtwizard_top_i/xdma_0_pcie4_ip_gt_i/inst/gen_gtwizard_gtye4_top.xdma_0_pcie4_ip_gt_gtwizard_gtye4_inst/gen_gtwizard_gtye4.gen_cpll_cal_gtye4.gen_cpll_cal_inst[2].gen_inst_cpll_cal.gtwizard_ultrascale_v1_7_22_gtye4_cpll_cal_inst/gtwizard_ultrascale_v1_7_22_gtye4_cpll_cal_tx_i/bufg_gt_txoutclkmon_inst/O rise@0.000ns - u_xdma/inst/pcie4_ip_i/inst/xdma_0_pcie4_ip_gt_top_i/diablo_gt.diablo_gt_phy_wrapper/gt_wizard.gtwizard_top_i/xdma_0_pcie4_ip_gt_i/inst/gen_gtwizard_gtye4_top.xdma_0_pcie4_ip_gt_gtwizard_gtye4_inst/gen_gtwizard_gtye4.gen_cpll_cal_gtye4.gen_cpll_cal_inst[2].gen_inst_cpll_cal.gtwizard_ultrascale_v1_7_22_gtye4_cpll_cal_inst/gtwizard_ultrascale_v1_7_22_gtye4_cpll_cal_tx_i/bufg_gt_txoutclkmon_inst/O rise@0.000ns)
  Data Path Delay:        0.174ns  (logic 0.038ns (21.861%)  route 0.136ns (78.139%))
  Logic Levels:           0  
  Clock Path Skew:        0.052ns (DCD - SCD - CPR)
    Destination Clock Delay (DCD):    0.369ns
    Source Clock Delay      (SCD):    0.316ns
    Clock Pessimism Removal (CPR):    0.001ns
  Clock Net Delay (Source):      0.316ns (routing 0.001ns, distribution 0.315ns)
  Clock Net Delay (Destination): 0.369ns (routing 0.001ns, distribution 0.368ns)

    Location             Delay type                Incr(ns)  Path(ns)    Netlist Resource(s)
  -------------------------------------------------------------------    -------------------
                         (clock u_xdma/inst/pcie4_ip_i/inst/xdma_0_pcie4_ip_gt_top_i/diablo_gt.diablo_gt_phy_wrapper/gt_wizard.gtwizard_top_i/xdma_0_pcie4_ip_gt_i/inst/gen_gtwizard_gtye4_top.xdma_0_pcie4_ip_gt_gtwizard_gtye4_inst/gen_gtwizard_gtye4.gen_cpll_cal_gtye4.gen_cpll_cal_inst[2].gen_inst_cpll_cal.gtwizard_ultrascale_v1_7_22_gtye4_cpll_cal_inst/gtwizard_ultrascale_v1_7_22_gtye4_cpll_cal_tx_i/bufg_gt_txoutclkmon_inst/O rise edge)
                                                      0.000     0.000 r  
    BUFG_GT_X0Y20        BUFG_GT                      0.000     0.000 r  u_xdma/inst/pcie4_ip_i/inst/xdma_0_pcie4_ip_gt_top_i/diablo_gt.diablo_gt_phy_wrapper/gt_wizard.gtwizard_top_i/xdma_0_pcie4_ip_gt_i/inst/gen_gtwizard_gtye4_top.xdma_0_pcie4_ip_gt_gtwizard_gtye4_inst/gen_gtwizard_gtye4.gen_cpll_cal_gtye4.gen_cpll_cal_inst[2].gen_inst_cpll_cal.gtwizard_ultrascale_v1_7_22_gtye4_cpll_cal_inst/gtwizard_ultrascale_v1_7_22_gtye4_cpll_cal_tx_i/bufg_gt_txoutclkmon_inst/O
    X3Y0 (CLOCK_ROOT)    net (fo=31, routed)          0.316     0.316    u_xdma/inst/pcie4_ip_i/inst/xdma_0_pcie4_ip_gt_top_i/diablo_gt.diablo_gt_phy_wrapper/gt_wizard.gtwizard_top_i/xdma_0_pcie4_ip_gt_i/inst/gen_gtwizard_gtye4_top.xdma_0_pcie4_ip_gt_gtwizard_gtye4_inst/gen_gtwizard_gtye4.gen_cpll_cal_gtye4.gen_cpll_cal_inst[2].gen_inst_cpll_cal.gtwizard_ultrascale_v1_7_22_gtye4_cpll_cal_inst/gtwizard_ultrascale_v1_7_22_gtye4_cpll_cal_tx_i/U_TXOUTCLK_FREQ_COUNTER/reset_synchronizer_testclk_rst_inst/txoutclkmon
    SLICE_X110Y20        FDPE                                         r  u_xdma/inst/pcie4_ip_i/inst/xdma_0_pcie4_ip_gt_top_i/diablo_gt.diablo_gt_phy_wrapper/gt_wizard.gtwizard_top_i/xdma_0_pcie4_ip_gt_i/inst/gen_gtwizard_gtye4_top.xdma_0_pcie4_ip_gt_gtwizard_gtye4_inst/gen_gtwizard_gtye4.gen_cpll_cal_gtye4.gen_cpll_cal_inst[2].gen_inst_cpll_cal.gtwizard_ultrascale_v1_7_22_gtye4_cpll_cal_inst/gtwizard_ultrascale_v1_7_22_gtye4_cpll_cal_tx_i/U_TXOUTCLK_FREQ_COUNTER/reset_synchronizer_testclk_rst_inst/rst_in_out_reg/C
  -------------------------------------------------------------------    -------------------
    SLICE_X110Y20        FDPE (Prop_EFF_SLICEM_C_Q)
                                                      0.038     0.354 f  u_xdma/inst/pcie4_ip_i/inst/xdma_0_pcie4_ip_gt_top_i/diablo_gt.diablo_gt_phy_wrapper/gt_wizard.gtwizard_top_i/xdma_0_pcie4_ip_gt_i/inst/gen_gtwizard_gtye4_top.xdma_0_pcie4_ip_gt_gtwizard_gtye4_inst/gen_gtwizard_gtye4.gen_cpll_cal_gtye4.gen_cpll_cal_inst[2].gen_inst_cpll_cal.gtwizard_ultrascale_v1_7_22_gtye4_cpll_cal_inst/gtwizard_ultrascale_v1_7_22_gtye4_cpll_cal_tx_i/U_TXOUTCLK_FREQ_COUNTER/reset_synchronizer_testclk_rst_inst/rst_in_out_reg/Q
                         net (fo=18, routed)          0.136     0.490    u_xdma/inst/pcie4_ip_i/inst/xdma_0_pcie4_ip_gt_top_i/diablo_gt.diablo_gt_phy_wrapper/gt_wizard.gtwizard_top_i/xdma_0_pcie4_ip_gt_i/inst/gen_gtwizard_gtye4_top.xdma_0_pcie4_ip_gt_gtwizard_gtye4_inst/gen_gtwizard_gtye4.gen_cpll_cal_gtye4.gen_cpll_cal_inst[2].gen_inst_cpll_cal.gtwizard_ultrascale_v1_7_22_gtye4_cpll_cal_inst/gtwizard_ultrascale_v1_7_22_gtye4_cpll_cal_tx_i/U_TXOUTCLK_FREQ_COUNTER/rst_in_out
    SLICE_X109Y19        FDCE                                         f  u_xdma/inst/pcie4_ip_i/inst/xdma_0_pcie4_ip_gt_top_i/diablo_gt.diablo_gt_phy_wrapper/gt_wizard.gtwizard_top_i/xdma_0_pcie4_ip_gt_i/inst/gen_gtwizard_gtye4_top.xdma_0_pcie4_ip_gt_gtwizard_gtye4_inst/gen_gtwizard_gtye4.gen_cpll_cal_gtye4.gen_cpll_cal_inst[2].gen_inst_cpll_cal.gtwizard_ultrascale_v1_7_22_gtye4_cpll_cal_inst/gtwizard_ultrascale_v1_7_22_gtye4_cpll_cal_tx_i/U_TXOUTCLK_FREQ_COUNTER/testclk_cnt_reg[16]/CLR
  -------------------------------------------------------------------    -------------------

                         (clock u_xdma/inst/pcie4_ip_i/inst/xdma_0_pcie4_ip_gt_top_i/diablo_gt.diablo_gt_phy_wrapper/gt_wizard.gtwizard_top_i/xdma_0_pcie4_ip_gt_i/inst/gen_gtwizard_gtye4_top.xdma_0_pcie4_ip_gt_gtwizard_gtye4_inst/gen_gtwizard_gtye4.gen_cpll_cal_gtye4.gen_cpll_cal_inst[2].gen_inst_cpll_cal.gtwizard_ultrascale_v1_7_22_gtye4_cpll_cal_inst/gtwizard_ultrascale_v1_7_22_gtye4_cpll_cal_tx_i/bufg_gt_txoutclkmon_inst/O rise edge)
                                                      0.000     0.000 r  
    BUFG_GT_X0Y20        BUFG_GT                      0.000     0.000 r  u_xdma/inst/pcie4_ip_i/inst/xdma_0_pcie4_ip_gt_top_i/diablo_gt.diablo_gt_phy_wrapper/gt_wizard.gtwizard_top_i/xdma_0_pcie4_ip_gt_i/inst/gen_gtwizard_gtye4_top.xdma_0_pcie4_ip_gt_gtwizard_gtye4_inst/gen_gtwizard_gtye4.gen_cpll_cal_gtye4.gen_cpll_cal_inst[2].gen_inst_cpll_cal.gtwizard_ultrascale_v1_7_22_gtye4_cpll_cal_inst/gtwizard_ultrascale_v1_7_22_gtye4_cpll_cal_tx_i/bufg_gt_txoutclkmon_inst/O
    X3Y0 (CLOCK_ROOT)    net (fo=31, routed)          0.369     0.369    u_xdma/inst/pcie4_ip_i/inst/xdma_0_pcie4_ip_gt_top_i/diablo_gt.diablo_gt_phy_wrapper/gt_wizard.gtwizard_top_i/xdma_0_pcie4_ip_gt_i/inst/gen_gtwizard_gtye4_top.xdma_0_pcie4_ip_gt_gtwizard_gtye4_inst/gen_gtwizard_gtye4.gen_cpll_cal_gtye4.gen_cpll_cal_inst[2].gen_inst_cpll_cal.gtwizard_ultrascale_v1_7_22_gtye4_cpll_cal_inst/gtwizard_ultrascale_v1_7_22_gtye4_cpll_cal_tx_i/U_TXOUTCLK_FREQ_COUNTER/txoutclkmon
    SLICE_X109Y19        FDCE                                         r  u_xdma/inst/pcie4_ip_i/inst/xdma_0_pcie4_ip_gt_top_i/diablo_gt.diablo_gt_phy_wrapper/gt_wizard.gtwizard_top_i/xdma_0_pcie4_ip_gt_i/inst/gen_gtwizard_gtye4_top.xdma_0_pcie4_ip_gt_gtwizard_gtye4_inst/gen_gtwizard_gtye4.gen_cpll_cal_gtye4.gen_cpll_cal_inst[2].gen_inst_cpll_cal.gtwizard_ultrascale_v1_7_22_gtye4_cpll_cal_inst/gtwizard_ultrascale_v1_7_22_gtye4_cpll_cal_tx_i/U_TXOUTCLK_FREQ_COUNTER/testclk_cnt_reg[16]/C
                         clock pessimism             -0.001     0.368    
    SLICE_X109Y19        FDCE (Remov_AFF_SLICEM_C_CLR)
                                                     -0.020     0.348    u_xdma/inst/pcie4_ip_i/inst/xdma_0_pcie4_ip_gt_top_i/diablo_gt.diablo_gt_phy_wrapper/gt_wizard.gtwizard_top_i/xdma_0_pcie4_ip_gt_i/inst/gen_gtwizard_gtye4_top.xdma_0_pcie4_ip_gt_gtwizard_gtye4_inst/gen_gtwizard_gtye4.gen_cpll_cal_gtye4.gen_cpll_cal_inst[2].gen_inst_cpll_cal.gtwizard_ultrascale_v1_7_22_gtye4_cpll_cal_inst/gtwizard_ultrascale_v1_7_22_gtye4_cpll_cal_tx_i/U_TXOUTCLK_FREQ_COUNTER/testclk_cnt_reg[16]
  -------------------------------------------------------------------
                         required time                         -0.348    
                         arrival time                           0.490    
  -------------------------------------------------------------------
                         slack                                  0.142    





---------------------------------------------------------------------------------------------------
Path Group:  **async_default**
From Clock:  u_xdma/inst/pcie4_ip_i/inst/xdma_0_pcie4_ip_gt_top_i/diablo_gt.diablo_gt_phy_wrapper/gt_wizard.gtwizard_top_i/xdma_0_pcie4_ip_gt_i/inst/gen_gtwizard_gtye4_top.xdma_0_pcie4_ip_gt_gtwizard_gtye4_inst/gen_gtwizard_gtye4.gen_cpll_cal_gtye4.gen_cpll_cal_inst[3].gen_inst_cpll_cal.gtwizard_ultrascale_v1_7_22_gtye4_cpll_cal_inst/gtwizard_ultrascale_v1_7_22_gtye4_cpll_cal_tx_i/bufg_gt_txoutclkmon_inst/O
  To Clock:  u_xdma/inst/pcie4_ip_i/inst/xdma_0_pcie4_ip_gt_top_i/diablo_gt.diablo_gt_phy_wrapper/gt_wizard.gtwizard_top_i/xdma_0_pcie4_ip_gt_i/inst/gen_gtwizard_gtye4_top.xdma_0_pcie4_ip_gt_gtwizard_gtye4_inst/gen_gtwizard_gtye4.gen_cpll_cal_gtye4.gen_cpll_cal_inst[3].gen_inst_cpll_cal.gtwizard_ultrascale_v1_7_22_gtye4_cpll_cal_inst/gtwizard_ultrascale_v1_7_22_gtye4_cpll_cal_tx_i/bufg_gt_txoutclkmon_inst/O

Setup :            0  Failing Endpoints,  Worst Slack        7.355ns,  Total Violation        0.000ns
Hold  :            0  Failing Endpoints,  Worst Slack        0.170ns,  Total Violation        0.000ns
---------------------------------------------------------------------------------------------------


Max Delay Paths
--------------------------------------------------------------------------------------
Slack (MET) :             7.355ns  (required time - arrival time)
  Source:                 u_xdma/inst/pcie4_ip_i/inst/xdma_0_pcie4_ip_gt_top_i/diablo_gt.diablo_gt_phy_wrapper/gt_wizard.gtwizard_top_i/xdma_0_pcie4_ip_gt_i/inst/gen_gtwizard_gtye4_top.xdma_0_pcie4_ip_gt_gtwizard_gtye4_inst/gen_gtwizard_gtye4.gen_cpll_cal_gtye4.gen_cpll_cal_inst[3].gen_inst_cpll_cal.gtwizard_ultrascale_v1_7_22_gtye4_cpll_cal_inst/gtwizard_ultrascale_v1_7_22_gtye4_cpll_cal_tx_i/U_TXOUTCLK_FREQ_COUNTER/reset_synchronizer_testclk_rst_inst/rst_in_out_reg/C
                            (rising edge-triggered cell FDPE clocked by u_xdma/inst/pcie4_ip_i/inst/xdma_0_pcie4_ip_gt_top_i/diablo_gt.diablo_gt_phy_wrapper/gt_wizard.gtwizard_top_i/xdma_0_pcie4_ip_gt_i/inst/gen_gtwizard_gtye4_top.xdma_0_pcie4_ip_gt_gtwizard_gtye4_inst/gen_gtwizard_gtye4.gen_cpll_cal_gtye4.gen_cpll_cal_inst[3].gen_inst_cpll_cal.gtwizard_ultrascale_v1_7_22_gtye4_cpll_cal_inst/gtwizard_ultrascale_v1_7_22_gtye4_cpll_cal_tx_i/bufg_gt_txoutclkmon_inst/O  {rise@0.000ns fall@4.000ns period=8.000ns})
  Destination:            u_xdma/inst/pcie4_ip_i/inst/xdma_0_pcie4_ip_gt_top_i/diablo_gt.diablo_gt_phy_wrapper/gt_wizard.gtwizard_top_i/xdma_0_pcie4_ip_gt_i/inst/gen_gtwizard_gtye4_top.xdma_0_pcie4_ip_gt_gtwizard_gtye4_inst/gen_gtwizard_gtye4.gen_cpll_cal_gtye4.gen_cpll_cal_inst[3].gen_inst_cpll_cal.gtwizard_ultrascale_v1_7_22_gtye4_cpll_cal_inst/gtwizard_ultrascale_v1_7_22_gtye4_cpll_cal_tx_i/U_TXOUTCLK_FREQ_COUNTER/testclk_cnt_reg[16]/CLR
                            (recovery check against rising-edge clock u_xdma/inst/pcie4_ip_i/inst/xdma_0_pcie4_ip_gt_top_i/diablo_gt.diablo_gt_phy_wrapper/gt_wizard.gtwizard_top_i/xdma_0_pcie4_ip_gt_i/inst/gen_gtwizard_gtye4_top.xdma_0_pcie4_ip_gt_gtwizard_gtye4_inst/gen_gtwizard_gtye4.gen_cpll_cal_gtye4.gen_cpll_cal_inst[3].gen_inst_cpll_cal.gtwizard_ultrascale_v1_7_22_gtye4_cpll_cal_inst/gtwizard_ultrascale_v1_7_22_gtye4_cpll_cal_tx_i/bufg_gt_txoutclkmon_inst/O  {rise@0.000ns fall@4.000ns period=8.000ns})
  Path Group:             **async_default**
  Path Type:              Recovery (Max at Slow Process Corner)
  Requirement:            8.000ns  (u_xdma/inst/pcie4_ip_i/inst/xdma_0_pcie4_ip_gt_top_i/diablo_gt.diablo_gt_phy_wrapper/gt_wizard.gtwizard_top_i/xdma_0_pcie4_ip_gt_i/inst/gen_gtwizard_gtye4_top.xdma_0_pcie4_ip_gt_gtwizard_gtye4_inst/gen_gtwizard_gtye4.gen_cpll_cal_gtye4.gen_cpll_cal_inst[3].gen_inst_cpll_cal.gtwizard_ultrascale_v1_7_22_gtye4_cpll_cal_inst/gtwizard_ultrascale_v1_7_22_gtye4_cpll_cal_tx_i/bufg_gt_txoutclkmon_inst/O rise@8.000ns - u_xdma/inst/pcie4_ip_i/inst/xdma_0_pcie4_ip_gt_top_i/diablo_gt.diablo_gt_phy_wrapper/gt_wizard.gtwizard_top_i/xdma_0_pcie4_ip_gt_i/inst/gen_gtwizard_gtye4_top.xdma_0_pcie4_ip_gt_gtwizard_gtye4_inst/gen_gtwizard_gtye4.gen_cpll_cal_gtye4.gen_cpll_cal_inst[3].gen_inst_cpll_cal.gtwizard_ultrascale_v1_7_22_gtye4_cpll_cal_inst/gtwizard_ultrascale_v1_7_22_gtye4_cpll_cal_tx_i/bufg_gt_txoutclkmon_inst/O rise@0.000ns)
  Data Path Delay:        0.492ns  (logic 0.093ns (18.921%)  route 0.399ns (81.079%))
  Logic Levels:           0  
  Clock Path Skew:        -0.035ns (DCD - SCD + CPR)
    Destination Clock Delay (DCD):    1.169ns = ( 9.169 - 8.000 ) 
    Source Clock Delay      (SCD):    1.347ns
    Clock Pessimism Removal (CPR):    0.143ns
  Clock Uncertainty:      0.046ns  ((TSJ^2 + DJ^2)^1/2) / 2 + PE
    Total System Jitter     (TSJ):    0.071ns
    Discrete Jitter          (DJ):    0.060ns
    Phase Error              (PE):    0.000ns
  Clock Net Delay (Source):      1.347ns (routing 0.444ns, distribution 0.903ns)
  Clock Net Delay (Destination): 1.169ns (routing 0.402ns, distribution 0.767ns)

    Location             Delay type                Incr(ns)  Path(ns)    Netlist Resource(s)
  -------------------------------------------------------------------    -------------------
                         (clock u_xdma/inst/pcie4_ip_i/inst/xdma_0_pcie4_ip_gt_top_i/diablo_gt.diablo_gt_phy_wrapper/gt_wizard.gtwizard_top_i/xdma_0_pcie4_ip_gt_i/inst/gen_gtwizard_gtye4_top.xdma_0_pcie4_ip_gt_gtwizard_gtye4_inst/gen_gtwizard_gtye4.gen_cpll_cal_gtye4.gen_cpll_cal_inst[3].gen_inst_cpll_cal.gtwizard_ultrascale_v1_7_22_gtye4_cpll_cal_inst/gtwizard_ultrascale_v1_7_22_gtye4_cpll_cal_tx_i/bufg_gt_txoutclkmon_inst/O rise edge)
                                                      0.000     0.000 r  
    BUFG_GT_X0Y19        BUFG_GT                      0.000     0.000 r  u_xdma/inst/pcie4_ip_i/inst/xdma_0_pcie4_ip_gt_top_i/diablo_gt.diablo_gt_phy_wrapper/gt_wizard.gtwizard_top_i/xdma_0_pcie4_ip_gt_i/inst/gen_gtwizard_gtye4_top.xdma_0_pcie4_ip_gt_gtwizard_gtye4_inst/gen_gtwizard_gtye4.gen_cpll_cal_gtye4.gen_cpll_cal_inst[3].gen_inst_cpll_cal.gtwizard_ultrascale_v1_7_22_gtye4_cpll_cal_inst/gtwizard_ultrascale_v1_7_22_gtye4_cpll_cal_tx_i/bufg_gt_txoutclkmon_inst/O
    X3Y1 (CLOCK_ROOT)    net (fo=31, routed)          1.347     1.347    u_xdma/inst/pcie4_ip_i/inst/xdma_0_pcie4_ip_gt_top_i/diablo_gt.diablo_gt_phy_wrapper/gt_wizard.gtwizard_top_i/xdma_0_pcie4_ip_gt_i/inst/gen_gtwizard_gtye4_top.xdma_0_pcie4_ip_gt_gtwizard_gtye4_inst/gen_gtwizard_gtye4.gen_cpll_cal_gtye4.gen_cpll_cal_inst[3].gen_inst_cpll_cal.gtwizard_ultrascale_v1_7_22_gtye4_cpll_cal_inst/gtwizard_ultrascale_v1_7_22_gtye4_cpll_cal_tx_i/U_TXOUTCLK_FREQ_COUNTER/reset_synchronizer_testclk_rst_inst/txoutclkmon
    SLICE_X112Y74        FDPE                                         r  u_xdma/inst/pcie4_ip_i/inst/xdma_0_pcie4_ip_gt_top_i/diablo_gt.diablo_gt_phy_wrapper/gt_wizard.gtwizard_top_i/xdma_0_pcie4_ip_gt_i/inst/gen_gtwizard_gtye4_top.xdma_0_pcie4_ip_gt_gtwizard_gtye4_inst/gen_gtwizard_gtye4.gen_cpll_cal_gtye4.gen_cpll_cal_inst[3].gen_inst_cpll_cal.gtwizard_ultrascale_v1_7_22_gtye4_cpll_cal_inst/gtwizard_ultrascale_v1_7_22_gtye4_cpll_cal_tx_i/U_TXOUTCLK_FREQ_COUNTER/reset_synchronizer_testclk_rst_inst/rst_in_out_reg/C
  -------------------------------------------------------------------    -------------------
    SLICE_X112Y74        FDPE (Prop_AFF_SLICEM_C_Q)
                                                      0.093     1.440 f  u_xdma/inst/pcie4_ip_i/inst/xdma_0_pcie4_ip_gt_top_i/diablo_gt.diablo_gt_phy_wrapper/gt_wizard.gtwizard_top_i/xdma_0_pcie4_ip_gt_i/inst/gen_gtwizard_gtye4_top.xdma_0_pcie4_ip_gt_gtwizard_gtye4_inst/gen_gtwizard_gtye4.gen_cpll_cal_gtye4.gen_cpll_cal_inst[3].gen_inst_cpll_cal.gtwizard_ultrascale_v1_7_22_gtye4_cpll_cal_inst/gtwizard_ultrascale_v1_7_22_gtye4_cpll_cal_tx_i/U_TXOUTCLK_FREQ_COUNTER/reset_synchronizer_testclk_rst_inst/rst_in_out_reg/Q
                         net (fo=18, routed)          0.399     1.839    u_xdma/inst/pcie4_ip_i/inst/xdma_0_pcie4_ip_gt_top_i/diablo_gt.diablo_gt_phy_wrapper/gt_wizard.gtwizard_top_i/xdma_0_pcie4_ip_gt_i/inst/gen_gtwizard_gtye4_top.xdma_0_pcie4_ip_gt_gtwizard_gtye4_inst/gen_gtwizard_gtye4.gen_cpll_cal_gtye4.gen_cpll_cal_inst[3].gen_inst_cpll_cal.gtwizard_ultrascale_v1_7_22_gtye4_cpll_cal_inst/gtwizard_ultrascale_v1_7_22_gtye4_cpll_cal_tx_i/U_TXOUTCLK_FREQ_COUNTER/rst_in_out
    SLICE_X112Y77        FDCE                                         f  u_xdma/inst/pcie4_ip_i/inst/xdma_0_pcie4_ip_gt_top_i/diablo_gt.diablo_gt_phy_wrapper/gt_wizard.gtwizard_top_i/xdma_0_pcie4_ip_gt_i/inst/gen_gtwizard_gtye4_top.xdma_0_pcie4_ip_gt_gtwizard_gtye4_inst/gen_gtwizard_gtye4.gen_cpll_cal_gtye4.gen_cpll_cal_inst[3].gen_inst_cpll_cal.gtwizard_ultrascale_v1_7_22_gtye4_cpll_cal_inst/gtwizard_ultrascale_v1_7_22_gtye4_cpll_cal_tx_i/U_TXOUTCLK_FREQ_COUNTER/testclk_cnt_reg[16]/CLR
  -------------------------------------------------------------------    -------------------

                         (clock u_xdma/inst/pcie4_ip_i/inst/xdma_0_pcie4_ip_gt_top_i/diablo_gt.diablo_gt_phy_wrapper/gt_wizard.gtwizard_top_i/xdma_0_pcie4_ip_gt_i/inst/gen_gtwizard_gtye4_top.xdma_0_pcie4_ip_gt_gtwizard_gtye4_inst/gen_gtwizard_gtye4.gen_cpll_cal_gtye4.gen_cpll_cal_inst[3].gen_inst_cpll_cal.gtwizard_ultrascale_v1_7_22_gtye4_cpll_cal_inst/gtwizard_ultrascale_v1_7_22_gtye4_cpll_cal_tx_i/bufg_gt_txoutclkmon_inst/O rise edge)
                                                      8.000     8.000 r  
    BUFG_GT_X0Y19        BUFG_GT                      0.000     8.000 r  u_xdma/inst/pcie4_ip_i/inst/xdma_0_pcie4_ip_gt_top_i/diablo_gt.diablo_gt_phy_wrapper/gt_wizard.gtwizard_top_i/xdma_0_pcie4_ip_gt_i/inst/gen_gtwizard_gtye4_top.xdma_0_pcie4_ip_gt_gtwizard_gtye4_inst/gen_gtwizard_gtye4.gen_cpll_cal_gtye4.gen_cpll_cal_inst[3].gen_inst_cpll_cal.gtwizard_ultrascale_v1_7_22_gtye4_cpll_cal_inst/gtwizard_ultrascale_v1_7_22_gtye4_cpll_cal_tx_i/bufg_gt_txoutclkmon_inst/O
    X3Y1 (CLOCK_ROOT)    net (fo=31, routed)          1.169     9.169    u_xdma/inst/pcie4_ip_i/inst/xdma_0_pcie4_ip_gt_top_i/diablo_gt.diablo_gt_phy_wrapper/gt_wizard.gtwizard_top_i/xdma_0_pcie4_ip_gt_i/inst/gen_gtwizard_gtye4_top.xdma_0_pcie4_ip_gt_gtwizard_gtye4_inst/gen_gtwizard_gtye4.gen_cpll_cal_gtye4.gen_cpll_cal_inst[3].gen_inst_cpll_cal.gtwizard_ultrascale_v1_7_22_gtye4_cpll_cal_inst/gtwizard_ultrascale_v1_7_22_gtye4_cpll_cal_tx_i/U_TXOUTCLK_FREQ_COUNTER/txoutclkmon
    SLICE_X112Y77        FDCE                                         r  u_xdma/inst/pcie4_ip_i/inst/xdma_0_pcie4_ip_gt_top_i/diablo_gt.diablo_gt_phy_wrapper/gt_wizard.gtwizard_top_i/xdma_0_pcie4_ip_gt_i/inst/gen_gtwizard_gtye4_top.xdma_0_pcie4_ip_gt_gtwizard_gtye4_inst/gen_gtwizard_gtye4.gen_cpll_cal_gtye4.gen_cpll_cal_inst[3].gen_inst_cpll_cal.gtwizard_ultrascale_v1_7_22_gtye4_cpll_cal_inst/gtwizard_ultrascale_v1_7_22_gtye4_cpll_cal_tx_i/U_TXOUTCLK_FREQ_COUNTER/testclk_cnt_reg[16]/C
                         clock pessimism              0.143     9.312    
                         clock uncertainty           -0.046     9.265    
    SLICE_X112Y77        FDCE (Recov_AFF_SLICEM_C_CLR)
                                                     -0.072     9.193    u_xdma/inst/pcie4_ip_i/inst/xdma_0_pcie4_ip_gt_top_i/diablo_gt.diablo_gt_phy_wrapper/gt_wizard.gtwizard_top_i/xdma_0_pcie4_ip_gt_i/inst/gen_gtwizard_gtye4_top.xdma_0_pcie4_ip_gt_gtwizard_gtye4_inst/gen_gtwizard_gtye4.gen_cpll_cal_gtye4.gen_cpll_cal_inst[3].gen_inst_cpll_cal.gtwizard_ultrascale_v1_7_22_gtye4_cpll_cal_inst/gtwizard_ultrascale_v1_7_22_gtye4_cpll_cal_tx_i/U_TXOUTCLK_FREQ_COUNTER/testclk_cnt_reg[16]
  -------------------------------------------------------------------
                         required time                          9.193    
                         arrival time                          -1.839    
  -------------------------------------------------------------------
                         slack                                  7.355    





Min Delay Paths
--------------------------------------------------------------------------------------
Slack (MET) :             0.170ns  (arrival time - required time)
  Source:                 u_xdma/inst/pcie4_ip_i/inst/xdma_0_pcie4_ip_gt_top_i/diablo_gt.diablo_gt_phy_wrapper/gt_wizard.gtwizard_top_i/xdma_0_pcie4_ip_gt_i/inst/gen_gtwizard_gtye4_top.xdma_0_pcie4_ip_gt_gtwizard_gtye4_inst/gen_gtwizard_gtye4.gen_cpll_cal_gtye4.gen_cpll_cal_inst[3].gen_inst_cpll_cal.gtwizard_ultrascale_v1_7_22_gtye4_cpll_cal_inst/gtwizard_ultrascale_v1_7_22_gtye4_cpll_cal_tx_i/U_TXOUTCLK_FREQ_COUNTER/reset_synchronizer_testclk_rst_inst/rst_in_out_reg/C
                            (rising edge-triggered cell FDPE clocked by u_xdma/inst/pcie4_ip_i/inst/xdma_0_pcie4_ip_gt_top_i/diablo_gt.diablo_gt_phy_wrapper/gt_wizard.gtwizard_top_i/xdma_0_pcie4_ip_gt_i/inst/gen_gtwizard_gtye4_top.xdma_0_pcie4_ip_gt_gtwizard_gtye4_inst/gen_gtwizard_gtye4.gen_cpll_cal_gtye4.gen_cpll_cal_inst[3].gen_inst_cpll_cal.gtwizard_ultrascale_v1_7_22_gtye4_cpll_cal_inst/gtwizard_ultrascale_v1_7_22_gtye4_cpll_cal_tx_i/bufg_gt_txoutclkmon_inst/O  {rise@0.000ns fall@4.000ns period=8.000ns})
  Destination:            u_xdma/inst/pcie4_ip_i/inst/xdma_0_pcie4_ip_gt_top_i/diablo_gt.diablo_gt_phy_wrapper/gt_wizard.gtwizard_top_i/xdma_0_pcie4_ip_gt_i/inst/gen_gtwizard_gtye4_top.xdma_0_pcie4_ip_gt_gtwizard_gtye4_inst/gen_gtwizard_gtye4.gen_cpll_cal_gtye4.gen_cpll_cal_inst[3].gen_inst_cpll_cal.gtwizard_ultrascale_v1_7_22_gtye4_cpll_cal_inst/gtwizard_ultrascale_v1_7_22_gtye4_cpll_cal_tx_i/U_TXOUTCLK_FREQ_COUNTER/testclk_cnt_reg[0]/CLR
                            (removal check against rising-edge clock u_xdma/inst/pcie4_ip_i/inst/xdma_0_pcie4_ip_gt_top_i/diablo_gt.diablo_gt_phy_wrapper/gt_wizard.gtwizard_top_i/xdma_0_pcie4_ip_gt_i/inst/gen_gtwizard_gtye4_top.xdma_0_pcie4_ip_gt_gtwizard_gtye4_inst/gen_gtwizard_gtye4.gen_cpll_cal_gtye4.gen_cpll_cal_inst[3].gen_inst_cpll_cal.gtwizard_ultrascale_v1_7_22_gtye4_cpll_cal_inst/gtwizard_ultrascale_v1_7_22_gtye4_cpll_cal_tx_i/bufg_gt_txoutclkmon_inst/O  {rise@0.000ns fall@4.000ns period=8.000ns})
  Path Group:             **async_default**
  Path Type:              Removal (Min at Fast Process Corner)
  Requirement:            0.000ns  (u_xdma/inst/pcie4_ip_i/inst/xdma_0_pcie4_ip_gt_top_i/diablo_gt.diablo_gt_phy_wrapper/gt_wizard.gtwizard_top_i/xdma_0_pcie4_ip_gt_i/inst/gen_gtwizard_gtye4_top.xdma_0_pcie4_ip_gt_gtwizard_gtye4_inst/gen_gtwizard_gtye4.gen_cpll_cal_gtye4.gen_cpll_cal_inst[3].gen_inst_cpll_cal.gtwizard_ultrascale_v1_7_22_gtye4_cpll_cal_inst/gtwizard_ultrascale_v1_7_22_gtye4_cpll_cal_tx_i/bufg_gt_txoutclkmon_inst/O rise@0.000ns - u_xdma/inst/pcie4_ip_i/inst/xdma_0_pcie4_ip_gt_top_i/diablo_gt.diablo_gt_phy_wrapper/gt_wizard.gtwizard_top_i/xdma_0_pcie4_ip_gt_i/inst/gen_gtwizard_gtye4_top.xdma_0_pcie4_ip_gt_gtwizard_gtye4_inst/gen_gtwizard_gtye4.gen_cpll_cal_gtye4.gen_cpll_cal_inst[3].gen_inst_cpll_cal.gtwizard_ultrascale_v1_7_22_gtye4_cpll_cal_inst/gtwizard_ultrascale_v1_7_22_gtye4_cpll_cal_tx_i/bufg_gt_txoutclkmon_inst/O rise@0.000ns)
  Data Path Delay:        0.173ns  (logic 0.038ns (21.922%)  route 0.135ns (78.078%))
  Logic Levels:           0  
  Clock Path Skew:        0.023ns (DCD - SCD - CPR)
    Destination Clock Delay (DCD):    0.787ns
    Source Clock Delay      (SCD):    0.685ns
    Clock Pessimism Removal (CPR):    0.079ns
  Clock Net Delay (Source):      0.685ns (routing 0.231ns, distribution 0.454ns)
  Clock Net Delay (Destination): 0.787ns (routing 0.259ns, distribution 0.528ns)

    Location             Delay type                Incr(ns)  Path(ns)    Netlist Resource(s)
  -------------------------------------------------------------------    -------------------
                         (clock u_xdma/inst/pcie4_ip_i/inst/xdma_0_pcie4_ip_gt_top_i/diablo_gt.diablo_gt_phy_wrapper/gt_wizard.gtwizard_top_i/xdma_0_pcie4_ip_gt_i/inst/gen_gtwizard_gtye4_top.xdma_0_pcie4_ip_gt_gtwizard_gtye4_inst/gen_gtwizard_gtye4.gen_cpll_cal_gtye4.gen_cpll_cal_inst[3].gen_inst_cpll_cal.gtwizard_ultrascale_v1_7_22_gtye4_cpll_cal_inst/gtwizard_ultrascale_v1_7_22_gtye4_cpll_cal_tx_i/bufg_gt_txoutclkmon_inst/O rise edge)
                                                      0.000     0.000 r  
    BUFG_GT_X0Y19        BUFG_GT                      0.000     0.000 r  u_xdma/inst/pcie4_ip_i/inst/xdma_0_pcie4_ip_gt_top_i/diablo_gt.diablo_gt_phy_wrapper/gt_wizard.gtwizard_top_i/xdma_0_pcie4_ip_gt_i/inst/gen_gtwizard_gtye4_top.xdma_0_pcie4_ip_gt_gtwizard_gtye4_inst/gen_gtwizard_gtye4.gen_cpll_cal_gtye4.gen_cpll_cal_inst[3].gen_inst_cpll_cal.gtwizard_ultrascale_v1_7_22_gtye4_cpll_cal_inst/gtwizard_ultrascale_v1_7_22_gtye4_cpll_cal_tx_i/bufg_gt_txoutclkmon_inst/O
    X3Y1 (CLOCK_ROOT)    net (fo=31, routed)          0.685     0.685    u_xdma/inst/pcie4_ip_i/inst/xdma_0_pcie4_ip_gt_top_i/diablo_gt.diablo_gt_phy_wrapper/gt_wizard.gtwizard_top_i/xdma_0_pcie4_ip_gt_i/inst/gen_gtwizard_gtye4_top.xdma_0_pcie4_ip_gt_gtwizard_gtye4_inst/gen_gtwizard_gtye4.gen_cpll_cal_gtye4.gen_cpll_cal_inst[3].gen_inst_cpll_cal.gtwizard_ultrascale_v1_7_22_gtye4_cpll_cal_inst/gtwizard_ultrascale_v1_7_22_gtye4_cpll_cal_tx_i/U_TXOUTCLK_FREQ_COUNTER/reset_synchronizer_testclk_rst_inst/txoutclkmon
    SLICE_X112Y74        FDPE                                         r  u_xdma/inst/pcie4_ip_i/inst/xdma_0_pcie4_ip_gt_top_i/diablo_gt.diablo_gt_phy_wrapper/gt_wizard.gtwizard_top_i/xdma_0_pcie4_ip_gt_i/inst/gen_gtwizard_gtye4_top.xdma_0_pcie4_ip_gt_gtwizard_gtye4_inst/gen_gtwizard_gtye4.gen_cpll_cal_gtye4.gen_cpll_cal_inst[3].gen_inst_cpll_cal.gtwizard_ultrascale_v1_7_22_gtye4_cpll_cal_inst/gtwizard_ultrascale_v1_7_22_gtye4_cpll_cal_tx_i/U_TXOUTCLK_FREQ_COUNTER/reset_synchronizer_testclk_rst_inst/rst_in_out_reg/C
  -------------------------------------------------------------------    -------------------
    SLICE_X112Y74        FDPE (Prop_AFF_SLICEM_C_Q)
                                                      0.038     0.723 f  u_xdma/inst/pcie4_ip_i/inst/xdma_0_pcie4_ip_gt_top_i/diablo_gt.diablo_gt_phy_wrapper/gt_wizard.gtwizard_top_i/xdma_0_pcie4_ip_gt_i/inst/gen_gtwizard_gtye4_top.xdma_0_pcie4_ip_gt_gtwizard_gtye4_inst/gen_gtwizard_gtye4.gen_cpll_cal_gtye4.gen_cpll_cal_inst[3].gen_inst_cpll_cal.gtwizard_ultrascale_v1_7_22_gtye4_cpll_cal_inst/gtwizard_ultrascale_v1_7_22_gtye4_cpll_cal_tx_i/U_TXOUTCLK_FREQ_COUNTER/reset_synchronizer_testclk_rst_inst/rst_in_out_reg/Q
                         net (fo=18, routed)          0.135     0.858    u_xdma/inst/pcie4_ip_i/inst/xdma_0_pcie4_ip_gt_top_i/diablo_gt.diablo_gt_phy_wrapper/gt_wizard.gtwizard_top_i/xdma_0_pcie4_ip_gt_i/inst/gen_gtwizard_gtye4_top.xdma_0_pcie4_ip_gt_gtwizard_gtye4_inst/gen_gtwizard_gtye4.gen_cpll_cal_gtye4.gen_cpll_cal_inst[3].gen_inst_cpll_cal.gtwizard_ultrascale_v1_7_22_gtye4_cpll_cal_inst/gtwizard_ultrascale_v1_7_22_gtye4_cpll_cal_tx_i/U_TXOUTCLK_FREQ_COUNTER/rst_in_out
    SLICE_X112Y75        FDCE                                         f  u_xdma/inst/pcie4_ip_i/inst/xdma_0_pcie4_ip_gt_top_i/diablo_gt.diablo_gt_phy_wrapper/gt_wizard.gtwizard_top_i/xdma_0_pcie4_ip_gt_i/inst/gen_gtwizard_gtye4_top.xdma_0_pcie4_ip_gt_gtwizard_gtye4_inst/gen_gtwizard_gtye4.gen_cpll_cal_gtye4.gen_cpll_cal_inst[3].gen_inst_cpll_cal.gtwizard_ultrascale_v1_7_22_gtye4_cpll_cal_inst/gtwizard_ultrascale_v1_7_22_gtye4_cpll_cal_tx_i/U_TXOUTCLK_FREQ_COUNTER/testclk_cnt_reg[0]/CLR
  -------------------------------------------------------------------    -------------------

                         (clock u_xdma/inst/pcie4_ip_i/inst/xdma_0_pcie4_ip_gt_top_i/diablo_gt.diablo_gt_phy_wrapper/gt_wizard.gtwizard_top_i/xdma_0_pcie4_ip_gt_i/inst/gen_gtwizard_gtye4_top.xdma_0_pcie4_ip_gt_gtwizard_gtye4_inst/gen_gtwizard_gtye4.gen_cpll_cal_gtye4.gen_cpll_cal_inst[3].gen_inst_cpll_cal.gtwizard_ultrascale_v1_7_22_gtye4_cpll_cal_inst/gtwizard_ultrascale_v1_7_22_gtye4_cpll_cal_tx_i/bufg_gt_txoutclkmon_inst/O rise edge)
                                                      0.000     0.000 r  
    BUFG_GT_X0Y19        BUFG_GT                      0.000     0.000 r  u_xdma/inst/pcie4_ip_i/inst/xdma_0_pcie4_ip_gt_top_i/diablo_gt.diablo_gt_phy_wrapper/gt_wizard.gtwizard_top_i/xdma_0_pcie4_ip_gt_i/inst/gen_gtwizard_gtye4_top.xdma_0_pcie4_ip_gt_gtwizard_gtye4_inst/gen_gtwizard_gtye4.gen_cpll_cal_gtye4.gen_cpll_cal_inst[3].gen_inst_cpll_cal.gtwizard_ultrascale_v1_7_22_gtye4_cpll_cal_inst/gtwizard_ultrascale_v1_7_22_gtye4_cpll_cal_tx_i/bufg_gt_txoutclkmon_inst/O
    X3Y1 (CLOCK_ROOT)    net (fo=31, routed)          0.787     0.787    u_xdma/inst/pcie4_ip_i/inst/xdma_0_pcie4_ip_gt_top_i/diablo_gt.diablo_gt_phy_wrapper/gt_wizard.gtwizard_top_i/xdma_0_pcie4_ip_gt_i/inst/gen_gtwizard_gtye4_top.xdma_0_pcie4_ip_gt_gtwizard_gtye4_inst/gen_gtwizard_gtye4.gen_cpll_cal_gtye4.gen_cpll_cal_inst[3].gen_inst_cpll_cal.gtwizard_ultrascale_v1_7_22_gtye4_cpll_cal_inst/gtwizard_ultrascale_v1_7_22_gtye4_cpll_cal_tx_i/U_TXOUTCLK_FREQ_COUNTER/txoutclkmon
    SLICE_X112Y75        FDCE                                         r  u_xdma/inst/pcie4_ip_i/inst/xdma_0_pcie4_ip_gt_top_i/diablo_gt.diablo_gt_phy_wrapper/gt_wizard.gtwizard_top_i/xdma_0_pcie4_ip_gt_i/inst/gen_gtwizard_gtye4_top.xdma_0_pcie4_ip_gt_gtwizard_gtye4_inst/gen_gtwizard_gtye4.gen_cpll_cal_gtye4.gen_cpll_cal_inst[3].gen_inst_cpll_cal.gtwizard_ultrascale_v1_7_22_gtye4_cpll_cal_inst/gtwizard_ultrascale_v1_7_22_gtye4_cpll_cal_tx_i/U_TXOUTCLK_FREQ_COUNTER/testclk_cnt_reg[0]/C
                         clock pessimism             -0.079     0.708    
    SLICE_X112Y75        FDCE (Remov_AFF_SLICEM_C_CLR)
                                                     -0.020     0.688    u_xdma/inst/pcie4_ip_i/inst/xdma_0_pcie4_ip_gt_top_i/diablo_gt.diablo_gt_phy_wrapper/gt_wizard.gtwizard_top_i/xdma_0_pcie4_ip_gt_i/inst/gen_gtwizard_gtye4_top.xdma_0_pcie4_ip_gt_gtwizard_gtye4_inst/gen_gtwizard_gtye4.gen_cpll_cal_gtye4.gen_cpll_cal_inst[3].gen_inst_cpll_cal.gtwizard_ultrascale_v1_7_22_gtye4_cpll_cal_inst/gtwizard_ultrascale_v1_7_22_gtye4_cpll_cal_tx_i/U_TXOUTCLK_FREQ_COUNTER/testclk_cnt_reg[0]
  -------------------------------------------------------------------
                         required time                         -0.688    
                         arrival time                           0.858    
  -------------------------------------------------------------------
                         slack                                  0.170    





