7f0b02e536a14ed61ab049b856add63ffc7d556bc86d9a9c82edc1cd6969986c
34787fd0c073e7260c564894e02f9ac4ed41a81ee038492a4efd2a10306d86a0
2e633279d2fa78fb9c9e87ffc2adb31833d935355b2dc8f4718623a771b764ce
50bb85371ff65aebe97b77c3bb76f5390653f3ded05e6f214442be06d8e66cbe
b3fe07b842b791fd4823bdee93b036dd38e73284772d83e535335575ac537be7
5f419b15c5351810ebaab376fada0fed9ba9db677896bf3b09ade8ba41673983
d991e133ca7d9ebb12f2d3b043c096d79782d437ff01e935130d2f64040996a6
1c81202a8d43dd555726a69eb7a70b7df5f18991b18a9e66e7d0fe734606c31c
dad8ce0f9e16a040097f47f80bf361b666ee0b7be5aaa9cdbc35ffd452500c1c
5c8ca3276e5ffcd8e849d2ca3ae73b93707726a99b092319e49b7779c84bd37e
00bb1362794c5774abcf137c0d522d52213ebf6638464e078c8dce75069b423d
af88adc3be9c3c3abd43a03729d1b959a9c5506a4104ee85b933bf6533957d60
54930acb609ca8980aeadfa1f2eec83665587ba8550e731be6e9bd3c57eb953d
74cbd9a8570358b90acf065b15c8dedb852764c1dc851907eaf8cad3535632a6
55cb9cda48e9d93ce3a905fe088e029bd80e0c4020ed4a03667f3f6dd3f5a335
bcdac75cb9a6dbf9ade23e138e717bb11cd7e272105ddc1273ea6906a1e7b3cc
a69b0ed4c7828e6a4826b5005d27df3ee4de98b3c035f98e1d393d5c9421e930
6a2d1ae0832f92986ba8e51ca08f1a89d8162429a8b33e810c171604ebac4d6d
5b9630d230dc7167c422e61a05eb6692c2274ebdf2bfdae85f12bfabf08b5309
191a7e42d7a8c0a80a990f47cf5972ea09d5df6727fa5db5f0f25abb3868ecd8
5cd1fd7a1cc08a6772e7d089549de1290a4287499352587acb218e46a1a266bd
02fcd7d8eb8c46db01bb856419bf0bffb110bda8fe026c3969976a86d03a622f
41f3338bd104269d6fbe147b2bc6fdabf0af7fcf81d2556ef33ffb00579e804b
a09556cd669382b5d3cce99dcf64e738c0dff331345ac1c47608ac2953fe73b4
3526962ab49777e2c1a101af699f684301884f1fb72c84a8087eb494c80aaa04
9050fd2ccb6fcb427ee42032e7dba54f2c20ae5f0fdf440c9556f632ec194f83
de1b9f6052764e916475c71b4f53f0de7967646e1a654a01b96da641c71a87a5
d901570982da48fb2fc1c1e9f825ba9f2713f33e11f0ba367f1e0ada722fe16b
7171e695995b9486bc34fa5c2586ab7dbe31a869f59fc341fa538f8e4cdadad7
3868bd045d370c5573cf470a26ef1acb8f941323341ea102ae311938be814f31
5632db60d50bcf1cb6a1de931c6d503842cd0a485eafe5fefd03a5c575065f7e
14b1bf8f349c59b49f3304cb6107d316580161d4a1651115010139d56c931c88
d768f0c0e703f0b02292bab39caba068a92c075736ba185f21d48467d97ffa39
3bf02b7efde1f7f7c7caf7154bfc07f929ddb65e318d1934f1f0cb547a69160b
119e2acb4ee57b8af84d6ad37e4240d07e6d5323ea0894a78eb6148150592875
47fd1ca279762ad518132a1445f75f580340448a8c6b74bbdd37049151a16481
6f60a90d51c08656b373e69642192fd7e1c2d3091f30415d509b3b8b86fe98ff
d4926c324bd109ca31db923651db97a1a456066e37a57e58223a0aa1a166400a
5705d724fe400fa681d2d2727593493980c03185ca8f041c5eeab343f74f0121
024bcf87eb501b7a13966c1d0fbcd291049b71ee9ae8cc2ad0557a43c4d6790d
6549a07a203d3dbf45c5c3537401f5b0dd232d7d24f627103aa52ad910c753f1
aa5bdefbb47f6184a024864e65401a7ffe4733181fde8a2b6a48498750e9a5a9
ed545572fe6ea3bea5f9355208078ee91b10a7f2bcf0d355c3ad7e504978523c
eaa30e2104b51f54ed02718bf06909a651e17004d40e2d6b2ce1e559727f8f97
47ee3492e686a434a01178a835dac2399d950bf4f6c666bf43a603e96e786e6b
8fec43c8750ddce06c5a85e0527d7f1a1d51b9200300422d9b47cac056bf249d
e8f9e34e13d77c9aea66a945bff69af5c47068204dbcf6997dc703a6022a2305
ea53745a107dcc3a2afb2862350bc3fd3efcf6a950f776072b427cea9bddf189
a207abac7e22d0a3576e7557ed10e0e0d9137e3e6d752303dd574904a35e54b9
ec25268da8e4709bbb38f8cf0e7f551fddf0a080cb15cbe6f1ab706a67c249fa
80596dfa7569f83dff11ef54f4dd41186f9e5828b3a1004ccd49fb078cd4241f
ef5a1ab55f6b0ebd008c2fcbda3d5bff6bc47b189769c9fe612c84f7d53b9e98
8dcb8b602c6b555160a6336022236347512d5dd9ff7399df28710b977e6c305a
7e69fa2a772265c1c8f69c317a2658da936bd77bbb2c161485e9e47598e82739
c7226f76c28b22f19665d8e828a0fb60af241bc4e54c7c8c1b1cecc470fd07e2
9f68cd2df7d2a49f9d59b01093a2b344c7b32c0269de40767b64a2eec1219251
60ad512263d6c0cc15557974a87a0024fb699c69b48fc20317f5e2575058768e
006f50b9dba4ee294c3639aad73fc185b1d536b70ca7008061b9edd367a91f4a
0c76719d2b8c8af83d68022f0808ace0d458049b21daaee12036e61d051189cd
1c60161788b879fc5070e6f28e3de929839eaf24019f036cf4f6099b61283fe2
0e71218bb48969a446a5c5b1d24d1845f0f69b597ea4154d8ff65a27a54171d2
8dc1812d28c5a5f4c59478f1815c341daf5aa941242d7ee8260b4445ad6b94fc
34a11e3637452bb0c18bc7ec7db4fba47c2ad79a52b5f787fc4fe2edab55c21d
227d625612ccff65f8296c5c225c3af926e4c471fb2db5b2828237a3e4a304c0
253a426b0762036cc545ba9f628ce08c2569b002e518e6d1a15fc1f278b1dd0c
7b494bf290eb38903f462b3285a3c5dde99d4f2ef3635fc75788bb93a2c58efe
0c7f693c897d88c93657f1f00b641975eba220ae8a112db9e146997dd3bf2a18
7ee8166c35136f03fab0f748c04a41d97f2a4349cf794e7428bd4c27bb0760b5
ff55c1d04542bd5de91ec183abd82fad902c96789d01dfa9f8117a9f38ab9b66
877c6c040c81777277021e76899ea103dbf92869f8c083eb483082ad03cd7191
ffa986f447550757fec1476dbc4b3da7ea4a466befe113d2a581182c082d4fa1
7c7f19b00db0c86a8fa308d64e32b655af8c24a5f548be02318f2f2a4f215bc4
88208bda5b045263890e903ac261c9bc4a6b49dea1a7d808ea8d358dbd14e71a
3db5e0e5e76e03e014aec02ac5c5d77019e42b3e008971cbcebd8c84d601fbd5
031933905a93cee357dab287515e9c6e834fed742f3b0fcdb8a7bc98bf3b8cbd
e964f64c3b801e0ce3edd0ff674adf490d3e9fbc9ee79fa786b3d188a8c0e681
de74a1d57f2f7930b7f767ddcd3c01b2b322a13580ac27a6fbf4f9fa344fee58
16075b6d669c82062cb018e54101ba0a513cd713687615de05a39fc8deb0dc91
ec59450503f5ff0d32cd4fb17066de1640fd2eeb70c56fb85999355611eb3bce
a5c2c08485fab7021eb3b1257fa48718975d8be3a8267dc874cfeddb03369f56
c20a6322b60e6664c31e17e833323679efda492e226408faa834c89631e5b530
e7a17163d00b0be448d268094cfb6f4567213dac82b924c12f49d5e699f31e7d
fb6fe0993124ab69db5395e28d2e3fc73f42d017e4e47ba1da2e8aabc854eb73
a1a4df8f210d1d6d27f338c4d102f047aa610b2c228284d8675d96304c769e2a
434c03d9345639c32d4851c82bfc888da302e590b9d9b89f6771ea18ace6f51c
a667bb160f5c04d9339e4f99a953881cf06afee3337e031f947f4e9cc141fa93
8062fa50d70a2e9e1b02012276352950438386ec82fb5d3183a338c088d4cfbf
d2246741d67c7bdcba63dd1927f1a74063c95a57ef06a6f16a3c4513ee82bd44
ba500f91194be3a58f9634f957918b99e15db40bb0df34a672799f2263f24b3a
d09c787027a75e2933596ec12f6796e97f62dc77162b739e8c17cb70e67b2f48
936ec477a74481fffeccbbe96b9f62a08d5e519da7205673dbd2d13ad0859a24
15520d0491768aaab8c5cd7f9b63c0dee5d05c2b05644587268ad6375cc3dac2
b16f6681c8b9d5a409ecd845100b9860b4edaa4b39db025854d797855a504a67
b76a4d748b92f2a3122965b998c157f88254f1aef6c867d93c05e5d212cce3fc
b1ed68fcb15e6d9584e8af88f48204e8bd78eaa70e5015ab465b29a1e3023cc4
4475e46fcac6d692a0b1c46cfb09e2a4ea355ab65b8dabffaa608736e44485e9
f0b20fe8b970eb02d8f1907995d3e007881b39df18d447906850ed37decbffb2
9597b561e76441385f8f9da21efffb865b67add33525938a7bf50c0623b53c06
83a57209cd045e840e5e49657a4ce7c15faf0c75686270668de22aabb5f62f29
e47624ff063684e787d2694e2bae6d577dc92795eab13d9433509efec200a8cc
a372779b615da3325e374ebbb3008e1ca67cd8dccad35a558d61f3af8d2981ba
1946261102908f69993d4e15f6c4cb16fa603e528113e79ed3bd6132a87ead95
336110d79d0c3655a6cbc63d596bfb834e67d6ebff81b21f336806a6050eb5d1
3f0786ca172d634b0424125028b7096650ef0f3ecb05c6fb6d6f022550ace0cd
0459af9391c1c4a65ea6e1e1a15cebf56a0833931535389e796b917143a7b09d
e480c7c60e8c4125496a4c2dd635b0492712b9f4ca1066869a439af1bf02c40a
8db98ad7853d1e058cf5b635288943aff94c24f260dced001e9b57191d801588
ca3143911feb15dc96ea22ef9e27e772b5d1e4ed41bc9b35dcb2663375414671
4d7d7f467c8cd54cd06127cff2c501f1cd48ecd44665d9c721894505d75fb2bc
ff5d70781f3fa0fc02d120f176479dacbe4bb786aff68e7c3e17c1c1f219cd6e
2c7c398ba0cccf41347e5416b773eac2b3a48aba918009fc21a6968f8ea3cb12
3e856966977ce4d8efff3a0260288ee9e02568df6d1f1e34d64dde3e9bb44b1f
96d92ed9441a92cfc3a1c30b1ab9c1a7e9f1a0f386042062a1fc76be767722c1
7a9241baba8c8cf5b26fb0e8d12b441c3f8cba5d6ea17b9ae133ac51b794cbc3
9e9b88868e9fa05886bafb4d5997289cc5a9ac0d94108c6d4e67da1b36a58716
1f1981fb6dde6437082163fe1e5747e6ef536fbfefc35d06027aed5a59647b62
e222a7eb91867fb16692da1b8fb79e94185abbf720aa4e41ec66e6fb958d2c88
d1f5c315f8352360ba68c3f2272877d34af3f99e2f6ef2b938ef17bc4a229c22
af8ae1027c5b7e64be68213f21d11dc6f0baa5932dc6f044ff4035234459edd0
599800c58c240d7eb7188f516be0ab46bf98fb272ca714e4b942fcbf293d6f51
c042199b334d38843b4997c3aea32fa19dad2a5cabc39035c6e27622b15c1312
cdf79abc2a257f7e3748d407de7a7aac35c05c6e9b62cccf0753e91603752434
b69bb234a1f1be987313ef3bc36ec3c434b4987fce2ca9813c1b2a83a8dead48
93327dc2fcb1a6fff6475afb51dad6dbd8248978b19a4c827c2916b86085add5
9ec1b31bf7c0a5f6dbc28c247ebf2135dadb8d581fccebe3d9f43ee2ed915699
4af7ae42ace9de426ef148a839061976f276ce13e7591029d189bf4ad241f6ef
2ec14c2bd0b0368970f1d9dd176706d6486857fc48046bc4b669c93de049f3ca
27285f16e23c8c141413a8049f770e4d08aaddaa44b8ab9738ab48c68ae51a42
0f92d679c391675d6d6d2c07a33edba2d9c399cd47abb1ceda01e034be9d78c3
57fa7633c97321a9f3d7d8763ae1a4a54e498a0a217ce400f16ff897080e1722
ac7dda8ad361787ebb573afc50d32a8fbeceb8b7cfa10a1128a312c1a36a9480
3a3516362cf6fe6b42a9c5e25f874b0e48eba34db6e4146bf840aad5719952c1
0ce4c922d4dd32362772d007e22b09761af25969dfaaaa76b45ddd59525c19c3
6528306705b1dc9f971b51409b1087a7df1988c0b9df3e39e4004a372321cdd3
4c5cddac53180d0f055a493421fc9ea9dee746d1298cf3c27a275858204fe102
84cdf984c9573d1096aec4756eb5d53512439eb535f925bcae640217a7e5673d
29d5ad3146e3832aff179e31243d8bdefdee89ca572e84824d31f53bcfa6c91e
fea645d235f68ea662d737f08f4ac7ff2d13013f39c064d8a640f2c5c6fa3d3f
c8837cc9802d6c779a06c5f0493bd06c6116753902b741f6bc525e80da7107a3
6c4fe807021decd1b251a6a8cc19363b1ce1cf4bf6d4cac13070e9cede874c1e
8bcbaf3ddc5c1024634edc998f57ff9142748567a3aed32fd192828b925d7011
d020d2d45f5c6a6dc5d6c340f85bc46989231677436b9d7aebbd5d7971940815
6ca5af3d45d3690c2a7e09223f480f5a806cc632e5e16347f55342ea16b130ab
091695f86de24de344594d6b855ba430d3a04089727e6d01bb3451b623f3b1b6
175a9b1891786008ee4f4ce99b42775b1e66ecf72b555bf68e9d5e1559c856bc
41a50cea8f9c9c1efba27d2f6d6865872149f389de96c99e1310dfbc79950b62
a477d8d0f18d610c934e299915cabbccda32b0a96286486afce891e7351b883d
63d22335b6e68cca4ae250e76c0bb98378ce9e4cb71663fc7a92df98c05be9c1
e1d6267b307866e4877682d3fb27a7f31e05f433b88d636e406792742c0ff715
5536d35440aa0bfee054c749c8df5b8cd47e7cf086ecf0c4c1b5678823ad2dd2
9a492103687fdac4b645086d0be3e03e987c9c8e425d69e4b29efed4ea99c93b
70ac203dd0b791e8bfe9469d1ccf1c058df0dc64040e1d65d21449f3a289a861
ae5ae7c5082065acdd950e494215d214190ca18e8bd76d98365d0c7206f020da
e4484b2d307898295bd69e6f046caed2f656057fd8866d6e7138ae81749cd74f
2ac4d2bad9733c23da8400ee9c282cbb5c4c763a2e31c36f7debc82fd05f2c6a
efb8471f44867e5d132e093347513cf2896aba8649239ab83d6887b93314e6fc
d90a935c6e22091d8c8312568cd936bd55c810067d71a7c167a017f723a40c86
8f15d460923476a0f28463c499ca25a0e6f10b2ea360521ff9006a995abea03e
a1918f6a94c0a6e441625e6e9722746610cb904222e280db171cc915bd0c04bf
6066388c7d7cb9b09a296ffad176e4d03a6940d97eef43f3b9768d7dfbc65aef
ab8fa96854778cbe9cad31cf74c929ffa212eff035cb0e216aa9890629ab8ed7
625d23cdd4c7eea54bfa2c227732ef9fea36f450306ff4ea91871f074e127cc5
868e44dba1a468579070051c643aeb4c15c6a72b38e6bcf82a84c82668572550
5bda8333e4deaf02696e851a534ae9c8f329cffe6c5304d8758466c21814f687
ee458e59f71db35fdad79316e071e6124fb102e7271b076cd53e6f9d84d9d4d9
94008307306447c8adeea575df9635c53fbd44a59bbb938daa1b492989cd1c05
0583d625604e31f744e599e6fdb5d7f2a8bb1403105eb5a7e8bcc149f3ef7903
d2925854440b242a68e643d3e290fbaa25122c1f29bf7938616377f967012c83
339f1d7ff2068b24d527b26d9aaad2a3ad91ea9c53c8e280ff19494f3367527b
9490cb883754448690dcc2856c98ca7de78e7f4bd4da12af8763e8a543df25ac
889f776f407d9437160916dda756095074b2048bec840ef844540e2c2b284992
479bd00d31f03303f67766137ff8003aa1bc95414a3c7bdaf254d4c07b76980d
be460273c11a7060f05cbccffc754ccae7de7b7d2d460c0692f2a5a915c2add6
c0b76ecbc1221b26dca75bedc8f6107607d5433b3864e16f3bfb7b993a5eae26
fa82dd5b358f12258c12355a16044476f27e79448600231ebc2e8fa0e7c3a3e5
be6fa9524fb5df2ebb119330e8f9216e13d46f4be83b56c31d4e190ce118dce1
340dc17b044971aeb1ec23f2414c71d36fd454cf0b4eb12e0eede2af4ff73f7e
ad42d5ef3709aa2a186a004598755bac9152c62aaa8a5f2d50fbcd60dfb60613
2d013369e4b3d71eca5a9d148fd51259a91fb5f92dbdec6eb1d5ad86373c2344
2f65eb4d94be9e5b70d1576324e63bec5cb13fb7d8712dfaffa4f517ac7a1150
31fa32c23b317d9bfaf428414018581a6f0bd752008f609330a7d7132995673d
92f8a970333a84dd8abe4c081b546338981304dc10f995324ca6efd17079dd3a
d306756e3a7be9b03406bfdc9e40db7b282b5fd2ef7ecd481d82fcb33a12c6c0
10246b0146f05376021ddde520e293b1f8f3db9a94b61268704146a6cf92b38f
46e2e08ad5aa1c99bed9bdd40bd5592cddc13bf4e33eee7b2fddd62f68746e86
b91e4d15cc621348f2facfd31a34bd627dd0d21d5c10efd0e22ed5e252901ffb
1b91b11cb4d1472e86755d5ae50a09be84a817d39746d729691d6fe9106070e3
9d1763aa87de508a85d8eaec34d64c4d0bf309806f1dccada6b55ae7b3c4962a
9d84dea3e7e113ab3bfb8996d5c4272a34a32e31c6ef50fc4596be2b829f57b9
7ebc73e99b474f1c6624f2de85d4c9dcb65845793c7bfc98e67e6f9a1b7a1991
b93c2ee551cc0242f6b98290cd745c51b9e7bfb05115f6164448d989f4f7003e
207997e8b4f9a9f4fc87b17c3f1d2eb4fb2ce64e9979535b12fd0755143202fc
0c6e0e252f93fb070e462d1e8384adbb10154b7dab9fe1221d92ff2e257063a7
bbb33196c7b78a81c26c2c1b89a991d53485ce657af4cde42b8bbf0ec86c2e73
e8f508d0a75b4b9652aeccd8e88f6aed215f787c65259c6da3fe2f3c0b03a6c1
7e73b2ea5408a6b58c8ea5a370c65bad16ba8392f9db98f3b23d6086e338d346
316fc966509a0fbc75ea678b62935da32d63fb98288d75752fc413069b09d910
e538bdda0846a6dbe0d81a3f6ece68829f8ce1da15718d9b9ec8049d49d1cc34
8db01efdd94a238fb1b20bee304b39d34976d7f591160225aa3a64a162dc18f8
c4d585a83aef4887935e4f99c7a98e5ba7d09b01f558d5f60c9a416b574b1426
ad7af1c895ca3230d9c21be194b75ae45ce569f490714c435efc4c190557d5ce
a34105843204a9991a8fb34620b64f31334c539467fb2fb54bbd65dceab52b78
c41626531dfe873f743b4f0aef16bc36ca5719059b75ac2a0bf1b576be4a4bb9
d15cc1a99edc4c3da66bb08d30e38bb88554b36a4dbd871606c01f3575490e98
5add72bb35c8d0edcf396810a69d2fa42bab76cf5a3abc0aa75694ec8ef13c41
cb4e0fdcf8ea54bc7859d107584185e442d4371115eac7eb4816e6538413dc4d
038a2af30d055563a16824d90179bfffc95d80dd7fffb90fc9d5c7c63e306f2a
ff84973cbca62bf15a14322045e6d6357e548e6d9362b03fa2bbf2eb355af6bd
61d1e9c6766fc2f8a912dbd7c0bebf82a668cf52001ed1e7ae0ec0c1bd0224a6
f682d216f26aed729fe4b82d1a9bd26e64ff8049c93825a42db8b262e5de5ef1
8cf149210cf4ef7ffa54032c9971e1d9e08b23167e07d4b1e630ae9c2dc57ee5
3632a6b56d9deb0d8892c4dd3b4c1b56d0894be87eb1be1ed5608a8d1a4fe285
c657ef5a0e0628cc74728f386af2dd800c57f14b77ee1ecdc2b0887fd8425c98
43b3a6c84c0f8daf47ff15781bde3def5b50384536bb05a25ab4f110c7d8b35f
1702052afae3eb814ceb5c4eed9af582689129915b0c5550ed25938eae9576f3
f0b50dce5e06954e587509f5fcd43e4ea1f1d29f751ba105db52ff6d49f92eb1
3fe2b64bdabab3adc49ab9e469af074b7d9ba8b86b1a0bdb6ef3118f3bd1b4ce
b4a10bbe39da22c75c6ba8511aeaf61b5da5d8c29f353dfd0d48b9adb76c6c88
e1d48388070e01fa3789c05fe5c13c12a84ca5a062047f095577b4f05d2eea8b
d6f5baa3bd5e10cda58035f4ce37ebfd9fed886a1a20d02fd71f75731a61425f
7740941e0e83917507fa04ba8ce0f205940293ec96c4c7f7412c17258ac61159
fe6d3f033db74358e00d597035d5951978bdf82201d7e6917e8b48dc0491d8df
f9904f27835652df644639c3bc1b99cb3e1e84897af4eea870f2ab17e5f0992b
2171f827c8498d4be8111d7887145a156259c2205102b5881f5c0a677a1e6b4c
ef2029b163c8f40ac4f21aec2f79dd5aef547f436cf26a71263e1e3e17fc60db
01a18feb191bfdcb045ebefae52ef5a88bbc235f0868c49fa57ac3f31ec4ed79
83ac8521d6d39a82542704c099c2c362d324fbddd58ab6131dd826d582f69e40
8a55b2fc9d59c35cfa4dcc32ac07f0c357ddeb683ee4d0c1915d769b9b209992
bf85cf0ebb057745516cd7c3507486aeb8711e40777e367d4323dbc739f1deb3
ed60fdd5db95011778448997dbaf352cde188bdc97fc6cc6e69739e113879668
e37e9a8a430c3414dedee4dfec8be471dc11579cfe07bf4ffcec0965ccb4c561
f11b7280a533ff09c117097598cbf8fee44235450821982e71354977cb791864
7601ed98008dbc471aab126a76baf761b440e8865fd0b9b4e7348a0974c1047a
dac6ecd222b42d345860c3d5c1b1324e9f2a21a04d7f27abb663f1ab9ddf8c35
fafba80707e910734704256af79dd323966fd492c09c0c62ee31905318b08a9f
2b73bc92a7aec16ab8b69550f613d8a408ca2dba94330448b0dfd14a14ab8657
a808541abaeb6180f6a14361887fccccdb73412d61c8b0f9676d36467b1023a0
a5569b67a90406d8b9413306fee32e9b36b83e57c055a494ae35882ab639eeea
1eb87e29603ed6b9101ce94c0069a6a80bb3641b7773d744914b70d17fcfbb3b
76ef5eb29375e27c98db09ea9214d807dc418e132162a87254b47d703274f82e
5968ad1bb1685dae32eecb3ef85aa689e8a818d2ba1cc3500b7e82496f66d5c9
3a4ba11edde157c99dd30fb43a417690a00abe806a5ea73c86829eebd78f3b04
e8ea6223a4613975926cbbf13230486c0b898061f9e14bef2cb0a17ae14ce876
847ae8f27d703d4075f2b1db2709c92c82255498ce1a3776cc7a59f4f0b45b0c
a445590f1d02665d44b4e77d86c203c0e70847cbde30ca73b8d340f44e704270
f36d8d39c68c225db88157cc7593414e1b73bff2acdd08fbf3762da31013d83c
389f11da07e32bf03e2f3efaaefba2d58323129360e981dc102f9fc599941161
dbe01c8557f3f43720828271898019e6495796e5b48450c6cc022020951bea33
e329bfff721e616b45d019a3774277f18bce9fab5d355408ef5b1ed6ddd7ec50
1e237b6e29f4e1a6fe7c0bc7212550a88ec04b1e06d2485ff4967a91b17a52b9
379778c2dfe27829f3ec95486bcb2888fd2f0cae010a1e410d60fb8cbb4cf979
7d8c21e0ba51ee20e0d3066f581d9cf006df30bb976b81bb0be5f13c007b1979
1973898b9a951b0fa59da580613a2d1765200874b055f6e1e2a2e6f890d09e51
b1f7f4508395f98d4ceba01f9fcea3fd9917f493aecdbc84c811065d657c88a6
f9ed2ef2adfe1551352ab37e75e455eec6537086343e9204d835fc3668f66e39
b99d15fbc6d9e41166316783b51d666dacb1728f864db27a2d02383b82dc4d29
1b2ea981210dbeac63b57c0d3a7dd27aee56ba670930f6a772b185d426d72397
3e3a3e923c729d6e9837656784995ee3fbef4e0f491c680235319c109d29b091
f225ac76c99d529ebfcfa39cea1fe02241bcb74668b32c3c86d1be035dd352c1
d628d740ec80440e40e602dc4ddcba31dc057985b22dcff270b12546994d9cf8
73b4bc6b82eb6f93e266a92028f4e88a373fc2464ab7c88cb44181d11392dc33
d024b19f3bf171c33bf89453c398b8dc8e56c4860b71b6d7af7561128e2e4db0
1232610552546ef5fca86d691ad8607637289cca4eeddc69f0ae06ef6d8453a0
3dbe7624a38ab8a2b180be2727ea5c7d8a57863247e0a928b8878b5a44304aa3
565d53bcd9f88b06e7818ca213ac2ece575770468462fbc7bcd8ea234da96065
7068d7dfad3ffca3b987bc1902cda507238b0b8850d9f3798460be326ddad156
efc8edb87fe233e7dd6bef3e63f4f8062a64ae1644fe4e62f80f47e25e066491
72e5dbb8a3a6c18bf2d1cfe8e12d3c5169556d67bfd28118748a5d4b690ba513
781cc47d1cf4ace97cdf3e1290e828e157a9d49d7350dbeba49049e656da7d39
5fdce0ef8c4d9be7d889c72607079d29722fbf30df88e7d4658bd4584efca6a2
12bb5e67a8512b394e38f4c80206e3b569f28571820a4b8e7a5adae9146bdd0b
8aac4d5356af47605608a69491372490fb59c60ec88f01a27d0ae45c173bdcee
aae007eed62f68c47359559fd538fb8a1c1c5f48040c907402f0f82b04cc2edc
73c2eb19b81dcb1123c827ea17e640ed144c08760d700d061f18610935beb3ef
035202d36328ad9dc1c7af0a31b1e0196c1b6c99dbebd503433c70d1d84581a6
c4da9d9d96015eaac17fbe91a9642d3b3da3c54a29d2b6debb248f354019ed4f
a0e9edd090e164a980dec11c00c38b4cfa1d6e3a6df2613ccb8b36a484c05a48
3e59f13234ccf326e51fd1f861cf1ea940c3233d38de59c0d9b6e1cb2d03ac74
043fb3c46b45391058758ad459ffaea5290bcf3475d2da9456982b451fc6473a
ca93e8582fa528fbb00bbb2149bbbafcb08efb4d670ba260023d685f5c995211
e7f8acc97e50506c529155992515338a6746f94eb7065b09913f5ee8bf53cf81
ee2f9ba94a625a6231a237c2b676583db72e755b4a9d26fc3e51f86631420fb5
cb5848d9e0865e8af939fc7ba9446649838c1c29edc3524d2f15a38575fc5c62
8863e112e62072c504602c6434d75fdbbb41c75d7128e6c4eb784e60ab80e251
6b77c08669a9f1b50fb4eea6c8566d000562f84acb6b3f8963c4971a79ebf5e4
746a1ff8c0687a2fd4f62016dedae1e4d746e72e0904b72f140231fe9cceb1ac
a4eb7848c476562e20f2298672893e11a2c1a18892cbbf5b6bad216d61f7745e
1de25215e3f0c033962eeadb70e281b3ba88e7ff840636dbb18e3fea11570766
8928ca33ab9577ed2990d49fd21e01bf185c3ae82f4db6dd78678cc1ca44dfdc
4d8f432cc06977b43ab402814cc7265413b9bd5fa3128b3efaaa7e48697594cd
d82a5c8660533eae0cbce8bc33a9e285247e3e47add487351968dd6a78d70f53
9df3079d16804dc4e4c323210a89a7708763817e3ce84bfa9cb9c9d6c7c18eef
5f1d156c94ef100bd21bf252cdb7d482748461ee52cc56f1cf30ae64d515a3c5
96ae6bcbf4e40f20cbe46f85e4909525b638a4f763037451deb8d93b60d70264
e976c63c33a05e135b91927b1c75071075bd670a3b847e4e922714276dfecb54
93a730902d166d91cfde1aaf97267c0707c02c2011428a3300eb301c996679b4
4a780b7e43138d34e4d043422a2f6cb1c1ced3efc611998937004504739ca6d9
965b497c22a5c27456b4039ac7aae6544b74caace3de48b043f6e74940390fe5
c6ea17a721eeee94d6db5ffd7a7b14b10a8c9e4ab40bfa647e1e6fcc4256dad2
1e16f61bfe3f109055001484d889364b873b5e91af1a3fa45508589fc771b021
90cc6fdec0ee3918ea61a839ad69b4beaf9eb5010dd990227615870df659b3ef
068a378257ca26302fe681dba5ad7c583b88d7944960e449fe376decf5177b27
97d0f457659e489cf0d12eda1da4baeb50035bde04dfeb0efa390f6aaea09954
31dcc22d9e05a94b6fab03eb751f133ed4f57b5e2f74cdb396137e4fcfb2a18d
1dfab3b3d8a3a6a7bfb175fb9e170c2d4b0354794b85395a080e3b675d1d8a40
583a8cf993d5941bda88099b3041175c59f11920ec7edf96e9d3c982b6da6bca
a29a9e5faecc97523c779867197f9532f21a9f696a4ae81b126fba5282acebc7
8383da86ae3f621f60a79dfce034fed6d07a403fe8d7c971309d13941600a72a
74c279cfc2a0bc4e56cdda155d16d183a795f54f754ee26e680f054b1a67a8b0
6d6fbf9292e01f2dcbae9e074fcfff4cd4c7163761ec1e3f0cab2f0058028396
7dec3d423182c6813627571313b6d64204d0523ca028531d4fa23e8a39977f34
29ff58fc7c06a65f3ed2455114d50fdc8ce2c051a75202b4e3bb85aa623e65dc
e2c013664623a90314a18e9c410115bc5aad7529091477502491497bcb8ab3db
a401341b02c1a63be8abb2378159e00f58d3314ab7eec48d193d06fee141187b
68c4219853414048f8e5e6f74c6c7322babf441bd69e01c6b363f65bf36115fa
f7de59ac5ebe6ccdc73066f36e3beb9bc5c433813ba216874d20396a7c7fb9ef
3a601e7dcdc7742faffeb97860a15489c8dbfff007b0b2de5017e45c0fc54e5a
c18f79e838becb75c9511079b4c5d5e0a132af6774c04fc9eb1aefb109c0ae58
b8a756d43af1df0a08cd150dd09d0b4ded2e998b504780863de73f6aabcf8b5c
9a73e1df3991eca1525278ce3f5bc893daac2f8cfbcf8a96cf8c557842c701f5
7829802a13cfbb4cad8a42897503849d6ba1da6ecc7ef658ac3679a11826b2cb
d741bf198316a840364d42b1715b31f63cf33e416480b5eb2038abc46b322ac1
0c3c3d0e0e9d141223e2f44bf6a363bab6c4bce42d0e862939482f92dfee9af2
64c50de5df24ba1ff92b97edca6aca3e71825d53c64b6d3c355d98842f3d2746
d9c8f509172d4a8c9607af8fc9d080224c33272d5e1081f7b7d5ee7d2cf57acb
5c9a000d077ca87f51ec8a1c846fc370ec478f37f267e6e8b956764b310e5e13
a2a0d0de102a535a3e7dcc46ca035fd0bb07a5b6e446ff346e44296de7aeab7a
aa30947614379f857c11718ab51d2511e2a31bddc59a02586ead074656911930
d039d0c3e017b0ff8bf7e2235ff855f33aa9d5bdcf8c84bf09c8d79cc30f3265
f47e567204f1ea32f640bdc59c470c66d455f24a1f1e37a267771ac893b4db7c
2e0e86290e369d3c114aaf44557a5f90321e678940aac714a1da7ca8e763dacb
227e393df6086ac57d988a105649eb8637837c2765c039ce1298b6b86633430e
f7397fa4ebe79b193934a4ba8b2dcb6b2097e88b203502b3fa11f7f648b412f3
0001c7b26f5525a32b36d4e0d548a6d80f05dfc6dd0183bc4595ddad86bbd0a2
774859285db295db1d77fda1b0a6ab25c75fe7182da294d806ba95fd2c1ffbef
82c79cbb40735c0e7fe337d1432c2e870f699388d5bcd2d66c8bc684c696694f
9cb93b9be6300a1cdf057135fc9b3f3004f1c69db1fceea8114b17ca4856ad17
542a43e8f1ef93517186e546214f77cceee6577cfd00fadd1c2b46607bbe724b
5fde0ff8e5aa6788c9df1dd2bc770b9acb9626d3a9d89b7215b92623f488b447
8fae8cd132f1fb46ee2b2d09fbd9306a5f93d344b4f347c19100c5fceb77ef57
f09a8cb002040d6452df148f5aa9615aad27efbc115b1e64fc623f96ce9bcce0
e9ada6e86d943fc9254c3af1ad84a1c1b64162111de04ebb2c9af23841763bfb
9d3ace9b37818e580baead26710376d02711caa74da251cec74e568e1a691041
8ecd42ab13c0fa04283718c7a02c861d507e1cf132be736f8b9a2fb478c8dfd2
51d7f0ca58fa2e84d798194f2a19fd355fc182eae95d6462579f342dab364579
6293aed6e8e882c63030148c87d2ffa2b60054be268a6fe69fc04d9ebe4ecd88
25298983041c332dd6c9c3068992d02c640be1f9be12991b5f416dcd3da01f69
f7324046476c1b7a761eceeea96218d0fcedbd2b1b0982e1bb12833c8475eda8
77b11924e5eac26754ba45ff5393938f415f98f1fc57e1f8574595bcbbb2bf25
fa7a4c2c7896a31f0d912372895fe31429aae976f86f46fa53ebe1aa2a689111
55aa8a65f599f2635392ce02fcacf1c6afd7c911d55e92a9150e8f2ef9edf186
16a9642d96cc02fd1b94a3a7b9b6f4ae630b38d16b0bb14b2b2c7b1361c59f61
052bd593bbc5295f07a70652b7817ae1fa3680b77fa941206523ffc0654d3dbc
0f3d23807d27623c3fb61d3633e2369f3095480392e2c3646d2c77f3db041906
c454abddf431559dfe9bfca6bed5fc0505e9afdfb5fc28e5b8185a1067c91de2
70191dd6d8ca47f8f86bcebecde51d188562c6fac9385191bc100f628ce23b32
4591646be4f17a45ddd09aba064a78f81f720945e7b064fc9ce675dffd8fc0de
b249cbf7254fac8ed9ca2cdd9f0e587daa324d9353f3b5203ad500da910cbd3e
e526a9ef89fce985a5805ba8af73a33a61dcf0c5832bae13aece004422f3b393
fed568ab0c9cba3c56b484f116a7f7d0f8b10e29f16bf316db1cb345f076663d
74cbb0646fdef76e44f7cc1577b0bfab666adef6500b315715019f4d5ee527b7
9b58e6c0f175064824a8d603568bdf071537d10579688c5604b3e93f7b4a0cbd
418c4c715ef35854d94cbfb80e42da558e87ee53ea32776f9beb2e6f3e707273
b19491007e17063e7c079b16ef03c5a2e5868b21415869074e121b977f2bbd70
0d5d16b8bfa1d2b6912e94f9f3dc30ef0fbd48dc6c14c46cf7dc836d697952b6
f544438b718d26d6a01fab455c0b97a3893a5a3e7d615298fd0271ac1f7da46b
c3105e86b0408ec3245786d1f661ade8e8cf85d1c5cb1dde34ba5d896b5c10d4
027553d299924b85951b7f45fb2d27f57923ce0694845d18a2d11a85112add8a
6dc176756b07b92c3fd4290f4e67a66ae9d77c412564f2a977133afecca69944
83f3500a9e667ef9e2578a5d5454610f354e72335aa37fe4f81724673cf31fd3
0f1f5b220586da9f7580fada092b60ec64f9b9ab453dd8f7e1865eda77267673
1fe3aa073ee5aa1512b0c46135030bef3721cebb0f7e7fa7cfbd7b6c970e1fa2
5324eca10b8a7bf4b5fd25e13b9784751bbcf39d137bf3f3e28120ff5e30c9a0
5ceee8f6b05806904fcc3de0207990758ed8f1eb4470c81117c32b35b506c1af
f2f151e329c06bd642fc3ff4dc3a84caf7e41721d809e5cb07086d66113d14fe
efe9424968e99c286003c827f84f9f3e1b25672a7d35f2e655861c7052fbd804
4c23c44526c1888d31a9dc1bf07cf40b37283ec28940e25f72675bbf594ee5d9
beacebed164fd2eb2a5b8c4c413111f62b88fa47ed94cb5c745289258eb01664
2fe1eb88efaef5dcd2633a74ad00533c1730eb5e4d4b3a69333f6e22d030613b
46f6ca5cfbf0618c7ac7c09f49dbfd3f212d0cc9597fc0554ec856b6030f1e17
468d406806be50ff013e84fec513a78db4678db902b41adcc3a8a2675ba45d04
526ff70e816e2b4b3d016337b24e859b999904a2df4139277e3251d9a484cb3d
ad90f7db15ebdedef3d017ab5aedaad3afacef3fbb39af417060f29f5e8e7ffe
ca9143d819464f587de0596a8cb13c16c8b978aaab4617164ab6b162bc78bde4
57702b262cc0d0299dada619c9942ed5378799b3d85c0458a9bc5772e15d3f3e
dbbfaac35df32b45738042506d1c233c1e7dad70e335f1182a6b22d9ae86c88a
022ebd9ce97f44d593003b2650be23ca60ef8ea7b265f20ae39bc6c3c89a4d30
86e3d86df0fceff08eef83909457f22571d1978ed614cbc1d76417a9a2b128b2
063ef981c2b4dae855ba01ec7ccc0ba3e611f6602c0fa61e1808db8c4e9521bb
e240b2c15028e2f54738871a7fca78ba545b7828bf6d3b17701e7a24049b9a5c
d750a96fa795215215adacda95781753137aac70286709bdff713cd698f5c3c0
023484dd04e3b75158045e1b14a0e63c69823c541a19f2b9d1198e570431753b
b0ed504f70e30ce301db0829a68d22cb5e5cbe522260197962befb3c17597bfa
d4e04cb2321593f687af57fb93a99a6a039087125fa3cd8cf435a13446d77496
fbb24c34fb6fed083b9455bbde211ac79092044e1e43ea9a9ceb7e82bed40041
f6b75fc53794759545a214e654dd7c0b41a3993076e3e279b85fb6b21a758ed7
e892e2aac6817d9a89284910778b081f121e8d742a1bbada2f830480dfcd8c24
04a151ba3d3cec6af47f6fa328043d0fab8550d9eea51290f3549c26f1a0a86c
3f2b5dad0671913725d4a3490da7e6225d322adca99e12e9260c3d62e1344644
10955b342b9ee622f40b6bcd4f0de90d7fffa92cefa36b5ebcf0346549f5e185
eaee8736df98879921b440f49c63143eab76cfd13dff23c836b4dd28954826ea
3545529edd92c42e218b7ce55c3fd0486a96266a41ec112207db0532e1570329
6070b200fa3bc0e7e81364df85a785d37a32761defb8145f0e461b20d21fef2f
7f61e383613a7cf77d9e67010a5ebb45247d62dc8d4d58d4175e11b8b56a56ec
d295f0cbbfb7bb9381c2737f8d24b9f951185e65387e9d3591b2ef58893c9b3e
ba09e5e490a27eaf1be2aea416c98926f0a691b507236926fd12802db379302a
5d4e785f5b55e66314b78ac5c344cb1ce1e1b4743e4dffb7de321a4711320ec7
cfb9be56b913ab9ba5ec81c7ccfc1a14e6f78075275c4f6991069779201630bd
08da07294bf165503c3d9923d5f110306053a46ad1ee51a92b10b7ee6e9eec5e
44d93f47701529ad92c3f6400c2f70026a5592419e2b5b0bce7d900da59a5b5d
3580b62cfafbadbc9fdd32e14852b9478daff83b5b3d0fe03f83b18dff84b92d
ebf6667db80a0d020b44b27b0e667c283af5b06562c77c47ab2f6e842c73f9c9
dc187e6089f7d64fdde10f05d0e4e1c9b5b3ca4f1f714f96171563719a1d505a
4d10e0bb4c22c15dfa2ea1fec4ade7a8a95e8482d0e9b7c9d2e2beeea20d45ef
35e9446416a8204f3281f2dd24556860822d0cdba72160a6a84aab5d6c0989ae
8270c0dbd2e7041ce0d86d94d66357726fa92d37860716445bc0044db4e3769c
00bacdf773d3fb37f054aa4aac7f0f43fb78e68d9dbe30fc046dc1edfa1bbd06
edf3c54d76705af2a612756692e8f1fecf4056d1cdd92d87a5676c0635f654ab
b5e9bcee9aa5a9ecda34e1e4c64423d0323ec480470eeaa4772915a9b2cc63fb
e261563acb652421aa1e0895311b13a039a9d9e524894f87f31c0085e69ad6e3
2cc180897f5d0f32b5568fd51ddd1451c8cecb57e51dd80e5ddd02b255886e64
5b268380a220cd8add824b432d5d84a9d616b68caaa5f7dfa58c1362f2d71ebf
0a2ab97a6ff3389a4df6e8ece2077084934bb9b3dbd08971c065a7dac01ea154
b9cfe1317c07f141dcd36247d48eafbcad2277472d1fae861a659c8079ce11e0
347685c491f2b174505544155b0c762f961c066fe8888a264194d0d274d9407f
08595609b4e07e86fc5a2624b3b894af874fb690f6191f349b671af45bfda52c
0cc762fbc713f68f5ca562ede9d7766a6dfe463ea43352e75d34058660fb6b77
9aaf759c6fdaf498df90ac5084c3391a62ce4addb78875da4502bf0c30b5cd10
6bbdbb7e8d49f681e3119bd5da8a9222b10c6740fc85c93a0475d3bc88fcca48
0a5291c2b5b4e4f3186fb247baae4e2bdc117a1bd63ac689f62ae47670e557ec
bbcf935e2e6f471c46c5e3e78f149ea51bb9494c962f27aaa73db41db747ed21
5112479728bd2cfbedaba1b5d7db72fb4e07c8ff3196be30502caa7d7751145e
b80bf7fb10ac590b9010e89089d0d3771700b9e13e410fd97156c716da66d416
20c809927de971d6eb7c78005cb4b18e5172bdd2cf23996b602ff9a2289d9e52
447f7bb260f5960e64a44a7522ca6368aaa86e2fb920ca9b4ae42b7e4655075b
cc1e9686dfe61451a1b0c291700ba6d2cb910c84aee1c79e077aaa89a636e8de
4dd29e69ba172315f85fe0503a3f61113776b71e96ec9465d965bf20654300df
70b4dced3aa6069005892fdbbeee119c19aef8e5f8ad1e1bd3f719e4a25f0e7c
4dac57642d0b7abd0746993ce271dfc0ac695d70d1b81733b3d1e2a74baa43c2
b61068e47d904cc25baf0500044e5b1f837ee498e93e549e385131f8ad007fe4
25c9470b96dffcd89af6c2fa550b42a7c62c4f49291afaf405ea1613bb713058
086c6a38e6ad136367453d600ae198eb2aa48c4c88394254a916c55800f364da
9cf40860fe74d4ab705e6cf5bc79a142679b2c1e664681a458d7c5883a988ecd
398008bfbd1c3e48305bab2bccefbee4ea78d821d3fb584bab617181412a3a4e
4c0e64662e66ae78961b294f518b7fe833260acfe71ac6296daddc5d68ec6561
09699f8697b4bf796ff1891457888ef031fffd985e75ccd12db077b0df13cacd
b12e029da6f4e886d5e6597340619657c311c3cc9d610a8a4281f996b0b0dca7
a9afaefc633872c6cbe02dcf33370dc81f0122beddeff9d97cb202d15f9174e9
a867c7385899628f8c6e9a6951a7585d8281aaad0c6061fc31544f90b794332a
600c8770888da6a0dbfcdf7678f20abf27a2334d9318c89fb0102e460239d066
e21c10b7adda1b13af2bbe14fe8d787742f48a9f9a3addeec84dec952ebb97bb
584deb87cbb365f283aa65e8a880306094754329832675d88ca05783338466bb
5fb95efb39e155f1b7ee84007b31d9185eeb91055ecdb9d5c7ddfaf22a014730
205ad57128735ec3cde19b9501035b01d4dae91c04dd246fa94c11b38dba6400
e4344177b8029fe2a0585ba11f3af37df0a8f63f61fe92189bcbe9b257538453
b9535a86649200d935710710d488f1e5c7dc0cb270ccd6b66304c324c97dc933
aa6a48593fa2a7eb22d7ba5f2a30655c5b82f8b068f1ea8c4fb9b2446921d110
8d94d83b7abb6ae2e8e8c8eece7d8999f9808246562911669ba172eb2f652e47
d2d71350c83a0851c3ea3b7e979696ddb1ededcc997ef347212d5a9f77576288
7604edbf0f8cdbd8684628b12e9de67c39e37b215e10c4b0f622c71ed8302dd5
673754cfafa35fbf9630521e6e8464d9cf63b6df7c33d5ae54c07b0c1e85e094
637a030d3a4fe3350486e14893dbdccfb53c26bc3fe48f80225af86ffe625259
0f6db9f672a8b70d6ec66cb3e2c82b0a89c36ecb6eae8c308703f092df042af6
2dbcd4c6146c1f1614ded51111f8422c9c3f705d8714b8edea879a95c583030c
799ee2cd29540fe30581a1f8bfe92bccffbe88ae7d1422d4bce22fa740fceb81
5b839b0b2a82e0135f9b443c6a58d1a7e21acc265fbf2c2adc2d351bc6fad023
295b57cffe9c5a27d6db47e4b82199c45efbd06c7a75ad6513eb18cf4f4a24de
58024cc0631eeb4c1cbf050a5c34436c317a08e8cc907d17f92d0c2510b33b8d
cfd4b77e72fadd23d520cfc08ca13876f41796965e8076a33e0948afc9d16b7d
53643e8af6518f3215f87872859b2fd160a36b44674ace3356a8377183a2fc65
66b28d1b685aed2d9ad36b75d401075fb1102f4b0c6df65ee4dbd3429351d191
3aa9cc594f0d170b9bdd0d1fd3ed16b61bbabdde5571cf53fc696472c2431672
69423de451e02232f2801930c91a6fa295203108c759194d82524d507e11b29f
83c5a3079f8e36b715e65bd839c9bfffb518b490645dcf4d839bc559cbaec89b
6272aad75992ac071660c01e5fe5d09c6f0b6aee00e247c2a0b852ff7d7d049c
c823f5359a3d0c4ff8a09a3a52a96841a9f0a5f8cfd883d9c19f36b0953711a2
905d13f2cea04b73b6e1a6b6b8eb822ee6fb6cb3ac4738341197325123ceb454
6a2cdbaf99a473b2b39f4fafe067e9bc7c6c219e713575dceec7cce1855bab7a
49f0254526ff73caf63a014c079dfc65a51c0f262d586ed08fdf461364e00895
b05272088b3b0b178cf0ca804819f909ed437f14a8f559d3f0e15847d71656d4
f71e0f74e2889d329051d223add6e9e9f93557b0595c6fbaf6071afdfdf2a245
4c5898f565337289ec5aa6e36c258b6a282150912f2dfdfbe8cc08cbb7daeafc
ea0ec2a50eca00d704e970668e5e82408af2f29bdb81bd71edbe743d5d5bdac9
dc2f7526f8a8486cfc98df51dd2a2075b2b9afcafcdd66d12ee08c205a027941
fa634b6fd310b0ac72f1a718a478d3eac99f38e0239ed4d4c4ba0e645a1ea22d
0e0bd2b1897419abcd5ed852bcc5168a7f4eb2da804317a6d332d0a6129a1336
6122fbcf7e231f1c30b3887bc23a83b0abfa4db0199947815ca67798f96146d6
095069e538cef7495ab6ba0ed0cba93adbdf5f1d0b1207aa60a9fcd6a288b85b
fd276aded4dd15a4a3751dcdec88da8aa28d2e0e3298056a2d1403b68b2d120a
3a597c102a80430b8014af309673aa4a7c1569e163fe4bd5a0752ec487839e33
a844270b74116c655b5700ed6e272c4c177eb4f1f51378109047a7cf8590da5e
070aa317031083bb7c357aeafb5cc02206180664bced02a101acd9994e6e862d
3ba03ceeaf759536c61696d1eb00eb072b074db0399556a0b90b7845bfe9ea11
792b9c25017538d9cf1f8a2089c519d8f55d20e49587fc9bb445f71ac68de234
67564a4b06d4b8fdfd8991a48f047f984c6a23d4c2a6ad72cf7f139c7b9a190d
38003395c71f02e7cc5799962df6bd230f9a31d2cd74ab0bdbab87e15a9f29dc
96b81ceb052a3155967b2c5039d4c1ecf8ac1b5cc15773ec3d20898279bb90a7
c6ef83ead32a2fced26317f4cfa1399f8ad330b60eda809d35c552e5d127c18e
b9e4821fa420a540c849c12ab5b6147324be5f9163d997268ebd5cf848a4e291
4dba92094ac8eafed0de923620114b8f1e4e775a03016c60a1b49667c3e00e7c
b740f3b11a60c79e0b6fcdbb89e4c778b490aa388494303e052dad082e4d9212
90b0c4fe25fbd2f44d619da1349d6e5bdb9728b41072490772a38cd02e488f5c
a79da293e16722f71969af20fcbc27b43b0db1babeb81f886a7a345420122899
e50cafe4d8765369c5035afcbc0cd020db8d50eb1c0cfb4a3bd2d61fce7a8d95
22619d8c437e692b346059ac3e703b32dec625a23aaceec6027eacf6111b2be6
2a01f8e4ea5b181fbb54797cf41d507d4b3453e0737de50b4e86b79dbbb12fe3
ea24aca2009e20c78a2348b0e3d9b6f75a555b17af3446b39c6670e6ee853fbc
ceca54c6f5b549f8c698ec7f746562b044260fd0965303fd197006a34559f477
a4bf3915fa24a3187158e9a17a62fc6ccd9499e93f53d528ab094b39bf51fb3d
7dd00c26e1e9451ed6829cc68895c30d7dadef6358c97dc6dc979143dcb41d9a
afec6fb0bb4d040c602fb0e950ce6dd395a9277ddf999997a2b2165185b99811
c8e1d972a9d92714da1b45bb93a1410a867a66351a8afecab472a3a9e5fb6ee2
fb5c6578bc861bfbfad17afa3cd85665f0b463f1df80220d02ce9f754b5a6ccc
41b2aac8824414062decbc7122361cdb40e4b70212188b4768dbd55f3d2a5230
6551573447581543aca23d168559441f5552bc24db8de517d6b860f46a4501bd
1abe421e6e0b053a04e2562f098dbd62923ac8158103faa502bc8497b2c06f60
6f5c71dd0f2fe27f71b641f7d31f12e581abf8dae408837abc295a3edafad1f9
5fa7e75c4f449c05b6ddccf37839db8524c5795b67ba39efa4881cc0618299e5
f2993a19c4455cd37c3c48d2273702713ffd0748442da525ed9da40cbe645bc5
80624595c7c466d9a522b2de195849a0070bfe25bbe1378bdb73f962dc23a6d2
85c65652d736636f5e5e46cdc476da6c2253610cb5d9834ba89ae0feb6f3a793
189dda89e29fef1e18e65cc3540f87b94fbf7cb19033b75dc674a33c6b86e250
7fffca3f3f0568635f73953962d9fa3d82ecc98bb3dd6afc57257995306fd0c8
d3809a18d1c97f11f04a15f7af016a22a00dd1cd54aabead072d84a1e1000020
9e28cbec795e1515bc2941f6dfb1709aa259614dd5d2447f7f6da9c2e19972a5
aaa86e23e6d416e4a0e264cfd40fe71a796bec82059acd3692bc38a6b877d0a1
f7d26a2c2277991955a168f9a5b725bc387247ac0a15e888eb9cc225c66a60a6
6517b407c9d7ac74281badca1833800d380a841e2e94131b6690559156dfb984
d8e6d984bdd053997b0915a87d13eec5acf7dae31a4ffd17893ad6f233a243c6
0092c5c9063cb1774773b15c1e842e1966e488b210056db59ae9a65d7e73e99e
8cc5c567200d460ca17c2daa57e739b16cb8f3d56bcb320fb8182a8367191b67
dcbabecbb9ea2f43f07ff3d239bc668bab26c3e3967ce06f7cbc729e667e2b2a
cfe78fff00f28503b94e49486b50f689f60bc77bd8c4ed2f99d446a725ddea10
112d3a30b078da22590c8bec55f0c4a42fc87782974fbd9f6f0bb2289400a536
812ef82adb00c1481f86187b56ee2c369ecbf2708ba648904704be25b51dd1af
160e5b7ca6e74d6275517a134486145aa8ad2de799a00bec279a007703044fb4
efb185fde72502529d23b16294bf9cc584a2a44bc265f78376b43fcbb313051c
aa439eaf269fbb18f5759173446287d56eae01d4803cd347ef10767d9919d35b
9ebd30ca64410931541156d3444b67805ea4c70c3c2f507c7b00b2e4c95e5529
c68fab24c71ec02c3359c7820f87dff881e71a483c07c7201ef2bf4e4ed8a20f
e27e39787edfcbfff8cef2e67b2c7ac1cd755beb1ea21b2552d009447c9578dc
8d02100d729fb5c5247ed99ac47fb6375931d986fe3a59096b499218d8ce46f8
45e9a8ab8a606b93fc6982797d7f685575fee6069a8acba8606c6dc339835408
933b7050262f30809bb69d4ea9429b071ece22a716d69a041afe496b3772145e
f90eada4c62500e9a787da7aae36bc819f9897018af7135626a4cf571260c545
ad6cffa050bf2f14a81c8d59b8ae76269412b7f4302769d49e75ea65187bde6d
f23969c97924fe1281874e0f0749b20c46ee1949cd7d12bef1b0d15d5e865da3
81fda697fa6bf07156e472ecf2071cf2b0da18c63e79e785608bc64c9bd3168d
7b343cd6fd4e31087f2630c938a7d26a6441dda13c0c8a73bd26184d3b3373d7
535415018ccdcb9b0343392210ebeee601a5ba1198da28cec98f0b98f60789da
19b7078aca5eb9bc64e4c18f6a3685d706784c4c0145d35a5fe7c0bdfe510be0
8d80b0d938b5fe51e541ba9ee6d13dde45449af324483d3e94b6def3135b4ad5
379994eb85990ca3f4fdd43ad817e3d8c4742629d36186166f1d9d17a8440939
0b31c638050a4c1d2eaa4ee87a8344b387a514cb41d5a30f7600ecab6414fd37
c43424b54732881603c2b17f4173f9c4997d373ef53e56ca909756126ee60dd4
953065c885185f95a6c3409d847d2535f2c64508bc38fd1126ca24efcc1cdd4d
36f5c4232ed7811b521171467e561ab8e3dcda7b5763135e430d9d0000036524
a64f442f90ec92cd9769f39cc83e7c15d8f8407ecc7d50854b41508c8c588909
26ec355ba8ae807e133ce0567eb0ce0c2d7cc8e517784a908960504c908269b0
d008da95e6da0e444b977f772e962804cbd9f6278d33deb4398c99b915dc9c23
7fd99a5e3679983891b2170238a6656939b20b84c0543ecfee8a1944f32e1b29
bee17a4fb77c7a42b1a61b7bf3de910dc67060b7634a59cfaedbc60dbd81582d
fcb36b3a1e7b60f7802a4b5391ddc29b0656b8f3ba85811245e156719edb90c3
900fdcd01a5be1bbfc987d858c05e5eed617bfa10f25717d258f3935b693f182
c84b5be3d6f2c642875f49e186bc400f4a912b4123671fd27f8390b354109bcf
24d9590e28dc66df4d73ec7f2a9b9d64ce632bc62c09e9824def98ebe4770b41
4dd71c768efc510f19603d2ef7438a5e5042da807439c9e69d234ffd5b097416
3ddb0494cbbfc617511a746da34766aaf8742d8360efb4c6c52179df86befdd9
4c054536281f16d935c72b098f3c0d8f6242da030dd7aa4b2840a6e394d07ce7
f96343a32f265b88f77b6784583d9849bfa3afaa8964940fc4411738f2555b76
42ffafacf367facfef9a761dc3bb070f4424ff67287670b511f1f63bde0560a2
149cd875a5eeecec7cd995518e784a67b15bcc785cde9e50d3a69547d7084980
fe2aa2377a3867ae75d81cc9ca475f5dc1abc020e0a3a35c4415da6c0e0fa206
85afb5b20dbbd2a04492b25a277af2ed01a56d6a38d14aac8efda41830c7cdba
687cb243573cc2a19021b2904e43faed3e443274af25089673460ce890ba33c3
a33c9b715ba7ca5deddef531317b1331d306914631c15ae9e1d6a785698e6497
4b0f5f3489e9dce6ac0aba537ac4fd518cea6ba496f85b196056138ad205d460
b831c92ffa33c04e490edcebb1b95ba8b7e260e448e4039b083d02153e3cddc7
d863644275a4ce1df9a87a50d09e5f0061ed47f36cc7577ac6b5678ecab22da4
efa634cbc8cdfe950de24be1c8f69661a3dbf66a199887fc7ce2e1657e1ed85e
ff24612e9008345afff1843b7a777f0ca8320892fb5ae9a79f20bbd7f34ca40d
24183537c1145ddd9ef75c3fef011e01fdad59d1e222488ec4d25f8b275b4f61
0f132546717e8979c70f072eb2fbe9ded33015fe00cdb22e6deb9efc39cf2ed7
add2512e676a151a791e29e718a12921a611ddad19f1de69575adc127cd40ecb
b785efd3ef84c508facca595874be8ceaab7b73acefef68bdd6482a78a25ac60
d167f538f33492ab114e26e148479e8b2e20f730f5b67d366339fd0010cd3c8d
4c0a1424e1751ea29c92da7818063ea43f977648e9c6f01855abb22511c1b1a5
4b0ebce279de08232b8e4a7522bdcdd6864495f2e157221a5024f93c5e6c3d71
8547bbfdb1971c8a829a69971773486d0e06579dd1bb90e7e90b5a1ee857b7ed
b3ea4e88a59af4384234892e75276e2c0bb13f1b37bee822a069124025fedfd7
fb03b7d900cb392e7fa4a0748211b62b619c173561c33c6d21e9b7cd72680736
ee011a52b2dc32c269db11efad147f90c5a97adb735aacf8413434361015e42f
dba8600b89d08c9d758c07d2fd75a27cff021898478f53d5873780dbb98fcc7a
d7da5c2f8048a4e73d81c79c8400ffdec23cb6f3df6025c08e1e3ec470a178d9
946083c523c0ecacbf9dba35538e62eb62e98ab070877bd65eb866e0dcfb54dd
41b4607a44d34315dbcf2ada187b5ade193217b709ccda8846b6fec2a19c0bf8
ecdfef7eba9d382f25adb695913e3026faf1c8d1bf221e2c09a3adc6a39cdff6
d1a1545eb7a82edc3c2d1edd2a3bc11275f09f5b25c6b8db07d1e1d3df0a77cc
0e5c2432bfe83f050b7ecfd6a00b874fe1e25b7c74af8a98e960eef701be585a
f244cdf69578ba0fb1847497c8554cfccee415880796483ede373df7cd1440ac
835fd3409d07f152064e6c525d1e55998b1b5a395871a8e00636ebc30a22fc09
4501f3e100a0b8efa188c9fef56ff55531c97a3e12ee5671bbfa2c95a3e47c60
d53f563c4cc11cefe5f184b152b1daaa087138ad5bae4018df731359f45b55a2
e388a0586c1d8fc1c1b87f61df325fbfdc04070afa20f648e2ef6cf58af90341
b245aa628717ace7533426efc5769d512142fb5484d6cf983dd3af32608b58c6
0e76a9c96597dfbabc6b9820f8a1d1dc016d2a851c5c01d26e7886fc132a22a0
d67ad7ef348e10560995c29c50ded44dc569724875b32adb0032f5d7138d47c3
d4c250bd7cdb613b242b0d7fc10355c6e6a115d9d3986078dacbc31f205bcfcd
7092c1189ef23ff8de0585b340bf7f69ae17cfe5ab2de74551ffa56dc53dafb6
51012065971ffe6015a147aa33944229bd95039938f972052026ad47c6e07ca2
139d2fd860c3ffcedd0ab0abc3443330a1d6d843a7eae9d409e70f323c64cd95
d06eb154e4718079f10bda05cb1ffe37969693c9d0b4b8b71878c859ebe22b27
5149e0b8a23802e7f9ffa8a1c347c5923d2add1020d7bb2213c0f2fd69ee434d
9f1b6b24f982dde5afab93892fd3123da3d511b96a351112dcd19fa4c87ecbd7
4cb6b2ee36e313ad915a438d04ed6170f90a0549793cb19716d686b45f5a5820
4315745234abd04d830aabea7d9fcdac2de4802190da791438f9ffb2a4fe09f6
6bd1ece208c589544396c5dc4bc153cdb8d57488c20807174b7ed26b957aeef3
8e965a7121c02302fd96fd50e5e227e6f402aedbb93bb85c82664acc56c024b9
7e97c5ca8d4aab3596a1472c45158c95cf46dc4f4bb9876e063d5b5e33e71db2
1cedf58e02395687c58bd39a5a15fd58d6b3ce0c36f9d995047f550153c6a1fe
ccf71fc107071e69bab902152bfca53b41cd6e7d1a5e156de04fc800e4b0279e
c6218cf85a98b13c15121365b967689cad8c81674250c5e1e6377749aa50b6fe
d4297d1bc08fa5d486f443733779e358cd19edeb04dcdba027a1ac6db1503823
d84ffec2d627e1e5df50559ac7a1fce6f49980df01dcfa5489a6f7ad274e00f9
aca8169d30cc0cd2d96b5e4523f0d50c0d261247b09f6ce58d892d2effc7263f
aa5b63ddce010ad91087e740c69bdda56617ba98cde4fcb229218cb629f8af59
fe0ccffd1417f77d200ca93ecb5ccf1f3303f3a4c67ac0bd048715a85c33e553
9f5e923a5cb62011842b33aca503267cab55a9c0defaa51fd5d7ba06abc4a83d
5b58d7e12c83783690d328f1ecc9a304e86c73a46c5f5db5df521ad49ae7b84f
ff38f597ac0fdd15641ece0f18dfbda868f52351fe2c255b0b2763d5b84a7a9c
2a02926790755065c44a70799c5db17f2ace4fcebfc27b3e7f459ec03f98c251
ab9fafa5a4e89a99c5bb06983ce91a7c00eb8156990a393ccaf7827f45277f3c
4bf302d2a9e1a4ad280147df1cba3586fa9a2b67357fd3d19e03c15ebc7da41a
3badd6acb6397502befe3e287f48aba2c7ab150a8c42b4e9b73f2b273e33acc6
9c74fb1bf2d0062e632d0c648db9976926271ca5b315119be681d34198825c89
5212c8862c2f42249b1a8af1a547c1f31e44ce73bae1660112cb4fe7b9084305
e8022fbf2173085fe1d5be960aa02b75597ee37e42bf1c6716b79abff4a17c93
3608b511d3bb986a76d866595542c10189af59d368968eb182be759e69c5fb72
99a287478aa0f3a1ca2977ddccc354efef9028ec51a1e500d6390bf12447e880
ed62bf2681dd04969e9df497cf530f09ccc0c95604863689916b1b1cbbf3f252
89407948e08d7a54fd835790416d46b3fabfa6493e8134b8aa23bbcb4f52588e
4e4a579f137abc06c201a12790fbdd8d32b7aea64624c90a85dea6914b52253c
c7464fa35fe52e2e0fcf890c26dc5c59b5c0e604af1fce5f5f0cd49480ab9fd2
887adad6a4c6b26c45a7c31a37e02f2d48c048cd3d350d5407040519d315523b
d87a102f93ff155db783bd53df431ec1188b3713dca25ce5eaa707ed4c35af38
c7d97c4398c51a95dc4c31a30e12c2e961f4c041a49d50eaa30213fb7b63cb49
5da863b4763a6d51070fbdf3500a2d435f9183a887fe98f6061ffcaa60d78f7a
2b32eacf948db907d15a729e4f9e3a5fffbceec195ae108e088b86ba01dfe174
080925e1a7a8bef0df190215f36d5749c8eae72c2856fa5714f923632ef6d7d2
e356256358f441a5d10d9a7e4f56e75b024c29d855c57cf93776ddef70804c9d
356a104d19c6890270f200d7eb92336eb7c95f6ce5fea7cdef2660c32d4a91a6
a9184b2148a4a25cef08208702505785e3e2ac18a19472d59f20ec89d0ad0d31
1bae3a2847a513acb66058fda9b9dc4d31d8aaf709291591bdccfd1f025bba41
f437b7f7af3b8b4cbc8b87d631b3fb67ccb15c6a64561e8c4a2fb51bd4b2d4e2
048b7f0103f60c78c91bfb1f2c93823b96fb1c5377095bab0faf1d09174f1617
6804ec7429c5311427dfb271c5e433cdd842b781de14b43b68bce16e03ccab27
00591a37cc1f6efae4d741196b15bad72b5e6891c40757d984a74586be487c4a
764486cfd3e1811b41509b985058a8324d72f93f754a556340694e2ad0ead492
89ae099b8c6a20f0eb03171cba78fcdf5be367ee69a597ca5b1e88a344e978ab
95bf9ebb97a8379a2882c89f52603386f4a3ca5a64d580de262383e7437a1016
bc17e108c5c044fb1531f68e51a5fd37fa104a4b08184a0a2c2d8fa243f83529
0f6cfab5e8954c5dc07c3a5fe68ee6d7f809cd3858adca8614f5ea5173006a2c
0ed4beec163b87cb4dfa20d3a0672ae76abf46e3013d6de8ebfc7710387e2680
df40131660b764d9fdcbd8c8c056f9447238aa9011567ae27064989a8bb94a16
df1743bd2603903d031eddb0ba76e5ed396fccbff2902b880bb489bc2d458e7d
b456dd4a88fb43352261f6885dc2ec038610bc3bb9f15ccad2b3bd68ca29f4b1
34bd6bd7ec052e70743a465541623970d699bb18f526d6d270fe1161816c6caa
c2aa1fd9d6b2a2067113f2adc629092ec71d82a65f880ea5b985d32524da42f5
c85be9735986aa7e9e4f68c64413b6e9826ab4bb306f1ebd9392b521e1aab792
f1bb8f7c7358b3b2e31b45ee4cc86a94ac6014697cd1a8f6c74d278364239754
8896a947c81777ee43296ee222abdfc42cdadd76d6079eaa805a27ce607f3ffc
a82dc484ffc357da1faaa17c6b9fc8638601ee681f97dea6ffd96312e3e99fa8
e49c4e53956c28e0fe9dabb12969e30ebcf30c11706e11f6203d7b451b1e803a
ec511e9b0fa74a3ab9ea14a5801439f5779aa154619f09b8d36003441c20e2d0
e7d25984b31c4876f3e8b536f2a7f71ff55851f52a5e63a075031d85be8abfa8
8ba92e11ec5ed64f8238168dc6e4b2e87b7c83befb1b7acef9dc84d6201d0989
408a5d8b37b334631ee21f23744cf6052335a59368fd67a9b4bf369701f7fa52
800cb5a6d096d23f1846f6829e49b6ddb3c66b32caecc42e74805ce9ffcde444
ff1ae88192fc9bd38424d8bb48e2f5d182bc81303da37e06b99751d0c0a2a88b
e00c3f62ea48ee9d7ceaa26b6f9d80fb1fb2555d93fd7d99019f43b138e583d3
2aad093f457e78d17a7c7aaa2017d44c5ce9ae53113876e0c6d44dc65e216457
f68eaf4a739ef594ea582f175f37017a9c514496846801bff8cf3cf09d27299a
de23c6b269dd99845fc9074b233fb3c31be6044441a6900bc305b8420e2dfdbe
57cb4d16ac779086d5d03bea641b8e5e3aeac771ae5604cfa3a300f80514cc10
0e099e62b4a72c9fa1e1005da4388823979c7181adece83bcd263433a0b907c5
42cf43902648ea41a5c389df16ae5e5881d38c3a61a3a593ae8a465c56e33e0d
f2e8e8c4ecefb696142ea653da0bab60887707124bfe6f4f152b7227e2586501
6826f94d14b7eb264ef6a02128605648d1fc806236a1807f74c99e7b7be88b71
9557c51f7800abb261955e947a0582da648401914951f1eaae17fb7fcc766783
6b6275027175181aadbb74b4137ca15c8c79a6a2573f729361f654223304fbd0
e49e7a42c07afa6f0289f990b0d65dd1c4c85a10677cae2383cdd2347f63a3e9
ad766edc121c38dfe0997f5c2f1d6abae53200d4c7ad425ccd082aaa44ae3a5c
ba04deed42cc7ee8ed06b40423858be116427898c75492fde48953b7e3e98120
1ecd906b049717e19a545956949e0b5a68e9003a016398c85abad73ee58011b8
31362ab457d9ea9e3fba5b5a2515a6720fb5ee23527fb66d1832db802313acc6
8c9398a27a38b4fb4f8185b6c2732019085c79ded97a2bab145ac7c910ee3936
6aab3123be99d04072dc479cd075dfd3e5c59f3cb3a3c5a8bff673f25c4a7ab1
6cd8310311b525a38b0c5958598104ffa180dadfd2bb0905c3860ae3a1183d22
4f1b0090fa1b7d3aa6d679f175757014399b9b2bbc5fd8b94f9d73c9ebfa053c
2b18ac0016fb734e7fbc9a314705f9692620b278f2e091ba511aeebde7866f20
e051d6d0beef68cf2fa32531dcc4693c7a95824ff43d8d3507daab87f68ba9aa
258e9840aec51ef1c93ec91017042d46051f51d8abca4d547c1281a497a1e8ef
998076543813b57916e1a73119a9b743879a2fcc040bbe6fa6526ee234627193
c0174886f184e753c5544ea9f5224e5eced70cde73bb4d154fdd6d69dc3cf877
aa27eb5ca04a476f4b333b3c0a5abb2f4b40604a391dcd57df6061e79fe52a64
3ae0c7b231fb1ec4ed710b84677fd617589904110da61c75fec33e342ac5ee40
2f60267815ef67b40b9136e5d49a0e82cca4df76a42bbe0bf0e93351f17f752c
8b46eba692b69d1a83b4db30c135500fba38ca79aeed5f4cf0f40d112401dcb7
5a4792a68908b80e49f7b9748032d4c9d34f0c63dc0c13bf136f57e254718043
a6f42f2cf7d427346c820d9b32acaea7c12570267348074a5492738d4b2b71d2
011732cb4b1eaa41882310e99e98afacb5caa39a840bc2f1ab3acb6dd18ade29
e6513bec30c2fc5f3f81fd9f87a1f6b4c3576dabb16c6dc7ec067e6c5fd6589b
34b87f8c76366f6dca6c12fde41e316aaf75bba86d1519d1099e5c2c127bd2c5
f296e378e0369323b1fc531cfcd9db7466ef8b1692c16777e634a3a82f830ccf
eb5da2b714bbd456839be8118b2aedf046df510831582faebc7c0e3ba07a8def
552a2539847dc71599a6e51e92412480d595a26b2ee0a8d48732c02db2d4bd19
cfba4e456c5aa82fc4e497c230d7b3e46dfdca66a5ef7db0ef436ce2480ceff9
29fb5f6b3db0a8627ed9d44f168259448d48f23f74081f310f1a2cf0778f9617
d8cba1864a860e22fc9ce361c9e34a8fe6f4d791b031eec0792f6db3a8277512
af216025a5699e8773500abb727e0a22a7b3ffad2243140e88cfe8124cb55e39
aea42e5496638fc28e1e127f4862992a37200b17cef653df7c0c3e9b99b80a72
42176f347baeefc54a62ea76e7260b0cf7edd18b1b4460a1f3759e6051499194
9bd2c76ca07e240ba01a9b8f2b7ea8434e50d1a4652f19c4e98e9dbd90e83ffb
edc310c3da2b0ce1f3808a681a77b02b882d3e609f4c3e853b657c2b573f8da8
5dcc16e77663e14b1fb83c1fcaa5e985f90dea76678f9b1dd62118c13c572bfc
ef38bc0698535bd1499290f6c2822e7c4c2e7d3d67a1550e32f6b793f1607cd7
1088c61bba34abe81e442bf09630ca87eacb39672432f3a94289d0fa985fc2bb
739b3d76c038ddca02bec6e41f5ffb5d64f8efcf8c1edf64f68100a9816ec2b6
ec89770d8cc9a59084829e1bf8638b27fc81246f8face6e2fc49f2ccc8f0e691
080b526bc85d5a40271b3fc781e006e86cdb6083e0331414dd0638634d583720
fe226f4883f0fd5278e42063a9f89337b147e56b8290578dfcef53dca735c6b7
872335e2d6be4eaf32491b30f78764acc928e190fbfc64b79c7d81252196f7cd
1bb007120889c97357b09bbaf5b0cd01d22d2406c4185265d8b6ebd08b544034
300358d15f2cb5635d025fd6ee4ad502d3ac0d98dc865b8fbdebd10e6afa1ef3
42d1fe938de1d5cf0eebbdd22811f9faa43b6dbb132d7ec029786fd2464b7c17
bdb0117f105c8e99ff2a00a7972bde54f6d01f8ae5ea0bb3d607825ca92fb167
46c9c337064562ca63a9e5e523704e1394a4edfff31fcbd317e0e621541dcec9
1984d0b1f3ff6009b3454b4d5fb9bb9e66528e050b55766d62bd3ef4469495af
0cabf44806e2322665db022ba6029720af9bcf77d4ea67576e746e0f4a9dfc26
9eeea3e1aa6c4337a3ee7a112b6d4a39819b13f52b47d57c941bb5c74f91a0a9
6aff2ec3a4640eb29fe933953fdccc4ce05cc5a18c6121bd31d19d5ad00d0ba9
e350f360715cb4c754061424bf3e47216b2cae4f377771ec220bdccf27d5e933
7a6c48dfbc09967c1a15897f6d89c931cc1cb9bcd6007cf4950666da1b4a7101
f08f2da00c0081abb0942e14d4d3750b64dfb61db577395eb5631c61ed34039d
8674cb6cbd3957e5ab324d6951e64877789f74313332bb568ab0e1c3714f32d4
3fd2a846eb9a7e08dfb0375dd41c493f173e4a82b1c7e4bbe0bf2cbefb72ccb3
140dc5e5b3a9471c916b47c3f4add481b16e747fe978ffb67e67cbf84fcaea32
13d1fc35e8ad5f00ee0d45a44e571cd887177dfd1ec6e66ea2141682bdeeb3f9
d87631c9c1d387eb63455734bf21dcb6789d8c9c9a0c50e36a455a8fb030fae8
19eda5e7f6b467045566c1f61d7d69f02fd6ccc78e2c0652230e22b6dc6d7944
9ac09b1338a29eca3558a6bfb0be711a777f5dce42156eb2f96ff599de4f4ea5
f24de3ba454398a045bf06460aae5762beef4157f4af7c4403bb7a4e61ff7b9a
86c3e41156acefead4f7f49f1cc11de4dd6d00ad59c056cbb69e5583740cb9b0
4e72b13905a1f7c61d49baaf36c7f769effd0cfe63f8c433e734b4bc4e221262
9766438f3e92b4c93cf60774d226205ab1405b33f96d375b28badbd4ec57f18d
38713b0ff60a43a5fbe474e5ba3ef3b39f42ca933860d55369a8e11899fca3dd
0d2d48d4145379fdc45cb62c7a5ad85fad7424fa06c170e45ac978be2d56cf73
7cc7ecbbb3ccd21956d721f974ead9c794896a7d68295d5c496ec17663afd747
d1744e8ff1a64274c26e00020e0af859e793b2226221f4d086d4ca2f21bf6eba
49482d98099bdb0a22835d8eb0d7c8ac6132a7c22ef3222bbf880ead9424825c
a28ce85d90f9c841267cd5eb15dc2024a8a5d405419fb7e5316dc908b7b436d8
bb7c3e52261dbce7ce344f8038aec5f6f6d3be7cff4b7da156620dea453b5ff8
18024e6bfcd6372417724f2061388374fb1c05927bb1107b6184c180134a0b37
5022d4c5fbe3980b12bef17515ecf9ce12be051cd29265e270d640eb30bc6b0c
8e8766aba8219ba58328b450c42389cc94f49b9b23b908016068770bec57d5c4
33326b1eae1ce7b05166ca19d38c586620cd026d1a645774860d4390d0a21696
15bc8fbcf9922cd8ad284f6a101089b05fb48afaf7fddcf24b36a47c0bb1ad61
12507ec7e58939f87bce7d35a4b34be7e13c186755dde5140a6b05b0df2fbff1
3a2614e41f5aa76c60e351e7c463bd8a7530ed88419363dc603d59e21d0b8d60
d458246a3bdcf13c8a1ca4d6b2bf3da4755f613cc37d49d41f599a2b38e53d35
a4506b2accf42e651cbc9d2ce7918bcec89439c7fdf401f83cada3e8acb55555
8c425a9286a3b05100dc196375382f374c88ba6ca7aac04492db8ac1a3008da2
3b8f4fff40371d3fa2ccedd81344fa73d8622866db2f4098a24dedd12fd18b4a
ec02814c6054e1f0a59fce63924c1eb31138da9985b30f6f2c5dea9794374f7a
94eaaf2083da5027d37354de194cfae6a9310af986f096286194cb28dccf8492
1d7c718b49ac8ffedb45c593a80c22d41b8b47c44513cb29172ff63feca7e605
2411ee52ca524903d9671eb4f3e10eef22699ee5cc29004c1cf5ab8ce45e86e9
3dca5b9a03fc353bd2f52ba3bd3bd8ebf34881f6ad87b42c722320f45468a9f2
efd380865cd874518fca3b27cbf3b74e4f2153ed40d339ded12be8c053b392e2
54330d89877fbadb7167914aa45d4edbc3a577d2c912a3b67da496656a2a6799
080e54b862bdbd9bcd36558344f3c3b61c9d4b55fa0c9e439d46fc277fd082e3
b2622277763ed5f1b4cced9e0683f3ef3576df4cbe971a9235695572c928bac9
e704b7c4e6f838d9c691db53687bc59aad876bd099dddb91a8d568ea7432df6c
1da07329473e61e3c65202362dbeaf431724eababc7724f4feed1819a399a61c
6343cdc48c6a703ae06d4361f6b3819ace933313b7d14eeea20cc4c30135376d
36a4b33a787fa6add96f0d907f47d8900db3389bf3c62c0dcc94843aedd14698
ba87ab8980f36b3e180ced33015b030b2e6bac6072d96126ba2726b49f103460
a1183b1a3ccd490fc2d716dc2d3d865ecdaa0219025020b8352b43c6b3d70bf8
c74d5a81d7b7f63d11998fccf00f45650877806cc4272f5983650fb9e8e48369
cbfd6e0239df919b20cdafeaca72f2188d368ced51fbef2c90696ce7b8b438ab
765c814b33c04e602c725ffaadd239e0b8f3ab45410bbba3536d40917d558fc8
8c95cecece84add78f9c697a6bd07c8a6ab24ac2ea0f2bf566cdfeb190f39568
451b0a627b2eeae24d5f9a7b74b164a3df940a19fda786760c68dd0dd81b0f17
00272d83eec5636ac9bfbe61950c50069f78518fcd68fa75142f37a6db134744
b3458d46a44669f0e455a47ca29efb44c9795ab290aa8ea846810e2a27a4fdcd
2fba5e2f7ded6d059a34bb1d3f4c43bfd0bb0befe54d92b8c930d8786ca9ce80
e09c8ff4f6801d25184c339c7d0f99891029a34a1bf4580efe0542e2f73dbdb6
6933efa289772f2689960a6f0fc4ceae1addc893873dbacffbc4552a518b2421
da9ce6e759c36e9891053560c1b433b615bdd1a6a44cc88c5963ac134e9954f5
2e15431b13bece71374e13eb0d729b1471f35b485f43d872d0f69931f500c419
d7d68e02f8563f302d09542ad9176abc4b60688f17d351eab4fce6c436fddb6e
886d7af44086a6bbf71052470aaf697251bdbd86691fb89b2479987b0521adce
c05cf8b1c9a39ed8c47d754ce00652c4066347588db5a204a6c9ee017ff16095
4baf0571d0ad124ac19dc6dd5323a548f438570e45e9b6cf0150c6e532b38143
7d3e50e89d0f17a0b357eb7c4f8e9adcc03d5b29f14b473f493552368fc22670
3c6315c1a15656d003a7e71d61ccbb8c8d516db2c26ecf7693005e2efea31c16
a38cc79a27602b55c81ea93dfdebb16002eb4bf5ea29d121aa42ab079db87571
60e65fd4797469cbb4301458f315707977483f880c75a9288b283c1ecbfdc0ee
572bdee3657940a053739ee1925e2fe18e291da8be8d1fb8f75cbafae5c64e82
cf0aa8e953e1bd5b86eca0b04eb35c27d96a3f1f5eb743e7bf8e87a01db24b24
c7566a7dbe64d6f524eccef1ab48e2853d0320fc613c58a3ff50c810000a8508
37ea4491377ac5c09c2febf67efc0f6cc6b772e74668dc44518b73edd24020a8
6e4b74100da4393b88b84836085014965ac958eccf6b3307269e27a678b74142
c6dfc9ccb0095c3f49165f016f9614c024eab888400fd60177a7b12ea5a44223
aa303d6bcfec35d16cb574cbb5217bbba4bbeb66d918d6d3c3c75c1fb142a50f
174e8440e20b1c9d9807003951b131125b14487fc9ba620344fa564effe51fd1
87d17611782a30327655e93cfaa9a9daa2f8ca08496321d59c55816ec110cb7e
6d7f6df69258da53ed70db3a4512d6d3c3a54d23df6f664925903d424eef2a26
07a5fd860e7c2e6291a3c6eecdaaa243214fde30a8f1308fc6c92243688a5b09
51876499f92691671a6d82ce1d9476e2af192521c1a3f6e0a548dd99fb9434de
f35ff79bd9d13860b2a79cd8c1908005d0d882b1f47918f4de49efc9beea17bd
10192bb5541924f1aaafa63e4b151cfa45465bd00b27171d9f024fe84f4542ce
21dfb9d8d513dc49c15ec540cc8b73401d3624d4221a63ab337bec12953ce0ef
04b1b191214259cabd885f43a63fb1d1ac113fd54a55782967dda0cf6b9b9854
ec0edd10a6cff9fa3ee4b81a883211dd2664b6d51ca73f201b83311cf8c81718
6a44af7a3fc4d6a4d0cfc9fe764d38c70b4dc283af8b1d27ff21824b6bacc47a
82ae1d1fac458d4be6352c81ae198459ca07b58611db9a206e3f5d392fd49943
14f38a5af5601b7250870df0eee8daa75b6113a4631ea0f9534fae3624ccb4ad
e7e60d7e48bbf546f4e022f85e5c2f7485d1a53bfe3cfb62409d4b9c8b2e4930
e420bf7f4ab1be02a0adeeb59c545d9894e963478c02fdf986a5dd83dd04ceaf
47112d28ff483afdd8c463ac6c3bc61df94e77d8ff45bffa3193c510bffdde64
ad48ba517db4d2eb805229e70c69d29589049c7e3454a044a46acf009a152892
a3e9bb74ff022f7ad3c3c09444c1ff1c5042fd653065dbed594479ccb7bac941
52d672ebe72e065c74de8478769a1b0d4b87280f15d9e47219d1b79cdf1ab865
bd89d7c8a802ce8975d1b5a6771e35a67e839ec886dc7a95ed36339307c2f3b6
3bf1a88b0111cbdfb1ba88f3dd1334be91b73817c175c60026bbd9b633d10e56
dedc0fce5885f87dc0652341139b3d5d93a13907c4ecdb9b1afa42621e308d01
93c67d08d93b14b926e2331577df4230be059c90c2964acdbbd4bdf977f090d8
092a46a44edc3770654de0456ba3306bc9a73f9b837d92d4a6d5facf98770ab5
7278429dbd5e3c39d9057b2d2bd555cd433e76500d72d4f949c3f82bb608e2f2
c49835fd7418957a537a48986760d4c29167d54e8ff5ebc36955b018a8e61458
a95599406061400e6a0df46a0fefe2f0ac90044b74999cc88b5818877fddfd03
03d06a6d720d2a3a8d92e0c94eefa9e51b7298cc2a976cdc0fbc01606c3d22bc
c373e3569bd04a328de67399961fa8d6e2452e634a41e0aeddf9fed7f3eb2a78
e4cb5bffc65570bcbe94eaebb4cae2336e38daf07aa149ca50bf55af99d61d18
742b678fba9d32bb520a8ed790b49610620e796a0ce116d91f3b5000e9bfeb8e
f579d9502acf0f3a058e94c19a02b10fa221049b6d1a26e5cc1747832099b5b8
23b23eaad7432aded9f1ce9e6c05f8327dbb386e6a52ce7291ccdfa701c2ad43
ff6f408db6f7d4d7294dd65eaa40bade3029223a74f1a41191b7399115fb41e8
58d5adaa030d503ed6baf9c080f302c2d48936e90706308dd91f3fc0cc5a22ed
41269f0a4aad2746f65dfab1362f466b067dca7c4e1a5764cc6bdd3cb5241463
dfb5cea64607ba4f5de71d019070e1ab0a3dce98e86d30ab5aa000606f02360c
e5e31afaabe1ab330b89acaf92d6bdcebcae0f5d6a46d3e9b1afd2e6f17155a9
5002f4738cefcfcaa8ce207c516d684316c2ac6ea4db34af439a841f099bcb2f
4492a10da283caf65cad9a2f2da3c5724a7e9ac152ab19621a2bb1996525ed8d
07416c19f4c5fbfcc2710b8bcea6dcda47b84566f18b7c19a1b3c41b1beee4e7
f05ef62b964bd5bd4865a78498fc453710815954d9ba068676ff55f178ecaa34
d94d3a89a868517cc550a25ceeb370fe665246dd06d4103b35b7560931470ad7
f1d7781a7f4c53713ce121f3f368d15e6f6b8813fb28a324156241bc96d27589
cddd67150111b3dea9f4579999bfe57abc719f7411fc5c878c559266fb3d4d5b
119b1e92a8087f5b92ccae3ecc33dc025204b303e1f69a8b7745c7ebfacceeb7
540109bc9f8958ce7b590b23c5a4c1687553f7810fb64770bf6e2ab9af246554
b389c1aa0b81b67224fc76fc58a6b1501b96132c4366075b4360e111bcee30d4
dc5c9aac88cb47acfee27e21c6c1ab97915c8a56eec73afe33500c8bfa80dcde
d6dbc5e65f4f60894e33ec20ae7359b23bec88d6585888ca268fbfc319b0e424
e3f77f088a690972d213b8555859eee8fe495e34e4aafa751eb64dffb41a3cc7
3523993b1821c39de86bafb670423b89df75635899cb03d84fe7c6ab4296a128
7dd28f46cb367c1d12cef5607f8657deebc7aaf96411d4c1adcf089b4c11da87
7125df09c1a1ed48341edb2a64e2a33f4d78ce209038855af1212583239fb3ea
582c6d0d5a72de7df63bee0b7b96cc0ef6cc551ba4c33084460cb08eda238856
f241a460a0de9a2d7c253010032cf39b5dd98e5d1965027602544319bf1dda18
eb7e3a4154ecfc4587b86c8d34dc2b140fa7b1e69551c30ee17e586eb0957147
38f1aed78e37da46dea821c5d2a70a6605b62f988e2c69ae1ee5792013cb747b
1a5320bc84066e87de9353166074070a7e97cb5247a5aa4f06ebc7ab6271a98e
9bb5954843e69cacbf97441890fdc6cea3a99121dc5e56093564aa9d28f7ac2d
9d511e6ef470243ccebfc78131c83f0f8929e10012ec3e99acfceac52e65a9a3
d24d0e4bb646da3fb22f61925a9001ab938ad5d1a66f813672e8648d1d68f594
d9554e261cbd56c8d012f8b4c4c32dceb85e88b75ef605c1efa64a3e994488aa
5163e2ea2a05faa5e5761574a3c546eedf9491e84f8eabbb2e029e378e9c7b14
4a7c7d3f5efd230045e5d4a3a14418b55581ce4b6ba3270e818c0a5986ef1d0d
f641c1d1fd3341f2dbc80cda04be7361608af04a02a8485b03a0f83e18fe9fa7
4db4aeba320ae0b88b60d36571f82dcd36bc54ff04627147e77fca118bac96d9
9b34421a1863af108f80f680d3bee1d2e1ef322b2b067d804020ce58dcce2e1a
8c47113b97a5d8ace672230d4c1a0233587907b7c5d631464f18d1e2410fbd75
9fa26b1b0c8168f54d34d47b9492a0b8dc0655e47466773a79efb836cf5e9ee2
a0fd72b138ca2224e743a40547e7c01881ed7d4ce5acd9db433562f5e10d9476
068b8f54b294b8c42f0dc36d01b9ffd3bfdc40824250a02f56194b306fa918c0
15a47af424384dd9bdb3cc4489145b16d0072b652a6709cde91ecb0f13bd526c
937e55438abfcffcab4976f207909ca973a8b15b887cfee56979acff0f0976e2
7702c8d572f67c6cc555174dc117f534c72a9af61b894e04c58dffeb535de99b
3cba800a989f5bc97b12ef02dca6a71fee46b74374d37b4c13de4bc0166fb67f
20bd8f2f0f2f1e1e91a831d5904d67dd5f0540f96eb27b2d1faf419283da7c44
2ac25845eac2bb4c004e499413a4836292100d33cd95f53a63a164ecf786de74
ecc035777f7e449cb7144f8c8e5a0440015db3b9315b210b2f0f21f205597c60
2a900438e1d828bd5f8e1afdbfd74b97b51332c40f411b80af2dc80fdfc54b20
3ea1eb2f1e49da55c2d2de95f9dbd252c66baf2a735fb9124168314467eed4ea
ca21c801f138154009059c29df7fc176e9a9dc324e9465ba68ee1c2137b2c6d8
0ce389012fdf58d0be064b0a91e9d09315bfcc6acdaf9747f8a03cdb944828ab
5811286bb805039d5ba8b211cd5336c9e78156674dc504b030f14219e7acec02
d34ff1f7ea452cf58038873c96e6725dc0c174b5adeb0f10bb9942976c9b5e8b
89bf76ddab440d4741d00d9f4e87c806f2b229792711da165093604375e8fd04
7ff755b85910b00aa0f6ec97077592a98a1052d4da26a51c8adbdadeed7982bb
3ae07844e36745c57fe135008c4e4d005b0c6c7dd0cc797f8e1981109d002bbd
05b57c106364550c08ee0429fc5f15b2a0e40ae4a22a168265af3fc2983dd954
2b97f3f4072767550c4f74f779c6984f0f7c6bfb0590748e337f8d8a36757671
15d1187e7e043f84298d125dc6628890f01687454c9e17b461b29a6d2408e9a7
7a65ccc6a849db2a839fcfaac0d95f4ffeca5982a9a36c490d518cbb4cd778ec
e194d12693dd9c74f95cef9ed75aeeeafd7eb950fb44346d3e497e5d1e28d287
9be7f1a1845692780e93223fd99c6e2e6119e85f1b8760de613869f52dd80d87
706f8eebb42025c96b176be7f3b4008977c744f6b7e0e55ead19122c6d81a2f3
54a16bb6b5a1224fac6e7851e81a358e510b9040f10fe0a8be82dbb5b4c60e2e
f6b979c91a3afa01fe4107ff89153ee4c5637a2bb2270dcb2f16bba41f602b43
67c06f315dc4a666055c0727b367506480fb59a0e326e1d6e0dc166bcfc46a3f
a56ba924f2760a2e69b3c015e451bb83380448dfeba01dc6557c1a827dc069e6
931a359e032a7ddd4d9f9a261bcbd5530352989333d41f60410da1ca73d3f31b
a6b74be63a017095f6a7a3b523d5dbd35438e3334c213c0fdfb0c7d312c7b1e5
914e38dece51148a566d9c5af8ff5f7a48ee2c8328b401c949072a3ee56468a5
417a831d4855cfdd2e7c4c529c292ec517b944d513d250ffe6c1003f87100a00
6635b852e9d4290dfe96475cf4669d80e8d3825a000dfe367a7d696bd9d16f68
997546279a239aac8f929931534e831863e09d10269d6dd4d0b4ded2cf17b0c2
55801f39ead39e59b041888825fe94ca558a06af2110d28d651b62000c0e5861
f19fa9bf5eb4c47473917cf544d0f23dd5675e789838c25065e4055e9185dc14
bf121956837cc3fe69c14d2e6612592e99139fb396a210f0c0c41cf763a36b75
421db346f41e52e392dacde9a66f5d10dfce9e62c64162c8506a8547afd4d183
6b846d23e72924140502cddb00e8f3413b307fe3f4aef1f6c56d394b7dd631d2
271ec8efe1bd83baf6e7dc3f761bea291943c4c86f8c9e74740c9aa472fbcf59
30bac0c054570e0a61168c86a235437d26bf9b13f5b0da0cf01db8af1d91e3ea
f3af3a7a5e292d0d618833f37b0a42d8e5305b91510e917e41903f4b40533047
7150924d6090102acd595ce925c3a9b9c2c8a17f93b318cc7e83448efed07eeb
41d4fe60ef6bb6375b7a26eda1d8c47ef713d3705b9ad44b2dccd0e14b045aad
f5a712a3b2ddaedfa0921ce33fe8bb62fea7a56486bae5b588f96a4b705aa5de
2d658a797fe531eee9898f73ea8b01d659aee5c9807b19d38d1241166f9dc90c
e61572796a6ffacce9596e675cb15c284fffe8487557cf9920dc7b4c14d85a37
34921b95e1676e744a1f035fc52eb76732fb42953a03f8749b171590970ae09b
de6d47646a6bc904149e3f0db4199aeacf45efd9d3851e44b8e3bee9f52dabbf
e1367bc6b52335da4a26617bd3c18d8768ff33b6e2d265e207b01da5653fb6bc
d9c9db33724305bf4437bf129f6e8118de0d4df8c677697ea54acacce1c4a888
321985338dfdcb32dd6b84a0f1e26ca8491499643a8577d12c11957681dda5cc
d3e6a77ca334a06dc5b0cc97751475b51a1785492d6e954d141d2edc1202637a
2331423a5456045610381e7a1223b8f3dee8c19f8d71602c2fce65ad29469d6b
e5537f0fc943372ef3625b9f4f4a93356d410275fc91550b094997f556c2f778
77653feb983e1f481e64694a0f6062ebcfabf1f71bb8167a4ebee8489755225a
87bc3b070f2e5f7db8911d35b96bae8d8833a48865b890afc03d34f4d91fda6d
c2ac776b4bc414a10a8e2199fc0b905fa7cbdad34f17486342f50482326fa311
b0c7b44e49bc26d3e611776686f251921c677646108fd2aa37f5e2866b4cf3c4
f6e5ed1f17703009102d5a75790cd34814fc2936707e0713ec0079c507a76a3f
be34c87ad856bdac285e154442d7a3ef7780e770968581274d92fa532b52f0e1
5364376ce31b3a2ea102668c2ec9415528fbb9cf3ee219fc3f6dfdb8c278bafe
0bab05500bf111fd4df55f33c230e0001eae2c5173fcca3aa0a72558065f7e21
b1986f6202d94cabdaf84079d99f06078d3cc5f5d607794bf024953e4cbc5821
951fb4b3b35edd02b6b008698c6819b040b1aceee1e95ad3592521d2f59d4234
6c5f610df23017f2bf4b6a98bdd1a2ffa6151a4cf1d0410b0d2389f233bb3f1a
c2a8c365bdac55b41690d1c9e13bf8ba18acbc42586091f59fdfc222629e23d1
1cec69c5f5efe2927a055fe617128c2a45548532fdb165fe6de3935fa6c6d931
ff3fdc54f618c11568c15739724706c78f6d1559fc38740b160ccd6dc6e8d534
a0782f906361cac96635e9f37eeb8b620f2cd8812131f5e58ce234ee13136995
eaa0f40b2a57cb53fd85d4ddf4d79ee652d67271ac26d0c61069dad44a6bba62
06199a4a8a106e667b8c6fc6c51fdc1fcdba9f7dc58d1494e99bfb624707d2ae
a9265755f4fa20ecf1ab69e7a69022225a5701c3a02f9302636baebe0fc59fb2
149f4c0bbd9314db75b0638869b14b78eb1b8cacb049b5856de11f6b01131091
b70b83679c07538d655a1dee2d1de651911dbd5b4a17c7a0d8df02de57668b06
17948c1e71004d0e0465111d24d70efb0bd27d4e21ea216c7a6b3d8e806ded6b
b9d17ae1d57139545e47de02a9919769f4ee5f2b0791991a2a0544706859f67f
c624bc30a10cbe7a7d3b9b1b3a50b31dc5f6569484a5632ce0128bc2c556a314
af482adbe2f190d0c5479d8b334b9044631ed135f9aca243f8e25b585693d22b
b54916ab3c3bb015e7d5fbd6f42bb61783d7a9ad0218c493ee0f2bd5b23f4e67
ce1eb0ed2ca893ec6cbeeefc5f7ed03088ba5139e10293ee86b37bdb0d5a4dfe
f624d2ccd2da00bfa0f31fea0c14c1fff5d42d89ac7eff79f943300b78c6718e
8ca16f24bd3c9f79ab2cd06d8eacf2b7812611712956b5e4d70dd055911de5f9
a227e6364bdcb736fcfeb1fe4740217385b83373b3fa57f8877eff755b0ba9dd
121f9d7e24b458c72fbc2086bc50dc65eb007baa23b402842c846ae1bfe5aef2
23d2225f4ce7c6fa00e0682a5c51f06cea98bd52a89199cfdd1dbfc0077e63a1
291a0c97167ee779a05e0b38942fc6df39688932d55f280e72d404fec3d849e5
7e7abc640817b5bf8367b90d5f8f0570f789fdb8eda863315a047ff08ef7376b
b6d1436bfe1da979d23502195420e56aea733c7293392c58927f95a73299f898
74c75d6c3cc7eda52891cd75dc202e5b09a3a394d13b65e750778d77b4391c17
206a8326758b70eb9cb20d5ee32e6f5ebdddd68687303ce6d48d2716b1aab5be
e296356b66e4c08021f746eaf49b40e4df0dc677830681ab6d22d932195ebc3e
c32538d2dc9514c36b039744a12b99d7a13f6de382359c4c63955085a5181338
b75f67db3836edaa18f21620155cb317d6a2c75fe2d27bdb74b9a011ecc70c67
bbf6b3b897b228e4af9a4ef173b56cfe07b7ca9368bd61f78ff7d3514897ecf7
128b4fd39f2ddd57804bdbdae4de63833d1236390bd0900b10235319e6d897f8
6088e73262a44abf6b4c1854d5f118fe76687ea14bef2ae6c2edadecade612dc
3f264e73dd5221a654b1037cd72222121da634abc278651af913d45f91cb1eee
f3b4f955db9f905df62c41584dffd5f2db255ca4089475968aeeeb74a6044d2f
0beced46b71a119b6879deecfd004d0fb0861c28d954555c000f32e1ff28c968
8fa152d1b902b893fa50d2a9b0379a5bdddade52ee5103ac0b6db3d0279a2da4
93e6f7a13a93a2305d9087f684688b14ed6cb900cf762631530b4b66b1de4a94
68e333b6e40c8168dfaf672fcf850a72dea96f1bf99fe0e23ff8de176641dec4
dab2a70c127a2e95f283e03dda55f67fac84ccaa013ce52b09d6957da918f5f1
05fb23b31007987d6ffb9c97f777ae2059f3831b65238bc335a4cf5735c2204c
08473bf51647e4dd8f61bff81166e6c8e6caf2b1271fcff0148543bc9cb52203
337620eb1310fb985b24e3788a46ee661e23c57b08ee9f933660b036092a3fe2
4c84fef36f450fade2c2bf2610bf26998b9e512d43230dfbe89365757f8159e6
04992c3bfe417b314bf28423c068c770d18eeab0bc958eb23854a5c75b898f0c
9a29f8f8693568c866fcd94c644645061faa461446a77d9f3b8a4d6c67e192f1
00c7ee8193d2c4ce6f4ae4905a8d89d9430585d4c755095e1aa2dd2331357d1b
f2df87561ff071ca987d56235b6825cfb3bef631ab11ad5a76e3554af140aa34
6dc786b6aa769fef38a1755e801e3a16f0c955d40aefc23448c2ceebc934a6c6
e0bc8563001967e26e513c3f739619e78526c90e826359d495779a5f69a85c51
9b30b72bce2a27ac37814c721b32131b0d9c958906e8c73db066b978959c7f7e
41ddc06d44498ddfdffb6d9033a0b4957b24c89be622e2ff329b03547030959b
63914b0a400b1a1d776c8fe4d65d67ebbc57dc1b56f24e30b8acaa2e54bc1ed3
4793078b9be5c49168d55d2bcf692c03d897119c4de28981ce7b20745da28026
5c7387805e7bf06560a1bdd0c788d68bbbfabc6bbfa81594ecb7273432a2e7f9
4987d77f192f0d2af64371ccfe75095e6370007b738700c08a9b2995c3ff9c99
a57c5ba7aafb8d9a526ec2f6a2368714e5f195e280bf5eaeb9ea5c5d10f0fb24
d06759a7a469ecf602374010fed10dbb425d23b1daae7fd21512e0dcd66a0c04
ac5f9f19a4dbad51cbd8746c3d98567abeb89ee83e7606cb356d33fa6ea125b5
2b6647f896b64b1b205e0a703fc24d041d1139a2d3c42c4160789ec0ac307d85
4a5d4776ca1c29593f4b97fad61b2cc37ed817ea533d5e15f0899b4154fb8f89
515b3f9130262915f41fa4adcece8629703fc2f9b80c590678755255df51ec31
5aee54099ae7c413a35223640190e295b1922e0aef961047f7c3dda090c3831f
cbc0114b42d809aafafb27a455597db106a0a6342d06307743888482a8e4074c
ae6968775a7b80527984623f1b9f7a46109b3026f2e047e154410963b2cf97ab
2d2a928bdccb6815408face7c844e2ef53152f0656d99624e534881a591c5272
0d9c740a9baf2d1ac3271ea04b679ef65a785be365483e4240a89f00a9661e3f
aa502f06c68e28abcdae5de974cfb85c18b047aed6fc9bd6e9ddf792e064e182
4486d58a6256abddfc35ba11c0a9e394382bef07ae4bf13e82dc40045979c60d
d4e908a7bf71babd8975ddf14b1dda623dae9476fd9d83a903e893e8c66e9a4a
db31d015f403c01166146a9ac3ce0b7535ba51526110263eeb94aa17691a2181
26b287363c9c1c5d74ce58ffafa84a1504aaa23dec28fc3e74a140b0e1959f64
8f30d8139677d91d998ad7a20b8e48a1ee5475b84e407c3820f686222207e55f
a06c8c8d7378133d23ec2a93ef86f1adad48c02eb9b3402fd2bc1e7f8d0b1198
93b2501b6403b60c491a876f9d52235dea26c53af1fc876255ac46a033f5b5d4
36484d06a809ee6a58e87cfe50c69f78014cc71f07804f828607d7903698482b
5a3c10e55a3c7ca2270c6e3459f7d1fe000f612dad452b9cc598ab0d1b4ea8ee
acff543c242663af55c750e18827cffc567378cece51fa1239ad903f492b0ef5
25cfd85dbeff1379d962f8a49aa8c08bda244ec1e5ee62aa732c35069af8f673
a081a45b17bf08b6eadf7cf59ac3be712940d221f5d96827c6f11e082384e522
d2181e9b6b21361555ab8a8408e89e62abf1bb822d7600b8cea289625757f35e
ce5a79fef46add785a90d9b9f82ca3ea3fa44ce1af5c293c52e09ffe30eb4a1d
278022f3fc59716268cd37dae2bc64ac36fc2e243cab58a6e4b99dd0fec7dfcf
a65b688944b50a8f3ed72d68d65909e020048c0170fd0dfdd08b3b709dff0afb
e85a44eda2c9d05c07cd55b55b600d6080d0aaa0b11d3356999b8a604dd7f5de
1f6423a41d0c8611de868b2f777506d0e73514ede99d65cf9a0819d79e8a1a51
cfe03a9ea3964d88f9f332a15053b7ad082e9fdf01304bbc8a29df560ba04b59
95c124d74d5e6ca6b9953ffee5edb976adce10f4b3085dffd6cc2d6837915d50
62663dfaec121e46330db76122ad1f80b9f6ad8585347927d75d6a30f8d82b2b
0972c448c5bd45263e294226f43fc37f25c0bb6843fb85b61e263571bf670a4c
473b377587779284d924643f199d93790bd391287f27ca3883c27b5a20dce95b
560325ea711f720a87c5151dde0d704921663ef29110849e2495edb9c5a229fa
857675d719d2cc7ad3c13eae533d45ae5564fb5ecd007ad840db9516440c1dea
aa19ba6e51d9bd7fd68ae7c98bb88084d1238e020bb3ec4e4c1b19e66f0e233d
039908ad4b0e4744d76149c68a3b4241495cd322163a3b85df2228adf305907e
6376e50f1ec9b15677b868663a689caa0a4d1fa67f3894c9f773cea965ca1fae
6d7a66e25bfbe24ab33d43771117f5a037bb45d2118ba31499b8c7d11efdedac
68c5569a09e39b5ce5800b778ddf3874b4d3b2e599cfd570bd606b1c7d242ede
f10cdd0407f81d904e277693b07da7b1c98b227428ab819ab5a9610704202359
06e627a1a0923ccc39babd5ec51bef8168a3d65d6a4d291e2188d989fefa4256
c62dd20d2dcfd2bb1bca4a5bbcc43d8afa40e465a61c2f6ec873f12390cdb650
268ce4a5b3f10dc880c8f294a45fdec92ed442a4612ee9aee0feb317d88f38b3
0c7005ca2bb1109d49bafa4ac73935049142a2149632ce2123dcc69eb3582de5
2ccbd9ddd3d16ba137a237481d59ab6d026ffc62fdf00e8fd5b3cbe8cddd0941
3cc56e70ffffd8d322e49aaccbbac5a7a3d76abf927244bf5ca29a1a4cf8ad99
ce8593cef4a28cb9db0bb11c9320f49c1d22ac6674fba434f2c50dd45c6f0979
532c74cf43fb8a7f72048e1583764125c10f84a1bb060061a51998a5c9cf0dd1
0a2736abf9cc84e1f4be93c818388bbe0c31d80140ce5d90699aad1ebf289dbc
695dd365ffd7b75ae5f6012482f5ffc8e1352af515bc30731aa5c285d52451a4
207d666863f0ced96d0f12921d622a78e0b5b08f0f1338c05e4b261eeb0a7ec8
8f10ddcd5873369ef5d9f173da662aa5a98154125d76a157f070f3516cbedd10
3e5d2dd9a900cbfb347724774df68673efcc18c73f3e075aeb6dd1c964deb23b
544e2372776dd1a04fd412a2322a1c3feabee9a3492b0733210386b89605f886
0413c956566f3a0d29e7a13c6dd46739890f589e1cb8de1f539fe525356fbe81
077951cfd873ab423cb8202ee91e3af0ad201fbe3efe9e25847cd808f6948a58
f76f4384f9b24dba107e45013e0dab0475a3e8fb9eeab6dfbfc255ee3b888ea8
b50252a3299178d3c13968a86c03c09db22db2157fadaa12f0a395a97acfac46
d170008f62d34ba7f1722635292ba9a6d563d7dac32b3c1d17ab60695c874c62
07ffb15c69a55cb311955d096723954e58d1ee643603118ad9cd47ad406a59a0
6b6e8b524d1a77f2f620eb0d4ee949906babbc918c06f87cc8e506f73fa997c7
d3545c4e243e07e7ee6ea019e05efb05001c226ed83aec809f4115da320e0b59
e5b17a82ff2e4c78903768ebe996ba7dd1db646f6d522271f5b1a2b163c86b74
e6ec9b4a765e03e92c2b4fbb750df7f4695358a56bd5bf6dea004e16433e906c
a7d9c8b536adefc9341c3207b35f4d93f360ed8579e33161bb83adf3de1456e6
7396ea47d6e2491f2caa9c979e16298c448336606d5a79f6bc75100118be9683
26d0df0282321c4ab936b9824df5a59352fe2c6293d5437c4b3566684cfed52b
f017743cc82209de332e1a467626e4a444d9b7c699c68a9baf9b74bd1458ffe9
8b26a172605e336ee57f183ab19e659a7f2c519a96f2b1c6969a3d738fdf6216
404e09d397d9c8e02cba09bd38cb0683af64bdb94d76f6a2e50d7615bc2e4f44
57f6361213abf015ff1c63e65fa9aeef4af59a113dcb883664ddd21749e0b70c
21a6a9d8a7164349b330b059961e08d0c122feee2595a54281b9616abed11e73
307885d23a4f2be47dd2a71e721828f997f0f703bf1da7c594c5c7f3fc1e9f76
20dd6df472246508f926cb37bf6b9b713b564c61e74389161f1b3f998eca1804
7a23e5f23ab7d4dba0856e0d4ab26fc97579f9a362e15c4156d86d792c77f942
5640f63a9567244f9b0ffe79988bf827643b880be79195f143d95faf0f7eb0dc
f7461e5bd06b0a3c75b7038b3928310badce818d1b90776dfad415f234b171c2
7d8f0166f8195bdd6d6ae64f4a9cf0753c61b97e359c3e7f139e781abf979139
3e53e9c81663d04930b318293cfb952eb70bf97e945d1e7d0478d2a03c8c6e8d
1ac32238df304545c6c6d356c08e94580ad3554c2fc0bf086456cf90f8ded9cc
d4bdd39291e6d3e3053b15e03596c91440cdc47231c65063d5de6d4ef4166340
c6c2e44e017b4865d9e19e9ff591a1a099d9eb428fb89497114bfe7d5d60ab6f
a14aa53d6babfecb631c6aa67b8e34a16caf879fbfbcd69b5f63d8ce9da31fc2
ad77eea032f0948b7f2ea24cd818d0e7ffafa4c6d490abe8b52179395a866be1
9cb8becd79e342b275328fe69bf969a3c45a613a6c9e1aef2af27e9ecf09dc21
faa216992569894ba78bd41cc406ebde2452432aee25dccb32291d9d902bc4b4
9b83c9b0cf51a696ebcbf52a118e838cbd6df31e13db9752e5f4347dfc9b400b
e205bcc0ad23096eceb9e922847a36ad2f2b6ad4398a5657977c9617a2eb2afd
1fc7a8483f03351261eb5387d69aeec9dfa56f94b32dd623d35e9463b3b707c7
03ffabc45c332baa82624c736879adda79cadf445837f0985da95b459ebcd398
7581956bb79419b902720ebffe0648280a1e766848af4f98fc77e830f3829688
932814281c490118430aa635409ab7f4a42986ad8e9765e933c7d2211096515b
17643d0e8360184e4fd02d85f80232a899f46f5516425ef7fa47621f4287e3e3
923c5606d52f824216bedaea78f2eb3d086592e16e9f89142077fe2ac80e0a3f
8bbc837a9bc4a0c10d205542bb74dfb595a8ff65568114791bc89ffe51c82c26
74c988b99a131cf978f2f90599848d2646fa77b83128e390784d0f2a4455f15e
95735714eb762af8d04054591bb76e3d5f5c6c99a563866518096d808b325533
e03292c707238671a137a086a653b0b4d71a689ca51ad4f29bd1b60d1d9ba55f
f02c42f34ea918602aeca00fc192309acd01e2cd3f529e61772f4e24032e246b
fd56a2116766cf3c01a197f3b3e6a702b8bedfccb6bc38374e47943ed8cd5c8f
46bf228e75aa83c07c7f83e8e73d1dc12c81338e82c1dd866f9a5aa891fb6d27
b1b50b8e90fa71497202741b99eaee304890112dbee176d079d663a2e8e3a087
91899348d4997cbb26f598973a4721e1a4f5d5b89bc3418ae65b43efff55a109
72bb1a61cf0a41ac9435fd14234b4cf67a96d35e913c464035a7e0386bbfd78e
9562f9ccada6a2c312e7ed35da8a6a9c3328ebddbae2721b9a97119009293489
8f343c7b2f74e82dde957e184f1073a1c6f17a0e01ac0a500c3db725574085d5
38291cf731ddcfac9f52786e41981425e7dbf8b30d7b24a350a7da594d69350d
fb55a284ff04da47fc696d6e473296c54debf32e81e167d8a9484bfbeda41d6f
b0935a5b6d95b5e22d6a64ef7f372bca94306f3c59b2e4b03f0206367bfb7fc0
e190b67c0c86b37854b57aa27c8f43db289ea4e6c3f9af551a1a02cb5014e52c
30c412fede98362e3ee121a2403b8eb7cfe97f0fb3e5ecc666d8d366810b4f24
d41e3716ed277ee506b4597bcf7a6d3815636da8f54a108ae7f895eb9024fd6d
8d7bee68501d4af88ae97b4b07fea6f881724d2f3324397df55f0442a97e8293
facd75bcdfd128efd98f4ed24f4d34795304e5653612d0bbe96bc9ce61ed9f9d
375cb0d5ebc69f5766480e502cbeaf994cfa1d8721fef5c6f36c5f75718d5aed
3be68a6ca162a34bcae0b7efe61a6116f2e125e6a27e20a992d83fcb9fda46b0
a656eb17a6d9311ea5caa6b29a9aca5387dfe55fe48c93b19329042bf42412ce
c06fc40dbe429327590c0c98a7c988a0d9aafd627dd2045f4ec3ed9a4e9bd691
eec0acf81e15634bf362e4d190450129e66a5bda321715623c18b63998c13f2a
855eb37f7c997e31e094f8884cf4ac2d615c85e0fcb5c5004084351baca230c6
077c952eb5be7c09fd6b1333dd550c1fd11352d22f34f21938518f879bd150f7
12678c1165059b4d7355e512b265b0bf075856e9973283c0054040d275c5180d
6d8140beb5ba9be03fe2093738ae637022139f0cf9d90c00d76731b4018624ab
9cf333c6536387abf3c81f295734c21131ff3c9353a2fc307814691c68a99db8
b64ba45353a12907c871bf4c91d4bb17e430ac1307cc01a51aea9373ed4e686b
0bbc0f3b6e0e5120ab3241786d51a07fe33fdb4b019fb7558b2926b58e2942fa
e2d9089cfaf7582cdb6a74290dc1855ec028284a0d64264b4efe11088490569d
e48d8987986e84a7baa4cf4e566608b0ae4499da8b72671982934fcb45468864
e52083f6c9329ea2030ae6de853dcf5a2b0894a32410fca2bb825836dd49cd92
592e1c4982401ff1a4fa4913fd583b7d722b2c27b5dbe3e21bcb3e75d23d8cc7
bd11482f18edce6b2e154805a5856e22a842f2465cb0bd720d9f6e62af5d8330
940e7210bfe734061e5ace19e89d942626bb99887287e3af2f826a9a8f4a70f5
dfd81f0dc36a6bdbb9d65c720b55cc0282449c8954bb7bb7c83f82d845234ca7
7ce6f27fde86f400e3dd67a5579bdb1a250b85c085192c59158c29e3acde91c2
cd909a02ff5701005eda1ba45e0aa4ae169251f9748a7a367736d719da5d2f1b
bc2f91671c9005f579520584eb6dae539a0e1cb6fe2d8930c1e0abe890c5b783
a824108fbc3afc59ea598659e94bfbbd62c4182010c0722afc6432c1700d0198
e5ccf6b85e6dce99a38b91c3bd74523aace7c48a0f7a6d25d1cfcfec3875d164
2fe0686d2863640ca96a8e1f2bb91ea524063b8516dc3e5ea57c1a8f3f7f17cf
4d4af165907dd383eb7e26a5a733d3c88a91357f79c1f30b4bdac22c6d081fd4
57b56bd41c6ea592ca4d412f6664d483906a815fc611430ccf37781a0d595982
c3b2844a6f40df7ef704237945645e789c8b566801c7d856f3e07a871c86483b
8301c7efbc4383fdffa360eb7e53cd0df9f6e9a7e00198317e22c2d42f828d3b
3b561fb20042065ebed44dbc56530e741f30559b9af8d6e6c3b2d61c32832759
1c5dc45fcb4cb429519b126e2e767fb04c799d116ad8f980eb73a9fbea6f518a
fb896e29a61e9080b93b961bd495c4ebe7ad380f42e4c1cce1c662d73683ade8
65d9d73199c1e28f26c4a3636ca3579d5e9e73ecfcbd39d62a43a3aa0938d23f
39d6991c0c345e89392e0765ee502559012a3b9fcd4200dd41dcc30da079014d
ec3b68144827d9ecb9a1e5ca0d11f5683405d1b9d0b23a6e02cac8bad175eea4
70574c7f6dce5106ed10839546522829ea6666fe4818d9040d48dbf00adee290
d6759a306ec9ec5efe444af3d36ec0200f064cf8562ae04619d9f5f68903ce11
5027b807748be6f3b622c5f97b5b007167dd441a36562888ce52d9fa97bfbb7f
6c00cd38a940fd65c97e1adefb24fd2032c3b2fd35c6df208e579eb9d2d2fe6f
d98e10e9b2c8d20a237c450cf5dbe7a481a692b1821ff902a659c01f867c297a
a7a4ac240a12a7df53041a63f58f3710527813d18f9bfe8ab0053d251e1d98b8
2217a8db98716c9fd7d2dfbb93013743931fdbeb7fa43b8568b9dc44247ac2f2
52e9e3467c7058fe76d8a39c8bb31fbc3d80bb47b8b57146647da014458e0de5
02f6a3624d85105c5af864fe7c7d15ad4aa2a472af5f125bbb701b55843f3b3d
9fa6de63e0b66be92aa492a2b6b87a0f1d6570fea89aec15ecd7d2f0cf68ba27
ad8c1b25cbdab4e60501da6069cbd7eba81b9dca7a572715258f7c17f9758f57
c67940556b535a8a7c5fa4260ae1572cb7201ac5d22f3ee393ac1ddb8de14625
8a0bbc7414e26f3bab04e8a8dea6b4dac15bf2c949cfd544ed7dd8a010acb931
efcdb93b5e0a32c53ad82a1de3ae1a4560059dad3f6f87674b645537b93f7224
666c916b89c2b43940df88a83182f6e5daa78acd0a4d53aecaea88221c632325
8875f76ade276954ddfead0d4a50daddfb0e6a6d14f1f790a18eaafdec1cdd5a
4a3cc60eb7c8d3835a7e0655a4514f3a54fec608075bc12746c86354ce3f29b6
1f24c0f4993492f9322c8856529fcba52e5e7674bfccd3a8cc43acc19bff96e3
a767f8f3a3c6927f42fbfcc46b561c6cc08baafc31daccd009ac7071606b75ec
aa8d1835abbb762d6192b05fef447ec1d8480ff39b81f8ff4e0accc5a151395c
95fa83674d52479fcc6aaad8ae43f9f4aea2a8c8e1907bba4f5a3cf3a6351853
252ff6615d13568257fbe47dd50023a0bc6b3e33c23e0b0e682827158733fb95
713cf54779b975e3e5055b4c4dccd156945b84d9f06b380d0d3dc1ec3e84fbe6
042c1d6ae54022aa6450af7d083d6392caf321f11c2c2f94244af5dd9e6e6e58
16f194a7029a7857c41cc69d8e2d59b50ca141e9d6094882b1288b84c7ff9e6d
e749b692a7ef34727d33183b287b36b1b83c337ad71c608b628e99752985b3a6
749c7e68e8297f93915358efd0f8812267a651236a9a392c87dee5d80d1ff5b4
566ff08c06483abd091bba1af875cf75a1c2a1e234456897387e029be2216df4
f293d84e8a68c9cfe7a67e84fd73aa34a3eb92ca63fe00b02aadb6704d6ed165
098ae8c94ca9fb9c9fd6d3dca5e2102ae0e2ac1103a2b438ff467b66a122369b
bd51d02d987d4d912a01751dc05da5c8110058155ae8f42482574c69ce919f06
172fdba6e3a9b469b790e7dc494bec54800a932c800982de5ce04d85ce522837
f80f5d605dd1a492187866ff6eb13e459a175c87d4d9793528b48ff92fd8bdcd
16ff8ff8bb971c387be69b96d42a14df0a20d7a17ac700d240d8d64fb5c30e6d
265760a23c48fad691cbba5a793d18195538628436cbfbdf2c1639527174b88b
7a6781040fbc1cf1165897bc560420e216c0ece2a64240fb4aa0c41934a8f501
bd33f7ed1c85288e90acc9879e177d5a439cf5eb6c66a83a781ed41c63d0c31c
e6d6b0cc004ed9be6dee1b3194a5462603260f8f08d5bfcf10f7264ef2b154f4
75cb3e8572e990d6cace62e19d68fdb43f3fcbaa32637d6c2857591d88f2d1fd
05cd4672fb9a3c04bb34db4246dce52e36a710768ea287ffb2d84c4ed9c8b261
345009e9683a6a47288a77c971810ea9491e14731a4f728c2a4a04c2a535126a
775117d5ddc1133ac0053f2227fcadf250fa4d132f2cb0a8144ee588543b0b7c
cd632b63e40f0122ada3c4676117f8422e54887ed10a4357577aa2c2fadd8fdd
1b021d276474c625b3aaba823ab365e6328d231a09d827bc60ad7c7d0ffb14bc
49567753c10484293b0566a779f7a98c78f4fc69212d5564bd48cbf9d55f3ee7
01add828e176b1237281f4a34ce832670782010a91e8ef07b348f4297d1e71d2
ba2fb224ec693e157cd5bf6e91de2a36a44c0143bc0ae8c607ece6d23c43461e
f4e665925c377edde27c13eca434f7de841dcbc714960bf16ed5293714657e50
cd893ed87bb744163591f1b3434fff9586511af319ec02c70a9c4e653c81060d
5e59e47de22e9c3c5c8f0afdb8344f645a0f9b18e904155932f00b9bbf23e819
88ce80a53f090c0c601beca6cb3106dbddc5e6bf034db87ccab792c27d7350d8
da3f4fd35285d4373f3d8fab82d4d74ee309bef45e1a293f3aed57d2945aa43b
da02332820e0b9f4c37677d008f8158dac3048324effdeed37919a74b697b8f4
36a9118d7109c8cfcb9822e2a9c4f5016bf809de34a12f53e05c5dc7462ace2b
55730b4ef6a9392b2b3b2c027b308e7df73732607de15627bb11c4ae0d065aca
c21fe5073a570cea7b1fee5a2fccc38f9052e795fc6876522dca677e2578b134
05136a0e04f7ccec5e2a54dd0e77d9aeac58843e18776f219e09bc14bbc2401e
d97046af1ea8769c395215ba057d99d90dd6b429bd907d250b32e927246a1f51
8caaac8d168695fb35ff9de7b86b2a1462793c959e1e9dc6b6cc0f34fd68345c
dcf7532ff368536c4008ea762d785c906c9a18cca125428042727e3e799b880d
cb4bf3a6064e3c2894570b89cff708146ca7862974542947ceb2c2819d4e4308
db299afe13789562b1032ce46d158f8b0c099020e0b3934881d3857b296c90f3
621b62dae49e3fcebd44ecb58f493433f4cf807b31607c771d330052413705da
f337a7ce5ee26fac6cd55f6cb1ca1dd8e0b0c9fdd8808179530394f21c832796
6a77fbbf9e6c0e4788b63ab611e44b0ba9cf71a5c73ec06e38fcf62b502c19f2
523e06177ae45357b467450936ab9a3d5db7643d44e3cb776f5ba6d9af8e8370
66d6c090c4e70e5ca05a55d09db3180172d3b21906e05c578aff763dce4045e5
fd66c7a0273e3df37e40d2f434ad123ae473b56d0e61c81f00a4d0d8de5ce185
db44809af744b3acbea4dca6d32bdb8c284fe70fba4df8b735d67bda366e27fa
7ccf159f68c3d06d1b3a06081cda9b5e1448e2af0865e1600af379c60b1929ce
c946b1d83016732381258da5eca4296714721a606beda05ee0146b58d1066f23
e34c6e514b45aa23911b75043228081580c93f7ceebeec5746958191e6440739
6c071c1b65ca135c412948683033a00a75a9c95853d056328db82bd59af7b288
b222b4f4eb82cb1ecab82eadfaa6b5716e77955c4a58fae201a23977c5e46449
1ecdd1bf477723c6918070206c718a9c75a07d740ea60cddaedcac2f75e15c0f
813e34a7f8666bcaedfaff205ff55d8d4ec7ca1f85bb4713db729bc66ca31ab7
b731b01d7e8f36bc5a7c11607625d164e0c17104b3d384b4ab8baa40a5c07345
a180205263be800a710f173b9b94bdc560ede039cb5b55454001ef7622d457f5
6c0b83fe2362f52817f6497adad0b8db0741459a1bdb28ebab0d7ded713b9fb2
646d5b9fffd3ee637718e0e065a89d364db7dbe1e4fc39472b2b4861e7d79fe9
4d4f489d3e32ec78bfcde6ede4407eb2113e9fa884e8ce005dff7e6dbda182a4
f8317d6da2429530ef26c3b0d111825b26825f0f0af905440df5129bf67596ed
bf1d424bf024bb6f247d094d0ae1aaca1916ce382d0eb4a1240ae7153880a190
e0adba9c3707037cac33a649fc9014d7c4c4958b1971b542399bb10f412ab245
1461fa6e29aa07fcccedfc8d8839f5342f398be682b39962fe8d6ccb6b46cdbc
d19aa9aa27e0f7507567f33b2d38bb369f0ec81cae9f6e97d39ee8b5a669cd38
7aba7c93932f71ee62533661a60a91cf2d66e454e2c5f4f2f8a87e51c440184d
1dc8dc99add0201c9cb85156daee1c0560b90a291dcc1c0d67919e5b4ef5d0b6
928f37cfbca6ac96f2295b658af92afb0cd0be35138294484a99d6cc2ba175fa
89ee3608f51004bf9cf2eeb42203ba87fad2810f7672fb0340322ee49a2414e4
2ca6737846c9ce4a5ece5ea729832e629172e82be1407947f539130c2b808f6f
68b32700b41a0ce9277b0141c9ec9161d756527542684b5653c7fd0a5d6755d1
cf7384fb573922919d468fadc8643e3a4bbe557c17099578da54eb3c536e6166
f34f7a48b86f018e6d35e298445d4d07846a54a3f061d08fc6fa7c8e2cc810b4
74c33a78b237f60d424f27aafb6a17c2c4d99c44a6e9f9004b8220735033a6e6
17475974aba3ce3f37923b9734199b6a86140e0aae3a2c046a6d3af4d7c76697
9133117e25107b56443352a4d1e625ab0383e40e222636c75a90d756e44d53b4
1f8212c49033259417d9539a81dbde8a1c4680fbd7b457a31e760f3230f670f4
6e0c854095181f4d670fb206c4629aaf31b50358e334b592186225acbb62c71a
d35a4533533113d2a1a9201bd12b9f36cc07849678bf9fcfec9654804aed0c19
5ba7c9f6e6fc4608c8e69adbacef694d77693cce167d81da6b1ec7ed847a2c0e
bcccf3a430a76afb036b2e3e9528ebf38174ebb30eadb51335aa4be1dfda6a3a
35e2ce717d17c8c515a22f199e98d6550d4af981b324bbbc03f67b9c13838f5c
3378195d41e47a6645be20e70b3315cb4a629cdede3d97188f8486c3ffa00d24
e39b41055f1b204b517826e346c7395c110d5f9094f87e4e1bd5bcb0dddb5746
901f8536ada37182ec49999e8573a0266e4a83cdf4da30223f3c26d97371d207
ca2381ca09e44c49c4ab6f2839cb3c77db5fab8afb256cf671ad14061df45eb0
67a489d7727dfb246409513a4e7b894fd62669781dbbb9445b1d9f373da09982
8990bda1dbbc7de4b6bb9fa524bdc285b8aa29419c9a29d458f2f8ad440195d8
66a8fdcedcbe7d52fef167e663c6dcf7093b4cdd1c93cf24eeeb14eac720e285
e1b7ef9dd5c131f0270fc5976bb588f779dc0bf399f54c1957f61673e33b9c60
653d6c4cdca7d1e01c40f1f190b442c78fde93f3e073a65240f49d92731bbb84
53b97eb336b17b086a05eecce0b6eaa815c94dd78d2a4db39be016be8fc788ec
16baa4c9a9aeb9da412607f5d8708e60915bbfbb09eb367c98e9e94bdd5f10e3
5e7cbeeb6833f71c3905b68adf5ca43caa1250bdd555b212bbb074e3f7b75b57
c229a817f4516592f6b2f755af6e388d9473a327d1067de0baa50bcf65f5bb7b
a56259b2b7238e832a5f466de3e705f3a415b74794d3b0f9cee450ce545a06a6
5d0da11e4d5efb945f081a8f7acc67257a46f5b9669ef7c6119515dcac2c23ae
f0a4470d6d5c252bdcde9c3222f8876d0bfd3017f30216327b9bd96d4fe9cb17
4db6f3c3f03371be033a7a768dbe664684092862323d5ce9b69c7f32d0d6a500
8cca38727a6473b8843ee4c976a6089ce14f2a092fd84b6d9d9684edd985601f
c68ef281ce6df709deda835339d844e35e9cf3c235502d3d8736485cc6f91307
ebe5518030ef026cc04ec5a6bd028cf21adfb09c7bcc0cdea630c7fedec230be
4b7fd6545c76ab3dea9cd72f571e066e0a2a154a8d8bc6170851341a76c9ca09
59ca471e48e534d61b98bb9c3e193ae07a04ef3558db1981b75c277164a89c5f
bd0e2d3e154fb537fdcd8809e1a76857a5a15cc4eda2d66ad7d1836834dab6d0
f04ef2fb99f505aa673ffcb6f9b73628a48bb9754e4431c2000f97821ecc9de5
4908bb072b122c9b0528162b01773c6df094e37e9207fc56db13de97fd6a7b93
61770cff2908d21b5d0fc53d2518f4819019dd6bf6e79ee6cfa81546870e49fe
d3481501a662ed178cc295ffe70e856c72ca369b2b1225ec9aa65f85fae814fd
eadc146341c3f3f7d552555e55c137c1b80560c41811414fdc710b1d9edf529b
a66e65e4ae5fdb7342b77ea563769e7b45edfcbe575c8868ae5619c8ead908c9
04859b8f687d260c92b1a5543a4c55c813e31a2f47b93ea06c696519690e2007
e2e8ce8adf49e0b31cd64c6ff5a52bf49f4c4f394d2266ac7c908d5a25beb537
d8fbee9f0121738a6f6bfd0d9243f96790ea8fe73cc285c3b4380fab6c5541ef
610fc59fe0b1df24adfff03c7d1213a6bec65e44b93750df696f67fcece60644
73d38fea27ac7634eff9a6535ba2ec31edc6b5459ea0f5cd6757c9414c7c9cc6
48ac00d32a72f503ae1aceedcc23d40f4f2fae72dee1bb6c550e8f51b7429089
89e31902aaf7eeba659c92a766f42e72123793e1df4df645b7f9255b35a44b7b
d9dfc38407fd2a25dcdbc56be900937f711747a99403697ee5ae87477732215c
bfbd43fd4739938eb83b3627206b85acc3b7eada5d1898161283b942b61545a2
3bf91ac65288daf6264c30b9a1a3de6325d12ff7b0c5acc4add99ae0fae71b22
b7424a35f99f12b95632ce128f587d8b1b3c7cad6e2469fbb550722ec1357f21
530629774406b0d3b5d093f8f5310b6a4ce9f64340303c3abd8a32785ae33331
5a67f3b4eb8519bb5bf36af7ccae4a3fadb2700b3812c5591a2f7079a4a21659
49e52162248482e63814be44a4c45ffaf54cd70e33f28da83ed7123b04919e8d
d7bf1de689825b858f21fb17dfe402b296e7038e04180423569462a302cec3c3
29f8b1b6f384c33a5e3855765681d2c25ad0afc37704577904c3cc19a82a87d2
a93454182e6012918bbb5eb727bfa1f0a7700c6ac88498bb5b68609eb1fbbd83
e102ba15ba61357a02bd6457eb4e3bc24f42187eba9b85897806c3f6cb3dcae4
3fcdcc599205ad2c23058e48ebf4cf36f64d7fd352ecebefbaaa957449db4834
d0009846249025ea94e74f2840c88051b434233f79656a3486605fb104c954e3
dde3b1e5b7d6e2932062286c8f999dbdf39e2ac37d30ee82df53e79a685a75f1
beccd74dfd8e67019231516a32f10b74fdfdbd3ebd4f63f61903f37adbed0b2b
5690c278a5da22813b7f7ace3731bb115c790caf02239cd9dd91c1f567aa53ea
0ca748f8aafec532c08196f4e5ca96f5bba3174180e2616eb4500ad9800e8155
3d5f1c24e6a2fd43725df0c13a4b437788008e9ca2b7c8cf304cbd8109b93e23
6579afac250b3025c208f2cd0f22ad2e8ab2f9c193e6c0078fb04f0ec30c38f7
7ee189a6f69e1ad7ef1220fbde482981ad494829a21e5271929e8bd54bf052fa
2df4e62f332c6d7d5f8bc6d20f4192df384ddd3320f4342345496c0e8d1319f2
76379ad8eee614f22ba366f9152f04c15af3df6b2c45344bf2c3243a03cb62a4
76845700c2d28e6f577c9e4f2c331c4cbf56a484ed01ef07d148bd517969a6df
6fbcf112a081159e86f822a7cece2beb5f47ef38fdf9da0f008de213c5b859b0
bafb987d8dde48831a89db6b43c8f76083d09cc1d48927659ae54eb7034b63dd
ecbbed48251cedb08193230ea3165acd2e4e157f52d71f42fab4e0ed71fd0584
eacca6b23cc4db9a5fec550b0a292e963af3f4388f9e2e61823d2b3258b1202e
5e111a4a2f634583bba68253019aeb11881330be3031c0f12349fab290f48ab8
d2154d2c276ffed3791c453066ec02aae32d2fdd9d887f625b976b6b81fd95a6
e37a1c0b079a7860d3d464ecd51524350967728cd346f362f552d60b071d7770
1d58fbeaf0c04e70d6988081c3d19ea8a277608b4b75f162f5cedff84505e054
e31acd07a1b7d47732d14618c65a1d4e18af514eb6fd50edbf076314c6dc83ab
ef52cede3309126521fae5aeb0be2264a95fc0be0af05673b8f6cf7e5a0a551f
1d1175588164e8df1ff24e92a8069588ec564266679f9098348a14c843ccd35a
48d601e47267a2d09781e219d06a789a31f6bded318da2b83a797c7744fea902
d3e91992b155c1e6c34d5b1c2fdedb3d96334e7f4f7436710953a002968a6b7b
7a2bcaa65da5ed4fff93d061d365e416584ff4cfd19dac74b246cec6e24790e5
f8ba567f9b1c335cc8b91581e025588c9cbe8ae1824b824bd2e7c8f84d443b7c
fb3e170f2b05f390a213f637492b318ef7f8badc0c42b352df007dbf7cfa8c81
00068acc0e0d67498ce2cd60f4ee0589a156c141fc0324453ec4c0570899ef36
8cee14435d7155ca885d81ff93cf864c1a6db8610bc2a75e54295bb4565858d9
78331572f78be4adc25020f520f56b6888238c9ca0b6055ae9676c8854281a27
da8eac2da32bc4d5cf5e541fbf5c47aeab7ced9418546e4c6a76116e412d03c9
c2e82bb74eeb28a0345f2be006ab949968c9252540d65f6997d8592dfaa11f2b
3d52cf5ea759992d0cf2a9e3dca4e20c57fac43f4e4ff2c638523af20ccf328c
014a0a06dbcf1b7bfd770fe6d0aa0886826dee18326e07589af33fb1541c12d3
57cf4946580643ecce25e6087a2aa1467ab91cde8c2a8766199a044cde37899e
de89624eb676f8999fc8681f7628c0e0b191f9f63550e26be3c542ba3fb76c4f
37f87438e30d8cf6d0a55edb8be92b0e9e4a83c7f64dd4b69760096e7b0f06a8
a8d513361c31a1c6f1fb236743ca22267af8ac5c97b8da8c310fda01e581941a
c5451829ee24001910245a50bc79817157cfbae60a11b5881c0a730f4b1d8e7c
f4abc32d7169ef9f4a6963ef670203e392c4d27473969e719d16e8a621f7e8c6
6c956644272b8b07322eee6600640bd145444ab47759ec7208a120a27ab93ed5
7a57c07341d637c369049a3664d4f98bf2437de021b5516692efae4f9e787f8d
ecf29554a2788ff5a759a2cfb4d509ce9a5692ddd7b920b3d4af476ee15368ac
3440d72d0c10ecfd75118869a2a0ef0045e6c36d858630e1b4ad36cd0583f73e
6e1bfeebb2be081b2667dd11f57e51947cc454ef9023d6f8202ad6a67b9bedef
e853c461cdb218895d9e2e40945afb1d0438e08da1812fe79156014c4ab08e00
9ec4991356704adc23a120236eb87c22e148d66a33b8bdf060799eb35b233f36
8b91259ae2ebb7ed86f720c01c3cf75901fcd7b39e062bcc5ff4c2ad008dea4a
cdfcdc3fd963882043b4eaa47f3a8095fcd2832b674d5fb9bfe90f4193c37e6b
5530a7bc04c2ab5d6131ccf06f130d41c81f4c644f75804ab1ff2674d88c3b0a
1bedc0b00ecd73d1c6c35cbccf1a9f88644639f4d538c6f09bc25517b9c088b2
d191ee10ffb01c1d8f133468514d0f51d81d7c8a774e265f498f9c9fe760c325
273cf2d6e1050581d0dc7a54ebfa5a26bf52ba133747b73b59223287d6bb5b1c
353f71d0608abf4f0c630900794e0c9a3878c5dc3cd0469e478257b665c7a7ea
b0fb27df4b142879850ba0e757973e17378750f926979cbeabcafd04648745b2
43bcf2727d25e95a25d95128b8d7cd0da2886f5fc2f0e0226077173de93c7fa7
b25f8ab2dc8a90755b89e5181dadf4a393622309c3aae73fca28c8fb6b92cc15
4a8abf97f1b7bdf903ad24e9c20d841513653826146839167259756e620d54a1
346671791753e5e693da8d135c67dee8fc83b2cad294a569b8af36d2f0bcd28a
64a34dab0e53c0a929255140f08235595cce3d65d7862b57db3f3a84e218af1a
8ee6a9d8e1b6833f45a58a5582970f32f222d7c0242861efd05b42c653539630
1b9cc73798a347ccd3ffed93fe09861335f862df57ffebb0656828c63e69864c
e2fb808cb65f2e005b4f44cd1091a238163cb90977358f1e4b99a65abf1ceb5a
b21f8a522025ca7f16fe73eeef7397b05c7ff52907e8d50bdd9cbaab56da0491
80759db42af917d7b5bc996ef17c314cd4de867ab3f233048cd1e34f24240338
5840c646292be6530bdb1ec8cb6ae56a56b09d7f46c0045068c045eeea9cff17
3c6cbd381c170aaa4db899cdb3fadadf5f95ed6fdbd70fc68137a8f09f86932b
c13fb146bdf9ec191ef52f8e2bb99aa608f6b2bad9df1e40b99d362df5ba0bc9
144cf4d028a64fd2ea677659888e0d4647efe027213eee380ba0a063ce1b6b42
417865832e6689d7799da10a6262396bae1ab2ceeffa0917c8e06482bbdb55fd
4f349b2262bb1b793e95677487f84e779f5fcea2085882799044c568bc941783
752337513ab31d750e896cb31762d80709bbd43d724269b94fb378fed60c8e9f
91026ab658bde4b502b5b40d012982397a28bcfc73746ca750e5a5e5a7582d97
4721de0205f715a6373d52815abdbf0d932e2e7ce0fe69faf92ddfe876fa69ab
db0eeadf14ceaa8bf5a11e710a442ffb26e5f191a388c8b0eaeadb15ae3f556b
f7452f745327354dc1631bc254bf504b391bb833f7062831ebcef1e02cd1d2ad
e90b78c05d2a8628cdc0867638a89849cccb823259f3befd57ca968af4c332a6
971af89ff26209035826a14da5752d170adc8d8dbe1ecc62167b5ff6d97506c7
25c28fe3675a3145178456e196fcc2f1fb45c416290154d8297482dda5a404ee
03fa948da47172d74f87e4cbc5ce839dbcb57a7435bd50ed6f6b94189098dc0a
81e2c97fbd43fd08446995fb74940443161225fcf03fc547e6398a21626057a1
d3745d29c4d2296956922042b8d68d3942dd051275b4ceaad2d04b8181241f33
54fe91b778738a40ac6e49f7be8121ed3cc76bf9a14670051f6d63f7cca9bc67
a2a4bb5bcdcee21b40706cdc8a858065f87700d26c89bea5f41fce573956c458
7e648748704a33947c756a785125ba86b358a3beafa90b1802b2e5cf4e057101
c496afa3ce0aff7cee434d383de6dc9fb002554519e30f9e10b5ddcccdbf7881
64a1fade6fbda4b6464f38a8c096f174d23ce83c47ba6caa0875ca9bb79a27e8
bcf257be343863476829625888841b79602ae5f218983465b180b4dbdb52aa8d
fcfdeed0f29ec518b356017a47d172986defbc5739606d8548a669109dcd02ce
104a70b55858d0969ce980580d70f6737c31d460672860d6fc5b143c9dc09f3c
c8975771458e52d7b6f624849abdaf85b3f1acac61cb4231897d98f7d4b4f80d
377648455cfb7df25aaa09c8613e061d16e55cb11294a07172f28fae87e7f518
e6a2b900ad964bf0c0fba0dab9e675b28b5e6722d2929b1ef8009dd3800402c2
3437b061d6dd723f93f6ac199b2f9a17d3445f1942a44f737a3a4b25b07c9c12
91a26cf8a2713fdfd4aa3377d7adccbece39ce354ad342a195b5de52700342c5
5870e3d70bf5db0c941dc881140ee60127cc61285df608ae3b5bec9af4c08548
fbfdbc6c2503f5c4ad8cdde51ecfc547e4549cd4f125db3226fee101a78c5268
0e04f2dc88d23c07de08b2d22d70a471193e6951826899a8bb63f80a7c704fd3
b7c84fece028fcd38b9b5eb76c09a2953c2846f8510a4599603822eee078e5ef
7d2f82ee6de95b39b8e11448adadea03bb7f14f0b8df9a4561591644e9267988
195b7d387b6211561602a59f108bc1a2fbc68fbf34848eff804e1c3df417a545
68d62d1e34e06929e1f15387d7efaa6dc91fc9aaa2c598b2939a0f898324ad52
6069bc80830b16911a21943a1278e0c1cc2b1cc282d96ea2a7bf14ee4e23ee34
e2be9731191b62f6d4e261896b9c6b8e9c8b99924fb08cf5e10778b223cefe43
498e8cc70f1b3c491f15d585ff29724be085c4a21fe88b8e958a7d5ed72b50f6
b9ea427c5dc438dc8ffce99f5cd1c643bcd2d611472117a8641376b43f5b9154
4ef963560bd9138cf4b2708f7d5b46852a281fc35576dc33f9910ecb3747fefc
83073de295d82a33e0d950b45ca94421bf998795143b16e01caee936b5e31bca
2a49e9dd7497f5c949d70de6bf3f7eefe5a0d47b7697e7acda57298cbdf19e4b
56a957912790fe57263b59d1259a35ee36ed51bba4865a57914c167fd87456be
c684202a5e3241f0b2eed8543c4b13e3656594bf493bf009c4918a1dc769f465
8a417befafcb2a24d95155e74211c130439cef56230b43bb62a4385f4a7f35c4
f96f650f87cf5c0f3b89df9b18932828a5fa0f41a510e2e05322f35b2d9d143f
b0135008f07a43e07eb5011214770ad6edffd9e45992319ab0a4407eee6c38c8
307ecd5e0d8db4f7e7e4a86d6baa87e7552ce73ac9c0bd507cb5a6b2a56effce
f3b1db2770b046532f99b6a4c53a4c76f9d1d6028121bcf83196039b61d4eaf6
4d223f0000e1c813db506c4547a14dc97e84e7a18425a7df2e87dc93a1ad8f69
7a69e2721988233576f0bced8f5154064ece0e23b3926efc94734d7d9d8b68d1
fa73b2b152de8b81017391588d6007ccefa590796b917e0d3839216875d03af6
52dbb7de3be9fb2df8d70d9aad2f814b0615c47d1e807070fe8c8f34e2135614
21968eace107a6fd8dec6d16e4a1c0d592ae3da2489ebe3f3d73da7d3fd020ea
e4b1bf35d7307f3bae724cb2d8459bdbb480c6ab5cb2e5c19b104747a1fbf2a9
1da3fbfd1c8216742b33ce9fc981c9e91d60cc78cedaa65ebf0713a27370f343
26f7d166d222c98abd23a2140a6424b030ca9aacaf62daf8bd1e882890844cb0
00fd8de7114999a15ab35857560268954c75bb611dc2d654f1b6b6f78d48b11e
9ffe32c783d95e56bf6053323c8f419d36e36c64df2a73b0079c65d97d13a3b2
6d7bc667fab39f0d16c6321eae8b2cc5f9d375867d65d9462191b1f7d5f004ad
d64ff08be99eaefd4e7ed64d345d9f2f0bf6700a7ff39d1b4a53f78fecc33316
88a277a351df9a4e0f60e4ec31187383b56c18bfc089324b6ef2b730aa2962de
8c819262bf39202bc30e621fba5d4d1dc012dffeda20a39e8f7353100e5e941f
d69fee731a40a78ace0f7e2a0820ce8218189d7567dcd4fd8531836012883628
1c3f74ab40515c829f7f8910f55c22cb89d53a55b1795bf9f0b34ac01d679df9
d0358e14c73b5de0a88c445d78171e16becb1200cdd39031d8a38a84d9df818a
5e84a5af297f726ab6209c90df006e472daa0991796feb0dc6bc4b519503d619
eaf2a6df1ebf95ec9fa17678a17f389b66092ac343db990f91244c219c2d917b
3c923ea1be9ea8bef56586fbc9e9f5c8a7b15487327369c2c3b7c9069039eb38
8f8aa0fc875229fced2158b518596324cbaed5c1d0d7bd56ca4099cdeedb0f2c
889b04f104a020fecaadcb26862d5d03339868ad8c7d72479a36ce8315ce6b71
e67c574ab93fcfb74753043be1a312a7c17f11eace2b1f1e8321d2971ecf2ab4
2b887b2f87d4008e310b0a7e61c9557d992be1736dff1994bf4ff98fb676941c
6bbcfa3fd6deb068419ae1131842309577f5df35c2cd0715593f06574e3cf2d8
3170a027f7eb1737ea17941f71ce1d5fc1b1810111bb9379201d2eee1d2640d6
61228038aa260a2b22b34dae8782d58b9bdd32887311f7b67a43f3e29dd32513
262a998a301526e120f6363ee2d511047ed1a98b457c60ae8cddb37bcbde32a2
ac51b17ba15ba8b87cd18dad32880cd724825cef4e57bad05f23d72ba8222e62
fd9f96e8b3cb66177d2aaab7eb60b85a6672c5fa0387a00d1719f130f2c51337
13c1d58e6e7569c1b5eed0fb4cb6a1dcbdb7aa19b2332b9e401da3c354f0caf3
a7ef67993c0ff73d32eaca2a4be017699bb3655b652a0b319d8fbc5f6d71a3a1
11159de4fe1a18163c20aabc3208609d8045a897d74248bc9a315c8b20876e38
a0bd6365e460b9f27e897cafae9b8a594f50429f4e72b0370f87bafe46b12b48
15389c4e8f6b8d8ec9a7bbe4bf077bf5299c47b43c6b155b43bcd434d1d4a485
80901660139a94a92f1804fe652232eceabc9d4093be1bbd147b29fd20b8df6b
c1bccc725809697055ead060d1edd57eed1b41ffd472f3f68eb489e58d7527a9
3a6c6e71e68f1e8e042ba8f450568d9e62376e537cbcccbc36d9a2f46b59a923
d74c1a8a2d6110a024be8163d65e384378373ebeed213c3f1c270cbdc1a94668
9280872e3cd8050e015299fd09921624207aefbd73c29d5b2f4c9f2780cd4ca3
a1fbbf92c581a74edadfa746ccd1ae6a0eec9211c6d1677fb47026fabc3db4b2
4ead52e07d461bd7a75f1b3062ffdc377ce8fa398ed55a0c6145e21c6ffb5f0d
d7d9b9522f68e77af79d0c2ba12594d7856717da1c393fe35f3cb81f1a13a3d3
7c975f28376b43de2c3b8610b981d2084b5b6c583bf43c350f45956aa869977f
0648eb6f81c8654ac20ea2617819beb61d57d91766878612fe65f480dcf92309
f747a22e7553314760f086c1d738cb10f5bfdace724734099239a0f847339753
5dcb9eb23d7dfe9650f660f7fcf1a8aa95908e8a996de176495c6ccc9390d785
84f00e688ba86f9e1b2f090517babfd3f0141140d7eed8a3e71837af2a6cedf2
ff7e35d48d2387433ecf122b568f7f3c5275ab72e72624a56a37732ebbd1fb9c
0b66eaf58dd9aeac53af2b45f38ad06be89690d984b0cd8cf7c938239345416c
f017110f68bd8c06ad4606f14cb1ea53f615d4bf326fc9955d736dcdde1f70e3
1d32bcac72bd8ce6ae8a06b00e636ea144a3eb01002d8df6a01ced3be561472a
0e830431e0a61377e1260694793d874d55a743686a06533bffc772fc8e5b023e
27aee71698a8994ec02c8a1a0aa9d1958f27ca733821e84284d1f091af355cb8
b0aa23502867cc576094426de5dd36bdf13523ac01149b68a7991c717a47cc68
31bd6295c23e22a26424177f19095d571dde64ae4d3fda361f724b49e1d03234
2e65d330afcbb5ba3426be7a55005e168fea28bb084b113f37e67332c88b0b58
6df6a3dfdcd3d2b7abb97257787d5ccdc3de6f24d7e946a0894b4c0c3228728c
527828289bdddd7e540caa3ccc0d109be14cce5ceaf4d0efa92e0d1c675f3694
246d7c2a26415123e4bba4ddb0c6349903b0481726d3aa3a01643254c020d4d2
bf335b34276a5b77a2413b5924859a78927de0397135de452261effa516ba56b
18eec0c72e7d1006b83620aad230409f62a58ba10e07dd5090e3037d59cdf0fe
41d02dd0306361951b953213f5e99bb3603cc4dd91ae31f77907dd2ab32013c2
cf584a053aac83ee494064e2cc5377cdfe31776cf88fc489154f39abf355cb1c
cb97e2c6cd1c87b949e4fd280debb6bb4915016dc6a88a4833bdf5ef7ddd2fb5
2cb611edc23e6d18aabe8f37c8b95d4189dc2464fa2467ae333452436ba3a3f1
254794a888890441b86a35bc3d06439b76cb720d02115a970103c7a6ceea198c
6922a8906912a4dff8b59dd65b1743ae6541861fa99387cd37a7f63ed19aeb49
9e1bb609e4eb698f557c3c7b9026944a41745996741c12a35f20e4a727a2665f
8a5e0c797c8503361d196e19910eb7fbbcb948377de96208d65a2f63bdb6dbc4
74b7a91d9deac70fafbb24be7cf26920a969dac189f72acfa30447bcec78c577
5838f8f9561a20299bad478a0c4cb1b4afb6b11ba4a29735078a2a23abf9f840
3bc1fb271786e1bb9ce058954cd1d8f68ea4fbf520e12fc960721afa9133359e
0d6a10a23bdbf35c4d0577744cb8a6eab6c3bb8b89957f27f40b3e190a467925
f38568d45c21aa211f1d2947c7b8a0b95e56f619c62cc21e0de9bf3b37daa1c9
51a654e6393b7654553479921b0bece2c65ba1afb50cb3a2c1d1b51a4dee6694
635ecb1110148e76caa28825ff5d25e170d19cba46902dfe38318709b23a2a03
604dad4bf5d71e1eaaf6e03f9599827dbe8173c2c8f0bdfa6d236d2a31c92da0
317a2c02fbee41230db3099187413794c29e1f7e37b50bab1f217db5f7669451
e9a7269e1eeb4207257faabd07dd93d26f4dfcc244591cbcf7dceee6b19f9778
1b29d704730c98e7c62f1eca83e9332c9f2b0584b98ea1ca3ef381493be5dca4
e322b31da43aac77598d90168e08ca3f11458681879da99888f0f35e053f8089
ab1c92d81cfa404d71d814c6e8bd6b46bffe0fabbdb1099f68e498d859e04b91
d2eb2fc363beb1c03f5c42af741eb83ef5ba6b9bcf5eb7045c73d41d2f456922
01447c1bff7230aab7e45f44fd2b95394c8c4bab8151eb1bfc8999cf7d388da3
520817f25ed009112227642ad000377595bfbf0c4c2f51f1b4cdfdce949a1d83
6cd076bab0743fe4d31e2b1eee13eb3c58880539bba251b21f7446814bdd0587
46d1d1b8f13c664eb4c824b824faad59fb274235fc92c9553ac992ded6408a9d
040ceea7f1f0d99354aa18a49135d6bf2a629e5787df70de29e4e5ff83e2c182
d1482a9bbd1fbf088e0d488fb8dc5ac698863157cfab6e0c565142c5f3570572
f4e3801c1d98a7565c021428a43495ae7ff8028c21f4b03d5ae2bd4d451212b6
7b7786966a1e387049f9c1a73f1b1f8e83a81972ef5b3ef8fb3d10de57fb6640
9e0c3ab102b64f51c84d9b8b00453c713e7da608a60ea1d07f30e4f75dc22927
7af1744ac77a794a43117804a54bb14b73e5932c92a43b302fc81feecebd888d
82e8b301507351957ce529f31d1e2118a5046ee25fc6ab1772d2aa603b9f3f97
1ea96f6629ea26884cadef8034c2871926b7fb67db50272fd931c09fc9764f0c
04adfa41ee95d98491de870ce61bf867077a6c4be244759096139718f875f839
a501bc15b87a6e03f6c9136a9acf2e554fb5976b90961918c987f3c58edbb852
e32bf9b06f84c53d7de678ef721e66844e3146ff59e85c72741b78321a20fe72
d900c53a99d0527cc8912c628b2fec82a28cc8829e1f6185eeda9e3d09ba02d0
cf8cd069075c38a9535862103e40a1779a78031591d60c7e57d7c0ca67aa9db9
21f118ed67b5f21b493a364eec0e61e87317994d1d91707b7d984862ea7514a3
b3bb67c1dc3cde3c19ca85382e3e297e615ea6f8dd244afa754d229e29073e69
08cd8773f9911981aaf53eb9f9bfad095e81cf73634b0f04daf6b1aa1c737a00
dfa472ff16294ca50bddbc9b6b6e57acc5428ec14c2821aa7dd79dc25631114a
814e87c5dc0bdc4e531430e34c7117b111e30ac53b75f899d24a144b68f3aa1c
415c84fb4d089683914f8818ad82f423fda0cf74c1520642ea9b64abbf4d6254
94f5127c5cd598307f47a15e77d6d346c3fa03b2092d20af332963eb46269edd
b28d5cfd0fb4fd5c45219d3e1049c95f99ddf3291c22662212c54a6d275c70da
c3978129e989f4fa857f51d178764238d56a1a2bd9fdd2224f94d231121f6536
13a2ced755fccad9937d06309f1b8aeb6ef7f5b62e474f71db7d52f1b709ec28
b0929d0e474e89c2c305c12b9ee187ebb380451786768d2741dcd2d7051ad46c
8fecec46d348d21b655a2dcc84b9cb451f5526f7870e8f5a6ec0898aa8fde970
aa7e43945fdab44157dd3b91780b24c9692122cb73a3729eca0b404a88a9fe9c
d2079181b16f80ee77eb322a1bd88bd5923285db9e8caf84a16ec353c6c9ea14
40c6e538c603808bd86f7b7ea932d9e221bfa28d6fd08c6caad569fd9bfcc378
6f5faee1c32d749f59fc3d51612b9f6e3cb2cf5ca660da56c4b69fc2b2ec18c4
3f41de0cb426a34d4830c386f581c27f0f835ea5f7fe61c4bd08ab58e5c7fb15
2fc2d083fab8c31cf8c738b877cfc8a79e4c32f09145ebef158aa2d95a6cc565
2726a6dc6cafdc0e2507b5010bd177c5719ce494270ce0cd0919d7790b788bac
940d7dccd7f32b6faee4b18016fa0141fb064126ea15e70da0ebc3a981acf20b
44d24f23aad1241e54e72945bcf8badb6fdb27364795d4bc61c472b0bd2eb1ad
8ee533e3cbffc5245351693b81fbe9c992d7e1cc2ced2c504bbbb40b4af64e32
c70800c14311b9603fc94ffcfd74c7ebd476a46ae1c71201eee6d9b26b96a721
144457b3e16ac616166bf771634c3aa4da622be38f00460360f9d6a361756ee0
ae0f22684e4021561dbdbd1ee0c13d47d002f682dcd9151c225dd540cab2bb3c
6b536c83647eeaa2c3f119b4c11f0f96a813200a95294d900ba430015c78ffec
380f086c0d101d5299a93de6fdaf33c0b06d77b773c58f0accfcb623a479b161
da1c89a64616307a1b588791ce0abe67cf1f7cbc53be6ef81e28dbe6fce23871
2a90bad71ba5ca632d2047791626ff4e00d4f7e59f125f7a3023bd7f2dd71866
e7c0e88cd54ecef5a80cf801b9cff769fe20d7eadf8423c5b9aa519b29eeff84
299cdad4aa393a24fa66680092406e4036eb1af0c8fec1b9f8c9036c1bf302c1
873ac1fca5fb4b2a7c00427cfbec4104ac9416068eeb545fe40e8f5ea25c7d81
3ac5e25a9be8c8e20be437ee09b60a5681db6b4d736aa839a4e81d264106c689
bb2590e73eb16d23ea2d2e4511d8ea96dfe3a1c41b3797c1e3832df50ad1b55b
0d2e2dfa986bcd1ef9cb3cec13ca0580c64162e63eebcc1ba34ec8572fad7a36
5f0aca6fc1b1f904c77208349b84bab332cea3126ec5c257a3e85709ea722098
f39f597342dc747c87eeecfdd99979a542bc954c017f8e6ac75870751f7ffbf3
03539f273b0356ee2d37d202882ab818a091590500028ff97054b89851736288
1da615c5b1d98a1b68cd53b36902385b2139322e3e9b388216a2f0761ea05ac7
d2e33d7dd04f283ceb8dbedc0f9b284b268363e5610b35eebbb97f6b927b77f2
50551d5ddbc65855c576e4d8d60567621d044cb6373f15a5b02ac82fbf236897
0b7c3c1479757e064211144c1c31e4f4d021604fee282f55b1ed7b3fe9d2b74a
e75d4d2162d88e18553fd31ced2c892856ed6724b113ed9afe660d1f51379b93
2a9b2892918aef488d182423cfc9a2b0325863ce136c7d03b777de080599126a
06bf66c4fe9e74a313d3ae8f447a8be6230f5ccd9224c8cabf7889221f3fe710
9db83c6a6fb545b0c2dc820f1861103a9746392c4e908333bf89e6262130e179
e8456a12ba6e599e684f4a49ef30e95892ac4304df11bac7b506328269f6af6c
edd20772abea605226a6fb26b05216423c52352754262a2a82d1c20ac9a0ea9b
9e2f075e9fc820c01c1325c13c851ed1ba240c7b69e308b14f51340ebf84a839
3bf625dbe44b6aaedb4cc0899228ac870cd9668552cd77d004bc5563532f831f
bfe454fb237a44a5cc862aed4365ac699a73751e3a267d929b71bb23a633b9da
47f9e5c5323e532e94a6620b5a1f575f9589a3ab19168307b0a677c6030791cf
b1a12670b989fc660e06502566645972cd31599617163aa6a9a25de7f8494e79
cfeae44b3792de6af134e48c40732c7f8c3df1adb303fa7a3f8b387a98553333
5c3aa8c564776fdbe785d6e80bcb8daa67738036da9698747a593c1d15466a38
9f618ae8aa84bc0f2718175f1a202a10c0a6901c2bfe21a440008b10bb59d2cd
4ff9713aa4663465761b0c74cddb5ca12db17999744548c406b8d71bd2cce383
64835101fd163137502cd46e7f68e1da59e81948c1236da847072d27b8f8a11b
bff21c6e625ce8214d7e7cfac88ac125333bd133c6faf410e2cdd30b4baee712
36c38531ede4e92af3f6c5e4a22e2bbe13c72e5b790be8805ac63b51049ed49f
9203daf4c3afe909ca71addd02efe9d6270404d09f0a68c5a22fdda7f3cfc87e
67af87c2b1cceb7be31ae42cb0150062219951b2b55f7f33c08c1d75b4ed17ec
f6e63e0e69e53b1d8197f2ba99ce6774587cee0e7a6e80efd57b24d7cb6954b6
64d856f5223842074db07ce617b0a041b63f3db2649d752f49dc7a2b30c5ba97
ba919a90c84efe3d19e005a479eada2cc941d403e539d05fe2c25ba1c20c8092
5563f749f8efcc3be1db3f1eed6141d59930eefad5d37fb58d5a515cb381bb91
52dfeb625fb1c3d5031ce5d59bf6ebae5d283f16398034fd66ff889e70adea4f
a3ce751f0475bf7b9986fa3d2fe16de1954d603ce61f0a9445affd0660a9007d
294ec073e1797bf9dc66da410f04b5bbd645826ac9265336e3ebf7ff28a89f9d
f7a593585b49e61c23492c6e203e3c22387eed021a6b23f62944d48db42bed7a
f9f8c39ee34468b5ea2f98e6da76d0f6bb7700d9a5ca4853c96ba30626f16705
3ca3596e549a85ee008ba65c4cbb34ff48af3c36ca7fbc297a6ae60f8c75bb21
d026b7ff4adad575a1ed35919c9f4e5bbb4d86211186703bbf7b1ec32ddd5644
f4c82d5e6b61f4b95be3cbb184c57a19f7463eecbbaef76493aa1d13995c1df9
cd48d05a49d4bffab2f2a33785e63dbdaf4f190c03513112f147f44d4a593042
1d9c43cf91a905f985a3a83794255c48ab253835bb6d660d57393ddc676eda8a
85a459fcb58836ddfa2160b0f5f4c4fa5385fed7a709fba6cac6ac7d5ea07d23
64b700ab487f97ecef23d351188bbb8fe67914772b8ffd2ad8278773969d7bb5
700e76fa8a6540789ad9168c5ae3c6084b5679856c494d8e318b8384f21cc595
f25571ab662bd8ee17502a151ceef68576ebbba7ef3fc7c9ac38e7b417e64901
a6b82d639dc8b392e0366ac87a7605df3b42eaca4351c0d569d89b0f9c658d10
7d59e029b4c5aedfd0508884acf3ff51f7a01ef7c81cf378588e5c569c2072d6
5e64ee35a3dd92097f98f1ed6132c0113237777b6148bb3fb373d57692e1dffe
83254823db161b2ac428c2eb1faa1b622e1d7e15789c6fa20b1ab9f1ccfa5efb
65630b64d92cd7b5b356d172e68119123875a1dbf689f11ceaa27fa19b507695
b09218f9684a0490a093cc2b7d69bc0da8c688f3dca830cda777104900bd3f4a
5ce331d1e5117a5ff93d3268748752349325624a070db53b44a3aff4b87668e2
6a98e0a6eec806ec712dd2e8ca1d18355e6fae05c2052723f85274a5d63aab92
01cce95278ed4790f4aaa075a011a92f368656a5d4ca8f3d281b66eaf5757d2c
8231395ebfef9e63cd628860b58eae4e3b4c2d4cfc07b042bf139a72940a254a
2ce587b4336d6d6de7192fb215dd2141b4e7be5b7e2191bfdf7de4255805bf7c
8c9dda81e609995610f99cfe7da53bc6c90c67212fbc20e8a1eda20961dbd017
608c9e1a16c96eabcc541d28207be37a9e0db664fd438c034112b07af1b16c0c
11d6d6be8a36b28bee410cc4453588acb68aa5759efba6c8b550b22a17d2979d
75be544b43a35d1a5e5c14fd53c6d2dd6a607952c310a659d14d6829fb766bae
198d91ce6445f2d6afa47191f04c4d523ad82f77a9cc081e5bec9d3456f2cd6b
d211db0592382f6c87cbbe2217d1cf2d92d7c9b76061c64381381469420460fd
d6d2fa3511f0cabc85f0f0294f5ead2d71347fd24c8a1b36d8dd604f268bd6b4
d5dce3179202904813f0640cce68c0e12a15fb62aafcdb4d573ca184f4edfc28
c6951c9ab9ccd39d43ea3715b07da74d26ac7685ba4362f3ddce7198f9843564
d623f54d8ee0fc7363e54de504a8c11c9a3b64ccffd1d091289b1fccd2772cc7
bd1ca8b99aa66dd4d12d02730848797fb977637c33f7f41b257f78941574f159
0f027c33a4c11e9a8c1d302bb41e32131671537d4ae13d2084145ac8c8465dd7
b2c2073c49f70f8fa0041c89d2d825926282fb5cbdc4b989553f4e121cd7eded
e1c05939e8a4ed7e66e2a6b4ca52590af342031e56d46e6ca9ccf94fa8923d12
b926262b687deebab1cf47bbf92df31d3eafdd6fad4fa44b7f1a6ccd4c2953e9
007ee4c0a12a88e017abae0b2f6417de161f8bfe547fa04672d2a8624a1780c2
6722af56eaea868ed225d1f54eec9940aaa3e995da7c74e7572919c53ecedba3
05831aa9b23831611839423eefcccd05d72d986b49844cbeed8a51a3b751f8c5
1335112e3946c12b71c9d813a0f4af3ba6525dbbc8f6ad74030bab62acf357ea
fd37d9e0859dbc68ea2127e5dfe114c2962341fe3c059d5341f342fe8a29766a
f8a4715c4c7097f9ce1aba19ec8bd9008086ae88df62a1a57870225c379c344c
269f8c66a84526787faffe87f0543b87ec96ef23ae41e25c3178ad3c7bdcf17d
927c1361cf0c01483e1aca122ab45b672f85a166dfcfaf42630eb063fd912079
c2faad8f13ddf3488917acb84d685825e908af7c9efc4d2ca41bf3a0bc8746d3
36b34b608552a2b2e59f9c84acd8221f3867ab8121f7e41be781658b310c07a9
e5837c590d74dccc100205859912152d44d3fbb500d16da83d2864e20e78c3ea
6921e7a49177f911014fe711daac2d02813a6921b807385a36ca24b1b343958b
682724ac45b93d129312b5e2c8aa802fba381a9d35f0f9e265cc24193510a67e
8d30d951b85478fc37ef3db7c9d7109a143fde6b7de41a8485f9509c4defb09f
02c9281340c83a5bec0f9764dc8048541b6bd54d13fe4dc06ff36a18fc533c80
8efe481aaedde78173c0b2d836050c936e0a0593d31e19098bdbcdadb1f7efc0
acd81432e2b8516298bb0fdd80dac64618a343d23bdeeecfe426821b7b2b8de8
a8bcea7177cc7c4f6ecf5e273783b308803240e9e5036c047d247d3c5068f8a4
0985fbaa46b3b56060aca16180b738afd802529f86eac4cbac2ec1c932028d74
c04325e4f481b526b33931e9792bf718df6eb23285a63b8745fc0926f7335b11
7aaabff300c817c41e03079cace6cabda73ba03ee247ab7a4643591386cca40f
ba59260ded4ba3a3957e03b0441ae4e937c8302e7a5ac212f6b41f397b1b5ad3
7c8ba6e848b9393600d62f6b6d45a90b242b7da8238b6341e2e8502d35d38761
f190f764361f96fcdcba47039f7ad198fea8cef2e397852df48174309cb86e3d
5cf3ab30dc7473484dcf3c78392b6a9b86706ad9488324ecb73bd06f8b4550eb
84e14e7afb143f84dc3da5c943b344cf275c2c7c18379fc65fe5479506b0a6f0
f3347ae34a0653e51d4c7605170d7b4127ff59212709bf486c1979bf2c15df19
3f5fba6c1eb206d7b1a3c74c2a7030d0df5fb7b6e7d85545744cf110dcb56741
bcc81f1c760003d46b1892a957403bd06765487c410b09e5f1d6e66609b48679
74434bbae99df877c833d99878794068d35cbe070509524775c65a7fff3d0dbf
5139ca9d017c8eb65ad1d8f764eb59a0d9d219ac6bbfc42b24cc07764411a07f
2ad5261fa610ccce2073cdff32cd1d86822fa2dc32e327b094bd289b994054ec
552cfad1b48ba365ab14b20358d5c545b607266c2d028326899546fd33644745
e62dedca21b57015e77551f342ec6a24677046f70346c4c479f80280f53ca2fa
33d344465b03974f783a90c833f9e327b69ebca2b6553cb51f3406b931a48762
fdabc6b48a9e7514d2f5768b551edcad6ccc1382f274ff0f59090b6cd2a4ffcb
7505670e8ea61d2eeafa20bc2fc08cbbee13f705ef7c3003871fdef49dfa38b9
a6b16f919e35b9f0f132aac3aa8de6ea8c1dec3451c7480d43de8094dd1da45b
fd39d65a75edd1cad45f5b8b88a8cb5bd1f8b58ed86e6c801c394c9b08fd2d41
47e975e1b61a71d7e4b9bb42b743335fc2f2346621ab7c96553fbc1d13b5ae80
c9314e65147f6e59a67586e67a29b8d8a68d4c6b376e2be5bc04d3402cf187ee
d25f3f925e4560544a0cf9ef4ae06bbc6e37c1ad92e606dc508dad955200de51
f74e2cb4fcd7a1ca23d9f7afb30f6e75a436d8998b5fcc49d30b3070f86615d3
c66c58ed16842266f6a912952e6979c9356927382a93ab1935f94cb9b8844b15
573b3ceaac22555bc7047fe102fe9f639d43ed6f37f16437bde37b5c6a7dbdd6
4a3fdb8e869e6823e3965c7c5c449460dfd224ae7c093c2d88e5c21b94fef89d
2025ecf3cf46287f4d7ee8d4c7ca3d11d6181e3b14fee19548f747f61276d7ad
9dbb4008bbefa3fcf896086d0224816c3b126e493dc0adfe5fb3e5b365fa4074
7227aaee39a4368f7669edaa76ecef205a5f442fac07ad9d4ecb17477c85ce88
b827e515856d22c56936d5da4359177104049a9f7e56d883c31a308cd77eb064
323e9580b1eb81e47fbe4b196df1cd7bf61afdfe64907598e7e0b73a92c1d462
1fb2ae4903d86e219badeed1c79ae3140bbb0136cf30a68da3bd370020ec5903
3c7b72c99be0e94e8538a75ee26c4183f37de557db1626109af045668f35f441
294c123cd0b041a9fea581dd5e3142c9659f5f64449badf62ae1eaa4d965ea5f
d6f2fb01f24e78a8ea024a7689f6afaa676eca9328b6e49e5c7396603e766edf
52f59082278b20132ac8822183698cf9bda82d9516689c38cc3b14f2df594412
a3f017662cfd355e37d49510548fa855ab290184bcf88b5187f77066c7a08ab9
29331f3fd30cdc7c737f7f09cc0ba7b42d3bb87dd2ca100f8e3403bd727632c6
632ba38108035714b864ced51ee86cb4332598f8eefc4b1b879aebc34b676f52
1b23d9dc56afcec79706d285b5f80dc9e106d55b2eb91548b242ffef274ffc55
8ef901b4e7ba6ba7e7ce4b53207dd8dba31b250e8a9164853ee5c86f82f27ede
f4a787315990cb7ff9d2cd3107185d0fc9dd542cbdbb2f568fff8b278199e6bc
2a5e00bda101d66aeb82bed592aef1398ec92566c117f2ea0c804f9bc4c5faee
f02aa36e5afa8cd6fd459ea50d80600fe66e6bb7425145117574b71e10e25f63
4a487994ad8a00af4512218d5a548f092f2e0f5cf7c56365ad55f8dbea6fee0d
e453d08cb128e7255cb798ce4355d3b9eac349ea46933cc2e0933cda3319c4c5
6a55a417170f20030ac9dd4731963fd553a710ec492c5ab1c9e0e98d6d2ee603
c4bd2d353f7bcc1a4d16d00daf925a3ac0c60d18c7c0fcdc4a8edd66442ee47f
3037aab32296ff48dfeb714751ede8deb4c9a600f0e527b1b47b41b3dfea2f06
f36e79322408ea151bebbf04e44507ed0cfba054313f56d0326fb4bd0de77a23
d36dde791cbdda3382f6590babfc48d9cec3e0f6a4ba3d3b58154c5bfdc72107
5e876e90c6d3373138669e0c271b27b7d237eca077d04faa58e55d63d1640349
3249c71be2a62ed94c77539fcd46b72e80ff1ddbaa96105b0893ca96c95e14f0
b484f0031a59d137fc6d217b0f2b5b1ef3714eb6a1708a9b4240027d69071319
dbeaaa6354c403f4a6f242c76820019d2f838e78186df8a0ba248e5b5fd70941
3e0e5481cc3a8a2b3aea36defbe80165e7c598fcc640740b340d441c65f6ce60
60d1cee9297c9524e9944d2cae0c6cebd22f9f87cd22991fd497e2f12365954e
db10f34ba9d092554a75c33a66d1a42dbb6e8ccbfa81ee1cbaabbc36fd612368
9b12aebfa71df6b681d7d3c668375986a6b55e348c3771b809c25dc6e402102b
877f192469f1da845a900f395ea394bc6fd34773a24505c04c242e2c3e17bc76
0bb4efb35d3226dc2f69db5a2bb2a5585088b8414918ec83e271188d4789b300
d74516dbd5f3f5056dce252b6b5494d6500303495d89a9faa96d8154d70740ad
44ac65025458df91a87c97205014e242c8ea4efe588cc5bfbaf509a2c7a64474
60aaf8684a6aec1151ccbbeb8bbdbf8c5ac4ffcb1cb5668ff2c3feff7372d3af
6b538b85067f94185f6879333b8c91999647b55f318de50639951c769b23ee0b
31bba9f2a13fe28536273d0258db438a0487306b4c803d98da3bf9272d10f55a
40771380f8d89aabbdbc634fead49f432ec533334762b2d0133c19485cd745c9
58ba862d505002090c93ceb2708a808ca69717e46c0c21b900080ed26c5e63f9
273315d8c8c3253d1f71c7c329757df84cbf19470e2c7d31ff6f5db2fc26ecd7
225e4e4d445599aa9b4ba82eeef668067a6af1d3f5ab1bc035e9a7d840eefbd3
53a535321e18778f521ac7d9412026ecdfc9a56901b972327635f38593c24e16
bbadcaf4d6f6eb6b9ba3291b4ba686eacc6efd1428f983ccc82a57d75aa822fd
8738b7d3883af4f12832cab6a27def49e8bc70b332794f998a2e686699ef28a4
76241cc1482195c67e3009fa2f977926364c9b686b54f945ea183f03aacf6319
587ed4c81e0182a9decd30ebde200910c3f3764e2ce40ad1a4102f6f668e976c
f249dabd94a5d2c6e8a1aec0039a27d0d8e116ad423322af71258e7aef8c9f03
136663e2bcc667f8cb1046ea8c7519de71465b2b964fb50d85ba909258e299e1
d9a6edd305a07a4902cb062549e24ab94c7fc3de4e52cf2a14c8d888c4994845
039ccbf95578c9d5f87c09b33ced89d0e32124f6e6da75df5dea446f2fdee5b6
5953e513398c4dd029e23f3866b918c89af49cef0e9a60c9ea63b4f00ce461ae
f7f54a998cc74000ffce0e015d5466ecd60643517d278b9fe6d42a4bab9b3b6e
107723756517d84e62dd0d007802631bdd4ab1661d93258cdde2800e06f2656f
22e4e55140da9b215173ceacf94f9db08d9b64e7dbb876392b34299b5725a6bc
e133ee5dff52e381a0e635f5284543e53e6eedc5ab9fd7e37159f2ced1f38ab9
5b59f8e078b8b8a0a0aef35b47eab15bd74c36e933d61f30e7fb0f5573093932
5c41ab68fe2bc34bd159455f4d9b247de76e41d3e819329d192927423e270a7f
ab1a6c79770fe8686c9cda22a419b43ff3cff938798a95e6421250b3db397b15
ab035460d58473d96de85a9b02986444efb4cc936d8c921f5388190a8a95313c
21d88ce1967de5d1cafda22518708deb9b4cee53d4cfa81882f82bdc6a57e4cf
14456c5a44baca224f1866dd656fe3c2062791a77ff11272fb52894dad185d7d
3e56bdf371120b54072d0bcb0492aba4adee672e8ec19b469270a950cfe5e6b7
e410f4b0c6f51fc72b179fa025a56c8021839549c122576381cf41fbc4e85b90
3497b222c20255a231832c42aba9c3c8a07b0764223846011efb914f20c44dd6
07dc98efd7f58c685ca2fda4ecc6903ca11af054c415f780a84cc3dadefeff39
281b840f631afa3b16523afa3dd1524ad5da65aec6ba15dda54a2a91c1b1d0c6
54e640b048975da72f16d44e3d1217165bb02825c6381d5b44864a25648e20b2
b57c3e4283e2e614941ae39fcb3cd5a5f17ad8846819d247b767f8d60cde50a3
4dfcd812e335be253033d7140aaffb2996bc5c6a3517e01e53ccda06adb78c86
594514107ad4359a89b80390543578c81263a14604a044f606ffc4e5cb4882d4
d271e36ce6ccb691dd186a9e0a65c3c532cc9982c3ecc0385de7e0322328c200
f17fb2bdf7ed6cb463cf6ae0a3ef4976be32758ed83950a17630e77f3506f30d
c0b4b5f2104d2bc654e3a8975cec8d22a40a52803d9eda9b45cbfcf424ae922f
9613ce8f9ac30d7bbf1ff4074051080a9731a98021d12a309510684f16505cbd
254eadcc06a4346f96d766a6a5aa411e1e3e72b5ac012553eff2855402d3ae28
9cc0878780747eff8d6de25662170498056a3acb10f55f62a1db8f90e144822a
f0121712c4acc604506e3086cfdd51adff77638d990c7d4118c91448c38849c4
5dd58ccff6355733735d6a9520ffb325ead0a811892b690a940e9664d3396e06
64e6e4bca7bb293407ca6a6b0c061a3970d6d3cd133f89b0c3a6a0070454fede
00651dbe625bdb3228ebe8504c1af7dcfe10de508efc94288956714956e6d41f
6ce93a7bdf20830cb8e4b46e5ac16de2049682e2f940c0a780a42f00484a0789
29b63b3aa664327b6e525739539986c37946fc89f0ea83bff87a38d031404773
16710cde28386b98dbe9146c8a85d13d8535b9bcdbdd5b798dfbf78fd88c300c
2f9774b324cd4d7427d471bd91c1483e7a14826275581f8a644d8ea4f1e62dbb
9a2282a5d4198044ef627f222cfa781b43eb8457bf9660333fbc0a8d232544c8
ad82e4139dc7117e550563f353baffda8e0c40614380ff5f51bda492467fca31
37cc53857cbe981d70f12182f328125404d7e98514525eab632c909030f0359b
9fa41c13634d788b5b98910135b4e747c536a73fe7c9a44ca3a04f5297a3625a
e974dd7dc0cb7f71d9ff1c8647b6773ddc09c51090577d191de1ac55692b25ab
7f04e200f6615fed5653b645116ef561486d04296e6d29eecf5b3983549178b8
e3b2700c36fd135a015757fca690a06bb5b31f2a707a3ee00b7866258abba6a5
7f80a675a92f95e95b51bb13688729595ee2bce2c8ec986548fe17b96acaad21
e4e4c6cfa29ddffe9c26a492537ed8871b7ddc6318524ef9eb83b3d1e0cbc650
e47b8d28327c2229321e3743b183900f0ba02d809b63676afaa1b986f7387862
3ee8275346d97646bc8c1afc6bc0aacd6728eb1c79953448d8b507e36a8f7680
8fc27feabd1634cd8ebe2c35edf806051d4aae8ad67dce743012a9988dd0d1e5
1119c8a08c4c6aba498b304f89feb9fea0737e0c555da67ae5ca1f365cf26e69
b3a4563acdeb5ae1ba2bf583005e2e14ee1c798320ef4c5b51c3416cb6d09003
cced9dcfc3e5d8a59e0cbac8d0a56f3cd3e4bd9f7336e1589c61b28dc2aa5592
5eb53722e2eb2e064d7d2e3261b628289c429cbb335e0ce9f7ff146df0e2d5a0
e14144065efcd36c8c1f498d05bf3625ce8277e9dba65d87e04f8cc8a02de4d1
142e30f803c84124a30459b180c059bae6e16cb8fa4507b698946b99d9c02868
a43089e89febc83179c81ddb61ec95f20dea6b8470c989f51cd13c0ffee0a708
676d276becb6189738910a9ce5bea1a2bbb464e39907465ccddcefaa3bf58c43
98afaf6342444ebec224cf48bf3ce682eef41cc672b765831c64bba81b672dae
e001ec4a5d8955bff3f3d2bd039af97351cebcc6e1e036b9f495c9ecba7a64f5
73a13af7fce3a7ae20a0b4d5ecde00b6c4e1401d5d4ee32f4db767cae259b043
222006e374ebe31391d3051e97ed1313e548faf6a50e828fa69f078d1d10b21e
ee3add2d3509faf552f3a4abcb310ae3296289f288bd9762c99cf19947621a20
2d720c2df16bfe6a4eb89e4dd7faf79fac2b279f16c76dbaa317e619e56810c9
7eef63dc5bf07170e7c2677a0d27e21577ada1f484a9ac426ddcd3e37a70c9a7
60c7ae48ab3740cb9799bc3b835221732a48b997860eee4ac9b2cf997331d829
66fde61b7cbdba7800f823f5ffc21c0a924ddf8e2ce53322148151b0de61e33f
a9c8ebee4822aea0bde141260fe8e874ffcb5cd52ad5448f69f80b7235bed8bb
57833eeb1d6baa0d598a7413f31e3f9866436120eb772d62bd3e366268337187
dbbdfea853e5f7a248aa5f1458c9fe3e99606272be435b376e4aa787250e4ae1
a1f924b8e1ffbce49d314c74230c447fd97910791bb66ba5a6f0c540ddbb40dd
142fedf00c7b657e876fc57f400a49eabbbeb574ca177663afd598d7b487dae6
10942b730c8340a0ad6f130ce3a4e67ed0b840a284c4aa15201ff2ff6389fdc5
6f393f057390d626d2ecc617aa313165cab538be76fbc191aba382afcc44f6bc
d554a41804da93e0d4d4dbaf7fa38e4b60fb2950b2a38134d14419cf13026615
38134e2020a5f083c3a714623cc33a5cc096e631eaa96ac7d39fcdf4db67419b
131d76a00d5e02234abb502970367391ecbe2c6a328997afd71a02bb42cf0508
c6049811a09f46fcb2c392ef438b6a72cdf8dee3fb1f5401cafcdb4db4cfd285
e0af331b2050e9362c08566051f7f0dbef03a04516b634bbe41c348acbfb9aed
7633e1a3dc5d35d052090f3af225a41db6f6602a0ab9f658bf753a50748535ef
eb09678e7a017042a52dcfbd6322ede4de617bd6ae76c12272a25f01952c7096
3f5bdf6b9adb3377b5e990c997d70c500e7693239adac821c3eb203ea69fee9d
e7d2cb2322b6ebcbbf1d69dbaddddfde22f8b5dd20901c5175026e62628d46f3
8daab452ec28f22a844bf72dd908015dd57c42b424a3ee43b47bf2fcc802e2fd
7199664b5176dda8c0ff948c47001f334ee932a6c0b8edc6f9d89bd16eeacbd1
46c2685d861b7297bc1fe51c1fb75476d893df0f170d5660b28c45016f92fc41
ce9e7dc249d47f81d99b010dc75235eec69a98a94c4c0388de50dc401bb7e376
a104061db7ed79083d5a4fd8c1c9592ae2cd96068bafead90fdd3423a3f667db
b1364e1a5a0f36e1a79af6bc7e1577898648a3fb9184ecb2303c005d408e3682
8eea74359e6552a6398828529dd329bbb09cd9d8273b022fa8ce77fb5adecf36
67bc208996828f205a1639e0fc186326930c0b57e9eb6915ec95d481073e3bbd
d923b530c347867321c50fcbd92188a86347de024ecb2d05b41cce9ea3bda936
d50989b9111250ad25ad48174604fecccbc62cee7b1efe0c474e6ef7a7bc86be
2163e2bdc4bd4b3d322bc37efd7e54403eec08962ca768bb0ad26e88eaaf3e0f
4ba8b9a7301a47a400c1d35c96d216c876ea08976f6ef15d6ee6224cf4628aa3
a06e9fd7cd703ec7c4f0f47473a8f674a546cfacbdc1377133ae72ae768cf301
aee091f8ca446d250c45362617242890f39ab800ba9bcd28ce424b2826bf54fb
b2ec3e74c285e89af5799b8855aa21e6a523f15d8d6925a8d7124d5b5bc2c4ab
17a6430f48ea33fd41f9ed65254fae62099e0870ddab7b3dad2c5c0db39eda2c
efdceed32ead0138d8de97be9d3c2bd1c01c69f7a13f73245f1828c5f054f950
1c20b903895777d85e46f5b3343dcffe558e05ba8897e0c6c3fff0f1562953a4
b7fe6e4fd57b97aa1e7fcd5824637944cd43f113d4f88bf7b0f52fe247b49726
cd3da7c7f14cb4a2ea6f499aaddb60314aaeb72270de5325b65faabc440c7da7
db3ebe110025e9962610234def0f491abbd074381a3383fbe11f984399e2ebe9
d3b3680e9c108bcf1e468f352a3857791cc898552a78b4fd681c704ab8dfde44
4bdaea9e0a71f365bfda9ad78ff537e97ea7d17a3a6c36d9524afc28bdf87a3d
26e09cc12fae3c69f71b7b334ac1a3d48d1c60bd283a3ea508cd2394b8b2fea9
0543aa60679da19211493c7c2bd50d446b27ca8c7149eb8c4d5b62e1738b2891
6765c85869352632144c292ffec358687c77a31fe9c243376b31688ff2e5a0ec
f76f4a12a4c8432e4d078830380bdabe430a3ca850d5d26d5c83501a1d0e5f98
845fac5d037bb604ba0c10c8de121feae2be98051b84df152772f354a7e8b886
e1bc61d62024c77b8ff7e1fbdb1af3577e352f1e08752a37a057c19aa21ac26b
a6faf27faa04d05fb1779074f42ee1931dc597f21c333bd6a5547cde36557807
571f363d51537f537492ee2ebe228a8ec9d9874e9e2216fd188d6bfd565f7427
e415ea8b6322144692a70b98aeeefb58631c75f41c1259ce1b4914f09895a84e
373f1c86197f6a3f6e69226b8348aeb625ecaf8b0b18b4758e11f814d24b8f7a
d65837cf3f7e49d29621ec5cc1e7f3fe7c3dd5c2853ddd9edb3f28c981969118
cca61eaf2d8f9407b64c6005010dbc8f39164b34299451527295d86868059d59
7956a0f8cde49a9c6febdd59b57441abdf3db37e35a9ba9e0ad2c41ffbef2081
e0d07d4fdaccb516f54ac7cbf869d5010e958bdfb483f71de662c15b19528bd4
f203fcdd8b902174dd3ed342933521d8b54a35df6963690bc0b3119f39254335
93e7d71aa923ed7a892085e429e622643afd131e54f455208959f4b49e8df541
46ad394c92248ebb5a019f1ab54a0c864c9b9cb2c5a1490ac3acf6a592e07ee3
2b01962f03ab37eef9571584bce91824d0aaaa2457a922aaa649c2386e8c60ad
f4c72b046f540223bfe03b5d57a96cbd004e0688669c211c89f55cf8bb324480
78b77d242902dbfb17b75394e71d8f759a27785b29aed4e06a51e77f11dca276
062ab48d9430b070c0676ec7ffd970618c31a9323abf948a23d7adddae91b491
4a6e8e7ce902ac8b53aef953ade4e19226802423f8307e7bf9f8f7cb72c63cec
80bbc3d3f140cb3df3879b9080049e2202f20019e3cc3ca98a25544cc8de4571
2258c543d31feb6fb893d7f96a1842643f949619ca6fc37506a046d38571170e
2354fabc1879309a3913a70be2a675375f98cf70a750e23c8dc137a4b8bc772d
ccdb5be93eb3b6290794a64622de828dcb0fcec547814e6c8e9a205aa877d457
91ba32184f6c7de6ea6ddb27f719446edc890ebe1580638fceece4c21394a1d9
a7905ede5fbf266178edd8a99752ae707f994359e2449638a3feeaa01d6079f5
da1544b2ffc4518ffee7196f58f0650679c19bb18233e06de1bfc1db53ddd0eb
f398965457fe1565b3bcb71f8ac29b110b6c5bb3f825eb2770ababe986eac85c
35f5164047ad8e0ac2bbee41179ac41dd0ce3cb2fd3578e2a9bd69e0f6fd53a7
1245acdf2b86b53ea9a4e1a77d166c23b6abb0fb3d169973edf4a41db7f1e021
9367b0b1032a175eba9f7a7f4a7a805e88ba9d38eb323abaf82dbb30329c5fa7
3f2bf95ddea9fe84378e2e542cb5a3af7bf51318f3021b2a4173a05414c88dcd
c122b07462669e0a21f9ef8eb3c86d7e24ca923ede1d4f545603f7ce193c4092
74a64823636b06f17174b11e89e91a7102344cd99c83b144ba503803a6d0b0ba
6528bb477907311573272eedd7f8d0bed507ac07c66cd8ccfd428158f9812280
9c11b6cbd96a3b70e04097d08896fd0c505fc2665b2743f23c061c2a4d89c2cd
f3bbb1bb51d35d9466dd58f95c9ee2e7aedb9fe72b3f67f202463ad1c4784c10
25f27c983a7c848d1f84157f830cbe61b63c5581e14291dac7360390656f9e5d
21b4d23cf7024f9ade3e7474e0481e7c427c548fdf1350f05dbfe09c5122646c
05b677339c1a64cab1ef98045799dc40edc920ab5ba198be7d8a946c221de29f
86fc11b804d970c7d4abb8233a9ec7b5fe82fb68102556e71e1b2a2797ee8bbc
2e8a26f69af009c3c116421b5a1d2a58068d9f6fb424ecfd0602c53f3f5f3b33
add368d1cefc0f80aeeb9d7947ca1fcad6006740280a72a11f80e5717b55aa22
1c41ffaa04090dbe39198f053adadf67edb6360e678fa3f3e019cb2b29ece943
553783114105c69d9c439c88891a785f2cad7fc2588991ebda6759261a5fdc55
a40192218ee59d96456c71c589c8816974229dcba5656c7d9f11eaac26eef728
17976574a0e1c3916e0ffb558cc552fc8b537922fef8254cab7707788dde969a
d4b6924f8537d76318dcde15dfa7c83a2b54d52a5040e384d143cf53b727752b
a435b1b9295e2eadca95c7fb72450531824b319c2720a7185259df1561fe29fd
4e4083e77773cddb6fafb6a98b1eaaa480bbf99c1a37028549956f8ffbe2e32c
c9c47b6a2f1c2fcbae9f65228552191eb43d9dfbfbd4cce8cb8aa344b0a71067
7e5981d35434df6f36c7cf8a6aa2ae4f131dc260a3815138faa4b1c84320b5a8
9d88e6eedfc6d259cff766bf0b349e612c68ef511d39f2b42a1f6ac04c214b1f
07f5fb5be1dcc409fd2099fb67e8d3eacb39809a27a9e876aa64d012a3f096fe
f0505c4b05e4ac8967c785c9ebeff408095303618bb2c62efd7b331c7a321afb
bfc63c32e0cb58e1dbe9f18a1bb79d3e00c5a00b70df4714a7e7a87b61c7adb6
9fbf5ace713dba29ce09c0433f827dddfd773ca92c544eee916c9a2d2c149b5d
490f77c57b00a5ab46db48c777a904e8472535f8ca8d9bc8c8a6d20966c8c74b
d7ba8cf1b5dede764e63fe3584e084db79a8975b440d89625cf4134c3f8529cd
3046df8bd606e43154de123ace806cbe8e0d3a66bf7cf48894ea71f19fca4848
9c8ca29799b3bf4856e92c6b544fe1e82402279e93c9ecd06298a111ebf6c009
26f8538549d12e6bebc259f77bd9030a43a5b08e0f123a45eeed7abe5cc1ffc8
144ef45b8da24fcff654d4dc4e17cd03b2069662d31de09e6712a7aff3327994
6ac69677c83897998c8d26b49da81badefde4fc73ffc6c7e23cb582e750a7dc4
7590af899befb968c7c1ee7a23fa8dc54a6116a5a3d2cd677caf75aacc958348
62077f1ea13cbc38c57c1d07a8abbd20dbba795432e0c401c7afb5b9789b4498
cd153a18f29542911dfef7bbfdf9a4d9899139758544f25e46603f7cf99c2777
8197cebb3cf97aa236b57079077a912c5ee52282e7366068f67cb118bf559841
2237c801f9d7468f7da73a0ffdd71429e365fb17d36055a13138a1bc1acf0fa2
1b66a46e4503749fa7479e40943ad9fc6688aa0368830806e85d5fb0c395ca32
7b6bbfa1471f1fad084c1fb14d162a4ee82f478afec77d79b445eb8fd7244c01
b892196e18295371ef78f02e09cacee0193f178617226dd7527fa7f0291af6e8
7b7af4cb4eab1bc13ebe4ed64de74bdbbbcaf7d573ddf5406516b08d97b930ed
2e67c20bf5ba05464e73a90eee8f51ebc8408becf585e94418e110375206f8fc
ca7aeb3d0dcbdd556c6e5d2654588246a674f3e1c91c19a724e65a34c83a7d56
ace3f8e3e582ea4c6b414ed72281d0f13ba05951f649f97fbe9fdd4976f39820
84c22439d62b71dbe2b573723eecb4f7ecb58885f625261666eac2c1d86c30de
eeecda9e5040de41b343f8abba4de11ec5110e2061745b52f61fbb0b10329886
a46cad67aed251df180ee04aa4551b24389ddf7d1ce494ff2a15fab431e118a8
7cdfdf4be23a4b1c7790aa64220adcb9f999338ca5f8015c186703af0612406b
167f0a12bd60dbbc7a4562f0dd8b90e9cfb59197e26eec8471be47d0dcbbd1bc
10f42d1ac9d85614aaf97e09865214913ee5159a05678dfa67c99c0565edc3ac
4b0fba6711136a2bb356a6ba65c5f227f3ad0a2d4481a43727c27c665b54b026
5d4efb9e1ed36a6fcfe69ee14e3a9f9d5336df9932207a159f8426a92e675289
30139abc358fde511510ca1cbca068553ba7b01fe0a2a9af5dba63bc9302a83a
cf522b6dfc1af36219295522272619d61a37597f6d8b102d40c37bf937dc8087
20aabc5c1cfaf55525fd7bd3308e2926145ade0f03023840240d1db944a139da
3ce444d40b1d7c3128295128ad47f6076d48477de1b341ab8cbe0911cd823c21
a55315c7f00dca43269c77c76cec42ff374fa5c9b881c9d9ef6ea09ddda62de8
d3a62546f69f7c95f096b75a6ca3a593a7d4beecc2d5bea3c9141848a0e722f3
48151196f0caf1b13ac6527bbd533d86ff72177dd03b0ae929b719f9e25457ef
2ec941eb4447a3defc6b4747ae21fc6586cf2420d27d18c47fb308fc98c7f7c6
ff4209e50a7a8bd5955e6417e83917ea45378a195859a84c175b6a81f2cc22be
18b2a33ab6b123786132f0895e6dca0a8c0736f49a1a8c24b73a7c369dec2c08
8f340051105a11ace90f1c7f16c97b375dba622cb94c7f935fcb082a8df9fa1b
f92960a027cdcd02df31098a77fc1e8f66cbe8e00f5d4de74a214d3b21994e2b
5eae7ddaec4359b24403ad59ff9464a9212fd3620c6351670772cc35c146a44a
f1fb02cae0ee18e80799b41174debeadee1f0b2b8db384f27576221688d788e9
87f3c9a449692a5d3db367a998e0b2c10e8a41b4caf34ee2cf9b810ca96f43d5
00f2ac9f5746a7a4ad066b537ecf13cd810302923305fab3ea6a13dbd8d2b502
18d12b030f2fd36d3399f1f930cbed613c020a63b905e8b2f5a19adf93c21636
e448ec5949fb87e5cfc424535242fd269fbeebe8ff14111510b825e5d7c6f669
4e96159d7cc2e1be126468103b2772ad87e53932069c208e04f3edf16b5b8e5b
d93eca6f888e08745f5b83c13c7f872b027c31a42c9020183927420e7fdfd917
4fa711a7c7bd73154738067ed510b7b43200273b708723a80d8ca7e0a5736d3e
2909f3de56ff93c8ee552252b06a2efc2bdbe02c1917f5214c8a2fa13e827cf6
72b1d444c02e33b6f7d7c93294e75e5e7638ce5d5a6d45b0c546ce679198fc07
095e443552cfe7ee1f040272b8d1795a7bc7c8e54cf8042109530279dc336f49
f8f1d66144b6670825aea3954163c4f4335a9c2dee3a863c02a7cb6696435925
e0745b45586f49d259d46b2c5e7ebd98293befb24c03c3c41ed72927fdfb9921
32bd0e596c3c81b06c03984ad7eb04be8b32af7bbc99c7efc5e655b9cb499f74
06c7548847576c7cd4ef801bf9e2df7dea4dd89352f6ff5e6e8241a6ad81a407
c585b90a54666a46a1d25341852a573a0a4b64f31dff1e47b21c772637d287ab
ec5f23f0b799f9d1cac57d3325d76a1dfd0fef148872dc0ed8cbc60dab45a8fb
7cbeca287e7ded677a269d7615c63604908bf26a89c694986c50e5f81fbb680a
fcfb59d906f18c3df07da3f434c0ac3e49f8cc681148d5518d05cfa52bb89f72
c1ec0494414b6a8e831602d1d43c5f019ba9f40b551015906303b308b19a495f
7d320cf24b7b3ca9580733f08a48eb0f89b3bb6746ede33f8ee1bead6da64454
1b32621f159e6e107c59faa4ba500f1d2ef5e539e48cfc4e29b9adb0298fb778
51994ca87d4a0c8d1bb06728ecc5bbacaf7426a93d2e8fef635d902f4a3e5e44
1a7b02b7888c1f367537f710ed174e328a459e34527a11c88072b3fbfd885ee4
74c45339afc4c14878d9bbf6d0ac9d2fa57e89307408d77267720f67e19d7b9f
a665ba2b263c62f66c12a10e289884118c74e442938030cfa53884eb324e2af8
fedb70d4571685e2a6dbcc6a087c1792341e0272a31c3a2cfa798ee42decb04c
9cb9aa32eaae5e8e08431f28c84a8639dedc88b5acfafefc73f5d3b83f84b0cc
3aa93598cd4ad5f21b319b7d269bbd311eb534e492f828fa7c9a1ab7bb5515ae
8ddba8dfc9ec87f722ef92a83f6042d66b61f5f3cd992bd0e2c39eb0594a7890
7c7c558c78673c1706706451662b1d41dcb259e13c24a33f754dbd9058f2ea1b
9348b4021a29f5ec482a43ea7c21fcbf665196df4806f7f9003291a50d6d28c8
88edad02cf237454b51fd01b633b707d9b4c340ffe415c1a2793c325247a5cb7
f0259670a323838890b4ce4d9f09c5957c91ef6823ba9ce49d24716881dbd548
801e03e4b3ad136c49c73e8af8269627ea15dd10ea1d82886d9cc0326c00f993
3f81a2333276688107fb1a0a427feba24612e174295f7d43f8607c8b6fd37a0c
e7296b6bca31b1bf4b27c33d60c44bfa81eb56e45df820787b0298e3e9664cab
9e050b4e6acfb65181a4df75aa33f97a066eca92d192ed4dc189508afcbcab67
c1558da9ca5e19d3abcb17926acf8dbc168b38a318711486c7f5a2ff11b0bf60
0f8439528d4c01ce2bb19b1ce108065061ca8d95d80b3b11f500017209aa3fe8
a7bec2bb20b84495ebb51671543604c92f723c12060bb51e750c507ef9d33a27
2486471485ed7e06e54eab6467a1a5245533f4c160a04c662146c83677db0c36
198a6aae1f0dfead4d456cff6dff1c073ca20755ac059ee304a3169bbdb48459
c6afc65bc8f54354fe7c9a8c5673ac2765635f78c18bd9ae801c773aee54c969
1e373932b9d218b3bc9afe43914c13c84bbc9548a868636a42c19995b651655a
97c89703eb74341d688d3122ac17fad45876146a0a9ed3931a54f10b47ba3a20
956a06b91cf1cbc30cb56f9ecba884d5c329ac4ecf21577b9461877505782148
9f8a7a46e4e2941263b8f77a624bea95e2ac6a3ede9666697a4cbdd24edd7b56
a0f701f4a4857caa8a7163b38efc923682bad6789cf8804995ac220a6629f08d
6844c44e537e00dcd81501d73d5c787fb7063a2c29850223397dcdeb323e7ad3
58318660a683f1e4e4caea9504a36b7a431c3083756d1e82acb9dfa50b29d4a6
e8a56d51468af8f8ba93e307bc3ca77ddfc32a45bb9c1d02c6fa635e9be3d927
0cf6ce126ec96df75bba45e2060bde8ac05ee0b65c6c59da4fe21bfdb9f2f6b7
256b823feccf25a500e3a47474974f64cc14d19a46e8f6c4e91c292585ce6cec
886f3512d35985e0e40322d56175111bb41c4e26ef4cc91e3d2817522b364ecc
5abb955b4c730e3aab7c8538d61b7d062095181229cf3cecbc80f80fe5bbb0b7
a84b2de667c622f532f29bc00373cc6da1c7e400b13e1d50102a21bc7ecdf259
0102579a67d0d71356f40691f7b50a78199a0df3aa47e90fc40412fef346628c
54031f37cde530ca40d11aa779a3170da65ced2d4dd21c7efe9406718abf444f
988f55c279ab308ee32f3879941314b7cacd943dabc39cff8cae45df057c9ed3
c84a66f1a0f9c057826e43f9aa32ccdca1c78d031fbbd79e58723b2fd91ed9ca
8acf7805c46caa347f0b8c7a94d3a36c6adf093ebbd60b81acc3af3ed9713297
d2815c7269fc67631af46833d486994d329f3432160f695b41e6c71a17915697
26531adae0e64981fd07b3c68a35eb97277a58889986e0670f4c873e81306844
bdeb0cb8bc8614f2c9e5f5e6b5ab720a88ba978334f1f77d04e01b43384736b4
e50b30f3a56d8447c4cbe992071e052bd3da9eb0a999e663d324145adb6b9c60
d990d3d56e0f4bfd672600365c500d31d0b38453a1b84645ebdde90fdbb96d3c
7e04b1d3d5db50c397730f9bc45fd1ef68ddc92403d61bb7cc3194653cb67f5b
c050d728e2043c5f2f9393275bc907aab78f28aeb4bcd10e2529039d3ec18e58
e682d33eeca3064ef06db4709e6ad1e064bb71362b27f55db40e7b9130ec659e
373593ced7199df1d52b66a1171041d77c7c4db088156b8ff9444575f8a01fa1
415cfb535db7deceacac0a81bf86ce0f7bc67ce9c2dd8e46662f4e7ba988dfcb
c8e64ebbcaf7293e48b3b6498e947196f107bffb717b83c0c8013a301a24e61a
9f36000f1c640530f7066d62fb8e4265d81c2c3861ad4e0a9e69c0dde5ac090b
fb4fb400cdf044854ee4fefa5799432e6a02491e168d0eb1541d24224242c5f3
f1f3a725542a4195c93aa7b926e7e9b4679c017e3499e97a80a0ad75686e3bc2
1689fb47b7f5ad4a6c095528d395da240ea536d0ede378c23a4cbd60aaa57ff2
2ae3cc0c72611ff78e965062ea27502ca5804014e6e083712ec2ac546b207571
a873ad9af9740c3f5aae4ff2e909eb25def7051cf6db97b204e4b6292a37d271
367f015c515b6e570dc746e11e92d0cee827f4ca5db967bbf0c6fdd2244a813d
a3a9f79f192398e37bb7e021b2fc180f10f05fad7b4e53bba0689d323bd03b3a
1cc558f3193b329ffa061bfaaf78acbd96842918389120d3483e3e1ef5d525b6
34180d12a669665916e423875148cbeb2636a3131bb60c8651cea8c4e546277a
4a79f40c250d4c91261ed59af783aafee127ab18b510d81f5c96096d22310d83
c0097fefdfb7e0f59b3e95c7bbe4e3ab74168fe0fcbe00ddd0219e527a4774f4
2f83a3985984534832ee65875cea5132231f901ad07f8170901752cc4cd3c5b1
38a4f8e856e242b198cfe2df777352821d2b6ebed2845f42ca76f5fb86935223
5c991237ea3d397f2579ad9f34c8005c32769fdc9c84996ee99f580089e63908
d7c715cf51bb95452d9b7e1dbdb00e1788a0d54ff680d78a616092fc29ab23e7
b08329d85c1f12f97bf144f97b2e6970b828fe41cc92e4e05f762471e11f4d9a
268c0fbaa713f547dbba9b79ac800e573289d0316d3d9e4148d8219dae435054
bdc71f3cc5cbe245211bedbcbc873e11aa0d2064f862acd4a458618067ff068c
306da8a92aabe1fab6a214f91efe7832c2996ffa5855d1ae463bed9b6db68120
f15b90b9e261f2006c25c47cb96f620a09d7cf1e3723a7eb884ebdb80a8e4d42
75e7aae28896b317a249f391158047dd2b531c9024e2ccadd66d294c817314df
887836b756755b6a2bf6fa2bb02a42d44f00b257a9fde13cd71a63ad4d119923
8777ee2919fb531cef98673a3e49f7d07e07236e1fd329d256123200e296ccd9
fefd553da0babc0b2612760484d979be6c1906b13008abd4031a98bc5e225550
e782d8928c3bcf37d7ba9b306482fd9b76fb50af707ac179c13836fdbc2030a7
b104497f22846f15e94ce82f9c31e9461136d7031e09194e58366f373a06c08e
e773978d73fb1eb637dc80aeaf133a86a3f776e1bde1ce801379b7d2e99d0e5e
b9c8e525637907d4eee3e7be67af245bc5d0822f7527df8c648e2a3f7a9123fd
4410cbfaa54822aa10de9dc3aba44679b1c11b436e60dbc8c8a897983ab5b809
28421003f3eabf9087687d3c4589f6ffce6e9fcec7486b029666b00a6212e4ac
9fbd1a81e981b384f06ed6f96a4decbd9c4eddb11699f929bc3cd624a67e4fdb
d07bc3142420cfc356b8e98a293440812d5de957df5262481fe046676eac8449
8020483a3c064635cbaf319cdbdb61b180529efcc8720268488a917dc3a1d43d
29be769ad5772ef3e1973bd89d772bf0c2d606b30aebf7a4ee23387fc25fdb34
67865d63ac04187ac4c241ab1e9b3a449372790e6791264c9d9b8cf87135a7a7
8e7f1914b0cd5b4791c85865c08763f11d5a896f20705eae9f603da9b489a6cc
b4d1c44567fa3b2eff085b9b2ac320dbbb9c3bc4ba5fff01b80cc49453f6ca79
2c875371f608d32220d314243e3c221e0aa54fa6199c73e3d811bf51b71640e1
deeb10dda9a25d1dd7937a89b6de9d5751e66eddc89489a89362f1c43b23f186
bd086019cb8745b41f3f2711398d74ec66ecf6b1053a678647e673335e634230
c97090ad17eea653d5eb4a2cf6a73f86bd1731e5681ba30b2f69c630e975a4a2
6204680aa0caf0bc7641134338d1bd5c3cb4edc03c06842494644ffb02d7133f
3d50caa455cd6e947c4d1554094cd5e8e1bf4c2389ebe6cdfe633dd9fb9e6118
5da65c241ed0aa2c0a7ddd9b8f170a5b24fbbaab8c0f2ccdd5ddecc72f1c6acc
6bc19e382ef1db126ecf1537228eda70386b8b3c232e70569bff8d81a169f682
c1968a7bce4b4bdea2c02d3605f818a961bc65a782b87a7481009c19d8790cd7
0d65794924e5431dbd252d5c547481a7525d0faf8ff66819d37e3479f2591593
3e582b99417f39b6982cd4f7f1cf684b9112a507fef76905017232428b08b165
437d0a3521554e060fefd5da50a2d4c205b6f503b84204936d293f1a52696e34
17810bdc3971733b4cf9a690c3f7a13c5de1770e26bc580fefb5f28236c017d3
9ff5f424f41c36280aed540c980b712438f631983c2f05972e7fce59fbae0f28
a800312c7f04f48299733762c1453e1f23ea578a851f4d638b115155eb9b215e
000d5a362107f3919c0a041e5bac1c9371c7bf30ee1413d98039646d81769d73
7c2ba10e9a19d72aba1d59465f9b94ef66ea12e3110f3bdae3d50dc48023b6e8
35dc07e4155027502b4b60ba9163edb9253ba9fd8b5f45e535187dcb3e7c9cb9
387fae16a5dc0662ff6bd94865fc608325e6d68538f2f2308b81a40df3d1cd26
fc489b82b7044d58f28aedbca4c4d80360c29cb471ce0c0d7a370560663c6a1b
817a5a70944b54202f07b52b709772f086cb9b90158a3b7bc4e24572759ba095
2a52c4d2ef4a678da869bddb471d62b6e1dcf8447e95a40193926cc8d42b149c
a77d2c0d5bba5d9222701313ba85bcb23acf8d8c7b9475ee8f72624117bf6c7e
74f037b61d77d9b3ca46defc9fd86dbdcedfb0ccab88d72636f09e3a5e0ea3e1
1aae0bb64dca68708bea474e05e9b6dc1630809af3b06c01238d5cbd0be80a30
9dd861c062439998746f885c82e8b4a96242b2cd4dac08e08f6f7ed0581957c9
9e14cbe564abd0758864ceea8c916ad6dc1e9ac5ba88d5e5b6f432e2f6bbb015
e75fcb028086f674ad5b63eb8d10411a3ca0f13d8d36560c7b19a91e72ff203e
937309189b8fe75fef2934dfefd7301dab2f3d6aa8b5275deb679c17071e8b01
98f524472a042bed6bf703504d6716e5513f5a3bbc65128e60106ad5c1f0a357
9961d387c618326715eb169e52dcab3ea5dc0709b7ce445db92621b3c3a34c51
d58205e5178a83c4bcf6fe5a29312f517960cfe45e2ec457572586e4889e6555
53dbcb8b545d9c69c031287a6906f428b54bdd79a2320e5076db4e08ff53d4cc
6a742505865c7f2ec02419ed1442178fb8aeb7bcc681ee7e2fea522e753e9daa
5d508e2ce57e3801eac2e6d68914c89a944f4cf7c3e9006fefd1dcb0dfa8ec44
a059888363809acf04a7f97b65baf1d77459911b71794f47cb59185ee40ea5ad
a5a9aa33edc690aff707bfeb2834c199da339f170bf4998d1a335999af6fd51e
7162c85f803e9b92061640575722909fc2e522dd488b277f25129631cc6dc849
5af6c45e65467cd305c411936deae66e98eb019a74e9a98efec4ee0392d504f4
0c9cc310f9c5ff42b2d7c513e4e95e81dcdef95df53e404cfd151b052b1b1745
4b2b11bd617db91580b6f0f3603d2b690c862e8f61b0d01defacd9bef50d01fa
492260c7146e6825cb0c34f80f0ebc1aba05e18d104aabfc8b8562a5ddd7fabc
9fb9d7d51fe856002e4fddfef4812577f9b6dabc5756d68344805dbd87dcb068
b000258ad37a6df5265ee3d0458bc41322452b3b369d5632cadbc78fdba83b6d
7865faf5603ad74107c5acdf0c49f69b508155a3d505d145bd4bbbf586d8d9f5
d80e9337528559e871f840ae40df6d407afd95789368c0619abea83ad861039c
7572ca1495f7c744f52ea871f1e7fe78fecbc5be702322ab240b0ee28b14a209
7a4d08405235678395414c3fffe1686cc3adbe69773f52cb799d55402bb49641
de0f8323867148517e3a41fcc6a94d5a7c9a89472d05ef80dd49eb6195ea105c
6734f3be2adb7ad62947bd5949b44b944fffcf63d3aabb3fa082a6791fc4ffed
41858ca3c4515a5f276cd7a32a145bb81c920b9efcfe344e9b7256f10df88e29
ad03aaf1ec737f4b27c2dc60b4ee00ed3cd54fb1d31e7c7d01f72c3af47f51ec
3b20848704d7601e4043969b54553fb51ad4ee4708cf4513a92cbafeeae4aaee
b17e61a021be183e41cdb78aa8790f1ef6cca8f85a0d819c67df082a9569a88f
2b8af8dbb2b92b93498e8ba251849ebe41860c071c6ee7c1036a81ae141b86bb
075702c3ef56d61a636cbe4c2f39342d3eb1c99a74e963afe2aa0d94b84de0f0
d9c584e2eb8914ed9e71dd60cef0b189b2aba2f8e085e48822aea50352c94d16
b14eeb00eb27d2ae62d8fcd4280d04ef12fb8fa9bf8d2dc788837a56a8cfb516
7e535232bbc05ec63bf21d2a10824deb2adc9e81348aa0afe08b375ddbf2dbe8
70b309b9ba5e76cbf79f3798f77d89fe9ea24e0ea76d54a72ec62864feeb329e
15508ba5ebaabc8d840ead5d11bb159d58e3aafa9f2dce7b74d8b2c6141a9d5d
702eabee398ec6efdde3c22a5811d446edcfdf9d9155708263109863dd08033c
5f52c1154ce146fb4de3cd886fb30ceb6773c1d8c385f46a3812a90caa6c14b3
dfafea28163d6a408f9ac91921ba493bbdfe70132278fd84f53b9b4d641a6d7e
b9e1b6090e4739c79800d3886ca8db9897c6def8a3fd8759010b9258926dbb9b
1acb8dcc1463fcf5d5fe73a8f18be5854a6e0853f2e82e1894563a4245d68586
7fa5dc5e8db2f82507847dfc8beda10c9370c390a09c75e87d4aa42b914e8301
c88966293b2f67d893dd4e9657f5d351ef8b58d304d68efc19247a6589ca6b31
99eed7f9222ce0f3f6381b9ce2cae7f5e064467f2b41f0707bdd4969b6e8fb8f
28c500f2e8ad1c05c70602524a77ad5ad29b3d98623afc0f35b638eb1d1a4457
bf535dd86e4cc00021b2cb7a06dc0e058c5511fa845ace62426835b58e2cd92f
5a8a689b0ef3695d6ec6e3881e004020869963e73bcb1dc2981019933c78c8e9
c938cc6054c5b4eead2249617a7b1c9e23a3e2e2e143acb35790da245c85e1c9
a79a94bce7c459d0ace030adf0942a7b45384a7afc08fb57fa25e0932069c031
bc574ff5adf440fe76a3464d7fec90b05cf425e5afb3726a08c7320f4b2ad887
66ac9affcdc3efd0753ba5cc377205e88157fb2dabb2d995e917a580b47c4a38
5ebe91c025534722ebf255a63063d77c9f1701807d3ab90df9a900295077ebd1
aef17b01392f3d483b7f29814b65ac7535b48c0510f88bb9cff95cf071e350b3
1b4617b2121074d4e03200e9c7244b83a713728eb099c037d994a4a999f24e21
3b1efa673ec51e403746c31c858c5590e18aaa9b70443131a4bc8feaa161afed
9c9497d67b761537ce1a0281da0540ccb5726f89e3bbd0d26dac4b0cbf263460
8ca4ffee43f65ca3b4ccb0f10e2489f6eca6450815f58cbed07c48bc6f8ec843
3daf36b38c44d7d63bf688b0edfde2edee8e516d81969d234b3c1cfcc7a847a1
b229ad7d3a5fafa25421e585f92863f489f05cfa705cf2c6002b497bea379970
7c593f25bdf18e886e2c30b94a12cdad4090e89b048babf27332b7568693f050
2c23fbce61968252a650f1dddc71df69772d1e6d6314a347c6ee0bd4f028d4b3
219c438d5026601446728c8c142744605101aed886dbf4f4dd241a779063c9cc
b67029deb32143b8939a79f5dfdcb1728e21395f79f4a95e18cceda384015e49
8599551bafc463b62715b9cabbb3400c4096e1cbdc62110e136d9c8cd85e9bbc
ce30af43deb83977a74ea3d4d3ac02a2aec52167a19f4d58372894c9193a14f2
ae66f204ce6d5e7456b16108a1e1a6fd6bb68d7d6e0377c42a1d30a041e2dd46
2795653909c1923bb620a3cb27315bb4f9fcc39f778927f56d002ab6151ee728
b2dcf9dcecd87bd85260a4a8149082af61b4283ea18244e1f9878390022831c6
a56b0b8aa06cec8a95edc4e087b9802939e4429d23af71a9241e471d57e139bb
852599e6b471d5b8181dc2d321c477b36ae86f8eb4f931f609fd08e760c63749
b52b30d524312de4dd6952b41232571600b72d5ec545c2664ca798ef5e30c15e
a74e117cdc2f9e94840efa1bed7cd53c2cdc5c9f1b819b0fa70ffdf5c200dcdf
a16d88e28cd655b9e5541f8776b4e3efff9003ee99771373d5023826db6ffd57
6b9e73a38c1ae43090a42a57deb5375d0da80f3182d3330ef3bafc502431bc9a
5739410090ab40383104f6be38ee2d1ed4edfad1d8cdd3664b9da26b3f587a44
75d290c1f3ef81dce0a8410e417b9b6ab85b98d9f46040bdadcadf7acf75d54e
879f5cf4f3dadb2bd0a6bcf420768a2fdbf4eb73d263d51843d3f4b1cbad92fa
3880014e9adddcadcc1b9b1458cd5f438e502ec344a17f1d125ff12b38d66e58
d33a729a8b9cf224060b4232a76899a82c1be119426639bbdf797286cc341385
81226f68e04876d2f0586e8a9b8cbadbf0f529da30b9fd0d33b4455625bb0c3e
8a83395c8c6117d5f4201773e708e048a9ec789a552c05bb8564454f903632ed
6b9c131147921874c77c58c72aff58da29ee9a7376dd0d90d10cf90a983357b8
73aa97083868a6671ff6416071311b65f8aeaaa89d2af367a471b50d6459f8e4
efedd623a68b6e42e0c8c8c5b80ef8a2abf90a58f2e02eac0ad9cb86ca3c8c0f
04f88181ecaba99051aff3979d9b56b8480f075472e2ede42bdbce65b2c331e5
04b1b0e59507b61ca45b321df1f501769b9db8ff025adedbb89f0857815521d5
b5dc7105ad358d9e1676cca26c63f48b5e650c7927f634c62927db554c36175c
1b9c5c514fb204c8311136c1cc3c9cd0e62f4694ced6bb892c54b64fa9eb4053
ff00ccda051de4a1e7c647867a8126c77d7ac436f04f1660492db06bbe6bc442
1cca497f653f76b5f149f73e8201e6b286182cf51182c9fb99711fc2c92dd16f
88f69cd1436a20c93f3b56b772252ec231434ca53e9f2512152ab4570dd810c5
6b01d5570268b6fa2672bb39df94c137a6ff81f0bc68086bd3ca7107e467bc17
506d5cf1d29c3eed256e0d074e549223b53df809935a46c50b936645816af7f0
cc3d8d888d2f80077316720a7fd86df74512ad4feba3bbfc6d0afa2f4227e064
6fe97d60d7e4c028b092ee2f44a181d0d0e13461765ce9c470a9d36b3f53bf50
fd724f30c02c024aa9470c1f37df0498b2a876885e4b16a17ece92aa87e271fb
e2998575ff41d0f5d1e620b4a8a62b4e27c601706924cc3c85feb4c4ea6e5721
1eceeb2dc723dddc1fa3162056f52865e4a74f8d0555d0567018da926e4a5873
661f455bf8ea1aaed115fde67a030e0a1bf9dc78fb3ee880eff8b13918274846
c4c42217cf0c9c45350e67482b3b9fd086e24c3e4cd31adc42093fb5b189dbbe
042a36d295afdae1b1c2abe3c65a6b4dabace20d4dcefa66176d7790c84364c1
ef21246473c1ccb421e66b2543f2a9f0ceec6b4ea0efca78d28740ce4fd021e2
78a967537ceb079709abbcd0f4395035d068c1bba45e24b1048817cba097eb88
625d209a133569378a1d38b6859fd1bbf939f9c4d348c15e917da256403fc92b
bf1ec77dbf5be1a8186e1b447bf418b145fc772ffb2d38032f41e7d772298d51
080c7383ca551891573028be4854a58a9e72f06feb86ca805764f661c61ef25f
938f66925791fd823f4d7da7dcb325d2aa094dcfacdb9de509bce4bd4e1de024
286286fd7c9983bfaaeefc50715390649f7b3186460deeb5642c16d1d89602f1
b7c32051f0b5b35d6d9a037cb357011fe4dbfa30da48f832ebe68867eda4325a
d95b2910b0ec86ce093b669e34ae743956b3895427b9a7e11c980174f848d7fb
2e230d72e10e8e6d6087e86c488148868929fdeb8b9b38a54724c0261600380e
db826ed4ccd5312922a6f207794be02bcd435248060e34c55d464267b7bdbc79
26da7c754dea420321f8424fec93f3eb3b54cd14ab9ee1fbc8b58fb9e55b11fc
fec9937f0be7df079e2c1a9a427def7d632668ed8cc8466732ae1e0a14bbf851
4f73bfeec8447363174b839e9a36542b0513655b2a8d11ad8520bea7096a547e
f1e5488d8d4cfa20c7d37e13e47d69665b5139b92759e544d98560585a976f95
4bc972496ad464552059c35caeab2a453fff353d87656c4a1477daedbfd3cf8a
ee85ee23c9912022787cb7e0b361716b18958af6db0a4ad04d2764363715f74c
cbe298f0e936311c8ff3e488bd9a4e196625a30dd96f6e77bf26a6b63bda9482
2a67e9296c76b921431bf4068b347b8a769dade0b08d22541dde156ffc3cf12b
aa7297da22832663a5437fe97ea68a390afe220cf205f5fad105d62e3a96bc93
0209673126960db602ecbc09927c201bbb2616844edb3af1002dcd98a6b7b604
849003a94c0b05a039016fcfd09600a8a0262cb20ab99f0f209fbaded5213bc1
0fd2a7c36658378d43715c4f70c9062f9e3e2b7571f23b19d07d6e29714ffe1a
684ea94f0b1423d5ca3b8d168512256cdbd200913725fc3eafd1bc18ab327f05
cf6a296233c9107a7b466ad0166fa407020c2c00d07b336546212846241cd9f7
de37478bfb00395e1c24f714fd947f165989489cb446c392167f70159bc197ec
9135d45d305cbab5c6525d582c8aebbd74055eb02dd1446abce002821baaa0ab
3474b17f0e8d4512caddc9a22f26ec50dcdaf2c7ce5e3ffa177f5e1a63e9155b
82dc166b9f4e6024ac21a7bafe0b583861a0294db940f24c77df1456f9472157
236b620e9a603e34ab90449d80669a0f0cda1e1d4f78bddb9ffefacba0e15951
70453f1766be08a01dc0dd47917db19f854e65265efcd3a33e453801d7dfddef
27c69069278564157618643b45864da9c0faf310e203cb37736da4e2040b5579
100bef23e3eeb53245312a3380e8eedbe35fc170ea6efe19bd4af1a50c61291d
d5e3ab98affc24913b354516aea2c59284b37905d3d97a94dbdeade2933a09e4
20fc86bacaa077f843ed9b4b227924fd12e7bdf5d06c52f9ca07a7f1bdee0810
6a0fbb57977f5387ad51e6edd879d15c6835cecbee8991f6fec24a6975f786c6
6ee39f09238214357f02f1b6c59c18812e051a29dfa9c99d12e3e0f8b275a3af
b5bae501530fe7e8f4447e175700269a8c80bb76b380ba6adc0fb24c2258d005
6f46f18b97847d6ba02dd274f3c1cc824ea52dbae14e56c4bb442f36eded9266
c278e76876161f37d28049cad75279be33027b6cd95751b22d13f8165f086959
2633172f30466872e8e00bc0cd920e2c3bd052714b001e65e16a4dca56d8d8b1
23911acc797cd80f96af7c008580476d382c17d84869504afdaae0d948c52d22
e5ae53c2d76c4e3c72aa4d702930b9ef2e0d2450681645a22d5a6a41ec5dea2b
0c68c7e6fd3977af372dfec2d54517f59ba73bf07ad1fb62d83ea47cec23c57a
d165ce730e9b38b40dcea08332d41954a34630faaa656475bcacc2b376ebf1e3
dc2cc146852df29864622fc1ca69362d9dd261775b5416bbf32dcee33d20f59b
32a8eb08c8890f6866b416cbaae072c23f50e8e933c5bf86bc8e46affe309c95
27954e0ee871164bbf8051412551e60c42df53118bb5c8febbfef76d27a7de41
8538f9edc433ab340a051f2b3d698b5d3125ff3cc6c188f621886ec1d945eb26
fee9d0912be3cad8380a1ef744bbf3c7d53fe83d7a87b02886883bd272717abf
f53f063a3264afc95519e78e73f28ccfa13b2487a3a0d3cd8e615e262cf60a16
f3fe703e2a9ce593cea7c916dea4790f708283ebcc5892a6a0a66519108605b4
1fdf5371d83c66f8c2ed04b03bc6c922f20a338af3d667831b0d5d5ff1e8f4ea
65ca10ee1fc8c8968ffe6792856d80a54ef8934fb9a009e3b64baf634db33a31
6aee1e869de56722bea5ebaa721a1f9a31f62082fe92329552b178d19eae154b
461e11365e1e8b53542929cb2d486278bc98c1de62a27f0ebb68bd2cfc8ff13d
50128b2abea2b1570579a8ce0a216832d05ac47f7a5cbf4d98f79512a881f2a4
eb276186e02eea91c22d66a87551c6198e7c392e0e766c7bcbc31b62db6214cf
ca204b1d6de9662b2f83e9ea5fcfda9fb69a887015c026fcfb86e37e6a0533b4
23c2f7afde2c5b3ee378f9886dd7939e825276f555d872bf72f5433977e2ba1b
e5e11f4c0b279182ac45ca850b78e6e7faccda3ab5b1cc81f3a31709f9e8a2eb
c7a1158c63b8c740cb9eca4208d6fc0b6f48a4bc66017e08b992183ecf795ff1
6a1a82572cce973bf9eb418b592cb45e992aa90113f983a489447da95f154a88
bee54e2721765937167e71087e617d55936aa2f2cb2d57a3f495fbd147646c22
7364ad9c984b540616df26ef504d4c612121458a0a112e8902e32f50c811ebb6
284a988d7566b6813b728de9129be2f76e89fb7aa8721ed8a7dec46eac7ab989
1a3166326f54f5c5161d55459de6e9008356d68cd3da556e0ff63a98750f6759
27d92fbca378c5b798d600b82e1dcf50feee9c1b4e6f2755decb2e391caa811b
de21951f5ebdd815a7efb97bc60af64708dd93af6bf75b38d2aa35931d2ab217
b55d7d0513ddb44e072f49bc67ccbeac26aaf8acf73b09fb23318e33db62a30e
cc754088e5bebbbbd006b9fc4d8b2e1c9a3522723f45d2221b59e22010da153c
2e6dbddc94ce7b5a92ef272cad4804a574bd497f27ca8560ca36086653bc0b01
fe100df535c635f8c92345532cfed6a08cea625369e3a55eb43e048ac09b9b65
03151a78d68e34d003abbbede6a68855fa24f92e742d1edae8708662e4f9fabf
efc24e38a804ee4e56bb7fecf7d158ee2f0c42571c1b18e7b4cc583bf474e510
33cda97bbf171d50dc82b900755a8270309295b7b421724df95588d2799517e6
d728e0d3321d71b28aab6f966fbc6bcf38a0a94b51d3f6f40e55d374b7a6d484
d1c112619786fcf8b7982d84c4543f2cd34b0ae512541e28b2e6bc01ee4084e2
e19e2220aca29584f29750f5585c01630dec18bafee328a93acb01c2393b1a48
0126dc52b345fc202be9de70b33c2e754aa17ff599da5ca334e23a004e3edb62
e1c52c7bbe727df38edc48ff619a0a15344f1278499c6b45054e6923220e6b96
e473b0c206d33b380d62b7d3d49834962d3bf3a651fa576e9c880355d810861e
70559302d56f5c3bc65fc7760435532ec6347431c40767df6e0e620efa6962b9
c0fb733d8b6e4b21f7b95051f935b9dc1c43db2f0100ac3547e44b9ce85d8295
1cae7b61329853c49f77b23eb48d12db7f80a37b0e94008328487c06a62d61a7
a007f9d04ec1a433067edef8b4213f126cc78aa3dce84ef8ad52a3a45cb039a4
04694d87105b14be806f359338a1351da317eabed3da2675de18ff5b4c4a322f
fb528eaa8aba0bb35b80a6196f7c4fb34e84d853475811d91cf0161a85898fc4
4b93cee5d3fe7a05f0a60c477b8917fbb0141f0a6bef1b385225379c9d129dcd
c732c5a664b5d08f640266bad4709cd969a606317a4bb627ed6bfe7d424edb14
15080a4b21a20ba1a39ee1eac481ba9c7dac3d51d9d8ba3fd560be9fb54c726b
b837db873b4b426668ada8d5f14f371858206d32ae656cd8cf96b76ac98abd78
a293742c93a8c577b4d9e9fabacb253b2835b7470cc55ecb8e104bb25ab65b5d
ba9507cdd89b02888b1ae076cdccd6863d458d7b61ce1391d75c1562f9d1aed4
dc5746b599c20b4dbc6676ed1a074fb1a1e302cad230fda4c7ccc5dc07bd7c80
c1883b7865150a16f73dccb7e50e2cab5d551da1cb49447ead844482b016113a
f5b8923cb245c612780d82bb40538b1162a56699821e9e681c49a5187f9b15bc
44f0cff84f0ea2113e861fc8cdfe40f320f942f3976f072d4d6432104ebd8bbe
26712fad6bf54a0c5203a22d1db15c167d1f1f43d942e4cfbb3a24987d315b4d
866ffc4c4d66d77c59f0e7aa222af9719710dcea0f6309d9400f7e7f1f57295f
e8fe2da1bf4f9d51d4973b8d99eff463b11468df8dbc5d1fe67422b0b22c6f4c
3ffa9e698c1cea7e89bd62b93479652e977893acc83b79b8a71895d69f217d6d
ee918b20404968a714231e55cc30fe432fd143df8a634bfd4e58b258de50f0d7
08bafd268407b22e50d841b41054af50c6b0a9d77151d54c6179b2f775aba5c6
a5c5a30c6d6e5a98f1452a5361994de1071b8ac54f5e5000ae21fb846c4a0215
d25625177ce13d8dda049b32c4211a90afbf77fe04649f61d2662968cfbfb833
034b018319b82d7acca92dad180de0141375780a980dc981d62a17f9823022d6
e9b41807ddf5c6e0d764f3e61f4d751d53de31721931dd632a8e9e77e7bc1669
bf213ecae1e52b954410d19f1da224319f67c461f89dd51847c5661d0bfe96b7
a7bbfefbfd7953285fdf9c4f76fc2e3cbf2b44e416fde550a115bdbb8a6e1f21
9b4b96d2a4216f9d2320379c9d0e4a525388d5b8f815ba790aada0f73cdccc3a
f9d23ec2b53ecef4de0202bd8504860a01d11c0e448cc601b4a379104ea1cbda
a88498c83ab52d5833d45b30e3558a500bdbd537421faa7d378ebdfb53d37f85
5b29d178412e80f289d5b7ba9bb442e31ed0358740ddd8f404833a267a30222c
f180e172dc2e65659b4fd56dd289ec825d310176097e9d57c81117819573aadb
df2f70f68b59c303fe7974dcb5973e4dff6980da4a7b3072196ecba963093830
5b24ea10cc16272c0dd33ffb28a0eed49cc7f1ee953312e6f32daba79f4f3451
54d2e414e817bf9088147f4e870fd9cdf76eaf31207c56d7c6e92d7dfd2d60ab
64d4b80a2d9166434f775dd911268222e1ce1eea04d9518167aeb82b67e47b17
267be2ddb021a38605423c2ec58735369a463abd67cd2ad9a85d02f0bea53fdb
b4a9a8841f23f38edd35254da8704883f6d00d400e8ebabbb9ea97de7387fd12
21ecab340bdde6b323af59aba9d76b01ca663fe1726d0a07e5f49d1486356735
31bfab1fe2d3e07569fe58e74ec4acdec4580907b137024d53fea01a61b8017c
75b1e7c7a68ecb678370d48ca06429164ee0ee27f151a59c008bad5d4a0473f3
e8ff04e37f8f0a6329a520b78d0694fb977e9bb43ff74a52cc57efcbbd6eddf6
eadb510cd8e9b0f56b34d9b21ebf43fd382147d02749f2d798f8483b1d6226df
83470851af04fcd753b9e0a244d042adf6991c0e33d3176d639ca9fc1df5ef5a
e31eb496f37999917cdf160bf017dc1bfaab42861443539d24ac1f2ee5c11cae
20703a56ed4692375c1ab094b9bb7c6f087d229d8570b32c00e3135c5d95b238
73532daba06d0b387b257592f23db3f657653c9d1ad025f674786b17014941e2
e7cc9c1ead2853927ac97a4eef5e084377fb4a5ed0fd637c2fc648fb7124bc46
d702e26e5c59fdbb7f49bceef8b6a8cd2ce48866b9b6d4980c68a1050c9fd85e
6d5c5bfb5260826379102f4b814b0bd11091d3039b6f3c648a0d69ecb9b63b3d
751b691f5111ea1af064a037613c5c99cb02c8505c090ea84e503cd4fa587655
d6d7b3b013f2c6e47903906d3e0dd132e7e97b50a98e8b0d6014326ed2129a89
f49433546effb09b4ef47887d5c117ddc887fe0343605dc73159e16aa2a917e8
88057b38098ff69cd6d14d9dbece2d6035ebad0d076d1c5b4bcd3a0302d8cc26
cd4ceb6c3f9711b0f1c2a39bbcd22d0121495ecf46a94651143ecb3e7442d000
3bb2fe0eda4776355322b6a19a048ebf19bb178a6efe62d491a248c53b811fd4
0c7566937878d59e09f34e22344c450df187a99cf8f46542eed9c80d201f7067
38eccb916c162592eeb3ae2db728aac8a54279f611c41818803f90bb32ab338e
220e7c3ee098105989ea20deeee6ec1978bc63a8d66ccf923dbc8c4f48e1889c
24619444b2705b690d3751763d4411d5d0010eaa5304efbc681521c12b7645b4
1d61f6ebad21caa0dbbc3fa6fd76ebf17198689fa726a7c73cf7520ecde4deeb
0d112edd39a6041ee0619a6e62e445a6079c58b366258aec10ad18cdd8e85fca
bdfcfb5870798c88565f1325c3ca56accbf29414c4ef8aaf72653d506dc0061a
9c682971af0a08adbab6aeaef7637335758e75c7b748638e3fbe59693b1101bc
c045b52ddc9f90ff4de16c4e461fea8e86797a21152e79cde2518e05eac21d5f
f1854c04074a99d5f7c1f211d454f865ad2ba5c8a169c97fd76501de825b991f
dd3da208661ffc27c9fb9fdaedebca2453f69125a919d1dccee766c31bf4dcb1
7e56dc354e23ef68d76a5823b951ff4f05a0cdd5f6fc9e1c4b4d9f583d9b53be
c9b7ad2a1c2b525d80f904eaf17de534ebaa827ee63fc9068466361e289b4a4b
02a5789569638ab7b5f4e4012da9e7f9086312330e628c3b5c206e453453dd7b
1d98e1a0c1d4189ca90fd437ebdd1a9f82d16ef571575ca1532411d262f267b4
abb405aaaaf68d3d0a7c4d8d1122535d81424d8766819e52f4aa627179aee78c
bc26daed7a5274c06a3001bd7870d0acf6a22dfcb4f867459870b50763464dbc
141b16c341af72ba8371a58baf4e50ac82721a800595a2d4dacd17770e520624
e4ae5e4c6d8271555f7d75311c62dd3abe62610ec22d12ea453bc9ccc5acf113
1c455343082a19bdaba2e6c7abb2483216b4eca432851bf58e60ccfdc09fad75
b565feaad0a856db11d18204cf7fb4813fddf657d7a7a06de23c34fe668dbb56
d398e77132a0ed7ca39c2bc0fc29755f404d7b2d4ec4a8d64f8445305368b607
c63e2ea06b8335cace98a126ebb312b7124d601c25b0d87f68291b0501289df7
05d60d71b5422a6f2a7d471ce04d3e61d0d42b56755e2620d20fd64fd936ad12
813195e069e476d6bdc8e2427fb36622b1364f48bb227a9d57017d41c8ac12ea
cfafe8589ed3eed3527564305b7cba8320e5f9709fa7de8e7a41d2751de41799
c1f12e87f7feb4ad7f338601ad56af6e04290e1da414bb29c35fd547ccf5e1de
133b47c3948816f01eb900749be8cf5b8b360f192a928d898bfeee977230aa48
a6726cc634eed32f2050166ec6cac550cfe8a9d58b9c5d6fc60f17cc88def32e
abd6f156084b85fcd3305f10700ebd5390be7ca6089f7eaabec25966875276d0
20fcdeef085bc70d72f2bd882fcd38b39b208bf7360507cd2f6a0dc1a6824ef7
9378aa000c81f577ab61344a14b48748a850da8fe5e3cc473a347bb4eaa91782
b254caf8389bc7286e5e8d7816d82d001702522dcb38cdfdc15366e9409f202f
bda5e3c6cbd7692d572583efb3f2b7730c37fe706292f550d453bbd1b687404a
01e5dd2482d5a750963c9551d817d614080cdc8b24e8e447d53a9ed5e52e70cd
6c7fb367016add119d674fafd5f74260d28889fce67932987265070784e44a1a
195ddf12a111e806a44e257eb52c4715517cb1cbd21bb03e651269b9dad46cca
77b5e83337ba5a2bb87a8a581f5a8936a3fbfa2e7cbd58debb1873a81bfae110
50a8716329ff4c82e61cd9522c8ccb63c00da47f499d4d07ee498f8a8d57e120
2fe536aade3c7d8e3f9dac826258f0d224a721b7ae3e3d2e7135856545855505
c0019d43ef100f6c1472fd567e4bfb720b89cbdf80805bdb70831c54cabf3bbe
03e32be9e16e92dcb33225a96093d6c4d6621fc4199756127eda31fed0a7ed4c
3ee6c7c47cdd1f69cb95078277dc90bb224ee00ed1fe00999bcc2f6b4429e87a
ff0c94c07414b7de91786039d42971796ef02ea8a1986d23de48c509e51f6e6f
b9b2af67e133b759b30fbe7ba4782be255a2fcc24c1a3842aaaa259b770f5709
c6404bac3de2bae17be8afa0cfd44d5e89b5c023235d2540a373783016eebc8f
f79efdfdd95b33fe13002344b81d3aeecca7b2ff7f5fc2c7ac6679fcf9767e8c
a0bb7f85f48c326f79976fb2ed50b597d5f8599bf6220c247c23296f495d3057
97dbea81301787854648432f2618cdfa0912413a5f8184cb9330c591c14d9580
33f15b9615011463673b6746952cfac00b2f2c66a7e8ebc90498319ff4719e5c
ff4f081ef69aa5519a212bf4475d0f5874be00a7ae575fb445177d53c2ba33a6
c4b1443dc310af67989b0668ba933e72724d7b8f80a007125b912c91001a5148
383f0677183bdab0af8a37d196ac3f57edbb417ef357c358287beed2538d6809
1b56e5230ad37950268d716834797400fb5b131edd120361545ac76d1846cd63
1515377fc475bc9a575db6082789ef423804a88d8948f3abfeecf208f8759284
e9c3b0bd9a17373750273f4f2219813fa4ed7592c3c3cea434ad5e109bfeb751
09237a9b5f10052602c76ff6147acefb73295aabbded3c1a11b071d2a95388e1
c13d3b47fe45c1d72fd80b2b60fc43b5f97f9bf4ad6505bdc2b4c30d971a9387
6e53e41cbb8914a2f306c9eb12958f22adf88bde93b433993d3bbf7033580fae
b280533f681f5d1c247b9d16cd5e90cc2bcdae465cf89ee3dc2991d10f75e3ee
64ca7a93dca1910bb37f8a16ab8b5c9ef38154e084a5ed2909b7fe6e5fb07a62
090311d2fe5193c1a2c44126633bf2d4a013a9b889a6c738ee6885404bb05e6d
73ec6a9d26e7b86eeb90c32033b12c05cbaa8f6e3d7a9bedbdf4f4f9be337aa6
af055668a93593858507d82e2154e4bf75e962a32be443bc121ba3e25db7bc3b
0a57b0f27a7f069594688d3899ed4ea0e3ff9e3645cd3b0a62a37b02c13ec6c0
ccf8988b97a3e0f7eb971744e3eae2a6dd71144cd1e52f8d92193d9286e93eec
e0f26dcef04054df1297d47ee7c78754081ce75a7310d2253fc9c12082a646f1
699b1dd499a240382cb215e02c91be55ea47574509fe7cb9c78ae74e014d62cf
32b759fc92e66bfab0b18265655d89a1289e06254f397b7229149e1613930235
a5e2da3ebd069984942130ac9fde298b91cf70560f0eb9ddeda08584ab50f0ff
64b956cd6761f4ac889adecda14607f83a7cb32bd41443afcf5591b58619b41c
2299a2d886eaefb95668692bb0a7e43c95e5d8822f1b271f7a31e7c19c892efb
c7dda8faa5b81dbd7f8987b53dcaa66ca58141e6507ecb2417deb65d61d79ec4
fbe4b7f9ed669d970ed2966adccb9d4c9c076a1bb153c66ac6aa1e8bdd861be1
ede2aba1d4f1f5f54e059a00dfb5b5ef7f1a12a1f11f0e457469c406706b1bb4
13e14fa68601d4c08bc5fcf78ae8576beb9bf03a91702172798d3d66aea4fcb8
944f1392d5d8f0b549769470811efe715d1b4395222ce22bc956fb612dfc56bb
ae49c61086960761622f30541ee2725d00db9b92d9a90e5b9e47241f5f47f84f
1e9ea341be43c1700d5820554222121fc209aec8860fccb606137bb58738a9a0
7b39df9fb4405ae45abedaaa51b3c0e9da845b7e7d8856ea81ec4d681a0cd106
de37cf65fadfc509f843046a7d72ec7c827609ded1e961f94200f7c6207835b2
c4a0b2f27c9e5bbab4706c00b2c27387f46a73e7412234be3b2a87db731f9706
273f8812a6404d3cb7651a9b3c7abb0a8a16f73d6247ede86c427ba4d6d9868a
96083a237164a2e03c33357f5fd4f116b97d3d1b07c19389ee083a4595916000
148f6eaa53f85a14cea7311c095de51e7c90df1468e4d0e32d6de358a736f654
e7e2de54c576d65b516163627a3c379691a4579fa25bccf2bc4e7f4fe381fd89
a0cb235b38a952e6a652c52f4b3b97fe262b6cdb827d5b988b2c575795a7cf5b
7bcdb9e6f1198f45921adf066ade4298668831d4130e1bf23ffe7d20683e83a6
7944f6cbb272803b267f295e9468fd9e6420dfec39ad2b6124c58e06126b68e7
90569dcbbbe66858a878db376578c64667cb9a33659652c7fcee51d26d09c402
914c145b093370a447ee393f6982cda646b27ab4f94852b1357643d5d9d731b6
c29da0d23c9c6d25e0dea6a8b3acc692f59a2f1590c71517d193a94a6eb837f9
2675406384649fcfa0404361dec912bb983b807efb8bbdfe23bfeb1aa21606e2
38ff39d128a475857b1c0a2211ac64dbeb5f0c83bc48f61c52f81fe3434f7e93
662b10ed362c2d1320d798679604ba27ec35474e1e010036100b90202f53deaf
de64ca9d2e63204f067007e16fc8537e4fc97dbc35e7d58bb008dfe509d01f44
8fa4c824771af0aebb46292bf40fe0e900e8199c7ce5662500b11dedc0378e20
b4da4535b1634e597c2b89ecf1ca5e5fa8d01a1c846ba967c1ea6964c6a27d51
1d6ea8437da8ae2eec9a86f05f58137012cf95b0026d208a9f7fadbfe75ddaca
65d325a09de8ac375429f03bdecd6930c3e672b18628ae864d60663d90386c73
40464b2ce3d2ae9ce0bff1225d6464bb06affcbbc0b88f17b598668dfe0790ed
434f060f818cf6123e2813e2a1beba70b9b5531db0b707ec13868c257138fa86
f1ddd0654c520b8aae1df9b36b23ba6640e9e9991da26608db63fa8847eedba0
785227021bdb24bee6b4c2a8e87eec9fb78222b213b205ca3eef5f1f71a53ae0
7eb68359bdcb1830b17a46680133552ee931ffbe60b1b6f87132e1b4c4f23e85
bf2c09139e61385c7f249aa571c5cf63fa1e7965c10d4ace9a6fbf2472df6159
b4ba32f099ede3eaf804dc6cd6445b23ad09e441fb7298577b019c54d4b46d6b
c841c8c3432e1596bc359054f88c1a274a0a7c40d9203fa7193f05144e00689d
7c22647876ea73cf2ab287626ffeb11e962881f207cd558cd7ebb49d7a3ed00f
f5ab9dd094e8b071ac26926a1d9a0b5d9adffeb2da807c975a6af613509cec53
f88e3145faacc244a7172a80084a8ff71593078bdd617ed0a0b34867b77efaf8
eb3d3626febe0623ca24724b7652b67a105b235e627bd833a37ac00772ba3528
80709ce5c6cb0a2f2045c7c997f4cb765a650b2ff7706232b99cfe5777837e87
6c4249eb534487cbbe601dcf5707e80a1a428feb5dc5b0502afb56021d029209
fa0aa78d7122d1d71ffb80c67510a439c77316ce717675c41cf58a1d3f229ba5
1b1f5b48e93cf6ec086bb066b6dc1f85e939967a60949b2a12b5c41c615a3d8b
d4c5de0361f1035645fb4ac73694bbb44e0e6bb96f5125726a07185a3bc0463a
b459d904d1dee64b9b1de406f218fab9e2ea0ebb1241601ab60b42b697021460
6e6136ff15f882b568701fc3401d3d794d817d1791271966529c0f831f951b9a
cab9ed46269dd846b4b207f987b4d8670de0e65ab957b70a12298154ee83cd8e
496968de9f8d9fcfdf647567494e4568d928ec861e8e865669cc3206c9f84490
4afdc076fa6477722a8c443ae469de8ac2a7d30fa1d0bf97c65634aba342a902
a94607ac68b8114332d9aa3c26a22467f7ee0cf720588a2e8e016b502119f8de
2638bce2d98aec6bcc72ebc883f5d6b73393a34e6ff3c96ec049dcb9a7d46b0a
5058239af2d777659a4b5870d0879ad5be75b3fbf7d63da4eb11e28d1954d6f1
ef666ec03db2d00633a1e6a9947ca182e5e003453b3bd7c82a5605a7bf974d8e
0377887a3de1ea92741f404416c030f108e0fe3c40b4455be38fdf78fc6cce1a
40ea0722b0dd336c6786bb8b1ab0e59060f1c7fb03b0e7eba50923ad1bab8a2f
87e91dfc417e414c7d52ac29ade4160ee2e09683e7c228fb93c676ca2988bf6f
de4833e8e7f2790b2a893738ffa27cc9d95e41c4e617033af73bc6c5b3aadad9
f1262ab74e22bee49d43981833120db69a056bfb71a8df850ad421f5fd230b42
e4948450f5e6e4115f31541d015f60c1ad3f705ea8bfc5a340b0294f9f1b6a19
cb53242b051b8299623f6c423ff9f0d0875e06e4add29852b990e15fd27302c3
844c88cb7c96179a03748c2243ab2c870e83439005185e7d8dbb27d79bc126bc
a59a7b297a0ccbcfc1d0c4708a9f727f285bf2e4b26968570494a3553db69bbc
29d580610615207ce1b401deeb61433545ab0bb82be6e8198f3d27e9c38e07a0
0d42c03fcab28eebe0fad55606b8d02f65b518b19d547f0ed7ab8be60d38c78a
752518ea35794874ef80f7c5ff06db43acd60738d533187d177d429ab5efff53
467c8e7221644e287f7740f84839da15fbf64c36045d652b4211013e7a711745
fe4f6dbc215e4bdbca6d5d562a6696c9d7660caf098632e81da3f11bc7b44c7d
8c487849387533521a09be620b38a236f9923013a15d11bd86eb1b1134bebba6
70b87df9864c3188fd4bdf72242f7f2998356034e808e067de03c7c1f6bf78f0
33bb14eb12a2e9dcee68e9dcb3a07b7caebf42ae3b08353b798642a69eb3dae3
da076df67ebf05ff588415178756f5f5f9ebd987f9f130d3bcd5c87a5f019fd5
0a40a91a3714adad64714f78f14d67ee6206cff6c06830aa600412d2396fe88b
d5a09907ca095f08697d8ee1b986757076dafaf5f45f5e4f7d228faf905ad203
8940ba7e79cc31913683781dd15a97137fa3baa1d54012df8b9b295ae2ac0247
a83d668c51ce213290f789194f980499b1c59d3c02cfed4ac4f714a0364773f6
11a1447f7aee694caff87d85d7f37bdbc44662e20989ccdac559dca25a1ad4ea
0fbe4987f744a10d9a2b558ee0c2d74a097dd0bb0f950168d0f8a2ce00bdcce1
7a3f16a4be807b121139c24be0bc8962350662dc5b270e3821768dd21d57adc8
91c3a08dc83321ac26a28e7b1ceff21852fc0045c9593ec1101a713ba1bf3074
a701ff7eaa2db2d657b18dd94c4f88ba9bcc0094c5d9d63104b7532d3e25f44c
deca748e9c5ca5b9d49ac4f7d982df83de4185c254662c1db2b5533a47fd6f1f
ab06a8db448b02c6246568e8aa10fc1f23268f2a3df4d2ea8ba32ac71f7658ab
9a328838828c27aea93c0b61a8ce21b7be59781fd8254bcdd76dfef18545c7b6
ab373f7baea0ac9baa94eaf07290bf356582c8204ac47a1d6b2cb38fcc9dbe6e
e205138407e10df14ddcfdf6791e439918aa9a737ecc2558e733ad7d7aac23dc
ad9239d389ec6fdaf66bde4e534d1572259c296c9878bc156ce72aaf29ce7184
f5b63ae541294b19eb6fccc215f95a84c38ae733bbf76418293a1a9b8df94695
c8699ed6f0ed002b7a3e1106458970f1a161603a318512a95ab0d9841545b77d
2172acd954c6e345705cdd68284cc9e4a260d5ad58e861fe29ef17fef6e0b02b
ac7bd2f454398bcad986b667df63e1d5bf2c8c449b62b2590c5f280a5d0004ce
cdfff7de9d05b7ca879d606420ec637dee59ac776d7afdc8b0af3c27a9d458dd
3e23ca3403faad06ef0245af76b5c020decc834d257bfc23d7ad4f841f38677a
b8ad1cdd50f4a9006fb1da898812878dbe5be78ef82880345c487fb3271feb5f
dc80bfbd6f1b95f8618c091a7f1767aeb8dd1d8e90680c61e4eb6ba253002adc
ccf6e3877bf54d428e860c0ccffef6b8b757de29aa80d40e4e8bec686dbd8da9
6e8e3c377888dd7ccf6b9ff5909ebc1eb1d455f1be9b8b92b8dffa95a5665bde
b4a31c29950687c7fa35b7a7846b13d9166dc6a5f7854f787f48ae964805ef6b
d10e86f3cc95ec695143fc4063e75dd1ec4b7d6888ec573733a8b5bc07208d27
fffc948249e5624ea244856e92e48a1e993c2fb3192aeaed5163063427e7bda4
9a5fba45f6f0b8a8e2f74a45bae3708cf3737abc75295f4772b4b11e63dd2dce
0423abdc95ae98ebb89a8b9eeaa6b7c8799bd47dd28ff81168150a262ed2cafe
dee61cab806bed217bee3c727e0ec424edd78778d8c6c4399b9c0ff1173ce88e
d7a7d9acfb2f4f31839707ef8a24bef319c92acc092b7ff901098a1c22b3d11a
e01e87cdeccb5667201977374fcc4f2caeb025570314814b279b1b83c750f7c4
13bb1edc5911a74a94106ef05e32ef07d67135821731b78f182f9064269407ec
fcb6dae36e439f62bfe707f6c02e258aba3e7fb6ab5702d27f538b39c7198963
13ce08296bf77f40d7b3539857b0aea6ab41ab1a7742080357bc0bbba881248e
b56ac030587cbf73ae76b2117d13bf91dc23eab1ab2b96d0b9abec6745146d36
df62c4861002444cf60cfd4106e1013541cc171323cd3de52d0b29be59dd3a3a
72be0a839d8ad36fbd2f5b2c2c8e7e2cab70cd8fd4976276bae451a77bd4a718
a995cc38abeed71e7e29c70443b89810c5ed4744bdbeb422e8276c9919946c10
48f56866b45d28d897b71c6ab24b26831b67af41d74ecb4d4eb1c50634f8a6dc
a0c23623236a8a0a835ff5fb0c47c3285c7ade19edae76ea074741980741f47e
fa73a2c0965a1eda7b40684c9cb423e1d3cc582775fc443df05a6c0bcf62fec8
71ce659fb9b8649b5787eee254a9892931fd6d62806682a0cce534ed29564990
6d6ce28af89dcff23a49bb964a0a722ddddab040eae4e8724455e64b01112e6d
37ec81b5e902f60fcff787a01d894309ab689b9420814a02c9f23679b78aa579
4c613475d52f1bb7eb92c5f17178fec19b3b7fa59682a77fd7855c9b781d9180
aa5f55e464ac28a5c60f613b0dda8c29bcda62820819d5c7d0faabd52143d746
19e757fc84ba6f32fe694772c9a5162985c76003f2e4c7d3e976fccd65f2242f
bec19b280299c8575e2efa3d42c1992576ea6f89c18f0c64796b5e938a4963e2
bacddf5c41a858d3e35c9f6e14f5548b0f51231d46411b9921320f5a58276a47
abf80755c583cde93ba49287427baa76f3d659f1122db7828fd42e818df3358f
447e852d66cdea8e7b10639d3cd92ad03febe561da53ab5b50ae5bb8483bb33d
06f753ce6b5362536baa33d41e9d36ce06e35ec25b6d496de4067d676669523f
c581886416196b209ebc002b59499b854f6a42095757fb475d431e0ce5059116
0a92acc3aed68c2de68826bd9b17e9b03fbe09dc64a69ded8359e9f0adbac89b
e36767ce23a8cc47db86717b76673400e98d9f8c58cefdcd1ff923c56e3b785f
623e5375fe64c6a3eb39537120a5678eab5089ccca0b6e459400b15ed6a5015f
9a4805cbf55cc44c34d65b94ec81e501db3f0cf6e70ac5022f069c0056d26aaa
e5eaebb9fdbeb5b828f5b515295399d2531cae704f0431e34e235087eaedff7f
3a9fbe051a021354623c960a8ccc793490a19ca9d30f5804373898d4d17a830b
dc008780e3ad9bf31e64a99493906c395048957b09ad6de149112eddef491fd5
21dc2a8c7d409437accdbbcea1bc9e3d1012aeeb330eb1a757dad802aded0e68
2008a17de5a96164ef331b789aaea8a7b21f5f74dcdf45716e87209cb489daec
e628361acc63e7646a16b501375d69f201f273c66d7bd69510475435d531aa7a
5b64ca9e2ba56156e36df42053c488ae0861f3183262bae0d73af3607b815038
69fbb28ac78020c7a0abb384e6cca298509d05335fd8778354e7c25a2153cc24
f2a2581cf2ce7b102546dfbeb680193f030b87d03f3b4271b9a2349f02a70fc2
f37492aa81547b2c76be1e6679a32fd392d67049c1f88c6a7f2fa7d3c1872fe1
90c6755cc6be8d9261d564cc929113a0e2b1071e6bbdab71c6ecf26e0c13debf
14d8bfa2c77120f999b9519e6f2a8395985c26b35ab8ced2c05a256a51fc9b5f
85ce8e94a3387366f43d193cb5c94186ec998050d87ca3df65e771efd8d1a2ad
ae9e5e5030ca9d90d183456db58b5ace2cee6ce6e242118f5d1f26c1fee083ac
2dd7a2b598da7456e8fb150959e125981c5a80b34ede3dd3eb783ca8638f7c29
7b2afafe5eed8d3df8d6dcf2be6f64de9ffb80dd0b0b1cebb6a3a0d91c11dd6e
1137809d5eedb7698b7e54e0154a284f21a41ed27d4a4382fe156afa5b1d9936
3e3aac421dff56dd1c8a58db29d2de0633ee0ef5234c414b34357b26f7d99413
17618d115972d88fb61f31a9b3812a561170c8acd9c4549e6e38daa134a3b434
433ddac504b641eeef3e3c9d6b271deff33c877b8af4a7339cb5eae3f85164e8
ecfda544b0174c9a4c3609c9eb6488139d704ea4f8a174e96b576bbdcf8c47bb
49c5318bd03c13843465970e879b666dd91b716545d55bf21ef965300a60bed9
428e594d69bdc60e8c49b0ee8c5de52954c7ea5a5a190308d3b37ce7f5187d3a
b2dcbc9ed53182f0ed9c811261f5d76453b57888dc44117dff07ad727862b100
6dfd390b4b5740475aeaf5e6205a2f5a0bf4afc98a83030321e606d69ffddfeb
69d264964a989ae0ef0ede41a643d7ba097fce67ff60a07d861df1db32b8b2f5
f05b64ea8bdc26bf0d3e3665fb04c8381c1ad0554d9f399ac4727a36d8773067
2e33a55bb3e5621a8715537a7e6cb4a2e629402afcca62da657e61aa094c43a5
ed49323ebbd43dbc71e0a532d9edd1a7fcb8080430a3ed3b0b7f12adc5f3c5ea
e360381701e22912c9229f6292520d654cfeb89d5747872fa957d36fcc6283ec
1758fd91af48c26f8851d9fba7880e7c49f4f5663033ef7b6156d4a3a2d5e5ad
7472cf35dd23ea3c0ce7b1655d2bd948812e4a6cb83ed8c5b3a8cd6eb47baa05
d6774ce4f094a18d66d6261eb870df5b4301d1c5f00238da68f297ff84241324
44fe923579f63874359b4919d7f098d36994f288ef36d08790d775811441d90b
838737efe3347ac41b21de6f265cf77162529293e8b3ff4b7060075c67f4d487
4787899048afd461b76368f29f86204dc4b4f75300b4e99e3bab013617bea0ca
fdb5f19070999f01d98c7f487cd6e45e700b37cb94af850655cd25bbcec0c218
162c19314aede17c98e71a892898851c42ba1bc5986799eb4e532549f2ce5bea
5bf7e38a9aa7c935a2906611612f1507a494580bf4e4fa9e0785192ed795d893
6bb0f8676c4602c71be05ff7f2adfebc6d948c753571ae3eea044aba2eaf98b5
1cc047fd2e6e4db4c69583b425906e355b0c77bb42080bb00ea823c0c0ed3fc9
c1e4aedffe4cd4e3fbcb1979770913b4b7866cd292a72d2ac9b1baad1fb5aed4
2d52394e1e1587622795c9f3234a155f75e5df742543f0e865c1b19e6e7e427a
82d52bd5c76d3891a44353e6ccc281c1c1e9c6408f2b2c90b6d00826ba735bf9
d2f5c9c64bd8d83c0babae4f35e55f083a9fb4a8324e3eab7a422a926afd2ec2
5cea7179578fe69726e0d8315d9da94ba87f779de1c34ee77318cd9cfa233da2
d1951184278d29449c10e04df47878c7db511426ead4df0b11aa5c9965e7a41b
e3d31b3dc9f13c35cd95bbaa33900937c9d9523987cb78b782cc320001046d7b
111606deb304fb255bc962e44e7bc35c17777e581d136042c26a871d7a7d55a1
48593bc5ab618e027d1a0d7375ea5038c62061d5d8199d741a6690c73ba0bfe8
bab421938e3e41312eb774b7bdc6d681223d4f4af62cd73c372fa4838c5a5b00
aeb1806bc3125a02f54333b87f5677fbe0371b806613355d3f9f9f6fa523b037
e30fae17633b9b1e84d452d54b16cb564a0cf7f6f7fe7a7a4dc27f40f6604395
61d840d850e90ab3ef6d40f8a5bcbdd6b9dea8723619e41d2c5ad9793c117e04
3221af0525ad17a647cfd9ffe9b59e25c45bd7c13959d32939021c4ecc2c9450
3b89f4b0d1b6dd20ba04a7970ce11ec21c4f6989a1db04dd7f193494b8ad7bd8
9a6d518514698facdf323fa9ec9638c9086767c065c462d02c2321959dda0ba2
b8228448affef8b9e45223ba3b4672a27ae937cb656b3f3883568d7b0dae12e4
e193f4f956f386d5f0ec20995d50a7cf4c00ebbe07959fe5c9ed1d071c8ebb65
9b9d249daf5a44eeabd6c31993e2a31f179e627511999fe37594a1881d52555d
24de2a70d985d48afdd8bb2b506af9f7a295c951e94ef9a5ee9ff3511fb8df3d
4def048d6b997720e6dfcff5b6096a709952d2b619946f22e36cd6d409f0922f
99dc4bbeb63fd9055aab470ed2b8a8e550ce74c7bbfa4210babff4e3b0769b29
e1a85e4900889da7931e476f9ab780f374d300a35afde0e0b441205ce4389e05
c0e8baa5a6247ff5901175701ed4098c1a6f335c35027c80e31cff74e6d433b4
f92c74faa59c362ab1219c89cdde4a755ec1641d6f5d4035e29150cbe2c65f56
707195b7d90bf7d20bd1a092e08bc2a18aeae89f97a94f12459ecb4fd071d0a4
a49aca9840282ccd404857da54f42a7374db558577727a8438c441d06dd3bc07
3de561010c477a059f4dc73f35ac81d2a748bc807f3a8b88e969ba80804cc393
2927ff25c551ac7a61146375082387528e9576f77f2694ed8e6a0670b6804423
2272042a6c08ee5e58187d74858d28b109a726eb3095463cf2c622bceb555e6d
d2a14cb7ad5f7c9b3a0943edd93ca47874d32f6b8ba36ba155900424f9223086
2558a8381506d2c01ff0e970f71d73522f116d545aaa339bd310db6f0626dc55
02c5534ef699158fadd4a0a0080c382a7a0dc20b802b6c37bc942524f533bf44
dc8a90dee9d193861abf9cc7f2c1941d52254ef4775a5912a76942c939d90e48
82343d7047250451293b69ef05ecb42f0a94c801fb6043b00f9094f73f977190
65b000cd43818ac6d8cbf7ca0fd2879d7285570a8085213f8523c1f42e36b76f
8089be72bb343eb49959b5c11b09f902b930ab551c8b77776adbd41af645b126
3cc6d81aa3d86e438df3f53f477e1fa1d716bd1d99f0afed6eea4b093a1f2ce8
98cedd8c46b5f15481b182a1b09bfde7eef56a8e86da1c168d9237093dbc2043
15710762a9649146e7da9e64a728d1abfe569a406b87d7225938a1254c81139d
548ad4104c0a7d291eaa1a600eea07256df2128e2d9bcd4ace3a30c693eb1ae5
50ecf41922fb4029d3a176e2834e41044a94b4fcd2919741399ea37e263b2708
272c619742638c65689d7626bc502cf5631ccf73052a57b30a9ac2d215b3908d
01ab4e674b90b357191c2f01d953fc46132b47f6c088842dd02151fa98af8b2a
f72587a1a2dc1b6a22e63feac2669ccecc06b0333fe185bd351c102b8eec5525
25943f1d4f519b2abb71e2d2617f5b17e5f8489e955f333bb76229de6557efb9
5deca16322274645207523c756ba7ef672750d0bdf265319fe281b7c7fc37406
0f9f23ffec375ca598ddb3a763de14374e7d26b2ddbfd2194682fe76dbb03968
3bc22546ece08b0ea2e99db33de2e9179e3463bae41fa3251d0e137e893c3fe2
33f84d0a612dde0e091c0477463060eb34f1cefcede3605ee12245fe327fe50a
97b1a9f6d27abd2f3e3b5da0a7421318b0b605e4a838d31ab0cd1f2d56299304
02a66b40f90c044a0fd7d5397c8afa8da8f968e4796a59ec0f5ce71fa07c632a
f632656a27a89f9cb2c459c8f5fa02dcd56e5b674583fc4f1294974254ec1ee7
c6ba3f1d781acc07707397d222345a3c9d51dfa5d4f4ad804b9f94205fdbcb63
1825aa08417461be885c3b0320b494880bb38650c0239bcedb1ec47da0baf778
73a80041de84e52b6b408d99fe415117b017392027ea89113cd81cb4bb0f35f9
41cbc30a76a89611dfedfebf336e977c8b2108ad216e08527f6496a3236b5ce2
9158d99dd56cb502fedb944c6a97c51a27daa9ddde16ee1dcd38cdc8fa05e0b1
f810b1a3b741c984e41ab6e4d66055d7824eda5e6651493e8b4a2c449cb572ff
383cd96cbc23a86106f3f74e726252d3c237321da05a277c0038bafa0ebd1f22
846d0513065ce7e4cfcfe31e2c5e088fded85931c6a14d282cef3aa820ef9c91
ccfb0b6bc0455c2740578e0f3cfd7c0cd3386f202e8da341284efb2325df2482
7613f9325bd6e5fc45b36b2ced2fb83cd5664751a28b03c3ec87ca76a9e800ec
3c0a6ba11e4a9c605e3791dceeb46ecc71f3522c172bbf566509c6706fb512e2
79c1e6e15b26844d2129b88ad97fab45313ebfde187538ad89ac552927988134
8b5f42bf909234c6a39defae68a41bcb26dfce4a08e5cdf50518f69f0aa1b1c0
99357ed22c9c15c51ff6cbc7b847c3ce705a56fc195725add077313fba07ad34
c0926bb12283171b16fa0ae18ca600c6641d6a06479b8b3ea70512012d3483ae
fc0d69e83b932c8e36cc31c459245c5cf2df6f3be59b20940bf2a7004f5cbf1e
d8605e48e4629b7d2e6c0aefb1f8c4bb45571d5e00bb3edbad577aae12df7835
5ff5310a35e3ba5e1275c3eab700a5ac95a5eac84ebb92a127d5fa760de7949c
98c084da7accc646baea1315166f7109543e58e065502175a572293c9284ed7c
b11dc32e0f7b1c840da3fc4fdeaac8ed905b2489783b5286df45dba671e5fcb4
32c2e8a7e49b3da3384f33570683f4000df91d970c888b72ab91d80f1d4fed7e
76fe2625433152670f751225381eab3549a74b28323fd6243a8f9e51bf2bdc3e
ed85bdd47111b3f15a6294cfda43c1a9ca21ddcfaf7c9d49adb3685e978a7162
ab803f1d71e934874f7f67afb9dc4018ac10a8853efe85e67e21ab68f00afcbf
c256ab9dc86f3bfa7357da2deba792b26748873a63a0a0b4a6d6cf62a8b5866e
214c1ff816ef9722469291e45742869873b3af8b8a20e7b7caa6cb3acb4a539f
aa84b9b33e50b71fe6ce5ea9d8cb90ee11b5085a8650f6e3d140ac2e0db014c7
339dba6a61dbaff52152e0699bf090ab8dc9ff154e994cd680cc7f193219132f
806458bc6d222ee138a39211c8c5cf10a469c429a3211dc7f9ef82ae9ddc3789
7a1e823ffe75a6b556abd2fb76ceabc9842cdffc599ce1794e801d8d963cc02f
0c165b236b08ad2d0bc16655e328f00d32f58a4407f500c0a74284c82e282e4d
3f05e7477f8c5a6b3825b0cd426f711cf77823f9d4645c4336811d92203ba1dc
5d3a1b0ad280724b64876a92fc74f60b5658a5ccbf5be37447262db566fd4ced
118235db306c1c2bb5e46ace7c7f81f57f05ae78e6d94797220188ac6353a34e
286a0d693bf8ffcb9d9ebd9866f925ceb0f81c016a26a51ad48da4605988220a
a8f5d32be29def6fe03bd6e583170cc27eaf41343d868010f814f1f423acf8e8
5fe754f05adf9692abecd224b64361a84b0a87f0d741aecc70e99ac780eff0ef
b822f4c0dca0ad2f06758938b4c1f3202478ed08b964f571008ac2e5f02321bd
1a6b386502770afebfe1be4c2dee2998e29c81268dbad2c71088539e4e6373ea
a61ffa9d4f30ce437c62aeae509a000a2f9acff381004958c31e26410d854c6a
e94f4ed146960b58751e149fe6e2ca27868ebed48c76a19a13be511e39af2a29
82bc5fc300f7eb3c1d3cf70ab01fbc6bb8de2acbce0801c964b578581e24d481
9667d1adf2ce801c6a278d691e525892cfd516eee7b10f7e11d6bdd762e14471
2cac15b23539c77d3f34e3f8d539012d67a5851c64399925b6211532bdcdbb25
53d1245043a9df0eccdf87d6fa7ef079b9beb893f89ee252ed53db4dc3e809ca
297aef61aef5e9ab0627fefb66c5f06c4ddb0f372c2ce7a4184347cd8a1950d8
6e0d8b15d20d7c2e0afe69af18298ab49d48f8eba3e5b7913998a3b9aafdfd60
5430251e7b2f7061b9803244d4aa3534e18b3dcdd6f1d2d189e9beabc7a09b93
f86f9f90fdfa6747ced4daf5e2b491c62b3119417f4eefc65ad10e6e3ac4c8d9
fc3807d5a970f2ac5626a02df2502cf3790837be17dbcc8ccce84242ee63f7ec
609f6d2b6530b4334fe3a86f98a1a46b5caaeaf824760b48ecb1a7c7b48737ee
c49000401ffd1d3b6be6e6da855d076822f8531257c41775401676b15b264cdc
3a27b9960681824b0b48c7b83a815d9e34e440861cde24b8281230fb8656c7aa
7d47c443478d23183d1506dc3f9f13fcbbc54a7f849c23235bf436d62b28b3ee
2937d1640daf12edb55e4cf3a170b956307b020dd4061c12c9157e51dec79922
ab5222b03ae7d82798ec94ce9c6475cfaf0a154d5be44bf1762aa021974b88a9
5641ce4b390250f671dd9c29d2da4e8185c58181c6de1299dacdc008c51b2302
e1a417f145d075ca46abfb75c3fa52d3c70390e05ba7f3bc4331a21ebe530214
9d018c9dc950057ecdd7df377fbf3e9c8d58736d79da726d8c956a9ca1db0326
286fea2dd1aabf501c7a7a5f51406b2104d50a4cf10d58e1e9566020741e66d6
77a5127b26ce6a9f308e8d660de3587c2397105a220aa0d20fbead4a48232cef
b8f8c0667b62ac85a2c0a9dc09ad666d6ac10923cc75c8b0a986367d4f224765
1d181a3ccfa520ed34de6ab808dc4a1056f874dbfee69087f1a0899a7e418968
743c8c7e66ed2593c930e71685650e141199e12b9036459a564968757df058b2
b816681f4ba942c8499657e6d5d5f9bcc4f05e4e8e657290f7d286646519c6c0
1b138dcc22954a36aa72205c4c3ca4714f50f4a2b0f1e8892e82cfa5cc72a7c6
48ee4ed93518b1790a5e40f83570d4a58aeab25f2e596d22bc9a3911246a46d0
ae8d686bd68dc886c206f5c07f7919ebe94c2027517589f6db1b93e82ff15f17
427eaf803ff8fc4f0ea37e80e4933ff74c15365076e9a8fba0fcee0f3ae549c9
ed153789bf5b6b5fffd4ecd9e12fa16dea79cfa173ee9262f84fc3e2d69aabe9
640f2da98c5f7690e9f4b66221e45d5a02b92ac744dda45d062c4923043a7ffc
6c22acb03787be2dafc0d5ebdf30241d5bc79428cae5c4a43f6c5a2dbe6dfc42
aa99687cbe957be410bd9b6a8befa86247b44172919a5f6a856d03656acff40a
885fab37ce52a45adeb7c8025800bfed480249e94a959fba13420f86fb5ad3ad
47cac84e9ebe107998b96c76e157ab6a6d14038269be1bd2f071e5963f06f4d2
c530ad5418549ae1c771975d963d88a89c91a96c1eef89b70d5974b769d53949
0a9b8ccf581c40f61616c85cbc5eca05e86fc301fc1b108aac7a943bb5839a33
eb75f5e64f818165ab3ccc0dcd45d3896a6f4b6e9dce171bb787e3275b8b8d90
fbfdc7b40d96f36d75463371bb69542d63a20e91d658ce29d69a38697f9141d9
2bd6327f26f17541e7f399c276e9b21cfcc9b7aca4954a1f549111a9284ef2c3
1fa4b9ba922811baf2b66b1ab1ee6c96054cd8f87fd3c8404d5d65742eee31a1
f739b39efcbdb66ef1107707bb37d79d5ec42a803137ca1eaa0dd440e6a49637
feab1f74410cb305a5184597f07aa5729ebcc1a803363ebf9bac5c06a20e6e97
6fef9e2feef2439f0d730b105affb2928a6deca9bb624889bb04514e5341beae
5203b1f3ac20406dde965821ab8f8ede753e29ff59d4e60029e18052fc98149f
51d46080e5b58e006902022e1580ac746e24a78ba4c0dbccce7d2102fe78cddc
2b6bfb15ecdbfb7bb47d8d7b38f7fbf25d9f9f3fe2ae87c0c818b9916eba6f18
16056d042b3dfd7cc385fcaf1928c4ce24e49d6ab92126e1c0e110a1e412da82
804ce20709d7e28c6e370f661e80620e173719b0e2290979d97e67ce0557d404
27acb41b53c7a9150bc9682ea86acd66724609f950e55285e703adfcb0b92c55
6cce36c391591de1dc5b8fc3b554f7dd0eea36c13d4dcbe174bc8c68c270eced
f8f66ed37ad912e688f0616e90d39b1c829b3eade8e7d87ae9ed8997aa74100f
ebe6ca07273f68c1a3fd9112cd967c6529d18d2c39116e3d8f7d27b6ffd7956b
172ecb8544b6d98881eedc5a447bda94fe1962e025bab78b5ebf84f03c8efe2d
37729c65455800fcec1be98b9066a3aba40f3afd6334552d3c416942a09211e5
9755cf6909eb6b34bc167a80633231aae7b1d116f0eafd3ee457cdb40e3b62ba
d44ba735d95206e1d92bdc4f46bc5595bdb0027a46ddc45cb11684dc541725ea
b5c5992dcdd88ea412ac9c7e49d0e1add05adef541f234c2f5c8711bc44849d3
ad7c20cfa545c89ebad76e09e1602a08be452180d765eb8ced7ed9395cfc2f07
591d3f0aa0943e76483ce783f84426ed2bda611abfcbcdd6f6070fdfef8c2a00
05a21f296f4c41a4c6fdd98b3819b103e5a0baeebccf4d2d7258b5ca35a87827
6860948d7cee6fc16da61c001679d5f17d33b3099fca73dedeede371a35694e1
2106d0613d346974822a361bee117ccf65897994908a9979065bacda1bc29833
af4b2db08b6dd2fd8653ac68c1b25d5f3183516dfe0320e01f5283adbdb57061
6787f8258300ca4b92bec3eca12bfb50ff2a3dab284ca0b2874a2012e2c99e81
fda99cff0bac68cda9ec874ffd84d90340dd7247497c170ff157fc118feeb111
e1e3af9bc561e7a27f929154424c0e28ff288ffdf54146d517314036ff411919
8cf980c30e0ed78c820fd7f258a78e072c2aeecbf629184bbf672d56eb3cc3da
ec3e8b06ac2db578495729fcd57fa4f99a6c74a91d8941f370b0c22c15333338
e0a711142af33fad3d21827b55dfdca03fddabc6e0c2b8b39f05e182b07b1e3e
d03aa33843a56943b31819f8489575d18fa712fdadf69317e6945745dd53c954
0790150c69b535be1a3f6d8d6c3c226475336d5a1fd4e5fbd295e2f0dc84c0f5
b7288a7de9edab6509cde9120824b13036ab3aae2ac143a6af76830f83e1b42d
190168705050f6f6823a2021155d3b83d036dcb110e6348d86833c2e9a890daf
ccc08431db1f06afc36c3ee13d9e4e7769e22407a46304b68398da85586c6e5f
9c35f41f6b70c65d068d867ac2b5b6bd44968cc737b55e7cc2db4b6def8ebdbf
9d3ccb946f55aa59cbf2d80b9dbbfe3b4ec9f2734a7888c64c79922bdfa37cbc
4d9eafa25353c81b6f7d73c7c0cdbeb8756f37a13e20211fac2b96ea87614236
664f8ca3d911e86ea11c6ecd30804cadbe8ec8edf5a6824ec9bc31d9ebd2c323
9e3144ed1a75d4d903aee9c47399daf2ce3f957b7c8a7cbcfdd1f850dde52217
5560ea8431a889cfa587558d1b170d27eed405fc4505113990ff3d182635167a
b05ea18ce658004ec2e5ba55370eb3656987c7c7534cc56646c38f5443516b04
19742d0b4791a002ffe474cc681effa7d73d0a2fb8e5fb2d54a80113f12e1b5e
e74dd807ba24487af3644c7f84155a35d788a486a11a6c62750d9bf5b829f5b1
07b2da23d3b2c8acd8e38459468c321e94db270caf87f01f631c7c5a96b951b3
4041ecd46ae0077f1f77f9dd12d3f0512d7eff5f67385e38412f36a22fc7edb0
83621da2db46dbf7101da510eefda6b68a4d2f12b65f592d50c0f7ebfb690164
26ec15178119d0018128cc25166ba8c4363a78f41901b2c6599980af5b261854
1e83649dd22917a6fbfb17a9f58e7296c39b749e06a005bd606dfab1859b3475
d5f52e1545adf1b79235ef88aa96cc4b592fd335458d4251dd3daf6625b99559
c2bda73c20216690a250b1a38dce499410f85250d4f8eba35c7641478e10d5bd
e27e6197daeb9dd4c42210fcfb509721842890d817fb03e421483f291a4fe0fa
f9541dc22c6ce9c3cc4012771fa5c5e80f6ee9b011f818329624116da5b86457
a5212346069c8dd63567d536caa67d68e525209837a8172399fba4c08a186045
dc00df224c9339308c0abc43b398ffdc2cf45e9bcfe6609455bf60da94f35f81
6b9e1dd9a497772d20ed77c6c34dd8acea2075eda1c3c680d2e2195faedcd2a3
1cbdfc791200fcaf6f6478f8ec1bc51fc141c55d98584a841d9516db3d455dae
a4f44ed07dabfb32329aa3b2a9c2f7e90063f5c9c8cb73d117f74be4a976ac8f
7f985050869fd8b9d26dbe0ae86c8bf1c09c999a061a81530ceda36e36758929
cf6b2af66eed9a93aea23aed0c8d0c20bb4010c64e151ea4ff5a63dfeebe6cf6
2066b41857e91ad190698da574a3fa4a082d73b7e0e94c0eab36f7a1c4d9559d
9c77f938a28505902796bf3a02b1a87cb3c67049d001bad996826380522b24df
676538024ea4dc631995710307fc8badd65ceafde8dd164062f3d53b35d6c23b
7cfdb661396415b4b093ad6c7c07e335444039ed32a4c94096880e7b5d122c6e
79afedeec7e327a909bb3bd8770aa3b4b4197c6389ed059f7a68c8a2856f1174
774f0ec4b057a2b7318b7acc07d0e6063c2c64d861c4ca324c271b6284f87b80
172da35529b270cd8d158a6e8e5903e2249c03fdae186552b738a5b85ddbe34e
1accfd0fcfdcae0dfc73e814b20e82e701d5ee19d35072d3949b7e023e96eaac
06047dc4001c1653dea0b5fd7002c8e74846fab79498864ca673e61ec2d750c2
04e89a254e3568afdbfe396e951e6f9eb9454fcbf908ba332815f6c1093dbbb5
fb988eee70ef05b446d99706130ebaaa483d96a8eb9ad8838a74e042c84f9074
25182bad07793c8e09d1c3b33034d0b54103203bb46c6376f4c9ae2cb35605a6
6d797bff331792ebb1ae7dd188f252d6ca428aadd830214cc26b5207c5428349
3f7ca0fc7832f982efb68971f7eeb7e6ffccc371b00d259bbbb9d4da5dd66fc0
0205ade9194c6bdb8a2f222aa042b35bcf858521ebbf9883f4a90d17a625dd88
d7e9ee6bcc52e4320d8b82fb8f30da3643ae0bb421cad84ec25c3c910101d7cd
8393856ba399fbdd8cf112b05f576947e7f0e1d0b5cd1692940837c84c5ee56f
929bdb29f54d9647bf4e97f20c15cefdb3e70a12b2d11f5e5f91fe6c9081efd7
b35e6e1083424645b8a45ccd7fe4e0d23988039c803c587aa72345c2759f9cd5
7e2cb58e3e5ee9044d2c74c8cc718928a086e5705a2ec7adb457e3bd707db6f7
a65769e6c203ed089de1198916543f3dcaa7236216fb1c0d719b4794dd7ccd6a
4e093fb6c26534b4d33b580eda24d492641c949beb237c5f8ac47b3ad46d50cd
53b1c21ba4a2d0a93c38b61265205f0bac02949806bf6132cc35ee015ce0041d
f08b75a60361fe5283ddd6ae1448b79d5e9e5cdff0fa285fe97fbef7f5048f0b
b1d0738bec4a08de77f1c461b6afbe5cda4dfc0dc4ec5e496f99b6f990db8037
935f0c2492ea5bfb3bac7b70cf738d5eada214927434f56407017b9d48c142e6
3e460987c77acb022cb4f4f572ae9d3451408cb39a32911eefa77e4c271339a1
be13de3d0c93fe927fe892e89f5e90f6283a5039ea699a551148aad79482919d
d795205ca5c83c5edc25fc698e192411412aea92ca4b77f4fbe2c1ee6462548c
699f81258f1e6dbcebed59298134f56371145a16dc4de139f4c22933674cd7d1
e32dceed35afa4a4bc5aa34cf351a2d9d330705296d2d2c3434aa1ef3d59c5df
dd42f66d11f8abd8746ddf66fa05675fc7329b7eeb03e9b93481fcb57307370f
23922c617b8a062e42af578b04dea0da869cd7f69ee90604a8c55364d1abae1b
75e7ea670e716daba50f4869ede6771d1b70f084147d8b7964dd63aa7f61d0fc
df001d60216412975d90efbd6f41ca5a20d2ebe0bc87bbaa2fca0c2afa46b3d9
f320cac0677ae2bb3bc6a829fa86f45ce6379fde4f2759e5fd54a73c44db251a
3f79a92a1c6a2addd95b420cf838b067c420eff2075059c77c00c5ae7d14915f
d2354f7cb506e87ba0eec5d9b7084b79875840d9b20f30ac8c1ddbf53f036078
c89d35e73ba05c40474dcbb4c0b5741c878f8b31df68f7f3f70ecb5b0fc6f45d
13f148fc9db0bb75b9e8530bbe6a0e5c3aeedd7c1ce3fef82f21635142e90eb9
fc2e11e401115945e4a4d808067df3e77601eab5acdcd6dbc54f48dd1c4cf534
4b261e9734d1b8b190d1525eeda67868ca3e49e110f0a13b56a378b11756dedb
9404e7f7264c744b90470e92ac6aa836d7d5506a3c558c420f88ccf05f5921ec
6ae11cb5800ec33380374c28107273f64a1cbe4be909cfffcdc3a1872123fdae
99ec0f375cb888184ccf948349584c13c43279fbde0d594226ec26ea41a2da70
2a174d0400ca892540696e1f06ea35bc703c741fa7753e18d23b9bbfeec04215
0af0472631a1860086339caeb17d12016c2189b7fa6593ddeaff4b538961135e
7cc2b344cedd51579122f44125177dcf9e69f001862df3a9302c11c9238f0a4d
2328ddf2f9564d14e23c677039716e55cbe896d53a3869483ff6453348bd3d5a
87d2091d7fe5c33dce3ffdbdd2816e0a5c755fa030b2d772692c538635fbc65c
0f2acf00fb2609810c9e511446ccace22db2f7298356bd900407a805008ffcb1
e6ba9a9ce4e4ca22ed4011ccbc6c5c10d8deda3be3d1c38b1f7bd44a69988d1c
b5c15abc9aabefda6d465f6b27a003aba2c7214dc81ad856a6be3a7fc998db07
6265c8a05f56ca6b2d80b98cabd29b37c705d38f88eea563e9fa373399eddd1e
77919628443084160d318259e6dd621fd3bca5a549ab56d87b2073dc75723e79
3cafeb8144130d2be08c79824bc923359ee9c5ba9e0bb1cff066d822dc57182c
d4ca4a511214d4bc9a1efc85693d942e835fef3f77fe0cc5e5a3f74189ae0c71
61a4e650a658e72a9e8125958ed170bfe7c8c9952c9afeab38d230434992264f
a26c7cfb9bb69efd59f60645e119f42410b122d09fd06731b9211eb0ae0e8d8a
f49aa00ca6d61bfe829befd86403d1b949c2d3c9a4d17604b0a4fbd13b5e86e2
39403846567fce56ffffa464f907f5a242d9037fffe2b576ca8ec2036c6efb82
a513d3a9785beab7f0b539d7d7d8f8ffbb9494ee8df2bdd7f9d6fc82cfdf7ebf
bc987caf087e4b47310fc67f3cfb67c9a83d9356e2d2edfd12f974d6e4c08d9c
5ea0b68ec703a7a1322c5f097fc04dfeffe29efe52bb654170089536230867b9
a8280571c3fd75e458d38cf87d900c7ec37ea48b49b7c18c1bd96eee1eedea51
fdd5e138c9e46b288669f64183ea11d7305f8c4f6c574cdeac35cd90f27708fe
d65c874c56abe6af8d95f0b4127b906feea789db8a013b988018e6c5abc5ffb0
7803159ad25eb25b