7f0b02e536a14ed61ab049b856add63ffc7d556bc86d9a9c82edc1cd6969986c
34787fd0c073e7260c564894e02f9ac4ed41a81ee038492a4efd2a10306d86a0
2e633279d2fa78fb9c9e87ffc2adb31833d935355b2dc8f4718623a771b764ce
50bb85371ff65aebe97b77c3bb76f5390653f3ded05e6f214442be06d8e66cbe
b3fe07b842b791fd4823bdee93b036dd38e73284772d83e535335575ac537be7
5f419b15c5351810ebaab376fada0fed9ba9db677896bf3b09ade8ba41673983
d991e133ca7d9ebb12f2d3b043c096d79782d437ff01e935130d2f64040996a6
1c81202a8d43dd555726a69eb7a70b7df5f18991b18a9e66e7d0fe734606c31c
dad8ce0f9e16a040097f47f80bf361b666ee0b7be5aaa9cdbc35ffd452500c1c
5c8ca3276e5ffcd8e849d2ca3ae73b93707726a99b092319e49b7779c84bd37e
00bb1362794c5774abcf137c0d522d52213ebf6638464e078c8dce75069b423d
af88adc3be9c3c3abd43a03729d1b959a9c5506a4104ee85b933bf6533957d60
54930acb609ca8980aeadfa1f2eec83665587ba8550e731be6e9bd3c57eb953d
74cbd9a8570358b90acf065b15c8dedb852764c1dc851907eaf8cad3535632a6
55cb9cda48e9d93ce3a905fe088e029bd80e0c4020ed4a03667f3f6dd3f5a335
bcdac75cb9a6dbf9ade23e138e717bb11cd7e272105ddc1273ea6906a1e7b3cc
a69b0ed4c7828e6a4826b5005d27df3ee4de98b3c035f98e1d393d5c9421e930
6a2d1ae0832f92986ba8e51ca08f1a89d8162429a8b33e810c171604ebac4d6d
5b9630d230dc7167c422e61a05eb6692c2274ebdf2bfdae85f12bfabf08b5309
191a7e42d7a8c0a80a990f47cf5972ea09d5df6727fa5db5f0f25abb3868ecd8
5cd1fd7a1cc08a6772e7d089549de1290a4287499352587acb218e46a1a266bd
02fcd7d8eb8c46db01bb856419bf0bffb110bda8fe026c3969976a86d03a622f
41f3338bd104269d6fbe147b2bc6fdabf0af7fcf81d2556ef33ffb00579e804b
a09556cd669382b5d3cce99dcf64e738c0dff331345ac1c47608ac2953fe73b4
3526962ab49777e2c1a101af699f684301884f1fb72c84a8087eb494c80aaa04
9050fd2ccb6fcb427ee42032e7dba54f2c20ae5f0fdf440c9556f632ec194f83
de1b9f6052764e916475c71b4f53f0de7967646e1a654a01b96da641c71a87a5
d901570982da48fb2fc1c1e9f825ba9f2713f33e11f0ba367f1e0ada722fe16b
7171e695995b9486bc34fa5c2586ab7dbe31a869f59fc341fa538f8e4cdadad7
3868bd045d370c5573cf470a26ef1acb8f941323341ea102ae311938be814f31
5632db60d50bcf1cb6a1de931c6d503842cd0a485eafe5fefd03a5c575065f7e
14b1bf8f349c59b49f3304cb6107d316580161d4a1651115010139d56c931c88
d768f0c0e703f0b02292bab39caba068a92c075736ba185f21d48467d97ffa39
3bf02b7efde1f7f7c7caf7154bfc07f929ddb65e318d1934f1f0cb547a69160b
119e2acb4ee57b8af84d6ad37e4240d07e6d5323ea0894a78eb6148150592875
47fd1ca279762ad518132a1445f75f580340448a8c6b74bbdd37049151a16481
6f60a90d51c08656b373e69642192fd7e1c2d3091f30415d509b3b8b86fe98ff
d4926c324bd109ca31db923651db97a1a456066e37a57e58223a0aa1a166400a
5705d724fe400fa681d2d2727593493980c03185ca8f041c5eeab343f74f0121
024bcf87eb501b7a13966c1d0fbcd291049b71ee9ae8cc2ad0557a43c4d6790d
6549a07a203d3dbf45c5c3537401f5b0dd232d7d24f627103aa52ad910c753f1
aa5bdefbb47f6184a024864e65401a7ffe4733181fde8a2b6a48498750e9a5a9
ed545572fe6ea3bea5f9355208078ee91b10a7f2bcf0d355c3ad7e504978523c
eaa30e2104b51f54ed02718bf06909a651e17004d40e2d6b2ce1e559727f8f97
47ee3492e686a434a01178a835dac2399d950bf4f6c666bf43a603e96e786e6b
8fec43c8750ddce06c5a85e0527d7f1a1d51b9200300422d9b47cac056bf249d
e8f9e34e13d77c9aea66a945bff69af5c47068204dbcf6997dc703a6022a2305
ea53745a107dcc3a2afb2862350bc3fd3efcf6a950f776072b427cea9bddf189
a207abac7e22d0a3576e7557ed10e0e0d9137e3e6d752303dd574904a35e54b9
ec25268da8e4709bbb38f8cf0e7f551fddf0a080cb15cbe6f1ab706a67c249fa
80596dfa7569f83dff11ef54f4dd41186f9e5828b3a1004ccd49fb078cd4241f
ef5a1ab55f6b0ebd008c2fcbda3d5bff6bc47b189769c9fe612c84f7d53b9e98
8dcb8b602c6b555160a6336022236347512d5dd9ff7399df28710b977e6c305a
7e69fa2a772265c1c8f69c317a2658da936bd77bbb2c161485e9e47598e82739
c7226f76c28b22f19665d8e828a0fb60af241bc4e54c7c8c1b1cecc470fd07e2
9f68cd2df7d2a49f9d59b01093a2b344c7b32c0269de40767b64a2eec1219251
60ad512263d6c0cc15557974a87a0024fb699c69b48fc20317f5e2575058768e
006f50b9dba4ee294c3639aad73fc185b1d536b70ca7008061b9edd367a91f4a
0c76719d2b8c8af83d68022f0808ace0d458049b21daaee12036e61d051189cd
1c60161788b879fc5070e6f28e3de929839eaf24019f036cf4f6099b61283fe2
0e71218bb48969a446a5c5b1d24d1845f0f69b597ea4154d8ff65a27a54171d2
8dc1812d28c5a5f4c59478f1815c341daf5aa941242d7ee8260b4445ad6b94fc
34a11e3637452bb0c18bc7ec7db4fba47c2ad79a52b5f787fc4fe2edab55c21d
227d625612ccff65f8296c5c225c3af926e4c471fb2db5b2828237a3e4a304c0
253a426b0762036cc545ba9f628ce08c2569b002e518e6d1a15fc1f278b1dd0c
7b494bf290eb38903f462b3285a3c5dde99d4f2ef3635fc75788bb93a2c58efe
0c7f693c897d88c93657f1f00b641975eba220ae8a112db9e146997dd3bf2a18
7ee8166c35136f03fab0f748c04a41d97f2a4349cf794e7428bd4c27bb0760b5
ff55c1d04542bd5de91ec183abd82fad902c96789d01dfa9f8117a9f38ab9b66
877c6c040c81777277021e76899ea103dbf92869f8c083eb483082ad03cd7191
ffa986f447550757fec1476dbc4b3da7ea4a466befe113d2a581182c082d4fa1
7c7f19b00db0c86a8fa308d64e32b655af8c24a5f548be02318f2f2a4f215bc4
88208bda5b045263890e903ac261c9bc4a6b49dea1a7d808ea8d358dbd14e71a
3db5e0e5e76e03e014aec02ac5c5d77019e42b3e008971cbcebd8c84d601fbd5
031933905a93cee357dab287515e9c6e834fed742f3b0fcdb8a7bc98bf3b8cbd
e964f64c3b801e0ce3edd0ff674adf490d3e9fbc9ee79fa786b3d188a8c0e681
de74a1d57f2f7930b7f767ddcd3c01b2b322a13580ac27a6fbf4f9fa344fee58
16075b6d669c82062cb018e54101ba0a513cd713687615de05a39fc8deb0dc91
ec59450503f5ff0d32cd4fb17066de1640fd2eeb70c56fb85999355611eb3bce
a5c2c08485fab7021eb3b1257fa48718975d8be3a8267dc874cfeddb03369f56
c20a6322b60e6664c31e17e833323679efda492e226408faa834c89631e5b530
e7a17163d00b0be448d268094cfb6f4567213dac82b924c12f49d5e699f31e7d
fb6fe0993124ab69db5395e28d2e3fc73f42d017e4e47ba1da2e8aabc854eb73
a1a4df8f210d1d6d27f338c4d102f047aa610b2c228284d8675d96304c769e2a
434c03d9345639c32d4851c82bfc888da302e590b9d9b89f6771ea18ace6f51c
a667bb160f5c04d9339e4f99a953881cf06afee3337e031f947f4e9cc141fa93
8062fa50d70a2e9e1b02012276352950438386ec82fb5d3183a338c088d4cfbf
d2246741d67c7bdcba63dd1927f1a74063c95a57ef06a6f16a3c4513ee82bd44
ba500f91194be3a58f9634f957918b99e15db40bb0df34a672799f2263f24b3a
d09c787027a75e2933596ec12f6796e97f62dc77162b739e8c17cb70e67b2f48
936ec477a74481fffeccbbe96b9f62a08d5e519da7205673dbd2d13ad0859a24
15520d0491768aaab8c5cd7f9b63c0dee5d05c2b05644587268ad6375cc3dac2
b16f6681c8b9d5a409ecd845100b9860b4edaa4b39db025854d797855a504a67
b76a4d748b92f2a3122965b998c157f88254f1aef6c867d93c05e5d212cce3fc
b1ed68fcb15e6d9584e8af88f48204e8bd78eaa70e5015ab465b29a1e3023cc4
4475e46fcac6d692a0b1c46cfb09e2a4ea355ab65b8dabffaa608736e44485e9
f0b20fe8b970eb02d8f1907995d3e007881b39df18d447906850ed37decbffb2
9597b561e76441385f8f9da21efffb865b67add33525938a7bf50c0623b53c06
83a57209cd045e840e5e49657a4ce7c15faf0c75686270668de22aabb5f62f29
e47624ff063684e787d2694e2bae6d577dc92795eab13d9433509efec200a8cc
a372779b615da3325e374ebbb3008e1ca67cd8dccad35a558d61f3af8d2981ba
1946261102908f69993d4e15f6c4cb16fa603e528113e79ed3bd6132a87ead95
336110d79d0c3655a6cbc63d596bfb834e67d6ebff81b21f336806a6050eb5d1
3f0786ca172d634b0424125028b7096650ef0f3ecb05c6fb6d6f022550ace0cd
0459af9391c1c4a65ea6e1e1a15cebf56a0833931535389e796b917143a7b09d
e480c7c60e8c4125496a4c2dd635b0492712b9f4ca1066869a439af1bf02c40a
8db98ad7853d1e058cf5b635288943aff94c24f260dced001e9b57191d801588
ca3143911feb15dc96ea22ef9e27e772b5d1e4ed41bc9b35dcb2663375414671
4d7d7f467c8cd54cd06127cff2c501f1cd48ecd44665d9c721894505d75fb2bc
ff5d70781f3fa0fc02d120f176479dacbe4bb786aff68e7c3e17c1c1f219cd6e
2c7c398ba0cccf41347e5416b773eac2b3a48aba918009fc21a6968f8ea3cb12
3e856966977ce4d8efff3a0260288ee9e02568df6d1f1e34d64dde3e9bb44b1f
96d92ed9441a92cfc3a1c30b1ab9c1a7e9f1a0f386042062a1fc76be767722c1
7a9241baba8c8cf5b26fb0e8d12b441c3f8cba5d6ea17b9ae133ac51b794cbc3
9e9b88868e9fa05886bafb4d5997289cc5a9ac0d94108c6d4e67da1b36a58716
1f1981fb6dde6437082163fe1e5747e6ef536fbfefc35d06027aed5a59647b62
e222a7eb91867fb16692da1b8fb79e94185abbf720aa4e41ec66e6fb958d2c88
d1f5c315f8352360ba68c3f2272877d34af3f99e2f6ef2b938ef17bc4a229c22
af8ae1027c5b7e64be68213f21d11dc6f0baa5932dc6f044ff4035234459edd0
599800c58c240d7eb7188f516be0ab46bf98fb272ca714e4b942fcbf293d6f51
c042199b334d38843b4997c3aea32fa19dad2a5cabc39035c6e27622b15c1312
cdf79abc2a257f7e3748d407de7a7aac35c05c6e9b62cccf0753e91603752434
b69bb234a1f1be987313ef3bc36ec3c434b4987fce2ca9813c1b2a83a8dead48
93327dc2fcb1a6fff6475afb51dad6dbd8248978b19a4c827c2916b86085add5
9ec1b31bf7c0a5f6dbc28c247ebf2135dadb8d581fccebe3d9f43ee2ed915699
4af7ae42ace9de426ef148a839061976f276ce13e7591029d189bf4ad241f6ef
2ec14c2bd0b0368970f1d9dd176706d6486857fc48046bc4b669c93de049f3ca
27285f16e23c8c141413a8049f770e4d08aaddaa44b8ab9738ab48c68ae51a42
0f92d679c391675d6d6d2c07a33edba2d9c399cd47abb1ceda01e034be9d78c3
57fa7633c97321a9f3d7d8763ae1a4a54e498a0a217ce400f16ff897080e1722
ac7dda8ad361787ebb573afc50d32a8fbeceb8b7cfa10a1128a312c1a36a9480
3a3516362cf6fe6b42a9c5e25f874b0e48eba34db6e4146bf840aad5719952c1
0ce4c922d4dd32362772d007e22b09761af25969dfaaaa76b45ddd59525c19c3
6528306705b1dc9f971b51409b1087a7df1988c0b9df3e39e4004a372321cdd3
4c5cddac53180d0f055a493421fc9ea9dee746d1298cf3c27a275858204fe102
84cdf984c9573d1096aec4756eb5d53512439eb535f925bcae640217a7e5673d
29d5ad3146e3832aff179e31243d8bdefdee89ca572e84824d31f53bcfa6c91e
fea645d235f68ea662d737f08f4ac7ff2d13013f39c064d8a640f2c5c6fa3d3f
c8837cc9802d6c779a06c5f0493bd06c6116753902b741f6bc525e80da7107a3
6c4fe807021decd1b251a6a8cc19363b1ce1cf4bf6d4cac13070e9cede874c1e
8bcbaf3ddc5c1024634edc998f57ff9142748567a3aed32fd192828b925d7011
d020d2d45f5c6a6dc5d6c340f85bc46989231677436b9d7aebbd5d7971940815
6ca5af3d45d3690c2a7e09223f480f5a806cc632e5e16347f55342ea16b130ab
091695f86de24de344594d6b855ba430d3a04089727e6d01bb3451b623f3b1b6
175a9b1891786008ee4f4ce99b42775b1e66ecf72b555bf68e9d5e1559c856bc
41a50cea8f9c9c1efba27d2f6d6865872149f389de96c99e1310dfbc79950b62
a477d8d0f18d610c934e299915cabbccda32b0a96286486afce891e7351b883d
63d22335b6e68cca4ae250e76c0bb98378ce9e4cb71663fc7a92df98c05be9c1
e1d6267b307866e4877682d3fb27a7f31e05f433b88d636e406792742c0ff715
5536d35440aa0bfee054c749c8df5b8cd47e7cf086ecf0c4c1b5678823ad2dd2
9a492103687fdac4b645086d0be3e03e987c9c8e425d69e4b29efed4ea99c93b
70ac203dd0b791e8bfe9469d1ccf1c058df0dc64040e1d65d21449f3a289a861
ae5ae7c5082065acdd950e494215d214190ca18e8bd76d98365d0c7206f020da
e4484b2d307898295bd69e6f046caed2f656057fd8866d6e7138ae81749cd74f
2ac4d2bad9733c23da8400ee9c282cbb5c4c763a2e31c36f7debc82fd05f2c6a
efb8471f44867e5d132e093347513cf2896aba8649239ab83d6887b93314e6fc
d90a935c6e22091d8c8312568cd936bd55c810067d71a7c167a017f723a40c86
8f15d460923476a0f28463c499ca25a0e6f10b2ea360521ff9006a995abea03e
a1918f6a94c0a6e441625e6e9722746610cb904222e280db171cc915bd0c04bf
6066388c7d7cb9b09a296ffad176e4d03a6940d97eef43f3b9768d7dfbc65aef
ab8fa96854778cbe9cad31cf74c929ffa212eff035cb0e216aa9890629ab8ed7
625d23cdd4c7eea54bfa2c227732ef9fea36f450306ff4ea91871f074e127cc5
868e44dba1a468579070051c643aeb4c15c6a72b38e6bcf82a84c82668572550
5bda8333e4deaf02696e851a534ae9c8f329cffe6c5304d8758466c21814f687
ee458e59f71db35fdad79316e071e6124fb102e7271b076cd53e6f9d84d9d4d9
94008307306447c8adeea575df9635c53fbd44a59bbb938daa1b492989cd1c05
0583d625604e31f744e599e6fdb5d7f2a8bb1403105eb5a7e8bcc149f3ef7903
d2925854440b242a68e643d3e290fbaa25122c1f29bf7938616377f967012c83
339f1d7ff2068b24d527b26d9aaad2a3ad91ea9c53c8e280ff19494f3367527b
9490cb883754448690dcc2856c98ca7de78e7f4bd4da12af8763e8a543df25ac
889f776f407d9437160916dda756095074b2048bec840ef844540e2c2b284992
479bd00d31f03303f67766137ff8003aa1bc95414a3c7bdaf254d4c07b76980d
be460273c11a7060f05cbccffc754ccae7de7b7d2d460c0692f2a5a915c2add6
c0b76ecbc1221b26dca75bedc8f6107607d5433b3864e16f3bfb7b993a5eae26
fa82dd5b358f12258c12355a16044476f27e79448600231ebc2e8fa0e7c3a3e5
be6fa9524fb5df2ebb119330e8f9216e13d46f4be83b56c31d4e190ce118dce1
340dc17b044971aeb1ec23f2414c71d36fd454cf0b4eb12e0eede2af4ff73f7e
ad42d5ef3709aa2a186a004598755bac9152c62aaa8a5f2d50fbcd60dfb60613
2d013369e4b3d71eca5a9d148fd51259a91fb5f92dbdec6eb1d5ad86373c2344
2f65eb4d94be9e5b70d1576324e63bec5cb13fb7d8712dfaffa4f517ac7a1150
31fa32c23b317d9bfaf428414018581a6f0bd752008f609330a7d7132995673d
92f8a970333a84dd8abe4c081b546338981304dc10f995324ca6efd17079dd3a
d306756e3a7be9b03406bfdc9e40db7b282b5fd2ef7ecd481d82fcb33a12c6c0
10246b0146f05376021ddde520e293b1f8f3db9a94b61268704146a6cf92b38f
46e2e08ad5aa1c99bed9bdd40bd5592cddc13bf4e33eee7b2fddd62f68746e86
b91e4d15cc621348f2facfd31a34bd627dd0d21d5c10efd0e22ed5e252901ffb
1b91b11cb4d1472e86755d5ae50a09be84a817d39746d729691d6fe9106070e3
9d1763aa87de508a85d8eaec34d64c4d0bf309806f1dccada6b55ae7b3c4962a
9d84dea3e7e113ab3bfb8996d5c4272a34a32e31c6ef50fc4596be2b829f57b9
7ebc73e99b474f1c6624f2de85d4c9dcb65845793c7bfc98e67e6f9a1b7a1991
b93c2ee551cc0242f6b98290cd745c51b9e7bfb05115f6164448d989f4f7003e
207997e8b4f9a9f4fc87b17c3f1d2eb4fb2ce64e9979535b12fd0755143202fc
0c6e0e252f93fb070e462d1e8384adbb10154b7dab9fe1221d92ff2e257063a7
bbb33196c7b78a81c26c2c1b89a991d53485ce657af4cde42b8bbf0ec86c2e73
e8f508d0a75b4b9652aeccd8e88f6aed215f787c65259c6da3fe2f3c0b03a6c1
7e73b2ea5408a6b58c8ea5a370c65bad16ba8392f9db98f3b23d6086e338d346
316fc966509a0fbc75ea678b62935da32d63fb98288d75752fc413069b09d910
e538bdda0846a6dbe0d81a3f6ece68829f8ce1da15718d9b9ec8049d49d1cc34
8db01efdd94a238fb1b20bee304b39d34976d7f591160225aa3a64a162dc18f8
c4d585a83aef4887935e4f99c7a98e5ba7d09b01f558d5f60c9a416b574b1426
ad7af1c895ca3230d9c21be194b75ae45ce569f490714c435efc4c190557d5ce
a34105843204a9991a8fb34620b64f31334c539467fb2fb54bbd65dceab52b78
c41626531dfe873f743b4f0aef16bc36ca5719059b75ac2a0bf1b576be4a4bb9
d15cc1a99edc4c3da66bb08d30e38bb88554b36a4dbd871606c01f3575490e98
5add72bb35c8d0edcf396810a69d2fa42bab76cf5a3abc0aa75694ec8ef13c41
cb4e0fdcf8ea54bc7859d107584185e442d4371115eac7eb4816e6538413dc4d
038a2af30d055563a16824d90179bfffc95d80dd7fffb90fc9d5c7c63e306f2a
ff84973cbca62bf15a14322045e6d6357e548e6d9362b03fa2bbf2eb355af6bd
61d1e9c6766fc2f8a912dbd7c0bebf82a668cf52001ed1e7ae0ec0c1bd0224a6
f682d216f26aed729fe4b82d1a9bd26e64ff8049c93825a42db8b262e5de5ef1
8cf149210cf4ef7ffa54032c9971e1d9e08b23167e07d4b1e630ae9c2dc57ee5
3632a6b56d9deb0d8892c4dd3b4c1b56d0894be87eb1be1ed5608a8d1a4fe285
c657ef5a0e0628cc74728f386af2dd800c57f14b77ee1ecdc2b0887fd8425c98
43b3a6c84c0f8daf47ff15781bde3def5b50384536bb05a25ab4f110c7d8b35f
1702052afae3eb814ceb5c4eed9af582689129915b0c5550ed25938eae9576f3
f0b50dce5e06954e587509f5fcd43e4ea1f1d29f751ba105db52ff6d49f92eb1
3fe2b64bdabab3adc49ab9e469af074b7d9ba8b86b1a0bdb6ef3118f3bd1b4ce
b4a10bbe39da22c75c6ba8511aeaf61b5da5d8c29f353dfd0d48b9adb76c6c88
e1d48388070e01fa3789c05fe5c13c12a84ca5a062047f095577b4f05d2eea8b
d6f5baa3bd5e10cda58035f4ce37ebfd9fed886a1a20d02fd71f75731a61425f
7740941e0e83917507fa04ba8ce0f205940293ec96c4c7f7412c17258ac61159
fe6d3f033db74358e00d597035d5951978bdf82201d7e6917e8b48dc0491d8df
f9904f27835652df644639c3bc1b99cb3e1e84897af4eea870f2ab17e5f0992b
2171f827c8498d4be8111d7887145a156259c2205102b5881f5c0a677a1e6b4c
ef2029b163c8f40ac4f21aec2f79dd5aef547f436cf26a71263e1e3e17fc60db
01a18feb191bfdcb045ebefae52ef5a88bbc235f0868c49fa57ac3f31ec4ed79
83ac8521d6d39a82542704c099c2c362d324fbddd58ab6131dd826d582f69e40
8a55b2fc9d59c35cfa4dcc32ac07f0c357ddeb683ee4d0c1915d769b9b209992
bf85cf0ebb057745516cd7c3507486aeb8711e40777e367d4323dbc739f1deb3
ed60fdd5db95011778448997dbaf352cde188bdc97fc6cc6e69739e113879668
e37e9a8a430c3414dedee4dfec8be471dc11579cfe07bf4ffcec0965ccb4c561
f11b7280a533ff09c117097598cbf8fee44235450821982e71354977cb791864
7601ed98008dbc471aab126a76baf761b440e8865fd0b9b4e7348a0974c1047a
dac6ecd222b42d345860c3d5c1b1324e9f2a21a04d7f27abb663f1ab9ddf8c35
fafba80707e910734704256af79dd323966fd492c09c0c62ee31905318b08a9f
2b73bc92a7aec16ab8b69550f613d8a408ca2dba94330448b0dfd14a14ab8657
a808541abaeb6180f6a14361887fccccdb73412d61c8b0f9676d36467b1023a0
a5569b67a90406d8b9413306fee32e9b36b83e57c055a494ae35882ab639eeea
1eb87e29603ed6b9101ce94c0069a6a80bb3641b7773d744914b70d17fcfbb3b
76ef5eb29375e27c98db09ea9214d807dc418e132162a87254b47d703274f82e
5968ad1bb1685dae32eecb3ef85aa689e8a818d2ba1cc3500b7e82496f66d5c9
3a4ba11edde157c99dd30fb43a417690a00abe806a5ea73c86829eebd78f3b04
e8ea6223a4613975926cbbf13230486c0b898061f9e14bef2cb0a17ae14ce876
847ae8f27d703d4075f2b1db2709c92c82255498ce1a3776cc7a59f4f0b45b0c
a445590f1d02665d44b4e77d86c203c0e70847cbde30ca73b8d340f44e704270
f36d8d39c68c225db88157cc7593414e1b73bff2acdd08fbf3762da31013d83c
389f11da07e32bf03e2f3efaaefba2d58323129360e981dc102f9fc599941161
dbe01c8557f3f43720828271898019e6495796e5b48450c6cc022020951bea33
e329bfff721e616b45d019a3774277f18bce9fab5d355408ef5b1ed6ddd7ec50
1e237b6e29f4e1a6fe7c0bc7212550a88ec04b1e06d2485ff4967a91b17a52b9
379778c2dfe27829f3ec95486bcb2888fd2f0cae010a1e410d60fb8cbb4cf979
7d8c21e0ba51ee20e0d3066f581d9cf006df30bb976b81bb0be5f13c007b1979
1973898b9a951b0fa59da580613a2d1765200874b055f6e1e2a2e6f890d09e51
b1f7f4508395f98d4ceba01f9fcea3fd9917f493aecdbc84c811065d657c88a6
f9ed2ef2adfe1551352ab37e75e455eec6537086343e9204d835fc3668f66e39
b99d15fbc6d9e41166316783b51d666dacb1728f864db27a2d02383b82dc4d29
1b2ea981210dbeac63b57c0d3a7dd27aee56ba670930f6a772b185d426d72397
3e3a3e923c729d6e9837656784995ee3fbef4e0f491c680235319c109d29b091
f225ac76c99d529ebfcfa39cea1fe02241bcb74668b32c3c86d1be035dd352c1
d628d740ec80440e40e602dc4ddcba31dc057985b22dcff270b12546994d9cf8
73b4bc6b82eb6f93e266a92028f4e88a373fc2464ab7c88cb44181d11392dc33
d024b19f3bf171c33bf89453c398b8dc8e56c4860b71b6d7af7561128e2e4db0
1232610552546ef5fca86d691ad8607637289cca4eeddc69f0ae06ef6d8453a0
3dbe7624a38ab8a2b180be2727ea5c7d8a57863247e0a928b8878b5a44304aa3
565d53bcd9f88b06e7818ca213ac2ece575770468462fbc7bcd8ea234da96065
7068d7dfad3ffca3b987bc1902cda507238b0b8850d9f3798460be326ddad156
efc8edb87fe233e7dd6bef3e63f4f8062a64ae1644fe4e62f80f47e25e066491
72e5dbb8a3a6c18bf2d1cfe8e12d3c5169556d67bfd28118748a5d4b690ba513
781cc47d1cf4ace97cdf3e1290e828e157a9d49d7350dbeba49049e656da7d39
5fdce0ef8c4d9be7d889c72607079d29722fbf30df88e7d4658bd4584efca6a2
12bb5e67a8512b394e38f4c80206e3b569f28571820a4b8e7a5adae9146bdd0b
8aac4d5356af47605608a69491372490fb59c60ec88f01a27d0ae45c173bdcee
aae007eed62f68c47359559fd538fb8a1c1c5f48040c907402f0f82b04cc2edc
73c2eb19b81dcb1123c827ea17e640ed144c08760d700d061f18610935beb3ef
035202d36328ad9dc1c7af0a31b1e0196c1b6c99dbebd503433c70d1d84581a6
c4da9d9d96015eaac17fbe91a9642d3b3da3c54a29d2b6debb248f354019ed4f
a0e9edd090e164a980dec11c00c38b4cfa1d6e3a6df2613ccb8b36a484c05a48
3e59f13234ccf326e51fd1f861cf1ea940c3233d38de59c0d9b6e1cb2d03ac74
043fb3c46b45391058758ad459ffaea5290bcf3475d2da9456982b451fc6473a
ca93e8582fa528fbb00bbb2149bbbafcb08efb4d670ba260023d685f5c995211
e7f8acc97e50506c529155992515338a6746f94eb7065b09913f5ee8bf53cf81
ee2f9ba94a625a6231a237c2b676583db72e755b4a9d26fc3e51f86631420fb5
cb5848d9e0865e8af939fc7ba9446649838c1c29edc3524d2f15a38575fc5c62
8863e112e62072c504602c6434d75fdbbb41c75d7128e6c4eb784e60ab80e251
6b77c08669a9f1b50fb4eea6c8566d000562f84acb6b3f8963c4971a79ebf5e4
746a1ff8c0687a2fd4f62016dedae1e4d746e72e0904b72f140231fe9cceb1ac
a4eb7848c476562e20f2298672893e11a2c1a18892cbbf5b6bad216d61f7745e
1de25215e3f0c033962eeadb70e281b3ba88e7ff840636dbb18e3fea11570766
8928ca33ab9577ed2990d49fd21e01bf185c3ae82f4db6dd78678cc1ca44dfdc
4d8f432cc06977b43ab402814cc7265413b9bd5fa3128b3efaaa7e48697594cd
d82a5c8660533eae0cbce8bc33a9e285247e3e47add487351968dd6a78d70f53
9df3079d16804dc4e4c323210a89a7708763817e3ce84bfa9cb9c9d6c7c18eef
5f1d156c94ef100bd21bf252cdb7d482748461ee52cc56f1cf30ae64d515a3c5
96ae6bcbf4e40f20cbe46f85e4909525b638a4f763037451deb8d93b60d70264
e976c63c33a05e135b91927b1c75071075bd670a3b847e4e922714276dfecb54
93a730902d166d91cfde1aaf97267c0707c02c2011428a3300eb301c996679b4
4a780b7e43138d34e4d043422a2f6cb1c1ced3efc611998937004504739ca6d9
965b497c22a5c27456b4039ac7aae6544b74caace3de48b043f6e74940390fe5
c6ea17a721eeee94d6db5ffd7a7b14b10a8c9e4ab40bfa647e1e6fcc4256dad2
1e16f61bfe3f109055001484d889364b873b5e91af1a3fa45508589fc771b021
90cc6fdec0ee3918ea61a839ad69b4beaf9eb5010dd990227615870df659b3ef
068a378257ca26302fe681dba5ad7c583b88d7944960e449fe376decf5177b27
97d0f457659e489cf0d12eda1da4baeb50035bde04dfeb0efa390f6aaea09954
31dcc22d9e05a94b6fab03eb751f133ed4f57b5e2f74cdb396137e4fcfb2a18d
1dfab3b3d8a3a6a7bfb175fb9e170c2d4b0354794b85395a080e3b675d1d8a40
583a8cf993d5941bda88099b3041175c59f11920ec7edf96e9d3c982b6da6bca
a29a9e5faecc97523c779867197f9532f21a9f696a4ae81b126fba5282acebc7
8383da86ae3f621f60a79dfce034fed6d07a403fe8d7c971309d13941600a72a
74c279cfc2a0bc4e56cdda155d16d183a795f54f754ee26e680f054b1a67a8b0
6d6fbf9292e01f2dcbae9e074fcfff4cd4c7163761ec1e3f0cab2f0058028396
7dec3d423182c6813627571313b6d64204d0523ca028531d4fa23e8a39977f34
29ff58fc7c06a65f3ed2455114d50fdc8ce2c051a75202b4e3bb85aa623e65dc
e2c013664623a90314a18e9c410115bc5aad7529091477502491497bcb8ab3db
a401341b02c1a63be8abb2378159e00f58d3314ab7eec48d193d06fee141187b
68c4219853414048f8e5e6f74c6c7322babf441bd69e01c6b363f65bf36115fa
f7de59ac5ebe6ccdc73066f36e3beb9bc5c433813ba216874d20396a7c7fb9ef
3a601e7dcdc7742faffeb97860a15489c8dbfff007b0b2de5017e45c0fc54e5a
c18f79e838becb75c9511079b4c5d5e0a132af6774c04fc9eb1aefb109c0ae58
b8a756d43af1df0a08cd150dd09d0b4ded2e998b504780863de73f6aabcf8b5c
9a73e1df3991eca1525278ce3f5bc893daac2f8cfbcf8a96cf8c557842c701f5
7829802a13cfbb4cad8a42897503849d6ba1da6ecc7ef658ac3679a11826b2cb
d741bf198316a840364d42b1715b31f63cf33e416480b5eb2038abc46b322ac1
0c3c3d0e0e9d141223e2f44bf6a363bab6c4bce42d0e862939482f92dfee9af2
64c50de5df24ba1ff92b97edca6aca3e71825d53c64b6d3c355d98842f3d2746
d9c8f509172d4a8c9607af8fc9d080224c33272d5e1081f7b7d5ee7d2cf57acb
5c9a000d077ca87f51ec8a1c846fc370ec478f37f267e6e8b956764b310e5e13
a2a0d0de102a535a3e7dcc46ca035fd0bb07a5b6e446ff346e44296de7aeab7a
aa30947614379f857c11718ab51d2511e2a31bddc59a02586ead074656911930
d039d0c3e017b0ff8bf7e2235ff855f33aa9d5bdcf8c84bf09c8d79cc30f3265
f47e567204f1ea32f640bdc59c470c66d455f24a1f1e37a267771ac893b4db7c
2e0e86290e369d3c114aaf44557a5f90321e678940aac714a1da7ca8e763dacb
227e393df6086ac57d988a105649eb8637837c2765c039ce1298b6b86633430e
f7397fa4ebe79b193934a4ba8b2dcb6b2097e88b203502b3fa11f7f648b412f3
0001c7b26f5525a32b36d4e0d548a6d80f05dfc6dd0183bc4595ddad86bbd0a2
774859285db295db1d77fda1b0a6ab25c75fe7182da294d806ba95fd2c1ffbef
82c79cbb40735c0e7fe337d1432c2e870f699388d5bcd2d66c8bc684c696694f
9cb93b9be6300a1cdf057135fc9b3f3004f1c69db1fceea8114b17ca4856ad17
542a43e8f1ef93517186e546214f77cceee6577cfd00fadd1c2b46607bbe724b
5fde0ff8e5aa6788c9df1dd2bc770b9acb9626d3a9d89b7215b92623f488b447
8fae8cd132f1fb46ee2b2d09fbd9306a5f93d344b4f347c19100c5fceb77ef57
f09a8cb002040d6452df148f5aa9615aad27efbc115b1e64fc623f96ce9bcce0
e9ada6e86d943fc9254c3af1ad84a1c1b64162111de04ebb2c9af23841763bfb
9d3ace9b37818e580baead26710376d02711caa74da251cec74e568e1a691041
8ecd42ab13c0fa04283718c7a02c861d507e1cf132be736f8b9a2fb478c8dfd2
51d7f0ca58fa2e84d798194f2a19fd355fc182eae95d6462579f342dab364579
6293aed6e8e882c63030148c87d2ffa2b60054be268a6fe69fc04d9ebe4ecd88
25298983041c332dd6c9c3068992d02c640be1f9be12991b5f416dcd3da01f69
f7324046476c1b7a761eceeea96218d0fcedbd2b1b0982e1bb12833c8475eda8
77b11924e5eac26754ba45ff5393938f415f98f1fc57e1f8574595bcbbb2bf25
fa7a4c2c7896a31f0d912372895fe31429aae976f86f46fa53ebe1aa2a689111
55aa8a65f599f2635392ce02fcacf1c6afd7c911d55e92a9150e8f2ef9edf186
16a9642d96cc02fd1b94a3a7b9b6f4ae630b38d16b0bb14b2b2c7b1361c59f61
052bd593bbc5295f07a70652b7817ae1fa3680b77fa941206523ffc0654d3dbc
0f3d23807d27623c3fb61d3633e2369f3095480392e2c3646d2c77f3db041906
c454abddf431559dfe9bfca6bed5fc0505e9afdfb5fc28e5b8185a1067c91de2
70191dd6d8ca47f8f86bcebecde51d188562c6fac9385191bc100f628ce23b32
4591646be4f17a45ddd09aba064a78f81f720945e7b064fc9ce675dffd8fc0de
b249cbf7254fac8ed9ca2cdd9f0e587daa324d9353f3b5203ad500da910cbd3e
e526a9ef89fce985a5805ba8af73a33a61dcf0c5832bae13aece004422f3b393
fed568ab0c9cba3c56b484f116a7f7d0f8b10e29f16bf316db1cb345f076663d
74cbb0646fdef76e44f7cc1577b0bfab666adef6500b315715019f4d5ee527b7
9b58e6c0f175064824a8d603568bdf071537d10579688c5604b3e93f7b4a0cbd
418c4c715ef35854d94cbfb80e42da558e87ee53ea32776f9beb2e6f3e707273
b19491007e17063e7c079b16ef03c5a2e5868b21415869074e121b977f2bbd70
0d5d16b8bfa1d2b6912e94f9f3dc30ef0fbd48dc6c14c46cf7dc836d697952b6
f544438b718d26d6a01fab455c0b97a3893a5a3e7d615298fd0271ac1f7da46b
c3105e86b0408ec3245786d1f661ade8e8cf85d1c5cb1dde34ba5d896b5c10d4
027553d299924b85951b7f45fb2d27f57923ce0694845d18a2d11a85112add8a
6dc176756b07b92c3fd4290f4e67a66ae9d77c412564f2a977133afecca69944
83f3500a9e667ef9e2578a5d5454610f354e72335aa37fe4f81724673cf31fd3
0f1f5b220586da9f7580fada092b60ec64f9b9ab453dd8f7e1865eda77267673
1fe3aa073ee5aa1512b0c46135030bef3721cebb0f7e7fa7cfbd7b6c970e1fa2
5324eca10b8a7bf4b5fd25e13b9784751bbcf39d137bf3f3e28120ff5e30c9a0
5ceee8f6b05806904fcc3de0207990758ed8f1eb4470c81117c32b35b506c1af
f2f151e329c06bd642fc3ff4dc3a84caf7e41721d809e5cb07086d66113d14fe
efe9424968e99c286003c827f84f9f3e1b25672a7d35f2e655861c7052fbd804
4c23c44526c1888d31a9dc1bf07cf40b37283ec28940e25f72675bbf594ee5d9
beacebed164fd2eb2a5b8c4c413111f62b88fa47ed94cb5c745289258eb01664
2fe1eb88efaef5dcd2633a74ad00533c1730eb5e4d4b3a69333f6e22d030613b
46f6ca5cfbf0618c7ac7c09f49dbfd3f212d0cc9597fc0554ec856b6030f1e17
468d406806be50ff013e84fec513a78db4678db902b41adcc3a8a2675ba45d04
526ff70e816e2b4b3d016337b24e859b999904a2df4139277e3251d9a484cb3d
ad90f7db15ebdedef3d017ab5aedaad3afacef3fbb39af417060f29f5e8e7ffe
ca9143d819464f587de0596a8cb13c16c8b978aaab4617164ab6b162bc78bde4
57702b262cc0d0299dada619c9942ed5378799b3d85c0458a9bc5772e15d3f3e
dbbfaac35df32b45738042506d1c233c1e7dad70e335f1182a6b22d9ae86c88a
022ebd9ce97f44d593003b2650be23ca60ef8ea7b265f20ae39bc6c3c89a4d30
86e3d86df0fceff08eef83909457f22571d1978ed614cbc1d76417a9a2b128b2
063ef981c2b4dae855ba01ec7ccc0ba3e611f6602c0fa61e1808db8c4e9521bb
e240b2c15028e2f54738871a7fca78ba545b7828bf6d3b17701e7a24049b9a5c
d750a96fa795215215adacda95781753137aac70286709bdff713cd698f5c3c0
023484dd04e3b75158045e1b14a0e63c69823c541a19f2b9d1198e570431753b
b0ed504f70e30ce301db0829a68d22cb5e5cbe522260197962befb3c17597bfa
d4e04cb2321593f687af57fb93a99a6a039087125fa3cd8cf435a13446d77496
fbb24c34fb6fed083b9455bbde211ac79092044e1e43ea9a9ceb7e82bed40041
f6b75fc53794759545a214e654dd7c0b41a3993076e3e279b85fb6b21a758ed7
e892e2aac6817d9a89284910778b081f121e8d742a1bbada2f830480dfcd8c24
04a151ba3d3cec6af47f6fa328043d0fab8550d9eea51290f3549c26f1a0a86c
3f2b5dad0671913725d4a3490da7e6225d322adca99e12e9260c3d62e1344644
10955b342b9ee622f40b6bcd4f0de90d7fffa92cefa36b5ebcf0346549f5e185
eaee8736df98879921b440f49c63143eab76cfd13dff23c836b4dd28954826ea
3545529edd92c42e218b7ce55c3fd0486a96266a41ec112207db0532e1570329
6070b200fa3bc0e7e81364df85a785d37a32761defb8145f0e461b20d21fef2f
7f61e383613a7cf77d9e67010a5ebb45247d62dc8d4d58d4175e11b8b56a56ec
d295f0cbbfb7bb9381c2737f8d24b9f951185e65387e9d3591b2ef58893c9b3e
ba09e5e490a27eaf1be2aea416c98926f0a691b507236926fd12802db379302a
5d4e785f5b55e66314b78ac5c344cb1ce1e1b4743e4dffb7de321a4711320ec7
cfb9be56b913ab9ba5ec81c7ccfc1a14e6f78075275c4f6991069779201630bd
08da07294bf165503c3d9923d5f110306053a46ad1ee51a92b10b7ee6e9eec5e
44d93f47701529ad92c3f6400c2f70026a5592419e2b5b0bce7d900da59a5b5d
3580b62cfafbadbc9fdd32e14852b9478daff83b5b3d0fe03f83b18dff84b92d
ebf6667db80a0d020b44b27b0e667c283af5b06562c77c47ab2f6e842c73f9c9
dc187e6089f7d64fdde10f05d0e4e1c9b5b3ca4f1f714f96171563719a1d505a
4d10e0bb4c22c15dfa2ea1fec4ade7a8a95e8482d0e9b7c9d2e2beeea20d45ef
35e9446416a8204f3281f2dd24556860822d0cdba72160a6a84aab5d6c0989ae
8270c0dbd2e7041ce0d86d94d66357726fa92d37860716445bc0044db4e3769c
00bacdf773d3fb37f054aa4aac7f0f43fb78e68d9dbe30fc046dc1edfa1bbd06
edf3c54d76705af2a612756692e8f1fecf4056d1cdd92d87a5676c0635f654ab
b5e9bcee9aa5a9ecda34e1e4c64423d0323ec480470eeaa4772915a9b2cc63fb
e261563acb652421aa1e0895311b13a039a9d9e524894f87f31c0085e69ad6e3
2cc180897f5d0f32b5568fd51ddd1451c8cecb57e51dd80e5ddd02b255886e64
5b268380a220cd8add824b432d5d84a9d616b68caaa5f7dfa58c1362f2d71ebf
0a2ab97a6ff3389a4df6e8ece2077084934bb9b3dbd08971c065a7dac01ea154
b9cfe1317c07f141dcd36247d48eafbcad2277472d1fae861a659c8079ce11e0
347685c491f2b174505544155b0c762f961c066fe8888a264194d0d274d9407f
08595609b4e07e86fc5a2624b3b894af874fb690f6191f349b671af45bfda52c
0cc762fbc713f68f5ca562ede9d7766a6dfe463ea43352e75d34058660fb6b77
9aaf759c6fdaf498df90ac5084c3391a62ce4addb78875da4502bf0c30b5cd10
6bbdbb7e8d49f681e3119bd5da8a9222b10c6740fc85c93a0475d3bc88fcca48
0a5291c2b5b4e4f3186fb247baae4e2bdc117a1bd63ac689f62ae47670e557ec
bbcf935e2e6f471c46c5e3e78f149ea51bb9494c962f27aaa73db41db747ed21
5112479728bd2cfbedaba1b5d7db72fb4e07c8ff3196be30502caa7d7751145e
b80bf7fb10ac590b9010e89089d0d3771700b9e13e410fd97156c716da66d416
20c809927de971d6eb7c78005cb4b18e5172bdd2cf23996b602ff9a2289d9e52
447f7bb260f5960e64a44a7522ca6368aaa86e2fb920ca9b4ae42b7e4655075b
cc1e9686dfe61451a1b0c291700ba6d2cb910c84aee1c79e077aaa89a636e8de
4dd29e69ba172315f85fe0503a3f61113776b71e96ec9465d965bf20654300df
70b4dced3aa6069005892fdbbeee119c19aef8e5f8ad1e1bd3f719e4a25f0e7c
4dac57642d0b7abd0746993ce271dfc0ac695d70d1b81733b3d1e2a74baa43c2
b61068e47d904cc25baf0500044e5b1f837ee498e93e549e385131f8ad007fe4
25c9470b96dffcd89af6c2fa550b42a7c62c4f49291afaf405ea1613bb713058
086c6a38e6ad136367453d600ae198eb2aa48c4c88394254a916c55800f364da
9cf40860fe74d4ab705e6cf5bc79a142679b2c1e664681a458d7c5883a988ecd
398008bfbd1c3e48305bab2bccefbee4ea78d821d3fb584bab617181412a3a4e
4c0e64662e66ae78961b294f518b7fe833260acfe71ac6296daddc5d68ec6561
09699f8697b4bf796ff1891457888ef031fffd985e75ccd12db077b0df13cacd
b12e029da6f4e886d5e6597340619657c311c3cc9d610a8a4281f996b0b0dca7
a9afaefc633872c6cbe02dcf33370dc81f0122beddeff9d97cb202d15f9174e9
a867c7385899628f8c6e9a6951a7585d8281aaad0c6061fc31544f90b794332a
600c8770888da6a0dbfcdf7678f20abf27a2334d9318c89fb0102e460239d066
e21c10b7adda1b13af2bbe14fe8d787742f48a9f9a3addeec84dec952ebb97bb
584deb87cbb365f283aa65e8a880306094754329832675d88ca05783338466bb
5fb95efb39e155f1b7ee84007b31d9185eeb91055ecdb9d5c7ddfaf22a014730
205ad57128735ec3cde19b9501035b01d4dae91c04dd246fa94c11b38dba6400
e4344177b8029fe2a0585ba11f3af37df0a8f63f61fe92189bcbe9b257538453
b9535a86649200d935710710d488f1e5c7dc0cb270ccd6b66304c324c97dc933
aa6a48593fa2a7eb22d7ba5f2a30655c5b82f8b068f1ea8c4fb9b2446921d110
8d94d83b7abb6ae2e8e8c8eece7d8999f9808246562911669ba172eb2f652e47
d2d71350c83a0851c3ea3b7e979696ddb1ededcc997ef347212d5a9f77576288
7604edbf0f8cdbd8684628b12e9de67c39e37b215e10c4b0f622c71ed8302dd5
673754cfafa35fbf9630521e6e8464d9cf63b6df7c33d5ae54c07b0c1e85e094
637a030d3a4fe3350486e14893dbdccfb53c26bc3fe48f80225af86ffe625259
0f6db9f672a8b70d6ec66cb3e2c82b0a89c36ecb6eae8c308703f092df042af6
2dbcd4c6146c1f1614ded51111f8422c9c3f705d8714b8edea879a95c583030c
799ee2cd29540fe30581a1f8bfe92bccffbe88ae7d1422d4bce22fa740fceb81
5b839b0b2a82e0135f9b443c6a58d1a7e21acc265fbf2c2adc2d351bc6fad023
295b57cffe9c5a27d6db47e4b82199c45efbd06c7a75ad6513eb18cf4f4a24de
58024cc0631eeb4c1cbf050a5c34436c317a08e8cc907d17f92d0c2510b33b8d
cfd4b77e72fadd23d520cfc08ca13876f41796965e8076a33e0948afc9d16b7d
53643e8af6518f3215f87872859b2fd160a36b44674ace3356a8377183a2fc65
66b28d1b685aed2d9ad36b75d401075fb1102f4b0c6df65ee4dbd3429351d191
3aa9cc594f0d170b9bdd0d1fd3ed16b61bbabdde5571cf53fc696472c2431672
69423de451e02232f2801930c91a6fa295203108c759194d82524d507e11b29f
83c5a3079f8e36b715e65bd839c9bfffb518b490645dcf4d839bc559cbaec89b
6272aad75992ac071660c01e5fe5d09c6f0b6aee00e247c2a0b852ff7d7d049c
c823f5359a3d0c4ff8a09a3a52a96841a9f0a5f8cfd883d9c19f36b0953711a2
905d13f2cea04b73b6e1a6b6b8eb822ee6fb6cb3ac4738341197325123ceb454
6a2cdbaf99a473b2b39f4fafe067e9bc7c6c219e713575dceec7cce1855bab7a
49f0254526ff73caf63a014c079dfc65a51c0f262d586ed08fdf461364e00895
b05272088b3b0b178cf0ca804819f909ed437f14a8f559d3f0e15847d71656d4
f71e0f74e2889d329051d223add6e9e9f93557b0595c6fbaf6071afdfdf2a245
4c5898f565337289ec5aa6e36c258b6a282150912f2dfdfbe8cc08cbb7daeafc
ea0ec2a50eca00d704e970668e5e82408af2f29bdb81bd71edbe743d5d5bdac9
dc2f7526f8a8486cfc98df51dd2a2075b2b9afcafcdd66d12ee08c205a027941
fa634b6fd310b0ac72f1a718a478d3eac99f38e0239ed4d4c4ba0e645a1ea22d
0e0bd2b1897419abcd5ed852bcc5168a7f4eb2da804317a6d332d0a6129a1336
6122fbcf7e231f1c30b3887bc23a83b0abfa4db0199947815ca67798f96146d6
095069e538cef7495ab6ba0ed0cba93adbdf5f1d0b1207aa60a9fcd6a288b85b
fd276aded4dd15a4a3751dcdec88da8aa28d2e0e3298056a2d1403b68b2d120a
3a597c102a80430b8014af309673aa4a7c1569e163fe4bd5a0752ec487839e33
a844270b74116c655b5700ed6e272c4c177eb4f1f51378109047a7cf8590da5e
070aa317031083bb7c357aeafb5cc02206180664bced02a101acd9994e6e862d
3ba03ceeaf759536c61696d1eb00eb072b074db0399556a0b90b7845bfe9ea11
792b9c25017538d9cf1f8a2089c519d8f55d20e49587fc9bb445f71ac68de234
67564a4b06d4b8fdfd8991a48f047f984c6a23d4c2a6ad72cf7f139c7b9a190d
38003395c71f02e7cc5799962df6bd230f9a31d2cd74ab0bdbab87e15a9f29dc
96b81ceb052a3155967b2c5039d4c1ecf8ac1b5cc15773ec3d20898279bb90a7
c6ef83ead32a2fced26317f4cfa1399f8ad330b60eda809d35c552e5d127c18e
b9e4821fa420a540c849c12ab5b6147324be5f9163d997268ebd5cf848a4e291
4dba92094ac8eafed0de923620114b8f1e4e775a03016c60a1b49667c3e00e7c
b740f3b11a60c79e0b6fcdbb89e4c778b490aa388494303e052dad082e4d9212
90b0c4fe25fbd2f44d619da1349d6e5bdb9728b41072490772a38cd02e488f5c
a79da293e16722f71969af20fcbc27b43b0db1babeb81f886a7a345420122899
e50cafe4d8765369c5035afcbc0cd020db8d50eb1c0cfb4a3bd2d61fce7a8d95
22619d8c437e692b346059ac3e703b32dec625a23aaceec6027eacf6111b2be6
2a01f8e4ea5b181fbb54797cf41d507d4b3453e0737de50b4e86b79dbbb12fe3
ea24aca2009e20c78a2348b0e3d9b6f75a555b17af3446b39c6670e6ee853fbc
ceca54c6f5b549f8c698ec7f746562b044260fd0965303fd197006a34559f477
a4bf3915fa24a3187158e9a17a62fc6ccd9499e93f53d528ab094b39bf51fb3d
7dd00c26e1e9451ed6829cc68895c30d7dadef6358c97dc6dc979143dcb41d9a
afec6fb0bb4d040c602fb0e950ce6dd395a9277ddf999997a2b2165185b99811
c8e1d972a9d92714da1b45bb93a1410a867a66351a8afecab472a3a9e5fb6ee2
fb5c6578bc861bfbfad17afa3cd85665f0b463f1df80220d02ce9f754b5a6ccc
41b2aac8824414062decbc7122361cdb40e4b70212188b4768dbd55f3d2a5230
6551573447581543aca23d168559441f5552bc24db8de517d6b860f46a4501bd
1abe421e6e0b053a04e2562f098dbd62923ac8158103faa502bc8497b2c06f60
6f5c71dd0f2fe27f71b641f7d31f12e581abf8dae408837abc295a3edafad1f9
5fa7e75c4f449c05b6ddccf37839db8524c5795b67ba39efa4881cc0618299e5
f2993a19c4455cd37c3c48d2273702713ffd0748442da525ed9da40cbe645bc5
80624595c7c466d9a522b2de195849a0070bfe25bbe1378bdb73f962dc23a6d2
85c65652d736636f5e5e46cdc476da6c2253610cb5d9834ba89ae0feb6f3a793
189dda89e29fef1e18e65cc3540f87b94fbf7cb19033b75dc674a33c6b86e250
7fffca3f3f0568635f73953962d9fa3d82ecc98bb3dd6afc57257995306fd0c8
d3809a18d1c97f11f04a15f7af016a22a00dd1cd54aabead072d84a1e1000020
9e28cbec795e1515bc2941f6dfb1709aa259614dd5d2447f7f6da9c2e19972a5
aaa86e23e6d416e4a0e264cfd40fe71a796bec82059acd3692bc38a6b877d0a1
f7d26a2c2277991955a168f9a5b725bc387247ac0a15e888eb9cc225c66a60a6
6517b407c9d7ac74281badca1833800d380a841e2e94131b6690559156dfb984
d8e6d984bdd053997b0915a87d13eec5acf7dae31a4ffd17893ad6f233a243c6
0092c5c9063cb1774773b15c1e842e1966e488b210056db59ae9a65d7e73e99e
8cc5c567200d460ca17c2daa57e739b16cb8f3d56bcb320fb8182a8367191b67
dcbabecbb9ea2f43f07ff3d239bc668bab26c3e3967ce06f7cbc729e667e2b2a
cfe78fff00f28503b94e49486b50f689f60bc77bd8c4ed2f99d446a725ddea10
112d3a30b078da22590c8bec55f0c4a42fc87782974fbd9f6f0bb2289400a536
812ef82adb00c1481f86187b56ee2c369ecbf2708ba648904704be25b51dd1af
160e5b7ca6e74d6275517a134486145aa8ad2de799a00bec279a007703044fb4
efb185fde72502529d23b16294bf9cc584a2a44bc265f78376b43fcbb313051c
aa439eaf269fbb18f5759173446287d56eae01d4803cd347ef10767d9919d35b
9ebd30ca64410931541156d3444b67805ea4c70c3c2f507c7b00b2e4c95e5529
c68fab24c71ec02c3359c7820f87dff881e71a483c07c7201ef2bf4e4ed8a20f
e27e39787edfcbfff8cef2e67b2c7ac1cd755beb1ea21b2552d009447c9578dc
8d02100d729fb5c5247ed99ac47fb6375931d986fe3a59096b499218d8ce46f8
45e9a8ab8a606b93fc6982797d7f685575fee6069a8acba8606c6dc339835408
933b7050262f30809bb69d4ea9429b071ece22a716d69a041afe496b3772145e
f90eada4c62500e9a787da7aae36bc819f9897018af7135626a4cf571260c545
ad6cffa050bf2f14a81c8d59b8ae76269412b7f4302769d49e75ea65187bde6d
f23969c97924fe1281874e0f0749b20c46ee1949cd7d12bef1b0d15d5e865da3
81fda697fa6bf07156e472ecf2071cf2b0da18c63e79e785608bc64c9bd3168d
7b343cd6fd4e31087f2630c938a7d26a6441dda13c0c8a73bd26184d3b3373d7
535415018ccdcb9b0343392210ebeee601a5ba1198da28cec98f0b98f60789da
19b7078aca5eb9bc64e4c18f6a3685d706784c4c0145d35a5fe7c0bdfe510be0
8d80b0d938b5fe51e541ba9ee6d13dde45449af324483d3e94b6def3135b4ad5
379994eb85990ca3f4fdd43ad817e3d8c4742629d36186166f1d9d17a8440939
0b31c638050a4c1d2eaa4ee87a8344b387a514cb41d5a30f7600ecab6414fd37
c43424b54732881603c2b17f4173f9c4997d373ef53e56ca909756126ee60dd4
953065c885185f95a6c3409d847d2535f2c64508bc38fd1126ca24efcc1cdd4d
36f5c4232ed7811b521171467e561ab8e3dcda7b5763135e430d9d0000036524
a64f442f90ec92cd9769f39cc83e7c15d8f8407ecc7d50854b41508c8c588909
26ec355ba8ae807e133ce0567eb0ce0c2d7cc8e517784a908960504c908269b0
d008da95e6da0e444b977f772e962804cbd9f6278d33deb4398c99b915dc9c23
7fd99a5e3679983891b2170238a6656939b20b84c0543ecfee8a1944f32e1b29
bee17a4fb77c7a42b1a61b7bf3de910dc67060b7634a59cfaedbc60dbd81582d
fcb36b3a1e7b60f7802a4b5391ddc29b0656b8f3ba85811245e156719edb90c3
900fdcd01a5be1bbfc987d858c05e5eed617bfa10f25717d258f3935b693f182
c84b5be3d6f2c642875f49e186bc400f4a912b4123671fd27f8390b354109bcf
24d9590e28dc66df4d73ec7f2a9b9d64ce632bc62c09e9824def98ebe4770b41
4dd71c768efc510f19603d2ef7438a5e5042da807439c9e69d234ffd5b097416
3ddb0494cbbfc617511a746da34766aaf8742d8360efb4c6c52179df86befdd9
4c054536281f16d935c72b098f3c0d8f6242da030dd7aa4b2840a6e394d07ce7
f96343a32f265b88f77b6784583d9849bfa3afaa8964940fc4411738f2555b76
42ffafacf367facfef9a761dc3bb070f4424ff67287670b511f1f63bde0560a2
149cd875a5eeecec7cd995518e784a67b15bcc785cde9e50d3a69547d7084980
fe2aa2377a3867ae75d81cc9ca475f5dc1abc020e0a3a35c4415da6c0e0fa206
85afb5b20dbbd2a04492b25a277af2ed01a56d6a38d14aac8efda41830c7cdba
687cb243573cc2a19021b2904e43faed3e443274af25089673460ce890ba33c3
a33c9b715ba7ca5deddef531317b1331d306914631c15ae9e1d6a785698e6497
4b0f5f3489e9dce6ac0aba537ac4fd518cea6ba496f85b196056138ad205d460
b831c92ffa33c04e490edcebb1b95ba8b7e260e448e4039b083d02153e3cddc7
d863644275a4ce1df9a87a50d09e5f0061ed47f36cc7577ac6b5678ecab22da4
efa634cbc8cdfe950de24be1c8f69661a3dbf66a199887fc7ce2e1657e1ed85e
ff24612e9008345afff1843b7a777f0ca8320892fb5ae9a79f20bbd7f34ca40d
24183537c1145ddd9ef75c3fef011e01fdad59d1e222488ec4d25f8b275b4f61
0f132546717e8979c70f072eb2fbe9ded33015fe00cdb22e6deb9efc39cf2ed7
add2512e676a151a791e29e718a12921a611ddad19f1de69575adc127cd40ecb
b785efd3ef84c508facca595874be8ceaab7b73acefef68bdd6482a78a25ac60
d167f538f33492ab114e26e148479e8b2e20f730f5b67d366339fd0010cd3c8d
4c0a1424e1751ea29c92da7818063ea43f977648e9c6f01855abb22511c1b1a5
4b0ebce279de08232b8e4a7522bdcdd6864495f2e157221a5024f93c5e6c3d71
8547bbfdb1971c8a829a69971773486d0e06579dd1bb90e7e90b5a1ee857b7ed
b3ea4e88a59af4384234892e75276e2c0bb13f1b37bee822a069124025fedfd7
fb03b7d900cb392e7fa4a0748211b62b619c173561c33c6d21e9b7cd72680736
ee011a52b2dc32c269db11efad147f90c5a97adb735aacf8413434361015e42f
dba8600b89d08c9d758c07d2fd75a27cff021898478f53d5873780dbb98fcc7a
d7da5c2f8048a4e73d81c79c8400ffdec23cb6f3df6025c08e1e3ec470a178d9
946083c523c0ecacbf9dba35538e62eb62e98ab070877bd65eb866e0dcfb54dd
41b4607a44d34315dbcf2ada187b5ade193217b709ccda8846b6fec2a19c0bf8
ecdfef7eba9d382f25adb695913e3026faf1c8d1bf221e2c09a3adc6a39cdff6
d1a1545eb7a82edc3c2d1edd2a3bc11275f09f5b25c6b8db07d1e1d3df0a77cc
0e5c2432bfe83f050b7ecfd6a00b874fe1e25b7c74af8a98e960eef701be585a
f244cdf69578ba0fb1847497c8554cfccee415880796483ede373df7cd1440ac
835fd3409d07f152064e6c525d1e55998b1b5a395871a8e00636ebc30a22fc09
4501f3e100a0b8efa188c9fef56ff55531c97a3e12ee5671bbfa2c95a3e47c60
d53f563c4cc11cefe5f184b152b1daaa087138ad5bae4018df731359f45b55a2
e388a0586c1d8fc1c1b87f61df325fbfdc04070afa20f648e2ef6cf58af90341
b245aa628717ace7533426efc5769d512142fb5484d6cf983dd3af32608b58c6
0e76a9c96597dfbabc6b9820f8a1d1dc016d2a851c5c01d26e7886fc132a22a0
d67ad7ef348e10560995c29c50ded44dc569724875b32adb0032f5d7138d47c3
d4c250bd7cdb613b242b0d7fc10355c6e6a115d9d3986078dacbc31f205bcfcd
7092c1189ef23ff8de0585b340bf7f69ae17cfe5ab2de74551ffa56dc53dafb6
51012065971ffe6015a147aa33944229bd95039938f972052026ad47c6e07ca2
139d2fd860c3ffcedd0ab0abc3443330a1d6d843a7eae9d409e70f323c64cd95
d06eb154e4718079f10bda05cb1ffe37969693c9d0b4b8b71878c859ebe22b27
5149e0b8a23802e7f9ffa8a1c347c5923d2add1020d7bb2213c0f2fd69ee434d
9f1b6b24f982dde5afab93892fd3123da3d511b96a351112dcd19fa4c87ecbd7
4cb6b2ee36e313ad915a438d04ed6170f90a0549793cb19716d686b45f5a5820
4315745234abd04d830aabea7d9fcdac2de4802190da791438f9ffb2a4fe09f6
6bd1ece208c589544396c5dc4bc153cdb8d57488c20807174b7ed26b957aeef3
8e965a7121c02302fd96fd50e5e227e6f402aedbb93bb85c82664acc56c024b9
7e97c5ca8d4aab3596a1472c45158c95cf46dc4f4bb9876e063d5b5e33e71db2
1cedf58e02395687c58bd39a5a15fd58d6b3ce0c36f9d995047f550153c6a1fe
ccf71fc107071e69bab902152bfca53b41cd6e7d1a5e156de04fc800e4b0279e
c6218cf85a98b13c15121365b967689cad8c81674250c5e1e6377749aa50b6fe
d4297d1bc08fa5d486f443733779e358cd19edeb04dcdba027a1ac6db1503823
d84ffec2d627e1e5df50559ac7a1fce6f49980df01dcfa5489a6f7ad274e00f9
aca8169d30cc0cd2d96b5e4523f0d50c0d261247b09f6ce58d892d2effc7263f
aa5b63ddce010ad91087e740c69bdda56617ba98cde4fcb229218cb629f8af59
fe0ccffd1417f77d200ca93ecb5ccf1f3303f3a4c67ac0bd048715a85c33e553
9f5e923a5cb62011842b33aca503267cab55a9c0defaa51fd5d7ba06abc4a83d
5b58d7e12c83783690d328f1ecc9a304e86c73a46c5f5db5df521ad49ae7b84f
ff38f597ac0fdd15641ece0f18dfbda868f52351fe2c255b0b2763d5b84a7a9c
2a02926790755065c44a70799c5db17f2ace4fcebfc27b3e7f459ec03f98c251
ab9fafa5a4e89a99c5bb06983ce91a7c00eb8156990a393ccaf7827f45277f3c
4bf302d2a9e1a4ad280147df1cba3586fa9a2b67357fd3d19e03c15ebc7da41a
3badd6acb6397502befe3e287f48aba2c7ab150a8c42b4e9b73f2b273e33acc6
9c74fb1bf2d0062e632d0c648db9976926271ca5b315119be681d34198825c89
5212c8862c2f42249b1a8af1a547c1f31e44ce73bae1660112cb4fe7b9084305
e8022fbf2173085fe1d5be960aa02b75597ee37e42bf1c6716b79abff4a17c93
3608b511d3bb986a76d866595542c10189af59d368968eb182be759e69c5fb72
99a287478aa0f3a1ca2977ddccc354efef9028ec51a1e500d6390bf12447e880
ed62bf2681dd04969e9df497cf530f09ccc0c95604863689916b1b1cbbf3f252
89407948e08d7a54fd835790416d46b3fabfa6493e8134b8aa23bbcb4f52588e
4e4a579f137abc06c201a12790fbdd8d32b7aea64624c90a85dea6914b52253c
c7464fa35fe52e2e0fcf890c26dc5c59b5c0e604af1fce5f5f0cd49480ab9fd2
887adad6a4c6b26c45a7c31a37e02f2d48c048cd3d350d5407040519d315523b
d87a102f93ff155db783bd53df431ec1188b3713dca25ce5eaa707ed4c35af38
c7d97c4398c51a95dc4c31a30e12c2e961f4c041a49d50eaa30213fb7b63cb49
5da863b4763a6d51070fbdf3500a2d435f9183a887fe98f6061ffcaa60d78f7a
2b32eacf948db907d15a729e4f9e3a5fffbceec195ae108e088b86ba01dfe174
080925e1a7a8bef0df190215f36d5749c8eae72c2856fa5714f923632ef6d7d2
e356256358f441a5d10d9a7e4f56e75b024c29d855c57cf93776ddef70804c9d
356a104d19c6890270f200d7eb92336eb7c95f6ce5fea7cdef2660c32d4a91a6
a9184b2148a4a25cef08208702505785e3e2ac18a19472d59f20ec89d0ad0d31
1bae3a2847a513acb66058fda9b9dc4d31d8aaf709291591bdccfd1f025bba41
f437b7f7af3b8b4cbc8b87d631b3fb67ccb15c6a64561e8c4a2fb51bd4b2d4e2
048b7f0103f60c78c91bfb1f2c93823b96fb1c5377095bab0faf1d09174f1617
6804ec7429c5311427dfb271c5e433cdd842b781de14b43b68bce16e03ccab27
00591a37cc1f6efae4d741196b15bad72b5e6891c40757d984a74586be487c4a
764486cfd3e1811b41509b985058a8324d72f93f754a556340694e2ad0ead492
89ae099b8c6a20f0eb03171cba78fcdf5be367ee69a597ca5b1e88a344e978ab
95bf9ebb97a8379a2882c89f52603386f4a3ca5a64d580de262383e7437a1016
bc17e108c5c044fb1531f68e51a5fd37fa104a4b08184a0a2c2d8fa243f83529
0f6cfab5e8954c5dc07c3a5fe68ee6d7f809cd3858adca8614f5ea5173006a2c
0ed4beec163b87cb4dfa20d3a0672ae76abf46e3013d6de8ebfc7710387e2680
df40131660b764d9fdcbd8c8c056f9447238aa9011567ae27064989a8bb94a16
df1743bd2603903d031eddb0ba76e5ed396fccbff2902b880bb489bc2d458e7d
b456dd4a88fb43352261f6885dc2ec038610bc3bb9f15ccad2b3bd68ca29f4b1
34bd6bd7ec052e70743a465541623970d699bb18f526d6d270fe1161816c6caa
c2aa1fd9d6b2a2067113f2adc629092ec71d82a65f880ea5b985d32524da42f5
c85be9735986aa7e9e4f68c64413b6e9826ab4bb306f1ebd9392b521e1aab792
f1bb8f7c7358b3b2e31b45ee4cc86a94ac6014697cd1a8f6c74d278364239754
8896a947c81777ee43296ee222abdfc42cdadd76d6079eaa805a27ce607f3ffc
a82dc484ffc357da1faaa17c6b9fc8638601ee681f97dea6ffd96312e3e99fa8
e49c4e53956c28e0fe9dabb12969e30ebcf30c11706e11f6203d7b451b1e803a
ec511e9b0fa74a3ab9ea14a5801439f5779aa154619f09b8d36003441c20e2d0
e7d25984b31c4876f3e8b536f2a7f71ff55851f52a5e63a075031d85be8abfa8
8ba92e11ec5ed64f8238168dc6e4b2e87b7c83befb1b7acef9dc84d6201d0989
408a5d8b37b334631ee21f23744cf6052335a59368fd67a9b4bf369701f7fa52
800cb5a6d096d23f1846f6829e49b6ddb3c66b32caecc42e74805ce9ffcde444
ff1ae88192fc9bd38424d8bb48e2f5d182bc81303da37e06b99751d0c0a2a88b
e00c3f62ea48ee9d7ceaa26b6f9d80fb1fb2555d93fd7d99019f43b138e583d3
2aad093f457e78d17a7c7aaa2017d44c5ce9ae53113876e0c6d44dc65e216457
f68eaf4a739ef594ea582f175f37017a9c514496846801bff8cf3cf09d27299a
de23c6b269dd99845fc9074b233fb3c31be6044441a6900bc305b8420e2dfdbe
57cb4d16ac779086d5d03bea641b8e5e3aeac771ae5604cfa3a300f80514cc10
0e099e62b4a72c9fa1e1005da4388823979c7181adece83bcd263433a0b907c5
42cf43902648ea41a5c389df16ae5e5881d38c3a61a3a593ae8a465c56e33e0d
f2e8e8c4ecefb696142ea653da0bab60887707124bfe6f4f152b7227e2586501
6826f94d14b7eb264ef6a02128605648d1fc806236a1807f74c99e7b7be88b71
9557c51f7800abb261955e947a0582da648401914951f1eaae17fb7fcc766783
6b6275027175181aadbb74b4137ca15c8c79a6a2573f729361f654223304fbd0
e49e7a42c07afa6f0289f990b0d65dd1c4c85a10677cae2383cdd2347f63a3e9
ad766edc121c38dfe0997f5c2f1d6abae53200d4c7ad425ccd082aaa44ae3a5c
ba04deed42cc7ee8ed06b40423858be116427898c75492fde48953b7e3e98120
1ecd906b049717e19a545956949e0b5a68e9003a016398c85abad73ee58011b8
31362ab457d9ea9e3fba5b5a2515a6720fb5ee23527fb66d1832db802313acc6
8c9398a27a38b4fb4f8185b6c2732019085c79ded97a2bab145ac7c910ee3936
6aab3123be99d04072dc479cd075dfd3e5c59f3cb3a3c5a8bff673f25c4a7ab1
6cd8310311b525a38b0c5958598104ffa180dadfd2bb0905c3860ae3a1183d22
4f1b0090fa1b7d3aa6d679f175757014399b9b2bbc5fd8b94f9d73c9ebfa053c
2b18ac0016fb734e7fbc9a314705f9692620b278f2e091ba511aeebde7866f20
e051d6d0beef68cf2fa32531dcc4693c7a95824ff43d8d3507daab87f68ba9aa
258e9840aec51ef1c93ec91017042d46051f51d8abca4d547c1281a497a1e8ef
998076543813b57916e1a73119a9b743879a2fcc040bbe6fa6526ee234627193
c0174886f184e753c5544ea9f5224e5eced70cde73bb4d154fdd6d69dc3cf877
aa27eb5ca04a476f4b333b3c0a5abb2f4b40604a391dcd57df6061e79fe52a64
3ae0c7b231fb1ec4ed710b84677fd617589904110da61c75fec33e342ac5ee40
2f60267815ef67b40b9136e5d49a0e82cca4df76a42bbe0bf0e93351f17f752c
8b46eba692b69d1a83b4db30c135500fba38ca79aeed5f4cf0f40d112401dcb7
5a4792a68908b80e49f7b9748032d4c9d34f0c63dc0c13bf136f57e254718043
a6f42f2cf7d427346c820d9b32acaea7c12570267348074a5492738d4b2b71d2
011732cb4b1eaa41882310e99e98afacb5caa39a840bc2f1ab3acb6dd18ade29
e6513bec30c2fc5f3f81fd9f87a1f6b4c3576dabb16c6dc7ec067e6c5fd6589b
34b87f8c76366f6dca6c12fde41e316aaf75bba86d1519d1099e5c2c127bd2c5
f296e378e0369323b1fc531cfcd9db7466ef8b1692c16777e634a3a82f830ccf
eb5da2b714bbd456839be8118b2aedf046df510831582faebc7c0e3ba07a8def
552a2539847dc71599a6e51e92412480d595a26b2ee0a8d48732c02db2d4bd19
cfba4e456c5aa82fc4e497c230d7b3e46dfdca66a5ef7db0ef436ce2480ceff9
29fb5f6b3db0a8627ed9d44f168259448d48f23f74081f310f1a2cf0778f9617
d8cba1864a860e22fc9ce361c9e34a8fe6f4d791b031eec0792f6db3a8277512
af216025a5699e8773500abb727e0a22a7b3ffad2243140e88cfe8124cb55e39
aea42e5496638fc28e1e127f4862992a37200b17cef653df7c0c3e9b99b80a72
42176f347baeefc54a62ea76e7260b0cf7edd18b1b4460a1f3759e6051499194
9bd2c76ca07e240ba01a9b8f2b7ea8434e50d1a4652f19c4e98e9dbd90e83ffb
edc310c3da2b0ce1f3808a681a77b02b882d3e609f4c3e853b657c2b573f8da8
5dcc16e77663e14b1fb83c1fcaa5e985f90dea76678f9b1dd62118c13c572bfc
ef38bc0698535bd1499290f6c2822e7c4c2e7d3d67a1550e32f6b793f1607cd7
1088c61bba34abe81e442bf09630ca87eacb39672432f3a94289d0fa985fc2bb
739b3d76c038ddca02bec6e41f5ffb5d64f8efcf8c1edf64f68100a9816ec2b6
ec89770d8cc9a59084829e1bf8638b27fc81246f8face6e2fc49f2ccc8f0e691
080b526bc85d5a40271b3fc781e006e86cdb6083e0331414dd0638634d583720
fe226f4883f0fd5278e42063a9f89337b147e56b8290578dfcef53dca735c6b7
872335e2d6be4eaf32491b30f78764acc928e190fbfc64b79c7d81252196f7cd
1bb007120889c97357b09bbaf5b0cd01d22d2406c4185265d8b6ebd08b544034
300358d15f2cb5635d025fd6ee4ad502d3ac0d98dc865b8fbdebd10e6afa1ef3
42d1fe938de1d5cf0eebbdd22811f9faa43b6dbb132d7ec029786fd2464b7c17
bdb0117f105c8e99ff2a00a7972bde54f6d01f8ae5ea0bb3d607825ca92fb167
46c9c337064562ca63a9e5e523704e1394a4edfff31fcbd317e0e621541dcec9
1984d0b1f3ff6009b3454b4d5fb9bb9e66528e050b55766d62bd3ef4469495af
0cabf44806e2322665db022ba6029720af9bcf77d4ea67576e746e0f4a9dfc26
9eeea3e1aa6c4337a3ee7a112b6d4a39819b13f52b47d57c941bb5c74f91a0a9
6aff2ec3a4640eb29fe933953fdccc4ce05cc5a18c6121bd31d19d5ad00d0ba9
e350f360715cb4c754061424bf3e47216b2cae4f377771ec220bdccf27d5e933
7a6c48dfbc09967c1a15897f6d89c931cc1cb9bcd6007cf4950666da1b4a7101
f08f2da00c0081abb0942e14d4d3750b64dfb61db577395eb5631c61ed34039d
8674cb6cbd3957e5ab324d6951e64877789f74313332bb568ab0e1c3714f32d4
3fd2a846eb9a7e08dfb0375dd41c493f173e4a82b1c7e4bbe0bf2cbefb72ccb3
140dc5e5b3a9471c916b47c3f4add481b16e747fe978ffb67e67cbf84fcaea32
13d1fc35e8ad5f00ee0d45a44e571cd887177dfd1ec6e66ea2141682bdeeb3f9
d87631c9c1d387eb63455734bf21dcb6789d8c9c9a0c50e36a455a8fb030fae8
19eda5e7f6b467045566c1f61d7d69f02fd6ccc78e2c0652230e22b6dc6d7944
9ac09b1338a29eca3558a6bfb0be711a777f5dce42156eb2f96ff599de4f4ea5
f24de3ba454398a045bf06460aae5762beef4157f4af7c4403bb7a4e61ff7b9a
86c3e41156acefead4f7f49f1cc11de4dd6d00ad59c056cbb69e5583740cb9b0
4e72b13905a1f7c61d49baaf36c7f769effd0cfe63f8c433e734b4bc4e221262
9766438f3e92b4c93cf60774d226205ab1405b33f96d375b28badbd4ec57f18d
38713b0ff60a43a5fbe474e5ba3ef3b39f42ca933860d55369a8e11899fca3dd
0d2d48d4145379fdc45cb62c7a5ad85fad7424fa06c170e45ac978be2d56cf73
7cc7ecbbb3ccd21956d721f974ead9c794896a7d68295d5c496ec17663afd747
d1744e8ff1a64274c26e00020e0af859e793b2226221f4d086d4ca2f21bf6eba
49482d98099bdb0a22835d8eb0d7c8ac6132a7c22ef3222bbf880ead9424825c
a28ce85d90f9c841267cd5eb15dc2024a8a5d405419fb7e5316dc908b7b436d8
bb7c3e52261dbce7ce344f8038aec5f6f6d3be7cff4b7da156620dea453b5ff8
18024e6bfcd6372417724f2061388374fb1c05927bb1107b6184c180134a0b37
5022d4c5fbe3980b12bef17515ecf9ce12be051cd29265e270d640eb30bc6b0c
8e8766aba8219ba58328b450c42389cc94f49b9b23b908016068770bec57d5c4
33326b1eae1ce7b05166ca19d38c586620cd026d1a645774860d4390d0a21696
15bc8fbcf9922cd8ad284f6a101089b05fb48afaf7fddcf24b36a47c0bb1ad61
12507ec7e58939f87bce7d35a4b34be7e13c186755dde5140a6b05b0df2fbff1
3a2614e41f5aa76c60e351e7c463bd8a7530ed88419363dc603d59e21d0b8d60
d458246a3bdcf13c8a1ca4d6b2bf3da4755f613cc37d49d41f599a2b38e53d35
a4506b2accf42e651cbc9d2ce7918bcec89439c7fdf401f83cada3e8acb55555
8c425a9286a3b05100dc196375382f374c88ba6ca7aac04492db8ac1a3008da2
3b8f4fff40371d3fa2ccedd81344fa73d8622866db2f4098a24dedd12fd18b4a
ec02814c6054e1f0a59fce63924c1eb31138da9985b30f6f2c5dea9794374f7a
94eaaf2083da5027d37354de194cfae6a9310af986f096286194cb28dccf8492
1d7c718b49ac8ffedb45c593a80c22d41b8b47c44513cb29172ff63feca7e605
2411ee52ca524903d9671eb4f3e10eef22699ee5cc29004c1cf5ab8ce45e86e9
3dca5b9a03fc353bd2f52ba3bd3bd8ebf34881f6ad87b42c722320f45468a9f2
efd380865cd874518fca3b27cbf3b74e4f2153ed40d339ded12be8c053b392e2
54330d89877fbadb7167914aa45d4edbc3a577d2c912a3b67da496656a2a6799
080e54b862bdbd9bcd36558344f3c3b61c9d4b55fa0c9e439d46fc277fd082e3
b2622277763ed5f1b4cced9e0683f3ef3576df4cbe971a9235695572c928bac9
e704b7c4e6f838d9c691db53687bc59aad876bd099dddb91a8d568ea7432df6c
1da07329473e61e3c65202362dbeaf431724eababc7724f4feed1819a399a61c
6343cdc48c6a703ae06d4361f6b3819ace933313b7d14eeea20cc4c30135376d
36a4b33a787fa6add96f0d907f47d8900db3389bf3c62c0dcc94843aedd14698
ba87ab8980f36b3e180ced33015b030b2e6bac6072d96126ba2726b49f103460
a1183b1a3ccd490fc2d716dc2d3d865ecdaa0219025020b8352b43c6b3d70bf8
c74d5a81d7b7f63d11998fccf00f45650877806cc4272f5983650fb9e8e48369
cbfd6e0239df919b20cdafeaca72f2188d368ced51fbef2c90696ce7b8b438ab
765c814b33c04e602c725ffaadd239e0b8f3ab45410bbba3536d40917d558fc8
8c95cecece84add78f9c697a6bd07c8a6ab24ac2ea0f2bf566cdfeb190f39568
451b0a627b2eeae24d5f9a7b74b164a3df940a19fda786760c68dd0dd81b0f17
00272d83eec5636ac9bfbe61950c50069f78518fcd68fa75142f37a6db134744
b3458d46a44669f0e455a47ca29efb44c9795ab290aa8ea846810e2a27a4fdcd
2fba5e2f7ded6d059a34bb1d3f4c43bfd0bb0befe54d92b8c930d8786ca9ce80
e09c8ff4f6801d25184c339c7d0f99891029a34a1bf4580efe0542e2f73dbdb6
6933efa289772f2689960a6f0fc4ceae1addc893873dbacffbc4552a518b2421
da9ce6e759c36e9891053560c1b433b615bdd1a6a44cc88c5963ac134e9954f5
2e15431b13bece71374e13eb0d729b1471f35b485f43d872d0f69931f500c419
d7d68e02f8563f302d09542ad9176abc4b60688f17d351eab4fce6c436fddb6e
886d7af44086a6bbf71052470aaf697251bdbd86691fb89b2479987b0521adce
c05cf8b1c9a39ed8c47d754ce00652c4066347588db5a204a6c9ee017ff16095
4baf0571d0ad124ac19dc6dd5323a548f438570e45e9b6cf0150c6e532b38143
7d3e50e89d0f17a0b357eb7c4f8e9adcc03d5b29f14b473f493552368fc22670
3c6315c1a15656d003a7e71d61ccbb8c8d516db2c26ecf7693005e2efea31c16
a38cc79a27602b55c81ea93dfdebb16002eb4bf5ea29d121aa42ab079db87571
60e65fd4797469cbb4301458f315707977483f880c75a9288b283c1ecbfdc0ee
572bdee3657940a053739ee1925e2fe18e291da8be8d1fb8f75cbafae5c64e82
cf0aa8e953e1bd5b86eca0b04eb35c27d96a3f1f5eb743e7bf8e87a01db24b24
c7566a7dbe64d6f524eccef1ab48e2853d0320fc613c58a3ff50c810000a8508
37ea4491377ac5c09c2febf67efc0f6cc6b772e74668dc44518b73edd24020a8
6e4b74100da4393b88b84836085014965ac958eccf6b3307269e27a678b74142
c6dfc9ccb0095c3f49165f016f9614c024eab888400fd60177a7b12ea5a44223
aa303d6bcfec35d16cb574cbb5217bbba4bbeb66d918d6d3c3c75c1fb142a50f
174e8440e20b1c9d9807003951b131125b14487fc9ba620344fa564effe51fd1
87d17611782a30327655e93cfaa9a9daa2f8ca08496321d59c55816ec110cb7e
6d7f6df69258da53ed70db3a4512d6d3c3a54d23df6f664925903d424eef2a26
07a5fd860e7c2e6291a3c6eecdaaa243214fde30a8f1308fc6c92243688a5b09
51876499f92691671a6d82ce1d9476e2af192521c1a3f6e0a548dd99fb9434de
f35ff79bd9d13860b2a79cd8c1908005d0d882b1f47918f4de49efc9beea17bd
10192bb5541924f1aaafa63e4b151cfa45465bd00b27171d9f024fe84f4542ce
21dfb9d8d513dc49c15ec540cc8b73401d3624d4221a63ab337bec12953ce0ef
04b1b191214259cabd885f43a63fb1d1ac113fd54a55782967dda0cf6b9b9854
ec0edd10a6cff9fa3ee4b81a883211dd2664b6d51ca73f201b83311cf8c81718
6a44af7a3fc4d6a4d0cfc9fe764d38c70b4dc283af8b1d27ff21824b6bacc47a
82ae1d1fac458d4be6352c81ae198459ca07b58611db9a206e3f5d392fd49943
14f38a5af5601b7250870df0eee8daa75b6113a4631ea0f9534fae3624ccb4ad
e7e60d7e48bbf546f4e022f85e5c2f7485d1a53bfe3cfb62409d4b9c8b2e4930
e420bf7f4ab1be02a0adeeb59c545d9894e963478c02fdf986a5dd83dd04ceaf
47112d28ff483afdd8c463ac6c3bc61df94e77d8ff45bffa3193c510bffdde64
ad48ba517db4d2eb805229e70c69d29589049c7e3454a044a46acf009a152892
a3e9bb74ff022f7ad3c3c09444c1ff1c5042fd653065dbed594479ccb7bac941
52d672ebe72e065c74de8478769a1b0d4b87280f15d9e47219d1b79cdf1ab865
bd89d7c8a802ce8975d1b5a6771e35a67e839ec886dc7a95ed36339307c2f3b6
3bf1a88b0111cbdfb1ba88f3dd1334be91b73817c175c60026bbd9b633d10e56
dedc0fce5885f87dc0652341139b3d5d93a13907c4ecdb9b1afa42621e308d01
93c67d08d93b14b926e2331577df4230be059c90c2964acdbbd4bdf977f090d8
092a46a44edc3770654de0456ba3306bc9a73f9b837d92d4a6d5facf98770ab5
7278429dbd5e3c39d9057b2d2bd555cd433e76500d72d4f949c3f82bb608e2f2
c49835fd7418957a537a48986760d4c29167d54e8ff5ebc36955b018a8e61458
a95599406061400e6a0df46a0fefe2f0ac90044b74999cc88b5818877fddfd03
03d06a6d720d2a3a8d92e0c94eefa9e51b7298cc2a976cdc0fbc01606c3d22bc
c373e3569bd04a328de67399961fa8d6e2452e634a41e0aeddf9fed7f3eb2a78
e4cb5bffc65570bcbe94eaebb4cae2336e38daf07aa149ca50bf55af99d61d18
742b678fba9d32bb520a8ed790b49610620e796a0ce116d91f3b5000e9bfeb8e
f579d9502acf0f3a058e94c19a02b10fa221049b6d1a26e5cc1747832099b5b8
23b23eaad7432aded9f1ce9e6c05f8327dbb386e6a52ce7291ccdfa701c2ad43
ff6f408db6f7d4d7294dd65eaa40bade3029223a74f1a41191b7399115fb41e8
58d5adaa030d503ed6baf9c080f302c2d48936e90706308dd91f3fc0cc5a22ed
41269f0a4aad2746f65dfab1362f466b067dca7c4e1a5764cc6bdd3cb5241463
dfb5cea64607ba4f5de71d019070e1ab0a3dce98e86d30ab5aa000606f02360c
e5e31afaabe1ab330b89acaf92d6bdcebcae0f5d6a46d3e9b1afd2e6f17155a9
5002f4738cefcfcaa8ce207c516d684316c2ac6ea4db34af439a841f099bcb2f
4492a10da283caf65cad9a2f2da3c5724a7e9ac152ab19621a2bb1996525ed8d
07416c19f4c5fbfcc2710b8bcea6dcda47b84566f18b7c19a1b3c41b1beee4e7
f05ef62b964bd5bd4865a78498fc453710815954d9ba068676ff55f178ecaa34
d94d3a89a868517cc550a25ceeb370fe665246dd06d4103b35b7560931470ad7
f1d7781a7f4c53713ce121f3f368d15e6f6b8813fb28a324156241bc96d27589
cddd67150111b3dea9f4579999bfe57abc719f7411fc5c878c559266fb3d4d5b
119b1e92a8087f5b92ccae3ecc33dc025204b303e1f69a8b7745c7ebfacceeb7
540109bc9f8958ce7b590b23c5a4c1687553f7810fb64770bf6e2ab9af246554
b389c1aa0b81b67224fc76fc58a6b1501b96132c4366075b4360e111bcee30d4
dc5c9aac88cb47acfee27e21c6c1ab97915c8a56eec73afe33500c8bfa80dcde
d6dbc5e65f4f60894e33ec20ae7359b23bec88d6585888ca268fbfc319b0e424
e3f77f088a690972d213b8555859eee8fe495e34e4aafa751eb64dffb41a3cc7
3523993b1821c39de86bafb670423b89df75635899cb03d84fe7c6ab4296a128
7dd28f46cb367c1d12cef5607f8657deebc7aaf96411d4c1adcf089b4c11da87
7125df09c1a1ed48341edb2a64e2a33f4d78ce209038855af1212583239fb3ea
582c6d0d5a72de7df63bee0b7b96cc0ef6cc551ba4c33084460cb08eda238856
f241a460a0de9a2d7c253010032cf39b5dd98e5d1965027602544319bf1dda18
eb7e3a4154ecfc4587b86c8d34dc2b140fa7b1e69551c30ee17e586eb0957147
38f1aed78e37da46dea821c5d2a70a6605b62f988e2c69ae1ee5792013cb747b
1a5320bc84066e87de9353166074070a7e97cb5247a5aa4f06ebc7ab6271a98e
9bb5954843e69cacbf97441890fdc6cea3a99121dc5e56093564aa9d28f7ac2d
9d511e6ef470243ccebfc78131c83f0f8929e10012ec3e99acfceac52e65a9a3
d24d0e4bb646da3fb22f61925a9001ab938ad5d1a66f813672e8648d1d68f594
d9554e261cbd56c8d012f8b4c4c32dceb85e88b75ef605c1efa64a3e994488aa
5163e2ea2a05faa5e5761574a3c546eedf9491e84f8eabbb2e029e378e9c7b14
4a7c7d3f5efd230045e5d4a3a14418b55581ce4b6ba3270e818c0a5986ef1d0d
f641c1d1fd3341f2dbc80cda04be7361608af04a02a8485b03a0f83e18fe9fa7
4db4aeba320ae0b88b60d36571f82dcd36bc54ff04627147e77fca118bac96d9
9b34421a1863af108f80f680d3bee1d2e1ef322b2b067d804020ce58dcce2e1a
8c47113b97a5d8ace672230d4c1a0233587907b7c5d631464f18d1e2410fbd75
9fa26b1b0c8168f54d34d47b9492a0b8dc0655e47466773a79efb836cf5e9ee2
a0fd72b138ca2224e743a40547e7c01881ed7d4ce5acd9db433562f5e10d9476
068b8f54b294b8c42f0dc36d01b9ffd3bfdc40824250a02f56194b306fa918c0
15a47af424384dd9bdb3cc4489145b16d0072b652a6709cde91ecb0f13bd526c
937e55438abfcffcab4976f207909ca973a8b15b887cfee56979acff0f0976e2
7702c8d572f67c6cc555174dc117f534c72a9af61b894e04c58dffeb535de99b
3cba800a989f5bc97b12ef02dca6a71fee46b74374d37b4c13de4bc0166fb67f
20bd8f2f0f2f1e1e91a831d5904d67dd5f0540f96eb27b2d1faf419283da7c44
2ac25845eac2bb4c004e499413a4836292100d33cd95f53a63a164ecf786de74
ecc035777f7e449cb7144f8c8e5a0440015db3b9315b210b2f0f21f205597c60
2a900438e1d828bd5f8e1afdbfd74b97b51332c40f411b80af2dc80fdfc54b20
3ea1eb2f1e49da55c2d2de95f9dbd252c66baf2a735fb9124168314467eed4ea
ca21c801f138154009059c29df7fc176e9a9dc324e9465ba68ee1c2137b2c6d8
0ce389012fdf58d0be064b0a91e9d09315bfcc6acdaf9747f8a03cdb944828ab
5811286bb805039d5ba8b211cd5336c9e78156674dc504b030f14219e7acec02
d34ff1f7ea452cf58038873c96e6725dc0c174b5adeb0f10bb9942976c9b5e8b
89bf76ddab440d4741d00d9f4e87c806f2b229792711da165093604375e8fd04
7ff755b85910b00aa0f6ec97077592a98a1052d4da26a51c8adbdadeed7982bb
3ae07844e36745c57fe135008c4e4d005b0c6c7dd0cc797f8e1981109d002bbd
05b57c106364550c08ee0429fc5f15b2a0e40ae4a22a168265af3fc2983dd954
2b97f3f4072767550c4f74f779c6984f0f7c6bfb0590748e337f8d8a36757671
15d1187e7e043f84298d125dc6628890f01687454c9e17b461b29a6d2408e9a7
7a65ccc6a849db2a839fcfaac0d95f4ffeca5982a9a36c490d518cbb4cd778ec
e194d12693dd9c74f95cef9ed75aeeeafd7eb950fb44346d3e497e5d1e28d287
9be7f1a1845692780e93223fd99c6e2e6119e85f1b8760de613869f52dd80d87
706f8eebb42025c96b176be7f3b4008977c744f6b7e0e55ead19122c6d81a2f3
54a16bb6b5a1224fac6e7851e81a358e510b9040f10fe0a8be82dbb5b4c60e2e
f6b979c91a3afa01fe4107ff89153ee4c5637a2bb2270dcb2f16bba41f602b43
67c06f315dc4a666055c0727b367506480fb59a0e326e1d6e0dc166bcfc46a3f
a56ba924f2760a2e69b3c015e451bb83380448dfeba01dc6557c1a827dc069e6
931a359e032a7ddd4d9f9a261bcbd5530352989333d41f60410da1ca73d3f31b
a6b74be63a017095f6a7a3b523d5dbd35438e3334c213c0fdfb0c7d312c7b1e5
914e38dece51148a566d9c5af8ff5f7a48ee2c8328b401c949072a3ee56468a5
417a831d4855cfdd2e7c4c529c292ec517b944d513d250ffe6c1003f87100a00
6635b852e9d4290dfe96475cf4669d80e8d3825a000dfe367a7d696bd9d16f68
997546279a239aac8f929931534e831863e09d10269d6dd4d0b4ded2cf17b0c2
55801f39ead39e59b041888825fe94ca558a06af2110d28d651b62000c0e5861
f19fa9bf5eb4c47473917cf544d0f23dd5675e789838c25065e4055e9185dc14
bf121956837cc3fe69c14d2e6612592e99139fb396a210f0c0c41cf763a36b75
421db346f41e52e392dacde9a66f5d10dfce9e62c64162c8506a8547afd4d183
6b846d23e72924140502cddb00e8f3413b307fe3f4aef1f6c56d394b7dd631d2
271ec8efe1bd83baf6e7dc3f761bea291943c4c86f8c9e74740c9aa472fbcf59
30bac0c054570e0a61168c86a235437d26bf9b13f5b0da0cf01db8af1d91e3ea
f3af3a7a5e292d0d618833f37b0a42d8e5305b91510e917e41903f4b40533047
7150924d6090102acd595ce925c3a9b9c2c8a17f93b318cc7e83448efed07eeb
41d4fe60ef6bb6375b7a26eda1d8c47ef713d3705b9ad44b2dccd0e14b045aad
f5a712a3b2ddaedfa0921ce33fe8bb62fea7a56486bae5b588f96a4b705aa5de
2d658a797fe531eee9898f73ea8b01d659aee5c9807b19d38d1241166f9dc90c
e61572796a6ffacce9596e675cb15c284fffe8487557cf9920dc7b4c14d85a37
34921b95e1676e744a1f035fc52eb76732fb42953a03f8749b171590970ae09b
de6d47646a6bc904149e3f0db4199aeacf45efd9d3851e44b8e3bee9f52dabbf
e1367bc6b52335da4a26617bd3c18d8768ff33b6e2d265e207b01da5653fb6bc
d9c9db33724305bf4437bf129f6e8118de0d4df8c677697ea54acacce1c4a888
321985338dfdcb32dd6b84a0f1e26ca8491499643a8577d12c11957681dda5cc
d3e6a77ca334a06dc5b0cc97751475b51a1785492d6e954d141d2edc1202637a
2331423a5456045610381e7a1223b8f3dee8c19f8d71602c2fce65ad29469d6b
e5537f0fc943372ef3625b9f4f4a93356d410275fc91550b094997f556c2f778
77653feb983e1f481e64694a0f6062ebcfabf1f71bb8167a4ebee8489755225a
87bc3b070f2e5f7db8911d35b96bae8d8833a48865b890afc03d34f4d91fda6d
c2ac776b4bc414a10a8e2199fc0b905fa7cbdad34f17486342f50482326fa311
b0c7b44e49bc26d3e611776686f251921c677646108fd2aa37f5e2866b4cf3c4
f6e5ed1f17703009102d5a75790cd34814fc2936707e0713ec0079c507a76a3f
be34c87ad856bdac285e154442d7a3ef7780e770968581274d92fa532b52f0e1
5364376ce31b3a2ea102668c2ec9415528fbb9cf3ee219fc3f6dfdb8c278bafe
0bab05500bf111fd4df55f33c230e0001eae2c5173fcca3aa0a72558065f7e21
b1986f6202d94cabdaf84079d99f06078d3cc5f5d607794bf024953e4cbc5821
951fb4b3b35edd02b6b008698c6819b040b1aceee1e95ad3592521d2f59d4234
6c5f610df23017f2bf4b6a98bdd1a2ffa6151a4cf1d0410b0d2389f233bb3f1a
c2a8c365bdac55b41690d1c9e13bf8ba18acbc42586091f59fdfc222629e23d1
1cec69c5f5efe2927a055fe617128c2a45548532fdb165fe6de3935fa6c6d931
ff3fdc54f618c11568c15739724706c78f6d1559fc38740b160ccd6dc6e8d534
a0782f906361cac96635e9f37eeb8b620f2cd8812131f5e58ce234ee13136995
eaa0f40b2a57cb53fd85d4ddf4d79ee652d67271ac26d0c61069dad44a6bba62
06199a4a8a106e667b8c6fc6c51fdc1fcdba9f7dc58d1494e99bfb624707d2ae
a9265755f4fa20ecf1ab69e7a69022225a5701c3a02f9302636baebe0fc59fb2
149f4c0bbd9314db75b0638869b14b78eb1b8cacb049b5856de11f6b01131091
b70b83679c07538d655a1dee2d1de651911dbd5b4a17c7a0d8df02de57668b06
17948c1e71004d0e0465111d24d70efb0bd27d4e21ea216c7a6b3d8e806ded6b
b9d17ae1d57139545e47de02a9919769f4ee5f2b0791991a2a0544706859f67f
c624bc30a10cbe7a7d3b9b1b3a50b31dc5f6569484a5632ce0128bc2c556a314
af482adbe2f190d0c5479d8b334b9044631ed135f9aca243f8e25b585693d22b
b54916ab3c3bb015e7d5fbd6f42bb61783d7a9ad0218c493ee0f2bd5b23f4e67
ce1eb0ed2ca893ec6cbeeefc5f7ed03088ba5139e10293ee86b37bdb0d5a4dfe
f624d2ccd2da00bfa0f31fea0c14c1fff5d42d89ac7eff79f943300b78c6718e
8ca16f24bd3c9f79ab2cd06d8eacf2b7812611712956b5e4d70dd055911de5f9
a227e6364bdcb736fcfeb1fe4740217385b83373b3fa57f8877eff755b0ba9dd
121f9d7e24b458c72fbc2086bc50dc65eb007baa23b402842c846ae1bfe5aef2
23d2225f4ce7c6fa00e0682a5c51f06cea98bd52a89199cfdd1dbfc0077e63a1
291a0c97167ee779a05e0b38942fc6df39688932d55f280e72d404fec3d849e5
7e7abc640817b5bf8367b90d5f8f0570f789fdb8eda863315a047ff08ef7376b
b6d1436bfe1da979d23502195420e56aea733c7293392c58927f95a73299f898
74c75d6c3cc7eda52891cd75dc202e5b09a3a394d13b65e750778d77b4391c17
206a8326758b70eb9cb20d5ee32e6f5ebdddd68687303ce6d48d2716b1aab5be
e296356b66e4c08021f746eaf49b40e4df0dc677830681ab6d22d932195ebc3e
c32538d2dc9514c36b039744a12b99d7a13f6de382359c4c63955085a5181338
b75f67db3836edaa18f21620155cb317d6a2c75fe2d27bdb74b9a011ecc70c67
bbf6b3b897b228e4af9a4ef173b56cfe07b7ca9368bd61f78ff7d3514897ecf7
128b4fd39f2ddd57804bdbdae4de63833d1236390bd0900b10235319e6d897f8
6088e73262a44abf6b4c1854d5f118fe76687ea14bef2ae6c2edadecade612dc
3f264e73dd5221a654b1037cd72222121da634abc278651af913d45f91cb1eee
f3b4f955db9f905df62c41584dffd5f2db255ca4089475968aeeeb74a6044d2f
0beced46b71a119b6879deecfd004d0fb0861c28d954555c000f32e1ff28c968
8fa152d1b902b893fa50d2a9b0379a5bdddade52ee5103ac0b6db3d0279a2da4
93e6f7a13a93a2305d9087f684688b14ed6cb900cf762631530b4b66b1de4a94
68e333b6e40c8168dfaf672fcf850a72dea96f1bf99fe0e23ff8de176641dec4
dab2a70c127a2e95f283e03dda55f67fac84ccaa013ce52b09d6957da918f5f1
05fb23b31007987d6ffb9c97f777ae2059f3831b65238bc335a4cf5735c2204c
08473bf51647e4dd8f61bff81166e6c8e6caf2b1271fcff0148543bc9cb52203
337620eb1310fb985b24e3788a46ee661e23c57b08ee9f933660b036092a3fe2
4c84fef36f450fade2c2bf2610bf26998b9e512d43230dfbe89365757f8159e6
04992c3bfe417b314bf28423c068c770d18eeab0bc958eb23854a5c75b898f0c
9a29f8f8693568c866fcd94c644645061faa461446a77d9f3b8a4d6c67e192f1
00c7ee8193d2c4ce6f4ae4905a8d89d9430585d4c755095e1aa2dd2331357d1b
f2df87561ff071ca987d56235b6825cfb3bef631ab11ad5a76e3554af140aa34
6dc786b6aa769fef38a1755e801e3a16f0c955d40aefc23448c2ceebc934a6c6
e0bc8563001967e26e513c3f739619e78526c90e826359d495779a5f69a85c51
9b30b72bce2a27ac37814c721b32131b0d9c958906e8c73db066b978959c7f7e
41ddc06d44498ddfdffb6d9033a0b4957b24c89be622e2ff329b03547030959b
63914b0a400b1a1d776c8fe4d65d67ebbc57dc1b56f24e30b8acaa2e54bc1ed3
4793078b9be5c49168d55d2bcf692c03d897119c4de28981ce7b20745da28026
5c7387805e7bf06560a1bdd0c788d68bbbfabc6bbfa81594ecb7273432a2e7f9
4987d77f192f0d2af64371ccfe75095e6370007b738700c08a9b2995c3ff9c99
a57c5ba7aafb8d9a526ec2f6a2368714e5f195e280bf5eaeb9ea5c5d10f0fb24
d06759a7a469ecf602374010fed10dbb425d23b1daae7fd21512e0dcd66a0c04
ac5f9f19a4dbad51cbd8746c3d98567abeb89ee83e7606cb356d33fa6ea125b5
2b6647f896b64b1b205e0a703fc24d041d1139a2d3c42c4160789ec0ac307d85
4a5d4776ca1c29593f4b97fad61b2cc37ed817ea533d5e15f0899b4154fb8f89
515b3f9130262915f41fa4adcece8629703fc2f9b80c590678755255df51ec31
5aee54099ae7c413a35223640190e295b1922e0aef961047f7c3dda090c3831f
cbc0114b42d809aafafb27a455597db106a0a6342d06307743888482a8e4074c
ae6968775a7b80527984623f1b9f7a46109b3026f2e047e154410963b2cf97ab
2d2a928bdccb6815408face7c844e2ef53152f0656d99624e534881a591c5272
0d9c740a9baf2d1ac3271ea04b679ef65a785be365483e4240a89f00a9661e3f
aa502f06c68e28abcdae5de974cfb85c18b047aed6fc9bd6e9ddf792e064e182
4486d58a6256abddfc35ba11c0a9e394382bef07ae4bf13e82dc40045979c60d
d4e908a7bf71babd8975ddf14b1dda623dae9476fd9d83a903e893e8c66e9a4a
db31d015f403c01166146a9ac3ce0b7535ba51526110263eeb94aa17691a2181
26b287363c9c1c5d74ce58ffafa84a1504aaa23dec28fc3e74a140b0e1959f64
8f30d8139677d91d998ad7a20b8e48a1ee5475b84e407c3820f686222207e55f
a06c8c8d7378133d23ec2a93ef86f1adad48c02eb9b3402fd2bc1e7f8d0b1198
93b2501b6403b60c491a876f9d52235dea26c53af1fc876255ac46a033f5b5d4
36484d06a809ee6a58e87cfe50c69f78014cc71f07804f828607d7903698482b
5a3c10e55a3c7ca2270c6e3459f7d1fe000f612dad452b9cc598ab0d1b4ea8ee
acff543c242663af55c750e18827cffc567378cece51fa1239ad903f492b0ef5
25cfd85dbeff1379d962f8a49aa8c08bda244ec1e5ee62aa732c35069af8f673
a081a45b17bf08b6eadf7cf59ac3be712940d221f5d96827c6f11e082384e522
d2181e9b6b21361555ab8a8408e89e62abf1bb822d7600b8cea289625757f35e
ce5a79fef46add785a90d9b9f82ca3ea3fa44ce1af5c293c52e09ffe30eb4a1d
278022f3fc59716268cd37dae2bc64ac36fc2e243cab58a6e4b99dd0fec7dfcf
a65b688944b50a8f3ed72d68d65909e020048c0170fd0dfdd08b3b709dff0afb
e85a44eda2c9d05c07cd55b55b600d6080d0aaa0b11d3356999b8a604dd7f5de
1f6423a41d0c8611de868b2f777506d0e73514ede99d65cf9a0819d79e8a1a51
cfe03a9ea3964d88f9f332a15053b7ad082e9fdf01304bbc8a29df560ba04b59
95c124d74d5e6ca6b9953ffee5edb976adce10f4b3085dffd6cc2d6837915d50
62663dfaec121e46330db76122ad1f80b9f6ad8585347927d75d6a30f8d82b2b
0972c448c5bd45263e294226f43fc37f25c0bb6843fb85b61e263571bf670a4c
473b377587779284d924643f199d93790bd391287f27ca3883c27b5a20dce95b
560325ea711f720a87c5151dde0d704921663ef29110849e2495edb9c5a229fa
857675d719d2cc7ad3c13eae533d45ae5564fb5ecd007ad840db9516440c1dea
aa19ba6e51d9bd7fd68ae7c98bb88084d1238e020bb3ec4e4c1b19e66f0e233d
039908ad4b0e4744d76149c68a3b4241495cd322163a3b85df2228adf305907e
6376e50f1ec9b15677b868663a689caa0a4d1fa67f3894c9f773cea965ca1fae
6d7a66e25bfbe24ab33d43771117f5a037bb45d2118ba31499b8c7d11efdedac
68c5569a09e39b5ce5800b778ddf3874b4d3b2e599cfd570bd606b1c7d242ede
f10cdd0407f81d904e277693b07da7b1c98b227428ab819ab5a9610704202359
06e627a1a0923ccc39babd5ec51bef8168a3d65d6a4d291e2188d989fefa4256
c62dd20d2dcfd2bb1bca4a5bbcc43d8afa40e465a61c2f6ec873f12390cdb650
268ce4a5b3f10dc880c8f294a45fdec92ed442a4612ee9aee0feb317d88f38b3
0c7005ca2bb1109d49bafa4ac73935049142a2149632ce2123dcc69eb3582de5
2ccbd9ddd3d16ba137a237481d59ab6d026ffc62fdf00e8fd5b3cbe8cddd0941
3cc56e70ffffd8d322e49aaccbbac5a7a3d76abf927244bf5ca29a1a4cf8ad99
ce8593cef4a28cb9db0bb11c9320f49c1d22ac6674fba434f2c50dd45c6f0979
532c74cf43fb8a7f72048e1583764125c10f84a1bb060061a51998a5c9cf0dd1
0a2736abf9cc84e1f4be93c818388bbe0c31d80140ce5d90699aad1ebf289dbc
695dd365ffd7b75ae5f6012482f5ffc8e1352af515bc30731aa5c285d52451a4
207d666863f0ced96d0f12921d622a78e0b5b08f0f1338c05e4b261eeb0a7ec8
8f10ddcd5873369ef5d9f173da662aa5a98154125d76a157f070f3516cbedd10
3e5d2dd9a900cbfb347724774df68673efcc18c73f3e075aeb6dd1c964deb23b
544e2372776dd1a04fd412a2322a1c3feabee9a3492b0733210386b89605f886
0413c956566f3a0d29e7a13c6dd46739890f589e1cb8de1f539fe525356fbe81
077951cfd873ab423cb8202ee91e3af0ad201fbe3efe9e25847cd808f6948a58
f76f4384f9b24dba107e45013e0dab0475a3e8fb9eeab6dfbfc255ee3b888ea8
b50252a3299178d3c13968a86c03c09db22db2157fadaa12f0a395a97acfac46
d170008f62d34ba7f1722635292ba9a6d563d7dac32b3c1d17ab60695c874c62
07ffb15c69a55cb311955d096723954e58d1ee643603118ad9cd47ad406a59a0
6b6e8b524d1a77f2f620eb0d4ee949906babbc918c06f87cc8e506f73fa997c7
d3545c4e243e07e7ee6ea019e05efb05001c226ed83aec809f4115da320e0b59
e5b17a82ff2e4c78903768ebe996ba7dd1db646f6d522271f5b1a2b163c86b74
e6ec9b4a765e03e92c2b4fbb750df7f4695358a56bd5bf6dea004e16433e906c
a7d9c8b536adefc9341c3207b35f4d93f360ed8579e33161bb83adf3de1456e6
7396ea47d6e2491f2caa9c979e16298c448336606d5a79f6bc75100118be9683
26d0df0282321c4ab936b9824df5a59352fe2c6293d5437c4b3566684cfed52b
f017743cc82209de332e1a467626e4a444d9b7c699c68a9baf9b74bd1458ffe9
8b26a172605e336ee57f183ab19e659a7f2c519a96f2b1c6969a3d738fdf6216
404e09d397d9c8e02cba09bd38cb0683af64bdb94d76f6a2e50d7615bc2e4f44
57f6361213abf015ff1c63e65fa9aeef4af59a113dcb883664ddd21749e0b70c
21a6a9d8a7164349b330b059961e08d0c122feee2595a54281b9616abed11e73
307885d23a4f2be47dd2a71e721828f997f0f703bf1da7c594c5c7f3fc1e9f76
20dd6df472246508f926cb37bf6b9b713b564c61e74389161f1b3f998eca1804
7a23e5f23ab7d4dba0856e0d4ab26fc97579f9a362e15c4156d86d792c77f942
5640f63a9567244f9b0ffe79988bf827643b880be79195f143d95faf0f7eb0dc
f7461e5bd06b0a3c75b7038b3928310badce818d1b90776dfad415f234b171c2
7d8f0166f8195bdd6d6ae64f4a9cf0753c61b97e359c3e7f139e781abf979139
3e53e9c81663d04930b318293cfb952eb70bf97e945d1e7d0478d2a03c8c6e8d
1ac32238df304545c6c6d356c08e94580ad3554c2fc0bf086456cf90f8ded9cc
d4bdd39291e6d3e3053b15e03596c91440cdc47231c65063d5de6d4ef4166340
c6c2e44e017b4865d9e19e9ff591a1a099d9eb428fb89497114bfe7d5d60ab6f
a14aa53d6babfecb631c6aa67b8e34a16caf879fbfbcd69b5f63d8ce9da31fc2
ad77eea032f0948b7f2ea24cd818d0e7ffafa4c6d490abe8b52179395a866be1
9cb8becd79e342b275328fe69bf969a3c45a613a6c9e1aef2af27e9ecf09dc21
faa216992569894ba78bd41cc406ebde2452432aee25dccb32291d9d902bc4b4
9b83c9b0cf51a696ebcbf52a118e838cbd6df31e13db9752e5f4347dfc9b400b
e205bcc0ad23096eceb9e922847a36ad2f2b6ad4398a5657977c9617a2eb2afd
1fc7a8483f03351261eb5387d69aeec9dfa56f94b32dd623d35e9463b3b707c7
03ffabc45c332baa82624c736879adda79cadf445837f0985da95b459ebcd398
7581956bb79419b902720ebffe0648280a1e766848af4f98fc77e830f3829688
932814281c490118430aa635409ab7f4a42986ad8e9765e933c7d2211096515b
17643d0e8360184e4fd02d85f80232a899f46f5516425ef7fa47621f4287e3e3
923c5606d52f824216bedaea78f2eb3d086592e16e9f89142077fe2ac80e0a3f
8bbc837a9bc4a0c10d205542bb74dfb595a8ff65568114791bc89ffe51c82c26
74c988b99a131cf978f2f90599848d2646fa77b83128e390784d0f2a4455f15e
95735714eb762af8d04054591bb76e3d5f5c6c99a563866518096d808b325533
e03292c707238671a137a086a653b0b4d71a689ca51ad4f29bd1b60d1d9ba55f
f02c42f34ea918602aeca00fc192309acd01e2cd3f529e61772f4e24032e246b
fd56a2116766cf3c01a197f3b3e6a702b8bedfccb6bc38374e47943ed8cd5c8f
46bf228e75aa83c07c7f83e8e73d1dc12c81338e82c1dd866f9a5aa891fb6d27
b1b50b8e90fa71497202741b99eaee304890112dbee176d079d663a2e8e3a087
91899348d4997cbb26f598973a4721e1a4f5d5b89bc3418ae65b43efff55a109
72bb1a61cf0a41ac9435fd14234b4cf67a96d35e913c464035a7e0386bbfd78e
9562f9ccada6a2c312e7ed35da8a6a9c3328ebddbae2721b9a97119009293489
8f343c7b2f74e82dde957e184f1073a1c6f17a0e01ac0a500c3db725574085d5
38291cf731ddcfac9f52786e41981425e7dbf8b30d7b24a350a7da594d69350d
fb55a284ff04da47fc696d6e473296c54debf32e81e167d8a9484bfbeda41d6f
b0935a5b6d95b5e22d6a64ef7f372bca94306f3c59b2e4b03f0206367bfb7fc0
e190b67c0c86b37854b57aa27c8f43db289ea4e6c3f9af551a1a02cb5014e52c
30c412fede98362e3ee121a2403b8eb7cfe97f0fb3e5ecc666d8d366810b4f24
d41e3716ed277ee506b4597bcf7a6d3815636da8f54a108ae7f895eb9024fd6d
8d7bee68501d4af88ae97b4b07fea6f881724d2f3324397df55f0442a97e8293
facd75bcdfd128efd98f4ed24f4d34795304e5653612d0bbe96bc9ce61ed9f9d
375cb0d5ebc69f5766480e502cbeaf994cfa1d8721fef5c6f36c5f75718d5aed
3be68a6ca162a34bcae0b7efe61a6116f2e125e6a27e20a992d83fcb9fda46b0
a656eb17a6d9311ea5caa6b29a9aca5387dfe55fe48c93b19329042bf42412ce
c06fc40dbe429327590c0c98a7c988a0d9aafd627dd2045f4ec3ed9a4e9bd691
eec0acf81e15634bf362e4d190450129e66a5bda321715623c18b63998c13f2a
855eb37f7c997e31e094f8884cf4ac2d615c85e0fcb5c5004084351baca230c6
077c952eb5be7c09fd6b1333dd550c1fd11352d22f34f21938518f879bd150f7
12678c1165059b4d7355e512b265b0bf075856e9973283c0054040d275c5180d
6d8140beb5ba9be03fe2093738ae637022139f0cf9d90c00d76731b4018624ab
9cf333c6536387abf3c81f295734c21131ff3c9353a2fc307814691c68a99db8
b64ba45353a12907c871bf4c91d4bb17e430ac1307cc01a51aea9373ed4e686b
0bbc0f3b6e0e5120ab3241786d51a07fe33fdb4b019fb7558b2926b58e2942fa
e2d9089cfaf7582cdb6a74290dc1855ec028284a0d64264b4efe11088490569d
e48d8987986e84a7baa4cf4e566608b0ae4499da8b72671982934fcb45468864
e52083f6c9329ea2030ae6de853dcf5a2b0894a32410fca2bb825836dd49cd92
592e1c4982401ff1a4fa4913fd583b7d722b2c27b5dbe3e21bcb3e75d23d8cc7
bd11482f18edce6b2e154805a5856e22a842f2465cb0bd720d9f6e62af5d8330
940e7210bfe734061e5ace19e89d942626bb99887287e3af2f826a9a8f4a70f5
dfd81f0dc36a6bdbb9d65c720b55cc0282449c8954bb7bb7c83f82d845234ca7
7ce6f27fde86f400e3dd67a5579bdb1a250b85c085192c59158c29e3acde91c2
cd909a02ff5701005eda1ba45e0aa4ae169251f9748a7a367736d719da5d2f1b
bc2f91671c9005f579520584eb6dae539a0e1cb6fe2d8930c1e0abe890c5b783
a824108fbc3afc59ea598659e94bfbbd62c4182010c0722afc6432c1700d0198
e5ccf6b85e6dce99a38b91c3bd74523aace7c48a0f7a6d25d1cfcfec3875d164
2fe0686d2863640ca96a8e1f2bb91ea524063b8516dc3e5ea57c1a8f3f7f17cf
4d4af165907dd383eb7e26a5a733d3c88a91357f79c1f30b4bdac22c6d081fd4
57b56bd41c6ea592ca4d412f6664d483906a815fc611430ccf37781a0d595982
c3b2844a6f40df7ef704237945645e789c8b566801c7d856f3e07a871c86483b
8301c7efbc4383fdffa360eb7e53cd0df9f6e9a7e00198317e22c2d42f828d3b
3b561fb20042065ebed44dbc56530e741f30559b9af8d6e6c3b2d61c32832759
1c5dc45fcb4cb429519b126e2e767fb04c799d116ad8f980eb73a9fbea6f518a
fb896e29a61e9080b93b961bd495c4ebe7ad380f42e4c1cce1c662d73683ade8
65d9d73199c1e28f26c4a3636ca3579d5e9e73ecfcbd39d62a43a3aa0938d23f
39d6991c0c345e89392e0765ee502559012a3b9fcd4200dd41dcc30da079014d
ec3b68144827d9ecb9a1e5ca0d11f5683405d1b9d0b23a6e02cac8bad175eea4
70574c7f6dce5106ed10839546522829ea6666fe4818d9040d48dbf00adee290
d6759a306ec9ec5efe444af3d36ec0200f064cf8562ae04619d9f5f68903ce11
5027b807748be6f3b622c5f97b5b007167dd441a36562888ce52d9fa97bfbb7f
6c00cd38a940fd65c97e1adefb24fd2032c3b2fd35c6df208e579eb9d2d2fe6f
d98e10e9b2c8d20a237c450cf5dbe7a481a692b1821ff902a659c01f867c297a
a7a4ac240a12a7df53041a63f58f3710527813d18f9bfe8ab0053d251e1d98b8
2217a8db98716c9fd7d2dfbb93013743931fdbeb7fa43b8568b9dc44247ac2f2
52e9e3467c7058fe76d8a39c8bb31fbc3d80bb47b8b57146647da014458e0de5
02f6a3624d85105c5af864fe7c7d15ad4aa2a472af5f125bbb701b55843f3b3d
9fa6de63e0b66be92aa492a2b6b87a0f1d6570fea89aec15ecd7d2f0cf68ba27
ad8c1b25cbdab4e60501da6069cbd7eba81b9dca7a572715258f7c17f9758f57
c67940556b535a8a7c5fa4260ae1572cb7201ac5d22f3ee393ac1ddb8de14625
8a0bbc7414e26f3bab04e8a8dea6b4dac15bf2c949cfd544ed7dd8a010acb931
efcdb93b5e0a32c53ad82a1de3ae1a4560059dad3f6f87674b645537b93f7224
666c916b89c2b43940df88a83182f6e5daa78acd0a4d53aecaea88221c632325
8875f76ade276954ddfead0d4a50daddfb0e6a6d14f1f790a18eaafdec1cdd5a
4a3cc60eb7c8d3835a7e0655a4514f3a54fec608075bc12746c86354ce3f29b6
1f24c0f4993492f9322c8856529fcba52e5e7674bfccd3a8cc43acc19bff96e3
a767f8f3a3c6927f42fbfcc46b561c6cc08baafc31daccd009ac7071606b75ec
aa8d1835abbb762d6192b05fef447ec1d8480ff39b81f8ff4e0accc5a151395c
95fa83674d52479fcc6aaad8ae43f9f4aea2a8c8e1907bba4f5a3cf3a6351853
252ff6615d13568257fbe47dd50023a0bc6b3e33c23e0b0e682827158733fb95
713cf54779b975e3e5055b4c4dccd156945b84d9f06b380d0d3dc1ec3e84fbe6
042c1d6ae54022aa6450af7d083d6392caf321f11c2c2f94244af5dd9e6e6e58
16f194a7029a7857c41cc69d8e2d59b50ca141e9d6094882b1288b84c7ff9e6d
e749b692a7ef34727d33183b287b36b1b83c337ad71c608b628e99752985b3a6
749c7e68e8297f93915358efd0f8812267a651236a9a392c87dee5d80d1ff5b4
566ff08c06483abd091bba1af875cf75a1c2a1e234456897387e029be2216df4
f293d84e8a68c9cfe7a67e84fd73aa34a3eb92ca63fe00b02aadb6704d6ed165
098ae8c94ca9fb9c9fd6d3dca5e2102ae0e2ac1103a2b438ff467b66a122369b
bd51d02d987d4d912a01751dc05da5c8110058155ae8f42482574c69ce919f06
172fdba6e3a9b469b790e7dc494bec54800a932c800982de5ce04d85ce522837
f80f5d605dd1a492187866ff6eb13e459a175c87d4d9793528b48ff92fd8bdcd
16ff8ff8bb971c387be69b96d42a14df0a20d7a17ac700d240d8d64fb5c30e6d
265760a23c48fad691cbba5a793d18195538628436cbfbdf2c1639527174b88b
7a6781040fbc1cf1165897bc560420e216c0ece2a64240fb4aa0c41934a8f501
bd33f7ed1c85288e90acc9879e177d5a439cf5eb6c66a83a781ed41c63d0c31c
e6d6b0cc004ed9be6dee1b3194a5462603260f8f08d5bfcf10f7264ef2b154f4
75cb3e8572e990d6cace62e19d68fdb43f3fcbaa32637d6c2857591d88f2d1fd
05cd4672fb9a3c04bb34db4246dce52e36a710768ea287ffb2d84c4ed9c8b261
345009e9683a6a47288a77c971810ea9491e14731a4f728c2a4a04c2a535126a
775117d5ddc1133ac0053f2227fcadf250fa4d132f2cb0a8144ee588543b0b7c
cd632b63e40f0122ada3c4676117f8422e54887ed10a4357577aa2c2fadd8fdd
1b021d276474c625b3aaba823ab365e6328d231a09d827bc60ad7c7d0ffb14bc
49567753c10484293b0566a779f7a98c78f4fc69212d5564bd48cbf9d55f3ee7
01add828e176b1237281f4a34ce832670782010a91e8ef07b348f4297d1e71d2
ba2fb224ec693e157cd5bf6e91de2a36a44c0143bc0ae8c607ece6d23c43461e
f4e665925c377edde27c13eca434f7de841dcbc714960bf16ed5293714657e50
cd893ed87bb744163591f1b3434fff9586511af319ec02c70a9c4e653c81060d
5e59e47de22e9c3c5c8f0afdb8344f645a0f9b18e904155932f00b9bbf23e819
88ce80a53f090c0c601beca6cb3106dbddc5e6bf034db87ccab792c27d7350d8
da3f4fd35285d4373f3d8fab82d4d74ee309bef45e1a293f3aed57d2945aa43b
da02332820e0b9f4c37677d008f8158dac3048324effdeed37919a74b697b8f4
36a9118d7109c8cfcb9822e2a9c4f5016bf809de34a12f53e05c5dc7462ace2b
55730b4ef6a9392b2b3b2c027b308e7df73732607de15627bb11c4ae0d065aca
c21fe5073a570cea7b1fee5a2fccc38f9052e795fc6876522dca677e2578b134
05136a0e04f7ccec5e2a54dd0e77d9aeac58843e18776f219e09bc14bbc2401e
d97046af1ea8769c395215ba057d99d90dd6b429bd907d250b32e927246a1f51
8caaac8d168695fb35ff9de7b86b2a1462793c959e1e9dc6b6cc0f34fd68345c
dcf7532ff368536c4008ea762d785c906c9a18cca125428042727e3e799b880d
cb4bf3a6064e3c2894570b89cff708146ca7862974542947ceb2c2819d4e4308
db299afe13789562b1032ce46d158f8b0c099020e0b3934881d3857b296c90f3
621b62dae49e3fcebd44ecb58f493433f4cf807b31607c771d330052413705da
f337a7ce5ee26fac6cd55f6cb1ca1dd8e0b0c9fdd8808179530394f21c832796
6a77fbbf9e6c0e4788b63ab611e44b0ba9cf71a5c73ec06e38fcf62b502c19f2
523e06177ae45357b467450936ab9a3d5db7643d44e3cb776f5ba6d9af8e8370
66d6c090c4e70e5ca05a55d09db3180172d3b21906e05c578aff763dce4045e5
fd66c7a0273e3df37e40d2f434ad123ae473b56d0e61c81f00a4d0d8de5ce185
db44809af744b3acbea4dca6d32bdb8c284fe70fba4df8b735d67bda366e27fa
7ccf159f68c3d06d1b3a06081cda9b5e1448e2af0865e1600af379c60b1929ce
c946b1d83016732381258da5eca4296714721a606beda05ee0146b58d1066f23
e34c6e514b45aa23911b75043228081580c93f7ceebeec5746958191e6440739
6c071c1b65ca135c412948683033a00a75a9c95853d056328db82bd59af7b288
b222b4f4eb82cb1ecab82eadfaa6b5716e77955c4a58fae201a23977c5e46449
1ecdd1bf477723c6918070206c718a9c75a07d740ea60cddaedcac2f75e15c0f
813e34a7f8666bcaedfaff205ff55d8d4ec7ca1f85bb4713db729bc66ca31ab7
b731b01d7e8f36bc5a7c11607625d164e0c17104b3d384b4ab8baa40a5c07345
a180205263be800a710f173b9b94bdc560ede039cb5b55454001ef7622d457f5
6c0b83fe2362f52817f6497adad0b8db0741459a1bdb28ebab0d7ded713b9fb2
646d5b9fffd3ee637718e0e065a89d364db7dbe1e4fc39472b2b4861e7d79fe9
4d4f489d3e32ec78bfcde6ede4407eb2113e9fa884e8ce005dff7e6dbda182a4
f8317d6da2429530ef26c3b0d111825b26825f0f0af905440df5129bf67596ed
bf1d424bf024bb6f247d094d0ae1aaca1916ce382d0eb4a1240ae7153880a190
e0adba9c3707037cac33a649fc9014d7c4c4958b1971b542399bb10f412ab245
1461fa6e29aa07fcccedfc8d8839f5342f398be682b39962fe8d6ccb6b46cdbc
d19aa9aa27e0f7507567f33b2d38bb369f0ec81cae9f6e97d39ee8b5a669cd38
7aba7c93932f71ee62533661a60a91cf2d66e454e2c5f4f2f8a87e51c440184d
1dc8dc99add0201c9cb85156daee1c0560b90a291dcc1c0d67919e5b4ef5d0b6
928f37cfbca6ac96f2295b658af92afb0cd0be35138294484a99d6cc2ba175fa
89ee3608f51004bf9cf2eeb42203ba87fad2810f7672fb0340322ee49a2414e4
2ca6737846c9ce4a5ece5ea729832e629172e82be1407947f539130c2b808f6f
68b32700b41a0ce9277b0141c9ec9161d756527542684b5653c7fd0a5d6755d1
cf7384fb573922919d468fadc8643e3a4bbe557c17099578da54eb3c536e6166
f34f7a48b86f018e6d35e298445d4d07846a54a3f061d08fc6fa7c8e2cc810b4
74c33a78b237f60d424f27aafb6a17c2c4d99c44a6e9f9004b8220735033a6e6
17475974aba3ce3f37923b9734199b6a86140e0aae3a2c046a6d3af4d7c76697
9133117e25107b56443352a4d1e625ab0383e40e222636c75a90d756e44d53b4
1f8212c49033259417d9539a81dbde8a1c4680fbd7b457a31e760f3230f670f4
6e0c854095181f4d670fb206c4629aaf31b50358e334b592186225acbb62c71a
d35a4533533113d2a1a9201bd12b9f36cc07849678bf9fcfec9654804aed0c19
5ba7c9f6e6fc4608c8e69adbacef694d77693cce167d81da6b1ec7ed847a2c0e
bcccf3a430a76afb036b2e3e9528ebf38174ebb30eadb51335aa4be1dfda6a3a
35e2ce717d17c8c515a22f199e98d6550d4af981b324bbbc03f67b9c13838f5c
3378195d41e47a6645be20e70b3315cb4a629cdede3d97188f8486c3ffa00d24
e39b41055f1b204b517826e346c7395c110d5f9094f87e4e1bd5bcb0dddb5746
901f8536ada37182ec49999e8573a0266e4a83cdf4da30223f3c26d97371d207
ca2381ca09e44c49c4ab6f2839cb3c77db5fab8afb256cf671ad14061df45eb0
67a489d7727dfb246409513a4e7b894fd62669781dbbb9445b1d9f373da09982
8990bda1dbbc7de4b6bb9fa524bdc285b8aa29419c9a29d458f2f8ad440195d8
66a8fdcedcbe7d52fef167e663c6dcf7093b4cdd1c93cf24eeeb14eac720e285
e1b7ef9dd5c131f0270fc5976bb588f779dc0bf399f54c1957f61673e33b9c60
653d6c4cdca7d1e01c40f1f190b442c78fde93f3e073a65240f49d92731bbb84
53b97eb336b17b086a05eecce0b6eaa815c94dd78d2a4db39be016be8fc788ec
16baa4c9a9aeb9da412607f5d8708e60915bbfbb09eb367c98e9e94bdd5f10e3
5e7cbeeb6833f71c3905b68adf5ca43caa1250bdd555b212bbb074e3f7b75b57
c229a817f4516592f6b2f755af6e388d9473a327d1067de0baa50bcf65f5bb7b
a56259b2b7238e832a5f466de3e705f3a415b74794d3b0f9cee450ce545a06a6
5d0da11e4d5efb945f081a8f7acc67257a46f5b9669ef7c6119515dcac2c23ae
f0a4470d6d5c252bdcde9c3222f8876d0bfd3017f30216327b9bd96d4fe9cb17
4db6f3c3f03371be033a7a768dbe664684092862323d5ce9b69c7f32d0d6a500
8cca38727a6473b8843ee4c976a6089ce14f2a092fd84b6d9d9684edd985601f
c68ef281ce6df709deda835339d844e35e9cf3c235502d3d8736485cc6f91307
ebe5518030ef026cc04ec5a6bd028cf21adfb09c7bcc0cdea630c7fedec230be
4b7fd6545c76ab3dea9cd72f571e066e0a2a154a8d8bc6170851341a76c9ca09
59ca471e48e534d61b98bb9c3e193ae07a04ef3558db1981b75c277164a89c5f
bd0e2d3e154fb537fdcd8809e1a76857a5a15cc4eda2d66ad7d1836834dab6d0
f04ef2fb99f505aa673ffcb6f9b73628a48bb9754e4431c2000f97821ecc9de5
4908bb072b122c9b0528162b01773c6df094e37e9207fc56db13de97fd6a7b93
61770cff2908d21b5d0fc53d2518f4819019dd6bf6e79ee6cfa81546870e49fe
d3481501a662ed178cc295ffe70e856c72ca369b2b1225ec9aa65f85fae814fd
eadc146341c3f3f7d552555e55c137c1b80560c41811414fdc710b1d9edf529b
a66e65e4ae5fdb7342b77ea563769e7b45edfcbe575c8868ae5619c8ead908c9
04859b8f687d260c92b1a5543a4c55c813e31a2f47b93ea06c696519690e2007
e2e8ce8adf49e0b31cd64c6ff5a52bf49f4c4f394d2266ac7c908d5a25beb537
d8fbee9f0121738a6f6bfd0d9243f96790ea8fe73cc285c3b4380fab6c5541ef
610fc59fe0b1df24adfff03c7d1213a6bec65e44b93750df696f67fcece60644
73d38fea27ac7634eff9a6535ba2ec31edc6b5459ea0f5cd6757c9414c7c9cc6
48ac00d32a72f503ae1aceedcc23d40f4f2fae72dee1bb6c550e8f51b7429089
89e31902aaf7eeba659c92a766f42e72123793e1df4df645b7f9255b35a44b7b
d9dfc38407fd2a25dcdbc56be900937f711747a99403697ee5ae87477732215c
bfbd43fd4739938eb83b3627206b85acc3b7eada5d1898161283b942b61545a2
3bf91ac65288daf6264c30b9a1a3de6325d12ff7b0c5acc4add99ae0fae71b22
b7424a35f99f12b95632ce128f587d8b1b3c7cad6e2469fbb550722ec1357f21
530629774406b0d3b5d093f8f5310b6a4ce9f64340303c3abd8a32785ae33331
5a67f3b4eb8519bb5bf36af7ccae4a3fadb2700b3812c5591a2f7079a4a21659
49e52162248482e63814be44a4c45ffaf54cd70e33f28da83ed7123b04919e8d
d7bf1de689825b858f21fb17dfe402b296e7038e04180423569462a302cec3c3
29f8b1b6f384c33a5e3855765681d2c25ad0afc37704577904c3cc19a82a87d2
a93454182e6012918bbb5eb727bfa1f0a7700c6ac88498bb5b68609eb1fbbd83
e102ba15ba61357a02bd6457eb4e3bc24f42187eba9b85897806c3f6cb3dcae4
3fcdcc599205ad2c23058e48ebf4cf36f64d7fd352ecebefbaaa957449db4834
d0009846249025ea94e74f2840c88051b434233f79656a3486605fb104c954e3
dde3b1e5b7d6e2932062286c8f999dbdf39e2ac37d30ee82df53e79a685a75f1
beccd74dfd8e67019231516a32f10b74fdfdbd3ebd4f63f61903f37adbed0b2b
5690c278a5da22813b7f7ace3731bb115c790caf02239cd9dd91c1f567aa53ea
0ca748f8aafec532c08196f4e5ca96f5bba3174180e2616eb4500ad9800e8155
3d5f1c24e6a2fd43725df0c13a4b437788008e9ca2b7c8cf304cbd8109b93e23
6579afac250b3025c208f2cd0f22ad2e8ab2f9c193e6c0078fb04f0ec30c38f7
7ee189a6f69e1ad7ef1220fbde482981ad494829a21e5271929e8bd54bf052fa
2df4e62f332c6d7d5f8bc6d20f4192df384ddd3320f4342345496c0e8d1319f2
76379ad8eee614f22ba366f9152f04c15af3df6b2c45344bf2c3243a03cb62a4
76845700c2d28e6f577c9e4f2c331c4cbf56a484ed01ef07d148bd517969a6df
6fbcf112a081159e86f822a7cece2beb5f47ef38fdf9da0f008de213c5b859b0
bafb987d8dde48831a89db6b43c8f76083d09cc1d48927659ae54eb7034b63dd
ecbbed48251cedb08193230ea3165acd2e4e157f52d71f42fab4e0ed71fd0584
eacca6b23cc4db9a5fec550b0a292e963af3f4388f9e2e61823d2b3258b1202e
5e111a4a2f634583bba68253019aeb11881330be3031c0f12349fab290f48ab8
d2154d2c276ffed3791c453066ec02aae32d2fdd9d887f625b976b6b81fd95a6
e37a1c0b079a7860d3d464ecd51524350967728cd346f362f552d60b071d7770
1d58fbeaf0c04e70d6988081c3d19ea8a277608b4b75f162f5cedff84505e054
e31acd07a1b7d47732d14618c65a1d4e18af514eb6fd50edbf076314c6dc83ab
ef52cede3309126521fae5aeb0be2264a95fc0be0af05673b8f6cf7e5a0a551f
1d1175588164e8df1ff24e92a8069588ec564266679f9098348a14c843ccd35a
48d601e47267a2d09781e219d06a789a31f6bded318da2b83a797c7744fea902
d3e91992b155c1e6c34d5b1c2fdedb3d96334e7f4f7436710953a002968a6b7b
7a2bcaa65da5ed4fff93d061d365e416584ff4cfd19dac74b246cec6e24790e5
f8ba567f9b1c335cc8b91581e025588c9cbe8ae1824b824bd2e7c8f84d443b7c
fb3e170f2b05f390a213f637492b318ef7f8badc0c42b352df007dbf7cfa8c81
00068acc0e0d67498ce2cd60f4ee0589a156c141fc0324453ec4c0570899ef36
8cee14435d7155ca885d81ff93cf864c1a6db8610bc2a75e54295bb4565858d9
78331572f78be4adc25020f520f56b6888238c9ca0b6055ae9676c8854281a27
da8eac2da32bc4d5cf5e541fbf5c47aeab7ced9418546e4c6a76116e412d03c9
c2e82bb74eeb28a0345f2be006ab949968c9252540d65f6997d8592dfaa11f2b
3d52cf5ea759992d0cf2a9e3dca4e20c57fac43f4e4ff2c638523af20ccf328c
014a0a06dbcf1b7bfd770fe6d0aa0886826dee18326e07589af33fb1541c12d3
57cf4946580643ecce25e6087a2aa1467ab91cde8c2a8766199a044cde37899e
de89624eb676f8999fc8681f7628c0e0b191f9f63550e26be3c542ba3fb76c4f
37f87438e30d8cf6d0a55edb8be92b0e9e4a83c7f64dd4b69760096e7b0f06a8
a8d513361c31a1c6f1fb236743ca22267af8ac5c97b8da8c310fda01e581941a
c5451829ee24001910245a50bc79817157cfbae60a11b5881c0a730f4b1d8e7c
f4abc32d7169ef9f4a6963ef670203e392c4d27473969e719d16e8a621f7e8c6
6c956644272b8b07322eee6600640bd145444ab47759ec7208a120a27ab93ed5
7a57c07341d637c369049a3664d4f98bf2437de021b5516692efae4f9e787f8d
ecf29554a2788ff5a759a2cfb4d509ce9a5692ddd7b920b3d4af476ee15368ac
3440d72d0c10ecfd75118869a2a0ef0045e6c36d858630e1b4ad36cd0583f73e
6e1bfeebb2be081b2667dd11f57e51947cc454ef9023d6f8202ad6a67b9bedef
e853c461cdb218895d9e2e40945afb1d0438e08da1812fe79156014c4ab08e00
9ec4991356704adc23a120236eb87c22e148d66a33b8bdf060799eb35b233f36
8b91259ae2ebb7ed86f720c01c3cf75901fcd7b39e062bcc5ff4c2ad008dea4a
cdfcdc3fd963882043b4eaa47f3a8095fcd2832b674d5fb9bfe90f4193c37e6b
5530a7bc04c2ab5d6131ccf06f130d41c81f4c644f75804ab1ff2674d88c3b0a
1bedc0b00ecd73d1c6c35cbccf1a9f88644639f4d538c6f09bc25517b9c088b2
d191ee10ffb01c1d8f133468514d0f51d81d7c8a774e265f498f9c9fe760c325
273cf2d6e1050581d0dc7a54ebfa5a26bf52ba133747b73b59223287d6bb5b1c
353f71d0608abf4f0c630900794e0c9a3878c5dc3cd0469e478257b665c7a7ea
b0fb27df4b142879850ba0e757973e17378750f926979cbeabcafd04648745b2
43bcf2727d25e95a25d95128b8d7cd0da2886f5fc2f0e0226077173de93c7fa7
b25f8ab2dc8a90755b89e5181dadf4a393622309c3aae73fca28c8fb6b92cc15
4a8abf97f1b7bdf903ad24e9c20d841513653826146839167259756e620d54a1
346671791753e5e693da8d135c67dee8fc83b2cad294a569b8af36d2f0bcd28a
64a34dab0e53c0a929255140f08235595cce3d65d7862b57db3f3a84e218af1a
8ee6a9d8e1b6833f45a58a5582970f32f222d7c0242861efd05b42c653539630
1b9cc73798a347ccd3ffed93fe09861335f862df57ffebb0656828c63e69864c
e2fb808cb65f2e005b4f44cd1091a238163cb90977358f1e4b99a65abf1ceb5a
b21f8a522025ca7f16fe73eeef7397b05c7ff52907e8d50bdd9cbaab56da0491
80759db42af917d7b5bc996ef17c314cd4de867ab3f233048cd1e34f24240338
5840c646292be6530bdb1ec8cb6ae56a56b09d7f46c0045068c045eeea9cff17
3c6cbd381c170aaa4db899cdb3fadadf5f95ed6fdbd70fc68137a8f09f86932b
c13fb146bdf9ec191ef52f8e2bb99aa608f6b2bad9df1e40b99d362df5ba0bc9
144cf4d028a64fd2ea677659888e0d4647efe027213eee380ba0a063ce1b6b42
417865832e6689d7799da10a6262396bae1ab2ceeffa0917c8e06482bbdb55fd
4f349b2262bb1b793e95677487f84e779f5fcea2085882799044c568bc941783
752337513ab31d750e896cb31762d80709bbd43d724269b94fb378fed60c8e9f
91026ab658bde4b502b5b40d012982397a28bcfc73746ca750e5a5e5a7582d97
4721de0205f715a6373d52815abdbf0d932e2e7ce0fe69faf92ddfe876fa69ab
db0eeadf14ceaa8bf5a11e710a442ffb26e5f191a388c8b0eaeadb15ae3f556b
f7452f745327354dc1631bc254bf504b391bb833f7062831ebcef1e02cd1d2ad
e90b78c05d2a8628cdc0867638a89849cccb823259f3befd57ca968af4c332a6
971af89ff26209035826a14da5752d170adc8d8dbe1ecc62167b5ff6d97506c7
25c28fe3675a3145178456e196fcc2f1fb45c416290154d8297482dda5a404ee
03fa948da47172d74f87e4cbc5ce839dbcb57a7435bd50ed6f6b94189098dc0a
81e2c97fbd43fd08446995fb74940443161225fcf03fc547e6398a21626057a1
d3745d29c4d2296956922042b8d68d3942dd051275b4ceaad2d04b8181241f33
54fe91b778738a40ac6e49f7be8121ed3cc76bf9a14670051f6d63f7cca9bc67
a2a4bb5bcdcee21b40706cdc8a858065f87700d26c89bea5f41fce573956c458
7e648748704a33947c756a785125ba86b358a3beafa90b1802b2e5cf4e057101
c496afa3ce0aff7cee434d383de6dc9fb002554519e30f9e10b5ddcccdbf7881
64a1fade6fbda4b6464f38a8c096f174d23ce83c47ba6caa0875ca9bb79a27e8
bcf257be343863476829625888841b79602ae5f218983465b180b4dbdb52aa8d
fcfdeed0f29ec518b356017a47d172986defbc5739606d8548a669109dcd02ce
104a70b55858d0969ce980580d70f6737c31d460672860d6fc5b143c9dc09f3c
c8975771458e52d7b6f624849abdaf85b3f1acac61cb4231897d98f7d4b4f80d
377648455cfb7df25aaa09c8613e061d16e55cb11294a07172f28fae87e7f518
e6a2b900ad964bf0c0fba0dab9e675b28b5e6722d2929b1ef8009dd3800402c2
3437b061d6dd723f93f6ac199b2f9a17d3445f1942a44f737a3a4b25b07c9c12
91a26cf8a2713fdfd4aa3377d7adccbece39ce354ad342a195b5de52700342c5
5870e3d70bf5db0c941dc881140ee60127cc61285df608ae3b5bec9af4c08548
fbfdbc6c2503f5c4ad8cdde51ecfc547e4549cd4f125db3226fee101a78c5268
0e04f2dc88d23c07de08b2d22d70a471193e6951826899a8bb63f80a7c704fd3
b7c84fece028fcd38b9b5eb76c09a2953c2846f8510a4599603822eee078e5ef
7d2f82ee6de95b39b8e11448adadea03bb7f14f0b8df9a4561591644e9267988
195b7d387b6211561602a59f108bc1a2fbc68fbf34848eff804e1c3df417a545
68d62d1e34e06929e1f15387d7efaa6dc91fc9aaa2c598b2939a0f898324ad52
6069bc80830b16911a21943a1278e0c1cc2b1cc282d96ea2a7bf14ee4e23ee34
e2be9731191b62f6d4e261896b9c6b8e9c8b99924fb08cf5e10778b223cefe43
498e8cc70f1b3c491f15d585ff29724be085c4a21fe88b8e958a7d5ed72b50f6
b9ea427c5dc438dc8ffce99f5cd1c643bcd2d611472117a8641376b43f5b9154
4ef963560bd9138cf4b2708f7d5b46852a281fc35576dc33f9910ecb3747fefc
83073de295d82a33e0d950b45ca94421bf998795143b16e01caee936b5e31bca
2a49e9dd7497f5c949d70de6bf3f7eefe5a0d47b7697e7acda57298cbdf19e4b
56a957912790fe57263b59d1259a35ee36ed51bba4865a57914c167fd87456be
c684202a5e3241f0b2eed8543c4b13e3656594bf493bf009c4918a1dc769f465
8a417befafcb2a24d95155e74211c130439cef56230b43bb62a4385f4a7f35c4
f96f650f87cf5c0f3b89df9b18932828a5fa0f41a510e2e05322f35b2d9d143f
b0135008f07a43e07eb5011214770ad6edffd9e45992319ab0a4407eee6c38c8
307ecd5e0d8db4f7e7e4a86d6baa87e7552ce73ac9c0bd507cb5a6b2a56effce
f3b1db2770b046532f99b6a4c53a4c76f9d1d6028121bcf83196039b61d4eaf6
4d223f0000e1c813db506c4547a14dc97e84e7a18425a7df2e87dc93a1ad8f69
7a69e2721988233576f0bced8f5154064ece0e23b3926efc94734d7d9d8b68d1
fa73b2b152de8b81017391588d6007ccefa590796b917e0d3839216875d03af6
52dbb7de3be9fb2df8d70d9aad2f814b0615c47d1e807070fe8c8f34e2135614
21968eace107a6fd8dec6d16e4a1c0d592ae3da2489ebe3f3d73da7d3fd020ea
e4b1bf35d7307f3bae724cb2d8459bdbb480c6ab5cb2e5c19b104747a1fbf2a9
1da3fbfd1c8216742b33ce9fc981c9e91d60cc78cedaa65ebf0713a27370f343
26f7d166d222c98abd23a2140a6424b030ca9aacaf62daf8bd1e882890844cb0
00fd8de7114999a15ab35857560268954c75bb611dc2d654f1b6b6f78d48b11e
9ffe32c783d95e56bf6053323c8f419d36e36c64df2a73b0079c65d97d13a3b2
6d7bc667fab39f0d16c6321eae8b2cc5f9d375867d65d9462191b1f7d5f004ad
d64ff08be99eaefd4e7ed64d345d9f2f0bf6700a7ff39d1b4a53f78fecc33316
88a277a351df9a4e0f60e4ec31187383b56c18bfc089324b6ef2b730aa2962de
8c819262bf39202bc30e621fba5d4d1dc012dffeda20a39e8f7353100e5e941f
d69fee731a40a78ace0f7e2a0820ce8218189d7567dcd4fd8531836012883628
1c3f74ab40515c829f7f8910f55c22cb89d53a55b1795bf9f0b34ac01d679df9
d0358e14c73b5de0a88c445d78171e16becb1200cdd39031d8a38a84d9df818a
5e84a5af297f726ab6209c90df006e472daa0991796feb0dc6bc4b519503d619
eaf2a6df1ebf95ec9fa17678a17f389b66092ac343db990f91244c219c2d917b
3c923ea1be9ea8bef56586fbc9e9f5c8a7b15487327369c2c3b7c9069039eb38
8f8aa0fc875229fced2158b518596324cbaed5c1d0d7bd56ca4099cdeedb0f2c
889b04f104a020fecaadcb26862d5d03339868ad8c7d72479a36ce8315ce6b71
e67c574ab93fcfb74753043be1a312a7c17f11eace2b1f1e8321d2971ecf2ab4
2b887b2f87d4008e310b0a7e61c9557d992be1736dff1994bf4ff98fb676941c
6bbcfa3fd6deb068419ae1131842309577f5df35c2cd0715593f06574e3cf2d8
3170a027f7eb1737ea17941f71ce1d5fc1b1810111bb9379201d2eee1d2640d6
61228038aa260a2b22b34dae8782d58b9bdd32887311f7b67a43f3e29dd32513
262a998a301526e120f6363ee2d511047ed1a98b457c60ae8cddb37bcbde32a2
ac51b17ba15ba8b87cd18dad32880cd724825cef4e57bad05f23d72ba8222e62
fd9f96e8b3cb66177d2aaab7eb60b85a6672c5fa0387a00d1719f130f2c51337
13c1d58e6e7569c1b5eed0fb4cb6a1dcbdb7aa19b2332b9e401da3c354f0caf3
a7ef67993c0ff73d32eaca2a4be017699bb3655b652a0b319d8fbc5f6d71a3a1
11159de4fe1a18163c20aabc3208609d8045a897d74248bc9a315c8b20876e38
a0bd6365e460b9f27e897cafae9b8a594f50429f4e72b0370f87bafe46b12b48
15389c4e8f6b8d8ec9a7bbe4bf077bf5299c47b43c6b155b43bcd434d1d4a485
80901660139a94a92f1804fe652232eceabc9d4093be1bbd147b29fd20b8df6b
c1bccc725809697055ead060d1edd57eed1b41ffd472f3f68eb489e58d7527a9
3a6c6e71e68f1e8e042ba8f450568d9e62376e537cbcccbc36d9a2f46b59a923
d74c1a8a2d6110a024be8163d65e384378373ebeed213c3f1c270cbdc1a94668
9280872e3cd8050e015299fd09921624207aefbd73c29d5b2f4c9f2780cd4ca3
a1fbbf92c581a74edadfa746ccd1ae6a0eec9211c6d1677fb47026fabc3db4b2
4ead52e07d461bd7a75f1b3062ffdc377ce8fa398ed55a0c6145e21c6ffb5f0d
d7d9b9522f68e77af79d0c2ba12594d7856717da1c393fe35f3cb81f1a13a3d3
7c975f28376b43de2c3b8610b981d2084b5b6c583bf43c350f45956aa869977f
0648eb6f81c8654ac20ea2617819beb61d57d91766878612fe65f480dcf92309
f747a22e7553314760f086c1d738cb10f5bfdace724734099239a0f847339753
5dcb9eb23d7dfe9650f660f7fcf1a8aa95908e8a996de176495c6ccc9390d785
84f00e688ba86f9e1b2f090517babfd3f0141140d7eed8a3e71837af2a6cedf2
ff7e35d48d2387433ecf122b568f7f3c5275ab72e72624a56a37732ebbd1fb9c
0b66eaf58dd9aeac53af2b45f38ad06be89690d984b0cd8cf7c938239345416c
f017110f68bd8c06ad4606f14cb1ea53f615d4bf326fc9955d736dcdde1f70e3
1d32bcac72bd8ce6ae8a06b00e636ea144a3eb01002d8df6a01ced3be561472a
0e830431e0a61377e1260694793d874d55a743686a06533bffc772fc8e5b023e
27aee71698a8994ec02c8a1a0aa9d1958f27ca733821e84284d1f091af355cb8
b0aa23502867cc576094426de5dd36bdf13523ac01149b68a7991c717a47cc68
31bd6295c23e22a26424177f19095d571dde64ae4d3fda361f724b49e1d03234
2e65d330afcbb5ba3426be7a55005e168fea28bb084b113f37e67332c88b0b58
6df6a3dfdcd3d2b7abb97257787d5ccdc3de6f24d7e946a0894b4c0c3228728c
527828289bdddd7e540caa3ccc0d109be14cce5ceaf4d0efa92e0d1c675f3694
246d7c2a26415123e4bba4ddb0c6349903b0481726d3aa3a01643254c020d4d2
bf335b34276a5b77a2413b5924859a78927de0397135de452261effa516ba56b
18eec0c72e7d1006b83620aad230409f62a58ba10e07dd5090e3037d59cdf0fe
41d02dd0306361951b953213f5e99bb3603cc4dd91ae31f77907dd2ab32013c2
cf584a053aac83ee494064e2cc5377cdfe31776cf88fc489154f39abf355cb1c
cb97e2c6cd1c87b949e4fd280debb6bb4915016dc6a88a4833bdf5ef7ddd2fb5
2cb611edc23e6d18aabe8f37c8b95d4189dc2464fa2467ae333452436ba3a3f1
254794a888890441b86a35bc3d06439b76cb720d02115a970103c7a6ceea198c
6922a8906912a4dff8b59dd65b1743ae6541861fa99387cd37a7f63ed19aeb49
9e1bb609e4eb698f557c3c7b9026944a41745996741c12a35f20e4a727a2665f
8a5e0c797c8503361d196e19910eb7fbbcb948377de96208d65a2f63bdb6dbc4
74b7a91d9deac70fafbb24be7cf26920a969dac189f72acfa30447bcec78c577
5838f8f9561a20299bad478a0c4cb1b4afb6b11ba4a29735078a2a23abf9f840
3bc1fb271786e1bb9ce058954cd1d8f68ea4fbf520e12fc960721afa9133359e
0d6a10a23bdbf35c4d0577744cb8a6eab6c3bb8b89957f27f40b3e190a467925
f38568d45c21aa211f1d2947c7b8a0b95e56f619c62cc21e0de9bf3b37daa1c9
51a654e6393b7654553479921b0bece2c65ba1afb50cb3a2c1d1b51a4dee6694
635ecb1110148e76caa28825ff5d25e170d19cba46902dfe38318709b23a2a03
604dad4bf5d71e1eaaf6e03f9599827dbe8173c2c8f0bdfa6d236d2a31c92da0
317a2c02fbee41230db3099187413794c29e1f7e37b50bab1f217db5f7669451
e9a7269e1eeb4207257faabd07dd93d26f4dfcc244591cbcf7dceee6b19f9778
1b29d704730c98e7c62f1eca83e9332c9f2b0584b98ea1ca3ef381493be5dca4
e322b31da43aac77598d90168e08ca3f11458681879da99888f0f35e053f8089
ab1c92d81cfa404d71d814c6e8bd6b46bffe0fabbdb1099f68e498d859e04b91
d2eb2fc363beb1c03f5c42af741eb83ef5ba6b9bcf5eb7045c73d41d2f456922
01447c1bff7230aab7e45f44fd2b95394c8c4bab8151eb1bfc8999cf7d388da3
520817f25ed009112227642ad000377595bfbf0c4c2f51f1b4cdfdce949a1d83
6cd076bab0743fe4d31e2b1eee13eb3c58880539bba251b21f7446814bdd0587
46d1d1b8f13c664eb4c824b824faad59fb274235fc92c9553ac992ded6408a9d
040ceea7f1f0d99354aa18a49135d6bf2a629e5787df70de29e4e5ff83e2c182
d1482a9bbd1fbf088e0d488fb8dc5ac698863157cfab6e0c565142c5f3570572
f4e3801c1d98a7565c021428a43495ae7ff8028c21f4b03d5ae2bd4d451212b6
7b7786966a1e387049f9c1a73f1b1f8e83a81972ef5b3ef8fb3d10de57fb6640
9e0c3ab102b64f51c84d9b8b00453c713e7da608a60ea1d07f30e4f75dc22927
7af1744ac77a794a43117804a54bb14b73e5932c92a43b302fc81feecebd888d
82e8b301507351957ce529f31d1e2118a5046ee25fc6ab1772d2aa603b9f3f97
1ea96f6629ea26884cadef8034c2871926b7fb67db50272fd931c09fc9764f0c
04adfa41ee95d98491de870ce61bf867077a6c4be244759096139718f875f839
a501bc15b87a6e03f6c9136a9acf2e554fb5976b90961918c987f3c58edbb852
e32bf9b06f84c53d7de678ef721e66844e3146ff59e85c72741b78321a20fe72
d900c53a99d0527cc8912c628b2fec82a28cc8829e1f6185eeda9e3d09ba02d0
cf8cd069075c38a9535862103e40a1779a78031591d60c7e57d7c0ca67aa9db9
21f118ed67b5f21b493a364eec0e61e87317994d1d91707b7d984862ea7514a3
b3bb67c1dc3cde3c19ca85382e3e297e615ea6f8dd244afa754d229e29073e69
08cd8773f9911981aaf53eb9f9bfad095e81cf73634b0f04daf6b1aa1c737a00
dfa472ff16294ca50bddbc9b6b6e57acc5428ec14c2821aa7dd79dc25631114a
814e87c5dc0bdc4e531430e34c7117b111e30ac53b75f899d24a144b68f3aa1c
415c84fb4d089683914f8818ad82f423fda0cf74c1520642ea9b64abbf4d6254
94f5127c5cd598307f47a15e77d6d346c3fa03b2092d20af332963eb46269edd
b28d5cfd0fb4fd5c45219d3e1049c95f99ddf3291c22662212c54a6d275c70da
c3978129e989f4fa857f51d178764238d56a1a2bd9fdd2224f94d231121f6536
13a2ced755fccad9937d06309f1b8aeb6ef7f5b62e474f71db7d52f1b709ec28
b0929d0e474e89c2c305c12b9ee187ebb380451786768d2741dcd2d7051ad46c
8fecec46d348d21b655a2dcc84b9cb451f5526f7870e8f5a6ec0898aa8fde970
aa7e43945fdab44157dd3b91780b24c9692122cb73a3729eca0b404a88a9fe9c
d2079181b16f80ee77eb322a1bd88bd5923285db9e8caf84a16ec353c6c9ea14
40c6e538c603808bd86f7b7ea932d9e221bfa28d6fd08c6caad569fd9bfcc378
6f5faee1c32d749f59fc3d51612b9f6e3cb2cf5ca660da56c4b69fc2b2ec18c4
3f41de0cb426a34d4830c386f581c27f0f835ea5f7fe61c4bd08ab58e5c7fb15
2fc2d083fab8c31cf8c738b877cfc8a79e4c32f09145ebef158aa2d95a6cc565
2726a6dc6cafdc0e2507b5010bd177c5719ce494270ce0cd0919d7790b788bac
940d7dccd7f32b6faee4b18016fa0141fb064126ea15e70da0ebc3a981acf20b
44d24f23aad1241e54e72945bcf8badb6fdb27364795d4bc61c472b0bd2eb1ad
8ee533e3cbffc5245351693b81fbe9c992d7e1cc2ced2c504bbbb40b4af64e32
c70800c14311b9603fc94ffcfd74c7ebd476a46ae1c71201eee6d9b26b96a721
144457b3e16ac616166bf771634c3aa4da622be38f00460360f9d6a361756ee0
ae0f22684e4021561dbdbd1ee0c13d47d002f682dcd9151c225dd540cab2bb3c
6b536c83647eeaa2c3f119b4c11f0f96a813200a95294d900ba430015c78ffec
380f086c0d101d5299a93de6fdaf33c0b06d77b773c58f0accfcb623a479b161
da1c89a64616307a1b588791ce0abe67cf1f7cbc53be6ef81e28dbe6fce23871
2a90bad71ba5ca632d2047791626ff4e00d4f7e59f125f7a3023bd7f2dd71866
e7c0e88cd54ecef5a80cf801b9cff769fe20d7eadf8423c5b9aa519b29eeff84
299cdad4aa393a24fa66680092406e4036eb1af0c8fec1b9f8c9036c1bf302c1
873ac1fca5fb4b2a7c00427cfbec4104ac9416068eeb545fe40e8f5ea25c7d81
3ac5e25a9be8c8e20be437ee09b60a5681db6b4d736aa839a4e81d264106c689
bb2590e73eb16d23ea2d2e4511d8ea96dfe3a1c41b3797c1e3832df50ad1b55b
0d2e2dfa986bcd1ef9cb3cec13ca0580c64162e63eebcc1ba34ec8572fad7a36
5f0aca6fc1b1f904c77208349b84bab332cea3126ec5c257a3e85709ea722098
f39f597342dc747c87eeecfdd99979a542bc954c017f8e6ac75870751f7ffbf3
03539f273b0356ee2d37d202882ab818a091590500028ff97054b89851736288
1da615c5b1d98a1b68cd53b36902385b2139322e3e9b388216a2f0761ea05ac7
d2e33d7dd04f283ceb8dbedc0f9b284b268363e5610b35eebbb97f6b927b77f2
50551d5ddbc65855c576e4d8d60567621d044cb6373f15a5b02ac82fbf236897
0b7c3c1479757e064211144c1c31e4f4d021604fee282f55b1ed7b3fe9d2b74a
e75d4d2162d88e18553fd31ced2c892856ed6724b113ed9afe660d1f51379b93
2a9b2892918aef488d182423cfc9a2b0325863ce136c7d03b777de080599126a
06bf66c4fe9e74a313d3ae8f447a8be6230f5ccd9224c8cabf7889221f3fe710
9db83c6a6fb545b0c2dc820f1861103a9746392c4e908333bf89e6262130e179
e8456a12ba6e599e684f4a49ef30e95892ac4304df11bac7b506328269f6af6c
edd20772abea605226a6fb26b05216423c52352754262a2a82d1c20ac9a0ea9b
9e2f075e9fc820c01c1325c13c851ed1ba240c7b69e308b14f51340ebf84a839
3bf625dbe44b6aaedb4cc0899228ac870cd9668552cd77d004bc5563532f831f
bfe454fb237a44a5cc862aed4365ac699a73751e3a267d929b71bb23a633b9da
47f9e5c5323e532e94a6620b5a1f575f9589a3ab19168307b0a677c6030791cf
b1a12670b989fc660e06502566645972cd31599617163aa6a9a25de7f8494e79
cfeae44b3792de6af134e48c40732c7f8c3df1adb303fa7a3f8b387a98553333
5c3aa8c564776fdbe785d6e80bcb8daa67738036da9698747a593c1d15466a38
9f618ae8aa84bc0f2718175f1a202a10c0a6901c2bfe21a440008b10bb59d2cd
4ff9713aa4663465761b0c74cddb5ca12db17999744548c406b8d71bd2cce383
64835101fd163137502cd46e7f68e1da59e81948c1236da847072d27b8f8a11b
bff21c6e625ce8214d7e7cfac88ac125333bd133c6faf410e2cdd30b4baee712
36c38531ede4e92af3f6c5e4a22e2bbe13c72e5b790be8805ac63b51049ed49f
9203daf4c3afe909ca71addd02efe9d6270404d09f0a68c5a22fdda7f3cfc87e
67af87c2b1cceb7be31ae42cb0150062219951b2b55f7f33c08c1d75b4ed17ec
f6e63e0e69e53b1d8197f2ba99ce6774587cee0e7a6e80efd57b24d7cb6954b6
64d856f5223842074db07ce617b0a041b63f3db2649d752f49dc7a2b30c5ba97
ba919a90c84efe3d19e005a479eada2cc941d403e539d05fe2c25ba1c20c8092
5563f749f8efcc3be1db3f1eed6141d59930eefad5d37fb58d5a515cb381bb91
52dfeb625fb1c3d5031ce5d59bf6ebae5d283f16398034fd66ff889e70adea4f
a3ce751f0475bf7b9986fa3d2fe16de1954d603ce61f0a9445affd0660a9007d
294ec073e1797bf9dc66da410f04b5bbd645826ac9265336e3ebf7ff28a89f9d
f7a593585b49e61c23492c6e203e3c22387eed021a6b23f62944d48db42bed7a
f9f8c39ee34468b5ea2f98e6da76d0f6bb7700d9a5ca4853c96ba30626f16705
3ca3596e549a85ee008ba65c4cbb34ff48af3c36ca7fbc297a6ae60f8c75bb21
d026b7ff4adad575a1ed35919c9f4e5bbb4d86211186703bbf7b1ec32ddd5644
f4c82d5e6b61f4b95be3cbb184c57a19f7463eecbbaef76493aa1d13995c1df9
cd48d05a49d4bffab2f2a33785e63dbdaf4f190c03513112f147f44d4a593042
1d9c43cf91a905f985a3a83794255c48ab253835bb6d660d57393ddc676eda8a
85a459fcb58836ddfa2160b0f5f4c4fa5385fed7a709fba6cac6ac7d5ea07d23
64b700ab487f97ecef23d351188bbb8fe67914772b8ffd2ad8278773969d7bb5
700e76fa8a6540789ad9168c5ae3c6084b5679856c494d8e318b8384f21cc595
f25571ab662bd8ee17502a151ceef68576ebbba7ef3fc7c9ac38e7b417e64901
a6b82d639dc8b392e0366ac87a7605df3b42eaca4351c0d569d89b0f9c658d10
7d59e029b4c5aedfd0508884acf3ff51f7a01ef7c81cf378588e5c569c2072d6
5e64ee35a3dd92097f98f1ed6132c0113237777b6148bb3fb373d57692e1dffe
83254823db161b2ac428c2eb1faa1b622e1d7e15789c6fa20b1ab9f1ccfa5efb
65630b64d92cd7b5b356d172e68119123875a1dbf689f11ceaa27fa19b507695
b09218f9684a0490a093cc2b7d69bc0da8c688f3dca830cda777104900bd3f4a
5ce331d1e5117a5ff93d3268748752349325624a070db53b44a3aff4b87668e2
6a98e0a6eec806ec712dd2e8ca1d18355e6fae05c2052723f85274a5d63aab92
01cce95278ed4790f4aaa075a011a92f368656a5d4ca8f3d281b66eaf5757d2c
8231395ebfef9e63cd628860b58eae4e3b4c2d4cfc07b042bf139a72940a254a
2ce587b4336d6d6de7192fb215dd2141b4e7be5b7e2191bfdf7de4255805bf7c
8c9dda81e609995610f99cfe7da53bc6c90c67212fbc20e8a1eda20961dbd017
608c9e1a16c96eabcc541d28207be37a9e0db664fd438c034112b07af1b16c0c
11d6d6be8a36b28bee410cc4453588acb68aa5759efba6c8b550b22a17d2979d
75be544b43a35d1a5e5c14fd53c6d2dd6a607952c310a659d14d6829fb766bae
198d91ce6445f2d6afa47191f04c4d523ad82f77a9cc081e5bec9d3456f2cd6b
d211db0592382f6c87cbbe2217d1cf2d92d7c9b76061c64381381469420460fd
d6d2fa3511f0cabc85f0f0294f5ead2d71347fd24c8a1b36d8dd604f268bd6b4
d5dce3179202904813f0640cce68c0e12a15fb62aafcdb4d573ca184f4edfc28
c6951c9ab9ccd39d43ea3715b07da74d26ac7685ba4362f3ddce7198f9843564
d623f54d8ee0fc7363e54de504a8c11c9a3b64ccffd1d091289b1fccd2772cc7
bd1ca8b99aa66dd4d12d02730848797fb977637c33f7f41b257f78941574f159
0f027c33a4c11e9a8c1d302bb41e32131671537d4ae13d2084145ac8c8465dd7
b2c2073c49f70f8fa0041c89d2d825926282fb5cbdc4b989553f4e121cd7eded
e1c05939e8a4ed7e66e2a6b4ca52590af342031e56d46e6ca9ccf94fa8923d12
b926262b687deebab1cf47bbf92df31d3eafdd6fad4fa44b7f1a6ccd4c2953e9
007ee4c0a12a88e017abae0b2f6417de161f8bfe547fa04672d2a8624a1780c2
6722af56eaea868ed225d1f54eec9940aaa3e995da7c74e7572919c53ecedba3
05831aa9b23831611839423eefcccd05d72d986b49844cbeed8a51a3b751f8c5
1335112e3946c12b71c9d813a0f4af3ba6525dbbc8f6ad74030bab62acf357ea
fd37d9e0859dbc68ea2127e5dfe114c2962341fe3c059d5341f342fe8a29766a
f8a4715c4c7097f9ce1aba19ec8bd9008086ae88df62a1a57870225c379c344c
269f8c66a84526787faffe87f0543b87ec96ef23ae41e25c3178ad3c7bdcf17d
927c1361cf0c01483e1aca122ab45b672f85a166dfcfaf42630eb063fd912079
c2faad8f13ddf3488917acb84d685825e908af7c9efc4d2ca41bf3a0bc8746d3
36b34b608552a2b2e59f9c84acd8221f3867ab8121f7e41be781658b310c07a9
e5837c590d74dccc100205859912152d44d3fbb500d16da83d2864e20e78c3ea
6921e7a49177f911014fe711daac2d02813a6921b807385a36ca24b1b343958b
682724ac45b93d129312b5e2c8aa802fba381a9d35f0f9e265cc24193510a67e
8d30d951b85478fc37ef3db7c9d7109a143fde6b7de41a8485f9509c4defb09f
02c9281340c83a5bec0f9764dc8048541b6bd54d13fe4dc06ff36a18fc533c80
8efe481aaedde78173c0b2d836050c936e0a0593d31e19098bdbcdadb1f7efc0
acd81432e2b8516298bb0fdd80dac64618a343d23bdeeecfe426821b7b2b8de8
a8bcea7177cc7c4f6ecf5e273783b308803240e9e5036c047d247d3c5068f8a4
0985fbaa46b3b56060aca16180b738afd802529f86eac4cbac2ec1c932028d74
c04325e4f481b526b33931e9792bf718df6eb23285a63b8745fc0926f7335b11
7aaabff300c817c41e03079cace6cabda73ba03ee247ab7a4643591386cca40f
ba59260ded4ba3a3957e03b0441ae4e937c8302e7a5ac212f6b41f397b1b5ad3
7c8ba6e848b9393600d62f6b6d45a90b242b7da8238b6341e2e8502d35d38761
f190f764361f96fcdcba47039f7ad198fea8cef2e397852df48174309cb86e3d
5cf3ab30dc7473484dcf3c78392b6a9b86706ad9488324ecb73bd06f8b4550eb
84e14e7afb143f84dc3da5c943b344cf275c2c7c18379fc65fe5479506b0a6f0
f3347ae34a0653e51d4c7605170d7b4127ff59212709bf486c1979bf2c15df19
3f5fba6c1eb206d7b1a3c74c2a7030d0df5fb7b6e7d85545744cf110dcb56741
bcc81f1c760003d46b1892a957403bd06765487c410b09e5f1d6e66609b48679
74434bbae99df877c833d99878794068d35cbe070509524775c65a7fff3d0dbf
5139ca9d017c8eb65ad1d8f764eb59a0d9d219ac6bbfc42b24cc07764411a07f
2ad5261fa610ccce2073cdff32cd1d86822fa2dc32e327b094bd289b994054ec
552cfad1b48ba365ab14b20358d5c545b607266c2d028326899546fd33644745
e62dedca21b57015e77551f342ec6a24677046f70346c4c479f80280f53ca2fa
33d344465b03974f783a90c833f9e327b69ebca2b6553cb51f3406b931a48762
fdabc6b48a9e7514d2f5768b551edcad6ccc1382f274ff0f59090b6cd2a4ffcb
7505670e8ea61d2eeafa20bc2fc08cbbee13f705ef7c3003871fdef49dfa38b9
a6b16f919e35b9f0f132aac3aa8de6ea8c1dec3451c7480d43de8094dd1da45b
fd39d65a75edd1cad45f5b8b88a8cb5bd1f8b58ed86e6c801c394c9b08fd2d41
47e975e1b61a71d7e4b9bb42b743335fc2f2346621ab7c96553fbc1d13b5ae80
c9314e65147f6e59a67586e67a29b8d8a68d4c6b376e2be5bc04d3402cf187ee
d25f3f925e4560544a0cf9ef4ae06bbc6e37c1ad92e606dc508dad955200de51
f74e2cb4fcd7a1ca23d9f7afb30f6e75a436d8998b5fcc49d30b3070f86615d3
c66c58ed16842266f6a912952e6979c9356927382a93ab1935f94cb9b8844b15
573b3ceaac22555bc7047fe102fe9f639d43ed6f37f16437bde37b5c6a7dbdd6
4a3fdb8e869e6823e3965c7c5c449460dfd224ae7c093c2d88e5c21b94fef89d
2025ecf3cf46287f4d7ee8d4c7ca3d11d6181e3b14fee19548f747f61276d7ad
9dbb4008bbefa3fcf896086d0224816c3b126e493dc0adfe5fb3e5b365fa4074
7227aaee39a4368f7669edaa76ecef205a5f442fac07ad9d4ecb17477c85ce88
b827e515856d22c56936d5da4359177104049a9f7e56d883c31a308cd77eb064
323e9580b1eb81e47fbe4b196df1cd7bf61afdfe64907598e7e0b73a92c1d462
1fb2ae4903d86e219badeed1c79ae3140bbb0136cf30a68da3bd370020ec5903
3c7b72c99be0e94e8538a75ee26c4183f37de557db1626109af045668f35f441
294c123cd0b041a9fea581dd5e3142c9659f5f64449badf62ae1eaa4d965ea5f
d6f2fb01f24e78a8ea024a7689f6afaa676eca9328b6e49e5c7396603e766edf
52f59082278b20132ac8822183698cf9bda82d9516689c38cc3b14f2df594412
a3f017662cfd355e37d49510548fa855ab290184bcf88b5187f77066c7a08ab9
29331f3fd30cdc7c737f7f09cc0ba7b42d3bb87dd2ca100f8e3403bd727632c6
632ba38108035714b864ced51ee86cb4332598f8eefc4b1b879aebc34b676f52
1b23d9dc56afcec79706d285b5f80dc9e106d55b2eb91548b242ffef274ffc55
8ef901b4e7ba6ba7e7ce4b53207dd8dba31b250e8a9164853ee5c86f82f27ede
f4a787315990cb7ff9d2cd3107185d0fc9dd542cbdbb2f568fff8b278199e6bc
2a5e00bda101d66aeb82bed592aef1398ec92566c117f2ea0c804f9bc4c5faee
f02aa36e5afa8cd6fd459ea50d80600fe66e6bb7425145117574b71e10e25f63
4a487994ad8a00af4512218d5a548f092f2e0f5cf7c56365ad55f8dbea6fee0d
e453d08cb128e7255cb798ce4355d3b9eac349ea46933cc2e0933cda3319c4c5
6a55a417170f20030ac9dd4731963fd553a710ec492c5ab1c9e0e98d6d2ee603
c4bd2d353f7bcc1a4d16d00daf925a3ac0c60d18c7c0fcdc4a8edd66442ee47f
3037aab32296ff48dfeb714751ede8deb4c9a600f0e527b1b47b41b3dfea2f06
f36e79322408ea151bebbf04e44507ed0cfba054313f56d0326fb4bd0de77a23
d36dde791cbdda3382f6590babfc48d9cec3e0f6a4ba3d3b58154c5bfdc72107
5e876e90c6d3373138669e0c271b27b7d237eca077d04faa58e55d63d1640349
3249c71be2a62ed94c77539fcd46b72e80ff1ddbaa96105b0893ca96c95e14f0
b484f0031a59d137fc6d217b0f2b5b1ef3714eb6a1708a9b4240027d69071319
dbeaaa6354c403f4a6f242c76820019d2f838e78186df8a0ba248e5b5fd70941
3e0e5481cc3a8a2b3aea36defbe80165e7c598fcc640740b340d441c65f6ce60
60d1cee9297c9524e9944d2cae0c6cebd22f9f87cd22991fd497e2f12365954e
db10f34ba9d092554a75c33a66d1a42dbb6e8ccbfa81ee1cbaabbc36fd612368
9b12aebfa71df6b681d7d3c668375986a6b55e348c3771b809c25dc6e402102b
877f192469f1da845a900f395ea394bc6fd34773a24505c04c242e2c3e17bc76
0bb4efb35d3226dc2f69db5a2bb2a5585088b8414918ec83e271188d4789b300
d74516dbd5f3f5056dce252b6b5494d6500303495d89a9faa96d8154d70740ad
44ac65025458df91a87c97205014e242c8ea4efe588cc5bfbaf509a2c7a64474
60aaf8684a6aec1151ccbbeb8bbdbf8c5ac4ffcb1cb5668ff2c3feff7372d3af
6b538b85067f94185f6879333b8c91999647b55f318de50639951c769b23ee0b
31bba9f2a13fe28536273d0258db438a0487306b4c803d98da3bf9272d10f55a
40771380f8d89aabbdbc634fead49f432ec533334762b2d0133c19485cd745c9
58ba862d505002090c93ceb2708a808ca69717e46c0c21b900080ed26c5e63f9
273315d8c8c3253d1f71c7c329757df84cbf19470e2c7d31ff6f5db2fc26ecd7
225e4e4d445599aa9b4ba82eeef668067a6af1d3f5ab1bc035e9a7d840eefbd3
53a535321e18778f521ac7d9412026ecdfc9a56901b972327635f38593c24e16
bbadcaf4d6f6eb6b9ba3291b4ba686eacc6efd1428f983ccc82a57d75aa822fd
8738b7d3883af4f12832cab6a27def49e8bc70b332794f998a2e686699ef28a4
76241cc1482195c67e3009fa2f977926364c9b686b54f945ea183f03aacf6319
587ed4c81e0182a9decd30ebde200910c3f3764e2ce40ad1a4102f6f668e976c
f249dabd94a5d2c6e8a1aec0039a27d0d8e116ad423322af71258e7aef8c9f03
136663e2bcc667f8cb1046ea8c7519de71465b2b964fb50d85ba909258e299e1
d9a6edd305a07a4902cb062549e24ab94c7fc3de4e52cf2a14c8d888c4994845
039ccbf95578c9d5f87c09b33ced89d0e32124f6e6da75df5dea446f2fdee5b6
5953e513398c4dd029e23f3866b918c89af49cef0e9a60c9ea63b4f00ce461ae
f7f54a998cc74000ffce0e015d5466ecd60643517d278b9fe6d42a4bab9b3b6e
107723756517d84e62dd0d007802631bdd4ab1661d93258cdde2800e06f2656f
22e4e55140da9b215173ceacf94f9db08d9b64e7dbb876392b34299b5725a6bc
e133ee5dff52e381a0e635f5284543e53e6eedc5ab9fd7e37159f2ced1f38ab9
5b59f8e078b8b8a0a0aef35b47eab15bd74c36e933d61f30e7fb0f5573093932
5c41ab68fe2bc34bd159455f4d9b247de76e41d3e819329d192927423e270a7f
ab1a6c79770fe8686c9cda22a419b43ff3cff938798a95e6421250b3db397b15
ab035460d58473d96de85a9b02986444efb4cc936d8c921f5388190a8a95313c
21d88ce1967de5d1cafda22518708deb9b4cee53d4cfa81882f82bdc6a57e4cf
14456c5a44baca224f1866dd656fe3c2062791a77ff11272fb52894dad185d7d
3e56bdf371120b54072d0bcb0492aba4adee672e8ec19b469270a950cfe5e6b7
e410f4b0c6f51fc72b179fa025a56c8021839549c122576381cf41fbc4e85b90
3497b222c20255a231832c42aba9c3c8a07b0764223846011efb914f20c44dd6
07dc98efd7f58c685ca2fda4ecc6903ca11af054c415f780a84cc3dadefeff39
281b840f631afa3b16523afa3dd1524ad5da65aec6ba15dda54a2a91c1b1d0c6
54e640b048975da72f16d44e3d1217165bb02825c6381d5b44864a25648e20b2
b57c3e4283e2e614941ae39fcb3cd5a5f17ad8846819d247b767f8d60cde50a3
4dfcd812e335be253033d7140aaffb2996bc5c6a3517e01e53ccda06adb78c86
594514107ad4359a89b80390543578c81263a14604a044f606ffc4e5cb4882d4
d271e36ce6ccb691dd186a9e0a65c3c532cc9982c3ecc0385de7e0322328c200
f17fb2bdf7ed6cb463cf6ae0a3ef4976be32758ed83950a17630e77f3506f30d
c0b4b5f2104d2bc654e3a8975cec8d22a40a52803d9eda9b45cbfcf424ae922f
9613ce8f9ac30d7bbf1ff4074051080a9731a98021d12a309510684f16505cbd
254eadcc06a4346f96d766a6a5aa411e1e3e72b5ac012553eff2855402d3ae28
9cc0878780747eff8d6de25662170498056a3acb10f55f62a1db8f90e144822a
f0121712c4acc604506e3086cfdd51adff77638d990c7d4118c91448c38849c4
5dd58ccff6355733735d6a9520ffb325ead0a811892b690a940e9664d3396e06
64e6e4bca7bb293407ca6a6b0c061a3970d6d3cd133f89b0c3a6a0070454fede
00651dbe625bdb3228ebe8504c1af7dcfe10de508efc94288956714956e6d41f
6ce93a7bdf20830cb8e4b46e5ac16de2049682e2f940c0a780a42f00484a0789
29b63b3aa664327b6e525739539986c37946fc89f0ea83bff87a38d031404773
16710cde28386b98dbe9146c8a85d13d8535b9bcdbdd5b798dfbf78fd88c300c
2f9774b324cd4d7427d471bd91c1483e7a14826275581f8a644d8ea4f1e62dbb
9a2282a5d4198044ef627f222cfa781b43eb8457bf9660333fbc0a8d232544c8
ad82e4139dc7117e550563f353baffda8e0c40614380ff5f51bda492467fca31
37cc53857cbe981d70f12182f328125404d7e98514525eab632c909030f0359b
9fa41c13634d788b5b98910135b4e747c536a73fe7c9a44ca3a04f5297a3625a
e974dd7dc0cb7f71d9ff1c8647b6773ddc09c51090577d191de1ac55692b25ab
7f04e200f6615fed5653b645116ef561486d04296e6d29eecf5b3983549178b8
e3b2700c36fd135a015757fca690a06bb5b31f2a707a3ee00b7866258abba6a5
7f80a675a92f95e95b51bb13688729595ee2bce2c8ec986548fe17b96acaad21
e4e4c6cfa29ddffe9c26a492537ed8871b7ddc6318524ef9eb83b3d1e0cbc650
e47b8d28327c2229321e3743b183900f0ba02d809b63676afaa1b986f7387862
3ee8275346d97646bc8c1afc6bc0aacd6728eb1c79953448d8b507e36a8f7680
8fc27feabd1634cd8ebe2c35edf806051d4aae8ad67dce743012a9988dd0d1e5
1119c8a08c4c6aba498b304f89feb9fea0737e0c555da67ae5ca1f365cf26e69
b3a4563acdeb5ae1ba2bf583005e2e14ee1c798320ef4c5b51c3416cb6d09003
cced9dcfc3e5d8a59e0cbac8d0a56f3cd3e4bd9f7336e1589c61b28dc2aa5592
5eb53722e2eb2e064d7d2e3261b628289c429cbb335e0ce9f7ff146df0e2d5a0
e14144065efcd36c8c1f498d05bf3625ce8277e9dba65d87e04f8cc8a02de4d1
142e30f803c84124a30459b180c059bae6e16cb8fa4507b698946b99d9c02868
a43089e89febc83179c81ddb61ec95f20dea6b8470c989f51cd13c0ffee0a708
676d276becb6189738910a9ce5bea1a2bbb464e39907465ccddcefaa3bf58c43
98afaf6342444ebec224cf48bf3ce682eef41cc672b765831c64bba81b672dae
e001ec4a5d8955bff3f3d2bd039af97351cebcc6e1e036b9f495c9ecba7a64f5
73a13af7fce3a7ae20a0b4d5ecde00b6c4e1401d5d4ee32f4db767cae259b043
222006e374ebe31391d3051e97ed1313e548faf6a50e828fa69f078d1d10b21e
ee3add2d3509faf552f3a4abcb310ae3296289f288bd9762c99cf19947621a20
2d720c2df16bfe6a4eb89e4dd7faf79fac2b279f16c76dbaa317e619e56810c9
7eef63dc5bf07170e7c2677a0d27e21577ada1f484a9ac426ddcd3e37a70c9a7
60c7ae48ab3740cb9799bc3b835221732a48b997860eee4ac9b2cf997331d829
66fde61b7cbdba7800f823f5ffc21c0a924ddf8e2ce53322148151b0de61e33f
a9c8ebee4822aea0bde141260fe8e874ffcb5cd52ad5448f69f80b7235bed8bb
57833eeb1d6baa0d598a7413f31e3f9866436120eb772d62bd3e366268337187
dbbdfea853e5f7a248aa5f1458c9fe3e99606272be435b376e4aa787250e4ae1
a1f924b8e1ffbce49d314c74230c447fd97910791bb66ba5a6f0c540ddbb40dd
142fedf00c7b657e876fc57f400a49eabbbeb574ca177663afd598d7b487dae6
10942b730c8340a0ad6f130ce3a4e67ed0b840a284c4aa15201ff2ff6389fdc5
6f393f057390d626d2ecc617aa313165cab538be76fbc191aba382afcc44f6bc
d554a41804da93e0d4d4dbaf7fa38e4b60fb2950b2a38134d14419cf13026615
38134e2020a5f083c3a714623cc33a5cc096e631eaa96ac7d39fcdf4db67419b
131d76a00d5e02234abb502970367391ecbe2c6a328997afd71a02bb42cf0508
c6049811a09f46fcb2c392ef438b6a72cdf8dee3fb1f5401cafcdb4db4cfd285
e0af331b2050e9362c08566051f7f0dbef03a04516b634bbe41c348acbfb9aed
7633e1a3dc5d35d052090f3af225a41db6f6602a0ab9f658bf753a50748535ef
eb09678e7a017042a52dcfbd6322ede4de617bd6ae76c12272a25f01952c7096
3f5bdf6b9adb3377b5e990c997d70c500e7693239adac821c3eb203ea69fee9d
e7d2cb2322b6ebcbbf1d69dbaddddfde22f8b5dd20901c5175026e62628d46f3
8daab452ec28f22a844bf72dd908015dd57c42b424a3ee43b47bf2fcc802e2fd
7199664b5176dda8c0ff948c47001f334ee932a6c0b8edc6f9d89bd16eeacbd1
46c2685d861b7297bc1fe51c1fb75476d893df0f170d5660b28c45016f92fc41
ce9e7dc249d47f81d99b010dc75235eec69a98a94c4c0388de50dc401bb7e376
a104061db7ed79083d5a4fd8c1c9592ae2cd96068bafead90fdd3423a3f667db
b1364e1a5a0f36e1a79af6bc7e1577898648a3fb9184ecb2303c005d408e3682
8eea74359e6552a6398828529dd329bbb09cd9d8273b022fa8ce77fb5adecf36
67bc208996828f205a1639e0fc186326930c0b57e9eb6915ec95d481073e3bbd
d923b530c347867321c50fcbd92188a86347de024ecb2d05b41cce9ea3bda936
d50989b9111250ad25ad48174604fecccbc62cee7b1efe0c474e6ef7a7bc86be
2163e2bdc4bd4b3d322bc37efd7e54403eec08962ca768bb0ad26e88eaaf3e0f
4ba8b9a7301a47a400c1d35c96d216c876ea08976f6ef15d6ee6224cf4628aa3
a06e9fd7cd703ec7c4f0f47473a8f674a546cfacbdc1377133ae72ae768cf301
aee091f8ca446d250c45362617242890f39ab800ba9bcd28ce424b2826bf54fb
b2ec3e74c285e89af5799b8855aa21e6a523f15d8d6925a8d7124d5b5bc2c4ab
17a6430f48ea33fd41f9ed65254fae62099e0870ddab7b3dad2c5c0db39eda2c
efdceed32ead0138d8de97be9d3c2bd1c01c69f7a13f73245f1828c5f054f950
1c20b903895777d85e46f5b3343dcffe558e05ba8897e0c6c3fff0f1562953a4
b7fe6e4fd57b97aa1e7fcd5824637944cd43f113d4f88bf7b0f52fe247b49726
cd3da7c7f14cb4a2ea6f499aaddb60314aaeb72270de5325b65faabc440c7da7
db3ebe110025e9962610234def0f491abbd074381a3383fbe11f984399e2ebe9
d3b3680e9c108bcf1e468f352a3857791cc898552a78b4fd681c704ab8dfde44
4bdaea9e0a71f365bfda9ad78ff537e97ea7d17a3a6c36d9524afc28bdf87a3d
26e09cc12fae3c69f71b7b334ac1a3d48d1c60bd283a3ea508cd2394b8b2fea9
0543aa60679da19211493c7c2bd50d446b27ca8c7149eb8c4d5b62e1738b2891
6765c85869352632144c292ffec358687c77a31fe9c243376b31688ff2e5a0ec
f76f4a12a4c8432e4d078830380bdabe430a3ca850d5d26d5c83501a1d0e5f98
845fac5d037bb604ba0c10c8de121feae2be98051b84df152772f354a7e8b886
e1bc61d62024c77b8ff7e1fbdb1af3577e352f1e08752a37a057c19aa21ac26b
a6faf27faa04d05fb1779074f42ee1931dc597f21c333bd6a5547cde36557807
571f363d51537f537492ee2ebe228a8ec9d9874e9e2216fd188d6bfd565f7427
e415ea8b6322144692a70b98aeeefb58631c75f41c1259ce1b4914f09895a84e
373f1c86197f6a3f6e69226b8348aeb625ecaf8b0b18b4758e11f814d24b8f7a
d65837cf3f7e49d29621ec5cc1e7f3fe7c3dd5c2853ddd9edb3f28c981969118
cca61eaf2d8f9407b64c6005010dbc8f39164b34299451527295d86868059d59
7956a0f8cde49a9c6febdd59b57441abdf3db37e35a9ba9e0ad2c41ffbef2081
e0d07d4fdaccb516f54ac7cbf869d5010e958bdfb483f71de662c15b19528bd4
f203fcdd8b902174dd3ed342933521d8b54a35df6963690bc0b3119f39254335
93e7d71aa923ed7a892085e429e622643afd131e54f455208959f4b49e8df541
46ad394c92248ebb5a019f1ab54a0c864c9b9cb2c5a1490ac3acf6a592e07ee3
2b01962f03ab37eef9571584bce91824d0aaaa2457a922aaa649c2386e8c60ad
f4c72b046f540223bfe03b5d57a96cbd004e0688669c211c89f55cf8bb324480
78b77d242902dbfb17b75394e71d8f759a27785b29aed4e06a51e77f11dca276
062ab48d9430b070c0676ec7ffd970618c31a9323abf948a23d7adddae91b491
4a6e8e7ce902ac8b53aef953ade4e19226802423f8307e7bf9f8f7cb72c63cec
80bbc3d3f140cb3df3879b9080049e2202f20019e3cc3ca98a25544cc8de4571
2258c543d31feb6fb893d7f96a1842643f949619ca6fc37506a046d38571170e
2354fabc1879309a3913a70be2a675375f98cf70a750e23c8dc137a4b8bc772d
ccdb5be93eb3b6290794a64622de828dcb0fcec547814e6c8e9a205aa877d457
91ba32184f6c7de6ea6ddb27f719446edc890ebe1580638fceece4c21394a1d9
a7905ede5fbf266178edd8a99752ae707f994359e2449638a3feeaa01d6079f5
da1544b2ffc4518ffee7196f58f0650679c19bb18233e06de1bfc1db53ddd0eb
f398965457fe1565b3bcb71f8ac29b110b6c5bb3f825eb2770ababe986eac85c
35f5164047ad8e0ac2bbee41179ac41dd0ce3cb2fd3578e2a9bd69e0f6fd53a7
1245acdf2b86b53ea9a4e1a77d166c23b6abb0fb3d169973edf4a41db7f1e021
9367b0b1032a175eba9f7a7f4a7a805e88ba9d38eb323abaf82dbb30329c5fa7
3f2bf95ddea9fe84378e2e542cb5a3af7bf51318f3021b2a4173a05414c88dcd
c122b07462669e0a21f9ef8eb3c86d7e24ca923ede1d4f545603f7ce193c4092
74a64823636b06f17174b11e89e91a7102344cd99c83b144ba503803a6d0b0ba
6528bb477907311573272eedd7f8d0bed507ac07c66cd8ccfd428158f9812280
9c11b6cbd96a3b70e04097d08896fd0c505fc2665b2743f23c061c2a4d89c2cd
f3bbb1bb51d35d9466dd58f95c9ee2e7aedb9fe72b3f67f202463ad1c4784c10
25f27c983a7c848d1f84157f830cbe61b63c5581e14291dac7360390656f9e5d
21b4d23cf7024f9ade3e7474e0481e7c427c548fdf1350f05dbfe09c5122646c
05b677339c1a64cab1ef98045799dc40edc920ab5ba198be7d8a946c221de29f
86fc11b804d970c7d4abb8233a9ec7b5fe82fb68102556e71e1b2a2797ee8bbc
2e8a26f69af009c3c116421b5a1d2a58068d9f6fb424ecfd0602c53f3f5f3b33
add368d1cefc0f80aeeb9d7947ca1fcad6006740280a72a11f80e5717b55aa22
1c41ffaa04090dbe39198f053adadf67edb6360e678fa3f3e019cb2b29ece943
553783114105c69d9c439c88891a785f2cad7fc2588991ebda6759261a5fdc55
a40192218ee59d96456c71c589c8816974229dcba5656c7d9f11eaac26eef728
17976574a0e1c3916e0ffb558cc552fc8b537922fef8254cab7707788dde969a
d4b6924f8537d76318dcde15dfa7c83a2b54d52a5040e384d143cf53b727752b
a435b1b9295e2eadca95c7fb72450531824b319c2720a7185259df1561fe29fd
4e4083e77773cddb6fafb6a98b1eaaa480bbf99c1a37028549956f8ffbe2e32c
c9c47b6a2f1c2fcbae9f65228552191eb43d9dfbfbd4cce8cb8aa344b0a71067
7e5981d35434df6f36c7cf8a6aa2ae4f131dc260a3815138faa4b1c84320b5a8
9d88e6eedfc6d259cff766bf0b349e612c68ef511d39f2b42a1f6ac04c214b1f
07f5fb5be1dcc409fd2099fb67e8d3eacb39809a27a9e876aa64d012a3f096fe
f0505c4b05e4ac8967c785c9ebeff408095303618bb2c62efd7b331c7a321afb
bfc63c32e0cb58e1dbe9f18a1bb79d3e00c5a00b70df4714a7e7a87b61c7adb6
9fbf5ace713dba29ce09c0433f827dddfd773ca92c544eee916c9a2d2c149b5d
490f77c57b00a5ab46db48c777a904e8472535f8ca8d9bc8c8a6d20966c8c74b
d7ba8cf1b5dede764e63fe3584e084db79a8975b440d89625cf4134c3f8529cd
3046df8bd606e43154de123ace806cbe8e0d3a66bf7cf48894ea71f19fca4848
9c8ca29799b3bf4856e92c6b544fe1e82402279e93c9ecd06298a111ebf6c009
26f8538549d12e6bebc259f77bd9030a43a5b08e0f123a45eeed7abe5cc1ffc8
144ef45b8da24fcff654d4dc4e17cd03b2069662d31de09e6712a7aff3327994
6ac69677c83897998c8d26b49da81badefde4fc73ffc6c7e23cb582e750a7dc4
7590af899befb968c7c1ee7a23fa8dc54a6116a5a3d2cd677caf75aacc958348
62077f1ea13cbc38c57c1d07a8abbd20dbba795432e0c401c7afb5b9789b4498
cd153a18f29542911dfef7bbfdf9a4d9899139758544f25e46603f7cf99c2777
8197cebb3cf97aa236b57079077a912c5ee52282e7366068f67cb118bf559841
2237c801f9d7468f7da73a0ffdd71429e365fb17d36055a13138a1bc1acf0fa2
1b66a46e4503749fa7479e40943ad9fc6688aa0368830806e85d5fb0c395ca32
7b6bbfa1471f1fad084c1fb14d162a4ee82f478afec77d79b445eb8fd7244c01
b892196e18295371ef78f02e09cacee0193f178617226dd7527fa7f0291af6e8
7b7af4cb4eab1bc13ebe4ed64de74bdbbbcaf7d573ddf5406516b08d97b930ed
2e67c20bf5ba05464e73a90eee8f51ebc8408becf585e94418e110375206f8fc
ca7aeb3d0dcbdd556c6e5d2654588246a674f3e1c91c19a724e65a34c83a7d56
ace3f8e3e582ea4c6b414ed72281d0f13ba05951f649f97fbe9fdd4976f39820
84c22439d62b71dbe2b573723eecb4f7ecb58885f625261666eac2c1d86c30de
eeecda9e5040de41b343f8abba4de11ec5110e2061745b52f61fbb0b10329886
a46cad67aed251df180ee04aa4551b24389ddf7d1ce494ff2a15fab431e118a8
7cdfdf4be23a4b1c7790aa64220adcb9f999338ca5f8015c186703af0612406b
167f0a12bd60dbbc7a4562f0dd8b90e9cfb59197e26eec8471be47d0dcbbd1bc
10f42d1ac9d85614aaf97e09865214913ee5159a05678dfa67c99c0565edc3ac
4b0fba6711136a2bb356a6ba65c5f227f3ad0a2d4481a43727c27c665b54b026
5d4efb9e1ed36a6fcfe69ee14e3a9f9d5336df9932207a159f8426a92e675289
30139abc358fde511510ca1cbca068553ba7b01fe0a2a9af5dba63bc9302a83a
cf522b6dfc1af36219295522272619d61a37597f6d8b102d40c37bf937dc8087
20aabc5c1cfaf55525fd7bd3308e2926145ade0f03023840240d1db944a139da
3ce444d40b1d7c3128295128ad47f6076d48477de1b341ab8cbe0911cd823c21
a55315c7f00dca43269c77c76cec42ff374fa5c9b881c9d9ef6ea09ddda62de8
d3a62546f69f7c95f096b75a6ca3a593a7d4beecc2d5bea3c9141848a0e722f3
48151196f0caf1b13ac6527bbd533d86ff72177dd03b0ae929b719f9e25457ef
2ec941eb4447a3defc6b4747ae21fc6586cf2420d27d18c47fb308fc98c7f7c6
ff4209e50a7a8bd5955e6417e83917ea45378a195859a84c175b6a81f2cc22be
18b2a33ab6b123786132f0895e6dca0a8c0736f49a1a8c24b73a7c369dec2c08
8f340051105a11ace90f1c7f16c97b375dba622cb94c7f935fcb082a8df9fa1b
f92960a027cdcd02df31098a77fc1e8f66cbe8e00f5d4de74a214d3b21994e2b
5eae7ddaec4359b24403ad59ff9464a9212fd3620c6351670772cc35c146a44a
f1fb02cae0ee18e80799b41174debeadee1f0b2b8db384f27576221688d788e9
87f3c9a449692a5d3db367a998e0b2c10e8a41b4caf34ee2cf9b810ca96f43d5
00f2ac9f5746a7a4ad066b537ecf13cd810302923305fab3ea6a13dbd8d2b502
18d12b030f2fd36d3399f1f930cbed613c020a63b905e8b2f5a19adf93c21636
e448ec5949fb87e5cfc424535242fd269fbeebe8ff14111510b825e5d7c6f669
4e96159d7cc2e1be126468103b2772ad87e53932069c208e04f3edf16b5b8e5b
d93eca6f888e08745f5b83c13c7f872b027c31a42c9020183927420e7fdfd917
4fa711a7c7bd73154738067ed510b7b43200273b708723a80d8ca7e0a5736d3e
2909f3de56ff93c8ee552252b06a2efc2bdbe02c1917f5214c8a2fa13e827cf6
72b1d444c02e33b6f7d7c93294e75e5e7638ce5d5a6d45b0c546ce679198fc07
095e443552cfe7ee1f040272b8d1795a7bc7c8e54cf8042109530279dc336f49
f8f1d66144b6670825aea3954163c4f4335a9c2dee3a863c02a7cb6696435925
e0745b45586f49d259d46b2c5e7ebd98293befb24c03c3c41ed72927fdfb9921
32bd0e596c3c81b06c03984ad7eb04be8b32af7bbc99c7efc5e655b9cb499f74
06c7548847576c7cd4ef801bf9e2df7dea4dd89352f6ff5e6e8241a6ad81a407
c585b90a54666a46a1d25341852a573a0a4b64f31dff1e47b21c772637d287ab
ec5f23f0b799f9d1cac57d3325d76a1dfd0fef148872dc0ed8cbc60dab45a8fb
7cbeca287e7ded677a269d7615c63604908bf26a89c694986c50e5f81fbb680a
fcfb59d906f18c3df07da3f434c0ac3e49f8cc681148d5518d05cfa52bb89f72
c1ec0494414b6a8e831602d1d43c5f019ba9f40b551015906303b308b19a495f
7d320cf24b7b3ca9580733f08a48eb0f89b3bb6746ede33f8ee1bead6da64454
1b32621f159e6e107c59faa4ba500f1d2ef5e539e48cfc4e29b9adb0298fb778
51994ca87d4a0c8d1bb06728ecc5bbacaf7426a93d2e8fef635d902f4a3e5e44
1a7b02b7888c1f367537f710ed174e328a459e34527a11c88072b3fbfd885ee4
74c45339afc4c14878d9bbf6d0ac9d2fa57e89307408d77267720f67e19d7b9f
a665ba2b263c62f66c12a10e289884118c74e442938030cfa53884eb324e2af8
fedb70d4571685e2a6dbcc6a087c1792341e0272a31c3a2cfa798ee42decb04c
9cb9aa32eaae5e8e08431f28c84a8639dedc88b5acfafefc73f5d3b83f84b0cc
3aa93598cd4ad5f21b319b7d269bbd311eb534e492f828fa7c9a1ab7bb5515ae
8ddba8dfc9ec87f722ef92a83f6042d66b61f5f3cd992bd0e2c39eb0594a7890
7c7c558c78673c1706706451662b1d41dcb259e13c24a33f754dbd9058f2ea1b
9348b4021a29f5ec482a43ea7c21fcbf665196df4806f7f9003291a50d6d28c8
88edad02cf237454b51fd01b633b707d9b4c340ffe415c1a2793c325247a5cb7
f0259670a323838890b4ce4d9f09c5957c91ef6823ba9ce49d24716881dbd548
801e03e4b3ad136c49c73e8af8269627ea15dd10ea1d82886d9cc0326c00f993
3f81a2333276688107fb1a0a427feba24612e174295f7d43f8607c8b6fd37a0c
e7296b6bca31b1bf4b27c33d60c44bfa81eb56e45df820787b0298e3e9664cab
9e050b4e6acfb65181a4df75aa33f97a066eca92d192ed4dc189508afcbcab67
c1558da9ca5e19d3abcb17926acf8dbc168b38a318711486c7f5a2ff11b0bf60
0f8439528d4c01ce2bb19b1ce108065061ca8d95d80b3b11f500017209aa3fe8
a7bec2bb20b84495ebb51671543604c92f723c12060bb51e750c507ef9d33a27
2486471485ed7e06e54eab6467a1a5245533f4c160a04c662146c83677db0c36
198a6aae1f0dfead4d456cff6dff1c073ca20755ac059ee304a3169bbdb48459
c6afc65bc8f54354fe7c9a8c5673ac2765635f78c18bd9ae801c773aee54c969
1e373932b9d218b3bc9afe43914c13c84bbc9548a868636a42c19995b651655a
97c89703eb74341d688d3122ac17fad45876146a0a9ed3931a54f10b47ba3a20
956a06b91cf1cbc30cb56f9ecba884d5c329ac4ecf21577b9461877505782148
9f8a7a46e4e2941263b8f77a624bea95e2ac6a3ede9666697a4cbdd24edd7b56
a0f701f4a4857caa8a7163b38efc923682bad6789cf8804995ac220a6629f08d
6844c44e537e00dcd81501d73d5c787fb7063a2c29850223397dcdeb323e7ad3
58318660a683f1e4e4caea9504a36b7a431c3083756d1e82acb9dfa50b29d4a6
e8a56d51468af8f8ba93e307bc3ca77ddfc32a45bb9c1d02c6fa635e9be3d927
0cf6ce126ec96df75bba45e2060bde8ac05ee0b65c6c59da4fe21bfdb9f2f6b7
256b823feccf25a500e3a47474974f64cc14d19a46e8f6c4e91c292585ce6cec
886f3512d35985e0e40322d56175111bb41c4e26ef4cc91e3d2817522b364ecc
5abb955b4c730e3aab7c8538d61b7d062095181229cf3cecbc80f80fe5bbb0b7
a84b2de667c622f532f29bc00373cc6da1c7e400b13e1d50102a21bc7ecdf259
0102579a67d0d71356f40691f7b50a78199a0df3aa47e90fc40412fef346628c
54031f37cde530ca40d11aa779a3170da65ced2d4dd21c7efe9406718abf444f
988f55c279ab308ee32f3879941314b7cacd943dabc39cff8cae45df057c9ed3
c84a66f1a0f9c057826e43f9aa32ccdca1c78d031fbbd79e58723b2fd91ed9ca
8acf7805c46caa347f0b8c7a94d3a36c6adf093ebbd60b81acc3af3ed9713297
d2815c7269fc67631af46833d486994d329f3432160f695b41e6c71a17915697
26531adae0e64981fd07b3c68a35eb97277a58889986e0670f4c873e81306844
bdeb0cb8bc8614f2c9e5f5e6b5ab720a88ba978334f1f77d04e01b43384736b4
e50b30f3a56d8447c4cbe992071e052bd3da9eb0a999e663d324145adb6b9c60
d990d3d56e0f4bfd672600365c500d31d0b38453a1b84645ebdde90fdbb96d3c
7e04b1d3d5db50c397730f9bc45fd1ef68ddc92403d61bb7cc3194653cb67f5b
c050d728e2043c5f2f9393275bc907aab78f28aeb4bcd10e2529039d3ec18e58
e682d33eeca3064ef06db4709e6ad1e064bb71362b27f55db40e7b9130ec659e
373593ced7199df1d52b66a1171041d77c7c4db088156b8ff9444575f8a01fa1
415cfb535db7deceacac0a81bf86ce0f7bc67ce9c2dd8e46662f4e7ba988dfcb
c8e64ebbcaf7293e48b3b6498e947196f107bffb717b83c0c8013a301a24e61a
9f36000f1c640530f7066d62fb8e4265d81c2c3861ad4e0a9e69c0dde5ac090b
fb4fb400cdf044854ee4fefa5799432e6a02491e168d0eb1541d24224242c5f3
f1f3a725542a4195c93aa7b926e7e9b4679c017e3499e97a80a0ad75686e3bc2
1689fb47b7f5ad4a6c095528d395da240ea536d0ede378c23a4cbd60aaa57ff2
2ae3cc0c72611ff78e965062ea27502ca5804014e6e083712ec2ac546b207571
a873ad9af9740c3f5aae4ff2e909eb25def7051cf6db97b204e4b6292a37d271
367f015c515b6e570dc746e11e92d0cee827f4ca5db967bbf0c6fdd2244a813d
a3a9f79f192398e37bb7e021b2fc180f10f05fad7b4e53bba0689d323bd03b3a
1cc558f3193b329ffa061bfaaf78acbd96842918389120d3483e3e1ef5d525b6
34180d12a669665916e423875148cbeb2636a3131bb60c8651cea8c4e546277a
4a79f40c250d4c91261ed59af783aafee127ab18b510d81f5c96096d22310d83
c0097fefdfb7e0f59b3e95c7bbe4e3ab74168fe0fcbe00ddd0219e527a4774f4
2f83a3985984534832ee65875cea5132231f901ad07f8170901752cc4cd3c5b1
38a4f8e856e242b198cfe2df777352821d2b6ebed2845f42ca76f5fb86935223
5c991237ea3d397f2579ad9f34c8005c32769fdc9c84996ee99f580089e63908
d7c715cf51bb95452d9b7e1dbdb00e1788a0d54ff680d78a616092fc29ab23e7
b08329d85c1f12f97bf144f97b2e6970b828fe41cc92e4e05f762471e11f4d9a
268c0fbaa713f547dbba9b79ac800e573289d0316d3d9e4148d8219dae435054
bdc71f3cc5cbe245211bedbcbc873e11aa0d2064f862acd4a458618067ff068c
306da8a92aabe1fab6a214f91efe7832c2996ffa5855d1ae463bed9b6db68120
f15b90b9e261f2006c25c47cb96f620a09d7cf1e3723a7eb884ebdb80a8e4d42
75e7aae28896b317a249f391158047dd2b531c9024e2ccadd66d294c817314df
887836b756755b6a2bf6fa2bb02a42d44f00b257a9fde13cd71a63ad4d119923
8777ee2919fb531cef98673a3e49f7d07e07236e1fd329d256123200e296ccd9
fefd553da0babc0b2612760484d979be6c1906b13008abd4031a98bc5e225550
e782d8928c3bcf37d7ba9b306482fd9b76fb50af707ac179c13836fdbc2030a7
b104497f22846f15e94ce82f9c31e9461136d7031e09194e58366f373a06c08e
e773978d73fb1eb637dc80aeaf133a86a3f776e1bde1ce801379b7d2e99d0e5e
b9c8e525637907d4eee3e7be67af245bc5d0822f7527df8c648e2a3f7a9123fd
4410cbfaa54822aa10de9dc3aba44679b1c11b436e60dbc8c8a897983ab5b809
28421003f3eabf9087687d3c4589f6ffce6e9fcec7486b029666b00a6212e4ac
9fbd1a81e981b384f06ed6f96a4decbd9c4eddb11699f929bc3cd624a67e4fdb
d07bc3142420cfc356b8e98a293440812d5de957df5262481fe046676eac8449
8020483a3c064635cbaf319cdbdb61b180529efcc8720268488a917dc3a1d43d
29be769ad5772ef3e1973bd89d772bf0c2d606b30aebf7a4ee23387fc25fdb34
67865d63ac04187ac4c241ab1e9b3a449372790e6791264c9d9b8cf87135a7a7
8e7f1914b0cd5b4791c85865c08763f11d5a896f20705eae9f603da9b489a6cc
b4d1c44567fa3b2eff085b9b2ac320dbbb9c3bc4ba5fff01b80cc49453f6ca79
2c875371f608d32220d314243e3c221e0aa54fa6199c73e3d811bf51b71640e1
deeb10dda9a25d1dd7937a89b6de9d5751e66eddc89489a89362f1c43b23f186
bd086019cb8745b41f3f2711398d74ec66ecf6b1053a678647e673335e634230
c97090ad17eea653d5eb4a2cf6a73f86bd1731e5681ba30b2f69c630e975a4a2
6204680aa0caf0bc7641134338d1bd5c3cb4edc03c06842494644ffb02d7133f
3d50caa455cd6e947c4d1554094cd5e8e1bf4c2389ebe6cdfe633dd9fb9e6118
5da65c241ed0aa2c0a7ddd9b8f170a5b24fbbaab8c0f2ccdd5ddecc72f1c6acc
6bc19e382ef1db126ecf1537228eda70386b8b3c232e70569bff8d81a169f682
c1968a7bce4b4bdea2c02d3605f818a961bc65a782b87a7481009c19d8790cd7
0d65794924e5431dbd252d5c547481a7525d0faf8ff66819d37e3479f2591593
3e582b99417f39b6982cd4f7f1cf684b9112a507fef76905017232428b08b165
437d0a3521554e060fefd5da50a2d4c205b6f503b84204936d293f1a52696e34
17810bdc3971733b4cf9a690c3f7a13c5de1770e26bc580fefb5f28236c017d3
9ff5f424f41c36280aed540c980b712438f631983c2f05972e7fce59fbae0f28
a800312c7f04f48299733762c1453e1f23ea578a851f4d638b115155eb9b215e
000d5a362107f3919c0a041e5bac1c9371c7bf30ee1413d98039646d81769d73
7c2ba10e9a19d72aba1d59465f9b94ef66ea12e3110f3bdae3d50dc48023b6e8
35dc07e4155027502b4b60ba9163edb9253ba9fd8b5f45e535187dcb3e7c9cb9
387fae16a5dc0662ff6bd94865fc608325e6d68538f2f2308b81a40df3d1cd26
fc489b82b7044d58f28aedbca4c4d80360c29cb471ce0c0d7a370560663c6a1b
817a5a70944b54202f07b52b709772f086cb9b90158a3b7bc4e24572759ba095
2a52c4d2ef4a678da869bddb471d62b6e1dcf8447e95a40193926cc8d42b149c
a77d2c0d5bba5d9222701313ba85bcb23acf8d8c7b9475ee8f72624117bf6c7e
74f037b61d77d9b3ca46defc9fd86dbdcedfb0ccab88d72636f09e3a5e0ea3e1
1aae0bb64dca68708bea474e05e9b6dc1630809af3b06c01238d5cbd0be80a30
9dd861c062439998746f885c82e8b4a96242b2cd4dac08e08f6f7ed0581957c9
9e14cbe564abd0758864ceea8c916ad6dc1e9ac5ba88d5e5b6f432e2f6bbb015
e75fcb028086f674ad5b63eb8d10411a3ca0f13d8d36560c7b19a91e72ff203e
937309189b8fe75fef2934dfefd7301dab2f3d6aa8b5275deb679c17071e8b01
98f524472a042bed6bf703504d6716e5513f5a3bbc65128e60106ad5c1f0a357
9961d387c618326715eb169e52dcab3ea5dc0709b7ce445db92621b3c3a34c51
d58205e5178a83c4bcf6fe5a29312f517960cfe45e2ec457572586e4889e6555
53dbcb8b545d9c69c031287a6906f428b54bdd79a2320e5076db4e08ff53d4cc
6a742505865c7f2ec02419ed1442178fb8aeb7bcc681ee7e2fea522e753e9daa
5d508e2ce57e3801eac2e6d68914c89a944f4cf7c3e9006fefd1dcb0dfa8ec44
a059888363809acf04a7f97b65baf1d77459911b71794f47cb59185ee40ea5ad
a5a9aa33edc690aff707bfeb2834c199da339f170bf4998d1a335999af6fd51e
7162c85f803e9b92061640575722909fc2e522dd488b277f25129631cc6dc849
5af6c45e65467cd305c411936deae66e98eb019a74e9a98efec4ee0392d504f4
0c9cc310f9c5ff42b2d7c513e4e95e81dcdef95df53e404cfd151b052b1b1745
4b2b11bd617db91580b6f0f3603d2b690c862e8f61b0d01defacd9bef50d01fa
492260c7146e6825cb0c34f80f0ebc1aba05e18d104aabfc8b8562a5ddd7fabc
9fb9d7d51fe856002e4fddfef4812577f9b6dabc5756d68344805dbd87dcb068
b000258ad37a6df5265ee3d0458bc41322452b3b369d5632cadbc78fdba83b6d
7865faf5603ad74107c5acdf0c49f69b508155a3d505d145bd4bbbf586d8d9f5
d80e9337528559e871f840ae40df6d407afd95789368c0619abea83ad861039c
7572ca1495f7c744f52ea871f1e7fe78fecbc5be702322ab240b0ee28b14a209
7a4d08405235678395414c3fffe1686cc3adbe69773f52cb799d55402bb49641
de0f8323867148517e3a41fcc6a94d5a7c9a89472d05ef80dd49eb6195ea105c
6734f3be2adb7ad62947bd5949b44b944fffcf63d3aabb3fa082a6791fc4ffed
41858ca3c4515a5f276cd7a32a145bb81c920b9efcfe344e9b7256f10df88e29
ad03aaf1ec737f4b27c2dc60b4ee00ed3cd54fb1d31e7c7d01f72c3af47f51ec
3b20848704d7601e4043969b54553fb51ad4ee4708cf4513a92cbafeeae4aaee
b17e61a021be183e41cdb78aa8790f1ef6cca8f85a0d819c67df082a9569a88f
2b8af8dbb2b92b93498e8ba251849ebe41860c071c6ee7c1036a81ae141b86bb
075702c3ef56d61a636cbe4c2f39342d3eb1c99a74e963afe2aa0d94b84de0f0
d9c584e2eb8914ed9e71dd60cef0b189b2aba2f8e085e48822aea50352c94d16
b14eeb00eb27d2ae62d8fcd4280d04ef12fb8fa9bf8d2dc788837a56a8cfb516
7e535232bbc05ec63bf21d2a10824deb2adc9e81348aa0afe08b375ddbf2dbe8
70b309b9ba5e76cbf79f3798f77d89fe9ea24e0ea76d54a72ec62864feeb329e
15508ba5ebaabc8d840ead5d11bb159d58e3aafa9f2dce7b74d8b2c6141a9d5d
702eabee398ec6efdde3c22a5811d446edcfdf9d9155708263109863dd08033c
5f52c1154ce146fb4de3cd886fb30ceb6773c1d8c385f46a3812a90caa6c14b3
dfafea28163d6a408f9ac91921ba493bbdfe70132278fd84f53b9b4d641a6d7e
b9e1b6090e4739c79800d3886ca8db9897c6def8a3fd8759010b9258926dbb9b
1acb8dcc1463fcf5d5fe73a8f18be5854a6e0853f2e82e1894563a4245d68586
7fa5dc5e8db2f82507847dfc8beda10c9370c390a09c75e87d4aa42b914e8301
c88966293b2f67d893dd4e9657f5d351ef8b58d304d68efc19247a6589ca6b31
99eed7f9222ce0f3f6381b9ce2cae7f5e064467f2b41f0707bdd4969b6e8fb8f
28c500f2e8ad1c05c70602524a77ad5ad29b3d98623afc0f35b638eb1d1a4457
bf535dd86e4cc00021b2cb7a06dc0e058c5511fa845ace62426835b58e2cd92f
5a8a689b0ef3695d6ec6e3881e004020869963e73bcb1dc2981019933c78c8e9
c938cc6054c5b4eead2249617a7b1c9e23a3e2e2e143acb35790da245c85e1c9
a79a94bce7c459d0ace030adf0942a7b45384a7afc08fb57fa25e0932069c031
bc574ff5adf440fe76a3464d7fec90b05cf425e5afb3726a08c7320f4b2ad887
66ac9affcdc3efd0753ba5cc377205e88157fb2dabb2d995e917a580b47c4a38
5ebe91c025534722ebf255a63063d77c9f1701807d3ab90df9a900295077ebd1
aef17b01392f3d483b7f29814b65ac7535b48c0510f88bb9cff95cf071e350b3
1b4617b2121074d4e03200e9c7244b83a713728eb099c037d994a4a999f24e21
3b1efa673ec51e403746c31c858c5590e18aaa9b70443131a4bc8feaa161afed
9c9497d67b761537ce1a0281da0540ccb5726f89e3bbd0d26dac4b0cbf263460
8ca4ffee43f65ca3b4ccb0f10e2489f6eca6450815f58cbed07c48bc6f8ec843
3daf36b38c44d7d63bf688b0edfde2edee8e516d81969d234b3c1cfcc7a847a1
b229ad7d3a5fafa25421e585f92863f489f05cfa705cf2c6002b497bea379970
7c593f25bdf18e886e2c30b94a12cdad4090e89b048babf27332b7568693f050
2c23fbce61968252a650f1dddc71df69772d1e6d6314a347c6ee0bd4f028d4b3
219c438d5026601446728c8c142744605101aed886dbf4f4dd241a779063c9cc
b67029deb32143b8939a79f5dfdcb1728e21395f79f4a95e18cceda384015e49
8599551bafc463b62715b9cabbb3400c4096e1cbdc62110e136d9c8cd85e9bbc
ce30af43deb83977a74ea3d4d3ac02a2aec52167a19f4d58372894c9193a14f2
ae66f204ce6d5e7456b16108a1e1a6fd6bb68d7d6e0377c42a1d30a041e2dd46
2795653909c1923bb620a3cb27315bb4f9fcc39f778927f56d002ab6151ee728
b2dcf9dcecd87bd85260a4a8149082af61b4283ea18244e1f9878390022831c6
a56b0b8aa06cec8a95edc4e087b9802939e4429d23af71a9241e471d57e139bb
852599e6b471d5b8181dc2d321c477b36ae86f8eb4f931f609fd08e760c63749
b52b30d524312de4dd6952b41232571600b72d5ec545c2664ca798ef5e30c15e
a74e117cdc2f9e94840efa1bed7cd53c2cdc5c9f1b819b0fa70ffdf5c200dcdf
a16d88e28cd655b9e5541f8776b4e3efff9003ee99771373d5023826db6ffd57
6b9e73a38c1ae43090a42a57deb5375d0da80f3182d3330ef3bafc502431bc9a
5739410090ab40383104f6be38ee2d1ed4edfad1d8cdd3664b9da26b3f587a44
75d290c1f3ef81dce0a8410e417b9b6ab85b98d9f46040bdadcadf7acf75d54e
879f5cf4f3dadb2bd0a6bcf420768a2fdbf4eb73d263d51843d3f4b1cbad92fa
3880014e9adddcadcc1b9b1458cd5f438e502ec344a17f1d125ff12b38d66e58
d33a729a8b9cf224060b4232a76899a82c1be119426639bbdf797286cc341385
81226f68e04876d2f0586e8a9b8cbadbf0f529da30b9fd0d33b4455625bb0c3e
8a83395c8c6117d5f4201773e708e048a9ec789a552c05bb8564454f903632ed
6b9c131147921874c77c58c72aff58da29ee9a7376dd0d90d10cf90a983357b8
73aa97083868a6671ff6416071311b65f8aeaaa89d2af367a471b50d6459f8e4
efedd623a68b6e42e0c8c8c5b80ef8a2abf90a58f2e02eac0ad9cb86ca3c8c0f
04f88181ecaba99051aff3979d9b56b8480f075472e2ede42bdbce65b2c331e5
04b1b0e59507b61ca45b321df1f501769b9db8ff025adedbb89f0857815521d5
b5dc7105ad358d9e1676cca26c63f48b5e650c7927f634c62927db554c36175c
1b9c5c514fb204c8311136c1cc3c9cd0e62f4694ced6bb892c54b64fa9eb4053
ff00ccda051de4a1e7c647867a8126c77d7ac436f04f1660492db06bbe6bc442
1cca497f653f76b5f149f73e8201e6b286182cf51182c9fb99711fc2c92dd16f
88f69cd1436a20c93f3b56b772252ec231434ca53e9f2512152ab4570dd810c5
6b01d5570268b6fa2672bb39df94c137a6ff81f0bc68086bd3ca7107e467bc17
506d5cf1d29c3eed256e0d074e549223b53df809935a46c50b936645816af7f0
cc3d8d888d2f80077316720a7fd86df74512ad4feba3bbfc6d0afa2f4227e064
6fe97d60d7e4c028b092ee2f44a181d0d0e13461765ce9c470a9d36b3f53bf50
fd724f30c02c024aa9470c1f37df0498b2a876885e4b16a17ece92aa87e271fb
e2998575ff41d0f5d1e620b4a8a62b4e27c601706924cc3c85feb4c4ea6e5721
1eceeb2dc723dddc1fa3162056f52865e4a74f8d0555d0567018da926e4a5873
661f455bf8ea1aaed115fde67a030e0a1bf9dc78fb3ee880eff8b13918274846
c4c42217cf0c9c45350e67482b3b9fd086e24c3e4cd31adc42093fb5b189dbbe
042a36d295afdae1b1c2abe3c65a6b4dabace20d4dcefa66176d7790c84364c1
ef21246473c1ccb421e66b2543f2a9f0ceec6b4ea0efca78d28740ce4fd021e2
78a967537ceb079709abbcd0f4395035d068c1bba45e24b1048817cba097eb88
625d209a133569378a1d38b6859fd1bbf939f9c4d348c15e917da256403fc92b
bf1ec77dbf5be1a8186e1b447bf418b145fc772ffb2d38032f41e7d772298d51
080c7383ca551891573028be4854a58a9e72f06feb86ca805764f661c61ef25f
938f66925791fd823f4d7da7dcb325d2aa094dcfacdb9de509bce4bd4e1de024
286286fd7c9983bfaaeefc50715390649f7b3186460deeb5642c16d1d89602f1
b7c32051f0b5b35d6d9a037cb357011fe4dbfa30da48f832ebe68867eda4325a
d95b2910b0ec86ce093b669e34ae743956b3895427b9a7e11c980174f848d7fb
2e230d72e10e8e6d6087e86c488148868929fdeb8b9b38a54724c0261600380e
db826ed4ccd5312922a6f207794be02bcd435248060e34c55d464267b7bdbc79
26da7c754dea420321f8424fec93f3eb3b54cd14ab9ee1fbc8b58fb9e55b11fc
fec9937f0be7df079e2c1a9a427def7d632668ed8cc8466732ae1e0a14bbf851
4f73bfeec8447363174b839e9a36542b0513655b2a8d11ad8520bea7096a547e
f1e5488d8d4cfa20c7d37e13e47d69665b5139b92759e544d98560585a976f95
4bc972496ad464552059c35caeab2a453fff353d87656c4a1477daedbfd3cf8a
ee85ee23c9912022787cb7e0b361716b18958af6db0a4ad04d2764363715f74c
cbe298f0e936311c8ff3e488bd9a4e196625a30dd96f6e77bf26a6b63bda9482
2a67e9296c76b921431bf4068b347b8a769dade0b08d22541dde156ffc3cf12b
aa7297da22832663a5437fe97ea68a390afe220cf205f5fad105d62e3a96bc93
0209673126960db602ecbc09927c201bbb2616844edb3af1002dcd98a6b7b604
849003a94c0b05a039016fcfd09600a8a0262cb20ab99f0f209fbaded5213bc1
0fd2a7c36658378d43715c4f70c9062f9e3e2b7571f23b19d07d6e29714ffe1a
684ea94f0b1423d5ca3b8d168512256cdbd200913725fc3eafd1bc18ab327f05
cf6a296233c9107a7b466ad0166fa407020c2c00d07b336546212846241cd9f7
de37478bfb00395e1c24f714fd947f165989489cb446c392167f70159bc197ec
9135d45d305cbab5c6525d582c8aebbd74055eb02dd1446abce002821baaa0ab
3474b17f0e8d4512caddc9a22f26ec50dcdaf2c7ce5e3ffa177f5e1a63e9155b
82dc166b9f4e6024ac21a7bafe0b583861a0294db940f24c77df1456f9472157
236b620e9a603e34ab90449d80669a0f0cda1e1d4f78bddb9ffefacba0e15951
70453f1766be08a01dc0dd47917db19f854e65265efcd3a33e453801d7dfddef
27c69069278564157618643b45864da9c0faf310e203cb37736da4e2040b5579
100bef23e3eeb53245312a3380e8eedbe35fc170ea6efe19bd4af1a50c61291d
d5e3ab98affc24913b354516aea2c59284b37905d3d97a94dbdeade2933a09e4
20fc86bacaa077f843ed9b4b227924fd12e7bdf5d06c52f9ca07a7f1bdee0810
6a0fbb57977f5387ad51e6edd879d15c6835cecbee8991f6fec24a6975f786c6
6ee39f09238214357f02f1b6c59c18812e051a29dfa9c99d12e3e0f8b275a3af
b5bae501530fe7e8f4447e175700269a8c80bb76b380ba6adc0fb24c2258d005
6f46f18b97847d6ba02dd274f3c1cc824ea52dbae14e56c4bb442f36eded9266
c278e76876161f37d28049cad75279be33027b6cd95751b22d13f8165f086959
2633172f30466872e8e00bc0cd920e2c3bd052714b001e65e16a4dca56d8d8b1
23911acc797cd80f96af7c008580476d382c17d84869504afdaae0d948c52d22
e5ae53c2d76c4e3c72aa4d702930b9ef2e0d2450681645a22d5a6a41ec5dea2b
0c68c7e6fd3977af372dfec2d54517f59ba73bf07ad1fb62d83ea47cec23c57a
d165ce730e9b38b40dcea08332d41954a34630faaa656475bcacc2b376ebf1e3
dc2cc146852df29864622fc1ca69362d9dd261775b5416bbf32dcee33d20f59b
32a8eb08c8890f6866b416cbaae072c23f50e8e933c5bf86bc8e46affe309c95
27954e0ee871164bbf8051412551e60c42df53118bb5c8febbfef76d27a7de41
8538f9edc433ab340a051f2b3d698b5d3125ff3cc6c188f621886ec1d945eb26
fee9d0912be3cad8380a1ef744bbf3c7d53fe83d7a87b02886883bd272717abf
f53f063a3264afc95519e78e73f28ccfa13b2487a3a0d3cd8e615e262cf60a16
f3fe703e2a9ce593cea7c916dea4790f708283ebcc5892a6a0a66519108605b4
1fdf5371d83c66f8c2ed04b03bc6c922f20a338af3d667831b0d5d5ff1e8f4ea
65ca10ee1fc8c8968ffe6792856d80a54ef8934fb9a009e3b64baf634db33a31
6aee1e869de56722bea5ebaa721a1f9a31f62082fe92329552b178d19eae154b
461e11365e1e8b53542929cb2d486278bc98c1de62a27f0ebb68bd2cfc8ff13d
50128b2abea2b1570579a8ce0a216832d05ac47f7a5cbf4d98f79512a881f2a4
eb276186e02eea91c22d66a87551c6198e7c392e0e766c7bcbc31b62db6214cf
ca204b1d6de9662b2f83e9ea5fcfda9fb69a887015c026fcfb86e37e6a0533b4
23c2f7afde2c5b3ee378f9886dd7939e825276f555d872bf72f5433977e2ba1b
e5e11f4c0b279182ac45ca850b78e6e7faccda3ab5b1cc81f3a31709f9e8a2eb
c7a1158c63b8c740cb9eca4208d6fc0b6f48a4bc66017e08b992183ecf795ff1
6a1a82572cce973bf9eb418b592cb45e992aa90113f983a489447da95f154a88
bee54e2721765937167e71087e617d55936aa2f2cb2d57a3f495fbd147646c22
7364ad9c984b540616df26ef504d4c612121458a0a112e8902e32f50c811ebb6
284a988d7566b6813b728de9129be2f76e89fb7aa8721ed8a7dec46eac7ab989
1a3166326f54f5c5161d55459de6e9008356d68cd3da556e0ff63a98750f6759
27d92fbca378c5b798d600b82e1dcf50feee9c1b4e6f2755decb2e391caa811b
de21951f5ebdd815a7efb97bc60af64708dd93af6bf75b38d2aa35931d2ab217
b55d7d0513ddb44e072f49bc67ccbeac26aaf8acf73b09fb23318e33db62a30e
cc754088e5bebbbbd006b9fc4d8b2e1c9a3522723f45d2221b59e22010da153c
2e6dbddc94ce7b5a92ef272cad4804a574bd497f27ca8560ca36086653bc0b01
fe100df535c635f8c92345532cfed6a08cea625369e3a55eb43e048ac09b9b65
03151a78d68e34d003abbbede6a68855fa24f92e742d1edae8708662e4f9fabf
efc24e38a804ee4e56bb7fecf7d158ee2f0c42571c1b18e7b4cc583bf474e510
33cda97bbf171d50dc82b900755a8270309295b7b421724df95588d2799517e6
d728e0d3321d71b28aab6f966fbc6bcf38a0a94b51d3f6f40e55d374b7a6d484
d1c112619786fcf8b7982d84c4543f2cd34b0ae512541e28b2e6bc01ee4084e2
e19e2220aca29584f29750f5585c01630dec18bafee328a93acb01c2393b1a48
0126dc52b345fc202be9de70b33c2e754aa17ff599da5ca334e23a004e3edb62
e1c52c7bbe727df38edc48ff619a0a15344f1278499c6b45054e6923220e6b96
e473b0c206d33b380d62b7d3d49834962d3bf3a651fa576e9c880355d810861e
70559302d56f5c3bc65fc7760435532ec6347431c40767df6e0e620efa6962b9
c0fb733d8b6e4b21f7b95051f935b9dc1c43db2f0100ac3547e44b9ce85d8295
1cae7b61329853c49f77b23eb48d12db7f80a37b0e94008328487c06a62d61a7
a007f9d04ec1a433067edef8b4213f126cc78aa3dce84ef8ad52a3a45cb039a4
04694d87105b14be806f359338a1351da317eabed3da2675de18ff5b4c4a322f
fb528eaa8aba0bb35b80a6196f7c4fb34e84d853475811d91cf0161a85898fc4
4b93cee5d3fe7a05f0a60c477b8917fbb0141f0a6bef1b385225379c9d129dcd
c732c5a664b5d08f640266bad4709cd969a606317a4bb627ed6bfe7d424edb14
15080a4b21a20ba1a39ee1eac481ba9c7dac3d51d9d8ba3fd560be9fb54c726b
b837db873b4b426668ada8d5f14f371858206d32ae656cd8cf96b76ac98abd78
a293742c93a8c577b4d9e9fabacb253b2835b7470cc55ecb8e104bb25ab65b5d
ba9507cdd89b02888b1ae076cdccd6863d458d7b61ce1391d75c1562f9d1aed4
dc5746b599c20b4dbc6676ed1a074fb1a1e302cad230fda4c7ccc5dc07bd7c80
c1883b7865150a16f73dccb7e50e2cab5d551da1cb49447ead844482b016113a
f5b8923cb245c612780d82bb40538b1162a56699821e9e681c49a5187f9b15bc
44f0cff84f0ea2113e861fc8cdfe40f320f942f3976f072d4d6432104ebd8bbe
26712fad6bf54a0c5203a22d1db15c167d1f1f43d942e4cfbb3a24987d315b4d
866ffc4c4d66d77c59f0e7aa222af9719710dcea0f6309d9400f7e7f1f57295f
e8fe2da1bf4f9d51d4973b8d99eff463b11468df8dbc5d1fe67422b0b22c6f4c
3ffa9e698c1cea7e89bd62b93479652e977893acc83b79b8a71895d69f217d6d
ee918b20404968a714231e55cc30fe432fd143df8a634bfd4e58b258de50f0d7
08bafd268407b22e50d841b41054af50c6b0a9d77151d54c6179b2f775aba5c6
a5c5a30c6d6e5a98f1452a5361994de1071b8ac54f5e5000ae21fb846c4a0215
d25625177ce13d8dda049b32c4211a90afbf77fe04649f61d2662968cfbfb833
034b018319b82d7acca92dad180de0141375780a980dc981d62a17f9823022d6
e9b41807ddf5c6e0d764f3e61f4d751d53de31721931dd632a8e9e77e7bc1669
bf213ecae1e52b954410d19f1da224319f67c461f89dd51847c5661d0bfe96b7
a7bbfefbfd7953285fdf9c4f76fc2e3cbf2b44e416fde550a115bdbb8a6e1f21
9b4b96d2a4216f9d2320379c9d0e4a525388d5b8f815ba790aada0f73cdccc3a
f9d23ec2b53ecef4de0202bd8504860a01d11c0e448cc601b4a379104ea1cbda
a88498c83ab52d5833d45b30e3558a500bdbd537421faa7d378ebdfb53d37f85
5b29d178412e80f289d5b7ba9bb442e31ed0358740ddd8f404833a267a30222c
f180e172dc2e65659b4fd56dd289ec825d310176097e9d57c81117819573aadb
df2f70f68b59c303fe7974dcb5973e4dff6980da4a7b3072196ecba963093830
5b24ea10cc16272c0dd33ffb28a0eed49cc7f1ee953312e6f32daba79f4f3451
54d2e414e817bf9088147f4e870fd9cdf76eaf31207c56d7c6e92d7dfd2d60ab
64d4b80a2d9166434f775dd911268222e1ce1eea04d9518167aeb82b67e47b17
267be2ddb021a38605423c2ec58735369a463abd67cd2ad9a85d02f0bea53fdb
b4a9a8841f23f38edd35254da8704883f6d00d400e8ebabbb9ea97de7387fd12
21ecab340bdde6b323af59aba9d76b01ca663fe1726d0a07e5f49d1486356735
31bfab1fe2d3e07569fe58e74ec4acdec4580907b137024d53fea01a61b8017c
75b1e7c7a68ecb678370d48ca06429164ee0ee27f151a59c008bad5d4a0473f3
e8ff04e37f8f0a6329a520b78d0694fb977e9bb43ff74a52cc57efcbbd6eddf6
eadb510cd8e9b0f56b34d9b21ebf43fd382147d02749f2d798f8483b1d6226df
83470851af04fcd753b9e0a244d042adf6991c0e33d3176d639ca9fc1df5ef5a
e31eb496f37999917cdf160bf017dc1bfaab42861443539d24ac1f2ee5c11cae
20703a56ed4692375c1ab094b9bb7c6f087d229d8570b32c00e3135c5d95b238
73532daba06d0b387b257592f23db3f657653c9d1ad025f674786b17014941e2
e7cc9c1ead2853927ac97a4eef5e084377fb4a5ed0fd637c2fc648fb7124bc46
d702e26e5c59fdbb7f49bceef8b6a8cd2ce48866b9b6d4980c68a1050c9fd85e
6d5c5bfb5260826379102f4b814b0bd11091d3039b6f3c648a0d69ecb9b63b3d
751b691f5111ea1af064a037613c5c99cb02c8505c090ea84e503cd4fa587655
d6d7b3b013f2c6e47903906d3e0dd132e7e97b50a98e8b0d6014326ed2129a89
f49433546effb09b4ef47887d5c117ddc887fe0343605dc73159e16aa2a917e8
88057b38098ff69cd6d14d9dbece2d6035ebad0d076d1c5b4bcd3a0302d8cc26
cd4ceb6c3f9711b0f1c2a39bbcd22d0121495ecf46a94651143ecb3e7442d000
3bb2fe0eda4776355322b6a19a048ebf19bb178a6efe62d491a248c53b811fd4
0c7566937878d59e09f34e22344c450df187a99cf8f46542eed9c80d201f7067
38eccb916c162592eeb3ae2db728aac8a54279f611c41818803f90bb32ab338e
220e7c3ee098105989ea20deeee6ec1978bc63a8d66ccf923dbc8c4f48e1889c
24619444b2705b690d3751763d4411d5d0010eaa5304efbc681521c12b7645b4
1d61f6ebad21caa0dbbc3fa6fd76ebf17198689fa726a7c73cf7520ecde4deeb
0d112edd39a6041ee0619a6e62e445a6079c58b366258aec10ad18cdd8e85fca
bdfcfb5870798c88565f1325c3ca56accbf29414c4ef8aaf72653d506dc0061a
9c682971af0a08adbab6aeaef7637335758e75c7b748638e3fbe59693b1101bc
c045b52ddc9f90ff4de16c4e461fea8e86797a21152e79cde2518e05eac21d5f
f1854c04074a99d5f7c1f211d454f865ad2ba5c8a169c97fd76501de825b991f
dd3da208661ffc27c9fb9fdaedebca2453f69125a919d1dccee766c31bf4dcb1
7e56dc354e23ef68d76a5823b951ff4f05a0cdd5f6fc9e1c4b4d9f583d9b53be
c9b7ad2a1c2b525d80f904eaf17de534ebaa827ee63fc9068466361e289b4a4b
02a5789569638ab7b5f4e4012da9e7f9086312330e628c3b5c206e453453dd7b
1d98e1a0c1d4189ca90fd437ebdd1a9f82d16ef571575ca1532411d262f267b4
abb405aaaaf68d3d0a7c4d8d1122535d81424d8766819e52f4aa627179aee78c
bc26daed7a5274c06a3001bd7870d0acf6a22dfcb4f867459870b50763464dbc
141b16c341af72ba8371a58baf4e50ac82721a800595a2d4dacd17770e520624
e4ae5e4c6d8271555f7d75311c62dd3abe62610ec22d12ea453bc9ccc5acf113
1c455343082a19bdaba2e6c7abb2483216b4eca432851bf58e60ccfdc09fad75
b565feaad0a856db11d18204cf7fb4813fddf657d7a7a06de23c34fe668dbb56
d398e77132a0ed7ca39c2bc0fc29755f404d7b2d4ec4a8d64f8445305368b607
c63e2ea06b8335cace98a126ebb312b7124d601c25b0d87f68291b0501289df7
05d60d71b5422a6f2a7d471ce04d3e61d0d42b56755e2620d20fd64fd936ad12
813195e069e476d6bdc8e2427fb36622b1364f48bb227a9d57017d41c8ac12ea
cfafe8589ed3eed3527564305b7cba8320e5f9709fa7de8e7a41d2751de41799
c1f12e87f7feb4ad7f338601ad56af6e04290e1da414bb29c35fd547ccf5e1de
133b47c3948816f01eb900749be8cf5b8b360f192a928d898bfeee977230aa48
a6726cc634eed32f2050166ec6cac550cfe8a9d58b9c5d6fc60f17cc88def32e
abd6f156084b85fcd3305f10700ebd5390be7ca6089f7eaabec25966875276d0
20fcdeef085bc70d72f2bd882fcd38b39b208bf7360507cd2f6a0dc1a6824ef7
9378aa000c81f577ab61344a14b48748a850da8fe5e3cc473a347bb4eaa91782
b254caf8389bc7286e5e8d7816d82d001702522dcb38cdfdc15366e9409f202f
bda5e3c6cbd7692d572583efb3f2b7730c37fe706292f550d453bbd1b687404a
01e5dd2482d5a750963c9551d817d614080cdc8b24e8e447d53a9ed5e52e70cd
6c7fb367016add119d674fafd5f74260d28889fce67932987265070784e44a1a
195ddf12a111e806a44e257eb52c4715517cb1cbd21bb03e651269b9dad46cca
77b5e83337ba5a2bb87a8a581f5a8936a3fbfa2e7cbd58debb1873a81bfae110
50a8716329ff4c82e61cd9522c8ccb63c00da47f499d4d07ee498f8a8d57e120
2fe536aade3c7d8e3f9dac826258f0d224a721b7ae3e3d2e7135856545855505
c0019d43ef100f6c1472fd567e4bfb720b89cbdf80805bdb70831c54cabf3bbe
03e32be9e16e92dcb33225a96093d6c4d6621fc4199756127eda31fed0a7ed4c
3ee6c7c47cdd1f69cb95078277dc90bb224ee00ed1fe00999bcc2f6b4429e87a
ff0c94c07414b7de91786039d42971796ef02ea8a1986d23de48c509e51f6e6f
b9b2af67e133b759b30fbe7ba4782be255a2fcc24c1a3842aaaa259b770f5709
c6404bac3de2bae17be8afa0cfd44d5e89b5c023235d2540a373783016eebc8f
f79efdfdd95b33fe13002344b81d3aeecca7b2ff7f5fc2c7ac6679fcf9767e8c
a0bb7f85f48c326f79976fb2ed50b597d5f8599bf6220c247c23296f495d3057
97dbea81301787854648432f2618cdfa0912413a5f8184cb9330c591c14d9580
33f15b9615011463673b6746952cfac00b2f2c66a7e8ebc90498319ff4719e5c
ff4f081ef69aa5519a212bf4475d0f5874be00a7ae575fb445177d53c2ba33a6
c4b1443dc310af67989b0668ba933e72724d7b8f80a007125b912c91001a5148
383f0677183bdab0af8a37d196ac3f57edbb417ef357c358287beed2538d6809
1b56e5230ad37950268d716834797400fb5b131edd120361545ac76d1846cd63
1515377fc475bc9a575db6082789ef423804a88d8948f3abfeecf208f8759284
e9c3b0bd9a17373750273f4f2219813fa4ed7592c3c3cea434ad5e109bfeb751
09237a9b5f10052602c76ff6147acefb73295aabbded3c1a11b071d2a95388e1
c13d3b47fe45c1d72fd80b2b60fc43b5f97f9bf4ad6505bdc2b4c30d971a9387
6e53e41cbb8914a2f306c9eb12958f22adf88bde93b433993d3bbf7033580fae
b280533f681f5d1c247b9d16cd5e90cc2bcdae465cf89ee3dc2991d10f75e3ee
64ca7a93dca1910bb37f8a16ab8b5c9ef38154e084a5ed2909b7fe6e5fb07a62
090311d2fe5193c1a2c44126633bf2d4a013a9b889a6c738ee6885404bb05e6d
73ec6a9d26e7b86eeb90c32033b12c05cbaa8f6e3d7a9bedbdf4f4f9be337aa6
af055668a93593858507d82e2154e4bf75e962a32be443bc121ba3e25db7bc3b
0a57b0f27a7f069594688d3899ed4ea0e3ff9e3645cd3b0a62a37b02c13ec6c0
ccf8988b97a3e0f7eb971744e3eae2a6dd71144cd1e52f8d92193d9286e93eec
e0f26dcef04054df1297d47ee7c78754081ce75a7310d2253fc9c12082a646f1
699b1dd499a240382cb215e02c91be55ea47574509fe7cb9c78ae74e014d62cf
32b759fc92e66bfab0b18265655d89a1289e06254f397b7229149e1613930235
a5e2da3ebd069984942130ac9fde298b91cf70560f0eb9ddeda08584ab50f0ff
64b956cd6761f4ac889adecda14607f83a7cb32bd41443afcf5591b58619b41c
2299a2d886eaefb95668692bb0a7e43c95e5d8822f1b271f7a31e7c19c892efb
c7dda8faa5b81dbd7f8987b53dcaa66ca58141e6507ecb2417deb65d61d79ec4
fbe4b7f9ed669d970ed2966adccb9d4c9c076a1bb153c66ac6aa1e8bdd861be1
ede2aba1d4f1f5f54e059a00dfb5b5ef7f1a12a1f11f0e457469c406706b1bb4
13e14fa68601d4c08bc5fcf78ae8576beb9bf03a91702172798d3d66aea4fcb8
944f1392d5d8f0b549769470811efe715d1b4395222ce22bc956fb612dfc56bb
ae49c61086960761622f30541ee2725d00db9b92d9a90e5b9e47241f5f47f84f
1e9ea341be43c1700d5820554222121fc209aec8860fccb606137bb58738a9a0
7b39df9fb4405ae45abedaaa51b3c0e9da845b7e7d8856ea81ec4d681a0cd106
de37cf65fadfc509f843046a7d72ec7c827609ded1e961f94200f7c6207835b2
c4a0b2f27c9e5bbab4706c00b2c27387f46a73e7412234be3b2a87db731f9706
273f8812a6404d3cb7651a9b3c7abb0a8a16f73d6247ede86c427ba4d6d9868a
96083a237164a2e03c33357f5fd4f116b97d3d1b07c19389ee083a4595916000
148f6eaa53f85a14cea7311c095de51e7c90df1468e4d0e32d6de358a736f654
e7e2de54c576d65b516163627a3c379691a4579fa25bccf2bc4e7f4fe381fd89
a0cb235b38a952e6a652c52f4b3b97fe262b6cdb827d5b988b2c575795a7cf5b
7bcdb9e6f1198f45921adf066ade4298668831d4130e1bf23ffe7d20683e83a6
7944f6cbb272803b267f295e9468fd9e6420dfec39ad2b6124c58e06126b68e7
90569dcbbbe66858a878db376578c64667cb9a33659652c7fcee51d26d09c402
914c145b093370a447ee393f6982cda646b27ab4f94852b1357643d5d9d731b6
c29da0d23c9c6d25e0dea6a8b3acc692f59a2f1590c71517d193a94a6eb837f9
2675406384649fcfa0404361dec912bb983b807efb8bbdfe23bfeb1aa21606e2
38ff39d128a475857b1c0a2211ac64dbeb5f0c83bc48f61c52f81fe3434f7e93
662b10ed362c2d1320d798679604ba27ec35474e1e010036100b90202f53deaf
de64ca9d2e63204f067007e16fc8537e4fc97dbc35e7d58bb008dfe509d01f44
8fa4c824771af0aebb46292bf40fe0e900e8199c7ce5662500b11dedc0378e20
b4da4535b1634e597c2b89ecf1ca5e5fa8d01a1c846ba967c1ea6964c6a27d51
1d6ea8437da8ae2eec9a86f05f58137012cf95b0026d208a9f7fadbfe75ddaca
65d325a09de8ac375429f03bdecd6930c3e672b18628ae864d60663d90386c73
40464b2ce3d2ae9ce0bff1225d6464bb06affcbbc0b88f17b598668dfe0790ed
434f060f818cf6123e2813e2a1beba70b9b5531db0b707ec13868c257138fa86
f1ddd0654c520b8aae1df9b36b23ba6640e9e9991da26608db63fa8847eedba0
785227021bdb24bee6b4c2a8e87eec9fb78222b213b205ca3eef5f1f71a53ae0
7eb68359bdcb1830b17a46680133552ee931ffbe60b1b6f87132e1b4c4f23e85
bf2c09139e61385c7f249aa571c5cf63fa1e7965c10d4ace9a6fbf2472df6159
b4ba32f099ede3eaf804dc6cd6445b23ad09e441fb7298577b019c54d4b46d6b
c841c8c3432e1596bc359054f88c1a274a0a7c40d9203fa7193f05144e00689d
7c22647876ea73cf2ab287626ffeb11e962881f207cd558cd7ebb49d7a3ed00f
f5ab9dd094e8b071ac26926a1d9a0b5d9adffeb2da807c975a6af613509cec53
f88e3145faacc244a7172a80084a8ff71593078bdd617ed0a0b34867b77efaf8
eb3d3626febe0623ca24724b7652b67a105b235e627bd833a37ac00772ba3528
80709ce5c6cb0a2f2045c7c997f4cb765a650b2ff7706232b99cfe5777837e87
6c4249eb534487cbbe601dcf5707e80a1a428feb5dc5b0502afb56021d029209
fa0aa78d7122d1d71ffb80c67510a439c77316ce717675c41cf58a1d3f229ba5
1b1f5b48e93cf6ec086bb066b6dc1f85e939967a60949b2a12b5c41c615a3d8b
d4c5de0361f1035645fb4ac73694bbb44e0e6bb96f5125726a07185a3bc0463a
b459d904d1dee64b9b1de406f218fab9e2ea0ebb1241601ab60b42b697021460
6e6136ff15f882b568701fc3401d3d794d817d1791271966529c0f831f951b9a
cab9ed46269dd846b4b207f987b4d8670de0e65ab957b70a12298154ee83cd8e
496968de9f8d9fcfdf647567494e4568d928ec861e8e865669cc3206c9f84490
4afdc076fa6477722a8c443ae469de8ac2a7d30fa1d0bf97c65634aba342a902
a94607ac68b8114332d9aa3c26a22467f7ee0cf720588a2e8e016b502119f8de
2638bce2d98aec6bcc72ebc883f5d6b73393a34e6ff3c96ec049dcb9a7d46b0a
5058239af2d777659a4b5870d0879ad5be75b3fbf7d63da4eb11e28d1954d6f1
ef666ec03db2d00633a1e6a9947ca182e5e003453b3bd7c82a5605a7bf974d8e
0377887a3de1ea92741f404416c030f108e0fe3c40b4455be38fdf78fc6cce1a
40ea0722b0dd336c6786bb8b1ab0e59060f1c7fb03b0e7eba50923ad1bab8a2f
87e91dfc417e414c7d52ac29ade4160ee2e09683e7c228fb93c676ca2988bf6f
de4833e8e7f2790b2a893738ffa27cc9d95e41c4e617033af73bc6c5b3aadad9
f1262ab74e22bee49d43981833120db69a056bfb71a8df850ad421f5fd230b42
e4948450f5e6e4115f31541d015f60c1ad3f705ea8bfc5a340b0294f9f1b6a19
cb53242b051b8299623f6c423ff9f0d0875e06e4add29852b990e15fd27302c3
844c88cb7c96179a03748c2243ab2c870e83439005185e7d8dbb27d79bc126bc
a59a7b297a0ccbcfc1d0c4708a9f727f285bf2e4b26968570494a3553db69bbc
29d580610615207ce1b401deeb61433545ab0bb82be6e8198f3d27e9c38e07a0
0d42c03fcab28eebe0fad55606b8d02f65b518b19d547f0ed7ab8be60d38c78a
752518ea35794874ef80f7c5ff06db43acd60738d533187d177d429ab5efff53
467c8e7221644e287f7740f84839da15fbf64c36045d652b4211013e7a711745
fe4f6dbc215e4bdbca6d5d562a6696c9d7660caf098632e81da3f11bc7b44c7d
8c487849387533521a09be620b38a236f9923013a15d11bd86eb1b1134bebba6
70b87df9864c3188fd4bdf72242f7f2998356034e808e067de03c7c1f6bf78f0
33bb14eb12a2e9dcee68e9dcb3a07b7caebf42ae3b08353b798642a69eb3dae3
da076df67ebf05ff588415178756f5f5f9ebd987f9f130d3bcd5c87a5f019fd5
0a40a91a3714adad64714f78f14d67ee6206cff6c06830aa600412d2396fe88b
d5a09907ca095f08697d8ee1b986757076dafaf5f45f5e4f7d228faf905ad203
8940ba7e79cc31913683781dd15a97137fa3baa1d54012df8b9b295ae2ac0247
a83d668c51ce213290f789194f980499b1c59d3c02cfed4ac4f714a0364773f6
11a1447f7aee694caff87d85d7f37bdbc44662e20989ccdac559dca25a1ad4ea
0fbe4987f744a10d9a2b558ee0c2d74a097dd0bb0f950168d0f8a2ce00bdcce1
7a3f16a4be807b121139c24be0bc8962350662dc5b270e3821768dd21d57adc8
91c3a08dc83321ac26a28e7b1ceff21852fc0045c9593ec1101a713ba1bf3074
a701ff7eaa2db2d657b18dd94c4f88ba9bcc0094c5d9d63104b7532d3e25f44c
deca748e9c5ca5b9d49ac4f7d982df83de4185c254662c1db2b5533a47fd6f1f
ab06a8db448b02c6246568e8aa10fc1f23268f2a3df4d2ea8ba32ac71f7658ab
9a328838828c27aea93c0b61a8ce21b7be59781fd8254bcdd76dfef18545c7b6
ab373f7baea0ac9baa94eaf07290bf356582c8204ac47a1d6b2cb38fcc9dbe6e
e205138407e10df14ddcfdf6791e439918aa9a737ecc2558e733ad7d7aac23dc
ad9239d389ec6fdaf66bde4e534d1572259c296c9878bc156ce72aaf29ce7184
f5b63ae541294b19eb6fccc215f95a84c38ae733bbf76418293a1a9b8df94695
c8699ed6f0ed002b7a3e1106458970f1a161603a318512a95ab0d9841545b77d
2172acd954c6e345705cdd68284cc9e4a260d5ad58e861fe29ef17fef6e0b02b
ac7bd2f454398bcad986b667df63e1d5bf2c8c449b62b2590c5f280a5d0004ce
cdfff7de9d05b7ca879d606420ec637dee59ac776d7afdc8b0af3c27a9d458dd
3e23ca3403faad06ef0245af76b5c020decc834d257bfc23d7ad4f841f38677a
b8ad1cdd50f4a9006fb1da898812878dbe5be78ef82880345c487fb3271feb5f
dc80bfbd6f1b95f8618c091a7f1767aeb8dd1d8e90680c61e4eb6ba253002adc
ccf6e3877bf54d428e860c0ccffef6b8b757de29aa80d40e4e8bec686dbd8da9
6e8e3c377888dd7ccf6b9ff5909ebc1eb1d455f1be9b8b92b8dffa95a5665bde
b4a31c29950687c7fa35b7a7846b13d9166dc6a5f7854f787f48ae964805ef6b
d10e86f3cc95ec695143fc4063e75dd1ec4b7d6888ec573733a8b5bc07208d27
fffc948249e5624ea244856e92e48a1e993c2fb3192aeaed5163063427e7bda4
9a5fba45f6f0b8a8e2f74a45bae3708cf3737abc75295f4772b4b11e63dd2dce
0423abdc95ae98ebb89a8b9eeaa6b7c8799bd47dd28ff81168150a262ed2cafe
dee61cab806bed217bee3c727e0ec424edd78778d8c6c4399b9c0ff1173ce88e
d7a7d9acfb2f4f31839707ef8a24bef319c92acc092b7ff901098a1c22b3d11a
e01e87cdeccb5667201977374fcc4f2caeb025570314814b279b1b83c750f7c4
13bb1edc5911a74a94106ef05e32ef07d67135821731b78f182f9064269407ec
fcb6dae36e439f62bfe707f6c02e258aba3e7fb6ab5702d27f538b39c7198963
13ce08296bf77f40d7b3539857b0aea6ab41ab1a7742080357bc0bbba881248e
b56ac030587cbf73ae76b2117d13bf91dc23eab1ab2b96d0b9abec6745146d36
df62c4861002444cf60cfd4106e1013541cc171323cd3de52d0b29be59dd3a3a
72be0a839d8ad36fbd2f5b2c2c8e7e2cab70cd8fd4976276bae451a77bd4a718
a995cc38abeed71e7e29c70443b89810c5ed4744bdbeb422e8276c9919946c10
48f56866b45d28d897b71c6ab24b26831b67af41d74ecb4d4eb1c50634f8a6dc
a0c23623236a8a0a835ff5fb0c47c3285c7ade19edae76ea074741980741f47e
fa73a2c0965a1eda7b40684c9cb423e1d3cc582775fc443df05a6c0bcf62fec8
71ce659fb9b8649b5787eee254a9892931fd6d62806682a0cce534ed29564990
6d6ce28af89dcff23a49bb964a0a722ddddab040eae4e8724455e64b01112e6d
37ec81b5e902f60fcff787a01d894309ab689b9420814a02c9f23679b78aa579
4c613475d52f1bb7eb92c5f17178fec19b3b7fa59682a77fd7855c9b781d9180
aa5f55e464ac28a5c60f613b0dda8c29bcda62820819d5c7d0faabd52143d746
19e757fc84ba6f32fe694772c9a5162985c76003f2e4c7d3e976fccd65f2242f
bec19b280299c8575e2efa3d42c1992576ea6f89c18f0c64796b5e938a4963e2
bacddf5c41a858d3e35c9f6e14f5548b0f51231d46411b9921320f5a58276a47
abf80755c583cde93ba49287427baa76f3d659f1122db7828fd42e818df3358f
447e852d66cdea8e7b10639d3cd92ad03febe561da53ab5b50ae5bb8483bb33d
06f753ce6b5362536baa33d41e9d36ce06e35ec25b6d496de4067d676669523f
c581886416196b209ebc002b59499b854f6a42095757fb475d431e0ce5059116
0a92acc3aed68c2de68826bd9b17e9b03fbe09dc64a69ded8359e9f0adbac89b
e36767ce23a8cc47db86717b76673400e98d9f8c58cefdcd1ff923c56e3b785f
623e5375fe64c6a3eb39537120a5678eab5089ccca0b6e459400b15ed6a5015f
9a4805cbf55cc44c34d65b94ec81e501db3f0cf6e70ac5022f069c0056d26aaa
e5eaebb9fdbeb5b828f5b515295399d2531cae704f0431e34e235087eaedff7f
3a9fbe051a021354623c960a8ccc793490a19ca9d30f5804373898d4d17a830b
dc008780e3ad9bf31e64a99493906c395048957b09ad6de149112eddef491fd5
21dc2a8c7d409437accdbbcea1bc9e3d1012aeeb330eb1a757dad802aded0e68
2008a17de5a96164ef331b789aaea8a7b21f5f74dcdf45716e87209cb489daec
e628361acc63e7646a16b501375d69f201f273c66d7bd69510475435d531aa7a
5b64ca9e2ba56156e36df42053c488ae0861f3183262bae0d73af3607b815038
69fbb28ac78020c7a0abb384e6cca298509d05335fd8778354e7c25a2153cc24
f2a2581cf2ce7b102546dfbeb680193f030b87d03f3b4271b9a2349f02a70fc2
f37492aa81547b2c76be1e6679a32fd392d67049c1f88c6a7f2fa7d3c1872fe1
90c6755cc6be8d9261d564cc929113a0e2b1071e6bbdab71c6ecf26e0c13debf
14d8bfa2c77120f999b9519e6f2a8395985c26b35ab8ced2c05a256a51fc9b5f
85ce8e94a3387366f43d193cb5c94186ec998050d87ca3df65e771efd8d1a2ad
ae9e5e5030ca9d90d183456db58b5ace2cee6ce6e242118f5d1f26c1fee083ac
2dd7a2b598da7456e8fb150959e125981c5a80b34ede3dd3eb783ca8638f7c29
7b2afafe5eed8d3df8d6dcf2be6f64de9ffb80dd0b0b1cebb6a3a0d91c11dd6e
1137809d5eedb7698b7e54e0154a284f21a41ed27d4a4382fe156afa5b1d9936
3e3aac421dff56dd1c8a58db29d2de0633ee0ef5234c414b34357b26f7d99413
17618d115972d88fb61f31a9b3812a561170c8acd9c4549e6e38daa134a3b434
433ddac504b641eeef3e3c9d6b271deff33c877b8af4a7339cb5eae3f85164e8
ecfda544b0174c9a4c3609c9eb6488139d704ea4f8a174e96b576bbdcf8c47bb
49c5318bd03c13843465970e879b666dd91b716545d55bf21ef965300a60bed9
428e594d69bdc60e8c49b0ee8c5de52954c7ea5a5a190308d3b37ce7f5187d3a
b2dcbc9ed53182f0ed9c811261f5d76453b57888dc44117dff07ad727862b100
6dfd390b4b5740475aeaf5e6205a2f5a0bf4afc98a83030321e606d69ffddfeb
69d264964a989ae0ef0ede41a643d7ba097fce67ff60a07d861df1db32b8b2f5
f05b64ea8bdc26bf0d3e3665fb04c8381c1ad0554d9f399ac4727a36d8773067
2e33a55bb3e5621a8715537a7e6cb4a2e629402afcca62da657e61aa094c43a5
ed49323ebbd43dbc71e0a532d9edd1a7fcb8080430a3ed3b0b7f12adc5f3c5ea
e360381701e22912c9229f6292520d654cfeb89d5747872fa957d36fcc6283ec
1758fd91af48c26f8851d9fba7880e7c49f4f5663033ef7b6156d4a3a2d5e5ad
7472cf35dd23ea3c0ce7b1655d2bd948812e4a6cb83ed8c5b3a8cd6eb47baa05
d6774ce4f094a18d66d6261eb870df5b4301d1c5f00238da68f297ff84241324
44fe923579f63874359b4919d7f098d36994f288ef36d08790d775811441d90b
838737efe3347ac41b21de6f265cf77162529293e8b3ff4b7060075c67f4d487
4787899048afd461b76368f29f86204dc4b4f75300b4e99e3bab013617bea0ca
fdb5f19070999f01d98c7f487cd6e45e700b37cb94af850655cd25bbcec0c218
162c19314aede17c98e71a892898851c42ba1bc5986799eb4e532549f2ce5bea
5bf7e38a9aa7c935a2906611612f1507a494580bf4e4fa9e0785192ed795d893
6bb0f8676c4602c71be05ff7f2adfebc6d948c753571ae3eea044aba2eaf98b5
1cc047fd2e6e4db4c69583b425906e355b0c77bb42080bb00ea823c0c0ed3fc9
c1e4aedffe4cd4e3fbcb1979770913b4b7866cd292a72d2ac9b1baad1fb5aed4
2d52394e1e1587622795c9f3234a155f75e5df742543f0e865c1b19e6e7e427a
82d52bd5c76d3891a44353e6ccc281c1c1e9c6408f2b2c90b6d00826ba735bf9
d2f5c9c64bd8d83c0babae4f35e55f083a9fb4a8324e3eab7a422a926afd2ec2
5cea7179578fe69726e0d8315d9da94ba87f779de1c34ee77318cd9cfa233da2
d1951184278d29449c10e04df47878c7db511426ead4df0b11aa5c9965e7a41b
e3d31b3dc9f13c35cd95bbaa33900937c9d9523987cb78b782cc320001046d7b
111606deb304fb255bc962e44e7bc35c17777e581d136042c26a871d7a7d55a1
48593bc5ab618e027d1a0d7375ea5038c62061d5d8199d741a6690c73ba0bfe8
bab421938e3e41312eb774b7bdc6d681223d4f4af62cd73c372fa4838c5a5b00
aeb1806bc3125a02f54333b87f5677fbe0371b806613355d3f9f9f6fa523b037
e30fae17633b9b1e84d452d54b16cb564a0cf7f6f7fe7a7a4dc27f40f6604395
61d840d850e90ab3ef6d40f8a5bcbdd6b9dea8723619e41d2c5ad9793c117e04
3221af0525ad17a647cfd9ffe9b59e25c45bd7c13959d32939021c4ecc2c9450
3b89f4b0d1b6dd20ba04a7970ce11ec21c4f6989a1db04dd7f193494b8ad7bd8
9a6d518514698facdf323fa9ec9638c9086767c065c462d02c2321959dda0ba2
b8228448affef8b9e45223ba3b4672a27ae937cb656b3f3883568d7b0dae12e4
e193f4f956f386d5f0ec20995d50a7cf4c00ebbe07959fe5c9ed1d071c8ebb65
9b9d249daf5a44eeabd6c31993e2a31f179e627511999fe37594a1881d52555d
24de2a70d985d48afdd8bb2b506af9f7a295c951e94ef9a5ee9ff3511fb8df3d
4def048d6b997720e6dfcff5b6096a709952d2b619946f22e36cd6d409f0922f
99dc4bbeb63fd9055aab470ed2b8a8e550ce74c7bbfa4210babff4e3b0769b29
e1a85e4900889da7931e476f9ab780f374d300a35afde0e0b441205ce4389e05
c0e8baa5a6247ff5901175701ed4098c1a6f335c35027c80e31cff74e6d433b4
f92c74faa59c362ab1219c89cdde4a755ec1641d6f5d4035e29150cbe2c65f56
707195b7d90bf7d20bd1a092e08bc2a18aeae89f97a94f12459ecb4fd071d0a4
a49aca9840282ccd404857da54f42a7374db558577727a8438c441d06dd3bc07
3de561010c477a059f4dc73f35ac81d2a748bc807f3a8b88e969ba80804cc393
2927ff25c551ac7a61146375082387528e9576f77f2694ed8e6a0670b6804423
2272042a6c08ee5e58187d74858d28b109a726eb3095463cf2c622bceb555e6d
d2a14cb7ad5f7c9b3a0943edd93ca47874d32f6b8ba36ba155900424f9223086
2558a8381506d2c01ff0e970f71d73522f116d545aaa339bd310db6f0626dc55
02c5534ef699158fadd4a0a0080c382a7a0dc20b802b6c37bc942524f533bf44
dc8a90dee9d193861abf9cc7f2c1941d52254ef4775a5912a76942c939d90e48
82343d7047250451293b69ef05ecb42f0a94c801fb6043b00f9094f73f977190
65b000cd43818ac6d8cbf7ca0fd2879d7285570a8085213f8523c1f42e36b76f
8089be72bb343eb49959b5c11b09f902b930ab551c8b77776adbd41af645b126
3cc6d81aa3d86e438df3f53f477e1fa1d716bd1d99f0afed6eea4b093a1f2ce8
98cedd8c46b5f15481b182a1b09bfde7eef56a8e86da1c168d9237093dbc2043
15710762a9649146e7da9e64a728d1abfe569a406b87d7225938a1254c81139d
548ad4104c0a7d291eaa1a600eea07256df2128e2d9bcd4ace3a30c693eb1ae5
50ecf41922fb4029d3a176e2834e41044a94b4fcd2919741399ea37e263b2708
272c619742638c65689d7626bc502cf5631ccf73052a57b30a9ac2d215b3908d
01ab4e674b90b357191c2f01d953fc46132b47f6c088842dd02151fa98af8b2a
f72587a1a2dc1b6a22e63feac2669ccecc06b0333fe185bd351c102b8eec5525
25943f1d4f519b2abb71e2d2617f5b17e5f8489e955f333bb76229de6557efb9
5deca16322274645207523c756ba7ef672750d0bdf265319fe281b7c7fc37406
0f9f23ffec375ca598ddb3a763de14374e7d26b2ddbfd2194682fe76dbb03968
3bc22546ece08b0ea2e99db33de2e9179e3463bae41fa3251d0e137e893c3fe2
33f84d0a612dde0e091c0477463060eb34f1cefcede3605ee12245fe327fe50a
97b1a9f6d27abd2f3e3b5da0a7421318b0b605e4a838d31ab0cd1f2d56299304
02a66b40f90c044a0fd7d5397c8afa8da8f968e4796a59ec0f5ce71fa07c632a
f632656a27a89f9cb2c459c8f5fa02dcd56e5b674583fc4f1294974254ec1ee7
c6ba3f1d781acc07707397d222345a3c9d51dfa5d4f4ad804b9f94205fdbcb63
1825aa08417461be885c3b0320b494880bb38650c0239bcedb1ec47da0baf778
73a80041de84e52b6b408d99fe415117b017392027ea89113cd81cb4bb0f35f9
41cbc30a76a89611dfedfebf336e977c8b2108ad216e08527f6496a3236b5ce2
9158d99dd56cb502fedb944c6a97c51a27daa9ddde16ee1dcd38cdc8fa05e0b1
f810b1a3b741c984e41ab6e4d66055d7824eda5e6651493e8b4a2c449cb572ff
383cd96cbc23a86106f3f74e726252d3c237321da05a277c0038bafa0ebd1f22
846d0513065ce7e4cfcfe31e2c5e088fded85931c6a14d282cef3aa820ef9c91
ccfb0b6bc0455c2740578e0f3cfd7c0cd3386f202e8da341284efb2325df2482
7613f9325bd6e5fc45b36b2ced2fb83cd5664751a28b03c3ec87ca76a9e800ec
3c0a6ba11e4a9c605e3791dceeb46ecc71f3522c172bbf566509c6706fb512e2
79c1e6e15b26844d2129b88ad97fab45313ebfde187538ad89ac552927988134
8b5f42bf909234c6a39defae68a41bcb26dfce4a08e5cdf50518f69f0aa1b1c0
99357ed22c9c15c51ff6cbc7b847c3ce705a56fc195725add077313fba07ad34
c0926bb12283171b16fa0ae18ca600c6641d6a06479b8b3ea70512012d3483ae
fc0d69e83b932c8e36cc31c459245c5cf2df6f3be59b20940bf2a7004f5cbf1e
d8605e48e4629b7d2e6c0aefb1f8c4bb45571d5e00bb3edbad577aae12df7835
5ff5310a35e3ba5e1275c3eab700a5ac95a5eac84ebb92a127d5fa760de7949c
98c084da7accc646baea1315166f7109543e58e065502175a572293c9284ed7c
b11dc32e0f7b1c840da3fc4fdeaac8ed905b2489783b5286df45dba671e5fcb4
32c2e8a7e49b3da3384f33570683f4000df91d970c888b72ab91d80f1d4fed7e
76fe2625433152670f751225381eab3549a74b28323fd6243a8f9e51bf2bdc3e
ed85bdd47111b3f15a6294cfda43c1a9ca21ddcfaf7c9d49adb3685e978a7162
ab803f1d71e934874f7f67afb9dc4018ac10a8853efe85e67e21ab68f00afcbf
c256ab9dc86f3bfa7357da2deba792b26748873a63a0a0b4a6d6cf62a8b5866e
214c1ff816ef9722469291e45742869873b3af8b8a20e7b7caa6cb3acb4a539f
aa84b9b33e50b71fe6ce5ea9d8cb90ee11b5085a8650f6e3d140ac2e0db014c7
339dba6a61dbaff52152e0699bf090ab8dc9ff154e994cd680cc7f193219132f
806458bc6d222ee138a39211c8c5cf10a469c429a3211dc7f9ef82ae9ddc3789
7a1e823ffe75a6b556abd2fb76ceabc9842cdffc599ce1794e801d8d963cc02f
0c165b236b08ad2d0bc16655e328f00d32f58a4407f500c0a74284c82e282e4d
3f05e7477f8c5a6b3825b0cd426f711cf77823f9d4645c4336811d92203ba1dc
5d3a1b0ad280724b64876a92fc74f60b5658a5ccbf5be37447262db566fd4ced
118235db306c1c2bb5e46ace7c7f81f57f05ae78e6d94797220188ac6353a34e
286a0d693bf8ffcb9d9ebd9866f925ceb0f81c016a26a51ad48da4605988220a
a8f5d32be29def6fe03bd6e583170cc27eaf41343d868010f814f1f423acf8e8
5fe754f05adf9692abecd224b64361a84b0a87f0d741aecc70e99ac780eff0ef
b822f4c0dca0ad2f06758938b4c1f3202478ed08b964f571008ac2e5f02321bd
1a6b386502770afebfe1be4c2dee2998e29c81268dbad2c71088539e4e6373ea
a61ffa9d4f30ce437c62aeae509a000a2f9acff381004958c31e26410d854c6a
e94f4ed146960b58751e149fe6e2ca27868ebed48c76a19a13be511e39af2a29
82bc5fc300f7eb3c1d3cf70ab01fbc6bb8de2acbce0801c964b578581e24d481
9667d1adf2ce801c6a278d691e525892cfd516eee7b10f7e11d6bdd762e14471
2cac15b23539c77d3f34e3f8d539012d67a5851c64399925b6211532bdcdbb25
53d1245043a9df0eccdf87d6fa7ef079b9beb893f89ee252ed53db4dc3e809ca
297aef61aef5e9ab0627fefb66c5f06c4ddb0f372c2ce7a4184347cd8a1950d8
6e0d8b15d20d7c2e0afe69af18298ab49d48f8eba3e5b7913998a3b9aafdfd60
5430251e7b2f7061b9803244d4aa3534e18b3dcdd6f1d2d189e9beabc7a09b93
f86f9f90fdfa6747ced4daf5e2b491c62b3119417f4eefc65ad10e6e3ac4c8d9
fc3807d5a970f2ac5626a02df2502cf3790837be17dbcc8ccce84242ee63f7ec
609f6d2b6530b4334fe3a86f98a1a46b5caaeaf824760b48ecb1a7c7b48737ee
c49000401ffd1d3b6be6e6da855d076822f8531257c41775401676b15b264cdc
3a27b9960681824b0b48c7b83a815d9e34e440861cde24b8281230fb8656c7aa
7d47c443478d23183d1506dc3f9f13fcbbc54a7f849c23235bf436d62b28b3ee
2937d1640daf12edb55e4cf3a170b956307b020dd4061c12c9157e51dec79922
ab5222b03ae7d82798ec94ce9c6475cfaf0a154d5be44bf1762aa021974b88a9
5641ce4b390250f671dd9c29d2da4e8185c58181c6de1299dacdc008c51b2302
e1a417f145d075ca46abfb75c3fa52d3c70390e05ba7f3bc4331a21ebe530214
9d018c9dc950057ecdd7df377fbf3e9c8d58736d79da726d8c956a9ca1db0326
286fea2dd1aabf501c7a7a5f51406b2104d50a4cf10d58e1e9566020741e66d6
77a5127b26ce6a9f308e8d660de3587c2397105a220aa0d20fbead4a48232cef
b8f8c0667b62ac85a2c0a9dc09ad666d6ac10923cc75c8b0a986367d4f224765
1d181a3ccfa520ed34de6ab808dc4a1056f874dbfee69087f1a0899a7e418968
743c8c7e66ed2593c930e71685650e141199e12b9036459a564968757df058b2
b816681f4ba942c8499657e6d5d5f9bcc4f05e4e8e657290f7d286646519c6c0
1b138dcc22954a36aa72205c4c3ca4714f50f4a2b0f1e8892e82cfa5cc72a7c6
48ee4ed93518b1790a5e40f83570d4a58aeab25f2e596d22bc9a3911246a46d0
ae8d686bd68dc886c206f5c07f7919ebe94c2027517589f6db1b93e82ff15f17
427eaf803ff8fc4f0ea37e80e4933ff74c15365076e9a8fba0fcee0f3ae549c9
ed153789bf5b6b5fffd4ecd9e12fa16dea79cfa173ee9262f84fc3e2d69aabe9
640f2da98c5f7690e9f4b66221e45d5a02b92ac744dda45d062c4923043a7ffc
6c22acb03787be2dafc0d5ebdf30241d5bc79428cae5c4a43f6c5a2dbe6dfc42
aa99687cbe957be410bd9b6a8befa86247b44172919a5f6a856d03656acff40a
885fab37ce52a45adeb7c8025800bfed480249e94a959fba13420f86fb5ad3ad
47cac84e9ebe107998b96c76e157ab6a6d14038269be1bd2f071e5963f06f4d2
c530ad5418549ae1c771975d963d88a89c91a96c1eef89b70d5974b769d53949
0a9b8ccf581c40f61616c85cbc5eca05e86fc301fc1b108aac7a943bb5839a33
eb75f5e64f818165ab3ccc0dcd45d3896a6f4b6e9dce171bb787e3275b8b8d90
fbfdc7b40d96f36d75463371bb69542d63a20e91d658ce29d69a38697f9141d9
2bd6327f26f17541e7f399c276e9b21cfcc9b7aca4954a1f549111a9284ef2c3
1fa4b9ba922811baf2b66b1ab1ee6c96054cd8f87fd3c8404d5d65742eee31a1
f739b39efcbdb66ef1107707bb37d79d5ec42a803137ca1eaa0dd440e6a49637
feab1f74410cb305a5184597f07aa5729ebcc1a803363ebf9bac5c06a20e6e97
6fef9e2feef2439f0d730b105affb2928a6deca9bb624889bb04514e5341beae
5203b1f3ac20406dde965821ab8f8ede753e29ff59d4e60029e18052fc98149f
51d46080e5b58e006902022e1580ac746e24a78ba4c0dbccce7d2102fe78cddc
2b6bfb15ecdbfb7bb47d8d7b38f7fbf25d9f9f3fe2ae87c0c818b9916eba6f18
16056d042b3dfd7cc385fcaf1928c4ce24e49d6ab92126e1c0e110a1e412da82
804ce20709d7e28c6e370f661e80620e173719b0e2290979d97e67ce0557d404
27acb41b53c7a9150bc9682ea86acd66724609f950e55285e703adfcb0b92c55
6cce36c391591de1dc5b8fc3b554f7dd0eea36c13d4dcbe174bc8c68c270eced
f8f66ed37ad912e688f0616e90d39b1c829b3eade8e7d87ae9ed8997aa74100f
ebe6ca07273f68c1a3fd9112cd967c6529d18d2c39116e3d8f7d27b6ffd7956b
172ecb8544b6d98881eedc5a447bda94fe1962e025bab78b5ebf84f03c8efe2d
37729c65455800fcec1be98b9066a3aba40f3afd6334552d3c416942a09211e5
9755cf6909eb6b34bc167a80633231aae7b1d116f0eafd3ee457cdb40e3b62ba
d44ba735d95206e1d92bdc4f46bc5595bdb0027a46ddc45cb11684dc541725ea
b5c5992dcdd88ea412ac9c7e49d0e1add05adef541f234c2f5c8711bc44849d3
ad7c20cfa545c89ebad76e09e1602a08be452180d765eb8ced7ed9395cfc2f07
591d3f0aa0943e76483ce783f84426ed2bda611abfcbcdd6f6070fdfef8c2a00
05a21f296f4c41a4c6fdd98b3819b103e5a0baeebccf4d2d7258b5ca35a87827
6860948d7cee6fc16da61c001679d5f17d33b3099fca73dedeede371a35694e1
2106d0613d346974822a361bee117ccf65897994908a9979065bacda1bc29833
af4b2db08b6dd2fd8653ac68c1b25d5f3183516dfe0320e01f5283adbdb57061
6787f8258300ca4b92bec3eca12bfb50ff2a3dab284ca0b2874a2012e2c99e81
fda99cff0bac68cda9ec874ffd84d90340dd7247497c170ff157fc118feeb111
e1e3af9bc561e7a27f929154424c0e28ff288ffdf54146d517314036ff411919
8cf980c30e0ed78c820fd7f258a78e072c2aeecbf629184bbf672d56eb3cc3da
ec3e8b06ac2db578495729fcd57fa4f99a6c74a91d8941f370b0c22c15333338
e0a711142af33fad3d21827b55dfdca03fddabc6e0c2b8b39f05e182b07b1e3e
d03aa33843a56943b31819f8489575d18fa712fdadf69317e6945745dd53c954
0790150c69b535be1a3f6d8d6c3c226475336d5a1fd4e5fbd295e2f0dc84c0f5
b7288a7de9edab6509cde9120824b13036ab3aae2ac143a6af76830f83e1b42d
190168705050f6f6823a2021155d3b83d036dcb110e6348d86833c2e9a890daf
ccc08431db1f06afc36c3ee13d9e4e7769e22407a46304b68398da85586c6e5f
9c35f41f6b70c65d068d867ac2b5b6bd44968cc737b55e7cc2db4b6def8ebdbf
9d3ccb946f55aa59cbf2d80b9dbbfe3b4ec9f2734a7888c64c79922bdfa37cbc
4d9eafa25353c81b6f7d73c7c0cdbeb8756f37a13e20211fac2b96ea87614236
664f8ca3d911e86ea11c6ecd30804cadbe8ec8edf5a6824ec9bc31d9ebd2c323
9e3144ed1a75d4d903aee9c47399daf2ce3f957b7c8a7cbcfdd1f850dde52217
5560ea8431a889cfa587558d1b170d27eed405fc4505113990ff3d182635167a
b05ea18ce658004ec2e5ba55370eb3656987c7c7534cc56646c38f5443516b04
19742d0b4791a002ffe474cc681effa7d73d0a2fb8e5fb2d54a80113f12e1b5e
e74dd807ba24487af3644c7f84155a35d788a486a11a6c62750d9bf5b829f5b1
07b2da23d3b2c8acd8e38459468c321e94db270caf87f01f631c7c5a96b951b3
4041ecd46ae0077f1f77f9dd12d3f0512d7eff5f67385e38412f36a22fc7edb0
83621da2db46dbf7101da510eefda6b68a4d2f12b65f592d50c0f7ebfb690164
26ec15178119d0018128cc25166ba8c4363a78f41901b2c6599980af5b261854
1e83649dd22917a6fbfb17a9f58e7296c39b749e06a005bd606dfab1859b3475
d5f52e1545adf1b79235ef88aa96cc4b592fd335458d4251dd3daf6625b99559
c2bda73c20216690a250b1a38dce499410f85250d4f8eba35c7641478e10d5bd
e27e6197daeb9dd4c42210fcfb509721842890d817fb03e421483f291a4fe0fa
f9541dc22c6ce9c3cc4012771fa5c5e80f6ee9b011f818329624116da5b86457
a5212346069c8dd63567d536caa67d68e525209837a8172399fba4c08a186045
dc00df224c9339308c0abc43b398ffdc2cf45e9bcfe6609455bf60da94f35f81
6b9e1dd9a497772d20ed77c6c34dd8acea2075eda1c3c680d2e2195faedcd2a3
1cbdfc791200fcaf6f6478f8ec1bc51fc141c55d98584a841d9516db3d455dae
a4f44ed07dabfb32329aa3b2a9c2f7e90063f5c9c8cb73d117f74be4a976ac8f
7f985050869fd8b9d26dbe0ae86c8bf1c09c999a061a81530ceda36e36758929
cf6b2af66eed9a93aea23aed0c8d0c20bb4010c64e151ea4ff5a63dfeebe6cf6
2066b41857e91ad190698da574a3fa4a082d73b7e0e94c0eab36f7a1c4d9559d
9c77f938a28505902796bf3a02b1a87cb3c67049d001bad996826380522b24df
676538024ea4dc631995710307fc8badd65ceafde8dd164062f3d53b35d6c23b
7cfdb661396415b4b093ad6c7c07e335444039ed32a4c94096880e7b5d122c6e
79afedeec7e327a909bb3bd8770aa3b4b4197c6389ed059f7a68c8a2856f1174
774f0ec4b057a2b7318b7acc07d0e6063c2c64d861c4ca324c271b6284f87b80
172da35529b270cd8d158a6e8e5903e2249c03fdae186552b738a5b85ddbe34e
1accfd0fcfdcae0dfc73e814b20e82e701d5ee19d35072d3949b7e023e96eaac
06047dc4001c1653dea0b5fd7002c8e74846fab79498864ca673e61ec2d750c2
04e89a254e3568afdbfe396e951e6f9eb9454fcbf908ba332815f6c1093dbbb5
fb988eee70ef05b446d99706130ebaaa483d96a8eb9ad8838a74e042c84f9074
25182bad07793c8e09d1c3b33034d0b54103203bb46c6376f4c9ae2cb35605a6
6d797bff331792ebb1ae7dd188f252d6ca428aadd830214cc26b5207c5428349
3f7ca0fc7832f982efb68971f7eeb7e6ffccc371b00d259bbbb9d4da5dd66fc0
0205ade9194c6bdb8a2f222aa042b35bcf858521ebbf9883f4a90d17a625dd88
d7e9ee6bcc52e4320d8b82fb8f30da3643ae0bb421cad84ec25c3c910101d7cd
8393856ba399fbdd8cf112b05f576947e7f0e1d0b5cd1692940837c84c5ee56f
929bdb29f54d9647bf4e97f20c15cefdb3e70a12b2d11f5e5f91fe6c9081efd7
b35e6e1083424645b8a45ccd7fe4e0d23988039c803c587aa72345c2759f9cd5
7e2cb58e3e5ee9044d2c74c8cc718928a086e5705a2ec7adb457e3bd707db6f7
a65769e6c203ed089de1198916543f3dcaa7236216fb1c0d719b4794dd7ccd6a
4e093fb6c26534b4d33b580eda24d492641c949beb237c5f8ac47b3ad46d50cd
53b1c21ba4a2d0a93c38b61265205f0bac02949806bf6132cc35ee015ce0041d
f08b75a60361fe5283ddd6ae1448b79d5e9e5cdff0fa285fe97fbef7f5048f0b
b1d0738bec4a08de77f1c461b6afbe5cda4dfc0dc4ec5e496f99b6f990db8037
935f0c2492ea5bfb3bac7b70cf738d5eada214927434f56407017b9d48c142e6
3e460987c77acb022cb4f4f572ae9d3451408cb39a32911eefa77e4c271339a1
be13de3d0c93fe927fe892e89f5e90f6283a5039ea699a551148aad79482919d
d795205ca5c83c5edc25fc698e192411412aea92ca4b77f4fbe2c1ee6462548c
699f81258f1e6dbcebed59298134f56371145a16dc4de139f4c22933674cd7d1
e32dceed35afa4a4bc5aa34cf351a2d9d330705296d2d2c3434aa1ef3d59c5df
dd42f66d11f8abd8746ddf66fa05675fc7329b7eeb03e9b93481fcb57307370f
23922c617b8a062e42af578b04dea0da869cd7f69ee90604a8c55364d1abae1b
75e7ea670e716daba50f4869ede6771d1b70f084147d8b7964dd63aa7f61d0fc
df001d60216412975d90efbd6f41ca5a20d2ebe0bc87bbaa2fca0c2afa46b3d9
f320cac0677ae2bb3bc6a829fa86f45ce6379fde4f2759e5fd54a73c44db251a
3f79a92a1c6a2addd95b420cf838b067c420eff2075059c77c00c5ae7d14915f
d2354f7cb506e87ba0eec5d9b7084b79875840d9b20f30ac8c1ddbf53f036078
c89d35e73ba05c40474dcbb4c0b5741c878f8b31df68f7f3f70ecb5b0fc6f45d
13f148fc9db0bb75b9e8530bbe6a0e5c3aeedd7c1ce3fef82f21635142e90eb9
fc2e11e401115945e4a4d808067df3e77601eab5acdcd6dbc54f48dd1c4cf534
4b261e9734d1b8b190d1525eeda67868ca3e49e110f0a13b56a378b11756dedb
9404e7f7264c744b90470e92ac6aa836d7d5506a3c558c420f88ccf05f5921ec
6ae11cb5800ec33380374c28107273f64a1cbe4be909cfffcdc3a1872123fdae
99ec0f375cb888184ccf948349584c13c43279fbde0d594226ec26ea41a2da70
2a174d0400ca892540696e1f06ea35bc703c741fa7753e18d23b9bbfeec04215
0af0472631a1860086339caeb17d12016c2189b7fa6593ddeaff4b538961135e
7cc2b344cedd51579122f44125177dcf9e69f001862df3a9302c11c9238f0a4d
2328ddf2f9564d14e23c677039716e55cbe896d53a3869483ff6453348bd3d5a
87d2091d7fe5c33dce3ffdbdd2816e0a5c755fa030b2d772692c538635fbc65c
0f2acf00fb2609810c9e511446ccace22db2f7298356bd900407a805008ffcb1
e6ba9a9ce4e4ca22ed4011ccbc6c5c10d8deda3be3d1c38b1f7bd44a69988d1c
b5c15abc9aabefda6d465f6b27a003aba2c7214dc81ad856a6be3a7fc998db07
6265c8a05f56ca6b2d80b98cabd29b37c705d38f88eea563e9fa373399eddd1e
77919628443084160d318259e6dd621fd3bca5a549ab56d87b2073dc75723e79
3cafeb8144130d2be08c79824bc923359ee9c5ba9e0bb1cff066d822dc57182c
d4ca4a511214d4bc9a1efc85693d942e835fef3f77fe0cc5e5a3f74189ae0c71
61a4e650a658e72a9e8125958ed170bfe7c8c9952c9afeab38d230434992264f
a26c7cfb9bb69efd59f60645e119f42410b122d09fd06731b9211eb0ae0e8d8a
f49aa00ca6d61bfe829befd86403d1b949c2d3c9a4d17604b0a4fbd13b5e86e2
39403846567fce56ffffa464f907f5a242d9037fffe2b576ca8ec2036c6efb82
a513d3a9785beab7f0b539d7d7d8f8ffbb9494ee8df2bdd7f9d6fc82cfdf7ebf
bc987caf087e4b47310fc67f3cfb67c9a83d9356e2d2edfd12f974d6e4c08d9c
5ea0b68ec703a7a1322c5f097fc04dfeffe29efe52bb654170089536230867b9
a8280571c3fd75e458d38cf87d900c7ec37ea48b49b7c18c1bd96eee1eedea51
fdd5e138c9e46b288669f64183ea11d7305f8c4f6c574cdeac35cd90f27708fe
d65c874c56abe6af8d95f0b4127b906feea789db8a013b988018e6c5abc5ffb0
7803159ad25eb25b3f50260f59f61ad8742d3fdf29e0f534f68477bb8f1b0703
76291a1ef7091891fcc7023da5fc18a87b8f805ad85b238366c70113c59a250d
bd1d9fc45475f25af0cb357bde7f1b6aa35b7c65a4f4dd04a3252360459ec2bd
9fd3c9a8a35d24b6315d3bfdd09569838201d676d27bb4a2035ed0d94ac430fd
9ea37b9830d299c7a0c76dc8ea15bcb39c1cff8eaceb3b598c23d88f3e187e45
d023ce150165371a6e739d98ec05591eb815ab07848ed0a695cf00642d09a101
9c493c851c13dcf06360e4f60663ab98eb7cfb38a222ce57a68a4e6506fe2959
46e2edaff6e86526aa141e0ac54d74fab63fb54ecb68596497b4d49fb84e295f
02429b058c0881c21bb60304fd22299568d2c6d171fc12ed737e06c83355fc0c
3ec275176a06664df4ff451dabf6df8c3eda31947b4bd97b3428d2f98241adc4
e9658a0f247581d7a341e8b1bff27119ff1bb03086730c2cf3d935c888ae50d0
f8c417f137d6ca2223aebcd445fbc06ed67a425b8a6461bd8dcd9a9c6e03c909
3f9580ecb265e49b7ffe005474e8a6f5aced4671e41fc662f34d324874572a47
9398f0567ca8bc40fab425b93afd543ee1e3708d64678d5eb281272346f7354c
58f9e0f1301ce7c119272b7a7636d8e14400f3dc870e5178296bfac6d5686817
fc4d5e5ff07a3144265a0c82fcdcae0e2e753c4209c2e930df0990d439e256fd
3f9e4049c79f0f090e544b0d689b943f6044f6b8cb53af735169e5afa88c63c2
567bbe3353b13fe64c9ca4e003eca95d4ca529867a5c95e9a5ab74345b82a66c
846673f4c69cb90a4efb19fd10d06ce3c8071a283ba531bd4234e356cbf083b7
283e01db781c520a6f86a5b9a47a0a0cd35f357ada87ba1281743cfa4bb61581
246d824834111955ab20092462d6dd1459661872051328771de7e13bfeaa9cd9
679f27008f4dd83646331576d15ccdfbb9ddeb73da5ceda1e00e3409f12b7fe8
90393e3703232e786040f38b7295000fe57520de010e6b3f1497f98d41f18510
70f80471aa7d82d912907263df851f9fbba9c0ee94bbce4ca79ced04529fb08b
ab6d221c04822d4f5b1c86f3fdc786da8d98ab2b8fe96b6668109a868c496cac
052428fdfa30bc466088da1fec98802e9542007d1f5265f8e63c1ebaa3e76a3c
d45f6e40b59470ac8246516a07bbe27ed6446be609995b3832c3b3567e2f6b3c
ea578c63b19d90de0ee309e2ca6f914b9c03ed7b72dbd2487736b78135ce78e1
26112c58288e72bb75c7d57547f1f489d93d87977a2dc6fbb6ab6cc3ac44af5f
e7d1e37fa66a517d04353210e784310ca51668150f34fc3aee20a61f1505d8b1
b8103d7b40e64a59fb150c2c473a37c80caae3310584cc4ff27fbd185ee700fc
5b954d5ef9121e145354ce9334996ccf24487eeb97dd98287c1a2a0bc48e4362
aaa15e85e7d2db2feabb441f146ccc244457faaa8a2ed6d4db46c069d78c63f6
83d6aed5551c7e286ef05e79dd39cbd830e6398783452c048da92ce5623e6a34
4c778904d54942118007692e5d13ff2fa969666e214e9afd8151984e1294f586
c51767aaa034cd215920fd237f0ca4295c78b56e4ecd2a31796aea0a48fdf65b
48f2511df5d9befa9f9f0194f2eccb42188bd569034713d95e59b558ab838972
cf72ae449ed95bdc7fa1f07fdf7b7dc721538abdce94f4971b3be54ee8d7bc48
79a43065513bf517c5b4a5b360b7e87aef635f86b84e0d1b2d9ee8f14f74b064
6fa6407b1a9709f8927f8fe690f8bc98097813474f757b07462ebedf8341f66a
95c8283f52400ca78bf3bb1cfacbed32e9d169873f09d00ef1f91f70120d3e8b
4f14faa548686ecad14a70eab135b7bfb30a77975349b725c841d926938d83ef
db6671f484f0c1f55b1b670529fa648611ddb9f26cc05541f8941b668cf43fb7
a45ff70b5c5de13b0cb22e16f39d2077f2a3313e644bc071adbc22004d0171cc
c3a2f40b7ab4cc83fe931625a48bdde62f85bf937d60f3d609f658302de3e380
c13e87c093199863671bedef00f994edfacc3fc0f34e5609093e43c58349fb5e
932d6d3693cbb2f1130eb58a136696ad74dbe9a8a14d886bff5123502da3d900
0e016d8f9168b42c0a7c2921ee9e3bfabe7b4d4c8ea9428683ed08848f5b4996
612f9d4f9b7f75309d05eab5088ded46daf23804a030c8c57c88d5ff8fd4cf5e
9c8c7aab30afacffcebe606f476a239a07a467e422ce82280be3fb93919e3f2e
ff1c720a512f4da371d23ec7940515f30469d1aedd21b8f813dd0917a3ea8f4d
e5640aa9e956cfde52efbbd14ad5e32e56a45731d1adc083635bafda89bec65d
4e630fb74f9d7d054253494a387d218f10b7c601f2205744381c4ca873c01822
f44c305fe342a2dcc3dccaf178337c49ea157dbde255754daebbd660fd0d42f5
508d3a894ec241073fb5982996d20a3c775c3079d0d24e82e59c6071100c348c
2bc23920cf8c5a9eb38b3057f5e5a4859512c6ad7d77013d7f31fcb064591f60
c2d76994c9b02d38f0d487775c9fb67e02f0b34cbee8a0265136ff6b9fd94df8
283c5763d3a2e5462247303500a9a58685b51aab8e53ed175e490307858449e4
927560f40e78a24dcf002ff0938679da58a1972bb96ae80d140ad8696be38e8b
065caf3c6a6b0a7c403aeb300e81b5b3a019710e0be0b68caa3acd935f1e5391
6e7ae80de308625356bd6ec590219c20e688984fa0aba6fc637ca6abcbb4d4e0
318296886cae4882ed196b2fc8b370951fba5c0a50253dfbd6b6b73c8bcda1ba
fa791403464f88cca89b932bea2a70eb3ed07384bed799b7289d3d0d93f2567a
759cd7904b4be271a00821fb611f9205599bcbf2f1655e1a6b10ab734b919a2f
07d6845ad14d909f3087cfcfd04ddf4ac9bf8e97b34b97816140d8818b3b434e
a5952cc1fffbb1a22c207df8ea9af960a8a94e23aec4cc7ed15c73b55781da8a
b7f9af913286e3ae03da198d2a9337f4950d89dcfd40d5ac23cf3dea3ef5673b
e5509533c326e4e4264f9b1af05a1d6687eb9b4c36df8a62222198c44912dbf5
33e95c7dc63d0a8584b00c3dee10b1fd3d9618bf95dfb03565793b138010f293
57c695ba247d18474c73327cc8b61cda88688d7f263d64c387c77c4207fdd1c2
10bed955221d5b3ee49f9c99af6a0145d700ab47a0e6fcbff035b5ca372d8f8b
036e9ef9ce4bb6781e33c8caca41d5941450b4722316b2e4405740bfe47e5e64
0e8be103dbd22a4f6a8291bc511b3ce5bacd4a3baf2d2f23b5c447a17c09e748
e700ad1470ee3a170623c929676d85995e8861231fd69b57f0436e75dada9e26
9514ddcb7093fc12549b02f41898eaa2ae13118cf0f3bf5f3b84408b787ede4d
0d0d0f84be5ebc6abc2a5f4dc127a80a8c9dc73b02968efd93da162393cfeb02
cc269f2b3ac1f7f3be8dea67b275386a10a0e4d43ab0a7c6e41f0a2d86f9dde0
c5815ee0ce9131814029543354b58c4bb55418fc58b25ca5b93465f1fc91c1af
6c5ab294d5abe40186f75802eb8f816d94351760acc3af48f1493d25efc14f12
967128416142280197c1a1b8dd7b380335a0677813b5806cbe1d43f2c34f93b9
4e001d105e5666a6006ce2a81b335262bb3b926ced592a286226992c248db034
7d728e7bdacb54237ae7cafc4ca66510d77dcecc44596b28561744cc637fc0cd
ec323f290b47ea82857be556fe905a4e7971bb49e938de83b474dcb4a1a36009
56c2bcb5a20ce6744d62c31ab847608cc49d08d29669e00b058050699cca6fa8
596ef1e2aa2b0fa6efa31a8f42fdaf716e82f860d4b20ec0f75649dcc60acfe1
bf9d48ada94eef28cb410b7ebe42ab9d4eab641c829069c56625924d7700f81e
8af436a41f92b54928efc42871cfb91ad12b332c159dea757677e90e0a139ad7
b0328e6c31cc546ae110dd6cbe43c012508e79ce9f0dfd17c7a5313ad786745b
0d5195935a348dce77d9b3d24edebaf605a09ef0e69c669b46fff7302fdd3110
f96e2eec4e215fa6c219e0839005542f41c8d5b0fb727abf04693fc85e05a651
29d4eaca77b7b6e1dfe44c54c97d52cc67e850298d7073dcd7483400e57feb57
4b01e4a3fe653494d62b99b7d214561b462cb257bcdf4c2995975b3d11829fdc
c39188f97c1166b0fea91dab1deeb1f14113cb93a1bce4a5261f6743d1611356
05399743d1869572cf577e4f2b720329873c04846f5d73a2ba971a6d51cbffdf
de8d3b0d7be03eb38b97a74750977d57ab549a7bf92493c2f2de5a8c11902ac4
c5f695f1ae67f05a1fd5c5b4facdade90e5e3866df4e3b7545cbded0597db340
082a75d782bf2e3b24ba5d72ac9d66aea812ac218b953d0e1e9d7660584fe137
b9ed420a8f7a98526ba05ac98b17540c0ad93594fd054e6cbac8abd8ca3b7001
b86e87e46026e7ae8c0de43d985fac3c3d2b4f61bb7f648205c6af8b2aa8917c
0acb9d8c53a50b46c260bf52b345ea4f21daa72b75bbe858cad3b4a70ec04774
9f4980d16884946abf48dc16c82c2d4eb71ad6d1ae8aae76da411aa849290e3a
d227e216310c25d13f9c2ad8684a382db590ae975b372745d1c9d7a2fdcb8b77
d8eabb58427806c42bc1088171c4f25cb52c8f6d045247dc86a0e80d382745a8
54cb43b16a0fa834e8991c6132b17591884527a3e4ec50d5dac31cb650943562
cc852d33ebc36a31423fdb4a3c5a8366389f7435223daed8f67783b5bda14bd0
aa8fc89ecd681a5f6917e28fb0c534469edffeac799ed31bf7fb60eaee020389
bb245763b42d5d6b849e4d46d6ef8772adfab1ab0624e58a16b004fd977bb69d
50fe7ce14372ba84e1a3b566694749ae083e3b698f6a74df358667e5f39e2ee8
3ea3711e362e6763bb1cd8beebad95759e3b95f115c897774945801cb5b21b62
753c3dcf8eac124befaf9687a14296301d4827ddcda3f230ae7be64a24017e1e
67955730bfbaa3231f0de420b85cf12c5073f190b345db7a14f860c8a9aaaa77
d3ca2eb0d7d58f0d70daa579a507c89cff6b653e4aa42e0c5c9cb7612d005fe5
cb8b5ebf83f801122841d812291be55f93ab594715f0a2b70e3812aa231c9004
bea3a3ecf37a1b4c295e168ed695388e5c64d676bcb9a363f2d0fcd497d60980
feeec3e559bcbcf5cae9734dd3f701aa1201d72e91918c957aac9ee463cd29f7
ba764d6fefd3ee194e28f65c3a97e53e12cdedd54a37b1b9fdef1fe2f26acb35
efbf20d8ea64c7cf4e43e204a95ea4ea1acfbde7c822fd119326f4a5ed53260e
178f8e23b3a895e4cf7653a70986da10875d919f011556ff3d2f36f592a5c4bc
c8e74c07ad7c27eb1b5b4ca7251c4ba23c5c7796825d74178a525e840ecfd991
e4d423ae4dcc67e4ddfc25bac23b5c9def6d8d6066ed175ce9b69ee06230695b
8c5e166b0983c48038504bf55538f274aacfbb7f175db8290a560f996ccd7d7a
dd3165b11575a3b0e8b27486cce92d1744c64daf24edcdbb5d1fcd16c85ab635
b6463536dca867bafd2a62b08ad5f132dc00e4deb85304de4cff43f897f0a52a
ad1884c1f386bbcff2f9d912455fe33b02c8dd070858158f08c769269787745e
41ab1a0ae5147a109718bbc150317eec756e5ac23f5b411f423483961500a9db
4917a51998c9f1a92a5baff75da1bdd8e5837d5332fee836170a288d3d926025
98e427f398ea52c860738c1151e59f8de7b0ec0f31f3c0651021b497c9698480
cfebe8c648e35a793d68ed6735111778bc84436402ec29ade2c1a1bc980b72e9
9096813dc026cfa6b97a32c8be7d4d7373ad381e160d1bf5b6a9abef43f96f23
d4abaf1336ad1c2878e8981b87d1f22255ef1eb85215ae18f5ac72ee4a88c3b6
b4253709ade90d493f4ce12ce7ce4ade5e6f5464d90ad85d507a5e1928aacc24
6d684c2fac70f016c96bb159ad30e59a0cbf7b19ca7d944e47074c377ca6d26a
db77af0139f0afc4b2e79a47db8adaefca99bbd6922c80348d12ef01151e879c
a155c1118d0c3c50fc97804c5b7cd941e3fbd84a99c63b57197908e46ef0c3bb
565b308c54b0651f17898f3b68a3f223e2600c0ce8c68b1876de5a5151a4fe16
d94a33e8baf6744bb96eb7ccfaa1a75963f2fd6168077127145802c8b5140313
708f6887587df1e9e1c3510ce7882400c24ab8a514b246b1420c2f306df69a97
f4e8e7c5426d5324357329e9941c161880e5eed052ddfafb096da25c83645f03
c7e644339cfe63552d19071a4a262d674c42fd07f17745988db27894205d16d9
986ef3c3f395171505b03550bfdf1874324c15d5e934466b008a3366a6151f54
f4619770b7312c21ed6f2ba0caee14021875dadbe69266860f399be79b64a096
5a4a26a371b61bd0dffa323b68723d6d8fc40615b6ab4c81a7c367c20a8d7d33
0ab3294d7fb780628b5f0f73b177b90d9d52fbccdc5240eca1b88c8a659a04ea
9b0fc24bfebadfecd5a00021ad2ccb58c68c85e395d744d81b8e9eb2b8de5930
9a7ca24b4bd4d82cc092f6ddf16e81acd455e2d51442cf486c0f17becb0772cd
0e52978873f3a70fd50838cc1eb2a1f78e90809c7d79de9450ba6bc6ea6502ef
10d30b3e72ea27dd52b96705c5ad6189a5e96419bd1f0273487207be87863492
2326ea478ef7c3bff128bfcf610439c6a0676004519e0fc008cbb9c1e1c802c4
0f697bb193cdd3053eb7c60270d3325897edf5be689685a2adaf661e6e73a294
fac6fab1bd517ff70d7cd7c4fa603c2087e2bab0644bb82722dd1882e38b5484
da1c9c5a58dbf9df8c382a73e16a78d0606babeade4ab710a4b06bdd8b10fcbc
56a4f93b5d72886b698e664f04bd3929542a328176c02b65366c4ce2510c6b15
edf700b738e39fc505242b3dccba14207f079e5d559d84c0ad4630e3e2296979
b0ae4e037e01d3884dd27db0f1cae2f3a6c64ebe6c607c7c2d43cf70c2483d4c
2065bc9a031a2a598082eb20818bdd18cd47c2701458c076b5879060cf4ede58
c502fa753f6e008e55d40bdc3d3d0b5f9dd8f443b689e8741df912445b03b6d7
7ebcdd7c76a310f057e510caaa499eb45a97edb9adbd101f3147c8a6bebe6651
04a47f30cceda3851457f4b1d95d74b9caecc3eb12d8ba076996878e2764e0c3
a10c56820efd9988e71a095c331711fffa37ae810fdd5b70036c2d92dc1d2f80
840435a5429c6c07a35c25459942b02b9116322b431d5fe1f09b6342e3cde331
e66b06bdaf5f8857fde664eca8b227460e15ed07b4aee588648cefb4977d2dee
dba0d4b622b103ec6ee95afdac2dbde2e050eed5db688e51635906c82a133a9b
12d5fd48c5f0189d666c67c75b95ec15a643af7074127d8b5cd98ce98b44acf6
c8390e2b5a1bd369d6da3f7c1e1e301810d4657ed36918d682e72ed1bc43d4bd
5af9b0bce624851e0f7a30048470bb4da1a411a01cbfae350cb68fd00da7a22c
df044822d3fe84d0a6c94b9c45994eb8f79fae5e7128b5f6a6ff6c36d16829b0
be54a9c23ab5ed9320ca2c9939ed2d73f4a79e061c7c9ab2d7a7560be77d3b1d
7b8654e63a5f1e0877954bf2ffa17ba807ecc9da03e15be78a08f15ec6e6201c
77d6c57802c7dc9265f37f0e14afbc5edb9f86b610a45df5858bb6aebbd1b3cd
0870722fdf21aeda27106fbe87126673fc2c7d07bc87f6e42e6b47ce2e355983
9ad7dc532b07465c0549eee4d6aea9f8191c56d35856c3e2a972f0fc28e18009
d1af237bb437a7ecde9bc6ab66073464b05012976f7053497e211d131387e23a
bd782c1de2ce71c3b0aec477d022175008702159313d934b8b5e1d8e9e2d36b1
4b8b13d3c605c0b9d9128efdb16dbe93724df54a1604f082cba5a9a3776e7ddd
f045789a55c543c75f1fbe5314cf13a08c235f114488b1574555556e99e0fd30
80677c3b554335fa2e12d37b59dba55a91937c61c3038c379e510f8f4f260932
5aebfa8cf8f8d4b95c9518db1f0461ac84b23d9a8cdfb79e4a67d93cdf03fec1
8ad5073bc4d4cefb139e877e7d532040b3312bc96f2c272ad8546afabae9fc3a
fdaf1d82ea20ad4565c86e9bc24c6df9a4ebefb175ce61f7772d1330b8633767
06d4d4ed36b7e6a13bfa546b60d8010808574c508dd0b46dc8b6270d7076a435
05234cf26c3c5dd236c922538f41b3fb1612ac8ad4739716eab69cf760fc1e6e
217e829002a9abafa34934051ed125fae5624007077eb8c0282dba0b0515b2f7
871eedb04b39430cabcfd4d840cbcc91d75287dee9b05621516728862d252a4b
5f12e24516877fe8638ec71e95cff51c7b4b6ebe7049a328125f087fb5652939
74721bcca84a67039c3c42a70fde8bae40680773f1584966db927cf677ef0937
021572452defe32c0788e08f78e16698cc9b15994f3a06a4c76bdf93e6e82db7
d10cea94f439493abbda11caa85df5a6b67cf3656167308be75ba4c89c3af3b1
53c51a31f877db04271e34769cef709c3b75919b0ffaa4c199436ae2a34cd677
b75b834795a4ac9d3b752389267258f4f6f077b55e2caeec014869ef945cb442
610063d57c8e2c3850b3bb36e581942e0682fb23d7e9f0195f9f70ed2c4ff7a7
150cf254c08dcd78162c111081406ffb9d29a05f21202f4bb2a6a717af6e9463
c53ae36fdfb189731737a7dcfd96823346706ddd7a2e3a7a9d9e8f479c93b2fc
fc13a7bbf50be5670eb5d6db1d288a35f06ccbeb4c9c759c63ecf8ee36bc3f6a
beb9750a7eafcd5f63ad52e896ad56d68631847661dff651ee1c63acfb14b899
9bc55ad0e619cc606493abaec42c46bd75b292aef73d732dad1af3b25d37a9a4
2b84b1af5b3b60c3dd1271f101b5e69017eb5e93f54332afbf665b23cf4e92ee
778c765aac62102fe85f4e77a42e812cdef8ed4ab57f3247ffb4e131e1d9145f
259cdc882a961bda19201f9cd47815506e55bb74fc6d8dc5cb966e962477f5df
f1afb8d1912a0f33f07371bda1aeee6ca4f247d437fc9e37b39c3e6cb37f3ad3
b5f86e333b72e10c8d5b31e5e48625b992ec7d05c2b56a71db1c2c1eff3eed2c
8ef7c2c727c6fd6adf6bdc3a5e319430368534fba81f2f040c575e4059ea0fd9
a31f05114fb52dec589a5222aa159b3aacb96b61713d52e11a62a23320c03e26
5fca2c88970587381abacd2173ed6621745258d187da98a0450ce64fc8ef74a0
05393bbcb3ff6a63258100302ac841e29b7df2b81541a6988b62a52c15139425
1ad08796a11bafa6fd13d6499d2457b2697909589d26218d7a2b8377ed7b7bb0
ed77b1eb2eafc830cbff0c4ea5f84c1218f42b25e60c5521d21f3837dfb120d3
18a1d676e976292a148ca773e0b00da1df29a452a178061c22a8a19e3e4d2db8
722e64e5b62070eebd2cc2124eb94aca3094dc27eab5980f4489d5d211feeda8
c160c8f5cb9fc6b2809121d464da79422e8980ad045f5f7ceefaad30c3cbdaa5
b1623521b67431658327f0696752fd0185467f24cbfc064b83c2cd3d81996b14
91853ed693594203c98f4afd29226b0964e6fd5c160c9ab73587752573981e8f
562cc24b1f624719223093d0bee0041bb53d9e199855e8fe4b0f88303d1b6fe2
978549acbf8e89711056f8960b6505e66869062dfdde1da607668e07ae4fc918
12e761b3b5ac12514507df3a57651adbbcbbf25391a81c6a02d124a6a15eeccd
9ce8239ac2ff17e72674b53cffdc55b6459fa6a53dbec2e72475cc53599d303e
75ba1e1e65ff6ecd3b509d6ea63cb72bbe77740c47fbea174fd10ef3f4ad8cef
c8e2339862ad8fb463c5bf19764e05750fc0d10589965105f1a149009ec9909a
aaf22b0fbe71e6ed5591a0923eba4f068fed9441536ecf91ea5e97bfd7c2d1a9
44ce76920a0841d1d8b452758c3d04b3b65b39cea9afb489db13261d0e2e2065
0048954a295d16f48fbb51b4c446dcb66c28d92738a871237f3bc00b3dadfd3a
c387cd7df3fa290b9483cc6610925d1eab6e57ac2f6fde26bb29c6bd32e53e22
c12c290d85526040b7b53fa637d900aedb0cc6ae7a18de4af63ad853fe830e69
78fde34a8e45928410a130e3dbb764368b88c28ded6d785aacf145f1d43c03b5
c40fac39496f8807ba034f5f8a8bf327a7b15d8a7f0550232e82401cae6f5003
2fb0dff9da6058ca59b9df1351dd9a87c6be64c695ecb1ef5f1feece80ebfff7
43f451aaf6f845168b591a5e8ff147049400da94230ac01316ae29289b039e7f
e9e4e3f4f09435d47cc73d313122e56db2897a2c903afae18ebea25ec5c10f81
df995886bc1ea082fd07ed36a54c780c9b5b19df121a9b1ee8ca9340a11244c8
f148f26f0549939560abd781da68f83e81c9460c1a7c9c8370741c4a689cdae8
384955651b2e8a3ae6d8689589bae12e7b41f881078ffef2013645cf9a7c1276
f2e5a57535e4355b3a9ebd639ffe52bec7d44c63c28ae81c10bc6e43d95c1b82
dfbdd9feee65d97fe23e0883ba039653c1e7c21dc4c3ac0049e2d352d1875f8b
ec66a399666da36fdb6333124cf60732a0aea8c848e1b2b4aed24d15e957040d
8af27e6b1ff8133769aaa11150cfa8465620ecfbe6288e0803dc05cc2bbf4d91
c34525f37b271770753f04d2b8b54bab99c8ad5cc8ae159fe26c27f07b6e77ba
9d83a238bb008e45293cf8850213d7a48dde3655cac0a87fa8b3500fec709a3f
0edffaa41bebc6320212148b085fe41b553575a8cbe4875eac86c1c98491eb84
7122f02dcb0a470826b0d4cc3421f4080a33126d020c7cc78e1389ba54281c40
acde3c05cda90fd5f19460c8a5f9119f79f64182a5da9b0181d81f8d27f6aa2a
679a1edb98e40effc7c37aabafa95dfda524841d97cb129700402868ce21f861
cb80257bf4acdc095b898cb19533ddf756f58712a109dfd92a450e1adad81160
66d356e7040bbdcf40d788473ce8a5153e64d888264054e1880dacf5bc60c447
b4c591ec3de6924dd502d0f0bdeb6679bc5b2e62fccb4b1e7c2b7a2174f772c1
e5f7447f8d540857a6ca0e078d2c12283c2504c8bf5795a8fb1792d5ea31f6b3
cbb2ff526adb0efe24e59490320a76b8e20ca92f47e414e5830476388c328231
f2b4e495667bd1d8952069976829f50190dbd978eba16fe02a469f044742ad34
6a47274f3e6b581805f646e26a5d55f62a1ca7a90a8ae78e2684e54fa1f3570c
83d3d81768c5bece172c42eae5e289d5c9fac57b1d66369232bf38407c391cae
111d6b3cc7d0464e3004762d56e50dee0371f135816184a77e4523d32c5297a2
b47ff7c8a3127ae9d8e097c0a53758b47abede85989e9570d36a311cb96552ef
3580bc970e13c209f62533375b408004a45002b5df766dca258926cada2a1e61
8b624df15ac541a94d657576e9a674ffd5d56ade0a8085a204a2b497b1092c43
c9217c63042663a0bdfd8e05dc87c3a3a79114dc015f11fd0f57a634b8f7836e
82bab2c8b60b73957568189d494776f0d76e790fb842ee1f1ea57b855a3f5aa9
b63fc3481c2e9e45b4ce0a01e91e5158b8d26cc115b2ef4d3e5a39a01e3ff69d
fffb678864db4ee93c7e6e43775c69140f88c31cd9611886385f43e4a649f362
a252bc23e39d0324e56fc5181ec73281ae8ad6980e5261ef09358157e5541f42
fb42d288180d5c31000a99be8f4c9395439483dfe2598846b9cf605f8148f9c2
a90845af76abe251bd098ce56c352c36cadf856341c04d737e9a64704d91b10d
95f5e91bcfdd91c364bb7ca407ed65852cee2ebab6c1f05e4dc51d335400b084
28f209c10bda7ff28e90febb9887788596ac7c56385a78425cc5b15e7bdb014d
0663e1b8317e91283bd5fa559c36dc60dd17a0d12fe0f01080a0695876cd9cb3
afaceb9ecf2f84616084952b74aa6612aaf0dac7ef8a25226896cb5b3aa260bc
115db0d51aae01e692c99ed193cc56db3f2afd3d3ae7073e8c6c19eb87cfefab
ac32547d428716491db74e0672d7ee32882e4d4b716f271c44e5d08e6dc78aa6
fd27a5cb41c6d39b48eddce255272ac0e4e90c1dd7299f2d125027ec672dfe28
c294ad979f791063c36edee21a57d4a16949e285561c29e61c41854a482d9760
8c942374737ad5e45daa9959b882a6439bebdd0a3190926f58b798b2d14f7698
2aea3f4264a74207283f39b3f51bfea545cc29c294416521b65f08efc868f048
7fffe849ec453eb55582430300ce6f3070566629da32d646007ba794dccb114b
411e0a6a9989550587ce142d0368715f6a1525a1443245506e85fa8617d09efa
e5a17a69fd0a03550b0ccf87ad8011db44b6d11286e6805448bc9b6b61a5a7ed
7bb37e690ac99473dcd02bbd4c4f5212159024a1fd12665e2ea96579d1e8891c
7e1b9f82d230e561aca145c2e44e12b63d2c2c6b2be890fb8bf36770f7ad2f0d
2d21e92472d5df28ff47032e6ccdb48c781b9e7912037ebcfe9aecc49f5a22d6
85f7469e4b6fc5b5fe81d8faa205e946bb9f1284b1c36c532dd7839dd311f653
4f79b156af659306b6114290d26445764efbb11e7944e54c66dc25d76e55577e
bba96f3910437cbaae66fc12ff1a504692003271a80c3efed9fa29be3dac489d
bd6da85d6872c11adcfbf06d0dc696d3fa096c7117c526dc323efb7fb1268565
c34b1a00a0be8ae4da6d46a8f6df7f6a157b142816e0752fc8e8a6612b8c2285
f99fc26787b8013ce0e6bfd7046361b29b03f59b8677b3274995419d4a5fd603
9c444439ff74be1220085ff89488a8d52e70b7fd3adbc82e9ad970277e78f9a1
0aa68fbf42a8e884f655cc0377e0ddabd9142299a6eeba7407d4433da68ef54e
bf96360ddcdf9ad77ec5fae5602c4a2a4debc673904dc3c61612a1b040fec9ef
e39fdd39a9583b15be3dfc6f109c8f5880d4686cb356305e6b0feca34f61bea2
40d97c4e0ab9695686a1b3742a4d24f1735e54acd4972daafdd6fecc4e03e292
4fa4ddd8386546d15ee8b5ccd79a4757b5a91d2a072c37d8a8b853c24c218e95
dbaed116acb464660d5c9f1c568faf1e82a5802c1ba665049f3b9ef9cbec995f
744faadf3d0fc02146bb8e667fc6bc9dcc58f74079583f074e1bf03e87916a22
2dd5b2546242b428c2dcff7b805ba34076bc71939232280f1fd9203ef6dbd78e
f87527a04e1aaa7f8552e4ac05bd322ba5df88857e902fd9b88a8e47b1116016
4a44aadbc4199c50157e1867d506846e576db0a9b671a66053df1d07583cfe91
06c70539933e93ef4c20444823faa5ff7c73499788ffd82d74b04ee7a8aedf22
44890bc72cc62e821acbb127229f7ff52b5b848df83a37f76678dc23a2b7091f
d054f8ab0d5942d136c3fd8bf78073f9ea024ecd7bf518386001ed780707de29
7d01a031fc5e8f90cc55f098e0696243837ab2b2db2a50eccb0130841a534ac4
af97eab03a5c611083f28675359e77ef532f970d78bb08fd907986827b083ae6
780c7704fae40f6ed5dc5da35fb222f8d6d576ad8d2aa265ecd5fc1d0e90ad55
80fc2591cf2c7451c6fa6b836778c38540dfa37f74b4194c0c5a9bc0bb1edb9e
4d13e76e0efa93c390fa4ae8552291ca58e8b7705d3d63a1dddaccb370f918b5
0cc1520cc47f9fd289ad9758778dc0b0838037874523633421ca8494c05e9d74
38c21000a6f68779174c45f097b7c10dd24005d631d44c33cafefe7c68c332ed
b72d4c733da46e4d11880fad6507763030af2d21dc37a4bca543c091d3105a7c
105db983fe355ae05bd4b8e5b1c6ef0f289430e33ce7802ac20557f81fcf0569
3abd1e88e3ee2113d8de228fdd0f68a4ae8858165e0f3ad52801e9c5a662463b
993070e374955df5de2dc90765eb327d5f313c52e00347ed4f06358ff6a36250
ef69dfaa755bf6ab6bc309d9f8a8d7af0b3521ffe2dd9c01cfc31bdfe8bf97ac
97182169239b3bdefa7c6346701638ebf3c8a45c642c752381971ef284ed691e
c7217a1f5293bfe6a3e5321fbcfc274504528cc827e3a1675b4615971f920de4
d0c5c543c10fa439983f27a16cc24591de808b475b7ec30f4ef137e3aaa9d2ac
38804d55428661e645a6b12f55738b6bbaf6a06eee16f5127cb8ab28693f0d61
30655a079c204a120cc6ffe2567eff0d2f369751ff9b7034dc35823d8e2bdfe9
c642a774fa9ca39c92b0d41707a9dc7948917773637ea8c4f027f12516cff2bf
dceba4baef3fd141b4457ab8584fc4748bb6a19a40448921cb0a872764bf7f9e
6f040655ebe19ee55ef06a89563a030eb95501922ec942c5b082dd0ea0b087c3
9714f1f04084f2fbf342d821ef7189291c111ad5b780518bfdeeac2e99007221
f76ea4982550897be1cbc08121eaa2c3e63fe93b47be07c58014c1d33a3ef320
083447ee51e1d906c1c075420a15e155a68c2d5bfe377ff293cbe94e1f865335
3907233793e7d62a089a63fdabf36d2e10c804b959b20833abfa93f47d8dc246
325f846714c0973b39925b68a81baea12d7e065c838ea0031c147129f20cd22f
95f48a286e0be4794f89e689b276980ab551571741a53546aad6a6b7066153cb
3d5ea07b7e49bdf26b4c879f59ccfe30000b0ce2e66222639f5479e50615fcb7
be59bdb9ec0b80db30629a423ddc88b0395e4046b976be0be63ca888f70fdfdd
a7b127610f2b78dd2ee1fd80158ec5ae83e882a95283cca6dcbfff168754000c
bb165eddf8f3e10010a1836880170b866ce01053cdee818a1c81168d706e92e3
77239add7548f5b7012df10e9ba1a4a8e81f5b7ae199f32175af4c1daa985a71
37c1a9fd79b9c7beb713ed06da50edb517b34314db6e3036a767b0cfe76d3cd1
cd3e17eb72a431010b7a3e5298c2ea56edd9a721cba9d927dbc933c5c7950f98
ea7c3000c84ed7b078fe00d48b62907e0f0e2f50ed03e582f5cfbaa39caf2579
86d639449d96813877b123b746732b6106291f7d011996b313776250c2916b80
161d97cf0e4fa6003f8e4e93294f2c9fff88e5d25c9f63ea1246ef8e213ab360
b12305e459fcac35acdc5b985f31579a78689f941efa25f8e9a60c5dc2f59e8b
574ffe3a4dc78c5e26aa525eee3f9f7e014ef28d8160da8e74708443f7e4c6f2
e4e8c21fa81b3749d1c7674260e3b4e73333a78d751c1efc1883c890773a14ef
32619662d69cbc35fe5a6d145e5ea26474137a1e66244b174f8caf61e4692360
9c435acc14a7814e8e367e2340145e8770b91d915cdc51adc0c9acd984f67c4f
6f2757f0a84c84910ad1e04c0ec1037c436336452bed44bfc1dd5806a9728fdd
4d8f2a5f12ee003ff5a1436c378821a0fe515e0f1dc113502aa0e7fe57611203
96985e29ff2824863243c0c38d0d964acab6c870172e946a30978c05603f495b
6df621e893e107f6cf99ee92aefd6df31b7eab7e9acbaca94e16147c86c41add
28c9afb1712849d3b2da9d697c597d1d359a13ef8f6a0cf455295228c3d85c57
2255d3218a3b8d115e66e6648334acff4e221e715a51ab2a4a94afb1fcefc8bd
4976a4671f309787cc4d3aaea28417c8927566ed504608075907da9b92b4b50d
36d7deee64ca4e7c311a988988ec52f32d5202a3a9a5cd6d2d9f4373fece1283
6fac345ea148568a6237556a5db07fc018161e316e17c6afe60340f8d0d57537
2ea58fb66f179bf33a2a8e5acc6b7a52348ae7d888a52173ec0f364e88f4407a
4003cd061cf3a00111c4a8e571e34c049aeb97e1efb90cfd728f4898ee0d30a1
73bb8ccd5245db224dc9e907cceb28a4607ed76d691404f5707be5229e28d9a5
17576e948e4cc1bb4c497c4afe1e7c3ccd7bc0b2fc1341cfb5f9f6835451da6e
22ac5077c7825b13e06a3dbf419811701563c3b5f3eededbecfaf2e1412b4b12
abb59238aef66318c3bf13e68244533705ae41b122bdc961f4625a89630e1a71
77d209b3bb24ef5bbbb640d8ef9af21dc6afd065efd66d275f6f64ea01cf8c67
82d2c876cc6d95b6a14277a815ed7a0d2280feb4ee86d381ef80fcb44db4cfef
0e40d80b900fec1945e7b9ad6ea06356258724c91cf2fc7d8de04dc8ba7825d7
f09da6fdd58ee67cc9795264178a90de004fb3ecc055f3f49d8094042f27dac0
b84aa990a3ce81f932e193540dacd6dcdef307d43e9f11eb451c8ff891a055a5
444fde1836e20f2ead24b9c3c83eeb3ba2cd7f97c5cca4983deeb6b4ee045855
b8e2d8a1c1880e578412dd6699f9e44d771e93763fa1b68c0a65acfa8a6e8579
6c1d4a4b2bc3bd408e58ba110439a7387758fe2d142fea3164314b8ef56e7216
fc3ac34c37a71af6552a870476d0b8b0d801f625e20664a97c6d19c91df8b276
769350ab20a47f6ae389bab6ac08226093868a2d4c665b1ab61a11af344a9946
47e3d8542b2c16954b6ce886d4afb0aae4b6723f62ef34d033a4a6e4032bdb09
e23c484dda8bc72318d529243d28d90286b04d8a16c98cda8635c09f2d34015c
addd5688f9e42d702dfc3dc688d5e37e15e7e8695fa3b7450f14b9adbaceb627
8273ce8dcccbbb79150e1a4832f41da487f254a5d17d6c6633e7782d8091670b
ec94a91c4134e28ad5922bfbac2438755efb047869845284bae535548c767ae4
6cfe10074b0ad7eff32c276b2c21b3b7e0e4aecae428af82bed87ce3dc22eb06
6d70d4ca51353f7b706d0cab857d7a89e4a6a5c4213654d2b9dedc065e58fc2b
5f6d3eebbc2457bcada62e47b2b7b99cab6d8eac56b49df97bf06c68f7f7f9f8
8ebc1cdb5fb3bbd1eb1670eabc32323042c9241af664d00645646fb7cafde806
20550bace590411739cc2d6ff6783cfa231ebd8a70981e523129e79076d6a7d7
2e1513a48b0ee12917b70526e87c9088406cd6ef48243e8bbd0b2e5cb0bce351
4ffe1292f187eae8d476b1e619ee3f7e0b35b88a101c482728b359cd0f3155e6
953e681f791029eabbb622a976df4a31aadaac2c26f8e634f40abf68afa58928
6bdcff70a29b508a64e686dfe30aed1516ef3437276f5309db2b741b7a42cdb0
388ff80e976edbdade77189865e1da9d8ab7122fc2c772d955228ab7b7a37927
131af1e211d0cc87268dd767cf0b4fcff903096f10c11f774ccfb22bac889271
1d86ab56d3ce233de7d4f86ea4203335ee8120420715873dfc064bc1f4984705
eedf856fe929386176394eb9fc0cb2a621f603d8f7c8edc92e4a4e998ebc0d88
0809f5cdc68b15095545b6995396165caf7548e509a8812272e2b713a8536d9d
05aa8ebbb1c74e20096abb534eb30fc91d368a1a7295e648309afcf5829777bb
d0aa8cb52ad276499b338949ea333549844b96bef99ddda91f9d353a9f4342de
53e015f69634c300ec101a5fd633d38c37200766d01c0fee183fa444a02a4fda
887e33b38089ea8de1f3b6d0a40b796f38b2e3d738e140635341540207683218
fe481fa6d748c943b35c036500f45f33a64a93b4cbdcc974a25566ac36337c97
8a48deb9498d4120a359281d0311c031f143f6648b0050329864366cf8da0560
ded308c58c02eedd5bf274801cd7eb1d2b0c0adaea6a98901757486dd213c1b0
1fb8d9f43f1af8f8eb20aafaa30e27b4227e242d0c0b8d1fcd06778e72fb7513
aa0e9498498613dc86fcbb2e81c15b7b7b3c8cad2ca271a0b92002d69fcd0b55
e4077a3a66ca28d00f3dbcb419e4783104995235f0270d0ea9993e7c420ad26a
3614ebbf2f846bb3d0522e2b90daff3fc57553407484e71f696216855544773a
a63b9bf6549628ccc5c2d85a2aa4ed124ffa7d9051a09cc265e848ee3d5d05b4
6e2a25408126336e5a2a875459551d44b4686a90ede1e373ec6e035753a1138c
19adb7284aa7e8ab7763c0d4c8a7015a7f63b747c592ccd64741ddd6533fa2f8
1d07311b757b4a613d89f1568591a8515f25048ab701659ecc8d1350595f65e3
02b1c3463b09d7a77d41ba70a4376096726003c59c419436e01beec5534945a1
f42dab820b43cd680c4ebb5dae557fb682e0527a1b492c8c0a1cb430304f3598
6517b17518b93d205c751b92af02a366c896bf67f8171f6c3020c04ba27143f9
6a09ba6072619b3627f53903946bc60a381fae641c2517025cd014819ce57fcf
ae570e211ff7e2e84135b6c2c146c33fad3178c8fe364a282a96c67593381554
2a05e05f2add5ab49feb2d39e0ab4e934c2ba2c77a45dab72c09c6d834f8dc4d
9f52e9c08107ebedc77797f2c1db6d1f7ffb9df9ec796692dafd5066da54626f
e8ba9d7b56f3cbe72889b05299f212c91d30f462834c331c74130d2115689d5e
84031012625fe36d24494123b5fcac9f32dba26a0984204292b2f814ed68fa5b
5fb01ae3bf478bd93826f3030679b978d079b47a7c226c8e9a12b5271aaa7dfd
c8249e91ce16eac04c60efd842a184f915a7e550954f8c54f2d54e9cd63d747a
b4b0ca22272296e553eed3fc247aa8149bb922ac1ac030ff22a7dbb7a2ecb117
e610553ba09f35e5bbc62d4d26605aef15aa46b16ed21a810c8674cfd303458b
0178e83d48440958a45739636148dd076099fc36097f2d890dd2bf923b98c1e2
0a1af49ac002b2233ed37e11b47c2a95ad44c89259b0494b7149de06dbe7132b
35fa4fe1ff83280d78679a5418953b7a08d25eb11148c6da053a2be91d372fa2
83bcb1e5cfb6a4cfd69b7b0a794b5285dc3ade6a151b5ec3300829d60d0739a1
e4527e22bcdabe170bfdcc4c1009d2e15bedad554924561f01e6f06279bf6d7b
2f277d39ffc305a570531af07b1a953f22e68f6a9c38d2b34f4c813c7e54b1b5
36375755e9fde4efd28ce7a10673f08f57642667ecbce232b55944453ce54062
ae4ae2737964369579a1ceaafd6b40f57b02ede97c10f35e25709d7338e53cd2
a3c6cba96282f9f9ab71f756dc35922c11659102327db21d16def52585dbd00a
93262eabb33f5aa9e689124bd2a1c3ea8181f304ccdc825d8f1c7516233ce2d2
56804cdddddf550ea85140b3169a03fc1ebb15f48ee780b8afcfb93e276ee843
9c74cb6e0b083a1ffd0431409e8d0ca1413bd21114f0c9f43a0d9742fcff7ccc
891649ce269b5e1892e9df9a7e39d476d9d87aed8df21244c950fece0464d3cf
0ecfdda2f142871a05d4357d6676d7499f8cc663a475dde2e93c47acbddc2928
6bb029265dcd3f878d47828cec41ef651deaa09aeeb3b9cf91383eadd86a7ab9
427a3368383af3cfed47587c7137adf19cb5d03051488cb6f45a42a4381454c5
b2012b55fd6c749d9cbb559de80e6c13cc24e4fa9dd26f1d7021763fc93b892a
75c962ee4aa57e7b4a5391781cf82f3bfa79e4bab52b6f0ac2c8c52c64d99b2d
5cd134ad9bc0cd9b904912e0832c639726eb4661afbd86ec6e24bb72f00b9fb2
57dd97e7d20e0ef17d4e8284cbe23ba12572eba60875da6a89186482136d763e
afd4608fb916925172b9dfdf951aa56f683d2f6d30dbbb908a25177572499202
32e9cc5ffe3d5983b60bc07b90f88db20f70f7a860a55c4d47a7cdf552cc140b
6374e5f2ad676435b560131ef12e2636545db0583ee2035a78582bf5cf476abf
662655355c7b42a55471e4f5741540eab1a3bed4bf41e471688e63ad9a75d805
47bf052e25428d79b16467839b4d87b99e77e738b0a56a78b67ab6e176cf4232
ec427e572d775899646fb56ca17a0f6285b648aff04ffdeb8a9a9c58d5e02bcd
2b33f6606ecf58defeeeddc476da2ddb05f2258c9f64c043d60cb35ae1a85a00
4234fd1380ba9ef16f13e0beb43a439f79bcc968e115d51042cd905cd01e024a
4f076a396cc7467b79a3320775d6770c74fb2ec711dc14836197d24b89c7c74b
af9e54873e66aa82abb3cc378fdd4a789e7c3e8280fd395990132ac91bb84224
25fb64cd0fe932eaea842393f24b5d0203320cd159dd2a78e2c7c55d0658e330
4379019763d0f8bc97f88b3bf9f3243a9d4a0015b785683f81866c5401668220
541c7523e9e9e0bb4f89bc3d998fdfa547986a19de8d968c69a76fe49822b71b
e7abb814ba98dc3b56eb0d44de6ae41ef7451a9a7a9e6b034c416d43fd4158b8
be3d94f8b64bfccbb0ca5b9127b5bf310176599aa6a1c67e8f59c658398e1d26
1c11f06ca8ec7d2c994cefb16f9579f8fc374bf0dab13c51b324f00f32023bc6
db48e5fe318762c89c6e7ce053860da2bd0721e0dd059e6f757d0f77db79fc2a
ec01eee506fe07f4bf73172b93f696f1eb588659a39e151602630df51fcf6712
834451be1b89960906f19abf3d43d2d13121ad4d3b3954df4c35f2d4259c1e70
456aa729e68f93ec714e1dc0cc20a3022a4aac9671e6f556e20c334e14200ad4
0f6154f892c4f7344964b83dec4157fba6060178e1ed98b917091c9c586ae941
b8141801f9e8301146e90b78a95fe6ca7fbfa53c9b0b28946c7b37a877260cf3
14f227faaf9732829c4f1de79c82d79d91b0b65e1e9760e278a0f4d2c022c103
956f5fe3caca86c2f1b1a7b33174b197402b3de8d9b82cb1931f23fae32feb78
b5d499901de29bfed464cba8d1dde179ba9998fe9119129fd6cb8ee681db2025
e53a403a37f1c45f29ee874ad3f70e8b5df518efc9aec8ceecc408d48a0a8ac5
076ace390ea13a958d7e7f079ae0f86f8b68630e657785a1ca00e47611177732
575c5df8d5a9e47788bcad04cb0bdc7968ef8189896d3445f60750cb8f424dcc
bf403da9f6e86927060d963cfe5d769b5690f22dad0a23cc4c44bd717f4a13e6
97f2d661e1da0fc057a3cf28ffc5caec6641eb6278e3b6b72cd1bfc3717ad061
2d96362fa1a2ee77af5fbce403d4e8fba3b399c9d81d320cf679a3c92a9e9848
d7818805cb4b3f4201aee63926ea2f089d595e459acb11c48ab743b5514e1065
882fec3459a2ab2d36f78fedb47475e096ec89fb6a9d137bf013a50337db7baf
9df4c067108718856b3e3a744d5fbc6e90a5d187aae5ab8896d05cb095ae6ead
93934fda8e9c84e882c907ebd13a2049202e9d7ed56324e45b2ec35aede24a2d
a3501fb16fa3dfc7545687a01b6c3649320705cd3098901e64e204cce52f413c
2adb99a87c9d5171d615e57e72be4cfb754bb331f112fb28cbbcc79fb53609f6
2a2d609e132f105199da95f5239623c7827f35ae14a2c327320a1e62ebfd1da9
372ddbc0591f21d5eb2f6e5ba8da4d0375b308afa7de065bd9daa9a52cfb8b0a
8c94bad078936d03fa934a4d52d7c50a33ea52c8c9498e9a6b2e009562c509a3
251d0e41819ad1be19c35d7cb750b475c7d55cb7205b62938a2a793b3f4a2134
fc9d444dc066d7f4b8feacfb73fb5e02dc741b9ff07132bfc7cb2fd6e747f7c5
96750a836c5bdf16b1f57631b740cd5860c26e7958102fb0217d960b2890ade1
9966adc999513a5aaca58231481c393686a97186f09a423f68aea998afd2d48c
ff95cb12b3c127d07b9c249ec4e969052e4b7c4949d8b3975b30654d735321ce
8112336af462995001b4d814edd5eb33f56dd153afeb5f11cb0073e7b5522531
8d303c806d354438ddd9647cf6b86cb6b07e758c7312f99919f6c2ab4fa384f6
36afcdb6b06cb05ae7bf42c0399dde0179c2e120edce23def5bf39b0385784da
fe81f4fd53a6d4a246deea8f078497499edaa303571cf8c8eba964b6a4036cae
f9633f7f29172478df89607f614ed5ede9d89265d69cfd89d0d4a43215dbeed9
a55a0aff0b077ebca8159aaa8db197555ad8322e367418f52ddc20aebf04a79a
1a1336dba116394b9821ccb3d850423d21627c8fa3464b358b661305cc191a01
630674e0976e7266ca53e0682ada27aab19f42c173c0ab990babd95ec21fb199
59e5d08fce26ba7e1e6b5a20bc17bb756d10fc946967e09a0c359cc78e010f64
000668a9e2325686545ef825728a2432b350e5a16c486e2002dc41d93257edae
5d133f8f98c5d0c6f28bb29ad053a260773a7297c22b72cfac3af085588c02ab
28151a9bd4ebf13b8d55f911cb4a72946f6a7d2b2f6c0b98cf283aca65008a54
7977697bb95c45c9c3f3250754ffb0a9c557878f49c2e5880b33c5a0790ea789
2d75b26477146a7a149f5f5cff99a73a564441c9833721e88676ca82df39e9d9
ae06a55d28a8b594c8ba642b229d9660fb0b36cd2b0e56e9aaccb1ea1dcc8724
06696fe9e4afadc7c96a6717168280433e282ddd00e87532e5262cb7f11ff3b4
82f26c2186287ac90c7b5d2a154d5aa809c01c4a5ee28543d0af4f9e0bfc7b8d
909dad0fd228ab787b880792749916fc3a434897ca100f06f1da58dec4541756
28cdc08b47d69c6da95e8b70ee83fd0897ce1ac78e4938ff16f7ecee1fab79a6
02f03ab11194ecb8bd622d2eb8ddaa1c9114304de9fd2d5895ba46aafe9aed14
60a0ec8aa3da8973a39a104aaa0caa923e842c25b456ce1dbff46c49bf64f4b5
a7fb5fe5421758a323f61fc1d692ad60e16fa7e9202880d879b364d8f3a4d857
756d7832336ea2d65a742a1b52eaf01eab3d2c29e8c8b1fe9d5f2672dd5aa8d3
4c8772117197f2acab6b9c97698fb168a51ec0a79d296f731ab20a3e15947820
0816333a44e9f0e52ffd78e4cbcc8871965c7a459d7ea0d38d5002210e5e05fc
8cb08aabacff77a4f4b326145a1791063ceccc370e18a02236d22b4acea76e44
bb36d6c79b3d2b75e87fc852cd53f86181b2870c36913168b1fb49cfd64a673e
fedb63121deae01997f6730c4ce4c77b7372e7cc27fc3082024f2103973387c8
2ec513cc164162d220bc22ed567da48970842063ea0d76aacdd6a68061408792
a992984d1149d54bdd5b0493765ada792e06a29a9037a17f8028331feee22ee1
1e43ac6f68b18aa1ab7f6ea7f23613a8cbde0c35e41f693d831ad77a148f1c33
35c7f5ee1961f03691731ee831972d2875e76f82f9f171560aad57f0327c30d7
42aa4353b0dccc21c7820fd2de4cd1a402fbc1f35692e7456335b644ad031d87
1718c3f4df6bbe785802770a08434edef42de6d9d8d0c12bfbd0bb2b1fcbf8bc
a563acc9102ff15d0612cb1a4f414dc8985cedfe08b427ab98f0bcc882f34dc8
4b47a6f4db6df501475324bfd6e5e17884dd4bebef83590c527f905aa3a63a26
cd72d08b2f68a4ddeb30e6b922dfe5487c7a86e26ec0bfaf186c8dba7a292830
44ee1a19560740c1d934461275b4c1565c0fdf2b30021e8f8821f543bf173774
dc57b821cff80054f0e75bee3aaf42f6e8a2237d060efc2f9ed2a8e3ac9970f2
01bc9518ad38b0b45c18f7f30be0bf78113c3935f6926367ae49eda263cbb71f
a0e9072ef9d8c2be86cbd2ce615729d5c9b72f2d498efad8a1ec7b6e70d27cee
b75fb7377534aebda4da80f946b4888c1a6abd85e73f2e8f2131953defd8d74e
6f5725fc11801a5d59264b31194b8f21aabbd1ec64e0767ccc9ad4c8edd4276f
3f7b1bc381c8c9624bb1748ba08310a1c5786edd0b87a1f40c71c69d53d1bc0c
6b788f1889907b9f8894be46682d2e0c7b17f5489f2353d0d3749f5b4c1e6282
c8dfc7f3a5347f70f8883b27c131d7c765c52dbb8b593c47524bc79af71d5d44
91ea22d5849878a821a41fc86e5fe4cfc633b032f880be92dd049530e78c8b7f
2c2d0c9dc20ba812b0bf5d4ce9ff02a59fafe73c140fbb6329f66116041dec02
b9099902144e3cd787d83253a950840d6acb9ad6f061c228da056dfdc2113ddb
644add64e14e467ca14697b2b0283e1828070a6c2e414da07d04cbe6afe8f1da
460d516401b25d91ebe34696f849f05a9838e89d86218461f424274e048e9bba
c6e84236550c8c5368bce205e049dfb56c6bdac3d86fe112a7eb96dbf1a9fca5
c15044d0814cdda937855013ceab41e2b67a4acc77f4d44f6685787172817272
f3843e014bfb0fa41a3069c538a02c2fc647508ed05ea9c2420d807ad7f6aecc
f1543a49e5896a1684ce966a1a39916dead57281dccde9fd854e054ddb86d9c2
74c63baa0c7eab23c7fa1ba0322c6c08218c2f7daaa7833373b6e561b110839e
9a36cc222ed09926f4d3c957f277a724fe9acc41127d7e75b825aaf79715a39c
592e492e2f2987ae8df5e9cff59288240aed8dde20ad175b510681f83bdc891e
b4bf585e8c743b383792d8209fbc657679b0e5dcbb18459857e8f56b43cd8dc6
9e7a9f3977f74562fad6fa16df70e0ec239cb43230370662271ae6df872b767b
9867d82f555b5ac9ba58a2762b5b38da1fd49a8ba8bdeb57f078cdc2ff88e1bb
9e6bb9c32b91118ee983a72303c3246dff635434ef5be0ba4361c368b1eac950
7ffe671bf0815caefd60d1cbe124822db7c63a5c8a219d6168b62671832d9ef8
35f0d704f16af1a889204b76af1e67688fe80bf0c36791a6e1955e252200e90a
50db5d18f4fb06d83b4309b1f8919497ee7a9549cd63ae999a04c6b82620c399
68be28f03f874eeee3d342d3bfdfed2970f5e6e7135d970e89c4a1a7c213d97d
28b9f819a89d447cda87488d1087ff2a72379d5a5ec9eff566f5ae3afc142fb8
f684a1b63c013d27cddce0f098c700c42455c3e0af3e0c84013050a8e0a2a4f8
06cd46c1f61d57d895a11f2920e55fd1f984311fb0d6cf37f2398f7d7963e7d6
1760984643235d78cff1770e15e31f35621779e9b43cf287bfc3fe1a9afb05fe
2bfd7762d53f71af4fb7d7ee777cc6ffeeeecbd50c015edfdc144e588cb0916c
3a8e8a132712a4fe74ba4da8cb5a807879c5304b0951532ebc467644df6af107
93e2083451b6bd58fa64e73ea22e50159922c45ba99984bc32922748c90ad42e
050bca098fd46cc89efd379d00162c095b2fd712246c9001fd4aae10c4c0b1c8
fda2b1d7f11282bac4250923d0bcfceed2d7ed0787759b76256749be54c486c6
2366723a0fb8933abb5c0c19792db9a8d52d7e043522b4f501f9a6c828f28054
196f12ee94ea4942cc9ee7b24533c595be813bc01d524f0bcb53a0253bdba801
8c84d67a1e56b600e3835ea447983c1adccf0d7c3d662880d8d1ae4fea554452
b3a94e3be3ea73686738772238c242575558e63b8d8d0bf4aa9aa906271931b9
bdbf3da62cc41818543956ff1a7a6c7738af3bca08dcc29784c680cec2de1fe7
ca830b8ab6413a7fc166c4057761a445a324924539c74f8d55f26106e41bf504
2d963991a7ed6ac025422fcd80dae0f6dfec60214348901599076820e529ee12
aaccbd7e27a2b12a3623fb13c776c687eab934eedf71bce91cd8faeb5e007b5b
d58e0fb04c7893905cf50f9ee0321997b788d4d3e9fbcef8f50b7c73cac2db0c
90448673a4a26b23cc9a852552664935249f830fc4eb485809e627d927edc056
fd127c8a5fea1fbd34499cd8761d707d66113778b850837e4ab0b0d8d3f46c3f
1b008c7843483fda45b8676e4f410dfe1ad0398c451586bb6cc9176a4db0b595
1367c626086b4a7f36f7c7f8bd26f96e93a51dc77549d42541c78dd772fc5cca
54e1ecc05b4b007042bdf466bb8b560b5a14b3ead0f3ac96d96e2e24d0394baf
6eddcc90b9183a2b081e6b373456aff1378c48e39a31d034866aa3cc4fc46407
f18efc6d73c236503861e97506cfe96e2a0da78ea0402adb194ae6c01a3cf239
34d317f7395b3b92b96ff5c8cd50b5ddfde23eae5943dceb0ec7cddc919928ec
386507a8c9bb8f23f790d107c94722220909088e2a4867e235a0b3ab2721b28c
e9da366919f307222ef4afb13592f26d4de1398bd33a83e3f4de13ee97d3f957
70ef46342c3d7dd6cdfa7170993e8b8815b5f4c3bd4d94578e8d0db8f7861259
243d3710c7a1193211676f47f1267d1f59cf3b2dbed3f1c5fac7249d163356bc
b71d5085cbb24287749672526792f2126e4bf9bc3fe143c98918feb67d677707
5871af8d16b85b01d3f27a371293b105576172b1e34c69912428a6509c97744d
95bc0c80e6aa6c574c564def9c51cd086f804dd30e22ec89f820bfe5c3c7eccc
bc517f6965ccffcd454e798932623c875d3ea0c25ad53cb0756fbfe554a62c40
96e4b6373e3952782d0e7776b808311716839fa84128957ea310cdc47648b4d1
2cd3ae71a7c1979ecc74c5ebfb69248b545d53f604d62202ded77fca7a1c337d
c2b4b4f67fd26bfe69c9855bb40ebd08bda36ec3d55fba0a5ce1d1227d3b4a1d
1d8bebce61c210669c7b44f72c9b6209d56f77cbbca9492473b891be8feea0d8
427ded7b8b4b5293a46e09fc623b9d3067eaf43c9c038a540ccbd66b4fb5c6ea
9dda4f2b73106a6b060a1f1fdf947bdde11d6eb3df9148fb1788d408cf710ffd
fb3a209fbdbc59161ceef1acb4e604a78f4f1d276657e4023af1061206216d7b
22d11cbf739336dac5fbc4dcc63cb1714fb04811ee7a36f8c2915c86ec34dbae
12dd5481fb6a8cdb451cc7fc6838dc7b1ddf42a43bb32abeebb5d0cc45183472
e7f51e4798e3becd73dafb27ebc69445c481bcdddae3762e43644f9dfd976642
1c5a9ea04014eee77b9d163b067a20724a6b3952b97aed336a5a72a447f86caa
7862d5ebffaaf1eec258d4802b38ab0e3c9dbe0819aa9274307d44b14e7da90a
1e9c25ea88442bd4f95c7aed65425d9776b7f1a2167538fccb18f89737338abe
bf2e287c9febad5c4efa187586685d2016fbedd9cf604fab90b5357d3e91491e
e6e5b69f7398b2c1af3c6804d0e9aba84a223f768208f01b1f6c94eb8b100297
cca74ddb162706db345e7648874b5c70e2f86a8a1a80a7fd715428c9c579c173
eb367c38d197ef2f561b44abe024ce857536cbf6f8053a8c7ac32e3ebdd7e25f
90b56dbdc68a306cd770f4a8d482c9c78099579cae62aa7e3a2225a946781148
1d39622c56201caf0ca6a2639f66e842610c01da00e9b34f8facb57e62e02a5c
95fd4790e29c74f8d39153061c4445e08151b9c9f4011de966e3d5f14586fbcc
0ee4c0134a138b9a0b1b90cec48b20766545ced37096a7c0386d5028d59106f3
685544eeb2c036be478005771490823e9964ae36367560b8c0fc57eb87e38937
e5e4a6ed4ea88fc034ac433170c47532ead4bebd2bfb8ba2ddbc4aac74a4036b
59f0201e96a8506e3d6ba3e5fb1074d1a29a5b5866cf39a6eb87a7625b76f1e1
0c70e221fec4f8dc7cde2869f3c37c970553446b8359864d6a743c92257d491f
eb6c508e2c0ca782eb9450b96c41f30bb4f871342b24c4391618242a7a8de455
be61f074168f5d806dc5b61c057e5c12e56446b7d5f500ce6d418cf4ad074a69
b542a7249f87efd7a5c6787e5c649c03f28d573ec62b6e51be4655d8e76e5f96
4622c97d72fd5e337a190f3b8dac928150ee27fc67e77a47d1c85abcc3220cfb
11a56a1689dbf05cb6f117468303112453d576bd2f8ecece78b379b54e48e703
287deb448dce03b2fa27965eac12109a17fd2c70409e5f4f7a1bacdec1cfa33c
52eeebe761b91c3621b90b9fd368e0e5c19435938409ced080721de41da3c119
c4be91f0955923f98fc3ddeda4b52029632df3ffe9d650349581fb1d5b78a6fc
dca4908ea0f6d8decc797c54b0d8557aba0c10a3212fc79093f484ac3fed6e8b
d9a5c196b812dea0ff4fd85276039f6e22b3d2651d28520ab075f95f02305c8b
2b41a38e4922bc01991f309b2c30067ae7f123de4b4d9c5b372795088db86c83
c3c255a43f31593314d4664af8d5bfec69414c54a6455eb1cb8de94c70a8064d
89920354ccf5453c106a8d95e6f77ee1d56fcf91b06b3787f45e4eca1bae8526
46ea63ea7dfa19f417b104a8839e2a081b400aba9003c9cdabd1e7280069645c
8b6c36db6eb59ce0b1c9f146e5a1231951c560cb55b2ee3ce6476b37fabd52b9
13ba7eb2fcae0c677263599417a74b1410e3a95476ffd368639d8145827ab1c2
24c7ff3330a0a5bc37a2eb1c48d34a4ea9fbd8499ac40e7679e296e7ea065f1e
adebc671702cff4a7d08b2b8bdc3922463368b8e84d4f0e547abc771dc4c1b33
b79ca47829846ba253fdbbcc0567aca14e807d2fbf8e5178a11e0cd9a6d350a1
93662771e65a96b127b2a83405ad594fc9d510bc49f820aa24a9f27fe6cd0713
c7ec27014d51ca0f2901e978b9a848b438a53fae7e01835986b8f55566acdfc5
29aa2b92b1ec994b403dd8c4a4c7d23c0516c0703a03fe5cfbd7250ead363a83
f60a997ef1b949ae23f1432f21cae178d0f32dccfb86d9eead9d17a5c63d50a5
5ffdd874471024fe769f4a6f5f89311e10b4b8f5123903c7bcd95161ba3371a1
02c7386c20221d3d0699bbd3a6400586a74a1e3b03cd48a5abd4ac9bd3d1caf7
3737b0217de72aa8607a21b2859115fbb442029b3932c9b170903706e2faaafd
5b8a3ce1ecbfa794aa99deaaed3c9a96e8b11618d34334aca3f4ad4fc266c892
627affbb9d010cb3f8e0ca0f5bf029621b2009a9aeef2f236ca0a148ab01b16f
1c0c9b8ddced7c488cc8d965f861ec9a0d3baa5cc016fced9d95883f5aac0f2c
89b2366beac8161a85db9b4529324e9a9c2b0e43a3a2085e05326ed9c3dcbfe3
ea2257d359f72f0b601dc40382fcefe4e752a59e627eaac9b21510714931d428
337ba1343eda0994d1228f1b99402e9c1be7eae20c5e658411a3ea04a0849385
277940b146dcb186989ac6191310969e4f894fb7c8968154f9856f137398a0f8
63f9e9490dc57d66b928cd55f592ef048f296d369e4be4bda202735d110ec66e
423cdacfedbea2b0d83eccb2971cdd915e9f45ab0b371506bcd2debc75731a1b
9c101c1523be3b9a047e489c8f31aa61af38f969d40063ce85c5a5971e008356
2a8ab975b95efbeacd57be181305e5a34d160eb65d682d90a8372681223a8fea
2f5779a956b3db0467c63167f2e35f7124796bdb34e8e59849ca6443847f3e21
b9f0953832a663d114a37a1731d7ffceda8563469a563567cee0b0708291a3dd
6f22aa7d536d9e3b1efefce5cce590d461f144e6e742c1a4be679d3522a6189f
ad6d3dd32cdbaff88dac7a1524f4abb520da210a3a9d66bd813ecae79e806516
e16f8999cc07342c55958e857fc0f08e7d7aae6bcbbc583e46e5eefed01b6f4f
ceb8febe3a072cefe5fb29ddc00f2bd1b0fd6e80e2cda538f91184550c2e36e3
4a9c9f2ddd31793b50a13e722cbc4c38093f5b18a03a39e5a152cbccd4f526a2
02daba3ff860b1488c39f0e6a2f1ba3e04c420a8a4845f432bb096468090fcd4
6842569972b68314aec134ca43808e92e8cfbd7d8513d582d8cd0341d7403e4b
13895cf905dfcd08669fee33d60e04892a3e484968f26fe9cdfa6cb8b80edf69
bd4e854c6f4f42e77fc5b9e2052b64f5f80b516ac2f342fcab3ed365551559da
fcf71c987ea89e8ec2b2a4408892aeb64ebdf71d305acb76ec70f73880beb6d8
31d73b98542e1f0b87113f558af0a59da370000e0f55d70fb3999bcdac3abaaf
8b77635814a379b88c987c4025a4dc7ec871428287442307e3817676704832b8
af005bf388cec1ba116c830b95a5f0f3bb550cd5b95c41a1d7f1ef0084bdf392
9ec47e86fae215dc689d562bb255a8b7d777032a5b426d2e6b0561246be5b556
94222dd1239972ef5fae7011fb873528e4015d976f6ad9b763c4d1dbd96a925a
47435e0d90b671d5e8dedaf31c8d7a0ffd66c02f50bc2139385eaa33f09c7fde
63750ae884d1cdb6a3b405eab598150080c867f5cfd4d02084fdc23d462f754b
317933247dbc5b1658faeabb32b22e4925e15ad9198dc79cf46c2efafe3ea494
c4d7cfe7d3ec8ec906a30b057e6e1ab71a22e1443ae8fec7d68c06f067478598
2690f718531c667deb5c6ea9299e618486b784ddd314152bc31e7e1cfb474f44
1d46fdfdd8422559eba84d7ccb15495de8426dbe7d4b82367c727ad906db3f84
1225be359f3ff6e556c1a8e5b3d702db0ef4e0c16b90f9ffa692484ee89e9440
8f166eb674aae1d2466dfeec1b904855ccf151dec5b231846f700897d5edfa0f
602f91c209b274270c253ea297ac6ae194c083f67c1ef6d56cc11c6cbd3ae8e2
1fb6ab0a80b490875bc352112ad9e87ed91147a2bec7f5501e8c164e940b3e50
9d5c465d8d5f31ec3237da0fd87a5c1e0d202f8999c8cf819a4aab0a5ceb3604
83dfee8de3d569fb4e8b7185b63e25d6d8340f620baaa20234e069093ee72937
f74c9966f209143fa1d591e7ce3ce5f1990adc35f6ebbddb1a1bbc2162728b72
6d70b391ecb1bdce68e9bf0fe549f827f462dda5121142684f93f844dab95ea4
1db47e42ce3719b627343bbd5d470e51ae73270e61006b79b0b6d0b1b0a83777
fce1087cb02c7180cfd862919fb52ffccdced82f0268a2dc718c198cb55cac2d
0e9bb831297399f4fb7f739faac39d7cc4eb7ef2a20899a2a07c1bb3200c9f80
cf6c201ac2e4ff02e86030916fc0cd98eafeae8cb187b3b69fb045261ba993ef
ea3615997f4fde86dc2ab672b555a43ef98abd5a6bb09868d7870cc725fa2461
ae08a6d9e9517179f5133c9a07dc45e065d5e72bb998b055e0e93c585bc425ee
d47f1b13b919de2bf8056d29bb3b3a55b97889d810ce22335ba4992b46537c11
45c4fab29d64c3b37d24a6267d7f35c67bb1ecaccb5e4f6db44519d344fa2da4
7441675fb191c1431e675e7a8ac9dc7b6736745bd7fc0db5143a10a4a29e9c96
b60ca91f5264c4acf6edb5de41279c9af061d5b8c656fb461ef45d69ab935f0f
cd883e6c6986027e973313d83d9e1c6eafa3937398a85f6b2f307a902b77065e
6d0795b556c677e93a15f6dbf773d75054e27feb3f6006b38a0a23fba5d7bb74
dc8b1ca7c3d108344f4cd8ef090f9b83abff6963dcd6a198e1dc096721e8d2b4
a43e5625119d18346c08b8afdb3b9e7f839b364a27c54d54be0483c69202d416
e7d141a63a0528dcfc62782fe97733347a65414dc4d715564ba1724a6ce0c0f8
74bca5a2f832bd28e1a8daa817de4e66cbc8bfee4747d45e0f41f03fb6d7ff8a
b43a81f895c4c15e6a52bde73fb4cc465336daee5fc8956498b1aab4d21abc2f
a04c52f960e36ae1cf2590a3289ce10709eece0d4693ab565d38b7d0ae3e064b
ca71c7f561d81c435cf426c78449fa33b1331f2c0d7946b3d7cd76f6f103e0e0
b86c1a1703b49903f6b396d8615bf0e61fea5a5eb4176d93bb2b67277136f15a
6fe9bbcefb8b179efba2a5f222f3b9e5a4a64503694e99fd4f56ca0b7033741f
6e5a3afe3347f176b046ca0fca610e322a9c2cfaaa81be7b5426060c7c9489d8
2fcf224ae91ec9d66b61ba03781caee90d1d6bc36a9f6ed49c86fc8fa5deb783
f087e698c742a48fa7bd7c0946684729ccf491f820e7a21836a5e1a1666da2c3
866e6dc472e9dbb4faa551dc046c69d6c7d955944de46f46e616b6cfcd3cb771
faab37b7758a2710da1644f0021920309c2a01267bca4f2db0a4014bf1d5be48
a338b5ae17dbff18a133936b130e52ed748e93163795b2a726ce5778c7872077
d19e88419ce0b6f9bec113c737ae6e3b00e0c8d429e0a74e4734561e6e4bf6a1
a3f712bfb8d5db0268771d4e98f7a1efaeef3f18798389eb23bdf6a1e8ee6088
31c9898159f93fdd3d33e4de6351ea3afce9e18a1f440500279ee91b49c92330
dbdde1424490d86f70f9e017c076a4e5cfd7ec52193718059b471262b28f4a77
e6bcf67d9f810b071196c86a0648aee6ee48cd6a15158860fd45329e76691aac
95ce83f79b74b00344964d6f769360cf3907838cae828a3581f7bcaac59e3579
4a6c583673def67c4ebf714241a922ca9ddff1d366e6bc6740ef1176f419b111
7f97490873f40c282520dce12583aa4c03f71223a90e44b68decbe528d3f8bcc
75f77d9021ed479187534306d6b059d4bc074eff4eadf15c0655bdba1d287a73
040a225335f01cc9313c3c45033c6c197d1d95c2ba18db46be217f4c6d167dd2
18a0433800812a199a92594a111a87d54d3a99a7a2714595ada6e29806491ffa
9ae15961a9b99c70b8f98b056938ddc219db2475e849aa1d1a42737bad15fe3d
04553aecb1a4c03340bc1859a4f204190b5a3ad3c0a5c7fed007dea7314e2ef3
979899fbb5766f4a9708fb59cea943eb0a81c1e830a6e235d7f5988785b40f18
245864dd7ce05c9548dce92a2a7f66e5e8ce20d53b2a8731fe179d770c2a6593
67545484c75031c72897b10ff7968566043d99cf86a650318492eed82f583076
9f51feb2111a48d0f9005d9de84f26bb05211c542349b4d9b0049e36b4107b06
7a08af597c4bdec42e0302682c24b55ae86a83093856b1345519f66c9c01d539
d9fa7dce84573e0fe136cd953552fcc78b03703d6a078e4b69ff3f902de974a6
42d46fcb75ae2d56e525d856577f007728dad6a704aed102a598415be1f1637f
d901e0f8160c62297c05b07d736750864d70aa64dceb999b4ef22b1217123081
9771ca4ab73112f097803356fd149d4a38651777929ec33b92835ae2e2c46b25
52f52ba51074fcf2778aa32895b057433ae37a79f3665d6c642e9d16882320a4
16f04cb57d72656e4cea3dcd7014117fcf5eb82c70d6959f3362a79f8477db42
6066a1816d85b04e2298cc01800b2e28f8c28a9a438406bc61c15c81fb607c4a
8b5db56a755e9d57fbe44d11ae63fd0073b510609f212ca56ecd178189e2fd26
a6d9c5772954271299b2a42cfc92bdd4c1e9943ba4b8e22bbac369db5fd1f201
f6a2ed8b82ead133d50bbc1cf9531de1221ff7b856dc9081018c6478cfd55159
ad28206ecc2c782cabd0de93513d921cdd53baf7c0605c0256559ad4d3d4a09c
2881a3af58db48eb476226fb689a21d679d214cf19f451526329a74609f348a0
0e0a33fb07a5b238a5d8a41cc88506b1286b8b3e74dc35e988c86b4cc49d5825
31cdf229b196b01c11a744893ceaa53dcd4b5aee6ccf15ae0eb49ba14ca8a555
3ad5081ac0de8b989b414ac1e48ac01eb7ce282c5e803f736a0de2a8032e0d6b
a03ae5323c5e480a011e6f9411d8142e9920a7c02372b681e51bb3b523c0d907
5041e4911be140f43b6a1ae09e7731f361ded3ebca6aba6b3313ba48af451e97
3420d3d1b120ec66592756b96443ec2559795ca510bc9f283ff9ed469e576a79
50146b4002127a69ea2a3c4105b3f7545bb21b282c424d7a98c40fa03632f302
3555f91502d3dd9411e05ff1d8e8669e817ed7612d2ca8e4e8e468b033711b8c
dd9f72204cf5efebc2bf456e88f598c53a8785bc9101f35bb7a0a65937d5e1c4
60ae553839f1075a96f291bfa0dec7f8ed52633d6967b438e77001f103a2ce76
ee2a6018048e7c869c369e24c4a22e0cbd4b445521c7292b7590a904923dacfd
11f03c3177275435d8db7d305276c5f59b3939b293cb2cab68ec1e232469c26c
5de8beef527f6a01555d532732b87b4ee1d9ef6b427510cbe3ef09a8e62d65fd
9e90c190f982bb97ddccbbb9a4857f7cccf44e87ee9165be5652a78d3558739a
da3b07e07637328bcd52f0c23f94c3866bd03534c2071a51af146ed306451e3b
48a75e66bf01e3da98ec2c83fff8ce67f3a80fd029a2d3f81eae84c6188986d9
bcd83896d81c7bfa57e338895fd9e9f48409cf98560f92d54ddc9da09019bab5
6b4d221f6defbd4415cd20fde2c192a2df7394a398ab483fc5ed2cca9d47add3
998046a36a072d3f289a16db86ea704bc993b8e2e181410ad477e88db4e7506a
f05660c1897d09528a636528d88afef9374cecdfe9d6287c58a4dd9ea6899f34
0faacb1205cf8c409c9fbb3aec56ecd9ec3a9ebe09ab4682c8fb7f9b53a2d604
fc894186e72a280d65e83e8798946ad22b3caec0f8d3d7c500a0fdde281605fb
665aacdaa25c1a0b868aecc7795bba06fb214054f49a153466a69f617feced09
82a1b8dd91a943d64efd0d127e3472b4bc81e281de95c4136526e3ed8fa6b4f5
23e0261c1718aad62c4c3eff409bd9317a8bc60d75628669913dd142d6216ace
cf4fb1ae1de64b7b3a33f6621db9fddfffea86f5e2a82e350a06b5e4763cf79d
21b87b8379d182e2edcc61e6f631320dbfcb2038d7559aa118aab211903f1b96
5e01e025215cfb7c2a80312bda0e3fca9796a83db5578084fd5affedf37eb87e
0480317326a7b677f344046c9715e246dfaf328f8f82ef8f567c11bc8d6fe8ae
20f90949ac0b8a4fe7def77bc43de12b527546372ba02fc443d8d468a42caafa
6cebaf481543d501623fdf0501b5cac28728ea3ee7cb2fb6c6245135fedc406c
d9c3847b344703ed8935efcc324afc90235628d221fe782be833e78d627178bf
20b6235e91894ce028d37aca480737759a772ac719c46d7b6b60470d7c250733
8998f98a17f6b2b7e09afe841dc2599b50e678dba9cc8e4b79a532852e4323c8
1a1dc2b6e960a0b1db66ea10b5589f5bb79e8ad89c74af9723ff9722080df02a
bce1a9a03ba7c1fa607973372cdb7b5f7ba889ff70ecea53d088763ff7ae4026
1e7f2feb64ed54f5adaad4b9fee97a55447bd42e09d8c14486a3089e420306fc
4878f3c2dfd5af96516f1028935d27f319775e39d8d4d9f6891f467c41ff063d
c1e70ce9dc6f3e4eeea5fc9fc867ecdb147cd98af96e4767741fa0bde1b6baca
2d2b70aed772156e5b6de59f843648170ba3f20e7db74177718666dfdaad8cce
673a291d30d53f1db7169de96b9a3cd2513528d8c5a5a2306d00c10b3d5d2c58
3f352497fa45a40646a8f2fb932a0cba087c3b3e1953d6611b487fc908d61e81
8885a0bc7cdd58c46058d3273c7deb5c609134605890a9b9b0cfa3b97e0724c4
700b31aa46f89f3ac3d0dcfdb1e29988563255457f0f807b34138a9836aaf139
509848f48d1557c825484c1df7d67bd9f249f63d21b589d061800cedcf2a1274
8514e7c07ffbfc7f7905e73254d7336fe888fa116cedcbafb5faab132ddc7cb9
a73ab0133308b76843861192a3258ddcc773fb3672a22c7637354455491b63e1
2d596a12b7effff4727a1c40c6c2224d471c4ff583f721dfab15bc2e0aaee3e4
b81a4e6c140ab4a30be6b37605e6a28c85a989311e46fbd1640a119a40a32bc3
31c67553694cb7b3fa686858f085f22215315e52b81ca956d738c7423abb005f
086bc21171d61991889bd60c356fe317865ee0f695424336419a073f0900db3f
422f0547d612c0ee261067f378909241579dc6cc3f82b990b34c73646f8fbe91
c5a12da086b807a86ebfe548e97fec92e1d50c14671a41a97f2f5584e96ef26d
3e3d9d7f8aba1669926ba2fbec8fca7d845d7e6d2397146fe50e31dc43d278ba
6a99579226d2892ceba4c018d8cd69d89b078f6e3f409bc88eac1b11eb061f3e
aa4d4cb3c049834602b3c45c4fd74b6e2ef388d9e13157c367431fa36acb46ba
0139a42fb6e0d2d29203b11c4fbb46a17e617c824a7df75e6599a9fb43545670
dca9dcc1141a20a0c9a473c92b34304f3f644419971da69fe5837637916dba56
cc881610542b68c46963c83c7bc94e930031e75af3e8f8d2d1e98cf372a36254
cfa65274e99717accffc1e3fe2535656e7a95520bc25cb13869227f645a7cfa2
b20ec5e8618e690d2af2be47acf058b1a8cc66c9f7c2f5370b41f3d075037583
2fff348ad755d6208f76655623d7a72c5716022bed71fb58a2f6317888dc88ee
cd38e8e434f31d05cd8229be9c7a745b1c2a93593027191b86b66e81d14630ff
df64087020a1917ad2d7611bb14791326ab63fba1e29d9c35cfdb329828b3abc
b541e1ff44f6e672095275c764a07888e65e74e26c4703442a63069456eae927
803ebd83085f1fb98d90090eae75dbb6397a30f9306825ff25eeecffd84cd6c2
9afbf77bd7b8e10f441f51a0a7abfd8ddb6697d02f55300f8845efd045c58762
4f4424d428e997bc92a3af9a10db5b47b4fe0af7dba4cd71b4708e90893feb20
554d9c5500a3921cd124517429963b43b1f329cd21bfe0aceff4496cc0758b17
0aff63321a28f313c34f4578c868e5464669c045d8e8c358990b6f0fc9248df6
7071d7d103a80e44884c20740baa5a75b0074ebc22b13b00e6c17aab8ea5c5c4
0194ef8bea3cd7ac96d25062fb163faff1c2fad6281134a8d46ff8f6e48f1479
d2403fed0dd8c8bb6d51c61c99e105bc6af5d25e12779f5e39811741c204479f
7bfe2368e6fec15906ce112b06af8ca701ece3cc3797a6dbf83113f32ea1b295
9ca0d7db8cbd51267d836b8cc8a6aed9134cd67ba1d0c8cdeddcea4f1fd30a75
9026ad39931f1c64d99c4bca519113e04c65b051547303355780b6918fb0d2a7
84f75697476b238f8bcf00301f47c1d65e3d6868659dbd72ad2df1d34c63d458
daa8d3421e2defe8fa405ceed19bfbc11c52a9fe53fb6ff5ab3c526379db7143
1761276e8bc6f2897ceb4c969f4b9c11f441c36e67adf30bd7208ffe09c5b4d4
97330e527d7030ed1da3872ad6bf518888a87f2e17ee8d8928d9df400232b388
6aa0736d63baa56f1bc451110ba4f9cf6f44f3d330570c03cba4e04d43f9f127
011b0a11c2308d6e8f3ad6c34cca2b96932bddb59a5e6baac1394a7b0a6dc35c
87086ca4c0e44cc54ee5fbcd6966d13441cce85620065c0742c6bd465c6065ef
63199944801d2bd3d7c09af3d3c199ba536d8d10fa770428d6b167ba11bfb92e
011d3c18ce62f5d34e024ef79494fd7b6968311d7c93672d663b130299f9a720
1ee3400a06750b870d66f525f822d271ab8f92fc4286764949146aaf3f6eaa2b
ca57a87ec15587c38c16ad794885748d04c4faec14347f4284b456604dc21519
59a0607004eb6f1f363abae8518b1938ab62647f98241f2da2741de96fd09c70
db4ccf636fa0c08936050105f13fbee39a5558b9e3ea66a8a6a894b091d77a0a
b5b37b6640c032267c8aa848edee9fc0bdf42685aeab9b3a115ddcaedf27007d
23a46eb8f41e470346964d87069a130ee5c250cd92d6fc6199019aab9884f464
2ab877e61d019bcc28834bfa1ab89fff4162c3c7c6051a26260e347520722b61
15c677995ea1d4e418b9bb6e7c9d7973ed767b70124d4942a98897a0900e50b0
0423e8c15038dd76f5b798f975dd8f733d3e53cf04bd8348ec911129ae6669ee
1f9b4e95b229db7bfa13ca218732071235beb432318211fe880ffe0a49dab8f5
094b94934e1515abe06bd78d15d54aa1e9521e1229756713457b6e712e8f3dfe
2ac0cccfd390a9a45875fc4305e1250511258fe92b6aaddef279350a3f597532
e486409eafa08edb14e6bab20e62a97883aefe2e6b4eac37aadbcc3b6ecf070e
92e409e7282f0944851368fd518eea6afcd744bd07ca72bc89fe47de0651ff06
2d2e2052fc84aa91710ff92c0352d10df132ee73dfcee83182ded40802b64027
32c0ad567995b6995fb42571706e7a40eeb1e6af89b44ccbc2803c6707df98fb
b03466af02b8eb14f2d0e337fb4cffe8ff26c42b219159f81a4d753a55524b47
8879a44cc9fee439e4fa9c4d4b491b2dfd2c7c645c5ac60ed8eec33b345179de
e8b6c47413096103047f91aafa3553a31da0914a56244ff0b27496bba5cf8db4
dd0682febe2371dc8114dd617fffffd08845fec7349a09c2f6239bebc84ef51f
fda66bd3c5e64c25d7d08740a92f3d629b84dccc4dc65851b424c55001943af1
a34c133e77b5e8604487dd5cd301a18e84b499df30d76349ffcd79c71380406f
b60a3adbbbd6b5e5a485733ca98059b0799da7943ef4f397396a5f1f9fbcdbff
7e65d11836bd963eda1ce9e16594d2a760f6980f244d6e68a6b93aaa18bcc1a2
5e4f588588f5cead8e49aaefecc806ee839a5e074ee1267693cb26eb0628eae1
d4d73d87503feebfc79713a3ccae6a666364629eaa6f1705fcce045669d0f42a
7e27843fef53e2eaef8a785df2f78be549055de49636710a2d3a35f06f8f60bf
139e97230c82557f20a57b0d680c89a43a22c4bf67702e65875e17ec120913e9
5c9d3ef63a5be6d9eae988370ba1e871339a0a87a141f935ea646b2383113c73
43cc3774f62d9cd70a050af1093864a730589be9fb4ce70cad717c0b6e032776
a1ec34c141698a9145ef242244e72bde244f793c1cf717980562e5d240971ceb
36cbbf93e8fdf49a97faaf40e77d2dda233621fa54e964280f59696b41729999
b90da364accde118e2f0a50bc64ad280ea32013a196ded50c86433278e33114b
5f0e656b582956dc0da9cbf44eb96223250c10eb82d0d9252e8e5012cc54492f
35d464246975aa82fd861febb86f5f87631a236fa01bb74c5fd696f97d5c45a6
cf4adc971d9232a7c5422314814262588ce4bae7db2642034197893704a48930
07b4348613897dbd534ba90c8e514845a0f4bb5365cebfdccc6f3d513dc1e413
76dfc7c37746118e79a366523cceb565fafaaf37e280c97bbfa1a40b8520686d
56fcee46f2176aa338816ab56169b8db310eec3a39e21f5dffe19353ae2667db
284ac0f2a4a7b62675a9039e86dc184e9abce70b689c1d48db351fe0da0b2261
5fe8f3bca5dac33c5792bdb5375f873b0979ddeec5a6b714a3a7659f01d8272f
94d1db98257ccc4d8d666f81badab20f5540fbd37bad7b4dba450ccbf1700e22
dc8d165ff71337ebe603705938cea3e7e00a9f430146452b6c12b4169ba94c9c
9d348e9ae4ac4865ce37431de742babc4d7a94f59396ff9460e74c54cb8d5061
9ef040e16214ffa5ba7eab8369a889af82159c1a696f23421a2ba1ba6361260f
3e5f8bbbd3bd5e915c7e93d6e054641edaffd1449564d04c576fbb2e2cd46490
ff5ce4fd2f820050a418a8f23e7ca922a777bb1e47daf14cc80c7445e53fb8af
7a8a5a656fa4a399558541a65a69dbc44366185998855f8dffc519608a5c35c2
1d992e601093ca273d62c811bd073ddcfa5090a6c9aace96507d8f4b3e5a136e
b4e726a5354005afcf94104f97c45d736fb500289dae877b4fec11a4f02712c5
f2275eb726a9cd826a8c1df9d5951c4f5a3005e0ce531a33df0aabd9b6303965
4ee7502774e2fc34012b271b4cd467237e7e1b58c82b180dbea0c0ab480d76d2
ff2c8bb0fe9faa540eb7d00e69f10a169a22367a946d353269d933510562545f
90269c8e00f0f01feba891d7d5f350b156f8a3277c2e780e39655cc7ddbb8859
07b034349c93034eafd9147ea83288a837603262470c217456fc69a55fd4ed90
73f9d59e5e6df28753a87387e2dfd62568bc9d6a5665fee534ad84569948bb2a
19308d895017eb13491a55cf48ee2d50bb9bd391d901f2e489bad3474628754c
8c9241a8fbd7a0a3543fa003af9b052d8e954834fc2fe7ce60b0413d56b7c907
40733e4c6f3efdc1572d3954049ec6003679d57b71a671132f6fdd5b7f6168f6
81ec4b1c2eaabd5da97116ed59bee821f78afdc661459561a26ba629d02b9f85
c4dde887137732ea24778a9bca6e90422ec9e05c585555df0c0a8f9ea50d2f93
e4eb077f58d190e24cb2bdbb9d06b52f36b7665299dc04ff4af2a5cc72298771
a011106cfab9dc6ede0cd0b97954f54432e252680aa610c69d32255011bd5f05
33c2cd9bc4dd28a029908d0daa0b4908e4b2f9a80a83e7554ae964be267b76c6
ab229d0c8ed7a1f150bab0c3cdbad899dd270a1e811f0446b6786acd99d3681d
df684d1dac099f46d18fb878fc9a8eba3b367bb515878aa7843f3499881d2f0c
26c8d5bd0b376ff0e97053bbf5411849173c92498b4753b516517fe0956d526f
6242e9db9c534d2496c78c8a6e9161fa3dc76cdc09d48bd8ee96d31b14942af0
86e4570c7d8137eeabeccc77ffee2f98e2b5a638aa2330f68cd9f0fa162cb81f
3481e8d1b8d499a2e6e7d5747942b2446894fbe30a1f9c7080b039478bbf7c92
11fb109caeb7c5eb137f0a59d039aae1223a912ae8bc0fd4a5c990dfac3297cc
1dbe2096f3ff53311a913c5f872b3ee9927cb35b06c4d704622a86b5e117361f
481c608cd48fe3fd0691918e838c4df3815b6d674d52c2650387a9a24fcf9209
151d6d196c602b4af5791a958de6ace36f1e2ed3cfa8faeb6bf94bee918734d3
1507c90c7b0d7e637facca3b28302a9dc5c0bba55b992ee98650c8a56d81bdeb
b46b59b94b48f33190f6e5ad12ae52362a58d642a6f408a0440edbfcab25ede5
4c817e163944ac25b10b5b3257662ca5210dcaf5f04351fd80f9c89c586faceb
40e7f7c5e62598f9265de3feb7e4a37cc6d17c0f3a97343ff744ff0dc3bb705b
3a22e72a59a254b4dd6caea0e12f1fa03b7a9ea9b16d0fa5d2ebd130d819bf78
8e868ff15129af79ec448b5e216a604758dd4c37864fbcdd773179976b5bf284
2d9ecbff3ffce460ea7a061629002af158145cf0550c12ea599943514926e0f9
efccc088b6ab70f1df0faf4223fb738fc11564ce57e1f1d8bcf84e1e9b91f992
dd24d585a70f6a8dc15a5a64f050a0425a4a63e3f65a2f65dff9da455e870079
80b7be0c72b4b797e8e2ed088ef7e43f09f82c0174ce60b63a352ea05704908a
0cbcfe6e606146fabeb35b8356166ecf0472ff3c6b6829f16e1c9d1fcf3ddb04
ec8d619e773cc6d41dc9a7425ae8c5cf0415dabbc1288bce0be5da2fbad44404
82adbdc2cac446a114d4b4a787719bc067097cd8f0da33ac29b8a8eb294971da
c16d325688133804228866e2df1eb6f85f8dc4006fb23f63f6235e7483d94862
06a8c3ceaa1d75fee55efdd76a58afc37a24a704b009a8fd3abe4eb687bb8a84
d69341951916165bba159d0d84658a19f9751dbad70b9d438af0dbcf13560e03
e0ed55cffce0bdfb5dee5fe2d86c6467584c855047a5d6cd0e843015edbe0126
7adfa922f4276826ee2c8435adb2f4931a8f67eff014154dc1daf0054a539921
597548709c83bfb4cb9ce4800b3a38bb1c4f66b78a8f82ffbb0be26240299f2d
6f769d5323fffaadb611d43d8b11e684fae240ba4ff1d350aa378e32557062fb
5af97332d535382597a1e51a1f33fdb9fb3aeebfefddaaf9aaa74721408623b3
fa125183e00254ec224970755cd0a566c8a719045a2d2600411665721bc62bb9
1d8e40b7b27ac8d888be99d7626171967780f0816d580d1a74e2eb966b97637b
72ca035fb6535042863877fbd9e674b668164ef6d9a8c3e2a4625765f6e66f37
8098ed179a3900747825f8b4ef491947cd7e6e3e85b87a8c48b204c15acd728e
9dcdc38a342515bd3a68588c6649ac8dbce85bb9c446082847680d4c9dad5976
367297f76f0389860a2d1761e67bedf84b4015d09404f87dbe424bbc9dc1c7d5
8cffd258924e328a287c199b4626a2d866202008c4f0be471913854ef1709c6a
75055836275a14314f490ec719e6e00194e4c442175be7c9f8fceb73342bee79
6d2373e762bb50cdb119a518302be943dcd02e43500ef14a3d90077ae2ef2f72
f9633dcb30a031029b102b770068e4ac1ad0a73284333186122dd9fec5050ebf
a5bb966c06a5bfb4ecdeaf1ad3aef1d7c50603e4927fea6eb39e1a2784b96ff3
46ecf1b290514bedc7af72aa1336a263a14b7438cc23ce3c2de76b7c81cb666e
800a59fc3813cc04e7e0d4b87a05f8c632d1a98a5b8b868814c285cb353d8968
3ded1b439a28c6da28f4ce9e5e8b6bd8145b9c6f34926afe7b3194b115881107
fdc27eaa1918dc2b77b8f4723da0ec48faa4f121c9356733d8f0f766bec2cd3d
4627239bdee7ab67c35ce4bcd7901ab5506d1c43e6bebb2dc09ad6e52c09adaf
1af1afca5a31d156da99f9b798a1b96c8bb834f4aa43ec5e928c3ced8f55baed
993d98347d6bcd404854bb51bb07f1fd6a4d18bda612849a60ff0a227f2df823
a2c527b4307fe8829e7281ea75318f9ee44d234d9cf57e2e7d3012e74fe50d84
ca4287d26a056083e80472a9fe9c3076f113907f29dd6a9b5e6ca98609409265
f5f3be979cbe692c65fe054fbb792a59547183be467702aa5ec531c2b895db44
8891805ee7b127ca1ad8cbcd60fc0ae5a299c96112ea22e9d2dc5d015ba40ff0
ed6092cb6125a62f408b33ac5de47c2142658498d08f98bb9899ccaa6da5bd98
ca7f0080ef6a1bb68af945745d4e82e7c8a9e44023b0de4777f95a2f23811fe5
71025556707e713ab8215317d30069a28959f88f4df56db154836b6ee615ee27
215ccfc7cd2962725007bf57e37a68cd35b468f5c2cdfe7aa9446db6b1967586
c04821747f57bfbb12afc139aa8d14a28538a4f926ee7c0909df213aebe33b0e
5de1eb6058fe87a735fc6657140831d389876776c8cfb68380e447508a0fe392
6c30d44e522129c82320f5880c38c28a86b3e1bc1794ed97c52490daad83ee4c
ea24b7110c776a028f9b2468b39f3f3a8709a2dce8ba7f50a1bf63c612530efc
4a6f44d191ff92d385993cff110b03207a2292abe7e94021c817e28008dc370b
62fd1c28778e2399a9ecf04e8580d7fc43179fb3b17eeb89d51cf5194155326a
3d8978a06f379a94b23131e800f4324edd8e5057b37adaf1db094928bb2df6df
5bd3ab35a0c3c42f8e64eee898dd9795f4307f402746822fd5b79e721ce88a6a
a915e3bf81a4aa3d4a60491b89cdb5cc98a02d158571ace3f6c356153f6b98ff
647d3d216680e00694b67f6f1322caf33221dc924fb2e23e6fe81f66fe83f6ef
f6a99e702aed678029a72007c3c9c79073cb5109ad20386f6719cda82653ecb6
31245575321d20b84f2a97300bb34ed5da00246b0fb489186cc46c0df0ba8e65
a7e3301378304bf90ec6c98fa56d981c56f0527a1aa2979283222535106cb765
9ba2611236d6363f0c2a65599a808c1a8ccf44be834f77ccf1e1baa3a969ffbb
5401dc38a43eba0d0e0f9cad416593e933951572f60f973c23638b50fcac8aa7
74d087b0f0d686aa939d6833e6f2dbebb20e376466a9bb5eaff6e0b964f745d7
fb2e973c753b9f72b8b442f2914dab5e0ed3bd2c1e6fa8a55289376068aa45ea
346d5ae99865a2ee0124791077a5e16c263ba086b76130f78e2bbedc2e74c6c4
7fcc0c9948c795a049fc2eff38367e2f07f9602ffc308a5d99512c645f97787d
e0bfd805b8b468271aed5f9b4a6f37a6e8e476853c8bba5d23726cb0ae588ce2
a36cc90d01f4d58d7afc4b15e1829d6f561236ce60d384b933584a8c1bd173ad
b7d39c724d116c3c1c1c42dbc465462df6a4286e02f1309220f739f2b9816505
c285c9c3ce1877c50b13a53b3d516ccad838e7e578882111ca8dd5b62e1f4e77
e6ec78163dc56127b81687f4195ab767e3a429a1f63ca903dab59efdedeadc82
401841fb4083c6006dd77ea0ceeccdb69b4abe722457295e96eedc3aaab8ebb1
1aaa0a5fae0cbd2513d1d189b00741e94897592fbfeeac0050a3513039bf2e82
9f66a69659c9150f28eb3e93c830989395d0afba7b57a49ee8bccb6b518ed11b
6f69d56a8a1bed4ac652714c32ef29043a883c0052433f8a0150115f815daecf
8a1302e6f33b6ce997e690ef113bd4c72c42f39ff189519fa586f284568f35db
58110547fbc64de0599d670f85f00b39095aa6b57a3571b6097e29e9b9299886
539ccece727c2f151fd21bac846cd04c62aa6a771062bf9463949be396c8ad07
be359ddb2e0000dd5947f7cba47fff71b638ceb62e36729ad4ba28ca71d68a5c
50e303ce30a68138776fe26e03e1ee041767dc279d42dd54668d73ac5ce43341
129dd7200963241632b54d5e68c219a2798fd0263bbeb2cc611bfbf10939183a
39753b33d65b5179d3d1f169f67ad4747745fdb259a0aa9ec8dcafd904f1ef68
914d3378f35fc37f8c608c02c2c36d71891fbf87d804d9fe1eb56d250ad3a010
ad1a8ad68c3a39b91409e6fe9e18663bb1ec7c646a54e78d58fbe5eda4d9abb3
5348bc06c51fe966b78d3956f193ecde39774f911d751c7c6c9710bfa6d44a94
a319e37d089ec64d0f10638c931f00bbbded77e88a78e872d7c3f45296ea14c6
c26655e04a4437fc42c3ba6ce0ae7cd850102eb067c6d031a9117d74c40150ff
ce6f6fb5517e6b4946a6c6128fff64a9fb2a21ccb5e8e27f61947b000679e16a
401f952c2fcdd420817c6e5404b13e2bde9adda1a00b131a97ce284ae436b955
d9418f7afd954b135f7f10f7e0f46e19c79ef186f6082c0a7b9c63d8de76528c
0f41f1d28d7a2a8636da95b9c60fe867178aa2af4c78aaeea11ad5ebb802baf1
a1e1a3b22e676bd872c983d2d7a9d24b861a766369af519c05690a61c8773f92
be2d37d63f4d0bce1f0f9ea6c9b2d57356b385d9c4951df0e2846a44984988b8
4e2f86588ff65f7d5b4908ecace7d39234acea3548d8feab9122fc639b5dd721
81eaa5e63b170be1dd90bc05439e1bd80e008c4aafd8a82513306e524e3eb6fa
b7ecace11daf318af43def0e9fb86caaae1abd99dc5f1056e416a9aed1b5c41e
7304000ff92f4a523a2a5ae88768ff766b40d5aab7eff5677d5ee3de4bf89f01
76697ab600bdd6c9a2586aeb64b8c412bbf9a6693cc72871143102bfd81b2109
6d1978ce7ea8dc8ec481c9f835ed11fdc9e22724136f8acac2d74747d98a5d6b
5fe54681e68a723cf3361602c86991eb930ab471e2f23d456056311668d37d4e
f0d4bb1517de1bf86ca060a1e2086e6808e087c59844d3d952e01def1a4da23f
551a23b18d22d9ad1fb898e7db286d4a9b0381b6b4bb38aca0447ae4a5c8a933
9be9ec95c4a6d7578a2e4f7b64c76fcb29f0f020bdcb2429747a728460429555
5b7f1fbb80bf382ebe379ae44e023f5579b931fda5e9c6395ba03af4f6f7c515
b3fc690bfba9059c272885b5e3564592f69f8c85cc7acadd46713a1a04cc13b1
aff34073acababd9ac712c6cb1e06abd265d70b97b47bff8b2fa23be59aa8eea
baa396e784e68abb6b3ef22d599cef6b23a141a03dd1baf1432ac8471b5bdcdd
c7545fb232d79d4e924e7970d1e1640b8f1e4b747d79c8bea49f70428845be33
62f1117a55ae9b55ca7200ef20ac0881bfd2750e7cd554ce1264a6f49c19762c
52bb579b96069331c47a2501e4fd429f4dca3931bf5d778dc9860fd0bb12aaa4
a4678f9f98798f1379cba04cc2d32eaa0ede042a0b6622db3505b5bc300d215a
6833a017323bb909d66478e6580b9f79258cb3102869dd43948b94d649849d3b
5829cfaeb86c39e990d873bb533542deb0a0186aafd9b6f0dc42996eaa344e8b
2307967fca54a79488ef8186b5ba4d91f773793f538561b1597d95aa2e1694f9
35f51f3aeac2bc715010e7ac6aa52057a1e5a511c4ff252f223343999b50c56e
077f377059a3481c334b73d9cf6b3d8fecc20a6594183dc7a5a3df2c4e655028
2a95e5b55650965e91060f25a89bbc777a2ac740b83f25764dcb68822507dbd5
df0c672b4dd7848d404404028c1130a8b724dd99b62659e6ba8f489623b6ebe8
04b3752d17240cfbcae89587012ecc471b6954bd6f81b846f9e35421276561d3
5f45a2c6ec9ba978b629522cdfd392f59b2302e5993037832f7e1e4f5cd1113e
c72a0b9cc773aceb30bf93bfefd0e5ce4fc6794187b66028ca8afb634ea5b888
de6926835a70c238862ad494031db4d9c4875c1e2b2f755a5da49f53455ae125
eb5d2688da7210db7c24933ef17feaabbe7e5f0edb9031e19d68eaa7fdbb2d9d
6ddbf736369b1c48acb619775340c952bd729ae0963bf69e5ae2b9354f0d67db
f97452e745c3b400119875ab17d44dba18ee2260f66a31c9962e5bf386317722
1d5ed8e03ebbd6134caa61fabe59df5822293a3e5c9f7cedcf578b2befa7a0bb
153664fc46a767e6e3bef02cbab800b580c73a221f25604e3e4a35635fb56d9c
e14c9841d5905af4acb5b5cc99aee4f9d51b13a7a66c263039ca5fd6fbd40ef7
8d2adb76d5edaff7211fbd48bb1e29a500def7ba451ca50815d065446aafddfe
ebc8c3e748920f610171d691da6215a5949fe4b9b23beb8925e0cac5991b30b9
8b546c9b34597c9ce29f05ce94b7434bc6af9f6574af5249f720e852a3338726
1bd2aacaaeac795aa1d0732dd58223ceb8fbf37902e8b08ae6cddec0fc638a03
b380c03147948a06f0e3567f15fbd7a79ab3c6bd187e443da80f70311f7981bf
8ebc9332fd675f7a1b0736c10dffb7cd02e2fb66c4bd98723cde8dea56613629
fa7ecae7213293f2320e92515621d67118829a8bd5ba889eed3fb8fdcb9c9754
737ab94fcfb78c18fd9283a38c8c152714eb73f3ef5ff655ccd3b70fcb0e56be
fd7624d121159b1e096e70c679de727e31f28e912dea2ce732df35532ca045f9
40df3e47d723db1baec1487ba490c0be9a0832d85a15ec9dd129c7a3f4f60eed
bcce42e96142b6453b02180e13eea3e846c57880411fffd95f04735ad4456ab4
b8f6dc056ad20da33bcd3ef00045794d073a77acdd8e11c7319010b2a4c6c9a6
cfd1d97fe59e1ac9e0f9076c9b58953168c0f4d2c882951810afc7507c84237b
3f7ccc2d05bf935cdf656c174c51663d5df48c8b0f02439c46c78850ffed287e
219ecddf427ad6c160f59500deeb04b2a60afd9d8912a5abc65b9b48b930b400
c0e4af8b4188f3a5dd708c4909d41d96a7f80c253401f914871c91323ac0cc7d
4483eaa84370b5be8c9f05f17fe2144a23f5c6a3b3df252110ca1ce2d015d2c2
ef94c54246ee88085a0c26e44a5844cd77ba21922e8dbdca1e1b525aba7551d5
db7e10425b3ffed32709e63eed489bc9ee09df6f556c6a4ca98616cc1b446aa8
ea1eafb74f91d9cb3f92ae3714a0d6de57940f169515f5298ebd357443f6c912
a2e8b44b73d78e135221948daa805d821fcdbf1e6adbcbed6a30c354d4c3aef6
0195e834df160839712d2553522919b2bdd8027428fe0182f34863b77e9928b3
f3a46a6eb7fa23576364143eb47bb826d6100d2a0640ac7795361ccb75d68dd1
81c14feec6f56c05f246e9a8c321b1f9560f95c50c769b7d9cd4f2da5ac72a07
a797e55da5e5625795c0396f2b0da69ff6f091d0d9d6e58f462176bc6aa3c572
f9c3584afe6064a3e2fe6f68197de45df10e7e654215dc9f3d84b6fbe062e632
bb6ef3f957e76e1457353882fae5d57c5bf8e87e9c3dfa07ba7d1cb16a8335b3
8af70916f021b784554be19e901ef0aca7e8492be95a53aa0a02e8706a781ae0
7954fd414663217138d34afaa3cfd569fdf18a4c7e6ef9afed13c364ae8f310a
0b9f652ddccb9016d9a5a53a0d45ab8ff78743fe0f3e347783dbfa3f2ab00bfc
5c8a35bf70fc809690ee2c8b739f688590f273248ef00ee2899eac7895c73f4f
2b9fa1dd176c920933623320f57d31bf0e638ca4c7f4a643028be8b953156306
938247d6d29191ff25eadfe4f71a6db6fc8a8d6c63ce7157709fddeb17e6395c
f852193484b0b276aa80c23b0a1d18b1a2144cf7763e428819034aa592aebc94
6a677ca809f9c6b6f7b334bcd12b50f1f5c180da951a4e6cd517762168d69650
7f3b9bf7f51f7ecba62ec5ad87746a79f4fab04f8a4395ad86c874dc3f7ce205
7b8f27cdc1259e9bf72c35cf128a3ef467c4ecb283a1d969f11ee6b26ee3aaca
9e35394a96759df79875fe84768c48af035cb6f5c9257dcae1d6989108d66b72
6074787cf262d65e623c1ab798ab3c6c0abb7e50d3fc45851e6d4a15935340bb
bdd01c4a498c9a50501d4080065436b02d984c10c5fe73dcf30de418d58fc790
888d996a4f2910aff5863a5907db3e6bafd4573dd5ebf9e0550e107fb900ec94
f2b97af75526f6f002d2f235c18901ca963eac1bd25acc5abd128dc9435d26c6
bb23644c9843f1dfbbf25824ee5ec33657cdf3ad204a022b1c1014d33f63bcf6
78f27e885c4a8e128123ec5a4a3c18c966c6aa1b270e5c840bf1094a8b63d339
05a8257944c0cdb8cebd9607c7d2096ed906d4ac52dc1128ce14e2b9f5eb11c0
2737f672e3be92a2217e7e395bc7e6bb6d2f8cd71cf38b3db3546912e5510f9c
0f1e0960f07b8f7e2f7c554a98b304e371cb6cb689a08f923e44e3e3009e6058
49cbbc0594fc928b5ca60e11964a2fc9cf05a5a9a011853ee5e592ba9a7bc4b8
675662eb03daec38243f3773dadface4e6f5fc17e4a5d58dfcdb5af00f8310ab
53fee966b7583f8fe5c663f9fc9bf1b93c53129cd110e475b0b2dff562221b5a
3caadc9744f434db912221ab0c9d2b9818e8be38b8b979fac83b2705064c6d9f
66bee1bd2e2f1bef1edfc56ed650056b7cbdbbc8819c5f47c31387cc85c0c787
ce204bcd2f5f42afaaf9b547ca430a68571e2bd2b868565109224671ebedd0c4
36ebc558f6fc874b169c25af5383ce1a40810ef2683580fadc477716887aa8c4
7ece8e64c5a4adb3ce77144e895a16f4dcfa4398299e0811ff5a5733fbb7f83f
2ffc2d82b2e463886fdb3e2835cd1d3c843cf1a1a45c233491035eab390183e0
9e762fa8ed365adcbca2f2a878887c8d9d5e4461ed8d52a3b798e8f34d48c898
dc3bcf1003d587c1e56a83a7abea0e417385f8ea97a278e6a25f2ae9c5e4e21d
fd60e8c2f491788de1dae38eb9f728e6709af28b991d019534e13b6c767b5dfd
7d06a535f11dde6072b16f45ed9ba22d11c85e6a25bc4e314fe4c67de7570410
73f57c431dbb672cb7608751847e927ac0f57103d61cb62b2769c916f3c03fbc
b1607610300c16fd7f4281c6d10abf44bee40b24926925d8c90c56ff5d00fc87
7c6bbc3050d8d787459f1adde5518e41ff0472b70cded225efd9a157f4fb8ace
06a1de4516d66596a1ff7b70765c46fab8a3b6b9c7430e31fceda18581eed51f
2ae7da450ac9368d4aa7b2acf33e22b99da6424d83d62ce1b1b58dbbd51cbba6
52985133b2152d21e3de4f1c4b28a5571d351b9fd10b775198ed1ebc874f65f0
915ae592a55241126f43a1472814f539190750b24421260e112eaee6a9524c96
73a93114a11fdb8546bbd87268c3e76a1ca9fc52cb7642420806c2d08a7aeba7
71d5574918007ed1bb0a273661d52a9c8b97f3a5436d04948e253eca61f3bf36
a33f215ba1991115600fb558508ddacd01a24019615b0ea3b539a98362389f6c
11ff84aa976af207cbed8b8abb6eea4b7d60201d1bb656a978da68349e5cefff
562b00de6409af085921b8c796edd42b1dfebc2b1371772a267cabca1051bc66
235c0fcca9094a54395ef005939f0fcd052a3e1621f05f07e2d989a8ec0e09fc
fc292d7b79251ed32e253aa124b6d4b4222b344a9a3426838bd21e9fccfba88d
328b8dc70b0a9b547861e35f47b14a47c8782dff061426015a9ce486b6b2137a
27a1a1ad56fe7a2908292e75dbacea516b99de353149ff7c62a47cc2e54b219c
3e82b3e15bcf4a083fa1181f4fd5f632d4907996f256aa11797684e4961b3cd4
13b6b5571b39a11dc3583b3d23e4c5bbe66e7be2e492281e5580f819ab29a854
4ffd6ae7f0f5b66f1c28a74561de8bd02356d462738207d625175f4df37b26b3
0bd1a3444ad089621a4cccd97650adf035fa9d138b6296fca4b6c66434cc9595
702f6d866c0731784f371ed8793a4a83de07223079a3920b933a766801020e83
3452f86e86fb7a19c7cbae85e902e95d0161a837c5a93484b19ab5ae8848a116
9b67b4e4bc965e5445777b4dc46cd4f356d18fd9752f8af0c18e86ad7e75889c
69fc26e6a747aa8d09d4e71365fac3c714b44f0a6f3b7a4803d11d26a7b35de0
b3f52fe85487c28fb9bb2e8d495c2cbaa9697b36bf4e1f407aeb5a6aad3f552d
dd711c26cb4f79f338834b90578e0786e7b58a3879dc9b78416fdf49ef1a3238
b7f9e570b06b479b57b240dcb65d6f5dd982e0acd3d546a9258ea92020c99232
62dd3e25f24bc4308c52d52c0a836d2d19bde9455a3444f7b59aea001ac217a1
4e0ed28fa3ec815b618602c33bcaae510953ab2930a0821ae9d35e346ceecd82
998dce024654302e2138a0208b53cfb85425b7461d72469290d8b9bb73b5f7a0
96bf056ff6aaabb5d72ec9ffabbc7e159f792c37371491a3593aba2959159916
ba8c3afa0a6778fc3cbc5a42345a34bd957abbc37dc983e400973fdd44df5856
b1c060dd4a22e8ca8acbde2b03830dbdcf1aa02e1bf62cf757a0b633eb2b3800
7f31a1256d1081101af5e12ba6333c43eebc06b19f7215604011f43dd78a11bd
e90bcf56fa1ef2501783f2ba6298252eb2529f2f63fc77c5ade273c184ef6a1d
129419df0abb40897a289b76a3e636cddc2ce50622512141f40dad70817312e2
94bb5993347464c6138dbecc0f73ee565773888dfd8e50d2eaa7aaa8c1634c02
58ec3aaba8d7277462603357ed2af0a9556fe24f8eee103d1e03c1d92f4008c4
14e3441c0d0e19aabea4361d5c531bed51ed45e2acd199753c258efea8887b83
23a5c9fabe43eb0c67ae3aef8602d35e1a076f2248f3ba4b415a99eaef7d2963
5261ae742bb4d0833cf95e9cb255b1d1fe924ba3856dea45fac36aed7ae4714a
dce663d3010c0f1ebff69c90e340a2243c075e098548696dad1f3954cb5b6912
751ba244e2e6bcf734277f4d06490176eb334441f7a0104ecd9d052f74075c8b
768fbe5b989df37d68114146248d98ed0e817d4b96fbb70695addd73ce42d79a
0e498cc16bd76802901efc2e375797a368afd3bb02c85ce0251308e737ea8156
7f4082f29c4e749cce270e44f49cb336edd4c5ef552bcf2315db974254cf8eba
ac87412908ff9354ad5396e3ab7b3ad6a95d5c611f2f4643a42384c8c50a42cd
96dda5daede2614d0efe5f70ceaece2ada44ed4b54d3daeec2c97cd95da6ca53
a38f7fea881aed32f7816443df8a618967bf62cad7c39e4a1ba39aa91683f094
6953d0765a16a3a0f6c87164b2c54e2dfae4e7d8d60cdbc78b2d1174168c1346
64d5b28f590ae03907b77efbc593b84c610f7f4ef90bbbf3e3b8b1f9a1969dda
ae13d83d76c3e919ede30122b836f4e9a0c1eb37fccb0061289997396ffb44d0
ea6aa02a639c1e7b2e435f4f20add154d73d110ccea94d67075bf99765e2224f
3141d1c304b14811399a482504f843b5ebf06125f2a7c2b0f54b49d002f83b23
f4e8125f5a1f62c60597a5dc036b6e0bf72039f91d123150960e18af2670669f
68eff43e6f4ba1e61fb4effc120b483dcf8657978ff714cd5a20891fce643404
9809e7a57011c1baed7372728a1b63132b58892c14ac841a5e9957b4b43dd7ae
04559a6b5097da580762eaadd004fe0ab78eae023398f58ea0abbc9b081c6449
f1d12d49db0a594b4c1edea66f5a2af62a46ba3cdebd4620165d735364e38cf4
f699e8daeb16d4f9f8b8da7a0ab37928baa384470c9f728cb8a29c27d3519fec
ff67c0290b169ebdc39f81d0973c1c5e7bc1ca094c73103bc0e1dbd62555c86c
3c5d9a0aabd7b2f8c06d6793f049f223518d84d49ece323e8f2f9e41278a3357
f6a8057c29739671ddd193d49211c472b3ed4e2afeb8779e9a3fcc2b773b73cb
f23f96f505dc55a971293f0409be883770fc661c2441533e0c1f9bc5ab9049a1
8685babc64e5a383f7fe10845147d28bc516c637b2aefc6a3dbc29b6828574f4
9a56e74d6120e75c0cdbb8c56f1de798bf2fee925927eacafa68f640bb7546aa
fc53853915abbd7c54077dcb89f794494d54d90c7ab0a76d6ec79db1438f55fb
d6faacfd329cb7b452880b1d0de86f78b9e64d8bf2ba0bdcd0c51ac87fa4f1f0
d5377836f3e150135feafebb206605b6006541cc30c6e29a0f0e8c9a3c7742c1
066d9cc17a4ee6300f3dee017d485d130d81e408f847e2764f9c50a24d8bd251
62ee6136f75bb5b048097c4b5d6c50a15643f1f7866d27fae67777328b1a9c52
4f973289bd2784c1dc3f02e1c482c7b0ee3962d18e9661d7880a480d58c75fa3
c0a51517d771bd62f4e729e778a5893ceecd6444bfef26fc9c00e9828544144c
38f487bd5871569fea4b4940ed8e9ea711878b716ea7c46954dc55471308c6b3
1b0f2654c58e60ff812677a28cbe53923fdb5c1b3f41e90c8b4b5b2c605a19f7
a293f3215397426c08ffe73fa63a71c87bd16fe8fd122033615cc27680083c7d
bcc1b07e945c385450b2abda9d8575202457b87028320b70707c293e0040afcc
5d8f65d924f673cca2ab469ee2917d9cd91ffd1c9ee0cdb771deeb25e96e1e77
a7fe33848ef35ea30296d186dd7de61f60629e84d67bfd19499f75dd53f990a3
c79b2033b153a72b78d5378c6aa29b0cd0bfd85df1a3b6077aa628575fd6d417
dcbcfbac1314a83b465236f94c6d0681a0410ae711241f0a4e5398f5bda589d4
45e5e77be6fc592325d42afb7489cb93490b974300a66ae5052bc86930b13965
d0e39e5d17b0219cf96a976568163c28f416334b59a54e548662045d4a5d0fe5
4063e006639d747a02d5e3b8f6663648474694733ee3944e2c7525a16ab5eba1
da663b892bad20eb562aeccb4f6634f20d5f1bdeba857de6c191cf1bacf8b03f
e948387d8eab34c3d6badcdebc6320b564586d72402ad294eb3a552bc490b7b2
75cbf7fff2cb06a317fcf6660061da01d53cf774ed62bd7b184fc1eeb497da9e
b7a83c95097391f5d16404402d21c529f945696eabff5035f155253427d748e7
904ea3900898fb47a5da7bbcba8efecbc90498dd7b6e9d07e907fbb89398fc95
ab5d7db62385640c35454d84368cda23dbc92045b4adc834f8dbc90dd08dab0d
acb6f286835a7223f386ca47b019ecb1f54eb78f2d26f7f5df3b193a785983ca
9faa10512e259e7354fdf53b3076e607beeff78ce172d3ca5f794920ff430608
7013d1b0f08021d7319ee90808552a23a2361436428380b999cce3064e963cea
f8181161d3c4e07e5e35d6ea8665e9b4f23491fc95aad0c4bf74eab4c7883b57
101375f5e32828ce76ae8b05e15f171ea1d60f11271470811881668887ea0036
a07ae42def17d92da6c13534e0fe32f9dfec048709a553ec13d4d983d2ba8c72
26f4442c629811773355c70343bc0d8613651e82aa46ba79ca0f11e5d44ff770
75be46a8110ec6eb342b5be957af99846d9d18a8b96b6817f5ddec456a65bacc
bff2534ca102e6c7853d1fc34b16a8359818ba0f93a5318783a4ec8fcf42d127
a9bf9abb44f1e1ecc46f53ddadc481dadefa4bb2df6ad0a535a668f4a2740490
efe0a841333202018980dc0ceb251b3c759f80f0e3755f5b830f4c6e8bacfa1d
8f5fe247883e33d40e6caeaa407f80742994776e075181c5089974d85490a395
800ee2f9920ba5ff4538f96b7f84101912899da5e5a91647453ff7d6dbce1aba
5527076dc35c35465ce0599d94192877eae14bdbb443b440105cbf6e1453b8bb
8876a90d4c548c49a48c6ffd2cf9587507cb832e49c0f620d146ec72a694e95e
571441873d5d151e3d78c9065cc3316eabd8cba477fa53d5bba2d8abae82537a
c960a9f9fbdd7d2c86b5b00166934ea7ff00412701541c98c663d2be2090000d
7d540016e04d56cf79e88bf10b508914487837729470b09c404e1204bc342a80
5efbb97040ef5b524c6354a52d336dca0462fbcd4c88e4ddcdb919fd58ffd6e6
87e412699c93ac46d7bc1315e143a64c224f623ec0193c3ae9d91350c299826a
4842ea3b89f42190897ba33b5244b10605f9524c2cff331e7fba5570ac4c8fbe
32a4fbdb2f6110263d4e4314cde01f310b0f752e54634dafb288d04190de2e28
e126f9ff1527c280fdd74a5e1d0f3b29c3798211da40e258137bc95f5af3a64f
186b55b144863bcc959d11191d6f82e0c199830313b512bf524e9b414307a91c
7c2902f6f6b16f29c0e31302ed4f9a62624cc1a181f6566c5772bc564062b99c
f64b140986eacdcff0bc32fd5faa77aabae621514ed57e3572b1d72b8f84bbc4
4abd7c072b14d86056b6425e19bbed5c6ce545f03a1397491c4753fe585cfebf
6dfc2b5db82fcce2657ea03c5a4b0dfb4a0795705e9abfb102f575c6c6163bfa
6d2bf675eac84a2cddc7ec100d77b952300ca875a933a146322c5ce826e6e10d
4d2aca60088837ae81615e3bb50bd8753e4c2769ffbc072bde89dce80693b4f0
b867c248eb2439e4f7dfdf6ecf831135cf9dd9bb4c897eca65328c4bf95b0db1
567b110563f9be1b8224c6ee7b3431508ac64d2090afcd8751da7365d3a51009
0b5b16cb95d043adbe649b9bbef41dcc75327227beb134424199143215041084
f66ec03b26116591eddc624ce67eb69a43b7156f9532b2594d7d759ef361f444
0ca1250c6bfb37d39d70b4c552becc948cb61e5c5c382ba21f9ca5f1fa86805b
1006d99968395096ffe9bf2ea86f1fa68fe006aff41d7e2a15d92e84ef379da3
cb2edc720aac682d493afbe8e3cdccd4d3b80c406f8875d283b4286a2b24618b
6dc15b6dad7f5ee88588d2961d496be6dd8df7ea5c78317024c9a69dcdd33d2e
78879099e9e8424177b99f780303471178d851098f89e224259322b529f20a7b
12cf27b0e0ad4709d0057541328b3cfa5434f9ca0548e349c9fbe4b395b7a69f
fff548960c1fdff34a8843e6a9a2e9a1dfea41935c7e0816185b0b266bddccd0
70b4dbbe8dc3ef2c5df98689898b2f82c816b15c8ce0c3534d666808dd62d7aa
3ba6959830bf8b3b7fbf6c06d280cab4323e5ebf1942f400e464c41b9351f4bf
27d52c7e9f52e01227ee2ba97f527ed5007867bf514d25ef4152c13f21c375e2
31c6def47752dcf51ed28b5f60fafd0cec52b53ad1f022a478ce7080052ea38a
ff7b7a4c64b01024accc8b931aee9f4c424b14fdfd0bccb643ed2746d43e318d
83c15fb3a140e71916b85c145e14f25c81846c6577b27b98c7c48ac34ba6656c
5524ae9304103eedd54d7ca88ce31ba8f9b0ab5e8b614ee3a1b0322fa2c75fb6
3391c8cdcddffbefbbcb99a714cdd5f3a455d1629033c3fe64d566645570df14
2c21c0bfb06b76282d41dc2a204dab073759d0465eae41e3595bc068e4b362a8
7db22ac0c9fb3a70c2ec04193492dd912400831027051a550e4b00b364d60671
e3f4e62dc5dc6548cd054f180110a2fe83264be2caef488cbf85c23cddd8d46e
34bfdf0cd15677a65f9ab61bf0972453df473e27dd0f9b896d86aa217708a2cc
ac8af2fdd9f1f400466668c79d35a7b8c9193f95727a62034223bcea9573d5c3
728655f07f57bcfeac177297a0fcd2e99f629c882816203aa1242858ed39f69d
2d84c7cc9724ca99dd4ef7979a7eed728459eff0b711457ae5a6ff4f1d38cff8
145763abb49595a26f044dc2293909ff1e9b59a3c050a52247196d18f2c146a4
039232c4d72bf1a047a61be4300250a7b210ddaae492eb66bae076fce06a9ef7
3dde23658c7368fdbad46c7cd1423f18b0df2920faf9707646f0a8cbb99a4420
41ad5df71d9b71fe1dc091a75d413fcb0f63eb41a5b5f7fc642f3e707b3c1fda
7c70b0401f39ad1a6a4c39b7ea9232ee6d93e2239aae5b509709baed5eef9a72
0e6b441cb1c21047914d28af2d5c1697ac7eeb8c4e720a68086db46f3ccece25
8fdacd10ae7bd5b3d0fbedabec8d2887103893c7377b6ce82bd14380dfff7be2
1ddc5c2a42050c0d878125d0e8d325061a8d78d7e304fdc38dfb062ffb135aac
9162d6d3054055df0bf935dd01d6f1a2dcf45be6bc2b203c9aa3d65d4fd84730
5c7949271cf7a4202a4b03f9a02954bf680864fd5bb379c628fb1a0a46d4ee33
5dd86233c09813914125c5cc5f37a6f1819d67bce7479b1933ee10b5a1438e40
5d58549bd45d9f4823d9ae8fe5e5513a38099afd22f9d10fcec1c8fdc38d971e
beb39087f9a34f1f392b986749a3637df529672230e13a977ed584068dba2703
854e91378eadc205000f3a5eab02896aee1da09d22a4138fe4b3501c590fd427
d2b7d3a9c769313048228a4fcfbfc2316c7b19302d608711ef901c5c4efb7840
8b10a036005fe5e8f6dd33e4c32e0e534fd6cc0f925f5aff107f8552043a72d2
f31f7c90effd45dc841f51f33ef508247e5e19acc3ef9cbf8475ff603b88da09
70f82ef40174c3478b221577f19b9a13b0129d0b7e0ef7463150702411ee347b
b7acbd8b19069a7e49969da5046290f29ae7877488f494f004e323136d955f29
45d0ffc1ed671d27f01c269cd786aa082b603faf5f3b3e0bfa1914947bc3869b
6c2ddcf287cac51ed9a21663cd152b3d712f57ec9fc69a01fa093ec29ca96a79
71fecaa56532ac55efa16a12ec003040fba4e9e0743fe56be155128151b9e2f9
d476f0a0db19039f3bc0815684c5df824e50d3a470164f2e3a5201b8a8504a49
ed229686f637b719b1a8248c74a30b0a150eff3f096768ae8e2b6cff8a7f0285
814ffc267572352e5dbc051a65a1b14369f560daca0983d48be63d1a7a8b0c7b
506f28a144ee3888a8fcdf83ae54f5bb4a382e9b8e6898667f701349b8d21bb7
90ed8207ee5c378009f963ff7c67c6c39293168b78bcb5aa23926f448cc5dcd9
4c05024f9c046dd741e98785a7046d558bd4e234003b3c259a53ed96d923d1e3
07450138f659c2a9419f40ded4c4b424d45965fdb92ca106550335f9902408f4
8105df3075426f35bd35cae4be33d4d65a40a80bba7b71869ea7a7d229a2d7e4
bbf2206e576fc241fc11b2b11e714bf80e6c0a7f9820bec08a71e98e18907f77
203af0b3c02237eaa209510262561c3a7de0ea09da2378fbf5b947c4971d16c7
b2d45f4f6f1847e3ff9a0fc9410fb97b894fa02b773153759adbbc10dd442797
0d18e687def69a207a60b695046dff6e39f12bef3e3e27f59fb49650956f8025
4d61abe7aa7bf418feb4bd75cf6c877ff1eb6cf31c39c7d5ee026b32339e9d23
c99be5ed448a3e37197122d2883d07e9e1d193e69454041765aeb5f542702722
542434892385f3d3798ef94484ce80047e61beb6479452701cf11bbd23d94159
86614467ed1c93d799f6557465e960556838919f679e4b9b0e9c0d2b3727490c
ee761b8c115e18590548d73687c4b56c395561227ea7ef3fb7d53b124351d4db
537e0b7a475f47f57f7e4418c6abcb92adae7b260c9121dc9e00d27e8413be61
b47c1963d2979a83e10b2fc6c61ca3b96f36e0df574e6fad981709c4d2c68523
de41ca83659ee0ff36850edf440072a97eb1a6eeba4ad21f6a1fd463cc6e2ef0
6f1b0dbb700f49990fb77166ef8ac50e40729a4c000d68fabcda2555aa44c1e4
e765fc5f25d0c981343d82c1bd432e5a61d998f346ca46f97277672d58288a7a
ede77931db67a765e05012e2027d1700d2138e045b9780a5367aa61151dcd7a7
69c94d95c7eef0b968e131e3c300ff53e6cbc4a5cd0382eff6b58c8fb91a90ff
42d581d25fc0edb9b40579f2f3ba670edb164fcfb9b5bc84f448bf6ff28102d7
4a8dcb9df527b354d78981b5b0ec932688f719b6d851c8c1657f28ae2daa6137
f3c6a1096920c87275b0cc5e4b829f647337adaba91a799d21aa0ef07a919391
5477556f52ab0e865678fac1f6960b7445f949cd50650782a98740aa7c5a36d9
484c94687fabaa765b97a27d6f87764439cfa980e8163e25e29f420d6da92ab3
e702d3456b4031a88decae85e40b014280ef05d8e86b60c5f9facce69349267e
c5b6dd91ce7a73cbe6681be087612e2248e81b05fb9dbb0112d4ecd6a5a1ec43
ca7df3569edbf37e6eda5963c23b575f00cf88fcacd4459320d0cbd38a956e4d
044f00c7eda1993056b8c3b30bec1cbb3ca0adb3929f4d20b35f9992e1857111
5478f4a7fa9ebdc1027ccd5438ea758cc44c3a5142730b0f50c6a54c0fc40773
eed7e1f2e7ec61cb366338eb7767784da255c912c0a21c928e63072e59ef7076
3139396ea06fe84d12e90b12a600ce98c36b580a0d6be0ec939db7529b140b7d
77b3c305f089e59f3c081e136d5ba75694e9bb0f3dc766f23a711fb36dea7fad
53e7a8689d866c7a58b4be9aa6d5d3549c0f70d77573d8b35af8e676abd55093
9012ffd1f88a246fc91ff400fe14febf6347b9fd0b1460afdcfffba83b33b439
af985cb009d7906f3554f449f050358f50d1417170eaabfbbeaa815d3c09b9ab
71be1951790d5d538bf52c8b275737eae7f11d51532dc41b67a7f313fc9a02c7
bbe3c533d0a4bdfeeacf1677a26ac6316e087cd23a57f1b037ca026910788cce
0b232ba697712baabdd2455686e5bb7b843a5a1a225281b0c013304e37a4a236
97e7e037cc8315a4add8447d17ddb5028c36d4c72cf1c5257013253f68b0ff8c
4cbc886bfb97f9edf7d7bba981ad5533b0b4a34a333d6fa99fa87de60264af68
b2b5dd4250873cf6b479f8d72647dee0012d93018def57cfb96a31ad01883ac7
24bb542c8ed17d7b212b392898e5b96a39e25d39978963146a893d6800145dfc
ca5cb3ddb0468f8a61acbc601975135a45b504b082a16d77172abf85e8f57135
7eec1f8f16401517a43ac19cae3e96b785c2dfddde309b4a3944a874ac6ad73b
3a4cab11a0b88ba7127320ea4f76c2dd805bdc41151f69e08332c4a374f0be50
9cc01b805bf6d0dcdb548c0c46631df50a9554bc0aff6bbf763bbfe80d883a4d
c6c6fe2c8eec4158539d87e43525b19145b7f11a98c7fccd11be56a1fa93dad9
b92fcc6ee12f5b51d55fd02adfc5976205f16c096f2ac7fe23cfb95a380ffd21
3ac9a5d5568dc56b6b5f977bb7c9fe1e8d0399b04f6f5e65e6a49a6669cb0faf
ce530d24a27ceb25277185b384c831809c76cdddb58d278e82e4e3b21bb06e93
14f0da3b4a660a49c0cc60d76e91de69d50972834c7e1575c09b098fc21edfa3
eb391b4e12ba88609860c1fc36e40dea9fe91b50a90198d0543c2b7aaf9f5e6e
1f0fef6434d3cb82c0a53462685903b67c4abc732b241df2c15cb77221ad3d2e
d768b4777e2bfbd4e7ad230e93cba6314f541a41138915b28b5f14570cb36c47
399c7e133c347ba03d1d5a16d146009b3de9f4cb7e1d7e3dbcaf38d7bd96441d
d3579d099052594831ac469d6c965100d5f549a7ea89ea377ff13e6e4de1e808
01149dcfe6beb1ae12e2dc9d18a9b301133bccbfc2391205d11167f87e986286
57f6a2972df4da927b40d0eb115877387f390c572d38ff7b033082c96566f6dd
5fe15315345d3f784240bb45312c24b6c41a056827540583e620530a41c2d829
4c3a71e1b1aa7c3378e90930957f5eb62c3193a80d4e595fb002551e73f2df8f
93e9d6841bbf0f9312f50b691f7e4ab62550100ff9624e052d9906ac4cbaf43c
c42612aa2360e1005a636117c306d6559f6e50f73bcb16da536017e3c8ed2c25
0376edb9a79bbde4931831530b1ec5bb140acae31fd69138cd6fde64e789f1a3
722847f6212a11c2428d42aeb53cef2a4cee639fd2495ef0ce42ccd989b30879
88f39e0c127433ef3c9821ab08bf29bf64969b4d1247ef35f7a26aa21f59cac1
fdf0fed00c1999c6028125be6065659bfcdb2a8736db8bcee36a5daa3c25358e
826d2223eff7bebfb184a11191afe63721235c2a72ffb07f14f61ff508d9baa0
54f4df8df9127eb3c2b87fa0e33efaee3bc8723d8de5d625982018d78f2aff9a
ad31c277a65d847ae873741f8ff8fe35f7cff5caf8dea404a84a320437843e45
f0881c7f09edbde77e5aa9e5cb6ded4b4ca06c20c0c479c9067fe49c495e7e9c
f79a235069774159e93399dca2744f5b63b4d235f7c4c687895d08880289ccf6
67868eb5f337841ad1221e588808398ede0df8d5e142501de4bfa64230d0bb05
cd807c7e3363130d86048234afa452d722c95c0e376dd8023cf5dae5da25206a
58ce99cb3d93b037ddb2aae2c817aca39a043a41879a096731b32723680c6352
c6d3d91c945c96f4c28fd07218302762fd439e250336fef92ea37d82d1d87dfd
b41608525563542cb582ea014a3433f434ef1b375aba226fe4d88ad9261a046a
05877a508712d993ac8923cfa5371620baa0e6335167553bfc7755b3f5bed758
be3793fd15931d129318f915402e4e049819a28ef8124bc70e115248515c3ca3
75bcc1b96012395f9a4b90914b321178c085d7d2a7592a7373618530337790fb
7170a2364e8505f12f66464814e9d7aab7e4df169ff299749267a24e304fcf01
480194404d8df2843cad09038139ecc100595798c68a48d34252c8157f20f100
7acb307e599772073385158d0d6cdbbe7e33e0dceaeb9ecd175a4a61f1239beb
9671cf9dad36c53049320e0074b66f0e23ab669d395ccda8a01b3b4cbb24b15b
a37eb70771eca2f550caea0baac827c0f3768b219a0683b748a2c72e802bdedc
f9e9e1a97383401bbd68def89ed4f0ed9be32e72bea500aa0a89a668b2da2298
de55b5ba6dbfc0aa13246b0b77c43f73bf3edc7453f64d8d68abe63cc98a6644
39743a1b19779188b6352c8746a03e2f5a63c5e06dcecce1e5649b2ec093b4a4
727735bc57490e2487cfe4d09313286d3afa25e812f7471253f335c7ffb96eb0
bdbae0d8e6187743bc4a9036b24c986ef6c836badb55d6cf37254f44e2dda17b
24821cf93389aedbd8a4c9e6c52bfed05d1abfffa45135041674274fa3954fae
834c4788c5e8922c346d69fc3ed57bc3107a57d9632e9c82caa5e0cae0d63927
a7f6b8b82e7a1430881f8b7eacee793d3ee775d7ae3e568322a65a458138dc38
6887cec01fe5be9aae5ee29486661b2b17d150b5341d05d3f0aac6ca8f68d364
d86496e089c107ee93f396277ef9c8f6fafe3b03323b6abd47dd39fce2f3311f
7d95cbca998b8cb4e64fd6d3a30d482663bed13c366ea4380758484fc34e0197
36a9c00572cfc3221c91fa1cb3ba0b7b0533b452bcf6eec1a354f205139652ff
0bb31f4bb39cd1b2a1dbbf55441163f4506d1c02887588eaa2bbfd7321f257a9
44122a8bacd0772ec81966f925fc89ec2bae8cab979bdb5ac502c240b7822081
7c0948e17220e0abd989c25622c62a5c109b2c2958e9b8f17640cb8bcb4efa5a
84ad2f529dad3ff41c74ba92617acfe228e20fabebd99496c469eaa697d54ad3
241464df1f3d907db1e353f09f1eb70359d20b79dc8d4eea05fbd47ea26b87fc
39bf07cbefb784e681ef6e0154ef43d4d63088bd480f57bb3a9261a77dcb2b34
706708e7cf3c2c6b2227eab924883d7d45e6fceb48fa80210bfbd8afece5ad4a
3f4c753a3ad64e27de9fe404ac3b7bdd1cc567fd6d8320b47b9e97101adfff4f
9ff1e82d6ade12b5efaa0297c27fb586fa574b76a3e793f19cfe5f645d6c70f9
433bbe59a770706e0fde43eda8afadaad3b613e4e461867e8748149656086f95
a0a08f878ace6eb7a571afff8c394865dca12ab24b9326de3dddeaf84e1bcfaf
d7c1416921d7c09f47f814a02939f25dcf339ac07c273e7a08d923af7fc75811
a2611bfb7dfb525ebedf5d35aaf8a35c4b2cfec0839d7e6878f1cc931423ad16
644805933b286348ceb5eb412cf07a62e1e0881f10aa5e931154b2a00a41d4ef
ea7aac603e378ed7662a78999a9e1e06efdc381537a6f924f22b26a47fb76c4e
096858657908d873de60c09e43d00182d0a15bbec930bac5946af25197387e04
bc6ac2a77077f577f76c2af47edfe1bab77022daa4a4cd7e6f1b694b1ea7ba2e
a0751247e224b9964804ef022440195a95580f7507b22855434d2e1c4ed52d3e
c8e38020cd593758cbbaea4556e40eaabb99858d0e1f10c46b43c47beda02159
a1aabd19992a771f3cacfb986f50d9b62a6f2ddf9ee008d3d76eaff25f949e9f
f7f8a65b0be01f997ab196db708a6aafafc262c582249f69ee37a48086a081ed
1e176fb7972cfc05a606f2a54a905018976669c2a4d1f58a30e352a04b0bbdb0
271de731de84320eabd7408358784c31098755d5bf892cdd75657e4bff2ba105
bc0d951eeec733a8b5bbf8bd3e76cbb8b1d978f6ec014d562a22146564b66f95
551322e5285eb815cd3915dc2aa8ee61d019378bc8ff5dd11b1002bb99f2fe68
1eba149d41dc67a9bd172b384008527cc8448999ae20ec1e59ab37d5f67f1b5b
ec976209ad4603ed95dbb777d088f46dc6c5647e3dcb31a2140de569e063e576
12c3c0d4fc8960b55518ef5ad90ca0d61e95e6dc93e7af53fcba4f11b3780cc3
d04010459f6e742b8dfdac4502a91fd155cd2fe647f5394fdf3dc3f9b94fd58c
73b85c091470e220024738aac1964b34d9aec92934e2dae97b6fce40d0987801
b091947482bd1ac5d7c0151a7125be677b971c798ed46c9497048c5210efd2cf
549f34593598eb7172d97fedb7cacbeddcecb36d3b9a1f684d0888ca535bec33
c7b7f0b204d779b423754b984b3aff75c2361e768f803835c5774f14c78172e6
07c1d350e46a453335b7bb45325d092a23ca17b530eb45bd64c249586c387e02
f8674d988b4a91005a6226d12485b95292d0760297a489e60a9e60e137fd337f
9a18cd98ae548af482887261e38a73e1a430c7695254d143af20bd60a99c38f2
2b9c2fad92db0101c27e221dc59d23fe3f20640e5243f678f831fd33e3d179af
cb12ef5360c3d8dc1f0f3c14fec70d6d0c0e141ca5640baa075ffe98dbd81df9
151333b9f57b557e2977c1614567cfd79f739ff88bd47faa89684b88e00745c6
fd4ed700ef8efa4e72d05cf267132e2015b374fa3e3a91679e563335be5a4a20
32fde00c54f8736b1425ab4892bda642423fd66aa1f1daeb73bd93fa9a9c49fe
f5f8c9723082c9654141e2b16dc6193ebf407ed726db864fe5bb98b2a919560b
aa2eb287d643d3cf059ae63b15ec674e106974dce79e6f96c64e448266503a11
28338a2409752733f8d066e90acdee512f32ec09333314a4bd0643f0954a3b29
929ef9d69fd59a968dfb902ae92b7ac84f1d495e1068ba2c7aeb30e5ac3e9ef8
55f4c2a09f9bf3babb0a7c4f2a93f81811b15a1515ce692ee3928e76d315869b
fffe2bf9caef7c286b91c0ff9804bcc3b98464bbfa084658ab9701a5be09efeb
0c9d84886618e69300f74adfd339e401baacef8c2765d3a774eda4b292cefa63
8240a34f156d079abded6964b4e497df9a0a77f312e151fcd78840fb09a0f992
fbba1c0c88b929def40c9af4a813dfbc81ee752559f80e0c7c0976f1f3d72bfe
540aa9d091f0532922f1e7850cd6a8c16e3c6c1639b73973f730a2947b4aadfd
8b8f767dcb8ed200bf9db0ba6353b0230090fb913fb9364456554bba494d89ed
f9f2b7d176687213388e06e10a9ea6dbffb86a25abe89bfc5b877ad8f93b3dbb
c90e919cb52bef82f5ed241e31bd1c01bee0d565127bd0ceb62bc40406b10e8a
be055560e56047f8838fda6c05f50290ec33ded27679f94a25c87f9df23049c9
bdd836acc66159f3a304aa1392b3b74e4d9588e07aa0f44ce2eedd6e5c95cf77
c4534fcb29b86c15d29c7e5cea9fcf94c1e672f06ed46261b058db613820b25b
85294d1e7d39c4868ec3dc2dc7941405c303295dee6990553342448c4419c489
d2cc49892d5f449a21609364a0b7165befb6b8782c01a1d08693a53a32558ed4
19a0d1c672fa737b2e8166c14d6971163f826dd199c9c75ca06dac744fdcd874
8a97f219a5c0beb20e1daf8e6aac8af1867d04d95c0a4cf116f65430689c80a9
9463074cffaca12c3cf7087d67486d0160b81b6b4ce4eefe63b8afa199e390d4
d5010f25a0675d4c3cdb687384008e7dd4ee797b3893d1f177ea9db2849b87cd
e6f81d4072eb7cbf1d2b4da00c274e67c8677e1299c0cb94b02858eb3a87a575
e6455fcb9498d35307a9a539b17674eb7b526411e97b44ce8820ae31a1197acb
8991e85fea8d2c9aeaab04863f609511092ccb83618b9d22a97ff32fad041db0
a9313fa5e0bc601b3a56b1cfa82f07fd8436794b2ac2a68c28ab3fd1f451f541
b06d0fde85336b082a7974de742b5db44ece5ad19994239ad47daca1a7b06084
1964aa9afa0c519081b43ed54c428eee02fe7c625b8e22a52dcdb22fca105fbd
56335d96d3902580ca6f40b8063b35457c2028b009347babcee4a517fee37b1d
edad2613dee99bf81cd2f5b293927c98d6e074182409deb91b88ff68f2f1d9ea
21d23c5f2c7a3866628c0f43bf7e7c842e5ed3a0c312120748b38c3374956fcd
258d89a7ea621ec740891bb22199cb0ce21012e934c0ab9cd401865a30c22fbc
95cdfe8288706646b805d2265f1c43e256184514c15d2b104f01f2849e7d313b
c30a106ac5ce31183b62d8671964adfb55c5f9157fe416471b06cb59a63a0a2f
5e48a9f82cd871670f394cff97fb9ba8e011551715fdecf576e5833a0a8590f7
c8e23114a2b00c1e75bb3033e7e4b6399ebb222353acd7313cc5d53e36bbce2a
0eb0ff6f47c36b98eee02ed149f0a1ba69d6c723f85df23d665c187c72dab13d
22db2804aa5e8eb7540bcb8504b2cc7650e409883c49ccb2f9cda0c9d81cd4f9
c87ada8761324516ecbad6c136654e1b6d79a5edbe5c3626bdc740b15993f12e
c987dd6b67094913a8f356841aff3db10090c85b050413ac97ea4a8b222abb96
cce1ff52cb968db970fa3cea8cf19eca628908b34f3e18cee89dbb4eaaea19b8
299101df8939aebf2f68d05b1292726edf17a691c2454d4dfbd614ca7ebf14eb
e957b5d2a71e204175aec3f2ec60daa03288ae66be1f0094afcca76a1465db36
cb30c9c9aeaf7ba6a02ea688158713aefd9737c1218c57ad11b78613930d0ae4
5794de99ce7efce86dd873e8df63c6787c0a2499d15a305cfa60f74dc5b471f9
0d40ea33e34f3a4fc6f9a6c9596fa3736d0add23dbe885e2e1153378a15d5e10
7fd3820ed5e150135fcf07829140a7327a6a4d345759c594cbe82426abe9f686
9a4bfb7f196623c7bf8331850cb5cb40a41537fabd987ae73c5baa361818040c
a43e2ee579f7c0f125ff506b93660624fca267b0339e5ec9e9fb98e5fe0c6162
3846474efecbc2adec3d45e98c3c09c4d79cd14cad0c50819f3452433d0d7117
f1fac90a8ac351d94d5d53cfc73255d600ee2ca571248030c12a08c2d1859ac1
b46c288c7eb7aaf0acab85376787a3e5f938cc6fe321436e87c7b42496fef718
745b66b00f566d855370438fead73cf3739f478f1accb03e50f48d5a52613080
85a22ff7e7a2f875ccb3efd4cadfa6b673c57347a9177bac04cb17a4af8fbed7
d80e0cd16d6a3672eb397f09f287679df814ba667184a17ee264cc997ad5f05f
86cdaeae57c9d6448525f114251e8e4d1a91f19800a5cacbb9efb22d0792d3cd
4597ec7edc24fc4c410a4262ce1e3b8eebb26450fd4854af967f05349a78f123
960ccabf866ccf221fa09577d25598ea5dd32eacbee3f862a5e3797d55795ad5
311a4a1fab52b4a86f3be276a342c7630c4f88182ce7fd87e8070c643b8d4811
8a49ac1a33c38b6c4c32b28ec6d620fdbc738fdff9d9ccf78939d809a4b63ef4
142478cb4b21e9007d88178abdf34fbad7f381cf54ac15c3685f6a55079bea9d
eae87f413f008c3c063742965ff066090ea38f563da8ad94b0ee911170e0fe54
39ca9d006ded2707f27eea4de12e3186ad496bfa7a3d680ca8d42f03ab7d47c8
d8e34b5d3e4b63a24938a775986e2e47a90492cac68d0cb54f988d28d0d25689
600d70d8f9b3a706ddbf977485a954e60d3024ded2da86c4718e236fa7e6b6ca
a982ff6f272737b125b4f8160941e56fe5be6682b9bac4b246b81d91b819a670
4f5eabb0f1c3952d4ae2d8c2f8b150d51a5709f6149fd4f491cc383471fa0084
dcb7ddaef3a88eb3a4111680f2e70babd56d058f009e36320cafd7424baa5859
1ae58991d57b784e189dedefe16b65ff7a3addbd2970499a6ce95c5d421c847e
5d9eedd5ef978b76a852da5d578ca0dc4982c2d0e4fcb629c3e4d0ce573f8929
c74ce338b798543adccb38069b53d921fe19e05e663bd987e3b45c285b5605b5
2bb7a3fa5ee7ddea0fcd48491fff8f707fd6d70ab9aa53e00af1c9ab583f6128
8694cc9239cc70510e9c1c768af11e180bfc7979699dc850d3be04942b4125b4
768659ea3b841ce7aaa40b762ff0d2bb414944acdf50cff769b00dfbfa3b247f
5006b222d7af0afcb62afd1400e825e8a5dc887d64573450e8e4047978651beb
86ce06186749fb8d6950b070cb836dc71f2684b9e278c07736a8bd73c6d560ca
f31dbe500e772e1c8cd7075a99d660cc0762eb30d02416dc37502f41f7df390c
0c0eeec1cbfa4ecf35be4b49ae05d3a8b3930ac4807150d2c9032e39c01ccbc6
23599539648ab5a057113ae62c7bf4fd6f4f7295d1ec1d342e9059f06b6b1287
3ed44c599b3b7bc13d5bec889ae2c197b6fd90eccaf440b46ffe16aa0376c10c
868f6d3a2f98135352b20e6f05ce2201a607d095886cd96a5b9a05fc1f093dd8
aa437a4f704861bf83f4f733188ab36c1a9951db091386e1b90382589ae50af5
fb925e3def797671806e7bf730067fd8a6e9436afc386cbbedbf8afd9b860828
92bfd9aa188704216ddfb869b7fb7d6678ac54b1e8630ac10d61c83041ad9413
7c1f28c865ea48cf148ff38d8f680d421037a24baa1aca6c3ce8cdd767e0b93e
921b442bd3ffc10d084d1b142f7590f3002e937eb806a9ba26f47428880251ff
bc2bb810c4e36d10aac8e247a7bc6ee656979abd10239212becd0b9752892a24
e2ca6f93f049f9322a8b549559d680339a58919509b9a8d82b9befffdc8adff9
fef5174235687d69d3b88d79db93bdffb4df1b1daa580be0fca6b2fe5b095ad1
98197f880869db20bbe8c5ba3d3261256f3317a92454fea8319a1b0bd1b0d1d1
b7c0fadea83ae3fcaea10b06e942de0ea41dbdcc16731352703248c11a5c48a5
6dc5738fb07f710e65a9077d1a591acff2c54fff6d38b81886eb42b6bbb19cf8
79a7ede7428d33d1e364d550b6f6360275b22e43814c9b105d55319af9e90855
0b2d5fb40c4a24401475d3dccfecf6d9b3aa282ac0d07561893ffe6ae13ef11a
fc14ad1b0fdc0cd4d173ff36ca29ccda6e3d05aa5af9cd4774eabfab60be63da
b336855c87245d19d3d3997689a84e4b50b256984dadd3ff4397558fca33f74e
c528f62e5559fbeba23efafe02e3c12b0ea614e8cb4416f9396e90db24f936be
b0169bb61698ad8aeaacb168682d5fa40e290ec1abb2fc395dba5b79020a5b0e
dbfdacbbe44c145fc18cfed751609e59ed7b3451f266f466889aac3713379702
ba0dacd0fa1a17df7f8de4092ccdf23b96b6b3fd91f5841a3884b36c658e3012
7bc498b1b72e18e1f9e58dcc75383a3eadba6f1cb011a04b57e40d4388323d39
4118341cb676d5688379a06bd4f5d84ce8b4c6d66981d9b52722fea3f5900018
bf77f0539f6e58e35e67da027671197e0b4d0c670888d0761822bd94451a0db5
4b642b3219ec01a70ac9aa8b760a95037b39423c1dc7b5d7a654d8418b084c05
630abd8602ae58418b495f7626ab068ab5db18e117624e9d63699a6459def7ea
8ea2125f4b402e09bcdfd0f4788f6057cd0ad2f194da23311e39dcccd69dfb5f
d1fbea3036c02a1093bb5068a7a9a78cbd112024904efd7b2ccb52667232c1de
eef35d3d47e2cec729edddc5c8fece7899f8242b244ec519a0ac9a70798620a2
41d788f5b6fbecca0e0467b6d2a1dd9225b202927e18342c9a13e13fe462c222
3b99a29bbd7440c8420a97635a261e8523e78998ebdc81f753e62a105a9c9d3c
82c3478a29dd6a9a87835858a47146fc9afb7e2293354888e2bb5933ec2a5654
068b7d83e1b83822db433232ac3d64c814c4915dce84009f251140be0e28917f
9e431d57e130f88d2004f8b24317ccec4b0f0faef3b13ae8a7b0c52df3396c39
0031b753636c46522cf9f8be306e3b926432578f2a0455fd0d7f7b8b09f50b50
8b9c3f295ddf3bf872eae2056cdc88b649ff8be50fd997d565d5eda7a6cc69d2
3f3d62f75c646193d5b5372fbef87d8c27f9ddbcb9bab73a68b992f6b19958fa
542a59e8bbd75d82dc10bb1c5ce609ab1e5b166978018034a9e8b22cf2b13331
eda5df02a46374e781fdecd75dc940709e2cfc79e91ff552718f4dd426cfe328
2289fb1f30731bb5ec835c2dc87c9f264cb2e14793ae167d74f085a968ce634a
ad805f88d3e96dd2ebfa0c73b4a52d324a0223cb79cc9736964d56bda90d5103
6dc2cf9e67b3280c114b87043fdcf04915234617ba8f5513e1197b50f823cf62
b1630b222bfe84679c68fac75c2753fbe9a309f02dedce14a230ef40a35a9707
63d843ad611ce3f222749904d9508c54e489cb9408aae80207410bbed32ec327
b815baef4118fdbf1ce45663ef5d217a7d0d36f2ce1e35663422f5dd25bf9c8f
1b179c3af0b0e89556a5a44c7018268cdfd1a5e9c4ccc74a0602b3ad6dbab80a
9bbe8a947751f414a6f477f251c386be65c519bd490f10e60c77d661e7c0ec19
aa42d14b906788473d1cc8591314577b482e7d27ac357d26dd813af123e6ee70
521384d8b4069aa89d8ef12d79a2a1f0c7671b728c75d6969c9b5fe41672a51d
124fe932fe7a3c0b3227b5e441b0868e2754f800d03c0829a86d0359f25f0c6e
b532e63f904c4a7a6905e4efc43c21ce570c564fb6abc1fc6128bfdd2b4c08f7
aa9fb6b68cd17a3d9fb6c23f44da7c7a8882956460a7b9e3cf6f29becc567ebe
89a6de325648d80b482dcc2c07f7fc09737bf32f70cdaa55e2ea1dc87a0ab537
2f5d2436a835112d5cee8b7cd0aed85c85b67a81debbeb3aa3984e5276798de7
3ba0b5c5413285802b63007d8fb9b8e85f591bf6bae7a3cf65e6d6b6126af60d
0ddba95e0ebc3cdb9be7ee23052b822eb6ad5c60a455f61bc5284b86f96fab4e
455937bcec5b876963ab491463422712b9dfd6a5503defd019bb67b91f041085
f044de9ebfdb784fcd78012a17b2d3f8536397c0b0bb2cd4f3eb3d4cfd949a5a
9197fda8d4d1087b497ba2f02033a43526b86382c6c55388d74b585a506ef8be
033d5d433b1cf480bb5230ad629f34bbb930b0902b8af1feffc2d16dbd1f7e11
52258ed9a27b0daa90beea11286eb2ddd52873eca63db6288b559da85c90bdc0
c2f69f19f6b5c2dbb796854496395593d818777c9fb4154344d89398f0ce4605
4b46d592b01019338abde20904190c811835084e13a5a3453110f750569877e1
600661b3a52219d745421892528fe7831bab662274a38e780fa371cf84a9f0ac
5e3f5508849a335d0107ada1f4ebc74a4cbdd8bd2ffcb25fb2e88b0b82374f77
98081652167bcf1459e1768868466c619bc3e90e95334c89dadce0687afa21dc
08e27b146f26fd74596a31465e78ebf11f6084efca5a7769c98997ed7d6346d1
7cca746c03fc4031bd3617550b30c41d865aef9a44673e4ce857d20480a56835
74fe1108dede4a6e4cc477bee5bdcb7b0f6bd9bb62557a3929f23c5e7c3c937c
1cafcdc17ae885c47fff4528d965e21c490df2fb0226eb166d4779c0cfd1c050
bdd5ee146668e71faeb382fe0e1f4981d1454ee5c021d46b685c7f1414754675
f164a87539449b6d24bc78b40c94e89d0b3342387638dba1d6b2ddaf50417067
4f81ddc9e76af02f9502a1392926092fafd92c922e36ae29cce94258a14c8c40
108c1cd0f4f441bf73b0b7bb4905c63e436f036067ad2dced77942882711e26c
5f1d12186ba7271ab9e9abade5a985ce0216c4291fe3e83558f1ec4de568fbad
eee6cd7b5427c3451c816bec22a65a014ddc2de9be660eedf6e8f2b305b10718
cf1fef0101edd60237e355af9ae65c26cdda9ef768e4ef0b8e8c107862b36d82
7fa4999b9804f45a697ddbf5b61e56cf8203646e53c6d2581b82e72101fedb2e
7fdab4f514d99a924451632c6243bd4726dd2f3a584e4cc8b1fcd5d0d77fb3c1
a235405de5f9cb6da1de18ca9646ec2e6d373a01ba9354cc0216e81603ba808b
658c455718f94cbc607ccd0e938715fa128d1f851fa031a45fb87304e84e66e7
c83b7856c86990566353960cc0d12afcddcb8efcb42f5e0cf01152546d81ea0e
b00a62aa999b79a8322cf109c9befa85a015dd2c7b6c3d4ccb2335450eaf92dd
cae90d10b45b28a820cc3a3ead358cb4417689f87bd362295e138ec40a7eff63
2bcbda0c0388c07a76ccd5df4a247b24dec3703e9e8c644950798f27a305b937
a1619b179d10e11ba982a7af1ed91f8d2957e543c2a7542541305bbb63ec1c6d
88084c272a65ae84f6f7f56efe3f58ece70a35c6203cdbbfa5e61125f66227a7
70c7a3f3dc7a1de6e216b0ef4d5120ffa266688ec219125c2a1396035b31db8e
4a7e2f9c22f5dee13e0e1fd96b068fee60969dea698a4a7abb502f66af2c44d4
49d902fe2fd1a0940f2357ac8a0f9ca5ad806dd976c39a660b42d24f0ce470ae
6c1e034c77cfda8cc025081331e68e595aebe0409ac87df11b9b6a50b222f229
bcf6c6037213858353dc088289a05aa9b62e9ec5a666e7a452c650bcd9f73637
f09e6a764261727604904ed8ed6074863a331f9cac3a1bd1b20c992d6397d0bd
12830a4c24d785b41211f50e68a378718afe8232bcc4bfaf8beedea0a8a6a139
efe71e7f0a72364aae92a89e768352ceff34b323b6467e5ec48983e2c753b469
1af110ac096e6b60ffa557b6e8ab577ce0cd6655f40ebbfb6b35960ab00f9a31
10663740e1c5e7b4978fff4d608558e66f6b2774621c63cf7198d371aed8680b
22cae5197947f76d982bcbd1e457a2dd033976bfb389d42ff06c72d20a693dc7
a76c407d86011139cedc7004517f73fa26b42e6383160ff78035ae59915d6a51
77a6beb928d29707f7106102b825a2a7e925ee995196c72b29bf25f3b9cdb1ad
c176c8e82876c7bd435b891d6b2e33612501024bd65897f4f897ebba3faf6169
6089655bc292b552f90d99c4e2d7205d79bd85ede48f0719b70600a7ec57d0ca
1a2fd43cbe49ae074f2e4156de61dc940f99beb2796a9d060f1840391950e311
623feabc8ec4221d103abcd811e2ccfa51931ed721c05a59cd04bb1a452af7ff
5177c07e2cb78d5147cc00097cfd2b441268c18bfcb2cbf957285212fec8ca1d
c29b63701a96f8006b4ed39c8659ce996dae68c87a185fbb7a6509ddd6a4809b
f6a5d5cdc6909a1461769c0327e17aa82e4dd9c4869c054965da3b370e672f7c
e5cdc5e9ee12d1481659369d547bbd58dbdc1f48f70ff8a8303b98ffc43f8c77
07c504e455919b1c83d9c80d29b9c3f0cf5dccae02efea26df7cf85089fcb9d7
3019fff4a93b5c501bb2e195cc6cda426dd842f433d07c51f40ea23b9fb77ed2
4be8c7e7c7d1dd739c20ad436082e13a6bf76179fd02b57d0cbfa528f928a4f6
fc5bc578b50054792b652ae8a707f742e3d20dd1463051c329a19485dee2f7c0
a00d2560cb8f1b37f0d65f30adff7e6bce20914ec0fd2a73a7337b734dbd6bf6
64e418539c020bfc1db03f801cf8e069261624434b1a65b893e34012118de99e
6bc27e14ed2d8ccffdc6b1f5cbd7a90e54b5a9614122ac27a1cb49f05ff3d171
26279cc74f9e26214a4d8e3efa24a1f632966b8ce903f2b80823c881980d390e
f333ca472c85e5571bb61fbe7966f67b6a04e721cbd8e5d89805129c0acf2224
46d118ba1113c8988fc0db442b51147bb3a429b43028ab793d60e0b1bf43c095
0804190d3536ca9db277318d84ad2c5cf36904829d1366275a0907e43584ed0d
911adc73fb8e7a14f00f9f5af39e4f10e63017928260f401fbb914e6c12349b8
ad7c383a7b8889d9d06f1a29224e764c1df179c63c716f0d259fe8f147acfd08
5c8c49868ef75e5ec393c9db9bb7f048fcfa8a43ab919805d7f2000e03a950d9
840124e0f23944b091e3f209a3fe2b2bd2f9874b22b910685032b26584a619c6
4f46996b07eb30a9aa3cd23194933b9c02ba479c8bc0f75aa2a7ed978957224a
786b9f87c2bf4d073ecd5ff5e9f2e31ea3d773061e3b69106858c11168777088
942c2200553d34443aba7b8a38c432f76bd6eb3a57ba39c318b4bcca17870ffd
bf55bc0f3620e7f93d048873f5628714b164704221093c3b1694849e35e789f9
4a8d3c0f8b81032622a1b3159fe1fb3b8e46ada0fd9ab56321378644623c8c1f
24512faf59270ab57c0ace07f4effc3cf427f6c5837d9ca22fb12de222ece436
f7509ee999afa17e0a8bfcdb78511d1bea9b0fa2e8acf988934da6fe63484c8f
d1426b5b28abb96cfd17bdfcb1f3c86b7aceb01601875cd272cfe43b53699f11
692051f9927eb8b46e99b22d98608c434e1b23538a799693848e30ba618c3b9e
a0a8d911f368b1b767cb2cc6da1a95c82e5c482452e688b5bfe01eb877c7b44d
f8c6a5704633d3dbf92b5696a8abd9b36e82a1abc6817b29843b27a966d1ec06
1057c807a18f286102538fe26e4d83baa7a572f2e150d95c0a46985b46630169
9d7dd973d02d8904db535fa8547ee135749e59829874f0ead9614af61be8b533
00629d25f606858a2f2df15403e39ff236e81e0ba7ff368f834e407b74449afb
ed5dc75397f51717b53cf8977d67e4ceb767157bca4a66c9d3db8a15c94118f8
e152d9a1955ac9b23d8955360a090a6703c282fdda820af701ba9036bafe62c3
361b203d944f11ab5cc41c8d1b2dda90aa80fe42abfc69bb72bb28a9ed7b9979
36176c9b316a69da5fc7877c8c6c6b8c149aa0f35877f2857bc942d1f5bd74e3
439375604b74a54708a1f8e64ebf22902c556d42bf27c7fa6abee4a60ba7f9f2
e7ca031a6835e19fd7d20aeac889cd154969a16f40f85338951be1c9e79d04c5
394ea07b3d17e87ba66e803bb66185d9ff42c6abebadc779ae26d842486f9d41
d929b3ff3aab86b6be7a7215f295468e3099af626d8f1064eab2151de288455b
831cb751c9de30b47c53e16f2925bb1230aef419c59a9cd25b50681d2e8e9283
94b4409d4f2f41b54890369ac57f1b272b941a0b7982758cb6c8fbf65b202721
e76caa64b3660db5ab269234a119688c21f91f9cd9417c10e5adfd5f72094e69
62367891c0fc2b679566f13f31afc16cd3477d61919ba44e89aa68870f98d058
8807f42a54462e45228e3a769b5db059ba5a2e0797c6ac42e5adf0d268470b8f
cd7dcf4981d70e33c46a05287bf5884f3bc543201aa79f4a4150a597beddac3f
a9c9fa95ddd396deddece67c7f5cb65d72d6abb8ff39c6992084147add30d371
fb9a711f7caadcc265d9608ee00711673f4e8962c91fa904e18e2e28b2e020a0
6b0f5ebb507e17a87e9723e6cd6cb0a6ed33b016d3f626450caf9b6380c62bff
7b5d3eb68dca4ebbbbed70f2e80e52be604c7bfdce0d1d2503ad1a4f1bab8318
c7c155bc88fe0e2c8ac7b80807cfeb4e4b75661448449a12c381e115b0d0215a
2a2ca5def27d87bf5bda27066e9a65be3b1b645648dff91722d2841f86940312
9757c0414aadf160daf670e5708f2395d0eec1b2ff7b99832d167e4dbca058c7
75f91fdceaf88299c552abefa6774b01868721e00e943a448a8481accd7a44a1
67b3311743b4c1679b7e8f71f1b363905f14f39804f37d44ecbc91ade4ea6e3c
f1695d85920a3b17dcef5255235d4f363b1e8bcda21385441d3f803032158a50
1a4ea065bcf7e3e36236127ef90f839918cf41185a2dd77cf146c686a8ef2a34
946e7a2cd721f732912ec9b657968bdccbad4d5ad090993dd0a9587548007cd5
ea925387afd92856517f9d3d357572eb1119714f87b999f6c0514fb6a2e0b7cc
0308935db2f6d27af14ce0279587c3c7e184552b356d991ba6c0333c8dad1a1d
e4a713e208a96e3ff145de23e682a0781426a9c87a5759e8fc181e532df5fa42
9a355ace28c80b4ea404fc7cad82056854cc1e57d604ee81bfeeb3200d3833fa
3ad5227f5887d1821bbfa2bd0a67a6d6da9e6272c002d1758a7fa682bf40cd26
58615e9bc4db7a91ebd8a7f6239ee512efe53905def7089228b5379dad0278a8
afea3717c9867a5fac4d0c68d5e0e1e36b779911c50e9ae66662dab3c8423088
c330682eddda526c2ea18f38b1e7c43b91a4814bf0558cefcde9ac90bd41b664
56a167dfa8c883d9a958b4203f29a73c20f2da8e4c9e43a3ac0a65e668923428
0f0e40618c6f65d321894d4435ba087808af08d0c1246880466ceefa0b4381bd
0c3434f329000f709ae7490e1aaf44aa63015c646f5ef02c94bf9d637be5ea63
5972ced9643bea445f44594405796bff3351fa9d502f72a5355278090cac3040
6c60c70c7bfb6b2f7eeb9265fbdbb6a8a8a80d308a6b178a446d637d7906e252
0d3859487318e9f2e9977dfbe7abb308310e307008e794d7752b28f502f79426
c32dc9b8283dfbc4eca9a7c96e894a5dabac3f7bef59a6de2766b0945c3dd086
eb650c67afd310dac3decd0477260938a60c6657b21527f1d31a51e4fbcca10b
4ad122f25244ac5b00515bec964ff1761121e559da37a4bbd752a3c04a83c956
564dc0e1d566db94a19dc8ed8b78f5e3f72a40a6863b5b59655c99d0f01bd40d
59404d36f70a97162c4781f50039fc13ebcf53f0a8af81776ee9601367d6a7c6
8ad479d7181e2bed156e6c90c658a2180227222d1a063864001b63ca5efe1d3c
490cf5e5428f5caecb91f0015bf79b2479ebb98a70206e2d51e7d09669ce21b4
26d0ccc505fc4a5394f889ffa030007bda820f7fcb202cfb39f5f1504d514017
a5f75a9fecb21ce3afffdf26682c5c9dbdd4ee2893e10762932a9e7ee6421912
7f540f635ccf7a6e19b725725a1934d0a09ce76760c8a16cdbcaaf513bcf4ef5
ad281002d88cc6e96b6f28ca8dcda0ded0285358b2ee3155b0fa48546abc4f9e
f7d25053fb17b086711fb93fa38250f419d89db7ab0a5524107d1f5747a8b67a
8de3e8037c79b6a54bacb2d79c145452870ea90ba44d54651f765fb79dc24769
3967c2a9cc884f9b8943155f01fcd5494c382abc5b3be27e28d75aabbe94557c
a17d0713ce33b2ac52a36bc35fb0c6f571c4083072787224ad7c41676a7db4a0
b177649ac1af7133304fdc93d0c6c52d2913ab1368d46c42b49c619c22a0a888
6e31c4a0105bf5e825e4c6509498c65c2b1b889509b61d1bf2d2b1afa916f50a
9226b58f69e1b50fa7da2dd08c488fe1eae51bcd38dca1ecf1946ca42262a231
ff56d36226da2085daf465eb393bb2f44233f654f560f70b9e0c91ab1637d3a5
e0a08c2df739aaaec964bce870751a1fef3d9b2de466e091bf05fa9820f08f89
73008042e9cf55672c5b736a8f72fbfd658d32271b77ecf83da9995191afd454
c48bb73d136be194c0347190b84c32438f7c68283e63098f07be4509b17284ab
29f0c149efd4a5adc91cb813a8bfda8ce5112fa6721ae328e969761a0ef01465
f9079afe0254d48c8d227e85d439ccd48f3f1445034bc40178b4745cdb414877
571ee26659f6c02edbfcbdeb292e363b1cd9f6ee14e8f235a9aa427ebb9931cf
e8d426ef731d03ae9a90e4e28eae2a1783cd5491bf7e57cc9051eb78eba8d2b5
e47fd7abcf5cf08f1a18c9111df48754f68fb020e430a2120df5451c98587dd8
60773c06d968649686d0e6a74aea3a9ce78bd7bfc6932ab3f0750adcd01713a7
4992aec41f67305532c4a24c224c080dab0f7b37e5d73aebc698c99d88b34d90
468d90d13ad5aff37d1fa8f4a570a5506a4ff161851206ae98c5beaed7feefff
db74eeac64ffce522cbcae19c2a8f8041267cd325e987c60f76e6954c29051aa
60170b6ee2e37616c13fc084ed55611a272b4ba966d4f8cc43604aac38fea17a
0af5dc64606589bd0a235e3ec570736c4db610bcb8a764c274e4af5ce15b8bfb
8d15b3c4649e9953cf4d767b2e0e030729e3fe922c6b399514d5f59185af3938
48e03257b77c3d82d29508cb19e00f1126d26c5af12512841f2540c9561d2efa
2b14c8361e8de7066e32b0b95b81a8a4f628191c76b53769a145543acc722ebb
dad596c31d69afcfafde1d7b769c108a65f6bdac42cb6131a52df1c6b3cdf6ee
612ba5d54e3fa7cfef2e808f30c56f79eed0f6a2b37c7e23ce4e433697548b33
e2fc5f012aa201546b2b430b08bf10cf4a92af29b5d5ceac6f7ca2328e7f9208
893fafe52e49b3d06c3f08b3846c778d85f0fdd21bbb47e82ba19727c8f987be
0e309b4eeb72d450ddfb35d69b94746911cecb9e4909d10de3ef5466a939e68e
d7709561ff54f1800f47f570d38e9580f738b7c53dc3a76663eaec97a1e5f09e
118c015c06081b2631528d1df4a19035571fdac90ad37b3533973bc3d58463d6
2e836eb880d1f989adef6573c0cce8ef4db7362de221b19e7959cc4266c40119
4adc29beb8c4d2f7a3f0b859a3b01d3c8e8acff1fcf3a6d2d877f6caf4bc3ad8
25a91ddcb1a900feb5211c99f69d2f475462bb7bd617be144c76bc47c99519d9
7b27b19657ce21cd9c89dc4780ee9de11e2e2ce5fb66c43c60197f72663aabb9
0b4fd9f6489bd82adc43cb275adfc5adcb93310b950087f9ad9264f83dc43d27
67f3e4d5f469545351a4c59a2cda12d46648902f424c1e666e59ebff3de8cdc2
84684831fd7bbcce5510bdc92e35432ddb4d8d312297d9c367709e78d9a218ba
ffe092c2e540b8580c4985283c231a3bc713fad48f34d111b83a7aafe43fbfd5
ad90e8f4112ecb83477aab128675bba16d1b81a9a5b8ddbb27bb608516051032
aac1bbd9e7715c844fef8e4cadd9c81b6d7d99dedb0f7d98bdf2f0975261c4b6
e9c6dbed16fe7e6caafef7d5d8385ecac02d265d0afd341b4a7139f5a9caecdf
f3f30d383dc80997b22c057a6c1cc055451383702dd7e02dae1d5e244bebfa83
81b6415660ce11d8b2252b7cbe48353c20000e6f275d32abed41f496892a59b5
347735c5f1adf8b6fd19f9cf85ff2d1657fdc039ff881e0747785e72e22a8efd
93985ae0a5b01734f1683fe0b9d858a1fa4e2dc665b3fc2368e6b07a4c0ff6f8
0d3b9c0020c791c568204be6f9f158241aa3c4ff13210ba172a33518bef2f610
c4dfb3216b979db1e2a0873c47cb2300f7ccdb059fbc67be41ed127503b43012
73119ba8d6b1d486a852b2f5a0b78f3e54f758e011eff3d04ab85da8b2e4a41e
75f70176e51c4f0480357ecc6609fb6564be03a93c06334228ce498440f5f917
07115319bfae48d3bd43a0fceaaed88af11c1d8a3976cf56b8b673bfafbb14c8
07768c03bb0b18f89b9f9551d26c26aba532cdb6a0a3a87f63add453ec6c24df
fbfe0ce75110b78ab9f895867a2f20dcd7f9f0989e9d902056fea7734eee8ac5
8f5f4a3193e81d4a92e0a2c62d062a5a8c95e3324c0ce3a37b88d5285f5f1b9d
7a452b722107524aef0adaddeb3adaac7137ccd09bff9f2d841f4d32568e1dda
b5bf6f26997c420d64d5a0597284eb66c6dcecb876726a3d0e0fd203e87d5604
b98fc17bacddf0f72556566411e3f7c30b24dd2112f44d7985b5af1c1a3581f2
72772e48a95f9ce98ad398d9c96cb57435243870a54e89017e2ac80070cb3ae6
20fe98bb930d6994dae2c5a09a57cf07a59cd5560b106bbd0fc34061a2d9160c
04cf9ed6ccf9f8f511dd1eb53574a369b93bb872c0e30544a748f06c02cebf8b
9a5ad2dfccbde430748c59190c4ab647b29ae3d0ab5f1a1857ba8c8fdb4d7129
97e776ff4aeb8134d7cce3680e8710d0800557429cb292e79c6bf72fe7d80b84
5468d6b142e2f0aba16fc2793c6a2b64408bd92c7d43c4a0f2737d0cf4fd374e
9ca7837c1b2d8d5b9744606793ee203c267f9d30b15a159e5c694c7661af2f12
f801ce6c0ad4abf0751ececc66899eb8b731c4f1d4a398999c24d9a583f08ad1
28090d7d9ac3e25da9a44c9805f5270783767a6ccf34e3b627765e2655b7ad65
35aaccb5aeb0eb653e01f41b0be559a2f282406a107e6ec2baa3752ad1786899
6ae1971c5793717678cb0420c2a1a7f4ef185e8df7c956944cf61c5bcf51a0b5
2b3c12ec1537e193930c45332c7ec11be9836f7db96a716717257791a8aa7776
2f23e90cac63d847a481e16bdb5c7ccde0bf8792417122dd1b55b1c5f0e87253
2eb205201235481ae8253e425de044b40db96782f8a3cf2fe1c4e4bd3a1651e1
d4c51d1ef8111d156aa7378768a7c70bc3cc1e0e4bea20f71e304284ef4a9721
5ff863d1ebddd84224418c5a2658aa51a521978a575a71cbbab31be03e898f6c
dd6d458b74644fd201ef9a4d6c75548717a6792ae93ebab859d64eee0296a31b
50ba87fcdd4703e16c3600169b13e05c5b71b5d5bc623f861d6daa31d89ccd5b
9b244e2430776ea89eeea8ceee029a17e9be191111ed10a40669fda9205b3b87
4c7dab5cf0a4ce38f459cce7578bdf8c9e00709a0c9ee8bf27981ac697166924
4d27847a1b8cb25c16435a51236b752937c0fa05f8bd3b61b5258936b39fa9aa
8c7efe8519054f3b54242b510d187f25d58e329dcc89a0f4e5e133ab61608bd9
f5a425eaf00aac1586382117b84f895d82df61bc400b473cf0813cb27475e727
ab74a6b7a7762a8f27d1c9412ca47b7372ad18a70e9160a747aed4669938962a
e49494601ba7888922c20c0e336412e271affba9963da11b77c8aaee18703cb5
f0512169c8b3e716b76b9b3fbd635c963295671f339820b54314f0f86aba7bb3
aae9e60fc31139013425deb7c789a06d1fb98cbf4466122493b99ade153c3b36
a42cd1a5d81369ab9d3385edba61c6e9266abab41f12a46f424c050101f21827
45ecb3228b3c544dbd421dd8240b43ebb423595b5fe25f065374c9b9d25d5150
844ef640eea6937a2c9a35137ef2fa42509d309b384de2f48bc41fa83281b326
d2f8c168660e8294c5daf34d986b8b63f86c932875dc82e132294143afec9bc0
58c76845c368c8ef750ecb39b860e2a5712b56bbd4f12e4c14779ca3de06b618
3be4df0fa153c358e63f9f9b279007deaee24ec49155f678cd4529f38c252460
7818ee49cc34148e4c058db45c509aa92c28982ddd4a452bd78d3c99a658bfad
4a7a1f2bb69d61657787bc5cfab00601f5f2628e2ce43779fbf03b04a953341b
8f318acc14a2343128a3e4cc36f96857a8d074ad65d95d7dab4585351b18315b
606c4feb009c3e3f6a569661885e866cd1994a55aaba4e4de55213599103719c
6458820f661c2d8379ec8cd91ded6e81d8b08e843415c5f997eaefe49644824c
be0d0bc04b484f24bd5ba97fe646bc307156590f7f119b3d555405ce713de9b5
ba8066af26978fe9182203d92c2b0ee0d719d62fdb7aad879ed853ff337fa629
7a2c19f0e820b5a386dd5afa80af46f5b009e33b20744bf8fcb0bbb8c472b390
bb5fde3bbdff8a2846f644a477efaba299a412c1eba66ab1a1e40f683210e09f
bd15b01194b87a75bc551129d406e475ac2ad83677cb80e3c0955c4705ca89d5
25932093d192738b6e24eb0fb61e9973bc85b5b4b43ba831d3e7089c1d9e058f
096c0399f3a16ece4d8d21df031e7dc9ec656f9a612caa97e4cfb353607bdfc7
b1ebda9db6628f4c80d91dd355bb2f884c9d13ed3103d9fab63d4f3d9983fd49
13e5bd636f9a8fd2af8cfa15b4d4b879f130eadf20ecdcfabf016dc40bc4a0ed
1f0c21baee2dddfdd019bd5182efe84aa4b22bdf9842fe06a3b88bbfc98595a2
da2a506da92a0226bea51fa65a1b575d05701641bd973c706822f832efb41947
644b6ce040040902db293cf349e82f752df4529f6d712a46870e1e82ed235ef6
96a9d4ba475d618d7b31de900182e514dc8b4723887b189a5b9f2282188b73f8
5d27499d6ea28729532437ac84e85e28ae17ffd3b93803bfaa88689c1f98e3f9
278eecf00ec210885dbaae34fbe75424ec22f8ea9afd231ccf9c24a5a438bbb0
83a362295f6351591cfef414d8baadc3f76d2478a381760c5cb18b5f66b10496
4600474c2646e1257620421b208f0c8c7d0f145fb499feae3e8569b335301e44
ea19131e6ec4263761b37cafdbdcba4f7f84f0ddc4dc640b487eab6f0d8f4799
9d09659c897faec9f2d178dd13b26a23207091de1512251c5bbe2019e274bb0d
a887fecc1807241c2c53eca6c3f9ce9b56ec3fdde93d6ebbacb658d8bb4d9461
bc06d28fbeccbdb6a322255a4be5fdc7af7b7fa4ec8cf879e03731bf64fcda85
86df5020f46fb2a8f84bd449b570763aa923efb9f90ab8d4ed2ce5ebe153968a
d36fbb27396df44d1fd8ebe398a2de82a447dda416019aaa46306cd0d39b4e12
cc6d7b1ceba5857e50741303e62d8de28aad327aa66fda014adfc8606c7e64da
e2a3eb1666c86301998ad1531264361bd7dc25ae68efa98340b9ad77321be7ee
c0cb2f18ad300a6f5af88a644e665a2c7fea6ee53cd4f74212fa2f234f822196
fd1f2a4d3e61bc3428b0cc6176c6b307eeb72c885bb9000d23c70d76dd4429c8
37641552e884485a6dca8719945ed296e55b257d41a5b02c2492da8d740d5e92
de24bee86e382ddd4c593a685965ac4c5754077f2fc93d45a1b876e60f25dfcf
efa8718551754de03a37732b563ad1845a745dd21ff21f7a45b4fc86cc068d5b
41a68d1fa735d52dd75770993fc84df906bca9417d7f8691268a26f349af1c20
380361d27c1bdf3def02978fe6fee73c3bb1dc7a5f8f89353f166d5d7f583b07
e2bdf261f18566bea467ead695dfead47d2741bbf41ee7b41aead3ae3540c617
629c492e0259bfc991fd92c97777a0e8f8c33ebd6a2a4f807f16880ecbc1ba2c
13ecb77ffb0870f22300e54b537ca497e5b86a8afd02d6df65fbb33fcef241dd
b01698519f333bd3d3125608d213cdae83c2f2351487ac71762b47093d34924c
0a6ce1c58d8c609ac67eb1a515d30cbd558bfe21e453a81eb7bf1907524017cd
1222148ae2a002ae7631909b3274c96b8a63af4953b8c97f31c184ec71e3b45b
3efbda3bddc2f9f0af92fcdd24d1ce6d58d7ba8baaaae2e373f6a5b5fc4cd994
f3472a5c6b469566cf6b04235b1b1fcafc79696e00e096b0ef132e4bd19016b2
b76950b2c81c29407b6451149ce5c0fc2d6f8de487698ed6e5496d5a374be22f
66c9e6ae8eddf86fb9d22d12f00e4c52d8ba58855529d3bb58d06fd19be4ce47
c4f72833708381b0588ae1388745e3f3fb968ceb1f069f5a4fca669e3cf48f03
290d26a0d1360a71d8fa89542e54778c7cf9ab683a08115cc4915e0d5479b477
ecdc13f65f8d9219f988e9ca29639f2777db8fc484cc658a964d945b68e62b7f
ccbe1ac8d83dc431dece02c645c93d61033b80b5369df2f2e8a92531073c8c58
67af91124d2a6c47d0d1b02ede01a23315f8a425b706ac2c11202d50e78ed599
705231d79631b9f92ea81c0c782350bbd2914e1efed198d1d335a004ccf04c1c
ddc32955ec39271599b3e22d0bd1d848ebbf43a55164c095c1a843d1d9370d41
1c3e8fed2861ac9531cfdf874758b35c56722ae976c3a8f4747fed8f90247934
4fc59c99d9bd6f2d3f3ed7f755675783c78fccba27a8fdfd5c326fa197026b3b
18a40ea52477b29a768d24f3ae1b3f7f4c91d1f98f984dccaa01dbea447f2ff8
9c31897581e4b77a2b8fa10bfe4304e9e6113b741ae53b81a0531d7db7c1d527
2e7fc456970255a25bb45c3d16f7564a08523a017c472f941a134696a961984b
23d35ffe1a213bf2e6cc25b48dcfe7e5bf3a6c0be882c180100f4d7b84e88a11
92bd24cad9ba927d17bbc74d0c4d68bf346d08d98e419e43ee8e74621f15e73b
669211038fc653bc43f4a7e040cd64d4a53882a341bf71fc079a1079c73ed081
3257112b56d2cc307806d2c25a334eb8e8e9b8c57fb8080d7f9314aa59b5af17
bc16fe61d181839a3f0ca23adc0fc152e338d1d61ba8311e20e1084299b1c9c7
6b992d3407f8686e37a0d26ba1cef694fd47b347b74b8f87649bb767f64178ce
c91e7bd47c7e2c1d65791469f0d1cac84323ffb864c4f0a61b4e00362797994e
0d24ace487caa1cd59c5d1221bda1ab9a091388600981cbe95861ec211d31a60
fd3e800efd7b34b156475b99feb44769db35aedaa32b98005f07cabffcd8b742
ca2b94cc81a6fbe9b605d1ca945a155c9144aa75b841c34e89e862fcfa813959
3513204f1c9855d4aeed7a9a09e95fda65dffcabdde6edcaaf1c425b0bc79241
d98254c068bbd57a41617422dc3268d9bb17f68c3fc64c2b3c073e7c9de12dd8
a33c05c294b67a492d05ab2d59f247360b6a74f0e15dab63c6bb73520206962b
424116c4df80ce1a972b415f088b310a45f97ecc2ffd917e646d065592587f22
54f57e7d69632ca1e21b08c3ec346990bd618810fb3cc67f63acb0190e97bac1
6598bd282408706c3e16cd1f9c56c78d7d5d083ea3ef201a47457402cfdf0350
e10b46c2a85fc5f834f4f119b5fab42f90096baf168c5c0bd89a7da9f6e3b079
ae09b7e8d61d37ee920c1f9142dbbf17d221a130371fc097596f15831cf7cc2e
58077d8b04e3b75c2094fbe661c4304f4306ab3c98021a9408c964d38521c423
1ccd8585a1b370298cadd049af0be932679c6d03c6562a2c40f55a8dc9df98e1
790193eb46858ec1be7a74a7d595de54dafdcf5b9e0fd0570b1db89d53736ae6
a054816612cea0c4a0d431d91ddc5f6801a1938c8005e30b20ea9069097d22ea
0a2b619b85f2fe6aee21dc20cb13c467bd98f9073eaf53f82cb29d6441a35851
abc19bad0c29a31e725bca1f1fd7dc9c522edea694cfda9406ba6900f935f798
3646bc91f7bd48b39655068233bfa6d2e7fda0043da60780cafab798fcf64043
535d6586b24809c57612ccd2cfa1b158075afe078102d5d0b85d70d98e1ae139
601814ce51224a225ff5346cef7914aad8ecd09d2109e3b4d732183adade8c4b
8c068bf8e907e81f321b3bf9caf78ace6fcd2ce3631808faf8a9ccac472f0160
84d12abe4644e775acbac5fc6581cde06cdb2315108d37b06a5cf30502928d4e
45e4a98ba89c7ffef8c1d58f3b0b6b64ff83a977917f899c0eae48fdebfe05ae
03781c65bc87b39ee6a58caba546576d27b4ebff40dede94490c8a6a1b4f6d3d
53d6dd6b9748ec3fd6c2c6794fa53e6e4d631d6ef4d7acd676329c4746ee55ef
c4af7adc725e2db37a59fb6e991f344c9c088e29972b203784f15ded6a7191bf
4be7a20ebfb9aa8aa545d41d4f33d423680a9395a9862e2edaef8e0cc299d95b
3bbb36afc441aa6243eae9f2d9e0e47e6ed5d8c1dbbc670bd50027d05cb7f4ab
fdfd1b5a903329fbbbeba31d723631870294339931f1f37ffe62ab52e28e79c7
818ba50dc3572707290e1de9ecd95b913c220905f001c8f2fe9c3c5611cac732
977d9e2f1ebad6a6cb534d46c76dabb8812d05b75d5a318091705aab679cb36a
62389ec92361824b7c4407b05b18d241bd697f7dee10e6b5267d77567b0beb31
41ea605e9697d70fdb3855ebda41225890547b3cc05e371b3a491fab084469d4
34a85cb24f7df5f27051f49495a2cf3254ce14305a7320d7fa2198f66b206eb9
d559168082404b3b269122ea8b738ab6e3f2e7f31e04c094d953cf4067d01961
3ff7e5b12297c98f7d8d037311bf28fc830ec7c54189920d3d25e38217f4603b
0413d1f6273c1475429c259829a4df63142089da1464e6c4e50cbf2d51a2c884
2e1799fe7953906b8ab94dc73f80b8169b117177d531fcdfd6c1b53477c98724
9d1a6fc15be854b2746c01164dab2cc5e1b90128b9f5e357712af5b7af1b9cf7
a86e03ef0a560b193acef8b0ee2c14d3c8e32fcbd078d7c4d123d5298c0b939f
ba813870847a4a474382eaa4785c79e5386ba5d4ddf4c7e28f9b2dc45f417f5e
fa6da7204a6a29f3bee406704ba28a1fd21a84022e6967ae2b3d87e2805c57eb
d9c7af3442696640159ad88a3276efa59925edb8b91a7b701ce2ef8cc16df827
c898916e6c933eeb55e840bf873ca1e655bb23021e75ea465a1ba9b1b34cdece
e1c71e23896a802abe8c4bba1626408771742756b52883367bd78b390f50f691
55d5f5a7d11785175320668823c85498f513fb127f8376f63ad60ac49435f14e
5a6d73e331ccda3b854ae806a9094a40a207cc33674b094d0942f906366f25ee
155e718fcd63e257ccfa981d7e874bcf5208266fd93677b88cf0f685b19f4503
121322e3527a5e0b2e180ff59a3cc7fd1f0293f56b64dedbdbbe768fc6461bba
3bf69a864a135aa50c0973119321a70a63f22508c770733ab2486082e5a3b665
bda2fb15d995a736c6f0195ce717ec569b625378b627abfe0cc3b091f777b06f
e37c4665d8df6e67565d99233e54cd1cde3b84fcf636dc4f5d1f60428d884432
372ac263aea3db70df5ea992954a96ad0a4ebffce613f00f5a330343ed1ea53c
53fd35a83141c8fd4ad4e48f0abc5ef0c92bb19296ec825fcd71a008b36e3332
b37d6846a4185df42181963c47a6dd6b033ae162d178326cad7d980a99dab86c
41e04d99e6990888067439d6a2ac7126957639ba3c9060f1cdc9ed598bef960a
aebc1de719f1a387467ea6dfba59d89b87a87f68bf460626f490027307908426
aee7765bbcfc63b90fa4666df4a70164d875f6464606e732c97c2589a2afbd6c
6ad04c538dcb7e91fc7a08d0115fc4ea094dc8453c2ef27b96b4a42639ec1e3c
f0577472eadebd7ac0fac2dc9a2d443cd193f51c0826edaefa5630a377cabebb
9c616597726979a964ba0c6d2246d3fe6ecc32f8d704f926a148bff2c75664d9
eabf8f77d86d9bd8f501c3e08eedeefba3c71ef2ade2f4b67e632c2a691cd675
2ee688498f5a72a4ddf863a259f25e31245eafc4904000c793308d87a62f2eb3
b02ba9c567dc34edb69e3d57839294f5146e08a8081034c3751ac57178861c0d
d72c9bfe8bcb730a7cb911beca3f9f0a979294ac2ba0d959aeb2e58b16bbd040
0e9430319fe7a119766f0c153697c8b949ed7cd828600b8f9557ade139147c5d
885dbe6ef9dac7dbcb3253a76396b94d7028897dfc5e10abd3881ffad871ce8d
37825434764cb9826db868bd7f3d425f78d481b85c2e70f276d11398dd2ab4d2
1cefe456e6dcfa5a655c667dc095fe75c83748f89cae6c51950cbebcde27870e
921f6ab63647cce9ad1dcf134c41d14f4bd28a845bfe814935b14e8a42d5cfb3
87c083ccd4875c46abe55eb397a8760ed7bcfab6ededac84441fd4f14f31d2dd
5ff4ec518425041296e29ba56582b9c1c24dd359da0767c3536c1884b1f9b35e
dc049b341b5ae595ee330f86f30339250d87023fe14eb212e8a742d1e621e4a6
0de544072787323b361abfa15d1e64ddf835b3332ebbcf745f45f81434dc8eb7
42d1adae8c21ce96b61c35456feaf024da9d89d6b9e4e16af20d76c657904942
9f1552b18f63e1b99cbfff80c26ed704b2a57760102d09b626e783bde912c28b
1d56991738c1bf0ae06ecc958758e1964212f267ba90a35dcec735f36dd413ac
d1df0f4b4c63fe394f219e75c34c3a55f3ab72f7b35bd30845986de61d311fb2
61a2afadb29fb4ad1df61ed622d7793052efb84267b11579b389df9b819b319c
276bfb8d8ecf0c63026ddc0274383a206c11a171fd173785411aedcfc0e51a62
3d86166c41fea5043c238e572062774a82a0a803d15ce3c264d116d242750d09
37553cf7ee659f1ee89f60f54042faa63a191937453bbff3b7368ebf3f5ac914
cb57f14da2d5a29a928f570171ce006c656614cc78b3ec61ded879ad1758bd4c
5d1e752487393bbf1e0d46ac82a9e2d54bbadcb98c086ca4a35a0e88b0c2a6cd
4ec48d885addd8f635da504555914ef3a0dd7d9de69a4b07ca08a3a2356e8005
14416fa9414b2729e8272c836d4fd01649fb41fca31c935829f8ba4acf53791a
668344ab05045785ecb2355dd7cde4b8d028e0084bc273c5c5e83bfae79ed2af
09c453afc81834d0c677a4e95501aaded57132208da29483c06752f450766637
532e31ced0ccaef7e139a226b622a62cbc4a9d744b0b99b96e7045e1e7923e03
664dca14a311867e685147b9f786e21c4405c2d6ecd3f8b7ab7c753b41952073
07f055358d62718d739df22b641adb84e0d7e1cc314c15f61f1abda54a7675ee
4a196eb9961e91143541dc32d3f0bdc3ed1af79bc89dda674ea20088b67b9bd5
1cebee065c5977f1e2489a28499038e8432aadc8701ddc873485483ff2bfc49a
858baefdc6acfe80147aa91d0a2ee8e8dbd614aaa73c452134f4e0389d41e7d1
7656ef47eab8f5aec5a7ddee1e44e565852359f5d809c5d72ef25ee6ca199852
c1be522adcd8c8cef17aa7f943188710c1b7a8f74c401453c73b53051b43b1bd
8c363e8fa70044ec26e391aabea118946d2afd957effd558004a496187af51d4
a7bd4a657f0af52a54e043a3aec852c2717dd6fa260132afa8fa01994aecb355
157a7753dad1e1c433a230b52fceefd0cbb20fe9aa7f631f703f7d7ae0990594
1293eb3ae9a70ebbd46ef702f80bda1c9ebee3ccebd54d153615ff1cec1d4d15
7a5b7318ab22a6c40d1327c899b5c13cf2435b6140474f5644c23325c4313d89
ec8ca71258cc5b69d64bd966c032c3e56726bdd90b3c0589b00eeefdfc0bdc61
421c298cc780ed6a896cce45809e982a5165f4bd5ba199446dab1a1cf78d939c
9ee8cb30c48edce126fc24e5593660f96059d5ee51907fa36005f545986bee0d
388878fe572565850bf3bca1458f52bd145db1f942681f7f75514fb5dfd01801
e0f8f7692f18a0df9ae01e83c0d0a6eed613d2381a3eb74924eaa5f2d64db694
ea6aa40b136d5a248f4944120722ab49680fec1d4b785b72179c40e8ce4ea7e9
b599ecb32f3e29d6ab74588e389e2e7915ef0b0eb8b82ed6fdb471195f3fd766
b2bab5a5d1383c424bc9509fb21f5f77a3bcdb25ea8f3ea0effbe4ab539b927e
fdafad9a9d1d61ff0c411b46cae0dab3edf7a9d1ece1ed4d55ebc4f8c85c7739
8a24d3fcaebda22704ff157a6ffb4437b1e676c3639de60cf3cfb25e1049fc19
fe54629acb309bf0ee4e613c984fd26bf885c434c8f801dcea7645f422f60d5e
0852239181a9281d6244d57787442dd753df6981f6f8533a69f173809c805147
467dff31426a705aeec893cd5690693ad16563358be1a74fcf5de2e4b43a9953
5697703a44319a980df2f918a6d84be0319a8cad98288cb53618dcca154418a3
35e593985dc29a19adfc16ec064922bbe55734fd2e9f9518f75fa8e6b2889e14
5b83a315df734242bcfc49337631eba241e00c644444884ed2b66c916a7b8af5
5ae0af4158e5b0a7cf859e2df8922e4246d561a0988ab1f408ebe19dabfaf448
2680dfb7733602f17e4d3648985801b770f992dceaf92020fe6b36a82feb1f74
7e6ec079d90e93a0ce860ce3fe03894d65024d5c5799d8695bea5d7ae454a33f
8777831ae6aa18dc555db516671ae32f09ef69b3622a2af51809b6a8a064d642
9e8500a483d8c0f1c2dc4dc2f6e6c0bc133555e61d795bb253fa5d2409d4664a
a31a90d201eb2094f7894a004ad4c09b0ca897d632ea7a1dad6ace9d4880d887
a4f18d53bc6be41cd6692e1f2554bbbf2c8bdde3027d4d24176f5131ee066c4e
6a11863e57cd632581830ab617d108effa61f2c0dd0b52dbcf5e30d9fd8eb64f
26985c4648b95554e72884efa6265894f162fba1f2a5b07edd8168bdd7d19ffc
4ebd6cc9c64623ecb628610f5bcb913c46bf858060631682140559bdc0e6cc54
656da9c7e2b7f5f2b23c5242e98fb6782a051febfb03b65648acf1f513fa8da1
9a36c5cbf21fa976fcab4c80a3bf7ebb908b5a925d4f2b7b15e8199a8f68dde9
78ab11bb77ba25c5d569767eca81b137b8566a0211340900fbd3db3f7a4747e4
25c9b221d01c2e55a8e9e198ea2f3dc4b6703c382b69ed933048fb25c8457431
a076bd7b2b410120643691cdc75b90c74d0a3320dcf02e1586b14dd43520d3a2
9bbd619fbd6fd06bbe6dffa370ce6bb5c67f2eeb0bc35c5f01cb273908fd7938
bcd1be38972cf333b3629038344226c20833b71a57eadb9f7ceb4312935909ae
ff28c3800b0e36891eab0a976ee0ea6583c4b17661826dec94da6fa3ede799db
2f2593b572e65345931b8c25ecf6cdacaa35e1c29242ba12b91a0743cd3322f0
d4dbf74ef7b83c2972ae2b113c7986d3c7d4ee7f24da02947f126eccaf5ba0bf
b033bd2a0e2ad880a9d602a4d25829d745c6e2b7b8c6db59349537d10f93b415
55c1c3f23d711e13596e3ee8fc043f6520688137d2d0e36ca44235a27af2e330
34047178abf6a6680dbdc77ca46b376929172734e7a573daaf02e29257037d08
1cc9380fb77cd885497d7e190a649acd0f253c7536ca9cb7928cebad591b5fbb
e7a45bfbdd65570c1bec8aec4d0a71e07e8a0980698cd4892c4fa2c9907f281b
9cf1eb2debcd94b3e64e35a3121af9d12087134b923c7487d51d8810afd2eebd
1b3496932114fc80733cd57a91e4e0164ddda29ad295bd65b453a6e3fccae5ce
a1f0c6bc81eed85fd2889019a806127cd776cde4ecf9cb2c8ef97fa519ddb560
206707bc1b621731ab10a0e8e8ff70f63d496b5a15fb63306cf2add7fd734da2
b99f3a3b907b8f57d61d7382c2280e7433c411c21a8e93f8013c187a831cad76
1b43412bdea6966f36927e6f5d82f8c5d72c5b6c7a65d606890a86a9e73ac37d
c9c13a664ee18d6632880ddac8a12d4cb75d600e0264d1358e0802d854660802
803297e4287dfb220256fcd5e30009bf2fb161142b76a7eabbd8c1a9433e7883
4a89600bdae611438d9fdc9b28a28060106ba88c233d06865bf9f39e0bfab3b2
31bc6300be0d6d48da19295373fb27f1e5e33e0ec20613b27edb8f9044b7cb40
e1d1b006483f6ab98b05d292656f8575b15b8f465ddf251c546a958db3cd1c90
9fdce5b508d01a314fe57fc6e70433f83797cbe95f8871ed50e2311871319ac6
ffd03f16a93bb41fa8c00c2f62722a9d0be55e2cadcc1efb4779e5b1434f9cdf
8c11f919c7f438dfdf1287c77ca1a4af9a756f615ccee9f0b85c0c6284224da6
0b4c3d41a5db1114679f677b1c55c76c6eb1911856c25f07e4db12470fd08fb8
ce22bef88fdd2841960ab9fa062917e2ea8fea7b3265028b0f121eed4fc7115a
5966ab8d621de3ce789d7de542c71e66573e62dc3a89cd701eda1b63cf3e71c3
8dcd4d5174061b52271d3ad55ada376e4e53ad18a3e6a38f149d3b2f8819a134
1b04e81635ae743076e919a29d39e9a62ac01a3014223b5e4b1da50eed9025cc
a9dd8e09292fc7f1c7db8c4c4488102726c2f871bde5149ab3c70cdb01d6b825
054193b86c1b7944b71cc497728573d98287ce0186ea994e93ba8fdef7ffe30a
6d7af7330259c350812aa01377a388c1d9105ffca28f1a7aa9f0c32123a3fd9e
d98cc83ab239bdfedfea9672278f884d76b4d323fb35a5714c952d80845b13e6
4d3700446cc2ee253ce0e59315d21c57da18ce42a2c331f72edc3fa0bc18f0a6
8dc00910bfac1dfbd4317bd31bf605779ff484af9790f0248d7ee9cf9cdb6194
5484ada019891ada2bbf64865bb94d0acb0cb9042b8db187312495f23ce409b7
921af4539a0c64788ba0bfd7c0008c71db9a4c46e70f57b89a9418637bd0d56a
3596142c774bb5b6f9366da063715aaf9d28c793444de4fcd17abb7c9960d599
ba096cb4d0f1b177e8c2ae68952c0651fb71610e7f716937582dab3351780d40
15f396980785051742606d0a985b8fc2be089365271730e2798f4c3303a7ab36
66ca05bdbea6c9cbab012a84c5c86730b7e494b1736a3d148839812ec207c7c3
7fe0147c8a9322504cb84dd3bfc0a29c170920d6da397c1ddd2fe7ec4266b0fa
c00bc90e810bf862f831fd4fe24017404bc55b567875ac6eb8e85a738e4abf47
e17eb035804cd65378f5e1413e8a3169735d22d226a9cb5cfe8a7963a86db52d
97a56b36c249504e1d2f48c1460c4aaee7aa694816d8db2692c3cf992ae14c9b
df364c23f9426242e60911ca60145cdc6fe08e0ac2acfd6cd79d576319f6b0cc
1f0278b937e47aa1411e94708ca223e45186c307e4ad6d3b1168553db3b03883
3479fad48531eb50c182b93c35890f6f756c6ee89b85252ce1fbe4866d3c79ee
c2ed7196ca80f2464653d9f5f3c70013755dfe47f8a8b737e8f3c1e7f602649c
d620eeca51679a43cf1c2fa440db459f12060eac96deaecd158cdce664a62823
f427ac854d0307cc24d999818af4f25cc7ebe05cddde11a5342de3fe48529e9d
7378a63d2477107b99b9285fec4903c2067b943306efa9304c49aa48ab3c5ac8
bf15c24d0552362407dc61306ab0cf58970eb2ac453829a9d0b3f7c2442d658d
1bcd78aec598c81dea2e37377f0ec47d2c246cf08d12bc9723aabbeae7ac4d96
87e3b7cff21fc28584a984848a077041fa7c6e46098a2eb00614b9dd2ced738f
224320cb699942abfd4d68f22cd6844c337904627e4f510ecdc2eebfaad82d8b
5eede7c207b56dd88e7cf0210fb7a36d881faab07fb3de36f1d38fc6ab342268
393a8796c7ddb018d8d499fa3710c15c1a37bfe66fee17ed733ad62e65bc317a
7d2fcda337050e318258c2073b467f5109b1ea773833c2f25f48a4600d8b2623
e11091c29d818c2f5c1b7ea75a4a960717df8f9209707a79de89e0bcb15e5e79
5f97a38c34e4b02a7089b4e61c81cc325094fa0f4255d3bdd85f9615cc4ea721
20cafc26576d0c8d061eed0f0a88fef8da5e75955b1adfb53fc29110cb2fa767
b1f1125faa8b9b2e8192520a4fb20f272177090845168c1163996502667907ff
62a9e0ec6adfc15330a97a631f78ad8109c0b00470161a9b7d5933ca7d3d5ba1
a9466d2eb6d1459d70422904f14bf503cf07a09c78491e1b1ead4acada0d5e7c
3b6f21a57bacc2068cc5d72db2c87cd40ab8a02728c8c64337096bd32079e7d4
68b9f693628d5fb63abf20a247d36030586abe4af35184dd9a25b4f16903255c
8a024100676cb60d4bd91b5149abef177a2cdea538c5ad5e6719b9586cc49433
06a6c0acc572c1b2e10b3cba5107ab6b23a8167a4edb3e13b1797868876f1aa3
2045ca603316160458aa9a85c0202a3f6d4b97e2be1bde2d704ccb0017ab1f2a
03cb092c6c9a7e68039fa347556dccfc28b36ddefa0a81225139c2b84458796f
c1d9771d276c8c95623b0e9e996ad366fd740f385a767468f1a81e4ea980d32f
8cba5af23d2622fdcddb0aba4b0bf40bb2cbc0026c85fd099f84951f75922b0c
dece92893974aca7d97a23eba666e0ab4695bed1398fe3ee5f6e41f2bbf05fc4
9f68b9cdfe328f9ef89e0bc943e5cd9ec7889b892ec8031fad9bdd28ef43f07b
721e2a98742fbe79622026e9b05f6abb6f49577e4ca4e53e82442dc1505ef256
119b962b8b0d993f2ca8f1c92d5236ee554a576d4c3bafb39962ca3f58cfa258
e122bbbfe9656b2ca02012e3defe1b4ca74210ea0ba019eed118292b5b02a76f
7add26d3e26353a3525ddcd9b86032ef48ba096d859fb52aa513ca47a1845c31
cbec90563c35a9b32d55778108d33012c1bc749e29d559d6d9596034a79b8e52
2da87667c6b0eee87341efd66d9c82265ac55cf6db63c241b52b4313ff4ea1fe
ff2839524d063721b7a39444aa0a3a447f73d3936f3849e430c21c65dfbabcfd
f47da18891a4813ff39c05806390d08c471a7851932c26e4ac8c4a2006ec36bc
0626abf486eb27dc492ccca4922b2d02bf9bb33396d84a98644df644ebea07af
ecec1e396d2d9d33bc04be06603f18d680a01b69eada5e5e0311fc38ea80af90
65d478cde85c77010f2c41f885eee24c6885f8b40c24e7dc6d3b199a45e2d313
f4a8647f84db5d08a24320e00c0805ee2fe16f69ce3672d84037afc4c83bf8d2
8140ccb260f11aed1dc35d8ed67d6178bab06b93d862d21ccb66f910614bcdb6
087ff42508d845ac228b0b4c2c2d9e4c151a7c010295822126593adf941e42da
0b614e1a626bf6304b95996c05c01b115eeb691add6e9ca70dea55c20e1f131b
3cf9070d34a2b53a996e135175e562c93e4772a204505a5597fe6bb62788ad01
6410a599116ce7becdb56222274d31f7d1999c56fd30c589f8162c306913b54c
d241f87e7607c93419759d8d0cb7e07472eb477b2ca6cbb6e7144b49dd4b3813
ed550f6995e3e84a51411760c4025cc46c465d152f46f6743a1cf912e617639c
5f463f2800dfc7843a95ce7d4f6ebe6176bd7762be8c6950f923aade312d4a31
b5a69411f2d4d20a7ff331c3e83f5f905b87abd3dba088b8f7ef7c9fcd293294
7e718138038a43a7882e586e540f08a96a688ef0cc66391514aaafe80ab8cb2c
ee898623e2aff8148ad22b27df0637d060faddeaf967b542ba79b700650f97b3
b723ebc994f018db0fe8b841a47f8e468684c0baa45e309a7c38305d981a8aff
dfc49bb245753680df5808a0f911a3bdf98c787ce61e8e3216a1914215c3fa5e
14219264412df6181299ae125c3df2510c4d531bb4eed144586586390388fb66
b9f195105fe5589858ac097c92039cac1a381abaddb9de5ab18a7126b110a93c
026bb834591a4f97497c3ae872e071e09770872cc998d55f4927623ccfce40a8
d9683a1c9ba4df3d4ae84768734a4130487c4f48cef690508f5ab5ed2d0fff75
ffa013f9d66b698658665968f86a0cd0bb0f6fee1f2f8295fae74ab8b61384a4
6a496001c62f50aba6ec4cc6d33cb7d0b6a154b7d1afa965594a776bfc6e9959
8a797786566a62f8b993202d48cd2903c7c24cf59412bd6c73655961877e1a52
c8040ee42d21a434b6ae3c566d967fd1bf24ff3f78b5a9413b257fd83aca7fe8
6b82d49f01303f7e1f934be33927525294489b75d148d46786c9744f191cd7c9
ea7d617c280e295e0ad0b4a8d56243bd3a3ca908b2c5cd7a6952f67ad8763eed
9ecdad16b7b3a1dea2c10d93bb5ba1796e15158fae6bd60bdc1db2837144b1b5
251337df36d1ec9d068770da0b8602987efe1a7b1e919906a9a25cc70c176e58
15b9a4806f664e4a5cf67a7930af302da25fc8d287754f1a0267f36327ef1192
8ef4d986c54d018aa86a46397877ba17c01c22aee2dee5521709bc24e36a1224
836f6838a7421fef4a0f91b1ab3013079edbe1523fc000fb55c9c36ab24c0965
e3c8a04200173fc6f2208e6e3196009b2e06c6ab1957575fb359c51e8bb73ca6
d4cd76dcd091b9c5f31ff7db8fbce175f2fe338a72d6df90e4c73968f77e5616
03bc88cb6c9f4daaa6b9c21a0efc03795110d0078f5b59d79ba8e769c9e6eca8
95d79f25f96c677591655cf83bbc56fba07cf8bdfc535b0b4418ec203a145451
4edee300d05f644c70563da263e0c4dbcf4518ca44fec39615f11d919e23dace
945093548ea5b4469978555c6a7b962e113a0a07f9d7baed07ad6670372d5d06
edd82f0f2bb5314cf841575c4262443efa0797cf8d4b75939fbfd2474de4a2b8
478e1cb1316ed6f8739098a9b08aee10d935a8d858310075cf86c34950143ae1
aa2925657e7e2e3a1be2bdb92116793807e28ba4ee36788238835f476df1d20d
0db91df3f7af0f2b26ed44f18f347eb68150555c45a88c8f3d28aadc9216c9d3
56b9938a9fcf41d7a4b90f3e7a2dee3149e97ef048caedbd8f4eec903a8d8e97
a02ed1693fc88b36f1018974750bc5fe118b9fde85c6cf8b75f03978051fb903
6bd149dbb6994b1cabcb8735b578509e4b0d6bee1101ea2876c3d0f9dc9abb6f
2914f968e2fad648d706c6e8b9564b9c1722ebc8936108c30b8f7ed8507dd8c6
5ea26f1f5e1ee8f3dd672401a4e614a7bffe1eb843ee6fb571b5cbbef09036c5
71ba40321db433749e78134f9db810a4da89e4548db085fcf385bcb493617bbc
8ce3c2fc49977092cf59545ec20b906f8bb5f053aaaf02ee4ab792353aeefed9
81b978782bc3941032f70935ab347f9c6537773b9ec177ad7bbab7c32afdfedb
d730dfd6058a060e81810aa9a96bf8980203e48bf31c9a111ba1914744d46014
90f1686ae3244d2f1d1cbcf63a41f8c3a807b14951596deb808d9e478eaa3e45
b72ce83ef5eb91f1c08a31b781e501f809c13baa4979cd8e42eae11033d3df80
f8fb0aac9a5c26b4667f73df0d6aa70bca6102fcb9981a86a2c4fe96af4dabcd
4ea79d87897d81ab8f118d36f7353f52e47ca583cb95df9614d9e2beebf700b9
bfce8b2a1c74f87d913a4e37b5c86956c3ea6b9ef6237ce7201cb9697c5ad7a5
277e57b70a80bdd4db816fc38d46574981534e7e877ae94044d341368ac984d7
c3bef4fb77bb1d39460720748a30d91452fb685365356f154eab858aa90df256
554547d387ad9f21bafdba3a8f2f8f54fb584d84c125662d513ac7192474c8bf
dbe94cc87ad8f923038c81508a145fb4675f09a4cab9429c8baf3f2e5f8d75f6
c96720cd5d1157561009786f175ad519bec7d4cec9aaf8adc5b98d801c62e273
cdc05ea9e2cd09d0dfc835d71a12ee88ccc17c1223e136c5a75f8924ac1c7ded
ba39e7f62871bcf18571f29143222b63cd5edcb790474e4b55a7ea67a5060d75
9f7cc48acc84bb82b2e65bc82a2a6a19d9af4a52fa30ec4d17c0bf2efea0b381
fe35052260cd5898f32ff5d58397e536a4fe6a2d558b58464857b58bb8793172
60ed00b54a72dd2f31cb04cd65964ac47ad5dbe4d6815377ce1b8fc783bf104e
3cf887afebccbffda1709bd4b9ecffba88c347af1b08545c845e8d203e8ecf1a
f947d2c7a109935a22f645e0e61b05a1444ed745fa98693c4df465823e5c2e67
1ec2a412e51a01085d87ec474f5b70250deac1666e9832c727388a9bd2656697
46d7beff1d73f39aca8ede72c89a6f577aae43cacebacb5e50da258e02763ecc
530910914d7aa708f5d0cc40b8f06c4c39d849b7d545a4fdebb6e2b860c0a422
e3f24d02e1214013067d5c3c8d912dcf70945065346c33549883ab1a4af82028
d79b381ee592950fc63f4e88c62512979bd1b29f17f08becf276463a9a6730d6
d78eadd308bc4174f7109b3f867be697ff81f13c4f479276f333e35c32d7bd48
b1c7cde1e7e06db65dbc6af319012ee53ef6d64cf45749e262a3d70c7ea6779e
1ad0223558b5bd21aa29e3966d5633eab0c4ea7d1b0f1472ab1a7aa3b0b23153
ddf542af3c4ab9f7ee5a3b2c96aa07a1cf98aa47c6a530ecdee48877ce5e6067
a53521890d5c101e396f78b3055b9bb4a9409d3127614ee8320ecd189e3c0939
9f159f7b3b51961fb5f177368f1bf8b50d5e55cd3e8e3ced571c1b38db4281fd
2d31538984fe4e5fa785214c16e1c6ce45c94febfd13258f655df05b586811be
22fd7c62ece26dd89802e50e2613ef6e80c13709e5ed6125c71180c3221fcb91
edc7f2e2c41798de13c12bdb33ea80ad9ff6417db50625d494c2523e95d63730
4476359d0fcaf1d7a2f79ac7b51ff644f1d3aeb637243f9aeeac3e3b3a3fa4e1
1374d0860a3a2fe289bd0610cced22e4401bf9624a7a33df8ba02c04cf1429f7
689bdb05e4e57140adc49ada040c59d577cb43aa13bf9a742d8c2dc154aca94e
5fc04713417a10e048d1c000efa76c627ee904f560ae130adc13f0e803612077
a6e021668fc38e955132b35e162d488953f6590d686172854e01fa5b02f88ed1
88dcb8b3612dc102735181e2f57387dabd26a5d223271859dce96ff908664ae9
1d6623317249d85f6009f84b1da07f09dd70b7021d691a27dd00a442292b91b4
b1ea066396d8b505f560d3da2924dd625c0c307aa35d50c1aa66d65a1e23171e
65dddf80df01c1eb071969ee31e08ae6855be7af314b62c75f6429a89437a6cd
e185a56e3a1f023bff4a74815d8325771396307a7ee3d141909fcbc0c12ca2d2
aedd37ad812f6b983ea255633c5f9eb8d1a55db95a44aeec6dc8126ab9b977a5
43fba90987607989fd533b63101b7e7cf3a7fd7fcf38c738804b9dd61905f3b1
86b86ebd7538dd8e9d4f72b3b2e2096a709d0407f7c27a760e3cca27cda35446
adba7990f2d8c5e227cebe77a7bf5654c3a1eaa13edc64861dfa6b510aae8a69
f5113a11a8b26308b20fca5c938ed8c631a590d476ad5759dd8f6acc5849e019
2fd83166b62a76b5ca71fd6ab35bb08eade4700cb4146260e111512681ebff59
4cb89070533c5d2e1ef77538e1cd0ff588d24be60e4f1047589625d1c41d68de
796566a3ca953650c813f82076b2512e03e72e1f64ce70790ff22081958d1f37
70964a9a22ceade7af3084f19d5b8fb2e80ce1dcce378bdff7b3e42499c36738
6fa513e9b23926c276cf73edb8d28a77336ffcbd88aded4f9e544a3182c07d71
37287d00d2893814e193682c8764891e5461ae6771183cba209ced6af4bd4d4e
eb6f68c20619cb6b53b0a1d7b5398c71f24aa0e7d049d4c786e06c8a1c2a6b16
06eb228314002bc382770b675c0fd29f0e451db8978fba84e688460486444aee
e5c8993c4d7fdb6a8c611e357990612deba013e6ae437e6644c4d4b05400bd7a
18faf6b421508bbde22b428fefebc2aaa93a6915e1a0f587a21b6026d9e04933
787fc07a287166addb841f25d06d30556da732ffa8f47b804e61cfa10ab945c2
475a69dcf501bb0b18a1770e2cd73d0e4ca8b641d5149a73e1e1e93c8e6cc520
ea17798b8a350459e2dcbb89bce4ae1ea048c07c3048b2ef2094dde7ce788c44
0ae1d3534a4f7cfd406b2f31025455435d37b2de31fa286a19e2f956c83c8f1b
5f2cddcc5c40b8a8061b3a48e338caa021ae5dc7242f7ef3dc934cf2800295d2
eb3669d5c0b093b16bac20c73aa4f0dcc80748ca7779a106f8ad05c2bda6757a
17b9f15d264303a2ea454f702bc17f213a4abb9b029e32785e6dbdd6f0ed0a7b
b74d9d15586a862835ba5ec1e403fdf4a1e654eade64a511c22a066eba28b864
ffdbcdce6523e2d04b034e86c618e145d2bdb5389d98414a6cf811a4c77feac5
4adc5e6385de7b99b587fa98b6eb8d4fb9b345f6244a385f65797f8866360c53
fa0dae10026db9beb409fd43dc9828ca5641ce90b31b761f3af3c77cb70f2913
da45bca6a322ff6e429f0e34f0c387a0a42e61941215c61599bc8609ee71aae2
e0b46846fc86782d6bd2c3422f519c9d688252f100b1c0b39e6f965ac76710b8
8444a2a14b30e8e7efe71b2fd6d91dca8531e127b7f0e5492e202ac8a775d8fc
8913bf7405317d09c3cea6e260834d87e0a294619f8f28a3e73c13301d2b9d55
aebfd0213f5d4062eeaaed4a1f99fb6e575358b97577d5b84fa8d097f14f9e55
7e67d08364df35915c9661618fc5d58f45ca1933efb4e80ac8733e2d1e172739
70eab065f1f4d4790b16d5abcdbf6d05cfe1cad6a7c5146557ac9ee698ca2444
b90d464c0c8ce642e6f8286540cc5d10458bd8fefa9e582e665e90f2641aaa06
b37b49a55ae2e0d4c23d6c8493b3690275d3d5455c0a8782b34f68bb61c44ccd
ace19473832b7e0f45953480342d910e6b5a1e288d49c744a8892305359819ff
65f53a82412a98df525406252851c9a62298a81527e71a11b125db01b22376f8
db37525599eee4132224482c580111a8be808d439649ef151682d27a3cb79ec5
a6289a0349f61c9890e73be4fe71cef0eb9b6d2d994d9969f4bc4f677ba36bff
a3ff48cdf22cd258d9db7096cad5b5f79d1ba9e6c82582dea93e730089cec00e
6222b898c52576cc3785fccc205ae5b2f3f6bab9444eed23315add1a203bb31c
4983ec17631459b28f0dcb051fd23f9d3ca20345aa8688dfc40da587684362e8
96cf8e740654b9384ac816015f1c4a42a265105e5ed07f99fa9edf779738b4a8
66e84b33cea2eaf505328c1e8f7f43f1854b2d1ac57ef9deca97b6216e601417
497c11cc508d2d4342d714b5566d61b597c80b49c926e04afc3f7f10ef05eb0a
9534cbbdb5f5f62cfd0e6b216bf1eeca792fa11861ceb7d865184c2cf7d4227a
a5b8ccb379d090ec1b9936723906ef1c3c914efe62e88d83de449766cffd0aa4
90c50f17bbbab57e62c1d818b7123cfd588b27cd99e985f21b1416d2fa6d82d6
48ef8eb00e80df5b266ac978eec363e385a22b296d3f3e872095cdf782f7e047
64b56d53f371185ee2803e3117c67507af65b57f86c0284e07b06da380e3625d
be60ffa0ac44a9cddea73e84d7403a07606d88c82e034ac6e0fc309d423040e4
7034b07dc1421299f9902855f7ca494e5759a3dd449b905c983d62abfecaf3a1
bed9a08dbcdf1dbdce33e1c5f425d52d733d8d35d2764c35d9bce1e164941d16
24a8aeb8480a88d62f31065a811201a355b9311a90d7f6d76af39f5eb4b0ec94
9aca33d72c22a97f07ecfc2f3941f89fc7b3c2426e0e1f7db601f1dec4ced2ca
d8b6d7ea4230e665ce602a0447f8dac59861aa153c0cbdc5f09dd93c8973e7e9
4503bbe8a16d62f398e0440f0ef9d98dc014d1a75b50370a4a8c810cfe0b90ef
d10fc4a0bdc63ec6ba02d7ae8eda97aa1402f5a0050b8256771f60fb671abfa7
35307556ba472b86df08572c992bc185c10f93008b041e24309e668245e2ab43
8e5f477f80357459cecdbf87cb887e7f3273252cda2a7c678d39c7cacaf47220
420e91fd193856b4ba0261eebc944499375a3f0398d7ba0bb2c4ad97990999c4
a6767aa52cfdcac5f39cdf0da40397cb9fc6184e7bf1a3bb883f976303acfc95
06fb72ab0606c535bdb432d2a085abc863726bd875dbc60207d3fc283fff992d
09bdf596ee7adab2990ef3e27dfb0db38fa4b528dd9eb354ae36b5cae4712092
95d16f047bd6463acfe9bd6e432896c26d5ab8cd8c8fc422108e152b9ae746e2
b7c93aa626576eeffbc072614b78a8d02dcd819e48594e8dd28e2af6ecd0e734
b5c46764dc4fdd795236e4aa31afb84145648f2a538a9549547eeb4002e902aa
769fc0241d72121e8a18a257b3d96d6d9108e4f36e41efbbe5ee43ed7cc54a32
4340a3d4a077602c7a811b4adc5468ee92faabe0c50b9507fb00476137e19a79
0625436011d9a7fb59f9d861b5567946979a73aa6ffb1542d3ad95773a8b3005
8149307c700c748ea9451445f6c2b1a2fb909650d304848efd49cfdfa3a46c67
1c72052ddc6fbbac42044e8d44e29a20db95df1f1cc343a11ff0312653dce703
ce91eaca709e491e9e3a684a0451d5abe1d23a8c476115740b976848ff2a3fed
ce6eee320dfcb87f5a198909b77ee565e5cb591b506c34354597f0c87c626eff
96b5ad7dbbe60f8183e3d0bf6dc5d4f0958a3e4b641a3ee905298c4a26485e6e
1de87d0db66ce688e676d8bfe3ad0c42147b9c74921ecd4d46400fd8dbcfdab6
cad96d9ce4436d3bdfc0d0909297b96f758256aa912d8c410bcaeef3d9a5fa67
010da1e95670b8a3686713d3975ab347d49c2cc66c222766fc73d4706c9eeee7
110e986bb54c44157407c2dc427fa8050d961849076081abb66142399aa304ba
fa7b49c01b73d8a3b237f7a2a6f4efcfcc5bf449835fb4d3ec969dd97766c76f
db96e0c086f2babda6c38959ea49ce9fc185d1340c7614d7638523cc368cf6f3
232bf7a1fb83409a63f14b158d8a094b45b56da5a839a9c05395ba3db51f81fa
874a5f6734f8a08f25a7f4558baa71b7cbd58cd2bf79c214bae6738b0d34d4fc
05c3ad2b4104dbd7f0785e6044614afc3c97ecb9f69edcd6480c6930ce13e1e4
68dfbff63a7a7c922986d775a9c189aa571baeaeb6ac79dd248cc6b9ac6f2ead
7c5d3abc575c13bde9c82295c724004c95fb4af688850c783c615f7c95a565b2
9e94050931e79803e67e894c030a0ebefa93563b40f3ceedcf6a2f25eb5a6b3c
e80c0b6c1fcf5ed984b19cad2deee084f271d56be6c37eff7190ba6df0af4ea3
a7a6e6f114fba9dba1bd485fad6e0245880c7651757bc44941eedbde5e954079
4516ec13cd6e4b2c62b0578db744613e877f0e35b1dec3d08a0c909edfb05ab0
a23ea6f513bd3c199b708c4d43e45e4d5960282040f92046011de42f61680ada
cf9eb25d1eeff9bf11394bc9933bfa925e12bb9fd7ce3e3dc6fbd84c78c4c18a
364151e70e06faa249a1813b0f004f3f613c20ad9e0ab9d609d94de37706d8f7
1e87ed612ad7b5de23272497b9985f31b9b2ff1d83264978fdb24dbd0bfd7167
96f1c6543925cb4e540d3e247b4025e97ccc2b1eb5971034f03629c52e448dd9
33f404e54fc39636cae4dc594020928d75520b636de84a2ba9e3271254ad0116
9cdbbf0e8ef3a247b69abf1506816e40c04790fc7da259439929af4af7654925
cac1c5776410f8695a558c15150852ac483c0b7bacd738d07ef15759f58c91c7
d7dd80d717c0098b3b90281134e8095b0f535923c8ce84e78b425d1c61271375
204410692c9dda5217286e37cb4d4ca7138604c9e996029e84a656bf92f953d1
807025803fd132f26ed8f096224b070b6b674976a228aec14b034120d64b16ec
00a9322478253c5a29a8f8e91dfe3ccf6344a2fa7828ee49dd7ff1c6474aa297
881518d11ec3dfe6929c6f359e89f76a49e3d8409604d36bf09f853365556451
f721e4f42116bd18d51b46a02467e0ddfe3da60109740e833d00a99bf899fa5c
d8efaee72372fba7924fe77a4dfea173eaa9f9d4f78a72816ea16ebe74936357
4f1f50a3c02ad05747695db24d97dd6772e1ed917f823e114cf3f23047fc6277
ba0eec0846336beaeb4e8adbdca0707e8233dbb7309a111bd8e69af13298ae4a
ed3f8c020483b6d0529afef6fe5ec0cd439391afc5fb61f69b5d4f315c748d8a
c888adfdc55e3cd23957dc3c37e838758c43e3856b184cb4504bf483f0d39c6f
2b11045323939d3801a66a2ed6cc4257b914de9537ddd608359f101eb82e1685
44ae1d418315026163b99d9d4d54359d2a9f2aa53a701d4c734878ee78300ceb
6e265b1dc23254799d54f97805f4bce99056306c081f8c0adc57f3b1a665f25a
49bc1fd7035addcf288a3426f23e52d2157da854b686f7fdc7dc0edf708521f7
ecf5663330b2ca04bbfb7cf60465100725a08ec369c92c4ae0d9fc5b8f1de3f1
b291b093686e4d111135498f2ed72739c4f7b77c93d4316611f5231a55ebeccd
0886c2f557bd6316505c6c926bfbbf42fe3a52cf3fa5231d419ab9d2fa8e0ee7
4f75e2a65185dc6cc5ae49edfca6ee127676941ef8693ecc40b94d68e3ae2fbf
89de2db38ab5d91c9e76a47d6c52df19e71c4e848e8ff42ceff05dc51ead8cfa
95735406acc285ed2b260630274f09e25ab9e0cf27522c1a4e4eae611100b28b
7db41ececdf43ab11b6a078b3ffb596605657c415e30f65d2c74cf61a5a50b14
ef45847c3febe1db5ad207c1c1b7dc12a2bfd4f353766f7bc0a33eeb22c360b1
f50e18d187c8b163f32ecb4fc927bcc70025bdd5aee36b6ee311d245fcb528d3
a2d45e9ca3f3beff3266c26e13f3024ac2e508598e65203eaca81303470ac2cc
74c0065853ef2e902227a5bb3681f95fffeebfa7d8303d68a336b2337baf0a2d
93e1db935d3b53df27b7b3c048f303daabfc0258b6b3e96a10cc9aabd04b5b6e
eeefe1c5310ee12c4a05737d3a393fb8c8fdfd3289660237b284809f9db116f9
4a3f4e6312c78faf17df072d933b436e31e344974eca45b2df8895e01c7c9d1c
455ca30594990cbac8d7dba922503640f77bcecffe3aedfbb807e54484f903b4
2290c8cbd4b2a19ce226cd82e1740a9e838159f9a84a0900546431a446e8b056
620ef37fca4bd66aaae85bc4f49f93b9fe61c876780c43e6629a9cee62d84991
e9ca1d8170e6f81b6c5290cb27ce129ad7b38a3227218d7a79b4c9e7100317de
d1f1fadd224242e34f8537aa9754f34c74f9380a99fae901b1725fbce2f52ad9
bfaa5e8a5fb2cf057190a87e8bafad5e74cdd3ef3dce3fe134efb15119514556
4bb381d4637f04006935110591b0840a121a4b817029cb099731cdb0d564eca7
39b225ac65c2acd05c4dba5f3a63661d506e8a9dd979577babaddc9f2e3b6739
ad7fb1ecde5437a2ec3c882e14224a87c9c3003b3e032df2718bc3f6dd213ccb
c86a0d952bfd6a5135e9bbf414805c1c4a1e92f9406ed68b7c4e4085cbe0cf1d
73ded78b3df30261bd2c19a30cd129afa9a621069b89d2a73b6921695476c13a
b17b9437e3e0a8ba89c78e5dc69d0a197ba6736eb286204472713403ca1d00b1
dd27ab22eb399dc70360033bf3c5c982b4331565e00d1cc386571515b6f82dcc
fe5ae912965915f8afbcc75c604a033de7d80316e5911c17f1a66f836b7039b9
460c4ba2793245b12e3ebb17c3a5ef99bfab154fd222d1111db7ed18834098d9
77baf1b36352ca3b63f885b519024af64dd4195e7fb88e7940e68734907fde2b
f175544405a5b50b9d003f07360c2c2ee06ffd10d2ab8e664aafc03063ddc767
35e616893e514cb6d31f752a6ad94c2f22e1c367ae6153830030985c4448edd0
c9a491ca3f1396e188464884328fbbc2db969542910df2c2526c5bac50b71fec
70b61e225417f499b19a7d6db5e562dd06a98d6ddfd7dd404fa6c4faf5b99140
6837c4f9769a01e08ebfb6862fb52bfae74a4468cb50e18fa0fd61c24620b352
8d884d228810c4b24e4a05fc214b476b150dc20da8a0bb85ddb553bed83f5144
61de547fc87a75bd2b5d8ca68ea4ca319ed3fd683a6322522ea18a0a7a81b573
126457cb0fdced17542ff18216fed4ca84e1295ebd1b3b8dbaf44d57fcdabc1b
eb8c512c4fea2c71e1e7bd4beaa9499ede844afb0711b63c89799804f590cfd3
a0184df1d49dcc20d78bde7e2a45a6bc5734811650336c8b9991fb24a9800fd6
26ec2684a7460d2be7aceb06d5564ee47c34a5c29b060ae5f44d8122df1fcd70
43113bcb58ff9d6d0db7eab2bd9d9b6fdb766614e5debb0740818dfbac2d72ba
273b46696394f3eb3df0dec2e29ce97a50b098267bf5ba387e908560b7b44dbe
faf3299a0163fb7429799c5fce09c1f55a1d3bb7f2700d44aaf4df94515ce83d
e110f33b72e7e4df6b06c513643e73d6126d16ead37c1c39a815603bdeadbe25
de8fac7f8bee41255b804d2ec4a6fb8a96b3e6fd20bf8d8bb20bf7589e0b14a0
f9d868d407f73d60b07bf059ccdc0742fda6a9dd1bd904de18487dbfee6596ba
14e9faf712d982993db8173642cd741df50d55294d61f832f905ebc5efd8b74b
48b7b08168f52d212cd055b3cc3aef5dc5a11f6cccb9981f7a411cd6cab5bafd
e9662ff18d083988572b5f2c423838f56f2e79abf28aaa2f7b1f5dca49d5ae27
fe61dc39482f4f7ca56c8fc92e2cd5677ee5a47f009bb903eddd8c1e5cbca8b3
b0d2c09b4d9b57e8a9174ec0a2cf1add2aff6da502d5b950840b770be4309bbe
596ee63761dc3d6e88955da1c8bfb9f8429a81b0feaaf188a8bf106eeb0878e3
c03fe433b707162f8a749d2f68c54ae53b94049334484edd96ff4a581f145917
16844ecb59da1ed9f96bdb9ba422e8bd11767356fbd0c814cff2a6e6dbe585c1
d97791bf2d533c037c49bf2cb34fa5d14f338070f1442ce0e770223e5a0be24c
aa4155c803ad69b05e72b94011ca39f03246a5afb4465da748dc20b7c1795898
d5bdd2cdf1fec5af726237ed9f7f43c474a380857b76aaa8e17b3a0369a9a664
504065425c88a56582dbf2e763e22ee3452942ee2d1c415923f03937ac242b6a
0aabf04ec5cb18acd8c1ad4436d5134f32ada9032610aab8108a6af247784151
ab419d45a4775b8274e9eb08d4a301ff0b7c3940bea6574a8d5c280ad8c70f7a
3ec58f60dfe3d3a0fb0439862d94510d2426988e73d027431dc4897d491aa1df
69355a0a7b5641f7b0638c7edb974dbd24ffc7c9fb77f7a307256d25bc7cc0a6
22e009ce5c5051f7db327d1683036952f68b3203eb5607423267f92092bb6a5f
f6b4c8ff315dcf6e587f79f196d19a8634c297da5ef03c1263142f0de2a7adb9
d7dcf8d3f0f25c6b209cabac3e0c679cf4f462450eb31d44119679eb06088271
77aa1a445dfb0bda179aaaeb71ba96bfe2511c2b39333c1ff3facb91abf4a3fa
396e3803327bfd0155bd0d79b4fcae9e7f2309e220266030e59d9cfeb11642c7
f49285ccfcf485e27d93df9ae485705d62782eaa6fd703176b704f34c12c595a
e731dae091992b7b34c6e8e0eb21631ec1888b34f26bd327ce2cdb56783ec527
9af839b30290896f2a6d56dc1310f481143d57d9903e8bf4500ee9b57efe358f
f449f5043b887bd2c4b8f45382329e2266687a8362b95ad15f62775f0b151d8b
422a505f9d034ba8b5eb3d131f21cd644a2d8fdc56d560ce4915f040168d4ffb
9c37ead27fc58540efaec9658b1a8f9ad859fb6272f7f026fed23760ec019958
9e9e1b6b57de1b0cffeffed8cc25a8a0d40fe40669be0cfc00bc116909b82038
e8e3592a0e9887202bb9beb475fda8c92a3dc93cf2e88c83c4f28c85765df54b
96f86ae66bb1165861da22899e10d63181b4b449393cead3b1393f9ab9dfbce8
a59e3c31f79fba2c1ff62b5c7cbd74b07bf4de8e680f1de16b16f3fff2f49ae0
85ba137dcc873afe7b4cdef6a3ab4e500ae6647a5448e49f7b9b59909a933ef9
4d98033bad6146ceef8edfacb1adf3307be11a46b9c1df92ee61a0cc11e9ee94
c84673b0ab00630e66dd9e3e49b2ec14124deb3b02f3d218b2c8ccb776f6fb9b
cd3a21547db8294fa58afceaea9a6442554b5c4316d6d3f7479890206cdff389
3ff59376fccb9d5fb80929d7f66f9dc7e7159ab965acbf706b7bfda1743b4ebc
732d81f21acbcef2a9e7988738c4972a2daadf74f6f1cc607662b37cb89cc724
cc8264a8d1e6401381680340cb00cd1a66104831a5f9c6cdaec5d8e5bd744490
eff624aec0d8255d1c3e0cb056fe5b16a821f44389284b2a50d03ac937c532a6
91c4b3033e01fb7093236737f0a4e78c6fd686c48fdc50bb306221fa4e1aee28
911ec086e93107da9d42a4b8987866b81fd07d7cbfa647de6a1f7f15eb803b37
c3c55252e4fdf5bbb1cceb12a17b5872ff28c6c78826144ae5183369df588df0
ca70a6da0363a5adcace8e66d21ac9e3905654406c95983109e4877d5e97d4fe
63b6ea8fda9d976a59da80745b98f30125b777a7e82ba4763b72ba25dfdd3811
624f01cb3009446dd40d991691ebef23594cb63de6f900962c69ff8d2354933e
7a4dc0514247edcda63c75a0b681f6ac762d9c78eeebd1e0d533d264245052cb
3c3c5c4de8e2844a710e47afcaad04743ba409b433cc5f1622192c6fc88da1f9
8a3f50ce33deb037d527daa988bdee28aee435bbd18a3f0a90d89cbaa6be6dbc
248e81d37be8b574009b588ed47619964880e0b9b3e3c84b06ed92dddb62897c
265c5acaf839d83c6ba4edba38e8678ebc9f03077b60db9921b16297bd415302
c0b9c0b1a25c017170aa2300dd33bc3a09ff7aae479b40c74e0616f7d61fd195
e0586cfa4b2f228cc482b283de8d2bc5c3ea00604b892c8530b86bd563098eb9
1c8f70d7a64a45b7514b553b4852180a18c8df869a41d1629172390c5efe983f
be7d02db1ea33b88df8b426661fb3199827215f4afc974e7b7c08df2e547e0d7
46390b676a15b1390810f41c0171a6dc77a756b214c8066ca8aa48a10169561b
7955f22382c46c613dad282a7676b032c173c33812d63298e77e438fb9891c24
2184ad05514acd9b00142225f32cac84ca42f928af0a43da42544138bee20003
4c2dc4da324e5956273e7eea6222aa13d21a1d605cd4af1efd01fccd61d1f309
1db633abfe580379ecdfe950ef34221ec949fe88c3c1f48d31a3d51c96dbf658
41ab4e2c9bf3c5614dbb5b3bf3fc0d6ea9db73287705b78c524f1dd6755956ce
f159d210b2e928f3287b53a6390e9f32baf2f4ab7d0975aaf8b36dc02405d697
0629aa104e90e9bd87bbcf229cef66d453bd59f0cf0dd73acfbc5ec03fd476a9
1889174cfdb96525ffe3479a635faf110b15af5f6f9b43b98567a554e5557b8f
e2a909eb2665ae42d9425e359970bf00cbfecdd290b7d3aa0c009870b0dbdf4b
0eb891004b93a8e5d00a436b73729481fc8b5420dd4b1bbc6a08dcc0ebd1b38b
4199b41a9b6c58fb7c931124876a4d72bffe1f2f813f4adce8b8789661642141
7ef0b9ac5de84d9eccf41238db30776346b409f0c72690c65827e352d0395867
da88fc37a77b7d091e67c56b3e292186b431708a7b89339d1ab56e404a7bac1f
a30817936e39fe4ee152b457cb776c44b4da615f4193935ed3706d341df0c13b
3016ce21d59ea4d108c5eca2a088dcead0518ec0ecde5d8ed31966f1ebc36ea7
e3b7aa46564a099817199add6a63d07e0603dd95585801922f497902d53a35f9
a7b8730dc216fd51924943780ed71d78848fe3878a9c676d2014777dafd4aebe
700a76c27d53fb9227dc640ff4f6b4407a191dc86a53343e3eedf517204bf360
3c91232c3d5c16b3165be1be1914a69a9a9396a3f8d145b8d1f82075e44d6f2b
9ceacb10b8a5eaceb60afcb43b9f3d91352082b30564cd558ed7a9ed3c81a538
c66bdb7403323cf3b5669d718f31605cffea8bfc6905ef217d2d512a846fec95
edf86690a0f36da2f43659f0b18f0d23c3938ef815fa554f09a6e5dd0b1475a5
6ab9d7586e75476c0657b3636420fc256a194d5db6295b042d658001cf3cc75d
a06b8cc4fea6460e19490b95609b46f800419f27d130d9e163508f82fd1ab2b7
65fb5cf66a0bd90bd9f5443873634ec3117c51139c727a3942a2a01afa6a7fab
59a566920077bc0b067e244524a00cf93e4a82ac4553ee9330e1516b683c8a0a
9c8967bdf37c21bdfe18d399257d06f433db7f3d7fa6d9989a81abe35c61a382
c88bcbb9e297707c7508e8a82b247c051a5ab0dc2fc4e2bc02c35b0e08a682ee
d909024f6db54d7def6963d71fe64a4852f5c11ce1eea0e48e950d22e27276c6
0d82870060755b2d24467b667d3dc312fac9a5ab8fe246d6e9c758912d1ce72a
eb2e45745ef0ab01a777c183798e289c66b16c938681b96e3d9b032ef032a575
bf948513f6f89a71dbbf62cc273a49a3a64a4079d4ccef6e545c64ce937b0f17
acc24a81a022870b8c780e9658c1fbc103259f64db578a80c249eba0f4e0226f
e80abc65d27571dfbb56f9b69213d56c4c028961f4b20b8a2400c1723d53a60b
7161aec3d9ad6b417852f9ed294a1acd6dfaeec3a5dbb6b2dde26509d8ad409c
6b18b39750c3abd1ee9bbdbf44b0a999cb87a98ca7c8e01b4cce3504e112bc2a
820a4ad5915c62df2e947763947b37fbe9b29db74a7f8f1ef46efaecdd8aed9a
579e52b1c6ec9a3da37bc5b24b21292164a7787558bb3d4503e995b659221f2f
4cdcd609af861ecc8abd58529943ccb7cdf604de29d56d7075de83a67a43e4a2
0a7849b678117514118db8b5d8e899bc007b57224211dd3662d678e58e32f49a
8a5f5bd9b1bb44c6ddaa7cedefadf16c7614332612ae4ddad76c7b2653a3bb73
90d02d7a6b35227832a6be5930f3109d7984888c4ca18f339cec3220e926a88c
edb80aa11b5e2beaef3d74053136659b397e703b2e107244f1a88b33685788de
323fa6f7830a21ae39335b46c3bd86426f621abd1ee2919506afb925f09bb34b
9dd3cee5c1a0a1928d1f34135fc8d6af6d69e6069290258b4ac0d48822be5e52
52d6e0b8b694c900e28f93f560458cc654df57e4fe153e2819951c80260f24c6
a248a0eb2793ac14c89fa79c79ff0bb1dd96fffcfa081a035babc63d07c7c903
cd7302395f1f94c317a8dfa457536f31c397a55800bad03bd35a98840f1bf527
db27a68609ce0ce81b5bc2b0914d137930f234ffa9050f4caa835d0787a72cf9
3b947c74790b21872ab607fe8d05e542c55acb88b37feac74f2d90dbd8f66ff3
b1e843728d6bc46aca836b64d5289c3dc6903e1fcc7b5b7ec88cbb396edfaea0
5197f053cbb4311e8664d745ff83e074f879fb7b220c5e8db6a538bc1fbb654b
f3cab654daeff0952b96a0b4ad1f6fd21a937863737a6a96ea113c0aeab43145
40a20c3c01c17118f35d470291a5840155fda4529112992d7042b7f2c7b681c9
697363ef3dea13602cd3f8dbf8768720b04024afec8352eb1f905419c5df7217
f8d737eecf194dabd56e12447fef41bc974a5824cd1ca8a257431f767a0d93ae
9015b378a73451e01813c0c631313502b23c1e3da21eead6fc7266d13ed3406d
a91c5ab0eca0cf0e7a746debdaf8e222451f48d23b5708245dafbd639c94884d
325923fdf28fb6e364f619423316ce5de666fe6f293308be0e4d9319103f1045
8fb256c0b1d0bae8e3d89508f416c9d803938a5e5fd43cf61568ad0749158cf4
25da5053430468cbd909c39bffc6cad40eb75efee6b1c70965f4aeb2a70c78cd
ea7aa9f7038ffe6f36f6c1685777b4b91745ffb664bca480a65adc705b67dbcc
00d5c6bd44081c5947f6ec5b6123def50789b26ab994fa19a9b69a1a63378696
c8acaae47533e3b45a4ab1a547841b8a9cb2fc227c4103edf24b6fe8320714ba
cb916d88c353f9a38fa6abbbef0742220f2555e9e18629ab28dd58182f41b2ca
da38c1c5070394630e4857aaf08c102f61ad16f922f2941d77946e1c338e9f63
ba64f3a13dd1ccdcef460f17be3785dbffcf9309406267bd72a4efff5c45e2bc
39ce34d04bd56d29dc1a31c7181846d855a133e6091ee1aaf61a056718e99667
1f83b61962f9a91987a521a5af5381ca1cd31e89942229a7f700c7ac3f9da1e1
804d41940461523dc77f838d4ca8a58b99ceaf22e03b9e13956fe2e7bf9c9497
263c6c36c483508b3f249d1f6fcc98cc5c65fd4fa098945a5816d05eb0dff572
be63c01e168adeb80cb3ad955360d59265fd74370a202dc9878846fbc4d6f311
59f2b888ddfd200f87dfce551ca7975f52728e2efb2cfb29558bf4d16cefbf06
47372b8beb799ef59166cb6a8eb6ba663a1550cb455649cee61e009618d4f394
a1cebbaffb525565b33d988e192b84a9551f628650feb16bcaa89651f40764c7
be94e39a54d9d6a73ae7cfccb548fc7a806abcb192f1db6f1876d9689dbffc90
b5c09b7eaa43fdefc6e71e6d5fc5333d90ebedd3673f305622a49509d9a018e0
e949cc9952aa2608927d6759cdc5bf72f550dab8ee479d39d95fb651624f77b5
866424ab6e84371f588e02e6f052cfb541f29c97f0117541e232b2434881ea8f
f1c09c20f91a5620052bb0578b9ffb384f16e67505d13481026fd59b9a433e5b
1b10a6ad17383546dd46642d08fe04437fd13761ac18a5a902b74983e519602c
5512eae968441424eeb9e5acb55f4b3fbeded2a38193f51055843a93b3cbda73
3cf7ab9150384a6e0e1f68d2b43fdbdc1730e746ebc3f5a7001c4c4a35ea4866
2caecfa984fab6e579dee8ce2d0e5dc326db6c697e5fcb16819d7e43b625ab33
7cc8c53b54e9e58334aef9bf140c446f7ccf6f7beeb6c858eadac3366e462f33
b0921745b91a958852ac9cd46b9a83e1b1f09f41a7090148b4439b6bc955877d
669f174c0497f45bc07aa3041891221d0c1672c4dc160306df40504dc20f928a
92bcc9172dce711b2f810969c0d6599c47ca31a67bbd2ab442047761007fb29f
7027cba5f751681fedbf55c61d2fbee40971350a1a008468fe8d9a1ffe2b3bd8
ffaeb4113cfd5ea7bc9171595af5b7cf20bbefcdcd89d01184b298386afd97c7
5ddeb15760f66ef001e99ae27774e0568fdcea75ac5c4490367c30b6a07c9213
a3637572076f5a81ee6bfbc48a3519bfd1551155b4226975c72a3b7c8a3185a1
39056451bca6984cdeb043b747dfc2efefd890d5501236992cee99bf050be05b
188e12da4aaa032a5baf961bb3998f2fddf133991b5acc872b7c031c920b461c
cf0788e2be5dcdf7b1f0b8282ab20e0c55852fd6c85ca0a52af494863bd6bd46
2402e2a7ad75e9e3edf0fa9a0a0cf19ebd56ae87dbee3bb9c6a66caa434a5800
3c8b8c23a0d76a0639526ee70d46449ce6412576403f9ac6f2e5ca1c729b44a6
feae80a878ccd6c04e1cca841ac4f4715e1fda5f8167cba628d83842244c7653
328d7fa7ea3456dd0e05da407eca37c7facbc15ce6320306f88f078f2c08f98c
2de7b2ccaf736b5dd9ff3f627d01a2a2253884444afdaf6056fe60788cefd1d7
7c261ce783b8b87e3c9ad0639cba1e6d833508df101724a621b916c0c9608bee
e39820542ce8608c49f574e0e0c3dd66043f1a23ffc42094dd0b9a14a71af817
a7efac8463a81aabc701674d4ecd87207f2a2a1634da093c3c068b9aa3c606f8
10e2572ccb452496bf1f6ad3e726ff8c942b48bf9e834b2ba203e72e98f32cd4
d1f2c322d231d5216be7e125fd6d8e449156f3fe6f41b4fdaf67298b2ae4aa4a
4a06da1f5ff72eb47348b9dd9336e8dc08b5d2a5d658f0cebcf168b54b4d10c7
4f8a8a7823fa0dd73cebf1ac2db5d24b7d5caef98dd77e9959b63686da1e898a
fc2a90fe6a4f76bbfd439ce9ebfdf4cf0b5ab134d3cf4162d8a3826c93d4f4b4
f51ae3bbf27beb62e3003f8e9120ac5a510dc4a4446b2d68fb14d6c0569dd9bf
0f2387280e93f5cd7cac1ef33d74ac2fed08649a7c2e85cb37f86f11e008f770
37f97e37f451f4a68477146f69381434b9da496f79883356c3aeb3fae3240a52
1c0be8f6a923c9372094b5099586293380eb8dec30895d8988d6e1a373b66e58
16a0dd55e6e136dd640bbcbf740cfdcf6335e156d9fd920336ff811ebdea7678
fca8d0234efad7e99ac0fdb1a92a02c56710ea91cb5906db7e1ce11084306ed1
5ac385c1a0981d9376ec3b6191669c636c02fa4cb986fd10858005c3cf9a0159
fbfe91baea57aa2596bc2bc079c7206c5eede9b706b935888c6c25585f8e0fc3
60d134343ee3b599d185c34ae93b9e2dfd5402eed710f36769d64f132c0fe9dc
65d67c87512bd583a48a4f82d6ebab5a62e2eeaebe1b1a5850cae242b97be981
88dacd5d457ba10575c1fd307f80ded7b17bcfb3027eb5f1e9226bd3c493851e
71b1f4bebbd90f92e43a2bab1698c5543fb4c28281678bbdf2736a5348f46aa1
a17449467dd6631f7b2fe1a7f3da70f9f7102dc2037105ac3fef80072a0eba4c
82da0975a8dda683cb2c80949494e6fe690ac30b775c8b3fdf1c2d51751991d0
5454ed5d68a6306feea294a05e748cedaeab13630ed829c604efa002baee4b07
518d5d2b37a7dae1fa9556e246f94aa8e4f258d5face6268757e24bbff5afa5d
1f1eda3fee8f835821d4e75ce27beb090ba4e579b5a3cf115e000124221bda23
f2dfd997e0c47dd25e3c6b701ddca074ef437da69521d4203ac4647223a51efd
ae474e4c091ed6edea0e6932c5f819878e0dd1fb1f935c7549cca9f2be001137
d02b4c2c47365feb5bfa174472e821893cfd2c0392dea14078d84c10012f042f
29f163f81e2652f78304d82e150092b27f24ce2006695027638d61e16dc70364
69531a417dd7a8064cfe55de3558d9ba333ccf8f192b1db24ca5eae535b4dc8f
03336b72aebba298370631c1311a81b96a49548767167b1e48184c25562f4c05
e6d67057e25b225ce0097717265c8aab83e15fc4692a67c048f1fe3555c3e8f0
34bb42285af464b69414f84dee40570e38cd02fa631bdadef7e8fa433cac0ad0
0f12685712d704d6dc7f0ceb529c0eaed01cc6158f5b58f8274fdd214bc4265b
a08e75e90b9d5bb09f68a77450d18d52a36adeba3e80eb1a39b63f2ddbb5d50c
f7d42a0ea0e21761c23294339540ca11bc3a68ee78fb32c6fb2415e8d7a6513d
5322e8455cb5b59aa20de15398b6aea9f042e29e715ceb56f3692db4e725d1d6
bc0e85778214e67bd660e7f0c8a4204fd0cb08482154e8f59f8b5e59deac0fa1
d904f02ab4670746523a2f26cc460f2fcd79a3ebfcaeb2d7d325beac0fafbf35
b310b8712541225b0e340c46565c46b5a2277fe99baebf1e02fc692b97727dad
059a4646f9791acc2e44872cff59f06efcfd05de55f3394a7a2f259e290256b7
5da1930c63418ece1d284191b6c5f9ddfc92db051b5caa3f3283ab1a1d397b76
7c38ca424cabd07162f94cc74261f039556187f13c343f5de6f6d53f7385ae6d
024f221204f7df8fbdc6c841a8c09c9d66a0dfe14dba999dc92fe75caf40554e
84c7ddbef6cf933a75458dd7d34cfcdff31aecbd9bbb5372fef26944541b0ffb
e2329568fa6dffdc9ec04003de8c329f3927166b92c7e6e97333d829b2463641
7503684fe6fcd9c7f68c448763e49d5a80fc2bc5577141a204333f3af5845203
02ad2cb74e48da330266689c6e1ef7ddd557cbc48b6658dd7aa4ce07f103b051
a108128b27deba7ea1bd47e8589479b796728367f75b1d353c899502434c606f
0f4456cde458d627098efb9816da00758ba7081f06b1bf2a373497bdb9bccadf
398da20d0054952d010c3a4329fff989a9c5c4dcd9d54cf178a50d8fc6b897cd
23442518fa3c533b71899263399b95ac2a0c6a379235aa33e9480d52dff65aee
514fb1ef6a6786e4cb8d2defb7faf892ce86da9c1e245a2add5b4670319c5c77
1e48aae59c5df844452c46eb55721045ad95285e73b670307158c59cd6979a26
2870750f6c4e137540f930c133b32fa22939410b4d6446c41a6e2fb9d8fdc32f
86bd444d2f3830ea99c14bf0439cfd98c9272984d0c66ecb89429207c1eeacae
c26b3f811a44c062d5b11d7b5974612b838e89dded84b79dbd0373cb0e3c764c
af11e1d56c287a4646c86bd47ec5d2fa29d03e87aaf44f410619c9217e181ec9
c215275a7b4017ed707032d5524ba0fe403dea5553901cf2ee636ea7647d8f28
b496c8d0a788da82aaea30e4c93cd8539cb953a092c9b8f8562527a6f0ae0a8a
1bb2a7cd9f9bb438ce2fbeb6cc0977bf0fdbec7fe079d42be3c2b40c76c7261a
83cc69b14dc91c386ea03ff20a6073e8d01573152df59e733d0abbdd2ae97221
efcf2637ab454aa656de0441270293c7e6339c2277a318b247ab632bdd405fef
e891a4744ff65420d93c080d2b05f42ee596d5f19af93abcc932dc2554b3a649
d0cb4368a9e145685048d2e675b367212c20433743f64f9db232a9b587442c16
ce1987f36f64a5d2078e4860d9b91585c721c930843b5b94396d0edcad6877d4
8cab37a2ce3f39b31eaae764c759008c9aefc812f5f1a0aea2f55810da2f2530
65d46515336bc307f3980ac5ee03f4018f949d495a5271599ebaaa8e41d1c9f3
8cb200b220dfb2ec5c2978323bf53607760d619c7997987cf34a70286d512392
083970bee00e50d53e3946a672304d56c17320727c106e1efb39629715611be6
0d816983fe4af4a7450068d5aea8a2730863a6a11abd66246cc2cfa7508443ca
90536c493d57a9832e1baeb1e45d6756d7db43c4ba88b0237aba86fa168826cc
f125e980e09276c957b3bbe4715edf71b66db751493ed7094075c97b3d2af967
e11fad69c0faee16ab1c789f52eef093addb3b4687ad5ae6b26831bbc938c73e
41a17f5ea7aee30088e4c0efcf7e1a37e3cdd742dca93abbeab1d71e47edb8b4
93e9b92e8c9e884feb9d79ca8b3de167cf9a1ed05e54ffc169cae0c2eebf3651
990859ffc3f0007871999954d8f2241c4da9dbf0e377c6e2fb5333baa4179415
7f16e22a635a98e09dc0579f3f31ad8fc36d1f1702b907c2a4b3b9ba44bdd42c
0fd083efd0eef12faadea3b742b0cdc2a4c19fdbac3267817c87939168127f13
0f2bd5927dede4df6a5df80cc5830d5496ad9877cffc69d96046112e1a0edd85
4f26f51748ea868ddc1d2076eee056c4c78c567c3ee292327412b89c10b1107f
2197929d3d6c0297490e7133453f5f315ca865f888d00eff3a70056a15d3d45c
4be06b5675733df3f273bca29df1dc47bc4e5d5c378f35bc590ac09e14ee41e0
ea343be1a54fbca544e04de91251226a3089509bcee37e7a470dd599a2a9caa0
a37304dd823a9088bdd12a09471924c2edc41527057f70cf0cea41a7d66d4610
553b10283163e976909345d33bf8bbec6c657fd063774ae669adf77a790a59f0
d9ddd1184591631c146e174fec8f96b99639c5b6795eddaacd4a03a2a61fcea1
4b920d8dc6d7dd6ba1d52e281d62c99c3461d98b5bf84063eff940a9df4ae1b3
27288d7dc536fe0bdf00375bb02fc19c887127a7e8f86e3ad7adc12285a6c870
a4f0cdeec7ae6ceb98ec11a60b26c25e7e3d28cfeadb61ffcf678dd7e88fb6f7
3e45e6b76a61ca8eed3787306b52ff6350e64f6d2733905636987b9f02b80446
8557d028a7c24acf5501e45e82f39ebc77274cbf2eaa380da13d7827d11aa21f
e2fc3897e14b03e2afab1bfc507ab46868b37a3be934fb2d69929294759b6b69
933dc40565d6694a56cbc64b22cc545946c3fd3d4a34f9f02cc7229e211e6238
cf9eb3e27c26e08a80c8dc3bb6ad24db9864bf0a2f84ea98801caac1dc8b5486
05cff6e486242f3559a4d90e461530554c2645108ecdb38c5da5d33190a06276
3637c4e38d7e45a2d0967784770979b252feb76bef98b1d04314134d1ea9cb86
7fc6e5f439127b30eab37f8b10b49aa7f836ca1a3a744cc84d439066fbed138b
0767120171d111edae00076093c866f67deac5404e47a8802905b0ca9bc8f5e3
fbcd220c4ae3ff4a2a0677bc7b0eb9c4ae27db25a1cb25d42bb982f9e44b14d8
3d1059d60fa6267798582c2124a96b703c2f971e42e2e1979b6a5f63e0fb8cc2
282cad9089636b0d5076a6902c480552af5391f195a4b2dce2a1d1160b45f67b
59accc960cd78d05fb50a9f5f4df58575d91917feb0f150dea6dd78e91e129f8
33a3394426356366815ae6e1bdfeba3c5cc1d3208a51ede58a0534e18cb37974
d2b938d285f22331797fbd8ddb12889814a651652cf63b9668e18062478fc8e6
f3acaa4f8217e52af96a2c8cdd5f3a31c0ff7f03ef8a8b2983efe469bf9ea984
dacdc7afb25898b1b2965eeb4db6b53e1a3d148b654ff63ecb4a2eb73052840d
47e60c83efc4130ebd2b8bced090d587fae92befb9b61ea689ac293a40c4e1c6
3c5853b932175aab809658873887134405cf9f603a0e7ae5e0182577e1f4a7f2
5985c8cd9a1e2d406ca492b7ca31dc37033b166123d9a5f790729ae5c4299578
e9b6e8ef239466e7528bbf9456e6db31db9a8852fdeceb66a5f877c379d777b0
be371e7a8b5f4fc2813fc7b5a9eee579ac6adaad902d0cc06433558e991d37a9
7d6589eb4040022fb51b7118360816fc487ec078ce602c2a25d47ae00f28bbd2
8de46f8df9ea484e1d796f154d8ec7e659a76044872d642ae6520de2b3248194
a1865185e466b4a78fe9c8642b4c242c131c9237774146a4507003cf2f4bff63
c1f3730c5f4fcf841c92fbee8fda1687cfa7df2eebeb20211e928bb3de5b725f
a440d05362a0642648d7371ce161715bf97e02efdc119b1abfd3d1eeb56d007e
6347fb37a564fb30dc9c776e0080031eb4da345772ce5fbb9d8048aa75e6e061
15cee82b4a9751a87ecf31263d5dcac5603711dd5e2af5d598c530b60959d4df
cd97cd9c9eed461d9b44294588e49475358058dd47023e13dcf24866b3d28de9
4c08fc3c0ba74ce1ba28def0b9b762f30751db85f4aad589fec884d1d587d979
87b4690e31acb6c94ea094ba633a3d42af9a48369f7d01d5bb4d907e9f54410e
aeb577510dbfad5d3d42a95dc64dbfe4c75fe420ce3d6293cc9ae248984310cd
52100b55a088cf2c596ccd91cd350fcd5d1380fed45ed4dd2aaaed30fa662be9
d4656ebbd2224ef79ddd86b97bec83c0ceaaa3462d449ff6e24f664019b60564
6d2a7c94e3946a39fedfd06239418397589f49c961a638799398fe63dd58689f
8b82fb7c0032b0fc49dce222dbe4ba3df35becce4d687482d4d5b3bad4bdb723
ada6985df7f017acb87bc6193f43f6ca1c9adde75b4de960f4872e0739217c22
5dccbfd242076c7307aa9752dd5d8a066857891c148185a678493cb4cbac8017
c3794470c80bcb740a456e86a3ebfb181635ab765c419d5266a2f9e1e8754de5
2a32e8edfa17aed69b895ba7d228632b2f9ed5e9709005a85a4aa0f6ab57750d
929af9e4c9c6495a9ba4d45c753b656cd04e6d661f257ba29c360dc3c033d95c
5991c892069a0dcfecde5d05ad0439a33edd1e99220a378d976e789cb49d1410
dd9a7028db0d7bfc1bd65ef7231c17a7b7c8976aa7b6878f507ca22426113881
8ceeac6f6be18a57adb529eecb9f913631fe84eb99b430fdbf69be32cf64ce7f
035fff35b45661ec97db29ccd019e6585ece73f549d23ccb847690d89e5ec6d9
fd3ac3162e5e74ec52e3b02ba80c57360770099f3f4c8e48465eca5f05e9b008
92f4635d26cf2dbc83ec23f58c406aaca7e9e9406c07b92d50ce163e1c2e8657
277df4780f4ad42e2d81f72a24ec75b5882e7bcf8c6ea2b097946400b0ef6e16
32cdcecbc65dbbda34822b0f74159ff4953c1de887a939ddf4210f45781d547f
5bb9d266bd29f2ba1a3761609e00ee668b8ff70d3e174b4c907d4dea95fabf75
bdfc9e9c8e3483d57138a55b131efa85e57074cb23a4318449b6daaf21c56129
a32eb3a21dd414cce937f5d5774c5881d4d1f594dde24f4575fb138f3a61400a
11ab3c99637b5f977028a93a923e60c898863cba2c85b0974a755f144e342d8d
30de531cf31c32ae0a3224a34fd77368905a1f512e9f57aacdf6ac4804985426
8585eaa5511743c24be4076d9c2c850487fac8b07fed5ef97873b98f5eb9ca6b
318e2d6ba6b05acebd22b077aa92d9d3d407c6da4853cf5f83d408f80e905499
9972f2d5375db0b11a3e20ec65f056807f7e94a114d374ebfbd7b48e6d947795
a93d079b8f6fce0f11a2cf5ff57bb7cb0cb8a496ad25bfd97110e1fc6623824f
e7ddeb6b4c910627b9c25f9cff36e9fa5e13be47031fa87690f5832773bbb750
bce751c239df4707a91a122ca5e7a6d057f3a862183ad4cab64b47b51f6c42c6
cb3a0791136bcb9392fc4d227dd1694e00ab7f0693da1254c701701394932a2e
cb84e67c13afca85ab0658f317b206c9de351be56de34690c58c317c4cdd8c34
94bf7328728721681a110ecab361bd78efbcbb194306ba3d4499b09393a3e9e0
54d1da7a5c6b308765e08180e825e474e8e72dbdf6d2ca0ed516ac60cf908a12
394ccf4c6b1f7d2fb5442377e44932cc63e0f3e257fe5c9fb3f490fa1753f39d
dbf6bdc1bb0cde17e61c1c307bcf68c7adcc2bbc51d11ad2f6afcc74cf1b7ba2
b6245bd702dab7ca5476b4c27f74d9bf1b5a1838e5f4d3ad8b7403c16701c463
52c8e916156ab398bbae71d6adfab440e40859ddc421006960ce0b2d7f8f8cb8
b313b1160a3dffb0d0ba42e5d0f15034aedf7cc7ad3d31b78cc07c96ba0bee47
9f2f1d6350c5bd98eefe4cfff6cc38c608180cb3fdca528d3ccb5792143e2061
5be50d1f1549eecc2bf3e99d33999a216c011aae12505f572736060df8436b4c
0fc9c79d29e036fa8524607d68d0045d33b2d87c2b55b31bd137443560044cb8
81aef8f4256572e3adc869b79891ce807c90c51a446db896066dd6165830b594
ffe720a4545ce0b502058e744963ef2b179ede43ddebe47e405d81a618eb507d
92831e322fa749b003256a5228f5c46639f56298dff081b849244107d5593975
050188ebfd4aeaf701113fac0c208e318266dfe67c4d8c34c58afc4ab9c2a185
413e3cef438da991d0244189cea235a4bfafce8ef3a9bc40a531cd4721aa7d0c
cd5c087e7b410ad364545ba4f60c03148214125eba05f3e00567806918c4c16b
45af9df042b84d18262ba652e4cf86e56ea022bcab82dcdb8f1bc243ca549a9f
f894df5daac46c7613aa7e5ed69514d5e7e538062b115a38a2a2653778121950
bcddda61c0d6da5040aec5597624746f1c4c874a0b10d1e7bc855f24cb9c44ed
da16186725d7fb7651ef69ac294b265b084d396ee3e6df0518016496bdc3f21f
4c8e3066580f03595b620a31a71ab39fa2b7dc0a585c41be982feb631ac6a335
888c25f0e8c5406daa1d232fa45ba26a51ef31d07cd01835aafed49a5e4d8580
e610ea7696815835a418cbaede864b969e5939a144ea7d95da0184fe329e84e8
0c3cbbd6ca86dab7c7ff2f7ec13931bd7a4f0536cc24a9cb440cd2d70f7cc486
125f44635cab83faea35092b1e6e1801ec01d1388a25c5d81ae2e8b248eb7abe
257a229b359fbaf8d9f69242430e414358d8a71bf4751928a5d4b66d12b5121b
c29f1c89d8eb20bdd61530dd565451e59a1bd4b4b291a9ac03f228afba3b935a
f5886c93cd74340b4d69ecd5871df34732c9e6cd6bb5fa7b35d3766226364ec6
03045153cb660c51c14bd42a779fa398fc6ec4f3d493213493ab8e603ceade0d
0ba6c8aca5edd7200b9d5f56feaf8eec43e671fc95a622647719f5ed6f847d53
b238411a0dcb4d06bbef464f18a62048e45c2ea22a690c4d2dfbc1ff8a3ce1d4
45a5ae205a9afec6068d57eee66b091370680d8b422e8b60ddccc2ba56d2f0d3
bc3adbc60acc7ca888ad9edde2e9aa0ff9d96b0bbe73f527f0f84d32e4a66290
b42ba7c6709c96bb5f52f454533dfd6765bc71468b5c10f339a2b59006ba0cde
2e138d7d5b2e37f463951e5889bcca0b24a8e9522a1c8cd9a99b514361ffc185
323f0c723c88f8d836f165093a7e615e1f73992c9c8ab118d4c30eb8c01db59d
83671b7e6323612866efddfb778509e899c3be05a967b8f8758f0a63975487dc
b61efd52ee9b9cd58618f80cd0e47fb00d5e6b5574502d5ce3905f456b4e51cd
83f32c9a80215e70fdf66a15fb094f73159caeb08d7d3555e889d2cf5b6dd560
d62c8b74c812f43cbbe62dbc92de6ed3457c98e8b59c0f8c55fa17192fb55e48
ad30cc8cd358fb403773be8cd5cd6dca0358506cd0b862e31a9eee5cdc794cbc
37c65a53b8b48d8084d76e954090d53caa8c6cae1e2e6f4ae03905e91dc69f20
a66f1a963e4dc24b1b8efeda248f970759ec7b1e2b10f2df3d10767b8e778e28
af4fd2b6975e2012a4fc49c609a34fe390e7634fe354d36f4f8466b4a21b8665
265a064abd09ba36bbe2388f042b330868cb011aeadd7ff71a47f2915e07e861
cc476c9ad14df7fe991d9947c117032da0c71a045eb8f678a3bd9ac9af6129c6
6b65ee51691cc097e13e50c08853f94e23075bb18d87e550274ea09cb54c4cd0
e4019a768327d4dc446143b4f13be7fd809fd4c02823cb3c755158e65ef06d70
566db1782ae6664e7066b81ff38329dc8e327d4e9b9c0a88c19466d04c9e424c
e4279b30ad3bc1c186cbc64d8fe6c525985838b03e341c2954e3fcef43e9af62
1d1ed8aa9ce049d7229538b142da4bbedadd543f687b7a4a76f6f4c7a0e4302a
a2647ce760e49e0a2200180528ba19ab1eb73bd5bada23d692c4aebf06304964
beced5eb7b2a383f130a70c02a4e0f7f0653d87e4fa8188d081ab7fac361cc7a
e7f610fd33f6a83d9513374a4a96ad580a82bc729d9dec306580d570ca34e627
9a2322e9cbfd93cb84a1831e512419f95bd9e119ab4559e0eab165525229e2ee
4b2977bffc62a14393bc2509cd95df0e484de6df0c3e58d6c28a3560d0addeaa
421123780142d289374ee4249279a7513c696bb1cbce3fe3e9c23dbb44cb72e0
14e503661cfc0d020d49abb1dcae70169a44b15df21158298a84e6f831068e93
a1acbfee02dc053da3c75e8256f4cac9ca3be46e5b0bb513b1e98de1f0cc9ef6
9ead43407597d73e0c4c57c7003f12c91576ecf65832f9e80f128afd11004cf3
d60d4d057c2865d92ce2e98b68386a4fbf0befa54f41010f60879ca57d6bc235
49f63e509c8c0933176cef7be83201a89f8ade1fabbf27282adb59b6694a071f
5a3efad7480bd5ae1281c422b2c49d09b2fb5955dab727288c88795e91c6e111
0e99f351dd0629a9bb28b496123d1e944330c050eebe0f434d3570007ceea33f
6a5bf3387f65ef24c841e9ab28a9e9d3d14c6d6504bf0dadff4abe29e5ba1928
b31b00c019b23343760444f408b6155f5c2e740a48b2cede4b4f0a00572bbd9a
b9935ab79f1eb2c8d0492520697e10f18f2ffbc832c32b5a3cdcdc3ad6ff0eea
a97345a167bc5899aab496bb7da99217e99f89d8e9cd0d9672d73467d3c3a218
eb4ccc81ad177cedb497964afd734cd70686a410de2841ff25c69b6c97c27e01
05936727004ca0dddab30094c349edc81f8fae27578fcebb1dad0dfee96cc27a
728c9026190d00d43dbdd191b5444b641c9105d5dc84d1447e7229168a47d4c5
11725a54ddf1a8f4412b0527b46ac75c091a2cb9899d07173a6606104072be63
1f0800d3003f3d2e506a4ff6acb7fe7c79c5c2309009639951f08ef41a533042
05efdc0ee50118a827380fb640628151fc1388e819240aab280270638c72db85
7ab82b7cf1adbfd27fa3c0956274928cf1d27611ac1370c9eca9fc18e9f06c01
82a9f7aa86acf3f88b05318c34d8f475e8e8861d19acea73e2e8be3c39fa2e56
1968fe24a85da1355cb025257f0b7bf4ca74c00b3b84ae8121f893c65600bba4
2fde5e0a166d34b46563f0e6f328b3639365387ae4e49282bef7f1722a5e6a31
e4d6f8fe1f77f2230918418a336ac5deee3e5b871e8e7f1309e7fc39397a3486
241e7939f5fc01527fe64e2a51a36405a6d370c406ecb7dd195765693fed775f
0cc9553114de95807ab675944727d72dfdb1072aa61ef7c7220cf35cdd13e415
3942eb3661dc411e8cce801707e8ee885be3baac2dfc6e6b617527a450dc4a81
3e8e0a781a276c6f7bb769d12667f6f3aec51e7c951bfba88b1a593ad7480196
abc27a140372043acddec3abda3223333913cc895d6252c101a4d1fe88c3e3ff
f7446e4ff21e69fece1442ec60a297a8607ab53374b5b2ea10bcc05a7789a672
ce9660228c415d8e1c2910666574ca4e15e51d414f9051d669edc59d7738362e
3da181704d70ec118e16d5af44e42590d8415b5011cc79e19483a97217bfdefb
7c28a25c0791951375631f8d4f207cef02625d3faa41ae627b2678b4585f7cfb
9dd49a400ee5857f363bdbb8650ec55b122dc78280f65c9e725e0932efe9e060
b5fce960d3405765e42fd24e661134ade4a643b8ab2c65f49fc922a07462bcb4
f86b9af08598307adf3356d8bbfb6918524a4989164e32013e8669437f2c8673
3fe7954875256fde7caf497042cc8948944f346f27c428ff02d0d38311887539
68f46fb0cd85de844ff808edefea56ccea4b5de88657394cf6afe766e040d0df
8c1b6d13352026096428970b5bdb22950e5fab0105553ead0eaa39eadd1fff61
8dc44366a14c554e15fae72b300dac92edcc113cf4018782adc5000648b4b59f
51d66330857a4adab5a431925d31d27abc7d01be85052c933df92ef72b37ec48
b64499983204850742eb279b1a316e7a00c80453424ae207efc94113e81e975f
a3ab4e1143ea9511b60e9e3a89f1f7cf3a86b6b533ae2e689879f6fbeb442af0
03c90942766643bd807cb3fbc7d2c1ae25ee306e06af30c565056fb465927a43
f8bfda7dd6881c80cb08231bc3b4337ec671cda42236888650e9eead8493f56a
9940b09e0dbb6810ff196c0f61c89c6e47dca05df6b76741ed881ff9dd9466d7
39abbbbce614be41c5b4616c596f4339cbb0e0b1b782cff35a306a30e0fc10f1
906188542e4ad0c2cb0f7987344617b71d4b76d06c3683d095520a0b484f4acc
42d7792c6cb6f68fcba77faf2b5c5e44d82c69fdd216c7f4d8a76e81a9da577b
03a6d796085e0962b9323d1ad5681257c688032bd7016eb5d0f602efbef9d6e7
8104f7ea201c8e07d8b9c972b8544abe323784f45d63ed873b78a4a39fb854b9
f6cced357d1780d7bc70122add15bff9a44455a9e7dcf51bd3c9d24c2bda3d4f
77a62979c239ed0ea9082b149b943bf871fe7a26789a8b7370a08ea27b93a26f
e9d6b318d926921898fb4f530a30af21d745325ca567e0c4575fafd14bdca1e4
05581dbb07d3bebdf02a08e3bd429699adf8a1e7fbb48f5449b67ab4b15dc868
94aedd61e5cd405d65b2d8a31f79c84de9663d9510ac9e9f35460404cc2f2a79
b0e14f2f954936bdc94a969dd4eab1ea1ce8eae2b7d97c3df441dd794df20748
0229bd237ab7640374b376fc85c01c0ded1df457ecf2924ae82d7e6cdaa09fe9
54440154a36f37be58fa213cd78da6d7e3d426bfda7557c43c95de1ad7ec5d4b
0e4c7a2bd0c3c6f99fce2b99597e45f4b6c2c6625f0ec07f7c0fa3c6e99ddc82
695336dde2ebb6403484ea37f16d6d6a7ba0c6c3bcf777ad5c15ee21c0e33779
bd9aa7efefe0a923c188cd2099b4dc675077ebbec9c614a188e70d01d66347da
63b7431942c45e84a3741d5aee0b5ad1974619101ab1fc7fd9b330e5d0f8dac4
619aa40d224fe35e9a4a29dbdaf4a8136c1518ec8d867bd944dd9751b56101ad
e377e3a07b10c44a630d99cf68dd10922c8bd312a365b486e6f24b8fb657acc1
0f9f8f7a3b8739377c78f1aca80c9db77ed528950a17cbb7034b1aa82de567ec
e217051bb242dbd9f5785ba2d77872771e775c1111a54adb3691a084cea0d25e
adb7260b605b03e12cd05b1593556f7f0b703144efe4c25655e224d6151ded1c
5a469e9fe8de375326900064a4a3c57d7a1778ee968a73d73ec81c35d6217053
093b1c3e1fd507bd76302bf1d09c1f6679d34b8c7889e32733c05a03d6b4de20
6b16f01a3f5ded596b19d1214b1a64505320f713f43667dbefba5a9e9ff37487
661b3ce51357a58baa1c513caed3dfb25c35526a7c3a6cb3c752f962c755e5d7
95c2721f661f7215c59bcc62008289f0c9902ea90ef01fc7662cc87991c0c176
b35f50f0f4f45a14ae77c8fc4c0e97964020fd6cfed1b611a64d70a720643a20
14be2ac6492fd0265b6419d74ec3f19b458c767800c86c41316c615d02424b3d
712ec525aefa5045058015c63dde45529042ed5929cf0eed986c3a14ad3df2de
bac97067a00a1c1d8cde2f045a61453bfe8fb9bd9d3f278ca9fe35d6b0d9f197
e20dd5cfafedee84806b4abc5321203d84e7c80a8f4b562173d8c00e1f8d4a7a
373f3cc089fcee18d5c3bdada9f78c81eadd44ba6fce975ba38833181de7c218
5e3813d9d91aba33920ef13f8fdc8f8c1580809b3376d1619705fb2643691850
c8584b45acc7ac3740d68d8d48cb8d621c2aebaab907da8c2e27e471e7feb08f
884478259ec0e5038e6c477bae17de0569032ea3d94269f5ffdd0caefa714bc5
45f379d1bdd68521e60ab0ff1fba05a94f9ef8926d85da095b6827828844a4e5
0240fb6dc186cb0b85f27162dcbc398fa4d4f6527b807dc15ffb691cca9b8255
6f4c04d8c287a0f004778e60ad6c260a30066e60b48ca88c4ad52a1fe9caf295
fb2a992c9f500b690348b8126c15a1ef79a830ca6a2e1f62cf7d6106487c4c96
7e08825e903e536f72092082beb2674672097af0913f58793386bf427935d1a5
3f980128fa994cb42eb6df96daba8af899b28594c0a19299fa61f6cc30f7e7a1
ce240604623a58c9625d7d45326b84b180b17a52e493e0fe8640a8fa54f55355
3900cf7787247deb47f41d730fc13294539c9409c28110958e491f99ed7cd0f7
23e1b623f51590fae6ad3e94e39a6858066949afea3000ba3f3bcf1332492bba
096d7e5ad3ce1d1e4ffb2e4ab584e1692a3525c0d41329c44ab9c1740e05b847
51f4aab98a805714651d22970e8488bdec3745c132bfd1a5fd99d27bc17ac8bf
d069482210bd7c67c3d97b88bd87fc878e3d49900418fe9e3cf9bc08a80b981c
d5f111f8043d9ea11e4bae8877f239963a84ab648379813f802e1479b7870e89
e0e374eb24ac53b33c3dc1f1da7fa0ce7613d662f51a1bc5a3378df0a4e9e588
dfe98b2cfda38e47d76282d00cd07910e127ee74e61a5e6808f49ef6250d8650
f394d39e5f0589951cd6fc6243cf73b18a4c821099fdc2466c76e6ecae82342a
0789e0e0cb9c6e2a4582c03e7ab303fee61af121bc92e427ed84bc216151a7b5
fc46a9e805852aef487705d9d83e0474383c8d6dfa6dcc7d9b11bcf0aea4514d
7b954e7a1edf499a106918d9b2871bf62b18d91eada36215c246f4b1851297c0
2218108f85029d170bb8227c2e203fde04f1a4dda597ab8eef1f0c1cf551586d
80d832c9309c03c95429aed0f9b25b28dc640d7cc9a2b517b1e0c005822bb1a9
ec016044a9ad3649a42f566c23e90a6d66b891e86cf674d2c2b211b3533ace7c
54b0cf894385956163f71f1a3ac12770854d281a6c9d51c96c50ed81997ebd81
6f4807a37fbd160b79516060d1fb8ec64fe8eaff5ade6c4128a9b55d8291157c
e4f5e22af50ebf615f380bbb514a9849e9a590069f21930b9ebd62e465c090a8
6c8c368d1678b9a0a280356ccaba596a551b7adfd24f86f4e56b21ae51147afa
99a65d192dbc0f9b25eb4c6f3e67182487318b040508f64267ad13c854a9e0c0
e8f703e662023df685ffeaa3faf49eca7133794b7ab0a68eda0a19122d4a0aef
290205b3f95a7ff073d56b14438989d2a5c8f7fe425c9fc811010126f9adc115
95cecad40099aeaba93f0a7fb23df0f5d7f56541ce72bdbdcfe18994f971a524
710a44625d11f194d283a38e3d64035f5d6bf3a506b3244337bd692acfc9a8a2
ca120b98432e9fcdf64fc3b67e6fd9bac6490f7f5cb8e72fa8c6b8f72e317e66
6ee585c4bcf8f08a1de1d32758388b77d8d113bec5b294e16921d3d78f0fe371
6a154e0851117088ecdf82872d0a2251d8fc53de655489d220263221731ee406
f2aec290b673845faab39efb0016a83fd01de535964b8bc93f328d1d84fba64e
1da8b2a08880ff3f173d4d4431b3a9d2d04b92a7caf709f2d217a94488af866c
7bc769d4440410a206877469ffc72e6e82369ae6752397c8b66476c2983d2b23
7bf937d8ca622ac74157c6a3f4efd56083481368a6b187e0b0ab276523285dea
be35ee8ac6ec183e448b209ce945a4b7a15fc096a0891c92964ff175d8c04b36
dcc977e34f519702eff060729fd339c0a93bf9c89907f3e21a4fd1e252b4c820
228761b18f8d9398b43c3932c0fa0dbf4edcb980f0b6d12b348c086797eaf6df
a679f8fd19f0e12ac94cb794f0af28572f98cc617fa6a23c4d231ce2a476a08a
2baa89adac777891238dd046900cd01eaf04722e225dd33f004eb2a3624783e6
f15f7f12578fbebb1936dd29d7adc8df41457b907d320a61757983581951babd
d97617d10be593ec24614178840afd615fe89926d9c6faf77b338604ca21e5fa
d7e34c907e72340e65075ca146e4d251cc6ef361d91ffd6c2629fedb66404809
a1229b95b00949a3a51b078dd18e804e2d3dbc0547d58a06c770e12265b9d4f1
1e15ede69fbff15290ba6804e497684761dffbae8e084402a5b663f6a20163ec
f6243113b368c0336ef6b6401de6c56d9358fcbb4cd6e1e542edcbc41a88d161
408d410f5b075744d5b904494936f32649fc38f89f9e7183dfc0851a1d60411e
3aa0023f8c4281ada73e47ebc7f9e04fdbb474a93400f6b08b37572135962237
19b825d596c8f6c3140895b701afb9fb8918c5ba4c4b4eca6325e35c215bfdea
2c53967889d1879a92076d6ee45ec064be6167d07d61c10dce616fde86cf2559
2daa1383f75016141849cfc26a555d6a0097ae4bf249d4a6b232b2fa2739a1c9
088c01060a4b34e3b046141ed32ba310523a7626b80d0a2bfc692272524e7ae9
082e14fd1c3ea65a5f9c487968ed0389b4b4e2f0833e6d06c2116f542bacbd51
1c97888145c4e430239f24697a606dd2d7d00b67b34ef6f378f86ab258fc6018
455d37d213defeacbcdf4653708835f90c3d3f544d2ce62b51d128503cc411bb
72dfb0c07f3c5aa087e0c54fcf542fe18479cbaafc59ce179df8b054b4c8063f
a09b4c3ae823ed162f5cc0336df5e2bda030fdc4224ebe19a6f2b44a48598765
bf483a5a1aa36b57933a4fbdf8840b4f3921961359f13f9393e12db76eadeada
15d62c496b50c1d07f6b63561c76f027012b380b756240e360bd11629428cdb6
bd496f5554301012ba8814ae6f969bb5f74bf771860c6c374236fbef9c1f3737
3eb083f433c00e24b4c7f1ef38f0a8d9c1765275d08c602aa0ce790e74d0c440
b1bafd42964ba688655e846d954a6571311c8692a8e1ed1f7392e0ebfd1eae6c
4b66397ba77544b0953292a4a6b498b0f611eb254482dbae88bca7679850b37b
6ba7ae27601ffe8fec229db56ed23d8e07ccb513223eb322ef7fe65121e037be
bef375f88b3cf511b3207bc51d40f8240348ae22bd8b5b10ca1f0269409e7a7c
572bf78ae0d0403398aae0f2b7e6ceddd7f49a74cd0fe45f883eafa2c4cd99d9
b57729cb1b38333c7b9e2f677178af69582cfb1376f4ea4b66b57fd9c730a4e7
684d125a03c41b0e8cb6236d95ba8a17b54488291b9b1fa252dec60a85dd4527
0e7c1c50ee9b932d2c1ae133e2b659548d354e1d09cd8defe490f3d01567e23c
bba50d462b9c411f1e0d5e1103b4afb393432337968dfae569355b92cd5a6807
f59202a4d73a464f1c0d0e8ef0a23535d9a9c1ff02418136d8e486fb41f15bd0
36c5f758e5fa087e3d8d23be5fe9f45f1411ce1e3e9e1f5e78682479a4852532
1f479d9342380115b6b8a148c972ea79e2caa9668d7780da64633b9cb3cefa3c
9405b18e52e9be8ae4c4734264592bead01d2232a0c2392b12c17ff932600315
25a362d993f2e6f13c1fb9a1d18026f18784c176eec8c9de8a14ada7ead86320
5b8ee5e4bdfe4fc71f31430ad68fa57690f23a00dd92738c9a53e39798239754
45655d3f061d84c2de322e1ab9813fc5ff9982d4a22c1362345bdf15b9950744
8da15155e2a560c980347788dd6ae6ed0a9cf5638f12d9cff1b2c170cd880a4f
5c691593f16042ac923549b87dcf4ba673c0ebea382e4fd7dce99b08d45d0a0b
d890f78f64286a467c5ab2c111ec5007ae6aa19fb91f2a4a7b4429d54b993d26
ca1713615991739dd37ab98ccecc8eb3ffbb521d5617c820f08e5140307d047f
5f84b41a15739dd85a38604963a618f285a29f13a8f1143140a4fc18208711e8
e1881108b52287f526695fe3569b4b957e96b0365b2247d14d5ac8009557201c
da4f2eefe49e33b8a50cd4bb86c07918f225c8fd4fec93e85a459dc3a5d1955a
6d06c9e766809cb3bae0707b10b8dc4674b64b9b577a0adb412ba1100b7043d1
9e5b762714a0d5718d86b9f66f09e320a40142acd1e3226a96ad9e9015064f79
cf6828fccb0d7737da2a40f0da7599f5948c4c1477bd6c3875fe02f849f03250
ab1f123493d7864b0d7d2cbf5d0e12f05e8029e6f8f0612b46542499bd9466fc
a8020258a5783bd3ac8b33bdfe8a28c07fcae2a78d308dd5ca4aab8c721b0017
96ec8115514140468c665809e0b71092ecefcc2c1b51c5117a13050b50c82674
f6c00f428e9c3d24cfe153b42a7deed730c02d79c41566e316c12108e8818ebb
a10ab87c6094f4384e1444e54c720996c5c95ea367d1edb0f62d0aa6d7af5867
dd5645d5cfa4433e8de02f6dd854cc8e6ef17ec86ceb5172f12f7e97d2daf793
258fa13ce0ed6a11432850c50d9e9378574fa90572595aac317afb24853d5dcd
6a4563c5f086d0cf2aeaa8b13bb4c87b7ab1bdec7ae42133599000b400790aae
8a26d78c34eff399b665c384232010ca2a42e8eda3fdcf5b438cf1e3e4c153b1
38a2be45ac47e013dce12667db13958f54e872b55215ec33181eb13069ce825b
3340efed8663a33ae05bfe7263f3d202f1b89998beb85f425c7b528b2f94f9b9
7ba67682bd89218483d3e9f085681b3bca8995c2e87c69fbcced48b8309f4b2b
b29d147b8f1bc3ad66ea35ee687aed02c128ced29b4dd60d32408cb9d4146395
a4a6c6c517acff3115c91e7e1137866a7ff56c471605783d4ad8eef201bf4ab9
e8738720f61a9a17ea450850434fb1dc56a3e818cf1cc31b476f119cc921d71e
d12a75e91977033e55c66ad60e74d304dc372cd7713952c92ee4a6980c6ca321
0afd29d90c56bac96c1730644aec1d78248d38d5020bdb5eb822be528d0bcd47
984d1c36275eb7d6c65cfeedb593a17939afb3c79c578d31072388c31cdfeb71
08ccad519559dc3b7cd2b6ab8dc7a64a6eb285098a7e0bc3ee9f5d602251f94f
17a982edba6e768bf2dee1e0b8a29e95b752d61ee9279093ec461b97660b64ce
bd1a7531b3904da7a56ba019d14f02833cab1272de08d537183a47d1859d16d5
ee79765e2bd7a64e938a251483376ac268efcf30afc619fbe3c665c843e771d5
457b2951ec758212a71f94429b6855d86d356d2bf046027fdc39e929dd776e7f
d499e35e1f79865030959519d1d377e30b25c289dd851e35eb3a9fdcfa9acf7a
b871e83dc91f00bb9da9aaa3adee25fe7bc8487df70272cc58741030da9d345d
a8f3bff0dfe3a1034cafa3a7fa95d4aba22eafb58e4a8afe32fd7dfabb7ae181
93abe62953a4a96651aa476057358682e9796e981ae5b27b73d92d86a1faf6b3
f7ee76f1f77bed57525a39dfb6950865f9246edff2291b6f64771c832d5a6da9
ffaff9ef0114e5802dd973a17489e67bb25c5da72b9e81419f813040a9543c37
fbcddff52f12372b0124b8e541844c85ccdcc4ee1241433710da45afa3da6eea
5cc8bfa08bdee3c5bb028380ce41333de4b910178b89667f97d8eb484c13f30a
762fd92f8b8cc9440a2e558e23470e56215b91abc272ea20063371981a78e096
5e136226438e6258f6d0d0ba975578a0201c6820cc56fe5fdbaa744fce14c962
8ce4f189bf33afad7dc1f62af0a75ab729c581ea2f7bfbca2338aa20e57f8296
73ef1afaa6831431f6423cbb26d94181944a63e72e1010b072b827193238fc64
e70c8e84e21738e59eba3683a0eb8cdf2de2c6e091ed9eff2fc8c5e91518eb0d
58bf0728dcb083d16fd3788ff16a79b4119ac25858556e9450f11cc58c9f2ad4
dd61f852830c4934a4b1e443e9234d847e733dfddc9fec70f64a81f8287bcde6
e847559a18133fdf2f0065f1b265608fb2964d09ad74a1e9c7b138bdf1dec4b4
fe62f133f3599d2c991a69886f4b2db6f81cc72a97d66151254c34f23313b7e9
a002cf6f899896c1abf270b7a648575ce566e782fc4a83922fd7ae895d8edb66
347a66a8e79e4e171b55ac5a2dba4770f9dbf68980092ec59fa77bfdadafc7b6
fb84f516ec9c747caf859785ca6b1a72e4645ba59d27475faf4fc6d6b64edaec
f84c6cf13c75b06ff19bfb75707c7c29b50841597706fba762127802cff7339b
30eef39a08c0e67bcccd7cfae08f64e201df7519b56505fc88b47ed20a34dd7c
60d4db4bee7b1db8d9061074ef0987c63818f5798378b6217b935ecd16be1836
0213efe3b4086a33ded7974805ac3c5cc374c06d93e3efcf750b8a34df285cb9
ddc54b2a3ac4d4ed49c68f3189b47daccf0b87a905240faf6fa6bbfc13b50c19
d9eba32199ff9a512646a675287d437d2b0e6e26556e053ffec9820b30e8d479
0f699b2f993b6e04d27abb68ebd71a97061f6482f4236abebacc54e3acc558b6
74bb8ebeebcaec4eb68e5bb1c5eea563bfa745387cbf5592b53e16490c86651f
ad7ff747308cdda10ee508fe6e71d7108b1294e032e6ae430f42c5f2a7d77cdd
4390514cb6c0f29b5979a0a1d8f86f6e2ddc1a89f0a093bcc674234319c5dc84
acd3324c83bb97b4a279d08f2e694ce879aec179259281d2955d5389743de15b
e33571e1eeaaf3a416b6da2214f94faa0e65dd050c5e8f3b5fac0670b8321473
43ea6c652536250778d8844e982e9d97e212e43a91cf1440557fc276d406b0f5
14e1fc3e4240edf5e587058043981d25ea4c5bde5d32dc7f22a1919662f4dc1b
b627ceda53b61a852dd3d618d747d15916c22cccf7c621fb9f18dca0336f6a86
0f9697345713ef02d8c1100893deddeae05fc33b06ec56316e0015a81e84eed5
0988739ba5a6997bd9032d556333dee1a6c4d5b9ff9c8af70108aa241bf64e26
eb001c33eb80ce28b0e5456fa4a3570f618c24bceae8310c139480f93426a195
7a25e2cfd6580b74dba43bac1f8210022358f4d242239162e4c697223e4de755
5c490959f7112a5a78999e7f14a360c13a080a871dc1c0033e9de341118eff14
a90ca765cc9c6efdb761a4a0f1409343ac207d73a74e72b105b60559298c9b75
7a36b4a4a91722eda9a228060b5a722ee2917d96508eba2c6624d29b739cbd8c
23f25ac5089ebb0b6d9206b8205ea144297d2dc0413d6e89b69682b1ccb5b0be
9fb005b8370fb7aa2479b61fb9ed14dd81bff80fbfa45063e51f02cb88a95a3e
19119091b9984e7b6716ff600ab10a2537270aad28b51fa8ea04b5d09c4cadf4
3054c05f7ff2942f4442af7dabc62c0f7b7a8b441791eb3fd3ffa46f2c537e91
9cdfd92961e21183bbfadae15861d3cca693f8d8d44e6bcdf1ec8a093314df86
16bce944cc0075cdb7bb2ae72da4c491d353700d2c50df14f9fd163292f74cab
9b8f9b1e979acdc4827c5cad7c6462de5608247334b61ec8eaa934d0cfb32e23
c2ba47e3f726558a6de34441365094c24436d94b2924687a7aa78c65fc3b168a
47dc83922370d1577f8f97223b52493dfe8666e2c9c79eb1f5be3c4cd757bf07
42f710e014b9f34829dff3e20181689899b44b5256bac2fc4a132429755c9c62
4e18be33fcadbc5c60ddfd7abb12e9c335bee8367ca92441da0de1d856b9dbcc
4a24a4eba61d66a35331bf8bab6667cb2503d62f6b179751fd3445eb0186168a
7460e0ae9a4a7c4fbd5941fccc19d15624c6636c33e98e673cf7e2931b5efe28
610408d7dadd72c1a2c3bd6e9602898aeb3849b2540251f9082ef119814515de
3294ec2f8263c808bda3693b9836f952053086f596b7e7277fe19f130e9a7eb0
771986e35f013874da3ad183e8d94e57e1765d779887958e179fc52c42169eb3
8740c3570e770fcbfc1d278bfd6328c66cb744c4013b03a44034999b8675025d
79e1c87e008760a119be76c07b2fecf5fb3de8611cc82804dd0c8a1ab3fd8ae1
c58630666116a9ee4602547b24a684809dee576639bd501f0d776d519210f5fd
cad8c6141a5aecb7910e0bf2f5c54afcd5f6957490e29d3bc319e4474b3de2b9
d9bba3053776cff0bc9af7fdfe1bfdd1ac2cf44bdeb56882589796fac708309a
059f86cbb4c761c3c4bcf6a4b35a896f73ee1e3ce0412f03ee240c29e305e04d
e5e86c2e3eb666cb7d72d5913837600ddaf38ade5d8183f3c15b406b347cdd82
a0ee69ef4a8da894b76ba4b61f9213b300aa84580247a08449296ca9cab1edf2
580c492580a4587bb87fd79bf67222d821e26240b98beec6569583948fc4a6fb
ba38d0d87dd770b639a5a136740da2a4c288e23101b85d37fe0aa0ee18b75b5d
6cc52c776f2a2c72a4d4449b278fdf816a4fef861b809ea78af76a128f8f8d2c
c40fbbc3abfcb0e87fb087ceea48a6836c485f9c859843dcde5450da4817b7f6
0963af94f0043b5348dc8514ef087b3d451a365af4e40a322d735e735b9dfecc
9c1fe232a14e60d64a15045793cee8ce99b2de008c5995ed0f8c1958b41359f9
7b47ba53ab96348f6f6c6c8c284d621a591c88cd13ba9dbba0ac3d40d0d4b131
d07e1fb24439c09c4fb009f613857d81e35cb5bd20fbf62dbf1e04f0e5d33cb0
7ff3ab9f67b4dc87bb74772388f27afeca583276a9b41ddbd0286563e9ee3a79
24a7b71266e527a495085983d03a8085a3b124df40c1d03936c3a030739c9960
ca1aa7f389807f3834b562c7bdfab77d63b3776c38f2da012fdd1bffa2d5c6a8
f68eacefc8fff431aff1b69242068d4c98b4de26a26aa57c785d1ccbd5764c54
8675747a43fcfaf4a545d8982c12dbab11bbfcc2ce6a1bdf02e38cc952dc8743
0beea943dee8fc3f6586811595e63b5c6a8e1b63aa02702f465290c586d1c093
b893d5755c0cfa4597fad63a6e8f7044554cb1952310d4b60df3cc4c8dcb6d77
2a035bb29ba58b4f8a5eb9fdce3910cd505eab4e58d85bd2a183359c3eb1beb8
3c679bd3db8716f87e515f4a6a76110539c5417362e760a910d8f8b5d0ae493e
22189a1ebd8f119112b544d5f5b42af62302bbcf7a54a71d431a879d2ed3e16f
fdff7b8ca600c0eeeca4b4dbe5538964965c0e5c236c6ce2c4ce90e9a2984353
15284ce1bba8e17d92b0195a78ced30ea4542ed73b9c13182fb1e5bee49007c9
c1d98adba179b2ead2d467dc96cc7e2d7932c416ff1d7a271c0b9c2a7758e102
fe40e85f8849f2fb467fdf10f8bf4f9fd6c6e70966e721bcd176e15597d87ac3
d1d097c068d8102c170bae5cec16332ed332643423100dd75d659749cfa5ea2a
d4efef512ab19da280e72b30adda90c60d0553a7de62b0ecb5f47b46cd26a812
6b54b3032e3d745fabb82d5ae781b0b55ba09f23203501f83a41b4f377ef2792
f941fb6c795c49940c80a83af0e9e41cbae96b437ab679cee184f82a50ac3e18
a97e06e7f062b0f64137cbf42fad216e51117ff39cd466c2442a4abeec615b20
53d9af319aafa2f1d517443dfd680c4ebbcc71fe8dc250d70def3837bebff64b
34cb177d9923bcb3d317d4a6ea29cadc937563c8bc733f8c4ff14d1d14a38c10
56699270c990a03deb7936eb09894a3d2865c4bc807d320915ab28d96dd25ece
e9c9895f2832ded46e712ac2304a0c5d5871ee12c11a96351c73fb883db1ac8c
235fc1ff05302f87478e950189e1ef05245a153b545db2bde8026f8c19ce9df4
ff7252288e01618c16786c94e5a53b327162b2cf83a92a5c300f0007560760c5
855ff35511c888dab47969d39f1fb1aac7752174434202417b0d8cf86967ba7c
2785995e71153ef238e8e5f80c2e470c109000fecf29dee68c28122c2d01e4c8
7198cb63fb17879cf14a2d908b5793a5a27d8077c8b15933825004cf5c6da0ab
b2ba91e567e4a43b4bf66ea131897fa3825897d14d062864bfe135f5e6efefc1
33ac5511e399556dbcf6ad432631d01da997587a9c9e149a8ebc3633641b3d0f
bf5556c64661809a32a503b631679e66e8b1bdbe8ff679ad9e4559e840be2391
99bfa155d331157b2ff99e0bca090d6d3ffed2d745a38198a9c622d7c92b1735
e1c9e7c0137dc41e2ab5fa575f4e1fa4376eb23821c849ff39278a95b335fc27
2941fa8dee8c65e2b2001cfb60acde9b8ab9d6942954d0bcb127ef30be7a5d00
7ebe45dee26210ed52405ea1885b5db3d6749ce6cb794a4e323e4fffd47bcc42
d02d6293d79c211c0d94c1500ba69d9b7616b5aed65c8d13e2e544e6ff3ddf8a
8db5f471a848d438049a677d9a4ebc178f3d98a361e016cce7857d824d123879
e224b0142af39c2e28674e55f30082bf8953315f078d827ccd61dfaee9e23674
f7785396c3a27d601d0352d0c6749b9409e18029c3eb6c9b293eb607ed4c561e
6a257a7d2bc1694687fc67ed9bf41368feda31a85d40284cc1c5a9b9dc21c73f
7b0e4764cfa9d92b8d87d4d2e140eae897ec634c6823524f9851cc082ab86be8
64ab84d861b44846c7775a12f4694c731739b2443ad6f4e59c7918293a3a47e9
b7751ae001333c3d4d150698a8382788dc8a618809206dd2c7b8859b5abdea94
52b1cc11fa1e1972aceb2e0720e15c9dd325a56d5e11a42981a3e5666e16d067
7d9218bcaf1163f77ddfbce6d04bd87e256eeda099e0dd875f77b2fefd3094ba
c274ed1d0e8ac1eab31db0c3b787672d3d02063ecba386f793fdf9837e68b6e1
cf8f4f4ff893f16746bf1ee637650192b3d9c7a1d3a3b829951be33626021216
f1812f16704a8a6c03a774786f4600a3f671aa0bbd5aa571099c2c2f87a8b444
b91bb18d610eb2082d528ffca7f3a6c2e4d64d6d5c4fdf59703991d2a2f23f66
2433fe42e7e20135d69331ace10438037a921d0b41f77805babcded79d231fee
b2b15eaf9ddc9e6722ea398c4ca84361854aec7860cf82a98fdb7250782b7fe7
28400c57980d5839b3c0e8f45699817ab5f3bd853b86985614ee31eac0f5b6ae
dc2bcdc859461c504411074c1f9f607bad9f803c18de934bed9ecd6078a8ccf7
8986b1a50319d4af91437c268276099ab81db796651cac6907f9c2b6fff79453
f155c40699e2339b50016f3109b78d87fd3ffe731dfbb2df145c3e3bb754876e
a653ac5fbd2c20510134312b68f0c2d0b9d4b24719d82f3a366a6f177cbd59ef
6f40373c5780849d9195b5d08c4f67ccae7cf758601e1a7ef444b970c0475b0c
5b54286351ca253b7be7170df42b88eeef1643c9b54cd0f003629ada445a127e
7f043a80849380bb7037df0bd79c369903103058e3d348809d5d7427505870e8
64579591298b276b12e4052929f3815326920d2283acc04169e8e629b4669634
b2bf0ad0b499f598f4e0dedd6cf0540ee4166a9b7e37e960fae9daca57a614a1
055ae0698a7deaa3ad1b006bb44ae25673ec6aca310d9c02abf09566d41f67ab
e747552316232febeeb6718f0428d6271a023d0963d22df66964dfb69f16b134
775dfb01d59ad8919275da50e0ffe8ac8c0097847271c70a77f2370da8f6d229
528a680eae63320dcbd096da8110dcace572e0b3234abcb6df4fa134fb4d4745
d8b03b523b66402c2ff9408e0ae08386ce949f3d787df76f1d442475fd81cadf
a812e84ec3b6d631965e8e677c0a43960775afc15ecc094b2e1b75bd9e445969
ed6c9ff14d765084d91e4fd3891b0aec3ab2f8194dba7fdaa4f096b3430d8b3b
bb0c35d24296a1a744696ed49ac65b4044f4029eb622270e36088bea79bce59f
140610ec9725b08dffcd75d2c5595e566c69dd2cb77565bad046c6f62fd77558
8cbd4f5ab84f407eb5486b252ffb1ac02a2e0ab07878c66038042953be961c89
ba53373d8df0d3b6af0ac9bdd6173ff91ddcf3c484336f1e90f669f383562123
69b7bd122816ffa16a5ed21c9cf07e949bb614b53a79f8c806cbf4c0256b0ffc
389695f8d2022f15f67b0b26238aab4f432b34e3cd725e3d9709c9b536d6b445
79d5259e53a649c37bc8240b2902993d86e48c6106357ae311b74bf83e315943
25b4cd6236d040f3b3f7bb8678e980ff6dcc0a86534ef52d6fcdce8e273eace3
5a38f9c392271370c95b72fbb87f1e00baecf22cc1491a008fbde1d3f205324c
81a570df70a0706bb61fe4f26ea65b544201d6bb616b8f4487dfa3d5049930be
25dc8b9c2ea61deb758eecaf9ae8708dde11ca67271dff496e35ce7c077c9ef4
0704f5a2ebb7241911efd1f24b33541083828a48eea54b5ac9d6ffe0c0c69c14
3dc76e0a058912d9f478e0df394923e21af043b806cbdd2ed1a70b98d413775c
be238bac2adb5df304de3caee30adf987d8c15d51778ed1b20269e578263600c
12e886056912f506eb53507da16b8d3196326845efa770fa041fb94598de5cc9
bd38cd2ae4f7002627aef462aa0b559730601c1158ee07e4b8c2290639f6c0fe
2222d2be481b4b3db83bf3cd27a0a785fc770f839bc9120d9ba2319314e45ec1
23ec3e42dee8886ecd8c9b41df08b0fdb9d6d2c817aa6889fbf413d1a2ef71d4
e763026122f4c526cb41fb99ee53342356b4a7536a1fb12a26a3ddc49d8f5edf
1a925951b183fd16b3cfec94ab93380bad9b43e13ffb409b3472dad0a83eb176
aacfa24917252b1774bb1d325cbb89bedcfee25502c1720f2329e7183c3ecc0e
a597165f6298f4385519d3ed6dce8137809761b312c397e5fc48704574c29480
3d98ba31a6ae4512d3b74218e3688b1fe0f31a8e8202e5ab4c56ae1861314983
4a09232d78e5a375f6d23cd4c85100d254822363e17ab223784ef83507ac714a
2c0c8b9fb404f03b086c2f663e9d515656d82f64336cbe20f07c1d66526a3539
e157118b6491107af2c1326fb2c1b293508140fbe9865baa32d3076a25f925df
3c3f2bd97a32be1b8cb6a2962b4bdb28ae24f16f2e1d254bb763952356a3d157
44b6f59b7f8c1f6a45d2677d8741f41f931774e065c76530ec3b2d0c7d8382b5
57e0d41970af6f98e8f65319c93def4a6969ffdfc27b86965caa738cd8dbaf64
76129ff0da1ed708b6a0b5944e8fe5da54f7e858bcc7f80ee400a7560455ec5a
fd02044cf25088e699a034477c8c242955aa732cecc7e54fb12a03b5301b7447
2c09679ff66efdcd848bbb13fcc3526e69a50ebd8c0300dabe684ecc460723f5
70bacb61a4a13e706b32728af5e5f4ec4b8ceaef2bb472cb93943bc775d16dee
0f1fa6e031f9fe74b33a7fb30adeffef387906215115bbc8fa7904dc88656bc4
3ed748f27293a2f2b1e53c6f20f3bc6af5043626b3b3bf970157ef2dcf0d6806
2889d00a5bcc65c605d123abb3d8d11fbb440b0e301e051fe1ff8d53b5e481b0
28e9858d3cac9763236ddeddfbb9d17eb95c84528bcbed141fdbdcde588a2a72
3022f772d3c45684e990ea91925a64cc2a9ee36ab3368113c9f7227123ee7599
544a59b7f78cdcaded2ef6bca53f51f3fe2b496fea723cb553edb7b4267df8b4
cd0011f8a13597934073fa070380fec1a441ba8fbd92c07d908cc652673dede6
4d455d37a380e5489636ff4247d2fe0b77db9e22925080cd4ad5a19adc93b62d
e3d74fda712b2a3634acb4cd61862cddd49be42f9e521a00f9d32162f0aace30
5e3f324c841405ca823d0095996e872ca8417cb43eb888f1da7f128904c537f4
e6df43e45e40bac892fae1c419045d0a476416087b346ab91d3f2ad31bf9ef9e
7ffddffdc58d5d32ec6bb83309b806017329a7a5ec47a45291b7b8dd255cb2aa
398694ed2734c8a455dedbcc41e16b295da116c96eac738b9ab848aa1c5f0c53
f3d7e6660206a49b5b773ed556458204394d8c9f3f7a9e56ae6c4dfc78eb8831
a797f404242d9beddc4e6356be8b885cab7bd9725506c6d12501fe93db98aa19
942472bf4b2174b86af5e57a05218f74b08d06c921557c7541f619ad35e35f2d
541354b3a834ad4bb7219873cc671160e2fe2437af70f4d0047396ac16c761b2
4d8d8100ac8eb1319792280f81f7336edf4d1823687210ac0a5e9a3dc1190aad
7518039c99bf2ba42fa73040f1569e7b13c48865e5d99e7a1e5f8a0f752fc8a8
1d50f028e59ebd0539ddb429d0caff751f0ab1f3799717cca195733e88f6c5d7
74929a4e7423a880fe9fc94fcf15712fa5e315032c5553dc812c11fa7e525929
13daf012a9f71c67a4e103203792310d9707cd2dcae2107a02ef55d464c54b42
258031b2625de43748c0cbd79f7e483a1aeeccffaa85aeeda19e78461d670aae
31c6c98a4c7dc70c993e8953c6df0facd98a7086e3cbdd2b37f830b5816d14b4
0130b706fc9eacdebbafa3bae533c9fbefc1237665ff2be9bd312cadec077c40
9169d4b4fa35539efdf82badcdc53fda87f0bc10ce81a33c212e7ebb8887f68e
4409d19086c694d0bb7c66928cb2106d6834cf22314bb16d477b3bed0af91e8f
f9e60ae49d6c01457ae75802f02e55d9e34e7505c193fb258993cef7408816b7
3c42267f4af8aada111019e74891339eeaf38d89f9b542a0d89d0a3de31099eb
a5a4e72465e05d40e3d86c23a0af04eb1eb6656e072488932b5eeae58ddebb6a
3605f919df44d58950396dc48dbe75cb04b365c6d4b56889acff4562ba14df7e
567ad7a407122667c5ea08dcdca6ca034336ef3eada753c37628d8977fd56abc
bd0d0de35e1a0b50478bfc4f7caa42df297c0d232036d2f8e148b86bb2d35594
2b12ad72567bafb3954062e2fb825d722650830ab8338f109c87e9eea6e3f68a
14fcee4f75fd024e31e8fceb7994d4c10825cd508c2209a7400498a55cacd53a
bf36a50146dce5e0d3baf717cd7f7ffdd5fc0aa5a4869b29bd225a7bbd1410a0
df1c1c08a153a153bcb7ac1913fc5b56d782c6161005f2dacb03e39d3b0bd6fc
c4427da2cf106a8473aa49fda9e8e9f46bfb0346f84852cd09cff78e254625fa
025399c67096b9ac56d690b95b9ecd96726d15b69165f8f45aa94ce93e0707d0
64c9cc2f98b8866cb0a4ebbb508dd513a7cee175a3cc3e2fec1824b67634d0a8
0b47b3102d28ce1050d8fd6e84388c0e5d42450fbed60e382aeb64e4f43a8de4
e3d6d0bb6877fa53e5afb71ce34019dce2580cf5cb31e8228072374d95701472
72788e9f9ff8ebe62d4d2d3da167345e087b0c39947fddce90752089969c837e
ef0c34371b24a00720e33ed747464af54fffbd8d1bdb4c99f6b88256e932ae5c
c871cd3834b96b4035ec44b33c7b6730094f7960ca6911ed4c46ffd5821ca9ec
0795c519b74d45c413a04ea49921ddc622e161a1c60900b1518dbd8513fe6404
dbd4e8a1c27feecad1b2370498f3e8ae016d9c6150117b25cbc15f52261b66d9
f12adbd20cf5b5125a99c977a0939b2cfb85edff6e09f624c225b19ce6d8ceba
b4203c69d8d46d770d59833bb767620c5aae26e857e2a986b96535d0e6f3cfb3
5fe09ab48c942f4151b114e053d22988adf83f844b46e215c3a375efcf190d35
4e111a796bec170375c1e208d3892b0d26d240eac213f59398ad0f47e46af55f
277100f4407dcbcd00c4d40088055d15832a689c5a2449747b74f9822635a1b7
dd4733a490402683308010d980701d7e7a9a51d7f6900fca8e4bded9166663eb
9847178ff8a161cbd4a91b24ad2f5958c671b4b195e96e42d3cd22b55f69db6d
9e8f7b100f097e865c7851fc798ded765395cfe6eb0788041faae064befd64a9
f15fa8fc8ed24af3b2b101d084b6aad4f1461202a7b6e002513048ae54d8d036
7244af2733c6b5c20bc3c4252268257003e929239df90914b4ea8674f9627f47
bebf060d40fa957333aa261b8b232c0f91a9c9eb3023e88e7b3e4b1ec4bf1cc6
66eb2e4443adcced083077f22e5a0a04e429f993786dbed660d7c069a10263b6
f98594853b4508d390412c5eb00321437273b2f37d0d4c948ca18c062a8f0978
19c41efedf0cf88ce4a1e544c38a9ea912abfeb2a97df10a0ea0bdf61fa13dd0
c4de61db708210d2cfcfc7c312e3369dfdcb76e986d6a4f134049ea3219fe668
90cc5d42f0de1c512da621a609a9accc7d17825cf7eaef8c72b3c244126aef62
29b2f16b6a7452951b02e50dbcd93e1609c614eaad00f41b692b5f31f3034d65
de305e2fce45b9209df12857a8e0d0e1e88a8f513c783389df5d6f55364aeefe
8b8af55ad1e660ad2303f656a6a988a926ee46a7e953e1720d11ee9014c026f6
346071e19fa6e0053c0f7b32c2bcfd2e7038f98411742154880b157eb01901cd
ade08a74b1a3534d5ed86dc64319f96e134462277137cef278eec2e64d9a742e
9a1cefd7153c87745b1dfcdddac0e1cbeecfae24b8588c897204af493824ca72
756ac8ca3444959dd7c37ed26f13de24271342ac529ae4bbf72dcfc0ae935c9a
168788697fdd019142089039237c38537df8fb5259627df8d96087cefd884ce2
80a83f7eaed6bbcd4670b242052f98f0f17696d70acabff8f98f1629f7bc8eb9
0030d803fb5533cfe54c37a070145bbe97d9301a87d91ce95cbe99ec28fdca20
706f9436ff8709a8a305c7a835faf5e0b9365ff280594f5b240d82c173401641
6e8db54371a6306e92eb86d14fdfa6aaa645293fc2453cd838aaebdf70985782
7e01c210cdd4f1fd53abc84944dd5919672389b459f4e49a9783d1032bea4354
ef5c0db71bb309ee5b0f5c9a1a38ff142cf8033f248325f7bbc70e868adb996d
18784daa5a0f17861bba14aad802ebd3418b786a864a456cdb0b8682c0759d21
3ba8ecbe58d957ac996acf13f70e6aca13bf891a090dbae0b84227775cc90e57
e22afca7582540c85fd7543af38a40cb8eb04d26b2f176c6f981eea68f0e7b04
1f28f9daf6fce1c5ffb7bea842ce46f9d6032dd2cc364e14c8455ffd68cfbd75
670130a910c894b3f05adcf7bc588ec7b672f255d0de7910dcf50b78bbc63b57
319f62aef9c1ab4f4a376ccc28aa79e3c2a1f431c4d2b57876e73e5e08539596
ad8b6e47c7fefa12f852056606510f75bbe97bec164ef07a72ac3e2175640a68
de65cb12c8de81987abe12a3dc683b23f6e500035a333a22c0a42ecf2ea342c5
45c3b24258a27c813d5113426ce281e1bd3b5092a733412fc1e763813545ac2d
ef460ab68d5d5c9cd7c774fca859f37b5c03e1ae7c022603d693a7f95f11b4ae
6fe6d1472517f3994a55230a7f11f593c7ceb6836fa124841643083b3ea00569
f6f2dc7dc818c37de0eadbff4adf1efbc7515301611b449ec6d1740e2de24f4d
d2031e3d89e4f37a0d8da50efda736c6fac4c0ca7852b81161c76cf139c6e1b0
bfcf7b8be555d728c050c92444e0e7310bdc2db3e8c1ff84378227b4d0390d37
b518fd43e5e8e74d005afe10fece361ac378628b27a2631e4143694451df2e9e
34bc98ac1136d644c61b148e9f57e55343c29659783f17ec5be18deaee051949
c816bea6cb42056571c9e40d398172670c1c727e8906ddf091ed8b21ce3b012b
1296ac3f97388cb6ffe7eadd5481ad71b5ffbb688090d3e01ca8f0eb3a00ed94
6a3d069085db7480b15d10883eb837cace2716f143116f66937d239c4e0ddaf2
17e0c830fe03103d9764077aaed1163e60313f9e8c2160eaeb31db86979c8f31
ccb19d23678858fabb519f213b7b34bdd5dc573dd78095e7ae6103d5dc41d51e
f9d523130ac2e5fb57fe6f0f139c2dac25a66a873608e4b06464a6af4da41db2
1d1d38cbb083fc79a8dbca0e1d7b2b1d1a273bf6651cfba176599e1ace3a7b65
2a8ff286c2190eccc176809866bc44546bdd0515adeecfbad71efd7e983d8283
0e70762382a075cad5c24c2b88a4b7177def043921e6cc3f6e0406c56e89385b
9544e4031a57e1ec800552bd1dc45344ac2445957271185dcf88a5edb3ae2e30
1ae7aba80ed544abee172dd07633847c73024d42172a53cf0e7a87e507d676e2
a427594da622849214e3dbff1f4963108774c637eb30dd9baeb450a3b3dfcc81
03e4f337fd8e6968b8648a56862d2ec5d6f726f74ce315723904bd9701cb4f29
6c10a9375b5ad2c6354d956acf5c7aa2e76f21e18deb0f30939f1802c4a6f617
c5b819589822ae82780a613e5d576329637baf47339b4b2b3ffc49c36c2d9f45
7762166a6aaae4a2a2d91142aabdc200ee1b0c0553d541ba40b7397435cfa6c3
3e6c6b82aea3259a050233de76264f45356eca543aef597a8926598cab9f358f
d120d38f2e34ab4c216744e738e8c0728f2796e46beb84201e3d8366074ef78e
874515daad27dc1c8a03cf99de101f479f9a466803cf1f144c727c30af7ba219
b08150338ae287a470f4e22babef05e0d9693dd9d6533d2fb37fa5329031bf78
9fa95080ac14bbf8bc1c85d7b49817bc61798eaee73016ef951510a54abc3acf
6641ef44137eabb274052653cafbc54f237f4ac3090f54ef3d066e0148f791e0
532e1e092e22d4a74610ea3fd2aafbdb811cdad06f7beb2c853107e974937481
28e20b7c03ea152a2e00ed857ce3070c486eaafb34e382772a8b02b2c1053d3c
426e1540bc07a7d243d3c264526420441b76459f04e29c6e81289185e1c9aedd
34fc0ddbb476baf238b82738be2cf4190f914ae29b520114dbb6eaf4a8f0ebd5
0faf2bcfc2eae4193514415573d0ef64e95ad9b9239ab8314e1c0f9557f19834
0eb6715b5ac7c65be7c4487e1710ddc1f649a496dfa579d07e3626b10039a39b
01754c2268d54c8a85881afc180f72131f83e8410d78c8720aae85eef2f190c7
3bb6f2dfaa1f98708475c4a531c3018090eb1b91e37a8b9be8b187bcae1f2baf
f420f93aff00eacb34480afc82fe7045d9cd032ca626de5310e4ee05223d25d3
bddb5e41b7afb7a77259577825e47079abcac87ad7380c7a6fe373b43c193121
032fe996389dbf0904167294c4fa88882f1882de52b922066ecd7d666aff1347
556d540d7d0dd735b6cc460d06a03833befe7ea6a3c15d884c587bfc047443b7
0cf51dfd02383ad451c3ee213ab5ecb3a54ba890b7cb3d67a8b0f498d34194ff
28cf9f61dbd20847a7b5f05ff6f562692a20f6e18dd69a4fdfca4344df412268
260d05c4e322af4d0516870820609e61b5dbe09664f117baf42291a61a736881
1fbf5d8b6bb17cec6434cb0e4fa98108d0dc39fdb3013c05f7a6a3f72dd9a004
622b3a5b29a4086f9ee3013c8f95d622ddb45175262033ad21c47208c92952fd
9e8220c6ce8aea344db529111c8f7c875e679a73563bcbfc43cff4220da3a274
9203520e3f1ce7a4f532a4f989b68d5ab4540ae03f60291f4e824e3693986613
bd612e6ec94656efcfacd95da32920959d11b9aafc04db6f9536eeb3e1d5f347
1d529a038c985d19ade2c97e1ce3aaf856fb84d5144d82e04b33ba7d1cf09b18
c5f0848a18d3e252bc9d2c27079ac27373e569271115c6151d5623b0d7e91109
c4966c506d789f696c26d9f061ac8c904d0859d99516ec269b0e8957d4072fd3
b337157216513b68fc79c7e71afac602f9950f6e6391adbbf280e734648b67b2
2d570b4ebebaeef8b22bc37ca9a619dcd2b0dc403a6beb1c0ec8672d0d87aab4
d85d1031e2b5d23483bde303d924f6cef84444c9637f597b4e8c74409d798d76
ea8900f877456b718284cd1171e511c8d935ae164fa3713dd604aa9710a4a639
ad2f39fd71103ac93c5c9ca1308aa8c1ec8e7bc12146f67d25d7720fdcf90526
989748fd5cdcdcceffccb476fbb8b226ccae2a7142efd4e7e9827f57f5d27ff4
5a07c34a39f3f305568e46450cedd2a6527d1076c7d09a428812ee1db93bc071
b2968596dbd2c5e9d91b1350f13e43969ac7ee08b708b0a85cd7842c0ea14326
6cfb069e0728f5466335e088e8ca73899dd9a118bed755f7fa2707bf4427c126
7a7de77e1a1c2d4197a0534562c82d4369bbe92f2e21fb3441f5106181e74b1b
a3532189739be4f9f7e8bec2e694673610bde0a7317efe8e3c0efb64a4d84c34
ba84d215fd143e2cad528bcaba2ee943ed936243ee48dcae3c2ad9af36506ded
af57567231d59f27864f775260a613547684377a8087c1c4da2cea8cfcd01dac
6bcdeb459d6c7a5b27962d10c6a6ffa59a6152a1f3a468608a4c465a82d8c164
16be267596fab5492a0b24fc8f5db57907403bb55c4f21b6a88266162cde9d98
842ee3a8ce26d7ed5ae76c6f63029ac0a54e6d8e916cad9117a38309c4e7e063
f6e7d6a40d54f52197fd02e5d8ff39b6cf570979da30c760e862424b2df154a1
9ea0e5931c8654887b687a4290d4c9049e5baae3ce5aa6dc4171b2d8b4c8a0e7
bbbd9ed3c39bd225947681fcf0f8602c5e46e68915a5188c5e4dc5d0ea63fb5a
b0853a35d31bafac54945a89a63c60750b54e7e1285ba8037e2245e9b2152611
f7ba67e8ce5ebf7ff622f76f7fbe14128ec370e907a26fb931176af693b965be
cfd90b4b91d31be18029d55cbe2ab5dfe30016145b221f88d82cdd0490044a65
a268526d350b243d08fe5d4812f6b7e81179b968bfc7083deeb0271bfb264ccf
4ed8c7a4e2056ba76c8761a8a1def363e106766f916fa5302db163d4a5feaff0
2f29f1bba7638eb3a89394ff19c7c82ba307842ef0a31fb558840663b00be094
36572d4091a9cb181b49ceb3b6158fb877fa724b0439e86757a9a140280aa585
81e7ff10e35366d4778e48678ed6b60c1cda975b97b5c55dbf6d455c864ca6b2
13de5b71a7ca688ba5670b9faba711dfd0ad9c72d0cec184e07451d61490e43b
a25d9d5bcc88b23bdc72c29621aef5f70f9aa811aa6f3439fffd0d55995bb9bf
6e84ef7085b65c9e0d98e9cc9c9ea89743b7433331944d7cceb6179de099a822
92210d0e08a463b9fb116bd3960a505fa9c1f7c47db2473581a2e1a795705348
cf6f9aa5e248cdfdff74b57d15e755b33fa0907db597948badcb7139fe767129
0e0e77ca18c23d7ac381785e27f88764fd20e84f232340a7d59218bc27ce1ae7
a89e4c5e97bbcb806da047cf0c932feab8575f3088d7e12c243f134eb7fcea76
6845c38d7974025b1b744c326c70cb5ee48513d22f7c72d6356df2b481bd8c12
0d16c9bb70a04401b58e14119c26a8d7349531689b9a707dc4dc5692e10fb412
e05e0e40f4886cc69fe863570b04c7af48e1663a844b1b9a40f23a1b431e3cd3
eed62a0eed9e6a4611e562c6ef2b386a31ad446aeed8393458efaadcd61d0e82
e76545885233c8044f6f30ff31d0403ab529af4548456c9fcbcab6004b5d60e7
eb859e5b02596e8fcb8b86af68e55f9fc6dd4e39aa6fa915565e01c136a247d6
8f7bb34b731bfaa6dca83e5baedade5d6733d786fd0e984b2d5a732c90b54612
c22a2535622b8c294f6962b9f9a74b8fe70859a2a573fb5db0b2ab1d083463b8
58b83bc1e5bf9c525c6e5da0575c7c7867adf30fa94370b1ea0f5b9c241b5510
ce221f91c9e7700d9dde842fc593e7d3104f88edf4df68e081d83b557c278d04
5cbfc6ba5216f46aabae06f8f247b03cd203d6e61a1cbf1a5bb6cc8b1d7283c6
6fd4680fb2c689e2fa62e125d37e738333cca5335fe7881d8c4a79ac09535c06
b36b2c389757bbc366d871ad42d76a1d4768189add25c04b334668c522da691e
0185ef8d3639b16d31fbe73e82ce55eee4cc1f741634746ea7d331dd8d6b9842
8dc1acb7739c915b5eadfde2427da216352d90fe6a3896b702ca270fc0b457ec
717c13fa9749a61346e6719648ebe086b05c0b83016f79a832a7e3b26cf5fc44
ef902320ce9a996d5244e79647c18ceac9c5c334fdef715a9421f0fbee4e5e93
f563c0443260bb064e1acc0b771bfb640ec5b63478b9edc42900fbafe6a1b8c6
73355de25c350f4a0d0ab1400ed2357d35bf5b98edc5e8cf4137faeb1f4963c9
1b1f46f59fc384daa05a81105df40c45c887d82c98efc81c4d2705ad60075894
e4bf475ac0a977ac303a47dac8e38b37a5c6b1fa36dea0594a31f3ae99d68d22
739620d842f22bfbf4c99a4ea39ec16692f98e1a005e62b6b7bb5d49ec31fbf9
73f1276679cf6d0ac0ac157f1de1a3cfcbc311553b69c3f9291e48a912c07b81
224d0353dbe45df4de064a3438f6d4edf16580d62129614c0f809a691ffb5db9
eadad28d619047d70c65e175ee6175903aa22c65b7ff1e3a6c46e2142f174d2c
0f9f2623461dfefc11623938b0d39036061e57c8f5fb32b4ef1018db114ca460
ff3498d7c91c10dbd1faa9c5cd5aefa60c308377d88d4f4d7438afec98455467
e35c25d1edd7cc025ab42488a2270cde7135709311428e80d05edc80ccfcc4a5
40d4a8b9d857d689c50d15332ac2bc55bbc386f6303a8990b822ee0166ece977
27c0d76f9b0c6e4ba25b60080f9f669222f930b1bf5f618b977653d37c86c731
04898f1745ee99e2a6b4910f3bff5c334f053c8b280a0c72f9429c2777a8a4c0
bfcde1d492d5869287d9bd3823798002e0cc4798cd160f39e698536330a48370
924ff978effb46ea38334fb28c11055187f547861a326aa54b49c3ee26aa8b8f
f4263f0b9b271c72227f7bcb09a3693ac8bf382599fc4419eeb17f3a51268724
c8abe2db6ce3405ff860cad71b1941350eef72ec3d5974a9858af0c32330ee93
6f691b704d06b12777ab3c6d4035eae6f9bfd2ff1ddd3b0ca3e6586bf0a775dd
984927ade4444a6e27d79413b9c9b1d18681c556928b0874d1b905db2d84fc5a
db7435acfb14ae34537b7d6f16653b84665ed13a5cc5bab7577ad8aaadd45c23
756b36c803ec3172add443d42493921457868e68212e7f075824194957d0a4a6
53b630d5d6c8746c3e1d0ec5bde01fb4c4568f3d1fb8a867c3d370a1c6e6afd5
040f17d9ba9dfdf2f466b8b85ac0670fe9148a5e2c31db57d9f25eafaa135b4b
8df0ecde80703110c13495c56dc204fa72bdf1a1057594ea64e2357935a4339b
d62b8bbf689deaa904c2d4346bd198f805d316c6f63791ae3bed4886b0d1f62b
1b3e1b6e737b62a192604f1f2ad060796a98d572bd3ae462ab5bda8c0c43f114
a3b52ce8955c9dbf9d0534f01f765f85a907ccb105797185da60cfdec98ab346
9db000ad1912ed7b27a799a79f6694bcd76beeb72aae42f25bcfa57a2def1058
c5899f252145bbacd38f1f5ec92ed3247d4fd49327905e256465779b23e4697c
d4434f125f38ef931df5db8cdc08534c74bbff9071a5116795808d1dbf398b71
b20344832d4f8802c26490405c2ecd086525d67ad573099920b5cbc6566eed54
4407458c84ae1e91d8e68bbbaba853218c09ece7ec0a68967cc67a9291fc156f
46132ae5595f8d8c39daba767dc3153d9116b13eb08fec885e63f5a0a92ef091
d0a1872b76c701519d9e42161f3aa8413634fa64b51e8949887a2b097d0f6285
a889b66afddbb8b45f37dafc7164395eeb33c57d9ff9ee5505aa0701de1883d0
dd4bdc2c55bf12ce595fc7a5438cd3a19d6aca11f0c68f0706c7816f0fd015b0
67bbc2240e38c4806231e7b22cc4e21ee008a84e477a07183439b4530cca7a87
e6a4824a977e0e67d5290b929535a2188f54c35b09b9722a76914f6f49e0ef82
517bda0549ddc4a331d34159275957188e28a3d81b81200d4bf1aad04d5f95b5
f57a68ba87eb33995ee5d8bded0bcb4f52a2f8bec9d6bc9a5586644b87e56381
8ec61a13510a4bf29394880f231dd25da7b1f088eb0cd3fba5d50f18304bd703
47d55b04178fda2f33ee9cfc676ffcf34eaf2acc86b4d119dc095f47f3670ff4
0da43a73977b8b99378feff47034d7203c404f12eb727b3fc1056c6badd64ab2
ad39185b39aea1c682ad740de29126eee4dbbc1a1843b54bd42abf23c18de985
f264ea41482a173ef166dd53dd783106a05f355c02a68d95c6b5baa6a36aebda
2e6fd2b824118a3d043cc9c0f03cbd7469ec320f0c77edc139bc412a519eef09
e6199694247717d83f72585cfe627002d4c37ffe0b35ca33a3f446e7c7822bc3
b58d61adff1bd07f504c7a345ab533035f61c5860e1bce4b1ac55f657703571e
8e6c04d78c2fd12906494b3bd493bd3818689c6840fc111351d09cab03c20cc9
c6c591116dd427fa07d02bbe8d6c9820a94c265e3cc11bbca04c350fc0d0f781
353984479fae8b4e67025f6bec4cc113442c96b3a76a48124fe4a92eb450b4ce
e0c3b37e9095d4f732b2273342d98f65195e14b9589142e87d517006639f9bb9
c1bfab582b25c8724900713038edde8e395a5720f4ef80b2a26894775791b730
3a3e3125108cb02a75e3e8c9239cb22843badb0535afc935897b464059ebaf2d
781ef8badef108e2cfa402fc750be1e48da6d5934c415a8ed6bdfecc949cb738
afe8387113c03252255e629f78fc07b8f0cc9b7a67388b8730f419c76dc80259
30da81b09ea5f9ef3ef82abab0da5ce774c369f547ccdbbfb4833b3f7aa71bbc
2c695aed83f48380a2cdb7d963f707869f90df69e90f7cbd8f92048589793a9e
5b37fa44e25ae5b6b8b3fc7429cf7e03a5bc9fd29e42dafed81b5daf21f2a84f
558da956ca51f48982f993a96ad2e01584e89c77bc0e011c9b1160c04ed31a11
cb31731afdbfb06c60fc80fed098fa6679088908aca997b150db8b7eb4945104
9dfe79e9c853d600b9880f87ed24c122c9e1b59ac5aa3790713a825e5c94b4f8
61eb406edf8945acd517def121795ee1bad2413180966aa3a0b5b721d70488e9
0d4f3f2f4e30aaefb99eb9377612d58e638ffea009c12352d9a90e158b426e52
007b28e6606d5107023b68a577532fc298e2406eb46635d36e0613164a4375f7
ac5e929ca7ed47fd351546a6a55d4ee9a2be6d432ad077770bd1de2865d52629
0e07ff4f1802ba0fd7411feac90b7ed35974986b648f6d1946d6de38ee82d9c7
80aaebdad72cd430c1fbffae3df03647b38f796463a1fb3860044c250d28d5c1
13a5a422b5e16f36f1044152872a852857372e44908aad407801c2575e6d5627
967dfb56b1681d2f4d69bdaf9a8ca34d5149b7df7f12e832c1bc3c6e28f03015
8a22ea201288af146c81bc0ea1ae0556ec6512fb5ea97a0e0553bf7b486edbb1
879ea6965664930a1346bfcfd2ff9b3a2fd6c3593677657fe90056160022a99f
0f48269d9459ae5c43b42fc108f222b428c0bd6f6b58a642c477f3920e6794c7
23ac30804e24bb178a3b83dd4d635d54814310efc189e9153aaa6a8bd70c064e
fd77b28efa4a81090edf2163d40fe9bedfdeff7736c8ef7bdd0a7a047ddcae34
27a0f1cfda20e60218a9ac94f392f89bf326d6698fb73062c4d2a7da4f05ff8c
404a265b36517c295ffa81bf050b76e0803f1b8fd34f0a7bb16008fa33365fcc
7d0c801b7ae7eb500d02f2efa85636dedcdc7fe7697569ad52adbf914daad039
742fbdf32a81db167d03e70e83ed1882b74b8bf70aaedc71b9ae3828fd96c0ed
8df3c8f6ea5169088c3df167ec46d3d47a8c1d3943ef1405df5d153f68cf365e
2677581a706296c1d459b120b139678cbf386051c58d34abb8856e4bf45eac97
a75d404480c4ce4c163dde38265045eaeae7ddeec8a0662a02c501621281443b
aefdc7a26ccdcd1d269737522bcfb5ab540161abd5440e1f7f456c7b035a37c1
74d8a17a04e84b8ebe1fb99e7ffe8fec699c91785830367e99fdc867af39a217
e7316738e224cb062ff06db80c82a302364dee3ac16fb25bef29e0cd3c89502f
23f99a148d9a5cd371b3a0673758477eebb934274fa6aa5a0e0461b0ce6d7ce0
e49a6243809853ac087a420727fd3942f697ba777e1f6401727531ef576867fc
1e44612e5d48782c779c946912b1ab1976bb4908f5bdcd39c3f2a1bf5c89ff47
698e3a4224c18bc877a1bb65650451716b3bb60cf35668bdb82240537ff8830f
0bfb9a3c7b71b81c3f09d22e878b13d7e5ab097e9fd6984b68980a29a96e135b
d2727434069ca5eb5fcd09db9a331cedd740680a096b02a0c77c44a0f8f091aa
9e682fb9321af1a95107010e9ee0fe6384e8658b2ce6581eff35b0ab885efae4
75bd3424803241dac525cb5ac5747054a0d309cfa766147d2e8f568faa0a05da
78ff7d1fbcd81e2b8ced04ea1f6458e19961722515c75e34bc575e91f9d62657
35f977f9142711e85f91fd2801c610b50b529b4f62676b61d1e11f7f8a5444a6
106e70eb9fbe1363d0129b281be675b93d697d030a24010ae730be11a56e103d
ebb8a35cf19f63c3cc261bb3303482d43796f26c38ae77872fd08010536c32d8
a545cef186434146cc68e47838f8b359dc7cb9868e343ca8d6373e8b35faec19
cc6844032107f7f27946a10fe72fec19fc4024fd01c64280882eb83f75453595
91b730dbed2e7c65c3fd48272bd4ebdff4ea5526fdf57b9b8aa18af3d4aeb597
61e0fe4bafdfdd88628497e24ff5bda5578b91fd0d266aa8617a7c6c200f0db0
28ab2991e49e3f4454c2c14874a284e9f7ec7d0e399bf47e70f3d00ea781e0b5
20a78ca5f26811e2416eb4ecf577bc4cbb68039cedd68c698f3abd3deeb54563
3addf737eb532ba9fac8f53c33a2b31af13fdd14c760c5ffd4ed2627c2685ec7
9219aff3c16889ca995f0621c2d8a6cd47103fbc763d1a52b1323e00b1f7a6d9
feea4887bb05c4506e2aa63b983baadc57dbc8714b7cc469abdda0311eb011d0
54761dfeb4c5ae4ed8740f0a3ca55483f5b0608ff07faaac734e4c78beda21bb
d2ef9f72ff667b4ad33746f6764db0fc5e51c8efcb610de9f1babaa2864954ad
b7102f838079294f0fcee1e34954dadc80bc0efccd15e6e6428b0e4082564052
394258fe320e47cd7ac1b2fef5669af0d02689b51d7204adb63977575fff5871
1be3b1c86a56ef0cc0f841120396318ac67caf604a54f2982efb281be1841fb8
8352fd23612b4ec36304f771fc0b07ffa9e9a0a8c0de491edc6797c6c64ccdf4
6e48729a922fe3dcaf338dca2741ca79a994c8fac5c21e68102f03135c81b56e
b7154ae5dad9a3e11be768616116c49df2d92dbfd5d2294690e6a16357020864
d31e209a06a8a6b7c05f7e9989379fcbfce8d57648cf20dd7faa9bf24d2c74e5
b86a8ed554a61a424550348cfff276716b73db24fb44136fac3f538e7556ba54
f5a73ed521655b321dd2358b7345e16e729662b1f0ca98cb2fc2173ea91dff34
c788591a788447b21637da7509e8b6ab3917d0d0d2221be0c61302514de1e50e
a6b2a922bbe72fecf7aad28b53b3fc2d1963f942ab0c83911704190ec6c87e25
c409bdfe1281e34c980151c9f03652e87165d8483e3bc0411b2108d1dcf00555
89a183d5280716f5b500e97d7cbd53a5650617bfaecee0db5cee3560ac1b7f02
2e47b5a8bcc4db3e8c5344b8faa52ad346f8114b7786aa26f9f557b21c5a82cf
955e24774233885b6eb268cb18043d4bf2c49f96067be66e83a167cea0633fc6
8f5b5a715aae1b00d4659d81452420dcda58b591efb80680c34511c88aacb7a2
466b6a46d4a09d926b4272f8a25d930ccd4cec7c2eafb394da1291d6f92f6b9a
1c468b9c2fd1f7df3d68f40430e06792c1c1be04bdc11eb58008ba0251c9963f
2ac286c91a493213d60cb3400b9ee513886cb9559c485f4f7b9b0534932622bb
7b0b69fad6d64a7c89f4c6541dbcb55221f1ad1003c00e165b1ddbe6b8de0521
5f0c4163b51ffcde67715067b65654ae298008f9c29327bd4b88e4d3e02934d0
a486f0a321ee48d43ff3a957fa744d28a986e36139e9ed51c3bc7a1da70176bc
a6bf590f140204972a7f2f93a53451288cfee6d674640baf9855c2b7d7ff0a9a
ed153966138ed5b034c405db2b81f2a62ec28b4ab494bd8c1dc3f3c9136d1b17
f7c5a5dfb0addc6618549c428a9545c51f28e4c4e10e09d46b8c31eb39cf9430
b7a2b5fc27f74587afb90a26aab6daccea858838544164f9952093fed8e2e9be
b6a8a1423f181337cf944d759ae487594cc32e1eb1edb22e15ce1d0e6f5ee28a
1850e5a99028955eb33a713a3eaa52ec679696f1687198c8389a75745d6a437f
13f28460bd2335fcd202f6b4b6afeb82354e96cb6c4790e3b69c9de2322d866c
8209fd9e809938b2c4d8620b1288507e5c176ee8361c96716e988196e85c00f3
cf874e35e7463fa8d8a2f04e6b29436376f83b9799b420fc09059eb0ce9d05df
c86904f98105ee7a9f9e673f273aad26552b758f628195cc670fdfb672257b0d
073d69a49661dbc0e67f0964731a007caf9dac4df9bbeaa572e231647077ace1
de6144eba39877ef2d8211e6623e3641b3e15157c27c2912f99de5ba04df0006
36c5238cd1e159cdb28aa9865042e90f59c770a7e722c620afa506fb44c63166
672f94d38c614eb834f72171a1f6a55dd8a1690652ca29680bba339c8b647b0d
0ace5914e347e54ccebed12b6df105a3a4e13b8b3d76697e6f9cde7002c944ed
e9b06931283eb69cb1f2e8b653817e311c9e79859efb8c10603eb78bf0482b72
91da2c491da23dfee8afa5f0a9afb02faa0dfe7d56317bee4d47bef7189c8aea
2b4912cc5eb76b689aab91c9a4eacd525b6bcd5a6acceb2eeecf1990f12c5e6d
ecead8fb7910053c587011949da3c8b7257ca24d955bee8c4cffa236e6de1186
26fc13022af4c622be00e2805a813444f116e67a10d3f2ad572df660842b46dd
85e6c316aad63c856b71c24934ec1e64769a3e500fcf18b85e210616878ddba2
c519e3a025d626a218c78baf81c7771b68253c055ae083756e52587eaf92319d
a1f8e83151e2266b92dfe650cccd2cf3c5f77b3a728c8c1780497aac8535558e
0e5c55c1fe72c1545dbfa85929594074b85b361fb7ace64986086b7ca7bd3441
8dbf82dfb4d344ff871b4aad6f4abb3815ff061f05fc45692d8bd9e247aef160
e2dd70e41023968428c5c4564a13653a37e475b00cb11dd2f2a95d947f76aada
b9346fca419ca8714bf8950afd14a2c69d1baa64bf6fb494298464e8fba6e6d1
96c8d8df71e2361092cdb9823ab3765450e3cba96cbbf4f17ecfffa4162be19c
cec9ec45b35b16e3663f709046a1808ffe4d475262ee8058d5ce4defab47d667
cbf1c758d3dc7084730147eb48a9f6c72af028a40e41b165fd7cbfd498292313
d2f1deceabc5b483df30611e387a0abfacbb216ab276623694e41c01146c7c7f
2c3d40c3731aa5ee2bde15e44435b82391905e0c4e8d5b9054db3a22ea34d093
9b3f9eb3f9541db8f4a86f83c5e025915d03574bab6cc31843dc625f2a40095f
1982281b093061ba9a2878f4f3ff66fb0bab6dc50616a6a99c2ebb1448ddc889
0c1644fa5dad08ffbf6997c16a8b6b886a6872533c07e31bb33239b6d52068b4
9ad83fc8cab71ee562cc855f4fbf02f6c0c2ab3c657a8610968c1cdd9e60f03e
30332f002f4822cc1e58abde34a6ef844beaccee417bcbe44c3049944c3be7c1
6d7ae62f7ba23fb7b5b14a5e45f02fc3a601913c5c9185f62d5110d7bb4389f5
86d38ca8ccd2c260054d3a1d34da0908620e2c21653a7ff6f708cacc4f0c509d
c34f383c5e773f366882e4803ed4c4e8e79d105e7e02d62a08029ce66200b6c8
9bba265892996d36e9d308bbbb22c25c0ce7cc8dc42bcbe7013d2381cffbd2fc
c10f191c0d589bed86fc7289cde87fe94629f926dfc700d0088f2def31a52594
d6dadbc05ce1786bdb67600a034a6acb6d995ad07843c1650b6d0e2a95d600de
cd55ed15625800a98227a9646699bc165de58ece7c9b59a31570337709ef515e
6cd4699290eb492fd2f11c36fd871dcbc892fc6d023ae7405f5ac74e0052a24b
978afcdd66054b2ba94fc190fa00ef26a1645eb2e18082ad75afa8431aa13c79
dc9f6e520fa0bf11efdea73253f6dfa263279250f6ec662d52e9b30af09eec59
7c041e306ee1b6b3504653110ff686b64fe796e2380839132080b7a98f1e7e69
cca0874040d438d6d0a5fa54d67a64ed62a84661a5236079e8a5480a8a6dd879
d51ac6191a0d4f33b41c278dee23851c77e37d7b8b6caa4faedbfc623270af60
2ecb330d611c4502041e2376aa2ef9b700f9573238a8bb4f46a1e4d3e1402db3
3e2115dd4458801b7490fa7ac3b0701282a9977a307075198fc8b91fa1731d7d
50b021019090191e015f146eed52603f03ff2f22f4b52f80877f16684dff4b94
2977d3bc8336daf29bbf3fcc4680516ade320a1f68ae50adaa11f29946b85336
3af2fd8db9f3923ceb8913b7f884c6ce50e52fbcaf878cbe0b128017e71de11f
7699d6d37fe71272803974ec20ab0db596eb8b5bed3928423e7070f7cfd55593
d8caf25f5079de3ef5f484db59a12ee8c6e873d554cdd3255ea2495abe6aa15b
5727c47205934ff3a7736cc0ee00f0f58d7b511d3d9d9abbc76b460bc45b1a4a
e19b7562877fc6c633ae8b4ba566654a8a697f2a6eabe947816e38ae2af60825
aeae24ecbb1c33de92abed09f88c836131788b6e07edcf649140d88426b0051f
70d7c1b30f571b8a7c46011f4a245564241b40fdfc672f16163c265ed8ee4d51
affee96ba35155da2d0117c21f025f271deb8e3e08007a77e64fcf5874b43bb9
42b2ab9fa4c93792263e0aad5a93226e0f9895a6c76fbb00127f57a5134727c8
60c8b0bbfbc06f7a5c3854c0f6f2184dc4d85903eeb9b3fe217249fcc645cdd6
fd4cf0c3ec917a5a6804c7f919f037564e032363816a65cc394fc1096d60fd68
2b5d26539cdab7f6d7a51f4a139764b9c264d721a888841983d50f0d49f80933
3043b3cd76e2a2502c4a115f2d9e4e10be720965de9d158ff1bc38c08d37c8e3
3bcbb9eee1da386713cbc85aa1fcf835789b7d32e6f44000091b02cc6fe9841c
8571f510062de1c0a9d68b69e9035a71f2350e433a32948f0b91020ff78b38cc
3f9e35b1843bf4edea4908330bfdecdf48cf62622f1962f8367562b5f39df4ad
b6d2dca968bfbcb049c629bd27ccd6770af091e7620f2d5443ba598663218f9f
c1df3df47fdfa67c5e68b2027093633b122d6e0e33befb49742a0e7ba1d2b305
5e1e676ab2941eac457e7072bba62dbd80f4c9dfa3e23033e0cb75136a95fa58
2b6b3236e25cfbb2d82aed7689978a4dfe5ebd02f265d6dc6dd3e182546ca832
b8b1b216dda80bef503bb7233ab22220bc8f0df55bd855f4ffc41410692c1259
7b78dfe9d04512192aa621204866ce7b7cbbed1c2a896169a7fc467628567368
be337395b71cc7a9eac451a53842eef5efcf5a4222b1c0c6362846ce5aa26ccc
d9814d6b0f8c8dac56bfebd857737903b41f09c5bc2cfe1db7dfabfddd9f5b7e
b9c4c5d2c8f012a942c2b3dd80c1c525d33ee2ddeb56d205b01acc0e557894de
d729151e535793175d07c3b660882f037f38517215c6b0ad638c32dd0ddcccf2
52247492523727494c3a13c731322d734853c0971c9d3abd586cf7417a133f7d
4a8654a71d7c7d9d58cbf261011257b20885573ab9124d652d36222c8da4ffb7
d329f861489afa9a3163eaf2a460cc88fe07e34d028e07ed03590333a1dace79
ce97ada8e64cda11df4edf281e4a8fcce4b73ac11291c787f3d9feea415683ed
83f44daf1f08109fd355f3f0f46bd0a11a57abae25254494b85113523345b19e
f1e8982085920cd79103f2105acc9c70d85552cd65041b8902776711b902212e
83950993846314c08a34a88c908558bffb402e062145dcd7b1897d546f51dfaa
0edaf380dbcef06e239771425ccd8f2a46642b563af55927289f23e4e61ab9ff
49ad26988763dc94a08211b91a05768f424dc42fb0985f6cd2bf0ae22b9aaef2
55f6e68fbfd9d642260370d3ce5ed36af31bd397125160369f0045f6e2c05b6a
9118394ae4b5e3b9ae3b9501c6902ae3a780a1cc39cded6ec9826bef7f805e46
91d9df8341021e08b121f0d2900030580fee2600eb97ec81dc8b5bb5e9139d23
e01b0eaba9161895e1d4a07c3b38e5c16bdc137fad1439e200106d2b1d13ae6f
4a9bb707d8b06af69420b9932264dd5b276cef50e2ad4be77cc6c1ae6737af3b
e1eb3bef70d7778571434d824f2557b5a71e3190c698572da9dfd52c33348dcf
98596bedb6b52158e943902107016fc7a2de24672086ec31c51f473094c653da
fb9a1151692ce7226a729f4c601d81c924221f53fc53986cf29f08c43540022a
72ecacc443bce52e4ac901edad0f340fef5446b88fc4f617a598cb5b3faec82e
6c7349a59513084836bd5bb9f7293b30f0f606108fd8017298d140f7b90dd87b
0e99ff8789da0d3c6d64f90c21b706610be5badafec3dcb14b406679e5886024
a955f3fbc65f4e5ba3eb7849292d1fa5393a9979c31582d2e70e787a4e7b56ac
bcfcf9067d3d36ff0313e55c42a98782252ed4cbb2fd0e6887f9ca29806ef534
d58b7150883570e21d6d2ba925c442bfba903f1fc53989bf147cd14be6694250
c56f2a6f7392fae09222d187db320ad7937bc4d36e57f8f879f6be8ae7a00f97
55b8ebb3b65c658c1a98591b0c912b29dfa2ca889c114df5d541d62263173088
bb903d119c2167fb178077f80e23b752f3a06cdbc5158cb7aaff61a1ced93a27
9772447abc13a3662a5ac09ef68a57bbfdc0d3c353f1f3e732ae2fad4f895d5a
c85e8ffb31a2c5f0b69dde5ef482b9af2a7513946cb63a5df652cd77a889b492
613e4b4d43c24088d64f79042d0f50541787099e91114018a8e72e2b5910311e
2e26a4b9fc009b1e1ca4e7b65887ace3906a61264adfc9e68f71ba0fb1a4bc8d
005c6569700c4254e983ea35816fca860b54456d67ae4f421d1844919308110f
e0bbbe2fb534e9d511fe99e75e42a35b6e2bf5cf4f7655d2c3ae69be12f93900
3ef5edbd1b163564e17150ff82f05177f8f8fb289cce667e81d86a285d3edc46
d1c5cf8c782af80601812b12ced666ad8e8869267af194a2bbe43c05d853077c
6f368f94a0df446d3a4e17f9487f5aa9f4ce9bd84497af13a9d4466dff3e48a5
749cd5a57c2be6d7e67b1cd54886f2bc1fc647ca3c23a6ba07d794acf7b6a67f
32ca854de0da9d0ab73882a88d935cb324fd13414e6ac357e3e34dd7d092ea7d
05b7146bd2ac64d2d8023d977164426da8dc09cd384f63153844bf863cf3c334
3c711713006e11d1e764c2a9417b041f829ff7ad1d466a1ea316b648707ef6a5
b95e53c0d3971b46673d7cc2838112141cf471b268e9d2006a379a7be104ec98
3e80f59d2e5d8a4f547a488d1b9f98642416326551197e31818354b0836a9be5
0fa00fd128ad1e2e4032db5f5961a8eb9773b5eed0ef6ab77b9b960278e71e0b
ad6bf8ad205db0b67707c8cfdc75dcba9a264877ddacfa3ae3a81798cd00868c
45138a1c7cf761677c44b3c569cf8ae4ef504cdcb51e356960abceb0a8b99334
d40284add21d76b525bf1cc51c2ca2664fe2dda58f67ca761cb9b53861bbe50a
cb1879e332d5e81869d3eb4e7873f656163528d526d54516d60e7fffd526171a
910148ebace3a62c4f842d76e20025a4e8e26f53fd61949f4d4ce85bd7407437
164bbee65e8b04f1df2e4a66adb2200ada59e012b5a566cb0fa39b0dfd4081ff
db6a97fa1e4cd21ac20dab15fbb9c49a036d37b70eb85a77cab93a4d93d1c491
8a2ff0251397f33353701d9946c18b5941a065ebc846303b55eb2075e0aa56c6
89946398911a0141743420bc3b612d385a02d188cba43932f6223fd6cde9ec83
8657631c6c6162ef679c0ecd97887e77024eeb549b1920e339af640f5781c39b
36bc5b48a1bea93d206c4ee61f04794a305761d816588022c97d375b6da01fef
e670f748b58da5d6f3bab3b0a02a0effe20edd01d50c89e3ba0d754ccced88ad
f2bc1d9ea73c9579339dfb41085a1ce813aace91014d24e3b75e1d56cfba965c
085db5b6a94c20452f066bc93709cec32c984782782f85eb3a45c382660c254c
fee24d5a103489a1ec698fb86f2d7ce16dd7c7b3a39c86f790b830d608f4b835
b6fc9ab276f17a2f7b38e349f4c17228aba17f9f03850af554892624ba64bfe0
c0a718dea965547aab9b8341c23f68b7b6e51d608e6b559f0e80ca295a3d5d47
52903556362d5d65c646836d4917519407be6365a3bf4a94640aa29dbc1f120f
6a5e98e29f8b42f06440608e6455a4bee086677eec09e276a6cb0ccf9c1e2d5c
c42cb6f7d4f29f6712c844d345c890b844f3f8ad185aee2ec31a51ea39b5863a
6c2b4724c1e08c8e164496ca549ce282b0e52c4ed4a90853aa56a8359c4c1076
7d3f9400866342f88314a33a0b531583bd38ba944bdce1279d102451cc69e5c7
95f6bcc7ca01d4222f9dc9b227d3bed6cc78260edec8d8c2386fdc8011a79ea0
20825d721323ff3b937aed96169842901de95e2b5ab4883c3e85dda80931483b
fc6a8c3a524b9810337256cbb71554d8f2ab6117ea42ecde3ebd053750b8f92a
ade329a32bf2316f97ae23d55343c27952f9a5e526677c3c57a155cb39bb924b
c365d79cc93f3e0373bca5df47276599e4b0c289404c66f7612ca53ec2938108
2936e6662b40aeb2cc8a6e559a1bd1359563f78a574f74ad64826e14d6ba0d1e
ae89672649895315ac25291b1e083c7c2c64cffb1da41a29f1b0a0bdf5cb6ee8
56dd857ccf15f57dfe0e4d2c8bc1e8fda62c279e3834a72b3c838618f4dfe753
360751d29f33f88e843baacfd29209c0f63e9492d11f9c2a1cb6b24297dbd16c
7b46cc91992da0469f0c7501eea2919968432312db23d0bb2c833658c0fae945
27566c99c70fbdb2f0051181d9491141a47e4e1bd658eda30ab2405421046fed
b9ed4af2926e2a2d7f005261098e5495dea3fa8854f247811e316f288f1c76c7
9d0f4c6b332cc024f8b0c2bfed135d3f999d0708a5ba33eba6a6ab6cfd0ac956
188af2b15163a5e724fea10cdcec1370bab10cf36f8c6c68deadab847aa82fe0
27adf984e0bba716641f6419838aa16dbb02f7fccf8e00a625251053b9344abc
dbb8141260bd71a2c3d1e69fbc476fd24120740691a4f713ac261b1a0b36a179
13b95024173c1ba48bf31be22e290570357d6392599a2ffb8832c15ecd9ba908
37c213779961632a237b29711ce5eeb6ca1251d76c979d11f5a9a82786ee0f10
038fabd5447ed72202dc7c6f4175ecbcf0ff0bc0c2e31728ae2f88dca523e55f
aa9dc95704edc50b59cfdc34976aab9c4c1ab72041368f5bc25f35c22b0092f5
f8774db18497f3eb2725fc3ae4355d2909efc072cd528b6fe44458391cd0d09a
0c93fb35d95ef530fc561922f05f6850df574c86860dea816853f8c4c3c3e3d1
0c8726b83a6b1f3c4bd19d57666c6191d03be7c69f5ceb1791b29ef0195b1746
566ac02b02e58494ecbc43838cdc63952a9aa6334c5449595a0a95a827966304
480917e2a4aba526fd793af98558a3c7ea34bcebc136917aa0b711864d8781e5
4afb59259d628ca0d9d06a8c8f2278228f77c82b137b072ed1427cfa73ec47b6
167f498b3694dcfbb4848ff8762a38e8630bddfbec4e26eab21cecc984904837
59865d779d561a73c8c7dfe7f945c0914b026a643f58eea0bffbca28e009d998
f73b6e8d0c6f5c142b05ce65b9504f0f48a4ed1668dea7cb1a68f850c96630e5
949a6fc2ceedbe4ad4113d84b3161595f813e435fadcd7b4f2596e99cce88dfc
e8d90ea6de0093b0e48b1a8c0eff26a8a6405e8d7ed732314f985109e4d46293
204ca778d51c7fd903baac378d61ef48baa24e35ee98117245819b8f7a81c5e4
31cf13eec4497494eb708716656ab17011473dfebda723d5af6753097bd25af6
51cd46592478e8bd604507122af8d47e2d0ba68ab6106905edb08bc3694381f0
ad6a902694f1c970a18c51355d8506af43876f3b273e4d717fae9a246dcd3ec4
25aabfc1dc93692f24c82e5b890b4c3aa94db004f7cc07d58bba5e3199ccd661
30b35d9fcc048843657ccbb6025a22b7546801f9a5e93e6932bfe81f89b2be07
ecc45e1f4497c33562425d0ffa3005843f04e5c701dea89f737f5c1900e30d16
821a9fc8f4966a1779ccc845158cc91cd6343ad3628862e3b6cd09e2fac5dc91
41c98d77ba0c1ec22e6ea0943f2939adc7d7996b4fb1f8e2e7815856084bcb6d
35e5557674ad4f4958adc3e7943d0e137d7857c2e2a8b7a293d80e305c4591a5
8c7513d4af0e9472c05442eb5f80e0bdca549af57dcf3b508a52a3793fda194a
377080832fa1d8f190ad3588774a2a631a22372441a49a6e2fb955ab46e20a69
583ff879ca8cf4e180fcda69cb26d102bb3c2072931c251a2c44b8573a8395d5
70b89ed4cb01ce28a66f1ec51c5e20bbda06ceb47f81201d7a30875c3a5321c2
0352784c94276de000a8b67ab56ab338e76a755bec184e8252c92883367fb0f3
5e5bd3fccbd3bc3eb3e3d4905f76adc51d5ba6c418c1b6c9f1677e60a1587173
e274b0e600fc1730c21df71ed838fdf621e9bf5ec7b37bc24d92690f1e8ad112
a729fbba5a330e90f47d0bb1324df00e925b2c72aaee80ad2580451754026f48
7585f686901abdec60c2b86a3c17254b9a3b8921008f35f4e43710bd394667be
0836191b1cce27a922567a051a1b2418d0630be5dc1167c971ca33830bd61b63
25ec95e4441251931bfd6539b94d2755af2f4b38c47e6839994787689fe4b78c
90953bfa4e8a39470797eae2fec7c0c1e177869cfdfd013f52d1bad779094aa1
dc83d89a28763b324a9448643f8e0b257fa9769964304c7d3417ff67f749b594
9d0b14a722c4ee8989557b1332bf38efb3cb3b10736fd137c2bdee15c0255682
c11ac7346c358cc1cb4f70fa62e8d02b5877173e2a505430163350d675b936fe
c539a550ecba4e36a8aba7820b9eab145f23d217e7f578fd54aac8c3dfe6f189
10790042c0f54136187ad8d57f9d53b2972f2ed87733b1cc626e6eee0be9b4c5
40b98aea069c46d47de7745e5a227a33be338fa4f0c4f55be6d67fa80e4b99a0
e9f3673689e8c802822d1578f61ea2b0ecdfdf85507e88344f55cbb2475815ae
102ccf9e8626711f54e7d0d8bf51ee84a4ab190988f0f4bd839fa8525a952ad3
0469356a427a0f0cac6acbf1424e02404dba213a3ed4c833e63d7c3bc67f8e27
d7ce6d9ba66929db92ab0996800f415369f5088d22a6a15cd86853c8116dc82d
4d8b085920fdabbc9f57b709fc2001e96deff119e678e24c3fb0c5f1ad24db7e
776de9b59cb1d3371718a75bc3e3b6c0287a3ef7fc47a303b113b5b648115371
b190cf9b7e39b1014e7fbf3b33baa8d7a212ca26fd71cd3dd04eb151a9c88fb2
7d8c53318ae8e5a623c5f1117aca0c487a87b23b4c179e174b08f7066e70b7be
3ce96c876e6c72b58db536eda722377f5b6187c0fdf576103e865e00ced259d5
33ee68fbc60ca5fd710c7754828b460ef32fdd91986d76c82224d9990fa116ec
08327f548a92344d98f3f97f5f80956395aebb8a9343df32609c7c555046b712
8f3ceb8d8e6f06c9e1376d88250994209a57830337596f900ce1008c7aefe5d0
fe3c06c3003cf72873fbeceb787695d91392f6cb763e40abe814ea51ed5b303a
bb43d60586e32f66a43f4d420a900b567618030fd0ff15247b861774c0d53ada
6ea73014f5e3b0c61bcff5edef2bab24a5f69a7195f1e90d0bb2dadfd941b75f
1969c96c872e2d5ea5cad84660e391be95e2d99784524170cfdc0b43a4a807e4
cbbab0c6f8d74a1ecfc5caf3dabd0a75cda2231f9277130bf74fd4ffbdfabb82
8aa8a4150c40ff39a8ad683a6b998114f53197113feb6df9f2d455cb51263d5a
98d2877e3d98918eb78e42792b611cd426c4f59ea0dfe448a1ea26fe04497a2e
cd5ee1292dfb115aa112cbae4451042ed121a3cff4cd84cb0fa3215e3c22b915
fe499be9828f698f7af9f8e1db69d08cde9ff54ac41f611ab5335d9bf7ce78dc
79057dbae847385f0472547588f3404356757ef0b4e9783c91f798717121681e
2d533e8c126277c1e100464dbca006d0be3e36aa216b00c4864c70fb18ab2062
594383e405ce77e654f1302dc2e7617146779006d638d69d2fbfc4c552e2f4ab
59be88fac1cdbea4965fffff0d71d2157e1cace7134a9a8a3834a8d99c1be0a5
6ec93a8114539fe130efbbbbef8dba4a83be9347206ad94791b00ef5d8ec6060
38fa6791223dc1d9aa07ffc37613f868c7c6fea235655759f4702dae5cbfdaa7
4bf649f2d4c1a04bd78cad6ad303de0637b8048c12526e1046e31b67ca986c78
7e2894ef2b9c0f2c303bf19b026ad1483b2da3c67057ab9e3ecb4f22b6ebb26d
3e23ca0c40b68d851a9ae84180890173475564cbb619549432ee28085ead3920
8d2ef4553d699990c68d5ac7a85dec257b700f091261898e24b9bdcac52997b4
e7ea0d91bf9b00cab1dd2c4021059fd7a5bf62f925db5943d9d1ca45891ae87e
90246494919b65550050ea3f74de71aacb6391f1055f6afc65bb1f3724fe546d
fa42f7f71f8e9b7e2beab938bf1011b7787b51c2b8d19df34bcae4a6d9e090c9
3dc088f58ed9a3a60b1e1d0b7811ad1203f0c449b5bb652cbb61b32d684cce1c
f3877c4004129032bc2a8970301ebf6a3c724bc9ab7554c2b53ff6371be42178
f8711fe9e389940b837bc312a7596a345f547325e83350e384620774edece8c9
c37cce6b09cf0e2136189bbcdd30038d0ae4cdc3fcb5d0cbd0a8678b723c21dd
b2148febac45a53cc1b19d25576ff65594da591f14ab36fa316e31a49f64755d
7713bdf26eafd558ba7ab04d72dbfbc5f42c7eca1e3a300c31a90c34ca922e1b
ed998c558243229eb84eaebacc07798ca0e714a8a4bfe9a798c36edf86336069
7474107c70521e7b97863efc2433b83ce81c7a693df9da3ecb1bdd816275c5fc
45b5b70f98f139208967244b7f1c495e91f513e93d5bc78a5a997389680148c8
76ec3aec14e388720773f87ebf988ceb8016a5cd72ef365220f738d8a28d7d2f
2671e705eaea56e53a97919cf0d6221d76d12dae0a1a672b9a10f93839bd793c
5be67f3147035ff39b3b430e2f2b44bb5bc9545bd6f5ef5af3f5094bcfbb32e5
70533accc345bcf5f9b100a95ca7c9bf9eb402985de73d75c015a6f2b49b7f74
e89ff8eaa231f69bda8ffc7398505b49c5a4a186b74bb40ac4775ddbe607c0f8
a509fe4133c975011847a504d9578c4b32800eb92620037aed3b34cdf9ffd865
2963751c5ea822eda0e96ede2804fe975169b1122a66d7c6ad67ef5eb5020440
e58e26a12c4309dd5b2732c75d6fe86426de9b2461f0e816180ec64fb2faa705
407a9d916cfed625a5c6f1667e238b0b6e8b8b3f01833e4a0ae8817c1dad75b7
a214ba933eaa7c7b22a500546e23a9bb03a6f5794ca0cc2be43087f124762880
d3853cf28674209e5b6884dfa86b5068856328ba56393ba7d762782e8a32205d
32916f5416bce5d71050b7b104e85c6f6a8e43566b8aea5d9e09ad452638962f
2412271c40ca548873e116f7e7c705ba947ce42871a8fcbfcfb95a2a1744aeda
bb6577fbcd79c72df81a349afe6134bbe7fd474637e892dbf93d73979034d55f
39af576bfefd5fba60c5cd44f23e1f3dc5bdd664b59abbbae6e1594985c2595b
ed9197432d1ef9e5b9416be6ce1ba03ce3f83db2b2de708c526e3183e8d2086d
9807dd6a2ded82138f76d123792aef5cc4601205c13415d98e32961b47dbd035
b1e1c68eccd4ad563deff9ddf910feb455c65cc205e95dc23a69f32a0e2bb551
fbbde51e81375494d7c9a8f1402aa3601d2edb176836f5ccf709d124cac1cf60
31848bd7d20b50aea1ec94a0eea4b5943886a378ee2461af1e3b8a30cfebb82b
0205c20d3ad9e312f6642f280bc58e959502410fc5a95d4352b2676babaa58fb
284013e8e531b1150cdbeb19a00d13a2d135cc2f7b6e1924b1c48eb3a64e399c
e7c06e58e3a4f342222a2f56d69872fbe49a05700995c76de7c0cd35b6dbcf3b
d96b357516851b82aec5938c1a53d38656819c11cd877f653f99d797cade8885
5f7ef1b02a1429a95113dfb4c0aa275f34473a2fdcabd35d0e2041913c61b961
aec3679574473e8b7ad1f4389630b9540cbf132440879778aecbddd4f840c4eb
48ee67c6b582f584ac78f78936741ce89d6b17324944076901d19ddced407392
d2dd7c6d7cabeb5eaef09c585371843d5af76855f7a955c18260c412cc231f08
179ca4d5108e259719517610b27b948f2effa9ac10344fdd231480aa9efd3a62
1d3b31b51390f1f4768a767aa2034146472c7756bc886d90b846200bf1f85041
72274a96438fe9c7d359cee2a9d7cf896d6cad24a7bb9ed888966ca7d0b31faf
ba40fde46296d87446d258066bf69b74ff19f4ff7e89a24f6213d260aeaf3258
6c77c354011269fcb78dc1ac3e65dc85b0631c307d09248a9c5dcace4542e37c
3369574fa853e5b978b40378149f1db880ec3c8a01110ce4fb96267a7425a5d9
26c2e5cb7c4d9dc284162c9f8a122a8d576a317e92d16414607b684b15d78474
ae1cc856e4ebe0f412167c06417e62100a2a09753101fc17dac8021709b8b483
fd87ddf2026c4f3dd647189d9351671b6f06309d81c03a5f632de709167fe3d0
543fe6d109f82e551651fe5d67d5c74903e44180b888c78b7d74231056d4afde
8cd47824d014144ee570f84241e5778e97225fe66d456b4a62858a6265d60b08
fd02b4878d48b90719481e8e6d2a09a028813c2ac5e78a4aae1b67e7acf44511
959f4ccaa669393ee731b85ab8bc48f9968e6ea5628722b1e81420f2d6f33a02
ff228854c5303a9aec51b08d49b9d5a7cb2f47115fda7d740a9c6192299a4260
f1035a9c025c5ba584c6080f7a7f6fd6294df300a71383f529cbf80b264ea85c
a4d416b117e7baa3fd1dd0cfa4cd80577ec7b211d7c14358a61665e1615c9226
8f16e81a065fa16016f771609f114cde4adafa63c96539374134970e3c600324
4766d8cbc115b829d581eeb657a4d00b35c8aa3a4a5961628b41863684e499ae
cce0a4c238b8d95dce1629e6b1acfc3687611e7cbc8b5bdbb014604aec294cd4
1c9aa31e83d625da0b46e80e81f0ebebcd3ac0ba5c24a587a32e247a77d8fb4e
b594d81be22efefc2ada602a4eb1ff8d7437113b407031b5651a44fbffc8e2e7
2cfeac02cbc818e8734a5ac48b2c670964aa289794c47d7c8889d8e81a3236b4
77ef8ceb46f90255c6ea3f6c6041e4aeb9ecfc8f961851f62ca3e8eb29bdc5d8
9507eeff9c8b12f3af6d25c6f669193080264ea7e06302a070e4981f9fbc53a7
4e269181a6fb4dcf9124d128a095bba83184eda8ab96f5eff3c546f4c0a5547d
45e494e7402c1d00abfc7b391ef01d526078f52449ff80a573aaa9fecedf2134
815049324e657b12dd23c43ff10a29fd430e9c1e8019704b4d03da14a3c32e34
d5fffb5d80eec010bd4842072596a8351718a39ff4d4cc608c3f0fd22f9431ce
ee9c15ff8c9b03c6976419bd5e2503fd7d14f315d9332de9a54d09f075388a6b
4adf3470ba53d082eeefe5d2c99eda6565b0a105dd851c555f4c3d9df61e3775
7732fb12bf4a069074af058be43e5705189985dd903944d15cf461eff0cd6f32
5bdb92d0251dd7e90d1cda4b102476fea889333bb807681fcbd81367e2e46ba1
e800fe26e00bb9b08d0d2fea47ca7c10d70fd1c345819f7f64ffd8f852d8f1e8
782a0cb39e1a7ed7cf6e2d31adbc851674b065b56f2a09c764186f9dc31a0f9f
13ed2333163baaf62489f311184a2fc16babedb5b66e5f05af364c51f09c5f1f
38de3f5f2b769ba6d55dd4dc89dc7d6e010caf621db1f30137b438d2012c5d73
cc84c53c608b7c333d32fa28e00f7db4ad18ab8fa778709e063555fc38a0fbc5
65ff9e10e099b04f277e3175fdfe39839d2c76537a08bf551a1afa81a10e4043
e1a60f8209c76bc5ac9ac8205ea448a186b7852e836c7222a4384f21252e67dd
a718064877a08cd7fe0391a311417888e38979fb7b058ebb39298c75d4a21d1c
319542747c1d09fc8fc2c286cb4c0c04b80e12c77c523f49de24ddf2a4ea0d3d
04a83e0f3a17a710a5a48536e84a6400b9fdd1be2f67fc009bfb79336782c9fb
419718a740aa743826051fed16ecdb18ade888b19ffa9436d697143d3f869548
e52ad85a7aadc62c04ecd151494b69e5ba7d687016f31efe6790aee28db2cf0d
908c35ae20d096d947280503a2f2b5f5caff3e27cf34e18d5dbfd2d04c0fee08
4b18243286dd924823d43c3e6f4d3e38eafa1b6d657ee317812d786a9b04070f
979c8d8e6cf0119943849cfcb89ecf3e0e4f2ed209bf75ea830ce068f8fb4848
e2e06e27ce2be76e9e1703328b73f9566f44de1e36d4de3c4ec710c80c6fbe2f
48dde173b05ab544151c52b2778bfa1bfdfc1b9729fd1e54a73826830d53b403
5ec6c4a24a827ccb5fd4771c5f0bf4ac4b25285c2454d609f68d670cfca99ef0
648b1e4969f83558281238ce2023eca55023079bf77ebb3a240414164656b702
da5685658f24b16be46949ad2f41b731ed386e94550b0ceb3c3a9b0d0a2ad6a2
8c3303238e8eefbf98f94ebe4a7a814214469754bf96036990128b8416b3aec5
2a4ae5f02b380decdd74d82fc3486e3df5ed57ce345266715194cb71921e6117
047b83e85fdffc5f6c284fed16a2ddd3240743e48972dbbedfee81a1bf04497c
cb7848c37d3d2b56ed85edecdaeafb3875c1fdf970d201c9757c9b0a15fcd2d8
e24055da73e249d2006eb9f17eba9e8529d6e83bf0be3ecb3b38d5784796e0a6
41f3525c2678cdc66ff0150e827219e320c8ab2a27eddffadd01b38d506997c1
bad05bd56c4a5c84ee0dc6243257469a2885c8525de4bd177363006fab79140a
af8808e6e530c381a44fb02f96386980e689f45c17291f458b6a2de438a2797d
adb8d25f420f9045be24229166d4ae0156d1bc0430e89444c0343d6493471139
9a33ab0b2f7409eb60d97b99ce1c723ae057749d64348f33e27efd89c0999a19
381229b5393992b5a85076f880f18b0ce554359a5971d15a2b34c4ae152a0a8e
da64fa351a8cc0e11b9582c5652d9a8169106aa689e32cc14f2c65ae7f9f7f5a
9842053ee0693cdf384fe415ba34a67c59a12546f8113bd9ec9e44bbd1a87506
a73f704ffe2c8a8956b7a0bcc3c2e54c59457aa92d4eb8ac5d67a0ce263f142c
61807524a23b94812dd49ebcbd25df76d1de233e37cb155ab01100b1ec8dadb5
6b4c6ead8d7200f16e7004fab53e56ffcf4005b735f2eeedffcf668261e17735
17793779f0efbeb99600cf15d2e41a1ac42075a7b9af99dd47008b60f211c5e2
95cc3d2139db7fef087401a54a7712f6f1e445d42556b6387ceb5ae4c68c80a6
6e6d363bec46a9faf2830ed0a66a3b2f60ed5b907a9990525fce43ae345c6a42
0b0990998f08ba136abce8b97418d54c91c2fe60985f710c93244be2da4a4351
8d0a0f454ea02526701c4a1a8d43019c14e45d6d9c109710727bd04ad36021e4
d432256b7e776e4d2a2131a1977e94ad3f4651576a9574e6e2f720273a858c93
61b7ee784066d2ae79b34928cb65f883e85e715d63b4051055a48fab052fc27b
297a19aa1e93750f9afa28bfa8b8cc711cf2ea2493b1dbc3c081f99ed8aff8a1
a7dd826aa3001133e4f2654f2077ba9c13b2c53d3dc6b98b5d0ba7054ed2f49b
f7df1ab0a2d40775de6507ae56e40006bf38cb5013b2c2c74bb7d7fb440c026c
8ffb05aaf00b2639e84b89ad8c3f3cd31405920393e38df245a9cc536258b638
fb7931d332d1c1339eff6fb8a5cb8ca5dd31100149c7c1a707fe5af253d0df1c
af6cbc6946caec35e852444cad8de507774ba5cd1681e32ed364dd7a9e38a2a5
7722a349ab7b6969f6655132675de4634175bf8d54d7231ec27cf0499f27ea11
24e74f2be2194e67751c041c924fea04d54794cc5ecd6834293b5310cb5ef4c9
7f8abaa5b3dabf26ed5e43b4f9b6e94d9fe7eb205bebeb6faba4dcf9046f33df
553f685d0e7bddd8e05ec5b1de63c38e629297f8865a28ab2ad4f7c8e4a3db01
9f9e09ed01b57730b6a215997ff120a1cf87f27b83d9bbbf7b5eee03318e226d
4e98b2c34e0ccbfe89018ee3798df0de054dd0f544367408b9260a46c005594b
0e755ab4b7bd9eb898bdea06d006c3201d63256831426571ca10b84dc30f8209
1d789e00420462f42ed72ff5447b6a9ec16fd2d60bd2fa6af7f28e0ff696bd1e
7bda53a1896004d19543dc68746a43dd28b52f9b48c04a91645502c26113c729
dabe15e90489e5cc4b9bd50564b96111eabf410c78b193aa2ea3b1facf4f15d6
46932d79698d1707da8a4c262d60f1aa1798d0f2b8e65f6174a1056f4ecb232e
71cf104e36c131c3fe930a3a11819ad1cde43e62c932d27c0b4c0e221bbfc58b
e96172c7ffe074c3080984ab3d4ff80df9ef07497a4824e0efd14168a2adf937
6dda00138c41a22d560cf40e709349f95faa2546b920a46cb710a6db9e0dba1e
ca79a8176a60545ac2ed891609f4133cf7bf989de21f7c1b7ce0ae5428362236
ea4ea1ff9fa6ade46fc708c7990b4749b2358cc2eb055afef3ff4a4ab00befac
95fc8da8fefeb1aad7afe43527c71b9f4a0ac3fe8e8c0de6d0e03b345dccebf8
923c40ad09966e51d6c8ae693a35105df96300ef4c6ec05f965ec4e579abf129
f294f54f41d763e49acc944070f7495f5e1b146ca818adfa195f611cdc5ae621
bfc3564e177fbe6e321589887df2f2970744632f4883de77780276bf223be2a0
d4abd2c8a82773cdf48210f3f34e88c62d455a1b96e44a9f0793d0a648379c4a
2b0e237178a1c04b024f9482f77cde29ff4e5dbf20689b074ee810ec30870b40
4cf0d9f34e8cc57319bf5af5218789f0c6028c926b511ac0387a54cddc1703f9
bf5214512e71cc8a39e18a6925453f0ddae6c556bd48763c3f270115eb4cac03
1e82f27891cd06b5a771a78e5a825ee7e1ba41a1f0378c305f426b019ba4072b
55a585b7de591008eee1575a9197d59494674628a9f346d689311316bc9598df
f76f21f0699212ded51f24301821550faf901847c7d2a6bbba2c52904af6d870
b9a32a0fe737458d7f348cbdddd39fb97ed83bc1144340dd990256be1b0e31c3
3bfe6b92652705112ae0f761a4df08effb9cb06bb74864cbfdcef6fd6e4c1abf
a229c23563be190f5483fc2a64ed532a657ff657cd2c324c32987e40e4aabcc1
78aee3a54aa5a0b8efa0434055604435b12f8170c8dd30c0ec2558911f9ec68e
dfd2bf88810968c683bd9c98ea8d58f60ab54f46ad1de3a3e9f4b6f9eb1a6fe9
e3198071b263aeb2874c7739d5abe171c33d065ad34a604e5ed7a12c9ad10e6f
c320ce45295f653d3893e04801cc8087a4dbe2c67c5877a131d041cbad721764
ba9a2a2c4b213754166fdde1991b8cddb862acba4f5880e3e77ef6cb77be3b0b
5174d154fb659ff68ba30a8e4ce5c3bfceac4c257e6ff4c6c9381b77609691e8
55d03c3279f9311f4dd8e4533f407879887bc944fe879f10a6bf912c1a6c1600
3beaaf2d40060238569eec484c33ec2fa67a658dcf826e90f4be12f67aa4b6a1
13b6b2a0545ce5238bf6873f9b3c53e37c16fffa3f36a00ae9c50cf202b03b21
9c35a0303b19e1a98206bbe0a66ff82012558dcb340e2d753453014fe21eb32f
014d3ecb80c13cfc7e62ee84f10540617f820c194d7375e9839da43466910c0e
7bc8ffee56e321b14749c5acf4d4e45979fab268764dd94f36bd0f21241b319f
52e129ff6b9daa0a9f97f9a0424e9ff16fe33ad525b781e3933fc2a7dcb6ec83
9a52bd0dff03831c555a108f74f663d4579722c205d8364b28412f40037435df
716ecf022e6567b10c2c7334420dc2c0aad57b5e5b4ccf9d4280c79b613373ba
70fc937466150c6ac15342ed7e45df8d53fbec271ee42aaa05b3d4e4f17bc4c8
a59da3ce2eafd33ecd1c75dfd90f1d173b25241b77ff5088d2cf16fe960592bc
61888b214dd59a315833b3683d39e17fe1907500a14c6199e25d205f6eaff607
a6770b94e19ada532a1d82c8310d4eb16ccef35a3893acb96b386a225fcecef9
bb1949161ce7f7540ebfbf6009ac9b44e71bd2899569f8da3a0e5148de2f05bc
277f3ce99624d23482dd8b9a52229041272a0d95d59bb4935e6ebc66d28c8964
78556c1b889e71714d06d90e42196df53aa54247507457a31e1fc8d981cbb930
8d2732c468477fb564c15254cc841b96a5dd8b2ff641dabce77625497eedc66c
6f1ff9b57e9bacaefa9a19c8de4b025d849649a19b8d34d1e4aec8c178579754
4be0a40fb5b798441e235cf4040f8e8181f134fcebb88113efae2b57f6baeb32
0a4616e3adeb4796facbf4bfb5f82a24111cf0f60c70cd6d74f83108b48d7a9e
3c353e80500c9558eb3437d46d0c35a63f8491a83707c72e06a42d29545cd74c
2581c45d23dc9b69361f43a70d50ad90c9e502653385ea66ad12a1fc7709bcd7
1e95b882d7939a3fdf37da3f01cad261bdcbbd9239e1358760a60bc5952b0de8
df7e6b1740f8deb2db198438c0af13ecb57b55e5645b4d5360fe08cf5a243568
78a9e531a58b8fbbc995ea5e80eaed2830205af1e88ae6fd40e431a4c72d6934
6c7d1d567e06271016623e1719a64fb7f4b02575d17d757c90208255524959dc
ac7a77506625519bef8294cd5fd3374f9c9b7adb1b677741191761b7229c2e15
32f39facf43bec9198be3aa37c9caf4df57c373f4c1d9c13428db1408c8c5bc7
77934e53ee620a7a9a9bafe72f82d58cac5c58d097630c67e56791c0cd1bde36
b10170c2176844b1f1ac0e1f84fe19eafbc4a28b05e418262e48623f29179f3a
fcfd8c054b23c074ba89eb6598049f7f3d16364d366e07860c6faae9ad4744b5
ca817cb8f41bb42ba248d91475d0a90111847a1c7c3441a92d6d6a2b68e1f570
9c9ba6702d060267f4d3f15e44d0707778bb3196a3dae5893aaf7f39463fbe2a
de9b777fedfb36f734d4ca3bc48e541bc52b2593ba788af0fb7797d9d49e5deb
e4ce323999d04f33c38ac269b3c650261df04a51481b220e9886a920dc9c5c2f
718ac7d5214f6f5b4fb2a65cd9ed4ab97bb2f799d9138db0696ce270464d9025
fcdd5f5c69d67dde23059ec3a5234d02261f446767b153429e23f7d8d5c1d4cd
6af0011eba1382e0328238aaae4261bdf9bf698dbfd83e28b119c438c6767919
0b8d5499a9380af89b349d777685e6e1da1ad5ced965dd49d54d08e9b563bea5
2f2282f1e7ee1a41b809114b2866198947e649b53205e7fe513855023f0c1d28
135ff6e0a27c93e6876f64a0234d5a34a764f5a4f3a9477c89d0531785066731
daba7ed57f6e4c959fa9074de65c8397cba6a1bd7d4bf41c74d875f00064e24a
598668937a991c77cb01c2b39980a8c35e3507ce3af77afb34cd95273d07d5b6
75f1b55b10031fc9c1a9f8b05b8c5971c08f0fc2d100d165c33db9b13c7e2e5f
84f17abde604e33ad4d751d2683854d869707003e008910708bbfa05e7a284b2
c1db9262b2fbd502a232d66066863787f4dc181bc22e1b41024970fd2d9b9179
395dfd5f029a5dac4e0bcc79478b607b0cde5afa78bb0c98c29b023f1ef94393
984164e9d2242a851ea8f3f65ffe1d0edbe6253076b755c8c6ef1934c37eac98
430bdad50aaf7eddb94c3255635d955cbfeb9fc1f24eb1343f556a32de1265ae
3b1821a8236f8cede3fc65d0d90c6be2d1a8fdcd1ebe8a2b94c9ccb1a1bccd7c
f963228b414a58c445d068e764003aa405bcd1b47f01a0afb621870e272350bd
bc79565d126794a9b0f95285ea45bd112dfd76dae4284ab9ceac509f3b2c5082
adf2ad5adff68e88d5063ecbc28f4ffff49d1a05e098729e77fa4856946f297b
8ef97ab49dae6f13d9a3296616877e1316cd49b2444c2df2034aba7cb661f10a
22bb9e8a7e906397ab7b28afe1b2b78c83e262553ad621cba00d6734c28d82ba
d27e1646266179a4ab94e68f100f08509a92e989ed5b5a57d1b43849b3d06530
5e3fe3f1539ce3adf5a35ada6ccd1881cbeb162eb0f048bb7eb33cc0de382dcd
f4c0c4a1945917dc8ee2576fe6c5c9d9cc3e4feaebe8f67e7966e544e3e67da9
5eeaae6931fcdad1d1e570b6b1403745e5b18ffa2490fc77c62b1662c0df4e02
2a97534423336897795fd5a44cbc0a25e192b8d0e82ffd44d9b494b286f91b0e
5bf85955cb83556e3fe6d32e6d26cafd31d9c1e84526128bc6e0efd058a7d9a4
7556a67cf0ee343afc077e739cc1b7fbbc8bdaedc72a5aa9efb982f5a7a46394
bf51f2325f7107ad5ab0a1b59f01521e4a6d292130bdb17974440e953766646b
10e985ae4b5a3eaf9653645ccba97bc2a36a513e86794b0d238a83e012b42569
973c6f747bfd6451ae43a820d3a2b26f28a73170d4ab5503272f2c5ddbcffd81
c1b864c5ef17910e28e029493dfc4bff1617341ef705612f7fff50ed8f18d713
5145e05ebe2ff054723c8998bd34e4652469f01d91059180f471938b47035a31
a59c64d81b2f7901d9404eac5d92be07be2d27a0a09a21047f747d5dd79ed030
15c65aade52280ff118ab375e5ec62dc41895a2159b2bd399f989a6302b772c3
0af34159b4abe1126cf945e0cf06b0c58ccda65fd91d2574ff9e94f90b049899
143fb2ea09f5aa68b17b5ef7f16a5aa6c35acad9bb2fd1deb9223774e3d2582b
f0a34d58b12670bf99d949d8b1470a49432d804171fdb622c54e020b26c66bbb
49a007d2c0fba0ad52c70ebdbece2a29142cc4d5a3c6c0a44637ad6656937e88
9b712092399c465001428d22f9b369c6d049278cdb9aa9b43f2b7b06e84ff205
c252fe532aad10ee8a5e28f5ec4dc312871ec6ca6b1afc6483420f21537d9cc1
16b0f08cbcfe519358b0d5ad5cde72b4b0baf55d6e52d602caa50086c7e520a4
3b459b5a0bd27f9f6227b49d0baa6728773ff658b1cb6026a2e6c13529eb15d9
13941b2d731304ba5cdf7d98adcb16e67691d529b299905314c8c94599c11a82
08ead346baee338531af9beddf40a4e455c85d3217c0ca5c197a29e0cfd651be
1fdd2e0e97b766c475fd9e7203aba42fe787f1e1a68258550185aed8ee345ed1
4d3bb32d1fd659e88b713e3ebe9d645d30de624c7d00773ebc7c853d266f6381
f68f12255f09147c94c37097bf3393670dbfcfc95633daae73c9f715a08dc0ef
8cf51ea9322928fb395bdbaa4be638ee5c5317b6034305a990c248ec0410ac74
f640151f055f6b9f97b99a9fa838af58838ee5fcb5c42213ccf22628fe4bc331
517d44274f82ceca8c069733fd65787fd10760c53d637a6f2665b791db1e30ff
3c2854d85f019415af7918e5b180ddba8afc307921be598ae729bd8fa21b93d6
353b6f6c3c15c09c7dccc36e1464dc16fab05f6e52e680ce12d9ce3ed63fa255
5674a0cc45abe06ed9ae9d6b7b1a1be28b4f9afd4a38f5554e4b3ce467900738
49e61de1e99f14e55376b97006bfc5c84ee59b0069457b856a8b47ac2eec0212
d6ac5a6c03fb641fc391f6bba59d4799726fd0093c44b925fafd0cfdb745bc27
8346951d9a0f8ae79cbcca2371c2bd4d0fb2c0eb438fe7bda39f89851026956e
727d8743e3750a731299cd83ed0295a6bcf9872684c01ca82b86d7033451e532
50332d0af2b10e396a45cf768b26e62c9b8d0d9bf4b5e38e43dfffb84227349c
3a14a609da99aace0229cb6455ad1b521d851450e650e69c46980e68f682381a
08ae85f6833ce94c9cebca4abaa0c0b755439d3e4b29b2a1805c422a6f297e49
f9ede66c11fdf0382955dcabef793822200e238a577871d716db5a247cf2e0e5
1bcf22ec4e4c8c8f53c82f2d1ed053bb11318d69eb7f50dd69eb98e6b3a997d9
c4d5dbd37dc84124f9e1ce2878867259b929dc916935bec48edcc9bff7a8aabc
2e0c024b0cb879fbc9f886efc45d1a662ee8c249fe9c58da7badf496682c6c06
08c645d91f0e341640112857d74668ebaf756be348d9092666633d298fd2b916
775170e0abf360f7095567d6c54b14ff86b84a3b430b4bef1373b10b38e3a994
afec37db5a13295d888befb9a21027ac12874754e79fc06e1c22a736e7779a98
2762d58e3c62ddb75b65ab3ff8d73a0aa075ba5d35fda68a6f2d3c80706590bd
80ef7161e2a9b9693fcf5d3abdd26e7cb9403b38ccacbb9ee0a1aac7e80a70ab
8c27d5a3e2c5abd95019f09664f9980d0eff1c693043725133926a2197d2fff8
e8c8665dcd3af5e99034f1a7d731c56faafe964fef1a60a8e0ac741daca70203
63fc495e5e0ab62a03a9e242f5426e1d233d5b53901b417b1a4972eb04383424
1b7476b91f27f1259104f0789870e1ecc9a313eb9aadf1fd7e7d7bae0e7011d0
741a6aab1206be57f6662ad6687d746ac1cd0ed3506366d44fa17f0cb030b6e2
e7da44c1c2a03c717c3c3610a6aae8cb50184df8527b2a6ad0ab67ff6826a254
435832a55a3094736aaf3bee5759389c8552b6d76b2c7f8511ecd9775a02f22e
7f883cf3fe7d199c883de03796d1b95933adebc95b0198b0882a1761446ac99c
8b78a1045af1cb32528aa0cd7774731d391d6ef10f6efdeadc6b5f594632998b
87237f0904c4b016e31ca7ce76dc5431c0f3acac9dc5527eac8b23b4c85ef663
9de240b5733f39699afe800f6f3cb56068bd233d70296970cb285906377e2fd1
ba5fdd9b4a27eda24620482d06d0a098a1c5a115dd17c5f11524b7a85988fec1
fe5e49d70f7798821d5f1f38ce8d0fe0264fd69e6b4501f915dd704b0da42a9d
99ebd330ee7e722d38f620d1e21086be6102fa2e2adf3b10f3638a1f2e5f466e
31fdc636c72e90a878ecb0c32d977d75011ade8d3ed9a88e8998c64fe21145c2
491bc57427770d0106f3b70a822610f4addab3c2ee6c15c7b78ddde285fe2d71
5517176a9994635d468b7f38d2683d9464d9419ce1a1ab0c9cce098ed9079d1b
87ec0d6749d368cdab6738b8e6b5cd96ec7a9362284a669d8ccd3afe29db9136
b271032762131b012148e7d2fee2b1b714bfae91f6300c44bf5e116e97157c71
9ba4a970c86e68ab6a793cd1874a30957abf05c95d474f298b22c8f10ce5099e
c3c6dd9a43e4d399123bb559dc657d659a0070005a23b716ec76c249914c6193
39375e123bc6889a67fe7707e011d35ebf34b07bc56b21eb5ec066700a428f50
691fd010214ce4f4ba35feb1486b9f222d5a1e50b15140d57988643f7fc29092
1ab9c16efc1300c6a46d54cb02e13cd75a528b27a634c5724c95388dc172adc7
0d5d4a649b99f64cfdc77f28acf018199c2edcd8f48883284d109a6bbd5c43c7
b7c4de2c5c35e1d6c02d043eeb1d51b814e5a48e968a9f537246ce01f4a59edd
745c569436e4663b13411a170aa9fa91da4205bae3ed9f33b05dc072a3e81c1a
19e433d3bed0f9843b4c98191892497fef43d5726111b8b2f5b86b373de1642f
2f82b673472feda0f140199dae67f51f6b81d59e23982c8c941821e15ce5dec3
179153a71dfbcc01df61d128a08f300547a4cddef0f8c6cb17871afe0d83ce5d
91902aadb8be17e4ce2596f690b68372f2be7c7aba4a3131cf9617b65ddf44aa
33959a8b624ec723591b1f9d0d412796046a3de15dae7bb9bd6e7f31eafd5d38
d4c59c08821b7c0b42faaeca470860342050e556e88871b6fd48838e8603f90b
c0e1aaa8caab48651737817e73a208ede1314de80270a3a21705d8494993ff95
e71d5cc14e7e7aa1a0b26564073406726e4d06ce2330896f8ea760b88758f1b0
b3f1a6b6f49b7865eeeecb28dab41722e9419de7f9d705d98f3120f33ea0fdfb
8820b5084fba4015a7663c7a0c4c180da054e8245bc2c6a897880a695f2d99e0
7e1730b7da92805376fc9f1d66972bdbe6c8ff329325c891c73039788401f5f3
873e19ee5a1ab9392faa49bd5c4e75997aa22d7e54434ed69aa8bc9e8312ee3e
816b714f43eb00a69c8ac3d8558a3efce0f1e262532f7009133b5b7b8b3e5d75
d9e7aaa503581c716e50b070bdc3c3a1865cb50c546b1f9ce2805fbf8260e3e7
83a31deb6af008ad793f4350170786118933a2d54e97fe9a18a5df5957edbb15
5c726a97fe2eeada1e83ba41cc245e1bb1656b481d5d49fb015f7982da3b3d7c
aa2408a54e0ce878c3d09b711305ee80a5f59f3ad6d0f50629e26c9d1e452843
66f4b443b56977109dbb6905c799f448c2cba255c14ed95dcea927878db41a70
36f48ba46ba27091d37caec0d72863adf203cab19d4f9ef3e36dec439b9d1882
c2c3225ec843bfa64322c0a44c2a468a3dd51a6077811993974572c192d17aaf
83ce8f8baa2dae46c140a5e139da2be8d855b5c9713d34267ed5d47516cd7b66
14b4fafdb3e0bbf79b79f01ef0d35eda95d3164dde7040fd663e8bfb09810361
c456ef77376b90c5bf1d7a1861d993863074f989bafbf08c393140fffa2aa77a
47f44ce1d0e67e4ee382f67bc509864c27ada574a2b00dbce742201bd3a0a76d
aeca4ffa6f1fc3f34aa46cd3300cd90ccaf02af0a379ec86df7ad83da5b77381
71ea179c5c58e4b4a2308b7cea40327693ed6b3118996e61e21fb8cd1e39efad
b47eee4239a124af9ee508403ec6a9622932811548fd5baa01d76763abf43073
16450b9bfaf6d66dbd092ea7c032297ef900ae7548bc70cc50184300bd73a5cb
948b20e1fcbb41b9d49764c4d70b3ac4aee1a5c6ed8bc8bd97fc6228bc9f711e
ab3385499c32d3ddbc418ee9ef764033f280b9a88daeb8d0084b5e9719fedd49
1b58fe56e342870cfac212e78405ca5da9845273bf5bcbcb8aa552ac210ce314
4865ad9cb5952341c662062418620d5388fa1fdc54960f242a4c6767275998e5
831b32c77fcab8c06bd825793e744f09619ea1fe353469508581b004e079bcc9
faf8dcab641e3cdb23a2ab011d9e2a35e6ab40b2e1aa3e79fc02751cc86370c1
cd88c4e993b005376ae5c0edd97348cf742c8ce08ae61b904ebacb6f686dbac2
3fd79ae8f4ef4ee1d3c32fcaa638d5c9c21489635c5db8deba16632e43e4017f
675cf9e04feb8bff5590016d2147739fe767c96b5d90801731cb7c234878f3bb
9433007ce99344ad4a16c97cc2c1ab789fb6ac839fcc2d931916e57efaa733bd
3604e9fd6403e88f62665e4823fc08562b80f74c7fa2c4b9c2305124784138ae
1c2f5a181f2121dabbe1f72418e385b88d318f60f9cf70cf7d40f08f4f586d14
892dd86b5c68535a645545849864d138f626c1cf51fc2c4443bf1b291f49669b
74e2743cb5b5983cc4cd6fa4e3fd69d1670b094f2cf68cf126fdd7d4b1ae1704
0941dceb886f4fe5ac72fa97d66f9ad0ef7c3f30f36f22b67e51d60616148aa4
5a8031eb91dd321b4a5474d926a3489dc28d61ad742794cb6304180ae6f2ede8
1866840f4e09a023b84d82e8932311fb910956cace4cf0633c94162cbc994e75
730bf97221370393c6c0c1a3f0ac4b66bb687025076d618a2f854ccd351135e2
bfc1489c1d1cc1585911acef25dd92a52edaab0052767fae235f8894e4d3cac1
e6c6db9579d49690f6132de16f7d5d6320f2d482363026db3cd58f07006e1017
b85a3f167d574d0ab45eb8a7f55b74c6c634034202a894899ca91456adfd70e9
3efa0a82469a26f0e1c1e2786a3d664ece2203b04272f1aa66639395039cffbc
4797b65290053981e4539b2c410e27c8266a0641b625ff1c4a78bae0774fe62a
723578f844da2f2a9ba7284afe7f8eefea9bb8e0bc6cfd77c12e3f118b059f9b
74a0a6d5238f2eea4130bb1b2cb4db7aa4460666f7ceb2f956ce67f1d83018f6
bef2195832a065b9d2f00d732de488ca6cd91e855e5851ca7bb32373956902af
4fa6d30a84ec6717ce5c574b64c606f584174c2c983bfab2c6ebb354d73f9850
5bc8e7b21275a88c27b8f340d7b0071cbd678bfb71214d71e6a7f5c84eafb0e1
f058c34470b8b6214d3d247f5fc18e6ae817e26093efadb6799be966da75f65a
31b869c957244ae8e01f9c1cb0e0aba1460b73a67b63019a88941ab25f70b496
f97f00d033f50039cc2c8501df968d3523960589004fd4ddad6233d20af92b46
d0717a469e80068bbe154377acfd60b8c389d22d5247259de0bf926609b0ba7f
8f123e720ac9bde9816b5dbb9326f0621e30c689f71816d6e4654e1be24047d6
d86573a23a7cdbaf64a1961c88828b5a3a20b3ae6f6bccf518157547248774f8
50b65d3b5b8b7dace14ad0b21b375bcd33fad76565ed3801ee0f340c02f4daae
76f39e8ba2f1284df4795802c61d4b3bff574924c2b82b6394b057c49dee4ef7
b64d84d6dc0b19a55ec6cdfcfd842b4e4a662f3abb1c923897f6223d2b75667c
de26f6d0250bdf3231dbf2241c365947dd25057e60f29f035c85e49b2ef94e0c
11a57d9d869e2cd42b1b3b0010562b96bd7527d8ec50eded80943049d22338b2
b473fdc4d04b0f805c82848a108d8f3c67caa9ae5233ebd1c4466d3f724db634
104fa0e443b075da8c6b615ef925c5958f2823f8072b9df7bf74af4061736959
29aa54186179bda71e2428bd704df3ad90c12445d5a0619328e0a3e44d59828e
363c2b3c497b507297b31779799f025f36af5cc4fae33abc6d8b08ee83b46bac
be8098caa303d43d445200317f1d14ded748557c6c2c7d8069b6d41bb8861ebf
e8035f2723cb237260ee976190ed932efd9dee501d7dda339673fd7cfd083d66
35322e160c0cb74860f05b5f5b79d8e19b9875e5794f0ffbd07ec501a083ccf4
804f26d4ed8bd02cd4ac9e487893724333e4fccbae33c31ea1c2cba91b3e2e52
c3756c68ee874f65c2da60a7f620e57a492ee7de945ab15c95fa4167994beb19
c9ad02ad321d5606977a8e3894241e16d91e892e9319a136f0f94e58b046cab0
f53272a727295f88405dab163aca810ceb0abf9e78eb565d98805f3d9d09a733
07a899cdb6e665b44a529ea649df6512c633c09f87b537f4ec1d8e816d0d1a03
7ef8a2d7ce55799cace5a5544c7a350684d08f3c9a1a78228e7031db0953f845
789d3de8369786ba6bd71404a7757ce8d1a239dff9dc7e1dac5955b9a14df36a
99a84de2fd1137fa24cf44a27d628a6d95e41bc23f82bfeec2cb6fd0f79f09a0
e50ac9a108449977cbfb9acce453086a6668a5db416b0d5efbc9a7e58bc01276
24fa17eca5a9a38182985a4a0c5aefaa70c5c24dbf718688ec170e64a1b6b243
21d8c7dba4164a9cb78a2d1e63b416c59e83a582869f9769163d9f6e45e67e60
9f9ef6f55e5890ffd3fcfce8da63bcf4651d458569e4cb085a9217a2b03f746d
9abbc0eaaefd387940855611841e311e18bbe45054dc57c8a16e5df66af361e0
c6f341cb5ff9657dc83466436d7ae3c887348bff27270b5d60a2c0a69cc314b6
4dc9e0789991461bcb5d8ea58e3d541c63a8b9cc9375b8e87f41c472e2452fef
34bfe0cf2793d7e2b8e7b1dcf0f19160e68e1b61b92614d714735beaed3c29c1
31dd565127b63c32457e765f77dbcec1009413726efece628e22d425e2f9a3c5
f968692e5c7d871b1a94325094631780cad1487ef7478b458b55e7fae707c911
9139ed02460af02438c4e90157a15c973711476bcf849b3191d4d1786044668e
22f61e300ab03cbb21af8237d1c5138d0f59ede1252cd7ca24da226909552094
7e0e565ca18f6635bb047e7ed84d71b41fcb998a791b0d39a6346f355bfd0200
8c6ea9868233939585d981f76214acd1017c32de9fde4c6cb7c8ee7421f02f74
6057bfb689522a958ff7d0b531c425497e0e87e46b67f86429f05232ff391131
9e8b038b60186ab502e1a16b3ce71a7c42fc61c08a00198a64d42e726e46f6be
3f65ec88a766113b74a4877e46080249c6077b214a9ddfbe37e5dd87eb709753
3c7b1927887a7fee27317d7b3cc20652a79ccda82ed0d2c89029f46637f8e0c1
4d9b1b9ada482564bdc3ca018232566a57430aedf990cab54c8ed00566a3e91b
0ccc98b9c379c1db7e2d2914b91747223bcde7f6fe76facface28da258d34f6e
c004371278bc2a9dd1a7cc6f2dbd69c96d51a015ff298de9dfe16e6acd102165
79f6e47d482f912999850b3f9a103727d6c310f7a60b36188c74401c465f3eac
07cfc5eb0b80815400d6c9531e8a88cd2390c82120303a3ee669cc40ebf06b5e
7b3d8f6009ecd8f508e7d143a10a4334b6d02c0d06db6070c28f216f013f1663
0ebd30d20c2c5e78789a031a1255b5f6e8e45f5147211a84ef63db50522e4e02
59da862d01e747f12f2a70918501eaf314cbb1d39d3d33ea05f7fee68cb0768c
c14fe2272bda411d3e454b316a6afc70655d9da057c2dfd9f68bf0bb3b9765cc
6f628c40ade4cd5aa2c5889b49e7b60f8bc3921131819540d46d78a288252a4c
6529e37780ecbcc651a5d926d9ba67cd2185299e50e30f095d5fabdc822dd3c9
eecfc37bf40831a11f1376251a65433119c0a0715108f5fd72f1cff4f0137bb2
fab663ae9990b9cebd7de8449ad7a14c030e134bb7ec11f9bfd21265671ae348
77b900f870a81b7280170f967020fd0a062230bf94b71febb55068967f077a76
c13ba002e5f23d4611f4ade5835b45243ecc02c72a9fae80e0a59eca601e1080
872d44d4f8285d527345b2507131c463f21860abdd124f2b1194593606ea1793
7aad25b4c2b48672c902140a4066821ea67993a5eebc71bf362e9ab65abf2429
5326d0e149ce13d6641115539e75e2646d3e2b81a67b7973648314da3ca86490
2c412c53f5fa03bb0ad6ecfde816a8333218675dbd3e0040e21cdb4f14fdcb48
63aa0951f76de4688bf6094b91eb2af65e4e4e9f2a67d244b28bc4c7d6fa4e63
b37789c2670e392be86c3d40585216b57acfe9b72f3c00c264c5a18e38511bbb
41ccbea71a5861cfb60c52fac9a067425b41a8446366bf03e6ff2fab4fe05ec9
0504f14be93988cff135bde31ebb0aa001cde99c00c537c8ef480a42dcb56858
c94406ca8a4ede24d188219dd256580165dd713dac23fc893f122c765372be3c
c61183262c29f76a0512f22681e31ddf0b90017fff628fe0fe7e42a0ae383a3f
b6d4428b82def81f28802b7c3181678ff5a11b3a755735ba4d3b1fdbc229c038
2874fffa416ca95ced7538d6b7cdd7c2cf1969ca8b1f9e9098c7c49084395718
25c60c50a4778f797e420cae43aeb9d0c7ba73790d2dac70b96f3bd88707a8a8
52a819fb03bb4a0ba122d11c2be8f73bd68ab4299cce7112607fdb2ad1aec0b7
9e590e80a1c5ce71b469605bd2bf27a848ab0e17b5349444bd7be8954373dbe5
10d4adcd07c0a6ea178d8f489bb0ea1354c123a81cca5846264edb75caa89220
976adb6b7953096ae478769ac0df516669cd5f760af098221e009cb4e14bdeca
d033b9bd6d58fd994feedc502c7a9f54a5574ee3eb8fc2c67e6a2c8fc8af6ad6
c35369ae4a12345e8859aecf9cc35deaa3801485b5319a5105e9d8b343daa0b5
04b8f20077a6160a41ee853dc0dc2af666ca7a2ed90e191317f51a498627238e
05f8b17090175d30302083428a6587ac73f7db6c5e57caf18fcb04e5cd1de6e6
885486ccf98010b1eb72e346b498ed69bfe64ed9eaa14b5fa3f56554d7335f3d
7fc31b2411921c12c8fe0d849fa02e367749bdd193a3586b8f9122d3d4a3a517
2c030b21ea53cbe0a0e2afb04d8850a465adacf762a6aff9a53dfa4f7b45019b
8ed2bb42e637b68033d24031515f052d5fa41f91f96047aa996093669332319c
38bfc9848d38bd9f0a3089acb219cb653a06581cbb95906e7376fcadaa555e83
300f367d7131b7b19f897fb83eb686c8b6b4ab3aafb7f8889b84df5ad398f7a5
03ec0a1193a0055e96026569c220fd887227ecd1d64e2546463dc2f00c7f0df3
d94dbeb1b7b932d099692a8f1d02340d59e3a5319a652f832ca2f2addeb35fe1
a79cfce19a560d30ffe4b5c4cd74c96b58cdc2ebc571a9c7fb5ab990788586f5
ef08bb0a3c505528ecf09d7edda7f08ef3306d8e08d2b15313f30a71df5fc243
750e7c987904bf455ccfe6c7185322ee8a39479567b2babd3b7387b341f4fd1d
ac5f5b30cbbc9dfa801c0e6d5c0aa9fc6dc017f7d91f692c904563c3c181a84c
6a649e70f008c82f9f883348e8f6954f7c62b216bca486e17426c8408eec7fb5
568d90cb34aacb628e690a861740003df9224ea90f8a303655536cee4547567e
4a0a018143bf11a3da7ef880bcb347fb637d557e8c18aa0ff09d0bec2c9c7011
c3a5a164df5a94080d25c84a61e6d1b1dee5471dc0ca713f9ae605fb1c518193
b9ab4fb556f3b8c58bdfcee1e2390e261aaf8e772bf3a1a64a5cce8a9c915849
c2deed73ce42ade892153557b9b19d49afeeff2d3ecf723a5e3af91cf185312f
196795b36b07ec54373b8510e9a9fc6164e84deb37a7706c1963fb739e222efd
b353385ac76aa9517f9f262ddb39effcd0ff5e701738178142ac87e268395262
179f001a43223bee745b2d05d498029f5e06d75920b83fee8deccedee509d562
ed5c60b8133d1d8d763ecdd572c51c000ae7ee5f5fb074a5b76e93400b612832
d29cb788cecbf113beb53eb56f9efad9f4c16880856f3fc4a5bfe569815ee70d
75108bda2817c58d8470042786c875cbcb5beeaa22bc266f685db80ae7884604
068b0fe06a72451b7f60abff57520fe3cd32f459d9b07861935b4065c84ea450
f79715477cf9399a905634a4c71d0466ab54d21c1a6df36c637464ef0e1c0134
03dbe484a74866e42951b8aab69f4a27bab0fd112af856be6ba7f3442e2bdd17
b4d163e52140b8e1f1e1d38ae6b14468479bd94eabbd5c71c1ff35e6ce52a7c8
e44ad589091161e9a76a14b768f885a269e22868e4f34605dd47bfb59efababf
75cf949ce4b154131eab2490b60e7064afe3ac717a31b1e4d43bc00df9f73bfc
386ccc92b62453411ecd11910f4ac79e47e7b5db6314a6aef267d453efa83fea
e256086c4bf2b2118cc69e415d9e2686ff3ed56530cc282da9f04e2546178512
560eded51f9e5cd5c252a856598d8c1a1c518bba7abe4812479febdc9c9b7adb
74d9fb3fb682bcd452bae56a948031390db5db62a214cc90bea7ac9a1b50b46c
18a54496415d328fd4e855ed78c57768b1c949ad7cf0e88498c70d9377a1fc52
b404572cb7f3f4e48e4fb3323db8936fb8a4539b532ce2f4551cbe5101e560bf
8f5a175292f822a1db3b273c7e70bdaad1f803259f392d37c49e522a9b22d922
2faac0dda67a42079042b2636184b971ed9471bd1b3f95691fc92406d199c0ec
2b59e0ced6e5786cf8c77f3b2475f15589105b3244c4e52adb4d732e473255dd
26dff3eb7a50043beed83dfa7ea91c0bdbd52fdecdf0d056b3df9804078fec90
0a83a71ca0a459718d67fe1aedde8a2db4b068192e69d6e32e23badd532d2053
c6b748cfaee063b5516cf6927594b62b11193cbeab512b5b23b2580d84f2a8bc
f1e3b514db3d258d5341b028f5513c3858770d94d6949bfada93c030b7f92bd1
1e28b53c365368f7b1f8828f4fd7cae72a4bdf041195418e5bb4318e7637ded2
f1e34cfe09a83b007bb89d042b5310ddea5477135bc05b4d1d305608d6f83aa8
9aba62ce85c7db9de08c466942d24bc08d1862ad028e652de5e2c5f949bd02d0
62e34c9fdc0ba03e5917b69cd43e4a60c0b266b08b5c8de63eb0c22ba4f34b12
e75a603a3f393d4a946140ba343dcf797c13df9ad42ca97f23f1e900e676cdd9
774046287e958d0d1fc4d33d2979151b091de1103400ca52eac86feedc623896
1ab87bffeb699e31a131de15cb2d723b5cb5803813141ecde214cad4dc5074fd
c836248209cd952e94fea966db2339237cf4159d56be5e90cca37caf7ee75857
1e9f9ac1eb828904de3dad0dfea3a406771b60c3e7ef655d7df3b352db966869
c67d057fefc47328aeca3e5d63038288d54fdf95fc69f08f819330465893ae2b
43825729bbd424bd3fb70c3094dc1af7497769d7d69696aba26f483ef8a60eba
8c1eb619e96b870cda85545a67c2610e983f0d7129aab8cd14093dea66ae95cd
3d5a0315ef17c34776ef4290cedd887d4c7b6bd90ac9fa7f19393e185392e7e5
944f5752660bdb2977ef8828b4e07a86a4385722f27cef3b71d949ed49010ebe
df518f3b60135ab4ebd21eef4ff0b5e99fe2cadc5bc6e6ed548f38eb194a501e
f17a15c3e771bd960204b536049c73142aacaa7c73c69a911c262973362b5165
50ac2af3196fad0133698da2360f12f548c358b84a66f63ae3a7a3a642ab24e1
93bb9d3555e01aa9b5121167938995a53f27472e9cd54f300652e4a73cb4205e
2ab28b38bc4b5eb77a1f23710a606ecbdff507845bd6156d0bbc8b29955d3ffa
ab2b815921caa60af28469994cef8bec71ad8ae41c14dc9788311045f83a346c
741bc2e323d93818c2300bb7583fa334988704f09508a134e0aaf91ca118bb34
9bdc8edddd6da158234c0f0de6504bf16987f581f277c1aa5eec5f3e009bc292
15a7e108425d316fada0fe2afc8ca125f5a073b2cffe8a47bde47121e8ec86f8
475dbc2315eaa240b42eb4da9ab28388d3f9af8c1f15d66ad89bb195ee19e0f9
6acb3622b73727598b4e0f79f6c501ca03a2502b562b07d3a8bef7c263a7f94c
8d793c483eb2d8b0e03a53c44f56dfd0acdc3ca03541dc8cd181171808c59a8c
c98f3390c6b3edf3f2ebdf765a38d75d314cbdb8acb7a1678867d6aa05821cee
e2f7f8c90230cf8173b27061758171e4ece715d0f6c94285e7453f73b5803db7
c703d299599973a0b9970a4f13ef8543a31bb506f9e5eb728bbbe7a0a8bd885b
dd98528821706f4a9ead3eb52a51b71a45e5ce1b8cd460e0414f300e05da0629
eb7aa54c398e1d13ff7e2e66164f23dac6ffc67690a2994ddd861b6352803119
42539f33f1d38614de34bce334851936f378b5532a1f054bd7ba016e99a99000
da281301f9a1161e57a4f020afb5a440197682a9f1b8f51d5d70ad57250d97be
8da2d396b72b2b04814bb2f29613365dfe48aec74d6489e7170638894c611175
249a6306eb380f3213768b2d46de28a5379f9c24ca4fe45ae556597f99705600
705d9ee90767a4013358d3672f34dc64391a310732f9377d95ee37c741298d60
a045f458260c55309b5eb124081dafe10ebc2ccb6f01dc68f7706b43fb1a81df
a29400289b201eb7a81da39c8668e55430a072e24884d1c17cb360d964fe7c6e
6ebe08926fa3e92f6a3ae246a8f7ea0faf37dfd64922c8334995b992b5b20f41
c60d7b0bca8deb7f1cc7b20d1b2acd46deb06423568d8f630938e65155a6cef5
c84ed03db2b2694e7cb0e62fc5e5ab824274903ad22aeb5a84504f07fd3b9b93
c302f907033893567ddf5e8f6b362da22672abfffaff4fc249069d29ecb11ef0
8c59119f7c19f553048b1d3be37e51d9cb8de14113ac18027db5a1392cb0d980
8272df2f2b44cf76baf88c3bf08f524d3c6a80fff9e8a88cb860bb03f13af820
9190fe339665b79673628a09711a96a4d9627816fa82a407112a6b7cd099c136
18ae23608cde2d095882e4b315ebe7677d8033e9aabdce987c2beae0df899514
f08af6aeed835fab41c3d2af65bab413f7c6b125ea165d16f9d261918c30e366
9431092e9157d9a35545a674afd56c75140f6fc0723294105be52553bfc24fd0
e34fbf8988110a7c2a032aa14b800bb37ee3d72ca8fca127778b4a2cc36e640c
5d5c344a59e67bffdb82058f6000792a9b626514ea2a09c6fe4ea6e155ea4b85
5227528a22acb93e9a86e7f76bd20071f6cd4ae7ec6d38b3032a508e58d36984
0f66b470e3598019a47596f7f6b7cd0e045daad497cc003305a186961d1afeb3
8c86c9fd5c8fbad346a7bdb5ffbf94f93948e93a94c83ecae7cf25b7f98d61ed
b7ad0e63adf8816aa266862a1579818d6b0eb8d95c95ab054dcaaa96fe7efec2
df12d622d22ceaff3d2ce28840b89853f4fee050502987506b794942a441eed6
32f4ec953385eb40369e3d6a195dc558282376dcb711a59c5cec406027309523
3e98651eabae507e5ee74423dafe0b3f706b0c89a7fadda1079ea2106ac294ed
51f19deddce8562774b7b97db27a7f71fac302193acbde004efd2a4b32ced37e
68f132952b2c9952a97ab503b7ddd829e3ca94b34183c7b11c9be3eb2eb6a669
63d797f0ba5cd68c8f2615f2fc3861964660bb27f1037357d67d82487d52cc77
aa867efc8cc49a463d907d1cbdc328fd9d16f683c4231880df803aef8f8930a4
789c9fb20773be6839be56047e789f0a0844229005aac90be41963cf8b582219
326fd098864cea5977a8def2689c2a684d78969ddab29f4242a2efedb5c0974d
45dabdd5202294a97a1b9d3093cf037710669e60c00868acd9136de17bb8a0e3
93ebe48356b5b0da3013ab74e3f850aa2e2e0c5e674f3be87c229ebb9cdd355b
c9f8b12a037cb3c7b60e5678f337830479048a9c0fed2a4829fd66640e61cfbf
59b27be39d650175b247d34f90f2d5dee8e22dd2b02fdc7dca33923f1b1cafda
63747fe3c8c8cde7a899629e35772935b49ed533db70cf0c105d0e2582d0ab4d
6245accce6cd79aeda9c779e1c86b3d6fa4058ae2b87b39e69dbe212a1f11095
eee529f0d7ae0de3ccb0a71dd1f9ee6f4cb2594e5587e23ef0ef07d4b92ee446
be6e6455449939806ed2c6e413863a673e7fbc93a0831735cbda382d8a52655f
21e634c5c7f8de7cde1e113ceb76ccdf0a04835e907ba5ae9416735ac9f2d769
9c6ccd90b27041f3196f67278d8d387188a8e385ce04da1fe01be838b15b61c5
e633a4960eb30745c3a400a2b9b8abf5d13bb753774ecd2915b19a2d0ab48c10
7511627eaf671781b367f5b1d096913a93c1f18109074b58a57d4dbeaff8230a
71ffe66b1b23a4b2333a704fca98c135cae8e285b66e33f00a788510587882d2
a88f22d042690526fe4c15fd9546eeb5bc6e525000c4a405fe5124b7dc355623
ba7f86eb89290a8c3717b9731376dc5bc344b076ccbc7c5dcf96306b158fa7a7
c3a953f74c370f5cf9aa637f676a727dcbcb0b3108ee5897d574541e926e3bbe
8b39c8c61844c5cc0bc3e5fe6025dd722c174a328902d3f486c6aba514978c65
f53c68dd8178cae7f3be82b6d8e3bcc147191a60c9a06a8e41875808df8f89ce
5b114b88796c280f72b277384a32c4b32d9ca0b9b93b4058501a7ec4d83adc1d
1ad21524bcbdb93112d7d14dc059276f4e08b4299aa028fd5ecd6e0a35c5b45e
7183dcba79ad1f1ff885a64221fc406d8b8df8cb920fdec03f6e126645262c18
00db80b570c1772d286a9638fb275ff69a24c27adea643c17d242c157b2050c3
958f355548a81471e69c581d78524cd1b33e31c7821af836758c40a9bb824f7f
562db40cc20ddd33365afa14cc1bfbb26632409f5bacf13f795fa37ce6b596b2
20f1dc0635ed328d0148a0caddb67120d619c2737114d6c102435568ae871239
87e42c053d5b521074d142acb0ebe083817620570b419950314a8ce2d834ece7
72cc1565e3801577175af80c5c01d3359b2bdfd0ada366ad564bb9459230c31e
76f47484ece817df763a808b34bcfa337c112830154661c55d435b52f5a7482e
3574a2aad2d1ce0fe023635c657411dfcbbd4d2be8e5a8e173dfa6e634f3861f
759c09326a384c07adb38ce17f36bb6f8cec59512af93bd068d71fd91b6a4b19
3ff657ae47bb0def9c3d8936ae1319019e076a9e682ac1d7df6e9522eaac663a
bc1bcdbe359b459098baea49a65d1b1225e668edfc4204d2abbae710c42bf373
af568fefb40416553af9e1ac715c46ec17509b600515e813ec20070d200ed8f1
14f91cd0f241557397897d29d4a1b0bbfbfa70ebfcd7b868cf6331463b7f9a09
775f6aebe178d07b4fb7d9c994e3075beea58c94478ed3be3565e016e108bb04
1b6842b0772ade5ae6c57d3c001cfc858f105c3d90cd072c73de77341cd44e14
b44c5f6f910b53cc56fa16fa20bdeed66bb05647a2cd9e94157680ac8cab193b
7dfd1d25faad541d443671fc159a92113e86501a004bd5ac295b1fa675bc4764
ce4bf774f92911f095568458c7f3f34d40865a75c41b62618b8f0bce1985ac4d
9e4efcb94df5bf9085af56da1001a04e7eacf97e5375489a60b14b2f3fd9781d
4233c888bfb0626f34d61498583f7d221eea42158f7759d38f8a0d2cfbf29bb6
88b1691363be8a388abcea52e45e0d4711bb526b7fb6a8c28748e55fbd5f8910
ca5aef20b7840006acf6850b0cd1291de0e0d9fe7d80ba89ed554f596f30ab50
317bba1f412e70586921be9fa72b9016e4c7064aa390785e09ea8f1b74939403
7ad6541bbcdd8ff6582117c80adbe3854b536fbdf0869a6c366f6b77af05dfef
431d75dba1d3bea61fd0b7753dca707220b4fa1a742fa0c9049f24813a0fdd47
f2fff4db9757e9dfa2d2160ebbab1ec9b6b3ce95271faa932d1f447141c61092
9db1b59cf5e36c9ade93c204e8d0552bc5133952be0432f98be453a567b8b22b
5a43269545fb14b8bf5cd6771b11fdde1204dc6a3a25e8da9f84b9dfac61f602
423f297b58ce9f84e191d4f03f369159da027807ba5cabeac050b22fafc51615
344734cbb02f6a1b2621c2d9fe7652dfea9b451a777b641a4ace22802402b0e5
b2f1278cd3b4570874940e761e700e2900500383cd31a6e45c68b88c312594a3
b6a07dc707d27d13f9e0de4b19475aa8009a176cf1c3addefaf0ce10514ca2f3
83e2cfdd326cf095785177ab00d1c62d493f13163540bc8469463da16ae22f6e
e61fe30c6dc9b6d5695b48ebc360d2a93d249ee4a5d34f30a4a6c4e4db05ec7e
86ab0d32f79be9a5e96b2195fe567c0d45e3b79a01152acb22f446b3a883887b
20dc9714083ab34d922a9073b8190a601c6a8e82450e8d0cf3b77e512dd3d0ae
4e25bd57cc169fdce3305afdfcf340d2917c4388c6738b62ce3f2b649079befe
0bfbdfb12bf9e3b8cb04d53db0402242c1d33407c72449070075eefe1c9a932c
b904ffa0ac959121d9bb3e6dbb5ee00cb7f898dcc4b8e8edcd4913bb39013cdc
e2b35d01d692d507049a0916081598344f03835401d8358f74c03b8eb85dbb9b
d7518933cac1ea21b71352a4d8980a719cccafac9f8a6514a1460077e68f94ea
c58762c762a9b68b0bddfe2abe8be66994bdfd926d1242ea71376c14803d5eb0
e594af075bccf5dccb5a097e876598495e31fbbaad9a3a890b6cabfec72441a1
86ee02e38f5f995325fa904ab82d9efe17de87de52f4513e5dbba2acc9924ff4
0f495c6a28df293d02b5e808eeb0c912becd5d2d3af703d2de997f7f66f95d4e
6f183325251a289f9c12f0de0a28e92d3380bda5732eaab775384ae6bb963f9b
8a4de72496e33be8b7311f0f967b7e5a63b88334a5b5908e731f91b91f12dfde
c707a744915315afff20a654d415d39083b3c88c196175458b3286c95a1e0176
6e99d3def7048ee48156e8d503ce44958272dcf8cd448ab556d72d6013a8d45d
cfb525175f539ad9781964bab9a990085ffbb21947cc22568cecf58fc93909f0
4aa589d65f628c94ddbaf5419eead20dd51acdcb1020156192a6a88f7d5f2d44
d4d8d4d7ffa460fee6d3e1b33cb288be9ba6f87e970737399a31430dc0aec419
6818cb57ffe7e28635cd01dc441e283877e03dbf9790356dda7785e3f08f5f9e
4e01e40e8becbc87d53e8dd2db890786e2a62a37a248c837f7cec8d0c90f26a6
6b26c7a7d8f67bdfb734c552e8ffeb1856f9bb3175335566a0ab5e9b3b57f106
4587e43986f6ea91db980e8109f7b68a4ec8c35df0c7bd1d4df231287a9dffc7
eef1d696cc40a3eb8fe536c027b532fc6032c13cc2e18275495c2cdf445ef047
e3489457dcdfd841acf62b0e1be2b4207a3889dfdb76a37895f7bbb1800f12f9
e236019a63a27b52061231e594ff98260f43e3ad114930be4fc01f13bf9f8899
3307d3ea81b1dfb7392181175fa6a140054fd308dded8f9fa21bdc17836893b0
142582015a05b7580f29fae3438a1b09b155fb4234d2f31f1add64378357cee8
7c65ef19dff0ed3c9b30211de334b3e39730328e50f2c9a5cded525e007b4941
b0745c74728bad60be7d3a079273bc21db41cbefb28139335ffd6d548b5836fa
fd900ce340c00c6826e80770b83137ba51bdc66e7989edb84600a8ba3ba3adac
cb9e35da5ebf7b2da3974ab927b26af0a34b182f85e2c79bb79fdab0e67b32e9
bcf421110bdc671e262a35e791e3112bc6ebfab14efaf71e85ef9fd1bcd78da8
95fc7936b1af460e8c779f08951f121681b736ba3f309d027e6b53ce3abc3772
1ede2fb86588d6e0231f4548a6b6b15a48a2c403547f39209d77c179925f4f7f
642945a3ce5a68623659ce40eb805b5d13ece717a72b3def1892bddc56ddc100
5701142ec70539e1d0195136a544445af2a0184e884d73a91c68997fa880ea8a
31c6b931d7de1ebcc239063d4300b3c1ce178254f8a0705b7c1eca45c4bdb92b
0672adc7b37373a0f6ff76eb27a4f5dab561dcee020a7dbc22e6801a30cd8811
be318c9ed67ff5634ec3e13c6020431b0a608f80f822d287d4cbd6de0222ca05
f837f743a0404fb4ae44f190191703fca34861ed7b0b27f5394651fa01dbe65b
ff64c5d9db56ae718a3510e737d3c4c300cd0d2e7dd121eee12696f3b2d8200d
bdd3e7ac56a0ce24dd7a5eadcef139d336299693cfe9b16d15db35d156f99fff
532ecb5f7b53ab9b428a4b767f3060f091e3758a3e103cb7c85f22617573628b
9f598c7577464603acdd96779bbe1d40cecd5d49ed7a97775052f5a2d8293163
35bddc3d2a36f01be3f436b7b6562c8f00752b120a78620a24f6724ce5c508d2
e4da88733227af9e71429c0e11d595ea4b83d2517db6e32c40018dfedbcb5038
7e76ed1632ea05ac69575a764220fb7d4498c3ab114b75da377bca9f4079dba8
40ffdd618169f0eaf2f2c632b8722bdb983edcb43b581c92f8a1a5f6cb07de8d
bf175f26f51c4e1025bd828e04d908f47f23c48cfb7d06c116465f206a2850b2
8fce0e946888ca3835471f8ba29fe9cd9b7056ee8a75782189170e4699a30fd6
56a95d5c433b07f7eef6c2cb96b2b75cabbd99f3f7e756090b8ecda0766a7660
55f624ccfcefe1ac09be90337820a4d2eff487b646d6e0e69ecd1b7eddece130
c4db73b4104a795650c3b97c1d790bf4f9ba7e9a6804c81705b8c9de7346bea7
d12ee5a400936fc55f50e301d12876e6abb96df239e7bc346fd2bab55f77bd60
6a89a85907b345581e3b6b0bfb85eed2ed8275a0405ca85b77f96208d3b6ae4a
11b9120bdb9e472320de325702cc4c8d8249ef87b8c5ce1a058436d19afa4747
1108cb01fbf49a1cd73598a8e5efcd7423c6323ed35675e9732e36cfe9a1febd
24e9b2da23ad7ee41351ae109e403bedca5b2a4987d940306df6f230f0e43b01
866eb4132a2d5ebea0a525d29f2080e43d9fc5a847649b502a345ce57567161e
7328acb97f707e5489d1fe33492a961bfb7fa1b606a56e2bb1a444ef68697d69
0fc2b537eb20ae156f3a3820fcd727067927535cd5bd2fe588d2cb0ad7b79244
38cd7f1120a54f4414894d3569f47395aab0a8800452025fb0f7b6fdf15d7498
b0a0998a47b1df1ce874fc434a483c87a9d14d592e4bce5451837f915e9573e8
e476c4d72b5b371bd1abaaf8f34beb9836a70bbacbc046b8612f1437a06565a2
2d5a122ace78e81a03837122648a24a89827025783054cd6dbc8ba5ffaca8609
e371af0879294f9355de1935f06a152c377f8c3b59be5b285f401601794c77bd
268e6bf93c5c06999b2635c9632761222599ee112d65deaad7ad2496131d0b42
6f54b3c6e0a597fce4d9d3bc388e4b1987db8f57932fb9d61368e8dd056cedf5
1f1716d05f23a3a88fc8bb078bc2763b486514177be56a3eabd63431a9551f8a
5a83026578ea60c0bc4022a8a4dc00e3a0aa3ad80e3d16072b105e64637ed4fd
d2f80962cf9bc60f82d8dfd664d968d5edeca6b8a48c3770b75a655f1aefb201
cdf80ee3349fd953b0421f592d8ab60a5abc48692a8160fad5c474a10a0ddf53
ed879491e4d073c095b9ec77d030cc366606e30bddca896878f6192d29080138
eb05dc3e186ea9b7d0046e929d52611bb1d529e80501da51a8d629c99424dbdf
6439e094a2d3a210bad50215deaa224590d3059be2aae6a83960fa7af9c6996e
5ab0e356c810e713da5280fd5e784daa5a3b4dbfb78877f123b30175463cb184
00b0959e7733c5906d843a99dd809e025861f31d8dc1b9ddbd98c26bfe4a758f
a6266f622e53280b4131b90ecbc01d4c5af1bac6bbd9b83419bf5221097d917d
3c53eb6250b660ae1d35150eb0fe6ae7ff22cc0fb2128cbca94bea30ca1b58f9
47f33d64ed4f16469541d7053a4d06bfe8ecf14852321eeb5ba351ed9d545835
93558dc6c8848ca5af5e56b0b075be1931f893088489fdec5554bc0f2abbc3af
953f8d756eccc592107091f759efdea4e1b1a5c8f6397527d5e7f9373fb673b5
37d82cef0cbc444ae9c280fad30e2846e18fc7ed2e2ab838f5ecb7b8b49bcff6
688ec52207f3f7ad38e51f8b28c981891c22c90b9c0d309dda4ca974b6310247
308bb17511c678a1442425a9b52e8e3cea3d87362e9d82cbf1348bd0e7763483
810f1a187de6deff512f6b080a7a23ab581385d5e8577a19c3a2026bf3862a8f
c261e3b4ce70e880392bf36d7ee3b5188d320a3139c31a585a0ce3f90785baa5
1fdf4b838907a2a3c3b2db9fe4aa270020f875e539180e967c4590e625f42bdf
95521103510d18ccd9e400340ad579f5b8ae1b953cc1fe88cf21fc3b2c338827
16993a63b5ab085b759a7198d70b138c7073cdea00518578fa4d5dd66f201398
846984f87dc63f78c58e6ad3a9e3e9c6daa3a2dfabf29fe51fcd944a7989c716
d5b2541d82feb349cbf278bc20360ece7e0e1a8880de830156c3b2b9c5437311
fc8959735229c43408693ebf8a626b60010c3fd5a959b0e442a707c77117e5c2
424e535aabd2d88c1e9c1b4cb74261693e09605080026ea816beaf296c8945d1
39ed360a04f61db647471872495e3979912a456e3d4f6d05c93ac33e43c7e474
0214e3606cf1d8b25b49757a8ce60a1c5c9300d15794c2bd9507d3d237a39504
f7b1b837d9a46f029046b79b9b32a4cc4f9f360c9ea175e67a745eda8f7dfbe8
a35751a1dc2562be9ec287b7af1cc808d2752049e671b190207e968e0a836734
ad747ce2e471b60edf1c6f92f58fa1d0f1e19b23d47bde7650ce3266558da264
7ec75e1e2194354c955d0c01ca589786bfef6474db0e2be51eeadbd6e5a5d69b
8b1ead70dd08e3d3b19b9124613eae69c783c05b12e16729430afa994e0b51ae
0470110ab7221455486aaea42a2433b70a79defb883e626c2dca2eaa98693d30
f1ee9ee8dc9fc0946cc72058da254221fe5832c983c187dc74893f20bab2938c
99ab169cf690055db4b94c0d41b8c3ad9a8e22c014b1fa9e3a25e4f7cfeddf49
0ed63c54e7f6e6b10b6b78dcdcb1dcfce058bdde8ae13c2dbaef4ad1367fe0fd
df5f5069921dbbdf9f5c28d53e4ccdbe7a5c22256798087f66c55949be25e282
ad37750839a699e8e92d6f13132c1be98899cff70a772956e04ed869a43809dc
e003ff68e22039b6f6147e78b5ea85187ae6404e69c8556ce660dead624c72a6
23787c500edbf2683890b31a227ddb194f085128458ce010a5f076486bf124e5
cf0d7fd3bf2497af8c50e89d40a07d0123a44282e3e1e6329abbdc3c05df4a3c
90da9e991076e77930d0f1fdee0167fa2a6c429006d4de10b22cedb498c8457c
e74c84f627c8adcdb474d6006fc51cc36485da45a45c1bd4cf4c157ef218fe88
1fe81ad3d638fa8101f6ce51186d50f51e045bb8c5c46e5f5559b60e72ea2a0b
d13cfd42f4b401feebfb1f8c585ba55cdf78557b6c60f87799f5911fc907bf85
944d1a0131c36f4f1f02072e01fb64a51c8f851bae1d2a4901f05dfd8908e274
b5abca23d74a5e037ab66d62edfef9d365165888b80a1c17004553ae397d961e
88e7ac1c78f5ea690b79e081683a4df427da1eed02beca994381276308148258
cf41bd91bd0c7cee924d85e2d81839693810c9b9339dccea1633742ff76eb026
4f8b9b4db1934633e2fe27f6de034eeaf27a253b720694f3e4ea78307d8f6e15
068cfb6aef57ead0c2c18949563e24b95df613916e38d9b93a5a51bd9a22fc14
6b05dad11d52d507f3f4f187e50e6a3d53a82d99ab38db68a2558ca45467cbdb
abf0b312af4a732a2b1ff4fe23cb5cf03a6c9d26afc5071b7b67ec1ebb561a36
591faf7c218cce1f2b782ca703cb88e82363e78f3432f35bfae43572a601ff03
001162c2ab1b96b74777dc5e51b44a23fb58c633aa073d135e35f11aaccfb76d
89bfff8444ba2e113f5f4321069777a70c1b17b9aced8d3927f8380a7f9cb37e
0aea4da7e554f3dbbfb2dafa0ee3a59a6683c3f52a50f6dfbde77439325bff02
ee03567f6105950e6b987378ef61d9ed86bf215e5184012a4afef8d7701464c7
23fff8823884974cf2312022e98c511e50cfc47c10d4c657c7a1fdff590f1d92
208363b78574dee810e7a285e3368c925091fdddde98fb0bc8dec6e3237fcd52
8406dc2ae052fb9fbaddff50c2727cf6d0f79e23c4d3d5485d3c91f834a6ab52
62880352b8e0e01dcec2dffdb2672c2468e931dd791c61704ebc519a70fcf2cd
8e697785a76e818208826638fe89b98e73d6f138aa8387e7d8515dc6b63ca0b2
460ba63d6b931164a21b64d49eac909c7e5f53a1fb7bc203db5d5a3886429ac3
2fe3f413fc5a3bc4588c75a8077cf1d11df688f0b6907ad4d4f9f658d40033f6
b11a79163777b27bec85354c143a0da93f415267949604359db7c0d49f0c0417
d1d297d7f3fd95b4011735e2014348f1946db1e2715245b24a7f5622499c41a7
5b899a05525864241d4add70fd0b2f54c73ec93c16976ecc3604748fbfd91749
7077707fa3bb5f8a44f4d5e1e1de8d3fa2f4d77907944143c07d2274b235c42c
647f0d6c5319c2a6aa4fe59103d5aa7d7601683e449ea56ef947ee6796c1771a
bec1cab2be5873c70d1f86f8caa6b818318545605d2c3fdd679c5a3db741a33b
9d3b06466a9ddbaabdea419a56e5da582a7dbc3c9eeb07453779b1623f13ea10
ee876adb24bfe2d10738ca5b92b8124937437b1dc38c253e395dbc1bae54aff7
d51c925a61dfeeda08db8b9e8ee6bead51639f4f9471c2b2fbe4387da092bb28
5be36ef0c39ddb0a95b5dac54018be801cfd161ae4ba8e739e0fcfe0105446df
cd6d9c4ffc4866e40b4e3fc5bf9a6fef41530b527e5cfa454b10034afe31bdd1
e421aa48206a10033a1426964d1b5180becfd2a55e376b4ba4668840656a644f
b6fcac5874e50d806890cd6cb11dfd5be982ef50a206025c81486b659624236a
a1f688366467ac71cb9a3457bb539463b0201462b62020f0accb3dbd32144e70
18c9967d3e810c2aab719fc092a532ae986f91255cdc4aeb9ffc87d250e43370
cbd6f1e8a02bf597b71125725237895196ed8afd73f8e61e0fc1e846cd20a3ab
d015a8e4b4add500d573abea300923d5a021bd0d5022eb7f394a12266edae594
b359f1fc1d75700b47a3bcbb4c90326b8d24f7ac36ae226cdac039b478250c21
b8fd1563b36a63c1ec72497a6f6fcec5874d700a872bc2080c2d77a94b2a35b6
8f62225e99380bf4df22c5c3b521e8603737458820dd287b890228c51b449434
429392d6636f816e481c3ffa209f663f11a54f818bb622d7d7541ff6b12330db
08600635124ae4ba65bc6b6b400f44cb67d13bca1c6b492ecc0f43a8e3614a3c
7c370d6946224708e9f912270d01c4bee33a4282b9c0ee11276686243223b2bc
0f56cfa98f9f3852c93427b9c97531516d88eacc8005ac839f7f0d38fc87b7a1
c87872f7896321a87886cff0f210ba3aec8ff82e34f7af52d3853d3e7ca6d948
15a77a371fed8a99f5e574a35694caa2c310e3b6d9df5916f5a9813cf938245c
8773ba48d917eadf70424bfd0d9566753a06e46d34516f11890fc5ac98089bb4
d5d2b2bcbc430e8c97c66f46e768ac52068c41381bea0fe9a691fa2d92ffc55c
f1a4c6ddb702bef8b57cc5e99e108b488afc37a8323f2adf5d588b8d424ff361
163a39b896beda8872df8d57c02f2d48943c2ae692873862cc31d090611d9338
43d7e966e9b0dfe0a8a39bde758e2c679324e01a0e6f9080900f92b51e3eae1e
6e6f3e49d255975ee4b87eab92b26b850bd108e8ae217ff3a05c576c2ccac057
15f2f310dcbf5546a4e9a6b3e35b2a003e83a468a1324e269519f7ffefe9fd36
1807135fb15e60f18c0ee5de2e1e920916d4c9936dd3a552824664458c208960
4211e6bb4197627e392d15d4c7c6ece5fa350b25113a7899a545def7a1fd85cf
bbbe4c608ec165d4577e8486c7515433ada7d571b3d5fe05f416d0bec8b31c5c
6ab4ed0fdd356343d8179633b407f6f9f323a573c939ac54249e7a4dbc74dd7e
865670ec2f655d98052e0ea5248f72cd18a1709e0c72ea2e37928ab9088e32ef
323202767ceb942ab793b59027743e41bba22f23301c0ebdf6cd906325aec51a
e2c60d72e8f38ec87ef9efd2f36fd76defb8988417b5b6c4c5a12d11c4dc8b4b
3db9cc91323af36f24f49dffa9c7b4050e59947fc2957d108999897f8300fa5b
ddc3c0ce90299a2b66a9e752f92b9bf2bf4adb640f927a2fe7f5a83f99237765
99acca3045ae96fe69fcdd76a13fa033fd1166c35ffe7172085bcace4a7edf90
7f44dcf9d2c6e48afe50693dea40827681a4fc01b6464fa64448cc1a6db16d9e
9dafdbba7508008620860d290aa7ea06e4bba1ba113d70d922daa255ae9923fe
f7aeec788284c851218ef4a9d786ea4ac5c13e108c9120144eace75f35e48a85
f136f4c45c3d02b126d2b1334c110beea46c63f0f93af485bb582a8e7af36971
410e7c8273982f0a4d1a1f177fbef27db9fbb5e09981bc1641810f4a7578a4d4
fe854a1c63d9fcd0c26591aa060975a3a3653af396048d0d4fa782b1d54d9eda
759c7b00ae80ac1795c184f40c57f4f021ec537ddc6f08342b41a394920e6129
fe7c49295b8e4ca5235b00240d2ce27a596564f2f44cefd08c1e1d64131b93f4
ba08256abca175e930dc0645147ec4fb9402c1e82aa2942b265bba0112ed1a3c
4fb90be1b39c550e5bfd0562c8b3f18a837bf267fee7b6483d70d543811e42d7
88df64d2a34e565529186473227405aba2d5e5d4486202d53d1bd7b4bba14e75
2bdfa7377b4c9814a86dd252bfb9784d01a17dba6801b957790c1e8193015a0b
3adb2caa27792e3200f0fbd27b502f435b365f8c41ff426a250bda27f298b210
0eebd4253f164be4657e0454ea9d0a02126ccb13ade6583ce2c65b80bfb496aa
1a0c32b249351ff694418e5148d934a843100ab6a9f1b773689ac645cf92c3c3
3eae11a03ea9e054e8be8eda8428d1eeef167114666fa53bdf05da06b8a1f7e0
e7f019ab90797238f8ab527711b2642fd4154f240e898635a5a323f9aaa0a429
d5123209361f121ca385f7dce082e4da643e4f693b88e09181a39ec5967a89b8
30c95728e4128c593efc8776f9340e895efae2ea3e3d8266adccbe119736c360
311c254245acd39c7502f89f84717b01b5ec3f187a9af7529b1b1f09689ba877
e931d375c820dcaab91c93777fd0a94144bd152498ddd15b2fbeeedbdc3eddfe
22b9f35c8ddb4be8e427afdb1cb4278abd7c8fcaf89d19bf62019eda949c5bcf
8f0dfa281b793202389b7fba82c205c34783ef54e7f04d3f210adc1229ee4c74
8e2bbf4a3883129d902c2e08eac10c152c9c0ce276780f1b3ecbd2ff017e593f
98963ad945296be5b7851cd98df2c50c871deae239fc5bcab8e8f33374f6102e
9dfccda350a7e4da4cea943c3325bf3e0de72070bdfc001b00aed5505dcab508
8d44cf3b36e39e9690dea8b4e5951c85878e3906ae77fa92979d1546a4ac43a8
e551e216926aee5cae4c384983384ffb115c4b8a7e04bb2768e2ffae452837d9
3b2140014f096ea05bdb1ffa79f2cd21fbb348af27f50e2b5331906f68f99f01
6a16270b91bf18137098807b299557c090bce2601066fb18e2c1c2b828df38e2
40adef90a43bf75422cc6edf4b2aee4ebbb928f1bf1c314128633a9f476d77de
92c6ec564f78e4ee423fc90fc64a917eee6216ec6ff6f49a42dadc673350659d
666a15cb950891304e108afcc48b0faa095b8127c81a8946005e9dee5d067c35
fb2ba7aa2a8669d2eef28c8abe6b495f400dee1541c8632fc9936e997e6d7195
673cb2928570a7b79d3a59c5fbfb91e058724563286818afc4350cc0371b7292
fb762b8ba13d35e8b04254d80252aec6f65c6498db63d49392f028669d6f4eff
eb6dbfee435f1eede885dc46ae306fd011cf24c4964789e6a0b6764467b637c8
45e33b8ec50a996257c1f40be6c25313695ed1f45f7581c2b0484ab283f1eee3
f8bcda143e02f63a9ba392685341b87ebbf0f40e1929d52e369fa10d209ac67a
fceb1c37f9fdbae54b9532425ca00dcfd2b44723857b5a717c74191680753199
dfb5e9c03cb303f24ae099666dda352b69d6941fe019b9c3fc4ff28817ac96e4
8dc4dc4b66f792eecddf2823213f09ea8138342456b968e77a5958061cbc30cc
cc516f7a8403aab2942505a80a1cf5799badb78a2b455f5210deae4526a7c557
17c955115cf0026a0283478c105575e4cddb42edf09d67772a0add9ae9613715
0a509b5235950cb424d938b1dbe6ecbafb777d42e9f3c3a42dea8fb1190efe3b
6ea694d17157bc45f6f1e3e71e1b1ee0f916f62474a5d63010bb0ab0b5984ca2
d214b1fbb3053ee93ce6eeff51ec1fc444b03ee6f7714bf26960d39945d52a3a
a72de5c138687fa4df5858234305b86721b2cb8d45af7cdde5d0d86d7a03a497
4703767661d59bb00bec5edd698db27b9bba8f33251367d1d645ee50fa2cfbe8
8a2365fb19d7b32ea9dc2d689a896781262a35f2b339216c209f7301e1b62b13
37ca4954bfa2c98b29e7c437bc1fec8930efc2ea6d2e691dc026f0483b1a61d3
fa4119dbddcbd4b63f26f74781b1e899b576028c677859559fe11b76424e697e
984e6bcd467a7d153ff0b3a9b814d466c303d2ddfdf716608cbf52c6cc1e7253
bcdf367fafd7d73fa262d75b86ab6913f273b3c1d56c31fd046da877e13eb6c0
fedebd1a7cf115b6638b471458a276e68e9f601c2add829460050f08086b19e1
9509d9549007ed1f3a6f30ee178a659ec091aa4884ff2c4086b765ba5ad0a7eb
70d2dd968986a7033a6c6bb9ba00ea655f3af8424921cf490cbcd25b44b1a282
b9ef95be338e8e8322a8bf984bcc0d750e52b154c34c158554420b98be7cbc8a
fff79099432a484b9c372e222408f191dc660a185459d40f3b90a6fe791bf7c9
051cde1b5a5fa12a153369ceb3c84abb4a9d33f118c6c1b9a8e5b9bccd9d04f2
7d36693176ffe59d570a2ddecaf0ba21f6edbf29a39d236167d9e81e65fba37f
a4e00bd32c7bbfbda4e470375d76eb82bac419e81b87ac9e2f01854d1f848c9b
e1ee1f7e37e02d548e4dcbb07517d8d939f0e303716a1d46f9a0367318a7f477
7c3261a7631e16aad1bc47225c12cc16af4b4f918fb4440c549d0e42d16ff672
9e60971ec2a080e131f46f14a674699a9c7a4d4359185c7356d0e87b6d3cd6a9
212f782dd2a0ef3929c722d522cc2ac0bc98588b408c03ec10fd506c208d26c1
24cb05515f7be5f8d58f5632633fdf93b73d563535a63304ee02be4335423054
4495542b3c87f4bb097f9481d286ee8a7e21113b5dafef0f74aef11875210d06
757d2aa029b6c354a7118ed762db9a30031265bab45bab1083f5da7cb93f3cec
2ea3aa29bd18fb535bd48ef33a7de93294ce20d78907a7eba6dedc8143f67954
3b9305f7b8037dc2cb2eb971be4b753085b3568e130a8fdd61a2d9ab4263927c
c87490c94b962c8e28d476085428e4fa48086a00b9578fcce2b7eef65cd0afec
265fc339e2f76fca2bb4dd83edd77166020030528318eca147f4354c45a41521
851a2660179c559211d9c3438bd74cdf5bd074abe349546aabd95d18295b7f96
d02b6876c86cc991e6f181ceba40d801d14ce8254e3bfdd45de99004f36219ec
d10a93083f97fb7bec2fea481db81e92e44b970a998f9f96353e7e1b21fdd62e
c7472174a8b2974aff67e63564c9afe791270bd5692bdb879431f2d2832679ae
c1b7b1a1aec7a4643de5c96a41ec549e929e77df6c47e390f8404c360507b165
2861605027a762975af5191ca946f04cbc5d6d361b7f269b332b7aebba578c0a
41212455dfa0985a7ddef3f379b25f031cc1cea77ec31d9bd80ec3b8cdd8b68d
52416b980a5ec87fe4098a5f5d68356ad9dbf643e9bd0c74cb1bddbb12ecf3db
2509373946b81e02ed2d9fc6d84c4c412f483020d1c8998efddcb1ac486f56a1
107bfd9ae0162611c53d651fd82734730f7447a053ffd5eb52e5d62f685327c0
a537984eb75407f9f05fe601865cc656022410a36541b082ad3e0bed6314a86c
d467abf4268630c980b7b8d31f3be1b92ad9b59613724f409d8ce8ab2c617493
e61ec349979e2e0bc8b0012ff51d7c9eea73ce68f9858771888fc2d0097053e7
9742a444a6135e45a37fd82a64083fc4910cca90f768a465c620e4746f2f712d
9db34a9a527ffca89ca40f1f9ea676c08c224a7b96e1a90717ff3f9cd590363e
401eff8ca38d2211f57bbb7da018cbcd7dbef2f9a0c353ca8f4f9346d5a7a899
e55438d61c8b849ba5e42c7b1cb5e64de7bce60f314cd0f58d4e0f33d69b715d
304ce85ec9b625ebe1a620152e968eccd0342fbddedc6f8847937baedccbd764
91d5d6eecb44e7dc1b59327f3a8d5f479e9cf4749eb8ab42d1a5dff144a90ff4
2ad45f05266bfe66ad4dd4ecf1225eae3e19c0b63c5cf4e36a9ea4ddd8ef5f70
c4235b04e6f4a9638e1bbe43d894e2a0d4b459066a6aa9d1a6e6f7638d1fe46f
16f8692fbb867688417307e2b606152747217d49ff5dd34d15f006950978fe37
37f9aae848cf7a89b65437593272ebdffe8c92633ec8d32fe9ccbc0a177be318
994eb7b066edce5ca35d0dc4c2eca16f1475574253f55bad15757aa2d7cda93f
86d42780a5883c538c718b533037a3ab8a94b64d6c60522133e941d1398a2fe0
b6f45ddfbc9871e420f07528468cad79517e6bc195b42e427af1ec7870d5034e
a67f501e807394163d994ccb1f24e4220a3b94375ac12d58eb8efa8010157e87
c0214d2f1ded4b5d19382f4c4d0afa951436d5d18deb5fce0f96fe023c18e100
e5328be61f7c1ba1441ed30d123663e9a6ea8df8a700087e158b25624de5c027
5bcb8da1be56af147e8f2d7c7656df8b4d93094645d5a840d1b8af0ac3984263
0f702d9c15803cf907ac6418868ae69cf40b800217ba0d9a599e28c2419dec66
d4e0023ff3676949782305446b00f24a3850966cc3771f7deda33d36330bef8f
861dd898f74c22f34a37dc3accb36f37a562074eb1c78237fb4e3e9a419f3c0d
3a2fe5cde1c2545874b6455cceec7690911d8bbe0f30f0fcb470f90f5b87904b
4b416ee039c19307b6cc21ee3d367f5aeaa775387ff157f4b5eb3ccaa7b9090e
2ce36b81f25f619f284cc7435933a2f0bc9feb68da07fbbe5c6e1b835bfe24bf
d7ecfa151f701821c6bec5b00bbb3e6b0dc5422b21abe030ea24bae018fb156d
13e94f20e3c8438155057763437787726a35138f6c2f95eeea7837ad879c83ca
5a2894f50bdd771164c0f5642146ca36805b853fee215763b1f917efde4c645e
6aaf3128e5db1dc87fc7aa581d8b64ed5b8fee19df07defd42c7e7802988c7bc
aff9db9ac23e3f9c73110e0f559ca8522161b1cfe14e6697443e00bff226bb2d
8d3a179c4d11b01e4d5e1e13d20cdc0563faac5090a4cd5510aa8b22437ffa97
5957fc0b246bc5c39f29c795f7138e73b50de3796da6222c1353227e8cfddc82
148088cd7eb60e6b91df3b99f2a56b2df956a1d5eeaf0a6e5a601c681bf679d6
b16618e213aebed95ce9d296e8a6d8842d9d88dde8d672969cfda39fef202758
430c4c1409cbfa39008f0049bdc17f1dfc2bd6fb6d4607b72f1fa366cc7bef73
7247a9d61988305c745393af54e60d3fefdb3897d78f744eb5a1a61f43e58fce
5e2501a65189247ca4b71aca10d2fe813a8e29744bea7c9f7a0178cc354977f5
c53095005ce83756d1b30f425efe7d8d71ed4c171a7a9bac7eb5f88b7598979c
09926cde8e844fce08f3da91b3983156072a3056b7bc65ac528fb3f365bfcf1d
b242444dddec20a808e2964d31d735d0384dcf28d34ffb0606dc6431171a4474
52e29d38cd1079c469e19a3502490a8150eb51f3a2556cb2c4be71d89561f229
340e904db52984468a44975289b5f0dd2911afab4ee37a0daf2cfa12bb8c7efc
76e0125af7b11b13c41916fa4e373eaec9361a9936d319db4c847203f142a90d
113693acaa206c9595895560261da7beec2fc69ee6367ef9b7092473e8c6f99c
816489ce5e8387fe24944a3c4001c1784ea8e1ce07631eff5c96e677fbc8338c
a64302faa480bddae2e759ac5b25d566f2d64f7b05b2068514ebfdadc971c92d
12abe521c61b025ebe4581e554fa823fdebab15c1d4f01d4114e2f85147913c0
60f38c7cde10a1d7387e8cc2983458b0faaaa98fa26b0c375371e9020e81977f
d2d31421778b55b6a504e7a50d113eac2ad2033c3ec4608531eb83a9a8f49186
243a5a3bd57f83a807beee7679d09c4af291214e280c73076bf1e45904d27c0f
f2d5e1f245c842fbc94872a8f55eb8852edf1659fd46dbfccd77adedecf5b8d5
870d7153e349e06218292ed121857a3486f56757a33580e98bb41ca5088a9176
bf29f1b0e1eecb7d1476b689cb01f185e37f8a20642b80531630f0e66c504f00
7adfb9425abdff99af2eae2a061dabf77b0c587624372cce0aec47ef5e78079d
5c6105bd5b021e11720e0fbf61c6090a2e640a167934e6ca6b08b067088426e1
75a73698954f4dda48924da68f660b4120b763ce8b227fb62084db670544d98a
7d3d0a28229a149f41b87c340a04fb83da176a7978bc60a347cadfa83140e83f
648f3a9e90e72a66e093c7b7272c88cbb719fea79a085130478d7c0575a6e864
e79332befe9d3988ae9398cccbb0c8752abc7ca3d5f81a753c374724ea6fc027
84c7e1180cb6075d2f09f2799118c43c4dc6432b2f9c723179a2a4ec243052f4
dcbc35965ccbfd6dd209165443f26fde3b05ab7682d3f9d7924ae768cdda6502
f4f07655939c72a112b660551d366cb4d7a36b3adc9b5de159709398394e3183
babbe025592596c2f4c0f7ddee4566e56470a819cab31e3f41eac47097fdf356
9643a6046991bf9c8aae615e05f9f35059eadbce7dee3d6174966671b246f1b9
5382c89ac0599913fee03db71d48252138595db0d9654a283341ec0636cb2e81
3784b51404145fa0bf1c2a025e941a01e79ef8e07222eb6de1571752b6b29514
6ef4fed2496a204a923aecd13110a9bc2e5787e91d983c56fbd487468f4d6182
5d859d88dfe41580f7a5c034c4635450906264289cd42ad1b0254f84788a53c3
d2b3a2fd225861a65883ab2e8ec2eeb200d9b1cfcdad6e7b69398eb5e1f41254
657a3a841be92d30d86e1caa570155f597a9bbac107e8710a4bd313401cf3659
b4570d13312f2c7d33e7776c805bebf1a1b5bd4bc7f1245dc4a378ed4bcf72d6
24b37ba6c9094c5906a02afdcac80cd89cc9c8393cb8efe837a87be108e0d1dc
1f83aebdcd5675a94a3a9f60a6bab4b433caaa0f6dc60271bf8d9f1b17d89efc
d7e1d0bba03d9cf0764bee50f7ca4f6210a0ba330e476b33c57be21f7d4e2b38
ee716204305efeddda572ef94ef512aaf5742e0afdd04757011c837e53e9c8fa
7d950939373c3519e2bd1621cafeec75567c7bbdf20ed294a0d323c88340bd27
d6d1b6c81b9d65ce26a64ba5d33975f082ebb16fc758589e6dddf41f63f75b6c
bca9fb97dfe04e9c3744e191334fdf7a84dcb95f4a2f1718139cc524fceb7244
34f34261d1b7cd98d2d03e0ae810af444d4d3b79abbe468630d712e228a0efa7
0710c2642a51d98ef6828abdd1b8eef64ece07f0903051b4a1a4eeca6553a136
ea7c0fae7c8a4811b624bb4ba53a9494b67f1f2c02c97d470cfb48f6821d928b
10337456343eed65218d4f0cc922396d8fb006265ce1611efc71378f21acd48d
3f0d9464b720d98d35ab57747c11fd1cbfbd08260f3613fe2a8014ae73563c63
14fdce7f0609198204d71a29a3c0b71a36e562fff3482cbe749072cb7e077297
972063793b628397266a9e5892eff0c13ef31a6762dc68fd926f5c28495bae20
c1cd2eaa1fe45cd441f4095a11da079b5a6c3308395e1fce1c9ef57edab3a5b1
7a4ceca6ea54c87350314577516bbe99703579100e858f2535c26703526301e3
928dc2e15a557d75f2fafa92a8d3097db728377fe6f9c91c5e5d96aecdc1170f
4203c91b3c7a40f42551ac6058ac2ba2863367e33cacf2aba3bb7d0daae7b838
1c3bf5fe9d2b5280dc38738c63293f46c07e1022ab847476d9f1877b37f9ad2e
b69a94ab30eddaf2c1a6df95aa0116b2679621c82ec8ba5779c6344d18764d29
90baa66ffb2fd2ef7b8fb12685912dc158b44065f44f6d7fcfc2f90d42bb9fd8
6a988b30fa6fae6e1835f1b17807713a4b45342bcd3d0af64af3df6a1ac0c149
d9d6d20cdf70326615294a1f245dd9061fa2543b3805cee7079ba7bd0ec637a5
bec13dead2e773c1804af8ecc0dbe1fc27d3442b80666cb20916c197a705bfc7
e2c5074fa1779e9c9aad9f217519b71fd35d923fe54f26875d5c1d96dd856298
fc95b6f6608d95e83867791ba2f669f7d36f5d07559a782023f66d05cc7d96e0
2b27386960ca0b2b7c24332f2d4a1461022afc577c7161690fc87552e87c6fe7
33954888e06a7fad26f1cc6ae6913c153ef8522d0a6026a3ec9a4d36375e10ff
c99018e8776205fb83c769b803233333f6ee212c4769b00442d2161698ebb30b
1607269d3ee264f33ba9dd429b6684d118ee5d742d2c31d72d0307ea59e8fee8
5edd31ce5bb074bce70a00e84cb4d945ba23aa1200db4107ac18a7dd8a802548
5e687b46b2c746576f3df2cc3c50d67124d4d753a7c1c9784903e1227fdfe679
d37d653ddd0241c3c2b89708e0083d534556876b159d4a58f24069221837ea21
f97a9272cf8d02974f0ec8f726a44f3a64006ea336e57a7115ef75cddc3874b4
52cbd0eadca895a2059f5df407420ef00cb4e92309302a0f443e31bdd547f720
07df4dc2ba29561c88029302659b6403414c703fe6904fc1d422ef216be3a521
c06b25cec651132cb91b3ce68856e366f046b72e2bc7887f7760f03e84d9d996
d14d7705b8d78a69ecc5ed37faec51b9c5229e0839b7348e4a1be66b454da2dd
6f138033f259d227d17eb1451307ca70898dc2f27fe00c8daeada41776b88350
6a32e6b16e5b861adf1cc7c86564406217548068af3b0f1b3b27059fed7300e2
163297d26bfe9657d9c924b81207b0f04bb0f65c51f9d2520269e95091f6f753
edaede88172fa70e9e4c443f5737df1a4cd9202361255fc4cd17873cba620f06
53c6bc29f17c45d83b6e535f1c571004a36e09cf2a6fadc3becbae9d3b5aaf6f
98a3daaa4a2bdf80a568c291f9677062891f51a7b91024604eda899e2bc16d44
82dcb1a23331bbf804cbca673677d72ae738daf5159c58de687a452e6bcc82ec
861279aa7791bb4cf3dce911d60ad3f87fb0c46af404b7bc7c15b58ab72e40aa
2c72b607238d7e5745ec6068e275c5a624776cddc69317f56eb5be293feab3d2
54ffcd396f1f055d19f33a00c9f7e5ec53b5e98fda8cba52109747a15afc9d71
6354985225e99ac2299559aecc4c2b6fbc0b92d632d65fbd8318ab31b3c6ba4c
c180b464a7f011b0c79aeaafd61168685ddb39ad4e95d2075f5ad236e763e7ac
8ba3a9e906efb1de5f77e5fad41410f229b6258591eb3794975da64e750f2941
8f4bed37936ceacb1457839e2c301e17cf889d726f5e88dc0d4792e0090cf931
9c8ce1fba777b967109d76e106320148b531a5edcdfde689fdab1b4ff6778a00
25d68b82482ee2f2d6cec0ccb63a14aacfa927c49f576ab6ba61fe045259efa9
28a3a64b9e71989566b96780d9547e74c47eea77a471d5ddbf52b7093598abc1
6a8e8a334254faf92988d0409b73a8c057b59220f478ba49e3f97ef31d449e8b
343c20a85ccdf4a5939b23f785c2a06c8a213f1043013fac4173b2b860524ad2
97f0d6dd9027058df08966c75282853418a7ea4f8204ae23c415d237dd0d7453
17de16755810045c565763f68bebc1294269afe871b53fdf8aa72965eb617adb
0c827333303fdd51225315bf37f6da15bfbc5272bfbb61eedf785e487a710f23
7240238dedf0a05a786f4c0e84ef86558554d23cb5a7b822a939abc2349832ac
cfbc138b97249fe2bf9cec50594d674978ec1f74ca5269e90b802607ba00eba0
9a86cee2959a9f487fc0c2567f2d7150e6ff7ba6c74a45cb9999e604da88575d
2e3c1a38b1b0ed9dc515d602a3a60df1293cf7195f60752c1530ca02aeaf3934
25dd4be1fcf66374dd9dace4593b9b611332d80c47744447ba8c1376b6460961
eb976a4cc889a55843045a76d4c04083fffd88e68d173236a5092385ddbe669c
4ca256780d7b0e4115cf4aa9d2135c643e347dfe5a61b3376840a9113f7c6cd1
11b9349d228958f01f6c9652bb2361456166169f1cea85e9aff0ad6260dda4a2
3d9d08e3665aa540b7947239c828e1ea44e34e8491c259704db741a1e4a8bcde
eb1e6bfb4bc2e98e254f2d30326dc0abd7f25eb816fd1f84c69fbf402085ab8f
e1cd9468d2b2dad672fc7373ee90430e97df177deccd5424db9b8aa73db3b55f
a272b41ff814b8eb34ce93f3e7a2e9d32b81723b19e677864f0232f649eb8c6e
0a55fb219a50ca0d15cbf7c760e8fc62cd3474ca447e0b31c012371f2dddedd1
d52293743d0af59d125686557fbfc9133d1042bb8fcc58a222a00422334ec6ca
e5cd9ba6392d053b5af95fbc2d2f12487f64d94a3a41b98a3ab14141e0d88a22
24d6538a22679903b9b0ffdc70cc3499ae78d395a051d82416912f022493ea5f
97d6954ae2883b80c356d4e9db6e0454d6be2f770e9dca0e9b6bb6c86efffda9
36d27e204945a848367a653d9d722e888abac3c0c6c483ab63ea6361e7fae7fd
96fff0cb3658726e8bb815a21d2952b9753a4ec23fb13e3bf9b6e758ce47cd85
582d87ffbecf24ec779533c2eabedb41a9ac8eaa4ab4d023fbdc52559159d449
a8546d1a15dd77cf791085a971f94fe0edeb290761d135eae706bd14154cfd90
6ede3d5b6ad575e0016ae4148d1e3629a69b18f2ffd360ad8cccc17e952125ed
880b16f6cb628ef33d9debd56c8addab59588d9a75b225977e6f717adeb57ce6
b816ae6a8a8f20378dc74cdaaf01f9c6417e728caedb5e6bd112ef88e3d483d6
7e207d6b51b627957cfa70d70ffee07cafc76af7cfdd11aca9b222f7690b7ec2
c2e7d8d79c87210ba43e7c927aabae3f5f439550ce57c478d2ea94fb72c0d84d
aacc5b48ac9dea3cb5e0a452427730bc778e2c2e0b53da2e2eca35d7a9a40200
c2cb21e15c19aa6237eddac8d87f255c7e8768155224a44748d5cc469127c73c
9c49da3abe6f214ca62e751d14cd7baa9bff24ae8f0a6abd7b4d75c0c73c1901
3ef7f53558af49e3288fbea750e6148f90a096cbadf3eba83f5498dc45cbe2e8
b07f98cc7189ae83dd7c82dba37406c5f935ffd3520fd82a86695a81f5a02134
0c769dc56bfc5361f3fd59813d9885796fc4791820d6702e0ae4977b6349e85d
e915b3125c49eab92cf87e870788411565acdc21fe6f4d6e35ae5fe8071ffddf
11cde6716d3fd4eb09e2a628372bfc15dfda1bf0beeb1dd5e61b632337ef95cf
8b14f28eaf5119608449bd34d8865517808362dd9271d19435692b7b98ae4378
b9c6400497bee34fff21849283641578dbf570f8242a2d66233a46e259ee0ed1
0ead63ab8aefdee0bbdf4b8ebc9403bfa3a991f57dbe42534fa6a038153ba07c
f547f3e9275485b9073b6447cf7c1a05a4554ff0d23dabfdd09f1845e5ec45a3
c7b3a774ab67e6423eb37627dd9bae776ad699d78a6b12b35970b467e0295c5f
10f7708dffd0c044bb3e0fac0c28e3c8e516bec3e6df34d57cf13ae14cdf92bb
cf567d5b3e765b5ff77fb0a121e4b24c5287e4b5b6af48dbb8fd758856a2b80f
4b8f04ac5e4e847d7ff5a7d1eb8ca097660b9499d3c0b4297a8b874f3daf522e
cf26b452a7df0b86abb508a5b149f476f8d662b214d9b34b2c50edcd4840e7d6
09a7afd2adfe71f82ed5a2ff0e3a2099fe5e883f916c68ce7ed7b8c240a780fd
906ebe8e76784cc9313662f098d4e410cbca86e2c32fed783ad30af180fca565
72ad4a70993c41f5cf05e0f93db3aa1b8ce0bc417e4d590262455cfbe0e8317b
789c6df3a5af130a09d2937556f0f5a7c070d04d05fc175b8a256e81368d5c46
6bb7c096e3d32cf9afd3d242ed40b77febdb90f2b75710dcc4eadb7d7659cb73
e5eb01fe5a1e9a6e0daa1142090fa745c470d09dbc6330f0f5403f26b57ccc87
c6d5cbd72baaf1317c92ae9cb3b2cd35c1a9a7ae3ca7324735330cbccf64ab48
fd20927a95189db73ab88d9ae6e7efafa4ec3f42b7eff611f67ef4294a4fa9ad
511294153019c943dc676cf0103084667f898b24caa28c8708c6a459236adfb5
4d3f6cd5940f09c2eb3986df6e08ea0f5130800f9189a62a701bc8a28de366fc
e4074b9353fc1da858c7cd544431fcb985b8a5d8c59fb94569983890f61cac08
3c567e0ab167016e722da04145c09bb3dce9e26bf36414e8098a3f97e97a42cc
c99eb158aff71b642e87db96e804874c6b96f7b79d406abbf8a557696064c1d8
a08bee3ad46f5ffca9ceb12da858846c5b7179fdbe56a3ff8453cd3e6cc30c74
f779b59a7e7734b1a4252e50083cd122e2d38148e691131ce674d86f6a201aa5
ccb721b874c1764eced61c2c6eb32aeef2c217db94d43e1e74b30740048a2118
995dcf1438746b6796872caa0fe17e87de1543e796dfc94a44b58c596049113c
6b2a411db1e5a13f605ab328f929edff0fd703c8ffc905c8374d0af48d9c44cb
049b5c21733a3329a4ebdef22763611b41ecf21b6e5226afb446e280be198bcc
6680f4c5e199029256a93bc6ab2730c56d027a300a39170339d055cf800197fa
54f10ecffd933b5b723f8bb45b0ec7be2907710ef903b7d6a4635a7a284b57da
1d1f60740c53d2d104630d4e655bbb9bb253a08e9ccf210ce4560d839184bf80
3f350348c939f72c379e5d63d66af5f241f06b8caf123ab0d761dd23456bdd61
2152d096c4bf503368cdaedb0bdf10165bce5564606ca5e4d76e99d52b3648fe
808846ab714514fa2c3c67b6cc5c336d7c59eb463dd79f2483d39a230cf7971b
8ea31114b88de13d3513fd8dabb89b7d0018a76d954923dcbb8abb5c8ee36bb8
69fc117be2c4df2201160c4376cbd74d381ac422071dbcd39595d4dab2bbf98a
9e59cb11101995ad0bf191d2dd949defd4d749c81cb9eb233f64ca63c661d5ec
3e2753389235677f70dfcb6e99143489228f9f75f9dfbfce1931b245b15b614c
5b2b7c5f9b1ad47cf321b8d280b2b460ef27810d770384420adc5beefd51f858
c31c96a8aeb095d21b9576214fe718010bbbd87013acfe8f9ff8ef7594a9a18f
d796063240c8acd2c609f56062feef297c543730d423059cc51b0138aa17ea3a
4270ba23e54399b1faf80549052258a03fdb17c1f62a1a28c50b8299ece74d5a
2201f2cde1c8b98105818599d1eb01a755dd6fe594638f5bcbf78f9549f89514
b7a0abeb2e45ed4917610384ffb2b21f5f3d26694d594a6865f450f6695ae2b5
03dc483cefb10b44618158be6b81286aa011f19a56cb209b22dc16e49514c26b
0225488f47b26f7fe5ce6cba5027978af4b11695b8c10e746e8af221765925b8
5845fd01269172afeac86166afd75a34b7f0285887407711ed5c6273587aafc9
d8feebc2845a77a56746460e9b9a150f37d1b3c179e68a4fc2746d084285166c
ada5af9e44be1fb450cbeff717e6c0b194f36af94d3360c3a51d2fbdb8296865
f2887933b4d99d69a4b4fad0f70c6390ff75bf6b9cbaf40fe83653d684e9d137
bbb6e15024fcd5f08e5b5fea88b04a4b2c815dac97a2eedc9ad50c4f4870f6a4
5aae769c942bf9192f00e3cdbd1c4b0cf26ca400b228ce6bfa8ce0796ac6c00b
396bf49f0d960887b16ec68e0c61c3e79beb9c8608ed43b074c9d092e61616c1
cec358109df5f09453157db1fb03d0705c4242c1f63e391e2b6204a32107722e
13fa50aa1716f492c79611e9b5ee86c87ec472a60427cebb03072801a118a0e8
d024991536b2fc5587e761881f9b5e6618c25d985873778866955774a0a1c6b3
00959a9153e8d76465a7ac65bf761f66598f7a00d38e101c8ffbe71c2108d80c
3db8f9ff86b017466db7d73ffeecdb16cd9a28efe6b9a1f0e9df943a74aba910
612e0ad0be7f0a1f0b32aedb38b2417b15e0c1c6bace1ac4d8fa9984885ba9ae
6cecb013b26e4cc24c1b8832133c9cad99712ee90b39540064a8a65424b52188
7197600bdf3c5a348103fd9175e582bdf9616be2e78ca4268a27d7d60fe20acd
cb8c6b0aebd82a1c9dce0b4b4588b82632e4baeb7a698a2abd4f0f2ea9268650
414acac58bc9e23135599e0ab4e00b506efa2df7a9df26db314df42145cdc9e2
4e1ce410323242ba7924362574f17de827ebfa707ade05d8f40b7775418d4ef7
c1b9463d62638335520a6acd3aeb7f0e95edc0d8f4a3c88d3979cb597a32ac45
8431daa96c0c23fd4374b3b960b68663913ad3ff801b0491a8e29159b07b8209
2e1a462c9c62ba32e3650fc1ac12a3a308785067e226499b243e509f0dd6ecde
a500073d445927f921043e6c5b8637d852a7377165af97a73ad894713397a0a3
64797eacc3c539f91277cc79ea954a1613e92b87da996e071d99ce00069f72e3
4e67ca132fcf81a34e7b64b86e67a50f848363c2e0bee38f8d46d4f9ed416147
c211cd235ba972a24a11df30c1fbae14cce6252812bc47d2f79af18632ca7d06
6c1306d359a137c9d12cd9c9844b468819c8f253fe4ee465664b774c8afa903d
179652390e7b9f43d83b1e11698f5aafa31a4b6af33a07e5936aecfa731f17ae
01fe157ebabdc303588dcb933186a27ed004d4c8b88e26789087a4b231fcccb2
386c3f4d994de68939dc202da27f707b27123b2ef839f62e90419598f975b1d3
2b9545166991b6fd5a4843cc3688313005215f0ed5317ca5843731b30dd66cc0
ae14bd7bd1286e83a032e7f690968972357d5634059c7f1232f074341ccc0e52
53d41ae7380cddeb69c43f1ec5ce9aca7c0d44a680ba5ef0bfdbeaf26bbec83a
3efcdc6be6ceefe1d180fdb7eafe91aa2eab0dd0daf476a8e8b14593ab08110b
b0bf90fe378b459faa8b1d6ae574013c6dc84203a3205257a1ca9703d0b69729
aaa41a05f9cbec648fcba489480c0c0d87814c421ea9255fd008ae6977e228fc
d39745fcf7c415314d563878ae57b68e9682d4d9e3607b56adcb57368d466a86
6b1218f3a84f52f42eeeaa3b4b5c0b5e4b21960b403cc8b1cb89ec13019ce8ff
f3e81fdbd00bda34964772674c04913aa6767d5ca3c7e5c05c4c77aab41e8f07
0cf3f669be87be78b48b02d01d3ca8638f20de15faaa98fa72e7c0caccef03a2
b5a40bd1b36abb1f5f10a8439c1cd16e459c8bc5a6e3b3cfd15daefa461a350a
85c6065076a0ef0bbdf3830d9d6354f685f590c598e408127c2a5f467a2d2f04
74bdd38f0c76bb5d0be61c9b35c9e91260bf18b685406f06f9c3d6fa7e2faa40
897545e729b3e706fb03a93abbe8909df77745bce64d0b842700a465e4b77f34
f75b3b8c2c93bf245b0190c10293326d0fa654b730e6ccfe7cf9c35ea62402d3
8b6a981b4b3a770850d31bf653b464c06742efcf9329dee6dc4420ff498b51e2
67374ebe73c05c4e883cd9e4b8c00819b1195cda497f63a930cef11e6ccad8d7
7d0a4fb0d25865480665af1e0a3636057abb6e9703de8f604078f1978fb69a8e
f6a35ee15bb564f4284e8ef76c34b3abd3afc882e177b18f8b7832409e973329
a9289ff38e1a141fbb49f4df997660d31304c464f6bd0b4ef97a03b925a3f3d5
fc3200e1a9c2128cded03500597522c93ec5f83474a5092f6a39c29b91317708
7e88d6b35a01f95e01d29c40fdab0929a70be92c742d038619581e22d1eb1ab0
7ef64492984753eb4063dd6336c4e6c3b470947bb40d050bd290cd00d6b952d6
58b1c0396def997912ee460280265e71fe2c877ee6744d94ddd30bc24d190cdb
6cbbecf3696e6250a714f3c93e54a3027cf43ca6bca0615694c3eb3fa53e52ba
7cd0a56bc14c0451bd9059738ed7cbc68e053d03d7fcc7eb0e357711689b12d1
3999b8ef577737ff093ca5af9191b48e5922d0263c40032216bc492f0896fea8
f4835cf56ec7b23bfc7d4b240a57cabb225f577293ee0aa6faca79e5b8b85994
ddb856374f2b836f4680430fbd04d482fcb7b4b8aec2187cfad21bd2809262d2
637ea566167b7a8ea7bad18a582d030ada5775a1e634d21030da3501f27fbe75
f31b47c72ce70fcac435e6080fbfe8e227c8d238a707b5228b0b321c5996c3da
e23b23943a6e245d37edb1c1946236b920753a55fe3a859e041741602a9c5265
c8f3a5004ed0ce7cb8aa6e83d49584a3d842ae8daf9c8d16bd25f87e8e5f4379
44b3a7fe46e818acc54c3d3a1950d37e75e0961503c235ee95b62478175ae69d
fc2e92aa675cbd48918b15c1649a3cac3faf665ed92cbb075b2a386abbbba2e6
4e6e79a88e0cf1429263fc2c99cbd4d51758e18a162add6d7b9dfba2d67155d1
65e56cac9bc991e2b4c1f1e9d9783ea994434f4bb4fc6c0d06e15d8ef0278cd1
2f33588043b5ce66d8d1f002d8608e962c178f3ec39636f88e86a6a93ad1bcd0
581c5504f2147d67d27e6fc4fed2b35120a1832bb0afee05f3065b19a07beed3
dfc748065764ffe8c230faae0ac004179098789fb47d8218170a74abc67ac528
1e1a7ab55dd4d5f446caf48a44e6ee6815186f06562fac2f3b38ec158db7d7f1
90f9e2f8a2caf23d84b10f13c9dee09bf4035baeb9124c3496eeeae78b9ce50e
bd12a2f8ff41381f6b35bf5e7199df0de40c07bd607358506fad148f256fb97c
e1c733609a8849b33835ff0945c949ae2131d088ae8d440c44be51d66d89e84e
e98690d9ec80b3329979e4af0e605136ff6d73c631b38d5f68a8a1c22b541a32
eac287a5635a7f94b319d4cf547e4af20a0eccf45db92449fe7233eafcec5232
6ee251bee9bc5800b181c660d0fd1217565012b3cd8d5213e5cdce77c506cd97
f4b16c1e2dbd9a1961204f6fce3e1b39b6e9077d56724ece2e7db8a3dfd6ca79
ee32267734d28fa5a93d443eff38cc04399885cb397db8494a6537c91c44efd4
bcc0f56cc7167a1072ad119abdda6621cf52658a7bf977ff8bf62df3ac1a0e74
42de508d8a97ac1a488b9e78f901cb2a181546eba8fe92ecc126a7f3d675af54
d4e18d70c49ec7a527a8bfcfe89508e9e3769555ada1bf22a950501d96f2256c
4ca8246a54eb328358fe8cc4a13c4c379fa3dfc160a61cd4090b778add8e5872
6bcc1844206e97bf16d0628e63fa716c63616557cffd16efe54b068a122edda3
e50a57c13e5a727c75e380b36df75a01583555e769e4febb4a5fbf27458717fc
1b1a66db1c867ff29b02ad5d9a839cb1b2e3c6fdb6d82aef22005dff1c19b4f8
98b8d177d230f5fda7c58966d74242665b6a679866cac7e4374cfce459c309d5
25b61e0778a212e60f41234a3b64754def75512cd4c770ed30669a7b383f7052
79a8c2ecf832197e31c9f1e04463980c7f6a339738f309864c76c90faa7c0e73
2bf157aabc0072ba60ad450e87ca0083e3892f3bbb67e614d3720c7711bcf6c1
4e9ebdd9377533b069092019e456058e99459d8a7498036ecd67c8180f1efe1a
3e914634b80d695e4fdb43acb09abfb61d30976b255d967995c066687e1ad5b6
b84847127b5a143d0ab4ecdf0f4389fad02e457288ed231b8f74dd588fd2738c
b97f03a71b5bee98c02736c77e3cb418e062a43e9da25f6c6532be87ab8734d1
e46a3e45acb652ff95636c92bb7fe230ec750bc5abae5213610271ee8144917a
c8a021a8f7d62eb1f1b96abb6ffd30ad44b863e4bf395a479dd133369a129036
5ae556b1df045b8bd1d2827265dee78bc488ad6a4e5e0dc6bef903e62faf1529
395cf533bafe676110630320f0620dbfe940048a1218d15f0650686cfd8013dd
da5064b9ee25189bda1312898ad1ebd8abcb06729ba387cfcae4e649d4c60998
3c3c1b1e1e28bcb843e9a04f3a4672b0605a563ac96b055d10d62abff6545016
b54c84fa1579ed75dccdfc12c87eb58ad41a8ee5a17a5405339f3976b46d33ae
238d81d3a9c36662f82e285eed7ca95342b45970e3d8de9076b91f4594930642
af8b278b586dac6b6ec7d0d7e4f03f946d8524c7001a4b53c04529bbf6a4e14f
7b68fecedceeacc2a7e84a6d1527d15271719fd2fce4d6d9f44a617624ae696e
ddeb351cdae99cc56ade1404f65cffc65257cb10563d759b7c51996a00c3eae0
94213b5362a8f20c82dc7c1d18476b404f173dd7d93df55841ab0498fe342a5f
b0065335cd10e0285490e4a15eff778c0fe562ee86aa26ce1a4208920b7430f8
0577ff4cc885ee3290cd8453263ee9dbaf1f640dda27de00c0a76ad9c2ce68cf
71ba394b74fac14aafba6db2b92c0f9320431028ae0518c934f11e58cc6ce174
01a54f634e0af46d9206251891cfac3cf89e49cb4daa996837b9843a36ff9091
4788272bac3374890924b27e8bb03b3873263a55f8f35c5bc366d992ee303206
d6b1426d0b365d04cd9d24a529cc91ebb4e73960f5a1de18a5b56823c7ab2a23
ab4c49dbbb8fee8370a9a57cc9dc5fd2d9fd2e3b8991af9eb0730728e0c3755f
7385fa97d73069e7fc2b55b45221f5d201b97765381032b1efa75c71504319b6
09c9a3f591dc62b7cb355b793349cd2e7a76fa17fb03865d8c1f8fabcafb6f6d
54cc45e32e87679e7fc303d6fb8aa3d1b471810fdec2b2c99341b1e442c8a147
ef7a2593788997ac7689421984abc647aef5441f73e82f4ab7ab2c4581b5f94d
37aa521807f5ea4478ae4b9be215d4d4951b2ba4a7486b15ed57eaa1288719d7
f07fc1998c6a4ebf30a748e2663ab64fc67142c71732b0b1082b63159d799b23
8d4c17434aec72cd4749477cf88bf6c017d9e3d5c653a38f806172dd38bbe03b
eb18620b50c6371b4361a29cd910b0e956a249acb0ca670e92050bdfefd5a107
4f04f671952feded0b72064e232032fee0b3012e4b1ea1aef9338cbb7d60c299
6a5115fb2a61ae457935cdb86e1d33dcc5fc0b22d2ba7a032f00a33f83b95b52
fed445187fcf1c2dfa68156c6b30732c446ad0d1413ecc0f635222b23f10f57e
41104e90541508e318b748901dab4c883983bedba9a1404ee4e1468d75072285
83ec669929ef38574fc6c4125e01e3a8555cc081be635f87303c2733cdb8f564
b262daac7a6a19ac660b4f88703d2e490c81efb2a95ae6585fed96a2740c7958
434608bd5e7764d19b4a39ede26db342a38c4d112a93f4a957a1227aa4570977
11fa60e4d3b20d663f45c70b99a0359824810c3fe0a155fd5eb74ade05a5848c
104271b3f5151fee85dcaa6a5ac306f3a9a67295580623ace15ee9176d07e300
596417a91e4409e02ea58bc9e7c31ecf624533e7f7475d6ac79bcfb48b5dec14
5357d678e024081f5e78cf301db13485df16a09a839a306e545ddf30b8362b2f
c97733a6c7cdef158999024b326fe47da5e4f3d9cc4ba4568d83408a3f8333f7
1d302cfa916043603b294ba8bfaffc1a415742f9bde2857721ba3277bf82db1b
19743437a6195857f64cc1dd69b9242f6d9bd079efa4ca9d61d5871149e668a7
24af1e01357d7b08f3de3c7faf000ba67b3e68421d34a64ee2c1931e252867ee
b581bf2982e640fe048b3c38df21c2a0a2fcd92534ba79fb307e5ec27cdef8c7
3287ee2d34a9d5ff3520abcb5590cbb5b5f1b30f9c180c1e839e1e653f96c16d
c2356e5cbcf3f26cb23854a397a3c3c8e7c93d3418d29da2d6481994452a1bb0
07fb2bc0944f9b7cd5b679c69d677843d09b9dbff552142cda282b8928d02e4a
8d069c2d66b42732b5865ac6629a49bf8eadd0aca32dc6794803bc6777308834
196e28f6c20b11fd6129cf0cfd1706602ca882bfad0bb65cca8a1653568f96e7
13f288d75a991a8947b54b124e57cf1ad06a2025961fe19afba5acfe8c3d9d3f
a887d540d137e7dd1f0914f6def6437b7a11433691239dba61b1d695130b3d93
0c61e141f4b85364128dfad63144345d0d077529d847767ca99e794d98884271
1dd6cd4dc7cca28c3d2f3ad1f8c8c7921f10c701798a4ff7b418665699939d67
47112b40cb8ee39fc9f6192e1c176d0ebac340d92781d75ca06fd149e90a9e2b
bcbabf466f0531cc9ef8a87c272687a7df513700862a528e2371408b10724353
cc6865937650a5ad48922c26e14e554e6f971a7da508d86c8a383ee2e9682c17
1259d5d23bf12c8ee5cc33da317ac70548ccbed976a0a2972d4a2eb2d11e8d38
d42dd750ca1376d6a51e1a9bff2a642572652fc776a062dd01d7f72cef55032a
10254672936ca51523116b60df8d9a97930f570b26a5be676262bea342f43a1c
4122d76935b9d1909ee0b60d4a703777a6e60caede89b79caf9a70e8ea132dce
10f57eddc02987de75fc134f8fbfe6d735d12d8e0769850402f36e919615f717
f1f496359913b96b0ade0d92172e1819abb13e2fb661da656f854233fbeb3629
64d74e67d47212b2086f128dd99f78b133cdcc71ec164b4fac701974ebac9780
c726e0f0d3685142806c0a493528de985f9bb8f9ed72db2c15a5dcd0cb80e56d
37835dbd869d8a30a168fe1c808ceacb2c5a6b4a722141134545745f0cc21638
fdf4e009e7a447f91e2e1763e8c3e74614f49207e760265e38bbbcdf205b1eb9
8fe3b331e27cdb17e48db9797e31e4b5d6595b28b4d886c7ac7cec57b4e49e53
cf0803cc970ab0a6dffc6ded09c91b1acd95035f789145ace4de7c25a174a8b6
5f187387692c7d971e195aed63cb6d1cea9283d955807b8e73efb6c03b322e13
1cf7b7649b2e8340bcca9032ea6475426f60246ece89577af47b6f7104ed01d3
5bba5a67b6fe6c993e308e5b05eb5307d24b0533ba12afb4a35af95346f216df
d8ed2f304b5ac3b8dfc0df5688e6a2d1f199d352071f9489011ae2d9f87e8d4a
a844093612a1a5e9b1ac3aa3b45bde59319e7eedc965c3278b8ef6c6811ddb81
2286e06a34f65a8d20a2bf4fbb280c91d90a7d6d0c6ec089cf8f2824e61699f4
599855c54a5e3f3725fa1f0508b4b170ee5a699506765e5363d9487efe2aee4c
df412682a794ddbdb8b60a672bbf80b9d5b76c65d5dac80d7445b345420ffdcf
a0681e8f360f769d0c18fa75a7fcf323501283295ef52d67ede789d55a8b45c9
23d2889c5d753710238b3eb391ec70dbb5805df62d06fba6838844fbdd93e5d0
530380fa7fa49bcca586ededf505e7666485b1186be8d090acad04a0b35acf6f
8aeb8714528984bfa8399a0a10231ff4e9846fb70110b0a0679d2837e50c4015
7adbd6d3477b64a0384ec67ccbe09e9cdd6252415492b2d062b76e6104ef7a15
fa1e98298ba8174c9daba346d07d6fcfc0604e2e880ddb050c7fec87253670d4
03764007bc8bd3a5c202d7b62d9796e144ee010b17c3f09826ae76c50e087f5b
a32ae18bb4e329709d7a24f714fa3aee9cccdc80e72bed9ba3b08eae9dab2274
c53ba0519f6c9bc54076469ad9be0e668ebe8243ffee058158a45992f6612a4b
50352566db2caccf3d0fb167540b14ffe54349e1aa4e027705d0ae163c9d5935
e870d1e20ee0ce996a1067336d28938a7870c31729f1b654c9bf18e1b7bda458
0cee67eee33b35c72486d1f989738bd0433a24018c95d43c6cb956b9cffd5b87
3d6631553192b295c43ec3fa5055d53beeb9cc4dfb86e22fbf0ae375ba224764
75fe1427a27d4598ea867a12ee7e759252851f9c1de8502ce684ad1df293d4c5
bc12c89decb24033b6fe3ec2ccd5972c483a395ec3e4bb8ee9f617acd7b6c3fc
cef23b439f3fd723e6cef17fb25cba6166f4be2bbc76ee5b170f47b564fc5574
e2a6625e2323663047fe4242d946cc29ba34f6dd18eb8a10abd2820f402cf035
856ed45e1283681dd0f15d8afbe8c8c3809cb5d5bae544a42f6c95550ffad984
da7784f6b8506bb71c5a6ef303fee5865c9fae27bf6d0bba2c624b922d51e78c
d6558480328d905d1db00bd58b593f0c337eae1ebf7b4915dd5b7404debfcbe6
4ba551a743faa65d4af0c41f79199eea9e328279291dc8d357024630ab8a94d6
1608e1a2e93ea829ba78403d6a26740a4ff02630de6ad8d806bac0301fd7b054
b90c8dc5efdfd061a8c4fcea36e5717ca2ce0abefb1812152bd2d0be4c9152a0
8aa5741f2bae30c8a15efa607961e9ae42fb87bb299f25ab7edfe137b25de48f
c0395fac789503f3705ad3ddfffacae1d6841340fd68acf3e9bdcaa9d037c52f
5e7f2a581508a3789fa6f5d1c791d43f67cc793e397a0006ce37a4cb84ef5aa2
7555ccf4a96dacb10e5b0b1e9c969138d5bef36380218532b6839692ba3971fe
1817c97f446ac0642a4e5d0ae89445ef3bfcee447c4897181604447157da9633
707e9323e3eec64dd6dbd809a4adbc327e7f471833734d2870c6f99c6921f805
8a06d3205732d7a374b06a16c4eead4fae4f2c374255fe4569e36960c932447c
b1f811f7ba4e27ce45d0cba32a7179a437f42793f9ca3e3735a16081ef9c098c
e70970950aee26ecd9f1736dff07c83666244f243aeba69cbf62b4e4711f4d5f
1b0d53d99e1f82cb7c6fa6ba9bcd500826da25c27f90c84c6af5ced84d13b304
e9385f573a7312c824d7f028def368f61c0df9d1748d2143a0b2a9ea3dac8daa
b76eb33afa7aa7e0db416b90e0f36b11d8c17165cd871faff851124e8b785e59
b753227fab530c0dbdc5c7c49d768b836dabbb695e6d562893ad60d14e1fb899
f50ff6db094244260ccf09a26afe8cb650bae32a700bd21a14d36590da5be0d8
7e4cc8f27065baccfe822edb9b5033d4eeeaa355710fae565737a870f8bc013e
c2e8ea488fa902e3588596929f54ab26b52f6b1d875c67a8ef9d01a634055777
fe93d34de835a73a4755ca72ddea4314795c41fdead87ea880c18a0238c7c306
a33f11eede93342d86775843213b813af0cc4c752ab854c89631263ef9a26b61
4fedcb11b0f09f28a47f267d013a37c0be52aea8d2d7214b6dca6df7b263373e
e6c9bba9db32d532b85fd3abba3bd6d52aecb950e07b7341f4844cdd34c1b248
7134d60248dab28846bf8e4fc8aa60fe27c06da714724e613f1c06866f9b8090
74fd1bf4fe0f0ce95834aa98be213d283be433b44ef6e61655df0b4f3993e123
7787ce4a3ea8983d88141396ca18597d65b2f31a793a51eaa82d68b1158a35df
039cfa9f1ed6d7cf0731e230dbc28c5f9981e45c493ffc3406d5a4d24cb5c515
f3d0dd80bb4b729b2a2239a663fb89ac1e8d30bcb4e7c41651c09c95ea8ea56b
1b056bc94321892659b3dfa4a8fa6c216c69d702bc030d570aeaa9e5181c27a9
058fe2cfb94380eb80f0753c5efdd815127f36dab96d172c380563dafaa3cc28
1c0007fe20602f6b1748154e6ceeb03390f419bc2be6b76214e50a562c942562
588288516c7ec3630c3fb35e2fe40a704f340776dd54b6a8051e0561886da088
b88757f6ef3a5a4fceb8426d49b00f7cfe2e79983c4247ed09dca719df92faa9
55c85dffdf9b6e1cd87fdefe59520a8f2593c5dc99c2a0d5208af58ebcb9ea9a
03b6b55950f9746f0bc0295522b0645b346765ccf4bd80a4034d0ae782fb49b1
037b647db0c6effc24e7206f06a7c8c88ff011f4314a5c94b0a3c79deb9e68d2
a360f52c5398d3c25c9a5acd72f1a09ff70bc88db0ccf582ec1acd2eba4bbe24
2101545c89cf46ee04626544783d55e660a90266a89e8109e8d601903e6113f6
e9784d6d5a2896ada43d41a73d90b718398f66308bb70e4eb4d5de4b113f4fa6
ecda73614895d004245f915dbf24c4f982b6d377d02f73204b9a0146cf320d14
82f7b8676e606e69b9c6f0e5d37ab69f37ee6dc5a3edcc8c6ee24c6359f437cf
cef7df38d712787f20a297cda6a774ba40df9b6f8052ac39ecb725de4957a916
46194062026f86297354c4be6a9db5ae035fc16dce38def30eb499e04e6f068a
0dc817fe31c73d85af3d1945271ba9cc51018c17a156bbf59f2c1b03376d5664
5d4210e002898615f777c58b32e91d6bc78b58af25418ea46798580e3aac40dd
16fd026b9ae2b0d3eae64a686fa6d57499b90f767682bf371d0bccd3d6a51c9e
b42a59ca2b69e809250d5655911700d0970b5bfebe39d53d0dbc4ed10a39102b
35ff387a9579d8e33cfd0975401f07523909328c44054d0356c2d15901294f28
0c1e8bf9de5f267968e25b4e41815ab46d98d205e8108922704c680425f48053
f993f63a31c1ef022cffce44db4cc72ef7266a46ad70715e9490f64a2f8c45a5
3e830f8549ef0233023ed0f55db7c7fe09a768ffd5df09fcf2baa6e714a9e0b2
a80532c7091c2ea0d434aaba8d7d07a1b3f9f4ada8c04233b2e1ff1d5303dcae
332c130a7f6a6b666a0aa275c8f3b20d12c797befdaf2b45361ff907c14b150d
9a4834797d66f3077fa35171874b99dc595308821d2f97f688278459b90aee26
385116ebed4110a9bcfb82e7dcedce5492927e679e6931f9b509fde0f4428738
c55b7c15e46c61fbae134153207f6a4c765e97ee2e5d248765091e245ddcb429
ebe9ee0328cf51adfdd91fb3c6de37cbdc1057a5cb9873d152d1bc362f66a999
3d137c02f2cea538c86353c5670648446d36d79017363e65106ce30ed3f56f25
fcc9fe95776e02f726409017979c2608b68ee63353f6195f8598d063468402a1
6cca037461ccb6a85dd1c08fafaac2b114aed4707f238f19cb237fa2079b84c2
698b5623734535be6d34bc86190ad1bfb0d9e31078ecbc0893eee29c4335f0ba
14497d84ea775dc4f5cf732305a1d6cdff25043a587668bb513a3841a0a04bed
46e8da84bcc0e030a5f8421ef66c278fa434c293a76dcd3e7ab6a3769a187e2d
5e6c60bb28d9879bad830233a3ee4779821c95fc0157d51c304227621a7ba893
77c51087e3596f9a778aba5a002e1357e684edcf3a95418286fd509352c97e03
df77ce1a3da64974bf30b4487b4daaa26b643364819ac76b35742305f4c187e8
9231893264a7b6a86ef754008ddf289deebb1b2602dd0dc3aa3e2d0df5b73c68
1d2fd4e280dae5084494b0867f5362c911e356d8e2f860cdfdeb37583b66124a
d23c9fd427e33986e2a1b3f72085685c5ed0b4a556daf17654c2e0ad0d82802f
dff966ee125a9187db85f6655a88fcc2e9aeaaeb92dab318eda84d18a0376ad3
ab9d281a7dd4f817e3f99d30a333d16aaecd954a561af03a1de432bef2abe235
0a484938f15f25c24ddfef1504135e49db54a368cdb5ccffce8fcf61c1376e4e
a449348282884b1db28996281f02c41ac98568b73713f418a98a6784abb17de5
1d85fbabdf2e305d95081169d1816e84c8523e15a11c298198d29eb47c23e1c8
19cbbb3b4a43c31aa17ccc9af5ecbc793f6980795ee995ef05ff9a2329d44289
d13cb155f637784b628beab28a35562d8c47eab39cb4b574f655eb2fee95a008
f086cbdd22e7aade5d5789532d5e1de4911c609daab4f81c6b908186a6245058
668a7386c3f48e9ea518b13f3110eee02a15f22fe52427b754732af13bdfb093
d62abcb55ae9093a512060934735b911079fe49bc3831e4a5762e7c50425ce58
0aea40c1726a082f26c6a8f35d3d702c1776155cfea25b363be9f047031baa35
512247aca9d42d6b5efed92a5c42f7abbe0761cc034e52c3f274e00ad715f402
9d6034a94c13f68e52fec43df2f4292ff1a6dca8cd26dc813130a254b656a583
bea1d79dfe6b309883606290ed36d8bf8e2986bcd9be4ef46988e2cd63b4f239
8662d1542248a49431ae5d13c6156d64477129a22cb3d1ad24d110c3a271466b
112ad37592fd36257b7f76912832623b76c4334a3d6eaddfe46052b4ccbe5321
f4a4f9ccdbf4d8f8927f0ee612ef7f7efb07bfb95ebd7c135bd4a932d2f69645
33c74346e827ac268025ef459472ad8b4f545dcd7f98f6f03184728077fd5c18
0ce4202d4b9b4c3130850cd99ebe50c5b170af749b64fd870fd753e56e5a3f0c
853db66865996c3f17f2836f36e9b426048a09e2a371d1fdb76bd8107916d2b4
8df2d2e5b88a79ce5ee7943ea406b29d0c4d5516ae67215e1940d239630a35ee
b3318aadd902e05cc62ab5642e8a8b04caf77d96bb2e4b334e186d24e028fd4e
54f6a42479879d87cb1b708201c5262d8f94f3832236ff492c535a9ba603235e
42bd95bce6b0cba5aec7d3c25cf36b4c9c5fe3d62f2ff1ad254fbb816dce2c4d
7c379e0b5e1b59dae2d03f1eba35c98f7ee1a7fc7c9f44d6dbb29163cfd9859b
3fcbdc1b3eb09b0c5004f05ff6144acba1d9e54a946fb837f28dae7e3bb69967
6e406fb07d90ca341a0179e3fb8a2f7a176025be41c3fed82a46e267833a5ab1
099122188a2e412e01824651693843e459b0a224a10630e0782529714212a915
d70e02bd345b22d8452db6e639915c3a7dcd850be4584c7d18cffe66fc168347
0ccde8f97a9a68f0b0f17831fa516f6d4befa9580db8e14928a1355810d870ca
07ea4c1e50771f5c0e6ab6e0e06b665e21457b569e7b5c04f4e45890484b6b8b
b0c5a875cfffce513a270515cfd06b24b6461a45a735873877e0ebcca350ae90
4c77bb150810c3957e853a61feddedea6d1a972e7995fe0c971e7d85917d4082
c5e3aa182e5b8c246b56c4a5772410c489c5158532c011d56c50a8c20cca09d7
534aa2239f1cc4bb2796831bb34955b9de6f4857407f391036e639161d5fa57b
72aa9cb7fd8b12040a9160a7ae80ad994c2a0552f66a23de11500f7b2081a71b
42aeade092f75e43341a731ff99ad060a6e2a7fe65171e6f1a1b6f919f3837a8
e408f65fc402acd77b8d9f3c0905a0ee5787d3d347b5ccba5fb1cd311a91db92
65515b9caf4353aee2f97ecf8cba9a83a10081c07a27a0b22b986c0ef0281c4f
3a8ec12e427efdb36aca90ff1159a63c1cf8245940a2dcc5fdd55190bde03486
d95c0c48bfd252e7922dd763d41a27485832ef803714b2635c9b25f0063285c3
c601c45fb64c92044bbd3127573cdd79d65dc1647fc4b9c1032a78990f46a9f4
481e4b1ec1d1227bde0fa9c563f1a44a0f99c5c5f0f240d0d6b666eb437af98d
d2daf3d923973c13b7e5f5321fecc88053405a299e8814a0651c8b4d99d0c159
c5291aa1905f0ec78349d742f13b256ee8ac0ccaf855c26e7efd3982b8a0efbf
1ca358cbe1346361fe11a5d0854e3e49b72220129735964950fbd26e550ad4fd
b23b038fab8bc4b19828c200f286f3adb29ea38e9721e99e8448962d9ea4ea1a
1c543f2bbf4992a46b6119ec893182dd0c117aad56243ff098d8689e4038e63b
4a4bb29acf7204b0afd53ad01e6df38b6d0afc49fa3e9f4376f99225953382df
c50e814b6b1564e3d109b998f838a4de8f03717ae2253d3e1148b0318e97bcc0
d2a60a91c9ada4ccb57335b17de64f92823fe864354427d91ff21ae0c2011928
0117c4c777703dffed9fd652569c0072bdae74b8da81271c264113dac2cfc0b8
1b46af5e1163ce6c1447d921fbf67712c868e791d2842347f5a4f2a76cc665f2
5f78455ed21caa8427a284c64576058bdad43873d72045a25a061adc722cb4b7
60f17d1cf8af551be9ff7d036f7aeb8c808af35469aa6c1a538f5161f41eacc8
960a350bc21ab040e5db272c58c341f0f492d376223b97ff154eaa6beb4ac1ef
73a85a78644b253f7fb2de6315aa374cd313a82412a59aa1b619e2addfe9d8ad
3f1b5d8585748224b3679d99900d9d0f7f514ded565627e50c884acd00aecc74
a2ecbac895b99d82917c6bcc302f5626bab3f8896f33bc31fcd14c8bc62f72ca
34a28330096266e96f03f832fa920dea6a683ff292646b19175a4e988b3a7499
a6a36e00f68947aa81f7ce2eeeb91e91f798f07549e149366d175b50ceb5d697
887fe5b235b8214732e6b287b890c6f95eae64d9369597000bc5f9aae115738c
4047e69f4a1c5db07957d7e671989e480b84d57360ea9f310667f1def7708b7f
63bf1533eeebc62898d1d2e7ddf1919c7efc8a8b0b6bf7c61b7ff7d009a690b5
9def5f43068090e91c88b2855817ce2f78b4be09de10d997cd16fea80b57ede4
74d406402eaa5fb99c1067ef224e973df2d2ac73e4ffd2ddb7911f9d332da98b
d8ad8657d47a5678189b0b316a30f2054d09dd6f1dd6eb9c11a604aef56afb48
447dc9e1b1a1ac9d598b08ee117556bef020a0aed3eafdd07fe728aa85a41e03
e9c43ec7c0cf768160c9a37c296abedbbd6ceeb96431bb43d41a2c1f1fc3a5b9
5ffee9a03095ab3008daef460ef49bdbe30b9b153f75b9f8dc6a6d4a9e503830
ea76fce90829c38461109afe8bb209134ab6cafce2b9a0e0a3a0b44ac889a375
f572895d2b54963b4b59c70b52361187c042d5967d2f9dc10def26cb2ceb9229
1ff0c423465d2006ff29b236d24467c42842670376a803b6d1238f19d4978d4f
9ff3255cc243ea6b8d8bf3c8ac7dda825f2d089a9a9d5a0b0b21831ccb0d8a9a
f861416ddbdcdf47e76c241a7d5f99e9d126b6eb09d57bae44688fda664c83ad
9eb7c08a4d72e7cc4a4f05ed4215eac2e16f2d67814238c3fd4d5870debb7838
1c4e37d31c9c16992b1c503772570e7b017a8810a04df4e2103ca528e839d4bb
ec23aab06a35cd978dac74a6968103a306270ca899e2de060e6a07d50821c01f
ab2aad92f7b302849c828ad6db2b0d4f165ddb72decc7abf85fb9ed1640cd690
15afc1cd20f9beaddc756e740c10cdbebf4497b0be2cc35e62083108ea847e71
a17dccede58ffc10bce413e208baa6187f4c656b299242aad2ead5b76b96d329
72da647791f533775e639cbe6143745c7d8fb212e60561b6f149c30eecc96df3
c6ce6f7b89b5ffaac8a1c0414dab8a6089fa52dd2a3b02dae4dae4ac1773030d
610f5118f9b4565d44ff2162aa698056528d317d7eefcf8cdd409812cfdb8265
17727627be3bc9022bb3a88252b307603bbfda82e094437db1bb8aeb6db332f5
415166f6e712311f75c466736a1ed0157644dd6076d7738522cfbf91763b128a
f9023ab9020a46125b7a79396f9d8317cd4529699bb0e7d64f6393191bda2765
813b0e0cb4d93cf632f09e873c0a84a38a2447d03da696aca8a6ba08c39ab073
44d89f86e2a28faaa2364f4b56cd1ed7ae766a2c097c613e77fc6027234ccb7c
5110c43165af30aa493654f69d1421457255cfc135a4d953b82e811fff8ba19f
243a954257d74c77530e599a4bb06e46476aecd82ebd9f291b92f693fcf743e2
e9e2cd4e9d50ffa2c614ee8f23bc2d4deb35ab5394eb9b3ba531927c0c7e4a64
fe3660de11ac48826cd9cb900e60e2896e249c4fee9c56bd778f9f64a3a6915f
a6ede39acf24efcdd444814466bfb5e28b19aefa93145e20ee9dab330add44fd
145d56b74e52482743ab18c21c31673b8ab4cd78ca713957e4b3066710f4096c
4469938766b33c1a1bce6a0d5399d8f2dd5d36ae91421f53e2c824ce0305d8a5
9840e81c1f5550c3e06acd7c1336500bb6523a7444fc61f764f5057d5548cb9e
4191b5534db5e7e50c1c0d15ac7150be011d21cb1f3cdb12247d57b82bea65a2
0ed92a6a371bf44c293f9c1c0bf4c3d94b05020b65ba2bbea3a36d011d363367
07d1d1fa990a36801c019f9d4786b3de075f6fbc34460cc305e0dbd2b222be25
6387784c4dc9eb7eb49b524c600ce7e518fa94e69145447653b989928c15074f
8594609b5509713f06de85828435e9ba4557f645b306527be286b597476ef5f3
b41dc19e4a4e32e0b78af42b5b6262f752bdf12f0d57e246990d2e3b10cbda4a
df7aa0620edf1816b84341421dad5b7867494a0c6abe546c0209ad6949131dca
254e1d0933ac6e21633f70c0213b34f92e4d85c5c41ceb89d5f32a3c70d5c776
0a5ad4446c8615a9079cdbd41d64dc5cec188d2426d5fd490567b8fe95e0a29b
963ade974346703b66436a409dfed301ce8aae2f61081405d76d4e0fa10bf82a
e40d619c6a39188725c9439e17fdbd48ecc80ecfd98f467f87eaeb50387654b8
6405fa25982a121dfb604c98e3e0296e4c66e2b0a6b232b3969c1c992b33d480
b99c9507f47608ad7be2ce6464d0daa644f1f660356d7c24a73c72a2d9609219
88f8f3012ca7c83ee60460de4ff12ee84924b7fc9db922b49e5dcbdb6219fc8e
867800123038e938a7e7bb01157be57c9a6fc431513e3d21ca8ba7232414ad88
e1376d6e439200f44f33ece900ff9182f61cb3b95cba0755459442cb91c289aa
b5764222cc5932adabf59ec8e97eb254d22fa2d2254678534d364a865f2dd8b2
d66f071e2855f10d916ee804b0b6b9147bde9cfcf4f03c14f7fc8bd8ee7bb4c2
2bb12e2f4a031cc68cbc5f7556939c9c4f020959febd4d7b4ed9e3ac3b1ef58a
aebb2540038af3460ad8626c1130b7567ba4cb158849717abf4e3a13e442aba0
b589e4ebf1796c1c0aa140a9745138fcafe9e2ab2d4001ab695e7c9056151cc4
8fd1a863ec202a04ff3b3f89d996454458ef2ad1fd7c728ead7c0eb1b73fde0b
673ccf80af48d87cc14c65b772ee7686bc5d057d638cdd29d7ddabfeac339fa7
9d9ed597ffe8c80a8a879ec8e85eba3f911051143cb3d3e7003a1ee9702798f6
44ed119ffe697ec1e4d18191c4a09dc6c977c33b38950c1f2fbd9ed00fe5da0b
f55ab92836c66ab3db07736386832fd3db23ce0bce9cb2c070a528b3c4136044
0d47148d3a1072407ba9dd77396d9a54c7e96770433e6cfb72aec640abb0077e
f4a220587d0bcfeb00e0fae8da1eedf5599feec05897513850d1cb4f633ad244
c3db644d5a3e911cb9ae89163d5a628cb7f0b81b822341a4edad4436a90f8898
68e00d7684f720e8aea76a764c1951af66a947cbd7bcd2db2123a2f48b63d6ff
acb9ca99c6ec69d3f183c018cea375c84a3acfe8a8ab166fa949ed57a0e555ae
77489da5f2784276c98011fcc77db59486eee70f0670e509b2823fafae037de3
694846e428cbc9a001b8cc86516a91e62df841fbe766ef6a2ed5f950f766defd
f5137ed104214ff8a5bdc0973ea6ae82c6ce7eb1317a91f545d7f91cbb6e006a
d1939474e7ad7b04e7265356f584adfd166e76b43c6461c8ced4d16cf5251ee8
521834fa8c3300c4ec7de149d4c9247d7b44e1040615734282cc151788f5b5ef
021ab3f4d84f0708364f6f3dde2c9cbee2e07e8c42e086a5607a4817975a7183
3b2c3db4904dcb725266d73ca856aea0274ade147e67f53d92e1769eef8dca2e
19497bd7b1da0193370e9b246c9656f545f10203acd6bd27d2fd0f1cf434c532
69cdc81d5190efdd1cda74f5e00b2ede0d1e812ad538426633894da983c1bfd9
e843872721df0d87af4b009bc763b032f1d4bceb9aa015c24a059ae13c55899c
3632b3dc8c4acb61e898253971568b3ee35b193a3a9a01a2e3292be2aed8615a
0fe01e023e6ce0f631894dbd0dd457cb24f31577842615a0e25099656a12cb85
a7e8af312ef82d582843bc1563ed8d38f80442d1a5b057bf0d7292d7f3063dfe
913d383701fe24d2bd2d09b18565cc2707666c484626c8ddb6cee70fe42da287
e2acc09634278765cbeb5cddb5b628885b0ecd52a9bb489ee0b04b0e0f2a1696
afc8a88ba43fedca9835637c62694641afd3b41cf8d04e4e0501c1718c9cf3ad
b3a96af8cad875edb7736d7669b5090738052e0b99a498ef236ecf9e41515259
9d2c2be5953ccf0b04bd051200523a1b80eef8f7e989568c2ac38145382acbcc
d65eb459b8a035bcf3f807015d1f30efe0b3fe70f06626df271b781d223e23a8
bccab220bf23cea85250d282063607c442c539402ce952b0380b8e89ba65c865
14030d1a68bad3a2ea1e4a67fe3009caa49a63e025eb5126a1d48ae13b8f76fe
f7419b58b8c2cd7ed7458cf64c4c741b3deed78da01eb81135015ad8ded7c046
55eb922016a7960933f8de494479a80f3e6326078398d55e5dc97588194e3dba
d1843e34c2b77047ab3084435b2ea2b9fab1af3b4e09d5cd95c6884372f4006c
4920c7a3cb313320041c9b059264b09bed4c74d719452266087b63e324a3a90c
3d2a10dd969953320240d94566ef97bab5071f0a5a7f6d4375d1efba69c3c085
33a7e1037c5773b84db726f82e5d6147526583417b5297c832185d6326428bea
a205143f9d1846d8126054cbe23d56e880c0c3251437b16a451ae38b1cf05578
f783018cd142f28dd9d9a16eadad535d3dff32247c9bbaba79641fd4dd8a23c2
ef3962e5b34aa28bd6ca408ec5c126881ca8194202ca5e6b2fbe4550de26aef9
d7d3a0a24c07940bac55c28852adb9485b70b88a289211cebaa68613b5189538
5f90113d97154276566c652c8680751128256bab97efd68237a7bdd97289530e
7201f6983b49f16ff0133064df834f4f2ec21789e24b1ea9f22ed9d02d480071
4d7fcb0c1eb428d570b7cb602907a3284f868f2acee0da36e1501d7e4c6f6331
737fa303a6bef63629d448ee071630d4fb157a024ad5e3e1daf3fceaa83b8daf
35a6a2aaa78f027a597573fc17efa3e075f0aaa36370d06e6069243d37c4a292
e24d5c329238a655443fcc015763a4394e09cdff517cf727000c223dab8846ed
ba1a1aca982815a29e1287f665cc2146e238f55d23fcbb6b807e2bcfcc40dccf
615a0515b673805216a702b58ab99dfe7383df0281ac4ddb92f3cab05cebe83d
6471376aaaf7b56cbd90c0ff0f34c91e3fd92617ac28f605ebfeb27c44a2836c
c952862d4dc9f17f5f5a7eebb9a0b1b35c49a5898cb887c84b2a802a64b14a27
10b738fd66faa42f87ff8fdb6e419f7cbaaaf70dea24829af60b833157b95252
8e382082eb6924a38cdef489648576fe3e0c4eafc3defeddb66af777ad320397
1c3682ae160d0d98b3e122fd27d859b94f1f012b5b7e09503eaf15ec509fc952
3c23eff98a5188053145e4a6e4f9c196a53015f9bd0d27a1c496e675a2f6bbd1
87a39dc25dd252d5adcebd04ccfeef57d6cb58b42ac33040471ac1364c854b15
d216e60413f01d22f59e6d51580e16ede0300cd400ac76b563e9efc751a6c3b6
093ddb69722a8a50e3637e5568c1ecc0cf981a253f5bba2797b21924e6e0a404
3a9a24d87a26e7aef6f35def1c1fa977bcc6b60ba5f65187c5f19f3629064f06
28e2b148a7d747cdd82df484c613c6eb88e285cf057bb3aa9bd179f5889341be
86c3c0e2ab8b526c7587ae98a8b05a44a505a04724ac87d6e5dc1ab7c3033b95
febdb4856d7ff5786e0df51ebaafb3f334eb6ca8e8fc1c38394dc3bec2c866e6
48fbb22c3ec72c2fbb8735c1ad889026f8db9811d04dc5f74a1de28248ce4ec2
e81345c650a19be3491af1f4dc2e1f33415b8b98e09dee3595aed88d5e643a8f
a94ca899936a1869a6b728483218873dac80128c35dca51253cbc9bf4d04418f
9fb7cc651ff15520f67de9ada81c488dd5eaf311d2b8c9a37840959bf7165d47
6b02531afef8f7f2e4894daf9517538436bd90343d6c1f90cd47de426b4563f4
2a63b50891a57041ae208ec5baf180516bd39c163ae75d2ffab4301b04747f63
877538abd4b00ecc2107fc591758aed6a1aad32637ef0bc6950b06655afba4f9
50788758f9f2dd0c54992a436362cff70bd5bb0da494a164d8ab1a2216e2653d
28d01f23f90ae72fd4bc1a18655683eef08d7eca4a8d75a5d116c9419cbb5850
b213c2e487b58e9a40a84152b5986cb91be6416e4bf2d790a12b0d88605cb21a
43a48bd6e711fcab3b1134b1dc1158d68bcfde7320a049d46bb250deca0a9398
1ff64c4c54a764066414d041fd211b2ef673b3ab36626d00465016ffdc32c457
4ef6e2be7a54526abfe7a9022b72e087963912f5ebf2e9ba797299ab5cc5442c
2d0f9d2528b467deebdc505349d92d0e551bc9551a87f9468e97c2f450214516
626a87de849123b3c2b058d982e968643b34057c7f87e9ef2c4db7a1aca5e9b5
ec98c6d036939128e1f4335a593847b23ff4d50d97e6f4d9c419580fcbe632bf
3f1545eb79f08c6be0467c19c995ab5af16329dbc7d952d8a4ffbbcfeffc68c6
20ca3d64c57aaaeb7fca2d30916c9d9d679418577975c8a7f0abb8642a873a34
6338962c921677a5e88834eec3f23b487c22c5cffe2a0a2665b7cbaab37498d0
2fe46579be641d5f3386f0bf38ecc66350dac468096def07b695671455f5b60e
c6c282eebf66bf2d5df79733f8cca3cec3924804db45c4b66e291fad55499915
b7fe0f6c2dadf248f7c27534f71cf4aad7187ba4ee200ed4e13e1be1c8346224
520a90c6f00c109a6a6a366f26993afe774728ade41e6cf920de97befd959a77
3a30f5524fe7a1f19139560f9f688d2da0aad14ccb811c3d4180ef5d1c15d795
7dad2be4c8a91aca512a11e7d4e2c8700d5b2ccad26442d595ab5ec5719a67c6
647978c90a10ec25b048c810173d08afa6c6b3997daac989e738fe269b9fe999
34647bde4c2c40ba8568b3e67fd4bb817b064941b0ad4b432a37263a2c20760f
09e973968f2f41d0f1c083eb38bfde73c75f402713d4b25d952e9c5e62896f01
7cccd5b427945f36f5428c0ab4f086f171e815d52a4d730706e63ce3355cfccf
800437bef893988d7e56e2bf720df3422669f1732ce43ab92d534796dbbba6fe
b913eba4eea5be863ad3c70f075649bfce2c4b6870acafbac09c7a1dd36621c2
5dbe6843849f10081e853a5aaab84774ab180647605147da10f3d3a8485bbbd6
7fddb0020e6a5cd684ae60daedc73873c07fa9cad79211fb610f58ffc29c44f8
60c4b173116644d7757d558bc2200a8c1790c909bf72fd7dd0007e1eb5161c62
27ec3379dd2b07f475076faa7f6c097b6cc3931e2518dc13a6ec3619b6a59789
3eb41f0629e989dc7ea9ceece6bd600d4fe6178111f47f64c6f79b077efc9434
f8b5e361b0c2d8e1df9be55c779431c1d47e541bd798f2fd2ec14a6b68cbf467
477a9458cdb3150261922847ccdf13895edcaa7dd37a1204eb645eff57563e61
3224cd112da5c0897331ea03e4790afd0fe9df131f10feb0e9a29c056fcdf1e6
d9fe6da5c0bfea153de19b3089c01f5896129359be30e53978ffd22ab530db63
53cda80b209514301e6cce284e16b83a327c4ae198c1ca441ef5555f3482d099
8d920f52b0427498f612f37d4c3224fb59ed13f6b1dcb21ec1390cdb523290d5
33d0986d65e490748023732a2285cdaa889de220d75ed8759983f20b16947723
04f70ad01395823440debd7861150b0f827c9d0c1b2182a258f20e29d763d1ba
f21437c7d9f6a860c88d9fc8a3c0645d7416e96c611467d8cb4f63a9acf8a939
e2e5a66091de1e4059779928be19746344ede5c38964ef0236409ed2a6bbb51f
c4fd7b485a60f02c1a19cb11f3be17dd0d011d75cd6a6460ecdc6c88e2981657
99c84d8a105d2bb15b2b8a86b68970768eaa0da22dc8a70cb72db7516ccd535c
9cf7f620e6b690faa646ec8cb63d3e1930dfc24b363d1f1936b7cd6fbae8d052
7d16cec45d2d0077c9546f384c825ee61d44cad253f7e67074a746b33bed8a67
6d61b69474c9dd672a12e3429fda2cb932e8767f89ba0be8b17de838a2a81492
f3acb69663aea5bd2f630412aec00b1ec9e51be9b6eb4773b06a59694a4ce723
ee18809b602964fd992ee68703ba831b6f18a7eca41f0e3d022b2973bc01a431
8301b093532cde1bb802a14e7cd87e4061ee65c0697961e53138d91de47c62ef
d8c201f2e38cfd6ebd78b65d8d850feb3e71b616ed6b45d27e4c529c3a7b86b4
5d76473d5833325c69b313070719d003e95b47ee18a7da4b25a0114fd3748b39
629d8625a785c931d8ec2a0f3cf9e37750c8cea6498118f76f67f12e3b0a2642
93ef7ad51be7c585c1c13dcb789affedf7149e1e4e8b4761bdba32441d7b1fe2
339a53c0acb209b2dd14359956c04b9e56ddc849b8e1a8829d22b311c135e7cb
a9cfbdadedae9e812738e07c479ae56d8f2cc4c9a96ad9fc8df9196028dd1cc9
e39bb8567f063b612682fbed91c12e6f604fd4a959f291edfc92f586dca9dd06
936f99061bfffbbc4a59a8e645d5d2b8b0e50da6e3d1b3c6e5d6e8eedcf37d08
c33d95fb67597c86db6b76f7869364367713a88ef19956717e5b2c83334a8ece
205fd81612f0d3b18a7969fa0095fa1a542da525fd72d99186257fdc623781ff
67f3698d1e18aa332c1436f4cf1a328d12a945644fe15c96c6bc332717ced66b
d228fc6909a7fc8dc6d3a79c66243bc6e749cb6b4328dc557cdfe2e435e73a83
996e1e92fe0d3e8c692dd10f853e1bcb251824b8c38fefbb2ab7597f337f10c3
49ac66755a9913b8ea8093e20cb2c6d5b63c435d9be820081d0f3ceb01959c77
0aeaca3f9b181c0e6065d72e69a61b7e1dd4a28ab93d15056db1d59779d4b87c
1cde16a1d6f768abe2f4033dd4752aa4dd0d8fa0bdf1d199e4f99950af81aab4
1aed0c00fa5232bffe9009ac6465d72a846d68dadcd07b7c2f6c5990d25506f9
93e3c2aceb0b6519b71687f2df82f7b3a1d6e8a3a78aa7c14934dce5da2425ba
6cdee8b6ef86df489f5ab09e2a966c0907a36904b88390fbe802cd6be641a19b
9bf4556e647ac7719bcf46a2faa6ec40ffcc3e54899074d9511d2bd05b1b2e66
783cf89893c7488929e898e7626f9498fb11da9e0d997d3d70d441d8446ffb77
4fe4570356cbf9e0e94e2abaad94adfed2a2ea5b926403ce95f9c3fa3fad5c80
15e792f381d61c1d7c30d41f199e39bd10c3e328555b2ac04600fc4b25e6f4b6
1f60c5df003f979da110f179a54d75e7380d7b53f4efb2393b02175722e580ab
a3c46bdeb4e059351528ba234e38e154350922ec9758faebd905fbfb5e73a7d1
c57bd1490d643c222e22d2bcb03b1e0bab177a20ba8471e9f5804390eafca7c9
bfd97e265b3088d563164cd3823936497ac9aa25eb53e603c549afb0d1155d3d
40385c0ddb524d8157c85aa87522ebb921b232e72b8547066426771eca24c852
c74ab513d47cb3e09a400697e202997f320cdf1f20dc872761c649ae4fae66a4
8d3797c09b49c884768aa4896f014cd033c1117b77cd86832e262f433168da4b
ca267c628c043622e4f4644944845de64abd4a81370decb85be55a6e4226e6f1
40ffd88cc3e852802f5f097fa358cfae9a771f079ec423d2743746d0459fe415
acfaadf9e10ca683b74360174ca209e526dfb07f2632e7df4b2549692a3b394f
1540286a4f97121284507e1df57559d6b41344d4e5b13cbab9be42e00354f191
1e7b7c0917051ce1603dc5348bc2706a1a3e7d2606bd3e4fb29f27f5ef30b0e2
85737a17f691b95f02a42fbb7ea8b1ab4db3aa07bc0a76f071dc7b9d52e4a7ef
39f66097f7744381822bb4cf03937cd267a9304041d620f8e82dd55bc9a1de93
1b8097cf4876049279cb7cc19214b102f643cd2f14db6e98ce9d0b108f67ba8c
9254d27c27d837eefa9965117b4da926bab0068e6f8a73511fe36705c52ea358
aa1dbbb3922bf719d758f90dfca90d72e8ee3fb2575744aa0ce3e1e144c2e19b
4ad1fec3caedae2106106ccc4e4b965d86535d67b5ff5dee7df7589afc7eb938
16e9ffe243fd0c8bb76e9bf752da4575246b66efecf1abe939ce77fbcc7e2560
eb2bb85d9005a57aae2f8059ed7e949191f97061b5f663d3f841275f56afd2d4
47539f2f952bcb98a0f0a099bac7f558be81e09baf346b2773792d3174daac64
797645a17964c2ce61cd8bf4035b0ceee627c8fc8191f25680ec3cd3972224d3
59c00bd3ec6452f7d8ef74b5b29440554e14cc6898aa5944822afc76e1cb3747
6464095a36e4b69eaeec293b3e11f6ac285455b0b2862c8294066ba3f16c7c13
84115844114379f5611abd344acc422ac2750809aaebda1ad92c30a07c8a7621
c195772d4e0d7a5fe0d94ff59cccf6f6debe83b7422bc9d500bdce4b3b1622ee
f6f21df2ecde79dcf5d7430b137fcd952aa5a8536a4ec47c71b564308d479a32
56b0a999a33cab5d4adc417c8e8815b5f4175d1bda52a6a6104b8642ea57779a
770fc09181a6278e42115139b678afdeb72d87287895ab573617090cb3a580bf
4462efab2ecda7ca34c2c415d7bc0f3376ed7f5916664ed17074ffe9cea083c6
ca30947b6d330f9bd35d35bee187b0c9d1c84bb14dd3f3b0086c57a8f6159c7f
a3e4307b3a7d74c69ef9699527eec5c1f1d61f1cbe6fa68861857f190454eeec
cc3980044f6671d789b2a33c07fd4c1ad2145e1a16ec7a38e73334bfc183bf97
5c7d119053fe048c5a618061a6fd372dc34c01b38cb342e781d07b9089d30b2c
96bebd87c511621825c0e2b3f1bd0eebab8850db94296f7c4159d6c2551f6373
f4352a48454f96daba886db5ad9bc3f04c188b727b65cc2c89436d28533888d4
7cffee1fbcec6ec9b43575a923d44b049db0f127ae811bd30c439904e6f04c1d
58c575d53af17f3f29d9774fd6d076407abb107942c9923a17a052a2ec35cd5f
7ab06a40d11dcacc252a0aaeeaaada581754331b5f09c9f0ade1ae5e1b07a0cd
f8dfc9bd59803420bb4cef79120ee929513bf7742fda9522e4c5d70907db5c2d
5e5b6ae6f45324d0aa48279c22b8834800d7af76bb0dba6131f269b80123e848
67d71e8fdb2c901436c8e3ee82a40e09fb62be91e2066b505e2dba4dd2a7a8a3
1e9cdab90ff94454f2f423e4f21847904d0c76602be3bbc092d2f43f0bed0eb4
9e140e9859a5d3a0a4166ea0e731a8ef4a3e720ed56e34232de2a143501e8c5b
09879337c67ec09792747cabaa6f223ae7c5a0be98fd605830209846a6521444
5aef4002a9772a40d5d393747f6b34ded2c32f2facfd980c211ca227f6ac8d74
5c981ff6067da8045a6c7910ec93a807a23c753c0dfe200de63294c7da30c3cc
54e92560d79da17694afbcd67b32cb29c066204586c80eef23d54bb87c79c86e
2edc4b0a6405c6e6191675d38b4dfc251cc188f0f961d142ca027fcb1fc54c95
ca96ea404cb8e25106621d2cc33c1f3d91622505c30b3d834127fae711a6e955
43eb66bb6f490ec11d13933ad91aa607c2575731a141959943f458377e11b3eb
c0feb7db1ff11443ae57c90b7c84164748b6283908884eb9dd36790cef22e8c6
018f72a92f16126aced2f308523b4fc670751ad9bb958c68a31149e4a6306d14
7c9957547354900b0aa942279762fe733b1c822ed393526ef4a56616236229f3
d08b8e2bcf4f1ea4a83a64ba85c26854fe4e0d48b7c370223ab194ca5f48e80b
921f8fd73c0189a30e3c543caa0b8a943e8cc8100e77cb2193c1ba06d85174f6
cacf9a6aaa30269121f6ebab8ba64c8ec9929c5e358482dedd7b125a81a71f44
8e4f2a57c7806b863166d849a0fe3d11663f3844478ca20281ee32150b0ab4a0
6d63e44e02d3cec923a0a0f1ad1fed274e6a06961a06a796dd9bf9291e0ddadc
d79a0dc146c17e9a741a319ec5ca780c6ea388621d25c4035d968d6d1f971e28
ea64c90f18d0a30c5d6d7d7dba9afb5e962279c418aa15e617342c8025b695d1
d430a5a630e11adf8824ed4ab32079676db64785f284e590e8ab6affed956944
8f38bb562f43b6e740eb830bc660572116013009a378c7adbc08d476eb3dee02
686680c4e7479b13c18d270e2b9f299131050e1a7ca5bd2933b441a371631fef
bcd4784033672d412ba66335b78905c3b3322fd772d48e668bc3109bd120476e
43ec942ba777169566a98659d9b057bce0030bcaa2d944138e404ff036a3d26f
40ca8ad9c0a13d240612fafe66ee9d7834ce165ef284d3d263bf0f50f22e1979
23565aa04a3256c8953f2f1b3f9da32de407760c89d3f0850a4d95c9951411bc
49d23b3b0090e634a348ea0910c6c0018815f18bed2ffa4f4c4443031e2c2b40
fe48c65cdf67137e7b82a135a1e1556c56d1d34d4c22d3a97637382b745cad97
0a2631997ebc5d6d611c0499713db9f5374fb6d9f29bfdacd7a2035d103437e4
27738d060df2f3f9b4ffdf2e3da690ac3d5b3fe94d393dfe269d18cf047b8e7c
17c729ac1d2c168c4e1fd8b49d858cab9350826feb6974200d3606af2a5725b0
a84f993f6fe48b8f6ac53d9aa7a64583c78826c863f56279d2cd5c0034a94bae
1a77f849ee7bf27a125cb8dfc8ae6a04e7eeefe368ca4315729467f3bbf167ac
8e89f8702d99433098f2df9c24d3fc1288d78832880c834af5dae2690c8eb740
32a339e488569274a6904193596e3f9ae8cfa42815efab80f3190bac513a572e
5770da9a07d12138566007e902b9f44430f9f2fc0ffd2f5e44241f955a4a52a5
782b640d0be72c1122b1cdf71367688bb9dba9e06c8fd05202436d58f552ed62
9b1526c19bc6c023be53c4512e3411ed5395aa23dc335949c59ce54d137dffe0
314f39d81a317e9e2c8cb67ab5481895ece9d60a05406fbec7ddbf914b0e0b90
5d5d2df6e0b72598da3663e557dd1c4d5c920f39095265aa5f8c89becb003392
2c30260e93ea891d4640d8f52c1a13560d9bb07ec0000cf16e12cec7403475af
f94431cb5eaec00650e1321209080d595e1391dd6da8d3a448f33a681e196be2
3c9e811077b63c4b386c92670583626cc6401e1fcba0be35a1811c08bb75e6fe
de653ca4d6f18a4c097f8b9d1b8cc9a3d5f71b54527dcebb80858c17a419774b
500a5d0a33536d1d998cfb1727645e01d6074eebf6e547ba26712ce8a8b4c816
ced0e2cbca1330deb8cb386456519694b130b433488aacef1d698ea101e739d4
5a2f9e74ee617f7bd72c1ed46dbd465ade74ba66abb7afdd59a3b0121f706643
6082f577ed244f6116afaee4f99ce84a9ba117b06aa71d8edb30df369dd5ae3c
27bcc0c0db083909581632b4ad9e1131ff39d7a579ef5b3505b4dab2080cbabf
2d0337efc258e095f67fb071d078781a62aaf338a166d6d70183b3068a22fd1d
f763e87ec28636de5931f6bd260e89cca4dff2ea6b55e6c1663ee626fccc6f57
590a123dfd5b3acf0497fcc141d13397faf36c80e86fa721eb9100f9dd2d8142
f89f4d3d1bda1c193822364f40989d3f3dfae3ccae793f082fbfdef099e5fb2c
958ada454c05942981aa2688ea9a0bfd08886f5a3f0b13eba1f81a8a8ef205c1
2a18b9f12f5fcfdac84d57b3c580ed63bfc5e58aa081497fb6eb8bf8fd13f04b
040766f6b42ad512a5b7e64231d517332ddb74980ade900b0e8e452420f856bd
92cb53074a04a6620f1cdfed1f81da6c0f9059a9ab4b80032d65a4058d373591
cd8648dd5c78342bee376e7c4791bc156abaeb412d6caf2209951a6ee8a515b4
cac54e28452a56038b7e2fe99b9832ab6786264e9f139c26ff6572cfb557ea0e
4c156fa4249257c2c8a94b3ac1e231a229466e62a61cf7a79a24dc082b9e31cd
83157b8756453e566d211b8f12c11a73c8ea8267099f9044c2b491844e687699
42aa42675157df0dc3297a934b8b0aa73f70e1eeb06c7958176248044fd4a702
d2613305922576443c832555083f2a2f93b72856a8e425bf01ba1d171d7b8b90
eea04d4fab6478c2591ead2eeaf3688ce52934414df3e2c56c774e790669c579
a6d3cc00ca3b065f38236e427fb5b9bbbc16c62b053fbcc092d77f8221ff0180
6f5be27d80f006a3205ad42145dd92e454b53a6cd4e21d53bed4e865560d513f
7f2e1c2ac69db11d427081edfa7540718ec8bb9aa333eae1aee4246fb2c71e6b
5054e71d0683d73586d251ff7226b2fdf2d0f0874de06de9ee25f505b9593745
b57758a4c2a12c2d97220b07c571e59b29531fe5c34391752ef6c07ba2879b47
f2a7dc93a1dd3df35e92ede2e95ffa267203b51c34f38df67683274e84fedf25
46257c32e26787c719929cba6360b0dc717b933dff523a3af71c4083bf8290ad
aca32ce458670afe0f80aed4fea125c87ad9e040f2851a5a13c00b18d2e23d57
f96713547ec1119b321eb1adc6c4ddee37e6eec22e38085d4c3d9c47e58f280e
46491c772d526828557e49acfd769b98c3bb2fb9f5c68d05677cda4df5659a52
90844c8ad941e6322b084863fb26c05644a4b1cb8d2d450f5c0a2a6b069cf03c
c2f22e73488669fa9e91643c5cc3817cd19559ff5e87babc7a023a0d0a9781d4
07e75ca913bae2000566244b04f9048ce176e6aaa5291e4f4665b3c019ddec98
7bcddf6c069c24ca83753efa35c6a88359dec6f5431ab34ae202401a0916a495
34f34bfdbfb606d2cacb805efb90725db9c05a5b52784e2da57df62e959ded35
a37744231688654d97806202d3f3e56144dd3aff332e3837bdd0aa9eca9845de
9894c249a345cbf6d89881a7e90015cc5a73ed6253310cefe7e520c85b44c067
25b1a6f77a16b4cf39e7ad14d24890e2ce53261f9a1f529f8304172966c09e40
70ddffa9d9567f17c2bc23755be67ecf1256fb2cd545e12fe88ef5716423aa67
9e14854f24c5f4632180235d09c39390ee714f08d481cf3451f4cc00259f0895
1130fefbb7c44d31712e6256d93bc4f7ac2e15619691d4fe7894adf523cc7171
8e1e4d6de459521d7233c8b92161a644ee1797e97b1d00d635deb2f24d375a93
5b3366b4cb7b631748ff07e955387cf183499b71ac29290e3795b318a710ccf1
91c9d037d62480a782d34f246e5af23497b67ede29d690dbd7394b0d18601e6f
9951674fa1df1f1839a91cb29044a907c9bda4b9f590620489f1036437ef2c43
794d6feb6e26f67d49e260a623023c8f0e7c780cc5dae3032d22660738613038
068d157d9ba7dc7f086067af0eb97e931f8bb7f65026f82138e9eeedf6a1c13a
2e09b040d1c3b3fbd2967c6f004937c8012ef9bc8a845fa2f9dcfa0c984afb1d
652a8f5bcb0fc3f9f5cc7ec297da57f7bfcc870c8521579cded1f90ec8dcf102
7afd4663bb81940a48a0dad095d7b73dfc4cc41b0bea7f2bfabec5478b824332
34a2cdc3a6a323d55d01a839217821a1f9b418aeb1203ed3cf7a79504432412d
7e4bd017ce244e1d7a9f483f59d0e49fc67c74cd15140d5ae13f8fd30ab82c56
e1c0735178ecefbee553b2a7a5052455428f2a90bc1c1c43c997a2bedae51bf7
5dc7e9b63c3db8c2bac0e25d19d936046ffc6b343f35b86ea38d4944bbf2f550
7662e71ad4de018e86f19dd4c53aa7f6b74c8da946b6737edb3f027172c4aed2
678ce49f596c5d272b8aface8b490edee771cf5fa3b886224cc52f1425342369
ed4fa46210122a072661df493aa915ea8dac52e4a3a8256cc23e074cbf7d03c6
250a8380fb57b4f837263e65f592ec7fa5bd6615dc8f044359116705df9cb744
b1fcba735fa8aefe7537aebc08ad12f803ea6fd7de1d61e4b23083d7b4ad92aa
477b7d95c58d101c804e855e796c9f4b05b22dbf2036640f0b12f037afed06e3
530373df8b67b587fbf617898b263c8580e735522e8c30b4507557b058a135c6
4f373a0bfc8e82ed978dcafa571cbbfb74783ad0d479bdee34ea841e4b532040
026bf3ff281780402f499e720c4b1a320784e20a19b80535a41b4af2573a1764
5f5bdddc3266d1286fc7f60a182679f089de2db962eaf01e1c9efe0fd2b9675b
662adebce0c068421f533e2003cd5ca89b921b29fbf07cd16bd17d2212098fae
2e23728c82a4e1c247f2d62f81121d1f1d930caf74fb4fc74773c95029134463
33e1a9165284875b1520f74f204d45f2646f288f3219f61fd1bd3f385d685f51
8305d31d7a6540afe052d6bfccd67e5b11c3a3a74b1427e2df43187f2c57fc2f
39b7f08236b95103df3317cbd285548de19fd55f1119ceda5e5aaef8fa3ee74e
b7da4b26c8fd49530e9f1bee7bbe1421a410c5dd9301da8f01c894151993408e
9fb83906a0656f02541159dd6aee79c3bd38c171a2464d38fdca488d76444bcb
415b19f66292cb71d11b201f38c7db9ec55c8a252d8ca3b9786e08a29e992d8a
13143f43d1e5d952694cd58f45a3f49e4374392aa02f5ec65972d7ebdb739f51
1e98ad49797c2e2bea1b3eee4327b7558d4923efd8121c42c412a59f8edcb363
f6850785a7e0572df50fcbaccabbcfb315893846f99bbaacacabde30614fca53
2e04c0c2206a5a7555a9006cf3de496b8ccf0d2b42faf3683f130bdba5033504
d9197147dc965093195386ed004474260fdbfc4fdaa788b4835f8fe23d73222f
c0835bd7f11e9b50f94eaace687d75ef57e2f786d8458199c7c1a06917232787
ce2ced4d331daca4737e81bffed725980397d37ef9a34766504ba547603c6a31
7de4e7df76a7ea9ac2d96e22544340eb9f0bf3a74fcf7dbbfac2bfa02764a8d6
5803be6382e8fb70f3beff5d52db0678f2de0334fe2f29a9d7a930deb0b1a04a
08fd88eaafa0783a851eeb39b1cf2f9868946710714fb6f09353239e947c6c48
c86e68fb0d2ca2a0be47982a94b3e276d2229b8ab957f3d9cdc66d0fbfcc3d2a
45f38d88acccc416921fedab0df9c6ce559f3ef1c960be0da65cdcae1ecee9a4
4c23f6ce68bd6bae86725edda71e717a98ec39081ebd70a1928daf840ce57bf2
047a0afb9d033ea958da63f86679b9e45794403bd4c7eb0a6c7733975a03fd45
4f1a1a63b8cdad81520aef0ca1ea353270616cfb6b410d67a92057d4799630eb
5d315900627d63cc26c0b92d4582682a041d81c0d11efc45a87bb5c47bcbf917
b702c9726a519af0890e1e43db664bb22564029eb58c38e92ebe6897de149ab8
4b273fdbba9e66e5474c1a1b1fbcc79321a57b38b6a54b0397c426b5ae591f88
8a7666904b06e38f102c118e3970c1db66d491278c0d247b7c0584a1d626999b
ec182abd71c983bf91efe836b5736fa8189985ab13c1a8339dc7138dd042633b
705e7cfd6d1be9df28d982b90ae09ba534ab088e61e59f7b7837041931450a29
4e0103e8f7ce472bfca1e57dede100ea9fc2b52c0d1479d7536b9e41683bb4b8
160e8e6a7fdca6c78ed4fe8a42553dead6891eff0db65f31a9d327b75d9453dd
29f670917c2c524c2cb708badc89ee06bb90bf8c469b7d8fbf882952541a1ad1
c477262ed300969a4cc4661442002b2234f530bab9a1196e8b63f8cbd6e76f36
4dd37f7938d17581480cd9fbcaac4d13807450407dda02d56f1bcc17f212f6f2
fc19b09fa78df4bd23010e8c490ae3d410080807a99b3ae3059193bb80b7afb3
8992d5fad6d4b1bfbb422bde587cf2b0d0ab6bbd24404c77a89e1f58b71fecd3
8003c7f4dd9c39ae02d3183a75c64d658a420af2efbece76ac6bb87bd77d6feb
dcef9ecd10b025f659b8d2c621ddbf47b9792273ba930c07ced844a32a86c94b
81c5e2e16f2b8b8c833743504bdd4b7790d8e54338e6d40f6a95c5f4e28c660a
c1e0eb278c813343b0a473bc6d65ec4d8498eb719a07a4b0d620a43a2aa5c2c7
e23beb1e54bb010a15311337f6e503474cf2dea907ecba4b327c4d9daf29c5dd
845c67af604b7521c5f0e21cdf4ac478ccb56577334de90f0c2316691551f7c7
d1766affd5d8c96388fbd58d08ff58f21add0d4c10b7e90e68d7f184f617f650
a25878ea187d226d5637f7bb79d2e4e037f48c2fe8aef78b80c69bdae143b28e
ac89252b7736a8fa2e8348371993586d9525ab7fc9e2e1a3c2ed7d2a3d9f8872
76eaca05e2d825bde21d3c12d4dbecb6b23912f3056fb2adb968b4dc3eaf138c
85a40f14aef24cb4e1116f6fe0dc63848766fbf8875d2d5cd7a970a2fee6e875
e8f88c2bbd262b6d621611d8a3c24d2e6d812cd292c99707dfaade26cc296c4a
310907d01b7f193c8c571dca4e372b361887d0058b7cee5e42f95d5cf6d0afb1
33230bba1a0d229def39d5f00d49cdcff9e79d6136a9554bf3ac1cd84eb9fd26
fad66c471fb67b80fb351067a0c1b46699427e35015fd110ab5d9c28446c973b
25e4448e5130656b1ca836a3eb4712960759939093be12a578e69028bd29575f
1160c1cd8be3015780b872ddcbc773a24de57b3eaff6d00bfcd0fb6cf795dab6
7a1adf6484a53832b888d2537e52528ed0b77c0f9692b3c0732d5da7b0f94f6e
396eec6fccc3916d8bad699f4d1d66cedc4607af3813140f679611be9edfc254
d7b041a3004681a4ea6c80339078f2bbf97dc74c74dd0b8b4936fefa5960f115
07d7c38d8a73240d137e0279caf7864dcb98e155fc57afbefa596c04fb709fea
d7bdf6eaf3ac7665ae6e8278aca3b4e64beb83a2322af4470aaf98bca662fa57
aa77608bea7cf2cec6185daad5d3ca95aa6f16c1162248d8fd60bb28a39c84f4
a1de0ff8f604dda25019685c1ac5c511c7598178a4bf395cb44b4dc1afa26159
afcb545ca3e30d3b5c1eda0fa856ba35fb13f6ec3067ec5f64788021f17694a4
2c3047f0ed459c478494c2f5248e5be891cd2d9f01e42053e9772efa024fe2b1
a7a318511db6a0d7c82bade21fd0be0f1521be74cbedd9d3a62068841ce51bd7
c6f561d85d0e4b82aaa4ba4a56e7002182c6999da002b287798e3da3d357ab46
a6c58ee3487660ef9afa0c1eca99ebab073f5568264bfffb412bc1f31bf87e20
ffc9549cdfd35f7dc9c6e2088b94f7117e8b58b5286be79f9efd81aa7ecd99a3
ef01dd715e93e724a63471dbf15ae604e496a0813cf2df6c31186364d952036a
d1f2055083f0033f2c3095ea5e82777aae85b87ed3602704f537aea0db401d0e
55791b1f4d667c4cf70c8b203dbf098f512750879c25a9c3ac511d82ea91bd91
f1290df03c01525d3de8fca1bcebafdddde873a7177b4ccfac726f11f43a1b71
4a8781525b30ea28ac74588cd2c46ababac4387173ae4ae599b4513764cddebe
f373e305b065baeab9d0fecfa28946d8f5d05f84c81873e8ae6c99fd3f7ea3e0
3179b0624e246eeeb5a513fa93425d2961a9cc8eacef21cb1daaf71e5e693e03
7fed516b4166d76c70734b6af86a6c50856f89b0d11c011a822590700cc1c2d7
3304fc32044fa2cca35eaff01f1e75e21779de58349cec035f0520d688b8b079
f56efdc25a5beca82da46c1a5b3f2408e17758d497d7639f3cf5942dab9acf0e
56f777680752c38e0e0ce23553b5c05ad33f3fdd9b5c09b6e066e1adef73a37a
39b4a0c04db8bbc156479960796fff14fabc8f657a21a68b9c566e3d552c3b88
cd5c3a88c5fbcb70b6bba9c3fcf362b778f71161ba879726af4c16327098a85c
bf3f1dd9496d94d51a8a8955cd9cddc68905d5a8486f8824f3141e96c614c2c1
bce353465042043bf21c37e6dfe41af1b0455638bc0adb678538bbffbe2642c9
2e43fb8cc3c6fcb5b9a1ae6dd860063a25088b8275dff9ff5d44d001b1dcdaa6
5140cf8509bc0bc553ee31f729e2e6680733c092bc6d098f19205ff6bff2a834
a5cdcbf5ed35c6327a6379f7e446a90452e7fd01b2e0baf4adf165016e91584d
1af34f23011e5294d7be0bacf8cf89804247aef128631507fb3f426afe585632
76e52ca1ca5e72de44187ed36527a73c0fc4f5a6a477aad53e392cb446324184
d5de7271f745fb5d9cba5a56b569dae59d08e5c1c16a55135a7f0974456fb93b
ff4f9f515a034acbcde525500c972b4533a03162b39310efc602b31093e640d9
5e99a70323f92f9e57120a48851857f337fd64e09e3d9e503dce8d1a94e12cc6
412a4a50eb070d5839852339690ee2b08cd459888980997310ee4b68317125fa
ba62c7b6cf601415df883cbda4383842a16192e6699abc9fcb916a005fe5fdb0
cbb90d0000efb3d22dcb31e70073410aa84801f6cdb5d4e772519c8a854f2140
db72f8891e5a722aecf4d1bfda0fee925413383d7fa257bedc2b5ec88b6199d5
66791b004267c23055feba81c0b1542e8781d1e0bc8cf1a52e5a02c4064bb241
53d6209187c7acb7af9fbcb20e790917c47170bef3f0d4f6763e716e4f3abc69
94c3f5582a746ecb08d290bacf9990f026e1d067592178ef7e436958b17a4d14
60a0c918a5925029e5fa18c9c756ffea34b2c4c2ac132c935267aca2e9905e14
cc5441230f43d1170f582f1d12cc010bcf5674b53a8a46d721664a45e7ba7e5e
e800e14e0d664be8293dd3d3faef0a1654a3b267888a8ac70567b7d1d49316cf
968fcc372c98ef9833706dd8cb38f21929c10044c77d24f95cc8bee34388ea3a
ffcf3dca289f97cebb284caab2c0ae37c2b78edc61a5d4306c30e720fb6645a3
030aed6791552f1a1ed7e526133131dfc5628b799fd303ea50361d41bda7efc8
7afd47d42feace99f5de07e12be88482a467226bb6655768fc0826791abf1482
8ab7b0755be4f2cab20147e7aaa2c8db703dddb2bc4ae7977d78e59ced0b838d
5ee00cf8d39cd9e09b96125f6c2394ffc11258e1b3209506eec7396cf363fdf9
2b6fa1ec3531b8e7165c2b22436078e32f46d441bc1f415f3cc0a1fa7b7856be
bca97e915f7c406904ad964e5388c1a30c737d0cbed658081fba8db7eb500341
9d85a0748e48bc6e33a4b7d650ffe05a9b18f4a264b4ca6a1135c0ca611c4162
c30d3cbf0a97fdf36fbf0727f7c0898eb5ba78b738712fdf167326336b640d70
9e2acf0ea923521c781cd4e854f48ce5388e308eb1475fecd62ecc8f9b56c276
3ed667d21a7ba438bd939860d2bec65d93848d8739799986b2e317b81bca224a
97aa7719cdb821a93b49f562380d0d8bb509cad231449786c93ac066c24f5556
a6b4658eb049ccb1c68bf092f0b071821afd2c79165c7b65601815db6c045e99
831dc738ffb465fe8e1eefcb51ef892cf1ead5e9797a6c4f17014dd0ef09159a
e02fca88ed2f1d2c00a90c476365d71357d42b618f44357e193ee403ae98cc5e
e57b188565b5831447dace8e13b099c0d449ebfc94071dbbb774b52c13f96103
4910e0a892eb8e30efd8c3112689fee1e47e596235a0b5e9e70e1c22dcc46850
7695c957b53a3fa8bfb0356f4c1bc05378157133d33f37bb4796b6434b3e89f8
f75954911dfbc0a63a929c5ab88633fc5fcd28ee220092e087e8d16fdc6cc669
b68d222b0a0199bd04789795cb371b4e5d81d350fbb4217165ce6c066b6ecd2a
15436c9239504ad9961432b55d74d9ccf804cc2893504f9e61fa941d9e5cff5d
a2dd8d0ba319b776a8d20108c5cbc3c7812fbaa8b9d761599d6923dd85442b4f
bfc8e3288239395048f92d0720af7d26ab263e0c0b9035fbdc5f068efeb4d2a4
77830eafaede2020048d32f09d39e7062017fa31704f3ccd6a288ad5b44376bc
fd15ce156d4d033ae2c4b9c084522a9c80ed2ad4896fbd52010846bd6750d9c1
340f44227e55307061ad54d90813a8cb71eb281aabfc3d2eed1a35949d2d6c1d
f5897015e7ed6fb558faff9b8a003ca2d3712d7b8c056f37469fa28ca4357763
34bc73d94fe973e5c0a8a0e00d60fe67a3c72b45eb3636778500fe3452d142d2
f33789985a30da859088f966d3be029195bcb9e15c5ba6548b0967596313e7cb
4a7fe0ddba9724b8ea1b7a72f83a4865300ddfc22a6e078a6cc7af0d71d9c388
db70631c3a0fdb598be327dd11190c3f9bc694b4cf15dfd8ea0cbd719037d683
925230141e69b31a2c2b30f241c4ac11e280c48d45cc6fb773c645e445db28b4
c70eba3e460d561b62b0cbf60f22360e9f24fd81925a2dad40f10bdac5b6a35c
56b249bdd513b5a99d9139957ae6737c8fb097d27228e4719e291a7331d82b68
6541eb99d4bc33b0a0ef980041e7f4b15edb66a97427f134df946f5a61189ac9
925152025fd20bb64ab93fbfb8b97241f6f687bb924206e52fa6be5703b4a0c4
b5e61e2d5646a8ddb95373d846113181bfad06e9ad8b10344bbee63019f5fe65
3d348d9cda391e9d1b53cd5adc9f1098624174b62e58ddf7a784371cea7b249a
263f0584b7575bb47a35060345f5e559ca166b089b72a67d53d10ebf07e97074
8e40430dfc9a379a5b08e82312a97ac31ce13f9f3b12d651428f2d4a87ba62f7
e06ee43d04a46b42ec8ed21d8b36dfa02c4910a60b82ec9f1409676e6020430c
c8709890926ce425e7bed77b0d1b897c10a8e72df2dbef78e4662297077fd853
574bc68cdbf04481f20e795627fc665e885f7dcfe5818c0938f4168c0bae2c39
0860e34f9eb03bac451ccec5aaa3c1f3e4c15d140574ad43e2d1825202545ffc
741a7c61432a4705b55bde0d983d5e06a791da07adcb390cbacfcd0069c1c02e
7f79604ea01fc2cdcedfa8f0609ac9cb07baef48e65617420655f6ee8da74819
902708884a876c3378ce9d24dfb8b3921aaf58ad354dbc1f5a3f9c9acb25b97f
ca7a0e893341b184b7996b1fc358c8ea9748597b808eb94b2bf95b6a470feb2d
51bc12356936b8fe2c57408c6123dd9c8a5f9861758748111017ca64eb1ea0c2
53de78b10382422c3b73f27a56e1472e7d82e9cf6c0af8caba88c3f03b090de9
13dad585d2ca2594e22f464870df5d3f2cbdfda9889d0ab791c12805760380e4
24a59b2348e70d689d01c70850bdff085921f798b9c55a71854c07fce0266790
aa71a06d73e93fcab8868907f70efa89792b955168beafbaf48e1db0fbfc4a71
1a8b3fdba1ac52977bbf298c02fe872f58f182e21e4969952cd0185081d5f76e
bc0d7d711e16c583164d84e5cd9ed517bfe2b443f0a80eef13e03bd1e1a1f1e2
5d44f80c5dd4be8bd484f3de193132fb3e41f835126a0bfbc72311cbe06e601f
95580e55245f91c0313548003884b53048c0e62c2ed94318a3c7d7d296fea4cf
947a586f8034dff42803d8f14095c2f7dd0a7ee4ab6621bb1866ba1ef4606a4e
44b7bbbfc13a8970d8acc0a03cea4a8084ea062827323876d18007892d0e1c5f
80cb5f90c906152c669658ea83288d96e267625380b8398ec5fb49010569f57a
593896c1639b052955a5b310bf96e36214d42431f0ab393f83a358baaaa1f612
e7e0b8601d52ac865f57e2dd9c55b06940c78e6d9be9384d8830dbfec709d530
42881a9e848aece1fd8d2e0676d659f614016982409c0e3b4b3c3b3192e63087
280b26512575d0124559d5c0df30fe7075920ece66b0e957be1e276a07c17730
69a06db0dfe678a6ac0a27dfcd4cab182de7bbac1cce4aa7d86c7cea8202ddac
ea267c331cdb2c11b77ce57951de0e5b31c895211c5f4bc5bd4faf25f4e17cd3
a4426e98d311b9645166fab7cea87e34b029c0facd4addedaf0ae5b2d86821f0
8aca8d9146bc327da5fd9905d4738e2224b811709d6f81ab2721212dcf02af17
137194fa8074164bc11cc5f93e001131c06747b3f20c10a32436dcffc9a6813d
4092b889fed7782face291e41f232fef414d56b6e51df9294f8b0763af65b8d7
6945124ecc4b23852a12d295cd517e079759afdd4d76862a397ba492fd23afe9
cab3546c4a68e7d0f6b081a8f4e75025d4be31f582b727078478abd5af2475e6
dd7f37ed7c63a257e3a67391e9589b067a4dacbf138a94dfd0d5e98275187617
b11281e2739b2e4b0eb4f36622b931f23a84d894d6ad3c39cd30b71e79fd769f
e23d655424900a373f2c5326ca7e59acb4b4fde327c6d30a3067d8e39a8a861e
35f023aaf69ab7f21b81bd70fcde5abed2096bc8ca4fee7fe5ab961c85ec77b3
dedb0bca05a807e669645ba0407e9eb6c6769821acbbaf81804a5eafd702c518
3febb7c9a64de2b9026ffa6fa206edddf1c5cac1a83eb0ad1b8d8049f0284343
d9b91fa861462fe746e604f8baa1d124e13471c0bc5787608f2b31a932917d98
91245873757c200f915fb711e50a9292fb8926305de1dd21e4e3390595118fbf
ac31853169f154e4bcf988a8364b37626b4dbb2fdda2b4c7ce5ae849fb1e1304
b20f26ee98ad9190b3968ac833bdc85412da205ba186d0a49a0fee309e8ef8f9
41be89b3fd1027a6e1aa2f6918bfd87a4e8f1afaa276196318f02dd13a8059e5
9411f48251563d68b48118c1e35fc44915a961a010a89f8c874d13a138c898ab
eb4de0aa7324d6553688eb0a5facb6f0a9c7226595bbb26eb533ed1210537bd0
1f15da9458eec38ea710fe8d73bb4e2821f1147808277528067f3d38d7586ce3
8e3b325b6a39a32cbbc9ff521184e495a0750b0595fd828fabb5fac19fe59e6f
c201a322a92c5a4b1ff03dbace82f67e9731469685cdd456609822e1446d6212
be704e96477911deb2d86cfaec04ef33c2382c7315e2766162d735674aa39874
3a74ab2e0f5520d2b558412b7c3302b30c51cbb1a2f229f9161cb88e0da4322e
a52041e334e2c709d29062326c8ae4753779f584e8ebda3426050f2af63b6978
171567d497fa65df2542a18f0b6e74020c0b695e2d81ee5db2f655133fa16f9d
5473cf01ba086a73a0a0d1a22ec027c0bc7a08770842fbc07aaeb999342d7e01
7e9d182cb9a183e89139ce2cece8c5b4c4cbff4da0bd2a0890068a0cbf9aab98
b0bfc1be387cbc7455352e1849eff14e4c0f1ec6a3e5ad39bd8e6358019f9401
c4faa589c43d777dcd8716c8cd55b7ae3128720200729741c78edb1c5b803dee
69bb5c4e4490b48775493841955997fae271cf95821610ab97cf3aa266c921e4
fc91066be8ee1efc361838d6fef63201f6019337604ca071c489a25cd2c4aac7
053fae1e8d9b6ba387d7b07e62d7ad08b955f4f2cd60dfcc8edababdc889704a
2afe23833f490fd321f1ae66be815445f2df882264a170d343719ef9cb64a4d5
6688c8f11d53cdb2444e997e1b3bb2efa844590b5c2615b1e263e87d5f6a582e
6957c6a55c097bc5923b3b406d6054e77b1da62892ecb8dfa04f94b1e3452170
6dc0f8ba804023e5b722cb597fab3562f1719d8d5e64402c0b6b912bd273713f
a11368b3e94826bef91186757cf55434dc409aaf2ff7d66c1b42ff0988f4baf9
f8a01175c7cd9e5d709d4e0e0f79e28e1d7b5905d1dcb265a924448f50de855e
fb61715d4125d70cf82ba5fdb2769d7ea26d51449b426387d56f63fa33540d6c
d303ed104c22e65dddd62ef3920532d6a55a31ce33a7c0908544850b7cd841d9
2d611eac779f99e7b5993b9ca739bc181cb9de29505bef1b77c4e0a7f9dd8add
9c3abfefbe3c2d4f3df1c76323828ade014110febc448543b5add376becfcf0a
2e260cebc481c47485774eaf3dc6246ab5a76df7df61bc91b53e197ca9debeb7
c3450c46d3e1140540aecff8fe414625d3f645630cf4d981494ff20b939e9deb
6323ec159013f0d3f53268790ad2fc0742260171193e5c667af298f8a9502fef
9bfd5a7ebedbb00fcad8c8ff2662bebf85e91276671e1db16739a8e8a55dd628
04522956c770bfe52bab4a722e87824985126a990d7b4db89d9e1a2e4d90e16c
a92917d7070467d29cfb938c49ed373344afb2a8851026af49ca3df4187640b5
55e80496a43ce9a17bcbc362270f086f5567c39300191aeee5f68b8829198eb8
5cc1b2003618b18de707152abca893af1648b2547542e442b35004e4d2f9fd8d
95446d7517b58a867e19560dd7ed1775097fd3a48e46df5aab2c39521892d071
cffdd2e9142247b3b98537bb6a202b5107e1cc92842924db6eaabed866efcce1
09e07b8e99537b7407f4e02db2bbc0b10471fb4850649658c34562f44b7bac11
f29fd9527055894bfd440a65dd76662b8ea029ecdc267ec64714ad9eeecd1e21
da5d38430077f40007e1b99f9ff2dabc8272215617fdc82c676dc99baf3b9df6
dfbb05dd749425ed9641688195ad9dca800bf2b4899fef5fae6bdcf7e6b939fe
04f905b7b2d8c7ef4d2b22180ab533876e6e87370a3063dcfa63578acac8142b
90c08b4f15f2b79fb5ee3d370a9b1adfd4f0ff7d5c3ec5acce31c63bd99bb170
6d2a53704e33802fd9a471351828dec8f7ef561b9f2b8c12d8198325d8bd7fce
7220f1aa691ee84e9ce5af3989db60e303cc1467dd005ac936956a7e6d6b5a32
f2dc965ab732a573099f596e9455f2b7fbafe0bafc4dc79c06d9946364b2aea9
3e9e852c348c838259e2d5360fd1c4070abec752ef2c299365694ec806da92f2
a484b2469600e53d2fa71c968ab18fdf6be4b03005694e6140a530c789ae71a8
bbefbc581e3d46df32f5359fee04c0f5dea3f5d693ea2649c5ba5a83df87b358
6cb54c99d4ec2b36ae95ae5270f276b46422ccab625544dd6c85806c5ad029a6
4e0f944d3f0295fb2bb5e19e8951f932bd5a7df2e21471055a21d8e410ee30fd
dde4ce8fa84cad1fe42a605a71c25c765993859c5581e5e0e94676a51625ad54
5beb47d18e6afe09e8b9868abed05eee3c752a71ac5bf66f925ef43dcf4a23d8
a6b02f58deb753216d4bd8c21a32fd97e4b0601c4b13929535ab2887d97b4621
2b3df5b79373fe1618974d28993f9b1f5877c95b4414d96a28ce6d284f47e74f
5919f3c6be0b32b9d90008c7beabca20f2cece48d1a4213db07783abcf0c857d
cfc218d45ee92d805fb248395eef7ae78424162c27c35eedd0d71310b4d74a0d
765e1256726e1037616ae9516013ac8743c459c5e4e92ba30e4ec842eaad98c5
e409124e0047d72e0fd5f136717664de31603a97332505baf939d575e31a3f61
c7428d6f980b1f36733bb291aca5d9b5459b6521cefb062992af8e5e74e2def1
95718b3acfd92bbd4a138235396451f4393b352b52ed27c097991942c7baae92
30010ac58b67fe18d2312f5c5e5c0624fb6a54fa89ba90ead68ce11311faf012
6711c978df2f0dfa726c1ebb9add2fd18b60114e817fe38e67cdabaed07c493d
169f5eaa02be65ca69250bf24d726a347b5fca977e995336a250117e27ad7bf6
5daf8c7fda04dd5798a44a51ea632da7cbf542602c0d390d662ce5abf9db0af3
06bad9e6b405093b3edec2f2811ffbc036b1a2cddfe9039308e28b36d518369a
d81310c833d907b7e39249fe6bf1fae709cd21aec0cbfada4e737246dbedd655
7490fa73680a9f9da1749f37c18b4f7a0f92fccae4131a6e864e95efd3b2b9f6
4572bb083eadd76d39ddcbf5e2532358f6b99fd7b6a4f79785b69d6667654a44
896fabb34de26bd9e6b850ae8d7dc3feb4fd370f38d4d4f336c45ce74a66fcc7
9703abe3ac0709fc90d413ae79109b508ca906b36e94b0f51e6750a00c55da76
d9bee9cebcbfdabe343c1a10e55272edcd0fbfdfad5adde16d29807c9bb3595d
b82f2dcb4624118ed3922186525f338ef034023156a1311da609dbdb99f29761
c85211a065f89bf9b93f6b8d0bd034015097724d3a6b853301ed9e7548e270d6
7f303a0443ee9ad36a729865a00014035267c0acab63f508bda7e0bd47d72f17
1b6439a8fc53037fc1fda1478ccded0873c53b01a28e31b9edfa260df16bbe57
2c317ea6b9c83fe0f0b85cf866c242850cd1ae0c919cc35226bb59f88bc475e4
1d6a22d006ebea50aaeabdf13b79194b355e5201bc53cba31258d9d93f8aa45f
11fc6506f5a0ff8251e3baf6cbba31647df9fafa4f101cffdcc67096cea8f461
4ca535da630618b05539930780e4437c88ca913d70e48e6880a8f8611ba03ec6
e32ba6bedbd98de9bf85b995a0a67b8cdd982287e5f432805331ac2c40d36c7e
ac28a5ffa2abff0b55afcb8efa9ad8aae59ed3195317bc2b3901d31b16219403
96d24891a4a01bd24cd130044cfaa3f680e7045b6a9d098a6dc660c9638551c7
5a07099894c17286224d7a4877e8ebc9dc2b3be0e74ac7259d19289afad7a71c
9fceeaa609df6e8f826fdd1e8d38269b1bfe153e66e5c36c2c5e4f627ab20a1e
c7e8d6b8f19806adf0e0135365cf45a71622dbe63be42e00c4cd9c8863b6abd1
cc0802cce7f9bce28eb773382e0bbf73666fcc4540c6442206219432d9648f8a
c803bcbdfdd618f5b5976d3e489cd34257daf3ed43512eb462a3497a20ff46dc
d67325fd5d9d495425674e914f495d124a3a742971def4d7627cdb5aa581ce73
bf0bf573a26405d25319cd49c487ad72d566c0b39f879e666202c9d347ac63c0
d1cefa34d1e39f3eeaaff8581b11610f5a5bf66b3226532c2137d7186c14521e
82f4d27713beed90508e09f117f16a53708630d0a8f62b6f2a93d1cd396494d2
7bc2b1869efb95387659eedbd3c05cf1bf4c50e983c2df2d7220d22cfdaf3920
1171bbe961588d6a6676580f6e5d480861999ac9ae636d3fffd4de09d84733b1
1403f7ec02d8a73e7acc1108e4ec5b2f66acab5288c667763a4d0d1b0308c9a5
170e2b78b737f4c9ed637da2241c422c9d0af53859d576fd4878a7a82031eab3
4a274c7d099dce3d8a97fc61574c881ae4fdaaa0cc6f1724b7ed9588b0798865
00b7755d82e14ff92d2f5f4fc74bb4687f0faa1547409a208c60da0644255d59
aa6791839a304812278ef2f42e5a6a3af51bf0f036713c94e1c2758fb6a53ff9
7aad2ac715c255cc1364315bd88e269966078a058f3c1e336f4e8d457c2c7d0b
da4317c6b463b8b516e3f98f03929110985ee31f3aa939ad693973c18be20810
ba3b27633127a300179f9b2e876fff33e26649a06a816e77d53a4911a4a3ac9e
223096347fad1fc471be181f15ff42c3895cc8c689b2fcfe79366e7a426091c4
cc063e1955e251065daba567bd014c22258cea93bb7794680408ecbffbb2c1e6
4498aa14feed89c6dabfffbd567d707bfd260349701daae9de2b037ad4c10b55
223f286d5c597ea1517fe87e195d03440b300b58286d7fe287591e6b52c2135f
e3ab5298f06778b057f53a55aac3cabf6dde4769710cc7c850175aab059c1e0e
558d1311efafaaab73570df95d312a2dd06ff8da9a95ecde1147821ec006e5f9
c37961bf455486854daad0f828c750a42dbd807b63fed311fc8c315fb7c29a7d
81139297916f091bf43dca2874b4c062d09965584f3346d062f2ac932f50dd2a
eb2eabb860370c4baea073663a6643af59ccc9b3d5a43e087449766367b803ba
fd9d393581728cea318e52d1a134fbda40d2b7a1ee47415a41e613b8ecfae2bd
927f798a39b165cb585cdaf9b9a92ef4a1da9836973c118e9e6d83668075be0d
cb385a24ba649df9f377e826e5323acaacf9c0306605865bde3118bb5c6e38c6
19f852499a0e50ce87f5ab18f563e2300961ae4b1c7d40c1bcbf6222a6affda5
d14a22cf7dee3bc79b28e8e5f03dd69a0ac7e9d61784d39faf5fb11302447316
f57e1b54c20bf7f75964b589ed0a01b7b6ca29039f5d1421f4d263b0f7fda48a
9b92f7dbded8b1fd8644e4ea254ddf1032bd5c62228842abb77151d68f394fdf
215399bcda41d19905dd551f7a63d120ccf379164a9096aab82859a8f51d3178
908ab68eda8604e1f41addf50765b6e0d937283d757dfd351f7cb6c96126cc42
6106dbfdfc3fc395928a240a9fb073bc6d61e08d5f1d8e315836e7f80d2a3657
baa479e1fb81e8e6953cb1de63951bfc740d386fbcd4ffee79be413b70d8db21
03a8f474f9c29e627bac18c9609b25489ddb820a57887ba37421636c2cdfee15
20811ae378b1f9103fd99f5fa15a09fa212d29de6968eaac482e2a4b7d063045
cd7ebeaae1630402e9b2b845088191a61bc440df782709d3a486478b4548841c
15655fd9887b6cd6e03860ac3d4c8cb6c7289fe70d0b94c6048e10a4dcb9c3f0
e4c34fc1e574b65aebce10e900d5034b2c3ffbaa52a799986c1005543691fc9b
4dd0831df9484d39ccf2c1de92b18627d63252cce6df2a22f7d5ddce1c19778d
fbd93931a635c9226552b78dfd73afc6d91bcbd8a4e7298d89dfa52ac7105932
ffbfb60ac7fb1557cec5f315d725a27cf697d9ae8ebb253dd6b3789e08304bdd
769e97756acbd3239f9bcc09eebc01789d402798ada7b19f7ebb7e89c4096972
807e9588e1212159c6cd81b1cd0decce859f57c43b3486e56e8a2c44510ed9f2
b1a21c01924471b09e13c183e173776e294918b68d28da00c1cae6bc13bca155
478b5c08e47aa1a0de77583a5ff7b0a100a4beaf1a01f21b0c57754aa8b01d03
3856341a564c093742bcc8cb4c804eb1c730ed422fb8543ab35882eae9f4550d
b30690f57b8436b57e600a3e61360bdc7b0f25195ed45429c491135181c1cb52
8979a0dce921720ae262690ba36177c50631e404d96fd1baa9c753daa446c3b5
fe9c679177edb8268be8a7c4968cdaa107ede71bae450477785dc1c8cdbfe0f6
90ce4c7e70c97928416d94297dd3d993c25e892a7174a47e1faca5615dca7d75
cc86b6392001fc06c4d88f5d25f9305ee7fcdf4abb1a8a500e26f59d8c26f8bc
900a4e13bd14bddcb907570d9c1d726070f3dd4456f010cdf053985354b145d1
9a02f4cf6a9f0d5dc6c0f25fe098322295f5fb43a88884be670df45c25c8480d
eda9181ce1380cd841c995c70a546c82111fba597ec6d7953af8fddb5b447b10
3b28873cad7321b28f65673998b72ab65250bdc6986a08ab47bcbeb9cf9ea8c3
54be55cdf4d6fe98f4f3f882124f1d857035962f5dd9a7b5fe72ccce01a45875
ee0c85bc7d7c71b78e5e0989c14b921c7980a246112b838323d5cdd39355c51a
e78fd5a41afcb299a176b94b2e38e73c30c72332e7f4e25d8bb1777fc1534eca
5bef485eab3babaa4a7f30730786b2c0c347690f2527a6c3f11fb7e7e19207c4
4f645e63d935733a82a498f7996c09eb4df39a43b483bf77f0fc9ba9effd5bec
ab96e96ec53c4df12251dfbea9afa83027ffc39e43c969995de4635431240888
e6abe6543d8dfe9aefb30c8680ee88a59f298973aa476286f22efb84b94d8093
5bedef81de892c7a0a3073edce3ad9a7e1a66bed14948c76e9bbecc334034e40
fabe1138a2e56784fb7f1c2165e8655018861a3cc72fedb3c86bc2c82fe49d30
4c2b932189f724e415c35e10229a1a7320b8d0569266980670f7b951eaf45c98
c5f81cf778c59000e94d53f12784ca6799ccde95bd73e6854fabb4d19e394fd7
4303aa720a9cbf252979c58a7ccfaf7f1df61c1f5162621afaf1f0827483c4fe
26defeec05343e2bad68184022afe95cddaaf6fb65d22854248b18e83aa0553d
b105db893a19cfb2c20c625253b7b59c95f12b5c2e41bafc93fbcb6516665a0a
d51dcaa870a432d0b9caed450f92696307807e97df204582633d86c2f561f396
96bd93efb41b4c54a611f43ce614baf2b30d07d35d94e14d8cd0229c626d136c
be4bc818d19471a2a963772632ce414797573ed3ba07423562a8da255b012fe3
de4870ba93df96db3b040d27f9013985bed802e92aea00e49b7aa008193ade99
dae112b49ad88d447abede880b15d57bfd95db6c557e5e5cea8a506c9bf2a78c
a239527670adf598c0571f4d38f6a3851fab4e0d9de52d25d0d4f98cc1fa434c
31a68c28580f4ecf5e981a07c7d170a2cab9650f6c2f622e7048adad23162a1d
2a1d9ce5628fe88dd7121a364c60d7e07384b97a403eef14d27165a1c7c7ea45
2c8b1020efa0a2325b2f29437739978ba05ca7898f5ebcb2cb0ce2c5e1b2fecf
a0e13e30f37e627b28691638a0237f9a386558a695a35d9f99acc1723ec3755b
294cb913f59dff3faece53b190334df3a095096bd603f921d542cbc45890dfb7
0c2bcbf3b41501e0b001d549e577a6d708fb95639bfef8521d611e35f4166d71
b6e79c1929afd76a3949837890e72c100c281b59fbbec836071d511a2ea33cb2
6160bff57919a9157219851d3b3d8b38df84af3d13dbe3e0865f69f213d09642
1924daafd03609c2252cd9fac4fe16ce605227a9a8bee366645b3eda71f87185
87532286447f259f1de5345d9cb37720e0e5aadd1c35673854448d72ed54d288
5f8b7ff4def36b3cc90b87755ca1964b8e9026b3c9c8dd47bb3b5a318b30b846
6623624ae769d871711b98f232053107557d4eed784807ed424ce77c694506ca
c6b0408f0516afadd246129ba82b7ebe7e3fbee7e32a359834b8d96de4d2d389
b5fecfd2b853e4c486f139bcac7a06f00c705935b6cb45343a163f3d14e35ae2
b842649864a67144cbc851d2dd3816f888bfe7d95829fa7603bb5a31c97ec922
e6277c779d5a0e8bbb5d895179aafa602c7129d0da0592b1d58990fe2f1e1c2c
fa591091084b9426d93a6da273d2e857826232f45362f4eecb180247a1df0090
d3f84685202ef1f723a6c8eaffb7519d30f01e70df420ff9618e00cc32075259
d3c5380bc4b2d2b818b83f0d9d6dbe387e7165f475af2c99ffdf3cc6bf818b07
7ac0c16f805030696894162b4cc6a52cea258fbc19dc10ecb5253bbe00197752
cd809e2ef5daf197235cb020181a29b8131cd4be4b93a0e059acae6451c80a0e
7c51b7aceec4601dc4d4f6e07b7481af4bd95af66ba4bdf45d790cc672533071
a4d78f0d9024f0d8468b60c02b5b5f23e9efe88156f2162a9159709a7c0a1dc5
fc1feafcf81d4a94ef7e0a0c644606f642be91a3d9fa8e7a625bd098b618105c
08e6b9a323baa4ab4338f4c11eb2dc3348b9ec2fb3585002e35996bb9bc0c00e
f710e88d9032d248f18a06867b9d1d467a1dd17bea8bf6debf4fe63357e8afaf
57a5f79bfd422548694292075999478c194e39a94a5209b124765c4138d91173
044d3716b7fb4d48f261046f7aaa7a3e118ad98fc349b3c845979c05c6a8a5e5
8c94c01d059cdca4360c51518237e09cfc851f78b62055550b8e888f2c4cd160
390668109aca9e8ab83b62ce3c6a73e379dfef0c0809091f0c43b29618dbbc19
d86204894c49adebf13bb0a55e87cfa51ef657b3fa579aa75d3e7bd513694594
763350cfb5b47b4fe79c6a3624c28bf259ede68ea83b195e8272973108d82dbd
e7b8f84a76977b05d06090dcdb4897b2aabe8fb9d5d5df7811bad73e0dd03cc1
8d1dc610f8ac484d5d2ca477f9378748a3ea618300d46f8ac29ce25efeeb33b1
e1315a3702f90cd24d03125d8c5f8c1e9fb51483814ed773da26068dd8afa47d
1551adecffc2d5fc26265a477859e5c15df1fc78bb01d55f1001509938251610
0ebcdc07a6e4457c005ffba40c66877bbb043ea5fb14d6a2893b9c9e3a36c97e
c4e4b5340cbcbcedb33bdcf7e59ec2ecc41a27d196879682ac4778ce26a37c22
83646e7c4ef4edab0a8565a48a55f67b6410d65e6823413d456dbc71d7a9d448
8c1e275e56d4ed33fe75756d3d8343563e3e48a131d4bb9b75e7c3e7bb4934e2
f51eaac303209f60add2f75e80ecc786950b6368db43af4a8a0705e85bfa00ef
3438d1bd4d20dd4d61a2a5d45f16f196da03d49b10a576872bc6e5230d67ca1c
d2df7e8f09a6695be3b355c4ea96bd9bdad674fcdaea1448dd5b58cda843ac3b
ac4ef3bd8530519e24bcc5e41323362f3d520bf5fd3360152cb12fb21e3b9d03
516ca3b8e0c135866d62fcd67e5f8c9cc1872abb3eb47200ab70113a79a9f3fd
1baf3a4f76bf83dcde487affd7786b3ee3d0bda52b4fd0e2047a1c54b3a90b44
dab28d20d4ae2c547304f8bb58ab2457fbb695c6db0a9b48591fc471e1588d7a
16d9336962a0cadd52eb11f68660f300d0b87df839c1d3212ef47f1d6e6d388c
658d6b646045d20e8875ebb57c449acf7546daf67cb862fe0e0ff25796a661a4
59f1a1d1778b751e8799053362ff9af751b972eac954089188f879b34c6df48d
7ce1d2b49a12e6d7be696a3fd0bae7ca61e182ba79e6e8e2e4944d65ad4ac365
32c69572e0c81e551d147e872c9f71546766627dd57eb190369675bd0e91b6a9
745ffd85d9b4fb108113965806f80e480f5e48741df3ef190de1c2138afde239
6aadad5e78705fec4a49a4ad74137ec8b74c068bb30fb1279348d778f6590796
3acd0185912d73dc7f0bef7226c12fd3291e7c2024091ea7a4f7e3c28af3f19f
169c17749323387610477e2f6340ba129da258e0c26e4b212fd6b20a9dfe2856
36532e0d9ca1ea77ec8a5b9248db145c2215b6e1794eab760cfae77e73e5c292
22b3ec5c178ed810a5226a55f888ec20cfeb139ba938db7c9a539bafbe7a7e1f
f415927f8aaea757d5d8d5a827a2f548072cdd5b688b005cd1f834a956058ccc
ca02556ad639e081449ecded8e86ccec43f379cd908b5704d5014113e6a24057
73b0f73d0d91304e637a6e09e669d154948b730decc85922b37025b9c776e010
4dfc87c906110616180d91697442c05d521b09004b15bb3735edbac01a2ba0b6
f5773a71f485661ef65765d7a37ede86b3999063c8fa8168e1a267048c86ed2a
1cf0d8877908a40418cdd3155a3173a069eff6e78fe340832d62e13e4f1b6e5f
0c36e1bde19928ce5b8c92eae22df277763c93adad77c4950a851ac7510851d1
8a8ccbb0bc6d1166bbdda4ad70446eb778a48f9d5812bf3ba719db3d6209b0c6
9d8705ef9947bc06e5da0801072b8f0c25a8fadc2565a556dc0450acdb357014
52a1beaea453cff4ec22223ffc34f40f7a3d4a3a65fcd98919aa17080cf55eb2
8618a68e95530f339bf84d97a554852b52037da1c9332e8269e7ebcd3efdf4eb
80afe049bc5a543f7dc4b4a711a59d17093650bb0758f0bf51f3e0b562370cd0
273808365b2818efb806d05f7b916af0152b5a3325246d4580d41ad01425b63f
b0f37a2a4a54fe38958646346fc6022a828f6cf091824152354001e1f56fd512
d7a472d6d5f1cbc55b2c17122281284ffaa871c6d2368d954c5b535033e18c0b
bd241a9506669b852689010c137823997c3439804045cbfa76364347fecfda21
26427cbfad2d7ab94837730c21fd52a9893133fea1c02e670ee4e13d442eacdc
30d2ea87b6b07bbd44d83bb6169a5b400125aa8ea4530f7c5f70c775fe960799
27116cd19bdc21fd722057425ae6ef7af2c10d02a518a7c19d9f52621ee79cea
507849710163f279c354921077d9be6a9e3f268f96f8981871ad1b7fadf0a717
47d7a2f741b0e56d2210e2715517ba3f738ae51c3c342eba3a9dcb1880407819
f1abfb963494b01a22c75011bf4dd2b2823ad0e44029934a7c22c5aca55caa2c
40873decbb79f892b0f8def1452fc30a94ae03cc0359fdd6c2fb11def1a55f8f
68fff6afe9fe3b326508544dce41dd55165481e3f9088bab79955dcebdf854e7
14cecfc32251776cf3ae591efaf55bfa26bfdf6a39d7ba3a80e44dcca95bbda8
0d07ab4c09ae8430db28e0caaabcc0fb3ab8a886c5d3dd527181ca28fc5d7c8d
5cabd803f43e4bc92ae994f9637ca4a9f02012b941ae8fafd1cc1338eed89b3f
79645aebfa2194d104af6c9c35ee1d2dc7c19a3db1fbf41adbdcf346f63054b3
8a42cc249d7415a4e8c6a5c42a64a8b8422e096bb1978972c5b1a83c0c0b9441
ad3ad06ebcd4403683ee56ea5ef1b9b2bfb62289b6116ac63ff68c2dd95bddfe
d4be9d638d3d97d5ed0798651e0f672f6b2a9548d7b2357e138015a5a1f7a8d2
c7babaff9f420cb7915b6166c229264dabfd8d1bc8c0e76973ef060a1ed537a8
fce388a13abb39701faa91391bbaa885fcfbdd1d0db43f081bc12626dda0539b
b4c9de6c8f96612466f4c848daaa96333fefefb42af83daf7189e08975e57ddd
c911129df644bb6c67868eed9f538497a260a0fe9630c2299fb091e00146ff9f
fec8a744752381a9d2f2757e65bbb3f40762dcdba4252cba3ba464059acc8239
b45bda9797090c10b681f59e2b6362b25ee8f5dd42826a35d6a7370d52912519
f8a966fc0ddb319a0df4cae23f55287ca103bd2dbaef75f10aa6801943c9a35b
5346dd79013aaa947666a9b354ca227188485c41fe861e88b3160c276c2dc088
fe83c48e06d2561686f06c3a51971c96f3f109f38fe8f1bd94aa56819999044f
282a177fdb1c98ad271d9f89ea6a74a937e649dd896e5fd685259851f518bb0b
1e502f094fd3a95cc17f043f5dca452a8f477bc963f26c576cb9d3ca9ddba083
3df1a82b223c144014398886495b7f5dad011588405bf72be25a43756cbcc6ac
8c98fbb9237d67f2ea5a217a748eda6d68b09f6b31c400b6ca824a209d99744b
0d05bcb446721fdf7b436923a3f2e5e3aedaf8b4ced20d24dbb3e3343594d707
32b30f6ca13dc5869f16433c4b53eccd48e4917faaf19f8498e676bc5df11e01
57ce1fd4eee25731bcbe1900ffe004336af9c61437275fb56c0f219aa0f0d18f
697ea18199414700cef365f9d4b3ffe4e70d3f20fda63de9da4c2751c17923ee
9a746c00eb58da7b2deccad032ee17951febd2e0dbcda020c65b71b5b964dc27
03f4e0aa727ecd472ee4bfce4c07f1415afd57f03b5910034ef71b7c38617d2b
655ac5e07ce3227fc2298742afe7a0d7769a756bb8d5e958032d4e66bfd35502
e1e93ea699193fd67d8cf722454b8a6294e633dd03e42877790a47dcf131a168
15997b7990d12fd2781853e5eb537a5f48d345c440d7c5d0a4aaa7687e05c5b9
7c6143bebd5b9a7d44c011c96eaa405d7af8f8caa6127b2e2107d311c5a2c0b3
b8c3395b11e8b11ba49dbe5e739f4c9fe5060b94077a168582445e19012d1893
6e61d5581353f07343df667b6a16c16fee070c9118bc5f30bb885735bdc8807c
a6ead8aed24c3a49d3831b7c68fca5a7f196562dcd6f32344cc08de4ecabaebb
38ff27703f8aaba89c88b436af0b31a056ed746b947c69637ed1693728239d01
148a8d100abaee1addd5e1b5ef881e4a726afcb30534a8106983be36a3fef524
2ef0d9fafcf7cb79c9d372b08c8c36b12d5fe8d120c8fa5bb9f643f4bdaffc75
bfe504c8c2dd2a5f0769765040d9cff1aa55163e37018bb63739269884b98908
b2c37ffb7ca78fed7da2c31a2af9ff3bbe0e34e71503ac8cbf8ccf69cbb8822c
931efc1e9305a109014f62ef56d11c90bc6fb03be00d4380842921ad43a727f3
70b7153788e93ce8bc46062592b704e74d5e95a188dfb777d51252377cd40e68
179cd8761501474c8b4c01fa5169a1808c6a98a7f77275fcbb945c42f2db1139
38da617677e75a6a033cf479121371c8033d27e6b06b2b847a8550ebae6d9b1f
2811560c074738ab4665e04acaf99707e8b667ae4edbeee00e43bf57005894f2
6728eb485b59ee1c731d2aba08d777b39046e61f7b8dca2bc9a29b5b9c7dea76
9721759de9f61235061f6b67cdce59332d3500f791f13416a4e7ebeea153d075
f7840ba8f2ed765e36c9382703674ecb75324058f254cb992eb84e2debc30389
62c60318c44cb35f2d2769c77016cafdd438c3663fa62f976c189a2b50beb1de
70d4d03822f8b23513891ed4d66109e7ec0a6c28e1326aabcf7494deef65b54b
8823bb65b9224819aa0e174a717a673a787a3a619b7506c3059cfeaa1d9a7c2f
0db3a9ca827e141ef76efb9e4b947f16b960c879629931f00a6ffb570715dd1c
41c3a1e33f78bd2db5471f776da68e56a6e21fec5964e635ead300cb417e86f6
a1eeccea6f1bb54e0de4c41eb9b7bd2796d0b7a173e370311cbb4eff34c1be35
bc9e8db0bcc7b7c9b8ec6ecccbf75a11d56a4ac6df9cb4dcfa8a8381f4e9bae5
77ddaf6522fa598746bd2c1438f229a5124f1c607e0cc4e34419f832054e8425
3f462bae281f10522ae707ca3d2b1ce7a544b49c8d65073d105a31ab08cdda4b
5d2a8c88224cda34d346a900c81c69e06c9e8a781203a74c08c478377d4c0950
30766607c8cb63483575b22cc88a21d0103752a7124a53498ed5ea77f76f67dc
e4090463858efc1aa12c9337acb28bbcaa9d264a0c91eb3f05b2e36111f8585c
b3b322f50c3b3814f28e23dfd44c5bc6f824bc8b7ef2a6b493bcd6978bc9ad3d
2e48b55813b841569f1ced7b77d61a8fcc014e2ec5f6f425bf7d45ce51a73161
4caa02928ef4c832b9436e8f012a16b0d8f691adb31735242b62bd99b58cfbc9
bd6d3be92d219e3b675388442060b929dca591dd9e69a97ef0efa8ac0681f80a
a04128ba51459d2b8f2ab8b8ccef13548fa5ab6f61c609d0135104762a54a645
a94192f6ddef6778467c6697559f21fea91fbf9d9c0cf4a7585abd5d7e305c49
0bff3eb8be7cd2c4695961a80e3629fd5663a4c82ba4578c6b54ffae5b5c36b8
ee7ac60a2af19cd3318a842bc8f519bf28bf5caa847756d303aed2d88f13fd72
bd37bcc3ae41be05988e3a5383b03c9436dc4e0bcdd34fe373117585410d633f
a7ded17b456a4b9847ea516c01b76ae94e50074865432fb1e5c7731714636f5f
3b70b096af27edfdc29c3fd496eafba8b1394c7a0cee1f60845edfd1ce034131
0fd17c2c96e779f8faa14007485fe50d439584b9a74cb9e8b9de5b0139b12676
83785d3cd9e98d795595334eafe4f06dd56f94a2f2fc95af9a72c23592c1b3dd
0c855862ec04f465d50f3caa4e4e9e027243353ece5238809970a27a11bc7966
8a6f8a95eb6917dac193f0a962b0d741776d92d682a9b6f85602236293c7d3e5
2bed3520a4c5f17b4c7791824b1b528710f62c792982fece3deff5e7527c30b8
a65f5d49bd3b8697351576201fdffb1933746bbe66940261a35f7a29886affaf
50f4d51cc42c9e9f82fa2717d0da0b6ade807092221b958c3a7347fb82f3d4a5
f97ab0a118df4ba6b5ae85be9b555a5c2d996afc028b96db8e3148ec3b129f23
9761f7ff3b067235c8113f98baae014d539519e42c40ef0169817141b39a8f78
449d990f34f2e158b8de6ccb6d1ed0894828d6653b1399699639ccb9a9947896
9f6eb9d4efc5e77a4b9b2534462faeff56320a38d3e493537a141ca9a720fb0b
aa72dd7a4c8fbc9d58e8bba95ce894b54cb7413753b932feafc8c0a4b92ca422
c67f109d5f53b870de589287448a15dbbc37c5031e7c1de9fd51e1e4fbd0e8a7
4228ab8d90a4e7ca8e9a13992616ed60d1b430178260759ba142440373e1ba1e
806e2d0e251abe46f938dbc9795f519a0a0a594b42b922482365af9ba4c87ed0
f19563aec6a894de3877b994aac1125b59fa8a4b11490860181edab9b8db4208
ec15a8e25a1190f677be11d2b9ca3dba07ef04ca105e76fc0b971cbc5c7a6609
d3a12b9e9fe8757cff9f5379b03465f9cba151b6214d6ad136570c36a599e832
c9af5345c44031fa029833c3aef1aa8a90e7ffb4e7a8399ba79986dea6c989f7
ad34c24574e001707bab166cee52eac2d696c5eb3a4a3cec2d77c914515a3c23
2f049814943c7f638de06e8f9ceb0c896b4b64b3586407f393b3e664539ad3af
f3f4637b653a83b8f1e3fc2709768c09514cb6ef9209260fcb1a5e35510a90c5
2c45209e703f9beb6edf40f0aa0bc5c206d9d1a97ac6ab4e64e848c93a2123a1
7eca7f71e57f34de3688a23d9a6c226af727aa0d75bab4bfd5c949130402c4d9
4f64899e2739a704e24e5e606bfbbe1d3f07a7c3e20dec522be290c8bd16ef2a
c925e605e773af07a1ad929042ac3f9d9db57f97e9cfd7fc760be903a710c19c
633cbc643d696ab24e4938f642ac108244c2b6c311e64f48c8dd6df14553d67f
832b6c18c719d9de11a3903df537704b5087cc98f0b12d400419b2448a9a06af
1c82a781d09a1121f347460b4f85139407b54ddca7e808007fed286e8ef9fb18
75900fecfc8ca21d58038f9c4b329c2ca75b012c80e9753a667ce3b47b7d328e
5312cbad0d093566a7b9e96f2f8380c99e3d1736c48752540805b97026fc86ea
192848c431faff7de2b0d396b1f345a92b296cd4878513fcedd15778faf1799d
de9817e9bd33afaa30a5c45092387d689c2e67ad614adeafa9d21e8e091cc0c8
bafb8f309fb3507de74ff8d59fbb0e6640fdc23965b107eab78a8e5da8af45a3
212070e146556e8be2ee1c2acf6a155c21fcf8f1f03219b585f3432955bad9c1
592999bbb39b334a0ae75076317069d2acbadef14495e64d9ff76cde664fec60
0b381dcacfef7fabefc4b217d2b4696cdb5c91dc5f2c8901a38e7a0476e2d7f5
dd01ea8155152a1e8ed8fbef6666fc1391b79dc5a088037c3006cd6f04c119b7
dbd43fdd41e4998bc5fae5ca500a2226c1651b03b22703961d6c6dba21128f70
1e6f5a22353ae66f2eab790c2d0153d06bb7094d6d8756de2c02adbf5b970168
4cb49adc60d23401a07c8bc1fb1e951452669adae88b8033470edf6bf3e3f5d8
7c72e6caa23d2a7e252f4b872d02526f4e1aebef32e119e93741921abf2c51b4
dd66ac9c3be80b014219ac90596f44a047f431741b5c92de2e74cf493beafea2
86fd79fe43b82fc22b645609a94d47b7c566296eac74f5f01b5036216227e082
10987474cddb4f4df3ac0a8db67d7f086ed25e5bd9c2fb2df1388ebfeee9c84b
d474574dcd02deb53988ce785ac9468c2c282091906522efba1b82a0cfe12203
eb95f2b371335dc245820ca2d793abe9a8c87478e6f53c81191a7a2384d78b7b
09d96526322985a086be3fc0cfe8a376825b73d4bc15024e8d4724a9d6dfeb6c
6a85e855efdd10986508a20d61a4602d4e89017430c2728054f45659f639443a
0ad8d1d07f4fd8f4f03895ba5d40720f9fb11fb58ff86590917411b4e3cd5cc4
938eb2dfaee08e947fefa7df105e61ea9fe17ab40e199bd8ed7acfad45cc7c84
244c2cad98816eddd9bf86a568de9f5102e1fce17b351af10567879926cfca66
4cdfdd6c5513f558a727089fc2b59bb3fa36eae89acf702d0bceaeb20e4a148e
800f9a8f712f05db429a949c2edf66871949fd1746024ffa065717244e73ba22
38785d0efed42bad5ba722bc4441e9babd9714ff9f35dc870b97b1b93024c944
4fd59297912e3a4aed2699d8c1748bf01fbbdc012cd6858c0ff912ad1affae4c
3183281c1a196bb7015b05d7b464988c995d266198a2e7b67e2acde975a16955
9daf062a81db8b698248f2491a60bd526be87be55696699e8f149013a96aa46a
46e93ee53b383a73281e69f6bbcf7ab2995af08501cf17a7204a5f5ef619f3d3
2de93e8d24b4d0a88129b3286b9aa8baec771faa1525a823ba673ea59f060816
12942fb604723b16be26c75eed1ae69f91575d554358618d0cacc2fa21cff08b
e4a5ccc84065ab340d31b74ed2b0785645f187746b64d5cffbc6a28c82dbe197
1a049f519b8f78d6f0d9cb7a59165fa9c0aaa02e7b1592e9f3c6f557c94243ea
23d87b977ece531a55dcf9f8c9d2cdd923908d67c2de81ad182459830813d058
768d56dadcb7edc92ca849e6a1e23b8669470a2f412c1d540e7f604efdd1e0ee
22f0381c85596933c715d7d1bdb9469b0950a9860fa7aea9314a02b1bc8855b3
5b45fd0cfa4fa15e2c53212568bab941a6e6a411e18697477f2d15c4c9563058
31bc21f35b944a1715c713962d43760afdfb8da74231ded5090c1e060fc1fa35
00d4f7f21d8dfe302499af159cab7ab2fd6dbd8b7c73d567391433773d56b86a
fe527000ed12dc22ad1a8726e31aaa5ac9e6123c6bd2c4c89cc7c226ff7852ed
5fe42302047d80576072f8daee64cdf2b714b4de436cece840232c6900a5ae69
55f19fb75261304d1b85c2683aea7f0e41ddd499e9c1c0c6add3ca1f1fef3a41
68bfa7c8011b54b8780106a4f9da5e0bd1fb76fd56dd4bd1d651893b462e3136
a72cc284cc54e459bece7b9c98fc49ec12563a72909648f8118e9acdd6b8957f
993198feaf0b4ca6568630fc41c8ee62be8d509c86799071fac698426f0655e4
451c73cfcf6921ae36f576f4e93255b67cfa5f351227310546a95255174beef4
a61743c8b70010471eebb0913cc80775b33109ebd590f69e41b7f9f035fdd35a
731d014bcb05758eca4cd2d5f06bef9aef933b1b7f8af28b26b51a319b911df9
85e0d3703d56e849ea83a2c300582cbbea36c6e6081e74c540e1fdc6e7cbd1d0
07dff1773faa36cf490f284b2cedb0f0d78e11ce5006c7a59137f94cec24f7bd
e60b4963565cae6a17657894318aaf269ecd2de8ddecea5b8ee237e08b7e03f1
10679957a127acef85f1460297474bd0f89779f3b0ec859f4a03c476cc2e605b
b6170ecd7b516e479042a2a4575d01b2481378e6625364d00d39c67a4234f1ee
7cb3699e6c508328575e5c1b524f00850dbb5cce5ac130b9aba672354393e030
e8714e64735044e7f77c952bae48b159d60f2d6f913f994c64a3fcbdca50af58
3d2739047157f97a4a4fd5c122c47bf42e2946fab1270a4109f20106b81a176b
e42b282d98efd74316a6c68b407d4bb6aad81e82a2b7d38d6a3235605f2748f2
c0c34538622830650be99a376b719ecba698734f25f30e44414b3ca677e14511
546ddbd31cce597e21f0d7a974e5d599e566d8c9a8631d48ccbba6da8240a64f
7699b4431816c6210f8d3b6427af9c344ff49e86142609cb687d321134172add
14c4cf9ba03f0738287c90a5ea3f5b1c8c6ea3531ba60bcf435b4bc58e82bc99
66e699c1f2a9bfd7c07f8904d4fde0efc71f89b2c698dcf2b2d9754b98801af1
769f2d82ffe4984d665959bf4a68614d5193aecac56c01777c867501524a59ad
5763c0845960fbc90500d444984d084747f56c8c90381454ed5b37db5deba615
2aaa2fca96e365036131d53db26455d480cafab3e9726ddaec214b03962a2f6d
536321416b3b292006d2a70049abc3f6e7c84a1e95b5c501bb626f0d20f25fba
33cfd129dbfb175f579c3906105fffa7fe17221076d3ff2de98e4763cf662c60
22ba7aefb4df3c3cbe8ca44852c2ad7620ab6c24060b1eec52e531716b636ab9
2f920f02e629922d588b4cd2782501d729f34b661c14ffb8c466932d0264e767
cdd0ea4f214c54e6acb082f604a7ec0651b6cc0e2bb2d394937d0e0bbdec8e97
19e9b5445ef26d5f1568593f830d1128f77d99923275e8211a4360146e80056f
9d664d6f74dc83063394457a29b1798aad9f7b41783698a5b4df8d3def4e2a6e
857bf48f7d419b8945bfe0ba10e544756130e230e98f20914416169df1aeb9f0
2ea1a02c4adbc3f5823cd53a858f0fd49330de699cb11ef0b0f0b708c1e51c68
33a8e32be5b91f8ee2c287fd31baf4de37a8ea1ea8c418121268ea6d9b0be035
2079f788814b2a96046b0c9ef013d3b70217bb41a509bfeb7122b575b0df3138
cde9dd4c5f5daeee78f83068345d0e3ebc338e50d0f2ba8cba230e8155244ec3
c6bd7098f83868146b5954169272da83b8d3c24a1927e3a81b6a7879c1e3fc43
90edffb0aabd93d9c7a81247740603df0a19260d115b9e3146565ed0524b98fc
afb417a3da8af9a8d6a16397f73a22c1b41d93b64a3193a3180ab17ca69bbf05
6f887b351ca9f6560cae04598668266e335b27e282dc4bb948a69a67bdcc1157
a1d0886f99ab2b4aacb0a701bddc323d9a499781a6b13c8d022eae0ed88fc4d5
239d14d1065fe22bf1035bfa97c97295607d6caeddac8703ac011696cac717b9
508833a4e17d2cb38faf94a3fd10d7923e5e50b70a3cc9c314b962bf1f6e7c13
2a124b6bf5c5022686b159efc8eaaec3ee26fd87ab4f868aad889075888d2770
0baa2b1df8c68b4344cb33a105a5ea7b22a57cb097d56534097bb7bc30596edd
0d3d59dd620caa1580af3593623416da98800d96232f9761f45988c91a1606ab
52e9f552585dbb3a0dc96879d8ef1fce82002f796f3042b5116eae0fa1398a74
5e83e9113b83a29ca3d9d49a38e4ad70d503a4952c562c431781c5ed2c83305b
7cea0858b6e6216a6d0649a503dd017c44e0a3f747891ec89f1556cd4f12d2a7
d8d74b7c8805cca486a396de8dce90d89e018195322bd852b35fa860cffa457f
7d797c9a869c0ab7d961f07569a7390fdc5da5f7453a1074b1a7d7f2753d2b33
6d81c3a6c2470c5bb81fa772177334dc31d06e6e39f33cee1cc5eecaf69857c6
3d932d49d822aa2a5b9bf0381e5b2716b5c20ee2a86b7692fc653768f98e3e2b
f3455538a1d60d69c443e61c02d32a999a6447fc40da161944fdf0ebe3399e26
9cc9720be9b1e71c8576b637a8b2e67153f3621e4b0e88d943c09a1f5411fa4f
cc530096f3838d4a3a42cdba4b93cd492e5b48d67afe1b2a7ee2574b1c2eb1af
ebd686e1d5b75e9e05ec87e362f21be8bd1975177531b80dc44bf945f55ad9a5
371c2c69cf8707ce6bc09b90bff9f99c56d82d76c10f8f531e1c463fd4c7b1c7
4ba705a02005bcb7ae0cae46349859aa06694c7afdb5e22d827d0f585a242728
8db9b464087c39b87b4520aca559ce0365a68824b30d85ed574c7afe12b23f81
43c7e0ea17f28666368eb09199c6ec1a14b1da1e9591b6635b8774d62053ce3f
39ecd3fdd4f245524df95ed5f4d3892e04a697d1c8ec78880c7477f4788c74b9
f81fe0b3649483e5b665314f14a20abff93b890fac20b4e29c63a3b1def90af5
f05f43d7cc1847ab4d79f5e1ecabc9d87cb49f19ed91a7c82fee855f2e54aca4
8c986397ad68c2a372af31ba7c3904df072290c11045b5a8c5e8e92f8089d8fe
e055d4d40eb382abb9b6c01b6dc72d3e7e2280ded250ff75d7799dcf977e8584
94bd34287fd993779ed256407762d21c1381b8787fa17c5f0d484b07e84c39ae
0234f55c6113d4046df0e92e5aa481364de7bf9c9413b4282564a25898676de2
f581488ab6ec45174f79f665616a0cc11f780b3cebecd4a460403ebc049c97b5
ad822f9303791028d1d45dccaa5499a9285a869f5d8958fc9cd187b26838588a
4af9b050797e6dd118e383f3d95a1196820b44dee4c6dd5ac8cc5c67ce943a43
36af424cb34ad937ee7b9d9fe9d6234938beb64b472157d160d2750857fd6261
3ad1d9006f911943105e414a116db8cf4275b22445b79d8222b8ee255e140784
cc195c58a4527efae75a4d48ba5ae23c8860f3e22a53b0be3c6f1fa4603629d6
81a6320292092dece286eeb28f6da3f8582244f6c1170ea466657d9710008ecd
5f4883ae8926db6bd769facfd0b28fc72a0c16813df27e2ccd91bcfdbd7aed18
70e8d3c1de7fb46f8402dee2e8e12e48d38e31875a6a76db8f79ba6bccf7e641
9d795eb55cc4c63e304b56d287b19a239e8d3e37bfb42bd7d630202237a9508f
47fe9527cb06597268334d8cbf824d17f0a5274f012d3cb6d3b5892f47bb9b10
04849aeac94fddbde40ace96329deeb6ad22f61aeaaae0fdf94514f0d50a4136
5cf50ea204c96bbd7d88448870e7671d04e584cbb22477232a04eedcef0c3e48
fa9098820ccb28d813e3b89641476f2c82fec6223ff029a49822f48912acfde4
551d240e02529c017ec931c1776758acbb69e0bbdc9362f0ecbe9c6ddf9608c7
586e6146e0fade275087e0bc3ee05ffc98d112649022c12393d718e529c2c597
b1e068f7295e2ed20ff0c68dcc646124222bd8a3fc2063f9a2f3f75edabe555d
9f5cc7efe2b4894d4e1e5bf0f3804059570a2fb8368ac8221d5858ec20197573
a82abf877c4ff4235e2f5df70eb8cbdf32b54d28f6895ffd30549ef60c6a6f85
3e9c4880a848212ed290d42bb5529c951e4556462c153bc4f815e4660322139a
a53941fb4de92625375a5b68a6a73d0c4e9332e7d50c37a2938f87756ce15602
59c52912b4d31ffe42bf8c59e7b03fdb034c16e9cfc04a7a40d8de5b38254f30
4a9999316451cc6e4caf4c82315fdc29fad105ecc9598fb704ff3ae0185abfe6
e3a0e13d29ead7b7358b1df1f9ab07cadd98771d8749b130151c1b1a51f912b0
56998fb940e2ff877951abcd6cb2e36c959d7296394c8f37c10059c52f567133
26c5df0d9082fce45763b42b32e3955eafa0f71367a91d4706f3f9cb9e820f5b
9d75b29e11c5b47f2e249ebe86b4386d43d75a80ac71701075684f133bc08b1a
fb2919f27aff298cb0371ac4f929cbe554df8d1ee1cd1f9a5252a52a34065b8c
8952503c05a445a6153870e122938b783b0688f92ee768708af88123730d566c
3a64285f53d6f9a1b3404d7f42a03f00115233d030d10738e0f9e049f7838ae8
ca777d4f251bf17a3b0ed236a96e62b5e8a2443bef8c832f1978259f9384ed28
626b70e6579b54fe3aadad550ab79f0b65100cc10ef0fe21140b3dc8e42caf71
a29ed05f857aeee7df1b111502ae937a1ed6f21a3262636607ac4602b822fa5f
89744aaba4adcb8b4ffcd11d4bab8429a62ab251bef2d835970b6889425d5e4f
e13b0de6a0b95929b9f8500247d2034f5ce965e473e0bf7b5036fc7cf8a8ae1a
971bfd8c070643f0d35e0290c058459cbaf721193d7889375f9af3c5a63186ea
465f385745697a3a2fe8212b94e554f747505c9ddb249dff9fbd03dec14e8e81
a9fb1e5ab9d56a026c513ac837823a70db892efcf009bb7a5477b70695e4cdce
19cf9e6ca397cb68a8aaf256f81b63e103ce93283f44e0a8ed5220d0de7100aa
00fd1307fcd1302306a86bebed906a99751f9f38820577d451dd51b4dee25624
dee2255fec5cdca58cb908804d0f9b44aff4698190afaad7a4355bf09759ebe8
128427dc3fd4e836e26390877bbc2540cf95bb6936d37086a7a2bed3c2d1d990
be5f425774dc0717f30c5493e238c1d7bd4bd7a406a82b57f3dedb9876409ffc
eeef6c214043d5acbb80e5f6fa4452b7cecb804e80c8f7f5387e844fc435ae10
940198c1c66fcb0ac1a0cc5fcbfec331ffb012bead3dc31dd5e3c47a7b9f3da3
1226f9a482fe00ed7c1954afc655dcee7ba701e86f614b25edbec38579f7685b
583193009c90a8c63a899f21c532c3f9b5c01322dddc26defc9331d48d22f963
6eef120bb96b315cd709aa101ce26bd6cc6fd6c725a37b6e665a8dbcd59f5553
1336da3a1344240a5441a4766a960de9804455ff1f07d137bdc20ad5e7be21e1
28cb9238a344d5a379fab2df4f74ffb6e1a6a900c0f7b2b1cbf01babc00e5b33
569a923917303bb60eb61e7564cbda9ef61da5e31230bc39e97c97e0aa5a34af
addac105c358dfcb4cc1f7378cbf11086e6905f80d9d3179e5da988cae770508
8beee92e44367a6a22d2d9eb8af58bc5d4ccc459372fa1e9125562a786602a5b
1d62f5595af2f05cf6e4755a1c13f1bef9e9b5d06638c8d199444fe82821d9a1
9b2d1a33374fc997ce279e57e78c88ba9f72d427aae2ec01c617759a749471ce
8b9b562428e9457c43f94ad456c718c46ceb2c7edfcb28706833560fe76efc75
fce2646c56d19863ccec5274c8ee68b68812fef5f779ab1329d608230595ee86
623471c5f2f4a38622fa2a3b7dd32a77fa970bceb675140fe3ccc1f43513b9cf
ce1d71e0ec12f75ca581110c0dab0ed4f6ce63a1d47c3ff956e5366e44d9928c
a4042e6299f1e6303a6a4686d2452b77aad7ef2b8e6066102602137ecd44b052
f8fac3f6ab2dd5b82b1f8112457507bcaf0d403f645b457e421f4e0f733b9d9d
89cf74670c7cd3f64f36fcc97204535ec3acdfac73bd628986e687592fe45b17
5b86cc6b4095c70ec1e6ddfae2036922e90455d49e7b933a3c89bc29df8bb3b6
b32f02fe3bb43566e0fbb1d480330c52fc61f50a6a1925083ee994bf57fa67ae
a661098439958b1d841cfd20acce2c87c06edc70830d8f87ad8c34747650b3cc
be0bea8efdd03d6cd1b240d12635d02610fd5a9f8ade94d6fb1c5c9222a4ad8e
a39c74f189dfae3c2846c53ada15ba53bd6e087b5f1ba09ab20eb620ffef0411
8f484a6da3212bc4bbd547417e0ed0059e21f95474dd16366dae1358a25354bb
0fca8c923fd752e368f786812b66d46efadb82408414b753e0f918bea1911ee3
d7196fe45182e0387537d7cd86c298cb7af90e5f297f84728f338153a9ba527b
9eef4457ff3a5c9522213e1808869f32ca76a6509c0edbb5acba9d464622bba0
d643837f2b31fb9643cf8fab2f55976000bc881479fba85b6aff7b682511bc0b
c477c66d8bbaef2884757d5838b556fbf0197ab07265f80a14d0ea4269727887
a9d5a745faf35611bf5c814377f0fd32e125ef7b6b7e36ae822f3b7cd21a0f83
667eeede7d2a92b26297914fea7cf04dba4a6e324ccf533cf68fd124b87caeac
d26c5e86a880509188c5f1ec59920abd86241b707980caa748528fe261e2dcc1
d1ddb80b3fcc301b37b56e8de481694f79330f6b1457b6eec2697657f2653e02
7a0bb56d0a94339a1345767a7037f626b7ab3a26d13042a350cb285c74a47b84
b65e71937a64b539b53f21446708af4caacc62f8947ee7ed04c0faea6b87672d
46f16d199ecf2ea3ededabf96b7a8130c25d0da82ec9ef2f79edc0405354ebd9
1fc1358305140dcda4a899cc4300687af4329ffa42852c4ed8bad85d1c99839c
06b933788a46bb855ac271ec403dadbeaa9339b9964589f1c8cc83a4f1398689
98feb7b3003d849337143b3e0924a531c358a3ced499d71f44ad0698e78444f9
f54f6e1e91b7f353b1476b95e0c473b0deddc2282990f1934146e7f4158781e3
4be3113d86b26f4983589c144560326dd41885a914ee6394cf5997ab4ab145ff
46d1b5100406ce6ade7eb9b5dec8e8dd942382385936163cdeb664dcbd7186eb
47257e809000c1c6001601a3bfdd8ef79f685aa1020cac3ce4267cc143b3c959
22570c1d204e59fc76aa51ba1549e4545bffcff27ad9a30ecbabcf92d7bef551
40400d11d5717226fae218f67da9a365314441b49b73f43e2b98697eb8727ceb
cdc1464897240fa99d12fbe27c02d6409d516280c83da4a6a3f19bc76272ccba
2d05ecd6428c352e0b867f12d5579f78fa34f56a657bf5e2a89b5a2467424bc8
e174b9ac16fde03ae70420586d56252de1c55c150999db205e37448cc7eb8d19
0985178254f511c690ea95c74b78e67132bb6418a29305ebe1d69c9de6950980
3161f0cb30bced183b9869781bf282e8e4052146c27855a8fce7eaaa1a23daed
111a758bd39198cea3ba5c00369c58699c3a411e136eafcae0cea25129a88ba9
53537f755163b4747b1f4296208d1140e3598fcff99721efbe0a45598db4411d
5a40d40ea75fa90070cbb8bdd911347a46be0dea43d187a10aa4d7ce79c20f85
2a523e46d0c79207f654ebbdfa64860c1a009cd5a31c4a3defef97c1aac53bee
7f122936b2f13f2c85e4bc8adebec8677d7ef45d7f778d331fd5270dc63f81d6
897fbf586f24b2d45b62b7291a32b9c39e014df506d648d2f2130c49b74f1d2c
cabd4904074bde7604fa714561459373403fe1bbd7d5bdd9dc79e93724da85b7
6b331aab9a871dbd96b8b364628fddcefc7d682ad289b6c75208c88d818a217e
5ab9bf694614b71be2d1c16e066d38f556b86d6a992223653ed5795192a7c790
26b868eb9b6c6bc57271110542ced24c0329bf3461294099133e2836ce994eb0
4ddcc1e627c886bc7a26bd853b9bfb5eb738b5b64d1645fcc97116f37fadaab8
f93b18d76c6911dc5efab76a0e1b1e0d4879f093a6510fccefbb333970938a00
34f4c26e0b0481fbfc51d563366c7948e9b90af84d42a987b0f4b64c855e3c7b
eee87e88326a71d470d09af426838a172f6f7c6610cb01c636585312e5949763
e89f7c7029b4faaed0f288bf091086c2479d487dce653a55350bfebe40ea338b
9cb79b4762e4378db3dc6b0aa56a571deb371c37817b793623385b6a1cf88fc3
11c3c178ded329813c582b6e80d1d6e6bc7c7af62ed987eca787fe32fccb1c97
91208248bc003dd18c2598075cd19ec9e73707c31bd8bcb096777a58e82d80d4
e16af9240e3d051d6238d26f14e96b6dad34cc157116467b644d0c40274e9d58
c0980f95fad35d0d0bc384a07e3375528d2485982aad434b4bb253d9b197133e
d7abf6f2fe9abf98dfdd907a90eff1ae81b8080d6f8c67b4b5abb7db178839ef
132d3cde278411df63fc41a25ad177c5cbad826769b1bea093e71f54120ec253
15ae815984980b61faad6bb7a25480e5aa463472d0a70b4b1c05defa1d1bd81b
67476f3370bdfb761023cf9448fbcb4b93104fcf4eaf1214e62519cf5a54d136
3bd3f56a8b55311f2b0b022f62352065fa0f53c7cf0e2dc76c1ae868a6ea372c
cb0285be17839845a0123bfc6898113f1e4e9a7d4170bdfb26c8144b9b9fb2b7
a090b63d33ca8b32891e119e89a3855b8abf19715a9d464847c7207363950961
36fd33c53c45215726cbd756e6e323577ea6008780afc86d45af3f451c125626
c2cf81796d1f804a093a900e73d560f67067366a5d68a6ee119aa6fa65b8edf7
5641cd0926af81613a814af5046c7e03591c56c89f75dcb9253a84f25a124511
48b8c8d7646331e1425076025a2174384858d4ffdc56162c181992747d3c308f
def2a78084015c62791a7cc86184d51ad96a7cdaeeb50a52b22e3fa4d49e0ba3
5a65316d4b649914b0820cbd7d50114ee5b68f973c7742e0fe7b1fd618734852
450aa324374bf190936c54b66bbaef42d2430f91ffbcca174ee4d21a3001df4b
9c8aa869167d26d2b04426787b5a5c37f91fbe5bb48c86b5fe0ddb1b7646e513
84cec65ee563ca1f2655d8ee3e978147728ce5936a967eb6d25cfbf14f0db0d5
4be4663a8dae471bc6a5e65f133513d6b9380105313263a90c399025c2dc11dd
c104e0a745eec9bfc7bf24297270f39b459fb606a85aeb45537b60ffcc482784
3b5e8d81f65ae08cbdc07b2b28b2779684c882c4ee50300eb55b171ab43ae38d
44a3d3251f5d4747b134855b8e63c8e1f6c447cd8d20f18bdc50ba0ffabcc184
a8e162a0e69e155186e418201a29d8aa113facb46d7e4c42b1933acc809dc3ce
2a019a4ce13b08de55ea4dacf6ab38b1e056d2d0f8fde07d8c5ae7dff09b51e8
ef0602218faf121104fdfb53adeecbc5719ff290a5c25983fcc44c788dbb3d58
eff8d430a9894457586cc056b0a11ff0fa004c0ae70c0c3d0e17a48dfe680329
3b6ca7bfaee129b364dfafe841c09a958f8554763836b95c80e7dca85541d4e5
0ffd8ec28db0abd9bd282e0f976a881e872b26f7a235c786ab33a3d7f255e8db
d5705cd1caf3e73e2ae4991ff2262656a485d66bde7e73c8adcce973fda51a9d
f2709613633aa8748e6f3edffc28f992df314d7300f199915f9641072feb17e9
07c0a9cbdab3f7ad17e7509f2b68e7f1cdf21347eb1aff8bcaac8c84b3dad5da
11990eda6e2f36a90858d29d35396b0334e004564d817e48de3b04e09337df56
cd6f797ea504539f96fa7c521b1a4ee441c73e09ccd4e283499231e5ad29deed
8d356fc7e0212819f9790280f681a60380d27004d0451c8bf3585a88d061a470
bfd823f895d8c3ccfe67c413cae3f75b81c1bb57360fa4cf625183f91e83b066
03798f379ec1dcea31598315cb3b39b2c5004558011ef045c780f29a7f85c8f3
896fde7c10639defe2c489b43b8a8594a9252405ad43a5ccc9337e1480bfc13a
ecbca772c6c1e7ffc6e82e0dd9f190e56db9492622b17f8113ad00e8573c9c14
db234fa4c1c089d7539cde9435e28f81952b3af790fdc28e21e7e1dcd11109cf
61c6ac69c2a31570613c51b9c36b216d70e36cf96dce7db66c94113a6b891c15
0c66cb3144ce2eef547d0800b189db90e00447a83d0e25ed27f18e117291d018
554d7e38923e49453254aa9acad6c99b6d480e9c270f5677ef5397596a3f5443
86a77438bdb1906ca0f47faba0b35f01197591cd735525a097f60387c2bd8562
a20c7a777bf05aaaaf99008d0c407cbef2f94ae94199134d3bca55ab7be6c655
e83e26fd44e7825a4e575270ebf67a1d74291d01be32c7cf524bedbdf21dfaf0
c1841c7a3d8a7cffcc00031ad3048d4b9e86e1034ed154b2608495a047bab8f3
aff8b6cb5b96b7fda9f87897172e2b8e949795027293430a9c73e47e78205050
a082554282ab871d68ede0e480dff37e974697f47621efe5a5aff5e0f50e755e
7a8be888b04a054fd89636a7b251a170e03b39d08bb7a6b380f5950164c4a378
b977f732a361f5d1fa8f8d00c554438a8d1fc8500da40c2294e222d5b0a162ef
549a50d951fc15d537b5aaed3b6a53c27a3aae15b3385dc7f105a9ffc3e5a0d6
1e83e38130102e96dcfe1e3ad85fb9c59544a385001bec64f2253134054a2650
08591c8f42014d7909c7c2e58dda1835d65e48ad2f7f483e3c616c2d34a576c0
1d887c3e16a3ccab38c2189925c28e18dce4faaf305e3760deb43e215cbfc028
07326b2a59035fb2d9b68df4525d56d7c8b90990381eff498636ef7d2ae6fa9d
536cad824ad005196d99b2bdbf07120ea720cddcb481e0ed041cf02d776493e4
4da600b82c452ef1ac8f4eb268eca1a1e2b43f73ace64b9a5a50235bb69e358e
d4bd15ae2e772fccad97b898ff3dea06b51259203fe4a7973816a4f2db74e918
bb24d49b2572c44a9cbd485e97aad3e9db0f4fbfc21080302266e91d42b15be9
1101b310dca5157eca54f2b7446be41c3e180ac71abdd29c4c08b681574ec1ee
ad11755e80f861f22d8b816bc223c15f4ce8e4378c9510f189d6c098c74f260a
051df44e5ab4b0de6fe6ffe399932e105514a9dadd30182341ba8d5f21c6ce94
6e3b3bca530d0a38986c38ca1f504b506fd3d41d6c16c082ce1dd6c4ee9cd25c
0010fa8bf61a2b5d828635b426440017021ddbeceafda0dc4c8450024845fd33
169fe94795b0f66dcc53e154efe8893309d0c47a6151b491965f3d7948ca47b7
4f5c75432c88dc9e895c29748491811d8c4dd3df66e228157e0ae35dfe6265b9
429f5faf7fe3fba94d64308b7e81d80411ca20d8c99ac904039ed085a452dfdf
5804ffe6b1a8f225bffae3a818700a45291b5497a1178d88ebc13fb1eac5bc27
1bb757546bd752b1f2cc8a9a8f26eeea16e9f058bec070403381bc07ac0ee8f6
ea552876377cee1ba7d7ceea31a7b17d6beffddcabd6be9f4fb47a52a598dfc8
c282a86928b458151de85ee7244a5e815e18537bf187fc1808556a6d8407d2c3
d6e4ff880160e71771cd95a49f59f4a325ea67e5a3dde903173e1d48b50d9eca
d1c20cbfaa1caa443826d86c558dd6c39593ca14bc72b197167b9274cf0c4987
7dbfc494ebf5907611076cdbe1c336b1e33c43009e76922d8aa78a0aabae69c0
35dcb904da4e57d8c512fef6d5f462fbfdd636a925d9de6e9383567227a16554
2bee44528befee23dc077f482a97ff46ab660618869a2f4eba44b5fc42d5ee09
bb39a869dc338f34f23e83ceb10ad2190a939f947038af113720e7d2148df23d
39d6ec604224d78656224de96553260c6062ff5824c2bf67f57930ca062781d7
f8b0c44aeee42230b0896bd225a4a16fa7afc12034a57cc5298763f51d06dc74
a99e98aefa0efcdf6d7efbbcda644e9bc7ab792d8ae11bc6003a3aea5cddac74
149f5fa45ec9e7cfdbf67c585ea7a626422ddfdc61c753f2000a5b9247523c56
5f6b19055822b056a25a143543e1ad1fda567f30845c442def956bf9c28b2e33
a87ca871d5ed162fde88ea7b04b1acebdd5a17c91f6096dde8d276eaeeabdddd
6da9e7250fd6a55fa9be8a01c1bf54183e4bc73b45617fdbf17b80c7a7fb4148
7bc7241cb1f1e7f522486e8fbc51e4b49f30f2c09948cd8f8ca5e7edd52206c8
495f6e5899a4cd4f255b856c668da76f146c175719bc64c933c3d2c5eed0d6e8
05d61ab4ae39fc6c8ed6a65bf5e38080916ea32bcb84edcaa8a455d90682c45b
145cf1645eea3d3ef345ecb6a0256478f38a7ddf5b130616946e7380c4403988
76775ee4f94a4db9efeda7e09280dd305c37fc8891d511b56c5ae87942cf088d
560c0be8a3bc681cd2287a961c9e91408617c132881bcfb17d69a38e9265d518
85b6c2b3e0d06e66390cffaa7a41ed0a7089e99f266aa47bd53b86394adb99eb
0bf0e1a8e4f6c38bec90f02742f909953771e2232b12dc36f71d852bf3d23abe
a3d29af328292c720590b330e340f1cbfd019a3f9794ca58ffc2b7df69b944ea
f0724e4271847f00e20e92cdf946ca6cf9d0edee71951eab52ebe15be4e6d72c
fe2d49260c04b0c37545583f54ee6644460007598b088e3815854c0b5daddbcb
f8f14fdd82f53530bc8c015b0ed6b764f3f7fd81753ceaf48dcc4e7e81f12580
26e5dd423729963da1decc3f60a06c90f8b360aada2ee3ba3f8466790d055527
3186b42fcd7964e463dcebd4d1e996e85ca26ce0878fe0fd530210667109c87d
9ab2874daaf62407abdb9b990b14265828550f6590d910d715889aeb95dae69f
7895fcf164187b2eff68368fef1fe9abbb309883cdfed1572f0a1cf9e4e7f921
decc5fd1dd65f05b84bf2a561c36717b28149e65bb7b795ad3d62734042021a1
c9d628b3e1b97f15b294675b96938fd1c83a6da8c8b7ad2b5dc3490802d8ae4a
52ae13ee73ae33614617c1db492a1a88ac50e0e5a985adff9981153a4aa24998
1ef5a0693179db6ffc0ba68f83af9e2d99638a1e7645c8efd8b70a51645848fd
925d295cbf73e76e1e71c6e65b8dd25a666f238f28811bd6e21191b33d57f734
0b887bd81c68cd35c5ddbee653a7922f956c20ed361142de0181042cd06d6ed9
ddbfe4555ebe10b4e9c727eb712411b14a6ce0789414618300bd7343e98ac57b
2749f0f314ae8bab79406a1dbe7280cb096d101ae84902c18094f40c1a2a4f93
cf16c57ec752990fd373145b74a399621a8867bec05e1c78c7aa7fba31a06f43
c53e09bd7edab0a4054e1c6f76d0fc2be1987082288d5d9033becffe7af042bc
e9b836b519c15933ca3b0b4216282576ddb072edb46a3de0e73694e626b67ead
4988d669d757d06911fe90711a50fa5747a3e4f55cc5610efdc1f3e9ebdf6421
d538035705dbc8a1a35c40e9ab6fcb577e384e2e32a6498b998a1a9f28422266
3bf4cdb93dbd91c8a100c743bb6254b9f67b06415448679224156326f96c1cbf
3099b575db58849de5c90c7342048fc1ad3f66dac577be57f4f714f297f88bd4
b82909411399de24ebbc9ead20b14af8d01e63670e84da8af8c8e290cdc59fd5
26a44715c7781008e41781177b1f717875792ea263d76761ff8cb0e0fc506f88
bc32f082d77f29e84ec547149e373d9d53ff32128c6bb87b83c3997d5b3f5a8a
8acae024e8a397114bd4bccd20978280c1b9e0481b4f586fa6bdfa806712ae77
8772e808631e41712e3e34ad399bfc633531df459b17bb72177f0f489fd10685
2d76704eb6b1cd4b048ae2cb75d64af3cd7104e6f728f8b7093e1432f80ff1d6
dccc254f6bf5b7218ff1eb63a7cf95a97f7bac857ccd2c295597c2af1bdce99d
b0f19d14e1c38ad65e7ae695ce5abc2d8a47ff20397738eabbcf5dbc2a6d6aa2
b27293cc4927354d75a16a3ac4e45b2b9606bcc9669d51ed44f92c851f284307
437b3a39056215a98da40dd1c98734e514a54fa92947c500f022bb86380661f7
cc591e6b58652b49f82163c7bfff12aa91580e66e23385c2efc84f357cb666e2
987dff3b56629c9da6e7c658fe7c36dc1b19623222b8a74a4306fe3230af4e8d
6b4ba52d05920a98830f1e0941e9e3097ade1e1d724a15760a621ca7cdbfb38e
b2b9476fbf7b350f833799088955d8877de829b8e7565583b273273093c6fc27
21d4bdd0f1a8dc50a754354f03ac947159befaddb76cc4d9c8bf94ff1125a691
4b8d92d41ecd7b90f4f8f441df5891fd0faebed3dab6dc9125af0e01d26aaaa2
f36f63ab48cc6fa050a5b047bcc30fa2393202deaa9c91742713a86a12d87d3d
a7d3911ef85aaed38aaa4b25da5e61f59ac9c1582de70f4d7a4c635cb2beb428
d30fa63702812d539daddffa0e44420bc6bb4f44127cef69f7390b6ee7e4aae3
960e82f32bfdf4c81ce0b84b9a2b8c119652c8c47bf86394bf266c1ff6db8ee1
da4f039d4cf0fbd0b7eec809b7a9172d533f5ea918b0f254c11bc63afceeb632
88a05b4cff48d7710fee8efb1f446bf44bf54afd578267c5adef6bcd200687bf
609ef461fc9d9429aa87a6a616772520996f3959be549f99ce194dfb22393562
5a721a5022fae37b01ad14b70f5ba2c440d6482733716a19806058e6bcaa7b05
7b235757c59c776ab8c83a5d6b82bd632497d87aa97e3c1f7272969051c76287
59b3fc48688bf34c313f0a510af2ae314cc12baff450c3151ed788547e73c6f0
26cb05d447a6e5f06bee521d5a0a5cb2d099eca7a0ca4fcc8c4a06e5607453a0
b6865617405f19684b2bc7836fda31dd5545b129953a1aa20544409916d3e2a2
c69ebc5713e80a5eff241a34b4b2ce9e22b9100e3b42ddf2af92a3923eae0dbe
4672aaaa2cbc8e24d853bebadf7ff2f12e77f3081abf55fd8594209c66596474
cc89443f50f88d6387f526bfb481cdd4697c6fa56df3ba280a72e51c5276b3b3
959f1d74320367f3f2729aebcd9d3f33f0df5615d99872359408c4ab1f536874
352bf7f1fcd4a16457ebe8d1a999c4ac65e3ca13122f20fee4c99305a09976c7
13ead905c656fe96c55b50574c1a823a135808cc49417eeef9ea78516b2d049b
447c29a27d06edfb997ca7f385f02575329f76a40f1c03e45e83a94d2e3eac14
233b3fb3b9fb30d304c2cb5886008f60b5266fc6fcb5f15ecfe74a9e3796f24f
c09ca0517a711bee83d0c7ce67c783b0e447953635392eab4da8ed3ca27ec4f1
de1d8f218298486696f035787e29c225f9a6a216426bb0907b114ce40ba0dbdd
41fca2a4cd1b215fc46abb327134d01663fd569660bb9acca06c3f6ff967e3d4
d526016e321933b867d8051e64f1a94a1ed66cde8f6f1ae0119f9972a5df07fc
9110f0929e6754af82fc53d4d8d1e56594838fc64462af3171d0a5d5384e0be3
e6879c6bf644c1f5eef6e23b8eb4772faf30e8c8b8c994b202faf38674399fc9
e4760987c59cfc92022dcf404e6f21e083811b944bdf72de4510671ce405b2a8
e16dac371e7d25b6997abdfb02a3c5d31216cc08b3ec130c7a6d7bc021c92157
ada400ad6b94978b72eee42ed4765d624bc19c3aa027d72a98d22f0ec2247239
369d12ac97d07b20e7afc0b1a1133defdf1d561a323581f192f17c7f1a38fbcb
b270968877e38a3bd54e0715fe2384e4ac672b4261443072af9343545f68c848
ae089ad09d5738a682c3647e9d42d749f6af191fc76e7d49df30ef2ce127e3a6
b26a34bd7d6e71e17dc55b0a2e3941a811ea3d1b6d0abec5bbddaf694eb6863c
3f7dc90a61b6ea8d73fa0f063ff217da3e48987778da6445b64626a2ec5689b7
4f84bee4c079a2a1eff3af570faabf205c665f1d423399de72686195f05b5ca2
c78ae079ed2bd162ce2f1982770c6587a8fea2963e0b4095b79ed7b150065f5f
201b2933450863da30660d9f2760173374a22a6ec7ca2b898ade51106ccbbba3
a8d4554b1acab62672cfd3f02fde2f67a8695c82824d87fe11f7bc066bde3521
b1422bf4ffab2c92d725b3d541a076f7c6108045b8b385b8244b09a09ccc0f7e
5981682787fe8b02e33c89ce02486112b9ed5f6bb0268c572d061cc763232c47
3e0ad70528c3c47533d14ea3f5c463d09dbc115500c6d8e9e9d18db6084ca790
a44bdf8e8b123a71a42d4cc392bbab693268278cf2340fcc150219b9b3b7a9bc
33ed6e296f80648ddf766590d4a21bef2b0991c3878fdc4a3f63398702f07afe
f5cdece9f9700e3c8c346c177b80c6d92ff560c109f00054857a931d89992826
7e64cec907100a3745e420368b1033b37b9bda0b733a9d5b3bf65fe2faae3dac
daa9661733e83476c6b9253f7757becdf5346864858a6927c082b7639e914d99
4c80a45e4f8cbc72b97e6d72153c7bb02114d6f8b1d19973bb0b39f463646f13
c4afdfb6a1aca711547e8fba6d4bff573b696c281b28090d1625d34f9a90de9e
94859c007cc1682bd4b46a76f65f59607f327a186a12fe01adb378ae3ddabb74
619351b59986fecf5bc345a195165896e91120edc0a13b9ae465d2c91eb7d771
49aac6badd4c949a6f30e74456ca9603f1910ad51a3803c0c34f1f04da291bcb
2c4e346d94215f739d0aa67c46fbfddd1d9d21fb41e18e52bb507c63b18cd3fe
a718af76e740d1e470db3ad8394a20c084657f6f1c747f1820351c951eb67ea4
51180dfa8835b805745d0c8e805d99396619c68c37ab9c39da6c72041da6e969
3a0635f463cb0b5caf8d04f791a62d43908ba286c1732deece156593f5947cfd
cad145b8f052ea3fec73edf3683179410a0e85f2e8075b958fb1abd7c3b465c1
f74ac82022781107f381cd03029eb3545259c76d82aeb8fc0f4648a4d8e76cdf
dcc75e1263ae3f5d63e009c2a32be046f34ada542c51917d1358befe2abfad69
981132136d8506872145598d0f1c29cb7476eff973a97beddfcaec0fca62c04c
35a63d927888a3f171e4731939972e5083ba3b10b83c53b671ea92a0db3456f8
9b9be36f866664a4052514db2547b2ef02e08d9f5691f67a12fc2fd83323ec5e
563ba2c543de482a02668840b58e0fe41791f467e791bca868e197eb0a3926af
a601fe062322fb819259ab860bd52ec3ea097ac082fcd5d123fcd5e732001d2c
33c790946d90172718631b43c42c06055c45d5f54dbb20af14c0c8e7a801fbe0
48c137df331f37f37d743cc97a93e2a6d20ea02cee39d71c17a461ae2ab3f88f
97ef2dd23f2dbd84f05c7cbf613b6c00dbfce58102ad091cf7091721084c7d7c
e9a19437720c6067b1d2f7910fac9b1a343ccc9bbca9c48cfd13d0349024d3cf
d9385f93ac4c4eee72daeb2869d30fd67808b29a6f72156ce2d647a993e7aa57
2c8ae6c30b79468e2209fae063de19a1fe1105aeab694dcbf9e03f4657edb990
a3195c12c0f5bfba336cae377493f0ddb45f2ea35696d1cfe9556092584a1dab
57d10b408a6d31f137b0299cf30dd9b6b8dfa875a09c5105346b964f4de09957
77d5206fcf6e238a4543aa6555efcc96fcb8e43230b371bf4de2e61554a6eb8c
dc14a63fdc0bf7f42356f3892ad1c653548e52fa0ea1ae78ca7381d54d7de015
6f87f6434b93bb52fa03c8aa4ea80fad57388ed283949ab9db0a0bf9ac8b1aaf
8e23e0fcf53dc112a0bb5f18eae626f18d3d804b870e7f900949137b5d001a8d
3e4308491bbc6dae63a9dd13ad0b8435f6c0cd00d2a6404e12b5cbe6e59514c7
5a845527a5f98335a5051d5fba8bff0d04221076d158d18f452e9094de791616
83e8597de0b3f61251cb3b9bbea1fcef92face762e35ed84110979c8ef23dda4
7c755133ba2ce8bbbd940df2e68e15752f54da99f3c8d409404bc65707fd1b31
ec880584c71be18f61e5fccfecfb6efdceb055413dba29a3066a9d805b4895e9
482e4acd363b7aec4a09241ce8aaefd24436fa7854416fae2199d7998adb6104
c002b63b9180148e71e45ecf87740dab7457e3312e61482d3eae15bdec4ec1e6
88825d9299b341d7b6093225703c7880760227406efd2cbf76ae78e2d7c3d715
64d8884d566e5fb28a7bab04f6f980ab6770a7c39c676fd05340d6afb553daf1
2278698e685a7c750d51b2198bf4966b76ca73af2d5a94de3b9388bd1db3093e
1065fc25819adfe243464bd0a1f3f0418479cb4b1d1be8e28c298772c744bbdf
053742ed535c22d1e29891b30b1ab7d7ec779ec665e6f101c39e67c93abd6bd5
5b0c7eaca26221dd6436583d58935284436a6d946ebf64a916d1f74b605af3a6
f6c888acbb4bdaa63f226af2ed5719b0389b640173271da165c0b1c0c0a123fd
c8aebd7369ede93e8bbdd967b0c7543da04f0da05dd743bc0d1370efeb4c7fa5
7792c3cfcba06a6864ecf91889388ccdd1b68c6b70cfc89b67f7ab801143b9f4
ad776c27d70fc56e92a8f4bd34232cec6fd74117eeb8b37ea902b5170e52d179
fd876ad13e8b47154c07f181943e5ee56df568800126c70ffe741c6e67c14532
dbc21708190d85da2f2ec9868f094ae8f7acfb41b56104d0d8f135a796d9b42b
4fdbd5d546034b71b8eeb47101ccc0dd14924a489ab11a2b10450b3dd54c993d
81c69e193c1454eb275f37e90e99fe4ea93f7595e53b9a716c45e1c11f282cf1
e4a9ec275617347bea5ac05256c94fa1b1c4cbbc16b6a8fe9010d4edc6a6f4a7
5c479536e475074447d266737da46c5c17d0eef23daa69bd21aa971373f8f31f
dc8ce8a73e00b5c1b9cba2a5e47eb570c3e37ed972885efeddbaf30cf741a0b3
229f68229a1d35976095baef27cebe5b923c3b8a938e163b35b8eae43287852d
731efeb94674e97021836245c7f50c67b7a7d32a11747a3bf1931901a644e958
5a77feaf5fc982e8fd9292da442d3b5848a55f1cc535a52e97b1f6ac06a3d721
29ab3530ce8e79aff2cd015ea4aae4de625ffb039aac82f0fabf1ea2824675ee
28de12a3e81dc85d28b5e64f414a9f80dee73bf752c8c218a45d2fbda864e0fa
ac79aa4a8ed2dd57c5375ec91d70b5246171701ea1aee98e3ad1ed30d92df0e4
5f3e6d77cf1635480d446be069fe5176bbadb91144bdc1b13508553a366423c9
7237cd816a057adb3af68dcd965028a1f92fdff9938b6666443e29b4ecba2520
b15d2e4ea47d2d083762866218d4c8f5796bc6aa0cb3b94f109f3f482e184688
a1f23467d08ebdd875c686264b12517685bc37a5b1f60fff2168c1ac1911a5e6
a2cad3ad8567e6c7511dbe5d5b1a8d0ae917c8daab404ae870bbb3f894d0956f
d1b0df0439144b5a6619e00045602e6b25a97784626ee3f348f59d2d87b4a6c5
7c6adec9ab65f6ad2bfed4293447b7b43fe966c3babd5eef0dd0ac62a57e2da1
2ec75dd4f5cebc48fd7c6c8ddc40149abaf8acc2dc32b8eb859738d2890fd612
ddf41169cd6000a20fe61ba08cbae2f022ace2945b77938fd4bf4d67ca125c38
8270ec3e35ae29b7984bfb4ca5804210e3a9d5db16076ba6cfd1d58632fb0d69
94eff06492527047193f5be1e46ce784249fbb3890bb69b544f4febe231db716
c7e69a3e07ca039f4631b2dca3026c6458028d3ed0826017441c0865fc39d385
c231b53492acb29dab383c518445ad78eae147a2af8d9b30f2c24eb980d958d6
f93bf48f3fb2887e4779cef5cfefa43648e8b49c91003212a24ce7efd6fcdec0
41572a0b3e18788639a43c293e77e265a373f1893aabc029a6047714787f3ca3
bd97b3740d494bc9b715216e4f07823a433b2d0b8357364ad1c17250ac2ed0ef
28e930c1f3247d8a90de03ba475b7291a191a3c979b99e0e3688aba372a25d17
83bafb3b686d269e98baf6990903a2aa2d31d33f2d75dbf25519342fc04a2399
5d8e89578e033ac56e7a1d484695fd78d8f4aeb6bfaf39393825aabf64c37e98
02d5b5f2399647b263c22779024f253e97f479256316c79f4f33f7f8fa46e92e
50a1c54e12820e6c80f412eeef7b1dca979486aeafd13d59360d06e7e55f37d6
cce3f5d4397609c53940ab9f9e77e12517cdf55960117bf6df1a40cd33e8cdcb
c68a0af45b3463e932e754d7024bb66d913b0ae7bd6c45b9db2d4242a3d72c37
1728bf71b1bdb72f9860544a8d74146f360fa43c9797ae2c49c1984b3b4d3942
e1c48f193bd86f80378a9d78685a715a4e60b767ed29b7774fa7fee7383a6941
d2d8e661824d541da307492c3503b49217da6e9c05136630ab99935b1d4fc11f
ae4f64e7a0af2883b7d3002f709b3033c1f448e313e8a1427874d47d934609b5
247ed486516186bcf1f038fd09ffaff8b793f7a0f7cd298c7a6235b18e82087a
845628fbd11022e37ad53a73311686d16090e0b0134cec2c4b98e57b3c365f63
70cda48fd2b95d16f931d31dd554eed7aa435dc07981218e57c147ef8d8eeaee
6d7e8ff6080370106637d3eb1c53deeb2278977188bb9923fd32bfe17dee7bff
bf34b5dddc939178f47b4c463087f53857d69c89b61ed9db1c7e8c6099d07077
dd22c7e442038638dce41e791cb057acd11b2b09d19871df9c867f8226b3aedb
117797c80f5eccb5d735dfa51767a258fad6c271574b833dece36c32f7a6cbfd
6ade6cb68d7b622094a54ca1936a0f5fe83c26a534e9ebcf297acc18433e0b59
e147eab17d048822a2873b74418dcf425a2b611ca8683935b1ad82407ec3f6cd
2560adcc00d3c2dfda4fa3e68d4f5025483c18e63748bea719b4995c566a7f2e
1326b7c0ab032919d2b40a6ddbb2f3eda5d8ced06564606fc5ed8e3bce83dae0
e7ccf58977a9c3ead5c5a282b8e0442c936ba49c448ae01768f2a26cb391cce2
a1af69232fb2c409a995a22edd9e840d8ab476ab1fc094721cee670c646b1487
4067115940d84c266b761ab7bba95214736ee9a2b785e1af9c53069036ec4435
5914c91157f1d49b9e89b8d3779ec2ec91b7826aab45b5a08e003f073d2b0be1
540abdbe4e4e70e5196cfde2d4de3b993236a7303c75042236039e29dd1a4942
32ebd7bc6ebd1453db7a51df45ff8bd3e6509b800a3a7d1de3e8c01c901461af
40ba16bdd1212d7685909414c73975f5834bc9afdd390e47f515c80bdba8ee0a
acaa968584a25ab5abbe24c192d8c2e3be5d42197a65d7a872ed0ee11d909eb1
e46b663bd54f3bf0573be14177aad73d009669ce29e6299997627181635ab09d
737684e8359ed9c63199751b60f9af78a83d34ad387d055f0a0c38be5a64111d
944995b670ef8e5a3c3557995b7cfe8d1f67091eb585c1307e8df2252291aa56
604e287fa9356469703a5eef8e4eb8cd0c868959365afebca307355efa549bff
ffb29bb6ef26d4addad116bdecd341fb13110b1db0d3240d5a29c27c78631d7e
9b1199fd2d6a9192177a4a36f62e942928a082c06214f365b3fec0c8d47bf609
f2e5f9213a8408890213481ec450a1b2c2674e249a6474adfb3406013c39960d
71bc65326496da5b055919583f6c0b01926ca8fb1949cba9f403f8e2a795bbb4
9cc68afaf482068f88fb8c7e82970f63d7ecf1f8709e28014de4a2d4c74f2555
d421ca40a0f4c54c37ff63ddb3a27cb8ce8678ac3241c1d14374c0aeacfa432d
d932aa1820c41a986dc3857a76fadef6423c3bb09194fb1541b8314bb104a46f
c9752b5eb3f8a6b57a986581d8961791da4a4122a43f016853118c02a567329b
2596b2adff1cd62891e21cd0ef27847b72cf6738959a703852277099be35105e
da7401932d29c20148b9e87a21062809757441f473d12425766ed0e55484acbe
9c59f7150d9b120f45c8abfdc8bae438502b67ab14b47b2e982163d8d10e25fe
4befaa094dc869e22f3211bf420a24e6eaf010ab003db1ddd3ae5d5ea705cbdd
daa923cd71dc69200cd5cfdde9a306dc63e46045e89f3a93337de083f362febd
c28ac4399ae5257d54d1730223085259d8e9e2895ada01aabd7ccc8b6759ffa4
e78522a72c32c7be41a0b41896003bb9370b21dabb761f54dc9a6e1609c58304
acb32b0b8d1a5bc60432d9397869e2f4a41603343c44b877eda8313113dcef9a
55fbb8d3d2bfeb59e2d6cecda08af797ec32a54e2bc7c20a08188a299425f561
d6a0fc7dcce240c457171e1dade4c99c461174e199e4d402f23d8d741594a7cd
910cca3a117bcbbce7d73b57d116d4b4d0d141bb4fa857f1dabe14b58e36e6c3
55e3fae9060ec1e33971ff627ab1bbaeb2eff90346ccdf526f66901cb3317798
09ca594359937f6d6c99a5f055dafbc6bc88d468c2ec54e80bd193ecf2523070
70879f8d37652274401618d97f628750a38c098a84c518a301e375c633ee3532
befa75d098b17e7fba4658dac4fb4b381b1ab441f128548d9569c4cf89cf48c7
f985913d54090149c598888d5e7aa72b46ed220b61f15722f66402e63f19171d
6af4e87acf53a41a3c3b41449ce242612d68a7b79ac6acdca2a3fc2d338b918b
212caafc7327cf525f43c2c6e44c80b4da26038ccc7e499bae3ceaf55bbe3da2
1490c5ff1c71ac8b79b2bb2b39bae1a51db06405579bcdb110dcbe9fae6343c8
6186c451cb95bc9219e4b16dff0802053b3e624be5bc35be9b5484175302f8cc
d0e39844d22ba0e0eff59b6ca23cf4ff695de0770d40fa304e599328a8754508
ad324f4b74568764203bc8d0b7af8092e06de3fb3a1b224ada0c169822cb5c26
64f664b46df42d7c314675c48186f978ab7502adfc0543df80cdd45cec0e4aec
3471e308d6311e813e60bae01f66f93a15ec4e0138b503923c2b5bf428657751
d6f38ee7f1ceb55607d90b628f0406bcc869532b38289c4d7b29f107d8f4ba09
c02db700f1a18740560decf37d5465ef2b225c0b78c1e7b975f2070af3d7e25d
f2363e0332c6fc4e1167820116e4c3ce8306ceeb95f1d8c3700120c332a1b6de
f7cab009644eab82411abeb720061d1172c4024d887a99506c4354b729054795
837c4d51fee79116294b6c4f4865e7f3e98b63a96e86feb79ba0fab5b744cfa5
b4c16cb6460a31c281a9badde5c1becf34ddf8cffb2211f37f1e65ef830d54af
c74986076313b5db186f20c070ea5de089b1b9e8060035f34c28b94a868b07b0
3cce18db957e0d3be9e65fd2140718e07a262ec4dc3e2769f3bab479fe2a5a7e
5c767df4b5bea29e3d22e9d881377fd64c814f51d7223f7d4bcb9aaa0fa67f85
3131d7f2f491978efae24c34f57ffa2f33409093c3e66c48e74a39aa0a8f2f4b
06cfc1ee06a4f6157c8c4d8cb2aaf0d9eaf904ba01fc984cf17044b93b669775
8b4d16646e7b18952ed6e5139bf2468d1d13a4518bbfbbce8de2bb1c4d4e6e2e
e280bbab880a97a4ac7e23a21bddc8870ed48fbb60396f5ec8e1f4062d071397
990515805f959f77a55fece2d8d06c4b5c83d665d9084e8c15dfc30633a8b46b
cbd2b9f1fd5941abf52a8431e211e0709dc57d6f9331d9879586fc630ae3e1ad
bbc6bcc625c5b68db2b22091b4d46ffb0c5d0924ec28f866b1020f29ea15b41c
235d3da819b9425e59165cf404882af1c86e7cdff65e7b3c066ddeb6315acbc5
e15973bd965573d4eb23af0447a57895d5c94d219c36363abbb01f879f9a5b3f
7f288abead2b95be42d77f64d715ca197a15f6bdafe38929f81fc079d84c3d5b
43a3515ef79ae6bb04271e12388e2cdd6b91cbaec8fbdc91ff8455cbeaccb64e
247d976bed4757dc09bbe9b3038e39220d5c66d9f08e6725045a5ee5a781bfdc
ddb834129e25c0fcfc5b0368e8d57bbdec1812869065abbb3a0473a71ba6a2d8
e59d7157cd06196ecd8ee8aa37dff7e4b000e45a6f23c7550c38579fa77c8393
4023a32fca9d868d61d7c6fa25ad803cc6a090a4f5e9b2939cf47845037227ee
8a9e98588593121d8bb047fa7711af6e66fa17115b62d6290841f9c7387ecea7
7856eb62ae218941d59766b65ed30e15894e0b010d66e97a44fe00888fd3f8bf
7f78da114bbbccbfdee129a9b374c8cb9eec5d9444b3d998a60f799855c539e8
8db2c9cf4825364339735e7d694f925136ac95234c867496535e21e16e29b1e7
c11bf7bced8a5c53187bc8d89c61598abd4b148e74a267009e0e0e6126e0053e
17ebf0637bfe9f74b734e4b780f840354058d5159f9a66ddcd71a1ca87523d3b
fbbf72f5f48fa6c40fd107aacaee709129ba94a1b5f14d375e2fd3508d6d5092
9fdd932eaa808ca71522a17c0bca176ea928977f2a9235390f43971461e91b15
e9c194593d65e3163b9e552eb8b69886a9df2e8454ea94281775dc0f7f1b11a2
dc46252d8012f58134545fc2cbd22e7ae27974e80e60d9c5ef7b991d9739a64b
60241da8c1e590f757a2abbe3f17aba57d9d1f2a7cf99850c6ba130c0a56de4a
b3eb7a219f2f566a4f8499d1b0d44c9ac0220d2ff190bbba3da3bec0bc6d63b5
dd0bf1cdfb867f3c88374b5c9968d9942e16fd6a471efcda6d87093c2518e47d
8137e8f1bd819b3aa063a4df4e0550cd4f8d480b117847f078b5e085168f7484
f0b0b29f61f0caa2792b998acfbcfe386aaa894d145c05d0449479e0bda2b3db
009ee7e6d46981c816e54fe00c2fbefd3fc70bc7c6a7d1170ea2366cbc313b0c
b320c7a015dd4c26e626942faf280ecb33c9d7465b5a408f5042cd42ac8db1d7
5c8ffc3f99b9bf1e278a5dcecaf8d2187d30991bc7bf7d45e3d916a74b4d042b
aa41d78b46a93d2df3cead34b5a1db7d991f0e064c2e3291ac5ed817f2cdca5f
fb966e922b6fc58949b5eec614e24455d82430b02785d7f8d4ab51c7a7f0f82e
a9e8dbb505597717437624ba49c881d20f478caa41f560ed4f85fda2522cc722
8c0db5fe85e9ca3712a43110f479a913cf51b97efea7d989fde3ab7eafe56c5e
d855fb230d6a9aca51e9a24246d0275eba245aa26216a785a48ab2e5d536009c
1c418fd704cb80acaca6480397da243dd64a33bf13f0cffcb4ca0c11ee0c0b91
a753831528f2b226d37d420cbc3d8517f35c105f0c66885dd295009a29b83a2c
ddd6b8100e2f90ad4f2f60051b53cbded9564cf5aba595c51d92a0eda2ea1f95
6bac3187cf7d52a81a9c9664bd43bd49895f172ebfb9c000891ceb442ec12451
79cc2a37c3d72129e6d21984f082913d97290b40e5f1d5fdf20eec731aab8afd
fb1c5fad1abc7f7df6a0c421a51ed54681b379776c7a18b698df9e6ab6758e90
524d340a9a85c499099f9e691bb475ad48a253cbce229c8b8000b7dee53ed9bb
e175c1894275eb90ef0584c941b4e39f5dd3111dade55367f12a0b560449f866
2340d78688d10924e9f35e6737ba5459f7bfb84ebcaf0ecb26a3097df7282c6e
a206b27560becca2721c9550c3d860314cba5caf6ef6056a62780a55635abf0f
779e70ea4ee3a37e900c659c030a07a2923c3ab2158e78cf788f79ae96a729e5
84aca52f675745171821a51b2e69b8f010a34e501ae8c89a5246325b28f8309d
9d4cd595d77e1a5cf5d24ebbf9373847736a6744b4a4cf400ffaf7749a5a4354
5c44599897195c1718a5d4e274edc3807e4a08ce229fba6dc98b4c35d105fe28
a6ba1e820e10b1abb06b2724fbe1a7ebc50f46f48069caa6ada72e161bd8b034
852609f795bed2ad40c02b39b4c2ba8c5d809fc5af8b30038f725ec3e161a72e
e14c7c8a6d1bc8e827cae1b20e28f56da324179ea4a152bc1d2a2fe1b2d2a5a5
db200e8fc14fbd832140c84593d0568a8be0d151f038c19c2d4477eae30f220e
75c6caf9d3be1f71f818b7d4d4f5ea78e7e16f731ecf60c0497a45743bcdc37a
fcfbbe672bd0c6b901223c306047cc7d083da4a3962acb96b0e1c6eec5a8eea1
4c94546bf269e4f3d49bd6cc2beb4969b848c9be2b660670bbee60b04b56b16c
62f39bf26ce96335312a8f4925fd0edd594c181a3ce62cbb19d3b7fcea3762c4
0729b4edbe4bef337a293992b926aafb5ee2ed0bd0ef01eaa282cf46f6aa4063
24664838a4e7d41c0766121d4a73cb49ad5439a7d0f30f131703b9049f201817
b8ca8468bb9faf79cfebed301cc2f9427d436bf7421d4343a493372328a7d0b7
6c2458df23e6bdbf7a8544f88bdbf4a0ba39149cd648639e133aa406b79047e5
9c13b56954d8be8d31fb773be23a929180ec28d66401fd345cd6e7821a1f21ea
da66d93f8c9b3581978b3563a1ab63f3c67e5a3a10dae1580ec0b82aa5131bf4
aef90d086381d2f36fc16be24eddbbac9cfab95800d5c0e902562e1ff150d2d6
9a97d9dba247cb1cd6b8f83f78eedf82bef01adf63589d58293a35416c4c8b41
1949943d74b0e09b1e494c5496e8a9c7308b59f2410abcc7e759bb734b45f7b9
d4d35eecaa5f6264e0f1217780b96503855a6d1ed7cdd6954f4572c5767b2788
d0285c96d374dccb9273b8c25896e3b1145e64d2a8bdc8720f0ad853173c6d1c
48d91b15d71bdd7fda3fd9ff939e442b862312ddbee44697d037a244f4d71f9b
3cd3bbe1932d66bc21fcc9ba7a3f4de2ef04c4a448e2ebf421a5b133d2a5807a
f7567ab44b3a5d8c3c76a763f5e8b5aebdb41fc1961a5dc7aa30b91d0d2faba5
a548e5f34fce5a58a83115a922aa2a0037e1bb2a9ab94e81e165eaede456f338
1fdddcbaed185b54f21cdf9a92a597dd2b920affdcede19a865fd7f65c290f9c
93f5bc1177c098c4f82fc7fb907b79ed18f1276605241fedad65dca751198a7f
616622cae20144b64fd81ccd3fc41ca649fbac788e6127e11a9630ad45b31485
285c0a60cfb65d58032b0070222604017477c0bb03884a707e490ceac504ac58
dc89fd6763ee6ab2377a68615878b993af6e9e3ba17f303b3c321c257d87356f
b9134801267e658da825bdea1f823a3465e91ff8cd49ceafc69992950eb5209b
6703e692aa7423c021f2749f3739c7987ff5746f6ee75640b914a576b613dfdb
af267f2f56ef36ee3e285823077acb81eea63e767612f23f96efdf610340f494
540a61c8c95b7694e853347c03c75d59369485ca0c9656d2626f0c8d9cf697c3
4af79f185eb689376c60f95ed583cc35bfb824dc2c04c5264587118f362caf6b
692546eb17a5ff7b2f4553376bcbe63984afd8e6ee931fb5915a61e053b32e41
d73dd1ee45bb40320fd95ed9353b2bd03e7840e70d26b47109293b7dc5b195f4
c0e9c7ee6517db71fb8680cacc0e777b9e7f017885043ceb1b42f6caeef8ff9f
fc0d966c785c435bfbeb88ea1d3ccf1f98a5c9bb9c438a64e750834f63c25eef
f3fc297e522409387e06c04077fcb88ac5a473fd8b2fe9587e4a383d6cc461ca
42e1c7827d45f5632da6ae0c70445237270220439cb0b64c7089f8d647a100d3
5b3986cc38bd2de7086788b995cc50cd1e2dc8556fdbfb134a39af1078c2b7db
4079d16998447ceb632c6fd9ae4c1bf08e6a67002d79b2b21f6c60fed0131528
2241878fb98c2e025f084824c4ac707e43e72d17655dd310582ec355ed734186
765b43d864bb1689fc89dcf5b46aca11cbc45bbb85c4e7a4a1b32d1ff56f3858
e56d47ea486018cd74053a551f127976a84997eb91d667086c2f3290bc63faf9
08e8c30b536bd95ae9f53accce50d8a2f2b7caa3ba256a5d414702b6c125c95c
55e56e4a7335c20f39065915da8bd1ce56dec20f359d5671a849fb9a9f67e318
cd3dfea4b793daa251daf74a981068948f9b3924dd841ae56c42157118914c5a
17f8a1635f62518805d0589e462b7060e94574bef72e29f65f195b13c8dc6ef5
0f00004cc05475d858165c8eab0cfba0d008691c782952b95bd0c7cd1cdedda8
af57bd4d9efcb731add169d3040e3215a32f5de9e77ce12134ff36feaa44125c
e811bc38d8f591cda67aaf56f80386433a3e58223cd222a394cff1a0064248f6
3a1841caf06d942333496d9023ba72026680f249a85b0d688b440b3feda79e20
334028e3ad3467ac48ba91cbdfe240a44ee8c3c3a5bffd317a67732f6c109d9b
c98392206f8ad136bf241b0d010e07915474be2038fa8dd21f0b690766ea8932
fdda48e90ff5cebd609c3d4fb4775ac4934d02908c2f763be0b11fdc743c3d9b
501b7e8bd306a0b88c17198f347989eb8d53e3dc677b33aa47e388e8dc222188
9eb1e5c64fd5a8c58e39774e75f0056f17542e895fa1f347ae5dc6a6f95b0b65
aba8d4e808da3da02840542408a6865f205f8be30d1a48c6ef9ad1f0f01dbb70
4a963c32d826f0344e194a7c07d89a3020d4ae3bc7a6983ae50a9c9bf841ba00
f92db2f762051bed2c1c1593d87ce9d78538476e75b10f67a9dfd5a086e5dc8c
3b98fbf282b84aa25b97e708d9f2e944df0185df8a291aeb9a92208619cf155f
6400f5d993e080154bd8f65aef8b6d7a61b1d7391f9dc6729894ee8f416157f1
6995bfaf8169ff4e4d91d3449d4562acb796a4db41b2eebeadffd49b0d308a91
a16adf45cd6e8fed2d11be619dae8c4459e1f7f03ec799f0caf981784d6f2ed2
021fb52caceab0f348d45d5d4023ea1cb39f1a5b695958a71711d2bba9d154d4
1951dcebecba856966efae6e98e25a9d5785654be79b8caa30706a3e0010900c
03700b387e66d7bb6a8b3d6c386f096bcea81eb2fa4c6f4155dfa48ccb2c4f0c
16bfb53c86b3607f1bf982b18b501197f33cb323b71bdddc221b14a7f1470a41
6a7f1e4d269a35986836b2394e33d54d6c63189d8020d1f7979bc8515d71699c
52f66af8c677d690a5541c6f87a910a0e0aaa26b2f320d52a4a1d72e7c893915
ed5ed2cd5ffe870a7f3a21294a48511a15e4013d9ebcebcba75905d20c817fd5
e43919af0eeb788085090fd80079dca3f4e37e9309d4fe3d2a939260e5713d6e
0bb7f2d09f0ea5c402a7e5926bf78715731ea2a42398399caceae8a181cb0b0b
89fb78c5180d0716f3a85dd42b4898a17dc9aacdac1dede006d88b864a602a31
e89d3433be3cc5bcf5b9f886f12f3a684dbf0345011553929fa659036548ea44
490d5a2021b54101ee67b576f93f3593c214df51bf2c07adcc4a561b0bfc34e3
029cc5195e5f0a6fbde55c846556c14b3473f364157d771a364bbaa097a956cd
bbd2bcc17c87c57a1a901e7a95189a2ab4e16fbb020b3bc56f87e6fcc6196eb5
72b027ef3645f6b8a965924159cba8d04b0eabaf003eba214c64ed91b606e2b1
759ce61dcba5d33bfbb2727260036f19009ac1c5f495a0fb12191d24708e215a
d4daff93374513ede0223acb58b208a0a15d1e0d91468359dcbb7053c960c74d
f7699e4bf208dad5ccc12b55be024cf628bcbf0c19954fb0bf9cc8ec20ff6382
78fdfa84931ca1e4ee87445eeed324ae9ea077af2278a046dd5e143427a57860
064e1701202f95460a7571a5207ecdd686d07c73fc52398d95cc94954c447e60
dcb01fb5acf848d9c02d4d85c216fb7bab7cb496d55be9111368e91df728701a
fcba7ffcf67cdb613aa5c331981f164a37cf5e2b6c2a234d3f16892f10d97dc5
4f903016189c0ed0bdcae225f22083ccf96bcec5c9dc0a7b4a81676864a1ee4f
79108b80cf4b873f866822ddc8fae2b2b537eb82a44f622167d2751844e1bebf
8b2e82110e8d3cb051feb21d47d2c41b70d8a7e817932d0539e273fde72cb104
694e4894c6ccf96fd520a061f80137e73bb9a555a6d9c4aedd2122c3ff411797
cecb608e85266997b6d5823ca31b0a62af50b0f6a574b2a3cd5bf114aa49656c
5fac1c9d345bc548d8d3777ec26933640d450eeeaa501152490fd296c571e651
c5e938c7becf167e8b0963ac863b5a8abd9cffcff668246e6b710082e65404d7
962f197811454d8c721cbec189883409b945f3e85b6b8a17c0beb9d2ce1d4a90
e0fe6406ba4f4172cba6945852e57c7e86ef9fd22df588b09edfb603b5d73ba5
2b17e056bd7a61173bf0a54078a3686666c4b5c30b27a46feb9258baea5bdf8e
9092ae8698ab9008d292a104467c293bb886ee28e39c6518b010831ef47880c8
560773f711341ed3f28cc6390d3c5078ff842d93d843dd6c498b2f532493a0b4
ace1e6b0efad6596cdd7fa7923b8cf88a736a104c40105e5f4fec12cb28a0e89
3dfa0c6a1212ac5eb72fe68e78726e49299b55c991aafc59c847d14e6ec0689c
30730e25f6848a5ba1336078b02debde09579176a11cd00369f60be2cc40efad
ac638676c7d024a4c9ea3a165a41aee6f702b282483ca29298004cd63a60f1ca
b97ec24204088ddee1b5b061d18c4a2a5b8f62ce2120ca08c506a0d6948bd4ad
9aade9a814c92b279aea2a3f04274d9a2eeabe941714ab8533894b51d2329083
65825bfaa350882c58ad876db92e860aca090804114176bdd473befdbc585347
5490a7c2ddf84c5143c4ca5f3a74371045c939077807746b4f69736f5ce8d797
56888d42521f472e5736b25e2e672eba05b775082e26add27a02e8bf016bb130
33f2602262fabe3bb26ddfcda7b1e0f4587d9a78adbc243a57924114c8e1b6ed
6ac93451c22e688f6a911d6bd839390ed64b219d6bf6277f08f97e49b2a6ff16
7fa4898503a88a042c1218fb6d18024950f5da670109d0948e1f6c7400ca908f
5b6826fadd6069c87ae86bbb3d09cc1cef8bc2331b15e5bdd4a7894b354b7645
8430a8ba8053d13407ffb82abee901b834cf1449277a22fd7380f160cfe786e1
1614d3aeaacbf9d0dab1a5c0e29f80ee641ac8f8eab46c761203cccb9378cd6b
bd5f8afb6a3c447f45d5afc15faaaedf2ab6333d6fa9a26313c278fab1a9026a
fa702618e4d6fd587bbc93efe5801a17e4d51afe31ee58241a7878f17851525b
79dd096b9f3822fd5ac6647d225f9e4016e4f93b93010b9dda2d3ccb07a9d2a9
9e8490a59586fbce0b42fa89198a85f7e82a1c923d5d6e6e761f8b1fa35629f2
b5270ef9bb77a70a4d9f7e8dd4ee14bf16ed86bce32916f4fc1fa94657f8a89e
6e87a8f15998677db646b0d9eb6f974d0c305f4a3863fc583b007b760927cf04
601175858a1916f1c2c9e26b8e2f84bd47556265d33bbaf882ecefa8bafba104
843a70e236fb6f14f6f26c29b6b8c8bbea6b2adafc748274bbfe730fd1bcb376
87e691da6c5f22ddb7f94bb007d43f13d4fb3c45eb681d94a2ee6b5a7c590d7a
57d1a8431e1266e6e78fa5947f54943ba5810ba3b2f67cba177c9f7461e8835f
5062321db547136166da9e18d517d2575c9688ba20df60fa5adf9eef30ef421d
1351bb44fee2013d1cebda90fe83f8517b8058d69668fe323056e6a44d4608c7
83fef0c3ade19fa4785ec925ed8a51fa2628c63d2899ba39686fa2aca8538e20
06e169143ee7589d8ed1edf0627b371cf41a76b4dfc1326c852ea77f2b490ee5
7d136fe36cb5a0b055014f8e4f7281b1855b326d4cee9d0e95fac2830a5b1bdc
bb4251016c4e88b0c53c2ca05cfd1e719d9d2eedb1a3bbc73902a5a1c4c1d963
7985c7f1729ed05be6b6a1e885384737ad373d26c27b01c4b2b57d54d4094f19
3bc4cc5a4bb3029198ae72b749c8825308530b08b2291882001ca125e3301188
ea4b3aff3e4bb5b32be7bb544714d449a3e4e4355a2fb277f0595895b9b466a9
73d7f6688da195284f536c25f6f0db2f7c2fad07a80afe3bd48b7370b44ee1f2
2aafd5080d3a424871c9d5adba53da34ab51f38e2e67c7bc0effc5e16a272fc1
f14dc587f7fa07ee09a7188d80fef22bc4b80e2428fe3a61903d53f9b1077413
aaa65b9f12d3c5e1363cb94853cd05eafdd02d798101b121a07c7bc4ffb79156
06af31937de1a58f81909b0b04e7efc6566b77b4a6fb896bdfc6ad1ed021483c
a4aff127db80d6dd0793b1822db007b35c424fe5020c88510f0f2d5d737f2165
ffcf556fb4840415210cde49ac69195bd699444dde086cacbfb0336c877a576e
c2901ff91980e57d18dcb001bd93e17c6c3772ef40201c4a73508f6c004692cd
a89d3ffe2de489712f7d1585b937ab533b44d319c43d1d23c6931e4b2cc7fd17
eddea1ecc526db2574302b2425738db3a4986f4bca4616bff0e37003146f0378
dd9a1aa865795c1f23107442a05480660f33c92374b07d856bca9081416b30ad
2b3fbe3f8f53f2e9f3ff657bd7958b392d06c748c0ca05ea7a30446555207514
609fb944e076b94c5d3b048c977d5059577afcf51a0245c6c478efe3f9c5b8c8
24825107c8889aa2929a48a10031194266cbe5472d067ac27e376a9a2f8c523f
3b55c0cc4e2cb4c7cbffcdce03c66de1541e24d1c80c9186ac72bfc900c2fa6d
a5484bdb03072671a1dc2508ac37126b7543dd64246dc113993966ed838b6f88
698ff43c7e6c926df75830dfc167cdf86dd6e3ae20db3916ad1d1285d3f33946
4fdeb0c3a857e7cfd05f1e11759e4869a76119788a6e0fb154b3cc9a1d63cb28
50f2aadd06040fdef084ec2a2f6585370889955653d2cf166cbd4d37e57272e1
85fc98e6bb9c5ce00c0348f8c196b796b5e61a75511dd7850a4b4a10f3d183ca
1179c94e5a1df883a5add9c9e72ae36e55c770c1a5e80baf881374087a538d96
265de77cae5a363124d5cea0677c9d160fcf8393389a7a03c88f84c3bd60069d
565b94008aa2ef2ab511f329a1bf84122597bd6875dc1676342ee7638dffe264
3adff40331cb839d877340f3d728dc0d065a0fd3f4304175d50bf4a0bae9ed2e
1157103613cd262ee4fd41a0404567fbc898bcfa0783dc1ee9571c697b70c39f
4db3a4c505d75190e19d9b51df917b37e28f49586323f58ce8cca90923a48ec1
6e8888503c0b55ab6897fb4771b93e55b13f91a766cd0f33163f43329c5a6312
244adb7b4663309169aaeb03c6dc3994208ccc23c1443e66f081cd208cb503a1
12b2e3933f351919f0fd16a95b2b862a12bdfee4200b20fd07e413bee461466b
5a1345d6761ed3d4913ea8f0d13d674a22460f13edf799c358afbe5b33c25ed7
83d7e720c0f32979c57a262874d23f227f519143e485599329f1cc9071ddefb5
e84e3b7e67704d83a1ca8c3e055baacc4774585e08f8c3a09293cb2185715318
f329a7ae1053df92fd3ca7aa5f446e044fcd6fbddf5803f37aaee6a6a0c0a901
0f30820a02b1aa5a0b065110eb86ecc30d21b2d9c624c1f47d1e39602cca1c85
8c370bc4280575a2ead656abc6740f818eab4a8fae8dfba1cb794f6e95df0f04
8f07640d9534f6db6f8c4ec0984d447de97cd6d72441c06a9b933dac6587c77e
966debbb5af16250ab6816543f44d62302034400e50bbd22f55ae4fac243acb3
a549db57a3c599068faeb6a0499a077d8413141161ab7478e574d65ad0e8cc49
47ae5f6130567814972c1f56ec64240a9183dc82175253082a240037af9ad186
c79536987e4cdc2fa7fe4fe43f97ae452b78598ae1b90e4de52a694fc63bb8fe
98d34512b6568e91718ab2c690aefb1a383064fbbd1d50ec2b9315e7a8d4bca7
4c1b82a5939ca79c0b1b243f2057f33d89216a58420af61f2481fd58ec16dad6
540d3e47c1b3ad18659ff12e3c75bc7bbbe739f6e11433c5580ed43bbb95c6b2
e7dff528eae46423a5ea97d213d4f863eeeaf710bdf5da71f2e1e0fa3612fa85
0cf68f46760a39b74aef8fcff59be827ac6db5d31374dd00b57fbb17bf5aa856
f55e0b372baaadaaee8fb037cb0196b576dc50bbf11a459ba8a5f3c32cbb190b
b5160cd4e2d679c9b0ed38425a77fe93849ebfd01b7fed96284dd0594fed9d7f
54d1e5fd087c3b044d0f2ed27d5c304d42606fbe8ceb1af460fbc25e4c3bc34b
92279103f38ba29b40d9e9de2d168a3f1aeab4f783f80f41a73a21aff0a0b5b1
30f0cabbfbb7c2c062f2f38e7de132577ec76e7ebc41abb8c4885e7d1ef212ab
f01425f1b94cd40ce57b98071dd1923dd3acc4539ada293090a07f2cb4179438
30b35a8ec0ea94b6e0594f973fd0bd4388e4ddc2299db30a411bdc89d7b26df8
6da0b58f04bafa5cee9d67b764ec50ac2cc3bfeab82d95a523b05639cca635ff
ea0bcdda42509363f470deb4af9ba08d8d913d116bdc738ea8c8c4d11b4b9931
a58d9588f03a5824b22e50222e8eb30f57c87ababbd6885c4d5c4db61275ea14
4915fee035d4eabef1ae7454edbc5625747f888d42540665b1688c100d6ee087
d4f4b954dd756f234f2b093a15f232b463326a14243c8b58cdc04f2c0441e063
6daa6650fb50fddb718fccbd920bb210f37275044c767c7ab8b14671828124ab
fe4b554381615b63388395685d13701275963c838a314712813d4984c69ac920
67d486f25b13a3baa3035a0cd76fa460f576c54557bb36f8f08c6d1a7a2e69f0
ec951ab8daf85772c8da9499eed6f2cf7e60fc2a7b43d052fbbfba2e128c0e05
4eb3b8b8a0533f3483e069de073d4c54837c7817130c1faf1f85c47f6e94a7d5
940ffdcd6a692662da0bd7222e7d25b172e506216ce1fb8ea78d43c5e6a8e802
08a56476afb1fbb88a882e66c4e12118dd720d4248ec4017d0d5e7a35a1bce89
a9e34df84790e68443878ae3f1e003414131b77225d01e2041143bcd4f13add9
37ff69777757b5bd46693f38484ee16f352bdc9ad9a2b9968ab81b5bb17682d5
13da70c114c33f75ed2aa1f7871e2ae4e36f4edf00404badbc426d82d3d6a821
df303e2540cfac9bf06f800a438ff6b1606695ece9d1d8d294015a229377b04b
9b6677bba013047294784df8584cb343a537e6a2ea825035a86e1566889e9810
ec846691f9d9d10690384a7992b0c0ab2c5e566b78450b9fd3f325f51b31846e
72da43a59a7a7140302ef8fac3f2fa0575313106604ccb0b42718e647a83c272
69338caf732d1a636888fac0cc8eb63afff0f5d4398e0b9ff9d69e4211c3394c
9e933171a7f2968eeb9d27afa57032d7b74a6a83afb965400e37296faa7f4684
3d252c5a97b627916313b365d296f060209d1908ff718bcc810bf52f1fde9723
40bb18b1449afc6f0a9dae657d694b85b1846e1a378aa6d9ec1adc857d493519
6c67150a4068af2b82876ce1bb2a4524eb9d56be9d6ee3069ac4fc6974484f8e
b99f1e288f528f25af939e36a153292b0b4f884f34b939251f7907aabcd04b1f
2e51cf69b9665e4dd6a993a941ad613977f9a8a29b3cdbac7ba5d71bc48d8c3f
6e6e1e217536f7bfbe8ca5981d48ecd95fd631ae2ea8a4b229220efc9947fec9
9a36c31e79882c1c95bf69ab7ba6cf7eea78ecccfa9636f74d2a5d1f4b3db4a6
0daa438144dce164ea9abd7cdf951babaeaead192e13c617bf0ea3161d3c229c
aa0a03c51c90ea2f2999e7f771aa3e4b4e8ea07fe557d923c7d2a78c433a77f1
bbd23199d5601c32a1ec139bf1c26f1a1811cdb7af481bc3328d213928146e89
cae194d06b6943157c4e4321c54c1e140b8e4040ede2cc0dcc2e94259e3416b3
f9676f0c4add7ba7f627faf9ad16800a471e5be00c239d8b59cb80bd2eca375a
a1ac08df3fbe6ad41eba5f532ccfe8d4994e7222849e1fc85b0a039a8565cd3a
768f0b4cca7798f0fbb7072a2a105a86cb465032896a7151e7a06c2a96ce75d0
5045bedb6db2d6177dfcc42addfdb3cd0e2ede5618394c60838983ee8f3256ff
f2a98f6b81ee8f476f2c76950f73b2fecc305284194a74406c2a5826e63cb4da
d3d01241e7a3e69e08304af1be8bdc56cfcb62ba5c51cc456e1fe7ec56fc711d
73c143e2f7d37e1d83e7195f93707f910f91ed28d924e2ad385f4a949197dc35
42c5dfdf2fbd510dbbb0be70568e6bb599e36a255ec922f74ff8282ac690ecf0
a0491e6c4691489e0f80573c86c9caea2e5d6b865eb7d769bde859c2c66994c0
e947c64556919c93c681eac3444e87129c4250b25d9799fee07312e5fd2669fb
fb3fc352d0c3084f5a866f5f6554eb74685525ef769d24e02e8c3138220c52b6
ab4184a207a91e6749cf7de8e345d327b6f6897866cf101692bd13b367a62155
88ca41b2dc599749bc96c29764c15cd04058f9fd1a1abe33fbd1e6213fa8ca82
2e9829e4c70e1f7db5a30da47aad6be2f14134f4c5bbfa1b2cb33be75ad72ffd
eecf624b4b64623cdbd5d2c763da5ab796fbe6fe60b8f1f861ff965ccb0a564b
981342d1a846dc65e3158acd4641f3f24840c70ecac975ad3d2b699acd7b0291
9ff986cfbe09aa6bdd51ea9009dcd336045763a731d6aa418511867d54efba11
035626e19c15d8569708ef8624bfe502e79b9e3ca0c4a4f9eeb6f3a20eeb72ff
7585afa1a4d75f923e255fb6c65f9ac0d742df4cc351165fdb0797c0dfbaa2b9
1eed57b8b37c8289d7ecb7157d64b2cccf07f8b068c2438f114907adf171fb18
797ed7e4e2d75fd80f3da89afa2bd409ac2a59e267fd019bf5f93aa36c582da7
1df49bc52b20023026d1336d9098287b4ab4eeeb4e9dfd5e9e67f770f075c128
d25bcc5ab8079badcdb13c0184f657bede21a956e1bdf9925949040853080858
7628742137f0403601de9a3c48fde574d1a0c58828eb7fbbaae3c53ac85c9479
b06b60f0a902bdd2f30cdb88f4bdcf0d48a8afc91552f687c0ab188d2176be32
96ef8a010d0600f2e6e602f49d7c62b3d77bafd43c67a41b3683acd18b57fb72
93f5d684b32257c991d58bfbc7cca3940f45fe06c2456a5b6a0e66df50e2c63b
6625ae2a9ac0986a1bfd7c6337003c3381c24540201cdc9e116fc30139688c79
d5a16436d45d03c0a1efd7b4703ed311584534c38f65bb1e30626237a557a5c7
c3e22864b850bb682c38b1188314486cc05ec83801cbb88d49169d6168d2eeee
a8d7dd482aefc4fb533a2822cbce3673f18c5ef50d2a212f177d366a80bf910e
1da4d896ff2e23765bb5c1a96f806263fbc90126233d63b50993e6afa248d1a2
88fb3160821d18046ad499fb85c0be0451a487578f7d99f02ecf7f2fc986060f
92906cf0608ba63a26fda273c9a112f84af70893c6d18a5431fff8306d474078
af4e2c8bc2ba39a8c27117cb2ff325ff7785e657a361265215c8a37da46ad60f
3070e4ef0d1a2d41f49a28b1ff28ec721cce60cfb86db2c33294708842ecc392
5f59b3f7483e0335f4c9bf60282dcf272fdebe6fc3418e50e718b175a20316d0
0bacd15aa77e69c95391e2f97c1063611b2e468c21c88e0fc333520e5f243df0
ac4742c32afb70124466b0f6eadfab5c74e3f3a7c33a4e84b00735b59a48f27b
fe47e6bf67f361c891aec3a182af4fcb6460968454725249a401d4ce7d6596b2
a6d42696d4469e4b9111e01de4ba536349bd90a6c294048297db1e2319d62592
20b792d835c45687e4afe3f50a7ea2a954c2aae014af332073748e3f48bb354f
89690dd328e4aba853f2dc30f3a3491b1f3ba44dd7d91804d5815825aa65fd8a
015f9bc3c4010ac8fd968f3889fc302813cf605e8b4919df8e9ddc1b85c55718
a1992e82f7ae97acb74a6a6f5dc3c13b5a7232689deecc8a78dd159a7b57fa30
b82eda3da6668a412b12952b166674bf0daa26ae1998d51f020bd4316d0c4a7c
7b74cda50f1abfd47586876e6b81fd436e43d7de654390db4d41a4e4bc631bb2
75cb697458b891d6651220f4d44cecc768fdbed858ad20d4885ec37487fdeb15
6d03787c2d7cda50fe59e270e82c8065391a13fc84a405d6676f10bd55287616
1c0654192139a16af5a5ef9deb8864fc96ad10cebb1f92237e48905704a58649
7926ab43b262b63a10306e94c8b20ffe3c2cfd282ff53022bf107993a6b938b2
cdc16dfae775f58c0c6797f37bb1700a8752d7426ff65eec806e1cb3b626ce4b
b29888d17976b7e59cc495b24f43217adfbe01878a3a8548f2bd69f450a97aaf
ed09bdff47c54a24b6b7b6ad5a41da330b48bf9a4c33bea657fe0f7d13678d24
fcc98631d53344d7f1efe18a202e234f327083d5b8df71a25c397d9d4b2a6ec3
2202c2dd9b37b8084cd792a283e27ae6afb3e2dd41de1c0cb607c9e1236c601f
baf273dc8ce0f7453a8b1e11a2c79c61d0db0af3219c2a4ae507b373d679464b
02c17aca2ef9f8997bfede8c1357315bd366bdb64adec8e1f768abd9588db009
06a5650cb874e6cba60b612908544e6205fcf867713e831705b5fcb1e58e991c
8196ec9f0777af2ae9f2ec0f1b24511d44c79a831ea73b1fe1ad7350371bfced
88163729d8b0d207769a5a4c9cb97ae14aaa7c92f14bf72bc91451bd4ad74cd2
d123ec743dfafb54de70124f04484ebe9f12065c47fa7b095891f0995c2f2d91
0b292d22854b56f46e818aa501c1e6dc9698f4a5c4a3b16daccf5b80261b0924
fa3f60c438db25c1d81436eda2dbf9d275b284a094fe416cfff5109b134a2050
b9c3cae664c9c9b58039a42b8cf36ee23587384505c094b99392aa5bb759dbf9
bc60b28635425b4d7efc97b35269b83bd1c46b015f551c6ca977e46ab6c86f15
d9f588b76958f9293de11a6556c62fb416919ca665c41b71fb94e105ecd6219e
51d9798b0a63adb0bbacb6c9473ad8d62458c7c2281b83d4a9db6d39de2adc4a
01d5051810fce11c9183ccb6972d59d3265381f6e3c1609d97be5ffc2b82a6c5
179c99cb552c288dd4ce34b9dcfb4d6d23562c68591ec66a70ab774d5a65b0f2
d69f54f59ce03cf102aee40882ee1aa4f88972dad5dbe2177f574531949c1d25
99b7317acdd47ba54eb8987fe66667b263a7833d7019b78355f671098bca274b
47623fbc74e871e7eaa1484402ea4feaf79457d68bf9a1b17c1f03eb061275e9
4af7afd0bcf8f7738258213379c9baacf5898b681604ad135544954724df0eea
0ef5a0bae1008292fb10e72a8e82fccc428e6f9085db1d4fad6b850ee862787f
8db1084874aa5aa1a1b4bad576702cc7d3bc86115fe04c96a2a70136b8d994cd
2251210d233f020a05e5154aa618d258e969fa5c8c4e9ae926dafc5a2d64c3e1
6bb51284ac453617a25b2a73bbc8c51d9cf4cf8688e712855565dec702759a61
037ffbe040946596aef2cbf7a4d4e52c94fa2d05d546906b2463ff3e87cfb9e5
305e2f7f7ab3b166b71ab27703564275faa999e6d0de808007567b7407a3bc30
49cef00124c53335464c2c50102f638cc07f7a7429673f431b4641664e632a7c
9a5d350a0daf67cd664001ec54d15c5b174bc9e2662373e47f38e26c0f478ced
3fc1ab89a17d64466b65fd00893ae46f56b5c21ad7728af7c2334b3168210716
15c1aee1c98e58e79f81e5305ae28b75d094bd78612f89b38ade36028546b2b2
a8bbee5f5d7dba695957f91260100c9feecdf544a5595c4b86bf13ae2f4be2cd
1066aa8e1c8f0257f02230b00a7a01fd2c6bc8ce9f289b46a88b2f204236aa5a
f661568f2aef4c44450083adb4ee94e15999dc605239d474a8fdc03aef3b7751
e7d34213f6046ff425d22e0f422ca7bc1738ec66df855d2a606de3bec17d73bb
4aa6c5fb1bec49dbcec74c112e6c725ab4a9e2f611be83055d3cc33cf54aece8
6bdfb16c9ff483c7a9be099ebacf6c7055a2b1166e21815d4f1af81e289839af
67aa94ed7dfd95ec78c7413533ac8edbaa73c9eeb7e30e2107e24188fcf58164
35023dec602dadf907ec61483c400aaf5bd24d77463c045d3df76fcd349b7c0c
42e9d08f4519f5ce0f1adb44c83558f0b5ef89a13dd23335d7ab3f2e7385f845
58f1fd559ddf8d9ce3763cdb63964504aa8db903eeb6f67713907735fc3cbb0e
3503e6abfcf12fd75d94a80cc40b85528a89bf0c99cb4a05ddbf222518b7af43
84a47505eeadc06fc5432f8c59bab7a3e00b38a4604d044f48a2d783f183214c
98e0a7527d89923bbb38d41dceda8642053f6fa1ff850857732f2cf8051f5699
54cb6588780f6215ca7821738338ad372e7b51576315281e32b292e9ae01ed63
369c55a0b575cead6acd74de56f4c6777b63a81c122455ef726516ff2eac1fcf
1c160699d01f36d3d53f37792871e9e5fb66a898654b8b7beaaf3b7ce3b1d3a2
567d5f60a5f318ed7c3e570e30c31496577f803a4d075e685f7860bf6c819f52
d3120da38196cfa29e3b4b0951056c9781a456c109e4c0af8b1010b8c5961ccc
e49bc45ae5a3cec7cd98ad3b7507735de3e9d52df27088977ca4b12bac8e787f
f8ecdba2e13a1f7cf79587f05656c1e57726adb0012bd20101c61c4c03f2b664
c03225ce385e1fff5cda82fad863921432601f506ce6b76deb6b97e0940a7445
22977350aa36c45a8c6e0a6312eb186bb85a54448a3384a880066cccf8ae07b3
532b84173a32ea05815078fc9f53c3b2149fed80361972fc994db33ff0f4283d
81d2ccceac3b76d7420aa05a4d13ca20197e99bd399211aba0b9c4c6b78d9157
1f98d105b42a50dc8ec24eff8ee744c1cda879f16f6e92969b76e4f30542f04d
30643bdd3e0a6ac7582a64decc16bc28f7b45d5638c2ec899c1f5d84056f38d1
fa5a1852d6c5925b67e59d057f1f845a464d043c5b884a61948f61c2c6ff2e3e
0f64d3230f1eb6d0e1b0e5a86644bb763a0066a55b55d9633f49f4a25f328612
30174e2ca02881b1a94f32aec416dbad322477e3a81a62138cf120a5e4144d69
548851ad3d2e3cd4b36a1df483db7110a52167da9ee6b437b3a9c7612814e4f4
a6d7ad91fe6d18bd6f84ec974d0c3f0335552b7a6848a97840bb809ee23f73d4
9f40f4c48a9b9c6b63f2ad190a985570a7b37218cecc838787d4052861078efc
b87e158f03c6b4f458edd00342ef11db5b6b285dfe0f2bbb6b06d15d1b785c86
fe00d1abcb9847f620d380067fb8d9d6974a79c5285f401048e2ed2f3c522aa5
559a287d50c746459407515bf82b38b15d0233f092989017b96bc516d6af7eac
63b91ed94f874f9b2a1a972d2d387ab94d40614a1683cfa5c6ee25667010fa10
60920cf49a486aee879394d23f65424129539d9da2227007796bdcaf1e6728d0
282e0e0411bd6a246c34eb53f96accccf9c64744d208ed9722ffd2786fce4ef9
0c611a7c3a736c3475c73bc5c40e08edd1e9b4fdbb78f17969ac3812eb4a2403
50956b9926e492e84f5cc88eab00d8bf8be49178ae5a81f160b304defea4f138
9bb04f4259de80a6b8d31d5b27f92ac9ca0106ec3cbd796acc8f14a9ead26f07
8ec23b8cb7dd7191944a29437cc6a5ba51d26a47f04cdc429920b2fbabab07f6
b62ed55cfaf3050e2a1e2b7d06a5b645ae55fb19d642611bd885a32a9a3fef74
8a0c6d869a7c10723df062c6a0a2c389c2ccfc92b8a8e6276ec612ca4519dff0
eb354baa281504df1becbcf86ea473de42a45fa92716366233e10c72d00b3ab2
4e18f950d4661366179ce62e61542bb473d8971bf14f11ea54159047b18fbb83
a2d89583996dbaf4e0a1dcf2c3b7b5622d6b39d585bcecfe7960b04aa851e98e
2ebb70ceb16b23dbc03731168096e3c0773332e5778fe7da0be3cdbc5f9bb8fa
8aeb0be3b3be7dfbb419eccc524d80b1fe9e9ecf19d24e4a82837b171a08ac34
a3c6190ce2caf1a50423ddd98b5d903e723976fce09faf2d33eb39f4ed484c3b
8d71597f0e4142710c8ae246c73e6d1307d995dac5c22aba71464d63cf71bd01
cbf37c5e30677dd2e27a03ff061b0962de6f6cd5b12a7808014c563bb6590cab
384bc3ea9209f1a2c413966af7d20c36cf8a7d7bfa6529a8f7f8bb5db2891fa7
2d56250e3f3c53abbec3ec556c782fad1d36591ed5e95c2fccacd85dfc19e648
0c0f26651cc5178bc656b4c674c79cf597ee2e5cec7fe9e9ddc7aa3fb0b8c2d9
6c07c212af120208f4623c074e9443b69190dd5c4a3f6d900a292951722e5da1
ae4ad4b9c363379dcd0e5f4fe3b7141dda1df1b6e3024ff591a34213dbbe103a
64a5155fc9ec1cdeb7b7fdb2d4ef55fe5262ba1e620ef607f0d233651672790e
cb61670ed1d4b642d8b09731ced3a049e2ac425bc0b6e848f383ac451ca39e56
6931c89fe695a9d854136260ebcd33f76ad1afad33a7779d3ff054d6a54d1173
eba0bab1b145520911154ef349ed74176d91e9d4cba4b281d0844646aa6e77e4
8a26eb58371695548f312afccf25ffdf72f4c9c9b0bad56835bbf26046a7ea42
06758acbd6652fcfc5ab07473fc28184026c48978103d71927b961870442ad95
c52b94e5ebd482eb8152b15c12ab8a76033874122706a3f316864f1a95c07b00
03f6835c12b4516099cb6e3172f1fd1a85903c5ea597fcae2242864f648679c2
35ca8b525714ddf82a003cc4160fe6f11085e173acf611129c5d22de8443a7c4
6889512411120e05f3026f6b264ce31233573b67c8ab76fdfafd419601b58c6e
a36464131ebbe15af88bf3edff11aaa886e57577410c7ea8e8d5d4d9a6fa707c
77ba49fb98f6cd4f650419902e24cad39f751690258775b92c27a5e09db10106
81d80456aa049ba36a8fa9f16127ceb17e4fe5414e9260dda105b7aa0c2e6642
d990c2a37f4b2406e40a8eff20dca661822e12ccdc19f9fadd691c9f22624d44
e05dcad417468ede3ad92c653587bfabd04b192afcbb9b7da46237773c034c5c
c8bd03c7e919172de0c0ecb670080de2424b390b48c2db60d179a379e80b167d
cd331874713f9f4d4693e9665dc64f1a9679c7f0f4d3c048776c681854dde9df
eef0698fe1ea201336033139688a468f080d161891c299c52a8f1167514374de
4728418680871073ed71a59c80f61bd895d02eafff785c667c6e5430fa237ad7
c6a3b44125f7dc01974232dd27136d496da2934d67f01d8ee218a049be857cb2
574047dd9119cb59266c7e083351636b4231aedce4bf14de70bafd4ee0a1d21d
c5cb49b17796ec93b6321b9f570ca9932d869ae9b728d8328fd506b1dc5b0b08
c5ba679f072f7f721795b67d1832786aecca00774455680752acc2a79961ba28
02057c1c8dbdca10d1abe012c1d189e0eb3fedc16646ab8b1d5d0cf267b6c992
9d0b9f8872129ebb7b923238ba654885531ea67e222a799e23414c2855ef72a5
7488a2cf62619e1ec37077b260d64417eb004eda3f4aa4f69733aafacec653a9
818586cb886f342236774292091046e4e6c4dcee82d284e4d6623de59b1afd1a
27141872aebcd5a7a64a37a385730616b971ff1fcf3fd7922784cca98a428ae7
2089e699d95f292d09ee7564c529d0663c9ca4d521b8c144f040347e66ea8793
8f211b240f16bd51a5de9b19faaab05be8e4af8385cfa701620edd694538fc4a
6723b7de12ff6317397adffef1938ab60033024f2c961a659b9a74606f44d3d0
5cbcfea794e90cb207ea3ca6ec59a1223b1671ca585156171411ea1dc37274b6
b27a352dd12ff7b6b025e8670e59c3308c6f029ffb74fd4a425abc5e03ef3e93
a613e75936b0358a32470d8631be4b8a3264377dbcb2d61dfccde21f6faba98f
300276590d65c2e91d3e53ffd8a2fd1ed65f84fc739a73ae32ea9e89ec2503a3
0ebcbc84c18fbc835d1e21fe6a97d159cdd5b885a092aea75c9bbf6db1336f42
e2b558099d7a61cc9a1a3d135aa6fafd6b81ce5fbf18bd6d58911f2359d30f59
fa2f035491e0079d47a92c00345ec50f151391479fc9857bdf40a34e9fddcf52
feab50d55cba113d789159c64a4b1f0ad2ab363d3dd0aa02ca68ec83e6e65f78
856ee0ab7028ba3a01b2cefd086948b4e1be9a699ff1f3292d1efd16556417f1
74ebb7bf07fea9800adb92b39cb3dbc411e25ebde474063cbf1b83f4583c01ce
8b67e24cdad9d456ece1dd1837d2d78440d4b78e6b5b0b1d5f35c99d86d72b8c
bc16e22aba3eef120e0a076d6b82e1acff8bb526028cae7188207f85a1f4657a
30884681d347a23edfccae201530ed389b9c8fa54dc41bd15d79ec378849f615
5f1398bcc98c214587d5831fbe5ce107ef9cefa2003a2d899c71ac3d23594fe6
be87b6398d69ebf838057d71679b62ce824936c5360a20eab7fefdf6cdb37324
70de082f6e57a5dd7e755846b8c3298ea9f5990152082f52c4ed7f5dd70b3cd9
c10228b16fd6f272d532d382493a82abaa5f58dab56c1e47e243cef622387825
53e237a11f79185ec745bdb6b35a8008b78a8a722458043efbd2f735f28ed92f
918cd50ba39f1ea9a9c3481e9aa6a0b60ba91e50b260ba9aa365a5e32735f7c9
3557b8305c4f4a5b53168f6e4d94a5e2dd59f2a3480932beaa11fa41c8f35ead
6e73d661a5511a4d43d8af97210d33ed497dd3466336e6bf86c791f33c6b99f2
6ca65c3abc7fc53056a4801efadf5ae5daa22da7d0df699769396fae8a683471
57c8e092c0a8c6f2e6152bae4940f37a23f7c9278bbf2745538b934b2c8e9f1e
30ed92f80e41f29ed5cb442aac0a2f4b7dd9b46191daf9f851cbb8c5bccf3e52
c615088aaf8df69d384a351ed156b1fc60a6b14cd18381ac8737b32fd7194614
eae11e78aa9836dd319ec81791a288a1146ebb24e40a829aeb1412b3bc34e64b
62a06f744f02b4c5d828af38264fd651cd482a1a3264351add52d013fa50d3f7
3c068d7ac0ff1e70fcfed881e279e3326fc69a45754dfc44eca8154eb122f2d7
6f4523972ceed934a3573958774949b288d75e6055661142d7a56f4c90a7f8ae
42e97519b969808b4eff7971830e41ad8c0c7506928ac69e6356e1d33fe688f7
e6748a9555832df47848e4865acda53a295d6d1f57801bd56a8c7cf2230008e0
82d5d7d3e3de80cb8cc2ad866e629c90cb0b28afa10d2bcadd5c78032e80b174
3b6146047c2d82f78dced39ee2e0b5573374f0a3588f30c55d7b783242319856
8e7a9a07fd9c312433795c785e229e630c506e1e080c274800b58ed871b1aeff
265501718b36ce8eab80443190cc4c285145870e766982a2b0a6cfe22096bc1a
d8fe92b46ca0b41e26589177d24e29a2133d0dfc9af927bffea3ab6987d67d42
00c11c7cb4d3075bba4e572ad01938cb60bc0fb0581ec9aa32f26ddc6be4c3d1
f31bf54e6d3f8a6aa1536317c7b5aa88e3f5776e0484ee86e3fce34a55b83cf6
d5feb966f053eaa0d83b0d6c943a108da17ab257fd3c1e8616afc375cd29e7b8
047422db89c1b9169261055b7d45be98f88dbba2ac2180e5185fdbcf50e85ce5
3d9d28f66f743ca87946becf87b844334b1ea909c5e1d23309e3169e462788b7
8e29ce4ea39bad99272f46c988feec59b7a835e51cb521d00fb84844b9247053
a9ab919638f03b430cc06f1bd61d91c21000dbaecabd7ac5482a9690efcc8ba0
302ac0041699838ed4043aca962a18e59303fcef7c4c0758640a693f670f6610
513b9c96b448e48848423938704187058c529359f8fa54a6158aae129483f49b
ef9cd05612f07e732b3085f9a7c732a557430c4d81f320de58bd0affac226609
ef8e7c213b7abe361b734da7119e25fa8ad4feff59a7db4933041cdc667fbeb2
34bd79fa22f960e59381ca60e7e63f6aa5c96f7b6db4af70b16f94f609c1525c
d5e06ab1ba9695a53d477a471a336ee1cd96781404679acbcfa0e76c0e09ecb8
1eb97242d5e2850e4e378077585fdd854180834b28472c0045efadfbebc26fc4
9ecef32fa80aef5789f07286e2518f910f6bf70d7e05ec526a186346202080a8
3bb3f7943373778d2bbdf0a9863556d6eee9a80b10db5a9c31aaf104a35065d4
28ea8012c19220a32421cf936172f0614764b56c3880a7bc5710791151ca7cdd
0b7b8f085ac4951fd41cf08ad5a0b034dfbf9d0c7da0af499c9164df06003150
8054ef9e0c0bd3d012c13aed38b5dad3d7fbc6ae40cd38eea8518bbfe03b99dc
d3e4438fd7a8311db509cd7f7a0cd00fd854ee483ff5d1af5339d1e9b40f4524
f29b065f7ce08bbdc1f9c0187eb408aadceddea50c4bf8126f58f0c5f53eace5
6a09ffe6b3a415eb9203ba23c7983132b6ddcc045d9c2d643def1c8a71f02045
2485c6a921b5d7996b2985b7ad2dc1d526c2e13ec02e12ce11361261ce70d63e
31216cc624b4fdea55f6ccf1a25d5174e11073aab52cbef730c41e370ec87179
b977e73a5a602fe82edb26f758bde47bdffc581eb34bc61f8d959e2800bbbcb0
bbc06143fc6b0d13f600930eddb35aa0c5df8b96f2079c05bd850dedf1eea0bb
5d4a6334f4b7c97a872fad4b75db43ed0a948e6777574f798d80b208f335546f
276d7d616a460f11a855a0f0213d6d61ce62645719b40eaf7da3c1f0090b9fb9
667ea384add1743aada37b5d700d98207d64783d3070d83dcdee64a67820bf28
9cb7098effcad1989111b70edc75e72e6021116901813bf4a2396512165191c5
09083c2e496186dcb0ba6ffcb5fa909194d47289a1f811f5adf3759d0ada13f1
9853444053d94624a5af699c1268c826f3d047e638cd1e2ffc1864ceb0d23f7d
632a30d6c4729ffb87e612d130fea599b445b5ae96f63824a1d35823899bba0d
a9f4ecaca6fa0a0216c00c6f405f61462a721b6c0e72fb917e98ffe14f5595dd
945e75b3e9b6d1b83f9bd22784f078788dbf2a1ac515ba9c8c356cba58a8efb0
b9f723fef85c7d293071a40999e0342cd85b4236bbc6b84b8a2f6cbeeb0fedc0
6478767dcd404059b51cf6ea8de7936f6bbef91a477fee10a60832b31ecffda5
607b0a389748417c1ecad70f0e9c0013518deac84455652d2e93dde378ce621a
0bd337f5d3faf1b36d9b714cb0b194391483efc98965ccad94ed5f1ef8b4fea0
d929ef3ea57ff24c59f905d72218132daa67d20bc84363f09e8d0f427e2b9b65
c8800fa7493b1d29e6ab43929152e23e2e6e41c7df0d374429a36d6f8cfbd502
68c950febf55d7b6b1d4351bab9d87cf38f090ba302c1daa035571dc55f77118
72bc9a55d04551fc631f52fe71ec78942ad288704b420104128571cf2b6447e0
594eff51d0c8211c280f1c11f80898f1f5572531abe08a32907a4b291c3e7b22
e05d0802c5db36e9f303a4025e81bb5fc0b3b5b5d397fe9d2b00a62acaeafc00
c9d3b58fd382003f25d8e9d8ed17d227f2c52b03fa38cb8ac05cf5934b3cf54f
17c8dafc6e270052bedea6cefb94871aba09e719d4d699231eb7ef63ed27092a
c57ed1966acd29f427ea3e9d02ff23059e3c48d2c2435e80a22d7acfb05c3388
716c86768b6911e5dfacc905fcfb1c4a91e9f767885eb443fd06213f52ce32fc
e2d00957b1cd816ac0b77ca6d7b36d954f124a5719bca8c4c286d659b0cd2b9b
71a9a23c231982e7bff988792ae38e496f8b5f1e9d05d6006d233a7d8e72a8fb
1d5e0e0e9c3e649c7ea5dd865c6c46235848f6bda26e3f40e3495832b5bec96d
c18214bb9b3ae1a4143b26c272f81348def0c8c777501f3a88cfa67ff04afe82
fe3dc7c573a5ccb05764ceeab4fb339497930d8d87c1e6919ea3414afde0a7dd
52af777e7c8d6d9905f2ba18bee91fc63b522fec5d13a5133b7eeedb84b922f9
94dd870dbf7125edad7ba9d969f1d392cbd5fb25f8f6bdd804bd17a66b6a7fea
aa2eac1840ed0ecabc3f5d5947d1025a8f1f18985d53307d2d49fc1baa1ccdbe
7300e82cf0808de3ce398e6ed343d1edaab415269295bf57807fc15133e697dc
a1fc644d918a48786877ba42ea86a2d2bf582a60491385f7fa1dfd9c7060da69
7d2d83d9780052a6cd75a5bb7db56de6bd4465bcc2a860d76430ba2303647037
bb2d981fbfc63cb7f411ec9ea3e2fc6ae5ec1ecf7781617c8bf44242580e5fe8
46b438a420fb7fb0d21941526ab1eda6e005128224091639ab7ca159df8c5dba
8ad47a265fccbedbb6560365b790b16ca577d33302dddce5591eefed019d1552
93803d671e330f63143eef0c9a45280702466f957f9e33dfab2b073253d21253
af22a6db3934ee35c6da6129c62e4229f386b40bedd10c8168b1f28ea3a93d84
8eec2df175b91798920c72b64bc1330e05e0a2af179c577923c25cbc06d68227
10b574395690b5a18857cef4bbdbf875aca1f03d142bff5bf787620d773f94f0
9344e49cee28d605238685f20708218a92b68bf3f46f097bca485e77cc550ed2
66880040c315942076303e8d3ffa42f1d9f8ed2d047a927a38d0e7681f6a7f53
a5791a126a5c86fa0e9ac4c9adf816e38a05afbfbf69cc8f02c2e5ee57942db5
1be9b2c8f49e6490b7739104153723ef3620d9a8d4dc7e7c5a75c97eba0c14a4
f35bf7676003b765f1cc04e57b62d2beea24f22d7df990abd22973a4f9910f4f
7403fcc3e8bbcc98dc6ae5d4938a0114aaaf3cd4253afbc41bc6d83a043ef0a8
3c02a9e072d53ba4fe6fbe47dc041c3984f92b65980b2cc1164a741a3e0868b4
b85a9e3383738fc82aca8b44ed20cd82379f415cff20d284312026f1d3a78476
06428af32057172018b6b5bb5cdd96bb301540b90c16dde1dcba3775a5c0d67b
881eabe7021b83ec977738c8e023b667251efcd8e700020be985a38ba37e057f
b6318a98f25238c1031d66621274b00fdda05be456c97cbab8fb96cfa9ce07b9
3f053edf34a807a85da0fd86643a9f4b92adc0aae83203c22e345e38f5030c45
d91fbf71a3738a61606a764ce414f60ad3031bfbef9d8adbcaf972778dd33bf4
5975e05eadaba480a65521fab6ccbd5dd812da3a8ae8c82fa0425e0be30d59d5
25599da75a37c080fc6489d50fe9eb653f63538033df502cd0a433f9284d25a0
f5119e7ec3fe575a8b29632188617283ccfbc6c2d9c0d299666e5554d93b3b68
a9866713eb29e15af194eb337c767a5a39d2af9134141472a6d5e8676e3249d8
8ebef556af47e9829bd067e42ba28968991eda3c925d98cfaf27aaac6e7c4f87
c89d35b8e6d400456658021b4ee6288b0849901762cb17031af00b17087797b9
c8f278be8a5e8c40bc92bccccf7722024242de4097a7e1e8c3ca0788748c98c9
81cb5519802f4a4db2693ac4514419a9533a4958ce9923c534f09405e68f4da7
0085c00b389873353c36743561b8877ecfdcec2c85de18836b6685ca81513d27
e3262d38d7f3f86bcee45131d0f741d89ddb51040e52cf6cafcccee125bc8362
68e469a991dabbbc8aaaa947ebab6fd911f6b590618059263d6570b88ca5e004
897c4b3f93a92cfdd6cc2b7b3700b101f31efcbb6ba16ac0b81aa1fd28386b0c
26568943f69255e6fefe165ccce9137a232c2c8146b2bcc7c9f1f03eb4182dd8
9f7185a7ed7d512ef0a6a3d7aadaf383b4d89a4d57c2688340cb7fac14eca33f
e617a474a4a87e42b7856bfe8c24385e0a32fecc9a4343b95569971557275f81
245351d938297aa31158591c8fae3112cae0367c6d13d2ecf7007038a18cbf53
d4501f8f09dcde5065a79db68f9ad5a196796650b36884b4e72ac6dab5ced2ab
2d43c25e17a9743aae96f0bfb4ba67fc70d0a2d2cdaa3b18ca5f6c2ddc728fbc
65059daf86d3eecce4def43293f6fdb0bc4760f2ae692e217b821a9eaa29ea98
526f2d833c6e88f51e5c34dd1a15f1030e817268658bea0ebf3d44cfb5f685dd
8386faee49650a50cba926fd7dddec9bc6d73d4214a1aa5df2c198d69136f3e2
68f5a2e8cec01b59b17d83fa210deb88735f700395a3f8a2561191a5c242becb
380dfd8c83119c6d7e624ef7fe6e263ff4228395c6ba296b818a04a3948437d1
8df8b9a923772b63ee81a768f2d4c12e38632cfefdd79ebdd0a2d08868ce017d
0339b07a42e622077d9b91ecb2ba08e427120c95f708e4ed5d6ce708561b1310
8e58bfacc4131b7372c97b747e688332a00ea777be8d7105b9fe021c297634ed
b66c7abf40074c507de8805b09df68d5f196a9c4dcfe1b79baf40f3e562e9dc8
91675676bc92d3ef250040b51c3137bb3d5103b9aa5b3a93ab3543775a1083bd
c3b8d2e1b20c8ef4d3fb77a705e59267444e904336e7560efe9dae83b048bbd0
a0e8f65cb028a5bba846657d42642a9d137d62b450837a1df7c65c9496206a3e
e8fa85b79f1a0f6b89a5a46be87f3997352d21e634f84d29fe0213f66a5099f0
af49288a50810949b9f69b08fa4439e59fc887d14440a277c15cd3c00ef2ed0a
3fb212c76aeb64abab08d8a1ede5c7d767cec9046b703f7d3bf5e6bd7d29000e
a397eb1ee520256e51f2c1fe627873108df4c6488d4992ccc53e9eeb11c7e0af
4f626719c982f7cfe4be915085009f7b8e389bc6c2373d926c489db621fd95af
f132d62bb4fe3c59a4bc85539c76f0e0d2672cb9f95faa1aec494ce1c68167b4
7dc786d071ccb1375d39f03253dcc61de168d3f99ef7d3195272173be45cda27
964bc8c28e92e248b9f42cf9d621ca8fcde5113e36b205959d43097cbc55b350
c3d0ac48d335b4172b8604725ef4daf83e070153c8eff5468bb9921aa0e7a5ee
38659b7c05f1d004136e49bb4939985d1a68e092d2f931a4cf1defe47b9aed67
d3bd26231e58726cfd14db9e2644a473a1e45d8418513a1bf780a68712b43b4d
cb637d1120ab39bfba148b8f07170819a8f2dbe882502d05c73538930e5ee88f
5c6274728b1cc584b3ddcaf581549f5e4de2fe140f9005d91b6483859670bbbb
358bf03c3ec8120718c5f6bdb30950682fae285f4dd037fb3497e21a0847dab2
1b9fa151aefe833ac698bb1cade2284c4ce9646ba051c4155c0584418d77f5c7
6229c6e536faedb7647c09046de86620998d30194a33c9fdfd20a6bbadd54796
08bd99dd223b3288253d5f67de2a339e9ad6dd5ded5f9288fef6036c35e07896
d42f611fd376cdc185886551539e864edb47d4534ded429d744b0dc7fcfc3b82
b9bdf9b34ff0ff97be20f86b7dd53990a99db6412f4d2a239ded6889ca1ae59b
40de94b5806c40c9bc258bb8fe81a2d8f73a1a4da0e53ffd93f82a2b334c2048
bdda4919d63aa5c77bda2302b1e778bbc07ef6d3094cd89c181f2e52ef351e49
45799c4421f4dedefb5c410c40d286b660a68b9c315e5a25f30ac9583aae284b
cd3fc8b1ca7903e5812184c0154b2c9f2c3561ec00740affa1843c612238d613
9482fc41b80b7af57f9c0456636a75855f267c475e33b62ccf47e2156702a6a3
340fc7650ddad118864ed89eea49732531d496742742f84e16b55d44737e1417
201335e2fcc46b97a472abe6eea9d7ffc7e2ff418714e8ceb560b7e982b02507
d54cf35fb17b6f2c37c4abae7f08e69de82e17f8e13364b39bcc1942ed4b9af0
3c113360958626512e66e86b0bbcc60e4d294cbfffacc90db9f31d08e70e5b9d
08fd8cbe1b4267071485eb405f700f20a7e9538a7d8b02f2b3a65edb6d2d3896
b8f5c762f4ef63b0916ae38206dae4fb23a1e811f084f1d23920d78baaa449a0
f97237720003c345dc9e67cd8a7c201d75e2069cade69ec03ae90aeeb1d26795
73bf57bec50339020dbfbc30a56ef92fb3ee9f033e5dc02edadef6a779d62fc1
787e5d81721e516ccd204c685198d0ae6b6a4f224674e5e69ebdd38f5e129d30
e91e618da9e5e400d5a71bb8d6cc31ef95d2e5c78e4a81a9dd3667d5af4ba626
fe979dabf75112a22972bf56462a7fa64730f8c24d12af9a04fcf2489de79a0d
d1e5b4972389174e630abc6c51f743a48bf9e8d156c372912e88ffb2925e863f
bdeb4a17ea7b8e68a226ba8322424dbd72f5093887c76be4a4afc68fa12444de
9a3c82067cbfec387c69cf91334f6e72422f9b622436ff476fac40d2e8496945
eaeb63110e65f7d0002ebbba01c40b0a20720c04cf71f8e99039a5a8851d6b45
a61cd7249b9cfa9653df6bc77a4a6fffb49f98bee945fac6f180ebd0e7fb4185
948584c4565e49189ef86b74295bf167cb72c8359d5be45d228f220245a7717c
4ce5e579ee7a842e9fe9994e2ab0640ef912b487bd25ab576af9a4a96b54236c
d43ae6cd60a037ce00084121d1d09f49e2e4ecfe7b25787126e8e4b060a80c6b
85cb6c199188e1ed1c47bb89603d759320793887447b2973011b04deaefde766
079f390a71efa5d9b85e7ac84867ea2157480dc90602ba70d0bf2595deff9d87
10a93f153e4175e412dc7110afe93435cf8f045a6394086c175b8ae1a49a659f
735cca61ecdef26a4faf5d853df84e036e4117d9e9009aec949aacc68f5e2336
2eb42da5256fa206a5f157df74c576458fb8c2255104df182f248bf81be9e187
de8230c41c25ccd9132f0d47a3c0dc5f74f61e4597304de67b34e3f9a19c9848
56f27b76ef6767ea2b34be8e46cebd18e0c03eb583c7c1660a2bd1bde3ea58b0
26034e5e68cdb8c59527d8ea37d950dd23e18ae0aade4a297b5d699200d0f868
222fd9cb0740b475d9970566dc671665abefb3c04fb6ca93b678286b76177b36
64c288bb8c334945bc43a543545cbd4fd24036bbe0b4622eae6c575a630f3d97
fb097f8a68a6eed4c7fa81735cd5a210d60db8018a4703d4752b675c526e8721
d4444af453b8a6651b0d0a7561552ec5c92ed94ae41c37db2edd3610468f1170
2fc305bbd87d041d4a67ffb5f6631429bac3c7349694e40d3681e18bd9de1b08
e0c9375258e81b256128b61e9298c644d643fd586fb02aeaf752307c1a689242
39b7d4f7ca007e35ef9ac6493067f56d6fe8789b5e09a4031237557b436a9140
feec1da0b6649d2a218ce1f7ecfb5c8a541cafa7c4f6102693bd756a81ef9529
5d71dedc7829dcd0da0016b0dc1065f67c3c111c3bbc013b4c285127cee312ef
dbb4c2de4b8f3ff2c86ec93dc5d56de97ab2c15bf2fe1964b9a68cc2c71e838e
11cfa964cf348d9252995b0729edc8b3312483eea54b7f35aeafb721854b8faa
b7e546899d14ea9a19bf585ee52c660b696f205f199b67e823d008b1eb4cf544
7b1ec0c152b87081657c4dcecdfcc1298a531c34d5ff2b6cc86c139bd159df14
5bdc43013543d112eef9fe5468b636363138b0da92220b5f7cab72e663f462ed
4ea9d2a189b5d467f3ad94a7d587594ce72754801c144b849c4613ad9242c4e7
61b87ebe3cc2fe873333ae0a0964cad0c11345b4970615692b715237b52aa119
4c0bb05fb31d59a3948ca422bbe1296e5ef2133a4725beda98d63226f14f3d28
a3a678904469111dfb4c1660dbbcc1fedec1726d31b3bf49967ab997a622a952
fa2e6308fa159baaea6770b2d9a47665f7e0f7eda7bfe13635d7b79037cbbb1a
b0736af7000914c2c40193e6caccd8810b89abbf190a8c675c3c80c29ab03df3
40deca54b94e57712ced888c9acf5913fafedd5a911e1fd0da6280baf14af9da
72425c699a05f6b5ded4306a360f7d98744833f8892955d36a5047a818ab634a
db4ad75919e43688dfb18252deb0081c09d706ac9e5b816efe353960c7203048
91aaf668a9e0c2ffd7bfebbc930010bb9e59993fbd978bfb57767c66f6beabd7
1f0c21560a6e2a38037446335bc327b0620a189752f2ec5a616c37498d1a58bf
d5de165026d2f8490cf76b4fc10945483f62634cf734c5f5f3e6ffa02a3cc823
4fddebed85e4251d8aa86fa9cd153fd47ad24b890545d64920546a48f351a35e
c7e27af4eb2863e43b6abc4da5727b3e177db8cff7dbe481b07b3b1966695961
32c15cca5aa4a78dbabf3ad6b449a0df9190f6e9f132d86bad94f4eece12ba79
f7ee8b276ddfb81c6885c5c968481d297dc9dc90459131495ab2228a7d0fa4e9
a9c3fa840b76ac64adf3f086892f7938f07b804648e88e0dd82106e5a72ca853
f577da4eccd9fd5726b25a4bcf7c5cdfe9cad457cdb49888bbbbef51d09363df
325873c408041b756fe462b751e475f6fc4b6f5e600680f7af88f61089b262e1
a20d2b3a1251fa29e0949518c061b5f3c873ed0b98ca5313774cb4df9da0e90f
87469da594455bed19dffd37b89869a7a0a3964a5b2a042b4cd6c61727ab8f48
dffe4317799356ec0177d6ebe38ea538c4daa5b9da10d393e97472bf358f3c4e
04490d2828a5060828d2dad2bd93bba47c3b0594eb86066ecd01103e89082a4e
6cdcbf6652e5cdf70c4c716b670d6144165b927522c8d40a128196ca2b7a566d
49ca723ad72fbd0b2f0c5667357a87f80488abdbdf6bf83ceb69473ef23a244a
dfe2cedb01286a52af4adf180848f0fff72182b8e379e4f10116b192dcf7ad62
1a08347d91c9729bd2cd6e6eacd8832bfefe468b97511b174e9f779c201e8fac
42e5efe744a3235f0c8fe9879b62287aaf44294f7f487a95006a711a24f49c90
801a85d8eaa088badbf4045478fe6ae28b53404fdeffe40a11e1edc1fef83429
cb2e5fe926dd255132f0e383c5d87ab1f1fd9735bbbd396b3433844ef37192b4
4fcb5a61c589b82e648981692fbdee99bffa6083c30445afb2546d9e6bd2d2a4
bea7fda5ef5a9c4286704b07d49b52861e8d45275fa191465509b9d89a6d61d7
ae08430e690f7098e57abfe066282d05e7c401e9088dfebd35d9583a907dd34c
f9c2e1936356bca3ad4cdc5ca1188e9f78da11442cad4490efb578f118dba81e
f2db835d8c1c5e6d830aeb1ae251bccfc691a7b32fbde96350b830598ec95e1d
ecdde6143b75726cffdebc6925065509b3177c5c39cdea241b647fe508c7b195
7dc2ea04f0d4af23f74a1a87414931fc7a34c7e04f3ff1bb81a152c519d365d3
df961b4b95fd3733280cc7d7aa178340f091581a09cba5af121c021f76a4b869
22e8a980d054b69bc8fe25f9fc9113a2bb05090f969389196852540c2f21285f
eaa003ac3e86061b74ff876b3132f0b8baafc06f81fa1d2d36ae1abd0b10ed34
ea0d71b42b2ec924cc3763739e96839f89b8e28f12996bfdd312eeb1d969e6d2
dabcc20f8d653c7c4c7e719ce3b2c0ee0765baf03bca4551b5e5d11add40b533
95399a5ee292794e44de086dfc5543c30533b9063aaeacc5338c72ddd4d167df
c5605e3563dc98814326e5ec6ee5282320ad9e64a16da27c063b8dc8ee0a6abd
931361d4f6dd5b165ea3362de624df21fabdeca1e708f81a5570b125f742cbb5
f6582e6ade933dbcb80c0e9442ebd09e1cd304d0be3407719965bc08c1147051
7b0c9008ddfbb1f7e055bf63b59832c229e45e21b665b34972e12df3455476a5
82b4d858529af28add63474184dd4ad262d1a7165bd6e301cea8c94b5d3b3ad7
4b460b773c4f8b9a15332e7a1ada25ef4d938b790c1fbffd6d845328c887af63
9517e850a9795525f6cfe6b5177c618ce64b78fe0d054d44fc287b5610352e78
b04ebb420c8917d0dafeba5507df7fbf652b76738d6015843c36146c930b428a
d3a0fccbf567a24853f067630052588319ec2ea6d60992c669c63b35aceba7a0
7534d5da7340fd8e81c518e9a9cebf1bbd052fcaab6ab66be33b41402174b373
1e137a496e467fbbe8a384879909172716f3361c9ae8d6c2a34e250762ed74a2
ad76fc844ea6e6bc3fe8ebeb3ccbce2a9642b79059ffb9bf1d1cf789fd767c13
5ef79a84debfe9304f19aaf42e824170a711bc2c2c7543b4d171e93c55a350ab
503130e7c6001c985a57e9f219316c0f606522c5db9cd8710786b457ccf6e57e
456385931076731b6c8d3fc8dd746927ddcb807bcfcaadfe5691fa0de74f1cc1
1f427eac12d6c647426766c79e88f4031aaee86a61d98f88e323a817bbb98947
cf07a248eb8163e7db2cbac1b29840c467622679dbec347e627197937592e9f0
f243b0feae17bcb4f770e823ca2cfdf3e4afb909b60449d26bd11642ef5d44fd
fca4cd156722041c82fdbeea72ef938c6b7653335ab006525748d7660b502628
133cc674a03ee6c015603054bb72f57c2366e5ab9d114b8750f0c64cedc77c60
938d7424a12ea82b54f7df73a5ea4c50f3159ebd5a6b6138ec7a5f94fbe87e7c
c8d064c459589bf2e13c17e2fa5d66d4f93b8c7320d2034db4f602d185b3b98e
c4ad3da6bbf0d4997cd77e41761b17ab6b3dc62902657f95f8b8bf22ac3153d0
d3f47ab6d952ef3d0061b6d53902ada67a7170f313901721346024d77a19d300
d62f1d4eb4a6efd294fd862eff7ad45cf5b2338fdbeecc891360fc8da165b9cd
ebcaacf8cee6ce6b759ec5963708271306e7fc6426d03b734e987a95b3732963
31dae3bf22fea6f3706e0ea6ddb2b5fa7275258d8c0a3bcd50ce6eb21360af3e
6752074e6116dc0fce931123045b2985fec7a48000ccb88450b41ba2033d3227
e711d848845423a9c2a29f62b02c6b5f27919c1e1b07aad1ceeb3657237776f0
93b2713b4d152ea4fcd2739affab131fa8537c954a291855c0cc0f9f677b0e37
3ffc5e5ec3f650ab942dd0a2aada502a1fe54aebb2a34e6ae994d6fda0d6430d
76a98bde50256d3cbb471623d6c1b6654ebfe3633e2eac890d8781101cf43b4a
4cf49d82414a40bdd52133506a902c6e2b8937dd7d2cd3d94aebcc5be27e7baa
c40c1de22a4d9d23a2a4411d16ba937f19c31a3b86fea206e1141a587a54001e
bca29beacc4e4d0e657fefd02e777a5961853abfe23fe32326bbc949431ab5d2
30067346deae33b389f67b1e062d4b47064f89267f3007f7ab742fe9c3ee8ff5
db7957f3e5631870765cdddd039062ccb88bc07e4f801df6afd351364c738799
52d1f0ebc6932e7bd10df7884228fd5aa5288ced75537b65895060acb5e2f469
77b96652639acc07befbf9c614905797b571097e3e612d5c68021152def6bbfa
22e11787be01e06138684d0e5f6e8d32b536e590e0e4650b7821310af74a1c6a
d9d12a2c4c876e851ce7145ab9bbaa7b628f77de232a3bcf4bc6bfb36f0821b0
d61e8e0773ca77ac01ef5e9660e076a9169f54e35b7941c5d855484298e46322
d2438c38d6313fc6d08c9886de5a4c042e01300b96b408e40d6f9059d60907c1
f51ec4e7ffadccedcbeeecabf1e7dd9cb271a2a529a000d55e75b30f5dd5bf2d
582f6bf1edc8bdd8246b8a20fbcea0038026c8a6f08353ea2fd03795de9641d2
0fcc44a7863dde428aaf3720d35748c3f238d3a4e5dc22d4a6cfe92266be7389
95e2a6058a1ada929569a26be0e478969b95679fb402c446a468f908d105614d
fc9c1564d481463ff9ebdb59377253d994448cabd5a41da65cb0339193c3e89a
dfdd338ebb40ea4ebef63e7b3bd848b128b4e98d29adff43f8b0b98a0597de4f
033ff54436c5a42e09b47b3e91cb534d7d74ce77ab5563a61aa2a9e671554572
d36b580eaada34856b8e9ecddf508b8adeed92a356ee317d0e63fbe18a032724
82cf8f2e48f8a3f4cf9d11a9414ce94e5d39efb80e43704c54649bf1591b7da7
aa5aa4d4280c68c930b1ba248bc0ef4d4611797012db5736f418c6752afc0f79
5b7693290f4149dfa5ae502cc4b3d06077d75e99f9e6d9a958f896972e7cd1af
a226a3fd29174d652619eac0d889e653727bf6b1898d7c58b50d48845965ec29
3165b35af898502c5f7d2510c8aaba8076e0cd0aae03a4a6369bff2629ac7532
f335ef6539b6514d331ad04d5ee37527654009bdf52a773f0186b4de731dc7c6
e1fc0c3fbe3d179a085d043a94fd9c893bcd6ae22bc64af7ab6dbfd7037669a2
ad6834c08bf2947e8eb7088df4304c14a1412c5513a79289f8b9cded6c7a260a
16468e2e9fcfe2495d8d44fd018b76afe6ba7ed14c2adcc9d36a4c894e379346
a8290d9b18e88e3e1bdc369e46425136788eaaf7c09c6365396d4987f630eddc
d0af1fd443db899b3d80832128a4fbb4b225fa869fc28b3fdf9e9ad7f5ff68aa
318e3cd10fd0d5a25048e644e26d91ca02fc87acd19b5d680a3af8ae9d635e3e
813b99fa28ecd35f01bb19d7e56d156b18f21b34d60622b2635653cce789d0a3
c50bc55601815568cd2c5ec74d6c7a375bed5f3f428aa7e2937d410167df75df
9ae366f3196ac362fb8f11cacbc2f1bed01ef1bc13aaad1f3898e0d9856195b2
16ca21db4fbc858fe17bff817d0080b79452e61a83c7241d74aaee3684761162
cd00794e277c0fd07ef554d74ab3333a11ca49101583d59142b1fc41edc0faab
8828db8745f17ca0b0658885e4e6985aa15d184680c6cdd7e063498a0ce63372
f848721ec122d701c136843761a3bef9f6dd8eec8ced1189185b25a8ee6b6c42
5bc398935dea91570224000ff8e182682fd8e3923c042f7617467b5a9f264156
647fe78f27548ecc0517ed8bfbe67abe1b6abe781d9c3817ab7d49a5974bfb43
505d28b7559c9897c102f905267271d5033f12c7a8adf42f03035fe365ec27ce
2766947ce200344fff8ecd3e2f405b60849ec305268361b32fc10650b52272ca
2611b3a66f255182b90858c3e68d87c89fb68ab3d53240651b15f2b04d20dbe3
5207d0964a4b8786eae6f96764e6d1c2e886b1cf54e52010810a53aea7587891
92a6a97eea09d96d6151f2003e90241ade86388a67228be08c76ee8977b4603a
b4ac6e032d096f8ecf293c7da61d6ecb618a6c86e488ebb783d0b6384c610fbf
8524db90feaccafb30b4ba1984a33bae5a2cf7d14aab7e2ddc78cdf991f0ae6b
057a69b9102fa7dcb2dea86f435259a5f4ebe503909f7ac0cb6e2afd06ad6a1d
bfc0b6a700ee82af2c624a1e5a8a24d4f7be51b133a89aeabb6b928171e8bbd1
5f355054371979b01f54b44c9ca591a9c32ea6e8946842194e5be062fb4a39b3
69ea5b8fe3fe0a8627c6564392751afa95af356759e80f05cdf0c2ec39441c38
8266b941e52e8573844ac07ba9c928df3725f989f4c0b31b8a84e146b6b1073a
84eb4eea92491a82099b96f5a9eca06cc8145343c980f6f5e8250271fdf70479
7594aa568808e217537af3ee3e04595e4cc7c1bfc91763388f6fe0b8751d3e99
fae5d62af2cf21cf81e692ee2c7fc44eb7646ad262e356330adefad179f20a04
07de7594991c788792ced4929e23c2912c12065786ab48d57a549fbbf2a556aa
44e31da81df97b60f671d5f03d60e561a097ea12563cb728c6e243d7ddf857a8
8530f6bbb2104d8b32edad0b7bd90fe591ef0c4f067a2ec0aabda5029237c320
83e0a5915ecfdc4ac70661f11a030dd836a0285fdd43f4d84bffbc9cba5046c2
845157c2f6bda297d8698e75f41748b2203fe1839bed3ce14ba0498151fb3b59
d00b99f3072f8261fd7794a4753c1cf8d282ed059511dcef03db5930021dd498
c2de1b549a162325ce325ac6271827a03bcb0e33df9af68724148743b704349d
e25f10f9b9d1bad0ea98ad01e15d414aed07594a96f693180d276d6e2056a09c
eec343eb9ca54e1d293cdc3901b9b346b887fbffe7ca79b1a82883cf62c8f793
f01972fc1915604a05d0e935f16928e007d65a553ccc3ddcf19e73e9f6ebe949
6020c1a1f6db5701fdcee70b33c3e6bd01f5fb9ab1ed635e8250781458efbfb9
f63f195a59b75ad42a7c8e9915f08fe3143c9a11b801058f17ee497dab3f6b09
0767cde07240f908ca85b51a29ab29970ae261a5ac2952db00455bc0a6fcb220
589a74f49968803b9aa33ea4efd61a7e0d1eb0a1d65a03b7af8e1598617bf93e
a1047bb90fc3320b3db7a8a46135e1b8c42d546be76ccfb3168125fe7f41c43c
dcc0046064db7aca0ca0156da2ff72dc9b61d1595bbc0608e48d9ed806b953df
69aecf3af65c4517a678e6724ffea3f8b9fc21d7cb1d71439f8b4e966d595dea
599450d2654ada28009ce50e9f4326cc09acbaec9139c59e5e3dbbb7e9f10b9c
0425ee1c4043d2c5b7c07eb361d8c66101c83a7ed609aff2cd756428538eafad
cbbf094ac12a7500f164ba10200b8618580d5cbe10f5905553982d5b4e148952
8f5f97e21b2f2b5059303e0a60b927941f80766a18f248e2d69968722d102608
e78e4ec9dd4d2f455d2f770c378d9b38332b902d44b1d3acdc48d8334043e6b8
c7857e1c9c300616f0d07ac42a3a33ed1c61263e91434cefdffaf28e498b5ee3
a26cf5cde1306b6824ef966dacaac6439e131d350cc62753f7a66d86e3da6c11
d3853d838c2db63b91de7619d60874dee84c4be76e07cad296ef458c63940e91
d6c46a1d173e9ec9e242f78cba9178426e775ddd2f51d60123a00368ed6e46bf
5e5ffc4ce0c9ce3d84e99ecfb571ef06aa64ea9c1cf165f02e7e93eb143bff2a
da980600fa9e639a72ad6946e981b8594ec586a8a7e6457967f0d67542cfa63d
df64ddf2282d4b579f78947b184f5cc29c56eca766fda4a48a259afdcf0809fd
c16a0c0c6afa7faddba1c405797efa04bf2a242f0d365f77103e3241c32bfc82
20ab81fc05502725778e51ac1f6102dc518d00eabf890ad3f6a2a4403de428ed
1502f3c70942fa1ced7444d1434e1173923db6fb5d5954373a680eee0f7ab503
dab2b156fd0bca3ad587a50b84a418b5a9c200df09c4419fa79d68c5840fcd28
6250d6dab91ae478cec017f496fd6f0c0d2a533658594906a621dc72dd3b1c7d
9401a5fb19fc400e1006622b07b00ce3a340698bc2d7c5dd4f5c4d773a4b975d
3cdabc1ec0f9f7539ce58d8aede5cf5de01f9a8a03fd6c57eda8636f95322835
e1de9402121a5d82c5eb4d898bdcb181b29e454c985ee1b8b446fb8e9bf7aab2
033cc08815a3f118d62b419849042a9d8bd37a9b371803607e1c2d85d9882c7a
28d42b1cb458fc04eb5ad979fea1ed520b5729a70dd2484fcae40899ce917c75
3d59571f6e81310bd5607567c639ffe1117a2fdc760e606db67604b13af16dfe
4bfd64250442c6582859e3a8af7d30a9c14f7ff221335d8174fb9c87d350e970
93ee31c1e498300995136e02c28a8746918c200da3f3275f481745936c2f947b
24c0743719c85adfa0465da02d17a2e30529a83e291d253a194b2617216e4d56
9e51376f57d2042e452b2526fe0dc776d6fd2559b40e694128094aea4113900f
7f16203f59076b79c793a677f61635b499c6f9a627a6721be949039e26fb6e87
690b3def57238b634865f21b69da58d7add19421ff1b6916daba5c9cef7365a1
138c972f32924c0d3a53a5cfa3d758f1d2f815cb4127dc2e1e982a256bdf71d5
1cfca9393d1aa8e66e6219b57fea7307705bc2f9e3c04dfeb588fbccf92d8ede
4e60b3d6aae0d823fe207fe2dcc8255f76a11259f609189f77f3efce719ee8e0
6bf104e5ae01ee4c5ccca4de4142cc17c45de6f2bf0ea15cd67e4b7bbf164f86
f5504f4f3087d89f905636b8bbd6b7df316b52af5860e8ed4bc8c3419a872a47
b5435ad505008ab9da4952be4a8a7af30d5dea2fe3bceb179d23ed4139f03793
3fcc8b5cc1b7c79e692135189d072a19ec3450eb854d7809fdedc600b59c2f53
712224236c640ee3349212a709c4cdb9a22ae1a0af113649eea987e65eadbbfc
fe0e7b5804638a63e071ebe80237f93151a2b634c1474eb2fc1e1bad5da978f3
e2170d782ee652079888d44e917257d18be6905fc0166f265b4ef6ff0c692d68
63bbe9cf179d42d2791a5a29afb5703774183898617ce7be7628d1d3c382b28e
cc84037a122cf4224b602d3d2e6bc055f8579a0b53e5ed15cd7ac4abba1f4d75
078a77b9917d2011488db574d10af379cbae468943650a5c1f8d85fe9c093863
5c9a9a4e395c03e77a8eaf66ab990fdbb9d5fd5d9a46b527f8a4e5cf1db9d51a
236da6faf79a2e311e9bde02882df0e4ebe128f1a30dae1e208dcb3e0e48adbe
f2f92b77d61b1b6e1499ae18cc149175959a5bb090e8528fc731c1567b4d7bf6
e09b813c115b6019f1e615322dc6a139edbc880da07ed959a87c442670a30dca
b9f2b161563684e1c5c4a4d7b863f7a1c6cd5bb5227a37f512ac0bc721890320
1d6684ade13d67e09f56287ed545f5385529face928a77a476ff9d0dcb815c5b
b7073c550bda9759f51f2f47615ee280c9a2c2d3b06b4948da353c7021c04792
8f85dda8f6109bc3d14e8e910480811f86e6a97b614eb40203021a6ca858a161
65254aad599280a7bf517d5a26f6acb75bf34f2ee38fb11c2c55074b8ae26f92
22c98aded12623b95b866c00b77871bf455466abdb5744521755ff84a7904fbc
8d417da29599f9911dde66160a79d95dda0dd462843baca99cb712ce7cc2a7bc
7f113f7ea4ea9cc359252aec23fba39e1c0f697dffa041cbece2d9e090f4bd69
19b97f8f89bcc7811609425ce0b7bd3f283acdaddee275adaf5d44b33280bf25
13b24e08df93565f8acdfab1d7888480095dc5d680acee9db0d76c76d7099cc6
b4875eba57c0a68df7bc02365195ae77319711bce70807d8c3714fc124094064
4a4469e2070f238e09139e6d3cb4e0b950b0105e21e227ed09b536b0aa276e5f
27839e8970c65985bf95dd37727b8d56c0eee16aa0d7fa891bd25f2a74bf1ad4
a3f2568ce6876633dc3c490d5e25577b7287ebccad678db2a15b695849fc4cd0
0391c42c2cd3c77e8a7499ef629f06fe3b2ea3c7037f6cc2dea378b5cbefa326
009707872fc8a78ab5b137677131545b9da77a6835ff6448fc0e2238d95591e8
b2bcfb5bfd7e7e8ac3325f8ef663608508f61bfbc8bdc276cbe5a873a218515b
7f2debbf46ffead44653119616cc44f571af7cf4139abbdd03a8650ff52c3c71
4127bb85bccf29b11ed669026c2bbc144e669cae7276586c7b02e1b89e10f983
119e2c7302bd97f91e3b2f03c292c899c9d09a090202310b9168f22a96503a4c
fa8f60f4f27baa10fc0e149a073fcfd84d05b7481a9816901d2ada72730b20c2
43eab138dc6f5b06ae164757130fe607589691db38e336517ca775d81dca324b
24f8be768447cfceefaacc561224dcf2559a5de238cc9012195a2218723122df
e2e3c0bd264b9b9641645ccf9f86e560d03a61ab1e1c4c2c7a60611630fb2231
9dfb173ac418905fa85086a4b8def2f0912669f200669a9e99ad831db49fb157
267f4fcbb15b6102e98dca3ac127b150f56272ba1b14f532da1fee2722d871ea
29d9979ef2de45b731e7d6350b90068ce3748284e4cde0423cdf341240f51d4c
4c7f744f62e3037ab179255ab1f971930d09e9934520475e6f7e928e1e644c71
fa47b088d9c6c335871a782d5383e4496b09e6b5397b5253af334c1436c224b3
c8d0b63624f6511291ba97b4862d36a6312a36ab3a33b7a64b6c2361159e71bd
bf258aa521bd213c02eeebb215cfe24eb67874b5ff3880cc5395fb5a1ada5a39
15222e82771c7a6ebfbfc50dd4c8157cd39992da147efc71b1d05c20a470d731
23a4f7cdb5cd35e5a67e09f3b886046138efd996c399cfb50f76d7b864196c7a
ddc9dbdded1da9dac3f8eaddd5b1343749a576a620c5771235fb9516806caedf
d78233e87a70d1a9560164345bf81f61bfeb8d2a9b46f281e799c3c8d2e3f020
b9f5ce7a2971545d1b2f4dbbd08ffda37ac21d02bf52d66b3dbbf6fb1da20bc6
945cc24015398ba4e8f8f617b2f81549f1ba8ce77d284ed9f1cdef872c6e7ec2
b2099e05149afad09ee3f338ca580059ac0f4204449be67cacdfd69450db77ad
0d627263dec6a4d008721b9da19a447d81b47d6e3bd395fb4ec48292a24c7c81
1f512cf6f5a1ba6c966a02b5ff9e3c7e0a933d5949b141183c44fa734be9b243
467651b2266f7090989b625d1aa5e7926f72ce2ce8e2d9653c6773d619f53ffe
a1921ff8592de4aa0c97eac31cef14f1805bf5a866b75b639b589732a4c0f665
9b5fbd8bdd94be6b52e5ec5480b5f011a03cc573aa0dd838b53e19cf72f6659b
0e5c1b8deba58d86ca6efedd7959e1a9c744942e15aadeeef82e7b12f6cac443
a672095d712d7473463cceffa818e8edcd8727c5457ff1a6083002cc8c5ec797
e2e4f98ce6895c6f501f5207d8fc03fd2d92c60a7fe849fa3ac655098c243cc5
e417742a9057ff5b4c8724b04d19ee1cd7320de6111ce98a0782d4718d708cc5
7f5b2d3fe9ff5a0c77805e30825edb30342ffdd2c16c56304d8c549c80d1f94b
0bbc425fb1d946c66dc66a2bab247901de14f3b8194028bf34d92c839f43e88d
2072ad5372813757a22e1632ac5a14c052574c26880834e5e5001538d77ab063
7cd4c08fd92eed6eeff78ba1aa11f7322ec18d721049c0f8cfdf7726aabb4657
3c5d8569ebe13dfda23306b11971e4a3434945b7c3b81aeeee1d255ea558d192
37513f4ff786d5f667c77b87c6d37f502ed69286fad3a0573cd42c814142175a
7001fbfe80457508924a2824ef8f5149a4de290c17c7cc2897687aea478caa22
eeec95faaae243d2adf311ed55445879ddc1584d3a9a54ad27c3f8f7d279e02f
c2283107d5454b7420ae9c23824cb94a118338157951dc1e367f4e25488f21f2
05f939deceba7a5d527b291c43164569fef72d595a2c30bfc69568a06dde3f26
f642d7e0ee5eac25db24009e77cb3205bdc33a67d2ac1a3f507bc844860061f6
fd466f72169546978c4042135d8923545e64a8ea0c6834c4dcb2ae0827ef67f2
d227e795c7c8ab152ff1777dfcf5d4d8ae71a6f40f0c84527398f1fa5d7737c6
4bb3cebb7de69a5a02a1d6c005c9fee1f2a63b4bbbca11c8205fbe3bd22f52e3
46235b1e106e32125aa1f63b46eaecb6820f294fa0a5f2cec64687a70aa9298e
45227f824191fb036a48f72e5461781f2c210a2bf75247d723386652f4954e44
94d98da0ecfba096e202f1ad618390ba733b99cc2688d365dc9a9c4ab982ad32
5afa44e639ffcddc6cb8c05710b1d9252a18f291dd89988cd378eb38a790dd80
497ca8fe9373576e9c11a073010b027383556085ebbc47f79fe1a68067d0913f
fa24c1ca1e24e42caa31c859eaddf803ecc8d8b75f0353bd751faed24b0990f2
3a945c3c5b88145e5efc7ed956a24a2a3252f02452245c6638e53342f858357e
033db1c6ea3f95070465edf3e00ac0487290ce7d70f506c8eb1d8d8088b477ef
7561ae8c7ad2ade277ae39f0d96ca02d943cdf0a78f5d291071758df14a470a8
13ea8ad1880a876189a99263e29d5084d583ca4618f36b2a0bc42303794ddf3c
714bb6ad6a0b65c6a8bf9e07949b9a89b7a86b476e77836aea1582aa326652a8
1ef7fd152354083a93c1b7af7c34334342dacdc0b56773b73076cbc75f81d167
b1ccac36544d56ecdbe8da3b38cc0d1befdc3aba57485f973033aa12703ac420
c56e5409ecfd24e3e2766031b467741bffae04d14bf04db1c2b7482ce92fd9c4
28c36beff7c37c30df8c98c0c7d63855adbb2150575b6b7df35d877a5303de03
662d367ad4bcb54d5a219aacb6d0f06534250a4be8e255a0e5d3af74288ca73d
4de10610d32322c3e82a48f6fab4966f14d068cbcd1f83d4b43505a1d203256e
b4fff9320c1c0ac57b462812bd83381748cae7cb59e387d0d09f9204a913ef4d
d678bed212d9cc35f304b2c6555449441edb1db6aed0ef15b423cb0236cb6e2b
5d4a6ce6dbb8d05ad757bcff746b9a9a8aff551aa4728617bd208415bf1bbd9f
ca249958d48a8026dc3f3dd0fd34758d63ffc343a3d888d7160588935ee8103c
53912f44e8a7236ef11d7df96fc9b097434783aa08776fc43210e18f957cfb03
eb420839003682524db5dab5c8e6f72110cb681f290d3b786d0e51b774fd229d
7afc7abd8f472596f05bd238b9c5f093be3e0f2498068f77d9701b3f91cdd372
ddff09425bb102cb7623a979a0af8037775b6b332ea500b3b6f01c04518c9c57
a9e3aadb0caf90fdd6c890fbc49c48e9dd41f8102bfaf7eb40b525d7ca5ef07c
079c491124fe5a1e21e0cf9bfa2171e2a4b808479803d3a4f427085767482e5d
8cc6710279a1235ce163bcaab3dd80f1fa027227eba34ae8636b89c034be7dec
0f0b94c0811bb6b1a6407fd843ab873360330368adf38e46e89739dd3fe31d7d
3900c0f596506d5c69c197a6960791f22256390ba40e9069aabcb77bbd8503c6
e0d0112219d17da7feed8f33cddd93f27048b0f7af7455f8aa78c683d2e7effe
58922eb1cce17800dc8df49bc2643074d8f81830f56f81dbb3e63d2a89dc1142
24d283dbe01799e498b14667aa530046563e198b6f29d9a2d10778ba73d848d8
a37f660913ef4b9e9858a8c6b512e2a38a5c97fdf929addeb2b888eed7a5bbcf
d3eaa87025aefb86d8234afe90cdeccf2ed2a96716fb403d0104cba201e5db24
6b896f2d1e7ccb88c95c5e39d0eac00cdd41ef36eddb4d224fe6ef38de8ffe42
65cb572481015af1207d16a5b2d2b751eac571db8425d8e234642956b95ad489
e1a676fddb56d1309aa813e68c503684c047107e26773f26cecd3dc6bba85aa1
75a293aa094c537a2e2f203bb981aeb3604c86cbfb4d23d23f76eaad0c81d112
9f1476894ed167dd347a60e58b1e1a92e2c9fe5062e2c3d6ce4b0de3fa38409e
96108374e88ce965efd931da4905e1b7b94ac72696ef64646b88d555c29e4691
87f9190dafa5c3f6a454320e786c8962f9e2daeaa135804395f0d07382f3ac05
c66c4a39b85416f527f5a6db8fcb2bb60edb401fd662b74caddd606ac791c2a8
a326fd3c8075518db7b5c4794fcfc1ee1f21d88603ce98f80a427d5ed14d9170
edf3c99fcfd880edef3f1e4dd0832dc1c4790985eb457de290063cfc1cc24281
ae22d45d22268a5e7927541e5b713b44917a18f3f70196f5224cab290c5005cf
2fc8826bf16442c29ad1cb8386b44c65ec769db054aae01907606de71d340b4d
97897d6a45e9343c325363535fdf33accb3c0fe49153005e0425e1a7504e404f
e551e76e0fb4f9501439c3de2685777c47dc8a1e48fc891737f14b3dd255a72a
825f256e9c0deeec456bd88541b9a43d618aca4869ad9cc3d2097df93fba2781
0db8dcf8f0568ad4fc81944efaa0a79b04ff97b6bff0f1d6ea833778448014f1
2514c852cd19166d811b05659fd38e1547a5acb254b1af7fbf90095edcad3921
36906b3b75559a916e13e4cec30b68aadd8d938e4d58f73af251b270b487eb04
55a4caf2e2a9bdf86df11444bc7182da70738631108da00a6d219384c13db832
0c8df22b6be191d3d40d262ba2155c2cdc54a8c65123cae964916feb263dbc05
95add1e2348694776d5e0e243d99a2ba3f197af419d38b7b496004aa9a4aea4d
55fd270122f7c4f33f010ac6733e1267bd8d418cc2bc216dd6e4b3f5f1b98617
a0f301190d5d4fec2571cf5644a74e0400144181046a80e21d39e68eb5fa10fb
0d197f0f1b9c79e56456472c2e5dea8da2ff0ae4bbceedd42470830ad7940732
dc21735e8f6054bc6d1956da80ba17eac5c4094b198492017a09015ed634a504
54edb6f41d026cadedc89725554654539cf55e0406dcf480f18251e15106d936
5886b76505f43dad385b3fe5b36e7d55a9745fee8ed2206a01c1cf0d629553ff
479e3bbfed9d78017921e04c95b7de21e53e9fcd8c012c30577801aef2558388
d6152cc7031cad5ec15b17c73824bb09017984b2e9c6f4b1f7b798bbb2239c80
49b416e8f866bdfb5d770b0b1d90809a4531a69f8cc588b2f6eb67707e3d7f6a
86d178eaa78437ccf6083a409262ae1e620094e84ae0fba112266143238fca61
7ab9776cf4bb3aa7699bf0611730e2ab3206b58ab8313316fc9f9797801226b6
6057a9d07dceeb6482b59a86e10e4f83de781b9fff18aace34a48485439b605f
6e5b2a47660d81274337741b69a6de14f8b0dcb6b11aa8c5e391b7725bdb62ab
29452642d52ecab1ae8cac6fff8836e2e71cb882b0fe4013c0854cf7bb70fed8
8d6136fbac10132c7dc1d1f446ae6e1ea8bbf2b3f864959970f5e9037d194252
050e32c3dc6882636f48fd50386d60e6364a976e071094ffa15cd6973393e5bd
17f34447492a054865c80a2b8ed3f8db535829ef27089df3f232ab5053335eac
f5f9213c0adfc4258f1b4904283b9dedc5e3eee0afc3cd7d41f86c4f4d4753c8
7f6fb20477e3e2e1f070e7ed3b3dd2d1f547e79c450660696f2b9089f5e24a1e
66fddfbd58809768d1db50592cb36c75a07ad70ba7d86a66344a275b25e5ab15
1d982ac43917f28d59a729b4950985d45fe991b6dba9a2f41f833eac123c66d5
c76af5976a76ff5218bf7ed22f285ff85ff44fbfc4dd0e835945efbb1dd93782
b51e72f9d9e0f6e009cba43e874f0b28b840d6bc5f0061ca086c7dc0b467f05a
201f3e27e42ecfdd40f0ba2804f44fd53d2c0071acacbb0564dca77926df92e6
ceb305c720b8084c4ac2b5a22d1efe449313f421012845a9bf18160a59d89255
82db850ae77b0894eb2f6350cac5f1a061dc2e09a8c1ed23afa73778880b5aa5
b65b573d8366baed1244ee8c22c0bbea490a33684632b00d9dc69f8744cccbee
a10a203ab02d41369bfc79695634e15b1cb72fcbedd683a15935e9f90ec15702
0e8e9e4fb42adabf9c6e91e43444ea2ccd9a49ddfdb3fba57f72ea3b8b257e55
86175c6a3c29f9089827e6a1d034e0357ecb85a7b6caee5d006ce9a1d5bb2088
8d34bc3d7e269b3cbffe8fc9611e9069d65f63d5beda20c7d4f4e4f27563442c
6900b0e3e43eb0713bd7ff628e4e299854f0d7b9e15b33b2b4d65b297edcc62c
16b45ae93ef007132321d6a007a7095165f5e839d531009038515d8d8e15486f
d89452a7a65739f8dc0537ab8c3b34ef3c15990e6000e83c63aeb6b55a57c36e
fe150b4d0f580af8adde711c87607eb2c702f12e49eb4f5ef5a06e7fe816a78d
dd9b38422df2fefb2c776ff5bb8090b0bdde58098cdd89d5244e6ccdfa53fdf6
66db7f6e3148f9eecffab76dc20649adc65d7fbe4898498c2eee3b1712462433
57b83f166be46d2a80358ef4d1f6ba682aa74140515560ba7d581dce3164e82e
08b84807c230c3566a21d69633019c4012bf425f1db5f2bc60f084044c29d375
16a5e35b6debaaef5f0d2478e4cbe47b8c1eadeb920ce0ee6bfdfd5d0ac1a0f3
76bbe0ead489db588bd1d3d6f9ef7c74d8f8d264dcd3795b13996434dafccaa8
5f28a8851c1c3042f5ce80bdad19b4f997f566d48bcfe5ba82739f227ef55176
02a2ef8a422ba04d9a5a0596e8b3398f278717b2c61c662ba71cdd61dd4b94f5
4cbff598fea9616bbc409599834d6ffaead0a3afe120cb88caaa6ae4daeb11bc
848de677c32cef2394ae8aa3b669702fe9613933f1f6548a60d1f74cb058cb51
072b0a27c028ef65b5209f2bfb987aa302a1612cbfb552973e1503bdea46f1c0
54399882c40173849d1bcac9cc3af962fa07099fba5070f69d191ca26e562204
5b219fd9754b80f0101359fdc8f373e61587a5e90b53136a715d64f6b8fc5046
c64fa5d00266641527ace78389b8653e5bdb2cda5dc5da56af4a9a53afb3b13a
cc5682d73dbb27a155413297df04655dcf6f255ecef86077323ad638260b6f16
03520942af8881a2d84951df0199044b30e787a114c090e0a75ac338225a4f94
879c81a38d37e7c49c11000666e8734b5944d87563ab92652ccc8eb0bfc78f88
f8537dd3d11dc509235176aae71ae5c23810ebd7a1b95d54330379cf639f9abc
c9ccea84bf4ada30a529166a0468f51b6e085bc887f3fdf565c9592c1676d0ce
a6fd8443de0e4cc977f9dd606fbf916cb66311752f4a34f3eb5d911b2eadcd7a
20589bb68c30bd9165c43c18b651cd2820668ba6405b285b2f528c9890bf68e7
d4232626cf888c3f9487e2ccdf07c8cc13e2f82d12e135782705a8338b037906
c23df1317eb4b1e78e078e89d80eb9792f56ebfab5e6fae2c1acb0dea3404921
dc92a748f94d576c94341d8633c9df8a76454a5b94fe0b5e00e9c307720d2f91
756b1fa177196161619c725e704990b00513a138121657f59ff0828839d0c992
a12022ab292be440482030fa0357763bcb601d2fa21f31992eb5aed924426a7c
1fd97c59633b1bf08c37481e80ffa389c26f4a735f8da68afc10bba684dd7c1c
25bf61867fb5a13347425dcaadff40eb898d5e6d83f986320f0647c59a02c6a4
9230ab2f0a2cbfaffbd455419e6efce7dce38d17320b0a8a12a0e424a83d9325
37d860e0c85c17f14047a0c50b80978acbc721680ab3203532b8b634b4e865a5
3c3e9b13b6bcc9bfe875dd34611b0da7a2e356681fd6d6f005d9fa08bc6a9622
ec86a2c4001395082e54dd2f47ca2d500a3586166e241c46036c056b0a30dfd9
26bb2041561814f4448e2c2b26b0a4c3883e558e03b919284a17563f3b30962a
a039b3a8de6f27f6893c3e472a03ae7c9d61eb8c7a194ce2c9349970d6d9503b
659240191dd701be88105054408a0b45753eb2d34be603f6f154e45ca5bfe552
8501c1077e70fa4e8234bbee9dd9fce6997f54f5fb6a3fb678ef736773b08393
da32c54d3b22aabbd3b490edbd79178e5bacdfd16814317d3b8c6eb5e8506d28
96a20df82c0f8c173a55aa83194f7788bb9b69a605ff4b8cdf65c7ddc10ccb63
c522dd4e55cc3eced437beeaec67623f2ea42ada2f31fe4f92f8e5d998e9a1f4
4244caf6b5613ed5fb28808018da1e98a28fd2531faf388fc3719e44a660da12
06486c75ede674c06daad56601d67be2c9d74ead322c2d23ffc705b5231058de
528644c10dae460cc87c72fc28727d91fb237a7b29e2ba881aeeff1d20dcaaea
5eef28e6356e383eb4175fbb4b5abd2624874f665d1e5abe5cf5d72c5e12ca37
665bf67b5fa154d8163ae33cf39c0f0fb814c2147a22a6a68d3543e06ab98e34
640c66a72f3a67a6133a37b231989efacc79a00f37f3bdbdbc69f46e13d6c94f
6bcab0791bddec0ce7d9bc49ec3f3a3a16688a1ef45e2dd8271dc13243d0b920
54a4843e4f2bc4ce5941e12febc10f5343ae345d53fef61fab9c5e0353667eb0
113c05ae173b243335c2614b9c656129c70db39b7822a1f8cc864ad56c837103
3d481f2e4af355256d48a990fae7b8608024a990041c1ecb7ae9b7653607a2a9
f2780db7f4a44eebd28bbd430797ff0697e1337151b6aa2f5397a0e883747734
4750b91d823ac555f9397a6a9138e302348aa6c5b932d3a0901166ccbe103ba6
9cf1a262144574317570e6e381168fd803669835066956345b076c3254c97432
653e5f649927408de423250b1ab89134c6f01cc742df2166bc0176ac6e7ed0db
399744bb51dae2965c51d3a7f560fa614b5a04927c195a2237ed4601632d5055
d5aeb5d661fd7214b5c0bc40c885042c6f1f1c875f21474dd24e5d7a4913f77d
3c07c6f14d8cf1c23d289c10c34fe8b48a776b1f3e1190ee230bba83358dac8b
98f4ef4c79b7b14aa814e66d433f22b66852255ec1489bba27c2ac6233ff2d99
ff6f3ffca4382561b32b446f624c5083feac1d392614042accc1c1987363278a
d52c4adbb7bdaf7b9c959df9e28ddf015919da8b3c8af2aa97df0cd38e640a5d
336aa13878e7574d39c7226b29947db212a335e6dc8b3a6243af6f6b6f482e16
e4bbb7bd1218e7dd611d3a004b4e275aef042345f894031420b55ba3b9d37516
77360fe6fac2ed944b4c570a6a1518f59b521762693c9be3155c015a9ce8f800
302d4adbbb4125d2d5dec94ac655785ab1157705d98017a4b2940477e308383e
44a8748959c47d23d115e27248912a9366f945d90984347b197cfecdfee45099
f40471b62250fd5c3fa14e064646d233c7ea29410135a623ad9e6a7921c1929a
f171eb939c33a1b068b233fa5e74cb56ae34c78fb5cabd983264345dd099bfbe
b81db1c5bfa13c880a23a8d81d10b3da5b4e087d659870c05a59b573f7b5adda
14b4ed3abb02c694ce50c1194eb8493016dbcb6654de7de69496b4060819e40c
e9183707985e17f7474d13e64cd1028e6df262262e671017b8bc0f00d485aa33
300285642c061b6b4b4684553b5a524890a8efdcca85d2a5da66ba66ffd44298
e75f4f5bbf6424a5cbdc8e47c3bfd2c51701c134534395eb930c920589a66411
6763422253974b1083f24a77fd00a362e2c392a1bc201bfbd3fd2d6f413cf69f
4a04ef5a7b9e668ebe4f8f667fd79bee2cdf1fcfbbb2f69afd78b83a2cc6c611
354f710e9437b81cb337f49fd3e82942e7066d37b387d9bc0c173b9d7774f97e
09eb4a4e670eef76a49a2c610b988b1e55ed25619ff2cc5edac05c969dbadbba
f4f7b0f86d9bd8ba0bcf5d56f7cfbd1dfc69a0ad7f8a6b1da85eda15d53c1d99
55ad141d9630deb606941680b80c20df00984090da44e8a98cecacd7ad10debf
359b6fb9a7db3c3da379e37d6bc7214fa17c2cfcc752c5b28c33ac42fb009ce0
b94963bf2fd90ad8edbadc65e82cb49051621abf760a958b451e1bbe160f3ac2
0e309417bef22ccf7228179789a050c1d47b8517e22431b4f05824fc3ac8d6ea
2a1eea6d33f0f583668d59d4b35f58db46e3cfb04b455c424858438b3973edd2
69646e34fc516870027c28ec1a114d4bad66833ae39f03a9a1037af6a6a269bc
4188dd75c1b692c0acb457b4ded07d22055ee24a6969d00da62aa5cf70c935ee
f98a9bc95db0da36394b3742b411841fc09cb5ee754a36ff276b04ef58fe64e0
22f374bcaa7021ddf5b0c98e6f86ae4e53d6d89e0c63e958c39a9d266122c33b
88832e17aea316323068f7aada23f9382a0aa421eac2a2eca3b169824d49c0e4
8ab296629749a201ed90bfa6a45020346c696beb31cb6f42fa55b1909f52d189
aca098916c862f163467ad0c54967b062ce7803a87ba6291968b2bb0b221224f
c19c1905ae1fc94835a4cbb522de069111c121ba455ab1f67b74270e701f2bd9
5924834949a1eec171f1d79a8e8edcb42c9286382959fcc2cfbcb4cbbe0fbeb4
d1e366d8f44435f55f5cfb6855b8b62f84739efc9fda06622db3da0548c7714a
69a6d303ebdfcfe8348ebc130c625252ea2f2b87972d75247521986a0f66446b
2152ba5f66c416bb9d23b8db3b3a8d7c635e91be559f9194ba38ad1faa9abbf3
8e8e960e1d8e5f2e924f5d942da3dd4f5de4165863eb1979618f7b274fe3081a
ae457c56d6a2a0f053a9cb3637ccdb77f72ccec24385e4c2c0cb0574fb1f0675
a72036297224dba2f955ddff2e088752adf4125f8e6e0e388629df21f576948b
fbd7f7054bcb6d1b8492ebc0bf21dc8ee27d5a7b233eff60b1f6d9d992b191d2
851797cb34378c56396e67ee12e4e3fab7aa68dd3f66591638cad53c1acebd22
6dcf052fdde90717ad19ed5f35a1a0608e8f8f08eba3d346a8120fedd6a91eb7
b40bef313d9e31b680641a2d81f8d889a667f425a245652d76c6b7f11c9546ec
9c557e4bdb273684801b471f1073cb241ca21cb39779e6d088334ceb8e482af6
925d63dad5a5082a9108c495c9134fd2e26833ba7e9c2ea2594cdec4f8fb165a
7ad12afed1e198418d49ca6ec3c9d745f1eb098b2f17760d45fb5f9cf57d6e76
d0fbe8e43151d26e229a167bdfd375073a1b454dc6d9fad870b77e903f9a2a49
3e6eec057fde867a908961c3198ba6bd68caaaf78e22bf28ff94e56aa4415484
b4c649937c087cbb0ae81224b129cb5b34db417eab0549c463e8aaea41e70099
aaffff500e22909ee9d0fdb402e628fafd70930f7f8aa86ebb2e0c5747570dd7
52772651cb4f78a7326bd5adbe5db0a89029d24f0d2a689d3e015db08640a73e
7c4a48bacc363dca75f7432f043a664325bab4d54b2d877bf419d88b1731672d
aa2a16598df641a7cf4ee4771075ddc4fd9cd390c8404ca56ccb10341ccc2986
5cf87ff6ff758de353015b51f9e8306eaf44ccd51ed781ce1ca10ade8de9f277
56518549580b066ba7a54f535010485da7f7fa5fba8b2e175d6fbfc14ef524f3
c1fe7326a564298a72390ce0df63c441b6498e8a205d435be14fc50b34898c34
44f840aace3b60b48cc71418e4b63105bda3157165af800f0abcc8290bd2f7e7
caf97bc59c6da230ead89a505c15a817864ec4ebaf9ad8943e0389d10bda6979
ae8cdb9eee64bdc1cb431bbced812bbdc6ef9d4fef3bac9da65032828566c6ff
fd01264d3e2f7b38190c7dbd3a158154cc158e763d9b2d2eb42d5232a3d82d3b
7278713e1e6bc61484aefb52260d9f2dc5c23236e5461a038945ff067c6f55cc
4b967f31491dddae400ea0926bdeae0c9d67e42706d31038c11fd553d99178a4
4c73539342644e8cb20e6d1f762a88018eab8c5eb8afa799cb6071f7cab2bad8
41bb9eb951a2c8a79378f6ab0bf13d429f5026f135579976314d96618ca0d3f7
9f4b2c90d3694d285ac35eb70538144f7b1f12ab4c6ebf5cd9554ccb75eb92f5
e9d650ff223b2260139f3cda7653609747e366cfb234b12f312e7839b20594d2
02a4e50848588ed71989b7f6aee70634a475f9711023ca26311bef72834d9400
6b679c0e7953fad28cebae631ba8a3106218b266efe21980f00ffab56b8b5666
8fa0daeb82e180cd54756057ccad9dd7756b1779199736743a9d16978a9518bb
e2f3dfd10d6fbfe67b2f9fd3245354576d4b2c5e4999d3dd5195f5b8b900eef5
1e24f0a23c1f5f359d51e909f7194f38a0fe53053fa0f33e0fb4f575cdd5752f
edb4e7c81a85323bb14eac259854d194f0df4890126d2de083391130be2b830c
a08bd874b2b2ecde7498a693134c44967d25657e97f051d87cfd3ac2ab0de5fd
651a9c8fcef85e2c81a6e3395c89a7001305095cf30ba31caa99a70093a2eda1
68ba1559d7da0a5f8f0267cda48e057f6e66fcbb87e36417ca14093cf08e426c
f5c80b3d84c58babbe4c461504798cdd1df86c6f25084865fdd0db266425cfc0
5be71f0554dffca9ec0c9db692ea6e63e1682d5e1a2ed6aa4e64e7df1e07aea6
bd3431f5c90da86845dd01be62fb962aed6dbb7272a4731cbbedd5994a3e808f
eba234de548f95d003675b59c2181978f2f79e9b954821d14f16fc2b711807b8
a7f58ad42996fcaf6f54e54ab423230a4ce823344bfc75297d797e7ef9742a1f
9bb62a17a9a29ef9e77aa03b7249ff10d51a0691a0dc91d85a0b4ba33d422072
07c810b646fc50dd3bdadb418db08778c5c50977ecc8b8b9e703737f6af06bef
f62f8d914968b15f9a6837f776315ab71298ea437e93bd49e9110fccd5e685cf
79b9a92d03314c675d7311f83a47ba4cf5339bd6e841d6f7706102e9b8086a83
8c394164c4d7dcccbf42db13f29bf9b2c658f2aef6f4b2418b1f01cea8f725ae
e77005aea76bbcbfbbb6ee0db7c5db121d577786d319de50197707c9330c3984
337132c8b48b0651987b026f74369e11be66873130f8e7b27f1e5fe6885f3172
78c0082f57fed96fdce26a2e04fe4da9922b1b59da102e9a27f392d432548f66
4eec55684be37b2293fcdbbb784822fbc0654632ee6b9d7c076254d91888a23e
51928f05cab9b7e5ad6ecf37d3e2748a6592a6f18eb3e76934ad0f129b6b52fd
02e7e95b2533a43065967b2325a44ce9ecd1bb1eadcad4787ed5833933571af3
275d872d3953926ba27879d2b6c019968c2d582207c21fea6a2750ae6f580a6a
c6e34a323f4ea2cfe54398081dd600ce8ce11211ebf7d36e02dffe88dd35987f
9044e42a82b59350a1652773082b0fc9931dbd61cf92752254c8e39cd94a7fa6
9a8255e10fa7034d3e22b4c503aa834ff05ee39a13a3d702a441999aa4f9bd75
28cc6de43bbb59cbcc97b63c90359e3ea601d275a0ed238de1569de1cc9da9b4
6b5432c69ae85523bf532365d61b6748e091d863e75095c404cc09203bca2f2f
a236c1d86e37928e77bf3ae3a3356a3671fc1254bdded46be88506242e1bc08a
dbe75c2605fd47db3f9ac3b88431f312b548c1d7f5dd64116c89068ee81f366b
4018006285d09645b1f804aad15b2e9717c16205de6a90f614304b3c05ef8e39
52be2a4781f96b0d61c1675f0e0511dc6723e6a9f688e832374d77ed4099beff
23ee622008bce89fdf7f5bd55d1bb7a81cc9a1940852a35c7caa8e1999794a19
05d0dd063034736de91f5d7b38c10f2801688b8c2c086c01fc604d3c0e62506f
e12c490df4cdaa40bcc4167302c497e5b318a80d743e29668f464fb70958ff40
f3ce6c3b0d182a3bbdde6f83fed6ab8e8595510432b2ce01dc8b463caf441701
352a21dbbe8950568ce0197eff399ba180da4b498bde094f2b938eb0e5d7e580
8db11ec079047bc88f21554a27bf4af47ae8717fb1e8a3363fe381441ce9f88e
5b3bf15f4b29b6a9b729c770c1a0d242dd1eefcdb9ea4ce9eaca034a886a61d4
9a2657cd4ba2843c45a8a1b6a7307c535898ebf9268801932023fa225cc259dc
3205c3f9ac4efbebc87a8aa3df09782c98166ea8faec2b0e35f131afd909399c
0f5886927bc5a1c5eb504b347a4f7605ac886a89c403de20fb9d261fb66f0367
ff5c80c4900bc518d3707475c6884bc2931438a18de9bb11db142af658b1b4b4
31d018802366c509f96671f8191df46b9e3a9d0ae09f0f6c3423a285c00fdb19
4bb0d54eaf01875e85f1165a395bef2b971c1586d078299fca0146bf6d76e5d8
7dc6e6baca79eb94de09e4814189170cc9baf6818f34f80a992cfef0d7c49de7
30bf4accaf00131f0db2cdae8c4078d8fc2af29ac89e40e244d1faad44a058a2
6bd1aa70f931ca1eb038c0000265c106b143022cb24d26cafc1d0678c3c7caff
d7c54081564f598797f834c3ac7bd981896c78773ad5bf6411149b56d7848baf
0b0c783c915e8963cf904b8586b4969b6c5df33611e9f1cf453cc3ba2d1cf8a6
fa03a9140fcc19a47b1a71b35bee1eeb03512447ec6e8c106006ec4760141784
ea157172ef9fd393a5347a2808f3028436a08b4c84198349eae29f7553844c89
8d6d144c702932a21357a78aa2b468a8753d106d902da6e58f18329b76e75123
6856fea9eac5fda775cdd5ad1a6199dcf165732ea97ab664be71263d5bf4ac5f
f3b30d67fbbe0d91cc868c15372712c2a327f3a1d0c0d416d604f77db2a1a8a6
9f945126c3e75556a46ff458c81bc873fc52091d63e32c097cd97adb3c416db6
e0175f6f27494cec80ab77e60fd1c05bf6d0702831137feab3dd9c28bd1f61f4
97731f7aa37d28b6addf737ab5c9b8c1542b48ee296050f6ee8af0d08bed3742
f6ad96c81ea581d6fe80171eb002cdba2d9c0e5ad3d61a8e527ebd223750b9e6
b40a109ee82dcef202374b9cc1f626b59ab7209ec77a28e28ce0cf1491d5959e
58b46fd76dcbfb10201b545ed233a4378ba54a85b1364e2d2fad21438218444b
fb7044d193640816c383964560115a5d7b3d005e02e663b4632040eeef1be1bc
dc6efd978aaabec3d10823b24f6b486bae7766a92dd0c07d94c4bb883b71b9f3
618b4eac63c81c3a7a14e3607fc24aad89b2a989954722f4e6c1fb73858197bb
c1d01300da5a0c35b318542e3640349467fd18fc9991c451bc52d792f972d2c1
50d74432e16dd8b5b3b80bc5c4f4575bb7f271f35a26247962e75f26cf8e6519
4b72c359c07769818faead97da85da08ca3d8d130bf6071cbe694be0463297eb
4a1b63ffa326327cb4d82341c680fdb65612c6868dc4b7f2cf1fc77b052b6af1
271480f3864df80eccf9a058f0c7e4e373392ce97566e690e750dc891a505f88
c64cebc68dff850aee81d9e4525bee37d40ddf1908768c4452fbc58079c2d0b9
79b2250b3060a3ef3d6c39afd074050ebfb6c9983b543571a55a4228819ea906
743995a826a19bcf5149839e47802d0cdadcf5ac8c20c25f0cddb1685b338a95
a7e09ffbd5b08b3f68058e28254c4bf796c097a73e1c1735360cd75c4503e92d
718ac8ca014dbad0ab0dae55f1596ee622fe1e3f037a78f476cd9c2fa48dc0bd
c79ed6899f62d3c9bd976d96caf3ad67200f431eb844e103a561edcc59ceb61d
de50902265dd73ee2879bd29007a7088a3f944d0fdec6e1609ab04285cd11e81
5c6a5dda04133017afb7af22f080f4a3e8240f0e78e35b5d80490cf1f11ef437
fb3e23045bb783081075f7b2bcbb7d1845d9f44b39e2ace5c4cbd3dce8132f03
8ff7297f4e1cbfaf7856791bc042b84192af01fe2b16b96374101f77183dd48a
99f0383a829c84acaaf66bf019cf58812f32e27d49e0e4e8215c5cea66705254
edef93c935f7d243945d4524cf73b6836be91811710eff23fdb3bf9da4d77d2c
82023642af5ae309e07a08ca99d4c7c125f0296927bdcfd15d4960735ed60f91
42bbff534380ef3176498481ad1a0114a03cf734e34ba96c59837974d1267841
3ea30aa567bd65a54009bf181bf4be2445a83e506692272980f1180c02d81c83
47f12ffccf12f3dd3bbd3275b62a0d5482eff081b5d6e7174eb71ceb6927c834
d76888bd2266687f49fb48e77fc25fab801f005b060d2cb598559856dcf9b7c6
be0fc436aaef706617448293f44475d78bb26714276b454f6a3c6f4d3e4e0e68
94b547cf1de7e0b143607e7b172903663eae664cf656e8308e03de59c7e7ad10
052d08be5eb833da62009e6b31de0de9ddb2eb23b56ae13f47f52c9808839408
e251aa1e03021e673ae0309055d15ab9978ecc6d35b21aea327d750dd8c1ca5f
738dc7330dcb57bd9fae1d07e02a5f87e39c7f9a84c352daeff09e61ae4bcdee
ad69e63ce6e6041047ed15f7cb38bc180960a9af7b3dbb1e969235de8f77dae9
5625aee94d61cdea1ffd754ac18bf908bf0e84b641e8eb6414a45fb961b0c459
68d9d838cc10a7e9287d689cf9d88fa6b34a33645ed4c0124d3a91d0f6591c70
4da09420a32b0676caa7e756b9fd5e860f9e01a314039c7ad83d4f87366ecb99
3424a21b3bcd975adae6ffb178bf96017dbcc159f2314232efc3641837e5bfac
2a038f7203ff43bf05a7bb3f1661b42ee5cf527240ff1d3ce49d6152d2df47f4
d2ae5435299cd9304cd44e0632c3b27cb834debbc5ff9a8f11d3ca525d2955fb
bc3865bab114cd56d8c9198f4824d40367e60b74c182e4ed128e088975115c3f
d715a07a8fdfe6047a1ca22b750587c4420249b2da70b81696e14140363c92a4
ba754104c008e9a9fc6d0148b8a0cbca6ba9915b04f58af2351241f8c81f6e6f
a0b46f007c1a4935318ac7d13403ce0280dbbfe43ec04d60635355ae06bbd327
1586c3b138908d2a154a7314f827ca6b79436a828901c3c80c56b1ea2f8ceaf7
945504faf4dee247934d094a0455029c2dc97b10421b6e760569b89bec9a78bd
a2b984d8c750a1d04e46a1c57cb62c86c3aa28b55b8dbccc164198366feb1772
85459429a189bea53cc77c69e44649a84496d104e14b76b9192f974417750d96
51f31179fbdb5fdb2aeb83cbbb475afde916788569ecc7a1957b16b22db38f2b
64cd8b5858b936a36c259043ab898393ec29cfaefa66c71f8528c0b2dcdb7b68
be0c73fe8f90788241dcfb3a97e549a294b8b3f69aa8f8ef9d7ea9a7db06678b
0aacbd7a9aabbd6ea25589f7456dcdcb99145e036946cfc576eb7dda1a5b8cf8
53105e018bdd913b6916e7c2f4373ca2db6128f89b62433ee3e232d6934740c1
8daafcdb722fc9196d8704a7ee1dacfea17b53b5dc98c7ab80de25e06b3c4d30
0da598104f8c50448b81007c3b77d54951a5071554ef8016b684dbabacad0449
94438bf1e3a6df8a168a5d13ff521000e1ad379b01f92c07bdcacb64d24d8b21
dda01c7e252cb88aff7e846df4c2af97e0fa186a17c47feebe4abebe7a24f868
1fbc036739c514b4afe00db4b8ac7eba1fd06fcedfa3b353fa8aee481013f6df
e4a22290d523f9d4f25d74099c9e46f8e896ebc45ba16dc25da836479cc2e9ea
2f2a1c156a86f856f451670be2fc399f2f13bdaaeac4b8f8c350ee95087240ab
e77c7c1c05e55eb755cd39100b0fc3b5793fb0f4b7ceb082a94dc2e9bd6b5842
a655d8274035023eefad0ce0a22d2120d76766ff0a3b294f37403d3e29c415df
c1de08f6d380242e0a06068408c9e4893a9af33b1a8567d9fa4d942572d45533
f1773215f17ff5cac99741935b9284fb459bb7e7fdfb5068124f9c27ff01e826
740a7608f5365af09eed5507e6bb76209e6c99ce6f31fc5e0fd1878056e3b68a
78145f0cdcc064ee9f6c17062136e488a6e115d9c3643440acbb09d1432ccc55
35b5eed34dc4cf311da776985a9160aedf47ec7d4d1889fc71439eb3619b2d37
1d3db03c3ba37802ea72ce1313524ce6c34ea7027132f100821a361466d7e429
14a79d9abf7c885ec1d459ec5cecaa3c8e407a19efbb622584c26b3c170c912e
fbddb6a8b27c7df8e5f851c6e8f5115afcb1e12a9dbfa09ab89493d001046405
3e495060d76913c717ec4d50b1f763e292634289e8a93a3e8ce3f52ca34b2149
9147b1d1cdb35ee36d44aeb442b31430adfd07ee77d00c8ffe007e43996d3e6d
7d6a94f31afe40f4fc18f173aa2b3ce66a49238f3f2ad3128a837301896394c4
737b12347ed2312b086aca01abc1060d67e8c63a60752300d7e9882955d647a4
f2920bb264ca68390e78d94c72bb8ed3c67f68d4c95f9a8b1a9da50d56fe3c19
652b3cd8029446ce3b447355c683c684cbd5df6b93df96fdf9f0b0c9f121e0f7
97985ea98a6cb85cbfd06cec99f2102c53c990fc0e4647a837ed45ea5316544c
35e7b2f5d770c58634ad23fbda6d1866868c483292b00b01daee8bc9eb8121b8
99c8f6608ac8018cec265bb65ecd6c541433b11780e8394de4bbfa62140b9d12
08217bfa3dce4071da0eb95515bf5b35739c0dc3f8073f0712c1c9c693da7953
f5a347dc36faa46c33ae99d75a60318fb7ae0bb4410251ec4662cda11e012e83
a5dc493ea9c74f4814593d559afda45cb012588efefb183c9836c43a5dabf8c9
1a6a0d8c0aa3e324972dad4afd8f139bfd16f7b72c91ffd607924dd013403f57
b5d6386f2af28b8adf56e9dfcd2d1271fc0be56af6f39732231dc382a8193fae
401a3545bfb793287f8db56e9525631ff8074764b32c8943c7685af42d02a205
cbf63a134ba198ec49098b5eaf057eac23f7df87c21499e3623ab9c535701fe8
93cbb10baa3b24ead6e82ebce5556bb9321f6e9fb11e08d4a0248f7d01157a25
f4b24eb81f21e044b5bda3c425974ad144fb21ede9c5055cf949cefdf57613e2
46888f107ddc6f2ec5994fc83fe6b842997b883d943bcb8aa5ddccd5935f35fd
633e0d2004ef352040aa71c171266d6ea88a2562cf9480af295ef757d2a2d9a8
dce852811201729bfe44061afeb1304a89041015d84f531748f457304b5ad50f
f8804d1b9a7d34ef94eea4263eb46f6cb1edec62b66bf6a2b49a869cf6ea970f
466fc57aac26fcf3a26338f2d0dc904013853e6b6eb5da0ed077637a5812b1ec
db742d8733b79c20e59ec857fa6baa726873f0a278222bc0bfa0dad88b183814
dfd89a03b84b8ff25f32c01596ebab74884b54f529232445e2468890925533d0
5a4d97962ffa30b7f50040566e9fb7f7d63e7b5f6f156b07fe079225fe4f046f
ef0006136edc82e03cda46ff5a2c46532224ca9b190794d9a9ef540492551892
d2009b1056a5ad448c6b5093e526caa8825e4683232f021123d457f68d0c6c2b
7fc95e62eb98674cd034d5cd5b74cac25ff4cf50b602ac582b516967b5ccffa9
cd96e299e95f802681d3f901ce0c02dff2e8ec7893e41663333d88df686cdf3e
0832fd34bfe68917ba3dac6bb45880dd3c7bab2949d12117cc981fd5d9a40678
95e94a45108e6477158c85a75eddb33560549c7cf2d57cdd4682c144739e90c7
bce1f8b612fb41f5edd7b37f4dfc185c1360f5fe41389df34dcc718b863cd514
c4b569869a5f6cba79328b4d8e2eb3c716d71ef087671a4d5ec681f49bf1ffc0
c1a4176f611d82562f101dcf0479cc50b013bdde0b616e7c6433b3a7fbed4338
cffb1d7e2d1e840b8be132b901eb7ebee6cf057e24b4cc341dbd1115497b78ec
9f4d1d0fb42c0ce1d420d771cd692244cc94d6dba5f09b429315287cd2c0731b
2a2a9711fa145a35d1403bf5cba61efad63d628900f625341a172024772ce1bc
e24948628c8ad318eaac7023392560a3a2120bd827844605c82d981ba608f700
4ebb2ea78362bc5817d8925b178a49c6aa80a4003331cdbd1e90a4aa6163f9cb
65f4d25c06b99e00308d4133cc084ca515527877a1574ea2e84f1048c05e2eba
12774515538cb9115bc9965e62acf13fbd6f31e345641c511b894a92b2ee5a02
d9fe1fa57a3be30c15df2730512554280e5a985d33d90f7bba3d11b73a34142e
13cbf61a049abfea1ce3b0aad67c5718b0fab3bd00036013706bbe9b8e9bc22d
ab57971025e0710c01338ce00f3979c17a4bc6f3cb4e560591f8c1216ce46fbe
6f2d4267f031774a191eedd654ef17cd0c8fd7b8f896535d6db977c25653bc8c
812b5db9a2e85848e0c45c109e36563d76ba9d82ca0867bc5c30c4bec5ce2c03
d3ec2e0b4014efce3d065500c376743df5859c08de53325b9d583c9d2e764c94
812c27c018b5551fdd5739896ceb7648aed17ae6694e90ef5f3822bd61dab353
b6287c15aa7252ce70f778592f94f42974fae1785dad92ef4717ecf4b82b42a1
6aaa8186c99fc64da6a0216f74b28b315bcfcbdd48c4c39b0481675cb6666cc6
9e367096e462569107026e13e48664326f8eb4d116b8aace0a12688b50c1dc2b
ca072efbbacd4f7768610ce04cab6d92e71cd423db8b3341db71b5f9f5b92d98
e6e9437cf6900b8a82ace1e4bf5f81f6dccc839f25677eed2dc1aba17b031a49
9306071b22867ffa818930e9e6f9a2a9bcfab03a0efbc362aeb28ddd24421043
6195e8d0ff3746ccf72079c37439e41634c51603919ce344d5204941579ead11
c42842985d9f997bd357bdfaf09cf4ba01123b8c91dd8c1aed2db76c7b351d98
59c2fbe378b5a81c8f79aa7818947a36c4d943dea9dccafd8e1e8861873e64b6
0c350b9eeb9791097bb092f70dfdd72f033c9e593f3dca36b891cbac59c6f8de
3f6eab439f8327a66a07f3a50f928925d0824eb80b4e80e0aa38603a07099c85
f434a0d8e2d23d91e6e6c1e0e682333e30c1a4228cacc9ccda848c1f10f40e7e
2ba3958841151eaecb85317c04d3d8210837929de0b69b48506f0751190245b7
c6a1bf612900f4239d781f81ad5b3605d20b55dd17b9ad3e2c3b7ef74f947efe
102eae084c426391fb6cca58dc0e2dd0384d01bd632cf24ef36e3c6620e2ea5c
3ea199a999184366dd552dd3df05b8b1260671a272f7cb2286f9873ab612ab86
db48ad37a7bae82be80babc0c96f6bf92f5d014490599245b0c6b3d367cf9dc5
7320e1e7ca567804de67c1f696703eeec82caae59a5446e518f271be2bedd9e8
96cc5b039cd0fec4e223171baafe8e38a62060407642727d5c32205c1e3469ed
24453d0c06f2230ad89b9e591693a471564943411e4e77f28669659b6fc21311
3e705387ebeea8e10d13438e1b078d4d7a217f10395f9fd40ffb267f2817b1a3
9984f3f23d0823eea0f045300f61488b6244496ee34cc6ccd4f66f5fcb0748e6
2aa0e33c603de03718b3e307dd5c355b153238dd19d15f6c850483224408260e
dcc62d2136fd01f4851a42a169f19e9d3bcfdce881a186931f6c4ccd69faf4b7
c7696b3b1594a0d5395da408a2395cb434c5c3a0a6f033507d484aab2e28645a
abda78282c308adcce51f5d17c27a4f466cb42221d551074e0b241319bb5a13a
65b433dfe2f093fdd398145902a1259d7c1fea8528188f5cba4467bb76468929
2d8ca42fa0395804419c4eae573adfdcb7d8a56a15a6e5b74795ca5c73bcde96
7742a44ff071036dac14b97b41e4f21dac51af4f90546ce6e259ceaaeb2937e8
9131daa5606ef6ebae845a6a7751c2bc94de77d36535d72a1c886f39ec864740
2a2bdbcb307fc4055d8f796468734eaa0a49e52d7a64b2ab2247ab2b66cc7821
49d873e4dc9b019c0687694b4d696ba23d2d1240b0b2480504d37e2a9fc5dfe4
52317d6d504dcf7f7c0e6e99cd841592be7354791f6df5c389a16cc9a04bf809
d853151d2fa09d918a3918f561ddf20688b98a9a975d6a8124f8735f5cc4398b
9604c2ea9df36f46b65e95bb6a94dc8370e3dc4839a01e6fc48c4227f65c9a1a
54eb905b2cb5e6ba6e9cb1ff00b7e5ce17f327c0529a1523e23f88570a9017c7
4f89a0330a90f5a98804f6b33e92a24f89baf7038c82ef2a89046872f7ad4d4e
407cb0577f841c185d6d797d62d2ac284b19c5e74449804f5f371ad31dd32bae
56337391bf1a3a77dac6de4f39322f643b4fdcf7e0fdf394c9167f32777c889b
2c45563c9d23e4ccdcd1a335b59ac9d13ed60c141f211a15274656f865febad0
460a061c9c74e0d387271dc9f5ee6daee8c2f16716ef71507d6983098dc1a335
d1534994fd7496119e0f1ccd936170ed2f56b1080f883fc5c9ae2dccbd48bdce
a76e5726921ec069c2ae74068e0013f658eaece1534dfc89f8ce2a40345ed263
a5c05219892a3165baf332e7773079cef8b4698d76e2de9ac26620daf3bc313c
7d6fa1c67c63dbbc7a9ce334d7ff0bcedb4ca93fd5f92be29b63fe28c5b3d81e
4c1f0bac87b50d5d1bd58732c01ab5c964586752e95dc6ac47dd0c191749c6c6
0e237025a04d5c711ddd2984b2d04fc84f642b8fae0f2e0d6c9a325fc9892e28
aa9da847adc985c8dba49c3ccdc8dd9a58f14e3621ad48aea76af48ad860d919
6771733cb3bfda1655837d24b65a38be573f9cef583813169f3ab146ee5f0f7f
166e66c90c48587f0c90f7590c4a6eb9020980f9b5dd135f916baca1489bfb7c
5ca57a65b4ef63a2661d96e2f61d77c4ef204ca0a40acb252c451e6008f25823
13953ccec7aa8efc0c7211c6326c2756188cbdc8268b1ce8265f8f9d291bb884
04d2b3303ed1e9fc383e4de85cce22da4019c6d5e0b4a97c795b787354b698eb
d0e198c8ce415668c2eebfffebe88ee01745db9d851513e3948c44ed04ffa5b5
eeea314158c3721e5915c57fd556d031b9126806446d963e170b8d49f2b1d327
6a3926533fc153df10bdbe3d3429974b63b2f9a593858d07d3389c9a1b693e94
e33a925afdbe67e41f04d1bfab540adb353a14a9490608d95e9ebe49e398c518
3c8a30a076ad44541e581e919a1265ab421c4c3314e97b3326607e8da25cc624
6fa7daa7e326c362b069f54dda4a408bb5462fb57b3526a12e4b6d32b45610b7
b464c394f9ccae8351ddd6f194b1adb1abc5b214b23368efaa449baade9798e3
e6593b62c016cc82879c29c68ed6b4bdc7529a4289d1b91706c20a741404290a
07e00f73225fa0ff8ab6fefa54854a8cfb61d5292fcf86f2c32604a798f210a7
a7fc3762c02099f497269b41d182050479b36f8a34f0441db56315b59966fde3
8a0c98adb9ef41044ff06243a77e453a24de161e60a60d927cc7dccf7c2f26b5
e8b76c013ffef21f07543d76c76a46ad927cbad2831b1c53f145d6c9d1058695
3213038ab17f5669701b195f7dbf644d190f54a3a445694005e434ef2b135fa0
ab68087702bd0f07d734b28df5b45a9323817a70fb42479c3be8ba6a97154a16
732ba21cfdb5c44c3ddea1d9bce4aa59a4d63cad380eff44f2376562a7a9b4e4
e187b8247ea123744e9fff27848b7c856410dac767714b22dfd413aadeb6dfd0
a98fd023d1226241b2755ac56bfc2c417160fcbb9b94b7de4d4e31928e5107b6
87be9eb513133ae2c80d130bdcd3f1a96b2b00d53788d6926cd370d4fa1e9d7f
16725b4c1759405a7d58acfb19f8a87bd4b71c57ba0dc114c8d2a9bbf65f88f2
7a8c06bfd3f43248682ded2eda007b89685bfb28eb436412279da45a4014c748
983acd85e0a6e090eaca454c3d91c2a216d358e12f474e723d66d532bf928665
7254db865937685ab79c2316456bfcec53dcc7f809da17436661124f7efe2c6a
d5c53784db9619175e0ad5b4f173d1f5da8d2f30917afd02bdb8904f0cf3189b
918606407e6a7ee31619e061921249cdcd071d4c6f56a676b5a29ed56b82d5ce
fd6b2179d3286b79dd378585090424b03ad3ac4986f6ce1e5838aa6c958c421d
766ac1abdabc4e0ecc096229cf36f6e4b2c453125aafb4ede354960f26aaad7d
5c83d8e8027a8229cbae19d3317c21b4fd90e5dcc615c91a8aeb85573d091d4f
c68d8150afe74152bbf692b99147f806f951e2ced4dfe3966d2debb6c15eb77f
f1ad648d019e28289ffe906ec42f73408efbaf4d3074f7c3fba072358e75b9fb
b6a340ee2002b70d9929e4ca80915bd18013cd2ebfabee7057f5a2aff22f18ce
dc3e7fc5342bc69c32dc69e2fa86368038f7cb41ea776cab8cec9a73dbdeb471
988f451ea64d55a65459e3cdcca5de9c0e7909e6efd5625a36280450cd4a06a6
1231b39fbadb389c903a9ecd2432eb17eba1f0de0c2ea6244c5c8e6f8d2ef676
4b7328b573607364f39146625202f3585ae198d91b79435d0ad6a8388381f2fc
a26f64dec8841be2528a60c683092eb5faaf0384229e8724fcf8947f18375554
642e1800ab112ed9b62b2ddd3ef8ab5035b4bad11027cb7d67c6586795a84d16
8921b51e01dc54d71042fb8a4d3acb7379d41d07f9b08960af358d31ed3e0901
eb0ada9f7bd1ea6c3d8feab6148388285060be11876ca48054b51cda336ccd6f
fb2d32b6bf667093132d5ee6328ee3407b3ba0d4afa363ade2f026bcce486d62
cd47a27c28c50d85d774ac439407bb6d50720ad4a88a1199bbc0d8994c26c041
1deb281d57eb5383261f3febdadac2076167975ead1bbbcd12e5f8f8cbd975b6
eaffc67e80852b199da027bfacead2f73f7f2b9db9199e06f2011546d75d54f4
f99d0677b22d9f7046e8f82b7a8ba0c12cd24f3f0dd8f0eb73db06a6ef90dd62
978b221e08eb52e6e72cdbd4d5ed0e3e56d9477362df30c046471f8cc3030970
879971e652529397a5102d4ff7e0b280609c17d2ee504def66a17a638d719f6a
83456621b48d023c180ba5a92b6404d6fb19ae1b9c19a79eff278c5ed495d2d2
6db30c36d74162a9e28c599395be039b709893e5d79c83af4d9547cca27a0293
ec3ebd0ffa2b07f4f7a9d63da71c50a18eb31a0c66e41d2d750609b71a0d7500
71a7845a255d1976ce4c909f1cfe081248a646293fb854d07d6784b3a465affb
bb85c99d8cb37ac176429ea6d9a3f7c35c0add0e23694e740eba2dd59ea35da4
622ff955970701cf2b7cecf253d23625a9772c690151bfaa9124166a921af020
4465704d19e943edcdf1dd799a1340c462607e6e555ab7d6cdb731893a97ebcf
c170c94d442ef6c4fa76255dd2a4d266d39d44df92359b4b2d17ca8ad3e7a7d1
113754b109c216005f1776a56b332ab97d74b007ffe142f2e9d988459426cbf8
6b0922e863914044b1c08ee4de985403b97bb82306e7a489185c2c91188507d9
9df00af0e71653fee307c7111878dafa6a0d461784d0aa817cd34df6cd569cb8
5b444d2b67597df591c259becf0d52fc3073e847b0a614d71598533f90bb68c8
66b8dbd2af118c150263f50d16878dc894d0cfeae8e3330ccaa1792eb72b564c
83e68bf92a503b0b974db29159afc8eccf53d02926f7ae8034df0f120a960c1a
95ebd0144486fd1d8af0a2cccc28fd8694f6e442e8c4576828f06c199a161668
e1b2d73ece01edc99367e9a654679b8cfc0495a1644bddc45c91862a1dba319b
729fa4f0565e6ced88b8580d360934456ae45f55e993ab0d21f974791eb15ed4
1b5e36c9142b95d4842ec79c132958c4e677b907034a7c3e509f494a77d564b0
602dbbbda4e5459354fb3ae5ab7259bc0124e77d2398cb05f4d19c102722282b
3301909a174da55f71747a4af675eea2bb213b40fbeaa686c7616d34a50cdd9d
1694c0c43f02606aae83f075e7a2433d81bcf0a87437d3a8977e5ef56965c78d
fd9f1726265012004cc11cd12c6052adaaa1107efdb250f3dddaadee6a904724
76d373e75d0de5c92bed44fb8d1b78ce55fe039e6b6d0def407da88d1da76241
2c5f3e49fbc748b939ecc5f156c4e5f8f46e92fba75197839fb335aded54b093
c34e830ac530fd73acac1116489d98da93280b95f67c9db9b117f0a546e7b13a
2af1b59f81c6cbea25f982aee68a4385b7603f1217a1ce9f84e57367eae222b7
1e28e74016ca059d5b0054b13b9a82f38232255450a756041150833aa7c9037e
f50b56a1693ef9261e9c30171aab589038d5d3668ef7dc5c95bfcc7f0473470e
7ff18a67ca05dc9e072fd1bda05f24ec40923a52df9f7ddf447e3cce965e20b3
5cc3f4557064a3a8989399f14522badea7a694389967e5fa736f1431ef54b273
fb174dc345b564d1ddcdd7cb457c64b46ec84565d89659a2d49e01b1a61ed2a6
b89fa670100886595db4739cc632efc7bbeb7d6dc837602bd356c9b29242c0d8
e2a5f2898552c25594c1b003a29495a49ebc73e141a1ea81ef543ea0b978e39c
025697eb57e022d72b54cf33085afbd67760962a7df795239ed76e1f8c3b987c
f0cff7f950b5badad35108cb0995cd387b558c3d6fe7108b85820c94aa2d3f70
6b1d430a340b8aff1d857f28eb66c77ebf373606705fb4a7ac80ecb58160d00b
8832ef3bf68bf77a80a48aaab54e6b200706b8d2c372021f465c5c58f40d0745
4b011f212b30b684df77b9379b02997cd3cce71e1fac198c021452f992a0f050
1ab9139f208b9a635081109ed9ffddece244498a4d52cf909be6fd6193019f33
ced9969720fd90f1fa767836af5936636f988bf3c26b4fb24438efff4e3542ee
7b472c29bdd736c53d07a9fdd11f78d610752f44ad6544179f39073ffb96fb9d
1376d6d9b6675ccbd0b71a55ca74837f8e2617af2ba55d926c0571b7a3fbba5f
be645e7fb4f46ef7f0bb82b592dc03626b06fa782675558193056e97838313c0
6f36cf57356c0d6f233d82d6d232f141792a5b57ef78240afe10578ec4ad8db8
75bddc9e0d2e793638d233e2c782b2e5cdafada7a05516603ec8bf7e635b29b0
f443b9010a9c361fc5464ee98dc7eeb96343c539