Copyright 1986-2022 Xilinx, Inc. All Rights Reserved. Copyright 2022-2025 Advanced Micro Devices, Inc. All Rights Reserved.
--------------------------------------------------------------------------------------------------------------------------------------------------
| Tool Version      : Vivado v.2025.2 (win64) Build 6299465 Fri Nov 14 19:35:11 GMT 2025
| Date              : Fri Oct  9 06:06:51 2026
| Host              : xyz-intel running 64-bit major release  (build 9200)
| Command           : report_timing_summary -file D:/repo/XCKU5PMini/udp_hls_10g/board/p7b_ku5p_timing.rpt
| Design            : wrapper_p4
| Device            : xcku5p-ffvb676
| Speed File        : -1  PRODUCTION 1.29 05-01-2022
| Design State      : Routed
| Temperature Grade : E
--------------------------------------------------------------------------------------------------------------------------------------------------

Timing Summary Report

------------------------------------------------------------------------------------------------
| Timer Settings
| --------------
------------------------------------------------------------------------------------------------

  Enable Multi Corner Analysis               :  Yes
  Enable Pessimism Removal                   :  Yes
  Pessimism Removal Resolution               :  Nearest Common Node
  Enable Input Delay Default Clock           :  No
  Enable Preset / Clear Arcs                 :  No
  Disable Flight Delays                      :  No
  Ignore I/O Paths                           :  No
  Timing Early Launch at Borrowing Latches   :  No
  Borrow Time for Max Delay Exceptions       :  Yes
  Merge Timing Exceptions                    :  Yes
  Inter-SLR Compensation                     :  Conservative

  Corner  Analyze    Analyze    
  Name    Max Paths  Min Paths  
  ------  ---------  ---------  
  Slow    Yes        Yes        
  Fast    Yes        Yes        


------------------------------------------------------------------------------------------------
| Report Methodology
| ------------------
------------------------------------------------------------------------------------------------

Rule       Severity          Description                                             Violations  
---------  ----------------  ------------------------------------------------------  ----------  
TIMING-7   Critical Warning  No common node between related clocks                   1           
DPIR-2     Warning           Asynchronous driver check                               64          
LUTAR-1    Warning           LUT drives async reset alert                            19          
SYNTH-4    Warning           Shallow depth for a dedicated block RAM                 18          
SYNTH-6    Warning           Timing of a RAM block might be sub-optimal              100         
SYNTH-9    Warning           Small multiplier                                        1           
SYNTH-10   Warning           Wide multiplier                                         4           
SYNTH-15   Warning           Byte wide write enable not inferred                     256         
TIMING-9   Warning           Unknown CDC Logic                                       1           
TIMING-18  Warning           Missing input or output delay                           1           
XDCC-7     Warning           Scoped Clock constraint overwritten on the same source  1           
CLKC-56    Advisory          MMCME4 with global clock driver has no LOC              1           

Note: This report is based on the most recent report_methodology run and may not be up-to-date. Run report_methodology on the current design for the latest report.



check_timing report

Table of Contents
-----------------
1. checking no_clock (0)
2. checking constant_clock (0)
3. checking pulse_width_clock (0)
4. checking unconstrained_internal_endpoints (0)
5. checking no_input_delay (1)
6. checking no_output_delay (7)
7. checking multiple_clock (0)
8. checking generated_clocks (0)
9. checking loops (0)
10. checking partial_input_delay (0)
11. checking partial_output_delay (0)
12. checking latch_loops (0)

1. checking no_clock (0)
------------------------
 There are 0 register/latch pins with no clock.


2. checking constant_clock (0)
------------------------------
 There are 0 register/latch pins with constant_clock.


3. checking pulse_width_clock (0)
---------------------------------
 There are 0 register/latch pins which need pulse_width check


4. checking unconstrained_internal_endpoints (0)
------------------------------------------------
 There are 0 pins that are not constrained for maximum delay.

 There are 0 pins that are not constrained for maximum delay due to constant clock.


5. checking no_input_delay (1)
------------------------------
 There is 1 input port with no input delay specified. (HIGH)

 There are 0 input ports with no input delay but user has a false path constraint.


6. checking no_output_delay (7)
-------------------------------
 There are 7 ports with no output delay specified. (HIGH)

 There are 0 ports with no output delay but user has a false path constraint

 There are 0 ports with no output delay but with a timing clock defined on it or propagating through it


7. checking multiple_clock (0)
------------------------------
 There are 0 register/latch pins with multiple clocks.


8. checking generated_clocks (0)
--------------------------------
 There are 0 generated clocks that are not connected to a clock source.


9. checking loops (0)
---------------------
 There are 0 combinational loops in the design.


10. checking partial_input_delay (0)
------------------------------------
 There are 0 input ports with partial input delay specified.


11. checking partial_output_delay (0)
-------------------------------------
 There are 0 ports with partial output delay specified.


12. checking latch_loops (0)
----------------------------
 There are 0 combinational latch loops in the design through latch input



------------------------------------------------------------------------------------------------
| Design Timing Summary
| ---------------------
------------------------------------------------------------------------------------------------

    WNS(ns)      TNS(ns)  TNS Failing Endpoints  TNS Total Endpoints      WHS(ns)      THS(ns)  THS Failing Endpoints  THS Total Endpoints     WPWS(ns)     TPWS(ns)  TPWS Failing Endpoints  TPWS Total Endpoints  
    -------      -------  ---------------------  -------------------      -------      -------  ---------------------  -------------------     --------     --------  ----------------------  --------------------  
      0.052        0.000                      0               247137        0.010        0.000                      0               247137        0.000        0.000                       0                 79927  


All user specified timing constraints are met.


------------------------------------------------------------------------------------------------
| Clock Summary
| -------------
------------------------------------------------------------------------------------------------

Clock                                                                                                                                                                                                                                                                                                                                                                                                               Waveform(ns)           Period(ns)      Frequency(MHz)
-----                                                                                                                                                                                                                                                                                                                                                                                                               ------------           ----------      --------------
gtrefclk0                                                                                                                                                                                                                                                                                                                                                                                                           {0.000 3.200}          6.400           156.250         
  qpll0clk_in[0]                                                                                                                                                                                                                                                                                                                                                                                                    {0.000 0.097}          0.194           5156.250        
    rxoutclk_out[0]                                                                                                                                                                                                                                                                                                                                                                                                 {0.000 3.200}          6.400           156.250         
    rxoutclk_out[0]_1                                                                                                                                                                                                                                                                                                                                                                                               {0.000 3.200}          6.400           156.250         
    txoutclk_out[0]                                                                                                                                                                                                                                                                                                                                                                                                 {0.000 3.200}          6.400           156.250         
    txoutclk_out[0]_1                                                                                                                                                                                                                                                                                                                                                                                               {0.000 3.200}          6.400           156.250         
    txoutclkpcs_out[0]                                                                                                                                                                                                                                                                                                                                                                                              {0.000 3.103}          6.206           161.133         
    txoutclkpcs_out[0]_1                                                                                                                                                                                                                                                                                                                                                                                            {0.000 3.103}          6.206           161.133         
  qpll0refclk_in[0]                                                                                                                                                                                                                                                                                                                                                                                                 {0.000 3.200}          6.400           156.250         
pcie_ref_clk                                                                                                                                                                                                                                                                                                                                                                                                        {0.000 5.000}          10.000          100.000         
  qpll0outclk_out[0]                                                                                                                                                                                                                                                                                                                                                                                                {0.000 0.100}          0.200           5000.000        
  qpll0outrefclk_out[0]                                                                                                                                                                                                                                                                                                                                                                                             {0.000 5.000}          10.000          100.000         
  qpll1outclk_out[0]                                                                                                                                                                                                                                                                                                                                                                                                {0.000 0.100}          0.200           5000.000        
    GTYE4_CHANNEL_TXOUTCLK[0]                                                                                                                                                                                                                                                                                                                                                                                       {0.000 1.000}          2.000           500.000         
    GTYE4_CHANNEL_TXOUTCLK[1]                                                                                                                                                                                                                                                                                                                                                                                       {0.000 1.000}          2.000           500.000         
    GTYE4_CHANNEL_TXOUTCLK[2]                                                                                                                                                                                                                                                                                                                                                                                       {0.000 1.000}          2.000           500.000         
    GTYE4_CHANNEL_TXOUTCLK[3]                                                                                                                                                                                                                                                                                                                                                                                       {0.000 1.000}          2.000           500.000         
      pcie_axi_aclk                                                                                                                                                                                                                                                                                                                                                                                                 {0.000 2.000}          4.000           250.000         
      pipe_clk                                                                                                                                                                                                                                                                                                                                                                                                      {0.000 2.000}          4.000           250.000         
      xdma_0_pcie4_ip_gt_top_i_n_31                                                                                                                                                                                                                                                                                                                                                                                 {0.000 4.000}          8.000           125.000         
  qpll1outrefclk_out[0]                                                                                                                                                                                                                                                                                                                                                                                             {0.000 5.000}          10.000          100.000         
sys_clk_100                                                                                                                                                                                                                                                                                                                                                                                                         {0.000 5.000}          10.000          100.000         
  g_hw.clk_out0                                                                                                                                                                                                                                                                                                                                                                                                     {0.000 3.200}          6.400           156.250         
u_pcie_xdma/inst/pcie4_ip_i/inst/xdma_0_pcie4_ip_gt_top_i/diablo_gt.diablo_gt_phy_wrapper/gt_wizard.gtwizard_top_i/xdma_0_pcie4_ip_gt_i/inst/gen_gtwizard_gtye4_top.xdma_0_pcie4_ip_gt_gtwizard_gtye4_inst/gen_gtwizard_gtye4.gen_cpll_cal_gtye4.gen_cpll_cal_inst[0].gen_inst_cpll_cal.gtwizard_ultrascale_v1_7_22_gtye4_cpll_cal_inst/gtwizard_ultrascale_v1_7_22_gtye4_cpll_cal_tx_i/bufg_gt_txoutclkmon_inst/O  {0.000 4.000}          8.000           125.000         
u_pcie_xdma/inst/pcie4_ip_i/inst/xdma_0_pcie4_ip_gt_top_i/diablo_gt.diablo_gt_phy_wrapper/gt_wizard.gtwizard_top_i/xdma_0_pcie4_ip_gt_i/inst/gen_gtwizard_gtye4_top.xdma_0_pcie4_ip_gt_gtwizard_gtye4_inst/gen_gtwizard_gtye4.gen_cpll_cal_gtye4.gen_cpll_cal_inst[1].gen_inst_cpll_cal.gtwizard_ultrascale_v1_7_22_gtye4_cpll_cal_inst/gtwizard_ultrascale_v1_7_22_gtye4_cpll_cal_tx_i/bufg_gt_txoutclkmon_inst/O  {0.000 4.000}          8.000           125.000         
u_pcie_xdma/inst/pcie4_ip_i/inst/xdma_0_pcie4_ip_gt_top_i/diablo_gt.diablo_gt_phy_wrapper/gt_wizard.gtwizard_top_i/xdma_0_pcie4_ip_gt_i/inst/gen_gtwizard_gtye4_top.xdma_0_pcie4_ip_gt_gtwizard_gtye4_inst/gen_gtwizard_gtye4.gen_cpll_cal_gtye4.gen_cpll_cal_inst[2].gen_inst_cpll_cal.gtwizard_ultrascale_v1_7_22_gtye4_cpll_cal_inst/gtwizard_ultrascale_v1_7_22_gtye4_cpll_cal_tx_i/bufg_gt_txoutclkmon_inst/O  {0.000 4.000}          8.000           125.000         
u_pcie_xdma/inst/pcie4_ip_i/inst/xdma_0_pcie4_ip_gt_top_i/diablo_gt.diablo_gt_phy_wrapper/gt_wizard.gtwizard_top_i/xdma_0_pcie4_ip_gt_i/inst/gen_gtwizard_gtye4_top.xdma_0_pcie4_ip_gt_gtwizard_gtye4_inst/gen_gtwizard_gtye4.gen_cpll_cal_gtye4.gen_cpll_cal_inst[3].gen_inst_cpll_cal.gtwizard_ultrascale_v1_7_22_gtye4_cpll_cal_inst/gtwizard_ultrascale_v1_7_22_gtye4_cpll_cal_tx_i/bufg_gt_txoutclkmon_inst/O  {0.000 4.000}          8.000           125.000         
u_pcie_xdma/inst/pcie4_ip_i/inst/xdma_0_pcie4_ip_gt_top_i/diablo_gt.diablo_gt_phy_wrapper/phy_clk_i/bufg_gt_intclk/O                                                                                                                                                                                                                                                                                                {0.000 500.000}        1000.000        1.000           


------------------------------------------------------------------------------------------------
| Intra Clock Table
| -----------------
------------------------------------------------------------------------------------------------

Clock                                                                                                                                                                                                                                                                                                                                                                                                                   WNS(ns)      TNS(ns)  TNS Failing Endpoints  TNS Total Endpoints      WHS(ns)      THS(ns)  THS Failing Endpoints  THS Total Endpoints     WPWS(ns)     TPWS(ns)  TPWS Failing Endpoints  TPWS Total Endpoints  
-----                                                                                                                                                                                                                                                                                                                                                                                                                   -------      -------  ---------------------  -------------------      -------      -------  ---------------------  -------------------     --------     --------  ----------------------  --------------------  
    rxoutclk_out[0]                                                                                                                                                                                                                                                                                                                                                                                                       2.187        0.000                      0                 3429        0.011        0.000                      0                 3429        0.514        0.000                       0                  1515  
    rxoutclk_out[0]_1                                                                                                                                                                                                                                                                                                                                                                                                     0.335        0.000                      0                 9674        0.010        0.000                      0                 9674        0.514        0.000                       0                  3658  
    txoutclk_out[0]                                                                                                                                                                                                                                                                                                                                                                                                       3.186        0.000                      0                  817        0.020        0.000                      0                  817        0.618        0.000                       0                   580  
    txoutclk_out[0]_1                                                                                                                                                                                                                                                                                                                                                                                                     0.193        0.000                      0                 2378        0.018        0.000                      0                 2378        0.618        0.000                       0                  1238  
    txoutclkpcs_out[0]                                                                                                                                                                                                                                                                                                                                                                                                    3.493        0.000                      0                   34        0.275        0.000                      0                   34        2.828        0.000                       0                    15  
    txoutclkpcs_out[0]_1                                                                                                                                                                                                                                                                                                                                                                                                  4.441        0.000                      0                   34        0.084        0.000                      0                   34        2.828        0.000                       0                    15  
pcie_ref_clk                                                                                                                                                                                                                                                                                                                                                                                                              6.430        0.000                      0                 3702        0.016        0.000                      0                 3702        3.200        0.000                       0                  1776  
    GTYE4_CHANNEL_TXOUTCLK[0]                                                                                                                                                                                                                                                                                                                                                                                                                                                                                                                                         0.501        0.000                       0                     1  
    GTYE4_CHANNEL_TXOUTCLK[1]                                                                                                                                                                                                                                                                                                                                                                                                                                                                                                                                         0.501        0.000                       0                     1  
    GTYE4_CHANNEL_TXOUTCLK[2]                                                                                                                                                                                                                                                                                                                                                                                                                                                                                                                                         0.501        0.000                       0                     1  
    GTYE4_CHANNEL_TXOUTCLK[3]                                                                                                                                                                                                                                                                                                                                                                                                                                                                                                                                         0.501        0.000                       0                     5  
      pcie_axi_aclk                                                                                                                                                                                                                                                                                                                                                                                                       0.137        0.000                      0                49658        0.010        0.000                      0                49658        0.210        0.000                       0                 20546  
      pipe_clk                                                                                                                                                                                                                                                                                                                                                                                                            0.820        0.000                      0                 2400        0.011        0.000                      0                 2400        0.000        0.000                       0                  1138  
      xdma_0_pcie4_ip_gt_top_i_n_31                                                                                                                                                                                                                                                                                                                                                                                                                                                                                                                                   0.000        0.000                       0                     1  
sys_clk_100                                                                                                                                                                                                                                                                                                                                                                                                               7.660        0.000                      0                  716        0.039        0.000                      0                  716        2.000        0.000                       0                   482  
  g_hw.clk_out0                                                                                                                                                                                                                                                                                                                                                                                                           0.052        0.000                      0               139321        0.010        0.000                      0               139321        2.627        0.000                       0                 48818  
u_pcie_xdma/inst/pcie4_ip_i/inst/xdma_0_pcie4_ip_gt_top_i/diablo_gt.diablo_gt_phy_wrapper/gt_wizard.gtwizard_top_i/xdma_0_pcie4_ip_gt_i/inst/gen_gtwizard_gtye4_top.xdma_0_pcie4_ip_gt_gtwizard_gtye4_inst/gen_gtwizard_gtye4.gen_cpll_cal_gtye4.gen_cpll_cal_inst[0].gen_inst_cpll_cal.gtwizard_ultrascale_v1_7_22_gtye4_cpll_cal_inst/gtwizard_ultrascale_v1_7_22_gtye4_cpll_cal_tx_i/bufg_gt_txoutclkmon_inst/O        6.888        0.000                      0                   50        0.045        0.000                      0                   50        3.725        0.000                       0                    31  
u_pcie_xdma/inst/pcie4_ip_i/inst/xdma_0_pcie4_ip_gt_top_i/diablo_gt.diablo_gt_phy_wrapper/gt_wizard.gtwizard_top_i/xdma_0_pcie4_ip_gt_i/inst/gen_gtwizard_gtye4_top.xdma_0_pcie4_ip_gt_gtwizard_gtye4_inst/gen_gtwizard_gtye4.gen_cpll_cal_gtye4.gen_cpll_cal_inst[1].gen_inst_cpll_cal.gtwizard_ultrascale_v1_7_22_gtye4_cpll_cal_inst/gtwizard_ultrascale_v1_7_22_gtye4_cpll_cal_tx_i/bufg_gt_txoutclkmon_inst/O        6.895        0.000                      0                   50        0.060        0.000                      0                   50        3.725        0.000                       0                    31  
u_pcie_xdma/inst/pcie4_ip_i/inst/xdma_0_pcie4_ip_gt_top_i/diablo_gt.diablo_gt_phy_wrapper/gt_wizard.gtwizard_top_i/xdma_0_pcie4_ip_gt_i/inst/gen_gtwizard_gtye4_top.xdma_0_pcie4_ip_gt_gtwizard_gtye4_inst/gen_gtwizard_gtye4.gen_cpll_cal_gtye4.gen_cpll_cal_inst[2].gen_inst_cpll_cal.gtwizard_ultrascale_v1_7_22_gtye4_cpll_cal_inst/gtwizard_ultrascale_v1_7_22_gtye4_cpll_cal_tx_i/bufg_gt_txoutclkmon_inst/O        6.469        0.000                      0                   50        0.060        0.000                      0                   50        3.725        0.000                       0                    31  
u_pcie_xdma/inst/pcie4_ip_i/inst/xdma_0_pcie4_ip_gt_top_i/diablo_gt.diablo_gt_phy_wrapper/gt_wizard.gtwizard_top_i/xdma_0_pcie4_ip_gt_i/inst/gen_gtwizard_gtye4_top.xdma_0_pcie4_ip_gt_gtwizard_gtye4_inst/gen_gtwizard_gtye4.gen_cpll_cal_gtye4.gen_cpll_cal_inst[3].gen_inst_cpll_cal.gtwizard_ultrascale_v1_7_22_gtye4_cpll_cal_inst/gtwizard_ultrascale_v1_7_22_gtye4_cpll_cal_tx_i/bufg_gt_txoutclkmon_inst/O        6.993        0.000                      0                   50        0.066        0.000                      0                   50        3.725        0.000                       0                    31  
u_pcie_xdma/inst/pcie4_ip_i/inst/xdma_0_pcie4_ip_gt_top_i/diablo_gt.diablo_gt_phy_wrapper/phy_clk_i/bufg_gt_intclk/O                                                                                                                                                                                                                                                                                                    997.874        0.000                      0                   20        0.061        0.000                      0                   20      499.725        0.000                       0                    13  


------------------------------------------------------------------------------------------------
| Inter Clock Table
| -----------------
------------------------------------------------------------------------------------------------

From Clock         To Clock               WNS(ns)      TNS(ns)  TNS Failing Endpoints  TNS Total Endpoints      WHS(ns)      THS(ns)  THS Failing Endpoints  THS Total Endpoints  
----------         --------               -------      -------  ---------------------  -------------------      -------      -------  ---------------------  -------------------  
txoutclk_out[0]_1  rxoutclk_out[0]_1        4.992        0.000                      0                   64        0.026        0.000                      0                   64  
pipe_clk           pcie_axi_aclk            2.293        0.000                      0                    3        0.422        0.000                      0                    3  
pcie_axi_aclk      pipe_clk                 2.554        0.000                      0                    1        0.261        0.000                      0                    1  


------------------------------------------------------------------------------------------------
| Other Path Groups Table
| -----------------------
------------------------------------------------------------------------------------------------

Path Group                                                                                                                                                                                                                                                                                                                                                                                                          From Clock                                                                                                                                                                                                                                                                                                                                                                                                          To Clock                                                                                                                                                                                                                                                                                                                                                                                                                WNS(ns)      TNS(ns)  TNS Failing Endpoints  TNS Total Endpoints      WHS(ns)      THS(ns)  THS Failing Endpoints  THS Total Endpoints  
----------                                                                                                                                                                                                                                                                                                                                                                                                          ----------                                                                                                                                                                                                                                                                                                                                                                                                          --------                                                                                                                                                                                                                                                                                                                                                                                                                -------      -------  ---------------------  -------------------      -------      -------  ---------------------  -------------------  
**async_default**                                                                                                                                                                                                                                                                                                                                                                                                   g_hw.clk_out0                                                                                                                                                                                                                                                                                                                                                                                                       g_hw.clk_out0                                                                                                                                                                                                                                                                                                                                                                                                             0.859        0.000                      0                27550        0.111        0.000                      0                27550  
**async_default**                                                                                                                                                                                                                                                                                                                                                                                                   pcie_axi_aclk                                                                                                                                                                                                                                                                                                                                                                                                       pcie_axi_aclk                                                                                                                                                                                                                                                                                                                                                                                                             0.437        0.000                      0                 4961        0.129        0.000                      0                 4961  
**async_default**                                                                                                                                                                                                                                                                                                                                                                                                   pcie_ref_clk                                                                                                                                                                                                                                                                                                                                                                                                        pcie_ref_clk                                                                                                                                                                                                                                                                                                                                                                                                              8.692        0.000                      0                  131        0.142        0.000                      0                  131  
**async_default**                                                                                                                                                                                                                                                                                                                                                                                                   pipe_clk                                                                                                                                                                                                                                                                                                                                                                                                            pipe_clk                                                                                                                                                                                                                                                                                                                                                                                                                  1.697        0.000                      0                   13        0.170        0.000                      0                   13  
**async_default**                                                                                                                                                                                                                                                                                                                                                                                                   rxoutclk_out[0]                                                                                                                                                                                                                                                                                                                                                                                                     rxoutclk_out[0]                                                                                                                                                                                                                                                                                                                                                                                                           4.087        0.000                      0                   12        0.119        0.000                      0                   12  
**async_default**                                                                                                                                                                                                                                                                                                                                                                                                   rxoutclk_out[0]_1                                                                                                                                                                                                                                                                                                                                                                                                   rxoutclk_out[0]_1                                                                                                                                                                                                                                                                                                                                                                                                         2.536        0.000                      0                 1307        0.121        0.000                      0                 1307  
**async_default**                                                                                                                                                                                                                                                                                                                                                                                                   txoutclk_out[0]                                                                                                                                                                                                                                                                                                                                                                                                     txoutclk_out[0]                                                                                                                                                                                                                                                                                                                                                                                                           5.834        0.000                      0                    3        0.169        0.000                      0                    3  
**async_default**                                                                                                                                                                                                                                                                                                                                                                                                   txoutclk_out[0]_1                                                                                                                                                                                                                                                                                                                                                                                                   txoutclk_out[0]_1                                                                                                                                                                                                                                                                                                                                                                                                         3.153        0.000                      0                  637        0.131        0.000                      0                  637  
**async_default**                                                                                                                                                                                                                                                                                                                                                                                                   u_pcie_xdma/inst/pcie4_ip_i/inst/xdma_0_pcie4_ip_gt_top_i/diablo_gt.diablo_gt_phy_wrapper/gt_wizard.gtwizard_top_i/xdma_0_pcie4_ip_gt_i/inst/gen_gtwizard_gtye4_top.xdma_0_pcie4_ip_gt_gtwizard_gtye4_inst/gen_gtwizard_gtye4.gen_cpll_cal_gtye4.gen_cpll_cal_inst[0].gen_inst_cpll_cal.gtwizard_ultrascale_v1_7_22_gtye4_cpll_cal_inst/gtwizard_ultrascale_v1_7_22_gtye4_cpll_cal_tx_i/bufg_gt_txoutclkmon_inst/O  u_pcie_xdma/inst/pcie4_ip_i/inst/xdma_0_pcie4_ip_gt_top_i/diablo_gt.diablo_gt_phy_wrapper/gt_wizard.gtwizard_top_i/xdma_0_pcie4_ip_gt_i/inst/gen_gtwizard_gtye4_top.xdma_0_pcie4_ip_gt_gtwizard_gtye4_inst/gen_gtwizard_gtye4.gen_cpll_cal_gtye4.gen_cpll_cal_inst[0].gen_inst_cpll_cal.gtwizard_ultrascale_v1_7_22_gtye4_cpll_cal_inst/gtwizard_ultrascale_v1_7_22_gtye4_cpll_cal_tx_i/bufg_gt_txoutclkmon_inst/O        7.451        0.000                      0                   18        0.123        0.000                      0                   18  
**async_default**                                                                                                                                                                                                                                                                                                                                                                                                   u_pcie_xdma/inst/pcie4_ip_i/inst/xdma_0_pcie4_ip_gt_top_i/diablo_gt.diablo_gt_phy_wrapper/gt_wizard.gtwizard_top_i/xdma_0_pcie4_ip_gt_i/inst/gen_gtwizard_gtye4_top.xdma_0_pcie4_ip_gt_gtwizard_gtye4_inst/gen_gtwizard_gtye4.gen_cpll_cal_gtye4.gen_cpll_cal_inst[1].gen_inst_cpll_cal.gtwizard_ultrascale_v1_7_22_gtye4_cpll_cal_inst/gtwizard_ultrascale_v1_7_22_gtye4_cpll_cal_tx_i/bufg_gt_txoutclkmon_inst/O  u_pcie_xdma/inst/pcie4_ip_i/inst/xdma_0_pcie4_ip_gt_top_i/diablo_gt.diablo_gt_phy_wrapper/gt_wizard.gtwizard_top_i/xdma_0_pcie4_ip_gt_i/inst/gen_gtwizard_gtye4_top.xdma_0_pcie4_ip_gt_gtwizard_gtye4_inst/gen_gtwizard_gtye4.gen_cpll_cal_gtye4.gen_cpll_cal_inst[1].gen_inst_cpll_cal.gtwizard_ultrascale_v1_7_22_gtye4_cpll_cal_inst/gtwizard_ultrascale_v1_7_22_gtye4_cpll_cal_tx_i/bufg_gt_txoutclkmon_inst/O        7.311        0.000                      0                   18        0.155        0.000                      0                   18  
**async_default**                                                                                                                                                                                                                                                                                                                                                                                                   u_pcie_xdma/inst/pcie4_ip_i/inst/xdma_0_pcie4_ip_gt_top_i/diablo_gt.diablo_gt_phy_wrapper/gt_wizard.gtwizard_top_i/xdma_0_pcie4_ip_gt_i/inst/gen_gtwizard_gtye4_top.xdma_0_pcie4_ip_gt_gtwizard_gtye4_inst/gen_gtwizard_gtye4.gen_cpll_cal_gtye4.gen_cpll_cal_inst[2].gen_inst_cpll_cal.gtwizard_ultrascale_v1_7_22_gtye4_cpll_cal_inst/gtwizard_ultrascale_v1_7_22_gtye4_cpll_cal_tx_i/bufg_gt_txoutclkmon_inst/O  u_pcie_xdma/inst/pcie4_ip_i/inst/xdma_0_pcie4_ip_gt_top_i/diablo_gt.diablo_gt_phy_wrapper/gt_wizard.gtwizard_top_i/xdma_0_pcie4_ip_gt_i/inst/gen_gtwizard_gtye4_top.xdma_0_pcie4_ip_gt_gtwizard_gtye4_inst/gen_gtwizard_gtye4.gen_cpll_cal_gtye4.gen_cpll_cal_inst[2].gen_inst_cpll_cal.gtwizard_ultrascale_v1_7_22_gtye4_cpll_cal_inst/gtwizard_ultrascale_v1_7_22_gtye4_cpll_cal_tx_i/bufg_gt_txoutclkmon_inst/O        7.401        0.000                      0                   18        0.138        0.000                      0                   18  
**async_default**                                                                                                                                                                                                                                                                                                                                                                                                   u_pcie_xdma/inst/pcie4_ip_i/inst/xdma_0_pcie4_ip_gt_top_i/diablo_gt.diablo_gt_phy_wrapper/gt_wizard.gtwizard_top_i/xdma_0_pcie4_ip_gt_i/inst/gen_gtwizard_gtye4_top.xdma_0_pcie4_ip_gt_gtwizard_gtye4_inst/gen_gtwizard_gtye4.gen_cpll_cal_gtye4.gen_cpll_cal_inst[3].gen_inst_cpll_cal.gtwizard_ultrascale_v1_7_22_gtye4_cpll_cal_inst/gtwizard_ultrascale_v1_7_22_gtye4_cpll_cal_tx_i/bufg_gt_txoutclkmon_inst/O  u_pcie_xdma/inst/pcie4_ip_i/inst/xdma_0_pcie4_ip_gt_top_i/diablo_gt.diablo_gt_phy_wrapper/gt_wizard.gtwizard_top_i/xdma_0_pcie4_ip_gt_i/inst/gen_gtwizard_gtye4_top.xdma_0_pcie4_ip_gt_gtwizard_gtye4_inst/gen_gtwizard_gtye4.gen_cpll_cal_gtye4.gen_cpll_cal_inst[3].gen_inst_cpll_cal.gtwizard_ultrascale_v1_7_22_gtye4_cpll_cal_inst/gtwizard_ultrascale_v1_7_22_gtye4_cpll_cal_tx_i/bufg_gt_txoutclkmon_inst/O        7.174        0.000                      0                   18        0.176        0.000                      0                   18  


------------------------------------------------------------------------------------------------
| Timing Details
| --------------
------------------------------------------------------------------------------------------------


---------------------------------------------------------------------------------------------------
From Clock:  rxoutclk_out[0]
  To Clock:  rxoutclk_out[0]

Setup :            0  Failing Endpoints,  Worst Slack        2.187ns,  Total Violation        0.000ns
Hold  :            0  Failing Endpoints,  Worst Slack        0.011ns,  Total Violation        0.000ns
PW    :            0  Failing Endpoints,  Worst Slack        0.514ns,  Total Violation        0.000ns
---------------------------------------------------------------------------------------------------


Max Delay Paths
--------------------------------------------------------------------------------------
Slack (MET) :             2.187ns  (required time - arrival time)
  Source:                 wrapper_p4/pcs64/pcs64_wrapper/pcs64_top/<hidden>/<hidden>/<hidden>/<hidden>
                            (rising edge-triggered cell FDRE clocked by rxoutclk_out[0]  {rise@0.000ns fall@3.200ns period=6.400ns})
  Destination:            wrapper_p4/pcs64/pcs64_wrapper/pcs64_top/<hidden>/<hidden>/<hidden>/<hidden>
                            (rising edge-triggered cell FDSE clocked by rxoutclk_out[0]  {rise@0.000ns fall@3.200ns period=6.400ns})
  Path Group:             rxoutclk_out[0]
  Path Type:              Setup (Max at Slow Process Corner)
  Requirement:            6.400ns  (rxoutclk_out[0] rise@6.400ns - rxoutclk_out[0] rise@0.000ns)
  Data Path Delay:        4.006ns  (logic 0.575ns (14.353%)  route 3.431ns (85.647%))
  Logic Levels:           5  (LUT3=1 LUT6=4)
  Clock Path Skew:        -0.188ns (DCD - SCD + CPR)
    Destination Clock Delay (DCD):    1.929ns = ( 8.329 - 6.400 ) 
    Source Clock Delay      (SCD):    2.281ns
    Clock Pessimism Removal (CPR):    0.164ns
  Clock Uncertainty:      0.046ns  ((TSJ^2 + DJ^2)^1/2) / 2 + PE
    Total System Jitter     (TSJ):    0.071ns
    Discrete Jitter          (DJ):    0.060ns
    Phase Error              (PE):    0.000ns
  Clock Net Delay (Source):      2.052ns (routing 1.006ns, distribution 1.046ns)
  Clock Net Delay (Destination): 1.724ns (routing 0.907ns, distribution 0.817ns)

    Location             Delay type                Incr(ns)  Path(ns)    Netlist Resource(s)
  -------------------------------------------------------------------    -------------------
                         (clock rxoutclk_out[0] rise edge)
                                                      0.000     0.000 r  
    GTYE4_CHANNEL_X0Y4   GTYE4_CHANNEL                0.000     0.000 r  u_pcs/inst/i_pcs64_gt/inst/gen_gtwizard_gtye4_top.pcs64_gt_gtwizard_gtye4_inst/gen_gtwizard_gtye4.gen_channel_container[1].gen_enabled_channel.gtye4_channel_wrapper_inst/channel_inst/gtye4_channel_gen.gen_gtye4_channel_inst[0].GTYE4_CHANNEL_PRIM_INST/RXOUTCLK
                         net (fo=2, routed)           0.090     0.090    u_pcs/inst/i_core_gtwiz_userclk_rx_inst_0/rxoutclk_out[0]
    BUFG_GT_X0Y30        BUFG_GT (Prop_BUFG_GT_I_O)
                                                      0.139     0.229 r  u_pcs/inst/i_core_gtwiz_userclk_rx_inst_0/gen_gtwiz_userclk_rx_main.bufg_gt_usrclk_inst/O
    X2Y0 (CLOCK_ROOT)    net (fo=1514, routed)        2.052     2.281    wrapper_p4/pcs64/pcs64_wrapper/pcs64_top/<hidden>/<hidden>/<hidden>/<hidden>
    SLICE_X91Y14         FDRE                                         r  wrapper_p4/pcs64/pcs64_wrapper/pcs64_top/<hidden>/<hidden>/<hidden>/<hidden>
  -------------------------------------------------------------------    -------------------
    SLICE_X91Y14         FDRE (Prop_DFF2_SLICEL_C_Q)
                                                      0.098     2.379 f  wrapper_p4/pcs64/pcs64_wrapper/pcs64_top/<hidden>/<hidden>/<hidden>/<hidden>
                         net (fo=59, routed)          0.738     3.117    wrapper_p4/pcs64/pcs64_wrapper/pcs64_top/<hidden>/<hidden>/<hidden>/<hidden>
    SLICE_X84Y11         LUT3 (Prop_H6LUT_SLICEL_I0_O)
                                                      0.100     3.217 f  wrapper_p4/pcs64/pcs64_wrapper/pcs64_top/<hidden>/<hidden>/<hidden>/<hidden>
                         net (fo=25, routed)          0.526     3.743    wrapper_p4/pcs64/pcs64_wrapper/pcs64_top/<hidden>/<hidden>/<hidden>/<hidden>
    SLICE_X90Y9          LUT6 (Prop_H6LUT_SLICEM_I2_O)
                                                      0.041     3.784 f  wrapper_p4/pcs64/pcs64_wrapper/pcs64_top/<hidden>/<hidden>/<hidden>/<hidden>
                         net (fo=35, routed)          1.045     4.829    wrapper_p4/pcs64/pcs64_wrapper/pcs64_top/<hidden>/<hidden>/<hidden>/<hidden>
    SLICE_X80Y8          LUT6 (Prop_F6LUT_SLICEL_I3_O)
                                                      0.039     4.868 r  wrapper_p4/pcs64/pcs64_wrapper/pcs64_top/<hidden>/<hidden>/<hidden>/<hidden>
                         net (fo=54, routed)          0.464     5.332    wrapper_p4/pcs64/pcs64_wrapper/pcs64_top/<hidden>/<hidden>/<hidden>/<hidden>
    SLICE_X88Y8          LUT6 (Prop_G6LUT_SLICEL_I1_O)
                                                      0.147     5.479 r  wrapper_p4/pcs64/pcs64_wrapper/pcs64_top/<hidden>/<hidden>/<hidden>/<hidden>
                         net (fo=2, routed)           0.595     6.074    wrapper_p4/pcs64/pcs64_wrapper/pcs64_top/<hidden>/<hidden>/<hidden>/<hidden>
    SLICE_X81Y8          LUT6 (Prop_A6LUT_SLICEM_I2_O)
                                                      0.150     6.224 r  wrapper_p4/pcs64/pcs64_wrapper/pcs64_top/<hidden>/<hidden>/<hidden>/<hidden>
                         net (fo=1, routed)           0.063     6.287    wrapper_p4/pcs64/pcs64_wrapper/pcs64_top/<hidden>/<hidden>/<hidden>/<hidden>
    SLICE_X81Y8          FDSE                                         r  wrapper_p4/pcs64/pcs64_wrapper/pcs64_top/<hidden>/<hidden>/<hidden>/<hidden>
  -------------------------------------------------------------------    -------------------

                         (clock rxoutclk_out[0] rise edge)
                                                      6.400     6.400 r  
    GTYE4_CHANNEL_X0Y4   GTYE4_CHANNEL                0.000     6.400 r  u_pcs/inst/i_pcs64_gt/inst/gen_gtwizard_gtye4_top.pcs64_gt_gtwizard_gtye4_inst/gen_gtwizard_gtye4.gen_channel_container[1].gen_enabled_channel.gtye4_channel_wrapper_inst/channel_inst/gtye4_channel_gen.gen_gtye4_channel_inst[0].GTYE4_CHANNEL_PRIM_INST/RXOUTCLK
                         net (fo=2, routed)           0.083     6.483    u_pcs/inst/i_core_gtwiz_userclk_rx_inst_0/rxoutclk_out[0]
    BUFG_GT_X0Y30        BUFG_GT (Prop_BUFG_GT_I_O)
                                                      0.122     6.605 r  u_pcs/inst/i_core_gtwiz_userclk_rx_inst_0/gen_gtwiz_userclk_rx_main.bufg_gt_usrclk_inst/O
    X2Y0 (CLOCK_ROOT)    net (fo=1514, routed)        1.724     8.329    wrapper_p4/pcs64/pcs64_wrapper/pcs64_top/<hidden>/<hidden>/<hidden>/<hidden>
    SLICE_X81Y8          FDSE                                         r  wrapper_p4/pcs64/pcs64_wrapper/pcs64_top/<hidden>/<hidden>/<hidden>/<hidden>
                         clock pessimism              0.164     8.493    
                         clock uncertainty           -0.046     8.447    
    SLICE_X81Y8          FDSE (Setup_AFF_SLICEM_C_D)
                                                      0.027     8.474    wrapper_p4/pcs64/pcs64_wrapper/pcs64_top/<hidden>/<hidden>/<hidden>/<hidden>
  -------------------------------------------------------------------
                         required time                          8.474    
                         arrival time                          -6.287    
  -------------------------------------------------------------------
                         slack                                  2.187    





Min Delay Paths
--------------------------------------------------------------------------------------
Slack (MET) :             0.011ns  (arrival time - required time)
  Source:                 wrapper_p4/pcs64/pcs64_wrapper/pcs64_top/<hidden>/<hidden>/<hidden>/<hidden>
                            (rising edge-triggered cell FDRE clocked by rxoutclk_out[0]  {rise@0.000ns fall@3.200ns period=6.400ns})
  Destination:            wrapper_p4/pcs64/pcs64_wrapper/pcs64_top/<hidden>/<hidden>/<hidden>/<hidden>
                            (rising edge-triggered cell FDRE clocked by rxoutclk_out[0]  {rise@0.000ns fall@3.200ns period=6.400ns})
  Path Group:             rxoutclk_out[0]
  Path Type:              Hold (Min at Slow Process Corner)
  Requirement:            0.000ns  (rxoutclk_out[0] rise@0.000ns - rxoutclk_out[0] rise@0.000ns)
  Data Path Delay:        0.188ns  (logic 0.070ns (37.234%)  route 0.118ns (62.766%))
  Logic Levels:           0  
  Clock Path Skew:        0.122ns (DCD - SCD - CPR)
    Destination Clock Delay (DCD):    2.212ns
    Source Clock Delay      (SCD):    1.929ns
    Clock Pessimism Removal (CPR):    0.161ns
  Clock Net Delay (Source):      1.724ns (routing 0.907ns, distribution 0.817ns)
  Clock Net Delay (Destination): 1.983ns (routing 1.006ns, distribution 0.977ns)

    Location             Delay type                Incr(ns)  Path(ns)    Netlist Resource(s)
  -------------------------------------------------------------------    -------------------
                         (clock rxoutclk_out[0] rise edge)
                                                      0.000     0.000 r  
    GTYE4_CHANNEL_X0Y4   GTYE4_CHANNEL                0.000     0.000 r  u_pcs/inst/i_pcs64_gt/inst/gen_gtwizard_gtye4_top.pcs64_gt_gtwizard_gtye4_inst/gen_gtwizard_gtye4.gen_channel_container[1].gen_enabled_channel.gtye4_channel_wrapper_inst/channel_inst/gtye4_channel_gen.gen_gtye4_channel_inst[0].GTYE4_CHANNEL_PRIM_INST/RXOUTCLK
                         net (fo=2, routed)           0.083     0.083    u_pcs/inst/i_core_gtwiz_userclk_rx_inst_0/rxoutclk_out[0]
    BUFG_GT_X0Y30        BUFG_GT (Prop_BUFG_GT_I_O)
                                                      0.122     0.205 r  u_pcs/inst/i_core_gtwiz_userclk_rx_inst_0/gen_gtwiz_userclk_rx_main.bufg_gt_usrclk_inst/O
    X2Y0 (CLOCK_ROOT)    net (fo=1514, routed)        1.724     1.929    wrapper_p4/pcs64/pcs64_wrapper/pcs64_top/<hidden>/<hidden>/<hidden>/<hidden>
    SLICE_X85Y11         FDRE                                         r  wrapper_p4/pcs64/pcs64_wrapper/pcs64_top/<hidden>/<hidden>/<hidden>/<hidden>
  -------------------------------------------------------------------    -------------------
    SLICE_X85Y11         FDRE (Prop_HFF_SLICEL_C_Q)
                                                      0.070     1.999 r  wrapper_p4/pcs64/pcs64_wrapper/pcs64_top/<hidden>/<hidden>/<hidden>/<hidden>
                         net (fo=1, routed)           0.118     2.117    wrapper_p4/pcs64/pcs64_wrapper/pcs64_top/<hidden>/<hidden>/<hidden>/<hidden>
    SLICE_X87Y9          FDRE                                         r  wrapper_p4/pcs64/pcs64_wrapper/pcs64_top/<hidden>/<hidden>/<hidden>/<hidden>
  -------------------------------------------------------------------    -------------------

                         (clock rxoutclk_out[0] rise edge)
                                                      0.000     0.000 r  
    GTYE4_CHANNEL_X0Y4   GTYE4_CHANNEL                0.000     0.000 r  u_pcs/inst/i_pcs64_gt/inst/gen_gtwizard_gtye4_top.pcs64_gt_gtwizard_gtye4_inst/gen_gtwizard_gtye4.gen_channel_container[1].gen_enabled_channel.gtye4_channel_wrapper_inst/channel_inst/gtye4_channel_gen.gen_gtye4_channel_inst[0].GTYE4_CHANNEL_PRIM_INST/RXOUTCLK
                         net (fo=2, routed)           0.090     0.090    u_pcs/inst/i_core_gtwiz_userclk_rx_inst_0/rxoutclk_out[0]
    BUFG_GT_X0Y30        BUFG_GT (Prop_BUFG_GT_I_O)
                                                      0.139     0.229 r  u_pcs/inst/i_core_gtwiz_userclk_rx_inst_0/gen_gtwiz_userclk_rx_main.bufg_gt_usrclk_inst/O
    X2Y0 (CLOCK_ROOT)    net (fo=1514, routed)        1.983     2.212    wrapper_p4/pcs64/pcs64_wrapper/pcs64_top/<hidden>/<hidden>/<hidden>/<hidden>
    SLICE_X87Y9          FDRE                                         r  wrapper_p4/pcs64/pcs64_wrapper/pcs64_top/<hidden>/<hidden>/<hidden>/<hidden>
                         clock pessimism             -0.161     2.051    
    SLICE_X87Y9          FDRE (Hold_FFF2_SLICEL_C_D)
                                                      0.055     2.106    wrapper_p4/pcs64/pcs64_wrapper/pcs64_top/<hidden>/<hidden>/<hidden>/<hidden>
  -------------------------------------------------------------------
                         required time                         -2.106    
                         arrival time                           2.117    
  -------------------------------------------------------------------
                         slack                                  0.011    





Pulse Width Checks
--------------------------------------------------------------------------------------
Clock Name:         rxoutclk_out[0]
Waveform(ns):       { 0.000 3.200 }
Period(ns):         6.400
Sources:            { u_pcs/inst/i_pcs64_gt/inst/gen_gtwizard_gtye4_top.pcs64_gt_gtwizard_gtye4_inst/gen_gtwizard_gtye4.gen_channel_container[1].gen_enabled_channel.gtye4_channel_wrapper_inst/channel_inst/gtye4_channel_gen.gen_gtye4_channel_inst[0].GTYE4_CHANNEL_PRIM_INST/RXOUTCLK }

Check Type        Corner  Lib Pin                 Reference Pin            Required(ns)  Actual(ns)  Slack(ns)  Location            Pin
Min Period        n/a     GTYE4_CHANNEL/RXUSRCLK  n/a                      2.482         6.400       3.918      GTYE4_CHANNEL_X0Y4  u_pcs/inst/i_pcs64_gt/inst/gen_gtwizard_gtye4_top.pcs64_gt_gtwizard_gtye4_inst/gen_gtwizard_gtye4.gen_channel_container[1].gen_enabled_channel.gtye4_channel_wrapper_inst/channel_inst/gtye4_channel_gen.gen_gtye4_channel_inst[0].GTYE4_CHANNEL_PRIM_INST/RXUSRCLK
Low Pulse Width   Slow    GTYE4_CHANNEL/RXUSRCLK  n/a                      1.117         3.200       2.083      GTYE4_CHANNEL_X0Y4  u_pcs/inst/i_pcs64_gt/inst/gen_gtwizard_gtye4_top.pcs64_gt_gtwizard_gtye4_inst/gen_gtwizard_gtye4.gen_channel_container[1].gen_enabled_channel.gtye4_channel_wrapper_inst/channel_inst/gtye4_channel_gen.gen_gtye4_channel_inst[0].GTYE4_CHANNEL_PRIM_INST/RXUSRCLK
High Pulse Width  Slow    GTYE4_CHANNEL/RXUSRCLK  n/a                      1.117         3.200       2.083      GTYE4_CHANNEL_X0Y4  u_pcs/inst/i_pcs64_gt/inst/gen_gtwizard_gtye4_top.pcs64_gt_gtwizard_gtye4_inst/gen_gtwizard_gtye4.gen_channel_container[1].gen_enabled_channel.gtye4_channel_wrapper_inst/channel_inst/gtye4_channel_gen.gen_gtye4_channel_inst[0].GTYE4_CHANNEL_PRIM_INST/RXUSRCLK
Max Skew          Fast    GTYE4_CHANNEL/RXUSRCLK  GTYE4_CHANNEL/RXUSRCLK2  0.525         0.011       0.514      GTYE4_CHANNEL_X0Y4  u_pcs/inst/i_pcs64_gt/inst/gen_gtwizard_gtye4_top.pcs64_gt_gtwizard_gtye4_inst/gen_gtwizard_gtye4.gen_channel_container[1].gen_enabled_channel.gtye4_channel_wrapper_inst/channel_inst/gtye4_channel_gen.gen_gtye4_channel_inst[0].GTYE4_CHANNEL_PRIM_INST/RXUSRCLK



---------------------------------------------------------------------------------------------------
From Clock:  rxoutclk_out[0]_1
  To Clock:  rxoutclk_out[0]_1

Setup :            0  Failing Endpoints,  Worst Slack        0.335ns,  Total Violation        0.000ns
Hold  :            0  Failing Endpoints,  Worst Slack        0.010ns,  Total Violation        0.000ns
PW    :            0  Failing Endpoints,  Worst Slack        0.514ns,  Total Violation        0.000ns
---------------------------------------------------------------------------------------------------


Max Delay Paths
--------------------------------------------------------------------------------------
Slack (MET) :             0.335ns  (required time - arrival time)
  Source:                 wrapper_p4/pcs64/pcs64_wrapper/pcs64_top_24/<hidden>/<hidden>/<hidden>/<hidden>
                            (rising edge-triggered cell FDRE clocked by rxoutclk_out[0]_1  {rise@0.000ns fall@3.200ns period=6.400ns})
  Destination:            u_mac_rx/stat_crc_err_reg[16]/CE
                            (rising edge-triggered cell FDCE clocked by rxoutclk_out[0]_1  {rise@0.000ns fall@3.200ns period=6.400ns})
  Path Group:             rxoutclk_out[0]_1
  Path Type:              Setup (Max at Slow Process Corner)
  Requirement:            6.400ns  (rxoutclk_out[0]_1 rise@6.400ns - rxoutclk_out[0]_1 rise@0.000ns)
  Data Path Delay:        5.822ns  (logic 1.295ns (22.242%)  route 4.527ns (77.758%))
  Logic Levels:           13  (LUT2=1 LUT4=1 LUT5=3 LUT6=8)
  Clock Path Skew:        -0.153ns (DCD - SCD + CPR)
    Destination Clock Delay (DCD):    1.722ns = ( 8.122 - 6.400 ) 
    Source Clock Delay      (SCD):    2.017ns
    Clock Pessimism Removal (CPR):    0.142ns
  Clock Uncertainty:      0.046ns  ((TSJ^2 + DJ^2)^1/2) / 2 + PE
    Total System Jitter     (TSJ):    0.071ns
    Discrete Jitter          (DJ):    0.060ns
    Phase Error              (PE):    0.000ns
  Clock Net Delay (Source):      1.788ns (routing 0.641ns, distribution 1.147ns)
  Clock Net Delay (Destination): 1.517ns (routing 0.577ns, distribution 0.940ns)

    Location             Delay type                Incr(ns)  Path(ns)    Netlist Resource(s)
  -------------------------------------------------------------------    -------------------
                         (clock rxoutclk_out[0]_1 rise edge)
                                                      0.000     0.000 r  
    GTYE4_CHANNEL_X0Y5   GTYE4_CHANNEL                0.000     0.000 r  u_pcs/inst/i_pcs64_gt_1/inst/gen_gtwizard_gtye4_top.pcs64_gt_1_gtwizard_gtye4_inst/gen_gtwizard_gtye4.gen_channel_container[1].gen_enabled_channel.gtye4_channel_wrapper_inst/channel_inst/gtye4_channel_gen.gen_gtye4_channel_inst[0].GTYE4_CHANNEL_PRIM_INST/RXOUTCLK
                         net (fo=2, routed)           0.090     0.090    u_pcs/inst/i_core_gtwiz_userclk_rx_inst_1/rxoutclk_out[0]
    BUFG_GT_X0Y26        BUFG_GT (Prop_BUFG_GT_I_O)
                                                      0.139     0.229 r  u_pcs/inst/i_core_gtwiz_userclk_rx_inst_1/gen_gtwiz_userclk_rx_main.bufg_gt_usrclk_inst/O
    X2Y1 (CLOCK_ROOT)    net (fo=3657, routed)        1.788     2.017    wrapper_p4/pcs64/pcs64_wrapper/pcs64_top_24/<hidden>/<hidden>/<hidden>/<hidden>
    SLICE_X102Y120       FDRE                                         r  wrapper_p4/pcs64/pcs64_wrapper/pcs64_top_24/<hidden>/<hidden>/<hidden>/<hidden>
  -------------------------------------------------------------------    -------------------
    SLICE_X102Y120       FDRE (Prop_CFF_SLICEL_C_Q)
                                                      0.097     2.114 r  wrapper_p4/pcs64/pcs64_wrapper/pcs64_top_24/<hidden>/<hidden>/<hidden>/<hidden>
                         net (fo=7, routed)           0.549     2.663    u_mac_rx/u_crc/rx_mii_d_1[62]
    SLICE_X100Y120       LUT6 (Prop_A6LUT_SLICEL_I2_O)
                                                      0.149     2.812 r  u_mac_rx/u_crc/in_active_i_12/O
                         net (fo=5, routed)           0.119     2.932    u_mac_rx/u_crc/bbstub_rx_mii_d_1[60]
    SLICE_X100Y121       LUT6 (Prop_D6LUT_SLICEL_I2_O)
                                                      0.116     3.048 f  u_mac_rx/u_crc/ra_k[0]_i_4/O
                         net (fo=1, routed)           0.119     3.167    u_mac_rx/u_crc/ra_k[0]_i_4_n_53
    SLICE_X100Y119       LUT6 (Prop_A6LUT_SLICEL_I4_O)
                                                      0.149     3.316 r  u_mac_rx/u_crc/ra_k[0]_i_3/O
                         net (fo=14, routed)          0.160     3.475    u_mac_rx/u_crc/ra_k[1]_i_7_0
    SLICE_X100Y118       LUT5 (Prop_E6LUT_SLICEL_I1_O)
                                                      0.064     3.539 f  u_mac_rx/u_crc/b_k[0]_i_2/O
                         net (fo=8, routed)           0.184     3.724    u_mac_rx/u_crc/b_k[0]_i_2_n_53
    SLICE_X100Y115       LUT4 (Prop_B6LUT_SLICEL_I0_O)
                                                      0.064     3.788 f  u_mac_rx/u_crc/crc[31]_i_32/O
                         net (fo=37, routed)          0.549     4.337    u_mac_rx/u_crc/ra_m4_reg_0
    SLICE_X102Y113       LUT6 (Prop_E6LUT_SLICEL_I4_O)
                                                      0.116     4.453 r  u_mac_rx/u_crc/crc[28]_i_24/O
                         net (fo=15, routed)          0.632     5.085    u_mac_rx/u_crc/crc[28]_i_24_n_53
    SLICE_X100Y108       LUT2 (Prop_E5LUT_SLICEL_I1_O)
                                                      0.085     5.170 r  u_mac_rx/u_crc/crc[15]_i_22/O
                         net (fo=3, routed)           0.452     5.622    u_mac_rx/u_crc/crc[15]_i_22_n_53
    SLICE_X102Y108       LUT6 (Prop_G6LUT_SLICEL_I4_O)
                                                      0.063     5.685 r  u_mac_rx/u_crc/crc[16]_i_8/O
                         net (fo=1, routed)           0.181     5.866    u_mac_rx/u_crc/crc[16]_i_8_n_53
    SLICE_X103Y108       LUT5 (Prop_F6LUT_SLICEM_I4_O)
                                                      0.148     6.014 f  u_mac_rx/u_crc/crc[16]_i_3/O
                         net (fo=1, routed)           0.577     6.591    u_mac_rx/u_crc/crc[16]_i_3_n_53
    SLICE_X94Y109        LUT5 (Prop_E6LUT_SLICEL_I0_O)
                                                      0.039     6.630 f  u_mac_rx/u_crc/crc[16]_i_2/O
                         net (fo=2, routed)           0.290     6.920    u_mac_rx/u_crc/corr[16]
    SLICE_X92Y112        LUT6 (Prop_H6LUT_SLICEM_I5_O)
                                                      0.041     6.961 r  u_mac_rx/u_crc/push_crs_i_11/O
                         net (fo=1, routed)           0.050     7.011    u_mac_rx/u_crc/push_crs_i_11_n_53
    SLICE_X92Y112        LUT6 (Prop_G6LUT_SLICEM_I5_O)
                                                      0.064     7.075 f  u_mac_rx/u_crc/push_crs_i_2/O
                         net (fo=2, routed)           0.193     7.268    u_mac_rx/u_crc/push_crs_i_2_n_53
    SLICE_X92Y113        LUT6 (Prop_B6LUT_SLICEM_I1_O)
                                                      0.100     7.368 r  u_mac_rx/u_crc/stat_crc_err[0]_i_1/O
                         net (fo=32, routed)          0.471     7.839    u_mac_rx/u_crc_n_71
    SLICE_X92Y128        FDCE                                         r  u_mac_rx/stat_crc_err_reg[16]/CE
  -------------------------------------------------------------------    -------------------

                         (clock rxoutclk_out[0]_1 rise edge)
                                                      6.400     6.400 r  
    GTYE4_CHANNEL_X0Y5   GTYE4_CHANNEL                0.000     6.400 r  u_pcs/inst/i_pcs64_gt_1/inst/gen_gtwizard_gtye4_top.pcs64_gt_1_gtwizard_gtye4_inst/gen_gtwizard_gtye4.gen_channel_container[1].gen_enabled_channel.gtye4_channel_wrapper_inst/channel_inst/gtye4_channel_gen.gen_gtye4_channel_inst[0].GTYE4_CHANNEL_PRIM_INST/RXOUTCLK
                         net (fo=2, routed)           0.083     6.483    u_pcs/inst/i_core_gtwiz_userclk_rx_inst_1/rxoutclk_out[0]
    BUFG_GT_X0Y26        BUFG_GT (Prop_BUFG_GT_I_O)
                                                      0.122     6.605 r  u_pcs/inst/i_core_gtwiz_userclk_rx_inst_1/gen_gtwiz_userclk_rx_main.bufg_gt_usrclk_inst/O
    X2Y1 (CLOCK_ROOT)    net (fo=3657, routed)        1.517     8.122    u_mac_rx/CLK
    SLICE_X92Y128        FDCE                                         r  u_mac_rx/stat_crc_err_reg[16]/C
                         clock pessimism              0.142     8.264    
                         clock uncertainty           -0.046     8.217    
    SLICE_X92Y128        FDCE (Setup_AFF_SLICEM_C_CE)
                                                     -0.043     8.174    u_mac_rx/stat_crc_err_reg[16]
  -------------------------------------------------------------------
                         required time                          8.174    
                         arrival time                          -7.839    
  -------------------------------------------------------------------
                         slack                                  0.335    





Min Delay Paths
--------------------------------------------------------------------------------------
Slack (MET) :             0.010ns  (arrival time - required time)
  Source:                 wrapper_p4/pcs64/pcs64_wrapper/pcs64_top_24/<hidden>/<hidden>/<hidden>/<hidden>
                            (rising edge-triggered cell FDRE clocked by rxoutclk_out[0]_1  {rise@0.000ns fall@3.200ns period=6.400ns})
  Destination:            wrapper_p4/pcs64/pcs64_wrapper/pcs64_top_24/<hidden>/<hidden>/<hidden>/<hidden>/<hidden>/<hidden>/<hidden>
                            (rising edge-triggered cell RAMD32 clocked by rxoutclk_out[0]_1  {rise@0.000ns fall@3.200ns period=6.400ns})
  Path Group:             rxoutclk_out[0]_1
  Path Type:              Hold (Min at Slow Process Corner)
  Requirement:            0.000ns  (rxoutclk_out[0]_1 rise@0.000ns - rxoutclk_out[0]_1 rise@0.000ns)
  Data Path Delay:        0.199ns  (logic 0.070ns (35.176%)  route 0.129ns (64.824%))
  Logic Levels:           0  
  Clock Path Skew:        0.108ns (DCD - SCD - CPR)
    Destination Clock Delay (DCD):    2.108ns
    Source Clock Delay      (SCD):    1.793ns
    Clock Pessimism Removal (CPR):    0.207ns
  Clock Net Delay (Source):      1.588ns (routing 0.577ns, distribution 1.011ns)
  Clock Net Delay (Destination): 1.879ns (routing 0.641ns, distribution 1.238ns)

    Location             Delay type                Incr(ns)  Path(ns)    Netlist Resource(s)
  -------------------------------------------------------------------    -------------------
                         (clock rxoutclk_out[0]_1 rise edge)
                                                      0.000     0.000 r  
    GTYE4_CHANNEL_X0Y5   GTYE4_CHANNEL                0.000     0.000 r  u_pcs/inst/i_pcs64_gt_1/inst/gen_gtwizard_gtye4_top.pcs64_gt_1_gtwizard_gtye4_inst/gen_gtwizard_gtye4.gen_channel_container[1].gen_enabled_channel.gtye4_channel_wrapper_inst/channel_inst/gtye4_channel_gen.gen_gtye4_channel_inst[0].GTYE4_CHANNEL_PRIM_INST/RXOUTCLK
                         net (fo=2, routed)           0.083     0.083    u_pcs/inst/i_core_gtwiz_userclk_rx_inst_1/rxoutclk_out[0]
    BUFG_GT_X0Y26        BUFG_GT (Prop_BUFG_GT_I_O)
                                                      0.122     0.205 r  u_pcs/inst/i_core_gtwiz_userclk_rx_inst_1/gen_gtwiz_userclk_rx_main.bufg_gt_usrclk_inst/O
    X2Y1 (CLOCK_ROOT)    net (fo=3657, routed)        1.588     1.793    wrapper_p4/pcs64/pcs64_wrapper/pcs64_top_24/<hidden>/<hidden>/<hidden>/<hidden>
    SLICE_X111Y129       FDRE                                         r  wrapper_p4/pcs64/pcs64_wrapper/pcs64_top_24/<hidden>/<hidden>/<hidden>/<hidden>
  -------------------------------------------------------------------    -------------------
    SLICE_X111Y129       FDRE (Prop_AFF_SLICEL_C_Q)
                                                      0.070     1.863 r  wrapper_p4/pcs64/pcs64_wrapper/pcs64_top_24/<hidden>/<hidden>/<hidden>/<hidden>
                         net (fo=1, routed)           0.129     1.992    wrapper_p4/pcs64/pcs64_wrapper/pcs64_top_24/<hidden>/<hidden>/<hidden>/<hidden>/<hidden>/<hidden>/<hidden>
    SLICE_X110Y130       RAMD32                                       r  wrapper_p4/pcs64/pcs64_wrapper/pcs64_top_24/<hidden>/<hidden>/<hidden>/<hidden>/<hidden>/<hidden>/<hidden>
  -------------------------------------------------------------------    -------------------

                         (clock rxoutclk_out[0]_1 rise edge)
                                                      0.000     0.000 r  
    GTYE4_CHANNEL_X0Y5   GTYE4_CHANNEL                0.000     0.000 r  u_pcs/inst/i_pcs64_gt_1/inst/gen_gtwizard_gtye4_top.pcs64_gt_1_gtwizard_gtye4_inst/gen_gtwizard_gtye4.gen_channel_container[1].gen_enabled_channel.gtye4_channel_wrapper_inst/channel_inst/gtye4_channel_gen.gen_gtye4_channel_inst[0].GTYE4_CHANNEL_PRIM_INST/RXOUTCLK
                         net (fo=2, routed)           0.090     0.090    u_pcs/inst/i_core_gtwiz_userclk_rx_inst_1/rxoutclk_out[0]
    BUFG_GT_X0Y26        BUFG_GT (Prop_BUFG_GT_I_O)
                                                      0.139     0.229 r  u_pcs/inst/i_core_gtwiz_userclk_rx_inst_1/gen_gtwiz_userclk_rx_main.bufg_gt_usrclk_inst/O
    X2Y1 (CLOCK_ROOT)    net (fo=3657, routed)        1.879     2.108    wrapper_p4/pcs64/pcs64_wrapper/pcs64_top_24/<hidden>/<hidden>/<hidden>/<hidden>/<hidden>/<hidden>/<hidden>
    SLICE_X110Y130       RAMD32                                       r  wrapper_p4/pcs64/pcs64_wrapper/pcs64_top_24/<hidden>/<hidden>/<hidden>/<hidden>/<hidden>/<hidden>/<hidden>
                         clock pessimism             -0.207     1.901    
    SLICE_X110Y130       RAMD32 (Hold_F5LUT_SLICEM_CLK_I)
                                                      0.081     1.982    wrapper_p4/pcs64/pcs64_wrapper/pcs64_top_24/<hidden>/<hidden>/<hidden>/<hidden>/<hidden>/<hidden>/<hidden>
  -------------------------------------------------------------------
                         required time                         -1.982    
                         arrival time                           1.992    
  -------------------------------------------------------------------
                         slack                                  0.010    





Pulse Width Checks
--------------------------------------------------------------------------------------
Clock Name:         rxoutclk_out[0]_1
Waveform(ns):       { 0.000 3.200 }
Period(ns):         6.400
Sources:            { u_pcs/inst/i_pcs64_gt_1/inst/gen_gtwizard_gtye4_top.pcs64_gt_1_gtwizard_gtye4_inst/gen_gtwizard_gtye4.gen_channel_container[1].gen_enabled_channel.gtye4_channel_wrapper_inst/channel_inst/gtye4_channel_gen.gen_gtye4_channel_inst[0].GTYE4_CHANNEL_PRIM_INST/RXOUTCLK }

Check Type        Corner  Lib Pin                 Reference Pin            Required(ns)  Actual(ns)  Slack(ns)  Location            Pin
Min Period        n/a     GTYE4_CHANNEL/RXUSRCLK  n/a                      2.482         6.400       3.918      GTYE4_CHANNEL_X0Y5  u_pcs/inst/i_pcs64_gt_1/inst/gen_gtwizard_gtye4_top.pcs64_gt_1_gtwizard_gtye4_inst/gen_gtwizard_gtye4.gen_channel_container[1].gen_enabled_channel.gtye4_channel_wrapper_inst/channel_inst/gtye4_channel_gen.gen_gtye4_channel_inst[0].GTYE4_CHANNEL_PRIM_INST/RXUSRCLK
Low Pulse Width   Slow    GTYE4_CHANNEL/RXUSRCLK  n/a                      1.117         3.200       2.083      GTYE4_CHANNEL_X0Y5  u_pcs/inst/i_pcs64_gt_1/inst/gen_gtwizard_gtye4_top.pcs64_gt_1_gtwizard_gtye4_inst/gen_gtwizard_gtye4.gen_channel_container[1].gen_enabled_channel.gtye4_channel_wrapper_inst/channel_inst/gtye4_channel_gen.gen_gtye4_channel_inst[0].GTYE4_CHANNEL_PRIM_INST/RXUSRCLK
High Pulse Width  Slow    GTYE4_CHANNEL/RXUSRCLK  n/a                      1.117         3.200       2.083      GTYE4_CHANNEL_X0Y5  u_pcs/inst/i_pcs64_gt_1/inst/gen_gtwizard_gtye4_top.pcs64_gt_1_gtwizard_gtye4_inst/gen_gtwizard_gtye4.gen_channel_container[1].gen_enabled_channel.gtye4_channel_wrapper_inst/channel_inst/gtye4_channel_gen.gen_gtye4_channel_inst[0].GTYE4_CHANNEL_PRIM_INST/RXUSRCLK
Max Skew          Fast    GTYE4_CHANNEL/RXUSRCLK  GTYE4_CHANNEL/RXUSRCLK2  0.525         0.011       0.514      GTYE4_CHANNEL_X0Y5  u_pcs/inst/i_pcs64_gt_1/inst/gen_gtwizard_gtye4_top.pcs64_gt_1_gtwizard_gtye4_inst/gen_gtwizard_gtye4.gen_channel_container[1].gen_enabled_channel.gtye4_channel_wrapper_inst/channel_inst/gtye4_channel_gen.gen_gtye4_channel_inst[0].GTYE4_CHANNEL_PRIM_INST/RXUSRCLK



---------------------------------------------------------------------------------------------------
From Clock:  txoutclk_out[0]
  To Clock:  txoutclk_out[0]

Setup :            0  Failing Endpoints,  Worst Slack        3.186ns,  Total Violation        0.000ns
Hold  :            0  Failing Endpoints,  Worst Slack        0.020ns,  Total Violation        0.000ns
PW    :            0  Failing Endpoints,  Worst Slack        0.618ns,  Total Violation        0.000ns
---------------------------------------------------------------------------------------------------


Max Delay Paths
--------------------------------------------------------------------------------------
Slack (MET) :             3.186ns  (required time - arrival time)
  Source:                 wrapper_p4/pcs64/pcs64_wrapper/pcs64_top/<hidden>/<hidden>/<hidden>/<hidden>
                            (rising edge-triggered cell FDRE clocked by txoutclk_out[0]  {rise@0.000ns fall@3.200ns period=6.400ns})
  Destination:            wrapper_p4/pcs64/pcs64_wrapper/pcs64_top/<hidden>/<hidden>/<hidden>/<hidden>
                            (rising edge-triggered cell FDRE clocked by txoutclk_out[0]  {rise@0.000ns fall@3.200ns period=6.400ns})
  Path Group:             txoutclk_out[0]
  Path Type:              Setup (Max at Slow Process Corner)
  Requirement:            6.400ns  (txoutclk_out[0] rise@6.400ns - txoutclk_out[0] rise@0.000ns)
  Data Path Delay:        3.111ns  (logic 0.819ns (26.326%)  route 2.292ns (73.674%))
  Logic Levels:           5  (LUT2=1 LUT6=4)
  Clock Path Skew:        -0.083ns (DCD - SCD + CPR)
    Destination Clock Delay (DCD):    1.520ns = ( 7.920 - 6.400 ) 
    Source Clock Delay      (SCD):    1.722ns
    Clock Pessimism Removal (CPR):    0.119ns
  Clock Uncertainty:      0.046ns  ((TSJ^2 + DJ^2)^1/2) / 2 + PE
    Total System Jitter     (TSJ):    0.071ns
    Discrete Jitter          (DJ):    0.060ns
    Phase Error              (PE):    0.000ns
  Clock Net Delay (Source):      1.493ns (routing 0.581ns, distribution 0.912ns)
  Clock Net Delay (Destination): 1.316ns (routing 0.526ns, distribution 0.790ns)

    Location             Delay type                Incr(ns)  Path(ns)    Netlist Resource(s)
  -------------------------------------------------------------------    -------------------
                         (clock txoutclk_out[0] rise edge)
                                                      0.000     0.000 r  
    GTYE4_CHANNEL_X0Y4   GTYE4_CHANNEL                0.000     0.000 r  u_pcs/inst/i_pcs64_gt/inst/gen_gtwizard_gtye4_top.pcs64_gt_gtwizard_gtye4_inst/gen_gtwizard_gtye4.gen_channel_container[1].gen_enabled_channel.gtye4_channel_wrapper_inst/channel_inst/gtye4_channel_gen.gen_gtye4_channel_inst[0].GTYE4_CHANNEL_PRIM_INST/TXOUTCLK
                         net (fo=2, routed)           0.090     0.090    u_pcs/inst/i_core_gtwiz_userclk_tx_inst_0/txoutclk_out[0]
    BUFG_GT_X0Y47        BUFG_GT (Prop_BUFG_GT_I_O)
                                                      0.139     0.229 r  u_pcs/inst/i_core_gtwiz_userclk_tx_inst_0/gen_gtwiz_userclk_tx_main.bufg_gt_usrclk_inst/O
    X3Y0 (CLOCK_ROOT)    net (fo=579, routed)         1.493     1.722    wrapper_p4/pcs64/pcs64_wrapper/pcs64_top/<hidden>/<hidden>/<hidden>/<hidden>
    SLICE_X105Y43        FDRE                                         r  wrapper_p4/pcs64/pcs64_wrapper/pcs64_top/<hidden>/<hidden>/<hidden>/<hidden>
  -------------------------------------------------------------------    -------------------
    SLICE_X105Y43        FDRE (Prop_AFF_SLICEL_C_Q)
                                                      0.096     1.818 f  wrapper_p4/pcs64/pcs64_wrapper/pcs64_top/<hidden>/<hidden>/<hidden>/<hidden>
                         net (fo=15, routed)          0.317     2.135    wrapper_p4/pcs64/pcs64_wrapper/pcs64_top/<hidden>/<hidden>/<hidden>/<hidden>
    SLICE_X108Y42        LUT2 (Prop_D5LUT_SLICEL_I0_O)
                                                      0.193     2.328 f  wrapper_p4/pcs64/pcs64_wrapper/pcs64_top/<hidden>/<hidden>/<hidden>/<hidden>
                         net (fo=7, routed)           0.517     2.845    wrapper_p4/pcs64/pcs64_wrapper/pcs64_top/<hidden>/<hidden>/<hidden>/<hidden>
    SLICE_X107Y42        LUT6 (Prop_H6LUT_SLICEM_I1_O)
                                                      0.151     2.996 f  wrapper_p4/pcs64/pcs64_wrapper/pcs64_top/<hidden>/<hidden>/<hidden>/<hidden>
                         net (fo=8, routed)           0.386     3.382    wrapper_p4/pcs64/pcs64_wrapper/pcs64_top/<hidden>/<hidden>/<hidden>/<hidden>
    SLICE_X106Y40        LUT6 (Prop_H6LUT_SLICEM_I5_O)
                                                      0.100     3.482 r  wrapper_p4/pcs64/pcs64_wrapper/pcs64_top/<hidden>/<hidden>/<hidden>/<hidden>
                         net (fo=38, routed)          0.798     4.280    wrapper_p4/pcs64/pcs64_wrapper/pcs64_top/<hidden>/<hidden>/<hidden>/<hidden>
    SLICE_X107Y49        LUT6 (Prop_A6LUT_SLICEM_I5_O)
                                                      0.179     4.459 r  wrapper_p4/pcs64/pcs64_wrapper/pcs64_top/<hidden>/<hidden>/<hidden>/<hidden>
                         net (fo=1, routed)           0.206     4.665    wrapper_p4/pcs64/pcs64_wrapper/pcs64_top/<hidden>/<hidden>/<hidden>/<hidden>
    SLICE_X107Y49        LUT6 (Prop_H6LUT_SLICEM_I5_O)
                                                      0.100     4.765 r  wrapper_p4/pcs64/pcs64_wrapper/pcs64_top/<hidden>/<hidden>/<hidden>/<hidden>
                         net (fo=1, routed)           0.068     4.833    wrapper_p4/pcs64/pcs64_wrapper/pcs64_top/<hidden>/<hidden>/<hidden>/<hidden>
    SLICE_X107Y49        FDRE                                         r  wrapper_p4/pcs64/pcs64_wrapper/pcs64_top/<hidden>/<hidden>/<hidden>/<hidden>
  -------------------------------------------------------------------    -------------------

                         (clock txoutclk_out[0] rise edge)
                                                      6.400     6.400 r  
    GTYE4_CHANNEL_X0Y4   GTYE4_CHANNEL                0.000     6.400 r  u_pcs/inst/i_pcs64_gt/inst/gen_gtwizard_gtye4_top.pcs64_gt_gtwizard_gtye4_inst/gen_gtwizard_gtye4.gen_channel_container[1].gen_enabled_channel.gtye4_channel_wrapper_inst/channel_inst/gtye4_channel_gen.gen_gtye4_channel_inst[0].GTYE4_CHANNEL_PRIM_INST/TXOUTCLK
                         net (fo=2, routed)           0.082     6.482    u_pcs/inst/i_core_gtwiz_userclk_tx_inst_0/txoutclk_out[0]
    BUFG_GT_X0Y47        BUFG_GT (Prop_BUFG_GT_I_O)
                                                      0.122     6.604 r  u_pcs/inst/i_core_gtwiz_userclk_tx_inst_0/gen_gtwiz_userclk_tx_main.bufg_gt_usrclk_inst/O
    X3Y0 (CLOCK_ROOT)    net (fo=579, routed)         1.316     7.920    wrapper_p4/pcs64/pcs64_wrapper/pcs64_top/<hidden>/<hidden>/<hidden>/<hidden>
    SLICE_X107Y49        FDRE                                         r  wrapper_p4/pcs64/pcs64_wrapper/pcs64_top/<hidden>/<hidden>/<hidden>/<hidden>
                         clock pessimism              0.119     8.039    
                         clock uncertainty           -0.046     7.992    
    SLICE_X107Y49        FDRE (Setup_HFF_SLICEM_C_D)
                                                      0.027     8.019    wrapper_p4/pcs64/pcs64_wrapper/pcs64_top/<hidden>/<hidden>/<hidden>/<hidden>
  -------------------------------------------------------------------
                         required time                          8.019    
                         arrival time                          -4.833    
  -------------------------------------------------------------------
                         slack                                  3.186    





Min Delay Paths
--------------------------------------------------------------------------------------
Slack (MET) :             0.020ns  (arrival time - required time)
  Source:                 u_pcs/inst/i_pcs64_tx_64bit_gt_pipeline_serdes_data0_0/data_out_1d_reg[24]/C
                            (rising edge-triggered cell FDRE clocked by txoutclk_out[0]  {rise@0.000ns fall@3.200ns period=6.400ns})
  Destination:            u_pcs/inst/i_pcs64_tx_64bit_gt_pipeline_serdes_data0_0/data_out_2d_reg[24]/D
                            (rising edge-triggered cell FDRE clocked by txoutclk_out[0]  {rise@0.000ns fall@3.200ns period=6.400ns})
  Path Group:             txoutclk_out[0]
  Path Type:              Hold (Min at Slow Process Corner)
  Requirement:            0.000ns  (txoutclk_out[0] rise@0.000ns - txoutclk_out[0] rise@0.000ns)
  Data Path Delay:        0.271ns  (logic 0.070ns (25.830%)  route 0.201ns (74.170%))
  Logic Levels:           0  
  Clock Path Skew:        0.198ns (DCD - SCD - CPR)
    Destination Clock Delay (DCD):    1.780ns
    Source Clock Delay      (SCD):    1.502ns
    Clock Pessimism Removal (CPR):    0.080ns
  Clock Net Delay (Source):      1.298ns (routing 0.526ns, distribution 0.772ns)
  Clock Net Delay (Destination): 1.551ns (routing 0.581ns, distribution 0.970ns)

    Location             Delay type                Incr(ns)  Path(ns)    Netlist Resource(s)
  -------------------------------------------------------------------    -------------------
                         (clock txoutclk_out[0] rise edge)
                                                      0.000     0.000 r  
    GTYE4_CHANNEL_X0Y4   GTYE4_CHANNEL                0.000     0.000 r  u_pcs/inst/i_pcs64_gt/inst/gen_gtwizard_gtye4_top.pcs64_gt_gtwizard_gtye4_inst/gen_gtwizard_gtye4.gen_channel_container[1].gen_enabled_channel.gtye4_channel_wrapper_inst/channel_inst/gtye4_channel_gen.gen_gtye4_channel_inst[0].GTYE4_CHANNEL_PRIM_INST/TXOUTCLK
                         net (fo=2, routed)           0.082     0.082    u_pcs/inst/i_core_gtwiz_userclk_tx_inst_0/txoutclk_out[0]
    BUFG_GT_X0Y47        BUFG_GT (Prop_BUFG_GT_I_O)
                                                      0.122     0.204 r  u_pcs/inst/i_core_gtwiz_userclk_tx_inst_0/gen_gtwiz_userclk_tx_main.bufg_gt_usrclk_inst/O
    X3Y0 (CLOCK_ROOT)    net (fo=579, routed)         1.298     1.502    u_pcs/inst/i_pcs64_tx_64bit_gt_pipeline_serdes_data0_0/CLK
    SLICE_X112Y50        FDRE                                         r  u_pcs/inst/i_pcs64_tx_64bit_gt_pipeline_serdes_data0_0/data_out_1d_reg[24]/C
  -------------------------------------------------------------------    -------------------
    SLICE_X112Y50        FDRE (Prop_DFF_SLICEM_C_Q)
                                                      0.070     1.572 r  u_pcs/inst/i_pcs64_tx_64bit_gt_pipeline_serdes_data0_0/data_out_1d_reg[24]/Q
                         net (fo=1, routed)           0.201     1.773    u_pcs/inst/i_pcs64_tx_64bit_gt_pipeline_serdes_data0_0/data_out_1d[24]
    SLICE_X112Y60        FDRE                                         r  u_pcs/inst/i_pcs64_tx_64bit_gt_pipeline_serdes_data0_0/data_out_2d_reg[24]/D
  -------------------------------------------------------------------    -------------------

                         (clock txoutclk_out[0] rise edge)
                                                      0.000     0.000 r  
    GTYE4_CHANNEL_X0Y4   GTYE4_CHANNEL                0.000     0.000 r  u_pcs/inst/i_pcs64_gt/inst/gen_gtwizard_gtye4_top.pcs64_gt_gtwizard_gtye4_inst/gen_gtwizard_gtye4.gen_channel_container[1].gen_enabled_channel.gtye4_channel_wrapper_inst/channel_inst/gtye4_channel_gen.gen_gtye4_channel_inst[0].GTYE4_CHANNEL_PRIM_INST/TXOUTCLK
                         net (fo=2, routed)           0.090     0.090    u_pcs/inst/i_core_gtwiz_userclk_tx_inst_0/txoutclk_out[0]
    BUFG_GT_X0Y47        BUFG_GT (Prop_BUFG_GT_I_O)
                                                      0.139     0.229 r  u_pcs/inst/i_core_gtwiz_userclk_tx_inst_0/gen_gtwiz_userclk_tx_main.bufg_gt_usrclk_inst/O
    X3Y0 (CLOCK_ROOT)    net (fo=579, routed)         1.551     1.780    u_pcs/inst/i_pcs64_tx_64bit_gt_pipeline_serdes_data0_0/CLK
    SLICE_X112Y60        FDRE                                         r  u_pcs/inst/i_pcs64_tx_64bit_gt_pipeline_serdes_data0_0/data_out_2d_reg[24]/C
                         clock pessimism             -0.080     1.700    
    SLICE_X112Y60        FDRE (Hold_FFF_SLICEM_C_D)
                                                      0.053     1.753    u_pcs/inst/i_pcs64_tx_64bit_gt_pipeline_serdes_data0_0/data_out_2d_reg[24]
  -------------------------------------------------------------------
                         required time                         -1.753    
                         arrival time                           1.773    
  -------------------------------------------------------------------
                         slack                                  0.020    





Pulse Width Checks
--------------------------------------------------------------------------------------
Clock Name:         txoutclk_out[0]
Waveform(ns):       { 0.000 3.200 }
Period(ns):         6.400
Sources:            { u_pcs/inst/i_pcs64_gt/inst/gen_gtwizard_gtye4_top.pcs64_gt_gtwizard_gtye4_inst/gen_gtwizard_gtye4.gen_channel_container[1].gen_enabled_channel.gtye4_channel_wrapper_inst/channel_inst/gtye4_channel_gen.gen_gtye4_channel_inst[0].GTYE4_CHANNEL_PRIM_INST/TXOUTCLK }

Check Type        Corner  Lib Pin                 Reference Pin            Required(ns)  Actual(ns)  Slack(ns)  Location            Pin
Min Period        n/a     GTYE4_CHANNEL/TXUSRCLK  n/a                      2.482         6.400       3.918      GTYE4_CHANNEL_X0Y4  u_pcs/inst/i_pcs64_gt/inst/gen_gtwizard_gtye4_top.pcs64_gt_gtwizard_gtye4_inst/gen_gtwizard_gtye4.gen_channel_container[1].gen_enabled_channel.gtye4_channel_wrapper_inst/channel_inst/gtye4_channel_gen.gen_gtye4_channel_inst[0].GTYE4_CHANNEL_PRIM_INST/TXUSRCLK
Low Pulse Width   Slow    GTYE4_CHANNEL/TXUSRCLK  n/a                      1.117         3.200       2.083      GTYE4_CHANNEL_X0Y4  u_pcs/inst/i_pcs64_gt/inst/gen_gtwizard_gtye4_top.pcs64_gt_gtwizard_gtye4_inst/gen_gtwizard_gtye4.gen_channel_container[1].gen_enabled_channel.gtye4_channel_wrapper_inst/channel_inst/gtye4_channel_gen.gen_gtye4_channel_inst[0].GTYE4_CHANNEL_PRIM_INST/TXUSRCLK
High Pulse Width  Slow    GTYE4_CHANNEL/TXUSRCLK  n/a                      1.117         3.200       2.083      GTYE4_CHANNEL_X0Y4  u_pcs/inst/i_pcs64_gt/inst/gen_gtwizard_gtye4_top.pcs64_gt_gtwizard_gtye4_inst/gen_gtwizard_gtye4.gen_channel_container[1].gen_enabled_channel.gtye4_channel_wrapper_inst/channel_inst/gtye4_channel_gen.gen_gtye4_channel_inst[0].GTYE4_CHANNEL_PRIM_INST/TXUSRCLK
Max Skew          Fast    GTYE4_CHANNEL/TXUSRCLK  GTYE4_CHANNEL/TXUSRCLK2  0.629         0.011       0.618      GTYE4_CHANNEL_X0Y4  u_pcs/inst/i_pcs64_gt/inst/gen_gtwizard_gtye4_top.pcs64_gt_gtwizard_gtye4_inst/gen_gtwizard_gtye4.gen_channel_container[1].gen_enabled_channel.gtye4_channel_wrapper_inst/channel_inst/gtye4_channel_gen.gen_gtye4_channel_inst[0].GTYE4_CHANNEL_PRIM_INST/TXUSRCLK



---------------------------------------------------------------------------------------------------
From Clock:  txoutclk_out[0]_1
  To Clock:  txoutclk_out[0]_1

Setup :            0  Failing Endpoints,  Worst Slack        0.193ns,  Total Violation        0.000ns
Hold  :            0  Failing Endpoints,  Worst Slack        0.018ns,  Total Violation        0.000ns
PW    :            0  Failing Endpoints,  Worst Slack        0.618ns,  Total Violation        0.000ns
---------------------------------------------------------------------------------------------------


Max Delay Paths
--------------------------------------------------------------------------------------
Slack (MET) :             0.193ns  (required time - arrival time)
  Source:                 u_mac_tx/cw_len_reg[2]/C
                            (rising edge-triggered cell FDCE clocked by txoutclk_out[0]_1  {rise@0.000ns fall@3.200ns period=6.400ns})
  Destination:            wrapper_p4/pcs64/pcs64_wrapper/pcs64_top_24/<hidden>/<hidden>/<hidden>/<hidden>
                            (rising edge-triggered cell FDRE clocked by txoutclk_out[0]_1  {rise@0.000ns fall@3.200ns period=6.400ns})
  Path Group:             txoutclk_out[0]_1
  Path Type:              Setup (Max at Slow Process Corner)
  Requirement:            6.400ns  (txoutclk_out[0]_1 rise@6.400ns - txoutclk_out[0]_1 rise@0.000ns)
  Data Path Delay:        6.072ns  (logic 1.464ns (24.111%)  route 4.608ns (75.889%))
  Logic Levels:           13  (LUT2=1 LUT4=1 LUT5=1 LUT6=10)
  Clock Path Skew:        -0.116ns (DCD - SCD + CPR)
    Destination Clock Delay (DCD):    1.699ns = ( 8.099 - 6.400 ) 
    Source Clock Delay      (SCD):    1.957ns
    Clock Pessimism Removal (CPR):    0.142ns
  Clock Uncertainty:      0.046ns  ((TSJ^2 + DJ^2)^1/2) / 2 + PE
    Total System Jitter     (TSJ):    0.071ns
    Discrete Jitter          (DJ):    0.060ns
    Phase Error              (PE):    0.000ns
  Clock Net Delay (Source):      1.728ns (routing 0.638ns, distribution 1.090ns)
  Clock Net Delay (Destination): 1.495ns (routing 0.574ns, distribution 0.921ns)

    Location             Delay type                Incr(ns)  Path(ns)    Netlist Resource(s)
  -------------------------------------------------------------------    -------------------
                         (clock txoutclk_out[0]_1 rise edge)
                                                      0.000     0.000 r  
    GTYE4_CHANNEL_X0Y5   GTYE4_CHANNEL                0.000     0.000 r  u_pcs/inst/i_pcs64_gt_1/inst/gen_gtwizard_gtye4_top.pcs64_gt_1_gtwizard_gtye4_inst/gen_gtwizard_gtye4.gen_channel_container[1].gen_enabled_channel.gtye4_channel_wrapper_inst/channel_inst/gtye4_channel_gen.gen_gtye4_channel_inst[0].GTYE4_CHANNEL_PRIM_INST/TXOUTCLK
                         net (fo=2, routed)           0.090     0.090    u_pcs/inst/i_core_gtwiz_userclk_tx_inst_1/txoutclk_out[0]
    BUFG_GT_X0Y28        BUFG_GT (Prop_BUFG_GT_I_O)
                                                      0.139     0.229 r  u_pcs/inst/i_core_gtwiz_userclk_tx_inst_1/gen_gtwiz_userclk_tx_main.bufg_gt_usrclk_inst/O
    X2Y1 (CLOCK_ROOT)    net (fo=1237, routed)        1.728     1.957    u_mac_tx/tx_mii_clk_1
    SLICE_X100Y160       FDCE                                         r  u_mac_tx/cw_len_reg[2]/C
  -------------------------------------------------------------------    -------------------
    SLICE_X100Y160       FDCE (Prop_BFF_SLICEL_C_Q)
                                                      0.096     2.053 f  u_mac_tx/cw_len_reg[2]/Q
                         net (fo=79, routed)          0.225     2.278    u_mac_tx/u_crc/rptr_reg[4][2]
    SLICE_X100Y157       LUT6 (Prop_F6LUT_SLICEL_I1_O)
                                                      0.148     2.426 r  u_mac_tx/u_crc/u_pcs_i_492/O
                         net (fo=5, routed)           0.127     2.553    u_mac_tx/u_crc/padrem_reg[2]_1
    SLICE_X101Y157       LUT6 (Prop_G6LUT_SLICEM_I3_O)
                                                      0.064     2.617 r  u_mac_tx/u_crc/u_pcs_i_261/O
                         net (fo=65, routed)          0.601     3.218    u_mac_tx/u_crc/padrem_reg[1]
    SLICE_X102Y160       LUT6 (Prop_H6LUT_SLICEL_I3_O)
                                                      0.179     3.397 r  u_mac_tx/u_crc/crc[28]_i_60/O
                         net (fo=6, routed)           0.139     3.537    u_mac_tx/u_crc/crc[28]_i_60_n_53
    SLICE_X102Y162       LUT6 (Prop_G6LUT_SLICEL_I3_O)
                                                      0.147     3.684 r  u_mac_tx/u_crc/crc[23]_i_23__0/O
                         net (fo=32, routed)          0.425     4.109    u_mac_tx/u_crc/crc[23]_i_23__0_n_53
    SLICE_X105Y166       LUT2 (Prop_A6LUT_SLICEL_I0_O)
                                                      0.115     4.224 r  u_mac_tx/u_crc/crc[18]_i_23__0/O
                         net (fo=6, routed)           0.724     4.948    u_mac_tx/u_crc/crc[18]_i_23__0_n_53
    SLICE_X100Y170       LUT6 (Prop_H6LUT_SLICEL_I5_O)
                                                      0.179     5.127 r  u_mac_tx/u_crc/crc[18]_i_7__0/O
                         net (fo=1, routed)           0.293     5.420    u_mac_tx/u_crc/crc[18]_i_7__0_n_53
    SLICE_X99Y164        LUT6 (Prop_H6LUT_SLICEL_I3_O)
                                                      0.040     5.460 f  u_mac_tx/u_crc/crc[18]_i_3__0/O
                         net (fo=1, routed)           0.332     5.792    u_mac_tx/u_crc/crc[18]_i_3__0_n_53
    SLICE_X100Y161       LUT6 (Prop_D6LUT_SLICEL_I5_O)
                                                      0.063     5.855 f  u_mac_tx/u_crc/crc[18]_i_1__0/O
                         net (fo=10, routed)          0.514     6.369    u_mac_tx/u_crc/crc_nxt[18]
    SLICE_X102Y159       LUT5 (Prop_A6LUT_SLICEL_I1_O)
                                                      0.064     6.433 f  u_mac_tx/u_crc/u_pcs_i_328/O
                         net (fo=2, routed)           0.557     6.990    u_mac_tx/u_crc/u_pcs_i_328_n_53
    SLICE_X100Y152       LUT6 (Prop_H6LUT_SLICEL_I5_O)
                                                      0.040     7.030 r  u_mac_tx/u_crc/u_pcs_i_218/O
                         net (fo=1, routed)           0.158     7.188    u_mac_tx/u_crc/u_pcs_i_218_n_53
    SLICE_X100Y150       LUT6 (Prop_C6LUT_SLICEL_I0_O)
                                                      0.038     7.226 r  u_mac_tx/u_crc/u_pcs_i_46/O
                         net (fo=6, routed)           0.359     7.585    wrapper_p4/pcs64/pcs64_wrapper/pcs64_top_24/<hidden>/<hidden>/<hidden>/<hidden>
    SLICE_X96Y147        LUT4 (Prop_F6LUT_SLICEM_I0_O)
                                                      0.113     7.698 f  wrapper_p4/pcs64/pcs64_wrapper/pcs64_top_24/<hidden>/<hidden>/<hidden>/<hidden>
                         net (fo=5, routed)           0.083     7.781    wrapper_p4/pcs64/pcs64_wrapper/pcs64_top_24/<hidden>/<hidden>/<hidden>/<hidden>
    SLICE_X96Y147        LUT6 (Prop_B6LUT_SLICEM_I3_O)
                                                      0.178     7.959 r  wrapper_p4/pcs64/pcs64_wrapper/pcs64_top_24/<hidden>/<hidden>/<hidden>/<hidden>
                         net (fo=1, routed)           0.070     8.029    wrapper_p4/pcs64/pcs64_wrapper/pcs64_top_24/<hidden>/<hidden>/<hidden>/<hidden>
    SLICE_X96Y147        FDRE                                         r  wrapper_p4/pcs64/pcs64_wrapper/pcs64_top_24/<hidden>/<hidden>/<hidden>/<hidden>
  -------------------------------------------------------------------    -------------------

                         (clock txoutclk_out[0]_1 rise edge)
                                                      6.400     6.400 r  
    GTYE4_CHANNEL_X0Y5   GTYE4_CHANNEL                0.000     6.400 r  u_pcs/inst/i_pcs64_gt_1/inst/gen_gtwizard_gtye4_top.pcs64_gt_1_gtwizard_gtye4_inst/gen_gtwizard_gtye4.gen_channel_container[1].gen_enabled_channel.gtye4_channel_wrapper_inst/channel_inst/gtye4_channel_gen.gen_gtye4_channel_inst[0].GTYE4_CHANNEL_PRIM_INST/TXOUTCLK
                         net (fo=2, routed)           0.082     6.482    u_pcs/inst/i_core_gtwiz_userclk_tx_inst_1/txoutclk_out[0]
    BUFG_GT_X0Y28        BUFG_GT (Prop_BUFG_GT_I_O)
                                                      0.122     6.604 r  u_pcs/inst/i_core_gtwiz_userclk_tx_inst_1/gen_gtwiz_userclk_tx_main.bufg_gt_usrclk_inst/O
    X2Y1 (CLOCK_ROOT)    net (fo=1237, routed)        1.495     8.099    wrapper_p4/pcs64/pcs64_wrapper/pcs64_top_24/<hidden>/<hidden>/<hidden>/<hidden>
    SLICE_X96Y147        FDRE                                         r  wrapper_p4/pcs64/pcs64_wrapper/pcs64_top_24/<hidden>/<hidden>/<hidden>/<hidden>
                         clock pessimism              0.142     8.241    
                         clock uncertainty           -0.046     8.194    
    SLICE_X96Y147        FDRE (Setup_BFF_SLICEM_C_D)
                                                      0.027     8.221    wrapper_p4/pcs64/pcs64_wrapper/pcs64_top_24/<hidden>/<hidden>/<hidden>/<hidden>
  -------------------------------------------------------------------
                         required time                          8.221    
                         arrival time                          -8.029    
  -------------------------------------------------------------------
                         slack                                  0.193    





Min Delay Paths
--------------------------------------------------------------------------------------
Slack (MET) :             0.018ns  (arrival time - required time)
  Source:                 u_pcs/inst/i_pcs64_tx_64bit_gt_pipeline_serdes_data0_1/data_out_2d_reg[12]/C
                            (rising edge-triggered cell FDRE clocked by txoutclk_out[0]_1  {rise@0.000ns fall@3.200ns period=6.400ns})
  Destination:            u_pcs/inst/i_pcs64_gt_1/inst/gen_gtwizard_gtye4_top.pcs64_gt_1_gtwizard_gtye4_inst/gen_gtwizard_gtye4.gen_channel_container[1].gen_enabled_channel.gtye4_channel_wrapper_inst/channel_inst/gtye4_channel_gen.gen_gtye4_channel_inst[0].GTYE4_CHANNEL_PRIM_INST/TXDATA[12]
                            (rising edge-triggered cell GTYE4_CHANNEL clocked by txoutclk_out[0]_1  {rise@0.000ns fall@3.200ns period=6.400ns})
  Path Group:             txoutclk_out[0]_1
  Path Type:              Hold (Min at Slow Process Corner)
  Requirement:            0.000ns  (txoutclk_out[0]_1 rise@0.000ns - txoutclk_out[0]_1 rise@0.000ns)
  Data Path Delay:        0.367ns  (logic 0.069ns (18.801%)  route 0.298ns (81.199%))
  Logic Levels:           0  
  Clock Path Skew:        0.102ns (DCD - SCD - CPR)
    Destination Clock Delay (DCD):    1.952ns
    Source Clock Delay      (SCD):    1.713ns
    Clock Pessimism Removal (CPR):    0.137ns
  Clock Net Delay (Source):      1.509ns (routing 0.574ns, distribution 0.935ns)
  Clock Net Delay (Destination): 1.723ns (routing 0.638ns, distribution 1.085ns)

    Location             Delay type                Incr(ns)  Path(ns)    Netlist Resource(s)
  -------------------------------------------------------------------    -------------------
                         (clock txoutclk_out[0]_1 rise edge)
                                                      0.000     0.000 r  
    GTYE4_CHANNEL_X0Y5   GTYE4_CHANNEL                0.000     0.000 r  u_pcs/inst/i_pcs64_gt_1/inst/gen_gtwizard_gtye4_top.pcs64_gt_1_gtwizard_gtye4_inst/gen_gtwizard_gtye4.gen_channel_container[1].gen_enabled_channel.gtye4_channel_wrapper_inst/channel_inst/gtye4_channel_gen.gen_gtye4_channel_inst[0].GTYE4_CHANNEL_PRIM_INST/TXOUTCLK
                         net (fo=2, routed)           0.082     0.082    u_pcs/inst/i_core_gtwiz_userclk_tx_inst_1/txoutclk_out[0]
    BUFG_GT_X0Y28        BUFG_GT (Prop_BUFG_GT_I_O)
                                                      0.122     0.204 r  u_pcs/inst/i_core_gtwiz_userclk_tx_inst_1/gen_gtwiz_userclk_tx_main.bufg_gt_usrclk_inst/O
    X2Y1 (CLOCK_ROOT)    net (fo=1237, routed)        1.509     1.713    u_pcs/inst/i_pcs64_tx_64bit_gt_pipeline_serdes_data0_1/CLK
    SLICE_X109Y94        FDRE                                         r  u_pcs/inst/i_pcs64_tx_64bit_gt_pipeline_serdes_data0_1/data_out_2d_reg[12]/C
  -------------------------------------------------------------------    -------------------
    SLICE_X109Y94        FDRE (Prop_BFF_SLICEM_C_Q)
                                                      0.069     1.782 r  u_pcs/inst/i_pcs64_tx_64bit_gt_pipeline_serdes_data0_1/data_out_2d_reg[12]/Q
                         net (fo=1, routed)           0.298     2.080    u_pcs/inst/i_pcs64_gt_1/inst/gen_gtwizard_gtye4_top.pcs64_gt_1_gtwizard_gtye4_inst/gen_gtwizard_gtye4.gen_channel_container[1].gen_enabled_channel.gtye4_channel_wrapper_inst/channel_inst/txdata_in[12]
    GTYE4_CHANNEL_X0Y5   GTYE4_CHANNEL                                r  u_pcs/inst/i_pcs64_gt_1/inst/gen_gtwizard_gtye4_top.pcs64_gt_1_gtwizard_gtye4_inst/gen_gtwizard_gtye4.gen_channel_container[1].gen_enabled_channel.gtye4_channel_wrapper_inst/channel_inst/gtye4_channel_gen.gen_gtye4_channel_inst[0].GTYE4_CHANNEL_PRIM_INST/TXDATA[12]
  -------------------------------------------------------------------    -------------------

                         (clock txoutclk_out[0]_1 rise edge)
                                                      0.000     0.000 r  
    GTYE4_CHANNEL_X0Y5   GTYE4_CHANNEL                0.000     0.000 r  u_pcs/inst/i_pcs64_gt_1/inst/gen_gtwizard_gtye4_top.pcs64_gt_1_gtwizard_gtye4_inst/gen_gtwizard_gtye4.gen_channel_container[1].gen_enabled_channel.gtye4_channel_wrapper_inst/channel_inst/gtye4_channel_gen.gen_gtye4_channel_inst[0].GTYE4_CHANNEL_PRIM_INST/TXOUTCLK
                         net (fo=2, routed)           0.090     0.090    u_pcs/inst/i_core_gtwiz_userclk_tx_inst_1/txoutclk_out[0]
    BUFG_GT_X0Y28        BUFG_GT (Prop_BUFG_GT_I_O)
                                                      0.139     0.229 r  u_pcs/inst/i_core_gtwiz_userclk_tx_inst_1/gen_gtwiz_userclk_tx_main.bufg_gt_usrclk_inst/O
    X2Y1 (CLOCK_ROOT)    net (fo=1237, routed)        1.723     1.952    u_pcs/inst/i_pcs64_gt_1/inst/gen_gtwizard_gtye4_top.pcs64_gt_1_gtwizard_gtye4_inst/gen_gtwizard_gtye4.gen_channel_container[1].gen_enabled_channel.gtye4_channel_wrapper_inst/channel_inst/txusrclk_in[0]
    GTYE4_CHANNEL_X0Y5   GTYE4_CHANNEL                                r  u_pcs/inst/i_pcs64_gt_1/inst/gen_gtwizard_gtye4_top.pcs64_gt_1_gtwizard_gtye4_inst/gen_gtwizard_gtye4.gen_channel_container[1].gen_enabled_channel.gtye4_channel_wrapper_inst/channel_inst/gtye4_channel_gen.gen_gtye4_channel_inst[0].GTYE4_CHANNEL_PRIM_INST/TXUSRCLK2
                         clock pessimism             -0.137     1.815    
    GTYE4_CHANNEL_X0Y5   GTYE4_CHANNEL (Hold_GTYE4_CHANNEL_TXUSRCLK2_TXDATA[12])
                                                      0.247     2.062    u_pcs/inst/i_pcs64_gt_1/inst/gen_gtwizard_gtye4_top.pcs64_gt_1_gtwizard_gtye4_inst/gen_gtwizard_gtye4.gen_channel_container[1].gen_enabled_channel.gtye4_channel_wrapper_inst/channel_inst/gtye4_channel_gen.gen_gtye4_channel_inst[0].GTYE4_CHANNEL_PRIM_INST
  -------------------------------------------------------------------
                         required time                         -2.062    
                         arrival time                           2.080    
  -------------------------------------------------------------------
                         slack                                  0.018    





Pulse Width Checks
--------------------------------------------------------------------------------------
Clock Name:         txoutclk_out[0]_1
Waveform(ns):       { 0.000 3.200 }
Period(ns):         6.400
Sources:            { u_pcs/inst/i_pcs64_gt_1/inst/gen_gtwizard_gtye4_top.pcs64_gt_1_gtwizard_gtye4_inst/gen_gtwizard_gtye4.gen_channel_container[1].gen_enabled_channel.gtye4_channel_wrapper_inst/channel_inst/gtye4_channel_gen.gen_gtye4_channel_inst[0].GTYE4_CHANNEL_PRIM_INST/TXOUTCLK }

Check Type        Corner  Lib Pin                 Reference Pin            Required(ns)  Actual(ns)  Slack(ns)  Location            Pin
Min Period        n/a     GTYE4_CHANNEL/TXUSRCLK  n/a                      2.482         6.400       3.918      GTYE4_CHANNEL_X0Y5  u_pcs/inst/i_pcs64_gt_1/inst/gen_gtwizard_gtye4_top.pcs64_gt_1_gtwizard_gtye4_inst/gen_gtwizard_gtye4.gen_channel_container[1].gen_enabled_channel.gtye4_channel_wrapper_inst/channel_inst/gtye4_channel_gen.gen_gtye4_channel_inst[0].GTYE4_CHANNEL_PRIM_INST/TXUSRCLK
Low Pulse Width   Slow    GTYE4_CHANNEL/TXUSRCLK  n/a                      1.117         3.200       2.083      GTYE4_CHANNEL_X0Y5  u_pcs/inst/i_pcs64_gt_1/inst/gen_gtwizard_gtye4_top.pcs64_gt_1_gtwizard_gtye4_inst/gen_gtwizard_gtye4.gen_channel_container[1].gen_enabled_channel.gtye4_channel_wrapper_inst/channel_inst/gtye4_channel_gen.gen_gtye4_channel_inst[0].GTYE4_CHANNEL_PRIM_INST/TXUSRCLK
High Pulse Width  Slow    GTYE4_CHANNEL/TXUSRCLK  n/a                      1.117         3.200       2.083      GTYE4_CHANNEL_X0Y5  u_pcs/inst/i_pcs64_gt_1/inst/gen_gtwizard_gtye4_top.pcs64_gt_1_gtwizard_gtye4_inst/gen_gtwizard_gtye4.gen_channel_container[1].gen_enabled_channel.gtye4_channel_wrapper_inst/channel_inst/gtye4_channel_gen.gen_gtye4_channel_inst[0].GTYE4_CHANNEL_PRIM_INST/TXUSRCLK
Max Skew          Fast    GTYE4_CHANNEL/TXUSRCLK  GTYE4_CHANNEL/TXUSRCLK2  0.629         0.011       0.618      GTYE4_CHANNEL_X0Y5  u_pcs/inst/i_pcs64_gt_1/inst/gen_gtwizard_gtye4_top.pcs64_gt_1_gtwizard_gtye4_inst/gen_gtwizard_gtye4.gen_channel_container[1].gen_enabled_channel.gtye4_channel_wrapper_inst/channel_inst/gtye4_channel_gen.gen_gtye4_channel_inst[0].GTYE4_CHANNEL_PRIM_INST/TXUSRCLK



---------------------------------------------------------------------------------------------------
From Clock:  txoutclkpcs_out[0]
  To Clock:  txoutclkpcs_out[0]

Setup :            0  Failing Endpoints,  Worst Slack        3.493ns,  Total Violation        0.000ns
Hold  :            0  Failing Endpoints,  Worst Slack        0.275ns,  Total Violation        0.000ns
PW    :            0  Failing Endpoints,  Worst Slack        2.828ns,  Total Violation        0.000ns
---------------------------------------------------------------------------------------------------


Max Delay Paths
--------------------------------------------------------------------------------------
Slack (MET) :             3.493ns  (required time - arrival time)
  Source:                 u_pcs/inst/i_pcs64_gt/inst/gen_gtwizard_gtye4_top.pcs64_gt_gtwizard_gtye4_inst/gen_gtwizard_gtye4.gen_pwrgood_delay_inst[0].delay_powergood_inst/gen_powergood_delay.int_pwr_on_fsm_reg/C
                            (rising edge-triggered cell FDCE clocked by txoutclkpcs_out[0]  {rise@0.000ns fall@3.103ns period=6.206ns})
  Destination:            u_pcs/inst/i_pcs64_gt/inst/gen_gtwizard_gtye4_top.pcs64_gt_gtwizard_gtye4_inst/gen_gtwizard_gtye4.gen_pwrgood_delay_inst[0].delay_powergood_inst/gen_powergood_delay.wait_cnt_reg[1]/CE
                            (rising edge-triggered cell FDRE clocked by txoutclkpcs_out[0]  {rise@0.000ns fall@3.103ns period=6.206ns})
  Path Group:             txoutclkpcs_out[0]
  Path Type:              Setup (Max at Slow Process Corner)
  Requirement:            6.206ns  (txoutclkpcs_out[0] rise@6.206ns - txoutclkpcs_out[0] rise@0.000ns)
  Data Path Delay:        2.349ns  (logic 0.278ns (11.835%)  route 2.071ns (88.165%))
  Logic Levels:           1  (LUT1=1)
  Clock Path Skew:        -0.275ns (DCD - SCD + CPR)
    Destination Clock Delay (DCD):    0.767ns = ( 6.973 - 6.206 ) 
    Source Clock Delay      (SCD):    1.204ns
    Clock Pessimism Removal (CPR):    0.162ns
  Clock Uncertainty:      0.046ns  ((TSJ^2 + DJ^2)^1/2) / 2 + PE
    Total System Jitter     (TSJ):    0.071ns
    Discrete Jitter          (DJ):    0.060ns
    Phase Error              (PE):    0.000ns

    Location             Delay type                Incr(ns)  Path(ns)    Netlist Resource(s)
  -------------------------------------------------------------------    -------------------
                         (clock txoutclkpcs_out[0] rise edge)
                                                      0.000     0.000 r  
    GTYE4_CHANNEL_X0Y4   GTYE4_CHANNEL                0.000     0.000 r  u_pcs/inst/i_pcs64_gt/inst/gen_gtwizard_gtye4_top.pcs64_gt_gtwizard_gtye4_inst/gen_gtwizard_gtye4.gen_channel_container[1].gen_enabled_channel.gtye4_channel_wrapper_inst/channel_inst/gtye4_channel_gen.gen_gtye4_channel_inst[0].GTYE4_CHANNEL_PRIM_INST/TXOUTCLKPCS
                         net (fo=15, routed)          1.204     1.204    u_pcs/inst/i_pcs64_gt/inst/gen_gtwizard_gtye4_top.pcs64_gt_gtwizard_gtye4_inst/gen_gtwizard_gtye4.gen_pwrgood_delay_inst[0].delay_powergood_inst/txoutclkpcs_out[0]
    SLICE_X100Y30        FDCE                                         r  u_pcs/inst/i_pcs64_gt/inst/gen_gtwizard_gtye4_top.pcs64_gt_gtwizard_gtye4_inst/gen_gtwizard_gtye4.gen_pwrgood_delay_inst[0].delay_powergood_inst/gen_powergood_delay.int_pwr_on_fsm_reg/C
  -------------------------------------------------------------------    -------------------
    SLICE_X100Y30        FDCE (Prop_AFF2_SLICEL_C_Q)
                                                      0.099     1.303 f  u_pcs/inst/i_pcs64_gt/inst/gen_gtwizard_gtye4_top.pcs64_gt_gtwizard_gtye4_inst/gen_gtwizard_gtye4.gen_pwrgood_delay_inst[0].delay_powergood_inst/gen_powergood_delay.int_pwr_on_fsm_reg/Q
                         net (fo=4, routed)           1.429     2.732    u_pcs/inst/i_pcs64_gt/inst/gen_gtwizard_gtye4_top.pcs64_gt_gtwizard_gtye4_inst/gen_gtwizard_gtye4.gen_pwrgood_delay_inst[0].delay_powergood_inst/gen_powergood_delay.int_pwr_on_fsm
    SLICE_X99Y31         LUT1 (Prop_H6LUT_SLICEL_I0_O)
                                                      0.179     2.911 r  u_pcs/inst/i_pcs64_gt/inst/gen_gtwizard_gtye4_top.pcs64_gt_gtwizard_gtye4_inst/gen_gtwizard_gtye4.gen_pwrgood_delay_inst[0].delay_powergood_inst/gen_powergood_delay.intclk_rrst_n_r[4]_i_1/O
                         net (fo=12, routed)          0.642     3.553    u_pcs/inst/i_pcs64_gt/inst/gen_gtwizard_gtye4_top.pcs64_gt_gtwizard_gtye4_inst/gen_gtwizard_gtye4.gen_pwrgood_delay_inst[0].delay_powergood_inst/gen_powergood_delay.intclk_rrst_n_r[4]_i_1_n_0
    SLICE_X99Y33         FDRE                                         r  u_pcs/inst/i_pcs64_gt/inst/gen_gtwizard_gtye4_top.pcs64_gt_gtwizard_gtye4_inst/gen_gtwizard_gtye4.gen_pwrgood_delay_inst[0].delay_powergood_inst/gen_powergood_delay.wait_cnt_reg[1]/CE
  -------------------------------------------------------------------    -------------------

                         (clock txoutclkpcs_out[0] rise edge)
                                                      6.206     6.206 r  
    GTYE4_CHANNEL_X0Y4   GTYE4_CHANNEL                0.000     6.206 r  u_pcs/inst/i_pcs64_gt/inst/gen_gtwizard_gtye4_top.pcs64_gt_gtwizard_gtye4_inst/gen_gtwizard_gtye4.gen_channel_container[1].gen_enabled_channel.gtye4_channel_wrapper_inst/channel_inst/gtye4_channel_gen.gen_gtye4_channel_inst[0].GTYE4_CHANNEL_PRIM_INST/TXOUTCLKPCS
                         net (fo=15, routed)          0.767     6.973    u_pcs/inst/i_pcs64_gt/inst/gen_gtwizard_gtye4_top.pcs64_gt_gtwizard_gtye4_inst/gen_gtwizard_gtye4.gen_pwrgood_delay_inst[0].delay_powergood_inst/txoutclkpcs_out[0]
    SLICE_X99Y33         FDRE                                         r  u_pcs/inst/i_pcs64_gt/inst/gen_gtwizard_gtye4_top.pcs64_gt_gtwizard_gtye4_inst/gen_gtwizard_gtye4.gen_pwrgood_delay_inst[0].delay_powergood_inst/gen_powergood_delay.wait_cnt_reg[1]/C
                         clock pessimism              0.162     7.135    
                         clock uncertainty           -0.046     7.089    
    SLICE_X99Y33         FDRE (Setup_AFF2_SLICEL_C_CE)
                                                     -0.042     7.047    u_pcs/inst/i_pcs64_gt/inst/gen_gtwizard_gtye4_top.pcs64_gt_gtwizard_gtye4_inst/gen_gtwizard_gtye4.gen_pwrgood_delay_inst[0].delay_powergood_inst/gen_powergood_delay.wait_cnt_reg[1]
  -------------------------------------------------------------------
                         required time                          7.047    
                         arrival time                          -3.553    
  -------------------------------------------------------------------
                         slack                                  3.493    





Min Delay Paths
--------------------------------------------------------------------------------------
Slack (MET) :             0.275ns  (arrival time - required time)
  Source:                 u_pcs/inst/i_pcs64_gt/inst/gen_gtwizard_gtye4_top.pcs64_gt_gtwizard_gtye4_inst/gen_gtwizard_gtye4.gen_pwrgood_delay_inst[0].delay_powergood_inst/gen_powergood_delay.wait_cnt_reg[0]/C
                            (rising edge-triggered cell FDRE clocked by txoutclkpcs_out[0]  {rise@0.000ns fall@3.103ns period=6.206ns})
  Destination:            u_pcs/inst/i_pcs64_gt/inst/gen_gtwizard_gtye4_top.pcs64_gt_gtwizard_gtye4_inst/gen_gtwizard_gtye4.gen_pwrgood_delay_inst[0].delay_powergood_inst/gen_powergood_delay.wait_cnt_reg[1]/D
                            (rising edge-triggered cell FDRE clocked by txoutclkpcs_out[0]  {rise@0.000ns fall@3.103ns period=6.206ns})
  Path Group:             txoutclkpcs_out[0]
  Path Type:              Hold (Min at Fast Process Corner)
  Requirement:            0.000ns  (txoutclkpcs_out[0] rise@0.000ns - txoutclkpcs_out[0] rise@0.000ns)
  Data Path Delay:        0.336ns  (logic 0.040ns (11.905%)  route 0.296ns (88.095%))
  Logic Levels:           0  
  Clock Path Skew:        0.014ns (DCD - SCD - CPR)
    Destination Clock Delay (DCD):    0.761ns
    Source Clock Delay      (SCD):    0.595ns
    Clock Pessimism Removal (CPR):    0.152ns

    Location             Delay type                Incr(ns)  Path(ns)    Netlist Resource(s)
  -------------------------------------------------------------------    -------------------
                         (clock txoutclkpcs_out[0] rise edge)
                                                      0.000     0.000 r  
    GTYE4_CHANNEL_X0Y4   GTYE4_CHANNEL                0.000     0.000 r  u_pcs/inst/i_pcs64_gt/inst/gen_gtwizard_gtye4_top.pcs64_gt_gtwizard_gtye4_inst/gen_gtwizard_gtye4.gen_channel_container[1].gen_enabled_channel.gtye4_channel_wrapper_inst/channel_inst/gtye4_channel_gen.gen_gtye4_channel_inst[0].GTYE4_CHANNEL_PRIM_INST/TXOUTCLKPCS
                         net (fo=15, routed)          0.595     0.595    u_pcs/inst/i_pcs64_gt/inst/gen_gtwizard_gtye4_top.pcs64_gt_gtwizard_gtye4_inst/gen_gtwizard_gtye4.gen_pwrgood_delay_inst[0].delay_powergood_inst/txoutclkpcs_out[0]
    SLICE_X99Y32         FDRE                                         r  u_pcs/inst/i_pcs64_gt/inst/gen_gtwizard_gtye4_top.pcs64_gt_gtwizard_gtye4_inst/gen_gtwizard_gtye4.gen_pwrgood_delay_inst[0].delay_powergood_inst/gen_powergood_delay.wait_cnt_reg[0]/C
  -------------------------------------------------------------------    -------------------
    SLICE_X99Y32         FDRE (Prop_AFF2_SLICEL_C_Q)
                                                      0.040     0.635 r  u_pcs/inst/i_pcs64_gt/inst/gen_gtwizard_gtye4_top.pcs64_gt_gtwizard_gtye4_inst/gen_gtwizard_gtye4.gen_pwrgood_delay_inst[0].delay_powergood_inst/gen_powergood_delay.wait_cnt_reg[0]/Q
                         net (fo=1, routed)           0.296     0.931    u_pcs/inst/i_pcs64_gt/inst/gen_gtwizard_gtye4_top.pcs64_gt_gtwizard_gtye4_inst/gen_gtwizard_gtye4.gen_pwrgood_delay_inst[0].delay_powergood_inst/gen_powergood_delay.wait_cnt[0]
    SLICE_X99Y33         FDRE                                         r  u_pcs/inst/i_pcs64_gt/inst/gen_gtwizard_gtye4_top.pcs64_gt_gtwizard_gtye4_inst/gen_gtwizard_gtye4.gen_pwrgood_delay_inst[0].delay_powergood_inst/gen_powergood_delay.wait_cnt_reg[1]/D
  -------------------------------------------------------------------    -------------------

                         (clock txoutclkpcs_out[0] rise edge)
                                                      0.000     0.000 r  
    GTYE4_CHANNEL_X0Y4   GTYE4_CHANNEL                0.000     0.000 r  u_pcs/inst/i_pcs64_gt/inst/gen_gtwizard_gtye4_top.pcs64_gt_gtwizard_gtye4_inst/gen_gtwizard_gtye4.gen_channel_container[1].gen_enabled_channel.gtye4_channel_wrapper_inst/channel_inst/gtye4_channel_gen.gen_gtye4_channel_inst[0].GTYE4_CHANNEL_PRIM_INST/TXOUTCLKPCS
                         net (fo=15, routed)          0.761     0.761    u_pcs/inst/i_pcs64_gt/inst/gen_gtwizard_gtye4_top.pcs64_gt_gtwizard_gtye4_inst/gen_gtwizard_gtye4.gen_pwrgood_delay_inst[0].delay_powergood_inst/txoutclkpcs_out[0]
    SLICE_X99Y33         FDRE                                         r  u_pcs/inst/i_pcs64_gt/inst/gen_gtwizard_gtye4_top.pcs64_gt_gtwizard_gtye4_inst/gen_gtwizard_gtye4.gen_pwrgood_delay_inst[0].delay_powergood_inst/gen_powergood_delay.wait_cnt_reg[1]/C
                         clock pessimism             -0.152     0.609    
    SLICE_X99Y33         FDRE (Hold_AFF2_SLICEL_C_D)
                                                      0.047     0.656    u_pcs/inst/i_pcs64_gt/inst/gen_gtwizard_gtye4_top.pcs64_gt_gtwizard_gtye4_inst/gen_gtwizard_gtye4.gen_pwrgood_delay_inst[0].delay_powergood_inst/gen_powergood_delay.wait_cnt_reg[1]
  -------------------------------------------------------------------
                         required time                         -0.656    
                         arrival time                           0.931    
  -------------------------------------------------------------------
                         slack                                  0.275    





Pulse Width Checks
--------------------------------------------------------------------------------------
Clock Name:         txoutclkpcs_out[0]
Waveform(ns):       { 0.000 3.103 }
Period(ns):         6.206
Sources:            { u_pcs/inst/i_pcs64_gt/inst/gen_gtwizard_gtye4_top.pcs64_gt_gtwizard_gtye4_inst/gen_gtwizard_gtye4.gen_channel_container[1].gen_enabled_channel.gtye4_channel_wrapper_inst/channel_inst/gtye4_channel_gen.gen_gtye4_channel_inst[0].GTYE4_CHANNEL_PRIM_INST/TXOUTCLKPCS }

Check Type        Corner  Lib Pin  Reference Pin  Required(ns)  Actual(ns)  Slack(ns)  Location       Pin
Min Period        n/a     FDCE/C   n/a            0.550         6.206       5.656      SLICE_X100Y30  u_pcs/inst/i_pcs64_gt/inst/gen_gtwizard_gtye4_top.pcs64_gt_gtwizard_gtye4_inst/gen_gtwizard_gtye4.gen_pwrgood_delay_inst[0].delay_powergood_inst/gen_powergood_delay.int_pwr_on_fsm_reg/C
Low Pulse Width   Slow    FDCE/C   n/a            0.275         3.103       2.828      SLICE_X100Y30  u_pcs/inst/i_pcs64_gt/inst/gen_gtwizard_gtye4_top.pcs64_gt_gtwizard_gtye4_inst/gen_gtwizard_gtye4.gen_pwrgood_delay_inst[0].delay_powergood_inst/gen_powergood_delay.int_pwr_on_fsm_reg/C
High Pulse Width  Slow    FDCE/C   n/a            0.275         3.103       2.828      SLICE_X100Y30  u_pcs/inst/i_pcs64_gt/inst/gen_gtwizard_gtye4_top.pcs64_gt_gtwizard_gtye4_inst/gen_gtwizard_gtye4.gen_pwrgood_delay_inst[0].delay_powergood_inst/gen_powergood_delay.int_pwr_on_fsm_reg/C



---------------------------------------------------------------------------------------------------
From Clock:  txoutclkpcs_out[0]_1
  To Clock:  txoutclkpcs_out[0]_1

Setup :            0  Failing Endpoints,  Worst Slack        4.441ns,  Total Violation        0.000ns
Hold  :            0  Failing Endpoints,  Worst Slack        0.084ns,  Total Violation        0.000ns
PW    :            0  Failing Endpoints,  Worst Slack        2.828ns,  Total Violation        0.000ns
---------------------------------------------------------------------------------------------------


Max Delay Paths
--------------------------------------------------------------------------------------
Slack (MET) :             4.441ns  (required time - arrival time)
  Source:                 u_pcs/inst/i_pcs64_gt_1/inst/gen_gtwizard_gtye4_top.pcs64_gt_1_gtwizard_gtye4_inst/gen_gtwizard_gtye4.gen_pwrgood_delay_inst[0].delay_powergood_inst/gen_powergood_delay.int_pwr_on_fsm_reg/C
                            (rising edge-triggered cell FDCE clocked by txoutclkpcs_out[0]_1  {rise@0.000ns fall@3.103ns period=6.206ns})
  Destination:            u_pcs/inst/i_pcs64_gt_1/inst/gen_gtwizard_gtye4_top.pcs64_gt_1_gtwizard_gtye4_inst/gen_gtwizard_gtye4.gen_pwrgood_delay_inst[0].delay_powergood_inst/gen_powergood_delay.wait_cnt_reg[1]/CE
                            (rising edge-triggered cell FDRE clocked by txoutclkpcs_out[0]_1  {rise@0.000ns fall@3.103ns period=6.206ns})
  Path Group:             txoutclkpcs_out[0]_1
  Path Type:              Setup (Max at Slow Process Corner)
  Requirement:            6.206ns  (txoutclkpcs_out[0]_1 rise@6.206ns - txoutclkpcs_out[0]_1 rise@0.000ns)
  Data Path Delay:        1.339ns  (logic 0.235ns (17.556%)  route 1.104ns (82.444%))
  Logic Levels:           1  (LUT1=1)
  Clock Path Skew:        -0.338ns (DCD - SCD + CPR)
    Destination Clock Delay (DCD):    0.479ns = ( 6.685 - 6.206 ) 
    Source Clock Delay      (SCD):    0.873ns
    Clock Pessimism Removal (CPR):    0.056ns
  Clock Uncertainty:      0.046ns  ((TSJ^2 + DJ^2)^1/2) / 2 + PE
    Total System Jitter     (TSJ):    0.071ns
    Discrete Jitter          (DJ):    0.060ns
    Phase Error              (PE):    0.000ns

    Location             Delay type                Incr(ns)  Path(ns)    Netlist Resource(s)
  -------------------------------------------------------------------    -------------------
                         (clock txoutclkpcs_out[0]_1 rise edge)
                                                      0.000     0.000 r  
    GTYE4_CHANNEL_X0Y5   GTYE4_CHANNEL                0.000     0.000 r  u_pcs/inst/i_pcs64_gt_1/inst/gen_gtwizard_gtye4_top.pcs64_gt_1_gtwizard_gtye4_inst/gen_gtwizard_gtye4.gen_channel_container[1].gen_enabled_channel.gtye4_channel_wrapper_inst/channel_inst/gtye4_channel_gen.gen_gtye4_channel_inst[0].GTYE4_CHANNEL_PRIM_INST/TXOUTCLKPCS
                         net (fo=15, routed)          0.873     0.873    u_pcs/inst/i_pcs64_gt_1/inst/gen_gtwizard_gtye4_top.pcs64_gt_1_gtwizard_gtye4_inst/gen_gtwizard_gtye4.gen_pwrgood_delay_inst[0].delay_powergood_inst/txoutclkpcs_out[0]
    SLICE_X104Y93        FDCE                                         r  u_pcs/inst/i_pcs64_gt_1/inst/gen_gtwizard_gtye4_top.pcs64_gt_1_gtwizard_gtye4_inst/gen_gtwizard_gtye4.gen_pwrgood_delay_inst[0].delay_powergood_inst/gen_powergood_delay.int_pwr_on_fsm_reg/C
  -------------------------------------------------------------------    -------------------
    SLICE_X104Y93        FDCE (Prop_AFF2_SLICEL_C_Q)
                                                      0.099     0.972 f  u_pcs/inst/i_pcs64_gt_1/inst/gen_gtwizard_gtye4_top.pcs64_gt_1_gtwizard_gtye4_inst/gen_gtwizard_gtye4.gen_pwrgood_delay_inst[0].delay_powergood_inst/gen_powergood_delay.int_pwr_on_fsm_reg/Q
                         net (fo=4, routed)           0.183     1.155    u_pcs/inst/i_pcs64_gt_1/inst/gen_gtwizard_gtye4_top.pcs64_gt_1_gtwizard_gtye4_inst/gen_gtwizard_gtye4.gen_pwrgood_delay_inst[0].delay_powergood_inst/gen_powergood_delay.int_pwr_on_fsm
    SLICE_X104Y92        LUT1 (Prop_D5LUT_SLICEL_I0_O)
                                                      0.136     1.291 r  u_pcs/inst/i_pcs64_gt_1/inst/gen_gtwizard_gtye4_top.pcs64_gt_1_gtwizard_gtye4_inst/gen_gtwizard_gtye4.gen_pwrgood_delay_inst[0].delay_powergood_inst/gen_powergood_delay.intclk_rrst_n_r[4]_i_1/O
                         net (fo=12, routed)          0.921     2.212    u_pcs/inst/i_pcs64_gt_1/inst/gen_gtwizard_gtye4_top.pcs64_gt_1_gtwizard_gtye4_inst/gen_gtwizard_gtye4.gen_pwrgood_delay_inst[0].delay_powergood_inst/gen_powergood_delay.intclk_rrst_n_r[4]_i_1_n_0
    SLICE_X104Y92        FDRE                                         r  u_pcs/inst/i_pcs64_gt_1/inst/gen_gtwizard_gtye4_top.pcs64_gt_1_gtwizard_gtye4_inst/gen_gtwizard_gtye4.gen_pwrgood_delay_inst[0].delay_powergood_inst/gen_powergood_delay.wait_cnt_reg[1]/CE
  -------------------------------------------------------------------    -------------------

                         (clock txoutclkpcs_out[0]_1 rise edge)
                                                      6.206     6.206 r  
    GTYE4_CHANNEL_X0Y5   GTYE4_CHANNEL                0.000     6.206 r  u_pcs/inst/i_pcs64_gt_1/inst/gen_gtwizard_gtye4_top.pcs64_gt_1_gtwizard_gtye4_inst/gen_gtwizard_gtye4.gen_channel_container[1].gen_enabled_channel.gtye4_channel_wrapper_inst/channel_inst/gtye4_channel_gen.gen_gtye4_channel_inst[0].GTYE4_CHANNEL_PRIM_INST/TXOUTCLKPCS
                         net (fo=15, routed)          0.479     6.685    u_pcs/inst/i_pcs64_gt_1/inst/gen_gtwizard_gtye4_top.pcs64_gt_1_gtwizard_gtye4_inst/gen_gtwizard_gtye4.gen_pwrgood_delay_inst[0].delay_powergood_inst/txoutclkpcs_out[0]
    SLICE_X104Y92        FDRE                                         r  u_pcs/inst/i_pcs64_gt_1/inst/gen_gtwizard_gtye4_top.pcs64_gt_1_gtwizard_gtye4_inst/gen_gtwizard_gtye4.gen_pwrgood_delay_inst[0].delay_powergood_inst/gen_powergood_delay.wait_cnt_reg[1]/C
                         clock pessimism              0.056     6.741    
                         clock uncertainty           -0.046     6.695    
    SLICE_X104Y92        FDRE (Setup_AFF2_SLICEL_C_CE)
                                                     -0.042     6.653    u_pcs/inst/i_pcs64_gt_1/inst/gen_gtwizard_gtye4_top.pcs64_gt_1_gtwizard_gtye4_inst/gen_gtwizard_gtye4.gen_pwrgood_delay_inst[0].delay_powergood_inst/gen_powergood_delay.wait_cnt_reg[1]
  -------------------------------------------------------------------
                         required time                          6.653    
                         arrival time                          -2.212    
  -------------------------------------------------------------------
                         slack                                  4.441    





Min Delay Paths
--------------------------------------------------------------------------------------
Slack (MET) :             0.084ns  (arrival time - required time)
  Source:                 u_pcs/inst/i_pcs64_gt_1/inst/gen_gtwizard_gtye4_top.pcs64_gt_1_gtwizard_gtye4_inst/gen_gtwizard_gtye4.gen_pwrgood_delay_inst[0].delay_powergood_inst/gen_powergood_delay.int_pwr_on_fsm_reg/C
                            (rising edge-triggered cell FDCE clocked by txoutclkpcs_out[0]_1  {rise@0.000ns fall@3.103ns period=6.206ns})
  Destination:            u_pcs/inst/i_pcs64_gt_1/inst/gen_gtwizard_gtye4_top.pcs64_gt_1_gtwizard_gtye4_inst/gen_gtwizard_gtye4.gen_pwrgood_delay_inst[0].delay_powergood_inst/gen_powergood_delay.pwr_on_fsm_reg/D
                            (rising edge-triggered cell FDRE clocked by txoutclkpcs_out[0]_1  {rise@0.000ns fall@3.103ns period=6.206ns})
  Path Group:             txoutclkpcs_out[0]_1
  Path Type:              Hold (Min at Slow Process Corner)
  Requirement:            0.000ns  (txoutclkpcs_out[0]_1 rise@0.000ns - txoutclkpcs_out[0]_1 rise@0.000ns)
  Data Path Delay:        0.373ns  (logic 0.072ns (19.319%)  route 0.301ns (80.681%))
  Logic Levels:           0  
  Clock Path Skew:        0.234ns (DCD - SCD - CPR)
    Destination Clock Delay (DCD):    0.842ns
    Source Clock Delay      (SCD):    0.552ns
    Clock Pessimism Removal (CPR):    0.056ns

    Location             Delay type                Incr(ns)  Path(ns)    Netlist Resource(s)
  -------------------------------------------------------------------    -------------------
                         (clock txoutclkpcs_out[0]_1 rise edge)
                                                      0.000     0.000 r  
    GTYE4_CHANNEL_X0Y5   GTYE4_CHANNEL                0.000     0.000 r  u_pcs/inst/i_pcs64_gt_1/inst/gen_gtwizard_gtye4_top.pcs64_gt_1_gtwizard_gtye4_inst/gen_gtwizard_gtye4.gen_channel_container[1].gen_enabled_channel.gtye4_channel_wrapper_inst/channel_inst/gtye4_channel_gen.gen_gtye4_channel_inst[0].GTYE4_CHANNEL_PRIM_INST/TXOUTCLKPCS
                         net (fo=15, routed)          0.552     0.552    u_pcs/inst/i_pcs64_gt_1/inst/gen_gtwizard_gtye4_top.pcs64_gt_1_gtwizard_gtye4_inst/gen_gtwizard_gtye4.gen_pwrgood_delay_inst[0].delay_powergood_inst/txoutclkpcs_out[0]
    SLICE_X104Y93        FDCE                                         r  u_pcs/inst/i_pcs64_gt_1/inst/gen_gtwizard_gtye4_top.pcs64_gt_1_gtwizard_gtye4_inst/gen_gtwizard_gtye4.gen_pwrgood_delay_inst[0].delay_powergood_inst/gen_powergood_delay.int_pwr_on_fsm_reg/C
  -------------------------------------------------------------------    -------------------
    SLICE_X104Y93        FDCE (Prop_AFF2_SLICEL_C_Q)
                                                      0.072     0.624 r  u_pcs/inst/i_pcs64_gt_1/inst/gen_gtwizard_gtye4_top.pcs64_gt_1_gtwizard_gtye4_inst/gen_gtwizard_gtye4.gen_pwrgood_delay_inst[0].delay_powergood_inst/gen_powergood_delay.int_pwr_on_fsm_reg/Q
                         net (fo=4, routed)           0.301     0.925    u_pcs/inst/i_pcs64_gt_1/inst/gen_gtwizard_gtye4_top.pcs64_gt_1_gtwizard_gtye4_inst/gen_gtwizard_gtye4.gen_pwrgood_delay_inst[0].delay_powergood_inst/gen_powergood_delay.int_pwr_on_fsm
    SLICE_X104Y94        FDRE                                         r  u_pcs/inst/i_pcs64_gt_1/inst/gen_gtwizard_gtye4_top.pcs64_gt_1_gtwizard_gtye4_inst/gen_gtwizard_gtye4.gen_pwrgood_delay_inst[0].delay_powergood_inst/gen_powergood_delay.pwr_on_fsm_reg/D
  -------------------------------------------------------------------    -------------------

                         (clock txoutclkpcs_out[0]_1 rise edge)
                                                      0.000     0.000 r  
    GTYE4_CHANNEL_X0Y5   GTYE4_CHANNEL                0.000     0.000 r  u_pcs/inst/i_pcs64_gt_1/inst/gen_gtwizard_gtye4_top.pcs64_gt_1_gtwizard_gtye4_inst/gen_gtwizard_gtye4.gen_channel_container[1].gen_enabled_channel.gtye4_channel_wrapper_inst/channel_inst/gtye4_channel_gen.gen_gtye4_channel_inst[0].GTYE4_CHANNEL_PRIM_INST/TXOUTCLKPCS
                         net (fo=15, routed)          0.842     0.842    u_pcs/inst/i_pcs64_gt_1/inst/gen_gtwizard_gtye4_top.pcs64_gt_1_gtwizard_gtye4_inst/gen_gtwizard_gtye4.gen_pwrgood_delay_inst[0].delay_powergood_inst/txoutclkpcs_out[0]
    SLICE_X104Y94        FDRE                                         r  u_pcs/inst/i_pcs64_gt_1/inst/gen_gtwizard_gtye4_top.pcs64_gt_1_gtwizard_gtye4_inst/gen_gtwizard_gtye4.gen_pwrgood_delay_inst[0].delay_powergood_inst/gen_powergood_delay.pwr_on_fsm_reg/C
                         clock pessimism             -0.056     0.786    
    SLICE_X104Y94        FDRE (Hold_AFF2_SLICEL_C_D)
                                                      0.055     0.841    u_pcs/inst/i_pcs64_gt_1/inst/gen_gtwizard_gtye4_top.pcs64_gt_1_gtwizard_gtye4_inst/gen_gtwizard_gtye4.gen_pwrgood_delay_inst[0].delay_powergood_inst/gen_powergood_delay.pwr_on_fsm_reg
  -------------------------------------------------------------------
                         required time                         -0.841    
                         arrival time                           0.925    
  -------------------------------------------------------------------
                         slack                                  0.084    





Pulse Width Checks
--------------------------------------------------------------------------------------
Clock Name:         txoutclkpcs_out[0]_1
Waveform(ns):       { 0.000 3.103 }
Period(ns):         6.206
Sources:            { u_pcs/inst/i_pcs64_gt_1/inst/gen_gtwizard_gtye4_top.pcs64_gt_1_gtwizard_gtye4_inst/gen_gtwizard_gtye4.gen_channel_container[1].gen_enabled_channel.gtye4_channel_wrapper_inst/channel_inst/gtye4_channel_gen.gen_gtye4_channel_inst[0].GTYE4_CHANNEL_PRIM_INST/TXOUTCLKPCS }

Check Type        Corner  Lib Pin  Reference Pin  Required(ns)  Actual(ns)  Slack(ns)  Location       Pin
Min Period        n/a     FDCE/C   n/a            0.550         6.206       5.656      SLICE_X104Y93  u_pcs/inst/i_pcs64_gt_1/inst/gen_gtwizard_gtye4_top.pcs64_gt_1_gtwizard_gtye4_inst/gen_gtwizard_gtye4.gen_pwrgood_delay_inst[0].delay_powergood_inst/gen_powergood_delay.int_pwr_on_fsm_reg/C
Low Pulse Width   Slow    FDCE/C   n/a            0.275         3.103       2.828      SLICE_X104Y93  u_pcs/inst/i_pcs64_gt_1/inst/gen_gtwizard_gtye4_top.pcs64_gt_1_gtwizard_gtye4_inst/gen_gtwizard_gtye4.gen_pwrgood_delay_inst[0].delay_powergood_inst/gen_powergood_delay.int_pwr_on_fsm_reg/C
High Pulse Width  Slow    FDCE/C   n/a            0.275         3.103       2.828      SLICE_X104Y93  u_pcs/inst/i_pcs64_gt_1/inst/gen_gtwizard_gtye4_top.pcs64_gt_1_gtwizard_gtye4_inst/gen_gtwizard_gtye4.gen_pwrgood_delay_inst[0].delay_powergood_inst/gen_powergood_delay.int_pwr_on_fsm_reg/C



---------------------------------------------------------------------------------------------------
From Clock:  pcie_ref_clk
  To Clock:  pcie_ref_clk

Setup :            0  Failing Endpoints,  Worst Slack        6.430ns,  Total Violation        0.000ns
Hold  :            0  Failing Endpoints,  Worst Slack        0.016ns,  Total Violation        0.000ns
PW    :            0  Failing Endpoints,  Worst Slack        3.200ns,  Total Violation        0.000ns
---------------------------------------------------------------------------------------------------


Max Delay Paths
--------------------------------------------------------------------------------------
Slack (MET) :             6.430ns  (required time - arrival time)
  Source:                 u_pcie_xdma/inst/pcie4_ip_i/inst/xdma_0_pcie4_ip_gt_top_i/diablo_gt.diablo_gt_phy_wrapper/gt_wizard.gtwizard_top_i/xdma_0_pcie4_ip_gt_i/inst/gen_gtwizard_gtye4_top.xdma_0_pcie4_ip_gt_gtwizard_gtye4_inst/gen_gtwizard_gtye4.gen_cpll_cal_gtye4.gen_cpll_cal_inst[2].gen_inst_cpll_cal.gtwizard_ultrascale_v1_7_22_gtye4_cpll_cal_inst/gtwizard_ultrascale_v1_7_22_gtye4_cpll_cal_tx_i/wait_ctr_reg[18]/C
                            (rising edge-triggered cell FDRE clocked by pcie_ref_clk  {rise@0.000ns fall@5.000ns period=10.000ns})
  Destination:            u_pcie_xdma/inst/pcie4_ip_i/inst/xdma_0_pcie4_ip_gt_top_i/diablo_gt.diablo_gt_phy_wrapper/gt_wizard.gtwizard_top_i/xdma_0_pcie4_ip_gt_i/inst/gen_gtwizard_gtye4_top.xdma_0_pcie4_ip_gt_gtwizard_gtye4_inst/gen_gtwizard_gtye4.gen_cpll_cal_gtye4.gen_cpll_cal_inst[2].gen_inst_cpll_cal.gtwizard_ultrascale_v1_7_22_gtye4_cpll_cal_inst/gtwizard_ultrascale_v1_7_22_gtye4_cpll_cal_tx_i/wait_ctr_reg[21]/R
                            (rising edge-triggered cell FDRE clocked by pcie_ref_clk  {rise@0.000ns fall@5.000ns period=10.000ns})
  Path Group:             pcie_ref_clk
  Path Type:              Setup (Max at Slow Process Corner)
  Requirement:            10.000ns  (pcie_ref_clk rise@10.000ns - pcie_ref_clk rise@0.000ns)
  Data Path Delay:        3.434ns  (logic 0.641ns (18.666%)  route 2.793ns (81.334%))
  Logic Levels:           4  (LUT4=1 LUT5=2 LUT6=1)
  Clock Path Skew:        -0.028ns (DCD - SCD + CPR)
    Destination Clock Delay (DCD):    0.908ns = ( 10.908 - 10.000 ) 
    Source Clock Delay      (SCD):    1.381ns
    Clock Pessimism Removal (CPR):    0.445ns
  Clock Uncertainty:      0.035ns  ((TSJ^2 + TIJ^2)^1/2 + DJ) / 2 + PE
    Total System Jitter     (TSJ):    0.071ns
    Total Input Jitter      (TIJ):    0.000ns
    Discrete Jitter          (DJ):    0.000ns
    Phase Error              (PE):    0.000ns
  Clock Net Delay (Source):      0.685ns (routing 0.002ns, distribution 0.683ns)
  Clock Net Delay (Destination): 0.581ns (routing 0.001ns, distribution 0.580ns)

    Location             Delay type                Incr(ns)  Path(ns)    Netlist Resource(s)
  -------------------------------------------------------------------    -------------------
                         (clock pcie_ref_clk rise edge)
                                                      0.000     0.000 r  
    GTYE4_COMMON_X0Y0                                 0.000     0.000 r  pcie_sys_clk_p (IN)
                         net (fo=0)                   0.000     0.000    pcie_sys_clk_p
    GTYE4_COMMON_X0Y0    IBUFDS_GTE4 (Prop_IBUFDS0_GTYE4_GTYE4_COMMON_I_ODIV2)
                                                      0.467     0.467 r  u_pcie_refclk/ODIV2
                         net (fo=2, routed)           0.091     0.558    u_pcie_xdma/inst/pcie4_ip_i/inst/sys_clk
    BUFG_GT_X0Y3         BUFG_GT (Prop_BUFG_GT_I_O)
                                                      0.139     0.697 r  u_pcie_xdma/inst/pcie4_ip_i/inst/bufg_gt_sysclk/O
    X3Y0 (CLOCK_ROOT)    net (fo=1779, routed)        0.685     1.381    u_pcie_xdma/inst/pcie4_ip_i/inst/xdma_0_pcie4_ip_gt_top_i/diablo_gt.diablo_gt_phy_wrapper/gt_wizard.gtwizard_top_i/xdma_0_pcie4_ip_gt_i/inst/gen_gtwizard_gtye4_top.xdma_0_pcie4_ip_gt_gtwizard_gtye4_inst/gen_gtwizard_gtye4.gen_cpll_cal_gtye4.gen_cpll_cal_inst[2].gen_inst_cpll_cal.gtwizard_ultrascale_v1_7_22_gtye4_cpll_cal_inst/gtwizard_ultrascale_v1_7_22_gtye4_cpll_cal_tx_i/drpclk_common_in[0]
    SLICE_X101Y22        FDRE                                         r  u_pcie_xdma/inst/pcie4_ip_i/inst/xdma_0_pcie4_ip_gt_top_i/diablo_gt.diablo_gt_phy_wrapper/gt_wizard.gtwizard_top_i/xdma_0_pcie4_ip_gt_i/inst/gen_gtwizard_gtye4_top.xdma_0_pcie4_ip_gt_gtwizard_gtye4_inst/gen_gtwizard_gtye4.gen_cpll_cal_gtye4.gen_cpll_cal_inst[2].gen_inst_cpll_cal.gtwizard_ultrascale_v1_7_22_gtye4_cpll_cal_inst/gtwizard_ultrascale_v1_7_22_gtye4_cpll_cal_tx_i/wait_ctr_reg[18]/C
  -------------------------------------------------------------------    -------------------
    SLICE_X101Y22        FDRE (Prop_BFF_SLICEM_C_Q)
                                                      0.095     1.476 r  u_pcie_xdma/inst/pcie4_ip_i/inst/xdma_0_pcie4_ip_gt_top_i/diablo_gt.diablo_gt_phy_wrapper/gt_wizard.gtwizard_top_i/xdma_0_pcie4_ip_gt_i/inst/gen_gtwizard_gtye4_top.xdma_0_pcie4_ip_gt_gtwizard_gtye4_inst/gen_gtwizard_gtye4.gen_cpll_cal_gtye4.gen_cpll_cal_inst[2].gen_inst_cpll_cal.gtwizard_ultrascale_v1_7_22_gtye4_cpll_cal_inst/gtwizard_ultrascale_v1_7_22_gtye4_cpll_cal_tx_i/wait_ctr_reg[18]/Q
                         net (fo=2, routed)           0.348     1.825    u_pcie_xdma/inst/pcie4_ip_i/inst/xdma_0_pcie4_ip_gt_top_i/diablo_gt.diablo_gt_phy_wrapper/gt_wizard.gtwizard_top_i/xdma_0_pcie4_ip_gt_i/inst/gen_gtwizard_gtye4_top.xdma_0_pcie4_ip_gt_gtwizard_gtye4_inst/gen_gtwizard_gtye4.gen_cpll_cal_gtye4.gen_cpll_cal_inst[2].gen_inst_cpll_cal.gtwizard_ultrascale_v1_7_22_gtye4_cpll_cal_inst/gtwizard_ultrascale_v1_7_22_gtye4_cpll_cal_tx_i/wait_ctr_reg_n_0_[18]
    SLICE_X100Y22        LUT4 (Prop_G6LUT_SLICEL_I2_O)
                                                      0.147     1.972 r  u_pcie_xdma/inst/pcie4_ip_i/inst/xdma_0_pcie4_ip_gt_top_i/diablo_gt.diablo_gt_phy_wrapper/gt_wizard.gtwizard_top_i/xdma_0_pcie4_ip_gt_i/inst/gen_gtwizard_gtye4_top.xdma_0_pcie4_ip_gt_gtwizard_gtye4_inst/gen_gtwizard_gtye4.gen_cpll_cal_gtye4.gen_cpll_cal_inst[2].gen_inst_cpll_cal.gtwizard_ultrascale_v1_7_22_gtye4_cpll_cal_inst/gtwizard_ultrascale_v1_7_22_gtye4_cpll_cal_tx_i/cpll_cal_state[29]_i_5__1/O
                         net (fo=3, routed)           0.610     2.582    u_pcie_xdma/inst/pcie4_ip_i/inst/xdma_0_pcie4_ip_gt_top_i/diablo_gt.diablo_gt_phy_wrapper/gt_wizard.gtwizard_top_i/xdma_0_pcie4_ip_gt_i/inst/gen_gtwizard_gtye4_top.xdma_0_pcie4_ip_gt_gtwizard_gtye4_inst/gen_gtwizard_gtye4.gen_cpll_cal_gtye4.gen_cpll_cal_inst[2].gen_inst_cpll_cal.gtwizard_ultrascale_v1_7_22_gtye4_cpll_cal_inst/gtwizard_ultrascale_v1_7_22_gtye4_cpll_cal_tx_i/cpll_cal_state[29]_i_5__1_n_0
    SLICE_X103Y21        LUT6 (Prop_H6LUT_SLICEM_I0_O)
                                                      0.151     2.733 f  u_pcie_xdma/inst/pcie4_ip_i/inst/xdma_0_pcie4_ip_gt_top_i/diablo_gt.diablo_gt_phy_wrapper/gt_wizard.gtwizard_top_i/xdma_0_pcie4_ip_gt_i/inst/gen_gtwizard_gtye4_top.xdma_0_pcie4_ip_gt_gtwizard_gtye4_inst/gen_gtwizard_gtye4.gen_cpll_cal_gtye4.gen_cpll_cal_inst[2].gen_inst_cpll_cal.gtwizard_ultrascale_v1_7_22_gtye4_cpll_cal_inst/gtwizard_ultrascale_v1_7_22_gtye4_cpll_cal_tx_i/cpll_cal_state[18]_i_2__1/O
                         net (fo=7, routed)           0.558     3.290    u_pcie_xdma/inst/pcie4_ip_i/inst/xdma_0_pcie4_ip_gt_top_i/diablo_gt.diablo_gt_phy_wrapper/gt_wizard.gtwizard_top_i/xdma_0_pcie4_ip_gt_i/inst/gen_gtwizard_gtye4_top.xdma_0_pcie4_ip_gt_gtwizard_gtye4_inst/gen_gtwizard_gtye4.gen_cpll_cal_gtye4.gen_cpll_cal_inst[2].gen_inst_cpll_cal.gtwizard_ultrascale_v1_7_22_gtye4_cpll_cal_inst/gtwizard_ultrascale_v1_7_22_gtye4_cpll_cal_tx_i/cpll_cal_state[18]_i_2__1_n_0
    SLICE_X107Y22        LUT5 (Prop_G6LUT_SLICEM_I2_O)
                                                      0.148     3.438 f  u_pcie_xdma/inst/pcie4_ip_i/inst/xdma_0_pcie4_ip_gt_top_i/diablo_gt.diablo_gt_phy_wrapper/gt_wizard.gtwizard_top_i/xdma_0_pcie4_ip_gt_i/inst/gen_gtwizard_gtye4_top.xdma_0_pcie4_ip_gt_gtwizard_gtye4_inst/gen_gtwizard_gtye4.gen_cpll_cal_gtye4.gen_cpll_cal_inst[2].gen_inst_cpll_cal.gtwizard_ultrascale_v1_7_22_gtye4_cpll_cal_inst/gtwizard_ultrascale_v1_7_22_gtye4_cpll_cal_tx_i/wait_ctr[24]_i_4__1/O
                         net (fo=2, routed)           0.427     3.865    u_pcie_xdma/inst/pcie4_ip_i/inst/xdma_0_pcie4_ip_gt_top_i/diablo_gt.diablo_gt_phy_wrapper/gt_wizard.gtwizard_top_i/xdma_0_pcie4_ip_gt_i/inst/gen_gtwizard_gtye4_top.xdma_0_pcie4_ip_gt_gtwizard_gtye4_inst/gen_gtwizard_gtye4.gen_cpll_cal_gtye4.gen_cpll_cal_inst[2].gen_inst_cpll_cal.gtwizard_ultrascale_v1_7_22_gtye4_cpll_cal_inst/gtwizard_ultrascale_v1_7_22_gtye4_cpll_cal_tx_i/wait_ctr[24]_i_4__1_n_0
    SLICE_X105Y20        LUT5 (Prop_H6LUT_SLICEL_I3_O)
                                                      0.100     3.965 r  u_pcie_xdma/inst/pcie4_ip_i/inst/xdma_0_pcie4_ip_gt_top_i/diablo_gt.diablo_gt_phy_wrapper/gt_wizard.gtwizard_top_i/xdma_0_pcie4_ip_gt_i/inst/gen_gtwizard_gtye4_top.xdma_0_pcie4_ip_gt_gtwizard_gtye4_inst/gen_gtwizard_gtye4.gen_cpll_cal_gtye4.gen_cpll_cal_inst[2].gen_inst_cpll_cal.gtwizard_ultrascale_v1_7_22_gtye4_cpll_cal_inst/gtwizard_ultrascale_v1_7_22_gtye4_cpll_cal_tx_i/wait_ctr[24]_i_1__1/O
                         net (fo=24, routed)          0.850     4.816    u_pcie_xdma/inst/pcie4_ip_i/inst/xdma_0_pcie4_ip_gt_top_i/diablo_gt.diablo_gt_phy_wrapper/gt_wizard.gtwizard_top_i/xdma_0_pcie4_ip_gt_i/inst/gen_gtwizard_gtye4_top.xdma_0_pcie4_ip_gt_gtwizard_gtye4_inst/gen_gtwizard_gtye4.gen_cpll_cal_gtye4.gen_cpll_cal_inst[2].gen_inst_cpll_cal.gtwizard_ultrascale_v1_7_22_gtye4_cpll_cal_inst/gtwizard_ultrascale_v1_7_22_gtye4_cpll_cal_tx_i/wait_ctr[24]_i_1__1_n_0
    SLICE_X101Y22        FDRE                                         r  u_pcie_xdma/inst/pcie4_ip_i/inst/xdma_0_pcie4_ip_gt_top_i/diablo_gt.diablo_gt_phy_wrapper/gt_wizard.gtwizard_top_i/xdma_0_pcie4_ip_gt_i/inst/gen_gtwizard_gtye4_top.xdma_0_pcie4_ip_gt_gtwizard_gtye4_inst/gen_gtwizard_gtye4.gen_cpll_cal_gtye4.gen_cpll_cal_inst[2].gen_inst_cpll_cal.gtwizard_ultrascale_v1_7_22_gtye4_cpll_cal_inst/gtwizard_ultrascale_v1_7_22_gtye4_cpll_cal_tx_i/wait_ctr_reg[21]/R
  -------------------------------------------------------------------    -------------------

                         (clock pcie_ref_clk rise edge)
                                                     10.000    10.000 r  
    GTYE4_COMMON_X0Y0                                 0.000    10.000 r  pcie_sys_clk_p (IN)
                         net (fo=0)                   0.000    10.000    pcie_sys_clk_p
    GTYE4_COMMON_X0Y0    IBUFDS_GTE4 (Prop_IBUFDS0_GTYE4_GTYE4_COMMON_I_ODIV2)
                                                      0.122    10.122 r  u_pcie_refclk/ODIV2
                         net (fo=2, routed)           0.083    10.205    u_pcie_xdma/inst/pcie4_ip_i/inst/sys_clk
    BUFG_GT_X0Y3         BUFG_GT (Prop_BUFG_GT_I_O)
                                                      0.122    10.327 r  u_pcie_xdma/inst/pcie4_ip_i/inst/bufg_gt_sysclk/O
    X3Y0 (CLOCK_ROOT)    net (fo=1779, routed)        0.581    10.908    u_pcie_xdma/inst/pcie4_ip_i/inst/xdma_0_pcie4_ip_gt_top_i/diablo_gt.diablo_gt_phy_wrapper/gt_wizard.gtwizard_top_i/xdma_0_pcie4_ip_gt_i/inst/gen_gtwizard_gtye4_top.xdma_0_pcie4_ip_gt_gtwizard_gtye4_inst/gen_gtwizard_gtye4.gen_cpll_cal_gtye4.gen_cpll_cal_inst[2].gen_inst_cpll_cal.gtwizard_ultrascale_v1_7_22_gtye4_cpll_cal_inst/gtwizard_ultrascale_v1_7_22_gtye4_cpll_cal_tx_i/drpclk_common_in[0]
    SLICE_X101Y22        FDRE                                         r  u_pcie_xdma/inst/pcie4_ip_i/inst/xdma_0_pcie4_ip_gt_top_i/diablo_gt.diablo_gt_phy_wrapper/gt_wizard.gtwizard_top_i/xdma_0_pcie4_ip_gt_i/inst/gen_gtwizard_gtye4_top.xdma_0_pcie4_ip_gt_gtwizard_gtye4_inst/gen_gtwizard_gtye4.gen_cpll_cal_gtye4.gen_cpll_cal_inst[2].gen_inst_cpll_cal.gtwizard_ultrascale_v1_7_22_gtye4_cpll_cal_inst/gtwizard_ultrascale_v1_7_22_gtye4_cpll_cal_tx_i/wait_ctr_reg[21]/C
                         clock pessimism              0.445    11.353    
                         clock uncertainty           -0.035    11.318    
    SLICE_X101Y22        FDRE (Setup_EFF_SLICEM_C_R)
                                                     -0.072    11.246    u_pcie_xdma/inst/pcie4_ip_i/inst/xdma_0_pcie4_ip_gt_top_i/diablo_gt.diablo_gt_phy_wrapper/gt_wizard.gtwizard_top_i/xdma_0_pcie4_ip_gt_i/inst/gen_gtwizard_gtye4_top.xdma_0_pcie4_ip_gt_gtwizard_gtye4_inst/gen_gtwizard_gtye4.gen_cpll_cal_gtye4.gen_cpll_cal_inst[2].gen_inst_cpll_cal.gtwizard_ultrascale_v1_7_22_gtye4_cpll_cal_inst/gtwizard_ultrascale_v1_7_22_gtye4_cpll_cal_tx_i/wait_ctr_reg[21]
  -------------------------------------------------------------------
                         required time                         11.246    
                         arrival time                          -4.816    
  -------------------------------------------------------------------
                         slack                                  6.430    





Min Delay Paths
--------------------------------------------------------------------------------------
Slack (MET) :             0.016ns  (arrival time - required time)
  Source:                 u_pcie_xdma/inst/pcie4_ip_i/inst/xdma_0_pcie4_ip_gt_top_i/diablo_gt.diablo_gt_phy_wrapper/gt_wizard.gtwizard_top_i/xdma_0_pcie4_ip_gt_i/inst/gen_gtwizard_gtye4_top.xdma_0_pcie4_ip_gt_gtwizard_gtye4_inst/gen_gtwizard_gtye4.gen_cpll_cal_gtye4.gen_cpll_cal_inst[1].gen_inst_cpll_cal.gtwizard_ultrascale_v1_7_22_gtye4_cpll_cal_inst/gtwizard_ultrascale_v1_7_22_gtye4_cpll_cal_tx_i/cpll_cal_state_reg[22]/C
                            (rising edge-triggered cell FDRE clocked by pcie_ref_clk  {rise@0.000ns fall@5.000ns period=10.000ns})
  Destination:            u_pcie_xdma/inst/pcie4_ip_i/inst/xdma_0_pcie4_ip_gt_top_i/diablo_gt.diablo_gt_phy_wrapper/gt_wizard.gtwizard_top_i/xdma_0_pcie4_ip_gt_i/inst/gen_gtwizard_gtye4_top.xdma_0_pcie4_ip_gt_gtwizard_gtye4_inst/gen_gtwizard_gtye4.gen_cpll_cal_gtye4.gen_cpll_cal_inst[1].gen_inst_cpll_cal.gtwizard_ultrascale_v1_7_22_gtye4_cpll_cal_inst/gtwizard_ultrascale_v1_7_22_gtye4_cpll_cal_tx_i/cpll_cal_state_reg[23]/D
                            (rising edge-triggered cell FDRE clocked by pcie_ref_clk  {rise@0.000ns fall@5.000ns period=10.000ns})
  Path Group:             pcie_ref_clk
  Path Type:              Hold (Min at Slow Process Corner)
  Requirement:            0.000ns  (pcie_ref_clk rise@0.000ns - pcie_ref_clk rise@0.000ns)
  Data Path Delay:        0.158ns  (logic 0.070ns (44.424%)  route 0.088ns (55.576%))
  Logic Levels:           0  
  Clock Path Skew:        0.087ns (DCD - SCD - CPR)
    Destination Clock Delay (DCD):    1.330ns
    Source Clock Delay      (SCD):    0.867ns
    Clock Pessimism Removal (CPR):    0.376ns
  Clock Net Delay (Source):      0.540ns (routing 0.001ns, distribution 0.539ns)
  Clock Net Delay (Destination): 0.634ns (routing 0.002ns, distribution 0.632ns)

    Location             Delay type                Incr(ns)  Path(ns)    Netlist Resource(s)
  -------------------------------------------------------------------    -------------------
                         (clock pcie_ref_clk rise edge)
                                                      0.000     0.000 r  
    GTYE4_COMMON_X0Y0                                 0.000     0.000 r  pcie_sys_clk_p (IN)
                         net (fo=0)                   0.000     0.000    pcie_sys_clk_p
    GTYE4_COMMON_X0Y0    IBUFDS_GTE4 (Prop_IBUFDS0_GTYE4_GTYE4_COMMON_I_ODIV2)
                                                      0.122     0.122 r  u_pcie_refclk/ODIV2
                         net (fo=2, routed)           0.083     0.205    u_pcie_xdma/inst/pcie4_ip_i/inst/sys_clk
    BUFG_GT_X0Y3         BUFG_GT (Prop_BUFG_GT_I_O)
                                                      0.122     0.327 r  u_pcie_xdma/inst/pcie4_ip_i/inst/bufg_gt_sysclk/O
    X3Y0 (CLOCK_ROOT)    net (fo=1779, routed)        0.540     0.867    u_pcie_xdma/inst/pcie4_ip_i/inst/xdma_0_pcie4_ip_gt_top_i/diablo_gt.diablo_gt_phy_wrapper/gt_wizard.gtwizard_top_i/xdma_0_pcie4_ip_gt_i/inst/gen_gtwizard_gtye4_top.xdma_0_pcie4_ip_gt_gtwizard_gtye4_inst/gen_gtwizard_gtye4.gen_cpll_cal_gtye4.gen_cpll_cal_inst[1].gen_inst_cpll_cal.gtwizard_ultrascale_v1_7_22_gtye4_cpll_cal_inst/gtwizard_ultrascale_v1_7_22_gtye4_cpll_cal_tx_i/drpclk_common_in[0]
    SLICE_X108Y17        FDRE                                         r  u_pcie_xdma/inst/pcie4_ip_i/inst/xdma_0_pcie4_ip_gt_top_i/diablo_gt.diablo_gt_phy_wrapper/gt_wizard.gtwizard_top_i/xdma_0_pcie4_ip_gt_i/inst/gen_gtwizard_gtye4_top.xdma_0_pcie4_ip_gt_gtwizard_gtye4_inst/gen_gtwizard_gtye4.gen_cpll_cal_gtye4.gen_cpll_cal_inst[1].gen_inst_cpll_cal.gtwizard_ultrascale_v1_7_22_gtye4_cpll_cal_inst/gtwizard_ultrascale_v1_7_22_gtye4_cpll_cal_tx_i/cpll_cal_state_reg[22]/C
  -------------------------------------------------------------------    -------------------
    SLICE_X108Y17        FDRE (Prop_AFF_SLICEL_C_Q)
                                                      0.070     0.937 r  u_pcie_xdma/inst/pcie4_ip_i/inst/xdma_0_pcie4_ip_gt_top_i/diablo_gt.diablo_gt_phy_wrapper/gt_wizard.gtwizard_top_i/xdma_0_pcie4_ip_gt_i/inst/gen_gtwizard_gtye4_top.xdma_0_pcie4_ip_gt_gtwizard_gtye4_inst/gen_gtwizard_gtye4.gen_cpll_cal_gtye4.gen_cpll_cal_inst[1].gen_inst_cpll_cal.gtwizard_ultrascale_v1_7_22_gtye4_cpll_cal_inst/gtwizard_ultrascale_v1_7_22_gtye4_cpll_cal_tx_i/cpll_cal_state_reg[22]/Q
                         net (fo=7, routed)           0.088     1.025    u_pcie_xdma/inst/pcie4_ip_i/inst/xdma_0_pcie4_ip_gt_top_i/diablo_gt.diablo_gt_phy_wrapper/gt_wizard.gtwizard_top_i/xdma_0_pcie4_ip_gt_i/inst/gen_gtwizard_gtye4_top.xdma_0_pcie4_ip_gt_gtwizard_gtye4_inst/gen_gtwizard_gtye4.gen_cpll_cal_gtye4.gen_cpll_cal_inst[1].gen_inst_cpll_cal.gtwizard_ultrascale_v1_7_22_gtye4_cpll_cal_inst/gtwizard_ultrascale_v1_7_22_gtye4_cpll_cal_tx_i/cpll_cal_state_reg[22]_0
    SLICE_X109Y17        FDRE                                         r  u_pcie_xdma/inst/pcie4_ip_i/inst/xdma_0_pcie4_ip_gt_top_i/diablo_gt.diablo_gt_phy_wrapper/gt_wizard.gtwizard_top_i/xdma_0_pcie4_ip_gt_i/inst/gen_gtwizard_gtye4_top.xdma_0_pcie4_ip_gt_gtwizard_gtye4_inst/gen_gtwizard_gtye4.gen_cpll_cal_gtye4.gen_cpll_cal_inst[1].gen_inst_cpll_cal.gtwizard_ultrascale_v1_7_22_gtye4_cpll_cal_inst/gtwizard_ultrascale_v1_7_22_gtye4_cpll_cal_tx_i/cpll_cal_state_reg[23]/D
  -------------------------------------------------------------------    -------------------

                         (clock pcie_ref_clk rise edge)
                                                      0.000     0.000 r  
    GTYE4_COMMON_X0Y0                                 0.000     0.000 r  pcie_sys_clk_p (IN)
                         net (fo=0)                   0.000     0.000    pcie_sys_clk_p
    GTYE4_COMMON_X0Y0    IBUFDS_GTE4 (Prop_IBUFDS0_GTYE4_GTYE4_COMMON_I_ODIV2)
                                                      0.467     0.467 r  u_pcie_refclk/ODIV2
                         net (fo=2, routed)           0.091     0.558    u_pcie_xdma/inst/pcie4_ip_i/inst/sys_clk
    BUFG_GT_X0Y3         BUFG_GT (Prop_BUFG_GT_I_O)
                                                      0.139     0.697 r  u_pcie_xdma/inst/pcie4_ip_i/inst/bufg_gt_sysclk/O
    X3Y0 (CLOCK_ROOT)    net (fo=1779, routed)        0.634     1.330    u_pcie_xdma/inst/pcie4_ip_i/inst/xdma_0_pcie4_ip_gt_top_i/diablo_gt.diablo_gt_phy_wrapper/gt_wizard.gtwizard_top_i/xdma_0_pcie4_ip_gt_i/inst/gen_gtwizard_gtye4_top.xdma_0_pcie4_ip_gt_gtwizard_gtye4_inst/gen_gtwizard_gtye4.gen_cpll_cal_gtye4.gen_cpll_cal_inst[1].gen_inst_cpll_cal.gtwizard_ultrascale_v1_7_22_gtye4_cpll_cal_inst/gtwizard_ultrascale_v1_7_22_gtye4_cpll_cal_tx_i/drpclk_common_in[0]
    SLICE_X109Y17        FDRE                                         r  u_pcie_xdma/inst/pcie4_ip_i/inst/xdma_0_pcie4_ip_gt_top_i/diablo_gt.diablo_gt_phy_wrapper/gt_wizard.gtwizard_top_i/xdma_0_pcie4_ip_gt_i/inst/gen_gtwizard_gtye4_top.xdma_0_pcie4_ip_gt_gtwizard_gtye4_inst/gen_gtwizard_gtye4.gen_cpll_cal_gtye4.gen_cpll_cal_inst[1].gen_inst_cpll_cal.gtwizard_ultrascale_v1_7_22_gtye4_cpll_cal_inst/gtwizard_ultrascale_v1_7_22_gtye4_cpll_cal_tx_i/cpll_cal_state_reg[23]/C
                         clock pessimism             -0.376     0.954    
    SLICE_X109Y17        FDRE (Hold_AFF2_SLICEM_C_D)
                                                      0.054     1.008    u_pcie_xdma/inst/pcie4_ip_i/inst/xdma_0_pcie4_ip_gt_top_i/diablo_gt.diablo_gt_phy_wrapper/gt_wizard.gtwizard_top_i/xdma_0_pcie4_ip_gt_i/inst/gen_gtwizard_gtye4_top.xdma_0_pcie4_ip_gt_gtwizard_gtye4_inst/gen_gtwizard_gtye4.gen_cpll_cal_gtye4.gen_cpll_cal_inst[1].gen_inst_cpll_cal.gtwizard_ultrascale_v1_7_22_gtye4_cpll_cal_inst/gtwizard_ultrascale_v1_7_22_gtye4_cpll_cal_tx_i/cpll_cal_state_reg[23]
  -------------------------------------------------------------------
                         required time                         -1.008    
                         arrival time                           1.025    
  -------------------------------------------------------------------
                         slack                                  0.016    





Pulse Width Checks
--------------------------------------------------------------------------------------
Clock Name:         pcie_ref_clk
Waveform(ns):       { 0.000 5.000 }
Period(ns):         10.000
Sources:            { pcie_sys_clk_p }

Check Type        Corner  Lib Pin               Reference Pin  Required(ns)  Actual(ns)  Slack(ns)  Location            Pin
Min Period        n/a     GTYE4_CHANNEL/DRPCLK  n/a            4.000         10.000      6.000      GTYE4_CHANNEL_X0Y0  u_pcie_xdma/inst/pcie4_ip_i/inst/xdma_0_pcie4_ip_gt_top_i/diablo_gt.diablo_gt_phy_wrapper/gt_wizard.gtwizard_top_i/xdma_0_pcie4_ip_gt_i/inst/gen_gtwizard_gtye4_top.xdma_0_pcie4_ip_gt_gtwizard_gtye4_inst/gen_gtwizard_gtye4.gen_channel_container[3].gen_enabled_channel.gtye4_channel_wrapper_inst/channel_inst/gtye4_channel_gen.gen_gtye4_channel_inst[0].GTYE4_CHANNEL_PRIM_INST/DRPCLK
Low Pulse Width   Slow    GTYE4_CHANNEL/DRPCLK  n/a            1.800         5.000       3.200      GTYE4_CHANNEL_X0Y0  u_pcie_xdma/inst/pcie4_ip_i/inst/xdma_0_pcie4_ip_gt_top_i/diablo_gt.diablo_gt_phy_wrapper/gt_wizard.gtwizard_top_i/xdma_0_pcie4_ip_gt_i/inst/gen_gtwizard_gtye4_top.xdma_0_pcie4_ip_gt_gtwizard_gtye4_inst/gen_gtwizard_gtye4.gen_channel_container[3].gen_enabled_channel.gtye4_channel_wrapper_inst/channel_inst/gtye4_channel_gen.gen_gtye4_channel_inst[0].GTYE4_CHANNEL_PRIM_INST/DRPCLK
High Pulse Width  Slow    GTYE4_CHANNEL/DRPCLK  n/a            1.800         5.000       3.200      GTYE4_CHANNEL_X0Y0  u_pcie_xdma/inst/pcie4_ip_i/inst/xdma_0_pcie4_ip_gt_top_i/diablo_gt.diablo_gt_phy_wrapper/gt_wizard.gtwizard_top_i/xdma_0_pcie4_ip_gt_i/inst/gen_gtwizard_gtye4_top.xdma_0_pcie4_ip_gt_gtwizard_gtye4_inst/gen_gtwizard_gtye4.gen_channel_container[3].gen_enabled_channel.gtye4_channel_wrapper_inst/channel_inst/gtye4_channel_gen.gen_gtye4_channel_inst[0].GTYE4_CHANNEL_PRIM_INST/DRPCLK



---------------------------------------------------------------------------------------------------
From Clock:  GTYE4_CHANNEL_TXOUTCLK[0]
  To Clock:  GTYE4_CHANNEL_TXOUTCLK[0]

Setup :           NA  Failing Endpoints,  Worst Slack           NA  ,  Total Violation           NA
Hold  :           NA  Failing Endpoints,  Worst Slack           NA  ,  Total Violation           NA
PW    :            0  Failing Endpoints,  Worst Slack        0.501ns,  Total Violation        0.000ns
---------------------------------------------------------------------------------------------------


Pulse Width Checks
--------------------------------------------------------------------------------------
Clock Name:         GTYE4_CHANNEL_TXOUTCLK[0]
Waveform(ns):       { 0.000 1.000 }
Period(ns):         2.000
Sources:            { u_pcie_xdma/inst/pcie4_ip_i/inst/xdma_0_pcie4_ip_gt_top_i/diablo_gt.diablo_gt_phy_wrapper/gt_wizard.gtwizard_top_i/xdma_0_pcie4_ip_gt_i/inst/gen_gtwizard_gtye4_top.xdma_0_pcie4_ip_gt_gtwizard_gtye4_inst/gen_gtwizard_gtye4.gen_channel_container[3].gen_enabled_channel.gtye4_channel_wrapper_inst/channel_inst/gtye4_channel_gen.gen_gtye4_channel_inst[0].GTYE4_CHANNEL_PRIM_INST/TXOUTCLK }

Check Type  Corner  Lib Pin    Reference Pin  Required(ns)  Actual(ns)  Slack(ns)  Location       Pin
Min Period  n/a     BUFG_GT/I  n/a            1.499         2.000       0.501      BUFG_GT_X0Y22  u_pcie_xdma/inst/pcie4_ip_i/inst/xdma_0_pcie4_ip_gt_top_i/diablo_gt.diablo_gt_phy_wrapper/gt_wizard.gtwizard_top_i/xdma_0_pcie4_ip_gt_i/inst/gen_gtwizard_gtye4_top.xdma_0_pcie4_ip_gt_gtwizard_gtye4_inst/gen_gtwizard_gtye4.gen_cpll_cal_gtye4.gen_cpll_cal_inst[0].gen_inst_cpll_cal.gtwizard_ultrascale_v1_7_22_gtye4_cpll_cal_inst/gtwizard_ultrascale_v1_7_22_gtye4_cpll_cal_tx_i/bufg_gt_txoutclkmon_inst/I



---------------------------------------------------------------------------------------------------
From Clock:  GTYE4_CHANNEL_TXOUTCLK[1]
  To Clock:  GTYE4_CHANNEL_TXOUTCLK[1]

Setup :           NA  Failing Endpoints,  Worst Slack           NA  ,  Total Violation           NA
Hold  :           NA  Failing Endpoints,  Worst Slack           NA  ,  Total Violation           NA
PW    :            0  Failing Endpoints,  Worst Slack        0.501ns,  Total Violation        0.000ns
---------------------------------------------------------------------------------------------------


Pulse Width Checks
--------------------------------------------------------------------------------------
Clock Name:         GTYE4_CHANNEL_TXOUTCLK[1]
Waveform(ns):       { 0.000 1.000 }
Period(ns):         2.000
Sources:            { u_pcie_xdma/inst/pcie4_ip_i/inst/xdma_0_pcie4_ip_gt_top_i/diablo_gt.diablo_gt_phy_wrapper/gt_wizard.gtwizard_top_i/xdma_0_pcie4_ip_gt_i/inst/gen_gtwizard_gtye4_top.xdma_0_pcie4_ip_gt_gtwizard_gtye4_inst/gen_gtwizard_gtye4.gen_channel_container[3].gen_enabled_channel.gtye4_channel_wrapper_inst/channel_inst/gtye4_channel_gen.gen_gtye4_channel_inst[1].GTYE4_CHANNEL_PRIM_INST/TXOUTCLK }

Check Type  Corner  Lib Pin    Reference Pin  Required(ns)  Actual(ns)  Slack(ns)  Location       Pin
Min Period  n/a     BUFG_GT/I  n/a            1.499         2.000       0.501      BUFG_GT_X0Y21  u_pcie_xdma/inst/pcie4_ip_i/inst/xdma_0_pcie4_ip_gt_top_i/diablo_gt.diablo_gt_phy_wrapper/gt_wizard.gtwizard_top_i/xdma_0_pcie4_ip_gt_i/inst/gen_gtwizard_gtye4_top.xdma_0_pcie4_ip_gt_gtwizard_gtye4_inst/gen_gtwizard_gtye4.gen_cpll_cal_gtye4.gen_cpll_cal_inst[1].gen_inst_cpll_cal.gtwizard_ultrascale_v1_7_22_gtye4_cpll_cal_inst/gtwizard_ultrascale_v1_7_22_gtye4_cpll_cal_tx_i/bufg_gt_txoutclkmon_inst/I



---------------------------------------------------------------------------------------------------
From Clock:  GTYE4_CHANNEL_TXOUTCLK[2]
  To Clock:  GTYE4_CHANNEL_TXOUTCLK[2]

Setup :           NA  Failing Endpoints,  Worst Slack           NA  ,  Total Violation           NA
Hold  :           NA  Failing Endpoints,  Worst Slack           NA  ,  Total Violation           NA
PW    :            0  Failing Endpoints,  Worst Slack        0.501ns,  Total Violation        0.000ns
---------------------------------------------------------------------------------------------------


Pulse Width Checks
--------------------------------------------------------------------------------------
Clock Name:         GTYE4_CHANNEL_TXOUTCLK[2]
Waveform(ns):       { 0.000 1.000 }
Period(ns):         2.000
Sources:            { u_pcie_xdma/inst/pcie4_ip_i/inst/xdma_0_pcie4_ip_gt_top_i/diablo_gt.diablo_gt_phy_wrapper/gt_wizard.gtwizard_top_i/xdma_0_pcie4_ip_gt_i/inst/gen_gtwizard_gtye4_top.xdma_0_pcie4_ip_gt_gtwizard_gtye4_inst/gen_gtwizard_gtye4.gen_channel_container[3].gen_enabled_channel.gtye4_channel_wrapper_inst/channel_inst/gtye4_channel_gen.gen_gtye4_channel_inst[2].GTYE4_CHANNEL_PRIM_INST/TXOUTCLK }

Check Type  Corner  Lib Pin    Reference Pin  Required(ns)  Actual(ns)  Slack(ns)  Location       Pin
Min Period  n/a     BUFG_GT/I  n/a            1.499         2.000       0.501      BUFG_GT_X0Y20  u_pcie_xdma/inst/pcie4_ip_i/inst/xdma_0_pcie4_ip_gt_top_i/diablo_gt.diablo_gt_phy_wrapper/gt_wizard.gtwizard_top_i/xdma_0_pcie4_ip_gt_i/inst/gen_gtwizard_gtye4_top.xdma_0_pcie4_ip_gt_gtwizard_gtye4_inst/gen_gtwizard_gtye4.gen_cpll_cal_gtye4.gen_cpll_cal_inst[2].gen_inst_cpll_cal.gtwizard_ultrascale_v1_7_22_gtye4_cpll_cal_inst/gtwizard_ultrascale_v1_7_22_gtye4_cpll_cal_tx_i/bufg_gt_txoutclkmon_inst/I



---------------------------------------------------------------------------------------------------
From Clock:  GTYE4_CHANNEL_TXOUTCLK[3]
  To Clock:  GTYE4_CHANNEL_TXOUTCLK[3]

Setup :           NA  Failing Endpoints,  Worst Slack           NA  ,  Total Violation           NA
Hold  :           NA  Failing Endpoints,  Worst Slack           NA  ,  Total Violation           NA
PW    :            0  Failing Endpoints,  Worst Slack        0.501ns,  Total Violation        0.000ns
---------------------------------------------------------------------------------------------------


Pulse Width Checks
--------------------------------------------------------------------------------------
Clock Name:         GTYE4_CHANNEL_TXOUTCLK[3]
Waveform(ns):       { 0.000 1.000 }
Period(ns):         2.000
Sources:            { u_pcie_xdma/inst/pcie4_ip_i/inst/xdma_0_pcie4_ip_gt_top_i/diablo_gt.diablo_gt_phy_wrapper/gt_wizard.gtwizard_top_i/xdma_0_pcie4_ip_gt_i/inst/gen_gtwizard_gtye4_top.xdma_0_pcie4_ip_gt_gtwizard_gtye4_inst/gen_gtwizard_gtye4.gen_channel_container[3].gen_enabled_channel.gtye4_channel_wrapper_inst/channel_inst/gtye4_channel_gen.gen_gtye4_channel_inst[3].GTYE4_CHANNEL_PRIM_INST/TXOUTCLK }

Check Type  Corner  Lib Pin    Reference Pin  Required(ns)  Actual(ns)  Slack(ns)  Location       Pin
Min Period  n/a     BUFG_GT/I  n/a            1.499         2.000       0.501      BUFG_GT_X0Y19  u_pcie_xdma/inst/pcie4_ip_i/inst/xdma_0_pcie4_ip_gt_top_i/diablo_gt.diablo_gt_phy_wrapper/gt_wizard.gtwizard_top_i/xdma_0_pcie4_ip_gt_i/inst/gen_gtwizard_gtye4_top.xdma_0_pcie4_ip_gt_gtwizard_gtye4_inst/gen_gtwizard_gtye4.gen_cpll_cal_gtye4.gen_cpll_cal_inst[3].gen_inst_cpll_cal.gtwizard_ultrascale_v1_7_22_gtye4_cpll_cal_inst/gtwizard_ultrascale_v1_7_22_gtye4_cpll_cal_tx_i/bufg_gt_txoutclkmon_inst/I



---------------------------------------------------------------------------------------------------
From Clock:  pcie_axi_aclk
  To Clock:  pcie_axi_aclk

Setup :            0  Failing Endpoints,  Worst Slack        0.137ns,  Total Violation        0.000ns
Hold  :            0  Failing Endpoints,  Worst Slack        0.010ns,  Total Violation        0.000ns
PW    :            0  Failing Endpoints,  Worst Slack        0.210ns,  Total Violation        0.000ns
---------------------------------------------------------------------------------------------------


Max Delay Paths
--------------------------------------------------------------------------------------
Slack (MET) :             0.137ns  (required time - arrival time)
  Source:                 u_pcie_xdma/inst/udma_wrapper/dma_top/dma_pcie_req/dma_pcie_rc/tlp_stg4_vld_reg_rep/C
                            (rising edge-triggered cell FDRE clocked by pcie_axi_aclk  {rise@0.000ns fall@2.000ns period=4.000ns})
  Destination:            u_pcie_xdma/inst/udma_wrapper/dma_top/dma_pcie_req/dma_pcie_rc/tag_did_conti_val_reg_0_255_4_4/RAMS64E_B/I
                            (rising edge-triggered cell RAMS64E clocked by pcie_axi_aclk  {rise@0.000ns fall@2.000ns period=4.000ns})
  Path Group:             pcie_axi_aclk
  Path Type:              Setup (Max at Slow Process Corner)
  Requirement:            4.000ns  (pcie_axi_aclk rise@4.000ns - pcie_axi_aclk rise@0.000ns)
  Data Path Delay:        3.678ns  (logic 0.963ns (26.183%)  route 2.715ns (73.818%))
  Logic Levels:           9  (LUT3=1 LUT5=2 LUT6=3 MUXF7=2 MUXF8=1)
  Clock Path Skew:        -0.078ns (DCD - SCD + CPR)
    Destination Clock Delay (DCD):    1.881ns = ( 5.881 - 4.000 ) 
    Source Clock Delay      (SCD):    2.110ns
    Clock Pessimism Removal (CPR):    0.151ns
  Clock Uncertainty:      0.046ns  ((TSJ^2 + DJ^2)^1/2) / 2 + PE
    Total System Jitter     (TSJ):    0.071ns
    Discrete Jitter          (DJ):    0.060ns
    Phase Error              (PE):    0.000ns
  Clock Net Delay (Source):      1.881ns (routing 0.750ns, distribution 1.131ns)
  Clock Net Delay (Destination): 1.677ns (routing 0.683ns, distribution 0.994ns)

    Location             Delay type                Incr(ns)  Path(ns)    Netlist Resource(s)
  -------------------------------------------------------------------    -------------------
                         (clock pcie_axi_aclk rise edge)
                                                      0.000     0.000 r  
    GTYE4_CHANNEL_X0Y3   GTYE4_CHANNEL                0.000     0.000 r  u_pcie_xdma/inst/pcie4_ip_i/inst/xdma_0_pcie4_ip_gt_top_i/diablo_gt.diablo_gt_phy_wrapper/gt_wizard.gtwizard_top_i/xdma_0_pcie4_ip_gt_i/inst/gen_gtwizard_gtye4_top.xdma_0_pcie4_ip_gt_gtwizard_gtye4_inst/gen_gtwizard_gtye4.gen_channel_container[3].gen_enabled_channel.gtye4_channel_wrapper_inst/channel_inst/gtye4_channel_gen.gen_gtye4_channel_inst[3].GTYE4_CHANNEL_PRIM_INST/TXOUTCLK
                         net (fo=6, routed)           0.090     0.090    u_pcie_xdma/inst/pcie4_ip_i/inst/xdma_0_pcie4_ip_gt_top_i/diablo_gt.diablo_gt_phy_wrapper/phy_clk_i/CLK_TXOUTCLK
    BUFG_GT_X0Y18        BUFG_GT (Prop_BUFG_GT_I_O)
                                                      0.139     0.229 r  u_pcie_xdma/inst/pcie4_ip_i/inst/xdma_0_pcie4_ip_gt_top_i/diablo_gt.diablo_gt_phy_wrapper/phy_clk_i/bufg_gt_coreclk/O
    X2Y1 (CLOCK_ROOT)    net (fo=20546, routed)       1.881     2.110    u_pcie_xdma/inst/udma_wrapper/dma_top/dma_pcie_req/dma_pcie_rc/user_clk
    SLICE_X79Y26         FDRE                                         r  u_pcie_xdma/inst/udma_wrapper/dma_top/dma_pcie_req/dma_pcie_rc/tlp_stg4_vld_reg_rep/C
  -------------------------------------------------------------------    -------------------
    SLICE_X79Y26         FDRE (Prop_EFF_SLICEM_C_Q)
                                                      0.093     2.203 r  u_pcie_xdma/inst/udma_wrapper/dma_top/dma_pcie_req/dma_pcie_rc/tlp_stg4_vld_reg_rep/Q
                         net (fo=38, routed)          0.430     2.633    u_pcie_xdma/inst/udma_wrapper/dma_top/dma_pcie_req/dma_pcie_rc/tlp_stg4_vld_reg_rep_n_0
    SLICE_X80Y22         LUT3 (Prop_F5LUT_SLICEL_I1_O)
                                                      0.129     2.762 r  u_pcie_xdma/inst/udma_wrapper/dma_top/dma_pcie_req/dma_pcie_rc/tag_did_conti_val_reg_0_255_0_0_i_9/O
                         net (fo=113, routed)         0.489     3.251    u_pcie_xdma/inst/udma_wrapper/dma_top/dma_pcie_req/dma_pcie_rc/tag_did_conti_val_reg_0_255_0_0_i_9_n_0
    SLICE_X78Y19         LUT6 (Prop_G6LUT_SLICEL_I4_O)
                                                      0.147     3.398 f  u_pcie_xdma/inst/udma_wrapper/dma_top/dma_pcie_req/dma_pcie_rc/rclp_mem_addr[5]_i_57/O
                         net (fo=1, routed)           0.009     3.407    u_pcie_xdma/inst/udma_wrapper/dma_top/dma_pcie_req/dma_pcie_rc/rclp_mem_addr[5]_i_57_n_0
    SLICE_X78Y19         MUXF7 (Prop_F7MUX_GH_SLICEL_I1_O)
                                                      0.075     3.482 f  u_pcie_xdma/inst/udma_wrapper/dma_top/dma_pcie_req/dma_pcie_rc/rclp_mem_addr_reg[5]_i_24/O
                         net (fo=1, routed)           0.000     3.482    u_pcie_xdma/inst/udma_wrapper/dma_top/dma_pcie_req/dma_pcie_rc/rclp_mem_addr_reg[5]_i_24_n_0
    SLICE_X78Y19         MUXF8 (Prop_F8MUX_TOP_SLICEL_I0_O)
                                                      0.027     3.509 f  u_pcie_xdma/inst/udma_wrapper/dma_top/dma_pcie_req/dma_pcie_rc/rclp_mem_addr_reg[5]_i_8/O
                         net (fo=1, routed)           0.639     4.148    u_pcie_xdma/inst/udma_wrapper/dma_top/dma_pcie_req/dma_pcie_rc/rclp_mem_addr_reg[5]_i_8_n_0
    SLICE_X80Y41         LUT6 (Prop_F6LUT_SLICEL_I0_O)
                                                      0.148     4.296 r  u_pcie_xdma/inst/udma_wrapper/dma_top/dma_pcie_req/dma_pcie_rc/rclp_mem_addr[5]_i_4/O
                         net (fo=1, routed)           0.012     4.308    u_pcie_xdma/inst/udma_wrapper/dma_top/dma_pcie_req/dma_pcie_rc/rclp_mem_addr[5]_i_4_n_0
    SLICE_X80Y41         MUXF7 (Prop_F7MUX_EF_SLICEL_I0_O)
                                                      0.083     4.391 r  u_pcie_xdma/inst/udma_wrapper/dma_top/dma_pcie_req/dma_pcie_rc/rclp_mem_addr_reg[5]_i_2/O
                         net (fo=7, routed)           0.291     4.682    u_pcie_xdma/inst/udma_wrapper/dma_top/dma_pcie_req/dma_pcie_rc/rclp_mem_addr_reg[5]_i_2_n_0
    SLICE_X80Y45         LUT5 (Prop_C6LUT_SLICEL_I1_O)
                                                      0.063     4.745 r  u_pcie_xdma/inst/udma_wrapper/dma_top/dma_pcie_req/dma_pcie_rc/rclp_mem_addr[0]_i_1/O
                         net (fo=5, routed)           0.373     5.118    u_pcie_xdma/inst/udma_wrapper/dma_top/dma_pcie_req/dma_pcie_rc/rclp_mem_addr_out[0]
    SLICE_X78Y44         LUT6 (Prop_C6LUT_SLICEL_I3_O)
                                                      0.098     5.216 r  u_pcie_xdma/inst/udma_wrapper/dma_top/dma_pcie_req/dma_pcie_rc/tag_did_conti_val_reg_0_255_4_4_i_3/O
                         net (fo=1, routed)           0.049     5.265    u_pcie_xdma/inst/udma_wrapper/dma_top/dma_pcie_req/dma_pcie_rc/tag_did_conti_val_reg_0_255_4_4_i_3_n_0
    SLICE_X78Y44         LUT5 (Prop_B6LUT_SLICEL_I4_O)
                                                      0.100     5.365 r  u_pcie_xdma/inst/udma_wrapper/dma_top/dma_pcie_req/dma_pcie_rc/tag_did_conti_val_reg_0_255_4_4_i_1/O
                         net (fo=4, routed)           0.423     5.788    u_pcie_xdma/inst/udma_wrapper/dma_top/dma_pcie_req/dma_pcie_rc/tag_did_conti_val_reg_0_255_4_4/D
    SLICE_X79Y36         RAMS64E                                      r  u_pcie_xdma/inst/udma_wrapper/dma_top/dma_pcie_req/dma_pcie_rc/tag_did_conti_val_reg_0_255_4_4/RAMS64E_B/I
  -------------------------------------------------------------------    -------------------

                         (clock pcie_axi_aclk rise edge)
                                                      4.000     4.000 r  
    GTYE4_CHANNEL_X0Y3   GTYE4_CHANNEL                0.000     4.000 r  u_pcie_xdma/inst/pcie4_ip_i/inst/xdma_0_pcie4_ip_gt_top_i/diablo_gt.diablo_gt_phy_wrapper/gt_wizard.gtwizard_top_i/xdma_0_pcie4_ip_gt_i/inst/gen_gtwizard_gtye4_top.xdma_0_pcie4_ip_gt_gtwizard_gtye4_inst/gen_gtwizard_gtye4.gen_channel_container[3].gen_enabled_channel.gtye4_channel_wrapper_inst/channel_inst/gtye4_channel_gen.gen_gtye4_channel_inst[3].GTYE4_CHANNEL_PRIM_INST/TXOUTCLK
                         net (fo=6, routed)           0.082     4.082    u_pcie_xdma/inst/pcie4_ip_i/inst/xdma_0_pcie4_ip_gt_top_i/diablo_gt.diablo_gt_phy_wrapper/phy_clk_i/CLK_TXOUTCLK
    BUFG_GT_X0Y18        BUFG_GT (Prop_BUFG_GT_I_O)
                                                      0.122     4.204 r  u_pcie_xdma/inst/pcie4_ip_i/inst/xdma_0_pcie4_ip_gt_top_i/diablo_gt.diablo_gt_phy_wrapper/phy_clk_i/bufg_gt_coreclk/O
    X2Y1 (CLOCK_ROOT)    net (fo=20546, routed)       1.677     5.881    u_pcie_xdma/inst/udma_wrapper/dma_top/dma_pcie_req/dma_pcie_rc/tag_did_conti_val_reg_0_255_4_4/WCLK
    SLICE_X79Y36         RAMS64E                                      r  u_pcie_xdma/inst/udma_wrapper/dma_top/dma_pcie_req/dma_pcie_rc/tag_did_conti_val_reg_0_255_4_4/RAMS64E_B/CLK
                         clock pessimism              0.151     6.032    
                         clock uncertainty           -0.046     5.986    
    SLICE_X79Y36         RAMS64E (Setup_F6LUT_SLICEM_CLK_I)
                                                     -0.061     5.925    u_pcie_xdma/inst/udma_wrapper/dma_top/dma_pcie_req/dma_pcie_rc/tag_did_conti_val_reg_0_255_4_4/RAMS64E_B
  -------------------------------------------------------------------
                         required time                          5.925    
                         arrival time                          -5.788    
  -------------------------------------------------------------------
                         slack                                  0.137    





Min Delay Paths
--------------------------------------------------------------------------------------
Slack (MET) :             0.010ns  (arrival time - required time)
  Source:                 u_pcie_xdma/inst/udma_wrapper/dma_top/dma_enable.vul_dma/dsc_eng.DSC/dsc_fifo_din_nn1_reg[126]/C
                            (rising edge-triggered cell FDRE clocked by pcie_axi_aclk  {rise@0.000ns fall@2.000ns period=4.000ns})
  Destination:            u_pcie_xdma/inst/ram_top/C2H_PCIE_DSC_CPLD_RAM/the_bram_reg_bram_3/DINADIN[18]
                            (rising edge-triggered cell RAMB36E2 clocked by pcie_axi_aclk  {rise@0.000ns fall@2.000ns period=4.000ns})
  Path Group:             pcie_axi_aclk
  Path Type:              Hold (Min at Slow Process Corner)
  Requirement:            0.000ns  (pcie_axi_aclk rise@0.000ns - pcie_axi_aclk rise@0.000ns)
  Data Path Delay:        0.225ns  (logic 0.071ns (31.556%)  route 0.154ns (68.444%))
  Logic Levels:           0  
  Clock Path Skew:        0.244ns (DCD - SCD - CPR)
    Destination Clock Delay (DCD):    2.349ns
    Source Clock Delay      (SCD):    1.948ns
    Clock Pessimism Removal (CPR):    0.157ns
  Clock Net Delay (Source):      1.744ns (routing 0.683ns, distribution 1.061ns)
  Clock Net Delay (Destination): 2.120ns (routing 0.750ns, distribution 1.370ns)

    Location             Delay type                Incr(ns)  Path(ns)    Netlist Resource(s)
  -------------------------------------------------------------------    -------------------
                         (clock pcie_axi_aclk rise edge)
                                                      0.000     0.000 r  
    GTYE4_CHANNEL_X0Y3   GTYE4_CHANNEL                0.000     0.000 r  u_pcie_xdma/inst/pcie4_ip_i/inst/xdma_0_pcie4_ip_gt_top_i/diablo_gt.diablo_gt_phy_wrapper/gt_wizard.gtwizard_top_i/xdma_0_pcie4_ip_gt_i/inst/gen_gtwizard_gtye4_top.xdma_0_pcie4_ip_gt_gtwizard_gtye4_inst/gen_gtwizard_gtye4.gen_channel_container[3].gen_enabled_channel.gtye4_channel_wrapper_inst/channel_inst/gtye4_channel_gen.gen_gtye4_channel_inst[3].GTYE4_CHANNEL_PRIM_INST/TXOUTCLK
                         net (fo=6, routed)           0.082     0.082    u_pcie_xdma/inst/pcie4_ip_i/inst/xdma_0_pcie4_ip_gt_top_i/diablo_gt.diablo_gt_phy_wrapper/phy_clk_i/CLK_TXOUTCLK
    BUFG_GT_X0Y18        BUFG_GT (Prop_BUFG_GT_I_O)
                                                      0.122     0.204 r  u_pcie_xdma/inst/pcie4_ip_i/inst/xdma_0_pcie4_ip_gt_top_i/diablo_gt.diablo_gt_phy_wrapper/phy_clk_i/bufg_gt_coreclk/O
    X2Y1 (CLOCK_ROOT)    net (fo=20546, routed)       1.744     1.948    u_pcie_xdma/inst/udma_wrapper/dma_top/dma_enable.vul_dma/dsc_eng.DSC/user_clk
    SLICE_X99Y79         FDRE                                         r  u_pcie_xdma/inst/udma_wrapper/dma_top/dma_enable.vul_dma/dsc_eng.DSC/dsc_fifo_din_nn1_reg[126]/C
  -------------------------------------------------------------------    -------------------
    SLICE_X99Y79         FDRE (Prop_HFF2_SLICEL_C_Q)
                                                      0.071     2.019 r  u_pcie_xdma/inst/udma_wrapper/dma_top/dma_enable.vul_dma/dsc_eng.DSC/dsc_fifo_din_nn1_reg[126]/Q
                         net (fo=1, routed)           0.154     2.173    u_pcie_xdma/inst/ram_top/C2H_PCIE_DSC_CPLD_RAM/mi_c2h_pcie_dsc_cpld\\.wdat[126]
    RAMB36_X8Y16         RAMB36E2                                     r  u_pcie_xdma/inst/ram_top/C2H_PCIE_DSC_CPLD_RAM/the_bram_reg_bram_3/DINADIN[18]
  -------------------------------------------------------------------    -------------------

                         (clock pcie_axi_aclk rise edge)
                                                      0.000     0.000 r  
    GTYE4_CHANNEL_X0Y3   GTYE4_CHANNEL                0.000     0.000 r  u_pcie_xdma/inst/pcie4_ip_i/inst/xdma_0_pcie4_ip_gt_top_i/diablo_gt.diablo_gt_phy_wrapper/gt_wizard.gtwizard_top_i/xdma_0_pcie4_ip_gt_i/inst/gen_gtwizard_gtye4_top.xdma_0_pcie4_ip_gt_gtwizard_gtye4_inst/gen_gtwizard_gtye4.gen_channel_container[3].gen_enabled_channel.gtye4_channel_wrapper_inst/channel_inst/gtye4_channel_gen.gen_gtye4_channel_inst[3].GTYE4_CHANNEL_PRIM_INST/TXOUTCLK
                         net (fo=6, routed)           0.090     0.090    u_pcie_xdma/inst/pcie4_ip_i/inst/xdma_0_pcie4_ip_gt_top_i/diablo_gt.diablo_gt_phy_wrapper/phy_clk_i/CLK_TXOUTCLK
    BUFG_GT_X0Y18        BUFG_GT (Prop_BUFG_GT_I_O)
                                                      0.139     0.229 r  u_pcie_xdma/inst/pcie4_ip_i/inst/xdma_0_pcie4_ip_gt_top_i/diablo_gt.diablo_gt_phy_wrapper/phy_clk_i/bufg_gt_coreclk/O
    X2Y1 (CLOCK_ROOT)    net (fo=20546, routed)       2.120     2.349    u_pcie_xdma/inst/ram_top/C2H_PCIE_DSC_CPLD_RAM/user_clk
    RAMB36_X8Y16         RAMB36E2                                     r  u_pcie_xdma/inst/ram_top/C2H_PCIE_DSC_CPLD_RAM/the_bram_reg_bram_3/CLKARDCLK
                         clock pessimism             -0.157     2.192    
    RAMB36_X8Y16         RAMB36E2 (Hold_RAMB36E2_RAMB36_CLKARDCLK_DINADIN[18])
                                                     -0.029     2.163    u_pcie_xdma/inst/ram_top/C2H_PCIE_DSC_CPLD_RAM/the_bram_reg_bram_3
  -------------------------------------------------------------------
                         required time                         -2.163    
                         arrival time                           2.173    
  -------------------------------------------------------------------
                         slack                                  0.010    





Pulse Width Checks
--------------------------------------------------------------------------------------
Clock Name:         pcie_axi_aclk
Waveform(ns):       { 0.000 2.000 }
Period(ns):         4.000
Sources:            { u_pcie_xdma/inst/pcie4_ip_i/inst/xdma_0_pcie4_ip_gt_top_i/diablo_gt.diablo_gt_phy_wrapper/phy_clk_i/bufg_gt_coreclk/O }

Check Type        Corner  Lib Pin           Reference Pin     Required(ns)  Actual(ns)  Slack(ns)  Location       Pin
Min Period        n/a     PCIE40E4/CORECLK  n/a               2.000         4.000       2.000      PCIE40E4_X0Y0  u_pcie_xdma/inst/pcie4_ip_i/inst/xdma_0_pcie4_ip_pcie_4_0_pipe_inst/pcie_4_0_e4_inst/CORECLK
Low Pulse Width   Slow    RAMD32/CLK        n/a               0.573         2.000       1.427      SLICE_X90Y42   u_pcie_xdma/inst/udma_wrapper/dma_top/axi4mm_axi_mm_master_top_inst/axi4mm_axi_str_masterbr_rdtlp_inst/rdtlpfbeq_reg_0_7_0_3/RAMA/CLK
High Pulse Width  Slow    RAMD32/CLK        n/a               0.573         2.000       1.427      SLICE_X90Y42   u_pcie_xdma/inst/udma_wrapper/dma_top/axi4mm_axi_mm_master_top_inst/axi4mm_axi_str_masterbr_rdtlp_inst/rdtlpfbeq_reg_0_7_0_3/RAMA/CLK
Max Skew          Fast    PCIE40E4/CORECLK  PCIE40E4/PIPECLK  0.357         0.147       0.210      PCIE40E4_X0Y0  u_pcie_xdma/inst/pcie4_ip_i/inst/xdma_0_pcie4_ip_pcie_4_0_pipe_inst/pcie_4_0_e4_inst/CORECLK



---------------------------------------------------------------------------------------------------
From Clock:  pipe_clk
  To Clock:  pipe_clk

Setup :            0  Failing Endpoints,  Worst Slack        0.820ns,  Total Violation        0.000ns
Hold  :            0  Failing Endpoints,  Worst Slack        0.011ns,  Total Violation        0.000ns
PW    :            0  Failing Endpoints,  Worst Slack        0.000ns,  Total Violation        0.000ns
---------------------------------------------------------------------------------------------------


Max Delay Paths
--------------------------------------------------------------------------------------
Slack (MET) :             0.820ns  (required time - arrival time)
  Source:                 u_pcie_xdma/inst/pcie4_ip_i/inst/xdma_0_pcie4_ip_gt_top_i/diablo_gt.diablo_gt_phy_wrapper/phy_rst_i/prst_n_r_rep_reg/C
                            (rising edge-triggered cell FDRE clocked by pipe_clk  {rise@0.000ns fall@2.000ns period=4.000ns})
  Destination:            u_pcie_xdma/inst/pcie4_ip_i/inst/xdma_0_pcie4_ip_gt_top_i/diablo_gt.diablo_gt_phy_wrapper/phy_lane[1].phy_txeq_i/coeff_reg[16]/D
                            (rising edge-triggered cell FDRE clocked by pipe_clk  {rise@0.000ns fall@2.000ns period=4.000ns})
  Path Group:             pipe_clk
  Path Type:              Setup (Max at Slow Process Corner)
  Requirement:            4.000ns  (pipe_clk rise@4.000ns - pipe_clk rise@0.000ns)
  Data Path Delay:        3.050ns  (logic 0.380ns (12.458%)  route 2.670ns (87.542%))
  Logic Levels:           2  (LUT5=2)
  Clock Path Skew:        -0.110ns (DCD - SCD + CPR)
    Destination Clock Delay (DCD):    1.977ns = ( 5.977 - 4.000 ) 
    Source Clock Delay      (SCD):    2.250ns
    Clock Pessimism Removal (CPR):    0.163ns
  Clock Uncertainty:      0.046ns  ((TSJ^2 + DJ^2)^1/2) / 2 + PE
    Total System Jitter     (TSJ):    0.071ns
    Discrete Jitter          (DJ):    0.060ns
    Phase Error              (PE):    0.000ns
  Clock Net Delay (Source):      2.021ns (routing 0.752ns, distribution 1.269ns)
  Clock Net Delay (Destination): 1.773ns (routing 0.680ns, distribution 1.093ns)

    Location             Delay type                Incr(ns)  Path(ns)    Netlist Resource(s)
  -------------------------------------------------------------------    -------------------
                         (clock pipe_clk rise edge)
                                                      0.000     0.000 r  
    GTYE4_CHANNEL_X0Y3   GTYE4_CHANNEL                0.000     0.000 r  u_pcie_xdma/inst/pcie4_ip_i/inst/xdma_0_pcie4_ip_gt_top_i/diablo_gt.diablo_gt_phy_wrapper/gt_wizard.gtwizard_top_i/xdma_0_pcie4_ip_gt_i/inst/gen_gtwizard_gtye4_top.xdma_0_pcie4_ip_gt_gtwizard_gtye4_inst/gen_gtwizard_gtye4.gen_channel_container[3].gen_enabled_channel.gtye4_channel_wrapper_inst/channel_inst/gtye4_channel_gen.gen_gtye4_channel_inst[3].GTYE4_CHANNEL_PRIM_INST/TXOUTCLK
                         net (fo=6, routed)           0.090     0.090    u_pcie_xdma/inst/pcie4_ip_i/inst/xdma_0_pcie4_ip_gt_top_i/diablo_gt.diablo_gt_phy_wrapper/phy_clk_i/CLK_TXOUTCLK
    BUFG_GT_X0Y15        BUFG_GT (Prop_BUFG_GT_I_O)
                                                      0.139     0.229 r  u_pcie_xdma/inst/pcie4_ip_i/inst/xdma_0_pcie4_ip_gt_top_i/diablo_gt.diablo_gt_phy_wrapper/phy_clk_i/bufg_gt_pclk/O
    X2Y1 (CLOCK_ROOT)    net (fo=1138, routed)        2.021     2.250    u_pcie_xdma/inst/pcie4_ip_i/inst/xdma_0_pcie4_ip_gt_top_i/diablo_gt.diablo_gt_phy_wrapper/phy_rst_i/CLK_PCLK2_GT
    SLICE_X96Y7          FDRE                                         r  u_pcie_xdma/inst/pcie4_ip_i/inst/xdma_0_pcie4_ip_gt_top_i/diablo_gt.diablo_gt_phy_wrapper/phy_rst_i/prst_n_r_rep_reg/C
  -------------------------------------------------------------------    -------------------
    SLICE_X96Y7          FDRE (Prop_EFF_SLICEM_C_Q)
                                                      0.093     2.343 r  u_pcie_xdma/inst/pcie4_ip_i/inst/xdma_0_pcie4_ip_gt_top_i/diablo_gt.diablo_gt_phy_wrapper/phy_rst_i/prst_n_r_rep_reg/Q
                         net (fo=208, routed)         2.277     4.620    u_pcie_xdma/inst/pcie4_ip_i/inst/xdma_0_pcie4_ip_gt_top_i/diablo_gt.diablo_gt_phy_wrapper/phy_lane[1].phy_txeq_i/prst_n_r_rep
    SLICE_X98Y19         LUT5 (Prop_F6LUT_SLICEM_I4_O)
                                                      0.113     4.733 r  u_pcie_xdma/inst/pcie4_ip_i/inst/xdma_0_pcie4_ip_gt_top_i/diablo_gt.diablo_gt_phy_wrapper/phy_lane[1].phy_txeq_i/coeff[16]_i_2__1/O
                         net (fo=1, routed)           0.311     5.044    u_pcie_xdma/inst/pcie4_ip_i/inst/xdma_0_pcie4_ip_gt_top_i/diablo_gt.diablo_gt_phy_wrapper/phy_lane[1].phy_txeq_i/sync_coeff/sync_vec[3].sync_cell_i/coeff_reg[16]_2
    SLICE_X98Y19         LUT5 (Prop_D6LUT_SLICEM_I4_O)
                                                      0.174     5.218 r  u_pcie_xdma/inst/pcie4_ip_i/inst/xdma_0_pcie4_ip_gt_top_i/diablo_gt.diablo_gt_phy_wrapper/phy_lane[1].phy_txeq_i/sync_coeff/sync_vec[3].sync_cell_i/coeff[16]_i_1__1/O
                         net (fo=1, routed)           0.082     5.300    u_pcie_xdma/inst/pcie4_ip_i/inst/xdma_0_pcie4_ip_gt_top_i/diablo_gt.diablo_gt_phy_wrapper/phy_lane[1].phy_txeq_i/sync_coeff_n_2
    SLICE_X98Y19         FDRE                                         r  u_pcie_xdma/inst/pcie4_ip_i/inst/xdma_0_pcie4_ip_gt_top_i/diablo_gt.diablo_gt_phy_wrapper/phy_lane[1].phy_txeq_i/coeff_reg[16]/D
  -------------------------------------------------------------------    -------------------

                         (clock pipe_clk rise edge)
                                                      4.000     4.000 r  
    GTYE4_CHANNEL_X0Y3   GTYE4_CHANNEL                0.000     4.000 r  u_pcie_xdma/inst/pcie4_ip_i/inst/xdma_0_pcie4_ip_gt_top_i/diablo_gt.diablo_gt_phy_wrapper/gt_wizard.gtwizard_top_i/xdma_0_pcie4_ip_gt_i/inst/gen_gtwizard_gtye4_top.xdma_0_pcie4_ip_gt_gtwizard_gtye4_inst/gen_gtwizard_gtye4.gen_channel_container[3].gen_enabled_channel.gtye4_channel_wrapper_inst/channel_inst/gtye4_channel_gen.gen_gtye4_channel_inst[3].GTYE4_CHANNEL_PRIM_INST/TXOUTCLK
                         net (fo=6, routed)           0.082     4.082    u_pcie_xdma/inst/pcie4_ip_i/inst/xdma_0_pcie4_ip_gt_top_i/diablo_gt.diablo_gt_phy_wrapper/phy_clk_i/CLK_TXOUTCLK
    BUFG_GT_X0Y15        BUFG_GT (Prop_BUFG_GT_I_O)
                                                      0.122     4.204 r  u_pcie_xdma/inst/pcie4_ip_i/inst/xdma_0_pcie4_ip_gt_top_i/diablo_gt.diablo_gt_phy_wrapper/phy_clk_i/bufg_gt_pclk/O
    X2Y1 (CLOCK_ROOT)    net (fo=1138, routed)        1.773     5.977    u_pcie_xdma/inst/pcie4_ip_i/inst/xdma_0_pcie4_ip_gt_top_i/diablo_gt.diablo_gt_phy_wrapper/phy_lane[1].phy_txeq_i/CLK_PCLK2_GT
    SLICE_X98Y19         FDRE                                         r  u_pcie_xdma/inst/pcie4_ip_i/inst/xdma_0_pcie4_ip_gt_top_i/diablo_gt.diablo_gt_phy_wrapper/phy_lane[1].phy_txeq_i/coeff_reg[16]/C
                         clock pessimism              0.163     6.140    
                         clock uncertainty           -0.046     6.093    
    SLICE_X98Y19         FDRE (Setup_DFF_SLICEM_C_D)
                                                      0.027     6.120    u_pcie_xdma/inst/pcie4_ip_i/inst/xdma_0_pcie4_ip_gt_top_i/diablo_gt.diablo_gt_phy_wrapper/phy_lane[1].phy_txeq_i/coeff_reg[16]
  -------------------------------------------------------------------
                         required time                          6.120    
                         arrival time                          -5.300    
  -------------------------------------------------------------------
                         slack                                  0.820    





Min Delay Paths
--------------------------------------------------------------------------------------
Slack (MET) :             0.011ns  (arrival time - required time)
  Source:                 u_pcie_xdma/inst/pcie4_ip_i/inst/xdma_0_pcie4_ip_gt_top_i/phy_pipeline/per_lane_ff_chain[3].phy_txdata_chain/with_ff_chain.ff_chain_gen[0].sync_rst.ff_chain_reg[1][15]/C
                            (rising edge-triggered cell FDRE clocked by pipe_clk  {rise@0.000ns fall@2.000ns period=4.000ns})
  Destination:            u_pcie_xdma/inst/pcie4_ip_i/inst/xdma_0_pcie4_ip_gt_top_i/diablo_gt.diablo_gt_phy_wrapper/gt_wizard.gtwizard_top_i/xdma_0_pcie4_ip_gt_i/inst/gen_gtwizard_gtye4_top.xdma_0_pcie4_ip_gt_gtwizard_gtye4_inst/gen_gtwizard_gtye4.gen_channel_container[3].gen_enabled_channel.gtye4_channel_wrapper_inst/channel_inst/gtye4_channel_gen.gen_gtye4_channel_inst[0].GTYE4_CHANNEL_PRIM_INST/TXDATA[15]
                            (rising edge-triggered cell GTYE4_CHANNEL clocked by pipe_clk  {rise@0.000ns fall@2.000ns period=4.000ns})
  Path Group:             pipe_clk
  Path Type:              Hold (Min at Slow Process Corner)
  Requirement:            0.000ns  (pipe_clk rise@0.000ns - pipe_clk rise@0.000ns)
  Data Path Delay:        0.315ns  (logic 0.069ns (21.905%)  route 0.246ns (78.095%))
  Logic Levels:           0  
  Clock Path Skew:        0.110ns (DCD - SCD - CPR)
    Destination Clock Delay (DCD):    2.298ns
    Source Clock Delay      (SCD):    2.026ns
    Clock Pessimism Removal (CPR):    0.162ns
  Clock Net Delay (Source):      1.822ns (routing 0.680ns, distribution 1.142ns)
  Clock Net Delay (Destination): 2.069ns (routing 0.752ns, distribution 1.317ns)

    Location             Delay type                Incr(ns)  Path(ns)    Netlist Resource(s)
  -------------------------------------------------------------------    -------------------
                         (clock pipe_clk rise edge)
                                                      0.000     0.000 r  
    GTYE4_CHANNEL_X0Y3   GTYE4_CHANNEL                0.000     0.000 r  u_pcie_xdma/inst/pcie4_ip_i/inst/xdma_0_pcie4_ip_gt_top_i/diablo_gt.diablo_gt_phy_wrapper/gt_wizard.gtwizard_top_i/xdma_0_pcie4_ip_gt_i/inst/gen_gtwizard_gtye4_top.xdma_0_pcie4_ip_gt_gtwizard_gtye4_inst/gen_gtwizard_gtye4.gen_channel_container[3].gen_enabled_channel.gtye4_channel_wrapper_inst/channel_inst/gtye4_channel_gen.gen_gtye4_channel_inst[3].GTYE4_CHANNEL_PRIM_INST/TXOUTCLK
                         net (fo=6, routed)           0.082     0.082    u_pcie_xdma/inst/pcie4_ip_i/inst/xdma_0_pcie4_ip_gt_top_i/diablo_gt.diablo_gt_phy_wrapper/phy_clk_i/CLK_TXOUTCLK
    BUFG_GT_X0Y15        BUFG_GT (Prop_BUFG_GT_I_O)
                                                      0.122     0.204 r  u_pcie_xdma/inst/pcie4_ip_i/inst/xdma_0_pcie4_ip_gt_top_i/diablo_gt.diablo_gt_phy_wrapper/phy_clk_i/bufg_gt_pclk/O
    X2Y1 (CLOCK_ROOT)    net (fo=1138, routed)        1.822     2.026    u_pcie_xdma/inst/pcie4_ip_i/inst/xdma_0_pcie4_ip_gt_top_i/phy_pipeline/per_lane_ff_chain[3].phy_txdata_chain/CLK_PCLK2
    SLICE_X103Y8         FDRE                                         r  u_pcie_xdma/inst/pcie4_ip_i/inst/xdma_0_pcie4_ip_gt_top_i/phy_pipeline/per_lane_ff_chain[3].phy_txdata_chain/with_ff_chain.ff_chain_gen[0].sync_rst.ff_chain_reg[1][15]/C
  -------------------------------------------------------------------    -------------------
    SLICE_X103Y8         FDRE (Prop_CFF_SLICEM_C_Q)
                                                      0.069     2.095 r  u_pcie_xdma/inst/pcie4_ip_i/inst/xdma_0_pcie4_ip_gt_top_i/phy_pipeline/per_lane_ff_chain[3].phy_txdata_chain/with_ff_chain.ff_chain_gen[0].sync_rst.ff_chain_reg[1][15]/Q
                         net (fo=1, routed)           0.246     2.341    u_pcie_xdma/inst/pcie4_ip_i/inst/xdma_0_pcie4_ip_gt_top_i/diablo_gt.diablo_gt_phy_wrapper/gt_wizard.gtwizard_top_i/xdma_0_pcie4_ip_gt_i/inst/gen_gtwizard_gtye4_top.xdma_0_pcie4_ip_gt_gtwizard_gtye4_inst/gen_gtwizard_gtye4.gen_channel_container[3].gen_enabled_channel.gtye4_channel_wrapper_inst/channel_inst/txdata_in[15]
    GTYE4_CHANNEL_X0Y0   GTYE4_CHANNEL                                r  u_pcie_xdma/inst/pcie4_ip_i/inst/xdma_0_pcie4_ip_gt_top_i/diablo_gt.diablo_gt_phy_wrapper/gt_wizard.gtwizard_top_i/xdma_0_pcie4_ip_gt_i/inst/gen_gtwizard_gtye4_top.xdma_0_pcie4_ip_gt_gtwizard_gtye4_inst/gen_gtwizard_gtye4.gen_channel_container[3].gen_enabled_channel.gtye4_channel_wrapper_inst/channel_inst/gtye4_channel_gen.gen_gtye4_channel_inst[0].GTYE4_CHANNEL_PRIM_INST/TXDATA[15]
  -------------------------------------------------------------------    -------------------

                         (clock pipe_clk rise edge)
                                                      0.000     0.000 r  
    GTYE4_CHANNEL_X0Y3   GTYE4_CHANNEL                0.000     0.000 r  u_pcie_xdma/inst/pcie4_ip_i/inst/xdma_0_pcie4_ip_gt_top_i/diablo_gt.diablo_gt_phy_wrapper/gt_wizard.gtwizard_top_i/xdma_0_pcie4_ip_gt_i/inst/gen_gtwizard_gtye4_top.xdma_0_pcie4_ip_gt_gtwizard_gtye4_inst/gen_gtwizard_gtye4.gen_channel_container[3].gen_enabled_channel.gtye4_channel_wrapper_inst/channel_inst/gtye4_channel_gen.gen_gtye4_channel_inst[3].GTYE4_CHANNEL_PRIM_INST/TXOUTCLK
                         net (fo=6, routed)           0.090     0.090    u_pcie_xdma/inst/pcie4_ip_i/inst/xdma_0_pcie4_ip_gt_top_i/diablo_gt.diablo_gt_phy_wrapper/phy_clk_i/CLK_TXOUTCLK
    BUFG_GT_X0Y15        BUFG_GT (Prop_BUFG_GT_I_O)
                                                      0.139     0.229 r  u_pcie_xdma/inst/pcie4_ip_i/inst/xdma_0_pcie4_ip_gt_top_i/diablo_gt.diablo_gt_phy_wrapper/phy_clk_i/bufg_gt_pclk/O
    X2Y1 (CLOCK_ROOT)    net (fo=1138, routed)        2.069     2.298    u_pcie_xdma/inst/pcie4_ip_i/inst/xdma_0_pcie4_ip_gt_top_i/diablo_gt.diablo_gt_phy_wrapper/gt_wizard.gtwizard_top_i/xdma_0_pcie4_ip_gt_i/inst/gen_gtwizard_gtye4_top.xdma_0_pcie4_ip_gt_gtwizard_gtye4_inst/gen_gtwizard_gtye4.gen_channel_container[3].gen_enabled_channel.gtye4_channel_wrapper_inst/channel_inst/rxusrclk_in[0]
    GTYE4_CHANNEL_X0Y0   GTYE4_CHANNEL                                r  u_pcie_xdma/inst/pcie4_ip_i/inst/xdma_0_pcie4_ip_gt_top_i/diablo_gt.diablo_gt_phy_wrapper/gt_wizard.gtwizard_top_i/xdma_0_pcie4_ip_gt_i/inst/gen_gtwizard_gtye4_top.xdma_0_pcie4_ip_gt_gtwizard_gtye4_inst/gen_gtwizard_gtye4.gen_channel_container[3].gen_enabled_channel.gtye4_channel_wrapper_inst/channel_inst/gtye4_channel_gen.gen_gtye4_channel_inst[0].GTYE4_CHANNEL_PRIM_INST/TXUSRCLK2
                         clock pessimism             -0.162     2.136    
    GTYE4_CHANNEL_X0Y0   GTYE4_CHANNEL (Hold_GTYE4_CHANNEL_TXUSRCLK2_TXDATA[15])
                                                      0.194     2.330    u_pcie_xdma/inst/pcie4_ip_i/inst/xdma_0_pcie4_ip_gt_top_i/diablo_gt.diablo_gt_phy_wrapper/gt_wizard.gtwizard_top_i/xdma_0_pcie4_ip_gt_i/inst/gen_gtwizard_gtye4_top.xdma_0_pcie4_ip_gt_gtwizard_gtye4_inst/gen_gtwizard_gtye4.gen_channel_container[3].gen_enabled_channel.gtye4_channel_wrapper_inst/channel_inst/gtye4_channel_gen.gen_gtye4_channel_inst[0].GTYE4_CHANNEL_PRIM_INST
  -------------------------------------------------------------------
                         required time                         -2.330    
                         arrival time                           2.341    
  -------------------------------------------------------------------
                         slack                                  0.011    





Pulse Width Checks
--------------------------------------------------------------------------------------
Clock Name:         pipe_clk
Waveform(ns):       { 0.000 2.000 }
Period(ns):         4.000
Sources:            { u_pcie_xdma/inst/pcie4_ip_i/inst/xdma_0_pcie4_ip_gt_top_i/diablo_gt.diablo_gt_phy_wrapper/phy_clk_i/bufg_gt_pclk/O }

Check Type        Corner  Lib Pin                 Reference Pin     Required(ns)  Actual(ns)  Slack(ns)  Location            Pin
Min Period        n/a     PCIE40E4/PIPECLK        n/a               4.000         4.000       0.000      PCIE40E4_X0Y0       u_pcie_xdma/inst/pcie4_ip_i/inst/xdma_0_pcie4_ip_pcie_4_0_pipe_inst/pcie_4_0_e4_inst/PIPECLK
Low Pulse Width   Slow    GTYE4_CHANNEL/RXUSRCLK  n/a               1.117         2.000       0.883      GTYE4_CHANNEL_X0Y0  u_pcie_xdma/inst/pcie4_ip_i/inst/xdma_0_pcie4_ip_gt_top_i/diablo_gt.diablo_gt_phy_wrapper/gt_wizard.gtwizard_top_i/xdma_0_pcie4_ip_gt_i/inst/gen_gtwizard_gtye4_top.xdma_0_pcie4_ip_gt_gtwizard_gtye4_inst/gen_gtwizard_gtye4.gen_channel_container[3].gen_enabled_channel.gtye4_channel_wrapper_inst/channel_inst/gtye4_channel_gen.gen_gtye4_channel_inst[0].GTYE4_CHANNEL_PRIM_INST/RXUSRCLK
High Pulse Width  Slow    GTYE4_CHANNEL/RXUSRCLK  n/a               1.117         2.000       0.883      GTYE4_CHANNEL_X0Y0  u_pcie_xdma/inst/pcie4_ip_i/inst/xdma_0_pcie4_ip_gt_top_i/diablo_gt.diablo_gt_phy_wrapper/gt_wizard.gtwizard_top_i/xdma_0_pcie4_ip_gt_i/inst/gen_gtwizard_gtye4_top.xdma_0_pcie4_ip_gt_gtwizard_gtye4_inst/gen_gtwizard_gtye4.gen_channel_container[3].gen_enabled_channel.gtye4_channel_wrapper_inst/channel_inst/gtye4_channel_gen.gen_gtye4_channel_inst[0].GTYE4_CHANNEL_PRIM_INST/RXUSRCLK
Max Skew          Fast    PCIE40E4/PIPECLK        PCIE40E4/CORECLK  0.357         0.142       0.215      PCIE40E4_X0Y0       u_pcie_xdma/inst/pcie4_ip_i/inst/xdma_0_pcie4_ip_pcie_4_0_pipe_inst/pcie_4_0_e4_inst/PIPECLK



---------------------------------------------------------------------------------------------------
From Clock:  xdma_0_pcie4_ip_gt_top_i_n_31
  To Clock:  xdma_0_pcie4_ip_gt_top_i_n_31

Setup :           NA  Failing Endpoints,  Worst Slack           NA  ,  Total Violation           NA
Hold  :           NA  Failing Endpoints,  Worst Slack           NA  ,  Total Violation           NA
PW    :            0  Failing Endpoints,  Worst Slack        0.000ns,  Total Violation        0.000ns
---------------------------------------------------------------------------------------------------


Pulse Width Checks
--------------------------------------------------------------------------------------
Clock Name:         xdma_0_pcie4_ip_gt_top_i_n_31
Waveform(ns):       { 0.000 4.000 }
Period(ns):         8.000
Sources:            { u_pcie_xdma/inst/pcie4_ip_i/inst/xdma_0_pcie4_ip_gt_top_i/diablo_gt.diablo_gt_phy_wrapper/phy_clk_i/bufg_gt_mcapclk/O }

Check Type  Corner  Lib Pin           Reference Pin  Required(ns)  Actual(ns)  Slack(ns)  Location       Pin
Min Period  n/a     PCIE40E4/MCAPCLK  n/a            8.000         8.000       0.000      PCIE40E4_X0Y0  u_pcie_xdma/inst/pcie4_ip_i/inst/xdma_0_pcie4_ip_pcie_4_0_pipe_inst/pcie_4_0_e4_inst/MCAPCLK



---------------------------------------------------------------------------------------------------
From Clock:  sys_clk_100
  To Clock:  sys_clk_100

Setup :            0  Failing Endpoints,  Worst Slack        7.660ns,  Total Violation        0.000ns
Hold  :            0  Failing Endpoints,  Worst Slack        0.039ns,  Total Violation        0.000ns
PW    :            0  Failing Endpoints,  Worst Slack        2.000ns,  Total Violation        0.000ns
---------------------------------------------------------------------------------------------------


Max Delay Paths
--------------------------------------------------------------------------------------
Slack (MET) :             7.660ns  (required time - arrival time)
  Source:                 u_pcs/inst/i_pcs64_gt/inst/gen_gtwizard_gtye4_top.pcs64_gt_gtwizard_gtye4_inst/gen_gtwizard_gtye4.gen_reset_controller_internal.gen_single_instance.gtwiz_reset_inst/sm_reset_tx_timer_clr_reg/C
                            (rising edge-triggered cell FDSE clocked by sys_clk_100  {rise@0.000ns fall@5.000ns period=10.000ns})
  Destination:            u_pcs/inst/i_pcs64_gt/inst/gen_gtwizard_gtye4_top.pcs64_gt_gtwizard_gtye4_inst/gen_gtwizard_gtye4.gen_reset_controller_internal.gen_single_instance.gtwiz_reset_inst/FSM_sequential_sm_reset_tx_reg[2]/CE
                            (rising edge-triggered cell FDRE clocked by sys_clk_100  {rise@0.000ns fall@5.000ns period=10.000ns})
  Path Group:             sys_clk_100
  Path Type:              Setup (Max at Slow Process Corner)
  Requirement:            10.000ns  (sys_clk_100 rise@10.000ns - sys_clk_100 rise@0.000ns)
  Data Path Delay:        2.174ns  (logic 0.380ns (17.479%)  route 1.794ns (82.521%))
  Logic Levels:           3  (LUT2=1 LUT6=2)
  Clock Path Skew:        -0.087ns (DCD - SCD + CPR)
    Destination Clock Delay (DCD):    2.826ns = ( 12.826 - 10.000 ) 
    Source Clock Delay      (SCD):    3.218ns
    Clock Pessimism Removal (CPR):    0.305ns
  Clock Uncertainty:      0.035ns  ((TSJ^2 + TIJ^2)^1/2 + DJ) / 2 + PE
    Total System Jitter     (TSJ):    0.071ns
    Total Input Jitter      (TIJ):    0.000ns
    Discrete Jitter          (DJ):    0.000ns
    Phase Error              (PE):    0.000ns
  Clock Net Delay (Source):      2.219ns (routing 0.995ns, distribution 1.224ns)
  Clock Net Delay (Destination): 1.982ns (routing 0.905ns, distribution 1.077ns)

    Location             Delay type                Incr(ns)  Path(ns)    Netlist Resource(s)
  -------------------------------------------------------------------    -------------------
                         (clock sys_clk_100 rise edge)
                                                      0.000     0.000 r  
    T25                                               0.000     0.000 r  sys_clk_p (IN)
                         net (fo=0)                   0.100     0.100    u_clkgen/g_hw.u_ibufds/I
    HPIOBDIFFINBUF_X0Y37 DIFFINBUF (Prop_DIFFINBUF_HPIOBDIFFINBUF_DIFF_IN_P_O)
                                                      0.479     0.579 r  u_clkgen/g_hw.u_ibufds/DIFFINBUF_INST/O
                         net (fo=1, routed)           0.050     0.629    u_clkgen/g_hw.u_ibufds/OUT
    T25                  IBUFCTRL (Prop_IBUFCTRL_HPIOB_M_I_O)
                                                      0.000     0.629 r  u_clkgen/g_hw.u_ibufds/IBUFCTRL_INST/O
                         net (fo=1, routed)           0.343     0.972    u_clkgen/g_hw.clk_in_ibuf
    BUFGCE_X0Y31         BUFGCE (Prop_BUFCE_BUFGCE_I_O)
                                                      0.028     1.000 r  u_clkgen/g_hw.u_bufg_in/O
    X1Y0 (CLOCK_ROOT)    net (fo=485, routed)         2.219     3.218    u_pcs/inst/i_pcs64_gt/inst/gen_gtwizard_gtye4_top.pcs64_gt_gtwizard_gtye4_inst/gen_gtwizard_gtye4.gen_reset_controller_internal.gen_single_instance.gtwiz_reset_inst/drpclk_in[0]
    SLICE_X104Y30        FDSE                                         r  u_pcs/inst/i_pcs64_gt/inst/gen_gtwizard_gtye4_top.pcs64_gt_gtwizard_gtye4_inst/gen_gtwizard_gtye4.gen_reset_controller_internal.gen_single_instance.gtwiz_reset_inst/sm_reset_tx_timer_clr_reg/C
  -------------------------------------------------------------------    -------------------
    SLICE_X104Y30        FDSE (Prop_GFF2_SLICEL_C_Q)
                                                      0.099     3.317 f  u_pcs/inst/i_pcs64_gt/inst/gen_gtwizard_gtye4_top.pcs64_gt_gtwizard_gtye4_inst/gen_gtwizard_gtye4.gen_reset_controller_internal.gen_single_instance.gtwiz_reset_inst/sm_reset_tx_timer_clr_reg/Q
                         net (fo=10, routed)          0.619     3.937    u_pcs/inst/i_pcs64_gt/inst/gen_gtwizard_gtye4_top.pcs64_gt_gtwizard_gtye4_inst/gen_gtwizard_gtye4.gen_reset_controller_internal.gen_single_instance.gtwiz_reset_inst/sm_reset_tx_timer_clr_reg_n_0
    SLICE_X100Y29        LUT2 (Prop_D6LUT_SLICEL_I1_O)
                                                      0.174     4.111 r  u_pcs/inst/i_pcs64_gt/inst/gen_gtwizard_gtye4_top.pcs64_gt_gtwizard_gtye4_inst/gen_gtwizard_gtye4.gen_reset_controller_internal.gen_single_instance.gtwiz_reset_inst/FSM_sequential_sm_reset_tx[2]_i_7/O
                         net (fo=3, routed)           0.732     4.843    u_pcs/inst/i_pcs64_gt/inst/gen_gtwizard_gtye4_top.pcs64_gt_gtwizard_gtye4_inst/gen_gtwizard_gtye4.gen_reset_controller_internal.gen_single_instance.gtwiz_reset_inst/bit_synchronizer_plllock_tx_inst/FSM_sequential_sm_reset_tx_reg[0]
    SLICE_X103Y30        LUT6 (Prop_H6LUT_SLICEM_I3_O)
                                                      0.066     4.909 r  u_pcs/inst/i_pcs64_gt/inst/gen_gtwizard_gtye4_top.pcs64_gt_gtwizard_gtye4_inst/gen_gtwizard_gtye4.gen_reset_controller_internal.gen_single_instance.gtwiz_reset_inst/bit_synchronizer_plllock_tx_inst/FSM_sequential_sm_reset_tx[2]_i_4/O
                         net (fo=1, routed)           0.148     5.057    u_pcs/inst/i_pcs64_gt/inst/gen_gtwizard_gtye4_top.pcs64_gt_gtwizard_gtye4_inst/gen_gtwizard_gtye4.gen_reset_controller_internal.gen_single_instance.gtwiz_reset_inst/bit_synchronizer_gtwiz_reset_userclk_tx_active_inst/FSM_sequential_sm_reset_tx_reg[0]
    SLICE_X103Y29        LUT6 (Prop_H6LUT_SLICEM_I1_O)
                                                      0.041     5.098 r  u_pcs/inst/i_pcs64_gt/inst/gen_gtwizard_gtye4_top.pcs64_gt_gtwizard_gtye4_inst/gen_gtwizard_gtye4.gen_reset_controller_internal.gen_single_instance.gtwiz_reset_inst/bit_synchronizer_gtwiz_reset_userclk_tx_active_inst/FSM_sequential_sm_reset_tx[2]_i_1/O
                         net (fo=3, routed)           0.295     5.392    u_pcs/inst/i_pcs64_gt/inst/gen_gtwizard_gtye4_top.pcs64_gt_gtwizard_gtye4_inst/gen_gtwizard_gtye4.gen_reset_controller_internal.gen_single_instance.gtwiz_reset_inst/bit_synchronizer_gtwiz_reset_userclk_tx_active_inst_n_0
    SLICE_X103Y29        FDRE                                         r  u_pcs/inst/i_pcs64_gt/inst/gen_gtwizard_gtye4_top.pcs64_gt_gtwizard_gtye4_inst/gen_gtwizard_gtye4.gen_reset_controller_internal.gen_single_instance.gtwiz_reset_inst/FSM_sequential_sm_reset_tx_reg[2]/CE
  -------------------------------------------------------------------    -------------------

                         (clock sys_clk_100 rise edge)
                                                     10.000    10.000 r  
    T25                                               0.000    10.000 r  sys_clk_p (IN)
                         net (fo=0)                   0.079    10.079    u_clkgen/g_hw.u_ibufds/I
    HPIOBDIFFINBUF_X0Y37 DIFFINBUF (Prop_DIFFINBUF_HPIOBDIFFINBUF_DIFF_IN_P_O)
                                                      0.398    10.477 r  u_clkgen/g_hw.u_ibufds/DIFFINBUF_INST/O
                         net (fo=1, routed)           0.040    10.517    u_clkgen/g_hw.u_ibufds/OUT
    T25                  IBUFCTRL (Prop_IBUFCTRL_HPIOB_M_I_O)
                                                      0.000    10.517 r  u_clkgen/g_hw.u_ibufds/IBUFCTRL_INST/O
                         net (fo=1, routed)           0.303    10.820    u_clkgen/g_hw.clk_in_ibuf
    BUFGCE_X0Y31         BUFGCE (Prop_BUFCE_BUFGCE_I_O)
                                                      0.024    10.844 r  u_clkgen/g_hw.u_bufg_in/O
    X1Y0 (CLOCK_ROOT)    net (fo=485, routed)         1.982    12.826    u_pcs/inst/i_pcs64_gt/inst/gen_gtwizard_gtye4_top.pcs64_gt_gtwizard_gtye4_inst/gen_gtwizard_gtye4.gen_reset_controller_internal.gen_single_instance.gtwiz_reset_inst/drpclk_in[0]
    SLICE_X103Y29        FDRE                                         r  u_pcs/inst/i_pcs64_gt/inst/gen_gtwizard_gtye4_top.pcs64_gt_gtwizard_gtye4_inst/gen_gtwizard_gtye4.gen_reset_controller_internal.gen_single_instance.gtwiz_reset_inst/FSM_sequential_sm_reset_tx_reg[2]/C
                         clock pessimism              0.305    13.131    
                         clock uncertainty           -0.035    13.096    
    SLICE_X103Y29        FDRE (Setup_HFF2_SLICEM_C_CE)
                                                     -0.043    13.053    u_pcs/inst/i_pcs64_gt/inst/gen_gtwizard_gtye4_top.pcs64_gt_gtwizard_gtye4_inst/gen_gtwizard_gtye4.gen_reset_controller_internal.gen_single_instance.gtwiz_reset_inst/FSM_sequential_sm_reset_tx_reg[2]
  -------------------------------------------------------------------
                         required time                         13.053    
                         arrival time                          -5.392    
  -------------------------------------------------------------------
                         slack                                  7.660    





Min Delay Paths
--------------------------------------------------------------------------------------
Slack (MET) :             0.039ns  (arrival time - required time)
  Source:                 u_pcs/inst/i_pcs64_gt/inst/gen_gtwizard_gtye4_top.pcs64_gt_gtwizard_gtye4_inst/gen_gtwizard_gtye4.gen_reset_controller_internal.gen_single_instance.gtwiz_reset_inst/sm_reset_tx_pll_timer_ctr_reg[6]/C
                            (rising edge-triggered cell FDRE clocked by sys_clk_100  {rise@0.000ns fall@5.000ns period=10.000ns})
  Destination:            u_pcs/inst/i_pcs64_gt/inst/gen_gtwizard_gtye4_top.pcs64_gt_gtwizard_gtye4_inst/gen_gtwizard_gtye4.gen_reset_controller_internal.gen_single_instance.gtwiz_reset_inst/sm_reset_tx_pll_timer_ctr_reg[7]/D
                            (rising edge-triggered cell FDRE clocked by sys_clk_100  {rise@0.000ns fall@5.000ns period=10.000ns})
  Path Group:             sys_clk_100
  Path Type:              Hold (Min at Fast Process Corner)
  Requirement:            0.000ns  (sys_clk_100 rise@0.000ns - sys_clk_100 rise@0.000ns)
  Data Path Delay:        0.092ns  (logic 0.059ns (64.343%)  route 0.033ns (35.657%))
  Logic Levels:           1  (LUT3=1)
  Clock Path Skew:        0.006ns (DCD - SCD - CPR)
    Destination Clock Delay (DCD):    1.952ns
    Source Clock Delay      (SCD):    1.643ns
    Clock Pessimism Removal (CPR):    0.302ns
  Clock Net Delay (Source):      1.128ns (routing 0.507ns, distribution 0.621ns)
  Clock Net Delay (Destination): 1.272ns (routing 0.567ns, distribution 0.705ns)

    Location             Delay type                Incr(ns)  Path(ns)    Netlist Resource(s)
  -------------------------------------------------------------------    -------------------
                         (clock sys_clk_100 rise edge)
                                                      0.000     0.000 r  
    T25                                               0.000     0.000 r  sys_clk_p (IN)
                         net (fo=0)                   0.079     0.079    u_clkgen/g_hw.u_ibufds/I
    HPIOBDIFFINBUF_X0Y37 DIFFINBUF (Prop_DIFFINBUF_HPIOBDIFFINBUF_DIFF_IN_P_O)
                                                      0.230     0.309 r  u_clkgen/g_hw.u_ibufds/DIFFINBUF_INST/O
                         net (fo=1, routed)           0.040     0.349    u_clkgen/g_hw.u_ibufds/OUT
    T25                  IBUFCTRL (Prop_IBUFCTRL_HPIOB_M_I_O)
                                                      0.000     0.349 r  u_clkgen/g_hw.u_ibufds/IBUFCTRL_INST/O
                         net (fo=1, routed)           0.150     0.499    u_clkgen/g_hw.clk_in_ibuf
    BUFGCE_X0Y31         BUFGCE (Prop_BUFCE_BUFGCE_I_O)
                                                      0.017     0.516 r  u_clkgen/g_hw.u_bufg_in/O
    X1Y0 (CLOCK_ROOT)    net (fo=485, routed)         1.128     1.643    u_pcs/inst/i_pcs64_gt/inst/gen_gtwizard_gtye4_top.pcs64_gt_gtwizard_gtye4_inst/gen_gtwizard_gtye4.gen_reset_controller_internal.gen_single_instance.gtwiz_reset_inst/drpclk_in[0]
    SLICE_X102Y30        FDRE                                         r  u_pcs/inst/i_pcs64_gt/inst/gen_gtwizard_gtye4_top.pcs64_gt_gtwizard_gtye4_inst/gen_gtwizard_gtye4.gen_reset_controller_internal.gen_single_instance.gtwiz_reset_inst/sm_reset_tx_pll_timer_ctr_reg[6]/C
  -------------------------------------------------------------------    -------------------
    SLICE_X102Y30        FDRE (Prop_HFF_SLICEL_C_Q)
                                                      0.039     1.682 r  u_pcs/inst/i_pcs64_gt/inst/gen_gtwizard_gtye4_top.pcs64_gt_gtwizard_gtye4_inst/gen_gtwizard_gtye4.gen_reset_controller_internal.gen_single_instance.gtwiz_reset_inst/sm_reset_tx_pll_timer_ctr_reg[6]/Q
                         net (fo=6, routed)           0.027     1.709    u_pcs/inst/i_pcs64_gt/inst/gen_gtwizard_gtye4_top.pcs64_gt_gtwizard_gtye4_inst/gen_gtwizard_gtye4.gen_reset_controller_internal.gen_single_instance.gtwiz_reset_inst/sm_reset_tx_pll_timer_ctr_reg[6]
    SLICE_X102Y30        LUT3 (Prop_H5LUT_SLICEL_I0_O)
                                                      0.020     1.729 r  u_pcs/inst/i_pcs64_gt/inst/gen_gtwizard_gtye4_top.pcs64_gt_gtwizard_gtye4_inst/gen_gtwizard_gtye4.gen_reset_controller_internal.gen_single_instance.gtwiz_reset_inst/sm_reset_tx_pll_timer_ctr[7]_i_1/O
                         net (fo=1, routed)           0.006     1.735    u_pcs/inst/i_pcs64_gt/inst/gen_gtwizard_gtye4_top.pcs64_gt_gtwizard_gtye4_inst/gen_gtwizard_gtye4.gen_reset_controller_internal.gen_single_instance.gtwiz_reset_inst/p_0_in__0[7]
    SLICE_X102Y30        FDRE                                         r  u_pcs/inst/i_pcs64_gt/inst/gen_gtwizard_gtye4_top.pcs64_gt_gtwizard_gtye4_inst/gen_gtwizard_gtye4.gen_reset_controller_internal.gen_single_instance.gtwiz_reset_inst/sm_reset_tx_pll_timer_ctr_reg[7]/D
  -------------------------------------------------------------------    -------------------

                         (clock sys_clk_100 rise edge)
                                                      0.000     0.000 r  
    T25                                               0.000     0.000 r  sys_clk_p (IN)
                         net (fo=0)                   0.100     0.100    u_clkgen/g_hw.u_ibufds/I
    HPIOBDIFFINBUF_X0Y37 DIFFINBUF (Prop_DIFFINBUF_HPIOBDIFFINBUF_DIFF_IN_P_O)
                                                      0.328     0.428 r  u_clkgen/g_hw.u_ibufds/DIFFINBUF_INST/O
                         net (fo=1, routed)           0.050     0.478    u_clkgen/g_hw.u_ibufds/OUT
    T25                  IBUFCTRL (Prop_IBUFCTRL_HPIOB_M_I_O)
                                                      0.000     0.478 r  u_clkgen/g_hw.u_ibufds/IBUFCTRL_INST/O
                         net (fo=1, routed)           0.183     0.661    u_clkgen/g_hw.clk_in_ibuf
    BUFGCE_X0Y31         BUFGCE (Prop_BUFCE_BUFGCE_I_O)
                                                      0.019     0.680 r  u_clkgen/g_hw.u_bufg_in/O
    X1Y0 (CLOCK_ROOT)    net (fo=485, routed)         1.272     1.952    u_pcs/inst/i_pcs64_gt/inst/gen_gtwizard_gtye4_top.pcs64_gt_gtwizard_gtye4_inst/gen_gtwizard_gtye4.gen_reset_controller_internal.gen_single_instance.gtwiz_reset_inst/drpclk_in[0]
    SLICE_X102Y30        FDRE                                         r  u_pcs/inst/i_pcs64_gt/inst/gen_gtwizard_gtye4_top.pcs64_gt_gtwizard_gtye4_inst/gen_gtwizard_gtye4.gen_reset_controller_internal.gen_single_instance.gtwiz_reset_inst/sm_reset_tx_pll_timer_ctr_reg[7]/C
                         clock pessimism             -0.302     1.649    
    SLICE_X102Y30        FDRE (Hold_HFF2_SLICEL_C_D)
                                                      0.047     1.696    u_pcs/inst/i_pcs64_gt/inst/gen_gtwizard_gtye4_top.pcs64_gt_gtwizard_gtye4_inst/gen_gtwizard_gtye4.gen_reset_controller_internal.gen_single_instance.gtwiz_reset_inst/sm_reset_tx_pll_timer_ctr_reg[7]
  -------------------------------------------------------------------
                         required time                         -1.696    
                         arrival time                           1.735    
  -------------------------------------------------------------------
                         slack                                  0.039    





Pulse Width Checks
--------------------------------------------------------------------------------------
Clock Name:         sys_clk_100
Waveform(ns):       { 0.000 5.000 }
Period(ns):         10.000
Sources:            { sys_clk_p }

Check Type        Corner  Lib Pin               Reference Pin  Required(ns)  Actual(ns)  Slack(ns)  Location            Pin
Min Period        n/a     GTYE4_CHANNEL/DRPCLK  n/a            4.000         10.000      6.000      GTYE4_CHANNEL_X0Y4  u_pcs/inst/i_pcs64_gt/inst/gen_gtwizard_gtye4_top.pcs64_gt_gtwizard_gtye4_inst/gen_gtwizard_gtye4.gen_channel_container[1].gen_enabled_channel.gtye4_channel_wrapper_inst/channel_inst/gtye4_channel_gen.gen_gtye4_channel_inst[0].GTYE4_CHANNEL_PRIM_INST/DRPCLK
Max Period        n/a     MMCME4_ADV/CLKIN1     n/a            100.000       10.000      90.000     MMCM_X0Y1           u_clkgen/g_hw.u_mmcm/CLKIN1
Low Pulse Width   Slow    MMCME4_ADV/CLKIN1     n/a            3.000         5.000       2.000      MMCM_X0Y1           u_clkgen/g_hw.u_mmcm/CLKIN1
High Pulse Width  Slow    MMCME4_ADV/CLKIN1     n/a            3.000         5.000       2.000      MMCM_X0Y1           u_clkgen/g_hw.u_mmcm/CLKIN1



---------------------------------------------------------------------------------------------------
From Clock:  g_hw.clk_out0
  To Clock:  g_hw.clk_out0

Setup :            0  Failing Endpoints,  Worst Slack        0.052ns,  Total Violation        0.000ns
Hold  :            0  Failing Endpoints,  Worst Slack        0.010ns,  Total Violation        0.000ns
PW    :            0  Failing Endpoints,  Worst Slack        2.627ns,  Total Violation        0.000ns
---------------------------------------------------------------------------------------------------


Max Delay Paths
--------------------------------------------------------------------------------------
Slack (MET) :             0.052ns  (required time - arrival time)
  Source:                 u_app_ctrl/c_snd_una_reg[14][8]/C
                            (rising edge-triggered cell FDCE clocked by g_hw.clk_out0  {rise@0.000ns fall@3.200ns period=6.400ns})
  Destination:            u_app/tx_lfsr_reg[19]/D
                            (rising edge-triggered cell FDPE clocked by g_hw.clk_out0  {rise@0.000ns fall@3.200ns period=6.400ns})
  Path Group:             g_hw.clk_out0
  Path Type:              Setup (Max at Slow Process Corner)
  Requirement:            6.400ns  (g_hw.clk_out0 rise@6.400ns - g_hw.clk_out0 rise@0.000ns)
  Data Path Delay:        6.069ns  (logic 1.277ns (21.042%)  route 4.792ns (78.958%))
  Logic Levels:           14  (CARRY8=4 LUT2=2 LUT5=1 LUT6=5 MUXF7=1 MUXF8=1)
  Clock Path Skew:        -0.244ns (DCD - SCD + CPR)
    Destination Clock Delay (DCD):    5.551ns = ( 11.951 - 6.400 ) 
    Source Clock Delay      (SCD):    5.518ns
    Clock Pessimism Removal (CPR):    -0.277ns
  Clock Uncertainty:      0.062ns  ((TSJ^2 + DJ^2)^1/2) / 2 + PE
    Total System Jitter     (TSJ):    0.071ns
    Discrete Jitter          (DJ):    0.101ns
    Phase Error              (PE):    0.000ns
  Clock Net Delay (Source):      2.436ns (routing 0.973ns, distribution 1.463ns)
  Clock Net Delay (Destination): 2.105ns (routing 0.886ns, distribution 1.219ns)

    Location             Delay type                Incr(ns)  Path(ns)    Netlist Resource(s)
  -------------------------------------------------------------------    -------------------
                         (clock g_hw.clk_out0 rise edge)
                                                      0.000     0.000 r  
    T25                                               0.000     0.000 r  sys_clk_p (IN)
                         net (fo=0)                   0.100     0.100    u_clkgen/g_hw.u_ibufds/I
    HPIOBDIFFINBUF_X0Y37 DIFFINBUF (Prop_DIFFINBUF_HPIOBDIFFINBUF_DIFF_IN_P_O)
                                                      0.479     0.579 r  u_clkgen/g_hw.u_ibufds/DIFFINBUF_INST/O
                         net (fo=1, routed)           0.050     0.629    u_clkgen/g_hw.u_ibufds/OUT
    T25                  IBUFCTRL (Prop_IBUFCTRL_HPIOB_M_I_O)
                                                      0.000     0.629 r  u_clkgen/g_hw.u_ibufds/IBUFCTRL_INST/O
                         net (fo=1, routed)           0.343     0.972    u_clkgen/g_hw.clk_in_ibuf
    BUFGCE_X0Y31         BUFGCE (Prop_BUFCE_BUFGCE_I_O)
                                                      0.028     1.000 r  u_clkgen/g_hw.u_bufg_in/O
                         net (fo=485, routed)         1.904     2.904    u_clkgen/clk_in_100
    MMCM_X0Y1            MMCME4_ADV (Prop_MMCM_CLKIN1_CLKOUT0)
                                                     -0.106     2.798 r  u_clkgen/g_hw.u_mmcm/CLKOUT0
                         net (fo=1, routed)           0.256     3.054    u_clkgen/g_hw.clk_out0
    BUFGCE_X0Y24         BUFGCE (Prop_BUFCE_BUFGCE_I_O)
                                                      0.028     3.082 r  u_clkgen/g_hw.u_bufg_out/O
    X1Y0 (CLOCK_ROOT)    net (fo=48826, routed)       2.436     5.518    u_app_ctrl/dp_clk
    SLICE_X8Y4           FDCE                                         r  u_app_ctrl/c_snd_una_reg[14][8]/C
  -------------------------------------------------------------------    -------------------
    SLICE_X8Y4           FDCE (Prop_HFF_SLICEL_C_Q)
                                                      0.096     5.614 r  u_app_ctrl/c_snd_una_reg[14][8]/Q
                         net (fo=1, routed)           0.270     5.884    u_app_ctrl/c_snd_una_reg[14]_4[8]
    SLICE_X8Y4           LUT2 (Prop_A6LUT_SLICEL_I1_O)
                                                      0.100     5.984 r  u_app_ctrl/sn_ry[14]_i_57/O
                         net (fo=1, routed)           0.011     5.995    u_app_ctrl/sn_ry[14]_i_57_n_53
    SLICE_X8Y4           CARRY8 (Prop_CARRY8_SLICEL_S[0]_CO[7])
                                                      0.238     6.233 r  u_app_ctrl/sn_ry_reg[14]_i_31/CO[7]
                         net (fo=1, routed)           0.028     6.261    u_app_ctrl/sn_ry_reg[14]_i_31_n_53
    SLICE_X8Y5           CARRY8 (Prop_CARRY8_SLICEL_CI_CO[7])
                                                      0.023     6.284 r  u_app_ctrl/sn_ry_reg[14]_i_30/CO[7]
                         net (fo=1, routed)           0.028     6.312    u_app_ctrl/sn_ry_reg[14]_i_30_n_53
    SLICE_X8Y6           CARRY8 (Prop_CARRY8_SLICEL_CI_O[7])
                                                      0.146     6.458 f  u_app_ctrl/sn_ry_reg[14]_i_29/O[7]
                         net (fo=1, routed)           0.319     6.777    u_app_ctrl/tx_ready_calc13_return51_out[31]
    SLICE_X9Y5           LUT2 (Prop_H6LUT_SLICEM_I0_O)
                                                      0.066     6.843 r  u_app_ctrl/sn_ry[14]_i_5/O
                         net (fo=1, routed)           0.017     6.860    u_app_ctrl/sn_ry[14]_i_5_n_53
    SLICE_X9Y5           CARRY8 (Prop_CARRY8_SLICEM_S[7]_CO[7])
                                                      0.157     7.017 f  u_app_ctrl/sn_ry_reg[14]_i_3/CO[7]
                         net (fo=1, routed)           1.423     8.440    u_app_ctrl/tx_ready_calc13_return4
    SLICE_X65Y38         LUT6 (Prop_G6LUT_SLICEL_I5_O)
                                                      0.063     8.503 f  u_app_ctrl/sn_ry[14]_i_1/O
                         net (fo=2, routed)           0.497     9.000    u_app_ctrl/fin_req_reg[15]_0[14]
    SLICE_X66Y69         LUT6 (Prop_A6LUT_SLICEM_I1_O)
                                                      0.064     9.064 f  u_app_ctrl/seg_len[10]_i_20/O
                         net (fo=1, routed)           0.012     9.076    u_app_ctrl/seg_len[10]_i_20_n_53
    SLICE_X66Y69         MUXF7 (Prop_F7MUX_AB_SLICEM_I1_O)
                                                      0.078     9.154 f  u_app_ctrl/seg_len_reg[10]_i_12/O
                         net (fo=1, routed)           0.000     9.154    u_app_ctrl/seg_len_reg[10]_i_12_n_53
    SLICE_X66Y69         MUXF8 (Prop_F8MUX_BOT_SLICEM_I1_O)
                                                      0.028     9.182 f  u_app_ctrl/seg_len_reg[10]_i_7/O
                         net (fo=4, routed)           0.923    10.105    u_app/seg_sent_reg[0]_0
    SLICE_X47Y109        LUT6 (Prop_A6LUT_SLICEL_I0_O)
                                                      0.039    10.144 f  u_app/frm_wait_i_3/O
                         net (fo=3, routed)           0.110    10.254    u_app/frm_wait_i_3_n_53
    SLICE_X47Y110        LUT6 (Prop_A6LUT_SLICEL_I5_O)
                                                      0.100    10.354 r  u_app/pw_n[3]_i_6/O
                         net (fo=69, routed)          0.152    10.506    u_app/pw_valid_reg_1
    SLICE_X47Y111        LUT5 (Prop_C6LUT_SLICEL_I4_O)
                                                      0.038    10.544 r  u_app/bcnt[3]_i_3__1/O
                         net (fo=135, routed)         0.520    11.065    u_app/bcnt[3]_i_3__1_n_53
    SLICE_X50Y121        LUT6 (Prop_H6LUT_SLICEM_I3_O)
                                                      0.041    11.106 r  u_app/tx_lfsr[19]_i_1/O
                         net (fo=1, routed)           0.481    11.587    u_app/tx_lfsr[19]_i_1_n_53
    SLICE_X50Y117        FDPE                                         r  u_app/tx_lfsr_reg[19]/D
  -------------------------------------------------------------------    -------------------

                         (clock g_hw.clk_out0 rise edge)
                                                      6.400     6.400 r  
    T25                                               0.000     6.400 r  sys_clk_p (IN)
                         net (fo=0)                   0.079     6.479    u_clkgen/g_hw.u_ibufds/I
    HPIOBDIFFINBUF_X0Y37 DIFFINBUF (Prop_DIFFINBUF_HPIOBDIFFINBUF_DIFF_IN_P_O)
                                                      0.398     6.877 r  u_clkgen/g_hw.u_ibufds/DIFFINBUF_INST/O
                         net (fo=1, routed)           0.040     6.917    u_clkgen/g_hw.u_ibufds/OUT
    T25                  IBUFCTRL (Prop_IBUFCTRL_HPIOB_M_I_O)
                                                      0.000     6.917 r  u_clkgen/g_hw.u_ibufds/IBUFCTRL_INST/O
                         net (fo=1, routed)           0.303     7.220    u_clkgen/g_hw.clk_in_ibuf
    BUFGCE_X0Y31         BUFGCE (Prop_BUFCE_BUFGCE_I_O)
                                                      0.024     7.244 r  u_clkgen/g_hw.u_bufg_in/O
                         net (fo=485, routed)         1.706     8.950    u_clkgen/clk_in_100
    MMCM_X0Y1            MMCME4_ADV (Prop_MMCM_CLKIN1_CLKOUT0)
                                                      0.644     9.594 r  u_clkgen/g_hw.u_mmcm/CLKOUT0
                         net (fo=1, routed)           0.228     9.822    u_clkgen/g_hw.clk_out0
    BUFGCE_X0Y24         BUFGCE (Prop_BUFCE_BUFGCE_I_O)
                                                      0.024     9.846 r  u_clkgen/g_hw.u_bufg_out/O
    X1Y0 (CLOCK_ROOT)    net (fo=48826, routed)       2.105    11.951    u_app/dp_clk
    SLICE_X50Y117        FDPE                                         r  u_app/tx_lfsr_reg[19]/C
                         clock pessimism             -0.277    11.674    
                         clock uncertainty           -0.062    11.612    
    SLICE_X50Y117        FDPE (Setup_FFF_SLICEM_C_D)
                                                      0.027    11.639    u_app/tx_lfsr_reg[19]
  -------------------------------------------------------------------
                         required time                         11.639    
                         arrival time                         -11.587    
  -------------------------------------------------------------------
                         slack                                  0.052    





Min Delay Paths
--------------------------------------------------------------------------------------
Slack (MET) :             0.010ns  (arrival time - required time)
  Source:                 u_app_ctrl/wu_mark_reg[0][7]/C
                            (rising edge-triggered cell FDCE clocked by g_hw.clk_out0  {rise@0.000ns fall@3.200ns period=6.400ns})
  Destination:            u_app_status/sn_wm_reg[7]/D
                            (rising edge-triggered cell FDCE clocked by g_hw.clk_out0  {rise@0.000ns fall@3.200ns period=6.400ns})
  Path Group:             g_hw.clk_out0
  Path Type:              Hold (Min at Slow Process Corner)
  Requirement:            0.000ns  (g_hw.clk_out0 rise@0.000ns - g_hw.clk_out0 rise@0.000ns)
  Data Path Delay:        0.207ns  (logic 0.070ns (33.816%)  route 0.137ns (66.184%))
  Logic Levels:           0  
  Clock Path Skew:        0.142ns (DCD - SCD - CPR)
    Destination Clock Delay (DCD):    5.606ns
    Source Clock Delay      (SCD):    5.660ns
    Clock Pessimism Removal (CPR):    -0.196ns
  Clock Net Delay (Source):      2.214ns (routing 0.886ns, distribution 1.328ns)
  Clock Net Delay (Destination): 2.524ns (routing 0.973ns, distribution 1.551ns)

    Location             Delay type                Incr(ns)  Path(ns)    Netlist Resource(s)
  -------------------------------------------------------------------    -------------------
                         (clock g_hw.clk_out0 rise edge)
                                                      0.000     0.000 r  
    T25                                               0.000     0.000 r  sys_clk_p (IN)
                         net (fo=0)                   0.079     0.079    u_clkgen/g_hw.u_ibufds/I
    HPIOBDIFFINBUF_X0Y37 DIFFINBUF (Prop_DIFFINBUF_HPIOBDIFFINBUF_DIFF_IN_P_O)
                                                      0.398     0.477 r  u_clkgen/g_hw.u_ibufds/DIFFINBUF_INST/O
                         net (fo=1, routed)           0.040     0.517    u_clkgen/g_hw.u_ibufds/OUT
    T25                  IBUFCTRL (Prop_IBUFCTRL_HPIOB_M_I_O)
                                                      0.000     0.517 r  u_clkgen/g_hw.u_ibufds/IBUFCTRL_INST/O
                         net (fo=1, routed)           0.303     0.820    u_clkgen/g_hw.clk_in_ibuf
    BUFGCE_X0Y31         BUFGCE (Prop_BUFCE_BUFGCE_I_O)
                                                      0.024     0.844 r  u_clkgen/g_hw.u_bufg_in/O
                         net (fo=485, routed)         1.706     2.550    u_clkgen/clk_in_100
    MMCM_X0Y1            MMCME4_ADV (Prop_MMCM_CLKIN1_CLKOUT0)
                                                      0.644     3.194 r  u_clkgen/g_hw.u_mmcm/CLKOUT0
                         net (fo=1, routed)           0.228     3.422    u_clkgen/g_hw.clk_out0
    BUFGCE_X0Y24         BUFGCE (Prop_BUFCE_BUFGCE_I_O)
                                                      0.024     3.446 r  u_clkgen/g_hw.u_bufg_out/O
    X1Y0 (CLOCK_ROOT)    net (fo=48826, routed)       2.214     5.660    u_app_ctrl/dp_clk
    SLICE_X80Y84         FDCE                                         r  u_app_ctrl/wu_mark_reg[0][7]/C
  -------------------------------------------------------------------    -------------------
    SLICE_X80Y84         FDCE (Prop_BFF_SLICEL_C_Q)
                                                      0.070     5.730 r  u_app_ctrl/wu_mark_reg[0][7]/Q
                         net (fo=1, routed)           0.137     5.867    u_app_status/wu_mark0[7]
    SLICE_X82Y84         FDCE                                         r  u_app_status/sn_wm_reg[7]/D
  -------------------------------------------------------------------    -------------------

                         (clock g_hw.clk_out0 rise edge)
                                                      0.000     0.000 r  
    T25                                               0.000     0.000 r  sys_clk_p (IN)
                         net (fo=0)                   0.100     0.100    u_clkgen/g_hw.u_ibufds/I
    HPIOBDIFFINBUF_X0Y37 DIFFINBUF (Prop_DIFFINBUF_HPIOBDIFFINBUF_DIFF_IN_P_O)
                                                      0.479     0.579 r  u_clkgen/g_hw.u_ibufds/DIFFINBUF_INST/O
                         net (fo=1, routed)           0.050     0.629    u_clkgen/g_hw.u_ibufds/OUT
    T25                  IBUFCTRL (Prop_IBUFCTRL_HPIOB_M_I_O)
                                                      0.000     0.629 r  u_clkgen/g_hw.u_ibufds/IBUFCTRL_INST/O
                         net (fo=1, routed)           0.343     0.972    u_clkgen/g_hw.clk_in_ibuf
    BUFGCE_X0Y31         BUFGCE (Prop_BUFCE_BUFGCE_I_O)
                                                      0.028     1.000 r  u_clkgen/g_hw.u_bufg_in/O
                         net (fo=485, routed)         1.904     2.904    u_clkgen/clk_in_100
    MMCM_X0Y1            MMCME4_ADV (Prop_MMCM_CLKIN1_CLKOUT0)
                                                     -0.106     2.798 r  u_clkgen/g_hw.u_mmcm/CLKOUT0
                         net (fo=1, routed)           0.256     3.054    u_clkgen/g_hw.clk_out0
    BUFGCE_X0Y24         BUFGCE (Prop_BUFCE_BUFGCE_I_O)
                                                      0.028     3.082 r  u_clkgen/g_hw.u_bufg_out/O
    X1Y0 (CLOCK_ROOT)    net (fo=48826, routed)       2.524     5.606    u_app_status/dp_clk
    SLICE_X82Y84         FDCE                                         r  u_app_status/sn_wm_reg[7]/C
                         clock pessimism              0.196     5.802    
    SLICE_X82Y84         FDCE (Hold_BFF2_SLICEM_C_D)
                                                      0.055     5.857    u_app_status/sn_wm_reg[7]
  -------------------------------------------------------------------
                         required time                         -5.857    
                         arrival time                           5.867    
  -------------------------------------------------------------------
                         slack                                  0.010    





Pulse Width Checks
--------------------------------------------------------------------------------------
Clock Name:         g_hw.clk_out0
Waveform(ns):       { 0.000 3.200 }
Period(ns):         6.400
Sources:            { u_clkgen/g_hw.u_mmcm/CLKOUT0 }

Check Type        Corner  Lib Pin             Reference Pin  Required(ns)  Actual(ns)  Slack(ns)  Location       Pin
Min Period        n/a     RAMB36E2/CLKARDCLK  n/a            1.739         6.400       4.661      RAMB36_X2Y33   u_hls/buffer_r_U/udp_echo_buffer_r_RAM_2P_BRAM_1R1W_ram_u/ram_reg_bram_0/CLKARDCLK
Low Pulse Width   Slow    RAMD64E/CLK         n/a            0.573         3.200       2.627      SLICE_X89Y162  u_app_udp/u_txf/mem_reg_0_63_0_6/RAMA/CLK
High Pulse Width  Slow    RAMD64E/CLK         n/a            0.573         3.200       2.627      SLICE_X89Y162  u_app_udp/u_txf/mem_reg_0_63_0_6/RAMA/CLK



---------------------------------------------------------------------------------------------------
From Clock:  u_pcie_xdma/inst/pcie4_ip_i/inst/xdma_0_pcie4_ip_gt_top_i/diablo_gt.diablo_gt_phy_wrapper/gt_wizard.gtwizard_top_i/xdma_0_pcie4_ip_gt_i/inst/gen_gtwizard_gtye4_top.xdma_0_pcie4_ip_gt_gtwizard_gtye4_inst/gen_gtwizard_gtye4.gen_cpll_cal_gtye4.gen_cpll_cal_inst[0].gen_inst_cpll_cal.gtwizard_ultrascale_v1_7_22_gtye4_cpll_cal_inst/gtwizard_ultrascale_v1_7_22_gtye4_cpll_cal_tx_i/bufg_gt_txoutclkmon_inst/O
  To Clock:  u_pcie_xdma/inst/pcie4_ip_i/inst/xdma_0_pcie4_ip_gt_top_i/diablo_gt.diablo_gt_phy_wrapper/gt_wizard.gtwizard_top_i/xdma_0_pcie4_ip_gt_i/inst/gen_gtwizard_gtye4_top.xdma_0_pcie4_ip_gt_gtwizard_gtye4_inst/gen_gtwizard_gtye4.gen_cpll_cal_gtye4.gen_cpll_cal_inst[0].gen_inst_cpll_cal.gtwizard_ultrascale_v1_7_22_gtye4_cpll_cal_inst/gtwizard_ultrascale_v1_7_22_gtye4_cpll_cal_tx_i/bufg_gt_txoutclkmon_inst/O

Setup :            0  Failing Endpoints,  Worst Slack        6.888ns,  Total Violation        0.000ns
Hold  :            0  Failing Endpoints,  Worst Slack        0.045ns,  Total Violation        0.000ns
PW    :            0  Failing Endpoints,  Worst Slack        3.725ns,  Total Violation        0.000ns
---------------------------------------------------------------------------------------------------


Max Delay Paths
--------------------------------------------------------------------------------------
Slack (MET) :             6.888ns  (required time - arrival time)
  Source:                 u_pcie_xdma/inst/pcie4_ip_i/inst/xdma_0_pcie4_ip_gt_top_i/diablo_gt.diablo_gt_phy_wrapper/gt_wizard.gtwizard_top_i/xdma_0_pcie4_ip_gt_i/inst/gen_gtwizard_gtye4_top.xdma_0_pcie4_ip_gt_gtwizard_gtye4_inst/gen_gtwizard_gtye4.gen_cpll_cal_gtye4.gen_cpll_cal_inst[0].gen_inst_cpll_cal.gtwizard_ultrascale_v1_7_22_gtye4_cpll_cal_inst/gtwizard_ultrascale_v1_7_22_gtye4_cpll_cal_tx_i/U_TXOUTCLK_FREQ_COUNTER/testclk_en_dly2_reg/C
                            (rising edge-triggered cell FDRE clocked by u_pcie_xdma/inst/pcie4_ip_i/inst/xdma_0_pcie4_ip_gt_top_i/diablo_gt.diablo_gt_phy_wrapper/gt_wizard.gtwizard_top_i/xdma_0_pcie4_ip_gt_i/inst/gen_gtwizard_gtye4_top.xdma_0_pcie4_ip_gt_gtwizard_gtye4_inst/gen_gtwizard_gtye4.gen_cpll_cal_gtye4.gen_cpll_cal_inst[0].gen_inst_cpll_cal.gtwizard_ultrascale_v1_7_22_gtye4_cpll_cal_inst/gtwizard_ultrascale_v1_7_22_gtye4_cpll_cal_tx_i/bufg_gt_txoutclkmon_inst/O  {rise@0.000ns fall@4.000ns period=8.000ns})
  Destination:            u_pcie_xdma/inst/pcie4_ip_i/inst/xdma_0_pcie4_ip_gt_top_i/diablo_gt.diablo_gt_phy_wrapper/gt_wizard.gtwizard_top_i/xdma_0_pcie4_ip_gt_i/inst/gen_gtwizard_gtye4_top.xdma_0_pcie4_ip_gt_gtwizard_gtye4_inst/gen_gtwizard_gtye4.gen_cpll_cal_gtye4.gen_cpll_cal_inst[0].gen_inst_cpll_cal.gtwizard_ultrascale_v1_7_22_gtye4_cpll_cal_inst/gtwizard_ultrascale_v1_7_22_gtye4_cpll_cal_tx_i/U_TXOUTCLK_FREQ_COUNTER/testclk_cnt_reg[16]/CE
                            (rising edge-triggered cell FDCE clocked by u_pcie_xdma/inst/pcie4_ip_i/inst/xdma_0_pcie4_ip_gt_top_i/diablo_gt.diablo_gt_phy_wrapper/gt_wizard.gtwizard_top_i/xdma_0_pcie4_ip_gt_i/inst/gen_gtwizard_gtye4_top.xdma_0_pcie4_ip_gt_gtwizard_gtye4_inst/gen_gtwizard_gtye4.gen_cpll_cal_gtye4.gen_cpll_cal_inst[0].gen_inst_cpll_cal.gtwizard_ultrascale_v1_7_22_gtye4_cpll_cal_inst/gtwizard_ultrascale_v1_7_22_gtye4_cpll_cal_tx_i/bufg_gt_txoutclkmon_inst/O  {rise@0.000ns fall@4.000ns period=8.000ns})
  Path Group:             u_pcie_xdma/inst/pcie4_ip_i/inst/xdma_0_pcie4_ip_gt_top_i/diablo_gt.diablo_gt_phy_wrapper/gt_wizard.gtwizard_top_i/xdma_0_pcie4_ip_gt_i/inst/gen_gtwizard_gtye4_top.xdma_0_pcie4_ip_gt_gtwizard_gtye4_inst/gen_gtwizard_gtye4.gen_cpll_cal_gtye4.gen_cpll_cal_inst[0].gen_inst_cpll_cal.gtwizard_ultrascale_v1_7_22_gtye4_cpll_cal_inst/gtwizard_ultrascale_v1_7_22_gtye4_cpll_cal_tx_i/bufg_gt_txoutclkmon_inst/O
  Path Type:              Setup (Max at Slow Process Corner)
  Requirement:            8.000ns  (u_pcie_xdma/inst/pcie4_ip_i/inst/xdma_0_pcie4_ip_gt_top_i/diablo_gt.diablo_gt_phy_wrapper/gt_wizard.gtwizard_top_i/xdma_0_pcie4_ip_gt_i/inst/gen_gtwizard_gtye4_top.xdma_0_pcie4_ip_gt_gtwizard_gtye4_inst/gen_gtwizard_gtye4.gen_cpll_cal_gtye4.gen_cpll_cal_inst[0].gen_inst_cpll_cal.gtwizard_ultrascale_v1_7_22_gtye4_cpll_cal_inst/gtwizard_ultrascale_v1_7_22_gtye4_cpll_cal_tx_i/bufg_gt_txoutclkmon_inst/O rise@8.000ns - u_pcie_xdma/inst/pcie4_ip_i/inst/xdma_0_pcie4_ip_gt_top_i/diablo_gt.diablo_gt_phy_wrapper/gt_wizard.gtwizard_top_i/xdma_0_pcie4_ip_gt_i/inst/gen_gtwizard_gtye4_top.xdma_0_pcie4_ip_gt_gtwizard_gtye4_inst/gen_gtwizard_gtye4.gen_cpll_cal_gtye4.gen_cpll_cal_inst[0].gen_inst_cpll_cal.gtwizard_ultrascale_v1_7_22_gtye4_cpll_cal_inst/gtwizard_ultrascale_v1_7_22_gtye4_cpll_cal_tx_i/bufg_gt_txoutclkmon_inst/O rise@0.000ns)
  Data Path Delay:        0.910ns  (logic 0.279ns (30.652%)  route 0.631ns (69.348%))
  Logic Levels:           1  (LUT5=1)
  Clock Path Skew:        -0.112ns (DCD - SCD + CPR)
    Destination Clock Delay (DCD):    0.553ns = ( 8.553 - 8.000 ) 
    Source Clock Delay      (SCD):    0.666ns
    Clock Pessimism Removal (CPR):    0.001ns
  Clock Uncertainty:      0.046ns  ((TSJ^2 + DJ^2)^1/2) / 2 + PE
    Total System Jitter     (TSJ):    0.071ns
    Discrete Jitter          (DJ):    0.060ns
    Phase Error              (PE):    0.000ns
  Clock Net Delay (Source):      0.666ns (routing 0.002ns, distribution 0.664ns)
  Clock Net Delay (Destination): 0.553ns (routing 0.001ns, distribution 0.552ns)

    Location             Delay type                Incr(ns)  Path(ns)    Netlist Resource(s)
  -------------------------------------------------------------------    -------------------
                         (clock u_pcie_xdma/inst/pcie4_ip_i/inst/xdma_0_pcie4_ip_gt_top_i/diablo_gt.diablo_gt_phy_wrapper/gt_wizard.gtwizard_top_i/xdma_0_pcie4_ip_gt_i/inst/gen_gtwizard_gtye4_top.xdma_0_pcie4_ip_gt_gtwizard_gtye4_inst/gen_gtwizard_gtye4.gen_cpll_cal_gtye4.gen_cpll_cal_inst[0].gen_inst_cpll_cal.gtwizard_ultrascale_v1_7_22_gtye4_cpll_cal_inst/gtwizard_ultrascale_v1_7_22_gtye4_cpll_cal_tx_i/bufg_gt_txoutclkmon_inst/O rise edge)
                                                      0.000     0.000 r  
    BUFG_GT_X0Y22        BUFG_GT                      0.000     0.000 r  u_pcie_xdma/inst/pcie4_ip_i/inst/xdma_0_pcie4_ip_gt_top_i/diablo_gt.diablo_gt_phy_wrapper/gt_wizard.gtwizard_top_i/xdma_0_pcie4_ip_gt_i/inst/gen_gtwizard_gtye4_top.xdma_0_pcie4_ip_gt_gtwizard_gtye4_inst/gen_gtwizard_gtye4.gen_cpll_cal_gtye4.gen_cpll_cal_inst[0].gen_inst_cpll_cal.gtwizard_ultrascale_v1_7_22_gtye4_cpll_cal_inst/gtwizard_ultrascale_v1_7_22_gtye4_cpll_cal_tx_i/bufg_gt_txoutclkmon_inst/O
    X3Y0 (CLOCK_ROOT)    net (fo=31, routed)          0.666     0.666    u_pcie_xdma/inst/pcie4_ip_i/inst/xdma_0_pcie4_ip_gt_top_i/diablo_gt.diablo_gt_phy_wrapper/gt_wizard.gtwizard_top_i/xdma_0_pcie4_ip_gt_i/inst/gen_gtwizard_gtye4_top.xdma_0_pcie4_ip_gt_gtwizard_gtye4_inst/gen_gtwizard_gtye4.gen_cpll_cal_gtye4.gen_cpll_cal_inst[0].gen_inst_cpll_cal.gtwizard_ultrascale_v1_7_22_gtye4_cpll_cal_inst/gtwizard_ultrascale_v1_7_22_gtye4_cpll_cal_tx_i/U_TXOUTCLK_FREQ_COUNTER/txoutclkmon
    SLICE_X106Y0         FDRE                                         r  u_pcie_xdma/inst/pcie4_ip_i/inst/xdma_0_pcie4_ip_gt_top_i/diablo_gt.diablo_gt_phy_wrapper/gt_wizard.gtwizard_top_i/xdma_0_pcie4_ip_gt_i/inst/gen_gtwizard_gtye4_top.xdma_0_pcie4_ip_gt_gtwizard_gtye4_inst/gen_gtwizard_gtye4.gen_cpll_cal_gtye4.gen_cpll_cal_inst[0].gen_inst_cpll_cal.gtwizard_ultrascale_v1_7_22_gtye4_cpll_cal_inst/gtwizard_ultrascale_v1_7_22_gtye4_cpll_cal_tx_i/U_TXOUTCLK_FREQ_COUNTER/testclk_en_dly2_reg/C
  -------------------------------------------------------------------    -------------------
    SLICE_X106Y0         FDRE (Prop_AFF2_SLICEM_C_Q)
                                                      0.097     0.763 r  u_pcie_xdma/inst/pcie4_ip_i/inst/xdma_0_pcie4_ip_gt_top_i/diablo_gt.diablo_gt_phy_wrapper/gt_wizard.gtwizard_top_i/xdma_0_pcie4_ip_gt_i/inst/gen_gtwizard_gtye4_top.xdma_0_pcie4_ip_gt_gtwizard_gtye4_inst/gen_gtwizard_gtye4.gen_cpll_cal_gtye4.gen_cpll_cal_inst[0].gen_inst_cpll_cal.gtwizard_ultrascale_v1_7_22_gtye4_cpll_cal_inst/gtwizard_ultrascale_v1_7_22_gtye4_cpll_cal_tx_i/U_TXOUTCLK_FREQ_COUNTER/testclk_en_dly2_reg/Q
                         net (fo=1, routed)           0.141     0.904    u_pcie_xdma/inst/pcie4_ip_i/inst/xdma_0_pcie4_ip_gt_top_i/diablo_gt.diablo_gt_phy_wrapper/gt_wizard.gtwizard_top_i/xdma_0_pcie4_ip_gt_i/inst/gen_gtwizard_gtye4_top.xdma_0_pcie4_ip_gt_gtwizard_gtye4_inst/gen_gtwizard_gtye4.gen_cpll_cal_gtye4.gen_cpll_cal_inst[0].gen_inst_cpll_cal.gtwizard_ultrascale_v1_7_22_gtye4_cpll_cal_inst/gtwizard_ultrascale_v1_7_22_gtye4_cpll_cal_tx_i/U_TXOUTCLK_FREQ_COUNTER/testclk_en_dly2
    SLICE_X106Y0         LUT5 (Prop_H6LUT_SLICEM_I0_O)
                                                      0.182     1.086 r  u_pcie_xdma/inst/pcie4_ip_i/inst/xdma_0_pcie4_ip_gt_top_i/diablo_gt.diablo_gt_phy_wrapper/gt_wizard.gtwizard_top_i/xdma_0_pcie4_ip_gt_i/inst/gen_gtwizard_gtye4_top.xdma_0_pcie4_ip_gt_gtwizard_gtye4_inst/gen_gtwizard_gtye4.gen_cpll_cal_gtye4.gen_cpll_cal_inst[0].gen_inst_cpll_cal.gtwizard_ultrascale_v1_7_22_gtye4_cpll_cal_inst/gtwizard_ultrascale_v1_7_22_gtye4_cpll_cal_tx_i/U_TXOUTCLK_FREQ_COUNTER/testclk_cnt0/O
                         net (fo=18, routed)          0.490     1.576    u_pcie_xdma/inst/pcie4_ip_i/inst/xdma_0_pcie4_ip_gt_top_i/diablo_gt.diablo_gt_phy_wrapper/gt_wizard.gtwizard_top_i/xdma_0_pcie4_ip_gt_i/inst/gen_gtwizard_gtye4_top.xdma_0_pcie4_ip_gt_gtwizard_gtye4_inst/gen_gtwizard_gtye4.gen_cpll_cal_gtye4.gen_cpll_cal_inst[0].gen_inst_cpll_cal.gtwizard_ultrascale_v1_7_22_gtye4_cpll_cal_inst/gtwizard_ultrascale_v1_7_22_gtye4_cpll_cal_tx_i/U_TXOUTCLK_FREQ_COUNTER/testclk_cnt0_n_0
    SLICE_X107Y2         FDCE                                         r  u_pcie_xdma/inst/pcie4_ip_i/inst/xdma_0_pcie4_ip_gt_top_i/diablo_gt.diablo_gt_phy_wrapper/gt_wizard.gtwizard_top_i/xdma_0_pcie4_ip_gt_i/inst/gen_gtwizard_gtye4_top.xdma_0_pcie4_ip_gt_gtwizard_gtye4_inst/gen_gtwizard_gtye4.gen_cpll_cal_gtye4.gen_cpll_cal_inst[0].gen_inst_cpll_cal.gtwizard_ultrascale_v1_7_22_gtye4_cpll_cal_inst/gtwizard_ultrascale_v1_7_22_gtye4_cpll_cal_tx_i/U_TXOUTCLK_FREQ_COUNTER/testclk_cnt_reg[16]/CE
  -------------------------------------------------------------------    -------------------

                         (clock u_pcie_xdma/inst/pcie4_ip_i/inst/xdma_0_pcie4_ip_gt_top_i/diablo_gt.diablo_gt_phy_wrapper/gt_wizard.gtwizard_top_i/xdma_0_pcie4_ip_gt_i/inst/gen_gtwizard_gtye4_top.xdma_0_pcie4_ip_gt_gtwizard_gtye4_inst/gen_gtwizard_gtye4.gen_cpll_cal_gtye4.gen_cpll_cal_inst[0].gen_inst_cpll_cal.gtwizard_ultrascale_v1_7_22_gtye4_cpll_cal_inst/gtwizard_ultrascale_v1_7_22_gtye4_cpll_cal_tx_i/bufg_gt_txoutclkmon_inst/O rise edge)
                                                      8.000     8.000 r  
    BUFG_GT_X0Y22        BUFG_GT                      0.000     8.000 r  u_pcie_xdma/inst/pcie4_ip_i/inst/xdma_0_pcie4_ip_gt_top_i/diablo_gt.diablo_gt_phy_wrapper/gt_wizard.gtwizard_top_i/xdma_0_pcie4_ip_gt_i/inst/gen_gtwizard_gtye4_top.xdma_0_pcie4_ip_gt_gtwizard_gtye4_inst/gen_gtwizard_gtye4.gen_cpll_cal_gtye4.gen_cpll_cal_inst[0].gen_inst_cpll_cal.gtwizard_ultrascale_v1_7_22_gtye4_cpll_cal_inst/gtwizard_ultrascale_v1_7_22_gtye4_cpll_cal_tx_i/bufg_gt_txoutclkmon_inst/O
    X3Y0 (CLOCK_ROOT)    net (fo=31, routed)          0.553     8.553    u_pcie_xdma/inst/pcie4_ip_i/inst/xdma_0_pcie4_ip_gt_top_i/diablo_gt.diablo_gt_phy_wrapper/gt_wizard.gtwizard_top_i/xdma_0_pcie4_ip_gt_i/inst/gen_gtwizard_gtye4_top.xdma_0_pcie4_ip_gt_gtwizard_gtye4_inst/gen_gtwizard_gtye4.gen_cpll_cal_gtye4.gen_cpll_cal_inst[0].gen_inst_cpll_cal.gtwizard_ultrascale_v1_7_22_gtye4_cpll_cal_inst/gtwizard_ultrascale_v1_7_22_gtye4_cpll_cal_tx_i/U_TXOUTCLK_FREQ_COUNTER/txoutclkmon
    SLICE_X107Y2         FDCE                                         r  u_pcie_xdma/inst/pcie4_ip_i/inst/xdma_0_pcie4_ip_gt_top_i/diablo_gt.diablo_gt_phy_wrapper/gt_wizard.gtwizard_top_i/xdma_0_pcie4_ip_gt_i/inst/gen_gtwizard_gtye4_top.xdma_0_pcie4_ip_gt_gtwizard_gtye4_inst/gen_gtwizard_gtye4.gen_cpll_cal_gtye4.gen_cpll_cal_inst[0].gen_inst_cpll_cal.gtwizard_ultrascale_v1_7_22_gtye4_cpll_cal_inst/gtwizard_ultrascale_v1_7_22_gtye4_cpll_cal_tx_i/U_TXOUTCLK_FREQ_COUNTER/testclk_cnt_reg[16]/C
                         clock pessimism              0.001     8.554    
                         clock uncertainty           -0.046     8.507    
    SLICE_X107Y2         FDCE (Setup_AFF_SLICEM_C_CE)
                                                     -0.043     8.464    u_pcie_xdma/inst/pcie4_ip_i/inst/xdma_0_pcie4_ip_gt_top_i/diablo_gt.diablo_gt_phy_wrapper/gt_wizard.gtwizard_top_i/xdma_0_pcie4_ip_gt_i/inst/gen_gtwizard_gtye4_top.xdma_0_pcie4_ip_gt_gtwizard_gtye4_inst/gen_gtwizard_gtye4.gen_cpll_cal_gtye4.gen_cpll_cal_inst[0].gen_inst_cpll_cal.gtwizard_ultrascale_v1_7_22_gtye4_cpll_cal_inst/gtwizard_ultrascale_v1_7_22_gtye4_cpll_cal_tx_i/U_TXOUTCLK_FREQ_COUNTER/testclk_cnt_reg[16]
  -------------------------------------------------------------------
                         required time                          8.464    
                         arrival time                          -1.576    
  -------------------------------------------------------------------
                         slack                                  6.888    





Min Delay Paths
--------------------------------------------------------------------------------------
Slack (MET) :             0.045ns  (arrival time - required time)
  Source:                 u_pcie_xdma/inst/pcie4_ip_i/inst/xdma_0_pcie4_ip_gt_top_i/diablo_gt.diablo_gt_phy_wrapper/gt_wizard.gtwizard_top_i/xdma_0_pcie4_ip_gt_i/inst/gen_gtwizard_gtye4_top.xdma_0_pcie4_ip_gt_gtwizard_gtye4_inst/gen_gtwizard_gtye4.gen_cpll_cal_gtye4.gen_cpll_cal_inst[0].gen_inst_cpll_cal.gtwizard_ultrascale_v1_7_22_gtye4_cpll_cal_inst/gtwizard_ultrascale_v1_7_22_gtye4_cpll_cal_tx_i/U_TXOUTCLK_FREQ_COUNTER/reset_synchronizer_testclk_rst_inst/rst_in_sync2_reg/C
                            (rising edge-triggered cell FDPE clocked by u_pcie_xdma/inst/pcie4_ip_i/inst/xdma_0_pcie4_ip_gt_top_i/diablo_gt.diablo_gt_phy_wrapper/gt_wizard.gtwizard_top_i/xdma_0_pcie4_ip_gt_i/inst/gen_gtwizard_gtye4_top.xdma_0_pcie4_ip_gt_gtwizard_gtye4_inst/gen_gtwizard_gtye4.gen_cpll_cal_gtye4.gen_cpll_cal_inst[0].gen_inst_cpll_cal.gtwizard_ultrascale_v1_7_22_gtye4_cpll_cal_inst/gtwizard_ultrascale_v1_7_22_gtye4_cpll_cal_tx_i/bufg_gt_txoutclkmon_inst/O  {rise@0.000ns fall@4.000ns period=8.000ns})
  Destination:            u_pcie_xdma/inst/pcie4_ip_i/inst/xdma_0_pcie4_ip_gt_top_i/diablo_gt.diablo_gt_phy_wrapper/gt_wizard.gtwizard_top_i/xdma_0_pcie4_ip_gt_i/inst/gen_gtwizard_gtye4_top.xdma_0_pcie4_ip_gt_gtwizard_gtye4_inst/gen_gtwizard_gtye4.gen_cpll_cal_gtye4.gen_cpll_cal_inst[0].gen_inst_cpll_cal.gtwizard_ultrascale_v1_7_22_gtye4_cpll_cal_inst/gtwizard_ultrascale_v1_7_22_gtye4_cpll_cal_tx_i/U_TXOUTCLK_FREQ_COUNTER/reset_synchronizer_testclk_rst_inst/rst_in_sync3_reg/D
                            (rising edge-triggered cell FDPE clocked by u_pcie_xdma/inst/pcie4_ip_i/inst/xdma_0_pcie4_ip_gt_top_i/diablo_gt.diablo_gt_phy_wrapper/gt_wizard.gtwizard_top_i/xdma_0_pcie4_ip_gt_i/inst/gen_gtwizard_gtye4_top.xdma_0_pcie4_ip_gt_gtwizard_gtye4_inst/gen_gtwizard_gtye4.gen_cpll_cal_gtye4.gen_cpll_cal_inst[0].gen_inst_cpll_cal.gtwizard_ultrascale_v1_7_22_gtye4_cpll_cal_inst/gtwizard_ultrascale_v1_7_22_gtye4_cpll_cal_tx_i/bufg_gt_txoutclkmon_inst/O  {rise@0.000ns fall@4.000ns period=8.000ns})
  Path Group:             u_pcie_xdma/inst/pcie4_ip_i/inst/xdma_0_pcie4_ip_gt_top_i/diablo_gt.diablo_gt_phy_wrapper/gt_wizard.gtwizard_top_i/xdma_0_pcie4_ip_gt_i/inst/gen_gtwizard_gtye4_top.xdma_0_pcie4_ip_gt_gtwizard_gtye4_inst/gen_gtwizard_gtye4.gen_cpll_cal_gtye4.gen_cpll_cal_inst[0].gen_inst_cpll_cal.gtwizard_ultrascale_v1_7_22_gtye4_cpll_cal_inst/gtwizard_ultrascale_v1_7_22_gtye4_cpll_cal_tx_i/bufg_gt_txoutclkmon_inst/O
  Path Type:              Hold (Min at Fast Process Corner)
  Requirement:            0.000ns  (u_pcie_xdma/inst/pcie4_ip_i/inst/xdma_0_pcie4_ip_gt_top_i/diablo_gt.diablo_gt_phy_wrapper/gt_wizard.gtwizard_top_i/xdma_0_pcie4_ip_gt_i/inst/gen_gtwizard_gtye4_top.xdma_0_pcie4_ip_gt_gtwizard_gtye4_inst/gen_gtwizard_gtye4.gen_cpll_cal_gtye4.gen_cpll_cal_inst[0].gen_inst_cpll_cal.gtwizard_ultrascale_v1_7_22_gtye4_cpll_cal_inst/gtwizard_ultrascale_v1_7_22_gtye4_cpll_cal_tx_i/bufg_gt_txoutclkmon_inst/O rise@0.000ns - u_pcie_xdma/inst/pcie4_ip_i/inst/xdma_0_pcie4_ip_gt_top_i/diablo_gt.diablo_gt_phy_wrapper/gt_wizard.gtwizard_top_i/xdma_0_pcie4_ip_gt_i/inst/gen_gtwizard_gtye4_top.xdma_0_pcie4_ip_gt_gtwizard_gtye4_inst/gen_gtwizard_gtye4.gen_cpll_cal_gtye4.gen_cpll_cal_inst[0].gen_inst_cpll_cal.gtwizard_ultrascale_v1_7_22_gtye4_cpll_cal_inst/gtwizard_ultrascale_v1_7_22_gtye4_cpll_cal_tx_i/bufg_gt_txoutclkmon_inst/O rise@0.000ns)
  Data Path Delay:        0.098ns  (logic 0.040ns (40.816%)  route 0.058ns (59.184%))
  Logic Levels:           0  
  Clock Path Skew:        0.006ns (DCD - SCD - CPR)
    Destination Clock Delay (DCD):    0.376ns
    Source Clock Delay      (SCD):    0.327ns
    Clock Pessimism Removal (CPR):    0.043ns
  Clock Net Delay (Source):      0.327ns (routing 0.001ns, distribution 0.326ns)
  Clock Net Delay (Destination): 0.376ns (routing 0.001ns, distribution 0.375ns)

    Location             Delay type                Incr(ns)  Path(ns)    Netlist Resource(s)
  -------------------------------------------------------------------    -------------------
                         (clock u_pcie_xdma/inst/pcie4_ip_i/inst/xdma_0_pcie4_ip_gt_top_i/diablo_gt.diablo_gt_phy_wrapper/gt_wizard.gtwizard_top_i/xdma_0_pcie4_ip_gt_i/inst/gen_gtwizard_gtye4_top.xdma_0_pcie4_ip_gt_gtwizard_gtye4_inst/gen_gtwizard_gtye4.gen_cpll_cal_gtye4.gen_cpll_cal_inst[0].gen_inst_cpll_cal.gtwizard_ultrascale_v1_7_22_gtye4_cpll_cal_inst/gtwizard_ultrascale_v1_7_22_gtye4_cpll_cal_tx_i/bufg_gt_txoutclkmon_inst/O rise edge)
                                                      0.000     0.000 r  
    BUFG_GT_X0Y22        BUFG_GT                      0.000     0.000 r  u_pcie_xdma/inst/pcie4_ip_i/inst/xdma_0_pcie4_ip_gt_top_i/diablo_gt.diablo_gt_phy_wrapper/gt_wizard.gtwizard_top_i/xdma_0_pcie4_ip_gt_i/inst/gen_gtwizard_gtye4_top.xdma_0_pcie4_ip_gt_gtwizard_gtye4_inst/gen_gtwizard_gtye4.gen_cpll_cal_gtye4.gen_cpll_cal_inst[0].gen_inst_cpll_cal.gtwizard_ultrascale_v1_7_22_gtye4_cpll_cal_inst/gtwizard_ultrascale_v1_7_22_gtye4_cpll_cal_tx_i/bufg_gt_txoutclkmon_inst/O
    X3Y0 (CLOCK_ROOT)    net (fo=31, routed)          0.327     0.327    u_pcie_xdma/inst/pcie4_ip_i/inst/xdma_0_pcie4_ip_gt_top_i/diablo_gt.diablo_gt_phy_wrapper/gt_wizard.gtwizard_top_i/xdma_0_pcie4_ip_gt_i/inst/gen_gtwizard_gtye4_top.xdma_0_pcie4_ip_gt_gtwizard_gtye4_inst/gen_gtwizard_gtye4.gen_cpll_cal_gtye4.gen_cpll_cal_inst[0].gen_inst_cpll_cal.gtwizard_ultrascale_v1_7_22_gtye4_cpll_cal_inst/gtwizard_ultrascale_v1_7_22_gtye4_cpll_cal_tx_i/U_TXOUTCLK_FREQ_COUNTER/reset_synchronizer_testclk_rst_inst/txoutclkmon
    SLICE_X108Y0         FDPE                                         r  u_pcie_xdma/inst/pcie4_ip_i/inst/xdma_0_pcie4_ip_gt_top_i/diablo_gt.diablo_gt_phy_wrapper/gt_wizard.gtwizard_top_i/xdma_0_pcie4_ip_gt_i/inst/gen_gtwizard_gtye4_top.xdma_0_pcie4_ip_gt_gtwizard_gtye4_inst/gen_gtwizard_gtye4.gen_cpll_cal_gtye4.gen_cpll_cal_inst[0].gen_inst_cpll_cal.gtwizard_ultrascale_v1_7_22_gtye4_cpll_cal_inst/gtwizard_ultrascale_v1_7_22_gtye4_cpll_cal_tx_i/U_TXOUTCLK_FREQ_COUNTER/reset_synchronizer_testclk_rst_inst/rst_in_sync2_reg/C
  -------------------------------------------------------------------    -------------------
    SLICE_X108Y0         FDPE (Prop_BFF2_SLICEL_C_Q)
                                                      0.040     0.367 r  u_pcie_xdma/inst/pcie4_ip_i/inst/xdma_0_pcie4_ip_gt_top_i/diablo_gt.diablo_gt_phy_wrapper/gt_wizard.gtwizard_top_i/xdma_0_pcie4_ip_gt_i/inst/gen_gtwizard_gtye4_top.xdma_0_pcie4_ip_gt_gtwizard_gtye4_inst/gen_gtwizard_gtye4.gen_cpll_cal_gtye4.gen_cpll_cal_inst[0].gen_inst_cpll_cal.gtwizard_ultrascale_v1_7_22_gtye4_cpll_cal_inst/gtwizard_ultrascale_v1_7_22_gtye4_cpll_cal_tx_i/U_TXOUTCLK_FREQ_COUNTER/reset_synchronizer_testclk_rst_inst/rst_in_sync2_reg/Q
                         net (fo=1, routed)           0.058     0.425    u_pcie_xdma/inst/pcie4_ip_i/inst/xdma_0_pcie4_ip_gt_top_i/diablo_gt.diablo_gt_phy_wrapper/gt_wizard.gtwizard_top_i/xdma_0_pcie4_ip_gt_i/inst/gen_gtwizard_gtye4_top.xdma_0_pcie4_ip_gt_gtwizard_gtye4_inst/gen_gtwizard_gtye4.gen_cpll_cal_gtye4.gen_cpll_cal_inst[0].gen_inst_cpll_cal.gtwizard_ultrascale_v1_7_22_gtye4_cpll_cal_inst/gtwizard_ultrascale_v1_7_22_gtye4_cpll_cal_tx_i/U_TXOUTCLK_FREQ_COUNTER/reset_synchronizer_testclk_rst_inst/rst_in_sync2
    SLICE_X108Y0         FDPE                                         r  u_pcie_xdma/inst/pcie4_ip_i/inst/xdma_0_pcie4_ip_gt_top_i/diablo_gt.diablo_gt_phy_wrapper/gt_wizard.gtwizard_top_i/xdma_0_pcie4_ip_gt_i/inst/gen_gtwizard_gtye4_top.xdma_0_pcie4_ip_gt_gtwizard_gtye4_inst/gen_gtwizard_gtye4.gen_cpll_cal_gtye4.gen_cpll_cal_inst[0].gen_inst_cpll_cal.gtwizard_ultrascale_v1_7_22_gtye4_cpll_cal_inst/gtwizard_ultrascale_v1_7_22_gtye4_cpll_cal_tx_i/U_TXOUTCLK_FREQ_COUNTER/reset_synchronizer_testclk_rst_inst/rst_in_sync3_reg/D
  -------------------------------------------------------------------    -------------------

                         (clock u_pcie_xdma/inst/pcie4_ip_i/inst/xdma_0_pcie4_ip_gt_top_i/diablo_gt.diablo_gt_phy_wrapper/gt_wizard.gtwizard_top_i/xdma_0_pcie4_ip_gt_i/inst/gen_gtwizard_gtye4_top.xdma_0_pcie4_ip_gt_gtwizard_gtye4_inst/gen_gtwizard_gtye4.gen_cpll_cal_gtye4.gen_cpll_cal_inst[0].gen_inst_cpll_cal.gtwizard_ultrascale_v1_7_22_gtye4_cpll_cal_inst/gtwizard_ultrascale_v1_7_22_gtye4_cpll_cal_tx_i/bufg_gt_txoutclkmon_inst/O rise edge)
                                                      0.000     0.000 r  
    BUFG_GT_X0Y22        BUFG_GT                      0.000     0.000 r  u_pcie_xdma/inst/pcie4_ip_i/inst/xdma_0_pcie4_ip_gt_top_i/diablo_gt.diablo_gt_phy_wrapper/gt_wizard.gtwizard_top_i/xdma_0_pcie4_ip_gt_i/inst/gen_gtwizard_gtye4_top.xdma_0_pcie4_ip_gt_gtwizard_gtye4_inst/gen_gtwizard_gtye4.gen_cpll_cal_gtye4.gen_cpll_cal_inst[0].gen_inst_cpll_cal.gtwizard_ultrascale_v1_7_22_gtye4_cpll_cal_inst/gtwizard_ultrascale_v1_7_22_gtye4_cpll_cal_tx_i/bufg_gt_txoutclkmon_inst/O
    X3Y0 (CLOCK_ROOT)    net (fo=31, routed)          0.376     0.376    u_pcie_xdma/inst/pcie4_ip_i/inst/xdma_0_pcie4_ip_gt_top_i/diablo_gt.diablo_gt_phy_wrapper/gt_wizard.gtwizard_top_i/xdma_0_pcie4_ip_gt_i/inst/gen_gtwizard_gtye4_top.xdma_0_pcie4_ip_gt_gtwizard_gtye4_inst/gen_gtwizard_gtye4.gen_cpll_cal_gtye4.gen_cpll_cal_inst[0].gen_inst_cpll_cal.gtwizard_ultrascale_v1_7_22_gtye4_cpll_cal_inst/gtwizard_ultrascale_v1_7_22_gtye4_cpll_cal_tx_i/U_TXOUTCLK_FREQ_COUNTER/reset_synchronizer_testclk_rst_inst/txoutclkmon
    SLICE_X108Y0         FDPE                                         r  u_pcie_xdma/inst/pcie4_ip_i/inst/xdma_0_pcie4_ip_gt_top_i/diablo_gt.diablo_gt_phy_wrapper/gt_wizard.gtwizard_top_i/xdma_0_pcie4_ip_gt_i/inst/gen_gtwizard_gtye4_top.xdma_0_pcie4_ip_gt_gtwizard_gtye4_inst/gen_gtwizard_gtye4.gen_cpll_cal_gtye4.gen_cpll_cal_inst[0].gen_inst_cpll_cal.gtwizard_ultrascale_v1_7_22_gtye4_cpll_cal_inst/gtwizard_ultrascale_v1_7_22_gtye4_cpll_cal_tx_i/U_TXOUTCLK_FREQ_COUNTER/reset_synchronizer_testclk_rst_inst/rst_in_sync3_reg/C
                         clock pessimism             -0.043     0.333    
    SLICE_X108Y0         FDPE (Hold_CFF2_SLICEL_C_D)
                                                      0.047     0.380    u_pcie_xdma/inst/pcie4_ip_i/inst/xdma_0_pcie4_ip_gt_top_i/diablo_gt.diablo_gt_phy_wrapper/gt_wizard.gtwizard_top_i/xdma_0_pcie4_ip_gt_i/inst/gen_gtwizard_gtye4_top.xdma_0_pcie4_ip_gt_gtwizard_gtye4_inst/gen_gtwizard_gtye4.gen_cpll_cal_gtye4.gen_cpll_cal_inst[0].gen_inst_cpll_cal.gtwizard_ultrascale_v1_7_22_gtye4_cpll_cal_inst/gtwizard_ultrascale_v1_7_22_gtye4_cpll_cal_tx_i/U_TXOUTCLK_FREQ_COUNTER/reset_synchronizer_testclk_rst_inst/rst_in_sync3_reg
  -------------------------------------------------------------------
                         required time                         -0.380    
                         arrival time                           0.425    
  -------------------------------------------------------------------
                         slack                                  0.045    





Pulse Width Checks
--------------------------------------------------------------------------------------
Clock Name:         u_pcie_xdma/inst/pcie4_ip_i/inst/xdma_0_pcie4_ip_gt_top_i/diablo_gt.diablo_gt_phy_wrapper/gt_wizard.gtwizard_top_i/xdma_0_pcie4_ip_gt_i/inst/gen_gtwizard_gtye4_top.xdma_0_pcie4_ip_gt_gtwizard_gtye4_inst/gen_gtwizard_gtye4.gen_cpll_cal_gtye4.gen_cpll_cal_inst[0].gen_inst_cpll_cal.gtwizard_ultrascale_v1_7_22_gtye4_cpll_cal_inst/gtwizard_ultrascale_v1_7_22_gtye4_cpll_cal_tx_i/bufg_gt_txoutclkmon_inst/O
Waveform(ns):       { 0.000 4.000 }
Period(ns):         8.000
Sources:            { u_pcie_xdma/inst/pcie4_ip_i/inst/xdma_0_pcie4_ip_gt_top_i/diablo_gt.diablo_gt_phy_wrapper/gt_wizard.gtwizard_top_i/xdma_0_pcie4_ip_gt_i/inst/gen_gtwizard_gtye4_top.xdma_0_pcie4_ip_gt_gtwizard_gtye4_inst/gen_gtwizard_gtye4.gen_cpll_cal_gtye4.gen_cpll_cal_inst[0].gen_inst_cpll_cal.gtwizard_ultrascale_v1_7_22_gtye4_cpll_cal_inst/gtwizard_ultrascale_v1_7_22_gtye4_cpll_cal_tx_i/bufg_gt_txoutclkmon_inst/O }

Check Type        Corner  Lib Pin  Reference Pin  Required(ns)  Actual(ns)  Slack(ns)  Location      Pin
Min Period        n/a     FDCE/C   n/a            0.550         8.000       7.450      SLICE_X107Y0  u_pcie_xdma/inst/pcie4_ip_i/inst/xdma_0_pcie4_ip_gt_top_i/diablo_gt.diablo_gt_phy_wrapper/gt_wizard.gtwizard_top_i/xdma_0_pcie4_ip_gt_i/inst/gen_gtwizard_gtye4_top.xdma_0_pcie4_ip_gt_gtwizard_gtye4_inst/gen_gtwizard_gtye4.gen_cpll_cal_gtye4.gen_cpll_cal_inst[0].gen_inst_cpll_cal.gtwizard_ultrascale_v1_7_22_gtye4_cpll_cal_inst/gtwizard_ultrascale_v1_7_22_gtye4_cpll_cal_tx_i/U_TXOUTCLK_FREQ_COUNTER/testclk_cnt_reg[0]/C
Low Pulse Width   Slow    FDCE/C   n/a            0.275         4.000       3.725      SLICE_X107Y0  u_pcie_xdma/inst/pcie4_ip_i/inst/xdma_0_pcie4_ip_gt_top_i/diablo_gt.diablo_gt_phy_wrapper/gt_wizard.gtwizard_top_i/xdma_0_pcie4_ip_gt_i/inst/gen_gtwizard_gtye4_top.xdma_0_pcie4_ip_gt_gtwizard_gtye4_inst/gen_gtwizard_gtye4.gen_cpll_cal_gtye4.gen_cpll_cal_inst[0].gen_inst_cpll_cal.gtwizard_ultrascale_v1_7_22_gtye4_cpll_cal_inst/gtwizard_ultrascale_v1_7_22_gtye4_cpll_cal_tx_i/U_TXOUTCLK_FREQ_COUNTER/testclk_cnt_reg[0]/C
High Pulse Width  Slow    FDCE/C   n/a            0.275         4.000       3.725      SLICE_X107Y0  u_pcie_xdma/inst/pcie4_ip_i/inst/xdma_0_pcie4_ip_gt_top_i/diablo_gt.diablo_gt_phy_wrapper/gt_wizard.gtwizard_top_i/xdma_0_pcie4_ip_gt_i/inst/gen_gtwizard_gtye4_top.xdma_0_pcie4_ip_gt_gtwizard_gtye4_inst/gen_gtwizard_gtye4.gen_cpll_cal_gtye4.gen_cpll_cal_inst[0].gen_inst_cpll_cal.gtwizard_ultrascale_v1_7_22_gtye4_cpll_cal_inst/gtwizard_ultrascale_v1_7_22_gtye4_cpll_cal_tx_i/U_TXOUTCLK_FREQ_COUNTER/testclk_cnt_reg[0]/C



---------------------------------------------------------------------------------------------------
From Clock:  u_pcie_xdma/inst/pcie4_ip_i/inst/xdma_0_pcie4_ip_gt_top_i/diablo_gt.diablo_gt_phy_wrapper/gt_wizard.gtwizard_top_i/xdma_0_pcie4_ip_gt_i/inst/gen_gtwizard_gtye4_top.xdma_0_pcie4_ip_gt_gtwizard_gtye4_inst/gen_gtwizard_gtye4.gen_cpll_cal_gtye4.gen_cpll_cal_inst[1].gen_inst_cpll_cal.gtwizard_ultrascale_v1_7_22_gtye4_cpll_cal_inst/gtwizard_ultrascale_v1_7_22_gtye4_cpll_cal_tx_i/bufg_gt_txoutclkmon_inst/O
  To Clock:  u_pcie_xdma/inst/pcie4_ip_i/inst/xdma_0_pcie4_ip_gt_top_i/diablo_gt.diablo_gt_phy_wrapper/gt_wizard.gtwizard_top_i/xdma_0_pcie4_ip_gt_i/inst/gen_gtwizard_gtye4_top.xdma_0_pcie4_ip_gt_gtwizard_gtye4_inst/gen_gtwizard_gtye4.gen_cpll_cal_gtye4.gen_cpll_cal_inst[1].gen_inst_cpll_cal.gtwizard_ultrascale_v1_7_22_gtye4_cpll_cal_inst/gtwizard_ultrascale_v1_7_22_gtye4_cpll_cal_tx_i/bufg_gt_txoutclkmon_inst/O

Setup :            0  Failing Endpoints,  Worst Slack        6.895ns,  Total Violation        0.000ns
Hold  :            0  Failing Endpoints,  Worst Slack        0.060ns,  Total Violation        0.000ns
PW    :            0  Failing Endpoints,  Worst Slack        3.725ns,  Total Violation        0.000ns
---------------------------------------------------------------------------------------------------


Max Delay Paths
--------------------------------------------------------------------------------------
Slack (MET) :             6.895ns  (required time - arrival time)
  Source:                 u_pcie_xdma/inst/pcie4_ip_i/inst/xdma_0_pcie4_ip_gt_top_i/diablo_gt.diablo_gt_phy_wrapper/gt_wizard.gtwizard_top_i/xdma_0_pcie4_ip_gt_i/inst/gen_gtwizard_gtye4_top.xdma_0_pcie4_ip_gt_gtwizard_gtye4_inst/gen_gtwizard_gtye4.gen_cpll_cal_gtye4.gen_cpll_cal_inst[1].gen_inst_cpll_cal.gtwizard_ultrascale_v1_7_22_gtye4_cpll_cal_inst/gtwizard_ultrascale_v1_7_22_gtye4_cpll_cal_tx_i/U_TXOUTCLK_FREQ_COUNTER/testclk_div4_reg[0]/C
                            (rising edge-triggered cell FDSE clocked by u_pcie_xdma/inst/pcie4_ip_i/inst/xdma_0_pcie4_ip_gt_top_i/diablo_gt.diablo_gt_phy_wrapper/gt_wizard.gtwizard_top_i/xdma_0_pcie4_ip_gt_i/inst/gen_gtwizard_gtye4_top.xdma_0_pcie4_ip_gt_gtwizard_gtye4_inst/gen_gtwizard_gtye4.gen_cpll_cal_gtye4.gen_cpll_cal_inst[1].gen_inst_cpll_cal.gtwizard_ultrascale_v1_7_22_gtye4_cpll_cal_inst/gtwizard_ultrascale_v1_7_22_gtye4_cpll_cal_tx_i/bufg_gt_txoutclkmon_inst/O  {rise@0.000ns fall@4.000ns period=8.000ns})
  Destination:            u_pcie_xdma/inst/pcie4_ip_i/inst/xdma_0_pcie4_ip_gt_top_i/diablo_gt.diablo_gt_phy_wrapper/gt_wizard.gtwizard_top_i/xdma_0_pcie4_ip_gt_i/inst/gen_gtwizard_gtye4_top.xdma_0_pcie4_ip_gt_gtwizard_gtye4_inst/gen_gtwizard_gtye4.gen_cpll_cal_gtye4.gen_cpll_cal_inst[1].gen_inst_cpll_cal.gtwizard_ultrascale_v1_7_22_gtye4_cpll_cal_inst/gtwizard_ultrascale_v1_7_22_gtye4_cpll_cal_tx_i/U_TXOUTCLK_FREQ_COUNTER/testclk_cnt_reg[16]/CE
                            (rising edge-triggered cell FDCE clocked by u_pcie_xdma/inst/pcie4_ip_i/inst/xdma_0_pcie4_ip_gt_top_i/diablo_gt.diablo_gt_phy_wrapper/gt_wizard.gtwizard_top_i/xdma_0_pcie4_ip_gt_i/inst/gen_gtwizard_gtye4_top.xdma_0_pcie4_ip_gt_gtwizard_gtye4_inst/gen_gtwizard_gtye4.gen_cpll_cal_gtye4.gen_cpll_cal_inst[1].gen_inst_cpll_cal.gtwizard_ultrascale_v1_7_22_gtye4_cpll_cal_inst/gtwizard_ultrascale_v1_7_22_gtye4_cpll_cal_tx_i/bufg_gt_txoutclkmon_inst/O  {rise@0.000ns fall@4.000ns period=8.000ns})
  Path Group:             u_pcie_xdma/inst/pcie4_ip_i/inst/xdma_0_pcie4_ip_gt_top_i/diablo_gt.diablo_gt_phy_wrapper/gt_wizard.gtwizard_top_i/xdma_0_pcie4_ip_gt_i/inst/gen_gtwizard_gtye4_top.xdma_0_pcie4_ip_gt_gtwizard_gtye4_inst/gen_gtwizard_gtye4.gen_cpll_cal_gtye4.gen_cpll_cal_inst[1].gen_inst_cpll_cal.gtwizard_ultrascale_v1_7_22_gtye4_cpll_cal_inst/gtwizard_ultrascale_v1_7_22_gtye4_cpll_cal_tx_i/bufg_gt_txoutclkmon_inst/O
  Path Type:              Setup (Max at Slow Process Corner)
  Requirement:            8.000ns  (u_pcie_xdma/inst/pcie4_ip_i/inst/xdma_0_pcie4_ip_gt_top_i/diablo_gt.diablo_gt_phy_wrapper/gt_wizard.gtwizard_top_i/xdma_0_pcie4_ip_gt_i/inst/gen_gtwizard_gtye4_top.xdma_0_pcie4_ip_gt_gtwizard_gtye4_inst/gen_gtwizard_gtye4.gen_cpll_cal_gtye4.gen_cpll_cal_inst[1].gen_inst_cpll_cal.gtwizard_ultrascale_v1_7_22_gtye4_cpll_cal_inst/gtwizard_ultrascale_v1_7_22_gtye4_cpll_cal_tx_i/bufg_gt_txoutclkmon_inst/O rise@8.000ns - u_pcie_xdma/inst/pcie4_ip_i/inst/xdma_0_pcie4_ip_gt_top_i/diablo_gt.diablo_gt_phy_wrapper/gt_wizard.gtwizard_top_i/xdma_0_pcie4_ip_gt_i/inst/gen_gtwizard_gtye4_top.xdma_0_pcie4_ip_gt_gtwizard_gtye4_inst/gen_gtwizard_gtye4.gen_cpll_cal_gtye4.gen_cpll_cal_inst[1].gen_inst_cpll_cal.gtwizard_ultrascale_v1_7_22_gtye4_cpll_cal_inst/gtwizard_ultrascale_v1_7_22_gtye4_cpll_cal_tx_i/bufg_gt_txoutclkmon_inst/O rise@0.000ns)
  Data Path Delay:        0.967ns  (logic 0.245ns (25.344%)  route 0.722ns (74.656%))
  Logic Levels:           1  (LUT5=1)
  Clock Path Skew:        -0.050ns (DCD - SCD + CPR)
    Destination Clock Delay (DCD):    0.557ns = ( 8.557 - 8.000 ) 
    Source Clock Delay      (SCD):    0.670ns
    Clock Pessimism Removal (CPR):    0.063ns
  Clock Uncertainty:      0.046ns  ((TSJ^2 + DJ^2)^1/2) / 2 + PE
    Total System Jitter     (TSJ):    0.071ns
    Discrete Jitter          (DJ):    0.060ns
    Phase Error              (PE):    0.000ns
  Clock Net Delay (Source):      0.670ns (routing 0.002ns, distribution 0.668ns)
  Clock Net Delay (Destination): 0.557ns (routing 0.001ns, distribution 0.556ns)

    Location             Delay type                Incr(ns)  Path(ns)    Netlist Resource(s)
  -------------------------------------------------------------------    -------------------
                         (clock u_pcie_xdma/inst/pcie4_ip_i/inst/xdma_0_pcie4_ip_gt_top_i/diablo_gt.diablo_gt_phy_wrapper/gt_wizard.gtwizard_top_i/xdma_0_pcie4_ip_gt_i/inst/gen_gtwizard_gtye4_top.xdma_0_pcie4_ip_gt_gtwizard_gtye4_inst/gen_gtwizard_gtye4.gen_cpll_cal_gtye4.gen_cpll_cal_inst[1].gen_inst_cpll_cal.gtwizard_ultrascale_v1_7_22_gtye4_cpll_cal_inst/gtwizard_ultrascale_v1_7_22_gtye4_cpll_cal_tx_i/bufg_gt_txoutclkmon_inst/O rise edge)
                                                      0.000     0.000 r  
    BUFG_GT_X0Y21        BUFG_GT                      0.000     0.000 r  u_pcie_xdma/inst/pcie4_ip_i/inst/xdma_0_pcie4_ip_gt_top_i/diablo_gt.diablo_gt_phy_wrapper/gt_wizard.gtwizard_top_i/xdma_0_pcie4_ip_gt_i/inst/gen_gtwizard_gtye4_top.xdma_0_pcie4_ip_gt_gtwizard_gtye4_inst/gen_gtwizard_gtye4.gen_cpll_cal_gtye4.gen_cpll_cal_inst[1].gen_inst_cpll_cal.gtwizard_ultrascale_v1_7_22_gtye4_cpll_cal_inst/gtwizard_ultrascale_v1_7_22_gtye4_cpll_cal_tx_i/bufg_gt_txoutclkmon_inst/O
    X3Y0 (CLOCK_ROOT)    net (fo=31, routed)          0.670     0.670    u_pcie_xdma/inst/pcie4_ip_i/inst/xdma_0_pcie4_ip_gt_top_i/diablo_gt.diablo_gt_phy_wrapper/gt_wizard.gtwizard_top_i/xdma_0_pcie4_ip_gt_i/inst/gen_gtwizard_gtye4_top.xdma_0_pcie4_ip_gt_gtwizard_gtye4_inst/gen_gtwizard_gtye4.gen_cpll_cal_gtye4.gen_cpll_cal_inst[1].gen_inst_cpll_cal.gtwizard_ultrascale_v1_7_22_gtye4_cpll_cal_inst/gtwizard_ultrascale_v1_7_22_gtye4_cpll_cal_tx_i/U_TXOUTCLK_FREQ_COUNTER/txoutclkmon
    SLICE_X104Y5         FDSE                                         r  u_pcie_xdma/inst/pcie4_ip_i/inst/xdma_0_pcie4_ip_gt_top_i/diablo_gt.diablo_gt_phy_wrapper/gt_wizard.gtwizard_top_i/xdma_0_pcie4_ip_gt_i/inst/gen_gtwizard_gtye4_top.xdma_0_pcie4_ip_gt_gtwizard_gtye4_inst/gen_gtwizard_gtye4.gen_cpll_cal_gtye4.gen_cpll_cal_inst[1].gen_inst_cpll_cal.gtwizard_ultrascale_v1_7_22_gtye4_cpll_cal_inst/gtwizard_ultrascale_v1_7_22_gtye4_cpll_cal_tx_i/U_TXOUTCLK_FREQ_COUNTER/testclk_div4_reg[0]/C
  -------------------------------------------------------------------    -------------------
    SLICE_X104Y5         FDSE (Prop_EFF_SLICEL_C_Q)
                                                      0.096     0.766 f  u_pcie_xdma/inst/pcie4_ip_i/inst/xdma_0_pcie4_ip_gt_top_i/diablo_gt.diablo_gt_phy_wrapper/gt_wizard.gtwizard_top_i/xdma_0_pcie4_ip_gt_i/inst/gen_gtwizard_gtye4_top.xdma_0_pcie4_ip_gt_gtwizard_gtye4_inst/gen_gtwizard_gtye4.gen_cpll_cal_gtye4.gen_cpll_cal_inst[1].gen_inst_cpll_cal.gtwizard_ultrascale_v1_7_22_gtye4_cpll_cal_inst/gtwizard_ultrascale_v1_7_22_gtye4_cpll_cal_tx_i/U_TXOUTCLK_FREQ_COUNTER/testclk_div4_reg[0]/Q
                         net (fo=2, routed)           0.280     1.046    u_pcie_xdma/inst/pcie4_ip_i/inst/xdma_0_pcie4_ip_gt_top_i/diablo_gt.diablo_gt_phy_wrapper/gt_wizard.gtwizard_top_i/xdma_0_pcie4_ip_gt_i/inst/gen_gtwizard_gtye4_top.xdma_0_pcie4_ip_gt_gtwizard_gtye4_inst/gen_gtwizard_gtye4.gen_cpll_cal_gtye4.gen_cpll_cal_inst[1].gen_inst_cpll_cal.gtwizard_ultrascale_v1_7_22_gtye4_cpll_cal_inst/gtwizard_ultrascale_v1_7_22_gtye4_cpll_cal_tx_i/U_TXOUTCLK_FREQ_COUNTER/testclk_div4[0]
    SLICE_X104Y5         LUT5 (Prop_H6LUT_SLICEL_I4_O)
                                                      0.149     1.195 r  u_pcie_xdma/inst/pcie4_ip_i/inst/xdma_0_pcie4_ip_gt_top_i/diablo_gt.diablo_gt_phy_wrapper/gt_wizard.gtwizard_top_i/xdma_0_pcie4_ip_gt_i/inst/gen_gtwizard_gtye4_top.xdma_0_pcie4_ip_gt_gtwizard_gtye4_inst/gen_gtwizard_gtye4.gen_cpll_cal_gtye4.gen_cpll_cal_inst[1].gen_inst_cpll_cal.gtwizard_ultrascale_v1_7_22_gtye4_cpll_cal_inst/gtwizard_ultrascale_v1_7_22_gtye4_cpll_cal_tx_i/U_TXOUTCLK_FREQ_COUNTER/testclk_cnt0__0/O
                         net (fo=18, routed)          0.442     1.637    u_pcie_xdma/inst/pcie4_ip_i/inst/xdma_0_pcie4_ip_gt_top_i/diablo_gt.diablo_gt_phy_wrapper/gt_wizard.gtwizard_top_i/xdma_0_pcie4_ip_gt_i/inst/gen_gtwizard_gtye4_top.xdma_0_pcie4_ip_gt_gtwizard_gtye4_inst/gen_gtwizard_gtye4.gen_cpll_cal_gtye4.gen_cpll_cal_inst[1].gen_inst_cpll_cal.gtwizard_ultrascale_v1_7_22_gtye4_cpll_cal_inst/gtwizard_ultrascale_v1_7_22_gtye4_cpll_cal_tx_i/U_TXOUTCLK_FREQ_COUNTER/testclk_cnt0__0_n_0
    SLICE_X104Y8         FDCE                                         r  u_pcie_xdma/inst/pcie4_ip_i/inst/xdma_0_pcie4_ip_gt_top_i/diablo_gt.diablo_gt_phy_wrapper/gt_wizard.gtwizard_top_i/xdma_0_pcie4_ip_gt_i/inst/gen_gtwizard_gtye4_top.xdma_0_pcie4_ip_gt_gtwizard_gtye4_inst/gen_gtwizard_gtye4.gen_cpll_cal_gtye4.gen_cpll_cal_inst[1].gen_inst_cpll_cal.gtwizard_ultrascale_v1_7_22_gtye4_cpll_cal_inst/gtwizard_ultrascale_v1_7_22_gtye4_cpll_cal_tx_i/U_TXOUTCLK_FREQ_COUNTER/testclk_cnt_reg[16]/CE
  -------------------------------------------------------------------    -------------------

                         (clock u_pcie_xdma/inst/pcie4_ip_i/inst/xdma_0_pcie4_ip_gt_top_i/diablo_gt.diablo_gt_phy_wrapper/gt_wizard.gtwizard_top_i/xdma_0_pcie4_ip_gt_i/inst/gen_gtwizard_gtye4_top.xdma_0_pcie4_ip_gt_gtwizard_gtye4_inst/gen_gtwizard_gtye4.gen_cpll_cal_gtye4.gen_cpll_cal_inst[1].gen_inst_cpll_cal.gtwizard_ultrascale_v1_7_22_gtye4_cpll_cal_inst/gtwizard_ultrascale_v1_7_22_gtye4_cpll_cal_tx_i/bufg_gt_txoutclkmon_inst/O rise edge)
                                                      8.000     8.000 r  
    BUFG_GT_X0Y21        BUFG_GT                      0.000     8.000 r  u_pcie_xdma/inst/pcie4_ip_i/inst/xdma_0_pcie4_ip_gt_top_i/diablo_gt.diablo_gt_phy_wrapper/gt_wizard.gtwizard_top_i/xdma_0_pcie4_ip_gt_i/inst/gen_gtwizard_gtye4_top.xdma_0_pcie4_ip_gt_gtwizard_gtye4_inst/gen_gtwizard_gtye4.gen_cpll_cal_gtye4.gen_cpll_cal_inst[1].gen_inst_cpll_cal.gtwizard_ultrascale_v1_7_22_gtye4_cpll_cal_inst/gtwizard_ultrascale_v1_7_22_gtye4_cpll_cal_tx_i/bufg_gt_txoutclkmon_inst/O
    X3Y0 (CLOCK_ROOT)    net (fo=31, routed)          0.557     8.557    u_pcie_xdma/inst/pcie4_ip_i/inst/xdma_0_pcie4_ip_gt_top_i/diablo_gt.diablo_gt_phy_wrapper/gt_wizard.gtwizard_top_i/xdma_0_pcie4_ip_gt_i/inst/gen_gtwizard_gtye4_top.xdma_0_pcie4_ip_gt_gtwizard_gtye4_inst/gen_gtwizard_gtye4.gen_cpll_cal_gtye4.gen_cpll_cal_inst[1].gen_inst_cpll_cal.gtwizard_ultrascale_v1_7_22_gtye4_cpll_cal_inst/gtwizard_ultrascale_v1_7_22_gtye4_cpll_cal_tx_i/U_TXOUTCLK_FREQ_COUNTER/txoutclkmon
    SLICE_X104Y8         FDCE                                         r  u_pcie_xdma/inst/pcie4_ip_i/inst/xdma_0_pcie4_ip_gt_top_i/diablo_gt.diablo_gt_phy_wrapper/gt_wizard.gtwizard_top_i/xdma_0_pcie4_ip_gt_i/inst/gen_gtwizard_gtye4_top.xdma_0_pcie4_ip_gt_gtwizard_gtye4_inst/gen_gtwizard_gtye4.gen_cpll_cal_gtye4.gen_cpll_cal_inst[1].gen_inst_cpll_cal.gtwizard_ultrascale_v1_7_22_gtye4_cpll_cal_inst/gtwizard_ultrascale_v1_7_22_gtye4_cpll_cal_tx_i/U_TXOUTCLK_FREQ_COUNTER/testclk_cnt_reg[16]/C
                         clock pessimism              0.063     8.620    
                         clock uncertainty           -0.046     8.574    
    SLICE_X104Y8         FDCE (Setup_AFF_SLICEL_C_CE)
                                                     -0.042     8.532    u_pcie_xdma/inst/pcie4_ip_i/inst/xdma_0_pcie4_ip_gt_top_i/diablo_gt.diablo_gt_phy_wrapper/gt_wizard.gtwizard_top_i/xdma_0_pcie4_ip_gt_i/inst/gen_gtwizard_gtye4_top.xdma_0_pcie4_ip_gt_gtwizard_gtye4_inst/gen_gtwizard_gtye4.gen_cpll_cal_gtye4.gen_cpll_cal_inst[1].gen_inst_cpll_cal.gtwizard_ultrascale_v1_7_22_gtye4_cpll_cal_inst/gtwizard_ultrascale_v1_7_22_gtye4_cpll_cal_tx_i/U_TXOUTCLK_FREQ_COUNTER/testclk_cnt_reg[16]
  -------------------------------------------------------------------
                         required time                          8.532    
                         arrival time                          -1.637    
  -------------------------------------------------------------------
                         slack                                  6.895    





Min Delay Paths
--------------------------------------------------------------------------------------
Slack (MET) :             0.060ns  (arrival time - required time)
  Source:                 u_pcie_xdma/inst/pcie4_ip_i/inst/xdma_0_pcie4_ip_gt_top_i/diablo_gt.diablo_gt_phy_wrapper/gt_wizard.gtwizard_top_i/xdma_0_pcie4_ip_gt_i/inst/gen_gtwizard_gtye4_top.xdma_0_pcie4_ip_gt_gtwizard_gtye4_inst/gen_gtwizard_gtye4.gen_cpll_cal_gtye4.gen_cpll_cal_inst[1].gen_inst_cpll_cal.gtwizard_ultrascale_v1_7_22_gtye4_cpll_cal_inst/gtwizard_ultrascale_v1_7_22_gtye4_cpll_cal_tx_i/U_TXOUTCLK_FREQ_COUNTER/testclk_cnt_reg[17]/C
                            (rising edge-triggered cell FDCE clocked by u_pcie_xdma/inst/pcie4_ip_i/inst/xdma_0_pcie4_ip_gt_top_i/diablo_gt.diablo_gt_phy_wrapper/gt_wizard.gtwizard_top_i/xdma_0_pcie4_ip_gt_i/inst/gen_gtwizard_gtye4_top.xdma_0_pcie4_ip_gt_gtwizard_gtye4_inst/gen_gtwizard_gtye4.gen_cpll_cal_gtye4.gen_cpll_cal_inst[1].gen_inst_cpll_cal.gtwizard_ultrascale_v1_7_22_gtye4_cpll_cal_inst/gtwizard_ultrascale_v1_7_22_gtye4_cpll_cal_tx_i/bufg_gt_txoutclkmon_inst/O  {rise@0.000ns fall@4.000ns period=8.000ns})
  Destination:            u_pcie_xdma/inst/pcie4_ip_i/inst/xdma_0_pcie4_ip_gt_top_i/diablo_gt.diablo_gt_phy_wrapper/gt_wizard.gtwizard_top_i/xdma_0_pcie4_ip_gt_i/inst/gen_gtwizard_gtye4_top.xdma_0_pcie4_ip_gt_gtwizard_gtye4_inst/gen_gtwizard_gtye4.gen_cpll_cal_gtye4.gen_cpll_cal_inst[1].gen_inst_cpll_cal.gtwizard_ultrascale_v1_7_22_gtye4_cpll_cal_inst/gtwizard_ultrascale_v1_7_22_gtye4_cpll_cal_tx_i/U_TXOUTCLK_FREQ_COUNTER/testclk_cnt_reg[17]/D
                            (rising edge-triggered cell FDCE clocked by u_pcie_xdma/inst/pcie4_ip_i/inst/xdma_0_pcie4_ip_gt_top_i/diablo_gt.diablo_gt_phy_wrapper/gt_wizard.gtwizard_top_i/xdma_0_pcie4_ip_gt_i/inst/gen_gtwizard_gtye4_top.xdma_0_pcie4_ip_gt_gtwizard_gtye4_inst/gen_gtwizard_gtye4.gen_cpll_cal_gtye4.gen_cpll_cal_inst[1].gen_inst_cpll_cal.gtwizard_ultrascale_v1_7_22_gtye4_cpll_cal_inst/gtwizard_ultrascale_v1_7_22_gtye4_cpll_cal_tx_i/bufg_gt_txoutclkmon_inst/O  {rise@0.000ns fall@4.000ns period=8.000ns})
  Path Group:             u_pcie_xdma/inst/pcie4_ip_i/inst/xdma_0_pcie4_ip_gt_top_i/diablo_gt.diablo_gt_phy_wrapper/gt_wizard.gtwizard_top_i/xdma_0_pcie4_ip_gt_i/inst/gen_gtwizard_gtye4_top.xdma_0_pcie4_ip_gt_gtwizard_gtye4_inst/gen_gtwizard_gtye4.gen_cpll_cal_gtye4.gen_cpll_cal_inst[1].gen_inst_cpll_cal.gtwizard_ultrascale_v1_7_22_gtye4_cpll_cal_inst/gtwizard_ultrascale_v1_7_22_gtye4_cpll_cal_tx_i/bufg_gt_txoutclkmon_inst/O
  Path Type:              Hold (Min at Fast Process Corner)
  Requirement:            0.000ns  (u_pcie_xdma/inst/pcie4_ip_i/inst/xdma_0_pcie4_ip_gt_top_i/diablo_gt.diablo_gt_phy_wrapper/gt_wizard.gtwizard_top_i/xdma_0_pcie4_ip_gt_i/inst/gen_gtwizard_gtye4_top.xdma_0_pcie4_ip_gt_gtwizard_gtye4_inst/gen_gtwizard_gtye4.gen_cpll_cal_gtye4.gen_cpll_cal_inst[1].gen_inst_cpll_cal.gtwizard_ultrascale_v1_7_22_gtye4_cpll_cal_inst/gtwizard_ultrascale_v1_7_22_gtye4_cpll_cal_tx_i/bufg_gt_txoutclkmon_inst/O rise@0.000ns - u_pcie_xdma/inst/pcie4_ip_i/inst/xdma_0_pcie4_ip_gt_top_i/diablo_gt.diablo_gt_phy_wrapper/gt_wizard.gtwizard_top_i/xdma_0_pcie4_ip_gt_i/inst/gen_gtwizard_gtye4_top.xdma_0_pcie4_ip_gt_gtwizard_gtye4_inst/gen_gtwizard_gtye4.gen_cpll_cal_gtye4.gen_cpll_cal_inst[1].gen_inst_cpll_cal.gtwizard_ultrascale_v1_7_22_gtye4_cpll_cal_inst/gtwizard_ultrascale_v1_7_22_gtye4_cpll_cal_tx_i/bufg_gt_txoutclkmon_inst/O rise@0.000ns)
  Data Path Delay:        0.112ns  (logic 0.056ns (50.142%)  route 0.056ns (49.858%))
  Logic Levels:           1  (CARRY8=1)
  Clock Path Skew:        0.006ns (DCD - SCD - CPR)
    Destination Clock Delay (DCD):    0.377ns
    Source Clock Delay      (SCD):    0.328ns
    Clock Pessimism Removal (CPR):    0.043ns
  Clock Net Delay (Source):      0.328ns (routing 0.001ns, distribution 0.327ns)
  Clock Net Delay (Destination): 0.377ns (routing 0.001ns, distribution 0.376ns)

    Location             Delay type                Incr(ns)  Path(ns)    Netlist Resource(s)
  -------------------------------------------------------------------    -------------------
                         (clock u_pcie_xdma/inst/pcie4_ip_i/inst/xdma_0_pcie4_ip_gt_top_i/diablo_gt.diablo_gt_phy_wrapper/gt_wizard.gtwizard_top_i/xdma_0_pcie4_ip_gt_i/inst/gen_gtwizard_gtye4_top.xdma_0_pcie4_ip_gt_gtwizard_gtye4_inst/gen_gtwizard_gtye4.gen_cpll_cal_gtye4.gen_cpll_cal_inst[1].gen_inst_cpll_cal.gtwizard_ultrascale_v1_7_22_gtye4_cpll_cal_inst/gtwizard_ultrascale_v1_7_22_gtye4_cpll_cal_tx_i/bufg_gt_txoutclkmon_inst/O rise edge)
                                                      0.000     0.000 r  
    BUFG_GT_X0Y21        BUFG_GT                      0.000     0.000 r  u_pcie_xdma/inst/pcie4_ip_i/inst/xdma_0_pcie4_ip_gt_top_i/diablo_gt.diablo_gt_phy_wrapper/gt_wizard.gtwizard_top_i/xdma_0_pcie4_ip_gt_i/inst/gen_gtwizard_gtye4_top.xdma_0_pcie4_ip_gt_gtwizard_gtye4_inst/gen_gtwizard_gtye4.gen_cpll_cal_gtye4.gen_cpll_cal_inst[1].gen_inst_cpll_cal.gtwizard_ultrascale_v1_7_22_gtye4_cpll_cal_inst/gtwizard_ultrascale_v1_7_22_gtye4_cpll_cal_tx_i/bufg_gt_txoutclkmon_inst/O
    X3Y0 (CLOCK_ROOT)    net (fo=31, routed)          0.328     0.328    u_pcie_xdma/inst/pcie4_ip_i/inst/xdma_0_pcie4_ip_gt_top_i/diablo_gt.diablo_gt_phy_wrapper/gt_wizard.gtwizard_top_i/xdma_0_pcie4_ip_gt_i/inst/gen_gtwizard_gtye4_top.xdma_0_pcie4_ip_gt_gtwizard_gtye4_inst/gen_gtwizard_gtye4.gen_cpll_cal_gtye4.gen_cpll_cal_inst[1].gen_inst_cpll_cal.gtwizard_ultrascale_v1_7_22_gtye4_cpll_cal_inst/gtwizard_ultrascale_v1_7_22_gtye4_cpll_cal_tx_i/U_TXOUTCLK_FREQ_COUNTER/txoutclkmon
    SLICE_X104Y8         FDCE                                         r  u_pcie_xdma/inst/pcie4_ip_i/inst/xdma_0_pcie4_ip_gt_top_i/diablo_gt.diablo_gt_phy_wrapper/gt_wizard.gtwizard_top_i/xdma_0_pcie4_ip_gt_i/inst/gen_gtwizard_gtye4_top.xdma_0_pcie4_ip_gt_gtwizard_gtye4_inst/gen_gtwizard_gtye4.gen_cpll_cal_gtye4.gen_cpll_cal_inst[1].gen_inst_cpll_cal.gtwizard_ultrascale_v1_7_22_gtye4_cpll_cal_inst/gtwizard_ultrascale_v1_7_22_gtye4_cpll_cal_tx_i/U_TXOUTCLK_FREQ_COUNTER/testclk_cnt_reg[17]/C
  -------------------------------------------------------------------    -------------------
    SLICE_X104Y8         FDCE (Prop_BFF_SLICEL_C_Q)
                                                      0.039     0.367 r  u_pcie_xdma/inst/pcie4_ip_i/inst/xdma_0_pcie4_ip_gt_top_i/diablo_gt.diablo_gt_phy_wrapper/gt_wizard.gtwizard_top_i/xdma_0_pcie4_ip_gt_i/inst/gen_gtwizard_gtye4_top.xdma_0_pcie4_ip_gt_gtwizard_gtye4_inst/gen_gtwizard_gtye4.gen_cpll_cal_gtye4.gen_cpll_cal_inst[1].gen_inst_cpll_cal.gtwizard_ultrascale_v1_7_22_gtye4_cpll_cal_inst/gtwizard_ultrascale_v1_7_22_gtye4_cpll_cal_tx_i/U_TXOUTCLK_FREQ_COUNTER/testclk_cnt_reg[17]/Q
                         net (fo=2, routed)           0.049     0.416    u_pcie_xdma/inst/pcie4_ip_i/inst/xdma_0_pcie4_ip_gt_top_i/diablo_gt.diablo_gt_phy_wrapper/gt_wizard.gtwizard_top_i/xdma_0_pcie4_ip_gt_i/inst/gen_gtwizard_gtye4_top.xdma_0_pcie4_ip_gt_gtwizard_gtye4_inst/gen_gtwizard_gtye4.gen_cpll_cal_gtye4.gen_cpll_cal_inst[1].gen_inst_cpll_cal.gtwizard_ultrascale_v1_7_22_gtye4_cpll_cal_inst/gtwizard_ultrascale_v1_7_22_gtye4_cpll_cal_tx_i/U_TXOUTCLK_FREQ_COUNTER/testclk_cnt_reg[17]
    SLICE_X104Y8         CARRY8 (Prop_CARRY8_SLICEL_S[1]_O[1])
                                                      0.017     0.433 r  u_pcie_xdma/inst/pcie4_ip_i/inst/xdma_0_pcie4_ip_gt_top_i/diablo_gt.diablo_gt_phy_wrapper/gt_wizard.gtwizard_top_i/xdma_0_pcie4_ip_gt_i/inst/gen_gtwizard_gtye4_top.xdma_0_pcie4_ip_gt_gtwizard_gtye4_inst/gen_gtwizard_gtye4.gen_cpll_cal_gtye4.gen_cpll_cal_inst[1].gen_inst_cpll_cal.gtwizard_ultrascale_v1_7_22_gtye4_cpll_cal_inst/gtwizard_ultrascale_v1_7_22_gtye4_cpll_cal_tx_i/U_TXOUTCLK_FREQ_COUNTER/testclk_cnt_reg[16]_i_1__0/O[1]
                         net (fo=1, routed)           0.007     0.440    u_pcie_xdma/inst/pcie4_ip_i/inst/xdma_0_pcie4_ip_gt_top_i/diablo_gt.diablo_gt_phy_wrapper/gt_wizard.gtwizard_top_i/xdma_0_pcie4_ip_gt_i/inst/gen_gtwizard_gtye4_top.xdma_0_pcie4_ip_gt_gtwizard_gtye4_inst/gen_gtwizard_gtye4.gen_cpll_cal_gtye4.gen_cpll_cal_inst[1].gen_inst_cpll_cal.gtwizard_ultrascale_v1_7_22_gtye4_cpll_cal_inst/gtwizard_ultrascale_v1_7_22_gtye4_cpll_cal_tx_i/U_TXOUTCLK_FREQ_COUNTER/testclk_cnt_reg[16]_i_1__0_n_14
    SLICE_X104Y8         FDCE                                         r  u_pcie_xdma/inst/pcie4_ip_i/inst/xdma_0_pcie4_ip_gt_top_i/diablo_gt.diablo_gt_phy_wrapper/gt_wizard.gtwizard_top_i/xdma_0_pcie4_ip_gt_i/inst/gen_gtwizard_gtye4_top.xdma_0_pcie4_ip_gt_gtwizard_gtye4_inst/gen_gtwizard_gtye4.gen_cpll_cal_gtye4.gen_cpll_cal_inst[1].gen_inst_cpll_cal.gtwizard_ultrascale_v1_7_22_gtye4_cpll_cal_inst/gtwizard_ultrascale_v1_7_22_gtye4_cpll_cal_tx_i/U_TXOUTCLK_FREQ_COUNTER/testclk_cnt_reg[17]/D
  -------------------------------------------------------------------    -------------------

                         (clock u_pcie_xdma/inst/pcie4_ip_i/inst/xdma_0_pcie4_ip_gt_top_i/diablo_gt.diablo_gt_phy_wrapper/gt_wizard.gtwizard_top_i/xdma_0_pcie4_ip_gt_i/inst/gen_gtwizard_gtye4_top.xdma_0_pcie4_ip_gt_gtwizard_gtye4_inst/gen_gtwizard_gtye4.gen_cpll_cal_gtye4.gen_cpll_cal_inst[1].gen_inst_cpll_cal.gtwizard_ultrascale_v1_7_22_gtye4_cpll_cal_inst/gtwizard_ultrascale_v1_7_22_gtye4_cpll_cal_tx_i/bufg_gt_txoutclkmon_inst/O rise edge)
                                                      0.000     0.000 r  
    BUFG_GT_X0Y21        BUFG_GT                      0.000     0.000 r  u_pcie_xdma/inst/pcie4_ip_i/inst/xdma_0_pcie4_ip_gt_top_i/diablo_gt.diablo_gt_phy_wrapper/gt_wizard.gtwizard_top_i/xdma_0_pcie4_ip_gt_i/inst/gen_gtwizard_gtye4_top.xdma_0_pcie4_ip_gt_gtwizard_gtye4_inst/gen_gtwizard_gtye4.gen_cpll_cal_gtye4.gen_cpll_cal_inst[1].gen_inst_cpll_cal.gtwizard_ultrascale_v1_7_22_gtye4_cpll_cal_inst/gtwizard_ultrascale_v1_7_22_gtye4_cpll_cal_tx_i/bufg_gt_txoutclkmon_inst/O
    X3Y0 (CLOCK_ROOT)    net (fo=31, routed)          0.377     0.377    u_pcie_xdma/inst/pcie4_ip_i/inst/xdma_0_pcie4_ip_gt_top_i/diablo_gt.diablo_gt_phy_wrapper/gt_wizard.gtwizard_top_i/xdma_0_pcie4_ip_gt_i/inst/gen_gtwizard_gtye4_top.xdma_0_pcie4_ip_gt_gtwizard_gtye4_inst/gen_gtwizard_gtye4.gen_cpll_cal_gtye4.gen_cpll_cal_inst[1].gen_inst_cpll_cal.gtwizard_ultrascale_v1_7_22_gtye4_cpll_cal_inst/gtwizard_ultrascale_v1_7_22_gtye4_cpll_cal_tx_i/U_TXOUTCLK_FREQ_COUNTER/txoutclkmon
    SLICE_X104Y8         FDCE                                         r  u_pcie_xdma/inst/pcie4_ip_i/inst/xdma_0_pcie4_ip_gt_top_i/diablo_gt.diablo_gt_phy_wrapper/gt_wizard.gtwizard_top_i/xdma_0_pcie4_ip_gt_i/inst/gen_gtwizard_gtye4_top.xdma_0_pcie4_ip_gt_gtwizard_gtye4_inst/gen_gtwizard_gtye4.gen_cpll_cal_gtye4.gen_cpll_cal_inst[1].gen_inst_cpll_cal.gtwizard_ultrascale_v1_7_22_gtye4_cpll_cal_inst/gtwizard_ultrascale_v1_7_22_gtye4_cpll_cal_tx_i/U_TXOUTCLK_FREQ_COUNTER/testclk_cnt_reg[17]/C
                         clock pessimism             -0.043     0.334    
    SLICE_X104Y8         FDCE (Hold_BFF_SLICEL_C_D)
                                                      0.046     0.380    u_pcie_xdma/inst/pcie4_ip_i/inst/xdma_0_pcie4_ip_gt_top_i/diablo_gt.diablo_gt_phy_wrapper/gt_wizard.gtwizard_top_i/xdma_0_pcie4_ip_gt_i/inst/gen_gtwizard_gtye4_top.xdma_0_pcie4_ip_gt_gtwizard_gtye4_inst/gen_gtwizard_gtye4.gen_cpll_cal_gtye4.gen_cpll_cal_inst[1].gen_inst_cpll_cal.gtwizard_ultrascale_v1_7_22_gtye4_cpll_cal_inst/gtwizard_ultrascale_v1_7_22_gtye4_cpll_cal_tx_i/U_TXOUTCLK_FREQ_COUNTER/testclk_cnt_reg[17]
  -------------------------------------------------------------------
                         required time                         -0.380    
                         arrival time                           0.440    
  -------------------------------------------------------------------
                         slack                                  0.060    





Pulse Width Checks
--------------------------------------------------------------------------------------
Clock Name:         u_pcie_xdma/inst/pcie4_ip_i/inst/xdma_0_pcie4_ip_gt_top_i/diablo_gt.diablo_gt_phy_wrapper/gt_wizard.gtwizard_top_i/xdma_0_pcie4_ip_gt_i/inst/gen_gtwizard_gtye4_top.xdma_0_pcie4_ip_gt_gtwizard_gtye4_inst/gen_gtwizard_gtye4.gen_cpll_cal_gtye4.gen_cpll_cal_inst[1].gen_inst_cpll_cal.gtwizard_ultrascale_v1_7_22_gtye4_cpll_cal_inst/gtwizard_ultrascale_v1_7_22_gtye4_cpll_cal_tx_i/bufg_gt_txoutclkmon_inst/O
Waveform(ns):       { 0.000 4.000 }
Period(ns):         8.000
Sources:            { u_pcie_xdma/inst/pcie4_ip_i/inst/xdma_0_pcie4_ip_gt_top_i/diablo_gt.diablo_gt_phy_wrapper/gt_wizard.gtwizard_top_i/xdma_0_pcie4_ip_gt_i/inst/gen_gtwizard_gtye4_top.xdma_0_pcie4_ip_gt_gtwizard_gtye4_inst/gen_gtwizard_gtye4.gen_cpll_cal_gtye4.gen_cpll_cal_inst[1].gen_inst_cpll_cal.gtwizard_ultrascale_v1_7_22_gtye4_cpll_cal_inst/gtwizard_ultrascale_v1_7_22_gtye4_cpll_cal_tx_i/bufg_gt_txoutclkmon_inst/O }

Check Type        Corner  Lib Pin  Reference Pin  Required(ns)  Actual(ns)  Slack(ns)  Location      Pin
Min Period        n/a     FDCE/C   n/a            0.550         8.000       7.450      SLICE_X104Y6  u_pcie_xdma/inst/pcie4_ip_i/inst/xdma_0_pcie4_ip_gt_top_i/diablo_gt.diablo_gt_phy_wrapper/gt_wizard.gtwizard_top_i/xdma_0_pcie4_ip_gt_i/inst/gen_gtwizard_gtye4_top.xdma_0_pcie4_ip_gt_gtwizard_gtye4_inst/gen_gtwizard_gtye4.gen_cpll_cal_gtye4.gen_cpll_cal_inst[1].gen_inst_cpll_cal.gtwizard_ultrascale_v1_7_22_gtye4_cpll_cal_inst/gtwizard_ultrascale_v1_7_22_gtye4_cpll_cal_tx_i/U_TXOUTCLK_FREQ_COUNTER/testclk_cnt_reg[0]/C
Low Pulse Width   Slow    FDCE/C   n/a            0.275         4.000       3.725      SLICE_X104Y6  u_pcie_xdma/inst/pcie4_ip_i/inst/xdma_0_pcie4_ip_gt_top_i/diablo_gt.diablo_gt_phy_wrapper/gt_wizard.gtwizard_top_i/xdma_0_pcie4_ip_gt_i/inst/gen_gtwizard_gtye4_top.xdma_0_pcie4_ip_gt_gtwizard_gtye4_inst/gen_gtwizard_gtye4.gen_cpll_cal_gtye4.gen_cpll_cal_inst[1].gen_inst_cpll_cal.gtwizard_ultrascale_v1_7_22_gtye4_cpll_cal_inst/gtwizard_ultrascale_v1_7_22_gtye4_cpll_cal_tx_i/U_TXOUTCLK_FREQ_COUNTER/testclk_cnt_reg[0]/C
High Pulse Width  Slow    FDCE/C   n/a            0.275         4.000       3.725      SLICE_X104Y6  u_pcie_xdma/inst/pcie4_ip_i/inst/xdma_0_pcie4_ip_gt_top_i/diablo_gt.diablo_gt_phy_wrapper/gt_wizard.gtwizard_top_i/xdma_0_pcie4_ip_gt_i/inst/gen_gtwizard_gtye4_top.xdma_0_pcie4_ip_gt_gtwizard_gtye4_inst/gen_gtwizard_gtye4.gen_cpll_cal_gtye4.gen_cpll_cal_inst[1].gen_inst_cpll_cal.gtwizard_ultrascale_v1_7_22_gtye4_cpll_cal_inst/gtwizard_ultrascale_v1_7_22_gtye4_cpll_cal_tx_i/U_TXOUTCLK_FREQ_COUNTER/testclk_cnt_reg[0]/C



---------------------------------------------------------------------------------------------------
From Clock:  u_pcie_xdma/inst/pcie4_ip_i/inst/xdma_0_pcie4_ip_gt_top_i/diablo_gt.diablo_gt_phy_wrapper/gt_wizard.gtwizard_top_i/xdma_0_pcie4_ip_gt_i/inst/gen_gtwizard_gtye4_top.xdma_0_pcie4_ip_gt_gtwizard_gtye4_inst/gen_gtwizard_gtye4.gen_cpll_cal_gtye4.gen_cpll_cal_inst[2].gen_inst_cpll_cal.gtwizard_ultrascale_v1_7_22_gtye4_cpll_cal_inst/gtwizard_ultrascale_v1_7_22_gtye4_cpll_cal_tx_i/bufg_gt_txoutclkmon_inst/O
  To Clock:  u_pcie_xdma/inst/pcie4_ip_i/inst/xdma_0_pcie4_ip_gt_top_i/diablo_gt.diablo_gt_phy_wrapper/gt_wizard.gtwizard_top_i/xdma_0_pcie4_ip_gt_i/inst/gen_gtwizard_gtye4_top.xdma_0_pcie4_ip_gt_gtwizard_gtye4_inst/gen_gtwizard_gtye4.gen_cpll_cal_gtye4.gen_cpll_cal_inst[2].gen_inst_cpll_cal.gtwizard_ultrascale_v1_7_22_gtye4_cpll_cal_inst/gtwizard_ultrascale_v1_7_22_gtye4_cpll_cal_tx_i/bufg_gt_txoutclkmon_inst/O

Setup :            0  Failing Endpoints,  Worst Slack        6.469ns,  Total Violation        0.000ns
Hold  :            0  Failing Endpoints,  Worst Slack        0.060ns,  Total Violation        0.000ns
PW    :            0  Failing Endpoints,  Worst Slack        3.725ns,  Total Violation        0.000ns
---------------------------------------------------------------------------------------------------


Max Delay Paths
--------------------------------------------------------------------------------------
Slack (MET) :             6.469ns  (required time - arrival time)
  Source:                 u_pcie_xdma/inst/pcie4_ip_i/inst/xdma_0_pcie4_ip_gt_top_i/diablo_gt.diablo_gt_phy_wrapper/gt_wizard.gtwizard_top_i/xdma_0_pcie4_ip_gt_i/inst/gen_gtwizard_gtye4_top.xdma_0_pcie4_ip_gt_gtwizard_gtye4_inst/gen_gtwizard_gtye4.gen_cpll_cal_gtye4.gen_cpll_cal_inst[2].gen_inst_cpll_cal.gtwizard_ultrascale_v1_7_22_gtye4_cpll_cal_inst/gtwizard_ultrascale_v1_7_22_gtye4_cpll_cal_tx_i/U_TXOUTCLK_FREQ_COUNTER/testclk_div4_reg[0]/C
                            (rising edge-triggered cell FDSE clocked by u_pcie_xdma/inst/pcie4_ip_i/inst/xdma_0_pcie4_ip_gt_top_i/diablo_gt.diablo_gt_phy_wrapper/gt_wizard.gtwizard_top_i/xdma_0_pcie4_ip_gt_i/inst/gen_gtwizard_gtye4_top.xdma_0_pcie4_ip_gt_gtwizard_gtye4_inst/gen_gtwizard_gtye4.gen_cpll_cal_gtye4.gen_cpll_cal_inst[2].gen_inst_cpll_cal.gtwizard_ultrascale_v1_7_22_gtye4_cpll_cal_inst/gtwizard_ultrascale_v1_7_22_gtye4_cpll_cal_tx_i/bufg_gt_txoutclkmon_inst/O  {rise@0.000ns fall@4.000ns period=8.000ns})
  Destination:            u_pcie_xdma/inst/pcie4_ip_i/inst/xdma_0_pcie4_ip_gt_top_i/diablo_gt.diablo_gt_phy_wrapper/gt_wizard.gtwizard_top_i/xdma_0_pcie4_ip_gt_i/inst/gen_gtwizard_gtye4_top.xdma_0_pcie4_ip_gt_gtwizard_gtye4_inst/gen_gtwizard_gtye4.gen_cpll_cal_gtye4.gen_cpll_cal_inst[2].gen_inst_cpll_cal.gtwizard_ultrascale_v1_7_22_gtye4_cpll_cal_inst/gtwizard_ultrascale_v1_7_22_gtye4_cpll_cal_tx_i/U_TXOUTCLK_FREQ_COUNTER/testclk_cnt_reg[0]/CE
                            (rising edge-triggered cell FDCE clocked by u_pcie_xdma/inst/pcie4_ip_i/inst/xdma_0_pcie4_ip_gt_top_i/diablo_gt.diablo_gt_phy_wrapper/gt_wizard.gtwizard_top_i/xdma_0_pcie4_ip_gt_i/inst/gen_gtwizard_gtye4_top.xdma_0_pcie4_ip_gt_gtwizard_gtye4_inst/gen_gtwizard_gtye4.gen_cpll_cal_gtye4.gen_cpll_cal_inst[2].gen_inst_cpll_cal.gtwizard_ultrascale_v1_7_22_gtye4_cpll_cal_inst/gtwizard_ultrascale_v1_7_22_gtye4_cpll_cal_tx_i/bufg_gt_txoutclkmon_inst/O  {rise@0.000ns fall@4.000ns period=8.000ns})
  Path Group:             u_pcie_xdma/inst/pcie4_ip_i/inst/xdma_0_pcie4_ip_gt_top_i/diablo_gt.diablo_gt_phy_wrapper/gt_wizard.gtwizard_top_i/xdma_0_pcie4_ip_gt_i/inst/gen_gtwizard_gtye4_top.xdma_0_pcie4_ip_gt_gtwizard_gtye4_inst/gen_gtwizard_gtye4.gen_cpll_cal_gtye4.gen_cpll_cal_inst[2].gen_inst_cpll_cal.gtwizard_ultrascale_v1_7_22_gtye4_cpll_cal_inst/gtwizard_ultrascale_v1_7_22_gtye4_cpll_cal_tx_i/bufg_gt_txoutclkmon_inst/O
  Path Type:              Setup (Max at Slow Process Corner)
  Requirement:            8.000ns  (u_pcie_xdma/inst/pcie4_ip_i/inst/xdma_0_pcie4_ip_gt_top_i/diablo_gt.diablo_gt_phy_wrapper/gt_wizard.gtwizard_top_i/xdma_0_pcie4_ip_gt_i/inst/gen_gtwizard_gtye4_top.xdma_0_pcie4_ip_gt_gtwizard_gtye4_inst/gen_gtwizard_gtye4.gen_cpll_cal_gtye4.gen_cpll_cal_inst[2].gen_inst_cpll_cal.gtwizard_ultrascale_v1_7_22_gtye4_cpll_cal_inst/gtwizard_ultrascale_v1_7_22_gtye4_cpll_cal_tx_i/bufg_gt_txoutclkmon_inst/O rise@8.000ns - u_pcie_xdma/inst/pcie4_ip_i/inst/xdma_0_pcie4_ip_gt_top_i/diablo_gt.diablo_gt_phy_wrapper/gt_wizard.gtwizard_top_i/xdma_0_pcie4_ip_gt_i/inst/gen_gtwizard_gtye4_top.xdma_0_pcie4_ip_gt_gtwizard_gtye4_inst/gen_gtwizard_gtye4.gen_cpll_cal_gtye4.gen_cpll_cal_inst[2].gen_inst_cpll_cal.gtwizard_ultrascale_v1_7_22_gtye4_cpll_cal_inst/gtwizard_ultrascale_v1_7_22_gtye4_cpll_cal_tx_i/bufg_gt_txoutclkmon_inst/O rise@0.000ns)
  Data Path Delay:        1.391ns  (logic 0.275ns (19.768%)  route 1.116ns (80.232%))
  Logic Levels:           1  (LUT5=1)
  Clock Path Skew:        -0.051ns (DCD - SCD + CPR)
    Destination Clock Delay (DCD):    0.560ns = ( 8.560 - 8.000 ) 
    Source Clock Delay      (SCD):    0.674ns
    Clock Pessimism Removal (CPR):    0.063ns
  Clock Uncertainty:      0.046ns  ((TSJ^2 + DJ^2)^1/2) / 2 + PE
    Total System Jitter     (TSJ):    0.071ns
    Discrete Jitter          (DJ):    0.060ns
    Phase Error              (PE):    0.000ns
  Clock Net Delay (Source):      0.674ns (routing 0.002ns, distribution 0.672ns)
  Clock Net Delay (Destination): 0.560ns (routing 0.001ns, distribution 0.559ns)

    Location             Delay type                Incr(ns)  Path(ns)    Netlist Resource(s)
  -------------------------------------------------------------------    -------------------
                         (clock u_pcie_xdma/inst/pcie4_ip_i/inst/xdma_0_pcie4_ip_gt_top_i/diablo_gt.diablo_gt_phy_wrapper/gt_wizard.gtwizard_top_i/xdma_0_pcie4_ip_gt_i/inst/gen_gtwizard_gtye4_top.xdma_0_pcie4_ip_gt_gtwizard_gtye4_inst/gen_gtwizard_gtye4.gen_cpll_cal_gtye4.gen_cpll_cal_inst[2].gen_inst_cpll_cal.gtwizard_ultrascale_v1_7_22_gtye4_cpll_cal_inst/gtwizard_ultrascale_v1_7_22_gtye4_cpll_cal_tx_i/bufg_gt_txoutclkmon_inst/O rise edge)
                                                      0.000     0.000 r  
    BUFG_GT_X0Y20        BUFG_GT                      0.000     0.000 r  u_pcie_xdma/inst/pcie4_ip_i/inst/xdma_0_pcie4_ip_gt_top_i/diablo_gt.diablo_gt_phy_wrapper/gt_wizard.gtwizard_top_i/xdma_0_pcie4_ip_gt_i/inst/gen_gtwizard_gtye4_top.xdma_0_pcie4_ip_gt_gtwizard_gtye4_inst/gen_gtwizard_gtye4.gen_cpll_cal_gtye4.gen_cpll_cal_inst[2].gen_inst_cpll_cal.gtwizard_ultrascale_v1_7_22_gtye4_cpll_cal_inst/gtwizard_ultrascale_v1_7_22_gtye4_cpll_cal_tx_i/bufg_gt_txoutclkmon_inst/O
    X3Y0 (CLOCK_ROOT)    net (fo=31, routed)          0.674     0.674    u_pcie_xdma/inst/pcie4_ip_i/inst/xdma_0_pcie4_ip_gt_top_i/diablo_gt.diablo_gt_phy_wrapper/gt_wizard.gtwizard_top_i/xdma_0_pcie4_ip_gt_i/inst/gen_gtwizard_gtye4_top.xdma_0_pcie4_ip_gt_gtwizard_gtye4_inst/gen_gtwizard_gtye4.gen_cpll_cal_gtye4.gen_cpll_cal_inst[2].gen_inst_cpll_cal.gtwizard_ultrascale_v1_7_22_gtye4_cpll_cal_inst/gtwizard_ultrascale_v1_7_22_gtye4_cpll_cal_tx_i/U_TXOUTCLK_FREQ_COUNTER/txoutclkmon
    SLICE_X104Y15        FDSE                                         r  u_pcie_xdma/inst/pcie4_ip_i/inst/xdma_0_pcie4_ip_gt_top_i/diablo_gt.diablo_gt_phy_wrapper/gt_wizard.gtwizard_top_i/xdma_0_pcie4_ip_gt_i/inst/gen_gtwizard_gtye4_top.xdma_0_pcie4_ip_gt_gtwizard_gtye4_inst/gen_gtwizard_gtye4.gen_cpll_cal_gtye4.gen_cpll_cal_inst[2].gen_inst_cpll_cal.gtwizard_ultrascale_v1_7_22_gtye4_cpll_cal_inst/gtwizard_ultrascale_v1_7_22_gtye4_cpll_cal_tx_i/U_TXOUTCLK_FREQ_COUNTER/testclk_div4_reg[0]/C
  -------------------------------------------------------------------    -------------------
    SLICE_X104Y15        FDSE (Prop_EFF_SLICEL_C_Q)
                                                      0.096     0.770 f  u_pcie_xdma/inst/pcie4_ip_i/inst/xdma_0_pcie4_ip_gt_top_i/diablo_gt.diablo_gt_phy_wrapper/gt_wizard.gtwizard_top_i/xdma_0_pcie4_ip_gt_i/inst/gen_gtwizard_gtye4_top.xdma_0_pcie4_ip_gt_gtwizard_gtye4_inst/gen_gtwizard_gtye4.gen_cpll_cal_gtye4.gen_cpll_cal_inst[2].gen_inst_cpll_cal.gtwizard_ultrascale_v1_7_22_gtye4_cpll_cal_inst/gtwizard_ultrascale_v1_7_22_gtye4_cpll_cal_tx_i/U_TXOUTCLK_FREQ_COUNTER/testclk_div4_reg[0]/Q
                         net (fo=2, routed)           0.132     0.903    u_pcie_xdma/inst/pcie4_ip_i/inst/xdma_0_pcie4_ip_gt_top_i/diablo_gt.diablo_gt_phy_wrapper/gt_wizard.gtwizard_top_i/xdma_0_pcie4_ip_gt_i/inst/gen_gtwizard_gtye4_top.xdma_0_pcie4_ip_gt_gtwizard_gtye4_inst/gen_gtwizard_gtye4.gen_cpll_cal_gtye4.gen_cpll_cal_inst[2].gen_inst_cpll_cal.gtwizard_ultrascale_v1_7_22_gtye4_cpll_cal_inst/gtwizard_ultrascale_v1_7_22_gtye4_cpll_cal_tx_i/U_TXOUTCLK_FREQ_COUNTER/testclk_div4[0]
    SLICE_X104Y15        LUT5 (Prop_H6LUT_SLICEL_I4_O)
                                                      0.179     1.082 r  u_pcie_xdma/inst/pcie4_ip_i/inst/xdma_0_pcie4_ip_gt_top_i/diablo_gt.diablo_gt_phy_wrapper/gt_wizard.gtwizard_top_i/xdma_0_pcie4_ip_gt_i/inst/gen_gtwizard_gtye4_top.xdma_0_pcie4_ip_gt_gtwizard_gtye4_inst/gen_gtwizard_gtye4.gen_cpll_cal_gtye4.gen_cpll_cal_inst[2].gen_inst_cpll_cal.gtwizard_ultrascale_v1_7_22_gtye4_cpll_cal_inst/gtwizard_ultrascale_v1_7_22_gtye4_cpll_cal_tx_i/U_TXOUTCLK_FREQ_COUNTER/testclk_cnt0__1/O
                         net (fo=18, routed)          0.984     2.066    u_pcie_xdma/inst/pcie4_ip_i/inst/xdma_0_pcie4_ip_gt_top_i/diablo_gt.diablo_gt_phy_wrapper/gt_wizard.gtwizard_top_i/xdma_0_pcie4_ip_gt_i/inst/gen_gtwizard_gtye4_top.xdma_0_pcie4_ip_gt_gtwizard_gtye4_inst/gen_gtwizard_gtye4.gen_cpll_cal_gtye4.gen_cpll_cal_inst[2].gen_inst_cpll_cal.gtwizard_ultrascale_v1_7_22_gtye4_cpll_cal_inst/gtwizard_ultrascale_v1_7_22_gtye4_cpll_cal_tx_i/U_TXOUTCLK_FREQ_COUNTER/testclk_cnt0__1_n_0
    SLICE_X104Y13        FDCE                                         r  u_pcie_xdma/inst/pcie4_ip_i/inst/xdma_0_pcie4_ip_gt_top_i/diablo_gt.diablo_gt_phy_wrapper/gt_wizard.gtwizard_top_i/xdma_0_pcie4_ip_gt_i/inst/gen_gtwizard_gtye4_top.xdma_0_pcie4_ip_gt_gtwizard_gtye4_inst/gen_gtwizard_gtye4.gen_cpll_cal_gtye4.gen_cpll_cal_inst[2].gen_inst_cpll_cal.gtwizard_ultrascale_v1_7_22_gtye4_cpll_cal_inst/gtwizard_ultrascale_v1_7_22_gtye4_cpll_cal_tx_i/U_TXOUTCLK_FREQ_COUNTER/testclk_cnt_reg[0]/CE
  -------------------------------------------------------------------    -------------------

                         (clock u_pcie_xdma/inst/pcie4_ip_i/inst/xdma_0_pcie4_ip_gt_top_i/diablo_gt.diablo_gt_phy_wrapper/gt_wizard.gtwizard_top_i/xdma_0_pcie4_ip_gt_i/inst/gen_gtwizard_gtye4_top.xdma_0_pcie4_ip_gt_gtwizard_gtye4_inst/gen_gtwizard_gtye4.gen_cpll_cal_gtye4.gen_cpll_cal_inst[2].gen_inst_cpll_cal.gtwizard_ultrascale_v1_7_22_gtye4_cpll_cal_inst/gtwizard_ultrascale_v1_7_22_gtye4_cpll_cal_tx_i/bufg_gt_txoutclkmon_inst/O rise edge)
                                                      8.000     8.000 r  
    BUFG_GT_X0Y20        BUFG_GT                      0.000     8.000 r  u_pcie_xdma/inst/pcie4_ip_i/inst/xdma_0_pcie4_ip_gt_top_i/diablo_gt.diablo_gt_phy_wrapper/gt_wizard.gtwizard_top_i/xdma_0_pcie4_ip_gt_i/inst/gen_gtwizard_gtye4_top.xdma_0_pcie4_ip_gt_gtwizard_gtye4_inst/gen_gtwizard_gtye4.gen_cpll_cal_gtye4.gen_cpll_cal_inst[2].gen_inst_cpll_cal.gtwizard_ultrascale_v1_7_22_gtye4_cpll_cal_inst/gtwizard_ultrascale_v1_7_22_gtye4_cpll_cal_tx_i/bufg_gt_txoutclkmon_inst/O
    X3Y0 (CLOCK_ROOT)    net (fo=31, routed)          0.560     8.560    u_pcie_xdma/inst/pcie4_ip_i/inst/xdma_0_pcie4_ip_gt_top_i/diablo_gt.diablo_gt_phy_wrapper/gt_wizard.gtwizard_top_i/xdma_0_pcie4_ip_gt_i/inst/gen_gtwizard_gtye4_top.xdma_0_pcie4_ip_gt_gtwizard_gtye4_inst/gen_gtwizard_gtye4.gen_cpll_cal_gtye4.gen_cpll_cal_inst[2].gen_inst_cpll_cal.gtwizard_ultrascale_v1_7_22_gtye4_cpll_cal_inst/gtwizard_ultrascale_v1_7_22_gtye4_cpll_cal_tx_i/U_TXOUTCLK_FREQ_COUNTER/txoutclkmon
    SLICE_X104Y13        FDCE                                         r  u_pcie_xdma/inst/pcie4_ip_i/inst/xdma_0_pcie4_ip_gt_top_i/diablo_gt.diablo_gt_phy_wrapper/gt_wizard.gtwizard_top_i/xdma_0_pcie4_ip_gt_i/inst/gen_gtwizard_gtye4_top.xdma_0_pcie4_ip_gt_gtwizard_gtye4_inst/gen_gtwizard_gtye4.gen_cpll_cal_gtye4.gen_cpll_cal_inst[2].gen_inst_cpll_cal.gtwizard_ultrascale_v1_7_22_gtye4_cpll_cal_inst/gtwizard_ultrascale_v1_7_22_gtye4_cpll_cal_tx_i/U_TXOUTCLK_FREQ_COUNTER/testclk_cnt_reg[0]/C
                         clock pessimism              0.063     8.623    
                         clock uncertainty           -0.046     8.577    
    SLICE_X104Y13        FDCE (Setup_AFF_SLICEL_C_CE)
                                                     -0.042     8.535    u_pcie_xdma/inst/pcie4_ip_i/inst/xdma_0_pcie4_ip_gt_top_i/diablo_gt.diablo_gt_phy_wrapper/gt_wizard.gtwizard_top_i/xdma_0_pcie4_ip_gt_i/inst/gen_gtwizard_gtye4_top.xdma_0_pcie4_ip_gt_gtwizard_gtye4_inst/gen_gtwizard_gtye4.gen_cpll_cal_gtye4.gen_cpll_cal_inst[2].gen_inst_cpll_cal.gtwizard_ultrascale_v1_7_22_gtye4_cpll_cal_inst/gtwizard_ultrascale_v1_7_22_gtye4_cpll_cal_tx_i/U_TXOUTCLK_FREQ_COUNTER/testclk_cnt_reg[0]
  -------------------------------------------------------------------
                         required time                          8.535    
                         arrival time                          -2.066    
  -------------------------------------------------------------------
                         slack                                  6.469    





Min Delay Paths
--------------------------------------------------------------------------------------
Slack (MET) :             0.060ns  (arrival time - required time)
  Source:                 u_pcie_xdma/inst/pcie4_ip_i/inst/xdma_0_pcie4_ip_gt_top_i/diablo_gt.diablo_gt_phy_wrapper/gt_wizard.gtwizard_top_i/xdma_0_pcie4_ip_gt_i/inst/gen_gtwizard_gtye4_top.xdma_0_pcie4_ip_gt_gtwizard_gtye4_inst/gen_gtwizard_gtye4.gen_cpll_cal_gtye4.gen_cpll_cal_inst[2].gen_inst_cpll_cal.gtwizard_ultrascale_v1_7_22_gtye4_cpll_cal_inst/gtwizard_ultrascale_v1_7_22_gtye4_cpll_cal_tx_i/U_TXOUTCLK_FREQ_COUNTER/testclk_cnt_reg[17]/C
                            (rising edge-triggered cell FDCE clocked by u_pcie_xdma/inst/pcie4_ip_i/inst/xdma_0_pcie4_ip_gt_top_i/diablo_gt.diablo_gt_phy_wrapper/gt_wizard.gtwizard_top_i/xdma_0_pcie4_ip_gt_i/inst/gen_gtwizard_gtye4_top.xdma_0_pcie4_ip_gt_gtwizard_gtye4_inst/gen_gtwizard_gtye4.gen_cpll_cal_gtye4.gen_cpll_cal_inst[2].gen_inst_cpll_cal.gtwizard_ultrascale_v1_7_22_gtye4_cpll_cal_inst/gtwizard_ultrascale_v1_7_22_gtye4_cpll_cal_tx_i/bufg_gt_txoutclkmon_inst/O  {rise@0.000ns fall@4.000ns period=8.000ns})
  Destination:            u_pcie_xdma/inst/pcie4_ip_i/inst/xdma_0_pcie4_ip_gt_top_i/diablo_gt.diablo_gt_phy_wrapper/gt_wizard.gtwizard_top_i/xdma_0_pcie4_ip_gt_i/inst/gen_gtwizard_gtye4_top.xdma_0_pcie4_ip_gt_gtwizard_gtye4_inst/gen_gtwizard_gtye4.gen_cpll_cal_gtye4.gen_cpll_cal_inst[2].gen_inst_cpll_cal.gtwizard_ultrascale_v1_7_22_gtye4_cpll_cal_inst/gtwizard_ultrascale_v1_7_22_gtye4_cpll_cal_tx_i/U_TXOUTCLK_FREQ_COUNTER/testclk_cnt_reg[17]/D
                            (rising edge-triggered cell FDCE clocked by u_pcie_xdma/inst/pcie4_ip_i/inst/xdma_0_pcie4_ip_gt_top_i/diablo_gt.diablo_gt_phy_wrapper/gt_wizard.gtwizard_top_i/xdma_0_pcie4_ip_gt_i/inst/gen_gtwizard_gtye4_top.xdma_0_pcie4_ip_gt_gtwizard_gtye4_inst/gen_gtwizard_gtye4.gen_cpll_cal_gtye4.gen_cpll_cal_inst[2].gen_inst_cpll_cal.gtwizard_ultrascale_v1_7_22_gtye4_cpll_cal_inst/gtwizard_ultrascale_v1_7_22_gtye4_cpll_cal_tx_i/bufg_gt_txoutclkmon_inst/O  {rise@0.000ns fall@4.000ns period=8.000ns})
  Path Group:             u_pcie_xdma/inst/pcie4_ip_i/inst/xdma_0_pcie4_ip_gt_top_i/diablo_gt.diablo_gt_phy_wrapper/gt_wizard.gtwizard_top_i/xdma_0_pcie4_ip_gt_i/inst/gen_gtwizard_gtye4_top.xdma_0_pcie4_ip_gt_gtwizard_gtye4_inst/gen_gtwizard_gtye4.gen_cpll_cal_gtye4.gen_cpll_cal_inst[2].gen_inst_cpll_cal.gtwizard_ultrascale_v1_7_22_gtye4_cpll_cal_inst/gtwizard_ultrascale_v1_7_22_gtye4_cpll_cal_tx_i/bufg_gt_txoutclkmon_inst/O
  Path Type:              Hold (Min at Fast Process Corner)
  Requirement:            0.000ns  (u_pcie_xdma/inst/pcie4_ip_i/inst/xdma_0_pcie4_ip_gt_top_i/diablo_gt.diablo_gt_phy_wrapper/gt_wizard.gtwizard_top_i/xdma_0_pcie4_ip_gt_i/inst/gen_gtwizard_gtye4_top.xdma_0_pcie4_ip_gt_gtwizard_gtye4_inst/gen_gtwizard_gtye4.gen_cpll_cal_gtye4.gen_cpll_cal_inst[2].gen_inst_cpll_cal.gtwizard_ultrascale_v1_7_22_gtye4_cpll_cal_inst/gtwizard_ultrascale_v1_7_22_gtye4_cpll_cal_tx_i/bufg_gt_txoutclkmon_inst/O rise@0.000ns - u_pcie_xdma/inst/pcie4_ip_i/inst/xdma_0_pcie4_ip_gt_top_i/diablo_gt.diablo_gt_phy_wrapper/gt_wizard.gtwizard_top_i/xdma_0_pcie4_ip_gt_i/inst/gen_gtwizard_gtye4_top.xdma_0_pcie4_ip_gt_gtwizard_gtye4_inst/gen_gtwizard_gtye4.gen_cpll_cal_gtye4.gen_cpll_cal_inst[2].gen_inst_cpll_cal.gtwizard_ultrascale_v1_7_22_gtye4_cpll_cal_inst/gtwizard_ultrascale_v1_7_22_gtye4_cpll_cal_tx_i/bufg_gt_txoutclkmon_inst/O rise@0.000ns)
  Data Path Delay:        0.112ns  (logic 0.056ns (50.142%)  route 0.056ns (49.858%))
  Logic Levels:           1  (CARRY8=1)
  Clock Path Skew:        0.006ns (DCD - SCD - CPR)
    Destination Clock Delay (DCD):    0.384ns
    Source Clock Delay      (SCD):    0.334ns
    Clock Pessimism Removal (CPR):    0.044ns
  Clock Net Delay (Source):      0.334ns (routing 0.001ns, distribution 0.333ns)
  Clock Net Delay (Destination): 0.384ns (routing 0.001ns, distribution 0.383ns)

    Location             Delay type                Incr(ns)  Path(ns)    Netlist Resource(s)
  -------------------------------------------------------------------    -------------------
                         (clock u_pcie_xdma/inst/pcie4_ip_i/inst/xdma_0_pcie4_ip_gt_top_i/diablo_gt.diablo_gt_phy_wrapper/gt_wizard.gtwizard_top_i/xdma_0_pcie4_ip_gt_i/inst/gen_gtwizard_gtye4_top.xdma_0_pcie4_ip_gt_gtwizard_gtye4_inst/gen_gtwizard_gtye4.gen_cpll_cal_gtye4.gen_cpll_cal_inst[2].gen_inst_cpll_cal.gtwizard_ultrascale_v1_7_22_gtye4_cpll_cal_inst/gtwizard_ultrascale_v1_7_22_gtye4_cpll_cal_tx_i/bufg_gt_txoutclkmon_inst/O rise edge)
                                                      0.000     0.000 r  
    BUFG_GT_X0Y20        BUFG_GT                      0.000     0.000 r  u_pcie_xdma/inst/pcie4_ip_i/inst/xdma_0_pcie4_ip_gt_top_i/diablo_gt.diablo_gt_phy_wrapper/gt_wizard.gtwizard_top_i/xdma_0_pcie4_ip_gt_i/inst/gen_gtwizard_gtye4_top.xdma_0_pcie4_ip_gt_gtwizard_gtye4_inst/gen_gtwizard_gtye4.gen_cpll_cal_gtye4.gen_cpll_cal_inst[2].gen_inst_cpll_cal.gtwizard_ultrascale_v1_7_22_gtye4_cpll_cal_inst/gtwizard_ultrascale_v1_7_22_gtye4_cpll_cal_tx_i/bufg_gt_txoutclkmon_inst/O
    X3Y0 (CLOCK_ROOT)    net (fo=31, routed)          0.334     0.334    u_pcie_xdma/inst/pcie4_ip_i/inst/xdma_0_pcie4_ip_gt_top_i/diablo_gt.diablo_gt_phy_wrapper/gt_wizard.gtwizard_top_i/xdma_0_pcie4_ip_gt_i/inst/gen_gtwizard_gtye4_top.xdma_0_pcie4_ip_gt_gtwizard_gtye4_inst/gen_gtwizard_gtye4.gen_cpll_cal_gtye4.gen_cpll_cal_inst[2].gen_inst_cpll_cal.gtwizard_ultrascale_v1_7_22_gtye4_cpll_cal_inst/gtwizard_ultrascale_v1_7_22_gtye4_cpll_cal_tx_i/U_TXOUTCLK_FREQ_COUNTER/txoutclkmon
    SLICE_X104Y15        FDCE                                         r  u_pcie_xdma/inst/pcie4_ip_i/inst/xdma_0_pcie4_ip_gt_top_i/diablo_gt.diablo_gt_phy_wrapper/gt_wizard.gtwizard_top_i/xdma_0_pcie4_ip_gt_i/inst/gen_gtwizard_gtye4_top.xdma_0_pcie4_ip_gt_gtwizard_gtye4_inst/gen_gtwizard_gtye4.gen_cpll_cal_gtye4.gen_cpll_cal_inst[2].gen_inst_cpll_cal.gtwizard_ultrascale_v1_7_22_gtye4_cpll_cal_inst/gtwizard_ultrascale_v1_7_22_gtye4_cpll_cal_tx_i/U_TXOUTCLK_FREQ_COUNTER/testclk_cnt_reg[17]/C
  -------------------------------------------------------------------    -------------------
    SLICE_X104Y15        FDCE (Prop_BFF_SLICEL_C_Q)
                                                      0.039     0.373 r  u_pcie_xdma/inst/pcie4_ip_i/inst/xdma_0_pcie4_ip_gt_top_i/diablo_gt.diablo_gt_phy_wrapper/gt_wizard.gtwizard_top_i/xdma_0_pcie4_ip_gt_i/inst/gen_gtwizard_gtye4_top.xdma_0_pcie4_ip_gt_gtwizard_gtye4_inst/gen_gtwizard_gtye4.gen_cpll_cal_gtye4.gen_cpll_cal_inst[2].gen_inst_cpll_cal.gtwizard_ultrascale_v1_7_22_gtye4_cpll_cal_inst/gtwizard_ultrascale_v1_7_22_gtye4_cpll_cal_tx_i/U_TXOUTCLK_FREQ_COUNTER/testclk_cnt_reg[17]/Q
                         net (fo=2, routed)           0.049     0.422    u_pcie_xdma/inst/pcie4_ip_i/inst/xdma_0_pcie4_ip_gt_top_i/diablo_gt.diablo_gt_phy_wrapper/gt_wizard.gtwizard_top_i/xdma_0_pcie4_ip_gt_i/inst/gen_gtwizard_gtye4_top.xdma_0_pcie4_ip_gt_gtwizard_gtye4_inst/gen_gtwizard_gtye4.gen_cpll_cal_gtye4.gen_cpll_cal_inst[2].gen_inst_cpll_cal.gtwizard_ultrascale_v1_7_22_gtye4_cpll_cal_inst/gtwizard_ultrascale_v1_7_22_gtye4_cpll_cal_tx_i/U_TXOUTCLK_FREQ_COUNTER/testclk_cnt_reg[17]
    SLICE_X104Y15        CARRY8 (Prop_CARRY8_SLICEL_S[1]_O[1])
                                                      0.017     0.439 r  u_pcie_xdma/inst/pcie4_ip_i/inst/xdma_0_pcie4_ip_gt_top_i/diablo_gt.diablo_gt_phy_wrapper/gt_wizard.gtwizard_top_i/xdma_0_pcie4_ip_gt_i/inst/gen_gtwizard_gtye4_top.xdma_0_pcie4_ip_gt_gtwizard_gtye4_inst/gen_gtwizard_gtye4.gen_cpll_cal_gtye4.gen_cpll_cal_inst[2].gen_inst_cpll_cal.gtwizard_ultrascale_v1_7_22_gtye4_cpll_cal_inst/gtwizard_ultrascale_v1_7_22_gtye4_cpll_cal_tx_i/U_TXOUTCLK_FREQ_COUNTER/testclk_cnt_reg[16]_i_1__1/O[1]
                         net (fo=1, routed)           0.007     0.446    u_pcie_xdma/inst/pcie4_ip_i/inst/xdma_0_pcie4_ip_gt_top_i/diablo_gt.diablo_gt_phy_wrapper/gt_wizard.gtwizard_top_i/xdma_0_pcie4_ip_gt_i/inst/gen_gtwizard_gtye4_top.xdma_0_pcie4_ip_gt_gtwizard_gtye4_inst/gen_gtwizard_gtye4.gen_cpll_cal_gtye4.gen_cpll_cal_inst[2].gen_inst_cpll_cal.gtwizard_ultrascale_v1_7_22_gtye4_cpll_cal_inst/gtwizard_ultrascale_v1_7_22_gtye4_cpll_cal_tx_i/U_TXOUTCLK_FREQ_COUNTER/testclk_cnt_reg[16]_i_1__1_n_14
    SLICE_X104Y15        FDCE                                         r  u_pcie_xdma/inst/pcie4_ip_i/inst/xdma_0_pcie4_ip_gt_top_i/diablo_gt.diablo_gt_phy_wrapper/gt_wizard.gtwizard_top_i/xdma_0_pcie4_ip_gt_i/inst/gen_gtwizard_gtye4_top.xdma_0_pcie4_ip_gt_gtwizard_gtye4_inst/gen_gtwizard_gtye4.gen_cpll_cal_gtye4.gen_cpll_cal_inst[2].gen_inst_cpll_cal.gtwizard_ultrascale_v1_7_22_gtye4_cpll_cal_inst/gtwizard_ultrascale_v1_7_22_gtye4_cpll_cal_tx_i/U_TXOUTCLK_FREQ_COUNTER/testclk_cnt_reg[17]/D
  -------------------------------------------------------------------    -------------------

                         (clock u_pcie_xdma/inst/pcie4_ip_i/inst/xdma_0_pcie4_ip_gt_top_i/diablo_gt.diablo_gt_phy_wrapper/gt_wizard.gtwizard_top_i/xdma_0_pcie4_ip_gt_i/inst/gen_gtwizard_gtye4_top.xdma_0_pcie4_ip_gt_gtwizard_gtye4_inst/gen_gtwizard_gtye4.gen_cpll_cal_gtye4.gen_cpll_cal_inst[2].gen_inst_cpll_cal.gtwizard_ultrascale_v1_7_22_gtye4_cpll_cal_inst/gtwizard_ultrascale_v1_7_22_gtye4_cpll_cal_tx_i/bufg_gt_txoutclkmon_inst/O rise edge)
                                                      0.000     0.000 r  
    BUFG_GT_X0Y20        BUFG_GT                      0.000     0.000 r  u_pcie_xdma/inst/pcie4_ip_i/inst/xdma_0_pcie4_ip_gt_top_i/diablo_gt.diablo_gt_phy_wrapper/gt_wizard.gtwizard_top_i/xdma_0_pcie4_ip_gt_i/inst/gen_gtwizard_gtye4_top.xdma_0_pcie4_ip_gt_gtwizard_gtye4_inst/gen_gtwizard_gtye4.gen_cpll_cal_gtye4.gen_cpll_cal_inst[2].gen_inst_cpll_cal.gtwizard_ultrascale_v1_7_22_gtye4_cpll_cal_inst/gtwizard_ultrascale_v1_7_22_gtye4_cpll_cal_tx_i/bufg_gt_txoutclkmon_inst/O
    X3Y0 (CLOCK_ROOT)    net (fo=31, routed)          0.384     0.384    u_pcie_xdma/inst/pcie4_ip_i/inst/xdma_0_pcie4_ip_gt_top_i/diablo_gt.diablo_gt_phy_wrapper/gt_wizard.gtwizard_top_i/xdma_0_pcie4_ip_gt_i/inst/gen_gtwizard_gtye4_top.xdma_0_pcie4_ip_gt_gtwizard_gtye4_inst/gen_gtwizard_gtye4.gen_cpll_cal_gtye4.gen_cpll_cal_inst[2].gen_inst_cpll_cal.gtwizard_ultrascale_v1_7_22_gtye4_cpll_cal_inst/gtwizard_ultrascale_v1_7_22_gtye4_cpll_cal_tx_i/U_TXOUTCLK_FREQ_COUNTER/txoutclkmon
    SLICE_X104Y15        FDCE                                         r  u_pcie_xdma/inst/pcie4_ip_i/inst/xdma_0_pcie4_ip_gt_top_i/diablo_gt.diablo_gt_phy_wrapper/gt_wizard.gtwizard_top_i/xdma_0_pcie4_ip_gt_i/inst/gen_gtwizard_gtye4_top.xdma_0_pcie4_ip_gt_gtwizard_gtye4_inst/gen_gtwizard_gtye4.gen_cpll_cal_gtye4.gen_cpll_cal_inst[2].gen_inst_cpll_cal.gtwizard_ultrascale_v1_7_22_gtye4_cpll_cal_inst/gtwizard_ultrascale_v1_7_22_gtye4_cpll_cal_tx_i/U_TXOUTCLK_FREQ_COUNTER/testclk_cnt_reg[17]/C
                         clock pessimism             -0.044     0.340    
    SLICE_X104Y15        FDCE (Hold_BFF_SLICEL_C_D)
                                                      0.046     0.386    u_pcie_xdma/inst/pcie4_ip_i/inst/xdma_0_pcie4_ip_gt_top_i/diablo_gt.diablo_gt_phy_wrapper/gt_wizard.gtwizard_top_i/xdma_0_pcie4_ip_gt_i/inst/gen_gtwizard_gtye4_top.xdma_0_pcie4_ip_gt_gtwizard_gtye4_inst/gen_gtwizard_gtye4.gen_cpll_cal_gtye4.gen_cpll_cal_inst[2].gen_inst_cpll_cal.gtwizard_ultrascale_v1_7_22_gtye4_cpll_cal_inst/gtwizard_ultrascale_v1_7_22_gtye4_cpll_cal_tx_i/U_TXOUTCLK_FREQ_COUNTER/testclk_cnt_reg[17]
  -------------------------------------------------------------------
                         required time                         -0.386    
                         arrival time                           0.446    
  -------------------------------------------------------------------
                         slack                                  0.060    





Pulse Width Checks
--------------------------------------------------------------------------------------
Clock Name:         u_pcie_xdma/inst/pcie4_ip_i/inst/xdma_0_pcie4_ip_gt_top_i/diablo_gt.diablo_gt_phy_wrapper/gt_wizard.gtwizard_top_i/xdma_0_pcie4_ip_gt_i/inst/gen_gtwizard_gtye4_top.xdma_0_pcie4_ip_gt_gtwizard_gtye4_inst/gen_gtwizard_gtye4.gen_cpll_cal_gtye4.gen_cpll_cal_inst[2].gen_inst_cpll_cal.gtwizard_ultrascale_v1_7_22_gtye4_cpll_cal_inst/gtwizard_ultrascale_v1_7_22_gtye4_cpll_cal_tx_i/bufg_gt_txoutclkmon_inst/O
Waveform(ns):       { 0.000 4.000 }
Period(ns):         8.000
Sources:            { u_pcie_xdma/inst/pcie4_ip_i/inst/xdma_0_pcie4_ip_gt_top_i/diablo_gt.diablo_gt_phy_wrapper/gt_wizard.gtwizard_top_i/xdma_0_pcie4_ip_gt_i/inst/gen_gtwizard_gtye4_top.xdma_0_pcie4_ip_gt_gtwizard_gtye4_inst/gen_gtwizard_gtye4.gen_cpll_cal_gtye4.gen_cpll_cal_inst[2].gen_inst_cpll_cal.gtwizard_ultrascale_v1_7_22_gtye4_cpll_cal_inst/gtwizard_ultrascale_v1_7_22_gtye4_cpll_cal_tx_i/bufg_gt_txoutclkmon_inst/O }

Check Type        Corner  Lib Pin  Reference Pin  Required(ns)  Actual(ns)  Slack(ns)  Location       Pin
Min Period        n/a     FDCE/C   n/a            0.550         8.000       7.450      SLICE_X104Y13  u_pcie_xdma/inst/pcie4_ip_i/inst/xdma_0_pcie4_ip_gt_top_i/diablo_gt.diablo_gt_phy_wrapper/gt_wizard.gtwizard_top_i/xdma_0_pcie4_ip_gt_i/inst/gen_gtwizard_gtye4_top.xdma_0_pcie4_ip_gt_gtwizard_gtye4_inst/gen_gtwizard_gtye4.gen_cpll_cal_gtye4.gen_cpll_cal_inst[2].gen_inst_cpll_cal.gtwizard_ultrascale_v1_7_22_gtye4_cpll_cal_inst/gtwizard_ultrascale_v1_7_22_gtye4_cpll_cal_tx_i/U_TXOUTCLK_FREQ_COUNTER/testclk_cnt_reg[0]/C
Low Pulse Width   Slow    FDCE/C   n/a            0.275         4.000       3.725      SLICE_X104Y13  u_pcie_xdma/inst/pcie4_ip_i/inst/xdma_0_pcie4_ip_gt_top_i/diablo_gt.diablo_gt_phy_wrapper/gt_wizard.gtwizard_top_i/xdma_0_pcie4_ip_gt_i/inst/gen_gtwizard_gtye4_top.xdma_0_pcie4_ip_gt_gtwizard_gtye4_inst/gen_gtwizard_gtye4.gen_cpll_cal_gtye4.gen_cpll_cal_inst[2].gen_inst_cpll_cal.gtwizard_ultrascale_v1_7_22_gtye4_cpll_cal_inst/gtwizard_ultrascale_v1_7_22_gtye4_cpll_cal_tx_i/U_TXOUTCLK_FREQ_COUNTER/testclk_cnt_reg[0]/C
High Pulse Width  Slow    FDCE/C   n/a            0.275         4.000       3.725      SLICE_X104Y13  u_pcie_xdma/inst/pcie4_ip_i/inst/xdma_0_pcie4_ip_gt_top_i/diablo_gt.diablo_gt_phy_wrapper/gt_wizard.gtwizard_top_i/xdma_0_pcie4_ip_gt_i/inst/gen_gtwizard_gtye4_top.xdma_0_pcie4_ip_gt_gtwizard_gtye4_inst/gen_gtwizard_gtye4.gen_cpll_cal_gtye4.gen_cpll_cal_inst[2].gen_inst_cpll_cal.gtwizard_ultrascale_v1_7_22_gtye4_cpll_cal_inst/gtwizard_ultrascale_v1_7_22_gtye4_cpll_cal_tx_i/U_TXOUTCLK_FREQ_COUNTER/testclk_cnt_reg[0]/C



---------------------------------------------------------------------------------------------------
From Clock:  u_pcie_xdma/inst/pcie4_ip_i/inst/xdma_0_pcie4_ip_gt_top_i/diablo_gt.diablo_gt_phy_wrapper/gt_wizard.gtwizard_top_i/xdma_0_pcie4_ip_gt_i/inst/gen_gtwizard_gtye4_top.xdma_0_pcie4_ip_gt_gtwizard_gtye4_inst/gen_gtwizard_gtye4.gen_cpll_cal_gtye4.gen_cpll_cal_inst[3].gen_inst_cpll_cal.gtwizard_ultrascale_v1_7_22_gtye4_cpll_cal_inst/gtwizard_ultrascale_v1_7_22_gtye4_cpll_cal_tx_i/bufg_gt_txoutclkmon_inst/O
  To Clock:  u_pcie_xdma/inst/pcie4_ip_i/inst/xdma_0_pcie4_ip_gt_top_i/diablo_gt.diablo_gt_phy_wrapper/gt_wizard.gtwizard_top_i/xdma_0_pcie4_ip_gt_i/inst/gen_gtwizard_gtye4_top.xdma_0_pcie4_ip_gt_gtwizard_gtye4_inst/gen_gtwizard_gtye4.gen_cpll_cal_gtye4.gen_cpll_cal_inst[3].gen_inst_cpll_cal.gtwizard_ultrascale_v1_7_22_gtye4_cpll_cal_inst/gtwizard_ultrascale_v1_7_22_gtye4_cpll_cal_tx_i/bufg_gt_txoutclkmon_inst/O

Setup :            0  Failing Endpoints,  Worst Slack        6.993ns,  Total Violation        0.000ns
Hold  :            0  Failing Endpoints,  Worst Slack        0.066ns,  Total Violation        0.000ns
PW    :            0  Failing Endpoints,  Worst Slack        3.725ns,  Total Violation        0.000ns
---------------------------------------------------------------------------------------------------


Max Delay Paths
--------------------------------------------------------------------------------------
Slack (MET) :             6.993ns  (required time - arrival time)
  Source:                 u_pcie_xdma/inst/pcie4_ip_i/inst/xdma_0_pcie4_ip_gt_top_i/diablo_gt.diablo_gt_phy_wrapper/gt_wizard.gtwizard_top_i/xdma_0_pcie4_ip_gt_i/inst/gen_gtwizard_gtye4_top.xdma_0_pcie4_ip_gt_gtwizard_gtye4_inst/gen_gtwizard_gtye4.gen_cpll_cal_gtye4.gen_cpll_cal_inst[3].gen_inst_cpll_cal.gtwizard_ultrascale_v1_7_22_gtye4_cpll_cal_inst/gtwizard_ultrascale_v1_7_22_gtye4_cpll_cal_tx_i/U_TXOUTCLK_FREQ_COUNTER/testclk_div4_reg[3]/C
                            (rising edge-triggered cell FDRE clocked by u_pcie_xdma/inst/pcie4_ip_i/inst/xdma_0_pcie4_ip_gt_top_i/diablo_gt.diablo_gt_phy_wrapper/gt_wizard.gtwizard_top_i/xdma_0_pcie4_ip_gt_i/inst/gen_gtwizard_gtye4_top.xdma_0_pcie4_ip_gt_gtwizard_gtye4_inst/gen_gtwizard_gtye4.gen_cpll_cal_gtye4.gen_cpll_cal_inst[3].gen_inst_cpll_cal.gtwizard_ultrascale_v1_7_22_gtye4_cpll_cal_inst/gtwizard_ultrascale_v1_7_22_gtye4_cpll_cal_tx_i/bufg_gt_txoutclkmon_inst/O  {rise@0.000ns fall@4.000ns period=8.000ns})
  Destination:            u_pcie_xdma/inst/pcie4_ip_i/inst/xdma_0_pcie4_ip_gt_top_i/diablo_gt.diablo_gt_phy_wrapper/gt_wizard.gtwizard_top_i/xdma_0_pcie4_ip_gt_i/inst/gen_gtwizard_gtye4_top.xdma_0_pcie4_ip_gt_gtwizard_gtye4_inst/gen_gtwizard_gtye4.gen_cpll_cal_gtye4.gen_cpll_cal_inst[3].gen_inst_cpll_cal.gtwizard_ultrascale_v1_7_22_gtye4_cpll_cal_inst/gtwizard_ultrascale_v1_7_22_gtye4_cpll_cal_tx_i/U_TXOUTCLK_FREQ_COUNTER/testclk_cnt_reg[16]/CE
                            (rising edge-triggered cell FDCE clocked by u_pcie_xdma/inst/pcie4_ip_i/inst/xdma_0_pcie4_ip_gt_top_i/diablo_gt.diablo_gt_phy_wrapper/gt_wizard.gtwizard_top_i/xdma_0_pcie4_ip_gt_i/inst/gen_gtwizard_gtye4_top.xdma_0_pcie4_ip_gt_gtwizard_gtye4_inst/gen_gtwizard_gtye4.gen_cpll_cal_gtye4.gen_cpll_cal_inst[3].gen_inst_cpll_cal.gtwizard_ultrascale_v1_7_22_gtye4_cpll_cal_inst/gtwizard_ultrascale_v1_7_22_gtye4_cpll_cal_tx_i/bufg_gt_txoutclkmon_inst/O  {rise@0.000ns fall@4.000ns period=8.000ns})
  Path Group:             u_pcie_xdma/inst/pcie4_ip_i/inst/xdma_0_pcie4_ip_gt_top_i/diablo_gt.diablo_gt_phy_wrapper/gt_wizard.gtwizard_top_i/xdma_0_pcie4_ip_gt_i/inst/gen_gtwizard_gtye4_top.xdma_0_pcie4_ip_gt_gtwizard_gtye4_inst/gen_gtwizard_gtye4.gen_cpll_cal_gtye4.gen_cpll_cal_inst[3].gen_inst_cpll_cal.gtwizard_ultrascale_v1_7_22_gtye4_cpll_cal_inst/gtwizard_ultrascale_v1_7_22_gtye4_cpll_cal_tx_i/bufg_gt_txoutclkmon_inst/O
  Path Type:              Setup (Max at Slow Process Corner)
  Requirement:            8.000ns  (u_pcie_xdma/inst/pcie4_ip_i/inst/xdma_0_pcie4_ip_gt_top_i/diablo_gt.diablo_gt_phy_wrapper/gt_wizard.gtwizard_top_i/xdma_0_pcie4_ip_gt_i/inst/gen_gtwizard_gtye4_top.xdma_0_pcie4_ip_gt_gtwizard_gtye4_inst/gen_gtwizard_gtye4.gen_cpll_cal_gtye4.gen_cpll_cal_inst[3].gen_inst_cpll_cal.gtwizard_ultrascale_v1_7_22_gtye4_cpll_cal_inst/gtwizard_ultrascale_v1_7_22_gtye4_cpll_cal_tx_i/bufg_gt_txoutclkmon_inst/O rise@8.000ns - u_pcie_xdma/inst/pcie4_ip_i/inst/xdma_0_pcie4_ip_gt_top_i/diablo_gt.diablo_gt_phy_wrapper/gt_wizard.gtwizard_top_i/xdma_0_pcie4_ip_gt_i/inst/gen_gtwizard_gtye4_top.xdma_0_pcie4_ip_gt_gtwizard_gtye4_inst/gen_gtwizard_gtye4.gen_cpll_cal_gtye4.gen_cpll_cal_inst[3].gen_inst_cpll_cal.gtwizard_ultrascale_v1_7_22_gtye4_cpll_cal_inst/gtwizard_ultrascale_v1_7_22_gtye4_cpll_cal_tx_i/bufg_gt_txoutclkmon_inst/O rise@0.000ns)
  Data Path Delay:        0.860ns  (logic 0.278ns (32.335%)  route 0.582ns (67.665%))
  Logic Levels:           1  (LUT5=1)
  Clock Path Skew:        -0.058ns (DCD - SCD + CPR)
    Destination Clock Delay (DCD):    0.520ns = ( 8.520 - 8.000 ) 
    Source Clock Delay      (SCD):    0.640ns
    Clock Pessimism Removal (CPR):    0.062ns
  Clock Uncertainty:      0.046ns  ((TSJ^2 + DJ^2)^1/2) / 2 + PE
    Total System Jitter     (TSJ):    0.071ns
    Discrete Jitter          (DJ):    0.060ns
    Phase Error              (PE):    0.000ns
  Clock Net Delay (Source):      0.640ns (routing 0.002ns, distribution 0.638ns)
  Clock Net Delay (Destination): 0.520ns (routing 0.001ns, distribution 0.519ns)

    Location             Delay type                Incr(ns)  Path(ns)    Netlist Resource(s)
  -------------------------------------------------------------------    -------------------
                         (clock u_pcie_xdma/inst/pcie4_ip_i/inst/xdma_0_pcie4_ip_gt_top_i/diablo_gt.diablo_gt_phy_wrapper/gt_wizard.gtwizard_top_i/xdma_0_pcie4_ip_gt_i/inst/gen_gtwizard_gtye4_top.xdma_0_pcie4_ip_gt_gtwizard_gtye4_inst/gen_gtwizard_gtye4.gen_cpll_cal_gtye4.gen_cpll_cal_inst[3].gen_inst_cpll_cal.gtwizard_ultrascale_v1_7_22_gtye4_cpll_cal_inst/gtwizard_ultrascale_v1_7_22_gtye4_cpll_cal_tx_i/bufg_gt_txoutclkmon_inst/O rise edge)
                                                      0.000     0.000 r  
    BUFG_GT_X0Y19        BUFG_GT                      0.000     0.000 r  u_pcie_xdma/inst/pcie4_ip_i/inst/xdma_0_pcie4_ip_gt_top_i/diablo_gt.diablo_gt_phy_wrapper/gt_wizard.gtwizard_top_i/xdma_0_pcie4_ip_gt_i/inst/gen_gtwizard_gtye4_top.xdma_0_pcie4_ip_gt_gtwizard_gtye4_inst/gen_gtwizard_gtye4.gen_cpll_cal_gtye4.gen_cpll_cal_inst[3].gen_inst_cpll_cal.gtwizard_ultrascale_v1_7_22_gtye4_cpll_cal_inst/gtwizard_ultrascale_v1_7_22_gtye4_cpll_cal_tx_i/bufg_gt_txoutclkmon_inst/O
    X3Y0 (CLOCK_ROOT)    net (fo=31, routed)          0.640     0.640    u_pcie_xdma/inst/pcie4_ip_i/inst/xdma_0_pcie4_ip_gt_top_i/diablo_gt.diablo_gt_phy_wrapper/gt_wizard.gtwizard_top_i/xdma_0_pcie4_ip_gt_i/inst/gen_gtwizard_gtye4_top.xdma_0_pcie4_ip_gt_gtwizard_gtye4_inst/gen_gtwizard_gtye4.gen_cpll_cal_gtye4.gen_cpll_cal_inst[3].gen_inst_cpll_cal.gtwizard_ultrascale_v1_7_22_gtye4_cpll_cal_inst/gtwizard_ultrascale_v1_7_22_gtye4_cpll_cal_tx_i/U_TXOUTCLK_FREQ_COUNTER/txoutclkmon
    SLICE_X111Y33        FDRE                                         r  u_pcie_xdma/inst/pcie4_ip_i/inst/xdma_0_pcie4_ip_gt_top_i/diablo_gt.diablo_gt_phy_wrapper/gt_wizard.gtwizard_top_i/xdma_0_pcie4_ip_gt_i/inst/gen_gtwizard_gtye4_top.xdma_0_pcie4_ip_gt_gtwizard_gtye4_inst/gen_gtwizard_gtye4.gen_cpll_cal_gtye4.gen_cpll_cal_inst[3].gen_inst_cpll_cal.gtwizard_ultrascale_v1_7_22_gtye4_cpll_cal_inst/gtwizard_ultrascale_v1_7_22_gtye4_cpll_cal_tx_i/U_TXOUTCLK_FREQ_COUNTER/testclk_div4_reg[3]/C
  -------------------------------------------------------------------    -------------------
    SLICE_X111Y33        FDRE (Prop_FFF2_SLICEL_C_Q)
                                                      0.099     0.739 r  u_pcie_xdma/inst/pcie4_ip_i/inst/xdma_0_pcie4_ip_gt_top_i/diablo_gt.diablo_gt_phy_wrapper/gt_wizard.gtwizard_top_i/xdma_0_pcie4_ip_gt_i/inst/gen_gtwizard_gtye4_top.xdma_0_pcie4_ip_gt_gtwizard_gtye4_inst/gen_gtwizard_gtye4.gen_cpll_cal_gtye4.gen_cpll_cal_inst[3].gen_inst_cpll_cal.gtwizard_ultrascale_v1_7_22_gtye4_cpll_cal_inst/gtwizard_ultrascale_v1_7_22_gtye4_cpll_cal_tx_i/U_TXOUTCLK_FREQ_COUNTER/testclk_div4_reg[3]/Q
                         net (fo=2, routed)           0.235     0.974    u_pcie_xdma/inst/pcie4_ip_i/inst/xdma_0_pcie4_ip_gt_top_i/diablo_gt.diablo_gt_phy_wrapper/gt_wizard.gtwizard_top_i/xdma_0_pcie4_ip_gt_i/inst/gen_gtwizard_gtye4_top.xdma_0_pcie4_ip_gt_gtwizard_gtye4_inst/gen_gtwizard_gtye4.gen_cpll_cal_gtye4.gen_cpll_cal_inst[3].gen_inst_cpll_cal.gtwizard_ultrascale_v1_7_22_gtye4_cpll_cal_inst/gtwizard_ultrascale_v1_7_22_gtye4_cpll_cal_tx_i/U_TXOUTCLK_FREQ_COUNTER/testclk_div4[3]
    SLICE_X111Y33        LUT5 (Prop_H6LUT_SLICEL_I2_O)
                                                      0.179     1.153 r  u_pcie_xdma/inst/pcie4_ip_i/inst/xdma_0_pcie4_ip_gt_top_i/diablo_gt.diablo_gt_phy_wrapper/gt_wizard.gtwizard_top_i/xdma_0_pcie4_ip_gt_i/inst/gen_gtwizard_gtye4_top.xdma_0_pcie4_ip_gt_gtwizard_gtye4_inst/gen_gtwizard_gtye4.gen_cpll_cal_gtye4.gen_cpll_cal_inst[3].gen_inst_cpll_cal.gtwizard_ultrascale_v1_7_22_gtye4_cpll_cal_inst/gtwizard_ultrascale_v1_7_22_gtye4_cpll_cal_tx_i/U_TXOUTCLK_FREQ_COUNTER/testclk_cnt0__2/O
                         net (fo=18, routed)          0.347     1.500    u_pcie_xdma/inst/pcie4_ip_i/inst/xdma_0_pcie4_ip_gt_top_i/diablo_gt.diablo_gt_phy_wrapper/gt_wizard.gtwizard_top_i/xdma_0_pcie4_ip_gt_i/inst/gen_gtwizard_gtye4_top.xdma_0_pcie4_ip_gt_gtwizard_gtye4_inst/gen_gtwizard_gtye4.gen_cpll_cal_gtye4.gen_cpll_cal_inst[3].gen_inst_cpll_cal.gtwizard_ultrascale_v1_7_22_gtye4_cpll_cal_inst/gtwizard_ultrascale_v1_7_22_gtye4_cpll_cal_tx_i/U_TXOUTCLK_FREQ_COUNTER/testclk_cnt0__2_n_0
    SLICE_X110Y34        FDCE                                         r  u_pcie_xdma/inst/pcie4_ip_i/inst/xdma_0_pcie4_ip_gt_top_i/diablo_gt.diablo_gt_phy_wrapper/gt_wizard.gtwizard_top_i/xdma_0_pcie4_ip_gt_i/inst/gen_gtwizard_gtye4_top.xdma_0_pcie4_ip_gt_gtwizard_gtye4_inst/gen_gtwizard_gtye4.gen_cpll_cal_gtye4.gen_cpll_cal_inst[3].gen_inst_cpll_cal.gtwizard_ultrascale_v1_7_22_gtye4_cpll_cal_inst/gtwizard_ultrascale_v1_7_22_gtye4_cpll_cal_tx_i/U_TXOUTCLK_FREQ_COUNTER/testclk_cnt_reg[16]/CE
  -------------------------------------------------------------------    -------------------

                         (clock u_pcie_xdma/inst/pcie4_ip_i/inst/xdma_0_pcie4_ip_gt_top_i/diablo_gt.diablo_gt_phy_wrapper/gt_wizard.gtwizard_top_i/xdma_0_pcie4_ip_gt_i/inst/gen_gtwizard_gtye4_top.xdma_0_pcie4_ip_gt_gtwizard_gtye4_inst/gen_gtwizard_gtye4.gen_cpll_cal_gtye4.gen_cpll_cal_inst[3].gen_inst_cpll_cal.gtwizard_ultrascale_v1_7_22_gtye4_cpll_cal_inst/gtwizard_ultrascale_v1_7_22_gtye4_cpll_cal_tx_i/bufg_gt_txoutclkmon_inst/O rise edge)
                                                      8.000     8.000 r  
    BUFG_GT_X0Y19        BUFG_GT                      0.000     8.000 r  u_pcie_xdma/inst/pcie4_ip_i/inst/xdma_0_pcie4_ip_gt_top_i/diablo_gt.diablo_gt_phy_wrapper/gt_wizard.gtwizard_top_i/xdma_0_pcie4_ip_gt_i/inst/gen_gtwizard_gtye4_top.xdma_0_pcie4_ip_gt_gtwizard_gtye4_inst/gen_gtwizard_gtye4.gen_cpll_cal_gtye4.gen_cpll_cal_inst[3].gen_inst_cpll_cal.gtwizard_ultrascale_v1_7_22_gtye4_cpll_cal_inst/gtwizard_ultrascale_v1_7_22_gtye4_cpll_cal_tx_i/bufg_gt_txoutclkmon_inst/O
    X3Y0 (CLOCK_ROOT)    net (fo=31, routed)          0.520     8.520    u_pcie_xdma/inst/pcie4_ip_i/inst/xdma_0_pcie4_ip_gt_top_i/diablo_gt.diablo_gt_phy_wrapper/gt_wizard.gtwizard_top_i/xdma_0_pcie4_ip_gt_i/inst/gen_gtwizard_gtye4_top.xdma_0_pcie4_ip_gt_gtwizard_gtye4_inst/gen_gtwizard_gtye4.gen_cpll_cal_gtye4.gen_cpll_cal_inst[3].gen_inst_cpll_cal.gtwizard_ultrascale_v1_7_22_gtye4_cpll_cal_inst/gtwizard_ultrascale_v1_7_22_gtye4_cpll_cal_tx_i/U_TXOUTCLK_FREQ_COUNTER/txoutclkmon
    SLICE_X110Y34        FDCE                                         r  u_pcie_xdma/inst/pcie4_ip_i/inst/xdma_0_pcie4_ip_gt_top_i/diablo_gt.diablo_gt_phy_wrapper/gt_wizard.gtwizard_top_i/xdma_0_pcie4_ip_gt_i/inst/gen_gtwizard_gtye4_top.xdma_0_pcie4_ip_gt_gtwizard_gtye4_inst/gen_gtwizard_gtye4.gen_cpll_cal_gtye4.gen_cpll_cal_inst[3].gen_inst_cpll_cal.gtwizard_ultrascale_v1_7_22_gtye4_cpll_cal_inst/gtwizard_ultrascale_v1_7_22_gtye4_cpll_cal_tx_i/U_TXOUTCLK_FREQ_COUNTER/testclk_cnt_reg[16]/C
                         clock pessimism              0.062     8.582    
                         clock uncertainty           -0.046     8.536    
    SLICE_X110Y34        FDCE (Setup_AFF_SLICEM_C_CE)
                                                     -0.043     8.493    u_pcie_xdma/inst/pcie4_ip_i/inst/xdma_0_pcie4_ip_gt_top_i/diablo_gt.diablo_gt_phy_wrapper/gt_wizard.gtwizard_top_i/xdma_0_pcie4_ip_gt_i/inst/gen_gtwizard_gtye4_top.xdma_0_pcie4_ip_gt_gtwizard_gtye4_inst/gen_gtwizard_gtye4.gen_cpll_cal_gtye4.gen_cpll_cal_inst[3].gen_inst_cpll_cal.gtwizard_ultrascale_v1_7_22_gtye4_cpll_cal_inst/gtwizard_ultrascale_v1_7_22_gtye4_cpll_cal_tx_i/U_TXOUTCLK_FREQ_COUNTER/testclk_cnt_reg[16]
  -------------------------------------------------------------------
                         required time                          8.493    
                         arrival time                          -1.500    
  -------------------------------------------------------------------
                         slack                                  6.993    





Min Delay Paths
--------------------------------------------------------------------------------------
Slack (MET) :             0.066ns  (arrival time - required time)
  Source:                 u_pcie_xdma/inst/pcie4_ip_i/inst/xdma_0_pcie4_ip_gt_top_i/diablo_gt.diablo_gt_phy_wrapper/gt_wizard.gtwizard_top_i/xdma_0_pcie4_ip_gt_i/inst/gen_gtwizard_gtye4_top.xdma_0_pcie4_ip_gt_gtwizard_gtye4_inst/gen_gtwizard_gtye4.gen_cpll_cal_gtye4.gen_cpll_cal_inst[3].gen_inst_cpll_cal.gtwizard_ultrascale_v1_7_22_gtye4_cpll_cal_inst/gtwizard_ultrascale_v1_7_22_gtye4_cpll_cal_tx_i/U_TXOUTCLK_FREQ_COUNTER/testclk_cnt_reg[17]/C
                            (rising edge-triggered cell FDCE clocked by u_pcie_xdma/inst/pcie4_ip_i/inst/xdma_0_pcie4_ip_gt_top_i/diablo_gt.diablo_gt_phy_wrapper/gt_wizard.gtwizard_top_i/xdma_0_pcie4_ip_gt_i/inst/gen_gtwizard_gtye4_top.xdma_0_pcie4_ip_gt_gtwizard_gtye4_inst/gen_gtwizard_gtye4.gen_cpll_cal_gtye4.gen_cpll_cal_inst[3].gen_inst_cpll_cal.gtwizard_ultrascale_v1_7_22_gtye4_cpll_cal_inst/gtwizard_ultrascale_v1_7_22_gtye4_cpll_cal_tx_i/bufg_gt_txoutclkmon_inst/O  {rise@0.000ns fall@4.000ns period=8.000ns})
  Destination:            u_pcie_xdma/inst/pcie4_ip_i/inst/xdma_0_pcie4_ip_gt_top_i/diablo_gt.diablo_gt_phy_wrapper/gt_wizard.gtwizard_top_i/xdma_0_pcie4_ip_gt_i/inst/gen_gtwizard_gtye4_top.xdma_0_pcie4_ip_gt_gtwizard_gtye4_inst/gen_gtwizard_gtye4.gen_cpll_cal_gtye4.gen_cpll_cal_inst[3].gen_inst_cpll_cal.gtwizard_ultrascale_v1_7_22_gtye4_cpll_cal_inst/gtwizard_ultrascale_v1_7_22_gtye4_cpll_cal_tx_i/U_TXOUTCLK_FREQ_COUNTER/testclk_cnt_reg[17]/D
                            (rising edge-triggered cell FDCE clocked by u_pcie_xdma/inst/pcie4_ip_i/inst/xdma_0_pcie4_ip_gt_top_i/diablo_gt.diablo_gt_phy_wrapper/gt_wizard.gtwizard_top_i/xdma_0_pcie4_ip_gt_i/inst/gen_gtwizard_gtye4_top.xdma_0_pcie4_ip_gt_gtwizard_gtye4_inst/gen_gtwizard_gtye4.gen_cpll_cal_gtye4.gen_cpll_cal_inst[3].gen_inst_cpll_cal.gtwizard_ultrascale_v1_7_22_gtye4_cpll_cal_inst/gtwizard_ultrascale_v1_7_22_gtye4_cpll_cal_tx_i/bufg_gt_txoutclkmon_inst/O  {rise@0.000ns fall@4.000ns period=8.000ns})
  Path Group:             u_pcie_xdma/inst/pcie4_ip_i/inst/xdma_0_pcie4_ip_gt_top_i/diablo_gt.diablo_gt_phy_wrapper/gt_wizard.gtwizard_top_i/xdma_0_pcie4_ip_gt_i/inst/gen_gtwizard_gtye4_top.xdma_0_pcie4_ip_gt_gtwizard_gtye4_inst/gen_gtwizard_gtye4.gen_cpll_cal_gtye4.gen_cpll_cal_inst[3].gen_inst_cpll_cal.gtwizard_ultrascale_v1_7_22_gtye4_cpll_cal_inst/gtwizard_ultrascale_v1_7_22_gtye4_cpll_cal_tx_i/bufg_gt_txoutclkmon_inst/O
  Path Type:              Hold (Min at Fast Process Corner)
  Requirement:            0.000ns  (u_pcie_xdma/inst/pcie4_ip_i/inst/xdma_0_pcie4_ip_gt_top_i/diablo_gt.diablo_gt_phy_wrapper/gt_wizard.gtwizard_top_i/xdma_0_pcie4_ip_gt_i/inst/gen_gtwizard_gtye4_top.xdma_0_pcie4_ip_gt_gtwizard_gtye4_inst/gen_gtwizard_gtye4.gen_cpll_cal_gtye4.gen_cpll_cal_inst[3].gen_inst_cpll_cal.gtwizard_ultrascale_v1_7_22_gtye4_cpll_cal_inst/gtwizard_ultrascale_v1_7_22_gtye4_cpll_cal_tx_i/bufg_gt_txoutclkmon_inst/O rise@0.000ns - u_pcie_xdma/inst/pcie4_ip_i/inst/xdma_0_pcie4_ip_gt_top_i/diablo_gt.diablo_gt_phy_wrapper/gt_wizard.gtwizard_top_i/xdma_0_pcie4_ip_gt_i/inst/gen_gtwizard_gtye4_top.xdma_0_pcie4_ip_gt_gtwizard_gtye4_inst/gen_gtwizard_gtye4.gen_cpll_cal_gtye4.gen_cpll_cal_inst[3].gen_inst_cpll_cal.gtwizard_ultrascale_v1_7_22_gtye4_cpll_cal_inst/gtwizard_ultrascale_v1_7_22_gtye4_cpll_cal_tx_i/bufg_gt_txoutclkmon_inst/O rise@0.000ns)
  Data Path Delay:        0.118ns  (logic 0.056ns (47.585%)  route 0.062ns (52.415%))
  Logic Levels:           1  (CARRY8=1)
  Clock Path Skew:        0.006ns (DCD - SCD - CPR)
    Destination Clock Delay (DCD):    0.356ns
    Source Clock Delay      (SCD):    0.309ns
    Clock Pessimism Removal (CPR):    0.041ns
  Clock Net Delay (Source):      0.309ns (routing 0.001ns, distribution 0.308ns)
  Clock Net Delay (Destination): 0.356ns (routing 0.001ns, distribution 0.355ns)

    Location             Delay type                Incr(ns)  Path(ns)    Netlist Resource(s)
  -------------------------------------------------------------------    -------------------
                         (clock u_pcie_xdma/inst/pcie4_ip_i/inst/xdma_0_pcie4_ip_gt_top_i/diablo_gt.diablo_gt_phy_wrapper/gt_wizard.gtwizard_top_i/xdma_0_pcie4_ip_gt_i/inst/gen_gtwizard_gtye4_top.xdma_0_pcie4_ip_gt_gtwizard_gtye4_inst/gen_gtwizard_gtye4.gen_cpll_cal_gtye4.gen_cpll_cal_inst[3].gen_inst_cpll_cal.gtwizard_ultrascale_v1_7_22_gtye4_cpll_cal_inst/gtwizard_ultrascale_v1_7_22_gtye4_cpll_cal_tx_i/bufg_gt_txoutclkmon_inst/O rise edge)
                                                      0.000     0.000 r  
    BUFG_GT_X0Y19        BUFG_GT                      0.000     0.000 r  u_pcie_xdma/inst/pcie4_ip_i/inst/xdma_0_pcie4_ip_gt_top_i/diablo_gt.diablo_gt_phy_wrapper/gt_wizard.gtwizard_top_i/xdma_0_pcie4_ip_gt_i/inst/gen_gtwizard_gtye4_top.xdma_0_pcie4_ip_gt_gtwizard_gtye4_inst/gen_gtwizard_gtye4.gen_cpll_cal_gtye4.gen_cpll_cal_inst[3].gen_inst_cpll_cal.gtwizard_ultrascale_v1_7_22_gtye4_cpll_cal_inst/gtwizard_ultrascale_v1_7_22_gtye4_cpll_cal_tx_i/bufg_gt_txoutclkmon_inst/O
    X3Y0 (CLOCK_ROOT)    net (fo=31, routed)          0.309     0.309    u_pcie_xdma/inst/pcie4_ip_i/inst/xdma_0_pcie4_ip_gt_top_i/diablo_gt.diablo_gt_phy_wrapper/gt_wizard.gtwizard_top_i/xdma_0_pcie4_ip_gt_i/inst/gen_gtwizard_gtye4_top.xdma_0_pcie4_ip_gt_gtwizard_gtye4_inst/gen_gtwizard_gtye4.gen_cpll_cal_gtye4.gen_cpll_cal_inst[3].gen_inst_cpll_cal.gtwizard_ultrascale_v1_7_22_gtye4_cpll_cal_inst/gtwizard_ultrascale_v1_7_22_gtye4_cpll_cal_tx_i/U_TXOUTCLK_FREQ_COUNTER/txoutclkmon
    SLICE_X110Y34        FDCE                                         r  u_pcie_xdma/inst/pcie4_ip_i/inst/xdma_0_pcie4_ip_gt_top_i/diablo_gt.diablo_gt_phy_wrapper/gt_wizard.gtwizard_top_i/xdma_0_pcie4_ip_gt_i/inst/gen_gtwizard_gtye4_top.xdma_0_pcie4_ip_gt_gtwizard_gtye4_inst/gen_gtwizard_gtye4.gen_cpll_cal_gtye4.gen_cpll_cal_inst[3].gen_inst_cpll_cal.gtwizard_ultrascale_v1_7_22_gtye4_cpll_cal_inst/gtwizard_ultrascale_v1_7_22_gtye4_cpll_cal_tx_i/U_TXOUTCLK_FREQ_COUNTER/testclk_cnt_reg[17]/C
  -------------------------------------------------------------------    -------------------
    SLICE_X110Y34        FDCE (Prop_BFF_SLICEM_C_Q)
                                                      0.038     0.347 r  u_pcie_xdma/inst/pcie4_ip_i/inst/xdma_0_pcie4_ip_gt_top_i/diablo_gt.diablo_gt_phy_wrapper/gt_wizard.gtwizard_top_i/xdma_0_pcie4_ip_gt_i/inst/gen_gtwizard_gtye4_top.xdma_0_pcie4_ip_gt_gtwizard_gtye4_inst/gen_gtwizard_gtye4.gen_cpll_cal_gtye4.gen_cpll_cal_inst[3].gen_inst_cpll_cal.gtwizard_ultrascale_v1_7_22_gtye4_cpll_cal_inst/gtwizard_ultrascale_v1_7_22_gtye4_cpll_cal_tx_i/U_TXOUTCLK_FREQ_COUNTER/testclk_cnt_reg[17]/Q
                         net (fo=2, routed)           0.055     0.402    u_pcie_xdma/inst/pcie4_ip_i/inst/xdma_0_pcie4_ip_gt_top_i/diablo_gt.diablo_gt_phy_wrapper/gt_wizard.gtwizard_top_i/xdma_0_pcie4_ip_gt_i/inst/gen_gtwizard_gtye4_top.xdma_0_pcie4_ip_gt_gtwizard_gtye4_inst/gen_gtwizard_gtye4.gen_cpll_cal_gtye4.gen_cpll_cal_inst[3].gen_inst_cpll_cal.gtwizard_ultrascale_v1_7_22_gtye4_cpll_cal_inst/gtwizard_ultrascale_v1_7_22_gtye4_cpll_cal_tx_i/U_TXOUTCLK_FREQ_COUNTER/testclk_cnt_reg[17]
    SLICE_X110Y34        CARRY8 (Prop_CARRY8_SLICEM_S[1]_O[1])
                                                      0.018     0.420 r  u_pcie_xdma/inst/pcie4_ip_i/inst/xdma_0_pcie4_ip_gt_top_i/diablo_gt.diablo_gt_phy_wrapper/gt_wizard.gtwizard_top_i/xdma_0_pcie4_ip_gt_i/inst/gen_gtwizard_gtye4_top.xdma_0_pcie4_ip_gt_gtwizard_gtye4_inst/gen_gtwizard_gtye4.gen_cpll_cal_gtye4.gen_cpll_cal_inst[3].gen_inst_cpll_cal.gtwizard_ultrascale_v1_7_22_gtye4_cpll_cal_inst/gtwizard_ultrascale_v1_7_22_gtye4_cpll_cal_tx_i/U_TXOUTCLK_FREQ_COUNTER/testclk_cnt_reg[16]_i_1__2/O[1]
                         net (fo=1, routed)           0.007     0.427    u_pcie_xdma/inst/pcie4_ip_i/inst/xdma_0_pcie4_ip_gt_top_i/diablo_gt.diablo_gt_phy_wrapper/gt_wizard.gtwizard_top_i/xdma_0_pcie4_ip_gt_i/inst/gen_gtwizard_gtye4_top.xdma_0_pcie4_ip_gt_gtwizard_gtye4_inst/gen_gtwizard_gtye4.gen_cpll_cal_gtye4.gen_cpll_cal_inst[3].gen_inst_cpll_cal.gtwizard_ultrascale_v1_7_22_gtye4_cpll_cal_inst/gtwizard_ultrascale_v1_7_22_gtye4_cpll_cal_tx_i/U_TXOUTCLK_FREQ_COUNTER/testclk_cnt_reg[16]_i_1__2_n_14
    SLICE_X110Y34        FDCE                                         r  u_pcie_xdma/inst/pcie4_ip_i/inst/xdma_0_pcie4_ip_gt_top_i/diablo_gt.diablo_gt_phy_wrapper/gt_wizard.gtwizard_top_i/xdma_0_pcie4_ip_gt_i/inst/gen_gtwizard_gtye4_top.xdma_0_pcie4_ip_gt_gtwizard_gtye4_inst/gen_gtwizard_gtye4.gen_cpll_cal_gtye4.gen_cpll_cal_inst[3].gen_inst_cpll_cal.gtwizard_ultrascale_v1_7_22_gtye4_cpll_cal_inst/gtwizard_ultrascale_v1_7_22_gtye4_cpll_cal_tx_i/U_TXOUTCLK_FREQ_COUNTER/testclk_cnt_reg[17]/D
  -------------------------------------------------------------------    -------------------

                         (clock u_pcie_xdma/inst/pcie4_ip_i/inst/xdma_0_pcie4_ip_gt_top_i/diablo_gt.diablo_gt_phy_wrapper/gt_wizard.gtwizard_top_i/xdma_0_pcie4_ip_gt_i/inst/gen_gtwizard_gtye4_top.xdma_0_pcie4_ip_gt_gtwizard_gtye4_inst/gen_gtwizard_gtye4.gen_cpll_cal_gtye4.gen_cpll_cal_inst[3].gen_inst_cpll_cal.gtwizard_ultrascale_v1_7_22_gtye4_cpll_cal_inst/gtwizard_ultrascale_v1_7_22_gtye4_cpll_cal_tx_i/bufg_gt_txoutclkmon_inst/O rise edge)
                                                      0.000     0.000 r  
    BUFG_GT_X0Y19        BUFG_GT                      0.000     0.000 r  u_pcie_xdma/inst/pcie4_ip_i/inst/xdma_0_pcie4_ip_gt_top_i/diablo_gt.diablo_gt_phy_wrapper/gt_wizard.gtwizard_top_i/xdma_0_pcie4_ip_gt_i/inst/gen_gtwizard_gtye4_top.xdma_0_pcie4_ip_gt_gtwizard_gtye4_inst/gen_gtwizard_gtye4.gen_cpll_cal_gtye4.gen_cpll_cal_inst[3].gen_inst_cpll_cal.gtwizard_ultrascale_v1_7_22_gtye4_cpll_cal_inst/gtwizard_ultrascale_v1_7_22_gtye4_cpll_cal_tx_i/bufg_gt_txoutclkmon_inst/O
    X3Y0 (CLOCK_ROOT)    net (fo=31, routed)          0.356     0.356    u_pcie_xdma/inst/pcie4_ip_i/inst/xdma_0_pcie4_ip_gt_top_i/diablo_gt.diablo_gt_phy_wrapper/gt_wizard.gtwizard_top_i/xdma_0_pcie4_ip_gt_i/inst/gen_gtwizard_gtye4_top.xdma_0_pcie4_ip_gt_gtwizard_gtye4_inst/gen_gtwizard_gtye4.gen_cpll_cal_gtye4.gen_cpll_cal_inst[3].gen_inst_cpll_cal.gtwizard_ultrascale_v1_7_22_gtye4_cpll_cal_inst/gtwizard_ultrascale_v1_7_22_gtye4_cpll_cal_tx_i/U_TXOUTCLK_FREQ_COUNTER/txoutclkmon
    SLICE_X110Y34        FDCE                                         r  u_pcie_xdma/inst/pcie4_ip_i/inst/xdma_0_pcie4_ip_gt_top_i/diablo_gt.diablo_gt_phy_wrapper/gt_wizard.gtwizard_top_i/xdma_0_pcie4_ip_gt_i/inst/gen_gtwizard_gtye4_top.xdma_0_pcie4_ip_gt_gtwizard_gtye4_inst/gen_gtwizard_gtye4.gen_cpll_cal_gtye4.gen_cpll_cal_inst[3].gen_inst_cpll_cal.gtwizard_ultrascale_v1_7_22_gtye4_cpll_cal_inst/gtwizard_ultrascale_v1_7_22_gtye4_cpll_cal_tx_i/U_TXOUTCLK_FREQ_COUNTER/testclk_cnt_reg[17]/C
                         clock pessimism             -0.041     0.315    
    SLICE_X110Y34        FDCE (Hold_BFF_SLICEM_C_D)
                                                      0.046     0.361    u_pcie_xdma/inst/pcie4_ip_i/inst/xdma_0_pcie4_ip_gt_top_i/diablo_gt.diablo_gt_phy_wrapper/gt_wizard.gtwizard_top_i/xdma_0_pcie4_ip_gt_i/inst/gen_gtwizard_gtye4_top.xdma_0_pcie4_ip_gt_gtwizard_gtye4_inst/gen_gtwizard_gtye4.gen_cpll_cal_gtye4.gen_cpll_cal_inst[3].gen_inst_cpll_cal.gtwizard_ultrascale_v1_7_22_gtye4_cpll_cal_inst/gtwizard_ultrascale_v1_7_22_gtye4_cpll_cal_tx_i/U_TXOUTCLK_FREQ_COUNTER/testclk_cnt_reg[17]
  -------------------------------------------------------------------
                         required time                         -0.361    
                         arrival time                           0.427    
  -------------------------------------------------------------------
                         slack                                  0.066    





Pulse Width Checks
--------------------------------------------------------------------------------------
Clock Name:         u_pcie_xdma/inst/pcie4_ip_i/inst/xdma_0_pcie4_ip_gt_top_i/diablo_gt.diablo_gt_phy_wrapper/gt_wizard.gtwizard_top_i/xdma_0_pcie4_ip_gt_i/inst/gen_gtwizard_gtye4_top.xdma_0_pcie4_ip_gt_gtwizard_gtye4_inst/gen_gtwizard_gtye4.gen_cpll_cal_gtye4.gen_cpll_cal_inst[3].gen_inst_cpll_cal.gtwizard_ultrascale_v1_7_22_gtye4_cpll_cal_inst/gtwizard_ultrascale_v1_7_22_gtye4_cpll_cal_tx_i/bufg_gt_txoutclkmon_inst/O
Waveform(ns):       { 0.000 4.000 }
Period(ns):         8.000
Sources:            { u_pcie_xdma/inst/pcie4_ip_i/inst/xdma_0_pcie4_ip_gt_top_i/diablo_gt.diablo_gt_phy_wrapper/gt_wizard.gtwizard_top_i/xdma_0_pcie4_ip_gt_i/inst/gen_gtwizard_gtye4_top.xdma_0_pcie4_ip_gt_gtwizard_gtye4_inst/gen_gtwizard_gtye4.gen_cpll_cal_gtye4.gen_cpll_cal_inst[3].gen_inst_cpll_cal.gtwizard_ultrascale_v1_7_22_gtye4_cpll_cal_inst/gtwizard_ultrascale_v1_7_22_gtye4_cpll_cal_tx_i/bufg_gt_txoutclkmon_inst/O }

Check Type        Corner  Lib Pin  Reference Pin  Required(ns)  Actual(ns)  Slack(ns)  Location       Pin
Min Period        n/a     FDCE/C   n/a            0.550         8.000       7.450      SLICE_X110Y32  u_pcie_xdma/inst/pcie4_ip_i/inst/xdma_0_pcie4_ip_gt_top_i/diablo_gt.diablo_gt_phy_wrapper/gt_wizard.gtwizard_top_i/xdma_0_pcie4_ip_gt_i/inst/gen_gtwizard_gtye4_top.xdma_0_pcie4_ip_gt_gtwizard_gtye4_inst/gen_gtwizard_gtye4.gen_cpll_cal_gtye4.gen_cpll_cal_inst[3].gen_inst_cpll_cal.gtwizard_ultrascale_v1_7_22_gtye4_cpll_cal_inst/gtwizard_ultrascale_v1_7_22_gtye4_cpll_cal_tx_i/U_TXOUTCLK_FREQ_COUNTER/testclk_cnt_reg[0]/C
Low Pulse Width   Slow    FDCE/C   n/a            0.275         4.000       3.725      SLICE_X110Y32  u_pcie_xdma/inst/pcie4_ip_i/inst/xdma_0_pcie4_ip_gt_top_i/diablo_gt.diablo_gt_phy_wrapper/gt_wizard.gtwizard_top_i/xdma_0_pcie4_ip_gt_i/inst/gen_gtwizard_gtye4_top.xdma_0_pcie4_ip_gt_gtwizard_gtye4_inst/gen_gtwizard_gtye4.gen_cpll_cal_gtye4.gen_cpll_cal_inst[3].gen_inst_cpll_cal.gtwizard_ultrascale_v1_7_22_gtye4_cpll_cal_inst/gtwizard_ultrascale_v1_7_22_gtye4_cpll_cal_tx_i/U_TXOUTCLK_FREQ_COUNTER/testclk_cnt_reg[0]/C
High Pulse Width  Slow    FDCE/C   n/a            0.275         4.000       3.725      SLICE_X110Y32  u_pcie_xdma/inst/pcie4_ip_i/inst/xdma_0_pcie4_ip_gt_top_i/diablo_gt.diablo_gt_phy_wrapper/gt_wizard.gtwizard_top_i/xdma_0_pcie4_ip_gt_i/inst/gen_gtwizard_gtye4_top.xdma_0_pcie4_ip_gt_gtwizard_gtye4_inst/gen_gtwizard_gtye4.gen_cpll_cal_gtye4.gen_cpll_cal_inst[3].gen_inst_cpll_cal.gtwizard_ultrascale_v1_7_22_gtye4_cpll_cal_inst/gtwizard_ultrascale_v1_7_22_gtye4_cpll_cal_tx_i/U_TXOUTCLK_FREQ_COUNTER/testclk_cnt_reg[0]/C



---------------------------------------------------------------------------------------------------
From Clock:  u_pcie_xdma/inst/pcie4_ip_i/inst/xdma_0_pcie4_ip_gt_top_i/diablo_gt.diablo_gt_phy_wrapper/phy_clk_i/bufg_gt_intclk/O
  To Clock:  u_pcie_xdma/inst/pcie4_ip_i/inst/xdma_0_pcie4_ip_gt_top_i/diablo_gt.diablo_gt_phy_wrapper/phy_clk_i/bufg_gt_intclk/O

Setup :            0  Failing Endpoints,  Worst Slack      997.874ns,  Total Violation        0.000ns
Hold  :            0  Failing Endpoints,  Worst Slack        0.061ns,  Total Violation        0.000ns
PW    :            0  Failing Endpoints,  Worst Slack      499.725ns,  Total Violation        0.000ns
---------------------------------------------------------------------------------------------------


Max Delay Paths
--------------------------------------------------------------------------------------
Slack (MET) :             997.874ns  (required time - arrival time)
  Source:                 u_pcie_xdma/inst/pcie4_ip_i/inst/xdma_0_pcie4_ip_gt_top_i/diablo_gt.diablo_gt_phy_wrapper/phy_rst_i/intclk_rrst_n_r_reg[4]/C
                            (rising edge-triggered cell FDCE clocked by u_pcie_xdma/inst/pcie4_ip_i/inst/xdma_0_pcie4_ip_gt_top_i/diablo_gt.diablo_gt_phy_wrapper/phy_clk_i/bufg_gt_intclk/O  {rise@0.000ns fall@500.000ns period=1000.000ns})
  Destination:            u_pcie_xdma/inst/pcie4_ip_i/inst/xdma_0_pcie4_ip_gt_top_i/diablo_gt.diablo_gt_phy_wrapper/phy_rst_i/wait_cnt_reg[0]/R
                            (rising edge-triggered cell FDRE clocked by u_pcie_xdma/inst/pcie4_ip_i/inst/xdma_0_pcie4_ip_gt_top_i/diablo_gt.diablo_gt_phy_wrapper/phy_clk_i/bufg_gt_intclk/O  {rise@0.000ns fall@500.000ns period=1000.000ns})
  Path Group:             u_pcie_xdma/inst/pcie4_ip_i/inst/xdma_0_pcie4_ip_gt_top_i/diablo_gt.diablo_gt_phy_wrapper/phy_clk_i/bufg_gt_intclk/O
  Path Type:              Setup (Max at Slow Process Corner)
  Requirement:            1000.000ns  (u_pcie_xdma/inst/pcie4_ip_i/inst/xdma_0_pcie4_ip_gt_top_i/diablo_gt.diablo_gt_phy_wrapper/phy_clk_i/bufg_gt_intclk/O rise@1000.000ns - u_pcie_xdma/inst/pcie4_ip_i/inst/xdma_0_pcie4_ip_gt_top_i/diablo_gt.diablo_gt_phy_wrapper/phy_clk_i/bufg_gt_intclk/O rise@0.000ns)
  Data Path Delay:        1.943ns  (logic 0.277ns (14.260%)  route 1.666ns (85.740%))
  Logic Levels:           1  (LUT2=1)
  Clock Path Skew:        -0.065ns (DCD - SCD + CPR)
    Destination Clock Delay (DCD):    0.564ns = ( 1000.564 - 1000.000 ) 
    Source Clock Delay      (SCD):    0.631ns
    Clock Pessimism Removal (CPR):    0.002ns
  Clock Uncertainty:      0.046ns  ((TSJ^2 + DJ^2)^1/2) / 2 + PE
    Total System Jitter     (TSJ):    0.071ns
    Discrete Jitter          (DJ):    0.060ns
    Phase Error              (PE):    0.000ns
  Clock Net Delay (Source):      0.631ns (routing 0.002ns, distribution 0.629ns)
  Clock Net Delay (Destination): 0.564ns (routing 0.001ns, distribution 0.563ns)

    Location             Delay type                Incr(ns)  Path(ns)    Netlist Resource(s)
  -------------------------------------------------------------------    -------------------
                         (clock u_pcie_xdma/inst/pcie4_ip_i/inst/xdma_0_pcie4_ip_gt_top_i/diablo_gt.diablo_gt_phy_wrapper/phy_clk_i/bufg_gt_intclk/O rise edge)
                                                      0.000     0.000 r  
    BUFG_GT_X0Y17        BUFG_GT                      0.000     0.000 r  u_pcie_xdma/inst/pcie4_ip_i/inst/xdma_0_pcie4_ip_gt_top_i/diablo_gt.diablo_gt_phy_wrapper/phy_clk_i/bufg_gt_intclk/O
    X3Y0 (CLOCK_ROOT)    net (fo=13, routed)          0.631     0.631    u_pcie_xdma/inst/pcie4_ip_i/inst/xdma_0_pcie4_ip_gt_top_i/diablo_gt.diablo_gt_phy_wrapper/phy_rst_i/CLK
    SLICE_X111Y17        FDCE                                         r  u_pcie_xdma/inst/pcie4_ip_i/inst/xdma_0_pcie4_ip_gt_top_i/diablo_gt.diablo_gt_phy_wrapper/phy_rst_i/intclk_rrst_n_r_reg[4]/C
  -------------------------------------------------------------------    -------------------
    SLICE_X111Y17        FDCE (Prop_DFF2_SLICEL_C_Q)
                                                      0.098     0.729 f  u_pcie_xdma/inst/pcie4_ip_i/inst/xdma_0_pcie4_ip_gt_top_i/diablo_gt.diablo_gt_phy_wrapper/phy_rst_i/intclk_rrst_n_r_reg[4]/Q
                         net (fo=4, routed)           0.727     1.455    u_pcie_xdma/inst/pcie4_ip_i/inst/xdma_0_pcie4_ip_gt_top_i/diablo_gt.diablo_gt_phy_wrapper/phy_rst_i/intclk_rrst_n_r[4]
    SLICE_X98Y4          LUT2 (Prop_G6LUT_SLICEM_I1_O)
                                                      0.179     1.634 r  u_pcie_xdma/inst/pcie4_ip_i/inst/xdma_0_pcie4_ip_gt_top_i/diablo_gt.diablo_gt_phy_wrapper/phy_rst_i/wait_cnt[4]_i_1/O
                         net (fo=5, routed)           0.939     2.573    u_pcie_xdma/inst/pcie4_ip_i/inst/xdma_0_pcie4_ip_gt_top_i/diablo_gt.diablo_gt_phy_wrapper/phy_rst_i/wait_cnt[4]_i_1_n_0
    SLICE_X103Y4         FDRE                                         r  u_pcie_xdma/inst/pcie4_ip_i/inst/xdma_0_pcie4_ip_gt_top_i/diablo_gt.diablo_gt_phy_wrapper/phy_rst_i/wait_cnt_reg[0]/R
  -------------------------------------------------------------------    -------------------

                         (clock u_pcie_xdma/inst/pcie4_ip_i/inst/xdma_0_pcie4_ip_gt_top_i/diablo_gt.diablo_gt_phy_wrapper/phy_clk_i/bufg_gt_intclk/O rise edge)
                                                   1000.000  1000.000 r  
    BUFG_GT_X0Y17        BUFG_GT                      0.000  1000.000 r  u_pcie_xdma/inst/pcie4_ip_i/inst/xdma_0_pcie4_ip_gt_top_i/diablo_gt.diablo_gt_phy_wrapper/phy_clk_i/bufg_gt_intclk/O
    X3Y0 (CLOCK_ROOT)    net (fo=13, routed)          0.564  1000.564    u_pcie_xdma/inst/pcie4_ip_i/inst/xdma_0_pcie4_ip_gt_top_i/diablo_gt.diablo_gt_phy_wrapper/phy_rst_i/CLK
    SLICE_X103Y4         FDRE                                         r  u_pcie_xdma/inst/pcie4_ip_i/inst/xdma_0_pcie4_ip_gt_top_i/diablo_gt.diablo_gt_phy_wrapper/phy_rst_i/wait_cnt_reg[0]/C
                         clock pessimism              0.002  1000.566    
                         clock uncertainty           -0.046  1000.520    
    SLICE_X103Y4         FDRE (Setup_BFF2_SLICEM_C_R)
                                                     -0.072  1000.448    u_pcie_xdma/inst/pcie4_ip_i/inst/xdma_0_pcie4_ip_gt_top_i/diablo_gt.diablo_gt_phy_wrapper/phy_rst_i/wait_cnt_reg[0]
  -------------------------------------------------------------------
                         required time                       1000.448    
                         arrival time                          -2.573    
  -------------------------------------------------------------------
                         slack                                997.874    





Min Delay Paths
--------------------------------------------------------------------------------------
Slack (MET) :             0.061ns  (arrival time - required time)
  Source:                 u_pcie_xdma/inst/pcie4_ip_i/inst/xdma_0_pcie4_ip_gt_top_i/diablo_gt.diablo_gt_phy_wrapper/phy_rst_i/wait_cnt_reg[1]/C
                            (rising edge-triggered cell FDRE clocked by u_pcie_xdma/inst/pcie4_ip_i/inst/xdma_0_pcie4_ip_gt_top_i/diablo_gt.diablo_gt_phy_wrapper/phy_clk_i/bufg_gt_intclk/O  {rise@0.000ns fall@500.000ns period=1000.000ns})
  Destination:            u_pcie_xdma/inst/pcie4_ip_i/inst/xdma_0_pcie4_ip_gt_top_i/diablo_gt.diablo_gt_phy_wrapper/phy_rst_i/wait_cnt_reg[2]/D
                            (rising edge-triggered cell FDRE clocked by u_pcie_xdma/inst/pcie4_ip_i/inst/xdma_0_pcie4_ip_gt_top_i/diablo_gt.diablo_gt_phy_wrapper/phy_clk_i/bufg_gt_intclk/O  {rise@0.000ns fall@500.000ns period=1000.000ns})
  Path Group:             u_pcie_xdma/inst/pcie4_ip_i/inst/xdma_0_pcie4_ip_gt_top_i/diablo_gt.diablo_gt_phy_wrapper/phy_clk_i/bufg_gt_intclk/O
  Path Type:              Hold (Min at Fast Process Corner)
  Requirement:            0.000ns  (u_pcie_xdma/inst/pcie4_ip_i/inst/xdma_0_pcie4_ip_gt_top_i/diablo_gt.diablo_gt_phy_wrapper/phy_clk_i/bufg_gt_intclk/O rise@0.000ns - u_pcie_xdma/inst/pcie4_ip_i/inst/xdma_0_pcie4_ip_gt_top_i/diablo_gt.diablo_gt_phy_wrapper/phy_clk_i/bufg_gt_intclk/O rise@0.000ns)
  Data Path Delay:        0.114ns  (logic 0.076ns (66.657%)  route 0.038ns (33.343%))
  Logic Levels:           1  (LUT3=1)
  Clock Path Skew:        0.006ns (DCD - SCD - CPR)
    Destination Clock Delay (DCD):    0.385ns
    Source Clock Delay      (SCD):    0.334ns
    Clock Pessimism Removal (CPR):    0.045ns
  Clock Net Delay (Source):      0.334ns (routing 0.001ns, distribution 0.333ns)
  Clock Net Delay (Destination): 0.385ns (routing 0.001ns, distribution 0.384ns)

    Location             Delay type                Incr(ns)  Path(ns)    Netlist Resource(s)
  -------------------------------------------------------------------    -------------------
                         (clock u_pcie_xdma/inst/pcie4_ip_i/inst/xdma_0_pcie4_ip_gt_top_i/diablo_gt.diablo_gt_phy_wrapper/phy_clk_i/bufg_gt_intclk/O rise edge)
                                                      0.000     0.000 r  
    BUFG_GT_X0Y17        BUFG_GT                      0.000     0.000 r  u_pcie_xdma/inst/pcie4_ip_i/inst/xdma_0_pcie4_ip_gt_top_i/diablo_gt.diablo_gt_phy_wrapper/phy_clk_i/bufg_gt_intclk/O
    X3Y0 (CLOCK_ROOT)    net (fo=13, routed)          0.334     0.334    u_pcie_xdma/inst/pcie4_ip_i/inst/xdma_0_pcie4_ip_gt_top_i/diablo_gt.diablo_gt_phy_wrapper/phy_rst_i/CLK
    SLICE_X103Y4         FDRE                                         r  u_pcie_xdma/inst/pcie4_ip_i/inst/xdma_0_pcie4_ip_gt_top_i/diablo_gt.diablo_gt_phy_wrapper/phy_rst_i/wait_cnt_reg[1]/C
  -------------------------------------------------------------------    -------------------
    SLICE_X103Y4         FDRE (Prop_DFF_SLICEM_C_Q)
                                                      0.039     0.373 r  u_pcie_xdma/inst/pcie4_ip_i/inst/xdma_0_pcie4_ip_gt_top_i/diablo_gt.diablo_gt_phy_wrapper/phy_rst_i/wait_cnt_reg[1]/Q
                         net (fo=4, routed)           0.029     0.402    u_pcie_xdma/inst/pcie4_ip_i/inst/xdma_0_pcie4_ip_gt_top_i/diablo_gt.diablo_gt_phy_wrapper/phy_rst_i/wait_cnt_reg_n_0_[1]
    SLICE_X103Y4         LUT3 (Prop_D5LUT_SLICEM_I1_O)
                                                      0.037     0.439 r  u_pcie_xdma/inst/pcie4_ip_i/inst/xdma_0_pcie4_ip_gt_top_i/diablo_gt.diablo_gt_phy_wrapper/phy_rst_i/wait_cnt[2]_i_1/O
                         net (fo=1, routed)           0.009     0.448    u_pcie_xdma/inst/pcie4_ip_i/inst/xdma_0_pcie4_ip_gt_top_i/diablo_gt.diablo_gt_phy_wrapper/phy_rst_i/p_0_in__7[2]
    SLICE_X103Y4         FDRE                                         r  u_pcie_xdma/inst/pcie4_ip_i/inst/xdma_0_pcie4_ip_gt_top_i/diablo_gt.diablo_gt_phy_wrapper/phy_rst_i/wait_cnt_reg[2]/D
  -------------------------------------------------------------------    -------------------

                         (clock u_pcie_xdma/inst/pcie4_ip_i/inst/xdma_0_pcie4_ip_gt_top_i/diablo_gt.diablo_gt_phy_wrapper/phy_clk_i/bufg_gt_intclk/O rise edge)
                                                      0.000     0.000 r  
    BUFG_GT_X0Y17        BUFG_GT                      0.000     0.000 r  u_pcie_xdma/inst/pcie4_ip_i/inst/xdma_0_pcie4_ip_gt_top_i/diablo_gt.diablo_gt_phy_wrapper/phy_clk_i/bufg_gt_intclk/O
    X3Y0 (CLOCK_ROOT)    net (fo=13, routed)          0.385     0.385    u_pcie_xdma/inst/pcie4_ip_i/inst/xdma_0_pcie4_ip_gt_top_i/diablo_gt.diablo_gt_phy_wrapper/phy_rst_i/CLK
    SLICE_X103Y4         FDRE                                         r  u_pcie_xdma/inst/pcie4_ip_i/inst/xdma_0_pcie4_ip_gt_top_i/diablo_gt.diablo_gt_phy_wrapper/phy_rst_i/wait_cnt_reg[2]/C
                         clock pessimism             -0.045     0.340    
    SLICE_X103Y4         FDRE (Hold_DFF2_SLICEM_C_D)
                                                      0.047     0.387    u_pcie_xdma/inst/pcie4_ip_i/inst/xdma_0_pcie4_ip_gt_top_i/diablo_gt.diablo_gt_phy_wrapper/phy_rst_i/wait_cnt_reg[2]
  -------------------------------------------------------------------
                         required time                         -0.387    
                         arrival time                           0.448    
  -------------------------------------------------------------------
                         slack                                  0.061    





Pulse Width Checks
--------------------------------------------------------------------------------------
Clock Name:         u_pcie_xdma/inst/pcie4_ip_i/inst/xdma_0_pcie4_ip_gt_top_i/diablo_gt.diablo_gt_phy_wrapper/phy_clk_i/bufg_gt_intclk/O
Waveform(ns):       { 0.000 500.000 }
Period(ns):         1000.000
Sources:            { u_pcie_xdma/inst/pcie4_ip_i/inst/xdma_0_pcie4_ip_gt_top_i/diablo_gt.diablo_gt_phy_wrapper/phy_clk_i/bufg_gt_intclk/O }

Check Type        Corner  Lib Pin  Reference Pin  Required(ns)  Actual(ns)  Slack(ns)  Location     Pin
Min Period        n/a     FDRE/C   n/a            0.550         1000.000    999.450    SLICE_X98Y4  u_pcie_xdma/inst/pcie4_ip_i/inst/xdma_0_pcie4_ip_gt_top_i/diablo_gt.diablo_gt_phy_wrapper/phy_rst_i/FSM_sequential_pwr_on_fsm_reg/C
Low Pulse Width   Slow    FDRE/C   n/a            0.275         500.000     499.725    SLICE_X98Y4  u_pcie_xdma/inst/pcie4_ip_i/inst/xdma_0_pcie4_ip_gt_top_i/diablo_gt.diablo_gt_phy_wrapper/phy_rst_i/FSM_sequential_pwr_on_fsm_reg/C
High Pulse Width  Slow    FDRE/C   n/a            0.275         500.000     499.725    SLICE_X98Y4  u_pcie_xdma/inst/pcie4_ip_i/inst/xdma_0_pcie4_ip_gt_top_i/diablo_gt.diablo_gt_phy_wrapper/phy_rst_i/FSM_sequential_pwr_on_fsm_reg/C



---------------------------------------------------------------------------------------------------
From Clock:  txoutclk_out[0]_1
  To Clock:  rxoutclk_out[0]_1

Setup :            0  Failing Endpoints,  Worst Slack        4.992ns,  Total Violation        0.000ns
Hold  :            0  Failing Endpoints,  Worst Slack        0.026ns,  Total Violation        0.000ns
---------------------------------------------------------------------------------------------------


Max Delay Paths
--------------------------------------------------------------------------------------
Slack (MET) :             4.992ns  (required time - arrival time)
  Source:                 u_mac_tx/stat_frames_reg[28]/C
                            (rising edge-triggered cell FDCE clocked by txoutclk_out[0]_1  {rise@0.000ns fall@3.200ns period=6.400ns})
  Destination:            u_snap_fe/hold_b_reg[252]/D
                            (rising edge-triggered cell FDCE clocked by rxoutclk_out[0]_1  {rise@0.000ns fall@3.200ns period=6.400ns})
  Path Group:             rxoutclk_out[0]_1
  Path Type:              Setup (Max at Slow Process Corner)
  Requirement:            6.400ns  (rxoutclk_out[0]_1 rise@6.400ns - txoutclk_out[0]_1 rise@0.000ns)
  Data Path Delay:        1.152ns  (logic 0.096ns (8.331%)  route 1.056ns (91.669%))
  Logic Levels:           0  
  Clock Path Skew:        -0.236ns (DCD - SCD + CPR)
    Destination Clock Delay (DCD):    1.617ns = ( 8.017 - 6.400 ) 
    Source Clock Delay      (SCD):    1.853ns
    Clock Pessimism Removal (CPR):    0.000ns
  Clock Uncertainty:      0.046ns  ((TSJ^2 + DJ^2)^1/2) / 2 + PE
    Total System Jitter     (TSJ):    0.071ns
    Discrete Jitter          (DJ):    0.060ns
    Phase Error              (PE):    0.000ns
  Clock Net Delay (Source):      1.624ns (routing 0.638ns, distribution 0.986ns)
  Clock Net Delay (Destination): 1.412ns (routing 0.577ns, distribution 0.835ns)

    Location             Delay type                Incr(ns)  Path(ns)    Netlist Resource(s)
  -------------------------------------------------------------------    -------------------
                         (clock txoutclk_out[0]_1 rise edge)
                                                      0.000     0.000 r  
    GTYE4_CHANNEL_X0Y5   GTYE4_CHANNEL                0.000     0.000 r  u_pcs/inst/i_pcs64_gt_1/inst/gen_gtwizard_gtye4_top.pcs64_gt_1_gtwizard_gtye4_inst/gen_gtwizard_gtye4.gen_channel_container[1].gen_enabled_channel.gtye4_channel_wrapper_inst/channel_inst/gtye4_channel_gen.gen_gtye4_channel_inst[0].GTYE4_CHANNEL_PRIM_INST/TXOUTCLK
                         net (fo=2, routed)           0.090     0.090    u_pcs/inst/i_core_gtwiz_userclk_tx_inst_1/txoutclk_out[0]
    BUFG_GT_X0Y28        BUFG_GT (Prop_BUFG_GT_I_O)
                                                      0.139     0.229 r  u_pcs/inst/i_core_gtwiz_userclk_tx_inst_1/gen_gtwiz_userclk_tx_main.bufg_gt_usrclk_inst/O
    X2Y1 (CLOCK_ROOT)    net (fo=1237, routed)        1.624     1.853    u_mac_tx/tx_mii_clk_1
    SLICE_X80Y142        FDCE                                         r  u_mac_tx/stat_frames_reg[28]/C
  -------------------------------------------------------------------    -------------------
    SLICE_X80Y142        FDCE (Prop_EFF_SLICEL_C_Q)
                                                      0.096     1.949 r  u_mac_tx/stat_frames_reg[28]/Q
                         net (fo=2, routed)           1.056     3.005    u_snap_fe/D[236]
    SLICE_X79Y143        FDCE                                         r  u_snap_fe/hold_b_reg[252]/D
  -------------------------------------------------------------------    -------------------

                         (clock rxoutclk_out[0]_1 rise edge)
                                                      6.400     6.400 r  
    GTYE4_CHANNEL_X0Y5   GTYE4_CHANNEL                0.000     6.400 r  u_pcs/inst/i_pcs64_gt_1/inst/gen_gtwizard_gtye4_top.pcs64_gt_1_gtwizard_gtye4_inst/gen_gtwizard_gtye4.gen_channel_container[1].gen_enabled_channel.gtye4_channel_wrapper_inst/channel_inst/gtye4_channel_gen.gen_gtye4_channel_inst[0].GTYE4_CHANNEL_PRIM_INST/RXOUTCLK
                         net (fo=2, routed)           0.083     6.483    u_pcs/inst/i_core_gtwiz_userclk_rx_inst_1/rxoutclk_out[0]
    BUFG_GT_X0Y26        BUFG_GT (Prop_BUFG_GT_I_O)
                                                      0.122     6.605 r  u_pcs/inst/i_core_gtwiz_userclk_rx_inst_1/gen_gtwiz_userclk_rx_main.bufg_gt_usrclk_inst/O
    X2Y1 (CLOCK_ROOT)    net (fo=3657, routed)        1.412     8.017    u_snap_fe/CLK
    SLICE_X79Y143        FDCE                                         r  u_snap_fe/hold_b_reg[252]/C
                         clock pessimism              0.000     8.017    
                         clock uncertainty           -0.046     7.971    
    SLICE_X79Y143        FDCE (Setup_CFF_SLICEM_C_D)
                                                      0.027     7.998    u_snap_fe/hold_b_reg[252]
  -------------------------------------------------------------------
                         required time                          7.998    
                         arrival time                          -3.005    
  -------------------------------------------------------------------
                         slack                                  4.992    





Min Delay Paths
--------------------------------------------------------------------------------------
Slack (MET) :             0.026ns  (arrival time - required time)
  Source:                 u_mac_tx/stat_abort_reg[15]/C
                            (rising edge-triggered cell FDCE clocked by txoutclk_out[0]_1  {rise@0.000ns fall@3.200ns period=6.400ns})
  Destination:            u_snap_fe/hold_b_reg[207]/D
                            (rising edge-triggered cell FDCE clocked by rxoutclk_out[0]_1  {rise@0.000ns fall@3.200ns period=6.400ns})
  Path Group:             rxoutclk_out[0]_1
  Path Type:              Hold (Min at Slow Process Corner)
  Requirement:            0.000ns  (rxoutclk_out[0]_1 rise@0.000ns - txoutclk_out[0]_1 rise@0.000ns)
  Data Path Delay:        0.374ns  (logic 0.070ns (18.725%)  route 0.304ns (81.275%))
  Logic Levels:           0  
  Clock Path Skew:        0.247ns (DCD - SCD - CPR)
    Destination Clock Delay (DCD):    1.873ns
    Source Clock Delay      (SCD):    1.626ns
    Clock Pessimism Removal (CPR):    -0.000ns
  Clock Uncertainty:      0.046ns  ((TSJ^2 + DJ^2)^1/2) / 2 + PE
    Total System Jitter     (TSJ):    0.071ns
    Discrete Jitter          (DJ):    0.060ns
    Phase Error              (PE):    0.000ns
  Clock Net Delay (Source):      1.422ns (routing 0.574ns, distribution 0.848ns)
  Clock Net Delay (Destination): 1.644ns (routing 0.641ns, distribution 1.003ns)

    Location             Delay type                Incr(ns)  Path(ns)    Netlist Resource(s)
  -------------------------------------------------------------------    -------------------
                         (clock txoutclk_out[0]_1 rise edge)
                                                      0.000     0.000 r  
    GTYE4_CHANNEL_X0Y5   GTYE4_CHANNEL                0.000     0.000 r  u_pcs/inst/i_pcs64_gt_1/inst/gen_gtwizard_gtye4_top.pcs64_gt_1_gtwizard_gtye4_inst/gen_gtwizard_gtye4.gen_channel_container[1].gen_enabled_channel.gtye4_channel_wrapper_inst/channel_inst/gtye4_channel_gen.gen_gtye4_channel_inst[0].GTYE4_CHANNEL_PRIM_INST/TXOUTCLK
                         net (fo=2, routed)           0.082     0.082    u_pcs/inst/i_core_gtwiz_userclk_tx_inst_1/txoutclk_out[0]
    BUFG_GT_X0Y28        BUFG_GT (Prop_BUFG_GT_I_O)
                                                      0.122     0.204 r  u_pcs/inst/i_core_gtwiz_userclk_tx_inst_1/gen_gtwiz_userclk_tx_main.bufg_gt_usrclk_inst/O
    X2Y1 (CLOCK_ROOT)    net (fo=1237, routed)        1.422     1.626    u_mac_tx/tx_mii_clk_1
    SLICE_X81Y141        FDCE                                         r  u_mac_tx/stat_abort_reg[15]/C
  -------------------------------------------------------------------    -------------------
    SLICE_X81Y141        FDCE (Prop_HFF_SLICEM_C_Q)
                                                      0.070     1.696 r  u_mac_tx/stat_abort_reg[15]/Q
                         net (fo=2, routed)           0.304     2.000    u_snap_fe/D[191]
    SLICE_X81Y125        FDCE                                         r  u_snap_fe/hold_b_reg[207]/D
  -------------------------------------------------------------------    -------------------

                         (clock rxoutclk_out[0]_1 rise edge)
                                                      0.000     0.000 r  
    GTYE4_CHANNEL_X0Y5   GTYE4_CHANNEL                0.000     0.000 r  u_pcs/inst/i_pcs64_gt_1/inst/gen_gtwizard_gtye4_top.pcs64_gt_1_gtwizard_gtye4_inst/gen_gtwizard_gtye4.gen_channel_container[1].gen_enabled_channel.gtye4_channel_wrapper_inst/channel_inst/gtye4_channel_gen.gen_gtye4_channel_inst[0].GTYE4_CHANNEL_PRIM_INST/RXOUTCLK
                         net (fo=2, routed)           0.090     0.090    u_pcs/inst/i_core_gtwiz_userclk_rx_inst_1/rxoutclk_out[0]
    BUFG_GT_X0Y26        BUFG_GT (Prop_BUFG_GT_I_O)
                                                      0.139     0.229 r  u_pcs/inst/i_core_gtwiz_userclk_rx_inst_1/gen_gtwiz_userclk_rx_main.bufg_gt_usrclk_inst/O
    X2Y1 (CLOCK_ROOT)    net (fo=3657, routed)        1.644     1.873    u_snap_fe/CLK
    SLICE_X81Y125        FDCE                                         r  u_snap_fe/hold_b_reg[207]/C
                         clock pessimism              0.000     1.873    
                         clock uncertainty            0.046     1.919    
    SLICE_X81Y125        FDCE (Hold_AFF2_SLICEM_C_D)
                                                      0.054     1.973    u_snap_fe/hold_b_reg[207]
  -------------------------------------------------------------------
                         required time                         -1.973    
                         arrival time                           2.000    
  -------------------------------------------------------------------
                         slack                                  0.026    





---------------------------------------------------------------------------------------------------
From Clock:  pipe_clk
  To Clock:  pcie_axi_aclk

Setup :            0  Failing Endpoints,  Worst Slack        2.293ns,  Total Violation        0.000ns
Hold  :            0  Failing Endpoints,  Worst Slack        0.422ns,  Total Violation        0.000ns
---------------------------------------------------------------------------------------------------


Max Delay Paths
--------------------------------------------------------------------------------------
Slack (MET) :             2.293ns  (required time - arrival time)
  Source:                 u_pcie_xdma/inst/pcie4_ip_i/inst/xdma_0_pcie4_ip_gt_top_i/diablo_gt.diablo_gt_phy_wrapper/rst_psrst_n_r_rep_reg_rep__0/C
                            (rising edge-triggered cell FDRE clocked by pipe_clk  {rise@0.000ns fall@2.000ns period=4.000ns})
  Destination:            u_pcie_xdma/inst/pcie4_ip_i/inst/xdma_0_pcie4_ip_pcie_4_0_pipe_inst/pcie_4_0_init_ctrl_inst/reg_reset_timer_reg[0]/R
                            (rising edge-triggered cell FDRE clocked by pcie_axi_aclk  {rise@0.000ns fall@2.000ns period=4.000ns})
  Path Group:             pcie_axi_aclk
  Path Type:              Setup (Max at Slow Process Corner)
  Requirement:            4.000ns  (pcie_axi_aclk rise@4.000ns - pipe_clk rise@0.000ns)
  Data Path Delay:        1.227ns  (logic 0.099ns (8.069%)  route 1.128ns (91.931%))
  Logic Levels:           0  
  Clock Path Skew:        -0.362ns (DCD - SCD + CPR)
    Destination Clock Delay (DCD):    1.938ns = ( 5.938 - 4.000 ) 
    Source Clock Delay      (SCD):    2.301ns
    Clock Pessimism Removal (CPR):    0.001ns
  Clock Uncertainty:      0.046ns  ((TSJ^2 + DJ^2)^1/2) / 2 + PE
    Total System Jitter     (TSJ):    0.071ns
    Discrete Jitter          (DJ):    0.060ns
    Phase Error              (PE):    0.000ns
  Clock Net Delay (Source):      2.072ns (routing 0.752ns, distribution 1.320ns)
  Clock Net Delay (Destination): 1.734ns (routing 0.683ns, distribution 1.051ns)

    Location             Delay type                Incr(ns)  Path(ns)    Netlist Resource(s)
  -------------------------------------------------------------------    -------------------
                         (clock pipe_clk rise edge)
                                                      0.000     0.000 r  
    GTYE4_CHANNEL_X0Y3   GTYE4_CHANNEL                0.000     0.000 r  u_pcie_xdma/inst/pcie4_ip_i/inst/xdma_0_pcie4_ip_gt_top_i/diablo_gt.diablo_gt_phy_wrapper/gt_wizard.gtwizard_top_i/xdma_0_pcie4_ip_gt_i/inst/gen_gtwizard_gtye4_top.xdma_0_pcie4_ip_gt_gtwizard_gtye4_inst/gen_gtwizard_gtye4.gen_channel_container[3].gen_enabled_channel.gtye4_channel_wrapper_inst/channel_inst/gtye4_channel_gen.gen_gtye4_channel_inst[3].GTYE4_CHANNEL_PRIM_INST/TXOUTCLK
                         net (fo=6, routed)           0.090     0.090    u_pcie_xdma/inst/pcie4_ip_i/inst/xdma_0_pcie4_ip_gt_top_i/diablo_gt.diablo_gt_phy_wrapper/phy_clk_i/CLK_TXOUTCLK
    BUFG_GT_X0Y15        BUFG_GT (Prop_BUFG_GT_I_O)
                                                      0.139     0.229 r  u_pcie_xdma/inst/pcie4_ip_i/inst/xdma_0_pcie4_ip_gt_top_i/diablo_gt.diablo_gt_phy_wrapper/phy_clk_i/bufg_gt_pclk/O
    X2Y1 (CLOCK_ROOT)    net (fo=1138, routed)        2.072     2.301    u_pcie_xdma/inst/pcie4_ip_i/inst/xdma_0_pcie4_ip_gt_top_i/diablo_gt.diablo_gt_phy_wrapper/CLK_PCLK2
    SLICE_X104Y25        FDRE                                         r  u_pcie_xdma/inst/pcie4_ip_i/inst/xdma_0_pcie4_ip_gt_top_i/diablo_gt.diablo_gt_phy_wrapper/rst_psrst_n_r_rep_reg_rep__0/C
  -------------------------------------------------------------------    -------------------
    SLICE_X104Y25        FDRE (Prop_GFF2_SLICEL_C_Q)
                                                      0.099     2.400 f  u_pcie_xdma/inst/pcie4_ip_i/inst/xdma_0_pcie4_ip_gt_top_i/diablo_gt.diablo_gt_phy_wrapper/rst_psrst_n_r_rep_reg_rep__0/Q
                         net (fo=190, routed)         1.128     3.528    u_pcie_xdma/inst/pcie4_ip_i/inst/xdma_0_pcie4_ip_pcie_4_0_pipe_inst/pcie_4_0_init_ctrl_inst/reg_reset_timer_reg[1]_0[0]
    SLICE_X92Y24         FDRE                                         r  u_pcie_xdma/inst/pcie4_ip_i/inst/xdma_0_pcie4_ip_pcie_4_0_pipe_inst/pcie_4_0_init_ctrl_inst/reg_reset_timer_reg[0]/R  (IS_INVERTED)
  -------------------------------------------------------------------    -------------------

                         (clock pcie_axi_aclk rise edge)
                                                      4.000     4.000 r  
    GTYE4_CHANNEL_X0Y3   GTYE4_CHANNEL                0.000     4.000 r  u_pcie_xdma/inst/pcie4_ip_i/inst/xdma_0_pcie4_ip_gt_top_i/diablo_gt.diablo_gt_phy_wrapper/gt_wizard.gtwizard_top_i/xdma_0_pcie4_ip_gt_i/inst/gen_gtwizard_gtye4_top.xdma_0_pcie4_ip_gt_gtwizard_gtye4_inst/gen_gtwizard_gtye4.gen_channel_container[3].gen_enabled_channel.gtye4_channel_wrapper_inst/channel_inst/gtye4_channel_gen.gen_gtye4_channel_inst[3].GTYE4_CHANNEL_PRIM_INST/TXOUTCLK
                         net (fo=6, routed)           0.082     4.082    u_pcie_xdma/inst/pcie4_ip_i/inst/xdma_0_pcie4_ip_gt_top_i/diablo_gt.diablo_gt_phy_wrapper/phy_clk_i/CLK_TXOUTCLK
    BUFG_GT_X0Y18        BUFG_GT (Prop_BUFG_GT_I_O)
                                                      0.122     4.204 r  u_pcie_xdma/inst/pcie4_ip_i/inst/xdma_0_pcie4_ip_gt_top_i/diablo_gt.diablo_gt_phy_wrapper/phy_clk_i/bufg_gt_coreclk/O
    X2Y1 (CLOCK_ROOT)    net (fo=20546, routed)       1.734     5.938    u_pcie_xdma/inst/pcie4_ip_i/inst/xdma_0_pcie4_ip_pcie_4_0_pipe_inst/pcie_4_0_init_ctrl_inst/PHY_CORECLK
    SLICE_X92Y24         FDRE                                         r  u_pcie_xdma/inst/pcie4_ip_i/inst/xdma_0_pcie4_ip_pcie_4_0_pipe_inst/pcie_4_0_init_ctrl_inst/reg_reset_timer_reg[0]/C
                         clock pessimism              0.001     5.939    
                         clock uncertainty           -0.046     5.893    
    SLICE_X92Y24         FDRE (Setup_DFF_SLICEM_C_R)
                                                     -0.072     5.821    u_pcie_xdma/inst/pcie4_ip_i/inst/xdma_0_pcie4_ip_pcie_4_0_pipe_inst/pcie_4_0_init_ctrl_inst/reg_reset_timer_reg[0]
  -------------------------------------------------------------------
                         required time                          5.821    
                         arrival time                          -3.528    
  -------------------------------------------------------------------
                         slack                                  2.293    





Min Delay Paths
--------------------------------------------------------------------------------------
Slack (MET) :             0.422ns  (arrival time - required time)
  Source:                 u_pcie_xdma/inst/pcie4_ip_i/inst/xdma_0_pcie4_ip_gt_top_i/diablo_gt.diablo_gt_phy_wrapper/rst_psrst_n_r_rep_reg/C
                            (rising edge-triggered cell FDRE clocked by pipe_clk  {rise@0.000ns fall@2.000ns period=4.000ns})
  Destination:            u_pcie_xdma/inst/pcie4_ip_i/inst/xdma_0_pcie4_ip_pcie_4_0_pipe_inst/pcie_4_0_init_ctrl_inst/reg_phy_rdy_reg[0]/D
                            (rising edge-triggered cell FDRE clocked by pcie_axi_aclk  {rise@0.000ns fall@2.000ns period=4.000ns})
  Path Group:             pcie_axi_aclk
  Path Type:              Hold (Min at Fast Process Corner)
  Requirement:            0.000ns  (pcie_axi_aclk rise@0.000ns - pipe_clk rise@0.000ns)
  Data Path Delay:        0.563ns  (logic 0.039ns (6.927%)  route 0.524ns (93.073%))
  Logic Levels:           0  
  Clock Path Skew:        0.094ns (DCD - SCD - CPR)
    Destination Clock Delay (DCD):    1.268ns
    Source Clock Delay      (SCD):    1.174ns
    Clock Pessimism Removal (CPR):    0.001ns
  Clock Net Delay (Source):      1.049ns (routing 0.382ns, distribution 0.667ns)
  Clock Net Delay (Destination): 1.129ns (routing 0.425ns, distribution 0.704ns)

    Location             Delay type                Incr(ns)  Path(ns)    Netlist Resource(s)
  -------------------------------------------------------------------    -------------------
                         (clock pipe_clk rise edge)
                                                      0.000     0.000 r  
    GTYE4_CHANNEL_X0Y3   GTYE4_CHANNEL                0.000     0.000 r  u_pcie_xdma/inst/pcie4_ip_i/inst/xdma_0_pcie4_ip_gt_top_i/diablo_gt.diablo_gt_phy_wrapper/gt_wizard.gtwizard_top_i/xdma_0_pcie4_ip_gt_i/inst/gen_gtwizard_gtye4_top.xdma_0_pcie4_ip_gt_gtwizard_gtye4_inst/gen_gtwizard_gtye4.gen_channel_container[3].gen_enabled_channel.gtye4_channel_wrapper_inst/channel_inst/gtye4_channel_gen.gen_gtye4_channel_inst[3].GTYE4_CHANNEL_PRIM_INST/TXOUTCLK
                         net (fo=6, routed)           0.052     0.052    u_pcie_xdma/inst/pcie4_ip_i/inst/xdma_0_pcie4_ip_gt_top_i/diablo_gt.diablo_gt_phy_wrapper/phy_clk_i/CLK_TXOUTCLK
    BUFG_GT_X0Y15        BUFG_GT (Prop_BUFG_GT_I_O)
                                                      0.073     0.125 r  u_pcie_xdma/inst/pcie4_ip_i/inst/xdma_0_pcie4_ip_gt_top_i/diablo_gt.diablo_gt_phy_wrapper/phy_clk_i/bufg_gt_pclk/O
    X2Y1 (CLOCK_ROOT)    net (fo=1138, routed)        1.049     1.174    u_pcie_xdma/inst/pcie4_ip_i/inst/xdma_0_pcie4_ip_gt_top_i/diablo_gt.diablo_gt_phy_wrapper/CLK_PCLK2
    SLICE_X104Y25        FDRE                                         r  u_pcie_xdma/inst/pcie4_ip_i/inst/xdma_0_pcie4_ip_gt_top_i/diablo_gt.diablo_gt_phy_wrapper/rst_psrst_n_r_rep_reg/C
  -------------------------------------------------------------------    -------------------
    SLICE_X104Y25        FDRE (Prop_HFF2_SLICEL_C_Q)
                                                      0.039     1.213 r  u_pcie_xdma/inst/pcie4_ip_i/inst/xdma_0_pcie4_ip_gt_top_i/diablo_gt.diablo_gt_phy_wrapper/rst_psrst_n_r_rep_reg/Q
                         net (fo=176, routed)         0.524     1.737    u_pcie_xdma/inst/pcie4_ip_i/inst/xdma_0_pcie4_ip_pcie_4_0_pipe_inst/pcie_4_0_init_ctrl_inst/reg_phy_rdy_reg[0]_0[0]
    SLICE_X94Y23         FDRE                                         r  u_pcie_xdma/inst/pcie4_ip_i/inst/xdma_0_pcie4_ip_pcie_4_0_pipe_inst/pcie_4_0_init_ctrl_inst/reg_phy_rdy_reg[0]/D
  -------------------------------------------------------------------    -------------------

                         (clock pcie_axi_aclk rise edge)
                                                      0.000     0.000 r  
    GTYE4_CHANNEL_X0Y3   GTYE4_CHANNEL                0.000     0.000 r  u_pcie_xdma/inst/pcie4_ip_i/inst/xdma_0_pcie4_ip_gt_top_i/diablo_gt.diablo_gt_phy_wrapper/gt_wizard.gtwizard_top_i/xdma_0_pcie4_ip_gt_i/inst/gen_gtwizard_gtye4_top.xdma_0_pcie4_ip_gt_gtwizard_gtye4_inst/gen_gtwizard_gtye4.gen_channel_container[3].gen_enabled_channel.gtye4_channel_wrapper_inst/channel_inst/gtye4_channel_gen.gen_gtye4_channel_inst[3].GTYE4_CHANNEL_PRIM_INST/TXOUTCLK
                         net (fo=6, routed)           0.057     0.057    u_pcie_xdma/inst/pcie4_ip_i/inst/xdma_0_pcie4_ip_gt_top_i/diablo_gt.diablo_gt_phy_wrapper/phy_clk_i/CLK_TXOUTCLK
    BUFG_GT_X0Y18        BUFG_GT (Prop_BUFG_GT_I_O)
                                                      0.082     0.139 r  u_pcie_xdma/inst/pcie4_ip_i/inst/xdma_0_pcie4_ip_gt_top_i/diablo_gt.diablo_gt_phy_wrapper/phy_clk_i/bufg_gt_coreclk/O
    X2Y1 (CLOCK_ROOT)    net (fo=20546, routed)       1.129     1.268    u_pcie_xdma/inst/pcie4_ip_i/inst/xdma_0_pcie4_ip_pcie_4_0_pipe_inst/pcie_4_0_init_ctrl_inst/PHY_CORECLK
    SLICE_X94Y23         FDRE                                         r  u_pcie_xdma/inst/pcie4_ip_i/inst/xdma_0_pcie4_ip_pcie_4_0_pipe_inst/pcie_4_0_init_ctrl_inst/reg_phy_rdy_reg[0]/C
                         clock pessimism             -0.001     1.267    
    SLICE_X94Y23         FDRE (Hold_DFF2_SLICEL_C_D)
                                                      0.047     1.314    u_pcie_xdma/inst/pcie4_ip_i/inst/xdma_0_pcie4_ip_pcie_4_0_pipe_inst/pcie_4_0_init_ctrl_inst/reg_phy_rdy_reg[0]
  -------------------------------------------------------------------
                         required time                         -1.314    
                         arrival time                           1.737    
  -------------------------------------------------------------------
                         slack                                  0.422    





---------------------------------------------------------------------------------------------------
From Clock:  pcie_axi_aclk
  To Clock:  pipe_clk

Setup :            0  Failing Endpoints,  Worst Slack        2.554ns,  Total Violation        0.000ns
Hold  :            0  Failing Endpoints,  Worst Slack        0.261ns,  Total Violation        0.000ns
---------------------------------------------------------------------------------------------------


Max Delay Paths
--------------------------------------------------------------------------------------
Slack (MET) :             2.554ns  (required time - arrival time)
  Source:                 u_pcie_xdma/inst/pcie4_ip_i/inst/as_mac_in_detect_user_reg/C
                            (rising edge-triggered cell FDPE clocked by pcie_axi_aclk  {rise@0.000ns fall@2.000ns period=4.000ns})
  Destination:            u_pcie_xdma/inst/pcie4_ip_i/inst/as_mac_in_detect_ff_reg/D
                            (rising edge-triggered cell FDPE clocked by pipe_clk  {rise@0.000ns fall@2.000ns period=4.000ns})
  Path Group:             pipe_clk
  Path Type:              Setup (Max at Slow Process Corner)
  Requirement:            4.000ns  (pipe_clk rise@4.000ns - pcie_axi_aclk rise@0.000ns)
  Data Path Delay:        1.150ns  (logic 0.098ns (8.522%)  route 1.052ns (91.478%))
  Logic Levels:           0  
  Clock Path Skew:        -0.277ns (DCD - SCD + CPR)
    Destination Clock Delay (DCD):    1.963ns = ( 5.963 - 4.000 ) 
    Source Clock Delay      (SCD):    2.241ns
    Clock Pessimism Removal (CPR):    0.001ns
  Clock Uncertainty:      0.046ns  ((TSJ^2 + DJ^2)^1/2) / 2 + PE
    Total System Jitter     (TSJ):    0.071ns
    Discrete Jitter          (DJ):    0.060ns
    Phase Error              (PE):    0.000ns
  Clock Net Delay (Source):      2.012ns (routing 0.750ns, distribution 1.262ns)
  Clock Net Delay (Destination): 1.759ns (routing 0.680ns, distribution 1.079ns)

    Location             Delay type                Incr(ns)  Path(ns)    Netlist Resource(s)
  -------------------------------------------------------------------    -------------------
                         (clock pcie_axi_aclk rise edge)
                                                      0.000     0.000 r  
    GTYE4_CHANNEL_X0Y3   GTYE4_CHANNEL                0.000     0.000 r  u_pcie_xdma/inst/pcie4_ip_i/inst/xdma_0_pcie4_ip_gt_top_i/diablo_gt.diablo_gt_phy_wrapper/gt_wizard.gtwizard_top_i/xdma_0_pcie4_ip_gt_i/inst/gen_gtwizard_gtye4_top.xdma_0_pcie4_ip_gt_gtwizard_gtye4_inst/gen_gtwizard_gtye4.gen_channel_container[3].gen_enabled_channel.gtye4_channel_wrapper_inst/channel_inst/gtye4_channel_gen.gen_gtye4_channel_inst[3].GTYE4_CHANNEL_PRIM_INST/TXOUTCLK
                         net (fo=6, routed)           0.090     0.090    u_pcie_xdma/inst/pcie4_ip_i/inst/xdma_0_pcie4_ip_gt_top_i/diablo_gt.diablo_gt_phy_wrapper/phy_clk_i/CLK_TXOUTCLK
    BUFG_GT_X0Y18        BUFG_GT (Prop_BUFG_GT_I_O)
                                                      0.139     0.229 r  u_pcie_xdma/inst/pcie4_ip_i/inst/xdma_0_pcie4_ip_gt_top_i/diablo_gt.diablo_gt_phy_wrapper/phy_clk_i/bufg_gt_coreclk/O
    X2Y1 (CLOCK_ROOT)    net (fo=20546, routed)       2.012     2.241    u_pcie_xdma/inst/pcie4_ip_i/inst/user_clk
    SLICE_X101Y18        FDPE                                         r  u_pcie_xdma/inst/pcie4_ip_i/inst/as_mac_in_detect_user_reg/C
  -------------------------------------------------------------------    -------------------
    SLICE_X101Y18        FDPE (Prop_DFF2_SLICEM_C_Q)
                                                      0.098     2.339 r  u_pcie_xdma/inst/pcie4_ip_i/inst/as_mac_in_detect_user_reg/Q
                         net (fo=1, routed)           1.052     3.391    u_pcie_xdma/inst/pcie4_ip_i/inst/as_mac_in_detect_user
    SLICE_X99Y18         FDPE                                         r  u_pcie_xdma/inst/pcie4_ip_i/inst/as_mac_in_detect_ff_reg/D
  -------------------------------------------------------------------    -------------------

                         (clock pipe_clk rise edge)
                                                      4.000     4.000 r  
    GTYE4_CHANNEL_X0Y3   GTYE4_CHANNEL                0.000     4.000 r  u_pcie_xdma/inst/pcie4_ip_i/inst/xdma_0_pcie4_ip_gt_top_i/diablo_gt.diablo_gt_phy_wrapper/gt_wizard.gtwizard_top_i/xdma_0_pcie4_ip_gt_i/inst/gen_gtwizard_gtye4_top.xdma_0_pcie4_ip_gt_gtwizard_gtye4_inst/gen_gtwizard_gtye4.gen_channel_container[3].gen_enabled_channel.gtye4_channel_wrapper_inst/channel_inst/gtye4_channel_gen.gen_gtye4_channel_inst[3].GTYE4_CHANNEL_PRIM_INST/TXOUTCLK
                         net (fo=6, routed)           0.082     4.082    u_pcie_xdma/inst/pcie4_ip_i/inst/xdma_0_pcie4_ip_gt_top_i/diablo_gt.diablo_gt_phy_wrapper/phy_clk_i/CLK_TXOUTCLK
    BUFG_GT_X0Y15        BUFG_GT (Prop_BUFG_GT_I_O)
                                                      0.122     4.204 r  u_pcie_xdma/inst/pcie4_ip_i/inst/xdma_0_pcie4_ip_gt_top_i/diablo_gt.diablo_gt_phy_wrapper/phy_clk_i/bufg_gt_pclk/O
    X2Y1 (CLOCK_ROOT)    net (fo=1138, routed)        1.759     5.963    u_pcie_xdma/inst/pcie4_ip_i/inst/pipe_clk
    SLICE_X99Y18         FDPE                                         r  u_pcie_xdma/inst/pcie4_ip_i/inst/as_mac_in_detect_ff_reg/C
                         clock pessimism              0.001     5.964    
                         clock uncertainty           -0.046     5.918    
    SLICE_X99Y18         FDPE (Setup_AFF2_SLICEL_C_D)
                                                      0.027     5.945    u_pcie_xdma/inst/pcie4_ip_i/inst/as_mac_in_detect_ff_reg
  -------------------------------------------------------------------
                         required time                          5.945    
                         arrival time                          -3.391    
  -------------------------------------------------------------------
                         slack                                  2.554    





Min Delay Paths
--------------------------------------------------------------------------------------
Slack (MET) :             0.261ns  (arrival time - required time)
  Source:                 u_pcie_xdma/inst/pcie4_ip_i/inst/as_mac_in_detect_user_reg/C
                            (rising edge-triggered cell FDPE clocked by pcie_axi_aclk  {rise@0.000ns fall@2.000ns period=4.000ns})
  Destination:            u_pcie_xdma/inst/pcie4_ip_i/inst/as_mac_in_detect_ff_reg/D
                            (rising edge-triggered cell FDPE clocked by pipe_clk  {rise@0.000ns fall@2.000ns period=4.000ns})
  Path Group:             pipe_clk
  Path Type:              Hold (Min at Fast Process Corner)
  Requirement:            0.000ns  (pipe_clk rise@0.000ns - pcie_axi_aclk rise@0.000ns)
  Data Path Delay:        0.443ns  (logic 0.041ns (9.255%)  route 0.402ns (90.745%))
  Logic Levels:           0  
  Clock Path Skew:        0.135ns (DCD - SCD - CPR)
    Destination Clock Delay (DCD):    1.283ns
    Source Clock Delay      (SCD):    1.148ns
    Clock Pessimism Removal (CPR):    0.001ns
  Clock Net Delay (Source):      1.023ns (routing 0.384ns, distribution 0.639ns)
  Clock Net Delay (Destination): 1.144ns (routing 0.424ns, distribution 0.720ns)

    Location             Delay type                Incr(ns)  Path(ns)    Netlist Resource(s)
  -------------------------------------------------------------------    -------------------
                         (clock pcie_axi_aclk rise edge)
                                                      0.000     0.000 r  
    GTYE4_CHANNEL_X0Y3   GTYE4_CHANNEL                0.000     0.000 r  u_pcie_xdma/inst/pcie4_ip_i/inst/xdma_0_pcie4_ip_gt_top_i/diablo_gt.diablo_gt_phy_wrapper/gt_wizard.gtwizard_top_i/xdma_0_pcie4_ip_gt_i/inst/gen_gtwizard_gtye4_top.xdma_0_pcie4_ip_gt_gtwizard_gtye4_inst/gen_gtwizard_gtye4.gen_channel_container[3].gen_enabled_channel.gtye4_channel_wrapper_inst/channel_inst/gtye4_channel_gen.gen_gtye4_channel_inst[3].GTYE4_CHANNEL_PRIM_INST/TXOUTCLK
                         net (fo=6, routed)           0.052     0.052    u_pcie_xdma/inst/pcie4_ip_i/inst/xdma_0_pcie4_ip_gt_top_i/diablo_gt.diablo_gt_phy_wrapper/phy_clk_i/CLK_TXOUTCLK
    BUFG_GT_X0Y18        BUFG_GT (Prop_BUFG_GT_I_O)
                                                      0.073     0.125 r  u_pcie_xdma/inst/pcie4_ip_i/inst/xdma_0_pcie4_ip_gt_top_i/diablo_gt.diablo_gt_phy_wrapper/phy_clk_i/bufg_gt_coreclk/O
    X2Y1 (CLOCK_ROOT)    net (fo=20546, routed)       1.023     1.148    u_pcie_xdma/inst/pcie4_ip_i/inst/user_clk
    SLICE_X101Y18        FDPE                                         r  u_pcie_xdma/inst/pcie4_ip_i/inst/as_mac_in_detect_user_reg/C
  -------------------------------------------------------------------    -------------------
    SLICE_X101Y18        FDPE (Prop_DFF2_SLICEM_C_Q)
                                                      0.041     1.189 r  u_pcie_xdma/inst/pcie4_ip_i/inst/as_mac_in_detect_user_reg/Q
                         net (fo=1, routed)           0.402     1.591    u_pcie_xdma/inst/pcie4_ip_i/inst/as_mac_in_detect_user
    SLICE_X99Y18         FDPE                                         r  u_pcie_xdma/inst/pcie4_ip_i/inst/as_mac_in_detect_ff_reg/D
  -------------------------------------------------------------------    -------------------

                         (clock pipe_clk rise edge)
                                                      0.000     0.000 r  
    GTYE4_CHANNEL_X0Y3   GTYE4_CHANNEL                0.000     0.000 r  u_pcie_xdma/inst/pcie4_ip_i/inst/xdma_0_pcie4_ip_gt_top_i/diablo_gt.diablo_gt_phy_wrapper/gt_wizard.gtwizard_top_i/xdma_0_pcie4_ip_gt_i/inst/gen_gtwizard_gtye4_top.xdma_0_pcie4_ip_gt_gtwizard_gtye4_inst/gen_gtwizard_gtye4.gen_channel_container[3].gen_enabled_channel.gtye4_channel_wrapper_inst/channel_inst/gtye4_channel_gen.gen_gtye4_channel_inst[3].GTYE4_CHANNEL_PRIM_INST/TXOUTCLK
                         net (fo=6, routed)           0.057     0.057    u_pcie_xdma/inst/pcie4_ip_i/inst/xdma_0_pcie4_ip_gt_top_i/diablo_gt.diablo_gt_phy_wrapper/phy_clk_i/CLK_TXOUTCLK
    BUFG_GT_X0Y15        BUFG_GT (Prop_BUFG_GT_I_O)
                                                      0.082     0.139 r  u_pcie_xdma/inst/pcie4_ip_i/inst/xdma_0_pcie4_ip_gt_top_i/diablo_gt.diablo_gt_phy_wrapper/phy_clk_i/bufg_gt_pclk/O
    X2Y1 (CLOCK_ROOT)    net (fo=1138, routed)        1.144     1.283    u_pcie_xdma/inst/pcie4_ip_i/inst/pipe_clk
    SLICE_X99Y18         FDPE                                         r  u_pcie_xdma/inst/pcie4_ip_i/inst/as_mac_in_detect_ff_reg/C
                         clock pessimism             -0.001     1.282    
    SLICE_X99Y18         FDPE (Hold_AFF2_SLICEL_C_D)
                                                      0.047     1.329    u_pcie_xdma/inst/pcie4_ip_i/inst/as_mac_in_detect_ff_reg
  -------------------------------------------------------------------
                         required time                         -1.329    
                         arrival time                           1.591    
  -------------------------------------------------------------------
                         slack                                  0.261    





---------------------------------------------------------------------------------------------------
Path Group:  **async_default**
From Clock:  g_hw.clk_out0
  To Clock:  g_hw.clk_out0

Setup :            0  Failing Endpoints,  Worst Slack        0.859ns,  Total Violation        0.000ns
Hold  :            0  Failing Endpoints,  Worst Slack        0.111ns,  Total Violation        0.000ns
---------------------------------------------------------------------------------------------------


Max Delay Paths
--------------------------------------------------------------------------------------
Slack (MET) :             0.859ns  (required time - arrival time)
  Source:                 u_clkgen/rel_sr_reg[3]/C
                            (rising edge-triggered cell FDCE clocked by g_hw.clk_out0  {rise@0.000ns fall@3.200ns period=6.400ns})
  Destination:            u_hls/grp_tcp_active_tick_fu_2164/grp_tcp_send_fu_1170/grp_tcp_send_Pipeline_VITIS_LOOP_192_2_fu_824/s_fu_30_reg[0]/CLR
                            (recovery check against rising-edge clock g_hw.clk_out0  {rise@0.000ns fall@3.200ns period=6.400ns})
  Path Group:             **async_default**
  Path Type:              Recovery (Max at Slow Process Corner)
  Requirement:            6.400ns  (g_hw.clk_out0 rise@6.400ns - g_hw.clk_out0 rise@0.000ns)
  Data Path Delay:        5.182ns  (logic 0.189ns (3.647%)  route 4.993ns (96.353%))
  Logic Levels:           2  (BUFGCE=1 LUT2=1)
  Clock Path Skew:        -0.225ns (DCD - SCD + CPR)
    Destination Clock Delay (DCD):    5.530ns = ( 11.930 - 6.400 ) 
    Source Clock Delay      (SCD):    5.478ns
    Clock Pessimism Removal (CPR):    -0.277ns
  Clock Uncertainty:      0.062ns  ((TSJ^2 + DJ^2)^1/2) / 2 + PE
    Total System Jitter     (TSJ):    0.071ns
    Discrete Jitter          (DJ):    0.101ns
    Phase Error              (PE):    0.000ns
  Clock Net Delay (Source):      2.396ns (routing 0.973ns, distribution 1.423ns)
  Clock Net Delay (Destination): 2.084ns (routing 0.886ns, distribution 1.198ns)

    Location             Delay type                Incr(ns)  Path(ns)    Netlist Resource(s)
  -------------------------------------------------------------------    -------------------
                         (clock g_hw.clk_out0 rise edge)
                                                      0.000     0.000 r  
    T25                                               0.000     0.000 r  sys_clk_p (IN)
                         net (fo=0)                   0.100     0.100    u_clkgen/g_hw.u_ibufds/I
    HPIOBDIFFINBUF_X0Y37 DIFFINBUF (Prop_DIFFINBUF_HPIOBDIFFINBUF_DIFF_IN_P_O)
                                                      0.479     0.579 r  u_clkgen/g_hw.u_ibufds/DIFFINBUF_INST/O
                         net (fo=1, routed)           0.050     0.629    u_clkgen/g_hw.u_ibufds/OUT
    T25                  IBUFCTRL (Prop_IBUFCTRL_HPIOB_M_I_O)
                                                      0.000     0.629 r  u_clkgen/g_hw.u_ibufds/IBUFCTRL_INST/O
                         net (fo=1, routed)           0.343     0.972    u_clkgen/g_hw.clk_in_ibuf
    BUFGCE_X0Y31         BUFGCE (Prop_BUFCE_BUFGCE_I_O)
                                                      0.028     1.000 r  u_clkgen/g_hw.u_bufg_in/O
                         net (fo=485, routed)         1.904     2.904    u_clkgen/clk_in_100
    MMCM_X0Y1            MMCME4_ADV (Prop_MMCM_CLKIN1_CLKOUT0)
                                                     -0.106     2.798 r  u_clkgen/g_hw.u_mmcm/CLKOUT0
                         net (fo=1, routed)           0.256     3.054    u_clkgen/g_hw.clk_out0
    BUFGCE_X0Y24         BUFGCE (Prop_BUFCE_BUFGCE_I_O)
                                                      0.028     3.082 r  u_clkgen/g_hw.u_bufg_out/O
    X1Y0 (CLOCK_ROOT)    net (fo=48826, routed)       2.396     5.478    u_clkgen/dp_clk
    SLICE_X7Y12          FDCE                                         r  u_clkgen/rel_sr_reg[3]/C
  -------------------------------------------------------------------    -------------------
    SLICE_X7Y12          FDCE (Prop_CFF2_SLICEL_C_Q)
                                                      0.097     5.575 r  u_clkgen/rel_sr_reg[3]/Q
                         net (fo=2072, routed)        1.880     7.455    u_clkgen/rel_sr[3]_bufg_place
    SLICE_X22Y153        LUT2 (Prop_A6LUT_SLICEL_I0_O)
                                                      0.064     7.519 r  u_clkgen/reset_n_read_reg_2909[0]_i_1/O
                         net (fo=167, routed)         1.651     9.170    u_clkgen/rel_sr_reg[3]_0_bufg_place
    BUFGCE_X0Y86         BUFGCE (Prop_BUFCE_BUFGCE_I_O)
                                                      0.028     9.198 r  u_clkgen/reset_n_read_reg_2909[0]_i_1_bufg_place/O
                         net (fo=16358, routed)       1.462    10.660    u_hls/grp_tcp_active_tick_fu_2164/grp_tcp_send_fu_1170/grp_tcp_send_Pipeline_VITIS_LOOP_192_2_fu_824/ap_rst_n_inv
    SLICE_X37Y179        FDCE                                         f  u_hls/grp_tcp_active_tick_fu_2164/grp_tcp_send_fu_1170/grp_tcp_send_Pipeline_VITIS_LOOP_192_2_fu_824/s_fu_30_reg[0]/CLR  (IS_INVERTED)
  -------------------------------------------------------------------    -------------------

                         (clock g_hw.clk_out0 rise edge)
                                                      6.400     6.400 r  
    T25                                               0.000     6.400 r  sys_clk_p (IN)
                         net (fo=0)                   0.079     6.479    u_clkgen/g_hw.u_ibufds/I
    HPIOBDIFFINBUF_X0Y37 DIFFINBUF (Prop_DIFFINBUF_HPIOBDIFFINBUF_DIFF_IN_P_O)
                                                      0.398     6.877 r  u_clkgen/g_hw.u_ibufds/DIFFINBUF_INST/O
                         net (fo=1, routed)           0.040     6.917    u_clkgen/g_hw.u_ibufds/OUT
    T25                  IBUFCTRL (Prop_IBUFCTRL_HPIOB_M_I_O)
                                                      0.000     6.917 r  u_clkgen/g_hw.u_ibufds/IBUFCTRL_INST/O
                         net (fo=1, routed)           0.303     7.220    u_clkgen/g_hw.clk_in_ibuf
    BUFGCE_X0Y31         BUFGCE (Prop_BUFCE_BUFGCE_I_O)
                                                      0.024     7.244 r  u_clkgen/g_hw.u_bufg_in/O
                         net (fo=485, routed)         1.706     8.950    u_clkgen/clk_in_100
    MMCM_X0Y1            MMCME4_ADV (Prop_MMCM_CLKIN1_CLKOUT0)
                                                      0.644     9.594 r  u_clkgen/g_hw.u_mmcm/CLKOUT0
                         net (fo=1, routed)           0.228     9.822    u_clkgen/g_hw.clk_out0
    BUFGCE_X0Y24         BUFGCE (Prop_BUFCE_BUFGCE_I_O)
                                                      0.024     9.846 r  u_clkgen/g_hw.u_bufg_out/O
    X1Y0 (CLOCK_ROOT)    net (fo=48826, routed)       2.084    11.930    u_hls/grp_tcp_active_tick_fu_2164/grp_tcp_send_fu_1170/grp_tcp_send_Pipeline_VITIS_LOOP_192_2_fu_824/dp_clk
    SLICE_X37Y179        FDCE                                         r  u_hls/grp_tcp_active_tick_fu_2164/grp_tcp_send_fu_1170/grp_tcp_send_Pipeline_VITIS_LOOP_192_2_fu_824/s_fu_30_reg[0]/C
                         clock pessimism             -0.277    11.653    
                         clock uncertainty           -0.062    11.591    
    SLICE_X37Y179        FDCE (Recov_AFF_SLICEM_C_CLR)
                                                     -0.072    11.519    u_hls/grp_tcp_active_tick_fu_2164/grp_tcp_send_fu_1170/grp_tcp_send_Pipeline_VITIS_LOOP_192_2_fu_824/s_fu_30_reg[0]
  -------------------------------------------------------------------
                         required time                         11.519    
                         arrival time                         -10.660    
  -------------------------------------------------------------------
                         slack                                  0.859    





Min Delay Paths
--------------------------------------------------------------------------------------
Slack (MET) :             0.111ns  (arrival time - required time)
  Source:                 u_snap_dp/rstb_sync_reg[1]/C
                            (rising edge-triggered cell FDCE clocked by g_hw.clk_out0  {rise@0.000ns fall@3.200ns period=6.400ns})
  Destination:            u_snap_dp/hold_b_reg[462]/CLR
                            (removal check against rising-edge clock g_hw.clk_out0  {rise@0.000ns fall@3.200ns period=6.400ns})
  Path Group:             **async_default**
  Path Type:              Removal (Min at Fast Process Corner)
  Requirement:            0.000ns  (g_hw.clk_out0 rise@0.000ns - g_hw.clk_out0 rise@0.000ns)
  Data Path Delay:        0.141ns  (logic 0.040ns (28.295%)  route 0.101ns (71.705%))
  Logic Levels:           0  
  Clock Path Skew:        0.050ns (DCD - SCD - CPR)
    Destination Clock Delay (DCD):    3.103ns
    Source Clock Delay      (SCD):    3.166ns
    Clock Pessimism Removal (CPR):    -0.114ns
  Clock Net Delay (Source):      1.287ns (routing 0.502ns, distribution 0.785ns)
  Clock Net Delay (Destination): 1.446ns (routing 0.560ns, distribution 0.886ns)

    Location             Delay type                Incr(ns)  Path(ns)    Netlist Resource(s)
  -------------------------------------------------------------------    -------------------
                         (clock g_hw.clk_out0 rise edge)
                                                      0.000     0.000 r  
    T25                                               0.000     0.000 r  sys_clk_p (IN)
                         net (fo=0)                   0.079     0.079    u_clkgen/g_hw.u_ibufds/I
    HPIOBDIFFINBUF_X0Y37 DIFFINBUF (Prop_DIFFINBUF_HPIOBDIFFINBUF_DIFF_IN_P_O)
                                                      0.230     0.309 r  u_clkgen/g_hw.u_ibufds/DIFFINBUF_INST/O
                         net (fo=1, routed)           0.040     0.349    u_clkgen/g_hw.u_ibufds/OUT
    T25                  IBUFCTRL (Prop_IBUFCTRL_HPIOB_M_I_O)
                                                      0.000     0.349 r  u_clkgen/g_hw.u_ibufds/IBUFCTRL_INST/O
                         net (fo=1, routed)           0.150     0.499    u_clkgen/g_hw.clk_in_ibuf
    BUFGCE_X0Y31         BUFGCE (Prop_BUFCE_BUFGCE_I_O)
                                                      0.017     0.516 r  u_clkgen/g_hw.u_bufg_in/O
                         net (fo=485, routed)         0.971     1.487    u_clkgen/clk_in_100
    MMCM_X0Y1            MMCME4_ADV (Prop_MMCM_CLKIN1_CLKOUT0)
                                                      0.230     1.717 r  u_clkgen/g_hw.u_mmcm/CLKOUT0
                         net (fo=1, routed)           0.146     1.863    u_clkgen/g_hw.clk_out0
    BUFGCE_X0Y24         BUFGCE (Prop_BUFCE_BUFGCE_I_O)
                                                      0.017     1.880 r  u_clkgen/g_hw.u_bufg_out/O
    X1Y0 (CLOCK_ROOT)    net (fo=48826, routed)       1.287     3.166    u_snap_dp/dp_clk
    SLICE_X77Y131        FDCE                                         r  u_snap_dp/rstb_sync_reg[1]/C
  -------------------------------------------------------------------    -------------------
    SLICE_X77Y131        FDCE (Prop_AFF2_SLICEL_C_Q)
                                                      0.040     3.206 r  u_snap_dp/rstb_sync_reg[1]/Q
                         net (fo=651, routed)         0.101     3.308    u_snap_dp/rstb_sync[1]
    SLICE_X74Y131        FDCE                                         f  u_snap_dp/hold_b_reg[462]/CLR  (IS_INVERTED)
  -------------------------------------------------------------------    -------------------

                         (clock g_hw.clk_out0 rise edge)
                                                      0.000     0.000 r  
    T25                                               0.000     0.000 r  sys_clk_p (IN)
                         net (fo=0)                   0.100     0.100    u_clkgen/g_hw.u_ibufds/I
    HPIOBDIFFINBUF_X0Y37 DIFFINBUF (Prop_DIFFINBUF_HPIOBDIFFINBUF_DIFF_IN_P_O)
                                                      0.328     0.428 r  u_clkgen/g_hw.u_ibufds/DIFFINBUF_INST/O
                         net (fo=1, routed)           0.050     0.478    u_clkgen/g_hw.u_ibufds/OUT
    T25                  IBUFCTRL (Prop_IBUFCTRL_HPIOB_M_I_O)
                                                      0.000     0.478 r  u_clkgen/g_hw.u_ibufds/IBUFCTRL_INST/O
                         net (fo=1, routed)           0.183     0.661    u_clkgen/g_hw.clk_in_ibuf
    BUFGCE_X0Y31         BUFGCE (Prop_BUFCE_BUFGCE_I_O)
                                                      0.019     0.680 r  u_clkgen/g_hw.u_bufg_in/O
                         net (fo=485, routed)         1.087     1.767    u_clkgen/clk_in_100
    MMCM_X0Y1            MMCME4_ADV (Prop_MMCM_CLKIN1_CLKOUT0)
                                                     -0.295     1.472 r  u_clkgen/g_hw.u_mmcm/CLKOUT0
                         net (fo=1, routed)           0.166     1.638    u_clkgen/g_hw.clk_out0
    BUFGCE_X0Y24         BUFGCE (Prop_BUFCE_BUFGCE_I_O)
                                                      0.019     1.657 r  u_clkgen/g_hw.u_bufg_out/O
    X1Y0 (CLOCK_ROOT)    net (fo=48826, routed)       1.446     3.103    u_snap_dp/dp_clk
    SLICE_X74Y131        FDCE                                         r  u_snap_dp/hold_b_reg[462]/C
                         clock pessimism              0.114     3.216    
    SLICE_X74Y131        FDCE (Remov_EFF_SLICEM_C_CLR)
                                                     -0.020     3.196    u_snap_dp/hold_b_reg[462]
  -------------------------------------------------------------------
                         required time                         -3.196    
                         arrival time                           3.308    
  -------------------------------------------------------------------
                         slack                                  0.111    





---------------------------------------------------------------------------------------------------
Path Group:  **async_default**
From Clock:  pcie_axi_aclk
  To Clock:  pcie_axi_aclk

Setup :            0  Failing Endpoints,  Worst Slack        0.437ns,  Total Violation        0.000ns
Hold  :            0  Failing Endpoints,  Worst Slack        0.129ns,  Total Violation        0.000ns
---------------------------------------------------------------------------------------------------


Max Delay Paths
--------------------------------------------------------------------------------------
Slack (MET) :             0.437ns  (required time - arrival time)
  Source:                 u_pcie_xdma/inst/pcie4_ip_i/inst/user_reset_reg/C
                            (rising edge-triggered cell FDPE clocked by pcie_axi_aclk  {rise@0.000ns fall@2.000ns period=4.000ns})
  Destination:            u_pcie_regs/snap_words_r_reg[796]/CLR
                            (recovery check against rising-edge clock pcie_axi_aclk  {rise@0.000ns fall@2.000ns period=4.000ns})
  Path Group:             **async_default**
  Path Type:              Recovery (Max at Slow Process Corner)
  Requirement:            4.000ns  (pcie_axi_aclk rise@4.000ns - pcie_axi_aclk rise@0.000ns)
  Data Path Delay:        3.343ns  (logic 0.096ns (2.872%)  route 3.247ns (97.128%))
  Logic Levels:           0  
  Clock Path Skew:        -0.102ns (DCD - SCD + CPR)
    Destination Clock Delay (DCD):    2.026ns = ( 6.026 - 4.000 ) 
    Source Clock Delay      (SCD):    2.220ns
    Clock Pessimism Removal (CPR):    0.092ns
  Clock Uncertainty:      0.046ns  ((TSJ^2 + DJ^2)^1/2) / 2 + PE
    Total System Jitter     (TSJ):    0.071ns
    Discrete Jitter          (DJ):    0.060ns
    Phase Error              (PE):    0.000ns
  Clock Net Delay (Source):      1.991ns (routing 0.750ns, distribution 1.241ns)
  Clock Net Delay (Destination): 1.822ns (routing 0.683ns, distribution 1.139ns)

    Location             Delay type                Incr(ns)  Path(ns)    Netlist Resource(s)
  -------------------------------------------------------------------    -------------------
                         (clock pcie_axi_aclk rise edge)
                                                      0.000     0.000 r  
    GTYE4_CHANNEL_X0Y3   GTYE4_CHANNEL                0.000     0.000 r  u_pcie_xdma/inst/pcie4_ip_i/inst/xdma_0_pcie4_ip_gt_top_i/diablo_gt.diablo_gt_phy_wrapper/gt_wizard.gtwizard_top_i/xdma_0_pcie4_ip_gt_i/inst/gen_gtwizard_gtye4_top.xdma_0_pcie4_ip_gt_gtwizard_gtye4_inst/gen_gtwizard_gtye4.gen_channel_container[3].gen_enabled_channel.gtye4_channel_wrapper_inst/channel_inst/gtye4_channel_gen.gen_gtye4_channel_inst[3].GTYE4_CHANNEL_PRIM_INST/TXOUTCLK
                         net (fo=6, routed)           0.090     0.090    u_pcie_xdma/inst/pcie4_ip_i/inst/xdma_0_pcie4_ip_gt_top_i/diablo_gt.diablo_gt_phy_wrapper/phy_clk_i/CLK_TXOUTCLK
    BUFG_GT_X0Y18        BUFG_GT (Prop_BUFG_GT_I_O)
                                                      0.139     0.229 r  u_pcie_xdma/inst/pcie4_ip_i/inst/xdma_0_pcie4_ip_gt_top_i/diablo_gt.diablo_gt_phy_wrapper/phy_clk_i/bufg_gt_coreclk/O
    X2Y1 (CLOCK_ROOT)    net (fo=20546, routed)       1.991     2.220    u_pcie_xdma/inst/pcie4_ip_i/inst/user_clk
    SLICE_X99Y17         FDPE                                         r  u_pcie_xdma/inst/pcie4_ip_i/inst/user_reset_reg/C
  -------------------------------------------------------------------    -------------------
    SLICE_X99Y17         FDPE (Prop_EFF_SLICEL_C_Q)
                                                      0.096     2.316 f  u_pcie_xdma/inst/pcie4_ip_i/inst/user_reset_reg/Q
                         net (fo=4944, routed)        3.247     5.563    u_pcie_regs/bbstub_axi_aresetn
    SLICE_X104Y158       FDCE                                         f  u_pcie_regs/snap_words_r_reg[796]/CLR
  -------------------------------------------------------------------    -------------------

                         (clock pcie_axi_aclk rise edge)
                                                      4.000     4.000 r  
    GTYE4_CHANNEL_X0Y3   GTYE4_CHANNEL                0.000     4.000 r  u_pcie_xdma/inst/pcie4_ip_i/inst/xdma_0_pcie4_ip_gt_top_i/diablo_gt.diablo_gt_phy_wrapper/gt_wizard.gtwizard_top_i/xdma_0_pcie4_ip_gt_i/inst/gen_gtwizard_gtye4_top.xdma_0_pcie4_ip_gt_gtwizard_gtye4_inst/gen_gtwizard_gtye4.gen_channel_container[3].gen_enabled_channel.gtye4_channel_wrapper_inst/channel_inst/gtye4_channel_gen.gen_gtye4_channel_inst[3].GTYE4_CHANNEL_PRIM_INST/TXOUTCLK
                         net (fo=6, routed)           0.082     4.082    u_pcie_xdma/inst/pcie4_ip_i/inst/xdma_0_pcie4_ip_gt_top_i/diablo_gt.diablo_gt_phy_wrapper/phy_clk_i/CLK_TXOUTCLK
    BUFG_GT_X0Y18        BUFG_GT (Prop_BUFG_GT_I_O)
                                                      0.122     4.204 r  u_pcie_xdma/inst/pcie4_ip_i/inst/xdma_0_pcie4_ip_gt_top_i/diablo_gt.diablo_gt_phy_wrapper/phy_clk_i/bufg_gt_coreclk/O
    X2Y1 (CLOCK_ROOT)    net (fo=20546, routed)       1.822     6.026    u_pcie_regs/axi_aclk
    SLICE_X104Y158       FDCE                                         r  u_pcie_regs/snap_words_r_reg[796]/C
                         clock pessimism              0.092     6.118    
                         clock uncertainty           -0.046     6.072    
    SLICE_X104Y158       FDCE (Recov_DFF2_SLICEL_C_CLR)
                                                     -0.072     6.000    u_pcie_regs/snap_words_r_reg[796]
  -------------------------------------------------------------------
                         required time                          6.000    
                         arrival time                          -5.563    
  -------------------------------------------------------------------
                         slack                                  0.437    





Min Delay Paths
--------------------------------------------------------------------------------------
Slack (MET) :             0.129ns  (arrival time - required time)
  Source:                 u_pcie_xdma/inst/udma_wrapper/dma_top/user_rst_ff_2_reg/C
                            (rising edge-triggered cell FDCE clocked by pcie_axi_aclk  {rise@0.000ns fall@2.000ns period=4.000ns})
  Destination:            u_pcie_xdma/inst/udma_wrapper/dma_top/dma_enable.vul_dma/pcie_rst_2ff_reg[0]/PRE
                            (removal check against rising-edge clock pcie_axi_aclk  {rise@0.000ns fall@2.000ns period=4.000ns})
  Path Group:             **async_default**
  Path Type:              Removal (Min at Fast Process Corner)
  Requirement:            0.000ns  (pcie_axi_aclk rise@0.000ns - pcie_axi_aclk rise@0.000ns)
  Data Path Delay:        0.204ns  (logic 0.038ns (18.664%)  route 0.166ns (81.336%))
  Logic Levels:           0  
  Clock Path Skew:        0.094ns (DCD - SCD - CPR)
    Destination Clock Delay (DCD):    1.248ns
    Source Clock Delay      (SCD):    1.066ns
    Clock Pessimism Removal (CPR):    0.088ns
  Clock Net Delay (Source):      0.941ns (routing 0.384ns, distribution 0.557ns)
  Clock Net Delay (Destination): 1.109ns (routing 0.425ns, distribution 0.684ns)

    Location             Delay type                Incr(ns)  Path(ns)    Netlist Resource(s)
  -------------------------------------------------------------------    -------------------
                         (clock pcie_axi_aclk rise edge)
                                                      0.000     0.000 r  
    GTYE4_CHANNEL_X0Y3   GTYE4_CHANNEL                0.000     0.000 r  u_pcie_xdma/inst/pcie4_ip_i/inst/xdma_0_pcie4_ip_gt_top_i/diablo_gt.diablo_gt_phy_wrapper/gt_wizard.gtwizard_top_i/xdma_0_pcie4_ip_gt_i/inst/gen_gtwizard_gtye4_top.xdma_0_pcie4_ip_gt_gtwizard_gtye4_inst/gen_gtwizard_gtye4.gen_channel_container[3].gen_enabled_channel.gtye4_channel_wrapper_inst/channel_inst/gtye4_channel_gen.gen_gtye4_channel_inst[3].GTYE4_CHANNEL_PRIM_INST/TXOUTCLK
                         net (fo=6, routed)           0.052     0.052    u_pcie_xdma/inst/pcie4_ip_i/inst/xdma_0_pcie4_ip_gt_top_i/diablo_gt.diablo_gt_phy_wrapper/phy_clk_i/CLK_TXOUTCLK
    BUFG_GT_X0Y18        BUFG_GT (Prop_BUFG_GT_I_O)
                                                      0.073     0.125 r  u_pcie_xdma/inst/pcie4_ip_i/inst/xdma_0_pcie4_ip_gt_top_i/diablo_gt.diablo_gt_phy_wrapper/phy_clk_i/bufg_gt_coreclk/O
    X2Y1 (CLOCK_ROOT)    net (fo=20546, routed)       0.941     1.066    u_pcie_xdma/inst/udma_wrapper/dma_top/user_clk
    SLICE_X89Y93         FDCE                                         r  u_pcie_xdma/inst/udma_wrapper/dma_top/user_rst_ff_2_reg/C
  -------------------------------------------------------------------    -------------------
    SLICE_X89Y93         FDCE (Prop_CFF_SLICEM_C_Q)
                                                      0.038     1.104 f  u_pcie_xdma/inst/udma_wrapper/dma_top/user_rst_ff_2_reg/Q
                         net (fo=24, routed)          0.166     1.269    u_pcie_xdma/inst/udma_wrapper/dma_top/dma_enable.vul_dma/user_rst_ff_2
    SLICE_X91Y95         FDPE                                         f  u_pcie_xdma/inst/udma_wrapper/dma_top/dma_enable.vul_dma/pcie_rst_2ff_reg[0]/PRE
  -------------------------------------------------------------------    -------------------

                         (clock pcie_axi_aclk rise edge)
                                                      0.000     0.000 r  
    GTYE4_CHANNEL_X0Y3   GTYE4_CHANNEL                0.000     0.000 r  u_pcie_xdma/inst/pcie4_ip_i/inst/xdma_0_pcie4_ip_gt_top_i/diablo_gt.diablo_gt_phy_wrapper/gt_wizard.gtwizard_top_i/xdma_0_pcie4_ip_gt_i/inst/gen_gtwizard_gtye4_top.xdma_0_pcie4_ip_gt_gtwizard_gtye4_inst/gen_gtwizard_gtye4.gen_channel_container[3].gen_enabled_channel.gtye4_channel_wrapper_inst/channel_inst/gtye4_channel_gen.gen_gtye4_channel_inst[3].GTYE4_CHANNEL_PRIM_INST/TXOUTCLK
                         net (fo=6, routed)           0.057     0.057    u_pcie_xdma/inst/pcie4_ip_i/inst/xdma_0_pcie4_ip_gt_top_i/diablo_gt.diablo_gt_phy_wrapper/phy_clk_i/CLK_TXOUTCLK
    BUFG_GT_X0Y18        BUFG_GT (Prop_BUFG_GT_I_O)
                                                      0.082     0.139 r  u_pcie_xdma/inst/pcie4_ip_i/inst/xdma_0_pcie4_ip_gt_top_i/diablo_gt.diablo_gt_phy_wrapper/phy_clk_i/bufg_gt_coreclk/O
    X2Y1 (CLOCK_ROOT)    net (fo=20546, routed)       1.109     1.248    u_pcie_xdma/inst/udma_wrapper/dma_top/dma_enable.vul_dma/user_clk
    SLICE_X91Y95         FDPE                                         r  u_pcie_xdma/inst/udma_wrapper/dma_top/dma_enable.vul_dma/pcie_rst_2ff_reg[0]/C
                         clock pessimism             -0.088     1.160    
    SLICE_X91Y95         FDPE (Remov_EFF_SLICEL_C_PRE)
                                                     -0.020     1.140    u_pcie_xdma/inst/udma_wrapper/dma_top/dma_enable.vul_dma/pcie_rst_2ff_reg[0]
  -------------------------------------------------------------------
                         required time                         -1.140    
                         arrival time                           1.269    
  -------------------------------------------------------------------
                         slack                                  0.129    





---------------------------------------------------------------------------------------------------
Path Group:  **async_default**
From Clock:  pcie_ref_clk
  To Clock:  pcie_ref_clk

Setup :            0  Failing Endpoints,  Worst Slack        8.692ns,  Total Violation        0.000ns
Hold  :            0  Failing Endpoints,  Worst Slack        0.142ns,  Total Violation        0.000ns
---------------------------------------------------------------------------------------------------


Max Delay Paths
--------------------------------------------------------------------------------------
Slack (MET) :             8.692ns  (required time - arrival time)
  Source:                 u_pcie_xdma/inst/pcie4_ip_i/inst/xdma_0_pcie4_ip_gt_top_i/diablo_gt.diablo_gt_phy_wrapper/gt_wizard.gtwizard_top_i/xdma_0_pcie4_ip_gt_i/inst/gen_gtwizard_gtye4_top.xdma_0_pcie4_ip_gt_gtwizard_gtye4_inst/gen_gtwizard_gtye4.gen_cpll_cal_gtye4.gen_cpll_cal_inst[2].gen_inst_cpll_cal.gtwizard_ultrascale_v1_7_22_gtye4_cpll_cal_inst/reset_synchronizer_resetin_tx_inst/rst_in_out_reg/C
                            (rising edge-triggered cell FDPE clocked by pcie_ref_clk  {rise@0.000ns fall@5.000ns period=10.000ns})
  Destination:            u_pcie_xdma/inst/pcie4_ip_i/inst/xdma_0_pcie4_ip_gt_top_i/diablo_gt.diablo_gt_phy_wrapper/gt_wizard.gtwizard_top_i/xdma_0_pcie4_ip_gt_i/inst/gen_gtwizard_gtye4_top.xdma_0_pcie4_ip_gt_gtwizard_gtye4_inst/gen_gtwizard_gtye4.gen_cpll_cal_gtye4.gen_cpll_cal_inst[2].gen_inst_cpll_cal.gtwizard_ultrascale_v1_7_22_gtye4_cpll_cal_inst/gtwizard_ultrascale_v1_7_22_gtye4_cpll_cal_tx_i/di_reg[10]/CLR
                            (recovery check against rising-edge clock pcie_ref_clk  {rise@0.000ns fall@5.000ns period=10.000ns})
  Path Group:             **async_default**
  Path Type:              Recovery (Max at Slow Process Corner)
  Requirement:            10.000ns  (pcie_ref_clk rise@10.000ns - pcie_ref_clk rise@0.000ns)
  Data Path Delay:        1.077ns  (logic 0.096ns (8.917%)  route 0.981ns (91.083%))
  Logic Levels:           0  
  Clock Path Skew:        -0.125ns (DCD - SCD + CPR)
    Destination Clock Delay (DCD):    0.845ns = ( 10.845 - 10.000 ) 
    Source Clock Delay      (SCD):    1.346ns
    Clock Pessimism Removal (CPR):    0.376ns
  Clock Uncertainty:      0.035ns  ((TSJ^2 + TIJ^2)^1/2 + DJ) / 2 + PE
    Total System Jitter     (TSJ):    0.071ns
    Total Input Jitter      (TIJ):    0.000ns
    Discrete Jitter          (DJ):    0.000ns
    Phase Error              (PE):    0.000ns
  Clock Net Delay (Source):      0.649ns (routing 0.002ns, distribution 0.647ns)
  Clock Net Delay (Destination): 0.518ns (routing 0.001ns, distribution 0.517ns)

    Location             Delay type                Incr(ns)  Path(ns)    Netlist Resource(s)
  -------------------------------------------------------------------    -------------------
                         (clock pcie_ref_clk rise edge)
                                                      0.000     0.000 r  
    GTYE4_COMMON_X0Y0                                 0.000     0.000 r  pcie_sys_clk_p (IN)
                         net (fo=0)                   0.000     0.000    pcie_sys_clk_p
    GTYE4_COMMON_X0Y0    IBUFDS_GTE4 (Prop_IBUFDS0_GTYE4_GTYE4_COMMON_I_ODIV2)
                                                      0.467     0.467 r  u_pcie_refclk/ODIV2
                         net (fo=2, routed)           0.091     0.558    u_pcie_xdma/inst/pcie4_ip_i/inst/sys_clk
    BUFG_GT_X0Y3         BUFG_GT (Prop_BUFG_GT_I_O)
                                                      0.139     0.697 r  u_pcie_xdma/inst/pcie4_ip_i/inst/bufg_gt_sysclk/O
    X3Y0 (CLOCK_ROOT)    net (fo=1779, routed)        0.649     1.346    u_pcie_xdma/inst/pcie4_ip_i/inst/xdma_0_pcie4_ip_gt_top_i/diablo_gt.diablo_gt_phy_wrapper/gt_wizard.gtwizard_top_i/xdma_0_pcie4_ip_gt_i/inst/gen_gtwizard_gtye4_top.xdma_0_pcie4_ip_gt_gtwizard_gtye4_inst/gen_gtwizard_gtye4.gen_cpll_cal_gtye4.gen_cpll_cal_inst[2].gen_inst_cpll_cal.gtwizard_ultrascale_v1_7_22_gtye4_cpll_cal_inst/reset_synchronizer_resetin_tx_inst/drpclk_common_in[0]
    SLICE_X108Y22        FDPE                                         r  u_pcie_xdma/inst/pcie4_ip_i/inst/xdma_0_pcie4_ip_gt_top_i/diablo_gt.diablo_gt_phy_wrapper/gt_wizard.gtwizard_top_i/xdma_0_pcie4_ip_gt_i/inst/gen_gtwizard_gtye4_top.xdma_0_pcie4_ip_gt_gtwizard_gtye4_inst/gen_gtwizard_gtye4.gen_cpll_cal_gtye4.gen_cpll_cal_inst[2].gen_inst_cpll_cal.gtwizard_ultrascale_v1_7_22_gtye4_cpll_cal_inst/reset_synchronizer_resetin_tx_inst/rst_in_out_reg/C
  -------------------------------------------------------------------    -------------------
    SLICE_X108Y22        FDPE (Prop_EFF_SLICEL_C_Q)
                                                      0.096     1.442 f  u_pcie_xdma/inst/pcie4_ip_i/inst/xdma_0_pcie4_ip_gt_top_i/diablo_gt.diablo_gt_phy_wrapper/gt_wizard.gtwizard_top_i/xdma_0_pcie4_ip_gt_i/inst/gen_gtwizard_gtye4_top.xdma_0_pcie4_ip_gt_gtwizard_gtye4_inst/gen_gtwizard_gtye4.gen_cpll_cal_gtye4.gen_cpll_cal_inst[2].gen_inst_cpll_cal.gtwizard_ultrascale_v1_7_22_gtye4_cpll_cal_inst/reset_synchronizer_resetin_tx_inst/rst_in_out_reg/Q
                         net (fo=73, routed)          0.981     2.422    u_pcie_xdma/inst/pcie4_ip_i/inst/xdma_0_pcie4_ip_gt_top_i/diablo_gt.diablo_gt_phy_wrapper/gt_wizard.gtwizard_top_i/xdma_0_pcie4_ip_gt_i/inst/gen_gtwizard_gtye4_top.xdma_0_pcie4_ip_gt_gtwizard_gtye4_inst/gen_gtwizard_gtye4.gen_cpll_cal_gtye4.gen_cpll_cal_inst[2].gen_inst_cpll_cal.gtwizard_ultrascale_v1_7_22_gtye4_cpll_cal_inst/gtwizard_ultrascale_v1_7_22_gtye4_cpll_cal_tx_i/AS[0]
    SLICE_X109Y29        FDCE                                         f  u_pcie_xdma/inst/pcie4_ip_i/inst/xdma_0_pcie4_ip_gt_top_i/diablo_gt.diablo_gt_phy_wrapper/gt_wizard.gtwizard_top_i/xdma_0_pcie4_ip_gt_i/inst/gen_gtwizard_gtye4_top.xdma_0_pcie4_ip_gt_gtwizard_gtye4_inst/gen_gtwizard_gtye4.gen_cpll_cal_gtye4.gen_cpll_cal_inst[2].gen_inst_cpll_cal.gtwizard_ultrascale_v1_7_22_gtye4_cpll_cal_inst/gtwizard_ultrascale_v1_7_22_gtye4_cpll_cal_tx_i/di_reg[10]/CLR
  -------------------------------------------------------------------    -------------------

                         (clock pcie_ref_clk rise edge)
                                                     10.000    10.000 r  
    GTYE4_COMMON_X0Y0                                 0.000    10.000 r  pcie_sys_clk_p (IN)
                         net (fo=0)                   0.000    10.000    pcie_sys_clk_p
    GTYE4_COMMON_X0Y0    IBUFDS_GTE4 (Prop_IBUFDS0_GTYE4_GTYE4_COMMON_I_ODIV2)
                                                      0.122    10.122 r  u_pcie_refclk/ODIV2
                         net (fo=2, routed)           0.083    10.205    u_pcie_xdma/inst/pcie4_ip_i/inst/sys_clk
    BUFG_GT_X0Y3         BUFG_GT (Prop_BUFG_GT_I_O)
                                                      0.122    10.327 r  u_pcie_xdma/inst/pcie4_ip_i/inst/bufg_gt_sysclk/O
    X3Y0 (CLOCK_ROOT)    net (fo=1779, routed)        0.518    10.845    u_pcie_xdma/inst/pcie4_ip_i/inst/xdma_0_pcie4_ip_gt_top_i/diablo_gt.diablo_gt_phy_wrapper/gt_wizard.gtwizard_top_i/xdma_0_pcie4_ip_gt_i/inst/gen_gtwizard_gtye4_top.xdma_0_pcie4_ip_gt_gtwizard_gtye4_inst/gen_gtwizard_gtye4.gen_cpll_cal_gtye4.gen_cpll_cal_inst[2].gen_inst_cpll_cal.gtwizard_ultrascale_v1_7_22_gtye4_cpll_cal_inst/gtwizard_ultrascale_v1_7_22_gtye4_cpll_cal_tx_i/drpclk_common_in[0]
    SLICE_X109Y29        FDCE                                         r  u_pcie_xdma/inst/pcie4_ip_i/inst/xdma_0_pcie4_ip_gt_top_i/diablo_gt.diablo_gt_phy_wrapper/gt_wizard.gtwizard_top_i/xdma_0_pcie4_ip_gt_i/inst/gen_gtwizard_gtye4_top.xdma_0_pcie4_ip_gt_gtwizard_gtye4_inst/gen_gtwizard_gtye4.gen_cpll_cal_gtye4.gen_cpll_cal_inst[2].gen_inst_cpll_cal.gtwizard_ultrascale_v1_7_22_gtye4_cpll_cal_inst/gtwizard_ultrascale_v1_7_22_gtye4_cpll_cal_tx_i/di_reg[10]/C
                         clock pessimism              0.376    11.221    
                         clock uncertainty           -0.035    11.186    
    SLICE_X109Y29        FDCE (Recov_AFF_SLICEM_C_CLR)
                                                     -0.072    11.114    u_pcie_xdma/inst/pcie4_ip_i/inst/xdma_0_pcie4_ip_gt_top_i/diablo_gt.diablo_gt_phy_wrapper/gt_wizard.gtwizard_top_i/xdma_0_pcie4_ip_gt_i/inst/gen_gtwizard_gtye4_top.xdma_0_pcie4_ip_gt_gtwizard_gtye4_inst/gen_gtwizard_gtye4.gen_cpll_cal_gtye4.gen_cpll_cal_inst[2].gen_inst_cpll_cal.gtwizard_ultrascale_v1_7_22_gtye4_cpll_cal_inst/gtwizard_ultrascale_v1_7_22_gtye4_cpll_cal_tx_i/di_reg[10]
  -------------------------------------------------------------------
                         required time                         11.114    
                         arrival time                          -2.422    
  -------------------------------------------------------------------
                         slack                                  8.692    





Min Delay Paths
--------------------------------------------------------------------------------------
Slack (MET) :             0.142ns  (arrival time - required time)
  Source:                 u_pcie_xdma/inst/pcie4_ip_i/inst/xdma_0_pcie4_ip_gt_top_i/diablo_gt.diablo_gt_phy_wrapper/gt_wizard.gtwizard_top_i/xdma_0_pcie4_ip_gt_i/inst/gen_gtwizard_gtye4_top.xdma_0_pcie4_ip_gt_gtwizard_gtye4_inst/gen_gtwizard_gtye4.gen_cpll_cal_gtye4.gen_cpll_cal_inst[3].gen_inst_cpll_cal.gtwizard_ultrascale_v1_7_22_gtye4_cpll_cal_inst/gtwizard_ultrascale_v1_7_22_gtye4_cpll_cal_tx_i/freq_counter_rst_reg/C
                            (rising edge-triggered cell FDRE clocked by pcie_ref_clk  {rise@0.000ns fall@5.000ns period=10.000ns})
  Destination:            u_pcie_xdma/inst/pcie4_ip_i/inst/xdma_0_pcie4_ip_gt_top_i/diablo_gt.diablo_gt_phy_wrapper/gt_wizard.gtwizard_top_i/xdma_0_pcie4_ip_gt_i/inst/gen_gtwizard_gtye4_top.xdma_0_pcie4_ip_gt_gtwizard_gtye4_inst/gen_gtwizard_gtye4.gen_cpll_cal_gtye4.gen_cpll_cal_inst[3].gen_inst_cpll_cal.gtwizard_ultrascale_v1_7_22_gtye4_cpll_cal_inst/gtwizard_ultrascale_v1_7_22_gtye4_cpll_cal_tx_i/U_TXOUTCLK_FREQ_COUNTER/state_reg[0]/PRE
                            (removal check against rising-edge clock pcie_ref_clk  {rise@0.000ns fall@5.000ns period=10.000ns})
  Path Group:             **async_default**
  Path Type:              Removal (Min at Fast Process Corner)
  Requirement:            0.000ns  (pcie_ref_clk rise@0.000ns - pcie_ref_clk rise@0.000ns)
  Data Path Delay:        0.138ns  (logic 0.039ns (28.194%)  route 0.099ns (71.806%))
  Logic Levels:           0  
  Clock Path Skew:        0.016ns (DCD - SCD - CPR)
    Destination Clock Delay (DCD):    0.771ns
    Source Clock Delay      (SCD):    0.540ns
    Clock Pessimism Removal (CPR):    0.215ns
  Clock Net Delay (Source):      0.313ns (routing 0.001ns, distribution 0.312ns)
  Clock Net Delay (Destination): 0.363ns (routing 0.001ns, distribution 0.362ns)

    Location             Delay type                Incr(ns)  Path(ns)    Netlist Resource(s)
  -------------------------------------------------------------------    -------------------
                         (clock pcie_ref_clk rise edge)
                                                      0.000     0.000 r  
    GTYE4_COMMON_X0Y0                                 0.000     0.000 r  pcie_sys_clk_p (IN)
                         net (fo=0)                   0.000     0.000    pcie_sys_clk_p
    GTYE4_COMMON_X0Y0    IBUFDS_GTE4 (Prop_IBUFDS0_GTYE4_GTYE4_COMMON_I_ODIV2)
                                                      0.101     0.101 r  u_pcie_refclk/ODIV2
                         net (fo=2, routed)           0.053     0.154    u_pcie_xdma/inst/pcie4_ip_i/inst/sys_clk
    BUFG_GT_X0Y3         BUFG_GT (Prop_BUFG_GT_I_O)
                                                      0.073     0.227 r  u_pcie_xdma/inst/pcie4_ip_i/inst/bufg_gt_sysclk/O
    X3Y0 (CLOCK_ROOT)    net (fo=1779, routed)        0.313     0.540    u_pcie_xdma/inst/pcie4_ip_i/inst/xdma_0_pcie4_ip_gt_top_i/diablo_gt.diablo_gt_phy_wrapper/gt_wizard.gtwizard_top_i/xdma_0_pcie4_ip_gt_i/inst/gen_gtwizard_gtye4_top.xdma_0_pcie4_ip_gt_gtwizard_gtye4_inst/gen_gtwizard_gtye4.gen_cpll_cal_gtye4.gen_cpll_cal_inst[3].gen_inst_cpll_cal.gtwizard_ultrascale_v1_7_22_gtye4_cpll_cal_inst/gtwizard_ultrascale_v1_7_22_gtye4_cpll_cal_tx_i/drpclk_common_in[0]
    SLICE_X111Y35        FDRE                                         r  u_pcie_xdma/inst/pcie4_ip_i/inst/xdma_0_pcie4_ip_gt_top_i/diablo_gt.diablo_gt_phy_wrapper/gt_wizard.gtwizard_top_i/xdma_0_pcie4_ip_gt_i/inst/gen_gtwizard_gtye4_top.xdma_0_pcie4_ip_gt_gtwizard_gtye4_inst/gen_gtwizard_gtye4.gen_cpll_cal_gtye4.gen_cpll_cal_inst[3].gen_inst_cpll_cal.gtwizard_ultrascale_v1_7_22_gtye4_cpll_cal_inst/gtwizard_ultrascale_v1_7_22_gtye4_cpll_cal_tx_i/freq_counter_rst_reg/C
  -------------------------------------------------------------------    -------------------
    SLICE_X111Y35        FDRE (Prop_BFF_SLICEL_C_Q)
                                                      0.039     0.579 f  u_pcie_xdma/inst/pcie4_ip_i/inst/xdma_0_pcie4_ip_gt_top_i/diablo_gt.diablo_gt_phy_wrapper/gt_wizard.gtwizard_top_i/xdma_0_pcie4_ip_gt_i/inst/gen_gtwizard_gtye4_top.xdma_0_pcie4_ip_gt_gtwizard_gtye4_inst/gen_gtwizard_gtye4.gen_cpll_cal_gtye4.gen_cpll_cal_inst[3].gen_inst_cpll_cal.gtwizard_ultrascale_v1_7_22_gtye4_cpll_cal_inst/gtwizard_ultrascale_v1_7_22_gtye4_cpll_cal_tx_i/freq_counter_rst_reg/Q
                         net (fo=8, routed)           0.099     0.678    u_pcie_xdma/inst/pcie4_ip_i/inst/xdma_0_pcie4_ip_gt_top_i/diablo_gt.diablo_gt_phy_wrapper/gt_wizard.gtwizard_top_i/xdma_0_pcie4_ip_gt_i/inst/gen_gtwizard_gtye4_top.xdma_0_pcie4_ip_gt_gtwizard_gtye4_inst/gen_gtwizard_gtye4.gen_cpll_cal_gtye4.gen_cpll_cal_inst[3].gen_inst_cpll_cal.gtwizard_ultrascale_v1_7_22_gtye4_cpll_cal_inst/gtwizard_ultrascale_v1_7_22_gtye4_cpll_cal_tx_i/U_TXOUTCLK_FREQ_COUNTER/AS[0]
    SLICE_X110Y35        FDPE                                         f  u_pcie_xdma/inst/pcie4_ip_i/inst/xdma_0_pcie4_ip_gt_top_i/diablo_gt.diablo_gt_phy_wrapper/gt_wizard.gtwizard_top_i/xdma_0_pcie4_ip_gt_i/inst/gen_gtwizard_gtye4_top.xdma_0_pcie4_ip_gt_gtwizard_gtye4_inst/gen_gtwizard_gtye4.gen_cpll_cal_gtye4.gen_cpll_cal_inst[3].gen_inst_cpll_cal.gtwizard_ultrascale_v1_7_22_gtye4_cpll_cal_inst/gtwizard_ultrascale_v1_7_22_gtye4_cpll_cal_tx_i/U_TXOUTCLK_FREQ_COUNTER/state_reg[0]/PRE
  -------------------------------------------------------------------    -------------------

                         (clock pcie_ref_clk rise edge)
                                                      0.000     0.000 r  
    GTYE4_COMMON_X0Y0                                 0.000     0.000 r  pcie_sys_clk_p (IN)
                         net (fo=0)                   0.000     0.000    pcie_sys_clk_p
    GTYE4_COMMON_X0Y0    IBUFDS_GTE4 (Prop_IBUFDS0_GTYE4_GTYE4_COMMON_I_ODIV2)
                                                      0.269     0.269 r  u_pcie_refclk/ODIV2
                         net (fo=2, routed)           0.058     0.327    u_pcie_xdma/inst/pcie4_ip_i/inst/sys_clk
    BUFG_GT_X0Y3         BUFG_GT (Prop_BUFG_GT_I_O)
                                                      0.082     0.409 r  u_pcie_xdma/inst/pcie4_ip_i/inst/bufg_gt_sysclk/O
    X3Y0 (CLOCK_ROOT)    net (fo=1779, routed)        0.363     0.771    u_pcie_xdma/inst/pcie4_ip_i/inst/xdma_0_pcie4_ip_gt_top_i/diablo_gt.diablo_gt_phy_wrapper/gt_wizard.gtwizard_top_i/xdma_0_pcie4_ip_gt_i/inst/gen_gtwizard_gtye4_top.xdma_0_pcie4_ip_gt_gtwizard_gtye4_inst/gen_gtwizard_gtye4.gen_cpll_cal_gtye4.gen_cpll_cal_inst[3].gen_inst_cpll_cal.gtwizard_ultrascale_v1_7_22_gtye4_cpll_cal_inst/gtwizard_ultrascale_v1_7_22_gtye4_cpll_cal_tx_i/U_TXOUTCLK_FREQ_COUNTER/drpclk_common_in[0]
    SLICE_X110Y35        FDPE                                         r  u_pcie_xdma/inst/pcie4_ip_i/inst/xdma_0_pcie4_ip_gt_top_i/diablo_gt.diablo_gt_phy_wrapper/gt_wizard.gtwizard_top_i/xdma_0_pcie4_ip_gt_i/inst/gen_gtwizard_gtye4_top.xdma_0_pcie4_ip_gt_gtwizard_gtye4_inst/gen_gtwizard_gtye4.gen_cpll_cal_gtye4.gen_cpll_cal_inst[3].gen_inst_cpll_cal.gtwizard_ultrascale_v1_7_22_gtye4_cpll_cal_inst/gtwizard_ultrascale_v1_7_22_gtye4_cpll_cal_tx_i/U_TXOUTCLK_FREQ_COUNTER/state_reg[0]/C
                         clock pessimism             -0.215     0.556    
    SLICE_X110Y35        FDPE (Remov_HFF_SLICEM_C_PRE)
                                                     -0.020     0.536    u_pcie_xdma/inst/pcie4_ip_i/inst/xdma_0_pcie4_ip_gt_top_i/diablo_gt.diablo_gt_phy_wrapper/gt_wizard.gtwizard_top_i/xdma_0_pcie4_ip_gt_i/inst/gen_gtwizard_gtye4_top.xdma_0_pcie4_ip_gt_gtwizard_gtye4_inst/gen_gtwizard_gtye4.gen_cpll_cal_gtye4.gen_cpll_cal_inst[3].gen_inst_cpll_cal.gtwizard_ultrascale_v1_7_22_gtye4_cpll_cal_inst/gtwizard_ultrascale_v1_7_22_gtye4_cpll_cal_tx_i/U_TXOUTCLK_FREQ_COUNTER/state_reg[0]
  -------------------------------------------------------------------
                         required time                         -0.536    
                         arrival time                           0.678    
  -------------------------------------------------------------------
                         slack                                  0.142    





---------------------------------------------------------------------------------------------------
Path Group:  **async_default**
From Clock:  pipe_clk
  To Clock:  pipe_clk

Setup :            0  Failing Endpoints,  Worst Slack        1.697ns,  Total Violation        0.000ns
Hold  :            0  Failing Endpoints,  Worst Slack        0.170ns,  Total Violation        0.000ns
---------------------------------------------------------------------------------------------------


Max Delay Paths
--------------------------------------------------------------------------------------
Slack (MET) :             1.697ns  (required time - arrival time)
  Source:                 u_pcie_xdma/inst/pcie4_ip_i/inst/xdma_0_pcie4_ip_gt_top_i/diablo_gt.diablo_gt_phy_wrapper/rst_psrst_n_r_rep_reg_rep__0/C
                            (rising edge-triggered cell FDRE clocked by pipe_clk  {rise@0.000ns fall@2.000ns period=4.000ns})
  Destination:            u_pcie_xdma/inst/pcie4_ip_i/inst/xdma_0_pcie4_ip_gt_top_i/phy_pipeline/per_lane_ff_chain[0].phy_phystatus_chain/with_ff_chain.ff_chain_gen[0].async_rst.ff_chain_reg[1][0]/PRE
                            (recovery check against rising-edge clock pipe_clk  {rise@0.000ns fall@2.000ns period=4.000ns})
  Path Group:             **async_default**
  Path Type:              Recovery (Max at Slow Process Corner)
  Requirement:            4.000ns  (pipe_clk rise@4.000ns - pipe_clk rise@0.000ns)
  Data Path Delay:        2.043ns  (logic 0.099ns (4.846%)  route 1.944ns (95.154%))
  Logic Levels:           0  
  Clock Path Skew:        -0.142ns (DCD - SCD + CPR)
    Destination Clock Delay (DCD):    1.997ns = ( 5.997 - 4.000 ) 
    Source Clock Delay      (SCD):    2.301ns
    Clock Pessimism Removal (CPR):    0.162ns
  Clock Uncertainty:      0.046ns  ((TSJ^2 + DJ^2)^1/2) / 2 + PE
    Total System Jitter     (TSJ):    0.071ns
    Discrete Jitter          (DJ):    0.060ns
    Phase Error              (PE):    0.000ns
  Clock Net Delay (Source):      2.072ns (routing 0.752ns, distribution 1.320ns)
  Clock Net Delay (Destination): 1.793ns (routing 0.680ns, distribution 1.113ns)

    Location             Delay type                Incr(ns)  Path(ns)    Netlist Resource(s)
  -------------------------------------------------------------------    -------------------
                         (clock pipe_clk rise edge)
                                                      0.000     0.000 r  
    GTYE4_CHANNEL_X0Y3   GTYE4_CHANNEL                0.000     0.000 r  u_pcie_xdma/inst/pcie4_ip_i/inst/xdma_0_pcie4_ip_gt_top_i/diablo_gt.diablo_gt_phy_wrapper/gt_wizard.gtwizard_top_i/xdma_0_pcie4_ip_gt_i/inst/gen_gtwizard_gtye4_top.xdma_0_pcie4_ip_gt_gtwizard_gtye4_inst/gen_gtwizard_gtye4.gen_channel_container[3].gen_enabled_channel.gtye4_channel_wrapper_inst/channel_inst/gtye4_channel_gen.gen_gtye4_channel_inst[3].GTYE4_CHANNEL_PRIM_INST/TXOUTCLK
                         net (fo=6, routed)           0.090     0.090    u_pcie_xdma/inst/pcie4_ip_i/inst/xdma_0_pcie4_ip_gt_top_i/diablo_gt.diablo_gt_phy_wrapper/phy_clk_i/CLK_TXOUTCLK
    BUFG_GT_X0Y15        BUFG_GT (Prop_BUFG_GT_I_O)
                                                      0.139     0.229 r  u_pcie_xdma/inst/pcie4_ip_i/inst/xdma_0_pcie4_ip_gt_top_i/diablo_gt.diablo_gt_phy_wrapper/phy_clk_i/bufg_gt_pclk/O
    X2Y1 (CLOCK_ROOT)    net (fo=1138, routed)        2.072     2.301    u_pcie_xdma/inst/pcie4_ip_i/inst/xdma_0_pcie4_ip_gt_top_i/diablo_gt.diablo_gt_phy_wrapper/CLK_PCLK2
    SLICE_X104Y25        FDRE                                         r  u_pcie_xdma/inst/pcie4_ip_i/inst/xdma_0_pcie4_ip_gt_top_i/diablo_gt.diablo_gt_phy_wrapper/rst_psrst_n_r_rep_reg_rep__0/C
  -------------------------------------------------------------------    -------------------
    SLICE_X104Y25        FDRE (Prop_GFF2_SLICEL_C_Q)
                                                      0.099     2.400 r  u_pcie_xdma/inst/pcie4_ip_i/inst/xdma_0_pcie4_ip_gt_top_i/diablo_gt.diablo_gt_phy_wrapper/rst_psrst_n_r_rep_reg_rep__0/Q
                         net (fo=190, routed)         1.944     4.344    u_pcie_xdma/inst/pcie4_ip_i/inst/xdma_0_pcie4_ip_gt_top_i/phy_pipeline/per_lane_ff_chain[0].phy_phystatus_chain/rst_psrst_n_r_rep_reg_rep__0_n_0_alias
    SLICE_X102Y33        FDPE                                         f  u_pcie_xdma/inst/pcie4_ip_i/inst/xdma_0_pcie4_ip_gt_top_i/phy_pipeline/per_lane_ff_chain[0].phy_phystatus_chain/with_ff_chain.ff_chain_gen[0].async_rst.ff_chain_reg[1][0]/PRE  (IS_INVERTED)
  -------------------------------------------------------------------    -------------------

                         (clock pipe_clk rise edge)
                                                      4.000     4.000 r  
    GTYE4_CHANNEL_X0Y3   GTYE4_CHANNEL                0.000     4.000 r  u_pcie_xdma/inst/pcie4_ip_i/inst/xdma_0_pcie4_ip_gt_top_i/diablo_gt.diablo_gt_phy_wrapper/gt_wizard.gtwizard_top_i/xdma_0_pcie4_ip_gt_i/inst/gen_gtwizard_gtye4_top.xdma_0_pcie4_ip_gt_gtwizard_gtye4_inst/gen_gtwizard_gtye4.gen_channel_container[3].gen_enabled_channel.gtye4_channel_wrapper_inst/channel_inst/gtye4_channel_gen.gen_gtye4_channel_inst[3].GTYE4_CHANNEL_PRIM_INST/TXOUTCLK
                         net (fo=6, routed)           0.082     4.082    u_pcie_xdma/inst/pcie4_ip_i/inst/xdma_0_pcie4_ip_gt_top_i/diablo_gt.diablo_gt_phy_wrapper/phy_clk_i/CLK_TXOUTCLK
    BUFG_GT_X0Y15        BUFG_GT (Prop_BUFG_GT_I_O)
                                                      0.122     4.204 r  u_pcie_xdma/inst/pcie4_ip_i/inst/xdma_0_pcie4_ip_gt_top_i/diablo_gt.diablo_gt_phy_wrapper/phy_clk_i/bufg_gt_pclk/O
    X2Y1 (CLOCK_ROOT)    net (fo=1138, routed)        1.793     5.997    u_pcie_xdma/inst/pcie4_ip_i/inst/xdma_0_pcie4_ip_gt_top_i/phy_pipeline/per_lane_ff_chain[0].phy_phystatus_chain/CLK_PCLK2
    SLICE_X102Y33        FDPE                                         r  u_pcie_xdma/inst/pcie4_ip_i/inst/xdma_0_pcie4_ip_gt_top_i/phy_pipeline/per_lane_ff_chain[0].phy_phystatus_chain/with_ff_chain.ff_chain_gen[0].async_rst.ff_chain_reg[1][0]/C
                         clock pessimism              0.162     6.159    
                         clock uncertainty           -0.046     6.113    
    SLICE_X102Y33        FDPE (Recov_EFF_SLICEL_C_PRE)
                                                     -0.072     6.041    u_pcie_xdma/inst/pcie4_ip_i/inst/xdma_0_pcie4_ip_gt_top_i/phy_pipeline/per_lane_ff_chain[0].phy_phystatus_chain/with_ff_chain.ff_chain_gen[0].async_rst.ff_chain_reg[1][0]
  -------------------------------------------------------------------
                         required time                          6.041    
                         arrival time                          -4.344    
  -------------------------------------------------------------------
                         slack                                  1.697    





Min Delay Paths
--------------------------------------------------------------------------------------
Slack (MET) :             0.170ns  (arrival time - required time)
  Source:                 u_pcie_xdma/inst/pcie4_ip_i/inst/xdma_0_pcie4_ip_gt_top_i/diablo_gt.diablo_gt_phy_wrapper/rst_psrst_n_r_rep_reg/C
                            (rising edge-triggered cell FDRE clocked by pipe_clk  {rise@0.000ns fall@2.000ns period=4.000ns})
  Destination:            u_pcie_xdma/inst/pcie4_ip_i/inst/xdma_0_pcie4_ip_gt_top_i/phy_pipeline/per_lane_ff_chain[2].phy_phystatus_chain/with_ff_chain.ff_chain_gen[0].async_rst.ff_chain_reg[1][0]/PRE
                            (removal check against rising-edge clock pipe_clk  {rise@0.000ns fall@2.000ns period=4.000ns})
  Path Group:             **async_default**
  Path Type:              Removal (Min at Fast Process Corner)
  Requirement:            0.000ns  (pipe_clk rise@0.000ns - pipe_clk rise@0.000ns)
  Data Path Delay:        0.160ns  (logic 0.039ns (24.381%)  route 0.121ns (75.619%))
  Logic Levels:           0  
  Clock Path Skew:        0.009ns (DCD - SCD - CPR)
    Destination Clock Delay (DCD):    1.313ns
    Source Clock Delay      (SCD):    1.174ns
    Clock Pessimism Removal (CPR):    0.130ns
  Clock Net Delay (Source):      1.049ns (routing 0.382ns, distribution 0.667ns)
  Clock Net Delay (Destination): 1.174ns (routing 0.424ns, distribution 0.750ns)

    Location             Delay type                Incr(ns)  Path(ns)    Netlist Resource(s)
  -------------------------------------------------------------------    -------------------
                         (clock pipe_clk rise edge)
                                                      0.000     0.000 r  
    GTYE4_CHANNEL_X0Y3   GTYE4_CHANNEL                0.000     0.000 r  u_pcie_xdma/inst/pcie4_ip_i/inst/xdma_0_pcie4_ip_gt_top_i/diablo_gt.diablo_gt_phy_wrapper/gt_wizard.gtwizard_top_i/xdma_0_pcie4_ip_gt_i/inst/gen_gtwizard_gtye4_top.xdma_0_pcie4_ip_gt_gtwizard_gtye4_inst/gen_gtwizard_gtye4.gen_channel_container[3].gen_enabled_channel.gtye4_channel_wrapper_inst/channel_inst/gtye4_channel_gen.gen_gtye4_channel_inst[3].GTYE4_CHANNEL_PRIM_INST/TXOUTCLK
                         net (fo=6, routed)           0.052     0.052    u_pcie_xdma/inst/pcie4_ip_i/inst/xdma_0_pcie4_ip_gt_top_i/diablo_gt.diablo_gt_phy_wrapper/phy_clk_i/CLK_TXOUTCLK
    BUFG_GT_X0Y15        BUFG_GT (Prop_BUFG_GT_I_O)
                                                      0.073     0.125 r  u_pcie_xdma/inst/pcie4_ip_i/inst/xdma_0_pcie4_ip_gt_top_i/diablo_gt.diablo_gt_phy_wrapper/phy_clk_i/bufg_gt_pclk/O
    X2Y1 (CLOCK_ROOT)    net (fo=1138, routed)        1.049     1.174    u_pcie_xdma/inst/pcie4_ip_i/inst/xdma_0_pcie4_ip_gt_top_i/diablo_gt.diablo_gt_phy_wrapper/CLK_PCLK2
    SLICE_X104Y25        FDRE                                         r  u_pcie_xdma/inst/pcie4_ip_i/inst/xdma_0_pcie4_ip_gt_top_i/diablo_gt.diablo_gt_phy_wrapper/rst_psrst_n_r_rep_reg/C
  -------------------------------------------------------------------    -------------------
    SLICE_X104Y25        FDRE (Prop_HFF2_SLICEL_C_Q)
                                                      0.039     1.213 r  u_pcie_xdma/inst/pcie4_ip_i/inst/xdma_0_pcie4_ip_gt_top_i/diablo_gt.diablo_gt_phy_wrapper/rst_psrst_n_r_rep_reg/Q
                         net (fo=176, routed)         0.121     1.334    u_pcie_xdma/inst/pcie4_ip_i/inst/xdma_0_pcie4_ip_gt_top_i/phy_pipeline/per_lane_ff_chain[2].phy_phystatus_chain/D[0]_alias
    SLICE_X104Y22        FDPE                                         f  u_pcie_xdma/inst/pcie4_ip_i/inst/xdma_0_pcie4_ip_gt_top_i/phy_pipeline/per_lane_ff_chain[2].phy_phystatus_chain/with_ff_chain.ff_chain_gen[0].async_rst.ff_chain_reg[1][0]/PRE  (IS_INVERTED)
  -------------------------------------------------------------------    -------------------

                         (clock pipe_clk rise edge)
                                                      0.000     0.000 r  
    GTYE4_CHANNEL_X0Y3   GTYE4_CHANNEL                0.000     0.000 r  u_pcie_xdma/inst/pcie4_ip_i/inst/xdma_0_pcie4_ip_gt_top_i/diablo_gt.diablo_gt_phy_wrapper/gt_wizard.gtwizard_top_i/xdma_0_pcie4_ip_gt_i/inst/gen_gtwizard_gtye4_top.xdma_0_pcie4_ip_gt_gtwizard_gtye4_inst/gen_gtwizard_gtye4.gen_channel_container[3].gen_enabled_channel.gtye4_channel_wrapper_inst/channel_inst/gtye4_channel_gen.gen_gtye4_channel_inst[3].GTYE4_CHANNEL_PRIM_INST/TXOUTCLK
                         net (fo=6, routed)           0.057     0.057    u_pcie_xdma/inst/pcie4_ip_i/inst/xdma_0_pcie4_ip_gt_top_i/diablo_gt.diablo_gt_phy_wrapper/phy_clk_i/CLK_TXOUTCLK
    BUFG_GT_X0Y15        BUFG_GT (Prop_BUFG_GT_I_O)
                                                      0.082     0.139 r  u_pcie_xdma/inst/pcie4_ip_i/inst/xdma_0_pcie4_ip_gt_top_i/diablo_gt.diablo_gt_phy_wrapper/phy_clk_i/bufg_gt_pclk/O
    X2Y1 (CLOCK_ROOT)    net (fo=1138, routed)        1.174     1.313    u_pcie_xdma/inst/pcie4_ip_i/inst/xdma_0_pcie4_ip_gt_top_i/phy_pipeline/per_lane_ff_chain[2].phy_phystatus_chain/CLK_PCLK2
    SLICE_X104Y22        FDPE                                         r  u_pcie_xdma/inst/pcie4_ip_i/inst/xdma_0_pcie4_ip_gt_top_i/phy_pipeline/per_lane_ff_chain[2].phy_phystatus_chain/with_ff_chain.ff_chain_gen[0].async_rst.ff_chain_reg[1][0]/C
                         clock pessimism             -0.130     1.183    
    SLICE_X104Y22        FDPE (Remov_EFF_SLICEL_C_PRE)
                                                     -0.020     1.163    u_pcie_xdma/inst/pcie4_ip_i/inst/xdma_0_pcie4_ip_gt_top_i/phy_pipeline/per_lane_ff_chain[2].phy_phystatus_chain/with_ff_chain.ff_chain_gen[0].async_rst.ff_chain_reg[1][0]
  -------------------------------------------------------------------
                         required time                         -1.163    
                         arrival time                           1.334    
  -------------------------------------------------------------------
                         slack                                  0.170    





---------------------------------------------------------------------------------------------------
Path Group:  **async_default**
From Clock:  rxoutclk_out[0]
  To Clock:  rxoutclk_out[0]

Setup :            0  Failing Endpoints,  Worst Slack        4.087ns,  Total Violation        0.000ns
Hold  :            0  Failing Endpoints,  Worst Slack        0.119ns,  Total Violation        0.000ns
---------------------------------------------------------------------------------------------------


Max Delay Paths
--------------------------------------------------------------------------------------
Slack (MET) :             4.087ns  (required time - arrival time)
  Source:                 u_pcs/inst/i_pcs64_core_cdc_sync_gt_rx_serdes_resetdone_0/s_out_d4_reg/C
                            (rising edge-triggered cell FDRE clocked by rxoutclk_out[0]  {rise@0.000ns fall@3.200ns period=6.400ns})
  Destination:            wrapper_p4/pcs64/pcs64_wrapper/pcs64_top/<hidden>/<hidden>/<hidden>
                            (recovery check against rising-edge clock rxoutclk_out[0]  {rise@0.000ns fall@3.200ns period=6.400ns})
  Path Group:             **async_default**
  Path Type:              Recovery (Max at Slow Process Corner)
  Requirement:            6.400ns  (rxoutclk_out[0] rise@6.400ns - rxoutclk_out[0] rise@0.000ns)
  Data Path Delay:        2.078ns  (logic 0.096ns (4.619%)  route 1.982ns (95.381%))
  Logic Levels:           0  
  Clock Path Skew:        -0.116ns (DCD - SCD + CPR)
    Destination Clock Delay (DCD):    1.887ns = ( 8.287 - 6.400 ) 
    Source Clock Delay      (SCD):    2.165ns
    Clock Pessimism Removal (CPR):    0.162ns
  Clock Uncertainty:      0.046ns  ((TSJ^2 + DJ^2)^1/2) / 2 + PE
    Total System Jitter     (TSJ):    0.071ns
    Discrete Jitter          (DJ):    0.060ns
    Phase Error              (PE):    0.000ns
  Clock Net Delay (Source):      1.936ns (routing 1.006ns, distribution 0.930ns)
  Clock Net Delay (Destination): 1.682ns (routing 0.907ns, distribution 0.775ns)

    Location             Delay type                Incr(ns)  Path(ns)    Netlist Resource(s)
  -------------------------------------------------------------------    -------------------
                         (clock rxoutclk_out[0] rise edge)
                                                      0.000     0.000 r  
    GTYE4_CHANNEL_X0Y4   GTYE4_CHANNEL                0.000     0.000 r  u_pcs/inst/i_pcs64_gt/inst/gen_gtwizard_gtye4_top.pcs64_gt_gtwizard_gtye4_inst/gen_gtwizard_gtye4.gen_channel_container[1].gen_enabled_channel.gtye4_channel_wrapper_inst/channel_inst/gtye4_channel_gen.gen_gtye4_channel_inst[0].GTYE4_CHANNEL_PRIM_INST/RXOUTCLK
                         net (fo=2, routed)           0.090     0.090    u_pcs/inst/i_core_gtwiz_userclk_rx_inst_0/rxoutclk_out[0]
    BUFG_GT_X0Y30        BUFG_GT (Prop_BUFG_GT_I_O)
                                                      0.139     0.229 r  u_pcs/inst/i_core_gtwiz_userclk_rx_inst_0/gen_gtwiz_userclk_rx_main.bufg_gt_usrclk_inst/O
    X2Y0 (CLOCK_ROOT)    net (fo=1514, routed)        1.936     2.165    u_pcs/inst/i_pcs64_core_cdc_sync_gt_rx_serdes_resetdone_0/CLK
    SLICE_X87Y31         FDRE                                         r  u_pcs/inst/i_pcs64_core_cdc_sync_gt_rx_serdes_resetdone_0/s_out_d4_reg/C
  -------------------------------------------------------------------    -------------------
    SLICE_X87Y31         FDRE (Prop_EFF_SLICEL_C_Q)
                                                      0.096     2.261 f  u_pcs/inst/i_pcs64_core_cdc_sync_gt_rx_serdes_resetdone_0/s_out_d4_reg/Q
                         net (fo=159, routed)         1.982     4.243    wrapper_p4/pcs64/pcs64_wrapper/pcs64_top/<hidden>/<hidden>/<hidden>
    SLICE_X79Y30         FDPE                                         f  wrapper_p4/pcs64/pcs64_wrapper/pcs64_top/<hidden>/<hidden>/<hidden>
  -------------------------------------------------------------------    -------------------

                         (clock rxoutclk_out[0] rise edge)
                                                      6.400     6.400 r  
    GTYE4_CHANNEL_X0Y4   GTYE4_CHANNEL                0.000     6.400 r  u_pcs/inst/i_pcs64_gt/inst/gen_gtwizard_gtye4_top.pcs64_gt_gtwizard_gtye4_inst/gen_gtwizard_gtye4.gen_channel_container[1].gen_enabled_channel.gtye4_channel_wrapper_inst/channel_inst/gtye4_channel_gen.gen_gtye4_channel_inst[0].GTYE4_CHANNEL_PRIM_INST/RXOUTCLK
                         net (fo=2, routed)           0.083     6.483    u_pcs/inst/i_core_gtwiz_userclk_rx_inst_0/rxoutclk_out[0]
    BUFG_GT_X0Y30        BUFG_GT (Prop_BUFG_GT_I_O)
                                                      0.122     6.605 r  u_pcs/inst/i_core_gtwiz_userclk_rx_inst_0/gen_gtwiz_userclk_rx_main.bufg_gt_usrclk_inst/O
    X2Y0 (CLOCK_ROOT)    net (fo=1514, routed)        1.682     8.287    wrapper_p4/pcs64/pcs64_wrapper/pcs64_top/<hidden>/<hidden>/<hidden>
    SLICE_X79Y30         FDPE                                         r  wrapper_p4/pcs64/pcs64_wrapper/pcs64_top/<hidden>/<hidden>/<hidden>
                         clock pessimism              0.162     8.449    
                         clock uncertainty           -0.046     8.402    
    SLICE_X79Y30         FDPE (Recov_AFF2_SLICEM_C_PRE)
                                                     -0.072     8.330    wrapper_p4/pcs64/pcs64_wrapper/pcs64_top/<hidden>/<hidden>/<hidden>
  -------------------------------------------------------------------
                         required time                          8.330    
                         arrival time                          -4.243    
  -------------------------------------------------------------------
                         slack                                  4.087    





Min Delay Paths
--------------------------------------------------------------------------------------
Slack (MET) :             0.119ns  (arrival time - required time)
  Source:                 wrapper_p4/pcs64/pcs64_wrapper/pcs64_top/<hidden>/<hidden>/<hidden>/<hidden>
                            (rising edge-triggered cell FDRE clocked by rxoutclk_out[0]  {rise@0.000ns fall@3.200ns period=6.400ns})
  Destination:            wrapper_p4/pcs64/pcs64_wrapper/pcs64_top/<hidden>/<hidden>/<hidden>/<hidden>/<hidden>
                            (removal check against rising-edge clock rxoutclk_out[0]  {rise@0.000ns fall@3.200ns period=6.400ns})
  Path Group:             **async_default**
  Path Type:              Removal (Min at Fast Process Corner)
  Requirement:            0.000ns  (rxoutclk_out[0] rise@0.000ns - rxoutclk_out[0] rise@0.000ns)
  Data Path Delay:        0.107ns  (logic 0.040ns (37.383%)  route 0.067ns (62.617%))
  Logic Levels:           0  
  Clock Path Skew:        0.008ns (DCD - SCD - CPR)
    Destination Clock Delay (DCD):    1.278ns
    Source Clock Delay      (SCD):    1.134ns
    Clock Pessimism Removal (CPR):    0.136ns
  Clock Net Delay (Source):      1.008ns (routing 0.527ns, distribution 0.481ns)
  Clock Net Delay (Destination): 1.139ns (routing 0.592ns, distribution 0.547ns)

    Location             Delay type                Incr(ns)  Path(ns)    Netlist Resource(s)
  -------------------------------------------------------------------    -------------------
                         (clock rxoutclk_out[0] rise edge)
                                                      0.000     0.000 r  
    GTYE4_CHANNEL_X0Y4   GTYE4_CHANNEL                0.000     0.000 r  u_pcs/inst/i_pcs64_gt/inst/gen_gtwizard_gtye4_top.pcs64_gt_gtwizard_gtye4_inst/gen_gtwizard_gtye4.gen_channel_container[1].gen_enabled_channel.gtye4_channel_wrapper_inst/channel_inst/gtye4_channel_gen.gen_gtye4_channel_inst[0].GTYE4_CHANNEL_PRIM_INST/RXOUTCLK
                         net (fo=2, routed)           0.053     0.053    u_pcs/inst/i_core_gtwiz_userclk_rx_inst_0/rxoutclk_out[0]
    BUFG_GT_X0Y30        BUFG_GT (Prop_BUFG_GT_I_O)
                                                      0.073     0.126 r  u_pcs/inst/i_core_gtwiz_userclk_rx_inst_0/gen_gtwiz_userclk_rx_main.bufg_gt_usrclk_inst/O
    X2Y0 (CLOCK_ROOT)    net (fo=1514, routed)        1.008     1.134    wrapper_p4/pcs64/pcs64_wrapper/pcs64_top/<hidden>/<hidden>/<hidden>/<hidden>
    SLICE_X75Y0          FDRE                                         r  wrapper_p4/pcs64/pcs64_wrapper/pcs64_top/<hidden>/<hidden>/<hidden>/<hidden>
  -------------------------------------------------------------------    -------------------
    SLICE_X75Y0          FDRE (Prop_FFF2_SLICEM_C_Q)
                                                      0.040     1.174 f  wrapper_p4/pcs64/pcs64_wrapper/pcs64_top/<hidden>/<hidden>/<hidden>/<hidden>
                         net (fo=1, routed)           0.067     1.241    wrapper_p4/pcs64/pcs64_wrapper/pcs64_top/<hidden>/<hidden>/<hidden>/<hidden>/<hidden>
    SLICE_X76Y0          FDPE                                         f  wrapper_p4/pcs64/pcs64_wrapper/pcs64_top/<hidden>/<hidden>/<hidden>/<hidden>/<hidden>
  -------------------------------------------------------------------    -------------------

                         (clock rxoutclk_out[0] rise edge)
                                                      0.000     0.000 r  
    GTYE4_CHANNEL_X0Y4   GTYE4_CHANNEL                0.000     0.000 r  u_pcs/inst/i_pcs64_gt/inst/gen_gtwizard_gtye4_top.pcs64_gt_gtwizard_gtye4_inst/gen_gtwizard_gtye4.gen_channel_container[1].gen_enabled_channel.gtye4_channel_wrapper_inst/channel_inst/gtye4_channel_gen.gen_gtye4_channel_inst[0].GTYE4_CHANNEL_PRIM_INST/RXOUTCLK
                         net (fo=2, routed)           0.057     0.057    u_pcs/inst/i_core_gtwiz_userclk_rx_inst_0/rxoutclk_out[0]
    BUFG_GT_X0Y30        BUFG_GT (Prop_BUFG_GT_I_O)
                                                      0.082     0.139 r  u_pcs/inst/i_core_gtwiz_userclk_rx_inst_0/gen_gtwiz_userclk_rx_main.bufg_gt_usrclk_inst/O
    X2Y0 (CLOCK_ROOT)    net (fo=1514, routed)        1.139     1.278    wrapper_p4/pcs64/pcs64_wrapper/pcs64_top/<hidden>/<hidden>/<hidden>/<hidden>/<hidden>
    SLICE_X76Y0          FDPE                                         r  wrapper_p4/pcs64/pcs64_wrapper/pcs64_top/<hidden>/<hidden>/<hidden>/<hidden>/<hidden>
                         clock pessimism             -0.136     1.142    
    SLICE_X76Y0          FDPE (Remov_AFF2_SLICEL_C_PRE)
                                                     -0.020     1.122    wrapper_p4/pcs64/pcs64_wrapper/pcs64_top/<hidden>/<hidden>/<hidden>/<hidden>/<hidden>
  -------------------------------------------------------------------
                         required time                         -1.122    
                         arrival time                           1.241    
  -------------------------------------------------------------------
                         slack                                  0.119    





---------------------------------------------------------------------------------------------------
Path Group:  **async_default**
From Clock:  rxoutclk_out[0]_1
  To Clock:  rxoutclk_out[0]_1

Setup :            0  Failing Endpoints,  Worst Slack        2.536ns,  Total Violation        0.000ns
Hold  :            0  Failing Endpoints,  Worst Slack        0.121ns,  Total Violation        0.000ns
---------------------------------------------------------------------------------------------------


Max Delay Paths
--------------------------------------------------------------------------------------
Slack (MET) :             2.536ns  (required time - arrival time)
  Source:                 u_pcs/inst/i_pcs64_core_cdc_sync_gt_rxreset_1/s_out_d4_reg/C
                            (rising edge-triggered cell FDRE clocked by rxoutclk_out[0]_1  {rise@0.000ns fall@3.200ns period=6.400ns})
  Destination:            u_mac_rx/dbg_stat_words_out_reg[24]/CLR
                            (recovery check against rising-edge clock rxoutclk_out[0]_1  {rise@0.000ns fall@3.200ns period=6.400ns})
  Path Group:             **async_default**
  Path Type:              Recovery (Max at Slow Process Corner)
  Requirement:            6.400ns  (rxoutclk_out[0]_1 rise@6.400ns - rxoutclk_out[0]_1 rise@0.000ns)
  Data Path Delay:        3.469ns  (logic 0.194ns (5.593%)  route 3.275ns (94.407%))
  Logic Levels:           1  (LUT2=1)
  Clock Path Skew:        -0.277ns (DCD - SCD + CPR)
    Destination Clock Delay (DCD):    1.603ns = ( 8.003 - 6.400 ) 
    Source Clock Delay      (SCD):    1.968ns
    Clock Pessimism Removal (CPR):    0.088ns
  Clock Uncertainty:      0.046ns  ((TSJ^2 + DJ^2)^1/2) / 2 + PE
    Total System Jitter     (TSJ):    0.071ns
    Discrete Jitter          (DJ):    0.060ns
    Phase Error              (PE):    0.000ns
  Clock Net Delay (Source):      1.739ns (routing 0.641ns, distribution 1.098ns)
  Clock Net Delay (Destination): 1.398ns (routing 0.577ns, distribution 0.821ns)

    Location             Delay type                Incr(ns)  Path(ns)    Netlist Resource(s)
  -------------------------------------------------------------------    -------------------
                         (clock rxoutclk_out[0]_1 rise edge)
                                                      0.000     0.000 r  
    GTYE4_CHANNEL_X0Y5   GTYE4_CHANNEL                0.000     0.000 r  u_pcs/inst/i_pcs64_gt_1/inst/gen_gtwizard_gtye4_top.pcs64_gt_1_gtwizard_gtye4_inst/gen_gtwizard_gtye4.gen_channel_container[1].gen_enabled_channel.gtye4_channel_wrapper_inst/channel_inst/gtye4_channel_gen.gen_gtye4_channel_inst[0].GTYE4_CHANNEL_PRIM_INST/RXOUTCLK
                         net (fo=2, routed)           0.090     0.090    u_pcs/inst/i_core_gtwiz_userclk_rx_inst_1/rxoutclk_out[0]
    BUFG_GT_X0Y26        BUFG_GT (Prop_BUFG_GT_I_O)
                                                      0.139     0.229 r  u_pcs/inst/i_core_gtwiz_userclk_rx_inst_1/gen_gtwiz_userclk_rx_main.bufg_gt_usrclk_inst/O
    X2Y1 (CLOCK_ROOT)    net (fo=3657, routed)        1.739     1.968    u_pcs/inst/i_pcs64_core_cdc_sync_gt_rxreset_1/rx_core_clk_1
    SLICE_X102Y111       FDRE                                         r  u_pcs/inst/i_pcs64_core_cdc_sync_gt_rxreset_1/s_out_d4_reg/C
  -------------------------------------------------------------------    -------------------
    SLICE_X102Y111       FDRE (Prop_EFF_SLICEL_C_Q)
                                                      0.096     2.064 f  u_pcs/inst/i_pcs64_core_cdc_sync_gt_rxreset_1/s_out_d4_reg/Q
                         net (fo=5, routed)           0.840     2.903    u_mac_rx/u_fifo/dout_reg[75]_1[0]
    SLICE_X98Y132        LUT2 (Prop_D6LUT_SLICEM_I1_O)
                                                      0.098     3.001 f  u_mac_rx/u_fifo/crc[31]_i_2__0/O
                         net (fo=714, routed)         2.435     5.437    u_mac_rx/u_fifo_n_66
    SLICE_X78Y148        FDCE                                         f  u_mac_rx/dbg_stat_words_out_reg[24]/CLR
  -------------------------------------------------------------------    -------------------

                         (clock rxoutclk_out[0]_1 rise edge)
                                                      6.400     6.400 r  
    GTYE4_CHANNEL_X0Y5   GTYE4_CHANNEL                0.000     6.400 r  u_pcs/inst/i_pcs64_gt_1/inst/gen_gtwizard_gtye4_top.pcs64_gt_1_gtwizard_gtye4_inst/gen_gtwizard_gtye4.gen_channel_container[1].gen_enabled_channel.gtye4_channel_wrapper_inst/channel_inst/gtye4_channel_gen.gen_gtye4_channel_inst[0].GTYE4_CHANNEL_PRIM_INST/RXOUTCLK
                         net (fo=2, routed)           0.083     6.483    u_pcs/inst/i_core_gtwiz_userclk_rx_inst_1/rxoutclk_out[0]
    BUFG_GT_X0Y26        BUFG_GT (Prop_BUFG_GT_I_O)
                                                      0.122     6.605 r  u_pcs/inst/i_core_gtwiz_userclk_rx_inst_1/gen_gtwiz_userclk_rx_main.bufg_gt_usrclk_inst/O
    X2Y1 (CLOCK_ROOT)    net (fo=3657, routed)        1.398     8.003    u_mac_rx/CLK
    SLICE_X78Y148        FDCE                                         r  u_mac_rx/dbg_stat_words_out_reg[24]/C
                         clock pessimism              0.088     8.091    
                         clock uncertainty           -0.046     8.045    
    SLICE_X78Y148        FDCE (Recov_AFF_SLICEL_C_CLR)
                                                     -0.072     7.973    u_mac_rx/dbg_stat_words_out_reg[24]
  -------------------------------------------------------------------
                         required time                          7.973    
                         arrival time                          -5.437    
  -------------------------------------------------------------------
                         slack                                  2.536    





Min Delay Paths
--------------------------------------------------------------------------------------
Slack (MET) :             0.121ns  (arrival time - required time)
  Source:                 wrapper_p4/pcs64/pcs64_wrapper/pcs64_top_24/<hidden>/<hidden>/<hidden>/<hidden>
                            (rising edge-triggered cell FDRE clocked by rxoutclk_out[0]_1  {rise@0.000ns fall@3.200ns period=6.400ns})
  Destination:            wrapper_p4/pcs64/pcs64_wrapper/pcs64_top_24/<hidden>/<hidden>/<hidden>/<hidden>/<hidden>
                            (removal check against rising-edge clock rxoutclk_out[0]_1  {rise@0.000ns fall@3.200ns period=6.400ns})
  Path Group:             **async_default**
  Path Type:              Removal (Min at Fast Process Corner)
  Requirement:            0.000ns  (rxoutclk_out[0]_1 rise@0.000ns - rxoutclk_out[0]_1 rise@0.000ns)
  Data Path Delay:        0.116ns  (logic 0.038ns (32.759%)  route 0.078ns (67.241%))
  Logic Levels:           0  
  Clock Path Skew:        0.015ns (DCD - SCD - CPR)
    Destination Clock Delay (DCD):    1.185ns
    Source Clock Delay      (SCD):    1.046ns
    Clock Pessimism Removal (CPR):    0.125ns
  Clock Net Delay (Source):      0.920ns (routing 0.336ns, distribution 0.584ns)
  Clock Net Delay (Destination): 1.046ns (routing 0.377ns, distribution 0.669ns)

    Location             Delay type                Incr(ns)  Path(ns)    Netlist Resource(s)
  -------------------------------------------------------------------    -------------------
                         (clock rxoutclk_out[0]_1 rise edge)
                                                      0.000     0.000 r  
    GTYE4_CHANNEL_X0Y5   GTYE4_CHANNEL                0.000     0.000 r  u_pcs/inst/i_pcs64_gt_1/inst/gen_gtwizard_gtye4_top.pcs64_gt_1_gtwizard_gtye4_inst/gen_gtwizard_gtye4.gen_channel_container[1].gen_enabled_channel.gtye4_channel_wrapper_inst/channel_inst/gtye4_channel_gen.gen_gtye4_channel_inst[0].GTYE4_CHANNEL_PRIM_INST/RXOUTCLK
                         net (fo=2, routed)           0.053     0.053    u_pcs/inst/i_core_gtwiz_userclk_rx_inst_1/rxoutclk_out[0]
    BUFG_GT_X0Y26        BUFG_GT (Prop_BUFG_GT_I_O)
                                                      0.073     0.126 r  u_pcs/inst/i_core_gtwiz_userclk_rx_inst_1/gen_gtwiz_userclk_rx_main.bufg_gt_usrclk_inst/O
    X2Y1 (CLOCK_ROOT)    net (fo=3657, routed)        0.920     1.046    wrapper_p4/pcs64/pcs64_wrapper/pcs64_top_24/<hidden>/<hidden>/<hidden>/<hidden>
    SLICE_X112Y141       FDRE                                         r  wrapper_p4/pcs64/pcs64_wrapper/pcs64_top_24/<hidden>/<hidden>/<hidden>/<hidden>
  -------------------------------------------------------------------    -------------------
    SLICE_X112Y141       FDRE (Prop_EFF_SLICEM_C_Q)
                                                      0.038     1.084 f  wrapper_p4/pcs64/pcs64_wrapper/pcs64_top_24/<hidden>/<hidden>/<hidden>/<hidden>
                         net (fo=1, routed)           0.078     1.162    wrapper_p4/pcs64/pcs64_wrapper/pcs64_top_24/<hidden>/<hidden>/<hidden>/<hidden>/<hidden>
    SLICE_X112Y141       FDPE                                         f  wrapper_p4/pcs64/pcs64_wrapper/pcs64_top_24/<hidden>/<hidden>/<hidden>/<hidden>/<hidden>
  -------------------------------------------------------------------    -------------------

                         (clock rxoutclk_out[0]_1 rise edge)
                                                      0.000     0.000 r  
    GTYE4_CHANNEL_X0Y5   GTYE4_CHANNEL                0.000     0.000 r  u_pcs/inst/i_pcs64_gt_1/inst/gen_gtwizard_gtye4_top.pcs64_gt_1_gtwizard_gtye4_inst/gen_gtwizard_gtye4.gen_channel_container[1].gen_enabled_channel.gtye4_channel_wrapper_inst/channel_inst/gtye4_channel_gen.gen_gtye4_channel_inst[0].GTYE4_CHANNEL_PRIM_INST/RXOUTCLK
                         net (fo=2, routed)           0.057     0.057    u_pcs/inst/i_core_gtwiz_userclk_rx_inst_1/rxoutclk_out[0]
    BUFG_GT_X0Y26        BUFG_GT (Prop_BUFG_GT_I_O)
                                                      0.082     0.139 r  u_pcs/inst/i_core_gtwiz_userclk_rx_inst_1/gen_gtwiz_userclk_rx_main.bufg_gt_usrclk_inst/O
    X2Y1 (CLOCK_ROOT)    net (fo=3657, routed)        1.046     1.185    wrapper_p4/pcs64/pcs64_wrapper/pcs64_top_24/<hidden>/<hidden>/<hidden>/<hidden>/<hidden>
    SLICE_X112Y141       FDPE                                         r  wrapper_p4/pcs64/pcs64_wrapper/pcs64_top_24/<hidden>/<hidden>/<hidden>/<hidden>/<hidden>
                         clock pessimism             -0.125     1.060    
    SLICE_X112Y141       FDPE (Remov_AFF2_SLICEM_C_PRE)
                                                     -0.020     1.040    wrapper_p4/pcs64/pcs64_wrapper/pcs64_top_24/<hidden>/<hidden>/<hidden>/<hidden>/<hidden>
  -------------------------------------------------------------------
                         required time                         -1.040    
                         arrival time                           1.162    
  -------------------------------------------------------------------
                         slack                                  0.121    





---------------------------------------------------------------------------------------------------
Path Group:  **async_default**
From Clock:  txoutclk_out[0]
  To Clock:  txoutclk_out[0]

Setup :            0  Failing Endpoints,  Worst Slack        5.834ns,  Total Violation        0.000ns
Hold  :            0  Failing Endpoints,  Worst Slack        0.169ns,  Total Violation        0.000ns
---------------------------------------------------------------------------------------------------


Max Delay Paths
--------------------------------------------------------------------------------------
Slack (MET) :             5.834ns  (required time - arrival time)
  Source:                 u_pcs/inst/i_pcs64_core_cdc_sync_gt_tx_resetdone_0/s_out_d4_reg/C
                            (rising edge-triggered cell FDRE clocked by txoutclk_out[0]  {rise@0.000ns fall@3.200ns period=6.400ns})
  Destination:            wrapper_p4/pcs64/pcs64_wrapper/pcs64_top/<hidden>/<hidden>/<hidden>
                            (recovery check against rising-edge clock txoutclk_out[0]  {rise@0.000ns fall@3.200ns period=6.400ns})
  Path Group:             **async_default**
  Path Type:              Recovery (Max at Slow Process Corner)
  Requirement:            6.400ns  (txoutclk_out[0] rise@6.400ns - txoutclk_out[0] rise@0.000ns)
  Data Path Delay:        0.406ns  (logic 0.096ns (23.674%)  route 0.310ns (76.326%))
  Logic Levels:           0  
  Clock Path Skew:        -0.042ns (DCD - SCD + CPR)
    Destination Clock Delay (DCD):    1.542ns = ( 7.942 - 6.400 ) 
    Source Clock Delay      (SCD):    1.770ns
    Clock Pessimism Removal (CPR):    0.186ns
  Clock Uncertainty:      0.046ns  ((TSJ^2 + DJ^2)^1/2) / 2 + PE
    Total System Jitter     (TSJ):    0.071ns
    Discrete Jitter          (DJ):    0.060ns
    Phase Error              (PE):    0.000ns
  Clock Net Delay (Source):      1.541ns (routing 0.581ns, distribution 0.960ns)
  Clock Net Delay (Destination): 1.338ns (routing 0.526ns, distribution 0.812ns)

    Location             Delay type                Incr(ns)  Path(ns)    Netlist Resource(s)
  -------------------------------------------------------------------    -------------------
                         (clock txoutclk_out[0] rise edge)
                                                      0.000     0.000 r  
    GTYE4_CHANNEL_X0Y4   GTYE4_CHANNEL                0.000     0.000 r  u_pcs/inst/i_pcs64_gt/inst/gen_gtwizard_gtye4_top.pcs64_gt_gtwizard_gtye4_inst/gen_gtwizard_gtye4.gen_channel_container[1].gen_enabled_channel.gtye4_channel_wrapper_inst/channel_inst/gtye4_channel_gen.gen_gtye4_channel_inst[0].GTYE4_CHANNEL_PRIM_INST/TXOUTCLK
                         net (fo=2, routed)           0.090     0.090    u_pcs/inst/i_core_gtwiz_userclk_tx_inst_0/txoutclk_out[0]
    BUFG_GT_X0Y47        BUFG_GT (Prop_BUFG_GT_I_O)
                                                      0.139     0.229 r  u_pcs/inst/i_core_gtwiz_userclk_tx_inst_0/gen_gtwiz_userclk_tx_main.bufg_gt_usrclk_inst/O
    X3Y0 (CLOCK_ROOT)    net (fo=579, routed)         1.541     1.770    u_pcs/inst/i_pcs64_core_cdc_sync_gt_tx_resetdone_0/CLK
    SLICE_X94Y33         FDRE                                         r  u_pcs/inst/i_pcs64_core_cdc_sync_gt_tx_resetdone_0/s_out_d4_reg/C
  -------------------------------------------------------------------    -------------------
    SLICE_X94Y33         FDRE (Prop_EFF_SLICEL_C_Q)
                                                      0.096     1.866 r  u_pcs/inst/i_pcs64_core_cdc_sync_gt_tx_resetdone_0/s_out_d4_reg/Q
                         net (fo=5, routed)           0.310     2.175    wrapper_p4/pcs64/pcs64_wrapper/pcs64_top/<hidden>/<hidden>/<hidden>
    SLICE_X94Y35         FDPE                                         f  wrapper_p4/pcs64/pcs64_wrapper/pcs64_top/<hidden>/<hidden>/<hidden>  (IS_INVERTED)
  -------------------------------------------------------------------    -------------------

                         (clock txoutclk_out[0] rise edge)
                                                      6.400     6.400 r  
    GTYE4_CHANNEL_X0Y4   GTYE4_CHANNEL                0.000     6.400 r  u_pcs/inst/i_pcs64_gt/inst/gen_gtwizard_gtye4_top.pcs64_gt_gtwizard_gtye4_inst/gen_gtwizard_gtye4.gen_channel_container[1].gen_enabled_channel.gtye4_channel_wrapper_inst/channel_inst/gtye4_channel_gen.gen_gtye4_channel_inst[0].GTYE4_CHANNEL_PRIM_INST/TXOUTCLK
                         net (fo=2, routed)           0.082     6.482    u_pcs/inst/i_core_gtwiz_userclk_tx_inst_0/txoutclk_out[0]
    BUFG_GT_X0Y47        BUFG_GT (Prop_BUFG_GT_I_O)
                                                      0.122     6.604 r  u_pcs/inst/i_core_gtwiz_userclk_tx_inst_0/gen_gtwiz_userclk_tx_main.bufg_gt_usrclk_inst/O
    X3Y0 (CLOCK_ROOT)    net (fo=579, routed)         1.338     7.942    wrapper_p4/pcs64/pcs64_wrapper/pcs64_top/<hidden>/<hidden>/<hidden>
    SLICE_X94Y35         FDPE                                         r  wrapper_p4/pcs64/pcs64_wrapper/pcs64_top/<hidden>/<hidden>/<hidden>
                         clock pessimism              0.186     8.128    
                         clock uncertainty           -0.046     8.082    
    SLICE_X94Y35         FDPE (Recov_AFF2_SLICEL_C_PRE)
                                                     -0.072     8.010    wrapper_p4/pcs64/pcs64_wrapper/pcs64_top/<hidden>/<hidden>/<hidden>
  -------------------------------------------------------------------
                         required time                          8.010    
                         arrival time                          -2.175    
  -------------------------------------------------------------------
                         slack                                  5.834    





Min Delay Paths
--------------------------------------------------------------------------------------
Slack (MET) :             0.169ns  (arrival time - required time)
  Source:                 u_pcs/inst/i_pcs64_core_cdc_sync_gt_tx_resetdone_0/s_out_d4_reg/C
                            (rising edge-triggered cell FDRE clocked by txoutclk_out[0]  {rise@0.000ns fall@3.200ns period=6.400ns})
  Destination:            wrapper_p4/pcs64/pcs64_wrapper/pcs64_top/<hidden>/<hidden>/<hidden>
                            (removal check against rising-edge clock txoutclk_out[0]  {rise@0.000ns fall@3.200ns period=6.400ns})
  Path Group:             **async_default**
  Path Type:              Removal (Min at Fast Process Corner)
  Requirement:            0.000ns  (txoutclk_out[0] rise@0.000ns - txoutclk_out[0] rise@0.000ns)
  Data Path Delay:        0.160ns  (logic 0.039ns (24.356%)  route 0.121ns (75.644%))
  Logic Levels:           0  
  Clock Path Skew:        0.011ns (DCD - SCD - CPR)
    Destination Clock Delay (DCD):    1.033ns
    Source Clock Delay      (SCD):    0.916ns
    Clock Pessimism Removal (CPR):    0.106ns
  Clock Net Delay (Source):      0.791ns (routing 0.304ns, distribution 0.487ns)
  Clock Net Delay (Destination): 0.894ns (routing 0.342ns, distribution 0.552ns)

    Location             Delay type                Incr(ns)  Path(ns)    Netlist Resource(s)
  -------------------------------------------------------------------    -------------------
                         (clock txoutclk_out[0] rise edge)
                                                      0.000     0.000 r  
    GTYE4_CHANNEL_X0Y4   GTYE4_CHANNEL                0.000     0.000 r  u_pcs/inst/i_pcs64_gt/inst/gen_gtwizard_gtye4_top.pcs64_gt_gtwizard_gtye4_inst/gen_gtwizard_gtye4.gen_channel_container[1].gen_enabled_channel.gtye4_channel_wrapper_inst/channel_inst/gtye4_channel_gen.gen_gtye4_channel_inst[0].GTYE4_CHANNEL_PRIM_INST/TXOUTCLK
                         net (fo=2, routed)           0.052     0.052    u_pcs/inst/i_core_gtwiz_userclk_tx_inst_0/txoutclk_out[0]
    BUFG_GT_X0Y47        BUFG_GT (Prop_BUFG_GT_I_O)
                                                      0.073     0.125 r  u_pcs/inst/i_core_gtwiz_userclk_tx_inst_0/gen_gtwiz_userclk_tx_main.bufg_gt_usrclk_inst/O
    X3Y0 (CLOCK_ROOT)    net (fo=579, routed)         0.791     0.916    u_pcs/inst/i_pcs64_core_cdc_sync_gt_tx_resetdone_0/CLK
    SLICE_X94Y33         FDRE                                         r  u_pcs/inst/i_pcs64_core_cdc_sync_gt_tx_resetdone_0/s_out_d4_reg/C
  -------------------------------------------------------------------    -------------------
    SLICE_X94Y33         FDRE (Prop_EFF_SLICEL_C_Q)
                                                      0.039     0.955 r  u_pcs/inst/i_pcs64_core_cdc_sync_gt_tx_resetdone_0/s_out_d4_reg/Q
                         net (fo=5, routed)           0.121     1.076    wrapper_p4/pcs64/pcs64_wrapper/pcs64_top/<hidden>/<hidden>/<hidden>
    SLICE_X94Y35         FDPE                                         f  wrapper_p4/pcs64/pcs64_wrapper/pcs64_top/<hidden>/<hidden>/<hidden>  (IS_INVERTED)
  -------------------------------------------------------------------    -------------------

                         (clock txoutclk_out[0] rise edge)
                                                      0.000     0.000 r  
    GTYE4_CHANNEL_X0Y4   GTYE4_CHANNEL                0.000     0.000 r  u_pcs/inst/i_pcs64_gt/inst/gen_gtwizard_gtye4_top.pcs64_gt_gtwizard_gtye4_inst/gen_gtwizard_gtye4.gen_channel_container[1].gen_enabled_channel.gtye4_channel_wrapper_inst/channel_inst/gtye4_channel_gen.gen_gtye4_channel_inst[0].GTYE4_CHANNEL_PRIM_INST/TXOUTCLK
                         net (fo=2, routed)           0.057     0.057    u_pcs/inst/i_core_gtwiz_userclk_tx_inst_0/txoutclk_out[0]
    BUFG_GT_X0Y47        BUFG_GT (Prop_BUFG_GT_I_O)
                                                      0.082     0.139 r  u_pcs/inst/i_core_gtwiz_userclk_tx_inst_0/gen_gtwiz_userclk_tx_main.bufg_gt_usrclk_inst/O
    X3Y0 (CLOCK_ROOT)    net (fo=579, routed)         0.894     1.033    wrapper_p4/pcs64/pcs64_wrapper/pcs64_top/<hidden>/<hidden>/<hidden>
    SLICE_X94Y35         FDPE                                         r  wrapper_p4/pcs64/pcs64_wrapper/pcs64_top/<hidden>/<hidden>/<hidden>
                         clock pessimism             -0.106     0.927    
    SLICE_X94Y35         FDPE (Remov_AFF2_SLICEL_C_PRE)
                                                     -0.020     0.907    wrapper_p4/pcs64/pcs64_wrapper/pcs64_top/<hidden>/<hidden>/<hidden>
  -------------------------------------------------------------------
                         required time                         -0.907    
                         arrival time                           1.076    
  -------------------------------------------------------------------
                         slack                                  0.169    





---------------------------------------------------------------------------------------------------
Path Group:  **async_default**
From Clock:  txoutclk_out[0]_1
  To Clock:  txoutclk_out[0]_1

Setup :            0  Failing Endpoints,  Worst Slack        3.153ns,  Total Violation        0.000ns
Hold  :            0  Failing Endpoints,  Worst Slack        0.131ns,  Total Violation        0.000ns
---------------------------------------------------------------------------------------------------


Max Delay Paths
--------------------------------------------------------------------------------------
Slack (MET) :             3.153ns  (required time - arrival time)
  Source:                 u_pcs/inst/i_pcs64_core_cdc_sync_gt_tx_resetdone_1/s_out_d4_reg/C
                            (rising edge-triggered cell FDRE clocked by txoutclk_out[0]_1  {rise@0.000ns fall@3.200ns period=6.400ns})
  Destination:            u_mac_tx/m_tptr_reg[3]/CLR
                            (recovery check against rising-edge clock txoutclk_out[0]_1  {rise@0.000ns fall@3.200ns period=6.400ns})
  Path Group:             **async_default**
  Path Type:              Recovery (Max at Slow Process Corner)
  Requirement:            6.400ns  (txoutclk_out[0]_1 rise@6.400ns - txoutclk_out[0]_1 rise@0.000ns)
  Data Path Delay:        3.046ns  (logic 0.243ns (7.977%)  route 2.803ns (92.023%))
  Logic Levels:           1  (LUT2=1)
  Clock Path Skew:        -0.083ns (DCD - SCD + CPR)
    Destination Clock Delay (DCD):    1.741ns = ( 8.141 - 6.400 ) 
    Source Clock Delay      (SCD):    1.913ns
    Clock Pessimism Removal (CPR):    0.089ns
  Clock Uncertainty:      0.046ns  ((TSJ^2 + DJ^2)^1/2) / 2 + PE
    Total System Jitter     (TSJ):    0.071ns
    Discrete Jitter          (DJ):    0.060ns
    Phase Error              (PE):    0.000ns
  Clock Net Delay (Source):      1.684ns (routing 0.638ns, distribution 1.046ns)
  Clock Net Delay (Destination): 1.537ns (routing 0.574ns, distribution 0.963ns)

    Location             Delay type                Incr(ns)  Path(ns)    Netlist Resource(s)
  -------------------------------------------------------------------    -------------------
                         (clock txoutclk_out[0]_1 rise edge)
                                                      0.000     0.000 r  
    GTYE4_CHANNEL_X0Y5   GTYE4_CHANNEL                0.000     0.000 r  u_pcs/inst/i_pcs64_gt_1/inst/gen_gtwizard_gtye4_top.pcs64_gt_1_gtwizard_gtye4_inst/gen_gtwizard_gtye4.gen_channel_container[1].gen_enabled_channel.gtye4_channel_wrapper_inst/channel_inst/gtye4_channel_gen.gen_gtye4_channel_inst[0].GTYE4_CHANNEL_PRIM_INST/TXOUTCLK
                         net (fo=2, routed)           0.090     0.090    u_pcs/inst/i_core_gtwiz_userclk_tx_inst_1/txoutclk_out[0]
    BUFG_GT_X0Y28        BUFG_GT (Prop_BUFG_GT_I_O)
                                                      0.139     0.229 r  u_pcs/inst/i_core_gtwiz_userclk_tx_inst_1/gen_gtwiz_userclk_tx_main.bufg_gt_usrclk_inst/O
    X2Y1 (CLOCK_ROOT)    net (fo=1237, routed)        1.684     1.913    u_pcs/inst/i_pcs64_core_cdc_sync_gt_tx_resetdone_1/CLK
    SLICE_X100Y106       FDRE                                         r  u_pcs/inst/i_pcs64_core_cdc_sync_gt_tx_resetdone_1/s_out_d4_reg/C
  -------------------------------------------------------------------    -------------------
    SLICE_X100Y106       FDRE (Prop_EFF_SLICEL_C_Q)
                                                      0.096     2.009 r  u_pcs/inst/i_pcs64_core_cdc_sync_gt_tx_resetdone_1/s_out_d4_reg/Q
                         net (fo=5, routed)           0.291     2.300    u_mac_tx/u_fifo/lopt
    SLICE_X99Y110        LUT2 (Prop_D6LUT_SLICEL_I0_O)
                                                      0.147     2.447 f  u_mac_tx/u_fifo/dout[72]_i_2__3/O
                         net (fo=460, routed)         2.512     4.959    u_mac_tx/u_fifo_n_134
    SLICE_X103Y153       FDCE                                         f  u_mac_tx/m_tptr_reg[3]/CLR
  -------------------------------------------------------------------    -------------------

                         (clock txoutclk_out[0]_1 rise edge)
                                                      6.400     6.400 r  
    GTYE4_CHANNEL_X0Y5   GTYE4_CHANNEL                0.000     6.400 r  u_pcs/inst/i_pcs64_gt_1/inst/gen_gtwizard_gtye4_top.pcs64_gt_1_gtwizard_gtye4_inst/gen_gtwizard_gtye4.gen_channel_container[1].gen_enabled_channel.gtye4_channel_wrapper_inst/channel_inst/gtye4_channel_gen.gen_gtye4_channel_inst[0].GTYE4_CHANNEL_PRIM_INST/TXOUTCLK
                         net (fo=2, routed)           0.082     6.482    u_pcs/inst/i_core_gtwiz_userclk_tx_inst_1/txoutclk_out[0]
    BUFG_GT_X0Y28        BUFG_GT (Prop_BUFG_GT_I_O)
                                                      0.122     6.604 r  u_pcs/inst/i_core_gtwiz_userclk_tx_inst_1/gen_gtwiz_userclk_tx_main.bufg_gt_usrclk_inst/O
    X2Y1 (CLOCK_ROOT)    net (fo=1237, routed)        1.537     8.141    u_mac_tx/tx_mii_clk_1
    SLICE_X103Y153       FDCE                                         r  u_mac_tx/m_tptr_reg[3]/C
                         clock pessimism              0.089     8.230    
                         clock uncertainty           -0.046     8.184    
    SLICE_X103Y153       FDCE (Recov_CFF_SLICEM_C_CLR)
                                                     -0.072     8.112    u_mac_tx/m_tptr_reg[3]
  -------------------------------------------------------------------
                         required time                          8.112    
                         arrival time                          -4.959    
  -------------------------------------------------------------------
                         slack                                  3.153    





Min Delay Paths
--------------------------------------------------------------------------------------
Slack (MET) :             0.131ns  (arrival time - required time)
  Source:                 u_txcdc/rd_rst_sync_reg[1]/C
                            (rising edge-triggered cell FDCE clocked by txoutclk_out[0]_1  {rise@0.000ns fall@3.200ns period=6.400ns})
  Destination:            u_txcdc/rbin_r_reg[0]/CLR
                            (removal check against rising-edge clock txoutclk_out[0]_1  {rise@0.000ns fall@3.200ns period=6.400ns})
  Path Group:             **async_default**
  Path Type:              Removal (Min at Fast Process Corner)
  Requirement:            0.000ns  (txoutclk_out[0]_1 rise@0.000ns - txoutclk_out[0]_1 rise@0.000ns)
  Data Path Delay:        0.163ns  (logic 0.040ns (24.579%)  route 0.123ns (75.421%))
  Logic Levels:           0  
  Clock Path Skew:        0.052ns (DCD - SCD - CPR)
    Destination Clock Delay (DCD):    1.082ns
    Source Clock Delay      (SCD):    0.951ns
    Clock Pessimism Removal (CPR):    0.079ns
  Clock Net Delay (Source):      0.826ns (routing 0.335ns, distribution 0.491ns)
  Clock Net Delay (Destination): 0.943ns (routing 0.376ns, distribution 0.567ns)

    Location             Delay type                Incr(ns)  Path(ns)    Netlist Resource(s)
  -------------------------------------------------------------------    -------------------
                         (clock txoutclk_out[0]_1 rise edge)
                                                      0.000     0.000 r  
    GTYE4_CHANNEL_X0Y5   GTYE4_CHANNEL                0.000     0.000 r  u_pcs/inst/i_pcs64_gt_1/inst/gen_gtwizard_gtye4_top.pcs64_gt_1_gtwizard_gtye4_inst/gen_gtwizard_gtye4.gen_channel_container[1].gen_enabled_channel.gtye4_channel_wrapper_inst/channel_inst/gtye4_channel_gen.gen_gtye4_channel_inst[0].GTYE4_CHANNEL_PRIM_INST/TXOUTCLK
                         net (fo=2, routed)           0.052     0.052    u_pcs/inst/i_core_gtwiz_userclk_tx_inst_1/txoutclk_out[0]
    BUFG_GT_X0Y28        BUFG_GT (Prop_BUFG_GT_I_O)
                                                      0.073     0.125 r  u_pcs/inst/i_core_gtwiz_userclk_tx_inst_1/gen_gtwiz_userclk_tx_main.bufg_gt_usrclk_inst/O
    X2Y1 (CLOCK_ROOT)    net (fo=1237, routed)        0.826     0.951    u_txcdc/tx_mii_clk_1
    SLICE_X84Y147        FDCE                                         r  u_txcdc/rd_rst_sync_reg[1]/C
  -------------------------------------------------------------------    -------------------
    SLICE_X84Y147        FDCE (Prop_AFF2_SLICEL_C_Q)
                                                      0.040     0.991 r  u_txcdc/rd_rst_sync_reg[1]/Q
                         net (fo=42, routed)          0.123     1.114    u_txcdc/rd_rst_sync[1]
    SLICE_X87Y147        FDCE                                         f  u_txcdc/rbin_r_reg[0]/CLR  (IS_INVERTED)
  -------------------------------------------------------------------    -------------------

                         (clock txoutclk_out[0]_1 rise edge)
                                                      0.000     0.000 r  
    GTYE4_CHANNEL_X0Y5   GTYE4_CHANNEL                0.000     0.000 r  u_pcs/inst/i_pcs64_gt_1/inst/gen_gtwizard_gtye4_top.pcs64_gt_1_gtwizard_gtye4_inst/gen_gtwizard_gtye4.gen_channel_container[1].gen_enabled_channel.gtye4_channel_wrapper_inst/channel_inst/gtye4_channel_gen.gen_gtye4_channel_inst[0].GTYE4_CHANNEL_PRIM_INST/TXOUTCLK
                         net (fo=2, routed)           0.057     0.057    u_pcs/inst/i_core_gtwiz_userclk_tx_inst_1/txoutclk_out[0]
    BUFG_GT_X0Y28        BUFG_GT (Prop_BUFG_GT_I_O)
                                                      0.082     0.139 r  u_pcs/inst/i_core_gtwiz_userclk_tx_inst_1/gen_gtwiz_userclk_tx_main.bufg_gt_usrclk_inst/O
    X2Y1 (CLOCK_ROOT)    net (fo=1237, routed)        0.943     1.082    u_txcdc/tx_mii_clk_1
    SLICE_X87Y147        FDCE                                         r  u_txcdc/rbin_r_reg[0]/C
                         clock pessimism             -0.079     1.003    
    SLICE_X87Y147        FDCE (Remov_EFF_SLICEL_C_CLR)
                                                     -0.020     0.983    u_txcdc/rbin_r_reg[0]
  -------------------------------------------------------------------
                         required time                         -0.983    
                         arrival time                           1.114    
  -------------------------------------------------------------------
                         slack                                  0.131    





---------------------------------------------------------------------------------------------------
Path Group:  **async_default**
From Clock:  u_pcie_xdma/inst/pcie4_ip_i/inst/xdma_0_pcie4_ip_gt_top_i/diablo_gt.diablo_gt_phy_wrapper/gt_wizard.gtwizard_top_i/xdma_0_pcie4_ip_gt_i/inst/gen_gtwizard_gtye4_top.xdma_0_pcie4_ip_gt_gtwizard_gtye4_inst/gen_gtwizard_gtye4.gen_cpll_cal_gtye4.gen_cpll_cal_inst[0].gen_inst_cpll_cal.gtwizard_ultrascale_v1_7_22_gtye4_cpll_cal_inst/gtwizard_ultrascale_v1_7_22_gtye4_cpll_cal_tx_i/bufg_gt_txoutclkmon_inst/O
  To Clock:  u_pcie_xdma/inst/pcie4_ip_i/inst/xdma_0_pcie4_ip_gt_top_i/diablo_gt.diablo_gt_phy_wrapper/gt_wizard.gtwizard_top_i/xdma_0_pcie4_ip_gt_i/inst/gen_gtwizard_gtye4_top.xdma_0_pcie4_ip_gt_gtwizard_gtye4_inst/gen_gtwizard_gtye4.gen_cpll_cal_gtye4.gen_cpll_cal_inst[0].gen_inst_cpll_cal.gtwizard_ultrascale_v1_7_22_gtye4_cpll_cal_inst/gtwizard_ultrascale_v1_7_22_gtye4_cpll_cal_tx_i/bufg_gt_txoutclkmon_inst/O

Setup :            0  Failing Endpoints,  Worst Slack        7.451ns,  Total Violation        0.000ns
Hold  :            0  Failing Endpoints,  Worst Slack        0.123ns,  Total Violation        0.000ns
---------------------------------------------------------------------------------------------------


Max Delay Paths
--------------------------------------------------------------------------------------
Slack (MET) :             7.451ns  (required time - arrival time)
  Source:                 u_pcie_xdma/inst/pcie4_ip_i/inst/xdma_0_pcie4_ip_gt_top_i/diablo_gt.diablo_gt_phy_wrapper/gt_wizard.gtwizard_top_i/xdma_0_pcie4_ip_gt_i/inst/gen_gtwizard_gtye4_top.xdma_0_pcie4_ip_gt_gtwizard_gtye4_inst/gen_gtwizard_gtye4.gen_cpll_cal_gtye4.gen_cpll_cal_inst[0].gen_inst_cpll_cal.gtwizard_ultrascale_v1_7_22_gtye4_cpll_cal_inst/gtwizard_ultrascale_v1_7_22_gtye4_cpll_cal_tx_i/U_TXOUTCLK_FREQ_COUNTER/reset_synchronizer_testclk_rst_inst/rst_in_out_reg/C
                            (rising edge-triggered cell FDPE clocked by u_pcie_xdma/inst/pcie4_ip_i/inst/xdma_0_pcie4_ip_gt_top_i/diablo_gt.diablo_gt_phy_wrapper/gt_wizard.gtwizard_top_i/xdma_0_pcie4_ip_gt_i/inst/gen_gtwizard_gtye4_top.xdma_0_pcie4_ip_gt_gtwizard_gtye4_inst/gen_gtwizard_gtye4.gen_cpll_cal_gtye4.gen_cpll_cal_inst[0].gen_inst_cpll_cal.gtwizard_ultrascale_v1_7_22_gtye4_cpll_cal_inst/gtwizard_ultrascale_v1_7_22_gtye4_cpll_cal_tx_i/bufg_gt_txoutclkmon_inst/O  {rise@0.000ns fall@4.000ns period=8.000ns})
  Destination:            u_pcie_xdma/inst/pcie4_ip_i/inst/xdma_0_pcie4_ip_gt_top_i/diablo_gt.diablo_gt_phy_wrapper/gt_wizard.gtwizard_top_i/xdma_0_pcie4_ip_gt_i/inst/gen_gtwizard_gtye4_top.xdma_0_pcie4_ip_gt_gtwizard_gtye4_inst/gen_gtwizard_gtye4.gen_cpll_cal_gtye4.gen_cpll_cal_inst[0].gen_inst_cpll_cal.gtwizard_ultrascale_v1_7_22_gtye4_cpll_cal_inst/gtwizard_ultrascale_v1_7_22_gtye4_cpll_cal_tx_i/U_TXOUTCLK_FREQ_COUNTER/testclk_cnt_reg[10]/CLR
                            (recovery check against rising-edge clock u_pcie_xdma/inst/pcie4_ip_i/inst/xdma_0_pcie4_ip_gt_top_i/diablo_gt.diablo_gt_phy_wrapper/gt_wizard.gtwizard_top_i/xdma_0_pcie4_ip_gt_i/inst/gen_gtwizard_gtye4_top.xdma_0_pcie4_ip_gt_gtwizard_gtye4_inst/gen_gtwizard_gtye4.gen_cpll_cal_gtye4.gen_cpll_cal_inst[0].gen_inst_cpll_cal.gtwizard_ultrascale_v1_7_22_gtye4_cpll_cal_inst/gtwizard_ultrascale_v1_7_22_gtye4_cpll_cal_tx_i/bufg_gt_txoutclkmon_inst/O  {rise@0.000ns fall@4.000ns period=8.000ns})
  Path Group:             **async_default**
  Path Type:              Recovery (Max at Slow Process Corner)
  Requirement:            8.000ns  (u_pcie_xdma/inst/pcie4_ip_i/inst/xdma_0_pcie4_ip_gt_top_i/diablo_gt.diablo_gt_phy_wrapper/gt_wizard.gtwizard_top_i/xdma_0_pcie4_ip_gt_i/inst/gen_gtwizard_gtye4_top.xdma_0_pcie4_ip_gt_gtwizard_gtye4_inst/gen_gtwizard_gtye4.gen_cpll_cal_gtye4.gen_cpll_cal_inst[0].gen_inst_cpll_cal.gtwizard_ultrascale_v1_7_22_gtye4_cpll_cal_inst/gtwizard_ultrascale_v1_7_22_gtye4_cpll_cal_tx_i/bufg_gt_txoutclkmon_inst/O rise@8.000ns - u_pcie_xdma/inst/pcie4_ip_i/inst/xdma_0_pcie4_ip_gt_top_i/diablo_gt.diablo_gt_phy_wrapper/gt_wizard.gtwizard_top_i/xdma_0_pcie4_ip_gt_i/inst/gen_gtwizard_gtye4_top.xdma_0_pcie4_ip_gt_gtwizard_gtye4_inst/gen_gtwizard_gtye4.gen_cpll_cal_gtye4.gen_cpll_cal_inst[0].gen_inst_cpll_cal.gtwizard_ultrascale_v1_7_22_gtye4_cpll_cal_inst/gtwizard_ultrascale_v1_7_22_gtye4_cpll_cal_tx_i/bufg_gt_txoutclkmon_inst/O rise@0.000ns)
  Data Path Delay:        0.389ns  (logic 0.096ns (24.706%)  route 0.293ns (75.294%))
  Logic Levels:           0  
  Clock Path Skew:        -0.042ns (DCD - SCD + CPR)
    Destination Clock Delay (DCD):    0.558ns = ( 8.558 - 8.000 ) 
    Source Clock Delay      (SCD):    0.661ns
    Clock Pessimism Removal (CPR):    0.061ns
  Clock Uncertainty:      0.046ns  ((TSJ^2 + DJ^2)^1/2) / 2 + PE
    Total System Jitter     (TSJ):    0.071ns
    Discrete Jitter          (DJ):    0.060ns
    Phase Error              (PE):    0.000ns
  Clock Net Delay (Source):      0.661ns (routing 0.002ns, distribution 0.659ns)
  Clock Net Delay (Destination): 0.558ns (routing 0.001ns, distribution 0.557ns)

    Location             Delay type                Incr(ns)  Path(ns)    Netlist Resource(s)
  -------------------------------------------------------------------    -------------------
                         (clock u_pcie_xdma/inst/pcie4_ip_i/inst/xdma_0_pcie4_ip_gt_top_i/diablo_gt.diablo_gt_phy_wrapper/gt_wizard.gtwizard_top_i/xdma_0_pcie4_ip_gt_i/inst/gen_gtwizard_gtye4_top.xdma_0_pcie4_ip_gt_gtwizard_gtye4_inst/gen_gtwizard_gtye4.gen_cpll_cal_gtye4.gen_cpll_cal_inst[0].gen_inst_cpll_cal.gtwizard_ultrascale_v1_7_22_gtye4_cpll_cal_inst/gtwizard_ultrascale_v1_7_22_gtye4_cpll_cal_tx_i/bufg_gt_txoutclkmon_inst/O rise edge)
                                                      0.000     0.000 r  
    BUFG_GT_X0Y22        BUFG_GT                      0.000     0.000 r  u_pcie_xdma/inst/pcie4_ip_i/inst/xdma_0_pcie4_ip_gt_top_i/diablo_gt.diablo_gt_phy_wrapper/gt_wizard.gtwizard_top_i/xdma_0_pcie4_ip_gt_i/inst/gen_gtwizard_gtye4_top.xdma_0_pcie4_ip_gt_gtwizard_gtye4_inst/gen_gtwizard_gtye4.gen_cpll_cal_gtye4.gen_cpll_cal_inst[0].gen_inst_cpll_cal.gtwizard_ultrascale_v1_7_22_gtye4_cpll_cal_inst/gtwizard_ultrascale_v1_7_22_gtye4_cpll_cal_tx_i/bufg_gt_txoutclkmon_inst/O
    X3Y0 (CLOCK_ROOT)    net (fo=31, routed)          0.661     0.661    u_pcie_xdma/inst/pcie4_ip_i/inst/xdma_0_pcie4_ip_gt_top_i/diablo_gt.diablo_gt_phy_wrapper/gt_wizard.gtwizard_top_i/xdma_0_pcie4_ip_gt_i/inst/gen_gtwizard_gtye4_top.xdma_0_pcie4_ip_gt_gtwizard_gtye4_inst/gen_gtwizard_gtye4.gen_cpll_cal_gtye4.gen_cpll_cal_inst[0].gen_inst_cpll_cal.gtwizard_ultrascale_v1_7_22_gtye4_cpll_cal_inst/gtwizard_ultrascale_v1_7_22_gtye4_cpll_cal_tx_i/U_TXOUTCLK_FREQ_COUNTER/reset_synchronizer_testclk_rst_inst/txoutclkmon
    SLICE_X108Y0         FDPE                                         r  u_pcie_xdma/inst/pcie4_ip_i/inst/xdma_0_pcie4_ip_gt_top_i/diablo_gt.diablo_gt_phy_wrapper/gt_wizard.gtwizard_top_i/xdma_0_pcie4_ip_gt_i/inst/gen_gtwizard_gtye4_top.xdma_0_pcie4_ip_gt_gtwizard_gtye4_inst/gen_gtwizard_gtye4.gen_cpll_cal_gtye4.gen_cpll_cal_inst[0].gen_inst_cpll_cal.gtwizard_ultrascale_v1_7_22_gtye4_cpll_cal_inst/gtwizard_ultrascale_v1_7_22_gtye4_cpll_cal_tx_i/U_TXOUTCLK_FREQ_COUNTER/reset_synchronizer_testclk_rst_inst/rst_in_out_reg/C
  -------------------------------------------------------------------    -------------------
    SLICE_X108Y0         FDPE (Prop_AFF_SLICEL_C_Q)
                                                      0.096     0.757 f  u_pcie_xdma/inst/pcie4_ip_i/inst/xdma_0_pcie4_ip_gt_top_i/diablo_gt.diablo_gt_phy_wrapper/gt_wizard.gtwizard_top_i/xdma_0_pcie4_ip_gt_i/inst/gen_gtwizard_gtye4_top.xdma_0_pcie4_ip_gt_gtwizard_gtye4_inst/gen_gtwizard_gtye4.gen_cpll_cal_gtye4.gen_cpll_cal_inst[0].gen_inst_cpll_cal.gtwizard_ultrascale_v1_7_22_gtye4_cpll_cal_inst/gtwizard_ultrascale_v1_7_22_gtye4_cpll_cal_tx_i/U_TXOUTCLK_FREQ_COUNTER/reset_synchronizer_testclk_rst_inst/rst_in_out_reg/Q
                         net (fo=18, routed)          0.293     1.050    u_pcie_xdma/inst/pcie4_ip_i/inst/xdma_0_pcie4_ip_gt_top_i/diablo_gt.diablo_gt_phy_wrapper/gt_wizard.gtwizard_top_i/xdma_0_pcie4_ip_gt_i/inst/gen_gtwizard_gtye4_top.xdma_0_pcie4_ip_gt_gtwizard_gtye4_inst/gen_gtwizard_gtye4.gen_cpll_cal_gtye4.gen_cpll_cal_inst[0].gen_inst_cpll_cal.gtwizard_ultrascale_v1_7_22_gtye4_cpll_cal_inst/gtwizard_ultrascale_v1_7_22_gtye4_cpll_cal_tx_i/U_TXOUTCLK_FREQ_COUNTER/rst_in_out
    SLICE_X107Y1         FDCE                                         f  u_pcie_xdma/inst/pcie4_ip_i/inst/xdma_0_pcie4_ip_gt_top_i/diablo_gt.diablo_gt_phy_wrapper/gt_wizard.gtwizard_top_i/xdma_0_pcie4_ip_gt_i/inst/gen_gtwizard_gtye4_top.xdma_0_pcie4_ip_gt_gtwizard_gtye4_inst/gen_gtwizard_gtye4.gen_cpll_cal_gtye4.gen_cpll_cal_inst[0].gen_inst_cpll_cal.gtwizard_ultrascale_v1_7_22_gtye4_cpll_cal_inst/gtwizard_ultrascale_v1_7_22_gtye4_cpll_cal_tx_i/U_TXOUTCLK_FREQ_COUNTER/testclk_cnt_reg[10]/CLR
  -------------------------------------------------------------------    -------------------

                         (clock u_pcie_xdma/inst/pcie4_ip_i/inst/xdma_0_pcie4_ip_gt_top_i/diablo_gt.diablo_gt_phy_wrapper/gt_wizard.gtwizard_top_i/xdma_0_pcie4_ip_gt_i/inst/gen_gtwizard_gtye4_top.xdma_0_pcie4_ip_gt_gtwizard_gtye4_inst/gen_gtwizard_gtye4.gen_cpll_cal_gtye4.gen_cpll_cal_inst[0].gen_inst_cpll_cal.gtwizard_ultrascale_v1_7_22_gtye4_cpll_cal_inst/gtwizard_ultrascale_v1_7_22_gtye4_cpll_cal_tx_i/bufg_gt_txoutclkmon_inst/O rise edge)
                                                      8.000     8.000 r  
    BUFG_GT_X0Y22        BUFG_GT                      0.000     8.000 r  u_pcie_xdma/inst/pcie4_ip_i/inst/xdma_0_pcie4_ip_gt_top_i/diablo_gt.diablo_gt_phy_wrapper/gt_wizard.gtwizard_top_i/xdma_0_pcie4_ip_gt_i/inst/gen_gtwizard_gtye4_top.xdma_0_pcie4_ip_gt_gtwizard_gtye4_inst/gen_gtwizard_gtye4.gen_cpll_cal_gtye4.gen_cpll_cal_inst[0].gen_inst_cpll_cal.gtwizard_ultrascale_v1_7_22_gtye4_cpll_cal_inst/gtwizard_ultrascale_v1_7_22_gtye4_cpll_cal_tx_i/bufg_gt_txoutclkmon_inst/O
    X3Y0 (CLOCK_ROOT)    net (fo=31, routed)          0.558     8.558    u_pcie_xdma/inst/pcie4_ip_i/inst/xdma_0_pcie4_ip_gt_top_i/diablo_gt.diablo_gt_phy_wrapper/gt_wizard.gtwizard_top_i/xdma_0_pcie4_ip_gt_i/inst/gen_gtwizard_gtye4_top.xdma_0_pcie4_ip_gt_gtwizard_gtye4_inst/gen_gtwizard_gtye4.gen_cpll_cal_gtye4.gen_cpll_cal_inst[0].gen_inst_cpll_cal.gtwizard_ultrascale_v1_7_22_gtye4_cpll_cal_inst/gtwizard_ultrascale_v1_7_22_gtye4_cpll_cal_tx_i/U_TXOUTCLK_FREQ_COUNTER/txoutclkmon
    SLICE_X107Y1         FDCE                                         r  u_pcie_xdma/inst/pcie4_ip_i/inst/xdma_0_pcie4_ip_gt_top_i/diablo_gt.diablo_gt_phy_wrapper/gt_wizard.gtwizard_top_i/xdma_0_pcie4_ip_gt_i/inst/gen_gtwizard_gtye4_top.xdma_0_pcie4_ip_gt_gtwizard_gtye4_inst/gen_gtwizard_gtye4.gen_cpll_cal_gtye4.gen_cpll_cal_inst[0].gen_inst_cpll_cal.gtwizard_ultrascale_v1_7_22_gtye4_cpll_cal_inst/gtwizard_ultrascale_v1_7_22_gtye4_cpll_cal_tx_i/U_TXOUTCLK_FREQ_COUNTER/testclk_cnt_reg[10]/C
                         clock pessimism              0.061     8.619    
                         clock uncertainty           -0.046     8.573    
    SLICE_X107Y1         FDCE (Recov_CFF_SLICEM_C_CLR)
                                                     -0.072     8.501    u_pcie_xdma/inst/pcie4_ip_i/inst/xdma_0_pcie4_ip_gt_top_i/diablo_gt.diablo_gt_phy_wrapper/gt_wizard.gtwizard_top_i/xdma_0_pcie4_ip_gt_i/inst/gen_gtwizard_gtye4_top.xdma_0_pcie4_ip_gt_gtwizard_gtye4_inst/gen_gtwizard_gtye4.gen_cpll_cal_gtye4.gen_cpll_cal_inst[0].gen_inst_cpll_cal.gtwizard_ultrascale_v1_7_22_gtye4_cpll_cal_inst/gtwizard_ultrascale_v1_7_22_gtye4_cpll_cal_tx_i/U_TXOUTCLK_FREQ_COUNTER/testclk_cnt_reg[10]
  -------------------------------------------------------------------
                         required time                          8.501    
                         arrival time                          -1.050    
  -------------------------------------------------------------------
                         slack                                  7.451    





Min Delay Paths
--------------------------------------------------------------------------------------
Slack (MET) :             0.123ns  (arrival time - required time)
  Source:                 u_pcie_xdma/inst/pcie4_ip_i/inst/xdma_0_pcie4_ip_gt_top_i/diablo_gt.diablo_gt_phy_wrapper/gt_wizard.gtwizard_top_i/xdma_0_pcie4_ip_gt_i/inst/gen_gtwizard_gtye4_top.xdma_0_pcie4_ip_gt_gtwizard_gtye4_inst/gen_gtwizard_gtye4.gen_cpll_cal_gtye4.gen_cpll_cal_inst[0].gen_inst_cpll_cal.gtwizard_ultrascale_v1_7_22_gtye4_cpll_cal_inst/gtwizard_ultrascale_v1_7_22_gtye4_cpll_cal_tx_i/U_TXOUTCLK_FREQ_COUNTER/reset_synchronizer_testclk_rst_inst/rst_in_out_reg/C
                            (rising edge-triggered cell FDPE clocked by u_pcie_xdma/inst/pcie4_ip_i/inst/xdma_0_pcie4_ip_gt_top_i/diablo_gt.diablo_gt_phy_wrapper/gt_wizard.gtwizard_top_i/xdma_0_pcie4_ip_gt_i/inst/gen_gtwizard_gtye4_top.xdma_0_pcie4_ip_gt_gtwizard_gtye4_inst/gen_gtwizard_gtye4.gen_cpll_cal_gtye4.gen_cpll_cal_inst[0].gen_inst_cpll_cal.gtwizard_ultrascale_v1_7_22_gtye4_cpll_cal_inst/gtwizard_ultrascale_v1_7_22_gtye4_cpll_cal_tx_i/bufg_gt_txoutclkmon_inst/O  {rise@0.000ns fall@4.000ns period=8.000ns})
  Destination:            u_pcie_xdma/inst/pcie4_ip_i/inst/xdma_0_pcie4_ip_gt_top_i/diablo_gt.diablo_gt_phy_wrapper/gt_wizard.gtwizard_top_i/xdma_0_pcie4_ip_gt_i/inst/gen_gtwizard_gtye4_top.xdma_0_pcie4_ip_gt_gtwizard_gtye4_inst/gen_gtwizard_gtye4.gen_cpll_cal_gtye4.gen_cpll_cal_inst[0].gen_inst_cpll_cal.gtwizard_ultrascale_v1_7_22_gtye4_cpll_cal_inst/gtwizard_ultrascale_v1_7_22_gtye4_cpll_cal_tx_i/U_TXOUTCLK_FREQ_COUNTER/testclk_cnt_reg[0]/CLR
                            (removal check against rising-edge clock u_pcie_xdma/inst/pcie4_ip_i/inst/xdma_0_pcie4_ip_gt_top_i/diablo_gt.diablo_gt_phy_wrapper/gt_wizard.gtwizard_top_i/xdma_0_pcie4_ip_gt_i/inst/gen_gtwizard_gtye4_top.xdma_0_pcie4_ip_gt_gtwizard_gtye4_inst/gen_gtwizard_gtye4.gen_cpll_cal_gtye4.gen_cpll_cal_inst[0].gen_inst_cpll_cal.gtwizard_ultrascale_v1_7_22_gtye4_cpll_cal_inst/gtwizard_ultrascale_v1_7_22_gtye4_cpll_cal_tx_i/bufg_gt_txoutclkmon_inst/O  {rise@0.000ns fall@4.000ns period=8.000ns})
  Path Group:             **async_default**
  Path Type:              Removal (Min at Fast Process Corner)
  Requirement:            0.000ns  (u_pcie_xdma/inst/pcie4_ip_i/inst/xdma_0_pcie4_ip_gt_top_i/diablo_gt.diablo_gt_phy_wrapper/gt_wizard.gtwizard_top_i/xdma_0_pcie4_ip_gt_i/inst/gen_gtwizard_gtye4_top.xdma_0_pcie4_ip_gt_gtwizard_gtye4_inst/gen_gtwizard_gtye4.gen_cpll_cal_gtye4.gen_cpll_cal_inst[0].gen_inst_cpll_cal.gtwizard_ultrascale_v1_7_22_gtye4_cpll_cal_inst/gtwizard_ultrascale_v1_7_22_gtye4_cpll_cal_tx_i/bufg_gt_txoutclkmon_inst/O rise@0.000ns - u_pcie_xdma/inst/pcie4_ip_i/inst/xdma_0_pcie4_ip_gt_top_i/diablo_gt.diablo_gt_phy_wrapper/gt_wizard.gtwizard_top_i/xdma_0_pcie4_ip_gt_i/inst/gen_gtwizard_gtye4_top.xdma_0_pcie4_ip_gt_gtwizard_gtye4_inst/gen_gtwizard_gtye4.gen_cpll_cal_gtye4.gen_cpll_cal_inst[0].gen_inst_cpll_cal.gtwizard_ultrascale_v1_7_22_gtye4_cpll_cal_inst/gtwizard_ultrascale_v1_7_22_gtye4_cpll_cal_tx_i/bufg_gt_txoutclkmon_inst/O rise@0.000ns)
  Data Path Delay:        0.124ns  (logic 0.039ns (31.564%)  route 0.085ns (68.436%))
  Logic Levels:           0  
  Clock Path Skew:        0.020ns (DCD - SCD - CPR)
    Destination Clock Delay (DCD):    0.384ns
    Source Clock Delay      (SCD):    0.327ns
    Clock Pessimism Removal (CPR):    0.037ns
  Clock Net Delay (Source):      0.327ns (routing 0.001ns, distribution 0.326ns)
  Clock Net Delay (Destination): 0.384ns (routing 0.001ns, distribution 0.383ns)

    Location             Delay type                Incr(ns)  Path(ns)    Netlist Resource(s)
  -------------------------------------------------------------------    -------------------
                         (clock u_pcie_xdma/inst/pcie4_ip_i/inst/xdma_0_pcie4_ip_gt_top_i/diablo_gt.diablo_gt_phy_wrapper/gt_wizard.gtwizard_top_i/xdma_0_pcie4_ip_gt_i/inst/gen_gtwizard_gtye4_top.xdma_0_pcie4_ip_gt_gtwizard_gtye4_inst/gen_gtwizard_gtye4.gen_cpll_cal_gtye4.gen_cpll_cal_inst[0].gen_inst_cpll_cal.gtwizard_ultrascale_v1_7_22_gtye4_cpll_cal_inst/gtwizard_ultrascale_v1_7_22_gtye4_cpll_cal_tx_i/bufg_gt_txoutclkmon_inst/O rise edge)
                                                      0.000     0.000 r  
    BUFG_GT_X0Y22        BUFG_GT                      0.000     0.000 r  u_pcie_xdma/inst/pcie4_ip_i/inst/xdma_0_pcie4_ip_gt_top_i/diablo_gt.diablo_gt_phy_wrapper/gt_wizard.gtwizard_top_i/xdma_0_pcie4_ip_gt_i/inst/gen_gtwizard_gtye4_top.xdma_0_pcie4_ip_gt_gtwizard_gtye4_inst/gen_gtwizard_gtye4.gen_cpll_cal_gtye4.gen_cpll_cal_inst[0].gen_inst_cpll_cal.gtwizard_ultrascale_v1_7_22_gtye4_cpll_cal_inst/gtwizard_ultrascale_v1_7_22_gtye4_cpll_cal_tx_i/bufg_gt_txoutclkmon_inst/O
    X3Y0 (CLOCK_ROOT)    net (fo=31, routed)          0.327     0.327    u_pcie_xdma/inst/pcie4_ip_i/inst/xdma_0_pcie4_ip_gt_top_i/diablo_gt.diablo_gt_phy_wrapper/gt_wizard.gtwizard_top_i/xdma_0_pcie4_ip_gt_i/inst/gen_gtwizard_gtye4_top.xdma_0_pcie4_ip_gt_gtwizard_gtye4_inst/gen_gtwizard_gtye4.gen_cpll_cal_gtye4.gen_cpll_cal_inst[0].gen_inst_cpll_cal.gtwizard_ultrascale_v1_7_22_gtye4_cpll_cal_inst/gtwizard_ultrascale_v1_7_22_gtye4_cpll_cal_tx_i/U_TXOUTCLK_FREQ_COUNTER/reset_synchronizer_testclk_rst_inst/txoutclkmon
    SLICE_X108Y0         FDPE                                         r  u_pcie_xdma/inst/pcie4_ip_i/inst/xdma_0_pcie4_ip_gt_top_i/diablo_gt.diablo_gt_phy_wrapper/gt_wizard.gtwizard_top_i/xdma_0_pcie4_ip_gt_i/inst/gen_gtwizard_gtye4_top.xdma_0_pcie4_ip_gt_gtwizard_gtye4_inst/gen_gtwizard_gtye4.gen_cpll_cal_gtye4.gen_cpll_cal_inst[0].gen_inst_cpll_cal.gtwizard_ultrascale_v1_7_22_gtye4_cpll_cal_inst/gtwizard_ultrascale_v1_7_22_gtye4_cpll_cal_tx_i/U_TXOUTCLK_FREQ_COUNTER/reset_synchronizer_testclk_rst_inst/rst_in_out_reg/C
  -------------------------------------------------------------------    -------------------
    SLICE_X108Y0         FDPE (Prop_AFF_SLICEL_C_Q)
                                                      0.039     0.366 f  u_pcie_xdma/inst/pcie4_ip_i/inst/xdma_0_pcie4_ip_gt_top_i/diablo_gt.diablo_gt_phy_wrapper/gt_wizard.gtwizard_top_i/xdma_0_pcie4_ip_gt_i/inst/gen_gtwizard_gtye4_top.xdma_0_pcie4_ip_gt_gtwizard_gtye4_inst/gen_gtwizard_gtye4.gen_cpll_cal_gtye4.gen_cpll_cal_inst[0].gen_inst_cpll_cal.gtwizard_ultrascale_v1_7_22_gtye4_cpll_cal_inst/gtwizard_ultrascale_v1_7_22_gtye4_cpll_cal_tx_i/U_TXOUTCLK_FREQ_COUNTER/reset_synchronizer_testclk_rst_inst/rst_in_out_reg/Q
                         net (fo=18, routed)          0.085     0.451    u_pcie_xdma/inst/pcie4_ip_i/inst/xdma_0_pcie4_ip_gt_top_i/diablo_gt.diablo_gt_phy_wrapper/gt_wizard.gtwizard_top_i/xdma_0_pcie4_ip_gt_i/inst/gen_gtwizard_gtye4_top.xdma_0_pcie4_ip_gt_gtwizard_gtye4_inst/gen_gtwizard_gtye4.gen_cpll_cal_gtye4.gen_cpll_cal_inst[0].gen_inst_cpll_cal.gtwizard_ultrascale_v1_7_22_gtye4_cpll_cal_inst/gtwizard_ultrascale_v1_7_22_gtye4_cpll_cal_tx_i/U_TXOUTCLK_FREQ_COUNTER/rst_in_out
    SLICE_X107Y0         FDCE                                         f  u_pcie_xdma/inst/pcie4_ip_i/inst/xdma_0_pcie4_ip_gt_top_i/diablo_gt.diablo_gt_phy_wrapper/gt_wizard.gtwizard_top_i/xdma_0_pcie4_ip_gt_i/inst/gen_gtwizard_gtye4_top.xdma_0_pcie4_ip_gt_gtwizard_gtye4_inst/gen_gtwizard_gtye4.gen_cpll_cal_gtye4.gen_cpll_cal_inst[0].gen_inst_cpll_cal.gtwizard_ultrascale_v1_7_22_gtye4_cpll_cal_inst/gtwizard_ultrascale_v1_7_22_gtye4_cpll_cal_tx_i/U_TXOUTCLK_FREQ_COUNTER/testclk_cnt_reg[0]/CLR
  -------------------------------------------------------------------    -------------------

                         (clock u_pcie_xdma/inst/pcie4_ip_i/inst/xdma_0_pcie4_ip_gt_top_i/diablo_gt.diablo_gt_phy_wrapper/gt_wizard.gtwizard_top_i/xdma_0_pcie4_ip_gt_i/inst/gen_gtwizard_gtye4_top.xdma_0_pcie4_ip_gt_gtwizard_gtye4_inst/gen_gtwizard_gtye4.gen_cpll_cal_gtye4.gen_cpll_cal_inst[0].gen_inst_cpll_cal.gtwizard_ultrascale_v1_7_22_gtye4_cpll_cal_inst/gtwizard_ultrascale_v1_7_22_gtye4_cpll_cal_tx_i/bufg_gt_txoutclkmon_inst/O rise edge)
                                                      0.000     0.000 r  
    BUFG_GT_X0Y22        BUFG_GT                      0.000     0.000 r  u_pcie_xdma/inst/pcie4_ip_i/inst/xdma_0_pcie4_ip_gt_top_i/diablo_gt.diablo_gt_phy_wrapper/gt_wizard.gtwizard_top_i/xdma_0_pcie4_ip_gt_i/inst/gen_gtwizard_gtye4_top.xdma_0_pcie4_ip_gt_gtwizard_gtye4_inst/gen_gtwizard_gtye4.gen_cpll_cal_gtye4.gen_cpll_cal_inst[0].gen_inst_cpll_cal.gtwizard_ultrascale_v1_7_22_gtye4_cpll_cal_inst/gtwizard_ultrascale_v1_7_22_gtye4_cpll_cal_tx_i/bufg_gt_txoutclkmon_inst/O
    X3Y0 (CLOCK_ROOT)    net (fo=31, routed)          0.384     0.384    u_pcie_xdma/inst/pcie4_ip_i/inst/xdma_0_pcie4_ip_gt_top_i/diablo_gt.diablo_gt_phy_wrapper/gt_wizard.gtwizard_top_i/xdma_0_pcie4_ip_gt_i/inst/gen_gtwizard_gtye4_top.xdma_0_pcie4_ip_gt_gtwizard_gtye4_inst/gen_gtwizard_gtye4.gen_cpll_cal_gtye4.gen_cpll_cal_inst[0].gen_inst_cpll_cal.gtwizard_ultrascale_v1_7_22_gtye4_cpll_cal_inst/gtwizard_ultrascale_v1_7_22_gtye4_cpll_cal_tx_i/U_TXOUTCLK_FREQ_COUNTER/txoutclkmon
    SLICE_X107Y0         FDCE                                         r  u_pcie_xdma/inst/pcie4_ip_i/inst/xdma_0_pcie4_ip_gt_top_i/diablo_gt.diablo_gt_phy_wrapper/gt_wizard.gtwizard_top_i/xdma_0_pcie4_ip_gt_i/inst/gen_gtwizard_gtye4_top.xdma_0_pcie4_ip_gt_gtwizard_gtye4_inst/gen_gtwizard_gtye4.gen_cpll_cal_gtye4.gen_cpll_cal_inst[0].gen_inst_cpll_cal.gtwizard_ultrascale_v1_7_22_gtye4_cpll_cal_inst/gtwizard_ultrascale_v1_7_22_gtye4_cpll_cal_tx_i/U_TXOUTCLK_FREQ_COUNTER/testclk_cnt_reg[0]/C
                         clock pessimism             -0.037     0.347    
    SLICE_X107Y0         FDCE (Remov_AFF_SLICEM_C_CLR)
                                                     -0.020     0.327    u_pcie_xdma/inst/pcie4_ip_i/inst/xdma_0_pcie4_ip_gt_top_i/diablo_gt.diablo_gt_phy_wrapper/gt_wizard.gtwizard_top_i/xdma_0_pcie4_ip_gt_i/inst/gen_gtwizard_gtye4_top.xdma_0_pcie4_ip_gt_gtwizard_gtye4_inst/gen_gtwizard_gtye4.gen_cpll_cal_gtye4.gen_cpll_cal_inst[0].gen_inst_cpll_cal.gtwizard_ultrascale_v1_7_22_gtye4_cpll_cal_inst/gtwizard_ultrascale_v1_7_22_gtye4_cpll_cal_tx_i/U_TXOUTCLK_FREQ_COUNTER/testclk_cnt_reg[0]
  -------------------------------------------------------------------
                         required time                         -0.327    
                         arrival time                           0.451    
  -------------------------------------------------------------------
                         slack                                  0.123    





---------------------------------------------------------------------------------------------------
Path Group:  **async_default**
From Clock:  u_pcie_xdma/inst/pcie4_ip_i/inst/xdma_0_pcie4_ip_gt_top_i/diablo_gt.diablo_gt_phy_wrapper/gt_wizard.gtwizard_top_i/xdma_0_pcie4_ip_gt_i/inst/gen_gtwizard_gtye4_top.xdma_0_pcie4_ip_gt_gtwizard_gtye4_inst/gen_gtwizard_gtye4.gen_cpll_cal_gtye4.gen_cpll_cal_inst[1].gen_inst_cpll_cal.gtwizard_ultrascale_v1_7_22_gtye4_cpll_cal_inst/gtwizard_ultrascale_v1_7_22_gtye4_cpll_cal_tx_i/bufg_gt_txoutclkmon_inst/O
  To Clock:  u_pcie_xdma/inst/pcie4_ip_i/inst/xdma_0_pcie4_ip_gt_top_i/diablo_gt.diablo_gt_phy_wrapper/gt_wizard.gtwizard_top_i/xdma_0_pcie4_ip_gt_i/inst/gen_gtwizard_gtye4_top.xdma_0_pcie4_ip_gt_gtwizard_gtye4_inst/gen_gtwizard_gtye4.gen_cpll_cal_gtye4.gen_cpll_cal_inst[1].gen_inst_cpll_cal.gtwizard_ultrascale_v1_7_22_gtye4_cpll_cal_inst/gtwizard_ultrascale_v1_7_22_gtye4_cpll_cal_tx_i/bufg_gt_txoutclkmon_inst/O

Setup :            0  Failing Endpoints,  Worst Slack        7.311ns,  Total Violation        0.000ns
Hold  :            0  Failing Endpoints,  Worst Slack        0.155ns,  Total Violation        0.000ns
---------------------------------------------------------------------------------------------------


Max Delay Paths
--------------------------------------------------------------------------------------
Slack (MET) :             7.311ns  (required time - arrival time)
  Source:                 u_pcie_xdma/inst/pcie4_ip_i/inst/xdma_0_pcie4_ip_gt_top_i/diablo_gt.diablo_gt_phy_wrapper/gt_wizard.gtwizard_top_i/xdma_0_pcie4_ip_gt_i/inst/gen_gtwizard_gtye4_top.xdma_0_pcie4_ip_gt_gtwizard_gtye4_inst/gen_gtwizard_gtye4.gen_cpll_cal_gtye4.gen_cpll_cal_inst[1].gen_inst_cpll_cal.gtwizard_ultrascale_v1_7_22_gtye4_cpll_cal_inst/gtwizard_ultrascale_v1_7_22_gtye4_cpll_cal_tx_i/U_TXOUTCLK_FREQ_COUNTER/reset_synchronizer_testclk_rst_inst/rst_in_out_reg/C
                            (rising edge-triggered cell FDPE clocked by u_pcie_xdma/inst/pcie4_ip_i/inst/xdma_0_pcie4_ip_gt_top_i/diablo_gt.diablo_gt_phy_wrapper/gt_wizard.gtwizard_top_i/xdma_0_pcie4_ip_gt_i/inst/gen_gtwizard_gtye4_top.xdma_0_pcie4_ip_gt_gtwizard_gtye4_inst/gen_gtwizard_gtye4.gen_cpll_cal_gtye4.gen_cpll_cal_inst[1].gen_inst_cpll_cal.gtwizard_ultrascale_v1_7_22_gtye4_cpll_cal_inst/gtwizard_ultrascale_v1_7_22_gtye4_cpll_cal_tx_i/bufg_gt_txoutclkmon_inst/O  {rise@0.000ns fall@4.000ns period=8.000ns})
  Destination:            u_pcie_xdma/inst/pcie4_ip_i/inst/xdma_0_pcie4_ip_gt_top_i/diablo_gt.diablo_gt_phy_wrapper/gt_wizard.gtwizard_top_i/xdma_0_pcie4_ip_gt_i/inst/gen_gtwizard_gtye4_top.xdma_0_pcie4_ip_gt_gtwizard_gtye4_inst/gen_gtwizard_gtye4.gen_cpll_cal_gtye4.gen_cpll_cal_inst[1].gen_inst_cpll_cal.gtwizard_ultrascale_v1_7_22_gtye4_cpll_cal_inst/gtwizard_ultrascale_v1_7_22_gtye4_cpll_cal_tx_i/U_TXOUTCLK_FREQ_COUNTER/testclk_cnt_reg[0]/CLR
                            (recovery check against rising-edge clock u_pcie_xdma/inst/pcie4_ip_i/inst/xdma_0_pcie4_ip_gt_top_i/diablo_gt.diablo_gt_phy_wrapper/gt_wizard.gtwizard_top_i/xdma_0_pcie4_ip_gt_i/inst/gen_gtwizard_gtye4_top.xdma_0_pcie4_ip_gt_gtwizard_gtye4_inst/gen_gtwizard_gtye4.gen_cpll_cal_gtye4.gen_cpll_cal_inst[1].gen_inst_cpll_cal.gtwizard_ultrascale_v1_7_22_gtye4_cpll_cal_inst/gtwizard_ultrascale_v1_7_22_gtye4_cpll_cal_tx_i/bufg_gt_txoutclkmon_inst/O  {rise@0.000ns fall@4.000ns period=8.000ns})
  Path Group:             **async_default**
  Path Type:              Recovery (Max at Slow Process Corner)
  Requirement:            8.000ns  (u_pcie_xdma/inst/pcie4_ip_i/inst/xdma_0_pcie4_ip_gt_top_i/diablo_gt.diablo_gt_phy_wrapper/gt_wizard.gtwizard_top_i/xdma_0_pcie4_ip_gt_i/inst/gen_gtwizard_gtye4_top.xdma_0_pcie4_ip_gt_gtwizard_gtye4_inst/gen_gtwizard_gtye4.gen_cpll_cal_gtye4.gen_cpll_cal_inst[1].gen_inst_cpll_cal.gtwizard_ultrascale_v1_7_22_gtye4_cpll_cal_inst/gtwizard_ultrascale_v1_7_22_gtye4_cpll_cal_tx_i/bufg_gt_txoutclkmon_inst/O rise@8.000ns - u_pcie_xdma/inst/pcie4_ip_i/inst/xdma_0_pcie4_ip_gt_top_i/diablo_gt.diablo_gt_phy_wrapper/gt_wizard.gtwizard_top_i/xdma_0_pcie4_ip_gt_i/inst/gen_gtwizard_gtye4_top.xdma_0_pcie4_ip_gt_gtwizard_gtye4_inst/gen_gtwizard_gtye4.gen_cpll_cal_gtye4.gen_cpll_cal_inst[1].gen_inst_cpll_cal.gtwizard_ultrascale_v1_7_22_gtye4_cpll_cal_inst/gtwizard_ultrascale_v1_7_22_gtye4_cpll_cal_tx_i/bufg_gt_txoutclkmon_inst/O rise@0.000ns)
  Data Path Delay:        0.532ns  (logic 0.093ns (17.478%)  route 0.439ns (82.522%))
  Logic Levels:           0  
  Clock Path Skew:        -0.039ns (DCD - SCD + CPR)
    Destination Clock Delay (DCD):    0.563ns = ( 8.563 - 8.000 ) 
    Source Clock Delay      (SCD):    0.665ns
    Clock Pessimism Removal (CPR):    0.063ns
  Clock Uncertainty:      0.046ns  ((TSJ^2 + DJ^2)^1/2) / 2 + PE
    Total System Jitter     (TSJ):    0.071ns
    Discrete Jitter          (DJ):    0.060ns
    Phase Error              (PE):    0.000ns
  Clock Net Delay (Source):      0.665ns (routing 0.002ns, distribution 0.663ns)
  Clock Net Delay (Destination): 0.563ns (routing 0.001ns, distribution 0.562ns)

    Location             Delay type                Incr(ns)  Path(ns)    Netlist Resource(s)
  -------------------------------------------------------------------    -------------------
                         (clock u_pcie_xdma/inst/pcie4_ip_i/inst/xdma_0_pcie4_ip_gt_top_i/diablo_gt.diablo_gt_phy_wrapper/gt_wizard.gtwizard_top_i/xdma_0_pcie4_ip_gt_i/inst/gen_gtwizard_gtye4_top.xdma_0_pcie4_ip_gt_gtwizard_gtye4_inst/gen_gtwizard_gtye4.gen_cpll_cal_gtye4.gen_cpll_cal_inst[1].gen_inst_cpll_cal.gtwizard_ultrascale_v1_7_22_gtye4_cpll_cal_inst/gtwizard_ultrascale_v1_7_22_gtye4_cpll_cal_tx_i/bufg_gt_txoutclkmon_inst/O rise edge)
                                                      0.000     0.000 r  
    BUFG_GT_X0Y21        BUFG_GT                      0.000     0.000 r  u_pcie_xdma/inst/pcie4_ip_i/inst/xdma_0_pcie4_ip_gt_top_i/diablo_gt.diablo_gt_phy_wrapper/gt_wizard.gtwizard_top_i/xdma_0_pcie4_ip_gt_i/inst/gen_gtwizard_gtye4_top.xdma_0_pcie4_ip_gt_gtwizard_gtye4_inst/gen_gtwizard_gtye4.gen_cpll_cal_gtye4.gen_cpll_cal_inst[1].gen_inst_cpll_cal.gtwizard_ultrascale_v1_7_22_gtye4_cpll_cal_inst/gtwizard_ultrascale_v1_7_22_gtye4_cpll_cal_tx_i/bufg_gt_txoutclkmon_inst/O
    X3Y0 (CLOCK_ROOT)    net (fo=31, routed)          0.665     0.665    u_pcie_xdma/inst/pcie4_ip_i/inst/xdma_0_pcie4_ip_gt_top_i/diablo_gt.diablo_gt_phy_wrapper/gt_wizard.gtwizard_top_i/xdma_0_pcie4_ip_gt_i/inst/gen_gtwizard_gtye4_top.xdma_0_pcie4_ip_gt_gtwizard_gtye4_inst/gen_gtwizard_gtye4.gen_cpll_cal_gtye4.gen_cpll_cal_inst[1].gen_inst_cpll_cal.gtwizard_ultrascale_v1_7_22_gtye4_cpll_cal_inst/gtwizard_ultrascale_v1_7_22_gtye4_cpll_cal_tx_i/U_TXOUTCLK_FREQ_COUNTER/reset_synchronizer_testclk_rst_inst/txoutclkmon
    SLICE_X103Y4         FDPE                                         r  u_pcie_xdma/inst/pcie4_ip_i/inst/xdma_0_pcie4_ip_gt_top_i/diablo_gt.diablo_gt_phy_wrapper/gt_wizard.gtwizard_top_i/xdma_0_pcie4_ip_gt_i/inst/gen_gtwizard_gtye4_top.xdma_0_pcie4_ip_gt_gtwizard_gtye4_inst/gen_gtwizard_gtye4.gen_cpll_cal_gtye4.gen_cpll_cal_inst[1].gen_inst_cpll_cal.gtwizard_ultrascale_v1_7_22_gtye4_cpll_cal_inst/gtwizard_ultrascale_v1_7_22_gtye4_cpll_cal_tx_i/U_TXOUTCLK_FREQ_COUNTER/reset_synchronizer_testclk_rst_inst/rst_in_out_reg/C
  -------------------------------------------------------------------    -------------------
    SLICE_X103Y4         FDPE (Prop_EFF_SLICEM_C_Q)
                                                      0.093     0.758 f  u_pcie_xdma/inst/pcie4_ip_i/inst/xdma_0_pcie4_ip_gt_top_i/diablo_gt.diablo_gt_phy_wrapper/gt_wizard.gtwizard_top_i/xdma_0_pcie4_ip_gt_i/inst/gen_gtwizard_gtye4_top.xdma_0_pcie4_ip_gt_gtwizard_gtye4_inst/gen_gtwizard_gtye4.gen_cpll_cal_gtye4.gen_cpll_cal_inst[1].gen_inst_cpll_cal.gtwizard_ultrascale_v1_7_22_gtye4_cpll_cal_inst/gtwizard_ultrascale_v1_7_22_gtye4_cpll_cal_tx_i/U_TXOUTCLK_FREQ_COUNTER/reset_synchronizer_testclk_rst_inst/rst_in_out_reg/Q
                         net (fo=18, routed)          0.439     1.197    u_pcie_xdma/inst/pcie4_ip_i/inst/xdma_0_pcie4_ip_gt_top_i/diablo_gt.diablo_gt_phy_wrapper/gt_wizard.gtwizard_top_i/xdma_0_pcie4_ip_gt_i/inst/gen_gtwizard_gtye4_top.xdma_0_pcie4_ip_gt_gtwizard_gtye4_inst/gen_gtwizard_gtye4.gen_cpll_cal_gtye4.gen_cpll_cal_inst[1].gen_inst_cpll_cal.gtwizard_ultrascale_v1_7_22_gtye4_cpll_cal_inst/gtwizard_ultrascale_v1_7_22_gtye4_cpll_cal_tx_i/U_TXOUTCLK_FREQ_COUNTER/rst_in_out
    SLICE_X104Y6         FDCE                                         f  u_pcie_xdma/inst/pcie4_ip_i/inst/xdma_0_pcie4_ip_gt_top_i/diablo_gt.diablo_gt_phy_wrapper/gt_wizard.gtwizard_top_i/xdma_0_pcie4_ip_gt_i/inst/gen_gtwizard_gtye4_top.xdma_0_pcie4_ip_gt_gtwizard_gtye4_inst/gen_gtwizard_gtye4.gen_cpll_cal_gtye4.gen_cpll_cal_inst[1].gen_inst_cpll_cal.gtwizard_ultrascale_v1_7_22_gtye4_cpll_cal_inst/gtwizard_ultrascale_v1_7_22_gtye4_cpll_cal_tx_i/U_TXOUTCLK_FREQ_COUNTER/testclk_cnt_reg[0]/CLR
  -------------------------------------------------------------------    -------------------

                         (clock u_pcie_xdma/inst/pcie4_ip_i/inst/xdma_0_pcie4_ip_gt_top_i/diablo_gt.diablo_gt_phy_wrapper/gt_wizard.gtwizard_top_i/xdma_0_pcie4_ip_gt_i/inst/gen_gtwizard_gtye4_top.xdma_0_pcie4_ip_gt_gtwizard_gtye4_inst/gen_gtwizard_gtye4.gen_cpll_cal_gtye4.gen_cpll_cal_inst[1].gen_inst_cpll_cal.gtwizard_ultrascale_v1_7_22_gtye4_cpll_cal_inst/gtwizard_ultrascale_v1_7_22_gtye4_cpll_cal_tx_i/bufg_gt_txoutclkmon_inst/O rise edge)
                                                      8.000     8.000 r  
    BUFG_GT_X0Y21        BUFG_GT                      0.000     8.000 r  u_pcie_xdma/inst/pcie4_ip_i/inst/xdma_0_pcie4_ip_gt_top_i/diablo_gt.diablo_gt_phy_wrapper/gt_wizard.gtwizard_top_i/xdma_0_pcie4_ip_gt_i/inst/gen_gtwizard_gtye4_top.xdma_0_pcie4_ip_gt_gtwizard_gtye4_inst/gen_gtwizard_gtye4.gen_cpll_cal_gtye4.gen_cpll_cal_inst[1].gen_inst_cpll_cal.gtwizard_ultrascale_v1_7_22_gtye4_cpll_cal_inst/gtwizard_ultrascale_v1_7_22_gtye4_cpll_cal_tx_i/bufg_gt_txoutclkmon_inst/O
    X3Y0 (CLOCK_ROOT)    net (fo=31, routed)          0.563     8.563    u_pcie_xdma/inst/pcie4_ip_i/inst/xdma_0_pcie4_ip_gt_top_i/diablo_gt.diablo_gt_phy_wrapper/gt_wizard.gtwizard_top_i/xdma_0_pcie4_ip_gt_i/inst/gen_gtwizard_gtye4_top.xdma_0_pcie4_ip_gt_gtwizard_gtye4_inst/gen_gtwizard_gtye4.gen_cpll_cal_gtye4.gen_cpll_cal_inst[1].gen_inst_cpll_cal.gtwizard_ultrascale_v1_7_22_gtye4_cpll_cal_inst/gtwizard_ultrascale_v1_7_22_gtye4_cpll_cal_tx_i/U_TXOUTCLK_FREQ_COUNTER/txoutclkmon
    SLICE_X104Y6         FDCE                                         r  u_pcie_xdma/inst/pcie4_ip_i/inst/xdma_0_pcie4_ip_gt_top_i/diablo_gt.diablo_gt_phy_wrapper/gt_wizard.gtwizard_top_i/xdma_0_pcie4_ip_gt_i/inst/gen_gtwizard_gtye4_top.xdma_0_pcie4_ip_gt_gtwizard_gtye4_inst/gen_gtwizard_gtye4.gen_cpll_cal_gtye4.gen_cpll_cal_inst[1].gen_inst_cpll_cal.gtwizard_ultrascale_v1_7_22_gtye4_cpll_cal_inst/gtwizard_ultrascale_v1_7_22_gtye4_cpll_cal_tx_i/U_TXOUTCLK_FREQ_COUNTER/testclk_cnt_reg[0]/C
                         clock pessimism              0.063     8.626    
                         clock uncertainty           -0.046     8.580    
    SLICE_X104Y6         FDCE (Recov_AFF_SLICEL_C_CLR)
                                                     -0.072     8.508    u_pcie_xdma/inst/pcie4_ip_i/inst/xdma_0_pcie4_ip_gt_top_i/diablo_gt.diablo_gt_phy_wrapper/gt_wizard.gtwizard_top_i/xdma_0_pcie4_ip_gt_i/inst/gen_gtwizard_gtye4_top.xdma_0_pcie4_ip_gt_gtwizard_gtye4_inst/gen_gtwizard_gtye4.gen_cpll_cal_gtye4.gen_cpll_cal_inst[1].gen_inst_cpll_cal.gtwizard_ultrascale_v1_7_22_gtye4_cpll_cal_inst/gtwizard_ultrascale_v1_7_22_gtye4_cpll_cal_tx_i/U_TXOUTCLK_FREQ_COUNTER/testclk_cnt_reg[0]
  -------------------------------------------------------------------
                         required time                          8.508    
                         arrival time                          -1.197    
  -------------------------------------------------------------------
                         slack                                  7.311    





Min Delay Paths
--------------------------------------------------------------------------------------
Slack (MET) :             0.155ns  (arrival time - required time)
  Source:                 u_pcie_xdma/inst/pcie4_ip_i/inst/xdma_0_pcie4_ip_gt_top_i/diablo_gt.diablo_gt_phy_wrapper/gt_wizard.gtwizard_top_i/xdma_0_pcie4_ip_gt_i/inst/gen_gtwizard_gtye4_top.xdma_0_pcie4_ip_gt_gtwizard_gtye4_inst/gen_gtwizard_gtye4.gen_cpll_cal_gtye4.gen_cpll_cal_inst[1].gen_inst_cpll_cal.gtwizard_ultrascale_v1_7_22_gtye4_cpll_cal_inst/gtwizard_ultrascale_v1_7_22_gtye4_cpll_cal_tx_i/U_TXOUTCLK_FREQ_COUNTER/reset_synchronizer_testclk_rst_inst/rst_in_out_reg/C
                            (rising edge-triggered cell FDPE clocked by u_pcie_xdma/inst/pcie4_ip_i/inst/xdma_0_pcie4_ip_gt_top_i/diablo_gt.diablo_gt_phy_wrapper/gt_wizard.gtwizard_top_i/xdma_0_pcie4_ip_gt_i/inst/gen_gtwizard_gtye4_top.xdma_0_pcie4_ip_gt_gtwizard_gtye4_inst/gen_gtwizard_gtye4.gen_cpll_cal_gtye4.gen_cpll_cal_inst[1].gen_inst_cpll_cal.gtwizard_ultrascale_v1_7_22_gtye4_cpll_cal_inst/gtwizard_ultrascale_v1_7_22_gtye4_cpll_cal_tx_i/bufg_gt_txoutclkmon_inst/O  {rise@0.000ns fall@4.000ns period=8.000ns})
  Destination:            u_pcie_xdma/inst/pcie4_ip_i/inst/xdma_0_pcie4_ip_gt_top_i/diablo_gt.diablo_gt_phy_wrapper/gt_wizard.gtwizard_top_i/xdma_0_pcie4_ip_gt_i/inst/gen_gtwizard_gtye4_top.xdma_0_pcie4_ip_gt_gtwizard_gtye4_inst/gen_gtwizard_gtye4.gen_cpll_cal_gtye4.gen_cpll_cal_inst[1].gen_inst_cpll_cal.gtwizard_ultrascale_v1_7_22_gtye4_cpll_cal_inst/gtwizard_ultrascale_v1_7_22_gtye4_cpll_cal_tx_i/U_TXOUTCLK_FREQ_COUNTER/testclk_cnt_reg[16]/CLR
                            (removal check against rising-edge clock u_pcie_xdma/inst/pcie4_ip_i/inst/xdma_0_pcie4_ip_gt_top_i/diablo_gt.diablo_gt_phy_wrapper/gt_wizard.gtwizard_top_i/xdma_0_pcie4_ip_gt_i/inst/gen_gtwizard_gtye4_top.xdma_0_pcie4_ip_gt_gtwizard_gtye4_inst/gen_gtwizard_gtye4.gen_cpll_cal_gtye4.gen_cpll_cal_inst[1].gen_inst_cpll_cal.gtwizard_ultrascale_v1_7_22_gtye4_cpll_cal_inst/gtwizard_ultrascale_v1_7_22_gtye4_cpll_cal_tx_i/bufg_gt_txoutclkmon_inst/O  {rise@0.000ns fall@4.000ns period=8.000ns})
  Path Group:             **async_default**
  Path Type:              Removal (Min at Fast Process Corner)
  Requirement:            0.000ns  (u_pcie_xdma/inst/pcie4_ip_i/inst/xdma_0_pcie4_ip_gt_top_i/diablo_gt.diablo_gt_phy_wrapper/gt_wizard.gtwizard_top_i/xdma_0_pcie4_ip_gt_i/inst/gen_gtwizard_gtye4_top.xdma_0_pcie4_ip_gt_gtwizard_gtye4_inst/gen_gtwizard_gtye4.gen_cpll_cal_gtye4.gen_cpll_cal_inst[1].gen_inst_cpll_cal.gtwizard_ultrascale_v1_7_22_gtye4_cpll_cal_inst/gtwizard_ultrascale_v1_7_22_gtye4_cpll_cal_tx_i/bufg_gt_txoutclkmon_inst/O rise@0.000ns - u_pcie_xdma/inst/pcie4_ip_i/inst/xdma_0_pcie4_ip_gt_top_i/diablo_gt.diablo_gt_phy_wrapper/gt_wizard.gtwizard_top_i/xdma_0_pcie4_ip_gt_i/inst/gen_gtwizard_gtye4_top.xdma_0_pcie4_ip_gt_gtwizard_gtye4_inst/gen_gtwizard_gtye4.gen_cpll_cal_gtye4.gen_cpll_cal_inst[1].gen_inst_cpll_cal.gtwizard_ultrascale_v1_7_22_gtye4_cpll_cal_inst/gtwizard_ultrascale_v1_7_22_gtye4_cpll_cal_tx_i/bufg_gt_txoutclkmon_inst/O rise@0.000ns)
  Data Path Delay:        0.147ns  (logic 0.038ns (25.906%)  route 0.109ns (74.094%))
  Logic Levels:           0  
  Clock Path Skew:        0.012ns (DCD - SCD - CPR)
    Destination Clock Delay (DCD):    0.377ns
    Source Clock Delay      (SCD):    0.334ns
    Clock Pessimism Removal (CPR):    0.031ns
  Clock Net Delay (Source):      0.334ns (routing 0.001ns, distribution 0.333ns)
  Clock Net Delay (Destination): 0.377ns (routing 0.001ns, distribution 0.376ns)

    Location             Delay type                Incr(ns)  Path(ns)    Netlist Resource(s)
  -------------------------------------------------------------------    -------------------
                         (clock u_pcie_xdma/inst/pcie4_ip_i/inst/xdma_0_pcie4_ip_gt_top_i/diablo_gt.diablo_gt_phy_wrapper/gt_wizard.gtwizard_top_i/xdma_0_pcie4_ip_gt_i/inst/gen_gtwizard_gtye4_top.xdma_0_pcie4_ip_gt_gtwizard_gtye4_inst/gen_gtwizard_gtye4.gen_cpll_cal_gtye4.gen_cpll_cal_inst[1].gen_inst_cpll_cal.gtwizard_ultrascale_v1_7_22_gtye4_cpll_cal_inst/gtwizard_ultrascale_v1_7_22_gtye4_cpll_cal_tx_i/bufg_gt_txoutclkmon_inst/O rise edge)
                                                      0.000     0.000 r  
    BUFG_GT_X0Y21        BUFG_GT                      0.000     0.000 r  u_pcie_xdma/inst/pcie4_ip_i/inst/xdma_0_pcie4_ip_gt_top_i/diablo_gt.diablo_gt_phy_wrapper/gt_wizard.gtwizard_top_i/xdma_0_pcie4_ip_gt_i/inst/gen_gtwizard_gtye4_top.xdma_0_pcie4_ip_gt_gtwizard_gtye4_inst/gen_gtwizard_gtye4.gen_cpll_cal_gtye4.gen_cpll_cal_inst[1].gen_inst_cpll_cal.gtwizard_ultrascale_v1_7_22_gtye4_cpll_cal_inst/gtwizard_ultrascale_v1_7_22_gtye4_cpll_cal_tx_i/bufg_gt_txoutclkmon_inst/O
    X3Y0 (CLOCK_ROOT)    net (fo=31, routed)          0.334     0.334    u_pcie_xdma/inst/pcie4_ip_i/inst/xdma_0_pcie4_ip_gt_top_i/diablo_gt.diablo_gt_phy_wrapper/gt_wizard.gtwizard_top_i/xdma_0_pcie4_ip_gt_i/inst/gen_gtwizard_gtye4_top.xdma_0_pcie4_ip_gt_gtwizard_gtye4_inst/gen_gtwizard_gtye4.gen_cpll_cal_gtye4.gen_cpll_cal_inst[1].gen_inst_cpll_cal.gtwizard_ultrascale_v1_7_22_gtye4_cpll_cal_inst/gtwizard_ultrascale_v1_7_22_gtye4_cpll_cal_tx_i/U_TXOUTCLK_FREQ_COUNTER/reset_synchronizer_testclk_rst_inst/txoutclkmon
    SLICE_X103Y4         FDPE                                         r  u_pcie_xdma/inst/pcie4_ip_i/inst/xdma_0_pcie4_ip_gt_top_i/diablo_gt.diablo_gt_phy_wrapper/gt_wizard.gtwizard_top_i/xdma_0_pcie4_ip_gt_i/inst/gen_gtwizard_gtye4_top.xdma_0_pcie4_ip_gt_gtwizard_gtye4_inst/gen_gtwizard_gtye4.gen_cpll_cal_gtye4.gen_cpll_cal_inst[1].gen_inst_cpll_cal.gtwizard_ultrascale_v1_7_22_gtye4_cpll_cal_inst/gtwizard_ultrascale_v1_7_22_gtye4_cpll_cal_tx_i/U_TXOUTCLK_FREQ_COUNTER/reset_synchronizer_testclk_rst_inst/rst_in_out_reg/C
  -------------------------------------------------------------------    -------------------
    SLICE_X103Y4         FDPE (Prop_EFF_SLICEM_C_Q)
                                                      0.038     0.372 f  u_pcie_xdma/inst/pcie4_ip_i/inst/xdma_0_pcie4_ip_gt_top_i/diablo_gt.diablo_gt_phy_wrapper/gt_wizard.gtwizard_top_i/xdma_0_pcie4_ip_gt_i/inst/gen_gtwizard_gtye4_top.xdma_0_pcie4_ip_gt_gtwizard_gtye4_inst/gen_gtwizard_gtye4.gen_cpll_cal_gtye4.gen_cpll_cal_inst[1].gen_inst_cpll_cal.gtwizard_ultrascale_v1_7_22_gtye4_cpll_cal_inst/gtwizard_ultrascale_v1_7_22_gtye4_cpll_cal_tx_i/U_TXOUTCLK_FREQ_COUNTER/reset_synchronizer_testclk_rst_inst/rst_in_out_reg/Q
                         net (fo=18, routed)          0.109     0.481    u_pcie_xdma/inst/pcie4_ip_i/inst/xdma_0_pcie4_ip_gt_top_i/diablo_gt.diablo_gt_phy_wrapper/gt_wizard.gtwizard_top_i/xdma_0_pcie4_ip_gt_i/inst/gen_gtwizard_gtye4_top.xdma_0_pcie4_ip_gt_gtwizard_gtye4_inst/gen_gtwizard_gtye4.gen_cpll_cal_gtye4.gen_cpll_cal_inst[1].gen_inst_cpll_cal.gtwizard_ultrascale_v1_7_22_gtye4_cpll_cal_inst/gtwizard_ultrascale_v1_7_22_gtye4_cpll_cal_tx_i/U_TXOUTCLK_FREQ_COUNTER/rst_in_out
    SLICE_X104Y8         FDCE                                         f  u_pcie_xdma/inst/pcie4_ip_i/inst/xdma_0_pcie4_ip_gt_top_i/diablo_gt.diablo_gt_phy_wrapper/gt_wizard.gtwizard_top_i/xdma_0_pcie4_ip_gt_i/inst/gen_gtwizard_gtye4_top.xdma_0_pcie4_ip_gt_gtwizard_gtye4_inst/gen_gtwizard_gtye4.gen_cpll_cal_gtye4.gen_cpll_cal_inst[1].gen_inst_cpll_cal.gtwizard_ultrascale_v1_7_22_gtye4_cpll_cal_inst/gtwizard_ultrascale_v1_7_22_gtye4_cpll_cal_tx_i/U_TXOUTCLK_FREQ_COUNTER/testclk_cnt_reg[16]/CLR
  -------------------------------------------------------------------    -------------------

                         (clock u_pcie_xdma/inst/pcie4_ip_i/inst/xdma_0_pcie4_ip_gt_top_i/diablo_gt.diablo_gt_phy_wrapper/gt_wizard.gtwizard_top_i/xdma_0_pcie4_ip_gt_i/inst/gen_gtwizard_gtye4_top.xdma_0_pcie4_ip_gt_gtwizard_gtye4_inst/gen_gtwizard_gtye4.gen_cpll_cal_gtye4.gen_cpll_cal_inst[1].gen_inst_cpll_cal.gtwizard_ultrascale_v1_7_22_gtye4_cpll_cal_inst/gtwizard_ultrascale_v1_7_22_gtye4_cpll_cal_tx_i/bufg_gt_txoutclkmon_inst/O rise edge)
                                                      0.000     0.000 r  
    BUFG_GT_X0Y21        BUFG_GT                      0.000     0.000 r  u_pcie_xdma/inst/pcie4_ip_i/inst/xdma_0_pcie4_ip_gt_top_i/diablo_gt.diablo_gt_phy_wrapper/gt_wizard.gtwizard_top_i/xdma_0_pcie4_ip_gt_i/inst/gen_gtwizard_gtye4_top.xdma_0_pcie4_ip_gt_gtwizard_gtye4_inst/gen_gtwizard_gtye4.gen_cpll_cal_gtye4.gen_cpll_cal_inst[1].gen_inst_cpll_cal.gtwizard_ultrascale_v1_7_22_gtye4_cpll_cal_inst/gtwizard_ultrascale_v1_7_22_gtye4_cpll_cal_tx_i/bufg_gt_txoutclkmon_inst/O
    X3Y0 (CLOCK_ROOT)    net (fo=31, routed)          0.377     0.377    u_pcie_xdma/inst/pcie4_ip_i/inst/xdma_0_pcie4_ip_gt_top_i/diablo_gt.diablo_gt_phy_wrapper/gt_wizard.gtwizard_top_i/xdma_0_pcie4_ip_gt_i/inst/gen_gtwizard_gtye4_top.xdma_0_pcie4_ip_gt_gtwizard_gtye4_inst/gen_gtwizard_gtye4.gen_cpll_cal_gtye4.gen_cpll_cal_inst[1].gen_inst_cpll_cal.gtwizard_ultrascale_v1_7_22_gtye4_cpll_cal_inst/gtwizard_ultrascale_v1_7_22_gtye4_cpll_cal_tx_i/U_TXOUTCLK_FREQ_COUNTER/txoutclkmon
    SLICE_X104Y8         FDCE                                         r  u_pcie_xdma/inst/pcie4_ip_i/inst/xdma_0_pcie4_ip_gt_top_i/diablo_gt.diablo_gt_phy_wrapper/gt_wizard.gtwizard_top_i/xdma_0_pcie4_ip_gt_i/inst/gen_gtwizard_gtye4_top.xdma_0_pcie4_ip_gt_gtwizard_gtye4_inst/gen_gtwizard_gtye4.gen_cpll_cal_gtye4.gen_cpll_cal_inst[1].gen_inst_cpll_cal.gtwizard_ultrascale_v1_7_22_gtye4_cpll_cal_inst/gtwizard_ultrascale_v1_7_22_gtye4_cpll_cal_tx_i/U_TXOUTCLK_FREQ_COUNTER/testclk_cnt_reg[16]/C
                         clock pessimism             -0.031     0.346    
    SLICE_X104Y8         FDCE (Remov_AFF_SLICEL_C_CLR)
                                                     -0.020     0.326    u_pcie_xdma/inst/pcie4_ip_i/inst/xdma_0_pcie4_ip_gt_top_i/diablo_gt.diablo_gt_phy_wrapper/gt_wizard.gtwizard_top_i/xdma_0_pcie4_ip_gt_i/inst/gen_gtwizard_gtye4_top.xdma_0_pcie4_ip_gt_gtwizard_gtye4_inst/gen_gtwizard_gtye4.gen_cpll_cal_gtye4.gen_cpll_cal_inst[1].gen_inst_cpll_cal.gtwizard_ultrascale_v1_7_22_gtye4_cpll_cal_inst/gtwizard_ultrascale_v1_7_22_gtye4_cpll_cal_tx_i/U_TXOUTCLK_FREQ_COUNTER/testclk_cnt_reg[16]
  -------------------------------------------------------------------
                         required time                         -0.326    
                         arrival time                           0.481    
  -------------------------------------------------------------------
                         slack                                  0.155    





---------------------------------------------------------------------------------------------------
Path Group:  **async_default**
From Clock:  u_pcie_xdma/inst/pcie4_ip_i/inst/xdma_0_pcie4_ip_gt_top_i/diablo_gt.diablo_gt_phy_wrapper/gt_wizard.gtwizard_top_i/xdma_0_pcie4_ip_gt_i/inst/gen_gtwizard_gtye4_top.xdma_0_pcie4_ip_gt_gtwizard_gtye4_inst/gen_gtwizard_gtye4.gen_cpll_cal_gtye4.gen_cpll_cal_inst[2].gen_inst_cpll_cal.gtwizard_ultrascale_v1_7_22_gtye4_cpll_cal_inst/gtwizard_ultrascale_v1_7_22_gtye4_cpll_cal_tx_i/bufg_gt_txoutclkmon_inst/O
  To Clock:  u_pcie_xdma/inst/pcie4_ip_i/inst/xdma_0_pcie4_ip_gt_top_i/diablo_gt.diablo_gt_phy_wrapper/gt_wizard.gtwizard_top_i/xdma_0_pcie4_ip_gt_i/inst/gen_gtwizard_gtye4_top.xdma_0_pcie4_ip_gt_gtwizard_gtye4_inst/gen_gtwizard_gtye4.gen_cpll_cal_gtye4.gen_cpll_cal_inst[2].gen_inst_cpll_cal.gtwizard_ultrascale_v1_7_22_gtye4_cpll_cal_inst/gtwizard_ultrascale_v1_7_22_gtye4_cpll_cal_tx_i/bufg_gt_txoutclkmon_inst/O

Setup :            0  Failing Endpoints,  Worst Slack        7.401ns,  Total Violation        0.000ns
Hold  :            0  Failing Endpoints,  Worst Slack        0.138ns,  Total Violation        0.000ns
---------------------------------------------------------------------------------------------------


Max Delay Paths
--------------------------------------------------------------------------------------
Slack (MET) :             7.401ns  (required time - arrival time)
  Source:                 u_pcie_xdma/inst/pcie4_ip_i/inst/xdma_0_pcie4_ip_gt_top_i/diablo_gt.diablo_gt_phy_wrapper/gt_wizard.gtwizard_top_i/xdma_0_pcie4_ip_gt_i/inst/gen_gtwizard_gtye4_top.xdma_0_pcie4_ip_gt_gtwizard_gtye4_inst/gen_gtwizard_gtye4.gen_cpll_cal_gtye4.gen_cpll_cal_inst[2].gen_inst_cpll_cal.gtwizard_ultrascale_v1_7_22_gtye4_cpll_cal_inst/gtwizard_ultrascale_v1_7_22_gtye4_cpll_cal_tx_i/U_TXOUTCLK_FREQ_COUNTER/reset_synchronizer_testclk_rst_inst/rst_in_out_reg/C
                            (rising edge-triggered cell FDPE clocked by u_pcie_xdma/inst/pcie4_ip_i/inst/xdma_0_pcie4_ip_gt_top_i/diablo_gt.diablo_gt_phy_wrapper/gt_wizard.gtwizard_top_i/xdma_0_pcie4_ip_gt_i/inst/gen_gtwizard_gtye4_top.xdma_0_pcie4_ip_gt_gtwizard_gtye4_inst/gen_gtwizard_gtye4.gen_cpll_cal_gtye4.gen_cpll_cal_inst[2].gen_inst_cpll_cal.gtwizard_ultrascale_v1_7_22_gtye4_cpll_cal_inst/gtwizard_ultrascale_v1_7_22_gtye4_cpll_cal_tx_i/bufg_gt_txoutclkmon_inst/O  {rise@0.000ns fall@4.000ns period=8.000ns})
  Destination:            u_pcie_xdma/inst/pcie4_ip_i/inst/xdma_0_pcie4_ip_gt_top_i/diablo_gt.diablo_gt_phy_wrapper/gt_wizard.gtwizard_top_i/xdma_0_pcie4_ip_gt_i/inst/gen_gtwizard_gtye4_top.xdma_0_pcie4_ip_gt_gtwizard_gtye4_inst/gen_gtwizard_gtye4.gen_cpll_cal_gtye4.gen_cpll_cal_inst[2].gen_inst_cpll_cal.gtwizard_ultrascale_v1_7_22_gtye4_cpll_cal_inst/gtwizard_ultrascale_v1_7_22_gtye4_cpll_cal_tx_i/U_TXOUTCLK_FREQ_COUNTER/testclk_cnt_reg[0]/CLR
                            (recovery check against rising-edge clock u_pcie_xdma/inst/pcie4_ip_i/inst/xdma_0_pcie4_ip_gt_top_i/diablo_gt.diablo_gt_phy_wrapper/gt_wizard.gtwizard_top_i/xdma_0_pcie4_ip_gt_i/inst/gen_gtwizard_gtye4_top.xdma_0_pcie4_ip_gt_gtwizard_gtye4_inst/gen_gtwizard_gtye4.gen_cpll_cal_gtye4.gen_cpll_cal_inst[2].gen_inst_cpll_cal.gtwizard_ultrascale_v1_7_22_gtye4_cpll_cal_inst/gtwizard_ultrascale_v1_7_22_gtye4_cpll_cal_tx_i/bufg_gt_txoutclkmon_inst/O  {rise@0.000ns fall@4.000ns period=8.000ns})
  Path Group:             **async_default**
  Path Type:              Recovery (Max at Slow Process Corner)
  Requirement:            8.000ns  (u_pcie_xdma/inst/pcie4_ip_i/inst/xdma_0_pcie4_ip_gt_top_i/diablo_gt.diablo_gt_phy_wrapper/gt_wizard.gtwizard_top_i/xdma_0_pcie4_ip_gt_i/inst/gen_gtwizard_gtye4_top.xdma_0_pcie4_ip_gt_gtwizard_gtye4_inst/gen_gtwizard_gtye4.gen_cpll_cal_gtye4.gen_cpll_cal_inst[2].gen_inst_cpll_cal.gtwizard_ultrascale_v1_7_22_gtye4_cpll_cal_inst/gtwizard_ultrascale_v1_7_22_gtye4_cpll_cal_tx_i/bufg_gt_txoutclkmon_inst/O rise@8.000ns - u_pcie_xdma/inst/pcie4_ip_i/inst/xdma_0_pcie4_ip_gt_top_i/diablo_gt.diablo_gt_phy_wrapper/gt_wizard.gtwizard_top_i/xdma_0_pcie4_ip_gt_i/inst/gen_gtwizard_gtye4_top.xdma_0_pcie4_ip_gt_gtwizard_gtye4_inst/gen_gtwizard_gtye4.gen_cpll_cal_gtye4.gen_cpll_cal_inst[2].gen_inst_cpll_cal.gtwizard_ultrascale_v1_7_22_gtye4_cpll_cal_inst/gtwizard_ultrascale_v1_7_22_gtye4_cpll_cal_tx_i/bufg_gt_txoutclkmon_inst/O rise@0.000ns)
  Data Path Delay:        0.440ns  (logic 0.096ns (21.821%)  route 0.344ns (78.179%))
  Logic Levels:           0  
  Clock Path Skew:        -0.040ns (DCD - SCD + CPR)
    Destination Clock Delay (DCD):    0.560ns = ( 8.560 - 8.000 ) 
    Source Clock Delay      (SCD):    0.664ns
    Clock Pessimism Removal (CPR):    0.063ns
  Clock Uncertainty:      0.046ns  ((TSJ^2 + DJ^2)^1/2) / 2 + PE
    Total System Jitter     (TSJ):    0.071ns
    Discrete Jitter          (DJ):    0.060ns
    Phase Error              (PE):    0.000ns
  Clock Net Delay (Source):      0.664ns (routing 0.002ns, distribution 0.662ns)
  Clock Net Delay (Destination): 0.560ns (routing 0.001ns, distribution 0.559ns)

    Location             Delay type                Incr(ns)  Path(ns)    Netlist Resource(s)
  -------------------------------------------------------------------    -------------------
                         (clock u_pcie_xdma/inst/pcie4_ip_i/inst/xdma_0_pcie4_ip_gt_top_i/diablo_gt.diablo_gt_phy_wrapper/gt_wizard.gtwizard_top_i/xdma_0_pcie4_ip_gt_i/inst/gen_gtwizard_gtye4_top.xdma_0_pcie4_ip_gt_gtwizard_gtye4_inst/gen_gtwizard_gtye4.gen_cpll_cal_gtye4.gen_cpll_cal_inst[2].gen_inst_cpll_cal.gtwizard_ultrascale_v1_7_22_gtye4_cpll_cal_inst/gtwizard_ultrascale_v1_7_22_gtye4_cpll_cal_tx_i/bufg_gt_txoutclkmon_inst/O rise edge)
                                                      0.000     0.000 r  
    BUFG_GT_X0Y20        BUFG_GT                      0.000     0.000 r  u_pcie_xdma/inst/pcie4_ip_i/inst/xdma_0_pcie4_ip_gt_top_i/diablo_gt.diablo_gt_phy_wrapper/gt_wizard.gtwizard_top_i/xdma_0_pcie4_ip_gt_i/inst/gen_gtwizard_gtye4_top.xdma_0_pcie4_ip_gt_gtwizard_gtye4_inst/gen_gtwizard_gtye4.gen_cpll_cal_gtye4.gen_cpll_cal_inst[2].gen_inst_cpll_cal.gtwizard_ultrascale_v1_7_22_gtye4_cpll_cal_inst/gtwizard_ultrascale_v1_7_22_gtye4_cpll_cal_tx_i/bufg_gt_txoutclkmon_inst/O
    X3Y0 (CLOCK_ROOT)    net (fo=31, routed)          0.664     0.664    u_pcie_xdma/inst/pcie4_ip_i/inst/xdma_0_pcie4_ip_gt_top_i/diablo_gt.diablo_gt_phy_wrapper/gt_wizard.gtwizard_top_i/xdma_0_pcie4_ip_gt_i/inst/gen_gtwizard_gtye4_top.xdma_0_pcie4_ip_gt_gtwizard_gtye4_inst/gen_gtwizard_gtye4.gen_cpll_cal_gtye4.gen_cpll_cal_inst[2].gen_inst_cpll_cal.gtwizard_ultrascale_v1_7_22_gtye4_cpll_cal_inst/gtwizard_ultrascale_v1_7_22_gtye4_cpll_cal_tx_i/U_TXOUTCLK_FREQ_COUNTER/reset_synchronizer_testclk_rst_inst/txoutclkmon
    SLICE_X104Y16        FDPE                                         r  u_pcie_xdma/inst/pcie4_ip_i/inst/xdma_0_pcie4_ip_gt_top_i/diablo_gt.diablo_gt_phy_wrapper/gt_wizard.gtwizard_top_i/xdma_0_pcie4_ip_gt_i/inst/gen_gtwizard_gtye4_top.xdma_0_pcie4_ip_gt_gtwizard_gtye4_inst/gen_gtwizard_gtye4.gen_cpll_cal_gtye4.gen_cpll_cal_inst[2].gen_inst_cpll_cal.gtwizard_ultrascale_v1_7_22_gtye4_cpll_cal_inst/gtwizard_ultrascale_v1_7_22_gtye4_cpll_cal_tx_i/U_TXOUTCLK_FREQ_COUNTER/reset_synchronizer_testclk_rst_inst/rst_in_out_reg/C
  -------------------------------------------------------------------    -------------------
    SLICE_X104Y16        FDPE (Prop_EFF_SLICEL_C_Q)
                                                      0.096     0.760 f  u_pcie_xdma/inst/pcie4_ip_i/inst/xdma_0_pcie4_ip_gt_top_i/diablo_gt.diablo_gt_phy_wrapper/gt_wizard.gtwizard_top_i/xdma_0_pcie4_ip_gt_i/inst/gen_gtwizard_gtye4_top.xdma_0_pcie4_ip_gt_gtwizard_gtye4_inst/gen_gtwizard_gtye4.gen_cpll_cal_gtye4.gen_cpll_cal_inst[2].gen_inst_cpll_cal.gtwizard_ultrascale_v1_7_22_gtye4_cpll_cal_inst/gtwizard_ultrascale_v1_7_22_gtye4_cpll_cal_tx_i/U_TXOUTCLK_FREQ_COUNTER/reset_synchronizer_testclk_rst_inst/rst_in_out_reg/Q
                         net (fo=18, routed)          0.344     1.104    u_pcie_xdma/inst/pcie4_ip_i/inst/xdma_0_pcie4_ip_gt_top_i/diablo_gt.diablo_gt_phy_wrapper/gt_wizard.gtwizard_top_i/xdma_0_pcie4_ip_gt_i/inst/gen_gtwizard_gtye4_top.xdma_0_pcie4_ip_gt_gtwizard_gtye4_inst/gen_gtwizard_gtye4.gen_cpll_cal_gtye4.gen_cpll_cal_inst[2].gen_inst_cpll_cal.gtwizard_ultrascale_v1_7_22_gtye4_cpll_cal_inst/gtwizard_ultrascale_v1_7_22_gtye4_cpll_cal_tx_i/U_TXOUTCLK_FREQ_COUNTER/rst_in_out
    SLICE_X104Y13        FDCE                                         f  u_pcie_xdma/inst/pcie4_ip_i/inst/xdma_0_pcie4_ip_gt_top_i/diablo_gt.diablo_gt_phy_wrapper/gt_wizard.gtwizard_top_i/xdma_0_pcie4_ip_gt_i/inst/gen_gtwizard_gtye4_top.xdma_0_pcie4_ip_gt_gtwizard_gtye4_inst/gen_gtwizard_gtye4.gen_cpll_cal_gtye4.gen_cpll_cal_inst[2].gen_inst_cpll_cal.gtwizard_ultrascale_v1_7_22_gtye4_cpll_cal_inst/gtwizard_ultrascale_v1_7_22_gtye4_cpll_cal_tx_i/U_TXOUTCLK_FREQ_COUNTER/testclk_cnt_reg[0]/CLR
  -------------------------------------------------------------------    -------------------

                         (clock u_pcie_xdma/inst/pcie4_ip_i/inst/xdma_0_pcie4_ip_gt_top_i/diablo_gt.diablo_gt_phy_wrapper/gt_wizard.gtwizard_top_i/xdma_0_pcie4_ip_gt_i/inst/gen_gtwizard_gtye4_top.xdma_0_pcie4_ip_gt_gtwizard_gtye4_inst/gen_gtwizard_gtye4.gen_cpll_cal_gtye4.gen_cpll_cal_inst[2].gen_inst_cpll_cal.gtwizard_ultrascale_v1_7_22_gtye4_cpll_cal_inst/gtwizard_ultrascale_v1_7_22_gtye4_cpll_cal_tx_i/bufg_gt_txoutclkmon_inst/O rise edge)
                                                      8.000     8.000 r  
    BUFG_GT_X0Y20        BUFG_GT                      0.000     8.000 r  u_pcie_xdma/inst/pcie4_ip_i/inst/xdma_0_pcie4_ip_gt_top_i/diablo_gt.diablo_gt_phy_wrapper/gt_wizard.gtwizard_top_i/xdma_0_pcie4_ip_gt_i/inst/gen_gtwizard_gtye4_top.xdma_0_pcie4_ip_gt_gtwizard_gtye4_inst/gen_gtwizard_gtye4.gen_cpll_cal_gtye4.gen_cpll_cal_inst[2].gen_inst_cpll_cal.gtwizard_ultrascale_v1_7_22_gtye4_cpll_cal_inst/gtwizard_ultrascale_v1_7_22_gtye4_cpll_cal_tx_i/bufg_gt_txoutclkmon_inst/O
    X3Y0 (CLOCK_ROOT)    net (fo=31, routed)          0.560     8.560    u_pcie_xdma/inst/pcie4_ip_i/inst/xdma_0_pcie4_ip_gt_top_i/diablo_gt.diablo_gt_phy_wrapper/gt_wizard.gtwizard_top_i/xdma_0_pcie4_ip_gt_i/inst/gen_gtwizard_gtye4_top.xdma_0_pcie4_ip_gt_gtwizard_gtye4_inst/gen_gtwizard_gtye4.gen_cpll_cal_gtye4.gen_cpll_cal_inst[2].gen_inst_cpll_cal.gtwizard_ultrascale_v1_7_22_gtye4_cpll_cal_inst/gtwizard_ultrascale_v1_7_22_gtye4_cpll_cal_tx_i/U_TXOUTCLK_FREQ_COUNTER/txoutclkmon
    SLICE_X104Y13        FDCE                                         r  u_pcie_xdma/inst/pcie4_ip_i/inst/xdma_0_pcie4_ip_gt_top_i/diablo_gt.diablo_gt_phy_wrapper/gt_wizard.gtwizard_top_i/xdma_0_pcie4_ip_gt_i/inst/gen_gtwizard_gtye4_top.xdma_0_pcie4_ip_gt_gtwizard_gtye4_inst/gen_gtwizard_gtye4.gen_cpll_cal_gtye4.gen_cpll_cal_inst[2].gen_inst_cpll_cal.gtwizard_ultrascale_v1_7_22_gtye4_cpll_cal_inst/gtwizard_ultrascale_v1_7_22_gtye4_cpll_cal_tx_i/U_TXOUTCLK_FREQ_COUNTER/testclk_cnt_reg[0]/C
                         clock pessimism              0.063     8.623    
                         clock uncertainty           -0.046     8.577    
    SLICE_X104Y13        FDCE (Recov_AFF_SLICEL_C_CLR)
                                                     -0.072     8.505    u_pcie_xdma/inst/pcie4_ip_i/inst/xdma_0_pcie4_ip_gt_top_i/diablo_gt.diablo_gt_phy_wrapper/gt_wizard.gtwizard_top_i/xdma_0_pcie4_ip_gt_i/inst/gen_gtwizard_gtye4_top.xdma_0_pcie4_ip_gt_gtwizard_gtye4_inst/gen_gtwizard_gtye4.gen_cpll_cal_gtye4.gen_cpll_cal_inst[2].gen_inst_cpll_cal.gtwizard_ultrascale_v1_7_22_gtye4_cpll_cal_inst/gtwizard_ultrascale_v1_7_22_gtye4_cpll_cal_tx_i/U_TXOUTCLK_FREQ_COUNTER/testclk_cnt_reg[0]
  -------------------------------------------------------------------
                         required time                          8.505    
                         arrival time                          -1.104    
  -------------------------------------------------------------------
                         slack                                  7.401    





Min Delay Paths
--------------------------------------------------------------------------------------
Slack (MET) :             0.138ns  (arrival time - required time)
  Source:                 u_pcie_xdma/inst/pcie4_ip_i/inst/xdma_0_pcie4_ip_gt_top_i/diablo_gt.diablo_gt_phy_wrapper/gt_wizard.gtwizard_top_i/xdma_0_pcie4_ip_gt_i/inst/gen_gtwizard_gtye4_top.xdma_0_pcie4_ip_gt_gtwizard_gtye4_inst/gen_gtwizard_gtye4.gen_cpll_cal_gtye4.gen_cpll_cal_inst[2].gen_inst_cpll_cal.gtwizard_ultrascale_v1_7_22_gtye4_cpll_cal_inst/gtwizard_ultrascale_v1_7_22_gtye4_cpll_cal_tx_i/U_TXOUTCLK_FREQ_COUNTER/reset_synchronizer_testclk_rst_inst/rst_in_out_reg/C
                            (rising edge-triggered cell FDPE clocked by u_pcie_xdma/inst/pcie4_ip_i/inst/xdma_0_pcie4_ip_gt_top_i/diablo_gt.diablo_gt_phy_wrapper/gt_wizard.gtwizard_top_i/xdma_0_pcie4_ip_gt_i/inst/gen_gtwizard_gtye4_top.xdma_0_pcie4_ip_gt_gtwizard_gtye4_inst/gen_gtwizard_gtye4.gen_cpll_cal_gtye4.gen_cpll_cal_inst[2].gen_inst_cpll_cal.gtwizard_ultrascale_v1_7_22_gtye4_cpll_cal_inst/gtwizard_ultrascale_v1_7_22_gtye4_cpll_cal_tx_i/bufg_gt_txoutclkmon_inst/O  {rise@0.000ns fall@4.000ns period=8.000ns})
  Destination:            u_pcie_xdma/inst/pcie4_ip_i/inst/xdma_0_pcie4_ip_gt_top_i/diablo_gt.diablo_gt_phy_wrapper/gt_wizard.gtwizard_top_i/xdma_0_pcie4_ip_gt_i/inst/gen_gtwizard_gtye4_top.xdma_0_pcie4_ip_gt_gtwizard_gtye4_inst/gen_gtwizard_gtye4.gen_cpll_cal_gtye4.gen_cpll_cal_inst[2].gen_inst_cpll_cal.gtwizard_ultrascale_v1_7_22_gtye4_cpll_cal_inst/gtwizard_ultrascale_v1_7_22_gtye4_cpll_cal_tx_i/U_TXOUTCLK_FREQ_COUNTER/testclk_cnt_reg[16]/CLR
                            (removal check against rising-edge clock u_pcie_xdma/inst/pcie4_ip_i/inst/xdma_0_pcie4_ip_gt_top_i/diablo_gt.diablo_gt_phy_wrapper/gt_wizard.gtwizard_top_i/xdma_0_pcie4_ip_gt_i/inst/gen_gtwizard_gtye4_top.xdma_0_pcie4_ip_gt_gtwizard_gtye4_inst/gen_gtwizard_gtye4.gen_cpll_cal_gtye4.gen_cpll_cal_inst[2].gen_inst_cpll_cal.gtwizard_ultrascale_v1_7_22_gtye4_cpll_cal_inst/gtwizard_ultrascale_v1_7_22_gtye4_cpll_cal_tx_i/bufg_gt_txoutclkmon_inst/O  {rise@0.000ns fall@4.000ns period=8.000ns})
  Path Group:             **async_default**
  Path Type:              Removal (Min at Fast Process Corner)
  Requirement:            0.000ns  (u_pcie_xdma/inst/pcie4_ip_i/inst/xdma_0_pcie4_ip_gt_top_i/diablo_gt.diablo_gt_phy_wrapper/gt_wizard.gtwizard_top_i/xdma_0_pcie4_ip_gt_i/inst/gen_gtwizard_gtye4_top.xdma_0_pcie4_ip_gt_gtwizard_gtye4_inst/gen_gtwizard_gtye4.gen_cpll_cal_gtye4.gen_cpll_cal_inst[2].gen_inst_cpll_cal.gtwizard_ultrascale_v1_7_22_gtye4_cpll_cal_inst/gtwizard_ultrascale_v1_7_22_gtye4_cpll_cal_tx_i/bufg_gt_txoutclkmon_inst/O rise@0.000ns - u_pcie_xdma/inst/pcie4_ip_i/inst/xdma_0_pcie4_ip_gt_top_i/diablo_gt.diablo_gt_phy_wrapper/gt_wizard.gtwizard_top_i/xdma_0_pcie4_ip_gt_i/inst/gen_gtwizard_gtye4_top.xdma_0_pcie4_ip_gt_gtwizard_gtye4_inst/gen_gtwizard_gtye4.gen_cpll_cal_gtye4.gen_cpll_cal_inst[2].gen_inst_cpll_cal.gtwizard_ultrascale_v1_7_22_gtye4_cpll_cal_inst/gtwizard_ultrascale_v1_7_22_gtye4_cpll_cal_tx_i/bufg_gt_txoutclkmon_inst/O rise@0.000ns)
  Data Path Delay:        0.138ns  (logic 0.039ns (28.278%)  route 0.099ns (71.722%))
  Logic Levels:           0  
  Clock Path Skew:        0.020ns (DCD - SCD - CPR)
    Destination Clock Delay (DCD):    0.384ns
    Source Clock Delay      (SCD):    0.334ns
    Clock Pessimism Removal (CPR):    0.031ns
  Clock Net Delay (Source):      0.334ns (routing 0.001ns, distribution 0.333ns)
  Clock Net Delay (Destination): 0.384ns (routing 0.001ns, distribution 0.383ns)

    Location             Delay type                Incr(ns)  Path(ns)    Netlist Resource(s)
  -------------------------------------------------------------------    -------------------
                         (clock u_pcie_xdma/inst/pcie4_ip_i/inst/xdma_0_pcie4_ip_gt_top_i/diablo_gt.diablo_gt_phy_wrapper/gt_wizard.gtwizard_top_i/xdma_0_pcie4_ip_gt_i/inst/gen_gtwizard_gtye4_top.xdma_0_pcie4_ip_gt_gtwizard_gtye4_inst/gen_gtwizard_gtye4.gen_cpll_cal_gtye4.gen_cpll_cal_inst[2].gen_inst_cpll_cal.gtwizard_ultrascale_v1_7_22_gtye4_cpll_cal_inst/gtwizard_ultrascale_v1_7_22_gtye4_cpll_cal_tx_i/bufg_gt_txoutclkmon_inst/O rise edge)
                                                      0.000     0.000 r  
    BUFG_GT_X0Y20        BUFG_GT                      0.000     0.000 r  u_pcie_xdma/inst/pcie4_ip_i/inst/xdma_0_pcie4_ip_gt_top_i/diablo_gt.diablo_gt_phy_wrapper/gt_wizard.gtwizard_top_i/xdma_0_pcie4_ip_gt_i/inst/gen_gtwizard_gtye4_top.xdma_0_pcie4_ip_gt_gtwizard_gtye4_inst/gen_gtwizard_gtye4.gen_cpll_cal_gtye4.gen_cpll_cal_inst[2].gen_inst_cpll_cal.gtwizard_ultrascale_v1_7_22_gtye4_cpll_cal_inst/gtwizard_ultrascale_v1_7_22_gtye4_cpll_cal_tx_i/bufg_gt_txoutclkmon_inst/O
    X3Y0 (CLOCK_ROOT)    net (fo=31, routed)          0.334     0.334    u_pcie_xdma/inst/pcie4_ip_i/inst/xdma_0_pcie4_ip_gt_top_i/diablo_gt.diablo_gt_phy_wrapper/gt_wizard.gtwizard_top_i/xdma_0_pcie4_ip_gt_i/inst/gen_gtwizard_gtye4_top.xdma_0_pcie4_ip_gt_gtwizard_gtye4_inst/gen_gtwizard_gtye4.gen_cpll_cal_gtye4.gen_cpll_cal_inst[2].gen_inst_cpll_cal.gtwizard_ultrascale_v1_7_22_gtye4_cpll_cal_inst/gtwizard_ultrascale_v1_7_22_gtye4_cpll_cal_tx_i/U_TXOUTCLK_FREQ_COUNTER/reset_synchronizer_testclk_rst_inst/txoutclkmon
    SLICE_X104Y16        FDPE                                         r  u_pcie_xdma/inst/pcie4_ip_i/inst/xdma_0_pcie4_ip_gt_top_i/diablo_gt.diablo_gt_phy_wrapper/gt_wizard.gtwizard_top_i/xdma_0_pcie4_ip_gt_i/inst/gen_gtwizard_gtye4_top.xdma_0_pcie4_ip_gt_gtwizard_gtye4_inst/gen_gtwizard_gtye4.gen_cpll_cal_gtye4.gen_cpll_cal_inst[2].gen_inst_cpll_cal.gtwizard_ultrascale_v1_7_22_gtye4_cpll_cal_inst/gtwizard_ultrascale_v1_7_22_gtye4_cpll_cal_tx_i/U_TXOUTCLK_FREQ_COUNTER/reset_synchronizer_testclk_rst_inst/rst_in_out_reg/C
  -------------------------------------------------------------------    -------------------
    SLICE_X104Y16        FDPE (Prop_EFF_SLICEL_C_Q)
                                                      0.039     0.373 f  u_pcie_xdma/inst/pcie4_ip_i/inst/xdma_0_pcie4_ip_gt_top_i/diablo_gt.diablo_gt_phy_wrapper/gt_wizard.gtwizard_top_i/xdma_0_pcie4_ip_gt_i/inst/gen_gtwizard_gtye4_top.xdma_0_pcie4_ip_gt_gtwizard_gtye4_inst/gen_gtwizard_gtye4.gen_cpll_cal_gtye4.gen_cpll_cal_inst[2].gen_inst_cpll_cal.gtwizard_ultrascale_v1_7_22_gtye4_cpll_cal_inst/gtwizard_ultrascale_v1_7_22_gtye4_cpll_cal_tx_i/U_TXOUTCLK_FREQ_COUNTER/reset_synchronizer_testclk_rst_inst/rst_in_out_reg/Q
                         net (fo=18, routed)          0.099     0.471    u_pcie_xdma/inst/pcie4_ip_i/inst/xdma_0_pcie4_ip_gt_top_i/diablo_gt.diablo_gt_phy_wrapper/gt_wizard.gtwizard_top_i/xdma_0_pcie4_ip_gt_i/inst/gen_gtwizard_gtye4_top.xdma_0_pcie4_ip_gt_gtwizard_gtye4_inst/gen_gtwizard_gtye4.gen_cpll_cal_gtye4.gen_cpll_cal_inst[2].gen_inst_cpll_cal.gtwizard_ultrascale_v1_7_22_gtye4_cpll_cal_inst/gtwizard_ultrascale_v1_7_22_gtye4_cpll_cal_tx_i/U_TXOUTCLK_FREQ_COUNTER/rst_in_out
    SLICE_X104Y15        FDCE                                         f  u_pcie_xdma/inst/pcie4_ip_i/inst/xdma_0_pcie4_ip_gt_top_i/diablo_gt.diablo_gt_phy_wrapper/gt_wizard.gtwizard_top_i/xdma_0_pcie4_ip_gt_i/inst/gen_gtwizard_gtye4_top.xdma_0_pcie4_ip_gt_gtwizard_gtye4_inst/gen_gtwizard_gtye4.gen_cpll_cal_gtye4.gen_cpll_cal_inst[2].gen_inst_cpll_cal.gtwizard_ultrascale_v1_7_22_gtye4_cpll_cal_inst/gtwizard_ultrascale_v1_7_22_gtye4_cpll_cal_tx_i/U_TXOUTCLK_FREQ_COUNTER/testclk_cnt_reg[16]/CLR
  -------------------------------------------------------------------    -------------------

                         (clock u_pcie_xdma/inst/pcie4_ip_i/inst/xdma_0_pcie4_ip_gt_top_i/diablo_gt.diablo_gt_phy_wrapper/gt_wizard.gtwizard_top_i/xdma_0_pcie4_ip_gt_i/inst/gen_gtwizard_gtye4_top.xdma_0_pcie4_ip_gt_gtwizard_gtye4_inst/gen_gtwizard_gtye4.gen_cpll_cal_gtye4.gen_cpll_cal_inst[2].gen_inst_cpll_cal.gtwizard_ultrascale_v1_7_22_gtye4_cpll_cal_inst/gtwizard_ultrascale_v1_7_22_gtye4_cpll_cal_tx_i/bufg_gt_txoutclkmon_inst/O rise edge)
                                                      0.000     0.000 r  
    BUFG_GT_X0Y20        BUFG_GT                      0.000     0.000 r  u_pcie_xdma/inst/pcie4_ip_i/inst/xdma_0_pcie4_ip_gt_top_i/diablo_gt.diablo_gt_phy_wrapper/gt_wizard.gtwizard_top_i/xdma_0_pcie4_ip_gt_i/inst/gen_gtwizard_gtye4_top.xdma_0_pcie4_ip_gt_gtwizard_gtye4_inst/gen_gtwizard_gtye4.gen_cpll_cal_gtye4.gen_cpll_cal_inst[2].gen_inst_cpll_cal.gtwizard_ultrascale_v1_7_22_gtye4_cpll_cal_inst/gtwizard_ultrascale_v1_7_22_gtye4_cpll_cal_tx_i/bufg_gt_txoutclkmon_inst/O
    X3Y0 (CLOCK_ROOT)    net (fo=31, routed)          0.384     0.384    u_pcie_xdma/inst/pcie4_ip_i/inst/xdma_0_pcie4_ip_gt_top_i/diablo_gt.diablo_gt_phy_wrapper/gt_wizard.gtwizard_top_i/xdma_0_pcie4_ip_gt_i/inst/gen_gtwizard_gtye4_top.xdma_0_pcie4_ip_gt_gtwizard_gtye4_inst/gen_gtwizard_gtye4.gen_cpll_cal_gtye4.gen_cpll_cal_inst[2].gen_inst_cpll_cal.gtwizard_ultrascale_v1_7_22_gtye4_cpll_cal_inst/gtwizard_ultrascale_v1_7_22_gtye4_cpll_cal_tx_i/U_TXOUTCLK_FREQ_COUNTER/txoutclkmon
    SLICE_X104Y15        FDCE                                         r  u_pcie_xdma/inst/pcie4_ip_i/inst/xdma_0_pcie4_ip_gt_top_i/diablo_gt.diablo_gt_phy_wrapper/gt_wizard.gtwizard_top_i/xdma_0_pcie4_ip_gt_i/inst/gen_gtwizard_gtye4_top.xdma_0_pcie4_ip_gt_gtwizard_gtye4_inst/gen_gtwizard_gtye4.gen_cpll_cal_gtye4.gen_cpll_cal_inst[2].gen_inst_cpll_cal.gtwizard_ultrascale_v1_7_22_gtye4_cpll_cal_inst/gtwizard_ultrascale_v1_7_22_gtye4_cpll_cal_tx_i/U_TXOUTCLK_FREQ_COUNTER/testclk_cnt_reg[16]/C
                         clock pessimism             -0.031     0.354    
    SLICE_X104Y15        FDCE (Remov_AFF_SLICEL_C_CLR)
                                                     -0.020     0.334    u_pcie_xdma/inst/pcie4_ip_i/inst/xdma_0_pcie4_ip_gt_top_i/diablo_gt.diablo_gt_phy_wrapper/gt_wizard.gtwizard_top_i/xdma_0_pcie4_ip_gt_i/inst/gen_gtwizard_gtye4_top.xdma_0_pcie4_ip_gt_gtwizard_gtye4_inst/gen_gtwizard_gtye4.gen_cpll_cal_gtye4.gen_cpll_cal_inst[2].gen_inst_cpll_cal.gtwizard_ultrascale_v1_7_22_gtye4_cpll_cal_inst/gtwizard_ultrascale_v1_7_22_gtye4_cpll_cal_tx_i/U_TXOUTCLK_FREQ_COUNTER/testclk_cnt_reg[16]
  -------------------------------------------------------------------
                         required time                         -0.334    
                         arrival time                           0.471    
  -------------------------------------------------------------------
                         slack                                  0.138    





---------------------------------------------------------------------------------------------------
Path Group:  **async_default**
From Clock:  u_pcie_xdma/inst/pcie4_ip_i/inst/xdma_0_pcie4_ip_gt_top_i/diablo_gt.diablo_gt_phy_wrapper/gt_wizard.gtwizard_top_i/xdma_0_pcie4_ip_gt_i/inst/gen_gtwizard_gtye4_top.xdma_0_pcie4_ip_gt_gtwizard_gtye4_inst/gen_gtwizard_gtye4.gen_cpll_cal_gtye4.gen_cpll_cal_inst[3].gen_inst_cpll_cal.gtwizard_ultrascale_v1_7_22_gtye4_cpll_cal_inst/gtwizard_ultrascale_v1_7_22_gtye4_cpll_cal_tx_i/bufg_gt_txoutclkmon_inst/O
  To Clock:  u_pcie_xdma/inst/pcie4_ip_i/inst/xdma_0_pcie4_ip_gt_top_i/diablo_gt.diablo_gt_phy_wrapper/gt_wizard.gtwizard_top_i/xdma_0_pcie4_ip_gt_i/inst/gen_gtwizard_gtye4_top.xdma_0_pcie4_ip_gt_gtwizard_gtye4_inst/gen_gtwizard_gtye4.gen_cpll_cal_gtye4.gen_cpll_cal_inst[3].gen_inst_cpll_cal.gtwizard_ultrascale_v1_7_22_gtye4_cpll_cal_inst/gtwizard_ultrascale_v1_7_22_gtye4_cpll_cal_tx_i/bufg_gt_txoutclkmon_inst/O

Setup :            0  Failing Endpoints,  Worst Slack        7.174ns,  Total Violation        0.000ns
Hold  :            0  Failing Endpoints,  Worst Slack        0.176ns,  Total Violation        0.000ns
---------------------------------------------------------------------------------------------------


Max Delay Paths
--------------------------------------------------------------------------------------
Slack (MET) :             7.174ns  (required time - arrival time)
  Source:                 u_pcie_xdma/inst/pcie4_ip_i/inst/xdma_0_pcie4_ip_gt_top_i/diablo_gt.diablo_gt_phy_wrapper/gt_wizard.gtwizard_top_i/xdma_0_pcie4_ip_gt_i/inst/gen_gtwizard_gtye4_top.xdma_0_pcie4_ip_gt_gtwizard_gtye4_inst/gen_gtwizard_gtye4.gen_cpll_cal_gtye4.gen_cpll_cal_inst[3].gen_inst_cpll_cal.gtwizard_ultrascale_v1_7_22_gtye4_cpll_cal_inst/gtwizard_ultrascale_v1_7_22_gtye4_cpll_cal_tx_i/U_TXOUTCLK_FREQ_COUNTER/reset_synchronizer_testclk_rst_inst/rst_in_out_reg/C
                            (rising edge-triggered cell FDPE clocked by u_pcie_xdma/inst/pcie4_ip_i/inst/xdma_0_pcie4_ip_gt_top_i/diablo_gt.diablo_gt_phy_wrapper/gt_wizard.gtwizard_top_i/xdma_0_pcie4_ip_gt_i/inst/gen_gtwizard_gtye4_top.xdma_0_pcie4_ip_gt_gtwizard_gtye4_inst/gen_gtwizard_gtye4.gen_cpll_cal_gtye4.gen_cpll_cal_inst[3].gen_inst_cpll_cal.gtwizard_ultrascale_v1_7_22_gtye4_cpll_cal_inst/gtwizard_ultrascale_v1_7_22_gtye4_cpll_cal_tx_i/bufg_gt_txoutclkmon_inst/O  {rise@0.000ns fall@4.000ns period=8.000ns})
  Destination:            u_pcie_xdma/inst/pcie4_ip_i/inst/xdma_0_pcie4_ip_gt_top_i/diablo_gt.diablo_gt_phy_wrapper/gt_wizard.gtwizard_top_i/xdma_0_pcie4_ip_gt_i/inst/gen_gtwizard_gtye4_top.xdma_0_pcie4_ip_gt_gtwizard_gtye4_inst/gen_gtwizard_gtye4.gen_cpll_cal_gtye4.gen_cpll_cal_inst[3].gen_inst_cpll_cal.gtwizard_ultrascale_v1_7_22_gtye4_cpll_cal_inst/gtwizard_ultrascale_v1_7_22_gtye4_cpll_cal_tx_i/U_TXOUTCLK_FREQ_COUNTER/testclk_cnt_reg[0]/CLR
                            (recovery check against rising-edge clock u_pcie_xdma/inst/pcie4_ip_i/inst/xdma_0_pcie4_ip_gt_top_i/diablo_gt.diablo_gt_phy_wrapper/gt_wizard.gtwizard_top_i/xdma_0_pcie4_ip_gt_i/inst/gen_gtwizard_gtye4_top.xdma_0_pcie4_ip_gt_gtwizard_gtye4_inst/gen_gtwizard_gtye4.gen_cpll_cal_gtye4.gen_cpll_cal_inst[3].gen_inst_cpll_cal.gtwizard_ultrascale_v1_7_22_gtye4_cpll_cal_inst/gtwizard_ultrascale_v1_7_22_gtye4_cpll_cal_tx_i/bufg_gt_txoutclkmon_inst/O  {rise@0.000ns fall@4.000ns period=8.000ns})
  Path Group:             **async_default**
  Path Type:              Recovery (Max at Slow Process Corner)
  Requirement:            8.000ns  (u_pcie_xdma/inst/pcie4_ip_i/inst/xdma_0_pcie4_ip_gt_top_i/diablo_gt.diablo_gt_phy_wrapper/gt_wizard.gtwizard_top_i/xdma_0_pcie4_ip_gt_i/inst/gen_gtwizard_gtye4_top.xdma_0_pcie4_ip_gt_gtwizard_gtye4_inst/gen_gtwizard_gtye4.gen_cpll_cal_gtye4.gen_cpll_cal_inst[3].gen_inst_cpll_cal.gtwizard_ultrascale_v1_7_22_gtye4_cpll_cal_inst/gtwizard_ultrascale_v1_7_22_gtye4_cpll_cal_tx_i/bufg_gt_txoutclkmon_inst/O rise@8.000ns - u_pcie_xdma/inst/pcie4_ip_i/inst/xdma_0_pcie4_ip_gt_top_i/diablo_gt.diablo_gt_phy_wrapper/gt_wizard.gtwizard_top_i/xdma_0_pcie4_ip_gt_i/inst/gen_gtwizard_gtye4_top.xdma_0_pcie4_ip_gt_gtwizard_gtye4_inst/gen_gtwizard_gtye4.gen_cpll_cal_gtye4.gen_cpll_cal_inst[3].gen_inst_cpll_cal.gtwizard_ultrascale_v1_7_22_gtye4_cpll_cal_inst/gtwizard_ultrascale_v1_7_22_gtye4_cpll_cal_tx_i/bufg_gt_txoutclkmon_inst/O rise@0.000ns)
  Data Path Delay:        0.662ns  (logic 0.093ns (14.045%)  route 0.569ns (85.955%))
  Logic Levels:           0  
  Clock Path Skew:        -0.045ns (DCD - SCD + CPR)
    Destination Clock Delay (DCD):    0.522ns = ( 8.522 - 8.000 ) 
    Source Clock Delay      (SCD):    0.630ns
    Clock Pessimism Removal (CPR):    0.063ns
  Clock Uncertainty:      0.046ns  ((TSJ^2 + DJ^2)^1/2) / 2 + PE
    Total System Jitter     (TSJ):    0.071ns
    Discrete Jitter          (DJ):    0.060ns
    Phase Error              (PE):    0.000ns
  Clock Net Delay (Source):      0.630ns (routing 0.002ns, distribution 0.628ns)
  Clock Net Delay (Destination): 0.522ns (routing 0.001ns, distribution 0.521ns)

    Location             Delay type                Incr(ns)  Path(ns)    Netlist Resource(s)
  -------------------------------------------------------------------    -------------------
                         (clock u_pcie_xdma/inst/pcie4_ip_i/inst/xdma_0_pcie4_ip_gt_top_i/diablo_gt.diablo_gt_phy_wrapper/gt_wizard.gtwizard_top_i/xdma_0_pcie4_ip_gt_i/inst/gen_gtwizard_gtye4_top.xdma_0_pcie4_ip_gt_gtwizard_gtye4_inst/gen_gtwizard_gtye4.gen_cpll_cal_gtye4.gen_cpll_cal_inst[3].gen_inst_cpll_cal.gtwizard_ultrascale_v1_7_22_gtye4_cpll_cal_inst/gtwizard_ultrascale_v1_7_22_gtye4_cpll_cal_tx_i/bufg_gt_txoutclkmon_inst/O rise edge)
                                                      0.000     0.000 r  
    BUFG_GT_X0Y19        BUFG_GT                      0.000     0.000 r  u_pcie_xdma/inst/pcie4_ip_i/inst/xdma_0_pcie4_ip_gt_top_i/diablo_gt.diablo_gt_phy_wrapper/gt_wizard.gtwizard_top_i/xdma_0_pcie4_ip_gt_i/inst/gen_gtwizard_gtye4_top.xdma_0_pcie4_ip_gt_gtwizard_gtye4_inst/gen_gtwizard_gtye4.gen_cpll_cal_gtye4.gen_cpll_cal_inst[3].gen_inst_cpll_cal.gtwizard_ultrascale_v1_7_22_gtye4_cpll_cal_inst/gtwizard_ultrascale_v1_7_22_gtye4_cpll_cal_tx_i/bufg_gt_txoutclkmon_inst/O
    X3Y0 (CLOCK_ROOT)    net (fo=31, routed)          0.630     0.630    u_pcie_xdma/inst/pcie4_ip_i/inst/xdma_0_pcie4_ip_gt_top_i/diablo_gt.diablo_gt_phy_wrapper/gt_wizard.gtwizard_top_i/xdma_0_pcie4_ip_gt_i/inst/gen_gtwizard_gtye4_top.xdma_0_pcie4_ip_gt_gtwizard_gtye4_inst/gen_gtwizard_gtye4.gen_cpll_cal_gtye4.gen_cpll_cal_inst[3].gen_inst_cpll_cal.gtwizard_ultrascale_v1_7_22_gtye4_cpll_cal_inst/gtwizard_ultrascale_v1_7_22_gtye4_cpll_cal_tx_i/U_TXOUTCLK_FREQ_COUNTER/reset_synchronizer_testclk_rst_inst/txoutclkmon
    SLICE_X110Y37        FDPE                                         r  u_pcie_xdma/inst/pcie4_ip_i/inst/xdma_0_pcie4_ip_gt_top_i/diablo_gt.diablo_gt_phy_wrapper/gt_wizard.gtwizard_top_i/xdma_0_pcie4_ip_gt_i/inst/gen_gtwizard_gtye4_top.xdma_0_pcie4_ip_gt_gtwizard_gtye4_inst/gen_gtwizard_gtye4.gen_cpll_cal_gtye4.gen_cpll_cal_inst[3].gen_inst_cpll_cal.gtwizard_ultrascale_v1_7_22_gtye4_cpll_cal_inst/gtwizard_ultrascale_v1_7_22_gtye4_cpll_cal_tx_i/U_TXOUTCLK_FREQ_COUNTER/reset_synchronizer_testclk_rst_inst/rst_in_out_reg/C
  -------------------------------------------------------------------    -------------------
    SLICE_X110Y37        FDPE (Prop_EFF_SLICEM_C_Q)
                                                      0.093     0.723 f  u_pcie_xdma/inst/pcie4_ip_i/inst/xdma_0_pcie4_ip_gt_top_i/diablo_gt.diablo_gt_phy_wrapper/gt_wizard.gtwizard_top_i/xdma_0_pcie4_ip_gt_i/inst/gen_gtwizard_gtye4_top.xdma_0_pcie4_ip_gt_gtwizard_gtye4_inst/gen_gtwizard_gtye4.gen_cpll_cal_gtye4.gen_cpll_cal_inst[3].gen_inst_cpll_cal.gtwizard_ultrascale_v1_7_22_gtye4_cpll_cal_inst/gtwizard_ultrascale_v1_7_22_gtye4_cpll_cal_tx_i/U_TXOUTCLK_FREQ_COUNTER/reset_synchronizer_testclk_rst_inst/rst_in_out_reg/Q
                         net (fo=18, routed)          0.569     1.292    u_pcie_xdma/inst/pcie4_ip_i/inst/xdma_0_pcie4_ip_gt_top_i/diablo_gt.diablo_gt_phy_wrapper/gt_wizard.gtwizard_top_i/xdma_0_pcie4_ip_gt_i/inst/gen_gtwizard_gtye4_top.xdma_0_pcie4_ip_gt_gtwizard_gtye4_inst/gen_gtwizard_gtye4.gen_cpll_cal_gtye4.gen_cpll_cal_inst[3].gen_inst_cpll_cal.gtwizard_ultrascale_v1_7_22_gtye4_cpll_cal_inst/gtwizard_ultrascale_v1_7_22_gtye4_cpll_cal_tx_i/U_TXOUTCLK_FREQ_COUNTER/rst_in_out
    SLICE_X110Y32        FDCE                                         f  u_pcie_xdma/inst/pcie4_ip_i/inst/xdma_0_pcie4_ip_gt_top_i/diablo_gt.diablo_gt_phy_wrapper/gt_wizard.gtwizard_top_i/xdma_0_pcie4_ip_gt_i/inst/gen_gtwizard_gtye4_top.xdma_0_pcie4_ip_gt_gtwizard_gtye4_inst/gen_gtwizard_gtye4.gen_cpll_cal_gtye4.gen_cpll_cal_inst[3].gen_inst_cpll_cal.gtwizard_ultrascale_v1_7_22_gtye4_cpll_cal_inst/gtwizard_ultrascale_v1_7_22_gtye4_cpll_cal_tx_i/U_TXOUTCLK_FREQ_COUNTER/testclk_cnt_reg[0]/CLR
  -------------------------------------------------------------------    -------------------

                         (clock u_pcie_xdma/inst/pcie4_ip_i/inst/xdma_0_pcie4_ip_gt_top_i/diablo_gt.diablo_gt_phy_wrapper/gt_wizard.gtwizard_top_i/xdma_0_pcie4_ip_gt_i/inst/gen_gtwizard_gtye4_top.xdma_0_pcie4_ip_gt_gtwizard_gtye4_inst/gen_gtwizard_gtye4.gen_cpll_cal_gtye4.gen_cpll_cal_inst[3].gen_inst_cpll_cal.gtwizard_ultrascale_v1_7_22_gtye4_cpll_cal_inst/gtwizard_ultrascale_v1_7_22_gtye4_cpll_cal_tx_i/bufg_gt_txoutclkmon_inst/O rise edge)
                                                      8.000     8.000 r  
    BUFG_GT_X0Y19        BUFG_GT                      0.000     8.000 r  u_pcie_xdma/inst/pcie4_ip_i/inst/xdma_0_pcie4_ip_gt_top_i/diablo_gt.diablo_gt_phy_wrapper/gt_wizard.gtwizard_top_i/xdma_0_pcie4_ip_gt_i/inst/gen_gtwizard_gtye4_top.xdma_0_pcie4_ip_gt_gtwizard_gtye4_inst/gen_gtwizard_gtye4.gen_cpll_cal_gtye4.gen_cpll_cal_inst[3].gen_inst_cpll_cal.gtwizard_ultrascale_v1_7_22_gtye4_cpll_cal_inst/gtwizard_ultrascale_v1_7_22_gtye4_cpll_cal_tx_i/bufg_gt_txoutclkmon_inst/O
    X3Y0 (CLOCK_ROOT)    net (fo=31, routed)          0.522     8.522    u_pcie_xdma/inst/pcie4_ip_i/inst/xdma_0_pcie4_ip_gt_top_i/diablo_gt.diablo_gt_phy_wrapper/gt_wizard.gtwizard_top_i/xdma_0_pcie4_ip_gt_i/inst/gen_gtwizard_gtye4_top.xdma_0_pcie4_ip_gt_gtwizard_gtye4_inst/gen_gtwizard_gtye4.gen_cpll_cal_gtye4.gen_cpll_cal_inst[3].gen_inst_cpll_cal.gtwizard_ultrascale_v1_7_22_gtye4_cpll_cal_inst/gtwizard_ultrascale_v1_7_22_gtye4_cpll_cal_tx_i/U_TXOUTCLK_FREQ_COUNTER/txoutclkmon
    SLICE_X110Y32        FDCE                                         r  u_pcie_xdma/inst/pcie4_ip_i/inst/xdma_0_pcie4_ip_gt_top_i/diablo_gt.diablo_gt_phy_wrapper/gt_wizard.gtwizard_top_i/xdma_0_pcie4_ip_gt_i/inst/gen_gtwizard_gtye4_top.xdma_0_pcie4_ip_gt_gtwizard_gtye4_inst/gen_gtwizard_gtye4.gen_cpll_cal_gtye4.gen_cpll_cal_inst[3].gen_inst_cpll_cal.gtwizard_ultrascale_v1_7_22_gtye4_cpll_cal_inst/gtwizard_ultrascale_v1_7_22_gtye4_cpll_cal_tx_i/U_TXOUTCLK_FREQ_COUNTER/testclk_cnt_reg[0]/C
                         clock pessimism              0.063     8.585    
                         clock uncertainty           -0.046     8.538    
    SLICE_X110Y32        FDCE (Recov_AFF_SLICEM_C_CLR)
                                                     -0.072     8.466    u_pcie_xdma/inst/pcie4_ip_i/inst/xdma_0_pcie4_ip_gt_top_i/diablo_gt.diablo_gt_phy_wrapper/gt_wizard.gtwizard_top_i/xdma_0_pcie4_ip_gt_i/inst/gen_gtwizard_gtye4_top.xdma_0_pcie4_ip_gt_gtwizard_gtye4_inst/gen_gtwizard_gtye4.gen_cpll_cal_gtye4.gen_cpll_cal_inst[3].gen_inst_cpll_cal.gtwizard_ultrascale_v1_7_22_gtye4_cpll_cal_inst/gtwizard_ultrascale_v1_7_22_gtye4_cpll_cal_tx_i/U_TXOUTCLK_FREQ_COUNTER/testclk_cnt_reg[0]
  -------------------------------------------------------------------
                         required time                          8.466    
                         arrival time                          -1.292    
  -------------------------------------------------------------------
                         slack                                  7.174    





Min Delay Paths
--------------------------------------------------------------------------------------
Slack (MET) :             0.176ns  (arrival time - required time)
  Source:                 u_pcie_xdma/inst/pcie4_ip_i/inst/xdma_0_pcie4_ip_gt_top_i/diablo_gt.diablo_gt_phy_wrapper/gt_wizard.gtwizard_top_i/xdma_0_pcie4_ip_gt_i/inst/gen_gtwizard_gtye4_top.xdma_0_pcie4_ip_gt_gtwizard_gtye4_inst/gen_gtwizard_gtye4.gen_cpll_cal_gtye4.gen_cpll_cal_inst[3].gen_inst_cpll_cal.gtwizard_ultrascale_v1_7_22_gtye4_cpll_cal_inst/gtwizard_ultrascale_v1_7_22_gtye4_cpll_cal_tx_i/U_TXOUTCLK_FREQ_COUNTER/reset_synchronizer_testclk_rst_inst/rst_in_out_reg/C
                            (rising edge-triggered cell FDPE clocked by u_pcie_xdma/inst/pcie4_ip_i/inst/xdma_0_pcie4_ip_gt_top_i/diablo_gt.diablo_gt_phy_wrapper/gt_wizard.gtwizard_top_i/xdma_0_pcie4_ip_gt_i/inst/gen_gtwizard_gtye4_top.xdma_0_pcie4_ip_gt_gtwizard_gtye4_inst/gen_gtwizard_gtye4.gen_cpll_cal_gtye4.gen_cpll_cal_inst[3].gen_inst_cpll_cal.gtwizard_ultrascale_v1_7_22_gtye4_cpll_cal_inst/gtwizard_ultrascale_v1_7_22_gtye4_cpll_cal_tx_i/bufg_gt_txoutclkmon_inst/O  {rise@0.000ns fall@4.000ns period=8.000ns})
  Destination:            u_pcie_xdma/inst/pcie4_ip_i/inst/xdma_0_pcie4_ip_gt_top_i/diablo_gt.diablo_gt_phy_wrapper/gt_wizard.gtwizard_top_i/xdma_0_pcie4_ip_gt_i/inst/gen_gtwizard_gtye4_top.xdma_0_pcie4_ip_gt_gtwizard_gtye4_inst/gen_gtwizard_gtye4.gen_cpll_cal_gtye4.gen_cpll_cal_inst[3].gen_inst_cpll_cal.gtwizard_ultrascale_v1_7_22_gtye4_cpll_cal_inst/gtwizard_ultrascale_v1_7_22_gtye4_cpll_cal_tx_i/U_TXOUTCLK_FREQ_COUNTER/testclk_cnt_reg[10]/CLR
                            (removal check against rising-edge clock u_pcie_xdma/inst/pcie4_ip_i/inst/xdma_0_pcie4_ip_gt_top_i/diablo_gt.diablo_gt_phy_wrapper/gt_wizard.gtwizard_top_i/xdma_0_pcie4_ip_gt_i/inst/gen_gtwizard_gtye4_top.xdma_0_pcie4_ip_gt_gtwizard_gtye4_inst/gen_gtwizard_gtye4.gen_cpll_cal_gtye4.gen_cpll_cal_inst[3].gen_inst_cpll_cal.gtwizard_ultrascale_v1_7_22_gtye4_cpll_cal_inst/gtwizard_ultrascale_v1_7_22_gtye4_cpll_cal_tx_i/bufg_gt_txoutclkmon_inst/O  {rise@0.000ns fall@4.000ns period=8.000ns})
  Path Group:             **async_default**
  Path Type:              Removal (Min at Fast Process Corner)
  Requirement:            0.000ns  (u_pcie_xdma/inst/pcie4_ip_i/inst/xdma_0_pcie4_ip_gt_top_i/diablo_gt.diablo_gt_phy_wrapper/gt_wizard.gtwizard_top_i/xdma_0_pcie4_ip_gt_i/inst/gen_gtwizard_gtye4_top.xdma_0_pcie4_ip_gt_gtwizard_gtye4_inst/gen_gtwizard_gtye4.gen_cpll_cal_gtye4.gen_cpll_cal_inst[3].gen_inst_cpll_cal.gtwizard_ultrascale_v1_7_22_gtye4_cpll_cal_inst/gtwizard_ultrascale_v1_7_22_gtye4_cpll_cal_tx_i/bufg_gt_txoutclkmon_inst/O rise@0.000ns - u_pcie_xdma/inst/pcie4_ip_i/inst/xdma_0_pcie4_ip_gt_top_i/diablo_gt.diablo_gt_phy_wrapper/gt_wizard.gtwizard_top_i/xdma_0_pcie4_ip_gt_i/inst/gen_gtwizard_gtye4_top.xdma_0_pcie4_ip_gt_gtwizard_gtye4_inst/gen_gtwizard_gtye4.gen_cpll_cal_gtye4.gen_cpll_cal_inst[3].gen_inst_cpll_cal.gtwizard_ultrascale_v1_7_22_gtye4_cpll_cal_inst/gtwizard_ultrascale_v1_7_22_gtye4_cpll_cal_tx_i/bufg_gt_txoutclkmon_inst/O rise@0.000ns)
  Data Path Delay:        0.183ns  (logic 0.038ns (20.790%)  route 0.145ns (79.210%))
  Logic Levels:           0  
  Clock Path Skew:        0.026ns (DCD - SCD - CPR)
    Destination Clock Delay (DCD):    0.369ns
    Source Clock Delay      (SCD):    0.314ns
    Clock Pessimism Removal (CPR):    0.029ns
  Clock Net Delay (Source):      0.314ns (routing 0.001ns, distribution 0.313ns)
  Clock Net Delay (Destination): 0.369ns (routing 0.001ns, distribution 0.368ns)

    Location             Delay type                Incr(ns)  Path(ns)    Netlist Resource(s)
  -------------------------------------------------------------------    -------------------
                         (clock u_pcie_xdma/inst/pcie4_ip_i/inst/xdma_0_pcie4_ip_gt_top_i/diablo_gt.diablo_gt_phy_wrapper/gt_wizard.gtwizard_top_i/xdma_0_pcie4_ip_gt_i/inst/gen_gtwizard_gtye4_top.xdma_0_pcie4_ip_gt_gtwizard_gtye4_inst/gen_gtwizard_gtye4.gen_cpll_cal_gtye4.gen_cpll_cal_inst[3].gen_inst_cpll_cal.gtwizard_ultrascale_v1_7_22_gtye4_cpll_cal_inst/gtwizard_ultrascale_v1_7_22_gtye4_cpll_cal_tx_i/bufg_gt_txoutclkmon_inst/O rise edge)
                                                      0.000     0.000 r  
    BUFG_GT_X0Y19        BUFG_GT                      0.000     0.000 r  u_pcie_xdma/inst/pcie4_ip_i/inst/xdma_0_pcie4_ip_gt_top_i/diablo_gt.diablo_gt_phy_wrapper/gt_wizard.gtwizard_top_i/xdma_0_pcie4_ip_gt_i/inst/gen_gtwizard_gtye4_top.xdma_0_pcie4_ip_gt_gtwizard_gtye4_inst/gen_gtwizard_gtye4.gen_cpll_cal_gtye4.gen_cpll_cal_inst[3].gen_inst_cpll_cal.gtwizard_ultrascale_v1_7_22_gtye4_cpll_cal_inst/gtwizard_ultrascale_v1_7_22_gtye4_cpll_cal_tx_i/bufg_gt_txoutclkmon_inst/O
    X3Y0 (CLOCK_ROOT)    net (fo=31, routed)          0.314     0.314    u_pcie_xdma/inst/pcie4_ip_i/inst/xdma_0_pcie4_ip_gt_top_i/diablo_gt.diablo_gt_phy_wrapper/gt_wizard.gtwizard_top_i/xdma_0_pcie4_ip_gt_i/inst/gen_gtwizard_gtye4_top.xdma_0_pcie4_ip_gt_gtwizard_gtye4_inst/gen_gtwizard_gtye4.gen_cpll_cal_gtye4.gen_cpll_cal_inst[3].gen_inst_cpll_cal.gtwizard_ultrascale_v1_7_22_gtye4_cpll_cal_inst/gtwizard_ultrascale_v1_7_22_gtye4_cpll_cal_tx_i/U_TXOUTCLK_FREQ_COUNTER/reset_synchronizer_testclk_rst_inst/txoutclkmon
    SLICE_X110Y37        FDPE                                         r  u_pcie_xdma/inst/pcie4_ip_i/inst/xdma_0_pcie4_ip_gt_top_i/diablo_gt.diablo_gt_phy_wrapper/gt_wizard.gtwizard_top_i/xdma_0_pcie4_ip_gt_i/inst/gen_gtwizard_gtye4_top.xdma_0_pcie4_ip_gt_gtwizard_gtye4_inst/gen_gtwizard_gtye4.gen_cpll_cal_gtye4.gen_cpll_cal_inst[3].gen_inst_cpll_cal.gtwizard_ultrascale_v1_7_22_gtye4_cpll_cal_inst/gtwizard_ultrascale_v1_7_22_gtye4_cpll_cal_tx_i/U_TXOUTCLK_FREQ_COUNTER/reset_synchronizer_testclk_rst_inst/rst_in_out_reg/C
  -------------------------------------------------------------------    -------------------
    SLICE_X110Y37        FDPE (Prop_EFF_SLICEM_C_Q)
                                                      0.038     0.352 f  u_pcie_xdma/inst/pcie4_ip_i/inst/xdma_0_pcie4_ip_gt_top_i/diablo_gt.diablo_gt_phy_wrapper/gt_wizard.gtwizard_top_i/xdma_0_pcie4_ip_gt_i/inst/gen_gtwizard_gtye4_top.xdma_0_pcie4_ip_gt_gtwizard_gtye4_inst/gen_gtwizard_gtye4.gen_cpll_cal_gtye4.gen_cpll_cal_inst[3].gen_inst_cpll_cal.gtwizard_ultrascale_v1_7_22_gtye4_cpll_cal_inst/gtwizard_ultrascale_v1_7_22_gtye4_cpll_cal_tx_i/U_TXOUTCLK_FREQ_COUNTER/reset_synchronizer_testclk_rst_inst/rst_in_out_reg/Q
                         net (fo=18, routed)          0.145     0.496    u_pcie_xdma/inst/pcie4_ip_i/inst/xdma_0_pcie4_ip_gt_top_i/diablo_gt.diablo_gt_phy_wrapper/gt_wizard.gtwizard_top_i/xdma_0_pcie4_ip_gt_i/inst/gen_gtwizard_gtye4_top.xdma_0_pcie4_ip_gt_gtwizard_gtye4_inst/gen_gtwizard_gtye4.gen_cpll_cal_gtye4.gen_cpll_cal_inst[3].gen_inst_cpll_cal.gtwizard_ultrascale_v1_7_22_gtye4_cpll_cal_inst/gtwizard_ultrascale_v1_7_22_gtye4_cpll_cal_tx_i/U_TXOUTCLK_FREQ_COUNTER/rst_in_out
    SLICE_X110Y33        FDCE                                         f  u_pcie_xdma/inst/pcie4_ip_i/inst/xdma_0_pcie4_ip_gt_top_i/diablo_gt.diablo_gt_phy_wrapper/gt_wizard.gtwizard_top_i/xdma_0_pcie4_ip_gt_i/inst/gen_gtwizard_gtye4_top.xdma_0_pcie4_ip_gt_gtwizard_gtye4_inst/gen_gtwizard_gtye4.gen_cpll_cal_gtye4.gen_cpll_cal_inst[3].gen_inst_cpll_cal.gtwizard_ultrascale_v1_7_22_gtye4_cpll_cal_inst/gtwizard_ultrascale_v1_7_22_gtye4_cpll_cal_tx_i/U_TXOUTCLK_FREQ_COUNTER/testclk_cnt_reg[10]/CLR
  -------------------------------------------------------------------    -------------------

                         (clock u_pcie_xdma/inst/pcie4_ip_i/inst/xdma_0_pcie4_ip_gt_top_i/diablo_gt.diablo_gt_phy_wrapper/gt_wizard.gtwizard_top_i/xdma_0_pcie4_ip_gt_i/inst/gen_gtwizard_gtye4_top.xdma_0_pcie4_ip_gt_gtwizard_gtye4_inst/gen_gtwizard_gtye4.gen_cpll_cal_gtye4.gen_cpll_cal_inst[3].gen_inst_cpll_cal.gtwizard_ultrascale_v1_7_22_gtye4_cpll_cal_inst/gtwizard_ultrascale_v1_7_22_gtye4_cpll_cal_tx_i/bufg_gt_txoutclkmon_inst/O rise edge)
                                                      0.000     0.000 r  
    BUFG_GT_X0Y19        BUFG_GT                      0.000     0.000 r  u_pcie_xdma/inst/pcie4_ip_i/inst/xdma_0_pcie4_ip_gt_top_i/diablo_gt.diablo_gt_phy_wrapper/gt_wizard.gtwizard_top_i/xdma_0_pcie4_ip_gt_i/inst/gen_gtwizard_gtye4_top.xdma_0_pcie4_ip_gt_gtwizard_gtye4_inst/gen_gtwizard_gtye4.gen_cpll_cal_gtye4.gen_cpll_cal_inst[3].gen_inst_cpll_cal.gtwizard_ultrascale_v1_7_22_gtye4_cpll_cal_inst/gtwizard_ultrascale_v1_7_22_gtye4_cpll_cal_tx_i/bufg_gt_txoutclkmon_inst/O
    X3Y0 (CLOCK_ROOT)    net (fo=31, routed)          0.369     0.369    u_pcie_xdma/inst/pcie4_ip_i/inst/xdma_0_pcie4_ip_gt_top_i/diablo_gt.diablo_gt_phy_wrapper/gt_wizard.gtwizard_top_i/xdma_0_pcie4_ip_gt_i/inst/gen_gtwizard_gtye4_top.xdma_0_pcie4_ip_gt_gtwizard_gtye4_inst/gen_gtwizard_gtye4.gen_cpll_cal_gtye4.gen_cpll_cal_inst[3].gen_inst_cpll_cal.gtwizard_ultrascale_v1_7_22_gtye4_cpll_cal_inst/gtwizard_ultrascale_v1_7_22_gtye4_cpll_cal_tx_i/U_TXOUTCLK_FREQ_COUNTER/txoutclkmon
    SLICE_X110Y33        FDCE                                         r  u_pcie_xdma/inst/pcie4_ip_i/inst/xdma_0_pcie4_ip_gt_top_i/diablo_gt.diablo_gt_phy_wrapper/gt_wizard.gtwizard_top_i/xdma_0_pcie4_ip_gt_i/inst/gen_gtwizard_gtye4_top.xdma_0_pcie4_ip_gt_gtwizard_gtye4_inst/gen_gtwizard_gtye4.gen_cpll_cal_gtye4.gen_cpll_cal_inst[3].gen_inst_cpll_cal.gtwizard_ultrascale_v1_7_22_gtye4_cpll_cal_inst/gtwizard_ultrascale_v1_7_22_gtye4_cpll_cal_tx_i/U_TXOUTCLK_FREQ_COUNTER/testclk_cnt_reg[10]/C
                         clock pessimism             -0.029     0.340    
    SLICE_X110Y33        FDCE (Remov_CFF_SLICEM_C_CLR)
                                                     -0.020     0.320    u_pcie_xdma/inst/pcie4_ip_i/inst/xdma_0_pcie4_ip_gt_top_i/diablo_gt.diablo_gt_phy_wrapper/gt_wizard.gtwizard_top_i/xdma_0_pcie4_ip_gt_i/inst/gen_gtwizard_gtye4_top.xdma_0_pcie4_ip_gt_gtwizard_gtye4_inst/gen_gtwizard_gtye4.gen_cpll_cal_gtye4.gen_cpll_cal_inst[3].gen_inst_cpll_cal.gtwizard_ultrascale_v1_7_22_gtye4_cpll_cal_inst/gtwizard_ultrascale_v1_7_22_gtye4_cpll_cal_tx_i/U_TXOUTCLK_FREQ_COUNTER/testclk_cnt_reg[10]
  -------------------------------------------------------------------
                         required time                         -0.320    
                         arrival time                           0.496    
  -------------------------------------------------------------------
                         slack                                  0.176    





