t,ack,win_raw,redge_est
11.29701,4210094993,4210045841,49152
11.297875,4210089989,4210047301,42688
11.29789,4210091449,4210048761,42688
11.29789,4210092909,4210050221,42688
11.29789,4210094369,4210051681,42688
11.29789,4210095829,4210053141,42688
11.297901,4210093865,4210054601,39264
11.297912,4210095325,4210056061,39264
11.297912,4210096785,4210057521,39264
11.297912,4210098245,4210058981,39264
11.297912,4210099705,4210060441,39264
11.297927,4210092677,4210061901,30776
11.297936,4210094137,4210063361,30776
11.297936,4210095597,4210064821,30776
11.297936,4210097057,4210066281,30776
11.297936,4210098517,4210067741,30776
11.297936,4210099977,4210069201,30776
11.297936,4210101437,4210070661,30776
11.297936,4210102897,4210072121,30776
11.297992,4210106637,4210073581,33056
11.297999,4210108097,4210075041,33056
11.297999,4210109557,4210076501,33056
11.297999,4210111017,4210077961,33056
11.297999,4210112477,4210079421,33056
11.298008,4210102105,4210080881,21224
11.298008,4210103565,4210082341,21224
11.298008,4210105025,4210083801,21224
11.298008,4210106485,4210085261,21224
11.298008,4210107945,4210086721,21224
11.298008,4210109405,4210088181,21224
11.298008,4210110865,4210089641,21224
11.298017,4210112325,4210091101,21224
11.298017,4210113785,4210092561,21224
11.298123,4210127197,4210094021,33176
11.29813,4210128657,4210095481,33176
11.29813,4210130117,4210096941,33176
11.298138,4210117841,4210098401,19440
11.298138,4210119301,4210099861,19440
11.298138,4210120761,4210101321,19440
11.298138,4210122221,4210102781,19440
11.298138,4210123681,4210104241,19440
11.298138,4210125141,4210105701,19440
11.298138,4210126601,4210107161,19440
11.298148,4210127597,4210108621,18976
11.298148,4210129057,4210110081,18976
11.298148,4210130517,4210111541,18976
11.298148,4210131977,4210113001,18976
11.298255,4210136141,4210114461,21680
11.298255,4210137601,4210115921,21680
11.298255,4210139061,4210117381,21680
11.298255,4210140521,4210118841,21680
11.298255,4210141981,4210120301,21680
11.298255,4210143441,4210121761,21680
11.298255,4210144901,4210123221,21680
11.298268,4210146361,4210124681,21680
11.298268,4210147821,4210126141,21680
11.298268,4210149281,4210127601,21680
11.298268,4210145565,4210129061,16504
11.298276,4210147025,4210130521,16504
11.298276,4210148485,4210131981,16504
11.298276,4210149945,4210133441,16504
11.29837,4210165645,4210134901,30744
11.298386,4210153281,4210136361,16920
11.298386,4210154741,4210137821,16920
11.298386,4210156201,4210139281,16920
11.298386,4210157661,4210140741,16920
11.298386,4210159121,4210142201,16920
11.298386,4210158917,4210143661,15256
11.298386,4210160377,4210145121,15256
11.298415,4210161837,4210146581,15256
11.298415,4210163297,4210148041,15256
11.298415,4210164757,4210149501,15256
11.298415,4210166217,4210150961,15256
11.298415,4210166677,4210152421,14256
11.298415,4210168137,4210153881,14256
11.298501,4210181405,4210155341,26064
11.298506,4210182865,4210156801,26064
11.298516,4210170589,4210158261,12328
11.298516,4210172049,4210159721,12328
11.298516,4210173509,4210161181,12328
11.298516,4210174969,4210162641,12328
11.298516,4210176429,4210164101,12328
11.298516,4210177889,4210165561,12328
11.298516,4210179349,4210167021,12328
11.298529,4210180809,4210168481,12328
11.298529,4210182269,4210169941,12328
11.298529,4210183729,4210171401,12328
11.298529,4210185189,4210172861,12328
11.298529,4210186105,4210174321,11784
11.298631,4210195757,4210175781,19976
11.298639,4210197217,4210177241,19976
11.298639,4210196925,4210178701,18224
11.298639,4210198385,4210180161,18224
11.298639,4210199845,4210181621,18224
11.298648,4210190785,4210183081,7704
11.298648,4210192245,4210184541,7704
11.298648,4210193705,4210186001,7704
11.298648,4210195165,4210187461,7704
11.298648,4210196625,4210188921,7704
11.298648,4210198085,4210190381,7704
11.298648,4210199545,4210191841,7704
11.298655,4210201005,4210193301,7704
11.298655,4210202465,4210194761,7704
11.298761,4210211189,4210196221,14968
11.29877,4210212649,4210197681,14968
11.29877,4210214109,4210199141,14968
11.29877,4210215569,4210200601,14968
11.29877,4210217029,4210202061,14968
11.29877,4210218489,4210203521,14968
11.29877,4210219949,4210204981,14968
11.298781,4210213689,4210206441,7248
11.298781,4210215149,4210207901,7248
11.298781,4210216609,4210209361,7248
11.298781,4210218069,4210210821,7248
11.298781,4210219761,4210212281,7480
11.298781,4210220673,4210213193,7480
11.298879,4210225701,4210214653,11048
11.298889,4210227161,4210216113,11048
11.298889,4210228621,4210217573,11048
11.298889,4210230081,4210219033,11048
11.298889,4210231541,4210220493,11048
11.298889,4210233001,4210221953,11048
11.298889,4210234461,4210223413,11048
11.298889,4210235009,4210223961,11048
11.298944,4210236413,4210225421,10992
11.298951,4210237873,4210226881,10992
11.298951,4210237597,4210228341,9256
11.298951,4210239057,4210229801,9256
11.298951,4210240517,4210231261,9256
11.298951,4210241977,4210232721,9256
11.298951,4210243437,4210234181,9256
11.298961,4210242905,4210235641,7264
11.298961,4210244365,4210237101,7264
11.298961,4210245825,4210238561,7264
11.298961,4210245921,4210238657,7264
11.299036,4210255109,4210240117,14992
11.299042,4210256569,4210241577,14992
11.299042,4210258029,4210243037,14992
11.299048,4210251537,4210244497,7040
11.299055,4210252997,4210245957,7040
11.299055,4210254457,4210247417,7040
11.299055,4210255917,4210248877,7040
11.299055,4210257377,4210250337,7040
11.299055,4210258665,4210251393,7272
11.299114,4210261949,4210252853,9096
11.299122,4210263409,4210254313,9096
11.299122,4210264869,4210255773,9096
11.299122,4210266329,4210257233,9096
11.299122,4210267789,4210258693,9096
11.299129,4210267417,4210260153,7264
11.299129,4210268877,4210261613,7264
11.299129,4210269345,4210262081,7264
11.299179,4210273341,4210263541,9800
11.299184,4210274801,4210265001,9800
11.299185,4210276261,4210266461,9800
11.299192,4210273361,4210267921,5440
11.2992,4210274821,4210269381,5440
11.2992,4210276281,4210270841,5440
11.2992,4210277741,4210272301,5440
11.2992,4210278441,4210273001,5440
11.299244,4210284405,4210274461,9944
11.29925,4210285865,4210275921,9944
11.299257,4210282829,4210277381,5448
11.299265,4210284289,4210278841,5448
11.299265,4210285749,4210280301,5448
11.299265,4210287209,4210281761,5448
11.299265,4210287537,4210282089,5448
11.299309,4210288773,4210283549,5224
11.299317,4210290233,4210285009,5224
11.299317,4210291693,4210286469,5224
11.299317,4210293385,4210287929,5456
11.299317,4210294825,4210289369,5456
11.299349,4210296637,4210290829,5808
11.299354,4210298097,4210292289,5808
11.299355,4210299557,4210293749,5808
11.299355,4210301017,4210295209,5808
11.299361,4210301873,4210296649,5224
11.299409,4210303573,4210298109,5464
11.299409,4210305033,4210299569,5464
11.299409,4210306493,4210301029,5464
11.299409,4210307337,4210301873,5464
11.299427,4210309517,4210303333,6184
11.299443,4210310977,4210304793,6184
11.299453,4210313541,4210306253,7288
11.299458,4210314625,4210307337,7288
11.299467,4210314981,4210308797,6184
11.299473,4210316441,4210310257,6184
11.299478,4210315349,4210311717,3632
11.299483,4210316809,4210313177,3632
11.299483,4210318257,4210314625,3632
11.299505,4210319869,4210316085,3784
11.299509,4210321329,4210317545,3784
11.299509,4210322041,4210318257,3784
11.299531,4210323221,4210319717,3504
11.299535,4210324681,4210321177,3504
11.299535,4210325545,4210322041,3504
11.299557,4210327141,4210323501,3640
11.299566,4210328601,4210324961,3640
11.299566,4210329185,4210325545,3640
11.299583,4210330645,4210327005,3640
11.299588,4210332105,4210328465,3640
11.299588,4210332825,4210329185,3640
11.299596,4210334645,4210330645,4000
11.29961,4210335745,4210332105,3640
11.299616,4210336465,4210332825,3640
11.299622,4210338061,4210334285,3776
11.299635,4210339153,4210335745,3408
11.299639,4210339873,4210336465,3408
11.299649,4210341701,4210337925,3776
11.299661,4210342977,4210339385,3592
11.299669,4210343465,4210339873,3592
11.299669,4210344925,4210341333,3592
11.299678,4210345337,4210342793,2544
11.299688,4210346477,4210344253,2224
11.299696,4210347149,4210344925,2224
11.299701,4210348977,4210346385,2592
11.299714,4210349661,4210347845,1816
11.299719,4210350793,4210348977,1816
11.29974,4210354077,4210350437,3640
11.299747,4210354433,4210350793,3640
11.299753,4210356253,4210352253,4000
11.299766,4210357361,4210353713,3648
11.299773,4210358081,4210354433,3648
11.29978,4210358437,4210355893,2544
11.299784,4210359897,4210357353,2544
11.299804,4210362453,4210358813,3640
11.29981,4210363537,4210359897,3640
11.299818,4210365357,4210361357,4000
11.299831,4210366457,4210362817,3640
11.299837,4210367177,4210363537,3640
11.299844,4210367533,4210364997,2536
11.299848,4210368993,4210366457,2536
11.299857,4210370941,4210367917,3024
11.29987,4210371169,4210368993,2176
11.299873,4210372629,4210370453,2176
11.299896,4210375553,4210371913,3640
11.299903,4210376269,4210372629,3640
11.299909,4210378089,4210374089,4000
11.299922,4210378957,4210375549,3408
11.299927,4210379909,4210376269,3640
11.299935,4210381497,4210377729,3768
11.29995,4210381133,4210379189,1944
11.29995,4210381853,4210379909,1944
11.29995,4210383313,4210381369,1944
11.299974,4210386469,4210382829,3640
11.299981,4210386953,4210383313,3640
11.299988,4210388773,4210384773,4000
11.3,4210389873,4210386233,3640
11.300005,4210390593,4210386953,3640
11.300013,4210391653,4210388413,3240
11.30002,4210393113,4210389873,3240
11.300029,4210393909,4210391333,2576
11.300029,4210394229,4210391653,2576
11.300039,4210396049,4210393113,2936
11.300052,4210397797,4210394573,3224
11.300057,4210399257,4210396033,3224
11.300057,4210399273,4210396049,3224
11.300079,4210399749,4210397509,2240
11.300086,4210401209,4210398969,2240
11.300087,4210401513,4210399273,2240
11.300104,4210405157,4210400733,4424
11.30012,4210405833,4210402193,3640
11.30012,4210406977,4210403337,3640
11.300131,4210408797,4210404797,4000
11.300144,4210409897,4210406257,3640
11.300148,4210410617,4210406977,3640
11.300157,4210410973,4210408437,2536
11.300161,4210412433,4210409897,2536
11.300183,4210414997,4210411357,3640
11.300189,4210416073,4210412433,3640
11.300196,4210417893,4210413893,4000
11.300209,4210419001,4210415353,3648
11.300216,4210419721,4210416073,3648
11.300223,4210420077,4210417533,2544
11.300223,4210421537,4210418993,2544
11.300235,4210422877,4210420453,2424
11.300248,4210424953,4210421537,3416
11.300261,4210426117,4210422997,3120
11.300266,4210427577,4210424457,3120
11.300266,4210426993,4210424953,2040
11.300287,4210429821,4210426413,3408
11.300293,4210430401,4210426993,3408
11.3003,4210432229,4210428453,3776
11.300313,4210433409,4210429913,3496
11.30032,4210433897,4210430401,3496
11.30032,4210435357,4210431861,3496
11.300328,4210435865,4210433321,2544
11.300339,4210437109,4210434781,2328
11.300345,4210437685,4210435357,2328
11.300352,4210439505,4210436817,2688
11.300378,4210441917,4210438277,3640
11.300385,4210443145,4210439505,3640
11.300391,4210444965,4210440965,4000
11.300416,4210446073,4210442425,3648
11.300416,4210446793,4210443145,3648
11.300425,4210448613,4210444605,4008
11.300443,4210450433,4210446065,4368
11.300457,4210451525,4210447525,4000
11.300464,4210452613,4210448613,4000
11.300464,4210454073,4210450073,4000
11.300471,4210455893,4210451533,4360
11.300485,4210456633,4210452993,3640
11.300485,4210457713,4210454073,3640
11.300496,4210459533,4210455533,4000
11.300509,4210460633,4210456993,3640
11.300513,4210461353,4210457713,3640
11.300522,4210461709,4210459173,2536
11.300526,4210463169,4210460633,2536
11.300548,4210465509,4210462093,3416
11.300556,4210466585,4210463169,3416
11.300563,4210468405,4210464629,3776
11.300576,4210469729,4210466089,3640
11.300576,4210470225,4210466585,3640
11.300588,4210472045,4210468045,4000
11.3006,4210473145,4210469505,3640
11.300605,4210473865,4210470225,3640
11.300613,4210475181,4210471685,3496
11.300621,4210476641,4210473145,3496
11.300627,4210476933,4210474605,2328
11.300633,4210477509,4210475181,2328
11.300639,4210479329,4210476641,2688
11.300653,4210479917,4210478101,1816
11.300657,4210481145,4210479329,1816
11.300678,4210484429,4210480789,3640
11.300684,4210484785,4210481145,3640
11.300691,4210486605,4210482605,4000
11.300704,4210487705,4210484065,3640
11.300711,4210488425,4210484785,3640
11.300718,4210488781,4210486245,2536
11.300722,4210490241,4210487705,2536
11.30073,4210492709,4210489165,3544
11.300744,4210492417,4210490241,2176
11.300749,4210493877,4210491701,2176
11.30077,4210496801,4210493161,3640
11.300775,4210497517,4210493877,3640
11.300782,4210499337,4210495337,4000
11.300796,4210500437,4210496797,3640
11.300802,4210501157,4210497517,3640
11.30081,4210501513,4210498977,2536
11.30081,4210502973,4210500437,2536
11.300822,4210504257,4210501897,2360
11.300835,4210506613,4210502973,3640
11.300847,4210508217,4210504433,3784
11.300852,4210508005,4210505893,2112
11.300861,4210510029,4210506613,3416
11.300874,4210511969,4210508073,3896
11.300879,4210513429,4210509533,3896
11.300888,4210513669,4210510029,3640
11.3009,4210514025,4210511489,2536
11.300906,4210515485,4210512949,2536
11.300926,4210518049,4210514409,3640
11.300933,4210519125,4210515485,3640
11.300939,4210520945,4210516945,4000
11.300952,4210522045,4210518405,3640
11.300959,4210522765,4210519125,3640
11.300966,4210523121,4210520585,2536
11.300971,4210524581,4210522045,2536
11.300991,4210527145,4210523505,3640
11.300998,4210528221,4210524581,3640
11.301004,4210530049,4210526041,4008
11.301017,4210531149,4210527501,3648
11.301024,4210531869,4210528221,3648
11.30103,4210532225,4210529681,2544
11.301035,4210533685,4210531141,2544
11.301057,4210536241,4210532601,3640
11.301065,4210537325,4210533685,3640
11.301069,4210539145,4210535145,4000
11.301082,4210540245,4210536605,3640
11.30109,4210540965,4210537325,3640
11.301097,4210542785,4210538785,4000
11.301108,4210543893,4210540245,3648
11.301113,4210544613,4210540965,3648
11.301121,4210546201,4210542425,3776
11.301134,4210547293,4210543885,3408
11.301139,4210548021,4210544613,3408
11.301147,4210549841,4210546073,3768
11.30116,4210549709,4210547533,2176
11.301165,4210550197,4210548021,2176
11.301165,4210551657,4210549481,2176
11.301187,4210554589,4210550941,3648
11.301193,4210555305,4210551657,3648
11.301199,4210557125,4210553117,4008
11.301213,4210558217,4210554577,3640
11.301217,4210558945,4210555305,3640
11.301226,4210560765,4210556765,4000
11.301233,4210562225,4210558225,4000
11.301239,4210561121,4210558945,2176
11.301245,4210562581,4210560405,2176
11.301252,4210564401,4210561865,2536
11.301267,4210565141,4210563325,1816
11.301267,4210566217,4210564401,1816
11.301278,4210568909,4210565861,3048
11.301284,4210569265,4210566217,3048
11.301291,4210569853,4210567677,2176
11.301304,4210571545,4210569137,2408
11.301312,4210571673,4210569265,2408
11.301317,4210573493,4210570725,2768
11.30133,4210574009,4210572185,1824
11.301335,4210575317,4210573493,1824
11.301356,4210578593,4210574953,3640
11.301362,4210578957,4210575317,3640
11.301369,4210580777,4210576777,4000
11.301382,4210581877,4210578237,3640
11.301389,4210582597,4210578957,3640
11.301408,4210582953,4210580417,2536
11.301408,4210584413,4210581877,2536
11.301422,4210588081,4210583337,4744
11.301444,4210588189,4210584413,3776
11.301444,4210589873,4210585873,4000
11.301454,4210592933,4210587333,5600
11.30146,4210592209,4210588793,3416
11.301469,4210593289,4210589873,3416
11.301474,4210593637,4210591333,2304
11.30148,4210595097,4210592793,2304
11.3015,4210597901,4210594253,3648
11.301507,4210598745,4210595097,3648
11.301512,4210600565,4210596557,4008
11.301526,4210601657,4210598017,3640
11.301531,4210602385,4210598745,3640
11.301539,4210604205,4210600205,4000
11.301551,4210605017,4210601665,3352
11.301558,4210605737,4210602385,3352
11.301558,4210607197,4210603845,3352
11.301578,4210607769,4210605305,2464
11.301583,4210608201,4210605737,2464
11.301583,4210609661,4210607197,2464
11.301604,4210612297,4210608657,3640
11.301611,4210613301,4210609661,3640
11.301617,4210615129,4210611121,4008
11.30163,4210616229,4210612581,3648
11.301634,4210616949,4210613301,3648
11.301643,4210617993,4210614761,3232
11.301648,4210619453,4210616221,3232
11.301657,4210620373,4210616949,3424
11.301669,4210620441,4210618409,2032
11.301674,4210621901,4210619869,2032
11.301674,4210622405,4210620373,2032
11.301695,4210626057,4210621833,4224
11.301708,4210627253,4210623293,3960
11.301713,4210627877,4210623917,3960
11.301721,4210628505,4210625377,3128
11.301726,4210629965,4210626837,3128
11.301734,4210631517,4210627877,3640
11.301747,4210630929,4210629337,1592
11.301752,4210632613,4210630797,1816
11.301752,4210633333,4210631517,1816
11.301774,4210636393,4210632977,3416
11.301778,4210636749,4210633333,3416
11.301799,4210638433,4210634793,3640
11.301808,4210639893,4210636253,3640
11.301808,4210640389,4210636749,3640
11.301816,4210642209,4210638209,4000
11.301826,4210644029,4210639669,4360
11.301839,4210644769,4210641129,3640
11.301844,4210645849,4210642209,3640
11.301844,4210647309,4210643669,3640
11.301865,4210647305,4210645129,2176
11.301869,4210648025,4210645849,2176
11.301869,4210649485,4210647309,2176
11.301891,4210652409,4210648769,3640
11.301898,4210653125,4210649485,3640
11.301904,4210654945,4210650945,4000
11.301917,4210656045,4210652405,3640
11.301923,4210656765,4210653125,3640
11.30193,4210657121,4210654585,2536
11.301935,4210658581,4210656045,2536
11.301956,4210661153,4210657505,3648
11.301963,4210662229,4210658581,3648
11.301969,4210664049,4210660041,4008
11.301982,4210665141,4210661501,3640
11.301987,4210665869,4210662229,3640
11.301995,4210667689,4210663689,4000
11.302008,4210667325,4210665149,2176
11.302013,4210668045,4210665869,2176
11.302013,4210669505,4210667329,2176
11.302034,4210672429,4210668789,3640
11.302041,4210673145,4210669505,3640
11.302047,4210674965,4210670965,4000
11.30206,4210675833,4210672425,3408
11.302065,4210676785,4210673145,3640
11.302073,4210678373,4210674605,3768
11.302086,4210679185,4210676065,3120
11.302091,4210679905,4210676785,3120
11.302091,4210681365,4210678245,3120
11.302113,4210682169,4210679705,2464
11.302119,4210682369,4210679905,2464
11.302119,4210683829,4210681365,2464
11.302138,4210686473,4210682825,3648
11.302144,4210687477,4210683829,3648
11.302152,4210689297,4210685289,4008
11.302164,4210690389,4210686749,3640
11.302169,4210691117,4210687477,3640
11.302178,4210692385,4210688937,3448
11.302183,4210693845,4210690397,3448
11.302192,4210694749,4210691117,3632
11.302204,4210694401,4210692577,1824
11.302209,4210695861,4210694037,1824
11.302209,4210696573,4210694749,1824
11.30223,4210699849,4210696209,3640
11.302236,4210700213,4210696573,3640
11.302243,4210702033,4210698033,4000
11.302255,4210703133,4210699493,3640
11.302258,4210703853,4210700213,3640
11.302269,4210704353,4210701673,2680
11.302274,4210705813,4210703133,2680
11.302274,4210706533,4210703853,2680
11.302295,4210709321,4210705313,4008
11.302308,4210710421,4210706773,3648
11.302312,4210711141,4210707493,3648
11.302321,4210712617,4210708953,3664
11.302334,4210712789,4210710413,2376
11.302339,4210713517,4210711141,2376
11.302339,4210714977,4210712601,2376
11.30236,4210717501,4210714061,3440
11.302367,4210718417,4210714977,3440
11.302373,4210720237,4210716437,3800
11.302386,4210721313,4210717897,3416
11.302393,4210721769,4210718417,3352
11.302415,4210723645,4210719877,3768
11.302415,4210725041,4210721337,3704
11.302415,4210725473,4210721769,3704
11.302441,4210726869,4210723229,3640
11.302441,4210728329,4210724689,3640
11.302441,4210729113,4210725473,3640
11.302464,4210730573,4210726933,3640
11.302472,4210732033,4210728393,3640
11.302472,4210732753,4210729113,3640
11.302479,4210734573,4210730573,4000
11.302495,4210735065,4210732033,3032
11.302495,4210736525,4210733493,3032
11.302495,4210737605,4210734573,3032
11.302517,4210738457,4210736033,2424
11.302522,4210739917,4210737493,2424
11.302522,4210740029,4210737605,2424
11.302542,4210743673,4210739065,4608
11.302558,4210744165,4210740525,3640
11.302558,4210745493,4210741853,3640
11.302569,4210747321,4210743313,4008
11.302582,4210748421,4210744773,3648
11.302587,4210749141,4210745493,3648
11.302595,4210749497,4210746953,2544
11.302599,4210750957,4210748413,2544
11.302608,4210752713,4210749873,2840
11.302621,4210753133,4210750957,2176
11.302625,4210754593,4210752417,2176
11.302635,4210756741,4210753877,2864
11.302648,4210756769,4210754593,2176
11.302652,4210758229,4210756053,2176
11.302673,4210760921,4210757513,3408
11.302679,4210761869,4210758229,3640
11.302686,4210763457,4210759689,3768
11.302699,4210764557,4210761149,3408
11.302703,4210765277,4210761869,3408
11.302712,4210767105,4210763329,3776
11.302725,4210768429,4210764789,3640
11.302732,4210768917,4210765277,3640
11.302738,4210769281,4210766737,2544
11.302743,4210770741,4210768197,2544
11.302751,4210774025,4210769657,4368
11.302764,4210771501,4210770741,760
11.302769,4210772961,4210772201,760
11.302769,4210774421,4210773661,760
11.302803,4210778761,4210775121,3640
11.30281,4210779837,4210776197,3640
11.302816,4210781657,4210777657,4000
11.30283,4210782757,4210779117,3640
11.302838,4210783477,4210779837,3640
11.302842,4210783833,4210781297,2536
11.302847,4210785293,4210782757,2536
11.302869,4210787857,4210784217,3640
11.302876,4210788933,4210785293,3640
11.302882,4210790753,4210786753,4000
11.302894,4210791853,4210788213,3640
11.302899,4210792573,4210788933,3640
11.302908,4210792929,4210790393,2536
11.302912,4210794389,4210791853,2536
11.302933,4210796953,4210793313,3640
11.30294,4210798029,4210794389,3640
11.302947,4210799849,4210795849,4000
11.30296,4210800717,4210797309,3408
11.302965,4210801669,4210798029,3640
11.302973,4210803265,4210799489,3776
11.302986,4210802901,4210800949,1952
11.302992,4210803621,4210801669,1952
11.302992,4210805313,4210803129,2184
11.303012,4210807997,4210804589,3408
11.303019,4210808721,4210805313,3408
11.303025,4210810549,4210806773,3776
11.303038,4210811825,4210808233,3592
11.303045,4210812313,4210808721,3592
11.303045,4210813773,4210810181,3592
11.303051,4210814185,4210811641,2544
11.303064,4210815333,4210813101,2232
11.303072,4210816005,4210813773,2232
11.303077,4210817825,4210815233,2592
11.30309,4210818509,4210816693,1816
11.303095,4210819641,4210817825,1816
11.303104,4210822437,4210819285,3152
11.30311,4210822793,4210819641,3152
11.303117,4210823277,4210821101,2176
11.303129,4210824865,4210822561,2304
11.303135,4210825097,4210822793,2304
11.303142,4210826917,4210824253,2664
11.303156,4210827529,4210825713,1816
11.30316,4210828733,4210826917,1816
11.303169,4210830785,4210828377,2408
11.303175,4210831141,4210828733,2408
11.303181,4210832369,4210830193,2176
11.303195,4210833469,4210831653,1816
11.3032,4210834185,4210832369,1816
11.30322,4210837477,4210833829,3648
11.303226,4210837833,4210834185,3648
11.303233,4210839653,4210835645,4008
11.303247,4210840745,4210837105,3640
11.303252,4210841473,4210837833,3640
11.30326,4210843141,4210839293,3848
11.303274,4210842929,4210840753,2176
11.303274,4210843649,4210841473,2176
11.303275,4210845109,4210842933,2176
11.303299,4210848033,4210844393,3640
11.303306,4210848749,4210845109,3640
11.303312,4210850345,4210846569,3776
11.303325,4210851445,4210848029,3416
11.303331,4210852165,4210848749,3416
11.303338,4210853985,4210850209,3776
11.303351,4210853845,4210851669,2176
11.303357,4210854341,4210852165,2176
11.303357,4210855801,4210853625,2176
11.303377,4210858725,4210855085,3640
11.303384,4210859441,4210855801,3640
11.30339,4210861261,4210857261,4000
11.303425,4210862361,4210858721,3640
11.303425,4210863081,4210859441,3640
11.303457,4210866725,4210860901,5824
11.303457,4210870377,4210862361,8016
11.303484,4210872933,4210863821,9112
11.303484,4210874017,4210864905,9112
11.303502,4210874373,4210866365,8008
11.303502,4210875833,4210867825,8008
11.303523,4210876197,4210869285,6912
11.303523,4210877657,4210870745,6912
11.30354,4210878901,4210872205,6696
11.30354,4210880585,4210873665,6920
11.30354,4210881293,4210874373,6920
11.303552,4210881657,4210875833,5824
11.303552,4210883117,4210877293,5824
11.303575,4210883993,4210878753,5240
11.303575,4210885453,4210880213,5240
11.303575,4210886757,4210881293,5464
11.3036,4210888713,4210882753,5960
11.303606,4210890173,4210884213,5960
11.303615,4210890905,4210885673,5232
11.303615,4210891989,4210886757,5232
11.303625,4210892345,4210888217,4128
11.303635,4210893805,4210889677,4128
11.303641,4210895985,4210891137,4848
11.303641,4210896837,4210891989,4848
11.303664,4210895865,4210893449,2416
11.303673,4210897325,4210894909,2416
11.303673,4210898785,4210896369,2416
11.303673,4210899253,4210896837,2416
11.30369,4210902897,4210898297,4600
11.303705,4210903613,4210899757,3856
11.303705,4210904933,4210901077,3856
11.303732,4210906537,4210902537,4000
11.303732,4210906897,4210902897,4000
11.303732,4210908357,4210904357,4000
11.303758,4210910465,4210905817,4648
11.303758,4210911925,4210907277,4648
11.30377,4210913821,4210908357,5464
11.303782,4210914185,4210909817,4368
11.303788,4210915645,4210911277,4368
11.303794,4210916377,4210912737,3640
11.303801,4210917461,4210913821,3640
11.30381,4210919281,4210915281,4000
11.303821,4210920381,4210916741,3640
11.303831,4210921101,4210917461,3640
11.303836,4210921521,4210918921,2600
11.303836,4210922981,4210920381,2600
11.303861,4210925193,4210921841,3352
11.303861,4210926565,4210922981,3584
11.303888,4210927849,4210924441,3408
11.303888,4210929309,4210925901,3408
11.303888,4210929973,4210926565,3408
11.303912,4210934913,4210928025,6888
11.303925,4210934837,4210929485,5352
11.303934,4210935325,4210929973,5352
11.303934,4210936785,4210931433,5352
11.303942,4210935789,4210932893,2896
11.303942,4210937249,4210934353,2896
11.303964,4210939925,4210935813,4112
11.303974,4210940897,4210936785,4112
11.303978,4210942717,4210938245,4472
11.30399,4210944537,4210939705,4832
11.304003,4210944805,4210941165,3640
11.304012,4210946265,4210942625,3640
11.304012,4210946357,4210942717,3640
11.304025,4210948177,4210944177,4000
11.304035,4210949997,4210945637,4360
11.304045,4210950737,4210947097,3640
11.304045,4210951817,4210948177,3640
11.304057,4210953637,4210949637,4000
11.304069,4210954737,4210951097,3640
11.304078,4210955457,4210951817,3640
11.304083,4210956221,4210953277,2944
11.304083,4210957681,4210954737,2944
11.304108,4210959429,4210956197,3232
11.304118,4210959453,4210956221,3232
11.304118,4210960913,4210957681,3232
11.304127,4210962733,4210959141,3592
11.304138,4210964241,4210960601,3640
11.304138,4210964553,4210960913,3640
11.304149,4210966373,4210962373,4000
11.30416,4210968193,4210963833,4360
11.304175,4210968709,4210965293,3416
11.304175,4210970013,4210966373,3640
11.304186,4210971609,4210967833,3776
11.304199,4210972709,4210969293,3416
11.304205,4210973429,4210970013,3416
11.304212,4210975249,4210971473,3776
11.304226,4210976573,4210972933,3640
11.304226,4210977069,4210973429,3640
11.304239,4210978889,4210974889,4000
11.304251,4210980709,4210976349,4360
11.304265,4210981449,4210977809,3640
11.304265,4210982529,4210978889,3640
11.30428,4210984349,4210980349,4000
11.304292,4210985457,4210981809,3648
11.304292,4210986177,4210982529,3648
11.304306,4210987997,4210983989,4008
11.30432,4210989817,4210985449,4368
11.304332,4210990549,4210986909,3640
11.304332,4210991637,4210987997,3640
11.304348,4210993457,4210989457,4000
11.30436,4210994557,4210990917,3640
11.30436,4210995277,4210991637,3640
11.304373,4210997097,4210993097,4000
11.304383,4210998917,4210994557,4360
11.30443,4210999657,4210996017,3640
11.30443,4211000737,4210997097,3640
11.304431,4211004381,4210998557,5824
11.304468,4211008905,4211000017,8888
11.304468,4211009625,4211000737,8888
11.304488,4211011445,4211002197,9248
11.304488,4211012905,4211003657,9248
11.304506,4211013621,4211005117,8504
11.304506,4211015081,4211006577,8504
11.30452,4211013485,4211008037,5448
11.30452,4211014945,4211009497,5448
11.30452,4211016405,4211010957,5448
11.30452,4211016893,4211011445,5448
11.304539,4211019073,4211012905,6168
11.304539,4211020533,4211014365,6168
11.304564,4211023105,4211015825,7280
11.304564,4211024173,4211016893,7280
11.304576,4211024529,4211018353,6176
11.304584,4211025989,4211019813,6176
11.30459,4211024905,4211021273,3632
11.304596,4211026365,4211022733,3632
11.304596,4211027805,4211024173,3632
11.304616,4211029433,4211025633,3800
11.304623,4211030893,4211027093,3800
11.304623,4211031605,4211027805,3800
11.304641,4211033625,4211029265,4360
11.304651,4211035085,4211030725,4360
11.304656,4211035817,4211032185,3632
11.304657,4211036901,4211033269,3632
11.304681,4211038369,4211034729,3640
11.304688,4211039829,4211036189,3640
11.304688,4211040541,4211036901,3640
11.304722,4211043601,4211038361,5240
11.304722,4211045061,4211039821,5240
11.304722,4211045781,4211040541,5240
11.304737,4211047601,4211042001,5600
11.304748,4211047957,4211043461,4496
11.304748,4211049417,4211044921,4496
11.304762,4211050013,4211046381,3632
11.304762,4211051233,4211047601,3632
11.304775,4211053053,4211049061,3992
11.304786,4211054161,4211050521,3640
11.304786,4211054873,4211051233,3640
11.304801,4211056693,4211052693,4000
11.304811,4211058513,4211054153,4360
11.304825,4211059253,4211055613,3640
11.304825,4211060333,4211056693,3640
11.304841,4211062153,4211058153,4000
11.304854,4211063253,4211059613,3640
11.304854,4211063973,4211060333,3640
11.304868,4211065793,4211061793,4000
11.304881,4211067621,4211063253,4368
11.304895,4211068361,4211064713,3648
11.304895,4211069441,4211065793,3648
11.304908,4211071261,4211067253,4008
11.304921,4211072353,4211068713,3640
11.304921,4211073081,4211069441,3640
11.304937,4211074901,4211070901,4000
11.304949,4211076001,4211072361,3640
11.304949,4211076721,4211073081,3640
11.304963,4211078541,4211074541,4000
11.304974,4211080361,4211076001,4360
11.304986,4211081101,4211077461,3640
11.304986,4211082181,4211078541,3640
11.304998,4211084001,4211080001,4000
11.305009,4211084877,4211081461,3416
11.305009,4211085821,4211082181,3640
11.305021,4211087409,4211083641,3768
11.305034,4211088517,4211085101,3416
11.305034,4211089237,4211085821,3416
11.305046,4211091049,4211087281,3768
11.30506,4211092325,4211088741,3584
11.30507,4211092821,4211089237,3584
11.30507,4211094281,4211090697,3584
11.305085,4211094437,4211092157,2280
11.305091,4211095897,4211093617,2280
11.305091,4211096561,4211094281,2280
11.305124,4211099693,4211095741,3952
11.305138,4211100513,4211096561,3952
11.305138,4211101973,4211098021,3952
11.305138,4211103905,4211099481,4424
11.305163,4211104941,4211100941,4000
11.305174,4211105973,4211101973,4000
11.305174,4211107433,4211103433,4000
11.305184,4211109253,4211104893,4360
11.305197,4211109993,4211106353,3640
11.305197,4211111073,4211107433,3640
11.305212,4211112893,4211108893,4000
11.305224,4211113993,4211110353,3640
11.305224,4211114713,4211111073,3640
11.305239,4211116533,4211112533,4000
11.30525,4211118353,4211113993,4360
11.305263,4211119093,4211115453,3640
11.305263,4211120173,4211116533,3640
11.305278,4211121993,4211117993,4000
11.30529,4211123757,4211119453,4304
11.305297,4211124293,4211120173,4120
11.305297,4211125633,4211121633,4000
11.305306,4211127373,4211123093,4280
11.30532,4211127961,4211124553,3408
11.305327,4211129041,4211125633,3408
11.305337,4211130869,4211127093,3776
11.305349,4211132193,4211128553,3640
11.305349,4211132681,4211129041,3640
11.305364,4211134509,4211130501,4008
11.305376,4211136321,4211131961,4360
11.305389,4211137061,4211133421,3640
11.305389,4211138149,4211134509,3640
11.30542,4211139969,4211135969,4000
11.305444,4211142893,4211137429,5464
11.305444,4211143613,4211138149,5464
11.305456,4211147257,4211139609,7648
11.305463,4211149077,4211141069,8008
11.305476,4211149809,4211142529,7280
11.305482,4211150893,4211143613,7280
11.305488,4211149785,4211145073,4712
11.305498,4211151245,4211146533,4712
11.305498,4211152705,4211147993,4712
11.305514,4211156013,4211149453,6560
11.305521,4211156345,4211149785,6560
11.305528,4211156701,4211151245,5456
11.305536,4211158161,4211152705,5456
11.305542,4211157797,4211154165,3632
11.305548,4211159257,4211155625,3632
11.305548,4211159977,4211156345,3632
11.305567,4211163397,4211157805,5592
11.30558,4211164505,4211159265,5240
11.305587,4211165217,4211159977,5240
11.305593,4211165565,4211161437,4128
11.305599,4211167025,4211162897,4128
11.305606,4211167989,4211164357,3632
11.305613,4211168849,4211165217,3632
11.305622,4211170661,4211166677,3984
11.305632,4211171777,4211168137,3640
11.305642,4211172489,4211168849,3640
11.305647,4211173981,4211170309,3672
11.305647,4211175441,4211171769,3672
11.305673,4211175733,4211173229,2504
11.305673,4211176485,4211173981,2504
11.305673,4211177945,4211175441,2504
11.305711,4211180901,4211176901,4000
11.305722,4211181945,4211177945,4000
11.305722,4211183405,4211179405,4000
11.305731,4211185225,4211180865,4360
11.305741,4211185965,4211182325,3640
11.305741,4211187045,4211183405,3640
11.305755,4211188865,4211184865,4000
11.305762,4211189965,4211186325,3640
11.305772,4211190685,4211187045,3640
11.305777,4211191361,4211188505,2856
11.305777,4211192821,4211189965,2856
11.305803,4211194745,4211191425,3320
11.305816,4211196141,4211192821,3320
11.305829,4211199793,4211194281,5512
11.305841,4211200981,4211195741,5240
11.305846,4211200861,4211196141,4720
11.305855,4211201737,4211197601,4136
11.305855,4211203429,4211199061,4368
11.305867,4211204681,4211200521,4160
11.305873,4211205245,4211200861,4384
11.30588,4211206833,4211202321,4512
11.305894,4211207189,4211203781,3408
11.305894,4211208649,4211205241,3408
11.305894,4211208877,4211205245,3632
11.30591,4211210465,4211206705,3760
11.305921,4211212293,4211208165,4128
11.305935,4211213273,4211209625,3648
11.305935,4211214113,4211210465,3648
11.305946,4211215933,4211211925,4008
11.30596,4211217025,4211213385,3640
11.30596,4211217753,4211214113,3640
11.305971,4211219573,4211215573,4000
11.305985,4211220385,4211217033,3352
11.305986,4211221105,4211217753,3352
11.305986,4211222565,4211219213,3352
11.306011,4211223137,4211220673,2464
11.306017,4211223569,4211221105,2464
11.306017,4211225029,4211222565,2464
11.306036,4211227673,4211224025,3648
11.306042,4211228677,4211225029,3648
11.306063,4211231073,4211226489,4584
11.306063,4211232533,4211227949,4584
11.306082,4211234141,4211228677,5464
11.306093,4211234497,4211230137,4360
11.306093,4211235957,4211231597,4360
11.306106,4211236689,4211233057,3632
11.306106,4211237773,4211234141,3632
11.306119,4211239593,4211235601,3992
11.306133,4211240701,4211237061,3640
11.306133,4211241413,4211237773,3640
11.306147,4211243233,4211239233,4000
11.306153,4211245053,4211240693,4360
11.306167,4211245569,4211242153,3416
11.306172,4211246873,4211243233,3640
11.306182,4211248469,4211244693,3776
11.306194,4211249569,4211246153,3416
11.306195,4211250289,4211246873,3416
11.306209,4211252109,4211248333,3776
11.306222,4211253433,4211249793,3640
11.306222,4211253929,4211250289,3640
11.306235,4211255757,4211251749,4008
11.306247,4211257577,4211253209,4368
11.30626,4211258309,4211254669,3640
11.30626,4211259397,4211255757,3640
11.306275,4211261217,4211257217,4000
11.306287,4211262317,4211258677,3640
11.306287,4211263037,4211259397,3640
11.306302,4211264857,4211260857,4000
11.306314,4211266677,4211262317,4360
11.306327,4211267417,4211263777,3640
11.306327,4211268497,4211264857,3640
11.306341,4211270317,4211266317,4000
11.306355,4211271417,4211267777,3640
11.306355,4211272137,4211268497,3640
11.306369,4211273533,4211269957,3576
11.30637,4211275145,4211271417,3728
11.306386,4211277125,4211272877,4248
11.306386,4211277781,4211273533,4248
11.306386,4211277781,4211273533,4248
11.306417,4211278137,4211274993,3144
11.306417,4211282701,4211276453,6248
11.306452,4211285897,4211277913,7984
11.306452,4211286121,4211278137,7984
11.306459,4211287757,4211279597,8160
11.306459,4211287473,4211281057,6416
11.306459,4211288933,4211282517,6416
11.306474,4211290697,4211283977,6720
11.30648,4211290413,4211285437,4976
11.30648,4211290129,4211286897,3232
11.30648,4211291589,4211288357,3232
11.30648,4211290485,4211288933,1552
11.306515,4211295489,4211290393,5096
11.306515,4211295581,4211290485,5096
11.306527,4211297793,4211291945,5848
11.306534,4211297509,4211293405,4104
11.306534,4211298969,4211294865,4104
11.306556,4211300885,4211296325,4560
11.306556,4211302345,4211297785,4560
11.306568,4211302353,4211297793,4560
11.306573,4211304077,4211299253,4824
11.306573,4211303937,4211300713,3224
11.306592,4211306421,4211302173,4248
11.306592,4211306129,4211303633,2496
11.306592,4211306433,4211303937,2496
11.30661,4211308573,4211305397,3176
11.30661,4211309609,4211306433,3176
11.306623,4211311573,4211307893,3680
11.306632,4211312713,4211309353,3360
11.306632,4211311753,4211309609,2144
11.306642,4211313165,4211311069,2096
11.306655,4211315665,4211312529,3136
11.306655,4211315037,4211313165,1872
11.306667,4211316881,4211314625,2256
11.30668,4211319077,4211316085,2992
11.30668,4211318321,4211316881,1440
11.306691,4211319797,4211318341,1456
11.510407,4211368189,4211319797,48392
11.510427,4211369769,4211321257,48512
11.510427,4211369397,4211322717,46680
11.510427,4211370857,4211324177,46680
11.510427,4211370645,4211325637,45008
11.510444,4211370361,4211327097,43264
11.510444,4211370077,4211328557,41520
11.510444,4211371537,4211330017,41520
11.510444,4211371317,4211331477,39840
11.510444,4211371033,4211332937,38096
11.510444,4211370749,4211334397,36352
11.510444,4211372209,4211335857,36352
11.510444,4211371997,4211337317,34680
11.510462,4211371713,4211338777,32936
11.510462,4211371429,4211340237,31192
11.510538,4211385769,4211341697,44072
11.510538,4211385485,4211343157,42328
11.510549,4211386945,4211344617,42328
11.510549,4211386685,4211346077,40608
11.510549,4211386449,4211347537,38912
11.510549,4211386165,4211348997,37168
11.510549,4211387625,4211350457,37168
11.510549,4211387349,4211351917,35432
11.510549,4211387121,4211353377,33744
11.51055,4211386837,4211354837,32000
11.510566,4211388297,4211356297,32000
11.510566,4211388021,4211357757,30264
11.510566,4211387801,4211359217,28584
11.510566,4211387517,4211360677,26840
11.51067,4211403265,4211362137,41128
11.51067,4211402981,4211363597,39384
11.51067,4211404441,4211365057,39384
11.51067,4211404237,4211366517,37720
11.51067,4211403945,4211367977,35968
11.51067,4211403661,4211369437,34224
11.51069,4211405121,4211370897,34224
11.51069,4211404909,4211372357,32552
11.51069,4211404617,4211373817,30800
11.51069,4211404333,4211375277,29056
11.51069,4211405793,4211376737,29056
11.51069,4211405589,4211378197,27392
11.51069,4211405297,4211379657,25640
11.51069,4211405013,4211381117,23896
11.510793,4211421481,4211382577,38904
11.510794,4211421333,4211384037,37296
11.510794,4211421041,4211385497,35544
11.510807,4211420757,4211386957,33800
11.510807,4211422217,4211388417,33800
11.510807,4211422005,4211389877,32128
11.510807,4211421721,4211391337,30384
11.510807,4211421429,4211392797,28632
11.510807,4211422889,4211394257,28632
11.510807,4211422685,4211395717,26968
11.510807,4211422393,4211397177,25216
11.510825,4211422109,4211398637,23472
11.510825,4211423569,4211400097,23472
11.510825,4211423357,4211401557,21800
11.51092,4211439073,4211403017,36056
11.51092,4211438789,4211404477,34312
11.510932,4211438497,4211405937,32560
11.510932,4211439957,4211407397,32560
11.510932,4211439753,4211408857,30896
11.510932,4211439461,4211410317,29144
11.510932,4211439177,4211411777,27400
11.510932,4211440637,4211413237,27400
11.510932,4211440425,4211414697,25728
11.510932,4211440141,4211416157,23984
11.510949,4211439849,4211417617,22232
11.510949,4211441309,4211419077,22232
11.510949,4211441105,4211420537,20568
11.510949,4211440813,4211421997,18816
11.511051,4211456905,4211423457,33448
11.511051,4211456613,4211424917,31696
11.511052,4211456329,4211426377,29952
11.511052,4211457789,4211427837,29952
11.511067,4211457577,4211429297,28280
11.511067,4211457293,4211430757,26536
11.511068,4211457001,4211432217,24784
11.511068,4211458461,4211433677,24784
11.511068,4211458257,4211435137,23120
11.511068,4211457965,4211436597,21368
11.511068,4211457681,4211438057,19624
11.511068,4211459141,4211439517,19624
11.511079,4211458765,4211440813,17952
11.511167,4211473329,4211442273,31056
11.511167,4211473085,4211443733,29352
11.511167,4211472793,4211445193,27600
11.511181,4211474253,4211446653,27600
11.511181,4211474001,4211448113,25888
11.511181,4211473757,4211449573,24184
11.511181,4211473473,4211451033,22440
11.511182,4211474933,4211452493,22440
11.511182,4211474665,4211453953,20712
11.511182,4211474437,4211455413,19024
11.511182,4211474145,4211456873,17272
11.5112,4211475605,4211458333,17272
11.5112,4211474309,4211458765,15544
11.511279,4211487785,4211460225,27560
11.511279,4211489245,4211461685,27560
11.511279,4211487921,4211462041,25880
11.511298,4211491749,4211463501,28248
11.511298,4211491489,4211464961,26528
11.511308,4211491197,4211466421,24776
11.511308,4211492657,4211467881,24776
11.511308,4211492413,4211469341,23072
11.511308,4211492161,4211470801,21360
11.511308,4211491877,4211472261,19616
11.511308,4211493337,4211473721,19616
11.511308,4211493085,4211475181,17904
11.511308,4211492841,4211476641,16200
11.511325,4211492557,4211478101,14456
11.511325,4211494017,4211479561,14456
11.511326,4211493749,4211481021,12728
11.511326,4211493513,4211482481,11032
11.511427,4211508325,4211483941,24384
11.511427,4211509785,4211485401,24384
11.511436,4211509573,4211486861,22712
11.511437,4211509289,4211488321,20968
11.511437,4211508997,4211489781,19216
11.511437,4211510457,4211491241,19216
11.511437,4211510253,4211492701,17552
11.511437,4211511065,4211493513,17552
11.511497,4211519029,4211494973,24056
11.511497,4211519105,4211496433,22672
11.511497,4211518813,4211497893,20920
11.511511,4211518537,4211499353,19184
11.511511,4211519997,4211500813,19184
11.511511,4211519785,4211502273,17512
11.511511,4211519493,4211503733,15760
11.511511,4211519209,4211505193,14016
11.511511,4211520669,4211506653,14016
11.511512,4211520457,4211508113,12344
11.511512,4211521105,4211508761,12344
11.51159,4211532045,4211510221,21824
11.51159,4211531761,4211511681,20080
11.511602,4211531469,4211513141,18328
11.511602,4211532929,4211514601,18328
11.511602,4211532717,4211516061,16656
11.511602,4211532433,4211517521,14912
11.511602,4211532149,4211518981,13168
11.511602,4211533609,4211520441,13168
11.511602,4211532601,4211521105,11496
11.511667,4211542909,4211522565,20344
11.511667,4211542801,4211524025,18776
11.511679,4211542509,4211525485,17024
11.511679,4211542225,4211526945,15280
11.511679,4211543685,4211528405,15280
11.511679,4211543473,4211529865,13608
11.511679,4211543189,4211531325,11864
11.511679,4211544465,4211532601,11864
11.511738,4211552693,4211534061,18632
11.511738,4211552417,4211535521,16896
11.511749,4211552125,4211536981,15144
11.511749,4211553585,4211538441,15144
11.51175,4211553373,4211539901,13472
11.51175,4211553089,4211541361,11728
11.51175,4211552797,4211542821,9976
11.51175,4211554257,4211544281,9976
11.51175,4211554441,4211544465,9976
11.511813,4211562061,4211545925,16136
11.511813,4211563521,4211547385,16136
11.511822,4211563309,4211548845,14464
11.511822,4211563025,4211550305,12720
11.511822,4211562741,4211551765,10976
11.511822,4211564201,4211553225,10976
11.511822,4211563745,4211554441,9304
11.511877,4211571109,4211555901,15208
11.511877,4211570825,4211557361,13464
11.511877,4211572285,4211558821,13464
11.511888,4211572073,4211560281,11792
11.511888,4211571781,4211561741,10040
11.511888,4211571505,4211563201,8304
11.511888,4211572049,4211563745,8304
11.511934,4211579717,4211565205,14512
11.511934,4211579425,4211566665,12760
11.511943,4211579149,4211568125,11024
11.511943,4211580609,4211569585,11024
11.511943,4211580389,4211571045,9344
11.511943,4211579649,4211572049,7600
11.511986,4211587029,4211573509,13520
11.511986,4211587249,4211574969,12280
11.511995,4211587005,4211576429,10576
11.511995,4211586713,4211577889,8824
11.511995,4211588173,4211579349,8824
11.511995,4211586761,4211579649,7112
11.512033,4211593621,4211581109,12512
11.512033,4211593841,4211582569,11272
11.512043,4211593573,4211584029,9544
11.512043,4211593281,4211585489,7792
11.512043,4211594553,4211586761,7792
11.51208,4211599157,4211588221,10936
11.51208,4211598865,4211589681,9184
11.51208,4211600325,4211591141,9184
11.51208,4211600121,4211592601,7520
11.512093,4211599829,4211594061,5768
11.512093,4211600321,4211594553,5768
11.512126,4211606581,4211596013,10568
11.512126,4211606689,4211597473,9216
11.512134,4211606405,4211598933,7472
11.512134,4211606041,4211600321,5720
11.512162,4211611581,4211601781,9800
11.512162,4211611481,4211603241,8240
11.512169,4211611197,4211604701,6496
11.512169,4211612537,4211606041,6496
11.512197,4211616581,4211607501,9080
11.512197,4211616361,4211608961,7400
11.512205,4211616077,4211610421,5656
11.512205,4211617537,4211611881,5656
11.512205,4211616457,4211612537,3920
11.512238,4211621453,4211613997,7456
11.512238,4211621161,4211615457,5704
11.512245,4211622161,4211616457,5704
11.512273,4211626597,4211617917,8680
11.512273,4211626657,4211619377,7280
11.512273,4211626373,4211620837,5536
11.512273,4211625953,4211622161,3792
11.5123,4211630461,4211623621,6840
11.5123,4211630489,4211625081,5408
11.5123,4211629617,4211625953,3664
11.512323,4211633645,4211627413,6232
11.512323,4211633857,4211628873,4984
11.512323,4211632857,4211629617,3240
11.512346,4211635709,4211631077,4632
11.512347,4211637169,4211632537,4632
11.512347,4211637489,4211632857,4632
11.512367,4211639781,4211634317,5464
11.512367,4211639681,4211635777,3904
11.512367,4211639397,4211637237,2160
11.512376,4211639649,4211637489,2160
11.512393,4211643645,4211638949,4696
11.512393,4211642897,4211639649,3248
11.51241,4211645149,4211641109,4040
11.51241,4211644857,4211642569,2288
11.51241,4211645185,4211642897,2288
11.51243,4211648101,4211644357,3744
11.51243,4211648929,4211645185,3744
11.512443,4211649485,4211646645,2840
11.512453,4211651833,4211648105,3728
11.512453,4211651129,4211648929,2200
11.512466,4211653653,4211650389,3264
11.512478,4211654649,4211651849,2800
11.512478,4211654373,4211653309,1064
11.512478,4211654717,4211653653,1064
11.718407,4211703869,4211654717,49152
11.718425,4211705329,4211656177,49152
11.718425,4211705293,4211657637,47656
11.718425,4211705001,4211659097,45904
11.718425,4211704725,4211660557,44168
11.718441,4211706185,4211662017,44168
11.718441,4211705965,4211663477,42488
11.718441,4211705681,4211664937,40744
11.718441,4211705397,4211666397,39000
11.718441,4211706857,4211667857,39000
11.718441,4211706645,4211669317,37328
11.718441,4211706361,4211670777,35584
11.718442,4211706077,4211672237,33840
11.718457,4211707537,4211673697,33840
11.718457,4211707317,4211675157,32160
11.718538,4211720705,4211676617,44088
11.718538,4211720421,4211678077,42344
11.718538,4211720129,4211679537,40592
11.718551,4211721589,4211680997,40592
11.718551,4211721385,4211682457,38928
11.718551,4211721093,4211683917,37176
11.718551,4211720809,4211685377,35432
11.718551,4211722269,4211686837,35432
11.718551,4211722057,4211688297,33760
11.718551,4211721773,4211689757,32016
11.718551,4211721489,4211691217,30272
11.718562,4211722949,4211692677,30272
11.718562,4211722737,4211694137,28600
11.718562,4211722445,4211695597,26848
11.718667,4211737921,4211697057,40864
11.718667,4211737645,4211698517,39128
11.718667,4211739105,4211699977,39128
11.718667,4211738885,4211701437,37448
11.718683,4211738601,4211702897,35704
11.718683,4211738317,4211704357,33960
11.718683,4211739777,4211705817,33960
11.718683,4211739565,4211707277,32288
11.718683,4211739273,4211708737,30536
11.718683,4211738997,4211710197,28800
11.718683,4211740457,4211711657,28800
11.718683,4211740245,4211713117,27128
11.718697,4211739953,4211714577,25376
11.718697,4211739669,4211716037,23632
11.718792,4211756281,4211717497,38784
11.718792,4211756269,4211718957,37312
11.718792,4211755977,4211720417,35560
11.718805,4211755693,4211721877,33816
11.718805,4211757153,4211723337,33816
11.718805,4211756941,4211724797,32144
11.718805,4211756649,4211726257,30392
11.718805,4211756373,4211727717,28656
11.718805,4211757833,4211729177,28656
11.718805,4211757621,4211730637,26984
11.718805,4211757329,4211732097,25232
11.718824,4211757053,4211733557,23496
11.718824,4211758513,4211735017,23496
11.718824,4211758293,4211736477,21816
11.718919,4211774017,4211737937,36080
11.718919,4211774125,4211739397,34728
11.71893,4211773833,4211740857,32976
11.71893,4211773549,4211742317,31232
11.71893,4211775009,4211743777,31232
11.71893,4211774797,4211745237,29560
11.71893,4211774505,4211746697,27808
11.71893,4211774229,4211748157,26072
11.71893,4211775689,4211749617,26072
11.71893,4211775477,4211751077,24400
11.718943,4211775185,4211752537,22648
11.718943,4211774909,4211753997,20912
11.718943,4211776369,4211755457,20912
11.718943,4211776149,4211756917,19232
11.719053,4211791145,4211758377,32768
11.719053,4211790853,4211759837,31016
11.719053,4211792313,4211761297,31016
11.719053,4211792101,4211762757,29344
11.719053,4211791817,4211764217,27600
11.719053,4211791525,4211765677,25848
11.719072,4211792985,4211767137,25848
11.719072,4211792781,4211768597,24184
11.719072,4211792497,4211770057,22440
11.719072,4211792205,4211771517,20688
11.719072,4211793665,4211772977,20688
11.719072,4211793461,4211774437,19024
11.719072,4211793169,4211775897,17272
11.719072,4211793421,4211776149,17272
11.719167,4211807529,4211777609,29920
11.719167,4211808989,4211779069,29920
11.719179,4211808769,4211780529,28240
11.719179,4211808493,4211781989,26504
11.719179,4211808209,4211783449,24760
11.719179,4211809669,4211784909,24760
11.719179,4211809449,4211786369,23080
11.719179,4211809173,4211787829,21344
11.71918,4211808673,4211789081,19592
11.719249,4211819109,4211790541,28568
11.719249,4211818825,4211792001,26824
11.719249,4211820285,4211793461,26824
11.719261,4211820065,4211794921,25144
11.719261,4211819789,4211796381,23408
11.719261,4211819497,4211797841,21656
11.719262,4211820957,4211799301,21656
11.719262,4211820745,4211800761,19984
11.719262,4211820461,4211802221,18240
11.719262,4211820177,4211803681,16496
11.719262,4211821637,4211805141,16496
11.719278,4211821417,4211806601,14816
11.719278,4211821141,4211808061,13080
11.719278,4211821753,4211808673,13080
11.71937,4211836005,4211810133,25872
11.71937,4211835721,4211811593,24128
11.71938,4211837181,4211813053,24128
11.719381,4211836961,4211814513,22448
11.719381,4211836685,4211815973,20712
11.719381,4211836393,4211817433,18960
11.719381,4211837853,4211818893,18960
11.719381,4211837641,4211820353,17288
11.719381,4211837297,4211821753,15544
11.719454,4211848117,4211823213,24904
11.719454,4211847825,4211824673,23152
11.719454,4211847541,4211826133,21408
11.719468,4211849001,4211827593,21408
11.719468,4211848789,4211829053,19736
11.719468,4211848505,4211830513,17992
11.719468,4211848213,4211831973,16240
11.719468,4211849673,4211833433,16240
11.719468,4211849469,4211834893,14576
11.719468,4211848625,4211835801,12824
11.719541,4211860069,4211837261,22808
11.719541,4211859785,4211838721,21064
11.719541,4211859493,4211840181,19312
11.719553,4211860953,4211841641,19312
11.719553,4211860749,4211843101,17648
11.719553,4211860457,4211844561,15896
11.719553,4211860173,4211846021,14152
11.719553,4211861633,4211847481,14152
11.719553,4211861105,4211848625,12480
11.719621,4211870701,4211850085,20616
11.719621,4211870409,4211851545,18864
11.719632,4211871869,4211853005,18864
11.719632,4211871649,4211854465,17184
11.719633,4211871373,4211855925,15448
11.719633,4211871081,4211857385,13696
11.719633,4211872541,4211858845,13696
11.719633,4211872329,4211860305,12024
11.719633,4211871385,4211861105,10280
11.719697,4211881229,4211862565,18664
11.719697,4211882689,4211864025,18664
11.719707,4211882469,4211865485,16984
11.719707,4211882193,4211866945,15248
11.719707,4211881901,4211868405,13496
11.719707,4211883361,4211869865,13496
11.719707,4211883149,4211871325,11824
11.719707,4211883209,4211871385,11824
11.719761,4211890413,4211872845,17568
11.719761,4211890121,4211874305,15816
11.719772,4211891581,4211875765,15816
11.719772,4211891377,4211877225,14152
11.719772,4211891085,4211878685,12400
11.719772,4211890801,4211880145,10656
11.719772,4211892261,4211881605,10656
11.719772,4211891513,4211882521,8992
11.719833,4211900341,4211883981,16360
11.719833,4211900057,4211885441,14616
11.719834,4211901517,4211886901,14616
11.719843,4211901305,4211888361,12944
11.719843,4211901013,4211889821,11192
11.719843,4211900737,4211891281,9456
11.719843,4211900969,4211891513,9456
11.719889,4211907541,4211892973,14568
11.719889,4211909001,4211894433,14568
11.719899,4211908789,4211895893,12896
11.719899,4211908497,4211897353,11144
11.719899,4211908213,4211898813,9400
11.719899,4211909673,4211900273,9400
11.719899,4211908697,4211900969,7728
11.719948,4211916325,4211902429,13896
11.719948,4211916041,4211903889,12152
11.719958,4211917501,4211905349,12152
11.719958,4211917257,4211906809,10448
11.719958,4211917005,4211908269,8736
11.719958,4211917433,4211908697,8736
11.719995,4211923413,4211910157,13256
11.719995,4211923417,4211911617,11800
11.720006,4211923133,4211913077,10056
11.720006,4211922849,4211914537,8312
11.720006,4211924309,4211915997,8312
11.720006,4211924073,4211917433,6640
11.72005,4211930221,4211918893,11328
11.72005,4211931681,4211920353,11328
11.720059,4211931405,4211921813,9592
11.720059,4211931185,4211923273,7912
11.720059,4211931985,4211924073,7912
11.720091,4211935773,4211925533,10240
11.720091,4211937233,4211926993,10240
11.720099,4211937029,4211928453,8576
11.720099,4211936737,4211929913,6824
11.720099,4211936453,4211931373,5080
11.720099,4211937065,4211931985,5080
11.72014,4211943117,4211933445,9672
11.72014,4211942825,4211934905,7920
11.720148,4211944285,4211936365,7920
11.720149,4211943321,4211937065,6256
11.720172,4211947965,4211938525,9440
11.720172,4211948105,4211939985,8120
11.720179,4211947813,4211941445,6368
11.72018,4211947529,4211942905,4624
11.72018,4211947945,4211943321,4624
11.720215,4211952453,4211944781,7672
11.720215,4211953913,4211946241,7672
11.720215,4211953693,4211947701,5992
11.720215,4211953937,4211947945,5992
11.72024,4211957013,4211949405,7608
11.72024,4211956721,4211950865,5856
11.72025,4211958181,4211952325,5856
11.72025,4211957961,4211953785,4176
11.72025,4211958113,4211953937,4176
11.720278,4211961813,4211955397,6416
11.720278,4211963273,4211956857,6416
11.720285,4211962777,4211958113,4664
11.720304,4211965429,4211959573,5856
11.720304,4211966889,4211961033,5856
11.720313,4211966613,4211962493,4120
11.720313,4211966897,4211962777,4120
11.720333,4211970253,4211964237,6016
11.720334,4211970473,4211965697,4776
11.720342,4211969945,4211966897,3048
11.720358,4211973613,4211968357,5256
11.720358,4211973329,4211969817,3512
11.720365,4211973457,4211969945,3512
11.720378,4211976389,4211971405,4984
11.720378,4211976617,4211972865,3752
11.720378,4211975473,4211973457,2016
11.720407,4211980117,4211974917,5200
11.720407,4211980673,4211975473,5200
11.720422,4211981933,4211976933,5000
11.720422,4211981649,4211978393,3256
11.720429,4211983109,4211979853,3256
11.720442,4211984705,4211981313,3392
11.720442,4211984421,4211982773,1648
11.720442,4211984757,4211983109,1648
11.720461,4211987705,4211984569,3136
11.720469,4211987893,4211984757,3136
11.720474,4211989033,4211986217,2816
11.720474,4211988749,4211987677,1072
11.926406,4212037901,4211988749,49152
11.926421,4212038241,4211990209,48032
11.926421,4212039701,4211991669,48032
11.926433,4212039457,4211993129,46328
11.926433,4212039173,4211994589,44584
11.926433,4212038889,4211996049,42840
11.926433,4212040349,4211997509,42840
11.926433,4212040129,4211998969,41160
11.926433,4212039853,4212000429,39424
11.926433,4212039561,4212001889,37672
11.926433,4212041021,4212003349,37672
11.92645,4212040809,4212004809,36000
11.92645,4212040525,4212006269,34256
11.92645,4212040241,4212007729,32512
11.92645,4212041701,4212009189,32512
11.926536,4212053953,4212010649,43304
11.926536,4212055413,4212012109,43304
11.926548,4212055201,4212013569,41632
11.926548,4212054917,4212015029,39888
11.926548,4212054633,4212016489,38144
11.926548,4212056093,4212017949,38144
11.926548,4212055873,4212019409,36464
11.926548,4212055597,4212020869,34728
11.926548,4212055305,4212022329,32976
11.926548,4212056765,4212023789,32976
11.926569,4212056553,4212025249,31304
11.926569,4212056269,4212026709,29560
11.926569,4212055985,4212028169,27816
11.926569,4212057445,4212029629,27816
11.926666,4212071889,4212031089,40800
11.926666,4212073349,4212032549,40800
11.926666,4212073137,4212034009,39128
11.926666,4212072853,4212035469,37384
11.926684,4212072569,4212036929,35640
11.926684,4212074029,4212038389,35640
11.926684,4212073809,4212039849,33960
11.926684,4212073533,4212041309,32224
11.926684,4212073241,4212042769,30472
11.926684,4212074701,4212044229,30472
11.926684,4212074489,4212045689,28800
11.926684,4212074205,4212047149,27056
11.926703,4212073921,4212048609,25312
11.926703,4212075381,4212050069,25312
11.926793,4212090489,4212051529,38960
11.926793,4212090317,4212052989,37328
11.926793,4212090033,4212054449,35584
11.926806,4212089741,4212055909,33832
11.926806,4212091201,4212057369,33832
11.926806,4212090997,4212058829,32168
11.926806,4212090705,4212060289,30416
11.926806,4212090421,4212061749,28672
11.926806,4212091881,4212063209,28672
11.926806,4212091677,4212064669,27008
11.926806,4212091385,4212066129,25256
11.926822,4212091093,4212067589,23504
11.926822,4212092553,4212069049,23504
11.926822,4212092349,4212070509,21840
11.926919,4212108225,4212071969,36256
11.926919,4212108445,4212073429,35016
11.92693,4212108209,4212074889,33320
11.92693,4212107917,4212076349,31568
11.92693,4212109377,4212077809,31568
11.92693,4212109117,4212079269,29848
11.92693,4212108881,4212080729,28152
11.92693,4212108597,4212082189,26408
11.92693,4212110057,4212083649,26408
11.92693,4212109789,4212085109,24680
11.926951,4212109561,4212086569,22992
11.926951,4212109269,4212088029,21240
11.926951,4212110729,4212089489,21240
11.926951,4212110453,4212090949,19504
11.927049,4212125241,4212092409,32832
11.927049,4212126701,4212093869,32832
11.927049,4212126417,4212095329,31088
11.927062,4212126205,4212096789,29416
11.927062,4212125921,4212098249,27672
11.927062,4212127381,4212099709,27672
11.927062,4212127097,4212101169,25928
11.927062,4212126885,4212102629,24256
11.927062,4212126601,4212104089,22512
11.927062,4212128061,4212105549,22512
11.927063,4212127769,4212107009,20760
11.927081,4212127557,4212108469,19088
11.927081,4212127273,4212109929,17344
11.927082,4212127797,4212110453,17344
11.927171,4212142281,4212111913,30368
11.927171,4212141997,4212113373,28624
11.927171,4212143457,4212114833,28624
11.927171,4212143073,4212116121,26952
11.927205,4212147741,4212117581,30160
11.927205,4212147457,4212119041,28416
11.927205,4212147165,4212120501,26664
11.927217,4212148625,4212121961,26664
11.927217,4212148421,4212123421,25000
11.927217,4212148129,4212124881,23248
11.927217,4212147845,4212126341,21504
11.927217,4212149305,4212127801,21504
11.927217,4212149093,4212129261,19832
11.927217,4212148809,4212130721,18088
11.927217,4212148517,4212132181,16336
11.927233,4212149977,4212133641,16336
11.927233,4212149773,4212135101,14672
11.927233,4212149481,4212136561,12920
11.927331,4212165533,4212138021,27512
11.927331,4212165529,4212139481,26048
11.927341,4212165245,4212140941,24304
11.927341,4212164953,4212142401,22552
11.927341,4212166413,4212143861,22552
11.927341,4212166209,4212145321,20888
11.927341,4212165917,4212146781,19136
11.927341,4212165625,4212148241,17384
11.927341,4212166865,4212149481,17384
11.927415,4212176717,4212150941,25776
11.927415,4212176433,4212152401,24032
11.927415,4212176141,4212153861,22280
11.927429,4212177601,4212155321,22280
11.92743,4212177389,4212156781,20608
11.92743,4212177105,4212158241,18864
11.92743,4212176813,4212159701,17112
11.92743,4212178273,4212161161,17112
11.92743,4212178069,4212162621,15448
11.92743,4212178289,4212162841,15448
11.927496,4212187229,4212164301,22928
11.927496,4212188689,4212165761,22928
11.927509,4212188477,4212167221,21256
11.927509,4212188185,4212168681,19504
11.927509,4212187909,4212170141,17768
11.927509,4212189369,4212171601,17768
11.927509,4212189149,4212173061,16088
11.927509,4212188865,4212174521,14344
11.927509,4212188581,4212175981,12600
11.927509,4212190041,4212177441,12600
11.927527,4212189217,4212178289,10928
11.927592,4212201685,4212179749,21936
11.927592,4212201721,4212181209,20512
11.927604,4212201437,4212182669,18768
11.927604,4212201145,4212184129,17016
11.927604,4212202605,4212185589,17016
11.927604,4212202393,4212187049,15344
11.927604,4212202109,4212188509,13600
11.927604,4212202817,4212189217,13600
11.927661,4212211229,4212190677,20552
11.927661,4212211161,4212192137,19024
11.927672,4212210877,4212193597,17280
11.927672,4212210593,4212195057,15536
11.927672,4212212053,4212196517,15536
11.927672,4212211841,4212197977,13864
11.927672,4212211557,4212199437,12120
11.927672,4212211265,4212200897,10368
11.927672,4212212725,4212202357,10368
11.927672,4212211521,4212202817,8704
11.927756,4212223517,4212204277,19240
11.927756,4212223233,4212205737,17496
11.927756,4212224693,4212207197,17496
11.927756,4212224409,4212208657,15752
11.927756,4212224197,4212210117,14080
11.927775,4212223849,4212211521,12328
11.927801,4212229701,4212212981,16720
11.927801,4212229409,4212214441,14968
11.927801,4212230869,4212215901,14968
11.927814,4212230665,4212217361,13304
11.927814,4212230373,4212218821,11552
11.927814,4212230089,4212220281,9808
11.927814,4212231549,4212221741,9808
11.927814,4212231337,4212223201,8136
11.927814,4212231985,4212223849,8136
11.927878,4212240589,4212225309,15280
11.927878,4212240305,4212226769,13536
11.927878,4212241765,4212228229,13536
11.927892,4212241553,4212229689,11864
11.927892,4212241269,4212231149,10120
11.927892,4212242105,4212231985,10120
11.927929,4212247149,4212233445,13704
11.927929,4212248609,4212234905,13704
11.927929,4212248397,4212236365,12032
11.92794,4212248105,4212237825,10280
11.92794,4212247829,4212239285,8544
11.927941,4212249289,4212240745,8544
11.927941,4212248969,4212242105,6864
11.927995,4212256941,4212243565,13376
11.927995,4212257073,4212245025,12048
11.927995,4212256789,4212246485,10304
11.927995,4212256497,4212247945,8552
11.927995,4212257521,4212248969,8552
11.928034,4212262853,4212250429,12424
11.928035,4212262825,4212251889,10936
11.928035,4212262541,4212253349,9192
11.928045,4212262257,4212254809,7448
11.928045,4212263717,4212256269,7448
11.928045,4212263297,4212257521,5776
11.928087,4212270333,4212258981,11352
11.928087,4212270049,4212260441,9608
11.928096,4212269765,4212261901,7864
11.928096,4212271161,4212263297,7864
11.928124,4212275101,4212264757,10344
11.928124,4212274817,4212266217,8600
11.928124,4212274525,4212267677,6848
11.928136,4212275985,4212269137,6848
11.928136,4212275781,4212270597,5184
11.928136,4212276345,4212271161,5184
11.928173,4212281845,4212272621,9224
11.928174,4212281553,4212274081,7472
11.928174,4212281277,4212275541,5736
11.928174,4212282081,4212276345,5736
11.928209,4212286637,4212277805,8832
11.928209,4212286353,4212279265,7088
11.928209,4212286061,4212280725,5336
11.928209,4212287417,4212282081,5336
11.928242,4212290709,4212283541,7168
11.928242,4212292169,4212285001,7168
11.928242,4212291949,4212286461,5488
11.928242,4212291161,4212287417,3744
11.928277,4212296045,4212288877,7168
11.928277,4212295761,4212290337,5424
11.928277,4212296585,4212291161,5424
11.928299,4212298317,4212292621,5696
11.928299,4212299777,4212294081,5696
11.928299,4212299557,4212295541,4016
11.928299,4212298865,4212296585,2280
11.928332,4212303557,4212298045,5512
11.928332,4212304377,4212298865,5512
11.928347,4212305773,4212300325,5448
11.928347,4212305481,4212301785,3696
11.928347,4212306941,4212303245,3696
11.928374,4212309161,4212304705,4456
11.928374,4212310621,4212306165,4456
11.928374,4212309677,4212306941,2736
11.928397,4212312073,4212308401,3672
11.928397,4212313349,4212309677,3672
11.928415,4212314753,4212311137,3616
11.928415,4212316213,4212312597,3616
11.928415,4212315293,4212313349,1944
11.928436,4212318233,4212314809,3424
11.928436,4212318717,4212315293,3424
11.92845,4212319817,4212316753,3064
11.92845,4212321277,4212318213,3064
11.928466,4212322433,4212319673,2760
11.928467,4212322149,4212321133,1016
11.928473,4212322293,4212321277,1016
12.134406,4212371445,4212322293,49152
12.134425,4212372905,4212323753,49152
12.134425,4212372645,4212325213,47432
12.134425,4212372353,4212326673,45680
12.134425,4212372061,4212328133,43928
12.134443,4212373521,4212329593,43928
12.134443,4212373317,4212331053,42264
12.134443,4212373025,4212332513,40512
12.134443,4212372741,4212333973,38768
12.134443,4212374201,4212335433,38768
12.134443,4212373989,4212336893,37096
12.134443,4212373705,4212338353,35352
12.134443,4212373421,4212339813,33608
12.134463,4212374881,4212341273,33608
12.134463,4212374669,4212342733,31936
12.134538,4212387545,4212344193,43352
12.134538,4212389005,4212345653,43352
12.134538,4212388785,4212347113,41672
12.134551,4212388501,4212348573,39928
12.134551,4212388217,4212350033,38184
12.134551,4212389677,4212351493,38184
12.134551,4212389465,4212352953,36512
12.134551,4212389173,4212354413,34760
12.134551,4212388897,4212355873,33024
12.134551,4212390357,4212357333,33024
12.134552,4212390137,4212358793,31344
12.134571,4212389853,4212360253,29600
12.134571,4212389577,4212361713,27864
12.134571,4212391037,4212363173,27864
12.134664,4212405801,4212364633,41168
12.134664,4212405517,4212366093,39424
12.134664,4212405241,4212367553,37688
12.134679,4212406701,4212369013,37688
12.134679,4212406481,4212370473,36008
12.134679,4212406189,4212371933,34256
12.134679,4212405913,4212373393,32520
12.134679,4212407373,4212374853,32520
12.134679,4212407153,4212376313,30840
12.134679,4212406869,4212377773,29096
12.134679,4212406593,4212379233,27360
12.134698,4212408053,4212380693,27360
12.134698,4212407833,4212382153,25680
12.134698,4212407549,4212383613,23936
12.134791,4212423881,4212385073,38808
12.134791,4212423717,4212386533,37184
12.134803,4212423433,4212387993,35440
12.134803,4212423141,4212389453,33688
12.134803,4212424601,4212390913,33688
12.134803,4212424389,4212392373,32016
12.134803,4212424105,4212393833,30272
12.134803,4212423813,4212395293,28520
12.134803,4212425273,4212396753,28520
12.134803,4212425069,4212398213,26856
12.134819,4212424785,4212399673,25112
12.134819,4212424493,4212401133,23360
12.134819,4212425953,4212402593,23360
12.134819,4212425749,4212404053,21696
12.134922,4212440641,4212405513,35128
12.134922,4212442101,4212406973,35128
12.134922,4212441889,4212408433,33456
12.134922,4212441597,4212409893,31704
12.134937,4212441313,4212411353,29960
12.134937,4212442773,4212412813,29960
12.134937,4212442561,4212414273,28288
12.134937,4212442277,4212415733,26544
12.134937,4212441993,4212417193,24800
12.134937,4212443453,4212418653,24800
12.134937,4212443241,4212420113,23128
12.134937,4212442949,4212421573,21376
12.134958,4212442673,4212423033,19640
12.134958,4212444133,4212424493,19640
12.135048,4212459361,4212425953,33408
12.135048,4212459605,4212427413,32192
12.135048,4212459393,4212428873,30520
12.135065,4212459101,4212430333,28768
12.135065,4212460561,4212431793,28768
12.135065,4212460277,4212433253,27024
12.135065,4212460065,4212434713,25352
12.135065,4212459781,4212436173,23608
12.135065,4212461241,4212437633,23608
12.135065,4212460957,4212439093,21864
12.135065,4212460745,4212440553,20192
12.135084,4212460453,4212442013,18440
12.135084,4212460177,4212443473,16704
12.135084,4212460837,4212444133,16704
12.13517,4212476409,4212445593,30816
12.13517,4212476293,4212447053,29240
12.135181,4212476009,4212448513,27496
12.135181,4212475725,4212449973,25752
12.135181,4212477185,4212451433,25752
12.135182,4212476965,4212452893,24072
12.135182,4212476689,4212454353,22336
12.135182,4212476397,4212455813,20584
12.135182,4212477857,4212457273,20584
12.135182,4212477645,4212458733,18912
12.135198,4212477361,4212460193,17168
12.135198,4212478005,4212460837,17168
12.135273,4212489977,4212462297,27680
12.135273,4212491437,4212463757,27680
12.135281,4212491185,4212465217,25968
12.135281,4212490785,4212466521,24264
12.13531,4212495741,4212467981,27760
12.13531,4212495745,4212469441,26304
12.135321,4212495461,4212470901,24560
12.135321,4212495177,4212472361,22816
12.135321,4212496637,4212473821,22816
12.135321,4212496425,4212475281,21144
12.135321,4212496141,4212476741,19400
12.135321,4212495849,4212478201,17648
12.135321,4212497309,4212479661,17648
12.135321,4212497097,4212481121,15976
12.135341,4212496813,4212482581,14232
12.135341,4212496529,4212484041,12488
12.135341,4212497989,4212485501,12488
12.135341,4212497777,4212486961,10816
12.135441,4212513709,4212488421,25288
12.135441,4212513641,4212489881,23760
12.135441,4212513357,4212491341,22016
12.135453,4212513073,4212492801,20272
12.135453,4212514533,4212494261,20272
12.135453,4212514321,4212495721,18600
12.135453,4212514029,4212497181,16848
12.135453,4212514625,4212497777,16848
12.135505,4212521805,4212499237,22568
12.135505,4212523265,4212500697,22568
12.135516,4212523045,4212502157,20888
12.135516,4212522761,4212503617,19144
12.135516,4212522477,4212505077,17400
12.135516,4212523937,4212506537,17400
12.135516,4212523717,4212507997,15720
12.135516,4212523433,4212509457,13976
12.135516,4212523157,4212510917,12240
12.135516,4212524617,4212512377,12240
12.135528,4212523801,4212513241,10560
12.135602,4212535501,4212514701,20800
12.135602,4212536961,4212516161,20800
12.135602,4212536677,4212517621,19056
12.135613,4212536465,4212519081,17384
12.135613,4212536173,4212520541,15632
12.135613,4212537633,4212522001,15632
12.135613,4212537357,4212523461,13896
12.135613,4212537697,4212523801,13896
12.135671,4212545765,4212525261,20504
12.135671,4212545697,4212526721,18976
12.135671,4212545413,4212528181,17232
12.135685,4212545129,4212529641,15488
12.135685,4212546589,4212531101,15488
12.135685,4212546377,4212532561,13816
12.135685,4212546085,4212534021,12064
12.135685,4212545801,4212535481,10320
12.135685,4212547261,4212536941,10320
12.135685,4212546345,4212537697,8648
12.135754,4212556309,4212539157,17152
12.135754,4212557769,4212540617,17152
12.135764,4212557549,4212542077,15472
12.135764,4212557273,4212543537,13736
12.135764,4212556981,4212544997,11984
12.135764,4212558329,4212546345,11984
12.135808,4212564861,4212547805,17056
12.135808,4212565081,4212549265,15816
12.13582,4212564797,4212550725,14072
12.13582,4212564521,4212552185,12336
12.13582,4212565981,4212553645,12336
12.13582,4212565753,4212555105,10648
12.13582,4212565477,4212556565,8912
12.13582,4212565193,4212558025,7168
12.13582,4212565497,4212558329,7168
12.135882,4212574933,4212559789,15144
12.135882,4212574641,4212561249,13392
12.13589,4212574365,4212562709,11656
12.13589,4212575825,4212564169,11656
12.13589,4212575481,4212565497,9984
12.135928,4212581469,4212566957,14512
12.135928,4212581425,4212568417,13008
12.135937,4212581133,4212569877,11256
12.135937,4212580849,4212571337,9512
12.135937,4212582309,4212572797,9512
12.135937,4212582097,4212574257,7840
12.135937,4212581569,4212575481,6088
12.135991,4212590117,4212576941,13176
12.135991,4212590225,4212578401,11824
12.135991,4212589941,4212579861,10080
12.136,4212589649,4212581321,8328
12.136001,4212589897,4212581569,8328
12.136027,4212594469,4212583029,11440
12.136027,4212595929,4212584489,11440
12.136036,4212595717,4212585949,9768
12.136036,4212595433,4212587409,8024
12.136036,4212595141,4212588869,6272
12.136036,4212596169,4212589897,6272
12.136079,4212602621,4212591357,11264
12.136079,4212602785,4212592817,9968
12.136087,4212602493,4212594277,8216
12.136087,4212602201,4212595737,6464
12.136087,4212602633,4212596169,6464
12.136118,4212608077,4212597629,10448
12.136118,4212608137,4212599089,9048
12.136127,4212607845,4212600549,7296
12.136128,4212607561,4212602009,5552
12.136128,4212608185,4212602633,5552
12.13616,4212613765,4212604093,9672
12.136161,4212613753,4212605553,8200
12.136161,4212613469,4212607013,6456
12.136171,4212614641,4212608185,6456
12.136195,4212618533,4212609645,8888
12.136195,4212618273,4212611105,7168
12.136204,4212617989,4212612565,5424
12.136204,4212619449,4212614025,5424
12.136204,4212618361,4212614641,3720
12.136235,4212623533,4212616101,7432
12.136235,4212623249,4212617561,5688
12.136235,4212624049,4212618361,5688
12.136258,4212626597,4212619821,6776
12.136258,4212626313,4212621281,5032
12.136266,4212627773,4212622741,5032
12.136266,4212627409,4212624049,3360
12.136293,4212632181,4212625509,6672
12.136293,4212632401,4212626969,5432
12.136293,4212632841,4212627409,5432
12.136314,4212634045,4212628869,5176
12.136314,4212635505,4212630329,5176
12.136324,4212635285,4212631789,3496
12.136324,4212634593,4212632841,1752
12.136347,4212639677,4212634301,5376
12.136348,4212639969,4212634593,5376
12.136362,4212641533,4212636053,5480
12.136362,4212641249,4212637513,3736
12.136362,4212640973,4212638973,2000
12.136389,4212645369,4212640433,4936
12.136389,4212644517,4212640973,3544
12.136431,4212647841,4212642433,5408
12.136431,4212647557,4212643893,3664
12.136431,4212647273,4212645353,1920
12.136447,4212652509,4212646813,5696
12.136447,4212653537,4212647841,5696
12.136469,4212655373,4212649301,6072
12.136469,4212655609,4212650761,4848
12.136479,4212655405,4212652221,3184
12.136484,4212658553,4212653681,4872
12.136484,4212658781,4212655141,3640
12.136484,4212659249,4212655609,3640
12.136507,4212661205,4212657069,4136
12.136507,4212662665,4212658529,4136
12.136544,4212664485,4212659989,4496
12.136544,4212665945,4212661449,4496
12.136544,4212665489,4212662665,2824
12.136569,4212667997,4212664125,3872
12.13658,4212672209,4212665585,6624
12.13658,4212672445,4212667045,5400
12.13659,4212671725,4212667997,3728
12.136596,4212673609,4212669457,4152
12.136596,4212673325,4212670917,2408
12.136596,4212674785,4212672377,2408
12.136622,4212677669,4212673837,3832
12.136622,4212676865,4212674785,2080
12.136638,4212679005,4212676245,2760
12.136638,4212679625,4212676865,2760
12.136652,4212681637,4212678325,3312
12.136665,4212683801,4212679785,4016
12.136665,4212684021,4212681245,2776
12.136665,4212684413,4212681637,2776
12.136679,4212685849,4212683097,2752
12.136692,4212686285,4212684557,1728
12.136692,4212687577,4212685849,1728
12.136706,4212689293,4212687309,1984
12.136706,4212689561,4212687577,1984
12.136718,4212690213,4212689037,1176
12.342427,4212739365,4212690213,49152
12.342449,4212739905,4212691673,48232
12.342449,4212741365,4212693133,48232
12.342449,4212741025,4212694593,46432
12.342449,4212740821,4212696053,44768
12.342449,4212740529,4212697513,43016
12.342449,4212741989,4212698973,43016
12.342449,4212741697,4212700433,41264
12.342449,4212741493,4212701893,39600
12.342478,4212741201,4212703353,37848
12.342478,4212740917,4212704813,36104
12.342478,4212742377,4212706273,36104
12.342478,4212742173,4212707733,34440
12.342478,4212741881,4212709193,32688
12.342478,4212741597,4212710653,30944
12.342534,4212753057,4212712113,40944
12.342538,4212752765,4212713573,39192
12.342538,4212754225,4212715033,39192
12.342539,4212754021,4212716493,37528
12.342539,4212753729,4212717953,35776
12.342546,4212753445,4212719413,34032
12.342546,4212754905,4212720873,34032
12.342546,4212754693,4212722333,32360
12.342546,4212754409,4212723793,30616
12.342546,4212754117,4212725253,28864
12.342546,4212755577,4212726713,28864
12.342555,4212755373,4212728173,27200
12.342555,4212755081,4212729633,25448
12.342555,4212754797,4212731093,23704
12.342662,4212770705,4212732553,38152
12.342662,4212770421,4212734013,36408
12.342668,4212771881,4212735473,36408
12.342668,4212771669,4212736933,34736
12.342668,4212771377,4212738393,32984
12.342668,4212771101,4212739853,31248
12.342676,4212772561,4212741313,31248
12.342676,4212772341,4212742773,29568
12.342676,4212772057,4212744233,27824
12.342676,4212771781,4212745693,26088
12.342676,4212773241,4212747153,26088
12.342676,4212773021,4212748613,24408
12.342676,4212772729,4212750073,22656
12.342685,4212772453,4212751533,20920
12.342789,4212788961,4212752993,35968
12.342792,4212789133,4212754453,34680
12.342792,4212788841,4212755913,32928
12.342792,4212788565,4212757373,31192
12.342799,4212790025,4212758833,31192
12.342799,4212789805,4212760293,29512
12.342799,4212789521,4212761753,27768
12.342799,4212789237,4212763213,26024
12.342799,4212790697,4212764673,26024
12.342806,4212790485,4212766133,24352
12.342806,4212790201,4212767593,22608
12.342806,4212789917,4212769053,20864
12.342806,4212791377,4212770513,20864
12.342806,4212791157,4212771973,19184
12.342916,4212805665,4212773433,32232
12.342921,4212807125,4212774893,32232
12.342921,4212806913,4212776353,30560
12.342921,4212806629,4212777813,28816
12.342921,4212806337,4212779273,27064
12.342929,4212807797,4212780733,27064
12.342929,4212807593,4212782193,25400
12.342929,4212807309,4212783653,23656
12.342929,4212807017,4212785113,21904
12.342929,4212808477,4212786573,21904
12.342929,4212808273,4212788033,20240
12.342937,4212807981,4212789493,18488
12.342937,4212807689,4212790953,16736
12.342937,4212807893,4212791157,16736
12.343037,4212823233,4212792617,30616
12.343041,4212822949,4212794077,28872
12.343041,4212822657,4212795537,27120
12.343041,4212824117,4212796997,27120
12.343047,4212823913,4212798457,25456
12.343047,4212823629,4212799917,23712
12.343047,4212823337,4212801377,21960
12.343047,4212824797,4212802837,21960
12.343047,4212824585,4212804297,20288
12.343054,4212824301,4212805757,18544
12.343054,4212824009,4212807217,16792
12.343054,4212824685,4212807893,16792
12.343142,4212837497,4212809353,28144
12.343146,4212837213,4212810813,26400
12.343146,4212838673,4212812273,26400
12.343146,4212838461,4212813733,24728
12.343146,4212838177,4212815193,22984
12.343153,4212837885,4212816653,21232
12.343153,4212838153,4212816921,21232
12.343198,4212845213,4212818381,26832
12.343201,4212844921,4212819841,25080
12.343202,4212846381,4212821301,25080
12.343202,4212846169,4212822761,23408
12.343202,4212845893,4212824221,21672
12.343207,4212845601,4212825681,19920
12.343207,4212847061,4212827141,19920
12.343207,4212846849,4212828601,18248
12.343207,4212846565,4212830061,16504
12.343221,4212846281,4212831521,14760
12.343221,4212847741,4212832981,14760
12.343221,4212847521,4212834441,13080
12.343221,4212847245,4212835901,11344
12.343221,4212846953,4212837361,9592
12.343325,4212863461,4212838821,24640
12.34333,4212863177,4212840281,22896
12.34333,4212862893,4212841741,21152
12.34333,4212864353,4212843201,21152
12.343335,4212864141,4212844661,19480
12.343335,4212863857,4212846121,17736
12.343335,4212864689,4212846953,17736
12.343385,4212870773,4212848413,22360
12.343389,4212872233,4212849873,22360
12.343389,4212872013,4212851333,20680
12.343389,4212871737,4212852793,18944
12.343411,4212871445,4212854253,17192
12.343411,4212872905,4212855713,17192
12.343411,4212872693,4212857173,15520
12.343411,4212872409,4212858633,13776
12.343411,4212872125,4212860093,12032
12.343411,4212873585,4212861553,12032
12.343411,4212873373,4212863013,10360
12.343411,4212874001,4212863641,10360
12.343491,4212885389,4212865101,20288
12.343495,4212886849,4212866561,20288
12.343495,4212886629,4212868021,18608
12.343495,4212886353,4212869481,16872
12.343495,4212886061,4212870941,15120
12.343502,4212887521,4212872401,15120
12.343502,4212887309,4212873861,13448
12.343502,4212887449,4212874001,13448
12.343554,4212894933,4212875461,19472
12.343559,4212894649,4212876921,17728
12.343559,4212896109,4212878381,17728
12.343559,4212895825,4212879841,15984
12.343559,4212895605,4212881301,14304
12.343566,4212895329,4212882761,12568
12.343566,4212896789,4212884221,12568
12.343566,4212896497,4212885681,10816
12.343566,4212896285,4212887141,9144
12.343566,4212896593,4212887449,9144
12.343638,4212906349,4212888909,17440
12.343642,4212906057,4212890369,15688
12.343642,4212907517,4212891829,15688
12.343642,4212907313,4212893289,14024
12.343648,4212907021,4212894749,12272
12.343648,4212906737,4212896209,10528
12.343648,4212907121,4212896593,10528
12.343695,4212914293,4212898053,16240
12.343699,4212914001,4212899513,14488
12.343699,4212915461,4212900973,14488
12.343699,4212915249,4212902433,12816
12.343705,4212914965,4212903893,11072
12.343705,4212914681,4212905353,9328
12.343705,4212916141,4212906813,9328
12.343705,4212914777,4212907121,7656
12.343761,4212923805,4212908581,15224
12.343765,4212923521,4212910041,13480
12.343765,4212923245,4212911501,11744
12.343765,4212924705,4212912961,11744
12.34377,4212924493,4212914421,10072
12.34377,4212924849,4212914777,10072
12.343809,4212930621,4212916237,14384
12.343813,4212930721,4212917697,13024
12.343813,4212930437,4212919157,11280
12.343813,4212930145,4212920617,9528
12.343818,4212931605,4212922077,9528
12.343818,4212931401,4212923537,7864
12.343818,4212930961,4212924849,6112
12.343873,4212939493,4212926309,13184
12.343877,4212939337,4212927769,11568
12.343877,4212939045,4212929229,9816
12.343877,4212938761,4212930689,8072
12.343877,4212939033,4212930961,8072
12.34391,4212944725,4212932421,12304
12.343914,4212944441,4212933881,10560
12.343914,4212944157,4212935341,8816
12.343914,4212945617,4212936801,8816
12.34392,4212945397,4212938261,7136
12.34392,4212944433,4212939033,5400
12.34396,4212950845,4212940493,10352
12.343964,4212952305,4212941953,10352
12.343964,4212952013,4212943413,8600
12.343964,4212951361,4212944433,6928
12.343994,4212956317,4212945893,10424
12.343998,4212956129,4212947353,8776
12.343998,4212955837,4212948813,7024
12.343998,4212957297,4212950273,7024
12.344003,4212956633,4212951361,5272
12.344037,4212961549,4212952821,8728
12.344041,4212961273,4212954281,6992
12.344041,4212962733,4212955741,6992
12.344041,4212961945,4212956633,5312
12.34407,4212966317,4212958093,8224
12.344074,4212966025,4212959553,6472
12.344074,4212967485,4212961013,6472
12.344074,4212966753,4212961945,4808
12.344104,4212971557,4212963405,8152
12.344108,4212971305,4212964865,6440
12.344108,4212971013,4212966325,4688
12.344108,4212971441,4212966753,4688
12.344134,4212975645,4212968213,7432
12.344138,4212975873,4212969673,6200
12.344138,4212975621,4212971133,4488
12.344138,4212975929,4212971441,4488
12.344163,4212979733,4212972901,6832
12.34417,4212979625,4212974361,5264
12.34417,4212979333,4212975821,3512
12.34417,4212979441,4212975929,3512
12.344191,4212983597,4212977389,6208
12.344194,4212983513,4212978849,4664
12.344194,4212984105,4212979441,4664
12.344213,4212985869,4212980901,4968
12.344216,4212987329,4212982361,4968
12.344216,4212987037,4212983821,3216
12.344216,4212987321,4212984105,3216
12.344242,4212989493,4212985565,3928
12.344245,4212990953,4212987025,3928
12.344245,4212991249,4212987321,3928
12.344262,4212992621,4212988781,3840
12.344265,4212994081,4212990241,3840
12.344265,4212993369,4212991249,2120
12.344287,4212996045,4212992709,3336
12.344287,4212996705,4212993369,3336
12.3443,4212997957,4212994829,3128
12.344303,4212997665,4212996289,1376
12.344303,4212998081,4212996705,1376
12.550403,4213047233,4212998081,49152
12.550413,4213048213,4212999541,48672
12.550416,4213047825,4213001001,46824
12.550416,4213049285,4213002461,46824
12.550416,4213049033,4213003921,45112
12.550424,4213048789,4213005381,43408
12.550424,4213048497,4213006841,41656
12.550424,4213049957,4213008301,41656
12.550424,4213049705,4213009761,39944
12.550424,4213049461,4213011221,38240
12.550424,4213049177,4213012681,36496
12.550432,4213050637,4213014141,36496
12.550432,4213050377,4213015601,34776
12.550432,4213050141,4213017061,33080
12.550432,4213049849,4213018521,31328
12.550534,4213064269,4213019981,44288
12.550537,4213065729,4213021441,44288
12.550537,4213065517,4213022901,42616
12.550537,4213065225,4213024361,40864
12.550544,4213064949,4213025821,39128
12.550544,4213066409,4213027281,39128
12.550544,4213066197,4213028741,37456
12.550544,4213065905,4213030201,35704
12.550544,4213065621,4213031661,33960
12.550552,4213067081,4213033121,33960
12.550552,4213066869,4213034581,32288
12.550552,4213066577,4213036041,30536
12.550552,4213066301,4213037501,28800
12.550552,4213067761,4213038961,28800
12.550661,4213082285,4213040421,41864
12.550665,4213082001,4213041881,40120
12.550666,4213083461,4213043341,40120
12.550666,4213083241,4213044801,38440
12.550671,4213082965,4213046261,36704
12.550671,4213082681,4213047721,34960
12.550671,4213084141,4213049181,34960
12.550671,4213083921,4213050641,33280
12.550671,4213083637,4213052101,31536
12.550679,4213083353,4213053561,29792
12.550679,4213084813,4213055021,29792
12.550679,4213084593,4213056481,28112
12.550679,4213084317,4213057941,26376
12.550679,4213084033,4213059401,24632
12.550789,4213099997,4213060861,39136
12.550794,4213099713,4213062321,37392
12.550794,4213101173,4213063781,37392
12.550794,4213100969,4213065241,35728
12.550794,4213100677,4213066701,33976
12.550802,4213100393,4213068161,32232
12.550802,4213101853,4213069621,32232
12.550802,4213101641,4213071081,30560
12.550802,4213101349,4213072541,28808
12.550802,4213101065,4213074001,27064
12.550802,4213102525,4213075461,27064
12.550811,4213102321,4213076921,25400
12.550811,4213102029,4213078381,23648
12.550811,4213101745,4213079841,21904
12.550917,4213118397,4213081301,37096
12.55092,4213118617,4213082761,35856
12.55092,4213118397,4213084221,34176
12.55092,4213118113,4213085681,32432
12.550927,4213119573,4213087141,32432
12.550927,4213119289,4213088601,30688
12.550927,4213119077,4213090061,29016
12.550927,4213118785,4213091521,27264
12.550927,4213120245,4213092981,27264
12.550934,4213119953,4213094441,25512
12.550934,4213119749,4213095901,23848
12.550934,4213119465,4213097361,22104
12.550934,4213120925,4213098821,22104
12.550934,4213120633,4213100281,20352
12.551045,4213135205,4213101741,33464
12.551049,4213136665,4213103201,33464
12.551049,4213136445,4213104661,31784
12.551049,4213136161,4213106121,30040
12.551049,4213135877,4213107581,28296
12.551056,4213137337,4213109041,28296
12.551056,4213137125,4213110501,26624
12.551056,4213136833,4213111961,24872
12.551056,4213136557,4213113421,23136
12.551056,4213138017,4213114881,23136
12.551063,4213137797,4213116341,21456
12.551063,4213137513,4213117801,19712
12.551063,4213137229,4213119261,17968
12.551063,4213138601,4213120633,17968
12.551172,4213153869,4213122093,31776
12.551177,4213154105,4213123553,30552
12.551177,4213153885,4213125013,28872
12.551177,4213153601,4213126473,27128
12.551183,4213155061,4213127933,27128
12.551183,4213154777,4213129393,25384
12.551183,4213154565,4213130853,23712
12.551183,4213154273,4213132313,21960
12.551183,4213155733,4213133773,21960
12.551183,4213155457,4213135233,20224
12.551191,4213155237,4213136693,18544
12.551191,4213154953,4213138153,16800
12.551191,4213155401,4213138601,16800
12.551284,4213169013,4213140061,28952
12.551288,4213168729,4213141521,27208
12.551288,4213170189,4213142981,27208
12.551288,4213169505,4213143961,25544
12.551317,4213173965,4213145421,28544
12.551321,4213173681,4213146881,26800
12.551321,4213173389,4213148341,25048
12.551321,4213174849,4213149801,25048
12.551327,4213174637,4213151261,23376
12.551327,4213174353,4213152721,21632
12.551327,4213174061,4213154181,19880
12.551327,4213175521,4213155641,19880
12.551327,4213175317,4213157101,18216
12.551335,4213175033,4213158561,16472
12.551335,4213174741,4213160021,14720
12.551335,4213176201,4213161481,14720
12.551335,4213175997,4213162941,13056
12.551335,4213175705,4213164401,11304
12.551446,4213191845,4213165861,25984
12.551451,4213192065,4213167321,24744
12.551451,4213191805,4213168781,23024
12.551451,4213191513,4213170241,21272
12.551451,4213192973,4213171701,21272
12.551457,4213192737,4213173161,19576
12.551457,4213192477,4213174621,17856
12.551457,4213191817,4213175705,16112
12.551516,4213201621,4213177165,24456
12.55152,4213201617,4213178625,22992
12.55152,4213201325,4213180085,21240
12.55152,4213201041,4213181545,19496
12.551527,4213202501,4213183005,19496
12.551527,4213202289,4213184465,17824
12.551527,4213202005,4213185925,16080
12.551527,4213201713,4213187385,14328
12.551527,4213203173,4213188845,14328
12.551527,4213202961,4213190305,12656
12.551527,4213203337,4213190681,12656
12.551611,4213214813,4213192141,22672
12.551616,4213214681,4213193601,21080
12.551616,4213214397,4213195061,19336
12.551616,4213214105,4213196521,17584
12.551616,4213215565,4213197981,17584
12.551623,4213215353,4213199441,15912
12.551623,4213215069,4213200901,14168
12.551623,4213214785,4213202361,12424
12.551623,4213215761,4213203337,12424
12.551689,4213225141,4213204797,20344
12.551692,4213224849,4213206257,18592
12.551692,4213226309,4213207717,18592
12.551692,4213226097,4213209177,16920
12.551699,4213225813,4213210637,15176
12.551699,4213225529,4213212097,13432
12.551699,4213226989,4213213557,13432
12.551699,4213226777,4213215017,11760
12.551699,4213225777,4213215761,10016
12.551766,4213235957,4213217221,18736
12.551769,4213235665,4213218681,16984
12.55177,4213237125,4213220141,16984
12.55177,4213236865,4213221601,15264
12.551775,4213236629,4213223061,13568
12.551775,4213236345,4213224521,11824
12.551775,4213237601,4213225777,11824
12.551829,4213245061,4213227237,17824
12.551832,4213244929,4213228697,16232
12.551832,4213244637,4213230157,14480
12.551832,4213244353,4213231617,12736
12.551838,4213245813,4213233077,12736
12.551838,4213245601,4213234537,11064
12.551839,4213245317,4213235997,9320
12.551839,4213246721,4213237401,9320
12.551902,4213254381,4213238861,15520
12.551905,4213255841,4213240321,15520
12.551905,4213255557,4213241781,13776
12.551905,4213255345,4213243241,12104
12.55191,4213255061,4213244701,10360
12.55191,4213254769,4213246161,8608
12.55191,4213255329,4213246721,8608
12.55196,4213263221,4213248181,15040
12.551964,4213262929,4213249641,13288
12.551964,4213262645,4213251101,11544
12.551964,4213264105,4213252561,11544
12.551964,4213263893,4213254021,9872
12.551969,4213263457,4213255329,8128
12.552014,4213270757,4213256789,13968
12.552023,4213270697,4213258249,12448
12.552023,4213270413,4213259709,10704
12.552023,4213270121,4213261169,8952
12.552023,4213271581,4213262629,8952
12.552023,4213270745,4213263457,7288
12.552065,4213277709,4213264917,12792
12.552068,4213277425,4213266377,11048
12.552068,4213277141,4213267837,9304
12.552068,4213278601,4213269297,9304
12.552073,4213278377,4213270745,7632
12.55211,4213283493,4213272205,11288
12.552114,4213283201,4213273665,9536
12.552114,4213284661,4213275125,9536
12.552114,4213284457,4213276585,7872
12.552119,4213284165,4213278045,6120
12.552119,4213284497,4213278377,6120
12.552158,4213290189,4213279837,10352
12.552162,4213289913,4213281297,8616
12.552162,4213291373,4213282757,8616
12.552162,4213291161,4213284217,6944
12.552162,4213291441,4213284497,6944
12.552196,4213295989,4213285957,10032
12.552199,4213296073,4213287417,8656
12.5522,4213295781,4213288877,6904
12.5522,4213295497,4213290337,5160
12.552205,4213296601,4213291441,5160
12.552239,4213301093,4213292901,8192
12.552242,4213302553,4213294361,8192
12.552242,4213302341,4213295821,6520
12.552242,4213301377,4213296601,4776
12.552271,4213306453,4213298061,8392
12.552279,4213306401,4213299521,6880
12.552279,4213306117,4213300981,5136
12.552279,4213306513,4213301377,5136
12.552301,4213309517,4213302837,6680
12.552305,4213310977,4213304297,6680
12.552305,4213310765,4213305757,5008
12.552305,4213311521,4213306513,5008
12.552333,4213315085,4213307973,7112
12.552337,4213314817,4213309433,5384
12.552337,4213314533,4213310893,3640
12.552337,4213315161,4213311521,3640
12.552364,4213319405,4213312981,6424
12.552368,4213319265,4213314441,4824
12.552368,4213319985,4213315161,4824
12.552387,4213322421,4213316621,5800
12.55239,4213322137,4213318081,4056
12.552391,4213321853,4213319541,2312
12.552391,4213322297,4213319985,2312
12.552418,4213325901,4213321445,4456
12.552418,4213326753,4213322297,4456
12.552432,4213328725,4213323757,4968
12.552435,4213328617,4213325217,3400
12.552435,4213328325,4213326677,1648
12.552438,4213328401,4213326753,1648
12.55246,4213332589,4213328213,4376
12.552463,4213331449,4213328401,3048
12.552471,4213334181,4213329861,4320
12.552474,4213334321,4213331321,3000
12.552474,4213334449,4213331449,3000
12.552489,4213336517,4213332909,3608
12.552491,4213336233,4213334369,1864
12.552491,4213336313,4213334449,1864
12.55251,4213338605,4213335909,2696
12.55251,4213339009,4213336313,2696
12.552519,4213339773,4213337773,2000
12.552529,4213342129,4213339233,2896
12.552529,4213341133,4213339773,1360
12.758405,4213390285,4213341133,49152
12.758415,4213390433,4213342593,47840
12.758421,4213391893,4213344053,47840
12.758421,4213391673,4213345513,46160
12.758421,4213391381,4213346973,44408
12.758421,4213391097,4213348433,42664
12.758429,4213392557,4213349893,42664
12.758429,4213392345,4213351353,40992
12.758429,4213392053,4213352813,39240
12.758429,4213391777,4213354273,37504
12.758429,4213393237,4213355733,37504
12.758429,4213393025,4213357193,35832
12.758429,4213392733,4213358653,34080
12.758439,4213392457,4213360113,32344
12.758439,4213393917,4213361573,32344
12.758533,4213406793,4213363033,43760
12.758537,4213408253,4213364493,43760
12.758537,4213408033,4213365953,42080
12.758537,4213407749,4213367413,40336
12.758544,4213407457,4213368873,38584
12.758544,4213408917,4213370333,38584
12.758544,4213408705,4213371793,36912
12.758544,4213408413,4213373253,35160
12.758544,4213408137,4213374713,33424
12.758552,4213409597,4213376173,33424
12.758552,4213409385,4213377633,31752
12.758552,4213409093,4213379093,30000
12.758552,4213408809,4213380553,28256
12.758552,4213410269,4213382013,28256
12.758662,4213424537,4213383473,41064
12.758667,4213425997,4213384933,41064
12.758667,4213425785,4213386393,39392
12.758667,4213425501,4213387853,37648
12.758667,4213425209,4213389313,35896
12.758667,4213426669,4213390773,35896
12.758676,4213426465,4213392233,34232
12.758676,4213426181,4213393693,32488
12.758676,4213425889,4213395153,30736
12.758676,4213427349,4213396613,30736
12.758676,4213427145,4213398073,29072
12.758676,4213426853,4213399533,27320
12.758676,4213426561,4213400993,25568
12.758684,4213428021,4213402453,25568
12.75879,4213442729,4213403913,38816
12.758794,4213442437,4213405373,37064
12.758794,4213443897,4213406833,37064
12.758794,4213443685,4213408293,35392
12.758794,4213443401,4213409753,33648
12.758803,4213443117,4213411213,31904
12.758803,4213444577,4213412673,31904
12.758803,4213444365,4213414133,30232
12.758803,4213444081,4213415593,28488
12.758803,4213443797,4213417053,26744
12.758803,4213445257,4213418513,26744
12.758803,4213445037,4213419973,25064
12.758811,4213444753,4213421433,23320
12.758811,4213444469,4213422893,21576
12.758917,4213461089,4213424353,36736
12.75892,4213461141,4213425813,35328
12.75892,4213460849,4213427273,33576
12.75892,4213460565,4213428733,31832
12.758927,4213462025,4213430193,31832
12.758927,4213461821,4213431653,30168
12.758928,4213461529,4213433113,28416
12.758928,4213461245,4213434573,26672
12.758928,4213462705,4213436033,26672
12.758928,4213462493,4213437493,25000
12.758936,4213462209,4213438953,23256
12.758936,4213461917,4213440413,21504
12.758936,4213463377,4213441873,21504
12.758936,4213463173,4213443333,19840
12.759045,4213478073,4213444793,33280
12.759049,4213479533,4213446253,33280
12.759049,4213479265,4213447713,31552
12.759049,4213479029,4213449173,29856
12.759055,4213478753,4213450633,28120
12.759055,4213480213,4213452093,28120
12.759055,4213479937,4213453553,26384
12.759055,4213479709,4213455013,24696
12.759055,4213479425,4213456473,22952
12.759063,4213480885,4213457933,22952
12.759063,4213480609,4213459393,21216
12.759063,4213480381,4213460853,19528
12.759063,4213480105,4213462313,17792
12.759063,4213480965,4213463173,17792
12.75917,4213494985,4213464633,30352
12.75917,4213496445,4213466093,30352
12.759176,4213496233,4213467553,28680
12.759176,4213495941,4213469013,26928
12.759176,4213495665,4213470473,25192
12.759176,4213496193,4213471001,25192
12.759217,4213502597,4213472461,30136
12.759222,4213502313,4213473921,28392
12.759222,4213502029,4213475381,26648
12.759222,4213503489,4213476841,26648
12.759228,4213503277,4213478301,24976
12.759228,4213502985,4213479761,23224
12.759228,4213502701,4213481221,21480
12.759229,4213504161,4213482681,21480
12.759229,4213503949,4213484141,19808
12.759229,4213503665,4213485601,18064
12.759238,4213503381,4213487061,16320
12.759238,4213504841,4213488521,16320
12.759238,4213504629,4213489981,14648
12.759238,4213504337,4213491441,12896
12.759345,4213519781,4213492901,26880
12.759353,4213519497,4213494361,25136
12.759353,4213520957,4213495821,25136
12.759353,4213520745,4213497281,23464
12.759353,4213520461,4213498741,21720
12.759353,4213520169,4213500201,19968
12.759353,4213521629,4213501661,19968
12.759353,4213521417,4213503121,18296
12.759362,4213520889,4213504337,16552
12.759426,4213531813,4213505797,26016
12.759431,4213531905,4213507257,24648
12.759431,4213531613,4213508717,22896
12.759431,4213531337,4213510177,21160
12.759431,4213532797,4213511637,21160
12.759438,4213532577,4213513097,19480
12.759438,4213532293,4213514557,17736
12.759438,4213532009,4213516017,15992
12.759438,4213533469,4213517477,15992
12.759438,4213532041,4213517721,14320
12.759509,4213543397,4213519181,24216
12.759513,4213543321,4213520641,22680
12.759513,4213543037,4213522101,20936
12.759513,4213542745,4213523561,19184
12.759518,4213544205,4213525021,19184
12.759518,4213544001,4213526481,17520
12.759518,4213543709,4213527941,15768
12.759518,4213543417,4213529401,14016
12.759523,4213544877,4213530861,14016
12.759523,4213544393,4213532041,12352
12.759599,4213555517,4213533501,22016
12.759604,4213555233,4213534961,20272
12.759604,4213554949,4213536421,18528
12.759604,4213556409,4213537881,18528
12.759604,4213556197,4213539341,16856
12.759611,4213555913,4213540801,15112
12.759611,4213555621,4213542261,13360
12.759611,4213557081,4213543721,13360
12.759611,4213556081,4213544393,11688
12.759676,4213565805,4213545853,19952
12.759679,4213565513,4213547313,18200
12.759679,4213566973,4213548773,18200
12.759679,4213566761,4213550233,16528
12.759685,4213566477,4213551693,14784
12.759685,4213566193,4213553153,13040
12.759685,4213567653,4213554613,13040
12.759685,4213567433,4213556073,11360
12.759691,4213567441,4213556081,11360
12.759749,4213576597,4213557541,19056
12.759753,4213576809,4213559001,17808
12.759753,4213576525,4213560461,16064
12.759753,4213576241,4213561921,14320
12.759759,4213577701,4213563381,14320
12.759759,4213577489,4213564841,12648
12.759759,4213577197,4213566301,10896
12.759759,4213576601,4213567441,9160
12.75982,4213586349,4213568901,17448
12.759824,4213586073,4213570361,15712
12.759824,4213585781,4213571821,13960
12.759824,4213587241,4213573281,13960
12.75983,4213587029,4213574741,12288
12.75983,4213586745,4213576201,10544
12.75983,4213587145,4213576601,10544
12.759878,4213594317,4213578061,16256
12.759881,4213594033,4213579521,14512
12.759881,4213593741,4213580981,12760
12.759881,4213595201,4213582441,12760
12.759887,4213594997,4213583901,11096
12.759887,4213594705,4213585361,9344
12.759887,4213594421,4213586821,7600
12.759887,4213594745,4213587145,7600
12.759944,4213603653,4213588605,15048
12.759949,4213603465,4213590065,13400
12.759949,4213603181,4213591525,11656
12.759949,4213604641,4213592985,11656
12.759949,4213604349,4213594445,9904
12.759949,4213604649,4213594745,9904
12.759991,4213609757,4213596205,13552
12.759995,4213609473,4213597665,11808
12.759995,4213610933,4213599125,11808
12.759995,4213610689,4213600585,10104
12.759995,4213610437,4213602045,8392
12.760001,4213610153,4213603505,6648
12.760001,4213611297,4213604649,6648
12.760053,4213617893,4213606109,11784
12.760054,4213619353,4213607569,11784
12.760059,4213619109,4213609029,10080
12.760059,4213618857,4213610489,8368
12.760059,4213619665,4213611297,8368
12.760094,4213624325,4213612757,11568
12.760098,4213624033,4213614217,9816
12.760098,4213623757,4213615677,8080
12.760098,4213625217,4213617137,8080
12.760104,4213625005,4213618597,6408
12.760104,4213624321,4213619665,4656
12.760146,4213631373,4213621125,10248
12.76015,4213631089,4213622585,8504
12.76015,4213632549,4213624045,8504
12.76015,4213631113,4213624321,6792
12.760175,4213634645,4213625781,8864
12.760179,4213636105,4213627241,8864
12.760179,4213635885,4213628701,7184
12.760179,4213635601,4213630161,5440
12.760184,4213636553,4213631113,5440
12.760218,4213640685,4213632573,8112
12.760221,4213642145,4213634033,8112
12.760221,4213641933,4213635493,6440
12.760221,4213641249,4213636553,4696
12.760252,4213646413,4213638013,8400
12.760256,4213646361,4213639473,6888
12.760256,4213646077,4213640933,5144
12.760256,4213646393,4213641249,5144
12.760281,4213650501,4213642709,7792
12.760285,4213650569,4213644169,6400
12.760285,4213650285,4213645629,4656
12.760285,4213651049,4213646393,4656
12.760313,4213654245,4213647853,6392
12.760317,4213653969,4213649313,4656
12.760317,4213655429,4213650773,4656
12.760317,4213655705,4213651049,4656
12.760342,4213658085,4213652509,5576
12.760346,4213659545,4213653969,5576
12.760346,4213659333,4213655429,3904
12.760346,4213659609,4213655705,3904
12.760373,4213663221,4213657165,6056
12.760377,4213663313,4213658625,4688
12.760378,4213662545,4213659609,2936
12.760396,4213666413,4213661069,5344
12.7604,4213666633,4213662529,4104
12.7604,4213666649,4213662545,4104
12.760414,4213668909,4213664005,4904
12.760418,4213669169,4213665465,3704
12.760418,4213668673,4213666649,2024
12.760441,4213672405,4213668109,4296
12.760441,4213672969,4213668673,4296
12.760452,4213673629,4213670133,3496
12.760456,4213673345,4213671593,1752
12.760456,4213674721,4213672969,1752
12.760479,4213677765,4213674429,3336
12.760479,4213678057,4213674721,3336
12.76049,4213678957,4213676181,2776
12.760494,4213678665,4213677641,1024
12.760494,4213679081,4213678057,1024
12.966402,4213727593,4213679081,48512
12.966412,4213729549,4213680541,49008
12.966416,4213729129,4213682001,47128
12.966416,4213728845,4213683461,45384
12.966416,4213730305,4213684921,45384
12.966416,4213730085,4213686381,43704
12.966425,4213729809,4213687841,41968
12.966425,4213729517,4213689301,40216
12.966425,4213730977,4213690761,40216
12.966425,4213730765,4213692221,38544
12.966425,4213730481,4213693681,36800
12.966425,4213730197,4213695141,35056
12.966425,4213731657,4213696601,35056
12.966434,4213731437,4213698061,33376
12.966434,4213731161,4213699521,31640
12.966533,4213746165,4213700981,45184
12.966537,4213745881,4213702441,43440
12.966537,4213745597,4213703901,41696
12.966537,4213747057,4213705361,41696
12.966543,4213746837,4213706821,40016
12.966543,4213746561,4213708281,38280
12.966543,4213746269,4213709741,36528
12.966543,4213747729,4213711201,36528
12.966543,4213747517,4213712661,34856
12.966551,4213747233,4213714121,33112
12.966551,4213746949,4213715581,31368
12.966551,4213748409,4213717041,31368
12.966551,4213748189,4213718501,29688
12.966551,4213747913,4213719961,27952
12.966661,4213763629,4213721421,42208
12.966666,4213763337,4213722881,40456
12.966666,4213764797,4213724341,40456
12.966666,4213764561,4213725801,38760
12.966666,4213764301,4213727261,37040
12.966675,4213764017,4213728721,35296
12.966675,4213765477,4213730181,35296
12.966675,4213765225,4213731641,33584
12.966675,4213764981,4213733101,31880
12.966675,4213764689,4213734561,30128
12.966675,4213766149,4213736021,30128
12.966675,4213765897,4213737481,28416
12.966675,4213765653,4213738941,26712
12.966685,4213765369,4213740401,24968
12.966788,4213780989,4213741861,39128
12.966792,4213780705,4213743321,37384
12.966792,4213782165,4213744781,37384
12.966792,4213781953,4213746241,35712
12.966798,4213781661,4213747701,33960
12.966798,4213781385,4213749161,32224
12.966798,4213782845,4213750621,32224
12.966798,4213782625,4213752081,30544
12.966798,4213782341,4213753541,28800
12.966806,4213782057,4213755001,27056
12.966806,4213783517,4213756461,27056
12.966806,4213783305,4213757921,25384
12.966806,4213783021,4213759381,23640
12.966806,4213782737,4213760841,21896
12.966916,4213798597,4213762301,36296
12.966919,4213800057,4213763761,36296
12.966919,4213799813,4213765221,34592
12.966919,4213799561,4213766681,32880
12.966926,4213799269,4213768141,31128
12.966926,4213800729,4213769601,31128
12.966926,4213800477,4213771061,29416
12.966926,4213800233,4213772521,27712
12.966926,4213799949,4213773981,25968
12.966933,4213801409,4213775441,25968
12.966934,4213801141,4213776901,24240
12.966934,4213800913,4213778361,22552
12.966934,4213800629,4213779821,20808
12.966934,4213802089,4213781281,20808
12.967044,4213816653,4213782741,33912
12.967049,4213816369,4213784201,32168
12.967049,4213817829,4213785661,32168
12.967049,4213817617,4213787121,30496
12.967049,4213817325,4213788581,28744
12.967056,4213817041,4213790041,27000
12.967057,4213818501,4213791501,27000
12.967057,4213818289,4213792961,25328
12.967057,4213818005,4213794421,23584
12.967057,4213817721,4213795881,21840
12.967057,4213819181,4213797341,21840
12.967065,4213818969,4213798801,20168
12.967065,4213818685,4213800261,18424
12.967065,4213818393,4213801721,16672
12.967171,4213833909,4213803181,30728
12.967175,4213835369,4213804641,30728
12.967175,4213835157,4213806101,29056
12.967175,4213834873,4213807561,27312
12.967182,4213834581,4213809021,25560
12.967182,4213836041,4213810481,25560
12.967182,4213835829,4213811941,23888
12.967182,4213835545,4213813401,22144
12.967182,4213835261,4213814861,20400
12.967182,4213836721,4213816321,20400
12.96719,4213836509,4213817781,18728
12.96719,4213837121,4213818393,18728
12.967275,4213849389,4213819853,29536
12.967279,4213849609,4213821313,28296
12.967279,4213849373,4213822773,26600
12.967279,4213849097,4213824233,24864
12.967286,4213850557,4213825693,24864
12.967286,4213850273,4213827153,23120
12.967286,4213850053,4213828613,21440
12.967286,4213849769,4213830073,19696
12.967286,4213851229,4213831533,19696
12.967294,4213850945,4213832993,17952
12.967294,4213850733,4213834453,16280
12.967294,4213850449,4213835913,14536
12.967294,4213851657,4213837121,14536
12.967397,4213864941,4213838581,26360
12.967397,4213864657,4213840041,24616
12.967397,4213866117,4213841501,24616
12.967397,4213865905,4213842961,22944
12.967403,4213865621,4213844421,21200
12.967403,4213865961,4213844761,21200
12.96744,4213871965,4213846221,25744
12.967444,4213871673,4213847681,23992
12.967444,4213871381,4213849141,22240
12.967444,4213872841,4213850601,22240
12.967448,4213872637,4213852061,20576
12.967448,4213872345,4213853521,18824
12.967449,4213872061,4213854981,17080
12.967449,4213873521,4213856441,17080
12.967454,4213873317,4213857901,15416
12.967454,4213873025,4213859361,13664
12.967454,4213872741,4213860821,11920
12.967454,4213874201,4213862281,11920
12.967458,4213873989,4213863741,10248
12.967458,4213873697,4213865201,8496
12.967569,4213889965,4213866661,23304
12.967573,4213889681,4213868121,21560
12.967573,4213889389,4213869581,19808
12.967573,4213890849,4213871041,19808
12.967573,4213890645,4213872501,18144
12.96758,4213890089,4213873697,16392
12.967621,4213897309,4213875157,22152
12.967625,4213897017,4213876617,20400
12.967625,4213896733,4213878077,18656
12.967625,4213898193,4213879537,18656
12.967631,4213897981,4213880997,16984
12.967631,4213897697,4213882457,15240
12.967631,4213897413,4213883917,13496
12.967631,4213898873,4213885377,13496
12.967631,4213898661,4213886837,11824
12.967638,4213898377,4213888297,10080
12.967638,4213898085,4213889757,8328
12.967638,4213898417,4213890089,8328
12.967724,4213911085,4213891549,19536
12.967728,4213910801,4213893009,17792
12.967728,4213912261,4213894469,17792
12.967728,4213912041,4213895929,16112
12.967733,4213911765,4213897389,14376
12.967733,4213912793,4213898417,14376
12.967776,4213917733,4213899877,17856
12.967779,4213919193,4213901337,17856
12.967779,4213918981,4213902797,16184
12.967779,4213918697,4213904257,14440
12.967785,4213918405,4213905717,12688
12.967785,4213919865,4213907177,12688
12.967785,4213919661,4213908637,11024
12.967785,4213919369,4213910097,9272
12.967785,4213919085,4213911557,7528
12.967792,4213920321,4213912793,7528
12.967866,4213930365,4213914253,16112
12.967872,4213931825,4213915713,16112
12.967872,4213931621,4213917173,14448
12.967872,4213931329,4213918633,12696
12.967872,4213931045,4213920093,10952
12.967872,4213931273,4213920321,10952
12.967912,4213937517,4213921781,15736
12.967916,4213937225,4213923241,13984
12.967916,4213936933,4213924701,12232
12.967916,4213938393,4213926161,12232
12.967922,4213938189,4213927621,10568
12.967922,4213937897,4213929081,8816
12.967922,4213937613,4213930541,7072
12.967922,4213938345,4213931273,7072
12.967981,4213946853,4213932733,14120
12.967985,4213946569,4213934193,12376
12.967985,4213948029,4213935653,12376
12.967985,4213947817,4213937113,10704
12.96799,4213947305,4213938345,8960
12.968025,4213952765,4213939805,12960
12.968029,4213952473,4213941265,11208
12.968029,4213953933,4213942725,11208
12.968029,4213953721,4213944185,9536
12.968034,4213953437,4213945645,7792
12.968034,4213953145,4213947105,6040
12.968034,4213953345,4213947305,6040
12.968081,4213960917,4213948765,12152
12.968085,4213960625,4213950225,10400
12.968085,4213960341,4213951685,8656
12.968085,4213961801,4213953145,8656
12.96809,4213962001,4213953345,8656
12.968118,4213965861,4213954805,11056
12.968122,4213965577,4213956265,9312
12.968122,4213967037,4213957725,9312
12.968122,4213966825,4213959185,7640
12.968128,4213966533,4213960645,5888
12.968128,4213966153,4213962001,4152
12.968173,4213973765,4213963461,10304
12.968176,4213973481,4213964921,8560
12.968176,4213974713,4213966153,8560
12.968199,4213976861,4213967613,9248
12.968202,4213976577,4213969073,7504
12.968202,4213978037,4213970533,7504
12.968202,4213977817,4213971993,5824
12.968207,4213977541,4213973453,4088
12.968207,4213978801,4213974713,4088
12.968252,4213983917,4213976173,7744
12.968256,4213985377,4213977633,7744
12.968256,4213984865,4213978801,6064
12.968278,4213988221,4213980261,7960
12.968281,4213987945,4213981721,6224
12.968281,4213987653,4213983181,4472
12.968281,4213989113,4213984641,4472
12.968286,4213989337,4213984865,4472
12.968316,4213993789,4213986325,7464
12.96832,4213994009,4213987785,6224
12.96832,4213993781,4213989245,4536
12.968321,4213993873,4213989337,4536
12.968344,4213997653,4213990797,6856
12.968348,4213997681,4213992257,5424
12.968348,4213997397,4213993717,3680
12.968348,4213997553,4213993873,3680
12.968371,4214001509,4213995333,6176
12.968375,4214001649,4213996793,4856
12.968375,4214000665,4213997553,3112
12.968395,4214003901,4213999013,4888
12.9684,4214005361,4214000473,4888
12.9684,4214003873,4214000665,3208
12.968415,4214006581,4214002125,4456
12.968418,4214008041,4214003585,4456
12.968418,4214006649,4214003873,2776
12.968434,4214009221,4214005333,3888
12.968438,4214010537,4214006649,3888
12.968451,4214012637,4214008109,4528
12.968459,4214012353,4214009569,2784
12.968459,4214013321,4214010537,2784
12.968476,4214015845,4214011997,3848
12.968479,4214015417,4214013321,2096
12.968493,4214017429,4214014781,2648
12.968493,4214018065,4214015417,2648
12.968506,4214019237,4214016877,2360
12.968509,4214020425,4214018065,2360
12.968523,4214021461,4214019525,1936
12.968523,4214022361,4214020425,1936
12.968538,4214023749,4214021885,1864
12.968538,4214024225,4214022361,1864
12.96855,4214025893,4214023821,2072
12.96855,4214026297,4214024225,2072
12.968562,4214027877,4214025685,2192
12.968562,4214026745,4214026297,448
13.174403,4214075897,4214026745,49152
13.174413,4214077045,4214028205,48840
13.174418,4214076649,4214029665,46984
13.174418,4214076357,4214031125,45232
13.174418,4214077817,4214032585,45232
13.174418,4214077605,4214034045,43560
13.174427,4214077321,4214035505,41816
13.174427,4214077029,4214036965,40064
13.174427,4214078489,4214038425,40064
13.174427,4214078277,4214039885,38392
13.174427,4214078001,4214041345,36656
13.174427,4214077709,4214042805,34904
13.174427,4214079169,4214044265,34904
13.174436,4214078957,4214045725,33232
13.174436,4214078673,4214047185,31488
13.174531,4214092453,4214048645,43808
13.174535,4214093913,4214050105,43808
13.174535,4214093709,4214051565,42144
13.174535,4214093417,4214053025,40392
13.174542,4214093125,4214054485,38640
13.174542,4214094585,4214055945,38640
13.174542,4214094381,4214057405,36976
13.174542,4214094089,4214058865,35224
13.174542,4214093805,4214060325,33480
13.174542,4214095265,4214061785,33480
13.17455,4214095061,4214063245,31816
13.17455,4214094769,4214064705,30064
13.17455,4214094485,4214066165,28320
13.17455,4214095945,4214067625,28320
13.174658,4214110045,4214069085,40960
13.174662,4214111505,4214070545,40960
13.174662,4214111293,4214072005,39288
13.174662,4214111009,4214073465,37544
13.174669,4214110717,4214074925,35792
13.174669,4214112177,4214076385,35792
13.174669,4214111965,4214077845,34120
13.174669,4214111689,4214079305,32384
13.174669,4214111397,4214080765,30632
13.174669,4214112857,4214082225,30632
13.174678,4214112645,4214083685,28960
13.174678,4214112361,4214085145,27216
13.174678,4214112077,4214086605,25472
13.174678,4214113537,4214088065,25472
13.174786,4214128197,4214089525,38672
13.17479,4214127913,4214090985,36928
13.174791,4214129373,4214092445,36928
13.174791,4214129161,4214093905,35256
13.174797,4214128869,4214095365,33504
13.174797,4214128585,4214096825,31760
13.174797,4214130045,4214098285,31760
13.174797,4214129841,4214099745,30096
13.174797,4214129549,4214101205,28344
13.174805,4214129265,4214102665,26600
13.174805,4214130725,4214104125,26600
13.174805,4214130513,4214105585,24928
13.174805,4214130229,4214107045,23184
13.174805,4214129937,4214108505,21432
13.174915,4214146109,4214109965,36144
13.174919,4214145833,4214111425,34408
13.174919,4214147293,4214112885,34408
13.174919,4214147073,4214114345,32728
13.174919,4214146789,4214115805,30984
13.174927,4214146505,4214117265,29240
13.174927,4214147965,4214118725,29240
13.174927,4214147753,4214120185,27568
13.174927,4214147461,4214121645,25816
13.174927,4214147185,4214123105,24080
13.174927,4214148645,4214124565,24080
13.174935,4214148425,4214126025,22400
13.174935,4214148141,4214127485,20656
13.174935,4214147857,4214128945,18912
13.175042,4214163469,4214130405,33064
13.175047,4214164929,4214131865,33064
13.175047,4214164725,4214133325,31400
13.175047,4214164433,4214134785,29648
13.175047,4214164149,4214136245,27904
13.175054,4214165609,4214137705,27904
13.175054,4214165397,4214139165,26232
13.175054,4214165113,4214140625,24488
13.175054,4214164821,4214142085,22736
13.175054,4214166281,4214143545,22736
13.175055,4214166077,4214145005,21072
13.175062,4214165785,4214146465,19320
13.175062,4214165433,4214147857,17576
13.17516,4214179637,4214149317,30320
13.175168,4214181097,4214150777,30320
13.175168,4214180885,4214152237,28648
13.175168,4214180593,4214153697,26896
13.175168,4214180317,4214155157,25160
13.175168,4214181777,4214156617,25160
13.175169,4214181557,4214158077,23480
13.175169,4214181273,4214159537,21736
13.175179,4214180989,4214160997,19992
13.175179,4214182449,4214162457,19992
13.175179,4214182237,4214163917,18320
13.175179,4214181945,4214165377,16568
13.175179,4214182001,4214165433,16568
13.17527,4214195501,4214166893,28608
13.175274,4214195217,4214168353,26864
13.175274,4214196677,4214169813,26864
13.175274,4214196465,4214171273,25192
13.175274,4214196993,4214171801,25192
13.175309,4214201005,4214173261,27744
13.175314,4214200713,4214174721,25992
13.175314,4214202173,4214176181,25992
13.175314,4214201969,4214177641,24328
13.17532,4214201677,4214179101,22576
13.17532,4214201385,4214180561,20824
13.17532,4214202845,4214182021,20824
13.17532,4214202641,4214183481,19160
13.17532,4214202357,4214184941,17416
13.17532,4214202065,4214186401,15664
13.175329,4214203525,4214187861,15664
13.175329,4214203321,4214189321,14000
13.175329,4214203029,4214190781,12248
13.175329,4214202745,4214192241,10504
13.175439,4214219357,4214193701,25656
13.175439,4214219577,4214195161,24416
13.175446,4214219293,4214196621,22672
13.175446,4214219001,4214198081,20920
13.175446,4214220461,4214199541,20920
13.175446,4214220241,4214201001,19240
13.175446,4214219965,4214202461,17504
13.175446,4214220249,4214202745,17504
13.175503,4214228445,4214204205,24240
13.175507,4214228273,4214205665,22608
13.175507,4214227981,4214207125,20856
13.175507,4214229441,4214208585,20856
13.175513,4214229149,4214210045,19104
13.175513,4214228945,4214211505,17440
13.175513,4214228653,4214212965,15688
13.175513,4214228369,4214214425,13944
13.175513,4214229829,4214215885,13944
13.17552,4214229625,4214217345,12280
13.17552,4214229049,4214218521,10528
13.175602,4214242093,4214219981,22112
13.175607,4214242097,4214221441,20656
13.175607,4214241813,4214222901,18912
13.175607,4214241529,4214224361,17168
13.175607,4214242989,4214225821,17168
13.175613,4214242777,4214227281,15496
13.175613,4214242485,4214228741,13744
13.175614,4214242793,4214229049,13744
13.175667,4214251181,4214230509,20672
13.175676,4214251409,4214231969,19440
13.175676,4214251205,4214233429,17776
13.175676,4214250913,4214234889,16024
13.175676,4214252373,4214236349,16024
13.175676,4214252081,4214237809,14272
13.175676,4214251877,4214239269,12608
13.175676,4214251585,4214240729,10856
13.175683,4214253045,4214242189,10856
13.175683,4214251905,4214242793,9112
13.175753,4214262661,4214244253,18408
13.175757,4214262369,4214245713,16656
13.175757,4214263829,4214247173,16656
13.175757,4214263625,4214248633,14992
13.175763,4214263341,4214250093,13248
13.175763,4214263049,4214251553,11496
13.175763,4214263401,4214251905,11496
13.175811,4214270157,4214253365,16792
13.175815,4214271617,4214254825,16792
13.175815,4214271405,4214256285,15120
13.175815,4214271113,4214257745,13368
13.175815,4214270829,4214259205,11624
13.175821,4214272289,4214260665,11624
13.175821,4214272085,4214262125,9960
13.175821,4214271609,4214263401,8208
13.175882,4214280973,4214264861,16112
13.175887,4214281201,4214266321,14880
13.175887,4214280981,4214267781,13200
13.175887,4214280697,4214269241,11456
13.175887,4214282157,4214270701,11456
13.175887,4214281321,4214271609,9712
13.175933,4214287109,4214273069,14040
13.175938,4214288569,4214274529,14040
13.175938,4214288357,4214275989,12368
13.175938,4214288073,4214277449,10624
13.175938,4214287789,4214278909,8880
13.175944,4214289249,4214280369,8880
13.175944,4214288521,4214281321,7200
13.175994,4214295925,4214282781,13144
13.175998,4214295633,4214284241,11392
13.175998,4214297093,4214285701,11392
13.175998,4214296889,4214287161,9728
13.176003,4214296497,4214288521,7976
13.176039,4214302733,4214289981,12752
13.176042,4214302441,4214291441,11000
13.176042,4214302157,4214292901,9256
13.176042,4214303617,4214294361,9256
13.176047,4214303405,4214295821,7584
13.176047,4214302329,4214296497,5832
13.176089,4214308821,4214297957,10864
13.176093,4214310281,4214299417,10864
13.176093,4214310069,4214300877,9192
13.176093,4214309769,4214302329,7440
13.176125,4214314125,4214303789,10336
13.176129,4214313833,4214305249,8584
13.176129,4214315293,4214306709,8584
13.176129,4214315089,4214308169,6920
13.176135,4214314797,4214309629,5168
13.176135,4214314937,4214309769,5168
13.176177,4214321909,4214311229,10680
13.176181,4214322105,4214312689,9416
13.176181,4214321813,4214314149,7664
13.176181,4214322601,4214314937,7664
13.176204,4214325541,4214316397,9144
13.176208,4214325249,4214317857,7392
13.176208,4214324965,4214319317,5648
13.176208,4214326425,4214320777,5648
13.176213,4214326213,4214322237,3976
13.176213,4214326577,4214322601,3976
13.176252,4214332317,4214324061,8256
13.176255,4214332033,4214325521,6512
13.176255,4214333089,4214326577,6512
13.176276,4214335773,4214328037,7736
13.176281,4214335633,4214329497,6136
13.176281,4214335349,4214330957,4392
13.176281,4214335065,4214332417,2648
13.176281,4214335737,4214333089,2648
13.176318,4214341453,4214334549,6904
13.17632,4214341057,4214335737,5320
13.176334,4214343621,4214337197,6424
13.176338,4214343329,4214338657,4672
13.176338,4214343037,4214340117,2920
13.176338,4214343977,4214341057,2920
13.176368,4214347525,4214342517,5008
13.17637,4214348985,4214343977,5008
13.176386,4214350253,4214345437,4816
13.176389,4214349961,4214346897,3064
13.176389,4214351421,4214348357,3064
13.17639,4214350377,4214348985,1392
13.382407,4214398985,4214350377,48608
13.382419,4214400397,4214351837,48560
13.382425,4214400025,4214353297,46728
13.382425,4214401485,4214354757,46728
13.382425,4214401273,4214356217,45056
13.382425,4214400981,4214357677,43304
13.382425,4214400697,4214359137,41560
13.382425,4214402157,4214360597,41560
13.382437,4214401945,4214362057,39888
13.382437,4214401661,4214363517,38144
13.382437,4214401377,4214364977,36400
13.382437,4214402837,4214366437,36400
13.382437,4214402625,4214367897,34728
13.382437,4214402341,4214369357,32984
13.382437,4214402049,4214370817,31232
13.382534,4214415637,4214372277,43360
13.382539,4214417097,4214373737,43360
13.382539,4214416893,4214375197,41696
13.382539,4214416601,4214376657,39944
13.382539,4214416317,4214378117,38200
13.382547,4214417777,4214379577,38200
13.382547,4214417565,4214381037,36528
13.382547,4214417281,4214382497,34784
13.382547,4214416989,4214383957,33032
13.382547,4214418449,4214385417,33032
13.382547,4214418245,4214386877,31368
13.382555,4214417961,4214388337,29624
13.382555,4214417669,4214389797,27872
13.382555,4214419129,4214391257,27872
13.382661,4214434397,4214392717,41680
13.382666,4214434113,4214394177,39936
13.382666,4214433821,4214395637,38184
13.382666,4214435281,4214397097,38184
13.382666,4214435069,4214398557,36512
13.382675,4214434785,4214400017,34768
13.382675,4214434493,4214401477,33016
13.382675,4214435953,4214402937,33016
13.382675,4214435749,4214404397,31352
13.382675,4214435465,4214405857,29608
13.382675,4214435173,4214407317,27856
13.382675,4214436633,4214408777,27856
13.382683,4214436429,4214410237,26192
13.382683,4214436137,4214411697,24440
13.382789,4214452013,4214413157,38856
13.382793,4214451729,4214414617,37112
13.382793,4214451437,4214416077,35360
13.382793,4214452897,4214417537,35360
13.382793,4214452685,4214418997,33688
13.382801,4214452401,4214420457,31944
13.382801,4214452109,4214421917,30192
13.382801,4214453569,4214423377,30192
13.382801,4214453365,4214424837,28528
13.382801,4214453081,4214426297,26784
13.382801,4214452789,4214427757,25032
13.382809,4214454249,4214429217,25032
13.382809,4214454045,4214430677,23368
13.382809,4214453753,4214432137,21616
13.382917,4214470021,4214433597,36424
13.382921,4214470065,4214435057,35008
13.382921,4214469773,4214436517,33256
13.382922,4214469489,4214437977,31512
13.382922,4214470949,4214439437,31512
13.38293,4214470737,4214440897,29840
13.38293,4214470453,4214442357,28096
13.38293,4214470169,4214443817,26352
13.38293,4214471629,4214445277,26352
13.38293,4214471417,4214446737,24680
13.38293,4214471125,4214448197,22928
13.382938,4214470849,4214449657,21192
13.382938,4214472309,4214451117,21192
13.382938,4214472089,4214452577,19512
13.383046,4214486789,4214454037,32752
13.383047,4214488249,4214455497,32752
13.383053,4214488037,4214456957,31080
13.383053,4214487745,4214458417,29328
13.383053,4214487461,4214459877,27584
13.383053,4214488921,4214461337,27584
13.383053,4214488717,4214462797,25920
13.383062,4214488425,4214464257,24168
13.383062,4214488141,4214465717,22424
13.383062,4214489601,4214467177,22424
13.383062,4214489389,4214468637,20752
13.383062,4214489105,4214470097,19008
13.383062,4214488813,4214471557,17256
13.383062,4214489345,4214472089,17256
13.383166,4214503701,4214473549,30152
13.383175,4214505161,4214475009,30152
13.383175,4214504941,4214476469,28472
13.383176,4214504665,4214477929,26736
13.383176,4214504373,4214479389,24984
13.383176,4214505833,4214480849,24984
13.383176,4214505621,4214482309,23312
13.383176,4214505337,4214483769,21568
13.383185,4214505053,4214485229,19824
13.383185,4214506513,4214486689,19824
13.383186,4214506293,4214488149,18144
13.383186,4214505753,4214489345,16408
13.383275,4214518965,4214490805,28160
13.38328,4214518673,4214492265,26408
13.38328,4214520133,4214493725,26408
13.38328,4214519921,4214495185,24736
13.38328,4214519637,4214496645,22992
13.383286,4214519353,4214498105,21248
13.383286,4214520089,4214498841,21248
13.383338,4214527501,4214500301,27200
13.383341,4214528961,4214501761,27200
13.383341,4214528685,4214503221,25464
13.383341,4214528465,4214504681,23784
13.383345,4214528181,4214506141,22040
13.383345,4214529641,4214507601,22040
13.383345,4214529349,4214509061,20288
13.383345,4214529145,4214510521,18624
13.383351,4214528853,4214511981,16872
13.383351,4214530313,4214513441,16872
13.383351,4214530029,4214514901,15128
13.383351,4214529825,4214516361,13464
13.383355,4214529533,4214517821,11712
13.383355,4214530993,4214519281,11712
13.383462,4214545437,4214520741,24696
13.383467,4214545145,4214522201,22944
13.383467,4214544861,4214523661,21200
13.383467,4214546321,4214525121,21200
13.383467,4214546109,4214526581,19528
13.383474,4214545817,4214528041,17776
13.383474,4214545533,4214529501,16032
13.383474,4214546993,4214530961,16032
13.383474,4214547025,4214530993,16032
13.383535,4214555749,4214532453,23296
13.38354,4214555641,4214533913,21728
13.38354,4214555357,4214535373,19984
13.38354,4214555065,4214536833,18232
13.38354,4214556525,4214538293,18232
13.383547,4214556321,4214539753,16568
13.383547,4214556037,4214541213,14824
13.383547,4214555745,4214542673,13072
13.383547,4214557205,4214544133,13072
13.383547,4214556961,4214545561,11400
13.383626,4214567981,4214547021,20960
13.383629,4214567697,4214548481,19216
13.38363,4214569157,4214549941,19216
13.38363,4214568929,4214551401,17528
13.383635,4214568653,4214552861,15792
13.383636,4214568377,4214554321,14056
13.383636,4214569837,4214555781,14056
13.383636,4214569313,4214556961,12352
13.383702,4214578221,4214558421,19800
13.383707,4214579681,4214559881,19800
13.383707,4214579389,4214561341,18048
13.383707,4214579185,4214562801,16384
13.383707,4214578893,4214564261,14632
13.383714,4214580353,4214565721,14632
13.383714,4214580069,4214567181,12888
13.383714,4214579857,4214568641,11216
13.383714,4214580529,4214569313,11216
13.383775,4214588117,4214570773,17344
13.383779,4214589577,4214572233,17344
13.383779,4214589365,4214573693,15672
13.383779,4214589073,4214575153,13920
13.383779,4214588797,4214576613,12184
13.383786,4214590257,4214578073,12184
13.383786,4214590037,4214579533,10504
13.383786,4214589289,4214580529,8760
13.383844,4214597661,4214581989,15672
13.383848,4214599121,4214583449,15672
13.383848,4214598917,4214584909,14008
13.383848,4214598633,4214586369,12264
13.383853,4214598341,4214587829,10512
13.383853,4214599801,4214589289,10512
13.383899,4214605221,4214590749,14472
13.383903,4214606681,4214592209,14472
13.383903,4214606461,4214593669,12792
13.383903,4214606169,4214595129,11040
13.383903,4214605893,4214596589,9304
13.38391,4214607353,4214598049,9304
13.38391,4214607133,4214599509,7624
13.38391,4214607425,4214599801,7624
13.383966,4214614749,4214601261,13488
13.383966,4214614457,4214602721,11736
13.383971,4214615917,4214604181,11736
13.383971,4214615705,4214605641,10064
13.383971,4214615421,4214607101,8320
13.383971,4214615745,4214607425,8320
13.384012,4214621485,4214608885,12600
13.384016,4214621193,4214610345,10848
13.384017,4214622653,4214611805,10848
13.384017,4214622441,4214613265,9176
13.384022,4214622157,4214614725,7432
13.384022,4214623177,4214615745,7432
13.384064,4214628469,4214617205,11264
13.384068,4214629929,4214618665,11264
13.384068,4214629645,4214620125,9520
13.384068,4214629433,4214621585,7848
13.384074,4214629149,4214623045,6104
13.384074,4214629281,4214623177,6104
13.384111,4214635221,4214624637,10584
13.384118,4214634929,4214626097,8832
13.384118,4214636389,4214627557,8832
13.384118,4214636177,4214629017,7160
13.384118,4214636441,4214629281,7160
13.384149,4214641005,4214630741,10264
13.384153,4214640777,4214632201,8576
13.384153,4214640493,4214633661,6832
13.384153,4214641953,4214635121,6832
13.384158,4214641537,4214636441,5096
13.384198,4214647469,4214637901,9568
13.384202,4214647177,4214639361,7816
13.384202,4214646893,4214640821,6072
13.384202,4214647609,4214641537,6072
13.384226,4214651285,4214642997,8288
13.38423,4214651001,4214644457,6544
13.38423,4214652461,4214645917,6544
13.38423,4214652169,4214647377,4792
13.38423,4214652401,4214647609,4792
13.384263,4214656693,4214649069,7624
13.384267,4214656401,4214650529,5872
13.384267,4214656117,4214651989,4128
13.384267,4214656529,4214652401,4128
13.384293,4214661029,4214653861,7168
13.384297,4214660865,4214655321,5544
13.384297,4214660321,4214656529,3792
13.384319,4214664077,4214657989,6088
13.384322,4214663785,4214659449,4336
13.384322,4214664657,4214660321,4336
13.384343,4214666741,4214661781,4960
13.384347,4214668201,4214663241,4960
13.384347,4214667945,4214664657,3288
13.38437,4214671725,4214666117,5608
13.384373,4214671601,4214667577,4024
13.384373,4214671969,4214667945,4024
13.38439,4214673541,4214669405,4136
13.384397,4214675001,4214670865,4136
13.384397,4214674425,4214671969,2456
13.384417,4214678101,4214673429,4672
13.384417,4214677577,4214674425,3152
13.384431,4214680141,4214675885,4256
13.384434,4214680049,4214677345,2704
13.384434,4214680281,4214677577,2704
13.38445,4214682869,4214679037,3832
13.384453,4214682609,4214680281,2328
13.384468,4214685141,4214681741,3400
13.384468,4214684777,4214682609,2168
13.384482,4214687189,4214684069,3120
13.384482,4214686585,4214684777,1808
13.384495,4214688125,4214686237,1888
13.384496,4214688473,4214686585,1888
13.384507,4214689541,4214688045,1496
13.384507,4214689969,4214688473,1496
13.384518,4214691413,4214689933,1480
13.384522,4214691449,4214689969,1480
13.384531,4214693997,4214691429,2568
13.384536,4214694017,4214691449,2568
13.384539,4214695133,4214692909,2224
13.384548,4214695385,4214694369,1016
13.384548,4214696149,4214695133,1016
13.590404,4214745301,4214696149,49152
13.590415,4214745865,4214697609,48256
13.590421,4214745525,4214699069,46456
13.590421,4214746985,4214700529,46456
13.590421,4214746773,4214701989,44784
13.590421,4214746489,4214703449,43040
13.590421,4214746197,4214704909,41288
13.59043,4214747657,4214706369,41288
13.59043,4214747453,4214707829,39624
13.59043,4214747161,4214709289,37872
13.59043,4214746877,4214710749,36128
13.59043,4214748337,4214712209,36128
13.59043,4214748125,4214713669,34456
13.59043,4214747841,4214715129,32712
13.59043,4214747549,4214716589,30960
13.590533,4214762329,4214718049,44280
13.590538,4214762053,4214719509,42544
13.590538,4214763513,4214720969,42544
13.590538,4214763293,4214722429,40864
13.590538,4214763009,4214723889,39120
13.590545,4214762725,4214725349,37376
13.590545,4214764185,4214726809,37376
13.590545,4214763965,4214728269,35696
13.590545,4214763681,4214729729,33952
13.590545,4214763405,4214731189,32216
13.590545,4214764865,4214732649,32216
13.590553,4214764645,4214734109,30536
13.590553,4214764361,4214735569,28792
13.590553,4214764077,4214737029,27048
13.59066,4214780585,4214738489,42096
13.590669,4214780365,4214739949,40416
13.590669,4214780081,4214741409,38672
13.590669,4214781541,4214742869,38672
13.590669,4214781249,4214744329,36920
13.590669,4214781045,4214745789,35256
13.590669,4214780753,4214747249,33504
13.590669,4214782213,4214748709,33504
13.590669,4214781929,4214750169,31760
13.59068,4214781717,4214751629,30088
13.59068,4214781433,4214753089,28344
13.59068,4214782893,4214754549,28344
13.59068,4214782601,4214756009,26592
13.59068,4214782397,4214757469,24928
13.590788,4214797521,4214758929,38592
13.590793,4214798981,4214760389,38592
13.590793,4214798769,4214761849,36920
13.590793,4214798485,4214763309,35176
13.590793,4214798201,4214764769,33432
13.5908,4214799661,4214766229,33432
13.5908,4214799433,4214767689,31744
13.5908,4214799165,4214769149,30016
13.5908,4214798873,4214770609,28264
13.5908,4214800333,4214772069,28264
13.590807,4214800105,4214773529,26576
13.590807,4214799837,4214774989,24848
13.590807,4214799553,4214776449,23104
13.590807,4214801013,4214777909,23104
13.590916,4214815177,4214779369,35808
13.590921,4214816637,4214780829,35808
13.590921,4214816425,4214782289,34136
13.590921,4214816141,4214783749,32392
13.590921,4214815857,4214785209,30648
13.590929,4214817317,4214786669,30648
13.590929,4214817097,4214788129,28968
13.590929,4214816821,4214789589,27232
13.590929,4214816529,4214791049,25480
13.590929,4214817989,4214792509,25480
13.590929,4214817777,4214793969,23808
13.590938,4214817493,4214795429,22064
13.590938,4214817209,4214796889,20320
13.590938,4214818669,4214798349,20320
13.591044,4214833793,4214799809,33984
13.591048,4214833893,4214801269,32624
13.591048,4214833609,4214802729,30880
13.591048,4214833333,4214804189,29144
13.591054,4214834793,4214805649,29144
13.591054,4214834573,4214807109,27464
13.591054,4214834281,4214808569,25712
13.591054,4214834005,4214810029,23976
13.591054,4214835465,4214811489,23976
13.591054,4214835245,4214812949,22296
13.591063,4214834961,4214814409,20552
13.591063,4214834685,4214815869,18816
13.591063,4214836145,4214817329,18816
13.591063,4214835805,4214818669,17136
13.591171,4214851185,4214820129,31056
13.591178,4214850893,4214821589,29304
13.591178,4214850609,4214823049,27560
13.591178,4214852069,4214824509,27560
13.591178,4214851777,4214825881,25896
13.591216,4214856637,4214827341,29296
13.591221,4214858097,4214828801,29296
13.591221,4214857885,4214830261,27624
13.591221,4214857593,4214831721,25872
13.591221,4214857317,4214833181,24136
13.591229,4214858777,4214834641,24136
13.59123,4214858557,4214836101,22456
13.59123,4214858273,4214837561,20712
13.59123,4214857997,4214839021,18976
13.59123,4214859457,4214840481,18976
13.59123,4214859237,4214841941,17296
13.59123,4214858945,4214843401,15544
13.591239,4214858669,4214844861,13808
13.591239,4214860129,4214846321,13808
13.591344,4214875405,4214847781,27624
13.591348,4214875657,4214849241,26416
13.591348,4214875445,4214850701,24744
13.591348,4214875153,4214852161,22992
13.591354,4214876613,4214853621,22992
13.591354,4214876337,4214855081,21256
13.591354,4214876125,4214856541,19584
13.591354,4214875833,4214858001,17832
13.591354,4214875557,4214859461,16096
13.591354,4214876225,4214860129,16096
13.59143,4214887429,4214861589,25840
13.591435,4214887145,4214863049,24096
13.591435,4214886853,4214864509,22344
13.591435,4214888313,4214865969,22344
13.591435,4214888109,4214867429,20680
13.591442,4214887817,4214868889,18928
13.591442,4214887533,4214870349,17184
13.591442,4214888993,4214871809,17184
13.591442,4214888113,4214872601,15512
13.591508,4214897773,4214874061,23712
13.591511,4214897489,4214875521,21968
13.591511,4214898949,4214876981,21968
13.591511,4214898737,4214878441,20296
13.591518,4214898445,4214879901,18544
13.591518,4214898169,4214881361,16808
13.591518,4214899629,4214882821,16808
13.591518,4214899409,4214884281,15128
13.591518,4214899125,4214885741,13384
13.591525,4214898849,4214887201,11648
13.591525,4214899761,4214888113,11648
13.591605,4214911645,4214889573,22072
13.59161,4214911361,4214891033,20328
13.59161,4214911077,4214892493,18584
13.59161,4214912537,4214893953,18584
13.59161,4214912325,4214895413,16912
13.591617,4214912033,4214896873,15160
13.591617,4214911749,4214898333,13416
13.591617,4214913177,4214899761,13416
13.591677,4214921797,4214901221,20576
13.591681,4214921505,4214902681,18824
13.591681,4214921221,4214904141,17080
13.591681,4214922681,4214905601,17080
13.591687,4214922469,4214907061,15408
13.591687,4214922185,4214908521,13664
13.591687,4214921901,4214909981,11920
13.591687,4214923361,4214911441,11920
13.591687,4214923133,4214912901,10232
13.591687,4214923409,4214913177,10232
13.591761,4214932285,4214914637,17648
13.591765,4214933745,4214916097,17648
13.591765,4214933525,4214917557,15968
13.591765,4214933233,4214919017,14216
13.591771,4214932957,4214920477,12480
13.591771,4214934417,4214921937,12480
13.591771,4214934197,4214923397,10800
13.591771,4214934209,4214923409,10800
13.591825,4214942253,4214924869,17384
13.59183,4214942481,4214926329,16152
13.59183,4214942269,4214927789,14480
13.59183,4214941977,4214929249,12728
13.591836,4214943437,4214930709,12728
13.591836,4214943161,4214932169,10992
13.591836,4214942941,4214933629,9312
13.591836,4214943521,4214934209,9312
13.591892,4214950541,4214935669,14872
13.591896,4214952001,4214937129,14872
13.591897,4214951789,4214938589,13200
13.591897,4214951497,4214940049,11448
13.591902,4214951221,4214941509,9712
13.591902,4214952681,4214942969,9712
13.591902,4214951553,4214943521,8032
13.591951,4214959757,4214944981,14776
13.591955,4214959609,4214946441,13168
13.591955,4214959317,4214947901,11416
13.591955,4214959041,4214949361,9680
13.59196,4214960501,4214950821,9680
13.59196,4214959553,4214951553,8000
13.592001,4214966349,4214953013,13336
13.592005,4214966057,4214954473,11584
13.592005,4214967517,4214955933,11584
13.592005,4214967257,4214957393,9864
13.59201,4214967021,4214958853,8168
13.59201,4214967721,4214959553,8168
13.592051,4214973629,4214961013,12616
13.592054,4214973577,4214962473,11104
13.592054,4214973301,4214963933,9368
13.592054,4214973017,4214965393,7624
13.59206,4214974477,4214966853,7624
13.59206,4214973665,4214967721,5944
13.592102,4214979837,4214969181,10656
13.592108,4214981297,4214970641,10656
13.592108,4214981085,4214972101,8984
13.592108,4214980801,4214973561,7240
13.592108,4214980905,4214973665,7240
13.592139,4214985781,4214975125,10656
13.592143,4214985497,4214976585,8912
13.592143,4214985221,4214978045,7176
13.592143,4214986681,4214979505,7176
13.592148,4214986401,4214980905,5496
13.592184,4214991365,4214982365,9000
13.592188,4214992825,4214983825,9000
13.592188,4214992533,4214985285,7248
13.592188,4214991985,4214986401,5584
13.592219,4214995989,4214987861,8128
13.592222,4214997449,4214989321,8128
13.592223,4214997229,4214990781,6448
13.592223,4214996689,4214991985,4704
13.592253,4215001045,4214993445,7600
13.59226,4215000769,4214994905,5864
13.59226,4215002229,4214996365,5864
13.592261,4215000881,4214996689,4192
13.592283,4215005405,4214998149,7256
13.592286,4215005113,4214999609,5504
13.592286,4215006385,4215000881,5504
13.592309,4215008725,4215002341,6384
13.592313,4215008433,4215003801,4632
13.592313,4215009893,4215005261,4632
13.592313,4215009353,4215006385,2968
13.592343,4215013693,4215007845,5848
13.592347,4215013409,4215009305,4104
13.592347,4215013457,4215009353,4104
13.592362,4215016501,4215010813,5688
13.59237,4215016217,4215012273,3944
13.59237,4215017401,4215013457,3944
13.592387,4215019541,4215014917,4624
13.592391,4215021001,4215016377,4624
13.592391,4215020273,4215017401,2872
13.592413,4215023701,4215018861,4840
13.592416,4215023369,4215020273,3096
13.59243,4215025565,4215021733,3832
13.592434,4215025289,4215023193,2096
13.592434,4215025465,4215023369,2096
13.59245,4215027805,4215024829,2976
13.59245,4215028441,4215025465,2976
13.592462,4215029661,4215026925,2736
13.592466,4215031121,4215028385,2736
13.592466,4215031177,4215028441,2736
13.592481,4215032693,4215029901,2792
13.592484,4215033969,4215031177,2792
13.592498,4215035717,4215032637,3080
13.592501,4215035673,4215033969,1704
13.592516,4215037741,4215035429,2312
13.592516,4215037985,4215035673,2312
13.592527,4215038397,4215037133,1264
13.592527,4215039249,4215037985,1264
13.798403,4215087641,4215039249,48392
13.798413,4215089861,4215040709,49152
13.798417,4215089785,4215042169,47616
13.798418,4215089501,4215043629,45872
13.798418,4215089217,4215045089,44128
13.798418,4215090677,4215046549,44128
13.798426,4215090457,4215048009,42448
13.798426,4215090173,4215049469,40704
13.798426,4215089889,4215050929,38960
13.798426,4215091349,4215052389,38960
13.798426,4215091129,4215053849,37280
13.798426,4215090853,4215055309,35544
13.798426,4215090569,4215056769,33800
13.798435,4215092029,4215058229,33800
13.798435,4215091601,4215059481,32120
13.798533,4215106261,4215060941,45320
13.798537,4215106457,4215062401,44056
13.798537,4215106165,4215063861,42304
13.798537,4215105881,4215065321,40560
13.798543,4215107341,4215066781,40560
13.798543,4215107129,4215068241,38888
13.798543,4215106845,4215069701,37144
13.798543,4215106561,4215071161,35400
13.798543,4215108021,4215072621,35400
13.798543,4215107809,4215074081,33728
13.798552,4215107525,4215075541,31984
13.798552,4215107233,4215077001,30232
13.798552,4215108693,4215078461,30232
13.798552,4215108481,4215079921,28560
13.79866,4215123845,4215081381,42464
13.798664,4215123553,4215082841,40712
13.798664,4215123269,4215084301,38968
13.798664,4215124729,4215085761,38968
13.79867,4215124517,4215087221,37296
13.79867,4215124233,4215088681,35552
13.79867,4215123949,4215090141,33808
13.79867,4215125409,4215091601,33808
13.79867,4215125197,4215093061,32136
13.798678,4215124905,4215094521,30384
13.798678,4215124629,4215095981,28648
13.798678,4215126089,4215097441,28648
13.798678,4215125869,4215098901,26968
13.798678,4215125585,4215100361,25224
13.798788,4215141733,4215101821,39912
13.798793,4215141593,4215103281,38312
13.798793,4215141301,4215104741,36560
13.798793,4215141017,4215106201,34816
13.798793,4215142477,4215107661,34816
13.798801,4215142273,4215109121,33152
13.798801,4215141981,4215110581,31400
13.798801,4215141697,4215112041,29656
13.798801,4215143157,4215113501,29656
13.798801,4215142945,4215114961,27984
13.798801,4215142661,4215116421,26240
13.798809,4215142369,4215117881,24488
13.798809,4215143829,4215119341,24488
13.798809,4215143625,4215120801,22824
13.798915,4215158669,4215122261,36408
13.798919,4215158377,4215123721,34656
13.79892,4215159837,4215125181,34656
13.79892,4215159625,4215126641,32984
13.79892,4215159341,4215128101,31240
13.798927,4215159057,4215129561,29496
13.798927,4215160517,4215131021,29496
13.798927,4215160297,4215132481,27816
13.798927,4215160021,4215133941,26080
13.798927,4215159729,4215135401,24328
13.798927,4215161189,4215136861,24328
13.798935,4215160977,4215138321,22656
13.798935,4215160693,4215139781,20912
13.798935,4215160409,4215141241,19168
13.799043,4215177205,4215142701,34504
13.799048,4215176929,4215144161,32768
13.799048,4215176645,4215145621,31024
13.799048,4215178105,4215147081,31024
13.799054,4215177869,4215148541,29328
13.799054,4215177609,4215150001,27608
13.799054,4215177317,4215151461,25856
13.799054,4215178777,4215152921,25856
13.799054,4215178541,4215154381,24160
13.799054,4215178289,4215155841,22448
13.799063,4215177997,4215157301,20696
13.799063,4215179457,4215158761,20696
13.799063,4215179205,4215160221,18984
13.799063,4215179393,4215160409,18984
13.799163,4215193797,4215161869,31928
13.799168,4215194025,4215163329,30696
13.799168,4215193749,4215164789,28960
13.799168,4215193465,4215166249,27216
13.799168,4215194925,4215167709,27216
13.799176,4215194689,4215169169,25520
13.799176,4215194429,4215170629,23800
13.799176,4215194137,4215172089,22048
13.799176,4215195597,4215173549,22048
13.799176,4215195361,4215175009,20352
13.799176,4215194913,4215176281,18632
13.799262,4215206325,4215177741,28584
13.799266,4215207785,4215179201,28584
13.799266,4215207581,4215180661,26920
13.799266,4215207297,4215182121,25176
13.799272,4215207005,4215183581,23424
13.799272,4215208465,4215185041,23424
13.799272,4215208261,4215186501,21760
13.799272,4215207969,4215187961,20008
13.799272,4215207685,4215189421,18264
13.79928,4215209145,4215190881,18264
13.79928,4215208933,4215192341,16592
13.79928,4215208649,4215193801,14848
13.79928,4215209761,4215194913,14848
13.799378,4215222581,4215196373,26208
13.799382,4215224041,4215197833,26208
13.799382,4215223829,4215199293,24536
13.799382,4215223545,4215200753,22792
13.799389,4215223261,4215202213,21048
13.799389,4215224721,4215203673,21048
13.799389,4215224509,4215205133,19376
13.79939,4215224217,4215206593,17624
13.79939,4215223933,4215208053,15880
13.79939,4215225393,4215209513,15880
13.79939,4215223969,4215209761,14208
13.799472,4215235589,4215211221,24368
13.799476,4215237049,4215212681,24368
13.799476,4215236845,4215214141,22704
13.799476,4215236561,4215215601,20960
13.799476,4215236269,4215217061,19208
13.799483,4215237729,4215218521,19208
13.799483,4215237517,4215219981,17536
13.799483,4215237233,4215221441,15792
13.799483,4215236941,4215222901,14040
13.799483,4215237041,4215223001,14040
13.799555,4215248149,4215224461,23688
13.79956,4215248321,4215225921,22400
13.79956,4215248037,4215227381,20656
13.79956,4215247745,4215228841,18904
13.79956,4215249205,4215230301,18904
13.799568,4215249001,4215231761,17240
13.799568,4215248709,4215233221,15488
13.799568,4215248425,4215234681,13744
13.799568,4215249885,4215236141,13744
13.799568,4215249113,4215237041,12072
13.799641,4215260197,4215238501,21696
13.799645,4215260353,4215239961,20392
13.799645,4215260061,4215241421,18640
13.799645,4215259777,4215242881,16896
13.799651,4215261237,4215244341,16896
13.799652,4215261025,4215245801,15224
13.799652,4215260733,4215247261,13472
13.799652,4215260457,4215248721,11736
13.799652,4215260849,4215249113,11736
13.799717,4215270661,4215250573,20088
13.799721,4215270881,4215252033,18848
13.799721,4215270637,4215253493,17144
13.799721,4215270345,4215254953,15392
13.799727,4215271805,4215256413,15392
13.799728,4215271545,4215257873,13672
13.799728,4215271309,4215259333,11976
13.799728,4215271025,4215260793,10232
13.799728,4215271081,4215260849,10232
13.799791,4215280893,4215262309,18584
13.799795,4215280649,4215263769,16880
13.799795,4215280357,4215265229,15128
13.799795,4215281817,4215266689,15128
13.7998,4215281565,4215268149,13416
13.7998,4215281321,4215269609,11712
13.7998,4215281433,4215269721,11712
13.799846,4215288557,4215271181,17376
13.799849,4215288265,4215272641,15624
13.79985,4215287989,4215274101,13888
13.79985,4215289449,4215275561,13888
13.799856,4215289229,4215277021,12208
13.799856,4215288945,4215278481,10464
13.799856,4215288661,4215279941,8720
13.799856,4215290121,4215281401,8720
13.799856,4215290153,4215281433,8720
13.79992,4215298285,4215282893,15392
13.799924,4215297993,4215284353,13640
13.799924,4215299453,4215285813,13640
13.799924,4215299249,4215287273,11976
13.799924,4215298957,4215288733,10224
13.79993,4215298633,4215290153,8480
13.799974,4215306365,4215291613,14752
13.79998,4215306105,4215293073,13032
13.79998,4215305813,4215294533,11280
13.79998,4215307273,4215295993,11280
13.79998,4215307029,4215297453,9576
13.79998,4215306505,4215298633,7872
13.800027,4215313637,4215300093,13544
13.80003,4215313649,4215301553,12096
13.80003,4215313365,4215303013,10352
13.80003,4215313081,4215304473,8608
13.800035,4215314541,4215305933,8608
13.800035,4215313441,4215306505,6936
13.800076,4215320461,4215307965,12496
13.80008,4215320385,4215309425,10960
13.80008,4215320093,4215310885,9208
13.80008,4215319817,4215312345,7472
13.800084,4215320913,4215313441,7472
13.800119,4215325453,4215314901,10552
13.800123,4215326913,4215316361,10552
13.800123,4215326709,4215317821,8888
13.800123,4215326417,4215319281,7136
13.800129,4215326133,4215320741,5392
13.800129,4215326305,4215320913,5392
13.800166,4215332965,4215322373,10592
13.80017,4215333025,4215323833,9192
13.80017,4215332741,4215325293,7448
13.80017,4215333753,4215326305,7448
13.8002,4215337405,4215327765,9640
13.800208,4215337121,4215329225,7896
13.800208,4215336837,4215330685,6152
13.800208,4215338297,4215332145,6152
13.800208,4215338085,4215333605,4480
13.800208,4215338233,4215333753,4480
13.800246,4215344101,4215335213,8888
13.80025,4215344321,4215336673,7648
13.80025,4215344117,4215338133,5984
13.80025,4215344217,4215338233,5984
13.800274,4215347965,4215339693,8272
13.800278,4215348017,4215341153,6864
13.800278,4215347733,4215342613,5120
13.800278,4215347441,4215344073,3368
13.800283,4215347585,4215344217,3368
13.800311,4215353005,4215345677,7328
13.800314,4215352721,4215347137,5584
13.800314,4215353169,4215347585,5584
13.800333,4215355813,4215349045,6768
13.800336,4215355521,4215350505,5016
13.800336,4215355245,4215351965,3280
13.800336,4215356449,4215353169,3280
13.800367,4215360925,4215354629,6296
13.800371,4215360849,4215356089,4760
13.800371,4215361209,4215356449,4760
13.800388,4215363037,4215357909,5128
13.800395,4215362753,4215359369,3384
13.800395,4215364213,4215360829,3384
13.800395,4215362921,4215361209,1712
13.800419,4215366893,4215362669,4224
13.800419,4215367145,4215362921,4224
13.800429,4215369013,4215364381,4632
13.800432,4215368729,4215365841,2888
13.800446,4215371837,4215367301,4536
13.800449,4215372025,4215368729,3296
13.800464,4215374341,4215370189,4152
13.800468,4215374601,4215371649,2952
13.800468,4215374977,4215372025,2952
13.800485,4215377221,4215373485,3736
13.800488,4215376937,4215374945,1992
13.800488,4215376969,4215374977,1992
13.800505,4215378925,4215376437,2488
13.800505,4215379457,4215376969,2488
13.800516,4215381077,4215378429,2648
13.800519,4215382105,4215379457,2648
13.800531,4215382717,4215380917,1800
13.800538,4215383905,4215382105,1800
13.800548,4215385933,4215383565,2368
13.800548,4215385041,4215383905,1136
14.006402,4215434193,4215385041,49152
14.006412,4215434749,4215386501,48248
14.006417,4215434409,4215387961,46448
14.006417,4215435869,4215389421,46448
14.006417,4215435649,4215390881,44768
14.006417,4215435373,4215392341,43032
14.006426,4215435081,4215393801,41280
14.006426,4215436541,4215395261,41280
14.006426,4215436329,4215396721,39608
14.006426,4215436045,4215398181,37864
14.006426,4215435761,4215399641,36120
14.006426,4215437221,4215401101,36120
14.006426,4215437001,4215402561,34440
14.006435,4215436725,4215404021,32704
14.006435,4215436433,4215405481,30952
14.006533,4215451341,4215406941,44400
14.006537,4215452801,4215408401,44400
14.006537,4215452597,4215409861,42736
14.006537,4215452305,4215411321,40984
14.006544,4215452021,4215412781,39240
14.006544,4215453481,4215414241,39240
14.006544,4215453269,4215415701,37568
14.006544,4215452985,4215417161,35824
14.006544,4215452693,4215418621,34072
14.006544,4215454153,4215420081,34072
14.006552,4215453949,4215421541,32408
14.006552,4215453657,4215423001,30656
14.006552,4215453373,4215424461,28912
14.006553,4215454833,4215425921,28912
14.006661,4215469061,4215427381,41680
14.006666,4215470521,4215428841,41680
14.006666,4215470309,4215430301,40008
14.006666,4215470017,4215431761,38256
14.006666,4215469741,4215433221,36520
14.006673,4215471201,4215434681,36520
14.006673,4215470981,4215436141,34840
14.006673,4215470697,4215437601,33096
14.006673,4215470413,4215439061,31352
14.006673,4215471873,4215440521,31352
14.006673,4215471661,4215441981,29680
14.006682,4215471369,4215443441,27928
14.006682,4215471093,4215444901,26192
14.006682,4215472553,4215446361,26192
14.006788,4215487669,4215447821,39848
14.006792,4215487577,4215449281,38296
14.006792,4215487293,4215450741,36552
14.006792,4215487009,4215452201,34808
14.006798,4215488469,4215453661,34808
14.006798,4215488257,4215455121,33136
14.006798,4215487965,4215456581,31384
14.006798,4215487681,4215458041,29640
14.006798,4215489141,4215459501,29640
14.006806,4215488929,4215460961,27968
14.006806,4215488645,4215462421,26224
14.006806,4215488361,4215463881,24480
14.006806,4215489821,4215465341,24480
14.006806,4215489609,4215466801,22808
14.006916,4215505405,4215468261,37144
14.006921,4215505625,4215469721,35904
14.006921,4215505389,4215471181,34208
14.006921,4215505105,4215472641,32464
14.006921,4215506565,4215474101,32464
14.006928,4215506297,4215475561,30736
14.006928,4215506061,4215477021,29040
14.006928,4215505777,4215478481,27296
14.006928,4215507237,4215479941,27296
14.006928,4215506961,4215481401,25560
14.006928,4215506741,4215482861,23880
14.006936,4215506457,4215484321,22136
14.006936,4215507917,4215485781,22136
14.006936,4215507633,4215487241,20392
14.007044,4215522349,4215488701,33648
14.00705,4215523809,4215490161,33648
14.00705,4215523589,4215491621,31968
14.00705,4215523313,4215493081,30232
14.00705,4215523021,4215494541,28480
14.007058,4215524481,4215496001,28480
14.007058,4215524253,4215497461,26792
14.007058,4215523985,4215498921,25064
14.007058,4215523701,4215500381,23320
14.007058,4215525161,4215501841,23320
14.007058,4215524925,4215503301,21624
14.007058,4215524665,4215504761,19904
14.007066,4215524373,4215506221,18152
14.007067,4215525785,4215507633,18152
14.007171,4215540765,4215509093,31672
14.007175,4215540481,4215510553,29928
14.007175,4215540189,4215512013,28176
14.007175,4215541649,4215513473,28176
14.007181,4215541445,4215514933,26512
14.007181,4215541153,4215516393,24760
14.007181,4215540861,4215517853,23008
14.007181,4215542321,4215519313,23008
14.007181,4215542117,4215520773,21344
14.007189,4215541833,4215522233,19600
14.007189,4215541541,4215523693,17848
14.007189,4215543001,4215525153,17848
14.007189,4215541969,4215525785,16184
14.007284,4215556565,4215527245,29320
14.007288,4215556401,4215528705,27696
14.007288,4215556117,4215530165,25952
14.007288,4215555833,4215531625,24208
14.007295,4215557293,4215533085,24208
14.007295,4215557081,4215534545,22536
14.007295,4215556789,4215536005,20784
14.007295,4215556505,4215537465,19040
14.007295,4215557965,4215538925,19040
14.007302,4215557753,4215540385,17368
14.007302,4215557469,4215541845,15624
14.007302,4215557593,4215541969,15624
14.007386,4215570653,4215543429,27224
14.00739,4215570369,4215544889,25480
14.00739,4215570077,4215546349,23728
14.00739,4215571537,4215547809,23728
14.007398,4215571333,4215549269,22064
14.007398,4215570361,4215550041,20320
14.007437,4215577565,4215551501,26064
14.00744,4215577289,4215552961,24328
14.00744,4215576997,4215554421,22576
14.00744,4215578457,4215555881,22576
14.007447,4215578245,4215557341,20904
14.007447,4215577961,4215558801,19160
14.007447,4215577677,4215560261,17416
14.007447,4215579137,4215561721,17416
14.007447,4215578917,4215563181,15736
14.007454,4215578641,4215564641,14000
14.007454,4215578349,4215566101,12248
14.007454,4215579809,4215567561,12248
14.007454,4215579597,4215569021,10576
14.007454,4215579193,4215570361,8832
14.007564,4215594501,4215571821,22680
14.007568,4215595961,4215573281,22680
14.007568,4215595669,4215574741,20928
14.007568,4215595465,4215576201,19264
14.007568,4215595173,4215577661,17512
14.007575,4215596633,4215579121,17512
14.007575,4215594961,4215579193,15768
14.007619,4215602917,4215580653,22264
14.007627,4215602625,4215582113,20512
14.007627,4215602341,4215583573,18768
14.007627,4215603801,4215585033,18768
14.007627,4215603589,4215586493,17096
14.007627,4215603305,4215587953,15352
14.007627,4215603013,4215589413,13600
14.007627,4215604473,4215590873,13600
14.007637,4215604269,4215592333,11936
14.007637,4215603977,4215593793,10184
14.007637,4215603401,4215594961,8440
14.007717,4215616597,4215596421,20176
14.007721,4215616713,4215597881,18832
14.007721,4215616429,4215599341,17088
14.007721,4215616145,4215600801,15344
14.007726,4215617605,4215602261,15344
14.007726,4215617073,4215603401,13672
14.00777,4215622885,4215604861,18024
14.007774,4215624345,4215606321,18024
14.007774,4215624125,4215607781,16344
14.007774,4215623849,4215609241,14608
14.00778,4215623557,4215610701,12856
14.00778,4215625017,4215612161,12856
14.00778,4215624797,4215613621,11176
14.00778,4215624521,4215615081,9440
14.00778,4215624237,4215616541,7696
14.00778,4215624769,4215617073,7696
14.007856,4215635621,4215618533,17088
14.007861,4215635337,4215619993,15344
14.007861,4215635045,4215621453,13592
14.007861,4215636505,4215622913,13592
14.007861,4215636301,4215624373,11928
14.007861,4215636697,4215624769,11928
14.007904,4215641997,4215626229,15768
14.007908,4215641705,4215627689,14016
14.007908,4215643165,4215629149,14016
14.007908,4215642961,4215630609,12352
14.007908,4215642677,4215632069,10608
14.007915,4215642385,4215633529,8856
14.007915,4215643845,4215634989,8856
14.007915,4215643633,4215636449,7184
14.007915,4215643881,4215636697,7184
14.007978,4215651693,4215638157,13536
14.007981,4215653153,4215639617,13536
14.007981,4215652933,4215641077,11856
14.007982,4215652641,4215642537,10104
14.007986,4215652249,4215643881,8368
14.008023,4215658221,4215645341,12880
14.008026,4215657945,4215646801,11144
14.008026,4215659405,4215648261,11144
14.008026,4215659185,4215649721,9464
14.008032,4215658901,4215651181,7720
14.008032,4215659969,4215652249,7720
14.008075,4215665509,4215653709,11800
14.008079,4215665217,4215655169,10048
14.008079,4215666677,4215656629,10048
14.008079,4215666473,4215658089,8384
14.008084,4215666189,4215659549,6640
14.008084,4215666609,4215659969,6640
14.008123,4215672989,4215661429,11560
14.008127,4215673009,4215662889,10120
14.008127,4215672725,4215664349,8376
14.008127,4215672441,4215665809,6632
14.008127,4215673241,4215666609,6632
14.008165,4215677629,4215668069,9560
14.008169,4215679089,4215669529,9560
14.00817,4215678877,4215670989,7888
14.00817,4215678593,4215672449,6144
14.00817,4215679385,4215673241,6144
14.008206,4215683949,4215674701,9248
14.00821,4215683665,4215676161,7504
14.00821,4215685125,4215677621,7504
14.00821,4215684905,4215679081,5824
14.00821,4215685209,4215679385,5824
14.008245,4215689821,4215680845,8976
14.008248,4215689721,4215682305,7416
14.008248,4215689429,4215683765,5664
14.008248,4215689129,4215685209,3920
14.008281,4215693965,4215686669,7296
14.008285,4215695425,4215688129,7296
14.008285,4215694753,4215689129,5624
14.008305,4215698237,4215690589,7648
14.008312,4215698257,4215692049,6208
14.008312,4215697973,4215693509,4464
14.008313,4215699217,4215694753,4464
14.008341,4215702917,4215696213,6704
14.008345,4215702633,4215697673,4960
14.008345,4215702341,4215699133,3208
14.008345,4215702425,4215699217,3208
14.008368,4215706125,4215700677,5448
14.008372,4215707585,4215702137,5448
14.008372,4215706153,4215702425,3728
14.008388,4215709373,4215703885,5488
14.008394,4215709089,4215705345,3744
14.008394,4215709897,4215706153,3744
14.008412,4215713021,4215707613,5408
14.008416,4215713241,4215709073,4168
14.008416,4215712345,4215709897,2448
14.008435,4215715173,4215711357,3816
14.008438,4215716161,4215712345,3816
14.00845,4215717629,4215713805,3824
14.008453,4215717337,4215715265,2072
14.008453,4215718233,4215716161,2072
14.008475,4215720517,4215717621,2896
14.008475,4215721129,4215718233,2896
14.008487,4215723477,4215719693,3784
14.00849,4215723417,4215721129,2288
14.008505,4215725973,4215722589,3384
14.008506,4215725241,4215723417,1824
14.00852,4215727701,4215724877,2824
14.00852,4215728065,4215725241,2824
14.008531,4215729173,4215726701,2472
14.008534,4215728785,4215728065,720
14.214407,4215777937,4215728785,49152
14.21442,4215779285,4215730245,49040
14.214424,4215778857,4215731705,47152
14.214425,4215778565,4215733165,45400
14.214425,4215780025,4215734625,45400
14.214425,4215779821,4215736085,43736
14.214434,4215779529,4215737545,41984
14.214434,4215779245,4215739005,40240
14.214434,4215780705,4215740465,40240
14.214434,4215780493,4215741925,38568
14.214434,4215780209,4215743385,36824
14.214434,4215779917,4215744845,35072
14.214434,4215781377,4215746305,35072
14.214434,4215781173,4215747765,33408
14.214445,4215780881,4215749225,31656
14.214532,4215794253,4215750685,43568
14.214538,4215793961,4215752145,41816
14.214538,4215795421,4215753605,41816
14.214538,4215795201,4215755065,40136
14.214538,4215794925,4215756525,38400
14.214538,4215794641,4215757985,36656
14.214548,4215796101,4215759445,36656
14.214548,4215795881,4215760905,34976
14.214548,4215795605,4215762365,33240
14.214548,4215795313,4215763825,31488
14.214548,4215796773,4215765285,31488
14.214548,4215796561,4215766745,29816
14.214548,4215796277,4215768205,28072
14.214548,4215795993,4215769665,26328
14.214659,4215811381,4215771125,40256
14.214663,4215812841,4215772585,40256
14.214663,4215812629,4215774045,38584
14.214663,4215812345,4215775505,36840
14.21467,4215812053,4215776965,35088
14.21467,4215813513,4215778425,35088
14.21467,4215813309,4215779885,33424
14.21467,4215813017,4215781345,31672
14.21467,4215812733,4215782805,29928
14.21467,4215814193,4215784265,29928
14.214679,4215813973,4215785725,28248
14.214679,4215813689,4215787185,26504
14.214679,4215813397,4215788645,24752
14.214679,4215814857,4215790105,24752
14.214787,4215829357,4215791565,37792
14.214792,4215830817,4215793025,37792
14.214792,4215830605,4215794485,36120
14.214792,4215830321,4215795945,34376
14.214792,4215830029,4215797405,32624
14.214801,4215831489,4215798865,32624
14.214801,4215831285,4215800325,30960
14.214801,4215830993,4215801785,29208
14.214801,4215830709,4215803245,27464
14.214801,4215832169,4215804705,27464
14.214801,4215831965,4215806165,25800
14.214801,4215831673,4215807625,24048
14.21481,4215831381,4215809085,22296
14.21481,4215832841,4215810545,22296
14.214915,4215847069,4215812005,35064
14.21492,4215848529,4215813465,35064
14.21492,4215848309,4215814925,33384
14.21492,4215848025,4215816385,31640
14.21492,4215847741,4215817845,29896
14.214928,4215849201,4215819305,29896
14.214928,4215848989,4215820765,28224
14.214928,4215848697,4215822225,26472
14.214928,4215848421,4215823685,24736
14.214928,4215849881,4215825145,24736
14.214928,4215849669,4215826605,23064
14.214936,4215849377,4215828065,21312
14.214936,4215849093,4215829525,19568
14.214936,4215850553,4215830985,19568
14.215043,4215865661,4215832445,33216
14.215047,4215865881,4215833905,31976
14.215047,4215865621,4215835365,30256
14.215047,4215865337,4215836825,28512
14.215047,4215866797,4215838285,28512
14.215056,4215866545,4215839745,26800
14.215056,4215866301,4215841205,25096
14.215056,4215866017,4215842665,23352
14.215056,4215867477,4215844125,23352
14.215056,4215867217,4215845585,21632
14.215056,4215866981,4215847045,19936
14.215056,4215866689,4215848505,18184
14.215065,4215868149,4215849965,18184
14.215065,4215867009,4215850553,16456
14.215165,4215882701,4215852013,30688
14.215169,4215882409,4215853473,28936
14.215169,4215882125,4215854933,27192
14.215169,4215883585,4215856393,27192
14.215176,4215883381,4215857853,25528
14.215176,4215883089,4215859313,23776
14.215176,4215882797,4215860773,22024
14.215176,4215884257,4215862233,22024
14.215176,4215884045,4215863693,20352
14.215176,4215883761,4215865153,18608
14.215184,4215883477,4215866613,16864
14.215184,4215883873,4215867009,16864
14.215268,4215896837,4215868469,28368
14.215272,4215896553,4215869929,26624
14.215272,4215896261,4215871389,24872
14.215272,4215897721,4215872849,24872
14.215278,4215897517,4215874309,23208
14.215278,4215897225,4215875769,21456
14.215278,4215896793,4215877081,19712
14.215334,4215905493,4215878541,26952
14.215334,4215905209,4215880001,25208
14.21534,4215906669,4215881461,25208
14.21534,4215906457,4215882921,23536
14.21534,4215906165,4215884381,21784
14.21534,4215905881,4215885841,20040
14.215349,4215907341,4215887301,20040
14.215349,4215907137,4215888761,18376
14.215349,4215906845,4215890221,16624
14.215349,4215906561,4215891681,14880
14.215349,4215908021,4215893141,14880
14.215349,4215907809,4215894601,13208
14.215349,4215907525,4215896061,11464
14.215349,4215908257,4215896793,11464
14.215455,4215922525,4215898253,24272
14.215459,4215922241,4215899713,22528
14.21546,4215923701,4215901173,22528
14.21546,4215923417,4215902633,20784
14.21546,4215923205,4215904093,19112
14.215466,4215922921,4215905553,17368
14.215466,4215924381,4215907013,17368
14.215466,4215923873,4215908257,15616
14.215526,4215932733,4215909717,23016
14.21553,4215932489,4215911177,21312
14.21553,4215932197,4215912637,19560
14.21553,4215933657,4215914097,19560
14.21553,4215933397,4215915557,17840
14.215538,4215933161,4215917017,16144
14.215538,4215932877,4215918477,14400
14.215538,4215934337,4215919937,14400
14.215538,4215934069,4215921397,12672
14.215538,4215933841,4215922857,10984
14.215538,4215934785,4215923801,10984
14.215623,4215945245,4215925261,19984
14.215627,4215946705,4215926721,19984
14.215627,4215946501,4215928181,18320
14.215627,4215946209,4215929641,16568
14.215627,4215945925,4215931101,14824
14.215634,4215947385,4215932561,14824
14.215634,4215947173,4215934021,13152
14.215634,4215946193,4215934785,11408
14.215695,4215955325,4215936245,19080
14.2157,4215956785,4215937705,19080
14.2157,4215956565,4215939165,17400
14.2157,4215956281,4215940625,15656
14.2157,4215955997,4215942085,13912
14.215707,4215957457,4215943545,13912
14.215707,4215957245,4215945005,12240
14.215707,4215956681,4215946193,10488
14.215763,4215965301,4215947653,17648
14.215766,4215965009,4215949113,15896
14.215766,4215966469,4215950573,15896
14.215766,4215966185,4215952033,14152
14.215771,4215965981,4215953493,12488
14.215771,4215965689,4215954953,10736
14.215771,4215967149,4215956413,10736
14.215771,4215965665,4215956681,8984
14.215829,4215974141,4215958141,16000
14.215829,4215973857,4215959601,14256
14.215834,4215975317,4215961061,14256
14.215834,4215975105,4215962521,12584
14.215834,4215974821,4215963981,10840
14.215834,4215974529,4215965441,9088
14.215834,4215974753,4215965665,9088
14.215884,4215982277,4215967125,15152
14.215887,4215981985,4215968585,13400
14.215888,4215981693,4215970045,11648
14.215888,4215983153,4215971505,11648
14.215893,4215982949,4215972965,9984
14.215893,4215982665,4215974425,8240
14.215893,4215982993,4215974753,8240
14.215941,4215989669,4215976213,13456
14.215946,4215989377,4215977673,11704
14.215946,4215990837,4215979133,11704
14.215946,4215990625,4215980593,10032
14.215946,4215990349,4215982053,8296
14.215946,4215991289,4215982993,8296
14.215993,4215997541,4215984453,13088
14.215997,4215997545,4215985913,11632
14.215997,4215997261,4215987373,9888
14.215997,4215996977,4215988833,8144
14.215997,4215998437,4215990293,8144
14.216003,4215997761,4215991289,6472
14.216044,4216004325,4215992749,11576
14.216049,4216004041,4215994209,9832
14.216049,4216005501,4215995669,9832
14.216049,4216005257,4215997129,8128
14.216049,4216004177,4215997761,6416
14.216085,4216009357,4215999221,10136
14.216089,4216010817,4216000681,10136
14.216089,4216010605,4216002141,8464
14.216089,4216010313,4216003601,6712
14.216089,4216010889,4216004177,6712
14.216125,4216015901,4216005637,10264
14.216129,4216015609,4216007097,8512
14.216129,4216015325,4216008557,6768
14.216129,4216016785,4216010017,6768
14.216129,4216015985,4216010889,5096
14.216174,4216022373,4216012349,10024
14.216179,4216022097,4216013809,8288
14.216179,4216023557,4216015269,8288
14.216179,4216022521,4216015985,6536
14.216199,4216026197,4216017445,8752
14.216204,4216025993,4216018905,7088
14.216204,4216025709,4216020365,5344
14.216204,4216027169,4216021825,5344
14.216204,4216026121,4216022521,3600
14.21624,4216031885,4216023981,7904
14.216243,4216031665,4216025441,6224
14.216243,4216032345,4216026121,6224
14.216262,4216034349,4216027581,6768
14.216267,4216034065,4216029041,5024
14.216267,4216035525,4216030501,5024
14.216267,4216035313,4216031961,3352
14.216267,4216035697,4216032345,3352
14.2163,4216040301,4216033805,6496
14.216304,4216040257,4216035265,4992
14.216304,4216040689,4216035697,4992
14.216322,4216043077,4216037157,5920
14.216326,4216042793,4216038617,4176
14.216326,4216042501,4216040077,2424
14.216326,4216043113,4216040689,2424
14.216353,4216047573,4216042149,5424
14.216356,4216046921,4216043113,3808
14.216368,4216049621,4216044573,5048
14.216371,4216049729,4216046033,3696
14.216371,4216048873,4216046921,1952
14.216395,4216052861,4216048381,4480
14.216395,4216053353,4216048873,4480
14.216405,4216054853,4216050333,4520
14.216409,4216055073,4216051793,3280
14.216422,4216056005,4216053253,2752
14.216426,4216057465,4216054713,2752
14.216426,4216057825,4216055073,2752
14.216443,4216059973,4216056533,3440
14.216446,4216059521,4216057825,1696
14.21646,4216062349,4216059285,3064
14.21646,4216061345,4216059521,1824
14.216471,4216063701,4216060981,2720
14.216471,4216064065,4216061345,2720
14.216482,4216065077,4216062805,2272
14.216488,4216064601,4216064065,536
14.422404,4216113753,4216064601,49152
14.422415,4216115213,4216066061,49152
14.42242,4216114849,4216067521,47328
14.42242,4216114565,4216068981,45584
14.42242,4216116025,4216070441,45584
14.42242,4216115733,4216071901,43832
14.422429,4216115521,4216073361,42160
14.422429,4216115237,4216074821,40416
14.422429,4216116697,4216076281,40416
14.422429,4216116405,4216077741,38664
14.422429,4216116201,4216079201,37000
14.422429,4216115917,4216080661,35256
14.422429,4216117377,4216082121,35256
14.422438,4216117085,4216083581,33504
14.422438,4216116881,4216085041,31840
14.422531,4216130773,4216086501,44272
14.422535,4216130489,4216087961,42528
14.422535,4216131949,4216089421,42528
14.422535,4216131657,4216090881,40776
14.422541,4216131445,4216092341,39104
14.422541,4216131161,4216093801,37360
14.422541,4216132621,4216095261,37360
14.422541,4216132329,4216096721,35608
14.422541,4216132125,4216098181,33944
14.422541,4216131841,4216099641,32200
14.422551,4216133301,4216101101,32200
14.422551,4216133009,4216102561,30448
14.422551,4216132805,4216104021,28784
14.422551,4216132513,4216105481,27032
14.422659,4216148525,4216106941,41584
14.422662,4216148241,4216108401,39840
14.422662,4216149701,4216109861,39840
14.422662,4216149409,4216111321,38088
14.42267,4216149197,4216112781,36416
14.42267,4216148913,4216114241,34672
14.42267,4216148621,4216115701,32920
14.42267,4216150081,4216117161,32920
14.42267,4216149877,4216118621,31256
14.42267,4216149593,4216120081,29512
14.422678,4216149301,4216121541,27760
14.422678,4216150761,4216123001,27760
14.422678,4216150557,4216124461,26096
14.422678,4216150265,4216125921,24344
14.422787,4216166421,4216127381,39040
14.422791,4216166137,4216128841,37296
14.422791,4216165853,4216130301,35552
14.422791,4216167313,4216131761,35552
14.422791,4216167093,4216133221,33872
14.422798,4216166809,4216134681,32128
14.422798,4216166533,4216136141,30392
14.422798,4216167993,4216137601,30392
14.422798,4216167773,4216139061,28712
14.422798,4216167489,4216140521,26968
14.422806,4216167205,4216141981,25224
14.422806,4216168665,4216143441,25224
14.422806,4216168453,4216144901,23552
14.422806,4216168161,4216146361,21800
14.422914,4216183901,4216147821,36080
14.422919,4216183617,4216149281,34336
14.422919,4216185077,4216150741,34336
14.422919,4216184841,4216152201,32640
14.422919,4216184573,4216153661,30912
14.422924,4216184289,4216155121,29168
14.422924,4216185749,4216156581,29168
14.422925,4216185513,4216158041,27472
14.422925,4216185253,4216159501,25752
14.42293,4216184969,4216160961,24008
14.42293,4216186429,4216162421,24008
14.42293,4216186177,4216163881,22296
14.42293,4216185933,4216165341,20592
14.42293,4216185641,4216166801,18840
14.423042,4216201517,4216168261,33256
14.423046,4216201233,4216169721,31512
14.423046,4216202693,4216171181,31512
14.423046,4216202473,4216172641,29832
14.423052,4216202197,4216174101,28096
14.423052,4216201905,4216175561,26344
14.423052,4216203365,4216177021,26344
14.423052,4216203153,4216178481,24672
14.423052,4216202869,4216179941,22928
14.423052,4216202585,4216181401,21184
14.423061,4216204045,4216182861,21184
14.423061,4216203825,4216184321,19504
14.423061,4216203409,4216185641,17768
14.42316,4216218213,4216187101,31112
14.423164,4216217921,4216188561,29360
14.423164,4216217637,4216190021,27616
14.423164,4216219097,4216191481,27616
14.423171,4216218893,4216192941,25952
14.423171,4216218601,4216194401,24200
14.423171,4216218317,4216195861,22456
14.423171,4216219777,4216197321,22456
14.423171,4216219565,4216198781,20784
14.423171,4216219281,4216200241,19040
14.423179,4216218989,4216201701,17288
14.423179,4216220449,4216203161,17288
14.423179,4216220697,4216203409,17288
14.423272,4216232997,4216204869,28128
14.423272,4216234457,4216206329,28128
14.423279,4216234197,4216207789,26408
14.423279,4216233953,4216209249,24704
14.423279,4216233669,4216210709,22960
14.423279,4216235129,4216212169,22960
14.423279,4216234861,4216213629,21232
14.423279,4216234633,4216215089,19544
14.423288,4216234349,4216216549,17800
14.423288,4216235809,4216218009,17800
14.423288,4216235533,4216219469,16064
14.423288,4216235073,4216220697,14376
14.423379,4216248749,4216222157,26592
14.423383,4216249001,4216223617,25384
14.423383,4216248789,4216225077,23712
14.423383,4216248505,4216226537,21968
14.423383,4216249449,4216227481,21968
14.423421,4216254661,4216228941,25720
14.423425,4216254769,4216230401,24368
14.423425,4216254477,4216231861,22616
14.423425,4216254201,4216233321,20880
14.423432,4216255661,4216234781,20880
14.423432,4216255449,4216236241,19208
14.423432,4216255157,4216237701,17456
14.423432,4216254873,4216239161,15712
14.423432,4216256333,4216240621,15712
14.42344,4216256121,4216242081,14040
14.42344,4216255829,4216243541,12288
14.42344,4216255553,4216245001,10552
14.42344,4216257013,4216246461,10552
14.42344,4216256801,4216247921,8880
14.423548,4216272397,4216249381,23016
14.423553,4216272273,4216250841,21432
14.423553,4216271989,4216252301,19688
14.423553,4216271705,4216253761,17944
14.423558,4216273165,4216255221,17944
14.423558,4216272953,4216256681,16272
14.423558,4216273073,4216256801,16272
14.423604,4216280133,4216258261,21872
14.423608,4216280073,4216259721,20352
14.423608,4216279797,4216261181,18616
14.423608,4216279505,4216262641,16864
14.423614,4216280965,4216264101,16864
14.423614,4216280753,4216265561,15192
14.423614,4216280469,4216267021,13448
14.423614,4216280185,4216268481,11704
14.423614,4216281645,4216269941,11704
14.423622,4216281425,4216271401,10024
14.423622,4216281149,4216272861,8288
14.423622,4216281361,4216273073,8288
14.423706,4216294229,4216274533,19696
14.423709,4216294241,4216275993,18248
14.423709,4216293965,4216277453,16512
14.423712,4216293673,4216278913,14760
14.423712,4216295133,4216280373,14760
14.423713,4216294441,4216281361,13080
14.423759,4216301477,4216282821,18656
14.423764,4216301193,4216284281,16912
14.423764,4216300901,4216285741,15160
14.423764,4216302361,4216287201,15160
14.423764,4216302149,4216288661,13488
14.423764,4216301865,4216290121,11744
14.423772,4216301573,4216291581,9992
14.423772,4216303033,4216293041,9992
14.423772,4216302769,4216294441,8328
14.42384,4216312125,4216295901,16224
14.423843,4216311849,4216297361,14488
14.423843,4216313309,4216298821,14488
14.423843,4216313097,4216300281,12816
14.423848,4216312805,4216301741,11064
14.423848,4216313833,4216302769,11064
14.423891,4216319917,4216304229,15688
14.423895,4216320145,4216305689,14456
14.423895,4216319925,4216307149,12776
14.423895,4216319649,4216308609,11040
14.423901,4216321109,4216310069,11040
14.423901,4216320825,4216311529,9296
14.423901,4216320605,4216312989,7616
14.423901,4216321449,4216313833,7616
14.423961,4216329125,4216315293,13832
14.423965,4216328841,4216316753,12088
14.423965,4216330301,4216318213,12088
14.423965,4216330089,4216319673,10416
14.42397,4216329797,4216321133,8664
14.42397,4216330113,4216321449,8664
14.424008,4216335365,4216322909,12456
14.424012,4216336825,4216324369,12456
14.424012,4216336549,4216325829,10720
14.424012,4216336329,4216327289,9040
14.424018,4216336045,4216328749,7296
14.424018,4216337409,4216330113,7296
14.424067,4216343821,4216331573,12248
14.424072,4216343537,4216333033,10504
14.424072,4216344997,4216334493,10504
14.424072,4216344785,4216335953,8832
14.424072,4216344497,4216337409,7088
14.424109,4216349221,4216338869,10352
14.424113,4216350681,4216340329,10352
14.424113,4216350389,4216341789,8600
14.424113,4216350177,4216343249,6928
14.424113,4216349689,4216344497,5192
14.424152,4216354965,4216345957,9008
14.424156,4216356425,4216347417,9008
14.424156,4216356213,4216348877,7336
14.424156,4216357025,4216349689,7336
14.424185,4216359493,4216351149,8344
14.424189,4216360953,4216352609,8344
14.424189,4216360741,4216354069,6672
14.424189,4216360457,4216355529,4928
14.424194,4216360173,4216356989,3184
14.424194,4216360209,4216357025,3184
14.424231,4216366989,4216358485,8504
14.424234,4216367217,4216359945,7272
14.424234,4216367481,4216360209,7272
14.42425,4216368661,4216361669,6992
14.424255,4216370121,4216363129,6992
14.424255,4216369901,4216364589,5312
14.424255,4216369617,4216366049,3568
14.424255,4216369313,4216367481,1832
14.424296,4216376093,4216368941,7152
14.424296,4216374929,4216369313,5616
14.424308,4216377685,4216370773,6912
14.424311,4216377801,4216372233,5568
14.424311,4216377517,4216373693,3824
14.424312,4216377009,4216374929,2080
14.424342,4216381485,4216376389,5096
14.424342,4216382105,4216377009,5096
14.424355,4216383437,4216378469,4968
14.424359,4216384897,4216379929,4968
14.424359,4216384685,4216381389,3296
14.424359,4216383657,4216382105,1552
14.424387,4216388629,4216383565,5064
14.424396,4216388721,4216383657,5064
14.424401,4216390629,4216385117,5512
14.424404,4216390793,4216386577,4216
14.424404,4216390509,4216388037,2472
14.424425,4216393233,4216389497,3736
14.424425,4216394245,4216390509,3736
14.42444,4216396033,4216391969,4064
14.424443,4216395749,4216393429,2320
14.424443,4216396565,4216394245,2320
14.424463,4216399273,4216395705,3568
14.424463,4216398869,4216396565,2304
14.424478,4216401313,4216398025,3288
14.424478,4216400533,4216398869,1664
14.424491,4216402641,4216400329,2312
14.424495,4216402845,4216400533,2312
14.424503,4216404329,4216401993,2336
14.424503,4216405181,4216402845,2336
14.424517,4216406513,4216404305,2208
14.424517,4216405637,4216405181,456
14.630403,4216454789,4216405637,49152
14.630414,4216456249,4216407097,49152
14.630419,4216455821,4216408557,47264
14.630419,4216455537,4216410017,45520
14.630419,4216456997,4216411477,45520
14.630419,4216456761,4216412937,43824
14.630419,4216456493,4216414397,42096
14.630429,4216456209,4216415857,40352
14.630429,4216457669,4216417317,40352
14.630429,4216457425,4216418777,38648
14.630429,4216457173,4216420237,36936
14.630429,4216456889,4216421697,35192
14.630429,4216458349,4216423157,35192
14.630429,4216458097,4216424617,33480
14.630429,4216457853,4216426077,31776
14.630531,4216471697,4216427537,44160
14.630536,4216471405,4216428997,42408
14.630536,4216472865,4216430457,42408
14.630536,4216472645,4216431917,40728
14.630536,4216472369,4216433377,38992
14.630543,4216472077,4216434837,37240
14.630543,4216473537,4216436297,37240
14.630543,4216473325,4216437757,35568
14.630543,4216473049,4216439217,33832
14.630543,4216472757,4216440677,32080
14.630543,4216474217,4216442137,32080
14.630551,4216474005,4216443597,30408
14.630551,4216473721,4216445057,28664
14.630551,4216473429,4216446517,26912
14.630659,4216489553,4216447977,41576
14.630662,4216489261,4216449437,39824
14.630662,4216490721,4216450897,39824
14.630662,4216490501,4216452357,38144
14.630669,4216490225,4216453817,36408
14.630669,4216489933,4216455277,34656
14.63067,4216491393,4216456737,34656
14.63067,4216491181,4216458197,32984
14.63067,4216490905,4216459657,31248
14.63067,4216490613,4216461117,29496
14.630678,4216492073,4216462577,29496
14.630678,4216491861,4216464037,27824
14.630678,4216491577,4216465497,26080
14.630678,4216491285,4216466957,24328
14.630787,4216507465,4216468417,39048
14.630787,4216507173,4216469877,37296
14.630793,4216508633,4216471337,37296
14.630794,4216508373,4216472797,35576
14.630794,4216508137,4216474257,33880
14.630794,4216507853,4216475717,32136
14.630794,4216509313,4216477177,32136
14.630802,4216509045,4216478637,30408
14.630802,4216508817,4216480097,28720
14.630802,4216508525,4216481557,26968
14.630802,4216509985,4216483017,26968
14.630802,4216509717,4216484477,25240
14.630802,4216509489,4216485937,23552
14.630802,4216509197,4216487397,21800
14.630914,4216525441,4216488857,36584
14.630917,4216525669,4216490317,35352
14.630917,4216525385,4216491777,33608
14.630917,4216525093,4216493237,31856
14.630921,4216526553,4216494697,31856
14.630921,4216526333,4216496157,30176
14.630921,4216526065,4216497617,28448
14.630926,4216525773,4216499077,26696
14.630926,4216527233,4216500537,26696
14.630926,4216527005,4216501997,25008
14.630926,4216526737,4216503457,23280
14.630931,4216526453,4216504917,21536
14.630931,4216527913,4216506377,21536
14.630931,4216527669,4216507837,19832
14.631042,4216542049,4216509297,32752
14.631046,4216543509,4216510757,32752
14.631046,4216543297,4216512217,31080
14.631046,4216543013,4216513677,29336
14.631046,4216542721,4216515137,27584
14.631054,4216544181,4216516597,27584
14.631054,4216543977,4216518057,25920
14.631054,4216543685,4216519517,24168
14.631054,4216543401,4216520977,22424
14.631054,4216544861,4216522437,22424
14.631054,4216544649,4216523897,20752
14.631062,4216544365,4216525357,19008
14.631062,4216544073,4216526817,17256
14.631062,4216544925,4216527669,17256
14.631166,4216559377,4216529129,30248
14.63117,4216560837,4216530589,30248
14.63117,4216560617,4216532049,28568
14.63117,4216560333,4216533509,26824
14.631176,4216560049,4216534969,25080
14.631176,4216561509,4216536429,25080
14.631176,4216561297,4216537889,23408
14.631176,4216561005,4216539349,21656
14.631176,4216560729,4216540809,19920
14.631183,4216562189,4216542269,19920
14.631183,4216561969,4216543729,18240
14.631183,4216561421,4216544925,16496
14.631274,4216575465,4216546385,29080
14.63128,4216575421,4216547845,27576
14.63128,4216575137,4216549305,25832
14.63128,4216574853,4216550765,24088
14.63128,4216576313,4216552225,24088
14.63128,4216576101,4216553685,22416
14.63128,4216575193,4216554521,20672
14.631333,4216582989,4216555981,27008
14.631337,4216582705,4216557441,25264
14.631337,4216584165,4216558901,25264
14.631337,4216583953,4216560361,23592
14.631344,4216583669,4216561821,21848
14.631344,4216583377,4216563281,20096
14.631344,4216584837,4216564741,20096
14.631344,4216584633,4216566201,18432
14.631344,4216584341,4216567661,16680
14.631344,4216584057,4216569121,14936
14.631352,4216585517,4216570581,14936
14.631352,4216585313,4216572041,13272
14.631352,4216585021,4216573501,11520
14.631352,4216584729,4216574961,9768
14.631461,4216600973,4216576421,24552
14.631466,4216600681,4216577881,22800
14.631466,4216602141,4216579341,22800
14.631466,4216601929,4216580801,21128
14.631466,4216601645,4216582261,19384
14.631472,4216601353,4216583721,17632
14.631472,4216602361,4216584729,17632
14.631522,4216609637,4216586189,23448
14.631526,4216609345,4216587649,21696
14.631526,4216609069,4216589109,19960
14.631526,4216610529,4216590569,19960
14.631533,4216610309,4216592029,18280
14.631533,4216610025,4216593489,16536
14.631533,4216609741,4216594949,14792
14.631533,4216611201,4216596409,14792
14.631533,4216610989,4216597869,13120
14.631533,4216610697,4216599329,11368
14.631541,4216610421,4216600789,9632
14.631541,4216610873,4216601241,9632
14.63163,4216624813,4216602701,22112
14.631635,4216625033,4216604161,20872
14.631635,4216624821,4216605621,19200
14.631635,4216624529,4216607081,17448
14.631635,4216625989,4216608541,17448
14.631641,4216625713,4216610001,15712
14.631641,4216624913,4216610873,14040
14.631685,4216631589,4216612333,19256
14.631689,4216633049,4216613793,19256
14.631689,4216632845,4216615253,17592
14.631689,4216632553,4216616713,15840
14.631696,4216632269,4216618173,14096
14.631696,4216633729,4216619633,14096
14.631696,4216633517,4216621093,12424
14.631696,4216633225,4216622553,10672
14.631696,4216632941,4216624013,8928
14.631696,4216633841,4216624913,8928
14.631773,4216644813,4216626373,18440
14.631777,4216644529,4216627833,16696
14.631777,4216644245,4216629293,14952
14.631777,4216645705,4216630753,14952
14.631782,4216645493,4216632213,13280
14.631782,4216645209,4216633673,11536
14.631782,4216645377,4216633841,11536
14.631829,4216652557,4216635301,17256
14.631834,4216652441,4216636761,15680
14.631834,4216652157,4216638221,13936
14.631834,4216651865,4216639681,12184
14.631834,4216653325,4216641141,12184
14.63184,4216653121,4216642601,10520
14.63184,4216652829,4216644061,8768
14.63184,4216654145,4216645377,8768
14.631902,4216661405,4216646837,14568
14.631906,4216662865,4216648297,14568
14.631906,4216662661,4216649757,12904
14.631906,4216662377,4216651217,11160
14.631906,4216662085,4216652677,9408
14.631912,4216663545,4216654137,9408
14.631912,4216663553,4216654145,9408
14.631956,4216669661,4216655605,14056
14.63196,4216669377,4216657065,12312
14.63196,4216670837,4216658525,12312
14.63196,4216670625,4216659985,10640
14.631965,4216670333,4216661445,8888
14.631965,4216670049,4216662905,7144
14.631965,4216670697,4216663553,7144
14.632015,4216677805,4216665013,12792
14.63202,4216677521,4216666473,11048
14.63202,4216678981,4216667933,11048
14.63202,4216678769,4216669393,9376
14.63202,4216678329,4216670697,7632
14.632059,4216684133,4216672157,11976
14.632063,4216683857,4216673617,10240
14.632063,4216685317,4216675077,10240
14.632063,4216685065,4216676537,8528
14.632069,4216684805,4216677997,6808
14.632069,4216685137,4216678329,6808
14.632107,4216690709,4216679789,10920
14.632112,4216690417,4216681249,9168
14.632112,4216691877,4216682709,9168
14.632112,4216691657,4216684169,7488
14.632112,4216690897,4216685137,5760
14.632149,4216696517,4216686597,9920
14.632153,4216696233,4216688057,8176
14.632153,4216697693,4216689517,8176
14.632153,4216697393,4216690897,6496
14.632186,4216701549,4216692357,9192
14.63219,4216701257,4216693817,7440
14.63219,4216702717,4216695277,7440
14.63219,4216702513,4216696737,5776
14.63219,4216701417,4216697393,4024
14.632226,4216706525,4216698853,7672
14.632233,4216707985,4216700313,7672
14.632233,4216707409,4216701417,5992
14.632251,4216711101,4216702877,8224
14.632255,4216710817,4216704337,6480
14.632255,4216710533,4216705797,4736
14.632255,4216711993,4216707257,4736
14.63226,4216712145,4216707409,4736
14.632289,4216715805,4216708869,6936
14.632293,4216715513,4216710329,5184
14.632293,4216716973,4216711789,5184
14.632293,4216715665,4216712145,3520
14.632318,4216719805,4216713605,6200
14.632321,4216719521,4216715065,4456
14.632321,4216720121,4216715665,4456
14.63234,4216723501,4216717125,6376
14.632345,4216723433,4216718585,4848
14.632345,4216723141,4216720045,3096
14.632345,4216723217,4216720121,3096
14.632368,4216727365,4216721581,5784
14.632371,4216727129,4216723041,4088
14.632371,4216727305,4216723217,4088
14.632387,4216729861,4216724677,5184
14.632391,4216729585,4216726137,3448
14.632391,4216730753,4216727305,3448
14.632414,4216733045,4216728765,4280
14.632417,4216732753,4216730225,2528
14.632417,4216733281,4216730753,2528
14.632434,4216735901,4216732213,3688
14.632437,4216736969,4216733281,3688
14.63245,4216738741,4216734741,4000
14.632454,4216738865,4216736201,2664
14.632454,4216737889,4216736969,920
14.838403,4216787041,4216737889,49152
14.838414,4216788501,4216739349,49152
14.838419,4216788513,4216740809,47704
14.838419,4216788309,4216742269,46040
14.838419,4216788025,4216743729,44296
14.838419,4216789485,4216745189,44296
14.838427,4216789193,4216746649,42544
14.838427,4216788989,4216748109,40880
14.838427,4216788697,4216749569,39128
14.838427,4216790157,4216751029,39128
14.838427,4216789873,4216752489,37384
14.838427,4216789669,4216753949,35720
14.838427,4216789377,4216755409,33968
14.838436,4216790837,4216756869,33968
14.838436,4216790545,4216758329,32216
14.838532,4216803797,4216759789,44008
14.838537,4216805257,4216761249,44008
14.838537,4216805045,4216762709,42336
14.838537,4216804761,4216764169,40592
14.838537,4216804469,4216765629,38840
14.838545,4216805929,4216767089,38840
14.838545,4216805725,4216768549,37176
14.838545,4216805433,4216770009,35424
14.838545,4216805149,4216771469,33680
14.838545,4216806609,4216772929,33680
14.838545,4216806397,4216774389,32008
14.838553,4216806113,4216775849,30264
14.838553,4216805821,4216777309,28512
14.838553,4216807281,4216778769,28512
14.83866,4216821869,4216780229,41640
14.838665,4216821585,4216781689,39896
14.838665,4216823045,4216783149,39896
14.838665,4216822833,4216784609,38224
14.838665,4216822541,4216786069,36472
14.838672,4216822265,4216787529,34736
14.838672,4216823725,4216788989,34736
14.838672,4216823513,4216790449,33064
14.838672,4216823221,4216791909,31312
14.838672,4216822937,4216793369,29568
14.838672,4216824397,4216794829,29568
14.83868,4216824185,4216796289,27896
14.838681,4216823893,4216797749,26144
14.838681,4216823617,4216799209,24408
14.838788,4216839869,4216800669,39200
14.838793,4216839585,4216802129,37456
14.838793,4216841045,4216803589,37456
14.838793,4216840793,4216805049,35744
14.838793,4216840541,4216806509,34032
14.838802,4216840265,4216807969,32296
14.838802,4216841725,4216809429,32296
14.838802,4216841465,4216810889,30576
14.838802,4216841221,4216812349,28872
14.838802,4216840937,4216813809,27128
14.838802,4216842397,4216815269,27128
14.838802,4216842129,4216816729,25400
14.838811,4216841893,4216818189,23704
14.838811,4216841617,4216819649,21968
14.838915,4216857853,4216821109,36744
14.838919,4216857857,4216822569,35288
14.838919,4216857565,4216824029,33536
14.838919,4216857289,4216825489,31800
14.838925,4216858749,4216826949,31800
14.838925,4216858537,4216828409,30128
14.838925,4216858245,4216829869,28376
14.838925,4216857969,4216831329,26640
14.838925,4216859429,4216832789,26640
14.838933,4216859209,4216834249,24960
14.838933,4216858917,4216835709,23208
14.838933,4216858641,4216837169,21472
14.838933,4216860101,4216838629,21472
14.838933,4216859889,4216840089,19800
14.839043,4216874877,4216841549,33328
14.839048,4216876337,4216843009,33328
14.839048,4216876053,4216844469,31584
14.839048,4216875841,4216845929,29912
14.839054,4216875557,4216847389,28168
14.839054,4216877017,4216848849,28168
14.839055,4216876733,4216850309,26424
14.839055,4216876521,4216851769,24752
14.839055,4216876229,4216853229,23000
14.839055,4216877689,4216854689,23000
14.839063,4216877405,4216856149,21256
14.839063,4216877193,4216857609,19584
14.839063,4216876909,4216859069,17840
14.839063,4216877729,4216859889,17840
14.839167,4216892877,4216861349,31528
14.839172,4216892889,4216862809,30080
14.839172,4216892597,4216864269,28328
14.839172,4216892321,4216865729,26592
14.839172,4216893781,4216867189,26592
14.83918,4216893569,4216868649,24920
14.83918,4216893277,4216870109,23168
14.83918,4216893001,4216871569,21432
14.83918,4216894461,4216873029,21432
14.83918,4216894241,4216874489,19752
14.83918,4216893957,4216875949,18008
14.839188,4216893673,4216877409,16264
14.839188,4216893993,4216877729,16264
14.839279,4216908341,4216879189,29152
14.839282,4216908177,4216880649,27528
14.839282,4216909089,4216881561,27528
14.839302,4216910789,4216883021,27768
14.839307,4216912249,4216884481,27768
14.839307,4216911973,4216885941,26032
14.839307,4216911761,4216887401,24360
14.839313,4216911469,4216888861,22608
14.839313,4216912929,4216890321,22608
14.839313,4216912645,4216891781,20864
14.839313,4216912433,4216893241,19192
14.839313,4216912141,4216894701,17440
14.839313,4216913601,4216896161,17440
14.839322,4216913325,4216897621,15704
14.839322,4216913113,4216899081,14032
14.839322,4216912821,4216900541,12280
14.839322,4216914281,4216902001,12280
14.83943,4216929093,4216903461,25632
14.839435,4216928809,4216904921,23888
14.839435,4216928525,4216906381,22144
14.839435,4216929985,4216907841,22144
14.839435,4216929773,4216909301,20472
14.839442,4216929481,4216910761,18720
14.839442,4216929197,4216912221,16976
14.839442,4216930657,4216913681,16976
14.839442,4216929585,4216914281,15304
14.839507,4216939269,4216915741,23528
14.839511,4216938985,4216917201,21784
14.839511,4216940445,4216918661,21784
14.839511,4216940225,4216920121,20104
14.839517,4216939949,4216921581,18368
14.839517,4216939657,4216923041,16616
14.839517,4216941117,4216924501,16616
14.839517,4216940905,4216925961,14944
14.839517,4216940621,4216927421,13200
14.839517,4216941481,4216928281,13200
14.839597,4216952453,4216929741,22712
14.839602,4216952681,4216931201,21480
14.839602,4216952389,4216932661,19728
14.839602,4216952105,4216934121,17984
14.839602,4216953565,4216935581,17984
14.839609,4216953345,4216937041,16304
14.839609,4216953061,4216938501,14560
14.839609,4216952777,4216939961,12816
14.839609,4216954237,4216941421,12816
14.839609,4216952617,4216941481,11136
14.839677,4216963589,4216942941,20648
14.839682,4216963833,4216944401,19432
14.839682,4216963621,4216945861,17760
14.839682,4216963337,4216947321,16016
14.839682,4216964797,4216948781,16016
14.839689,4216964505,4216950241,14264
14.839689,4216964301,4216951701,12600
14.839689,4216965217,4216952617,12600
14.839746,4216972333,4216954077,18256
14.839751,4216973793,4216955537,18256
14.839751,4216973581,4216956997,16584
14.839751,4216973289,4216958457,14832
14.839751,4216973013,4216959917,13096
14.839757,4216974473,4216961377,13096
14.839757,4216974253,4216962837,11416
14.839757,4216973969,4216964297,9672
14.839758,4216974889,4216965217,9672
14.839825,4216983637,4216966677,16960
14.839829,4216983353,4216968137,15216
14.839829,4216984813,4216969597,15216
14.839829,4216984601,4216971057,13544
14.839834,4216984317,4216972517,11800
14.839834,4216984033,4216973977,10056
14.839834,4216984945,4216974889,10056
14.839886,4216991933,4216976349,15584
14.83989,4216991649,4216977809,13840
14.83989,4216993109,4216979269,13840
14.83989,4216992889,4216980729,12160
14.839895,4216992613,4216982189,10424
14.839895,4216992329,4216983649,8680
14.839895,4216993625,4216984945,8680
14.839948,4217001293,4216986405,14888
14.839957,4217001001,4216987865,13136
14.839957,4217000717,4216989325,11392
14.839957,4217002177,4216990785,11392
14.839957,4217001965,4216992245,9720
14.839957,4217001601,4216993625,7976
14.840004,4217007973,4216995085,12888
14.840007,4217009433,4216996545,12888
14.840007,4217009213,4216998005,11208
14.840007,4217008937,4216999465,9472
14.840011,4217008645,4217000925,7720
14.840011,4217009321,4217001601,7720
14.840053,4217015093,4217003061,12032
14.840056,4217014801,4217004521,10280
14.840056,4217016261,4217005981,10280
14.840056,4217016057,4217007441,8616
14.840062,4217015765,4217008901,6864
14.840062,4217016185,4217009321,6864
14.840101,4217022253,4217010781,11472
14.840105,4217021977,4217012241,9736
14.840105,4217021685,4217013701,7984
14.840105,4217023145,4217015161,7984
14.840105,4217022497,4217016185,6312
14.840144,4217028405,4217017645,10760
14.840148,4217028209,4217019105,9104
14.840148,4217027925,4217020565,7360
14.840148,4217029385,4217022025,7360
14.840148,4217028105,4217022497,5608
14.840183,4217033861,4217023957,9904
14.840187,4217033945,4217025417,8528
14.840187,4217033661,4217026877,6784
14.840187,4217033153,4217028105,5048
14.840218,4217037797,4217029565,8232
14.840222,4217039257,4217031025,8232
14.840222,4217039037,4217032485,6552
14.840222,4217037969,4217033153,4816
14.84025,4217042757,4217034613,8144
14.840257,4217042473,4217036073,6400
14.840257,4217043933,4217037533,6400
14.840257,4217042625,4217037969,4656
14.84028,4217047269,4217039429,7840
14.840284,4217047233,4217040889,6344
14.840284,4217046949,4217042349,4600
14.840284,4217047225,4217042625,4600
14.840309,4217050949,4217044085,6864
14.840312,4217050673,4217045545,5128
14.840312,4217052133,4217047005,5128
14.840313,4217050601,4217047225,3376
14.840337,4217055221,4217048685,6536
14.840341,4217055449,4217050145,5304
14.840341,4217055905,4217050601,5304
14.840358,4217058181,4217052061,6120
14.840362,4217058385,4217053521,4864
14.840362,4217058101,4217054981,3120
14.840362,4217059025,4217055905,3120
14.840394,4217061909,4217057365,4544
14.840399,4217063369,4217058825,4544
14.840399,4217061897,4217059025,2872
14.840411,4217064469,4217060485,3984
14.840414,4217065881,4217061897,3984
14.840429,4217067957,4217063357,4600
14.840436,4217068041,4217064817,3224
14.840436,4217067353,4217065881,1472
14.840454,4217070341,4217067341,3000
14.840459,4217070353,4217067353,3000
14.840464,4217071789,4217068813,2976
14.840467,4217073249,4217070273,2976
14.840485,4217074957,4217071733,3224
14.840489,4217076417,4217073193,3224
14.840489,4217074729,4217073249,1480
14.8405,4217077261,4217074709,2552
14.840506,4217077281,4217074729,2552
14.840509,4217078989,4217076189,2800
14.840518,4217079793,4217077649,2144
14.840522,4217079389,4217078989,400
15.046401,4217128541,4217079389,49152
15.046411,4217128585,4217080849,47736
15.046415,4217130045,4217082309,47736
15.046415,4217129833,4217083769,46064
15.046415,4217129549,4217085229,44320
15.046422,4217129265,4217086689,42576
15.046422,4217130725,4217088149,42576
15.046422,4217130505,4217089609,40896
15.046422,4217130229,4217091069,39160
15.046422,4217129937,4217092529,37408
15.046422,4217131397,4217093989,37408
15.046431,4217131185,4217095449,35736
15.046431,4217130909,4217096909,34000
15.046431,4217130617,4217098369,32248
15.046431,4217132077,4217099829,32248
15.04653,4217145209,4217101289,43920
15.046534,4217146669,4217102749,43920
15.046534,4217146449,4217104209,42240
15.046534,4217146173,4217105669,40504
15.046541,4217145881,4217107129,38752
15.046541,4217147341,4217108589,38752
15.046541,4217147129,4217110049,37080
15.046541,4217146853,4217111509,35344
15.046541,4217146561,4217112969,33592
15.046549,4217148021,4217114429,33592
15.046549,4217147801,4217115889,31912
15.046549,4217147525,4217117349,30176
15.046549,4217147233,4217118809,28424
15.046549,4217148693,4217120269,28424
15.046658,4217164105,4217121729,42376
15.046663,4217164333,4217123189,41144
15.046663,4217164081,4217124649,39432
15.046663,4217163805,4217126109,37696
15.046663,4217165265,4217127569,37696
15.046671,4217164997,4217129029,35968
15.046671,4217164761,4217130489,34272
15.046671,4217164485,4217131949,32536
15.046671,4217165945,4217133409,32536
15.046671,4217165669,4217134869,30800
15.046671,4217165433,4217136329,29104
15.046679,4217165157,4217137789,27368
15.046679,4217166617,4217139249,27368
15.046679,4217166333,4217140709,25624
15.046786,4217181841,4217142169,39672
15.04679,4217182029,4217143629,38400
15.04679,4217181737,4217145089,36648
15.04679,4217181453,4217146549,34904
15.046796,4217182913,4217148009,34904
15.046796,4217182709,4217149469,33240
15.046796,4217182417,4217150929,31488
15.046796,4217182133,4217152389,29744
15.046796,4217183593,4217153849,29744
15.046804,4217183381,4217155309,28072
15.046805,4217183089,4217156769,26320
15.046805,4217182805,4217158229,24576
15.046805,4217184265,4217159689,24576
15.046805,4217184061,4217161149,22912
15.046913,4217199345,4217162609,36736
15.046917,4217199069,4217164069,35000
15.046917,4217198777,4217165529,33248
15.046917,4217200237,4217166989,33248
15.046923,4217200025,4217168449,31576
15.046923,4217199749,4217169909,29840
15.046923,4217199457,4217171369,28088
15.046923,4217200917,4217172829,28088
15.046923,4217200705,4217174289,26416
15.046931,4217200421,4217175749,24672
15.046931,4217200129,4217177209,22920
15.046931,4217201589,4217178669,22920
15.046931,4217201377,4217180129,21248
15.046931,4217201101,4217181589,19512
15.047042,4217217313,4217183049,34264
15.047045,4217217549,4217184509,33040
15.047045,4217217337,4217185969,31368
15.047045,4217217053,4217187429,29624
15.047052,4217218513,4217188889,29624
15.047052,4217218229,4217190349,27880
15.047052,4217218009,4217191809,26200
15.047052,4217217733,4217193269,24464
15.047052,4217219193,4217194729,24464
15.047059,4217218901,4217196189,22712
15.047059,4217218689,4217197649,21040
15.047059,4217218405,4217199109,19296
15.04706,4217219865,4217200569,19296
15.04706,4217218653,4217201101,17552
15.047163,4217233697,4217202561,31136
15.047169,4217233413,4217204021,29392
15.047169,4217234873,4217205481,29392
15.047169,4217234661,4217206941,27720
15.047169,4217234369,4217208401,25968
15.047175,4217234569,4217208601,25968
15.04721,4217240637,4217210061,30576
15.047214,4217240353,4217211521,28832
15.047214,4217240069,4217212981,27088
15.047214,4217241529,4217214441,27088
15.04722,4217241317,4217215901,25416
15.04722,4217241033,4217217361,23672
15.04722,4217240741,4217218821,21920
15.04722,4217242201,4217220281,21920
15.04722,4217241989,4217221741,20248
15.047228,4217241705,4217223201,18504
15.047228,4217241421,4217224661,16760
15.047228,4217242881,4217226121,16760
15.047228,4217242669,4217227581,15088
15.047228,4217242385,4217229041,13344
15.047338,4217258477,4217230501,27976
15.047341,4217258209,4217231961,26248
15.047341,4217257925,4217233421,24504
15.047341,4217259385,4217234881,24504
15.047348,4217259149,4217236341,22808
15.047348,4217258889,4217237801,21088
15.047348,4217258597,4217239261,19336
15.047348,4217260057,4217240721,19336
15.047348,4217259813,4217242181,17632
15.047354,4217260017,4217242385,17632
15.047421,4217270069,4217243845,26224
15.047427,4217269945,4217245305,24640
15.047427,4217269661,4217246765,22896
15.047427,4217269377,4217248225,21152
15.047427,4217270837,4217249685,21152
15.047433,4217270625,4217251145,19480
15.047434,4217270341,4217252605,17736
15.047434,4217270057,4217254065,15992
15.047434,4217271313,4217255321,15992
15.047508,4217281789,4217256781,25008
15.047513,4217281505,4217258241,23264
15.047513,4217281213,4217259701,21512
15.047513,4217282673,4217261161,21512
15.047513,4217282469,4217262621,19848
15.047521,4217282177,4217264081,18096
15.047521,4217281893,4217265541,16352
15.047521,4217283353,4217267001,16352
15.047521,4217283141,4217268461,14680
15.047521,4217282857,4217269921,12936
15.047521,4217282497,4217271313,11184
15.047602,4217294029,4217272773,21256
15.047606,4217295489,4217274233,21256
15.047606,4217295285,4217275693,19592
15.047606,4217294993,4217277153,17840
15.047612,4217294709,4217278613,16096
15.047612,4217296169,4217280073,16096
15.047612,4217295965,4217281533,14432
15.047612,4217295177,4217282497,12680
15.047672,4217304733,4217283957,20776
15.047676,4217304449,4217285417,19032
15.047676,4217304165,4217286877,17288
15.047676,4217305625,4217288337,17288
15.047683,4217305397,4217289797,15600
15.047683,4217305121,4217291257,13864
15.047683,4217304829,4217292717,12112
15.047683,4217306289,4217294177,12112
15.047683,4217305617,4217295177,10440
15.047751,4217314661,4217296637,18024
15.047755,4217316121,4217298097,18024
15.047755,4217315909,4217299557,16352
15.047755,4217315625,4217301017,14608
15.047761,4217315333,4217302477,12856
15.047761,4217316793,4217303937,12856
15.047761,4217316589,4217305397,11192
15.047761,4217316809,4217305617,11192
15.047816,4217324877,4217307077,17800
15.04782,4217325097,4217308537,16560
15.04782,4217324829,4217309997,14832
15.04782,4217324545,4217311457,13088
15.047826,4217326005,4217312917,13088
15.047826,4217325761,4217314377,11384
15.047826,4217325509,4217315837,9672
15.047826,4217326481,4217316809,9672
15.047886,4217334461,4217318269,16192
15.04789,4217334169,4217319729,14440
15.04789,4217333885,4217321189,12696
15.04789,4217335345,4217322649,12696
15.047895,4217335133,4217324109,11024
15.047895,4217334849,4217325569,9280
15.047895,4217335761,4217326481,9280
15.047948,4217343061,4217327941,15120
15.047952,4217343113,4217329401,13712
15.047952,4217342829,4217330861,11968
15.047952,4217342545,4217332321,10224
15.047952,4217344005,4217333781,10224
15.047958,4217343793,4217335241,8552
15.047958,4217344313,4217335761,8552
15.048005,4217351021,4217337221,13800
15.04801,4217350833,4217338681,12152
15.04801,4217350541,4217340141,10400
15.04801,4217352001,4217341601,10400
15.04801,4217351717,4217343061,8656
15.04801,4217351297,4217344313,6984
15.048058,4217358461,4217345773,12688
15.048063,4217358169,4217347233,10936
15.048063,4217357885,4217348693,9192
15.048063,4217359345,4217350153,9192
15.048063,4217358817,4217351297,7520
15.048101,4217364445,4217352757,11688
15.048105,4217364601,4217354217,10384
15.048105,4217364317,4217355677,8640
15.048105,4217364041,4217357137,6904
15.048111,4217365501,4217358597,6904
15.048111,4217364041,4217358817,5224
15.048149,4217371037,4217360277,10760
15.048152,4217371065,4217361737,9328
15.048152,4217370781,4217363197,7584
15.048152,4217371625,4217364041,7584
15.048181,4217375453,4217365501,9952
15.048185,4217375177,4217366961,8216
15.048185,4217374885,4217368421,6464
15.048185,4217376345,4217369881,6464
15.04819,4217376133,4217371341,4792
15.04819,4217376417,4217371625,4792
15.048229,4217381981,4217373085,8896
15.048232,4217381697,4217374545,7152
15.048232,4217381413,4217376005,5408
15.048232,4217381825,4217376417,5408
15.048259,4217386261,4217377877,8384
15.048263,4217386361,4217379337,7024
15.048263,4217386069,4217380797,5272
15.048263,4217387097,4217381825,5272
15.048292,4217390557,4217383285,7272
15.048296,4217390273,4217384745,5528
15.048296,4217391733,4217386205,5528
15.048296,4217390913,4217387097,3816
15.048325,4217395221,4217388557,6664
15.048329,4217394937,4217390017,4920
15.048329,4217395833,4217390913,4920
15.04835,4217398261,4217392373,5888
15.048354,4217397977,4217393833,4144
15.048354,4217399437,4217395293,4144
15.048354,4217398305,4217395833,2472
15.04838,4217403085,4217397293,5792
15.048383,4217402649,4217398305,4344
15.048396,4217404621,4217399765,4856
15.0484,4217404329,4217401225,3104
15.0484,4217405753,4217402649,3104
15.048423,4217407933,4217404109,3824
15.048429,4217409393,4217405569,3824
15.04843,4217409577,4217405753,3824
15.048442,4217411581,4217407213,4368
15.048445,4217411289,4217408673,2616
15.048445,4217412193,4217409577,2616
15.048466,4217414045,4217411037,3008
15.048469,4217415201,4217412193,3008
15.048482,4217416237,4217413653,2584
15.048485,4217417697,4217415113,2584
15.048485,4217417785,4217415201,2584
15.048501,4217419845,4217416661,3184
15.048504,4217419225,4217417785,1440
15.254404,4217468377,4217419225,49152
15.254416,4217468853,4217420685,48168
15.25442,4217470313,4217422145,48168
15.25442,4217470013,4217423605,46408
15.25442,4217469769,4217425065,44704
15.254421,4217469485,4217426525,42960
15.254421,4217470945,4217427985,42960
15.254431,4217470677,4217429445,41232
15.254431,4217470449,4217430905,39544
15.254431,4217470157,4217432365,37792
15.254431,4217471617,4217433825,37792
15.254431,4217471349,4217435285,36064
15.254431,4217471129,4217436745,34384
15.254431,4217470837,4217438205,32632
15.254431,4217472297,4217439665,32632
15.254534,4217485213,4217441125,44088
15.254539,4217486673,4217442585,44088
15.254539,4217486453,4217444045,42408
15.254539,4217486177,4217445505,40672
15.254539,4217485885,4217446965,38920
15.254547,4217487345,4217448425,38920
15.254547,4217487133,4217449885,37248
15.254547,4217486857,4217451345,35512
15.254547,4217486565,4217452805,33760
15.254547,4217488025,4217454265,33760
15.254547,4217487805,4217455725,32080
15.254555,4217487529,4217457185,30344
15.254555,4217487237,4217458645,28592
15.254555,4217488697,4217460105,28592
15.254662,4217502885,4217461565,41320
15.254667,4217504345,4217463025,41320
15.254668,4217504133,4217464485,39648
15.254668,4217503849,4217465945,37904
15.254668,4217503557,4217467405,36152
15.254676,4217505017,4217468865,36152
15.254676,4217504813,4217470325,34488
15.254676,4217504529,4217471785,32744
15.254676,4217504237,4217473245,30992
15.254676,4217505697,4217474705,30992
15.254676,4217505485,4217476165,29320
15.254676,4217505201,4217477625,27576
15.254685,4217504909,4217479085,25824
15.254685,4217506369,4217480545,25824
15.254789,4217521333,4217482005,39328
15.254792,4217521049,4217483465,37584
15.254792,4217520757,4217484925,35832
15.254793,4217522217,4217486385,35832
15.254799,4217522013,4217487845,34168
15.254799,4217521729,4217489305,32424
15.254799,4217521437,4217490765,30672
15.254799,4217522897,4217492225,30672
15.254799,4217522693,4217493685,29008
15.254807,4217522401,4217495145,27256
15.254807,4217522109,4217496605,25504
15.254807,4217523569,4217498065,25504
15.254807,4217523365,4217499525,23840
15.254807,4217523081,4217500985,22096
15.254917,4217539365,4217502445,36920
15.254921,4217539249,4217503905,35344
15.254921,4217538957,4217505365,33592
15.254921,4217538681,4217506825,31856
15.254927,4217540141,4217508285,31856
15.254928,4217539929,4217509745,30184
15.254928,4217539637,4217511205,28432
15.254928,4217539361,4217512665,26696
15.254928,4217540821,4217514125,26696
15.254935,4217540601,4217515585,25016
15.254936,4217540309,4217517045,23264
15.254936,4217540033,4217518505,21528
15.254936,4217541493,4217519965,21528
15.254936,4217541281,4217521425,19856
15.255046,4217556109,4217522885,33224
15.25505,4217557569,4217524345,33224
15.25505,4217557357,4217525805,31552
15.25505,4217557073,4217527265,29808
15.25505,4217556789,4217528725,28064
15.255059,4217558249,4217530185,28064
15.255059,4217558029,4217531645,26384
15.255059,4217557753,4217533105,24648
15.255059,4217557461,4217534565,22896
15.255059,4217558921,4217536025,22896
15.255059,4217558709,4217537485,21224
15.255059,4217558425,4217538945,19480
15.255068,4217558141,4217540405,17736
15.255068,4217559017,4217541281,17736
15.255168,4217573749,4217542741,31008
15.255172,4217573465,4217544201,29264
15.255172,4217574925,4217545661,29264
15.255172,4217574705,4217547121,27584
15.255179,4217574421,4217548581,25840
15.255179,4217574145,4217550041,24104
15.255179,4217575605,4217551501,24104
15.255179,4217575385,4217552961,22424
15.255179,4217575101,4217554421,20680
15.255187,4217574817,4217555881,18936
15.255187,4217576277,4217557341,18936
15.255187,4217576065,4217558801,17264
15.255187,4217576265,4217559001,17264
15.25528,4217588821,4217560461,28360
15.255283,4217590281,4217561921,28360
15.255283,4217590069,4217563381,26688
15.255283,4217589785,4217564841,24944
15.25529,4217589493,4217566301,23192
15.25529,4217590953,4217567761,23192
15.25529,4217590733,4217569221,21512
15.25529,4217590457,4217570681,19776
15.25529,4217590173,4217572141,18032
15.255297,4217591633,4217573601,18032
15.255297,4217591405,4217575061,16344
15.255297,4217590881,4217576265,14616
15.255388,4217603997,4217577725,26272
15.255397,4217603713,4217579185,24528
15.255397,4217605173,4217580645,24528
15.255397,4217604969,4217582105,22864
15.255397,4217604677,4217583565,21112
15.255397,4217604393,4217585025,19368
15.255397,4217605853,4217586485,19368
15.255397,4217605641,4217587945,17696
15.255408,4217605357,4217589405,15952
15.255408,4217605065,4217590865,14200
15.255408,4217605081,4217590881,14200
15.255479,4217617365,4217592341,25024
15.255488,4217617369,4217593801,23568
15.255488,4217617085,4217595261,21824
15.255488,4217616793,4217596721,20072
15.255488,4217618253,4217598181,20072
15.255488,4217618049,4217599641,18408
15.255488,4217617765,4217601101,16664
15.255488,4217617473,4217602561,14912
15.255497,4217618933,4217604021,14912
15.255497,4217618321,4217605081,13240
15.255568,4217629637,4217606541,23096
15.255571,4217629849,4217608001,21848
15.255571,4217629565,4217609461,20104
15.255571,4217629273,4217610921,18352
15.255578,4217630733,4217612381,18352
15.255578,4217630529,4217613841,16688
15.255578,4217630237,4217615301,14936
15.255578,4217629953,4217616761,13192
15.255578,4217631413,4217618221,13192
15.255585,4217629841,4217618321,11520
15.25565,4217640053,4217619781,20272
15.255654,4217641513,4217621241,20272
15.255654,4217641309,4217622701,18608
15.255654,4217641017,4217624161,16856
15.25566,4217640725,4217625621,15104
15.25566,4217642185,4217627081,15104
15.25566,4217641981,4217628541,13440
15.25566,4217642521,4217629081,13440
15.255718,4217650357,4217630541,19816
15.255722,4217650065,4217632001,18064
15.255722,4217649781,4217633461,16320
15.255722,4217651241,4217634921,16320
15.255728,4217651029,4217636381,14648
15.255728,4217650745,4217637841,12904
15.255728,4217650461,4217639301,11160
15.255728,4217651921,4217640761,11160
15.255728,4217651709,4217642221,9488
15.255728,4217652009,4217642521,9488
15.255802,4217662149,4217643981,18168
15.255807,4217662241,4217645441,16800
15.255807,4217661949,4217646901,15048
15.255807,4217661673,4217648361,13312
15.255807,4217663133,4217649821,13312
15.255813,4217662913,4217651281,11632
15.255813,4217661897,4217652009,9888
15.255861,4217669397,4217653469,15928
15.255866,4217670857,4217654929,15928
15.255866,4217670637,4217656389,14248
15.255866,4217670353,4217657849,12504
15.255866,4217670069,4217659309,10760
15.255872,4217671529,4217660769,10760
15.255872,4217670985,4217661897,9088
15.255922,4217678725,4217663357,15368
15.255931,4217678441,4217664817,13624
15.255931,4217678157,4217666277,11880
15.255931,4217679617,4217667737,11880
15.255931,4217679413,4217669197,10216
15.255931,4217679121,4217670657,8464
15.255931,4217679449,4217670985,8464
15.255979,4217686117,4217672445,13672
15.255983,4217685833,4217673905,11928
15.255983,4217687293,4217675365,11928
15.255983,4217687073,4217676825,10248
15.255989,4217686789,4217678285,8504
15.255989,4217687953,4217679449,8504
15.256032,4217693661,4217680909,12752
15.256036,4217693369,4217682369,11000
15.256036,4217694829,4217683829,11000
15.256036,4217694617,4217685289,9328
15.256041,4217694333,4217686749,7584
15.256041,4217693793,4217687953,5840
15.256086,4217701501,4217689413,12088
15.25609,4217701505,4217690873,10632
15.25609,4217701221,4217692333,8888
15.25609,4217700937,4217693793,7144
15.256122,4217705693,4217695253,10440
15.256125,4217707153,4217696713,10440
15.256125,4217706933,4217698173,8760
15.256125,4217706649,4217699633,7016
15.256131,4217706209,4217700937,5272
15.256166,4217712381,4217702397,9984
15.25617,4217712105,4217703857,8248
15.25617,4217713565,4217705317,8248
15.25617,4217712745,4217706209,6536
15.256199,4217717013,4217707669,9344
15.256204,4217716721,4217709129,7592
15.256204,4217718181,4217710589,7592
15.256204,4217717889,4217712049,5840
15.256204,4217716921,4217712745,4176
15.25624,4217722621,4217714205,8416
15.256244,4217722337,4217715665,6672
15.256244,4217723593,4217716921,6672
15.256266,4217726045,4217718381,7664
15.25627,4217725769,4217719841,5928
15.25627,4217727229,4217721301,5928
15.25627,4217727009,4217722761,4248
15.256274,4217726097,4217723593,2504
15.256309,4217731597,4217725053,6544
15.256312,4217732641,4217726097,6544
15.256323,4217733917,4217727557,6360
15.256328,4217733625,4217729017,4608
15.256328,4217735085,4217730477,4608
15.256328,4217734873,4217731937,2936
15.256328,4217735577,4217732641,2936
15.256365,4217739485,4217734101,5384
15.256368,4217740945,4217735561,5384
15.256368,4217739209,4217735577,3632
15.256383,4217742421,4217737037,5384
15.256389,4217742137,4217738497,3640
15.256389,4217742849,4217739209,3640
15.256406,4217746005,4217740669,5336
15.25641,4217745729,4217742129,3600
15.25641,4217746449,4217742849,3600
15.256428,4217748453,4217744309,4144
15.256432,4217748161,4217745769,2392
15.256432,4217748841,4217746449,2392
15.256451,4217751197,4217747909,3288
15.256451,4217752129,4217748841,3288
15.256466,4217753109,4217750301,2808
15.256469,4217754569,4217751761,2808
15.256469,4217754937,4217752129,2808
15.256486,4217757157,4217753589,3568
15.256489,4217756761,4217754937,1824
15.256504,4217759149,4217756397,2752
15.256504,4217759513,4217756761,2752
15.256515,4217760573,4217758221,2352
15.256518,4217761865,4217759513,2352
15.256533,4217763549,4217760973,2576
15.256533,4217762689,4217761865,824
15.462404,4217811841,4217762689,49152
15.462414,4217811973,4217764149,47824
15.462419,4217813433,4217765609,47824
15.462419,4217813213,4217767069,46144
15.462419,4217812929,4217768529,44400
15.462419,4217812645,4217769989,42656
15.462429,4217814105,4217771449,42656
15.462429,4217813885,4217772909,40976
15.462429,4217813609,4217774369,39240
15.462429,4217813317,4217775829,37488
15.462429,4217814777,4217777289,37488
15.462429,4217814565,4217778749,35816
15.462429,4217814281,4217780209,34072
15.462438,4217813997,4217781669,32328
15.462438,4217815457,4217783129,32328
15.462532,4217829101,4217784589,44512
15.462532,4217828817,4217786049,42768
15.462537,4217828533,4217787509,41024
15.462537,4217829993,4217788969,41024
15.462537,4217829773,4217790429,39344
15.462538,4217829497,4217791889,37608
15.462545,4217829205,4217793349,35856
15.462545,4217830665,4217794809,35856
15.462545,4217830445,4217796269,34176
15.462545,4217830169,4217797729,32440
15.462545,4217829885,4217799189,30696
15.462545,4217831345,4217800649,30696
15.462553,4217831125,4217802109,29016
15.462553,4217830849,4217803569,27280
15.462659,4217846269,4217805029,41240
15.462663,4217845977,4217806489,39488
15.462663,4217847437,4217807949,39488
15.462663,4217847233,4217809409,37824
15.46267,4217846941,4217810869,36072
15.46267,4217846657,4217812329,34328
15.46267,4217848117,4217813789,34328
15.46267,4217847905,4217815249,32656
15.46267,4217847621,4217816709,30912
15.46267,4217847329,4217818169,29160
15.462679,4217848789,4217819629,29160
15.462679,4217848585,4217821089,27496
15.462679,4217848293,4217822549,25744
15.462679,4217848009,4217824009,24000
15.462787,4217864701,4217825469,39232
15.462792,4217864409,4217826929,37480
15.462792,4217864125,4217828389,35736
15.462792,4217865585,4217829849,35736
15.462792,4217865373,4217831309,34064
15.462799,4217865089,4217832769,32320
15.462799,4217864797,4217834229,30568
15.462799,4217866257,4217835689,30568
15.462799,4217866053,4217837149,28904
15.462799,4217865761,4217838609,27152
15.462799,4217865477,4217840069,25408
15.462808,4217866937,4217841529,25408
15.462808,4217866725,4217842989,23736
15.462808,4217866441,4217844449,21992
15.462916,4217882645,4217845909,36736
15.46292,4217882433,4217847369,35064
15.46292,4217882149,4217848829,33320
15.46292,4217883609,4217850289,33320
15.46292,4217883325,4217851749,31576
15.462928,4217883113,4217853209,29904
15.462928,4217882821,4217854669,28152
15.462928,4217884281,4217856129,28152
15.462928,4217884005,4217857589,26416
15.462928,4217883785,4217859049,24736
15.462928,4217883501,4217860509,22992
15.462937,4217884961,4217861969,22992
15.462937,4217884677,4217863429,21248
15.462937,4217884465,4217864889,19576
15.463043,4217900005,4217866349,33656
15.463047,4217899721,4217867809,31912
15.463048,4217899437,4217869269,30168
15.463048,4217900897,4217870729,30168
15.463048,4217900685,4217872189,28496
15.463055,4217900401,4217873649,26752
15.463055,4217900109,4217875109,25000
15.463055,4217901569,4217876569,25000
15.463055,4217901357,4217878029,23328
15.463055,4217901073,4217879489,21584
15.463055,4217900789,4217880949,19840
15.463063,4217902249,4217882409,19840
15.463063,4217902037,4217883869,18168
15.463063,4217902633,4217884465,18168
15.463165,4217916205,4217885925,30280
15.463174,4217917665,4217887385,30280
15.463174,4217917453,4217888845,28608
15.463174,4217917169,4217890305,26864
15.463174,4217916885,4217891765,25120
15.463174,4217918345,4217893225,25120
15.463174,4217918125,4217894685,23440
15.463174,4217917849,4217896145,21704
15.463184,4217917565,4217897605,19960
15.463184,4217919025,4217899065,19960
15.463184,4217918805,4217900525,18280
15.463184,4217918521,4217901985,16536
15.463184,4217919169,4217902633,16536
15.463279,4217932725,4217904093,28632
15.463283,4217932433,4217905553,26880
15.463283,4217933893,4217907013,26880
15.463283,4217933609,4217908473,25136
15.463283,4217932865,4217909401,23464
15.463321,4217938029,4217910861,27168
15.463325,4217939489,4217912321,27168
15.463325,4217939261,4217913781,25480
15.463325,4217939001,4217915241,23760
15.463325,4217938709,4217916701,22008
15.463333,4217940169,4217918161,22008
15.463333,4217939933,4217919621,20312
15.463333,4217939673,4217921081,18592
15.463333,4217939381,4217922541,16840
15.463333,4217940841,4217924001,16840
15.46334,4217940597,4217925461,15136
15.46334,4217940345,4217926921,13424
15.46334,4217940061,4217928381,11680
15.46334,4217941521,4217929841,11680
15.46345,4217956733,4217931301,25432
15.463455,4217956449,4217932761,23688
15.463455,4217956157,4217934221,21936
15.463455,4217957617,4217935681,21936
15.463455,4217957413,4217937141,20272
15.463462,4217957129,4217938601,18528
15.463462,4217956837,4217940061,16776
15.463462,4217958297,4217941521,16776
15.463521,4217966781,4217942981,23800
15.463526,4217966513,4217944441,22072
15.463526,4217966221,4217945901,20320
15.463526,4217967681,4217947361,20320
15.463531,4217967445,4217948821,18624
15.463531,4217967193,4217950281,16912
15.463531,4217966901,4217951741,15160
15.463532,4217968361,4217953201,15160
15.463532,4217968117,4217954661,13456
15.463538,4217967865,4217956121,11744
15.463614,4217979285,4217957581,21704
15.463618,4217979001,4217959041,19960
15.463618,4217978709,4217960501,18208
15.463618,4217980169,4217961961,18208
15.463618,4217979965,4217963421,16544
15.463624,4217979681,4217964881,14800
15.463625,4217979389,4217966341,13048
15.463625,4217980849,4217967801,13048
15.463625,4217980913,4217967865,13048
15.463691,4217989413,4217969325,20088
15.463696,4217990873,4217970785,20088
15.463696,4217990653,4217972245,18408
15.463696,4217990369,4217973705,16664
15.463696,4217990093,4217975165,14928
15.463703,4217991553,4217976625,14928
15.463703,4217991317,4217978085,13232
15.463703,4217991049,4217979545,11504
15.463703,4217990673,4217980913,9760
15.463768,4218000189,4217982373,17816
15.463772,4218001649,4217983833,17816
15.463772,4218001365,4217985293,16072
15.463772,4218001153,4217986753,14400
15.463778,4218000869,4217988213,12656
15.463778,4218002329,4217989673,12656
15.463778,4218001577,4217990673,10904
15.463829,4218008461,4217992133,16328
15.463832,4218009921,4217993593,16328
15.463832,4218009709,4217995053,14656
15.463832,4218009417,4217996513,12904
15.463839,4218009141,4217997973,11168
15.463839,4218010601,4217999433,11168
15.463839,4218010381,4218000893,9488
15.463839,4218009321,4218001577,7744
15.463897,4218018853,4218003037,15816
15.463901,4218018889,4218004497,14392
15.463901,4218018605,4218005957,12648
15.463901,4218018321,4218007417,10904
15.463906,4218019781,4218008877,10904
15.463906,4218018545,4218009321,9224
15.463945,4218024821,4218010781,14040
15.46395,4218024537,4218012241,12296
15.46395,4218025997,4218013701,12296
15.46395,4218025793,4218015161,10632
15.46395,4218025501,4218016621,8880
15.463956,4218025217,4218018081,7136
15.463956,4218025681,4218018545,7136
15.464003,4218033517,4218020005,13512
15.464007,4218033233,4218021465,11768
15.464007,4218032941,4218022925,10016
15.464007,4218034401,4218024385,10016
15.464012,4218034033,4218025681,8352
15.464047,4218039773,4218027141,12632
15.464051,4218039657,4218028601,11056
15.464051,4218039381,4218030061,9320
15.464051,4218039097,4218031521,7576
15.464056,4218040557,4218032981,7576
15.464057,4218039929,4218034033,5896
15.4641,4218047045,4218035493,11552
15.464103,4218046809,4218036953,9856
15.464103,4218046517,4218038413,8104
15.464103,4218047977,4218039873,8104
15.464108,4218046313,4218039929,6384
15.464137,4218051485,4218041389,10096
15.464142,4218051201,4218042849,8352
15.464142,4218052661,4218044309,8352
15.464142,4218052449,4218045769,6680
15.464142,4218052993,4218046313,6680
15.464177,4218057437,4218047773,9664
15.464184,4218057153,4218049233,7920
15.464184,4218056869,4218050693,6176
15.464184,4218058329,4218052153,6176
15.464185,4218057497,4218052993,4504
15.464218,4218063429,4218054453,8976
15.464222,4218063489,4218055913,7576
15.464222,4218063205,4218057373,5832
15.464222,4218063329,4218057497,5832
15.464246,4218067293,4218058957,8336
15.46425,4218067513,4218060417,7096
15.46425,4218067253,4218061877,5376
15.46425,4218066953,4218063329,3624
15.464283,4218071877,4218064789,7088
15.464286,4218071601,4218066249,5352
15.464286,4218072305,4218066953,5352
15.464305,4218075477,4218068413,7064
15.464313,4218075721,4218069873,5848
15.464313,4218075517,4218071333,4184
15.464313,4218074729,4218072305,2424
15.464339,4218079757,4218073765,5992
15.464342,4218080721,4218074729,5992
15.464354,4218082293,4218076189,6104
15.464358,4218082105,4218077649,4456
15.464358,4218081829,4218079109,2720
15.464358,4218083289,4218080569,2720
15.464362,4218081689,4218080721,968
15.670403,4218130841,4218081689,49152
15.670415,4218132301,4218083149,49152
15.670421,4218132041,4218084609,47432
15.670421,4218131765,4218086069,45696
15.670421,4218131473,4218087529,43944
15.670421,4218132933,4218088989,43944
15.670421,4218132721,4218090449,42272
15.670421,4218132437,4218091909,40528
15.670432,4218132153,4218093369,38784
15.670432,4218133613,4218094829,38784
15.670432,4218133393,4218096289,37104
15.670432,4218133117,4218097749,35368
15.670432,4218132825,4218099209,33616
15.670432,4218134285,4218100669,33616
15.670432,4218134073,4218102129,31944
15.670533,4218147437,4218103589,43848
15.670537,4218148897,4218105049,43848
15.670537,4218148685,4218106509,42176
15.670537,4218148393,4218107969,40424
15.670537,4218148117,4218109429,38688
15.670545,4218149577,4218110889,38688
15.670545,4218149357,4218112349,37008
15.670545,4218149073,4218113809,35264
15.670545,4218148789,4218115269,33520
15.670545,4218150249,4218116729,33520
15.670545,4218150037,4218118189,31848
15.670553,4218149745,4218119649,30096
15.670553,4218149469,4218121109,28360
15.670553,4218150929,4218122569,28360
15.67066,4218166229,4218124029,42200
15.670666,4218166305,4218125489,40816
15.670666,4218166021,4218126949,39072
15.670666,4218165729,4218128409,37320
15.670666,4218167189,4218129869,37320
15.670674,4218166985,4218131329,35656
15.670674,4218166701,4218132789,33912
15.670674,4218166409,4218134249,32160
15.670674,4218167869,4218135709,32160
15.670674,4218167657,4218137169,30488
15.670674,4218167373,4218138629,28744
15.670674,4218167081,4218140089,26992
15.670683,4218168541,4218141549,26992
15.670683,4218168337,4218143009,25328
15.670788,4218183965,4218144469,39496
15.670792,4218184137,4218145929,38208
15.670792,4218183853,4218147389,36464
15.670792,4218183561,4218148849,34712
15.670799,4218185021,4218150309,34712
15.670799,4218184817,4218151769,33048
15.670799,4218184533,4218153229,31304
15.670799,4218184241,4218154689,29552
15.670799,4218185701,4218156149,29552
15.670799,4218185489,4218157609,27880
15.670807,4218185205,4218159069,26136
15.670807,4218184913,4218160529,24384
15.670807,4218186373,4218161989,24384
15.670807,4218186169,4218163449,22720
15.670916,4218201701,4218164909,36792
15.67092,4218201569,4218166369,35200
15.67092,4218201293,4218167829,33464
15.67092,4218201009,4218169289,31720
15.67092,4218202469,4218170749,31720
15.670928,4218202249,4218172209,30040
15.670928,4218201973,4218173669,28304
15.670928,4218201681,4218175129,26552
15.670928,4218203141,4218176589,26552
15.670928,4218202921,4218178049,24872
15.670928,4218202645,4218179509,23136
15.670936,4218202353,4218180969,21384
15.670936,4218203813,4218182429,21384
15.670936,4218203601,4218183889,19712
15.671044,4218218749,4218185349,33400
15.671049,4218220209,4218186809,33400
15.671049,4218219925,4218188269,31656
15.671049,4218219713,4218189729,29984
15.671049,4218219429,4218191189,28240
15.671057,4218219145,4218192649,26496
15.671057,4218220605,4218194109,26496
15.671057,4218220385,4218195569,24816
15.671057,4218220101,4218197029,23072
15.671057,4218219817,4218198489,21328
15.671057,4218221277,4218199949,21328
15.671065,4218221065,4218201409,19656
15.671065,4218220781,4218202869,17912
15.671065,4218221513,4218203601,17912
15.671166,4218236493,4218205061,31432
15.67117,4218236481,4218206521,29960
15.67117,4218236189,4218207981,28208
15.67117,4218235905,4218209441,26464
15.671176,4218237365,4218210901,26464
15.671176,4218237161,4218212361,24800
15.671176,4218237881,4218213081,24800
15.671225,4218244677,4218214541,30136
15.67123,4218244489,4218216001,28488
15.67123,4218244197,4218217461,26736
15.67123,4218245657,4218218921,26736
15.67123,4218245381,4218220381,25000
15.671237,4218245161,4218221841,23320
15.671238,4218244869,4218223301,21568
15.671238,4218246329,4218224761,21568
15.671238,4218246053,4218226221,19832
15.671238,4218245841,4218227681,18160
15.671238,4218245549,4218229141,16408
15.671246,4218245273,4218230601,14672
15.671246,4218246733,4218232061,14672
15.671246,4218246513,4218233521,12992
15.671353,4218261261,4218234981,26280
15.671357,4218262721,4218236441,26280
15.671357,4218262509,4218237901,24608
15.671357,4218262225,4218239361,22864
15.671363,4218261933,4218240821,21112
15.671364,4218263393,4218242281,21112
15.671364,4218263189,4218243741,19448
15.671364,4218262897,4218245201,17696
15.671364,4218264209,4218246513,17696
15.671436,4218272613,4218247973,24640
15.67144,4218274073,4218249433,24640
15.67144,4218273861,4218250893,22968
15.67144,4218273569,4218252353,21216
15.67144,4218273293,4218253813,19480
15.671448,4218274753,4218255273,19480
15.671448,4218274533,4218256733,17800
15.671448,4218274249,4218258193,16056
15.671448,4218273973,4218259653,14320
15.671448,4218274121,4218259801,14320
15.671517,4218284173,4218261261,22912
15.671521,4218285633,4218262721,22912
15.671521,4218285421,4218264181,21240
15.671521,4218285129,4218265641,19488
15.671528,4218284853,4218267101,17752
15.671528,4218286313,4218268561,17752
15.671528,4218286093,4218270021,16072
15.671528,4218285801,4218271481,14320
15.671529,4218285525,4218272941,12584
15.671529,4218286705,4218274121,12584
15.671607,4218297653,4218275581,22072
15.671611,4218297577,4218277041,20536
15.671611,4218297285,4218278501,18784
15.671611,4218297001,4218279961,17040
15.671617,4218298461,4218281421,17040
15.671617,4218298257,4218282881,15376
15.671617,4218297965,4218284341,13624
15.671617,4218297673,4218285801,11872
15.671617,4218298577,4218286705,11872
15.671686,4218308573,4218288165,20408
15.67169,4218308801,4218289625,19176
15.67169,4218308533,4218291085,17448
15.67169,4218308257,4218292545,15712
15.671696,4218309717,4218294005,15712
15.671696,4218309465,4218295465,14000
15.671696,4218309205,4218296925,12280
15.671696,4218308929,4218298385,10544
15.671696,4218309121,4218298577,10544
15.67176,4218318029,4218300037,17992
15.671764,4218319489,4218301497,17992
15.671765,4218319261,4218302957,16304
15.671765,4218318993,4218304417,14576
15.671765,4218318709,4218305877,12832
15.671771,4218320169,4218307337,12832
15.671771,4218319925,4218308797,11128
15.671771,4218320249,4218309121,11128
15.671828,4218328021,4218310581,17440
15.671828,4218327729,4218312041,15688
15.671835,4218327453,4218313501,13952
15.671835,4218328913,4218314961,13952
15.671835,4218328693,4218316421,12272
15.671835,4218328409,4218317881,10528
15.671835,4218328125,4218319341,8784
15.671835,4218329033,4218320249,8784
15.671896,4218337677,4218321709,15968
15.6719,4218337897,4218323169,14728
15.6719,4218337629,4218324629,13000
15.6719,4218337337,4218326089,11248
15.6719,4218338797,4218327549,11248
15.671906,4218338569,4218329009,9560
15.671906,4218338593,4218329033,9560
15.67195,4218344381,4218330493,13888
15.671954,4218345841,4218331953,13888
15.671954,4218345629,4218333413,12216
15.671954,4218345345,4218334873,10472
15.67196,4218345061,4218336333,8728
15.67196,4218346521,4218337793,8728
15.67196,4218345641,4218338593,7048
15.67201,4218353381,4218340053,13328
15.672014,4218353089,4218341513,11576
15.672014,4218352813,4218342973,9840
15.672014,4218354273,4218344433,9840
15.672018,4218353801,4218345641,8160
15.672054,4218359533,4218347101,12432
15.672058,4218359249,4218348561,10688
15.672058,4218358957,4218350021,8936
15.672058,4218360417,4218351481,8936
15.672063,4218360213,4218352941,7272
15.672063,4218359321,4218353801,5520
15.672105,4218366765,4218355261,11504
15.672109,4218366481,4218356721,9760
15.672109,4218366189,4218358181,8008
15.672109,4218367329,4218359321,8008
15.672139,4218371565,4218360781,10784
15.672148,4218371481,4218362241,9240
15.672148,4218371197,4218363701,7496
15.672148,4218370913,4218365161,5752
15.672148,4218372373,4218366621,5752
15.672148,4218371409,4218367329,4080
15.672192,4218378837,4218368789,10048
15.672196,4218378921,4218370249,8672
15.672196,4218378329,4218371409,6920
15.672215,4218382021,4218372869,9152
15.672219,4218382065,4218374329,7736
15.672219,4218381789,4218375789,6000
15.672219,4218381497,4218377249,4248
15.672224,4218382577,4218378329,4248
15.672258,4218386781,4218379789,6992
15.672261,4218388241,4218381249,6992
15.672261,4218387897,4218382577,5320
15.672285,4218391157,4218384037,7120
15.672289,4218390873,4218385497,5376
15.672289,4218392333,4218386957,5376
15.672289,4218391601,4218387897,3704
15.672318,4218396101,4218389357,6744
15.672321,4218395817,4218390817,5000
15.672321,4218396601,4218391601,5000
15.672341,4218399541,4218393061,6480
15.672345,4218399377,4218394521,4856
15.672345,4218399085,4218395981,3104
15.672345,4218399705,4218396601,3104
15.672373,4218403853,4218398061,5792
15.672376,4218403721,4218399521,4200
15.672376,4218403905,4218399705,4200
15.672395,4218406589,4218401165,5424
15.672395,4218406353,4218402625,3728
15.672395,4218405881,4218403905,1976
15.672419,4218409157,4218405365,3792
15.672419,4218409673,4218405881,3792
15.672431,4218411653,4218407341,4312
15.672434,4218411361,4218408801,2560
15.672434,4218412233,4218409673,2560
15.672454,4218415133,4218411133,4000
15.672457,4218414489,4218412233,2256
15.67247,4218416805,4218413693,3112
15.67247,4218417601,4218414489,3112
15.672484,4218419325,4218415949,3376
15.672487,4218419529,4218417409,2120
15.672487,4218419721,4218417601,2120
15.672504,4218422053,4218419061,2992
15.672504,4218421377,4218419721,1656
15.672516,4218423869,4218421181,2688
15.67252,4218422713,4218421377,1336
15.878405,4218470577,4218422713,47864
15.878416,4218472677,4218424173,48504
15.878421,4218472305,4218425633,46672
15.878421,4218473765,4218427093,46672
15.878421,4218473553,4218428553,45000
15.878421,4218473269,4218430013,43256
15.878421,4218472985,4218431473,41512
15.878432,4218474445,4218432933,41512
15.878432,4218474225,4218434393,39832
15.878432,4218473949,4218435853,38096
15.878432,4218473657,4218437313,36344
15.878432,4218475117,4218438773,36344
15.878432,4218474905,4218440233,34672
15.878432,4218474621,4218441693,32928
15.878432,4218474337,4218443153,31184
15.878534,4218489397,4218444613,44784
15.878534,4218489105,4218446073,43032
15.87854,4218488821,4218447533,41288
15.87854,4218490281,4218448993,41288
15.87854,4218490069,4218450453,39616
15.87854,4218489785,4218451913,37872
15.878548,4218489493,4218453373,36120
15.878548,4218490953,4218454833,36120
15.878548,4218490749,4218456293,34456
15.878548,4218490457,4218457753,32704
15.878548,4218490173,4218459213,30960
15.878549,4218491633,4218460673,30960
15.878549,4218491421,4218462133,29288
15.878557,4218491137,4218463593,27544
15.878661,4218506293,4218465053,41240
15.878665,4218507753,4218466513,41240
15.878665,4218507533,4218467973,39560
15.878665,4218507249,4218469433,37816
15.878671,4218506965,4218470893,36072
15.878671,4218508425,4218472353,36072
15.878671,4218508213,4218473813,34400
15.878671,4218507921,4218475273,32648
15.878671,4218507645,4218476733,30912
15.87868,4218509105,4218478193,30912
15.87868,4218508885,4218479653,29232
15.87868,4218508601,4218481113,27488
15.87868,4218508317,4218482573,25744
15.87868,4218509777,4218484033,25744
15.878789,4218524541,4218485493,39048
15.878793,4218524249,4218486953,37296
15.878793,4218525709,4218488413,37296
15.878793,4218525497,4218489873,35624
15.8788,4218525213,4218491333,33880
15.8788,4218524929,4218492793,32136
15.8788,4218526389,4218494253,32136
15.8788,4218526169,4218495713,30456
15.8788,4218525893,4218497173,28720
15.8788,4218525601,4218498633,26968
15.878808,4218527061,4218500093,26968
15.878808,4218526849,4218501553,25296
15.878808,4218526565,4218503013,23552
15.878808,4218526281,4218504473,21808
15.878917,4218542301,4218505933,36368
15.878922,4218542009,4218507393,34616
15.878922,4218543469,4218508853,34616
15.878922,4218543257,4218510313,32944
15.878922,4218542981,4218511773,31208
15.87893,4218542689,4218513233,29456
15.87893,4218544149,4218514693,29456
15.87893,4218543929,4218516153,27776
15.87893,4218543653,4218517613,26040
15.87893,4218543361,4218519073,24288
15.87893,4218544821,4218520533,24288
15.878938,4218544601,4218521993,22608
15.878938,4218544333,4218523453,20880
15.878938,4218544041,4218524913,19128
15.879045,4218560029,4218526373,33656
15.879049,4218559737,4218527833,31904
15.879049,4218561197,4218529293,31904
15.879049,4218560993,4218530753,30240
15.879056,4218560709,4218532213,28496
15.879056,4218560417,4218533673,26744
15.879056,4218561877,4218535133,26744
15.879056,4218561665,4218536593,25072
15.879056,4218561381,4218538053,23328
15.879056,4218561089,4218539513,21576
15.879065,4218562549,4218540973,21576
15.879065,4218562337,4218542433,19904
15.879065,4218562061,4218543893,18168
15.879065,4218562209,4218544041,18168
15.879165,4218577005,4218545501,31504
15.879168,4218576713,4218546961,29752
15.879169,4218576421,4218548421,28000
15.879169,4218577881,4218549881,28000
15.879175,4218577677,4218551341,26336
15.879175,4218577385,4218552801,24584
15.879175,4218577101,4218554261,22840
15.879175,4218578561,4218555721,22840
15.879175,4218578357,4218557181,21176
15.879182,4218578065,4218558641,19424
15.879183,4218577781,4218560101,17680
15.879183,4218579241,4218561561,17680
15.879183,4218578217,4218562209,16008
15.879278,4218592845,4218563669,29176
15.879282,4218592889,4218565129,27760
15.879282,4218592597,4218566589,26008
15.879283,4218592313,4218568049,24264
15.879283,4218593773,4218569509,24264
15.879291,4218593561,4218570969,22592
15.879291,4218593269,4218572429,20840
15.879291,4218592993,4218573889,19104
15.879291,4218594453,4218575349,19104
15.879291,4218594233,4218576809,17424
15.879291,4218593905,4218578217,15688
15.879377,4218606037,4218579677,26360
15.879381,4218605745,4218581137,24608
15.879381,4218607205,4218582597,24608
15.879381,4218606993,4218584057,22936
15.879386,4218606709,4218585517,21192
15.879387,4218606281,4218586841,19440
15.879432,4218614221,4218588301,25920
15.879436,4218614145,4218589761,24384
15.879436,4218613853,4218591221,22632
15.879436,4218613569,4218592681,20888
15.879442,4218615029,4218594141,20888
15.879442,4218614817,4218595601,19216
15.879442,4218614533,4218597061,17472
15.879442,4218614241,4218598521,15720
15.879442,4218615701,4218599981,15720
15.87945,4218615497,4218601441,14056
15.87945,4218615213,4218602901,12312
15.87945,4218614921,4218604361,10560
15.87945,4218616381,4218605821,10560
15.87945,4218615169,4218606281,8888
15.879553,4218630821,4218607741,23080
15.879557,4218630529,4218609201,21328
15.879557,4218630253,4218610661,19592
15.879557,4218631713,4218612121,19592
15.879557,4218631501,4218613581,17920
15.879564,4218631209,4218615041,16168
15.879564,4218631337,4218615169,16168
15.879609,4218638637,4218616629,22008
15.879613,4218638353,4218618089,20264
15.879613,4218638069,4218619549,18520
15.879613,4218639529,4218621009,18520
15.879613,4218639317,4218622469,16848
15.879621,4218639025,4218623929,15096
15.879621,4218638741,4218625389,13352
15.879621,4218640201,4218626849,13352
15.879621,4218639989,4218628309,11680
15.879621,4218639705,4218629769,9936
15.879621,4218639421,4218631229,8192
15.879628,4218639529,4218631337,8192
15.87971,4218652061,4218632797,19264
15.879713,4218651777,4218634257,17520
15.879713,4218653237,4218635717,17520
15.879713,4218653025,4218637177,15848
15.879719,4218652741,4218638637,14104
15.879719,4218653633,4218639529,14104
15.879761,4218659717,4218640989,18728
15.879766,4218659425,4218642449,16976
15.879766,4218659141,4218643909,15232
15.879766,4218660601,4218645369,15232
15.879766,4218660389,4218646829,13560
15.879773,4218660097,4218648289,11808
15.879773,4218659813,4218649749,10064
15.879773,4218661273,4218651209,10064
15.879773,4218661069,4218652669,8400
15.879773,4218660281,4218653633,6648
15.879849,4218671285,4218655093,16192
15.879853,4218671009,4218656553,14456
15.879853,4218672469,4218658013,14456
15.879853,4218672249,4218659473,12776
15.879853,4218673057,4218660281,12776
15.879891,4218677661,4218661741,15920
15.879895,4218677377,4218663201,14176
15.879895,4218677085,4218664661,12424
15.879895,4218678545,4218666121,12424
15.879895,4218678333,4218667581,10752
15.879902,4218678049,4218669041,9008
15.879903,4218677765,4218670501,7264
15.879903,4218679225,4218671961,7264
15.879903,4218678649,4218673057,5592
15.87997,4218688453,4218674517,13936
15.879974,4218688177,4218675977,12200
15.879974,4218689637,4218677437,12200
15.879974,4218689177,4218678649,10528
15.880005,4218693429,4218680109,13320
15.880009,4218693137,4218681569,11568
15.880009,4218692845,4218683029,9816
15.880009,4218694305,4218684489,9816
15.880014,4218694101,4218685949,8152
15.880014,4218693817,4218687409,6408
15.880014,4218693525,4218688869,4656
15.880014,4218693833,4218689177,4656
15.880071,4218701765,4218690637,11128
15.880076,4218703225,4218692097,11128
15.880076,4218703021,4218693557,9464
15.880076,4218703297,4218693833,9464
15.8801,4218706605,4218695293,11312
15.880103,4218706321,4218696753,9568
15.880104,4218706037,4218698213,7824
15.880104,4218707497,4218699673,7824
15.880109,4218707285,4218701133,6152
15.880109,4218707001,4218702593,4408
15.880109,4218707705,4218703297,4408
15.880159,4218714717,4218704757,9960
15.880163,4218714425,4218706217,8208
15.880163,4218715885,4218707677,8208
15.880163,4218714193,4218707705,6488
15.880187,4218718381,4218709165,9216
15.880191,4218718097,4218710625,7472
15.880191,4218719557,4218712085,7472
15.880191,4218719337,4218713545,5792
15.880191,4218719985,4218714193,5792
15.880227,4218723613,4218715653,7960
15.880231,4218725073,4218717113,7960
15.880231,4218724853,4218718573,6280
15.880231,4218724529,4218719985,4544
15.880263,4218728573,4218721445,7128
15.880266,4218730033,4218722905,7128
15.880266,4218729829,4218724365,5464
15.880271,4218729993,4218724529,5464
15.880292,4218733589,4218725989,7600
15.880296,4218733473,4218727449,6024
15.880296,4218733181,4218728909,4272
15.880296,4218734265,4218729993,4272
15.880326,4218737717,4218731453,6264
15.880329,4218737425,4218732913,4512
15.880329,4218738777,4218734265,4512
15.880353,4218741861,4218735725,6136
15.880356,4218741577,4218737185,4392
15.880356,4218741293,4218738645,2648
15.880356,4218741425,4218738777,2648
15.880381,4218745877,4218740237,5640
15.880383,4218745617,4218741425,4192
15.880397,4218748149,4218742885,5264
15.880401,4218748217,4218744345,3872
15.880401,4218747745,4218745617,2128
15.880424,4218750677,4218747077,3600
15.880424,4218751345,4218747745,3600
15.880436,4218753605,4218749205,4400
15.88044,4218753833,4218750665,3168
15.88044,4218752809,4218751345,1464
15.880459,4218756709,4218752805,3904
15.880464,4218756713,4218752809,3904
15.880469,4218758149,4218754269,3880
15.880472,4218757993,4218755729,2264
15.880487,4218760309,4218757189,3120
15.880487,4218761113,4218757993,3120
15.8805,4218761365,4218759453,1912
15.880504,4218762825,4218760913,1912
15.880504,4218763025,4218761113,1912
15.880521,4218765197,4218762573,2624
15.880521,4218764457,4218763025,1432
16.086404,4218813521,4218764457,49064
16.086415,4218815069,4218765917,49152
16.08642,4218814953,4218767377,47576
16.08642,4218814669,4218768837,45832
16.08642,4218814385,4218770297,44088
16.08642,4218815845,4218771757,44088
16.086428,4218815633,4218773217,42416
16.086428,4218815341,4218774677,40664
16.086428,4218815057,4218776137,38920
16.086428,4218816517,4218777597,38920
16.086428,4218816305,4218779057,37248
16.086429,4218816021,4218780517,35504
16.086429,4218815737,4218781977,33760
16.086437,4218817197,4218783437,33760
16.086437,4218816985,4218784897,32088
16.086534,4218831469,4218786357,45112
16.08654,4218831233,4218787817,43416
16.08654,4218830941,4218789277,41664
16.08654,4218832401,4218790737,41664
16.08654,4218832133,4218792197,39936
16.08654,4218831905,4218793657,38248
16.086549,4218831621,4218795117,36504
16.086549,4218833081,4218796577,36504
16.086549,4218832805,4218798037,34768
16.086549,4218832585,4218799497,33088
16.086549,4218832293,4218800957,31336
16.086549,4218833753,4218802417,31336
16.086549,4218833477,4218803877,29600
16.086558,4218833257,4218805337,27920
16.086662,4218849037,4218806797,42240
16.086666,4218848753,4218808257,40496
16.086666,4218848461,4218809717,38744
16.086666,4218849921,4218811177,38744
16.086683,4218849709,4218812637,37072
16.086683,4218849425,4218814097,35328
16.086683,4218849141,4218815557,33584
16.086683,4218850601,4218817017,33584
16.086683,4218850389,4218818477,31912
16.086683,4218850105,4218819937,30168
16.086683,4218849813,4218821397,28416
16.086683,4218851273,4218822857,28416
16.086701,4218851069,4218824317,26752
16.086702,4218850777,4218825777,25000
16.08679,4218866661,4218827237,39424
16.086795,4218866385,4218828697,37688
16.086795,4218866093,4218830157,35936
16.086795,4218867553,4218831617,35936
16.086795,4218867341,4218833077,34264
16.086803,4218867057,4218834537,32520
16.086803,4218866773,4218835997,30776
16.086803,4218868233,4218837457,30776
16.086803,4218868013,4218838917,29096
16.086803,4218867737,4218840377,27360
16.086803,4218867445,4218841837,25608
16.086803,4218868905,4218843297,25608
16.086812,4218868693,4218844757,23936
16.086812,4218868409,4218846217,22192
16.086917,4218884045,4218847677,36368
16.086921,4218883769,4218849137,34632
16.086921,4218885229,4218850597,34632
16.086921,4218885009,4218852057,32952
16.086928,4218884725,4218853517,31208
16.086928,4218884441,4218854977,29464
16.086928,4218885901,4218856437,29464
16.086928,4218885689,4218857897,27792
16.086928,4218885397,4218859357,26040
16.086928,4218885121,4218860817,24304
16.086936,4218886581,4218862277,24304
16.086936,4218886361,4218863737,22624
16.086937,4218886077,4218865197,20880
16.086937,4218885793,4218866657,19136
16.087045,4218901509,4218868117,33392
16.087048,4218901233,4218869577,31656
16.087048,4218902693,4218871037,31656
16.087049,4218902473,4218872497,29976
16.087055,4218902189,4218873957,28232
16.087055,4218901905,4218875417,26488
16.087055,4218903365,4218876877,26488
16.087055,4218903153,4218878337,24816
16.087055,4218902861,4218879797,23064
16.087063,4218902585,4218881257,21328
16.087063,4218904045,4218882717,21328
16.087063,4218903833,4218884177,19656
16.087063,4218903541,4218885637,17904
16.087063,4218903697,4218885793,17904
16.087165,4218918669,4218887253,31416
16.087169,4218918377,4218888713,29664
16.087169,4218918093,4218890173,27920
16.087169,4218918441,4218890521,27920
16.087194,4218922213,4218891981,30232
16.087197,4218921929,4218893441,28488
16.087197,4218923389,4218894901,28488
16.087197,4218923177,4218896361,26816
16.087203,4218922893,4218897821,25072
16.087203,4218922601,4218899281,23320
16.087203,4218924061,4218900741,23320
16.087203,4218923849,4218902201,21648
16.087204,4218923565,4218903661,19904
16.087211,4218923281,4218905121,18160
16.087211,4218924741,4218906581,18160
16.087211,4218924529,4218908041,16488
16.087211,4218924245,4218909501,14744
16.087211,4218923953,4218910961,12992
16.087323,4218940733,4218912421,28312
16.087327,4218940441,4218913881,26560
16.087327,4218940157,4218915341,24816
16.087327,4218941617,4218916801,24816
16.087327,4218941405,4218918261,23144
16.087335,4218941121,4218919721,21400
16.087335,4218940829,4218921181,19648
16.087335,4218942289,4218922641,19648
16.087335,4218941937,4218923953,17984
16.087403,4218951989,4218925413,26576
16.087408,4218952129,4218926873,25256
16.087408,4218951845,4218928333,23512
16.087408,4218951553,4218929793,21760
16.087408,4218953013,4218931253,21760
16.087415,4218952809,4218932713,20096
16.087416,4218952525,4218934173,18352
16.087416,4218952233,4218935633,16600
16.087416,4218953693,4218937093,16600
16.087416,4218952177,4218937241,14936
16.087486,4218963581,4218938701,24880
16.08749,4218963809,4218940161,23648
16.08749,4218963525,4218941621,21904
16.08749,4218963241,4218943081,20160
16.087496,4218964701,4218944541,20160
16.087496,4218964473,4218946001,18472
16.087496,4218964205,4218947461,16744
16.087496,4218963913,4218948921,14992
16.087497,4218965373,4218950381,14992
16.087503,4218965145,4218951841,13304
16.087503,4218965481,4218952177,13304
16.08758,4218975669,4218953637,22032
16.087585,4218977129,4218955097,22032
16.087585,4218976917,4218956557,20360
16.087585,4218976625,4218958017,18608
16.087585,4218976341,4218959477,16864
16.087592,4218977801,4218960937,16864
16.087592,4218977597,4218962397,15200
16.087592,4218977305,4218963857,13448
16.087592,4218977013,4218965317,11696
16.087592,4218977177,4218965481,11696
16.087663,4218987565,4218966941,20624
16.087667,4218987273,4218968401,18872
16.087667,4218988733,4218969861,18872
16.087668,4218988529,4218971321,17208
16.087668,4218988237,4218972781,15456
16.087675,4218987953,4218974241,13712
16.087675,4218989413,4218975701,13712
16.087675,4218989201,4218977161,12040
16.087675,4218989217,4218977177,12040
16.087735,4218998141,4218978637,19504
16.087739,4218998225,4218980097,18128
16.087739,4218997933,4218981557,16376
16.087739,4218997649,4218983017,14632
16.087745,4218999109,4218984477,14632
16.087745,4218998897,4218985937,12960
16.087745,4218998613,4218987397,11216
16.087745,4218998329,4218988857,9472
16.087745,4218998689,4218989217,9472
16.08781,4219008605,4218990677,17928
16.087814,4219008601,4218992137,16464
16.087814,4219008317,4218993597,14720
16.087814,4219008033,4218995057,12976
16.08782,4219009493,4218996517,12976
16.08782,4219009281,4218997977,11304
16.08782,4219009993,4218998689,11304
16.08787,4219015789,4219000149,15640
16.087874,4219017249,4219001609,15640
16.087874,4219017045,4219003069,13976
16.087874,4219016753,4219004529,12224
16.08788,4219016469,4219005989,10480
16.08788,4219017929,4219007449,10480
16.08788,4219017717,4219008909,8808
16.08788,4219017057,4219009993,7064
16.087941,4219025893,4219011453,14440
16.087945,4219025609,4219012913,12696
16.087945,4219027069,4219014373,12696
16.087945,4219026849,4219015833,11016
16.087945,4219026337,4219017057,9280
16.087985,4219032085,4219018517,13568
16.087989,4219031801,4219019977,11824
16.087989,4219033261,4219021437,11824
16.087989,4219033049,4219022897,10152
16.087994,4219032765,4219024357,8408
16.087994,4219032473,4219025817,6656
16.087994,4219032993,4219026337,6656
16.088046,4219041157,4219027797,13360
16.088051,4219040873,4219029257,11616
16.088051,4219040581,4219030717,9864
16.088052,4219042041,4219032177,9864
16.088052,4219041193,4219032993,8200
16.088084,4219046589,4219034453,12136
16.088088,4219046785,4219035913,10872
16.088088,4219046501,4219037373,9128
16.088088,4219046217,4219038833,7384
16.088093,4219047677,4219040293,7384
16.088093,4219046905,4219041193,5712
16.088136,4219052925,4219042653,10272
16.08814,4219054385,4219044113,10272
16.08814,4219054101,4219045573,8528
16.08814,4219053761,4219046905,6856
16.088171,4219058637,4219048365,10272
16.088179,4219058545,4219049825,8720
16.088179,4219058261,4219051285,6976
16.088179,4219057977,4219052745,5232
16.088179,4219058993,4219053761,5232
16.088215,4219063421,4219055221,8200
16.088218,4219064881,4219056681,8200
16.088218,4219064669,4219058141,6528
16.088218,4219065521,4219058993,6528
16.088247,4219067925,4219060453,7472
16.088251,4219069385,4219061913,7472
16.088251,4219069173,4219063373,5800
16.088251,4219068889,4219064833,4056
16.088251,4219069577,4219065521,4056
16.088287,4219074781,4219066981,7800
16.088291,4219074673,4219068441,6232
16.088291,4219074057,4219069577,4480
16.088313,4219077781,4219071037,6744
16.088317,4219077497,4219072497,5000
16.088317,4219078957,4219073957,5000
16.088317,4219079057,4219074057,5000
16.088341,4219081645,4219075517,6128
16.088344,4219081353,4219076977,4376
16.088344,4219082813,4219078437,4376
16.088344,4219081761,4219079057,2704
16.088372,4219085885,4219080517,5368
16.088375,4219087129,4219081761,5368
16.088389,4219088869,4219083221,5648
16.088396,4219088649,4219084681,3968
16.088396,4219088357,4219086141,2216
16.088396,4219089345,4219087129,2216
16.088423,4219093013,4219088589,4424
16.088423,4219093769,4219089345,4424
16.088436,4219095365,4219090805,4560
16.08844,4219095073,4219092265,2808
16.08844,4219094789,4219093725,1064
16.08844,4219094833,4219093769,1064
16.294403,4219143985,4219094833,49152
16.294414,4219144173,4219096293,47880
16.294418,4219145633,4219097753,47880
16.294418,4219145413,4219099213,46200
16.294418,4219145121,4219100673,44448
16.294418,4219144837,4219102133,42704
16.294427,4219146297,4219103593,42704
16.294427,4219146085,4219105053,41032
16.294427,4219145801,4219106513,39288
16.294427,4219145509,4219107973,37536
16.294427,4219146969,4219109433,37536
16.294427,4219146765,4219110893,35872
16.294427,4219146481,4219112353,34128
16.294436,4219146189,4219113813,32376
16.294436,4219147649,4219115273,32376
16.294533,4219161533,4219116733,44800
16.294537,4219161257,4219118193,43064
16.294537,4219160965,4219119653,41312
16.294537,4219162425,4219121113,41312
16.294537,4219162213,4219122573,39640
16.294545,4219161929,4219124033,37896
16.294545,4219161645,4219125493,36152
16.294545,4219163105,4219126953,36152
16.294545,4219162893,4219128413,34480
16.294545,4219162609,4219129873,32736
16.294545,4219162317,4219131333,30984
16.294553,4219163777,4219132793,30984
16.294553,4219163565,4219134253,29312
16.294553,4219163281,4219135713,27568
16.29466,4219179405,4219137173,42232
16.294665,4219179121,4219138633,40488
16.294665,4219178829,4219140093,38736
16.294665,4219180289,4219141553,38736
16.294671,4219180085,4219143013,37072
16.294671,4219179793,4219144473,35320
16.294671,4219179509,4219145933,33576
16.294671,4219180969,4219147393,33576
16.294671,4219180765,4219148853,31912
16.294671,4219180473,4219150313,30160
16.29468,4219180181,4219151773,28408
16.29468,4219181641,4219153233,28408
16.29468,4219181437,4219154693,26744
16.29468,4219181145,4219156153,24992
16.294789,4219197141,4219157613,39528
16.294789,4219196857,4219159073,37784
16.294795,4219196565,4219160533,36032
16.294795,4219198025,4219161993,36032
16.294795,4219197821,4219163453,34368
16.294795,4219197537,4219164913,32624
16.294803,4219197245,4219166373,30872
16.294803,4219198705,4219167833,30872
16.294803,4219198501,4219169293,29208
16.294803,4219198209,4219170753,27456
16.294803,4219197917,4219172213,25704
16.294803,4219199377,4219173673,25704
16.294803,4219199173,4219175133,24040
16.294811,4219198889,4219176593,22296
16.294915,4219213949,4219178053,35896
16.294919,4219215409,4219179513,35896
16.294919,4219215205,4219180973,34232
16.294919,4219214913,4219182433,32480
16.294926,4219214629,4219183893,30736
16.294926,4219216089,4219185353,30736
16.294926,4219215885,4219186813,29072
16.294927,4219215593,4219188273,27320
16.294927,4219215309,4219189733,25576
16.294927,4219216769,4219191193,25576
16.294935,4219216557,4219192653,23904
16.294935,4219216265,4219194113,22152
16.294935,4219215981,4219195573,20408
16.294935,4219217441,4219197033,20408
16.295044,4219232397,4219198493,33904
16.295048,4219232113,4219199953,32160
16.295048,4219231829,4219201413,30416
16.295048,4219233289,4219202873,30416
16.295048,4219233077,4219204333,28744
16.295056,4219232793,4219205793,27000
16.295056,4219232501,4219207253,25248
16.295056,4219233961,4219208713,25248
16.295056,4219233757,4219210173,23584
16.295056,4219233465,4219211633,21832
16.295056,4219233181,4219213093,20088
16.295064,4219234641,4219214553,20088
16.295064,4219234429,4219216013,18416
16.295064,4219234113,4219217441,16672
16.295172,4219250397,4219218901,31496
16.295177,4219250113,4219220361,29752
16.295177,4219249829,4219221821,28008
16.295177,4219251289,4219223281,28008
16.295177,4219251077,4219224741,26336
16.295186,4219250793,4219226201,24592
16.295186,4219250501,4219227661,22840
16.295186,4219251961,4219229121,22840
16.295186,4219251757,4219230581,21176
16.295186,4219251465,4219232041,19424
16.295186,4219251181,4219233501,17680
16.295186,4219251793,4219234113,17680
16.295275,4219264805,4219235573,29232
16.295279,4219264809,4219237033,27776
16.295279,4219264525,4219238493,26032
16.295279,4219264249,4219239953,24296
16.295279,4219265217,4219240921,24296
16.295318,4219270717,4219242381,28336
16.295322,4219270817,4219243841,26976
16.295322,4219270541,4219245301,25240
16.295322,4219270249,4219246761,23488
16.295328,4219271709,4219248221,23488
16.295328,4219271489,4219249681,21808
16.295328,4219271213,4219251141,20072
16.295328,4219270921,4219252601,18320
16.295328,4219272381,4219254061,18320
16.295336,4219272169,4219255521,16648
16.295336,4219271893,4219256981,14912
16.295336,4219271601,4219258441,13160
16.295336,4219273061,4219259901,13160
16.295336,4219272849,4219261361,11488
16.295446,4219288461,4219262821,25640
16.29545,4219288673,4219264281,24392
16.29545,4219288397,4219265741,22656
16.29545,4219288105,4219267201,20904
16.29545,4219289565,4219268661,20904
16.295457,4219289353,4219270121,19232
16.295457,4219289069,4219271581,17488
16.295457,4219288593,4219272849,15744
16.295517,4219298461,4219274309,24152
16.295521,4219298337,4219275769,22568
16.295522,4219298061,4219277229,20832
16.295522,4219297777,4219278689,19088
16.295529,4219299237,4219280149,19088
16.295529,4219299017,4219281609,17408
16.295529,4219298741,4219283069,15672
16.295529,4219298449,4219284529,13920
16.295529,4219299909,4219285989,13920
16.295529,4219299689,4219287449,12240
16.295536,4219299881,4219287641,12240
16.295615,4219311197,4219289101,22096
16.29562,4219310913,4219290561,20352
16.29562,4219312373,4219292021,20352
16.29562,4219312161,4219293481,18680
16.29562,4219311869,4219294941,16928
16.295627,4219311593,4219296401,15192
16.295627,4219313053,4219297861,15192
16.295627,4219312833,4219299321,13512
16.295627,4219313393,4219299881,13512
16.295686,4219321885,4219301341,20544
16.29569,4219321825,4219302801,19024
16.29569,4219321541,4219304261,17280
16.29569,4219321257,4219305721,15536
16.295697,4219322717,4219307181,15536
16.295697,4219322505,4219308641,13864
16.295697,4219322213,4219310101,12112
16.295697,4219321929,4219311561,10368
16.295697,4219323389,4219313021,10368
16.295697,4219322097,4219313393,8704
16.295771,4219332901,4219314853,18048
16.295774,4219332609,4219316313,16296
16.295774,4219334069,4219317773,16296
16.295774,4219333865,4219319233,14632
16.29578,4219333573,4219320693,12880
16.29578,4219333233,4219322097,11136
16.295826,4219341029,4219323557,17472
16.29583,4219340737,4219325017,15720
16.29583,4219340461,4219326477,13984
16.29583,4219341921,4219327937,13984
16.29583,4219341701,4219329397,12304
16.295836,4219341417,4219330857,10560
16.295836,4219341133,4219332317,8816
16.295837,4219342049,4219333233,8816
16.295895,4219349789,4219334693,15096
16.295899,4219351249,4219336153,15096
16.295899,4219351037,4219337613,13424
16.295899,4219350745,4219339073,11672
16.295904,4219350461,4219340533,9928
16.295904,4219351921,4219341993,9928
16.295904,4219351977,4219342049,9928
16.29595,4219358485,4219343509,14976
16.295955,4219358297,4219344969,13328
16.295955,4219358005,4219346429,11576
16.295955,4219359465,4219347889,11576
16.295955,4219359189,4219349349,9840
16.29596,4219358977,4219350809,8168
16.295961,4219358393,4219351977,6416
16.296012,4219367133,4219353437,13696
16.296017,4219367065,4219354897,12168
16.296017,4219366773,4219356357,10416
16.296017,4219366489,4219357817,8672
16.296017,4219367065,4219358393,8672
16.296052,4219372589,4219359853,12736
16.296055,4219372745,4219361313,11432
16.296056,4219372461,4219362773,9688
16.296056,4219372177,4219364233,7944
16.296062,4219373637,4219365693,7944
16.296062,4219373337,4219367065,6272
16.296106,4219378949,4219368525,10424
16.29611,4219380409,4219369985,10424
16.29611,4219380205,4219371445,8760
16.29611,4219379913,4219372905,7008
16.29611,4219380345,4219373337,7008
16.296145,4219385557,4219374797,10760
16.296149,4219385537,4219376257,9280
16.296149,4219385253,4219377717,7536
16.296149,4219384969,4219379177,5792
16.296154,4219386137,4219380345,5792
16.296189,4219391437,4219381805,9632
16.296193,4219391145,4219383265,7880
16.296193,4219390861,4219384725,6136
16.296193,4219392273,4219386137,6136
16.296226,4219396669,4219387597,9072
16.29623,4219396393,4219389057,7336
16.29623,4219396101,4219390517,5584
16.29623,4219397561,4219391977,5584
16.29623,4219396185,4219392273,3912
16.296264,4219400821,4219393733,7088
16.296267,4219402281,4219395193,7088
16.296267,4219401601,4219396185,5416
16.296288,4219405341,4219397645,7696
16.296292,4219405569,4219399105,6464
16.296292,4219405333,4219400565,4768
16.296292,4219404625,4219401601,3024
16.296322,4219409981,4219403061,6920
16.296325,4219409697,4219404521,5176
16.296325,4219409801,4219404625,5176
16.29634,4219411581,4219406085,5496
16.296345,4219413041,4219407545,5496
16.296345,4219412829,4219409005,3824
16.296345,4219411873,4219409801,2072
16.296373,4219417165,4219411261,5904
16.296373,4219416441,4219411873,4568
16.296386,4219418981,4219413333,5648
16.29639,4219418721,4219414793,3928
16.29639,4219418437,4219416253,2184
16.29639,4219418625,4219416441,2184
16.296415,4219422541,4219417901,4640
16.296415,4219423265,4219418625,4640
16.296428,4219424589,4219420085,4504
16.296431,4219424305,4219421545,2760
16.296432,4219424029,4219423005,1024
16.296432,4219424289,4219423265,1024
16.502411,4219472689,4219424289,48400
16.502433,4219474005,4219425749,48256
16.502433,4219473665,4219427209,46456
16.502433,4219475125,4219428669,46456
16.502433,4219474913,4219430129,44784
16.502433,4219474629,4219431589,43040
16.502454,4219474337,4219433049,41288
16.502454,4219475797,4219434509,41288
16.502454,4219475593,4219435969,39624
16.502454,4219475301,4219437429,37872
16.502454,4219475017,4219438889,36128
16.502454,4219476477,4219440349,36128
16.502454,4219476265,4219441809,34456
16.502454,4219475981,4219443269,32712
16.502473,4219475689,4219444729,30960
16.502541,4219489845,4219446189,43656
16.502541,4219489569,4219447649,41920
16.502541,4219489277,4219449109,40168
16.502541,4219490737,4219450569,40168
16.50256,4219490509,4219452029,38480
16.50256,4219490241,4219453489,36752
16.50256,4219489957,4219454949,35008
16.50256,4219491417,4219456409,35008
16.50256,4219491181,4219457869,33312
16.50256,4219490921,4219459329,31592
16.50256,4219490629,4219460789,29840
16.50256,4219492089,4219462249,29840
16.502578,4219491853,4219463709,28144
16.502578,4219491593,4219465169,26424
16.502664,4219507333,4219466629,40704
16.502664,4219507057,4219468089,38968
16.502675,4219506765,4219469549,37216
16.502675,4219508225,4219471009,37216
16.502675,4219508005,4219472469,35536
16.502675,4219507729,4219473929,33800
16.502675,4219507445,4219475389,32056
16.502675,4219508905,4219476849,32056
16.502675,4219508685,4219478309,30376
16.502675,4219508409,4219479769,28640
16.502693,4219508117,4219481229,26888
16.502693,4219509577,4219482689,26888
16.502693,4219509365,4219484149,25216
16.502693,4219509081,4219485609,23472
16.502795,4219525317,4219487069,38248
16.502795,4219525401,4219488529,36872
16.502795,4219525109,4219489989,35120
16.502795,4219524825,4219491449,33376
16.502815,4219526285,4219492909,33376
16.502815,4219526073,4219494369,31704
16.502815,4219525789,4219495829,29960
16.502815,4219525497,4219497289,28208
16.502815,4219526957,4219498749,28208
16.502815,4219526753,4219500209,26544
16.502815,4219526461,4219501669,24792
16.502815,4219526177,4219503129,23048
16.502835,4219527637,4219504589,23048
16.502835,4219527425,4219506049,21376
16.50292,4219542237,4219507509,34728
16.50292,4219541953,4219508969,32984
16.50292,4219543413,4219510429,32984
16.502934,4219543201,4219511889,31312
16.502934,4219542917,4219513349,29568
16.502935,4219542625,4219514809,27816
16.502935,4219544085,4219516269,27816
16.502935,4219543881,4219517729,26152
16.502935,4219543589,4219519189,24400
16.502935,4219543305,4219520649,22656
16.502935,4219544765,4219522109,22656
16.502954,4219544553,4219523569,20984
16.502954,4219544269,4219525029,19240
16.502954,4219543977,4219526489,17488
16.503049,4219560565,4219527949,32616
16.503049,4219560289,4219529409,30880
16.503049,4219559997,4219530869,29128
16.503062,4219561457,4219532329,29128
16.503062,4219561245,4219533789,27456
16.503062,4219560961,4219535249,25712
16.503062,4219560677,4219536709,23968
16.503062,4219562137,4219538169,23968
16.503062,4219561917,4219539629,22288
16.503062,4219561641,4219541089,20552
16.503062,4219561357,4219542549,18808
16.503078,4219562785,4219543977,18808
16.503159,4219575845,4219545437,30408
16.503159,4219575561,4219546897,28664
16.503159,4219575277,4219548357,26920
16.503159,4219576737,4219549817,26920
16.503178,4219576517,4219551277,25240
16.503178,4219576241,4219552737,23504
16.503178,4219575949,4219554197,21752
16.503178,4219577409,4219555657,21752
16.503178,4219577197,4219557117,20080
16.503178,4219576913,4219558577,18336
16.503178,4219576629,4219560037,16592
16.503178,4219578089,4219561497,16592
16.503196,4219577697,4219562785,14912
16.503275,4219592173,4219564245,27928
16.503275,4219592153,4219565705,26448
16.503284,4219591869,4219567165,24704
16.503284,4219592665,4219567961,24704
16.503308,4219596197,4219569421,26776
16.503308,4219595913,4219570881,25032
16.503308,4219597373,4219572341,25032
16.503308,4219597153,4219573801,23352
16.503324,4219596877,4219575261,21616
16.503324,4219596593,4219576721,19872
16.503324,4219598053,4219578181,19872
16.503324,4219597833,4219579641,18192
16.503324,4219597557,4219581101,16456
16.503324,4219597265,4219582561,14704
16.503324,4219598725,4219584021,14704
16.503324,4219598497,4219585481,13016
16.503344,4219598229,4219586941,11288
16.503344,4219597945,4219588401,9544
16.503437,4219614429,4219589861,24568
16.503437,4219614137,4219591321,22816
16.503437,4219613861,4219592781,21080
16.503438,4219615321,4219594241,21080
16.503438,4219615109,4219595701,19408
16.503451,4219614817,4219597161,17656
16.503451,4219615601,4219597945,17656
16.503494,4219622493,4219599405,23088
16.503494,4219622209,4219600865,21344
16.503504,4219621925,4219602325,19600
16.503504,4219623385,4219603785,19600
16.503504,4219623165,4219605245,17920
16.503504,4219622889,4219606705,16184
16.503504,4219622597,4219608165,14432
16.503504,4219624057,4219609625,14432
16.503504,4219623845,4219611085,12760
16.503505,4219623561,4219612545,11016
16.503519,4219623277,4219614005,9272
16.503519,4219623953,4219614681,9272
16.503599,4219636213,4219616141,20072
16.5036,4219637673,4219617601,20072
16.5036,4219637469,4219619061,18408
16.503612,4219637177,4219620521,16656
16.503612,4219636893,4219621981,14912
16.503613,4219638353,4219623441,14912
16.503613,4219637193,4219623953,13240
16.503655,4219645157,4219625413,19744
16.503655,4219645217,4219626873,18344
16.503668,4219644941,4219628333,16608
16.503668,4219644649,4219629793,14856
16.503668,4219646109,4219631253,14856
16.503668,4219645897,4219632713,13184
16.503668,4219645613,4219634173,11440
16.503668,4219645329,4219635633,9696
16.503668,4219646789,4219637093,9696
16.503668,4219646889,4219637193,9696
16.503738,4219656349,4219638653,17696
16.503738,4219656057,4219640113,15944
16.503749,4219655773,4219641573,14200
16.503749,4219657233,4219643033,14200
16.503749,4219657021,4219644493,12528
16.503749,4219656737,4219645953,10784
16.503749,4219657673,4219646889,10784
16.503799,4219665053,4219648349,16704
16.503799,4219664769,4219649809,14960
16.503812,4219664477,4219651269,13208
16.503812,4219665937,4219652729,13208
16.503812,4219665725,4219654189,11536
16.503812,4219665441,4219655649,9792
16.503812,4219665149,4219657109,8040
16.503812,4219665713,4219657673,8040
16.503866,4219674229,4219659133,15096
16.503866,4219673945,4219660593,13352
16.503876,4219673661,4219662053,11608
16.503876,4219675121,4219663513,11608
16.503876,4219674901,4219664973,9928
16.503876,4219675641,4219665713,9928
16.503916,4219680813,4219667173,13640
16.503916,4219680529,4219668633,11896
16.503927,4219681989,4219670093,11896
16.503927,4219681777,4219671553,10224
16.503927,4219681485,4219673013,8472
16.503927,4219681209,4219674473,6736
16.503927,4219682377,4219675641,6736
16.503982,4219689949,4219677101,12848
16.503983,4219689657,4219678561,11096
16.503983,4219689373,4219680021,9352
16.503983,4219690833,4219681481,9352
16.503983,4219690057,4219682377,7680
16.504021,4219695861,4219683837,12024
16.504021,4219695641,4219685297,10344
16.504032,4219695349,4219686757,8592
16.504032,4219696809,4219688217,8592
16.504032,4219696533,4219689677,6856
16.504032,4219696913,4219690057,6856
16.504069,4219701557,4219691517,10040
16.504069,4219703017,4219692977,10040
16.504079,4219702797,4219694437,8360
16.504079,4219702513,4219695897,6616
16.504079,4219703529,4219696913,6616
16.504111,4219707557,4219698373,9184
16.504111,4219709017,4219699833,9184
16.50412,4219708813,4219701293,7520
16.50412,4219708521,4219702753,5768
16.50412,4219709297,4219703529,5768
16.504153,4219713589,4219704989,8600
16.504153,4219713313,4219706449,6864
16.504162,4219714773,4219707909,6864
16.504162,4219714481,4219709297,5184
16.504189,4219718765,4219710757,8008
16.504189,4219718481,4219712217,6264
16.504198,4219719941,4219713677,6264
16.504198,4219719073,4219714481,4592
16.504222,4219723229,4219715941,7288
16.504222,4219722937,4219717401,5536
16.504232,4219724397,4219718861,5536
16.504232,4219722945,4219719073,3872
16.504248,4219727013,4219720533,6480
16.504254,4219726729,4219721993,4736
16.504254,4219727681,4219722945,4736
16.504273,4219730381,4219724405,5976
16.504274,4219730089,4219725865,4224
16.504281,4219731549,4219727325,4224
16.504281,4219730233,4219727681,2552
16.504303,4219734581,4219729141,5440
16.504303,4219735673,4219730233,5440
16.504318,4219737237,4219731693,5544
16.504323,4219737465,4219733153,4312
16.504323,4219737189,4219734613,2576
16.504323,4219736497,4219735673,824
16.710406,4219785649,4219736497,49152
16.710426,4219787109,4219737957,49152
16.710426,4219786777,4219739417,47360
16.710426,4219786485,4219740877,45608
16.710426,4219786201,4219742337,43864
16.710426,4219787661,4219743797,43864
16.710445,4219787449,4219745257,42192
16.710445,4219787165,4219746717,40448
16.710446,4219786873,4219748177,38696
16.710446,4219788333,4219749637,38696
16.710446,4219788121,4219751097,37024
16.710446,4219787837,4219752557,35280
16.710446,4219787553,4219754017,33536
16.710446,4219789013,4219755477,33536
16.710464,4219788801,4219756937,31864
16.71054,4219802189,4219758397,43792
16.71054,4219801905,4219759857,42048
16.710541,4219803365,4219761317,42048
16.710541,4219803153,4219762777,40376
16.710557,4219802869,4219764237,38632
16.710557,4219802585,4219765697,36888
16.710557,4219804045,4219767157,36888
16.710557,4219803833,4219768617,35216
16.710557,4219803541,4219770077,33464
16.710557,4219803257,4219771537,31720
16.710557,4219804717,4219772997,31720
16.710557,4219804505,4219774457,30048
16.710575,4219804221,4219775917,28304
16.710575,4219803937,4219777377,26560
16.710664,4219820357,4219778837,41520
16.710664,4219820073,4219780297,39776
16.710664,4219819789,4219781757,38032
16.710677,4219821249,4219783217,38032
16.710677,4219821029,4219784677,36352
16.710677,4219820753,4219786137,34616
16.710677,4219820461,4219787597,32864
16.710677,4219821921,4219789057,32864
16.710677,4219821701,4219790517,31184
16.710678,4219821425,4219791977,29448
16.710678,4219821141,4219793437,27704
16.710696,4219822601,4219794897,27704
16.710696,4219822365,4219796357,26008
16.710696,4219822105,4219797817,24288
16.710791,4219838093,4219799277,38816
16.710792,4219838217,4219800737,37480
16.710792,4219837933,4219802197,35736
16.710806,4219837649,4219803657,33992
16.710806,4219839109,4219805117,33992
16.710806,4219838897,4219806577,32320
16.710806,4219838605,4219808037,30568
16.710806,4219838329,4219809497,28832
16.710806,4219839789,4219810957,28832
16.710806,4219839569,4219812417,27152
16.710806,4219839285,4219813877,25408
16.710818,4219839001,4219815337,23664
16.710818,4219840461,4219816797,23664
16.710818,4219840249,4219818257,21992
16.710921,4219855037,4219819717,35320
16.710921,4219856497,4219821177,35320
16.710921,4219856285,4219822637,33648
16.710921,4219856001,4219824097,31904
16.710941,4219855717,4219825557,30160
16.710941,4219857177,4219827017,30160
16.710941,4219856949,4219828477,28472
16.710941,4219856681,4219829937,26744
16.710942,4219856389,4219831397,24992
16.710942,4219857849,4219832857,24992
16.710942,4219857621,4219834317,23304
16.710942,4219857353,4219835777,21576
16.71096,4219857069,4219837237,19832
16.71096,4219858529,4219838697,19832
16.711048,4219873573,4219840157,33416
16.711048,4219873505,4219841617,31888
16.711048,4219873221,4219843077,30144
16.711062,4219872929,4219844537,28392
16.711062,4219874389,4219845997,28392
16.711062,4219874177,4219847457,26720
16.711062,4219873893,4219848917,24976
16.711062,4219873609,4219850377,23232
16.711062,4219875069,4219851837,23232
16.711062,4219874849,4219853297,21552
16.711062,4219874565,4219854757,19808
16.711081,4219874281,4219856217,18064
16.711081,4219875741,4219857677,18064
16.711081,4219874921,4219858529,16392
16.71117,4219890325,4219859989,30336
16.71117,4219890033,4219861449,28584
16.71118,4219891493,4219862909,28584
16.71118,4219891289,4219864369,26920
16.71118,4219890997,4219865829,25168
16.711181,4219890713,4219867289,23424
16.711181,4219892173,4219868749,23424
16.711181,4219891961,4219870209,21752
16.711181,4219891649,4219871641,20008
16.711256,4219902221,4219873101,29120
16.711256,4219902345,4219874561,27784
16.711256,4219902069,4219876021,26048
16.711256,4219901777,4219877481,24296
16.711274,4219903237,4219878941,24296
16.711274,4219903025,4219880401,22624
16.711274,4219902741,4219881861,20880
16.711274,4219902449,4219883321,19128
16.711274,4219903909,4219884781,19128
16.711274,4219903697,4219886241,17456
16.711274,4219903421,4219887701,15720
16.711274,4219903129,4219889161,13968
16.711292,4219904589,4219890621,13968
16.711292,4219903945,4219891649,12296
16.711378,4219919509,4219893109,26400
16.711378,4219919329,4219894569,24760
16.711378,4219919045,4219896029,23016
16.711391,4219920505,4219897489,23016
16.711391,4219920213,4219898949,21264
16.711391,4219920009,4219900409,19600
16.711391,4219919717,4219901869,17848
16.711391,4219919433,4219903329,16104
16.711391,4219920049,4219903945,16104
16.711456,4219929205,4219905405,23800
16.711456,4219930665,4219906865,23800
16.711456,4219930453,4219908325,22128
16.71147,4219930169,4219909785,20384
16.71147,4219929885,4219911245,18640
16.71147,4219931345,4219912705,18640
16.71147,4219931133,4219914165,16968
16.71147,4219930849,4219915625,15224
16.71147,4219930557,4219917085,13472
16.71147,4219931833,4219918361,13472
16.711543,4219942701,4219919821,22880
16.711544,4219942441,4219921281,21160
16.711554,4219942157,4219922741,19416
16.711554,4219943617,4219924201,19416
16.711554,4219943365,4219925661,17704
16.711554,4219943121,4219927121,16000
16.711554,4219942837,4219928581,14256
16.711554,4219944297,4219930041,14256
16.711554,4219944037,4219931501,12536
16.711554,4219944369,4219931833,12536
16.71163,4219954037,4219933293,20744
16.71163,4219953753,4219934753,19000
16.71163,4219955213,4219936213,19000
16.711644,4219954961,4219937673,17288
16.711644,4219954709,4219939133,15576
16.711644,4219954425,4219940593,13832
16.711644,4219955885,4219942053,13832
16.711644,4219955633,4219943513,12120
16.711644,4219954777,4219944369,10408
16.711708,4219965101,4219945829,19272
16.711708,4219964809,4219947289,17520
16.711708,4219964517,4219948749,15768
16.71172,4219965977,4219950209,15768
16.71172,4219965773,4219951669,14104
16.71172,4219965481,4219953129,12352
16.71172,4219965197,4219954589,10608
16.71172,4219965385,4219954777,10608
16.711771,4219974029,4219956237,17792
16.711771,4219973737,4219957697,16040
16.711782,4219973461,4219959157,14304
16.711782,4219974921,4219960617,14304
16.711782,4219974709,4219962077,12632
16.711782,4219974417,4219963537,10880
16.711782,4219974141,4219964997,9144
16.711782,4219974225,4219965081,9144
16.711835,4219983045,4219966541,16504
16.711835,4219982761,4219968001,14760
16.711846,4219982469,4219969461,13008
16.711846,4219983929,4219970921,13008
16.711846,4219983725,4219972381,11344
16.711846,4219983441,4219973841,9600
16.711847,4219983825,4219974225,9600
16.711894,4219991013,4219975685,15328
16.711894,4219990721,4219977145,13576
16.711904,4219990437,4219978605,11832
16.711904,4219991897,4219980065,11832
16.711904,4219991685,4219981525,10160
16.711904,4219991393,4219982985,8408
16.711904,4219992233,4219983825,8408
16.711953,4219998717,4219985285,13432
16.711953,4219998433,4219986745,11688
16.711962,4219999893,4219988205,11688
16.711962,4219999673,4219989665,10008
16.711962,4219999397,4219991125,8272
16.711962,4220000505,4219992233,8272
16.712005,4220006141,4219993693,12448
16.712005,4220005857,4219995153,10704
16.712015,4220007317,4219996613,10704
16.712015,4220007097,4219998073,9024
16.712015,4220006821,4219999533,7288
16.712015,4220007793,4220000505,7288
16.712062,4220013045,4220001965,11080
16.712062,4220014505,4220003425,11080
16.712062,4220014293,4220004885,9408
16.712062,4220014001,4220006345,7656
16.712074,4220013705,4220007793,5912
16.712105,4220019341,4220009253,10088
16.712105,4220019057,4220010713,8344
16.712105,4220020517,4220012173,8344
16.712105,4220020305,4220013633,6672
16.712116,4220020377,4220013705,6672
16.712143,4220024989,4220015165,9824
16.712143,4220024697,4220016625,8072
16.712143,4220024413,4220018085,6328
16.712143,4220025873,4220019545,6328
16.712143,4220025033,4220020377,4656
16.712183,4220030573,4220021837,8736
16.712183,4220030289,4220023297,6992
16.712183,4220031749,4220024757,6992
16.712183,4220030353,4220025033,5320
16.712214,4220035021,4220026493,8528
16.712214,4220035137,4220027953,7184
16.712214,4220034853,4220029413,5440
16.712214,4220035793,4220030353,5440
16.712245,4220038661,4220031813,6848
16.712245,4220040121,4220033273,6848
16.712245,4220039909,4220034733,5176
16.712245,4220039233,4220035793,3440
16.712278,4220044269,4220037253,7016
16.712278,4220043985,4220038713,5272
16.712278,4220044505,4220039233,5272
16.712301,4220046829,4220040693,6136
16.712301,4220046545,4220042153,4392
16.712301,4220048005,4220043613,4392
16.712301,4220047217,4220044505,2712
16.712332,4220051253,4220045965,5288
16.712332,4220052505,4220047217,5288
16.712352,4220054349,4220048677,5672
16.712352,4220054489,4220050137,4352
16.712352,4220054205,4220051597,2608
16.712352,4220055113,4220052505,2608
16.712381,4220058893,4220053965,4928
16.712381,4220058481,4220055113,3368
16.712399,4220061157,4220056573,4584
16.712399,4220060929,4220058033,2896
16.712399,4220061377,4220058481,2896
16.712419,4220063605,4220059941,3664
16.712419,4220063297,4220061377,1920
16.712436,4220065909,4220062837,3072
16.712436,4220066369,4220063297,3072
16.712449,4220067677,4220064757,2920
16.712457,4220069433,4220066217,3216
16.712466,4220069585,4220066369,3216
16.712472,4220070749,4220067829,2920
16.712472,4220070465,4220069289,1176
16.918407,4220119617,4220070465,49152
16.918424,4220121077,4220071925,49152
16.918425,4220120841,4220073385,47456
16.918425,4220120557,4220074845,45712
16.918425,4220120273,4220076305,43968
16.918443,4220121733,4220077765,43968
16.918443,4220121513,4220079225,42288
16.918443,4220121229,4220080685,40544
16.918443,4220120945,4220082145,38800
16.918443,4220122405,4220083605,38800
16.918443,4220122193,4220085065,37128
16.918443,4220121909,4220086525,35384
16.918443,4220121625,4220087985,33640
16.918462,4220123085,4220089445,33640
16.918462,4220122873,4220090905,31968
16.918538,4220136357,4220092365,43992
16.918538,4220136081,4220093825,42256
16.918538,4220137541,4220095285,42256
16.918538,4220137257,4220096745,40512
16.918554,4220137037,4220098205,38832
16.918554,4220136753,4220099665,37088
16.918554,4220138213,4220101125,37088
16.918554,4220137929,4220102585,35344
16.918554,4220137709,4220104045,33664
16.918554,4220137433,4220105505,31928
16.918554,4220138893,4220106965,31928
16.918555,4220138609,4220108425,30184
16.918573,4220138389,4220109885,28504
16.918573,4220138113,4220111345,26768
16.918666,4220153469,4220112805,40664
16.918666,4220154929,4220114265,40664
16.918666,4220154717,4220115725,38992
16.918679,4220154441,4220117185,37256
16.918679,4220154149,4220118645,35504
16.918679,4220155609,4220120105,35504
16.918679,4220155389,4220121565,33824
16.918679,4220155113,4220123025,32088
16.918679,4220154821,4220124485,30336
16.91868,4220156281,4220125945,30336
16.91868,4220156069,4220127405,28664
16.918695,4220155793,4220128865,26928
16.918695,4220155501,4220130325,25176
16.918695,4220156961,4220131785,25176
16.918791,4220171285,4220133245,38040
16.918791,4220172745,4220134705,38040
16.918802,4220172501,4220136165,36336
16.918802,4220172249,4220137625,34624
16.918802,4220171957,4220139085,32872
16.918802,4220173417,4220140545,32872
16.918802,4220173165,4220142005,31160
16.918802,4220172921,4220143465,29456
16.918802,4220172637,4220144925,27712
16.918802,4220174097,4220146385,27712
16.918823,4220173837,4220147845,25992
16.918823,4220173601,4220149305,24296
16.918823,4220173309,4220150765,22544
16.918823,4220174769,4220152225,22544
16.918921,4220190021,4220153685,36336
16.918922,4220189969,4220155145,34824
16.918922,4220189685,4220156605,33080
16.918936,4220189393,4220158065,31328
16.918936,4220190853,4220159525,31328
16.918936,4220190641,4220160985,29656
16.918936,4220190357,4220162445,27912
16.918937,4220190073,4220163905,26168
16.918937,4220191533,4220165365,26168
16.918937,4220191321,4220166825,24496
16.918937,4220191037,4220168285,22752
16.918956,4220190745,4220169745,21000
16.918956,4220192205,4220171205,21000
16.918956,4220192001,4220172665,19336
16.919049,4220206909,4220174125,32784
16.919049,4220206617,4220175585,31032
16.919049,4220208077,4220177045,31032
16.919049,4220207873,4220178505,29368
16.919066,4220207581,4220179965,27616
16.919066,4220207297,4220181425,25872
16.919066,4220208757,4220182885,25872
16.919066,4220208545,4220184345,24200
16.919067,4220208261,4220185805,22456
16.919067,4220207969,4220187265,20704
16.919067,4220209429,4220188725,20704
16.919067,4220209225,4220190185,19040
16.919084,4220208933,4220191645,17288
16.919084,4220209289,4220192001,17288
16.919167,4220224349,4220193461,30888
16.919167,4220224609,4220194921,29688
16.919176,4220224397,4220196381,28016
16.919176,4220224121,4220197841,26280
16.919176,4220224961,4220198681,26280
16.919215,4220229669,4220200141,29528
16.919215,4220231129,4220201601,29528
16.919215,4220230909,4220203061,27848
16.919215,4220230625,4220204521,26104
16.919233,4220230341,4220205981,24360
16.919233,4220231801,4220207441,24360
16.919233,4220231581,4220208901,22680
16.919233,4220231297,4220210361,20936
16.919233,4220231021,4220211821,19200
16.919233,4220232481,4220213281,19200
16.919233,4220232261,4220214741,17520
16.919233,4220231977,4220216201,15776
16.919247,4220231693,4220217661,14032
16.919247,4220233153,4220219121,14032
16.919339,4220246805,4220220581,26224
16.919339,4220248265,4220222041,26224
16.919339,4220248045,4220223501,24544
16.919339,4220247761,4220224961,22800
16.919355,4220247485,4220226421,21064
16.919355,4220248945,4220227881,21064
16.919355,4220248725,4220229341,19384
16.919355,4220248433,4220230801,17632
16.919355,4220248157,4220232261,15896
16.919355,4220249049,4220233153,15896
16.919428,4220260053,4220234613,25440
16.919428,4220259793,4220236073,23720
16.919428,4220259517,4220237533,21984
16.919428,4220260977,4220238993,21984
16.919428,4220260717,4220240453,20264
16.919449,4220260473,4220241913,18560
16.919449,4220260197,4220243373,16824
16.919449,4220261657,4220244833,16824
16.919449,4220260497,4220245401,15096
16.919501,4220269653,4220246861,22792
16.919501,4220271113,4220248321,22792
16.919501,4220270893,4220249781,21112
16.919516,4220270617,4220251241,19376
16.919516,4220270333,4220252701,17632
16.919516,4220271793,4220254161,17632
16.919516,4220271573,4220255621,15952
16.919516,4220271297,4220257081,14216
16.919516,4220271005,4220258541,12464
16.919516,4220272465,4220260001,12464
16.919516,4220271281,4220260497,10784
16.919601,4220283933,4220261957,21976
16.919601,4220283937,4220263417,20520
16.919601,4220283645,4220264877,18768
16.919601,4220283353,4220266337,17016
16.919601,4220284813,4220267797,17016
16.919616,4220284609,4220269257,15352
16.919616,4220284317,4220270717,13600
16.919616,4220284881,4220271281,13600
16.919665,4220293029,4220272741,20288
16.919665,4220292961,4220274201,18760
16.919665,4220292669,4220275661,17008
16.919665,4220292385,4220277121,15264
16.919682,4220293845,4220278581,15264
16.919682,4220293641,4220280041,13600
16.919682,4220293349,4220281501,11848
16.919682,4220293065,4220282961,10104
16.919682,4220294525,4220284421,10104
16.919682,4220293313,4220284881,8432
16.91975,4220304461,4220286341,18120
16.91975,4220304177,4220287801,16376
16.91975,4220303885,4220289261,14624
16.91975,4220305345,4220290721,14624
16.919761,4220305081,4220292121,12960
16.919797,4220310189,4220293581,16608
16.919797,4220311649,4220295041,16608
16.919797,4220311437,4220296501,14936
16.919797,4220311153,4220297961,13192
16.919811,4220310869,4220299421,11448
16.919811,4220312329,4220300881,11448
16.919811,4220312101,4220302341,9760
16.919811,4220311833,4220303801,8032
16.919811,4220311369,4220305081,6288
16.919877,4220322229,4220306541,15688
16.919877,4220321937,4220308001,13936
16.919877,4220321661,4220309461,12200
16.919877,4220323121,4220310921,12200
16.919877,4220321889,4220311369,10520
16.919913,4220327605,4220312829,14776
16.919913,4220327321,4220314289,13032
16.919924,4220327029,4220315749,11280
16.919924,4220328489,4220317209,11280
16.919924,4220328285,4220318669,9616
16.919924,4220327993,4220320129,7864
16.919924,4220327701,4220321589,6112
16.919925,4220328001,4220321889,6112
16.91998,4220335845,4220323349,12496
16.91998,4220337305,4220324809,12496
16.91998,4220337093,4220326269,10824
16.919991,4220336801,4220327729,9072
16.919991,4220337073,4220328001,9072
16.920017,4220341077,4220329461,11616
16.920017,4220342537,4220330921,11616
16.920027,4220342333,4220332381,9952
16.920027,4220342041,4220333841,8200
16.920027,4220341749,4220335301,6448
16.920027,4220343209,4220336761,6448
16.920027,4220341857,4220337073,4784
16.920078,4220350101,4220338533,11568
16.920078,4220350329,4220339993,10336
16.920078,4220350093,4220341453,8640
16.920078,4220350497,4220341857,8640
16.920105,4220354189,4220343317,10872
16.920105,4220354449,4220344777,9672
16.920105,4220354237,4220346237,8000
16.920117,4220353953,4220347697,6256
16.920117,4220355413,4220349157,6256
16.920117,4220355009,4220350497,4512
16.920159,4220360525,4220351957,8568
16.920159,4220361985,4220353417,8568
16.920159,4220361765,4220354877,6888
16.920168,4220361897,4220355009,6888
16.920188,4220364485,4220356469,8016
16.920189,4220365945,4220357929,8016
16.920189,4220365733,4220359389,6344
16.920189,4220365449,4220360849,4600
16.9202,4220366497,4220361897,4600
16.92023,4220370869,4220363357,7512
16.92023,4220370585,4220364817,5768
16.920231,4220372045,4220366277,5768
16.920231,4220372265,4220366497,5768
16.92026,4220375565,4220367957,7608
16.92026,4220375393,4220369417,5976
16.92026,4220375117,4220370877,4240
16.92026,4220376505,4220372265,4240
16.920294,4220380565,4220373725,6840
16.920295,4220380585,4220375185,5400
16.920295,4220380161,4220376505,3656
16.920322,4220384205,4220377965,6240
16.920322,4220384449,4220379425,5024
16.920322,4220383505,4220380161,3344
16.920344,4220387389,4220381621,5768
16.920344,4220387473,4220383081,4392
16.920344,4220387897,4220383505,4392
16.920363,4220390197,4220384965,5232
16.920363,4220389913,4220386425,3488
16.920372,4220389621,4220387885,1736
16.920372,4220389633,4220387897,1736
16.920391,4220393677,4220389357,4320
16.920391,4220393953,4220389633,4320
16.920406,4220395533,4220391093,4440
16.920406,4220395249,4220392553,2696
16.920419,4220398069,4220394013,4056
16.920419,4220398081,4220395249,2832
16.920437,4220400541,4220396709,3832
16.920437,4220400169,4220398081,2088
16.920455,4220402013,4220399541,2472
16.920455,4220402641,4220400169,2472
16.920467,4220403885,4220401629,2256
16.920479,4220406337,4220403089,3248
16.920479,4220405381,4220403885,1496
16.920492,4220408081,4220405345,2736
16.920508,4220409925,4220406805,3120
16.920508,4220409449,4220408081,1368
16.920522,4220411141,4220409541,1600
16.920533,4220413929,4220411001,2928
16.920541,4220414069,4220411141,2928
16.92055,4220415353,4220412601,2752
16.920556,4220415957,4220414061,1896
16.920556,4220415965,4220414069,1896
16.920566,4220417849,4220415529,2320
16.92058,4220420133,4220416989,3144
16.92058,4220419313,4220417849,1464
16.920592,4220421069,4220419309,1760
16.920604,4220423705,4220420769,2936
16.920604,4220424005,4220421069,2936
16.920617,4220425361,4220422529,2832
16.920623,4220426269,4220423989,2280
16.920623,4220426285,4220424005,2280
16.920637,4220427641,4220425465,2176
16.920651,4220429061,4220426925,2136
16.920651,4220429777,4220427641,2136
16.920666,4220431005,4220429101,1904
16.920666,4220431681,4220429777,1904
16.920681,4220433357,4220431237,2120
16.920681,4220433801,4220431681,2120
16.920695,4220435333,4220433141,2192
16.92071,4220438081,4220434601,3480
16.92071,4220437061,4220435333,1728
16.920722,4220438985,4220436793,2192
16.920734,4220441141,4220438253,2888
16.920734,4220441873,4220438985,2888
16.920747,4220442837,4220440445,2392
16.92076,4220445145,4220441905,3240
16.92076,4220444837,4220442837,2000
16.920772,4220446961,4220444297,2664
16.920785,4220448573,4220445757,2816
16.920785,4220448033,4220446961,1072
16.920798,4220450141,4220448421,1720
16.920809,4220451017,4220449881,1136
16.920809,4220451277,4220450141,1136
17.126405,4220500381,4220451277,49104
17.126425,4220501889,4220452737,49152
17.126425,4220501757,4220454197,47560
17.126425,4220501473,4220455657,45816
17.126425,4220501189,4220457117,44072
17.126442,4220502649,4220458577,44072
17.126442,4220502437,4220460037,42400
17.126442,4220502145,4220461497,40648
17.126442,4220501869,4220462957,38912
17.126442,4220503329,4220464417,38912
17.126442,4220503109,4220465877,37232
17.126442,4220502825,4220467337,35488
17.126442,4220502541,4220468797,33744
17.126461,4220504001,4220470257,33744
17.126461,4220503789,4220471717,32072
17.126539,4220517697,4220473177,44520
17.126539,4220517413,4220474637,42776
17.126539,4220517121,4220476097,41024
17.126539,4220518581,4220477557,41024
17.126557,4220518377,4220479017,39360
17.126558,4220518085,4220480477,37608
17.126558,4220517801,4220481937,35864
17.126558,4220519261,4220483397,35864
17.126558,4220519049,4220484857,34192
17.126558,4220518765,4220486317,32448
17.126558,4220518473,4220487777,30696
17.126558,4220519933,4220489237,30696
17.126574,4220519729,4220490697,29032
17.126574,4220519437,4220492157,27280
17.126666,4220534761,4220493617,41144
17.126666,4220534477,4220495077,39400
17.126666,4220535937,4220496537,39400
17.126666,4220535725,4220497997,37728
17.126683,4220535441,4220499457,35984
17.126683,4220535149,4220500917,34232
17.126683,4220536609,4220502377,34232
17.126683,4220536405,4220503837,32568
17.126684,4220536121,4220505297,30824
17.126684,4220535829,4220506757,29072
17.126684,4220537289,4220508217,29072
17.126684,4220537077,4220509677,27400
17.126703,4220536793,4220511137,25656
17.126703,4220536501,4220512597,23904
17.126792,4220552521,4220514057,38464
17.126793,4220552237,4220515517,36720
17.126793,4220553697,4220516977,36720
17.126806,4220553485,4220518437,35048
17.126806,4220553201,4220519897,33304
17.126806,4220552909,4220521357,31552
17.126806,4220554369,4220522817,31552
17.126806,4220554165,4220524277,29888
17.126806,4220553881,4220525737,28144
17.126806,4220553589,4220527197,26392
17.126806,4220555049,4220528657,26392
17.126822,4220554837,4220530117,24720
17.126822,4220554553,4220531577,22976
17.126822,4220554261,4220533037,21224
17.126923,4220570961,4220534497,36464
17.126923,4220570685,4220535957,34728
17.126923,4220570393,4220537417,32976
17.126924,4220571853,4220538877,32976
17.126942,4220571641,4220540337,31304
17.126942,4220571365,4220541797,29568
17.126942,4220571073,4220543257,27816
17.126942,4220572533,4220544717,27816
17.126942,4220572321,4220546177,26144
17.126942,4220572037,4220547637,24400
17.126942,4220571745,4220549097,22648
17.126942,4220573205,4220550557,22648
17.12696,4220572993,4220552017,20976
17.12696,4220572709,4220553477,19232
17.127049,4220587921,4220554937,32984
17.127049,4220587637,4220556397,31240
17.12705,4220589097,4220557857,31240
17.12705,4220588885,4220559317,29568
17.127067,4220588601,4220560777,27824
17.127067,4220588317,4220562237,26080
17.127067,4220589777,4220563697,26080
17.127067,4220589565,4220565157,24408
17.127067,4220589281,4220566617,22664
17.127067,4220588989,4220568077,20912
17.127067,4220590449,4220569537,20912
17.127067,4220590237,4220570997,19240
17.127086,4220589953,4220572457,17496
17.127086,4220590205,4220572709,17496
17.127169,4220604857,4220574169,30688
17.127169,4220604581,4220575629,28952
17.127169,4220606041,4220577089,28952
17.127169,4220605821,4220578549,27272
17.127185,4220605537,4220580009,25528
17.127185,4220605253,4220581469,23784
17.127185,4220606713,4220582929,23784
17.127185,4220606485,4220584389,22096
17.127185,4220606209,4220585849,20360
17.127185,4220605933,4220587309,18624
17.127185,4220607393,4220588769,18624
17.127185,4220607133,4220590205,16928
17.127276,4220619753,4220591665,28088
17.127276,4220619477,4220593125,26352
17.127286,4220620937,4220594585,26352
17.127286,4220620473,4220595801,24672
17.127315,4220624965,4220597261,27704
17.127315,4220624673,4220598721,25952
17.127315,4220626133,4220600181,25952
17.127315,4220625929,4220601641,24288
17.127336,4220625645,4220603101,22544
17.127336,4220625353,4220604561,20792
17.127336,4220626813,4220606021,20792
17.127336,4220626609,4220607481,19128
17.127336,4220626317,4220608941,17376
17.127336,4220626033,4220610401,15632
17.127336,4220627493,4220611861,15632
17.127336,4220627281,4220613321,13960
17.127355,4220626997,4220614781,12216
17.127355,4220626705,4220616241,10464
17.127441,4220642437,4220617701,24736
17.127441,4220642153,4220619161,22992
17.127442,4220643613,4220620621,22992
17.127442,4220643393,4220622081,21312
17.127455,4220643109,4220623541,19568
17.127456,4220642833,4220625001,17832
17.127456,4220644293,4220626461,17832
17.127456,4220642857,4220626705,16152
17.127507,4220651989,4220628165,23824
17.127507,4220652057,4220629625,22432
17.127507,4220651765,4220631085,20680
17.127507,4220651489,4220632545,18944
17.127525,4220652949,4220634005,18944
17.127525,4220652729,4220635465,17264
17.127525,4220652445,4220636925,15520
17.127525,4220652161,4220638385,13776
17.127525,4220653621,4220639845,13776
17.127525,4220653409,4220641305,12104
17.127525,4220652881,4220642521,10360
17.127603,4220664989,4220643981,21008
17.127603,4220664697,4220645441,19256
17.127603,4220666157,4220646901,19256
17.127617,4220665945,4220648361,17584
17.127617,4220665661,4220649821,15840
17.127617,4220665369,4220651281,14088
17.127617,4220666829,4220652741,14088
17.127617,4220666969,4220652881,14088
17.127669,4220674733,4220654341,20392
17.127669,4220674505,4220655801,18704
17.127669,4220674229,4220657261,16968
17.127683,4220675689,4220658721,16968
17.127683,4220675397,4220660181,15216
17.127683,4220675185,4220661641,13544
17.127683,4220674901,4220663101,11800
17.127683,4220676361,4220664561,11800
17.127683,4220676077,4220666021,10056
17.127683,4220675345,4220666969,8376
17.127757,4220686901,4220668429,18472
17.127757,4220686609,4220669889,16720
17.127757,4220686325,4220671349,14976
17.127768,4220687785,4220672809,14976
17.127768,4220687573,4220674269,13304
17.127768,4220686905,4220675345,11560
17.12781,4220693477,4220676805,16672
17.12781,4220693193,4220678265,14928
17.12781,4220694653,4220679725,14928
17.12781,4220694433,4220681185,13248
17.127825,4220694149,4220682645,11504
17.127825,4220693865,4220684105,9760
17.127825,4220695325,4220685565,9760
17.127826,4220694985,4220686905,8080
17.127882,4220703733,4220688365,15368
17.127882,4220703441,4220689825,13616
17.127882,4220704901,4220691285,13616
17.127882,4220704689,4220692745,11944
17.127895,4220704413,4220694205,10208
17.127895,4220705193,4220694985,10208
17.127933,4220711173,4220696445,14728
17.127933,4220710881,4220697905,12976
17.127933,4220710597,4220699365,11232
17.127933,4220712057,4220700825,11232
17.127946,4220711845,4220702285,9560
17.127946,4220711561,4220703745,7816
17.127946,4220711257,4220705193,6064
17.127995,4220719085,4220706653,12432
17.127995,4220720545,4220708113,12432
17.128004,4220720333,4220709573,10760
17.128004,4220720049,4220711033,9016
17.128004,4220720273,4220711257,9016
17.128033,4220724893,4220712717,12176
17.128033,4220724601,4220714177,10424
17.128033,4220726061,4220715637,10424
17.128046,4220725849,4220717097,8752
17.128046,4220725573,4220718557,7016
17.128046,4220725281,4220720017,5264
17.128046,4220725537,4220720273,5264
17.12809,4220733181,4220721733,11448
17.12809,4220732969,4220723193,9776
17.12809,4220732677,4220724653,8024
17.12809,4220733561,4220725537,8024
17.128127,4220737725,4220726997,10728
17.128127,4220737729,4220728457,9272
17.128127,4220737445,4220729917,7528
17.128127,4220737161,4220731377,5784
17.128127,4220738621,4220732837,5784
17.128128,4220737673,4220733561,4112
17.128173,4220743789,4220735021,8768
17.128173,4220745249,4220736481,8768
17.128173,4220744721,4220737673,7048
17.128199,4220748181,4220739133,9048
17.128199,4220748409,4220740593,7816
17.128199,4220748125,4220742053,6072
17.128199,4220747833,4220743513,4320
17.12821,4220749041,4220744721,4320
17.128243,4220754333,4220746181,8152
17.128243,4220754161,4220747641,6520
17.128243,4220753809,4220749041,4768
17.12827,4220757269,4220750501,6768
17.12827,4220758729,4220751961,6768
17.12827,4220758437,4220753421,5016
17.12827,4220758825,4220753809,5016
17.128301,4220761837,4220755269,6568
17.128301,4220761545,4220756729,4816
17.128301,4220763005,4220758189,4816
17.128301,4220761905,4220758825,3080
17.12833,4220766405,4220760285,6120
17.128331,4220766113,4220761745,4368
17.128331,4220766273,4220761905,4368
17.12835,4220769333,4220763365,5968
17.12835,4220769225,4220764825,4400
17.128351,4220768929,4220766273,2656
17.128377,4220771829,4220767733,4096
17.128377,4220773025,4220768929,4096
17.128394,4220774853,4220770389,4464
17.128394,4220774561,4220771849,2712
17.128394,4220775737,4220773025,2712
17.128419,4220778117,4220774485,3632
17.128419,4220779369,4220775737,3632
17.128436,4220780557,4220777197,3360
17.128436,4220780265,4220778657,1608
17.128436,4220780977,4220779369,1608
17.128457,4220784349,4220780829,3520
17.128457,4220783225,4220780977,2248
17.12847,4220786165,4220782437,3728
17.12847,4220786345,4220783897,2448
17.128486,4220788405,4220785357,3048
17.128486,4220787641,4220786345,1296
17.334468,4220835777,4220787641,48136
17.334488,4220838253,4220789101,49152
17.334488,4220838169,4220790561,47608
17.334499,4220837877,4220792021,45856
17.334499,4220837601,4220793481,44120
17.334499,4220839061,4220794941,44120
17.334499,4220838841,4220796401,42440
17.334499,4220838557,4220797861,40696
17.334499,4220838273,4220799321,38952
17.334499,4220839733,4220800781,38952
17.334499,4220839513,4220802241,37272
17.334511,4220839229,4220803701,35528
17.334511,4220838953,4220805161,33792
17.334511,4220840413,4220806621,33792
17.334511,4220840193,4220808081,32112
17.334567,4220848053,4220809541,38512
17.334574,4220849513,4220811001,38512
17.334574,4220849301,4220812461,36840
17.334574,4220849017,4220813921,35096
17.334574,4220848725,4220815381,33344
17.334574,4220850185,4220816841,33344
17.334574,4220849981,4220818301,31680
17.334585,4220849689,4220819761,29928
17.334585,4220849405,4220821221,28184
17.334585,4220850865,4220822681,28184
17.334585,4220850653,4220824141,26512
17.334585,4220850369,4220825601,24768
17.334585,4220850085,4220827061,23024
17.334585,4220851545,4220828521,23024
17.334694,4220866373,4220829981,36392
17.334699,4220866089,4220831441,34648
17.334699,4220867549,4220832901,34648
17.334699,4220867337,4220834361,32976
17.334699,4220867053,4220835821,31232
17.334707,4220866761,4220837281,29480
17.334707,4220868221,4220838741,29480
17.334707,4220868017,4220840201,27816
17.334707,4220867725,4220841661,26064
17.334707,4220867441,4220843121,24320
17.334707,4220868901,4220844581,24320
17.334707,4220868689,4220846041,22648
17.334717,4220868405,4220847501,20904
17.334717,4220868121,4220848961,19160
17.334822,4220884645,4220850421,34224
17.334827,4220884473,4220851881,32592
17.334827,4220884189,4220853341,30848
17.334827,4220883905,4220854801,29104
17.334827,4220885365,4220856261,29104
17.334837,4220885145,4220857721,27424
17.334837,4220884861,4220859181,25680
17.334837,4220884577,4220860641,23936
17.334837,4220886037,4220862101,23936
17.334837,4220885825,4220863561,22264
17.334837,4220885541,4220865021,20520
17.334837,4220885257,4220866481,18776
17.334837,4220886717,4220867941,18776
17.334847,4220886897,4220868121,18776
17.334942,4220901077,4220869581,31496
17.334947,4220900785,4220871041,29744
17.334947,4220900501,4220872501,28000
17.334947,4220901961,4220873961,28000
17.334947,4220901749,4220875421,26328
17.334947,4220902449,4220876121,26328
17.334991,4220908061,4220877581,30480
17.334996,4220908321,4220879041,29280
17.334996,4220908101,4220880501,27600
17.334997,4220907825,4220881961,25864
17.334997,4220909285,4220883421,25864
17.335005,4220908993,4220884881,24112
17.335005,4220908781,4220886341,22440
17.335005,4220908497,4220887801,20696
17.335005,4220908213,4220889261,18952
17.335005,4220909673,4220890721,18952
17.335005,4220909461,4220892181,17280
17.335005,4220909177,4220893641,15536
17.335014,4220908885,4220895101,13784
17.335014,4220910345,4220896561,13784
17.335119,4220925805,4220898021,27784
17.335124,4220926001,4220899481,26520
17.335124,4220925717,4220900941,24776
17.335124,4220925433,4220902401,23032
17.335124,4220926893,4220903861,23032
17.335132,4220926681,4220905321,21360
17.335132,4220926397,4220906781,19616
17.335132,4220926113,4220908241,17872
17.335132,4220927573,4220909701,17872
17.335132,4220926545,4220910345,16200
17.335205,4220937469,4220911805,25664
17.33521,4220937193,4220913265,23928
17.33521,4220936901,4220914725,22176
17.33521,4220938361,4220916185,22176
17.33521,4220938149,4220917645,20504
17.335217,4220937865,4220919105,18760
17.335217,4220937581,4220920565,17016
17.335217,4220939041,4220922025,17016
17.335217,4220938177,4220922841,15336
17.335283,4220948029,4220924301,23728
17.335288,4220947737,4220925761,21976
17.335288,4220949197,4220927221,21976
17.335288,4220948985,4220928681,20304
17.335288,4220948701,4220930141,18560
17.335297,4220948417,4220931601,16816
17.335297,4220949877,4220933061,16816
17.335297,4220949657,4220934521,15136
17.335297,4220949381,4220935981,13400
17.335297,4220949097,4220937441,11656
17.335297,4220949833,4220938177,11656
17.335379,4220961965,4220939637,22328
17.335384,4220961785,4220941097,20688
17.335384,4220961501,4220942557,18944
17.335384,4220961225,4220944017,17208
17.335384,4220962685,4220945477,17208
17.335394,4220962465,4220946937,15528
17.335394,4220962173,4220948397,13776
17.335394,4220963609,4220949833,13776
17.335462,4220972149,4220951293,20856
17.335462,4220971857,4220952753,19104
17.335462,4220971573,4220954213,17360
17.335462,4220973033,4220955673,17360
17.335463,4220972829,4220957133,15696
17.335463,4220972537,4220958593,13944
17.335463,4220972253,4220960053,12200
17.335463,4220973713,4220961513,12200
17.335473,4220973501,4220962973,10528
17.335473,4220972385,4220963609,8776
17.335538,4220984021,4220965069,18952
17.335543,4220984073,4220966529,17544
17.335544,4220983781,4220967989,15792
17.335544,4220983497,4220969449,14048
17.335544,4220984957,4220970909,14048
17.33555,4220984745,4220972369,12376
17.33555,4220984761,4220972385,12376
17.335593,4220990661,4220973845,16816
17.335597,4220992121,4220975305,16816
17.335597,4220991909,4220976765,15144
17.335597,4220991625,4220978225,13400
17.335597,4220991333,4220979685,11648
17.335605,4220992793,4220981145,11648
17.335605,4220992589,4220982605,9984
17.335605,4220992297,4220984065,8232
17.335605,4220992993,4220984761,8232
17.33567,4221001389,4220986221,15168
17.33567,4221002849,4220987681,15168
17.335675,4221002637,4220989141,13496
