t,ack,win_raw,redge_est
6.5e-05,3755768599,3755719447,49152
0.001195,3755763571,3755720907,42664
0.0012,3755765031,3755722367,42664
0.0012,3755766491,3755723827,42664
0.0012,3755767951,3755725287,42664
0.0012,3755769411,3755726747,42664
0.0012,3755770871,3755728207,42664
0.001208,3755767627,3755729667,37960
0.001212,3755769087,3755731127,37960
0.001212,3755770547,3755732587,37960
0.001212,3755772007,3755734047,37960
0.001235,3755765403,3755735507,29896
0.001245,3755766863,3755736967,29896
0.001245,3755768323,3755738427,29896
0.001245,3755769783,3755739887,29896
0.001245,3755771243,3755741347,29896
0.001245,3755772703,3755742807,29896
0.001245,3755774163,3755744267,29896
0.001245,3755775623,3755745727,29896
0.001258,3755765963,3755747187,18776
0.001258,3755767423,3755748647,18776
0.001258,3755768883,3755750107,18776
0.001258,3755770343,3755751567,18776
0.001258,3755771803,3755753027,18776
0.001258,3755773263,3755754487,18776
0.001258,3755774723,3755755947,18776
0.001268,3755776183,3755757407,18776
0.001268,3755775963,3755758867,17096
0.001268,3755777423,3755760327,17096
0.001268,3755771275,3755761787,9488
0.001268,3755772735,3755763247,9488
0.001268,3755774195,3755764707,9488
0.001268,3755774891,3755765403,9488
0.001299,3755776351,3755766863,9488
0.001299,3755777811,3755768323,9488
0.001299,3755779271,3755769783,9488
0.001299,3755776867,3755771243,5624
0.001299,3755778327,3755772703,5624
0.001299,3755779787,3755774163,5624
0.001299,3755781247,3755775623,5624
0.001331,3755784531,3755777083,7448
0.001331,3755785991,3755778543,7448
0.001331,3755786719,3755779271,7448
0.001331,3755788539,3755780731,7808
0.001343,3755790359,3755782191,8168
0.001354,3755790843,3755783651,7192
0.001358,3755792175,3755784983,7192
0.00164,3755821691,3755786443,35248
0.00164,3755823151,3755787903,35248
0.00164,3755824611,3755789363,35248
0.00164,3755826071,3755790823,35248
0.00164,3755827531,3755792283,35248
0.00164,3755828991,3755793743,35248
0.00164,3755830451,3755795203,35248
0.00165,3755831911,3755796663,35248
0.00165,3755833371,3755798123,35248
0.001656,3755824631,3755799583,25048
0.001656,3755826091,3755801043,25048
0.001656,3755827551,3755802503,25048
0.001656,3755829011,3755803963,25048
0.001656,3755830703,3755805423,25280
0.001656,3755832163,3755806883,25280
0.001656,3755833623,3755808343,25280
0.00167,3755821539,3755809803,11736
0.00167,3755822999,3755811263,11736
0.00167,3755824459,3755812723,11736
0.00167,3755825919,3755814183,11736
0.00167,3755827379,3755815643,11736
0.00167,3755828839,3755817103,11736
0.00167,3755830299,3755818563,11736
0.00168,3755831759,3755820023,11736
0.00168,3755833219,3755821483,11736
0.00168,3755834679,3755822943,11736
0.00168,3755836139,3755824403,11736
0.00168,3755835463,3755825863,9600
0.001691,3755835759,3755826159,9600
0.001691,3755837219,3755827619,9600
0.001698,3755837575,3755829079,8496
0.001698,3755839035,3755830539,8496
0.001698,3755840495,3755831999,8496
0.001705,3755837083,3755833459,3624
0.001709,3755838543,3755834919,3624
0.001709,3755840003,3755836379,3624
0.001709,3755840843,3755837219,3624
0.001732,3755842327,3755838679,3648
0.001738,3755843787,3755840139,3648
0.001738,3755844491,3755840843,3648
0.001746,3755846311,3755842303,4008
0.001758,3755845579,3755843763,1816
0.001763,3755847039,3755845223,1816
0.001763,3755848127,3755846311,1816
0.001784,3755851411,3755847771,3640
0.001789,3755851767,3755848127,3640
0.001797,3755853131,3755849587,3544
0.001801,3755854063,3755850519,3544
0.00198,3755880139,3755851979,28160
0.001993,3755867959,3755853439,14520
0.001993,3755869419,3755854899,14520
0.001993,3755870879,3755856359,14520
0.001993,3755870595,3755857819,12776
0.001993,3755872055,3755859279,12776
0.001993,3755873515,3755860739,12776
0.001993,3755874975,3755862199,12776
0.001998,3755876435,3755863659,12776
0.001998,3755877895,3755865119,12776
0.001998,3755879355,3755866579,12776
0.001999,3755880815,3755868039,12776
0.002005,3755878107,3755869499,8608
0.002008,3755879567,3755870959,8608
0.002008,3755881027,3755872419,8608
0.002008,3755882487,3755873879,8608
0.002018,3755884451,3755875339,9112
0.002031,3755880647,3755876799,3848
0.002037,3755882107,3755878259,3848
0.002037,3755883567,3755879719,3848
0.002038,3755884663,3755880815,3848
0.002038,3755886123,3755882275,3848
0.002057,3755887375,3755883735,3640
0.002063,3755888303,3755884663,3640
0.002063,3755889763,3755886123,3640
0.002084,3755891223,3755887583,3640
0.00209,3755891943,3755888303,3640
0.00209,3755893403,3755889763,3640
0.002097,3755895223,3755891223,4000
0.00211,3755894859,3755892683,2176
0.002114,3755895579,3755893403,2176
0.002114,3755897039,3755894863,2176
0.002136,3755899963,3755896323,3640
0.002142,3755900679,3755897039,3640
0.002149,3755901035,3755898499,2536
0.002153,3755902495,3755899959,2536
0.002162,3755903563,3755901419,2144
0.002165,3755904639,3755902495,2144
0.002175,3755905443,3755903955,1488
0.002179,3755906127,3755904639,1488
0.002188,3755907915,3755906099,1816
0.002194,3755907943,3755906127,1816
0.002201,3755909763,3755907587,2176
0.002214,3755910871,3755909047,1824
0.002218,3755911587,3755909763,1824
0.002228,3755913039,3755911223,1816
0.002231,3755913403,3755911587,1816
0.00224,3755914863,3755913047,1816
0.002246,3755915219,3755913403,1816
0.002253,3755917039,3755914863,2176
0.002267,3755918863,3755916055,2808
0.002396,3755933803,3755917515,16288
0.002401,3755935263,3755918975,16288
0.002401,3755936723,3755920435,16288
0.002401,3755938183,3755921895,16288
0.00241,3755930379,3755923355,7024
0.002416,3755931839,3755924815,7024
0.002416,3755933531,3755926275,7256
0.002416,3755934991,3755927735,7256
0.002416,3755936451,3755929195,7256
0.002416,3755937911,3755930655,7256
0.002416,3755938663,3755931407,7256
0.002425,3755936091,3755932867,3224
0.002425,3755937551,3755934327,3224
0.002425,3755939011,3755935787,3224
0.002425,3755940471,3755937247,3224
0.002449,3755942347,3755938707,3640
0.002455,3755943807,3755940167,3640
0.002455,3755944111,3755940471,3640
0.002462,3755945931,3755941931,4000
0.002475,3755945215,3755943391,1824
0.002479,3755946675,3755944851,1824
0.002479,3755947755,3755945931,1824
0.002488,3755949759,3755947391,2368
0.002501,3755949931,3755947755,2176
0.002505,3755951391,3755949215,2176
0.002514,3755952555,3755950675,1880
0.002518,3755953271,3755951391,1880
0.002528,3755954603,3755952851,1752
0.002531,3755955023,3755953271,1752
0.00254,3755956555,3755954731,1824
0.002545,3755956847,3755955023,1824
0.002553,3755958667,3755956483,2184
0.002567,3755959535,3755957943,1592
0.002571,3755960491,3755958667,1824
0.002579,3755963551,3755960127,3424
0.002585,3755962427,3755960491,1936
0.002592,3755962439,3755961951,488
0.002596,3755964123,3755963411,712
0.002631,3755968511,3755964871,3640
0.002637,3755969363,3755965723,3640
0.002644,3755971183,3755967183,4000
0.002658,3755970819,3755968643,2176
0.002662,3755971539,3755969363,2176
0.002662,3755972999,3755970823,2176
0.002683,3755975923,3755972283,3640
0.00269,3755976639,3755972999,3640
0.002697,3755976995,3755974459,2536
0.0027,3755978455,3755975919,2536
0.00271,3755979843,3755977379,2464
0.002713,3755980919,3755978455,2464
0.002723,3755981115,3755979915,1200
0.002726,3755982119,3755980919,1200
0.002737,3755983911,3755981591,2320
0.002839,3755988499,3755983051,5448
0.002844,3755989959,3755984511,5448
0.002844,3755991419,3755985971,5448
0.002844,3755992879,3755987431,5448
0.002844,3755994339,3755988891,5448
0.002844,3755995799,3755990351,5448
0.002844,3755997259,3755991811,5448
0.002844,3755998255,3755992807,5448
0.002866,3755997899,3755994267,3632
0.002872,3755999359,3755995727,3632
0.002872,3756000819,3755997187,3632
0.002872,3756001887,3755998255,3632
0.002892,3756003363,3755999715,3648
0.002898,3756004823,3756001175,3648
0.002898,3756005535,3756001887,3648
0.002905,3756007355,3756003347,4008
0.002918,3756006631,3756004807,1824
0.002923,3756008091,3756006267,1824
0.002923,3756009179,3756007355,1824
0.002944,3756012455,3756008815,3640
0.002951,3756012819,3756009179,3640
0.002957,3756013175,3756010639,2536
0.002961,3756014635,3756012099,2536
0.00297,3756016343,3756013559,2784
0.002976,3756017419,3756014635,2784
0.002983,3756018279,3756016095,2184
0.002997,3756019371,3756017555,1816
0.003,3756020095,3756018279,1816
0.003009,3756021915,3756019739,2176
0.003015,3756022271,3756020095,2176
0.003022,3756023731,3756021555,2176
0.003036,3756024831,3756023015,1816
0.00304,3756025547,3756023731,1816
0.003049,3756027007,3756025191,1816
0.003054,3756027363,3756025547,1816
0.003062,3756029183,3756027007,2176
0.003075,3756030283,3756028467,1816
0.003079,3756030999,3756029183,1816
0.003088,3756032883,3756030643,2240
0.003093,3756033239,3756030999,2240
0.003101,3756034635,3756032459,2176
0.003114,3756035743,3756033919,1824
0.003118,3756036459,3756034635,1824
0.003127,3756037911,3756036095,1816
0.003131,3756038275,3756036459,1816
0.00314,3756039735,3756037919,1816
0.003145,3756040091,3756038275,1816
0.003154,3756041911,3756039735,2176
0.003166,3756043011,3756041195,1816
0.00317,3756043727,3756041911,1816
0.003179,3756045187,3756043371,1816
0.003185,3756045543,3756043727,1816
0.003193,3756047371,3756045187,2184
0.003205,3756048711,3756046647,2064
0.003209,3756049191,3756047127,2064
0.003271,3756057875,3756048587,9288
0.003294,3756055503,3756050047,5456
0.003294,3756056963,3756051507,5456
0.003294,3756058423,3756052967,5456
0.003294,3756059883,3756054427,5456
0.003294,3756059887,3756054431,5456
0.003309,3756063019,3756055891,7128
0.003316,3756064479,3756057351,7128
0.00333,3756061339,3756058811,2528
0.00333,3756062415,3756059887,2528
0.00333,3756063875,3756061347,2528
0.00333,3756065335,3756062807,2528
0.003362,3756068275,3756064267,4008
0.003365,3756069343,3756065335,4008
0.003365,3756070803,3756066795,4008
0.003387,3756071903,3756068255,3648
0.003393,3756073363,3756069715,3648
0.003393,3756074451,3756070803,3648
0.003413,3756075903,3756072263,3640
0.003418,3756077363,3756073723,3640
0.003418,3756078091,3756074451,3640
0.003427,3756079911,3756075911,4000
0.00344,3756079555,3756077371,2184
0.003444,3756080275,3756078091,2184
0.003444,3756081735,3756079551,2184
0.003453,3756083715,3756081011,2704
0.003466,3756083911,3756081735,2176
0.00347,3756085371,3756083195,2176
0.003479,3756086479,3756084655,1824
0.003483,3756087195,3756085371,1824
0.003492,3756088647,3756086831,1816
0.003496,3756089011,3756087195,1816
0.003505,3756090471,3756088655,1816
0.00351,3756090827,3756089011,1816
0.003518,3756092655,3756090471,2184
0.003532,3756093523,3756091931,1592
0.003535,3756094471,3756092655,1816
0.003544,3756096443,3756094115,2328
0.003549,3756096287,3756094471,1816
0.003557,3756097883,3756095931,1952
0.003571,3756099207,3756097391,1816
0.003575,3756099699,3756097883,1816
0.003584,3756102079,3756099343,2736
0.003589,3756102435,3756099699,2736
0.003597,3756103335,3756101159,2176
0.00361,3756104443,3756102619,1824
0.003613,3756105159,3756103335,1824
0.003622,3756107179,3756104795,2384
0.003628,3756107543,3756105159,2384
0.003636,3756108795,3756106619,2176
0.003649,3756109895,3756108079,1816
0.003653,3756110611,3756108795,1816
0.003662,3756112455,3756110255,2200
0.003667,3756112811,3756110611,2200
0.003675,3756113655,3756112071,1584
0.003679,3756114247,3756112663,1584
0.00378,3756128747,3756114123,14624
0.00378,3756130207,3756115583,14624
0.003792,3756122155,3756117043,5112
0.003797,3756123615,3756118503,5112
0.003797,3756125075,3756119963,5112
0.003798,3756126535,3756121423,5112
0.003798,3756126243,3756122883,3360
0.003798,3756127703,3756124343,3360
0.003798,3756128551,3756125191,3360
0.003798,3756130011,3756126651,3360
0.003805,3756130991,3756128111,2880
0.003808,3756132451,3756129571,2880
0.003831,3756134447,3756131031,3416
0.003837,3756136091,3756132451,3640
0.003844,3756137687,3756133911,3776
0.003857,3756137331,3756135371,1960
0.003862,3756138051,3756136091,1960
0.003862,3756139735,3756137551,2184
0.003883,3756142427,3756139011,3416
0.003889,3756143151,3756139735,3416
0.003896,3756144979,3756141195,3784
0.00391,3756144839,3756142655,2184
0.003914,3756145335,3756143151,2184
0.003914,3756146795,3756144611,2184
0.003936,3756149719,3756146071,3648
0.003943,3756150443,3756146795,3648
0.003949,3756150799,3756148255,2544
0.003952,3756152259,3756149715,2544
0.003962,3756153927,3756151175,2752
0.003967,3756155011,3756152259,2752
0.003975,3756155895,3756153719,2176
0.003988,3756156995,3756155179,1816
0.003992,3756157711,3756155895,1816
0.004001,3756159243,3756157355,1888
0.004006,3756159599,3756157711,1888
0.004014,3756161355,3756159171,2184
0.004027,3756162447,3756160631,1816
0.004031,3756163171,3756161355,1816
0.00404,3756164631,3756162815,1816
0.004045,3756164987,3756163171,1816
0.004053,3756166807,3756164631,2176
0.004066,3756167907,3756166091,1816
0.00407,3756168623,3756166807,1816
0.004079,3756170091,3756168267,1824
0.004084,3756170447,3756168623,1824
0.004093,3756172267,3756170083,2184
0.004105,3756173359,3756171543,1816
0.004109,3756174083,3756172267,1816
0.004118,3756175543,3756173727,1816
0.004123,3756175899,3756174083,1816
0.004131,3756177719,3756175543,2176
0.004145,3756178819,3756177003,1816
0.004148,3756179535,3756177719,1816
0.004157,3756181359,3756178199,3160
0.00421,3756188883,3756179659,9224
0.004222,3756183647,3756181119,2528
0.004226,3756185107,3756182579,2528
0.004226,3756186567,3756184039,2528
0.004227,3756187311,3756184783,2528
0.004227,3756188771,3756186243,2528
0.004227,3756190231,3756187703,2528
0.004249,3756192803,3756189163,3640
0.004254,3756193871,3756190231,3640
0.004262,3756195691,3756191691,4000
0.004292,3756195335,3756193151,2184
0.004292,3756196055,3756193871,2184
0.004292,3756197515,3756195331,2184
0.004319,3756200791,3756196791,4000
0.004319,3756201515,3756197515,4000
0.004319,3756202975,3756198975,4000
0.004341,3756205163,3756200435,4728
0.004341,3756206623,3756201895,4728
0.004353,3756205519,3756202975,2544
0.004357,3756206979,3756204435,2544
0.004357,3756208439,3756205895,2544
0.004366,3756210971,3756207355,3616
0.004379,3756210615,3756208439,2176
0.004383,3756212075,3756209899,2176
0.004392,3756213183,3756211359,1824
0.004396,3756213899,3756212075,1824
0.004406,3756215351,3756213535,1816
0.004409,3756215715,3756213899,1816
0.004418,3756217175,3756215359,1816
0.004423,3756217531,3756215715,1816
0.004432,3756219359,3756217175,2184
0.004445,3756220451,3756218635,1816
0.004448,3756221175,3756219359,1816
0.004457,3756222635,3756220819,1816
0.004463,3756222991,3756221175,1816
0.00447,3756224819,3756222635,2184
0.004484,3756225911,3756224095,1816
0.004487,3756226635,3756224819,1816
0.004497,3756228095,3756226279,1816
0.004502,3756228451,3756226635,1816
0.004509,3756230271,3756228095,2176
0.004523,3756231371,3756229555,1816
0.004527,3756232087,3756230271,1816
0.004536,3756233547,3756231731,1816
0.004541,3756233903,3756232087,1816
0.004549,3756235723,3756233547,2176
0.004562,3756236599,3756235007,1592
0.004566,3756237539,3756235723,1816
0.004575,3756239655,3756237183,2472
0.00458,3756239363,3756237539,1824
0.004588,3756240951,3756238999,1952
0.004601,3756242275,3756240459,1816
0.004605,3756242767,3756240951,1816
0.004614,3756245115,3756242411,2704
0.004618,3756245471,3756242767,2704
0.004627,3756246407,3756243735,2672
0.004705,3756250643,3756245195,5448
0.004709,3756252103,3756246655,5448
0.004709,3756253563,3756248115,5448
0.004709,3756255023,3756249575,5448
0.004709,3756256483,3756251035,5448
0.004709,3756257335,3756251887,5448
0.004731,3756256979,3756253347,3632
0.004737,3756258439,3756254807,3632
0.004737,3756259899,3756256267,3632
0.004737,3756260967,3756257335,3632
0.004757,3756262443,3756258795,3648
0.004763,3756263903,3756260255,3648
0.004763,3756264615,3756260967,3648
0.004771,3756265867,3756262427,3440
0.004784,3756266271,3756263887,2384
0.004788,3756267731,3756265347,2384
0.004788,3756268251,3756265867,2384
0.004797,3756270079,3756267327,2752
0.00481,3756270603,3756268787,1816
0.004814,3756271895,3756270079,1816
0.004823,3756273355,3756271539,1816
0.004828,3756273711,3756271895,1816
0.004836,3756275539,3756273355,2184
0.004849,3756276631,3756274815,1816
0.004852,3756277355,3756275539,1816
0.004862,3756278815,3756276999,1816
0.004867,3756279171,3756277355,1816
0.004875,3756280999,3756278815,2184
0.004888,3756281867,3756280275,1592
0.004892,3756282815,3756280999,1816
0.004901,3756284987,3756282459,2528
0.004906,3756284631,3756282815,1816
0.004914,3756286227,3756284275,1952
0.004927,3756287551,3756285735,1816
0.004931,3756288043,3756286227,1816
0.00494,3756290751,3756287687,3064
0.004945,3756291107,3756288043,3064
0.004953,3756291687,3756289503,2184
0.004957,3756293147,3756290963,2184
0.004967,3756292043,3756291107,936
0.00497,3756293503,3756292567,936
0.005005,3756297667,3756294027,3640
0.00501,3756298967,3756295327,3640
0.005019,3756300587,3756296787,3800
0.005024,3756302047,3756298247,3800
0.005031,3756301151,3756298967,2184
0.005035,3756302611,3756300427,2184
0.005044,3756304431,3756301887,2544
0.005058,3756305163,3756303347,1816
0.005061,3756306247,3756304431,1816
0.00507,3756307723,3756305891,1832
0.005076,3756308079,3756306247,1832
0.005083,3756309883,3756307707,2176
0.005097,3756311599,3756309167,2432
0.005101,3756311703,3756309271,2432
0.005148,3756319859,3756310731,9128
0.005162,3756314495,3756312191,2304
0.005166,3756315955,3756313651,2304
0.005166,3756316183,3756315111,1072
0.005166,3756316423,3756315351,1072
0.005166,3756317883,3756316811,1072
0.005166,3756319343,3756318271,1072
0.005166,3756320803,3756319731,1072
0.005201,3756324607,3756321191,3416
0.005206,3756326275,3756322627,3648
0.005214,3756327871,3756324087,3784
0.005227,3756327499,3756325547,1952
0.005231,3756328227,3756326275,1952
0.005231,3756329687,3756327735,1952
0.005253,3756332835,3756329195,3640
0.005259,3756333327,3756329687,3640
0.005266,3756333683,3756331147,2536
0.00527,3756335143,3756332607,2536
0.005293,3756337171,3756334067,3104
0.005293,3756338247,3756335143,3104
0.005305,3756340795,3756336603,4192
0.005321,3756340783,3756338063,2720
0.005321,3756340967,3756338247,2720
0.005321,3756342427,3756339707,2720
0.005344,3756344815,3756341167,3648
0.005349,3756346075,3756342427,3648
0.005358,3756347767,3756343887,3880
0.00537,3756347523,3756345347,2176
0.005374,3756348251,3756346075,2176
0.005374,3756349711,3756347535,2176
0.005383,3756352203,3756348995,3208
0.005397,3756351887,3756349711,2176
0.0054,3756353347,3756351171,2176
0.005409,3756354447,3756352631,1816
0.005413,3756355163,3756353347,1816
0.005422,3756356631,3756354807,1824
0.005428,3756356987,3756355163,1824
0.005436,3756358807,3756356623,2184
0.005449,3756359899,3756358083,1816
0.005453,3756360623,3756358807,1816
0.005462,3756362083,3756360267,1816
0.005467,3756362439,3756360623,1816
0.005475,3756364259,3756362083,2176
0.005488,3756365359,3756363543,1816
0.005492,3756366075,3756364259,1816
0.005501,3756367535,3756365719,1816
0.005506,3756367891,3756366075,1816
0.005514,3756369711,3756367535,2176
0.005527,3756370811,3756368995,1816
0.005531,3756371527,3756369711,1816
0.00554,3756372995,3756371171,1824
0.005545,3756373351,3756371527,1824
0.005553,3756375171,3756372987,2184
0.005566,3756376399,3756374447,1952
0.00557,3756376991,3756374807,2184
0.005646,3756381715,3756376267,5448
0.005646,3756383175,3756377727,5448
0.005646,3756384635,3756379187,5448
0.005646,3756386095,3756380647,5448
0.005646,3756387555,3756382107,5448
0.005646,3756387687,3756382239,5448
0.00567,3756388211,3756383699,4512
0.005674,3756389671,3756385159,4512
0.005674,3756391131,3756386619,4512
0.005675,3756392199,3756387687,4512
0.005684,3756393363,3756389147,4216
0.005696,3756393359,3756390607,2752
0.0057,3756394819,3756392067,2752
0.0057,3756394951,3756392199,2752
0.005709,3756396771,3756393659,3112
0.005723,3756396935,3756395119,1816
0.005727,3756398395,3756396579,1816
0.005727,3756398587,3756396771,1816
0.005736,3756400415,3756398231,2184
0.005749,3756401507,3756399691,1816
0.005753,3756402231,3756400415,1816
0.005762,3756403779,3756401875,1904
0.005767,3756404135,3756402231,1904
0.005775,3756405875,3756403691,2184
0.005788,3756406967,3756405151,1816
0.005792,3756407691,3756405875,1816
0.005801,3756409639,3756407335,2304
0.005806,3756409995,3756407691,2304
0.005814,3756411335,3756409151,2184
0.005827,3756412427,3756410611,1816
0.005831,3756413151,3756411335,1816
0.00584,3756414611,3756412795,1816
0.005845,3756414967,3756413151,1816
0.005853,3756416795,3756414611,2184
0.005866,3756417887,3756416071,1816
0.00587,3756418611,3756416795,1816
0.005879,3756420071,3756418255,1816
0.005884,3756420427,3756418611,1816
0.005892,3756422247,3756420071,2176
0.005905,3756423347,3756421531,1816
0.005909,3756424063,3756422247,1816
0.005918,3756425523,3756423707,1816
0.005923,3756425879,3756424063,1816
0.005931,3756427699,3756425523,2176
0.005945,3756428575,3756426983,1592
0.005949,3756429515,3756427699,1816
0.005958,3756432199,3756429159,3040
0.005963,3756431339,3756429515,1824
0.005971,3756432935,3756430975,1960
0.005984,3756434251,3756432435,1816
0.005988,3756434751,3756432935,1816
0.005997,3756436819,3756434395,2424
0.006002,3756437175,3756434751,2424
0.00601,3756438387,3756436211,2176
0.006023,3756439487,3756437671,1816
0.006027,3756440203,3756438387,1816
0.006036,3756442031,3756439847,2184
0.006039,3756442387,3756440203,2184
0.006049,3756443847,3756440343,3504
0.006101,3756447267,3756441803,5464
0.006104,3756448727,3756443263,5464
0.006104,3756450187,3756444723,5464
0.006104,3756451135,3756445671,5464
0.006127,3756450763,3756447131,3632
0.006133,3756452223,3756448591,3632
0.006134,3756453683,3756450051,3632
0.006134,3756454767,3756451135,3632
0.006153,3756456243,3756452595,3648
0.006159,3756457703,3756454055,3648
0.006159,3756458415,3756454767,3648
0.006167,3756460235,3756456227,4008
0.006179,3756459503,3756457687,1816
0.006183,3756460963,3756459147,1816
0.006183,3756462051,3756460235,1816
0.006193,3756464263,3756461695,2568
0.006206,3756464235,3756462051,2184
0.006209,3756465695,3756463511,2184
0.006218,3756466787,3756464971,1816
0.006222,3756467511,3756465695,1816
0.006232,3756468979,3756467155,1824
0.006237,3756469335,3756467511,1824
0.006245,3756471155,3756468971,2184
0.006258,3756472247,3756470431,1816
0.006261,3756472971,3756471155,1816
0.006271,3756474439,3756472615,1824
0.006295,3756474795,3756472971,1824
0.0063,3756478687,3756474431,4256
0.006319,3756480963,3756475891,5072
0.006319,3756481691,3756476619,5072
0.006336,3756481855,3756478079,3776
0.006341,3756481523,3756479539,1984
0.006341,3756482983,3756480999,1984
0.006341,3756483675,3756481691,1984
0.006362,3756486791,3756483151,3640
0.006369,3756487315,3756483675,3640
0.006375,3756487671,3756485135,2536
0.006379,3756489131,3756486595,2536
0.006388,3756490463,3756488055,2408
0.006392,3756491539,3756489131,2408
0.006401,3756492767,3756490591,2176
0.006405,3756493715,3756491539,2176
0.006414,3756494295,3756492999,1296
0.006418,3756495011,3756493715,1296
0.006454,3756498815,3756495175,3640
0.00646,3756500059,3756496419,3640
0.006466,3756501879,3756497879,4000
0.006479,3756501515,3756499339,2176
0.006484,3756502235,3756500059,2176
0.006484,3756503695,3756501519,2176
0.006492,3756506267,3756502979,3288
0.006506,3756505871,3756503695,2176
0.006513,3756507331,3756505155,2176
0.006533,3756510975,3756505879,5096
0.006636,3756525707,3756507339,18368
0.006652,3756516063,3756508799,7264
0.006652,3756517523,3756510259,7264
0.006652,3756518983,3756511719,7264
0.006652,3756520443,3756513179,7264
0.006652,3756521903,3756514639,7264
0.006653,3756523363,3756516099,7264
0.006653,3756524823,3756517559,7264
0.006672,3756526283,3756519019,7264
0.006672,3756527143,3756519879,7264
0.006683,3756530347,3756521339,9008
0.006695,3756529679,3756522799,6880
0.006695,3756531139,3756524259,6880
0.006695,3756532599,3756525719,6880
0.006709,3756532635,3756527179,5456
0.006709,3756534095,3756528639,5456
0.006709,3756534423,3756528967,5456
0.006723,3756534779,3756530427,4352
0.006723,3756536239,3756531887,4352
0.006734,3756538059,3756533347,4712
0.006744,3756538447,3756534807,3640
0.006744,3756539879,3756536239,3640
0.006755,3756541699,3756537699,4000
0.006767,3756542807,3756539159,3648
0.006771,3756543527,3756539879,3648
0.00678,3756545347,3756541339,4008
0.006819,3756546575,3756542799,3776
0.006827,3756548035,3756544259,3776
0.006827,3756549347,3756545347,4000
0.006827,3756550807,3756546807,4000
0.006845,3756551683,3756548267,3416
0.006852,3756552763,3756549347,3416
0.006852,3756554223,3756550807,3416
0.00687,3756555915,3756552267,3648
0.00688,3756556411,3756552763,3648
0.00688,3756557871,3756554223,3648
0.006889,3756559691,3756555683,4008
0.0069,3756560783,3756557143,3640
0.0069,3756561511,3756557871,3640
0.00691,3756563331,3756559331,4000
0.006923,3756563503,3756560791,2712
0.00693,3756564223,3756561511,2712
0.00693,3756565683,3756562971,2712
0.006949,3756567535,3756564431,3104
0.006955,3756568787,3756565683,3104
0.006961,3756570615,3756567143,3472
0.006975,3756570787,3756568603,2184
0.006979,3756570971,3756568787,2184
0.006979,3756572431,3756570247,2184
0.006988,3756574799,3756571415,3384
0.007246,3756600155,3756572875,27280
0.007252,3756601615,3756574335,27280
0.007252,3756603075,3756575795,27280
0.007252,3756604535,3756577255,27280
0.007252,3756605995,3756578715,27280
0.007252,3756607455,3756580175,27280
0.007252,3756608915,3756581635,27280
0.007252,3756610375,3756583095,27280
0.007259,3756598091,3756584555,13536
0.007264,3756599551,3756586015,13536
0.007264,3756601011,3756587475,13536
0.007264,3756602471,3756588935,13536
0.007264,3756603931,3756590395,13536
0.007264,3756605391,3756591855,13536
0.007264,3756606851,3756593315,13536
0.007264,3756608311,3756594775,13536
0.007264,3756609771,3756596235,13536
0.007269,3756611231,3756597695,13536
0.00727,3756610947,3756599155,11792
0.00727,3756612407,3756600615,11792
0.007278,3756611339,3756602075,9264
0.007292,3756612799,3756603535,9264
0.007292,3756614071,3756604807,9264
0.007338,3756611707,3756606267,5440
0.007345,3756613167,3756607727,5440
0.007346,3756614627,3756609187,5440
0.007346,3756616087,3756610647,5440
0.007346,3756617547,3756612107,5440
0.007346,3756619007,3756613567,5440
0.007346,3756620467,3756615027,5440
0.007346,3756621927,3756616487,5440
0.007346,3756623159,3756617487,5672
0.007365,3756622355,3756618947,3408
0.007371,3756623815,3756620407,3408
0.007371,3756625275,3756621867,3408
0.007371,3756626791,3756623159,3632
0.007378,3756628387,3756624619,3768
0.007391,3756628031,3756626079,1952
0.007395,3756628743,3756626791,1952
0.007395,3756630203,3756628251,1952
0.007404,3756633359,3756629711,3648
0.007409,3756633851,3756630203,3648
0.007418,3756632375,3756631663,712
0.007421,3756633835,3756633123,712
0.007456,3756638223,3756634583,3640
0.00746,3756639299,3756635659,3640
0.00747,3756641119,3756636951,4168
0.007665,3756656139,3756638411,17728
0.007665,3756657599,3756639871,17728
0.007665,3756659059,3756641331,17728
0.007665,3756660519,3756642791,17728
0.007665,3756660235,3756644251,15984
0.007665,3756661695,3756645711,15984
0.007665,3756663155,3756647171,15984
0.007671,3756664615,3756648631,15984
0.007671,3756666075,3756650091,15984
0.007671,3756667535,3756651551,15984
0.007671,3756668995,3756653011,15984
0.007677,3756661695,3756654471,7224
0.007681,3756663155,3756655931,7224
0.007681,3756664615,3756657391,7224
0.007681,3756666075,3756658851,7224
0.007681,3756667535,3756660311,7224
0.007681,3756668995,3756661771,7224
0.007681,3756670015,3756662791,7224
0.007703,3756667883,3756664251,3632
0.00771,3756669343,3756665711,3632
0.00771,3756670803,3756667171,3632
0.00771,3756672263,3756668631,3632
0.00771,3756673647,3756670015,3632
0.00773,3756675115,3756671475,3640
0.007736,3756676575,3756672935,3640
0.007736,3756677287,3756673647,3640
0.007743,3756679107,3756675107,4000
0.007756,3756678391,3756676567,1824
0.00776,3756679851,3756678027,1824
0.00776,3756680931,3756679107,1824
0.007769,3756683319,3756680567,2752
0.007775,3756683683,3756680931,2752
0.007782,3756684567,3756682391,2176
0.007795,3756685667,3756683851,1816
0.007799,3756686383,3756684567,1816
0.007808,3756687843,3756686027,1816
0.007814,3756688199,3756686383,1816
0.007821,3756690019,3756687843,2176
0.007834,3756691127,3756689303,1824
0.007838,3756691843,3756690019,1824
0.007847,3756693295,3756691479,1816
0.007851,3756693659,3756691843,1816
0.00786,3756695119,3756693303,1816
0.007866,3756695475,3756693659,1816
0.007873,3756697295,3756695119,2176
0.007887,3756698395,3756696579,1816
0.007891,3756699111,3756697295,1816
0.0079,3756700635,3756698755,1880
0.007905,3756700991,3756699111,1880
0.007913,3756702747,3756700571,2176
0.007926,3756704111,3756702031,2080
0.007929,3756704567,3756702487,2080
0.008042,3756714811,3756703947,10864
0.008046,3756716271,3756705407,10864
0.008046,3756717731,3756706867,10864
0.008046,3756719191,3756708327,10864
0.008046,3756720651,3756709787,10864
0.008056,3756718511,3756711247,7264
0.008059,3756719971,3756712707,7264
0.008059,3756721431,3756714167,7264
0.008059,3756722559,3756715295,7264
0.008069,3756723651,3756716755,6896
0.008072,3756725111,3756718215,6896
0.008083,3756721843,3756719675,2168
0.008087,3756723303,3756721135,2168
0.008087,3756724727,3756722559,2168
0.008087,3756726187,3756724019,2168
0.008108,3756729119,3756725479,3640
0.008114,3756729827,3756726187,3640
0.008121,3756730183,3756727647,2536
0.008125,3756731643,3756729107,2536
0.008134,3756732799,3756730567,2232
0.008138,3756733875,3756731643,2232
0.008147,3756734503,3756733103,1400
0.008151,3756735275,3756733875,1400
0.008186,3756738975,3756735335,3640
0.008192,3756740435,3756736795,3640
0.008192,3756740747,3756737107,3640
0.0082,3756742391,3756738567,3824
0.008212,3756742027,3756740027,2000
0.008216,3756743487,3756741487,2000
0.008216,3756744391,3756742391,2000
0.008225,3756745787,3756743851,1936
0.008229,3756746327,3756744391,1936
0.008239,3756747555,3756745851,1704
0.008243,3756748031,3756746327,1704
0.008252,3756749603,3756747787,1816
0.008257,3756749847,3756748031,1816
0.008265,3756751667,3756749491,2176
0.008294,3756752543,3756750951,1592
0.008294,3756753483,3756751667,1816
0.008325,3756758367,3756753127,5240
0.008325,3756758723,3756753483,5240
0.008325,3756760183,3756754943,5240
0.008353,3756758571,3756756403,2168
0.008353,3756760031,3756757863,2168
0.008353,3756761491,3756759323,2168
0.008353,3756762351,3756760183,2168
0.008369,3756765283,3756761643,3640
0.008376,3756765991,3756762351,3640
0.008382,3756766347,3756763811,2536
0.008385,3756767807,3756765271,2536
0.008395,3756768763,3756766731,2032
0.008399,3756769839,3756767807,2032
0.008408,3756771447,3756768023,3424
0.008499,3756781699,3756769483,12216
0.008502,3756783159,3756770943,12216
0.008502,3756784619,3756772403,12216
0.008512,3756779439,3756773863,5576
0.008516,3756780899,3756775323,5576
0.008516,3756782359,3756776783,5576
0.008517,3756783819,3756778243,5576
0.008517,3756782719,3756778751,3968
0.008517,3756784179,3756780211,3968
0.008517,3756785639,3756781671,3968
0.008525,3756786363,3756783131,3232
0.008531,3756787823,3756784591,3232
0.008551,3756789467,3756786051,3416
0.008557,3756789779,3756786363,3416
0.008557,3756791463,3756787823,3640
0.008564,3756793059,3756789283,3776
0.008578,3756792695,3756790743,1952
0.008581,3756793415,3756791463,1952
0.008582,3756795107,3756792923,2184
0.008591,3756798159,3756794383,3776
0.008604,3756795595,3756795107,488
0.008608,3756797055,3756796567,488
0.008608,3756798515,3756798027,488
0.008642,3756803135,3756799487,3648
0.008648,3756803987,3756800339,3648
0.008655,3756805743,3756801799,3944
0.008661,3756807203,3756803259,3944
0.008669,3756806163,3756803987,2176
0.008673,3756807623,3756805447,2176
0.008673,3756809083,3756806907,2176
0.008682,3756810559,3756808367,2192
0.008701,3756809803,3756809083,720
0.008701,3756811263,3756810543,720
0.008734,3756816267,3756812003,4264
0.00874,3756817351,3756813087,4264
0.008747,3756817091,3756814547,2544
0.008751,3756818551,3756816007,2544
0.00876,3756819339,3756817467,1872
0.008764,3756820423,3756818551,1872
0.008773,3756821819,3756820011,1808
0.008777,3756822231,3756820423,1808
0.008786,3756823651,3756821883,1768
0.00879,3756823999,3756822231,1768
0.008799,3756825507,3756823691,1816
0.008804,3756825815,3756823999,1816
0.008812,3756827635,3756825459,2176
0.008826,3756828735,3756826919,1816
0.008829,3756829451,3756827635,1816
0.008844,3756831271,3756829095,2176
0.008851,3756832939,3756829451,3488
0.008865,3756832879,3756830911,1968
0.008869,3756834339,3756832371,1968
0.008869,3756834907,3756832939,1968
0.008878,3756836727,3756833559,3168
0.008994,3756849691,3756835019,14672
0.008999,3756851151,3756836479,14672
0.008999,3756852611,3756837939,14672
0.009007,3756846655,3756839399,7256
0.009012,3756848115,3756840859,7256
0.009012,3756849575,3756842319,7256
0.009012,3756851035,3756843779,7256
0.009012,3756852495,3756845239,7256
0.009012,3756853955,3756846699,7256
0.009012,3756854711,3756847455,7256
0.009021,3756853603,3756848915,4688
0.009024,3756855063,3756850375,4688
0.009024,3756856523,3756851835,4688
0.009047,3756856935,3756853295,3640
0.009053,3756858395,3756854755,3640
0.009053,3756859855,3756856215,3640
0.009053,3756860163,3756856523,3640
0.009074,3756862343,3756857983,4360
0.009095,3756863803,3756859443,4360
0.009095,3756864671,3756860903,3768
0.009095,3756865755,3756861987,3768
0.009114,3756869271,3756863447,5824
0.009127,3756869963,3756864907,5056
0.009127,3756870811,3756865755,5056
0.00914,3756871455,3756867215,4240
0.009146,3756872915,3756868675,4240
0.009153,3756874055,3756870135,3920
0.009153,3756874731,3756870811,3920
0.009173,3756875967,3756872271,3696
0.009183,3756878147,3756873731,4416
0.009194,3756879191,3756875191,4000
0.009194,3756879967,3756875967,4000
0.009204,3756881787,3756877427,4360
0.009218,3756883607,3756878887,4720
0.009226,3756885067,3756880347,4720
0.009233,3756885107,3756881787,3320
0.009233,3756886567,3756883247,3320
0.009244,3756887251,3756884707,2544
0.009266,3756888671,3756886167,2504
0.009266,3756889071,3756886567,2504
0.009283,3756892715,3756888027,4688
0.009312,3756894951,3756889487,5464
0.009312,3756896359,3756890895,5464
0.009328,3756898187,3756892355,5832
0.009336,3756897455,3756893815,3640
0.009336,3756898915,3756895275,3640
0.009336,3756899999,3756896359,3640
0.00936,3756902363,3756897819,4544
0.009364,3756903639,3756899095,4544
0.009594,3756922219,3756900555,21664
0.009594,3756923679,3756902015,21664
0.009594,3756925139,3756903475,21664
0.009594,3756926599,3756904935,21664
0.009594,3756928059,3756906395,21664
0.009594,3756929519,3756907855,21664
0.009594,3756930979,3756909315,21664
0.009601,3756932439,3756910775,21664
0.009601,3756933899,3756912235,21664
0.009601,3756935359,3756913695,21664
0.009601,3756936819,3756915155,21664
0.009606,3756924535,3756916615,7920
0.00961,3756925995,3756918075,7920
0.00961,3756927455,3756919535,7920
0.00961,3756928915,3756920995,7920
0.00961,3756930375,3756922455,7920
0.00961,3756931835,3756923915,7920
0.00961,3756933295,3756925375,7920
0.00961,3756934755,3756926835,7920
0.00961,3756935727,3756928295,7432
0.009615,3756937187,3756929755,7432
0.009615,3756937991,3756930559,7432
0.009645,3756935779,3756932019,3760
0.009652,3756937239,3756933479,3760
0.009652,3756938699,3756934939,3760
0.009652,3756940159,3756936399,3760
0.009652,3756941843,3756937859,3984
0.009652,3756941975,3756937991,3984
0.009652,3756943435,3756939451,3984
0.009673,3756944327,3756940911,3416
0.009677,3756946019,3756942371,3648
0.009677,3756947083,3756943435,3648
0.009685,3756948903,3756944895,4008
0.009691,3756949963,3756946355,3608
0.009691,3756950691,3756947083,3608
0.009698,3756950887,3756948543,2344
0.009701,3756952403,3756950003,2400
0.009701,3756951579,3756950691,888
0.009707,3756951579,3756950691,888
0.009713,3756953543,3756952151,1392
0.211286,3757002695,3756953543,49152
0.211297,3757003587,3756955003,48584
0.211302,3757003215,3756956463,46752
0.211302,3757004675,3756957923,46752
0.211302,3757004463,3756959383,45080
0.211302,3757004171,3756960843,43328
0.211311,3757003895,3756962303,41592
0.211311,3757005355,3756963763,41592
0.211311,3757005135,3756965223,39912
0.211311,3757004843,3756966683,38160
0.211311,3757004567,3756968143,36424
0.211311,3757006027,3756969603,36424
0.211311,3757005815,3756971063,34752
0.211321,3757005523,3756972523,33000
0.211321,3757005247,3756973983,31264
0.211321,3757006707,3756975443,31264
0.211321,3757006487,3756976903,29584
0.211321,3757006203,3756978363,27840
0.211321,3757005919,3756979823,26096
0.211321,3757007379,3756981283,26096
0.211321,3757007167,3756982743,24424
0.21133,3757006875,3756984203,22672
0.21133,3757006599,3756985663,20936
0.21133,3757008059,3756987123,20936
0.21133,3757007839,3756988583,19256
0.21133,3757007555,3756990043,17512
0.21133,3757007271,3756991503,15768
0.21133,3757008731,3756992963,15768
0.21133,3757008519,3756994423,14096
0.211341,3757008227,3756995883,12344
0.211341,3757007951,3756997343,10608
0.211354,3757011499,3756998803,12696
0.211358,3757011215,3757000263,10952
0.211358,3757012675,3757001723,10952
0.211358,3757011895,3757002695,9200
0.211366,3757011683,3757004155,7528
0.211366,3757011407,3757005615,5792
0.211366,3757012867,3757007075,5792
0.211366,3757012647,3757008535,4112
0.211371,3757012683,3757009995,2688
0.211371,3757014143,3757011455,2688
0.21138,3757014739,3757012915,1824
0.211383,3757015967,3757014143,1824
0.211391,3757016899,3757015603,1296
0.211392,3757017263,3757015967,1296
0.211395,3757016111,3757015967,144
0.211572,3757040751,3757015967,24784
0.211581,3757043083,3757017427,25656
0.211588,3757042799,3757018887,23912
0.211588,3757042515,3757020347,22168
0.211588,3757043975,3757021807,22168
0.211588,3757043763,3757023267,20496
0.211588,3757043471,3757024727,18744
0.211588,3757043187,3757026187,17000
0.211597,3757044647,3757027647,17000
0.211597,3757044435,3757029107,15328
0.211597,3757044151,3757030567,13584
0.211597,3757043867,3757032027,11840
0.211597,3757045327,3757033487,11840
0.211597,3757045115,3757034947,10168
0.211597,3757044831,3757036407,8424
0.211605,3757044539,3757037867,6672
0.211605,3757045999,3757039327,6672
0.211606,3757045751,3757040751,5000
0.211606,3757045475,3757042211,3264
0.211614,3757046751,3757043671,3080
0.211619,3757047307,3757045131,2176
0.211622,3757048975,3757046591,2384
0.211627,3757047831,3757046751,1080
0.21163,3757050115,3757048211,1904
0.211638,3757051167,3757049671,1496
0.211638,3757051611,3757050115,1496
0.211644,3757050235,3757050115,120
0.211647,3757052079,3757051575,504
0.211654,3757052115,3757051611,504
0.211654,3757051827,3757051611,216
0.211829,3757076467,3757051611,24856
0.211838,3757078631,3757053071,25560
0.211841,3757078339,3757054531,23808
0.211841,3757079799,3757055991,23808
0.211841,3757079515,3757057451,22064
0.211848,3757079303,3757058911,20392
0.211848,3757079019,3757060371,18648
0.211848,3757080479,3757061831,18648
0.211848,3757080195,3757063291,16904
0.211848,3757079983,3757064751,15232
0.211856,3757079691,3757066211,13480
0.211856,3757081151,3757067671,13480
0.211856,3757080875,3757069131,11744
0.211857,3757080655,3757070591,10064
0.211857,3757080371,3757072051,8320
0.211857,3757081831,3757073511,8320
0.211857,3757081547,3757074971,6576
0.211866,3757081335,3757076431,4904
0.211866,3757081371,3757076467,4904
0.211866,3757082063,3757077927,4136
0.211871,3757083523,3757079387,4136
0.211871,3757083311,3757080847,2464
0.211879,3757084683,3757082307,2376
0.211883,3757084667,3757083523,1144
0.419289,3757133819,3757084667,49152
0.419308,3757134799,3757086127,48672
0.419308,3757134411,3757087587,46824
0.419308,3757135871,3757089047,46824
0.419308,3757135619,3757090507,45112
0.419308,3757135375,3757091967,43408
0.419326,3757135083,3757093427,41656
0.419326,3757136543,3757094887,41656
0.419327,3757136291,3757096347,39944
0.419327,3757136047,3757097807,38240
0.419327,3757135763,3757099267,36496
0.419327,3757137223,3757100727,36496
0.419327,3757136963,3757102187,34776
0.419327,3757136727,3757103647,33080
0.419346,3757136435,3757105107,31328
0.419346,3757137895,3757106567,31328
0.419346,3757137627,3757108027,29600
0.419347,3757137399,3757109487,27912
0.419347,3757137115,3757110947,26168
0.419347,3757138575,3757112407,26168
0.419347,3757138299,3757113867,24432
0.419347,3757138079,3757115327,22752
0.419365,3757137795,3757116787,21008
0.419365,3757139255,3757118247,21008
0.419365,3757138963,3757119707,19256
0.419365,3757138751,3757121167,17584
0.419365,3757138467,3757122627,15840
0.419365,3757139927,3757124087,15840
0.419365,3757139643,3757125547,14096
0.419365,3757139431,3757127007,12424
0.419387,3757139147,3757128467,10680
0.419387,3757140607,3757129927,10680
0.419387,3757140315,3757131387,8928
0.419387,3757140111,3757132847,7264
0.419387,3757139331,3757133819,5512
0.419387,3757145143,3757135279,9864
0.419387,3757146603,3757136739,9864
0.419387,3757146391,3757138199,8192
0.419409,3757146107,3757139659,6448
0.419417,3757149855,3757141119,8736
0.419417,3757150075,3757142579,7496
0.419417,3757149831,3757144039,5792
0.419417,3757149183,3757145143,4040
0.419434,3757152579,3757146603,5976
0.419434,3757152807,3757148063,4744
0.419434,3757152531,3757149523,3008
0.41945,3757153519,3757150983,2536
0.41945,3757154979,3757152443,2536
0.41945,3757155115,3757152579,2536
0.419463,3757156431,3757154039,2392
0.419474,3757158483,3757155499,2984
0.419474,3757158183,3757156431,1752
0.419485,3757160075,3757157891,2184
0.419496,3757160823,3757159351,1472
0.419496,3757161547,3757160075,1472
0.419509,3757162335,3757161535,800
0.419509,3757162347,3757161547,800
0.627288,3757211499,3757162347,49152
0.627305,3757212263,3757163807,48456
0.627305,3757211899,3757165267,46632
0.627305,3757213359,3757166727,46632
0.627324,3757213147,3757168187,44960
0.627324,3757212863,3757169647,43216
0.627324,3757212571,3757171107,41464
0.627324,3757214031,3757172567,41464
0.627324,3757213827,3757174027,39800
0.627324,3757213535,3757175487,38048
0.627324,3757213251,3757176947,36304
0.627324,3757214711,3757178407,36304
0.627343,3757214507,3757179867,34640
0.627344,3757214215,3757181327,32888
0.627344,3757213923,3757182787,31136
0.627344,3757215383,3757184247,31136
0.627344,3757215179,3757185707,29472
0.627344,3757214887,3757187167,27720
0.627344,3757214603,3757188627,25976
0.627344,3757216063,3757190087,25976
0.627357,3757215859,3757191547,24312
0.627357,3757215567,3757193007,22560
0.627357,3757215283,3757194467,20816
0.627357,3757216743,3757195927,20816
0.627357,3757216531,3757197387,19144
0.627357,3757216239,3757198847,17392
0.627357,3757215955,3757200307,15648
0.627357,3757217415,3757201767,15648
0.62738,3757217211,3757203227,13984
0.62738,3757216919,3757204687,12232
0.62738,3757216635,3757206147,10488
0.62738,3757218095,3757207607,10488
0.62738,3757217883,3757209067,8816
0.62738,3757217599,3757210527,7072
0.62738,3757218571,3757211499,7072
0.62738,3757223263,3757212959,10304
0.627409,3757222971,3757214419,8552
0.627409,3757222679,3757215879,6800
0.627409,3757224139,3757217339,6800
0.627409,3757225735,3757218799,6936
0.627409,3757227195,3757220259,6936
0.627409,3757226903,3757221719,5184
0.627409,3757226699,3757223179,3520
0.627409,3757226783,3757223263,3520
0.627435,3757229763,3757224723,5040
0.627435,3757230279,3757226183,4096
0.627448,3757232547,3757227643,4904
0.627449,3757232775,3757229103,3672
0.627449,3757231763,3757229763,2000
0.627464,3757233295,3757231223,2072
0.627464,3757234811,3757232683,2128
0.627477,3757236631,3757234143,2488
0.627477,3757235771,3757234811,960
0.627489,3757237887,3757236271,1616
0.6275,3757238635,3757237731,904
0.6275,3757238791,3757237887,904
0.835287,3757287751,3757238791,48960
0.835309,3757288155,3757240251,47904
0.835309,3757289615,3757241711,47904
0.835309,3757289387,3757243171,46216
0.835309,3757289103,3757244631,44472
0.835309,3757288819,3757246091,42728
0.835309,3757290279,3757247551,42728
0.835309,3757290059,3757249011,41048
0.835309,3757289775,3757250471,39304
0.83533,3757289491,3757251931,37560
0.83533,3757290951,3757253391,37560
0.83533,3757290739,3757254851,35888
0.83533,3757290455,3757256311,34144
0.83533,3757290171,3757257771,32400
0.83533,3757291631,3757259231,32400
0.83533,3757291411,3757260691,30720
0.83533,3757291135,3757262151,28984
0.835348,3757290843,3757263611,27232
0.835348,3757292303,3757265071,27232
0.835349,3757292091,3757266531,25560
0.835349,3757291807,3757267991,23816
0.835349,3757291523,3757269451,22072
0.835349,3757292983,3757270911,22072
0.835349,3757292763,3757272371,20392
0.835349,3757292487,3757273831,18656
0.835368,3757292195,3757275291,16904
0.835368,3757293655,3757276751,16904
0.835369,3757293443,3757278211,15232
0.835369,3757293159,3757279671,13488
0.835369,3757292875,3757281131,11744
0.835369,3757294335,3757282591,11744
0.835369,3757294115,3757284051,10064
0.835369,3757293839,3757285511,8328
0.835392,3757293547,3757286971,6576
0.835392,3757294327,3757287751,6576
0.835392,3757300779,3757289211,11568
0.835392,3757300495,3757290671,9824
0.835392,3757300203,3757292131,8072
0.835392,3757301663,3757293591,8072
0.835411,3757302963,3757295051,7912
0.835411,3757304423,3757296511,7912
0.835411,3757304203,3757297971,6232
0.835411,3757303919,3757299431,4488
0.835411,3757303523,3757300779,2744
0.83543,3757305903,3757302239,3664
0.83543,3757306067,3757303699,2368
0.835442,3757308551,3757305159,3392
0.835442,3757307543,3757305903,1640
0.835453,3757310187,3757307363,2824
0.835464,3757311247,3757308823,2424
0.835464,3757310859,3757310187,672
1.043312,3757360011,3757310859,49152
1.043356,3757361471,3757312319,49152
1.043356,3757361219,3757313779,47440
1.043356,3757360935,3757315239,45696
1.043356,3757360643,3757316699,43944
1.043356,3757362103,3757318159,43944
1.043356,3757361899,3757319619,42280
1.043356,3757361607,3757321079,40528
1.043356,3757361323,3757322539,38784
1.043378,3757362783,3757323999,38784
1.043378,3757362571,3757325459,37112
1.043378,3757362287,3757326919,35368
1.043378,3757361995,3757328379,33616
1.043378,3757363455,3757329839,33616
1.043378,3757363251,3757331299,31952
1.043378,3757362959,3757332759,30200
1.043378,3757362675,3757334219,28456
1.043393,3757364135,3757335679,28456
1.043393,3757363923,3757337139,26784
1.043393,3757363639,3757338599,25040
1.043393,3757363347,3757340059,23288
1.043393,3757364807,3757341519,23288
1.043394,3757364603,3757342979,21624
1.043394,3757364311,3757344439,19872
1.043394,3757364027,3757345899,18128
1.043412,3757365487,3757347359,18128
1.043412,3757365275,3757348819,16456
1.043412,3757364991,3757350279,14712
1.043413,3757364707,3757351739,12968
1.043413,3757366167,3757353199,12968
1.043413,3757365955,3757354659,11296
1.043413,3757365663,3757356119,9544
1.043413,3757365379,3757357579,7800
1.043435,3757366839,3757359039,7800
1.043435,3757366139,3757360011,6128
1.043435,3757373687,3757361471,12216
1.043435,3757373403,3757362931,10472
1.043435,3757373111,3757364391,8720
1.043454,3757375939,3757365851,10088
1.043454,3757376227,3757366139,10088
1.043454,3757376623,3757367599,9024
1.043454,3757376347,3757369059,7288
1.043471,3757377807,3757370519,7288
1.043471,3757377555,3757371979,5576
1.043471,3757377303,3757373439,3864
1.043471,3757378315,3757374899,3416
1.043471,3757378639,3757376359,2280
1.043471,3757378903,3757376623,2280
1.043488,3757380851,3757378083,2768
1.0435,3757383127,3757379543,3584
1.0435,3757382691,3757380851,1840
1.043512,3757384455,3757382311,2144
1.043524,3757386227,3757383771,2456
1.043524,3757386911,3757384455,2456
1.043534,3757387483,3757385915,1568
1.043546,3757389767,3757387375,2392
1.043546,3757389875,3757387483,2392
1.043567,3757392559,3757388943,3616
1.043567,3757392027,3757389875,2152
1.043583,3757394599,3757391335,3264
1.043597,3757396651,3757392795,3856
1.043597,3757396831,3757394255,2576
1.043597,3757397175,3757394599,2576
1.043608,3757398243,3757396059,2184
1.04362,3757400055,3757397519,2536
1.04362,3757399283,3757398243,1040
1.043632,3757401095,3757399703,1392
1.251289,3757449887,3757401095,48792
1.251305,3757451155,3757402555,48600
1.251305,3757450783,3757404015,46768
1.251305,3757452243,3757405475,46768
1.251325,3757452023,3757406935,45088
1.251325,3757451739,3757408395,43344
1.251325,3757451455,3757409855,41600
1.251325,3757452915,3757411315,41600
1.251325,3757452703,3757412775,39928
1.251325,3757452411,3757414235,38176
1.251325,3757452135,3757415695,36440
1.251325,3757453595,3757417155,36440
1.251344,3757453383,3757418615,34768
1.251344,3757453091,3757420075,33016
1.251344,3757452807,3757421535,31272
1.251344,3757454267,3757422995,31272
1.251344,3757454055,3757424455,29600
1.251344,3757453763,3757425915,27848
1.251344,3757453487,3757427375,26112
1.251344,3757454947,3757428835,26112
1.251361,3757454735,3757430295,24440
1.251361,3757454443,3757431755,22688
1.251361,3757454167,3757433215,20952
1.251361,3757455627,3757434675,20952
1.251361,3757455399,3757436135,19264
1.251361,3757455115,3757437595,17520
1.251361,3757454839,3757439055,15784
1.251361,3757456299,3757440515,15784
1.251383,3757456071,3757441975,14096
1.251383,3757455795,3757443435,12360
1.251383,3757455519,3757444895,10624
1.251383,3757456979,3757446355,10624
1.251383,3757456735,3757447815,8920
1.251383,3757456475,3757449275,7200
1.251383,3757457087,3757449887,7200
1.251399,3757462219,3757451347,10872
1.251399,3757461927,3757452807,9120
1.251399,3757461643,3757454267,7376
1.251399,3757463103,3757455727,7376
1.251415,3757465835,3757457187,8648
1.251416,3757465559,3757458647,6912
1.251416,3757467019,3757460107,6912
1.251416,3757466799,3757461567,5232
1.251416,3757467451,3757462219,5232
1.251435,3757467743,3757463679,4064
1.251435,3757469203,3757465139,4064
1.251435,3757468855,3757466599,2256
1.251449,3757471187,3757468059,3128
1.251449,3757470595,3757469203,1392
1.251459,3757473095,3757470663,2432
1.251481,3757475827,3757472123,3704
1.251481,3757475543,3757473095,2448
1.251496,3757477875,3757474555,3320
1.251508,3757479463,3757476015,3448
1.251508,3757479187,3757477475,1712
1.251508,3757479587,3757477875,1712
1.251522,3757481511,3757479335,2176
1.251533,3757483299,3757480795,2504
1.251533,3757482271,3757481511,760
1.251544,3757484683,3757482971,1712
1.251555,3757486287,3757484431,1856
1.251555,3757485147,3757484683,464
1.251565,3757487671,3757486143,1528
1.251576,3757489235,3757487603,1632
1.251586,3757488055,3757487671,384
1.251586,3757489467,3757489131,336
1.459313,3757538595,3757489467,49128
1.459338,3757538951,3757490927,48024
1.459339,3757540411,3757492387,48024
1.459339,3757540175,3757493847,46328
1.459356,3757539883,3757495307,44576
1.459356,3757539599,3757496767,42832
1.459356,3757541059,3757498227,42832
1.459356,3757540847,3757499687,41160
1.459356,3757540563,3757501147,39416
1.459356,3757540271,3757502607,37664
1.459356,3757541731,3757504067,37664
1.459356,3757541527,3757505527,36000
1.459376,3757541243,3757506987,34256
1.459376,3757540951,3757508447,32504
1.459376,3757542411,3757509907,32504
1.459376,3757542199,3757511367,30832
1.459376,3757541915,3757512827,29088
1.459376,3757541623,3757514287,27336
1.459376,3757543083,3757515747,27336
1.459376,3757542879,3757517207,25672
1.459394,3757542595,3757518667,23928
1.459394,3757542303,3757520127,22176
1.459394,3757543763,3757521587,22176
1.459394,3757543559,3757523047,20512
1.459394,3757543267,3757524507,18760
1.459395,3757542975,3757525967,17008
1.459395,3757544435,3757527427,17008
1.459395,3757544231,3757528887,15344
1.459418,3757543947,3757530347,13600
1.459418,3757543655,3757531807,11848
1.459418,3757545079,3757533231,11848
1.459418,3757544875,3757534691,10184
1.459418,3757544591,3757536151,8440
1.459418,3757544307,3757537611,6696
1.459418,3757550767,3757539071,11696
1.459418,3757550483,3757540531,9952
1.459448,3757550199,3757541991,8208
1.459448,3757551659,3757543451,8208
1.459448,3757553359,3757544911,8448
1.459448,3757554819,3757546371,8448
1.459448,3757554527,3757547831,6696
1.459448,3757554315,3757549291,5024
1.459448,3757554031,3757550751,3280
1.459448,3757554047,3757550767,3280
1.459475,3757557683,3757552227,5456
1.459475,3757558079,3757553687,4392
1.459489,3757559555,3757555147,4408
1.459489,3757561015,3757556607,4408
1.459489,3757560419,3757557683,2736
1.459504,3757561727,3757559143,2584
1.459504,3757561979,3757560603,1376
1.667288,3757611131,3757561979,49152
1.667304,3757611887,3757563439,48448
1.667304,3757611523,3757564899,46624
1.667321,3757612983,3757566359,46624
1.667321,3757612771,3757567819,44952
1.667321,3757612487,3757569279,43208
1.667321,3757612195,3757570739,41456
1.667321,3757613655,3757572199,41456
1.667321,3757613443,3757573659,39784
1.667321,3757613159,3757575119,38040
1.667321,3757612875,3757576579,36296
1.667343,3757614335,3757578039,36296
1.667343,3757614123,3757579499,34624
1.667343,3757613839,3757580959,32880
1.667343,3757613555,3757582419,31136
1.667343,3757615015,3757583879,31136
1.667343,3757614795,3757585339,29456
1.667343,3757614511,3757586799,27712
1.667344,3757614227,3757588259,25968
1.667363,3757615687,3757589719,25968
1.667363,3757615475,3757591179,24296
1.667364,3757615191,3757592639,22552
1.667364,3757614907,3757594099,20808
1.667364,3757616367,3757595559,20808
1.667364,3757616147,3757597019,19128
1.667364,3757615871,3757598479,17392
1.667364,3757615579,3757599939,15640
1.667382,3757617039,3757601399,15640
1.667382,3757616827,3757602859,13968
1.667382,3757616543,3757604319,12224
1.667382,3757616259,3757605779,10480
1.667382,3757617719,3757607239,10480
1.667382,3757617499,3757608699,8800
1.667382,3757617223,3757610159,7064
1.667382,3757618195,3757611131,7064
1.667407,3757625383,3757612591,12792
1.667407,3757625171,3757614051,11120
1.667407,3757624887,3757615511,9376
1.667407,3757626347,3757616971,9376
1.667424,3757628223,3757618431,9792
1.667425,3757627939,3757619891,8048
1.667425,3757627647,3757621351,6296
1.667425,3757629107,3757622811,6296
1.667425,3757628895,3757624271,4624
1.667443,3757628263,3757625383,2880
1.667443,3757630035,3757626843,3192
1.667443,3757630639,3757628303,2336
1.667457,3757633067,3757629763,3304
1.667457,3757633339,3757630035,3304
1.667469,3757634583,3757631495,3088
1.667469,3757634299,3757632955,1344
1.667482,3757636959,3757634415,2544
1.667491,3757637127,3757634583,2544
1.667491,3757638107,3757636043,2064
1.667504,3757639703,3757637503,2200
1.667504,3757640307,3757638107,2200
1.667514,3757640831,3757639567,1264
1.875287,3757689647,3757640831,48816
1.875301,3757690987,3757642291,48696
1.875301,3757690607,3757643751,46856
1.875317,3757692067,3757645211,46856
1.875317,3757691783,3757646671,45112
1.875317,3757691563,3757648131,43432
1.875317,3757691279,3757649591,41688
1.875317,3757692739,3757651051,41688
1.875317,3757692447,3757652511,39936
1.875317,3757692235,3757653971,38264
1.875317,3757691959,3757655431,36528
1.875336,3757693419,3757656891,36528
1.875337,3757693127,3757658351,34776
1.875337,3757692915,3757659811,33104
1.875337,3757692631,3757661271,31360
1.875337,3757694091,3757662731,31360
1.875337,3757693807,3757664191,29616
1.875337,3757693587,3757665651,27936
1.875337,3757693303,3757667111,26192
1.875356,3757694763,3757668571,26192
1.875357,3757694479,3757670031,24448
1.875357,3757694267,3757671491,22776
1.875357,3757693983,3757672951,21032
1.875357,3757695443,3757674411,21032
1.875357,3757695159,3757675871,19288
1.875357,3757694939,3757677331,17608
1.875357,3757694663,3757678791,15872
1.875374,3757696123,3757680251,15872
1.875374,3757695831,3757681711,14120
1.875374,3757695619,3757683171,12448
1.875374,3757695335,3757684631,10704
1.875374,3757695051,3757686091,8960
1.875374,3757696511,3757687551,8960
1.875374,3757696291,3757689011,7280
1.875374,3757696927,3757689647,7280
1.875397,3757703371,3757691107,12264
1.875397,3757703079,3757692567,10512
1.875397,3757702795,3757694027,8768
1.875397,3757704255,3757695487,8768
1.875413,3757706099,3757696947,9152
1.875413,3757705823,3757698407,7416
1.875413,3757705531,3757699867,5664
1.875413,3757706991,3757701327,5664
1.875431,3757706779,3757702787,3992
1.875431,3757707363,3757703371,3992
1.875431,3757707911,3757704831,3080
1.875431,3757708763,3757706291,2472
1.875445,3757710463,3757707751,2712
1.875454,3757710623,3757707911,2712
1.875454,3757712379,3757709371,3008
1.875467,3757713575,3757710831,2744
1.875467,3757713291,3757712291,1000
1.875475,3757713379,3757712379,1000
2.083291,3757762235,3757713379,48856
2.083312,3757763023,3757714839,48184
2.083312,3757764483,3757716299,48184
2.083312,3757764167,3757717759,46408
2.083312,3757763931,3757719219,44712
2.083312,3757763655,3757720679,42976
2.083334,3757765115,3757722139,42976
2.083334,3757764831,3757723599,41232
2.083334,3757764611,3757725059,39552
2.083334,3757764327,3757726519,37808
2.083334,3757765787,3757727979,37808
2.083334,3757765503,3757729439,36064
2.083334,3757765283,3757730899,34384
2.083334,3757765007,3757732359,32648
2.083355,3757766467,3757733819,32648
2.083355,3757766175,3757735279,30896
2.083355,3757765963,3757736739,29224
2.083355,3757765679,3757738199,27480
2.083355,3757767139,3757739659,27480
2.083355,3757766855,3757741119,25736
2.083355,3757766635,3757742579,24056
2.083355,3757766359,3757744039,22320
2.083373,3757767819,3757745499,22320
2.083373,3757767527,3757746959,20568
2.083373,3757767315,3757748419,18896
2.083373,3757767031,3757749879,17152
2.083373,3757768491,3757751339,17152
2.083373,3757768207,3757752799,15408
2.083373,3757767995,3757754259,13736
2.083373,3757767711,3757755719,11992
2.083395,3757769171,3757757179,11992
2.083395,3757768879,3757758639,10240
2.083395,3757768667,3757760099,8568
2.083395,3757768383,3757761559,6824
2.083395,3757769059,3757762235,6824
2.083395,3757775135,3757763695,11440
2.083395,3757774843,3757765155,9688
2.083395,3757776303,3757766615,9688
2.083414,3757776091,3757768075,8016
2.08342,3757777847,3757769535,8312
2.08342,3757779307,3757770995,8312
2.08342,3757779071,3757772455,6616
2.08342,3757778811,3757773915,4896
2.08342,3757778279,3757775135,3144
2.083439,3757780219,3757776595,3624
2.083439,3757780391,3757778055,2336
2.083451,3757783611,3757779515,4096
2.083451,3757782875,3757780219,2656
2.083462,3757784167,3757781679,2488
2.083463,3757785627,3757783139,2488
2.083475,3757785847,3757784599,1248
2.083475,3757786875,3757785627,1248
2.291288,3757835819,3757786875,48944
2.291305,3757836271,3757788335,47936
2.291306,3757837731,3757789795,47936
2.291306,3757837495,3757791255,46240
2.291324,3757837211,3757792715,44496
2.291324,3757836927,3757794175,42752
2.291324,3757838387,3757795635,42752
2.291324,3757838175,3757797095,41080
2.291324,3757837883,3757798555,39328
2.291324,3757837599,3757800015,37584
2.291324,3757839059,3757801475,37584
2.291324,3757838847,3757802935,35912
2.291345,3757838563,3757804395,34168
2.291345,3757838279,3757805855,32424
2.291345,3757839739,3757807315,32424
2.291345,3757839527,3757808775,30752
2.291345,3757839235,3757810235,29000
2.291345,3757838959,3757811695,27264
2.291345,3757840419,3757813155,27264
2.291345,3757840199,3757814615,25584
2.291362,3757839915,3757816075,23840
2.291362,3757839631,3757817535,22096
2.291362,3757841091,3757818995,22096
2.291362,3757840879,3757820455,20424
2.291362,3757840587,3757821915,18672
2.291362,3757840311,3757823375,16936
2.291362,3757841771,3757824835,16936
2.291362,3757841551,3757826295,15256
2.291381,3757841267,3757827755,13512
2.291381,3757840983,3757829215,11768
2.291381,3757842443,3757830675,11768
2.291382,3757842231,3757832135,10096
2.291382,3757841939,3757833595,8344
2.291382,3757841663,3757835055,6608
2.291382,3757842427,3757835819,6608
2.291382,3757848279,3757837279,11000
2.291403,3757848459,3757838739,9720
2.291403,3757848167,3757840199,7968
2.291403,3757847883,3757841659,6224
2.291403,3757850079,3757843119,6960
2.291403,3757851539,3757844579,6960
2.291424,3757851327,3757846039,5288
2.291424,3757851043,3757847499,3544
2.291424,3757851823,3757848279,3544
2.291424,3757853259,3757849739,3520
2.291425,3757853719,3757851199,2520
2.291441,3757856195,3757852659,3536
2.291441,3757856795,3757853259,3536
2.291454,3757858039,3757854719,3320
2.291454,3757857979,3757856179,1800
2.291465,3757858759,3757857639,1120
2.291465,3757859159,3757858039,1120
2.499287,3757908311,3757859159,49152
2.499302,3757909771,3757860619,49152
2.499302,3757909775,3757862079,47696
2.499318,3757909571,3757863539,46032
2.499318,3757909279,3757864999,44280
2.499318,3757910739,3757866459,44280
2.499318,3757910455,3757867919,42536
2.499318,3757910243,3757869379,40864
2.499318,3757909951,3757870839,39112
2.499318,3757911411,3757872299,39112
2.499318,3757911135,3757873759,37376
2.499335,3757910923,3757875219,35704
2.499335,3757910631,3757876679,33952
2.499335,3757912091,3757878139,33952
2.499335,3757911815,3757879599,32216
2.499335,3757911595,3757881059,30536
2.499335,3757911303,3757882519,28784
2.499335,3757912763,3757883979,28784
2.499335,3757912487,3757885439,27048
2.499352,3757912275,3757886899,25376
2.499352,3757911983,3757888359,23624
2.499352,3757911707,3757889819,21888
2.499352,3757913167,3757891279,21888
2.499352,3757912947,3757892739,20208
2.499352,3757912663,3757894199,18464
2.499352,3757912379,3757895659,16720
2.499352,3757913839,3757897119,16720
2.499367,3757913619,3757898579,15040
2.499367,3757913335,3757900039,13296
2.499367,3757913059,3757901499,11560
2.499367,3757914519,3757902959,11560
2.499367,3757914299,3757904419,9880
2.499367,3757914015,3757905879,8136
2.499367,3757913731,3757907339,6392
2.499367,3757914703,3757908311,6392
2.499396,3757919427,3757909771,9656
2.499396,3757920887,3757911231,9656
2.499396,3757920667,3757912691,7976
2.499396,3757920895,3757914151,6744
2.499396,3757921447,3757914703,6744
2.499416,3757924451,3757916163,8288
2.499416,3757924599,3757917623,6976
2.499416,3757924307,3757919083,5224
2.499416,3757924023,3757920543,3480
2.499432,3757926611,3757922003,4608
2.499432,3757926327,3757923463,2864
2.499432,3757927315,3757924451,2864
2.499444,3757928255,3757925911,2344
2.499455,3757929755,3757927371,2384
2.499455,3757930639,3757928255,2384
2.499477,3757933331,3757929715,3616
2.499477,3757932511,3757930639,1872
2.499491,3757935099,3757932099,3000
2.499505,3757936863,3757933559,3304
2.499505,3757936571,3757935019,1552
2.499514,3757936651,3757935099,1552
2.499521,3757939223,3757936559,2664
2.499533,3757941051,3757938019,3032
2.499534,3757940503,3757939223,1280
2.499544,3757942363,3757940683,1680
2.499555,3757944447,3757942143,2304
2.499565,3757944667,3757942363,2304
2.499565,3757946039,3757943823,2216
2.499577,3757946667,3757945283,1384
2.499578,3757947423,3757946039,1384
2.707289,3757996575,3757947423,49152
2.707306,3757998035,3757948883,49152
2.707306,3757997711,3757950343,47368
2.707306,3757997419,3757951803,45616
2.70732,3757997135,3757953263,43872
2.707321,3757998595,3757954723,43872
2.707321,3757998383,3757956183,42200
2.707321,3757998091,3757957643,40448
2.707321,3757997815,3757959103,38712
2.707321,3757999275,3757960563,38712
2.707321,3757999055,3757962023,37032
2.707321,3757998771,3757963483,35288
2.70734,3757998495,3757964943,33552
2.70734,3757999955,3757966403,33552
2.70734,3757999735,3757967863,31872
2.70734,3757999443,3757969323,30120
2.70734,3757999167,3757970783,28384
2.70734,3758000627,3757972243,28384
2.70734,3758000407,3757973703,26704
2.70734,3758000123,3757975163,24960
2.707359,3757999847,3757976623,23224
2.707359,3758001307,3757978083,23224
2.707359,3758001087,3757979543,21544
2.707359,3758000803,3757981003,19800
2.707359,3758000519,3757982463,18056
2.707359,3758001979,3757983923,18056
2.70736,3758001759,3757985383,16376
2.70736,3758001475,3757986843,14632
2.707381,3758001199,3757988303,12896
2.707381,3758002659,3757989763,12896
2.707382,3758002439,3757991223,11216
2.707382,3758002155,3757992683,9472
2.707382,3758001871,3757994143,7728
2.707382,3758003331,3757995603,7728
2.707382,3758002631,3757996575,6056
2.707382,3758008619,3757998035,10584
2.707416,3758008327,3757999495,8832
2.707416,3758008035,3758000955,7080
2.707416,3758011263,3758002415,8848
2.707416,3758011479,3758002631,8848
2.707416,3758011883,3758004091,7792
2.707416,3758011599,3758005551,6048
2.707416,3758011307,3758007011,4296
2.707416,3758012767,3758008471,4296
2.707438,3758015075,3758009931,5144
2.70745,3758015719,3758011391,4328
2.70745,3758017095,3758012767,4328
2.70745,3758017987,3758014227,3760
2.707466,3758019583,3758015687,3896
2.707466,3758019523,3758017147,2376
2.707477,3758020363,3758017987,2376
2.707477,3758020599,3758019447,1152
2.915288,3758069751,3758020599,49152
2.915311,3758071115,3758022059,49056
2.915311,3758070687,3758023519,47168
2.915311,3758070395,3758024979,45416
2.915311,3758071855,3758026439,45416
2.915311,3758071651,3758027899,43752
2.915311,3758071359,3758029359,42000
2.915311,3758071067,3758030819,40248
2.915311,3758072527,3758032279,40248
2.915328,3758072323,3758033739,38584
2.915328,3758072031,3758035199,36832
2.915328,3758071747,3758036659,35088
2.915328,3758073207,3758038119,35088
2.915328,3758073003,3758039579,33424
2.915328,3758072711,3758041039,31672
2.915328,3758072427,3758042499,29928
2.915328,3758073887,3758043959,29928
2.915347,3758073675,3758045419,28256
2.915347,3758073383,3758046879,26504
2.915347,3758073099,3758048339,24760
2.915347,3758074559,3758049799,24760
2.915347,3758074355,3758051259,23096
2.915347,3758074063,3758052719,21344
2.915347,3758073779,3758054179,19600
2.915347,3758075239,3758055639,19600
2.915365,3758075027,3758057099,17928
2.915365,3758074743,3758058559,16184
2.915366,3758074451,3758060019,14432
2.915366,3758075911,3758061479,14432
2.915366,3758075707,3758062939,12768
2.915366,3758075415,3758064399,11016
2.915366,3758075131,3758065859,9272
2.915366,3758076591,3758067319,9272
2.915386,3758076379,3758068779,7600
2.915386,3758075607,3758069751,5856
2.915393,3758081923,3758071211,10712
2.915393,3758081631,3758072671,8960
2.915393,3758083091,3758074131,8960
2.915393,3758082887,3758075591,7296
2.91541,3758084883,3758077051,7832
2.91541,3758084607,3758078511,6096
2.91541,3758086067,3758079971,6096
2.91541,3758085847,3758081431,4416
2.91541,3758086339,3758081923,4416
2.915429,3758086591,3758083383,3208
2.915429,3758088051,3758084843,3208
2.915429,3758088679,3758086303,2376
2.915442,3758087475,3758086339,1136
2.915442,3758089719,3758087799,1920
2.915455,3758091259,3758089259,2000
2.915455,3758091719,3758089719,2000
2.915466,3758092667,3758091179,1488
2.915477,3758094823,3758092639,2184
2.915477,3758094851,3758092667,2184
2.915488,3758096399,3758094127,2272
2.915499,3758098227,3758095587,2640
2.915499,3758097655,3758096399,1256
2.915511,3758098851,3758097859,992
3.123295,3758147827,3758098851,48976
3.123314,3758148935,3758100311,48624
3.123314,3758148563,3758101771,46792
3.123314,3758150023,3758103231,46792
3.123334,3758149803,3758104691,45112
3.123334,3758149519,3758106151,43368
3.123334,3758149235,3758107611,41624
3.123334,3758150695,3758109071,41624
3.123334,3758150475,3758110531,39944
3.123334,3758150191,3758111991,38200
3.123334,3758149915,3758113451,36464
3.123334,3758151375,3758114911,36464
3.123354,3758151147,3758116371,34776
3.123354,3758150871,3758117831,33040
3.123354,3758150587,3758119291,31296
3.123354,3758152047,3758120751,31296
3.123354,3758151819,3758122211,29608
3.123354,3758151543,3758123671,27872
3.123355,3758151259,3758125131,26128
3.123355,3758152719,3758126591,26128
3.123373,3758152483,3758128051,24432
3.123373,3758152223,3758129511,22712
3.123373,3758151939,3758130971,20968
3.123373,3758153399,3758132431,20968
3.123373,3758153155,3758133891,19264
3.123373,3758152895,3758135351,17544
3.123373,3758152619,3758136811,15808
3.123373,3758154079,3758138271,15808
3.123395,3758153819,3758139731,14088
3.123395,3758153575,3758141191,12384
3.123396,3758153291,3758142651,10640
3.123396,3758154751,3758144111,10640
3.123396,3758154491,3758145571,8920
3.123396,3758154247,3758147031,7216
3.123396,3758155043,3758147827,7216
3.123416,3758160383,3758149287,11096
3.123416,3758160107,3758150747,9360
3.123416,3758161567,3758152207,9360
3.123416,3758161307,3758153667,7640
3.123433,3758165407,3758155127,10280
3.123434,3758165291,3758156587,8704
3.123434,3758165007,3758158047,6960
3.123434,3758164723,3758159507,5216
3.123434,3758165599,3758160383,5216
3.12345,3758167843,3758161843,6000
3.123451,3758167551,3758163303,4248
3.123451,3758167275,3758164763,2512
3.123464,3758169127,3758166223,2904
3.123464,3758170587,3758167683,2904
3.123464,3758169075,3758167843,1232
3.123477,3758170991,3758169303,1688
3.123488,3758173515,3758170763,2752
3.123488,3758173743,3758170991,2752
3.123499,3758174811,3758172451,2360
3.123511,3758176535,3758173911,2624
3.123511,3758175875,3758174811,1064
3.331287,3758224563,3758175875,48688
3.33131,3758225151,3758177335,47816
3.331311,3758226611,3758178795,47816
3.331311,3758226399,3758180255,46144
3.331311,3758226107,3758181715,44392
3.331311,3758225823,3758183175,42648
3.331311,3758227283,3758184635,42648
3.331311,3758227071,3758186095,40976
3.331311,3758226787,3758187555,39232
3.331333,3758226495,3758189015,37480
3.331333,3758227955,3758190475,37480
3.331333,3758227751,3758191935,35816
3.331333,3758227459,3758193395,34064
3.331333,3758227175,3758194855,32320
3.331333,3758228635,3758196315,32320
3.331333,3758228423,3758197775,30648
3.331333,3758228139,3758199235,28904
3.331346,3758227847,3758200695,27152
3.331346,3758229307,3758202155,27152
3.331346,3758229103,3758203615,25488
3.331346,3758228819,3758205075,23744
3.331346,3758228527,3758206535,21992
3.331346,3758229987,3758207995,21992
3.331346,3758229775,3758209455,20320
3.331346,3758229491,3758210915,18576
3.331362,3758229199,3758212375,16824
3.331362,3758230659,3758213835,16824
3.331362,3758230455,3758215295,15160
3.331362,3758230171,3758216755,13416
3.331362,3758229879,3758218215,11664
3.331362,3758231339,3758219675,11664
3.331362,3758231135,3758221135,10000
3.331362,3758230843,3758222595,8248
3.331383,3758230551,3758224055,6496
3.331384,3758231059,3758224563,6496
3.331384,3758235703,3758226023,9680
3.331384,3758237163,3758227483,9680
3.331384,3758236959,3758228943,8016
3.331384,3758236667,3758230403,6264
3.331403,3758238959,3758231863,7096
3.331403,3758240419,3758233323,7096
3.331403,3758240207,3758234783,5424
3.331403,3758239383,3758235703,3680
3.331403,3758240843,3758237163,3680
3.331421,3758241175,3758238623,2552
3.331421,3758241451,3758240083,1368
3.539292,3758290603,3758241451,49152
3.53931,3758291015,3758242911,48104
3.53931,3758292475,3758244371,48104
3.53931,3758292223,3758245831,46392
3.53931,3758291939,3758247291,44648
3.53933,3758291655,3758248751,42904
3.539331,3758293115,3758250211,42904
3.539331,3758292895,3758251671,41224
3.539331,3758292619,3758253131,39488
3.539331,3758292327,3758254591,37736
3.539331,3758293787,3758256051,37736
3.539331,3758293575,3758257511,36064
3.539331,3758293291,3758258971,34320
3.53935,3758293007,3758260431,32576
3.539351,3758294467,3758261891,32576
3.539351,3758294247,3758263351,30896
3.539351,3758293971,3758264811,29160
3.539351,3758293679,3758266271,27408
3.539351,3758295139,3758267731,27408
3.539351,3758294919,3758269191,25728
3.539351,3758294651,3758270651,24000
3.539367,3758294359,3758272111,22248
3.539367,3758295819,3758273571,22248
3.539367,3758295583,3758275031,20552
3.539368,3758295323,3758276491,18832
3.539368,3758295031,3758277951,17080
3.539368,3758296491,3758279411,17080
3.539368,3758296255,3758280871,15384
3.539368,3758296003,3758282331,13672
3.539388,3758295711,3758283791,11920
3.539388,3758297171,3758285251,11920
3.539388,3758296927,3758286711,10216
3.539388,3758296675,3758288171,8504
3.539388,3758296383,3758289631,6752
3.539389,3758297355,3758290603,6752
3.539389,3758302719,3758292063,10656
3.539389,3758302443,3758293523,8920
3.539412,3758302151,3758294983,7168
3.539412,3758303611,3758296443,7168
3.539412,3758306015,3758297903,8112
3.539412,3758306011,3758299363,6648
3.539412,3758305727,3758300823,4904
3.539428,3758305451,3758302283,3168
3.539429,3758305887,3758302719,3168
3.539429,3758307331,3758304179,3152
3.539429,3758308791,3758305639,3152
3.539447,3758310227,3758307099,3128
3.539447,3758310459,3758307331,3128
3.539447,3758310935,3758308791,2144
3.539461,3758313051,3758310251,2800
3.539461,3758313259,3758310459,2800
3.539472,3758314647,3758311919,2728
3.539483,3758315851,3758313379,2472
3.539483,3758315375,3758314647,728
3.747287,3758364527,3758315375,49152
3.747303,3758365987,3758316835,49152
3.747303,3758365951,3758318295,47656
3.747303,3758365659,3758319755,45904
3.747321,3758365383,3758321215,44168
3.747321,3758366843,3758322675,44168
3.747321,3758366623,3758324135,42488
3.747321,3758366339,3758325595,40744
3.747321,3758366055,3758327055,39000
3.747322,3758367515,3758328515,39000
3.747322,3758367303,3758329975,37328
3.747322,3758367019,3758331435,35584
3.747334,3758366735,3758332895,33840
3.747334,3758368195,3758334355,33840
3.747334,3758367975,3758335815,32160
3.747334,3758367691,3758337275,30416
3.747334,3758367407,3758338735,28672
3.747335,3758368867,3758340195,28672
3.747335,3758368655,3758341655,27000
3.747335,3758368371,3758343115,25256
3.74735,3758368087,3758344575,23512
3.74735,3758369547,3758346035,23512
3.74735,3758369335,3758347495,21840
3.74735,3758369043,3758348955,20088
3.74735,3758368759,3758350415,18344
3.74735,3758370219,3758351875,18344
3.74735,3758370007,3758353335,16672
3.747351,3758369715,3758354795,14920
3.747371,3758369439,3758356255,13184
3.747371,3758370899,3758357715,13184
3.747371,3758370687,3758359175,11512
3.747371,3758370395,3758360635,9760
3.747371,3758370119,3758362095,8024
3.747371,3758371579,3758363555,8024
3.747371,3758370863,3758364527,6336
3.747392,3758375451,3758365987,9464
3.747392,3758375335,3758367447,7888
3.747392,3758375043,3758368907,6136
3.747392,3758378183,3758370367,7816
3.747392,3758378679,3758370863,7816
3.747414,3758379811,3758372323,7488
3.747414,3758379519,3758373783,5736
3.747414,3758380979,3758375243,5736
3.747414,3758380903,3758376703,4200
3.747414,3758380931,3758378163,2768
3.74743,3758383175,3758379623,3552
3.74743,3758382131,3758379811,2320
3.747442,3758385183,3758381271,3912
3.747442,3758384891,3758382731,2160
3.747454,3758385671,3758384191,1480
3.747454,3758386663,3758385183,1480
3.747477,3758389771,3758386643,3128
3.747477,3758388551,3758386663,1888
3.747492,3758390643,3758388123,2520
3.747492,3758392103,3758389583,2520
3.747506,3758393379,3758391043,2336
3.747506,3758394439,3758392103,2336
3.747521,3758395379,3758393563,1816
3.747521,3758396255,3758394439,1816
3.747535,3758397723,3758395899,1824
3.747535,3758398079,3758396255,1824
3.747546,3758399427,3758397715,1712
3.747557,3758401135,3758399175,1960
3.747557,3758400107,3758399427,680
3.747568,3758401599,3758400887,712
3.955287,3758450751,3758401599,49152
3.955309,3758451531,3758403059,48472
3.955309,3758451167,3758404519,46648
3.955309,3758452627,3758405979,46648
3.955309,3758452415,3758407439,44976
3.955309,3758452131,3758408899,43232
3.955309,3758451839,3758410359,41480
3.955309,3758453299,3758411819,41480
3.955309,3758453095,3758413279,39816
3.955339,3758452803,3758414739,38064
3.955339,3758452519,3758416199,36320
3.955339,3758453979,3758417659,36320
3.955339,3758453767,3758419119,34648
3.955339,3758453483,3758420579,32904
3.955339,3758453191,3758422039,31152
3.955339,3758454651,3758423499,31152
3.955339,3758454447,3758424959,29488
3.955358,3758454155,3758426419,27736
3.955358,3758453871,3758427879,25992
3.955358,3758455331,3758429339,25992
3.955358,3758455119,3758430799,24320
3.955358,3758454835,3758432259,22576
3.955358,3758454543,3758433719,20824
3.955358,3758456003,3758435179,20824
3.955358,3758455799,3758436639,19160
3.955376,3758455507,3758438099,17408
3.955376,3758455223,3758439559,15664
3.955376,3758456683,3758441019,15664
3.955376,3758456479,3758442479,14000
3.955376,3758456187,3758443939,12248
3.955376,3758455895,3758445399,10496
3.955377,3758457355,3758446859,10496
3.955377,3758457151,3758448319,8832
3.9554,3758456859,3758449779,7080
3.9554,3758457831,3758450751,7080
3.9554,3758464651,3758452211,12440
3.9554,3758464367,3758453671,10696
3.955401,3758464083,3758455131,8952
3.955401,3758465543,3758456591,8952
3.955417,3758467435,3758458051,9384
3.955418,3758467143,3758459511,7632
3.955433,3758468603,3758460971,7632
3.955433,3758468391,3758462431,5960
3.955434,3758468107,3758463891,4216
3.955434,3758468867,3758464651,4216
3.955434,3758468687,3758466111,2576
3.95545,3758471867,3758467571,4296
3.955462,3758473311,3758469031,4280
3.955462,3758474771,3758470491,4280
3.955473,3758474443,3758471867,2576
3.955473,3758475895,3758473327,2568
3.955486,3758476531,3758474787,1744
3.955486,3758477639,3758475895,1744
3.955499,3758479307,3758477355,1952
3.955499,3758478223,3758477639,584
3.95551,3758480891,3758479099,1792
3.955521,3758481383,3758480559,824
3.955521,3758481715,3758480891,824
4.1633,3758530819,3758481715,49104
4.163327,3758531287,3758483175,48112
4.163327,3758532747,3758484635,48112
4.163327,3758532495,3758486095,46400
4.163327,3758532203,3758487555,44648
4.163327,3758531927,3758489015,42912
4.163327,3758533387,3758490475,42912
4.16335,3758533167,3758491935,41232
4.163351,3758532883,3758493395,39488
4.163351,3758532599,3758494855,37744
4.163351,3758534059,3758496315,37744
4.163351,3758533847,3758497775,36072
4.163351,3758533555,3758499235,34320
4.163351,3758533279,3758500695,32584
4.163351,3758534739,3758502155,32584
4.163373,3758534511,3758503615,30896
4.163373,3758534235,3758505075,29160
4.163373,3758533951,3758506535,27416
4.163373,3758535411,3758507995,27416
4.163373,3758535183,3758509455,25728
4.163373,3758534907,3758510915,23992
4.163373,3758534631,3758512375,22256
4.163373,3758536091,3758513835,22256
4.163393,3758535847,3758515295,20552
4.163393,3758535587,3758516755,18832
4.163393,3758535303,3758518215,17088
4.163393,3758536763,3758519675,17088
4.163394,3758536519,3758521135,15384
4.163394,3758536267,3758522595,13672
4.163394,3758535983,3758524055,11928
4.163394,3758537443,3758525515,11928
4.163415,3758537183,3758526975,10208
4.163415,3758536939,3758528435,8504
4.163415,3758536655,3758529895,6760
4.163415,3758537579,3758530819,6760
4.163415,3758544695,3758532279,12416
4.163438,3758544547,3758533739,10808
4.163438,3758544263,3758535199,9064
4.163438,3758543979,3758536659,7320
4.163438,3758547647,3758538119,9528
4.163438,3758547867,3758539579,8288
4.163438,3758547655,3758541039,6616
4.163438,3758547371,3758542499,4872
4.163459,3758548831,3758543959,4872
4.163459,3758547815,3758544695,3120
4.163459,3758549587,3758546155,3432
4.163459,3758551047,3758547615,3432
4.163477,3758553091,3758549075,4016
4.163477,3758552083,3758549587,2496
4.163477,3758553543,3758551047,2496
4.16349,3758555011,3758552507,2504
4.163501,3758556959,3758553967,2992
4.163501,3758556507,3758555011,1496
4.163512,3758558551,3758556471,2080
4.163524,3758559291,3758557931,1360
4.163524,3758559911,3758558551,1360
4.371288,3758609063,3758559911,49152
4.371312,3758609787,3758561371,48416
4.371313,3758609431,3758562831,46600
4.371313,3758610891,3758564291,46600
4.371313,3758610679,3758565751,44928
4.371313,3758610387,3758567211,43176
4.371313,3758610103,3758568671,41432
4.371313,3758611563,3758570131,41432
4.371313,3758611351,3758571591,39760
4.371329,3758611067,3758573051,38016
4.371329,3758610783,3758574511,36272
4.371329,3758612243,3758575971,36272
4.371329,3758612031,3758577431,34600
4.371329,3758611747,3758578891,32856
4.371329,3758611455,3758580351,31104
4.371329,3758612915,3758581811,31104
4.37133,3758612703,3758583271,29432
4.37135,3758612419,3758584731,27688
4.37135,3758612127,3758586191,25936
4.37135,3758613587,3758587651,25936
4.37135,3758613383,3758589111,24272
4.37135,3758613099,3758590571,22528
4.37135,3758612807,3758592031,20776
4.37135,3758614267,3758593491,20776
4.37135,3758614063,3758594951,19112
4.371367,3758613771,3758596411,17360
4.371368,3758613479,3758597871,15608
4.371368,3758614939,3758599331,15608
4.371368,3758614735,3758600791,13944
4.371368,3758614451,3758602251,12200
4.371368,3758614159,3758603711,10448
4.371368,3758615619,3758605171,10448
4.371368,3758615415,3758606631,8784
4.371391,3758615123,3758608091,7032
4.371391,3758616095,3758609063,7032
4.371391,3758620459,3758610523,9936
4.371391,3758621919,3758611983,9936
4.371391,3758621707,3758613443,8264
4.371391,3758621423,3758614903,6520
4.371409,3758624667,3758616363,8304
4.371409,3758624655,3758617823,6832
4.371409,3758624363,3758619283,5080
4.37141,3758625539,3758620459,5080
4.371427,3758625335,3758621919,3416
4.371427,3758626483,3758623379,3104
4.371427,3758627383,3758624839,2544
4.371427,3758626827,3758625539,1288
4.371442,3758629431,3758626999,2432
4.371453,3758631027,3758628459,2568
4.371453,3758630431,3758629431,1000
4.371464,3758632611,3758630891,1720
4.371475,3758633143,3758632351,792
4.371475,3758633403,3758632611,792
4.579292,3758682307,3758633403,48904
4.57931,3758683863,3758634863,49000
4.57931,3758683443,3758636323,47120
4.57931,3758683159,3758637783,45376
4.579331,3758684619,3758639243,45376
4.579331,3758684399,3758640703,43696
4.579331,3758684123,3758642163,41960
4.579331,3758683831,3758643623,40208
4.579331,3758685291,3758645083,40208
4.579331,3758685079,3758646543,38536
4.579331,3758684795,3758648003,36792
4.579331,3758684511,3758649463,35048
4.579351,3758685971,3758650923,35048
4.579351,3758685751,3758652383,33368
4.579352,3758685475,3758653843,31632
4.579352,3758685183,3758655303,29880
4.579352,3758686643,3758656763,29880
4.579352,3758686431,3758658223,28208
4.579352,3758686147,3758659683,26464
4.579352,3758685863,3758661143,24720
4.579364,3758687323,3758662603,24720
4.579364,3758687111,3758664063,23048
4.579364,3758686827,3758665523,21304
4.579364,3758686535,3758666983,19552
4.579364,3758687995,3758668443,19552
4.579364,3758687783,3758669903,17880
4.579364,3758687499,3758671363,16136
4.579364,3758687215,3758672823,14392
4.579386,3758688675,3758674283,14392
4.579386,3758688463,3758675743,12720
4.579386,3758688179,3758677203,10976
4.579386,3758687895,3758678663,9232
4.579386,3758689355,3758680123,9232
4.579386,3758689135,3758681583,7552
4.579386,3758688115,3758682307,5808
4.579386,3758693895,3758683767,10128
4.579408,3758695355,3758685227,10128
4.579408,3758695135,3758686687,8448
4.579408,3758697611,3758688147,9464
4.579408,3758697327,3758689607,7720
4.579427,3758697035,3758691067,5968
4.579427,3758698495,3758692527,5968
4.579427,3758698191,3758693895,4296
4.579427,3758698835,3758695355,3480
4.579427,3758699903,3758696815,3088
4.579444,3758702499,3758698275,4224
4.579444,3758703059,3758698835,4224
4.579456,3758704231,3758700295,3936
4.579456,3758704371,3758701755,2616
4.579469,3758704863,3758703215,1648
4.579469,3758705879,3758704231,1648
4.579481,3758707867,3758705691,2176
4.579492,3758708055,3758705879,2176
4.579492,3758708123,3758707339,784
4.787286,3758757275,3758708123,49152
4.787303,3758757759,3758709583,48176
4.787303,3758759219,3758711043,48176
4.787303,3758758911,3758712503,46408
4.787303,3758758675,3758713963,44712
4.787322,3758758391,3758715423,42968
4.787322,3758759851,3758716883,42968
4.787322,3758759575,3758718343,41232
4.787323,3758759355,3758719803,39552
4.787323,3758759063,3758721263,37800
4.787323,3758760523,3758722723,37800
4.787323,3758760247,3758724183,36064
4.787323,3758760027,3758725643,34384
4.78734,3758759743,3758727103,32640
4.78734,3758761203,3758728563,32640
4.78734,3758760919,3758730023,30896
4.78734,3758760707,3758731483,29224
4.787341,3758760415,3758732943,27472
4.787341,3758761875,3758734403,27472
4.787341,3758761599,3758735863,25736
4.787341,3758761387,3758737323,24064
4.787356,3758761095,3758738783,22312
4.787356,3758762555,3758740243,22312
4.787356,3758762271,3758741703,20568
4.787357,3758762059,3758743163,18896
4.787357,3758761767,3758744623,17144
4.787357,3758763227,3758746083,17144
4.787357,3758762951,3758747543,15408
4.787357,3758762739,3758749003,13736
4.787376,3758762447,3758750463,11984
4.787376,3758763907,3758751923,11984
4.787376,3758763631,3758753383,10248
4.787376,3758763411,3758754843,8568
4.787376,3758763119,3758756303,6816
4.787376,3758764091,3758757275,6816
4.787376,3758769047,3758758735,10312
4.787376,3758769187,3758760195,8992
4.787403,3758768903,3758761655,7248
4.787403,3758768619,3758763115,5504
4.787403,3758771007,3758764575,6432
4.787403,3758772467,3758766035,6432
4.787403,3758772215,3758767495,4720
4.787403,3758771971,3758768955,3016
4.787403,3758772063,3758769047,3016
4.787425,3758774939,3758770507,4432
4.787425,3758775391,3758771967,3424
4.787438,3758776291,3758773427,2864
4.787438,3758777751,3758774887,2864
4.787449,3758777803,3758774939,2864
4.787449,3758779255,3758776399,2856
4.787463,3758780851,3758777859,2992
4.787463,3758780847,3758779255,1592
4.787481,3758782371,3758780715,1656
4.787481,3758782503,3758780847,1656
4.787495,3758784875,3758782307,2568
4.787507,3758786575,3758783767,2808
4.787507,3758787683,3758784875,2808
4.78752,3758788799,3758786335,2464
4.787533,3758790619,3758787795,2824
4.787533,3758789951,3758788799,1152
4.787545,3758792283,3758790259,2024
4.787557,3758794031,3758791719,2312
4.787557,3758793115,3758792283,832
4.787568,3758794871,3758793743,1128
4.995287,3758844023,3758794871,49152
4.995309,3758845283,3758796331,48952
4.99531,3758844871,3758797791,47080
4.99531,3758844587,3758799251,45336
4.99531,3758846047,3758800711,45336
4.99531,3758845827,3758802171,43656
4.99531,3758845543,3758803631,41912
4.99531,3758845259,3758805091,40168
4.99531,3758846719,3758806551,40168
4.995329,3758846499,3758808011,38488
4.995329,3758846223,3758809471,36752
4.995329,3758845939,3758810931,35008
4.995329,3758847399,3758812391,35008
4.995329,3758847179,3758813851,33328
4.995329,3758846903,3758815311,31592
4.995329,3758846611,3758816771,29840
4.995329,3758848071,3758818231,29840
4.995349,3758847851,3758819691,28160
4.995349,3758847575,3758821151,26424
4.995349,3758847291,3758822611,24680
4.995349,3758848751,3758824071,24680
4.995349,3758848531,3758825531,23000
4.995349,3758848255,3758826991,21264
4.995349,3758847963,3758828451,19512
4.995349,3758849423,3758829911,19512
4.995367,3758849211,3758831371,17840
4.995367,3758848927,3758832831,16096
4.995367,3758848643,3758834291,14352
4.995367,3758850103,3758835751,14352
4.995367,3758849883,3758837211,12672
4.995368,3758849607,3758838671,10936
4.995368,3758849315,3758840131,9184
4.995368,3758850775,3758841591,9184
4.995393,3758850563,3758843051,7512
4.995393,3758849791,3758844023,5768
4.995393,3758857075,3758845483,11592
4.995393,3758857263,3758846943,10320
4.995393,3758856971,3758848403,8568
4.995408,3758856687,3758849863,6824
4.995408,3758859443,3758851323,8120
4.995421,3758859167,3758852783,6384
4.995421,3758860627,3758854243,6384
4.995421,3758860407,3758855703,4704
4.995421,3758860035,3758857075,2960
4.995421,3758861007,3758858535,2472
4.995438,3758863195,3758859995,3200
4.99545,3758864791,3758861455,3336
4.99545,3758866251,3758862915,3336
4.99545,3758864859,3758863195,1664
4.995466,3758867519,3758864655,2864
4.995466,3758867971,3758866115,1856
4.995479,3758869791,3758867575,2216
4.99548,3758868659,3758867971,688
4.99549,3758870639,3758869431,1208
5.203294,3758919663,3758870639,49024
5.203315,3758920147,3758872099,48048
5.203315,3758921607,3758873559,48048
5.203315,3758921363,3758875019,46344
5.203315,3758921079,3758876479,44600
5.203334,3758920795,3758877939,42856
5.203334,3758922255,3758879399,42856
5.203334,3758922035,3758880859,41176
5.203334,3758921751,3758882319,39432
5.203334,3758921467,3758883779,37688
5.203334,3758922927,3758885239,37688
5.203334,3758922715,3758886699,36016
5.203334,3758922431,3758888159,34272
5.203355,3758922147,3758889619,32528
5.203355,3758923607,3758891079,32528
5.203355,3758923387,3758892539,30848
5.203355,3758923111,3758893999,29112
5.203355,3758922819,3758895459,27360
5.203355,3758924279,3758896919,27360
5.203355,3758924059,3758898379,25680
5.203355,3758923783,3758899839,23944
5.203376,3758923499,3758901299,22200
5.203376,3758924959,3758902759,22200
5.203376,3758924739,3758904219,20520
5.203376,3758924463,3758905679,18784
5.203376,3758924171,3758907139,17032
5.203376,3758925631,3758908599,17032
5.203376,3758925419,3758910059,15360
5.203376,3758925135,3758911519,13616
5.203398,3758924851,3758912979,11872
5.203398,3758926311,3758914439,11872
5.203398,3758926091,3758915899,10192
5.203398,3758925815,3758917359,8456
5.203399,3758925523,3758918819,6704
5.203399,3758926367,3758919663,6704
5.203399,3758932835,3758921123,11712
5.203399,3758932551,3758922583,9968
5.203411,3758932267,3758924043,8224
5.203411,3758933727,3758925503,8224
5.203424,3758935899,3758926963,8936
5.203424,3758936047,3758928423,7624
5.203424,3758935755,3758929883,5872
5.203424,3758935471,3758931343,4128
5.203424,3758936679,3758932551,4128
5.203442,3758938315,3758934011,4304
5.203442,3758938031,3758935471,2560
5.203455,3758939747,3758936931,2816
5.203455,3758941131,3758938315,2816
5.203468,3758942399,3758939775,2624
5.203468,3758942003,3758941131,872
5.411287,3758990811,3758942003,48808
5.411312,3758992191,3758943463,48728
5.411312,3758991795,3758944923,46872
5.411312,3758993255,3758946383,46872
5.411312,3758992971,3758947843,45128
5.411312,3758992759,3758949303,43456
5.411312,3758992475,3758950763,41712
5.411312,3758993935,3758952223,41712
5.411312,3758993643,3758953683,39960
5.411333,3758993431,3758955143,38288
5.411333,3758993147,3758956603,36544
5.411333,3758994607,3758958063,36544
5.411333,3758994323,3758959523,34800
5.411333,3758994111,3758960983,33128
5.411333,3758993827,3758962443,31384
5.411333,3758995287,3758963903,31384
5.411333,3758994995,3758965363,29632
5.411348,3758994791,3758966823,27968
5.411348,3758994499,3758968283,26216
5.411348,3758994215,3758969743,24472
5.411348,3758995675,3758971203,24472
5.411348,3758995463,3758972663,22800
5.411348,3758995179,3758974123,21056
5.411348,3758994887,3758975583,19304
5.411348,3758996347,3758977043,19304
5.411367,3758996143,3758978503,17640
5.411367,3758995851,3758979963,15888
5.411367,3758995567,3758981423,14144
5.411367,3758997027,3758982883,14144
5.411367,3758996815,3758984343,12472
5.411367,3758996531,3758985803,10728
5.411367,3758996239,3758987263,8976
5.411367,3758997699,3758988723,8976
5.411391,3758997495,3758990183,7312
5.411391,3758998123,3758990811,7312
5.411391,3759003167,3758992271,10896
5.411391,3759002875,3758993731,9144
5.411391,3759004335,3758995191,9144
5.411415,3759006531,3758996651,9880
5.411415,3759006239,3758998111,8128
5.411415,3759006251,3758998123,8128
5.411415,3759006695,3758999583,7112
5.411415,3759006411,3759001043,5368
5.411415,3759007871,3759002503,5368
5.411415,3759007619,3759003963,3656
5.411438,3759009391,3759005423,3968
5.411438,3759010091,3759006883,3208
5.411438,3759011079,3759007871,3208
5.411454,3759012851,3759009331,3520
5.411454,3759013391,3759010791,2600
5.411454,3759013679,3759011079,2600
5.411466,3759014579,3759012539,2040
5.411478,3759016175,3759013999,2176
5.411478,3759016755,3759014579,2176
5.411489,3759018303,3759016039,2264
5.4115,3759019219,3759017499,1720
5.4115,3759020023,3759018303,1720
5.411513,3759020483,3759019763,720
5.411513,3759020743,3759020023,720
5.619288,3759069895,3759020743,49152
5.619305,3759071203,3759022203,49000
5.619305,3759070775,3759023663,47112
5.619305,3759070491,3759025123,45368
5.619325,3759071951,3759026583,45368
5.619325,3759071739,3759028043,43696
5.619325,3759071455,3759029503,41952
5.619325,3759071163,3759030963,40200
5.619325,3759072623,3759032423,40200
5.619325,3759072419,3759033883,38536
5.619325,3759072127,3759035343,36784
5.619325,3759071843,3759036803,35040
5.619345,3759073303,3759038263,35040
5.619345,3759073091,3759039723,33368
5.619345,3759072807,3759041183,31624
5.619345,3759072515,3759042643,29872
5.619345,3759073975,3759044103,29872
5.619345,3759073771,3759045563,28208
5.619345,3759073479,3759047023,26456
5.619345,3759073195,3759048483,24712
5.61936,3759074655,3759049943,24712
5.61936,3759074451,3759051403,23048
5.61936,3759074159,3759052863,21296
5.61936,3759073867,3759054323,19544
5.61936,3759075327,3759055783,19544
5.61936,3759075123,3759057243,17880
5.61936,3759074831,3759058703,16128
5.61936,3759074547,3759060163,14384
5.619376,3759076007,3759061623,14384
5.619376,3759075803,3759063083,12720
5.619376,3759075511,3759064543,10968
5.619376,3759075227,3759066003,9224
5.619376,3759076687,3759067463,9224
5.619376,3759076475,3759068923,7552
5.619376,3759075695,3759069895,5800
5.619396,3759082427,3759071355,11072
5.619396,3759083887,3759072815,11072
5.619396,3759083619,3759074275,9344
5.619396,3759083383,3759075735,7648
5.619416,3759084779,3759077195,7584
5.619416,3759086239,3759078655,7584
5.619416,3759086035,3759080115,5920
5.619417,3759085743,3759081575,4168
5.619417,3759086595,3759082427,4168
5.619417,3759086383,3759083887,2496
5.619433,3759088835,3759085347,3488
5.619445,3759089503,3759086807,2696
5.619445,3759090963,3759088267,2696
5.619445,3759089867,3759088835,1032
5.619458,3759091439,3759090295,1144
5.827287,3759139879,3759091439,48440
5.827308,3759142051,3759092899,49152
5.827308,3759141703,3759094359,47344
5.827308,3759141411,3759095819,45592
5.827308,3759142871,3759097279,45592
5.827308,3759142587,3759098739,43848
5.827308,3759142375,3759100199,42176
5.827309,3759142091,3759101659,40432
5.827309,3759143551,3759103119,40432
5.827332,3759143259,3759104579,38680
5.827332,3759143055,3759106039,37016
5.827332,3759142763,3759107499,35264
5.827332,3759142479,3759108959,33520
5.827332,3759143939,3759110419,33520
5.827332,3759143727,3759111879,31848
5.827332,3759143443,3759113339,30104
5.827332,3759143151,3759114799,28352
5.827351,3759144611,3759116259,28352
5.827352,3759144407,3759117719,26688
5.827352,3759144115,3759119179,24936
5.827352,3759143823,3759120639,23184
5.827352,3759145283,3759122099,23184
5.827352,3759145071,3759123559,21512
5.827352,3759144787,3759125019,19768
5.827352,3759144495,3759126479,18016
5.827368,3759145955,3759127939,18016
5.827368,3759145751,3759129399,16352
5.827368,3759145459,3759130859,14600
5.827368,3759145175,3759132319,12856
5.827368,3759146635,3759133779,12856
5.827369,3759146431,3759135239,11192
5.827369,3759146139,3759136699,9440
5.827369,3759145847,3759138159,7688
5.82739,3759147307,3759139619,7688
5.82739,3759147567,3759139879,7688
5.82739,3759152987,3759141339,11648
5.82739,3759152703,3759142799,9904
5.82739,3759152419,3759144259,8160
5.82739,3759153879,3759145719,8160
5.827414,3759155011,3759147179,7832
5.827414,3759155399,3759147567,7832
5.827414,3759155363,3759149027,6336
5.827414,3759156823,3759150487,6336
5.827414,3759156611,3759151947,4664
5.827414,3759156479,3759153407,3072
5.827435,3759158123,3759154867,3256
5.827435,3759160183,3759156327,3856
5.827435,3759159251,3759156611,2640
5.82745,3759160807,3759158071,2736
5.82745,3759162451,3759159531,2920
5.827463,3759163703,3759160991,2712
5.827463,3759163419,3759162451,968
6.035341,3759212387,3759163419,48968
6.035381,3759212999,3759164879,48120
6.035381,3759214459,3759166339,48120
6.035391,3759214215,3759167799,46416
6.035391,3759213923,3759169259,44664
6.035391,3759213639,3759170719,42920
6.035391,3759215099,3759172179,42920
6.035391,3759214879,3759173639,41240
6.035392,3759214595,3759175099,39496
6.035392,3759214311,3759176559,37752
6.035392,3759215771,3759178019,37752
6.035402,3759215551,3759179479,36072
6.035402,3759215275,3759180939,34336
6.035402,3759214991,3759182399,32592
6.035403,3759216451,3759183859,32592
6.035403,3759216215,3759185319,30896
6.035403,3759215955,3759186779,29176
6.035403,3759215663,3759188239,27424
6.035403,3759217123,3759189699,27424
6.035412,3759216879,3759191159,25720
6.035412,3759216627,3759192619,24008
6.035412,3759216343,3759194079,22264
6.035412,3759217803,3759195539,22264
6.035412,3759217551,3759196999,20552
6.035412,3759217307,3759198459,18848
6.035412,3759217015,3759199919,17096
6.035412,3759218475,3759201379,17096
6.035425,3759218223,3759202839,15384
6.035425,3759217979,3759204299,13680
6.035425,3759217695,3759205759,11936
6.035425,3759219155,3759207219,11936
6.035425,3759218887,3759208679,10208
6.035425,3759218659,3759210139,8520
6.035425,3759218367,3759211599,6768
6.035425,3759219155,3759212387,6768
6.03544,3759220183,3759213847,6336
6.03544,3759219899,3759215307,4592
6.03544,3759219607,3759216767,2840
6.03544,3759221067,3759218227,2840
6.035449,3759223327,3759219687,3640
6.035449,3759223823,3759220183,3640
6.035462,3759223771,3759221643,2128
6.035462,3759225231,3759223103,2128
6.035492,3759225603,3759224563,1040
6.035492,3759226271,3759225231,1040
6.243381,3759275423,3759226271,49152
6.243433,3759276883,3759227731,49152
6.243433,3759276879,3759229191,47688
6.243433,3759276675,3759230651,46024
6.243434,3759276383,3759232111,44272
6.243434,3759277843,3759233571,44272
6.243434,3759277559,3759235031,42528
6.243434,3759277347,3759236491,40856
6.243434,3759277063,3759237951,39112
6.24347,3759278523,3759239411,39112
6.24347,3759278231,3759240871,37360
6.24347,3759278027,3759242331,35696
6.24347,3759277735,3759243791,33944
6.24347,3759279195,3759245251,33944
6.24347,3759278911,3759246711,32200
6.24347,3759278699,3759248171,30528
6.24347,3759278415,3759249631,28784
6.243496,3759279875,3759251091,28784
6.243497,3759279583,3759252551,27032
6.243497,3759279379,3759254011,25368
6.243497,3759279087,3759255471,23616
6.243497,3759280547,3759256931,23616
6.243497,3759280263,3759258391,21872
6.243497,3759280051,3759259851,20200
6.243497,3759279767,3759261311,18456
6.243522,3759281227,3759262771,18456
6.243522,3759280935,3759264231,16704
6.243522,3759280731,3759265691,15040
6.243522,3759280447,3759267151,13296
6.243523,3759280155,3759268611,11544
6.243523,3759281615,3759270071,11544
6.243523,3759281403,3759271531,9872
6.243523,3759281119,3759272991,8128
6.243558,3759280827,3759274451,6376
6.243558,3759281799,3759275423,6376
6.243558,3759293307,3759276883,16424
6.243558,3759294767,3759278343,16424
6.243558,3759294555,3759279803,14752
6.243599,3759297951,3759281263,16688
6.243599,3759298487,3759281799,16688
6.243599,3759299779,3759283259,16520
6.243599,3759299999,3759284719,15280
6.243599,3759299731,3759286179,13552
6.243599,3759299447,3759287639,11808
6.243599,3759300907,3759289099,11808
6.243599,3759300671,3759290559,10112
6.243631,3759300411,3759292019,8392
6.243631,3759300119,3759293479,6640
6.243631,3759303955,3759294939,9016
6.243631,3759303671,3759296399,7272
6.243631,3759305131,3759297859,7272
6.243665,3759307719,3759299319,8400
6.243665,3759308519,3759300119,8400
6.243665,3759309099,3759301579,7520
6.243665,3759308815,3759303039,5776
6.243665,3759310115,3759304499,5616
6.243692,3759312527,3759305959,6568
6.243692,3759312235,3759307419,4816
6.243692,3759313983,3759308879,5104
6.243715,3759315219,3759310115,5104
6.243715,3759316815,3759311575,5240
6.243716,3759317947,3759313035,4912
6.243739,3759319455,3759314495,4960
6.24374,3759320179,3759315219,4960
6.24374,3759320055,3759316679,3376
6.243762,3759323403,3759318139,5264
6.243762,3759324311,3759319599,4712
6.243763,3759323411,3759320179,3232
6.24378,3759325519,3759321639,3880
6.24378,3759326979,3759323099,3880
6.243802,3759329007,3759324559,4448
6.243802,3759328215,3759325519,2696
6.243802,3759328899,3759326979,1920
6.24382,3759331255,3759328439,2816
6.243843,3759334323,3759329899,4424
6.243843,3759334447,3759331255,3192
6.243861,3759337059,3759332715,4344
6.243861,3759336775,3759334175,2600
6.243878,3759340235,3759335635,4600
6.243878,3759340427,3759337059,3368
6.2439,3759342511,3759338519,3992
6.2439,3759342627,3759339979,2648
6.243922,3759345607,3759341439,4168
6.243922,3759344927,3759342511,2416
6.243955,3759347507,3759343971,3536
6.243956,3759348967,3759345431,3536
6.243999,3759355627,3759346891,8736
6.243999,3759356243,3759347507,8736
6.244,3759357319,3759348967,8352
6.244026,3759358907,3759350427,8480
6.244026,3759360367,3759351887,8480
6.244026,3759360083,3759353347,6736
6.244026,3759359871,3759354807,5064
6.244027,3759360723,3759356267,4456
6.244027,3759360535,3759357319,3216
6.244053,3759363883,3759358779,5104
6.244053,3759363599,3759360239,3360
6.244075,3759366187,3759361699,4488
6.244075,3759365903,3759363159,2744
6.244075,3759366627,3759363883,2744
6.244093,3759368855,3759365343,3512
6.244113,3759371859,3759366803,5056
6.244113,3759371575,3759368263,3312
6.244113,3759372167,3759368855,3312
6.244132,3759375507,3759370315,5192
6.244132,3759375319,3759371775,3544
6.244156,3759377715,3759373235,4480
6.244156,3759377431,3759374695,2736
6.244156,3759378243,3759375507,2736
6.244173,3759380007,3759376967,3040
6.244193,3759382795,3759378427,4368
6.244193,3759382511,3759379887,2624
6.244193,3759382631,3759380007,2624
6.244211,3759385539,3759381467,4072
6.24423,3759388191,3759382927,5264
6.244231,3759387907,3759384387,3520
6.244231,3759389059,3759385539,3520
6.244252,3759391655,3759386999,4656
6.244266,3759392795,3759388459,4336
6.244266,3759391731,3759389059,2672
6.244266,3759393935,3759390519,3416
6.244288,3759396355,3759391979,4376
6.2443,3759397399,3759393439,3960
6.2443,3759397895,3759393935,3960
6.2443,3759398083,3759395395,2688
6.244317,3759400703,3759396855,3848
6.244356,3759402811,3759398315,4496
6.244356,3759402527,3759399775,2752
6.244356,3759403455,3759400703,2752
6.244385,3759410779,3759402163,8616
6.244407,3759412831,3759403623,9208
6.244408,3759412979,3759405083,7896
6.244408,3759412687,3759406543,6144
6.244408,3759412403,3759408003,4400
6.244408,3759413863,3759409463,4400
6.244408,3759413515,3759410779,2736
6.244438,3759417191,3759412239,4952
6.244438,3759417635,3759413699,3936
6.244461,3759419399,3759415159,4240
6.244461,3759420859,3759416619,4240
6.244461,3759419687,3759417191,2496
6.244483,3759423619,3759418651,4968
6.244484,3759423423,3759420111,3312
6.244506,3759426475,3759421571,4904
6.244506,3759426191,3759423031,3160
6.244506,3759426779,3759423619,3160
6.244527,3759429871,3759425079,4792
6.244543,3759431011,3759426539,4472
6.244543,3759431251,3759426779,4472
6.244543,3759431679,3759428239,3440
6.244543,3759433139,3759429699,3440
6.244568,3759434247,3759431159,3088
6.244569,3759434339,3759431251,3088
6.244569,3759436463,3759432711,3752
6.244589,3759438403,3759434171,4232
6.244601,3759439327,3759435631,3696
6.244601,3759440159,3759436463,3696
6.244602,3759441011,3759437923,3088
6.244642,3759442943,3759439383,3560
6.244642,3759443719,3759440159,3560
6.244672,3759450259,3759441619,8640
6.244685,3759450431,3759443079,7352
6.244685,3759451071,3759443719,7352
6.244685,3759452619,3759445179,7440
6.244708,3759452759,3759446639,6120
6.244708,3759452475,3759448099,4376
6.244708,3759452183,3759449559,2624
6.244708,3759454691,3759451019,3672
6.244708,3759454407,3759452479,1928
6.244708,3759454547,3759452619,1928
6.244732,3759458807,3759454079,4728
6.244755,3759461035,3759455539,5496
6.244755,3759461255,3759456999,4256
6.244755,3759460995,3759458459,2536
6.244755,3759461343,3759458807,2536
6.244776,3759463707,3759460267,3440
6.244807,3759466047,3759461727,4320
6.244807,3759467507,3759463187,4320
6.244807,3759466347,3759463707,2640
6.244841,3759472703,3759465167,7536
6.244841,3759474235,3759466627,7608
6.244864,3759476287,3759468087,8200
6.244864,3759476507,3759469547,6960
6.244864,3759476255,3759471007,5248
6.244864,3759475971,3759472467,3504
6.244864,3759476207,3759472703,3504
6.244865,3759476843,3759474163,2680
6.244888,3759480135,3759475623,4512
6.244909,3759482643,3759477083,5560
6.244909,3759482871,3759478543,4328
6.244909,3759482611,3759480003,2608
6.244909,3759482743,3759480135,2608
6.244929,3759485915,3759481595,4320
6.24496,3759488063,3759483055,5008
6.24496,3759487779,3759484515,3264
6.24496,3759487427,3759485915,1512
6.244989,3759493767,3759487375,6392
6.24501,3759496635,3759488835,7800
6.24501,3759496351,3759490295,6056
6.24501,3759496067,3759491755,4312
6.245011,3759497527,3759493215,4312
6.245011,3759496407,3759493767,2640
6.245038,3759499619,3759495227,4392
6.245038,3759501327,3759496687,4640
6.24506,3759503571,3759498147,5424
6.24506,3759503511,3759499607,3904
6.24506,3759503523,3759499619,3904
6.24506,3759504247,3759501079,3168
6.245083,3759506755,3759502539,4216
6.245095,3759508119,3759503999,4120
6.245095,3759507151,3759504247,2904
6.245095,3759508531,3759505707,2824
6.245111,3759511535,3759507167,4368
6.245131,3759513579,3759508627,4952
6.245131,3759513551,3759510087,3464
6.245131,3759513247,3759511535,1712
6.245149,3759516555,3759512995,3560
6.645204,3759562147,3759512995,49152
6.645204,3759562147,3759512995,49152
