t,ack,win_raw,redge_est
5.3e-05,230636686,230587534,49152
0.001041,230636778,230588994,47784
0.001041,230638238,230590454,47784
0.001054,230628250,230591914,36336
0.001062,230629710,230593374,36336
0.001062,230631394,230594834,36560
0.001062,230632854,230596294,36560
0.001062,230634314,230597754,36560
0.001062,230635774,230599214,36560
0.001062,230637234,230600674,36560
0.001062,230638694,230602134,36560
0.001101,230638522,230603594,34928
0.001101,230638310,230605054,33256
0.001101,230639770,230606514,33256
0.001101,230641230,230607974,33256
0.001101,230642690,230609434,33256
0.001101,230644150,230610894,33256
0.001118,230641578,230612354,29224
0.001118,230643038,230613814,29224
0.001118,230644498,230615274,29224
0.001118,230645958,230616734,29224
0.001187,230647154,230618194,28960
0.001187,230648614,230619654,28960
0.001187,230650074,230621114,28960
0.001187,230651534,230622574,28960
0.001187,230652994,230624034,28960
0.001187,230654454,230625494,28960
0.001187,230654162,230626954,27208
0.001206,230655622,230628414,27208
0.001206,230657082,230629874,27208
0.001206,230658694,230631334,27360
0.001279,230660058,230632794,27264
0.001279,230661518,230634254,27264
0.001279,230662978,230635714,27264
0.001279,230664438,230637174,27264
0.001279,230665898,230638634,27264
0.001279,230667358,230640094,27264
0.001279,230668818,230641554,27264
0.001295,230670278,230643014,27264
0.001295,230669738,230644474,25264
0.001295,230671198,230645934,25264
0.001369,230671034,230647394,23640
0.001369,230672494,230648854,23640
0.001369,230673954,230650314,23640
0.001369,230675414,230651774,23640
0.00137,230676874,230653234,23640
0.00137,230678334,230654694,23640
0.00137,230679794,230656154,23640
0.001387,230681254,230657614,23640
0.001387,230682714,230659074,23640
0.001387,230683934,230660534,23400
0.001461,230684626,230661994,22632
0.001462,230686086,230663454,22632
0.001462,230687546,230664914,22632
0.001462,230689006,230666374,22632
0.001462,230690466,230667834,22632
0.001462,230690254,230669294,20960
0.001462,230691714,230670754,20960
0.001477,230693174,230672214,20960
0.001477,230694634,230673674,20960
0.001478,230696662,230675134,21528
0.001549,230698194,230676594,21600
0.00156,230699654,230678054,21600
0.001561,230701114,230679514,21600
0.001561,230702574,230680974,21600
0.001561,230704034,230682434,21600
0.001561,230705494,230683894,21600
0.001561,230706954,230685354,21600
0.001561,230708414,230686814,21600
0.001576,230707706,230688274,19432
0.001576,230709166,230689734,19432
0.001643,230710226,230691194,19032
0.001643,230711686,230692654,19032
0.001643,230713146,230694114,19032
0.001644,230714606,230695574,19032
0.001644,230716066,230697034,19032
0.001644,230717526,230698494,19032
0.001644,230718986,230699954,19032
0.001661,230720446,230701414,19032
0.001661,230720442,230702874,17568
0.001661,230721902,230704334,17568
0.001732,230723626,230705794,17832
0.001744,230725086,230707254,17832
0.001744,230726546,230708714,17832
0.001744,230728006,230710174,17832
0.001744,230727722,230711634,16088
0.001744,230729182,230713094,16088
0.001744,230730642,230714554,16088
0.001744,230732102,230716014,16088
0.001759,230733178,230717474,15704
0.001759,230734638,230718934,15704
0.001839,230736610,230720394,16216
0.001839,230738070,230721854,16216
0.00184,230739530,230723314,16216
0.00184,230740990,230724774,16216
0.00184,230742450,230726234,16216
0.00184,230743910,230727694,16216
0.00184,230745370,230729154,16216
0.001855,230746830,230730614,16216
0.001855,230745682,230732074,13608
0.001855,230747142,230733534,13608
0.001917,230747354,230734994,12360
0.001917,230748814,230736454,12360
0.001917,230750274,230737914,12360
0.001917,230751734,230739374,12360
0.001917,230753194,230740834,12360
0.001917,230754654,230742294,12360
0.001917,230756114,230743754,12360
0.001931,230757574,230745214,12360
0.001931,230759034,230746674,12360
0.001931,230759878,230748134,11744
0.002005,230761850,230749594,12256
0.002017,230763310,230751054,12256
0.002017,230764770,230752514,12256
0.002018,230764566,230753974,10592
0.002018,230766026,230755434,10592
0.002018,230767486,230756894,10592
0.002018,230768946,230758354,10592
0.002018,230770406,230759814,10592
0.002032,230771154,230761274,9880
0.002032,230772614,230762734,9880
0.002099,230772802,230764194,8608
0.002099,230774262,230765654,8608
0.002099,230775722,230767114,8608
0.002099,230777182,230768574,8608
0.002099,230778642,230770034,8608
0.002099,230780102,230771494,8608
0.002099,230781562,230772954,8608
0.002112,230783022,230774414,8608
0.002112,230782738,230775874,6864
0.002112,230785118,230777334,7784
0.002188,230786226,230778794,7432
0.0022,230787686,230780254,7432
0.0022,230789146,230781714,7432
0.0022,230790606,230783174,7432
0.0022,230792066,230784634,7432
0.0022,230793526,230786094,7432
0.0022,230794986,230787554,7432
0.0022,230796446,230789014,7432
0.002216,230797738,230790474,7264
0.002216,230797854,230790590,7264
0.002266,230802210,230792050,10160
0.002276,230803670,230793510,10160
0.002276,230805130,230794970,10160
0.002276,230806590,230796430,10160
0.002286,230805154,230797890,7264
0.002286,230806614,230799350,7264
0.002286,230808074,230800810,7264
0.002286,230808766,230801502,7264
0.002332,230816746,230802962,13784
0.002344,230809686,230804422,5264
0.002356,230811146,230805882,5264
0.002356,230812606,230807342,5264
0.002356,230814066,230808802,5264
0.002356,230815750,230810262,5488
0.002356,230817210,230811722,5488
0.002356,230817862,230812374,5488
0.002413,230819282,230813834,5448
0.002413,230820742,230815294,5448
0.002413,230822202,230816754,5448
0.002413,230823662,230818214,5448
0.002413,230825122,230819674,5448
0.002413,230826582,230821134,5448
0.002413,230826734,230821286,5448
0.002462,230828210,230822746,5464
0.002469,230829670,230824206,5464
0.002469,230831130,230825666,5464
0.002469,230832590,230827126,5464
0.002469,230834022,230828558,5464
0.002515,230837306,230830018,7288
0.002515,230838766,230831478,7288
0.002515,230840226,230832938,7288
0.002515,230841310,230834022,7288
0.002541,230839114,230835482,3632
0.002551,230840574,230836942,3632
0.002551,230842034,230838402,3632
0.002551,230843494,230839862,3632
0.002551,230844942,230841310,3632
0.002593,230848002,230842770,5232
0.002602,230849686,230844230,5456
0.002602,230851146,230845690,5456
0.002602,230852222,230846766,5456
0.002621,230854178,230848226,5952
0.002621,230855862,230849686,6176
0.002631,230858554,230851146,7408
0.002644,230859278,230852222,7056
0.002657,230856706,230853682,3024
0.002667,230858166,230855142,3024
0.002667,230859626,230856602,3024
0.002667,230861086,230858062,3024
0.002696,230864762,230859522,5240
0.002706,230866222,230860982,5240
0.002706,230866558,230861318,5240
0.002714,230867306,230862778,4528
0.002714,230868766,230864238,4528
0.002736,230871154,230865698,5456
0.002745,230872014,230866558,5456
0.002753,230872370,230868018,4352
0.002753,230873830,230869478,4352
0.002762,230874570,230870938,3632
0.002775,230875646,230872014,3632
0.002775,230877466,230873474,3992
0.002792,230879678,230874934,4744
0.002802,230879646,230875646,4000
0.002802,230881106,230877106,4000
0.002815,230882926,230878566,4360
0.002839,230883674,230880026,3648
0.002839,230884754,230881106,3648
0.002851,230886574,230882566,4008
0.002872,230889490,230884026,5464
0.002872,230890218,230884754,5464
0.002886,230892038,230886214,5824
0.002894,230891306,230887674,3632
0.002894,230892766,230889134,3632
0.002894,230893850,230890218,3632
0.002919,230896174,230891678,4496
0.002929,230896778,230893138,3640
0.002929,230897490,230893850,3640
0.002934,230899310,230895310,4000
0.002959,230900186,230896770,3416
0.00296,230901646,230898230,3416
0.00296,230902726,230899310,3416
0.002983,230906370,230900770,5600
0.002991,230907830,230902230,5600
0.002996,230906726,230902726,4000
0.003003,230908186,230904186,4000
0.003012,230908542,230905646,2896
0.003012,230910002,230907106,2896
0.003036,230912214,230908566,3648
0.003036,230913650,230910002,3648
0.003051,230916446,230911462,4984
0.003063,230916562,230912922,3640
0.003063,230917290,230913650,3640
0.003077,230919110,230915110,4000
0.003091,230920210,230916570,3640
0.003091,230920930,230917290,3640
0.003104,230922758,230918750,4008
0.003114,230924578,230920210,4368
0.003129,230924446,230921670,2776
0.003129,230925534,230922758,2776
0.003129,230926994,230924218,2776
0.003154,230928718,230925678,3040
0.003154,230930034,230926994,3040
0.003181,230932094,230928454,3640
0.003181,230933554,230929914,3640
0.003181,230933674,230930034,3640
0.003206,230935622,230931494,4128
0.003206,230937314,230932954,4360
0.003233,230938174,230934414,3760
0.003234,230939258,230935498,3760
0.003234,230940718,230936958,3760
0.003258,230943530,230938418,5112
0.003258,230944370,230939258,5112
0.003274,230946190,230940718,5472
0.003286,230945810,230942178,3632
0.003286,230947270,230943638,3632
0.003286,230948002,230944370,3632
0.00331,230949934,230945830,4104
0.00332,230951394,230947290,4104
0.00332,230952106,230948002,4104
0.003329,230953462,230949462,4000
0.003338,230955282,230950922,4360
0.00335,230956022,230952382,3640
0.00335,230957102,230953462,3640
0.003361,230958922,230954922,4000
0.003374,230960022,230956382,3640
0.003383,230960742,230957102,3640
0.003389,230961098,230958562,2536
0.003389,230962558,230960022,2536
0.003415,230965122,230961482,3640
0.003415,230966198,230962558,3640
0.003429,230968154,230964018,4136
0.003443,230969118,230965478,3640
0.003443,230969838,230966198,3640
0.003453,230971658,230967658,4000
0.003466,230972622,230969118,3504
0.003481,230974218,230970578,3640
0.003482,230975298,230971658,3640
0.003507,230977526,230973118,4408
0.003507,230978986,230974578,4408
0.003507,230979706,230975298,4408
0.003533,230979398,230976758,2640
0.003533,230980858,230978218,2640
0.003533,230982318,230979678,2640
0.003533,230982346,230979706,2640
0.003559,230984806,230981166,3640
0.003559,230985986,230982346,3640
0.003584,230987446,230983806,3640
0.003584,230988906,230985266,3640
0.003584,230989626,230985986,3640
0.003611,230991086,230987446,3640
0.003611,230992546,230988906,3640
0.003611,230993266,230989626,3640
0.003636,230995454,230991086,4368
0.003636,230996914,230992546,4368
0.003664,230997998,230994006,3992
0.003664,230999090,230995098,3992
0.003664,231000550,230996558,3992
0.00369,231001658,230998018,3640
0.00369,231003118,230999478,3640
0.00369,231004190,231000550,3640
0.003715,231005762,231002010,3752
0.003715,231007222,231003470,3752
0.003715,231007942,231004190,3752
0.003741,231009178,231005650,3528
0.003748,231010638,231007110,3528
0.003748,231011470,231007942,3528
0.003765,231014282,231009402,4880
0.003782,231015398,231010862,4536
0.003782,231016006,231011470,4536
0.003782,231016930,231012930,4000
0.003804,231017806,231014390,3416
0.003812,231019266,231015850,3416
0.003812,231020346,231016930,3416
0.003842,231022070,231018390,3680
0.003842,231023530,231019850,3680
0.003842,231024026,231020346,3680
0.00387,231027630,231021806,5824
0.00387,231029450,231023266,6184
0.003898,231028366,231024726,3640
0.003899,231029826,231026186,3640
0.003899,231031286,231027646,3640
0.003899,231032746,231029106,3640
0.003899,231033090,231029450,3640
0.003928,231036734,231030910,5824
0.003938,231037834,231032370,5464
0.003938,231038554,231033090,5464
0.00395,231038910,231034550,4360
0.00395,231040370,231036010,4360
0.003962,231041102,231037470,3632
0.003962,231042186,231038554,3632
0.003975,231044006,231040014,3992
0.003989,231045114,231041474,3640
0.003989,231045826,231042186,3640
0.004003,231047646,231043646,4000
0.004015,231049466,231045106,4360
0.004028,231050206,231046566,3640
0.004028,231051286,231047646,3640
0.004041,231053106,231049106,4000
0.004054,231054206,231050566,3640
0.004054,231054926,231051286,3640
0.004065,231056562,231052746,3816
0.00408,231058334,231054206,4128
0.004093,231059266,231055666,3600
0.004093,231060162,231056562,3600
0.004107,231061974,231058022,3952
0.00412,231063122,231059482,3640
0.004121,231063802,231060162,3640
0.004133,231065622,231061622,4000
0.004143,231067434,231063082,4352
0.004159,231068070,231064542,3528
0.004159,231069150,231065622,3528
0.004159,231070610,231067082,3528
0.004184,231072294,231068542,3752
0.004184,231072902,231069150,3752
0.004184,231074362,231070610,3752
0.004212,231074246,231072070,2176
0.004212,231075706,231073530,2176
0.004212,231076538,231074362,2176
0.004236,231079462,231075822,3640
0.004236,231080178,231076538,3640
0.004251,231082310,231077998,4312
0.004264,231083098,231079458,3640
0.004264,231083818,231080178,3640
0.004276,231085638,231081638,4000
0.004287,231087458,231083098,4360
0.0043,231087998,231084558,3440
0.004306,231089078,231085638,3440
0.004313,231091106,231087098,4008
0.004328,231091214,231088558,2656
0.004328,231091734,231089078,2656
0.004329,231093194,231090538,2656
0.004353,231095366,231091998,3368
0.004353,231096562,231093194,3368
0.004368,231098382,231094654,3728
0.00438,231099522,231096114,3408
0.00438,231100202,231096562,3640
0.004394,231101790,231098022,3768
0.004407,231103610,231099482,4128
0.004419,231104582,231100942,3640
0.004419,231105430,231101790,3640
0.00443,231107250,231103250,4000
0.004445,231107438,231104710,2728
0.004445,231108158,231105430,2728
0.004445,231109618,231106890,2728
0.004471,231111438,231108350,3088
0.004471,231112706,231109618,3088
0.004497,231114718,231111078,3640
0.004497,231116178,231112538,3640
0.004497,231116346,231112706,3640
0.004522,231118526,231114166,4360
0.004522,231119986,231115626,4360
0.00455,231121078,231117086,3992
0.00455,231122162,231118170,3992
0.00455,231123622,231119630,3992
0.004574,231125634,231121090,4544
0.004583,231126706,231122162,4544
0.004591,231127630,231123622,4008
0.004591,231129090,231125082,4008
0.004604,231130742,231126542,4200
0.004604,231130906,231126706,4200
0.004615,231132726,231128166,4560
0.004627,231134546,231129626,4920
0.004641,231134718,231131086,3632
0.004641,231136178,231132546,3632
0.004641,231136358,231132726,3632
0.004655,231138178,231134186,3992
0.004665,231139998,231135646,4352
0.004681,231139850,231137106,2744
0.004681,231140354,231138178,2176
0.004681,231141814,231139638,2176
0.004705,231144514,231141098,3416
0.004705,231145230,231141814,3416
0.00472,231147738,231143274,4464
0.004731,231148374,231144734,3640
0.004731,231148870,231145230,3640
0.004744,231150690,231146690,4000
0.004758,231151486,231148150,3336
0.004758,231152946,231149610,3336
0.004758,231154026,231150690,3336
0.004784,231154686,231152150,2536
0.004784,231156146,231153610,2536
0.004784,231156562,231154026,2536
0.004809,231158710,231155486,3224
0.00481,231159786,231156562,3224
0.004848,231163430,231158022,5408
0.004882,231166770,231159482,7288
0.004882,231167074,231159786,7288
0.004882,231168902,231161246,7656
0.004897,231170722,231162706,8016
0.00491,231172534,231164166,8368
0.004919,231172282,231165626,6656
0.004919,231171998,231167086,4912
0.004919,231173458,231168546,4912
0.004929,231175454,231170006,5448
0.004929,231176170,231170722,5448
0.004952,231179590,231172182,7408
0.004958,231181050,231173642,7408
0.004964,231180334,231175102,5232
0.004973,231181402,231176170,5232
0.004977,231182318,231177630,4688
0.004984,231183778,231179090,4688
0.00499,231185038,231180550,4488
0.005003,231188322,231182010,6312
0.005016,231188366,231183470,4896
0.005022,231188674,231183778,4896
0.00503,231187566,231185238,2328
0.005038,231189026,231186698,2328
0.005038,231190486,231188158,2328
0.005057,231193266,231189618,3648
0.005057,231194134,231190486,3648
0.005083,231195586,231191946,3640
0.005084,231197046,231193406,3640
0.005084,231197774,231194134,3640
0.005111,231199234,231195594,3640
0.005111,231200694,231197054,3640
0.005111,231201414,231197774,3640
0.005135,231203594,231199234,4360
0.005135,231205054,231200694,4360
0.005163,231206146,231202154,3992
0.005163,231207230,231203238,3992
0.005163,231208690,231204698,3992
0.005186,231211262,231206158,5104
0.005195,231212334,231207230,5104
0.005204,231212690,231208690,4000
0.005204,231214150,231210150,4000
0.005216,231215242,231211610,3632
0.005216,231215966,231212334,3632
0.005227,231217794,231213794,4000
0.005239,231218902,231215254,3648
0.005247,231219614,231215966,3648
0.005253,231219970,231217426,2544
0.005253,231221430,231218886,2544
0.00528,231223762,231220346,3416
0.00528,231224846,231221430,3416
0.005307,231226530,231222890,3640
0.005307,231227990,231224350,3640
0.005307,231228486,231224846,3640
0.005332,231229946,231226306,3640
0.005332,231231406,231227766,3640
0.005332,231232126,231228486,3640
0.005357,231234314,231229946,4368
0.005357,231235774,231231406,4368
0.005384,231236858,231232866,3992
0.005384,231237950,231233958,3992
0.005384,231239410,231235418,3992
0.00541,231240526,231236878,3648
0.00541,231241986,231238338,3648
0.00541,231243058,231239410,3648
0.005435,231244510,231240870,3640
0.005435,231245970,231242330,3640
0.005435,231246698,231243058,3640
0.00546,231248158,231244518,3640
0.00547,231249618,231245978,3640
0.00547,231250338,231246698,3640
0.005479,231252158,231248158,4000
0.005489,231253978,231249618,4360
0.005501,231254718,231251078,3640
0.005501,231255798,231252158,3640
0.005515,231257618,231253618,4000
0.005526,231258718,231255078,3640
0.005526,231259438,231255798,3640
0.005539,231260474,231257258,3216
0.005552,231262854,231258718,4136
0.005564,231264194,231260178,4016
0.005574,231264490,231260474,4016
0.005574,231265950,231261934,4016
0.005584,231267066,231263394,3672
0.005593,231267214,231264854,2360
0.005593,231268310,231265950,2360
0.005617,231271050,231267410,3640
0.005617,231271950,231268310,3640
0.005632,231274314,231269770,4544
0.005645,231274870,231271230,3640
0.005645,231275590,231271950,3640
0.005656,231277410,231273410,4000
0.005669,231278630,231274870,3760
0.005676,231280090,231276330,3760
0.005685,231281050,231277410,3640
0.005694,231282870,231278870,4000
0.00571,231282514,231280330,2184
0.00571,231283234,231281050,2184
0.00571,231284694,231282510,2184
0.005735,231287610,231283970,3640
0.005735,231288334,231284694,3640
0.005749,231290154,231286154,4000
0.005763,231291254,231287614,3640
0.005763,231291974,231288334,3640
0.005774,231293794,231289794,4000
0.005789,231294894,231291254,3640
0.005789,231295614,231291974,3640
0.005804,231297434,231293434,4000
0.005817,231299254,231294894,4360
0.005841,231299994,231296354,3640
0.005841,231301074,231297434,3640
0.005841,231302894,231298894,4000
0.005877,231305586,231300354,5232
0.005877,231306306,231301074,5232
0.005891,231309950,231302534,7416
0.005906,231309450,231303994,5456
0.005906,231310910,231305454,5456
0.005906,231311762,231306306,5456
0.005919,231312118,231307766,4352
0.005919,231313578,231309226,4352
0.005933,231316182,231310686,5496
0.005946,231317218,231311762,5456
0.005957,231316998,231313222,3776
0.005957,231318458,231314682,3776
0.005957,231319918,231316142,3776
0.005983,231321826,231317602,4224
0.005983,231322682,231318458,4224
0.005998,231324502,231319918,4584
0.006009,231326322,231321378,4944
0.006023,231326470,231322838,3632
0.006023,231327930,231324298,3632
0.006023,231328134,231324502,3632
0.006035,231329954,231325962,3992
0.006046,231331774,231327422,4352
0.006063,231331346,231328882,2464
0.006063,231332418,231329954,2464
0.006063,231333878,231331414,2464
0.006086,231336226,231332874,3352
0.006086,231337230,231333878,3352
0.006101,231339050,231335338,3712
0.006112,231340438,231336798,3640
0.006113,231340870,231337230,3640
0.006125,231342458,231338690,3768
0.006138,231343950,231340150,3800
0.006148,231345410,231341610,3800
0.006148,231344506,231342458,2048
0.006158,231347342,231343918,3424
0.006167,231347914,231345378,2536
0.006179,231349238,231346838,2400
0.006179,231349742,231347342,2400
0.006202,231353386,231348802,4584
0.006231,231353894,231350262,3632
0.006231,231355354,231351722,3632
0.006232,231356814,231353182,3632
0.006232,231357018,231353386,3632
0.006259,231359694,231354846,4848
0.006259,231361154,231356306,4848
0.006259,231361866,231357018,4848
0.006284,231360910,231358478,2432
0.006284,231362370,231359938,2432
0.006284,231363830,231361398,2432
0.006284,231364298,231361866,2432
0.006308,231367942,231363326,4616
0.006322,231369258,231364786,4472
0.006322,231370594,231366122,4472
0.006349,231370382,231367582,2800
0.006349,231371842,231369042,2800
0.006349,231373302,231370502,2800
0.006349,231373394,231370594,2800
0.006373,231375702,231372054,3648
0.006373,231377042,231373394,3648
0.006387,231378862,231374854,4008
0.0064,231379954,231376314,3640
0.0064,231380682,231377042,3640
0.006413,231382502,231378502,4000
0.006425,231383602,231379962,3640
0.006425,231384322,231380682,3640
0.00644,231385918,231382142,3776
0.006452,231387738,231383602,4136
0.006465,231388702,231385062,3640
0.006465,231389558,231385918,3640
0.006479,231391378,231387378,4000
0.006493,231392478,231388838,3640
0.006493,231393198,231389558,3640
0.006504,231395018,231391018,4000
0.006516,231396838,231392478,4360
0.006532,231397578,231393938,3640
0.006532,231398658,231395018,3640
0.006545,231400478,231396478,4000
0.006558,231401578,231397938,3640
0.006558,231402298,231398658,3640
0.00657,231404126,231400118,4008
0.006581,231405946,231401578,4368
0.006596,231405214,231403038,2176
0.006596,231406302,231404126,2176
0.006596,231407762,231405586,2176
0.006622,231410686,231407046,3640
0.006622,231411402,231407762,3640
0.006636,231413510,231409222,4288
0.006649,231414322,231410682,3640
0.006649,231415042,231411402,3640
0.006661,231416862,231412862,4000
0.006672,231418682,231414322,4360
0.006686,231419422,231415782,3640
0.006686,231420502,231416862,3640
0.006702,231422322,231418322,4000
0.006714,231423198,231419782,3416
0.006714,231424150,231420502,3648
0.006725,231425738,231421962,3776
0.00674,231426830,231423422,3408
0.00674,231427558,231424150,3408
0.006754,231429378,231425610,3768
0.006766,231430710,231427070,3640
0.006766,231431198,231427558,3640
0.006779,231433018,231429018,4000
0.00679,231434838,231430478,4360
0.006804,231435578,231431938,3640
0.006804,231436658,231433018,3640
0.006817,231438478,231434478,4000
0.006842,231439578,231435938,3640
0.006842,231440298,231436658,3640
0.006842,231442118,231438118,4000
0.006868,231445762,231439578,6184
0.006882,231446502,231441038,5464
0.006882,231447582,231442118,5464
0.006899,231447938,231443578,4360
0.006899,231449398,231445038,4360
0.006913,231450130,231446498,3632
0.006913,231451214,231447582,3632
0.006927,231453034,231449042,3992
0.006939,231454142,231450502,3640
0.006939,231454854,231451214,3640
0.00695,231456674,231452674,4000
0.006959,231458502,231454134,4368
0.006973,231459242,231455594,3648
0.006973,231460322,231456674,3648
0.006987,231462142,231458134,4008
0.007001,231463002,231459594,3408
0.007001,231463962,231460322,3640
0.007012,231465550,231461782,3768
0.007025,231466650,231463242,3408
0.007025,231467370,231463962,3408
0.007039,231469190,231465422,3768
0.007052,231470522,231466882,3640
0.007052,231471010,231467370,3640
0.007064,231472830,231468830,4000
0.007076,231473874,231470290,3584
0.007082,231475334,231471750,3584
0.007091,231476470,231472830,3640
0.007102,231478290,231474290,4000
0.007115,231477958,231475750,2208
0.007121,231478678,231476470,2208
0.007121,231480138,231477930,2208
0.007142,231482998,231479390,3608
0.007142,231483746,231480138,3608
0.007156,231485622,231481598,4024
0.00717,231486698,231483058,3640
0.00717,231487386,231483746,3640
0.007182,231488790,231485206,3584
0.007182,231489206,231485622,3584
0.007196,231491026,231487082,3944
0.007207,231492846,231488542,4304
0.007222,231492690,231490002,2688
0.007222,231493714,231491026,2688
0.007222,231495174,231492486,2688
0.007246,231497082,231493946,3136
0.007246,231498310,231495174,3136
0.007273,231500274,231496634,3640
0.007273,231501734,231498094,3640
0.007273,231501950,231498310,3640
0.007299,231503898,231499770,4128
0.007299,231505590,231501230,4360
0.007325,231506714,231502690,4024
0.007325,231507534,231503510,4024
0.007325,231508994,231504970,4024
0.007352,231510070,231506430,3640
0.007352,231511530,231507890,3640
0.007352,231512634,231508994,3640
0.007377,231515062,231510454,4608
0.007377,231516522,231511914,4608
0.007378,231517242,231512634,4608
0.007402,231518454,231514094,4360
0.007409,231519914,231515554,4360
0.007409,231521374,231517014,4360
0.007418,231521730,231517242,4488
0.007431,231523550,231518702,4848
0.007446,231523794,231520162,3632
0.007446,231525254,231521622,3632
0.007446,231525362,231521730,3632
0.007461,231527182,231523190,3992
0.007471,231529002,231524650,4352
0.007482,231529758,231526110,3648
0.007482,231530830,231527182,3648
0.007494,231532650,231528642,4008
0.007509,231532950,231530102,2848
0.007509,231533678,231530830,2848
0.007509,231535138,231532290,2848
0.007532,231536718,231533750,2968
0.007541,231538106,231535138,2968
0.007548,231539926,231536598,3328
0.007561,231541698,231538058,3640
0.007561,231541746,231538106,3640
0.007572,231543566,231539566,4000
0.007585,231543602,231541026,2576
0.007591,231545062,231542486,2576
0.007599,231547206,231543566,3640
0.00761,231548338,231545026,3312
0.007625,231549902,231546486,3416
0.007625,231550846,231547206,3640
0.007652,231552082,231548666,3416
0.007652,231553542,231550126,3416
0.007652,231554262,231550846,3416
0.007675,231557906,231552306,5600
0.007692,231557766,231553766,4000
0.007692,231558262,231554262,4000
0.007693,231559722,231555722,4000
0.007708,231561542,231557182,4360
0.007718,231562282,231558642,3640
0.007718,231563362,231559722,3640
0.007731,231565182,231561182,4000
0.007742,231566290,231562642,3648
0.007742,231567010,231563362,3648
0.007755,231568574,231564822,3752
0.007755,231570034,231566282,3752
0.007781,231570182,231567742,2440
0.007781,231571014,231568574,2440
0.007782,231572474,231570034,2440
0.007808,231575134,231571494,3640
0.007808,231576114,231572474,3640
0.007839,231577574,231573934,3640
0.00784,231579034,231575394,3640
0.00784,231579754,231576114,3640
0.007867,231583398,231577574,5824
0.007886,231584626,231579034,5592
0.007886,231585346,231579754,5592
0.007886,231587038,231581214,5824
0.007898,231588634,231582674,5960
0.007914,231587542,231584134,3408
0.007914,231589002,231585594,3408
0.007914,231590670,231587038,3632
0.007938,231593162,231588498,4664
0.007938,231594622,231589958,4664
0.007938,231595334,231590670,4664
0.007965,231594514,231592130,2384
0.007965,231595974,231593590,2384
0.007965,231597434,231595050,2384
0.007965,231597718,231595334,2384
0.00799,231600434,231596794,3640
0.00799,231601358,231597718,3640
0.008005,231604530,231599178,5352
0.008018,231604278,231600638,3640
0.008018,231604998,231601358,3640
0.008028,231605354,231602818,2536
0.008034,231606814,231604278,2536
0.008053,231609378,231605738,3640
0.008062,231610454,231606814,3640
0.00807,231612274,231608274,4000
0.00808,231613374,231609734,3640
0.008089,231614094,231610454,3640
0.008095,231614450,231611914,2536
0.008095,231615910,231613374,2536
0.008119,231618474,231614834,3640
0.008128,231619550,231615910,3640
0.008135,231621370,231617370,4000
0.008146,231622470,231618830,3640
0.008146,231623190,231619550,3640
0.00816,231624234,231621010,3224
0.008172,231626830,231622470,4360
0.008184,231627194,231623930,3264
0.008194,231627498,231624234,3264
0.008194,231628958,231625694,3264
0.008203,231630466,231627154,3312
0.008214,231631718,231628614,3104
0.008214,231632286,231628958,3328
0.008226,231633882,231630418,3464
0.008239,231635294,231631878,3416
0.008239,231635702,231632286,3416
0.008251,231637522,231633746,3776
0.008263,231639342,231635206,4136
0.008277,231640306,231636666,3640
0.008277,231641162,231637522,3640
0.008288,231642982,231638982,4000
0.008303,231643242,231640442,2800
0.008303,231643962,231641162,2800
0.008303,231645422,231642622,2800
0.008329,231647106,231644082,3024
0.008329,231648446,231645422,3024
0.008356,231651130,231646882,4248
0.008356,231652590,231648342,4248
0.008356,231652694,231648446,4248
0.008381,231654266,231649906,4360
0.008381,231655726,231651366,4360
0.008408,231656818,231652826,3992
0.008408,231657902,231653910,3992
0.008408,231659362,231655370,3992
0.008432,231661406,231656830,4576
0.008441,231662478,231657902,4576
0.008449,231663362,231659362,4000
0.008449,231664822,231660822,4000
0.008459,231666450,231662282,4168
0.008459,231666646,231662478,4168
0.008472,231667882,231663938,3944
0.008484,231668910,231665398,3512
0.00849,231670370,231666858,3512
0.008499,231672106,231667882,4224
0.00851,231673694,231669342,4352
0.008524,231674210,231670802,3408
0.00853,231675514,231672106,3408
0.00853,231675742,231673566,2176
0.008549,231678666,231675026,3640
0.008557,231679154,231675514,3640
0.008564,231680982,231676974,4008
0.008576,231682082,231678434,3648
0.008585,231682802,231679154,3648
0.00859,231684294,231680614,3680
0.00859,231685754,231682074,3680
0.008616,231686038,231683534,2504
0.008616,231686798,231684294,2504
0.008616,231688258,231685754,2504
0.008641,231690854,231687214,3640
0.008641,231691898,231688258,3640
0.008655,231694622,231689718,4904
0.008668,231694818,231691178,3640
0.008668,231695538,231691898,3640
0.008682,231697358,231693358,4000
0.008693,231699178,231694818,4360
0.008707,231699918,231696278,3640
0.008708,231700998,231697358,3640
0.008721,231702818,231698818,4000
0.008733,231703926,231700278,3648
0.008733,231704646,231700998,3648
0.008745,231706466,231702458,4008
0.00876,231707142,231703918,3224
0.00876,231708602,231705378,3224
0.008771,231710106,231706466,3640
0.008786,231709862,231707926,1936
0.008786,231711322,231709386,1936
0.008786,231712042,231710106,1936
0.00881,231714862,231711566,3296
0.008819,231715562,231712042,3520
0.008844,231717158,231713502,3656
0.008873,231720202,231714962,5240
0.008873,231720802,231715562,5240
0.008873,231722614,231717022,5592
0.00889,231726266,231718482,7784
0.008902,231727222,231719942,7280
0.008902,231728082,231720802,7280
0.008914,231726974,231722262,4712
0.008922,231728434,231723722,4712
0.008922,231729894,231725182,4712
0.00894,231730274,231726642,3632
0.008947,231731734,231728102,3632
0.008947,231733194,231729562,3632
0.008947,231733526,231729894,3632
0.008966,231734994,231731354,3640
0.008972,231736454,231732814,3640
0.008972,231737166,231733526,3640
0.008992,231738626,231734986,3640
0.008998,231740086,231736446,3640
0.008998,231740806,231737166,3640
0.00902,231742986,231738626,4360
0.00902,231744446,231740086,4360
0.009047,231745538,231741546,3992
0.009047,231746622,231742630,3992
0.009047,231748082,231744090,3992
0.009072,231748958,231745550,3408
0.009072,231750650,231747010,3640
0.009072,231751722,231748082,3640
0.009096,231753678,231749542,4136
0.009106,231755138,231751002,4136
0.009106,231755362,231751722,3640
0.009117,231756950,231753182,3768
0.009129,231758778,231754642,4136
0.00914,231759742,231756102,3640
0.00914,231760590,231756950,3640
0.009153,231762418,231758410,4008
0.009163,231763518,231759870,3648
0.009163,231764238,231760590,3648
0.009175,231766058,231762050,4008
0.009189,231767350,231763510,3840
0.009195,231768810,231764970,3840
0.009203,231769698,231766058,3640
0.009215,231771526,231767518,4008
0.009229,231772626,231768978,3648
0.009229,231773346,231769698,3648
0.009241,231775166,231771158,4008
0.009254,231776346,231772618,3728
0.009254,231777806,231774078,3728
0.009269,231778806,231775166,3640
0.009282,231780634,231776626,4008
0.009295,231781734,231778086,3648
0.009295,231782454,231778806,3648
0.009306,231784274,231780266,4008
0.009319,231785382,231781726,3656
0.009332,231786826,231783186,3640
0.009332,231787914,231784274,3640
0.009359,231789158,231785734,3424
0.009359,231790834,231787194,3640
0.009359,231791554,231787914,3640
0.009385,231792790,231789374,3416
0.009385,231794250,231790834,3416
0.009385,231794970,231791554,3416
0.009411,231796654,231793014,3640
0.009411,231798114,231794474,3640
0.009411,231798610,231794970,3640
0.009436,231800790,231796430,4360
0.009436,231802250,231797890,4360
0.00945,231804846,231799350,5496
0.009463,231804426,231800434,3992
0.009463,231805886,231801894,3992
0.009475,231806242,231803354,2888
0.009481,231807702,231804814,2888
0.0095,231809914,231806274,3640
0.00951,231811342,231807702,3640
0.009517,231813162,231809162,4000
0.009526,231814262,231810622,3640
0.009531,231814982,231811342,3640
0.00954,231816802,231812802,4000
0.009555,231816814,231814262,2552
0.009555,231817534,231814982,2552
0.009555,231818994,231816442,2552
0.009573,231822270,231817902,4368
0.009573,231821610,231818994,2616
0.009585,231824070,231820454,3616
0.009585,231824070,231820454,3616
0.009585,231823786,231821914,1872
0.0096,231826342,231823374,2968
0.0096,231825294,231824070,1224
0.009611,231828034,231825530,2504
0.009623,231829302,231826990,2312
0.009623,231828602,231828034,568
0.212852,231877754,231828602,49152
0.212878,231878670,231830062,48608
0.212878,231878298,231831522,46776
0.212878,231879758,231832982,46776
0.212878,231879538,231834442,45096
0.212878,231879254,231835902,43352
0.212878,231878970,231837362,41608
0.212878,231880430,231838822,41608
0.212878,231880218,231840282,39936
0.212899,231879926,231841742,38184
0.212899,231879650,231843202,36448
0.212931,231886958,231844662,42296
0.212937,231888418,231846122,42296
0.212937,231888198,231847582,40616
0.212937,231887922,231849042,38880
0.212937,231887638,231850502,37136
0.212937,231889098,231851962,37136
0.212955,231888862,231853422,35440
0.212955,231888602,231854882,33720
0.212955,231888310,231856342,31968
0.212955,231889770,231857802,31968
0.213015,231899566,231859262,40304
0.21302,231899306,231860722,38584
0.21302,231899022,231862182,36840
0.21302,231900482,231863642,36840
0.21302,231900238,231865102,35136
0.213027,231899978,231866562,33416
0.213027,231899694,231868022,31672
0.213027,231901154,231869482,31672
0.213027,231900902,231870942,29960
0.213027,231900658,231872402,28256
0.213106,231911286,231873862,37424
0.21311,231912746,231875322,37424
0.21311,231912526,231876782,35744
0.21311,231912250,231878242,34008
0.21311,231911966,231879702,32264
0.213116,231913426,231881162,32264
0.213116,231913190,231882622,30568
0.213116,231912930,231884082,28848
0.213116,231912638,231885542,27096
0.21313,231914098,231887002,27096
0.213197,231923718,231888462,35256
0.213202,231925178,231889922,35256
0.213202,231924966,231891382,33584
0.213202,231924682,231892842,31840
0.213202,231924390,231894302,30088
0.21322,231925850,231895762,30088
0.21322,231925646,231897222,28424
0.21322,231925362,231898682,26680
0.21322,231925070,231900142,24928
0.21322,231926530,231901602,24928
0.213288,231937406,231903062,34344
0.213293,231937130,231904522,32608
0.213293,231936838,231905982,30856
0.213293,231938298,231907442,30856
0.213293,231938086,231908902,29184
0.213311,231937802,231910362,27440
0.213311,231937518,231911822,25696
0.213311,231938978,231913282,25696
0.213311,231938758,231914742,24016
0.213311,231938482,231916202,22280
0.21338,231949710,231917662,32048
0.213385,231949426,231919122,30304
0.213385,231950886,231920582,30304
0.213385,231950674,231922042,28632
0.213385,231950390,231923502,26888
0.213402,231950106,231924962,25144
0.213402,231951566,231926422,25144
0.213402,231951354,231927882,23472
0.213402,231951062,231929342,21720
0.213402,231950778,231930802,19976
0.213471,231961910,231932262,29648
0.213476,231963370,231933722,29648
0.213476,231963158,231935182,27976
0.213476,231962874,231936642,26232
0.213476,231962582,231938102,24480
0.213494,231964042,231939562,24480
0.213494,231963838,231941022,22816
0.213494,231963546,231942482,21064
0.213494,231963262,231943942,19320
0.213494,231964722,231945402,19320
0.213562,231975518,231946862,28656
0.213567,231975466,231948322,27144
0.213567,231975174,231949782,25392
0.213567,231974890,231951242,23648
0.213567,231976350,231952702,23648
0.213585,231976138,231954162,21976
0.213585,231975846,231955622,20224
0.213585,231975562,231957082,18480
0.213585,231977022,231958542,18480
0.213585,231976818,231960002,16816
0.213654,231988230,231961462,26768
0.213659,231987946,231962922,25024
0.213659,231987662,231964382,23280
0.213659,231989122,231965842,23280
0.213659,231988902,231967302,21600
0.213676,231988626,231968762,19864
0.213676,231988334,231970222,18112
0.213676,231989794,231971682,18112
0.213676,231989582,231973142,16440
0.213676,231989298,231974602,14696
0.213745,231999774,231976062,23712
0.21375,232001234,231977522,23712
0.21375,232001022,231978982,22040
0.21375,232000730,231980442,20288
0.21375,232000446,231981902,18544
0.213767,232001906,231983362,18544
0.213767,232001702,231984822,16880
0.213767,232001410,231986282,15128
0.213767,232001126,231987742,13384
0.213767,232002586,231989202,13384
0.213837,232012718,231990662,22056
0.213841,232014178,231992122,22056
0.213841,232013942,231993582,20360
0.213841,232013682,231995042,18640
0.213841,232013398,231996502,16896
0.213849,232014858,231997962,16896
0.213849,232014606,231999422,15184
0.213849,232014362,232000882,13480
0.213849,232014078,232002342,11736
0.213849,232014322,232002586,11736
0.21392,232024022,232004046,19976
0.213921,232025482,232005506,19976
0.213927,232025262,232006966,18296
0.213927,232024986,232008426,16560
0.213927,232024694,232009886,14808
0.213927,232026154,232011346,14808
0.213927,232025934,232012806,13128
0.213934,232025658,232014266,11392
0.213934,232025714,232014322,11392
0.213993,232035318,232015782,19536
0.213998,232035394,232017242,18152
0.213998,232035102,232018702,16400
0.213998,232034818,232020162,14656
0.213998,232036278,232021622,14656
0.214004,232036066,232023082,12984
0.214004,232035782,232024542,11240
0.214004,232036954,232025714,11240
0.214065,232044734,232027174,17560
0.214071,232044442,232028634,15808
0.214071,232045902,232030094,15808
0.214071,232045698,232031554,14144
0.214071,232045406,232033014,12392
0.214071,232045122,232034474,10648
0.214078,232046582,232035934,10648
0.214078,232045930,232036954,8976
0.214135,232053998,232038414,15584
0.21414,232055458,232039874,15584
0.21414,232055246,232041334,13912
0.21414,232054954,232042794,12160
0.21414,232054678,232044254,10424
0.214146,232056138,232045714,10424
0.214147,232054674,232045930,8744
0.214191,232062174,232047390,14784
0.214195,232061890,232048850,13040
0.214195,232063350,232050310,13040
0.214195,232063130,232051770,11360
0.214195,232062846,232053230,9616
0.214202,232062554,232054674,7880
0.214245,232070334,232056134,14200
0.21425,232070058,232057594,12464
0.21425,232069774,232059054,10720
0.21425,232071234,232060514,10720
0.21425,232071006,232061974,9032
0.21425,232069858,232062554,7304
0.214295,232077158,232064014,13144
0.2143,232077178,232065474,11704
0.2143,232076894,232066934,9960
0.2143,232076618,232068394,8224
0.2143,232078078,232069854,8224
0.214306,232078082,232069858,8224
0.21434,232083414,232071318,12096
0.214346,232083130,232072778,10352
0.214346,232082846,232074238,8608
0.214346,232084306,232075698,8608
0.214346,232084094,232077158,6936
0.214346,232083266,232078082,5184
0.214392,232089422,232079542,9880
0.214392,232090882,232081002,9880
0.214397,232090670,232082462,8208
0.214397,232091474,232083266,8208
0.214424,232095118,232084726,10392
0.214429,232095098,232086186,8912
0.214429,232094822,232087646,7176
0.214429,232094530,232089106,5424
0.214429,232095990,232090566,5424
0.214435,232095226,232091474,3752
0.214475,232101150,232092934,8216
0.214479,232102610,232094394,8216
0.214479,232101770,232095226,6544
0.214499,232104790,232096686,8104
0.214504,232104514,232098146,6368
0.214504,232105974,232099606,6368
0.214504,232105754,232101066,4688
0.214504,232106458,232101770,4688
0.21454,232110774,232103230,7544
0.214544,232110490,232104690,5800
0.214544,232111950,232106150,5800
0.214544,232110554,232106458,4096
0.214569,232114398,232107918,6480
0.214573,232115858,232109378,6480
0.214573,232115290,232110554,4736
0.214595,232118766,232112014,6752
0.214595,232118746,232113474,5272
0.214601,232118462,232114934,3528
0.214601,232118818,232115290,3528
0.214625,232122862,232116750,6112
0.214628,232122978,232118210,4768
0.214628,232123586,232118818,4768
0.214646,232125254,232120278,4976
0.21465,232124970,232121738,3232
0.21465,232126430,232123198,3232
0.21465,232125146,232123586,1560
0.214676,232129542,232125046,4496
0.214682,232129642,232125146,4496
0.214686,232131502,232126606,4896
0.214689,232131394,232128066,3328
0.214689,232131118,232129526,1592
0.214713,232134274,232130986,3288
0.214719,232134406,232131118,3288
0.214723,232136306,232132578,3728
0.214726,232136022,232134038,1984
0.214742,232138018,232135498,2520
0.214742,232138542,232136022,2520
0.214753,232140666,232137482,3184
0.214759,232139974,232138542,1432
0.420866,232189126,232139974,49152
0.42089,232189914,232141434,48480
0.42089,232189550,232142894,46656
0.420899,232191010,232144354,46656
0.420899,232190790,232145814,44976
0.420899,232190514,232147274,43240
0.420899,232190222,232148734,41488
0.420899,232191682,232150194,41488
0.420899,232191462,232151654,39808
0.420899,232191186,232153114,38072
0.420918,232190902,232154574,36328
0.420943,232196626,232156034,40592
0.420943,232196614,232157494,39120
0.420943,232196338,232158954,37384
0.420943,232196046,232160414,35632
0.420943,232197506,232161874,35632
0.420943,232197294,232163334,33960
0.420943,232197010,232164794,32216
0.420943,232196726,232166254,30472
0.420963,232198186,232167714,30472
0.420963,232197974,232169174,28800
0.421025,232208482,232170634,37848
0.421029,232208198,232172094,36104
0.421029,232209658,232173554,36104
0.421029,232209454,232175014,34440
0.421029,232209162,232176474,32688
0.421047,232208878,232177934,30944
0.421047,232210338,232179394,30944
0.421047,232210126,232180854,29272
0.421047,232209842,232182314,27528
0.421047,232209550,232183774,25776
0.421116,232221794,232185234,36560
0.42112,232221502,232186694,34808
0.42112,232221218,232188154,33064
0.42112,232222678,232189614,33064
0.42112,232222466,232191074,31392
0.421127,232222182,232192534,29648
0.421127,232221898,232193994,27904
0.421127,232223358,232195454,27904
0.421127,232223146,232196914,26232
0.421127,232222854,232198374,24480
0.421241,232235514,232199834,35680
0.421242,232235734,232201294,34440
0.421242,232235490,232202754,32736
0.421242,232235198,232204214,30984
0.421242,232236658,232205674,30984
0.421242,232236406,232207134,29272
0.421242,232236162,232208594,27568
0.421242,232235878,232210054,25824
0.421256,232237338,232211514,25824
0.421256,232237070,232212974,24096
0.421325,232246210,232214434,31776
0.421325,232247670,232215894,31776
0.421325,232247466,232217354,30112
0.421325,232247182,232218814,28368
0.421325,232246890,232220274,26616
0.421325,232248350,232221734,26616
0.421325,232248138,232223194,24944
0.421325,232247854,232224654,23200
0.421339,232247562,232226114,21448
0.421339,232249022,232227574,21448
0.421416,232259626,232229034,30592
0.421416,232259334,232230494,28840
0.421416,232259050,232231954,27096
0.421416,232260510,232233414,27096
0.421416,232260298,232234874,25424
0.421416,232260014,232236334,23680
0.421416,232259722,232237794,21928
0.421416,232261182,232239254,21928
0.42143,232260978,232240714,20264
0.42143,232260686,232242174,18512
0.421492,232271602,232243634,27968
0.421492,232273062,232245094,27968
0.421492,232272794,232246554,26240
0.421492,232272550,232248014,24536
0.421492,232272274,232249474,22800
0.421492,232273734,232250934,22800
0.421492,232273458,232252394,21064
0.421492,232273230,232253854,19376
0.421513,232272954,232255314,17640
0.421513,232274414,232256774,17640
0.421583,232285082,232258234,26848
0.421583,232285182,232259694,25488
0.421583,232284898,232261154,23744
0.421583,232284606,232262614,21992
0.421583,232286066,232264074,21992
0.421583,232285862,232265534,20328
0.421583,232285570,232266994,18576
0.421583,232285286,232268454,16832
0.421602,232286746,232269914,16832
0.421602,232286534,232271374,15160
0.421674,232297754,232272834,24920
0.421674,232297470,232274294,23176
0.421674,232297178,232275754,21424
0.421674,232298638,232277214,21424
0.421674,232298434,232278674,19760
0.421675,232298150,232280134,18016
0.421675,232297858,232281594,16264
0.421675,232299318,232283054,16264
0.421694,232299114,232284514,14600
0.421695,232298822,232285974,12848
0.421766,232310186,232287434,22752
0.421766,232309902,232288894,21008
0.421766,232309610,232290354,19256
0.421766,232311070,232291814,19256
0.421766,232310866,232293274,17592
0.421766,232310574,232294734,15840
0.421766,232310290,232296194,14096
0.421766,232311750,232297654,14096
0.421785,232311246,232298822,12424
0.421839,232321690,232300282,21408
0.421839,232321510,232301742,19768
0.421839,232321226,232303202,18024
0.421839,232322686,232304662,18024
0.421839,232322394,232306122,16272
0.421851,232322182,232307582,14600
0.421851,232321898,232309042,12856
0.421851,232323358,232310502,12856
0.421851,232322350,232311246,11104
0.421935,232332386,232312706,19680
0.421935,232332446,232314166,18280
0.421935,232332162,232315626,16536
0.421935,232331870,232317086,14784
0.421935,232333330,232318546,14784
0.421935,232333118,232320006,13112
0.421935,232332834,232321466,11368
0.421935,232333718,232322350,11368
0.422003,232341002,232323810,17192
0.422003,232342462,232325270,17192
0.422003,232342250,232326730,15520
0.422003,232341966,232328190,13776
0.422003,232341682,232329650,12032
0.422003,232342806,232330774,12032
0.422066,232350570,232332234,18336
0.422066,232350710,232333694,17016
0.422066,232350426,232335154,15272
0.422066,232350142,232336614,13528
0.422066,232351602,232338074,13528
0.422066,232351382,232339534,11848
0.422066,232351106,232340994,10112
0.422066,232350814,232342454,8360
0.422078,232351166,232342806,8360
0.422125,232359434,232344266,15168
0.422125,232359150,232345726,13424
0.422125,232360610,232347186,13424
0.422125,232360334,232348646,11688
0.422125,232360114,232350106,10008
0.422125,232359422,232351166,8256
0.422178,232366554,232352626,13928
0.422178,232366270,232354086,12184
0.422178,232367730,232355546,12184
0.422178,232367526,232357006,10520
0.422178,232367234,232358466,8768
0.422178,232368190,232359422,8768
0.422213,232374034,232360882,13152
0.422219,232373750,232362342,11408
0.422219,232373466,232363802,9664
0.422219,232374926,232365262,9664
0.422219,232374714,232366722,7992
0.422219,232374430,232368182,6248
0.422224,232374438,232368190,6248
0.422268,232380906,232369650,11256
0.422273,232382366,232371110,11256
0.422273,232382154,232372570,9584
0.422274,232381862,232374030,7832
0.422274,232382270,232374438,7832
0.422307,232387178,232375898,11280
0.422311,232387206,232377358,9848
0.422311,232386914,232378818,8096
0.422311,232386638,232380278,6360
0.422317,232388098,232381738,6360
0.422317,232386950,232382270,4680
0.422357,232393994,232383730,10264
0.422361,232394126,232385190,8936
0.422361,232393834,232386650,7184
0.422361,232394134,232386950,7184
0.422385,232398090,232388410,9680
0.422391,232397910,232389870,8040
0.422391,232397626,232391330,6296
0.422391,232397342,232392790,4552
0.422391,232398686,232394134,4552
0.42243,232403306,232395594,7712
0.422435,232404766,232397054,7712
0.422435,232404554,232398514,6040
0.422435,232404726,232398686,6040
0.422459,232408322,232400146,8176
0.422464,232408158,232401606,6552
0.422464,232407882,232403066,4816
0.422464,232407598,232404526,3072
0.422464,232407798,232404726,3072
0.422496,232412898,232406186,6712
0.4225,232412606,232407646,4960
0.4225,232412758,232407798,4960
0.422515,232415106,232409258,5848
0.42252,232416566,232410718,5848
0.42252,232416346,232412178,4168
0.42252,232416926,232412758,4168
0.422546,232419218,232414218,5000
0.422553,232420678,232415678,5000
0.422553,232420246,232416926,3320
0.422572,232424010,232418386,5624
0.422576,232424110,232419846,4264
0.422576,232424510,232420246,4264
0.422593,232426898,232421706,5192
0.422598,232426606,232423166,3440
0.422598,232426214,232424510,1704
0.42262,232429562,232425970,3592
0.422621,232429806,232426214,3592
0.422633,232432418,232427674,4744
0.422637,232432142,232429134,3008
0.422637,232432814,232429806,3008
0.422653,232434282,232431266,3016
0.422657,232435742,232432726,3016
0.422657,232435830,232432814,3016
0.422672,232437610,232434274,3336
0.422676,232437334,232435734,1600
0.422676,232437430,232435830,1600
0.422691,232439210,232437290,1920
0.422694,232439350,232437430,1920
0.4227,232441754,232438890,2864
0.42271,232443118,232440350,2768
0.422714,232443130,232441754,1376
0.628864,232492282,232443130,49152
0.628888,232492350,232444590,47760
0.628894,232493810,232446050,47760
0.628894,232493598,232447510,46088
0.628894,232493306,232448970,44336
0.628894,232493030,232450430,42600
0.628894,232494490,232451890,42600
0.628913,232494270,232453350,40920
0.628913,232493978,232454810,39168
0.628913,232493702,232456270,37432
0.628913,232495162,232457730,37432
0.628943,232499446,232459190,40256
0.628943,232499154,232460650,38504
0.628943,232500614,232462110,38504
0.628943,232500330,232463570,36760
0.628943,232500118,232465030,35088
0.628943,232499834,232466490,33344
0.628943,232501294,232467950,33344
0.628943,232501002,232469410,31592
0.628961,232500798,232470870,29928
0.628961,232500514,232472330,28184
0.629023,232512366,232473790,38576
0.629028,232512314,232475250,37064
0.629028,232512038,232476710,35328
0.629028,232511754,232478170,33584
0.629028,232513214,232479630,33584
0.629045,232512994,232481090,31904
0.629045,232512718,232482550,30168
0.629045,232512426,232484010,28416
0.629045,232513886,232485470,28416
0.629045,232513674,232486930,26744
0.629114,232524134,232488390,35744
0.629118,232525594,232489850,35744
0.629118,232525318,232491310,34008
0.629118,232525090,232492770,32320
0.629118,232524806,232494230,30576
0.629136,232526266,232495690,30576
0.629136,232525990,232497150,28840
0.629136,232525770,232498610,27160
0.629136,232525486,232500070,25416
0.629136,232526946,232501530,25416
0.629205,232536542,232502990,33552
0.629211,232538002,232504450,33552
0.629211,232537782,232505910,31872
0.629211,232537498,232507370,30128
0.629211,232537214,232508830,28384
0.629211,232538674,232510290,28384
0.629229,232538462,232511750,26712
0.629229,232538170,232513210,24960
0.629229,232537894,232514670,23224
0.629229,232539354,232516130,23224
0.629297,232550342,232517590,32752
0.629302,232550234,232519050,31184
0.629302,232549950,232520510,29440
0.629302,232549666,232521970,27696
0.629302,232551126,232523430,27696
0.629309,232550914,232524890,26024
0.629309,232550622,232526350,24272
0.629309,232550338,232527810,22528
0.629309,232551798,232529270,22528
0.629309,232551586,232530730,20856
0.629392,232563078,232532190,30888
0.629392,232562786,232533650,29136
0.629392,232562510,232535110,27400
0.629392,232563970,232536570,27400
0.629413,232563742,232538030,25712
0.629413,232563466,232539490,23976
0.629413,232563182,232540950,22232
0.629413,232564642,232542410,22232
0.629413,232564414,232543870,20544
0.629413,232564138,232545330,18808
0.629506,232574838,232546790,28048
0.629506,232576298,232548250,28048
0.629507,232576030,232549710,26320
0.629507,232575786,232551170,24616
0.629507,232575510,232552630,22880
0.629507,232576970,232554090,22880
0.629507,232576694,232555550,21144
0.629507,232576466,232557010,19456
0.629518,232576190,232558470,17720
0.629518,232577650,232559930,17720
0.629596,232588310,232561390,26920
0.629596,232588018,232562850,25168
0.629596,232587742,232564310,23432
0.629596,232589202,232565770,23432
0.629596,232588982,232567230,21752
0.629596,232588698,232568690,20008
0.629596,232588414,232570150,18264
0.629596,232589874,232571610,18264
0.62961,232589654,232573070,16584
0.62961,232589370,232574530,14840
0.629677,232600174,232575990,24184
0.629677,232599890,232577450,22440
0.629677,232601350,232578910,22440
0.629677,232601130,232580370,20760
0.629677,232600854,232581830,19024
0.629677,232600570,232583290,17280
0.629677,232602030,232584750,17280
0.629687,232601810,232586210,15600
0.629709,232601534,232587670,13864
0.629709,232601242,232589130,12112
0.629779,232612574,232590590,21984
0.629779,232614034,232592050,21984
0.629779,232613830,232593510,20320
0.629779,232613538,232594970,18568
0.629779,232613254,232596430,16824
0.629779,232614714,232597890,16824
0.629779,232614502,232599350,15152
0.629779,232614218,232600810,13408
0.629787,232614650,232601242,13408
0.629852,232624470,232602702,21768
0.629852,232624322,232604162,20160
0.629852,232624030,232605622,18408
0.629852,232623754,232607082,16672
0.629852,232625214,232608542,16672
0.629852,232625002,232610002,15000
0.629852,232624710,232611462,13248
0.629852,232624426,232612922,11504
0.629866,232625886,232614382,11504
0.629866,232626154,232614650,11504
0.629934,232635478,232616110,19368
0.629934,232635202,232617570,17632
0.629934,232634910,232619030,15880
0.629934,232636370,232620490,15880
0.629934,232636150,232621950,14200
0.629934,232635874,232623410,12464
0.629934,232635590,232624870,10720
0.629934,232636874,232626154,10720
0.630005,232645110,232627614,17496
0.630005,232644818,232629074,15744
0.630005,232646278,232630534,15744
0.630005,232646074,232631994,14080
0.630005,232645782,232633454,12328
0.630005,232646782,232634454,12328
0.630067,232653714,232635914,17800
0.630067,232653438,232637374,16064
0.630067,232654898,232638834,16064
0.630067,232654686,232640294,14392
0.630067,232654394,232641754,12640
0.630067,232654118,232643214,10904
0.630067,232655578,232644674,10904
0.630067,232655358,232646134,9224
0.630081,232654262,232646782,7480
0.630134,232662786,232648242,14544
0.630134,232664246,232649702,14544
0.630134,232664034,232651162,12872
0.630134,232663750,232652622,11128
0.630134,232663466,232654082,9384
0.630134,232663646,232654262,9384
0.630196,232670050,232655722,14328
0.630196,232669758,232657182,12576
0.630196,232669474,232658642,10832
0.630196,232670934,232660102,10832
0.630196,232670722,232661562,9160
0.630196,232670438,232663022,7416
0.630196,232671062,232663646,7416
0.63025,232677882,232665106,12776
0.63025,232677598,232666566,11032
0.63025,232679058,232668026,11032
0.63025,232678806,232669486,9320
0.63025,232678554,232670946,7608
0.63025,232678670,232671062,7608
0.630267,232683802,232672522,11280
0.630272,232685262,232673982,11280
0.630272,232685042,232675442,9600
0.630272,232684766,232676902,7864
0.630272,232684474,232678362,6112
0.630272,232684782,232678670,6112
0.630313,232690562,232680130,10432
0.630319,232692022,232681590,10432
0.630319,232691762,232683050,8712
0.630319,232691526,232684510,7016
0.630319,232691798,232684782,7016
0.630351,232695418,232686242,9176
0.630356,232696878,232687702,9176
0.630356,232696658,232689162,7496
0.630356,232696374,232690622,5752
0.630356,232697550,232691798,5752
0.630394,232702690,232693258,9432
0.630399,232702534,232694718,7816
0.630399,232702250,232696178,6072
0.630399,232703622,232697550,6072
0.63043,232707514,232699010,8504
0.630435,232707222,232700470,6752
0.630435,232706938,232701930,5008
0.630435,232708398,232703390,5008
0.630435,232706958,232703622,3336
0.630468,232712922,232705082,7840
0.630473,232713150,232706542,6608
0.630473,232713566,232706958,6608
0.630489,232715642,232708418,7224
0.630494,232715350,232709878,5472
0.630494,232715066,232711338,3728
0.630494,232716526,232712798,3728
0.630494,232715622,232713566,2056
0.630531,232721570,232715026,6544
0.630531,232720790,232715622,5168
0.630543,232723146,232717082,6064
0.630548,232722862,232718542,4320
0.630548,232722570,232720002,2568
0.630548,232723358,232720790,2568
0.630576,232727218,232722250,4968
0.630576,232728326,232723358,4968
0.630592,232728922,232724818,4104
0.630597,232730382,232726278,4104
0.630597,232730162,232727738,2424
0.630597,232730750,232728326,2424
0.630623,232733658,232729786,3872
0.630623,232734622,232730750,3872
0.630638,232735930,232732210,3720
0.630642,232735646,232733670,1976
0.630642,232736598,232734622,1976
0.630662,232738674,232736082,2592
0.630662,232739190,232736598,2592
0.630675,232741346,232738058,3288
0.630675,232740726,232739190,1536
0.63069,232743402,232740650,2752
0.630694,232743478,232740726,2752
0.6307,232743970,232742186,1784
0.63071,232746342,232743646,2696
0.63071,232745426,232743970,1456
0.836877,232793378,232745426,47952
0.83691,232796038,232746886,49152
0.83691,232796066,232748346,47720
0.836921,232795862,232749806,46056
0.836921,232795578,232751266,44312
0.836921,232797038,232752726,44312
0.836921,232796746,232754186,42560
0.836921,232796542,232755646,40896
0.836921,232796250,232757106,39144
0.836921,232795958,232758566,37392
0.836921,232797418,232760026,37392
0.836952,232801934,232761486,40448
0.836968,232802106,232762946,39160
0.836968,232801814,232764406,37408
0.836968,232801530,232765866,35664
0.836968,232802990,232767326,35664
0.836968,232802778,232768786,33992
0.836968,232802486,232770246,32240
0.836968,232802210,232771706,30504
0.836968,232803670,232773166,30504
0.836985,232803458,232774626,28832
0.837043,232813654,232776086,37568
0.837048,232815114,232777546,37568
0.837048,232814886,232779006,35880
0.837048,232814618,232780466,34152
0.837048,232814326,232781926,32400
0.837066,232815786,232783386,32400
0.837066,232815558,232784846,30712
0.837066,232815290,232786306,28984
0.837066,232815006,232787766,27240
0.837066,232816466,232789226,27240
0.837133,232826958,232790686,36272
0.837138,232826674,232792146,34528
0.837138,232826390,232793606,32784
0.837138,232827850,232795066,32784
0.837138,232827630,232796526,31104
0.837144,232827354,232797986,29368
0.837144,232827070,232799446,27624
0.837144,232828530,232800906,27624
0.837144,232828310,232802366,25944
0.837144,232828034,232803826,24208
0.837225,232839374,232805286,34088
0.837232,232839082,232806746,32336
0.837232,232840542,232808206,32336
0.837232,232840338,232809666,30672
0.837232,232840046,232811126,28920
0.837232,232839762,232812586,27176
0.837232,232841222,232814046,27176
0.837252,232841010,232815506,25504
0.837252,232840726,232816966,23760
0.837252,232840434,232818426,22008
0.837316,232852414,232819886,32528
0.83732,232852674,232821346,31328
0.837321,232852462,232822806,29656
0.837321,232852186,232824266,27920
0.837321,232851894,232825726,26168
0.837339,232853354,232827186,26168
0.837339,232853142,232828646,24496
0.837339,232852858,232830106,22752
0.837339,232852566,232831566,21000
0.837339,232854026,232833026,21000
0.837407,232865150,232834486,30664
0.837412,232864890,232835946,28944
0.837412,232864606,232837406,27200
0.837412,232866066,232838866,27200
0.837412,232865814,232840326,25488
0.83743,232865570,232841786,23784
0.83743,232865278,232843246,22032
0.83743,232866738,232844706,22032
0.83743,232866486,232846166,20320
0.83743,232866242,232847626,18616
0.837499,232877302,232849086,28216
0.837499,232877018,232850546,26472
0.837506,232878478,232852006,26472
0.837506,232878266,232853466,24800
0.837506,232877974,232854926,23048
0.837506,232877690,232856386,21304
0.837506,232879150,232857846,21304
0.837522,232878938,232859306,19632
0.837522,232878654,232860766,17888
0.837522,232878370,232862226,16144
0.83759,232890390,232863686,26704
0.837594,232890610,232865146,25464
0.837594,232890350,232866606,23744
0.837594,232890058,232868066,21992
0.837594,232891518,232869526,21992
0.837612,232891282,232870986,20296
0.837612,232891022,232872446,18576
0.837612,232890738,232873906,16832
0.837612,232892198,232875366,16832
0.837612,232891946,232876826,15120
0.837681,232903126,232878286,24840
0.837685,232903034,232879746,23288
0.837685,232902742,232881206,21536
0.837685,232902458,232882666,19792
0.837685,232903918,232884126,19792
0.837703,232903714,232885586,18128
0.837703,232903422,232887046,16376
0.837703,232903138,232888506,14632
0.837703,232904598,232889966,14632
0.837703,232904386,232891426,12960
0.837773,232915854,232892886,22968
0.837778,232916010,232894346,21664
0.837778,232915718,232895806,19912
0.837778,232915442,232897266,18176
0.837778,232916902,232898726,18176
0.837795,232916682,232900186,16496
0.837795,232916398,232901646,14752
0.837795,232916122,232903106,13016
0.837795,232917402,232904386,13016
0.837853,232925982,232905846,20136
0.837859,232927442,232907306,20136
0.837859,232927230,232908766,18464
0.837859,232926938,232910226,16712
0.837859,232926662,232911686,14976
0.837866,232928122,232913146,14976
0.837866,232927902,232914606,13296
0.837866,232927610,232916066,11544
0.837866,232927210,232917402,9808
0.837976,232938174,232918862,19312
0.837976,232937890,232920322,17568
0.837976,232939350,232921782,17568
0.837976,232939066,232923242,15824
0.837977,232938846,232924702,14144
0.837977,232938570,232926162,12408
0.837977,232939618,232927210,12408
0.838008,232947246,232928670,18576
0.838008,232947338,232930130,17208
0.838008,232947046,232931590,15456
0.838008,232946762,232933050,13712
0.838008,232948222,232934510,13712
0.838008,232948010,232935970,12040
0.838008,232947726,232937430,10296
0.838009,232948430,232938134,10296
0.838087,232956298,232939594,16704
0.838087,232956014,232941054,14960
0.838087,232955730,232942514,13216
0.838087,232957190,232943974,13216
0.838087,232956978,232945434,11544
0.838087,232956686,232946894,9792
0.838087,232956410,232948354,8056
0.838087,232956486,232948430,8056
0.838153,232965658,232949890,15768
0.838153,232965550,232951350,14200
0.838153,232965258,232952810,12448
0.838153,232964974,232954270,10704
0.838153,232966434,232955730,10704
0.838153,232965518,232956486,9032
0.838214,232971922,232957946,13976
0.838214,232971638,232959406,12232
0.838214,232971346,232960866,10480
0.838214,232972806,232962326,10480
0.838214,232972594,232963786,8808
0.838215,232972310,232965246,7064
0.838215,232972582,232965518,7064
0.83824,232979162,232966978,12184
0.83824,232980622,232968438,12184
0.83824,232980418,232969898,10520
0.83824,232980134,232971358,8776
0.83824,232979606,232972582,7024
0.838301,232985538,232974042,11496
0.838301,232985254,232975502,9752
0.838301,232986714,232976962,9752
0.838301,232986510,232978422,8088
0.838301,232985942,232979606,6336
0.83836,232992266,232981066,11200
0.838361,232992214,232982526,9688
0.838361,232991922,232983986,7936
0.838361,232991646,232985446,6200
0.838361,232992142,232985942,6200
0.838377,232998594,232987402,11192
0.838377,233000054,232988862,11192
0.838385,232999834,232990322,9512
0.838385,232999550,232991782,7768
0.8384,233002954,232993242,9712
0.838406,233002918,232994702,8216
0.838406,233002634,232996162,6472
0.838406,233002350,232997622,4728
0.838406,233003810,232999082,4728
0.838406,233002606,232999550,3056
0.838448,233008802,233001010,7792
0.838453,233010262,233002470,7792
0.838453,233008670,233002606,6064
0.838467,233012226,233004066,8160
0.838472,233011950,233005526,6424
0.838472,233011658,233006986,4672
0.838472,233013118,233008446,4672
0.838472,233011670,233008670,3000
0.838505,233017346,233010130,7216
0.838509,233017062,233011590,5472
0.838509,233017142,233011670,5472
0.838524,233019338,233013130,6208
0.838529,233019062,233014590,4472
0.838529,233020522,233016050,4472
0.838529,233019934,233017142,2792
0.838558,233023826,233018602,5224
0.838564,233025158,233019934,5224
0.838575,233026874,233021394,5480
0.838582,233026590,233022854,3736
0.838582,233028050,233024314,3736
0.838582,233027134,233025158,1976
0.838608,233031370,233026618,4752
0.838608,233031886,233027134,4752
0.83862,233033410,233028594,4816
0.838623,233033630,233030054,3576
0.838623,233033338,233031514,1824
0.838623,233033710,233031886,1824
0.83865,233036730,233033346,3384
0.83865,233037094,233033710,3384
0.838661,233037930,233035170,2760
0.838665,233039390,233036630,2760
0.838665,233038190,233037094,1096
1.044869,233087342,233038190,49152
1.044894,233088210,233039650,48560
1.044894,233087838,233041110,46728
1.044903,233089298,233042570,46728
1.044903,233089086,233044030,45056
1.044904,233088794,233045490,43304
1.044904,233088510,233046950,41560
1.044904,233089970,233048410,41560
1.044904,233089758,233049870,39888
1.044904,233089474,233051330,38144
1.044904,233089190,233052790,36400
1.044946,233095970,233054250,41720
1.044952,233095758,233055710,40048
1.044952,233095466,233057170,38296
1.044952,233096926,233058630,38296
1.044961,233096642,233060090,36552
1.044961,233096430,233061550,34880
1.044969,233096146,233063010,33136
1.044969,233097606,233064470,33136
1.044969,233097314,233065930,31384
1.044969,233097110,233067390,29720
1.045036,233108482,233068850,39632
1.045041,233108702,233070310,38392
1.045041,233108434,233071770,36664
1.045041,233108158,233073230,34928
1.045042,233109618,233074690,34928
1.045048,233109374,233076150,33224
1.045048,233109114,233077610,31504
1.045048,233108838,233079070,29768
1.045048,233110298,233080530,29768
1.045048,233110038,233081990,28048
1.045129,233121210,233083450,37760
1.045129,233121358,233084910,36448
1.045135,233121066,233086370,34696
1.045135,233120782,233087830,32952
1.045135,233122242,233089290,32952
1.045135,233122030,233090750,31280
1.045135,233121746,233092210,29536
1.045152,233121462,233093670,27792
1.045152,233122922,233095130,27792
1.045152,233122710,233096590,26120
1.045219,233133546,233098050,35496
1.045224,233133262,233099510,33752
1.045224,233134722,233100970,33752
1.045224,233134430,233102430,32000
1.045224,233134226,233103890,30336
1.045242,233133934,233105350,28584
1.045242,233133650,233106810,26840
1.045242,233135110,233108270,26840
1.045242,233134898,233109730,25168
1.045242,233134614,233111190,23424
1.04531,233145674,233112650,33024
1.045314,233147134,233114110,33024
1.045314,233146898,233115570,31328
1.045314,233146638,233117030,29608
1.045321,233146354,233118490,27864
1.045321,233147814,233119950,27864
1.045321,233147570,233121410,26160
1.045321,233147310,233122870,24440
1.045321,233147026,233124330,22696
1.045321,233148486,233125790,22696
1.045436,233159642,233127250,32392
1.045436,233159814,233128710,31104
1.045436,233159522,233130170,29352
1.045436,233159246,233131630,27616
1.045436,233160706,233133090,27616
1.045436,233160486,233134550,25936
1.045436,233160202,233136010,24192
1.045436,233159918,233137470,22448
1.045451,233161378,233138930,22448
1.045451,233161166,233140390,20776
1.045519,233171762,233141850,29912
1.045519,233171478,233143310,28168
1.045519,233171186,233144770,26416
1.045519,233172646,233146230,26416
1.045519,233172434,233147690,24744
1.045519,233172150,233149150,23000
1.045519,233171858,233150610,21248
1.045519,233173318,233152070,21248
1.045544,233173114,233153530,19584
1.045544,233172830,233154990,17840
1.045609,233184426,233156450,27976
1.045609,233184606,233157910,26696
1.045609,233184314,233159370,24944
1.045609,233184022,233160830,23192
1.04561,233185482,233162290,23192
1.04561,233185278,233163750,21528
1.04561,233184994,233165210,19784
1.04561,233184702,233166670,18032
1.045632,233186162,233168130,18032
1.045632,233185958,233169590,16368
1.045701,233197162,233171050,26112
1.045701,233197118,233172510,24608
1.045701,233196834,233173970,22864
1.045701,233196542,233175430,21112
1.045701,233198002,233176890,21112
1.045701,233197798,233178350,19448
1.045701,233197514,233179810,17704
1.045701,233197222,233181270,15952
1.045724,233198682,233182730,15952
1.045724,233198478,233184190,14288
1.045792,233209658,233185650,24008
1.045792,233209374,233187110,22264
1.045793,233209090,233188570,20520
1.045793,233210550,233190030,20520
1.045793,233210338,233191490,18848
1.045793,233210054,233192950,17104
1.045793,233209762,233194410,15352
1.045793,233211222,233195870,15352
1.045805,233211018,233197330,13688
1.045805,233210414,233198478,11936
1.045892,233222258,233199938,22320
1.045892,233221974,233201398,20576
1.045892,233221690,233202858,18832
1.045892,233223150,233204318,18832
1.045892,233222938,233205778,17160
1.045892,233222654,233207238,15416
1.045892,233222362,233208698,13664
1.045892,233223822,233210158,13664
1.045906,233224078,233210414,13664
1.045961,233233730,233211874,21856
1.045961,233233438,233213334,20104
1.045961,233233154,233214794,18360
1.045961,233234614,233216254,18360
1.045961,233234402,233217714,16688
1.045961,233233390,233218454,14936
1.045985,233238954,233219914,19040
1.045986,233238662,233221374,17288
1.045986,233240122,233222834,17288
1.045986,233239910,233224294,15616
1.045986,233239626,233225754,13872
1.045998,233239342,233227214,12128
1.045998,233240802,233228674,12128
1.045998,233240590,233230134,10456
1.045998,233240306,233231594,8712
1.045998,233240022,233233054,6968
1.046093,233252186,233234514,17672
1.046093,233252366,233235974,16392
1.046093,233252074,233237434,14640
1.046093,233251790,233238894,12896
1.046093,233252918,233240022,12896
1.046152,233258330,233241482,16848
1.046152,233258230,233242942,15288
1.046152,233257938,233244402,13536
1.046152,233257662,233245862,11800
1.046152,233259122,233247322,11800
1.046152,233258902,233248782,10120
1.046153,233258618,233250242,8376
1.046153,233258334,233251702,6632
1.046166,233259550,233252918,6632
1.046219,233269554,233254378,15176
1.046219,233269262,233255838,13424
1.046219,233268978,233257298,11680
1.046219,233270438,233258758,11680
1.046219,233269558,233259550,10008
1.046242,233274178,233261010,13168
1.046242,233275638,233262470,13168
1.046242,233275426,233263930,11496
1.046242,233275142,233265390,9752
1.046242,233274850,233266850,8000
1.046251,233276310,233268310,8000
1.046251,233275894,233269558,6336
1.046316,233282778,233271018,11760
1.046316,233284238,233272478,11760
1.046316,233284026,233273938,10088
1.046316,233283734,233275398,8336
1.046316,233284230,233275894,8336
1.046364,233289538,233277354,12184
1.046364,233290998,233278814,12184
1.046364,233290778,233280274,10504
1.046364,233290494,233281734,8760
1.046365,233290210,233283194,7016
1.046365,233291246,233284230,7016
1.046392,233295810,233285690,10120
1.046397,233297270,233287150,10120
1.046397,233296986,233288610,8376
1.046397,233296774,233290070,6704
1.046397,233296198,233291246,4952
1.046435,233302682,233292706,9976
1.04644,233302798,233294166,8632
1.04644,233302506,233295626,6880
1.04644,233303078,233296198,6880
1.046466,233307002,233297658,9344
1.046472,233306950,233299118,7832
1.046472,233306666,233300578,6088
1.046472,233306382,233302038,4344
1.046472,233307422,233303078,4344
1.046509,233311994,233304538,7456
1.046514,233313454,233305998,7456
1.046514,233313206,233307422,5784
1.046537,233316778,233308882,7896
1.046541,233316590,233310342,6248
1.046541,233316306,233311802,4504
1.046542,233317710,233313206,4504
1.046573,233321778,233314666,7112
1.046577,233321622,233316126,5496
1.046578,233321330,233317586,3744
1.046578,233321454,233317710,3744
1.046601,233325642,233319170,6472
1.046604,233325694,233320630,5064
1.046604,233324774,233321454,3320
1.046624,233327962,233322914,5048
1.046628,233329422,233324374,5048
1.046628,233328150,233324774,3376
1.046645,233331786,233326234,5552
1.046649,233331566,233327694,3872
1.046649,233332022,233328150,3872
1.046666,233334410,233329610,4800
1.04667,233334126,233331070,3056
1.04667,233335078,233332022,3056
1.04669,233337274,233333482,3792
1.046694,233336990,233334942,2048
1.046694,233337126,233335078,2048
1.04671,233340658,233336538,4120
1.04671,233340006,233337126,2880
1.046722,233342474,233338586,3888
1.046726,233342510,233340006,2504
1.046741,233344970,233341466,3504
1.046741,233344526,233342510,2016
1.046756,233346538,233343970,2568
1.046756,233347094,233344526,2568
1.046769,233348834,233345986,2848
1.046769,233348710,233347094,1616
1.046784,233351114,233348554,2560
1.046788,233351270,233348710,2560
1.046794,233352466,233350170,2296
1.046806,233354062,233351630,2432
1.046806,233353426,233352466,960
1.252866,233402578,233353426,49152
1.252892,233403510,233354886,48624
1.252892,233403130,233356346,46784
1.252901,233404590,233357806,46784
1.252901,233404378,233359266,45112
1.252901,233404094,233360726,43368
1.252901,233403802,233362186,41616
1.252901,233405262,233363646,41616
1.252901,233405050,233365106,39944
1.252901,233404766,233366566,38200
1.252901,233404482,233368026,36456
1.252946,233410062,233369486,40576
1.252946,233410282,233370946,39336
1.252946,233410006,233372406,37600
1.252946,233409722,233373866,35856
1.252946,233411182,233375326,35856
1.252946,233410954,233376786,34168
1.252946,233410678,233378246,32432
1.252946,233410402,233379706,30696
1.252966,233411862,233381166,30696
1.252966,233411626,233382626,29000
1.253026,233422078,233384086,37992
1.253031,233421794,233385546,36248
1.253031,233423254,233387006,36248
1.253031,233423050,233388466,34584
1.253031,233422758,233389926,32832
1.253048,233422474,233391386,31088
1.253048,233423934,233392846,31088
1.253048,233423722,233394306,29416
1.253048,233423438,233395766,27672
1.253048,233423146,233397226,25920
1.253117,233435302,233398686,36616
1.253122,233435506,233400146,35360
1.253122,233435222,233401606,33616
1.253122,233434938,233403066,31872
1.253122,233436398,233404526,31872
1.253139,233436186,233405986,30200
1.25314,233435902,233407446,28456
1.25314,233435618,233408906,26712
1.25314,233437078,233410366,26712
1.25314,233436858,233411826,25032
1.253209,233447902,233413286,34616
1.253214,233447618,233414746,32872
1.253214,233447334,233416206,31128
1.253214,233448794,233417666,31128
1.253214,233448574,233419126,29448
1.253214,233448298,233420586,27712
1.253232,233448006,233422046,25960
1.253232,233449466,233423506,25960
1.253232,233449254,233424966,24288
1.253232,233448970,233426426,22544
1.2533,233459734,233427886,31848
1.253304,233461194,233429346,31848
1.253305,233460982,233430806,30176
1.253305,233460706,233432266,28440
1.253305,233460414,233433726,26688
1.253322,233461874,233435186,26688
1.253322,233461654,233436646,25008
1.253322,233461378,233438106,23272
1.253322,233461086,233439566,21520
1.253322,233462546,233441026,21520
1.253391,233473278,233442486,30792
1.253394,233473306,233443946,29360
1.253394,233473022,233445406,27616
1.253394,233472738,233446866,25872
1.253401,233474198,233448326,25872
1.253401,233473986,233449786,24200
1.253401,233473694,233451246,22448
1.253401,233473418,233452706,20712
1.253401,233474878,233454166,20712
1.253401,233474658,233455626,19032
1.253482,233485990,233457086,28904
1.253487,233485706,233458546,27160
1.253487,233485414,233460006,25408
1.253487,233486874,233461466,25408
1.253487,233486662,233462926,23736
1.253504,233486378,233464386,21992
1.253504,233486094,233465846,20248
1.253504,233487554,233467306,20248
1.253504,233487342,233468766,18576
1.253504,233487058,233470226,16832
1.253573,233497542,233471686,25856
1.253579,233499002,233473146,25856
1.253579,233498798,233474606,24192
1.253579,233498506,233476066,22440
1.253579,233498222,233477526,20696
1.253579,233499682,233478986,20696
1.253597,233499470,233480446,19024
1.253597,233499186,233481906,17280
1.253597,233498894,233483366,15528
1.253597,233500354,233484826,15528
1.253664,233511246,233486286,24960
1.253669,233511298,233487746,23552
1.253669,233511006,233489206,21800
1.253669,233510730,233490666,20064
1.253669,233512190,233492126,20064
1.253686,233511978,233493586,18392
1.253687,233511686,233495046,16640
1.253687,233511410,233496506,14904
1.253687,233512870,233497966,14904
1.253687,233512650,233499426,13224
1.253756,233523982,233500886,23096
1.253761,233523890,233502346,21544
1.253761,233523598,233503806,19792
1.253761,233523314,233505266,18048
1.253761,233524774,233506726,18048
1.253778,233524562,233508186,16376
1.253778,233524278,233509646,14632
1.253778,233523986,233511106,12880
1.253778,233525446,233512566,12880
1.253778,233525530,233512650,12880
1.25388,233535582,233514110,21472
1.25388,233535562,233515570,19992
1.25388,233535270,233517030,18240
1.25388,233534986,233518490,16496
1.25388,233536446,233519950,16496
1.25388,233536234,233521410,14824
1.25388,233535950,233522870,13080
1.25388,233535666,233524330,11336
1.253894,233536866,233525530,11336
1.253949,233546678,233526990,19688
1.253949,233548138,233528450,19688
1.253949,233547934,233529910,18024
1.253949,233547642,233531370,16272
1.253949,233547358,233532830,14528
1.253949,233548818,233534290,14528
1.253949,233548606,233535750,12856
1.253949,233547978,233536866,11112
1.254015,233556822,233538326,18496
1.254015,233556530,233539786,16744
1.254015,233556246,233541246,15000
1.254015,233557706,233542706,15000
1.254015,233557494,233544166,13328
1.254015,233557078,233545494,11584
1.254074,233565154,233546954,18200
1.254074,233565174,233548414,16760
1.254074,233564890,233549874,15016
1.254074,233564598,233551334,13264
1.254074,233566058,233552794,13264
1.254075,233565846,233554254,11592
1.254075,233565562,233555714,9848
1.254075,233565182,233557078,8104
1.254138,233573354,233558538,14816
1.254138,233573062,233559998,13064
1.254138,233574522,233561458,13064
1.254138,233574310,233562918,11392
1.254138,233574026,233564378,9648
1.254138,233574830,233565182,9648
1.2542,233580282,233566642,13640
1.2542,233579998,233568102,11896
1.2542,233581458,233569562,11896
1.2542,233581238,233571022,10216
1.2542,233580962,233572482,8480
1.2542,233580670,233573942,6728
1.2542,233581174,233574830,6344
1.254261,233588490,233576290,12200
1.254261,233589950,233577750,12200
1.254261,233589698,233579210,10488
1.254262,233589454,233580670,8784
1.254262,233589958,233581174,8784
1.254279,233595402,233582634,12768
1.254279,233596862,233584094,12768
1.254286,233596642,233585554,11088
1.254286,233596358,233587014,9344
1.254286,233596074,233588474,7600
1.254313,233600238,233589934,10304
1.254317,233601698,233591394,10304
1.254317,233601486,233592854,8632
1.254317,233601202,233594314,6888
1.254324,233600918,233595774,5144
1.254324,233601218,233596074,5144
1.25436,233607190,233597534,9656
1.254364,233606906,233598994,7912
1.254364,233608366,233600454,7912
1.254364,233607458,233601218,6240
1.254393,233611726,233602678,9048
1.254398,233611434,233604138,7296
1.254398,233612894,233605598,7296
1.254398,233612690,233607058,5632
1.254398,233613090,233607458,5632
1.254431,233617670,233608918,8752
1.254435,233617722,233610378,7344
1.254435,233617446,233611838,5608
1.254436,233616946,233613090,3856
1.254466,233621710,233614550,7160
1.25447,233623170,233616010,7160
1.25447,233622362,233616946,5416
1.25449,233625854,233618406,7448
1.254494,233625954,233619866,6088
1.254494,233625662,233621326,4336
1.254494,233626698,233622362,4336
1.254524,233630374,233623822,6552
1.254528,233630090,233625282,4808
1.254528,233629762,233626698,3064
1.254551,233633502,233628158,5344
1.254555,233634962,233629618,5344
1.254555,233633402,233629762,3640
1.25457,233636998,233631222,5776
1.254574,233636898,233632682,4216
1.254574,233637618,233633402,4216
1.254593,233640182,233634862,5320
1.254597,233639898,233636322,3576
1.254597,233639442,233637618,1824
1.25462,233643830,233639078,4752
1.25462,233642706,233639442,3264
1.25463,233645262,233640902,4360
1.254634,233644986,233642362,2624
1.254634,233645330,233642706,2624
1.254652,233648150,233644166,3984
1.254652,233648106,233645330,2776
1.254667,233649470,233646790,2680
1.254675,233650786,233648106,2680
1.254684,233652862,233649566,3296
1.254691,233652338,233650786,1552
1.254701,233655198,233652246,2952
1.254707,233655290,233652338,2952
1.254712,233656558,233653798,2760
1.254721,233657738,233655258,2480
1.254724,233657294,233656558,736
1.460856,233705790,233657294,48496
1.460883,233707906,233658754,49152
1.460883,233707758,233660214,47544
1.460883,233707474,233661674,45800
1.460883,233707190,233663134,44056
1.460883,233708650,233664594,44056
1.460883,233708430,233666054,42376
1.460883,233708154,233667514,40640
1.460883,233707862,233668974,38888
1.460905,233709322,233670434,38888
1.460905,233709102,233671894,37208
1.460933,233715362,233673354,42008
1.460939,233716822,233674814,42008
1.460939,233716618,233676274,40344
1.460939,233716326,233677734,38592
1.460939,233716042,233679194,36848
1.460939,233717502,233680654,36848
1.460958,233717290,233682114,35176
1.460958,233717006,233683574,33432
1.460958,233716714,233685034,31680
1.460958,233718174,233686494,31680
1.461016,233727714,233687954,39760
1.461022,233727422,233689414,38008
1.461022,233727138,233690874,36264
1.461022,233728598,233692334,36264
1.461022,233728386,233693794,34592
1.461022,233728102,233695254,32848
1.46104,233727810,233696714,31096
1.46104,233729270,233698174,31096
1.46104,233729066,233699634,29432
1.46104,233728774,233701094,27680
1.461106,233740442,233702554,37888
1.461111,233740686,233704014,36672
1.461111,233740466,233705474,34992
1.461111,233740174,233706934,33240
1.461111,233741634,233708394,33240
1.461129,233741358,233709854,31504
1.461129,233741146,233711314,29832
1.461129,233740854,233712774,28080
1.461129,233742314,233714234,28080
1.461129,233742038,233715694,26344
1.461231,233753634,233717154,36480
1.461231,233753758,233718614,35144
1.461231,233753482,233720074,33408
1.461231,233753190,233721534,31656
1.461231,233754650,233722994,31656
1.461231,233754438,233724454,29984
1.461231,233754162,233725914,28248
1.461231,233753870,233727374,26496
1.461244,233755330,233728834,26496
1.461244,233755110,233730294,24816
1.461316,233765410,233731754,33656
1.461316,233765126,233733214,31912
1.461316,233766586,233734674,31912
1.461316,233766358,233736134,30224
1.461316,233766090,233737594,28496
1.461317,233765806,233739054,26752
1.461317,233767266,233740514,26752
1.461317,233767022,233741974,25048
1.461331,233766770,233743434,23336
1.461331,233766478,233744894,21584
1.461407,233778418,233746354,32064
1.461407,233778662,233747814,30848
1.461407,233778450,233749274,29176
1.461407,233778158,233750734,27424
1.461407,233779618,233752194,27424
1.461407,233779342,233753654,25688
1.461407,233779130,233755114,24016
1.461407,233778838,233756574,22264
1.461421,233780298,233758034,22264
1.461421,233780014,233759494,20520
1.461484,233791154,233760954,30200
1.461484,233791158,233762414,28744
1.461484,233790874,233763874,27000
1.461484,233790582,233765334,25248
1.461484,233792042,233766794,25248
1.461484,233791838,233768254,23584
1.461484,233791546,233769714,21832
1.461484,233791254,233771174,20080
1.461503,233792714,233772634,20080
1.461503,233792510,233774094,18416
1.461576,233803266,233775554,27712
1.461576,233802982,233777014,25968
1.461576,233804442,233778474,25968
1.461576,233804238,233779934,24304
1.461576,233803946,233781394,22552
1.461576,233803654,233782854,20800
1.461576,233805114,233784314,20800
1.461576,233804910,233785774,19136
1.461592,233804618,233787234,17384
1.461592,233804334,233788694,15640
1.461666,233815618,233790154,25464
1.461666,233817078,233791614,25464
1.461666,233816842,233793074,23768
1.461666,233816574,233794534,22040
1.461666,233816290,233795994,20296
1.461666,233817750,233797454,20296
1.461666,233817506,233798914,18592
1.461666,233817254,233800374,16880
1.461687,233816970,233801834,15136
1.461687,233818430,233803294,15136
1.461757,233829130,233804754,24376
1.461757,233828934,233806214,22720
1.461757,233828642,233807674,20968
1.461757,233830102,233809134,20968
1.461757,233829818,233810594,19224
1.461757,233829606,233812054,17552
1.461757,233829322,233813514,15808
1.461757,233830782,233814974,15808
1.461775,233830498,233816434,14064
1.461775,233830286,233817894,12392
1.461875,233841858,233819354,22504
1.461876,233841998,233820814,21184
1.461876,233841722,233822274,19448
1.461876,233841438,233823734,17704
1.461876,233842898,233825194,17704
1.461876,233842678,233826654,16024
1.461876,233842402,233828114,14288
1.461876,233842110,233829574,12536
1.46189,233842822,233830286,12536
1.461943,233853618,233831746,21872
1.461943,233853334,233833206,20128
1.461943,233853042,233834666,18376
1.461943,233854502,233836126,18376
1.461943,233854290,233837586,16704
1.461943,233854006,233839046,14960
1.461943,233853714,233840506,13208
1.461943,233855174,233841966,13208
1.461956,233854366,233842822,11544
1.462013,233863362,233844282,19080
1.462013,233863070,233845742,17328
1.462013,233862786,233847202,15584
1.462013,233864246,233848662,15584
1.462013,233863094,233849174,13920
1.462067,233867802,233850634,17168
1.462067,233869262,233852094,17168
1.462067,233869042,233853554,15488
1.462067,233868766,233855014,13752
1.462067,233868474,233856474,12000
1.462067,233869934,233857934,12000
1.462067,233869722,233859394,10328
1.462067,233869438,233860854,8584
1.462074,233869154,233862314,6840
1.462074,233869934,233863094,6840
1.462134,233879850,233864554,15296
1.462134,233881310,233866014,15296
1.462134,233881090,233867474,13616
1.462134,233880814,233868934,11880
1.462134,233881814,233869934,11880
1.462162,233886890,233871394,15496
1.462169,233887110,233872854,14256
1.462169,233886858,233874314,12544
1.462169,233886566,233875774,10792
1.462169,233888026,233877234,10792
1.462169,233887782,233878694,9088
1.462169,233887530,233880154,7376
1.462176,233887246,233881614,5632
1.462176,233887446,233881814,5632
1.462236,233896802,233883274,13528
1.462241,233896510,233884734,11776
1.462241,233897970,233886194,11776
1.462241,233897558,233887446,10112
1.462271,233902122,233888906,13216
1.462276,233902302,233890366,11936
1.462277,233902010,233891826,10184
1.462277,233901734,233893286,8448
1.462277,233903194,233894746,8448
1.462283,233902982,233896206,6776
1.462283,233902582,233897558,5024
1.462335,233910786,233899018,11768
1.462339,233910494,233900478,10016
1.462339,233910218,233901938,8280
1.462339,233910862,233902582,8280
1.462366,233915314,233904042,11272
1.462372,233915022,233905502,9520
1.462372,233914738,233906962,7776
1.462372,233916198,233908422,7776
1.462372,233915978,233909882,6096
1.462372,233915222,233910862,4360
1.462418,233921762,233912322,9440
1.462422,233921470,233913782,7688
1.462422,233922910,233915222,7688
1.462445,233925098,233916682,8416
1.462451,233926558,233918142,8416
1.462452,233926346,233919602,6744
1.462452,233926062,233921062,5000
1.462452,233925770,233922522,3248
1.462452,233926158,233922910,3248
1.462493,233932170,233924370,7800
1.462497,233931886,233925830,6056
1.462497,233932214,233926158,6056
1.462513,233935202,233927618,7584
1.462518,233934910,233929078,5832
1.462518,233936370,233930538,5832
1.462518,233936158,233931998,4160
1.462518,233936374,233932214,4160
1.462551,233940786,233933674,7112
1.462551,233940494,233935134,5360
1.462557,233941734,233936374,5360
1.462577,233944122,233937834,6288
1.462581,233943830,233939294,4536
1.462581,233945290,233940754,4536
1.462581,233944598,233941734,2864
1.46261,233949186,233943194,5992
1.462614,233949078,233944598,4480
1.462628,233951690,233946058,5632
1.462633,233951606,233947518,4088
1.462633,233951314,233948978,2336
1.462633,233951414,233949078,2336
1.462656,233955554,233950538,5016
1.462657,233955086,233951414,3672
1.462671,233957602,233952874,4728
1.462675,233957462,233954334,3128
1.462675,233958214,233955086,3128
1.462694,233960786,233956546,4240
1.462698,233960686,233958006,2680
1.462699,233960894,233958214,2680
1.462714,233963514,233959674,3840
1.462714,233963286,233960894,2392
1.462731,233964674,233962354,2320
1.462731,233965606,233963286,2320
1.462746,233966746,233964746,2000
1.462746,233967606,233965606,2000
1.46276,233969874,233967066,2808
1.46276,233969150,233967606,1544
1.462772,233971690,233969066,2624
1.462776,233971774,233969150,2624
1.462781,233972410,233970610,1800
1.462791,233973126,233972070,1056
1.462791,233973466,233972410,1056
1.668864,234021634,233973466,48168
1.668888,234024078,233974926,49152
1.668888,234023690,233976386,47304
1.668897,234023398,233977846,45552
1.668897,234024858,233979306,45552
1.668897,234024582,233980766,43816
1.668897,234024362,233982226,42136
1.668897,234024070,233983686,40384
1.668897,234025530,233985146,40384
1.668898,234025254,233986606,38648
1.668917,234025034,233988066,36968
1.668942,234029758,233989526,40232
1.668942,234029474,233990986,38488
1.668942,234030934,233992446,38488
1.668942,234030706,233993906,36800
1.668942,234030438,233995366,35072
1.668942,234030146,233996826,33320
1.668942,234031174,233998286,32888
1.668963,234030882,233999746,31136
1.668963,234030598,234001206,29392
1.668963,234032058,234002666,29392
1.669023,234042534,234004126,38408
1.669028,234042250,234005586,36664
1.669028,234041966,234007046,34920
1.669028,234043426,234008506,34920
1.669028,234043214,234009966,33248
1.669045,234042930,234011426,31504
1.669045,234042638,234012886,29752
1.669046,234044098,234014346,29752
1.669046,234043886,234015806,28080
1.669046,234043602,234017266,26336
1.669114,234054782,234018726,36056
1.669119,234054498,234020186,34312
1.669119,234055958,234021646,34312
1.669119,234055738,234023106,32632
1.669119,234055462,234024566,30896
1.669137,234055170,234026026,29144
1.669137,234056630,234027486,29144
1.669137,234056418,234028946,27472
1.669137,234056134,234030406,25728
1.669137,234055850,234031866,23984
1.669205,234068014,234033326,34688
1.669208,234067770,234034786,32984
1.669208,234067486,234036246,31240
1.669208,234068946,234037706,31240
1.669217,234068678,234039166,29512
1.669217,234068442,234040626,27816
1.669217,234068158,234042086,26072
1.669217,234069618,234043546,26072
1.669217,234069350,234045006,24344
1.669217,234069122,234046466,22656
1.669297,234080446,234047926,32520
1.669301,234080162,234049386,30776
1.669301,234079870,234050846,29024
1.669301,234081330,234052306,29024
1.669301,234081126,234053766,27360
1.669319,234080834,234055226,25608
1.669319,234080550,234056686,23864
1.669319,234082010,234058146,23864
1.669319,234081798,234059606,22192
1.669319,234081514,234061066,20448
1.669388,234092638,234062526,30112
1.669393,234092346,234063986,28360
1.669393,234093806,234065446,28360
1.669393,234093602,234066906,26696
1.669393,234093318,234068366,24952
1.66941,234093026,234069826,23200
1.66941,234094486,234071286,23200
1.66941,234094282,234072746,21536
1.66941,234093990,234074206,19784
1.66941,234093706,234075666,18040
1.669479,234105982,234077126,28856
1.669484,234105778,234078586,27192
1.669484,234105486,234080046,25440
1.669484,234106946,234081506,25440
1.669484,234106662,234082966,23696
1.669501,234106450,234084426,22024
1.669501,234106166,234085886,20280
1.669501,234107626,234087346,20280
1.669501,234107342,234088806,18536
1.669501,234107130,234090266,16864
1.669571,234118542,234091726,26816
1.669576,234118258,234093186,25072
1.669576,234117974,234094646,23328
1.669576,234119434,234096106,23328
1.669576,234119222,234097566,21656
1.669576,234118930,234099026,19904
1.669594,234118654,234100486,18168
1.669594,234120114,234101946,18168
1.669594,234119894,234103406,16488
1.669594,234119602,234104866,14736
1.669693,234130718,234106326,24392
1.669693,234132178,234107786,24392
1.669693,234131902,234109246,22656
1.669693,234131690,234110706,20984
1.669693,234131398,234112166,19232
1.669693,234132858,234113626,19232
1.669693,234132566,234115086,17480
1.669693,234132362,234116546,15816
1.669717,234132070,234118006,14064
1.669717,234133530,234119466,14064
1.669778,234143958,234120926,23032
1.669778,234143978,234122386,21592
1.669778,234143686,234123846,19840
1.669779,234143402,234125306,18096
1.669779,234144862,234126766,18096
1.669779,234144650,234128226,16424
1.669779,234144358,234129686,14672
1.669779,234144074,234131146,12928
1.669793,234145534,234132606,12928
1.669793,234144794,234133530,11264
1.669864,234156238,234134990,21248
1.669864,234156034,234136450,19584
1.669864,234155758,234137910,17848
1.669864,234157218,234139370,17848
1.669864,234156934,234140830,16104
1.669864,234156714,234142290,14424
1.669864,234156430,234143750,12680
1.669864,234157474,234144794,12680
1.669932,234165494,234146254,19240
1.669932,234165202,234147714,17488
1.669932,234166662,234149174,17488
1.669932,234166450,234150634,15816
1.669932,234166166,234152094,14072
1.669932,234166926,234152854,14072
1.669992,234174202,234154314,19888
1.669992,234173990,234155774,18216
1.669992,234173714,234157234,16480
1.669992,234175174,234158694,16480
1.669992,234174882,234160154,14728
1.669992,234174662,234161614,13048
1.669992,234174386,234163074,11312
1.669992,234175846,234164534,11312
1.670005,234175554,234165994,9560
1.670005,234174814,234166926,7888
1.67007,234185114,234168386,16728
1.670071,234185366,234169846,15520
1.670071,234185154,234171306,13848
1.670071,234184870,234172766,12104
1.670071,234186330,234174226,12104
1.670071,234185166,234174814,10352
1.670132,234190978,234176274,14704
1.670132,234192438,234177734,14704
1.670132,234192226,234179194,13032
1.670132,234191934,234180654,11280
1.670132,234191658,234182114,9544
1.670132,234193054,234183574,9480
1.670132,234193314,234185034,8280
1.670132,234193446,234185166,8280
1.670195,234201026,234186626,14400
1.670196,234200934,234188086,12848
1.670196,234200642,234189546,11096
1.670196,234200358,234191006,9352
1.670196,234201682,234192466,9216
1.670196,234202662,234193446,9216
1.670255,234207066,234194906,12160
1.670255,234208526,234196366,12160
1.670255,234208314,234197826,10488
1.670255,234208022,234199286,8736
1.670255,234207738,234200746,6992
1.670255,234209198,234202206,6992
1.670255,234207990,234202662,5328
1.670277,234215882,234204122,11760
1.670277,234215598,234205582,10016
1.670277,234217058,234207042,10016
1.67033,234220758,234208502,12256
1.67033,234220466,234209962,10504
1.67033,234221926,234211422,10504
1.67033,234221714,234212882,8832
1.67033,234221438,234214342,7096
1.67033,234221146,234215802,5344
1.670331,234222402,234217058,5344
1.670388,234228846,234218518,10328
1.670388,234230306,234219978,10328
1.670388,234230094,234221438,8656
1.670388,234229314,234222402,6912
1.670402,234233030,234223862,9168
1.670402,234234490,234225322,9168
1.670408,234234230,234226782,7448
1.670408,234233994,234228242,5752
1.670433,234238086,234229702,8384
1.670438,234237810,234231162,6648
1.670438,234239270,234232622,6648
1.670438,234238914,234233994,4920
1.670469,234242430,234235454,6976
1.670474,234243890,234236914,6976
1.670474,234243670,234238374,5296
1.670474,234244210,234238914,5296
1.670499,234247622,234240374,7248
1.670504,234247346,234241834,5512
1.670504,234247054,234243294,3760
1.670504,234247970,234244210,3760
1.670533,234252198,234245670,6528
1.670536,234252178,234247130,5048
1.670537,234251266,234247970,3296
1.670556,234254398,234249430,4968
1.670559,234255858,234250890,4968
1.67056,234254562,234251266,3296
1.670576,234258206,234252726,5480
1.67058,234257922,234254186,3736
1.67058,234258298,234254562,3736
1.670597,234260454,234256022,4432
1.670601,234260162,234257482,2680
1.670601,234260978,234258298,2680
1.670621,234264478,234259758,4720
1.670625,234264466,234260978,3488
1.670637,234266622,234262438,4184
1.670641,234266338,234263898,2440
1.670641,234266906,234264466,2440
1.670659,234269710,234265926,3784
1.67066,234269386,234266906,2480
1.670674,234270918,234268366,2552
1.670674,234271938,234269386,2552
1.67069,234274022,234270846,3176
1.67069,234273658,234271938,1720
1.670706,234275814,234273398,2416
1.670706,234276074,234273658,2416
1.670717,234277278,234275118,2160
1.670717,234278234,234276074,2160
1.670732,234279254,234277534,1720
1.670732,234279954,234278234,1720
1.670745,234281174,234279694,1480
1.670745,234281434,234279954,1480
1.670755,234282086,234281414,672
1.670759,234282106,234281434,672
1.876864,234330722,234282106,48616
1.876889,234332558,234283566,48992
1.876889,234332138,234285026,47112
1.876897,234331838,234286486,45352
1.876897,234333298,234287946,45352
1.876897,234333094,234289406,43688
1.876897,234332802,234290866,41936
1.876897,234332510,234292326,40184
1.876897,234333970,234293786,40184
1.876916,234333766,234295246,38520
1.876916,234333474,234296706,36768
1.876943,234337614,234298166,39448
1.876943,234339074,234299626,39448
1.876943,234338870,234301086,37784
1.876943,234338578,234302546,36032
1.876943,234338294,234304006,34288
1.876943,234339754,234305466,34288
1.876943,234339542,234306926,32616
1.876943,234339258,234308386,30872
1.876963,234338966,234309846,29120
1.876963,234340426,234311306,29120
1.877023,234350478,234312766,37712
1.877028,234351938,234314226,37712
1.877028,234351654,234315686,35968
1.877028,234351450,234317146,34304
1.877028,234351158,234318606,32552
1.877046,234352618,234320066,32552
1.877046,234352334,234321526,30808
1.877046,234352122,234322986,29136
1.877046,234351830,234324446,27384
1.877046,234353290,234325906,27384
1.877115,234363942,234327366,36576
1.877115,234363826,234328826,35000
1.877121,234363542,234330286,33256
1.877121,234363258,234331746,31512
1.877121,234364718,234333206,31512
1.877121,234364506,234334666,29840
1.877121,234364214,234336126,28088
1.877139,234363938,234337586,26352
1.877139,234365398,234339046,26352
1.877139,234365178,234340506,24672
1.877206,234376678,234341966,34712
1.877211,234376658,234343426,33232
1.877211,234376374,234344886,31488
1.877211,234376090,234346346,29744
1.877211,234377550,234347806,29744
1.877229,234377330,234349266,28064
1.877229,234377046,234350726,26320
1.877229,234376770,234352186,24584
1.87723,234378230,234353646,24584
1.87723,234378010,234355106,22904
1.877297,234388094,234356566,31528
1.877297,234389554,234358026,31528
1.877303,234389342,234359486,29856
1.877303,234389058,234360946,28112
1.877303,234388774,234362406,26368
1.877303,234390234,234363866,26368
1.877319,234390014,234365326,24688
1.877319,234389738,234366786,22952
1.877319,234389446,234368246,21200
1.87732,234390906,234369706,21200
1.87742,234402062,234371166,30896
1.87742,234401778,234372626,29152
1.87742,234401494,234374086,27408
1.87742,234402954,234375546,27408
1.87742,234402742,234377006,25736
1.87742,234402458,234378466,23992
1.87742,234402174,234379926,22248
1.87742,234403634,234381386,22248
1.877433,234403414,234382846,20568
1.877433,234403138,234384306,18832
1.877505,234414646,234385766,28880
1.877506,234414474,234387226,27248
1.877506,234414182,234388686,25496
1.877506,234415642,234390146,25496
1.877506,234415358,234391606,23752
1.877506,234415146,234393066,22080
1.877506,234414862,234394526,20336
1.877506,234414578,234395986,18592
1.877521,234416038,234397446,18592
1.877521,234415826,234398906,16920
1.877596,234426030,234400366,25664
1.877596,234427490,234401826,25664
1.877596,234427278,234403286,23992
1.877596,234426994,234404746,22248
1.877596,234426710,234406206,20504
1.877596,234428170,234407666,20504
1.877597,234427950,234409126,18824
1.877597,234427674,234410586,17088
1.877609,234427382,234412046,15336
1.877609,234428842,234413506,15336
1.877687,234439886,234414966,24920
1.877688,234440114,234416426,23688
1.877688,234439894,234417886,22008
1.877688,234439618,234419346,20272
1.877688,234441078,234420806,20272
1.877688,234440794,234422266,18528
1.877688,234440574,234423726,16848
1.877688,234440290,234425186,15104
1.877711,234441750,234426646,15104
1.877711,234441466,234428106,13360
1.877778,234452502,234429566,22936
1.877779,234452218,234431026,21192
1.877779,234451926,234432486,19440
1.877779,234453386,234433946,19440
1.877779,234453182,234435406,17776
1.877779,234452890,234436866,16024
1.877779,234452598,234438326,14272
1.877779,234454058,234439786,14272
1.877788,234453854,234441246,12608
1.877788,234454074,234441466,12608
1.877859,234464214,234442926,21288
1.877859,234464442,234444386,20056
1.877859,234464190,234445846,18344
1.877859,234463914,234447306,16608
1.877859,234465374,234448766,16608
1.877859,234465106,234450226,14880
1.877859,234464870,234451686,13184
1.877859,234464594,234453146,11448
1.877871,234465522,234454074,11448
1.877935,234475134,234455534,19600
1.877935,234474446,234456534,17912
1.877946,234477626,234457994,19632
1.877946,234477334,234459454,17880
1.877946,234478794,234460914,17880
1.877946,234478534,234462374,16160
1.877946,234478298,234463834,14464
1.877946,234478014,234465294,12720
1.878006,234484026,234466754,17272
1.878006,234483742,234468214,15528
1.878006,234485202,234469674,15528
1.878007,234484982,234471134,13848
1.878007,234484698,234472594,12104
1.878007,234484414,234474054,10360
1.878007,234485874,234475514,10360
1.878007,234485662,234476974,8688
1.878018,234484958,234478014,6944
1.878085,234495834,234479474,16360
1.878085,234496078,234480934,15144
1.878085,234495866,234482394,13472
1.878085,234495590,234483854,11736
1.878085,234496694,234484958,11736
1.878146,234501786,234486418,15368
1.878146,234501494,234487878,13616
1.878146,234501218,234489338,11880
1.878146,234502678,234490798,11880
1.878146,234502466,234492258,10208
1.878146,234502174,234493718,8456
1.878146,234501890,234495178,6712
1.878146,234503350,234496638,6712
1.878159,234503406,234496694,6712
1.878207,234512210,234498154,14056
1.878207,234513670,234499614,14056
1.878207,234513450,234501074,12376
1.878207,234513166,234502534,10632
1.878207,234513886,234503254,10632
1.878254,234517354,234504714,12640
1.878254,234517070,234506174,10896
1.878254,234518530,234507634,10896
1.878254,234518318,234509094,9224
1.878254,234518034,234510554,7480
1.878254,234517750,234512014,5736
1.878254,234519210,234513474,5736
1.878254,234517950,234513886,4064
1.878289,234526986,234515346,11640
1.878293,234527070,234516806,10264
1.878293,234526478,234517950,8528
1.878314,234529666,234519410,10256
1.87832,234531126,234520870,10256
1.87832,234530842,234522330,8512
1.87832,234530630,234523790,6840
1.87832,234530338,234525250,5088
1.87832,234531566,234526478,5088
1.878368,234537898,234527938,9960
1.878373,234537846,234529398,8448
1.878373,234537562,234530858,6704
1.878373,234538270,234531566,6704
1.878399,234541450,234533026,8424
1.878404,234542910,234534486,8424
1.878404,234542658,234535946,6712
1.878404,234542414,234537406,5008
1.878404,234543278,234538270,5008
1.878441,234548130,234539730,8400
1.878446,234548150,234541190,6960
1.878446,234547866,234542650,5216
1.878446,234548494,234543278,5216
1.878473,234552450,234544738,7712
1.878477,234552670,234546198,6472
1.878477,234552386,234547658,4728
1.878477,234553222,234548494,4728
1.878506,234556994,234549954,7040
1.878506,234557182,234551414,5768
1.878511,234556898,234552874,4024
1.878511,234557246,234553222,4024
1.878535,234561082,234554682,6400
1.878539,234561150,234556142,5008
1.878539,234560510,234557246,3264
1.87856,234563610,234558706,4904
1.878564,234565070,234560166,4904
1.878564,234563742,234560510,3232
1.87858,234567250,234561970,5280
1.878584,234566958,234563430,3528
1.878584,234567270,234563742,3528
1.878601,234569258,234565202,4056
1.878605,234570718,234566662,4056
1.878605,234569654,234567270,2384
1.878624,234572594,234568730,3864
1.878624,234573518,234569654,3864
1.878637,234574666,234571114,3552
1.878641,234574382,234572574,1808
1.878641,234575326,234573518,1808
1.878662,234578058,234574978,3080
1.878662,234578406,234575326,3080
1.878673,234579058,234576786,2272
1.878677,234580518,234578246,2272
1.878677,234580678,234578406,2272
1.878692,234582922,234579866,3056
1.878692,234582246,234580678,1568
1.878706,234584754,234582138,2616
1.87871,234584862,234582246,2616
1.878716,234585498,234583706,1792
1.878726,234586646,234585166,1480
1.878726,234586978,234585498,1480
1.878737,234589046,234586958,2088
1.878746,234587834,234586978,856
1.87875,234590638,234588438,2200
1.87876,234592226,234589898,2328
1.87876,234591734,234590638,1096
1.878769,234592642,234592098,544
2.084867,234641794,234592642,49152
2.084892,234642654,234594102,48552
2.084899,234642282,234595562,46720
2.084899,234643742,234597022,46720
2.084899,234643522,234598482,45040
2.084899,234643246,234599942,43304
2.084899,234642954,234601402,41552
2.084899,234644414,234602862,41552
2.08492,234644194,234604322,39872
2.084921,234643918,234605782,38136
2.084921,234643634,234607242,36392
2.084946,234649238,234608702,40536
2.084946,234648946,234610162,38784
2.084946,234648662,234611622,37040
2.084946,234650122,234613082,37040
2.084946,234649910,234614542,35368
2.084946,234649626,234616002,33624
2.084946,234649334,234617462,31872
2.084946,234650794,234618922,31872
2.084965,234650590,234620382,30208
2.084965,234650306,234621842,28464
2.085027,234661790,234623302,38488
2.085031,234661906,234624762,37144
2.085031,234661622,234626222,35400
2.085031,234661338,234627682,33656
2.085031,234662798,234629142,33656
2.085049,234662586,234630602,31984
2.085049,234662302,234632062,30240
2.085049,234662010,234633522,28488
2.085049,234663470,234634982,28488
2.085049,234663266,234636442,26824
2.085118,234674406,234637902,36504
2.085123,234674114,234639362,34752
2.085123,234673830,234640822,33008
2.085123,234675290,234642282,33008
2.085123,234675078,234643742,31336
2.085141,234674794,234645202,29592
2.085141,234674510,234646662,27848
2.085141,234675970,234648122,27848
2.085141,234675758,234649582,26176
2.085141,234675466,234651042,24424
2.085209,234686446,234652502,33944
2.085215,234686154,234653962,32192
2.085215,234687614,234655422,32192
2.085215,234687402,234656882,30520
2.085215,234687118,234658342,28776
2.085215,234686834,234659802,27032
2.085234,234688294,234661262,27032
2.085234,234688074,234662722,25352
2.085234,234687798,234664182,23616
2.085234,234687506,234665642,21864
2.0853,234699766,234667102,32664
2.085305,234699858,234668562,31296
2.085305,234699574,234670022,29552
2.085305,234699290,234671482,27808
2.085305,234700750,234672942,27808
2.085323,234700538,234674402,26136
2.085323,234700246,234675862,24384
2.085323,234699962,234677322,22640
2.085323,234701422,234678782,22640
2.085323,234701210,234680242,20968
2.085391,234712110,234681702,30408
2.0854,234711818,234683162,28656
2.0854,234711534,234684622,26912
2.0854,234712994,234686082,26912
2.0854,234712782,234687542,25240
2.0854,234712498,234689002,23496
2.0854,234712206,234690462,21744
2.0854,234713666,234691922,21744
2.085419,234713462,234693382,20080
2.085419,234713170,234694842,18328
2.085516,234724166,234696302,27864
2.085516,234725626,234697762,27864
2.085516,234725406,234699222,26184
2.085516,234725122,234700682,24440
2.085516,234724838,234702142,22696
2.085516,234726298,234703602,22696
2.085516,234726086,234705062,21024
2.085516,234725802,234706522,19280
2.085539,234725518,234707982,17536
2.085539,234726978,234709442,17536
2.0856,234737742,234710902,26840
2.0856,234737978,234712362,25616
2.0856,234737766,234713822,23944
2.0856,234737474,234715282,22192
2.0856,234738934,234716742,22192
2.0856,234738658,234718202,20456
2.0856,234738438,234719662,18776
2.0856,234738154,234721122,17032
2.085625,234739614,234722582,17032
2.085625,234739330,234724042,15288
2.085691,234750150,234725502,24648
2.085691,234749866,234726962,22904
2.085691,234749582,234728422,21160
2.085691,234751042,234729882,21160
2.085691,234750830,234731342,19488
2.085691,234750546,234732802,17744
2.085691,234750262,234734262,16000
2.085691,234751722,234735722,16000
2.085712,234751510,234737182,14328
2.085712,234751218,234738642,12576
2.085783,234762334,234740102,22232
2.085783,234762050,234741562,20488
2.085783,234763510,234743022,20488
2.085783,234763298,234744482,18816
2.085783,234763014,234745942,17072
2.085783,234762722,234747402,15320
2.085783,234764182,234748862,15320
2.085783,234763978,234750322,13656
2.085796,234764874,234751218,13656
2.085857,234773598,234752678,20920
2.085857,234773306,234754138,19168
2.085857,234774766,234755598,19168
2.085857,234774562,234757058,17504
2.085857,234774278,234758518,15760
2.085857,234773986,234759978,14008
2.085857,234775446,234761438,14008
2.085857,234775234,234762898,12336
2.08587,234774950,234764358,10592
2.08587,234775466,234764874,10592
2.085943,234785662,234766334,19328
2.085943,234785378,234767794,17584
2.085943,234785094,234769254,15840
2.085943,234786554,234770714,15840
2.085943,234786342,234772174,14168
2.085943,234786058,234773634,12424
2.085943,234785766,234775094,10672
2.085943,234786138,234775466,10672
2.086009,234794222,234776926,17296
2.086009,234795682,234778386,17296
2.086009,234795462,234779846,15616
2.086009,234795186,234781306,13880
2.086009,234794894,234782766,12128
2.086009,234795702,234783574,12128
2.086068,234802778,234785034,17744
2.086069,234802486,234786494,15992
2.086069,234803946,234787954,15992
2.086069,234803742,234789414,14328
2.086069,234803450,234790874,12576
2.086069,234803166,234792334,10832
2.086069,234804626,234793794,10832
2.086069,234804414,234795254,9160
2.086082,234804862,234795702,9160
2.086135,234812466,234797162,15304
2.086136,234812174,234798622,13552
2.086136,234811890,234800082,11808
2.086136,234813350,234801542,11808
2.086136,234813146,234803002,10144
2.086136,234812854,234804462,8392
2.086136,234813254,234804862,8392
2.086198,234821250,234806322,14928
2.086198,234820958,234807782,13176
2.086198,234820674,234809242,11432
2.086198,234822134,234810702,11432
2.086198,234821922,234812162,9760
2.086198,234821270,234813254,8016
2.086252,234827794,234814714,13080
2.086252,234828014,234816174,11840
2.086252,234827762,234817634,10128
2.086252,234827478,234819094,8384
2.086252,234828938,234820554,8384
2.086252,234827934,234821270,6664
2.086274,234834754,234822730,12024
2.086279,234834470,234824190,10280
2.086279,234834178,234825650,8528
2.086279,234835638,234827110,8528
2.086279,234834790,234827934,6856
2.086314,234839418,234829394,10024
2.08632,234840878,234830854,10024
2.08632,234840666,234832314,8352
2.08632,234840374,234833774,6600
2.08632,234841390,234834790,6600
2.086357,234845858,234836250,9608
2.086363,234845566,234837710,7856
2.086363,234847026,234839170,7856
2.086363,234846822,234840630,6192
2.086363,234847582,234841390,6192
2.086399,234851298,234842850,8448
2.086399,234852758,234844310,8448
2.086405,234852546,234845770,6776
2.086405,234852262,234847230,5032
2.086405,234852614,234847582,5032
2.086437,234857578,234849042,8536
2.086442,234857678,234850502,7176
2.086442,234857386,234851962,5424
2.086442,234858038,234852614,5424
2.086469,234860706,234854074,6632
2.086469,234862166,234855534,6632
2.086475,234861962,234856994,4968
2.086475,234861254,234858038,3216
2.086502,234866506,234859498,7008
2.086506,234866230,234860958,5272
2.086506,234866526,234861254,5272
2.086522,234869402,234862714,6688
2.086527,234869550,234864174,5376
2.086527,234869258,234865634,3624
2.086527,234870150,234866526,3624
2.086555,234872946,234867986,4960
2.086559,234874406,234869446,4960
2.086559,234873438,234870150,3288
2.086578,234877138,234871610,5528
2.086583,234877238,234873070,4168
2.086583,234877606,234873438,4168
2.086599,234879522,234874898,4624
2.086603,234879238,234876358,2880
2.086603,234880486,234877606,2880
2.086625,234882938,234879066,3872
2.086628,234882614,234880486,2128
2.086643,234885722,234881946,3776
2.086643,234886390,234882614,3776
2.086656,234887610,234884074,3536
2.08666,234887326,234885534,1792
2.08666,234888182,234886390,1792
2.08668,234891234,234887850,3384
2.08668,234890358,234888182,2176
2.086691,234892690,234889642,3048
2.086691,234891662,234890358,1304
2.292865,234939686,234891662,48024
2.29289,234941410,234893122,48288
2.29289,234941062,234894582,46480
2.292898,234942522,234896042,46480
2.292898,234942318,234897502,44816
2.292898,234942026,234898962,43064
2.292898,234941742,234900422,41320
2.292898,234943202,234901882,41320
2.292898,234942990,234903342,39648
2.292899,234942706,234904802,37904
2.292919,234942414,234906262,36152
2.292945,234948338,234907722,40616
2.292945,234948582,234909182,39400
2.292945,234948370,234910642,37728
2.292945,234948086,234912102,35984
2.292945,234949546,234913562,35984
2.292946,234949254,234915022,34232
2.292946,234949042,234916482,32560
2.292946,234948766,234917942,30824
2.292964,234950226,234919402,30824
2.292964,234949934,234920862,29072
2.293024,234959682,234922322,37360
2.293029,234961142,234923782,37360
2.293029,234960938,234925242,35696
2.293029,234960646,234926702,33944
2.293029,234960362,234928162,32200
2.293046,234961822,234929622,32200
2.293046,234961610,234931082,30528
2.293046,234961326,234932542,28784
2.293046,234961034,234934002,27032
2.293046,234962494,234935462,27032
2.293115,234973370,234936922,36448
2.29312,234973078,234938382,34696
2.29312,234972786,234939842,32944
2.29312,234974246,234941302,32944
2.29312,234974042,234942762,31280
2.293137,234973758,234944222,29536
2.293137,234973466,234945682,27784
2.293137,234974926,234947142,27784
2.293137,234974722,234948602,26120
2.293137,234974430,234950062,24368
2.293207,234985506,234951522,33984
2.293211,234985222,234952982,32240
2.293211,234986682,234954442,32240
2.293211,234986470,234955902,30568
2.293211,234986186,234957362,28824
2.293229,234985894,234958822,27072
2.293229,234987354,234960282,27072
2.293229,234987150,234961742,25408
2.293229,234986866,234963202,23664
2.293229,234986574,234964662,21912
2.293298,234998810,234966122,32688
2.293303,234999078,234967582,31496
2.293303,234998874,234969042,29832
2.293303,234998582,234970502,28080
2.293303,234998298,234971962,26336
2.29332,234999758,234973422,26336
2.293321,234999546,234974882,24664
2.293321,234999262,234976342,22920
2.293321,234998970,234977802,21168
2.293321,235000430,234979262,21168
2.293389,235011546,234980722,30824
2.293394,235011358,234982182,29176
2.293394,235011066,234983642,27424
2.293394,235012526,234985102,27424
2.293394,235012250,234986562,25688
2.293411,235012038,234988022,24016
2.293411,235011746,234989482,22264
2.293411,235013206,234990942,22264
2.293411,235012922,234992402,20520
2.293411,235012710,234993862,18848
2.29348,235023706,234995322,28384
2.293485,235023430,234996782,26648
2.293485,235024890,234998242,26648
2.293485,235024670,234999702,24968
2.293485,235024386,235001162,23224
2.293492,235024102,235002622,21480
2.293492,235025562,235004082,21480
2.293492,235025342,235005542,19800
2.293492,235025058,235007002,18056
2.293492,235024782,235008462,16320
2.293572,235036786,235009922,26864
2.293576,235036966,235011382,25584
2.293576,235036682,235012842,23840
2.293576,235036398,235014302,22096
2.293576,235037858,235015762,22096
2.293594,235037638,235017222,20416
2.293594,235037354,235018682,18672
2.293594,235037070,235020142,16928
2.293594,235038530,235021602,16928
2.293594,235038318,235023062,15256
2.293695,235048778,235024522,24256
2.293695,235050238,235025982,24256
2.293695,235049970,235027442,22528
2.293695,235049734,235028902,20832
2.293695,235049450,235030362,19088
2.293695,235050910,235031822,19088
2.293696,235050642,235033282,17360
2.293696,235050414,235034742,15672
2.293718,235050130,235036202,13928
2.293718,235051590,235037662,13928
2.29378,235061962,235039122,22840
2.29378,235061670,235040582,21088
2.29378,235061386,235042042,19344
2.29378,235062846,235043502,19344
2.29378,235062634,235044962,17672
2.29378,235062350,235046422,15928
2.29378,235062066,235047882,14184
2.29378,235063526,235049342,14184
2.293794,235063314,235050802,12512
2.293794,235064102,235051590,12512
2.293864,235074306,235053050,21256
2.293864,235074294,235054510,19784
2.293864,235074002,235055970,18032
2.293864,235073710,235057430,16280
2.293864,235075170,235058890,16280
2.293864,235074966,235060350,14616
2.293864,235074682,235061810,12872
2.293864,235074390,235063270,11120
2.293878,235075014,235063894,11120
2.293939,235084530,235065354,19176
2.293939,235084246,235066814,17432
2.293939,235085706,235068274,17432
2.293939,235085438,235069734,15704
2.293939,235085210,235071194,14016
2.293939,235084918,235072654,12264
2.293939,235086378,235074114,12264
2.293939,235085550,235075014,10536
2.294009,235094546,235076474,18072
2.294009,235094766,235077934,16832
2.294009,235094530,235079394,15136
2.294009,235094238,235080854,13384
2.294009,235095698,235082314,13384
2.294009,235095438,235083774,11664
2.294009,235095210,235085234,9976
2.294009,235095526,235085550,9976
2.294074,235102706,235087010,15696
2.294075,235104166,235088470,15696
2.294075,235103962,235089930,14032
2.294075,235103670,235091390,12280
2.294075,235103386,235092850,10536
2.294075,235104846,235094310,10536
2.294075,235104390,235095526,8864
2.29414,235111978,235096986,14992
2.29414,235111694,235098446,13248
2.29414,235113154,235099906,13248
2.29414,235112942,235101366,11576
2.29414,235112658,235102826,9832
2.29414,235112366,235104286,8080
2.29414,235112470,235104390,8080
2.294202,235120010,235105850,14160
2.294202,235120222,235107310,12912
2.294202,235121682,235108770,12912
2.294202,235121390,235110230,11160
2.294202,235121774,235110614,11160
2.294221,235126210,235112074,14136
2.294221,235125926,235113534,12392
2.294221,235127386,235114994,12392
2.294221,235127102,235116454,10648
2.29423,235126890,235117914,8976
2.29423,235126606,235119374,7232
2.294266,235133202,235120834,12368
2.294272,235133430,235122294,11136
2.294272,235133194,235123754,9440
2.294272,235132918,235125214,7704
2.294272,235134310,235126606,7704
2.29431,235139354,235128066,11288
2.294316,235139470,235129526,9944
2.294316,235139186,235130986,8200
2.294316,235138894,235132446,6448
2.294316,235140354,235133906,6448
2.294316,235139086,235134310,4776
2.294358,235145314,235135770,9544
2.294362,235145022,235137230,7792
2.294362,235146482,235138690,7792
2.294362,235145214,235139086,6128
2.294389,235149538,235140546,8992
2.294394,235149254,235142006,7248
2.294394,235150714,235143466,7248
2.294394,235150494,235144926,5568
2.294394,235150782,235145214,5568
2.294427,235154370,235146674,7696
2.294431,235155830,235148134,7696
2.294431,235155618,235149594,6024
2.294431,235155062,235150782,4280
2.294461,235159130,235152242,6888
2.294465,235160590,235153702,6888
2.294465,235160278,235155062,5216
2.294488,235163274,235156522,6752
2.294492,235162990,235157982,5008
2.294492,235164450,235159442,5008
2.294492,235163614,235160278,3336
2.29452,235167426,235161738,5688
2.294524,235168886,235163198,5688
2.294524,235167630,235163614,4016
2.294541,235171410,235165074,6336
2.294545,235171534,235166534,5000
2.294545,235170886,235167630,3256
2.294566,235173938,235169090,4848
2.294573,235175398,235170550,4848
2.294573,235174054,235170886,3168
2.294587,235177530,235172346,5184
2.29459,235177246,235173806,3440
2.29459,235177494,235174054,3440
2.294606,235180506,235175514,4992
2.294611,235180286,235176974,3312
2.294611,235180806,235177494,3312
2.294628,235183458,235178954,4504
2.294632,235183366,235180414,2952
2.294633,235183758,235180806,2952
2.294649,235185946,235182266,3680
2.294652,235185662,235183726,1936
2.294652,235185694,235183758,1936
2.294667,235188810,235185218,3592
2.294667,235189286,235185694,3592
2.294679,235190514,235187154,3360
2.294682,235190646,235188614,2032
2.294682,235189574,235189286,288
2.500851,235238726,235189574,49152
2.500877,235240162,235191034,49128
2.500877,235239734,235192494,47240
2.500877,235239442,235193954,45488
2.500877,235240902,235195414,45488
2.500877,235240690,235196874,43816
2.500877,235240406,235198334,42072
2.500877,235240114,235199794,40320
2.500877,235241574,235201254,40320
2.500899,235241362,235202714,38648
2.500899,235240958,235204054,36904
2.500928,235248658,235205514,43144
2.500933,235248750,235206974,41776
2.500933,235248466,235208434,40032
2.500933,235248182,235209894,38288
2.500933,235249642,235211354,38288
2.500951,235249430,235212814,36616
2.500951,235249138,235214274,34864
2.500951,235248854,235215734,33120
2.500951,235250314,235217194,33120
2.500951,235250102,235218654,31448
2.501014,235259570,235220114,39456
2.501023,235261030,235221574,39456
2.501023,235260810,235223034,37776
2.501023,235260534,235224494,36040
2.501023,235260242,235225954,34288
2.501023,235261702,235227414,34288
2.501024,235261490,235228874,32616
2.501024,235261206,235230334,30872
2.501024,235260922,235231794,29128
2.501043,235262382,235233254,29128
2.501106,235272378,235234714,37664
2.50111,235273838,235236174,37664
2.50111,235273626,235237634,35992
2.50111,235273350,235239094,34256
2.50111,235273058,235240554,32504
2.501128,235274518,235242014,32504
2.501128,235274306,235243474,30832
2.501128,235274022,235244934,29088
2.501128,235273730,235246394,27336
2.501128,235275190,235247854,27336
2.501196,235285482,235249314,36168
2.501201,235285198,235250774,34424
2.501201,235286658,235252234,34424
2.501201,235286398,235253694,32704
2.501201,235286154,235255154,31000
2.501219,235285878,235256614,29264
2.501219,235287338,235258074,29264
2.501219,235287062,235259534,27528
2.501219,235286834,235260994,25840
2.501219,235286550,235262454,24096
2.501287,235297938,235263914,34024
2.501297,235297654,235265374,32280
2.501297,235299114,235266834,32280
2.501297,235298902,235268294,30608
2.501297,235298610,235269754,28856
2.501297,235298326,235271214,27112
2.501297,235299786,235272674,27112
2.501297,235299574,235274134,25440
2.501297,235299290,235275594,23696
2.501317,235299006,235277054,21952
2.501379,235310058,235278514,31544
2.501382,235311518,235279974,31544
2.501383,235311314,235281434,29880
2.501383,235311022,235282894,28128
2.501389,235310738,235284354,26384
2.501389,235312198,235285814,26384
2.50139,235311986,235287274,24712
2.50139,235311702,235288734,22968
2.50139,235311410,235290194,21216
2.50139,235312870,235291654,21216
2.50147,235323930,235293114,30816
2.501475,235323798,235294574,29224
2.501475,235323506,235296034,27472
2.501475,235323230,235297494,25736
2.501475,235324690,235298954,25736
2.501493,235324478,235300414,24064
2.501493,235324186,235301874,22312
2.501493,235323910,235303334,20576
2.501493,235325370,235304794,20576
2.501493,235325150,235306254,18896
2.501561,235335850,235307714,28136
2.501566,235335574,235309174,26400
2.501566,235337034,235310634,26400
2.501566,235336814,235312094,24720
2.501566,235336530,235313554,22976
2.501584,235336246,235315014,21232
2.501584,235337706,235316474,21232
2.501584,235337494,235317934,19560
2.501584,235337202,235319394,17808
2.501584,235336918,235320854,16064
2.501652,235348266,235322314,25952
2.501658,235349726,235323774,25952
2.501658,235349514,235325234,24280
2.501658,235349230,235326694,22536
2.501658,235348946,235328154,20792
2.501675,235350406,235329614,20792
2.501675,235350186,235331074,19112
2.501675,235349910,235332534,17376
2.501675,235349618,235333994,15624
2.501675,235351078,235335454,15624
2.501743,235361794,235336914,24880
2.501748,235361510,235338374,23136
2.501749,235361218,235339834,21384
2.501749,235362678,235341294,21384
2.501749,235362474,235342754,19720
2.501755,235362190,235344214,17976
2.501755,235361898,235345674,16224
2.501755,235363358,235347134,16224
2.501756,235363146,235348594,14552
2.501756,235362862,235350054,12808
2.501837,235374634,235351514,23120
2.501837,235374862,235352974,21888
2.501845,235374586,235354434,20152
2.501845,235374310,235355894,18416
2.501845,235375770,235357354,18416
2.501845,235375526,235358814,16712
2.501845,235375258,235360274,14984
2.501845,235374982,235361734,13248
2.501853,235376110,235362862,13248
2.501916,235385778,235364322,21456
2.50192,235385502,235365782,19720
2.50192,235385210,235367242,17968
2.50192,235386670,235368702,17968
2.50192,235386450,235370162,16288
2.501928,235386174,235371622,14552
2.501928,235385890,235373082,12808
2.501928,235387350,235374542,12808
2.501928,235387114,235376002,11112
2.501928,235387222,235376110,11112
2.501999,235397146,235377570,19576
2.501999,235397366,235379030,18336
2.502005,235397162,235380490,16672
2.502005,235396878,235381950,14928
2.502005,235398338,235383410,14928
2.502005,235398046,235384870,13176
2.502005,235397842,235386330,11512
2.502012,235398734,235387222,11512
2.502067,235406002,235388682,17320
2.502071,235407462,235390142,17320
2.502071,235406510,235390934,15576
2.502091,235409778,235392394,17384
2.502096,235409494,235393854,15640
2.502096,235409202,235395314,13888
2.502096,235410662,235396774,13888
2.502096,235410458,235398234,12224
2.502104,235410166,235399694,10472
2.502104,235409882,235401154,8728
2.502104,235411342,235402614,8728
2.502104,235411130,235404074,7056
2.502104,235410846,235405534,5312
2.502183,235422178,235406994,15184
2.502183,235421894,235408454,13440
2.502188,235423354,235409914,13440
2.502188,235422614,235410846,11768
2.502215,235426618,235412306,14312
2.50222,235426342,235413766,12576
2.50222,235427802,235415226,12576
2.50222,235427582,235416686,10896
2.50222,235427298,235418146,9152
2.502225,235427022,235419606,7416
2.502225,235428482,235421066,7416
2.502225,235428262,235422526,5736
2.502225,235428350,235422614,5736
2.502289,235437034,235424074,12960
2.502293,235436750,235425534,11216
2.502294,235438210,235426994,11216
2.502294,235437894,235428350,9544
2.502324,235441546,235429810,11736
2.502329,235443006,235431270,11736
2.502329,235442786,235432730,10056
2.502329,235442502,235434190,8312
2.502329,235442218,235435650,6568
2.502336,235443678,235437110,6568
2.502336,235442550,235437654,4896
2.502383,235450586,235439114,11472
2.502387,235450390,235440574,9816
2.502387,235450106,235442034,8072
2.502387,235450622,235442550,8072
2.502413,235454034,235444010,10024
2.502419,235453750,235445470,8280
2.502419,235455210,235446930,8280
2.502419,235454990,235448390,6600
2.502419,235454706,235449850,4856
2.502419,235455478,235450622,4856
2.502464,235460858,235452082,8776
2.502468,235462318,235453542,8776
2.502468,235462106,235455002,7104
2.502468,235462582,235455478,7104
2.502494,235466042,235456938,9104
2.502499,235465854,235458398,7456
2.502499,235465570,235459858,5712
2.502499,235467030,235461318,5712
2.502499,235466550,235462582,3968
2.502538,235472074,235464042,8032
2.502542,235471782,235465502,6280
2.502542,235472830,235466550,6280
2.502563,235475594,235468010,7584
2.502571,235475590,235469470,6120
2.502571,235475306,235470930,4376
2.502571,235475022,235472390,2632
2.502571,235475462,235472830,2632
2.502603,235481058,235474290,6768
2.502603,235480758,235475462,5296
2.502619,235483330,235476922,6408
2.502623,235483550,235478382,5168
2.502623,235483306,235479842,3464
2.502623,235484222,235480758,3464
2.502652,235486722,235482218,4504
2.502656,235488182,235483678,4504
2.502656,235487054,235484222,2832
2.502674,235490274,235485682,4592
2.502677,235489910,235487054,2856
2.502691,235493338,235488514,4824
2.502695,235493382,235489910,3472
2.502709,235495834,235491370,4464
2.502713,235496006,235492830,3176
2.502713,235496558,235493382,3176
2.502731,235498346,235494842,3504
2.502735,235498054,235496302,1752
2.502735,235498310,235496558,1752
2.502751,235500794,235498018,2776
2.502751,235501086,235498310,2776
2.502762,235503114,235499770,3344
2.502762,235502950,235501086,1864
2.502779,235505234,235502546,2688
2.502779,235505638,235502950,2688
2.50279,235507114,235504410,2704
2.502793,235506606,235505638,968
2.708868,235555486,235506606,48880
2.708884,235557218,235508066,49152
2.708884,235557142,235509526,47616
2.7089,235556850,235510986,45864
2.7089,235556566,235512446,44120
2.7089,235558026,235513906,44120
2.7089,235557814,235515366,42448
2.7089,235557522,235516826,40696
2.7089,235557238,235518286,38952
2.7089,235558698,235519746,38952
2.7089,235558486,235521206,37280
2.708939,235563362,235522666,40696
2.708939,235563518,235524126,39392
2.708939,235563234,235525586,37648
2.708939,235562950,235527046,35904
2.708939,235564410,235528506,35904
2.708939,235564190,235529966,34224
2.708939,235563914,235531426,32488
2.70894,235563630,235532886,30744
2.708959,235565090,235534346,30744
2.708959,235564870,235535806,29064
2.70902,235575458,235537266,38192
2.709025,235575174,235538726,36448
2.709025,235576634,235540186,36448
2.709025,235576422,235541646,34776
2.709025,235576138,235543106,33032
2.709043,235575846,235544566,31280
2.709043,235577306,235546026,31280
2.709043,235577102,235547486,29616
2.709043,235576810,235548946,27864
2.709043,235576526,235550406,26120
2.709144,235588754,235551866,36888
2.709144,235590214,235553326,36888
2.709144,235589962,235554786,35176
2.709144,235589710,235556246,33464
2.709144,235589426,235557706,31720
2.709144,235590886,235559166,31720
2.709144,235590634,235560626,30008
2.709144,235590390,235562086,28304
2.709159,235590106,235563546,26560
2.709159,235591566,235565006,26560
2.709228,235600506,235566466,34040
2.709229,235600222,235567926,32296
2.709229,235601682,235569386,32296
2.709229,235601462,235570846,30616
2.709229,235601178,235572306,28872
2.709229,235600886,235573766,27120
2.709229,235602346,235575226,27120
2.709229,235602134,235576686,25448
2.709241,235601850,235578146,23704
2.709241,235601566,235579606,21960
2.709319,235612690,235581066,31624
2.709319,235614150,235582526,31624
2.709319,235613938,235583986,29952
2.709319,235613646,235585446,28200
2.709319,235613362,235586906,26456
2.709319,235614822,235588366,26456
2.709319,235614610,235589826,24784
2.709319,235614318,235591286,23032
2.709333,235614042,235592746,21296
2.709333,235615502,235594206,21296
2.70941,235626410,235595666,30744
2.70941,235626126,235597126,29000
2.70941,235625842,235598586,27256
2.70941,235627302,235600046,27256
2.70941,235627090,235601506,25584
2.70941,235626798,235602966,23832
2.70941,235626522,235604426,22096
2.70941,235627982,235605886,22096
2.709424,235627762,235607346,20416
2.709424,235627478,235608806,18672
2.709501,235638706,235610266,28440
2.709501,235638414,235611726,26688
2.709501,235639874,235613186,26688
2.709501,235639670,235614646,25024
2.709501,235639378,235616106,23272
2.709502,235639094,235617566,21528
2.709502,235640554,235619026,21528
2.709502,235640350,235620486,19864
2.709511,235640058,235621946,18112
2.709511,235639774,235623406,16368
2.709593,235650650,235624866,25784
2.709593,235652110,235626326,25784
2.709593,235651906,235627786,24120
2.709593,235651622,235629246,22376
2.709593,235651330,235630706,20624
2.709593,235652790,235632166,20624
2.709593,235652586,235633626,18960
2.709593,235652294,235635086,17208
2.709607,235652010,235636546,15464
2.709607,235653470,235638006,15464
2.709683,235664226,235639466,24760
2.709683,235663934,235640926,23008
2.709683,235663650,235642386,21264
2.709683,235665110,235643846,21264
2.709683,235664906,235645306,19600
2.709683,235664614,235646766,17848
2.709683,235664330,235648226,16104
2.709683,235665790,235649686,16104
2.709695,235665578,235651146,14432
2.709695,235665286,235652606,12680
2.709774,235676602,235654066,22536
2.709775,235676310,235655526,20784
2.709775,235677770,235656986,20784
2.709775,235677558,235658446,19112
2.709775,235677274,235659906,17368
2.709775,235676990,235661366,15624
2.709775,235678450,235662826,15624
2.709775,235678230,235664286,13944
2.709787,235677494,235665286,12208
2.709853,235688666,235666746,21920
2.709854,235688478,235668206,20272
2.709854,235688186,235669666,18520
2.709854,235689646,235671126,18520
2.709854,235689362,235672586,16776
2.709854,235689150,235674046,15104
2.709854,235688866,235675506,13360
2.709854,235690326,235676966,13360
2.709867,235689110,235677494,11616
2.709927,235698338,235678954,19384
2.709927,235698046,235680414,17632
2.709927,235699506,235681874,17632
2.709927,235699302,235683334,15968
2.709927,235699010,235684794,14216
2.709927,235698718,235686254,12464
2.709927,235700178,235687714,12464
2.709927,235699910,235689110,10800
2.709993,235708898,235690570,18328
2.709993,235708734,235692030,16704
2.709993,235708442,235693490,14952
2.709993,235709566,235694614,14952
2.710042,235713674,235696074,17600
2.710042,235713510,235697534,15976
2.710042,235713226,235698994,14232
2.710042,235712934,235700454,12480
2.710042,235714394,235701914,12480
2.710042,235714190,235703374,10816
2.710042,235713898,235704834,9064
2.710042,235713614,235706294,7320
2.710053,235715074,235707754,7320
2.710053,235714870,235709214,5656
2.710102,235725618,235710674,14944
2.710108,235725334,235712134,13200
2.710108,235726794,235713594,13200
2.710108,235726398,235714870,11528
2.710138,235731178,235716330,14848
2.710143,235731118,235717790,13328
2.710143,235730826,235719250,11576
2.710143,235730534,235720710,9824
2.710143,235731994,235722170,9824
2.71015,235731790,235723630,8160
2.71015,235731498,235725090,6408
2.71015,235732806,235726398,6408
2.71021,235740570,235727858,12712
2.710216,235740286,235729318,10968
2.710216,235741746,235730778,10968
2.710216,235741526,235732238,9288
2.710216,235742094,235732806,9288
2.71025,235746186,235734266,11920
2.710256,235745894,235735726,10168
2.710256,235747354,235737186,10168
2.710256,235747150,235738646,8504
2.710256,235746858,235740106,6752
2.710256,235748086,235741334,6752
2.710303,235754146,235742794,11352
2.710308,235754398,235744254,10144
2.710308,235754186,235745714,8472
2.710308,235753894,235747174,6720
2.710308,235754806,235748086,6720
2.710345,235760058,235749546,10512
2.710351,235759782,235751006,8776
2.710351,235759490,235752466,7024
2.710351,235760950,235753926,7024
2.710351,235760150,235754806,5344
2.710388,235765354,235756266,9088
2.710396,235765062,235757726,7336
2.710396,235766522,235759186,7336
2.710396,235765822,235760150,5672
2.710421,235770522,235761610,8912
2.710426,235770518,235763070,7448
2.710426,235770234,235764530,5704
2.710426,235769774,235765822,3952
2.710456,235774314,235767282,7032
2.71046,235775774,235768742,7032
2.71046,235775134,235769774,5360
2.710481,235778298,235771234,7064
2.710486,235778014,235772694,5320
2.710486,235779474,235774154,5320
2.710486,235778782,235775134,3648
2.710515,235783482,235776594,6888
2.710518,235783710,235778054,5656
2.710518,235782750,235778782,3968
2.710537,235786666,235780242,6424
2.710542,235786438,235781702,4736
2.710542,235785734,235782750,2984
2.710562,235788922,235784210,4712
2.710566,235790382,235785670,4712
2.710566,235790446,235785734,4712
2.710581,235792130,235787194,4936
2.710585,235791846,235788654,3192
2.710586,235793306,235790114,3192
2.710586,235791966,235790446,1520
2.71061,235795914,235791906,4008
2.710619,235795974,235791966,4008
2.710624,235797370,235793426,3944
2.710624,235798830,235794886,3944
2.710638,235799794,235796346,3448
2.710643,235801254,235797806,3448
2.710643,235800542,235798830,1712
2.710663,235803162,235800290,2872
2.710663,235803414,235800542,2872
2.710674,235805538,235802002,3536
2.710677,235805686,235803414,2272
2.710691,235808034,235804874,3160
2.710691,235807126,235805686,1440
2.916865,235856054,235807126,48928
2.916889,235856514,235808586,47928
2.916889,235857974,235810046,47928
2.916898,235857738,235811506,46232
2.916898,235857462,235812966,44496
2.916898,235857170,235814426,42744
2.916898,235858630,235815886,42744
2.916898,235858418,235817346,41072
2.916898,235858134,235818806,39328
2.916917,235857850,235820266,37584
2.916917,235859310,235821726,37584
2.916943,235863474,235823186,40288
2.916943,235863182,235824646,38536
2.916943,235862898,235826106,36792
2.916943,235864358,235827566,36792
2.916943,235864146,235829026,35120
2.916943,235863854,235830486,33368
2.916943,235863570,235831946,31624
2.916943,235865030,235833406,31624
2.916962,235864826,235834866,29960
2.916962,235864534,235836326,28208
2.917025,235875234,235837786,37448
2.917031,235876694,235839246,37448
2.917031,235876490,235840706,35784
2.917031,235876198,235842166,34032
2.917031,235875914,235843626,32288
2.917031,235877374,235845086,32288
2.917049,235877162,235846546,30616
2.917049,235876878,235848006,28872
2.917049,235876586,235849466,27120
2.917049,235878046,235850926,27120
2.917116,235888890,235852386,36504
2.917121,235888606,235853846,34760
2.917121,235888314,235855306,33008
2.917121,235889774,235856766,33008
2.917121,235889562,235858226,31336
2.917138,235889286,235859686,29600
2.917138,235888994,235861146,27848
2.917138,235890454,235862606,27848
2.917138,235890242,235864066,26176
2.917138,235889958,235865526,24432
2.917207,235900802,235866986,33816
2.917212,235902262,235868446,33816
2.917212,235902034,235869906,32128
2.917212,235901766,235871366,30400
2.917212,235901482,235872826,28656
2.917218,235902942,235874286,28656
2.917218,235902698,235875746,26952
2.917218,235902446,235877206,25240
2.917218,235902162,235878666,23496
2.917219,235903622,235880126,23496
2.917298,235914314,235881586,32728
2.917303,235914214,235883046,31168
2.917303,235913930,235884506,29424
2.917303,235913638,235885966,27672
2.917303,235915098,235887426,27672
2.917321,235914894,235888886,26008
2.917321,235914602,235890346,24256
2.917321,235914318,235891806,22512
2.917321,235915778,235893266,22512
2.917321,235915566,235894726,20840
2.917389,235926578,235896186,30392
2.917394,235926302,235897646,28656
2.917394,235927762,235899106,28656
2.917394,235927494,235900566,26928
2.917394,235927258,235902026,25232
2.917412,235926982,235903486,23496
2.917412,235928442,235904946,23496
2.917412,235928166,235906406,21760
2.917412,235927930,235907866,20064
2.917412,235927654,235909326,18328
2.917481,235938818,235910786,28032
2.917486,235940278,235912246,28032
2.917486,235940010,235913706,26304
2.917486,235939782,235915166,24616
2.917486,235939498,235916626,22872
2.917502,235940958,235918086,22872
2.917502,235940674,235919546,21128
2.917502,235940462,235921006,19456
2.917502,235940170,235922466,17704
2.917502,235941630,235923926,17704
2.917572,235951130,235925386,25744
2.917577,235952590,235926846,25744
2.917577,235952378,235928306,24072
2.917577,235952094,235929766,22328
2.917577,235951802,235931226,20576
2.917594,235953262,235932686,20576
2.917595,235953050,235934146,18904
2.917595,235952766,235935606,17160
2.917595,235952482,235937066,15416
2.917595,235953942,235938526,15416
2.917696,235965210,235939986,25224
2.917696,235964926,235941446,23480
2.917696,235966386,235942906,23480
2.917696,235966174,235944366,21808
2.917696,235965890,235945826,20064
2.917696,235965598,235947286,18312
2.917696,235967058,235948746,18312
2.917696,235966854,235950206,16648
2.91772,235966562,235951666,14896
2.91772,235966278,235953126,13152
2.91778,235977378,235954586,22792
2.91778,235977094,235956046,21048
2.917781,235976810,235957506,19304
2.917781,235978270,235958966,19304
2.917781,235978050,235960426,17624
2.917781,235977774,235961886,15888
2.917781,235977490,235963346,14144
2.917781,235978950,235964806,14144
2.917793,235978730,235966266,12464
2.917793,235978742,235966278,12464
2.917858,235988826,235967738,21088
2.917858,235988534,235969198,19336
2.917858,235988250,235970658,17592
2.917858,235989710,235972118,17592
2.917858,235989498,235973578,15920
2.917858,235989214,235975038,14176
2.917858,235988922,235976498,12424
2.917858,235990382,235977958,12424
2.917872,235989494,235978742,10752
2.917936,235998706,235980202,18504
2.917936,236000166,235981662,18504
2.917936,235999954,235983122,16832
2.917936,235999662,235984582,15080
2.917936,235999386,235986042,13344
2.917936,236000846,235987502,13344
2.917936,236000626,235988962,11664
2.917936,236001158,235989494,11664
2.918004,236008186,235990954,17232
2.918004,236009646,235992414,17232
2.918004,236009434,235993874,15560
2.918004,236009142,235995334,13808
2.918004,236008866,235996794,12072
2.918004,236010326,235998254,12072
2.918004,236010366,235998294,12072
2.918067,236017218,235999754,17464
2.918067,236018678,236001214,17464
2.918067,236018458,236002674,15784
2.918067,236018182,236004134,14048
2.918067,236017890,236005594,12296
2.918067,236019350,236007054,12296
2.918067,236019130,236008514,10616
2.918067,236018854,236009974,8880
2.91808,236019246,236010366,8880
2.918133,236027146,236011826,15320
2.918134,236026862,236013286,13576
2.918134,236026570,236014746,11824
2.918134,236028030,236016206,11824
2.918134,236027826,236017666,10160
2.918134,236027534,236019126,8408
2.918134,236027654,236019246,8408
2.918192,236034770,236020706,14064
2.918193,236034486,236022166,12320
2.918193,236035946,236023626,12320
2.918193,236035734,236025086,10648
2.918193,236035442,236026546,8896
2.918193,236036550,236027654,8896
2.918255,236041866,236029114,12752
2.918255,236041582,236030574,11008
2.918255,236043042,236032034,11008
2.918255,236042782,236033494,9288
2.918255,236042546,236034954,7592
2.918255,236042254,236036414,5840
2.918255,236042390,236036550,5840
2.91828,236049834,236038010,11824
2.91828,236049542,236039470,10072
2.91828,236049258,236040930,8328
2.91828,236050718,236042390,8328
2.918336,236054570,236043850,10720
2.918336,236056030,236045310,10720
2.918336,236055746,236046770,8976
2.918336,236055526,236048230,7296
2.918336,236055250,236049690,5560
2.918336,236056278,236050718,5560
2.918391,236062034,236052178,9856
2.918391,236061742,236053638,8104
2.918391,236061458,236055098,6360
2.918391,236062638,236056278,6360
2.918405,236067522,236057738,9784
2.918405,236067230,236059198,8032
2.918409,236066954,236060658,6296
2.918427,236069958,236062118,7840
2.918433,236071418,236063578,7840
2.918433,236071198,236065038,6160
2.918433,236070914,236066498,4416
2.918433,236071370,236066954,4416
2.918466,236076230,236068414,7816
2.91847,236075946,236069874,6072
2.91847,236075654,236071334,4320
2.91847,236075690,236071370,4320
2.918493,236079478,236072830,6648
2.918496,236079186,236074290,4896
2.918496,236080586,236075690,4896
2.91852,236083950,236077150,6800
2.918525,236084018,236078610,5408
2.918525,236083726,236080070,3656
2.918525,236084242,236080586,3656
2.918551,236088166,236082046,6120
2.918555,236087882,236083506,4376
2.918555,236088618,236084242,4376
2.918574,236091078,236085702,5376
2.918577,236090794,236087162,3632
2.918577,236090498,236088618,1880
2.918602,236094310,236090078,4232
2.918602,236094730,236090498,4232
2.918613,236096542,236091958,4584
2.918617,236096258,236093418,2840
2.918617,236097570,236094730,2840
2.918639,236100070,236096190,3880
2.918643,236099698,236097570,2128
2.918657,236102118,236099030,3088
2.918657,236102786,236099698,3088
2.91867,236103918,236101158,2760
2.918676,236105378,236102618,2760
2.918676,236103802,236102786,1016
3.124868,236152522,236103802,48720
3.124893,236152998,236105262,47736
3.124893,236154458,236106722,47736
3.124903,236154254,236108182,46072
3.124903,236153962,236109642,44320
3.124903,236153678,236111102,42576
3.124903,236155138,236112562,42576
3.124903,236154926,236114022,40904
3.124903,236154642,236115482,39160
3.124903,236154350,236116942,37408
3.124923,236155810,236118402,37408
3.124947,236160534,236119862,40672
3.124947,236160282,236121322,38960
3.124947,236159990,236122782,37208
3.124947,236161450,236124242,37208
3.124947,236161206,236125702,35504
3.124947,236160954,236127162,33792
3.124947,236160670,236128622,32048
3.124947,236162130,236130082,32048
3.124967,236161894,236131542,30352
3.124967,236161682,236133002,28680
3.125028,236172654,236134462,38192
3.125032,236172370,236135922,36448
3.125032,236172086,236137382,34704
3.125032,236173546,236138842,34704
3.125032,236173334,236140302,33032
3.12505,236173050,236141762,31288
3.12505,236172758,236143222,29536
3.12505,236174218,236144682,29536
3.12505,236174006,236146142,27864
3.12505,236173722,236147602,26120
3.125119,236184710,236149062,35648
3.125125,236186170,236150522,35648
3.125125,236185966,236151982,33984
3.125125,236185674,236153442,32232
3.125125,236185390,236154902,30488
3.125125,236186850,236156362,30488
3.125143,236186638,236157822,28816
3.125143,236186354,236159282,27072
3.125143,236186062,236160742,25320
3.125143,236187522,236162202,25320
3.12521,236198286,236163662,34624
3.125215,236198506,236165122,33384
3.125215,236198262,236166582,31680
3.125215,236197970,236168042,29928
3.125215,236199430,236169502,29928
3.125233,236199170,236170962,28208
3.125233,236198934,236172422,26512
3.125233,236198650,236173882,24768
3.125233,236200110,236175342,24768
3.125233,236199842,236176802,23040
3.125302,236210926,236178262,32664
3.125307,236210642,236179722,30920
3.125307,236210358,236181182,29176
3.125307,236211818,236182642,29176
3.125307,236211606,236184102,27504
3.125324,236211314,236185562,25752
3.125324,236211038,236187022,24016
3.125325,236212498,236188482,24016
3.125325,236212278,236189942,22336
3.125325,236211994,236191402,20592
3.125393,236222846,236192862,29984
3.125399,236222554,236194322,28232
3.125399,236224014,236195782,28232
3.125399,236223802,236197242,26560
3.125399,236223518,236198702,24816
3.125399,236223234,236200162,23072
3.125417,236224694,236201622,23072
3.125417,236224482,236203082,21400
3.125417,236224198,236204542,19656
3.125417,236223914,236206002,17912
3.125516,236235902,236207462,28440
3.125516,236235610,236208922,26688
3.125516,236237070,236210382,26688
3.125516,236236866,236211842,25024
3.125517,236236574,236213302,23272
3.125517,236236290,236214762,21528
3.125517,236237750,236216222,21528
3.125517,236237546,236217682,19864
3.125541,236237254,236219142,18112
3.125541,236236962,236220602,16360
3.125601,236248518,236222062,26456
3.125601,236248226,236223522,24704
3.125601,236249686,236224982,24704
3.125601,236249434,236226442,22992
3.125601,236249198,236227902,21296
3.125601,236248906,236229362,19544
3.125601,236250366,236230822,19544
3.125601,236250106,236232282,17824
3.125625,236249870,236233742,16128
3.125625,236249578,236235202,14376
3.125693,236260766,236236662,24104
3.125693,236262226,236238122,24104
3.125693,236261942,236239582,22360
3.125693,236261722,236241042,20680
3.125693,236261446,236242502,18944
3.125693,236262906,236243962,18944
3.125693,236262614,236245422,17192
3.125694,236262394,236246882,15512
3.125717,236262118,236248342,13776
3.125717,236263354,236249578,13776
3.125782,236273022,236251038,21984
3.125782,236274482,236252498,21984
3.125782,236274270,236253958,20312
3.125782,236273978,236255418,18560
3.125782,236273702,236256878,16824
3.125782,236275162,236258338,16824
3.125782,236274942,236259798,15144
3.125782,236274650,236261258,13392
3.125796,236274374,236262718,11656
3.125796,236275010,236263354,11656
3.125864,236286054,236264814,21240
3.125864,236286106,236266274,19832
3.125864,236285830,236267734,18096
3.125864,236285538,236269194,16344
3.125864,236286998,236270654,16344
3.125864,236286786,236272114,14672
3.125864,236286502,236273574,12928
3.125864,236286194,236275010,11184
3.125938,236296254,236276470,19784
3.125938,236295962,236277930,18032
3.125938,236296646,236278614,18032
3.125938,236298666,236280074,18592
3.125951,236298382,236281534,16848
3.125951,236299842,236282994,16848
3.125951,236299630,236284454,15176
3.125951,236299346,236285914,13432
3.126009,236304806,236287374,17432
3.126009,236306266,236288834,17432
3.126009,236306054,236290294,15760
3.126009,236305762,236291754,14008
3.126009,236305486,236293214,12272
3.126009,236306946,236294674,12272
3.126009,236306726,236296134,10592
3.126009,236306434,236297594,8840
3.126021,236306158,236299054,7104
3.126021,236306450,236299346,7104
3.126088,236317206,236300806,16400
3.126088,236317410,236302266,15144
3.126088,236317126,236303726,13400
3.126088,236316842,236305186,11656
3.126088,236318106,236306450,11656
3.126149,236322446,236307910,14536
3.126149,236323906,236309370,14536
3.126149,236323686,236310830,12856
3.126149,236323410,236312290,11120
3.126149,236323126,236313750,9376
3.126149,236324586,236315210,9376
3.126149,236324366,236316670,7696
3.126149,236324058,236318106,5952
3.126212,236333342,236319566,13776
3.126213,236334802,236321026,13776
3.126213,236334598,236322486,12112
3.126213,236334306,236323946,10360
3.126213,236334418,236324058,10360
3.126231,236338694,236325518,13176
3.126231,236340154,236326978,13176
3.126231,236339934,236328438,11496
3.126239,236339650,236329898,9752
3.126239,236339366,236331358,8008
3.126239,236340826,236332818,8008
3.126278,236345838,236334278,11560
3.126284,236345554,236335738,9816
3.126284,236347014,236337198,9816
3.126284,236346802,236338658,8144
3.126284,236346518,236340118,6400
3.126284,236347226,236340826,6400
3.126327,236352902,236342286,10616
3.126332,236352610,236343746,8864
3.126332,236354070,236345206,8864
3.126332,236353810,236346666,7144
3.126332,236352674,236347226,5448
3.126367,236358822,236348686,10136
3.126372,236358618,236350146,8472
3.126372,236358334,236351606,6728
3.126372,236359402,236352674,6728
3.126401,236363406,236354134,9272
3.126406,236363122,236355594,7528
3.126406,236362830,236357054,5776
3.126406,236364290,236358514,5776
3.126406,236363514,236359402,4112
3.126443,236368470,236360862,7608
3.126447,236369930,236362322,7608
3.126447,236369442,236363514,5928
3.126468,236372918,236364974,7944
3.126473,236372906,236366434,6472
3.126474,236372622,236367894,4728
3.126474,236372330,236369354,2976
3.126474,236372418,236369442,2976
3.126506,236377718,236370902,6816
3.126506,236377434,236372362,5072
3.126511,236377490,236372418,5072
3.126525,236380654,236373878,6776
3.126529,236380562,236375338,5224
3.126529,236380270,236376798,3472
3.126529,236380962,236377490,3472
3.126556,236384430,236378950,5480
3.12656,236384146,236380410,3736
3.12656,236384698,236380962,3736
3.126578,236387686,236382422,5264
3.126581,236387394,236383882,3512
3.126581,236388210,236384698,3512
3.126601,236391270,236386158,5112
3.126605,236390986,236387618,3368
3.126605,236391578,236388210,3368
3.126623,236394302,236389670,4632
3.126627,236394554,236391130,3424
3.126627,236395002,236391578,3424
3.126644,236397262,236393038,4224
3.126647,236397154,236394498,2656
3.126647,236397658,236395002,2656
3.126669,236400214,236396462,3752
3.126669,236400106,236397658,2448
3.126719,236401454,236399118,2336
3.126719,236402442,236400106,2336
3.126736,236410006,236401566,8440
3.126736,236409554,236402442,7112
3.126746,236410838,236403902,6936
3.12675,236410546,236405362,5184
3.12675,236412006,236406822,5184
3.12675,236411794,236408282,3512
3.126755,236411510,236409742,1768
3.126788,236416994,236411202,5792
3.126788,236417302,236411510,5792
3.1268,236418418,236412970,5448
3.126803,236418126,236414430,3696
3.126803,236419586,236415890,3696
3.126803,236419262,236417302,1960
3.126835,236422922,236418762,4160
3.126835,236423422,236419262,4160
3.126846,236425250,236420722,4528
3.12685,236424958,236422182,2776
3.126851,236426198,236423422,2776
3.126873,236429074,236424882,4192
3.12688,236428638,236426198,2440
3.126889,236431370,236427658,3712
3.126892,236430910,236428638,2272
3.126905,236432810,236430098,2712
3.126905,236433622,236430910,2712
3.12692,236434330,236432370,1960
3.12692,236435582,236433622,1960
3.126937,236437138,236435082,2056
3.126937,236437638,236435582,2056
3.126948,236439418,236437042,2376
3.126949,236440014,236437638,2376
3.126961,236440826,236439098,1728
3.126961,236441742,236440014,1728
3.126976,236443410,236441474,1936
3.126976,236443678,236441742,1936
3.126987,236444282,236443202,1080
3.126987,236444758,236443678,1080
3.332857,236493822,236444758,49064
3.332882,236494642,236446218,48424
3.332882,236494278,236447678,46600
3.332891,236495738,236449138,46600
3.332891,236495534,236450598,44936
3.332892,236495242,236452058,43184
3.332892,236494958,236453518,41440
3.332892,236496418,236454978,41440
3.332892,236496206,236456438,39768
3.332892,236495922,236457898,38024
3.332892,236495638,236459358,36280
3.332933,236500746,236460818,39928
3.332933,236502206,236462278,39928
3.33294,236502658,236463738,38920
3.33294,236502366,236465198,37168
3.33294,236502082,236466658,35424
3.33294,236503542,236468118,35424
3.332941,236503330,236469578,33752
3.332958,236503046,236471038,32008
3.332958,236502754,236472498,30256
3.332958,236504214,236473958,30256
3.333019,236513978,236475418,38560
3.333024,236513694,236476878,36816
3.333024,236515154,236478338,36816
3.333024,236514862,236479798,35064
3.333024,236514650,236481258,33392
3.333031,236514366,236482718,31648
3.333031,236514074,236484178,29896
3.333031,236515534,236485638,29896
3.333031,236515330,236487098,28232
3.333031,236515046,236488558,26488
3.333109,236526882,236490018,36864
3.333114,236526934,236491478,35456
3.333114,236526642,236492938,33704
3.333115,236526366,236494398,31968
3.333115,236527826,236495858,31968
3.333133,236527606,236497318,30288
3.333133,236527322,236498778,28544
3.333133,236527038,236500238,26800
3.333133,236528498,236501698,26800
3.333133,236528286,236503158,25128
3.333201,236539618,236504618,35000
3.333207,236539598,236506078,33520
3.333207,236539314,236507538,31776
3.333207,236539030,236508998,30032
3.333207,236540490,236510458,30032
3.333207,236540278,236511918,28360
3.333223,236539994,236513378,26616
3.333223,236539710,236514838,24872
3.333223,236541170,236516298,24872
3.333224,236540958,236517758,23200
3.333292,236551602,236519218,32384
3.333297,236551310,236520678,30632
3.333297,236552770,236522138,30632
3.333297,236552566,236523598,28968
3.333297,236552274,236525058,27216
3.333314,236551990,236526518,25472
3.333314,236553450,236527978,25472
3.333314,236553238,236529438,23800
3.333314,236552954,236530898,22056
3.333314,236552662,236532358,20304
3.333417,236565082,236533818,31264
3.333417,236565046,236535278,29768
3.333417,236564762,236536738,28024
3.333417,236564478,236538198,26280
3.333417,236565938,236539658,26280
3.333417,236565726,236541118,24608
3.333417,236565434,236542578,22856
3.333417,236565150,236544038,21112
3.33343,236566610,236545498,21112
3.33343,236566398,236546958,19440
3.333501,236577594,236548418,29176
3.333501,236577550,236549878,27672
3.333501,236577266,236551338,25928
3.333501,236576982,236552798,24184
3.333501,236578442,236554258,24184
3.333501,236578230,236555718,22512
3.333501,236577938,236557178,20760
3.333501,236577662,236558638,19024
3.333513,236579122,236560098,19024
3.333513,236578902,236561558,17344
3.333592,236589666,236563018,26648
3.333592,236589374,236564478,24896
3.333592,236590834,236565938,24896
3.333592,236590630,236567398,23232
3.333592,236590338,236568858,21480
3.333592,236590046,236570318,19728
3.333592,236591506,236571778,19728
3.333592,236591302,236573238,18064
3.333605,236591018,236574698,16320
3.333605,236590726,236576158,14568
3.333683,236602170,236577618,24552
3.333683,236601886,236579078,22808
3.333683,236603346,236580538,22808
3.333683,236603134,236581998,21136
3.333683,236602850,236583458,19392
3.333683,236602558,236584918,17640
3.333683,236604018,236586378,17640
3.333683,236603814,236587838,15976
3.333707,236603522,236589298,14224
3.333707,236603206,236590726,12480
3.333774,236615570,236592186,23384
3.333774,236615286,236593646,21640
3.333774,236614994,236595106,19888
3.333774,236616454,236596566,19888
3.333774,236616234,236598026,18208
3.333774,236615958,236599486,16472
3.333774,236615674,236600946,14728
3.333774,236617134,236602406,14728
3.333782,236616246,236603206,13040
3.333846,236625722,236604666,21056
3.333846,236626710,236605654,21056
3.333858,236629298,236607114,22184
3.333858,236629014,236608574,20440
3.333858,236628722,236610034,18688
3.333858,236630182,236611494,18688
3.333858,236629970,236612954,17016
3.333858,236629686,236614414,15272
3.333858,236629394,236615874,13520
3.333927,236637326,236617334,19992
3.333927,236637042,236618794,18248
3.333927,236636758,236620254,16504
3.333927,236638218,236621714,16504
3.333927,236637998,236623174,14824
3.333927,236637722,236624634,13088
3.333927,236637438,236626094,11344
3.333927,236638898,236627554,11344
3.33394,236638678,236629014,9664
3.33394,236639058,236629394,9664
3.334011,236648990,236630854,18136
3.334011,236649218,236632314,16904
3.334011,236648966,236633774,15192
3.334011,236648682,236635234,13448
3.334011,236650142,236636694,13448
3.334011,236649882,236638154,11728
3.334011,236649090,236639058,10032
3.334074,236657198,236640518,16680
3.334074,236656914,236641978,14936
3.334074,236658374,236643438,14936
3.334074,236658154,236644898,13256
3.334074,236657870,236646358,11512
3.334074,236657586,236647818,9768
3.334074,236658858,236649090,9768
3.334137,236665590,236650550,15040
3.334137,236667050,236652010,15040
3.334137,236666846,236653470,13376
3.334137,236666554,236654930,11624
3.334137,236666262,236656390,9872
3.334137,236667722,236657850,9872
3.334137,236667066,236658858,8208
3.334195,236675070,236660318,14752
3.334195,236674778,236661778,13000
3.334195,236674494,236663238,11256
3.334195,236675954,236664698,11256
3.334195,236675742,236666158,9584
3.334195,236674898,236667066,7832
3.334248,236681734,236668526,13208
3.334248,236683194,236669986,13208
3.334248,236682982,236671446,11536
3.334248,236682698,236672906,9792
3.334248,236682406,236674366,8040
3.334248,236682938,236674898,8040
3.334274,236688558,236676358,12200
3.33428,236688330,236677818,10512
3.33428,236688046,236679278,8768
3.33428,236689506,236680738,8768
3.33428,236689230,236682198,7032
3.33428,236688290,236682938,5352
3.334324,236694822,236684398,10424
3.334329,236694538,236685858,8680
3.334329,236695998,236687318,8680
3.334329,236695298,236688290,7008
3.334358,236699142,236689750,9392
3.334363,236700602,236691210,9392
3.334363,236700382,236692670,7712
3.334363,236700098,236694130,5968
3.334363,236701266,236695298,5968
3.334402,236705814,236696758,9056
3.334406,236705522,236698218,7304
3.334406,236706982,236699678,7304
3.334406,236706738,236701138,5600
3.334407,236706866,236701266,5600
3.334439,236710694,236702726,7968
3.334444,236710402,236704186,6216
3.334444,236711862,236705646,6216
3.334444,236711410,236706866,4544
3.334474,236716142,236708326,7816
3.334478,236715858,236709786,6072
3.334478,236715582,236711246,4336
3.334478,236715746,236711410,4336
3.334502,236719246,236712870,6376
3.334507,236720706,236714330,6376
3.334507,236720442,236715746,4696
3.33453,236723798,236717206,6592
3.334535,236723514,236718666,4848
3.334535,236723230,236720126,3104
3.334535,236723546,236720442,3104
3.334558,236727510,236721902,5608
3.334563,236727226,236723362,3864
3.334563,236727410,236723546,3864
3.334578,236729878,236725006,4872
3.334581,236731338,236726466,4872
3.334581,236730554,236727410,3144
3.334602,236733454,236728870,4584
3.334607,236733162,236730330,2832
3.334607,236733386,236730554,2832
3.334622,236735742,236732014,3728
3.334626,236737114,236733386,3728
3.334639,236739270,236734846,4424
3.334643,236739010,236736306,2704
3.334643,236739818,236737114,2704
3.334663,236742454,236738574,3880
3.334663,236742466,236739818,2648
3.33468,236743950,236741278,2672
3.33468,236745138,236742466,2672
3.334696,236746654,236743926,2728
3.334697,236746122,236745138,984
3.540866,236795074,236746122,48952
3.54089,236796734,236747582,49152
3.54089,236796746,236749042,47704
3.540899,236796510,236750502,46008
3.540899,236796218,236751962,44256
3.540899,236797678,236753422,44256
3.540899,236797410,236754882,42528
3.540899,236797182,236756342,40840
3.540899,236796898,236757802,39096
3.540899,236798358,236759262,39096
3.540918,236798074,236760722,37352
3.540944,236802230,236762182,40048
3.540945,236801946,236763642,38304
3.540945,236803406,236765102,38304
3.540945,236803194,236766562,36632
3.540945,236802910,236768022,34888
3.540945,236802618,236769482,33136
3.540945,236804078,236770942,33136
3.540945,236803874,236772402,31472
3.540963,236803582,236773862,29720
3.540963,236803298,236775322,27976
3.541025,236814270,236776782,37488
3.54103,236815730,236778242,37488
3.54103,236815518,236779702,35816
3.54103,236815226,236781162,34064
3.54103,236814950,236782622,32328
3.541047,236816410,236784082,32328
3.541047,236816190,236785542,30648
3.541047,236815898,236787002,28896
3.541047,236815622,236788462,27160
3.541047,236817082,236789922,27160
3.541115,236827094,236791382,35712
3.541124,236828554,236792842,35712
3.541124,236828326,236794302,34024
3.541124,236828050,236795762,32288
3.541124,236827774,236797222,30552
3.541124,236829234,236798682,30552
3.541124,236828990,236800142,28848
3.541124,236828730,236801602,27128
3.541142,236828446,236803062,25384
3.541142,236829906,236804522,25384
3.541207,236839454,236805982,33472
3.541213,236840914,236807442,33472
3.541213,236840702,236808902,31800
3.541213,236840410,236810362,30048
3.541213,236840126,236811822,28304
3.541213,236841586,236813282,28304
3.541231,236841374,236814742,26632
3.541231,236841090,236816202,24888
3.541231,236840806,236817662,23144
3.541231,236842266,236819122,23144
3.541298,236853342,236820582,32760
3.541303,236853306,236822042,31264
3.541303,236853014,236823502,29512
3.541303,236852730,236824962,27768
3.541303,236854190,236826422,27768
3.541321,236853978,236827882,26096
3.541321,236853694,236829342,24352
3.541321,236853402,236830802,22600
3.541321,236854862,236832262,22600
3.541321,236854658,236833722,20936
3.541389,236865654,236835182,30472
3.541395,236865362,236836642,28720
3.541395,236866822,236838102,28720
3.541395,236866538,236839562,26976
3.541395,236866326,236841022,25304
3.541412,236866042,236842482,23560
3.541412,236867502,236843942,23560
3.541412,236867218,236845402,21816
3.541412,236867006,236846862,20144
3.541412,236866722,236848322,18400
3.541481,236877462,236849782,27680
3.54149,236878922,236851242,27680
3.54149,236878702,236852702,26000
3.54149,236878418,236854162,24256
3.54149,236878134,236855622,22512
3.54149,236879594,236857082,22512
3.54149,236879382,236858542,20840
3.54149,236879098,236860002,19096
3.54149,236878814,236861462,17352
3.54151,236880274,236862922,17352
3.541572,236891318,236864382,26936
3.541577,236891354,236865842,25512
3.541577,236891070,236867302,23768
3.541577,236890786,236868762,22024
3.541577,236892246,236870222,22024
3.541594,236892034,236871682,20352
3.541594,236891750,236873142,18608
3.541594,236891458,236874602,16856
3.541594,236892918,236876062,16856
3.541594,236892706,236877522,15184
3.541663,236903478,236878982,24496
3.541668,236903186,236880442,22744
3.541668,236904646,236881902,22744
3.541668,236904434,236883362,21072
3.541668,236904158,236884822,19336
3.541685,236903866,236886282,17584
3.541685,236905326,236887742,17584
3.541685,236905106,236889202,15904
3.541685,236904830,236890662,14168
3.541685,236904538,236892122,12416
3.541755,236916030,236893582,22448
3.54176,236915738,236895042,20696
3.54176,236917198,236896502,20696
3.54176,236916986,236897962,19024
3.54176,236916702,236899422,17280
3.541777,236916410,236900882,15528
3.541777,236917870,236902342,15528
3.541777,236917658,236903802,13856
3.541777,236918394,236904538,13856
3.541838,236927902,236905998,21904
3.541838,236927618,236907458,20160
3.541845,236927326,236908918,18408
3.541845,236928786,236910378,18408
3.541845,236928582,236911838,16744
3.541845,236928290,236913298,14992
3.541845,236928006,236914758,13248
3.541853,236929466,236916218,13248
3.541853,236929254,236917678,11576
3.541853,236929970,236918394,11576
3.54192,236939526,236919854,19672
3.541925,236939594,236921314,18280
3.541925,236939302,236922774,16528
3.541925,236939026,236924234,14792
3.541925,236940486,236925694,14792
3.541925,236940266,236927154,13112
3.541932,236939974,236928614,11360
3.541932,236939594,236929970,9624
3.541992,236949526,236931430,18096
3.541996,236949546,236932890,16656
3.541997,236949262,236934350,14912
3.541997,236948978,236935810,13168
3.541997,236950438,236937270,13168
3.542003,236950226,236938730,11496
3.542003,236949338,236939594,9744
3.542051,236957414,236941054,16360
3.542057,236957130,236942514,14616
3.542057,236958590,236943974,14616
3.542057,236958370,236945434,12936
3.542057,236958094,236946894,11200
3.542064,236957802,236948354,9448
3.542064,236958786,236949338,9448
3.542112,236966126,236950798,15328
3.542117,236965842,236952258,13584
3.542117,236965558,236953718,11840
3.542117,236967018,236955178,11840
3.542117,236966222,236956054,10168
3.542154,236971290,236957514,13776
3.542159,236972750,236958974,13776
3.542159,236972490,236960434,12056
3.542159,236972246,236961894,10352
3.542159,236971962,236963354,8608
3.542166,236973422,236964814,8608
3.542166,236973110,236966222,6888
3.542218,236980922,236967682,13240
3.542222,236981078,236969142,11936
3.542222,236980786,236970602,10184
3.542222,236980510,236972062,8448
3.542222,236981558,236973110,8448
3.542261,236985898,236974570,11328
3.542266,236987358,236976030,11328
3.542266,236987154,236977490,9664
3.542266,236986862,236978950,7912
3.542266,236986578,236980410,6168
3.542266,236987726,236981558,6168
3.542314,236993914,236983018,10896
3.542319,236993630,236984478,9152
3.542319,236995090,236985938,9152
3.542319,236994806,236987398,7408
3.542319,236995134,236987726,7408
3.542352,236999562,236989186,10376
3.542357,236999766,236990646,9120
3.542357,236999474,236992106,7368
3.542357,236999190,236993566,5624
3.542357,237000650,236995026,5624
3.542363,236999086,236995134,3952
3.542399,237005218,236996594,8624
3.542403,237006678,236998054,8624
3.542403,237005958,236999086,6872
3.542423,237008802,237000546,8256
3.542428,237008510,237002006,6504
3.542428,237009970,237003466,6504
3.542428,237009766,237004926,4840
3.542428,237009046,237005958,3088
3.542466,237014834,237007418,7416
3.54247,237014550,237008878,5672
3.54247,237014718,237009046,5672
3.542485,237017394,237010506,6888
3.542493,237017110,237011966,5144
3.542493,237018570,237013426,5144
3.542493,237018190,237014718,3472
3.542521,237022986,237016178,6808
3.542525,237023030,237017638,5392
3.542525,237023582,237018190,5392
3.542543,237025314,237019650,5664
3.542547,237025030,237021110,3920
3.542547,237026490,237022570,3920
3.542547,237025838,237023582,2256
3.542576,237030546,237025042,5504
3.542576,237029606,237025838,3768
3.54259,237031834,237027298,4536
3.542594,237033294,237028758,4536
3.542594,237032390,237029606,2784
3.542614,237035946,237031066,4880
3.542618,237035662,237032390,3272
3.542631,237037602,237033850,3752
3.542635,237037318,237035310,2008
3.542635,237037670,237035662,2008
3.542653,237041178,237037122,4056
3.542653,237040390,237037670,2720
3.542664,237042042,237039130,2912
3.542667,237043302,237040390,2912
3.542681,237045010,237041850,3160
3.542684,237044710,237043302,1408
3.748857,237093862,237044710,49152
3.748881,237094026,237046170,47856
3.748882,237095486,237047630,47856
3.748882,237095266,237049090,46176
3.748882,237094982,237050550,44432
3.748882,237094690,237052010,42680
3.748882,237096150,237053470,42680
3.748882,237095946,237054930,41016
3.748882,237095654,237056390,39264
3.748898,237095370,237057850,37520
3.748898,237096830,237059310,37520
3.748929,237102234,237060770,41464
3.748929,237101950,237062230,39720
3.748946,237103410,237063690,39720
3.748946,237103190,237065150,38040
3.748946,237102914,237066610,36304
3.748946,237102622,237068070,34552
3.748946,237104082,237069530,34552
3.748946,237103870,237070990,32880
3.748946,237103586,237072450,31136
3.748946,237103302,237073910,29392
3.749019,237115530,237075370,40160
3.749025,237115470,237076830,38640
3.749025,237115186,237078290,36896
3.749025,237114894,237079750,35144
3.749025,237116354,237081210,35144
3.749025,237116142,237082670,33472
3.749044,237115858,237084130,31728
3.749044,237115566,237085590,29976
3.749044,237117026,237087050,29976
3.749044,237116822,237088510,28312
3.74911,237127418,237089970,37448
3.749115,237127134,237091430,35704
3.749115,237128594,237092890,35704
3.749115,237128374,237094350,34024
3.749115,237128098,237095810,32288
3.749132,237127806,237097270,30536
3.749133,237129266,237098730,30536
3.749133,237129054,237100190,28864
3.749133,237128770,237101650,27120
3.749133,237128486,237103110,25376
3.749201,237139586,237104570,35016
3.749206,237141046,237106030,35016
3.749206,237140834,237107490,33344
3.749206,237140550,237108950,31600
3.749206,237140258,237110410,29848
3.749224,237141718,237111870,29848
3.749224,237141514,237113330,28184
3.749224,237141230,237114790,26440
3.749224,237140938,237116250,24688
3.749224,237142398,237117710,24688
3.749326,237153738,237119170,34568
3.749326,237153454,237120630,32824
3.749326,237153162,237122090,31072
3.749326,237154622,237123550,31072
3.749326,237154418,237125010,29408
3.749326,237154126,237126470,27656
3.749326,237153842,237127930,25912
3.749326,237155302,237129390,25912
3.749338,237155090,237130850,24240
3.749338,237154806,237132310,22496
3.74941,237165298,237133770,31528
3.74941,237166758,237135230,31528
3.74941,237166466,237136690,29776
3.74941,237166254,237138150,28104
3.74941,237165978,237139610,26368
3.74941,237167438,237141070,26368
3.74941,237167146,237142530,24616
3.74941,237166934,237143990,22944
3.749425,237166650,237145450,21200
3.749425,237168110,237146910,21200
3.749501,237178746,237148370,30376
3.749501,237178718,237149830,28888
3.749501,237178426,237151290,27136
3.749501,237178142,237152750,25392
3.749501,237179602,237154210,25392
3.749501,237179390,237155670,23720
3.749501,237179106,237157130,21976
3.749501,237178814,237158590,20224
3.749515,237180274,237160050,20224
3.749515,237180070,237161510,18560
3.749593,237191234,237162970,28264
3.749593,237190950,237164430,26520
3.749593,237190658,237165890,24768
3.749593,237192118,237167350,24768
3.749593,237191914,237168810,23104
3.749593,237191622,237170270,21352
3.749593,237191330,237171730,19600
3.749593,237192790,237173190,19600
3.749607,237192586,237174650,17936
3.749607,237192294,237176110,16184
3.749683,237203058,237177570,25488
3.749683,237204518,237179030,25488
3.749683,237204298,237180490,23808
3.749683,237204014,237181950,22064
3.749683,237203730,237183410,20320
3.749683,237205190,237184870,20320
3.749683,237204978,237186330,18648
3.749683,237204686,237187790,16896
3.749705,237204410,237189250,15160
3.749705,237205870,237190710,15160
3.749774,237215554,237192170,23384
3.749775,237217014,237193630,23384
3.749775,237216794,237195090,21704
3.749775,237216502,237196550,19952
3.749775,237216226,237198010,18216
3.749775,237217686,237199470,18216
3.749775,237217466,237200930,16536
3.749775,237217182,237202390,14792
3.749788,237216906,237203850,13056
3.749788,237218366,237205310,13056
3.749862,237228314,237206770,21544
3.749862,237229774,237208230,21544
3.749862,237229562,237209690,19872
3.749862,237229270,237211150,18120
3.749862,237228994,237212610,16384
3.749862,237230454,237214070,16384
3.749862,237230234,237215530,14704
3.749862,237229950,237216990,12960
3.749877,237231326,237218366,12960
3.749943,237240378,237219826,20552
3.749943,237240102,237221286,18816
3.749943,237241562,237222746,18816
3.749943,237241278,237224206,17072
3.749943,237241058,237225666,15392
3.749943,237240782,237227126,13656
3.749943,237242242,237228586,13656
3.749943,237241950,237230046,11904
3.749957,237241550,237231326,10224
3.750023,237251978,237232786,19192
3.750023,237251998,237234246,17752
3.750023,237251714,237235706,16008
3.750023,237252382,237236374,16008
3.750035,237255426,237237834,17592
3.750035,237256886,237239294,17592
3.750042,237256674,237240754,15920
3.750092,237260430,237242214,18216
3.750092,237260138,237243674,16464
3.750092,237261598,237245134,16464
3.750092,237261394,237246594,14800
3.750092,237261102,237248054,13048
3.750093,237260818,237249514,11304
3.750093,237262278,237250974,11304
3.750093,237262066,237252434,9632
3.750106,237261782,237253894,7888
3.750106,237261490,237255354,6136
3.750169,237272886,237256814,16072
3.750169,237273114,237258274,14840
3.750169,237272830,237259734,13096
3.750169,237272546,237261194,11352
3.750169,237272842,237261490,11352
3.750217,237278902,237262950,15952
3.750217,237278610,237264410,14200
3.750217,237278334,237265870,12464
3.750217,237279794,237267330,12464
3.750217,237279574,237268790,10784
3.750217,237279290,237270250,9040
3.750217,237279006,237271710,7296
3.750217,237280138,237272842,7296
3.750262,237287446,237274302,13144
3.750267,237287154,237275762,11392
3.750267,237288614,237277222,11392
3.750267,237288402,237278682,9720
3.750267,237288114,237280138,7976
3.750307,237293110,237281598,11512
3.750312,237294570,237283058,11512
3.750312,237294358,237284518,9840
3.750312,237294074,237285978,8096
3.750312,237293790,237287438,6352
3.750312,237294466,237288114,6352
3.750357,237300846,237289574,11272
3.750362,237300570,237291034,9536
3.750362,237302030,237292494,9536
3.750362,237301762,237293954,7808
3.750362,237300578,237294466,6112
3.750397,237306774,237295926,10848
3.750402,237306906,237297386,9520
3.750402,237306622,237298846,7776
3.750402,237306338,237300306,6032
3.750402,237306610,237300578,6032
3.750435,237311334,237302038,9296
3.750441,237311050,237303498,7552
3.750441,237312510,237304958,7552
3.750441,237312298,237306418,5880
3.750441,237312490,237306610,5880
3.750473,237316358,237308070,8288
3.750478,237317818,237309530,8288
3.750478,237317598,237310990,6608
3.750478,237317314,237312450,4864
3.750478,237317354,237312490,4864
3.750509,237322414,237313950,8464
3.750514,237322138,237315410,6728
3.750514,237321846,237316870,4976
3.750514,237322330,237317354,4976
3.75054,237325758,237318814,6944
3.750545,237327218,237320274,6944
3.750545,237327006,237321734,5272
3.750545,237325858,237322330,3528
3.75057,237330870,237323790,7080
3.750578,237330882,237325250,5632
3.750578,237331490,237325858,5632
3.750593,237333718,237327318,6400
3.750598,237333434,237328778,4656
3.750598,237333142,237330238,2904
3.750598,237334394,237331490,2904
3.750628,237338830,237332950,5880
3.750635,237339042,237334394,4648
3.750646,237340702,237335854,4848
3.750651,237340418,237337314,3104
3.750651,237341878,237338774,3104
3.750651,237342146,237339042,3104
3.750675,237345422,237340502,4920
3.750683,237345482,237341962,3520
3.750683,237345666,237342146,3520
3.750695,237348022,237343606,4416
3.750699,237347738,237345066,2672
3.750699,237348338,237345666,2672
3.750716,237351110,237347126,3984
3.75072,237351082,237348338,2744
3.750733,237352750,237349798,2952
3.750737,237354034,237351082,2952
3.75075,237355878,237352542,3336
3.750755,237355762,237354002,1760
3.750755,237355794,237354034,1760
3.750769,237358382,237355494,2888
3.750769,237357450,237355794,1656
3.75078,237359966,237357254,2712
3.750784,237360162,237357450,2712
3.75079,237361326,237358910,2416
3.7508,237362610,237360370,2240
3.7508,237361814,237361326,488
3.956864,237410966,237361814,49152
3.956888,237411234,237363274,47960
3.956888,237412694,237364734,47960
3.956898,237412458,237366194,46264
3.956898,237412174,237367654,44520
3.956898,237411890,237369114,42776
3.956898,237413350,237370574,42776
3.956898,237413130,237372034,41096
3.956898,237412854,237373494,39360
3.956898,237412562,237374954,37608
3.956917,237414022,237376414,37608
3.956942,237418178,237377874,40304
3.956942,237417894,237379334,38560
3.956942,237417602,237380794,36808
3.956942,237419062,237382254,36808
3.956942,237418858,237383714,35144
3.956942,237418566,237385174,33392
3.956942,237418274,237386634,31640
3.956942,237419734,237388094,31640
3.956962,237419530,237389554,29976
3.956962,237419246,237391014,28232
3.957023,237431026,237392474,38552
3.957028,237430966,237393934,37032
3.957028,237430682,237395394,35288
3.957028,237430398,237396854,33544
3.957028,237431858,237398314,33544
3.957045,237431638,237399774,31864
3.957045,237431354,237401234,30120
3.957045,237431070,237402694,28376
3.957045,237432530,237404154,28376
3.957045,237432318,237405614,26704
3.957114,237443506,237407074,36432
3.957119,237443230,237408534,34696
3.957119,237442938,237409994,32944
3.957119,237444398,237411454,32944
3.957119,237444178,237412914,31264
3.957137,237443902,237414374,29528
3.957137,237443618,237415834,27784
3.957137,237445078,237417294,27784
3.957137,237444858,237418754,26104
3.957137,237444582,237420214,24368
3.957205,237456274,237421674,34600
3.95721,237456518,237423134,33384
3.95721,237456298,237424594,31704
3.95721,237456022,237426054,29968
3.95721,237457482,237427514,29968
3.957228,237457190,237428974,28216
3.957228,237456978,237430434,26544
3.957228,237456694,237431894,24800
3.957228,237458154,237433354,24800
3.957228,237457870,237434814,23056
3.957297,237468978,237436274,32704
3.957301,237468686,237437734,30952
3.957301,237468402,237439194,29208
3.957301,237469862,237440654,29208
3.957301,237469658,237442114,27544
3.957318,237469366,237443574,25792
3.957319,237469082,237445034,24048
3.957319,237470542,237446494,24048
3.957319,237470330,237447954,22376
3.957319,237470046,237449414,20632
3.957392,237481466,237450874,30592
3.957392,237481174,237452334,28840
3.957392,237480890,237453794,27096
3.957392,237482350,237455254,27096
3.957412,237482138,237456714,25424
3.957413,237481854,237458174,23680
3.957413,237481570,237459634,21936
3.957413,237483030,237461094,21936
3.957413,237482818,237462554,20264
3.957413,237482526,237464014,18512
3.957506,237493434,237465474,27960
3.957506,237494894,237466934,27960
3.957506,237494674,237468394,26280
3.957506,237494398,237469854,24544
3.957506,237494106,237471314,22792
3.957506,237495566,237472774,22792
3.957506,237495354,237474234,21120
3.957506,237495070,237475694,19376
3.957519,237494786,237477154,17632
3.957519,237496246,237478614,17632
3.957596,237506978,237480074,26904
3.957596,237506766,237481534,25232
3.957596,237506482,237482994,23488
3.957596,237507942,237484454,23488
3.957596,237507666,237485914,21752
3.957596,237507446,237487374,20072
3.957596,237507154,237488834,18320
3.957596,237508614,237490294,18320
3.957611,237508338,237491754,16584
3.957611,237508118,237493214,14904
3.957687,237519162,237494674,24488
3.957687,237518870,237496134,22736
3.957687,237520330,237497594,22736
3.957687,237520126,237499054,21072
3.957687,237519834,237500514,19320
3.957687,237519550,237501974,17576
3.957687,237521010,237503434,17576
3.957687,237520798,237504894,15904
3.95771,237520514,237506354,14160
3.95771,237520222,237507814,12408
3.957769,237531426,237509274,22152
3.957769,237532886,237510734,22152
3.957769,237532666,237512194,20472
3.957769,237532382,237513654,18728
3.957769,237532098,237515114,16984
3.957778,237533558,237516574,16984
3.957778,237533330,237518034,15296
3.957778,237533062,237519494,13568
3.957787,237533790,237520222,13568
3.957852,237542186,237521682,20504
3.957852,237543646,237523142,20504
3.957852,237543426,237524602,18824
3.957852,237543142,237526062,17080
3.957853,237542866,237527522,15344
3.957853,237544326,237528982,15344
3.957853,237544106,237530442,13664
3.957853,237543822,237531902,11920
3.957864,237543538,237533362,10176
3.957864,237543966,237533790,10176
3.957936,237554586,237535250,19336
3.957936,237554302,237536710,17592
3.957936,237554018,237538170,15848
3.957937,237555478,237539630,15848
3.957937,237554230,237540054,14176
3.957959,237559794,237541514,18280
3.957959,237559518,237542974,16544
3.957959,237560978,237544434,16544
3.957959,237560758,237545894,14864
3.95797,237560474,237547354,13120
3.95797,237560190,237548814,11376
3.95797,237561650,237550274,11376
3.95797,237561438,237551734,9704
3.95797,237561146,237553194,7952
3.95797,237560870,237554654,6216
3.958067,237571898,237556114,15784
3.958067,237573358,237557574,15784
3.958067,237573154,237559034,14120
3.958067,237572862,237560494,12368
3.958067,237573238,237560870,12368
3.958097,237578610,237562330,16280
3.958097,237578830,237563790,15040
3.958097,237578570,237565250,13320
3.958097,237578286,237566710,11576
3.958097,237579746,237568170,11576
3.958097,237579502,237569630,9872
3.958097,237579250,237571090,8160
3.958097,237578966,237572550,6416
3.958106,237579654,237573238,6416
3.958182,237589074,237574698,14376
3.958182,237589150,237576158,12992
3.958182,237588858,237577618,11240
3.958182,237588582,237579078,9504
3.958182,237589158,237579654,9504
3.958206,237594162,237581114,13048
3.958206,237593878,237582574,11304
3.958206,237595338,237584034,11304
3.958206,237595118,237585494,9624
3.958215,237594842,237586954,7888
3.958216,237594550,237588414,6136
3.958216,237595294,237589158,6136
3.958282,237602410,237590618,11792
3.958282,237602126,237592078,10048
3.958282,237603586,237593538,10048
3.958282,237603374,237594998,8376
3.958282,237603670,237595294,8376
3.958312,237608634,237596754,11880
3.958312,237608694,237598214,10480
3.958312,237608402,237599674,8728
3.958312,237608118,237601134,6984
3.958312,237609578,237602594,6984
3.958312,237608982,237603670,5312
3.958372,237615450,237605130,10320
3.958372,237615182,237606590,8592
3.958372,237614906,237608050,6856
3.958373,237615838,237608982,6856
3.958388,237619378,237610442,8936
3.958396,237620838,237611902,8936
3.958396,237620626,237613362,7264
3.958396,237620342,237614822,5520
3.958449,237626138,237616282,9856
3.958449,237625910,237617742,8168
3.958449,237625626,237619202,6424
3.958449,237626766,237620342,6424
3.958464,237630618,237621802,8816
3.958469,237630326,237623262,7064
3.958469,237631786,237624722,7064
3.958485,237633862,237626182,7680
3.95849,237633610,237627642,5968
3.95849,237633326,237629102,4224
3.95849,237634786,237630562,4224
3.95849,237634298,237631786,2512
3.958528,237638974,237633246,5728
3.958528,237640026,237634298,5728
3.958543,237642046,237635758,6288
3.958547,237642066,237637218,4848
3.958547,237641774,237638678,3096
3.958547,237641378,237640026,1352
4.164866,237690530,237641378,49152
4.164891,237691990,237642838,49152
4.164891,237691594,237644298,47296
4.164902,237691302,237645758,45544
4.164902,237692762,237647218,45544
4.164902,237692502,237648678,43824
4.164902,237692266,237650138,42128
4.164902,237691974,237651598,40376
4.164902,237693434,237653058,40376
4.164902,237693166,237654518,38648
4.164902,237692938,237655978,36960
4.164921,237693814,237656854,36960
4.164947,237698402,237658314,40088
4.164947,237698246,237659774,38472
4.164947,237697970,237661234,36736
4.164947,237697678,237662694,34984
4.164947,237699138,237664154,34984
4.164947,237698822,237665614,33208
4.164947,237698538,237667074,31464
4.164967,237699998,237668534,31464
4.164967,237699778,237669994,29784
4.164967,237699494,237671454,28040
4.164967,237699210,237672914,26296
4.165037,237711190,237674374,36816
4.165042,237712650,237675834,36816
4.165042,237712446,237677294,35152
4.165042,237712154,237678754,33400
4.165042,237711870,237680214,31656
4.16506,237713330,237681674,31656
4.16506,237713118,237683134,29984
4.16506,237712834,237684594,28240
4.165061,237712550,237686054,26496
4.165061,237714010,237687514,26496
4.165061,237713798,237688974,24824
4.165138,237726114,237690434,35680
4.165143,237725822,237691894,33928
4.165143,237725538,237693354,32184
4.165143,237726998,237694814,32184
4.165143,237726786,237696274,30512
4.165151,237726502,237697734,28768
4.165151,237726210,237699194,27016
4.165151,237727670,237700654,27016
4.165151,237727466,237702114,25352
4.165151,237727174,237703574,23600
4.165151,237726890,237705034,21856
4.165239,237740014,237706494,33520
4.165244,237740186,237707954,32232
4.165244,237739894,237709414,30480
4.165244,237739610,237710874,28736
4.165244,237741070,237712334,28736
4.165244,237740858,237713794,27064
4.165263,237740574,237715254,25320
4.165263,237740290,237716714,23576
4.165263,237741750,237718174,23576
4.165263,237741538,237719634,21904
4.165263,237741246,237721094,20152
4.165338,237752850,237722554,30296
4.165343,237754310,237724014,30296
4.165343,237754106,237725474,28632
4.165343,237753814,237726934,26880
4.165343,237753522,237728394,25128
4.165351,237754982,237729854,25128
4.165351,237754778,237731314,23464
4.165351,237754486,237732774,21712
4.165351,237754202,237734234,19968
4.165351,237755662,237735694,19968
4.165351,237755458,237737154,18304
4.165439,237767070,237738614,28456
4.165445,237768530,237740074,28456
4.165445,237768246,237741534,26712
4.165445,237768034,237742994,25040
4.165445,237767750,237744454,23296
4.165463,237767458,237745914,21544
4.165463,237768918,237747374,21544
4.165463,237768714,237748834,19880
4.165463,237768422,237750294,18128
4.165463,237768138,237751754,16384
4.165463,237769598,237753214,16384
4.16554,237781626,237754674,26952
4.16554,237781342,237756134,25208
4.165545,237781058,237757594,23464
4.165545,237782518,237759054,23464
4.165545,237782306,237760514,21792
4.165545,237782022,237761974,20048
4.165552,237781730,237763434,18296
4.165552,237783190,237764894,18296
4.165562,237782978,237766354,16624
4.165562,237782694,237767814,14880
4.165562,237782410,237769274,13136
4.16564,237795726,237770734,24992
4.165645,237795722,237772194,23528
4.165645,237795438,237773654,21784
4.165645,237795154,237775114,20040
4.165645,237796614,237776574,20040
4.165661,237796402,237778034,18368
4.165661,237796118,237779494,16624
4.165661,237795834,237780954,14880
4.165661,237797290,237782410,14880
4.165722,237805990,237783870,22120
4.165727,237807450,237785330,22120
4.165727,237807246,237786790,20456
4.165727,237806954,237788250,18704
4.165727,237806662,237789710,16952
4.165746,237808122,237791170,16952
4.165746,237807918,237792630,15288
4.165746,237807634,237794090,13544
4.165746,237807342,237795550,11792
4.165746,237808802,237797010,11792
4.165746,237808806,237797014,11792
4.165814,237819834,237798474,21360
4.165819,237819774,237799934,19840
4.165819,237819490,237801394,18096
4.165819,237819206,237802854,16352
4.165819,237820666,237804314,16352
4.165819,237820446,237805774,14672
4.165827,237820170,237807234,12936
4.165827,237819878,237808694,11184
4.165827,237819990,237808806,11184
4.165887,237830066,237810266,19800
4.165891,237829814,237811726,18088
4.165891,237829530,237813186,16344
4.165891,237830990,237814646,16344
4.165891,237830730,237816106,14624
4.165907,237830486,237817566,12920
4.165908,237830202,237819026,11176
4.165908,237831166,237819990,11176
4.165956,237838922,237821450,17472
4.165961,237840382,237822910,17472
4.165961,237840090,237824370,15720
4.165961,237839886,237825830,14056
4.165961,237839602,237827290,12312
4.165977,237839310,237828750,10560
4.165977,237840770,237830210,10560
4.165977,237840062,237831166,8896
4.166027,237848394,237832626,15768
4.166036,237849854,237834086,15768
4.166036,237849634,237835546,14088
4.166036,237849358,237837006,12352
4.166036,237849066,237838466,10600
4.166036,237850526,237839926,10600
4.166036,237850662,237840062,10600
4.166083,237857122,237841522,15600
4.166088,237857182,237842982,14200
4.166088,237856890,237844442,12448
4.166088,237856606,237845902,10704
4.166088,237858066,237847362,10704
4.166088,237857862,237848822,9040
4.166095,237857570,237850282,7288
4.166095,237857950,237850662,7288
4.166149,237865690,237852122,13568
4.166154,237865406,237853582,11824
4.166154,237866866,237855042,11824
4.166154,237866654,237856502,10152
4.166154,237866358,237857950,8408
4.166194,237871706,237859410,12296
4.166199,237873166,237860870,12296
4.166199,237872954,237862330,10624
4.166199,237872670,237863790,8880
4.166199,237872386,237865250,7136
4.166205,237873494,237866358,7136
4.166246,237879074,237867818,11256
4.166251,237880534,237869278,11256
4.166251,237880306,237870738,9568
4.166251,237880030,237872198,7832
4.166251,237879582,237873494,6088
4.166291,237885674,237874954,10720
4.166296,237885382,237876414,8968
4.166296,237886842,237877874,8968
4.166296,237886630,237879334,7296
4.166296,237886878,237879582,7296
4.166329,237891394,237881042,10352
4.166334,237891110,237882502,8608
4.166334,237890818,237883962,6856
4.166334,237892278,237885422,6856
4.166334,237892070,237886878,5192
4.166375,237897370,237888338,9032
4.166379,237897078,237889798,7280
4.166379,237898538,237891258,7280
4.166379,237897630,237892070,5560
4.166407,237901570,237893530,8040
4.166412,237901286,237894990,6296
4.166412,237902746,237896450,6296
4.166412,237902262,237897630,4632
4.166442,237906602,237899090,7512
4.166446,237906318,237900550,5768
4.166446,237907778,237902010,5768
4.166446,237906350,237902262,4088
4.166471,237910314,237903722,6592
4.166475,237911774,237905182,6592
4.166475,237911198,237906350,4848
4.166496,237914626,237907810,6816
4.1665,237914342,237909270,5072
4.1665,237914058,237910730,3328
4.1665,237914526,237911198,3328
4.166526,237917818,237912658,5160
4.16653,237919278,237914118,5160
4.16653,237918014,237914526,3488
4.166548,237921706,237915986,5720
4.166552,237921718,237917446,4272
4.166552,237922286,237918014,4272
4.166569,237923698,237919474,4224
4.166573,237925158,237920934,4224
4.166573,237924838,237922286,2552
4.166596,237928242,237923746,4496
4.166596,237927582,237924838,2744
4.166613,237929690,237926298,3392
4.166613,237930974,237927582,3392
4.166629,237932930,237929042,3888
4.166633,237932646,237930502,2144
4.166633,237933118,237930974,2144
4.16665,237935770,237932434,3336
4.166651,237936454,237933118,3336
4.166663,237937842,237934578,3264
4.166668,237937614,237936038,1576
4.166668,237938030,237936454,1576
4.166684,237940194,237937914,2280
4.16669,237940310,237938030,2280
4.166694,237942162,237939490,2672
4.166703,237943302,237940950,2352
4.166706,237943314,237942162,1152
4.372865,237991450,237943314,48136
4.372891,237993702,237944774,48928
4.372891,237993282,237946234,47048
4.3729,237992998,237947694,45304
4.3729,237994458,237949154,45304
4.3729,237994246,237950614,43632
4.3729,237993962,237952074,41888
4.3729,237993670,237953534,40136
4.3729,237995130,237954994,40136
4.3729,237994926,237956454,38472
4.37292,237994634,237957914,36720
4.37292,237994350,237959374,34976
4.372948,238001426,237960834,40592
4.372953,238001150,237962294,38856
4.372953,238002610,237963754,38856
4.372953,238002390,237965214,37176
4.372953,238002106,237966674,35432
4.372962,238001822,237968134,33688
4.372972,238003282,237969594,33688
4.372972,238003070,237971054,32016
4.372972,238002778,237972514,30264
4.372972,238002502,237973974,28528
4.372972,238003962,237975434,28528
4.373038,238014110,237976894,37216
4.373044,238013818,237978354,35464
4.373044,238013534,237979814,33720
4.373044,238014994,237981274,33720
4.373044,238014782,237982734,32048
4.373062,238014490,237984194,30296
4.373063,238014206,237985654,28552
4.373063,238015666,237987114,28552
4.373063,238015462,237988574,26888
4.373063,238015170,237990034,25136
4.373063,238014886,237991494,23392
4.373138,238028114,237992954,35160
4.373143,238027830,237994414,33416
4.373143,238027546,237995874,31672
4.373143,238029006,237997334,31672
4.373143,238028794,237998794,30000
4.373162,238028510,238000254,28256
4.373162,238028218,238001714,26504
4.373162,238029678,238003174,26504
4.373162,238029466,238004634,24832
4.373162,238029182,238006094,23088
4.373162,238028898,238007554,21344
4.37324,238041798,238009014,32784
4.373245,238041506,238010474,31032
4.373245,238042966,238011934,31032
4.373245,238042754,238013394,29360
4.373245,238042470,238014854,27616
4.373252,238042186,238016314,25872
4.373252,238043646,238017774,25872
4.373252,238043426,238019234,24192
4.373252,238043150,238020694,22456
4.373252,238042858,238022154,20704
4.373252,238044318,238023614,20704
4.373339,238055074,238025074,30000
4.373344,238056534,238026534,30000
4.373345,238056314,238027994,28320
4.373345,238056038,238029454,26584
4.373345,238055754,238030914,24840
4.373363,238057214,238032374,24840
4.373363,238056994,238033834,23160
4.373363,238056718,238035294,21424
4.373363,238056426,238036754,19672
4.373363,238057886,238038214,19672
4.373363,238057666,238039674,17992
4.37344,238069710,238041134,28576
4.373445,238069426,238042594,26832
4.373445,238070886,238044054,26832
4.373445,238070618,238045514,25104
4.373445,238070390,238046974,23416
4.373454,238070098,238048434,21664
4.373463,238071558,238049894,21664
4.373463,238071290,238051354,19936
4.373464,238071070,238052814,18256
4.373464,238070778,238054274,16504
4.373464,238072238,238055734,16504
4.37354,238084050,238057194,26856
4.373546,238084126,238058654,25472
4.373546,238083842,238060114,23728
4.373546,238083558,238061574,21984
4.373546,238085018,238063034,21984
4.373546,238084806,238064494,20312
4.373565,238084514,238065954,18560
4.373565,238084238,238067414,16824
4.373565,238085698,238068874,16824
4.373565,238085478,238070334,15144
4.373565,238085194,238071794,13400
4.373641,238096902,238073254,23648
4.373646,238098362,238074714,23648
4.373646,238098150,238076174,21976
4.373646,238097858,238077634,20224
4.373646,238097574,238079094,18480
4.373663,238099034,238080554,18480
4.373663,238098830,238082014,16816
4.373663,238098538,238083474,15064
4.373663,238098254,238084934,13320
4.373663,238098514,238085194,13320
4.373725,238109078,238086654,22424
4.373728,238108786,238088114,20672
4.373728,238110246,238089574,20672
4.373728,238110042,238091034,19008
4.373736,238109750,238092494,17256
4.373736,238109466,238093954,15512
4.373736,238110926,238095414,15512
4.373736,238110714,238096874,13840
4.373736,238110430,238098334,12096
4.373736,238110610,238098514,12096
4.373808,238120422,238099974,20448
4.373813,238121882,238101434,20448
4.373813,238121590,238102894,18696
4.373813,238121378,238104354,17024
4.373813,238121094,238105814,15280
4.37383,238120810,238107274,13536
4.37383,238122270,238108734,13536
4.37383,238122058,238110194,11864
4.37383,238122474,238110610,11864
4.373884,238131286,238112070,19216
4.373889,238131002,238113530,17472
4.373889,238132462,238114990,17472
4.373889,238132234,238116450,15784
4.373889,238131958,238117910,14048
4.373896,238131682,238119370,12312
4.373896,238133142,238120830,12312
4.373896,238132906,238122290,10616
4.373896,238133090,238122474,10616
4.373958,238141934,238123934,18000
4.373963,238141650,238125394,16256
4.373963,238141358,238126854,14504
4.373963,238142818,238128314,14504
4.373963,238142606,238129774,12832
4.373971,238142314,238131234,11080
4.373971,238142038,238132694,9344
4.373971,238142434,238133090,9344
4.374024,238150158,238134550,15608
4.374031,238151618,238136010,15608
4.374031,238151406,238137470,13936
4.374031,238151114,238138930,12184
4.374031,238150838,238140390,10448
4.374031,238152298,238141850,10448
4.374031,238151210,238142434,8776
4.374082,238159166,238143894,15272
4.374087,238158874,238145354,13520
4.374088,238158590,238146814,11776
4.374088,238160050,238148274,11776
4.374088,238159838,238149734,10104
4.374094,238159546,238151194,8352
4.374094,238159562,238151210,8352
4.374137,238165742,238152670,13072
4.374143,238167202,238154130,13072
4.374143,238166990,238155590,11400
4.374143,238166706,238157050,9656
4.374143,238166414,238158510,7904
4.374143,238167466,238159562,7904
4.374189,238172998,238161022,11976
4.374194,238174458,238162482,11976
4.374194,238174246,238163942,10304
4.374195,238173954,238165402,8552
4.374195,238173678,238166862,6816
4.374195,238174282,238167466,6816
4.374239,238180910,238168926,11984
4.374244,238181138,238170386,10752
4.374244,238180894,238171846,9048
4.374244,238180602,238173306,7296
4.374244,238181578,238174282,7296
4.374281,238185686,238175742,9944
4.37429,238187146,238177202,9944
4.37429,238186934,238178662,8272
4.37429,238186650,238180122,6528
4.37429,238186362,238181578,4784
4.374327,238192046,238183038,9008
4.374331,238193506,238184498,9008
4.374331,238193286,238185958,7328
4.374331,238193690,238186362,7328
4.374357,238196190,238187822,8368
4.374362,238197650,238189282,8368
4.374362,238197438,238190742,6696
4.374362,238197154,238192202,4952
4.374362,238196862,238193662,3200
4.374369,238196890,238193690,3200
4.374402,238202534,238195150,7384
4.374406,238203994,238196610,7384
4.374406,238204274,238196890,7384
4.374423,238205678,238198350,7328
4.374428,238207138,238199810,7328
4.374428,238206854,238201270,5584
4.374428,238206642,238202730,3912
4.374428,238206358,238204190,2168
4.374434,238206442,238204274,2168
4.37447,238212966,238205734,7232
4.37447,238211922,238206442,5480
4.374482,238214614,238207902,6712
4.374486,238214322,238209362,4960
4.374486,238214038,238210822,3216
4.374486,238215138,238211922,3216
4.374516,238219158,238213382,5776
4.37452,238218882,238214842,4040
4.37452,238219178,238215138,4040
4.374537,238222294,238216598,5696
4.374541,238222330,238218058,4272
4.374541,238221698,238219178,2520
4.374601,238226166,238220638,5528
4.374601,238225482,238221698,3784
4.374618,238232622,238223158,9464
4.374618,238232338,238224618,7720
4.374618,238233798,238226078,7720
4.37463,238234122,238227538,6584
4.374636,238235582,238228998,6584
4.374636,238235378,238230458,4920
4.374636,238235086,238231918,3168
4.374636,238235790,238232622,3168
4.374669,238240722,238234082,6640
4.374673,238240518,238235542,4976
4.374673,238240766,238235790,4976
4.374689,238243290,238237250,6040
4.374693,238243006,238238710,4296
4.374693,238242714,238240170,2544
4.374693,238243310,238240766,2544
4.37472,238247738,238242226,5512
4.37472,238247070,238243310,3760
4.374735,238249114,238244770,4344
4.374739,238250574,238246230,4344
4.374739,238249662,238247070,2592
4.37476,238253050,238248530,4520
4.37476,238252446,238249662,2784
4.374775,238255202,238251122,4080
4.374779,238254790,238252446,2344
4.374793,238256762,238253906,2856
4.374793,238257646,238254790,2856
4.374807,238258642,238256250,2392
4.374811,238260038,238257646,2392
4.374826,238262330,238259106,3224
4.374826,238262030,238260038,1992
4.37484,238263306,238261498,1808
4.37484,238263838,238262030,1808
4.374853,238266154,238263490,2664
4.374853,238266502,238263838,2664
4.374864,238267370,238265298,2072
4.374864,238266830,238266502,328
4.580851,238315982,238266830,49152
4.580877,238316434,238268290,48144
4.580877,238317894,238269750,48144
4.580877,238317618,238271210,46408
4.580877,238317350,238272670,44680
4.580877,238317066,238274130,42936
4.580877,238318526,238275590,42936
4.580877,238318290,238277050,41240
4.580877,238318022,238278510,39512
4.5809,238317746,238279970,37776
4.5809,238319206,238281430,37776
4.5809,238318954,238282890,36064
4.580934,238326710,238284350,42360
4.580934,238326522,238285810,40712
4.580941,238326238,238287270,38968
4.580941,238327698,238288730,38968
4.580941,238327406,238290190,37216
4.580941,238327202,238291650,35552
4.580941,238326910,238293110,33800
4.580958,238328370,238294570,33800
4.580958,238328086,238296030,32056
4.580959,238327874,238297490,30384
4.580959,238327590,238298950,28640
4.581032,238339954,238300410,39544
4.581039,238339670,238301870,37800
4.581039,238341130,238303330,37800
4.581039,238340910,238304790,36120
4.581039,238340634,238306250,34384
4.581039,238340342,238307710,32632
4.581057,238341802,238309170,32632
4.581057,238341590,238310630,30960
4.581057,238341306,238312090,29216
4.581057,238341014,238313550,27464
4.581057,238342474,238315010,27464
4.581133,238354446,238316470,37976
4.581138,238354538,238317930,36608
4.581138,238354246,238319390,34856
4.581138,238353970,238320850,33120
4.581138,238355430,238322310,33120
4.581146,238355210,238323770,31440
4.581146,238354926,238325230,29696
4.581146,238354650,238326690,27960
4.581146,238356110,238328150,27960
4.581146,238355890,238329610,26280
4.581146,238355598,238331070,24528
4.581233,238368322,238332530,35792
4.581238,238368086,238333990,34096
4.581238,238367802,238335450,32352
4.581238,238369262,238336910,32352
4.581238,238368986,238338370,30616
4.581245,238368766,238339830,28936
4.581245,238368474,238341290,27184
4.581245,238369934,238342750,27184
4.581245,238369658,238344210,25448
4.581245,238369438,238345670,23768
4.581245,238369154,238347130,22024
4.581333,238381174,238348590,32584
4.581339,238382634,238350050,32584
4.581339,238382414,238351510,30904
4.581339,238382130,238352970,29160
4.581339,238381846,238354430,27416
4.581339,238383306,238355890,27416
4.581358,238383094,238357350,25744
4.581358,238382810,238358810,24000
4.581358,238382526,238360270,22256
4.581358,238383986,238361730,22256
4.581358,238383766,238363190,20576
4.581434,238395874,238364650,31224
4.581439,238395590,238366110,29480
4.581439,238397050,238367570,29480
4.581439,238396758,238369030,27728
4.581439,238396546,238370490,26056
4.581447,238396262,238371950,24312
4.581447,238397722,238373410,24312
4.581447,238397430,238374870,22560
4.581457,238397226,238376330,20896
4.581457,238396942,238377790,19152
4.581457,238398402,238379250,19152
4.581539,238409830,238380710,29120
4.581539,238409546,238382170,27376
4.581539,238411006,238383630,27376
4.58155,238410794,238385090,25704
4.58155,238410510,238386550,23960
4.58155,238410218,238388010,22208
4.58155,238411678,238389470,22208
4.58155,238411474,238390930,20544
4.58155,238411182,238392390,18792
4.58155,238410898,238393850,17048
4.58155,238412358,238395310,17048
4.581636,238423386,238396770,26616
4.581636,238423102,238398230,24872
4.581642,238424562,238399690,24872
4.581642,238424342,238401150,23192
4.581642,238424066,238402610,21456
4.581642,238423774,238404070,19704
4.581643,238425234,238405530,19704
4.58166,238425014,238406990,18024
4.58166,238424738,238408450,16288
4.58166,238424454,238409910,14544
4.58166,238425914,238411370,14544
4.581735,238437302,238412830,24472
4.58174,238437026,238414290,22736
4.58174,238438486,238415750,22736
4.58174,238438274,238417210,21064
4.58174,238437982,238418670,19312
4.581757,238437706,238420130,17576
4.581757,238439166,238421590,17576
4.581757,238438946,238423050,15896
4.581757,238438654,238424510,14144
4.581757,238438322,238425914,12408
4.581827,238450638,238427374,23264
4.581827,238450530,238428834,21696
4.581836,238450246,238430294,19952
4.581836,238449962,238431754,18208
4.581837,238451422,238433214,18208
4.581837,238451210,238434674,16536
4.581837,238450918,238436134,14784
4.581837,238450642,238437594,13048
4.581837,238451370,238438322,13048
4.581904,238461174,238439782,21392
4.58191,238460890,238441242,19648
4.58191,238460606,238442702,17904
4.58191,238462066,238444162,17904
4.58191,238461854,238445622,16232
4.58191,238461562,238447082,14480
4.581926,238461278,238448542,12736
4.581926,238462738,238450002,12736
4.581926,238462158,238451094,11064
4.581984,238472466,238452554,19912
4.581988,238472638,238454014,18624
4.581988,238472346,238455474,16872
4.581988,238472062,238456934,15128
4.581989,238473522,238458394,15128
4.581995,238473310,238459854,13456
4.581996,238473026,238461314,11712
4.581996,238473870,238462158,11712
4.582052,238482010,238463618,18392
4.582057,238482174,238465078,17096
4.582057,238481890,238466538,15352
4.582057,238481598,238467998,13600
4.582057,238483058,238469458,13600
4.582064,238482854,238470918,11936
4.582064,238482562,238472378,10184
4.582064,238482278,238473838,8440
4.582064,238482310,238473870,8440
4.582126,238492250,238475330,16920
4.58213,238492062,238476790,15272
4.58213,238491770,238478250,13520
4.58213,238493230,238479710,13520
4.582135,238492946,238481170,11776
4.582135,238492414,238482310,10104
4.582178,238499522,238483770,15752
4.582184,238499662,238485230,14432
4.582184,238499378,238486690,12688
4.582184,238499086,238488150,10936
4.582184,238500546,238489610,10936
4.582184,238500342,238491070,9272
4.582192,238499942,238492414,7528
4.582242,238507898,238493874,14024
4.582247,238507606,238495334,12272
4.582247,238509066,238496794,12272
4.582247,238508838,238498254,10584
4.582247,238508578,238499714,8864
4.582247,238508806,238499942,8864
4.582288,238513690,238501402,12288
4.582293,238515150,238502862,12288
4.582293,238514946,238504322,10624
4.582293,238514654,238505782,8872
4.582293,238514370,238507242,7128
4.5823,238515830,238508702,7128
4.5823,238515934,238508806,7128
4.582344,238522490,238510266,12224
4.582349,238522750,238511726,11024
4.582349,238522538,238513186,9352
4.582349,238522254,238514646,7608
4.582349,238523542,238515934,7608
4.582389,238528026,238517394,10632
4.582394,238527734,238518854,8880
4.582395,238529194,238520314,8880
4.582395,238528990,238521774,7216
4.582395,238528698,238523234,5464
4.582395,238529006,238523542,5464
4.582436,238534274,238525002,9272
4.582441,238535734,238526462,9272
4.582441,238535522,238527922,7600
4.582442,238534870,238529006,5864
4.58247,238538818,238530466,8352
4.582474,238540278,238531926,8352
4.582475,238540066,238533386,6680
4.582475,238539782,238534846,4936
4.582479,238539806,238534870,4936
4.582507,238544562,238536330,8232
4.582512,238544278,238537790,6488
4.582512,238545738,238539250,6488
4.582512,238544614,238539806,4808
4.582538,238548298,238541266,7032
4.582542,238549758,238542726,7032
4.582542,238549538,238544186,5352
4.582542,238549966,238544614,5352
4.582568,238553258,238546074,7184
4.582572,238552966,238547534,5432
4.582572,238552690,238548994,3696
4.582572,238553662,238549966,3696
4.582601,238558186,238551426,6760
4.582605,238558406,238552886,5520
4.582605,238557470,238553662,3808
4.582624,238560274,238555122,5152
4.582628,238561734,238556582,5152
4.582628,238560950,238557470,3480
4.582648,238564354,238558930,5424
4.582652,238564062,238560390,3672
4.582652,238564622,238560950,3672
4.58267,238567738,238562410,5328
4.582674,238567638,238563870,3768
4.582674,238568390,238564622,3768
4.582693,238570906,238566082,4824
4.582698,238570622,238567542,3080
4.582698,238571470,238568390,3080
4.582717,238573450,238569850,3600
4.58272,238573166,238571310,1856
4.58272,238573326,238571470,1856
4.582736,238576842,238572930,3912
4.582736,238575662,238573326,2336
4.582747,238578434,238574786,3648
4.582747,238578070,238575662,2408
4.582762,238580474,238577122,3352
4.582762,238579886,238578070,1816
4.582777,238581338,238579530,1808
4.582777,238581694,238579886,1808
4.582788,238584114,238581346,2768
4.582788,238582950,238581694,1256
4.788864,238631670,238582950,48720
4.78889,238633562,238584410,49152
4.78889,238633574,238585870,47704
4.788898,238633330,238587330,46000
4.788898,238633046,238588790,44256
4.788898,238634506,238590250,44256
4.788898,238634238,238591710,42528
4.788898,238634002,238593170,40832
4.788898,238633726,238594630,39096
4.788898,238635186,238596090,39096
4.788916,238634902,238597550,37352
4.788916,238634682,238599010,35672
4.788947,238641510,238600470,41040
4.788953,238641482,238601930,39552
4.788953,238641190,238603390,37800
4.788953,238640906,238604850,36056
4.788953,238642366,238606310,36056
4.788953,238642162,238607770,34392
4.788972,238641870,238609230,32640
4.788972,238641578,238610690,30888
4.788972,238643038,238612150,30888
4.788972,238642834,238613610,29224
4.788972,238642542,238615070,27472
4.789038,238653122,238616530,36592
4.789043,238654582,238617990,36592
4.789043,238654378,238619450,34928
4.789043,238654086,238620910,33176
4.789043,238653802,238622370,31432
4.78905,238655262,238623830,31432
4.78905,238655050,238625290,29760
4.78905,238654758,238626750,28008
4.78905,238654474,238628210,26264
4.789051,238655934,238629670,26264
4.789051,238655730,238631130,24600
4.789138,238667110,238632590,34520
4.789143,238668570,238634050,34520
4.789143,238668334,238635510,32824
4.789143,238668074,238636970,31104
4.789143,238667790,238638430,29360
4.789143,238669250,238639890,29360
4.789162,238669006,238641350,27656
4.789162,238668754,238642810,25944
4.789162,238668462,238644270,24192
4.789162,238669922,238645730,24192
4.789162,238669670,238647190,22480
4.789238,238681338,238648650,32688
4.789243,238681054,238650110,30944
4.789243,238682514,238651570,30944
4.789243,238682302,238653030,29272
4.789243,238682010,238654490,27520
4.789251,238681734,238655950,25784
4.789251,238683194,238657410,25784
4.789251,238682974,238658870,24104
4.789251,238682690,238660330,22360
4.789251,238682406,238661790,20616
4.789251,238683866,238663250,20616
4.789339,238695854,238664710,31144
4.789344,238695786,238666170,29616
4.789344,238695502,238667630,27872
4.789344,238695218,238669090,26128
4.789344,238696678,238670550,26128
4.789352,238696466,238672010,24456
4.789352,238696182,238673470,22712
4.789352,238695890,238674930,20960
4.789352,238697350,238676390,20960
4.789352,238697146,238677850,19296
4.789352,238696854,238679310,17544
4.789439,238709730,238680770,28960
4.789443,238709846,238682230,27616
4.789443,238709554,238683690,25864
4.789443,238709270,238685150,24120
4.789444,238710730,238686610,24120
4.789451,238710518,238688070,22448
4.789451,238710234,238689530,20704
4.789451,238709950,238690990,18960
4.789451,238711410,238692450,18960
4.789451,238711198,238693910,17288
4.789451,238710914,238695370,15544
4.789539,238723070,238696830,26240
4.789545,238722786,238698290,24496
4.789545,238724246,238699750,24496
4.789545,238724034,238701210,22824
4.789545,238723750,238702670,21080
4.789545,238723458,238704130,19328
4.789564,238724918,238705590,19328
4.789564,238724714,238707050,17664
4.789564,238724422,238708510,15912
4.789564,238724138,238709970,14168
4.789564,238725082,238710914,14168
4.789636,238737102,238712374,24728
4.789642,238736818,238713834,22984
4.789642,238736534,238715294,21240
4.789642,238737994,238716754,21240
4.789642,238737774,238718214,19560
4.789642,238737498,238719674,17824
4.789661,238737206,238721134,16072
4.789661,238738666,238722594,16072
4.789661,238738446,238724054,14392
4.789661,238737738,238725082,12656
4.789725,238749518,238726542,22976
4.789729,238749274,238728002,21272
4.78973,238748982,238729462,19520
4.78973,238750442,238730922,19520
4.78973,238749222,238731414,17808
4.789771,238755890,238732874,23016
4.789776,238755734,238734334,21400
4.789776,238755458,238735794,19664
4.789776,238755166,238737254,17912
4.789776,238756626,238738714,17912
4.789794,238756414,238740174,16240
4.789794,238756130,238741634,14496
4.789794,238755846,238743094,12752
4.789794,238757306,238744554,12752
4.789794,238757086,238746014,11072
4.789794,238756810,238747474,9336
4.789865,238768102,238748934,19168
4.78987,238769562,238750394,19168
4.78987,238769294,238751854,17440
4.78987,238769066,238753314,15752
4.78987,238768782,238754774,14008
4.789877,238770242,238756234,14008
4.789877,238769074,238756810,12264
4.789924,238776886,238758270,18616
4.789929,238776602,238759730,16872
4.789929,238776310,238761190,15120
4.789929,238777770,238762650,15120
4.789929,238777566,238764110,13456
4.789929,238777274,238765570,11704
4.789936,238776990,238767030,9960
4.789936,238778450,238768490,9960
4.789936,238777362,238769074,8288
4.79,238787518,238770534,16984
4.790006,238787226,238771994,15232
4.790006,238786942,238773454,13488
4.790006,238788402,238774914,13488
4.790006,238788190,238776374,11816
4.790006,238787434,238777362,10072
4.790052,238793974,238778822,15152
4.790057,238795434,238780282,15152
4.790057,238795222,238781742,13480
4.790057,238794938,238783202,11736
4.790057,238794654,238784662,9992
4.790064,238796114,238786122,9992
4.790064,238795738,238787434,8304
4.790115,238803422,238788894,14528
4.790121,238803130,238790354,12776
4.790121,238802846,238791814,11032
4.790121,238804306,238793274,11032
4.790121,238804094,238794734,9360
4.790121,238803354,238795738,7616
4.790167,238810062,238797198,12864
4.790172,238809770,238798658,11112
4.790172,238811230,238800118,11112
4.790172,238811018,238801578,9440
4.790172,238810734,238803038,7696
4.790172,238811050,238803354,7696
4.790214,238816662,238804814,11848
4.790219,238816378,238806274,10104
4.790219,238817838,238807734,10104
4.790219,238817626,238809194,8432
4.790219,238817334,238810654,6680
4.790219,238817730,238811050,6680
4.790302,238823398,238812510,10888
4.790303,238824858,238813970,10888
4.790303,238824646,238815430,9216
4.790303,238824362,238816890,7472
4.790303,238825202,238817730,7472
4.790322,238831190,238819190,12000
4.790322,238830898,238820650,10248
4.790322,238832358,238822110,10248
4.790333,238833146,238823570,9576
4.790334,238832854,238825030,7824
4.79034,238834314,238826490,7824
4.79034,238834102,238827950,6152
4.79034,238833818,238829410,4408
4.79034,238833534,238830870,2664
4.79034,238833854,238831190,2664
4.79039,238841610,238832650,8960
4.79039,238841094,238833854,7240
4.790405,238843882,238835314,8568
4.79041,238843718,238836774,6944
4.79041,238843426,238838234,5192
4.79041,238843150,238839694,3456
4.79041,238844550,238841094,3456
4.79045,238849114,238842554,6560
4.790454,238850574,238844014,6560
4.790454,238849438,238844550,4888
4.790472,238852794,238846010,6784
4.790472,238852510,238847470,5040
4.790478,238853970,238848930,5040
4.790478,238852726,238849438,3288
4.790502,238857306,238850898,6408
4.790506,238857526,238852358,5168
4.790506,238857894,238852726,5168
4.790523,238859826,238854186,5640
4.790527,238859534,238855646,3888
4.790527,238860994,238857106,3888
4.790528,238860038,238857894,2144
4.790555,238863954,238859354,4600
4.790555,238864638,238860038,4600
4.790568,238865946,238861498,4448
4.790573,238865662,238862958,2704
4.790573,238867122,238864418,2704
4.790573,238865662,238864638,1024
4.996864,238914814,238865662,49152
4.996887,238916274,238867122,49152
4.996895,238916286,238868582,47704
4.996895,238916042,238870042,46000
4.996895,238915758,238871502,44256
4.996895,238917218,238872962,44256
4.996895,238916950,238874422,42528
4.996895,238916714,238875882,40832
4.996915,238916430,238877342,39088
4.996915,238917890,238878802,39088
4.996915,238917614,238880262,37352
4.996915,238917394,238881722,35672
4.996946,238924222,238883182,41040
4.996951,238924170,238884642,39528
4.996951,238923886,238886102,37784
4.996951,238923602,238887562,36040
4.996952,238925062,238889022,36040
4.99697,238924850,238890482,34368
4.99697,238924566,238891942,32624
4.99697,238924282,238893402,30880
4.99697,238925742,238894862,30880
4.99697,238925522,238896322,29200
4.99697,238925238,238897782,27456
4.997037,238935778,238899242,36536
4.997041,238937238,238900702,36536
4.997041,238937026,238902162,34864
4.997041,238936742,238903622,33120
4.997041,238936458,238905082,31376
4.99705,238937918,238906542,31376
4.99705,238937698,238908002,29696
4.99705,238937422,238909462,27960
4.99705,238937130,238910922,26208
4.99705,238938590,238912382,26208
4.99705,238938378,238913842,24536
4.997136,238949478,238915302,34176
4.997143,238950938,238916762,34176
4.997143,238950726,238918222,32504
4.997143,238950434,238919682,30752
4.997143,238950158,238921142,29016
4.997143,238951618,238922602,29016
4.997162,238951406,238924062,27344
4.997162,238951114,238925522,25592
4.997162,238950838,238926982,23856
4.997162,238952298,238928442,23856
4.997162,238952078,238929902,22176
4.997237,238964066,238931362,32704
4.997242,238963774,238932822,30952
4.997242,238965234,238934282,30952
4.997242,238965030,238935742,29288
4.997242,238964738,238937202,27536
4.997261,238964454,238938662,25792
4.997261,238965914,238940122,25792
4.997261,238965702,238941582,24120
4.997261,238965418,238943042,22376
4.997261,238965134,238944502,20632
4.997261,238966594,238945962,20632
4.997337,238978446,238947422,31024
4.997342,238978162,238948882,29280
4.997342,238977870,238950342,27528
4.997342,238979330,238951802,27528
4.997342,238979126,238953262,25864
4.99736,238978834,238954722,24112
4.99736,238978550,238956182,22368
4.99736,238980010,238957642,22368
4.99736,238979798,238959102,20696
4.99736,238979514,238960562,18952
4.99736,238979222,238962022,17200
4.997437,238992442,238963482,28960
4.997448,238992446,238964942,27504
4.997448,238992162,238966402,25760
4.997448,238991878,238967862,24016
4.997448,238993338,238969322,24016
4.997448,238993118,238970782,22336
4.997448,238992834,238972242,20592
4.997448,238992558,238973702,18856
4.997448,238994018,238975162,18856
4.997467,238993798,238976622,17176
4.997467,238993514,238978082,15432
4.997538,239005926,238979542,26384
4.997543,239005642,238981002,24640
4.997543,239007102,238982462,24640
4.997543,239006890,238983922,22968
4.997543,239006606,238985382,21224
4.997552,239006314,238986842,19472
4.997562,239007774,238988302,19472
4.997562,239007562,238989762,17800
4.997562,239007278,238991222,16056
4.997562,239006994,238992682,14312
4.997562,239007826,238993514,14312
4.997635,239018774,238994974,23800
4.997639,239020234,238996434,23800
4.997639,239020022,238997894,22128
4.997639,239019738,238999354,20384
4.997639,239019446,239000814,18632
4.997657,239020906,239002274,18632
4.997657,239020702,239003734,16968
4.997657,239020410,239005194,15216
4.997657,239020126,239006654,13472
4.997657,239021298,239007826,13472
4.997754,239031806,239009286,22520
4.997754,239033266,239010746,22520
4.997754,239032574,239011734,20840
4.997754,239035242,239013194,22048
4.997754,239036702,239014654,22048
4.997787,239036490,239016114,20376
4.997787,239036206,239017574,18632
4.997787,239035914,239019034,16880
4.997787,239037374,239020494,16880
4.99784,239043146,239021954,21192
4.997841,239043302,239023414,19888
4.997841,239043010,239024874,18136
4.997841,239042726,239026334,16392
4.997841,239044186,239027794,16392
4.997841,239043974,239029254,14720
4.997841,239043690,239030714,12976
4.997841,239043398,239032174,11224
4.997854,239044858,239033634,11224
4.997854,239044646,239035094,9552
4.997854,239044362,239036554,7808
4.997925,239056598,239038014,18584
4.997925,239056314,239039474,16840
4.997925,239057774,239040934,16840
4.997925,239057562,239042394,15168
4.997925,239057270,239043854,13416
4.997925,239057778,239044362,13416
4.997984,239062694,239045822,16872
4.997984,239064154,239047282,16872
4.997984,239063942,239048742,15200
4.997984,239063658,239050202,13456
4.997984,239064910,239051662,13248
4.997984,239064626,239053122,11504
4.997985,239064342,239054582,9760
4.997985,239065802,239056042,9760
4.997997,239065590,239057502,8088
4.997997,239065866,239057778,8088
4.998058,239074430,239059238,15192
4.998058,239075890,239060698,15192
4.998058,239075678,239062158,13520
4.998058,239075394,239063618,11776
4.998058,239075102,239065078,10024
4.998058,239075890,239065866,10024
4.998118,239083846,239067326,16520
4.998118,239083738,239068786,14952
4.998118,239083454,239070246,13208
4.998118,239083178,239071706,11472
4.998118,239084638,239073166,11472
4.998118,239084418,239074626,9792
4.998118,239083938,239075890,8048
4.99818,239092486,239077350,15136
4.99818,239092290,239078810,13480
4.99818,239092014,239080270,11744
4.99818,239093474,239081730,11744
4.99818,239093182,239083190,9992
4.99818,239092258,239083938,8320
4.998236,239097142,239085398,11744
4.998236,239098602,239086858,11744
4.998236,239098398,239088318,10080
4.998236,239098106,239089778,8328
4.998236,239097822,239091238,6584
4.998236,239098842,239092258,6584
4.998255,239104974,239093718,11256
4.998255,239106434,239095178,11256
4.998263,239106150,239096638,9512
4.998263,239105930,239098098,7832
4.998316,239111366,239099558,11808
4.998316,239111210,239101018,10192
4.998316,239110926,239102478,8448
4.998316,239110634,239103938,6696
4.998316,239112094,239105398,6696
4.998316,239110962,239105930,5032
4.998375,239117270,239107390,9880
4.998375,239117114,239108850,8264
4.998375,239116822,239110310,6512
4.998375,239117474,239110962,6512
4.998393,239124782,239112422,12360
4.998393,239125010,239113882,11128
4.998399,239124790,239115342,9448
4.998399,239124498,239116802,7696
4.998409,239127278,239118262,9016
4.998415,239127498,239119722,7776
4.998415,239127214,239121182,6032
4.998415,239126930,239122642,4288
4.998415,239128390,239124102,4288
4.998415,239127398,239124790,2608
4.998459,239134098,239126250,7848
4.998459,239133734,239127398,6336
4.998474,239135954,239128858,7096
4.998479,239135670,239130318,5352
4.998479,239137130,239131778,5352
4.998479,239136838,239133238,3600
4.998479,239135670,239133734,1936
4.998514,239141594,239135194,6400
4.998514,239142070,239135670,6400
4.998525,239143418,239137130,6288
4.998528,239143678,239138590,5088
4.998528,239143458,239140050,3408
4.998532,239143182,239141510,1672
4.998532,239143742,239142070,1672
4.998566,239148754,239143530,5224
4.998572,239148966,239143742,5224
4.998576,239150466,239145202,5264
4.99858,239150694,239146662,4032
4.99858,239150458,239148122,2336
4.998604,239153902,239149582,4320
4.998604,239154778,239150458,4320
4.998618,239155758,239151918,3840
4.998622,239155474,239153378,2096
4.998622,239156874,239154778,2096
4.998645,239160022,239156238,3784
4.998645,239159130,239156874,2256
4.998659,239161846,239158334,3512
4.998659,239161330,239159130,2200
4.998673,239163278,239160590,2688
4.998673,239164018,239161330,2688
4.998726,239165646,239162790,2856
4.998726,239165122,239164018,1104
4.998741,239172998,239165478,7520
4.99875,239173498,239166938,6560
4.998756,239174958,239168398,6560
4.998756,239174746,239169858,4888
4.998756,239174462,239171318,3144
4.998756,239174170,239172778,1392
4.998756,239174390,239172998,1392
5.204867,239223542,239174390,49152
5.204892,239224978,239175850,49128
5.204892,239224542,239177310,47232
5.204902,239224250,239178770,45480
5.204902,239225710,239180230,45480
5.204902,239225506,239181690,43816
5.204902,239225214,239183150,42064
5.204902,239224922,239184610,40312
5.204903,239226382,239186070,40312
5.204903,239226178,239187530,38648
5.204903,239225886,239188990,36896
5.204922,239225602,239190450,35152
5.204947,239231646,239191910,39736
5.204947,239231826,239193370,38456
5.204947,239231534,239194830,36704
5.204947,239231250,239196290,34960
5.204956,239232774,239197750,35024
5.204956,239232482,239199210,33272
5.204956,239232198,239200670,31528
5.204956,239233658,239202130,31528
5.204956,239233438,239203590,29848
5.204956,239233162,239205050,28112
5.204956,239232878,239206510,26368
5.20504,239245298,239207970,37328
5.205045,239245006,239209430,35576
5.205045,239244722,239210890,33832
5.205045,239246182,239212350,33832
5.205045,239245970,239213810,32160
5.205053,239245686,239215270,30416
5.205053,239245394,239216730,28664
5.205053,239246854,239218190,28664
5.205063,239246650,239219650,27000
5.205063,239246358,239221110,25248
5.205063,239246074,239222570,23504
5.20514,239259390,239224030,35360
5.205145,239259474,239225490,33984
5.205145,239259190,239226950,32240
5.205146,239258914,239228410,30504
5.205146,239260374,239229870,30504
5.205164,239260154,239231330,28824
5.205164,239259870,239232790,27080
5.205164,239259586,239234250,25336
5.205164,239261046,239235710,25336
5.205164,239260834,239237170,23664
5.205164,239260542,239238630,21912
5.20524,239273266,239240090,33176
5.205245,239273486,239241550,31936
5.205245,239273226,239243010,30216
5.205245,239272942,239244470,28472
5.205245,239274402,239245930,28472
5.205254,239274150,239247390,26760
5.205254,239273906,239248850,25056
5.205254,239273622,239250310,23312
5.205254,239275082,239251770,23312
5.205264,239274822,239253230,21592
5.205264,239274586,239254690,19896
5.20534,239286342,239256150,30192
5.205345,239287802,239257610,30192
5.205345,239287582,239259070,28512
5.205345,239287306,239260530,26776
5.205345,239287022,239261990,25032
5.205353,239288482,239263450,25032
5.205353,239288246,239264910,23336
5.205353,239287986,239266370,21616
5.205353,239287694,239267830,19864
5.205353,239289154,239269290,19864
5.205353,239288918,239270750,18168
5.205441,239301194,239272210,28984
5.205447,239300902,239273670,27232
5.205447,239300618,239275130,25488
5.205447,239302078,239276590,25488
5.205447,239301866,239278050,23816
5.205447,239301574,239279510,22064
5.205466,239301290,239280970,20320
5.205466,239302750,239282430,20320
5.205466,239302546,239283890,18656
5.205466,239302254,239285350,16904
5.205466,239301970,239286810,15160
5.205541,239315102,239288270,26832
5.205546,239315098,239289730,25368
5.205546,239314814,239291190,23624
5.205546,239314538,239292650,21888
5.205547,239315998,239294110,21888
5.205555,239315778,239295570,20208
5.205555,239315486,239297030,18456
5.205555,239315210,239298490,16720
5.205555,239316670,239299950,16720
5.205564,239316450,239301410,15040
5.205564,239317010,239301970,15040
5.205636,239328294,239303430,24864
5.205641,239328130,239304890,23240
5.205641,239327854,239306350,21504
5.205641,239327562,239307810,19752
5.205641,239329022,239309270,19752
5.205659,239328810,239310730,18080
5.205659,239328526,239312190,16336
5.205659,239328242,239313650,14592
5.205659,239329702,239315110,14592
5.205659,239330006,239315414,14592
5.20572,239339890,239316874,23016
5.205726,239340110,239318334,21776
5.205726,239339842,239319794,20048
5.205726,239339558,239321254,18304
5.205726,239341018,239322714,18304
5.205726,239340782,239324174,16608
5.205743,239340514,239325634,14880
5.205743,239340230,239327094,13136
5.205743,239341690,239328554,13136
5.205743,239341438,239330006,11432
5.205862,239352762,239331466,21296
5.205863,239354222,239332926,21296
5.205863,239353986,239334386,19600
5.205863,239353726,239335846,17880
5.205863,239353442,239337306,16136
5.205863,239354902,239338766,16136
5.205863,239354650,239340226,14424
5.205863,239354158,239341438,12720
5.205915,239362018,239342898,19120
5.205915,239361734,239344358,17376
5.205915,239363194,239345818,17376
5.205915,239362974,239347278,15696
5.205915,239362698,239348738,13960
5.205915,239362406,239350198,12208
5.205915,239363866,239351658,12208
5.205915,239363654,239353118,10536
5.205927,239362950,239354158,8792
5.205988,239373362,239355618,17744
5.205988,239373078,239357078,16000
5.205988,239372794,239358538,14256
5.205988,239374254,239359998,14256
5.205989,239374034,239361458,12576
5.205989,239374710,239362134,12576
5.20605,239380362,239363594,16768
5.20605,239380622,239365054,15568
5.20605,239380402,239366514,13888
5.206051,239380126,239367974,12152
5.206051,239381586,239369434,12152
5.206051,239381294,239370894,10400
5.206051,239381082,239372354,8728
5.206051,239380798,239373814,6984
5.206065,239381694,239374710,6984
5.206118,239392194,239376170,16024
5.206118,239392134,239377630,14504
5.206118,239391858,239379090,12768
5.206118,239391566,239380550,11016
5.206118,239392710,239381694,11016
5.206141,239397018,239383154,13864
5.206141,239396734,239384614,12120
5.206141,239398194,239386074,12120
5.206141,239397982,239387534,10448
5.206141,239397698,239388994,8704
5.206142,239397406,239390454,6952
5.206152,239398866,239391914,6952
5.206152,239397998,239392710,5288
5.206224,239406970,239394170,12800
5.206224,239406822,239395630,11192
5.206224,239406538,239397090,9448
5.206224,239407446,239397998,9448
5.20624,239411970,239399458,12512
5.206248,239412222,239400918,11304
5.206248,239412010,239402378,9632
5.206248,239411726,239403838,7888
5.206248,239413186,239405298,7888
5.206248,239412902,239406758,6144
5.206313,239418402,239408218,10184
5.206313,239418118,239409678,8440
5.206313,239419578,239411138,8440
5.206313,239419366,239412598,6768
5.206313,239419670,239412902,6768
5.206335,239424146,239414362,9784
5.206335,239423862,239415822,8040
5.206335,239425322,239417282,8040
5.206335,239425102,239418742,6360
5.206391,239430162,239420202,9960
5.206391,239430110,239421662,8448
5.206391,239429826,239423122,6704
5.206391,239429542,239424582,4960
5.206391,239430062,239425102,4960
5.206412,239435162,239426562,8600
5.206412,239434974,239428022,6952
5.206412,239434682,239429482,5200
5.206465,239438798,239430942,7856
5.206465,239438642,239432402,6240
5.206465,239438350,239433862,4488
5.206465,239439170,239434682,4488
5.206485,239445406,239436142,9264
5.206485,239445522,239437602,7920
5.206494,239445830,239439062,6768
5.206495,239445938,239439170,6768
5.206499,239447214,239440630,6584
5.206503,239448674,239442090,6584
5.206503,239448382,239443550,4832
5.206503,239448170,239445010,3160
5.206535,239452902,239446470,6432
5.206541,239453058,239447930,5128
5.206541,239453298,239448170,5128
5.206553,239455518,239449630,5888
5.206558,239455242,239451090,4152
5.206558,239454950,239452550,2400
5.206558,239455698,239453298,2400
5.206586,239459510,239454758,4752
5.206586,239460450,239455698,4752
5.206601,239461806,239457158,4648
5.206605,239461522,239458618,2904
5.206605,239462982,239460078,2904
5.206605,239461610,239460450,1160
5.412864,239509994,239461610,48384
5.412889,239511790,239463070,48720
5.412889,239511394,239464530,46864
5.412898,239512854,239465990,46864
5.412898,239512578,239467450,45128
5.412898,239512358,239468910,43448
5.412898,239512074,239470370,41704
5.412898,239513534,239471830,41704
5.412898,239513250,239473290,39960
5.412898,239513038,239474750,38288
5.412918,239512746,239476210,36536
5.412918,239514206,239477670,36536
5.412946,239518898,239479130,39768
5.412946,239518606,239480590,38016
5.412946,239518322,239482050,36272
5.412946,239519782,239483510,36272
5.412946,239519578,239484970,34608
5.412946,239519558,239486430,33128
5.412946,239519266,239487890,31376
5.412966,239520726,239489350,31376
5.412966,239520482,239490810,29672
5.412966,239520230,239492270,27960
5.412966,239519938,239493730,26208
5.413037,239532262,239495190,37072
5.413043,239531970,239496650,35320
5.413043,239533430,239498110,35320
5.413043,239533218,239499570,33648
5.413043,239532934,239501030,31904
5.413043,239532642,239502490,30152
5.413061,239534102,239503950,30152
5.413061,239533898,239505410,28488
5.413061,239533614,239506870,26744
5.413061,239533322,239508330,24992
5.413062,239534782,239509790,24992
5.413137,239546658,239511250,35408
5.413142,239546614,239512710,33904
5.413142,239546330,239514170,32160
5.413142,239546046,239515630,30416
5.413142,239547506,239517090,30416
5.41315,239547294,239518550,28744
5.41315,239547002,239520010,26992
5.41315,239546726,239521470,25256
5.41315,239548186,239522930,25256
5.41315,239547966,239524390,23576
5.41315,239547682,239525850,21832
5.413238,239559670,239527310,32360
5.413243,239561130,239528770,32360
5.413243,239560910,239530230,30680
5.413243,239560626,239531690,28936
5.413243,239560342,239533150,27192
5.413251,239561802,239534610,27192
5.413251,239561582,239536070,25512
5.413251,239561298,239537530,23768
5.413251,239561022,239538990,22032
5.413251,239562482,239540450,22032
5.413251,239562262,239541910,20352
5.413338,239573674,239543370,30304
5.413343,239575134,239544830,30304
5.413343,239574842,239546290,28552
5.413343,239574638,239547750,26888
5.413343,239574354,239549210,25144
5.413362,239575814,239550670,25144
5.413362,239575522,239552130,23392
5.413362,239575310,239553590,21720
5.413362,239575026,239555050,19976
5.413362,239576486,239556510,19976
5.413362,239576194,239557970,18224
5.413439,239588406,239559430,28976
5.413448,239588122,239560890,27232
5.413448,239587838,239562350,25488
5.413448,239589298,239563810,25488
5.413448,239589086,239565270,23816
5.413448,239588794,239566730,22064
5.413448,239588518,239568190,20328
5.413448,239589978,239569650,20328
5.413464,239589758,239571110,18648
5.413464,239589474,239572570,16904
5.413464,239589190,239574030,15160
5.413539,239602362,239575490,26872
5.413544,239602326,239576950,25376
5.413544,239602042,239578410,23632
5.413544,239601758,239579870,21888
5.413544,239603218,239581330,21888
5.413562,239603006,239582790,20216
5.413562,239602714,239584250,18464
5.413562,239602438,239585710,16728
5.413562,239603898,239587170,16728
5.413562,239603678,239588630,15048
5.413562,239604238,239589190,15048
5.413634,239615554,239590650,24904
5.413639,239615438,239592110,23328
5.413639,239615154,239593570,21584
5.413639,239614862,239595030,19832
5.413639,239616322,239596490,19832
5.413646,239616110,239597950,18160
5.413646,239615826,239599410,16416
5.413646,239615534,239600870,14664
5.413646,239616994,239602330,14664
5.413646,239616790,239603790,13000
5.413646,239617238,239604238,13000
5.413728,239627546,239605698,21848
5.413732,239629006,239607158,21848
5.413732,239628802,239608618,20184
5.413732,239628510,239610078,18432
5.413732,239628226,239611538,16688
5.413749,239629686,239612998,16688
5.413749,239629474,239614458,15016
5.413749,239629190,239615918,13272
5.413749,239628758,239617238,11520
5.413809,239639890,239618698,21192
5.413814,239639774,239620158,19616
5.413814,239639482,239621618,17864
5.413814,239639198,239623078,16120
5.413814,239640658,239624538,16120
5.413831,239640446,239625998,14448
5.413831,239640162,239627458,12704
5.413831,239641462,239628758,12704
5.413881,239649898,239630218,19680
5.413887,239649750,239631678,18072
5.413887,239649466,239633138,16328
5.413887,239649174,239634598,14576
5.413887,239650634,239636058,14576
5.413887,239650430,239637518,12912
5.413894,239650138,239638978,11160
5.413894,239649854,239640438,9416
5.413894,239650878,239641462,9416
5.41396,239659906,239642922,16984
5.413966,239661366,239644382,16984
5.413966,239661146,239645842,15304
5.413966,239660870,239647302,13568
5.413966,239660578,239648762,11816
5.413972,239662038,239650222,11816
5.413972,239661022,239650878,10144
5.414019,239667962,239652338,15624
5.414023,239669422,239653798,15624
5.414023,239669210,239655258,13952
5.414023,239668918,239656718,12200
5.414028,239668634,239658178,10456
5.414028,239670094,239659638,10456
5.414028,239669806,239661022,8784
5.414083,239677866,239662482,15384
5.414087,239677942,239663942,14000
5.414087,239677658,239665402,12256
5.414088,239677374,239666862,10512
5.414088,239678834,239668322,10512
5.414095,239678614,239669782,8832
5.414095,239678638,239669806,8832
5.414138,239684690,239671266,13424
5.414143,239686150,239672726,13424
5.414143,239685858,239674186,11672
5.414143,239685646,239675646,10000
5.414143,239685362,239677106,8256
5.41415,239685078,239678566,6512
5.41415,239685150,239678638,6512
5.414193,239692226,239680098,12128
5.414198,239693686,239681558,12128
5.414198,239693482,239683018,10464
5.414198,239693190,239684478,8712
5.414198,239693862,239685150,8712
5.414234,239698786,239686610,12176
5.414234,239698662,239688070,10592
5.41424,239698370,239689530,8840
5.41424,239698086,239690990,7096
5.41424,239699546,239692450,7096
5.41424,239699294,239693862,5432
5.414288,239706290,239695322,10968
5.414292,239706438,239696782,9656
5.414292,239706154,239698242,7912
5.414292,239707206,239699294,7912
5.414322,239711066,239700754,10312
5.414327,239710862,239702214,8648
5.414327,239710586,239703674,6912
5.414327,239712046,239705134,6912
5.414327,239711754,239706594,5160
5.414327,239710694,239707206,3488
5.414371,239717882,239708666,9216
5.414375,239717806,239710126,7680
5.414375,239718374,239710694,7680
5.414393,239720090,239712154,7936
5.414399,239721550,239713614,7936
5.414399,239721290,239715074,6216
5.414399,239721054,239716534,4520
5.414399,239720762,239717994,2768
5.414399,239721142,239718374,2768
5.414441,239727090,239719834,7256
5.414445,239726670,239721142,5528
5.414458,239729930,239722602,7328
5.414462,239730174,239724062,6112
5.414462,239729954,239725522,4432
5.414462,239729366,239726670,2696
5.414493,239733586,239728130,5456
5.414493,239734822,239729366,5456
5.41451,239736778,239730826,5952
5.414515,239736486,239732286,4200
5.414515,239737946,239733746,4200
5.414515,239737270,239734822,2448
5.414544,239740746,239736282,4464
5.414544,239741734,239737270,4464
5.414559,239743618,239738730,4888
5.414564,239743326,239740190,3136
5.414564,239744786,239741650,3136
5.414564,239743126,239741734,1392
5.620865,239792278,239743126,49152
5.620889,239793298,239744586,48712
5.620889,239792902,239746046,46856
5.620898,239794362,239747506,46856
5.620898,239794078,239748966,45112
5.620898,239793866,239750426,43440
5.620898,239793582,239751886,41696
5.620898,239795042,239753346,41696
5.620898,239794750,239754806,39944
5.620898,239794546,239756266,38280
5.620918,239794262,239757726,36536
5.620918,239795722,239759186,36536
5.620948,239801334,239760646,40688
5.620954,239801050,239762106,38944
5.620954,239802510,239763566,38944
5.620954,239802242,239765026,37216
5.620954,239802014,239766486,35528
5.620954,239801722,239767946,33776
5.620973,239803182,239769406,33776
5.620973,239802914,239770866,32048
5.620973,239802686,239772326,30360
5.620973,239802402,239773786,28616
5.620973,239803862,239775246,28616
5.621038,239814002,239776706,37296
5.621043,239813710,239778166,35544
5.621043,239813434,239779626,33808
5.621044,239814894,239781086,33808
5.621044,239814674,239782546,32128
5.621044,239814382,239784006,30376
5.621062,239814106,239785466,28640
5.621062,239815566,239786926,28640
5.621062,239815354,239788386,26968
5.621062,239815062,239789846,25216
5.621062,239814786,239791306,23480
5.621142,239827182,239792766,34416
5.621142,239828642,239794226,34416
5.621142,239828438,239795686,32752
5.621142,239828154,239797146,31008
5.621163,239827862,239798606,29256
5.621163,239829322,239800066,29256
5.621163,239829110,239801526,27584
5.621163,239828826,239802986,25840
5.621163,239828534,239804446,24088
5.621164,239829994,239805906,24088
5.621164,239829790,239807366,22424
5.621266,239841322,239808826,32496
5.621266,239842782,239810286,32496
5.621266,239842490,239811746,30744
5.621266,239842278,239813206,29072
5.621266,239841994,239814666,27328
5.621266,239843454,239816126,27328
5.621266,239843170,239817586,25584
5.621266,239842950,239819046,23904
5.62128,239842674,239820506,22168
5.62128,239844134,239821966,22168
5.62128,239843842,239823426,20416
5.621365,239854942,239824886,30056
5.621365,239856402,239826346,30056
5.621365,239856190,239827806,28384
5.621365,239855906,239829266,26640
5.621365,239855622,239830726,24896
5.621365,239857082,239832186,24896
5.621365,239856870,239833646,23224
5.621365,239856586,239835106,21480
5.62138,239856294,239836566,19728
5.62138,239857754,239838026,19728
5.62138,239857542,239839486,18056
5.621465,239869394,239840946,28448
5.621465,239869110,239842406,26704
5.621465,239870570,239843866,26704
5.621465,239870350,239845326,25024
5.621465,239870074,239846786,23288
5.621465,239869782,239848246,21536
5.621465,239871242,239849706,21536
5.621466,239871030,239851166,19864
5.62148,239870754,239852626,18128
5.62148,239870462,239854086,16376
5.62148,239871922,239855546,16376
5.621551,239883886,239857006,26880
5.621551,239884106,239858466,25640
5.621551,239883838,239859926,23912
5.621551,239883554,239861386,22168
5.621551,239885014,239862846,22168
5.621551,239884778,239864306,20472
5.621551,239884510,239865766,18744
5.621551,239884234,239867226,17008
5.621573,239885694,239868686,17008
5.621573,239885442,239870146,15296
5.621573,239885190,239871606,13584
5.621652,239897378,239873066,24312
5.621652,239897086,239874526,22560
5.621652,239898546,239875986,22560
5.621652,239898326,239877446,20880
5.621652,239898050,239878906,19144
5.621652,239897766,239880366,17400
5.621652,239899226,239881826,17400
5.621652,239899006,239883286,15720
5.621673,239898730,239884746,13984
5.621673,239899174,239885190,13984
5.621737,239909578,239886650,22928
5.621737,239909814,239888110,21704
5.621737,239909602,239889570,20032
5.621737,239909310,239891030,18280
5.621737,239910770,239892490,18280
5.621737,239910494,239893950,16544
5.621737,239910274,239895410,14864
5.621737,239909990,239896870,13120
5.621758,239911450,239898330,13120
5.621758,239910550,239899174,11376
5.621813,239920954,239900634,20320
5.621819,239920670,239902094,18576
5.621819,239922130,239903554,18576
5.621819,239921926,239905014,16912
5.621819,239921634,239906474,15160
5.621819,239921350,239907934,13416
5.621819,239922810,239909394,13416
5.621842,239922294,239910550,11744
5.621905,239931634,239912010,19624
5.621905,239931710,239913470,18240
5.621905,239931426,239914930,16496
5.621905,239931142,239916390,14752
5.621905,239932602,239917850,14752
5.621905,239932390,239919310,13080
5.621905,239932106,239920770,11336
5.621905,239931822,239922230,9592
5.621918,239931886,239922294,9592
5.62198,239941778,239923754,18024
5.62198,239941502,239925214,16288
5.62198,239941210,239926674,14536
5.62198,239942670,239928134,14536
5.62198,239942450,239929594,12856
5.62198,239942174,239931054,11120
5.62198,239943006,239931886,11120
5.622045,239949882,239933346,16536
5.622045,239951342,239934806,16536
5.622045,239951138,239936266,14872
5.622045,239950846,239937726,13120
5.622045,239950562,239939186,11376
5.622045,239952022,239940646,11376
5.622045,239951810,239942106,9704
5.622045,239950966,239943006,7960
5.622109,239959626,239944466,15160
5.622109,239959334,239945926,13408
5.622109,239959058,239947386,11672
5.622109,239960518,239948846,11672
5.622109,239960298,239950306,9992
5.622109,239960958,239950966,9992
5.62217,239966650,239952426,14224
5.622171,239966518,239953886,12632
5.622171,239966234,239955346,10888
5.622171,239965950,239956806,9144
5.622171,239967410,239958266,9144
5.622171,239967190,239959726,7464
5.622171,239966686,239960958,5728
5.622224,239975298,239962418,12880
5.622224,239975342,239963878,11464
5.622224,239975058,239965338,9720
5.622224,239976166,239966686,9480
5.622239,239980730,239968146,12584
5.622239,239980446,239969606,10840
5.622245,239980154,239971066,9088
5.622245,239981614,239972526,9088
5.622245,239981402,239973986,7416
5.62228,239986662,239975446,11216
5.622285,239986802,239976906,9896
5.622286,239986510,239978366,8144
5.622286,239986226,239979826,6400
5.622286,239987686,239981286,6400
5.622291,239987802,239981402,6400
5.622326,239991998,239982862,9136
5.622332,239993458,239984322,9136
5.622332,239993246,239985782,7464
5.622332,239992954,239987242,5712
5.622332,239993514,239987802,5712
5.622366,239997966,239989262,8704
5.622371,239997682,239990722,6960
5.622371,239999142,239992182,6960
5.622371,239998794,239993514,5280
5.622402,240002726,239994974,7752
5.622407,240004186,239996434,7752
5.622407,240003942,239997894,6048
5.622407,240003130,239998794,4336
5.622435,240007334,240000254,7080
5.622439,240008794,240001714,7080
5.622439,240008466,240003130,5336
5.622462,240011902,240004590,7312
5.622466,240011946,240006050,5896
5.622466,240011654,240007510,4144
5.622466,240012610,240008466,4144
5.622495,240016454,240009926,6528
5.622499,240016674,240011386,5288
5.622499,240016226,240012610,3616
5.622521,240020094,240014070,6024
5.622525,240019986,240015530,4456
5.622525,240020682,240016226,4456
5.622543,240023182,240017686,5496
5.622548,240022898,240019146,3752
5.622548,240022606,240020606,2000
5.622548,240022682,240020682,2000
5.622572,240026782,240022142,4640
5.622572,240027322,240022682,4640
5.622584,240028142,240024142,4000
5.622589,240027850,240025602,2248
5.622589,240029310,240027062,2248
5.622589,240029570,240027322,2248
5.622614,240032822,240028782,4040
5.622614,240032346,240029570,2776
5.622627,240034406,240031030,3376
5.622631,240033970,240032346,1624
5.622644,240036366,240033806,2560
5.622648,240036530,240033970,2560
5.622654,240037870,240035430,2440
5.622664,240038970,240036890,2080
5.622665,240039950,240037870,2080
5.62268,240041418,240039330,2088
5.62268,240042038,240039950,2088
5.622692,240042914,240041410,1504
5.622692,240043542,240042038,1504
5.622705,240044938,240043498,1440
5.622709,240044982,240043542,1440
5.828864,240093886,240044982,48904
5.828889,240095594,240046442,49152
5.828889,240095198,240047902,47296
5.828897,240094906,240049362,45544
5.828897,240096366,240050822,45544
5.828897,240096106,240052282,43824
5.828897,240095870,240053742,42128
5.828897,240095578,240055202,40376
5.828897,240097038,240056662,40376
5.828917,240096770,240058122,38648
5.828917,240096542,240059582,36960
5.828917,240096258,240061042,35216
5.828945,240102782,240062502,40280
5.828945,240102498,240063962,38536
5.828953,240103958,240065422,38536
5.828953,240103746,240066882,36864
5.828953,240103454,240068342,35112
5.828953,240103178,240069802,33376
5.828953,240104638,240071262,33376
5.828953,240104426,240072722,31704
5.828972,240104134,240074182,29952
5.828972,240103858,240075642,28216
5.828972,240105318,240077102,28216
5.829037,240116106,240078562,37544
5.829042,240116350,240080022,36328
5.829042,240116138,240081482,34656
5.829043,240115846,240082942,32904
5.829043,240117306,240084402,32904
5.82905,240117030,240085862,31168
5.82905,240116810,240087322,29488
5.82905,240116526,240088782,27744
5.82905,240117986,240090242,27744
5.82905,240117702,240091702,26000
5.82905,240117490,240093162,24328
5.829138,240129070,240094622,34448
5.829143,240130530,240096082,34448
5.829143,240130318,240097542,32776
5.829143,240130042,240099002,31040
5.829143,240129750,240100462,29288
5.829161,240131210,240101922,29288
5.829161,240130998,240103382,27616
5.829161,240130714,240104842,25872
5.829161,240130430,240106302,24128
5.829161,240131890,240107762,24128
5.829161,240131670,240109222,22448
5.829238,240142834,240110682,32152
5.829243,240144294,240112142,32152
5.829243,240144074,240113602,30472
5.829243,240143790,240115062,28728
5.829243,240143506,240116522,26984
5.829243,240144966,240117982,26984
5.829261,240144754,240119442,25312
5.829261,240144470,240120902,23568
5.829261,240144186,240122362,21824
5.829261,240145646,240123822,21824
5.829261,240145434,240125282,20152
5.829338,240157446,240126742,30704
5.829347,240157170,240128202,28968
5.829347,240158630,240129662,28968
5.829347,240158386,240131122,27264
5.829347,240158126,240132582,25544
5.829347,240157842,240134042,23800
5.829347,240159302,240135502,23800
5.829348,240159058,240136962,22096
5.829367,240158798,240138422,20376
5.829367,240158522,240139882,18640
5.829367,240159982,240141342,18640
5.829439,240171818,240142802,29016
5.829443,240171726,240144262,27464
5.829443,240171442,240145722,25720
5.829443,240171150,240147182,23968
5.829444,240172610,240148642,23968
5.829452,240172398,240150102,22296
5.829452,240172114,240151562,20552
5.829452,240171830,240153022,18808
5.829452,240173290,240154482,18808
5.829452,240173078,240155942,17136
5.829452,240172794,240157402,15392
5.829539,240184822,240158862,25960
5.829545,240186282,240160322,25960
5.829545,240186070,240161782,24288
5.829545,240185794,240163242,22552
5.829545,240185502,240164702,20800
5.829545,240186962,240166162,20800
5.829562,240186742,240167622,19120
5.829563,240186466,240169082,17384
5.829563,240186174,240170542,15632
5.829563,240187634,240172002,15632
5.829563,240186754,240172794,13960
5.829635,240199102,240174254,24848
5.82964,240199090,240175714,23376
5.82964,240198806,240177174,21632
5.82964,240198522,240178634,19888
5.82964,240199982,240180094,19888
5.829647,240199762,240181554,18208
5.829647,240199486,240183014,16472
5.829657,240199194,240184474,14720
5.829657,240200654,240185934,14720
5.829657,240199802,240186754,13048
5.829727,240210262,240188214,22048
5.829727,240211722,240189674,22048
5.829727,240211510,240191134,20376
5.829727,240211226,240192594,18632
5.829747,240210934,240194054,16880
5.829747,240212394,240195514,16880
5.829747,240212190,240196974,15216
5.829747,240211906,240198434,13472
5.829747,240211522,240199802,11720
5.829819,240222526,240201262,21264
5.829819,240222666,240202722,19944
5.829819,240223038,240203094,19944
5.82985,240227986,240204554,23432
5.82985,240228118,240206014,22104
5.82985,240227826,240207474,20352
5.82985,240227542,240208934,18608
5.82985,240229002,240210394,18608
5.82985,240228790,240211854,16936
5.829863,240228506,240213314,15192
5.829863,240228214,240214774,13440
5.829863,240229674,240216234,13440
5.829863,240229470,240217694,11776
5.829863,240229178,240219154,10024
5.829947,240239350,240220614,18736
5.829947,240239282,240222074,17208
5.829947,240238990,240223534,15456
5.829947,240238698,240224994,13704
5.829947,240240158,240226454,13704
5.829948,240239954,240227914,12040
5.829948,240239474,240229178,10296
5.830013,240247454,240230638,16816
5.830013,240248914,240232098,16816
5.830013,240248670,240233558,15112
5.830013,240248402,240235018,13384
5.830013,240248126,240236478,11648
5.830013,240249586,240237938,11648
5.830013,240249342,240239398,9944
5.830013,240249418,240239474,9944
5.830075,240256278,240240934,15344
5.830075,240255994,240242394,13600
5.830075,240257454,240243854,13600
5.830075,240257234,240245314,11920
5.830075,240256950,240246774,10176
5.830075,240256666,240248234,8432
5.830075,240257850,240249418,8432
5.830138,240265550,240250878,14672
5.830138,240265266,240252338,12928
5.830138,240266726,240253798,12928
5.830138,240266434,240255258,11176
5.830138,240266222,240256718,9504
5.830138,240265610,240257850,7760
5.830199,240271998,240259310,12688
5.830199,240273458,240260770,12688
5.830199,240273230,240262230,11000
5.830199,240272962,240263690,9272
5.830199,240272670,240265150,7520
5.830199,240273130,240265610,7520
5.830218,240279822,240267070,12752
5.830218,240279850,240268530,11320
5.830226,240279558,240269990,9568
5.830226,240279282,240271450,7832
5.830226,240280742,240272910,7832
5.830282,240285330,240274370,10960
5.830282,240285038,240275830,9208
5.830282,240286498,240277290,9208
5.830282,240286294,240278750,7544
5.830282,240286002,240280210,5792
5.830282,240286534,240280742,5792
5.830342,240292418,240282202,10216
5.830342,240292126,240283662,8464
5.830342,240291842,240285122,6720
5.830342,240293254,240286534,6720
5.830358,240299386,240287994,11392
5.830364,240299102,240289454,9648
5.830364,240298818,240290914,7904
5.830364,240300278,240292374,7904
5.830384,240302506,240293834,8672
5.83039,240302214,240295294,6920
5.83039,240303674,240296754,6920
5.83039,240303462,240298214,5248
5.83039,240303178,240299674,3504
5.83039,240303782,240300278,3504
5.830432,240309602,240301738,7864
5.830435,240309830,240303198,6632
5.830435,240308710,240303782,4928
5.830454,240312706,240305242,7464
5.830459,240312422,240306702,5720
5.830459,240312138,240308162,3976
5.830459,240312686,240308710,3976
5.830485,240316026,240310170,5856
5.830488,240317486,240311630,5856
5.830488,240316862,240312686,4176
5.830509,240319978,240314146,5832
5.830513,240319686,240315606,4080
5.830513,240320942,240316862,4080
5.830536,240323458,240318322,5136
5.83054,240323174,240319782,3392
5.83054,240324334,240320942,3392
5.830561,240327578,240322402,5176
5.830565,240327646,240323862,3784
5.830565,240328118,240324334,3784
5.830582,240330538,240325794,4744
5.830586,240330686,240327254,3432
5.830586,240329798,240328118,1680
5.830606,240332906,240329578,3328
5.830612,240333126,240329798,3328
5.830616,240335314,240331258,4056
5.830619,240335302,240332718,2584
5.830635,240337570,240334178,3392
5.830635,240336942,240335302,1640
5.830651,240340058,240336762,3296
5.830656,240340238,240336942,3296
5.830661,240340370,240338402,1968
5.830668,240341830,240339862,1968
5.830679,240343954,240341322,2632
5.830679,240342822,240341830,992
6.036878,240391974,240342822,49152
6.0369,240393434,240344282,49152
6.0369,240393382,240345742,47640
6.0369,240393098,240347202,45896
6.0369,240392814,240348662,44152
6.0369,240394274,240350122,44152
6.0369,240394062,240351582,42480
6.0369,240393770,240353042,40728
6.0369,240393486,240354502,38984
6.036912,240394946,240355962,38984
6.036912,240394734,240357422,37312
6.036912,240394450,240358882,35568
6.036912,240394166,240360342,33824
6.036912,240395626,240361802,33824
6.037014,240405022,240363262,41760
6.037014,240406482,240364722,41760
6.037014,240406278,240366182,40096
6.037014,240405986,240367642,38344
6.037014,240405702,240369102,36600
6.037014,240407162,240370562,36600
6.037014,240406950,240372022,34928
6.037014,240406666,240373482,33184
6.037025,240406374,240374942,31432
6.037025,240407834,240376402,31432
6.037025,240407630,240377862,29768
6.037025,240407346,240379322,28024
6.037025,240407054,240380782,26272
6.037132,240422042,240382242,39800
6.037132,240421758,240383702,38056
6.037132,240423218,240385162,38056
6.037132,240423006,240386622,36384
6.037132,240422722,240388082,34640
6.037132,240422430,240389542,32888
6.037132,240423890,240391002,32888
6.037132,240423686,240392462,31224
6.037142,240423402,240393922,29480
6.037142,240423110,240395382,27728
6.037142,240424570,240396842,27728
6.037142,240424358,240398302,26056
6.037142,240424074,240399762,24312
6.037251,240438974,240401222,37752
6.037251,240438690,240402682,36008
6.037251,240438398,240404142,34256
6.037251,240439858,240405602,34256
6.037251,240439654,240407062,32592
6.037251,240439362,240408522,30840
6.037251,240439078,240409982,29096
6.037251,240440538,240411442,29096
6.037261,240440326,240412902,27424
6.037261,240440042,240414362,25680
6.037261,240439750,240415822,23928
6.037261,240441210,240417282,23928
6.037261,240441006,240418742,22264
6.03737,240454442,240420202,34240
6.03737,240455902,240421662,34240
6.03737,240455690,240423122,32568
6.03737,240455406,240424582,30824
6.03737,240455114,240426042,29072
6.03737,240456574,240427502,29072
6.03737,240456370,240428962,27408
6.03737,240456078,240430422,25656
6.03738,240455794,240431882,23912
6.03738,240457254,240433342,23912
6.03738,240457042,240434802,22240
6.03738,240456758,240436262,20496
6.03738,240456474,240437722,18752
6.037478,240472126,240439182,32944
6.037488,240471970,240440642,31328
6.037488,240471694,240442102,29592
6.037488,240471402,240443562,27840
6.037489,240472862,240445022,27840
6.037489,240472650,240446482,26168
6.037489,240472366,240447942,24424
6.037489,240472082,240449402,22680
6.037499,240473542,240450862,22680
6.037499,240473330,240452322,21008
6.037499,240473046,240453782,19264
6.037499,240472754,240455242,17512
6.037499,240473986,240456474,17512
6.037595,240487166,240457934,29232
6.037595,240488626,240459394,29232
6.037595,240488414,240460854,27560
6.037595,240488130,240462314,25816
6.037595,240487838,240463774,24064
6.037595,240489298,240465234,24064
6.037595,240489094,240466694,22400
6.037595,240488802,240468154,20648
6.037615,240488518,240469614,18904
6.037615,240489978,240471074,18904
6.037615,240489766,240472534,17232
6.037615,240489474,240473986,15488
6.037685,240503510,240475446,28064
6.03769,240503642,240476906,26736
6.03769,240503358,240478366,24992
6.03769,240503074,240479826,23248
6.03769,240504534,240481286,23248
6.037696,240504322,240482746,21576
6.037696,240503238,240483414,19824
6.037763,240511426,240484874,26552
6.037763,240511134,240486334,24800
6.037763,240510850,240487794,23056
6.037763,240512310,240489254,23056
6.037763,240512098,240490714,21384
6.037763,240511814,240492174,19640
6.037763,240511522,240493634,17888
6.037763,240512982,240495094,17888
6.037783,240512778,240496554,16224
6.037783,240512486,240498014,14472
6.037783,240512202,240499474,12728
6.037783,240513662,240500934,12728
6.037783,240513450,240502394,11056
6.037863,240528110,240503854,24256
6.037868,240527826,240505314,22512
6.037868,240527534,240506774,20760
6.037868,240528994,240508234,20760
6.037868,240528790,240509694,19096
6.037875,240528498,240511154,17344
6.037875,240528214,240512614,15600
6.037875,240529050,240513450,15600
6.037932,240536862,240514910,21952
6.037938,240538322,240516370,21952
6.037938,240538054,240517830,20224
6.037938,240537826,240519290,18536
6.037938,240537542,240520750,16792
6.037938,240539002,240522210,16792
6.037945,240538726,240523670,15056
6.037945,240538506,240525130,13376
6.037946,240538214,240526590,11624
6.037946,240539674,240528050,11624
6.037946,240538938,240529050,9888
6.038029,240551254,240530510,20744
6.038034,240551002,240531970,19032
6.038034,240550718,240533430,17288
6.038034,240552178,240534890,17288
6.038034,240551926,240536350,15576
6.03804,240551674,240537810,13864
6.03804,240551058,240538938,12120
6.038111,240558918,240540398,18520
6.038111,240560378,240541858,18520
6.038111,240560118,240543318,16800
6.038111,240559882,240544778,15104
6.038122,240559598,240546238,13360
6.038122,240561058,240547698,13360
6.438154,240596850,240547698,49152
6.438154,240596850,240547698,49152
