Copyright 1986-2022 Xilinx, Inc. All Rights Reserved. Copyright 2022-2025 Advanced Micro Devices, Inc. All Rights Reserved.
-------------------------------------------------------------------------------------------------------------------------------------------------------------------------------------
| Tool Version      : Vivado v.2025.2 (win64) Build 6299465 Fri Nov 14 19:35:11 GMT 2025
| Date              : Wed Sep 30 10:19:43 2026
| Host              : xyz-intel running 64-bit major release  (build 9200)
| Command           : report_timing -max_paths 20 -delay_type max -nworst 2 -file D:/repo/XCKU5PMini/udp_hls_10g/_proj_10g/notes/p7b_mac_timing_fix/reports/C_fix_tx_setup_paths.rpt
| Design            : mac_tx_min_top
| Device            : xcku5p-ffvb676
| Speed File        : -1  PRODUCTION 1.29 05-01-2022
| Design State      : Routed
| Temperature Grade : E
-------------------------------------------------------------------------------------------------------------------------------------------------------------------------------------

Timing Report

Slack (MET) :             0.201ns  (required time - arrival time)
  Source:                 u_dut/padrem_reg[2]/C
                            (rising edge-triggered cell FDPE clocked by clk  {rise@0.000ns fall@3.200ns period=6.400ns})
  Destination:            xgmii_txd[45]
                            (output port clocked by clk  {rise@0.000ns fall@3.200ns period=6.400ns})
  Path Group:             clk
  Path Type:              Max at Slow Process Corner
  Requirement:            6.400ns  (clk rise@6.400ns - clk rise@0.000ns)
  Data Path Delay:        4.893ns  (logic 1.617ns (33.045%)  route 3.276ns (66.955%))
  Logic Levels:           12  (LUT2=1 LUT3=1 LUT5=3 LUT6=7)
  Output Delay:           0.000ns
  Clock Path Skew:        -1.270ns (DCD - SCD + CPR)
    Destination Clock Delay (DCD):    0.000ns = ( 6.400 - 6.400 ) 
    Source Clock Delay      (SCD):    1.270ns
    Clock Pessimism Removal (CPR):    0.000ns
  Clock Uncertainty:      0.035ns  ((TSJ^2 + TIJ^2)^1/2 + DJ) / 2 + PE
    Total System Jitter     (TSJ):    0.071ns
    Total Input Jitter      (TIJ):    0.000ns
    Discrete Jitter          (DJ):    0.000ns
    Phase Error              (PE):    0.000ns

    Location             Delay type                Incr(ns)  Path(ns)    Netlist Resource(s)
  -------------------------------------------------------------------    -------------------
                         (clock clk rise edge)        0.000     0.000 r  
                                                      0.000     0.000 r  clk (IN)
                         net (fo=581, unset)          1.270     1.270    u_dut/clk
    SLICE_X26Y53         FDPE                                         r  u_dut/padrem_reg[2]/C
  -------------------------------------------------------------------    -------------------
    SLICE_X26Y53         FDPE (Prop_EFF2_SLICEL_C_Q)
                                                      0.099     1.369 r  u_dut/padrem_reg[2]/Q
                         net (fo=7, routed)           0.135     1.503    u_dut/u_crc/xgmii_txd[63]_INST_0_i_8[2]
    SLICE_X26Y54         LUT6 (Prop_H6LUT_SLICEL_I2_O)
                                                      0.179     1.682 f  u_dut/u_crc/xgmii_txd[57]_INST_0_i_10/O
                         net (fo=7, routed)           0.157     1.839    u_dut/u_crc/padrem_reg[3]_1
    SLICE_X26Y53         LUT6 (Prop_G6LUT_SLICEL_I0_O)
                                                      0.178     2.017 r  u_dut/u_crc/xgmii_txd[54]_INST_0_i_7/O
                         net (fo=20, routed)          0.250     2.267    u_dut/u_crc/padrem_reg[3]
    SLICE_X26Y47         LUT6 (Prop_H6LUT_SLICEL_I2_O)
                                                      0.116     2.383 r  u_dut/u_crc/xgmii_txd[15]_INST_0_i_143/O
                         net (fo=8, routed)           0.456     2.839    u_dut/u_crc/xgmii_txd[15]_INST_0_i_143_n_0
    SLICE_X20Y42         LUT5 (Prop_B6LUT_SLICEM_I3_O)
                                                      0.063     2.902 r  u_dut/u_crc/xgmii_txd[8]_INST_0_i_52/O
                         net (fo=33, routed)          0.427     3.329    u_dut/u_crc/xgmii_txd[8]_INST_0_i_52_n_0
    SLICE_X22Y35         LUT3 (Prop_F6LUT_SLICEL_I1_O)
                                                      0.177     3.506 r  u_dut/u_crc/xgmii_txd[2]_INST_0_i_39/O
                         net (fo=8, routed)           0.340     3.846    u_dut/u_crc/xgmii_txd[2]_INST_0_i_39_n_0
    SLICE_X21Y32         LUT2 (Prop_A6LUT_SLICEM_I1_O)
                                                      0.116     3.962 r  u_dut/u_crc/xgmii_txd[15]_INST_0_i_97/O
                         net (fo=2, routed)           0.274     4.236    u_dut/u_crc/xgmii_txd[15]_INST_0_i_97_n_0
    SLICE_X19Y31         LUT6 (Prop_G6LUT_SLICEL_I2_O)
                                                      0.147     4.383 f  u_dut/u_crc/xgmii_txd[13]_INST_0_i_10/O
                         net (fo=1, routed)           0.416     4.799    u_dut/u_crc/xgmii_txd[13]_INST_0_i_10_n_0
    SLICE_X19Y39         LUT5 (Prop_B6LUT_SLICEL_I0_O)
                                                      0.115     4.914 f  u_dut/u_crc/xgmii_txd[13]_INST_0_i_6/O
                         net (fo=1, routed)           0.106     5.020    u_dut/u_crc/xgmii_txd[13]_INST_0_i_6_n_0
    SLICE_X19Y40         LUT6 (Prop_G6LUT_SLICEL_I3_O)
                                                      0.114     5.134 f  u_dut/u_crc/xgmii_txd[13]_INST_0_i_2/O
                         net (fo=13, routed)          0.506     5.640    u_dut/u_crc/crc_nxt[5]
    SLICE_X20Y51         LUT5 (Prop_B6LUT_SLICEM_I4_O)
                                                      0.100     5.740 r  u_dut/u_crc/xgmii_txd[45]_INST_0_i_7/O
                         net (fo=1, routed)           0.106     5.846    u_dut/u_crc/xgmii_txd[45]_INST_0_i_7_n_0
    SLICE_X20Y51         LUT6 (Prop_C6LUT_SLICEM_I1_O)
                                                      0.113     5.959 f  u_dut/u_crc/xgmii_txd[45]_INST_0_i_3/O
                         net (fo=1, routed)           0.104     6.063    u_dut/u_crc/xgmii_txd[45]_INST_0_i_3_n_0
    SLICE_X20Y51         LUT6 (Prop_G6LUT_SLICEM_I4_O)
                                                      0.100     6.163 r  u_dut/u_crc/xgmii_txd[45]_INST_0/O
                         net (fo=0)                   0.000     6.163    xgmii_txd[45]
                                                                      r  xgmii_txd[45] (OUT)
  -------------------------------------------------------------------    -------------------

                         (clock clk rise edge)        6.400     6.400 r  
                         clock pessimism              0.000     6.400    
                         clock uncertainty           -0.035     6.365    
                         output delay                -0.000     6.365    
  -------------------------------------------------------------------
                         required time                          6.365    
                         arrival time                          -6.163    
  -------------------------------------------------------------------
                         slack                                  0.201    

Slack (MET) :             0.201ns  (required time - arrival time)
  Source:                 u_dut/padrem_reg[2]/C
                            (rising edge-triggered cell FDPE clocked by clk  {rise@0.000ns fall@3.200ns period=6.400ns})
  Destination:            xgmii_txd[45]
                            (output port clocked by clk  {rise@0.000ns fall@3.200ns period=6.400ns})
  Path Group:             clk
  Path Type:              Max at Slow Process Corner
  Requirement:            6.400ns  (clk rise@6.400ns - clk rise@0.000ns)
  Data Path Delay:        4.893ns  (logic 1.617ns (33.045%)  route 3.276ns (66.955%))
  Logic Levels:           12  (LUT2=1 LUT3=1 LUT5=3 LUT6=7)
  Output Delay:           0.000ns
  Clock Path Skew:        -1.270ns (DCD - SCD + CPR)
    Destination Clock Delay (DCD):    0.000ns = ( 6.400 - 6.400 ) 
    Source Clock Delay      (SCD):    1.270ns
    Clock Pessimism Removal (CPR):    0.000ns
  Clock Uncertainty:      0.035ns  ((TSJ^2 + TIJ^2)^1/2 + DJ) / 2 + PE
    Total System Jitter     (TSJ):    0.071ns
    Total Input Jitter      (TIJ):    0.000ns
    Discrete Jitter          (DJ):    0.000ns
    Phase Error              (PE):    0.000ns

    Location             Delay type                Incr(ns)  Path(ns)    Netlist Resource(s)
  -------------------------------------------------------------------    -------------------
                         (clock clk rise edge)        0.000     0.000 r  
                                                      0.000     0.000 r  clk (IN)
                         net (fo=581, unset)          1.270     1.270    u_dut/clk
    SLICE_X26Y53         FDPE                                         r  u_dut/padrem_reg[2]/C
  -------------------------------------------------------------------    -------------------
    SLICE_X26Y53         FDPE (Prop_EFF2_SLICEL_C_Q)
                                                      0.099     1.369 r  u_dut/padrem_reg[2]/Q
                         net (fo=7, routed)           0.135     1.503    u_dut/u_crc/xgmii_txd[63]_INST_0_i_8[2]
    SLICE_X26Y54         LUT6 (Prop_H6LUT_SLICEL_I2_O)
                                                      0.179     1.682 f  u_dut/u_crc/xgmii_txd[57]_INST_0_i_10/O
                         net (fo=7, routed)           0.157     1.839    u_dut/u_crc/padrem_reg[3]_1
    SLICE_X26Y53         LUT6 (Prop_G6LUT_SLICEL_I0_O)
                                                      0.178     2.017 r  u_dut/u_crc/xgmii_txd[54]_INST_0_i_7/O
                         net (fo=20, routed)          0.250     2.267    u_dut/u_crc/padrem_reg[3]
    SLICE_X26Y47         LUT6 (Prop_H6LUT_SLICEL_I2_O)
                                                      0.116     2.383 f  u_dut/u_crc/xgmii_txd[15]_INST_0_i_143/O
                         net (fo=8, routed)           0.456     2.839    u_dut/u_crc/xgmii_txd[15]_INST_0_i_143_n_0
    SLICE_X20Y42         LUT5 (Prop_B6LUT_SLICEM_I3_O)
                                                      0.063     2.902 r  u_dut/u_crc/xgmii_txd[8]_INST_0_i_52/O
                         net (fo=33, routed)          0.427     3.329    u_dut/u_crc/xgmii_txd[8]_INST_0_i_52_n_0
    SLICE_X22Y35         LUT3 (Prop_F6LUT_SLICEL_I1_O)
                                                      0.177     3.506 r  u_dut/u_crc/xgmii_txd[2]_INST_0_i_39/O
                         net (fo=8, routed)           0.340     3.846    u_dut/u_crc/xgmii_txd[2]_INST_0_i_39_n_0
    SLICE_X21Y32         LUT2 (Prop_A6LUT_SLICEM_I1_O)
                                                      0.116     3.962 r  u_dut/u_crc/xgmii_txd[15]_INST_0_i_97/O
                         net (fo=2, routed)           0.274     4.236    u_dut/u_crc/xgmii_txd[15]_INST_0_i_97_n_0
    SLICE_X19Y31         LUT6 (Prop_G6LUT_SLICEL_I2_O)
                                                      0.147     4.383 f  u_dut/u_crc/xgmii_txd[13]_INST_0_i_10/O
                         net (fo=1, routed)           0.416     4.799    u_dut/u_crc/xgmii_txd[13]_INST_0_i_10_n_0
    SLICE_X19Y39         LUT5 (Prop_B6LUT_SLICEL_I0_O)
                                                      0.115     4.914 f  u_dut/u_crc/xgmii_txd[13]_INST_0_i_6/O
                         net (fo=1, routed)           0.106     5.020    u_dut/u_crc/xgmii_txd[13]_INST_0_i_6_n_0
    SLICE_X19Y40         LUT6 (Prop_G6LUT_SLICEL_I3_O)
                                                      0.114     5.134 f  u_dut/u_crc/xgmii_txd[13]_INST_0_i_2/O
                         net (fo=13, routed)          0.506     5.640    u_dut/u_crc/crc_nxt[5]
    SLICE_X20Y51         LUT5 (Prop_B6LUT_SLICEM_I4_O)
                                                      0.100     5.740 r  u_dut/u_crc/xgmii_txd[45]_INST_0_i_7/O
                         net (fo=1, routed)           0.106     5.846    u_dut/u_crc/xgmii_txd[45]_INST_0_i_7_n_0
    SLICE_X20Y51         LUT6 (Prop_C6LUT_SLICEM_I1_O)
                                                      0.113     5.959 f  u_dut/u_crc/xgmii_txd[45]_INST_0_i_3/O
                         net (fo=1, routed)           0.104     6.063    u_dut/u_crc/xgmii_txd[45]_INST_0_i_3_n_0
    SLICE_X20Y51         LUT6 (Prop_G6LUT_SLICEM_I4_O)
                                                      0.100     6.163 r  u_dut/u_crc/xgmii_txd[45]_INST_0/O
                         net (fo=0)                   0.000     6.163    xgmii_txd[45]
                                                                      r  xgmii_txd[45] (OUT)
  -------------------------------------------------------------------    -------------------

                         (clock clk rise edge)        6.400     6.400 r  
                         clock pessimism              0.000     6.400    
                         clock uncertainty           -0.035     6.365    
                         output delay                -0.000     6.365    
  -------------------------------------------------------------------
                         required time                          6.365    
                         arrival time                          -6.163    
  -------------------------------------------------------------------
                         slack                                  0.201    

Slack (MET) :             0.291ns  (required time - arrival time)
  Source:                 u_dut/padrem_reg[2]/C
                            (rising edge-triggered cell FDPE clocked by clk  {rise@0.000ns fall@3.200ns period=6.400ns})
  Destination:            xgmii_txd[36]
                            (output port clocked by clk  {rise@0.000ns fall@3.200ns period=6.400ns})
  Path Group:             clk
  Path Type:              Max at Slow Process Corner
  Requirement:            6.400ns  (clk rise@6.400ns - clk rise@0.000ns)
  Data Path Delay:        4.804ns  (logic 1.566ns (32.600%)  route 3.238ns (67.400%))
  Logic Levels:           12  (LUT2=1 LUT5=1 LUT6=10)
  Output Delay:           0.000ns
  Clock Path Skew:        -1.270ns (DCD - SCD + CPR)
    Destination Clock Delay (DCD):    0.000ns = ( 6.400 - 6.400 ) 
    Source Clock Delay      (SCD):    1.270ns
    Clock Pessimism Removal (CPR):    0.000ns
  Clock Uncertainty:      0.035ns  ((TSJ^2 + TIJ^2)^1/2 + DJ) / 2 + PE
    Total System Jitter     (TSJ):    0.071ns
    Total Input Jitter      (TIJ):    0.000ns
    Discrete Jitter          (DJ):    0.000ns
    Phase Error              (PE):    0.000ns

    Location             Delay type                Incr(ns)  Path(ns)    Netlist Resource(s)
  -------------------------------------------------------------------    -------------------
                         (clock clk rise edge)        0.000     0.000 r  
                                                      0.000     0.000 r  clk (IN)
                         net (fo=581, unset)          1.270     1.270    u_dut/clk
    SLICE_X26Y53         FDPE                                         r  u_dut/padrem_reg[2]/C
  -------------------------------------------------------------------    -------------------
    SLICE_X26Y53         FDPE (Prop_EFF2_SLICEL_C_Q)
                                                      0.099     1.369 r  u_dut/padrem_reg[2]/Q
                         net (fo=7, routed)           0.135     1.503    u_dut/u_crc/xgmii_txd[63]_INST_0_i_8[2]
    SLICE_X26Y54         LUT6 (Prop_H6LUT_SLICEL_I2_O)
                                                      0.179     1.682 f  u_dut/u_crc/xgmii_txd[57]_INST_0_i_10/O
                         net (fo=7, routed)           0.157     1.839    u_dut/u_crc/padrem_reg[3]_1
    SLICE_X26Y53         LUT6 (Prop_G6LUT_SLICEL_I0_O)
                                                      0.178     2.017 r  u_dut/u_crc/xgmii_txd[54]_INST_0_i_7/O
                         net (fo=20, routed)          0.277     2.294    u_dut/u_crc/padrem_reg[3]
    SLICE_X25Y47         LUT6 (Prop_H6LUT_SLICEM_I0_O)
                                                      0.151     2.445 r  u_dut/u_crc/xgmii_txd[15]_INST_0_i_114/O
                         net (fo=9, routed)           0.246     2.691    u_dut/u_crc/xgmii_txd[15]_INST_0_i_114_n_0
    SLICE_X23Y44         LUT5 (Prop_E6LUT_SLICEL_I3_O)
                                                      0.100     2.791 r  u_dut/u_crc/xgmii_txd[15]_INST_0_i_106/O
                         net (fo=28, routed)          0.533     3.324    u_dut/u_crc/xgmii_txd[15]_INST_0_i_106_n_0
    SLICE_X21Y36         LUT2 (Prop_C5LUT_SLICEM_I1_O)
                                                      0.169     3.493 r  u_dut/u_crc/xgmii_txd[13]_INST_0_i_72/O
                         net (fo=7, routed)           0.463     3.956    u_dut/u_crc/xgmii_txd[13]_INST_0_i_72_n_0
    SLICE_X20Y31         LUT6 (Prop_C6LUT_SLICEM_I2_O)
                                                      0.147     4.103 r  u_dut/u_crc/crc[28]_i_20/O
                         net (fo=1, routed)           0.194     4.297    u_dut/u_crc/crc[28]_i_20_n_0
    SLICE_X19Y31         LUT6 (Prop_H6LUT_SLICEL_I5_O)
                                                      0.064     4.361 f  u_dut/u_crc/crc[28]_i_5/O
                         net (fo=1, routed)           0.184     4.545    u_dut/u_crc/crc[28]_i_5_n_0
    SLICE_X19Y32         LUT6 (Prop_G6LUT_SLICEL_I1_O)
                                                      0.178     4.723 f  u_dut/u_crc/crc[28]_i_2/O
                         net (fo=1, routed)           0.364     5.087    u_dut/u_crc/crc[28]_i_2_n_0
    SLICE_X18Y43         LUT6 (Prop_H6LUT_SLICEL_I3_O)
                                                      0.040     5.127 f  u_dut/u_crc/crc[28]_i_1/O
                         net (fo=11, routed)          0.411     5.538    u_dut/u_crc/crc_nxt[28]
    SLICE_X18Y54         LUT6 (Prop_G6LUT_SLICEL_I4_O)
                                                      0.063     5.601 f  u_dut/u_crc/xgmii_txd[36]_INST_0_i_9/O
                         net (fo=1, routed)           0.170     5.771    u_dut/u_crc/xgmii_txd[36]_INST_0_i_9_n_0
    SLICE_X18Y55         LUT6 (Prop_B6LUT_SLICEL_I5_O)
                                                      0.100     5.871 r  u_dut/u_crc/xgmii_txd[36]_INST_0_i_3/O
                         net (fo=1, routed)           0.105     5.976    u_dut/u_crc/xgmii_txd[36]_INST_0_i_3_n_0
    SLICE_X18Y55         LUT6 (Prop_C6LUT_SLICEL_I4_O)
                                                      0.098     6.074 r  u_dut/u_crc/xgmii_txd[36]_INST_0/O
                         net (fo=0)                   0.000     6.074    xgmii_txd[36]
                                                                      r  xgmii_txd[36] (OUT)
  -------------------------------------------------------------------    -------------------

                         (clock clk rise edge)        6.400     6.400 r  
                         clock pessimism              0.000     6.400    
                         clock uncertainty           -0.035     6.365    
                         output delay                -0.000     6.365    
  -------------------------------------------------------------------
                         required time                          6.365    
                         arrival time                          -6.074    
  -------------------------------------------------------------------
                         slack                                  0.291    

Slack (MET) :             0.291ns  (required time - arrival time)
  Source:                 u_dut/padrem_reg[2]/C
                            (rising edge-triggered cell FDPE clocked by clk  {rise@0.000ns fall@3.200ns period=6.400ns})
  Destination:            xgmii_txd[36]
                            (output port clocked by clk  {rise@0.000ns fall@3.200ns period=6.400ns})
  Path Group:             clk
  Path Type:              Max at Slow Process Corner
  Requirement:            6.400ns  (clk rise@6.400ns - clk rise@0.000ns)
  Data Path Delay:        4.804ns  (logic 1.566ns (32.600%)  route 3.238ns (67.400%))
  Logic Levels:           12  (LUT2=1 LUT5=1 LUT6=10)
  Output Delay:           0.000ns
  Clock Path Skew:        -1.270ns (DCD - SCD + CPR)
    Destination Clock Delay (DCD):    0.000ns = ( 6.400 - 6.400 ) 
    Source Clock Delay      (SCD):    1.270ns
    Clock Pessimism Removal (CPR):    0.000ns
  Clock Uncertainty:      0.035ns  ((TSJ^2 + TIJ^2)^1/2 + DJ) / 2 + PE
    Total System Jitter     (TSJ):    0.071ns
    Total Input Jitter      (TIJ):    0.000ns
    Discrete Jitter          (DJ):    0.000ns
    Phase Error              (PE):    0.000ns

    Location             Delay type                Incr(ns)  Path(ns)    Netlist Resource(s)
  -------------------------------------------------------------------    -------------------
                         (clock clk rise edge)        0.000     0.000 r  
                                                      0.000     0.000 r  clk (IN)
                         net (fo=581, unset)          1.270     1.270    u_dut/clk
    SLICE_X26Y53         FDPE                                         r  u_dut/padrem_reg[2]/C
  -------------------------------------------------------------------    -------------------
    SLICE_X26Y53         FDPE (Prop_EFF2_SLICEL_C_Q)
                                                      0.099     1.369 r  u_dut/padrem_reg[2]/Q
                         net (fo=7, routed)           0.135     1.503    u_dut/u_crc/xgmii_txd[63]_INST_0_i_8[2]
    SLICE_X26Y54         LUT6 (Prop_H6LUT_SLICEL_I2_O)
                                                      0.179     1.682 f  u_dut/u_crc/xgmii_txd[57]_INST_0_i_10/O
                         net (fo=7, routed)           0.157     1.839    u_dut/u_crc/padrem_reg[3]_1
    SLICE_X26Y53         LUT6 (Prop_G6LUT_SLICEL_I0_O)
                                                      0.178     2.017 r  u_dut/u_crc/xgmii_txd[54]_INST_0_i_7/O
                         net (fo=20, routed)          0.277     2.294    u_dut/u_crc/padrem_reg[3]
    SLICE_X25Y47         LUT6 (Prop_H6LUT_SLICEM_I0_O)
                                                      0.151     2.445 r  u_dut/u_crc/xgmii_txd[15]_INST_0_i_114/O
                         net (fo=9, routed)           0.246     2.691    u_dut/u_crc/xgmii_txd[15]_INST_0_i_114_n_0
    SLICE_X23Y44         LUT5 (Prop_E6LUT_SLICEL_I3_O)
                                                      0.100     2.791 r  u_dut/u_crc/xgmii_txd[15]_INST_0_i_106/O
                         net (fo=28, routed)          0.533     3.324    u_dut/u_crc/xgmii_txd[15]_INST_0_i_106_n_0
    SLICE_X21Y36         LUT2 (Prop_C5LUT_SLICEM_I1_O)
                                                      0.169     3.493 f  u_dut/u_crc/xgmii_txd[13]_INST_0_i_72/O
                         net (fo=7, routed)           0.463     3.956    u_dut/u_crc/xgmii_txd[13]_INST_0_i_72_n_0
    SLICE_X20Y31         LUT6 (Prop_C6LUT_SLICEM_I2_O)
                                                      0.147     4.103 r  u_dut/u_crc/crc[28]_i_20/O
                         net (fo=1, routed)           0.194     4.297    u_dut/u_crc/crc[28]_i_20_n_0
    SLICE_X19Y31         LUT6 (Prop_H6LUT_SLICEL_I5_O)
                                                      0.064     4.361 f  u_dut/u_crc/crc[28]_i_5/O
                         net (fo=1, routed)           0.184     4.545    u_dut/u_crc/crc[28]_i_5_n_0
    SLICE_X19Y32         LUT6 (Prop_G6LUT_SLICEL_I1_O)
                                                      0.178     4.723 f  u_dut/u_crc/crc[28]_i_2/O
                         net (fo=1, routed)           0.364     5.087    u_dut/u_crc/crc[28]_i_2_n_0
    SLICE_X18Y43         LUT6 (Prop_H6LUT_SLICEL_I3_O)
                                                      0.040     5.127 f  u_dut/u_crc/crc[28]_i_1/O
                         net (fo=11, routed)          0.411     5.538    u_dut/u_crc/crc_nxt[28]
    SLICE_X18Y54         LUT6 (Prop_G6LUT_SLICEL_I4_O)
                                                      0.063     5.601 f  u_dut/u_crc/xgmii_txd[36]_INST_0_i_9/O
                         net (fo=1, routed)           0.170     5.771    u_dut/u_crc/xgmii_txd[36]_INST_0_i_9_n_0
    SLICE_X18Y55         LUT6 (Prop_B6LUT_SLICEL_I5_O)
                                                      0.100     5.871 r  u_dut/u_crc/xgmii_txd[36]_INST_0_i_3/O
                         net (fo=1, routed)           0.105     5.976    u_dut/u_crc/xgmii_txd[36]_INST_0_i_3_n_0
    SLICE_X18Y55         LUT6 (Prop_C6LUT_SLICEL_I4_O)
                                                      0.098     6.074 r  u_dut/u_crc/xgmii_txd[36]_INST_0/O
                         net (fo=0)                   0.000     6.074    xgmii_txd[36]
                                                                      r  xgmii_txd[36] (OUT)
  -------------------------------------------------------------------    -------------------

                         (clock clk rise edge)        6.400     6.400 r  
                         clock pessimism              0.000     6.400    
                         clock uncertainty           -0.035     6.365    
                         output delay                -0.000     6.365    
  -------------------------------------------------------------------
                         required time                          6.365    
                         arrival time                          -6.074    
  -------------------------------------------------------------------
                         slack                                  0.291    

Slack (MET) :             0.302ns  (required time - arrival time)
  Source:                 u_dut/padrem_reg[2]/C
                            (rising edge-triggered cell FDPE clocked by clk  {rise@0.000ns fall@3.200ns period=6.400ns})
  Destination:            xgmii_txd[37]
                            (output port clocked by clk  {rise@0.000ns fall@3.200ns period=6.400ns})
  Path Group:             clk
  Path Type:              Max at Slow Process Corner
  Requirement:            6.400ns  (clk rise@6.400ns - clk rise@0.000ns)
  Data Path Delay:        4.792ns  (logic 1.634ns (34.095%)  route 3.158ns (65.905%))
  Logic Levels:           12  (LUT2=2 LUT3=1 LUT5=2 LUT6=7)
  Output Delay:           0.000ns
  Clock Path Skew:        -1.270ns (DCD - SCD + CPR)
    Destination Clock Delay (DCD):    0.000ns = ( 6.400 - 6.400 ) 
    Source Clock Delay      (SCD):    1.270ns
    Clock Pessimism Removal (CPR):    0.000ns
  Clock Uncertainty:      0.035ns  ((TSJ^2 + TIJ^2)^1/2 + DJ) / 2 + PE
    Total System Jitter     (TSJ):    0.071ns
    Total Input Jitter      (TIJ):    0.000ns
    Discrete Jitter          (DJ):    0.000ns
    Phase Error              (PE):    0.000ns

    Location             Delay type                Incr(ns)  Path(ns)    Netlist Resource(s)
  -------------------------------------------------------------------    -------------------
                         (clock clk rise edge)        0.000     0.000 r  
                                                      0.000     0.000 r  clk (IN)
                         net (fo=581, unset)          1.270     1.270    u_dut/clk
    SLICE_X26Y53         FDPE                                         r  u_dut/padrem_reg[2]/C
  -------------------------------------------------------------------    -------------------
    SLICE_X26Y53         FDPE (Prop_EFF2_SLICEL_C_Q)
                                                      0.099     1.369 r  u_dut/padrem_reg[2]/Q
                         net (fo=7, routed)           0.135     1.503    u_dut/u_crc/xgmii_txd[63]_INST_0_i_8[2]
    SLICE_X26Y54         LUT6 (Prop_H6LUT_SLICEL_I2_O)
                                                      0.179     1.682 f  u_dut/u_crc/xgmii_txd[57]_INST_0_i_10/O
                         net (fo=7, routed)           0.157     1.839    u_dut/u_crc/padrem_reg[3]_1
    SLICE_X26Y53         LUT6 (Prop_G6LUT_SLICEL_I0_O)
                                                      0.178     2.017 r  u_dut/u_crc/xgmii_txd[54]_INST_0_i_7/O
                         net (fo=20, routed)          0.250     2.267    u_dut/u_crc/padrem_reg[3]
    SLICE_X26Y47         LUT6 (Prop_H6LUT_SLICEL_I2_O)
                                                      0.116     2.383 r  u_dut/u_crc/xgmii_txd[15]_INST_0_i_143/O
                         net (fo=8, routed)           0.456     2.839    u_dut/u_crc/xgmii_txd[15]_INST_0_i_143_n_0
    SLICE_X20Y42         LUT5 (Prop_B6LUT_SLICEM_I3_O)
                                                      0.063     2.902 r  u_dut/u_crc/xgmii_txd[8]_INST_0_i_52/O
                         net (fo=33, routed)          0.427     3.329    u_dut/u_crc/xgmii_txd[8]_INST_0_i_52_n_0
    SLICE_X22Y35         LUT3 (Prop_F6LUT_SLICEL_I1_O)
                                                      0.177     3.506 r  u_dut/u_crc/xgmii_txd[2]_INST_0_i_39/O
                         net (fo=8, routed)           0.340     3.846    u_dut/u_crc/xgmii_txd[2]_INST_0_i_39_n_0
    SLICE_X21Y32         LUT2 (Prop_A6LUT_SLICEM_I1_O)
                                                      0.116     3.962 r  u_dut/u_crc/xgmii_txd[15]_INST_0_i_97/O
                         net (fo=2, routed)           0.274     4.236    u_dut/u_crc/xgmii_txd[15]_INST_0_i_97_n_0
    SLICE_X19Y31         LUT6 (Prop_G6LUT_SLICEL_I2_O)
                                                      0.147     4.383 f  u_dut/u_crc/xgmii_txd[13]_INST_0_i_10/O
                         net (fo=1, routed)           0.416     4.799    u_dut/u_crc/xgmii_txd[13]_INST_0_i_10_n_0
    SLICE_X19Y39         LUT5 (Prop_B6LUT_SLICEL_I0_O)
                                                      0.115     4.914 f  u_dut/u_crc/xgmii_txd[13]_INST_0_i_6/O
                         net (fo=1, routed)           0.106     5.020    u_dut/u_crc/xgmii_txd[13]_INST_0_i_6_n_0
    SLICE_X19Y40         LUT6 (Prop_G6LUT_SLICEL_I3_O)
                                                      0.114     5.134 f  u_dut/u_crc/xgmii_txd[13]_INST_0_i_2/O
                         net (fo=13, routed)          0.362     5.495    u_dut/u_crc/crc_nxt[5]
    SLICE_X19Y50         LUT2 (Prop_A6LUT_SLICEL_I0_O)
                                                      0.100     5.595 f  u_dut/u_crc/xgmii_txd[53]_INST_0_i_7/O
                         net (fo=3, routed)           0.186     5.781    u_dut/u_crc/xgmii_txd[53]_INST_0_i_7_n_0
    SLICE_X20Y52         LUT6 (Prop_D6LUT_SLICEM_I5_O)
                                                      0.114     5.895 r  u_dut/u_crc/xgmii_txd[37]_INST_0_i_3/O
                         net (fo=1, routed)           0.051     5.946    u_dut/u_crc/xgmii_txd[37]_INST_0_i_3_n_0
    SLICE_X20Y52         LUT6 (Prop_G6LUT_SLICEM_I3_O)
                                                      0.116     6.062 r  u_dut/u_crc/xgmii_txd[37]_INST_0/O
                         net (fo=0)                   0.000     6.062    xgmii_txd[37]
                                                                      r  xgmii_txd[37] (OUT)
  -------------------------------------------------------------------    -------------------

                         (clock clk rise edge)        6.400     6.400 r  
                         clock pessimism              0.000     6.400    
                         clock uncertainty           -0.035     6.365    
                         output delay                -0.000     6.365    
  -------------------------------------------------------------------
                         required time                          6.365    
                         arrival time                          -6.062    
  -------------------------------------------------------------------
                         slack                                  0.302    

Slack (MET) :             0.302ns  (required time - arrival time)
  Source:                 u_dut/padrem_reg[2]/C
                            (rising edge-triggered cell FDPE clocked by clk  {rise@0.000ns fall@3.200ns period=6.400ns})
  Destination:            xgmii_txd[37]
                            (output port clocked by clk  {rise@0.000ns fall@3.200ns period=6.400ns})
  Path Group:             clk
  Path Type:              Max at Slow Process Corner
  Requirement:            6.400ns  (clk rise@6.400ns - clk rise@0.000ns)
  Data Path Delay:        4.792ns  (logic 1.634ns (34.095%)  route 3.158ns (65.905%))
  Logic Levels:           12  (LUT2=2 LUT3=1 LUT5=2 LUT6=7)
  Output Delay:           0.000ns
  Clock Path Skew:        -1.270ns (DCD - SCD + CPR)
    Destination Clock Delay (DCD):    0.000ns = ( 6.400 - 6.400 ) 
    Source Clock Delay      (SCD):    1.270ns
    Clock Pessimism Removal (CPR):    0.000ns
  Clock Uncertainty:      0.035ns  ((TSJ^2 + TIJ^2)^1/2 + DJ) / 2 + PE
    Total System Jitter     (TSJ):    0.071ns
    Total Input Jitter      (TIJ):    0.000ns
    Discrete Jitter          (DJ):    0.000ns
    Phase Error              (PE):    0.000ns

    Location             Delay type                Incr(ns)  Path(ns)    Netlist Resource(s)
  -------------------------------------------------------------------    -------------------
                         (clock clk rise edge)        0.000     0.000 r  
                                                      0.000     0.000 r  clk (IN)
                         net (fo=581, unset)          1.270     1.270    u_dut/clk
    SLICE_X26Y53         FDPE                                         r  u_dut/padrem_reg[2]/C
  -------------------------------------------------------------------    -------------------
    SLICE_X26Y53         FDPE (Prop_EFF2_SLICEL_C_Q)
                                                      0.099     1.369 r  u_dut/padrem_reg[2]/Q
                         net (fo=7, routed)           0.135     1.503    u_dut/u_crc/xgmii_txd[63]_INST_0_i_8[2]
    SLICE_X26Y54         LUT6 (Prop_H6LUT_SLICEL_I2_O)
                                                      0.179     1.682 f  u_dut/u_crc/xgmii_txd[57]_INST_0_i_10/O
                         net (fo=7, routed)           0.157     1.839    u_dut/u_crc/padrem_reg[3]_1
    SLICE_X26Y53         LUT6 (Prop_G6LUT_SLICEL_I0_O)
                                                      0.178     2.017 r  u_dut/u_crc/xgmii_txd[54]_INST_0_i_7/O
                         net (fo=20, routed)          0.250     2.267    u_dut/u_crc/padrem_reg[3]
    SLICE_X26Y47         LUT6 (Prop_H6LUT_SLICEL_I2_O)
                                                      0.116     2.383 f  u_dut/u_crc/xgmii_txd[15]_INST_0_i_143/O
                         net (fo=8, routed)           0.456     2.839    u_dut/u_crc/xgmii_txd[15]_INST_0_i_143_n_0
    SLICE_X20Y42         LUT5 (Prop_B6LUT_SLICEM_I3_O)
                                                      0.063     2.902 r  u_dut/u_crc/xgmii_txd[8]_INST_0_i_52/O
                         net (fo=33, routed)          0.427     3.329    u_dut/u_crc/xgmii_txd[8]_INST_0_i_52_n_0
    SLICE_X22Y35         LUT3 (Prop_F6LUT_SLICEL_I1_O)
                                                      0.177     3.506 r  u_dut/u_crc/xgmii_txd[2]_INST_0_i_39/O
                         net (fo=8, routed)           0.340     3.846    u_dut/u_crc/xgmii_txd[2]_INST_0_i_39_n_0
    SLICE_X21Y32         LUT2 (Prop_A6LUT_SLICEM_I1_O)
                                                      0.116     3.962 r  u_dut/u_crc/xgmii_txd[15]_INST_0_i_97/O
                         net (fo=2, routed)           0.274     4.236    u_dut/u_crc/xgmii_txd[15]_INST_0_i_97_n_0
    SLICE_X19Y31         LUT6 (Prop_G6LUT_SLICEL_I2_O)
                                                      0.147     4.383 f  u_dut/u_crc/xgmii_txd[13]_INST_0_i_10/O
                         net (fo=1, routed)           0.416     4.799    u_dut/u_crc/xgmii_txd[13]_INST_0_i_10_n_0
    SLICE_X19Y39         LUT5 (Prop_B6LUT_SLICEL_I0_O)
                                                      0.115     4.914 f  u_dut/u_crc/xgmii_txd[13]_INST_0_i_6/O
                         net (fo=1, routed)           0.106     5.020    u_dut/u_crc/xgmii_txd[13]_INST_0_i_6_n_0
    SLICE_X19Y40         LUT6 (Prop_G6LUT_SLICEL_I3_O)
                                                      0.114     5.134 f  u_dut/u_crc/xgmii_txd[13]_INST_0_i_2/O
                         net (fo=13, routed)          0.362     5.495    u_dut/u_crc/crc_nxt[5]
    SLICE_X19Y50         LUT2 (Prop_A6LUT_SLICEL_I0_O)
                                                      0.100     5.595 f  u_dut/u_crc/xgmii_txd[53]_INST_0_i_7/O
                         net (fo=3, routed)           0.186     5.781    u_dut/u_crc/xgmii_txd[53]_INST_0_i_7_n_0
    SLICE_X20Y52         LUT6 (Prop_D6LUT_SLICEM_I5_O)
                                                      0.114     5.895 r  u_dut/u_crc/xgmii_txd[37]_INST_0_i_3/O
                         net (fo=1, routed)           0.051     5.946    u_dut/u_crc/xgmii_txd[37]_INST_0_i_3_n_0
    SLICE_X20Y52         LUT6 (Prop_G6LUT_SLICEM_I3_O)
                                                      0.116     6.062 r  u_dut/u_crc/xgmii_txd[37]_INST_0/O
                         net (fo=0)                   0.000     6.062    xgmii_txd[37]
                                                                      r  xgmii_txd[37] (OUT)
  -------------------------------------------------------------------    -------------------

                         (clock clk rise edge)        6.400     6.400 r  
                         clock pessimism              0.000     6.400    
                         clock uncertainty           -0.035     6.365    
                         output delay                -0.000     6.365    
  -------------------------------------------------------------------
                         required time                          6.365    
                         arrival time                          -6.062    
  -------------------------------------------------------------------
                         slack                                  0.302    

Slack (MET) :             0.305ns  (required time - arrival time)
  Source:                 u_dut/padrem_reg[2]/C
                            (rising edge-triggered cell FDPE clocked by clk  {rise@0.000ns fall@3.200ns period=6.400ns})
  Destination:            xgmii_txd[59]
                            (output port clocked by clk  {rise@0.000ns fall@3.200ns period=6.400ns})
  Path Group:             clk
  Path Type:              Max at Slow Process Corner
  Requirement:            6.400ns  (clk rise@6.400ns - clk rise@0.000ns)
  Data Path Delay:        4.790ns  (logic 1.400ns (29.230%)  route 3.390ns (70.770%))
  Logic Levels:           12  (LUT2=2 LUT3=1 LUT5=2 LUT6=7)
  Output Delay:           0.000ns
  Clock Path Skew:        -1.270ns (DCD - SCD + CPR)
    Destination Clock Delay (DCD):    0.000ns = ( 6.400 - 6.400 ) 
    Source Clock Delay      (SCD):    1.270ns
    Clock Pessimism Removal (CPR):    0.000ns
  Clock Uncertainty:      0.035ns  ((TSJ^2 + TIJ^2)^1/2 + DJ) / 2 + PE
    Total System Jitter     (TSJ):    0.071ns
    Total Input Jitter      (TIJ):    0.000ns
    Discrete Jitter          (DJ):    0.000ns
    Phase Error              (PE):    0.000ns

    Location             Delay type                Incr(ns)  Path(ns)    Netlist Resource(s)
  -------------------------------------------------------------------    -------------------
                         (clock clk rise edge)        0.000     0.000 r  
                                                      0.000     0.000 r  clk (IN)
                         net (fo=581, unset)          1.270     1.270    u_dut/clk
    SLICE_X26Y53         FDPE                                         r  u_dut/padrem_reg[2]/C
  -------------------------------------------------------------------    -------------------
    SLICE_X26Y53         FDPE (Prop_EFF2_SLICEL_C_Q)
                                                      0.099     1.369 r  u_dut/padrem_reg[2]/Q
                         net (fo=7, routed)           0.135     1.503    u_dut/u_crc/xgmii_txd[63]_INST_0_i_8[2]
    SLICE_X26Y54         LUT6 (Prop_H6LUT_SLICEL_I2_O)
                                                      0.179     1.682 f  u_dut/u_crc/xgmii_txd[57]_INST_0_i_10/O
                         net (fo=7, routed)           0.157     1.839    u_dut/u_crc/padrem_reg[3]_1
    SLICE_X26Y53         LUT6 (Prop_G6LUT_SLICEL_I0_O)
                                                      0.178     2.017 r  u_dut/u_crc/xgmii_txd[54]_INST_0_i_7/O
                         net (fo=20, routed)          0.509     2.526    u_dut/u_crc/padrem_reg[3]
    SLICE_X19Y45         LUT5 (Prop_E6LUT_SLICEL_I1_O)
                                                      0.100     2.626 f  u_dut/u_crc/xgmii_txd[15]_INST_0_i_128/O
                         net (fo=16, routed)          0.241     2.867    u_dut/u_crc/xgmii_txd[15]_INST_0_i_128_n_0
    SLICE_X18Y44         LUT6 (Prop_G6LUT_SLICEL_I4_O)
                                                      0.063     2.930 r  u_dut/u_crc/xgmii_txd[11]_INST_0_i_77/O
                         net (fo=15, routed)          0.576     3.505    u_dut/u_crc/zb7[3]
    SLICE_X21Y36         LUT2 (Prop_B5LUT_SLICEM_I1_O)
                                                      0.089     3.594 r  u_dut/u_crc/xgmii_txd[13]_INST_0_i_52/O
                         net (fo=5, routed)           0.509     4.103    u_dut/u_crc/xgmii_txd[13]_INST_0_i_52_n_0
    SLICE_X17Y34         LUT2 (Prop_A6LUT_SLICEL_I0_O)
                                                      0.064     4.167 r  u_dut/u_crc/crc[19]_i_21/O
                         net (fo=1, routed)           0.114     4.281    u_dut/u_crc/crc[19]_i_21_n_0
    SLICE_X17Y34         LUT6 (Prop_B6LUT_SLICEL_I5_O)
                                                      0.149     4.430 f  u_dut/u_crc/crc[19]_i_6/O
                         net (fo=1, routed)           0.266     4.696    u_dut/u_crc/crc[19]_i_6_n_0
    SLICE_X19Y35         LUT6 (Prop_H6LUT_SLICEL_I3_O)
                                                      0.149     4.845 f  u_dut/u_crc/crc[19]_i_2/O
                         net (fo=1, routed)           0.251     5.096    u_dut/u_crc/crc[19]_i_2_n_0
    SLICE_X19Y43         LUT6 (Prop_H6LUT_SLICEL_I3_O)
                                                      0.064     5.160 f  u_dut/u_crc/crc[19]_i_1/O
                         net (fo=7, routed)           0.259     5.419    u_dut/u_crc/crc_nxt[19]
    SLICE_X20Y47         LUT3 (Prop_H6LUT_SLICEM_I2_O)
                                                      0.066     5.485 f  u_dut/u_crc/xgmii_txd[59]_INST_0_i_5/O
                         net (fo=2, routed)           0.222     5.707    u_dut/u_crc/xgmii_txd[59]_INST_0_i_5_n_0
    SLICE_X19Y49         LUT5 (Prop_B6LUT_SLICEL_I4_O)
                                                      0.100     5.807 f  u_dut/u_crc/xgmii_txd[59]_INST_0_i_2/O
                         net (fo=2, routed)           0.153     5.960    u_dut/u_crc/xgmii_txd[59]_INST_0_i_2_n_0
    SLICE_X18Y50         LUT6 (Prop_G6LUT_SLICEL_I3_O)
                                                      0.100     6.060 r  u_dut/u_crc/xgmii_txd[59]_INST_0/O
                         net (fo=0)                   0.000     6.060    xgmii_txd[59]
                                                                      r  xgmii_txd[59] (OUT)
  -------------------------------------------------------------------    -------------------

                         (clock clk rise edge)        6.400     6.400 r  
                         clock pessimism              0.000     6.400    
                         clock uncertainty           -0.035     6.365    
                         output delay                -0.000     6.365    
  -------------------------------------------------------------------
                         required time                          6.365    
                         arrival time                          -6.060    
  -------------------------------------------------------------------
                         slack                                  0.305    

Slack (MET) :             0.305ns  (required time - arrival time)
  Source:                 u_dut/padrem_reg[2]/C
                            (rising edge-triggered cell FDPE clocked by clk  {rise@0.000ns fall@3.200ns period=6.400ns})
  Destination:            xgmii_txd[59]
                            (output port clocked by clk  {rise@0.000ns fall@3.200ns period=6.400ns})
  Path Group:             clk
  Path Type:              Max at Slow Process Corner
  Requirement:            6.400ns  (clk rise@6.400ns - clk rise@0.000ns)
  Data Path Delay:        4.790ns  (logic 1.400ns (29.230%)  route 3.390ns (70.770%))
  Logic Levels:           12  (LUT2=2 LUT3=1 LUT5=2 LUT6=7)
  Output Delay:           0.000ns
  Clock Path Skew:        -1.270ns (DCD - SCD + CPR)
    Destination Clock Delay (DCD):    0.000ns = ( 6.400 - 6.400 ) 
    Source Clock Delay      (SCD):    1.270ns
    Clock Pessimism Removal (CPR):    0.000ns
  Clock Uncertainty:      0.035ns  ((TSJ^2 + TIJ^2)^1/2 + DJ) / 2 + PE
    Total System Jitter     (TSJ):    0.071ns
    Total Input Jitter      (TIJ):    0.000ns
    Discrete Jitter          (DJ):    0.000ns
    Phase Error              (PE):    0.000ns

    Location             Delay type                Incr(ns)  Path(ns)    Netlist Resource(s)
  -------------------------------------------------------------------    -------------------
                         (clock clk rise edge)        0.000     0.000 r  
                                                      0.000     0.000 r  clk (IN)
                         net (fo=581, unset)          1.270     1.270    u_dut/clk
    SLICE_X26Y53         FDPE                                         r  u_dut/padrem_reg[2]/C
  -------------------------------------------------------------------    -------------------
    SLICE_X26Y53         FDPE (Prop_EFF2_SLICEL_C_Q)
                                                      0.099     1.369 f  u_dut/padrem_reg[2]/Q
                         net (fo=7, routed)           0.135     1.503    u_dut/u_crc/xgmii_txd[63]_INST_0_i_8[2]
    SLICE_X26Y54         LUT6 (Prop_H6LUT_SLICEL_I2_O)
                                                      0.179     1.682 r  u_dut/u_crc/xgmii_txd[57]_INST_0_i_10/O
                         net (fo=7, routed)           0.157     1.839    u_dut/u_crc/padrem_reg[3]_1
    SLICE_X26Y53         LUT6 (Prop_G6LUT_SLICEL_I0_O)
                                                      0.178     2.017 f  u_dut/u_crc/xgmii_txd[54]_INST_0_i_7/O
                         net (fo=20, routed)          0.509     2.526    u_dut/u_crc/padrem_reg[3]
    SLICE_X19Y45         LUT5 (Prop_E6LUT_SLICEL_I1_O)
                                                      0.100     2.626 r  u_dut/u_crc/xgmii_txd[15]_INST_0_i_128/O
                         net (fo=16, routed)          0.241     2.867    u_dut/u_crc/xgmii_txd[15]_INST_0_i_128_n_0
    SLICE_X18Y44         LUT6 (Prop_G6LUT_SLICEL_I4_O)
                                                      0.063     2.930 f  u_dut/u_crc/xgmii_txd[11]_INST_0_i_77/O
                         net (fo=15, routed)          0.576     3.505    u_dut/u_crc/zb7[3]
    SLICE_X21Y36         LUT2 (Prop_B5LUT_SLICEM_I1_O)
                                                      0.089     3.594 r  u_dut/u_crc/xgmii_txd[13]_INST_0_i_52/O
                         net (fo=5, routed)           0.509     4.103    u_dut/u_crc/xgmii_txd[13]_INST_0_i_52_n_0
    SLICE_X17Y34         LUT2 (Prop_A6LUT_SLICEL_I0_O)
                                                      0.064     4.167 r  u_dut/u_crc/crc[19]_i_21/O
                         net (fo=1, routed)           0.114     4.281    u_dut/u_crc/crc[19]_i_21_n_0
    SLICE_X17Y34         LUT6 (Prop_B6LUT_SLICEL_I5_O)
                                                      0.149     4.430 f  u_dut/u_crc/crc[19]_i_6/O
                         net (fo=1, routed)           0.266     4.696    u_dut/u_crc/crc[19]_i_6_n_0
    SLICE_X19Y35         LUT6 (Prop_H6LUT_SLICEL_I3_O)
                                                      0.149     4.845 f  u_dut/u_crc/crc[19]_i_2/O
                         net (fo=1, routed)           0.251     5.096    u_dut/u_crc/crc[19]_i_2_n_0
    SLICE_X19Y43         LUT6 (Prop_H6LUT_SLICEL_I3_O)
                                                      0.064     5.160 f  u_dut/u_crc/crc[19]_i_1/O
                         net (fo=7, routed)           0.259     5.419    u_dut/u_crc/crc_nxt[19]
    SLICE_X20Y47         LUT3 (Prop_H6LUT_SLICEM_I2_O)
                                                      0.066     5.485 f  u_dut/u_crc/xgmii_txd[59]_INST_0_i_5/O
                         net (fo=2, routed)           0.222     5.707    u_dut/u_crc/xgmii_txd[59]_INST_0_i_5_n_0
    SLICE_X19Y49         LUT5 (Prop_B6LUT_SLICEL_I4_O)
                                                      0.100     5.807 f  u_dut/u_crc/xgmii_txd[59]_INST_0_i_2/O
                         net (fo=2, routed)           0.153     5.960    u_dut/u_crc/xgmii_txd[59]_INST_0_i_2_n_0
    SLICE_X18Y50         LUT6 (Prop_G6LUT_SLICEL_I3_O)
                                                      0.100     6.060 r  u_dut/u_crc/xgmii_txd[59]_INST_0/O
                         net (fo=0)                   0.000     6.060    xgmii_txd[59]
                                                                      r  xgmii_txd[59] (OUT)
  -------------------------------------------------------------------    -------------------

                         (clock clk rise edge)        6.400     6.400 r  
                         clock pessimism              0.000     6.400    
                         clock uncertainty           -0.035     6.365    
                         output delay                -0.000     6.365    
  -------------------------------------------------------------------
                         required time                          6.365    
                         arrival time                          -6.060    
  -------------------------------------------------------------------
                         slack                                  0.305    

Slack (MET) :             0.320ns  (required time - arrival time)
  Source:                 u_dut/padrem_reg[2]/C
                            (rising edge-triggered cell FDPE clocked by clk  {rise@0.000ns fall@3.200ns period=6.400ns})
  Destination:            xgmii_txd[38]
                            (output port clocked by clk  {rise@0.000ns fall@3.200ns period=6.400ns})
  Path Group:             clk
  Path Type:              Max at Slow Process Corner
  Requirement:            6.400ns  (clk rise@6.400ns - clk rise@0.000ns)
  Data Path Delay:        4.775ns  (logic 1.612ns (33.761%)  route 3.163ns (66.239%))
  Logic Levels:           12  (LUT3=1 LUT4=1 LUT5=1 LUT6=9)
  Output Delay:           0.000ns
  Clock Path Skew:        -1.270ns (DCD - SCD + CPR)
    Destination Clock Delay (DCD):    0.000ns = ( 6.400 - 6.400 ) 
    Source Clock Delay      (SCD):    1.270ns
    Clock Pessimism Removal (CPR):    0.000ns
  Clock Uncertainty:      0.035ns  ((TSJ^2 + TIJ^2)^1/2 + DJ) / 2 + PE
    Total System Jitter     (TSJ):    0.071ns
    Total Input Jitter      (TIJ):    0.000ns
    Discrete Jitter          (DJ):    0.000ns
    Phase Error              (PE):    0.000ns

    Location             Delay type                Incr(ns)  Path(ns)    Netlist Resource(s)
  -------------------------------------------------------------------    -------------------
                         (clock clk rise edge)        0.000     0.000 r  
                                                      0.000     0.000 r  clk (IN)
                         net (fo=581, unset)          1.270     1.270    u_dut/clk
    SLICE_X26Y53         FDPE                                         r  u_dut/padrem_reg[2]/C
  -------------------------------------------------------------------    -------------------
    SLICE_X26Y53         FDPE (Prop_EFF2_SLICEL_C_Q)
                                                      0.099     1.369 r  u_dut/padrem_reg[2]/Q
                         net (fo=7, routed)           0.135     1.503    u_dut/u_crc/xgmii_txd[63]_INST_0_i_8[2]
    SLICE_X26Y54         LUT6 (Prop_H6LUT_SLICEL_I2_O)
                                                      0.179     1.682 f  u_dut/u_crc/xgmii_txd[57]_INST_0_i_10/O
                         net (fo=7, routed)           0.157     1.839    u_dut/u_crc/padrem_reg[3]_1
    SLICE_X26Y53         LUT6 (Prop_G6LUT_SLICEL_I0_O)
                                                      0.178     2.017 r  u_dut/u_crc/xgmii_txd[54]_INST_0_i_7/O
                         net (fo=20, routed)          0.250     2.267    u_dut/u_crc/padrem_reg[3]
    SLICE_X26Y47         LUT6 (Prop_H6LUT_SLICEL_I2_O)
                                                      0.116     2.383 r  u_dut/u_crc/xgmii_txd[15]_INST_0_i_143/O
                         net (fo=8, routed)           0.400     2.782    u_dut/u_crc/xgmii_txd[15]_INST_0_i_143_n_0
    SLICE_X21Y40         LUT5 (Prop_E6LUT_SLICEM_I3_O)
                                                      0.177     2.959 r  u_dut/u_crc/crc[28]_i_31/O
                         net (fo=33, routed)          0.548     3.508    u_dut/u_crc/crc[28]_i_31_n_0
    SLICE_X23Y29         LUT4 (Prop_H6LUT_SLICEL_I3_O)
                                                      0.064     3.572 r  u_dut/u_crc/crc[14]_i_24/O
                         net (fo=1, routed)           0.209     3.781    u_dut/u_crc/crc[14]_i_24_n_0
    SLICE_X23Y30         LUT6 (Prop_H6LUT_SLICEL_I1_O)
                                                      0.179     3.960 f  u_dut/u_crc/crc[14]_i_14/O
                         net (fo=1, routed)           0.124     4.084    u_dut/u_crc/crc[14]_i_14_n_0
    SLICE_X23Y31         LUT6 (Prop_H6LUT_SLICEL_I5_O)
                                                      0.179     4.263 f  u_dut/u_crc/crc[14]_i_5/O
                         net (fo=1, routed)           0.170     4.433    u_dut/u_crc/crc[14]_i_5_n_0
    SLICE_X23Y31         LUT6 (Prop_D6LUT_SLICEL_I1_O)
                                                      0.174     4.607 f  u_dut/u_crc/crc[14]_i_2/O
                         net (fo=1, routed)           0.389     4.996    u_dut/u_crc/crc[14]_i_2_n_0
    SLICE_X22Y44         LUT6 (Prop_D6LUT_SLICEL_I3_O)
                                                      0.063     5.059 f  u_dut/u_crc/crc[14]_i_1/O
                         net (fo=13, routed)          0.394     5.453    u_dut/u_crc/crc_nxt[14]
    SLICE_X18Y51         LUT3 (Prop_H6LUT_SLICEL_I0_O)
                                                      0.100     5.553 r  u_dut/u_crc/xgmii_txd[54]_INST_0_i_6/O
                         net (fo=2, routed)           0.123     5.676    u_dut/u_crc/xgmii_txd[54]_INST_0_i_6_n_0
    SLICE_X18Y53         LUT6 (Prop_H6LUT_SLICEL_I1_O)
                                                      0.064     5.740 r  u_dut/u_crc/xgmii_txd[38]_INST_0_i_3/O
                         net (fo=1, routed)           0.265     6.005    u_dut/u_crc/xgmii_txd[38]_INST_0_i_3_n_0
    SLICE_X19Y54         LUT6 (Prop_H6LUT_SLICEL_I3_O)
                                                      0.040     6.045 r  u_dut/u_crc/xgmii_txd[38]_INST_0/O
                         net (fo=0)                   0.000     6.045    xgmii_txd[38]
                                                                      r  xgmii_txd[38] (OUT)
  -------------------------------------------------------------------    -------------------

                         (clock clk rise edge)        6.400     6.400 r  
                         clock pessimism              0.000     6.400    
                         clock uncertainty           -0.035     6.365    
                         output delay                -0.000     6.365    
  -------------------------------------------------------------------
                         required time                          6.365    
                         arrival time                          -6.045    
  -------------------------------------------------------------------
                         slack                                  0.320    

Slack (MET) :             0.320ns  (required time - arrival time)
  Source:                 u_dut/padrem_reg[2]/C
                            (rising edge-triggered cell FDPE clocked by clk  {rise@0.000ns fall@3.200ns period=6.400ns})
  Destination:            xgmii_txd[38]
                            (output port clocked by clk  {rise@0.000ns fall@3.200ns period=6.400ns})
  Path Group:             clk
  Path Type:              Max at Slow Process Corner
  Requirement:            6.400ns  (clk rise@6.400ns - clk rise@0.000ns)
  Data Path Delay:        4.775ns  (logic 1.612ns (33.761%)  route 3.163ns (66.239%))
  Logic Levels:           12  (LUT3=1 LUT4=1 LUT5=1 LUT6=9)
  Output Delay:           0.000ns
  Clock Path Skew:        -1.270ns (DCD - SCD + CPR)
    Destination Clock Delay (DCD):    0.000ns = ( 6.400 - 6.400 ) 
    Source Clock Delay      (SCD):    1.270ns
    Clock Pessimism Removal (CPR):    0.000ns
  Clock Uncertainty:      0.035ns  ((TSJ^2 + TIJ^2)^1/2 + DJ) / 2 + PE
    Total System Jitter     (TSJ):    0.071ns
    Total Input Jitter      (TIJ):    0.000ns
    Discrete Jitter          (DJ):    0.000ns
    Phase Error              (PE):    0.000ns

    Location             Delay type                Incr(ns)  Path(ns)    Netlist Resource(s)
  -------------------------------------------------------------------    -------------------
                         (clock clk rise edge)        0.000     0.000 r  
                                                      0.000     0.000 r  clk (IN)
                         net (fo=581, unset)          1.270     1.270    u_dut/clk
    SLICE_X26Y53         FDPE                                         r  u_dut/padrem_reg[2]/C
  -------------------------------------------------------------------    -------------------
    SLICE_X26Y53         FDPE (Prop_EFF2_SLICEL_C_Q)
                                                      0.099     1.369 r  u_dut/padrem_reg[2]/Q
                         net (fo=7, routed)           0.135     1.503    u_dut/u_crc/xgmii_txd[63]_INST_0_i_8[2]
    SLICE_X26Y54         LUT6 (Prop_H6LUT_SLICEL_I2_O)
                                                      0.179     1.682 f  u_dut/u_crc/xgmii_txd[57]_INST_0_i_10/O
                         net (fo=7, routed)           0.157     1.839    u_dut/u_crc/padrem_reg[3]_1
    SLICE_X26Y53         LUT6 (Prop_G6LUT_SLICEL_I0_O)
                                                      0.178     2.017 r  u_dut/u_crc/xgmii_txd[54]_INST_0_i_7/O
                         net (fo=20, routed)          0.250     2.267    u_dut/u_crc/padrem_reg[3]
    SLICE_X26Y47         LUT6 (Prop_H6LUT_SLICEL_I2_O)
                                                      0.116     2.383 f  u_dut/u_crc/xgmii_txd[15]_INST_0_i_143/O
                         net (fo=8, routed)           0.400     2.782    u_dut/u_crc/xgmii_txd[15]_INST_0_i_143_n_0
    SLICE_X21Y40         LUT5 (Prop_E6LUT_SLICEM_I3_O)
                                                      0.177     2.959 r  u_dut/u_crc/crc[28]_i_31/O
                         net (fo=33, routed)          0.548     3.508    u_dut/u_crc/crc[28]_i_31_n_0
    SLICE_X23Y29         LUT4 (Prop_H6LUT_SLICEL_I3_O)
                                                      0.064     3.572 r  u_dut/u_crc/crc[14]_i_24/O
                         net (fo=1, routed)           0.209     3.781    u_dut/u_crc/crc[14]_i_24_n_0
    SLICE_X23Y30         LUT6 (Prop_H6LUT_SLICEL_I1_O)
                                                      0.179     3.960 f  u_dut/u_crc/crc[14]_i_14/O
                         net (fo=1, routed)           0.124     4.084    u_dut/u_crc/crc[14]_i_14_n_0
    SLICE_X23Y31         LUT6 (Prop_H6LUT_SLICEL_I5_O)
                                                      0.179     4.263 f  u_dut/u_crc/crc[14]_i_5/O
                         net (fo=1, routed)           0.170     4.433    u_dut/u_crc/crc[14]_i_5_n_0
    SLICE_X23Y31         LUT6 (Prop_D6LUT_SLICEL_I1_O)
                                                      0.174     4.607 f  u_dut/u_crc/crc[14]_i_2/O
                         net (fo=1, routed)           0.389     4.996    u_dut/u_crc/crc[14]_i_2_n_0
    SLICE_X22Y44         LUT6 (Prop_D6LUT_SLICEL_I3_O)
                                                      0.063     5.059 f  u_dut/u_crc/crc[14]_i_1/O
                         net (fo=13, routed)          0.394     5.453    u_dut/u_crc/crc_nxt[14]
    SLICE_X18Y51         LUT3 (Prop_H6LUT_SLICEL_I0_O)
                                                      0.100     5.553 r  u_dut/u_crc/xgmii_txd[54]_INST_0_i_6/O
                         net (fo=2, routed)           0.123     5.676    u_dut/u_crc/xgmii_txd[54]_INST_0_i_6_n_0
    SLICE_X18Y53         LUT6 (Prop_H6LUT_SLICEL_I1_O)
                                                      0.064     5.740 r  u_dut/u_crc/xgmii_txd[38]_INST_0_i_3/O
                         net (fo=1, routed)           0.265     6.005    u_dut/u_crc/xgmii_txd[38]_INST_0_i_3_n_0
    SLICE_X19Y54         LUT6 (Prop_H6LUT_SLICEL_I3_O)
                                                      0.040     6.045 r  u_dut/u_crc/xgmii_txd[38]_INST_0/O
                         net (fo=0)                   0.000     6.045    xgmii_txd[38]
                                                                      r  xgmii_txd[38] (OUT)
  -------------------------------------------------------------------    -------------------

                         (clock clk rise edge)        6.400     6.400 r  
                         clock pessimism              0.000     6.400    
                         clock uncertainty           -0.035     6.365    
                         output delay                -0.000     6.365    
  -------------------------------------------------------------------
                         required time                          6.365    
                         arrival time                          -6.045    
  -------------------------------------------------------------------
                         slack                                  0.320    

Slack (MET) :             0.321ns  (required time - arrival time)
  Source:                 u_dut/padrem_reg[2]/C
                            (rising edge-triggered cell FDPE clocked by clk  {rise@0.000ns fall@3.200ns period=6.400ns})
  Destination:            xgmii_txd[29]
                            (output port clocked by clk  {rise@0.000ns fall@3.200ns period=6.400ns})
  Path Group:             clk
  Path Type:              Max at Slow Process Corner
  Requirement:            6.400ns  (clk rise@6.400ns - clk rise@0.000ns)
  Data Path Delay:        4.774ns  (logic 1.556ns (32.592%)  route 3.218ns (67.408%))
  Logic Levels:           12  (LUT2=1 LUT3=1 LUT5=2 LUT6=8)
  Output Delay:           0.000ns
  Clock Path Skew:        -1.270ns (DCD - SCD + CPR)
    Destination Clock Delay (DCD):    0.000ns = ( 6.400 - 6.400 ) 
    Source Clock Delay      (SCD):    1.270ns
    Clock Pessimism Removal (CPR):    0.000ns
  Clock Uncertainty:      0.035ns  ((TSJ^2 + TIJ^2)^1/2 + DJ) / 2 + PE
    Total System Jitter     (TSJ):    0.071ns
    Total Input Jitter      (TIJ):    0.000ns
    Discrete Jitter          (DJ):    0.000ns
    Phase Error              (PE):    0.000ns

    Location             Delay type                Incr(ns)  Path(ns)    Netlist Resource(s)
  -------------------------------------------------------------------    -------------------
                         (clock clk rise edge)        0.000     0.000 r  
                                                      0.000     0.000 r  clk (IN)
                         net (fo=581, unset)          1.270     1.270    u_dut/clk
    SLICE_X26Y53         FDPE                                         r  u_dut/padrem_reg[2]/C
  -------------------------------------------------------------------    -------------------
    SLICE_X26Y53         FDPE (Prop_EFF2_SLICEL_C_Q)
                                                      0.099     1.369 r  u_dut/padrem_reg[2]/Q
                         net (fo=7, routed)           0.135     1.503    u_dut/u_crc/xgmii_txd[63]_INST_0_i_8[2]
    SLICE_X26Y54         LUT6 (Prop_H6LUT_SLICEL_I2_O)
                                                      0.179     1.682 f  u_dut/u_crc/xgmii_txd[57]_INST_0_i_10/O
                         net (fo=7, routed)           0.157     1.839    u_dut/u_crc/padrem_reg[3]_1
    SLICE_X26Y53         LUT6 (Prop_G6LUT_SLICEL_I0_O)
                                                      0.178     2.017 r  u_dut/u_crc/xgmii_txd[54]_INST_0_i_7/O
                         net (fo=20, routed)          0.250     2.267    u_dut/u_crc/padrem_reg[3]
    SLICE_X26Y47         LUT6 (Prop_H6LUT_SLICEL_I2_O)
                                                      0.116     2.383 r  u_dut/u_crc/xgmii_txd[15]_INST_0_i_143/O
                         net (fo=8, routed)           0.456     2.839    u_dut/u_crc/xgmii_txd[15]_INST_0_i_143_n_0
    SLICE_X20Y42         LUT5 (Prop_B6LUT_SLICEM_I3_O)
                                                      0.063     2.902 r  u_dut/u_crc/xgmii_txd[8]_INST_0_i_52/O
                         net (fo=33, routed)          0.427     3.329    u_dut/u_crc/xgmii_txd[8]_INST_0_i_52_n_0
    SLICE_X22Y35         LUT3 (Prop_F6LUT_SLICEL_I1_O)
                                                      0.177     3.506 r  u_dut/u_crc/xgmii_txd[2]_INST_0_i_39/O
                         net (fo=8, routed)           0.340     3.846    u_dut/u_crc/xgmii_txd[2]_INST_0_i_39_n_0
    SLICE_X21Y32         LUT2 (Prop_A6LUT_SLICEM_I1_O)
                                                      0.116     3.962 r  u_dut/u_crc/xgmii_txd[15]_INST_0_i_97/O
                         net (fo=2, routed)           0.274     4.236    u_dut/u_crc/xgmii_txd[15]_INST_0_i_97_n_0
    SLICE_X19Y31         LUT6 (Prop_G6LUT_SLICEL_I2_O)
                                                      0.147     4.383 f  u_dut/u_crc/xgmii_txd[13]_INST_0_i_10/O
                         net (fo=1, routed)           0.416     4.799    u_dut/u_crc/xgmii_txd[13]_INST_0_i_10_n_0
    SLICE_X19Y39         LUT5 (Prop_B6LUT_SLICEL_I0_O)
                                                      0.115     4.914 f  u_dut/u_crc/xgmii_txd[13]_INST_0_i_6/O
                         net (fo=1, routed)           0.106     5.020    u_dut/u_crc/xgmii_txd[13]_INST_0_i_6_n_0
    SLICE_X19Y40         LUT6 (Prop_G6LUT_SLICEL_I3_O)
                                                      0.114     5.134 f  u_dut/u_crc/xgmii_txd[13]_INST_0_i_2/O
                         net (fo=13, routed)          0.437     5.571    u_dut/u_crc/crc_nxt[5]
    SLICE_X21Y50         LUT6 (Prop_H6LUT_SLICEM_I1_O)
                                                      0.100     5.671 f  u_dut/u_crc/xgmii_txd[61]_INST_0_i_5/O
                         net (fo=2, routed)           0.115     5.786    u_dut/u_crc/xgmii_txd[61]_INST_0_i_5_n_0
    SLICE_X21Y53         LUT6 (Prop_B6LUT_SLICEM_I5_O)
                                                      0.039     5.825 r  u_dut/u_crc/xgmii_txd[29]_INST_0_i_1/O
                         net (fo=1, routed)           0.106     5.931    u_dut/u_crc/xgmii_txd[29]_INST_0_i_1_n_0
    SLICE_X21Y53         LUT6 (Prop_C6LUT_SLICEM_I0_O)
                                                      0.113     6.044 r  u_dut/u_crc/xgmii_txd[29]_INST_0/O
                         net (fo=0)                   0.000     6.044    xgmii_txd[29]
                                                                      r  xgmii_txd[29] (OUT)
  -------------------------------------------------------------------    -------------------

                         (clock clk rise edge)        6.400     6.400 r  
                         clock pessimism              0.000     6.400    
                         clock uncertainty           -0.035     6.365    
                         output delay                -0.000     6.365    
  -------------------------------------------------------------------
                         required time                          6.365    
                         arrival time                          -6.044    
  -------------------------------------------------------------------
                         slack                                  0.321    

Slack (MET) :             0.321ns  (required time - arrival time)
  Source:                 u_dut/padrem_reg[2]/C
                            (rising edge-triggered cell FDPE clocked by clk  {rise@0.000ns fall@3.200ns period=6.400ns})
  Destination:            xgmii_txd[29]
                            (output port clocked by clk  {rise@0.000ns fall@3.200ns period=6.400ns})
  Path Group:             clk
  Path Type:              Max at Slow Process Corner
  Requirement:            6.400ns  (clk rise@6.400ns - clk rise@0.000ns)
  Data Path Delay:        4.774ns  (logic 1.556ns (32.592%)  route 3.218ns (67.408%))
  Logic Levels:           12  (LUT2=1 LUT3=1 LUT5=2 LUT6=8)
  Output Delay:           0.000ns
  Clock Path Skew:        -1.270ns (DCD - SCD + CPR)
    Destination Clock Delay (DCD):    0.000ns = ( 6.400 - 6.400 ) 
    Source Clock Delay      (SCD):    1.270ns
    Clock Pessimism Removal (CPR):    0.000ns
  Clock Uncertainty:      0.035ns  ((TSJ^2 + TIJ^2)^1/2 + DJ) / 2 + PE
    Total System Jitter     (TSJ):    0.071ns
    Total Input Jitter      (TIJ):    0.000ns
    Discrete Jitter          (DJ):    0.000ns
    Phase Error              (PE):    0.000ns

    Location             Delay type                Incr(ns)  Path(ns)    Netlist Resource(s)
  -------------------------------------------------------------------    -------------------
                         (clock clk rise edge)        0.000     0.000 r  
                                                      0.000     0.000 r  clk (IN)
                         net (fo=581, unset)          1.270     1.270    u_dut/clk
    SLICE_X26Y53         FDPE                                         r  u_dut/padrem_reg[2]/C
  -------------------------------------------------------------------    -------------------
    SLICE_X26Y53         FDPE (Prop_EFF2_SLICEL_C_Q)
                                                      0.099     1.369 r  u_dut/padrem_reg[2]/Q
                         net (fo=7, routed)           0.135     1.503    u_dut/u_crc/xgmii_txd[63]_INST_0_i_8[2]
    SLICE_X26Y54         LUT6 (Prop_H6LUT_SLICEL_I2_O)
                                                      0.179     1.682 f  u_dut/u_crc/xgmii_txd[57]_INST_0_i_10/O
                         net (fo=7, routed)           0.157     1.839    u_dut/u_crc/padrem_reg[3]_1
    SLICE_X26Y53         LUT6 (Prop_G6LUT_SLICEL_I0_O)
                                                      0.178     2.017 r  u_dut/u_crc/xgmii_txd[54]_INST_0_i_7/O
                         net (fo=20, routed)          0.250     2.267    u_dut/u_crc/padrem_reg[3]
    SLICE_X26Y47         LUT6 (Prop_H6LUT_SLICEL_I2_O)
                                                      0.116     2.383 f  u_dut/u_crc/xgmii_txd[15]_INST_0_i_143/O
                         net (fo=8, routed)           0.456     2.839    u_dut/u_crc/xgmii_txd[15]_INST_0_i_143_n_0
    SLICE_X20Y42         LUT5 (Prop_B6LUT_SLICEM_I3_O)
                                                      0.063     2.902 r  u_dut/u_crc/xgmii_txd[8]_INST_0_i_52/O
                         net (fo=33, routed)          0.427     3.329    u_dut/u_crc/xgmii_txd[8]_INST_0_i_52_n_0
    SLICE_X22Y35         LUT3 (Prop_F6LUT_SLICEL_I1_O)
                                                      0.177     3.506 r  u_dut/u_crc/xgmii_txd[2]_INST_0_i_39/O
                         net (fo=8, routed)           0.340     3.846    u_dut/u_crc/xgmii_txd[2]_INST_0_i_39_n_0
    SLICE_X21Y32         LUT2 (Prop_A6LUT_SLICEM_I1_O)
                                                      0.116     3.962 r  u_dut/u_crc/xgmii_txd[15]_INST_0_i_97/O
                         net (fo=2, routed)           0.274     4.236    u_dut/u_crc/xgmii_txd[15]_INST_0_i_97_n_0
    SLICE_X19Y31         LUT6 (Prop_G6LUT_SLICEL_I2_O)
                                                      0.147     4.383 f  u_dut/u_crc/xgmii_txd[13]_INST_0_i_10/O
                         net (fo=1, routed)           0.416     4.799    u_dut/u_crc/xgmii_txd[13]_INST_0_i_10_n_0
    SLICE_X19Y39         LUT5 (Prop_B6LUT_SLICEL_I0_O)
                                                      0.115     4.914 f  u_dut/u_crc/xgmii_txd[13]_INST_0_i_6/O
                         net (fo=1, routed)           0.106     5.020    u_dut/u_crc/xgmii_txd[13]_INST_0_i_6_n_0
    SLICE_X19Y40         LUT6 (Prop_G6LUT_SLICEL_I3_O)
                                                      0.114     5.134 f  u_dut/u_crc/xgmii_txd[13]_INST_0_i_2/O
                         net (fo=13, routed)          0.437     5.571    u_dut/u_crc/crc_nxt[5]
    SLICE_X21Y50         LUT6 (Prop_H6LUT_SLICEM_I1_O)
                                                      0.100     5.671 f  u_dut/u_crc/xgmii_txd[61]_INST_0_i_5/O
                         net (fo=2, routed)           0.115     5.786    u_dut/u_crc/xgmii_txd[61]_INST_0_i_5_n_0
    SLICE_X21Y53         LUT6 (Prop_B6LUT_SLICEM_I5_O)
                                                      0.039     5.825 r  u_dut/u_crc/xgmii_txd[29]_INST_0_i_1/O
                         net (fo=1, routed)           0.106     5.931    u_dut/u_crc/xgmii_txd[29]_INST_0_i_1_n_0
    SLICE_X21Y53         LUT6 (Prop_C6LUT_SLICEM_I0_O)
                                                      0.113     6.044 r  u_dut/u_crc/xgmii_txd[29]_INST_0/O
                         net (fo=0)                   0.000     6.044    xgmii_txd[29]
                                                                      r  xgmii_txd[29] (OUT)
  -------------------------------------------------------------------    -------------------

                         (clock clk rise edge)        6.400     6.400 r  
                         clock pessimism              0.000     6.400    
                         clock uncertainty           -0.035     6.365    
                         output delay                -0.000     6.365    
  -------------------------------------------------------------------
                         required time                          6.365    
                         arrival time                          -6.044    
  -------------------------------------------------------------------
                         slack                                  0.321    

Slack (MET) :             0.323ns  (required time - arrival time)
  Source:                 u_dut/padrem_reg[2]/C
                            (rising edge-triggered cell FDPE clocked by clk  {rise@0.000ns fall@3.200ns period=6.400ns})
  Destination:            xgmii_txd[52]
                            (output port clocked by clk  {rise@0.000ns fall@3.200ns period=6.400ns})
  Path Group:             clk
  Path Type:              Max at Slow Process Corner
  Requirement:            6.400ns  (clk rise@6.400ns - clk rise@0.000ns)
  Data Path Delay:        4.772ns  (logic 1.693ns (35.481%)  route 3.079ns (64.519%))
  Logic Levels:           12  (LUT2=1 LUT3=1 LUT5=1 LUT6=9)
  Output Delay:           0.000ns
  Clock Path Skew:        -1.270ns (DCD - SCD + CPR)
    Destination Clock Delay (DCD):    0.000ns = ( 6.400 - 6.400 ) 
    Source Clock Delay      (SCD):    1.270ns
    Clock Pessimism Removal (CPR):    0.000ns
  Clock Uncertainty:      0.035ns  ((TSJ^2 + TIJ^2)^1/2 + DJ) / 2 + PE
    Total System Jitter     (TSJ):    0.071ns
    Total Input Jitter      (TIJ):    0.000ns
    Discrete Jitter          (DJ):    0.000ns
    Phase Error              (PE):    0.000ns

    Location             Delay type                Incr(ns)  Path(ns)    Netlist Resource(s)
  -------------------------------------------------------------------    -------------------
                         (clock clk rise edge)        0.000     0.000 r  
                                                      0.000     0.000 r  clk (IN)
                         net (fo=581, unset)          1.270     1.270    u_dut/clk
    SLICE_X26Y53         FDPE                                         r  u_dut/padrem_reg[2]/C
  -------------------------------------------------------------------    -------------------
    SLICE_X26Y53         FDPE (Prop_EFF2_SLICEL_C_Q)
                                                      0.099     1.369 r  u_dut/padrem_reg[2]/Q
                         net (fo=7, routed)           0.135     1.503    u_dut/u_crc/xgmii_txd[63]_INST_0_i_8[2]
    SLICE_X26Y54         LUT6 (Prop_H6LUT_SLICEL_I2_O)
                                                      0.179     1.682 f  u_dut/u_crc/xgmii_txd[57]_INST_0_i_10/O
                         net (fo=7, routed)           0.157     1.839    u_dut/u_crc/padrem_reg[3]_1
    SLICE_X26Y53         LUT6 (Prop_G6LUT_SLICEL_I0_O)
                                                      0.178     2.017 r  u_dut/u_crc/xgmii_txd[54]_INST_0_i_7/O
                         net (fo=20, routed)          0.277     2.294    u_dut/u_crc/padrem_reg[3]
    SLICE_X25Y47         LUT6 (Prop_H6LUT_SLICEM_I0_O)
                                                      0.151     2.445 r  u_dut/u_crc/xgmii_txd[15]_INST_0_i_114/O
                         net (fo=9, routed)           0.246     2.691    u_dut/u_crc/xgmii_txd[15]_INST_0_i_114_n_0
    SLICE_X23Y44         LUT5 (Prop_E6LUT_SLICEL_I3_O)
                                                      0.100     2.791 r  u_dut/u_crc/xgmii_txd[15]_INST_0_i_106/O
                         net (fo=28, routed)          0.533     3.324    u_dut/u_crc/xgmii_txd[15]_INST_0_i_106_n_0
    SLICE_X21Y36         LUT2 (Prop_C5LUT_SLICEM_I1_O)
                                                      0.169     3.493 r  u_dut/u_crc/xgmii_txd[13]_INST_0_i_72/O
                         net (fo=7, routed)           0.463     3.956    u_dut/u_crc/xgmii_txd[13]_INST_0_i_72_n_0
    SLICE_X20Y31         LUT6 (Prop_C6LUT_SLICEM_I2_O)
                                                      0.147     4.103 r  u_dut/u_crc/crc[28]_i_20/O
                         net (fo=1, routed)           0.194     4.297    u_dut/u_crc/crc[28]_i_20_n_0
    SLICE_X19Y31         LUT6 (Prop_H6LUT_SLICEL_I5_O)
                                                      0.064     4.361 f  u_dut/u_crc/crc[28]_i_5/O
                         net (fo=1, routed)           0.184     4.545    u_dut/u_crc/crc[28]_i_5_n_0
    SLICE_X19Y32         LUT6 (Prop_G6LUT_SLICEL_I1_O)
                                                      0.178     4.723 f  u_dut/u_crc/crc[28]_i_2/O
                         net (fo=1, routed)           0.364     5.087    u_dut/u_crc/crc[28]_i_2_n_0
    SLICE_X18Y43         LUT6 (Prop_H6LUT_SLICEL_I3_O)
                                                      0.040     5.127 f  u_dut/u_crc/crc[28]_i_1/O
                         net (fo=11, routed)          0.362     5.489    u_dut/u_crc/crc_nxt[28]
    SLICE_X18Y54         LUT3 (Prop_E6LUT_SLICEL_I2_O)
                                                      0.148     5.637 f  u_dut/u_crc/xgmii_txd[52]_INST_0_i_8/O
                         net (fo=1, routed)           0.067     5.704    u_dut/u_crc/xgmii_txd[52]_INST_0_i_8_n_0
    SLICE_X18Y54         LUT6 (Prop_F6LUT_SLICEL_I5_O)
                                                      0.177     5.881 f  u_dut/u_crc/xgmii_txd[52]_INST_0_i_1/O
                         net (fo=1, routed)           0.098     5.979    u_dut/u_crc/xgmii_txd[52]_INST_0_i_1_n_0
    SLICE_X18Y54         LUT6 (Prop_D6LUT_SLICEL_I0_O)
                                                      0.063     6.042 r  u_dut/u_crc/xgmii_txd[52]_INST_0/O
                         net (fo=0)                   0.000     6.042    xgmii_txd[52]
                                                                      r  xgmii_txd[52] (OUT)
  -------------------------------------------------------------------    -------------------

                         (clock clk rise edge)        6.400     6.400 r  
                         clock pessimism              0.000     6.400    
                         clock uncertainty           -0.035     6.365    
                         output delay                -0.000     6.365    
  -------------------------------------------------------------------
                         required time                          6.365    
                         arrival time                          -6.042    
  -------------------------------------------------------------------
                         slack                                  0.323    

Slack (MET) :             0.323ns  (required time - arrival time)
  Source:                 u_dut/padrem_reg[2]/C
                            (rising edge-triggered cell FDPE clocked by clk  {rise@0.000ns fall@3.200ns period=6.400ns})
  Destination:            xgmii_txd[52]
                            (output port clocked by clk  {rise@0.000ns fall@3.200ns period=6.400ns})
  Path Group:             clk
  Path Type:              Max at Slow Process Corner
  Requirement:            6.400ns  (clk rise@6.400ns - clk rise@0.000ns)
  Data Path Delay:        4.772ns  (logic 1.693ns (35.481%)  route 3.079ns (64.519%))
  Logic Levels:           12  (LUT2=1 LUT3=1 LUT5=1 LUT6=9)
  Output Delay:           0.000ns
  Clock Path Skew:        -1.270ns (DCD - SCD + CPR)
    Destination Clock Delay (DCD):    0.000ns = ( 6.400 - 6.400 ) 
    Source Clock Delay      (SCD):    1.270ns
    Clock Pessimism Removal (CPR):    0.000ns
  Clock Uncertainty:      0.035ns  ((TSJ^2 + TIJ^2)^1/2 + DJ) / 2 + PE
    Total System Jitter     (TSJ):    0.071ns
    Total Input Jitter      (TIJ):    0.000ns
    Discrete Jitter          (DJ):    0.000ns
    Phase Error              (PE):    0.000ns

    Location             Delay type                Incr(ns)  Path(ns)    Netlist Resource(s)
  -------------------------------------------------------------------    -------------------
                         (clock clk rise edge)        0.000     0.000 r  
                                                      0.000     0.000 r  clk (IN)
                         net (fo=581, unset)          1.270     1.270    u_dut/clk
    SLICE_X26Y53         FDPE                                         r  u_dut/padrem_reg[2]/C
  -------------------------------------------------------------------    -------------------
    SLICE_X26Y53         FDPE (Prop_EFF2_SLICEL_C_Q)
                                                      0.099     1.369 r  u_dut/padrem_reg[2]/Q
                         net (fo=7, routed)           0.135     1.503    u_dut/u_crc/xgmii_txd[63]_INST_0_i_8[2]
    SLICE_X26Y54         LUT6 (Prop_H6LUT_SLICEL_I2_O)
                                                      0.179     1.682 f  u_dut/u_crc/xgmii_txd[57]_INST_0_i_10/O
                         net (fo=7, routed)           0.157     1.839    u_dut/u_crc/padrem_reg[3]_1
    SLICE_X26Y53         LUT6 (Prop_G6LUT_SLICEL_I0_O)
                                                      0.178     2.017 r  u_dut/u_crc/xgmii_txd[54]_INST_0_i_7/O
                         net (fo=20, routed)          0.277     2.294    u_dut/u_crc/padrem_reg[3]
    SLICE_X25Y47         LUT6 (Prop_H6LUT_SLICEM_I0_O)
                                                      0.151     2.445 r  u_dut/u_crc/xgmii_txd[15]_INST_0_i_114/O
                         net (fo=9, routed)           0.246     2.691    u_dut/u_crc/xgmii_txd[15]_INST_0_i_114_n_0
    SLICE_X23Y44         LUT5 (Prop_E6LUT_SLICEL_I3_O)
                                                      0.100     2.791 r  u_dut/u_crc/xgmii_txd[15]_INST_0_i_106/O
                         net (fo=28, routed)          0.533     3.324    u_dut/u_crc/xgmii_txd[15]_INST_0_i_106_n_0
    SLICE_X21Y36         LUT2 (Prop_C5LUT_SLICEM_I1_O)
                                                      0.169     3.493 f  u_dut/u_crc/xgmii_txd[13]_INST_0_i_72/O
                         net (fo=7, routed)           0.463     3.956    u_dut/u_crc/xgmii_txd[13]_INST_0_i_72_n_0
    SLICE_X20Y31         LUT6 (Prop_C6LUT_SLICEM_I2_O)
                                                      0.147     4.103 r  u_dut/u_crc/crc[28]_i_20/O
                         net (fo=1, routed)           0.194     4.297    u_dut/u_crc/crc[28]_i_20_n_0
    SLICE_X19Y31         LUT6 (Prop_H6LUT_SLICEL_I5_O)
                                                      0.064     4.361 f  u_dut/u_crc/crc[28]_i_5/O
                         net (fo=1, routed)           0.184     4.545    u_dut/u_crc/crc[28]_i_5_n_0
    SLICE_X19Y32         LUT6 (Prop_G6LUT_SLICEL_I1_O)
                                                      0.178     4.723 f  u_dut/u_crc/crc[28]_i_2/O
                         net (fo=1, routed)           0.364     5.087    u_dut/u_crc/crc[28]_i_2_n_0
    SLICE_X18Y43         LUT6 (Prop_H6LUT_SLICEL_I3_O)
                                                      0.040     5.127 f  u_dut/u_crc/crc[28]_i_1/O
                         net (fo=11, routed)          0.362     5.489    u_dut/u_crc/crc_nxt[28]
    SLICE_X18Y54         LUT3 (Prop_E6LUT_SLICEL_I2_O)
                                                      0.148     5.637 f  u_dut/u_crc/xgmii_txd[52]_INST_0_i_8/O
                         net (fo=1, routed)           0.067     5.704    u_dut/u_crc/xgmii_txd[52]_INST_0_i_8_n_0
    SLICE_X18Y54         LUT6 (Prop_F6LUT_SLICEL_I5_O)
                                                      0.177     5.881 f  u_dut/u_crc/xgmii_txd[52]_INST_0_i_1/O
                         net (fo=1, routed)           0.098     5.979    u_dut/u_crc/xgmii_txd[52]_INST_0_i_1_n_0
    SLICE_X18Y54         LUT6 (Prop_D6LUT_SLICEL_I0_O)
                                                      0.063     6.042 r  u_dut/u_crc/xgmii_txd[52]_INST_0/O
                         net (fo=0)                   0.000     6.042    xgmii_txd[52]
                                                                      r  xgmii_txd[52] (OUT)
  -------------------------------------------------------------------    -------------------

                         (clock clk rise edge)        6.400     6.400 r  
                         clock pessimism              0.000     6.400    
                         clock uncertainty           -0.035     6.365    
                         output delay                -0.000     6.365    
  -------------------------------------------------------------------
                         required time                          6.365    
                         arrival time                          -6.042    
  -------------------------------------------------------------------
                         slack                                  0.323    

Slack (MET) :             0.327ns  (required time - arrival time)
  Source:                 u_dut/padrem_reg[2]/C
                            (rising edge-triggered cell FDPE clocked by clk  {rise@0.000ns fall@3.200ns period=6.400ns})
  Destination:            xgmii_txd[43]
                            (output port clocked by clk  {rise@0.000ns fall@3.200ns period=6.400ns})
  Path Group:             clk
  Path Type:              Max at Slow Process Corner
  Requirement:            6.400ns  (clk rise@6.400ns - clk rise@0.000ns)
  Data Path Delay:        4.768ns  (logic 1.496ns (31.379%)  route 3.272ns (68.621%))
  Logic Levels:           12  (LUT2=2 LUT3=1 LUT5=1 LUT6=8)
  Output Delay:           0.000ns
  Clock Path Skew:        -1.270ns (DCD - SCD + CPR)
    Destination Clock Delay (DCD):    0.000ns = ( 6.400 - 6.400 ) 
    Source Clock Delay      (SCD):    1.270ns
    Clock Pessimism Removal (CPR):    0.000ns
  Clock Uncertainty:      0.035ns  ((TSJ^2 + TIJ^2)^1/2 + DJ) / 2 + PE
    Total System Jitter     (TSJ):    0.071ns
    Total Input Jitter      (TIJ):    0.000ns
    Discrete Jitter          (DJ):    0.000ns
    Phase Error              (PE):    0.000ns

    Location             Delay type                Incr(ns)  Path(ns)    Netlist Resource(s)
  -------------------------------------------------------------------    -------------------
                         (clock clk rise edge)        0.000     0.000 r  
                                                      0.000     0.000 r  clk (IN)
                         net (fo=581, unset)          1.270     1.270    u_dut/clk
    SLICE_X26Y53         FDPE                                         r  u_dut/padrem_reg[2]/C
  -------------------------------------------------------------------    -------------------
    SLICE_X26Y53         FDPE (Prop_EFF2_SLICEL_C_Q)
                                                      0.099     1.369 r  u_dut/padrem_reg[2]/Q
                         net (fo=7, routed)           0.135     1.503    u_dut/u_crc/xgmii_txd[63]_INST_0_i_8[2]
    SLICE_X26Y54         LUT6 (Prop_H6LUT_SLICEL_I2_O)
                                                      0.179     1.682 f  u_dut/u_crc/xgmii_txd[57]_INST_0_i_10/O
                         net (fo=7, routed)           0.157     1.839    u_dut/u_crc/padrem_reg[3]_1
    SLICE_X26Y53         LUT6 (Prop_G6LUT_SLICEL_I0_O)
                                                      0.178     2.017 r  u_dut/u_crc/xgmii_txd[54]_INST_0_i_7/O
                         net (fo=20, routed)          0.509     2.526    u_dut/u_crc/padrem_reg[3]
    SLICE_X19Y45         LUT5 (Prop_E6LUT_SLICEL_I1_O)
                                                      0.100     2.626 f  u_dut/u_crc/xgmii_txd[15]_INST_0_i_128/O
                         net (fo=16, routed)          0.241     2.867    u_dut/u_crc/xgmii_txd[15]_INST_0_i_128_n_0
    SLICE_X18Y44         LUT6 (Prop_G6LUT_SLICEL_I4_O)
                                                      0.063     2.930 r  u_dut/u_crc/xgmii_txd[11]_INST_0_i_77/O
                         net (fo=15, routed)          0.576     3.505    u_dut/u_crc/zb7[3]
    SLICE_X21Y36         LUT2 (Prop_B5LUT_SLICEM_I1_O)
                                                      0.089     3.594 r  u_dut/u_crc/xgmii_txd[13]_INST_0_i_52/O
                         net (fo=5, routed)           0.509     4.103    u_dut/u_crc/xgmii_txd[13]_INST_0_i_52_n_0
    SLICE_X17Y34         LUT2 (Prop_A6LUT_SLICEL_I0_O)
                                                      0.064     4.167 r  u_dut/u_crc/crc[19]_i_21/O
                         net (fo=1, routed)           0.114     4.281    u_dut/u_crc/crc[19]_i_21_n_0
    SLICE_X17Y34         LUT6 (Prop_B6LUT_SLICEL_I5_O)
                                                      0.149     4.430 f  u_dut/u_crc/crc[19]_i_6/O
                         net (fo=1, routed)           0.266     4.696    u_dut/u_crc/crc[19]_i_6_n_0
    SLICE_X19Y35         LUT6 (Prop_H6LUT_SLICEL_I3_O)
                                                      0.149     4.845 f  u_dut/u_crc/crc[19]_i_2/O
                         net (fo=1, routed)           0.251     5.096    u_dut/u_crc/crc[19]_i_2_n_0
    SLICE_X19Y43         LUT6 (Prop_H6LUT_SLICEL_I3_O)
                                                      0.064     5.160 f  u_dut/u_crc/crc[19]_i_1/O
                         net (fo=7, routed)           0.259     5.419    u_dut/u_crc/crc_nxt[19]
    SLICE_X20Y47         LUT3 (Prop_H6LUT_SLICEM_I2_O)
                                                      0.066     5.485 f  u_dut/u_crc/xgmii_txd[59]_INST_0_i_5/O
                         net (fo=2, routed)           0.150     5.636    u_dut/u_crc/xgmii_txd[59]_INST_0_i_5_n_0
    SLICE_X20Y50         LUT6 (Prop_H6LUT_SLICEM_I2_O)
                                                      0.182     5.818 r  u_dut/u_crc/xgmii_txd[43]_INST_0_i_2/O
                         net (fo=1, routed)           0.106     5.924    u_dut/u_crc/xgmii_txd[43]_INST_0_i_2_n_0
    SLICE_X20Y50         LUT6 (Prop_D6LUT_SLICEM_I4_O)
                                                      0.114     6.038 r  u_dut/u_crc/xgmii_txd[43]_INST_0/O
                         net (fo=0)                   0.000     6.038    xgmii_txd[43]
                                                                      r  xgmii_txd[43] (OUT)
  -------------------------------------------------------------------    -------------------

                         (clock clk rise edge)        6.400     6.400 r  
                         clock pessimism              0.000     6.400    
                         clock uncertainty           -0.035     6.365    
                         output delay                -0.000     6.365    
  -------------------------------------------------------------------
                         required time                          6.365    
                         arrival time                          -6.038    
  -------------------------------------------------------------------
                         slack                                  0.327    

Slack (MET) :             0.327ns  (required time - arrival time)
  Source:                 u_dut/padrem_reg[2]/C
                            (rising edge-triggered cell FDPE clocked by clk  {rise@0.000ns fall@3.200ns period=6.400ns})
  Destination:            xgmii_txd[43]
                            (output port clocked by clk  {rise@0.000ns fall@3.200ns period=6.400ns})
  Path Group:             clk
  Path Type:              Max at Slow Process Corner
  Requirement:            6.400ns  (clk rise@6.400ns - clk rise@0.000ns)
  Data Path Delay:        4.768ns  (logic 1.496ns (31.379%)  route 3.272ns (68.621%))
  Logic Levels:           12  (LUT2=2 LUT3=1 LUT5=1 LUT6=8)
  Output Delay:           0.000ns
  Clock Path Skew:        -1.270ns (DCD - SCD + CPR)
    Destination Clock Delay (DCD):    0.000ns = ( 6.400 - 6.400 ) 
    Source Clock Delay      (SCD):    1.270ns
    Clock Pessimism Removal (CPR):    0.000ns
  Clock Uncertainty:      0.035ns  ((TSJ^2 + TIJ^2)^1/2 + DJ) / 2 + PE
    Total System Jitter     (TSJ):    0.071ns
    Total Input Jitter      (TIJ):    0.000ns
    Discrete Jitter          (DJ):    0.000ns
    Phase Error              (PE):    0.000ns

    Location             Delay type                Incr(ns)  Path(ns)    Netlist Resource(s)
  -------------------------------------------------------------------    -------------------
                         (clock clk rise edge)        0.000     0.000 r  
                                                      0.000     0.000 r  clk (IN)
                         net (fo=581, unset)          1.270     1.270    u_dut/clk
    SLICE_X26Y53         FDPE                                         r  u_dut/padrem_reg[2]/C
  -------------------------------------------------------------------    -------------------
    SLICE_X26Y53         FDPE (Prop_EFF2_SLICEL_C_Q)
                                                      0.099     1.369 f  u_dut/padrem_reg[2]/Q
                         net (fo=7, routed)           0.135     1.503    u_dut/u_crc/xgmii_txd[63]_INST_0_i_8[2]
    SLICE_X26Y54         LUT6 (Prop_H6LUT_SLICEL_I2_O)
                                                      0.179     1.682 r  u_dut/u_crc/xgmii_txd[57]_INST_0_i_10/O
                         net (fo=7, routed)           0.157     1.839    u_dut/u_crc/padrem_reg[3]_1
    SLICE_X26Y53         LUT6 (Prop_G6LUT_SLICEL_I0_O)
                                                      0.178     2.017 f  u_dut/u_crc/xgmii_txd[54]_INST_0_i_7/O
                         net (fo=20, routed)          0.509     2.526    u_dut/u_crc/padrem_reg[3]
    SLICE_X19Y45         LUT5 (Prop_E6LUT_SLICEL_I1_O)
                                                      0.100     2.626 r  u_dut/u_crc/xgmii_txd[15]_INST_0_i_128/O
                         net (fo=16, routed)          0.241     2.867    u_dut/u_crc/xgmii_txd[15]_INST_0_i_128_n_0
    SLICE_X18Y44         LUT6 (Prop_G6LUT_SLICEL_I4_O)
                                                      0.063     2.930 f  u_dut/u_crc/xgmii_txd[11]_INST_0_i_77/O
                         net (fo=15, routed)          0.576     3.505    u_dut/u_crc/zb7[3]
    SLICE_X21Y36         LUT2 (Prop_B5LUT_SLICEM_I1_O)
                                                      0.089     3.594 r  u_dut/u_crc/xgmii_txd[13]_INST_0_i_52/O
                         net (fo=5, routed)           0.509     4.103    u_dut/u_crc/xgmii_txd[13]_INST_0_i_52_n_0
    SLICE_X17Y34         LUT2 (Prop_A6LUT_SLICEL_I0_O)
                                                      0.064     4.167 r  u_dut/u_crc/crc[19]_i_21/O
                         net (fo=1, routed)           0.114     4.281    u_dut/u_crc/crc[19]_i_21_n_0
    SLICE_X17Y34         LUT6 (Prop_B6LUT_SLICEL_I5_O)
                                                      0.149     4.430 f  u_dut/u_crc/crc[19]_i_6/O
                         net (fo=1, routed)           0.266     4.696    u_dut/u_crc/crc[19]_i_6_n_0
    SLICE_X19Y35         LUT6 (Prop_H6LUT_SLICEL_I3_O)
                                                      0.149     4.845 f  u_dut/u_crc/crc[19]_i_2/O
                         net (fo=1, routed)           0.251     5.096    u_dut/u_crc/crc[19]_i_2_n_0
    SLICE_X19Y43         LUT6 (Prop_H6LUT_SLICEL_I3_O)
                                                      0.064     5.160 f  u_dut/u_crc/crc[19]_i_1/O
                         net (fo=7, routed)           0.259     5.419    u_dut/u_crc/crc_nxt[19]
    SLICE_X20Y47         LUT3 (Prop_H6LUT_SLICEM_I2_O)
                                                      0.066     5.485 f  u_dut/u_crc/xgmii_txd[59]_INST_0_i_5/O
                         net (fo=2, routed)           0.150     5.636    u_dut/u_crc/xgmii_txd[59]_INST_0_i_5_n_0
    SLICE_X20Y50         LUT6 (Prop_H6LUT_SLICEM_I2_O)
                                                      0.182     5.818 r  u_dut/u_crc/xgmii_txd[43]_INST_0_i_2/O
                         net (fo=1, routed)           0.106     5.924    u_dut/u_crc/xgmii_txd[43]_INST_0_i_2_n_0
    SLICE_X20Y50         LUT6 (Prop_D6LUT_SLICEM_I4_O)
                                                      0.114     6.038 r  u_dut/u_crc/xgmii_txd[43]_INST_0/O
                         net (fo=0)                   0.000     6.038    xgmii_txd[43]
                                                                      r  xgmii_txd[43] (OUT)
  -------------------------------------------------------------------    -------------------

                         (clock clk rise edge)        6.400     6.400 r  
                         clock pessimism              0.000     6.400    
                         clock uncertainty           -0.035     6.365    
                         output delay                -0.000     6.365    
  -------------------------------------------------------------------
                         required time                          6.365    
                         arrival time                          -6.038    
  -------------------------------------------------------------------
                         slack                                  0.327    

Slack (MET) :             0.331ns  (required time - arrival time)
  Source:                 u_dut/padrem_reg[2]/C
                            (rising edge-triggered cell FDPE clocked by clk  {rise@0.000ns fall@3.200ns period=6.400ns})
  Destination:            xgmii_txd[27]
                            (output port clocked by clk  {rise@0.000ns fall@3.200ns period=6.400ns})
  Path Group:             clk
  Path Type:              Max at Slow Process Corner
  Requirement:            6.400ns  (clk rise@6.400ns - clk rise@0.000ns)
  Data Path Delay:        4.764ns  (logic 1.414ns (29.682%)  route 3.350ns (70.318%))
  Logic Levels:           12  (LUT2=2 LUT3=1 LUT5=2 LUT6=7)
  Output Delay:           0.000ns
  Clock Path Skew:        -1.270ns (DCD - SCD + CPR)
    Destination Clock Delay (DCD):    0.000ns = ( 6.400 - 6.400 ) 
    Source Clock Delay      (SCD):    1.270ns
    Clock Pessimism Removal (CPR):    0.000ns
  Clock Uncertainty:      0.035ns  ((TSJ^2 + TIJ^2)^1/2 + DJ) / 2 + PE
    Total System Jitter     (TSJ):    0.071ns
    Total Input Jitter      (TIJ):    0.000ns
    Discrete Jitter          (DJ):    0.000ns
    Phase Error              (PE):    0.000ns

    Location             Delay type                Incr(ns)  Path(ns)    Netlist Resource(s)
  -------------------------------------------------------------------    -------------------
                         (clock clk rise edge)        0.000     0.000 r  
                                                      0.000     0.000 r  clk (IN)
                         net (fo=581, unset)          1.270     1.270    u_dut/clk
    SLICE_X26Y53         FDPE                                         r  u_dut/padrem_reg[2]/C
  -------------------------------------------------------------------    -------------------
    SLICE_X26Y53         FDPE (Prop_EFF2_SLICEL_C_Q)
                                                      0.099     1.369 r  u_dut/padrem_reg[2]/Q
                         net (fo=7, routed)           0.135     1.503    u_dut/u_crc/xgmii_txd[63]_INST_0_i_8[2]
    SLICE_X26Y54         LUT6 (Prop_H6LUT_SLICEL_I2_O)
                                                      0.179     1.682 f  u_dut/u_crc/xgmii_txd[57]_INST_0_i_10/O
                         net (fo=7, routed)           0.157     1.839    u_dut/u_crc/padrem_reg[3]_1
    SLICE_X26Y53         LUT6 (Prop_G6LUT_SLICEL_I0_O)
                                                      0.178     2.017 r  u_dut/u_crc/xgmii_txd[54]_INST_0_i_7/O
                         net (fo=20, routed)          0.509     2.526    u_dut/u_crc/padrem_reg[3]
    SLICE_X19Y45         LUT5 (Prop_E6LUT_SLICEL_I1_O)
                                                      0.100     2.626 f  u_dut/u_crc/xgmii_txd[15]_INST_0_i_128/O
                         net (fo=16, routed)          0.241     2.867    u_dut/u_crc/xgmii_txd[15]_INST_0_i_128_n_0
    SLICE_X18Y44         LUT6 (Prop_G6LUT_SLICEL_I4_O)
                                                      0.063     2.930 r  u_dut/u_crc/xgmii_txd[11]_INST_0_i_77/O
                         net (fo=15, routed)          0.576     3.505    u_dut/u_crc/zb7[3]
    SLICE_X21Y36         LUT2 (Prop_B5LUT_SLICEM_I1_O)
                                                      0.089     3.594 r  u_dut/u_crc/xgmii_txd[13]_INST_0_i_52/O
                         net (fo=5, routed)           0.509     4.103    u_dut/u_crc/xgmii_txd[13]_INST_0_i_52_n_0
    SLICE_X17Y34         LUT2 (Prop_A6LUT_SLICEL_I0_O)
                                                      0.064     4.167 r  u_dut/u_crc/crc[19]_i_21/O
                         net (fo=1, routed)           0.114     4.281    u_dut/u_crc/crc[19]_i_21_n_0
    SLICE_X17Y34         LUT6 (Prop_B6LUT_SLICEL_I5_O)
                                                      0.149     4.430 f  u_dut/u_crc/crc[19]_i_6/O
                         net (fo=1, routed)           0.266     4.696    u_dut/u_crc/crc[19]_i_6_n_0
    SLICE_X19Y35         LUT6 (Prop_H6LUT_SLICEL_I3_O)
                                                      0.149     4.845 f  u_dut/u_crc/crc[19]_i_2/O
                         net (fo=1, routed)           0.251     5.096    u_dut/u_crc/crc[19]_i_2_n_0
    SLICE_X19Y43         LUT6 (Prop_H6LUT_SLICEL_I3_O)
                                                      0.064     5.160 f  u_dut/u_crc/crc[19]_i_1/O
                         net (fo=7, routed)           0.259     5.419    u_dut/u_crc/crc_nxt[19]
    SLICE_X20Y47         LUT3 (Prop_H6LUT_SLICEM_I2_O)
                                                      0.066     5.485 f  u_dut/u_crc/xgmii_txd[59]_INST_0_i_5/O
                         net (fo=2, routed)           0.222     5.707    u_dut/u_crc/xgmii_txd[59]_INST_0_i_5_n_0
    SLICE_X19Y49         LUT5 (Prop_B6LUT_SLICEL_I4_O)
                                                      0.100     5.807 f  u_dut/u_crc/xgmii_txd[59]_INST_0_i_2/O
                         net (fo=2, routed)           0.113     5.920    u_dut/u_crc/xgmii_txd[59]_INST_0_i_2_n_0
    SLICE_X19Y50         LUT6 (Prop_G6LUT_SLICEL_I5_O)
                                                      0.114     6.034 r  u_dut/u_crc/xgmii_txd[27]_INST_0/O
                         net (fo=0)                   0.000     6.034    xgmii_txd[27]
                                                                      r  xgmii_txd[27] (OUT)
  -------------------------------------------------------------------    -------------------

                         (clock clk rise edge)        6.400     6.400 r  
                         clock pessimism              0.000     6.400    
                         clock uncertainty           -0.035     6.365    
                         output delay                -0.000     6.365    
  -------------------------------------------------------------------
                         required time                          6.365    
                         arrival time                          -6.034    
  -------------------------------------------------------------------
                         slack                                  0.331    

Slack (MET) :             0.331ns  (required time - arrival time)
  Source:                 u_dut/padrem_reg[2]/C
                            (rising edge-triggered cell FDPE clocked by clk  {rise@0.000ns fall@3.200ns period=6.400ns})
  Destination:            xgmii_txd[27]
                            (output port clocked by clk  {rise@0.000ns fall@3.200ns period=6.400ns})
  Path Group:             clk
  Path Type:              Max at Slow Process Corner
  Requirement:            6.400ns  (clk rise@6.400ns - clk rise@0.000ns)
  Data Path Delay:        4.764ns  (logic 1.414ns (29.682%)  route 3.350ns (70.318%))
  Logic Levels:           12  (LUT2=2 LUT3=1 LUT5=2 LUT6=7)
  Output Delay:           0.000ns
  Clock Path Skew:        -1.270ns (DCD - SCD + CPR)
    Destination Clock Delay (DCD):    0.000ns = ( 6.400 - 6.400 ) 
    Source Clock Delay      (SCD):    1.270ns
    Clock Pessimism Removal (CPR):    0.000ns
  Clock Uncertainty:      0.035ns  ((TSJ^2 + TIJ^2)^1/2 + DJ) / 2 + PE
    Total System Jitter     (TSJ):    0.071ns
    Total Input Jitter      (TIJ):    0.000ns
    Discrete Jitter          (DJ):    0.000ns
    Phase Error              (PE):    0.000ns

    Location             Delay type                Incr(ns)  Path(ns)    Netlist Resource(s)
  -------------------------------------------------------------------    -------------------
                         (clock clk rise edge)        0.000     0.000 r  
                                                      0.000     0.000 r  clk (IN)
                         net (fo=581, unset)          1.270     1.270    u_dut/clk
    SLICE_X26Y53         FDPE                                         r  u_dut/padrem_reg[2]/C
  -------------------------------------------------------------------    -------------------
    SLICE_X26Y53         FDPE (Prop_EFF2_SLICEL_C_Q)
                                                      0.099     1.369 f  u_dut/padrem_reg[2]/Q
                         net (fo=7, routed)           0.135     1.503    u_dut/u_crc/xgmii_txd[63]_INST_0_i_8[2]
    SLICE_X26Y54         LUT6 (Prop_H6LUT_SLICEL_I2_O)
                                                      0.179     1.682 r  u_dut/u_crc/xgmii_txd[57]_INST_0_i_10/O
                         net (fo=7, routed)           0.157     1.839    u_dut/u_crc/padrem_reg[3]_1
    SLICE_X26Y53         LUT6 (Prop_G6LUT_SLICEL_I0_O)
                                                      0.178     2.017 f  u_dut/u_crc/xgmii_txd[54]_INST_0_i_7/O
                         net (fo=20, routed)          0.509     2.526    u_dut/u_crc/padrem_reg[3]
    SLICE_X19Y45         LUT5 (Prop_E6LUT_SLICEL_I1_O)
                                                      0.100     2.626 r  u_dut/u_crc/xgmii_txd[15]_INST_0_i_128/O
                         net (fo=16, routed)          0.241     2.867    u_dut/u_crc/xgmii_txd[15]_INST_0_i_128_n_0
    SLICE_X18Y44         LUT6 (Prop_G6LUT_SLICEL_I4_O)
                                                      0.063     2.930 f  u_dut/u_crc/xgmii_txd[11]_INST_0_i_77/O
                         net (fo=15, routed)          0.576     3.505    u_dut/u_crc/zb7[3]
    SLICE_X21Y36         LUT2 (Prop_B5LUT_SLICEM_I1_O)
                                                      0.089     3.594 r  u_dut/u_crc/xgmii_txd[13]_INST_0_i_52/O
                         net (fo=5, routed)           0.509     4.103    u_dut/u_crc/xgmii_txd[13]_INST_0_i_52_n_0
    SLICE_X17Y34         LUT2 (Prop_A6LUT_SLICEL_I0_O)
                                                      0.064     4.167 r  u_dut/u_crc/crc[19]_i_21/O
                         net (fo=1, routed)           0.114     4.281    u_dut/u_crc/crc[19]_i_21_n_0
    SLICE_X17Y34         LUT6 (Prop_B6LUT_SLICEL_I5_O)
                                                      0.149     4.430 f  u_dut/u_crc/crc[19]_i_6/O
                         net (fo=1, routed)           0.266     4.696    u_dut/u_crc/crc[19]_i_6_n_0
    SLICE_X19Y35         LUT6 (Prop_H6LUT_SLICEL_I3_O)
                                                      0.149     4.845 f  u_dut/u_crc/crc[19]_i_2/O
                         net (fo=1, routed)           0.251     5.096    u_dut/u_crc/crc[19]_i_2_n_0
    SLICE_X19Y43         LUT6 (Prop_H6LUT_SLICEL_I3_O)
                                                      0.064     5.160 f  u_dut/u_crc/crc[19]_i_1/O
                         net (fo=7, routed)           0.259     5.419    u_dut/u_crc/crc_nxt[19]
    SLICE_X20Y47         LUT3 (Prop_H6LUT_SLICEM_I2_O)
                                                      0.066     5.485 f  u_dut/u_crc/xgmii_txd[59]_INST_0_i_5/O
                         net (fo=2, routed)           0.222     5.707    u_dut/u_crc/xgmii_txd[59]_INST_0_i_5_n_0
    SLICE_X19Y49         LUT5 (Prop_B6LUT_SLICEL_I4_O)
                                                      0.100     5.807 f  u_dut/u_crc/xgmii_txd[59]_INST_0_i_2/O
                         net (fo=2, routed)           0.113     5.920    u_dut/u_crc/xgmii_txd[59]_INST_0_i_2_n_0
    SLICE_X19Y50         LUT6 (Prop_G6LUT_SLICEL_I5_O)
                                                      0.114     6.034 r  u_dut/u_crc/xgmii_txd[27]_INST_0/O
                         net (fo=0)                   0.000     6.034    xgmii_txd[27]
                                                                      r  xgmii_txd[27] (OUT)
  -------------------------------------------------------------------    -------------------

                         (clock clk rise edge)        6.400     6.400 r  
                         clock pessimism              0.000     6.400    
                         clock uncertainty           -0.035     6.365    
                         output delay                -0.000     6.365    
  -------------------------------------------------------------------
                         required time                          6.365    
                         arrival time                          -6.034    
  -------------------------------------------------------------------
                         slack                                  0.331    

Slack (MET) :             0.339ns  (required time - arrival time)
  Source:                 u_dut/padrem_reg[2]/C
                            (rising edge-triggered cell FDPE clocked by clk  {rise@0.000ns fall@3.200ns period=6.400ns})
  Destination:            xgmii_txd[61]
                            (output port clocked by clk  {rise@0.000ns fall@3.200ns period=6.400ns})
  Path Group:             clk
  Path Type:              Max at Slow Process Corner
  Requirement:            6.400ns  (clk rise@6.400ns - clk rise@0.000ns)
  Data Path Delay:        4.756ns  (logic 1.534ns (32.253%)  route 3.222ns (67.747%))
  Logic Levels:           12  (LUT2=1 LUT3=1 LUT5=2 LUT6=8)
  Output Delay:           0.000ns
  Clock Path Skew:        -1.270ns (DCD - SCD + CPR)
    Destination Clock Delay (DCD):    0.000ns = ( 6.400 - 6.400 ) 
    Source Clock Delay      (SCD):    1.270ns
    Clock Pessimism Removal (CPR):    0.000ns
  Clock Uncertainty:      0.035ns  ((TSJ^2 + TIJ^2)^1/2 + DJ) / 2 + PE
    Total System Jitter     (TSJ):    0.071ns
    Total Input Jitter      (TIJ):    0.000ns
    Discrete Jitter          (DJ):    0.000ns
    Phase Error              (PE):    0.000ns

    Location             Delay type                Incr(ns)  Path(ns)    Netlist Resource(s)
  -------------------------------------------------------------------    -------------------
                         (clock clk rise edge)        0.000     0.000 r  
                                                      0.000     0.000 r  clk (IN)
                         net (fo=581, unset)          1.270     1.270    u_dut/clk
    SLICE_X26Y53         FDPE                                         r  u_dut/padrem_reg[2]/C
  -------------------------------------------------------------------    -------------------
    SLICE_X26Y53         FDPE (Prop_EFF2_SLICEL_C_Q)
                                                      0.099     1.369 r  u_dut/padrem_reg[2]/Q
                         net (fo=7, routed)           0.135     1.503    u_dut/u_crc/xgmii_txd[63]_INST_0_i_8[2]
    SLICE_X26Y54         LUT6 (Prop_H6LUT_SLICEL_I2_O)
                                                      0.179     1.682 f  u_dut/u_crc/xgmii_txd[57]_INST_0_i_10/O
                         net (fo=7, routed)           0.157     1.839    u_dut/u_crc/padrem_reg[3]_1
    SLICE_X26Y53         LUT6 (Prop_G6LUT_SLICEL_I0_O)
                                                      0.178     2.017 r  u_dut/u_crc/xgmii_txd[54]_INST_0_i_7/O
                         net (fo=20, routed)          0.250     2.267    u_dut/u_crc/padrem_reg[3]
    SLICE_X26Y47         LUT6 (Prop_H6LUT_SLICEL_I2_O)
                                                      0.116     2.383 r  u_dut/u_crc/xgmii_txd[15]_INST_0_i_143/O
                         net (fo=8, routed)           0.456     2.839    u_dut/u_crc/xgmii_txd[15]_INST_0_i_143_n_0
    SLICE_X20Y42         LUT5 (Prop_B6LUT_SLICEM_I3_O)
                                                      0.063     2.902 r  u_dut/u_crc/xgmii_txd[8]_INST_0_i_52/O
                         net (fo=33, routed)          0.427     3.329    u_dut/u_crc/xgmii_txd[8]_INST_0_i_52_n_0
    SLICE_X22Y35         LUT3 (Prop_F6LUT_SLICEL_I1_O)
                                                      0.177     3.506 r  u_dut/u_crc/xgmii_txd[2]_INST_0_i_39/O
                         net (fo=8, routed)           0.340     3.846    u_dut/u_crc/xgmii_txd[2]_INST_0_i_39_n_0
    SLICE_X21Y32         LUT2 (Prop_A6LUT_SLICEM_I1_O)
                                                      0.116     3.962 r  u_dut/u_crc/xgmii_txd[15]_INST_0_i_97/O
                         net (fo=2, routed)           0.274     4.236    u_dut/u_crc/xgmii_txd[15]_INST_0_i_97_n_0
    SLICE_X19Y31         LUT6 (Prop_G6LUT_SLICEL_I2_O)
                                                      0.147     4.383 f  u_dut/u_crc/xgmii_txd[13]_INST_0_i_10/O
                         net (fo=1, routed)           0.416     4.799    u_dut/u_crc/xgmii_txd[13]_INST_0_i_10_n_0
    SLICE_X19Y39         LUT5 (Prop_B6LUT_SLICEL_I0_O)
                                                      0.115     4.914 f  u_dut/u_crc/xgmii_txd[13]_INST_0_i_6/O
                         net (fo=1, routed)           0.106     5.020    u_dut/u_crc/xgmii_txd[13]_INST_0_i_6_n_0
    SLICE_X19Y40         LUT6 (Prop_G6LUT_SLICEL_I3_O)
                                                      0.114     5.134 f  u_dut/u_crc/xgmii_txd[13]_INST_0_i_2/O
                         net (fo=13, routed)          0.437     5.571    u_dut/u_crc/crc_nxt[5]
    SLICE_X21Y50         LUT6 (Prop_H6LUT_SLICEM_I1_O)
                                                      0.100     5.671 f  u_dut/u_crc/xgmii_txd[61]_INST_0_i_5/O
                         net (fo=2, routed)           0.168     5.839    u_dut/u_crc/xgmii_txd[61]_INST_0_i_5_n_0
    SLICE_X21Y53         LUT6 (Prop_G6LUT_SLICEM_I4_O)
                                                      0.064     5.903 r  u_dut/u_crc/xgmii_txd[61]_INST_0_i_1/O
                         net (fo=1, routed)           0.057     5.960    u_dut/u_crc/xgmii_txd[61]_INST_0_i_1_n_0
    SLICE_X21Y53         LUT6 (Prop_H6LUT_SLICEM_I0_O)
                                                      0.066     6.026 r  u_dut/u_crc/xgmii_txd[61]_INST_0/O
                         net (fo=0)                   0.000     6.026    xgmii_txd[61]
                                                                      r  xgmii_txd[61] (OUT)
  -------------------------------------------------------------------    -------------------

                         (clock clk rise edge)        6.400     6.400 r  
                         clock pessimism              0.000     6.400    
                         clock uncertainty           -0.035     6.365    
                         output delay                -0.000     6.365    
  -------------------------------------------------------------------
                         required time                          6.365    
                         arrival time                          -6.026    
  -------------------------------------------------------------------
                         slack                                  0.339    

Slack (MET) :             0.339ns  (required time - arrival time)
  Source:                 u_dut/padrem_reg[2]/C
                            (rising edge-triggered cell FDPE clocked by clk  {rise@0.000ns fall@3.200ns period=6.400ns})
  Destination:            xgmii_txd[61]
                            (output port clocked by clk  {rise@0.000ns fall@3.200ns period=6.400ns})
  Path Group:             clk
  Path Type:              Max at Slow Process Corner
  Requirement:            6.400ns  (clk rise@6.400ns - clk rise@0.000ns)
  Data Path Delay:        4.756ns  (logic 1.534ns (32.253%)  route 3.222ns (67.747%))
  Logic Levels:           12  (LUT2=1 LUT3=1 LUT5=2 LUT6=8)
  Output Delay:           0.000ns
  Clock Path Skew:        -1.270ns (DCD - SCD + CPR)
    Destination Clock Delay (DCD):    0.000ns = ( 6.400 - 6.400 ) 
    Source Clock Delay      (SCD):    1.270ns
    Clock Pessimism Removal (CPR):    0.000ns
  Clock Uncertainty:      0.035ns  ((TSJ^2 + TIJ^2)^1/2 + DJ) / 2 + PE
    Total System Jitter     (TSJ):    0.071ns
    Total Input Jitter      (TIJ):    0.000ns
    Discrete Jitter          (DJ):    0.000ns
    Phase Error              (PE):    0.000ns

    Location             Delay type                Incr(ns)  Path(ns)    Netlist Resource(s)
  -------------------------------------------------------------------    -------------------
                         (clock clk rise edge)        0.000     0.000 r  
                                                      0.000     0.000 r  clk (IN)
                         net (fo=581, unset)          1.270     1.270    u_dut/clk
    SLICE_X26Y53         FDPE                                         r  u_dut/padrem_reg[2]/C
  -------------------------------------------------------------------    -------------------
    SLICE_X26Y53         FDPE (Prop_EFF2_SLICEL_C_Q)
                                                      0.099     1.369 r  u_dut/padrem_reg[2]/Q
                         net (fo=7, routed)           0.135     1.503    u_dut/u_crc/xgmii_txd[63]_INST_0_i_8[2]
    SLICE_X26Y54         LUT6 (Prop_H6LUT_SLICEL_I2_O)
                                                      0.179     1.682 f  u_dut/u_crc/xgmii_txd[57]_INST_0_i_10/O
                         net (fo=7, routed)           0.157     1.839    u_dut/u_crc/padrem_reg[3]_1
    SLICE_X26Y53         LUT6 (Prop_G6LUT_SLICEL_I0_O)
                                                      0.178     2.017 r  u_dut/u_crc/xgmii_txd[54]_INST_0_i_7/O
                         net (fo=20, routed)          0.250     2.267    u_dut/u_crc/padrem_reg[3]
    SLICE_X26Y47         LUT6 (Prop_H6LUT_SLICEL_I2_O)
                                                      0.116     2.383 f  u_dut/u_crc/xgmii_txd[15]_INST_0_i_143/O
                         net (fo=8, routed)           0.456     2.839    u_dut/u_crc/xgmii_txd[15]_INST_0_i_143_n_0
    SLICE_X20Y42         LUT5 (Prop_B6LUT_SLICEM_I3_O)
                                                      0.063     2.902 r  u_dut/u_crc/xgmii_txd[8]_INST_0_i_52/O
                         net (fo=33, routed)          0.427     3.329    u_dut/u_crc/xgmii_txd[8]_INST_0_i_52_n_0
    SLICE_X22Y35         LUT3 (Prop_F6LUT_SLICEL_I1_O)
                                                      0.177     3.506 r  u_dut/u_crc/xgmii_txd[2]_INST_0_i_39/O
                         net (fo=8, routed)           0.340     3.846    u_dut/u_crc/xgmii_txd[2]_INST_0_i_39_n_0
    SLICE_X21Y32         LUT2 (Prop_A6LUT_SLICEM_I1_O)
                                                      0.116     3.962 r  u_dut/u_crc/xgmii_txd[15]_INST_0_i_97/O
                         net (fo=2, routed)           0.274     4.236    u_dut/u_crc/xgmii_txd[15]_INST_0_i_97_n_0
    SLICE_X19Y31         LUT6 (Prop_G6LUT_SLICEL_I2_O)
                                                      0.147     4.383 f  u_dut/u_crc/xgmii_txd[13]_INST_0_i_10/O
                         net (fo=1, routed)           0.416     4.799    u_dut/u_crc/xgmii_txd[13]_INST_0_i_10_n_0
    SLICE_X19Y39         LUT5 (Prop_B6LUT_SLICEL_I0_O)
                                                      0.115     4.914 f  u_dut/u_crc/xgmii_txd[13]_INST_0_i_6/O
                         net (fo=1, routed)           0.106     5.020    u_dut/u_crc/xgmii_txd[13]_INST_0_i_6_n_0
    SLICE_X19Y40         LUT6 (Prop_G6LUT_SLICEL_I3_O)
                                                      0.114     5.134 f  u_dut/u_crc/xgmii_txd[13]_INST_0_i_2/O
                         net (fo=13, routed)          0.437     5.571    u_dut/u_crc/crc_nxt[5]
    SLICE_X21Y50         LUT6 (Prop_H6LUT_SLICEM_I1_O)
                                                      0.100     5.671 f  u_dut/u_crc/xgmii_txd[61]_INST_0_i_5/O
                         net (fo=2, routed)           0.168     5.839    u_dut/u_crc/xgmii_txd[61]_INST_0_i_5_n_0
    SLICE_X21Y53         LUT6 (Prop_G6LUT_SLICEM_I4_O)
                                                      0.064     5.903 r  u_dut/u_crc/xgmii_txd[61]_INST_0_i_1/O
                         net (fo=1, routed)           0.057     5.960    u_dut/u_crc/xgmii_txd[61]_INST_0_i_1_n_0
    SLICE_X21Y53         LUT6 (Prop_H6LUT_SLICEM_I0_O)
                                                      0.066     6.026 r  u_dut/u_crc/xgmii_txd[61]_INST_0/O
                         net (fo=0)                   0.000     6.026    xgmii_txd[61]
                                                                      r  xgmii_txd[61] (OUT)
  -------------------------------------------------------------------    -------------------

                         (clock clk rise edge)        6.400     6.400 r  
                         clock pessimism              0.000     6.400    
                         clock uncertainty           -0.035     6.365    
                         output delay                -0.000     6.365    
  -------------------------------------------------------------------
                         required time                          6.365    
                         arrival time                          -6.026    
  -------------------------------------------------------------------
                         slack                                  0.339    




