Copyright 1986-2022 Xilinx, Inc. All Rights Reserved. Copyright 2022-2025 Advanced Micro Devices, Inc. All Rights Reserved.
--------------------------------------------------------------------------------------------------------------------------------------------------
| Tool Version      : Vivado v.2025.2 (win64) Build 6299465 Fri Nov 14 19:35:11 GMT 2025
| Date              : Tue Sep 29 12:26:18 2026
| Host              : xyz-intel running 64-bit major release  (build 9200)
| Command           : report_cdc -details -file D:/repo/XCKU5PMini/udp_hls_10g/board/p6b_final_ku5p_cdc.rpt
| Design            : wrapper_p4
| Device            : xcku5p-ffvb676
| Speed File        : -1  PRODUCTION 1.29 05-01-2022
| Design State      : Routed
| Temperature Grade : E
--------------------------------------------------------------------------------------------------------------------------------------------------

CDC Report

ID      Severity  Count  Description
------  --------  -----  -------------------------------------------------------
CDC-1   Critical    223  1-bit unknown CDC circuitry
CDC-3   Info         45  1-bit synchronized with ASYNC_REG property
CDC-6   Warning       4  Multi-bit synchronized with ASYNC_REG property
CDC-9   Info         12  Asynchronous reset synchronized with ASYNC_REG property
CDC-13  Critical     73  1-bit CDC path on a non-FD primitive
CDC-15  Warning    1324  Clock enable controlled CDC structure detected

Source Clock: gmii_clk
Destination Clock: g_hw.clk_out0
CDC Type: No Common Primary Clock

Row  ID      Severity  Description                                     Depth  Exception            Source (From)                           Destination (To)
---  ------  --------  ----------------------------------------------  -----  -------------------  --------------------------------------  -------------------------------------------
  1  CDC-15  Warning   Clock enable controlled CDC structure detected      0  Asynch Clock Groups  u_rxcdc/mem_reg_64_127_7_13/RAMC/CLK    rxcdc_out_bytes_reg[0]/D
  2  CDC-15  Warning   Clock enable controlled CDC structure detected      0  Asynch Clock Groups  u_rxcdc/mem_reg_64_127_7_13/RAMC/CLK    rxcdc_out_bytes_reg[1]/D
  3  CDC-15  Warning   Clock enable controlled CDC structure detected      0  Asynch Clock Groups  u_rxcdc/mem_reg_64_127_7_13/RAMC/CLK    rxcdc_out_bytes_reg[2]/D
  4  CDC-15  Warning   Clock enable controlled CDC structure detected      0  Asynch Clock Groups  u_rxcdc/mem_reg_64_127_7_13/RAMC/CLK    rxcdc_out_bytes_reg[3]/D
  5  CDC-15  Warning   Clock enable controlled CDC structure detected      0  Asynch Clock Groups  u_rxcdc/mem_reg_64_127_7_13/RAMC/CLK    rxcdc_out_bytes_reg[4]/D
  6  CDC-15  Warning   Clock enable controlled CDC structure detected      0  Asynch Clock Groups  u_rxcdc/mem_reg_64_127_7_13/RAMC/CLK    rxcdc_out_bytes_reg[5]/D
  7  CDC-15  Warning   Clock enable controlled CDC structure detected      0  Asynch Clock Groups  u_rxcdc/mem_reg_64_127_7_13/RAMC/CLK    rxcdc_out_bytes_reg[6]/D
  8  CDC-15  Warning   Clock enable controlled CDC structure detected      0  Asynch Clock Groups  u_rxcdc/mem_reg_64_127_7_13/RAMC/CLK    rxcdc_out_bytes_reg[7]/D
  9  CDC-15  Warning   Clock enable controlled CDC structure detected      0  Asynch Clock Groups  u_rxcdc/mem_reg_64_127_7_13/RAMC/CLK    rxcdc_out_bytes_reg[8]/D
 10  CDC-15  Warning   Clock enable controlled CDC structure detected      0  Asynch Clock Groups  u_rxcdc/mem_reg_64_127_7_13/RAMC/CLK    rxcdc_out_bytes_reg[9]/D
 11  CDC-15  Warning   Clock enable controlled CDC structure detected      0  Asynch Clock Groups  u_rxcdc/mem_reg_64_127_7_13/RAMC/CLK    rxcdc_out_bytes_reg[10]/D
 12  CDC-15  Warning   Clock enable controlled CDC structure detected      0  Asynch Clock Groups  u_rxcdc/mem_reg_64_127_7_13/RAMC/CLK    rxcdc_out_bytes_reg[11]/D
 13  CDC-15  Warning   Clock enable controlled CDC structure detected      0  Asynch Clock Groups  u_rxcdc/mem_reg_64_127_7_13/RAMC/CLK    rxcdc_out_bytes_reg[12]/D
 14  CDC-15  Warning   Clock enable controlled CDC structure detected      0  Asynch Clock Groups  u_rxcdc/mem_reg_64_127_7_13/RAMC/CLK    rxcdc_out_bytes_reg[13]/D
 15  CDC-15  Warning   Clock enable controlled CDC structure detected      0  Asynch Clock Groups  u_rxcdc/mem_reg_64_127_7_13/RAMC/CLK    rxcdc_out_bytes_reg[14]/D
 16  CDC-15  Warning   Clock enable controlled CDC structure detected      0  Asynch Clock Groups  u_rxcdc/mem_reg_64_127_7_13/RAMC/CLK    rxcdc_out_bytes_reg[15]/D
 17  CDC-15  Warning   Clock enable controlled CDC structure detected      0  Asynch Clock Groups  u_rxcdc/mem_reg_64_127_7_13/RAMC/CLK    rxcdc_out_bytes_reg[16]/D
 18  CDC-15  Warning   Clock enable controlled CDC structure detected      0  Asynch Clock Groups  u_rxcdc/mem_reg_64_127_7_13/RAMC/CLK    rxcdc_out_bytes_reg[17]/D
 19  CDC-15  Warning   Clock enable controlled CDC structure detected      0  Asynch Clock Groups  u_rxcdc/mem_reg_64_127_7_13/RAMC/CLK    rxcdc_out_bytes_reg[18]/D
 20  CDC-15  Warning   Clock enable controlled CDC structure detected      0  Asynch Clock Groups  u_rxcdc/mem_reg_64_127_7_13/RAMC/CLK    rxcdc_out_bytes_reg[19]/D
 21  CDC-15  Warning   Clock enable controlled CDC structure detected      0  Asynch Clock Groups  u_rxcdc/mem_reg_64_127_7_13/RAMC/CLK    rxcdc_out_bytes_reg[20]/D
 22  CDC-15  Warning   Clock enable controlled CDC structure detected      0  Asynch Clock Groups  u_rxcdc/mem_reg_64_127_7_13/RAMC/CLK    rxcdc_out_bytes_reg[21]/D
 23  CDC-15  Warning   Clock enable controlled CDC structure detected      0  Asynch Clock Groups  u_rxcdc/mem_reg_64_127_7_13/RAMC/CLK    rxcdc_out_bytes_reg[22]/D
 24  CDC-15  Warning   Clock enable controlled CDC structure detected      0  Asynch Clock Groups  u_rxcdc/mem_reg_64_127_7_13/RAMC/CLK    rxcdc_out_bytes_reg[23]/D
 25  CDC-15  Warning   Clock enable controlled CDC structure detected      0  Asynch Clock Groups  u_rxcdc/mem_reg_64_127_7_13/RAMC/CLK    rxcdc_out_bytes_reg[24]/D
 26  CDC-15  Warning   Clock enable controlled CDC structure detected      0  Asynch Clock Groups  u_rxcdc/mem_reg_64_127_7_13/RAMC/CLK    rxcdc_out_bytes_reg[25]/D
 27  CDC-15  Warning   Clock enable controlled CDC structure detected      0  Asynch Clock Groups  u_rxcdc/mem_reg_64_127_7_13/RAMC/CLK    rxcdc_out_bytes_reg[26]/D
 28  CDC-15  Warning   Clock enable controlled CDC structure detected      0  Asynch Clock Groups  u_rxcdc/mem_reg_64_127_7_13/RAMC/CLK    rxcdc_out_bytes_reg[27]/D
 29  CDC-15  Warning   Clock enable controlled CDC structure detected      0  Asynch Clock Groups  u_rxcdc/mem_reg_64_127_7_13/RAMC/CLK    rxcdc_out_bytes_reg[28]/D
 30  CDC-15  Warning   Clock enable controlled CDC structure detected      0  Asynch Clock Groups  u_rxcdc/mem_reg_64_127_7_13/RAMC/CLK    rxcdc_out_bytes_reg[29]/D
 31  CDC-15  Warning   Clock enable controlled CDC structure detected      0  Asynch Clock Groups  u_rxcdc/mem_reg_64_127_7_13/RAMC/CLK    rxcdc_out_bytes_reg[30]/D
 32  CDC-15  Warning   Clock enable controlled CDC structure detected      0  Asynch Clock Groups  u_rxcdc/mem_reg_64_127_7_13/RAMC/CLK    rxcdc_out_bytes_reg[31]/D
 33  CDC-1   Critical  1-bit unknown CDC circuitry                         0  Asynch Clock Groups  u_rxcdc/mem_reg_128_191_0_6/RAMC/CLK    rxcdc_out_frames_reg[0]/CE
 34  CDC-1   Critical  1-bit unknown CDC circuitry                         0  Asynch Clock Groups  u_rxcdc/mem_reg_128_191_0_6/RAMC/CLK    rxcdc_out_frames_reg[1]/CE
 35  CDC-1   Critical  1-bit unknown CDC circuitry                         0  Asynch Clock Groups  u_rxcdc/mem_reg_128_191_0_6/RAMC/CLK    rxcdc_out_frames_reg[2]/CE
 36  CDC-1   Critical  1-bit unknown CDC circuitry                         0  Asynch Clock Groups  u_rxcdc/mem_reg_128_191_0_6/RAMC/CLK    rxcdc_out_frames_reg[3]/CE
 37  CDC-1   Critical  1-bit unknown CDC circuitry                         0  Asynch Clock Groups  u_rxcdc/mem_reg_128_191_0_6/RAMC/CLK    rxcdc_out_frames_reg[4]/CE
 38  CDC-1   Critical  1-bit unknown CDC circuitry                         0  Asynch Clock Groups  u_rxcdc/mem_reg_128_191_0_6/RAMC/CLK    rxcdc_out_frames_reg[5]/CE
 39  CDC-1   Critical  1-bit unknown CDC circuitry                         0  Asynch Clock Groups  u_rxcdc/mem_reg_128_191_0_6/RAMC/CLK    rxcdc_out_frames_reg[6]/CE
 40  CDC-1   Critical  1-bit unknown CDC circuitry                         0  Asynch Clock Groups  u_rxcdc/mem_reg_128_191_0_6/RAMC/CLK    rxcdc_out_frames_reg[7]/CE
 41  CDC-1   Critical  1-bit unknown CDC circuitry                         0  Asynch Clock Groups  u_rxcdc/mem_reg_128_191_0_6/RAMC/CLK    rxcdc_out_frames_reg[8]/CE
 42  CDC-1   Critical  1-bit unknown CDC circuitry                         0  Asynch Clock Groups  u_rxcdc/mem_reg_128_191_0_6/RAMC/CLK    rxcdc_out_frames_reg[9]/CE
 43  CDC-1   Critical  1-bit unknown CDC circuitry                         0  Asynch Clock Groups  u_rxcdc/mem_reg_128_191_0_6/RAMC/CLK    rxcdc_out_frames_reg[10]/CE
 44  CDC-1   Critical  1-bit unknown CDC circuitry                         0  Asynch Clock Groups  u_rxcdc/mem_reg_128_191_0_6/RAMC/CLK    rxcdc_out_frames_reg[11]/CE
 45  CDC-1   Critical  1-bit unknown CDC circuitry                         0  Asynch Clock Groups  u_rxcdc/mem_reg_128_191_0_6/RAMC/CLK    rxcdc_out_frames_reg[12]/CE
 46  CDC-1   Critical  1-bit unknown CDC circuitry                         0  Asynch Clock Groups  u_rxcdc/mem_reg_128_191_0_6/RAMC/CLK    rxcdc_out_frames_reg[13]/CE
 47  CDC-1   Critical  1-bit unknown CDC circuitry                         0  Asynch Clock Groups  u_rxcdc/mem_reg_128_191_0_6/RAMC/CLK    rxcdc_out_frames_reg[14]/CE
 48  CDC-1   Critical  1-bit unknown CDC circuitry                         0  Asynch Clock Groups  u_rxcdc/mem_reg_128_191_0_6/RAMC/CLK    rxcdc_out_frames_reg[15]/CE
 49  CDC-1   Critical  1-bit unknown CDC circuitry                         0  Asynch Clock Groups  u_rxcdc/mem_reg_128_191_0_6/RAMC/CLK    rxcdc_out_frames_reg[16]/CE
 50  CDC-1   Critical  1-bit unknown CDC circuitry                         0  Asynch Clock Groups  u_rxcdc/mem_reg_128_191_0_6/RAMC/CLK    rxcdc_out_frames_reg[17]/CE
 51  CDC-1   Critical  1-bit unknown CDC circuitry                         0  Asynch Clock Groups  u_rxcdc/mem_reg_128_191_0_6/RAMC/CLK    rxcdc_out_frames_reg[18]/CE
 52  CDC-1   Critical  1-bit unknown CDC circuitry                         0  Asynch Clock Groups  u_rxcdc/mem_reg_128_191_0_6/RAMC/CLK    rxcdc_out_frames_reg[19]/CE
 53  CDC-1   Critical  1-bit unknown CDC circuitry                         0  Asynch Clock Groups  u_rxcdc/mem_reg_128_191_0_6/RAMC/CLK    rxcdc_out_frames_reg[20]/CE
 54  CDC-1   Critical  1-bit unknown CDC circuitry                         0  Asynch Clock Groups  u_rxcdc/mem_reg_128_191_0_6/RAMC/CLK    rxcdc_out_frames_reg[21]/CE
 55  CDC-1   Critical  1-bit unknown CDC circuitry                         0  Asynch Clock Groups  u_rxcdc/mem_reg_128_191_0_6/RAMC/CLK    rxcdc_out_frames_reg[22]/CE
 56  CDC-1   Critical  1-bit unknown CDC circuitry                         0  Asynch Clock Groups  u_rxcdc/mem_reg_128_191_0_6/RAMC/CLK    rxcdc_out_frames_reg[23]/CE
 57  CDC-1   Critical  1-bit unknown CDC circuitry                         0  Asynch Clock Groups  u_rxcdc/mem_reg_128_191_0_6/RAMC/CLK    rxcdc_out_frames_reg[24]/CE
 58  CDC-1   Critical  1-bit unknown CDC circuitry                         0  Asynch Clock Groups  u_rxcdc/mem_reg_128_191_0_6/RAMC/CLK    rxcdc_out_frames_reg[25]/CE
 59  CDC-1   Critical  1-bit unknown CDC circuitry                         0  Asynch Clock Groups  u_rxcdc/mem_reg_128_191_0_6/RAMC/CLK    rxcdc_out_frames_reg[26]/CE
 60  CDC-1   Critical  1-bit unknown CDC circuitry                         0  Asynch Clock Groups  u_rxcdc/mem_reg_128_191_0_6/RAMC/CLK    rxcdc_out_frames_reg[27]/CE
 61  CDC-1   Critical  1-bit unknown CDC circuitry                         0  Asynch Clock Groups  u_rxcdc/mem_reg_128_191_0_6/RAMC/CLK    rxcdc_out_frames_reg[28]/CE
 62  CDC-1   Critical  1-bit unknown CDC circuitry                         0  Asynch Clock Groups  u_rxcdc/mem_reg_128_191_0_6/RAMC/CLK    rxcdc_out_frames_reg[29]/CE
 63  CDC-1   Critical  1-bit unknown CDC circuitry                         0  Asynch Clock Groups  u_rxcdc/mem_reg_128_191_0_6/RAMC/CLK    rxcdc_out_frames_reg[30]/CE
 64  CDC-1   Critical  1-bit unknown CDC circuitry                         0  Asynch Clock Groups  u_rxcdc/mem_reg_128_191_0_6/RAMC/CLK    rxcdc_out_frames_reg[31]/CE
 65  CDC-15  Warning   Clock enable controlled CDC structure detected      0  Asynch Clock Groups  u_mac_rx/dbg_stat_words_out_reg[0]/C    u_dbg_line/mw_l_reg[0]/D
 66  CDC-15  Warning   Clock enable controlled CDC structure detected      0  Asynch Clock Groups  u_mac_rx/dbg_stat_words_out_reg[1]/C    u_dbg_line/mw_l_reg[1]/D
 67  CDC-15  Warning   Clock enable controlled CDC structure detected      0  Asynch Clock Groups  u_mac_rx/dbg_stat_words_out_reg[2]/C    u_dbg_line/mw_l_reg[2]/D
 68  CDC-15  Warning   Clock enable controlled CDC structure detected      0  Asynch Clock Groups  u_mac_rx/dbg_stat_words_out_reg[3]/C    u_dbg_line/mw_l_reg[3]/D
 69  CDC-15  Warning   Clock enable controlled CDC structure detected      0  Asynch Clock Groups  u_mac_rx/dbg_stat_words_out_reg[4]/C    u_dbg_line/mw_l_reg[4]/D
 70  CDC-15  Warning   Clock enable controlled CDC structure detected      0  Asynch Clock Groups  u_mac_rx/dbg_stat_words_out_reg[5]/C    u_dbg_line/mw_l_reg[5]/D
 71  CDC-15  Warning   Clock enable controlled CDC structure detected      0  Asynch Clock Groups  u_mac_rx/dbg_stat_words_out_reg[6]/C    u_dbg_line/mw_l_reg[6]/D
 72  CDC-15  Warning   Clock enable controlled CDC structure detected      0  Asynch Clock Groups  u_mac_rx/dbg_stat_words_out_reg[7]/C    u_dbg_line/mw_l_reg[7]/D
 73  CDC-15  Warning   Clock enable controlled CDC structure detected      0  Asynch Clock Groups  u_mac_rx/dbg_stat_words_out_reg[8]/C    u_dbg_line/mw_l_reg[8]/D
 74  CDC-15  Warning   Clock enable controlled CDC structure detected      0  Asynch Clock Groups  u_mac_rx/dbg_stat_words_out_reg[9]/C    u_dbg_line/mw_l_reg[9]/D
 75  CDC-15  Warning   Clock enable controlled CDC structure detected      0  Asynch Clock Groups  u_mac_rx/dbg_stat_words_out_reg[10]/C   u_dbg_line/mw_l_reg[10]/D
 76  CDC-15  Warning   Clock enable controlled CDC structure detected      0  Asynch Clock Groups  u_mac_rx/dbg_stat_words_out_reg[11]/C   u_dbg_line/mw_l_reg[11]/D
 77  CDC-15  Warning   Clock enable controlled CDC structure detected      0  Asynch Clock Groups  u_mac_rx/dbg_stat_words_out_reg[12]/C   u_dbg_line/mw_l_reg[12]/D
 78  CDC-15  Warning   Clock enable controlled CDC structure detected      0  Asynch Clock Groups  u_mac_rx/dbg_stat_words_out_reg[13]/C   u_dbg_line/mw_l_reg[13]/D
 79  CDC-15  Warning   Clock enable controlled CDC structure detected      0  Asynch Clock Groups  u_mac_rx/dbg_stat_words_out_reg[14]/C   u_dbg_line/mw_l_reg[14]/D
 80  CDC-15  Warning   Clock enable controlled CDC structure detected      0  Asynch Clock Groups  u_mac_rx/dbg_stat_words_out_reg[15]/C   u_dbg_line/mw_l_reg[15]/D
 81  CDC-15  Warning   Clock enable controlled CDC structure detected      0  Asynch Clock Groups  u_mac_rx/dbg_stat_words_out_reg[16]/C   u_dbg_line/mw_l_reg[16]/D
 82  CDC-15  Warning   Clock enable controlled CDC structure detected      0  Asynch Clock Groups  u_mac_rx/dbg_stat_words_out_reg[17]/C   u_dbg_line/mw_l_reg[17]/D
 83  CDC-15  Warning   Clock enable controlled CDC structure detected      0  Asynch Clock Groups  u_mac_rx/dbg_stat_words_out_reg[18]/C   u_dbg_line/mw_l_reg[18]/D
 84  CDC-15  Warning   Clock enable controlled CDC structure detected      0  Asynch Clock Groups  u_mac_rx/dbg_stat_words_out_reg[19]/C   u_dbg_line/mw_l_reg[19]/D
 85  CDC-15  Warning   Clock enable controlled CDC structure detected      0  Asynch Clock Groups  u_mac_rx/dbg_stat_words_out_reg[20]/C   u_dbg_line/mw_l_reg[20]/D
 86  CDC-15  Warning   Clock enable controlled CDC structure detected      0  Asynch Clock Groups  u_mac_rx/dbg_stat_words_out_reg[21]/C   u_dbg_line/mw_l_reg[21]/D
 87  CDC-15  Warning   Clock enable controlled CDC structure detected      0  Asynch Clock Groups  u_mac_rx/dbg_stat_words_out_reg[22]/C   u_dbg_line/mw_l_reg[22]/D
 88  CDC-15  Warning   Clock enable controlled CDC structure detected      0  Asynch Clock Groups  u_mac_rx/dbg_stat_words_out_reg[23]/C   u_dbg_line/mw_l_reg[23]/D
 89  CDC-15  Warning   Clock enable controlled CDC structure detected      0  Asynch Clock Groups  u_mac_rx/dbg_stat_words_out_reg[24]/C   u_dbg_line/mw_l_reg[24]/D
 90  CDC-15  Warning   Clock enable controlled CDC structure detected      0  Asynch Clock Groups  u_mac_rx/dbg_stat_words_out_reg[25]/C   u_dbg_line/mw_l_reg[25]/D
 91  CDC-15  Warning   Clock enable controlled CDC structure detected      0  Asynch Clock Groups  u_mac_rx/dbg_stat_words_out_reg[26]/C   u_dbg_line/mw_l_reg[26]/D
 92  CDC-15  Warning   Clock enable controlled CDC structure detected      0  Asynch Clock Groups  u_mac_rx/dbg_stat_words_out_reg[27]/C   u_dbg_line/mw_l_reg[27]/D
 93  CDC-15  Warning   Clock enable controlled CDC structure detected      0  Asynch Clock Groups  u_mac_rx/dbg_stat_words_out_reg[28]/C   u_dbg_line/mw_l_reg[28]/D
 94  CDC-15  Warning   Clock enable controlled CDC structure detected      0  Asynch Clock Groups  u_mac_rx/dbg_stat_words_out_reg[29]/C   u_dbg_line/mw_l_reg[29]/D
 95  CDC-15  Warning   Clock enable controlled CDC structure detected      0  Asynch Clock Groups  u_mac_rx/dbg_stat_words_out_reg[30]/C   u_dbg_line/mw_l_reg[30]/D
 96  CDC-15  Warning   Clock enable controlled CDC structure detected      0  Asynch Clock Groups  u_mac_rx/dbg_stat_words_out_reg[31]/C   u_dbg_line/mw_l_reg[31]/D
 97  CDC-15  Warning   Clock enable controlled CDC structure detected      0  Asynch Clock Groups  wl_last_lat_reg[0]/C                    u_dbg_line/wl_l_reg[0]/D
 98  CDC-15  Warning   Clock enable controlled CDC structure detected      0  Asynch Clock Groups  wl_last_lat_reg[1]/C                    u_dbg_line/wl_l_reg[1]/D
 99  CDC-15  Warning   Clock enable controlled CDC structure detected      0  Asynch Clock Groups  wl_last_lat_reg[2]/C                    u_dbg_line/wl_l_reg[2]/D
100  CDC-15  Warning   Clock enable controlled CDC structure detected      0  Asynch Clock Groups  wl_last_lat_reg[3]/C                    u_dbg_line/wl_l_reg[3]/D
101  CDC-15  Warning   Clock enable controlled CDC structure detected      0  Asynch Clock Groups  wl_last_lat_reg[4]/C                    u_dbg_line/wl_l_reg[4]/D
102  CDC-15  Warning   Clock enable controlled CDC structure detected      0  Asynch Clock Groups  wl_last_lat_reg[5]/C                    u_dbg_line/wl_l_reg[5]/D
103  CDC-15  Warning   Clock enable controlled CDC structure detected      0  Asynch Clock Groups  wl_last_lat_reg[6]/C                    u_dbg_line/wl_l_reg[6]/D
104  CDC-15  Warning   Clock enable controlled CDC structure detected      0  Asynch Clock Groups  wl_last_lat_reg[7]/C                    u_dbg_line/wl_l_reg[7]/D
105  CDC-15  Warning   Clock enable controlled CDC structure detected      0  Asynch Clock Groups  wl_last_lat_reg[8]/C                    u_dbg_line/wl_l_reg[8]/D
106  CDC-15  Warning   Clock enable controlled CDC structure detected      0  Asynch Clock Groups  wl_last_lat_reg[9]/C                    u_dbg_line/wl_l_reg[9]/D
107  CDC-15  Warning   Clock enable controlled CDC structure detected      0  Asynch Clock Groups  wl_last_lat_reg[10]/C                   u_dbg_line/wl_l_reg[10]/D
108  CDC-15  Warning   Clock enable controlled CDC structure detected      0  Asynch Clock Groups  wl_last_lat_reg[11]/C                   u_dbg_line/wl_l_reg[11]/D
109  CDC-15  Warning   Clock enable controlled CDC structure detected      0  Asynch Clock Groups  wl_last_lat_reg[12]/C                   u_dbg_line/wl_l_reg[12]/D
110  CDC-15  Warning   Clock enable controlled CDC structure detected      0  Asynch Clock Groups  wl_last_lat_reg[13]/C                   u_dbg_line/wl_l_reg[13]/D
111  CDC-15  Warning   Clock enable controlled CDC structure detected      0  Asynch Clock Groups  wl_last_lat_reg[14]/C                   u_dbg_line/wl_l_reg[14]/D
112  CDC-15  Warning   Clock enable controlled CDC structure detected      0  Asynch Clock Groups  wl_last_lat_reg[15]/C                   u_dbg_line/wl_l_reg[15]/D
113  CDC-6   Warning   Multi-bit synchronized with ASYNC_REG property      2  Asynch Clock Groups  u_rxcdc/wgray_r_reg[7:0]/C              u_rxcdc/wgray_s1_r_reg[7:0]/D
114  CDC-3   Info      1-bit synchronized with ASYNC_REG property          2  Asynch Clock Groups  u_rxcdc/wbin_r_reg[8]/C                 u_rxcdc/wgray_s1_r_reg[8]/D
115  CDC-6   Warning   Multi-bit synchronized with ASYNC_REG property      2  Asynch Clock Groups  u_txcdc/rgray_r_reg[7:0]/C              u_txcdc/rgray_s1_w_reg[7:0]/D
116  CDC-3   Info      1-bit synchronized with ASYNC_REG property          2  Asynch Clock Groups  u_txcdc/rbin_r_reg[8]/C                 u_txcdc/rgray_s1_w_reg[8]/D
117  CDC-1   Critical  1-bit unknown CDC circuitry                         0  Asynch Clock Groups  u_rxcdc/mem_reg_64_127_0_6/RAMD/CLK     u_vlan_strip/FSM_sequential_state_reg[0]/CE
118  CDC-15  Warning   Clock enable controlled CDC structure detected      0  Asynch Clock Groups  u_rxcdc/mem_reg_192_255_35_41/RAMD/CLK  u_vlan_strip/FSM_sequential_state_reg[0]/D
119  CDC-1   Critical  1-bit unknown CDC circuitry                         0  Asynch Clock Groups  u_rxcdc/mem_reg_64_127_0_6/RAMD/CLK     u_vlan_strip/FSM_sequential_state_reg[1]/CE
120  CDC-15  Warning   Clock enable controlled CDC structure detected      0  Asynch Clock Groups  u_rxcdc/mem_reg_192_255_35_41/RAMD/CLK  u_vlan_strip/FSM_sequential_state_reg[1]/D
121  CDC-1   Critical  1-bit unknown CDC circuitry                         0  Asynch Clock Groups  u_rxcdc/mem_reg_192_255_35_41/RAMD/CLK  u_vlan_strip/hold_keep_reg[0]/CE
122  CDC-15  Warning   Clock enable controlled CDC structure detected      0  Asynch Clock Groups  u_rxcdc/mem_reg_192_255_35_41/RAMD/CLK  u_vlan_strip/hold_keep_reg[0]/D
123  CDC-1   Critical  1-bit unknown CDC circuitry                         0  Asynch Clock Groups  u_rxcdc/mem_reg_192_255_35_41/RAMD/CLK  u_vlan_strip/hold_keep_reg[1]/CE
124  CDC-15  Warning   Clock enable controlled CDC structure detected      0  Asynch Clock Groups  u_rxcdc/mem_reg_192_255_35_41/RAMD/CLK  u_vlan_strip/hold_keep_reg[1]/D
125  CDC-1   Critical  1-bit unknown CDC circuitry                         0  Asynch Clock Groups  u_rxcdc/mem_reg_192_255_35_41/RAMD/CLK  u_vlan_strip/hold_keep_reg[2]/CE
126  CDC-15  Warning   Clock enable controlled CDC structure detected      0  Asynch Clock Groups  u_rxcdc/mem_reg_192_255_35_41/RAMD/CLK  u_vlan_strip/hold_keep_reg[2]/D
127  CDC-1   Critical  1-bit unknown CDC circuitry                         0  Asynch Clock Groups  u_rxcdc/mem_reg_192_255_35_41/RAMD/CLK  u_vlan_strip/hold_keep_reg[3]/CE
128  CDC-15  Warning   Clock enable controlled CDC structure detected      0  Asynch Clock Groups  u_rxcdc/mem_reg_192_255_35_41/RAMD/CLK  u_vlan_strip/hold_keep_reg[3]/D
129  CDC-1   Critical  1-bit unknown CDC circuitry                         0  Asynch Clock Groups  u_rxcdc/mem_reg_192_255_35_41/RAMD/CLK  u_vlan_strip/hold_reg[0]/CE
130  CDC-15  Warning   Clock enable controlled CDC structure detected      0  Asynch Clock Groups  u_rxcdc/mem_reg_192_255_35_41/RAMD/CLK  u_vlan_strip/hold_reg[0]/D
131  CDC-1   Critical  1-bit unknown CDC circuitry                         0  Asynch Clock Groups  u_rxcdc/mem_reg_192_255_35_41/RAMD/CLK  u_vlan_strip/hold_reg[1]/CE
132  CDC-15  Warning   Clock enable controlled CDC structure detected      0  Asynch Clock Groups  u_rxcdc/mem_reg_192_255_35_41/RAMD/CLK  u_vlan_strip/hold_reg[1]/D
133  CDC-1   Critical  1-bit unknown CDC circuitry                         0  Asynch Clock Groups  u_rxcdc/mem_reg_192_255_35_41/RAMD/CLK  u_vlan_strip/hold_reg[2]/CE
134  CDC-15  Warning   Clock enable controlled CDC structure detected      0  Asynch Clock Groups  u_rxcdc/mem_reg_192_255_35_41/RAMD/CLK  u_vlan_strip/hold_reg[2]/D
135  CDC-1   Critical  1-bit unknown CDC circuitry                         0  Asynch Clock Groups  u_rxcdc/mem_reg_192_255_35_41/RAMD/CLK  u_vlan_strip/hold_reg[3]/CE
136  CDC-15  Warning   Clock enable controlled CDC structure detected      0  Asynch Clock Groups  u_rxcdc/mem_reg_192_255_35_41/RAMD/CLK  u_vlan_strip/hold_reg[3]/D
137  CDC-1   Critical  1-bit unknown CDC circuitry                         0  Asynch Clock Groups  u_rxcdc/mem_reg_192_255_35_41/RAMD/CLK  u_vlan_strip/hold_reg[4]/CE
138  CDC-15  Warning   Clock enable controlled CDC structure detected      0  Asynch Clock Groups  u_rxcdc/mem_reg_192_255_35_41/RAMD/CLK  u_vlan_strip/hold_reg[4]/D
139  CDC-1   Critical  1-bit unknown CDC circuitry                         0  Asynch Clock Groups  u_rxcdc/mem_reg_192_255_35_41/RAMD/CLK  u_vlan_strip/hold_reg[5]/CE
140  CDC-15  Warning   Clock enable controlled CDC structure detected      0  Asynch Clock Groups  u_rxcdc/mem_reg_192_255_35_41/RAMD/CLK  u_vlan_strip/hold_reg[5]/D
141  CDC-1   Critical  1-bit unknown CDC circuitry                         0  Asynch Clock Groups  u_rxcdc/mem_reg_192_255_35_41/RAMD/CLK  u_vlan_strip/hold_reg[6]/CE
142  CDC-15  Warning   Clock enable controlled CDC structure detected      0  Asynch Clock Groups  u_rxcdc/mem_reg_192_255_35_41/RAMD/CLK  u_vlan_strip/hold_reg[6]/D
143  CDC-1   Critical  1-bit unknown CDC circuitry                         0  Asynch Clock Groups  u_rxcdc/mem_reg_192_255_35_41/RAMD/CLK  u_vlan_strip/hold_reg[7]/CE
144  CDC-15  Warning   Clock enable controlled CDC structure detected      0  Asynch Clock Groups  u_rxcdc/mem_reg_192_255_35_41/RAMD/CLK  u_vlan_strip/hold_reg[7]/D
145  CDC-1   Critical  1-bit unknown CDC circuitry                         0  Asynch Clock Groups  u_rxcdc/mem_reg_192_255_35_41/RAMD/CLK  u_vlan_strip/hold_reg[8]/CE
146  CDC-15  Warning   Clock enable controlled CDC structure detected      0  Asynch Clock Groups  u_rxcdc/mem_reg_192_255_35_41/RAMD/CLK  u_vlan_strip/hold_reg[8]/D
147  CDC-1   Critical  1-bit unknown CDC circuitry                         0  Asynch Clock Groups  u_rxcdc/mem_reg_192_255_35_41/RAMD/CLK  u_vlan_strip/hold_reg[9]/CE
148  CDC-15  Warning   Clock enable controlled CDC structure detected      0  Asynch Clock Groups  u_rxcdc/mem_reg_192_255_35_41/RAMD/CLK  u_vlan_strip/hold_reg[9]/D
149  CDC-1   Critical  1-bit unknown CDC circuitry                         0  Asynch Clock Groups  u_rxcdc/mem_reg_192_255_35_41/RAMD/CLK  u_vlan_strip/hold_reg[10]/CE
150  CDC-15  Warning   Clock enable controlled CDC structure detected      0  Asynch Clock Groups  u_rxcdc/mem_reg_192_255_35_41/RAMD/CLK  u_vlan_strip/hold_reg[10]/D
151  CDC-1   Critical  1-bit unknown CDC circuitry                         0  Asynch Clock Groups  u_rxcdc/mem_reg_192_255_35_41/RAMD/CLK  u_vlan_strip/hold_reg[11]/CE
152  CDC-15  Warning   Clock enable controlled CDC structure detected      0  Asynch Clock Groups  u_rxcdc/mem_reg_192_255_35_41/RAMD/CLK  u_vlan_strip/hold_reg[11]/D
153  CDC-1   Critical  1-bit unknown CDC circuitry                         0  Asynch Clock Groups  u_rxcdc/mem_reg_192_255_35_41/RAMD/CLK  u_vlan_strip/hold_reg[12]/CE
154  CDC-15  Warning   Clock enable controlled CDC structure detected      0  Asynch Clock Groups  u_rxcdc/mem_reg_192_255_35_41/RAMD/CLK  u_vlan_strip/hold_reg[12]/D
155  CDC-1   Critical  1-bit unknown CDC circuitry                         0  Asynch Clock Groups  u_rxcdc/mem_reg_192_255_35_41/RAMD/CLK  u_vlan_strip/hold_reg[13]/CE
156  CDC-15  Warning   Clock enable controlled CDC structure detected      0  Asynch Clock Groups  u_rxcdc/mem_reg_192_255_35_41/RAMD/CLK  u_vlan_strip/hold_reg[13]/D
157  CDC-1   Critical  1-bit unknown CDC circuitry                         0  Asynch Clock Groups  u_rxcdc/mem_reg_192_255_35_41/RAMD/CLK  u_vlan_strip/hold_reg[14]/CE
158  CDC-15  Warning   Clock enable controlled CDC structure detected      0  Asynch Clock Groups  u_rxcdc/mem_reg_192_255_35_41/RAMD/CLK  u_vlan_strip/hold_reg[14]/D
159  CDC-1   Critical  1-bit unknown CDC circuitry                         0  Asynch Clock Groups  u_rxcdc/mem_reg_192_255_35_41/RAMD/CLK  u_vlan_strip/hold_reg[15]/CE
160  CDC-15  Warning   Clock enable controlled CDC structure detected      0  Asynch Clock Groups  u_rxcdc/mem_reg_192_255_35_41/RAMD/CLK  u_vlan_strip/hold_reg[15]/D
161  CDC-1   Critical  1-bit unknown CDC circuitry                         0  Asynch Clock Groups  u_rxcdc/mem_reg_192_255_35_41/RAMD/CLK  u_vlan_strip/hold_reg[16]/CE
162  CDC-15  Warning   Clock enable controlled CDC structure detected      0  Asynch Clock Groups  u_rxcdc/mem_reg_192_255_35_41/RAMD/CLK  u_vlan_strip/hold_reg[16]/D
163  CDC-1   Critical  1-bit unknown CDC circuitry                         0  Asynch Clock Groups  u_rxcdc/mem_reg_192_255_35_41/RAMD/CLK  u_vlan_strip/hold_reg[17]/CE
164  CDC-15  Warning   Clock enable controlled CDC structure detected      0  Asynch Clock Groups  u_rxcdc/mem_reg_192_255_35_41/RAMD/CLK  u_vlan_strip/hold_reg[17]/D
165  CDC-1   Critical  1-bit unknown CDC circuitry                         0  Asynch Clock Groups  u_rxcdc/mem_reg_192_255_35_41/RAMD/CLK  u_vlan_strip/hold_reg[18]/CE
166  CDC-15  Warning   Clock enable controlled CDC structure detected      0  Asynch Clock Groups  u_rxcdc/mem_reg_192_255_35_41/RAMD/CLK  u_vlan_strip/hold_reg[18]/D
167  CDC-1   Critical  1-bit unknown CDC circuitry                         0  Asynch Clock Groups  u_rxcdc/mem_reg_192_255_35_41/RAMD/CLK  u_vlan_strip/hold_reg[19]/CE
168  CDC-15  Warning   Clock enable controlled CDC structure detected      0  Asynch Clock Groups  u_rxcdc/mem_reg_192_255_35_41/RAMD/CLK  u_vlan_strip/hold_reg[19]/D
169  CDC-1   Critical  1-bit unknown CDC circuitry                         0  Asynch Clock Groups  u_rxcdc/mem_reg_192_255_35_41/RAMD/CLK  u_vlan_strip/hold_reg[20]/CE
170  CDC-15  Warning   Clock enable controlled CDC structure detected      0  Asynch Clock Groups  u_rxcdc/mem_reg_192_255_35_41/RAMD/CLK  u_vlan_strip/hold_reg[20]/D
171  CDC-1   Critical  1-bit unknown CDC circuitry                         0  Asynch Clock Groups  u_rxcdc/mem_reg_192_255_35_41/RAMD/CLK  u_vlan_strip/hold_reg[21]/CE
172  CDC-15  Warning   Clock enable controlled CDC structure detected      0  Asynch Clock Groups  u_rxcdc/mem_reg_192_255_35_41/RAMD/CLK  u_vlan_strip/hold_reg[21]/D
173  CDC-1   Critical  1-bit unknown CDC circuitry                         0  Asynch Clock Groups  u_rxcdc/mem_reg_192_255_35_41/RAMD/CLK  u_vlan_strip/hold_reg[22]/CE
174  CDC-15  Warning   Clock enable controlled CDC structure detected      0  Asynch Clock Groups  u_rxcdc/mem_reg_192_255_35_41/RAMD/CLK  u_vlan_strip/hold_reg[22]/D
175  CDC-1   Critical  1-bit unknown CDC circuitry                         0  Asynch Clock Groups  u_rxcdc/mem_reg_192_255_35_41/RAMD/CLK  u_vlan_strip/hold_reg[23]/CE
176  CDC-15  Warning   Clock enable controlled CDC structure detected      0  Asynch Clock Groups  u_rxcdc/mem_reg_192_255_35_41/RAMD/CLK  u_vlan_strip/hold_reg[23]/D
177  CDC-1   Critical  1-bit unknown CDC circuitry                         0  Asynch Clock Groups  u_rxcdc/mem_reg_192_255_35_41/RAMD/CLK  u_vlan_strip/hold_reg[24]/CE
178  CDC-15  Warning   Clock enable controlled CDC structure detected      0  Asynch Clock Groups  u_rxcdc/mem_reg_192_255_35_41/RAMD/CLK  u_vlan_strip/hold_reg[24]/D
179  CDC-1   Critical  1-bit unknown CDC circuitry                         0  Asynch Clock Groups  u_rxcdc/mem_reg_192_255_35_41/RAMD/CLK  u_vlan_strip/hold_reg[25]/CE
180  CDC-15  Warning   Clock enable controlled CDC structure detected      0  Asynch Clock Groups  u_rxcdc/mem_reg_192_255_35_41/RAMD/CLK  u_vlan_strip/hold_reg[25]/D
181  CDC-1   Critical  1-bit unknown CDC circuitry                         0  Asynch Clock Groups  u_rxcdc/mem_reg_192_255_35_41/RAMD/CLK  u_vlan_strip/hold_reg[26]/CE
182  CDC-15  Warning   Clock enable controlled CDC structure detected      0  Asynch Clock Groups  u_rxcdc/mem_reg_192_255_35_41/RAMD/CLK  u_vlan_strip/hold_reg[26]/D
183  CDC-1   Critical  1-bit unknown CDC circuitry                         0  Asynch Clock Groups  u_rxcdc/mem_reg_192_255_35_41/RAMD/CLK  u_vlan_strip/hold_reg[27]/CE
184  CDC-15  Warning   Clock enable controlled CDC structure detected      0  Asynch Clock Groups  u_rxcdc/mem_reg_192_255_35_41/RAMD/CLK  u_vlan_strip/hold_reg[27]/D
185  CDC-1   Critical  1-bit unknown CDC circuitry                         0  Asynch Clock Groups  u_rxcdc/mem_reg_192_255_35_41/RAMD/CLK  u_vlan_strip/hold_reg[28]/CE
186  CDC-15  Warning   Clock enable controlled CDC structure detected      0  Asynch Clock Groups  u_rxcdc/mem_reg_192_255_35_41/RAMD/CLK  u_vlan_strip/hold_reg[28]/D
187  CDC-1   Critical  1-bit unknown CDC circuitry                         0  Asynch Clock Groups  u_rxcdc/mem_reg_192_255_35_41/RAMD/CLK  u_vlan_strip/hold_reg[29]/CE
188  CDC-15  Warning   Clock enable controlled CDC structure detected      0  Asynch Clock Groups  u_rxcdc/mem_reg_192_255_35_41/RAMD/CLK  u_vlan_strip/hold_reg[29]/D
189  CDC-1   Critical  1-bit unknown CDC circuitry                         0  Asynch Clock Groups  u_rxcdc/mem_reg_192_255_35_41/RAMD/CLK  u_vlan_strip/hold_reg[30]/CE
190  CDC-15  Warning   Clock enable controlled CDC structure detected      0  Asynch Clock Groups  u_rxcdc/mem_reg_192_255_35_41/RAMD/CLK  u_vlan_strip/hold_reg[30]/D
191  CDC-1   Critical  1-bit unknown CDC circuitry                         0  Asynch Clock Groups  u_rxcdc/mem_reg_192_255_35_41/RAMD/CLK  u_vlan_strip/hold_reg[31]/CE
192  CDC-15  Warning   Clock enable controlled CDC structure detected      0  Asynch Clock Groups  u_rxcdc/mem_reg_192_255_35_41/RAMD/CLK  u_vlan_strip/hold_reg[31]/D
193  CDC-1   Critical  1-bit unknown CDC circuitry                         0  Asynch Clock Groups  u_rxcdc/mem_reg_192_255_35_41/RAMD/CLK  u_vlan_strip/m_axis_tcrs_reg/CE
194  CDC-15  Warning   Clock enable controlled CDC structure detected      0  Asynch Clock Groups  u_rxcdc/mem_reg_64_127_0_6/RAMD/CLK     u_vlan_strip/m_axis_tcrs_reg/D
195  CDC-1   Critical  1-bit unknown CDC circuitry                         0  Asynch Clock Groups  u_rxcdc/mem_reg_192_255_35_41/RAMD/CLK  u_vlan_strip/m_axis_tdata_reg[0]/CE
196  CDC-15  Warning   Clock enable controlled CDC structure detected      0  Asynch Clock Groups  u_rxcdc/mem_reg_64_127_0_6/RAMD/CLK     u_vlan_strip/m_axis_tdata_reg[0]/D
197  CDC-1   Critical  1-bit unknown CDC circuitry                         0  Asynch Clock Groups  u_rxcdc/mem_reg_192_255_35_41/RAMD/CLK  u_vlan_strip/m_axis_tdata_reg[1]/CE
198  CDC-15  Warning   Clock enable controlled CDC structure detected      0  Asynch Clock Groups  u_rxcdc/mem_reg_64_127_0_6/RAMD/CLK     u_vlan_strip/m_axis_tdata_reg[1]/D
199  CDC-1   Critical  1-bit unknown CDC circuitry                         0  Asynch Clock Groups  u_rxcdc/mem_reg_192_255_35_41/RAMD/CLK  u_vlan_strip/m_axis_tdata_reg[2]/CE
200  CDC-15  Warning   Clock enable controlled CDC structure detected      0  Asynch Clock Groups  u_rxcdc/mem_reg_64_127_0_6/RAMD/CLK     u_vlan_strip/m_axis_tdata_reg[2]/D
201  CDC-1   Critical  1-bit unknown CDC circuitry                         0  Asynch Clock Groups  u_rxcdc/mem_reg_192_255_35_41/RAMD/CLK  u_vlan_strip/m_axis_tdata_reg[3]/CE
202  CDC-15  Warning   Clock enable controlled CDC structure detected      0  Asynch Clock Groups  u_rxcdc/mem_reg_64_127_0_6/RAMD/CLK     u_vlan_strip/m_axis_tdata_reg[3]/D
203  CDC-1   Critical  1-bit unknown CDC circuitry                         0  Asynch Clock Groups  u_rxcdc/mem_reg_192_255_35_41/RAMD/CLK  u_vlan_strip/m_axis_tdata_reg[4]/CE
204  CDC-15  Warning   Clock enable controlled CDC structure detected      0  Asynch Clock Groups  u_rxcdc/mem_reg_64_127_0_6/RAMD/CLK     u_vlan_strip/m_axis_tdata_reg[4]/D
205  CDC-1   Critical  1-bit unknown CDC circuitry                         0  Asynch Clock Groups  u_rxcdc/mem_reg_192_255_35_41/RAMD/CLK  u_vlan_strip/m_axis_tdata_reg[5]/CE
206  CDC-15  Warning   Clock enable controlled CDC structure detected      0  Asynch Clock Groups  u_rxcdc/mem_reg_64_127_0_6/RAMD/CLK     u_vlan_strip/m_axis_tdata_reg[5]/D
207  CDC-1   Critical  1-bit unknown CDC circuitry                         0  Asynch Clock Groups  u_rxcdc/mem_reg_192_255_35_41/RAMD/CLK  u_vlan_strip/m_axis_tdata_reg[6]/CE
208  CDC-15  Warning   Clock enable controlled CDC structure detected      0  Asynch Clock Groups  u_rxcdc/mem_reg_64_127_0_6/RAMD/CLK     u_vlan_strip/m_axis_tdata_reg[6]/D
209  CDC-1   Critical  1-bit unknown CDC circuitry                         0  Asynch Clock Groups  u_rxcdc/mem_reg_192_255_35_41/RAMD/CLK  u_vlan_strip/m_axis_tdata_reg[7]/CE
210  CDC-15  Warning   Clock enable controlled CDC structure detected      0  Asynch Clock Groups  u_rxcdc/mem_reg_0_63_14_20/RAMF/CLK     u_vlan_strip/m_axis_tdata_reg[7]/D
211  CDC-1   Critical  1-bit unknown CDC circuitry                         0  Asynch Clock Groups  u_rxcdc/mem_reg_192_255_35_41/RAMD/CLK  u_vlan_strip/m_axis_tdata_reg[8]/CE
212  CDC-15  Warning   Clock enable controlled CDC structure detected      0  Asynch Clock Groups  u_rxcdc/mem_reg_64_127_0_6/RAMD/CLK     u_vlan_strip/m_axis_tdata_reg[8]/D
213  CDC-1   Critical  1-bit unknown CDC circuitry                         0  Asynch Clock Groups  u_rxcdc/mem_reg_192_255_35_41/RAMD/CLK  u_vlan_strip/m_axis_tdata_reg[9]/CE
214  CDC-15  Warning   Clock enable controlled CDC structure detected      0  Asynch Clock Groups  u_rxcdc/mem_reg_64_127_0_6/RAMD/CLK     u_vlan_strip/m_axis_tdata_reg[9]/D
215  CDC-1   Critical  1-bit unknown CDC circuitry                         0  Asynch Clock Groups  u_rxcdc/mem_reg_192_255_35_41/RAMD/CLK  u_vlan_strip/m_axis_tdata_reg[10]/CE
216  CDC-15  Warning   Clock enable controlled CDC structure detected      0  Asynch Clock Groups  u_rxcdc/mem_reg_64_127_0_6/RAMD/CLK     u_vlan_strip/m_axis_tdata_reg[10]/D
217  CDC-1   Critical  1-bit unknown CDC circuitry                         0  Asynch Clock Groups  u_rxcdc/mem_reg_192_255_35_41/RAMD/CLK  u_vlan_strip/m_axis_tdata_reg[11]/CE
218  CDC-15  Warning   Clock enable controlled CDC structure detected      0  Asynch Clock Groups  u_rxcdc/mem_reg_64_127_0_6/RAMD/CLK     u_vlan_strip/m_axis_tdata_reg[11]/D
219  CDC-1   Critical  1-bit unknown CDC circuitry                         0  Asynch Clock Groups  u_rxcdc/mem_reg_192_255_35_41/RAMD/CLK  u_vlan_strip/m_axis_tdata_reg[12]/CE
220  CDC-15  Warning   Clock enable controlled CDC structure detected      0  Asynch Clock Groups  u_rxcdc/mem_reg_64_127_0_6/RAMD/CLK     u_vlan_strip/m_axis_tdata_reg[12]/D
221  CDC-1   Critical  1-bit unknown CDC circuitry                         0  Asynch Clock Groups  u_rxcdc/mem_reg_192_255_35_41/RAMD/CLK  u_vlan_strip/m_axis_tdata_reg[13]/CE
222  CDC-15  Warning   Clock enable controlled CDC structure detected      0  Asynch Clock Groups  u_rxcdc/mem_reg_64_127_0_6/RAMD/CLK     u_vlan_strip/m_axis_tdata_reg[13]/D
223  CDC-1   Critical  1-bit unknown CDC circuitry                         0  Asynch Clock Groups  u_rxcdc/mem_reg_192_255_35_41/RAMD/CLK  u_vlan_strip/m_axis_tdata_reg[14]/CE
224  CDC-15  Warning   Clock enable controlled CDC structure detected      0  Asynch Clock Groups  u_rxcdc/mem_reg_64_127_0_6/RAMD/CLK     u_vlan_strip/m_axis_tdata_reg[14]/D
225  CDC-1   Critical  1-bit unknown CDC circuitry                         0  Asynch Clock Groups  u_rxcdc/mem_reg_192_255_35_41/RAMD/CLK  u_vlan_strip/m_axis_tdata_reg[15]/CE
226  CDC-15  Warning   Clock enable controlled CDC structure detected      0  Asynch Clock Groups  u_rxcdc/mem_reg_64_127_0_6/RAMD/CLK     u_vlan_strip/m_axis_tdata_reg[15]/D
227  CDC-1   Critical  1-bit unknown CDC circuitry                         0  Asynch Clock Groups  u_rxcdc/mem_reg_192_255_35_41/RAMD/CLK  u_vlan_strip/m_axis_tdata_reg[16]/CE
228  CDC-15  Warning   Clock enable controlled CDC structure detected      0  Asynch Clock Groups  u_rxcdc/mem_reg_64_127_0_6/RAMD/CLK     u_vlan_strip/m_axis_tdata_reg[16]/D
229  CDC-1   Critical  1-bit unknown CDC circuitry                         0  Asynch Clock Groups  u_rxcdc/mem_reg_192_255_35_41/RAMD/CLK  u_vlan_strip/m_axis_tdata_reg[17]/CE
230  CDC-15  Warning   Clock enable controlled CDC structure detected      0  Asynch Clock Groups  u_rxcdc/mem_reg_64_127_0_6/RAMD/CLK     u_vlan_strip/m_axis_tdata_reg[17]/D
231  CDC-1   Critical  1-bit unknown CDC circuitry                         0  Asynch Clock Groups  u_rxcdc/mem_reg_192_255_35_41/RAMD/CLK  u_vlan_strip/m_axis_tdata_reg[18]/CE
232  CDC-15  Warning   Clock enable controlled CDC structure detected      0  Asynch Clock Groups  u_rxcdc/mem_reg_64_127_0_6/RAMD/CLK     u_vlan_strip/m_axis_tdata_reg[18]/D
233  CDC-1   Critical  1-bit unknown CDC circuitry                         0  Asynch Clock Groups  u_rxcdc/mem_reg_192_255_35_41/RAMD/CLK  u_vlan_strip/m_axis_tdata_reg[19]/CE
234  CDC-15  Warning   Clock enable controlled CDC structure detected      0  Asynch Clock Groups  u_rxcdc/mem_reg_64_127_0_6/RAMD/CLK     u_vlan_strip/m_axis_tdata_reg[19]/D
235  CDC-1   Critical  1-bit unknown CDC circuitry                         0  Asynch Clock Groups  u_rxcdc/mem_reg_192_255_35_41/RAMD/CLK  u_vlan_strip/m_axis_tdata_reg[20]/CE
236  CDC-15  Warning   Clock enable controlled CDC structure detected      0  Asynch Clock Groups  u_rxcdc/mem_reg_64_127_0_6/RAMD/CLK     u_vlan_strip/m_axis_tdata_reg[20]/D
237  CDC-1   Critical  1-bit unknown CDC circuitry                         0  Asynch Clock Groups  u_rxcdc/mem_reg_192_255_35_41/RAMD/CLK  u_vlan_strip/m_axis_tdata_reg[21]/CE
238  CDC-15  Warning   Clock enable controlled CDC structure detected      0  Asynch Clock Groups  u_rxcdc/mem_reg_64_127_0_6/RAMD/CLK     u_vlan_strip/m_axis_tdata_reg[21]/D
239  CDC-1   Critical  1-bit unknown CDC circuitry                         0  Asynch Clock Groups  u_rxcdc/mem_reg_192_255_35_41/RAMD/CLK  u_vlan_strip/m_axis_tdata_reg[22]/CE
240  CDC-15  Warning   Clock enable controlled CDC structure detected      0  Asynch Clock Groups  u_rxcdc/mem_reg_64_127_0_6/RAMD/CLK     u_vlan_strip/m_axis_tdata_reg[22]/D
241  CDC-1   Critical  1-bit unknown CDC circuitry                         0  Asynch Clock Groups  u_rxcdc/mem_reg_192_255_35_41/RAMD/CLK  u_vlan_strip/m_axis_tdata_reg[23]/CE
242  CDC-15  Warning   Clock enable controlled CDC structure detected      0  Asynch Clock Groups  u_rxcdc/mem_reg_64_127_0_6/RAMD/CLK     u_vlan_strip/m_axis_tdata_reg[23]/D
243  CDC-1   Critical  1-bit unknown CDC circuitry                         0  Asynch Clock Groups  u_rxcdc/mem_reg_192_255_35_41/RAMD/CLK  u_vlan_strip/m_axis_tdata_reg[24]/CE
244  CDC-15  Warning   Clock enable controlled CDC structure detected      0  Asynch Clock Groups  u_rxcdc/mem_reg_64_127_0_6/RAMD/CLK     u_vlan_strip/m_axis_tdata_reg[24]/D
245  CDC-1   Critical  1-bit unknown CDC circuitry                         0  Asynch Clock Groups  u_rxcdc/mem_reg_192_255_35_41/RAMD/CLK  u_vlan_strip/m_axis_tdata_reg[25]/CE
246  CDC-15  Warning   Clock enable controlled CDC structure detected      0  Asynch Clock Groups  u_rxcdc/mem_reg_64_127_0_6/RAMD/CLK     u_vlan_strip/m_axis_tdata_reg[25]/D
247  CDC-1   Critical  1-bit unknown CDC circuitry                         0  Asynch Clock Groups  u_rxcdc/mem_reg_192_255_35_41/RAMD/CLK  u_vlan_strip/m_axis_tdata_reg[26]/CE
248  CDC-15  Warning   Clock enable controlled CDC structure detected      0  Asynch Clock Groups  u_rxcdc/mem_reg_64_127_0_6/RAMD/CLK     u_vlan_strip/m_axis_tdata_reg[26]/D
249  CDC-1   Critical  1-bit unknown CDC circuitry                         0  Asynch Clock Groups  u_rxcdc/mem_reg_192_255_35_41/RAMD/CLK  u_vlan_strip/m_axis_tdata_reg[27]/CE
250  CDC-15  Warning   Clock enable controlled CDC structure detected      0  Asynch Clock Groups  u_rxcdc/mem_reg_64_127_0_6/RAMD/CLK     u_vlan_strip/m_axis_tdata_reg[27]/D
251  CDC-1   Critical  1-bit unknown CDC circuitry                         0  Asynch Clock Groups  u_rxcdc/mem_reg_192_255_35_41/RAMD/CLK  u_vlan_strip/m_axis_tdata_reg[28]/CE
252  CDC-15  Warning   Clock enable controlled CDC structure detected      0  Asynch Clock Groups  u_rxcdc/mem_reg_64_127_0_6/RAMD/CLK     u_vlan_strip/m_axis_tdata_reg[28]/D
253  CDC-1   Critical  1-bit unknown CDC circuitry                         0  Asynch Clock Groups  u_rxcdc/mem_reg_192_255_35_41/RAMD/CLK  u_vlan_strip/m_axis_tdata_reg[29]/CE
254  CDC-15  Warning   Clock enable controlled CDC structure detected      0  Asynch Clock Groups  u_rxcdc/mem_reg_64_127_0_6/RAMD/CLK     u_vlan_strip/m_axis_tdata_reg[29]/D
255  CDC-1   Critical  1-bit unknown CDC circuitry                         0  Asynch Clock Groups  u_rxcdc/mem_reg_192_255_35_41/RAMD/CLK  u_vlan_strip/m_axis_tdata_reg[30]/CE
256  CDC-15  Warning   Clock enable controlled CDC structure detected      0  Asynch Clock Groups  u_rxcdc/mem_reg_64_127_0_6/RAMD/CLK     u_vlan_strip/m_axis_tdata_reg[30]/D
257  CDC-1   Critical  1-bit unknown CDC circuitry                         0  Asynch Clock Groups  u_rxcdc/mem_reg_192_255_35_41/RAMD/CLK  u_vlan_strip/m_axis_tdata_reg[31]/CE
258  CDC-15  Warning   Clock enable controlled CDC structure detected      0  Asynch Clock Groups  u_rxcdc/mem_reg_64_127_0_6/RAMD/CLK     u_vlan_strip/m_axis_tdata_reg[31]/D
259  CDC-1   Critical  1-bit unknown CDC circuitry                         0  Asynch Clock Groups  u_rxcdc/mem_reg_192_255_35_41/RAMD/CLK  u_vlan_strip/m_axis_tdata_reg[32]/CE
260  CDC-15  Warning   Clock enable controlled CDC structure detected      0  Asynch Clock Groups  u_rxcdc/mem_reg_64_127_0_6/RAMD/CLK     u_vlan_strip/m_axis_tdata_reg[32]/D
261  CDC-1   Critical  1-bit unknown CDC circuitry                         0  Asynch Clock Groups  u_rxcdc/mem_reg_192_255_35_41/RAMD/CLK  u_vlan_strip/m_axis_tdata_reg[33]/CE
262  CDC-15  Warning   Clock enable controlled CDC structure detected      0  Asynch Clock Groups  u_rxcdc/mem_reg_64_127_0_6/RAMD/CLK     u_vlan_strip/m_axis_tdata_reg[33]/D
263  CDC-1   Critical  1-bit unknown CDC circuitry                         0  Asynch Clock Groups  u_rxcdc/mem_reg_192_255_35_41/RAMD/CLK  u_vlan_strip/m_axis_tdata_reg[34]/CE
264  CDC-15  Warning   Clock enable controlled CDC structure detected      0  Asynch Clock Groups  u_rxcdc/mem_reg_64_127_0_6/RAMD/CLK     u_vlan_strip/m_axis_tdata_reg[34]/D
265  CDC-1   Critical  1-bit unknown CDC circuitry                         0  Asynch Clock Groups  u_rxcdc/mem_reg_192_255_35_41/RAMD/CLK  u_vlan_strip/m_axis_tdata_reg[35]/CE
266  CDC-15  Warning   Clock enable controlled CDC structure detected      0  Asynch Clock Groups  u_rxcdc/mem_reg_64_127_0_6/RAMD/CLK     u_vlan_strip/m_axis_tdata_reg[35]/D
267  CDC-1   Critical  1-bit unknown CDC circuitry                         0  Asynch Clock Groups  u_rxcdc/mem_reg_192_255_35_41/RAMD/CLK  u_vlan_strip/m_axis_tdata_reg[36]/CE
268  CDC-15  Warning   Clock enable controlled CDC structure detected      0  Asynch Clock Groups  u_rxcdc/mem_reg_64_127_0_6/RAMD/CLK     u_vlan_strip/m_axis_tdata_reg[36]/D
269  CDC-1   Critical  1-bit unknown CDC circuitry                         0  Asynch Clock Groups  u_rxcdc/mem_reg_192_255_35_41/RAMD/CLK  u_vlan_strip/m_axis_tdata_reg[37]/CE
270  CDC-15  Warning   Clock enable controlled CDC structure detected      0  Asynch Clock Groups  u_rxcdc/mem_reg_64_127_0_6/RAMD/CLK     u_vlan_strip/m_axis_tdata_reg[37]/D
271  CDC-1   Critical  1-bit unknown CDC circuitry                         0  Asynch Clock Groups  u_rxcdc/mem_reg_192_255_35_41/RAMD/CLK  u_vlan_strip/m_axis_tdata_reg[38]/CE
272  CDC-15  Warning   Clock enable controlled CDC structure detected      0  Asynch Clock Groups  u_rxcdc/mem_reg_64_127_0_6/RAMD/CLK     u_vlan_strip/m_axis_tdata_reg[38]/D
273  CDC-1   Critical  1-bit unknown CDC circuitry                         0  Asynch Clock Groups  u_rxcdc/mem_reg_192_255_35_41/RAMD/CLK  u_vlan_strip/m_axis_tdata_reg[39]/CE
274  CDC-15  Warning   Clock enable controlled CDC structure detected      0  Asynch Clock Groups  u_rxcdc/mem_reg_64_127_0_6/RAMD/CLK     u_vlan_strip/m_axis_tdata_reg[39]/D
275  CDC-1   Critical  1-bit unknown CDC circuitry                         0  Asynch Clock Groups  u_rxcdc/mem_reg_192_255_35_41/RAMD/CLK  u_vlan_strip/m_axis_tdata_reg[40]/CE
276  CDC-15  Warning   Clock enable controlled CDC structure detected      0  Asynch Clock Groups  u_rxcdc/mem_reg_64_127_0_6/RAMD/CLK     u_vlan_strip/m_axis_tdata_reg[40]/D
277  CDC-1   Critical  1-bit unknown CDC circuitry                         0  Asynch Clock Groups  u_rxcdc/mem_reg_192_255_35_41/RAMD/CLK  u_vlan_strip/m_axis_tdata_reg[41]/CE
278  CDC-15  Warning   Clock enable controlled CDC structure detected      0  Asynch Clock Groups  u_rxcdc/mem_reg_64_127_0_6/RAMD/CLK     u_vlan_strip/m_axis_tdata_reg[41]/D
279  CDC-1   Critical  1-bit unknown CDC circuitry                         0  Asynch Clock Groups  u_rxcdc/mem_reg_192_255_35_41/RAMD/CLK  u_vlan_strip/m_axis_tdata_reg[42]/CE
280  CDC-15  Warning   Clock enable controlled CDC structure detected      0  Asynch Clock Groups  u_rxcdc/mem_reg_64_127_0_6/RAMD/CLK     u_vlan_strip/m_axis_tdata_reg[42]/D
281  CDC-1   Critical  1-bit unknown CDC circuitry                         0  Asynch Clock Groups  u_rxcdc/mem_reg_192_255_35_41/RAMD/CLK  u_vlan_strip/m_axis_tdata_reg[43]/CE
282  CDC-15  Warning   Clock enable controlled CDC structure detected      0  Asynch Clock Groups  u_rxcdc/mem_reg_64_127_0_6/RAMD/CLK     u_vlan_strip/m_axis_tdata_reg[43]/D
283  CDC-1   Critical  1-bit unknown CDC circuitry                         0  Asynch Clock Groups  u_rxcdc/mem_reg_192_255_35_41/RAMD/CLK  u_vlan_strip/m_axis_tdata_reg[44]/CE
284  CDC-15  Warning   Clock enable controlled CDC structure detected      0  Asynch Clock Groups  u_rxcdc/mem_reg_64_127_0_6/RAMD/CLK     u_vlan_strip/m_axis_tdata_reg[44]/D
285  CDC-1   Critical  1-bit unknown CDC circuitry                         0  Asynch Clock Groups  u_rxcdc/mem_reg_192_255_35_41/RAMD/CLK  u_vlan_strip/m_axis_tdata_reg[45]/CE
286  CDC-15  Warning   Clock enable controlled CDC structure detected      0  Asynch Clock Groups  u_rxcdc/mem_reg_64_127_0_6/RAMD/CLK     u_vlan_strip/m_axis_tdata_reg[45]/D
287  CDC-1   Critical  1-bit unknown CDC circuitry                         0  Asynch Clock Groups  u_rxcdc/mem_reg_192_255_35_41/RAMD/CLK  u_vlan_strip/m_axis_tdata_reg[46]/CE
288  CDC-15  Warning   Clock enable controlled CDC structure detected      0  Asynch Clock Groups  u_rxcdc/mem_reg_64_127_0_6/RAMD/CLK     u_vlan_strip/m_axis_tdata_reg[46]/D
289  CDC-1   Critical  1-bit unknown CDC circuitry                         0  Asynch Clock Groups  u_rxcdc/mem_reg_192_255_35_41/RAMD/CLK  u_vlan_strip/m_axis_tdata_reg[47]/CE
290  CDC-15  Warning   Clock enable controlled CDC structure detected      0  Asynch Clock Groups  u_rxcdc/mem_reg_64_127_0_6/RAMD/CLK     u_vlan_strip/m_axis_tdata_reg[47]/D
291  CDC-1   Critical  1-bit unknown CDC circuitry                         0  Asynch Clock Groups  u_rxcdc/mem_reg_192_255_35_41/RAMD/CLK  u_vlan_strip/m_axis_tdata_reg[48]/CE
292  CDC-15  Warning   Clock enable controlled CDC structure detected      0  Asynch Clock Groups  u_rxcdc/mem_reg_64_127_0_6/RAMD/CLK     u_vlan_strip/m_axis_tdata_reg[48]/D
293  CDC-1   Critical  1-bit unknown CDC circuitry                         0  Asynch Clock Groups  u_rxcdc/mem_reg_192_255_35_41/RAMD/CLK  u_vlan_strip/m_axis_tdata_reg[49]/CE
294  CDC-15  Warning   Clock enable controlled CDC structure detected      0  Asynch Clock Groups  u_rxcdc/mem_reg_64_127_0_6/RAMD/CLK     u_vlan_strip/m_axis_tdata_reg[49]/D
295  CDC-1   Critical  1-bit unknown CDC circuitry                         0  Asynch Clock Groups  u_rxcdc/mem_reg_192_255_35_41/RAMD/CLK  u_vlan_strip/m_axis_tdata_reg[50]/CE
296  CDC-15  Warning   Clock enable controlled CDC structure detected      0  Asynch Clock Groups  u_rxcdc/mem_reg_64_127_0_6/RAMD/CLK     u_vlan_strip/m_axis_tdata_reg[50]/D
297  CDC-1   Critical  1-bit unknown CDC circuitry                         0  Asynch Clock Groups  u_rxcdc/mem_reg_192_255_35_41/RAMD/CLK  u_vlan_strip/m_axis_tdata_reg[51]/CE
298  CDC-15  Warning   Clock enable controlled CDC structure detected      0  Asynch Clock Groups  u_rxcdc/mem_reg_64_127_0_6/RAMD/CLK     u_vlan_strip/m_axis_tdata_reg[51]/D
299  CDC-1   Critical  1-bit unknown CDC circuitry                         0  Asynch Clock Groups  u_rxcdc/mem_reg_192_255_35_41/RAMD/CLK  u_vlan_strip/m_axis_tdata_reg[52]/CE
300  CDC-15  Warning   Clock enable controlled CDC structure detected      0  Asynch Clock Groups  u_rxcdc/mem_reg_64_127_0_6/RAMD/CLK     u_vlan_strip/m_axis_tdata_reg[52]/D
301  CDC-1   Critical  1-bit unknown CDC circuitry                         0  Asynch Clock Groups  u_rxcdc/mem_reg_192_255_35_41/RAMD/CLK  u_vlan_strip/m_axis_tdata_reg[53]/CE
302  CDC-15  Warning   Clock enable controlled CDC structure detected      0  Asynch Clock Groups  u_rxcdc/mem_reg_64_127_0_6/RAMD/CLK     u_vlan_strip/m_axis_tdata_reg[53]/D
303  CDC-1   Critical  1-bit unknown CDC circuitry                         0  Asynch Clock Groups  u_rxcdc/mem_reg_192_255_35_41/RAMD/CLK  u_vlan_strip/m_axis_tdata_reg[54]/CE
304  CDC-15  Warning   Clock enable controlled CDC structure detected      0  Asynch Clock Groups  u_rxcdc/mem_reg_64_127_0_6/RAMD/CLK     u_vlan_strip/m_axis_tdata_reg[54]/D
305  CDC-1   Critical  1-bit unknown CDC circuitry                         0  Asynch Clock Groups  u_rxcdc/mem_reg_192_255_35_41/RAMD/CLK  u_vlan_strip/m_axis_tdata_reg[55]/CE
306  CDC-15  Warning   Clock enable controlled CDC structure detected      0  Asynch Clock Groups  u_rxcdc/mem_reg_64_127_0_6/RAMD/CLK     u_vlan_strip/m_axis_tdata_reg[55]/D
307  CDC-1   Critical  1-bit unknown CDC circuitry                         0  Asynch Clock Groups  u_rxcdc/mem_reg_192_255_35_41/RAMD/CLK  u_vlan_strip/m_axis_tdata_reg[56]/CE
308  CDC-15  Warning   Clock enable controlled CDC structure detected      0  Asynch Clock Groups  u_rxcdc/mem_reg_64_127_0_6/RAMD/CLK     u_vlan_strip/m_axis_tdata_reg[56]/D
309  CDC-1   Critical  1-bit unknown CDC circuitry                         0  Asynch Clock Groups  u_rxcdc/mem_reg_192_255_35_41/RAMD/CLK  u_vlan_strip/m_axis_tdata_reg[57]/CE
310  CDC-15  Warning   Clock enable controlled CDC structure detected      0  Asynch Clock Groups  u_rxcdc/mem_reg_64_127_0_6/RAMD/CLK     u_vlan_strip/m_axis_tdata_reg[57]/D
311  CDC-1   Critical  1-bit unknown CDC circuitry                         0  Asynch Clock Groups  u_rxcdc/mem_reg_192_255_35_41/RAMD/CLK  u_vlan_strip/m_axis_tdata_reg[58]/CE
312  CDC-15  Warning   Clock enable controlled CDC structure detected      0  Asynch Clock Groups  u_rxcdc/mem_reg_64_127_0_6/RAMD/CLK     u_vlan_strip/m_axis_tdata_reg[58]/D
313  CDC-1   Critical  1-bit unknown CDC circuitry                         0  Asynch Clock Groups  u_rxcdc/mem_reg_192_255_35_41/RAMD/CLK  u_vlan_strip/m_axis_tdata_reg[59]/CE
314  CDC-15  Warning   Clock enable controlled CDC structure detected      0  Asynch Clock Groups  u_rxcdc/mem_reg_64_127_0_6/RAMD/CLK     u_vlan_strip/m_axis_tdata_reg[59]/D
315  CDC-1   Critical  1-bit unknown CDC circuitry                         0  Asynch Clock Groups  u_rxcdc/mem_reg_192_255_35_41/RAMD/CLK  u_vlan_strip/m_axis_tdata_reg[60]/CE
316  CDC-15  Warning   Clock enable controlled CDC structure detected      0  Asynch Clock Groups  u_rxcdc/mem_reg_64_127_0_6/RAMD/CLK     u_vlan_strip/m_axis_tdata_reg[60]/D
317  CDC-1   Critical  1-bit unknown CDC circuitry                         0  Asynch Clock Groups  u_rxcdc/mem_reg_192_255_35_41/RAMD/CLK  u_vlan_strip/m_axis_tdata_reg[61]/CE
318  CDC-15  Warning   Clock enable controlled CDC structure detected      0  Asynch Clock Groups  u_rxcdc/mem_reg_64_127_0_6/RAMD/CLK     u_vlan_strip/m_axis_tdata_reg[61]/D
319  CDC-1   Critical  1-bit unknown CDC circuitry                         0  Asynch Clock Groups  u_rxcdc/mem_reg_192_255_35_41/RAMD/CLK  u_vlan_strip/m_axis_tdata_reg[62]/CE
320  CDC-15  Warning   Clock enable controlled CDC structure detected      0  Asynch Clock Groups  u_rxcdc/mem_reg_64_127_0_6/RAMD/CLK     u_vlan_strip/m_axis_tdata_reg[62]/D
321  CDC-1   Critical  1-bit unknown CDC circuitry                         0  Asynch Clock Groups  u_rxcdc/mem_reg_192_255_35_41/RAMD/CLK  u_vlan_strip/m_axis_tdata_reg[63]/CE
322  CDC-15  Warning   Clock enable controlled CDC structure detected      0  Asynch Clock Groups  u_rxcdc/mem_reg_64_127_0_6/RAMD/CLK     u_vlan_strip/m_axis_tdata_reg[63]/D
323  CDC-1   Critical  1-bit unknown CDC circuitry                         0  Asynch Clock Groups  u_rxcdc/mem_reg_192_255_35_41/RAMD/CLK  u_vlan_strip/m_axis_terr_reg/CE
324  CDC-15  Warning   Clock enable controlled CDC structure detected      0  Asynch Clock Groups  u_rxcdc/mem_reg_64_127_0_6/RAMD/CLK     u_vlan_strip/m_axis_terr_reg/D
325  CDC-1   Critical  1-bit unknown CDC circuitry                         0  Asynch Clock Groups  u_rxcdc/mem_reg_192_255_35_41/RAMD/CLK  u_vlan_strip/m_axis_tkeep_reg[0]/CE
326  CDC-15  Warning   Clock enable controlled CDC structure detected      0  Asynch Clock Groups  u_rxcdc/mem_reg_64_127_0_6/RAMD/CLK     u_vlan_strip/m_axis_tkeep_reg[0]/D
327  CDC-1   Critical  1-bit unknown CDC circuitry                         0  Asynch Clock Groups  u_rxcdc/mem_reg_192_255_35_41/RAMD/CLK  u_vlan_strip/m_axis_tkeep_reg[1]/CE
328  CDC-15  Warning   Clock enable controlled CDC structure detected      0  Asynch Clock Groups  u_rxcdc/mem_reg_0_63_0_6/RAMF/CLK       u_vlan_strip/m_axis_tkeep_reg[1]/D
329  CDC-1   Critical  1-bit unknown CDC circuitry                         0  Asynch Clock Groups  u_rxcdc/mem_reg_192_255_35_41/RAMD/CLK  u_vlan_strip/m_axis_tkeep_reg[2]/CE
330  CDC-15  Warning   Clock enable controlled CDC structure detected      0  Asynch Clock Groups  u_rxcdc/mem_reg_128_191_7_13/RAMD/CLK   u_vlan_strip/m_axis_tkeep_reg[2]/D
331  CDC-1   Critical  1-bit unknown CDC circuitry                         0  Asynch Clock Groups  u_rxcdc/mem_reg_192_255_35_41/RAMD/CLK  u_vlan_strip/m_axis_tkeep_reg[3]/CE
332  CDC-15  Warning   Clock enable controlled CDC structure detected      0  Asynch Clock Groups  u_rxcdc/mem_reg_64_127_0_6/RAMD/CLK     u_vlan_strip/m_axis_tkeep_reg[3]/D
333  CDC-1   Critical  1-bit unknown CDC circuitry                         0  Asynch Clock Groups  u_rxcdc/mem_reg_192_255_35_41/RAMD/CLK  u_vlan_strip/m_axis_tkeep_reg[4]/CE
334  CDC-15  Warning   Clock enable controlled CDC structure detected      0  Asynch Clock Groups  u_rxcdc/mem_reg_64_127_0_6/RAMD/CLK     u_vlan_strip/m_axis_tkeep_reg[4]/D
335  CDC-1   Critical  1-bit unknown CDC circuitry                         0  Asynch Clock Groups  u_rxcdc/mem_reg_192_255_35_41/RAMD/CLK  u_vlan_strip/m_axis_tkeep_reg[5]/CE
336  CDC-15  Warning   Clock enable controlled CDC structure detected      0  Asynch Clock Groups  u_rxcdc/mem_reg_64_127_0_6/RAMD/CLK     u_vlan_strip/m_axis_tkeep_reg[5]/D
337  CDC-1   Critical  1-bit unknown CDC circuitry                         0  Asynch Clock Groups  u_rxcdc/mem_reg_192_255_35_41/RAMD/CLK  u_vlan_strip/m_axis_tkeep_reg[6]/CE
338  CDC-15  Warning   Clock enable controlled CDC structure detected      0  Asynch Clock Groups  u_rxcdc/mem_reg_64_127_0_6/RAMD/CLK     u_vlan_strip/m_axis_tkeep_reg[6]/D
339  CDC-1   Critical  1-bit unknown CDC circuitry                         0  Asynch Clock Groups  u_rxcdc/mem_reg_192_255_35_41/RAMD/CLK  u_vlan_strip/m_axis_tkeep_reg[7]/CE
340  CDC-15  Warning   Clock enable controlled CDC structure detected      0  Asynch Clock Groups  u_rxcdc/mem_reg_64_127_0_6/RAMD/CLK     u_vlan_strip/m_axis_tkeep_reg[7]/D
341  CDC-1   Critical  1-bit unknown CDC circuitry                         0  Asynch Clock Groups  u_rxcdc/mem_reg_192_255_35_41/RAMD/CLK  u_vlan_strip/m_axis_tlast_reg/CE
342  CDC-15  Warning   Clock enable controlled CDC structure detected      0  Asynch Clock Groups  u_rxcdc/mem_reg_0_63_0_6/RAME/CLK       u_vlan_strip/m_axis_tlast_reg/D
343  CDC-1   Critical  1-bit unknown CDC circuitry                         0  Asynch Clock Groups  u_rxcdc/mem_reg_192_255_35_41/RAMD/CLK  u_vlan_strip/m_axis_tuser_reg/CE
344  CDC-15  Warning   Clock enable controlled CDC structure detected      0  Asynch Clock Groups  u_rxcdc/mem_reg_64_127_0_6/RAMD/CLK     u_vlan_strip/m_axis_tuser_reg/D
345  CDC-1   Critical  1-bit unknown CDC circuitry                         0  Asynch Clock Groups  u_rxcdc/mem_reg_192_255_35_41/RAMD/CLK  u_vlan_strip/m_axis_tvalid_reg/D
346  CDC-1   Critical  1-bit unknown CDC circuitry                         0  Asynch Clock Groups  u_rxcdc/mem_reg_64_127_0_6/RAMD/CLK     u_vlan_strip/tail_crs_reg/CE
347  CDC-15  Warning   Clock enable controlled CDC structure detected      0  Asynch Clock Groups  u_rxcdc/mem_reg_192_255_0_6/RAMB/CLK    u_vlan_strip/tail_crs_reg/D
348  CDC-1   Critical  1-bit unknown CDC circuitry                         0  Asynch Clock Groups  u_rxcdc/mem_reg_64_127_0_6/RAMD/CLK     u_vlan_strip/tail_err_reg/CE
349  CDC-15  Warning   Clock enable controlled CDC structure detected      0  Asynch Clock Groups  u_rxcdc/mem_reg_192_255_0_6/RAMA/CLK    u_vlan_strip/tail_err_reg/D

Source Clock: pcie_axi_aclk
Destination Clock: g_hw.clk_out0
CDC Type: No Common Primary Clock

Row  ID     Severity  Description                                              Depth  Exception            Source (From)                                      Destination (To)
---  -----  --------  -------------------------------------------------------  -----  -------------------  -------------------------------------------------  ------------------------------
  1  CDC-9  Info      Asynchronous reset synchronized with ASYNC_REG property      2  Asynch Clock Groups  u_pcie_xdma/inst/pcie4_ip_i/inst/user_reset_reg/C  u_snap_dp/rstb_sync_reg[0]/CLR
  2  CDC-3  Info      1-bit synchronized with ASYNC_REG property                   2  Asynch Clock Groups  u_snap_dp/toggle_a_reg/C                           u_snap_dp/tog_sync_b_reg[0]/D

Source Clock: g_hw.clk_out0
Destination Clock: gmii_clk
CDC Type: No Common Primary Clock

Row  ID      Severity  Description                                     Depth  Exception            Source (From)                           Destination (To)
---  ------  --------  ----------------------------------------------  -----  -------------------  --------------------------------------  --------------------------------------------
  1  CDC-1   Critical  1-bit unknown CDC circuitry                         0  Asynch Clock Groups  u_vlan_strip/m_axis_tkeep_reg[5]/C      rx_trace_rewind_sync_reg[0]/D
  2  CDC-1   Critical  1-bit unknown CDC circuitry                         0  Asynch Clock Groups  u_txcdc/mem_reg_192_255_0_6/RAMA/CLK    u_mac_tx/u_fifo/dout_reg[0]/D
  3  CDC-1   Critical  1-bit unknown CDC circuitry                         0  Asynch Clock Groups  u_txcdc/mem_reg_192_255_0_6/RAMB/CLK    u_mac_tx/u_fifo/dout_reg[1]/D
  4  CDC-1   Critical  1-bit unknown CDC circuitry                         0  Asynch Clock Groups  u_txcdc/mem_reg_192_255_0_6/RAMC/CLK    u_mac_tx/u_fifo/dout_reg[2]/D
  5  CDC-1   Critical  1-bit unknown CDC circuitry                         0  Asynch Clock Groups  u_txcdc/mem_reg_192_255_0_6/RAMD/CLK    u_mac_tx/u_fifo/dout_reg[3]/D
  6  CDC-1   Critical  1-bit unknown CDC circuitry                         0  Asynch Clock Groups  u_txcdc/mem_reg_192_255_0_6/RAME/CLK    u_mac_tx/u_fifo/dout_reg[4]/D
  7  CDC-1   Critical  1-bit unknown CDC circuitry                         0  Asynch Clock Groups  u_txcdc/mem_reg_192_255_0_6/RAMF/CLK    u_mac_tx/u_fifo/dout_reg[5]/D
  8  CDC-1   Critical  1-bit unknown CDC circuitry                         0  Asynch Clock Groups  u_txcdc/mem_reg_192_255_0_6/RAMG/CLK    u_mac_tx/u_fifo/dout_reg[6]/D
  9  CDC-1   Critical  1-bit unknown CDC circuitry                         0  Asynch Clock Groups  u_txcdc/mem_reg_192_255_7_13/RAMA/CLK   u_mac_tx/u_fifo/dout_reg[7]/D
 10  CDC-1   Critical  1-bit unknown CDC circuitry                         0  Asynch Clock Groups  u_txcdc/mem_reg_0_63_7_13/RAMB/CLK      u_mac_tx/u_fifo/dout_reg[8]/D
 11  CDC-1   Critical  1-bit unknown CDC circuitry                         0  Asynch Clock Groups  u_txcdc/mem_reg_192_255_7_13/RAMC/CLK   u_mac_tx/u_fifo/dout_reg[9]/D
 12  CDC-1   Critical  1-bit unknown CDC circuitry                         0  Asynch Clock Groups  u_txcdc/mem_reg_192_255_7_13/RAMD/CLK   u_mac_tx/u_fifo/dout_reg[10]/D
 13  CDC-1   Critical  1-bit unknown CDC circuitry                         0  Asynch Clock Groups  u_txcdc/mem_reg_0_63_7_13/RAME/CLK      u_mac_tx/u_fifo/dout_reg[11]/D
 14  CDC-1   Critical  1-bit unknown CDC circuitry                         0  Asynch Clock Groups  u_txcdc/mem_reg_64_127_7_13/RAMF/CLK    u_mac_tx/u_fifo/dout_reg[12]/D
 15  CDC-1   Critical  1-bit unknown CDC circuitry                         0  Asynch Clock Groups  u_txcdc/mem_reg_192_255_7_13/RAMG/CLK   u_mac_tx/u_fifo/dout_reg[13]/D
 16  CDC-1   Critical  1-bit unknown CDC circuitry                         0  Asynch Clock Groups  u_txcdc/mem_reg_192_255_14_20/RAMA/CLK  u_mac_tx/u_fifo/dout_reg[14]/D
 17  CDC-1   Critical  1-bit unknown CDC circuitry                         0  Asynch Clock Groups  u_txcdc/mem_reg_128_191_14_20/RAMB/CLK  u_mac_tx/u_fifo/dout_reg[15]/D
 18  CDC-1   Critical  1-bit unknown CDC circuitry                         0  Asynch Clock Groups  u_txcdc/mem_reg_0_63_14_20/RAMC/CLK     u_mac_tx/u_fifo/dout_reg[16]/D
 19  CDC-1   Critical  1-bit unknown CDC circuitry                         0  Asynch Clock Groups  u_txcdc/mem_reg_128_191_14_20/RAMD/CLK  u_mac_tx/u_fifo/dout_reg[17]/D
 20  CDC-1   Critical  1-bit unknown CDC circuitry                         0  Asynch Clock Groups  u_txcdc/mem_reg_128_191_14_20/RAME/CLK  u_mac_tx/u_fifo/dout_reg[18]/D
 21  CDC-1   Critical  1-bit unknown CDC circuitry                         0  Asynch Clock Groups  u_txcdc/mem_reg_64_127_14_20/RAMF/CLK   u_mac_tx/u_fifo/dout_reg[19]/D
 22  CDC-1   Critical  1-bit unknown CDC circuitry                         0  Asynch Clock Groups  u_txcdc/mem_reg_128_191_14_20/RAMG/CLK  u_mac_tx/u_fifo/dout_reg[20]/D
 23  CDC-1   Critical  1-bit unknown CDC circuitry                         0  Asynch Clock Groups  u_txcdc/mem_reg_128_191_21_27/RAMA/CLK  u_mac_tx/u_fifo/dout_reg[21]/D
 24  CDC-1   Critical  1-bit unknown CDC circuitry                         0  Asynch Clock Groups  u_txcdc/mem_reg_192_255_21_27/RAMB/CLK  u_mac_tx/u_fifo/dout_reg[22]/D
 25  CDC-1   Critical  1-bit unknown CDC circuitry                         0  Asynch Clock Groups  u_txcdc/mem_reg_64_127_21_27/RAMC/CLK   u_mac_tx/u_fifo/dout_reg[23]/D
 26  CDC-1   Critical  1-bit unknown CDC circuitry                         0  Asynch Clock Groups  u_txcdc/mem_reg_64_127_21_27/RAMD/CLK   u_mac_tx/u_fifo/dout_reg[24]/D
 27  CDC-1   Critical  1-bit unknown CDC circuitry                         0  Asynch Clock Groups  u_txcdc/mem_reg_128_191_21_27/RAME/CLK  u_mac_tx/u_fifo/dout_reg[25]/D
 28  CDC-1   Critical  1-bit unknown CDC circuitry                         0  Asynch Clock Groups  u_txcdc/mem_reg_192_255_21_27/RAMF/CLK  u_mac_tx/u_fifo/dout_reg[26]/D
 29  CDC-1   Critical  1-bit unknown CDC circuitry                         0  Asynch Clock Groups  u_txcdc/mem_reg_0_63_21_27/RAMG/CLK     u_mac_tx/u_fifo/dout_reg[27]/D
 30  CDC-1   Critical  1-bit unknown CDC circuitry                         0  Asynch Clock Groups  u_txcdc/mem_reg_192_255_28_34/RAMA/CLK  u_mac_tx/u_fifo/dout_reg[28]/D
 31  CDC-1   Critical  1-bit unknown CDC circuitry                         0  Asynch Clock Groups  u_txcdc/mem_reg_0_63_28_34/RAMB/CLK     u_mac_tx/u_fifo/dout_reg[29]/D
 32  CDC-1   Critical  1-bit unknown CDC circuitry                         0  Asynch Clock Groups  u_txcdc/mem_reg_0_63_28_34/RAMC/CLK     u_mac_tx/u_fifo/dout_reg[30]/D
 33  CDC-1   Critical  1-bit unknown CDC circuitry                         0  Asynch Clock Groups  u_txcdc/mem_reg_0_63_28_34/RAMD/CLK     u_mac_tx/u_fifo/dout_reg[31]/D
 34  CDC-1   Critical  1-bit unknown CDC circuitry                         0  Asynch Clock Groups  u_txcdc/mem_reg_0_63_28_34/RAME/CLK     u_mac_tx/u_fifo/dout_reg[32]/D
 35  CDC-1   Critical  1-bit unknown CDC circuitry                         0  Asynch Clock Groups  u_txcdc/mem_reg_0_63_28_34/RAMF/CLK     u_mac_tx/u_fifo/dout_reg[33]/D
 36  CDC-1   Critical  1-bit unknown CDC circuitry                         0  Asynch Clock Groups  u_txcdc/mem_reg_192_255_28_34/RAMG/CLK  u_mac_tx/u_fifo/dout_reg[34]/D
 37  CDC-1   Critical  1-bit unknown CDC circuitry                         0  Asynch Clock Groups  u_txcdc/mem_reg_64_127_35_41/RAMA/CLK   u_mac_tx/u_fifo/dout_reg[35]/D
 38  CDC-1   Critical  1-bit unknown CDC circuitry                         0  Asynch Clock Groups  u_txcdc/mem_reg_192_255_35_41/RAMB/CLK  u_mac_tx/u_fifo/dout_reg[36]/D
 39  CDC-1   Critical  1-bit unknown CDC circuitry                         0  Asynch Clock Groups  u_txcdc/mem_reg_192_255_35_41/RAMC/CLK  u_mac_tx/u_fifo/dout_reg[37]/D
 40  CDC-1   Critical  1-bit unknown CDC circuitry                         0  Asynch Clock Groups  u_txcdc/mem_reg_0_63_35_41/RAMD/CLK     u_mac_tx/u_fifo/dout_reg[38]/D
 41  CDC-1   Critical  1-bit unknown CDC circuitry                         0  Asynch Clock Groups  u_txcdc/mem_reg_64_127_35_41/RAME/CLK   u_mac_tx/u_fifo/dout_reg[39]/D
 42  CDC-1   Critical  1-bit unknown CDC circuitry                         0  Asynch Clock Groups  u_txcdc/mem_reg_64_127_35_41/RAMF/CLK   u_mac_tx/u_fifo/dout_reg[40]/D
 43  CDC-1   Critical  1-bit unknown CDC circuitry                         0  Asynch Clock Groups  u_txcdc/mem_reg_128_191_35_41/RAMG/CLK  u_mac_tx/u_fifo/dout_reg[41]/D
 44  CDC-1   Critical  1-bit unknown CDC circuitry                         0  Asynch Clock Groups  u_txcdc/mem_reg_0_63_42_48/RAMA/CLK     u_mac_tx/u_fifo/dout_reg[42]/D
 45  CDC-1   Critical  1-bit unknown CDC circuitry                         0  Asynch Clock Groups  u_txcdc/mem_reg_64_127_42_48/RAMB/CLK   u_mac_tx/u_fifo/dout_reg[43]/D
 46  CDC-1   Critical  1-bit unknown CDC circuitry                         0  Asynch Clock Groups  u_txcdc/mem_reg_64_127_42_48/RAMC/CLK   u_mac_tx/u_fifo/dout_reg[44]/D
 47  CDC-1   Critical  1-bit unknown CDC circuitry                         0  Asynch Clock Groups  u_txcdc/mem_reg_128_191_42_48/RAMD/CLK  u_mac_tx/u_fifo/dout_reg[45]/D
 48  CDC-1   Critical  1-bit unknown CDC circuitry                         0  Asynch Clock Groups  u_txcdc/mem_reg_128_191_42_48/RAME/CLK  u_mac_tx/u_fifo/dout_reg[46]/D
 49  CDC-1   Critical  1-bit unknown CDC circuitry                         0  Asynch Clock Groups  u_txcdc/mem_reg_64_127_42_48/RAMF/CLK   u_mac_tx/u_fifo/dout_reg[47]/D
 50  CDC-1   Critical  1-bit unknown CDC circuitry                         0  Asynch Clock Groups  u_txcdc/mem_reg_64_127_42_48/RAMG/CLK   u_mac_tx/u_fifo/dout_reg[48]/D
 51  CDC-1   Critical  1-bit unknown CDC circuitry                         0  Asynch Clock Groups  u_txcdc/mem_reg_192_255_49_55/RAMA/CLK  u_mac_tx/u_fifo/dout_reg[49]/D
 52  CDC-1   Critical  1-bit unknown CDC circuitry                         0  Asynch Clock Groups  u_txcdc/mem_reg_64_127_49_55/RAMB/CLK   u_mac_tx/u_fifo/dout_reg[50]/D
 53  CDC-1   Critical  1-bit unknown CDC circuitry                         0  Asynch Clock Groups  u_txcdc/mem_reg_64_127_49_55/RAMC/CLK   u_mac_tx/u_fifo/dout_reg[51]/D
 54  CDC-1   Critical  1-bit unknown CDC circuitry                         0  Asynch Clock Groups  u_txcdc/mem_reg_192_255_49_55/RAMD/CLK  u_mac_tx/u_fifo/dout_reg[52]/D
 55  CDC-1   Critical  1-bit unknown CDC circuitry                         0  Asynch Clock Groups  u_txcdc/mem_reg_192_255_49_55/RAME/CLK  u_mac_tx/u_fifo/dout_reg[53]/D
 56  CDC-1   Critical  1-bit unknown CDC circuitry                         0  Asynch Clock Groups  u_txcdc/mem_reg_0_63_49_55/RAMF/CLK     u_mac_tx/u_fifo/dout_reg[54]/D
 57  CDC-1   Critical  1-bit unknown CDC circuitry                         0  Asynch Clock Groups  u_txcdc/mem_reg_192_255_49_55/RAMG/CLK  u_mac_tx/u_fifo/dout_reg[55]/D
 58  CDC-1   Critical  1-bit unknown CDC circuitry                         0  Asynch Clock Groups  u_txcdc/mem_reg_64_127_56_62/RAMA/CLK   u_mac_tx/u_fifo/dout_reg[56]/D
 59  CDC-1   Critical  1-bit unknown CDC circuitry                         0  Asynch Clock Groups  u_txcdc/mem_reg_64_127_56_62/RAMB/CLK   u_mac_tx/u_fifo/dout_reg[57]/D
 60  CDC-1   Critical  1-bit unknown CDC circuitry                         0  Asynch Clock Groups  u_txcdc/mem_reg_0_63_56_62/RAMC/CLK     u_mac_tx/u_fifo/dout_reg[58]/D
 61  CDC-1   Critical  1-bit unknown CDC circuitry                         0  Asynch Clock Groups  u_txcdc/mem_reg_0_63_56_62/RAMD/CLK     u_mac_tx/u_fifo/dout_reg[59]/D
 62  CDC-1   Critical  1-bit unknown CDC circuitry                         0  Asynch Clock Groups  u_txcdc/mem_reg_64_127_56_62/RAME/CLK   u_mac_tx/u_fifo/dout_reg[60]/D
 63  CDC-1   Critical  1-bit unknown CDC circuitry                         0  Asynch Clock Groups  u_txcdc/mem_reg_64_127_56_62/RAMF/CLK   u_mac_tx/u_fifo/dout_reg[61]/D
 64  CDC-1   Critical  1-bit unknown CDC circuitry                         0  Asynch Clock Groups  u_txcdc/mem_reg_192_255_56_62/RAMG/CLK  u_mac_tx/u_fifo/dout_reg[62]/D
 65  CDC-1   Critical  1-bit unknown CDC circuitry                         0  Asynch Clock Groups  u_txcdc/mem_reg_192_255_63_69/RAMA/CLK  u_mac_tx/u_fifo/dout_reg[63]/D
 66  CDC-1   Critical  1-bit unknown CDC circuitry                         0  Asynch Clock Groups  u_txcdc/mem_reg_64_127_63_69/RAMB/CLK   u_mac_tx/u_fifo/dout_reg[64]/D
 67  CDC-1   Critical  1-bit unknown CDC circuitry                         0  Asynch Clock Groups  u_txcdc/mem_reg_128_191_63_69/RAMC/CLK  u_mac_tx/u_fifo/dout_reg[65]/D
 68  CDC-1   Critical  1-bit unknown CDC circuitry                         0  Asynch Clock Groups  u_txcdc/mem_reg_64_127_63_69/RAMD/CLK   u_mac_tx/u_fifo/dout_reg[66]/D
 69  CDC-1   Critical  1-bit unknown CDC circuitry                         0  Asynch Clock Groups  u_txcdc/mem_reg_64_127_63_69/RAME/CLK   u_mac_tx/u_fifo/dout_reg[67]/D
 70  CDC-1   Critical  1-bit unknown CDC circuitry                         0  Asynch Clock Groups  u_txcdc/mem_reg_0_63_63_69/RAMF/CLK     u_mac_tx/u_fifo/dout_reg[68]/D
 71  CDC-1   Critical  1-bit unknown CDC circuitry                         0  Asynch Clock Groups  u_txcdc/mem_reg_64_127_63_69/RAMG/CLK   u_mac_tx/u_fifo/dout_reg[69]/D
 72  CDC-1   Critical  1-bit unknown CDC circuitry                         0  Asynch Clock Groups  u_txcdc/mem_reg_128_191_70_72/RAMA/CLK  u_mac_tx/u_fifo/dout_reg[70]/D
 73  CDC-1   Critical  1-bit unknown CDC circuitry                         0  Asynch Clock Groups  u_txcdc/mem_reg_192_255_70_72/RAMB/CLK  u_mac_tx/u_fifo/dout_reg[71]/D
 74  CDC-1   Critical  1-bit unknown CDC circuitry                         0  Asynch Clock Groups  u_txcdc/mem_reg_192_255_70_72/RAMC/CLK  u_mac_tx/u_fifo/dout_reg[72]/D
 75  CDC-13  Critical  1-bit CDC path on a non-FD primitive                0  Asynch Clock Groups  u_txcdc/mem_reg_192_255_0_6/RAMA/CLK    u_mac_tx/u_fifo/mem_reg_0_15_0_13/RAMA/I
 76  CDC-13  Critical  1-bit CDC path on a non-FD primitive                0  Asynch Clock Groups  u_txcdc/mem_reg_192_255_0_6/RAMB/CLK    u_mac_tx/u_fifo/mem_reg_0_15_0_13/RAMA_D1/I
 77  CDC-13  Critical  1-bit CDC path on a non-FD primitive                0  Asynch Clock Groups  u_txcdc/mem_reg_192_255_0_6/RAMC/CLK    u_mac_tx/u_fifo/mem_reg_0_15_0_13/RAMB/I
 78  CDC-13  Critical  1-bit CDC path on a non-FD primitive                0  Asynch Clock Groups  u_txcdc/mem_reg_192_255_0_6/RAMD/CLK    u_mac_tx/u_fifo/mem_reg_0_15_0_13/RAMB_D1/I
 79  CDC-13  Critical  1-bit CDC path on a non-FD primitive                0  Asynch Clock Groups  u_txcdc/mem_reg_192_255_0_6/RAME/CLK    u_mac_tx/u_fifo/mem_reg_0_15_0_13/RAMC/I
 80  CDC-13  Critical  1-bit CDC path on a non-FD primitive                0  Asynch Clock Groups  u_txcdc/mem_reg_192_255_0_6/RAMF/CLK    u_mac_tx/u_fifo/mem_reg_0_15_0_13/RAMC_D1/I
 81  CDC-13  Critical  1-bit CDC path on a non-FD primitive                0  Asynch Clock Groups  u_txcdc/mem_reg_192_255_0_6/RAMG/CLK    u_mac_tx/u_fifo/mem_reg_0_15_0_13/RAMD/I
 82  CDC-13  Critical  1-bit CDC path on a non-FD primitive                0  Asynch Clock Groups  u_txcdc/mem_reg_192_255_7_13/RAMA/CLK   u_mac_tx/u_fifo/mem_reg_0_15_0_13/RAMD_D1/I
 83  CDC-13  Critical  1-bit CDC path on a non-FD primitive                0  Asynch Clock Groups  u_txcdc/mem_reg_0_63_7_13/RAMB/CLK      u_mac_tx/u_fifo/mem_reg_0_15_0_13/RAME/I
 84  CDC-13  Critical  1-bit CDC path on a non-FD primitive                0  Asynch Clock Groups  u_txcdc/mem_reg_192_255_7_13/RAMC/CLK   u_mac_tx/u_fifo/mem_reg_0_15_0_13/RAME_D1/I
 85  CDC-13  Critical  1-bit CDC path on a non-FD primitive                0  Asynch Clock Groups  u_txcdc/mem_reg_192_255_7_13/RAMD/CLK   u_mac_tx/u_fifo/mem_reg_0_15_0_13/RAMF/I
 86  CDC-13  Critical  1-bit CDC path on a non-FD primitive                0  Asynch Clock Groups  u_txcdc/mem_reg_0_63_7_13/RAME/CLK      u_mac_tx/u_fifo/mem_reg_0_15_0_13/RAMF_D1/I
 87  CDC-13  Critical  1-bit CDC path on a non-FD primitive                0  Asynch Clock Groups  u_txcdc/mem_reg_64_127_7_13/RAMF/CLK    u_mac_tx/u_fifo/mem_reg_0_15_0_13/RAMG/I
 88  CDC-13  Critical  1-bit CDC path on a non-FD primitive                0  Asynch Clock Groups  u_txcdc/mem_reg_192_255_7_13/RAMG/CLK   u_mac_tx/u_fifo/mem_reg_0_15_0_13/RAMG_D1/I
 89  CDC-13  Critical  1-bit CDC path on a non-FD primitive                0  Asynch Clock Groups  u_txcdc/mem_reg_192_255_14_20/RAMA/CLK  u_mac_tx/u_fifo/mem_reg_0_15_14_27/RAMA/I
 90  CDC-13  Critical  1-bit CDC path on a non-FD primitive                0  Asynch Clock Groups  u_txcdc/mem_reg_128_191_14_20/RAMB/CLK  u_mac_tx/u_fifo/mem_reg_0_15_14_27/RAMA_D1/I
 91  CDC-13  Critical  1-bit CDC path on a non-FD primitive                0  Asynch Clock Groups  u_txcdc/mem_reg_0_63_14_20/RAMC/CLK     u_mac_tx/u_fifo/mem_reg_0_15_14_27/RAMB/I
 92  CDC-13  Critical  1-bit CDC path on a non-FD primitive                0  Asynch Clock Groups  u_txcdc/mem_reg_128_191_14_20/RAMD/CLK  u_mac_tx/u_fifo/mem_reg_0_15_14_27/RAMB_D1/I
 93  CDC-13  Critical  1-bit CDC path on a non-FD primitive                0  Asynch Clock Groups  u_txcdc/mem_reg_128_191_14_20/RAME/CLK  u_mac_tx/u_fifo/mem_reg_0_15_14_27/RAMC/I
 94  CDC-13  Critical  1-bit CDC path on a non-FD primitive                0  Asynch Clock Groups  u_txcdc/mem_reg_64_127_14_20/RAMF/CLK   u_mac_tx/u_fifo/mem_reg_0_15_14_27/RAMC_D1/I
 95  CDC-13  Critical  1-bit CDC path on a non-FD primitive                0  Asynch Clock Groups  u_txcdc/mem_reg_128_191_14_20/RAMG/CLK  u_mac_tx/u_fifo/mem_reg_0_15_14_27/RAMD/I
 96  CDC-13  Critical  1-bit CDC path on a non-FD primitive                0  Asynch Clock Groups  u_txcdc/mem_reg_128_191_21_27/RAMA/CLK  u_mac_tx/u_fifo/mem_reg_0_15_14_27/RAMD_D1/I
 97  CDC-13  Critical  1-bit CDC path on a non-FD primitive                0  Asynch Clock Groups  u_txcdc/mem_reg_192_255_21_27/RAMB/CLK  u_mac_tx/u_fifo/mem_reg_0_15_14_27/RAME/I
 98  CDC-13  Critical  1-bit CDC path on a non-FD primitive                0  Asynch Clock Groups  u_txcdc/mem_reg_64_127_21_27/RAMC/CLK   u_mac_tx/u_fifo/mem_reg_0_15_14_27/RAME_D1/I
 99  CDC-13  Critical  1-bit CDC path on a non-FD primitive                0  Asynch Clock Groups  u_txcdc/mem_reg_64_127_21_27/RAMD/CLK   u_mac_tx/u_fifo/mem_reg_0_15_14_27/RAMF/I
100  CDC-13  Critical  1-bit CDC path on a non-FD primitive                0  Asynch Clock Groups  u_txcdc/mem_reg_128_191_21_27/RAME/CLK  u_mac_tx/u_fifo/mem_reg_0_15_14_27/RAMF_D1/I
101  CDC-13  Critical  1-bit CDC path on a non-FD primitive                0  Asynch Clock Groups  u_txcdc/mem_reg_192_255_21_27/RAMF/CLK  u_mac_tx/u_fifo/mem_reg_0_15_14_27/RAMG/I
102  CDC-13  Critical  1-bit CDC path on a non-FD primitive                0  Asynch Clock Groups  u_txcdc/mem_reg_0_63_21_27/RAMG/CLK     u_mac_tx/u_fifo/mem_reg_0_15_14_27/RAMG_D1/I
103  CDC-13  Critical  1-bit CDC path on a non-FD primitive                0  Asynch Clock Groups  u_txcdc/mem_reg_192_255_28_34/RAMA/CLK  u_mac_tx/u_fifo/mem_reg_0_15_28_41/RAMA/I
104  CDC-13  Critical  1-bit CDC path on a non-FD primitive                0  Asynch Clock Groups  u_txcdc/mem_reg_0_63_28_34/RAMB/CLK     u_mac_tx/u_fifo/mem_reg_0_15_28_41/RAMA_D1/I
105  CDC-13  Critical  1-bit CDC path on a non-FD primitive                0  Asynch Clock Groups  u_txcdc/mem_reg_0_63_28_34/RAMC/CLK     u_mac_tx/u_fifo/mem_reg_0_15_28_41/RAMB/I
106  CDC-13  Critical  1-bit CDC path on a non-FD primitive                0  Asynch Clock Groups  u_txcdc/mem_reg_0_63_28_34/RAMD/CLK     u_mac_tx/u_fifo/mem_reg_0_15_28_41/RAMB_D1/I
107  CDC-13  Critical  1-bit CDC path on a non-FD primitive                0  Asynch Clock Groups  u_txcdc/mem_reg_0_63_28_34/RAME/CLK     u_mac_tx/u_fifo/mem_reg_0_15_28_41/RAMC/I
108  CDC-13  Critical  1-bit CDC path on a non-FD primitive                0  Asynch Clock Groups  u_txcdc/mem_reg_0_63_28_34/RAMF/CLK     u_mac_tx/u_fifo/mem_reg_0_15_28_41/RAMC_D1/I
109  CDC-13  Critical  1-bit CDC path on a non-FD primitive                0  Asynch Clock Groups  u_txcdc/mem_reg_192_255_28_34/RAMG/CLK  u_mac_tx/u_fifo/mem_reg_0_15_28_41/RAMD/I
110  CDC-13  Critical  1-bit CDC path on a non-FD primitive                0  Asynch Clock Groups  u_txcdc/mem_reg_64_127_35_41/RAMA/CLK   u_mac_tx/u_fifo/mem_reg_0_15_28_41/RAMD_D1/I
111  CDC-13  Critical  1-bit CDC path on a non-FD primitive                0  Asynch Clock Groups  u_txcdc/mem_reg_192_255_35_41/RAMB/CLK  u_mac_tx/u_fifo/mem_reg_0_15_28_41/RAME/I
112  CDC-13  Critical  1-bit CDC path on a non-FD primitive                0  Asynch Clock Groups  u_txcdc/mem_reg_192_255_35_41/RAMC/CLK  u_mac_tx/u_fifo/mem_reg_0_15_28_41/RAME_D1/I
113  CDC-13  Critical  1-bit CDC path on a non-FD primitive                0  Asynch Clock Groups  u_txcdc/mem_reg_0_63_35_41/RAMD/CLK     u_mac_tx/u_fifo/mem_reg_0_15_28_41/RAMF/I
114  CDC-13  Critical  1-bit CDC path on a non-FD primitive                0  Asynch Clock Groups  u_txcdc/mem_reg_64_127_35_41/RAME/CLK   u_mac_tx/u_fifo/mem_reg_0_15_28_41/RAMF_D1/I
115  CDC-13  Critical  1-bit CDC path on a non-FD primitive                0  Asynch Clock Groups  u_txcdc/mem_reg_64_127_35_41/RAMF/CLK   u_mac_tx/u_fifo/mem_reg_0_15_28_41/RAMG/I
116  CDC-13  Critical  1-bit CDC path on a non-FD primitive                0  Asynch Clock Groups  u_txcdc/mem_reg_128_191_35_41/RAMG/CLK  u_mac_tx/u_fifo/mem_reg_0_15_28_41/RAMG_D1/I
117  CDC-13  Critical  1-bit CDC path on a non-FD primitive                0  Asynch Clock Groups  u_txcdc/mem_reg_0_63_42_48/RAMA/CLK     u_mac_tx/u_fifo/mem_reg_0_15_42_55/RAMA/I
118  CDC-13  Critical  1-bit CDC path on a non-FD primitive                0  Asynch Clock Groups  u_txcdc/mem_reg_64_127_42_48/RAMB/CLK   u_mac_tx/u_fifo/mem_reg_0_15_42_55/RAMA_D1/I
119  CDC-13  Critical  1-bit CDC path on a non-FD primitive                0  Asynch Clock Groups  u_txcdc/mem_reg_64_127_42_48/RAMC/CLK   u_mac_tx/u_fifo/mem_reg_0_15_42_55/RAMB/I
120  CDC-13  Critical  1-bit CDC path on a non-FD primitive                0  Asynch Clock Groups  u_txcdc/mem_reg_128_191_42_48/RAMD/CLK  u_mac_tx/u_fifo/mem_reg_0_15_42_55/RAMB_D1/I
121  CDC-13  Critical  1-bit CDC path on a non-FD primitive                0  Asynch Clock Groups  u_txcdc/mem_reg_128_191_42_48/RAME/CLK  u_mac_tx/u_fifo/mem_reg_0_15_42_55/RAMC/I
122  CDC-13  Critical  1-bit CDC path on a non-FD primitive                0  Asynch Clock Groups  u_txcdc/mem_reg_64_127_42_48/RAMF/CLK   u_mac_tx/u_fifo/mem_reg_0_15_42_55/RAMC_D1/I
123  CDC-13  Critical  1-bit CDC path on a non-FD primitive                0  Asynch Clock Groups  u_txcdc/mem_reg_64_127_42_48/RAMG/CLK   u_mac_tx/u_fifo/mem_reg_0_15_42_55/RAMD/I
124  CDC-13  Critical  1-bit CDC path on a non-FD primitive                0  Asynch Clock Groups  u_txcdc/mem_reg_192_255_49_55/RAMA/CLK  u_mac_tx/u_fifo/mem_reg_0_15_42_55/RAMD_D1/I
125  CDC-13  Critical  1-bit CDC path on a non-FD primitive                0  Asynch Clock Groups  u_txcdc/mem_reg_64_127_49_55/RAMB/CLK   u_mac_tx/u_fifo/mem_reg_0_15_42_55/RAME/I
126  CDC-13  Critical  1-bit CDC path on a non-FD primitive                0  Asynch Clock Groups  u_txcdc/mem_reg_64_127_49_55/RAMC/CLK   u_mac_tx/u_fifo/mem_reg_0_15_42_55/RAME_D1/I
127  CDC-13  Critical  1-bit CDC path on a non-FD primitive                0  Asynch Clock Groups  u_txcdc/mem_reg_192_255_49_55/RAMD/CLK  u_mac_tx/u_fifo/mem_reg_0_15_42_55/RAMF/I
128  CDC-13  Critical  1-bit CDC path on a non-FD primitive                0  Asynch Clock Groups  u_txcdc/mem_reg_192_255_49_55/RAME/CLK  u_mac_tx/u_fifo/mem_reg_0_15_42_55/RAMF_D1/I
129  CDC-13  Critical  1-bit CDC path on a non-FD primitive                0  Asynch Clock Groups  u_txcdc/mem_reg_0_63_49_55/RAMF/CLK     u_mac_tx/u_fifo/mem_reg_0_15_42_55/RAMG/I
130  CDC-13  Critical  1-bit CDC path on a non-FD primitive                0  Asynch Clock Groups  u_txcdc/mem_reg_192_255_49_55/RAMG/CLK  u_mac_tx/u_fifo/mem_reg_0_15_42_55/RAMG_D1/I
131  CDC-13  Critical  1-bit CDC path on a non-FD primitive                0  Asynch Clock Groups  u_txcdc/mem_reg_64_127_56_62/RAMA/CLK   u_mac_tx/u_fifo/mem_reg_0_15_56_69/RAMA/I
132  CDC-13  Critical  1-bit CDC path on a non-FD primitive                0  Asynch Clock Groups  u_txcdc/mem_reg_64_127_56_62/RAMB/CLK   u_mac_tx/u_fifo/mem_reg_0_15_56_69/RAMA_D1/I
133  CDC-13  Critical  1-bit CDC path on a non-FD primitive                0  Asynch Clock Groups  u_txcdc/mem_reg_0_63_56_62/RAMC/CLK     u_mac_tx/u_fifo/mem_reg_0_15_56_69/RAMB/I
134  CDC-13  Critical  1-bit CDC path on a non-FD primitive                0  Asynch Clock Groups  u_txcdc/mem_reg_0_63_56_62/RAMD/CLK     u_mac_tx/u_fifo/mem_reg_0_15_56_69/RAMB_D1/I
135  CDC-13  Critical  1-bit CDC path on a non-FD primitive                0  Asynch Clock Groups  u_txcdc/mem_reg_64_127_56_62/RAME/CLK   u_mac_tx/u_fifo/mem_reg_0_15_56_69/RAMC/I
136  CDC-13  Critical  1-bit CDC path on a non-FD primitive                0  Asynch Clock Groups  u_txcdc/mem_reg_64_127_56_62/RAMF/CLK   u_mac_tx/u_fifo/mem_reg_0_15_56_69/RAMC_D1/I
137  CDC-13  Critical  1-bit CDC path on a non-FD primitive                0  Asynch Clock Groups  u_txcdc/mem_reg_192_255_56_62/RAMG/CLK  u_mac_tx/u_fifo/mem_reg_0_15_56_69/RAMD/I
138  CDC-13  Critical  1-bit CDC path on a non-FD primitive                0  Asynch Clock Groups  u_txcdc/mem_reg_192_255_63_69/RAMA/CLK  u_mac_tx/u_fifo/mem_reg_0_15_56_69/RAMD_D1/I
139  CDC-13  Critical  1-bit CDC path on a non-FD primitive                0  Asynch Clock Groups  u_txcdc/mem_reg_64_127_63_69/RAMB/CLK   u_mac_tx/u_fifo/mem_reg_0_15_56_69/RAME/I
140  CDC-13  Critical  1-bit CDC path on a non-FD primitive                0  Asynch Clock Groups  u_txcdc/mem_reg_128_191_63_69/RAMC/CLK  u_mac_tx/u_fifo/mem_reg_0_15_56_69/RAME_D1/I
141  CDC-13  Critical  1-bit CDC path on a non-FD primitive                0  Asynch Clock Groups  u_txcdc/mem_reg_64_127_63_69/RAMD/CLK   u_mac_tx/u_fifo/mem_reg_0_15_56_69/RAMF/I
142  CDC-13  Critical  1-bit CDC path on a non-FD primitive                0  Asynch Clock Groups  u_txcdc/mem_reg_64_127_63_69/RAME/CLK   u_mac_tx/u_fifo/mem_reg_0_15_56_69/RAMF_D1/I
143  CDC-13  Critical  1-bit CDC path on a non-FD primitive                0  Asynch Clock Groups  u_txcdc/mem_reg_0_63_63_69/RAMF/CLK     u_mac_tx/u_fifo/mem_reg_0_15_56_69/RAMG/I
144  CDC-13  Critical  1-bit CDC path on a non-FD primitive                0  Asynch Clock Groups  u_txcdc/mem_reg_64_127_63_69/RAMG/CLK   u_mac_tx/u_fifo/mem_reg_0_15_56_69/RAMG_D1/I
145  CDC-13  Critical  1-bit CDC path on a non-FD primitive                0  Asynch Clock Groups  u_txcdc/mem_reg_128_191_70_72/RAMA/CLK  u_mac_tx/u_fifo/mem_reg_0_15_70_72/RAMA/I
146  CDC-13  Critical  1-bit CDC path on a non-FD primitive                0  Asynch Clock Groups  u_txcdc/mem_reg_192_255_70_72/RAMB/CLK  u_mac_tx/u_fifo/mem_reg_0_15_70_72/RAMA_D1/I
147  CDC-13  Critical  1-bit CDC path on a non-FD primitive                0  Asynch Clock Groups  u_txcdc/mem_reg_192_255_70_72/RAMC/CLK  u_mac_tx/u_fifo/mem_reg_0_15_70_72/RAMB/I
148  CDC-6   Warning   Multi-bit synchronized with ASYNC_REG property      2  Asynch Clock Groups  u_rxcdc/rgray_r_reg[7:0]/C              u_rxcdc/rgray_s1_w_reg[7:0]/D
149  CDC-3   Info      1-bit synchronized with ASYNC_REG property          2  Asynch Clock Groups  u_rxcdc/rbin_r_reg[8]/C                 u_rxcdc/rgray_s1_w_reg[8]/D
150  CDC-6   Warning   Multi-bit synchronized with ASYNC_REG property      2  Asynch Clock Groups  u_txcdc/wgray_r_reg[7:0]/C              u_txcdc/wgray_s1_r_reg[7:0]/D
151  CDC-3   Info      1-bit synchronized with ASYNC_REG property          2  Asynch Clock Groups  u_txcdc/wbin_r_reg[8]/C                 u_txcdc/wgray_s1_r_reg[8]/D

Source Clock: pcie_axi_aclk
Destination Clock: gmii_clk
CDC Type: No Common Primary Clock

Row  ID     Severity  Description                                              Depth  Exception            Source (From)                                      Destination (To)
---  -----  --------  -------------------------------------------------------  -----  -------------------  -------------------------------------------------  ------------------------------
  1  CDC-9  Info      Asynchronous reset synchronized with ASYNC_REG property      2  Asynch Clock Groups  u_pcie_xdma/inst/pcie4_ip_i/inst/user_reset_reg/C  u_snap_fe/rstb_sync_reg[0]/CLR
  2  CDC-3  Info      1-bit synchronized with ASYNC_REG property                   2  Asynch Clock Groups  u_snap_fe/toggle_a_reg/C                           u_snap_fe/tog_sync_b_reg[0]/D

Source Clock: g_hw.clk_out0
Destination Clock: pcie_axi_aclk
CDC Type: No Common Primary Clock

Row  ID      Severity  Description                                     Depth  Exception            Source (From)                Destination (To)
---  ------  --------  ----------------------------------------------  -----  -------------------  ---------------------------  -----------------------------
  1  CDC-3   Info      1-bit synchronized with ASYNC_REG property          3  Asynch Clock Groups  u_snap_dp/ack_b_reg/C        u_snap_dp/ack_sync_a_reg[0]/D
  2  CDC-15  Warning   Clock enable controlled CDC structure detected      0  Asynch Clock Groups  u_snap_dp/hold_b_reg[0]/C    u_snap_dp/dout_a_reg[0]/D
  3  CDC-15  Warning   Clock enable controlled CDC structure detected      0  Asynch Clock Groups  u_snap_dp/hold_b_reg[1]/C    u_snap_dp/dout_a_reg[1]/D
  4  CDC-15  Warning   Clock enable controlled CDC structure detected      0  Asynch Clock Groups  u_snap_dp/hold_b_reg[2]/C    u_snap_dp/dout_a_reg[2]/D
  5  CDC-15  Warning   Clock enable controlled CDC structure detected      0  Asynch Clock Groups  u_snap_dp/hold_b_reg[3]/C    u_snap_dp/dout_a_reg[3]/D
  6  CDC-15  Warning   Clock enable controlled CDC structure detected      0  Asynch Clock Groups  u_snap_dp/hold_b_reg[4]/C    u_snap_dp/dout_a_reg[4]/D
  7  CDC-15  Warning   Clock enable controlled CDC structure detected      0  Asynch Clock Groups  u_snap_dp/hold_b_reg[5]/C    u_snap_dp/dout_a_reg[5]/D
  8  CDC-15  Warning   Clock enable controlled CDC structure detected      0  Asynch Clock Groups  u_snap_dp/hold_b_reg[6]/C    u_snap_dp/dout_a_reg[6]/D
  9  CDC-15  Warning   Clock enable controlled CDC structure detected      0  Asynch Clock Groups  u_snap_dp/hold_b_reg[7]/C    u_snap_dp/dout_a_reg[7]/D
 10  CDC-15  Warning   Clock enable controlled CDC structure detected      0  Asynch Clock Groups  u_snap_dp/hold_b_reg[8]/C    u_snap_dp/dout_a_reg[8]/D
 11  CDC-15  Warning   Clock enable controlled CDC structure detected      0  Asynch Clock Groups  u_snap_dp/hold_b_reg[9]/C    u_snap_dp/dout_a_reg[9]/D
 12  CDC-15  Warning   Clock enable controlled CDC structure detected      0  Asynch Clock Groups  u_snap_dp/hold_b_reg[10]/C   u_snap_dp/dout_a_reg[10]/D
 13  CDC-15  Warning   Clock enable controlled CDC structure detected      0  Asynch Clock Groups  u_snap_dp/hold_b_reg[11]/C   u_snap_dp/dout_a_reg[11]/D
 14  CDC-15  Warning   Clock enable controlled CDC structure detected      0  Asynch Clock Groups  u_snap_dp/hold_b_reg[12]/C   u_snap_dp/dout_a_reg[12]/D
 15  CDC-15  Warning   Clock enable controlled CDC structure detected      0  Asynch Clock Groups  u_snap_dp/hold_b_reg[13]/C   u_snap_dp/dout_a_reg[13]/D
 16  CDC-15  Warning   Clock enable controlled CDC structure detected      0  Asynch Clock Groups  u_snap_dp/hold_b_reg[14]/C   u_snap_dp/dout_a_reg[14]/D
 17  CDC-15  Warning   Clock enable controlled CDC structure detected      0  Asynch Clock Groups  u_snap_dp/hold_b_reg[15]/C   u_snap_dp/dout_a_reg[15]/D
 18  CDC-15  Warning   Clock enable controlled CDC structure detected      0  Asynch Clock Groups  u_snap_dp/hold_b_reg[16]/C   u_snap_dp/dout_a_reg[16]/D
 19  CDC-15  Warning   Clock enable controlled CDC structure detected      0  Asynch Clock Groups  u_snap_dp/hold_b_reg[17]/C   u_snap_dp/dout_a_reg[17]/D
 20  CDC-15  Warning   Clock enable controlled CDC structure detected      0  Asynch Clock Groups  u_snap_dp/hold_b_reg[18]/C   u_snap_dp/dout_a_reg[18]/D
 21  CDC-15  Warning   Clock enable controlled CDC structure detected      0  Asynch Clock Groups  u_snap_dp/hold_b_reg[19]/C   u_snap_dp/dout_a_reg[19]/D
 22  CDC-15  Warning   Clock enable controlled CDC structure detected      0  Asynch Clock Groups  u_snap_dp/hold_b_reg[20]/C   u_snap_dp/dout_a_reg[20]/D
 23  CDC-15  Warning   Clock enable controlled CDC structure detected      0  Asynch Clock Groups  u_snap_dp/hold_b_reg[21]/C   u_snap_dp/dout_a_reg[21]/D
 24  CDC-15  Warning   Clock enable controlled CDC structure detected      0  Asynch Clock Groups  u_snap_dp/hold_b_reg[22]/C   u_snap_dp/dout_a_reg[22]/D
 25  CDC-15  Warning   Clock enable controlled CDC structure detected      0  Asynch Clock Groups  u_snap_dp/hold_b_reg[23]/C   u_snap_dp/dout_a_reg[23]/D
 26  CDC-15  Warning   Clock enable controlled CDC structure detected      0  Asynch Clock Groups  u_snap_dp/hold_b_reg[24]/C   u_snap_dp/dout_a_reg[24]/D
 27  CDC-15  Warning   Clock enable controlled CDC structure detected      0  Asynch Clock Groups  u_snap_dp/hold_b_reg[25]/C   u_snap_dp/dout_a_reg[25]/D
 28  CDC-15  Warning   Clock enable controlled CDC structure detected      0  Asynch Clock Groups  u_snap_dp/hold_b_reg[26]/C   u_snap_dp/dout_a_reg[26]/D
 29  CDC-15  Warning   Clock enable controlled CDC structure detected      0  Asynch Clock Groups  u_snap_dp/hold_b_reg[27]/C   u_snap_dp/dout_a_reg[27]/D
 30  CDC-15  Warning   Clock enable controlled CDC structure detected      0  Asynch Clock Groups  u_snap_dp/hold_b_reg[28]/C   u_snap_dp/dout_a_reg[28]/D
 31  CDC-15  Warning   Clock enable controlled CDC structure detected      0  Asynch Clock Groups  u_snap_dp/hold_b_reg[29]/C   u_snap_dp/dout_a_reg[29]/D
 32  CDC-15  Warning   Clock enable controlled CDC structure detected      0  Asynch Clock Groups  u_snap_dp/hold_b_reg[30]/C   u_snap_dp/dout_a_reg[30]/D
 33  CDC-15  Warning   Clock enable controlled CDC structure detected      0  Asynch Clock Groups  u_snap_dp/hold_b_reg[31]/C   u_snap_dp/dout_a_reg[31]/D
 34  CDC-15  Warning   Clock enable controlled CDC structure detected      0  Asynch Clock Groups  u_snap_dp/hold_b_reg[32]/C   u_snap_dp/dout_a_reg[32]/D
 35  CDC-15  Warning   Clock enable controlled CDC structure detected      0  Asynch Clock Groups  u_snap_dp/hold_b_reg[33]/C   u_snap_dp/dout_a_reg[33]/D
 36  CDC-15  Warning   Clock enable controlled CDC structure detected      0  Asynch Clock Groups  u_snap_dp/hold_b_reg[34]/C   u_snap_dp/dout_a_reg[34]/D
 37  CDC-15  Warning   Clock enable controlled CDC structure detected      0  Asynch Clock Groups  u_snap_dp/hold_b_reg[35]/C   u_snap_dp/dout_a_reg[35]/D
 38  CDC-15  Warning   Clock enable controlled CDC structure detected      0  Asynch Clock Groups  u_snap_dp/hold_b_reg[36]/C   u_snap_dp/dout_a_reg[36]/D
 39  CDC-15  Warning   Clock enable controlled CDC structure detected      0  Asynch Clock Groups  u_snap_dp/hold_b_reg[37]/C   u_snap_dp/dout_a_reg[37]/D
 40  CDC-15  Warning   Clock enable controlled CDC structure detected      0  Asynch Clock Groups  u_snap_dp/hold_b_reg[38]/C   u_snap_dp/dout_a_reg[38]/D
 41  CDC-15  Warning   Clock enable controlled CDC structure detected      0  Asynch Clock Groups  u_snap_dp/hold_b_reg[39]/C   u_snap_dp/dout_a_reg[39]/D
 42  CDC-15  Warning   Clock enable controlled CDC structure detected      0  Asynch Clock Groups  u_snap_dp/hold_b_reg[40]/C   u_snap_dp/dout_a_reg[40]/D
 43  CDC-15  Warning   Clock enable controlled CDC structure detected      0  Asynch Clock Groups  u_snap_dp/hold_b_reg[41]/C   u_snap_dp/dout_a_reg[41]/D
 44  CDC-15  Warning   Clock enable controlled CDC structure detected      0  Asynch Clock Groups  u_snap_dp/hold_b_reg[42]/C   u_snap_dp/dout_a_reg[42]/D
 45  CDC-15  Warning   Clock enable controlled CDC structure detected      0  Asynch Clock Groups  u_snap_dp/hold_b_reg[43]/C   u_snap_dp/dout_a_reg[43]/D
 46  CDC-15  Warning   Clock enable controlled CDC structure detected      0  Asynch Clock Groups  u_snap_dp/hold_b_reg[44]/C   u_snap_dp/dout_a_reg[44]/D
 47  CDC-15  Warning   Clock enable controlled CDC structure detected      0  Asynch Clock Groups  u_snap_dp/hold_b_reg[45]/C   u_snap_dp/dout_a_reg[45]/D
 48  CDC-15  Warning   Clock enable controlled CDC structure detected      0  Asynch Clock Groups  u_snap_dp/hold_b_reg[46]/C   u_snap_dp/dout_a_reg[46]/D
 49  CDC-15  Warning   Clock enable controlled CDC structure detected      0  Asynch Clock Groups  u_snap_dp/hold_b_reg[47]/C   u_snap_dp/dout_a_reg[47]/D
 50  CDC-15  Warning   Clock enable controlled CDC structure detected      0  Asynch Clock Groups  u_snap_dp/hold_b_reg[48]/C   u_snap_dp/dout_a_reg[48]/D
 51  CDC-15  Warning   Clock enable controlled CDC structure detected      0  Asynch Clock Groups  u_snap_dp/hold_b_reg[49]/C   u_snap_dp/dout_a_reg[49]/D
 52  CDC-15  Warning   Clock enable controlled CDC structure detected      0  Asynch Clock Groups  u_snap_dp/hold_b_reg[50]/C   u_snap_dp/dout_a_reg[50]/D
 53  CDC-15  Warning   Clock enable controlled CDC structure detected      0  Asynch Clock Groups  u_snap_dp/hold_b_reg[51]/C   u_snap_dp/dout_a_reg[51]/D
 54  CDC-15  Warning   Clock enable controlled CDC structure detected      0  Asynch Clock Groups  u_snap_dp/hold_b_reg[52]/C   u_snap_dp/dout_a_reg[52]/D
 55  CDC-15  Warning   Clock enable controlled CDC structure detected      0  Asynch Clock Groups  u_snap_dp/hold_b_reg[53]/C   u_snap_dp/dout_a_reg[53]/D
 56  CDC-15  Warning   Clock enable controlled CDC structure detected      0  Asynch Clock Groups  u_snap_dp/hold_b_reg[54]/C   u_snap_dp/dout_a_reg[54]/D
 57  CDC-15  Warning   Clock enable controlled CDC structure detected      0  Asynch Clock Groups  u_snap_dp/hold_b_reg[55]/C   u_snap_dp/dout_a_reg[55]/D
 58  CDC-15  Warning   Clock enable controlled CDC structure detected      0  Asynch Clock Groups  u_snap_dp/hold_b_reg[56]/C   u_snap_dp/dout_a_reg[56]/D
 59  CDC-15  Warning   Clock enable controlled CDC structure detected      0  Asynch Clock Groups  u_snap_dp/hold_b_reg[57]/C   u_snap_dp/dout_a_reg[57]/D
 60  CDC-15  Warning   Clock enable controlled CDC structure detected      0  Asynch Clock Groups  u_snap_dp/hold_b_reg[58]/C   u_snap_dp/dout_a_reg[58]/D
 61  CDC-15  Warning   Clock enable controlled CDC structure detected      0  Asynch Clock Groups  u_snap_dp/hold_b_reg[59]/C   u_snap_dp/dout_a_reg[59]/D
 62  CDC-15  Warning   Clock enable controlled CDC structure detected      0  Asynch Clock Groups  u_snap_dp/hold_b_reg[60]/C   u_snap_dp/dout_a_reg[60]/D
 63  CDC-15  Warning   Clock enable controlled CDC structure detected      0  Asynch Clock Groups  u_snap_dp/hold_b_reg[61]/C   u_snap_dp/dout_a_reg[61]/D
 64  CDC-15  Warning   Clock enable controlled CDC structure detected      0  Asynch Clock Groups  u_snap_dp/hold_b_reg[62]/C   u_snap_dp/dout_a_reg[62]/D
 65  CDC-15  Warning   Clock enable controlled CDC structure detected      0  Asynch Clock Groups  u_snap_dp/hold_b_reg[63]/C   u_snap_dp/dout_a_reg[63]/D
 66  CDC-15  Warning   Clock enable controlled CDC structure detected      0  Asynch Clock Groups  u_snap_dp/hold_b_reg[64]/C   u_snap_dp/dout_a_reg[64]/D
 67  CDC-15  Warning   Clock enable controlled CDC structure detected      0  Asynch Clock Groups  u_snap_dp/hold_b_reg[65]/C   u_snap_dp/dout_a_reg[65]/D
 68  CDC-15  Warning   Clock enable controlled CDC structure detected      0  Asynch Clock Groups  u_snap_dp/hold_b_reg[66]/C   u_snap_dp/dout_a_reg[66]/D
 69  CDC-15  Warning   Clock enable controlled CDC structure detected      0  Asynch Clock Groups  u_snap_dp/hold_b_reg[67]/C   u_snap_dp/dout_a_reg[67]/D
 70  CDC-15  Warning   Clock enable controlled CDC structure detected      0  Asynch Clock Groups  u_snap_dp/hold_b_reg[68]/C   u_snap_dp/dout_a_reg[68]/D
 71  CDC-15  Warning   Clock enable controlled CDC structure detected      0  Asynch Clock Groups  u_snap_dp/hold_b_reg[69]/C   u_snap_dp/dout_a_reg[69]/D
 72  CDC-15  Warning   Clock enable controlled CDC structure detected      0  Asynch Clock Groups  u_snap_dp/hold_b_reg[70]/C   u_snap_dp/dout_a_reg[70]/D
 73  CDC-15  Warning   Clock enable controlled CDC structure detected      0  Asynch Clock Groups  u_snap_dp/hold_b_reg[71]/C   u_snap_dp/dout_a_reg[71]/D
 74  CDC-15  Warning   Clock enable controlled CDC structure detected      0  Asynch Clock Groups  u_snap_dp/hold_b_reg[72]/C   u_snap_dp/dout_a_reg[72]/D
 75  CDC-15  Warning   Clock enable controlled CDC structure detected      0  Asynch Clock Groups  u_snap_dp/hold_b_reg[73]/C   u_snap_dp/dout_a_reg[73]/D
 76  CDC-15  Warning   Clock enable controlled CDC structure detected      0  Asynch Clock Groups  u_snap_dp/hold_b_reg[74]/C   u_snap_dp/dout_a_reg[74]/D
 77  CDC-15  Warning   Clock enable controlled CDC structure detected      0  Asynch Clock Groups  u_snap_dp/hold_b_reg[75]/C   u_snap_dp/dout_a_reg[75]/D
 78  CDC-15  Warning   Clock enable controlled CDC structure detected      0  Asynch Clock Groups  u_snap_dp/hold_b_reg[76]/C   u_snap_dp/dout_a_reg[76]/D
 79  CDC-15  Warning   Clock enable controlled CDC structure detected      0  Asynch Clock Groups  u_snap_dp/hold_b_reg[77]/C   u_snap_dp/dout_a_reg[77]/D
 80  CDC-15  Warning   Clock enable controlled CDC structure detected      0  Asynch Clock Groups  u_snap_dp/hold_b_reg[78]/C   u_snap_dp/dout_a_reg[78]/D
 81  CDC-15  Warning   Clock enable controlled CDC structure detected      0  Asynch Clock Groups  u_snap_dp/hold_b_reg[79]/C   u_snap_dp/dout_a_reg[79]/D
 82  CDC-15  Warning   Clock enable controlled CDC structure detected      0  Asynch Clock Groups  u_snap_dp/hold_b_reg[80]/C   u_snap_dp/dout_a_reg[80]/D
 83  CDC-15  Warning   Clock enable controlled CDC structure detected      0  Asynch Clock Groups  u_snap_dp/hold_b_reg[81]/C   u_snap_dp/dout_a_reg[81]/D
 84  CDC-15  Warning   Clock enable controlled CDC structure detected      0  Asynch Clock Groups  u_snap_dp/hold_b_reg[82]/C   u_snap_dp/dout_a_reg[82]/D
 85  CDC-15  Warning   Clock enable controlled CDC structure detected      0  Asynch Clock Groups  u_snap_dp/hold_b_reg[83]/C   u_snap_dp/dout_a_reg[83]/D
 86  CDC-15  Warning   Clock enable controlled CDC structure detected      0  Asynch Clock Groups  u_snap_dp/hold_b_reg[84]/C   u_snap_dp/dout_a_reg[84]/D
 87  CDC-15  Warning   Clock enable controlled CDC structure detected      0  Asynch Clock Groups  u_snap_dp/hold_b_reg[85]/C   u_snap_dp/dout_a_reg[85]/D
 88  CDC-15  Warning   Clock enable controlled CDC structure detected      0  Asynch Clock Groups  u_snap_dp/hold_b_reg[86]/C   u_snap_dp/dout_a_reg[86]/D
 89  CDC-15  Warning   Clock enable controlled CDC structure detected      0  Asynch Clock Groups  u_snap_dp/hold_b_reg[87]/C   u_snap_dp/dout_a_reg[87]/D
 90  CDC-15  Warning   Clock enable controlled CDC structure detected      0  Asynch Clock Groups  u_snap_dp/hold_b_reg[88]/C   u_snap_dp/dout_a_reg[88]/D
 91  CDC-15  Warning   Clock enable controlled CDC structure detected      0  Asynch Clock Groups  u_snap_dp/hold_b_reg[89]/C   u_snap_dp/dout_a_reg[89]/D
 92  CDC-15  Warning   Clock enable controlled CDC structure detected      0  Asynch Clock Groups  u_snap_dp/hold_b_reg[90]/C   u_snap_dp/dout_a_reg[90]/D
 93  CDC-15  Warning   Clock enable controlled CDC structure detected      0  Asynch Clock Groups  u_snap_dp/hold_b_reg[91]/C   u_snap_dp/dout_a_reg[91]/D
 94  CDC-15  Warning   Clock enable controlled CDC structure detected      0  Asynch Clock Groups  u_snap_dp/hold_b_reg[92]/C   u_snap_dp/dout_a_reg[92]/D
 95  CDC-15  Warning   Clock enable controlled CDC structure detected      0  Asynch Clock Groups  u_snap_dp/hold_b_reg[93]/C   u_snap_dp/dout_a_reg[93]/D
 96  CDC-15  Warning   Clock enable controlled CDC structure detected      0  Asynch Clock Groups  u_snap_dp/hold_b_reg[94]/C   u_snap_dp/dout_a_reg[94]/D
 97  CDC-15  Warning   Clock enable controlled CDC structure detected      0  Asynch Clock Groups  u_snap_dp/hold_b_reg[95]/C   u_snap_dp/dout_a_reg[95]/D
 98  CDC-15  Warning   Clock enable controlled CDC structure detected      0  Asynch Clock Groups  u_snap_dp/hold_b_reg[99]/C   u_snap_dp/dout_a_reg[99]/D
 99  CDC-15  Warning   Clock enable controlled CDC structure detected      0  Asynch Clock Groups  u_snap_dp/hold_b_reg[100]/C  u_snap_dp/dout_a_reg[100]/D
100  CDC-15  Warning   Clock enable controlled CDC structure detected      0  Asynch Clock Groups  u_snap_dp/hold_b_reg[101]/C  u_snap_dp/dout_a_reg[101]/D
101  CDC-15  Warning   Clock enable controlled CDC structure detected      0  Asynch Clock Groups  u_snap_dp/hold_b_reg[102]/C  u_snap_dp/dout_a_reg[102]/D
102  CDC-15  Warning   Clock enable controlled CDC structure detected      0  Asynch Clock Groups  u_snap_dp/hold_b_reg[103]/C  u_snap_dp/dout_a_reg[103]/D
103  CDC-15  Warning   Clock enable controlled CDC structure detected      0  Asynch Clock Groups  u_snap_dp/hold_b_reg[104]/C  u_snap_dp/dout_a_reg[104]/D
104  CDC-15  Warning   Clock enable controlled CDC structure detected      0  Asynch Clock Groups  u_snap_dp/hold_b_reg[105]/C  u_snap_dp/dout_a_reg[105]/D
105  CDC-15  Warning   Clock enable controlled CDC structure detected      0  Asynch Clock Groups  u_snap_dp/hold_b_reg[106]/C  u_snap_dp/dout_a_reg[106]/D
106  CDC-15  Warning   Clock enable controlled CDC structure detected      0  Asynch Clock Groups  u_snap_dp/hold_b_reg[107]/C  u_snap_dp/dout_a_reg[107]/D
107  CDC-15  Warning   Clock enable controlled CDC structure detected      0  Asynch Clock Groups  u_snap_dp/hold_b_reg[108]/C  u_snap_dp/dout_a_reg[108]/D
108  CDC-15  Warning   Clock enable controlled CDC structure detected      0  Asynch Clock Groups  u_snap_dp/hold_b_reg[109]/C  u_snap_dp/dout_a_reg[109]/D
109  CDC-15  Warning   Clock enable controlled CDC structure detected      0  Asynch Clock Groups  u_snap_dp/hold_b_reg[110]/C  u_snap_dp/dout_a_reg[110]/D
110  CDC-15  Warning   Clock enable controlled CDC structure detected      0  Asynch Clock Groups  u_snap_dp/hold_b_reg[111]/C  u_snap_dp/dout_a_reg[111]/D
111  CDC-15  Warning   Clock enable controlled CDC structure detected      0  Asynch Clock Groups  u_snap_dp/hold_b_reg[112]/C  u_snap_dp/dout_a_reg[112]/D
112  CDC-15  Warning   Clock enable controlled CDC structure detected      0  Asynch Clock Groups  u_snap_dp/hold_b_reg[113]/C  u_snap_dp/dout_a_reg[113]/D
113  CDC-15  Warning   Clock enable controlled CDC structure detected      0  Asynch Clock Groups  u_snap_dp/hold_b_reg[114]/C  u_snap_dp/dout_a_reg[114]/D
114  CDC-15  Warning   Clock enable controlled CDC structure detected      0  Asynch Clock Groups  u_snap_dp/hold_b_reg[115]/C  u_snap_dp/dout_a_reg[115]/D
115  CDC-15  Warning   Clock enable controlled CDC structure detected      0  Asynch Clock Groups  u_snap_dp/hold_b_reg[116]/C  u_snap_dp/dout_a_reg[116]/D
116  CDC-15  Warning   Clock enable controlled CDC structure detected      0  Asynch Clock Groups  u_snap_dp/hold_b_reg[117]/C  u_snap_dp/dout_a_reg[117]/D
117  CDC-15  Warning   Clock enable controlled CDC structure detected      0  Asynch Clock Groups  u_snap_dp/hold_b_reg[118]/C  u_snap_dp/dout_a_reg[118]/D
118  CDC-15  Warning   Clock enable controlled CDC structure detected      0  Asynch Clock Groups  u_snap_dp/hold_b_reg[119]/C  u_snap_dp/dout_a_reg[119]/D
119  CDC-15  Warning   Clock enable controlled CDC structure detected      0  Asynch Clock Groups  u_snap_dp/hold_b_reg[120]/C  u_snap_dp/dout_a_reg[120]/D
120  CDC-15  Warning   Clock enable controlled CDC structure detected      0  Asynch Clock Groups  u_snap_dp/hold_b_reg[121]/C  u_snap_dp/dout_a_reg[121]/D
121  CDC-15  Warning   Clock enable controlled CDC structure detected      0  Asynch Clock Groups  u_snap_dp/hold_b_reg[122]/C  u_snap_dp/dout_a_reg[122]/D
122  CDC-15  Warning   Clock enable controlled CDC structure detected      0  Asynch Clock Groups  u_snap_dp/hold_b_reg[123]/C  u_snap_dp/dout_a_reg[123]/D
123  CDC-15  Warning   Clock enable controlled CDC structure detected      0  Asynch Clock Groups  u_snap_dp/hold_b_reg[124]/C  u_snap_dp/dout_a_reg[124]/D
124  CDC-15  Warning   Clock enable controlled CDC structure detected      0  Asynch Clock Groups  u_snap_dp/hold_b_reg[125]/C  u_snap_dp/dout_a_reg[125]/D
125  CDC-15  Warning   Clock enable controlled CDC structure detected      0  Asynch Clock Groups  u_snap_dp/hold_b_reg[126]/C  u_snap_dp/dout_a_reg[126]/D
126  CDC-15  Warning   Clock enable controlled CDC structure detected      0  Asynch Clock Groups  u_snap_dp/hold_b_reg[127]/C  u_snap_dp/dout_a_reg[127]/D
127  CDC-15  Warning   Clock enable controlled CDC structure detected      0  Asynch Clock Groups  u_snap_dp/hold_b_reg[128]/C  u_snap_dp/dout_a_reg[128]/D
128  CDC-15  Warning   Clock enable controlled CDC structure detected      0  Asynch Clock Groups  u_snap_dp/hold_b_reg[129]/C  u_snap_dp/dout_a_reg[129]/D
129  CDC-15  Warning   Clock enable controlled CDC structure detected      0  Asynch Clock Groups  u_snap_dp/hold_b_reg[130]/C  u_snap_dp/dout_a_reg[130]/D
130  CDC-15  Warning   Clock enable controlled CDC structure detected      0  Asynch Clock Groups  u_snap_dp/hold_b_reg[131]/C  u_snap_dp/dout_a_reg[131]/D
131  CDC-15  Warning   Clock enable controlled CDC structure detected      0  Asynch Clock Groups  u_snap_dp/hold_b_reg[132]/C  u_snap_dp/dout_a_reg[132]/D
132  CDC-15  Warning   Clock enable controlled CDC structure detected      0  Asynch Clock Groups  u_snap_dp/hold_b_reg[133]/C  u_snap_dp/dout_a_reg[133]/D
133  CDC-15  Warning   Clock enable controlled CDC structure detected      0  Asynch Clock Groups  u_snap_dp/hold_b_reg[134]/C  u_snap_dp/dout_a_reg[134]/D
134  CDC-15  Warning   Clock enable controlled CDC structure detected      0  Asynch Clock Groups  u_snap_dp/hold_b_reg[135]/C  u_snap_dp/dout_a_reg[135]/D
135  CDC-15  Warning   Clock enable controlled CDC structure detected      0  Asynch Clock Groups  u_snap_dp/hold_b_reg[136]/C  u_snap_dp/dout_a_reg[136]/D
136  CDC-15  Warning   Clock enable controlled CDC structure detected      0  Asynch Clock Groups  u_snap_dp/hold_b_reg[137]/C  u_snap_dp/dout_a_reg[137]/D
137  CDC-15  Warning   Clock enable controlled CDC structure detected      0  Asynch Clock Groups  u_snap_dp/hold_b_reg[138]/C  u_snap_dp/dout_a_reg[138]/D
138  CDC-15  Warning   Clock enable controlled CDC structure detected      0  Asynch Clock Groups  u_snap_dp/hold_b_reg[139]/C  u_snap_dp/dout_a_reg[139]/D
139  CDC-15  Warning   Clock enable controlled CDC structure detected      0  Asynch Clock Groups  u_snap_dp/hold_b_reg[140]/C  u_snap_dp/dout_a_reg[140]/D
140  CDC-15  Warning   Clock enable controlled CDC structure detected      0  Asynch Clock Groups  u_snap_dp/hold_b_reg[141]/C  u_snap_dp/dout_a_reg[141]/D
141  CDC-15  Warning   Clock enable controlled CDC structure detected      0  Asynch Clock Groups  u_snap_dp/hold_b_reg[142]/C  u_snap_dp/dout_a_reg[142]/D
142  CDC-15  Warning   Clock enable controlled CDC structure detected      0  Asynch Clock Groups  u_snap_dp/hold_b_reg[143]/C  u_snap_dp/dout_a_reg[143]/D
143  CDC-15  Warning   Clock enable controlled CDC structure detected      0  Asynch Clock Groups  u_snap_dp/hold_b_reg[144]/C  u_snap_dp/dout_a_reg[144]/D
144  CDC-15  Warning   Clock enable controlled CDC structure detected      0  Asynch Clock Groups  u_snap_dp/hold_b_reg[145]/C  u_snap_dp/dout_a_reg[145]/D
145  CDC-15  Warning   Clock enable controlled CDC structure detected      0  Asynch Clock Groups  u_snap_dp/hold_b_reg[146]/C  u_snap_dp/dout_a_reg[146]/D
146  CDC-15  Warning   Clock enable controlled CDC structure detected      0  Asynch Clock Groups  u_snap_dp/hold_b_reg[147]/C  u_snap_dp/dout_a_reg[147]/D
147  CDC-15  Warning   Clock enable controlled CDC structure detected      0  Asynch Clock Groups  u_snap_dp/hold_b_reg[148]/C  u_snap_dp/dout_a_reg[148]/D
148  CDC-15  Warning   Clock enable controlled CDC structure detected      0  Asynch Clock Groups  u_snap_dp/hold_b_reg[149]/C  u_snap_dp/dout_a_reg[149]/D
149  CDC-15  Warning   Clock enable controlled CDC structure detected      0  Asynch Clock Groups  u_snap_dp/hold_b_reg[150]/C  u_snap_dp/dout_a_reg[150]/D
150  CDC-15  Warning   Clock enable controlled CDC structure detected      0  Asynch Clock Groups  u_snap_dp/hold_b_reg[151]/C  u_snap_dp/dout_a_reg[151]/D
151  CDC-15  Warning   Clock enable controlled CDC structure detected      0  Asynch Clock Groups  u_snap_dp/hold_b_reg[152]/C  u_snap_dp/dout_a_reg[152]/D
152  CDC-15  Warning   Clock enable controlled CDC structure detected      0  Asynch Clock Groups  u_snap_dp/hold_b_reg[153]/C  u_snap_dp/dout_a_reg[153]/D
153  CDC-15  Warning   Clock enable controlled CDC structure detected      0  Asynch Clock Groups  u_snap_dp/hold_b_reg[154]/C  u_snap_dp/dout_a_reg[154]/D
154  CDC-15  Warning   Clock enable controlled CDC structure detected      0  Asynch Clock Groups  u_snap_dp/hold_b_reg[155]/C  u_snap_dp/dout_a_reg[155]/D
155  CDC-15  Warning   Clock enable controlled CDC structure detected      0  Asynch Clock Groups  u_snap_dp/hold_b_reg[156]/C  u_snap_dp/dout_a_reg[156]/D
156  CDC-15  Warning   Clock enable controlled CDC structure detected      0  Asynch Clock Groups  u_snap_dp/hold_b_reg[157]/C  u_snap_dp/dout_a_reg[157]/D
157  CDC-15  Warning   Clock enable controlled CDC structure detected      0  Asynch Clock Groups  u_snap_dp/hold_b_reg[158]/C  u_snap_dp/dout_a_reg[158]/D
158  CDC-15  Warning   Clock enable controlled CDC structure detected      0  Asynch Clock Groups  u_snap_dp/hold_b_reg[159]/C  u_snap_dp/dout_a_reg[159]/D
159  CDC-15  Warning   Clock enable controlled CDC structure detected      0  Asynch Clock Groups  u_snap_dp/hold_b_reg[160]/C  u_snap_dp/dout_a_reg[160]/D
160  CDC-15  Warning   Clock enable controlled CDC structure detected      0  Asynch Clock Groups  u_snap_dp/hold_b_reg[161]/C  u_snap_dp/dout_a_reg[161]/D
161  CDC-15  Warning   Clock enable controlled CDC structure detected      0  Asynch Clock Groups  u_snap_dp/hold_b_reg[162]/C  u_snap_dp/dout_a_reg[162]/D
162  CDC-15  Warning   Clock enable controlled CDC structure detected      0  Asynch Clock Groups  u_snap_dp/hold_b_reg[163]/C  u_snap_dp/dout_a_reg[163]/D
163  CDC-15  Warning   Clock enable controlled CDC structure detected      0  Asynch Clock Groups  u_snap_dp/hold_b_reg[164]/C  u_snap_dp/dout_a_reg[164]/D
164  CDC-15  Warning   Clock enable controlled CDC structure detected      0  Asynch Clock Groups  u_snap_dp/hold_b_reg[165]/C  u_snap_dp/dout_a_reg[165]/D
165  CDC-15  Warning   Clock enable controlled CDC structure detected      0  Asynch Clock Groups  u_snap_dp/hold_b_reg[166]/C  u_snap_dp/dout_a_reg[166]/D
166  CDC-15  Warning   Clock enable controlled CDC structure detected      0  Asynch Clock Groups  u_snap_dp/hold_b_reg[167]/C  u_snap_dp/dout_a_reg[167]/D
167  CDC-15  Warning   Clock enable controlled CDC structure detected      0  Asynch Clock Groups  u_snap_dp/hold_b_reg[168]/C  u_snap_dp/dout_a_reg[168]/D
168  CDC-15  Warning   Clock enable controlled CDC structure detected      0  Asynch Clock Groups  u_snap_dp/hold_b_reg[169]/C  u_snap_dp/dout_a_reg[169]/D
169  CDC-15  Warning   Clock enable controlled CDC structure detected      0  Asynch Clock Groups  u_snap_dp/hold_b_reg[170]/C  u_snap_dp/dout_a_reg[170]/D
170  CDC-15  Warning   Clock enable controlled CDC structure detected      0  Asynch Clock Groups  u_snap_dp/hold_b_reg[171]/C  u_snap_dp/dout_a_reg[171]/D
171  CDC-15  Warning   Clock enable controlled CDC structure detected      0  Asynch Clock Groups  u_snap_dp/hold_b_reg[172]/C  u_snap_dp/dout_a_reg[172]/D
172  CDC-15  Warning   Clock enable controlled CDC structure detected      0  Asynch Clock Groups  u_snap_dp/hold_b_reg[173]/C  u_snap_dp/dout_a_reg[173]/D
173  CDC-15  Warning   Clock enable controlled CDC structure detected      0  Asynch Clock Groups  u_snap_dp/hold_b_reg[174]/C  u_snap_dp/dout_a_reg[174]/D
174  CDC-15  Warning   Clock enable controlled CDC structure detected      0  Asynch Clock Groups  u_snap_dp/hold_b_reg[175]/C  u_snap_dp/dout_a_reg[175]/D
175  CDC-15  Warning   Clock enable controlled CDC structure detected      0  Asynch Clock Groups  u_snap_dp/hold_b_reg[176]/C  u_snap_dp/dout_a_reg[176]/D
176  CDC-15  Warning   Clock enable controlled CDC structure detected      0  Asynch Clock Groups  u_snap_dp/hold_b_reg[177]/C  u_snap_dp/dout_a_reg[177]/D
177  CDC-15  Warning   Clock enable controlled CDC structure detected      0  Asynch Clock Groups  u_snap_dp/hold_b_reg[178]/C  u_snap_dp/dout_a_reg[178]/D
178  CDC-15  Warning   Clock enable controlled CDC structure detected      0  Asynch Clock Groups  u_snap_dp/hold_b_reg[179]/C  u_snap_dp/dout_a_reg[179]/D
179  CDC-15  Warning   Clock enable controlled CDC structure detected      0  Asynch Clock Groups  u_snap_dp/hold_b_reg[180]/C  u_snap_dp/dout_a_reg[180]/D
180  CDC-15  Warning   Clock enable controlled CDC structure detected      0  Asynch Clock Groups  u_snap_dp/hold_b_reg[181]/C  u_snap_dp/dout_a_reg[181]/D
181  CDC-15  Warning   Clock enable controlled CDC structure detected      0  Asynch Clock Groups  u_snap_dp/hold_b_reg[182]/C  u_snap_dp/dout_a_reg[182]/D
182  CDC-15  Warning   Clock enable controlled CDC structure detected      0  Asynch Clock Groups  u_snap_dp/hold_b_reg[183]/C  u_snap_dp/dout_a_reg[183]/D
183  CDC-15  Warning   Clock enable controlled CDC structure detected      0  Asynch Clock Groups  u_snap_dp/hold_b_reg[184]/C  u_snap_dp/dout_a_reg[184]/D
184  CDC-15  Warning   Clock enable controlled CDC structure detected      0  Asynch Clock Groups  u_snap_dp/hold_b_reg[185]/C  u_snap_dp/dout_a_reg[185]/D
185  CDC-15  Warning   Clock enable controlled CDC structure detected      0  Asynch Clock Groups  u_snap_dp/hold_b_reg[186]/C  u_snap_dp/dout_a_reg[186]/D
186  CDC-15  Warning   Clock enable controlled CDC structure detected      0  Asynch Clock Groups  u_snap_dp/hold_b_reg[187]/C  u_snap_dp/dout_a_reg[187]/D
187  CDC-15  Warning   Clock enable controlled CDC structure detected      0  Asynch Clock Groups  u_snap_dp/hold_b_reg[188]/C  u_snap_dp/dout_a_reg[188]/D
188  CDC-15  Warning   Clock enable controlled CDC structure detected      0  Asynch Clock Groups  u_snap_dp/hold_b_reg[189]/C  u_snap_dp/dout_a_reg[189]/D
189  CDC-15  Warning   Clock enable controlled CDC structure detected      0  Asynch Clock Groups  u_snap_dp/hold_b_reg[190]/C  u_snap_dp/dout_a_reg[190]/D
190  CDC-15  Warning   Clock enable controlled CDC structure detected      0  Asynch Clock Groups  u_snap_dp/hold_b_reg[191]/C  u_snap_dp/dout_a_reg[191]/D
191  CDC-15  Warning   Clock enable controlled CDC structure detected      0  Asynch Clock Groups  u_snap_dp/hold_b_reg[192]/C  u_snap_dp/dout_a_reg[192]/D
192  CDC-15  Warning   Clock enable controlled CDC structure detected      0  Asynch Clock Groups  u_snap_dp/hold_b_reg[193]/C  u_snap_dp/dout_a_reg[193]/D
193  CDC-15  Warning   Clock enable controlled CDC structure detected      0  Asynch Clock Groups  u_snap_dp/hold_b_reg[194]/C  u_snap_dp/dout_a_reg[194]/D
194  CDC-15  Warning   Clock enable controlled CDC structure detected      0  Asynch Clock Groups  u_snap_dp/hold_b_reg[195]/C  u_snap_dp/dout_a_reg[195]/D
195  CDC-15  Warning   Clock enable controlled CDC structure detected      0  Asynch Clock Groups  u_snap_dp/hold_b_reg[196]/C  u_snap_dp/dout_a_reg[196]/D
196  CDC-15  Warning   Clock enable controlled CDC structure detected      0  Asynch Clock Groups  u_snap_dp/hold_b_reg[197]/C  u_snap_dp/dout_a_reg[197]/D
197  CDC-15  Warning   Clock enable controlled CDC structure detected      0  Asynch Clock Groups  u_snap_dp/hold_b_reg[198]/C  u_snap_dp/dout_a_reg[198]/D
198  CDC-15  Warning   Clock enable controlled CDC structure detected      0  Asynch Clock Groups  u_snap_dp/hold_b_reg[199]/C  u_snap_dp/dout_a_reg[199]/D
199  CDC-15  Warning   Clock enable controlled CDC structure detected      0  Asynch Clock Groups  u_snap_dp/hold_b_reg[200]/C  u_snap_dp/dout_a_reg[200]/D
200  CDC-15  Warning   Clock enable controlled CDC structure detected      0  Asynch Clock Groups  u_snap_dp/hold_b_reg[201]/C  u_snap_dp/dout_a_reg[201]/D
201  CDC-15  Warning   Clock enable controlled CDC structure detected      0  Asynch Clock Groups  u_snap_dp/hold_b_reg[202]/C  u_snap_dp/dout_a_reg[202]/D
202  CDC-15  Warning   Clock enable controlled CDC structure detected      0  Asynch Clock Groups  u_snap_dp/hold_b_reg[203]/C  u_snap_dp/dout_a_reg[203]/D
203  CDC-15  Warning   Clock enable controlled CDC structure detected      0  Asynch Clock Groups  u_snap_dp/hold_b_reg[204]/C  u_snap_dp/dout_a_reg[204]/D
204  CDC-15  Warning   Clock enable controlled CDC structure detected      0  Asynch Clock Groups  u_snap_dp/hold_b_reg[205]/C  u_snap_dp/dout_a_reg[205]/D
205  CDC-15  Warning   Clock enable controlled CDC structure detected      0  Asynch Clock Groups  u_snap_dp/hold_b_reg[206]/C  u_snap_dp/dout_a_reg[206]/D
206  CDC-15  Warning   Clock enable controlled CDC structure detected      0  Asynch Clock Groups  u_snap_dp/hold_b_reg[207]/C  u_snap_dp/dout_a_reg[207]/D
207  CDC-15  Warning   Clock enable controlled CDC structure detected      0  Asynch Clock Groups  u_snap_dp/hold_b_reg[208]/C  u_snap_dp/dout_a_reg[208]/D
208  CDC-15  Warning   Clock enable controlled CDC structure detected      0  Asynch Clock Groups  u_snap_dp/hold_b_reg[209]/C  u_snap_dp/dout_a_reg[209]/D
209  CDC-15  Warning   Clock enable controlled CDC structure detected      0  Asynch Clock Groups  u_snap_dp/hold_b_reg[210]/C  u_snap_dp/dout_a_reg[210]/D
210  CDC-15  Warning   Clock enable controlled CDC structure detected      0  Asynch Clock Groups  u_snap_dp/hold_b_reg[211]/C  u_snap_dp/dout_a_reg[211]/D
211  CDC-15  Warning   Clock enable controlled CDC structure detected      0  Asynch Clock Groups  u_snap_dp/hold_b_reg[212]/C  u_snap_dp/dout_a_reg[212]/D
212  CDC-15  Warning   Clock enable controlled CDC structure detected      0  Asynch Clock Groups  u_snap_dp/hold_b_reg[213]/C  u_snap_dp/dout_a_reg[213]/D
213  CDC-15  Warning   Clock enable controlled CDC structure detected      0  Asynch Clock Groups  u_snap_dp/hold_b_reg[214]/C  u_snap_dp/dout_a_reg[214]/D
214  CDC-15  Warning   Clock enable controlled CDC structure detected      0  Asynch Clock Groups  u_snap_dp/hold_b_reg[215]/C  u_snap_dp/dout_a_reg[215]/D
215  CDC-15  Warning   Clock enable controlled CDC structure detected      0  Asynch Clock Groups  u_snap_dp/hold_b_reg[216]/C  u_snap_dp/dout_a_reg[216]/D
216  CDC-15  Warning   Clock enable controlled CDC structure detected      0  Asynch Clock Groups  u_snap_dp/hold_b_reg[217]/C  u_snap_dp/dout_a_reg[217]/D
217  CDC-15  Warning   Clock enable controlled CDC structure detected      0  Asynch Clock Groups  u_snap_dp/hold_b_reg[218]/C  u_snap_dp/dout_a_reg[218]/D
218  CDC-15  Warning   Clock enable controlled CDC structure detected      0  Asynch Clock Groups  u_snap_dp/hold_b_reg[219]/C  u_snap_dp/dout_a_reg[219]/D
219  CDC-15  Warning   Clock enable controlled CDC structure detected      0  Asynch Clock Groups  u_snap_dp/hold_b_reg[220]/C  u_snap_dp/dout_a_reg[220]/D
220  CDC-15  Warning   Clock enable controlled CDC structure detected      0  Asynch Clock Groups  u_snap_dp/hold_b_reg[221]/C  u_snap_dp/dout_a_reg[221]/D
221  CDC-15  Warning   Clock enable controlled CDC structure detected      0  Asynch Clock Groups  u_snap_dp/hold_b_reg[222]/C  u_snap_dp/dout_a_reg[222]/D
222  CDC-15  Warning   Clock enable controlled CDC structure detected      0  Asynch Clock Groups  u_snap_dp/hold_b_reg[223]/C  u_snap_dp/dout_a_reg[223]/D
223  CDC-15  Warning   Clock enable controlled CDC structure detected      0  Asynch Clock Groups  u_snap_dp/hold_b_reg[224]/C  u_snap_dp/dout_a_reg[224]/D
224  CDC-15  Warning   Clock enable controlled CDC structure detected      0  Asynch Clock Groups  u_snap_dp/hold_b_reg[225]/C  u_snap_dp/dout_a_reg[225]/D
225  CDC-15  Warning   Clock enable controlled CDC structure detected      0  Asynch Clock Groups  u_snap_dp/hold_b_reg[226]/C  u_snap_dp/dout_a_reg[226]/D
226  CDC-15  Warning   Clock enable controlled CDC structure detected      0  Asynch Clock Groups  u_snap_dp/hold_b_reg[227]/C  u_snap_dp/dout_a_reg[227]/D
227  CDC-15  Warning   Clock enable controlled CDC structure detected      0  Asynch Clock Groups  u_snap_dp/hold_b_reg[228]/C  u_snap_dp/dout_a_reg[228]/D
228  CDC-15  Warning   Clock enable controlled CDC structure detected      0  Asynch Clock Groups  u_snap_dp/hold_b_reg[229]/C  u_snap_dp/dout_a_reg[229]/D
229  CDC-15  Warning   Clock enable controlled CDC structure detected      0  Asynch Clock Groups  u_snap_dp/hold_b_reg[230]/C  u_snap_dp/dout_a_reg[230]/D
230  CDC-15  Warning   Clock enable controlled CDC structure detected      0  Asynch Clock Groups  u_snap_dp/hold_b_reg[231]/C  u_snap_dp/dout_a_reg[231]/D
231  CDC-15  Warning   Clock enable controlled CDC structure detected      0  Asynch Clock Groups  u_snap_dp/hold_b_reg[232]/C  u_snap_dp/dout_a_reg[232]/D
232  CDC-15  Warning   Clock enable controlled CDC structure detected      0  Asynch Clock Groups  u_snap_dp/hold_b_reg[233]/C  u_snap_dp/dout_a_reg[233]/D
233  CDC-15  Warning   Clock enable controlled CDC structure detected      0  Asynch Clock Groups  u_snap_dp/hold_b_reg[234]/C  u_snap_dp/dout_a_reg[234]/D
234  CDC-15  Warning   Clock enable controlled CDC structure detected      0  Asynch Clock Groups  u_snap_dp/hold_b_reg[235]/C  u_snap_dp/dout_a_reg[235]/D
235  CDC-15  Warning   Clock enable controlled CDC structure detected      0  Asynch Clock Groups  u_snap_dp/hold_b_reg[236]/C  u_snap_dp/dout_a_reg[236]/D
236  CDC-15  Warning   Clock enable controlled CDC structure detected      0  Asynch Clock Groups  u_snap_dp/hold_b_reg[237]/C  u_snap_dp/dout_a_reg[237]/D
237  CDC-15  Warning   Clock enable controlled CDC structure detected      0  Asynch Clock Groups  u_snap_dp/hold_b_reg[238]/C  u_snap_dp/dout_a_reg[238]/D
238  CDC-15  Warning   Clock enable controlled CDC structure detected      0  Asynch Clock Groups  u_snap_dp/hold_b_reg[239]/C  u_snap_dp/dout_a_reg[239]/D
239  CDC-15  Warning   Clock enable controlled CDC structure detected      0  Asynch Clock Groups  u_snap_dp/hold_b_reg[240]/C  u_snap_dp/dout_a_reg[240]/D
240  CDC-15  Warning   Clock enable controlled CDC structure detected      0  Asynch Clock Groups  u_snap_dp/hold_b_reg[241]/C  u_snap_dp/dout_a_reg[241]/D
241  CDC-15  Warning   Clock enable controlled CDC structure detected      0  Asynch Clock Groups  u_snap_dp/hold_b_reg[242]/C  u_snap_dp/dout_a_reg[242]/D
242  CDC-15  Warning   Clock enable controlled CDC structure detected      0  Asynch Clock Groups  u_snap_dp/hold_b_reg[243]/C  u_snap_dp/dout_a_reg[243]/D
243  CDC-15  Warning   Clock enable controlled CDC structure detected      0  Asynch Clock Groups  u_snap_dp/hold_b_reg[244]/C  u_snap_dp/dout_a_reg[244]/D
244  CDC-15  Warning   Clock enable controlled CDC structure detected      0  Asynch Clock Groups  u_snap_dp/hold_b_reg[245]/C  u_snap_dp/dout_a_reg[245]/D
245  CDC-15  Warning   Clock enable controlled CDC structure detected      0  Asynch Clock Groups  u_snap_dp/hold_b_reg[246]/C  u_snap_dp/dout_a_reg[246]/D
246  CDC-15  Warning   Clock enable controlled CDC structure detected      0  Asynch Clock Groups  u_snap_dp/hold_b_reg[247]/C  u_snap_dp/dout_a_reg[247]/D
247  CDC-15  Warning   Clock enable controlled CDC structure detected      0  Asynch Clock Groups  u_snap_dp/hold_b_reg[248]/C  u_snap_dp/dout_a_reg[248]/D
248  CDC-15  Warning   Clock enable controlled CDC structure detected      0  Asynch Clock Groups  u_snap_dp/hold_b_reg[249]/C  u_snap_dp/dout_a_reg[249]/D
249  CDC-15  Warning   Clock enable controlled CDC structure detected      0  Asynch Clock Groups  u_snap_dp/hold_b_reg[250]/C  u_snap_dp/dout_a_reg[250]/D
250  CDC-15  Warning   Clock enable controlled CDC structure detected      0  Asynch Clock Groups  u_snap_dp/hold_b_reg[251]/C  u_snap_dp/dout_a_reg[251]/D
251  CDC-15  Warning   Clock enable controlled CDC structure detected      0  Asynch Clock Groups  u_snap_dp/hold_b_reg[252]/C  u_snap_dp/dout_a_reg[252]/D
252  CDC-15  Warning   Clock enable controlled CDC structure detected      0  Asynch Clock Groups  u_snap_dp/hold_b_reg[253]/C  u_snap_dp/dout_a_reg[253]/D
253  CDC-15  Warning   Clock enable controlled CDC structure detected      0  Asynch Clock Groups  u_snap_dp/hold_b_reg[254]/C  u_snap_dp/dout_a_reg[254]/D
254  CDC-15  Warning   Clock enable controlled CDC structure detected      0  Asynch Clock Groups  u_snap_dp/hold_b_reg[255]/C  u_snap_dp/dout_a_reg[255]/D
255  CDC-15  Warning   Clock enable controlled CDC structure detected      0  Asynch Clock Groups  u_snap_dp/hold_b_reg[256]/C  u_snap_dp/dout_a_reg[256]/D
256  CDC-15  Warning   Clock enable controlled CDC structure detected      0  Asynch Clock Groups  u_snap_dp/hold_b_reg[257]/C  u_snap_dp/dout_a_reg[257]/D
257  CDC-15  Warning   Clock enable controlled CDC structure detected      0  Asynch Clock Groups  u_snap_dp/hold_b_reg[258]/C  u_snap_dp/dout_a_reg[258]/D
258  CDC-15  Warning   Clock enable controlled CDC structure detected      0  Asynch Clock Groups  u_snap_dp/hold_b_reg[259]/C  u_snap_dp/dout_a_reg[259]/D
259  CDC-15  Warning   Clock enable controlled CDC structure detected      0  Asynch Clock Groups  u_snap_dp/hold_b_reg[260]/C  u_snap_dp/dout_a_reg[260]/D
260  CDC-15  Warning   Clock enable controlled CDC structure detected      0  Asynch Clock Groups  u_snap_dp/hold_b_reg[261]/C  u_snap_dp/dout_a_reg[261]/D
261  CDC-15  Warning   Clock enable controlled CDC structure detected      0  Asynch Clock Groups  u_snap_dp/hold_b_reg[262]/C  u_snap_dp/dout_a_reg[262]/D
262  CDC-15  Warning   Clock enable controlled CDC structure detected      0  Asynch Clock Groups  u_snap_dp/hold_b_reg[263]/C  u_snap_dp/dout_a_reg[263]/D
263  CDC-15  Warning   Clock enable controlled CDC structure detected      0  Asynch Clock Groups  u_snap_dp/hold_b_reg[264]/C  u_snap_dp/dout_a_reg[264]/D
264  CDC-15  Warning   Clock enable controlled CDC structure detected      0  Asynch Clock Groups  u_snap_dp/hold_b_reg[265]/C  u_snap_dp/dout_a_reg[265]/D
265  CDC-15  Warning   Clock enable controlled CDC structure detected      0  Asynch Clock Groups  u_snap_dp/hold_b_reg[266]/C  u_snap_dp/dout_a_reg[266]/D
266  CDC-15  Warning   Clock enable controlled CDC structure detected      0  Asynch Clock Groups  u_snap_dp/hold_b_reg[267]/C  u_snap_dp/dout_a_reg[267]/D
267  CDC-15  Warning   Clock enable controlled CDC structure detected      0  Asynch Clock Groups  u_snap_dp/hold_b_reg[268]/C  u_snap_dp/dout_a_reg[268]/D
268  CDC-15  Warning   Clock enable controlled CDC structure detected      0  Asynch Clock Groups  u_snap_dp/hold_b_reg[269]/C  u_snap_dp/dout_a_reg[269]/D
269  CDC-15  Warning   Clock enable controlled CDC structure detected      0  Asynch Clock Groups  u_snap_dp/hold_b_reg[270]/C  u_snap_dp/dout_a_reg[270]/D
270  CDC-15  Warning   Clock enable controlled CDC structure detected      0  Asynch Clock Groups  u_snap_dp/hold_b_reg[271]/C  u_snap_dp/dout_a_reg[271]/D
271  CDC-15  Warning   Clock enable controlled CDC structure detected      0  Asynch Clock Groups  u_snap_dp/hold_b_reg[272]/C  u_snap_dp/dout_a_reg[272]/D
272  CDC-15  Warning   Clock enable controlled CDC structure detected      0  Asynch Clock Groups  u_snap_dp/hold_b_reg[273]/C  u_snap_dp/dout_a_reg[273]/D
273  CDC-15  Warning   Clock enable controlled CDC structure detected      0  Asynch Clock Groups  u_snap_dp/hold_b_reg[274]/C  u_snap_dp/dout_a_reg[274]/D
274  CDC-15  Warning   Clock enable controlled CDC structure detected      0  Asynch Clock Groups  u_snap_dp/hold_b_reg[275]/C  u_snap_dp/dout_a_reg[275]/D
275  CDC-15  Warning   Clock enable controlled CDC structure detected      0  Asynch Clock Groups  u_snap_dp/hold_b_reg[276]/C  u_snap_dp/dout_a_reg[276]/D
276  CDC-15  Warning   Clock enable controlled CDC structure detected      0  Asynch Clock Groups  u_snap_dp/hold_b_reg[277]/C  u_snap_dp/dout_a_reg[277]/D
277  CDC-15  Warning   Clock enable controlled CDC structure detected      0  Asynch Clock Groups  u_snap_dp/hold_b_reg[278]/C  u_snap_dp/dout_a_reg[278]/D
278  CDC-15  Warning   Clock enable controlled CDC structure detected      0  Asynch Clock Groups  u_snap_dp/hold_b_reg[279]/C  u_snap_dp/dout_a_reg[279]/D
279  CDC-15  Warning   Clock enable controlled CDC structure detected      0  Asynch Clock Groups  u_snap_dp/hold_b_reg[280]/C  u_snap_dp/dout_a_reg[280]/D
280  CDC-15  Warning   Clock enable controlled CDC structure detected      0  Asynch Clock Groups  u_snap_dp/hold_b_reg[281]/C  u_snap_dp/dout_a_reg[281]/D
281  CDC-15  Warning   Clock enable controlled CDC structure detected      0  Asynch Clock Groups  u_snap_dp/hold_b_reg[282]/C  u_snap_dp/dout_a_reg[282]/D
282  CDC-15  Warning   Clock enable controlled CDC structure detected      0  Asynch Clock Groups  u_snap_dp/hold_b_reg[283]/C  u_snap_dp/dout_a_reg[283]/D
283  CDC-15  Warning   Clock enable controlled CDC structure detected      0  Asynch Clock Groups  u_snap_dp/hold_b_reg[284]/C  u_snap_dp/dout_a_reg[284]/D
284  CDC-15  Warning   Clock enable controlled CDC structure detected      0  Asynch Clock Groups  u_snap_dp/hold_b_reg[285]/C  u_snap_dp/dout_a_reg[285]/D
285  CDC-15  Warning   Clock enable controlled CDC structure detected      0  Asynch Clock Groups  u_snap_dp/hold_b_reg[286]/C  u_snap_dp/dout_a_reg[286]/D
286  CDC-15  Warning   Clock enable controlled CDC structure detected      0  Asynch Clock Groups  u_snap_dp/hold_b_reg[287]/C  u_snap_dp/dout_a_reg[287]/D
287  CDC-15  Warning   Clock enable controlled CDC structure detected      0  Asynch Clock Groups  u_snap_dp/hold_b_reg[288]/C  u_snap_dp/dout_a_reg[288]/D
288  CDC-15  Warning   Clock enable controlled CDC structure detected      0  Asynch Clock Groups  u_snap_dp/hold_b_reg[289]/C  u_snap_dp/dout_a_reg[289]/D
289  CDC-15  Warning   Clock enable controlled CDC structure detected      0  Asynch Clock Groups  u_snap_dp/hold_b_reg[290]/C  u_snap_dp/dout_a_reg[290]/D
290  CDC-15  Warning   Clock enable controlled CDC structure detected      0  Asynch Clock Groups  u_snap_dp/hold_b_reg[291]/C  u_snap_dp/dout_a_reg[291]/D
291  CDC-15  Warning   Clock enable controlled CDC structure detected      0  Asynch Clock Groups  u_snap_dp/hold_b_reg[292]/C  u_snap_dp/dout_a_reg[292]/D
292  CDC-15  Warning   Clock enable controlled CDC structure detected      0  Asynch Clock Groups  u_snap_dp/hold_b_reg[293]/C  u_snap_dp/dout_a_reg[293]/D
293  CDC-15  Warning   Clock enable controlled CDC structure detected      0  Asynch Clock Groups  u_snap_dp/hold_b_reg[294]/C  u_snap_dp/dout_a_reg[294]/D
294  CDC-15  Warning   Clock enable controlled CDC structure detected      0  Asynch Clock Groups  u_snap_dp/hold_b_reg[295]/C  u_snap_dp/dout_a_reg[295]/D
295  CDC-15  Warning   Clock enable controlled CDC structure detected      0  Asynch Clock Groups  u_snap_dp/hold_b_reg[296]/C  u_snap_dp/dout_a_reg[296]/D
296  CDC-15  Warning   Clock enable controlled CDC structure detected      0  Asynch Clock Groups  u_snap_dp/hold_b_reg[297]/C  u_snap_dp/dout_a_reg[297]/D
297  CDC-15  Warning   Clock enable controlled CDC structure detected      0  Asynch Clock Groups  u_snap_dp/hold_b_reg[298]/C  u_snap_dp/dout_a_reg[298]/D
298  CDC-15  Warning   Clock enable controlled CDC structure detected      0  Asynch Clock Groups  u_snap_dp/hold_b_reg[299]/C  u_snap_dp/dout_a_reg[299]/D
299  CDC-15  Warning   Clock enable controlled CDC structure detected      0  Asynch Clock Groups  u_snap_dp/hold_b_reg[300]/C  u_snap_dp/dout_a_reg[300]/D
300  CDC-15  Warning   Clock enable controlled CDC structure detected      0  Asynch Clock Groups  u_snap_dp/hold_b_reg[301]/C  u_snap_dp/dout_a_reg[301]/D
301  CDC-15  Warning   Clock enable controlled CDC structure detected      0  Asynch Clock Groups  u_snap_dp/hold_b_reg[302]/C  u_snap_dp/dout_a_reg[302]/D
302  CDC-15  Warning   Clock enable controlled CDC structure detected      0  Asynch Clock Groups  u_snap_dp/hold_b_reg[303]/C  u_snap_dp/dout_a_reg[303]/D
303  CDC-15  Warning   Clock enable controlled CDC structure detected      0  Asynch Clock Groups  u_snap_dp/hold_b_reg[304]/C  u_snap_dp/dout_a_reg[304]/D
304  CDC-15  Warning   Clock enable controlled CDC structure detected      0  Asynch Clock Groups  u_snap_dp/hold_b_reg[305]/C  u_snap_dp/dout_a_reg[305]/D
305  CDC-15  Warning   Clock enable controlled CDC structure detected      0  Asynch Clock Groups  u_snap_dp/hold_b_reg[306]/C  u_snap_dp/dout_a_reg[306]/D
306  CDC-15  Warning   Clock enable controlled CDC structure detected      0  Asynch Clock Groups  u_snap_dp/hold_b_reg[307]/C  u_snap_dp/dout_a_reg[307]/D
307  CDC-15  Warning   Clock enable controlled CDC structure detected      0  Asynch Clock Groups  u_snap_dp/hold_b_reg[308]/C  u_snap_dp/dout_a_reg[308]/D
308  CDC-15  Warning   Clock enable controlled CDC structure detected      0  Asynch Clock Groups  u_snap_dp/hold_b_reg[309]/C  u_snap_dp/dout_a_reg[309]/D
309  CDC-15  Warning   Clock enable controlled CDC structure detected      0  Asynch Clock Groups  u_snap_dp/hold_b_reg[310]/C  u_snap_dp/dout_a_reg[310]/D
310  CDC-15  Warning   Clock enable controlled CDC structure detected      0  Asynch Clock Groups  u_snap_dp/hold_b_reg[311]/C  u_snap_dp/dout_a_reg[311]/D
311  CDC-15  Warning   Clock enable controlled CDC structure detected      0  Asynch Clock Groups  u_snap_dp/hold_b_reg[312]/C  u_snap_dp/dout_a_reg[312]/D
312  CDC-15  Warning   Clock enable controlled CDC structure detected      0  Asynch Clock Groups  u_snap_dp/hold_b_reg[313]/C  u_snap_dp/dout_a_reg[313]/D
313  CDC-15  Warning   Clock enable controlled CDC structure detected      0  Asynch Clock Groups  u_snap_dp/hold_b_reg[314]/C  u_snap_dp/dout_a_reg[314]/D
314  CDC-15  Warning   Clock enable controlled CDC structure detected      0  Asynch Clock Groups  u_snap_dp/hold_b_reg[315]/C  u_snap_dp/dout_a_reg[315]/D
315  CDC-15  Warning   Clock enable controlled CDC structure detected      0  Asynch Clock Groups  u_snap_dp/hold_b_reg[316]/C  u_snap_dp/dout_a_reg[316]/D
316  CDC-15  Warning   Clock enable controlled CDC structure detected      0  Asynch Clock Groups  u_snap_dp/hold_b_reg[317]/C  u_snap_dp/dout_a_reg[317]/D
317  CDC-15  Warning   Clock enable controlled CDC structure detected      0  Asynch Clock Groups  u_snap_dp/hold_b_reg[318]/C  u_snap_dp/dout_a_reg[318]/D
318  CDC-15  Warning   Clock enable controlled CDC structure detected      0  Asynch Clock Groups  u_snap_dp/hold_b_reg[319]/C  u_snap_dp/dout_a_reg[319]/D
319  CDC-15  Warning   Clock enable controlled CDC structure detected      0  Asynch Clock Groups  u_snap_dp/hold_b_reg[320]/C  u_snap_dp/dout_a_reg[320]/D
320  CDC-15  Warning   Clock enable controlled CDC structure detected      0  Asynch Clock Groups  u_snap_dp/hold_b_reg[321]/C  u_snap_dp/dout_a_reg[321]/D
321  CDC-15  Warning   Clock enable controlled CDC structure detected      0  Asynch Clock Groups  u_snap_dp/hold_b_reg[322]/C  u_snap_dp/dout_a_reg[322]/D
322  CDC-15  Warning   Clock enable controlled CDC structure detected      0  Asynch Clock Groups  u_snap_dp/hold_b_reg[323]/C  u_snap_dp/dout_a_reg[323]/D
323  CDC-15  Warning   Clock enable controlled CDC structure detected      0  Asynch Clock Groups  u_snap_dp/hold_b_reg[324]/C  u_snap_dp/dout_a_reg[324]/D
324  CDC-15  Warning   Clock enable controlled CDC structure detected      0  Asynch Clock Groups  u_snap_dp/hold_b_reg[325]/C  u_snap_dp/dout_a_reg[325]/D
325  CDC-15  Warning   Clock enable controlled CDC structure detected      0  Asynch Clock Groups  u_snap_dp/hold_b_reg[326]/C  u_snap_dp/dout_a_reg[326]/D
326  CDC-15  Warning   Clock enable controlled CDC structure detected      0  Asynch Clock Groups  u_snap_dp/hold_b_reg[327]/C  u_snap_dp/dout_a_reg[327]/D
327  CDC-15  Warning   Clock enable controlled CDC structure detected      0  Asynch Clock Groups  u_snap_dp/hold_b_reg[328]/C  u_snap_dp/dout_a_reg[328]/D
328  CDC-15  Warning   Clock enable controlled CDC structure detected      0  Asynch Clock Groups  u_snap_dp/hold_b_reg[329]/C  u_snap_dp/dout_a_reg[329]/D
329  CDC-15  Warning   Clock enable controlled CDC structure detected      0  Asynch Clock Groups  u_snap_dp/hold_b_reg[330]/C  u_snap_dp/dout_a_reg[330]/D
330  CDC-15  Warning   Clock enable controlled CDC structure detected      0  Asynch Clock Groups  u_snap_dp/hold_b_reg[331]/C  u_snap_dp/dout_a_reg[331]/D
331  CDC-15  Warning   Clock enable controlled CDC structure detected      0  Asynch Clock Groups  u_snap_dp/hold_b_reg[332]/C  u_snap_dp/dout_a_reg[332]/D
332  CDC-15  Warning   Clock enable controlled CDC structure detected      0  Asynch Clock Groups  u_snap_dp/hold_b_reg[333]/C  u_snap_dp/dout_a_reg[333]/D
333  CDC-15  Warning   Clock enable controlled CDC structure detected      0  Asynch Clock Groups  u_snap_dp/hold_b_reg[334]/C  u_snap_dp/dout_a_reg[334]/D
334  CDC-15  Warning   Clock enable controlled CDC structure detected      0  Asynch Clock Groups  u_snap_dp/hold_b_reg[335]/C  u_snap_dp/dout_a_reg[335]/D
335  CDC-15  Warning   Clock enable controlled CDC structure detected      0  Asynch Clock Groups  u_snap_dp/hold_b_reg[336]/C  u_snap_dp/dout_a_reg[336]/D
336  CDC-15  Warning   Clock enable controlled CDC structure detected      0  Asynch Clock Groups  u_snap_dp/hold_b_reg[337]/C  u_snap_dp/dout_a_reg[337]/D
337  CDC-15  Warning   Clock enable controlled CDC structure detected      0  Asynch Clock Groups  u_snap_dp/hold_b_reg[338]/C  u_snap_dp/dout_a_reg[338]/D
338  CDC-15  Warning   Clock enable controlled CDC structure detected      0  Asynch Clock Groups  u_snap_dp/hold_b_reg[339]/C  u_snap_dp/dout_a_reg[339]/D
339  CDC-15  Warning   Clock enable controlled CDC structure detected      0  Asynch Clock Groups  u_snap_dp/hold_b_reg[340]/C  u_snap_dp/dout_a_reg[340]/D
340  CDC-15  Warning   Clock enable controlled CDC structure detected      0  Asynch Clock Groups  u_snap_dp/hold_b_reg[341]/C  u_snap_dp/dout_a_reg[341]/D
341  CDC-15  Warning   Clock enable controlled CDC structure detected      0  Asynch Clock Groups  u_snap_dp/hold_b_reg[342]/C  u_snap_dp/dout_a_reg[342]/D
342  CDC-15  Warning   Clock enable controlled CDC structure detected      0  Asynch Clock Groups  u_snap_dp/hold_b_reg[343]/C  u_snap_dp/dout_a_reg[343]/D
343  CDC-15  Warning   Clock enable controlled CDC structure detected      0  Asynch Clock Groups  u_snap_dp/hold_b_reg[344]/C  u_snap_dp/dout_a_reg[344]/D
344  CDC-15  Warning   Clock enable controlled CDC structure detected      0  Asynch Clock Groups  u_snap_dp/hold_b_reg[345]/C  u_snap_dp/dout_a_reg[345]/D
345  CDC-15  Warning   Clock enable controlled CDC structure detected      0  Asynch Clock Groups  u_snap_dp/hold_b_reg[346]/C  u_snap_dp/dout_a_reg[346]/D
346  CDC-15  Warning   Clock enable controlled CDC structure detected      0  Asynch Clock Groups  u_snap_dp/hold_b_reg[347]/C  u_snap_dp/dout_a_reg[347]/D
347  CDC-15  Warning   Clock enable controlled CDC structure detected      0  Asynch Clock Groups  u_snap_dp/hold_b_reg[348]/C  u_snap_dp/dout_a_reg[348]/D
348  CDC-15  Warning   Clock enable controlled CDC structure detected      0  Asynch Clock Groups  u_snap_dp/hold_b_reg[349]/C  u_snap_dp/dout_a_reg[349]/D
349  CDC-15  Warning   Clock enable controlled CDC structure detected      0  Asynch Clock Groups  u_snap_dp/hold_b_reg[350]/C  u_snap_dp/dout_a_reg[350]/D
350  CDC-15  Warning   Clock enable controlled CDC structure detected      0  Asynch Clock Groups  u_snap_dp/hold_b_reg[351]/C  u_snap_dp/dout_a_reg[351]/D
351  CDC-15  Warning   Clock enable controlled CDC structure detected      0  Asynch Clock Groups  u_snap_dp/hold_b_reg[352]/C  u_snap_dp/dout_a_reg[352]/D
352  CDC-15  Warning   Clock enable controlled CDC structure detected      0  Asynch Clock Groups  u_snap_dp/hold_b_reg[353]/C  u_snap_dp/dout_a_reg[353]/D
353  CDC-15  Warning   Clock enable controlled CDC structure detected      0  Asynch Clock Groups  u_snap_dp/hold_b_reg[354]/C  u_snap_dp/dout_a_reg[354]/D
354  CDC-15  Warning   Clock enable controlled CDC structure detected      0  Asynch Clock Groups  u_snap_dp/hold_b_reg[355]/C  u_snap_dp/dout_a_reg[355]/D
355  CDC-15  Warning   Clock enable controlled CDC structure detected      0  Asynch Clock Groups  u_snap_dp/hold_b_reg[356]/C  u_snap_dp/dout_a_reg[356]/D
356  CDC-15  Warning   Clock enable controlled CDC structure detected      0  Asynch Clock Groups  u_snap_dp/hold_b_reg[357]/C  u_snap_dp/dout_a_reg[357]/D
357  CDC-15  Warning   Clock enable controlled CDC structure detected      0  Asynch Clock Groups  u_snap_dp/hold_b_reg[358]/C  u_snap_dp/dout_a_reg[358]/D
358  CDC-15  Warning   Clock enable controlled CDC structure detected      0  Asynch Clock Groups  u_snap_dp/hold_b_reg[359]/C  u_snap_dp/dout_a_reg[359]/D
359  CDC-15  Warning   Clock enable controlled CDC structure detected      0  Asynch Clock Groups  u_snap_dp/hold_b_reg[360]/C  u_snap_dp/dout_a_reg[360]/D
360  CDC-15  Warning   Clock enable controlled CDC structure detected      0  Asynch Clock Groups  u_snap_dp/hold_b_reg[361]/C  u_snap_dp/dout_a_reg[361]/D
361  CDC-15  Warning   Clock enable controlled CDC structure detected      0  Asynch Clock Groups  u_snap_dp/hold_b_reg[362]/C  u_snap_dp/dout_a_reg[362]/D
362  CDC-15  Warning   Clock enable controlled CDC structure detected      0  Asynch Clock Groups  u_snap_dp/hold_b_reg[363]/C  u_snap_dp/dout_a_reg[363]/D
363  CDC-15  Warning   Clock enable controlled CDC structure detected      0  Asynch Clock Groups  u_snap_dp/hold_b_reg[364]/C  u_snap_dp/dout_a_reg[364]/D
364  CDC-15  Warning   Clock enable controlled CDC structure detected      0  Asynch Clock Groups  u_snap_dp/hold_b_reg[365]/C  u_snap_dp/dout_a_reg[365]/D
365  CDC-15  Warning   Clock enable controlled CDC structure detected      0  Asynch Clock Groups  u_snap_dp/hold_b_reg[366]/C  u_snap_dp/dout_a_reg[366]/D
366  CDC-15  Warning   Clock enable controlled CDC structure detected      0  Asynch Clock Groups  u_snap_dp/hold_b_reg[367]/C  u_snap_dp/dout_a_reg[367]/D
367  CDC-15  Warning   Clock enable controlled CDC structure detected      0  Asynch Clock Groups  u_snap_dp/hold_b_reg[368]/C  u_snap_dp/dout_a_reg[368]/D
368  CDC-15  Warning   Clock enable controlled CDC structure detected      0  Asynch Clock Groups  u_snap_dp/hold_b_reg[369]/C  u_snap_dp/dout_a_reg[369]/D
369  CDC-15  Warning   Clock enable controlled CDC structure detected      0  Asynch Clock Groups  u_snap_dp/hold_b_reg[370]/C  u_snap_dp/dout_a_reg[370]/D
370  CDC-15  Warning   Clock enable controlled CDC structure detected      0  Asynch Clock Groups  u_snap_dp/hold_b_reg[371]/C  u_snap_dp/dout_a_reg[371]/D
371  CDC-15  Warning   Clock enable controlled CDC structure detected      0  Asynch Clock Groups  u_snap_dp/hold_b_reg[372]/C  u_snap_dp/dout_a_reg[372]/D
372  CDC-15  Warning   Clock enable controlled CDC structure detected      0  Asynch Clock Groups  u_snap_dp/hold_b_reg[373]/C  u_snap_dp/dout_a_reg[373]/D
373  CDC-15  Warning   Clock enable controlled CDC structure detected      0  Asynch Clock Groups  u_snap_dp/hold_b_reg[374]/C  u_snap_dp/dout_a_reg[374]/D
374  CDC-15  Warning   Clock enable controlled CDC structure detected      0  Asynch Clock Groups  u_snap_dp/hold_b_reg[375]/C  u_snap_dp/dout_a_reg[375]/D
375  CDC-15  Warning   Clock enable controlled CDC structure detected      0  Asynch Clock Groups  u_snap_dp/hold_b_reg[376]/C  u_snap_dp/dout_a_reg[376]/D
376  CDC-15  Warning   Clock enable controlled CDC structure detected      0  Asynch Clock Groups  u_snap_dp/hold_b_reg[377]/C  u_snap_dp/dout_a_reg[377]/D
377  CDC-15  Warning   Clock enable controlled CDC structure detected      0  Asynch Clock Groups  u_snap_dp/hold_b_reg[378]/C  u_snap_dp/dout_a_reg[378]/D
378  CDC-15  Warning   Clock enable controlled CDC structure detected      0  Asynch Clock Groups  u_snap_dp/hold_b_reg[379]/C  u_snap_dp/dout_a_reg[379]/D
379  CDC-15  Warning   Clock enable controlled CDC structure detected      0  Asynch Clock Groups  u_snap_dp/hold_b_reg[380]/C  u_snap_dp/dout_a_reg[380]/D
380  CDC-15  Warning   Clock enable controlled CDC structure detected      0  Asynch Clock Groups  u_snap_dp/hold_b_reg[381]/C  u_snap_dp/dout_a_reg[381]/D
381  CDC-15  Warning   Clock enable controlled CDC structure detected      0  Asynch Clock Groups  u_snap_dp/hold_b_reg[382]/C  u_snap_dp/dout_a_reg[382]/D
382  CDC-15  Warning   Clock enable controlled CDC structure detected      0  Asynch Clock Groups  u_snap_dp/hold_b_reg[383]/C  u_snap_dp/dout_a_reg[383]/D
383  CDC-15  Warning   Clock enable controlled CDC structure detected      0  Asynch Clock Groups  u_snap_dp/hold_b_reg[384]/C  u_snap_dp/dout_a_reg[384]/D
384  CDC-15  Warning   Clock enable controlled CDC structure detected      0  Asynch Clock Groups  u_snap_dp/hold_b_reg[385]/C  u_snap_dp/dout_a_reg[385]/D
385  CDC-15  Warning   Clock enable controlled CDC structure detected      0  Asynch Clock Groups  u_snap_dp/hold_b_reg[386]/C  u_snap_dp/dout_a_reg[386]/D
386  CDC-15  Warning   Clock enable controlled CDC structure detected      0  Asynch Clock Groups  u_snap_dp/hold_b_reg[387]/C  u_snap_dp/dout_a_reg[387]/D
387  CDC-15  Warning   Clock enable controlled CDC structure detected      0  Asynch Clock Groups  u_snap_dp/hold_b_reg[388]/C  u_snap_dp/dout_a_reg[388]/D
388  CDC-15  Warning   Clock enable controlled CDC structure detected      0  Asynch Clock Groups  u_snap_dp/hold_b_reg[389]/C  u_snap_dp/dout_a_reg[389]/D
389  CDC-15  Warning   Clock enable controlled CDC structure detected      0  Asynch Clock Groups  u_snap_dp/hold_b_reg[390]/C  u_snap_dp/dout_a_reg[390]/D
390  CDC-15  Warning   Clock enable controlled CDC structure detected      0  Asynch Clock Groups  u_snap_dp/hold_b_reg[391]/C  u_snap_dp/dout_a_reg[391]/D
391  CDC-15  Warning   Clock enable controlled CDC structure detected      0  Asynch Clock Groups  u_snap_dp/hold_b_reg[392]/C  u_snap_dp/dout_a_reg[392]/D
392  CDC-15  Warning   Clock enable controlled CDC structure detected      0  Asynch Clock Groups  u_snap_dp/hold_b_reg[393]/C  u_snap_dp/dout_a_reg[393]/D
393  CDC-15  Warning   Clock enable controlled CDC structure detected      0  Asynch Clock Groups  u_snap_dp/hold_b_reg[394]/C  u_snap_dp/dout_a_reg[394]/D
394  CDC-15  Warning   Clock enable controlled CDC structure detected      0  Asynch Clock Groups  u_snap_dp/hold_b_reg[395]/C  u_snap_dp/dout_a_reg[395]/D
395  CDC-15  Warning   Clock enable controlled CDC structure detected      0  Asynch Clock Groups  u_snap_dp/hold_b_reg[396]/C  u_snap_dp/dout_a_reg[396]/D
396  CDC-15  Warning   Clock enable controlled CDC structure detected      0  Asynch Clock Groups  u_snap_dp/hold_b_reg[397]/C  u_snap_dp/dout_a_reg[397]/D
397  CDC-15  Warning   Clock enable controlled CDC structure detected      0  Asynch Clock Groups  u_snap_dp/hold_b_reg[398]/C  u_snap_dp/dout_a_reg[398]/D
398  CDC-15  Warning   Clock enable controlled CDC structure detected      0  Asynch Clock Groups  u_snap_dp/hold_b_reg[399]/C  u_snap_dp/dout_a_reg[399]/D
399  CDC-15  Warning   Clock enable controlled CDC structure detected      0  Asynch Clock Groups  u_snap_dp/hold_b_reg[400]/C  u_snap_dp/dout_a_reg[400]/D
400  CDC-15  Warning   Clock enable controlled CDC structure detected      0  Asynch Clock Groups  u_snap_dp/hold_b_reg[401]/C  u_snap_dp/dout_a_reg[401]/D
401  CDC-15  Warning   Clock enable controlled CDC structure detected      0  Asynch Clock Groups  u_snap_dp/hold_b_reg[402]/C  u_snap_dp/dout_a_reg[402]/D
402  CDC-15  Warning   Clock enable controlled CDC structure detected      0  Asynch Clock Groups  u_snap_dp/hold_b_reg[403]/C  u_snap_dp/dout_a_reg[403]/D
403  CDC-15  Warning   Clock enable controlled CDC structure detected      0  Asynch Clock Groups  u_snap_dp/hold_b_reg[404]/C  u_snap_dp/dout_a_reg[404]/D
404  CDC-15  Warning   Clock enable controlled CDC structure detected      0  Asynch Clock Groups  u_snap_dp/hold_b_reg[405]/C  u_snap_dp/dout_a_reg[405]/D
405  CDC-15  Warning   Clock enable controlled CDC structure detected      0  Asynch Clock Groups  u_snap_dp/hold_b_reg[406]/C  u_snap_dp/dout_a_reg[406]/D
406  CDC-15  Warning   Clock enable controlled CDC structure detected      0  Asynch Clock Groups  u_snap_dp/hold_b_reg[407]/C  u_snap_dp/dout_a_reg[407]/D
407  CDC-15  Warning   Clock enable controlled CDC structure detected      0  Asynch Clock Groups  u_snap_dp/hold_b_reg[408]/C  u_snap_dp/dout_a_reg[408]/D
408  CDC-15  Warning   Clock enable controlled CDC structure detected      0  Asynch Clock Groups  u_snap_dp/hold_b_reg[409]/C  u_snap_dp/dout_a_reg[409]/D
409  CDC-15  Warning   Clock enable controlled CDC structure detected      0  Asynch Clock Groups  u_snap_dp/hold_b_reg[410]/C  u_snap_dp/dout_a_reg[410]/D
410  CDC-15  Warning   Clock enable controlled CDC structure detected      0  Asynch Clock Groups  u_snap_dp/hold_b_reg[411]/C  u_snap_dp/dout_a_reg[411]/D
411  CDC-15  Warning   Clock enable controlled CDC structure detected      0  Asynch Clock Groups  u_snap_dp/hold_b_reg[412]/C  u_snap_dp/dout_a_reg[412]/D
412  CDC-15  Warning   Clock enable controlled CDC structure detected      0  Asynch Clock Groups  u_snap_dp/hold_b_reg[413]/C  u_snap_dp/dout_a_reg[413]/D
413  CDC-15  Warning   Clock enable controlled CDC structure detected      0  Asynch Clock Groups  u_snap_dp/hold_b_reg[414]/C  u_snap_dp/dout_a_reg[414]/D
414  CDC-15  Warning   Clock enable controlled CDC structure detected      0  Asynch Clock Groups  u_snap_dp/hold_b_reg[415]/C  u_snap_dp/dout_a_reg[415]/D
415  CDC-15  Warning   Clock enable controlled CDC structure detected      0  Asynch Clock Groups  u_snap_dp/hold_b_reg[416]/C  u_snap_dp/dout_a_reg[416]/D
416  CDC-15  Warning   Clock enable controlled CDC structure detected      0  Asynch Clock Groups  u_snap_dp/hold_b_reg[417]/C  u_snap_dp/dout_a_reg[417]/D
417  CDC-15  Warning   Clock enable controlled CDC structure detected      0  Asynch Clock Groups  u_snap_dp/hold_b_reg[418]/C  u_snap_dp/dout_a_reg[418]/D
418  CDC-15  Warning   Clock enable controlled CDC structure detected      0  Asynch Clock Groups  u_snap_dp/hold_b_reg[419]/C  u_snap_dp/dout_a_reg[419]/D
419  CDC-15  Warning   Clock enable controlled CDC structure detected      0  Asynch Clock Groups  u_snap_dp/hold_b_reg[420]/C  u_snap_dp/dout_a_reg[420]/D
420  CDC-15  Warning   Clock enable controlled CDC structure detected      0  Asynch Clock Groups  u_snap_dp/hold_b_reg[421]/C  u_snap_dp/dout_a_reg[421]/D
421  CDC-15  Warning   Clock enable controlled CDC structure detected      0  Asynch Clock Groups  u_snap_dp/hold_b_reg[422]/C  u_snap_dp/dout_a_reg[422]/D
422  CDC-15  Warning   Clock enable controlled CDC structure detected      0  Asynch Clock Groups  u_snap_dp/hold_b_reg[423]/C  u_snap_dp/dout_a_reg[423]/D
423  CDC-15  Warning   Clock enable controlled CDC structure detected      0  Asynch Clock Groups  u_snap_dp/hold_b_reg[424]/C  u_snap_dp/dout_a_reg[424]/D
424  CDC-15  Warning   Clock enable controlled CDC structure detected      0  Asynch Clock Groups  u_snap_dp/hold_b_reg[425]/C  u_snap_dp/dout_a_reg[425]/D
425  CDC-15  Warning   Clock enable controlled CDC structure detected      0  Asynch Clock Groups  u_snap_dp/hold_b_reg[426]/C  u_snap_dp/dout_a_reg[426]/D
426  CDC-15  Warning   Clock enable controlled CDC structure detected      0  Asynch Clock Groups  u_snap_dp/hold_b_reg[427]/C  u_snap_dp/dout_a_reg[427]/D
427  CDC-15  Warning   Clock enable controlled CDC structure detected      0  Asynch Clock Groups  u_snap_dp/hold_b_reg[428]/C  u_snap_dp/dout_a_reg[428]/D
428  CDC-15  Warning   Clock enable controlled CDC structure detected      0  Asynch Clock Groups  u_snap_dp/hold_b_reg[429]/C  u_snap_dp/dout_a_reg[429]/D
429  CDC-15  Warning   Clock enable controlled CDC structure detected      0  Asynch Clock Groups  u_snap_dp/hold_b_reg[430]/C  u_snap_dp/dout_a_reg[430]/D
430  CDC-15  Warning   Clock enable controlled CDC structure detected      0  Asynch Clock Groups  u_snap_dp/hold_b_reg[431]/C  u_snap_dp/dout_a_reg[431]/D
431  CDC-15  Warning   Clock enable controlled CDC structure detected      0  Asynch Clock Groups  u_snap_dp/hold_b_reg[432]/C  u_snap_dp/dout_a_reg[432]/D
432  CDC-15  Warning   Clock enable controlled CDC structure detected      0  Asynch Clock Groups  u_snap_dp/hold_b_reg[433]/C  u_snap_dp/dout_a_reg[433]/D
433  CDC-15  Warning   Clock enable controlled CDC structure detected      0  Asynch Clock Groups  u_snap_dp/hold_b_reg[434]/C  u_snap_dp/dout_a_reg[434]/D
434  CDC-15  Warning   Clock enable controlled CDC structure detected      0  Asynch Clock Groups  u_snap_dp/hold_b_reg[435]/C  u_snap_dp/dout_a_reg[435]/D
435  CDC-15  Warning   Clock enable controlled CDC structure detected      0  Asynch Clock Groups  u_snap_dp/hold_b_reg[436]/C  u_snap_dp/dout_a_reg[436]/D
436  CDC-15  Warning   Clock enable controlled CDC structure detected      0  Asynch Clock Groups  u_snap_dp/hold_b_reg[437]/C  u_snap_dp/dout_a_reg[437]/D
437  CDC-15  Warning   Clock enable controlled CDC structure detected      0  Asynch Clock Groups  u_snap_dp/hold_b_reg[438]/C  u_snap_dp/dout_a_reg[438]/D
438  CDC-15  Warning   Clock enable controlled CDC structure detected      0  Asynch Clock Groups  u_snap_dp/hold_b_reg[439]/C  u_snap_dp/dout_a_reg[439]/D
439  CDC-15  Warning   Clock enable controlled CDC structure detected      0  Asynch Clock Groups  u_snap_dp/hold_b_reg[440]/C  u_snap_dp/dout_a_reg[440]/D
440  CDC-15  Warning   Clock enable controlled CDC structure detected      0  Asynch Clock Groups  u_snap_dp/hold_b_reg[441]/C  u_snap_dp/dout_a_reg[441]/D
441  CDC-15  Warning   Clock enable controlled CDC structure detected      0  Asynch Clock Groups  u_snap_dp/hold_b_reg[442]/C  u_snap_dp/dout_a_reg[442]/D
442  CDC-15  Warning   Clock enable controlled CDC structure detected      0  Asynch Clock Groups  u_snap_dp/hold_b_reg[443]/C  u_snap_dp/dout_a_reg[443]/D
443  CDC-15  Warning   Clock enable controlled CDC structure detected      0  Asynch Clock Groups  u_snap_dp/hold_b_reg[444]/C  u_snap_dp/dout_a_reg[444]/D
444  CDC-15  Warning   Clock enable controlled CDC structure detected      0  Asynch Clock Groups  u_snap_dp/hold_b_reg[445]/C  u_snap_dp/dout_a_reg[445]/D
445  CDC-15  Warning   Clock enable controlled CDC structure detected      0  Asynch Clock Groups  u_snap_dp/hold_b_reg[446]/C  u_snap_dp/dout_a_reg[446]/D
446  CDC-15  Warning   Clock enable controlled CDC structure detected      0  Asynch Clock Groups  u_snap_dp/hold_b_reg[447]/C  u_snap_dp/dout_a_reg[447]/D
447  CDC-15  Warning   Clock enable controlled CDC structure detected      0  Asynch Clock Groups  u_snap_dp/hold_b_reg[448]/C  u_snap_dp/dout_a_reg[448]/D
448  CDC-15  Warning   Clock enable controlled CDC structure detected      0  Asynch Clock Groups  u_snap_dp/hold_b_reg[449]/C  u_snap_dp/dout_a_reg[449]/D
449  CDC-15  Warning   Clock enable controlled CDC structure detected      0  Asynch Clock Groups  u_snap_dp/hold_b_reg[450]/C  u_snap_dp/dout_a_reg[450]/D
450  CDC-15  Warning   Clock enable controlled CDC structure detected      0  Asynch Clock Groups  u_snap_dp/hold_b_reg[451]/C  u_snap_dp/dout_a_reg[451]/D
451  CDC-15  Warning   Clock enable controlled CDC structure detected      0  Asynch Clock Groups  u_snap_dp/hold_b_reg[452]/C  u_snap_dp/dout_a_reg[452]/D
452  CDC-15  Warning   Clock enable controlled CDC structure detected      0  Asynch Clock Groups  u_snap_dp/hold_b_reg[453]/C  u_snap_dp/dout_a_reg[453]/D
453  CDC-15  Warning   Clock enable controlled CDC structure detected      0  Asynch Clock Groups  u_snap_dp/hold_b_reg[454]/C  u_snap_dp/dout_a_reg[454]/D
454  CDC-15  Warning   Clock enable controlled CDC structure detected      0  Asynch Clock Groups  u_snap_dp/hold_b_reg[455]/C  u_snap_dp/dout_a_reg[455]/D
455  CDC-15  Warning   Clock enable controlled CDC structure detected      0  Asynch Clock Groups  u_snap_dp/hold_b_reg[456]/C  u_snap_dp/dout_a_reg[456]/D
456  CDC-15  Warning   Clock enable controlled CDC structure detected      0  Asynch Clock Groups  u_snap_dp/hold_b_reg[457]/C  u_snap_dp/dout_a_reg[457]/D
457  CDC-15  Warning   Clock enable controlled CDC structure detected      0  Asynch Clock Groups  u_snap_dp/hold_b_reg[458]/C  u_snap_dp/dout_a_reg[458]/D
458  CDC-15  Warning   Clock enable controlled CDC structure detected      0  Asynch Clock Groups  u_snap_dp/hold_b_reg[459]/C  u_snap_dp/dout_a_reg[459]/D
459  CDC-15  Warning   Clock enable controlled CDC structure detected      0  Asynch Clock Groups  u_snap_dp/hold_b_reg[460]/C  u_snap_dp/dout_a_reg[460]/D
460  CDC-15  Warning   Clock enable controlled CDC structure detected      0  Asynch Clock Groups  u_snap_dp/hold_b_reg[461]/C  u_snap_dp/dout_a_reg[461]/D
461  CDC-15  Warning   Clock enable controlled CDC structure detected      0  Asynch Clock Groups  u_snap_dp/hold_b_reg[462]/C  u_snap_dp/dout_a_reg[462]/D
462  CDC-15  Warning   Clock enable controlled CDC structure detected      0  Asynch Clock Groups  u_snap_dp/hold_b_reg[463]/C  u_snap_dp/dout_a_reg[463]/D
463  CDC-15  Warning   Clock enable controlled CDC structure detected      0  Asynch Clock Groups  u_snap_dp/hold_b_reg[464]/C  u_snap_dp/dout_a_reg[464]/D
464  CDC-15  Warning   Clock enable controlled CDC structure detected      0  Asynch Clock Groups  u_snap_dp/hold_b_reg[465]/C  u_snap_dp/dout_a_reg[465]/D
465  CDC-15  Warning   Clock enable controlled CDC structure detected      0  Asynch Clock Groups  u_snap_dp/hold_b_reg[466]/C  u_snap_dp/dout_a_reg[466]/D
466  CDC-15  Warning   Clock enable controlled CDC structure detected      0  Asynch Clock Groups  u_snap_dp/hold_b_reg[467]/C  u_snap_dp/dout_a_reg[467]/D
467  CDC-15  Warning   Clock enable controlled CDC structure detected      0  Asynch Clock Groups  u_snap_dp/hold_b_reg[468]/C  u_snap_dp/dout_a_reg[468]/D
468  CDC-15  Warning   Clock enable controlled CDC structure detected      0  Asynch Clock Groups  u_snap_dp/hold_b_reg[469]/C  u_snap_dp/dout_a_reg[469]/D
469  CDC-15  Warning   Clock enable controlled CDC structure detected      0  Asynch Clock Groups  u_snap_dp/hold_b_reg[470]/C  u_snap_dp/dout_a_reg[470]/D
470  CDC-15  Warning   Clock enable controlled CDC structure detected      0  Asynch Clock Groups  u_snap_dp/hold_b_reg[471]/C  u_snap_dp/dout_a_reg[471]/D
471  CDC-15  Warning   Clock enable controlled CDC structure detected      0  Asynch Clock Groups  u_snap_dp/hold_b_reg[472]/C  u_snap_dp/dout_a_reg[472]/D
472  CDC-15  Warning   Clock enable controlled CDC structure detected      0  Asynch Clock Groups  u_snap_dp/hold_b_reg[473]/C  u_snap_dp/dout_a_reg[473]/D
473  CDC-15  Warning   Clock enable controlled CDC structure detected      0  Asynch Clock Groups  u_snap_dp/hold_b_reg[474]/C  u_snap_dp/dout_a_reg[474]/D
474  CDC-15  Warning   Clock enable controlled CDC structure detected      0  Asynch Clock Groups  u_snap_dp/hold_b_reg[475]/C  u_snap_dp/dout_a_reg[475]/D
475  CDC-15  Warning   Clock enable controlled CDC structure detected      0  Asynch Clock Groups  u_snap_dp/hold_b_reg[476]/C  u_snap_dp/dout_a_reg[476]/D
476  CDC-15  Warning   Clock enable controlled CDC structure detected      0  Asynch Clock Groups  u_snap_dp/hold_b_reg[477]/C  u_snap_dp/dout_a_reg[477]/D
477  CDC-15  Warning   Clock enable controlled CDC structure detected      0  Asynch Clock Groups  u_snap_dp/hold_b_reg[478]/C  u_snap_dp/dout_a_reg[478]/D
478  CDC-15  Warning   Clock enable controlled CDC structure detected      0  Asynch Clock Groups  u_snap_dp/hold_b_reg[479]/C  u_snap_dp/dout_a_reg[479]/D
479  CDC-15  Warning   Clock enable controlled CDC structure detected      0  Asynch Clock Groups  u_snap_dp/hold_b_reg[480]/C  u_snap_dp/dout_a_reg[480]/D
480  CDC-15  Warning   Clock enable controlled CDC structure detected      0  Asynch Clock Groups  u_snap_dp/hold_b_reg[481]/C  u_snap_dp/dout_a_reg[481]/D
481  CDC-15  Warning   Clock enable controlled CDC structure detected      0  Asynch Clock Groups  u_snap_dp/hold_b_reg[482]/C  u_snap_dp/dout_a_reg[482]/D
482  CDC-15  Warning   Clock enable controlled CDC structure detected      0  Asynch Clock Groups  u_snap_dp/hold_b_reg[483]/C  u_snap_dp/dout_a_reg[483]/D
483  CDC-15  Warning   Clock enable controlled CDC structure detected      0  Asynch Clock Groups  u_snap_dp/hold_b_reg[484]/C  u_snap_dp/dout_a_reg[484]/D
484  CDC-15  Warning   Clock enable controlled CDC structure detected      0  Asynch Clock Groups  u_snap_dp/hold_b_reg[485]/C  u_snap_dp/dout_a_reg[485]/D
485  CDC-15  Warning   Clock enable controlled CDC structure detected      0  Asynch Clock Groups  u_snap_dp/hold_b_reg[486]/C  u_snap_dp/dout_a_reg[486]/D
486  CDC-15  Warning   Clock enable controlled CDC structure detected      0  Asynch Clock Groups  u_snap_dp/hold_b_reg[487]/C  u_snap_dp/dout_a_reg[487]/D
487  CDC-15  Warning   Clock enable controlled CDC structure detected      0  Asynch Clock Groups  u_snap_dp/hold_b_reg[488]/C  u_snap_dp/dout_a_reg[488]/D
488  CDC-15  Warning   Clock enable controlled CDC structure detected      0  Asynch Clock Groups  u_snap_dp/hold_b_reg[489]/C  u_snap_dp/dout_a_reg[489]/D
489  CDC-15  Warning   Clock enable controlled CDC structure detected      0  Asynch Clock Groups  u_snap_dp/hold_b_reg[490]/C  u_snap_dp/dout_a_reg[490]/D
490  CDC-15  Warning   Clock enable controlled CDC structure detected      0  Asynch Clock Groups  u_snap_dp/hold_b_reg[491]/C  u_snap_dp/dout_a_reg[491]/D
491  CDC-15  Warning   Clock enable controlled CDC structure detected      0  Asynch Clock Groups  u_snap_dp/hold_b_reg[492]/C  u_snap_dp/dout_a_reg[492]/D
492  CDC-15  Warning   Clock enable controlled CDC structure detected      0  Asynch Clock Groups  u_snap_dp/hold_b_reg[493]/C  u_snap_dp/dout_a_reg[493]/D
493  CDC-15  Warning   Clock enable controlled CDC structure detected      0  Asynch Clock Groups  u_snap_dp/hold_b_reg[494]/C  u_snap_dp/dout_a_reg[494]/D
494  CDC-15  Warning   Clock enable controlled CDC structure detected      0  Asynch Clock Groups  u_snap_dp/hold_b_reg[495]/C  u_snap_dp/dout_a_reg[495]/D
495  CDC-15  Warning   Clock enable controlled CDC structure detected      0  Asynch Clock Groups  u_snap_dp/hold_b_reg[496]/C  u_snap_dp/dout_a_reg[496]/D
496  CDC-15  Warning   Clock enable controlled CDC structure detected      0  Asynch Clock Groups  u_snap_dp/hold_b_reg[497]/C  u_snap_dp/dout_a_reg[497]/D
497  CDC-15  Warning   Clock enable controlled CDC structure detected      0  Asynch Clock Groups  u_snap_dp/hold_b_reg[498]/C  u_snap_dp/dout_a_reg[498]/D
498  CDC-15  Warning   Clock enable controlled CDC structure detected      0  Asynch Clock Groups  u_snap_dp/hold_b_reg[499]/C  u_snap_dp/dout_a_reg[499]/D
499  CDC-15  Warning   Clock enable controlled CDC structure detected      0  Asynch Clock Groups  u_snap_dp/hold_b_reg[500]/C  u_snap_dp/dout_a_reg[500]/D
500  CDC-15  Warning   Clock enable controlled CDC structure detected      0  Asynch Clock Groups  u_snap_dp/hold_b_reg[501]/C  u_snap_dp/dout_a_reg[501]/D
501  CDC-15  Warning   Clock enable controlled CDC structure detected      0  Asynch Clock Groups  u_snap_dp/hold_b_reg[502]/C  u_snap_dp/dout_a_reg[502]/D
502  CDC-15  Warning   Clock enable controlled CDC structure detected      0  Asynch Clock Groups  u_snap_dp/hold_b_reg[503]/C  u_snap_dp/dout_a_reg[503]/D
503  CDC-15  Warning   Clock enable controlled CDC structure detected      0  Asynch Clock Groups  u_snap_dp/hold_b_reg[504]/C  u_snap_dp/dout_a_reg[504]/D
504  CDC-15  Warning   Clock enable controlled CDC structure detected      0  Asynch Clock Groups  u_snap_dp/hold_b_reg[505]/C  u_snap_dp/dout_a_reg[505]/D
505  CDC-15  Warning   Clock enable controlled CDC structure detected      0  Asynch Clock Groups  u_snap_dp/hold_b_reg[506]/C  u_snap_dp/dout_a_reg[506]/D
506  CDC-15  Warning   Clock enable controlled CDC structure detected      0  Asynch Clock Groups  u_snap_dp/hold_b_reg[507]/C  u_snap_dp/dout_a_reg[507]/D
507  CDC-15  Warning   Clock enable controlled CDC structure detected      0  Asynch Clock Groups  u_snap_dp/hold_b_reg[508]/C  u_snap_dp/dout_a_reg[508]/D
508  CDC-15  Warning   Clock enable controlled CDC structure detected      0  Asynch Clock Groups  u_snap_dp/hold_b_reg[509]/C  u_snap_dp/dout_a_reg[509]/D
509  CDC-15  Warning   Clock enable controlled CDC structure detected      0  Asynch Clock Groups  u_snap_dp/hold_b_reg[510]/C  u_snap_dp/dout_a_reg[510]/D
510  CDC-15  Warning   Clock enable controlled CDC structure detected      0  Asynch Clock Groups  u_snap_dp/hold_b_reg[511]/C  u_snap_dp/dout_a_reg[511]/D
511  CDC-15  Warning   Clock enable controlled CDC structure detected      0  Asynch Clock Groups  u_snap_dp/hold_b_reg[512]/C  u_snap_dp/dout_a_reg[512]/D
512  CDC-15  Warning   Clock enable controlled CDC structure detected      0  Asynch Clock Groups  u_snap_dp/hold_b_reg[513]/C  u_snap_dp/dout_a_reg[513]/D
513  CDC-15  Warning   Clock enable controlled CDC structure detected      0  Asynch Clock Groups  u_snap_dp/hold_b_reg[514]/C  u_snap_dp/dout_a_reg[514]/D
514  CDC-15  Warning   Clock enable controlled CDC structure detected      0  Asynch Clock Groups  u_snap_dp/hold_b_reg[515]/C  u_snap_dp/dout_a_reg[515]/D
515  CDC-15  Warning   Clock enable controlled CDC structure detected      0  Asynch Clock Groups  u_snap_dp/hold_b_reg[516]/C  u_snap_dp/dout_a_reg[516]/D
516  CDC-15  Warning   Clock enable controlled CDC structure detected      0  Asynch Clock Groups  u_snap_dp/hold_b_reg[517]/C  u_snap_dp/dout_a_reg[517]/D
517  CDC-15  Warning   Clock enable controlled CDC structure detected      0  Asynch Clock Groups  u_snap_dp/hold_b_reg[518]/C  u_snap_dp/dout_a_reg[518]/D
518  CDC-15  Warning   Clock enable controlled CDC structure detected      0  Asynch Clock Groups  u_snap_dp/hold_b_reg[519]/C  u_snap_dp/dout_a_reg[519]/D
519  CDC-15  Warning   Clock enable controlled CDC structure detected      0  Asynch Clock Groups  u_snap_dp/hold_b_reg[520]/C  u_snap_dp/dout_a_reg[520]/D
520  CDC-15  Warning   Clock enable controlled CDC structure detected      0  Asynch Clock Groups  u_snap_dp/hold_b_reg[521]/C  u_snap_dp/dout_a_reg[521]/D
521  CDC-15  Warning   Clock enable controlled CDC structure detected      0  Asynch Clock Groups  u_snap_dp/hold_b_reg[522]/C  u_snap_dp/dout_a_reg[522]/D
522  CDC-15  Warning   Clock enable controlled CDC structure detected      0  Asynch Clock Groups  u_snap_dp/hold_b_reg[523]/C  u_snap_dp/dout_a_reg[523]/D
523  CDC-15  Warning   Clock enable controlled CDC structure detected      0  Asynch Clock Groups  u_snap_dp/hold_b_reg[524]/C  u_snap_dp/dout_a_reg[524]/D
524  CDC-15  Warning   Clock enable controlled CDC structure detected      0  Asynch Clock Groups  u_snap_dp/hold_b_reg[525]/C  u_snap_dp/dout_a_reg[525]/D
525  CDC-15  Warning   Clock enable controlled CDC structure detected      0  Asynch Clock Groups  u_snap_dp/hold_b_reg[526]/C  u_snap_dp/dout_a_reg[526]/D
526  CDC-15  Warning   Clock enable controlled CDC structure detected      0  Asynch Clock Groups  u_snap_dp/hold_b_reg[527]/C  u_snap_dp/dout_a_reg[527]/D
527  CDC-15  Warning   Clock enable controlled CDC structure detected      0  Asynch Clock Groups  u_snap_dp/hold_b_reg[528]/C  u_snap_dp/dout_a_reg[528]/D
528  CDC-15  Warning   Clock enable controlled CDC structure detected      0  Asynch Clock Groups  u_snap_dp/hold_b_reg[529]/C  u_snap_dp/dout_a_reg[529]/D
529  CDC-15  Warning   Clock enable controlled CDC structure detected      0  Asynch Clock Groups  u_snap_dp/hold_b_reg[530]/C  u_snap_dp/dout_a_reg[530]/D
530  CDC-15  Warning   Clock enable controlled CDC structure detected      0  Asynch Clock Groups  u_snap_dp/hold_b_reg[531]/C  u_snap_dp/dout_a_reg[531]/D
531  CDC-15  Warning   Clock enable controlled CDC structure detected      0  Asynch Clock Groups  u_snap_dp/hold_b_reg[532]/C  u_snap_dp/dout_a_reg[532]/D
532  CDC-15  Warning   Clock enable controlled CDC structure detected      0  Asynch Clock Groups  u_snap_dp/hold_b_reg[533]/C  u_snap_dp/dout_a_reg[533]/D
533  CDC-15  Warning   Clock enable controlled CDC structure detected      0  Asynch Clock Groups  u_snap_dp/hold_b_reg[534]/C  u_snap_dp/dout_a_reg[534]/D
534  CDC-15  Warning   Clock enable controlled CDC structure detected      0  Asynch Clock Groups  u_snap_dp/hold_b_reg[535]/C  u_snap_dp/dout_a_reg[535]/D
535  CDC-15  Warning   Clock enable controlled CDC structure detected      0  Asynch Clock Groups  u_snap_dp/hold_b_reg[536]/C  u_snap_dp/dout_a_reg[536]/D
536  CDC-15  Warning   Clock enable controlled CDC structure detected      0  Asynch Clock Groups  u_snap_dp/hold_b_reg[537]/C  u_snap_dp/dout_a_reg[537]/D
537  CDC-15  Warning   Clock enable controlled CDC structure detected      0  Asynch Clock Groups  u_snap_dp/hold_b_reg[538]/C  u_snap_dp/dout_a_reg[538]/D
538  CDC-15  Warning   Clock enable controlled CDC structure detected      0  Asynch Clock Groups  u_snap_dp/hold_b_reg[539]/C  u_snap_dp/dout_a_reg[539]/D
539  CDC-15  Warning   Clock enable controlled CDC structure detected      0  Asynch Clock Groups  u_snap_dp/hold_b_reg[540]/C  u_snap_dp/dout_a_reg[540]/D
540  CDC-15  Warning   Clock enable controlled CDC structure detected      0  Asynch Clock Groups  u_snap_dp/hold_b_reg[541]/C  u_snap_dp/dout_a_reg[541]/D
541  CDC-15  Warning   Clock enable controlled CDC structure detected      0  Asynch Clock Groups  u_snap_dp/hold_b_reg[542]/C  u_snap_dp/dout_a_reg[542]/D
542  CDC-15  Warning   Clock enable controlled CDC structure detected      0  Asynch Clock Groups  u_snap_dp/hold_b_reg[543]/C  u_snap_dp/dout_a_reg[543]/D
543  CDC-15  Warning   Clock enable controlled CDC structure detected      0  Asynch Clock Groups  u_snap_dp/hold_b_reg[544]/C  u_snap_dp/dout_a_reg[544]/D
544  CDC-15  Warning   Clock enable controlled CDC structure detected      0  Asynch Clock Groups  u_snap_dp/hold_b_reg[576]/C  u_snap_dp/dout_a_reg[576]/D
545  CDC-15  Warning   Clock enable controlled CDC structure detected      0  Asynch Clock Groups  u_snap_dp/hold_b_reg[577]/C  u_snap_dp/dout_a_reg[577]/D
546  CDC-15  Warning   Clock enable controlled CDC structure detected      0  Asynch Clock Groups  u_snap_dp/hold_b_reg[578]/C  u_snap_dp/dout_a_reg[578]/D
547  CDC-15  Warning   Clock enable controlled CDC structure detected      0  Asynch Clock Groups  u_snap_dp/hold_b_reg[579]/C  u_snap_dp/dout_a_reg[579]/D
548  CDC-15  Warning   Clock enable controlled CDC structure detected      0  Asynch Clock Groups  u_snap_dp/hold_b_reg[580]/C  u_snap_dp/dout_a_reg[580]/D
549  CDC-15  Warning   Clock enable controlled CDC structure detected      0  Asynch Clock Groups  u_snap_dp/hold_b_reg[581]/C  u_snap_dp/dout_a_reg[581]/D
550  CDC-15  Warning   Clock enable controlled CDC structure detected      0  Asynch Clock Groups  u_snap_dp/hold_b_reg[582]/C  u_snap_dp/dout_a_reg[582]/D
551  CDC-15  Warning   Clock enable controlled CDC structure detected      0  Asynch Clock Groups  u_snap_dp/hold_b_reg[583]/C  u_snap_dp/dout_a_reg[583]/D
552  CDC-15  Warning   Clock enable controlled CDC structure detected      0  Asynch Clock Groups  u_snap_dp/hold_b_reg[584]/C  u_snap_dp/dout_a_reg[584]/D
553  CDC-15  Warning   Clock enable controlled CDC structure detected      0  Asynch Clock Groups  u_snap_dp/hold_b_reg[608]/C  u_snap_dp/dout_a_reg[608]/D
554  CDC-15  Warning   Clock enable controlled CDC structure detected      0  Asynch Clock Groups  u_snap_dp/hold_b_reg[609]/C  u_snap_dp/dout_a_reg[609]/D
555  CDC-15  Warning   Clock enable controlled CDC structure detected      0  Asynch Clock Groups  u_snap_dp/hold_b_reg[610]/C  u_snap_dp/dout_a_reg[610]/D
556  CDC-15  Warning   Clock enable controlled CDC structure detected      0  Asynch Clock Groups  u_snap_dp/hold_b_reg[611]/C  u_snap_dp/dout_a_reg[611]/D
557  CDC-15  Warning   Clock enable controlled CDC structure detected      0  Asynch Clock Groups  u_snap_dp/hold_b_reg[612]/C  u_snap_dp/dout_a_reg[612]/D
558  CDC-15  Warning   Clock enable controlled CDC structure detected      0  Asynch Clock Groups  u_snap_dp/hold_b_reg[613]/C  u_snap_dp/dout_a_reg[613]/D
559  CDC-15  Warning   Clock enable controlled CDC structure detected      0  Asynch Clock Groups  u_snap_dp/hold_b_reg[614]/C  u_snap_dp/dout_a_reg[614]/D
560  CDC-15  Warning   Clock enable controlled CDC structure detected      0  Asynch Clock Groups  u_snap_dp/hold_b_reg[615]/C  u_snap_dp/dout_a_reg[615]/D
561  CDC-15  Warning   Clock enable controlled CDC structure detected      0  Asynch Clock Groups  u_snap_dp/hold_b_reg[616]/C  u_snap_dp/dout_a_reg[616]/D
562  CDC-15  Warning   Clock enable controlled CDC structure detected      0  Asynch Clock Groups  u_snap_dp/hold_b_reg[617]/C  u_snap_dp/dout_a_reg[617]/D
563  CDC-15  Warning   Clock enable controlled CDC structure detected      0  Asynch Clock Groups  u_snap_dp/hold_b_reg[618]/C  u_snap_dp/dout_a_reg[618]/D
564  CDC-15  Warning   Clock enable controlled CDC structure detected      0  Asynch Clock Groups  u_snap_dp/hold_b_reg[619]/C  u_snap_dp/dout_a_reg[619]/D
565  CDC-15  Warning   Clock enable controlled CDC structure detected      0  Asynch Clock Groups  u_snap_dp/hold_b_reg[620]/C  u_snap_dp/dout_a_reg[620]/D
566  CDC-15  Warning   Clock enable controlled CDC structure detected      0  Asynch Clock Groups  u_snap_dp/hold_b_reg[621]/C  u_snap_dp/dout_a_reg[621]/D
567  CDC-15  Warning   Clock enable controlled CDC structure detected      0  Asynch Clock Groups  u_snap_dp/hold_b_reg[622]/C  u_snap_dp/dout_a_reg[622]/D
568  CDC-15  Warning   Clock enable controlled CDC structure detected      0  Asynch Clock Groups  u_snap_dp/hold_b_reg[623]/C  u_snap_dp/dout_a_reg[623]/D
569  CDC-15  Warning   Clock enable controlled CDC structure detected      0  Asynch Clock Groups  u_snap_dp/hold_b_reg[624]/C  u_snap_dp/dout_a_reg[624]/D
570  CDC-15  Warning   Clock enable controlled CDC structure detected      0  Asynch Clock Groups  u_snap_dp/hold_b_reg[625]/C  u_snap_dp/dout_a_reg[625]/D
571  CDC-15  Warning   Clock enable controlled CDC structure detected      0  Asynch Clock Groups  u_snap_dp/hold_b_reg[626]/C  u_snap_dp/dout_a_reg[626]/D
572  CDC-15  Warning   Clock enable controlled CDC structure detected      0  Asynch Clock Groups  u_snap_dp/hold_b_reg[627]/C  u_snap_dp/dout_a_reg[627]/D
573  CDC-15  Warning   Clock enable controlled CDC structure detected      0  Asynch Clock Groups  u_snap_dp/hold_b_reg[628]/C  u_snap_dp/dout_a_reg[628]/D
574  CDC-15  Warning   Clock enable controlled CDC structure detected      0  Asynch Clock Groups  u_snap_dp/hold_b_reg[629]/C  u_snap_dp/dout_a_reg[629]/D
575  CDC-15  Warning   Clock enable controlled CDC structure detected      0  Asynch Clock Groups  u_snap_dp/hold_b_reg[630]/C  u_snap_dp/dout_a_reg[630]/D
576  CDC-15  Warning   Clock enable controlled CDC structure detected      0  Asynch Clock Groups  u_snap_dp/hold_b_reg[631]/C  u_snap_dp/dout_a_reg[631]/D
577  CDC-15  Warning   Clock enable controlled CDC structure detected      0  Asynch Clock Groups  u_snap_dp/hold_b_reg[632]/C  u_snap_dp/dout_a_reg[632]/D
578  CDC-15  Warning   Clock enable controlled CDC structure detected      0  Asynch Clock Groups  u_snap_dp/hold_b_reg[633]/C  u_snap_dp/dout_a_reg[633]/D
579  CDC-15  Warning   Clock enable controlled CDC structure detected      0  Asynch Clock Groups  u_snap_dp/hold_b_reg[634]/C  u_snap_dp/dout_a_reg[634]/D
580  CDC-15  Warning   Clock enable controlled CDC structure detected      0  Asynch Clock Groups  u_snap_dp/hold_b_reg[635]/C  u_snap_dp/dout_a_reg[635]/D
581  CDC-15  Warning   Clock enable controlled CDC structure detected      0  Asynch Clock Groups  u_snap_dp/hold_b_reg[636]/C  u_snap_dp/dout_a_reg[636]/D
582  CDC-15  Warning   Clock enable controlled CDC structure detected      0  Asynch Clock Groups  u_snap_dp/hold_b_reg[637]/C  u_snap_dp/dout_a_reg[637]/D
583  CDC-15  Warning   Clock enable controlled CDC structure detected      0  Asynch Clock Groups  u_snap_dp/hold_b_reg[638]/C  u_snap_dp/dout_a_reg[638]/D
584  CDC-15  Warning   Clock enable controlled CDC structure detected      0  Asynch Clock Groups  u_snap_dp/hold_b_reg[639]/C  u_snap_dp/dout_a_reg[639]/D
585  CDC-15  Warning   Clock enable controlled CDC structure detected      0  Asynch Clock Groups  u_snap_dp/hold_b_reg[640]/C  u_snap_dp/dout_a_reg[640]/D
586  CDC-15  Warning   Clock enable controlled CDC structure detected      0  Asynch Clock Groups  u_snap_dp/hold_b_reg[641]/C  u_snap_dp/dout_a_reg[641]/D
587  CDC-15  Warning   Clock enable controlled CDC structure detected      0  Asynch Clock Groups  u_snap_dp/hold_b_reg[642]/C  u_snap_dp/dout_a_reg[642]/D
588  CDC-15  Warning   Clock enable controlled CDC structure detected      0  Asynch Clock Groups  u_snap_dp/hold_b_reg[643]/C  u_snap_dp/dout_a_reg[643]/D
589  CDC-15  Warning   Clock enable controlled CDC structure detected      0  Asynch Clock Groups  u_snap_dp/hold_b_reg[644]/C  u_snap_dp/dout_a_reg[644]/D
590  CDC-15  Warning   Clock enable controlled CDC structure detected      0  Asynch Clock Groups  u_snap_dp/hold_b_reg[645]/C  u_snap_dp/dout_a_reg[645]/D
591  CDC-15  Warning   Clock enable controlled CDC structure detected      0  Asynch Clock Groups  u_snap_dp/hold_b_reg[646]/C  u_snap_dp/dout_a_reg[646]/D
592  CDC-15  Warning   Clock enable controlled CDC structure detected      0  Asynch Clock Groups  u_snap_dp/hold_b_reg[647]/C  u_snap_dp/dout_a_reg[647]/D
593  CDC-15  Warning   Clock enable controlled CDC structure detected      0  Asynch Clock Groups  u_snap_dp/hold_b_reg[648]/C  u_snap_dp/dout_a_reg[648]/D
594  CDC-15  Warning   Clock enable controlled CDC structure detected      0  Asynch Clock Groups  u_snap_dp/hold_b_reg[649]/C  u_snap_dp/dout_a_reg[649]/D
595  CDC-15  Warning   Clock enable controlled CDC structure detected      0  Asynch Clock Groups  u_snap_dp/hold_b_reg[650]/C  u_snap_dp/dout_a_reg[650]/D
596  CDC-15  Warning   Clock enable controlled CDC structure detected      0  Asynch Clock Groups  u_snap_dp/hold_b_reg[651]/C  u_snap_dp/dout_a_reg[651]/D
597  CDC-15  Warning   Clock enable controlled CDC structure detected      0  Asynch Clock Groups  u_snap_dp/hold_b_reg[652]/C  u_snap_dp/dout_a_reg[652]/D
598  CDC-15  Warning   Clock enable controlled CDC structure detected      0  Asynch Clock Groups  u_snap_dp/hold_b_reg[653]/C  u_snap_dp/dout_a_reg[653]/D
599  CDC-15  Warning   Clock enable controlled CDC structure detected      0  Asynch Clock Groups  u_snap_dp/hold_b_reg[654]/C  u_snap_dp/dout_a_reg[654]/D
600  CDC-15  Warning   Clock enable controlled CDC structure detected      0  Asynch Clock Groups  u_snap_dp/hold_b_reg[655]/C  u_snap_dp/dout_a_reg[655]/D
601  CDC-15  Warning   Clock enable controlled CDC structure detected      0  Asynch Clock Groups  u_snap_dp/hold_b_reg[656]/C  u_snap_dp/dout_a_reg[656]/D
602  CDC-15  Warning   Clock enable controlled CDC structure detected      0  Asynch Clock Groups  u_snap_dp/hold_b_reg[657]/C  u_snap_dp/dout_a_reg[657]/D
603  CDC-15  Warning   Clock enable controlled CDC structure detected      0  Asynch Clock Groups  u_snap_dp/hold_b_reg[658]/C  u_snap_dp/dout_a_reg[658]/D
604  CDC-15  Warning   Clock enable controlled CDC structure detected      0  Asynch Clock Groups  u_snap_dp/hold_b_reg[659]/C  u_snap_dp/dout_a_reg[659]/D
605  CDC-15  Warning   Clock enable controlled CDC structure detected      0  Asynch Clock Groups  u_snap_dp/hold_b_reg[660]/C  u_snap_dp/dout_a_reg[660]/D
606  CDC-15  Warning   Clock enable controlled CDC structure detected      0  Asynch Clock Groups  u_snap_dp/hold_b_reg[661]/C  u_snap_dp/dout_a_reg[661]/D
607  CDC-15  Warning   Clock enable controlled CDC structure detected      0  Asynch Clock Groups  u_snap_dp/hold_b_reg[662]/C  u_snap_dp/dout_a_reg[662]/D
608  CDC-15  Warning   Clock enable controlled CDC structure detected      0  Asynch Clock Groups  u_snap_dp/hold_b_reg[663]/C  u_snap_dp/dout_a_reg[663]/D
609  CDC-15  Warning   Clock enable controlled CDC structure detected      0  Asynch Clock Groups  u_snap_dp/hold_b_reg[664]/C  u_snap_dp/dout_a_reg[664]/D
610  CDC-15  Warning   Clock enable controlled CDC structure detected      0  Asynch Clock Groups  u_snap_dp/hold_b_reg[665]/C  u_snap_dp/dout_a_reg[665]/D
611  CDC-15  Warning   Clock enable controlled CDC structure detected      0  Asynch Clock Groups  u_snap_dp/hold_b_reg[666]/C  u_snap_dp/dout_a_reg[666]/D
612  CDC-15  Warning   Clock enable controlled CDC structure detected      0  Asynch Clock Groups  u_snap_dp/hold_b_reg[667]/C  u_snap_dp/dout_a_reg[667]/D
613  CDC-15  Warning   Clock enable controlled CDC structure detected      0  Asynch Clock Groups  u_snap_dp/hold_b_reg[668]/C  u_snap_dp/dout_a_reg[668]/D
614  CDC-15  Warning   Clock enable controlled CDC structure detected      0  Asynch Clock Groups  u_snap_dp/hold_b_reg[669]/C  u_snap_dp/dout_a_reg[669]/D
615  CDC-15  Warning   Clock enable controlled CDC structure detected      0  Asynch Clock Groups  u_snap_dp/hold_b_reg[670]/C  u_snap_dp/dout_a_reg[670]/D
616  CDC-15  Warning   Clock enable controlled CDC structure detected      0  Asynch Clock Groups  u_snap_dp/hold_b_reg[671]/C  u_snap_dp/dout_a_reg[671]/D
617  CDC-15  Warning   Clock enable controlled CDC structure detected      0  Asynch Clock Groups  u_snap_dp/hold_b_reg[672]/C  u_snap_dp/dout_a_reg[672]/D
618  CDC-15  Warning   Clock enable controlled CDC structure detected      0  Asynch Clock Groups  u_snap_dp/hold_b_reg[673]/C  u_snap_dp/dout_a_reg[673]/D
619  CDC-15  Warning   Clock enable controlled CDC structure detected      0  Asynch Clock Groups  u_snap_dp/hold_b_reg[674]/C  u_snap_dp/dout_a_reg[674]/D
620  CDC-15  Warning   Clock enable controlled CDC structure detected      0  Asynch Clock Groups  u_snap_dp/hold_b_reg[675]/C  u_snap_dp/dout_a_reg[675]/D
621  CDC-15  Warning   Clock enable controlled CDC structure detected      0  Asynch Clock Groups  u_snap_dp/hold_b_reg[676]/C  u_snap_dp/dout_a_reg[676]/D
622  CDC-15  Warning   Clock enable controlled CDC structure detected      0  Asynch Clock Groups  u_snap_dp/hold_b_reg[677]/C  u_snap_dp/dout_a_reg[677]/D
623  CDC-15  Warning   Clock enable controlled CDC structure detected      0  Asynch Clock Groups  u_snap_dp/hold_b_reg[678]/C  u_snap_dp/dout_a_reg[678]/D
624  CDC-15  Warning   Clock enable controlled CDC structure detected      0  Asynch Clock Groups  u_snap_dp/hold_b_reg[679]/C  u_snap_dp/dout_a_reg[679]/D
625  CDC-15  Warning   Clock enable controlled CDC structure detected      0  Asynch Clock Groups  u_snap_dp/hold_b_reg[680]/C  u_snap_dp/dout_a_reg[680]/D
626  CDC-15  Warning   Clock enable controlled CDC structure detected      0  Asynch Clock Groups  u_snap_dp/hold_b_reg[681]/C  u_snap_dp/dout_a_reg[681]/D
627  CDC-15  Warning   Clock enable controlled CDC structure detected      0  Asynch Clock Groups  u_snap_dp/hold_b_reg[682]/C  u_snap_dp/dout_a_reg[682]/D
628  CDC-15  Warning   Clock enable controlled CDC structure detected      0  Asynch Clock Groups  u_snap_dp/hold_b_reg[683]/C  u_snap_dp/dout_a_reg[683]/D
629  CDC-15  Warning   Clock enable controlled CDC structure detected      0  Asynch Clock Groups  u_snap_dp/hold_b_reg[684]/C  u_snap_dp/dout_a_reg[684]/D
630  CDC-15  Warning   Clock enable controlled CDC structure detected      0  Asynch Clock Groups  u_snap_dp/hold_b_reg[685]/C  u_snap_dp/dout_a_reg[685]/D
631  CDC-15  Warning   Clock enable controlled CDC structure detected      0  Asynch Clock Groups  u_snap_dp/hold_b_reg[686]/C  u_snap_dp/dout_a_reg[686]/D
632  CDC-15  Warning   Clock enable controlled CDC structure detected      0  Asynch Clock Groups  u_snap_dp/hold_b_reg[687]/C  u_snap_dp/dout_a_reg[687]/D
633  CDC-15  Warning   Clock enable controlled CDC structure detected      0  Asynch Clock Groups  u_snap_dp/hold_b_reg[688]/C  u_snap_dp/dout_a_reg[688]/D
634  CDC-15  Warning   Clock enable controlled CDC structure detected      0  Asynch Clock Groups  u_snap_dp/hold_b_reg[689]/C  u_snap_dp/dout_a_reg[689]/D
635  CDC-15  Warning   Clock enable controlled CDC structure detected      0  Asynch Clock Groups  u_snap_dp/hold_b_reg[690]/C  u_snap_dp/dout_a_reg[690]/D
636  CDC-15  Warning   Clock enable controlled CDC structure detected      0  Asynch Clock Groups  u_snap_dp/hold_b_reg[691]/C  u_snap_dp/dout_a_reg[691]/D
637  CDC-15  Warning   Clock enable controlled CDC structure detected      0  Asynch Clock Groups  u_snap_dp/hold_b_reg[692]/C  u_snap_dp/dout_a_reg[692]/D
638  CDC-15  Warning   Clock enable controlled CDC structure detected      0  Asynch Clock Groups  u_snap_dp/hold_b_reg[693]/C  u_snap_dp/dout_a_reg[693]/D
639  CDC-15  Warning   Clock enable controlled CDC structure detected      0  Asynch Clock Groups  u_snap_dp/hold_b_reg[694]/C  u_snap_dp/dout_a_reg[694]/D
640  CDC-15  Warning   Clock enable controlled CDC structure detected      0  Asynch Clock Groups  u_snap_dp/hold_b_reg[695]/C  u_snap_dp/dout_a_reg[695]/D
641  CDC-15  Warning   Clock enable controlled CDC structure detected      0  Asynch Clock Groups  u_snap_dp/hold_b_reg[696]/C  u_snap_dp/dout_a_reg[696]/D
642  CDC-15  Warning   Clock enable controlled CDC structure detected      0  Asynch Clock Groups  u_snap_dp/hold_b_reg[697]/C  u_snap_dp/dout_a_reg[697]/D
643  CDC-15  Warning   Clock enable controlled CDC structure detected      0  Asynch Clock Groups  u_snap_dp/hold_b_reg[698]/C  u_snap_dp/dout_a_reg[698]/D
644  CDC-15  Warning   Clock enable controlled CDC structure detected      0  Asynch Clock Groups  u_snap_dp/hold_b_reg[699]/C  u_snap_dp/dout_a_reg[699]/D
645  CDC-15  Warning   Clock enable controlled CDC structure detected      0  Asynch Clock Groups  u_snap_dp/hold_b_reg[700]/C  u_snap_dp/dout_a_reg[700]/D
646  CDC-15  Warning   Clock enable controlled CDC structure detected      0  Asynch Clock Groups  u_snap_dp/hold_b_reg[701]/C  u_snap_dp/dout_a_reg[701]/D
647  CDC-15  Warning   Clock enable controlled CDC structure detected      0  Asynch Clock Groups  u_snap_dp/hold_b_reg[702]/C  u_snap_dp/dout_a_reg[702]/D
648  CDC-15  Warning   Clock enable controlled CDC structure detected      0  Asynch Clock Groups  u_snap_dp/hold_b_reg[703]/C  u_snap_dp/dout_a_reg[703]/D

Source Clock: gmii_clk
Destination Clock: pcie_axi_aclk
CDC Type: No Common Primary Clock

Row  ID      Severity  Description                                     Depth  Exception            Source (From)                Destination (To)
---  ------  --------  ----------------------------------------------  -----  -------------------  ---------------------------  -----------------------------
  1  CDC-3   Info      1-bit synchronized with ASYNC_REG property          3  Asynch Clock Groups  u_snap_fe/ack_b_reg/C        u_snap_fe/ack_sync_a_reg[0]/D
  2  CDC-15  Warning   Clock enable controlled CDC structure detected      0  Asynch Clock Groups  u_snap_fe/hold_b_reg[0]/C    u_snap_fe/dout_a_reg[0]/D
  3  CDC-15  Warning   Clock enable controlled CDC structure detected      0  Asynch Clock Groups  u_snap_fe/hold_b_reg[1]/C    u_snap_fe/dout_a_reg[1]/D
  4  CDC-15  Warning   Clock enable controlled CDC structure detected      0  Asynch Clock Groups  u_snap_fe/hold_b_reg[2]/C    u_snap_fe/dout_a_reg[2]/D
  5  CDC-15  Warning   Clock enable controlled CDC structure detected      0  Asynch Clock Groups  u_snap_fe/hold_b_reg[3]/C    u_snap_fe/dout_a_reg[3]/D
  6  CDC-15  Warning   Clock enable controlled CDC structure detected      0  Asynch Clock Groups  u_snap_fe/hold_b_reg[4]/C    u_snap_fe/dout_a_reg[4]/D
  7  CDC-15  Warning   Clock enable controlled CDC structure detected      0  Asynch Clock Groups  u_snap_fe/hold_b_reg[5]/C    u_snap_fe/dout_a_reg[5]/D
  8  CDC-15  Warning   Clock enable controlled CDC structure detected      0  Asynch Clock Groups  u_snap_fe/hold_b_reg[6]/C    u_snap_fe/dout_a_reg[6]/D
  9  CDC-15  Warning   Clock enable controlled CDC structure detected      0  Asynch Clock Groups  u_snap_fe/hold_b_reg[7]/C    u_snap_fe/dout_a_reg[7]/D
 10  CDC-15  Warning   Clock enable controlled CDC structure detected      0  Asynch Clock Groups  u_snap_fe/hold_b_reg[8]/C    u_snap_fe/dout_a_reg[8]/D
 11  CDC-15  Warning   Clock enable controlled CDC structure detected      0  Asynch Clock Groups  u_snap_fe/hold_b_reg[9]/C    u_snap_fe/dout_a_reg[9]/D
 12  CDC-15  Warning   Clock enable controlled CDC structure detected      0  Asynch Clock Groups  u_snap_fe/hold_b_reg[10]/C   u_snap_fe/dout_a_reg[10]/D
 13  CDC-15  Warning   Clock enable controlled CDC structure detected      0  Asynch Clock Groups  u_snap_fe/hold_b_reg[11]/C   u_snap_fe/dout_a_reg[11]/D
 14  CDC-15  Warning   Clock enable controlled CDC structure detected      0  Asynch Clock Groups  u_snap_fe/hold_b_reg[12]/C   u_snap_fe/dout_a_reg[12]/D
 15  CDC-15  Warning   Clock enable controlled CDC structure detected      0  Asynch Clock Groups  u_snap_fe/hold_b_reg[13]/C   u_snap_fe/dout_a_reg[13]/D
 16  CDC-15  Warning   Clock enable controlled CDC structure detected      0  Asynch Clock Groups  u_snap_fe/hold_b_reg[14]/C   u_snap_fe/dout_a_reg[14]/D
 17  CDC-15  Warning   Clock enable controlled CDC structure detected      0  Asynch Clock Groups  u_snap_fe/hold_b_reg[15]/C   u_snap_fe/dout_a_reg[15]/D
 18  CDC-15  Warning   Clock enable controlled CDC structure detected      0  Asynch Clock Groups  u_snap_fe/hold_b_reg[16]/C   u_snap_fe/dout_a_reg[16]/D
 19  CDC-15  Warning   Clock enable controlled CDC structure detected      0  Asynch Clock Groups  u_snap_fe/hold_b_reg[17]/C   u_snap_fe/dout_a_reg[17]/D
 20  CDC-15  Warning   Clock enable controlled CDC structure detected      0  Asynch Clock Groups  u_snap_fe/hold_b_reg[18]/C   u_snap_fe/dout_a_reg[18]/D
 21  CDC-15  Warning   Clock enable controlled CDC structure detected      0  Asynch Clock Groups  u_snap_fe/hold_b_reg[19]/C   u_snap_fe/dout_a_reg[19]/D
 22  CDC-15  Warning   Clock enable controlled CDC structure detected      0  Asynch Clock Groups  u_snap_fe/hold_b_reg[20]/C   u_snap_fe/dout_a_reg[20]/D
 23  CDC-15  Warning   Clock enable controlled CDC structure detected      0  Asynch Clock Groups  u_snap_fe/hold_b_reg[21]/C   u_snap_fe/dout_a_reg[21]/D
 24  CDC-15  Warning   Clock enable controlled CDC structure detected      0  Asynch Clock Groups  u_snap_fe/hold_b_reg[22]/C   u_snap_fe/dout_a_reg[22]/D
 25  CDC-15  Warning   Clock enable controlled CDC structure detected      0  Asynch Clock Groups  u_snap_fe/hold_b_reg[23]/C   u_snap_fe/dout_a_reg[23]/D
 26  CDC-15  Warning   Clock enable controlled CDC structure detected      0  Asynch Clock Groups  u_snap_fe/hold_b_reg[24]/C   u_snap_fe/dout_a_reg[24]/D
 27  CDC-15  Warning   Clock enable controlled CDC structure detected      0  Asynch Clock Groups  u_snap_fe/hold_b_reg[25]/C   u_snap_fe/dout_a_reg[25]/D
 28  CDC-15  Warning   Clock enable controlled CDC structure detected      0  Asynch Clock Groups  u_snap_fe/hold_b_reg[26]/C   u_snap_fe/dout_a_reg[26]/D
 29  CDC-15  Warning   Clock enable controlled CDC structure detected      0  Asynch Clock Groups  u_snap_fe/hold_b_reg[27]/C   u_snap_fe/dout_a_reg[27]/D
 30  CDC-15  Warning   Clock enable controlled CDC structure detected      0  Asynch Clock Groups  u_snap_fe/hold_b_reg[28]/C   u_snap_fe/dout_a_reg[28]/D
 31  CDC-15  Warning   Clock enable controlled CDC structure detected      0  Asynch Clock Groups  u_snap_fe/hold_b_reg[29]/C   u_snap_fe/dout_a_reg[29]/D
 32  CDC-15  Warning   Clock enable controlled CDC structure detected      0  Asynch Clock Groups  u_snap_fe/hold_b_reg[30]/C   u_snap_fe/dout_a_reg[30]/D
 33  CDC-15  Warning   Clock enable controlled CDC structure detected      0  Asynch Clock Groups  u_snap_fe/hold_b_reg[31]/C   u_snap_fe/dout_a_reg[31]/D
 34  CDC-15  Warning   Clock enable controlled CDC structure detected      0  Asynch Clock Groups  u_snap_fe/hold_b_reg[32]/C   u_snap_fe/dout_a_reg[32]/D
 35  CDC-15  Warning   Clock enable controlled CDC structure detected      0  Asynch Clock Groups  u_snap_fe/hold_b_reg[33]/C   u_snap_fe/dout_a_reg[33]/D
 36  CDC-15  Warning   Clock enable controlled CDC structure detected      0  Asynch Clock Groups  u_snap_fe/hold_b_reg[34]/C   u_snap_fe/dout_a_reg[34]/D
 37  CDC-15  Warning   Clock enable controlled CDC structure detected      0  Asynch Clock Groups  u_snap_fe/hold_b_reg[35]/C   u_snap_fe/dout_a_reg[35]/D
 38  CDC-15  Warning   Clock enable controlled CDC structure detected      0  Asynch Clock Groups  u_snap_fe/hold_b_reg[36]/C   u_snap_fe/dout_a_reg[36]/D
 39  CDC-15  Warning   Clock enable controlled CDC structure detected      0  Asynch Clock Groups  u_snap_fe/hold_b_reg[37]/C   u_snap_fe/dout_a_reg[37]/D
 40  CDC-15  Warning   Clock enable controlled CDC structure detected      0  Asynch Clock Groups  u_snap_fe/hold_b_reg[38]/C   u_snap_fe/dout_a_reg[38]/D
 41  CDC-15  Warning   Clock enable controlled CDC structure detected      0  Asynch Clock Groups  u_snap_fe/hold_b_reg[39]/C   u_snap_fe/dout_a_reg[39]/D
 42  CDC-15  Warning   Clock enable controlled CDC structure detected      0  Asynch Clock Groups  u_snap_fe/hold_b_reg[40]/C   u_snap_fe/dout_a_reg[40]/D
 43  CDC-15  Warning   Clock enable controlled CDC structure detected      0  Asynch Clock Groups  u_snap_fe/hold_b_reg[41]/C   u_snap_fe/dout_a_reg[41]/D
 44  CDC-15  Warning   Clock enable controlled CDC structure detected      0  Asynch Clock Groups  u_snap_fe/hold_b_reg[42]/C   u_snap_fe/dout_a_reg[42]/D
 45  CDC-15  Warning   Clock enable controlled CDC structure detected      0  Asynch Clock Groups  u_snap_fe/hold_b_reg[43]/C   u_snap_fe/dout_a_reg[43]/D
 46  CDC-15  Warning   Clock enable controlled CDC structure detected      0  Asynch Clock Groups  u_snap_fe/hold_b_reg[44]/C   u_snap_fe/dout_a_reg[44]/D
 47  CDC-15  Warning   Clock enable controlled CDC structure detected      0  Asynch Clock Groups  u_snap_fe/hold_b_reg[45]/C   u_snap_fe/dout_a_reg[45]/D
 48  CDC-15  Warning   Clock enable controlled CDC structure detected      0  Asynch Clock Groups  u_snap_fe/hold_b_reg[46]/C   u_snap_fe/dout_a_reg[46]/D
 49  CDC-15  Warning   Clock enable controlled CDC structure detected      0  Asynch Clock Groups  u_snap_fe/hold_b_reg[47]/C   u_snap_fe/dout_a_reg[47]/D
 50  CDC-15  Warning   Clock enable controlled CDC structure detected      0  Asynch Clock Groups  u_snap_fe/hold_b_reg[48]/C   u_snap_fe/dout_a_reg[48]/D
 51  CDC-15  Warning   Clock enable controlled CDC structure detected      0  Asynch Clock Groups  u_snap_fe/hold_b_reg[49]/C   u_snap_fe/dout_a_reg[49]/D
 52  CDC-15  Warning   Clock enable controlled CDC structure detected      0  Asynch Clock Groups  u_snap_fe/hold_b_reg[50]/C   u_snap_fe/dout_a_reg[50]/D
 53  CDC-15  Warning   Clock enable controlled CDC structure detected      0  Asynch Clock Groups  u_snap_fe/hold_b_reg[51]/C   u_snap_fe/dout_a_reg[51]/D
 54  CDC-15  Warning   Clock enable controlled CDC structure detected      0  Asynch Clock Groups  u_snap_fe/hold_b_reg[52]/C   u_snap_fe/dout_a_reg[52]/D
 55  CDC-15  Warning   Clock enable controlled CDC structure detected      0  Asynch Clock Groups  u_snap_fe/hold_b_reg[53]/C   u_snap_fe/dout_a_reg[53]/D
 56  CDC-15  Warning   Clock enable controlled CDC structure detected      0  Asynch Clock Groups  u_snap_fe/hold_b_reg[54]/C   u_snap_fe/dout_a_reg[54]/D
 57  CDC-15  Warning   Clock enable controlled CDC structure detected      0  Asynch Clock Groups  u_snap_fe/hold_b_reg[55]/C   u_snap_fe/dout_a_reg[55]/D
 58  CDC-15  Warning   Clock enable controlled CDC structure detected      0  Asynch Clock Groups  u_snap_fe/hold_b_reg[56]/C   u_snap_fe/dout_a_reg[56]/D
 59  CDC-15  Warning   Clock enable controlled CDC structure detected      0  Asynch Clock Groups  u_snap_fe/hold_b_reg[57]/C   u_snap_fe/dout_a_reg[57]/D
 60  CDC-15  Warning   Clock enable controlled CDC structure detected      0  Asynch Clock Groups  u_snap_fe/hold_b_reg[58]/C   u_snap_fe/dout_a_reg[58]/D
 61  CDC-15  Warning   Clock enable controlled CDC structure detected      0  Asynch Clock Groups  u_snap_fe/hold_b_reg[59]/C   u_snap_fe/dout_a_reg[59]/D
 62  CDC-15  Warning   Clock enable controlled CDC structure detected      0  Asynch Clock Groups  u_snap_fe/hold_b_reg[60]/C   u_snap_fe/dout_a_reg[60]/D
 63  CDC-15  Warning   Clock enable controlled CDC structure detected      0  Asynch Clock Groups  u_snap_fe/hold_b_reg[61]/C   u_snap_fe/dout_a_reg[61]/D
 64  CDC-15  Warning   Clock enable controlled CDC structure detected      0  Asynch Clock Groups  u_snap_fe/hold_b_reg[62]/C   u_snap_fe/dout_a_reg[62]/D
 65  CDC-15  Warning   Clock enable controlled CDC structure detected      0  Asynch Clock Groups  u_snap_fe/hold_b_reg[63]/C   u_snap_fe/dout_a_reg[63]/D
 66  CDC-15  Warning   Clock enable controlled CDC structure detected      0  Asynch Clock Groups  u_snap_fe/hold_b_reg[64]/C   u_snap_fe/dout_a_reg[64]/D
 67  CDC-15  Warning   Clock enable controlled CDC structure detected      0  Asynch Clock Groups  u_snap_fe/hold_b_reg[65]/C   u_snap_fe/dout_a_reg[65]/D
 68  CDC-15  Warning   Clock enable controlled CDC structure detected      0  Asynch Clock Groups  u_snap_fe/hold_b_reg[66]/C   u_snap_fe/dout_a_reg[66]/D
 69  CDC-15  Warning   Clock enable controlled CDC structure detected      0  Asynch Clock Groups  u_snap_fe/hold_b_reg[67]/C   u_snap_fe/dout_a_reg[67]/D
 70  CDC-15  Warning   Clock enable controlled CDC structure detected      0  Asynch Clock Groups  u_snap_fe/hold_b_reg[68]/C   u_snap_fe/dout_a_reg[68]/D
 71  CDC-15  Warning   Clock enable controlled CDC structure detected      0  Asynch Clock Groups  u_snap_fe/hold_b_reg[69]/C   u_snap_fe/dout_a_reg[69]/D
 72  CDC-15  Warning   Clock enable controlled CDC structure detected      0  Asynch Clock Groups  u_snap_fe/hold_b_reg[70]/C   u_snap_fe/dout_a_reg[70]/D
 73  CDC-15  Warning   Clock enable controlled CDC structure detected      0  Asynch Clock Groups  u_snap_fe/hold_b_reg[71]/C   u_snap_fe/dout_a_reg[71]/D
 74  CDC-15  Warning   Clock enable controlled CDC structure detected      0  Asynch Clock Groups  u_snap_fe/hold_b_reg[72]/C   u_snap_fe/dout_a_reg[72]/D
 75  CDC-15  Warning   Clock enable controlled CDC structure detected      0  Asynch Clock Groups  u_snap_fe/hold_b_reg[73]/C   u_snap_fe/dout_a_reg[73]/D
 76  CDC-15  Warning   Clock enable controlled CDC structure detected      0  Asynch Clock Groups  u_snap_fe/hold_b_reg[74]/C   u_snap_fe/dout_a_reg[74]/D
 77  CDC-15  Warning   Clock enable controlled CDC structure detected      0  Asynch Clock Groups  u_snap_fe/hold_b_reg[75]/C   u_snap_fe/dout_a_reg[75]/D
 78  CDC-15  Warning   Clock enable controlled CDC structure detected      0  Asynch Clock Groups  u_snap_fe/hold_b_reg[76]/C   u_snap_fe/dout_a_reg[76]/D
 79  CDC-15  Warning   Clock enable controlled CDC structure detected      0  Asynch Clock Groups  u_snap_fe/hold_b_reg[77]/C   u_snap_fe/dout_a_reg[77]/D
 80  CDC-15  Warning   Clock enable controlled CDC structure detected      0  Asynch Clock Groups  u_snap_fe/hold_b_reg[78]/C   u_snap_fe/dout_a_reg[78]/D
 81  CDC-15  Warning   Clock enable controlled CDC structure detected      0  Asynch Clock Groups  u_snap_fe/hold_b_reg[79]/C   u_snap_fe/dout_a_reg[79]/D
 82  CDC-15  Warning   Clock enable controlled CDC structure detected      0  Asynch Clock Groups  u_snap_fe/hold_b_reg[96]/C   u_snap_fe/dout_a_reg[96]/D
 83  CDC-15  Warning   Clock enable controlled CDC structure detected      0  Asynch Clock Groups  u_snap_fe/hold_b_reg[97]/C   u_snap_fe/dout_a_reg[97]/D
 84  CDC-15  Warning   Clock enable controlled CDC structure detected      0  Asynch Clock Groups  u_snap_fe/hold_b_reg[98]/C   u_snap_fe/dout_a_reg[98]/D
 85  CDC-15  Warning   Clock enable controlled CDC structure detected      0  Asynch Clock Groups  u_snap_fe/hold_b_reg[99]/C   u_snap_fe/dout_a_reg[99]/D
 86  CDC-15  Warning   Clock enable controlled CDC structure detected      0  Asynch Clock Groups  u_snap_fe/hold_b_reg[100]/C  u_snap_fe/dout_a_reg[100]/D
 87  CDC-15  Warning   Clock enable controlled CDC structure detected      0  Asynch Clock Groups  u_snap_fe/hold_b_reg[101]/C  u_snap_fe/dout_a_reg[101]/D
 88  CDC-15  Warning   Clock enable controlled CDC structure detected      0  Asynch Clock Groups  u_snap_fe/hold_b_reg[102]/C  u_snap_fe/dout_a_reg[102]/D
 89  CDC-15  Warning   Clock enable controlled CDC structure detected      0  Asynch Clock Groups  u_snap_fe/hold_b_reg[103]/C  u_snap_fe/dout_a_reg[103]/D
 90  CDC-15  Warning   Clock enable controlled CDC structure detected      0  Asynch Clock Groups  u_snap_fe/hold_b_reg[104]/C  u_snap_fe/dout_a_reg[104]/D
 91  CDC-15  Warning   Clock enable controlled CDC structure detected      0  Asynch Clock Groups  u_snap_fe/hold_b_reg[105]/C  u_snap_fe/dout_a_reg[105]/D
 92  CDC-15  Warning   Clock enable controlled CDC structure detected      0  Asynch Clock Groups  u_snap_fe/hold_b_reg[106]/C  u_snap_fe/dout_a_reg[106]/D
 93  CDC-15  Warning   Clock enable controlled CDC structure detected      0  Asynch Clock Groups  u_snap_fe/hold_b_reg[107]/C  u_snap_fe/dout_a_reg[107]/D
 94  CDC-15  Warning   Clock enable controlled CDC structure detected      0  Asynch Clock Groups  u_snap_fe/hold_b_reg[108]/C  u_snap_fe/dout_a_reg[108]/D
 95  CDC-15  Warning   Clock enable controlled CDC structure detected      0  Asynch Clock Groups  u_snap_fe/hold_b_reg[109]/C  u_snap_fe/dout_a_reg[109]/D
 96  CDC-15  Warning   Clock enable controlled CDC structure detected      0  Asynch Clock Groups  u_snap_fe/hold_b_reg[110]/C  u_snap_fe/dout_a_reg[110]/D
 97  CDC-15  Warning   Clock enable controlled CDC structure detected      0  Asynch Clock Groups  u_snap_fe/hold_b_reg[111]/C  u_snap_fe/dout_a_reg[111]/D
 98  CDC-15  Warning   Clock enable controlled CDC structure detected      0  Asynch Clock Groups  u_snap_fe/hold_b_reg[112]/C  u_snap_fe/dout_a_reg[112]/D
 99  CDC-15  Warning   Clock enable controlled CDC structure detected      0  Asynch Clock Groups  u_snap_fe/hold_b_reg[113]/C  u_snap_fe/dout_a_reg[113]/D
100  CDC-15  Warning   Clock enable controlled CDC structure detected      0  Asynch Clock Groups  u_snap_fe/hold_b_reg[114]/C  u_snap_fe/dout_a_reg[114]/D
101  CDC-15  Warning   Clock enable controlled CDC structure detected      0  Asynch Clock Groups  u_snap_fe/hold_b_reg[115]/C  u_snap_fe/dout_a_reg[115]/D
102  CDC-15  Warning   Clock enable controlled CDC structure detected      0  Asynch Clock Groups  u_snap_fe/hold_b_reg[116]/C  u_snap_fe/dout_a_reg[116]/D
103  CDC-15  Warning   Clock enable controlled CDC structure detected      0  Asynch Clock Groups  u_snap_fe/hold_b_reg[117]/C  u_snap_fe/dout_a_reg[117]/D
104  CDC-15  Warning   Clock enable controlled CDC structure detected      0  Asynch Clock Groups  u_snap_fe/hold_b_reg[118]/C  u_snap_fe/dout_a_reg[118]/D
105  CDC-15  Warning   Clock enable controlled CDC structure detected      0  Asynch Clock Groups  u_snap_fe/hold_b_reg[119]/C  u_snap_fe/dout_a_reg[119]/D
106  CDC-15  Warning   Clock enable controlled CDC structure detected      0  Asynch Clock Groups  u_snap_fe/hold_b_reg[120]/C  u_snap_fe/dout_a_reg[120]/D
107  CDC-15  Warning   Clock enable controlled CDC structure detected      0  Asynch Clock Groups  u_snap_fe/hold_b_reg[121]/C  u_snap_fe/dout_a_reg[121]/D
108  CDC-15  Warning   Clock enable controlled CDC structure detected      0  Asynch Clock Groups  u_snap_fe/hold_b_reg[122]/C  u_snap_fe/dout_a_reg[122]/D
109  CDC-15  Warning   Clock enable controlled CDC structure detected      0  Asynch Clock Groups  u_snap_fe/hold_b_reg[123]/C  u_snap_fe/dout_a_reg[123]/D
110  CDC-15  Warning   Clock enable controlled CDC structure detected      0  Asynch Clock Groups  u_snap_fe/hold_b_reg[124]/C  u_snap_fe/dout_a_reg[124]/D
111  CDC-15  Warning   Clock enable controlled CDC structure detected      0  Asynch Clock Groups  u_snap_fe/hold_b_reg[125]/C  u_snap_fe/dout_a_reg[125]/D
112  CDC-15  Warning   Clock enable controlled CDC structure detected      0  Asynch Clock Groups  u_snap_fe/hold_b_reg[126]/C  u_snap_fe/dout_a_reg[126]/D
113  CDC-15  Warning   Clock enable controlled CDC structure detected      0  Asynch Clock Groups  u_snap_fe/hold_b_reg[127]/C  u_snap_fe/dout_a_reg[127]/D
114  CDC-15  Warning   Clock enable controlled CDC structure detected      0  Asynch Clock Groups  u_snap_fe/hold_b_reg[128]/C  u_snap_fe/dout_a_reg[128]/D
115  CDC-15  Warning   Clock enable controlled CDC structure detected      0  Asynch Clock Groups  u_snap_fe/hold_b_reg[129]/C  u_snap_fe/dout_a_reg[129]/D
116  CDC-15  Warning   Clock enable controlled CDC structure detected      0  Asynch Clock Groups  u_snap_fe/hold_b_reg[130]/C  u_snap_fe/dout_a_reg[130]/D
117  CDC-15  Warning   Clock enable controlled CDC structure detected      0  Asynch Clock Groups  u_snap_fe/hold_b_reg[131]/C  u_snap_fe/dout_a_reg[131]/D
118  CDC-15  Warning   Clock enable controlled CDC structure detected      0  Asynch Clock Groups  u_snap_fe/hold_b_reg[132]/C  u_snap_fe/dout_a_reg[132]/D
119  CDC-15  Warning   Clock enable controlled CDC structure detected      0  Asynch Clock Groups  u_snap_fe/hold_b_reg[133]/C  u_snap_fe/dout_a_reg[133]/D
120  CDC-15  Warning   Clock enable controlled CDC structure detected      0  Asynch Clock Groups  u_snap_fe/hold_b_reg[134]/C  u_snap_fe/dout_a_reg[134]/D
121  CDC-15  Warning   Clock enable controlled CDC structure detected      0  Asynch Clock Groups  u_snap_fe/hold_b_reg[135]/C  u_snap_fe/dout_a_reg[135]/D
122  CDC-15  Warning   Clock enable controlled CDC structure detected      0  Asynch Clock Groups  u_snap_fe/hold_b_reg[136]/C  u_snap_fe/dout_a_reg[136]/D
123  CDC-15  Warning   Clock enable controlled CDC structure detected      0  Asynch Clock Groups  u_snap_fe/hold_b_reg[137]/C  u_snap_fe/dout_a_reg[137]/D
124  CDC-15  Warning   Clock enable controlled CDC structure detected      0  Asynch Clock Groups  u_snap_fe/hold_b_reg[138]/C  u_snap_fe/dout_a_reg[138]/D
125  CDC-15  Warning   Clock enable controlled CDC structure detected      0  Asynch Clock Groups  u_snap_fe/hold_b_reg[139]/C  u_snap_fe/dout_a_reg[139]/D
126  CDC-15  Warning   Clock enable controlled CDC structure detected      0  Asynch Clock Groups  u_snap_fe/hold_b_reg[140]/C  u_snap_fe/dout_a_reg[140]/D
127  CDC-15  Warning   Clock enable controlled CDC structure detected      0  Asynch Clock Groups  u_snap_fe/hold_b_reg[141]/C  u_snap_fe/dout_a_reg[141]/D
128  CDC-15  Warning   Clock enable controlled CDC structure detected      0  Asynch Clock Groups  u_snap_fe/hold_b_reg[142]/C  u_snap_fe/dout_a_reg[142]/D
129  CDC-15  Warning   Clock enable controlled CDC structure detected      0  Asynch Clock Groups  u_snap_fe/hold_b_reg[143]/C  u_snap_fe/dout_a_reg[143]/D
130  CDC-15  Warning   Clock enable controlled CDC structure detected      0  Asynch Clock Groups  u_snap_fe/hold_b_reg[144]/C  u_snap_fe/dout_a_reg[144]/D
131  CDC-15  Warning   Clock enable controlled CDC structure detected      0  Asynch Clock Groups  u_snap_fe/hold_b_reg[145]/C  u_snap_fe/dout_a_reg[145]/D
132  CDC-15  Warning   Clock enable controlled CDC structure detected      0  Asynch Clock Groups  u_snap_fe/hold_b_reg[146]/C  u_snap_fe/dout_a_reg[146]/D
133  CDC-15  Warning   Clock enable controlled CDC structure detected      0  Asynch Clock Groups  u_snap_fe/hold_b_reg[147]/C  u_snap_fe/dout_a_reg[147]/D
134  CDC-15  Warning   Clock enable controlled CDC structure detected      0  Asynch Clock Groups  u_snap_fe/hold_b_reg[148]/C  u_snap_fe/dout_a_reg[148]/D
135  CDC-15  Warning   Clock enable controlled CDC structure detected      0  Asynch Clock Groups  u_snap_fe/hold_b_reg[149]/C  u_snap_fe/dout_a_reg[149]/D
136  CDC-15  Warning   Clock enable controlled CDC structure detected      0  Asynch Clock Groups  u_snap_fe/hold_b_reg[150]/C  u_snap_fe/dout_a_reg[150]/D
137  CDC-15  Warning   Clock enable controlled CDC structure detected      0  Asynch Clock Groups  u_snap_fe/hold_b_reg[151]/C  u_snap_fe/dout_a_reg[151]/D
138  CDC-15  Warning   Clock enable controlled CDC structure detected      0  Asynch Clock Groups  u_snap_fe/hold_b_reg[152]/C  u_snap_fe/dout_a_reg[152]/D
139  CDC-15  Warning   Clock enable controlled CDC structure detected      0  Asynch Clock Groups  u_snap_fe/hold_b_reg[153]/C  u_snap_fe/dout_a_reg[153]/D
140  CDC-15  Warning   Clock enable controlled CDC structure detected      0  Asynch Clock Groups  u_snap_fe/hold_b_reg[154]/C  u_snap_fe/dout_a_reg[154]/D
141  CDC-15  Warning   Clock enable controlled CDC structure detected      0  Asynch Clock Groups  u_snap_fe/hold_b_reg[155]/C  u_snap_fe/dout_a_reg[155]/D
142  CDC-15  Warning   Clock enable controlled CDC structure detected      0  Asynch Clock Groups  u_snap_fe/hold_b_reg[156]/C  u_snap_fe/dout_a_reg[156]/D
143  CDC-15  Warning   Clock enable controlled CDC structure detected      0  Asynch Clock Groups  u_snap_fe/hold_b_reg[157]/C  u_snap_fe/dout_a_reg[157]/D
144  CDC-15  Warning   Clock enable controlled CDC structure detected      0  Asynch Clock Groups  u_snap_fe/hold_b_reg[158]/C  u_snap_fe/dout_a_reg[158]/D
145  CDC-15  Warning   Clock enable controlled CDC structure detected      0  Asynch Clock Groups  u_snap_fe/hold_b_reg[159]/C  u_snap_fe/dout_a_reg[159]/D
146  CDC-15  Warning   Clock enable controlled CDC structure detected      0  Asynch Clock Groups  u_snap_fe/hold_b_reg[160]/C  u_snap_fe/dout_a_reg[160]/D
147  CDC-15  Warning   Clock enable controlled CDC structure detected      0  Asynch Clock Groups  u_snap_fe/hold_b_reg[161]/C  u_snap_fe/dout_a_reg[161]/D
148  CDC-15  Warning   Clock enable controlled CDC structure detected      0  Asynch Clock Groups  u_snap_fe/hold_b_reg[162]/C  u_snap_fe/dout_a_reg[162]/D
149  CDC-15  Warning   Clock enable controlled CDC structure detected      0  Asynch Clock Groups  u_snap_fe/hold_b_reg[163]/C  u_snap_fe/dout_a_reg[163]/D
150  CDC-15  Warning   Clock enable controlled CDC structure detected      0  Asynch Clock Groups  u_snap_fe/hold_b_reg[164]/C  u_snap_fe/dout_a_reg[164]/D
151  CDC-15  Warning   Clock enable controlled CDC structure detected      0  Asynch Clock Groups  u_snap_fe/hold_b_reg[165]/C  u_snap_fe/dout_a_reg[165]/D
152  CDC-15  Warning   Clock enable controlled CDC structure detected      0  Asynch Clock Groups  u_snap_fe/hold_b_reg[166]/C  u_snap_fe/dout_a_reg[166]/D
153  CDC-15  Warning   Clock enable controlled CDC structure detected      0  Asynch Clock Groups  u_snap_fe/hold_b_reg[167]/C  u_snap_fe/dout_a_reg[167]/D
154  CDC-15  Warning   Clock enable controlled CDC structure detected      0  Asynch Clock Groups  u_snap_fe/hold_b_reg[168]/C  u_snap_fe/dout_a_reg[168]/D
155  CDC-15  Warning   Clock enable controlled CDC structure detected      0  Asynch Clock Groups  u_snap_fe/hold_b_reg[169]/C  u_snap_fe/dout_a_reg[169]/D
156  CDC-15  Warning   Clock enable controlled CDC structure detected      0  Asynch Clock Groups  u_snap_fe/hold_b_reg[170]/C  u_snap_fe/dout_a_reg[170]/D
157  CDC-15  Warning   Clock enable controlled CDC structure detected      0  Asynch Clock Groups  u_snap_fe/hold_b_reg[171]/C  u_snap_fe/dout_a_reg[171]/D
158  CDC-15  Warning   Clock enable controlled CDC structure detected      0  Asynch Clock Groups  u_snap_fe/hold_b_reg[172]/C  u_snap_fe/dout_a_reg[172]/D
159  CDC-15  Warning   Clock enable controlled CDC structure detected      0  Asynch Clock Groups  u_snap_fe/hold_b_reg[173]/C  u_snap_fe/dout_a_reg[173]/D
160  CDC-15  Warning   Clock enable controlled CDC structure detected      0  Asynch Clock Groups  u_snap_fe/hold_b_reg[174]/C  u_snap_fe/dout_a_reg[174]/D
161  CDC-15  Warning   Clock enable controlled CDC structure detected      0  Asynch Clock Groups  u_snap_fe/hold_b_reg[175]/C  u_snap_fe/dout_a_reg[175]/D
162  CDC-15  Warning   Clock enable controlled CDC structure detected      0  Asynch Clock Groups  u_snap_fe/hold_b_reg[176]/C  u_snap_fe/dout_a_reg[176]/D
163  CDC-15  Warning   Clock enable controlled CDC structure detected      0  Asynch Clock Groups  u_snap_fe/hold_b_reg[177]/C  u_snap_fe/dout_a_reg[177]/D
164  CDC-15  Warning   Clock enable controlled CDC structure detected      0  Asynch Clock Groups  u_snap_fe/hold_b_reg[178]/C  u_snap_fe/dout_a_reg[178]/D
165  CDC-15  Warning   Clock enable controlled CDC structure detected      0  Asynch Clock Groups  u_snap_fe/hold_b_reg[179]/C  u_snap_fe/dout_a_reg[179]/D
166  CDC-15  Warning   Clock enable controlled CDC structure detected      0  Asynch Clock Groups  u_snap_fe/hold_b_reg[180]/C  u_snap_fe/dout_a_reg[180]/D
167  CDC-15  Warning   Clock enable controlled CDC structure detected      0  Asynch Clock Groups  u_snap_fe/hold_b_reg[181]/C  u_snap_fe/dout_a_reg[181]/D
168  CDC-15  Warning   Clock enable controlled CDC structure detected      0  Asynch Clock Groups  u_snap_fe/hold_b_reg[182]/C  u_snap_fe/dout_a_reg[182]/D
169  CDC-15  Warning   Clock enable controlled CDC structure detected      0  Asynch Clock Groups  u_snap_fe/hold_b_reg[183]/C  u_snap_fe/dout_a_reg[183]/D
170  CDC-15  Warning   Clock enable controlled CDC structure detected      0  Asynch Clock Groups  u_snap_fe/hold_b_reg[184]/C  u_snap_fe/dout_a_reg[184]/D
171  CDC-15  Warning   Clock enable controlled CDC structure detected      0  Asynch Clock Groups  u_snap_fe/hold_b_reg[185]/C  u_snap_fe/dout_a_reg[185]/D
172  CDC-15  Warning   Clock enable controlled CDC structure detected      0  Asynch Clock Groups  u_snap_fe/hold_b_reg[186]/C  u_snap_fe/dout_a_reg[186]/D
173  CDC-15  Warning   Clock enable controlled CDC structure detected      0  Asynch Clock Groups  u_snap_fe/hold_b_reg[187]/C  u_snap_fe/dout_a_reg[187]/D
174  CDC-15  Warning   Clock enable controlled CDC structure detected      0  Asynch Clock Groups  u_snap_fe/hold_b_reg[188]/C  u_snap_fe/dout_a_reg[188]/D
175  CDC-15  Warning   Clock enable controlled CDC structure detected      0  Asynch Clock Groups  u_snap_fe/hold_b_reg[189]/C  u_snap_fe/dout_a_reg[189]/D
176  CDC-15  Warning   Clock enable controlled CDC structure detected      0  Asynch Clock Groups  u_snap_fe/hold_b_reg[190]/C  u_snap_fe/dout_a_reg[190]/D
177  CDC-15  Warning   Clock enable controlled CDC structure detected      0  Asynch Clock Groups  u_snap_fe/hold_b_reg[191]/C  u_snap_fe/dout_a_reg[191]/D
178  CDC-15  Warning   Clock enable controlled CDC structure detected      0  Asynch Clock Groups  u_snap_fe/hold_b_reg[192]/C  u_snap_fe/dout_a_reg[192]/D
179  CDC-15  Warning   Clock enable controlled CDC structure detected      0  Asynch Clock Groups  u_snap_fe/hold_b_reg[193]/C  u_snap_fe/dout_a_reg[193]/D
180  CDC-15  Warning   Clock enable controlled CDC structure detected      0  Asynch Clock Groups  u_snap_fe/hold_b_reg[194]/C  u_snap_fe/dout_a_reg[194]/D
181  CDC-15  Warning   Clock enable controlled CDC structure detected      0  Asynch Clock Groups  u_snap_fe/hold_b_reg[195]/C  u_snap_fe/dout_a_reg[195]/D
182  CDC-15  Warning   Clock enable controlled CDC structure detected      0  Asynch Clock Groups  u_snap_fe/hold_b_reg[196]/C  u_snap_fe/dout_a_reg[196]/D
183  CDC-15  Warning   Clock enable controlled CDC structure detected      0  Asynch Clock Groups  u_snap_fe/hold_b_reg[197]/C  u_snap_fe/dout_a_reg[197]/D
184  CDC-15  Warning   Clock enable controlled CDC structure detected      0  Asynch Clock Groups  u_snap_fe/hold_b_reg[198]/C  u_snap_fe/dout_a_reg[198]/D
185  CDC-15  Warning   Clock enable controlled CDC structure detected      0  Asynch Clock Groups  u_snap_fe/hold_b_reg[199]/C  u_snap_fe/dout_a_reg[199]/D
186  CDC-15  Warning   Clock enable controlled CDC structure detected      0  Asynch Clock Groups  u_snap_fe/hold_b_reg[200]/C  u_snap_fe/dout_a_reg[200]/D
187  CDC-15  Warning   Clock enable controlled CDC structure detected      0  Asynch Clock Groups  u_snap_fe/hold_b_reg[201]/C  u_snap_fe/dout_a_reg[201]/D
188  CDC-15  Warning   Clock enable controlled CDC structure detected      0  Asynch Clock Groups  u_snap_fe/hold_b_reg[202]/C  u_snap_fe/dout_a_reg[202]/D
189  CDC-15  Warning   Clock enable controlled CDC structure detected      0  Asynch Clock Groups  u_snap_fe/hold_b_reg[203]/C  u_snap_fe/dout_a_reg[203]/D
190  CDC-15  Warning   Clock enable controlled CDC structure detected      0  Asynch Clock Groups  u_snap_fe/hold_b_reg[204]/C  u_snap_fe/dout_a_reg[204]/D
191  CDC-15  Warning   Clock enable controlled CDC structure detected      0  Asynch Clock Groups  u_snap_fe/hold_b_reg[205]/C  u_snap_fe/dout_a_reg[205]/D
192  CDC-15  Warning   Clock enable controlled CDC structure detected      0  Asynch Clock Groups  u_snap_fe/hold_b_reg[206]/C  u_snap_fe/dout_a_reg[206]/D
193  CDC-15  Warning   Clock enable controlled CDC structure detected      0  Asynch Clock Groups  u_snap_fe/hold_b_reg[207]/C  u_snap_fe/dout_a_reg[207]/D
194  CDC-15  Warning   Clock enable controlled CDC structure detected      0  Asynch Clock Groups  u_snap_fe/hold_b_reg[208]/C  u_snap_fe/dout_a_reg[208]/D
195  CDC-15  Warning   Clock enable controlled CDC structure detected      0  Asynch Clock Groups  u_snap_fe/hold_b_reg[209]/C  u_snap_fe/dout_a_reg[209]/D
196  CDC-15  Warning   Clock enable controlled CDC structure detected      0  Asynch Clock Groups  u_snap_fe/hold_b_reg[210]/C  u_snap_fe/dout_a_reg[210]/D
197  CDC-15  Warning   Clock enable controlled CDC structure detected      0  Asynch Clock Groups  u_snap_fe/hold_b_reg[211]/C  u_snap_fe/dout_a_reg[211]/D
198  CDC-15  Warning   Clock enable controlled CDC structure detected      0  Asynch Clock Groups  u_snap_fe/hold_b_reg[212]/C  u_snap_fe/dout_a_reg[212]/D
199  CDC-15  Warning   Clock enable controlled CDC structure detected      0  Asynch Clock Groups  u_snap_fe/hold_b_reg[213]/C  u_snap_fe/dout_a_reg[213]/D
200  CDC-15  Warning   Clock enable controlled CDC structure detected      0  Asynch Clock Groups  u_snap_fe/hold_b_reg[214]/C  u_snap_fe/dout_a_reg[214]/D
201  CDC-15  Warning   Clock enable controlled CDC structure detected      0  Asynch Clock Groups  u_snap_fe/hold_b_reg[215]/C  u_snap_fe/dout_a_reg[215]/D
202  CDC-15  Warning   Clock enable controlled CDC structure detected      0  Asynch Clock Groups  u_snap_fe/hold_b_reg[216]/C  u_snap_fe/dout_a_reg[216]/D
203  CDC-15  Warning   Clock enable controlled CDC structure detected      0  Asynch Clock Groups  u_snap_fe/hold_b_reg[217]/C  u_snap_fe/dout_a_reg[217]/D
204  CDC-15  Warning   Clock enable controlled CDC structure detected      0  Asynch Clock Groups  u_snap_fe/hold_b_reg[218]/C  u_snap_fe/dout_a_reg[218]/D
205  CDC-15  Warning   Clock enable controlled CDC structure detected      0  Asynch Clock Groups  u_snap_fe/hold_b_reg[219]/C  u_snap_fe/dout_a_reg[219]/D
206  CDC-15  Warning   Clock enable controlled CDC structure detected      0  Asynch Clock Groups  u_snap_fe/hold_b_reg[220]/C  u_snap_fe/dout_a_reg[220]/D
207  CDC-15  Warning   Clock enable controlled CDC structure detected      0  Asynch Clock Groups  u_snap_fe/hold_b_reg[221]/C  u_snap_fe/dout_a_reg[221]/D
208  CDC-15  Warning   Clock enable controlled CDC structure detected      0  Asynch Clock Groups  u_snap_fe/hold_b_reg[222]/C  u_snap_fe/dout_a_reg[222]/D
209  CDC-15  Warning   Clock enable controlled CDC structure detected      0  Asynch Clock Groups  u_snap_fe/hold_b_reg[223]/C  u_snap_fe/dout_a_reg[223]/D
210  CDC-15  Warning   Clock enable controlled CDC structure detected      0  Asynch Clock Groups  u_snap_fe/hold_b_reg[224]/C  u_snap_fe/dout_a_reg[224]/D
211  CDC-15  Warning   Clock enable controlled CDC structure detected      0  Asynch Clock Groups  u_snap_fe/hold_b_reg[225]/C  u_snap_fe/dout_a_reg[225]/D
212  CDC-15  Warning   Clock enable controlled CDC structure detected      0  Asynch Clock Groups  u_snap_fe/hold_b_reg[226]/C  u_snap_fe/dout_a_reg[226]/D
213  CDC-15  Warning   Clock enable controlled CDC structure detected      0  Asynch Clock Groups  u_snap_fe/hold_b_reg[227]/C  u_snap_fe/dout_a_reg[227]/D
214  CDC-15  Warning   Clock enable controlled CDC structure detected      0  Asynch Clock Groups  u_snap_fe/hold_b_reg[228]/C  u_snap_fe/dout_a_reg[228]/D
215  CDC-15  Warning   Clock enable controlled CDC structure detected      0  Asynch Clock Groups  u_snap_fe/hold_b_reg[229]/C  u_snap_fe/dout_a_reg[229]/D
216  CDC-15  Warning   Clock enable controlled CDC structure detected      0  Asynch Clock Groups  u_snap_fe/hold_b_reg[230]/C  u_snap_fe/dout_a_reg[230]/D
217  CDC-15  Warning   Clock enable controlled CDC structure detected      0  Asynch Clock Groups  u_snap_fe/hold_b_reg[231]/C  u_snap_fe/dout_a_reg[231]/D
218  CDC-15  Warning   Clock enable controlled CDC structure detected      0  Asynch Clock Groups  u_snap_fe/hold_b_reg[232]/C  u_snap_fe/dout_a_reg[232]/D
219  CDC-15  Warning   Clock enable controlled CDC structure detected      0  Asynch Clock Groups  u_snap_fe/hold_b_reg[233]/C  u_snap_fe/dout_a_reg[233]/D
220  CDC-15  Warning   Clock enable controlled CDC structure detected      0  Asynch Clock Groups  u_snap_fe/hold_b_reg[234]/C  u_snap_fe/dout_a_reg[234]/D
221  CDC-15  Warning   Clock enable controlled CDC structure detected      0  Asynch Clock Groups  u_snap_fe/hold_b_reg[235]/C  u_snap_fe/dout_a_reg[235]/D
222  CDC-15  Warning   Clock enable controlled CDC structure detected      0  Asynch Clock Groups  u_snap_fe/hold_b_reg[236]/C  u_snap_fe/dout_a_reg[236]/D
223  CDC-15  Warning   Clock enable controlled CDC structure detected      0  Asynch Clock Groups  u_snap_fe/hold_b_reg[237]/C  u_snap_fe/dout_a_reg[237]/D
224  CDC-15  Warning   Clock enable controlled CDC structure detected      0  Asynch Clock Groups  u_snap_fe/hold_b_reg[238]/C  u_snap_fe/dout_a_reg[238]/D
225  CDC-15  Warning   Clock enable controlled CDC structure detected      0  Asynch Clock Groups  u_snap_fe/hold_b_reg[239]/C  u_snap_fe/dout_a_reg[239]/D
226  CDC-15  Warning   Clock enable controlled CDC structure detected      0  Asynch Clock Groups  u_snap_fe/hold_b_reg[240]/C  u_snap_fe/dout_a_reg[240]/D
227  CDC-15  Warning   Clock enable controlled CDC structure detected      0  Asynch Clock Groups  u_snap_fe/hold_b_reg[241]/C  u_snap_fe/dout_a_reg[241]/D
228  CDC-15  Warning   Clock enable controlled CDC structure detected      0  Asynch Clock Groups  u_snap_fe/hold_b_reg[242]/C  u_snap_fe/dout_a_reg[242]/D
229  CDC-15  Warning   Clock enable controlled CDC structure detected      0  Asynch Clock Groups  u_snap_fe/hold_b_reg[243]/C  u_snap_fe/dout_a_reg[243]/D
230  CDC-15  Warning   Clock enable controlled CDC structure detected      0  Asynch Clock Groups  u_snap_fe/hold_b_reg[244]/C  u_snap_fe/dout_a_reg[244]/D
231  CDC-15  Warning   Clock enable controlled CDC structure detected      0  Asynch Clock Groups  u_snap_fe/hold_b_reg[245]/C  u_snap_fe/dout_a_reg[245]/D
232  CDC-15  Warning   Clock enable controlled CDC structure detected      0  Asynch Clock Groups  u_snap_fe/hold_b_reg[246]/C  u_snap_fe/dout_a_reg[246]/D
233  CDC-15  Warning   Clock enable controlled CDC structure detected      0  Asynch Clock Groups  u_snap_fe/hold_b_reg[247]/C  u_snap_fe/dout_a_reg[247]/D
234  CDC-15  Warning   Clock enable controlled CDC structure detected      0  Asynch Clock Groups  u_snap_fe/hold_b_reg[248]/C  u_snap_fe/dout_a_reg[248]/D
235  CDC-15  Warning   Clock enable controlled CDC structure detected      0  Asynch Clock Groups  u_snap_fe/hold_b_reg[249]/C  u_snap_fe/dout_a_reg[249]/D
236  CDC-15  Warning   Clock enable controlled CDC structure detected      0  Asynch Clock Groups  u_snap_fe/hold_b_reg[250]/C  u_snap_fe/dout_a_reg[250]/D
237  CDC-15  Warning   Clock enable controlled CDC structure detected      0  Asynch Clock Groups  u_snap_fe/hold_b_reg[251]/C  u_snap_fe/dout_a_reg[251]/D
238  CDC-15  Warning   Clock enable controlled CDC structure detected      0  Asynch Clock Groups  u_snap_fe/hold_b_reg[252]/C  u_snap_fe/dout_a_reg[252]/D
239  CDC-15  Warning   Clock enable controlled CDC structure detected      0  Asynch Clock Groups  u_snap_fe/hold_b_reg[253]/C  u_snap_fe/dout_a_reg[253]/D
240  CDC-15  Warning   Clock enable controlled CDC structure detected      0  Asynch Clock Groups  u_snap_fe/hold_b_reg[254]/C  u_snap_fe/dout_a_reg[254]/D
241  CDC-15  Warning   Clock enable controlled CDC structure detected      0  Asynch Clock Groups  u_snap_fe/hold_b_reg[255]/C  u_snap_fe/dout_a_reg[255]/D
242  CDC-15  Warning   Clock enable controlled CDC structure detected      0  Asynch Clock Groups  u_snap_fe/hold_b_reg[256]/C  u_snap_fe/dout_a_reg[256]/D
243  CDC-15  Warning   Clock enable controlled CDC structure detected      0  Asynch Clock Groups  u_snap_fe/hold_b_reg[257]/C  u_snap_fe/dout_a_reg[257]/D
244  CDC-15  Warning   Clock enable controlled CDC structure detected      0  Asynch Clock Groups  u_snap_fe/hold_b_reg[258]/C  u_snap_fe/dout_a_reg[258]/D
245  CDC-15  Warning   Clock enable controlled CDC structure detected      0  Asynch Clock Groups  u_snap_fe/hold_b_reg[259]/C  u_snap_fe/dout_a_reg[259]/D
246  CDC-15  Warning   Clock enable controlled CDC structure detected      0  Asynch Clock Groups  u_snap_fe/hold_b_reg[260]/C  u_snap_fe/dout_a_reg[260]/D
247  CDC-15  Warning   Clock enable controlled CDC structure detected      0  Asynch Clock Groups  u_snap_fe/hold_b_reg[261]/C  u_snap_fe/dout_a_reg[261]/D
248  CDC-15  Warning   Clock enable controlled CDC structure detected      0  Asynch Clock Groups  u_snap_fe/hold_b_reg[262]/C  u_snap_fe/dout_a_reg[262]/D
249  CDC-15  Warning   Clock enable controlled CDC structure detected      0  Asynch Clock Groups  u_snap_fe/hold_b_reg[263]/C  u_snap_fe/dout_a_reg[263]/D
250  CDC-15  Warning   Clock enable controlled CDC structure detected      0  Asynch Clock Groups  u_snap_fe/hold_b_reg[264]/C  u_snap_fe/dout_a_reg[264]/D
251  CDC-15  Warning   Clock enable controlled CDC structure detected      0  Asynch Clock Groups  u_snap_fe/hold_b_reg[288]/C  u_snap_fe/dout_a_reg[288]/D
252  CDC-15  Warning   Clock enable controlled CDC structure detected      0  Asynch Clock Groups  u_snap_fe/hold_b_reg[289]/C  u_snap_fe/dout_a_reg[289]/D
253  CDC-15  Warning   Clock enable controlled CDC structure detected      0  Asynch Clock Groups  u_snap_fe/hold_b_reg[290]/C  u_snap_fe/dout_a_reg[290]/D
254  CDC-15  Warning   Clock enable controlled CDC structure detected      0  Asynch Clock Groups  u_snap_fe/hold_b_reg[291]/C  u_snap_fe/dout_a_reg[291]/D
255  CDC-15  Warning   Clock enable controlled CDC structure detected      0  Asynch Clock Groups  u_snap_fe/hold_b_reg[292]/C  u_snap_fe/dout_a_reg[292]/D
256  CDC-15  Warning   Clock enable controlled CDC structure detected      0  Asynch Clock Groups  u_snap_fe/hold_b_reg[293]/C  u_snap_fe/dout_a_reg[293]/D
257  CDC-15  Warning   Clock enable controlled CDC structure detected      0  Asynch Clock Groups  u_snap_fe/hold_b_reg[294]/C  u_snap_fe/dout_a_reg[294]/D
258  CDC-15  Warning   Clock enable controlled CDC structure detected      0  Asynch Clock Groups  u_snap_fe/hold_b_reg[295]/C  u_snap_fe/dout_a_reg[295]/D
259  CDC-15  Warning   Clock enable controlled CDC structure detected      0  Asynch Clock Groups  u_snap_fe/hold_b_reg[296]/C  u_snap_fe/dout_a_reg[296]/D
260  CDC-15  Warning   Clock enable controlled CDC structure detected      0  Asynch Clock Groups  u_snap_fe/hold_b_reg[297]/C  u_snap_fe/dout_a_reg[297]/D
261  CDC-15  Warning   Clock enable controlled CDC structure detected      0  Asynch Clock Groups  u_snap_fe/hold_b_reg[298]/C  u_snap_fe/dout_a_reg[298]/D
262  CDC-15  Warning   Clock enable controlled CDC structure detected      0  Asynch Clock Groups  u_snap_fe/hold_b_reg[299]/C  u_snap_fe/dout_a_reg[299]/D
263  CDC-15  Warning   Clock enable controlled CDC structure detected      0  Asynch Clock Groups  u_snap_fe/hold_b_reg[300]/C  u_snap_fe/dout_a_reg[300]/D
264  CDC-15  Warning   Clock enable controlled CDC structure detected      0  Asynch Clock Groups  u_snap_fe/hold_b_reg[301]/C  u_snap_fe/dout_a_reg[301]/D
265  CDC-15  Warning   Clock enable controlled CDC structure detected      0  Asynch Clock Groups  u_snap_fe/hold_b_reg[302]/C  u_snap_fe/dout_a_reg[302]/D
266  CDC-15  Warning   Clock enable controlled CDC structure detected      0  Asynch Clock Groups  u_snap_fe/hold_b_reg[303]/C  u_snap_fe/dout_a_reg[303]/D
267  CDC-15  Warning   Clock enable controlled CDC structure detected      0  Asynch Clock Groups  u_snap_fe/hold_b_reg[304]/C  u_snap_fe/dout_a_reg[304]/D
268  CDC-15  Warning   Clock enable controlled CDC structure detected      0  Asynch Clock Groups  u_snap_fe/hold_b_reg[305]/C  u_snap_fe/dout_a_reg[305]/D
269  CDC-15  Warning   Clock enable controlled CDC structure detected      0  Asynch Clock Groups  u_snap_fe/hold_b_reg[306]/C  u_snap_fe/dout_a_reg[306]/D
270  CDC-15  Warning   Clock enable controlled CDC structure detected      0  Asynch Clock Groups  u_snap_fe/hold_b_reg[307]/C  u_snap_fe/dout_a_reg[307]/D
271  CDC-15  Warning   Clock enable controlled CDC structure detected      0  Asynch Clock Groups  u_snap_fe/hold_b_reg[308]/C  u_snap_fe/dout_a_reg[308]/D
272  CDC-15  Warning   Clock enable controlled CDC structure detected      0  Asynch Clock Groups  u_snap_fe/hold_b_reg[309]/C  u_snap_fe/dout_a_reg[309]/D
273  CDC-15  Warning   Clock enable controlled CDC structure detected      0  Asynch Clock Groups  u_snap_fe/hold_b_reg[310]/C  u_snap_fe/dout_a_reg[310]/D
274  CDC-15  Warning   Clock enable controlled CDC structure detected      0  Asynch Clock Groups  u_snap_fe/hold_b_reg[311]/C  u_snap_fe/dout_a_reg[311]/D
275  CDC-15  Warning   Clock enable controlled CDC structure detected      0  Asynch Clock Groups  u_snap_fe/hold_b_reg[312]/C  u_snap_fe/dout_a_reg[312]/D
276  CDC-15  Warning   Clock enable controlled CDC structure detected      0  Asynch Clock Groups  u_snap_fe/hold_b_reg[313]/C  u_snap_fe/dout_a_reg[313]/D
277  CDC-15  Warning   Clock enable controlled CDC structure detected      0  Asynch Clock Groups  u_snap_fe/hold_b_reg[314]/C  u_snap_fe/dout_a_reg[314]/D
278  CDC-15  Warning   Clock enable controlled CDC structure detected      0  Asynch Clock Groups  u_snap_fe/hold_b_reg[315]/C  u_snap_fe/dout_a_reg[315]/D
279  CDC-15  Warning   Clock enable controlled CDC structure detected      0  Asynch Clock Groups  u_snap_fe/hold_b_reg[316]/C  u_snap_fe/dout_a_reg[316]/D
280  CDC-15  Warning   Clock enable controlled CDC structure detected      0  Asynch Clock Groups  u_snap_fe/hold_b_reg[317]/C  u_snap_fe/dout_a_reg[317]/D
281  CDC-15  Warning   Clock enable controlled CDC structure detected      0  Asynch Clock Groups  u_snap_fe/hold_b_reg[318]/C  u_snap_fe/dout_a_reg[318]/D
282  CDC-15  Warning   Clock enable controlled CDC structure detected      0  Asynch Clock Groups  u_snap_fe/hold_b_reg[319]/C  u_snap_fe/dout_a_reg[319]/D
283  CDC-15  Warning   Clock enable controlled CDC structure detected      0  Asynch Clock Groups  u_snap_fe/hold_b_reg[320]/C  u_snap_fe/dout_a_reg[320]/D
284  CDC-15  Warning   Clock enable controlled CDC structure detected      0  Asynch Clock Groups  u_snap_fe/hold_b_reg[321]/C  u_snap_fe/dout_a_reg[321]/D
285  CDC-15  Warning   Clock enable controlled CDC structure detected      0  Asynch Clock Groups  u_snap_fe/hold_b_reg[322]/C  u_snap_fe/dout_a_reg[322]/D
286  CDC-15  Warning   Clock enable controlled CDC structure detected      0  Asynch Clock Groups  u_snap_fe/hold_b_reg[323]/C  u_snap_fe/dout_a_reg[323]/D
287  CDC-15  Warning   Clock enable controlled CDC structure detected      0  Asynch Clock Groups  u_snap_fe/hold_b_reg[324]/C  u_snap_fe/dout_a_reg[324]/D
288  CDC-15  Warning   Clock enable controlled CDC structure detected      0  Asynch Clock Groups  u_snap_fe/hold_b_reg[325]/C  u_snap_fe/dout_a_reg[325]/D
289  CDC-15  Warning   Clock enable controlled CDC structure detected      0  Asynch Clock Groups  u_snap_fe/hold_b_reg[326]/C  u_snap_fe/dout_a_reg[326]/D
290  CDC-15  Warning   Clock enable controlled CDC structure detected      0  Asynch Clock Groups  u_snap_fe/hold_b_reg[327]/C  u_snap_fe/dout_a_reg[327]/D
291  CDC-15  Warning   Clock enable controlled CDC structure detected      0  Asynch Clock Groups  u_snap_fe/hold_b_reg[328]/C  u_snap_fe/dout_a_reg[328]/D
292  CDC-15  Warning   Clock enable controlled CDC structure detected      0  Asynch Clock Groups  u_snap_fe/hold_b_reg[329]/C  u_snap_fe/dout_a_reg[329]/D
293  CDC-15  Warning   Clock enable controlled CDC structure detected      0  Asynch Clock Groups  u_snap_fe/hold_b_reg[330]/C  u_snap_fe/dout_a_reg[330]/D
294  CDC-15  Warning   Clock enable controlled CDC structure detected      0  Asynch Clock Groups  u_snap_fe/hold_b_reg[331]/C  u_snap_fe/dout_a_reg[331]/D
295  CDC-15  Warning   Clock enable controlled CDC structure detected      0  Asynch Clock Groups  u_snap_fe/hold_b_reg[332]/C  u_snap_fe/dout_a_reg[332]/D
296  CDC-15  Warning   Clock enable controlled CDC structure detected      0  Asynch Clock Groups  u_snap_fe/hold_b_reg[333]/C  u_snap_fe/dout_a_reg[333]/D
297  CDC-15  Warning   Clock enable controlled CDC structure detected      0  Asynch Clock Groups  u_snap_fe/hold_b_reg[334]/C  u_snap_fe/dout_a_reg[334]/D
298  CDC-15  Warning   Clock enable controlled CDC structure detected      0  Asynch Clock Groups  u_snap_fe/hold_b_reg[335]/C  u_snap_fe/dout_a_reg[335]/D
299  CDC-15  Warning   Clock enable controlled CDC structure detected      0  Asynch Clock Groups  u_snap_fe/hold_b_reg[336]/C  u_snap_fe/dout_a_reg[336]/D
300  CDC-15  Warning   Clock enable controlled CDC structure detected      0  Asynch Clock Groups  u_snap_fe/hold_b_reg[337]/C  u_snap_fe/dout_a_reg[337]/D
301  CDC-15  Warning   Clock enable controlled CDC structure detected      0  Asynch Clock Groups  u_snap_fe/hold_b_reg[338]/C  u_snap_fe/dout_a_reg[338]/D
302  CDC-15  Warning   Clock enable controlled CDC structure detected      0  Asynch Clock Groups  u_snap_fe/hold_b_reg[339]/C  u_snap_fe/dout_a_reg[339]/D
303  CDC-15  Warning   Clock enable controlled CDC structure detected      0  Asynch Clock Groups  u_snap_fe/hold_b_reg[340]/C  u_snap_fe/dout_a_reg[340]/D
304  CDC-15  Warning   Clock enable controlled CDC structure detected      0  Asynch Clock Groups  u_snap_fe/hold_b_reg[341]/C  u_snap_fe/dout_a_reg[341]/D
305  CDC-15  Warning   Clock enable controlled CDC structure detected      0  Asynch Clock Groups  u_snap_fe/hold_b_reg[342]/C  u_snap_fe/dout_a_reg[342]/D
306  CDC-15  Warning   Clock enable controlled CDC structure detected      0  Asynch Clock Groups  u_snap_fe/hold_b_reg[343]/C  u_snap_fe/dout_a_reg[343]/D
307  CDC-15  Warning   Clock enable controlled CDC structure detected      0  Asynch Clock Groups  u_snap_fe/hold_b_reg[344]/C  u_snap_fe/dout_a_reg[344]/D
308  CDC-15  Warning   Clock enable controlled CDC structure detected      0  Asynch Clock Groups  u_snap_fe/hold_b_reg[345]/C  u_snap_fe/dout_a_reg[345]/D
309  CDC-15  Warning   Clock enable controlled CDC structure detected      0  Asynch Clock Groups  u_snap_fe/hold_b_reg[346]/C  u_snap_fe/dout_a_reg[346]/D
310  CDC-15  Warning   Clock enable controlled CDC structure detected      0  Asynch Clock Groups  u_snap_fe/hold_b_reg[347]/C  u_snap_fe/dout_a_reg[347]/D
311  CDC-15  Warning   Clock enable controlled CDC structure detected      0  Asynch Clock Groups  u_snap_fe/hold_b_reg[348]/C  u_snap_fe/dout_a_reg[348]/D
312  CDC-15  Warning   Clock enable controlled CDC structure detected      0  Asynch Clock Groups  u_snap_fe/hold_b_reg[349]/C  u_snap_fe/dout_a_reg[349]/D
313  CDC-15  Warning   Clock enable controlled CDC structure detected      0  Asynch Clock Groups  u_snap_fe/hold_b_reg[350]/C  u_snap_fe/dout_a_reg[350]/D
314  CDC-15  Warning   Clock enable controlled CDC structure detected      0  Asynch Clock Groups  u_snap_fe/hold_b_reg[351]/C  u_snap_fe/dout_a_reg[351]/D
315  CDC-15  Warning   Clock enable controlled CDC structure detected      0  Asynch Clock Groups  u_snap_fe/hold_b_reg[352]/C  u_snap_fe/dout_a_reg[352]/D
316  CDC-15  Warning   Clock enable controlled CDC structure detected      0  Asynch Clock Groups  u_snap_fe/hold_b_reg[353]/C  u_snap_fe/dout_a_reg[353]/D
317  CDC-15  Warning   Clock enable controlled CDC structure detected      0  Asynch Clock Groups  u_snap_fe/hold_b_reg[354]/C  u_snap_fe/dout_a_reg[354]/D
318  CDC-15  Warning   Clock enable controlled CDC structure detected      0  Asynch Clock Groups  u_snap_fe/hold_b_reg[355]/C  u_snap_fe/dout_a_reg[355]/D
319  CDC-15  Warning   Clock enable controlled CDC structure detected      0  Asynch Clock Groups  u_snap_fe/hold_b_reg[356]/C  u_snap_fe/dout_a_reg[356]/D
320  CDC-15  Warning   Clock enable controlled CDC structure detected      0  Asynch Clock Groups  u_snap_fe/hold_b_reg[357]/C  u_snap_fe/dout_a_reg[357]/D
321  CDC-15  Warning   Clock enable controlled CDC structure detected      0  Asynch Clock Groups  u_snap_fe/hold_b_reg[358]/C  u_snap_fe/dout_a_reg[358]/D
322  CDC-15  Warning   Clock enable controlled CDC structure detected      0  Asynch Clock Groups  u_snap_fe/hold_b_reg[359]/C  u_snap_fe/dout_a_reg[359]/D
323  CDC-15  Warning   Clock enable controlled CDC structure detected      0  Asynch Clock Groups  u_snap_fe/hold_b_reg[360]/C  u_snap_fe/dout_a_reg[360]/D
324  CDC-15  Warning   Clock enable controlled CDC structure detected      0  Asynch Clock Groups  u_snap_fe/hold_b_reg[361]/C  u_snap_fe/dout_a_reg[361]/D
325  CDC-15  Warning   Clock enable controlled CDC structure detected      0  Asynch Clock Groups  u_snap_fe/hold_b_reg[362]/C  u_snap_fe/dout_a_reg[362]/D
326  CDC-15  Warning   Clock enable controlled CDC structure detected      0  Asynch Clock Groups  u_snap_fe/hold_b_reg[363]/C  u_snap_fe/dout_a_reg[363]/D
327  CDC-15  Warning   Clock enable controlled CDC structure detected      0  Asynch Clock Groups  u_snap_fe/hold_b_reg[364]/C  u_snap_fe/dout_a_reg[364]/D
328  CDC-15  Warning   Clock enable controlled CDC structure detected      0  Asynch Clock Groups  u_snap_fe/hold_b_reg[365]/C  u_snap_fe/dout_a_reg[365]/D
329  CDC-15  Warning   Clock enable controlled CDC structure detected      0  Asynch Clock Groups  u_snap_fe/hold_b_reg[366]/C  u_snap_fe/dout_a_reg[366]/D
330  CDC-15  Warning   Clock enable controlled CDC structure detected      0  Asynch Clock Groups  u_snap_fe/hold_b_reg[367]/C  u_snap_fe/dout_a_reg[367]/D
331  CDC-15  Warning   Clock enable controlled CDC structure detected      0  Asynch Clock Groups  u_snap_fe/hold_b_reg[368]/C  u_snap_fe/dout_a_reg[368]/D
332  CDC-15  Warning   Clock enable controlled CDC structure detected      0  Asynch Clock Groups  u_snap_fe/hold_b_reg[369]/C  u_snap_fe/dout_a_reg[369]/D
333  CDC-15  Warning   Clock enable controlled CDC structure detected      0  Asynch Clock Groups  u_snap_fe/hold_b_reg[370]/C  u_snap_fe/dout_a_reg[370]/D
334  CDC-15  Warning   Clock enable controlled CDC structure detected      0  Asynch Clock Groups  u_snap_fe/hold_b_reg[371]/C  u_snap_fe/dout_a_reg[371]/D
335  CDC-15  Warning   Clock enable controlled CDC structure detected      0  Asynch Clock Groups  u_snap_fe/hold_b_reg[372]/C  u_snap_fe/dout_a_reg[372]/D
336  CDC-15  Warning   Clock enable controlled CDC structure detected      0  Asynch Clock Groups  u_snap_fe/hold_b_reg[373]/C  u_snap_fe/dout_a_reg[373]/D
337  CDC-15  Warning   Clock enable controlled CDC structure detected      0  Asynch Clock Groups  u_snap_fe/hold_b_reg[374]/C  u_snap_fe/dout_a_reg[374]/D
338  CDC-15  Warning   Clock enable controlled CDC structure detected      0  Asynch Clock Groups  u_snap_fe/hold_b_reg[375]/C  u_snap_fe/dout_a_reg[375]/D
339  CDC-15  Warning   Clock enable controlled CDC structure detected      0  Asynch Clock Groups  u_snap_fe/hold_b_reg[376]/C  u_snap_fe/dout_a_reg[376]/D
340  CDC-15  Warning   Clock enable controlled CDC structure detected      0  Asynch Clock Groups  u_snap_fe/hold_b_reg[377]/C  u_snap_fe/dout_a_reg[377]/D
341  CDC-15  Warning   Clock enable controlled CDC structure detected      0  Asynch Clock Groups  u_snap_fe/hold_b_reg[378]/C  u_snap_fe/dout_a_reg[378]/D
342  CDC-15  Warning   Clock enable controlled CDC structure detected      0  Asynch Clock Groups  u_snap_fe/hold_b_reg[379]/C  u_snap_fe/dout_a_reg[379]/D
343  CDC-15  Warning   Clock enable controlled CDC structure detected      0  Asynch Clock Groups  u_snap_fe/hold_b_reg[380]/C  u_snap_fe/dout_a_reg[380]/D
344  CDC-15  Warning   Clock enable controlled CDC structure detected      0  Asynch Clock Groups  u_snap_fe/hold_b_reg[381]/C  u_snap_fe/dout_a_reg[381]/D
345  CDC-15  Warning   Clock enable controlled CDC structure detected      0  Asynch Clock Groups  u_snap_fe/hold_b_reg[382]/C  u_snap_fe/dout_a_reg[382]/D
346  CDC-15  Warning   Clock enable controlled CDC structure detected      0  Asynch Clock Groups  u_snap_fe/hold_b_reg[383]/C  u_snap_fe/dout_a_reg[383]/D
347  CDC-15  Warning   Clock enable controlled CDC structure detected      0  Asynch Clock Groups  u_snap_fe/hold_b_reg[384]/C  u_snap_fe/dout_a_reg[384]/D
348  CDC-15  Warning   Clock enable controlled CDC structure detected      0  Asynch Clock Groups  u_snap_fe/hold_b_reg[385]/C  u_snap_fe/dout_a_reg[385]/D
349  CDC-15  Warning   Clock enable controlled CDC structure detected      0  Asynch Clock Groups  u_snap_fe/hold_b_reg[386]/C  u_snap_fe/dout_a_reg[386]/D
350  CDC-15  Warning   Clock enable controlled CDC structure detected      0  Asynch Clock Groups  u_snap_fe/hold_b_reg[387]/C  u_snap_fe/dout_a_reg[387]/D
351  CDC-15  Warning   Clock enable controlled CDC structure detected      0  Asynch Clock Groups  u_snap_fe/hold_b_reg[388]/C  u_snap_fe/dout_a_reg[388]/D
352  CDC-15  Warning   Clock enable controlled CDC structure detected      0  Asynch Clock Groups  u_snap_fe/hold_b_reg[389]/C  u_snap_fe/dout_a_reg[389]/D
353  CDC-15  Warning   Clock enable controlled CDC structure detected      0  Asynch Clock Groups  u_snap_fe/hold_b_reg[390]/C  u_snap_fe/dout_a_reg[390]/D
354  CDC-15  Warning   Clock enable controlled CDC structure detected      0  Asynch Clock Groups  u_snap_fe/hold_b_reg[391]/C  u_snap_fe/dout_a_reg[391]/D
355  CDC-15  Warning   Clock enable controlled CDC structure detected      0  Asynch Clock Groups  u_snap_fe/hold_b_reg[392]/C  u_snap_fe/dout_a_reg[392]/D
356  CDC-15  Warning   Clock enable controlled CDC structure detected      0  Asynch Clock Groups  u_snap_fe/hold_b_reg[393]/C  u_snap_fe/dout_a_reg[393]/D
357  CDC-15  Warning   Clock enable controlled CDC structure detected      0  Asynch Clock Groups  u_snap_fe/hold_b_reg[394]/C  u_snap_fe/dout_a_reg[394]/D
358  CDC-15  Warning   Clock enable controlled CDC structure detected      0  Asynch Clock Groups  u_snap_fe/hold_b_reg[395]/C  u_snap_fe/dout_a_reg[395]/D
359  CDC-15  Warning   Clock enable controlled CDC structure detected      0  Asynch Clock Groups  u_snap_fe/hold_b_reg[396]/C  u_snap_fe/dout_a_reg[396]/D
360  CDC-15  Warning   Clock enable controlled CDC structure detected      0  Asynch Clock Groups  u_snap_fe/hold_b_reg[397]/C  u_snap_fe/dout_a_reg[397]/D
361  CDC-15  Warning   Clock enable controlled CDC structure detected      0  Asynch Clock Groups  u_snap_fe/hold_b_reg[398]/C  u_snap_fe/dout_a_reg[398]/D
362  CDC-15  Warning   Clock enable controlled CDC structure detected      0  Asynch Clock Groups  u_snap_fe/hold_b_reg[399]/C  u_snap_fe/dout_a_reg[399]/D
363  CDC-15  Warning   Clock enable controlled CDC structure detected      0  Asynch Clock Groups  u_snap_fe/hold_b_reg[400]/C  u_snap_fe/dout_a_reg[400]/D
364  CDC-15  Warning   Clock enable controlled CDC structure detected      0  Asynch Clock Groups  u_snap_fe/hold_b_reg[401]/C  u_snap_fe/dout_a_reg[401]/D
365  CDC-15  Warning   Clock enable controlled CDC structure detected      0  Asynch Clock Groups  u_snap_fe/hold_b_reg[402]/C  u_snap_fe/dout_a_reg[402]/D
366  CDC-15  Warning   Clock enable controlled CDC structure detected      0  Asynch Clock Groups  u_snap_fe/hold_b_reg[403]/C  u_snap_fe/dout_a_reg[403]/D
367  CDC-15  Warning   Clock enable controlled CDC structure detected      0  Asynch Clock Groups  u_snap_fe/hold_b_reg[404]/C  u_snap_fe/dout_a_reg[404]/D
368  CDC-15  Warning   Clock enable controlled CDC structure detected      0  Asynch Clock Groups  u_snap_fe/hold_b_reg[405]/C  u_snap_fe/dout_a_reg[405]/D
369  CDC-15  Warning   Clock enable controlled CDC structure detected      0  Asynch Clock Groups  u_snap_fe/hold_b_reg[406]/C  u_snap_fe/dout_a_reg[406]/D
370  CDC-15  Warning   Clock enable controlled CDC structure detected      0  Asynch Clock Groups  u_snap_fe/hold_b_reg[407]/C  u_snap_fe/dout_a_reg[407]/D
371  CDC-15  Warning   Clock enable controlled CDC structure detected      0  Asynch Clock Groups  u_snap_fe/hold_b_reg[408]/C  u_snap_fe/dout_a_reg[408]/D
372  CDC-15  Warning   Clock enable controlled CDC structure detected      0  Asynch Clock Groups  u_snap_fe/hold_b_reg[409]/C  u_snap_fe/dout_a_reg[409]/D
373  CDC-15  Warning   Clock enable controlled CDC structure detected      0  Asynch Clock Groups  u_snap_fe/hold_b_reg[410]/C  u_snap_fe/dout_a_reg[410]/D
374  CDC-15  Warning   Clock enable controlled CDC structure detected      0  Asynch Clock Groups  u_snap_fe/hold_b_reg[411]/C  u_snap_fe/dout_a_reg[411]/D
375  CDC-15  Warning   Clock enable controlled CDC structure detected      0  Asynch Clock Groups  u_snap_fe/hold_b_reg[412]/C  u_snap_fe/dout_a_reg[412]/D
376  CDC-15  Warning   Clock enable controlled CDC structure detected      0  Asynch Clock Groups  u_snap_fe/hold_b_reg[413]/C  u_snap_fe/dout_a_reg[413]/D
377  CDC-15  Warning   Clock enable controlled CDC structure detected      0  Asynch Clock Groups  u_snap_fe/hold_b_reg[414]/C  u_snap_fe/dout_a_reg[414]/D
378  CDC-15  Warning   Clock enable controlled CDC structure detected      0  Asynch Clock Groups  u_snap_fe/hold_b_reg[415]/C  u_snap_fe/dout_a_reg[415]/D
379  CDC-15  Warning   Clock enable controlled CDC structure detected      0  Asynch Clock Groups  u_snap_fe/hold_b_reg[416]/C  u_snap_fe/dout_a_reg[416]/D
380  CDC-15  Warning   Clock enable controlled CDC structure detected      0  Asynch Clock Groups  u_snap_fe/hold_b_reg[417]/C  u_snap_fe/dout_a_reg[417]/D
381  CDC-15  Warning   Clock enable controlled CDC structure detected      0  Asynch Clock Groups  u_snap_fe/hold_b_reg[418]/C  u_snap_fe/dout_a_reg[418]/D
382  CDC-15  Warning   Clock enable controlled CDC structure detected      0  Asynch Clock Groups  u_snap_fe/hold_b_reg[419]/C  u_snap_fe/dout_a_reg[419]/D
383  CDC-15  Warning   Clock enable controlled CDC structure detected      0  Asynch Clock Groups  u_snap_fe/hold_b_reg[420]/C  u_snap_fe/dout_a_reg[420]/D
384  CDC-15  Warning   Clock enable controlled CDC structure detected      0  Asynch Clock Groups  u_snap_fe/hold_b_reg[421]/C  u_snap_fe/dout_a_reg[421]/D
385  CDC-15  Warning   Clock enable controlled CDC structure detected      0  Asynch Clock Groups  u_snap_fe/hold_b_reg[422]/C  u_snap_fe/dout_a_reg[422]/D
386  CDC-15  Warning   Clock enable controlled CDC structure detected      0  Asynch Clock Groups  u_snap_fe/hold_b_reg[423]/C  u_snap_fe/dout_a_reg[423]/D
387  CDC-15  Warning   Clock enable controlled CDC structure detected      0  Asynch Clock Groups  u_snap_fe/hold_b_reg[424]/C  u_snap_fe/dout_a_reg[424]/D
388  CDC-15  Warning   Clock enable controlled CDC structure detected      0  Asynch Clock Groups  u_snap_fe/hold_b_reg[425]/C  u_snap_fe/dout_a_reg[425]/D
389  CDC-15  Warning   Clock enable controlled CDC structure detected      0  Asynch Clock Groups  u_snap_fe/hold_b_reg[426]/C  u_snap_fe/dout_a_reg[426]/D
390  CDC-15  Warning   Clock enable controlled CDC structure detected      0  Asynch Clock Groups  u_snap_fe/hold_b_reg[427]/C  u_snap_fe/dout_a_reg[427]/D
391  CDC-15  Warning   Clock enable controlled CDC structure detected      0  Asynch Clock Groups  u_snap_fe/hold_b_reg[428]/C  u_snap_fe/dout_a_reg[428]/D
392  CDC-15  Warning   Clock enable controlled CDC structure detected      0  Asynch Clock Groups  u_snap_fe/hold_b_reg[429]/C  u_snap_fe/dout_a_reg[429]/D
393  CDC-15  Warning   Clock enable controlled CDC structure detected      0  Asynch Clock Groups  u_snap_fe/hold_b_reg[430]/C  u_snap_fe/dout_a_reg[430]/D
394  CDC-15  Warning   Clock enable controlled CDC structure detected      0  Asynch Clock Groups  u_snap_fe/hold_b_reg[431]/C  u_snap_fe/dout_a_reg[431]/D
395  CDC-15  Warning   Clock enable controlled CDC structure detected      0  Asynch Clock Groups  u_snap_fe/hold_b_reg[432]/C  u_snap_fe/dout_a_reg[432]/D
396  CDC-15  Warning   Clock enable controlled CDC structure detected      0  Asynch Clock Groups  u_snap_fe/hold_b_reg[433]/C  u_snap_fe/dout_a_reg[433]/D
397  CDC-15  Warning   Clock enable controlled CDC structure detected      0  Asynch Clock Groups  u_snap_fe/hold_b_reg[434]/C  u_snap_fe/dout_a_reg[434]/D
398  CDC-15  Warning   Clock enable controlled CDC structure detected      0  Asynch Clock Groups  u_snap_fe/hold_b_reg[435]/C  u_snap_fe/dout_a_reg[435]/D
399  CDC-15  Warning   Clock enable controlled CDC structure detected      0  Asynch Clock Groups  u_snap_fe/hold_b_reg[436]/C  u_snap_fe/dout_a_reg[436]/D
400  CDC-15  Warning   Clock enable controlled CDC structure detected      0  Asynch Clock Groups  u_snap_fe/hold_b_reg[437]/C  u_snap_fe/dout_a_reg[437]/D
401  CDC-15  Warning   Clock enable controlled CDC structure detected      0  Asynch Clock Groups  u_snap_fe/hold_b_reg[438]/C  u_snap_fe/dout_a_reg[438]/D
402  CDC-15  Warning   Clock enable controlled CDC structure detected      0  Asynch Clock Groups  u_snap_fe/hold_b_reg[439]/C  u_snap_fe/dout_a_reg[439]/D
403  CDC-15  Warning   Clock enable controlled CDC structure detected      0  Asynch Clock Groups  u_snap_fe/hold_b_reg[440]/C  u_snap_fe/dout_a_reg[440]/D
404  CDC-15  Warning   Clock enable controlled CDC structure detected      0  Asynch Clock Groups  u_snap_fe/hold_b_reg[441]/C  u_snap_fe/dout_a_reg[441]/D
405  CDC-15  Warning   Clock enable controlled CDC structure detected      0  Asynch Clock Groups  u_snap_fe/hold_b_reg[442]/C  u_snap_fe/dout_a_reg[442]/D
406  CDC-15  Warning   Clock enable controlled CDC structure detected      0  Asynch Clock Groups  u_snap_fe/hold_b_reg[443]/C  u_snap_fe/dout_a_reg[443]/D
407  CDC-15  Warning   Clock enable controlled CDC structure detected      0  Asynch Clock Groups  u_snap_fe/hold_b_reg[444]/C  u_snap_fe/dout_a_reg[444]/D
408  CDC-15  Warning   Clock enable controlled CDC structure detected      0  Asynch Clock Groups  u_snap_fe/hold_b_reg[445]/C  u_snap_fe/dout_a_reg[445]/D
409  CDC-15  Warning   Clock enable controlled CDC structure detected      0  Asynch Clock Groups  u_snap_fe/hold_b_reg[446]/C  u_snap_fe/dout_a_reg[446]/D
410  CDC-15  Warning   Clock enable controlled CDC structure detected      0  Asynch Clock Groups  u_snap_fe/hold_b_reg[447]/C  u_snap_fe/dout_a_reg[447]/D

Source Clock: pcie_ref_clk
Destination Clock: pcie_axi_aclk
CDC Type: No Common Node

Row  ID     Severity  Description                                              Depth  Exception   Source (From)                                                                        Destination (To)
---  -----  --------  -------------------------------------------------------  -----  ----------  -----------------------------------------------------------------------------------  ----------------------------------------------------------------------------------
  1  CDC-9  Info      Asynchronous reset synchronized with ASYNC_REG property      2  False Path  u_pcie_xdma/inst/pcie4_ip_i/inst/sys_reset_in_async_rst_inst/arststages_ff_reg[1]/C  u_pcie_xdma/inst/pcie4_ip_i/inst/sys_or_hot_rst_uclk_inst/arststages_ff_reg[0]/PRE
  2  CDC-9  Info      Asynchronous reset synchronized with ASYNC_REG property      3  False Path  u_pcie_xdma/inst/pcie4_ip_i/inst/sys_reset_in_async_rst_inst/arststages_ff_reg[1]/C  u_pcie_xdma/inst/pcie4_ip_i/inst/user_lnk_up_cdc/arststages_ff_reg[0]/CLR

Source Clock: input port clock
Destination Clock: pcie_ref_clk
CDC Type: No Common Primary Clock

Row  ID     Severity  Description                                              Depth  Exception   Source (From)  Destination (To)
---  -----  --------  -------------------------------------------------------  -----  ----------  -------------  -------------------------------------------------------------------------------------
  1  CDC-9  Info      Asynchronous reset synchronized with ASYNC_REG property      2  False Path  reset_n        u_pcie_xdma/inst/pcie4_ip_i/inst/sys_reset_in_async_rst_inst/arststages_ff_reg[0]/CLR

Source Clock: pipe_clk
Destination Clock: pcie_ref_clk
CDC Type: No Common Node

Row  ID     Severity  Description                                 Depth  Exception   Source (From)                                                                                                                                                                                                                                                                                                                                                                                     Destination (To)
---  -----  --------  ------------------------------------------  -----  ----------  ------------------------------------------------------------------------------------------------------------------------------------------------------------------------------------------------------------------------------------------------------------------------------------------------------------------------------------------------------------------------------------------------  --------------------------------------------------------------------------------------------------------------------------------------------------------------------------------------------
  1  CDC-3  Info      1-bit synchronized with ASYNC_REG property      4  False Path  u_pcie_xdma/inst/pcie4_ip_i/inst/xdma_0_pcie4_ip_gt_top_i/phy_pipeline/phy_rate_chain/with_ff_chain.ff_chain_gen[0].sync_rst.ff_chain_reg[1][1]/C                                                                                                                                                                                                                                                 u_pcie_xdma/inst/pcie4_ip_i/inst/xdma_0_pcie4_ip_gt_top_i/diablo_gt.diablo_gt_phy_wrapper/phy_lane[0].cdr_ctrl_on_eidle_i/sync_gen34/sync_vec[0].sync_cell_i/sync_reg[0]/D
  2  CDC-3  Info      1-bit synchronized with ASYNC_REG property      5  False Path  u_pcie_xdma/inst/pcie4_ip_i/inst/xdma_0_pcie4_ip_gt_top_i/diablo_gt.diablo_gt_phy_wrapper/phy_lane[0].cdr_ctrl_on_eidle_i/gen34_eios_det_pclk_reg/C                                                                                                                                                                                                                                               u_pcie_xdma/inst/pcie4_ip_i/inst/xdma_0_pcie4_ip_gt_top_i/diablo_gt.diablo_gt_phy_wrapper/phy_lane[0].cdr_ctrl_on_eidle_i/sync_gen34_eios_det/sync_vec[0].sync_cell_i/sync_reg[0]/D
  3  CDC-3  Info      1-bit synchronized with ASYNC_REG property      4  False Path  u_pcie_xdma/inst/pcie4_ip_i/inst/xdma_0_pcie4_ip_gt_top_i/phy_pipeline/as_mac_in_detect_chain/with_ff_chain.ff_chain_gen[0].sync_rst.ff_chain_reg[1][0]/C                                                                                                                                                                                                                                         u_pcie_xdma/inst/pcie4_ip_i/inst/xdma_0_pcie4_ip_gt_top_i/diablo_gt.diablo_gt_phy_wrapper/phy_lane[0].receiver_detect_termination_i/sync_mac_in_detect/sync_vec[0].sync_cell_i/sync_reg[0]/D
  4  CDC-3  Info      1-bit synchronized with ASYNC_REG property      4  False Path  u_pcie_xdma/inst/pcie4_ip_i/inst/xdma_0_pcie4_ip_gt_top_i/phy_pipeline/phy_rate_chain/with_ff_chain.ff_chain_gen[0].sync_rst.ff_chain_reg[1][1]/C                                                                                                                                                                                                                                                 u_pcie_xdma/inst/pcie4_ip_i/inst/xdma_0_pcie4_ip_gt_top_i/diablo_gt.diablo_gt_phy_wrapper/phy_lane[1].cdr_ctrl_on_eidle_i/sync_gen34/sync_vec[0].sync_cell_i/sync_reg[0]/D
  5  CDC-3  Info      1-bit synchronized with ASYNC_REG property      5  False Path  u_pcie_xdma/inst/pcie4_ip_i/inst/xdma_0_pcie4_ip_gt_top_i/diablo_gt.diablo_gt_phy_wrapper/phy_lane[1].cdr_ctrl_on_eidle_i/gen34_eios_det_pclk_reg/C                                                                                                                                                                                                                                               u_pcie_xdma/inst/pcie4_ip_i/inst/xdma_0_pcie4_ip_gt_top_i/diablo_gt.diablo_gt_phy_wrapper/phy_lane[1].cdr_ctrl_on_eidle_i/sync_gen34_eios_det/sync_vec[0].sync_cell_i/sync_reg[0]/D
  6  CDC-3  Info      1-bit synchronized with ASYNC_REG property      4  False Path  u_pcie_xdma/inst/pcie4_ip_i/inst/xdma_0_pcie4_ip_gt_top_i/phy_pipeline/as_mac_in_detect_chain/with_ff_chain.ff_chain_gen[0].sync_rst.ff_chain_reg[1][0]/C                                                                                                                                                                                                                                         u_pcie_xdma/inst/pcie4_ip_i/inst/xdma_0_pcie4_ip_gt_top_i/diablo_gt.diablo_gt_phy_wrapper/phy_lane[1].receiver_detect_termination_i/sync_mac_in_detect/sync_vec[0].sync_cell_i/sync_reg[0]/D
  7  CDC-3  Info      1-bit synchronized with ASYNC_REG property      4  False Path  u_pcie_xdma/inst/pcie4_ip_i/inst/xdma_0_pcie4_ip_gt_top_i/phy_pipeline/phy_rate_chain/with_ff_chain.ff_chain_gen[0].sync_rst.ff_chain_reg[1][1]/C                                                                                                                                                                                                                                                 u_pcie_xdma/inst/pcie4_ip_i/inst/xdma_0_pcie4_ip_gt_top_i/diablo_gt.diablo_gt_phy_wrapper/phy_lane[2].cdr_ctrl_on_eidle_i/sync_gen34/sync_vec[0].sync_cell_i/sync_reg[0]/D
  8  CDC-3  Info      1-bit synchronized with ASYNC_REG property      5  False Path  u_pcie_xdma/inst/pcie4_ip_i/inst/xdma_0_pcie4_ip_gt_top_i/diablo_gt.diablo_gt_phy_wrapper/phy_lane[2].cdr_ctrl_on_eidle_i/gen34_eios_det_pclk_reg/C                                                                                                                                                                                                                                               u_pcie_xdma/inst/pcie4_ip_i/inst/xdma_0_pcie4_ip_gt_top_i/diablo_gt.diablo_gt_phy_wrapper/phy_lane[2].cdr_ctrl_on_eidle_i/sync_gen34_eios_det/sync_vec[0].sync_cell_i/sync_reg[0]/D
  9  CDC-3  Info      1-bit synchronized with ASYNC_REG property      4  False Path  u_pcie_xdma/inst/pcie4_ip_i/inst/xdma_0_pcie4_ip_gt_top_i/phy_pipeline/as_mac_in_detect_chain/with_ff_chain.ff_chain_gen[0].sync_rst.ff_chain_reg[1][0]/C                                                                                                                                                                                                                                         u_pcie_xdma/inst/pcie4_ip_i/inst/xdma_0_pcie4_ip_gt_top_i/diablo_gt.diablo_gt_phy_wrapper/phy_lane[2].receiver_detect_termination_i/sync_mac_in_detect/sync_vec[0].sync_cell_i/sync_reg[0]/D
 10  CDC-3  Info      1-bit synchronized with ASYNC_REG property      4  False Path  u_pcie_xdma/inst/pcie4_ip_i/inst/xdma_0_pcie4_ip_gt_top_i/phy_pipeline/phy_rate_chain/with_ff_chain.ff_chain_gen[0].sync_rst.ff_chain_reg[1][1]/C                                                                                                                                                                                                                                                 u_pcie_xdma/inst/pcie4_ip_i/inst/xdma_0_pcie4_ip_gt_top_i/diablo_gt.diablo_gt_phy_wrapper/phy_lane[3].cdr_ctrl_on_eidle_i/sync_gen34/sync_vec[0].sync_cell_i/sync_reg[0]/D
 11  CDC-3  Info      1-bit synchronized with ASYNC_REG property      5  False Path  u_pcie_xdma/inst/pcie4_ip_i/inst/xdma_0_pcie4_ip_gt_top_i/diablo_gt.diablo_gt_phy_wrapper/phy_lane[3].cdr_ctrl_on_eidle_i/gen34_eios_det_pclk_reg/C                                                                                                                                                                                                                                               u_pcie_xdma/inst/pcie4_ip_i/inst/xdma_0_pcie4_ip_gt_top_i/diablo_gt.diablo_gt_phy_wrapper/phy_lane[3].cdr_ctrl_on_eidle_i/sync_gen34_eios_det/sync_vec[0].sync_cell_i/sync_reg[0]/D
 12  CDC-3  Info      1-bit synchronized with ASYNC_REG property      4  False Path  u_pcie_xdma/inst/pcie4_ip_i/inst/xdma_0_pcie4_ip_gt_top_i/phy_pipeline/as_mac_in_detect_chain/with_ff_chain.ff_chain_gen[0].sync_rst.ff_chain_reg[1][0]/C                                                                                                                                                                                                                                         u_pcie_xdma/inst/pcie4_ip_i/inst/xdma_0_pcie4_ip_gt_top_i/diablo_gt.diablo_gt_phy_wrapper/phy_lane[3].receiver_detect_termination_i/sync_mac_in_detect/sync_vec[0].sync_cell_i/sync_reg[0]/D
 13  CDC-3  Info      1-bit synchronized with ASYNC_REG property      4  False Path  u_pcie_xdma/inst/pcie4_ip_i/inst/xdma_0_pcie4_ip_gt_top_i/diablo_gt.diablo_gt_phy_wrapper/gt_wizard.gtwizard_top_i/xdma_0_pcie4_ip_gt_i/inst/gen_gtwizard_gtye4_top.xdma_0_pcie4_ip_gt_gtwizard_gtye4_inst/gen_gtwizard_gtye4.gen_channel_container[3].gen_enabled_channel.gtye4_channel_wrapper_inst/channel_inst/gtye4_channel_gen.gen_gtye4_channel_inst[3].GTYE4_CHANNEL_PRIM_INST/RXUSRCLK2  u_pcie_xdma/inst/pcie4_ip_i/inst/xdma_0_pcie4_ip_gt_top_i/diablo_gt.diablo_gt_phy_wrapper/phy_rst_i/sync_phystatus/sync_vec[0].sync_cell_i/sync_reg[0]/D
 14  CDC-3  Info      1-bit synchronized with ASYNC_REG property      4  False Path  u_pcie_xdma/inst/pcie4_ip_i/inst/xdma_0_pcie4_ip_gt_top_i/diablo_gt.diablo_gt_phy_wrapper/gt_wizard.gtwizard_top_i/xdma_0_pcie4_ip_gt_i/inst/gen_gtwizard_gtye4_top.xdma_0_pcie4_ip_gt_gtwizard_gtye4_inst/gen_gtwizard_gtye4.gen_channel_container[3].gen_enabled_channel.gtye4_channel_wrapper_inst/channel_inst/gtye4_channel_gen.gen_gtye4_channel_inst[2].GTYE4_CHANNEL_PRIM_INST/RXUSRCLK2  u_pcie_xdma/inst/pcie4_ip_i/inst/xdma_0_pcie4_ip_gt_top_i/diablo_gt.diablo_gt_phy_wrapper/phy_rst_i/sync_phystatus/sync_vec[1].sync_cell_i/sync_reg[0]/D
 15  CDC-3  Info      1-bit synchronized with ASYNC_REG property      4  False Path  u_pcie_xdma/inst/pcie4_ip_i/inst/xdma_0_pcie4_ip_gt_top_i/diablo_gt.diablo_gt_phy_wrapper/gt_wizard.gtwizard_top_i/xdma_0_pcie4_ip_gt_i/inst/gen_gtwizard_gtye4_top.xdma_0_pcie4_ip_gt_gtwizard_gtye4_inst/gen_gtwizard_gtye4.gen_channel_container[3].gen_enabled_channel.gtye4_channel_wrapper_inst/channel_inst/gtye4_channel_gen.gen_gtye4_channel_inst[1].GTYE4_CHANNEL_PRIM_INST/RXUSRCLK2  u_pcie_xdma/inst/pcie4_ip_i/inst/xdma_0_pcie4_ip_gt_top_i/diablo_gt.diablo_gt_phy_wrapper/phy_rst_i/sync_phystatus/sync_vec[2].sync_cell_i/sync_reg[0]/D
 16  CDC-3  Info      1-bit synchronized with ASYNC_REG property      4  False Path  u_pcie_xdma/inst/pcie4_ip_i/inst/xdma_0_pcie4_ip_gt_top_i/diablo_gt.diablo_gt_phy_wrapper/gt_wizard.gtwizard_top_i/xdma_0_pcie4_ip_gt_i/inst/gen_gtwizard_gtye4_top.xdma_0_pcie4_ip_gt_gtwizard_gtye4_inst/gen_gtwizard_gtye4.gen_channel_container[3].gen_enabled_channel.gtye4_channel_wrapper_inst/channel_inst/gtye4_channel_gen.gen_gtye4_channel_inst[0].GTYE4_CHANNEL_PRIM_INST/RXUSRCLK2  u_pcie_xdma/inst/pcie4_ip_i/inst/xdma_0_pcie4_ip_gt_top_i/diablo_gt.diablo_gt_phy_wrapper/phy_rst_i/sync_phystatus/sync_vec[3].sync_cell_i/sync_reg[0]/D
 17  CDC-3  Info      1-bit synchronized with ASYNC_REG property      4  False Path  u_pcie_xdma/inst/pcie4_ip_i/inst/xdma_0_pcie4_ip_gt_top_i/diablo_gt.diablo_gt_phy_wrapper/gt_wizard.gtwizard_top_i/xdma_0_pcie4_ip_gt_i/inst/gen_gtwizard_gtye4_top.xdma_0_pcie4_ip_gt_gtwizard_gtye4_inst/gen_gtwizard_gtye4.gen_channel_container[3].gen_enabled_channel.gtye4_channel_wrapper_inst/channel_inst/gtye4_channel_gen.gen_gtye4_channel_inst[3].GTYE4_CHANNEL_PRIM_INST/RXUSRCLK2  u_pcie_xdma/inst/pcie4_ip_i/inst/xdma_0_pcie4_ip_gt_top_i/diablo_gt.diablo_gt_phy_wrapper/phy_rst_i/sync_rxresetdone/sync_vec[0].sync_cell_i/sync_reg[0]/D
 18  CDC-3  Info      1-bit synchronized with ASYNC_REG property      4  False Path  u_pcie_xdma/inst/pcie4_ip_i/inst/xdma_0_pcie4_ip_gt_top_i/diablo_gt.diablo_gt_phy_wrapper/gt_wizard.gtwizard_top_i/xdma_0_pcie4_ip_gt_i/inst/gen_gtwizard_gtye4_top.xdma_0_pcie4_ip_gt_gtwizard_gtye4_inst/gen_gtwizard_gtye4.gen_channel_container[3].gen_enabled_channel.gtye4_channel_wrapper_inst/channel_inst/gtye4_channel_gen.gen_gtye4_channel_inst[2].GTYE4_CHANNEL_PRIM_INST/RXUSRCLK2  u_pcie_xdma/inst/pcie4_ip_i/inst/xdma_0_pcie4_ip_gt_top_i/diablo_gt.diablo_gt_phy_wrapper/phy_rst_i/sync_rxresetdone/sync_vec[1].sync_cell_i/sync_reg[0]/D
 19  CDC-3  Info      1-bit synchronized with ASYNC_REG property      4  False Path  u_pcie_xdma/inst/pcie4_ip_i/inst/xdma_0_pcie4_ip_gt_top_i/diablo_gt.diablo_gt_phy_wrapper/gt_wizard.gtwizard_top_i/xdma_0_pcie4_ip_gt_i/inst/gen_gtwizard_gtye4_top.xdma_0_pcie4_ip_gt_gtwizard_gtye4_inst/gen_gtwizard_gtye4.gen_channel_container[3].gen_enabled_channel.gtye4_channel_wrapper_inst/channel_inst/gtye4_channel_gen.gen_gtye4_channel_inst[1].GTYE4_CHANNEL_PRIM_INST/RXUSRCLK2  u_pcie_xdma/inst/pcie4_ip_i/inst/xdma_0_pcie4_ip_gt_top_i/diablo_gt.diablo_gt_phy_wrapper/phy_rst_i/sync_rxresetdone/sync_vec[2].sync_cell_i/sync_reg[0]/D
 20  CDC-3  Info      1-bit synchronized with ASYNC_REG property      4  False Path  u_pcie_xdma/inst/pcie4_ip_i/inst/xdma_0_pcie4_ip_gt_top_i/diablo_gt.diablo_gt_phy_wrapper/gt_wizard.gtwizard_top_i/xdma_0_pcie4_ip_gt_i/inst/gen_gtwizard_gtye4_top.xdma_0_pcie4_ip_gt_gtwizard_gtye4_inst/gen_gtwizard_gtye4.gen_channel_container[3].gen_enabled_channel.gtye4_channel_wrapper_inst/channel_inst/gtye4_channel_gen.gen_gtye4_channel_inst[0].GTYE4_CHANNEL_PRIM_INST/RXUSRCLK2  u_pcie_xdma/inst/pcie4_ip_i/inst/xdma_0_pcie4_ip_gt_top_i/diablo_gt.diablo_gt_phy_wrapper/phy_rst_i/sync_rxresetdone/sync_vec[3].sync_cell_i/sync_reg[0]/D
 21  CDC-3  Info      1-bit synchronized with ASYNC_REG property      4  False Path  u_pcie_xdma/inst/pcie4_ip_i/inst/xdma_0_pcie4_ip_gt_top_i/diablo_gt.diablo_gt_phy_wrapper/gt_wizard.gtwizard_top_i/xdma_0_pcie4_ip_gt_i/inst/gen_gtwizard_gtye4_top.xdma_0_pcie4_ip_gt_gtwizard_gtye4_inst/gen_gtwizard_gtye4.gen_channel_container[3].gen_enabled_channel.gtye4_channel_wrapper_inst/channel_inst/gtye4_channel_gen.gen_gtye4_channel_inst[3].GTYE4_CHANNEL_PRIM_INST/TXUSRCLK2  u_pcie_xdma/inst/pcie4_ip_i/inst/xdma_0_pcie4_ip_gt_top_i/diablo_gt.diablo_gt_phy_wrapper/phy_rst_i/sync_txresetdone/sync_vec[0].sync_cell_i/sync_reg[0]/D
 22  CDC-3  Info      1-bit synchronized with ASYNC_REG property      4  False Path  u_pcie_xdma/inst/pcie4_ip_i/inst/xdma_0_pcie4_ip_gt_top_i/diablo_gt.diablo_gt_phy_wrapper/gt_wizard.gtwizard_top_i/xdma_0_pcie4_ip_gt_i/inst/gen_gtwizard_gtye4_top.xdma_0_pcie4_ip_gt_gtwizard_gtye4_inst/gen_gtwizard_gtye4.gen_channel_container[3].gen_enabled_channel.gtye4_channel_wrapper_inst/channel_inst/gtye4_channel_gen.gen_gtye4_channel_inst[2].GTYE4_CHANNEL_PRIM_INST/TXUSRCLK2  u_pcie_xdma/inst/pcie4_ip_i/inst/xdma_0_pcie4_ip_gt_top_i/diablo_gt.diablo_gt_phy_wrapper/phy_rst_i/sync_txresetdone/sync_vec[1].sync_cell_i/sync_reg[0]/D
 23  CDC-3  Info      1-bit synchronized with ASYNC_REG property      4  False Path  u_pcie_xdma/inst/pcie4_ip_i/inst/xdma_0_pcie4_ip_gt_top_i/diablo_gt.diablo_gt_phy_wrapper/gt_wizard.gtwizard_top_i/xdma_0_pcie4_ip_gt_i/inst/gen_gtwizard_gtye4_top.xdma_0_pcie4_ip_gt_gtwizard_gtye4_inst/gen_gtwizard_gtye4.gen_channel_container[3].gen_enabled_channel.gtye4_channel_wrapper_inst/channel_inst/gtye4_channel_gen.gen_gtye4_channel_inst[1].GTYE4_CHANNEL_PRIM_INST/TXUSRCLK2  u_pcie_xdma/inst/pcie4_ip_i/inst/xdma_0_pcie4_ip_gt_top_i/diablo_gt.diablo_gt_phy_wrapper/phy_rst_i/sync_txresetdone/sync_vec[2].sync_cell_i/sync_reg[0]/D
 24  CDC-3  Info      1-bit synchronized with ASYNC_REG property      4  False Path  u_pcie_xdma/inst/pcie4_ip_i/inst/xdma_0_pcie4_ip_gt_top_i/diablo_gt.diablo_gt_phy_wrapper/gt_wizard.gtwizard_top_i/xdma_0_pcie4_ip_gt_i/inst/gen_gtwizard_gtye4_top.xdma_0_pcie4_ip_gt_gtwizard_gtye4_inst/gen_gtwizard_gtye4.gen_channel_container[3].gen_enabled_channel.gtye4_channel_wrapper_inst/channel_inst/gtye4_channel_gen.gen_gtye4_channel_inst[0].GTYE4_CHANNEL_PRIM_INST/TXUSRCLK2  u_pcie_xdma/inst/pcie4_ip_i/inst/xdma_0_pcie4_ip_gt_top_i/diablo_gt.diablo_gt_phy_wrapper/phy_rst_i/sync_txresetdone/sync_vec[3].sync_cell_i/sync_reg[0]/D

Source Clock: u_pcie_xdma/inst/pcie4_ip_i/inst/xdma_0_pcie4_ip_gt_top_i/diablo_gt.diablo_gt_phy_wrapper/gt_wizard.gtwizard_top_i/xdma_0_pcie4_ip_gt_i/inst/gen_gtwizard_gtye4_top.xdma_0_pcie4_ip_gt_gtwizard_gtye4_inst/gen_gtwizard_gtye4.gen_cpll_cal_gtye4.gen_cpll_cal_inst[0].gen_inst_cpll_cal.gtwizard_ultrascale_v1_7_22_gtye4_cpll_cal_inst/gtwizard_ultrascale_v1_7_22_gtye4_cpll_cal_tx_i/bufg_gt_txoutclkmon_inst/O
Destination Clock: pcie_ref_clk
CDC Type: No Common Primary Clock

Row  ID      Severity  Description                                     Depth  Exception   Source (From)                                                                                                                                                                                                                                                                                                                                                                                                                          Destination (To)
---  ------  --------  ----------------------------------------------  -----  ----------  -------------------------------------------------------------------------------------------------------------------------------------------------------------------------------------------------------------------------------------------------------------------------------------------------------------------------------------------------------------------------------------------------------------------------------------  ------------------------------------------------------------------------------------------------------------------------------------------------------------------------------------------------------------------------------------------------------------------------------------------------------------------------------------------------------------------------------------------------------------------------------------
  1  CDC-15  Warning   Clock enable controlled CDC structure detected      0  False Path  u_pcie_xdma/inst/pcie4_ip_i/inst/xdma_0_pcie4_ip_gt_top_i/diablo_gt.diablo_gt_phy_wrapper/gt_wizard.gtwizard_top_i/xdma_0_pcie4_ip_gt_i/inst/gen_gtwizard_gtye4_top.xdma_0_pcie4_ip_gt_gtwizard_gtye4_inst/gen_gtwizard_gtye4.gen_cpll_cal_gtye4.gen_cpll_cal_inst[0].gen_inst_cpll_cal.gtwizard_ultrascale_v1_7_22_gtye4_cpll_cal_inst/gtwizard_ultrascale_v1_7_22_gtye4_cpll_cal_tx_i/U_TXOUTCLK_FREQ_COUNTER/testclk_cnt_reg[0]/C   u_pcie_xdma/inst/pcie4_ip_i/inst/xdma_0_pcie4_ip_gt_top_i/diablo_gt.diablo_gt_phy_wrapper/gt_wizard.gtwizard_top_i/xdma_0_pcie4_ip_gt_i/inst/gen_gtwizard_gtye4_top.xdma_0_pcie4_ip_gt_gtwizard_gtye4_inst/gen_gtwizard_gtye4.gen_cpll_cal_gtye4.gen_cpll_cal_inst[0].gen_inst_cpll_cal.gtwizard_ultrascale_v1_7_22_gtye4_cpll_cal_inst/gtwizard_ultrascale_v1_7_22_gtye4_cpll_cal_tx_i/U_TXOUTCLK_FREQ_COUNTER/freq_cnt_o_reg[0]/D
  2  CDC-15  Warning   Clock enable controlled CDC structure detected      0  False Path  u_pcie_xdma/inst/pcie4_ip_i/inst/xdma_0_pcie4_ip_gt_top_i/diablo_gt.diablo_gt_phy_wrapper/gt_wizard.gtwizard_top_i/xdma_0_pcie4_ip_gt_i/inst/gen_gtwizard_gtye4_top.xdma_0_pcie4_ip_gt_gtwizard_gtye4_inst/gen_gtwizard_gtye4.gen_cpll_cal_gtye4.gen_cpll_cal_inst[0].gen_inst_cpll_cal.gtwizard_ultrascale_v1_7_22_gtye4_cpll_cal_inst/gtwizard_ultrascale_v1_7_22_gtye4_cpll_cal_tx_i/U_TXOUTCLK_FREQ_COUNTER/testclk_cnt_reg[1]/C   u_pcie_xdma/inst/pcie4_ip_i/inst/xdma_0_pcie4_ip_gt_top_i/diablo_gt.diablo_gt_phy_wrapper/gt_wizard.gtwizard_top_i/xdma_0_pcie4_ip_gt_i/inst/gen_gtwizard_gtye4_top.xdma_0_pcie4_ip_gt_gtwizard_gtye4_inst/gen_gtwizard_gtye4.gen_cpll_cal_gtye4.gen_cpll_cal_inst[0].gen_inst_cpll_cal.gtwizard_ultrascale_v1_7_22_gtye4_cpll_cal_inst/gtwizard_ultrascale_v1_7_22_gtye4_cpll_cal_tx_i/U_TXOUTCLK_FREQ_COUNTER/freq_cnt_o_reg[1]/D
  3  CDC-15  Warning   Clock enable controlled CDC structure detected      0  False Path  u_pcie_xdma/inst/pcie4_ip_i/inst/xdma_0_pcie4_ip_gt_top_i/diablo_gt.diablo_gt_phy_wrapper/gt_wizard.gtwizard_top_i/xdma_0_pcie4_ip_gt_i/inst/gen_gtwizard_gtye4_top.xdma_0_pcie4_ip_gt_gtwizard_gtye4_inst/gen_gtwizard_gtye4.gen_cpll_cal_gtye4.gen_cpll_cal_inst[0].gen_inst_cpll_cal.gtwizard_ultrascale_v1_7_22_gtye4_cpll_cal_inst/gtwizard_ultrascale_v1_7_22_gtye4_cpll_cal_tx_i/U_TXOUTCLK_FREQ_COUNTER/testclk_cnt_reg[2]/C   u_pcie_xdma/inst/pcie4_ip_i/inst/xdma_0_pcie4_ip_gt_top_i/diablo_gt.diablo_gt_phy_wrapper/gt_wizard.gtwizard_top_i/xdma_0_pcie4_ip_gt_i/inst/gen_gtwizard_gtye4_top.xdma_0_pcie4_ip_gt_gtwizard_gtye4_inst/gen_gtwizard_gtye4.gen_cpll_cal_gtye4.gen_cpll_cal_inst[0].gen_inst_cpll_cal.gtwizard_ultrascale_v1_7_22_gtye4_cpll_cal_inst/gtwizard_ultrascale_v1_7_22_gtye4_cpll_cal_tx_i/U_TXOUTCLK_FREQ_COUNTER/freq_cnt_o_reg[2]/D
  4  CDC-15  Warning   Clock enable controlled CDC structure detected      0  False Path  u_pcie_xdma/inst/pcie4_ip_i/inst/xdma_0_pcie4_ip_gt_top_i/diablo_gt.diablo_gt_phy_wrapper/gt_wizard.gtwizard_top_i/xdma_0_pcie4_ip_gt_i/inst/gen_gtwizard_gtye4_top.xdma_0_pcie4_ip_gt_gtwizard_gtye4_inst/gen_gtwizard_gtye4.gen_cpll_cal_gtye4.gen_cpll_cal_inst[0].gen_inst_cpll_cal.gtwizard_ultrascale_v1_7_22_gtye4_cpll_cal_inst/gtwizard_ultrascale_v1_7_22_gtye4_cpll_cal_tx_i/U_TXOUTCLK_FREQ_COUNTER/testclk_cnt_reg[3]/C   u_pcie_xdma/inst/pcie4_ip_i/inst/xdma_0_pcie4_ip_gt_top_i/diablo_gt.diablo_gt_phy_wrapper/gt_wizard.gtwizard_top_i/xdma_0_pcie4_ip_gt_i/inst/gen_gtwizard_gtye4_top.xdma_0_pcie4_ip_gt_gtwizard_gtye4_inst/gen_gtwizard_gtye4.gen_cpll_cal_gtye4.gen_cpll_cal_inst[0].gen_inst_cpll_cal.gtwizard_ultrascale_v1_7_22_gtye4_cpll_cal_inst/gtwizard_ultrascale_v1_7_22_gtye4_cpll_cal_tx_i/U_TXOUTCLK_FREQ_COUNTER/freq_cnt_o_reg[3]/D
  5  CDC-15  Warning   Clock enable controlled CDC structure detected      0  False Path  u_pcie_xdma/inst/pcie4_ip_i/inst/xdma_0_pcie4_ip_gt_top_i/diablo_gt.diablo_gt_phy_wrapper/gt_wizard.gtwizard_top_i/xdma_0_pcie4_ip_gt_i/inst/gen_gtwizard_gtye4_top.xdma_0_pcie4_ip_gt_gtwizard_gtye4_inst/gen_gtwizard_gtye4.gen_cpll_cal_gtye4.gen_cpll_cal_inst[0].gen_inst_cpll_cal.gtwizard_ultrascale_v1_7_22_gtye4_cpll_cal_inst/gtwizard_ultrascale_v1_7_22_gtye4_cpll_cal_tx_i/U_TXOUTCLK_FREQ_COUNTER/testclk_cnt_reg[4]/C   u_pcie_xdma/inst/pcie4_ip_i/inst/xdma_0_pcie4_ip_gt_top_i/diablo_gt.diablo_gt_phy_wrapper/gt_wizard.gtwizard_top_i/xdma_0_pcie4_ip_gt_i/inst/gen_gtwizard_gtye4_top.xdma_0_pcie4_ip_gt_gtwizard_gtye4_inst/gen_gtwizard_gtye4.gen_cpll_cal_gtye4.gen_cpll_cal_inst[0].gen_inst_cpll_cal.gtwizard_ultrascale_v1_7_22_gtye4_cpll_cal_inst/gtwizard_ultrascale_v1_7_22_gtye4_cpll_cal_tx_i/U_TXOUTCLK_FREQ_COUNTER/freq_cnt_o_reg[4]/D
  6  CDC-15  Warning   Clock enable controlled CDC structure detected      0  False Path  u_pcie_xdma/inst/pcie4_ip_i/inst/xdma_0_pcie4_ip_gt_top_i/diablo_gt.diablo_gt_phy_wrapper/gt_wizard.gtwizard_top_i/xdma_0_pcie4_ip_gt_i/inst/gen_gtwizard_gtye4_top.xdma_0_pcie4_ip_gt_gtwizard_gtye4_inst/gen_gtwizard_gtye4.gen_cpll_cal_gtye4.gen_cpll_cal_inst[0].gen_inst_cpll_cal.gtwizard_ultrascale_v1_7_22_gtye4_cpll_cal_inst/gtwizard_ultrascale_v1_7_22_gtye4_cpll_cal_tx_i/U_TXOUTCLK_FREQ_COUNTER/testclk_cnt_reg[5]/C   u_pcie_xdma/inst/pcie4_ip_i/inst/xdma_0_pcie4_ip_gt_top_i/diablo_gt.diablo_gt_phy_wrapper/gt_wizard.gtwizard_top_i/xdma_0_pcie4_ip_gt_i/inst/gen_gtwizard_gtye4_top.xdma_0_pcie4_ip_gt_gtwizard_gtye4_inst/gen_gtwizard_gtye4.gen_cpll_cal_gtye4.gen_cpll_cal_inst[0].gen_inst_cpll_cal.gtwizard_ultrascale_v1_7_22_gtye4_cpll_cal_inst/gtwizard_ultrascale_v1_7_22_gtye4_cpll_cal_tx_i/U_TXOUTCLK_FREQ_COUNTER/freq_cnt_o_reg[5]/D
  7  CDC-15  Warning   Clock enable controlled CDC structure detected      0  False Path  u_pcie_xdma/inst/pcie4_ip_i/inst/xdma_0_pcie4_ip_gt_top_i/diablo_gt.diablo_gt_phy_wrapper/gt_wizard.gtwizard_top_i/xdma_0_pcie4_ip_gt_i/inst/gen_gtwizard_gtye4_top.xdma_0_pcie4_ip_gt_gtwizard_gtye4_inst/gen_gtwizard_gtye4.gen_cpll_cal_gtye4.gen_cpll_cal_inst[0].gen_inst_cpll_cal.gtwizard_ultrascale_v1_7_22_gtye4_cpll_cal_inst/gtwizard_ultrascale_v1_7_22_gtye4_cpll_cal_tx_i/U_TXOUTCLK_FREQ_COUNTER/testclk_cnt_reg[6]/C   u_pcie_xdma/inst/pcie4_ip_i/inst/xdma_0_pcie4_ip_gt_top_i/diablo_gt.diablo_gt_phy_wrapper/gt_wizard.gtwizard_top_i/xdma_0_pcie4_ip_gt_i/inst/gen_gtwizard_gtye4_top.xdma_0_pcie4_ip_gt_gtwizard_gtye4_inst/gen_gtwizard_gtye4.gen_cpll_cal_gtye4.gen_cpll_cal_inst[0].gen_inst_cpll_cal.gtwizard_ultrascale_v1_7_22_gtye4_cpll_cal_inst/gtwizard_ultrascale_v1_7_22_gtye4_cpll_cal_tx_i/U_TXOUTCLK_FREQ_COUNTER/freq_cnt_o_reg[6]/D
  8  CDC-15  Warning   Clock enable controlled CDC structure detected      0  False Path  u_pcie_xdma/inst/pcie4_ip_i/inst/xdma_0_pcie4_ip_gt_top_i/diablo_gt.diablo_gt_phy_wrapper/gt_wizard.gtwizard_top_i/xdma_0_pcie4_ip_gt_i/inst/gen_gtwizard_gtye4_top.xdma_0_pcie4_ip_gt_gtwizard_gtye4_inst/gen_gtwizard_gtye4.gen_cpll_cal_gtye4.gen_cpll_cal_inst[0].gen_inst_cpll_cal.gtwizard_ultrascale_v1_7_22_gtye4_cpll_cal_inst/gtwizard_ultrascale_v1_7_22_gtye4_cpll_cal_tx_i/U_TXOUTCLK_FREQ_COUNTER/testclk_cnt_reg[7]/C   u_pcie_xdma/inst/pcie4_ip_i/inst/xdma_0_pcie4_ip_gt_top_i/diablo_gt.diablo_gt_phy_wrapper/gt_wizard.gtwizard_top_i/xdma_0_pcie4_ip_gt_i/inst/gen_gtwizard_gtye4_top.xdma_0_pcie4_ip_gt_gtwizard_gtye4_inst/gen_gtwizard_gtye4.gen_cpll_cal_gtye4.gen_cpll_cal_inst[0].gen_inst_cpll_cal.gtwizard_ultrascale_v1_7_22_gtye4_cpll_cal_inst/gtwizard_ultrascale_v1_7_22_gtye4_cpll_cal_tx_i/U_TXOUTCLK_FREQ_COUNTER/freq_cnt_o_reg[7]/D
  9  CDC-15  Warning   Clock enable controlled CDC structure detected      0  False Path  u_pcie_xdma/inst/pcie4_ip_i/inst/xdma_0_pcie4_ip_gt_top_i/diablo_gt.diablo_gt_phy_wrapper/gt_wizard.gtwizard_top_i/xdma_0_pcie4_ip_gt_i/inst/gen_gtwizard_gtye4_top.xdma_0_pcie4_ip_gt_gtwizard_gtye4_inst/gen_gtwizard_gtye4.gen_cpll_cal_gtye4.gen_cpll_cal_inst[0].gen_inst_cpll_cal.gtwizard_ultrascale_v1_7_22_gtye4_cpll_cal_inst/gtwizard_ultrascale_v1_7_22_gtye4_cpll_cal_tx_i/U_TXOUTCLK_FREQ_COUNTER/testclk_cnt_reg[8]/C   u_pcie_xdma/inst/pcie4_ip_i/inst/xdma_0_pcie4_ip_gt_top_i/diablo_gt.diablo_gt_phy_wrapper/gt_wizard.gtwizard_top_i/xdma_0_pcie4_ip_gt_i/inst/gen_gtwizard_gtye4_top.xdma_0_pcie4_ip_gt_gtwizard_gtye4_inst/gen_gtwizard_gtye4.gen_cpll_cal_gtye4.gen_cpll_cal_inst[0].gen_inst_cpll_cal.gtwizard_ultrascale_v1_7_22_gtye4_cpll_cal_inst/gtwizard_ultrascale_v1_7_22_gtye4_cpll_cal_tx_i/U_TXOUTCLK_FREQ_COUNTER/freq_cnt_o_reg[8]/D
 10  CDC-15  Warning   Clock enable controlled CDC structure detected      0  False Path  u_pcie_xdma/inst/pcie4_ip_i/inst/xdma_0_pcie4_ip_gt_top_i/diablo_gt.diablo_gt_phy_wrapper/gt_wizard.gtwizard_top_i/xdma_0_pcie4_ip_gt_i/inst/gen_gtwizard_gtye4_top.xdma_0_pcie4_ip_gt_gtwizard_gtye4_inst/gen_gtwizard_gtye4.gen_cpll_cal_gtye4.gen_cpll_cal_inst[0].gen_inst_cpll_cal.gtwizard_ultrascale_v1_7_22_gtye4_cpll_cal_inst/gtwizard_ultrascale_v1_7_22_gtye4_cpll_cal_tx_i/U_TXOUTCLK_FREQ_COUNTER/testclk_cnt_reg[9]/C   u_pcie_xdma/inst/pcie4_ip_i/inst/xdma_0_pcie4_ip_gt_top_i/diablo_gt.diablo_gt_phy_wrapper/gt_wizard.gtwizard_top_i/xdma_0_pcie4_ip_gt_i/inst/gen_gtwizard_gtye4_top.xdma_0_pcie4_ip_gt_gtwizard_gtye4_inst/gen_gtwizard_gtye4.gen_cpll_cal_gtye4.gen_cpll_cal_inst[0].gen_inst_cpll_cal.gtwizard_ultrascale_v1_7_22_gtye4_cpll_cal_inst/gtwizard_ultrascale_v1_7_22_gtye4_cpll_cal_tx_i/U_TXOUTCLK_FREQ_COUNTER/freq_cnt_o_reg[9]/D
 11  CDC-15  Warning   Clock enable controlled CDC structure detected      0  False Path  u_pcie_xdma/inst/pcie4_ip_i/inst/xdma_0_pcie4_ip_gt_top_i/diablo_gt.diablo_gt_phy_wrapper/gt_wizard.gtwizard_top_i/xdma_0_pcie4_ip_gt_i/inst/gen_gtwizard_gtye4_top.xdma_0_pcie4_ip_gt_gtwizard_gtye4_inst/gen_gtwizard_gtye4.gen_cpll_cal_gtye4.gen_cpll_cal_inst[0].gen_inst_cpll_cal.gtwizard_ultrascale_v1_7_22_gtye4_cpll_cal_inst/gtwizard_ultrascale_v1_7_22_gtye4_cpll_cal_tx_i/U_TXOUTCLK_FREQ_COUNTER/testclk_cnt_reg[10]/C  u_pcie_xdma/inst/pcie4_ip_i/inst/xdma_0_pcie4_ip_gt_top_i/diablo_gt.diablo_gt_phy_wrapper/gt_wizard.gtwizard_top_i/xdma_0_pcie4_ip_gt_i/inst/gen_gtwizard_gtye4_top.xdma_0_pcie4_ip_gt_gtwizard_gtye4_inst/gen_gtwizard_gtye4.gen_cpll_cal_gtye4.gen_cpll_cal_inst[0].gen_inst_cpll_cal.gtwizard_ultrascale_v1_7_22_gtye4_cpll_cal_inst/gtwizard_ultrascale_v1_7_22_gtye4_cpll_cal_tx_i/U_TXOUTCLK_FREQ_COUNTER/freq_cnt_o_reg[10]/D
 12  CDC-15  Warning   Clock enable controlled CDC structure detected      0  False Path  u_pcie_xdma/inst/pcie4_ip_i/inst/xdma_0_pcie4_ip_gt_top_i/diablo_gt.diablo_gt_phy_wrapper/gt_wizard.gtwizard_top_i/xdma_0_pcie4_ip_gt_i/inst/gen_gtwizard_gtye4_top.xdma_0_pcie4_ip_gt_gtwizard_gtye4_inst/gen_gtwizard_gtye4.gen_cpll_cal_gtye4.gen_cpll_cal_inst[0].gen_inst_cpll_cal.gtwizard_ultrascale_v1_7_22_gtye4_cpll_cal_inst/gtwizard_ultrascale_v1_7_22_gtye4_cpll_cal_tx_i/U_TXOUTCLK_FREQ_COUNTER/testclk_cnt_reg[11]/C  u_pcie_xdma/inst/pcie4_ip_i/inst/xdma_0_pcie4_ip_gt_top_i/diablo_gt.diablo_gt_phy_wrapper/gt_wizard.gtwizard_top_i/xdma_0_pcie4_ip_gt_i/inst/gen_gtwizard_gtye4_top.xdma_0_pcie4_ip_gt_gtwizard_gtye4_inst/gen_gtwizard_gtye4.gen_cpll_cal_gtye4.gen_cpll_cal_inst[0].gen_inst_cpll_cal.gtwizard_ultrascale_v1_7_22_gtye4_cpll_cal_inst/gtwizard_ultrascale_v1_7_22_gtye4_cpll_cal_tx_i/U_TXOUTCLK_FREQ_COUNTER/freq_cnt_o_reg[11]/D
 13  CDC-15  Warning   Clock enable controlled CDC structure detected      0  False Path  u_pcie_xdma/inst/pcie4_ip_i/inst/xdma_0_pcie4_ip_gt_top_i/diablo_gt.diablo_gt_phy_wrapper/gt_wizard.gtwizard_top_i/xdma_0_pcie4_ip_gt_i/inst/gen_gtwizard_gtye4_top.xdma_0_pcie4_ip_gt_gtwizard_gtye4_inst/gen_gtwizard_gtye4.gen_cpll_cal_gtye4.gen_cpll_cal_inst[0].gen_inst_cpll_cal.gtwizard_ultrascale_v1_7_22_gtye4_cpll_cal_inst/gtwizard_ultrascale_v1_7_22_gtye4_cpll_cal_tx_i/U_TXOUTCLK_FREQ_COUNTER/testclk_cnt_reg[12]/C  u_pcie_xdma/inst/pcie4_ip_i/inst/xdma_0_pcie4_ip_gt_top_i/diablo_gt.diablo_gt_phy_wrapper/gt_wizard.gtwizard_top_i/xdma_0_pcie4_ip_gt_i/inst/gen_gtwizard_gtye4_top.xdma_0_pcie4_ip_gt_gtwizard_gtye4_inst/gen_gtwizard_gtye4.gen_cpll_cal_gtye4.gen_cpll_cal_inst[0].gen_inst_cpll_cal.gtwizard_ultrascale_v1_7_22_gtye4_cpll_cal_inst/gtwizard_ultrascale_v1_7_22_gtye4_cpll_cal_tx_i/U_TXOUTCLK_FREQ_COUNTER/freq_cnt_o_reg[12]/D
 14  CDC-15  Warning   Clock enable controlled CDC structure detected      0  False Path  u_pcie_xdma/inst/pcie4_ip_i/inst/xdma_0_pcie4_ip_gt_top_i/diablo_gt.diablo_gt_phy_wrapper/gt_wizard.gtwizard_top_i/xdma_0_pcie4_ip_gt_i/inst/gen_gtwizard_gtye4_top.xdma_0_pcie4_ip_gt_gtwizard_gtye4_inst/gen_gtwizard_gtye4.gen_cpll_cal_gtye4.gen_cpll_cal_inst[0].gen_inst_cpll_cal.gtwizard_ultrascale_v1_7_22_gtye4_cpll_cal_inst/gtwizard_ultrascale_v1_7_22_gtye4_cpll_cal_tx_i/U_TXOUTCLK_FREQ_COUNTER/testclk_cnt_reg[13]/C  u_pcie_xdma/inst/pcie4_ip_i/inst/xdma_0_pcie4_ip_gt_top_i/diablo_gt.diablo_gt_phy_wrapper/gt_wizard.gtwizard_top_i/xdma_0_pcie4_ip_gt_i/inst/gen_gtwizard_gtye4_top.xdma_0_pcie4_ip_gt_gtwizard_gtye4_inst/gen_gtwizard_gtye4.gen_cpll_cal_gtye4.gen_cpll_cal_inst[0].gen_inst_cpll_cal.gtwizard_ultrascale_v1_7_22_gtye4_cpll_cal_inst/gtwizard_ultrascale_v1_7_22_gtye4_cpll_cal_tx_i/U_TXOUTCLK_FREQ_COUNTER/freq_cnt_o_reg[13]/D
 15  CDC-15  Warning   Clock enable controlled CDC structure detected      0  False Path  u_pcie_xdma/inst/pcie4_ip_i/inst/xdma_0_pcie4_ip_gt_top_i/diablo_gt.diablo_gt_phy_wrapper/gt_wizard.gtwizard_top_i/xdma_0_pcie4_ip_gt_i/inst/gen_gtwizard_gtye4_top.xdma_0_pcie4_ip_gt_gtwizard_gtye4_inst/gen_gtwizard_gtye4.gen_cpll_cal_gtye4.gen_cpll_cal_inst[0].gen_inst_cpll_cal.gtwizard_ultrascale_v1_7_22_gtye4_cpll_cal_inst/gtwizard_ultrascale_v1_7_22_gtye4_cpll_cal_tx_i/U_TXOUTCLK_FREQ_COUNTER/testclk_cnt_reg[14]/C  u_pcie_xdma/inst/pcie4_ip_i/inst/xdma_0_pcie4_ip_gt_top_i/diablo_gt.diablo_gt_phy_wrapper/gt_wizard.gtwizard_top_i/xdma_0_pcie4_ip_gt_i/inst/gen_gtwizard_gtye4_top.xdma_0_pcie4_ip_gt_gtwizard_gtye4_inst/gen_gtwizard_gtye4.gen_cpll_cal_gtye4.gen_cpll_cal_inst[0].gen_inst_cpll_cal.gtwizard_ultrascale_v1_7_22_gtye4_cpll_cal_inst/gtwizard_ultrascale_v1_7_22_gtye4_cpll_cal_tx_i/U_TXOUTCLK_FREQ_COUNTER/freq_cnt_o_reg[14]/D
 16  CDC-15  Warning   Clock enable controlled CDC structure detected      0  False Path  u_pcie_xdma/inst/pcie4_ip_i/inst/xdma_0_pcie4_ip_gt_top_i/diablo_gt.diablo_gt_phy_wrapper/gt_wizard.gtwizard_top_i/xdma_0_pcie4_ip_gt_i/inst/gen_gtwizard_gtye4_top.xdma_0_pcie4_ip_gt_gtwizard_gtye4_inst/gen_gtwizard_gtye4.gen_cpll_cal_gtye4.gen_cpll_cal_inst[0].gen_inst_cpll_cal.gtwizard_ultrascale_v1_7_22_gtye4_cpll_cal_inst/gtwizard_ultrascale_v1_7_22_gtye4_cpll_cal_tx_i/U_TXOUTCLK_FREQ_COUNTER/testclk_cnt_reg[15]/C  u_pcie_xdma/inst/pcie4_ip_i/inst/xdma_0_pcie4_ip_gt_top_i/diablo_gt.diablo_gt_phy_wrapper/gt_wizard.gtwizard_top_i/xdma_0_pcie4_ip_gt_i/inst/gen_gtwizard_gtye4_top.xdma_0_pcie4_ip_gt_gtwizard_gtye4_inst/gen_gtwizard_gtye4.gen_cpll_cal_gtye4.gen_cpll_cal_inst[0].gen_inst_cpll_cal.gtwizard_ultrascale_v1_7_22_gtye4_cpll_cal_inst/gtwizard_ultrascale_v1_7_22_gtye4_cpll_cal_tx_i/U_TXOUTCLK_FREQ_COUNTER/freq_cnt_o_reg[15]/D
 17  CDC-15  Warning   Clock enable controlled CDC structure detected      0  False Path  u_pcie_xdma/inst/pcie4_ip_i/inst/xdma_0_pcie4_ip_gt_top_i/diablo_gt.diablo_gt_phy_wrapper/gt_wizard.gtwizard_top_i/xdma_0_pcie4_ip_gt_i/inst/gen_gtwizard_gtye4_top.xdma_0_pcie4_ip_gt_gtwizard_gtye4_inst/gen_gtwizard_gtye4.gen_cpll_cal_gtye4.gen_cpll_cal_inst[0].gen_inst_cpll_cal.gtwizard_ultrascale_v1_7_22_gtye4_cpll_cal_inst/gtwizard_ultrascale_v1_7_22_gtye4_cpll_cal_tx_i/U_TXOUTCLK_FREQ_COUNTER/testclk_cnt_reg[16]/C  u_pcie_xdma/inst/pcie4_ip_i/inst/xdma_0_pcie4_ip_gt_top_i/diablo_gt.diablo_gt_phy_wrapper/gt_wizard.gtwizard_top_i/xdma_0_pcie4_ip_gt_i/inst/gen_gtwizard_gtye4_top.xdma_0_pcie4_ip_gt_gtwizard_gtye4_inst/gen_gtwizard_gtye4.gen_cpll_cal_gtye4.gen_cpll_cal_inst[0].gen_inst_cpll_cal.gtwizard_ultrascale_v1_7_22_gtye4_cpll_cal_inst/gtwizard_ultrascale_v1_7_22_gtye4_cpll_cal_tx_i/U_TXOUTCLK_FREQ_COUNTER/freq_cnt_o_reg[16]/D
 18  CDC-15  Warning   Clock enable controlled CDC structure detected      0  False Path  u_pcie_xdma/inst/pcie4_ip_i/inst/xdma_0_pcie4_ip_gt_top_i/diablo_gt.diablo_gt_phy_wrapper/gt_wizard.gtwizard_top_i/xdma_0_pcie4_ip_gt_i/inst/gen_gtwizard_gtye4_top.xdma_0_pcie4_ip_gt_gtwizard_gtye4_inst/gen_gtwizard_gtye4.gen_cpll_cal_gtye4.gen_cpll_cal_inst[0].gen_inst_cpll_cal.gtwizard_ultrascale_v1_7_22_gtye4_cpll_cal_inst/gtwizard_ultrascale_v1_7_22_gtye4_cpll_cal_tx_i/U_TXOUTCLK_FREQ_COUNTER/testclk_cnt_reg[17]/C  u_pcie_xdma/inst/pcie4_ip_i/inst/xdma_0_pcie4_ip_gt_top_i/diablo_gt.diablo_gt_phy_wrapper/gt_wizard.gtwizard_top_i/xdma_0_pcie4_ip_gt_i/inst/gen_gtwizard_gtye4_top.xdma_0_pcie4_ip_gt_gtwizard_gtye4_inst/gen_gtwizard_gtye4.gen_cpll_cal_gtye4.gen_cpll_cal_inst[0].gen_inst_cpll_cal.gtwizard_ultrascale_v1_7_22_gtye4_cpll_cal_inst/gtwizard_ultrascale_v1_7_22_gtye4_cpll_cal_tx_i/U_TXOUTCLK_FREQ_COUNTER/freq_cnt_o_reg[17]/D

Source Clock: u_pcie_xdma/inst/pcie4_ip_i/inst/xdma_0_pcie4_ip_gt_top_i/diablo_gt.diablo_gt_phy_wrapper/gt_wizard.gtwizard_top_i/xdma_0_pcie4_ip_gt_i/inst/gen_gtwizard_gtye4_top.xdma_0_pcie4_ip_gt_gtwizard_gtye4_inst/gen_gtwizard_gtye4.gen_cpll_cal_gtye4.gen_cpll_cal_inst[1].gen_inst_cpll_cal.gtwizard_ultrascale_v1_7_22_gtye4_cpll_cal_inst/gtwizard_ultrascale_v1_7_22_gtye4_cpll_cal_tx_i/bufg_gt_txoutclkmon_inst/O
Destination Clock: pcie_ref_clk
CDC Type: No Common Primary Clock

Row  ID      Severity  Description                                     Depth  Exception   Source (From)                                                                                                                                                                                                                                                                                                                                                                                                                          Destination (To)
---  ------  --------  ----------------------------------------------  -----  ----------  -------------------------------------------------------------------------------------------------------------------------------------------------------------------------------------------------------------------------------------------------------------------------------------------------------------------------------------------------------------------------------------------------------------------------------------  ------------------------------------------------------------------------------------------------------------------------------------------------------------------------------------------------------------------------------------------------------------------------------------------------------------------------------------------------------------------------------------------------------------------------------------
  1  CDC-15  Warning   Clock enable controlled CDC structure detected      0  False Path  u_pcie_xdma/inst/pcie4_ip_i/inst/xdma_0_pcie4_ip_gt_top_i/diablo_gt.diablo_gt_phy_wrapper/gt_wizard.gtwizard_top_i/xdma_0_pcie4_ip_gt_i/inst/gen_gtwizard_gtye4_top.xdma_0_pcie4_ip_gt_gtwizard_gtye4_inst/gen_gtwizard_gtye4.gen_cpll_cal_gtye4.gen_cpll_cal_inst[1].gen_inst_cpll_cal.gtwizard_ultrascale_v1_7_22_gtye4_cpll_cal_inst/gtwizard_ultrascale_v1_7_22_gtye4_cpll_cal_tx_i/U_TXOUTCLK_FREQ_COUNTER/testclk_cnt_reg[0]/C   u_pcie_xdma/inst/pcie4_ip_i/inst/xdma_0_pcie4_ip_gt_top_i/diablo_gt.diablo_gt_phy_wrapper/gt_wizard.gtwizard_top_i/xdma_0_pcie4_ip_gt_i/inst/gen_gtwizard_gtye4_top.xdma_0_pcie4_ip_gt_gtwizard_gtye4_inst/gen_gtwizard_gtye4.gen_cpll_cal_gtye4.gen_cpll_cal_inst[1].gen_inst_cpll_cal.gtwizard_ultrascale_v1_7_22_gtye4_cpll_cal_inst/gtwizard_ultrascale_v1_7_22_gtye4_cpll_cal_tx_i/U_TXOUTCLK_FREQ_COUNTER/freq_cnt_o_reg[0]/D
  2  CDC-15  Warning   Clock enable controlled CDC structure detected      0  False Path  u_pcie_xdma/inst/pcie4_ip_i/inst/xdma_0_pcie4_ip_gt_top_i/diablo_gt.diablo_gt_phy_wrapper/gt_wizard.gtwizard_top_i/xdma_0_pcie4_ip_gt_i/inst/gen_gtwizard_gtye4_top.xdma_0_pcie4_ip_gt_gtwizard_gtye4_inst/gen_gtwizard_gtye4.gen_cpll_cal_gtye4.gen_cpll_cal_inst[1].gen_inst_cpll_cal.gtwizard_ultrascale_v1_7_22_gtye4_cpll_cal_inst/gtwizard_ultrascale_v1_7_22_gtye4_cpll_cal_tx_i/U_TXOUTCLK_FREQ_COUNTER/testclk_cnt_reg[1]/C   u_pcie_xdma/inst/pcie4_ip_i/inst/xdma_0_pcie4_ip_gt_top_i/diablo_gt.diablo_gt_phy_wrapper/gt_wizard.gtwizard_top_i/xdma_0_pcie4_ip_gt_i/inst/gen_gtwizard_gtye4_top.xdma_0_pcie4_ip_gt_gtwizard_gtye4_inst/gen_gtwizard_gtye4.gen_cpll_cal_gtye4.gen_cpll_cal_inst[1].gen_inst_cpll_cal.gtwizard_ultrascale_v1_7_22_gtye4_cpll_cal_inst/gtwizard_ultrascale_v1_7_22_gtye4_cpll_cal_tx_i/U_TXOUTCLK_FREQ_COUNTER/freq_cnt_o_reg[1]/D
  3  CDC-15  Warning   Clock enable controlled CDC structure detected      0  False Path  u_pcie_xdma/inst/pcie4_ip_i/inst/xdma_0_pcie4_ip_gt_top_i/diablo_gt.diablo_gt_phy_wrapper/gt_wizard.gtwizard_top_i/xdma_0_pcie4_ip_gt_i/inst/gen_gtwizard_gtye4_top.xdma_0_pcie4_ip_gt_gtwizard_gtye4_inst/gen_gtwizard_gtye4.gen_cpll_cal_gtye4.gen_cpll_cal_inst[1].gen_inst_cpll_cal.gtwizard_ultrascale_v1_7_22_gtye4_cpll_cal_inst/gtwizard_ultrascale_v1_7_22_gtye4_cpll_cal_tx_i/U_TXOUTCLK_FREQ_COUNTER/testclk_cnt_reg[2]/C   u_pcie_xdma/inst/pcie4_ip_i/inst/xdma_0_pcie4_ip_gt_top_i/diablo_gt.diablo_gt_phy_wrapper/gt_wizard.gtwizard_top_i/xdma_0_pcie4_ip_gt_i/inst/gen_gtwizard_gtye4_top.xdma_0_pcie4_ip_gt_gtwizard_gtye4_inst/gen_gtwizard_gtye4.gen_cpll_cal_gtye4.gen_cpll_cal_inst[1].gen_inst_cpll_cal.gtwizard_ultrascale_v1_7_22_gtye4_cpll_cal_inst/gtwizard_ultrascale_v1_7_22_gtye4_cpll_cal_tx_i/U_TXOUTCLK_FREQ_COUNTER/freq_cnt_o_reg[2]/D
  4  CDC-15  Warning   Clock enable controlled CDC structure detected      0  False Path  u_pcie_xdma/inst/pcie4_ip_i/inst/xdma_0_pcie4_ip_gt_top_i/diablo_gt.diablo_gt_phy_wrapper/gt_wizard.gtwizard_top_i/xdma_0_pcie4_ip_gt_i/inst/gen_gtwizard_gtye4_top.xdma_0_pcie4_ip_gt_gtwizard_gtye4_inst/gen_gtwizard_gtye4.gen_cpll_cal_gtye4.gen_cpll_cal_inst[1].gen_inst_cpll_cal.gtwizard_ultrascale_v1_7_22_gtye4_cpll_cal_inst/gtwizard_ultrascale_v1_7_22_gtye4_cpll_cal_tx_i/U_TXOUTCLK_FREQ_COUNTER/testclk_cnt_reg[3]/C   u_pcie_xdma/inst/pcie4_ip_i/inst/xdma_0_pcie4_ip_gt_top_i/diablo_gt.diablo_gt_phy_wrapper/gt_wizard.gtwizard_top_i/xdma_0_pcie4_ip_gt_i/inst/gen_gtwizard_gtye4_top.xdma_0_pcie4_ip_gt_gtwizard_gtye4_inst/gen_gtwizard_gtye4.gen_cpll_cal_gtye4.gen_cpll_cal_inst[1].gen_inst_cpll_cal.gtwizard_ultrascale_v1_7_22_gtye4_cpll_cal_inst/gtwizard_ultrascale_v1_7_22_gtye4_cpll_cal_tx_i/U_TXOUTCLK_FREQ_COUNTER/freq_cnt_o_reg[3]/D
  5  CDC-15  Warning   Clock enable controlled CDC structure detected      0  False Path  u_pcie_xdma/inst/pcie4_ip_i/inst/xdma_0_pcie4_ip_gt_top_i/diablo_gt.diablo_gt_phy_wrapper/gt_wizard.gtwizard_top_i/xdma_0_pcie4_ip_gt_i/inst/gen_gtwizard_gtye4_top.xdma_0_pcie4_ip_gt_gtwizard_gtye4_inst/gen_gtwizard_gtye4.gen_cpll_cal_gtye4.gen_cpll_cal_inst[1].gen_inst_cpll_cal.gtwizard_ultrascale_v1_7_22_gtye4_cpll_cal_inst/gtwizard_ultrascale_v1_7_22_gtye4_cpll_cal_tx_i/U_TXOUTCLK_FREQ_COUNTER/testclk_cnt_reg[4]/C   u_pcie_xdma/inst/pcie4_ip_i/inst/xdma_0_pcie4_ip_gt_top_i/diablo_gt.diablo_gt_phy_wrapper/gt_wizard.gtwizard_top_i/xdma_0_pcie4_ip_gt_i/inst/gen_gtwizard_gtye4_top.xdma_0_pcie4_ip_gt_gtwizard_gtye4_inst/gen_gtwizard_gtye4.gen_cpll_cal_gtye4.gen_cpll_cal_inst[1].gen_inst_cpll_cal.gtwizard_ultrascale_v1_7_22_gtye4_cpll_cal_inst/gtwizard_ultrascale_v1_7_22_gtye4_cpll_cal_tx_i/U_TXOUTCLK_FREQ_COUNTER/freq_cnt_o_reg[4]/D
  6  CDC-15  Warning   Clock enable controlled CDC structure detected      0  False Path  u_pcie_xdma/inst/pcie4_ip_i/inst/xdma_0_pcie4_ip_gt_top_i/diablo_gt.diablo_gt_phy_wrapper/gt_wizard.gtwizard_top_i/xdma_0_pcie4_ip_gt_i/inst/gen_gtwizard_gtye4_top.xdma_0_pcie4_ip_gt_gtwizard_gtye4_inst/gen_gtwizard_gtye4.gen_cpll_cal_gtye4.gen_cpll_cal_inst[1].gen_inst_cpll_cal.gtwizard_ultrascale_v1_7_22_gtye4_cpll_cal_inst/gtwizard_ultrascale_v1_7_22_gtye4_cpll_cal_tx_i/U_TXOUTCLK_FREQ_COUNTER/testclk_cnt_reg[5]/C   u_pcie_xdma/inst/pcie4_ip_i/inst/xdma_0_pcie4_ip_gt_top_i/diablo_gt.diablo_gt_phy_wrapper/gt_wizard.gtwizard_top_i/xdma_0_pcie4_ip_gt_i/inst/gen_gtwizard_gtye4_top.xdma_0_pcie4_ip_gt_gtwizard_gtye4_inst/gen_gtwizard_gtye4.gen_cpll_cal_gtye4.gen_cpll_cal_inst[1].gen_inst_cpll_cal.gtwizard_ultrascale_v1_7_22_gtye4_cpll_cal_inst/gtwizard_ultrascale_v1_7_22_gtye4_cpll_cal_tx_i/U_TXOUTCLK_FREQ_COUNTER/freq_cnt_o_reg[5]/D
  7  CDC-15  Warning   Clock enable controlled CDC structure detected      0  False Path  u_pcie_xdma/inst/pcie4_ip_i/inst/xdma_0_pcie4_ip_gt_top_i/diablo_gt.diablo_gt_phy_wrapper/gt_wizard.gtwizard_top_i/xdma_0_pcie4_ip_gt_i/inst/gen_gtwizard_gtye4_top.xdma_0_pcie4_ip_gt_gtwizard_gtye4_inst/gen_gtwizard_gtye4.gen_cpll_cal_gtye4.gen_cpll_cal_inst[1].gen_inst_cpll_cal.gtwizard_ultrascale_v1_7_22_gtye4_cpll_cal_inst/gtwizard_ultrascale_v1_7_22_gtye4_cpll_cal_tx_i/U_TXOUTCLK_FREQ_COUNTER/testclk_cnt_reg[6]/C   u_pcie_xdma/inst/pcie4_ip_i/inst/xdma_0_pcie4_ip_gt_top_i/diablo_gt.diablo_gt_phy_wrapper/gt_wizard.gtwizard_top_i/xdma_0_pcie4_ip_gt_i/inst/gen_gtwizard_gtye4_top.xdma_0_pcie4_ip_gt_gtwizard_gtye4_inst/gen_gtwizard_gtye4.gen_cpll_cal_gtye4.gen_cpll_cal_inst[1].gen_inst_cpll_cal.gtwizard_ultrascale_v1_7_22_gtye4_cpll_cal_inst/gtwizard_ultrascale_v1_7_22_gtye4_cpll_cal_tx_i/U_TXOUTCLK_FREQ_COUNTER/freq_cnt_o_reg[6]/D
  8  CDC-15  Warning   Clock enable controlled CDC structure detected      0  False Path  u_pcie_xdma/inst/pcie4_ip_i/inst/xdma_0_pcie4_ip_gt_top_i/diablo_gt.diablo_gt_phy_wrapper/gt_wizard.gtwizard_top_i/xdma_0_pcie4_ip_gt_i/inst/gen_gtwizard_gtye4_top.xdma_0_pcie4_ip_gt_gtwizard_gtye4_inst/gen_gtwizard_gtye4.gen_cpll_cal_gtye4.gen_cpll_cal_inst[1].gen_inst_cpll_cal.gtwizard_ultrascale_v1_7_22_gtye4_cpll_cal_inst/gtwizard_ultrascale_v1_7_22_gtye4_cpll_cal_tx_i/U_TXOUTCLK_FREQ_COUNTER/testclk_cnt_reg[7]/C   u_pcie_xdma/inst/pcie4_ip_i/inst/xdma_0_pcie4_ip_gt_top_i/diablo_gt.diablo_gt_phy_wrapper/gt_wizard.gtwizard_top_i/xdma_0_pcie4_ip_gt_i/inst/gen_gtwizard_gtye4_top.xdma_0_pcie4_ip_gt_gtwizard_gtye4_inst/gen_gtwizard_gtye4.gen_cpll_cal_gtye4.gen_cpll_cal_inst[1].gen_inst_cpll_cal.gtwizard_ultrascale_v1_7_22_gtye4_cpll_cal_inst/gtwizard_ultrascale_v1_7_22_gtye4_cpll_cal_tx_i/U_TXOUTCLK_FREQ_COUNTER/freq_cnt_o_reg[7]/D
  9  CDC-15  Warning   Clock enable controlled CDC structure detected      0  False Path  u_pcie_xdma/inst/pcie4_ip_i/inst/xdma_0_pcie4_ip_gt_top_i/diablo_gt.diablo_gt_phy_wrapper/gt_wizard.gtwizard_top_i/xdma_0_pcie4_ip_gt_i/inst/gen_gtwizard_gtye4_top.xdma_0_pcie4_ip_gt_gtwizard_gtye4_inst/gen_gtwizard_gtye4.gen_cpll_cal_gtye4.gen_cpll_cal_inst[1].gen_inst_cpll_cal.gtwizard_ultrascale_v1_7_22_gtye4_cpll_cal_inst/gtwizard_ultrascale_v1_7_22_gtye4_cpll_cal_tx_i/U_TXOUTCLK_FREQ_COUNTER/testclk_cnt_reg[8]/C   u_pcie_xdma/inst/pcie4_ip_i/inst/xdma_0_pcie4_ip_gt_top_i/diablo_gt.diablo_gt_phy_wrapper/gt_wizard.gtwizard_top_i/xdma_0_pcie4_ip_gt_i/inst/gen_gtwizard_gtye4_top.xdma_0_pcie4_ip_gt_gtwizard_gtye4_inst/gen_gtwizard_gtye4.gen_cpll_cal_gtye4.gen_cpll_cal_inst[1].gen_inst_cpll_cal.gtwizard_ultrascale_v1_7_22_gtye4_cpll_cal_inst/gtwizard_ultrascale_v1_7_22_gtye4_cpll_cal_tx_i/U_TXOUTCLK_FREQ_COUNTER/freq_cnt_o_reg[8]/D
 10  CDC-15  Warning   Clock enable controlled CDC structure detected      0  False Path  u_pcie_xdma/inst/pcie4_ip_i/inst/xdma_0_pcie4_ip_gt_top_i/diablo_gt.diablo_gt_phy_wrapper/gt_wizard.gtwizard_top_i/xdma_0_pcie4_ip_gt_i/inst/gen_gtwizard_gtye4_top.xdma_0_pcie4_ip_gt_gtwizard_gtye4_inst/gen_gtwizard_gtye4.gen_cpll_cal_gtye4.gen_cpll_cal_inst[1].gen_inst_cpll_cal.gtwizard_ultrascale_v1_7_22_gtye4_cpll_cal_inst/gtwizard_ultrascale_v1_7_22_gtye4_cpll_cal_tx_i/U_TXOUTCLK_FREQ_COUNTER/testclk_cnt_reg[9]/C   u_pcie_xdma/inst/pcie4_ip_i/inst/xdma_0_pcie4_ip_gt_top_i/diablo_gt.diablo_gt_phy_wrapper/gt_wizard.gtwizard_top_i/xdma_0_pcie4_ip_gt_i/inst/gen_gtwizard_gtye4_top.xdma_0_pcie4_ip_gt_gtwizard_gtye4_inst/gen_gtwizard_gtye4.gen_cpll_cal_gtye4.gen_cpll_cal_inst[1].gen_inst_cpll_cal.gtwizard_ultrascale_v1_7_22_gtye4_cpll_cal_inst/gtwizard_ultrascale_v1_7_22_gtye4_cpll_cal_tx_i/U_TXOUTCLK_FREQ_COUNTER/freq_cnt_o_reg[9]/D
 11  CDC-15  Warning   Clock enable controlled CDC structure detected      0  False Path  u_pcie_xdma/inst/pcie4_ip_i/inst/xdma_0_pcie4_ip_gt_top_i/diablo_gt.diablo_gt_phy_wrapper/gt_wizard.gtwizard_top_i/xdma_0_pcie4_ip_gt_i/inst/gen_gtwizard_gtye4_top.xdma_0_pcie4_ip_gt_gtwizard_gtye4_inst/gen_gtwizard_gtye4.gen_cpll_cal_gtye4.gen_cpll_cal_inst[1].gen_inst_cpll_cal.gtwizard_ultrascale_v1_7_22_gtye4_cpll_cal_inst/gtwizard_ultrascale_v1_7_22_gtye4_cpll_cal_tx_i/U_TXOUTCLK_FREQ_COUNTER/testclk_cnt_reg[10]/C  u_pcie_xdma/inst/pcie4_ip_i/inst/xdma_0_pcie4_ip_gt_top_i/diablo_gt.diablo_gt_phy_wrapper/gt_wizard.gtwizard_top_i/xdma_0_pcie4_ip_gt_i/inst/gen_gtwizard_gtye4_top.xdma_0_pcie4_ip_gt_gtwizard_gtye4_inst/gen_gtwizard_gtye4.gen_cpll_cal_gtye4.gen_cpll_cal_inst[1].gen_inst_cpll_cal.gtwizard_ultrascale_v1_7_22_gtye4_cpll_cal_inst/gtwizard_ultrascale_v1_7_22_gtye4_cpll_cal_tx_i/U_TXOUTCLK_FREQ_COUNTER/freq_cnt_o_reg[10]/D
 12  CDC-15  Warning   Clock enable controlled CDC structure detected      0  False Path  u_pcie_xdma/inst/pcie4_ip_i/inst/xdma_0_pcie4_ip_gt_top_i/diablo_gt.diablo_gt_phy_wrapper/gt_wizard.gtwizard_top_i/xdma_0_pcie4_ip_gt_i/inst/gen_gtwizard_gtye4_top.xdma_0_pcie4_ip_gt_gtwizard_gtye4_inst/gen_gtwizard_gtye4.gen_cpll_cal_gtye4.gen_cpll_cal_inst[1].gen_inst_cpll_cal.gtwizard_ultrascale_v1_7_22_gtye4_cpll_cal_inst/gtwizard_ultrascale_v1_7_22_gtye4_cpll_cal_tx_i/U_TXOUTCLK_FREQ_COUNTER/testclk_cnt_reg[11]/C  u_pcie_xdma/inst/pcie4_ip_i/inst/xdma_0_pcie4_ip_gt_top_i/diablo_gt.diablo_gt_phy_wrapper/gt_wizard.gtwizard_top_i/xdma_0_pcie4_ip_gt_i/inst/gen_gtwizard_gtye4_top.xdma_0_pcie4_ip_gt_gtwizard_gtye4_inst/gen_gtwizard_gtye4.gen_cpll_cal_gtye4.gen_cpll_cal_inst[1].gen_inst_cpll_cal.gtwizard_ultrascale_v1_7_22_gtye4_cpll_cal_inst/gtwizard_ultrascale_v1_7_22_gtye4_cpll_cal_tx_i/U_TXOUTCLK_FREQ_COUNTER/freq_cnt_o_reg[11]/D
 13  CDC-15  Warning   Clock enable controlled CDC structure detected      0  False Path  u_pcie_xdma/inst/pcie4_ip_i/inst/xdma_0_pcie4_ip_gt_top_i/diablo_gt.diablo_gt_phy_wrapper/gt_wizard.gtwizard_top_i/xdma_0_pcie4_ip_gt_i/inst/gen_gtwizard_gtye4_top.xdma_0_pcie4_ip_gt_gtwizard_gtye4_inst/gen_gtwizard_gtye4.gen_cpll_cal_gtye4.gen_cpll_cal_inst[1].gen_inst_cpll_cal.gtwizard_ultrascale_v1_7_22_gtye4_cpll_cal_inst/gtwizard_ultrascale_v1_7_22_gtye4_cpll_cal_tx_i/U_TXOUTCLK_FREQ_COUNTER/testclk_cnt_reg[12]/C  u_pcie_xdma/inst/pcie4_ip_i/inst/xdma_0_pcie4_ip_gt_top_i/diablo_gt.diablo_gt_phy_wrapper/gt_wizard.gtwizard_top_i/xdma_0_pcie4_ip_gt_i/inst/gen_gtwizard_gtye4_top.xdma_0_pcie4_ip_gt_gtwizard_gtye4_inst/gen_gtwizard_gtye4.gen_cpll_cal_gtye4.gen_cpll_cal_inst[1].gen_inst_cpll_cal.gtwizard_ultrascale_v1_7_22_gtye4_cpll_cal_inst/gtwizard_ultrascale_v1_7_22_gtye4_cpll_cal_tx_i/U_TXOUTCLK_FREQ_COUNTER/freq_cnt_o_reg[12]/D
 14  CDC-15  Warning   Clock enable controlled CDC structure detected      0  False Path  u_pcie_xdma/inst/pcie4_ip_i/inst/xdma_0_pcie4_ip_gt_top_i/diablo_gt.diablo_gt_phy_wrapper/gt_wizard.gtwizard_top_i/xdma_0_pcie4_ip_gt_i/inst/gen_gtwizard_gtye4_top.xdma_0_pcie4_ip_gt_gtwizard_gtye4_inst/gen_gtwizard_gtye4.gen_cpll_cal_gtye4.gen_cpll_cal_inst[1].gen_inst_cpll_cal.gtwizard_ultrascale_v1_7_22_gtye4_cpll_cal_inst/gtwizard_ultrascale_v1_7_22_gtye4_cpll_cal_tx_i/U_TXOUTCLK_FREQ_COUNTER/testclk_cnt_reg[13]/C  u_pcie_xdma/inst/pcie4_ip_i/inst/xdma_0_pcie4_ip_gt_top_i/diablo_gt.diablo_gt_phy_wrapper/gt_wizard.gtwizard_top_i/xdma_0_pcie4_ip_gt_i/inst/gen_gtwizard_gtye4_top.xdma_0_pcie4_ip_gt_gtwizard_gtye4_inst/gen_gtwizard_gtye4.gen_cpll_cal_gtye4.gen_cpll_cal_inst[1].gen_inst_cpll_cal.gtwizard_ultrascale_v1_7_22_gtye4_cpll_cal_inst/gtwizard_ultrascale_v1_7_22_gtye4_cpll_cal_tx_i/U_TXOUTCLK_FREQ_COUNTER/freq_cnt_o_reg[13]/D
 15  CDC-15  Warning   Clock enable controlled CDC structure detected      0  False Path  u_pcie_xdma/inst/pcie4_ip_i/inst/xdma_0_pcie4_ip_gt_top_i/diablo_gt.diablo_gt_phy_wrapper/gt_wizard.gtwizard_top_i/xdma_0_pcie4_ip_gt_i/inst/gen_gtwizard_gtye4_top.xdma_0_pcie4_ip_gt_gtwizard_gtye4_inst/gen_gtwizard_gtye4.gen_cpll_cal_gtye4.gen_cpll_cal_inst[1].gen_inst_cpll_cal.gtwizard_ultrascale_v1_7_22_gtye4_cpll_cal_inst/gtwizard_ultrascale_v1_7_22_gtye4_cpll_cal_tx_i/U_TXOUTCLK_FREQ_COUNTER/testclk_cnt_reg[14]/C  u_pcie_xdma/inst/pcie4_ip_i/inst/xdma_0_pcie4_ip_gt_top_i/diablo_gt.diablo_gt_phy_wrapper/gt_wizard.gtwizard_top_i/xdma_0_pcie4_ip_gt_i/inst/gen_gtwizard_gtye4_top.xdma_0_pcie4_ip_gt_gtwizard_gtye4_inst/gen_gtwizard_gtye4.gen_cpll_cal_gtye4.gen_cpll_cal_inst[1].gen_inst_cpll_cal.gtwizard_ultrascale_v1_7_22_gtye4_cpll_cal_inst/gtwizard_ultrascale_v1_7_22_gtye4_cpll_cal_tx_i/U_TXOUTCLK_FREQ_COUNTER/freq_cnt_o_reg[14]/D
 16  CDC-15  Warning   Clock enable controlled CDC structure detected      0  False Path  u_pcie_xdma/inst/pcie4_ip_i/inst/xdma_0_pcie4_ip_gt_top_i/diablo_gt.diablo_gt_phy_wrapper/gt_wizard.gtwizard_top_i/xdma_0_pcie4_ip_gt_i/inst/gen_gtwizard_gtye4_top.xdma_0_pcie4_ip_gt_gtwizard_gtye4_inst/gen_gtwizard_gtye4.gen_cpll_cal_gtye4.gen_cpll_cal_inst[1].gen_inst_cpll_cal.gtwizard_ultrascale_v1_7_22_gtye4_cpll_cal_inst/gtwizard_ultrascale_v1_7_22_gtye4_cpll_cal_tx_i/U_TXOUTCLK_FREQ_COUNTER/testclk_cnt_reg[15]/C  u_pcie_xdma/inst/pcie4_ip_i/inst/xdma_0_pcie4_ip_gt_top_i/diablo_gt.diablo_gt_phy_wrapper/gt_wizard.gtwizard_top_i/xdma_0_pcie4_ip_gt_i/inst/gen_gtwizard_gtye4_top.xdma_0_pcie4_ip_gt_gtwizard_gtye4_inst/gen_gtwizard_gtye4.gen_cpll_cal_gtye4.gen_cpll_cal_inst[1].gen_inst_cpll_cal.gtwizard_ultrascale_v1_7_22_gtye4_cpll_cal_inst/gtwizard_ultrascale_v1_7_22_gtye4_cpll_cal_tx_i/U_TXOUTCLK_FREQ_COUNTER/freq_cnt_o_reg[15]/D
 17  CDC-15  Warning   Clock enable controlled CDC structure detected      0  False Path  u_pcie_xdma/inst/pcie4_ip_i/inst/xdma_0_pcie4_ip_gt_top_i/diablo_gt.diablo_gt_phy_wrapper/gt_wizard.gtwizard_top_i/xdma_0_pcie4_ip_gt_i/inst/gen_gtwizard_gtye4_top.xdma_0_pcie4_ip_gt_gtwizard_gtye4_inst/gen_gtwizard_gtye4.gen_cpll_cal_gtye4.gen_cpll_cal_inst[1].gen_inst_cpll_cal.gtwizard_ultrascale_v1_7_22_gtye4_cpll_cal_inst/gtwizard_ultrascale_v1_7_22_gtye4_cpll_cal_tx_i/U_TXOUTCLK_FREQ_COUNTER/testclk_cnt_reg[16]/C  u_pcie_xdma/inst/pcie4_ip_i/inst/xdma_0_pcie4_ip_gt_top_i/diablo_gt.diablo_gt_phy_wrapper/gt_wizard.gtwizard_top_i/xdma_0_pcie4_ip_gt_i/inst/gen_gtwizard_gtye4_top.xdma_0_pcie4_ip_gt_gtwizard_gtye4_inst/gen_gtwizard_gtye4.gen_cpll_cal_gtye4.gen_cpll_cal_inst[1].gen_inst_cpll_cal.gtwizard_ultrascale_v1_7_22_gtye4_cpll_cal_inst/gtwizard_ultrascale_v1_7_22_gtye4_cpll_cal_tx_i/U_TXOUTCLK_FREQ_COUNTER/freq_cnt_o_reg[16]/D
 18  CDC-15  Warning   Clock enable controlled CDC structure detected      0  False Path  u_pcie_xdma/inst/pcie4_ip_i/inst/xdma_0_pcie4_ip_gt_top_i/diablo_gt.diablo_gt_phy_wrapper/gt_wizard.gtwizard_top_i/xdma_0_pcie4_ip_gt_i/inst/gen_gtwizard_gtye4_top.xdma_0_pcie4_ip_gt_gtwizard_gtye4_inst/gen_gtwizard_gtye4.gen_cpll_cal_gtye4.gen_cpll_cal_inst[1].gen_inst_cpll_cal.gtwizard_ultrascale_v1_7_22_gtye4_cpll_cal_inst/gtwizard_ultrascale_v1_7_22_gtye4_cpll_cal_tx_i/U_TXOUTCLK_FREQ_COUNTER/testclk_cnt_reg[17]/C  u_pcie_xdma/inst/pcie4_ip_i/inst/xdma_0_pcie4_ip_gt_top_i/diablo_gt.diablo_gt_phy_wrapper/gt_wizard.gtwizard_top_i/xdma_0_pcie4_ip_gt_i/inst/gen_gtwizard_gtye4_top.xdma_0_pcie4_ip_gt_gtwizard_gtye4_inst/gen_gtwizard_gtye4.gen_cpll_cal_gtye4.gen_cpll_cal_inst[1].gen_inst_cpll_cal.gtwizard_ultrascale_v1_7_22_gtye4_cpll_cal_inst/gtwizard_ultrascale_v1_7_22_gtye4_cpll_cal_tx_i/U_TXOUTCLK_FREQ_COUNTER/freq_cnt_o_reg[17]/D

Source Clock: u_pcie_xdma/inst/pcie4_ip_i/inst/xdma_0_pcie4_ip_gt_top_i/diablo_gt.diablo_gt_phy_wrapper/gt_wizard.gtwizard_top_i/xdma_0_pcie4_ip_gt_i/inst/gen_gtwizard_gtye4_top.xdma_0_pcie4_ip_gt_gtwizard_gtye4_inst/gen_gtwizard_gtye4.gen_cpll_cal_gtye4.gen_cpll_cal_inst[2].gen_inst_cpll_cal.gtwizard_ultrascale_v1_7_22_gtye4_cpll_cal_inst/gtwizard_ultrascale_v1_7_22_gtye4_cpll_cal_tx_i/bufg_gt_txoutclkmon_inst/O
Destination Clock: pcie_ref_clk
CDC Type: No Common Primary Clock

Row  ID      Severity  Description                                     Depth  Exception   Source (From)                                                                                                                                                                                                                                                                                                                                                                                                                          Destination (To)
---  ------  --------  ----------------------------------------------  -----  ----------  -------------------------------------------------------------------------------------------------------------------------------------------------------------------------------------------------------------------------------------------------------------------------------------------------------------------------------------------------------------------------------------------------------------------------------------  ------------------------------------------------------------------------------------------------------------------------------------------------------------------------------------------------------------------------------------------------------------------------------------------------------------------------------------------------------------------------------------------------------------------------------------
  1  CDC-15  Warning   Clock enable controlled CDC structure detected      0  False Path  u_pcie_xdma/inst/pcie4_ip_i/inst/xdma_0_pcie4_ip_gt_top_i/diablo_gt.diablo_gt_phy_wrapper/gt_wizard.gtwizard_top_i/xdma_0_pcie4_ip_gt_i/inst/gen_gtwizard_gtye4_top.xdma_0_pcie4_ip_gt_gtwizard_gtye4_inst/gen_gtwizard_gtye4.gen_cpll_cal_gtye4.gen_cpll_cal_inst[2].gen_inst_cpll_cal.gtwizard_ultrascale_v1_7_22_gtye4_cpll_cal_inst/gtwizard_ultrascale_v1_7_22_gtye4_cpll_cal_tx_i/U_TXOUTCLK_FREQ_COUNTER/testclk_cnt_reg[0]/C   u_pcie_xdma/inst/pcie4_ip_i/inst/xdma_0_pcie4_ip_gt_top_i/diablo_gt.diablo_gt_phy_wrapper/gt_wizard.gtwizard_top_i/xdma_0_pcie4_ip_gt_i/inst/gen_gtwizard_gtye4_top.xdma_0_pcie4_ip_gt_gtwizard_gtye4_inst/gen_gtwizard_gtye4.gen_cpll_cal_gtye4.gen_cpll_cal_inst[2].gen_inst_cpll_cal.gtwizard_ultrascale_v1_7_22_gtye4_cpll_cal_inst/gtwizard_ultrascale_v1_7_22_gtye4_cpll_cal_tx_i/U_TXOUTCLK_FREQ_COUNTER/freq_cnt_o_reg[0]/D
  2  CDC-15  Warning   Clock enable controlled CDC structure detected      0  False Path  u_pcie_xdma/inst/pcie4_ip_i/inst/xdma_0_pcie4_ip_gt_top_i/diablo_gt.diablo_gt_phy_wrapper/gt_wizard.gtwizard_top_i/xdma_0_pcie4_ip_gt_i/inst/gen_gtwizard_gtye4_top.xdma_0_pcie4_ip_gt_gtwizard_gtye4_inst/gen_gtwizard_gtye4.gen_cpll_cal_gtye4.gen_cpll_cal_inst[2].gen_inst_cpll_cal.gtwizard_ultrascale_v1_7_22_gtye4_cpll_cal_inst/gtwizard_ultrascale_v1_7_22_gtye4_cpll_cal_tx_i/U_TXOUTCLK_FREQ_COUNTER/testclk_cnt_reg[1]/C   u_pcie_xdma/inst/pcie4_ip_i/inst/xdma_0_pcie4_ip_gt_top_i/diablo_gt.diablo_gt_phy_wrapper/gt_wizard.gtwizard_top_i/xdma_0_pcie4_ip_gt_i/inst/gen_gtwizard_gtye4_top.xdma_0_pcie4_ip_gt_gtwizard_gtye4_inst/gen_gtwizard_gtye4.gen_cpll_cal_gtye4.gen_cpll_cal_inst[2].gen_inst_cpll_cal.gtwizard_ultrascale_v1_7_22_gtye4_cpll_cal_inst/gtwizard_ultrascale_v1_7_22_gtye4_cpll_cal_tx_i/U_TXOUTCLK_FREQ_COUNTER/freq_cnt_o_reg[1]/D
  3  CDC-15  Warning   Clock enable controlled CDC structure detected      0  False Path  u_pcie_xdma/inst/pcie4_ip_i/inst/xdma_0_pcie4_ip_gt_top_i/diablo_gt.diablo_gt_phy_wrapper/gt_wizard.gtwizard_top_i/xdma_0_pcie4_ip_gt_i/inst/gen_gtwizard_gtye4_top.xdma_0_pcie4_ip_gt_gtwizard_gtye4_inst/gen_gtwizard_gtye4.gen_cpll_cal_gtye4.gen_cpll_cal_inst[2].gen_inst_cpll_cal.gtwizard_ultrascale_v1_7_22_gtye4_cpll_cal_inst/gtwizard_ultrascale_v1_7_22_gtye4_cpll_cal_tx_i/U_TXOUTCLK_FREQ_COUNTER/testclk_cnt_reg[2]/C   u_pcie_xdma/inst/pcie4_ip_i/inst/xdma_0_pcie4_ip_gt_top_i/diablo_gt.diablo_gt_phy_wrapper/gt_wizard.gtwizard_top_i/xdma_0_pcie4_ip_gt_i/inst/gen_gtwizard_gtye4_top.xdma_0_pcie4_ip_gt_gtwizard_gtye4_inst/gen_gtwizard_gtye4.gen_cpll_cal_gtye4.gen_cpll_cal_inst[2].gen_inst_cpll_cal.gtwizard_ultrascale_v1_7_22_gtye4_cpll_cal_inst/gtwizard_ultrascale_v1_7_22_gtye4_cpll_cal_tx_i/U_TXOUTCLK_FREQ_COUNTER/freq_cnt_o_reg[2]/D
  4  CDC-15  Warning   Clock enable controlled CDC structure detected      0  False Path  u_pcie_xdma/inst/pcie4_ip_i/inst/xdma_0_pcie4_ip_gt_top_i/diablo_gt.diablo_gt_phy_wrapper/gt_wizard.gtwizard_top_i/xdma_0_pcie4_ip_gt_i/inst/gen_gtwizard_gtye4_top.xdma_0_pcie4_ip_gt_gtwizard_gtye4_inst/gen_gtwizard_gtye4.gen_cpll_cal_gtye4.gen_cpll_cal_inst[2].gen_inst_cpll_cal.gtwizard_ultrascale_v1_7_22_gtye4_cpll_cal_inst/gtwizard_ultrascale_v1_7_22_gtye4_cpll_cal_tx_i/U_TXOUTCLK_FREQ_COUNTER/testclk_cnt_reg[3]/C   u_pcie_xdma/inst/pcie4_ip_i/inst/xdma_0_pcie4_ip_gt_top_i/diablo_gt.diablo_gt_phy_wrapper/gt_wizard.gtwizard_top_i/xdma_0_pcie4_ip_gt_i/inst/gen_gtwizard_gtye4_top.xdma_0_pcie4_ip_gt_gtwizard_gtye4_inst/gen_gtwizard_gtye4.gen_cpll_cal_gtye4.gen_cpll_cal_inst[2].gen_inst_cpll_cal.gtwizard_ultrascale_v1_7_22_gtye4_cpll_cal_inst/gtwizard_ultrascale_v1_7_22_gtye4_cpll_cal_tx_i/U_TXOUTCLK_FREQ_COUNTER/freq_cnt_o_reg[3]/D
  5  CDC-15  Warning   Clock enable controlled CDC structure detected      0  False Path  u_pcie_xdma/inst/pcie4_ip_i/inst/xdma_0_pcie4_ip_gt_top_i/diablo_gt.diablo_gt_phy_wrapper/gt_wizard.gtwizard_top_i/xdma_0_pcie4_ip_gt_i/inst/gen_gtwizard_gtye4_top.xdma_0_pcie4_ip_gt_gtwizard_gtye4_inst/gen_gtwizard_gtye4.gen_cpll_cal_gtye4.gen_cpll_cal_inst[2].gen_inst_cpll_cal.gtwizard_ultrascale_v1_7_22_gtye4_cpll_cal_inst/gtwizard_ultrascale_v1_7_22_gtye4_cpll_cal_tx_i/U_TXOUTCLK_FREQ_COUNTER/testclk_cnt_reg[4]/C   u_pcie_xdma/inst/pcie4_ip_i/inst/xdma_0_pcie4_ip_gt_top_i/diablo_gt.diablo_gt_phy_wrapper/gt_wizard.gtwizard_top_i/xdma_0_pcie4_ip_gt_i/inst/gen_gtwizard_gtye4_top.xdma_0_pcie4_ip_gt_gtwizard_gtye4_inst/gen_gtwizard_gtye4.gen_cpll_cal_gtye4.gen_cpll_cal_inst[2].gen_inst_cpll_cal.gtwizard_ultrascale_v1_7_22_gtye4_cpll_cal_inst/gtwizard_ultrascale_v1_7_22_gtye4_cpll_cal_tx_i/U_TXOUTCLK_FREQ_COUNTER/freq_cnt_o_reg[4]/D
  6  CDC-15  Warning   Clock enable controlled CDC structure detected      0  False Path  u_pcie_xdma/inst/pcie4_ip_i/inst/xdma_0_pcie4_ip_gt_top_i/diablo_gt.diablo_gt_phy_wrapper/gt_wizard.gtwizard_top_i/xdma_0_pcie4_ip_gt_i/inst/gen_gtwizard_gtye4_top.xdma_0_pcie4_ip_gt_gtwizard_gtye4_inst/gen_gtwizard_gtye4.gen_cpll_cal_gtye4.gen_cpll_cal_inst[2].gen_inst_cpll_cal.gtwizard_ultrascale_v1_7_22_gtye4_cpll_cal_inst/gtwizard_ultrascale_v1_7_22_gtye4_cpll_cal_tx_i/U_TXOUTCLK_FREQ_COUNTER/testclk_cnt_reg[5]/C   u_pcie_xdma/inst/pcie4_ip_i/inst/xdma_0_pcie4_ip_gt_top_i/diablo_gt.diablo_gt_phy_wrapper/gt_wizard.gtwizard_top_i/xdma_0_pcie4_ip_gt_i/inst/gen_gtwizard_gtye4_top.xdma_0_pcie4_ip_gt_gtwizard_gtye4_inst/gen_gtwizard_gtye4.gen_cpll_cal_gtye4.gen_cpll_cal_inst[2].gen_inst_cpll_cal.gtwizard_ultrascale_v1_7_22_gtye4_cpll_cal_inst/gtwizard_ultrascale_v1_7_22_gtye4_cpll_cal_tx_i/U_TXOUTCLK_FREQ_COUNTER/freq_cnt_o_reg[5]/D
  7  CDC-15  Warning   Clock enable controlled CDC structure detected      0  False Path  u_pcie_xdma/inst/pcie4_ip_i/inst/xdma_0_pcie4_ip_gt_top_i/diablo_gt.diablo_gt_phy_wrapper/gt_wizard.gtwizard_top_i/xdma_0_pcie4_ip_gt_i/inst/gen_gtwizard_gtye4_top.xdma_0_pcie4_ip_gt_gtwizard_gtye4_inst/gen_gtwizard_gtye4.gen_cpll_cal_gtye4.gen_cpll_cal_inst[2].gen_inst_cpll_cal.gtwizard_ultrascale_v1_7_22_gtye4_cpll_cal_inst/gtwizard_ultrascale_v1_7_22_gtye4_cpll_cal_tx_i/U_TXOUTCLK_FREQ_COUNTER/testclk_cnt_reg[6]/C   u_pcie_xdma/inst/pcie4_ip_i/inst/xdma_0_pcie4_ip_gt_top_i/diablo_gt.diablo_gt_phy_wrapper/gt_wizard.gtwizard_top_i/xdma_0_pcie4_ip_gt_i/inst/gen_gtwizard_gtye4_top.xdma_0_pcie4_ip_gt_gtwizard_gtye4_inst/gen_gtwizard_gtye4.gen_cpll_cal_gtye4.gen_cpll_cal_inst[2].gen_inst_cpll_cal.gtwizard_ultrascale_v1_7_22_gtye4_cpll_cal_inst/gtwizard_ultrascale_v1_7_22_gtye4_cpll_cal_tx_i/U_TXOUTCLK_FREQ_COUNTER/freq_cnt_o_reg[6]/D
  8  CDC-15  Warning   Clock enable controlled CDC structure detected      0  False Path  u_pcie_xdma/inst/pcie4_ip_i/inst/xdma_0_pcie4_ip_gt_top_i/diablo_gt.diablo_gt_phy_wrapper/gt_wizard.gtwizard_top_i/xdma_0_pcie4_ip_gt_i/inst/gen_gtwizard_gtye4_top.xdma_0_pcie4_ip_gt_gtwizard_gtye4_inst/gen_gtwizard_gtye4.gen_cpll_cal_gtye4.gen_cpll_cal_inst[2].gen_inst_cpll_cal.gtwizard_ultrascale_v1_7_22_gtye4_cpll_cal_inst/gtwizard_ultrascale_v1_7_22_gtye4_cpll_cal_tx_i/U_TXOUTCLK_FREQ_COUNTER/testclk_cnt_reg[7]/C   u_pcie_xdma/inst/pcie4_ip_i/inst/xdma_0_pcie4_ip_gt_top_i/diablo_gt.diablo_gt_phy_wrapper/gt_wizard.gtwizard_top_i/xdma_0_pcie4_ip_gt_i/inst/gen_gtwizard_gtye4_top.xdma_0_pcie4_ip_gt_gtwizard_gtye4_inst/gen_gtwizard_gtye4.gen_cpll_cal_gtye4.gen_cpll_cal_inst[2].gen_inst_cpll_cal.gtwizard_ultrascale_v1_7_22_gtye4_cpll_cal_inst/gtwizard_ultrascale_v1_7_22_gtye4_cpll_cal_tx_i/U_TXOUTCLK_FREQ_COUNTER/freq_cnt_o_reg[7]/D
  9  CDC-15  Warning   Clock enable controlled CDC structure detected      0  False Path  u_pcie_xdma/inst/pcie4_ip_i/inst/xdma_0_pcie4_ip_gt_top_i/diablo_gt.diablo_gt_phy_wrapper/gt_wizard.gtwizard_top_i/xdma_0_pcie4_ip_gt_i/inst/gen_gtwizard_gtye4_top.xdma_0_pcie4_ip_gt_gtwizard_gtye4_inst/gen_gtwizard_gtye4.gen_cpll_cal_gtye4.gen_cpll_cal_inst[2].gen_inst_cpll_cal.gtwizard_ultrascale_v1_7_22_gtye4_cpll_cal_inst/gtwizard_ultrascale_v1_7_22_gtye4_cpll_cal_tx_i/U_TXOUTCLK_FREQ_COUNTER/testclk_cnt_reg[8]/C   u_pcie_xdma/inst/pcie4_ip_i/inst/xdma_0_pcie4_ip_gt_top_i/diablo_gt.diablo_gt_phy_wrapper/gt_wizard.gtwizard_top_i/xdma_0_pcie4_ip_gt_i/inst/gen_gtwizard_gtye4_top.xdma_0_pcie4_ip_gt_gtwizard_gtye4_inst/gen_gtwizard_gtye4.gen_cpll_cal_gtye4.gen_cpll_cal_inst[2].gen_inst_cpll_cal.gtwizard_ultrascale_v1_7_22_gtye4_cpll_cal_inst/gtwizard_ultrascale_v1_7_22_gtye4_cpll_cal_tx_i/U_TXOUTCLK_FREQ_COUNTER/freq_cnt_o_reg[8]/D
 10  CDC-15  Warning   Clock enable controlled CDC structure detected      0  False Path  u_pcie_xdma/inst/pcie4_ip_i/inst/xdma_0_pcie4_ip_gt_top_i/diablo_gt.diablo_gt_phy_wrapper/gt_wizard.gtwizard_top_i/xdma_0_pcie4_ip_gt_i/inst/gen_gtwizard_gtye4_top.xdma_0_pcie4_ip_gt_gtwizard_gtye4_inst/gen_gtwizard_gtye4.gen_cpll_cal_gtye4.gen_cpll_cal_inst[2].gen_inst_cpll_cal.gtwizard_ultrascale_v1_7_22_gtye4_cpll_cal_inst/gtwizard_ultrascale_v1_7_22_gtye4_cpll_cal_tx_i/U_TXOUTCLK_FREQ_COUNTER/testclk_cnt_reg[9]/C   u_pcie_xdma/inst/pcie4_ip_i/inst/xdma_0_pcie4_ip_gt_top_i/diablo_gt.diablo_gt_phy_wrapper/gt_wizard.gtwizard_top_i/xdma_0_pcie4_ip_gt_i/inst/gen_gtwizard_gtye4_top.xdma_0_pcie4_ip_gt_gtwizard_gtye4_inst/gen_gtwizard_gtye4.gen_cpll_cal_gtye4.gen_cpll_cal_inst[2].gen_inst_cpll_cal.gtwizard_ultrascale_v1_7_22_gtye4_cpll_cal_inst/gtwizard_ultrascale_v1_7_22_gtye4_cpll_cal_tx_i/U_TXOUTCLK_FREQ_COUNTER/freq_cnt_o_reg[9]/D
 11  CDC-15  Warning   Clock enable controlled CDC structure detected      0  False Path  u_pcie_xdma/inst/pcie4_ip_i/inst/xdma_0_pcie4_ip_gt_top_i/diablo_gt.diablo_gt_phy_wrapper/gt_wizard.gtwizard_top_i/xdma_0_pcie4_ip_gt_i/inst/gen_gtwizard_gtye4_top.xdma_0_pcie4_ip_gt_gtwizard_gtye4_inst/gen_gtwizard_gtye4.gen_cpll_cal_gtye4.gen_cpll_cal_inst[2].gen_inst_cpll_cal.gtwizard_ultrascale_v1_7_22_gtye4_cpll_cal_inst/gtwizard_ultrascale_v1_7_22_gtye4_cpll_cal_tx_i/U_TXOUTCLK_FREQ_COUNTER/testclk_cnt_reg[10]/C  u_pcie_xdma/inst/pcie4_ip_i/inst/xdma_0_pcie4_ip_gt_top_i/diablo_gt.diablo_gt_phy_wrapper/gt_wizard.gtwizard_top_i/xdma_0_pcie4_ip_gt_i/inst/gen_gtwizard_gtye4_top.xdma_0_pcie4_ip_gt_gtwizard_gtye4_inst/gen_gtwizard_gtye4.gen_cpll_cal_gtye4.gen_cpll_cal_inst[2].gen_inst_cpll_cal.gtwizard_ultrascale_v1_7_22_gtye4_cpll_cal_inst/gtwizard_ultrascale_v1_7_22_gtye4_cpll_cal_tx_i/U_TXOUTCLK_FREQ_COUNTER/freq_cnt_o_reg[10]/D
 12  CDC-15  Warning   Clock enable controlled CDC structure detected      0  False Path  u_pcie_xdma/inst/pcie4_ip_i/inst/xdma_0_pcie4_ip_gt_top_i/diablo_gt.diablo_gt_phy_wrapper/gt_wizard.gtwizard_top_i/xdma_0_pcie4_ip_gt_i/inst/gen_gtwizard_gtye4_top.xdma_0_pcie4_ip_gt_gtwizard_gtye4_inst/gen_gtwizard_gtye4.gen_cpll_cal_gtye4.gen_cpll_cal_inst[2].gen_inst_cpll_cal.gtwizard_ultrascale_v1_7_22_gtye4_cpll_cal_inst/gtwizard_ultrascale_v1_7_22_gtye4_cpll_cal_tx_i/U_TXOUTCLK_FREQ_COUNTER/testclk_cnt_reg[11]/C  u_pcie_xdma/inst/pcie4_ip_i/inst/xdma_0_pcie4_ip_gt_top_i/diablo_gt.diablo_gt_phy_wrapper/gt_wizard.gtwizard_top_i/xdma_0_pcie4_ip_gt_i/inst/gen_gtwizard_gtye4_top.xdma_0_pcie4_ip_gt_gtwizard_gtye4_inst/gen_gtwizard_gtye4.gen_cpll_cal_gtye4.gen_cpll_cal_inst[2].gen_inst_cpll_cal.gtwizard_ultrascale_v1_7_22_gtye4_cpll_cal_inst/gtwizard_ultrascale_v1_7_22_gtye4_cpll_cal_tx_i/U_TXOUTCLK_FREQ_COUNTER/freq_cnt_o_reg[11]/D
 13  CDC-15  Warning   Clock enable controlled CDC structure detected      0  False Path  u_pcie_xdma/inst/pcie4_ip_i/inst/xdma_0_pcie4_ip_gt_top_i/diablo_gt.diablo_gt_phy_wrapper/gt_wizard.gtwizard_top_i/xdma_0_pcie4_ip_gt_i/inst/gen_gtwizard_gtye4_top.xdma_0_pcie4_ip_gt_gtwizard_gtye4_inst/gen_gtwizard_gtye4.gen_cpll_cal_gtye4.gen_cpll_cal_inst[2].gen_inst_cpll_cal.gtwizard_ultrascale_v1_7_22_gtye4_cpll_cal_inst/gtwizard_ultrascale_v1_7_22_gtye4_cpll_cal_tx_i/U_TXOUTCLK_FREQ_COUNTER/testclk_cnt_reg[12]/C  u_pcie_xdma/inst/pcie4_ip_i/inst/xdma_0_pcie4_ip_gt_top_i/diablo_gt.diablo_gt_phy_wrapper/gt_wizard.gtwizard_top_i/xdma_0_pcie4_ip_gt_i/inst/gen_gtwizard_gtye4_top.xdma_0_pcie4_ip_gt_gtwizard_gtye4_inst/gen_gtwizard_gtye4.gen_cpll_cal_gtye4.gen_cpll_cal_inst[2].gen_inst_cpll_cal.gtwizard_ultrascale_v1_7_22_gtye4_cpll_cal_inst/gtwizard_ultrascale_v1_7_22_gtye4_cpll_cal_tx_i/U_TXOUTCLK_FREQ_COUNTER/freq_cnt_o_reg[12]/D
 14  CDC-15  Warning   Clock enable controlled CDC structure detected      0  False Path  u_pcie_xdma/inst/pcie4_ip_i/inst/xdma_0_pcie4_ip_gt_top_i/diablo_gt.diablo_gt_phy_wrapper/gt_wizard.gtwizard_top_i/xdma_0_pcie4_ip_gt_i/inst/gen_gtwizard_gtye4_top.xdma_0_pcie4_ip_gt_gtwizard_gtye4_inst/gen_gtwizard_gtye4.gen_cpll_cal_gtye4.gen_cpll_cal_inst[2].gen_inst_cpll_cal.gtwizard_ultrascale_v1_7_22_gtye4_cpll_cal_inst/gtwizard_ultrascale_v1_7_22_gtye4_cpll_cal_tx_i/U_TXOUTCLK_FREQ_COUNTER/testclk_cnt_reg[13]/C  u_pcie_xdma/inst/pcie4_ip_i/inst/xdma_0_pcie4_ip_gt_top_i/diablo_gt.diablo_gt_phy_wrapper/gt_wizard.gtwizard_top_i/xdma_0_pcie4_ip_gt_i/inst/gen_gtwizard_gtye4_top.xdma_0_pcie4_ip_gt_gtwizard_gtye4_inst/gen_gtwizard_gtye4.gen_cpll_cal_gtye4.gen_cpll_cal_inst[2].gen_inst_cpll_cal.gtwizard_ultrascale_v1_7_22_gtye4_cpll_cal_inst/gtwizard_ultrascale_v1_7_22_gtye4_cpll_cal_tx_i/U_TXOUTCLK_FREQ_COUNTER/freq_cnt_o_reg[13]/D
 15  CDC-15  Warning   Clock enable controlled CDC structure detected      0  False Path  u_pcie_xdma/inst/pcie4_ip_i/inst/xdma_0_pcie4_ip_gt_top_i/diablo_gt.diablo_gt_phy_wrapper/gt_wizard.gtwizard_top_i/xdma_0_pcie4_ip_gt_i/inst/gen_gtwizard_gtye4_top.xdma_0_pcie4_ip_gt_gtwizard_gtye4_inst/gen_gtwizard_gtye4.gen_cpll_cal_gtye4.gen_cpll_cal_inst[2].gen_inst_cpll_cal.gtwizard_ultrascale_v1_7_22_gtye4_cpll_cal_inst/gtwizard_ultrascale_v1_7_22_gtye4_cpll_cal_tx_i/U_TXOUTCLK_FREQ_COUNTER/testclk_cnt_reg[14]/C  u_pcie_xdma/inst/pcie4_ip_i/inst/xdma_0_pcie4_ip_gt_top_i/diablo_gt.diablo_gt_phy_wrapper/gt_wizard.gtwizard_top_i/xdma_0_pcie4_ip_gt_i/inst/gen_gtwizard_gtye4_top.xdma_0_pcie4_ip_gt_gtwizard_gtye4_inst/gen_gtwizard_gtye4.gen_cpll_cal_gtye4.gen_cpll_cal_inst[2].gen_inst_cpll_cal.gtwizard_ultrascale_v1_7_22_gtye4_cpll_cal_inst/gtwizard_ultrascale_v1_7_22_gtye4_cpll_cal_tx_i/U_TXOUTCLK_FREQ_COUNTER/freq_cnt_o_reg[14]/D
 16  CDC-15  Warning   Clock enable controlled CDC structure detected      0  False Path  u_pcie_xdma/inst/pcie4_ip_i/inst/xdma_0_pcie4_ip_gt_top_i/diablo_gt.diablo_gt_phy_wrapper/gt_wizard.gtwizard_top_i/xdma_0_pcie4_ip_gt_i/inst/gen_gtwizard_gtye4_top.xdma_0_pcie4_ip_gt_gtwizard_gtye4_inst/gen_gtwizard_gtye4.gen_cpll_cal_gtye4.gen_cpll_cal_inst[2].gen_inst_cpll_cal.gtwizard_ultrascale_v1_7_22_gtye4_cpll_cal_inst/gtwizard_ultrascale_v1_7_22_gtye4_cpll_cal_tx_i/U_TXOUTCLK_FREQ_COUNTER/testclk_cnt_reg[15]/C  u_pcie_xdma/inst/pcie4_ip_i/inst/xdma_0_pcie4_ip_gt_top_i/diablo_gt.diablo_gt_phy_wrapper/gt_wizard.gtwizard_top_i/xdma_0_pcie4_ip_gt_i/inst/gen_gtwizard_gtye4_top.xdma_0_pcie4_ip_gt_gtwizard_gtye4_inst/gen_gtwizard_gtye4.gen_cpll_cal_gtye4.gen_cpll_cal_inst[2].gen_inst_cpll_cal.gtwizard_ultrascale_v1_7_22_gtye4_cpll_cal_inst/gtwizard_ultrascale_v1_7_22_gtye4_cpll_cal_tx_i/U_TXOUTCLK_FREQ_COUNTER/freq_cnt_o_reg[15]/D
 17  CDC-15  Warning   Clock enable controlled CDC structure detected      0  False Path  u_pcie_xdma/inst/pcie4_ip_i/inst/xdma_0_pcie4_ip_gt_top_i/diablo_gt.diablo_gt_phy_wrapper/gt_wizard.gtwizard_top_i/xdma_0_pcie4_ip_gt_i/inst/gen_gtwizard_gtye4_top.xdma_0_pcie4_ip_gt_gtwizard_gtye4_inst/gen_gtwizard_gtye4.gen_cpll_cal_gtye4.gen_cpll_cal_inst[2].gen_inst_cpll_cal.gtwizard_ultrascale_v1_7_22_gtye4_cpll_cal_inst/gtwizard_ultrascale_v1_7_22_gtye4_cpll_cal_tx_i/U_TXOUTCLK_FREQ_COUNTER/testclk_cnt_reg[16]/C  u_pcie_xdma/inst/pcie4_ip_i/inst/xdma_0_pcie4_ip_gt_top_i/diablo_gt.diablo_gt_phy_wrapper/gt_wizard.gtwizard_top_i/xdma_0_pcie4_ip_gt_i/inst/gen_gtwizard_gtye4_top.xdma_0_pcie4_ip_gt_gtwizard_gtye4_inst/gen_gtwizard_gtye4.gen_cpll_cal_gtye4.gen_cpll_cal_inst[2].gen_inst_cpll_cal.gtwizard_ultrascale_v1_7_22_gtye4_cpll_cal_inst/gtwizard_ultrascale_v1_7_22_gtye4_cpll_cal_tx_i/U_TXOUTCLK_FREQ_COUNTER/freq_cnt_o_reg[16]/D
 18  CDC-15  Warning   Clock enable controlled CDC structure detected      0  False Path  u_pcie_xdma/inst/pcie4_ip_i/inst/xdma_0_pcie4_ip_gt_top_i/diablo_gt.diablo_gt_phy_wrapper/gt_wizard.gtwizard_top_i/xdma_0_pcie4_ip_gt_i/inst/gen_gtwizard_gtye4_top.xdma_0_pcie4_ip_gt_gtwizard_gtye4_inst/gen_gtwizard_gtye4.gen_cpll_cal_gtye4.gen_cpll_cal_inst[2].gen_inst_cpll_cal.gtwizard_ultrascale_v1_7_22_gtye4_cpll_cal_inst/gtwizard_ultrascale_v1_7_22_gtye4_cpll_cal_tx_i/U_TXOUTCLK_FREQ_COUNTER/testclk_cnt_reg[17]/C  u_pcie_xdma/inst/pcie4_ip_i/inst/xdma_0_pcie4_ip_gt_top_i/diablo_gt.diablo_gt_phy_wrapper/gt_wizard.gtwizard_top_i/xdma_0_pcie4_ip_gt_i/inst/gen_gtwizard_gtye4_top.xdma_0_pcie4_ip_gt_gtwizard_gtye4_inst/gen_gtwizard_gtye4.gen_cpll_cal_gtye4.gen_cpll_cal_inst[2].gen_inst_cpll_cal.gtwizard_ultrascale_v1_7_22_gtye4_cpll_cal_inst/gtwizard_ultrascale_v1_7_22_gtye4_cpll_cal_tx_i/U_TXOUTCLK_FREQ_COUNTER/freq_cnt_o_reg[17]/D

Source Clock: u_pcie_xdma/inst/pcie4_ip_i/inst/xdma_0_pcie4_ip_gt_top_i/diablo_gt.diablo_gt_phy_wrapper/gt_wizard.gtwizard_top_i/xdma_0_pcie4_ip_gt_i/inst/gen_gtwizard_gtye4_top.xdma_0_pcie4_ip_gt_gtwizard_gtye4_inst/gen_gtwizard_gtye4.gen_cpll_cal_gtye4.gen_cpll_cal_inst[3].gen_inst_cpll_cal.gtwizard_ultrascale_v1_7_22_gtye4_cpll_cal_inst/gtwizard_ultrascale_v1_7_22_gtye4_cpll_cal_tx_i/bufg_gt_txoutclkmon_inst/O
Destination Clock: pcie_ref_clk
CDC Type: No Common Primary Clock

Row  ID      Severity  Description                                     Depth  Exception   Source (From)                                                                                                                                                                                                                                                                                                                                                                                                                          Destination (To)
---  ------  --------  ----------------------------------------------  -----  ----------  -------------------------------------------------------------------------------------------------------------------------------------------------------------------------------------------------------------------------------------------------------------------------------------------------------------------------------------------------------------------------------------------------------------------------------------  ------------------------------------------------------------------------------------------------------------------------------------------------------------------------------------------------------------------------------------------------------------------------------------------------------------------------------------------------------------------------------------------------------------------------------------
  1  CDC-15  Warning   Clock enable controlled CDC structure detected      0  False Path  u_pcie_xdma/inst/pcie4_ip_i/inst/xdma_0_pcie4_ip_gt_top_i/diablo_gt.diablo_gt_phy_wrapper/gt_wizard.gtwizard_top_i/xdma_0_pcie4_ip_gt_i/inst/gen_gtwizard_gtye4_top.xdma_0_pcie4_ip_gt_gtwizard_gtye4_inst/gen_gtwizard_gtye4.gen_cpll_cal_gtye4.gen_cpll_cal_inst[3].gen_inst_cpll_cal.gtwizard_ultrascale_v1_7_22_gtye4_cpll_cal_inst/gtwizard_ultrascale_v1_7_22_gtye4_cpll_cal_tx_i/U_TXOUTCLK_FREQ_COUNTER/testclk_cnt_reg[0]/C   u_pcie_xdma/inst/pcie4_ip_i/inst/xdma_0_pcie4_ip_gt_top_i/diablo_gt.diablo_gt_phy_wrapper/gt_wizard.gtwizard_top_i/xdma_0_pcie4_ip_gt_i/inst/gen_gtwizard_gtye4_top.xdma_0_pcie4_ip_gt_gtwizard_gtye4_inst/gen_gtwizard_gtye4.gen_cpll_cal_gtye4.gen_cpll_cal_inst[3].gen_inst_cpll_cal.gtwizard_ultrascale_v1_7_22_gtye4_cpll_cal_inst/gtwizard_ultrascale_v1_7_22_gtye4_cpll_cal_tx_i/U_TXOUTCLK_FREQ_COUNTER/freq_cnt_o_reg[0]/D
  2  CDC-15  Warning   Clock enable controlled CDC structure detected      0  False Path  u_pcie_xdma/inst/pcie4_ip_i/inst/xdma_0_pcie4_ip_gt_top_i/diablo_gt.diablo_gt_phy_wrapper/gt_wizard.gtwizard_top_i/xdma_0_pcie4_ip_gt_i/inst/gen_gtwizard_gtye4_top.xdma_0_pcie4_ip_gt_gtwizard_gtye4_inst/gen_gtwizard_gtye4.gen_cpll_cal_gtye4.gen_cpll_cal_inst[3].gen_inst_cpll_cal.gtwizard_ultrascale_v1_7_22_gtye4_cpll_cal_inst/gtwizard_ultrascale_v1_7_22_gtye4_cpll_cal_tx_i/U_TXOUTCLK_FREQ_COUNTER/testclk_cnt_reg[1]/C   u_pcie_xdma/inst/pcie4_ip_i/inst/xdma_0_pcie4_ip_gt_top_i/diablo_gt.diablo_gt_phy_wrapper/gt_wizard.gtwizard_top_i/xdma_0_pcie4_ip_gt_i/inst/gen_gtwizard_gtye4_top.xdma_0_pcie4_ip_gt_gtwizard_gtye4_inst/gen_gtwizard_gtye4.gen_cpll_cal_gtye4.gen_cpll_cal_inst[3].gen_inst_cpll_cal.gtwizard_ultrascale_v1_7_22_gtye4_cpll_cal_inst/gtwizard_ultrascale_v1_7_22_gtye4_cpll_cal_tx_i/U_TXOUTCLK_FREQ_COUNTER/freq_cnt_o_reg[1]/D
  3  CDC-15  Warning   Clock enable controlled CDC structure detected      0  False Path  u_pcie_xdma/inst/pcie4_ip_i/inst/xdma_0_pcie4_ip_gt_top_i/diablo_gt.diablo_gt_phy_wrapper/gt_wizard.gtwizard_top_i/xdma_0_pcie4_ip_gt_i/inst/gen_gtwizard_gtye4_top.xdma_0_pcie4_ip_gt_gtwizard_gtye4_inst/gen_gtwizard_gtye4.gen_cpll_cal_gtye4.gen_cpll_cal_inst[3].gen_inst_cpll_cal.gtwizard_ultrascale_v1_7_22_gtye4_cpll_cal_inst/gtwizard_ultrascale_v1_7_22_gtye4_cpll_cal_tx_i/U_TXOUTCLK_FREQ_COUNTER/testclk_cnt_reg[2]/C   u_pcie_xdma/inst/pcie4_ip_i/inst/xdma_0_pcie4_ip_gt_top_i/diablo_gt.diablo_gt_phy_wrapper/gt_wizard.gtwizard_top_i/xdma_0_pcie4_ip_gt_i/inst/gen_gtwizard_gtye4_top.xdma_0_pcie4_ip_gt_gtwizard_gtye4_inst/gen_gtwizard_gtye4.gen_cpll_cal_gtye4.gen_cpll_cal_inst[3].gen_inst_cpll_cal.gtwizard_ultrascale_v1_7_22_gtye4_cpll_cal_inst/gtwizard_ultrascale_v1_7_22_gtye4_cpll_cal_tx_i/U_TXOUTCLK_FREQ_COUNTER/freq_cnt_o_reg[2]/D
  4  CDC-15  Warning   Clock enable controlled CDC structure detected      0  False Path  u_pcie_xdma/inst/pcie4_ip_i/inst/xdma_0_pcie4_ip_gt_top_i/diablo_gt.diablo_gt_phy_wrapper/gt_wizard.gtwizard_top_i/xdma_0_pcie4_ip_gt_i/inst/gen_gtwizard_gtye4_top.xdma_0_pcie4_ip_gt_gtwizard_gtye4_inst/gen_gtwizard_gtye4.gen_cpll_cal_gtye4.gen_cpll_cal_inst[3].gen_inst_cpll_cal.gtwizard_ultrascale_v1_7_22_gtye4_cpll_cal_inst/gtwizard_ultrascale_v1_7_22_gtye4_cpll_cal_tx_i/U_TXOUTCLK_FREQ_COUNTER/testclk_cnt_reg[3]/C   u_pcie_xdma/inst/pcie4_ip_i/inst/xdma_0_pcie4_ip_gt_top_i/diablo_gt.diablo_gt_phy_wrapper/gt_wizard.gtwizard_top_i/xdma_0_pcie4_ip_gt_i/inst/gen_gtwizard_gtye4_top.xdma_0_pcie4_ip_gt_gtwizard_gtye4_inst/gen_gtwizard_gtye4.gen_cpll_cal_gtye4.gen_cpll_cal_inst[3].gen_inst_cpll_cal.gtwizard_ultrascale_v1_7_22_gtye4_cpll_cal_inst/gtwizard_ultrascale_v1_7_22_gtye4_cpll_cal_tx_i/U_TXOUTCLK_FREQ_COUNTER/freq_cnt_o_reg[3]/D
  5  CDC-15  Warning   Clock enable controlled CDC structure detected      0  False Path  u_pcie_xdma/inst/pcie4_ip_i/inst/xdma_0_pcie4_ip_gt_top_i/diablo_gt.diablo_gt_phy_wrapper/gt_wizard.gtwizard_top_i/xdma_0_pcie4_ip_gt_i/inst/gen_gtwizard_gtye4_top.xdma_0_pcie4_ip_gt_gtwizard_gtye4_inst/gen_gtwizard_gtye4.gen_cpll_cal_gtye4.gen_cpll_cal_inst[3].gen_inst_cpll_cal.gtwizard_ultrascale_v1_7_22_gtye4_cpll_cal_inst/gtwizard_ultrascale_v1_7_22_gtye4_cpll_cal_tx_i/U_TXOUTCLK_FREQ_COUNTER/testclk_cnt_reg[4]/C   u_pcie_xdma/inst/pcie4_ip_i/inst/xdma_0_pcie4_ip_gt_top_i/diablo_gt.diablo_gt_phy_wrapper/gt_wizard.gtwizard_top_i/xdma_0_pcie4_ip_gt_i/inst/gen_gtwizard_gtye4_top.xdma_0_pcie4_ip_gt_gtwizard_gtye4_inst/gen_gtwizard_gtye4.gen_cpll_cal_gtye4.gen_cpll_cal_inst[3].gen_inst_cpll_cal.gtwizard_ultrascale_v1_7_22_gtye4_cpll_cal_inst/gtwizard_ultrascale_v1_7_22_gtye4_cpll_cal_tx_i/U_TXOUTCLK_FREQ_COUNTER/freq_cnt_o_reg[4]/D
  6  CDC-15  Warning   Clock enable controlled CDC structure detected      0  False Path  u_pcie_xdma/inst/pcie4_ip_i/inst/xdma_0_pcie4_ip_gt_top_i/diablo_gt.diablo_gt_phy_wrapper/gt_wizard.gtwizard_top_i/xdma_0_pcie4_ip_gt_i/inst/gen_gtwizard_gtye4_top.xdma_0_pcie4_ip_gt_gtwizard_gtye4_inst/gen_gtwizard_gtye4.gen_cpll_cal_gtye4.gen_cpll_cal_inst[3].gen_inst_cpll_cal.gtwizard_ultrascale_v1_7_22_gtye4_cpll_cal_inst/gtwizard_ultrascale_v1_7_22_gtye4_cpll_cal_tx_i/U_TXOUTCLK_FREQ_COUNTER/testclk_cnt_reg[5]/C   u_pcie_xdma/inst/pcie4_ip_i/inst/xdma_0_pcie4_ip_gt_top_i/diablo_gt.diablo_gt_phy_wrapper/gt_wizard.gtwizard_top_i/xdma_0_pcie4_ip_gt_i/inst/gen_gtwizard_gtye4_top.xdma_0_pcie4_ip_gt_gtwizard_gtye4_inst/gen_gtwizard_gtye4.gen_cpll_cal_gtye4.gen_cpll_cal_inst[3].gen_inst_cpll_cal.gtwizard_ultrascale_v1_7_22_gtye4_cpll_cal_inst/gtwizard_ultrascale_v1_7_22_gtye4_cpll_cal_tx_i/U_TXOUTCLK_FREQ_COUNTER/freq_cnt_o_reg[5]/D
  7  CDC-15  Warning   Clock enable controlled CDC structure detected      0  False Path  u_pcie_xdma/inst/pcie4_ip_i/inst/xdma_0_pcie4_ip_gt_top_i/diablo_gt.diablo_gt_phy_wrapper/gt_wizard.gtwizard_top_i/xdma_0_pcie4_ip_gt_i/inst/gen_gtwizard_gtye4_top.xdma_0_pcie4_ip_gt_gtwizard_gtye4_inst/gen_gtwizard_gtye4.gen_cpll_cal_gtye4.gen_cpll_cal_inst[3].gen_inst_cpll_cal.gtwizard_ultrascale_v1_7_22_gtye4_cpll_cal_inst/gtwizard_ultrascale_v1_7_22_gtye4_cpll_cal_tx_i/U_TXOUTCLK_FREQ_COUNTER/testclk_cnt_reg[6]/C   u_pcie_xdma/inst/pcie4_ip_i/inst/xdma_0_pcie4_ip_gt_top_i/diablo_gt.diablo_gt_phy_wrapper/gt_wizard.gtwizard_top_i/xdma_0_pcie4_ip_gt_i/inst/gen_gtwizard_gtye4_top.xdma_0_pcie4_ip_gt_gtwizard_gtye4_inst/gen_gtwizard_gtye4.gen_cpll_cal_gtye4.gen_cpll_cal_inst[3].gen_inst_cpll_cal.gtwizard_ultrascale_v1_7_22_gtye4_cpll_cal_inst/gtwizard_ultrascale_v1_7_22_gtye4_cpll_cal_tx_i/U_TXOUTCLK_FREQ_COUNTER/freq_cnt_o_reg[6]/D
  8  CDC-15  Warning   Clock enable controlled CDC structure detected      0  False Path  u_pcie_xdma/inst/pcie4_ip_i/inst/xdma_0_pcie4_ip_gt_top_i/diablo_gt.diablo_gt_phy_wrapper/gt_wizard.gtwizard_top_i/xdma_0_pcie4_ip_gt_i/inst/gen_gtwizard_gtye4_top.xdma_0_pcie4_ip_gt_gtwizard_gtye4_inst/gen_gtwizard_gtye4.gen_cpll_cal_gtye4.gen_cpll_cal_inst[3].gen_inst_cpll_cal.gtwizard_ultrascale_v1_7_22_gtye4_cpll_cal_inst/gtwizard_ultrascale_v1_7_22_gtye4_cpll_cal_tx_i/U_TXOUTCLK_FREQ_COUNTER/testclk_cnt_reg[7]/C   u_pcie_xdma/inst/pcie4_ip_i/inst/xdma_0_pcie4_ip_gt_top_i/diablo_gt.diablo_gt_phy_wrapper/gt_wizard.gtwizard_top_i/xdma_0_pcie4_ip_gt_i/inst/gen_gtwizard_gtye4_top.xdma_0_pcie4_ip_gt_gtwizard_gtye4_inst/gen_gtwizard_gtye4.gen_cpll_cal_gtye4.gen_cpll_cal_inst[3].gen_inst_cpll_cal.gtwizard_ultrascale_v1_7_22_gtye4_cpll_cal_inst/gtwizard_ultrascale_v1_7_22_gtye4_cpll_cal_tx_i/U_TXOUTCLK_FREQ_COUNTER/freq_cnt_o_reg[7]/D
  9  CDC-15  Warning   Clock enable controlled CDC structure detected      0  False Path  u_pcie_xdma/inst/pcie4_ip_i/inst/xdma_0_pcie4_ip_gt_top_i/diablo_gt.diablo_gt_phy_wrapper/gt_wizard.gtwizard_top_i/xdma_0_pcie4_ip_gt_i/inst/gen_gtwizard_gtye4_top.xdma_0_pcie4_ip_gt_gtwizard_gtye4_inst/gen_gtwizard_gtye4.gen_cpll_cal_gtye4.gen_cpll_cal_inst[3].gen_inst_cpll_cal.gtwizard_ultrascale_v1_7_22_gtye4_cpll_cal_inst/gtwizard_ultrascale_v1_7_22_gtye4_cpll_cal_tx_i/U_TXOUTCLK_FREQ_COUNTER/testclk_cnt_reg[8]/C   u_pcie_xdma/inst/pcie4_ip_i/inst/xdma_0_pcie4_ip_gt_top_i/diablo_gt.diablo_gt_phy_wrapper/gt_wizard.gtwizard_top_i/xdma_0_pcie4_ip_gt_i/inst/gen_gtwizard_gtye4_top.xdma_0_pcie4_ip_gt_gtwizard_gtye4_inst/gen_gtwizard_gtye4.gen_cpll_cal_gtye4.gen_cpll_cal_inst[3].gen_inst_cpll_cal.gtwizard_ultrascale_v1_7_22_gtye4_cpll_cal_inst/gtwizard_ultrascale_v1_7_22_gtye4_cpll_cal_tx_i/U_TXOUTCLK_FREQ_COUNTER/freq_cnt_o_reg[8]/D
 10  CDC-15  Warning   Clock enable controlled CDC structure detected      0  False Path  u_pcie_xdma/inst/pcie4_ip_i/inst/xdma_0_pcie4_ip_gt_top_i/diablo_gt.diablo_gt_phy_wrapper/gt_wizard.gtwizard_top_i/xdma_0_pcie4_ip_gt_i/inst/gen_gtwizard_gtye4_top.xdma_0_pcie4_ip_gt_gtwizard_gtye4_inst/gen_gtwizard_gtye4.gen_cpll_cal_gtye4.gen_cpll_cal_inst[3].gen_inst_cpll_cal.gtwizard_ultrascale_v1_7_22_gtye4_cpll_cal_inst/gtwizard_ultrascale_v1_7_22_gtye4_cpll_cal_tx_i/U_TXOUTCLK_FREQ_COUNTER/testclk_cnt_reg[9]/C   u_pcie_xdma/inst/pcie4_ip_i/inst/xdma_0_pcie4_ip_gt_top_i/diablo_gt.diablo_gt_phy_wrapper/gt_wizard.gtwizard_top_i/xdma_0_pcie4_ip_gt_i/inst/gen_gtwizard_gtye4_top.xdma_0_pcie4_ip_gt_gtwizard_gtye4_inst/gen_gtwizard_gtye4.gen_cpll_cal_gtye4.gen_cpll_cal_inst[3].gen_inst_cpll_cal.gtwizard_ultrascale_v1_7_22_gtye4_cpll_cal_inst/gtwizard_ultrascale_v1_7_22_gtye4_cpll_cal_tx_i/U_TXOUTCLK_FREQ_COUNTER/freq_cnt_o_reg[9]/D
 11  CDC-15  Warning   Clock enable controlled CDC structure detected      0  False Path  u_pcie_xdma/inst/pcie4_ip_i/inst/xdma_0_pcie4_ip_gt_top_i/diablo_gt.diablo_gt_phy_wrapper/gt_wizard.gtwizard_top_i/xdma_0_pcie4_ip_gt_i/inst/gen_gtwizard_gtye4_top.xdma_0_pcie4_ip_gt_gtwizard_gtye4_inst/gen_gtwizard_gtye4.gen_cpll_cal_gtye4.gen_cpll_cal_inst[3].gen_inst_cpll_cal.gtwizard_ultrascale_v1_7_22_gtye4_cpll_cal_inst/gtwizard_ultrascale_v1_7_22_gtye4_cpll_cal_tx_i/U_TXOUTCLK_FREQ_COUNTER/testclk_cnt_reg[10]/C  u_pcie_xdma/inst/pcie4_ip_i/inst/xdma_0_pcie4_ip_gt_top_i/diablo_gt.diablo_gt_phy_wrapper/gt_wizard.gtwizard_top_i/xdma_0_pcie4_ip_gt_i/inst/gen_gtwizard_gtye4_top.xdma_0_pcie4_ip_gt_gtwizard_gtye4_inst/gen_gtwizard_gtye4.gen_cpll_cal_gtye4.gen_cpll_cal_inst[3].gen_inst_cpll_cal.gtwizard_ultrascale_v1_7_22_gtye4_cpll_cal_inst/gtwizard_ultrascale_v1_7_22_gtye4_cpll_cal_tx_i/U_TXOUTCLK_FREQ_COUNTER/freq_cnt_o_reg[10]/D
 12  CDC-15  Warning   Clock enable controlled CDC structure detected      0  False Path  u_pcie_xdma/inst/pcie4_ip_i/inst/xdma_0_pcie4_ip_gt_top_i/diablo_gt.diablo_gt_phy_wrapper/gt_wizard.gtwizard_top_i/xdma_0_pcie4_ip_gt_i/inst/gen_gtwizard_gtye4_top.xdma_0_pcie4_ip_gt_gtwizard_gtye4_inst/gen_gtwizard_gtye4.gen_cpll_cal_gtye4.gen_cpll_cal_inst[3].gen_inst_cpll_cal.gtwizard_ultrascale_v1_7_22_gtye4_cpll_cal_inst/gtwizard_ultrascale_v1_7_22_gtye4_cpll_cal_tx_i/U_TXOUTCLK_FREQ_COUNTER/testclk_cnt_reg[11]/C  u_pcie_xdma/inst/pcie4_ip_i/inst/xdma_0_pcie4_ip_gt_top_i/diablo_gt.diablo_gt_phy_wrapper/gt_wizard.gtwizard_top_i/xdma_0_pcie4_ip_gt_i/inst/gen_gtwizard_gtye4_top.xdma_0_pcie4_ip_gt_gtwizard_gtye4_inst/gen_gtwizard_gtye4.gen_cpll_cal_gtye4.gen_cpll_cal_inst[3].gen_inst_cpll_cal.gtwizard_ultrascale_v1_7_22_gtye4_cpll_cal_inst/gtwizard_ultrascale_v1_7_22_gtye4_cpll_cal_tx_i/U_TXOUTCLK_FREQ_COUNTER/freq_cnt_o_reg[11]/D
 13  CDC-15  Warning   Clock enable controlled CDC structure detected      0  False Path  u_pcie_xdma/inst/pcie4_ip_i/inst/xdma_0_pcie4_ip_gt_top_i/diablo_gt.diablo_gt_phy_wrapper/gt_wizard.gtwizard_top_i/xdma_0_pcie4_ip_gt_i/inst/gen_gtwizard_gtye4_top.xdma_0_pcie4_ip_gt_gtwizard_gtye4_inst/gen_gtwizard_gtye4.gen_cpll_cal_gtye4.gen_cpll_cal_inst[3].gen_inst_cpll_cal.gtwizard_ultrascale_v1_7_22_gtye4_cpll_cal_inst/gtwizard_ultrascale_v1_7_22_gtye4_cpll_cal_tx_i/U_TXOUTCLK_FREQ_COUNTER/testclk_cnt_reg[12]/C  u_pcie_xdma/inst/pcie4_ip_i/inst/xdma_0_pcie4_ip_gt_top_i/diablo_gt.diablo_gt_phy_wrapper/gt_wizard.gtwizard_top_i/xdma_0_pcie4_ip_gt_i/inst/gen_gtwizard_gtye4_top.xdma_0_pcie4_ip_gt_gtwizard_gtye4_inst/gen_gtwizard_gtye4.gen_cpll_cal_gtye4.gen_cpll_cal_inst[3].gen_inst_cpll_cal.gtwizard_ultrascale_v1_7_22_gtye4_cpll_cal_inst/gtwizard_ultrascale_v1_7_22_gtye4_cpll_cal_tx_i/U_TXOUTCLK_FREQ_COUNTER/freq_cnt_o_reg[12]/D
 14  CDC-15  Warning   Clock enable controlled CDC structure detected      0  False Path  u_pcie_xdma/inst/pcie4_ip_i/inst/xdma_0_pcie4_ip_gt_top_i/diablo_gt.diablo_gt_phy_wrapper/gt_wizard.gtwizard_top_i/xdma_0_pcie4_ip_gt_i/inst/gen_gtwizard_gtye4_top.xdma_0_pcie4_ip_gt_gtwizard_gtye4_inst/gen_gtwizard_gtye4.gen_cpll_cal_gtye4.gen_cpll_cal_inst[3].gen_inst_cpll_cal.gtwizard_ultrascale_v1_7_22_gtye4_cpll_cal_inst/gtwizard_ultrascale_v1_7_22_gtye4_cpll_cal_tx_i/U_TXOUTCLK_FREQ_COUNTER/testclk_cnt_reg[13]/C  u_pcie_xdma/inst/pcie4_ip_i/inst/xdma_0_pcie4_ip_gt_top_i/diablo_gt.diablo_gt_phy_wrapper/gt_wizard.gtwizard_top_i/xdma_0_pcie4_ip_gt_i/inst/gen_gtwizard_gtye4_top.xdma_0_pcie4_ip_gt_gtwizard_gtye4_inst/gen_gtwizard_gtye4.gen_cpll_cal_gtye4.gen_cpll_cal_inst[3].gen_inst_cpll_cal.gtwizard_ultrascale_v1_7_22_gtye4_cpll_cal_inst/gtwizard_ultrascale_v1_7_22_gtye4_cpll_cal_tx_i/U_TXOUTCLK_FREQ_COUNTER/freq_cnt_o_reg[13]/D
 15  CDC-15  Warning   Clock enable controlled CDC structure detected      0  False Path  u_pcie_xdma/inst/pcie4_ip_i/inst/xdma_0_pcie4_ip_gt_top_i/diablo_gt.diablo_gt_phy_wrapper/gt_wizard.gtwizard_top_i/xdma_0_pcie4_ip_gt_i/inst/gen_gtwizard_gtye4_top.xdma_0_pcie4_ip_gt_gtwizard_gtye4_inst/gen_gtwizard_gtye4.gen_cpll_cal_gtye4.gen_cpll_cal_inst[3].gen_inst_cpll_cal.gtwizard_ultrascale_v1_7_22_gtye4_cpll_cal_inst/gtwizard_ultrascale_v1_7_22_gtye4_cpll_cal_tx_i/U_TXOUTCLK_FREQ_COUNTER/testclk_cnt_reg[14]/C  u_pcie_xdma/inst/pcie4_ip_i/inst/xdma_0_pcie4_ip_gt_top_i/diablo_gt.diablo_gt_phy_wrapper/gt_wizard.gtwizard_top_i/xdma_0_pcie4_ip_gt_i/inst/gen_gtwizard_gtye4_top.xdma_0_pcie4_ip_gt_gtwizard_gtye4_inst/gen_gtwizard_gtye4.gen_cpll_cal_gtye4.gen_cpll_cal_inst[3].gen_inst_cpll_cal.gtwizard_ultrascale_v1_7_22_gtye4_cpll_cal_inst/gtwizard_ultrascale_v1_7_22_gtye4_cpll_cal_tx_i/U_TXOUTCLK_FREQ_COUNTER/freq_cnt_o_reg[14]/D
 16  CDC-15  Warning   Clock enable controlled CDC structure detected      0  False Path  u_pcie_xdma/inst/pcie4_ip_i/inst/xdma_0_pcie4_ip_gt_top_i/diablo_gt.diablo_gt_phy_wrapper/gt_wizard.gtwizard_top_i/xdma_0_pcie4_ip_gt_i/inst/gen_gtwizard_gtye4_top.xdma_0_pcie4_ip_gt_gtwizard_gtye4_inst/gen_gtwizard_gtye4.gen_cpll_cal_gtye4.gen_cpll_cal_inst[3].gen_inst_cpll_cal.gtwizard_ultrascale_v1_7_22_gtye4_cpll_cal_inst/gtwizard_ultrascale_v1_7_22_gtye4_cpll_cal_tx_i/U_TXOUTCLK_FREQ_COUNTER/testclk_cnt_reg[15]/C  u_pcie_xdma/inst/pcie4_ip_i/inst/xdma_0_pcie4_ip_gt_top_i/diablo_gt.diablo_gt_phy_wrapper/gt_wizard.gtwizard_top_i/xdma_0_pcie4_ip_gt_i/inst/gen_gtwizard_gtye4_top.xdma_0_pcie4_ip_gt_gtwizard_gtye4_inst/gen_gtwizard_gtye4.gen_cpll_cal_gtye4.gen_cpll_cal_inst[3].gen_inst_cpll_cal.gtwizard_ultrascale_v1_7_22_gtye4_cpll_cal_inst/gtwizard_ultrascale_v1_7_22_gtye4_cpll_cal_tx_i/U_TXOUTCLK_FREQ_COUNTER/freq_cnt_o_reg[15]/D
 17  CDC-15  Warning   Clock enable controlled CDC structure detected      0  False Path  u_pcie_xdma/inst/pcie4_ip_i/inst/xdma_0_pcie4_ip_gt_top_i/diablo_gt.diablo_gt_phy_wrapper/gt_wizard.gtwizard_top_i/xdma_0_pcie4_ip_gt_i/inst/gen_gtwizard_gtye4_top.xdma_0_pcie4_ip_gt_gtwizard_gtye4_inst/gen_gtwizard_gtye4.gen_cpll_cal_gtye4.gen_cpll_cal_inst[3].gen_inst_cpll_cal.gtwizard_ultrascale_v1_7_22_gtye4_cpll_cal_inst/gtwizard_ultrascale_v1_7_22_gtye4_cpll_cal_tx_i/U_TXOUTCLK_FREQ_COUNTER/testclk_cnt_reg[16]/C  u_pcie_xdma/inst/pcie4_ip_i/inst/xdma_0_pcie4_ip_gt_top_i/diablo_gt.diablo_gt_phy_wrapper/gt_wizard.gtwizard_top_i/xdma_0_pcie4_ip_gt_i/inst/gen_gtwizard_gtye4_top.xdma_0_pcie4_ip_gt_gtwizard_gtye4_inst/gen_gtwizard_gtye4.gen_cpll_cal_gtye4.gen_cpll_cal_inst[3].gen_inst_cpll_cal.gtwizard_ultrascale_v1_7_22_gtye4_cpll_cal_inst/gtwizard_ultrascale_v1_7_22_gtye4_cpll_cal_tx_i/U_TXOUTCLK_FREQ_COUNTER/freq_cnt_o_reg[16]/D
 18  CDC-15  Warning   Clock enable controlled CDC structure detected      0  False Path  u_pcie_xdma/inst/pcie4_ip_i/inst/xdma_0_pcie4_ip_gt_top_i/diablo_gt.diablo_gt_phy_wrapper/gt_wizard.gtwizard_top_i/xdma_0_pcie4_ip_gt_i/inst/gen_gtwizard_gtye4_top.xdma_0_pcie4_ip_gt_gtwizard_gtye4_inst/gen_gtwizard_gtye4.gen_cpll_cal_gtye4.gen_cpll_cal_inst[3].gen_inst_cpll_cal.gtwizard_ultrascale_v1_7_22_gtye4_cpll_cal_inst/gtwizard_ultrascale_v1_7_22_gtye4_cpll_cal_tx_i/U_TXOUTCLK_FREQ_COUNTER/testclk_cnt_reg[17]/C  u_pcie_xdma/inst/pcie4_ip_i/inst/xdma_0_pcie4_ip_gt_top_i/diablo_gt.diablo_gt_phy_wrapper/gt_wizard.gtwizard_top_i/xdma_0_pcie4_ip_gt_i/inst/gen_gtwizard_gtye4_top.xdma_0_pcie4_ip_gt_gtwizard_gtye4_inst/gen_gtwizard_gtye4.gen_cpll_cal_gtye4.gen_cpll_cal_inst[3].gen_inst_cpll_cal.gtwizard_ultrascale_v1_7_22_gtye4_cpll_cal_inst/gtwizard_ultrascale_v1_7_22_gtye4_cpll_cal_tx_i/U_TXOUTCLK_FREQ_COUNTER/freq_cnt_o_reg[17]/D

Source Clock: u_pcie_xdma/inst/pcie4_ip_i/inst/xdma_0_pcie4_ip_gt_top_i/diablo_gt.diablo_gt_phy_wrapper/phy_clk_i/bufg_gt_intclk/O
Destination Clock: pcie_ref_clk
CDC Type: No Common Primary Clock

Row  ID     Severity  Description                                 Depth  Exception            Source (From)                                                                                                              Destination (To)
---  -----  --------  ------------------------------------------  -----  -------------------  -------------------------------------------------------------------------------------------------------------------------  -----------------------------------------------------------------------------------------------------------------------------
  1  CDC-3  Info      1-bit synchronized with ASYNC_REG property      4  Asynch Clock Groups  u_pcie_xdma/inst/pcie4_ip_i/inst/xdma_0_pcie4_ip_gt_top_i/diablo_gt.diablo_gt_phy_wrapper/phy_rst_i/new_powergood_r_reg/C  u_pcie_xdma/inst/pcie4_ip_i/inst/xdma_0_pcie4_ip_gt_top_i/diablo_gt.diablo_gt_phy_wrapper/phy_rst_i/rst_n_internal_i_reg[0]/D

Source Clock: pcie_ref_clk
Destination Clock: pipe_clk
CDC Type: No Common Node

Row  ID     Severity  Description                                              Depth  Exception   Source (From)                                                                                                                     Destination (To)
---  -----  --------  -------------------------------------------------------  -----  ----------  --------------------------------------------------------------------------------------------------------------------------------  --------------------------------------------------------------------------------------------------------------------------------------------------------
  1  CDC-9  Info      Asynchronous reset synchronized with ASYNC_REG property      2  False Path  u_pcie_xdma/inst/pcie4_ip_i/inst/sys_reset_in_async_rst_inst/arststages_ff_reg[1]/C                                               u_pcie_xdma/inst/pcie4_ip_i/inst/sys_or_hot_rst_pclk_inst/arststages_ff_reg[0]/PRE
  2  CDC-3  Info      1-bit synchronized with ASYNC_REG property                   4  False Path  u_pcie_xdma/inst/pcie4_ip_i/inst/xdma_0_pcie4_ip_gt_top_i/diablo_gt.diablo_gt_phy_wrapper/phy_lane[0].cdrhold_shift_reg[0][31]/C  u_pcie_xdma/inst/pcie4_ip_i/inst/xdma_0_pcie4_ip_gt_top_i/diablo_gt.diablo_gt_phy_wrapper/phy_lane[0].sync_cdrhold/sync_vec[0].sync_cell_i/sync_reg[0]/D
  3  CDC-3  Info      1-bit synchronized with ASYNC_REG property                   4  False Path  u_pcie_xdma/inst/pcie4_ip_i/inst/xdma_0_pcie4_ip_gt_top_i/diablo_gt.diablo_gt_phy_wrapper/phy_lane[1].cdrhold_shift_reg[1][31]/C  u_pcie_xdma/inst/pcie4_ip_i/inst/xdma_0_pcie4_ip_gt_top_i/diablo_gt.diablo_gt_phy_wrapper/phy_lane[1].sync_cdrhold/sync_vec[0].sync_cell_i/sync_reg[0]/D
  4  CDC-3  Info      1-bit synchronized with ASYNC_REG property                   4  False Path  u_pcie_xdma/inst/pcie4_ip_i/inst/xdma_0_pcie4_ip_gt_top_i/diablo_gt.diablo_gt_phy_wrapper/phy_lane[2].cdrhold_shift_reg[2][31]/C  u_pcie_xdma/inst/pcie4_ip_i/inst/xdma_0_pcie4_ip_gt_top_i/diablo_gt.diablo_gt_phy_wrapper/phy_lane[2].sync_cdrhold/sync_vec[0].sync_cell_i/sync_reg[0]/D
  5  CDC-3  Info      1-bit synchronized with ASYNC_REG property                   4  False Path  u_pcie_xdma/inst/pcie4_ip_i/inst/xdma_0_pcie4_ip_gt_top_i/diablo_gt.diablo_gt_phy_wrapper/phy_lane[3].cdrhold_shift_reg[3][31]/C  u_pcie_xdma/inst/pcie4_ip_i/inst/xdma_0_pcie4_ip_gt_top_i/diablo_gt.diablo_gt_phy_wrapper/phy_lane[3].sync_cdrhold/sync_vec[0].sync_cell_i/sync_reg[0]/D
  6  CDC-9  Info      Asynchronous reset synchronized with ASYNC_REG property      4  False Path  u_pcie_xdma/inst/pcie4_ip_i/inst/xdma_0_pcie4_ip_gt_top_i/diablo_gt.diablo_gt_phy_wrapper/phy_rst_i/rst_n_internal_reg/C          u_pcie_xdma/inst/pcie4_ip_i/inst/xdma_0_pcie4_ip_gt_top_i/diablo_gt.diablo_gt_phy_wrapper/phy_rst_i/prst_n_r_reg[0]/CLR
  7  CDC-9  Info      Asynchronous reset synchronized with ASYNC_REG property      3  False Path  u_pcie_xdma/inst/pcie4_ip_i/inst/xdma_0_pcie4_ip_gt_top_i/diablo_gt.diablo_gt_phy_wrapper/phy_rst_i/idle_reg/C                    u_pcie_xdma/inst/pcie4_ip_i/inst/xdma_0_pcie4_ip_gt_top_i/diablo_gt.diablo_gt_phy_wrapper/rst_psrst_n_r_reg[0]/CLR

Source Clock: pcie_ref_clk
Destination Clock: u_pcie_xdma/inst/pcie4_ip_i/inst/xdma_0_pcie4_ip_gt_top_i/diablo_gt.diablo_gt_phy_wrapper/gt_wizard.gtwizard_top_i/xdma_0_pcie4_ip_gt_i/inst/gen_gtwizard_gtye4_top.xdma_0_pcie4_ip_gt_gtwizard_gtye4_inst/gen_gtwizard_gtye4.gen_cpll_cal_gtye4.gen_cpll_cal_inst[0].gen_inst_cpll_cal.gtwizard_ultrascale_v1_7_22_gtye4_cpll_cal_inst/gtwizard_ultrascale_v1_7_22_gtye4_cpll_cal_tx_i/bufg_gt_txoutclkmon_inst/O
CDC Type: No Common Primary Clock

Row  ID     Severity  Description                                              Depth  Exception   Source (From)                                                                                                                                                                                                                                                                                                                                                                                                                   Destination (To)
---  -----  --------  -------------------------------------------------------  -----  ----------  ------------------------------------------------------------------------------------------------------------------------------------------------------------------------------------------------------------------------------------------------------------------------------------------------------------------------------------------------------------------------------------------------------------------------------  -----------------------------------------------------------------------------------------------------------------------------------------------------------------------------------------------------------------------------------------------------------------------------------------------------------------------------------------------------------------------------------------------------------------------------------------------------------------------
  1  CDC-9  Info      Asynchronous reset synchronized with ASYNC_REG property      5  False Path  u_pcie_xdma/inst/pcie4_ip_i/inst/xdma_0_pcie4_ip_gt_top_i/diablo_gt.diablo_gt_phy_wrapper/gt_wizard.gtwizard_top_i/xdma_0_pcie4_ip_gt_i/inst/gen_gtwizard_gtye4_top.xdma_0_pcie4_ip_gt_gtwizard_gtye4_inst/gen_gtwizard_gtye4.gen_cpll_cal_gtye4.gen_cpll_cal_inst[0].gen_inst_cpll_cal.gtwizard_ultrascale_v1_7_22_gtye4_cpll_cal_inst/gtwizard_ultrascale_v1_7_22_gtye4_cpll_cal_tx_i/U_TXOUTCLK_FREQ_COUNTER/state_reg[0]/C  u_pcie_xdma/inst/pcie4_ip_i/inst/xdma_0_pcie4_ip_gt_top_i/diablo_gt.diablo_gt_phy_wrapper/gt_wizard.gtwizard_top_i/xdma_0_pcie4_ip_gt_i/inst/gen_gtwizard_gtye4_top.xdma_0_pcie4_ip_gt_gtwizard_gtye4_inst/gen_gtwizard_gtye4.gen_cpll_cal_gtye4.gen_cpll_cal_inst[0].gen_inst_cpll_cal.gtwizard_ultrascale_v1_7_22_gtye4_cpll_cal_inst/gtwizard_ultrascale_v1_7_22_gtye4_cpll_cal_tx_i/U_TXOUTCLK_FREQ_COUNTER/reset_synchronizer_testclk_rst_inst/rst_in_meta_reg/PRE
  2  CDC-3  Info      1-bit synchronized with ASYNC_REG property                   2  False Path  u_pcie_xdma/inst/pcie4_ip_i/inst/xdma_0_pcie4_ip_gt_top_i/diablo_gt.diablo_gt_phy_wrapper/gt_wizard.gtwizard_top_i/xdma_0_pcie4_ip_gt_i/inst/gen_gtwizard_gtye4_top.xdma_0_pcie4_ip_gt_gtwizard_gtye4_inst/gen_gtwizard_gtye4.gen_cpll_cal_gtye4.gen_cpll_cal_inst[0].gen_inst_cpll_cal.gtwizard_ultrascale_v1_7_22_gtye4_cpll_cal_inst/gtwizard_ultrascale_v1_7_22_gtye4_cpll_cal_tx_i/U_TXOUTCLK_FREQ_COUNTER/state_reg[1]/C  u_pcie_xdma/inst/pcie4_ip_i/inst/xdma_0_pcie4_ip_gt_top_i/diablo_gt.diablo_gt_phy_wrapper/gt_wizard.gtwizard_top_i/xdma_0_pcie4_ip_gt_i/inst/gen_gtwizard_gtye4_top.xdma_0_pcie4_ip_gt_gtwizard_gtye4_inst/gen_gtwizard_gtye4.gen_cpll_cal_gtye4.gen_cpll_cal_inst[0].gen_inst_cpll_cal.gtwizard_ultrascale_v1_7_22_gtye4_cpll_cal_inst/gtwizard_ultrascale_v1_7_22_gtye4_cpll_cal_tx_i/U_TXOUTCLK_FREQ_COUNTER/testclk_en_dly1_reg/D
  3  CDC-3  Info      1-bit synchronized with ASYNC_REG property                   2  False Path  u_pcie_xdma/inst/pcie4_ip_i/inst/xdma_0_pcie4_ip_gt_top_i/diablo_gt.diablo_gt_phy_wrapper/gt_wizard.gtwizard_top_i/xdma_0_pcie4_ip_gt_i/inst/gen_gtwizard_gtye4_top.xdma_0_pcie4_ip_gt_gtwizard_gtye4_inst/gen_gtwizard_gtye4.gen_cpll_cal_gtye4.gen_cpll_cal_inst[0].gen_inst_cpll_cal.gtwizard_ultrascale_v1_7_22_gtye4_cpll_cal_inst/gtwizard_ultrascale_v1_7_22_gtye4_cpll_cal_tx_i/U_TXOUTCLK_FREQ_COUNTER/state_reg[0]/C  u_pcie_xdma/inst/pcie4_ip_i/inst/xdma_0_pcie4_ip_gt_top_i/diablo_gt.diablo_gt_phy_wrapper/gt_wizard.gtwizard_top_i/xdma_0_pcie4_ip_gt_i/inst/gen_gtwizard_gtye4_top.xdma_0_pcie4_ip_gt_gtwizard_gtye4_inst/gen_gtwizard_gtye4.gen_cpll_cal_gtye4.gen_cpll_cal_inst[0].gen_inst_cpll_cal.gtwizard_ultrascale_v1_7_22_gtye4_cpll_cal_inst/gtwizard_ultrascale_v1_7_22_gtye4_cpll_cal_tx_i/U_TXOUTCLK_FREQ_COUNTER/tstclk_rst_dly1_reg/D

Source Clock: pcie_ref_clk
Destination Clock: u_pcie_xdma/inst/pcie4_ip_i/inst/xdma_0_pcie4_ip_gt_top_i/diablo_gt.diablo_gt_phy_wrapper/gt_wizard.gtwizard_top_i/xdma_0_pcie4_ip_gt_i/inst/gen_gtwizard_gtye4_top.xdma_0_pcie4_ip_gt_gtwizard_gtye4_inst/gen_gtwizard_gtye4.gen_cpll_cal_gtye4.gen_cpll_cal_inst[1].gen_inst_cpll_cal.gtwizard_ultrascale_v1_7_22_gtye4_cpll_cal_inst/gtwizard_ultrascale_v1_7_22_gtye4_cpll_cal_tx_i/bufg_gt_txoutclkmon_inst/O
CDC Type: No Common Primary Clock

Row  ID     Severity  Description                                              Depth  Exception   Source (From)                                                                                                                                                                                                                                                                                                                                                                                                                   Destination (To)
---  -----  --------  -------------------------------------------------------  -----  ----------  ------------------------------------------------------------------------------------------------------------------------------------------------------------------------------------------------------------------------------------------------------------------------------------------------------------------------------------------------------------------------------------------------------------------------------  -----------------------------------------------------------------------------------------------------------------------------------------------------------------------------------------------------------------------------------------------------------------------------------------------------------------------------------------------------------------------------------------------------------------------------------------------------------------------
  1  CDC-9  Info      Asynchronous reset synchronized with ASYNC_REG property      5  False Path  u_pcie_xdma/inst/pcie4_ip_i/inst/xdma_0_pcie4_ip_gt_top_i/diablo_gt.diablo_gt_phy_wrapper/gt_wizard.gtwizard_top_i/xdma_0_pcie4_ip_gt_i/inst/gen_gtwizard_gtye4_top.xdma_0_pcie4_ip_gt_gtwizard_gtye4_inst/gen_gtwizard_gtye4.gen_cpll_cal_gtye4.gen_cpll_cal_inst[1].gen_inst_cpll_cal.gtwizard_ultrascale_v1_7_22_gtye4_cpll_cal_inst/gtwizard_ultrascale_v1_7_22_gtye4_cpll_cal_tx_i/U_TXOUTCLK_FREQ_COUNTER/state_reg[0]/C  u_pcie_xdma/inst/pcie4_ip_i/inst/xdma_0_pcie4_ip_gt_top_i/diablo_gt.diablo_gt_phy_wrapper/gt_wizard.gtwizard_top_i/xdma_0_pcie4_ip_gt_i/inst/gen_gtwizard_gtye4_top.xdma_0_pcie4_ip_gt_gtwizard_gtye4_inst/gen_gtwizard_gtye4.gen_cpll_cal_gtye4.gen_cpll_cal_inst[1].gen_inst_cpll_cal.gtwizard_ultrascale_v1_7_22_gtye4_cpll_cal_inst/gtwizard_ultrascale_v1_7_22_gtye4_cpll_cal_tx_i/U_TXOUTCLK_FREQ_COUNTER/reset_synchronizer_testclk_rst_inst/rst_in_meta_reg/PRE
  2  CDC-3  Info      1-bit synchronized with ASYNC_REG property                   2  False Path  u_pcie_xdma/inst/pcie4_ip_i/inst/xdma_0_pcie4_ip_gt_top_i/diablo_gt.diablo_gt_phy_wrapper/gt_wizard.gtwizard_top_i/xdma_0_pcie4_ip_gt_i/inst/gen_gtwizard_gtye4_top.xdma_0_pcie4_ip_gt_gtwizard_gtye4_inst/gen_gtwizard_gtye4.gen_cpll_cal_gtye4.gen_cpll_cal_inst[1].gen_inst_cpll_cal.gtwizard_ultrascale_v1_7_22_gtye4_cpll_cal_inst/gtwizard_ultrascale_v1_7_22_gtye4_cpll_cal_tx_i/U_TXOUTCLK_FREQ_COUNTER/state_reg[1]/C  u_pcie_xdma/inst/pcie4_ip_i/inst/xdma_0_pcie4_ip_gt_top_i/diablo_gt.diablo_gt_phy_wrapper/gt_wizard.gtwizard_top_i/xdma_0_pcie4_ip_gt_i/inst/gen_gtwizard_gtye4_top.xdma_0_pcie4_ip_gt_gtwizard_gtye4_inst/gen_gtwizard_gtye4.gen_cpll_cal_gtye4.gen_cpll_cal_inst[1].gen_inst_cpll_cal.gtwizard_ultrascale_v1_7_22_gtye4_cpll_cal_inst/gtwizard_ultrascale_v1_7_22_gtye4_cpll_cal_tx_i/U_TXOUTCLK_FREQ_COUNTER/testclk_en_dly1_reg/D
  3  CDC-3  Info      1-bit synchronized with ASYNC_REG property                   2  False Path  u_pcie_xdma/inst/pcie4_ip_i/inst/xdma_0_pcie4_ip_gt_top_i/diablo_gt.diablo_gt_phy_wrapper/gt_wizard.gtwizard_top_i/xdma_0_pcie4_ip_gt_i/inst/gen_gtwizard_gtye4_top.xdma_0_pcie4_ip_gt_gtwizard_gtye4_inst/gen_gtwizard_gtye4.gen_cpll_cal_gtye4.gen_cpll_cal_inst[1].gen_inst_cpll_cal.gtwizard_ultrascale_v1_7_22_gtye4_cpll_cal_inst/gtwizard_ultrascale_v1_7_22_gtye4_cpll_cal_tx_i/U_TXOUTCLK_FREQ_COUNTER/state_reg[0]/C  u_pcie_xdma/inst/pcie4_ip_i/inst/xdma_0_pcie4_ip_gt_top_i/diablo_gt.diablo_gt_phy_wrapper/gt_wizard.gtwizard_top_i/xdma_0_pcie4_ip_gt_i/inst/gen_gtwizard_gtye4_top.xdma_0_pcie4_ip_gt_gtwizard_gtye4_inst/gen_gtwizard_gtye4.gen_cpll_cal_gtye4.gen_cpll_cal_inst[1].gen_inst_cpll_cal.gtwizard_ultrascale_v1_7_22_gtye4_cpll_cal_inst/gtwizard_ultrascale_v1_7_22_gtye4_cpll_cal_tx_i/U_TXOUTCLK_FREQ_COUNTER/tstclk_rst_dly1_reg/D

Source Clock: pcie_ref_clk
Destination Clock: u_pcie_xdma/inst/pcie4_ip_i/inst/xdma_0_pcie4_ip_gt_top_i/diablo_gt.diablo_gt_phy_wrapper/gt_wizard.gtwizard_top_i/xdma_0_pcie4_ip_gt_i/inst/gen_gtwizard_gtye4_top.xdma_0_pcie4_ip_gt_gtwizard_gtye4_inst/gen_gtwizard_gtye4.gen_cpll_cal_gtye4.gen_cpll_cal_inst[2].gen_inst_cpll_cal.gtwizard_ultrascale_v1_7_22_gtye4_cpll_cal_inst/gtwizard_ultrascale_v1_7_22_gtye4_cpll_cal_tx_i/bufg_gt_txoutclkmon_inst/O
CDC Type: No Common Primary Clock

Row  ID     Severity  Description                                              Depth  Exception   Source (From)                                                                                                                                                                                                                                                                                                                                                                                                                   Destination (To)
---  -----  --------  -------------------------------------------------------  -----  ----------  ------------------------------------------------------------------------------------------------------------------------------------------------------------------------------------------------------------------------------------------------------------------------------------------------------------------------------------------------------------------------------------------------------------------------------  -----------------------------------------------------------------------------------------------------------------------------------------------------------------------------------------------------------------------------------------------------------------------------------------------------------------------------------------------------------------------------------------------------------------------------------------------------------------------
  1  CDC-9  Info      Asynchronous reset synchronized with ASYNC_REG property      5  False Path  u_pcie_xdma/inst/pcie4_ip_i/inst/xdma_0_pcie4_ip_gt_top_i/diablo_gt.diablo_gt_phy_wrapper/gt_wizard.gtwizard_top_i/xdma_0_pcie4_ip_gt_i/inst/gen_gtwizard_gtye4_top.xdma_0_pcie4_ip_gt_gtwizard_gtye4_inst/gen_gtwizard_gtye4.gen_cpll_cal_gtye4.gen_cpll_cal_inst[2].gen_inst_cpll_cal.gtwizard_ultrascale_v1_7_22_gtye4_cpll_cal_inst/gtwizard_ultrascale_v1_7_22_gtye4_cpll_cal_tx_i/U_TXOUTCLK_FREQ_COUNTER/state_reg[0]/C  u_pcie_xdma/inst/pcie4_ip_i/inst/xdma_0_pcie4_ip_gt_top_i/diablo_gt.diablo_gt_phy_wrapper/gt_wizard.gtwizard_top_i/xdma_0_pcie4_ip_gt_i/inst/gen_gtwizard_gtye4_top.xdma_0_pcie4_ip_gt_gtwizard_gtye4_inst/gen_gtwizard_gtye4.gen_cpll_cal_gtye4.gen_cpll_cal_inst[2].gen_inst_cpll_cal.gtwizard_ultrascale_v1_7_22_gtye4_cpll_cal_inst/gtwizard_ultrascale_v1_7_22_gtye4_cpll_cal_tx_i/U_TXOUTCLK_FREQ_COUNTER/reset_synchronizer_testclk_rst_inst/rst_in_meta_reg/PRE
  2  CDC-3  Info      1-bit synchronized with ASYNC_REG property                   2  False Path  u_pcie_xdma/inst/pcie4_ip_i/inst/xdma_0_pcie4_ip_gt_top_i/diablo_gt.diablo_gt_phy_wrapper/gt_wizard.gtwizard_top_i/xdma_0_pcie4_ip_gt_i/inst/gen_gtwizard_gtye4_top.xdma_0_pcie4_ip_gt_gtwizard_gtye4_inst/gen_gtwizard_gtye4.gen_cpll_cal_gtye4.gen_cpll_cal_inst[2].gen_inst_cpll_cal.gtwizard_ultrascale_v1_7_22_gtye4_cpll_cal_inst/gtwizard_ultrascale_v1_7_22_gtye4_cpll_cal_tx_i/U_TXOUTCLK_FREQ_COUNTER/state_reg[1]/C  u_pcie_xdma/inst/pcie4_ip_i/inst/xdma_0_pcie4_ip_gt_top_i/diablo_gt.diablo_gt_phy_wrapper/gt_wizard.gtwizard_top_i/xdma_0_pcie4_ip_gt_i/inst/gen_gtwizard_gtye4_top.xdma_0_pcie4_ip_gt_gtwizard_gtye4_inst/gen_gtwizard_gtye4.gen_cpll_cal_gtye4.gen_cpll_cal_inst[2].gen_inst_cpll_cal.gtwizard_ultrascale_v1_7_22_gtye4_cpll_cal_inst/gtwizard_ultrascale_v1_7_22_gtye4_cpll_cal_tx_i/U_TXOUTCLK_FREQ_COUNTER/testclk_en_dly1_reg/D
  3  CDC-3  Info      1-bit synchronized with ASYNC_REG property                   2  False Path  u_pcie_xdma/inst/pcie4_ip_i/inst/xdma_0_pcie4_ip_gt_top_i/diablo_gt.diablo_gt_phy_wrapper/gt_wizard.gtwizard_top_i/xdma_0_pcie4_ip_gt_i/inst/gen_gtwizard_gtye4_top.xdma_0_pcie4_ip_gt_gtwizard_gtye4_inst/gen_gtwizard_gtye4.gen_cpll_cal_gtye4.gen_cpll_cal_inst[2].gen_inst_cpll_cal.gtwizard_ultrascale_v1_7_22_gtye4_cpll_cal_inst/gtwizard_ultrascale_v1_7_22_gtye4_cpll_cal_tx_i/U_TXOUTCLK_FREQ_COUNTER/state_reg[0]/C  u_pcie_xdma/inst/pcie4_ip_i/inst/xdma_0_pcie4_ip_gt_top_i/diablo_gt.diablo_gt_phy_wrapper/gt_wizard.gtwizard_top_i/xdma_0_pcie4_ip_gt_i/inst/gen_gtwizard_gtye4_top.xdma_0_pcie4_ip_gt_gtwizard_gtye4_inst/gen_gtwizard_gtye4.gen_cpll_cal_gtye4.gen_cpll_cal_inst[2].gen_inst_cpll_cal.gtwizard_ultrascale_v1_7_22_gtye4_cpll_cal_inst/gtwizard_ultrascale_v1_7_22_gtye4_cpll_cal_tx_i/U_TXOUTCLK_FREQ_COUNTER/tstclk_rst_dly1_reg/D

Source Clock: pcie_ref_clk
Destination Clock: u_pcie_xdma/inst/pcie4_ip_i/inst/xdma_0_pcie4_ip_gt_top_i/diablo_gt.diablo_gt_phy_wrapper/gt_wizard.gtwizard_top_i/xdma_0_pcie4_ip_gt_i/inst/gen_gtwizard_gtye4_top.xdma_0_pcie4_ip_gt_gtwizard_gtye4_inst/gen_gtwizard_gtye4.gen_cpll_cal_gtye4.gen_cpll_cal_inst[3].gen_inst_cpll_cal.gtwizard_ultrascale_v1_7_22_gtye4_cpll_cal_inst/gtwizard_ultrascale_v1_7_22_gtye4_cpll_cal_tx_i/bufg_gt_txoutclkmon_inst/O
CDC Type: No Common Primary Clock

Row  ID     Severity  Description                                              Depth  Exception   Source (From)                                                                                                                                                                                                                                                                                                                                                                                                                   Destination (To)
---  -----  --------  -------------------------------------------------------  -----  ----------  ------------------------------------------------------------------------------------------------------------------------------------------------------------------------------------------------------------------------------------------------------------------------------------------------------------------------------------------------------------------------------------------------------------------------------  -----------------------------------------------------------------------------------------------------------------------------------------------------------------------------------------------------------------------------------------------------------------------------------------------------------------------------------------------------------------------------------------------------------------------------------------------------------------------
  1  CDC-9  Info      Asynchronous reset synchronized with ASYNC_REG property      5  False Path  u_pcie_xdma/inst/pcie4_ip_i/inst/xdma_0_pcie4_ip_gt_top_i/diablo_gt.diablo_gt_phy_wrapper/gt_wizard.gtwizard_top_i/xdma_0_pcie4_ip_gt_i/inst/gen_gtwizard_gtye4_top.xdma_0_pcie4_ip_gt_gtwizard_gtye4_inst/gen_gtwizard_gtye4.gen_cpll_cal_gtye4.gen_cpll_cal_inst[3].gen_inst_cpll_cal.gtwizard_ultrascale_v1_7_22_gtye4_cpll_cal_inst/gtwizard_ultrascale_v1_7_22_gtye4_cpll_cal_tx_i/U_TXOUTCLK_FREQ_COUNTER/state_reg[0]/C  u_pcie_xdma/inst/pcie4_ip_i/inst/xdma_0_pcie4_ip_gt_top_i/diablo_gt.diablo_gt_phy_wrapper/gt_wizard.gtwizard_top_i/xdma_0_pcie4_ip_gt_i/inst/gen_gtwizard_gtye4_top.xdma_0_pcie4_ip_gt_gtwizard_gtye4_inst/gen_gtwizard_gtye4.gen_cpll_cal_gtye4.gen_cpll_cal_inst[3].gen_inst_cpll_cal.gtwizard_ultrascale_v1_7_22_gtye4_cpll_cal_inst/gtwizard_ultrascale_v1_7_22_gtye4_cpll_cal_tx_i/U_TXOUTCLK_FREQ_COUNTER/reset_synchronizer_testclk_rst_inst/rst_in_meta_reg/PRE
  2  CDC-3  Info      1-bit synchronized with ASYNC_REG property                   2  False Path  u_pcie_xdma/inst/pcie4_ip_i/inst/xdma_0_pcie4_ip_gt_top_i/diablo_gt.diablo_gt_phy_wrapper/gt_wizard.gtwizard_top_i/xdma_0_pcie4_ip_gt_i/inst/gen_gtwizard_gtye4_top.xdma_0_pcie4_ip_gt_gtwizard_gtye4_inst/gen_gtwizard_gtye4.gen_cpll_cal_gtye4.gen_cpll_cal_inst[3].gen_inst_cpll_cal.gtwizard_ultrascale_v1_7_22_gtye4_cpll_cal_inst/gtwizard_ultrascale_v1_7_22_gtye4_cpll_cal_tx_i/U_TXOUTCLK_FREQ_COUNTER/state_reg[1]/C  u_pcie_xdma/inst/pcie4_ip_i/inst/xdma_0_pcie4_ip_gt_top_i/diablo_gt.diablo_gt_phy_wrapper/gt_wizard.gtwizard_top_i/xdma_0_pcie4_ip_gt_i/inst/gen_gtwizard_gtye4_top.xdma_0_pcie4_ip_gt_gtwizard_gtye4_inst/gen_gtwizard_gtye4.gen_cpll_cal_gtye4.gen_cpll_cal_inst[3].gen_inst_cpll_cal.gtwizard_ultrascale_v1_7_22_gtye4_cpll_cal_inst/gtwizard_ultrascale_v1_7_22_gtye4_cpll_cal_tx_i/U_TXOUTCLK_FREQ_COUNTER/testclk_en_dly1_reg/D
  3  CDC-3  Info      1-bit synchronized with ASYNC_REG property                   2  False Path  u_pcie_xdma/inst/pcie4_ip_i/inst/xdma_0_pcie4_ip_gt_top_i/diablo_gt.diablo_gt_phy_wrapper/gt_wizard.gtwizard_top_i/xdma_0_pcie4_ip_gt_i/inst/gen_gtwizard_gtye4_top.xdma_0_pcie4_ip_gt_gtwizard_gtye4_inst/gen_gtwizard_gtye4.gen_cpll_cal_gtye4.gen_cpll_cal_inst[3].gen_inst_cpll_cal.gtwizard_ultrascale_v1_7_22_gtye4_cpll_cal_inst/gtwizard_ultrascale_v1_7_22_gtye4_cpll_cal_tx_i/U_TXOUTCLK_FREQ_COUNTER/state_reg[0]/C  u_pcie_xdma/inst/pcie4_ip_i/inst/xdma_0_pcie4_ip_gt_top_i/diablo_gt.diablo_gt_phy_wrapper/gt_wizard.gtwizard_top_i/xdma_0_pcie4_ip_gt_i/inst/gen_gtwizard_gtye4_top.xdma_0_pcie4_ip_gt_gtwizard_gtye4_inst/gen_gtwizard_gtye4.gen_cpll_cal_gtye4.gen_cpll_cal_inst[3].gen_inst_cpll_cal.gtwizard_ultrascale_v1_7_22_gtye4_cpll_cal_inst/gtwizard_ultrascale_v1_7_22_gtye4_cpll_cal_tx_i/U_TXOUTCLK_FREQ_COUNTER/tstclk_rst_dly1_reg/D

