Copyright 1986-2022 Xilinx, Inc. All Rights Reserved. Copyright 2022-2025 Advanced Micro Devices, Inc. All Rights Reserved.
----------------------------------------------------------------------------------------------------------------------------------------------------------------------------------------------------------------------------
| Tool Version      : Vivado v.2025.2 (win64) Build 6299465 Fri Nov 14 19:35:11 GMT 2025
| Date              : Sun Oct 11 10:32:27 2026
| Host              : xyz-intel running 64-bit major release  (build 9200)
| Command           : report_timing -delay_type max -max_paths 40 -to [get_pins -quiet -hierarchical -filter {NAME =~ *u_mir*}] -file D:/repo/XCKU5PMini/udp_hls_10g/_proj_10g/notes/p7b_m1p2b_synth/synth_m1p2b_mir_to.rpt
| Design            : wrapper_p4
| Device            : xcku5p-ffvb676
| Speed File        : -1  PRODUCTION 1.29 05-01-2022
| Design State      : Synthesized
| Temperature Grade : E
----------------------------------------------------------------------------------------------------------------------------------------------------------------------------------------------------------------------------

Timing Report

Slack (MET) :             1.804ns  (required time - arrival time)
  Source:                 u_pcie_regs/r_word_reg[1]_rep__0/C
                            (rising edge-triggered cell FDCE clocked by pcie_axi_aclk  {rise@0.000ns fall@2.000ns period=4.000ns})
  Destination:            u_mir/u_fifo/empty_r_reg/D
                            (rising edge-triggered cell FDPE clocked by pcie_axi_aclk  {rise@0.000ns fall@2.000ns period=4.000ns})
  Path Group:             pcie_axi_aclk
  Path Type:              Setup (Max at Slow Process Corner)
  Requirement:            4.000ns  (pcie_axi_aclk rise@4.000ns - pcie_axi_aclk rise@0.000ns)
  Data Path Delay:        2.032ns  (logic 0.418ns (20.571%)  route 1.614ns (79.429%))
  Logic Levels:           7  (LUT2=1 LUT3=1 LUT5=1 LUT6=4)
  Clock Path Skew:        -0.145ns (DCD - SCD + CPR)
    Destination Clock Delay (DCD):    2.711ns = ( 6.711 - 4.000 ) 
    Source Clock Delay      (SCD):    2.881ns
    Clock Pessimism Removal (CPR):    0.025ns
  Clock Uncertainty:      0.046ns  ((TSJ^2 + DJ^2)^1/2) / 2 + PE
    Total System Jitter     (TSJ):    0.071ns
    Discrete Jitter          (DJ):    0.060ns
    Phase Error              (PE):    0.000ns

    Location             Delay type                Incr(ns)  Path(ns)    Netlist Resource(s)
  -------------------------------------------------------------------    -------------------
                         (clock pcie_axi_aclk rise edge)
                                                      0.000     0.000 r  
    GTYE4_CHANNEL_X0Y3   GTYE4_CHANNEL                0.000     0.000 r  u_pcie_xdma/inst/pcie4_ip_i/inst/xdma_0_pcie4_ip_gt_top_i/diablo_gt.diablo_gt_phy_wrapper/gt_wizard.gtwizard_top_i/xdma_0_pcie4_ip_gt_i/inst/gen_gtwizard_gtye4_top.xdma_0_pcie4_ip_gt_gtwizard_gtye4_inst/gen_gtwizard_gtye4.gen_channel_container[3].gen_enabled_channel.gtye4_channel_wrapper_inst/channel_inst/gtye4_channel_gen.gen_gtye4_channel_inst[3].GTYE4_CHANNEL_PRIM_INST/TXOUTCLK
                         net (fo=7, unplaced)         0.090     0.090    u_pcie_xdma/inst/pcie4_ip_i/inst/xdma_0_pcie4_ip_gt_top_i/diablo_gt.diablo_gt_phy_wrapper/phy_clk_i/CLK_TXOUTCLK
                         BUFG_GT (Prop_BUFG_GT_I_O)
                                                      0.139     0.229 r  u_pcie_xdma/inst/pcie4_ip_i/inst/xdma_0_pcie4_ip_gt_top_i/diablo_gt.diablo_gt_phy_wrapper/phy_clk_i/bufg_gt_coreclk/O
                         net (fo=26062, unplaced)     2.652     2.881    u_pcie_regs/axi_aclk
                         FDCE                                         r  u_pcie_regs/r_word_reg[1]_rep__0/C
  -------------------------------------------------------------------    -------------------
                         FDCE (Prop_FDCE_C_Q)         0.093     2.974 r  u_pcie_regs/r_word_reg[1]_rep__0/Q
                         net (fo=104, unplaced)       0.244     3.218    u_pcie_regs/r_word_reg[1]_rep__0_n_53
                         LUT2 (Prop_LUT2_I1_O)        0.040     3.258 r  u_pcie_regs/mir_unf_sticky_i_4/O
                         net (fo=1, unplaced)         0.214     3.472    u_pcie_regs/mir_unf_sticky_i_4_n_53
                         LUT6 (Prop_LUT6_I5_O)        0.040     3.512 r  u_pcie_regs/mir_unf_sticky_i_2/O
                         net (fo=8, unplaced)         0.242     3.754    u_mir/u_fifo/mem0_reg_bram_0
                         LUT5 (Prop_LUT5_I1_O)        0.085     3.839 r  u_mir/u_fifo/rgray_r[1]_i_2/O
                         net (fo=2, unplaced)         0.214     4.053    u_mir/u_fifo/rgray_r[1]_i_2_n_53
                         LUT6 (Prop_LUT6_I3_O)        0.040     4.093 f  u_mir/u_fifo/empty_r_i_6__0/O
                         net (fo=1, unplaced)         0.214     4.307    u_mir/u_fifo/empty_r_i_6__0_n_53
                         LUT3 (Prop_LUT3_I2_O)        0.040     4.347 f  u_mir/u_fifo/empty_r_i_5__0/O
                         net (fo=1, unplaced)         0.214     4.561    u_mir/u_fifo/empty_r_i_5__0_n_53
                         LUT6 (Prop_LUT6_I5_O)        0.040     4.601 f  u_mir/u_fifo/empty_r_i_4__0/O
                         net (fo=1, unplaced)         0.214     4.815    u_mir/u_fifo/empty_r_i_4__0_n_53
                         LUT6 (Prop_LUT6_I3_O)        0.040     4.855 r  u_mir/u_fifo/empty_r_i_1__1/O
                         net (fo=1, unplaced)         0.058     4.913    u_mir/u_fifo/empty_n
                         FDPE                                         r  u_mir/u_fifo/empty_r_reg/D
  -------------------------------------------------------------------    -------------------

                         (clock pcie_axi_aclk rise edge)
                                                      4.000     4.000 r  
    GTYE4_CHANNEL_X0Y3   GTYE4_CHANNEL                0.000     4.000 r  u_pcie_xdma/inst/pcie4_ip_i/inst/xdma_0_pcie4_ip_gt_top_i/diablo_gt.diablo_gt_phy_wrapper/gt_wizard.gtwizard_top_i/xdma_0_pcie4_ip_gt_i/inst/gen_gtwizard_gtye4_top.xdma_0_pcie4_ip_gt_gtwizard_gtye4_inst/gen_gtwizard_gtye4.gen_channel_container[3].gen_enabled_channel.gtye4_channel_wrapper_inst/channel_inst/gtye4_channel_gen.gen_gtye4_channel_inst[3].GTYE4_CHANNEL_PRIM_INST/TXOUTCLK
                         net (fo=7, unplaced)         0.082     4.082    u_pcie_xdma/inst/pcie4_ip_i/inst/xdma_0_pcie4_ip_gt_top_i/diablo_gt.diablo_gt_phy_wrapper/phy_clk_i/CLK_TXOUTCLK
                         BUFG_GT (Prop_BUFG_GT_I_O)
                                                      0.122     4.204 r  u_pcie_xdma/inst/pcie4_ip_i/inst/xdma_0_pcie4_ip_gt_top_i/diablo_gt.diablo_gt_phy_wrapper/phy_clk_i/bufg_gt_coreclk/O
                         net (fo=26062, unplaced)     2.507     6.711    u_mir/u_fifo/axi_aclk
                         FDPE                                         r  u_mir/u_fifo/empty_r_reg/C
                         clock pessimism              0.025     6.736    
                         clock uncertainty           -0.046     6.690    
                         FDPE (Setup_FDPE_C_D)        0.027     6.717    u_mir/u_fifo/empty_r_reg
  -------------------------------------------------------------------
                         required time                          6.717    
                         arrival time                          -4.913    
  -------------------------------------------------------------------
                         slack                                  1.804    

Slack (MET) :             2.190ns  (required time - arrival time)
  Source:                 u_mir_c2h/arlen_r_reg[0]/C
                            (rising edge-triggered cell FDCE clocked by pcie_axi_aclk  {rise@0.000ns fall@2.000ns period=4.000ns})
  Destination:            u_mir_c2h/rdata_reg[0]/CE
                            (rising edge-triggered cell FDCE clocked by pcie_axi_aclk  {rise@0.000ns fall@2.000ns period=4.000ns})
  Path Group:             pcie_axi_aclk
  Path Type:              Setup (Max at Slow Process Corner)
  Requirement:            4.000ns  (pcie_axi_aclk rise@4.000ns - pcie_axi_aclk rise@0.000ns)
  Data Path Delay:        1.576ns  (logic 0.293ns (18.591%)  route 1.283ns (81.409%))
  Logic Levels:           5  (LUT2=1 LUT4=1 LUT5=1 LUT6=2)
  Clock Path Skew:        -0.145ns (DCD - SCD + CPR)
    Destination Clock Delay (DCD):    2.711ns = ( 6.711 - 4.000 ) 
    Source Clock Delay      (SCD):    2.881ns
    Clock Pessimism Removal (CPR):    0.025ns
  Clock Uncertainty:      0.046ns  ((TSJ^2 + DJ^2)^1/2) / 2 + PE
    Total System Jitter     (TSJ):    0.071ns
    Discrete Jitter          (DJ):    0.060ns
    Phase Error              (PE):    0.000ns

    Location             Delay type                Incr(ns)  Path(ns)    Netlist Resource(s)
  -------------------------------------------------------------------    -------------------
                         (clock pcie_axi_aclk rise edge)
                                                      0.000     0.000 r  
    GTYE4_CHANNEL_X0Y3   GTYE4_CHANNEL                0.000     0.000 r  u_pcie_xdma/inst/pcie4_ip_i/inst/xdma_0_pcie4_ip_gt_top_i/diablo_gt.diablo_gt_phy_wrapper/gt_wizard.gtwizard_top_i/xdma_0_pcie4_ip_gt_i/inst/gen_gtwizard_gtye4_top.xdma_0_pcie4_ip_gt_gtwizard_gtye4_inst/gen_gtwizard_gtye4.gen_channel_container[3].gen_enabled_channel.gtye4_channel_wrapper_inst/channel_inst/gtye4_channel_gen.gen_gtye4_channel_inst[3].GTYE4_CHANNEL_PRIM_INST/TXOUTCLK
                         net (fo=7, unplaced)         0.090     0.090    u_pcie_xdma/inst/pcie4_ip_i/inst/xdma_0_pcie4_ip_gt_top_i/diablo_gt.diablo_gt_phy_wrapper/phy_clk_i/CLK_TXOUTCLK
                         BUFG_GT (Prop_BUFG_GT_I_O)
                                                      0.139     0.229 r  u_pcie_xdma/inst/pcie4_ip_i/inst/xdma_0_pcie4_ip_gt_top_i/diablo_gt.diablo_gt_phy_wrapper/phy_clk_i/bufg_gt_coreclk/O
                         net (fo=26062, unplaced)     2.652     2.881    u_mir_c2h/axi_aclk
                         FDCE                                         r  u_mir_c2h/arlen_r_reg[0]/C
  -------------------------------------------------------------------    -------------------
                         FDCE (Prop_FDCE_C_Q)         0.093     2.974 r  u_mir_c2h/arlen_r_reg[0]/Q
                         net (fo=3, unplaced)         0.164     3.138    u_mir_c2h/arlen_r[0]
                         LUT2 (Prop_LUT2_I1_O)        0.040     3.178 r  u_mir_c2h/FSM_sequential_st[1]_i_8/O
                         net (fo=1, unplaced)         0.214     3.392    u_mir_c2h/FSM_sequential_st[1]_i_8_n_53
                         LUT6 (Prop_LUT6_I3_O)        0.040     3.432 f  u_mir_c2h/FSM_sequential_st[1]_i_5/O
                         net (fo=1, unplaced)         0.214     3.646    u_mir_c2h/FSM_sequential_st[1]_i_5_n_53
                         LUT6 (Prop_LUT6_I0_O)        0.040     3.686 f  u_mir_c2h/FSM_sequential_st[1]_i_2/O
                         net (fo=3, unplaced)         0.220     3.906    u_mir_c2h/FSM_sequential_st[1]_i_2_n_53
                         LUT5 (Prop_LUT5_I4_O)        0.040     3.946 r  u_mir_c2h/cur_r[7]_i_3/O
                         net (fo=3, unplaced)         0.220     4.166    u_mir_c2h/cur_r[7]_i_3_n_53
                         LUT4 (Prop_LUT4_I3_O)        0.040     4.206 r  u_mir_c2h/rdata[127]_i_1/O
                         net (fo=130, unplaced)       0.251     4.457    u_mir_c2h/rdata[127]_i_1_n_53
                         FDCE                                         r  u_mir_c2h/rdata_reg[0]/CE
  -------------------------------------------------------------------    -------------------

                         (clock pcie_axi_aclk rise edge)
                                                      4.000     4.000 r  
    GTYE4_CHANNEL_X0Y3   GTYE4_CHANNEL                0.000     4.000 r  u_pcie_xdma/inst/pcie4_ip_i/inst/xdma_0_pcie4_ip_gt_top_i/diablo_gt.diablo_gt_phy_wrapper/gt_wizard.gtwizard_top_i/xdma_0_pcie4_ip_gt_i/inst/gen_gtwizard_gtye4_top.xdma_0_pcie4_ip_gt_gtwizard_gtye4_inst/gen_gtwizard_gtye4.gen_channel_container[3].gen_enabled_channel.gtye4_channel_wrapper_inst/channel_inst/gtye4_channel_gen.gen_gtye4_channel_inst[3].GTYE4_CHANNEL_PRIM_INST/TXOUTCLK
                         net (fo=7, unplaced)         0.082     4.082    u_pcie_xdma/inst/pcie4_ip_i/inst/xdma_0_pcie4_ip_gt_top_i/diablo_gt.diablo_gt_phy_wrapper/phy_clk_i/CLK_TXOUTCLK
                         BUFG_GT (Prop_BUFG_GT_I_O)
                                                      0.122     4.204 r  u_pcie_xdma/inst/pcie4_ip_i/inst/xdma_0_pcie4_ip_gt_top_i/diablo_gt.diablo_gt_phy_wrapper/phy_clk_i/bufg_gt_coreclk/O
                         net (fo=26062, unplaced)     2.507     6.711    u_mir_c2h/axi_aclk
                         FDCE                                         r  u_mir_c2h/rdata_reg[0]/C
                         clock pessimism              0.025     6.736    
                         clock uncertainty           -0.046     6.690    
                         FDCE (Setup_FDCE_C_CE)      -0.043     6.647    u_mir_c2h/rdata_reg[0]
  -------------------------------------------------------------------
                         required time                          6.647    
                         arrival time                          -4.457    
  -------------------------------------------------------------------
                         slack                                  2.190    

Slack (MET) :             2.190ns  (required time - arrival time)
  Source:                 u_mir_c2h/arlen_r_reg[0]/C
                            (rising edge-triggered cell FDCE clocked by pcie_axi_aclk  {rise@0.000ns fall@2.000ns period=4.000ns})
  Destination:            u_mir_c2h/rdata_reg[100]/CE
                            (rising edge-triggered cell FDCE clocked by pcie_axi_aclk  {rise@0.000ns fall@2.000ns period=4.000ns})
  Path Group:             pcie_axi_aclk
  Path Type:              Setup (Max at Slow Process Corner)
  Requirement:            4.000ns  (pcie_axi_aclk rise@4.000ns - pcie_axi_aclk rise@0.000ns)
  Data Path Delay:        1.576ns  (logic 0.293ns (18.591%)  route 1.283ns (81.409%))
  Logic Levels:           5  (LUT2=1 LUT4=1 LUT5=1 LUT6=2)
  Clock Path Skew:        -0.145ns (DCD - SCD + CPR)
    Destination Clock Delay (DCD):    2.711ns = ( 6.711 - 4.000 ) 
    Source Clock Delay      (SCD):    2.881ns
    Clock Pessimism Removal (CPR):    0.025ns
  Clock Uncertainty:      0.046ns  ((TSJ^2 + DJ^2)^1/2) / 2 + PE
    Total System Jitter     (TSJ):    0.071ns
    Discrete Jitter          (DJ):    0.060ns
    Phase Error              (PE):    0.000ns

    Location             Delay type                Incr(ns)  Path(ns)    Netlist Resource(s)
  -------------------------------------------------------------------    -------------------
                         (clock pcie_axi_aclk rise edge)
                                                      0.000     0.000 r  
    GTYE4_CHANNEL_X0Y3   GTYE4_CHANNEL                0.000     0.000 r  u_pcie_xdma/inst/pcie4_ip_i/inst/xdma_0_pcie4_ip_gt_top_i/diablo_gt.diablo_gt_phy_wrapper/gt_wizard.gtwizard_top_i/xdma_0_pcie4_ip_gt_i/inst/gen_gtwizard_gtye4_top.xdma_0_pcie4_ip_gt_gtwizard_gtye4_inst/gen_gtwizard_gtye4.gen_channel_container[3].gen_enabled_channel.gtye4_channel_wrapper_inst/channel_inst/gtye4_channel_gen.gen_gtye4_channel_inst[3].GTYE4_CHANNEL_PRIM_INST/TXOUTCLK
                         net (fo=7, unplaced)         0.090     0.090    u_pcie_xdma/inst/pcie4_ip_i/inst/xdma_0_pcie4_ip_gt_top_i/diablo_gt.diablo_gt_phy_wrapper/phy_clk_i/CLK_TXOUTCLK
                         BUFG_GT (Prop_BUFG_GT_I_O)
                                                      0.139     0.229 r  u_pcie_xdma/inst/pcie4_ip_i/inst/xdma_0_pcie4_ip_gt_top_i/diablo_gt.diablo_gt_phy_wrapper/phy_clk_i/bufg_gt_coreclk/O
                         net (fo=26062, unplaced)     2.652     2.881    u_mir_c2h/axi_aclk
                         FDCE                                         r  u_mir_c2h/arlen_r_reg[0]/C
  -------------------------------------------------------------------    -------------------
                         FDCE (Prop_FDCE_C_Q)         0.093     2.974 r  u_mir_c2h/arlen_r_reg[0]/Q
                         net (fo=3, unplaced)         0.164     3.138    u_mir_c2h/arlen_r[0]
                         LUT2 (Prop_LUT2_I1_O)        0.040     3.178 r  u_mir_c2h/FSM_sequential_st[1]_i_8/O
                         net (fo=1, unplaced)         0.214     3.392    u_mir_c2h/FSM_sequential_st[1]_i_8_n_53
                         LUT6 (Prop_LUT6_I3_O)        0.040     3.432 f  u_mir_c2h/FSM_sequential_st[1]_i_5/O
                         net (fo=1, unplaced)         0.214     3.646    u_mir_c2h/FSM_sequential_st[1]_i_5_n_53
                         LUT6 (Prop_LUT6_I0_O)        0.040     3.686 f  u_mir_c2h/FSM_sequential_st[1]_i_2/O
                         net (fo=3, unplaced)         0.220     3.906    u_mir_c2h/FSM_sequential_st[1]_i_2_n_53
                         LUT5 (Prop_LUT5_I4_O)        0.040     3.946 r  u_mir_c2h/cur_r[7]_i_3/O
                         net (fo=3, unplaced)         0.220     4.166    u_mir_c2h/cur_r[7]_i_3_n_53
                         LUT4 (Prop_LUT4_I3_O)        0.040     4.206 r  u_mir_c2h/rdata[127]_i_1/O
                         net (fo=130, unplaced)       0.251     4.457    u_mir_c2h/rdata[127]_i_1_n_53
                         FDCE                                         r  u_mir_c2h/rdata_reg[100]/CE
  -------------------------------------------------------------------    -------------------

                         (clock pcie_axi_aclk rise edge)
                                                      4.000     4.000 r  
    GTYE4_CHANNEL_X0Y3   GTYE4_CHANNEL                0.000     4.000 r  u_pcie_xdma/inst/pcie4_ip_i/inst/xdma_0_pcie4_ip_gt_top_i/diablo_gt.diablo_gt_phy_wrapper/gt_wizard.gtwizard_top_i/xdma_0_pcie4_ip_gt_i/inst/gen_gtwizard_gtye4_top.xdma_0_pcie4_ip_gt_gtwizard_gtye4_inst/gen_gtwizard_gtye4.gen_channel_container[3].gen_enabled_channel.gtye4_channel_wrapper_inst/channel_inst/gtye4_channel_gen.gen_gtye4_channel_inst[3].GTYE4_CHANNEL_PRIM_INST/TXOUTCLK
                         net (fo=7, unplaced)         0.082     4.082    u_pcie_xdma/inst/pcie4_ip_i/inst/xdma_0_pcie4_ip_gt_top_i/diablo_gt.diablo_gt_phy_wrapper/phy_clk_i/CLK_TXOUTCLK
                         BUFG_GT (Prop_BUFG_GT_I_O)
                                                      0.122     4.204 r  u_pcie_xdma/inst/pcie4_ip_i/inst/xdma_0_pcie4_ip_gt_top_i/diablo_gt.diablo_gt_phy_wrapper/phy_clk_i/bufg_gt_coreclk/O
                         net (fo=26062, unplaced)     2.507     6.711    u_mir_c2h/axi_aclk
                         FDCE                                         r  u_mir_c2h/rdata_reg[100]/C
                         clock pessimism              0.025     6.736    
                         clock uncertainty           -0.046     6.690    
                         FDCE (Setup_FDCE_C_CE)      -0.043     6.647    u_mir_c2h/rdata_reg[100]
  -------------------------------------------------------------------
                         required time                          6.647    
                         arrival time                          -4.457    
  -------------------------------------------------------------------
                         slack                                  2.190    

Slack (MET) :             2.190ns  (required time - arrival time)
  Source:                 u_mir_c2h/arlen_r_reg[0]/C
                            (rising edge-triggered cell FDCE clocked by pcie_axi_aclk  {rise@0.000ns fall@2.000ns period=4.000ns})
  Destination:            u_mir_c2h/rdata_reg[101]/CE
                            (rising edge-triggered cell FDCE clocked by pcie_axi_aclk  {rise@0.000ns fall@2.000ns period=4.000ns})
  Path Group:             pcie_axi_aclk
  Path Type:              Setup (Max at Slow Process Corner)
  Requirement:            4.000ns  (pcie_axi_aclk rise@4.000ns - pcie_axi_aclk rise@0.000ns)
  Data Path Delay:        1.576ns  (logic 0.293ns (18.591%)  route 1.283ns (81.409%))
  Logic Levels:           5  (LUT2=1 LUT4=1 LUT5=1 LUT6=2)
  Clock Path Skew:        -0.145ns (DCD - SCD + CPR)
    Destination Clock Delay (DCD):    2.711ns = ( 6.711 - 4.000 ) 
    Source Clock Delay      (SCD):    2.881ns
    Clock Pessimism Removal (CPR):    0.025ns
  Clock Uncertainty:      0.046ns  ((TSJ^2 + DJ^2)^1/2) / 2 + PE
    Total System Jitter     (TSJ):    0.071ns
    Discrete Jitter          (DJ):    0.060ns
    Phase Error              (PE):    0.000ns

    Location             Delay type                Incr(ns)  Path(ns)    Netlist Resource(s)
  -------------------------------------------------------------------    -------------------
                         (clock pcie_axi_aclk rise edge)
                                                      0.000     0.000 r  
    GTYE4_CHANNEL_X0Y3   GTYE4_CHANNEL                0.000     0.000 r  u_pcie_xdma/inst/pcie4_ip_i/inst/xdma_0_pcie4_ip_gt_top_i/diablo_gt.diablo_gt_phy_wrapper/gt_wizard.gtwizard_top_i/xdma_0_pcie4_ip_gt_i/inst/gen_gtwizard_gtye4_top.xdma_0_pcie4_ip_gt_gtwizard_gtye4_inst/gen_gtwizard_gtye4.gen_channel_container[3].gen_enabled_channel.gtye4_channel_wrapper_inst/channel_inst/gtye4_channel_gen.gen_gtye4_channel_inst[3].GTYE4_CHANNEL_PRIM_INST/TXOUTCLK
                         net (fo=7, unplaced)         0.090     0.090    u_pcie_xdma/inst/pcie4_ip_i/inst/xdma_0_pcie4_ip_gt_top_i/diablo_gt.diablo_gt_phy_wrapper/phy_clk_i/CLK_TXOUTCLK
                         BUFG_GT (Prop_BUFG_GT_I_O)
                                                      0.139     0.229 r  u_pcie_xdma/inst/pcie4_ip_i/inst/xdma_0_pcie4_ip_gt_top_i/diablo_gt.diablo_gt_phy_wrapper/phy_clk_i/bufg_gt_coreclk/O
                         net (fo=26062, unplaced)     2.652     2.881    u_mir_c2h/axi_aclk
                         FDCE                                         r  u_mir_c2h/arlen_r_reg[0]/C
  -------------------------------------------------------------------    -------------------
                         FDCE (Prop_FDCE_C_Q)         0.093     2.974 r  u_mir_c2h/arlen_r_reg[0]/Q
                         net (fo=3, unplaced)         0.164     3.138    u_mir_c2h/arlen_r[0]
                         LUT2 (Prop_LUT2_I1_O)        0.040     3.178 r  u_mir_c2h/FSM_sequential_st[1]_i_8/O
                         net (fo=1, unplaced)         0.214     3.392    u_mir_c2h/FSM_sequential_st[1]_i_8_n_53
                         LUT6 (Prop_LUT6_I3_O)        0.040     3.432 f  u_mir_c2h/FSM_sequential_st[1]_i_5/O
                         net (fo=1, unplaced)         0.214     3.646    u_mir_c2h/FSM_sequential_st[1]_i_5_n_53
                         LUT6 (Prop_LUT6_I0_O)        0.040     3.686 f  u_mir_c2h/FSM_sequential_st[1]_i_2/O
                         net (fo=3, unplaced)         0.220     3.906    u_mir_c2h/FSM_sequential_st[1]_i_2_n_53
                         LUT5 (Prop_LUT5_I4_O)        0.040     3.946 r  u_mir_c2h/cur_r[7]_i_3/O
                         net (fo=3, unplaced)         0.220     4.166    u_mir_c2h/cur_r[7]_i_3_n_53
                         LUT4 (Prop_LUT4_I3_O)        0.040     4.206 r  u_mir_c2h/rdata[127]_i_1/O
                         net (fo=130, unplaced)       0.251     4.457    u_mir_c2h/rdata[127]_i_1_n_53
                         FDCE                                         r  u_mir_c2h/rdata_reg[101]/CE
  -------------------------------------------------------------------    -------------------

                         (clock pcie_axi_aclk rise edge)
                                                      4.000     4.000 r  
    GTYE4_CHANNEL_X0Y3   GTYE4_CHANNEL                0.000     4.000 r  u_pcie_xdma/inst/pcie4_ip_i/inst/xdma_0_pcie4_ip_gt_top_i/diablo_gt.diablo_gt_phy_wrapper/gt_wizard.gtwizard_top_i/xdma_0_pcie4_ip_gt_i/inst/gen_gtwizard_gtye4_top.xdma_0_pcie4_ip_gt_gtwizard_gtye4_inst/gen_gtwizard_gtye4.gen_channel_container[3].gen_enabled_channel.gtye4_channel_wrapper_inst/channel_inst/gtye4_channel_gen.gen_gtye4_channel_inst[3].GTYE4_CHANNEL_PRIM_INST/TXOUTCLK
                         net (fo=7, unplaced)         0.082     4.082    u_pcie_xdma/inst/pcie4_ip_i/inst/xdma_0_pcie4_ip_gt_top_i/diablo_gt.diablo_gt_phy_wrapper/phy_clk_i/CLK_TXOUTCLK
                         BUFG_GT (Prop_BUFG_GT_I_O)
                                                      0.122     4.204 r  u_pcie_xdma/inst/pcie4_ip_i/inst/xdma_0_pcie4_ip_gt_top_i/diablo_gt.diablo_gt_phy_wrapper/phy_clk_i/bufg_gt_coreclk/O
                         net (fo=26062, unplaced)     2.507     6.711    u_mir_c2h/axi_aclk
                         FDCE                                         r  u_mir_c2h/rdata_reg[101]/C
                         clock pessimism              0.025     6.736    
                         clock uncertainty           -0.046     6.690    
                         FDCE (Setup_FDCE_C_CE)      -0.043     6.647    u_mir_c2h/rdata_reg[101]
  -------------------------------------------------------------------
                         required time                          6.647    
                         arrival time                          -4.457    
  -------------------------------------------------------------------
                         slack                                  2.190    

Slack (MET) :             2.190ns  (required time - arrival time)
  Source:                 u_mir_c2h/arlen_r_reg[0]/C
                            (rising edge-triggered cell FDCE clocked by pcie_axi_aclk  {rise@0.000ns fall@2.000ns period=4.000ns})
  Destination:            u_mir_c2h/rdata_reg[102]/CE
                            (rising edge-triggered cell FDCE clocked by pcie_axi_aclk  {rise@0.000ns fall@2.000ns period=4.000ns})
  Path Group:             pcie_axi_aclk
  Path Type:              Setup (Max at Slow Process Corner)
  Requirement:            4.000ns  (pcie_axi_aclk rise@4.000ns - pcie_axi_aclk rise@0.000ns)
  Data Path Delay:        1.576ns  (logic 0.293ns (18.591%)  route 1.283ns (81.409%))
  Logic Levels:           5  (LUT2=1 LUT4=1 LUT5=1 LUT6=2)
  Clock Path Skew:        -0.145ns (DCD - SCD + CPR)
    Destination Clock Delay (DCD):    2.711ns = ( 6.711 - 4.000 ) 
    Source Clock Delay      (SCD):    2.881ns
    Clock Pessimism Removal (CPR):    0.025ns
  Clock Uncertainty:      0.046ns  ((TSJ^2 + DJ^2)^1/2) / 2 + PE
    Total System Jitter     (TSJ):    0.071ns
    Discrete Jitter          (DJ):    0.060ns
    Phase Error              (PE):    0.000ns

    Location             Delay type                Incr(ns)  Path(ns)    Netlist Resource(s)
  -------------------------------------------------------------------    -------------------
                         (clock pcie_axi_aclk rise edge)
                                                      0.000     0.000 r  
    GTYE4_CHANNEL_X0Y3   GTYE4_CHANNEL                0.000     0.000 r  u_pcie_xdma/inst/pcie4_ip_i/inst/xdma_0_pcie4_ip_gt_top_i/diablo_gt.diablo_gt_phy_wrapper/gt_wizard.gtwizard_top_i/xdma_0_pcie4_ip_gt_i/inst/gen_gtwizard_gtye4_top.xdma_0_pcie4_ip_gt_gtwizard_gtye4_inst/gen_gtwizard_gtye4.gen_channel_container[3].gen_enabled_channel.gtye4_channel_wrapper_inst/channel_inst/gtye4_channel_gen.gen_gtye4_channel_inst[3].GTYE4_CHANNEL_PRIM_INST/TXOUTCLK
                         net (fo=7, unplaced)         0.090     0.090    u_pcie_xdma/inst/pcie4_ip_i/inst/xdma_0_pcie4_ip_gt_top_i/diablo_gt.diablo_gt_phy_wrapper/phy_clk_i/CLK_TXOUTCLK
                         BUFG_GT (Prop_BUFG_GT_I_O)
                                                      0.139     0.229 r  u_pcie_xdma/inst/pcie4_ip_i/inst/xdma_0_pcie4_ip_gt_top_i/diablo_gt.diablo_gt_phy_wrapper/phy_clk_i/bufg_gt_coreclk/O
                         net (fo=26062, unplaced)     2.652     2.881    u_mir_c2h/axi_aclk
                         FDCE                                         r  u_mir_c2h/arlen_r_reg[0]/C
  -------------------------------------------------------------------    -------------------
                         FDCE (Prop_FDCE_C_Q)         0.093     2.974 r  u_mir_c2h/arlen_r_reg[0]/Q
                         net (fo=3, unplaced)         0.164     3.138    u_mir_c2h/arlen_r[0]
                         LUT2 (Prop_LUT2_I1_O)        0.040     3.178 r  u_mir_c2h/FSM_sequential_st[1]_i_8/O
                         net (fo=1, unplaced)         0.214     3.392    u_mir_c2h/FSM_sequential_st[1]_i_8_n_53
                         LUT6 (Prop_LUT6_I3_O)        0.040     3.432 f  u_mir_c2h/FSM_sequential_st[1]_i_5/O
                         net (fo=1, unplaced)         0.214     3.646    u_mir_c2h/FSM_sequential_st[1]_i_5_n_53
                         LUT6 (Prop_LUT6_I0_O)        0.040     3.686 f  u_mir_c2h/FSM_sequential_st[1]_i_2/O
                         net (fo=3, unplaced)         0.220     3.906    u_mir_c2h/FSM_sequential_st[1]_i_2_n_53
                         LUT5 (Prop_LUT5_I4_O)        0.040     3.946 r  u_mir_c2h/cur_r[7]_i_3/O
                         net (fo=3, unplaced)         0.220     4.166    u_mir_c2h/cur_r[7]_i_3_n_53
                         LUT4 (Prop_LUT4_I3_O)        0.040     4.206 r  u_mir_c2h/rdata[127]_i_1/O
                         net (fo=130, unplaced)       0.251     4.457    u_mir_c2h/rdata[127]_i_1_n_53
                         FDCE                                         r  u_mir_c2h/rdata_reg[102]/CE
  -------------------------------------------------------------------    -------------------

                         (clock pcie_axi_aclk rise edge)
                                                      4.000     4.000 r  
    GTYE4_CHANNEL_X0Y3   GTYE4_CHANNEL                0.000     4.000 r  u_pcie_xdma/inst/pcie4_ip_i/inst/xdma_0_pcie4_ip_gt_top_i/diablo_gt.diablo_gt_phy_wrapper/gt_wizard.gtwizard_top_i/xdma_0_pcie4_ip_gt_i/inst/gen_gtwizard_gtye4_top.xdma_0_pcie4_ip_gt_gtwizard_gtye4_inst/gen_gtwizard_gtye4.gen_channel_container[3].gen_enabled_channel.gtye4_channel_wrapper_inst/channel_inst/gtye4_channel_gen.gen_gtye4_channel_inst[3].GTYE4_CHANNEL_PRIM_INST/TXOUTCLK
                         net (fo=7, unplaced)         0.082     4.082    u_pcie_xdma/inst/pcie4_ip_i/inst/xdma_0_pcie4_ip_gt_top_i/diablo_gt.diablo_gt_phy_wrapper/phy_clk_i/CLK_TXOUTCLK
                         BUFG_GT (Prop_BUFG_GT_I_O)
                                                      0.122     4.204 r  u_pcie_xdma/inst/pcie4_ip_i/inst/xdma_0_pcie4_ip_gt_top_i/diablo_gt.diablo_gt_phy_wrapper/phy_clk_i/bufg_gt_coreclk/O
                         net (fo=26062, unplaced)     2.507     6.711    u_mir_c2h/axi_aclk
                         FDCE                                         r  u_mir_c2h/rdata_reg[102]/C
                         clock pessimism              0.025     6.736    
                         clock uncertainty           -0.046     6.690    
                         FDCE (Setup_FDCE_C_CE)      -0.043     6.647    u_mir_c2h/rdata_reg[102]
  -------------------------------------------------------------------
                         required time                          6.647    
                         arrival time                          -4.457    
  -------------------------------------------------------------------
                         slack                                  2.190    

Slack (MET) :             2.190ns  (required time - arrival time)
  Source:                 u_mir_c2h/arlen_r_reg[0]/C
                            (rising edge-triggered cell FDCE clocked by pcie_axi_aclk  {rise@0.000ns fall@2.000ns period=4.000ns})
  Destination:            u_mir_c2h/rdata_reg[103]/CE
                            (rising edge-triggered cell FDCE clocked by pcie_axi_aclk  {rise@0.000ns fall@2.000ns period=4.000ns})
  Path Group:             pcie_axi_aclk
  Path Type:              Setup (Max at Slow Process Corner)
  Requirement:            4.000ns  (pcie_axi_aclk rise@4.000ns - pcie_axi_aclk rise@0.000ns)
  Data Path Delay:        1.576ns  (logic 0.293ns (18.591%)  route 1.283ns (81.409%))
  Logic Levels:           5  (LUT2=1 LUT4=1 LUT5=1 LUT6=2)
  Clock Path Skew:        -0.145ns (DCD - SCD + CPR)
    Destination Clock Delay (DCD):    2.711ns = ( 6.711 - 4.000 ) 
    Source Clock Delay      (SCD):    2.881ns
    Clock Pessimism Removal (CPR):    0.025ns
  Clock Uncertainty:      0.046ns  ((TSJ^2 + DJ^2)^1/2) / 2 + PE
    Total System Jitter     (TSJ):    0.071ns
    Discrete Jitter          (DJ):    0.060ns
    Phase Error              (PE):    0.000ns

    Location             Delay type                Incr(ns)  Path(ns)    Netlist Resource(s)
  -------------------------------------------------------------------    -------------------
                         (clock pcie_axi_aclk rise edge)
                                                      0.000     0.000 r  
    GTYE4_CHANNEL_X0Y3   GTYE4_CHANNEL                0.000     0.000 r  u_pcie_xdma/inst/pcie4_ip_i/inst/xdma_0_pcie4_ip_gt_top_i/diablo_gt.diablo_gt_phy_wrapper/gt_wizard.gtwizard_top_i/xdma_0_pcie4_ip_gt_i/inst/gen_gtwizard_gtye4_top.xdma_0_pcie4_ip_gt_gtwizard_gtye4_inst/gen_gtwizard_gtye4.gen_channel_container[3].gen_enabled_channel.gtye4_channel_wrapper_inst/channel_inst/gtye4_channel_gen.gen_gtye4_channel_inst[3].GTYE4_CHANNEL_PRIM_INST/TXOUTCLK
                         net (fo=7, unplaced)         0.090     0.090    u_pcie_xdma/inst/pcie4_ip_i/inst/xdma_0_pcie4_ip_gt_top_i/diablo_gt.diablo_gt_phy_wrapper/phy_clk_i/CLK_TXOUTCLK
                         BUFG_GT (Prop_BUFG_GT_I_O)
                                                      0.139     0.229 r  u_pcie_xdma/inst/pcie4_ip_i/inst/xdma_0_pcie4_ip_gt_top_i/diablo_gt.diablo_gt_phy_wrapper/phy_clk_i/bufg_gt_coreclk/O
                         net (fo=26062, unplaced)     2.652     2.881    u_mir_c2h/axi_aclk
                         FDCE                                         r  u_mir_c2h/arlen_r_reg[0]/C
  -------------------------------------------------------------------    -------------------
                         FDCE (Prop_FDCE_C_Q)         0.093     2.974 r  u_mir_c2h/arlen_r_reg[0]/Q
                         net (fo=3, unplaced)         0.164     3.138    u_mir_c2h/arlen_r[0]
                         LUT2 (Prop_LUT2_I1_O)        0.040     3.178 r  u_mir_c2h/FSM_sequential_st[1]_i_8/O
                         net (fo=1, unplaced)         0.214     3.392    u_mir_c2h/FSM_sequential_st[1]_i_8_n_53
                         LUT6 (Prop_LUT6_I3_O)        0.040     3.432 f  u_mir_c2h/FSM_sequential_st[1]_i_5/O
                         net (fo=1, unplaced)         0.214     3.646    u_mir_c2h/FSM_sequential_st[1]_i_5_n_53
                         LUT6 (Prop_LUT6_I0_O)        0.040     3.686 f  u_mir_c2h/FSM_sequential_st[1]_i_2/O
                         net (fo=3, unplaced)         0.220     3.906    u_mir_c2h/FSM_sequential_st[1]_i_2_n_53
                         LUT5 (Prop_LUT5_I4_O)        0.040     3.946 r  u_mir_c2h/cur_r[7]_i_3/O
                         net (fo=3, unplaced)         0.220     4.166    u_mir_c2h/cur_r[7]_i_3_n_53
                         LUT4 (Prop_LUT4_I3_O)        0.040     4.206 r  u_mir_c2h/rdata[127]_i_1/O
                         net (fo=130, unplaced)       0.251     4.457    u_mir_c2h/rdata[127]_i_1_n_53
                         FDCE                                         r  u_mir_c2h/rdata_reg[103]/CE
  -------------------------------------------------------------------    -------------------

                         (clock pcie_axi_aclk rise edge)
                                                      4.000     4.000 r  
    GTYE4_CHANNEL_X0Y3   GTYE4_CHANNEL                0.000     4.000 r  u_pcie_xdma/inst/pcie4_ip_i/inst/xdma_0_pcie4_ip_gt_top_i/diablo_gt.diablo_gt_phy_wrapper/gt_wizard.gtwizard_top_i/xdma_0_pcie4_ip_gt_i/inst/gen_gtwizard_gtye4_top.xdma_0_pcie4_ip_gt_gtwizard_gtye4_inst/gen_gtwizard_gtye4.gen_channel_container[3].gen_enabled_channel.gtye4_channel_wrapper_inst/channel_inst/gtye4_channel_gen.gen_gtye4_channel_inst[3].GTYE4_CHANNEL_PRIM_INST/TXOUTCLK
                         net (fo=7, unplaced)         0.082     4.082    u_pcie_xdma/inst/pcie4_ip_i/inst/xdma_0_pcie4_ip_gt_top_i/diablo_gt.diablo_gt_phy_wrapper/phy_clk_i/CLK_TXOUTCLK
                         BUFG_GT (Prop_BUFG_GT_I_O)
                                                      0.122     4.204 r  u_pcie_xdma/inst/pcie4_ip_i/inst/xdma_0_pcie4_ip_gt_top_i/diablo_gt.diablo_gt_phy_wrapper/phy_clk_i/bufg_gt_coreclk/O
                         net (fo=26062, unplaced)     2.507     6.711    u_mir_c2h/axi_aclk
                         FDCE                                         r  u_mir_c2h/rdata_reg[103]/C
                         clock pessimism              0.025     6.736    
                         clock uncertainty           -0.046     6.690    
                         FDCE (Setup_FDCE_C_CE)      -0.043     6.647    u_mir_c2h/rdata_reg[103]
  -------------------------------------------------------------------
                         required time                          6.647    
                         arrival time                          -4.457    
  -------------------------------------------------------------------
                         slack                                  2.190    

Slack (MET) :             2.190ns  (required time - arrival time)
  Source:                 u_mir_c2h/arlen_r_reg[0]/C
                            (rising edge-triggered cell FDCE clocked by pcie_axi_aclk  {rise@0.000ns fall@2.000ns period=4.000ns})
  Destination:            u_mir_c2h/rdata_reg[104]/CE
                            (rising edge-triggered cell FDCE clocked by pcie_axi_aclk  {rise@0.000ns fall@2.000ns period=4.000ns})
  Path Group:             pcie_axi_aclk
  Path Type:              Setup (Max at Slow Process Corner)
  Requirement:            4.000ns  (pcie_axi_aclk rise@4.000ns - pcie_axi_aclk rise@0.000ns)
  Data Path Delay:        1.576ns  (logic 0.293ns (18.591%)  route 1.283ns (81.409%))
  Logic Levels:           5  (LUT2=1 LUT4=1 LUT5=1 LUT6=2)
  Clock Path Skew:        -0.145ns (DCD - SCD + CPR)
    Destination Clock Delay (DCD):    2.711ns = ( 6.711 - 4.000 ) 
    Source Clock Delay      (SCD):    2.881ns
    Clock Pessimism Removal (CPR):    0.025ns
  Clock Uncertainty:      0.046ns  ((TSJ^2 + DJ^2)^1/2) / 2 + PE
    Total System Jitter     (TSJ):    0.071ns
    Discrete Jitter          (DJ):    0.060ns
    Phase Error              (PE):    0.000ns

    Location             Delay type                Incr(ns)  Path(ns)    Netlist Resource(s)
  -------------------------------------------------------------------    -------------------
                         (clock pcie_axi_aclk rise edge)
                                                      0.000     0.000 r  
    GTYE4_CHANNEL_X0Y3   GTYE4_CHANNEL                0.000     0.000 r  u_pcie_xdma/inst/pcie4_ip_i/inst/xdma_0_pcie4_ip_gt_top_i/diablo_gt.diablo_gt_phy_wrapper/gt_wizard.gtwizard_top_i/xdma_0_pcie4_ip_gt_i/inst/gen_gtwizard_gtye4_top.xdma_0_pcie4_ip_gt_gtwizard_gtye4_inst/gen_gtwizard_gtye4.gen_channel_container[3].gen_enabled_channel.gtye4_channel_wrapper_inst/channel_inst/gtye4_channel_gen.gen_gtye4_channel_inst[3].GTYE4_CHANNEL_PRIM_INST/TXOUTCLK
                         net (fo=7, unplaced)         0.090     0.090    u_pcie_xdma/inst/pcie4_ip_i/inst/xdma_0_pcie4_ip_gt_top_i/diablo_gt.diablo_gt_phy_wrapper/phy_clk_i/CLK_TXOUTCLK
                         BUFG_GT (Prop_BUFG_GT_I_O)
                                                      0.139     0.229 r  u_pcie_xdma/inst/pcie4_ip_i/inst/xdma_0_pcie4_ip_gt_top_i/diablo_gt.diablo_gt_phy_wrapper/phy_clk_i/bufg_gt_coreclk/O
                         net (fo=26062, unplaced)     2.652     2.881    u_mir_c2h/axi_aclk
                         FDCE                                         r  u_mir_c2h/arlen_r_reg[0]/C
  -------------------------------------------------------------------    -------------------
                         FDCE (Prop_FDCE_C_Q)         0.093     2.974 r  u_mir_c2h/arlen_r_reg[0]/Q
                         net (fo=3, unplaced)         0.164     3.138    u_mir_c2h/arlen_r[0]
                         LUT2 (Prop_LUT2_I1_O)        0.040     3.178 r  u_mir_c2h/FSM_sequential_st[1]_i_8/O
                         net (fo=1, unplaced)         0.214     3.392    u_mir_c2h/FSM_sequential_st[1]_i_8_n_53
                         LUT6 (Prop_LUT6_I3_O)        0.040     3.432 f  u_mir_c2h/FSM_sequential_st[1]_i_5/O
                         net (fo=1, unplaced)         0.214     3.646    u_mir_c2h/FSM_sequential_st[1]_i_5_n_53
                         LUT6 (Prop_LUT6_I0_O)        0.040     3.686 f  u_mir_c2h/FSM_sequential_st[1]_i_2/O
                         net (fo=3, unplaced)         0.220     3.906    u_mir_c2h/FSM_sequential_st[1]_i_2_n_53
                         LUT5 (Prop_LUT5_I4_O)        0.040     3.946 r  u_mir_c2h/cur_r[7]_i_3/O
                         net (fo=3, unplaced)         0.220     4.166    u_mir_c2h/cur_r[7]_i_3_n_53
                         LUT4 (Prop_LUT4_I3_O)        0.040     4.206 r  u_mir_c2h/rdata[127]_i_1/O
                         net (fo=130, unplaced)       0.251     4.457    u_mir_c2h/rdata[127]_i_1_n_53
                         FDCE                                         r  u_mir_c2h/rdata_reg[104]/CE
  -------------------------------------------------------------------    -------------------

                         (clock pcie_axi_aclk rise edge)
                                                      4.000     4.000 r  
    GTYE4_CHANNEL_X0Y3   GTYE4_CHANNEL                0.000     4.000 r  u_pcie_xdma/inst/pcie4_ip_i/inst/xdma_0_pcie4_ip_gt_top_i/diablo_gt.diablo_gt_phy_wrapper/gt_wizard.gtwizard_top_i/xdma_0_pcie4_ip_gt_i/inst/gen_gtwizard_gtye4_top.xdma_0_pcie4_ip_gt_gtwizard_gtye4_inst/gen_gtwizard_gtye4.gen_channel_container[3].gen_enabled_channel.gtye4_channel_wrapper_inst/channel_inst/gtye4_channel_gen.gen_gtye4_channel_inst[3].GTYE4_CHANNEL_PRIM_INST/TXOUTCLK
                         net (fo=7, unplaced)         0.082     4.082    u_pcie_xdma/inst/pcie4_ip_i/inst/xdma_0_pcie4_ip_gt_top_i/diablo_gt.diablo_gt_phy_wrapper/phy_clk_i/CLK_TXOUTCLK
                         BUFG_GT (Prop_BUFG_GT_I_O)
                                                      0.122     4.204 r  u_pcie_xdma/inst/pcie4_ip_i/inst/xdma_0_pcie4_ip_gt_top_i/diablo_gt.diablo_gt_phy_wrapper/phy_clk_i/bufg_gt_coreclk/O
                         net (fo=26062, unplaced)     2.507     6.711    u_mir_c2h/axi_aclk
                         FDCE                                         r  u_mir_c2h/rdata_reg[104]/C
                         clock pessimism              0.025     6.736    
                         clock uncertainty           -0.046     6.690    
                         FDCE (Setup_FDCE_C_CE)      -0.043     6.647    u_mir_c2h/rdata_reg[104]
  -------------------------------------------------------------------
                         required time                          6.647    
                         arrival time                          -4.457    
  -------------------------------------------------------------------
                         slack                                  2.190    

Slack (MET) :             2.190ns  (required time - arrival time)
  Source:                 u_mir_c2h/arlen_r_reg[0]/C
                            (rising edge-triggered cell FDCE clocked by pcie_axi_aclk  {rise@0.000ns fall@2.000ns period=4.000ns})
  Destination:            u_mir_c2h/rdata_reg[105]/CE
                            (rising edge-triggered cell FDCE clocked by pcie_axi_aclk  {rise@0.000ns fall@2.000ns period=4.000ns})
  Path Group:             pcie_axi_aclk
  Path Type:              Setup (Max at Slow Process Corner)
  Requirement:            4.000ns  (pcie_axi_aclk rise@4.000ns - pcie_axi_aclk rise@0.000ns)
  Data Path Delay:        1.576ns  (logic 0.293ns (18.591%)  route 1.283ns (81.409%))
  Logic Levels:           5  (LUT2=1 LUT4=1 LUT5=1 LUT6=2)
  Clock Path Skew:        -0.145ns (DCD - SCD + CPR)
    Destination Clock Delay (DCD):    2.711ns = ( 6.711 - 4.000 ) 
    Source Clock Delay      (SCD):    2.881ns
    Clock Pessimism Removal (CPR):    0.025ns
  Clock Uncertainty:      0.046ns  ((TSJ^2 + DJ^2)^1/2) / 2 + PE
    Total System Jitter     (TSJ):    0.071ns
    Discrete Jitter          (DJ):    0.060ns
    Phase Error              (PE):    0.000ns

    Location             Delay type                Incr(ns)  Path(ns)    Netlist Resource(s)
  -------------------------------------------------------------------    -------------------
                         (clock pcie_axi_aclk rise edge)
                                                      0.000     0.000 r  
    GTYE4_CHANNEL_X0Y3   GTYE4_CHANNEL                0.000     0.000 r  u_pcie_xdma/inst/pcie4_ip_i/inst/xdma_0_pcie4_ip_gt_top_i/diablo_gt.diablo_gt_phy_wrapper/gt_wizard.gtwizard_top_i/xdma_0_pcie4_ip_gt_i/inst/gen_gtwizard_gtye4_top.xdma_0_pcie4_ip_gt_gtwizard_gtye4_inst/gen_gtwizard_gtye4.gen_channel_container[3].gen_enabled_channel.gtye4_channel_wrapper_inst/channel_inst/gtye4_channel_gen.gen_gtye4_channel_inst[3].GTYE4_CHANNEL_PRIM_INST/TXOUTCLK
                         net (fo=7, unplaced)         0.090     0.090    u_pcie_xdma/inst/pcie4_ip_i/inst/xdma_0_pcie4_ip_gt_top_i/diablo_gt.diablo_gt_phy_wrapper/phy_clk_i/CLK_TXOUTCLK
                         BUFG_GT (Prop_BUFG_GT_I_O)
                                                      0.139     0.229 r  u_pcie_xdma/inst/pcie4_ip_i/inst/xdma_0_pcie4_ip_gt_top_i/diablo_gt.diablo_gt_phy_wrapper/phy_clk_i/bufg_gt_coreclk/O
                         net (fo=26062, unplaced)     2.652     2.881    u_mir_c2h/axi_aclk
                         FDCE                                         r  u_mir_c2h/arlen_r_reg[0]/C
  -------------------------------------------------------------------    -------------------
                         FDCE (Prop_FDCE_C_Q)         0.093     2.974 r  u_mir_c2h/arlen_r_reg[0]/Q
                         net (fo=3, unplaced)         0.164     3.138    u_mir_c2h/arlen_r[0]
                         LUT2 (Prop_LUT2_I1_O)        0.040     3.178 r  u_mir_c2h/FSM_sequential_st[1]_i_8/O
                         net (fo=1, unplaced)         0.214     3.392    u_mir_c2h/FSM_sequential_st[1]_i_8_n_53
                         LUT6 (Prop_LUT6_I3_O)        0.040     3.432 f  u_mir_c2h/FSM_sequential_st[1]_i_5/O
                         net (fo=1, unplaced)         0.214     3.646    u_mir_c2h/FSM_sequential_st[1]_i_5_n_53
                         LUT6 (Prop_LUT6_I0_O)        0.040     3.686 f  u_mir_c2h/FSM_sequential_st[1]_i_2/O
                         net (fo=3, unplaced)         0.220     3.906    u_mir_c2h/FSM_sequential_st[1]_i_2_n_53
                         LUT5 (Prop_LUT5_I4_O)        0.040     3.946 r  u_mir_c2h/cur_r[7]_i_3/O
                         net (fo=3, unplaced)         0.220     4.166    u_mir_c2h/cur_r[7]_i_3_n_53
                         LUT4 (Prop_LUT4_I3_O)        0.040     4.206 r  u_mir_c2h/rdata[127]_i_1/O
                         net (fo=130, unplaced)       0.251     4.457    u_mir_c2h/rdata[127]_i_1_n_53
                         FDCE                                         r  u_mir_c2h/rdata_reg[105]/CE
  -------------------------------------------------------------------    -------------------

                         (clock pcie_axi_aclk rise edge)
                                                      4.000     4.000 r  
    GTYE4_CHANNEL_X0Y3   GTYE4_CHANNEL                0.000     4.000 r  u_pcie_xdma/inst/pcie4_ip_i/inst/xdma_0_pcie4_ip_gt_top_i/diablo_gt.diablo_gt_phy_wrapper/gt_wizard.gtwizard_top_i/xdma_0_pcie4_ip_gt_i/inst/gen_gtwizard_gtye4_top.xdma_0_pcie4_ip_gt_gtwizard_gtye4_inst/gen_gtwizard_gtye4.gen_channel_container[3].gen_enabled_channel.gtye4_channel_wrapper_inst/channel_inst/gtye4_channel_gen.gen_gtye4_channel_inst[3].GTYE4_CHANNEL_PRIM_INST/TXOUTCLK
                         net (fo=7, unplaced)         0.082     4.082    u_pcie_xdma/inst/pcie4_ip_i/inst/xdma_0_pcie4_ip_gt_top_i/diablo_gt.diablo_gt_phy_wrapper/phy_clk_i/CLK_TXOUTCLK
                         BUFG_GT (Prop_BUFG_GT_I_O)
                                                      0.122     4.204 r  u_pcie_xdma/inst/pcie4_ip_i/inst/xdma_0_pcie4_ip_gt_top_i/diablo_gt.diablo_gt_phy_wrapper/phy_clk_i/bufg_gt_coreclk/O
                         net (fo=26062, unplaced)     2.507     6.711    u_mir_c2h/axi_aclk
                         FDCE                                         r  u_mir_c2h/rdata_reg[105]/C
                         clock pessimism              0.025     6.736    
                         clock uncertainty           -0.046     6.690    
                         FDCE (Setup_FDCE_C_CE)      -0.043     6.647    u_mir_c2h/rdata_reg[105]
  -------------------------------------------------------------------
                         required time                          6.647    
                         arrival time                          -4.457    
  -------------------------------------------------------------------
                         slack                                  2.190    

Slack (MET) :             2.190ns  (required time - arrival time)
  Source:                 u_mir_c2h/arlen_r_reg[0]/C
                            (rising edge-triggered cell FDCE clocked by pcie_axi_aclk  {rise@0.000ns fall@2.000ns period=4.000ns})
  Destination:            u_mir_c2h/rdata_reg[106]/CE
                            (rising edge-triggered cell FDCE clocked by pcie_axi_aclk  {rise@0.000ns fall@2.000ns period=4.000ns})
  Path Group:             pcie_axi_aclk
  Path Type:              Setup (Max at Slow Process Corner)
  Requirement:            4.000ns  (pcie_axi_aclk rise@4.000ns - pcie_axi_aclk rise@0.000ns)
  Data Path Delay:        1.576ns  (logic 0.293ns (18.591%)  route 1.283ns (81.409%))
  Logic Levels:           5  (LUT2=1 LUT4=1 LUT5=1 LUT6=2)
  Clock Path Skew:        -0.145ns (DCD - SCD + CPR)
    Destination Clock Delay (DCD):    2.711ns = ( 6.711 - 4.000 ) 
    Source Clock Delay      (SCD):    2.881ns
    Clock Pessimism Removal (CPR):    0.025ns
  Clock Uncertainty:      0.046ns  ((TSJ^2 + DJ^2)^1/2) / 2 + PE
    Total System Jitter     (TSJ):    0.071ns
    Discrete Jitter          (DJ):    0.060ns
    Phase Error              (PE):    0.000ns

    Location             Delay type                Incr(ns)  Path(ns)    Netlist Resource(s)
  -------------------------------------------------------------------    -------------------
                         (clock pcie_axi_aclk rise edge)
                                                      0.000     0.000 r  
    GTYE4_CHANNEL_X0Y3   GTYE4_CHANNEL                0.000     0.000 r  u_pcie_xdma/inst/pcie4_ip_i/inst/xdma_0_pcie4_ip_gt_top_i/diablo_gt.diablo_gt_phy_wrapper/gt_wizard.gtwizard_top_i/xdma_0_pcie4_ip_gt_i/inst/gen_gtwizard_gtye4_top.xdma_0_pcie4_ip_gt_gtwizard_gtye4_inst/gen_gtwizard_gtye4.gen_channel_container[3].gen_enabled_channel.gtye4_channel_wrapper_inst/channel_inst/gtye4_channel_gen.gen_gtye4_channel_inst[3].GTYE4_CHANNEL_PRIM_INST/TXOUTCLK
                         net (fo=7, unplaced)         0.090     0.090    u_pcie_xdma/inst/pcie4_ip_i/inst/xdma_0_pcie4_ip_gt_top_i/diablo_gt.diablo_gt_phy_wrapper/phy_clk_i/CLK_TXOUTCLK
                         BUFG_GT (Prop_BUFG_GT_I_O)
                                                      0.139     0.229 r  u_pcie_xdma/inst/pcie4_ip_i/inst/xdma_0_pcie4_ip_gt_top_i/diablo_gt.diablo_gt_phy_wrapper/phy_clk_i/bufg_gt_coreclk/O
                         net (fo=26062, unplaced)     2.652     2.881    u_mir_c2h/axi_aclk
                         FDCE                                         r  u_mir_c2h/arlen_r_reg[0]/C
  -------------------------------------------------------------------    -------------------
                         FDCE (Prop_FDCE_C_Q)         0.093     2.974 r  u_mir_c2h/arlen_r_reg[0]/Q
                         net (fo=3, unplaced)         0.164     3.138    u_mir_c2h/arlen_r[0]
                         LUT2 (Prop_LUT2_I1_O)        0.040     3.178 r  u_mir_c2h/FSM_sequential_st[1]_i_8/O
                         net (fo=1, unplaced)         0.214     3.392    u_mir_c2h/FSM_sequential_st[1]_i_8_n_53
                         LUT6 (Prop_LUT6_I3_O)        0.040     3.432 f  u_mir_c2h/FSM_sequential_st[1]_i_5/O
                         net (fo=1, unplaced)         0.214     3.646    u_mir_c2h/FSM_sequential_st[1]_i_5_n_53
                         LUT6 (Prop_LUT6_I0_O)        0.040     3.686 f  u_mir_c2h/FSM_sequential_st[1]_i_2/O
                         net (fo=3, unplaced)         0.220     3.906    u_mir_c2h/FSM_sequential_st[1]_i_2_n_53
                         LUT5 (Prop_LUT5_I4_O)        0.040     3.946 r  u_mir_c2h/cur_r[7]_i_3/O
                         net (fo=3, unplaced)         0.220     4.166    u_mir_c2h/cur_r[7]_i_3_n_53
                         LUT4 (Prop_LUT4_I3_O)        0.040     4.206 r  u_mir_c2h/rdata[127]_i_1/O
                         net (fo=130, unplaced)       0.251     4.457    u_mir_c2h/rdata[127]_i_1_n_53
                         FDCE                                         r  u_mir_c2h/rdata_reg[106]/CE
  -------------------------------------------------------------------    -------------------

                         (clock pcie_axi_aclk rise edge)
                                                      4.000     4.000 r  
    GTYE4_CHANNEL_X0Y3   GTYE4_CHANNEL                0.000     4.000 r  u_pcie_xdma/inst/pcie4_ip_i/inst/xdma_0_pcie4_ip_gt_top_i/diablo_gt.diablo_gt_phy_wrapper/gt_wizard.gtwizard_top_i/xdma_0_pcie4_ip_gt_i/inst/gen_gtwizard_gtye4_top.xdma_0_pcie4_ip_gt_gtwizard_gtye4_inst/gen_gtwizard_gtye4.gen_channel_container[3].gen_enabled_channel.gtye4_channel_wrapper_inst/channel_inst/gtye4_channel_gen.gen_gtye4_channel_inst[3].GTYE4_CHANNEL_PRIM_INST/TXOUTCLK
                         net (fo=7, unplaced)         0.082     4.082    u_pcie_xdma/inst/pcie4_ip_i/inst/xdma_0_pcie4_ip_gt_top_i/diablo_gt.diablo_gt_phy_wrapper/phy_clk_i/CLK_TXOUTCLK
                         BUFG_GT (Prop_BUFG_GT_I_O)
                                                      0.122     4.204 r  u_pcie_xdma/inst/pcie4_ip_i/inst/xdma_0_pcie4_ip_gt_top_i/diablo_gt.diablo_gt_phy_wrapper/phy_clk_i/bufg_gt_coreclk/O
                         net (fo=26062, unplaced)     2.507     6.711    u_mir_c2h/axi_aclk
                         FDCE                                         r  u_mir_c2h/rdata_reg[106]/C
                         clock pessimism              0.025     6.736    
                         clock uncertainty           -0.046     6.690    
                         FDCE (Setup_FDCE_C_CE)      -0.043     6.647    u_mir_c2h/rdata_reg[106]
  -------------------------------------------------------------------
                         required time                          6.647    
                         arrival time                          -4.457    
  -------------------------------------------------------------------
                         slack                                  2.190    

Slack (MET) :             2.190ns  (required time - arrival time)
  Source:                 u_mir_c2h/arlen_r_reg[0]/C
                            (rising edge-triggered cell FDCE clocked by pcie_axi_aclk  {rise@0.000ns fall@2.000ns period=4.000ns})
  Destination:            u_mir_c2h/rdata_reg[107]/CE
                            (rising edge-triggered cell FDCE clocked by pcie_axi_aclk  {rise@0.000ns fall@2.000ns period=4.000ns})
  Path Group:             pcie_axi_aclk
  Path Type:              Setup (Max at Slow Process Corner)
  Requirement:            4.000ns  (pcie_axi_aclk rise@4.000ns - pcie_axi_aclk rise@0.000ns)
  Data Path Delay:        1.576ns  (logic 0.293ns (18.591%)  route 1.283ns (81.409%))
  Logic Levels:           5  (LUT2=1 LUT4=1 LUT5=1 LUT6=2)
  Clock Path Skew:        -0.145ns (DCD - SCD + CPR)
    Destination Clock Delay (DCD):    2.711ns = ( 6.711 - 4.000 ) 
    Source Clock Delay      (SCD):    2.881ns
    Clock Pessimism Removal (CPR):    0.025ns
  Clock Uncertainty:      0.046ns  ((TSJ^2 + DJ^2)^1/2) / 2 + PE
    Total System Jitter     (TSJ):    0.071ns
    Discrete Jitter          (DJ):    0.060ns
    Phase Error              (PE):    0.000ns

    Location             Delay type                Incr(ns)  Path(ns)    Netlist Resource(s)
  -------------------------------------------------------------------    -------------------
                         (clock pcie_axi_aclk rise edge)
                                                      0.000     0.000 r  
    GTYE4_CHANNEL_X0Y3   GTYE4_CHANNEL                0.000     0.000 r  u_pcie_xdma/inst/pcie4_ip_i/inst/xdma_0_pcie4_ip_gt_top_i/diablo_gt.diablo_gt_phy_wrapper/gt_wizard.gtwizard_top_i/xdma_0_pcie4_ip_gt_i/inst/gen_gtwizard_gtye4_top.xdma_0_pcie4_ip_gt_gtwizard_gtye4_inst/gen_gtwizard_gtye4.gen_channel_container[3].gen_enabled_channel.gtye4_channel_wrapper_inst/channel_inst/gtye4_channel_gen.gen_gtye4_channel_inst[3].GTYE4_CHANNEL_PRIM_INST/TXOUTCLK
                         net (fo=7, unplaced)         0.090     0.090    u_pcie_xdma/inst/pcie4_ip_i/inst/xdma_0_pcie4_ip_gt_top_i/diablo_gt.diablo_gt_phy_wrapper/phy_clk_i/CLK_TXOUTCLK
                         BUFG_GT (Prop_BUFG_GT_I_O)
                                                      0.139     0.229 r  u_pcie_xdma/inst/pcie4_ip_i/inst/xdma_0_pcie4_ip_gt_top_i/diablo_gt.diablo_gt_phy_wrapper/phy_clk_i/bufg_gt_coreclk/O
                         net (fo=26062, unplaced)     2.652     2.881    u_mir_c2h/axi_aclk
                         FDCE                                         r  u_mir_c2h/arlen_r_reg[0]/C
  -------------------------------------------------------------------    -------------------
                         FDCE (Prop_FDCE_C_Q)         0.093     2.974 r  u_mir_c2h/arlen_r_reg[0]/Q
                         net (fo=3, unplaced)         0.164     3.138    u_mir_c2h/arlen_r[0]
                         LUT2 (Prop_LUT2_I1_O)        0.040     3.178 r  u_mir_c2h/FSM_sequential_st[1]_i_8/O
                         net (fo=1, unplaced)         0.214     3.392    u_mir_c2h/FSM_sequential_st[1]_i_8_n_53
                         LUT6 (Prop_LUT6_I3_O)        0.040     3.432 f  u_mir_c2h/FSM_sequential_st[1]_i_5/O
                         net (fo=1, unplaced)         0.214     3.646    u_mir_c2h/FSM_sequential_st[1]_i_5_n_53
                         LUT6 (Prop_LUT6_I0_O)        0.040     3.686 f  u_mir_c2h/FSM_sequential_st[1]_i_2/O
                         net (fo=3, unplaced)         0.220     3.906    u_mir_c2h/FSM_sequential_st[1]_i_2_n_53
                         LUT5 (Prop_LUT5_I4_O)        0.040     3.946 r  u_mir_c2h/cur_r[7]_i_3/O
                         net (fo=3, unplaced)         0.220     4.166    u_mir_c2h/cur_r[7]_i_3_n_53
                         LUT4 (Prop_LUT4_I3_O)        0.040     4.206 r  u_mir_c2h/rdata[127]_i_1/O
                         net (fo=130, unplaced)       0.251     4.457    u_mir_c2h/rdata[127]_i_1_n_53
                         FDCE                                         r  u_mir_c2h/rdata_reg[107]/CE
  -------------------------------------------------------------------    -------------------

                         (clock pcie_axi_aclk rise edge)
                                                      4.000     4.000 r  
    GTYE4_CHANNEL_X0Y3   GTYE4_CHANNEL                0.000     4.000 r  u_pcie_xdma/inst/pcie4_ip_i/inst/xdma_0_pcie4_ip_gt_top_i/diablo_gt.diablo_gt_phy_wrapper/gt_wizard.gtwizard_top_i/xdma_0_pcie4_ip_gt_i/inst/gen_gtwizard_gtye4_top.xdma_0_pcie4_ip_gt_gtwizard_gtye4_inst/gen_gtwizard_gtye4.gen_channel_container[3].gen_enabled_channel.gtye4_channel_wrapper_inst/channel_inst/gtye4_channel_gen.gen_gtye4_channel_inst[3].GTYE4_CHANNEL_PRIM_INST/TXOUTCLK
                         net (fo=7, unplaced)         0.082     4.082    u_pcie_xdma/inst/pcie4_ip_i/inst/xdma_0_pcie4_ip_gt_top_i/diablo_gt.diablo_gt_phy_wrapper/phy_clk_i/CLK_TXOUTCLK
                         BUFG_GT (Prop_BUFG_GT_I_O)
                                                      0.122     4.204 r  u_pcie_xdma/inst/pcie4_ip_i/inst/xdma_0_pcie4_ip_gt_top_i/diablo_gt.diablo_gt_phy_wrapper/phy_clk_i/bufg_gt_coreclk/O
                         net (fo=26062, unplaced)     2.507     6.711    u_mir_c2h/axi_aclk
                         FDCE                                         r  u_mir_c2h/rdata_reg[107]/C
                         clock pessimism              0.025     6.736    
                         clock uncertainty           -0.046     6.690    
                         FDCE (Setup_FDCE_C_CE)      -0.043     6.647    u_mir_c2h/rdata_reg[107]
  -------------------------------------------------------------------
                         required time                          6.647    
                         arrival time                          -4.457    
  -------------------------------------------------------------------
                         slack                                  2.190    

Slack (MET) :             2.190ns  (required time - arrival time)
  Source:                 u_mir_c2h/arlen_r_reg[0]/C
                            (rising edge-triggered cell FDCE clocked by pcie_axi_aclk  {rise@0.000ns fall@2.000ns period=4.000ns})
  Destination:            u_mir_c2h/rdata_reg[108]/CE
                            (rising edge-triggered cell FDCE clocked by pcie_axi_aclk  {rise@0.000ns fall@2.000ns period=4.000ns})
  Path Group:             pcie_axi_aclk
  Path Type:              Setup (Max at Slow Process Corner)
  Requirement:            4.000ns  (pcie_axi_aclk rise@4.000ns - pcie_axi_aclk rise@0.000ns)
  Data Path Delay:        1.576ns  (logic 0.293ns (18.591%)  route 1.283ns (81.409%))
  Logic Levels:           5  (LUT2=1 LUT4=1 LUT5=1 LUT6=2)
  Clock Path Skew:        -0.145ns (DCD - SCD + CPR)
    Destination Clock Delay (DCD):    2.711ns = ( 6.711 - 4.000 ) 
    Source Clock Delay      (SCD):    2.881ns
    Clock Pessimism Removal (CPR):    0.025ns
  Clock Uncertainty:      0.046ns  ((TSJ^2 + DJ^2)^1/2) / 2 + PE
    Total System Jitter     (TSJ):    0.071ns
    Discrete Jitter          (DJ):    0.060ns
    Phase Error              (PE):    0.000ns

    Location             Delay type                Incr(ns)  Path(ns)    Netlist Resource(s)
  -------------------------------------------------------------------    -------------------
                         (clock pcie_axi_aclk rise edge)
                                                      0.000     0.000 r  
    GTYE4_CHANNEL_X0Y3   GTYE4_CHANNEL                0.000     0.000 r  u_pcie_xdma/inst/pcie4_ip_i/inst/xdma_0_pcie4_ip_gt_top_i/diablo_gt.diablo_gt_phy_wrapper/gt_wizard.gtwizard_top_i/xdma_0_pcie4_ip_gt_i/inst/gen_gtwizard_gtye4_top.xdma_0_pcie4_ip_gt_gtwizard_gtye4_inst/gen_gtwizard_gtye4.gen_channel_container[3].gen_enabled_channel.gtye4_channel_wrapper_inst/channel_inst/gtye4_channel_gen.gen_gtye4_channel_inst[3].GTYE4_CHANNEL_PRIM_INST/TXOUTCLK
                         net (fo=7, unplaced)         0.090     0.090    u_pcie_xdma/inst/pcie4_ip_i/inst/xdma_0_pcie4_ip_gt_top_i/diablo_gt.diablo_gt_phy_wrapper/phy_clk_i/CLK_TXOUTCLK
                         BUFG_GT (Prop_BUFG_GT_I_O)
                                                      0.139     0.229 r  u_pcie_xdma/inst/pcie4_ip_i/inst/xdma_0_pcie4_ip_gt_top_i/diablo_gt.diablo_gt_phy_wrapper/phy_clk_i/bufg_gt_coreclk/O
                         net (fo=26062, unplaced)     2.652     2.881    u_mir_c2h/axi_aclk
                         FDCE                                         r  u_mir_c2h/arlen_r_reg[0]/C
  -------------------------------------------------------------------    -------------------
                         FDCE (Prop_FDCE_C_Q)         0.093     2.974 r  u_mir_c2h/arlen_r_reg[0]/Q
                         net (fo=3, unplaced)         0.164     3.138    u_mir_c2h/arlen_r[0]
                         LUT2 (Prop_LUT2_I1_O)        0.040     3.178 r  u_mir_c2h/FSM_sequential_st[1]_i_8/O
                         net (fo=1, unplaced)         0.214     3.392    u_mir_c2h/FSM_sequential_st[1]_i_8_n_53
                         LUT6 (Prop_LUT6_I3_O)        0.040     3.432 f  u_mir_c2h/FSM_sequential_st[1]_i_5/O
                         net (fo=1, unplaced)         0.214     3.646    u_mir_c2h/FSM_sequential_st[1]_i_5_n_53
                         LUT6 (Prop_LUT6_I0_O)        0.040     3.686 f  u_mir_c2h/FSM_sequential_st[1]_i_2/O
                         net (fo=3, unplaced)         0.220     3.906    u_mir_c2h/FSM_sequential_st[1]_i_2_n_53
                         LUT5 (Prop_LUT5_I4_O)        0.040     3.946 r  u_mir_c2h/cur_r[7]_i_3/O
                         net (fo=3, unplaced)         0.220     4.166    u_mir_c2h/cur_r[7]_i_3_n_53
                         LUT4 (Prop_LUT4_I3_O)        0.040     4.206 r  u_mir_c2h/rdata[127]_i_1/O
                         net (fo=130, unplaced)       0.251     4.457    u_mir_c2h/rdata[127]_i_1_n_53
                         FDCE                                         r  u_mir_c2h/rdata_reg[108]/CE
  -------------------------------------------------------------------    -------------------

                         (clock pcie_axi_aclk rise edge)
                                                      4.000     4.000 r  
    GTYE4_CHANNEL_X0Y3   GTYE4_CHANNEL                0.000     4.000 r  u_pcie_xdma/inst/pcie4_ip_i/inst/xdma_0_pcie4_ip_gt_top_i/diablo_gt.diablo_gt_phy_wrapper/gt_wizard.gtwizard_top_i/xdma_0_pcie4_ip_gt_i/inst/gen_gtwizard_gtye4_top.xdma_0_pcie4_ip_gt_gtwizard_gtye4_inst/gen_gtwizard_gtye4.gen_channel_container[3].gen_enabled_channel.gtye4_channel_wrapper_inst/channel_inst/gtye4_channel_gen.gen_gtye4_channel_inst[3].GTYE4_CHANNEL_PRIM_INST/TXOUTCLK
                         net (fo=7, unplaced)         0.082     4.082    u_pcie_xdma/inst/pcie4_ip_i/inst/xdma_0_pcie4_ip_gt_top_i/diablo_gt.diablo_gt_phy_wrapper/phy_clk_i/CLK_TXOUTCLK
                         BUFG_GT (Prop_BUFG_GT_I_O)
                                                      0.122     4.204 r  u_pcie_xdma/inst/pcie4_ip_i/inst/xdma_0_pcie4_ip_gt_top_i/diablo_gt.diablo_gt_phy_wrapper/phy_clk_i/bufg_gt_coreclk/O
                         net (fo=26062, unplaced)     2.507     6.711    u_mir_c2h/axi_aclk
                         FDCE                                         r  u_mir_c2h/rdata_reg[108]/C
                         clock pessimism              0.025     6.736    
                         clock uncertainty           -0.046     6.690    
                         FDCE (Setup_FDCE_C_CE)      -0.043     6.647    u_mir_c2h/rdata_reg[108]
  -------------------------------------------------------------------
                         required time                          6.647    
                         arrival time                          -4.457    
  -------------------------------------------------------------------
                         slack                                  2.190    

Slack (MET) :             2.190ns  (required time - arrival time)
  Source:                 u_mir_c2h/arlen_r_reg[0]/C
                            (rising edge-triggered cell FDCE clocked by pcie_axi_aclk  {rise@0.000ns fall@2.000ns period=4.000ns})
  Destination:            u_mir_c2h/rdata_reg[109]/CE
                            (rising edge-triggered cell FDCE clocked by pcie_axi_aclk  {rise@0.000ns fall@2.000ns period=4.000ns})
  Path Group:             pcie_axi_aclk
  Path Type:              Setup (Max at Slow Process Corner)
  Requirement:            4.000ns  (pcie_axi_aclk rise@4.000ns - pcie_axi_aclk rise@0.000ns)
  Data Path Delay:        1.576ns  (logic 0.293ns (18.591%)  route 1.283ns (81.409%))
  Logic Levels:           5  (LUT2=1 LUT4=1 LUT5=1 LUT6=2)
  Clock Path Skew:        -0.145ns (DCD - SCD + CPR)
    Destination Clock Delay (DCD):    2.711ns = ( 6.711 - 4.000 ) 
    Source Clock Delay      (SCD):    2.881ns
    Clock Pessimism Removal (CPR):    0.025ns
  Clock Uncertainty:      0.046ns  ((TSJ^2 + DJ^2)^1/2) / 2 + PE
    Total System Jitter     (TSJ):    0.071ns
    Discrete Jitter          (DJ):    0.060ns
    Phase Error              (PE):    0.000ns

    Location             Delay type                Incr(ns)  Path(ns)    Netlist Resource(s)
  -------------------------------------------------------------------    -------------------
                         (clock pcie_axi_aclk rise edge)
                                                      0.000     0.000 r  
    GTYE4_CHANNEL_X0Y3   GTYE4_CHANNEL                0.000     0.000 r  u_pcie_xdma/inst/pcie4_ip_i/inst/xdma_0_pcie4_ip_gt_top_i/diablo_gt.diablo_gt_phy_wrapper/gt_wizard.gtwizard_top_i/xdma_0_pcie4_ip_gt_i/inst/gen_gtwizard_gtye4_top.xdma_0_pcie4_ip_gt_gtwizard_gtye4_inst/gen_gtwizard_gtye4.gen_channel_container[3].gen_enabled_channel.gtye4_channel_wrapper_inst/channel_inst/gtye4_channel_gen.gen_gtye4_channel_inst[3].GTYE4_CHANNEL_PRIM_INST/TXOUTCLK
                         net (fo=7, unplaced)         0.090     0.090    u_pcie_xdma/inst/pcie4_ip_i/inst/xdma_0_pcie4_ip_gt_top_i/diablo_gt.diablo_gt_phy_wrapper/phy_clk_i/CLK_TXOUTCLK
                         BUFG_GT (Prop_BUFG_GT_I_O)
                                                      0.139     0.229 r  u_pcie_xdma/inst/pcie4_ip_i/inst/xdma_0_pcie4_ip_gt_top_i/diablo_gt.diablo_gt_phy_wrapper/phy_clk_i/bufg_gt_coreclk/O
                         net (fo=26062, unplaced)     2.652     2.881    u_mir_c2h/axi_aclk
                         FDCE                                         r  u_mir_c2h/arlen_r_reg[0]/C
  -------------------------------------------------------------------    -------------------
                         FDCE (Prop_FDCE_C_Q)         0.093     2.974 r  u_mir_c2h/arlen_r_reg[0]/Q
                         net (fo=3, unplaced)         0.164     3.138    u_mir_c2h/arlen_r[0]
                         LUT2 (Prop_LUT2_I1_O)        0.040     3.178 r  u_mir_c2h/FSM_sequential_st[1]_i_8/O
                         net (fo=1, unplaced)         0.214     3.392    u_mir_c2h/FSM_sequential_st[1]_i_8_n_53
                         LUT6 (Prop_LUT6_I3_O)        0.040     3.432 f  u_mir_c2h/FSM_sequential_st[1]_i_5/O
                         net (fo=1, unplaced)         0.214     3.646    u_mir_c2h/FSM_sequential_st[1]_i_5_n_53
                         LUT6 (Prop_LUT6_I0_O)        0.040     3.686 f  u_mir_c2h/FSM_sequential_st[1]_i_2/O
                         net (fo=3, unplaced)         0.220     3.906    u_mir_c2h/FSM_sequential_st[1]_i_2_n_53
                         LUT5 (Prop_LUT5_I4_O)        0.040     3.946 r  u_mir_c2h/cur_r[7]_i_3/O
                         net (fo=3, unplaced)         0.220     4.166    u_mir_c2h/cur_r[7]_i_3_n_53
                         LUT4 (Prop_LUT4_I3_O)        0.040     4.206 r  u_mir_c2h/rdata[127]_i_1/O
                         net (fo=130, unplaced)       0.251     4.457    u_mir_c2h/rdata[127]_i_1_n_53
                         FDCE                                         r  u_mir_c2h/rdata_reg[109]/CE
  -------------------------------------------------------------------    -------------------

                         (clock pcie_axi_aclk rise edge)
                                                      4.000     4.000 r  
    GTYE4_CHANNEL_X0Y3   GTYE4_CHANNEL                0.000     4.000 r  u_pcie_xdma/inst/pcie4_ip_i/inst/xdma_0_pcie4_ip_gt_top_i/diablo_gt.diablo_gt_phy_wrapper/gt_wizard.gtwizard_top_i/xdma_0_pcie4_ip_gt_i/inst/gen_gtwizard_gtye4_top.xdma_0_pcie4_ip_gt_gtwizard_gtye4_inst/gen_gtwizard_gtye4.gen_channel_container[3].gen_enabled_channel.gtye4_channel_wrapper_inst/channel_inst/gtye4_channel_gen.gen_gtye4_channel_inst[3].GTYE4_CHANNEL_PRIM_INST/TXOUTCLK
                         net (fo=7, unplaced)         0.082     4.082    u_pcie_xdma/inst/pcie4_ip_i/inst/xdma_0_pcie4_ip_gt_top_i/diablo_gt.diablo_gt_phy_wrapper/phy_clk_i/CLK_TXOUTCLK
                         BUFG_GT (Prop_BUFG_GT_I_O)
                                                      0.122     4.204 r  u_pcie_xdma/inst/pcie4_ip_i/inst/xdma_0_pcie4_ip_gt_top_i/diablo_gt.diablo_gt_phy_wrapper/phy_clk_i/bufg_gt_coreclk/O
                         net (fo=26062, unplaced)     2.507     6.711    u_mir_c2h/axi_aclk
                         FDCE                                         r  u_mir_c2h/rdata_reg[109]/C
                         clock pessimism              0.025     6.736    
                         clock uncertainty           -0.046     6.690    
                         FDCE (Setup_FDCE_C_CE)      -0.043     6.647    u_mir_c2h/rdata_reg[109]
  -------------------------------------------------------------------
                         required time                          6.647    
                         arrival time                          -4.457    
  -------------------------------------------------------------------
                         slack                                  2.190    

Slack (MET) :             2.190ns  (required time - arrival time)
  Source:                 u_mir_c2h/arlen_r_reg[0]/C
                            (rising edge-triggered cell FDCE clocked by pcie_axi_aclk  {rise@0.000ns fall@2.000ns period=4.000ns})
  Destination:            u_mir_c2h/rdata_reg[10]/CE
                            (rising edge-triggered cell FDCE clocked by pcie_axi_aclk  {rise@0.000ns fall@2.000ns period=4.000ns})
  Path Group:             pcie_axi_aclk
  Path Type:              Setup (Max at Slow Process Corner)
  Requirement:            4.000ns  (pcie_axi_aclk rise@4.000ns - pcie_axi_aclk rise@0.000ns)
  Data Path Delay:        1.576ns  (logic 0.293ns (18.591%)  route 1.283ns (81.409%))
  Logic Levels:           5  (LUT2=1 LUT4=1 LUT5=1 LUT6=2)
  Clock Path Skew:        -0.145ns (DCD - SCD + CPR)
    Destination Clock Delay (DCD):    2.711ns = ( 6.711 - 4.000 ) 
    Source Clock Delay      (SCD):    2.881ns
    Clock Pessimism Removal (CPR):    0.025ns
  Clock Uncertainty:      0.046ns  ((TSJ^2 + DJ^2)^1/2) / 2 + PE
    Total System Jitter     (TSJ):    0.071ns
    Discrete Jitter          (DJ):    0.060ns
    Phase Error              (PE):    0.000ns

    Location             Delay type                Incr(ns)  Path(ns)    Netlist Resource(s)
  -------------------------------------------------------------------    -------------------
                         (clock pcie_axi_aclk rise edge)
                                                      0.000     0.000 r  
    GTYE4_CHANNEL_X0Y3   GTYE4_CHANNEL                0.000     0.000 r  u_pcie_xdma/inst/pcie4_ip_i/inst/xdma_0_pcie4_ip_gt_top_i/diablo_gt.diablo_gt_phy_wrapper/gt_wizard.gtwizard_top_i/xdma_0_pcie4_ip_gt_i/inst/gen_gtwizard_gtye4_top.xdma_0_pcie4_ip_gt_gtwizard_gtye4_inst/gen_gtwizard_gtye4.gen_channel_container[3].gen_enabled_channel.gtye4_channel_wrapper_inst/channel_inst/gtye4_channel_gen.gen_gtye4_channel_inst[3].GTYE4_CHANNEL_PRIM_INST/TXOUTCLK
                         net (fo=7, unplaced)         0.090     0.090    u_pcie_xdma/inst/pcie4_ip_i/inst/xdma_0_pcie4_ip_gt_top_i/diablo_gt.diablo_gt_phy_wrapper/phy_clk_i/CLK_TXOUTCLK
                         BUFG_GT (Prop_BUFG_GT_I_O)
                                                      0.139     0.229 r  u_pcie_xdma/inst/pcie4_ip_i/inst/xdma_0_pcie4_ip_gt_top_i/diablo_gt.diablo_gt_phy_wrapper/phy_clk_i/bufg_gt_coreclk/O
                         net (fo=26062, unplaced)     2.652     2.881    u_mir_c2h/axi_aclk
                         FDCE                                         r  u_mir_c2h/arlen_r_reg[0]/C
  -------------------------------------------------------------------    -------------------
                         FDCE (Prop_FDCE_C_Q)         0.093     2.974 r  u_mir_c2h/arlen_r_reg[0]/Q
                         net (fo=3, unplaced)         0.164     3.138    u_mir_c2h/arlen_r[0]
                         LUT2 (Prop_LUT2_I1_O)        0.040     3.178 r  u_mir_c2h/FSM_sequential_st[1]_i_8/O
                         net (fo=1, unplaced)         0.214     3.392    u_mir_c2h/FSM_sequential_st[1]_i_8_n_53
                         LUT6 (Prop_LUT6_I3_O)        0.040     3.432 f  u_mir_c2h/FSM_sequential_st[1]_i_5/O
                         net (fo=1, unplaced)         0.214     3.646    u_mir_c2h/FSM_sequential_st[1]_i_5_n_53
                         LUT6 (Prop_LUT6_I0_O)        0.040     3.686 f  u_mir_c2h/FSM_sequential_st[1]_i_2/O
                         net (fo=3, unplaced)         0.220     3.906    u_mir_c2h/FSM_sequential_st[1]_i_2_n_53
                         LUT5 (Prop_LUT5_I4_O)        0.040     3.946 r  u_mir_c2h/cur_r[7]_i_3/O
                         net (fo=3, unplaced)         0.220     4.166    u_mir_c2h/cur_r[7]_i_3_n_53
                         LUT4 (Prop_LUT4_I3_O)        0.040     4.206 r  u_mir_c2h/rdata[127]_i_1/O
                         net (fo=130, unplaced)       0.251     4.457    u_mir_c2h/rdata[127]_i_1_n_53
                         FDCE                                         r  u_mir_c2h/rdata_reg[10]/CE
  -------------------------------------------------------------------    -------------------

                         (clock pcie_axi_aclk rise edge)
                                                      4.000     4.000 r  
    GTYE4_CHANNEL_X0Y3   GTYE4_CHANNEL                0.000     4.000 r  u_pcie_xdma/inst/pcie4_ip_i/inst/xdma_0_pcie4_ip_gt_top_i/diablo_gt.diablo_gt_phy_wrapper/gt_wizard.gtwizard_top_i/xdma_0_pcie4_ip_gt_i/inst/gen_gtwizard_gtye4_top.xdma_0_pcie4_ip_gt_gtwizard_gtye4_inst/gen_gtwizard_gtye4.gen_channel_container[3].gen_enabled_channel.gtye4_channel_wrapper_inst/channel_inst/gtye4_channel_gen.gen_gtye4_channel_inst[3].GTYE4_CHANNEL_PRIM_INST/TXOUTCLK
                         net (fo=7, unplaced)         0.082     4.082    u_pcie_xdma/inst/pcie4_ip_i/inst/xdma_0_pcie4_ip_gt_top_i/diablo_gt.diablo_gt_phy_wrapper/phy_clk_i/CLK_TXOUTCLK
                         BUFG_GT (Prop_BUFG_GT_I_O)
                                                      0.122     4.204 r  u_pcie_xdma/inst/pcie4_ip_i/inst/xdma_0_pcie4_ip_gt_top_i/diablo_gt.diablo_gt_phy_wrapper/phy_clk_i/bufg_gt_coreclk/O
                         net (fo=26062, unplaced)     2.507     6.711    u_mir_c2h/axi_aclk
                         FDCE                                         r  u_mir_c2h/rdata_reg[10]/C
                         clock pessimism              0.025     6.736    
                         clock uncertainty           -0.046     6.690    
                         FDCE (Setup_FDCE_C_CE)      -0.043     6.647    u_mir_c2h/rdata_reg[10]
  -------------------------------------------------------------------
                         required time                          6.647    
                         arrival time                          -4.457    
  -------------------------------------------------------------------
                         slack                                  2.190    

Slack (MET) :             2.190ns  (required time - arrival time)
  Source:                 u_mir_c2h/arlen_r_reg[0]/C
                            (rising edge-triggered cell FDCE clocked by pcie_axi_aclk  {rise@0.000ns fall@2.000ns period=4.000ns})
  Destination:            u_mir_c2h/rdata_reg[110]/CE
                            (rising edge-triggered cell FDCE clocked by pcie_axi_aclk  {rise@0.000ns fall@2.000ns period=4.000ns})
  Path Group:             pcie_axi_aclk
  Path Type:              Setup (Max at Slow Process Corner)
  Requirement:            4.000ns  (pcie_axi_aclk rise@4.000ns - pcie_axi_aclk rise@0.000ns)
  Data Path Delay:        1.576ns  (logic 0.293ns (18.591%)  route 1.283ns (81.409%))
  Logic Levels:           5  (LUT2=1 LUT4=1 LUT5=1 LUT6=2)
  Clock Path Skew:        -0.145ns (DCD - SCD + CPR)
    Destination Clock Delay (DCD):    2.711ns = ( 6.711 - 4.000 ) 
    Source Clock Delay      (SCD):    2.881ns
    Clock Pessimism Removal (CPR):    0.025ns
  Clock Uncertainty:      0.046ns  ((TSJ^2 + DJ^2)^1/2) / 2 + PE
    Total System Jitter     (TSJ):    0.071ns
    Discrete Jitter          (DJ):    0.060ns
    Phase Error              (PE):    0.000ns

    Location             Delay type                Incr(ns)  Path(ns)    Netlist Resource(s)
  -------------------------------------------------------------------    -------------------
                         (clock pcie_axi_aclk rise edge)
                                                      0.000     0.000 r  
    GTYE4_CHANNEL_X0Y3   GTYE4_CHANNEL                0.000     0.000 r  u_pcie_xdma/inst/pcie4_ip_i/inst/xdma_0_pcie4_ip_gt_top_i/diablo_gt.diablo_gt_phy_wrapper/gt_wizard.gtwizard_top_i/xdma_0_pcie4_ip_gt_i/inst/gen_gtwizard_gtye4_top.xdma_0_pcie4_ip_gt_gtwizard_gtye4_inst/gen_gtwizard_gtye4.gen_channel_container[3].gen_enabled_channel.gtye4_channel_wrapper_inst/channel_inst/gtye4_channel_gen.gen_gtye4_channel_inst[3].GTYE4_CHANNEL_PRIM_INST/TXOUTCLK
                         net (fo=7, unplaced)         0.090     0.090    u_pcie_xdma/inst/pcie4_ip_i/inst/xdma_0_pcie4_ip_gt_top_i/diablo_gt.diablo_gt_phy_wrapper/phy_clk_i/CLK_TXOUTCLK
                         BUFG_GT (Prop_BUFG_GT_I_O)
                                                      0.139     0.229 r  u_pcie_xdma/inst/pcie4_ip_i/inst/xdma_0_pcie4_ip_gt_top_i/diablo_gt.diablo_gt_phy_wrapper/phy_clk_i/bufg_gt_coreclk/O
                         net (fo=26062, unplaced)     2.652     2.881    u_mir_c2h/axi_aclk
                         FDCE                                         r  u_mir_c2h/arlen_r_reg[0]/C
  -------------------------------------------------------------------    -------------------
                         FDCE (Prop_FDCE_C_Q)         0.093     2.974 r  u_mir_c2h/arlen_r_reg[0]/Q
                         net (fo=3, unplaced)         0.164     3.138    u_mir_c2h/arlen_r[0]
                         LUT2 (Prop_LUT2_I1_O)        0.040     3.178 r  u_mir_c2h/FSM_sequential_st[1]_i_8/O
                         net (fo=1, unplaced)         0.214     3.392    u_mir_c2h/FSM_sequential_st[1]_i_8_n_53
                         LUT6 (Prop_LUT6_I3_O)        0.040     3.432 f  u_mir_c2h/FSM_sequential_st[1]_i_5/O
                         net (fo=1, unplaced)         0.214     3.646    u_mir_c2h/FSM_sequential_st[1]_i_5_n_53
                         LUT6 (Prop_LUT6_I0_O)        0.040     3.686 f  u_mir_c2h/FSM_sequential_st[1]_i_2/O
                         net (fo=3, unplaced)         0.220     3.906    u_mir_c2h/FSM_sequential_st[1]_i_2_n_53
                         LUT5 (Prop_LUT5_I4_O)        0.040     3.946 r  u_mir_c2h/cur_r[7]_i_3/O
                         net (fo=3, unplaced)         0.220     4.166    u_mir_c2h/cur_r[7]_i_3_n_53
                         LUT4 (Prop_LUT4_I3_O)        0.040     4.206 r  u_mir_c2h/rdata[127]_i_1/O
                         net (fo=130, unplaced)       0.251     4.457    u_mir_c2h/rdata[127]_i_1_n_53
                         FDCE                                         r  u_mir_c2h/rdata_reg[110]/CE
  -------------------------------------------------------------------    -------------------

                         (clock pcie_axi_aclk rise edge)
                                                      4.000     4.000 r  
    GTYE4_CHANNEL_X0Y3   GTYE4_CHANNEL                0.000     4.000 r  u_pcie_xdma/inst/pcie4_ip_i/inst/xdma_0_pcie4_ip_gt_top_i/diablo_gt.diablo_gt_phy_wrapper/gt_wizard.gtwizard_top_i/xdma_0_pcie4_ip_gt_i/inst/gen_gtwizard_gtye4_top.xdma_0_pcie4_ip_gt_gtwizard_gtye4_inst/gen_gtwizard_gtye4.gen_channel_container[3].gen_enabled_channel.gtye4_channel_wrapper_inst/channel_inst/gtye4_channel_gen.gen_gtye4_channel_inst[3].GTYE4_CHANNEL_PRIM_INST/TXOUTCLK
                         net (fo=7, unplaced)         0.082     4.082    u_pcie_xdma/inst/pcie4_ip_i/inst/xdma_0_pcie4_ip_gt_top_i/diablo_gt.diablo_gt_phy_wrapper/phy_clk_i/CLK_TXOUTCLK
                         BUFG_GT (Prop_BUFG_GT_I_O)
                                                      0.122     4.204 r  u_pcie_xdma/inst/pcie4_ip_i/inst/xdma_0_pcie4_ip_gt_top_i/diablo_gt.diablo_gt_phy_wrapper/phy_clk_i/bufg_gt_coreclk/O
                         net (fo=26062, unplaced)     2.507     6.711    u_mir_c2h/axi_aclk
                         FDCE                                         r  u_mir_c2h/rdata_reg[110]/C
                         clock pessimism              0.025     6.736    
                         clock uncertainty           -0.046     6.690    
                         FDCE (Setup_FDCE_C_CE)      -0.043     6.647    u_mir_c2h/rdata_reg[110]
  -------------------------------------------------------------------
                         required time                          6.647    
                         arrival time                          -4.457    
  -------------------------------------------------------------------
                         slack                                  2.190    

Slack (MET) :             2.190ns  (required time - arrival time)
  Source:                 u_mir_c2h/arlen_r_reg[0]/C
                            (rising edge-triggered cell FDCE clocked by pcie_axi_aclk  {rise@0.000ns fall@2.000ns period=4.000ns})
  Destination:            u_mir_c2h/rdata_reg[111]/CE
                            (rising edge-triggered cell FDCE clocked by pcie_axi_aclk  {rise@0.000ns fall@2.000ns period=4.000ns})
  Path Group:             pcie_axi_aclk
  Path Type:              Setup (Max at Slow Process Corner)
  Requirement:            4.000ns  (pcie_axi_aclk rise@4.000ns - pcie_axi_aclk rise@0.000ns)
  Data Path Delay:        1.576ns  (logic 0.293ns (18.591%)  route 1.283ns (81.409%))
  Logic Levels:           5  (LUT2=1 LUT4=1 LUT5=1 LUT6=2)
  Clock Path Skew:        -0.145ns (DCD - SCD + CPR)
    Destination Clock Delay (DCD):    2.711ns = ( 6.711 - 4.000 ) 
    Source Clock Delay      (SCD):    2.881ns
    Clock Pessimism Removal (CPR):    0.025ns
  Clock Uncertainty:      0.046ns  ((TSJ^2 + DJ^2)^1/2) / 2 + PE
    Total System Jitter     (TSJ):    0.071ns
    Discrete Jitter          (DJ):    0.060ns
    Phase Error              (PE):    0.000ns

    Location             Delay type                Incr(ns)  Path(ns)    Netlist Resource(s)
  -------------------------------------------------------------------    -------------------
                         (clock pcie_axi_aclk rise edge)
                                                      0.000     0.000 r  
    GTYE4_CHANNEL_X0Y3   GTYE4_CHANNEL                0.000     0.000 r  u_pcie_xdma/inst/pcie4_ip_i/inst/xdma_0_pcie4_ip_gt_top_i/diablo_gt.diablo_gt_phy_wrapper/gt_wizard.gtwizard_top_i/xdma_0_pcie4_ip_gt_i/inst/gen_gtwizard_gtye4_top.xdma_0_pcie4_ip_gt_gtwizard_gtye4_inst/gen_gtwizard_gtye4.gen_channel_container[3].gen_enabled_channel.gtye4_channel_wrapper_inst/channel_inst/gtye4_channel_gen.gen_gtye4_channel_inst[3].GTYE4_CHANNEL_PRIM_INST/TXOUTCLK
                         net (fo=7, unplaced)         0.090     0.090    u_pcie_xdma/inst/pcie4_ip_i/inst/xdma_0_pcie4_ip_gt_top_i/diablo_gt.diablo_gt_phy_wrapper/phy_clk_i/CLK_TXOUTCLK
                         BUFG_GT (Prop_BUFG_GT_I_O)
                                                      0.139     0.229 r  u_pcie_xdma/inst/pcie4_ip_i/inst/xdma_0_pcie4_ip_gt_top_i/diablo_gt.diablo_gt_phy_wrapper/phy_clk_i/bufg_gt_coreclk/O
                         net (fo=26062, unplaced)     2.652     2.881    u_mir_c2h/axi_aclk
                         FDCE                                         r  u_mir_c2h/arlen_r_reg[0]/C
  -------------------------------------------------------------------    -------------------
                         FDCE (Prop_FDCE_C_Q)         0.093     2.974 r  u_mir_c2h/arlen_r_reg[0]/Q
                         net (fo=3, unplaced)         0.164     3.138    u_mir_c2h/arlen_r[0]
                         LUT2 (Prop_LUT2_I1_O)        0.040     3.178 r  u_mir_c2h/FSM_sequential_st[1]_i_8/O
                         net (fo=1, unplaced)         0.214     3.392    u_mir_c2h/FSM_sequential_st[1]_i_8_n_53
                         LUT6 (Prop_LUT6_I3_O)        0.040     3.432 f  u_mir_c2h/FSM_sequential_st[1]_i_5/O
                         net (fo=1, unplaced)         0.214     3.646    u_mir_c2h/FSM_sequential_st[1]_i_5_n_53
                         LUT6 (Prop_LUT6_I0_O)        0.040     3.686 f  u_mir_c2h/FSM_sequential_st[1]_i_2/O
                         net (fo=3, unplaced)         0.220     3.906    u_mir_c2h/FSM_sequential_st[1]_i_2_n_53
                         LUT5 (Prop_LUT5_I4_O)        0.040     3.946 r  u_mir_c2h/cur_r[7]_i_3/O
                         net (fo=3, unplaced)         0.220     4.166    u_mir_c2h/cur_r[7]_i_3_n_53
                         LUT4 (Prop_LUT4_I3_O)        0.040     4.206 r  u_mir_c2h/rdata[127]_i_1/O
                         net (fo=130, unplaced)       0.251     4.457    u_mir_c2h/rdata[127]_i_1_n_53
                         FDCE                                         r  u_mir_c2h/rdata_reg[111]/CE
  -------------------------------------------------------------------    -------------------

                         (clock pcie_axi_aclk rise edge)
                                                      4.000     4.000 r  
    GTYE4_CHANNEL_X0Y3   GTYE4_CHANNEL                0.000     4.000 r  u_pcie_xdma/inst/pcie4_ip_i/inst/xdma_0_pcie4_ip_gt_top_i/diablo_gt.diablo_gt_phy_wrapper/gt_wizard.gtwizard_top_i/xdma_0_pcie4_ip_gt_i/inst/gen_gtwizard_gtye4_top.xdma_0_pcie4_ip_gt_gtwizard_gtye4_inst/gen_gtwizard_gtye4.gen_channel_container[3].gen_enabled_channel.gtye4_channel_wrapper_inst/channel_inst/gtye4_channel_gen.gen_gtye4_channel_inst[3].GTYE4_CHANNEL_PRIM_INST/TXOUTCLK
                         net (fo=7, unplaced)         0.082     4.082    u_pcie_xdma/inst/pcie4_ip_i/inst/xdma_0_pcie4_ip_gt_top_i/diablo_gt.diablo_gt_phy_wrapper/phy_clk_i/CLK_TXOUTCLK
                         BUFG_GT (Prop_BUFG_GT_I_O)
                                                      0.122     4.204 r  u_pcie_xdma/inst/pcie4_ip_i/inst/xdma_0_pcie4_ip_gt_top_i/diablo_gt.diablo_gt_phy_wrapper/phy_clk_i/bufg_gt_coreclk/O
                         net (fo=26062, unplaced)     2.507     6.711    u_mir_c2h/axi_aclk
                         FDCE                                         r  u_mir_c2h/rdata_reg[111]/C
                         clock pessimism              0.025     6.736    
                         clock uncertainty           -0.046     6.690    
                         FDCE (Setup_FDCE_C_CE)      -0.043     6.647    u_mir_c2h/rdata_reg[111]
  -------------------------------------------------------------------
                         required time                          6.647    
                         arrival time                          -4.457    
  -------------------------------------------------------------------
                         slack                                  2.190    

Slack (MET) :             2.190ns  (required time - arrival time)
  Source:                 u_mir_c2h/arlen_r_reg[0]/C
                            (rising edge-triggered cell FDCE clocked by pcie_axi_aclk  {rise@0.000ns fall@2.000ns period=4.000ns})
  Destination:            u_mir_c2h/rdata_reg[112]/CE
                            (rising edge-triggered cell FDCE clocked by pcie_axi_aclk  {rise@0.000ns fall@2.000ns period=4.000ns})
  Path Group:             pcie_axi_aclk
  Path Type:              Setup (Max at Slow Process Corner)
  Requirement:            4.000ns  (pcie_axi_aclk rise@4.000ns - pcie_axi_aclk rise@0.000ns)
  Data Path Delay:        1.576ns  (logic 0.293ns (18.591%)  route 1.283ns (81.409%))
  Logic Levels:           5  (LUT2=1 LUT4=1 LUT5=1 LUT6=2)
  Clock Path Skew:        -0.145ns (DCD - SCD + CPR)
    Destination Clock Delay (DCD):    2.711ns = ( 6.711 - 4.000 ) 
    Source Clock Delay      (SCD):    2.881ns
    Clock Pessimism Removal (CPR):    0.025ns
  Clock Uncertainty:      0.046ns  ((TSJ^2 + DJ^2)^1/2) / 2 + PE
    Total System Jitter     (TSJ):    0.071ns
    Discrete Jitter          (DJ):    0.060ns
    Phase Error              (PE):    0.000ns

    Location             Delay type                Incr(ns)  Path(ns)    Netlist Resource(s)
  -------------------------------------------------------------------    -------------------
                         (clock pcie_axi_aclk rise edge)
                                                      0.000     0.000 r  
    GTYE4_CHANNEL_X0Y3   GTYE4_CHANNEL                0.000     0.000 r  u_pcie_xdma/inst/pcie4_ip_i/inst/xdma_0_pcie4_ip_gt_top_i/diablo_gt.diablo_gt_phy_wrapper/gt_wizard.gtwizard_top_i/xdma_0_pcie4_ip_gt_i/inst/gen_gtwizard_gtye4_top.xdma_0_pcie4_ip_gt_gtwizard_gtye4_inst/gen_gtwizard_gtye4.gen_channel_container[3].gen_enabled_channel.gtye4_channel_wrapper_inst/channel_inst/gtye4_channel_gen.gen_gtye4_channel_inst[3].GTYE4_CHANNEL_PRIM_INST/TXOUTCLK
                         net (fo=7, unplaced)         0.090     0.090    u_pcie_xdma/inst/pcie4_ip_i/inst/xdma_0_pcie4_ip_gt_top_i/diablo_gt.diablo_gt_phy_wrapper/phy_clk_i/CLK_TXOUTCLK
                         BUFG_GT (Prop_BUFG_GT_I_O)
                                                      0.139     0.229 r  u_pcie_xdma/inst/pcie4_ip_i/inst/xdma_0_pcie4_ip_gt_top_i/diablo_gt.diablo_gt_phy_wrapper/phy_clk_i/bufg_gt_coreclk/O
                         net (fo=26062, unplaced)     2.652     2.881    u_mir_c2h/axi_aclk
                         FDCE                                         r  u_mir_c2h/arlen_r_reg[0]/C
  -------------------------------------------------------------------    -------------------
                         FDCE (Prop_FDCE_C_Q)         0.093     2.974 r  u_mir_c2h/arlen_r_reg[0]/Q
                         net (fo=3, unplaced)         0.164     3.138    u_mir_c2h/arlen_r[0]
                         LUT2 (Prop_LUT2_I1_O)        0.040     3.178 r  u_mir_c2h/FSM_sequential_st[1]_i_8/O
                         net (fo=1, unplaced)         0.214     3.392    u_mir_c2h/FSM_sequential_st[1]_i_8_n_53
                         LUT6 (Prop_LUT6_I3_O)        0.040     3.432 f  u_mir_c2h/FSM_sequential_st[1]_i_5/O
                         net (fo=1, unplaced)         0.214     3.646    u_mir_c2h/FSM_sequential_st[1]_i_5_n_53
                         LUT6 (Prop_LUT6_I0_O)        0.040     3.686 f  u_mir_c2h/FSM_sequential_st[1]_i_2/O
                         net (fo=3, unplaced)         0.220     3.906    u_mir_c2h/FSM_sequential_st[1]_i_2_n_53
                         LUT5 (Prop_LUT5_I4_O)        0.040     3.946 r  u_mir_c2h/cur_r[7]_i_3/O
                         net (fo=3, unplaced)         0.220     4.166    u_mir_c2h/cur_r[7]_i_3_n_53
                         LUT4 (Prop_LUT4_I3_O)        0.040     4.206 r  u_mir_c2h/rdata[127]_i_1/O
                         net (fo=130, unplaced)       0.251     4.457    u_mir_c2h/rdata[127]_i_1_n_53
                         FDCE                                         r  u_mir_c2h/rdata_reg[112]/CE
  -------------------------------------------------------------------    -------------------

                         (clock pcie_axi_aclk rise edge)
                                                      4.000     4.000 r  
    GTYE4_CHANNEL_X0Y3   GTYE4_CHANNEL                0.000     4.000 r  u_pcie_xdma/inst/pcie4_ip_i/inst/xdma_0_pcie4_ip_gt_top_i/diablo_gt.diablo_gt_phy_wrapper/gt_wizard.gtwizard_top_i/xdma_0_pcie4_ip_gt_i/inst/gen_gtwizard_gtye4_top.xdma_0_pcie4_ip_gt_gtwizard_gtye4_inst/gen_gtwizard_gtye4.gen_channel_container[3].gen_enabled_channel.gtye4_channel_wrapper_inst/channel_inst/gtye4_channel_gen.gen_gtye4_channel_inst[3].GTYE4_CHANNEL_PRIM_INST/TXOUTCLK
                         net (fo=7, unplaced)         0.082     4.082    u_pcie_xdma/inst/pcie4_ip_i/inst/xdma_0_pcie4_ip_gt_top_i/diablo_gt.diablo_gt_phy_wrapper/phy_clk_i/CLK_TXOUTCLK
                         BUFG_GT (Prop_BUFG_GT_I_O)
                                                      0.122     4.204 r  u_pcie_xdma/inst/pcie4_ip_i/inst/xdma_0_pcie4_ip_gt_top_i/diablo_gt.diablo_gt_phy_wrapper/phy_clk_i/bufg_gt_coreclk/O
                         net (fo=26062, unplaced)     2.507     6.711    u_mir_c2h/axi_aclk
                         FDCE                                         r  u_mir_c2h/rdata_reg[112]/C
                         clock pessimism              0.025     6.736    
                         clock uncertainty           -0.046     6.690    
                         FDCE (Setup_FDCE_C_CE)      -0.043     6.647    u_mir_c2h/rdata_reg[112]
  -------------------------------------------------------------------
                         required time                          6.647    
                         arrival time                          -4.457    
  -------------------------------------------------------------------
                         slack                                  2.190    

Slack (MET) :             2.190ns  (required time - arrival time)
  Source:                 u_mir_c2h/arlen_r_reg[0]/C
                            (rising edge-triggered cell FDCE clocked by pcie_axi_aclk  {rise@0.000ns fall@2.000ns period=4.000ns})
  Destination:            u_mir_c2h/rdata_reg[113]/CE
                            (rising edge-triggered cell FDCE clocked by pcie_axi_aclk  {rise@0.000ns fall@2.000ns period=4.000ns})
  Path Group:             pcie_axi_aclk
  Path Type:              Setup (Max at Slow Process Corner)
  Requirement:            4.000ns  (pcie_axi_aclk rise@4.000ns - pcie_axi_aclk rise@0.000ns)
  Data Path Delay:        1.576ns  (logic 0.293ns (18.591%)  route 1.283ns (81.409%))
  Logic Levels:           5  (LUT2=1 LUT4=1 LUT5=1 LUT6=2)
  Clock Path Skew:        -0.145ns (DCD - SCD + CPR)
    Destination Clock Delay (DCD):    2.711ns = ( 6.711 - 4.000 ) 
    Source Clock Delay      (SCD):    2.881ns
    Clock Pessimism Removal (CPR):    0.025ns
  Clock Uncertainty:      0.046ns  ((TSJ^2 + DJ^2)^1/2) / 2 + PE
    Total System Jitter     (TSJ):    0.071ns
    Discrete Jitter          (DJ):    0.060ns
    Phase Error              (PE):    0.000ns

    Location             Delay type                Incr(ns)  Path(ns)    Netlist Resource(s)
  -------------------------------------------------------------------    -------------------
                         (clock pcie_axi_aclk rise edge)
                                                      0.000     0.000 r  
    GTYE4_CHANNEL_X0Y3   GTYE4_CHANNEL                0.000     0.000 r  u_pcie_xdma/inst/pcie4_ip_i/inst/xdma_0_pcie4_ip_gt_top_i/diablo_gt.diablo_gt_phy_wrapper/gt_wizard.gtwizard_top_i/xdma_0_pcie4_ip_gt_i/inst/gen_gtwizard_gtye4_top.xdma_0_pcie4_ip_gt_gtwizard_gtye4_inst/gen_gtwizard_gtye4.gen_channel_container[3].gen_enabled_channel.gtye4_channel_wrapper_inst/channel_inst/gtye4_channel_gen.gen_gtye4_channel_inst[3].GTYE4_CHANNEL_PRIM_INST/TXOUTCLK
                         net (fo=7, unplaced)         0.090     0.090    u_pcie_xdma/inst/pcie4_ip_i/inst/xdma_0_pcie4_ip_gt_top_i/diablo_gt.diablo_gt_phy_wrapper/phy_clk_i/CLK_TXOUTCLK
                         BUFG_GT (Prop_BUFG_GT_I_O)
                                                      0.139     0.229 r  u_pcie_xdma/inst/pcie4_ip_i/inst/xdma_0_pcie4_ip_gt_top_i/diablo_gt.diablo_gt_phy_wrapper/phy_clk_i/bufg_gt_coreclk/O
                         net (fo=26062, unplaced)     2.652     2.881    u_mir_c2h/axi_aclk
                         FDCE                                         r  u_mir_c2h/arlen_r_reg[0]/C
  -------------------------------------------------------------------    -------------------
                         FDCE (Prop_FDCE_C_Q)         0.093     2.974 r  u_mir_c2h/arlen_r_reg[0]/Q
                         net (fo=3, unplaced)         0.164     3.138    u_mir_c2h/arlen_r[0]
                         LUT2 (Prop_LUT2_I1_O)        0.040     3.178 r  u_mir_c2h/FSM_sequential_st[1]_i_8/O
                         net (fo=1, unplaced)         0.214     3.392    u_mir_c2h/FSM_sequential_st[1]_i_8_n_53
                         LUT6 (Prop_LUT6_I3_O)        0.040     3.432 f  u_mir_c2h/FSM_sequential_st[1]_i_5/O
                         net (fo=1, unplaced)         0.214     3.646    u_mir_c2h/FSM_sequential_st[1]_i_5_n_53
                         LUT6 (Prop_LUT6_I0_O)        0.040     3.686 f  u_mir_c2h/FSM_sequential_st[1]_i_2/O
                         net (fo=3, unplaced)         0.220     3.906    u_mir_c2h/FSM_sequential_st[1]_i_2_n_53
                         LUT5 (Prop_LUT5_I4_O)        0.040     3.946 r  u_mir_c2h/cur_r[7]_i_3/O
                         net (fo=3, unplaced)         0.220     4.166    u_mir_c2h/cur_r[7]_i_3_n_53
                         LUT4 (Prop_LUT4_I3_O)        0.040     4.206 r  u_mir_c2h/rdata[127]_i_1/O
                         net (fo=130, unplaced)       0.251     4.457    u_mir_c2h/rdata[127]_i_1_n_53
                         FDCE                                         r  u_mir_c2h/rdata_reg[113]/CE
  -------------------------------------------------------------------    -------------------

                         (clock pcie_axi_aclk rise edge)
                                                      4.000     4.000 r  
    GTYE4_CHANNEL_X0Y3   GTYE4_CHANNEL                0.000     4.000 r  u_pcie_xdma/inst/pcie4_ip_i/inst/xdma_0_pcie4_ip_gt_top_i/diablo_gt.diablo_gt_phy_wrapper/gt_wizard.gtwizard_top_i/xdma_0_pcie4_ip_gt_i/inst/gen_gtwizard_gtye4_top.xdma_0_pcie4_ip_gt_gtwizard_gtye4_inst/gen_gtwizard_gtye4.gen_channel_container[3].gen_enabled_channel.gtye4_channel_wrapper_inst/channel_inst/gtye4_channel_gen.gen_gtye4_channel_inst[3].GTYE4_CHANNEL_PRIM_INST/TXOUTCLK
                         net (fo=7, unplaced)         0.082     4.082    u_pcie_xdma/inst/pcie4_ip_i/inst/xdma_0_pcie4_ip_gt_top_i/diablo_gt.diablo_gt_phy_wrapper/phy_clk_i/CLK_TXOUTCLK
                         BUFG_GT (Prop_BUFG_GT_I_O)
                                                      0.122     4.204 r  u_pcie_xdma/inst/pcie4_ip_i/inst/xdma_0_pcie4_ip_gt_top_i/diablo_gt.diablo_gt_phy_wrapper/phy_clk_i/bufg_gt_coreclk/O
                         net (fo=26062, unplaced)     2.507     6.711    u_mir_c2h/axi_aclk
                         FDCE                                         r  u_mir_c2h/rdata_reg[113]/C
                         clock pessimism              0.025     6.736    
                         clock uncertainty           -0.046     6.690    
                         FDCE (Setup_FDCE_C_CE)      -0.043     6.647    u_mir_c2h/rdata_reg[113]
  -------------------------------------------------------------------
                         required time                          6.647    
                         arrival time                          -4.457    
  -------------------------------------------------------------------
                         slack                                  2.190    

Slack (MET) :             2.190ns  (required time - arrival time)
  Source:                 u_mir_c2h/arlen_r_reg[0]/C
                            (rising edge-triggered cell FDCE clocked by pcie_axi_aclk  {rise@0.000ns fall@2.000ns period=4.000ns})
  Destination:            u_mir_c2h/rdata_reg[114]/CE
                            (rising edge-triggered cell FDCE clocked by pcie_axi_aclk  {rise@0.000ns fall@2.000ns period=4.000ns})
  Path Group:             pcie_axi_aclk
  Path Type:              Setup (Max at Slow Process Corner)
  Requirement:            4.000ns  (pcie_axi_aclk rise@4.000ns - pcie_axi_aclk rise@0.000ns)
  Data Path Delay:        1.576ns  (logic 0.293ns (18.591%)  route 1.283ns (81.409%))
  Logic Levels:           5  (LUT2=1 LUT4=1 LUT5=1 LUT6=2)
  Clock Path Skew:        -0.145ns (DCD - SCD + CPR)
    Destination Clock Delay (DCD):    2.711ns = ( 6.711 - 4.000 ) 
    Source Clock Delay      (SCD):    2.881ns
    Clock Pessimism Removal (CPR):    0.025ns
  Clock Uncertainty:      0.046ns  ((TSJ^2 + DJ^2)^1/2) / 2 + PE
    Total System Jitter     (TSJ):    0.071ns
    Discrete Jitter          (DJ):    0.060ns
    Phase Error              (PE):    0.000ns

    Location             Delay type                Incr(ns)  Path(ns)    Netlist Resource(s)
  -------------------------------------------------------------------    -------------------
                         (clock pcie_axi_aclk rise edge)
                                                      0.000     0.000 r  
    GTYE4_CHANNEL_X0Y3   GTYE4_CHANNEL                0.000     0.000 r  u_pcie_xdma/inst/pcie4_ip_i/inst/xdma_0_pcie4_ip_gt_top_i/diablo_gt.diablo_gt_phy_wrapper/gt_wizard.gtwizard_top_i/xdma_0_pcie4_ip_gt_i/inst/gen_gtwizard_gtye4_top.xdma_0_pcie4_ip_gt_gtwizard_gtye4_inst/gen_gtwizard_gtye4.gen_channel_container[3].gen_enabled_channel.gtye4_channel_wrapper_inst/channel_inst/gtye4_channel_gen.gen_gtye4_channel_inst[3].GTYE4_CHANNEL_PRIM_INST/TXOUTCLK
                         net (fo=7, unplaced)         0.090     0.090    u_pcie_xdma/inst/pcie4_ip_i/inst/xdma_0_pcie4_ip_gt_top_i/diablo_gt.diablo_gt_phy_wrapper/phy_clk_i/CLK_TXOUTCLK
                         BUFG_GT (Prop_BUFG_GT_I_O)
                                                      0.139     0.229 r  u_pcie_xdma/inst/pcie4_ip_i/inst/xdma_0_pcie4_ip_gt_top_i/diablo_gt.diablo_gt_phy_wrapper/phy_clk_i/bufg_gt_coreclk/O
                         net (fo=26062, unplaced)     2.652     2.881    u_mir_c2h/axi_aclk
                         FDCE                                         r  u_mir_c2h/arlen_r_reg[0]/C
  -------------------------------------------------------------------    -------------------
                         FDCE (Prop_FDCE_C_Q)         0.093     2.974 r  u_mir_c2h/arlen_r_reg[0]/Q
                         net (fo=3, unplaced)         0.164     3.138    u_mir_c2h/arlen_r[0]
                         LUT2 (Prop_LUT2_I1_O)        0.040     3.178 r  u_mir_c2h/FSM_sequential_st[1]_i_8/O
                         net (fo=1, unplaced)         0.214     3.392    u_mir_c2h/FSM_sequential_st[1]_i_8_n_53
                         LUT6 (Prop_LUT6_I3_O)        0.040     3.432 f  u_mir_c2h/FSM_sequential_st[1]_i_5/O
                         net (fo=1, unplaced)         0.214     3.646    u_mir_c2h/FSM_sequential_st[1]_i_5_n_53
                         LUT6 (Prop_LUT6_I0_O)        0.040     3.686 f  u_mir_c2h/FSM_sequential_st[1]_i_2/O
                         net (fo=3, unplaced)         0.220     3.906    u_mir_c2h/FSM_sequential_st[1]_i_2_n_53
                         LUT5 (Prop_LUT5_I4_O)        0.040     3.946 r  u_mir_c2h/cur_r[7]_i_3/O
                         net (fo=3, unplaced)         0.220     4.166    u_mir_c2h/cur_r[7]_i_3_n_53
                         LUT4 (Prop_LUT4_I3_O)        0.040     4.206 r  u_mir_c2h/rdata[127]_i_1/O
                         net (fo=130, unplaced)       0.251     4.457    u_mir_c2h/rdata[127]_i_1_n_53
                         FDCE                                         r  u_mir_c2h/rdata_reg[114]/CE
  -------------------------------------------------------------------    -------------------

                         (clock pcie_axi_aclk rise edge)
                                                      4.000     4.000 r  
    GTYE4_CHANNEL_X0Y3   GTYE4_CHANNEL                0.000     4.000 r  u_pcie_xdma/inst/pcie4_ip_i/inst/xdma_0_pcie4_ip_gt_top_i/diablo_gt.diablo_gt_phy_wrapper/gt_wizard.gtwizard_top_i/xdma_0_pcie4_ip_gt_i/inst/gen_gtwizard_gtye4_top.xdma_0_pcie4_ip_gt_gtwizard_gtye4_inst/gen_gtwizard_gtye4.gen_channel_container[3].gen_enabled_channel.gtye4_channel_wrapper_inst/channel_inst/gtye4_channel_gen.gen_gtye4_channel_inst[3].GTYE4_CHANNEL_PRIM_INST/TXOUTCLK
                         net (fo=7, unplaced)         0.082     4.082    u_pcie_xdma/inst/pcie4_ip_i/inst/xdma_0_pcie4_ip_gt_top_i/diablo_gt.diablo_gt_phy_wrapper/phy_clk_i/CLK_TXOUTCLK
                         BUFG_GT (Prop_BUFG_GT_I_O)
                                                      0.122     4.204 r  u_pcie_xdma/inst/pcie4_ip_i/inst/xdma_0_pcie4_ip_gt_top_i/diablo_gt.diablo_gt_phy_wrapper/phy_clk_i/bufg_gt_coreclk/O
                         net (fo=26062, unplaced)     2.507     6.711    u_mir_c2h/axi_aclk
                         FDCE                                         r  u_mir_c2h/rdata_reg[114]/C
                         clock pessimism              0.025     6.736    
                         clock uncertainty           -0.046     6.690    
                         FDCE (Setup_FDCE_C_CE)      -0.043     6.647    u_mir_c2h/rdata_reg[114]
  -------------------------------------------------------------------
                         required time                          6.647    
                         arrival time                          -4.457    
  -------------------------------------------------------------------
                         slack                                  2.190    

Slack (MET) :             2.190ns  (required time - arrival time)
  Source:                 u_mir_c2h/arlen_r_reg[0]/C
                            (rising edge-triggered cell FDCE clocked by pcie_axi_aclk  {rise@0.000ns fall@2.000ns period=4.000ns})
  Destination:            u_mir_c2h/rdata_reg[115]/CE
                            (rising edge-triggered cell FDCE clocked by pcie_axi_aclk  {rise@0.000ns fall@2.000ns period=4.000ns})
  Path Group:             pcie_axi_aclk
  Path Type:              Setup (Max at Slow Process Corner)
  Requirement:            4.000ns  (pcie_axi_aclk rise@4.000ns - pcie_axi_aclk rise@0.000ns)
  Data Path Delay:        1.576ns  (logic 0.293ns (18.591%)  route 1.283ns (81.409%))
  Logic Levels:           5  (LUT2=1 LUT4=1 LUT5=1 LUT6=2)
  Clock Path Skew:        -0.145ns (DCD - SCD + CPR)
    Destination Clock Delay (DCD):    2.711ns = ( 6.711 - 4.000 ) 
    Source Clock Delay      (SCD):    2.881ns
    Clock Pessimism Removal (CPR):    0.025ns
  Clock Uncertainty:      0.046ns  ((TSJ^2 + DJ^2)^1/2) / 2 + PE
    Total System Jitter     (TSJ):    0.071ns
    Discrete Jitter          (DJ):    0.060ns
    Phase Error              (PE):    0.000ns

    Location             Delay type                Incr(ns)  Path(ns)    Netlist Resource(s)
  -------------------------------------------------------------------    -------------------
                         (clock pcie_axi_aclk rise edge)
                                                      0.000     0.000 r  
    GTYE4_CHANNEL_X0Y3   GTYE4_CHANNEL                0.000     0.000 r  u_pcie_xdma/inst/pcie4_ip_i/inst/xdma_0_pcie4_ip_gt_top_i/diablo_gt.diablo_gt_phy_wrapper/gt_wizard.gtwizard_top_i/xdma_0_pcie4_ip_gt_i/inst/gen_gtwizard_gtye4_top.xdma_0_pcie4_ip_gt_gtwizard_gtye4_inst/gen_gtwizard_gtye4.gen_channel_container[3].gen_enabled_channel.gtye4_channel_wrapper_inst/channel_inst/gtye4_channel_gen.gen_gtye4_channel_inst[3].GTYE4_CHANNEL_PRIM_INST/TXOUTCLK
                         net (fo=7, unplaced)         0.090     0.090    u_pcie_xdma/inst/pcie4_ip_i/inst/xdma_0_pcie4_ip_gt_top_i/diablo_gt.diablo_gt_phy_wrapper/phy_clk_i/CLK_TXOUTCLK
                         BUFG_GT (Prop_BUFG_GT_I_O)
                                                      0.139     0.229 r  u_pcie_xdma/inst/pcie4_ip_i/inst/xdma_0_pcie4_ip_gt_top_i/diablo_gt.diablo_gt_phy_wrapper/phy_clk_i/bufg_gt_coreclk/O
                         net (fo=26062, unplaced)     2.652     2.881    u_mir_c2h/axi_aclk
                         FDCE                                         r  u_mir_c2h/arlen_r_reg[0]/C
  -------------------------------------------------------------------    -------------------
                         FDCE (Prop_FDCE_C_Q)         0.093     2.974 r  u_mir_c2h/arlen_r_reg[0]/Q
                         net (fo=3, unplaced)         0.164     3.138    u_mir_c2h/arlen_r[0]
                         LUT2 (Prop_LUT2_I1_O)        0.040     3.178 r  u_mir_c2h/FSM_sequential_st[1]_i_8/O
                         net (fo=1, unplaced)         0.214     3.392    u_mir_c2h/FSM_sequential_st[1]_i_8_n_53
                         LUT6 (Prop_LUT6_I3_O)        0.040     3.432 f  u_mir_c2h/FSM_sequential_st[1]_i_5/O
                         net (fo=1, unplaced)         0.214     3.646    u_mir_c2h/FSM_sequential_st[1]_i_5_n_53
                         LUT6 (Prop_LUT6_I0_O)        0.040     3.686 f  u_mir_c2h/FSM_sequential_st[1]_i_2/O
                         net (fo=3, unplaced)         0.220     3.906    u_mir_c2h/FSM_sequential_st[1]_i_2_n_53
                         LUT5 (Prop_LUT5_I4_O)        0.040     3.946 r  u_mir_c2h/cur_r[7]_i_3/O
                         net (fo=3, unplaced)         0.220     4.166    u_mir_c2h/cur_r[7]_i_3_n_53
                         LUT4 (Prop_LUT4_I3_O)        0.040     4.206 r  u_mir_c2h/rdata[127]_i_1/O
                         net (fo=130, unplaced)       0.251     4.457    u_mir_c2h/rdata[127]_i_1_n_53
                         FDCE                                         r  u_mir_c2h/rdata_reg[115]/CE
  -------------------------------------------------------------------    -------------------

                         (clock pcie_axi_aclk rise edge)
                                                      4.000     4.000 r  
    GTYE4_CHANNEL_X0Y3   GTYE4_CHANNEL                0.000     4.000 r  u_pcie_xdma/inst/pcie4_ip_i/inst/xdma_0_pcie4_ip_gt_top_i/diablo_gt.diablo_gt_phy_wrapper/gt_wizard.gtwizard_top_i/xdma_0_pcie4_ip_gt_i/inst/gen_gtwizard_gtye4_top.xdma_0_pcie4_ip_gt_gtwizard_gtye4_inst/gen_gtwizard_gtye4.gen_channel_container[3].gen_enabled_channel.gtye4_channel_wrapper_inst/channel_inst/gtye4_channel_gen.gen_gtye4_channel_inst[3].GTYE4_CHANNEL_PRIM_INST/TXOUTCLK
                         net (fo=7, unplaced)         0.082     4.082    u_pcie_xdma/inst/pcie4_ip_i/inst/xdma_0_pcie4_ip_gt_top_i/diablo_gt.diablo_gt_phy_wrapper/phy_clk_i/CLK_TXOUTCLK
                         BUFG_GT (Prop_BUFG_GT_I_O)
                                                      0.122     4.204 r  u_pcie_xdma/inst/pcie4_ip_i/inst/xdma_0_pcie4_ip_gt_top_i/diablo_gt.diablo_gt_phy_wrapper/phy_clk_i/bufg_gt_coreclk/O
                         net (fo=26062, unplaced)     2.507     6.711    u_mir_c2h/axi_aclk
                         FDCE                                         r  u_mir_c2h/rdata_reg[115]/C
                         clock pessimism              0.025     6.736    
                         clock uncertainty           -0.046     6.690    
                         FDCE (Setup_FDCE_C_CE)      -0.043     6.647    u_mir_c2h/rdata_reg[115]
  -------------------------------------------------------------------
                         required time                          6.647    
                         arrival time                          -4.457    
  -------------------------------------------------------------------
                         slack                                  2.190    

Slack (MET) :             2.190ns  (required time - arrival time)
  Source:                 u_mir_c2h/arlen_r_reg[0]/C
                            (rising edge-triggered cell FDCE clocked by pcie_axi_aclk  {rise@0.000ns fall@2.000ns period=4.000ns})
  Destination:            u_mir_c2h/rdata_reg[116]/CE
                            (rising edge-triggered cell FDCE clocked by pcie_axi_aclk  {rise@0.000ns fall@2.000ns period=4.000ns})
  Path Group:             pcie_axi_aclk
  Path Type:              Setup (Max at Slow Process Corner)
  Requirement:            4.000ns  (pcie_axi_aclk rise@4.000ns - pcie_axi_aclk rise@0.000ns)
  Data Path Delay:        1.576ns  (logic 0.293ns (18.591%)  route 1.283ns (81.409%))
  Logic Levels:           5  (LUT2=1 LUT4=1 LUT5=1 LUT6=2)
  Clock Path Skew:        -0.145ns (DCD - SCD + CPR)
    Destination Clock Delay (DCD):    2.711ns = ( 6.711 - 4.000 ) 
    Source Clock Delay      (SCD):    2.881ns
    Clock Pessimism Removal (CPR):    0.025ns
  Clock Uncertainty:      0.046ns  ((TSJ^2 + DJ^2)^1/2) / 2 + PE
    Total System Jitter     (TSJ):    0.071ns
    Discrete Jitter          (DJ):    0.060ns
    Phase Error              (PE):    0.000ns

    Location             Delay type                Incr(ns)  Path(ns)    Netlist Resource(s)
  -------------------------------------------------------------------    -------------------
                         (clock pcie_axi_aclk rise edge)
                                                      0.000     0.000 r  
    GTYE4_CHANNEL_X0Y3   GTYE4_CHANNEL                0.000     0.000 r  u_pcie_xdma/inst/pcie4_ip_i/inst/xdma_0_pcie4_ip_gt_top_i/diablo_gt.diablo_gt_phy_wrapper/gt_wizard.gtwizard_top_i/xdma_0_pcie4_ip_gt_i/inst/gen_gtwizard_gtye4_top.xdma_0_pcie4_ip_gt_gtwizard_gtye4_inst/gen_gtwizard_gtye4.gen_channel_container[3].gen_enabled_channel.gtye4_channel_wrapper_inst/channel_inst/gtye4_channel_gen.gen_gtye4_channel_inst[3].GTYE4_CHANNEL_PRIM_INST/TXOUTCLK
                         net (fo=7, unplaced)         0.090     0.090    u_pcie_xdma/inst/pcie4_ip_i/inst/xdma_0_pcie4_ip_gt_top_i/diablo_gt.diablo_gt_phy_wrapper/phy_clk_i/CLK_TXOUTCLK
                         BUFG_GT (Prop_BUFG_GT_I_O)
                                                      0.139     0.229 r  u_pcie_xdma/inst/pcie4_ip_i/inst/xdma_0_pcie4_ip_gt_top_i/diablo_gt.diablo_gt_phy_wrapper/phy_clk_i/bufg_gt_coreclk/O
                         net (fo=26062, unplaced)     2.652     2.881    u_mir_c2h/axi_aclk
                         FDCE                                         r  u_mir_c2h/arlen_r_reg[0]/C
  -------------------------------------------------------------------    -------------------
                         FDCE (Prop_FDCE_C_Q)         0.093     2.974 r  u_mir_c2h/arlen_r_reg[0]/Q
                         net (fo=3, unplaced)         0.164     3.138    u_mir_c2h/arlen_r[0]
                         LUT2 (Prop_LUT2_I1_O)        0.040     3.178 r  u_mir_c2h/FSM_sequential_st[1]_i_8/O
                         net (fo=1, unplaced)         0.214     3.392    u_mir_c2h/FSM_sequential_st[1]_i_8_n_53
                         LUT6 (Prop_LUT6_I3_O)        0.040     3.432 f  u_mir_c2h/FSM_sequential_st[1]_i_5/O
                         net (fo=1, unplaced)         0.214     3.646    u_mir_c2h/FSM_sequential_st[1]_i_5_n_53
                         LUT6 (Prop_LUT6_I0_O)        0.040     3.686 f  u_mir_c2h/FSM_sequential_st[1]_i_2/O
                         net (fo=3, unplaced)         0.220     3.906    u_mir_c2h/FSM_sequential_st[1]_i_2_n_53
                         LUT5 (Prop_LUT5_I4_O)        0.040     3.946 r  u_mir_c2h/cur_r[7]_i_3/O
                         net (fo=3, unplaced)         0.220     4.166    u_mir_c2h/cur_r[7]_i_3_n_53
                         LUT4 (Prop_LUT4_I3_O)        0.040     4.206 r  u_mir_c2h/rdata[127]_i_1/O
                         net (fo=130, unplaced)       0.251     4.457    u_mir_c2h/rdata[127]_i_1_n_53
                         FDCE                                         r  u_mir_c2h/rdata_reg[116]/CE
  -------------------------------------------------------------------    -------------------

                         (clock pcie_axi_aclk rise edge)
                                                      4.000     4.000 r  
    GTYE4_CHANNEL_X0Y3   GTYE4_CHANNEL                0.000     4.000 r  u_pcie_xdma/inst/pcie4_ip_i/inst/xdma_0_pcie4_ip_gt_top_i/diablo_gt.diablo_gt_phy_wrapper/gt_wizard.gtwizard_top_i/xdma_0_pcie4_ip_gt_i/inst/gen_gtwizard_gtye4_top.xdma_0_pcie4_ip_gt_gtwizard_gtye4_inst/gen_gtwizard_gtye4.gen_channel_container[3].gen_enabled_channel.gtye4_channel_wrapper_inst/channel_inst/gtye4_channel_gen.gen_gtye4_channel_inst[3].GTYE4_CHANNEL_PRIM_INST/TXOUTCLK
                         net (fo=7, unplaced)         0.082     4.082    u_pcie_xdma/inst/pcie4_ip_i/inst/xdma_0_pcie4_ip_gt_top_i/diablo_gt.diablo_gt_phy_wrapper/phy_clk_i/CLK_TXOUTCLK
                         BUFG_GT (Prop_BUFG_GT_I_O)
                                                      0.122     4.204 r  u_pcie_xdma/inst/pcie4_ip_i/inst/xdma_0_pcie4_ip_gt_top_i/diablo_gt.diablo_gt_phy_wrapper/phy_clk_i/bufg_gt_coreclk/O
                         net (fo=26062, unplaced)     2.507     6.711    u_mir_c2h/axi_aclk
                         FDCE                                         r  u_mir_c2h/rdata_reg[116]/C
                         clock pessimism              0.025     6.736    
                         clock uncertainty           -0.046     6.690    
                         FDCE (Setup_FDCE_C_CE)      -0.043     6.647    u_mir_c2h/rdata_reg[116]
  -------------------------------------------------------------------
                         required time                          6.647    
                         arrival time                          -4.457    
  -------------------------------------------------------------------
                         slack                                  2.190    

Slack (MET) :             2.190ns  (required time - arrival time)
  Source:                 u_mir_c2h/arlen_r_reg[0]/C
                            (rising edge-triggered cell FDCE clocked by pcie_axi_aclk  {rise@0.000ns fall@2.000ns period=4.000ns})
  Destination:            u_mir_c2h/rdata_reg[117]/CE
                            (rising edge-triggered cell FDCE clocked by pcie_axi_aclk  {rise@0.000ns fall@2.000ns period=4.000ns})
  Path Group:             pcie_axi_aclk
  Path Type:              Setup (Max at Slow Process Corner)
  Requirement:            4.000ns  (pcie_axi_aclk rise@4.000ns - pcie_axi_aclk rise@0.000ns)
  Data Path Delay:        1.576ns  (logic 0.293ns (18.591%)  route 1.283ns (81.409%))
  Logic Levels:           5  (LUT2=1 LUT4=1 LUT5=1 LUT6=2)
  Clock Path Skew:        -0.145ns (DCD - SCD + CPR)
    Destination Clock Delay (DCD):    2.711ns = ( 6.711 - 4.000 ) 
    Source Clock Delay      (SCD):    2.881ns
    Clock Pessimism Removal (CPR):    0.025ns
  Clock Uncertainty:      0.046ns  ((TSJ^2 + DJ^2)^1/2) / 2 + PE
    Total System Jitter     (TSJ):    0.071ns
    Discrete Jitter          (DJ):    0.060ns
    Phase Error              (PE):    0.000ns

    Location             Delay type                Incr(ns)  Path(ns)    Netlist Resource(s)
  -------------------------------------------------------------------    -------------------
                         (clock pcie_axi_aclk rise edge)
                                                      0.000     0.000 r  
    GTYE4_CHANNEL_X0Y3   GTYE4_CHANNEL                0.000     0.000 r  u_pcie_xdma/inst/pcie4_ip_i/inst/xdma_0_pcie4_ip_gt_top_i/diablo_gt.diablo_gt_phy_wrapper/gt_wizard.gtwizard_top_i/xdma_0_pcie4_ip_gt_i/inst/gen_gtwizard_gtye4_top.xdma_0_pcie4_ip_gt_gtwizard_gtye4_inst/gen_gtwizard_gtye4.gen_channel_container[3].gen_enabled_channel.gtye4_channel_wrapper_inst/channel_inst/gtye4_channel_gen.gen_gtye4_channel_inst[3].GTYE4_CHANNEL_PRIM_INST/TXOUTCLK
                         net (fo=7, unplaced)         0.090     0.090    u_pcie_xdma/inst/pcie4_ip_i/inst/xdma_0_pcie4_ip_gt_top_i/diablo_gt.diablo_gt_phy_wrapper/phy_clk_i/CLK_TXOUTCLK
                         BUFG_GT (Prop_BUFG_GT_I_O)
                                                      0.139     0.229 r  u_pcie_xdma/inst/pcie4_ip_i/inst/xdma_0_pcie4_ip_gt_top_i/diablo_gt.diablo_gt_phy_wrapper/phy_clk_i/bufg_gt_coreclk/O
                         net (fo=26062, unplaced)     2.652     2.881    u_mir_c2h/axi_aclk
                         FDCE                                         r  u_mir_c2h/arlen_r_reg[0]/C
  -------------------------------------------------------------------    -------------------
                         FDCE (Prop_FDCE_C_Q)         0.093     2.974 r  u_mir_c2h/arlen_r_reg[0]/Q
                         net (fo=3, unplaced)         0.164     3.138    u_mir_c2h/arlen_r[0]
                         LUT2 (Prop_LUT2_I1_O)        0.040     3.178 r  u_mir_c2h/FSM_sequential_st[1]_i_8/O
                         net (fo=1, unplaced)         0.214     3.392    u_mir_c2h/FSM_sequential_st[1]_i_8_n_53
                         LUT6 (Prop_LUT6_I3_O)        0.040     3.432 f  u_mir_c2h/FSM_sequential_st[1]_i_5/O
                         net (fo=1, unplaced)         0.214     3.646    u_mir_c2h/FSM_sequential_st[1]_i_5_n_53
                         LUT6 (Prop_LUT6_I0_O)        0.040     3.686 f  u_mir_c2h/FSM_sequential_st[1]_i_2/O
                         net (fo=3, unplaced)         0.220     3.906    u_mir_c2h/FSM_sequential_st[1]_i_2_n_53
                         LUT5 (Prop_LUT5_I4_O)        0.040     3.946 r  u_mir_c2h/cur_r[7]_i_3/O
                         net (fo=3, unplaced)         0.220     4.166    u_mir_c2h/cur_r[7]_i_3_n_53
                         LUT4 (Prop_LUT4_I3_O)        0.040     4.206 r  u_mir_c2h/rdata[127]_i_1/O
                         net (fo=130, unplaced)       0.251     4.457    u_mir_c2h/rdata[127]_i_1_n_53
                         FDCE                                         r  u_mir_c2h/rdata_reg[117]/CE
  -------------------------------------------------------------------    -------------------

                         (clock pcie_axi_aclk rise edge)
                                                      4.000     4.000 r  
    GTYE4_CHANNEL_X0Y3   GTYE4_CHANNEL                0.000     4.000 r  u_pcie_xdma/inst/pcie4_ip_i/inst/xdma_0_pcie4_ip_gt_top_i/diablo_gt.diablo_gt_phy_wrapper/gt_wizard.gtwizard_top_i/xdma_0_pcie4_ip_gt_i/inst/gen_gtwizard_gtye4_top.xdma_0_pcie4_ip_gt_gtwizard_gtye4_inst/gen_gtwizard_gtye4.gen_channel_container[3].gen_enabled_channel.gtye4_channel_wrapper_inst/channel_inst/gtye4_channel_gen.gen_gtye4_channel_inst[3].GTYE4_CHANNEL_PRIM_INST/TXOUTCLK
                         net (fo=7, unplaced)         0.082     4.082    u_pcie_xdma/inst/pcie4_ip_i/inst/xdma_0_pcie4_ip_gt_top_i/diablo_gt.diablo_gt_phy_wrapper/phy_clk_i/CLK_TXOUTCLK
                         BUFG_GT (Prop_BUFG_GT_I_O)
                                                      0.122     4.204 r  u_pcie_xdma/inst/pcie4_ip_i/inst/xdma_0_pcie4_ip_gt_top_i/diablo_gt.diablo_gt_phy_wrapper/phy_clk_i/bufg_gt_coreclk/O
                         net (fo=26062, unplaced)     2.507     6.711    u_mir_c2h/axi_aclk
                         FDCE                                         r  u_mir_c2h/rdata_reg[117]/C
                         clock pessimism              0.025     6.736    
                         clock uncertainty           -0.046     6.690    
                         FDCE (Setup_FDCE_C_CE)      -0.043     6.647    u_mir_c2h/rdata_reg[117]
  -------------------------------------------------------------------
                         required time                          6.647    
                         arrival time                          -4.457    
  -------------------------------------------------------------------
                         slack                                  2.190    

Slack (MET) :             2.190ns  (required time - arrival time)
  Source:                 u_mir_c2h/arlen_r_reg[0]/C
                            (rising edge-triggered cell FDCE clocked by pcie_axi_aclk  {rise@0.000ns fall@2.000ns period=4.000ns})
  Destination:            u_mir_c2h/rdata_reg[118]/CE
                            (rising edge-triggered cell FDCE clocked by pcie_axi_aclk  {rise@0.000ns fall@2.000ns period=4.000ns})
  Path Group:             pcie_axi_aclk
  Path Type:              Setup (Max at Slow Process Corner)
  Requirement:            4.000ns  (pcie_axi_aclk rise@4.000ns - pcie_axi_aclk rise@0.000ns)
  Data Path Delay:        1.576ns  (logic 0.293ns (18.591%)  route 1.283ns (81.409%))
  Logic Levels:           5  (LUT2=1 LUT4=1 LUT5=1 LUT6=2)
  Clock Path Skew:        -0.145ns (DCD - SCD + CPR)
    Destination Clock Delay (DCD):    2.711ns = ( 6.711 - 4.000 ) 
    Source Clock Delay      (SCD):    2.881ns
    Clock Pessimism Removal (CPR):    0.025ns
  Clock Uncertainty:      0.046ns  ((TSJ^2 + DJ^2)^1/2) / 2 + PE
    Total System Jitter     (TSJ):    0.071ns
    Discrete Jitter          (DJ):    0.060ns
    Phase Error              (PE):    0.000ns

    Location             Delay type                Incr(ns)  Path(ns)    Netlist Resource(s)
  -------------------------------------------------------------------    -------------------
                         (clock pcie_axi_aclk rise edge)
                                                      0.000     0.000 r  
    GTYE4_CHANNEL_X0Y3   GTYE4_CHANNEL                0.000     0.000 r  u_pcie_xdma/inst/pcie4_ip_i/inst/xdma_0_pcie4_ip_gt_top_i/diablo_gt.diablo_gt_phy_wrapper/gt_wizard.gtwizard_top_i/xdma_0_pcie4_ip_gt_i/inst/gen_gtwizard_gtye4_top.xdma_0_pcie4_ip_gt_gtwizard_gtye4_inst/gen_gtwizard_gtye4.gen_channel_container[3].gen_enabled_channel.gtye4_channel_wrapper_inst/channel_inst/gtye4_channel_gen.gen_gtye4_channel_inst[3].GTYE4_CHANNEL_PRIM_INST/TXOUTCLK
                         net (fo=7, unplaced)         0.090     0.090    u_pcie_xdma/inst/pcie4_ip_i/inst/xdma_0_pcie4_ip_gt_top_i/diablo_gt.diablo_gt_phy_wrapper/phy_clk_i/CLK_TXOUTCLK
                         BUFG_GT (Prop_BUFG_GT_I_O)
                                                      0.139     0.229 r  u_pcie_xdma/inst/pcie4_ip_i/inst/xdma_0_pcie4_ip_gt_top_i/diablo_gt.diablo_gt_phy_wrapper/phy_clk_i/bufg_gt_coreclk/O
                         net (fo=26062, unplaced)     2.652     2.881    u_mir_c2h/axi_aclk
                         FDCE                                         r  u_mir_c2h/arlen_r_reg[0]/C
  -------------------------------------------------------------------    -------------------
                         FDCE (Prop_FDCE_C_Q)         0.093     2.974 r  u_mir_c2h/arlen_r_reg[0]/Q
                         net (fo=3, unplaced)         0.164     3.138    u_mir_c2h/arlen_r[0]
                         LUT2 (Prop_LUT2_I1_O)        0.040     3.178 r  u_mir_c2h/FSM_sequential_st[1]_i_8/O
                         net (fo=1, unplaced)         0.214     3.392    u_mir_c2h/FSM_sequential_st[1]_i_8_n_53
                         LUT6 (Prop_LUT6_I3_O)        0.040     3.432 f  u_mir_c2h/FSM_sequential_st[1]_i_5/O
                         net (fo=1, unplaced)         0.214     3.646    u_mir_c2h/FSM_sequential_st[1]_i_5_n_53
                         LUT6 (Prop_LUT6_I0_O)        0.040     3.686 f  u_mir_c2h/FSM_sequential_st[1]_i_2/O
                         net (fo=3, unplaced)         0.220     3.906    u_mir_c2h/FSM_sequential_st[1]_i_2_n_53
                         LUT5 (Prop_LUT5_I4_O)        0.040     3.946 r  u_mir_c2h/cur_r[7]_i_3/O
                         net (fo=3, unplaced)         0.220     4.166    u_mir_c2h/cur_r[7]_i_3_n_53
                         LUT4 (Prop_LUT4_I3_O)        0.040     4.206 r  u_mir_c2h/rdata[127]_i_1/O
                         net (fo=130, unplaced)       0.251     4.457    u_mir_c2h/rdata[127]_i_1_n_53
                         FDCE                                         r  u_mir_c2h/rdata_reg[118]/CE
  -------------------------------------------------------------------    -------------------

                         (clock pcie_axi_aclk rise edge)
                                                      4.000     4.000 r  
    GTYE4_CHANNEL_X0Y3   GTYE4_CHANNEL                0.000     4.000 r  u_pcie_xdma/inst/pcie4_ip_i/inst/xdma_0_pcie4_ip_gt_top_i/diablo_gt.diablo_gt_phy_wrapper/gt_wizard.gtwizard_top_i/xdma_0_pcie4_ip_gt_i/inst/gen_gtwizard_gtye4_top.xdma_0_pcie4_ip_gt_gtwizard_gtye4_inst/gen_gtwizard_gtye4.gen_channel_container[3].gen_enabled_channel.gtye4_channel_wrapper_inst/channel_inst/gtye4_channel_gen.gen_gtye4_channel_inst[3].GTYE4_CHANNEL_PRIM_INST/TXOUTCLK
                         net (fo=7, unplaced)         0.082     4.082    u_pcie_xdma/inst/pcie4_ip_i/inst/xdma_0_pcie4_ip_gt_top_i/diablo_gt.diablo_gt_phy_wrapper/phy_clk_i/CLK_TXOUTCLK
                         BUFG_GT (Prop_BUFG_GT_I_O)
                                                      0.122     4.204 r  u_pcie_xdma/inst/pcie4_ip_i/inst/xdma_0_pcie4_ip_gt_top_i/diablo_gt.diablo_gt_phy_wrapper/phy_clk_i/bufg_gt_coreclk/O
                         net (fo=26062, unplaced)     2.507     6.711    u_mir_c2h/axi_aclk
                         FDCE                                         r  u_mir_c2h/rdata_reg[118]/C
                         clock pessimism              0.025     6.736    
                         clock uncertainty           -0.046     6.690    
                         FDCE (Setup_FDCE_C_CE)      -0.043     6.647    u_mir_c2h/rdata_reg[118]
  -------------------------------------------------------------------
                         required time                          6.647    
                         arrival time                          -4.457    
  -------------------------------------------------------------------
                         slack                                  2.190    

Slack (MET) :             2.190ns  (required time - arrival time)
  Source:                 u_mir_c2h/arlen_r_reg[0]/C
                            (rising edge-triggered cell FDCE clocked by pcie_axi_aclk  {rise@0.000ns fall@2.000ns period=4.000ns})
  Destination:            u_mir_c2h/rdata_reg[119]/CE
                            (rising edge-triggered cell FDCE clocked by pcie_axi_aclk  {rise@0.000ns fall@2.000ns period=4.000ns})
  Path Group:             pcie_axi_aclk
  Path Type:              Setup (Max at Slow Process Corner)
  Requirement:            4.000ns  (pcie_axi_aclk rise@4.000ns - pcie_axi_aclk rise@0.000ns)
  Data Path Delay:        1.576ns  (logic 0.293ns (18.591%)  route 1.283ns (81.409%))
  Logic Levels:           5  (LUT2=1 LUT4=1 LUT5=1 LUT6=2)
  Clock Path Skew:        -0.145ns (DCD - SCD + CPR)
    Destination Clock Delay (DCD):    2.711ns = ( 6.711 - 4.000 ) 
    Source Clock Delay      (SCD):    2.881ns
    Clock Pessimism Removal (CPR):    0.025ns
  Clock Uncertainty:      0.046ns  ((TSJ^2 + DJ^2)^1/2) / 2 + PE
    Total System Jitter     (TSJ):    0.071ns
    Discrete Jitter          (DJ):    0.060ns
    Phase Error              (PE):    0.000ns

    Location             Delay type                Incr(ns)  Path(ns)    Netlist Resource(s)
  -------------------------------------------------------------------    -------------------
                         (clock pcie_axi_aclk rise edge)
                                                      0.000     0.000 r  
    GTYE4_CHANNEL_X0Y3   GTYE4_CHANNEL                0.000     0.000 r  u_pcie_xdma/inst/pcie4_ip_i/inst/xdma_0_pcie4_ip_gt_top_i/diablo_gt.diablo_gt_phy_wrapper/gt_wizard.gtwizard_top_i/xdma_0_pcie4_ip_gt_i/inst/gen_gtwizard_gtye4_top.xdma_0_pcie4_ip_gt_gtwizard_gtye4_inst/gen_gtwizard_gtye4.gen_channel_container[3].gen_enabled_channel.gtye4_channel_wrapper_inst/channel_inst/gtye4_channel_gen.gen_gtye4_channel_inst[3].GTYE4_CHANNEL_PRIM_INST/TXOUTCLK
                         net (fo=7, unplaced)         0.090     0.090    u_pcie_xdma/inst/pcie4_ip_i/inst/xdma_0_pcie4_ip_gt_top_i/diablo_gt.diablo_gt_phy_wrapper/phy_clk_i/CLK_TXOUTCLK
                         BUFG_GT (Prop_BUFG_GT_I_O)
                                                      0.139     0.229 r  u_pcie_xdma/inst/pcie4_ip_i/inst/xdma_0_pcie4_ip_gt_top_i/diablo_gt.diablo_gt_phy_wrapper/phy_clk_i/bufg_gt_coreclk/O
                         net (fo=26062, unplaced)     2.652     2.881    u_mir_c2h/axi_aclk
                         FDCE                                         r  u_mir_c2h/arlen_r_reg[0]/C
  -------------------------------------------------------------------    -------------------
                         FDCE (Prop_FDCE_C_Q)         0.093     2.974 r  u_mir_c2h/arlen_r_reg[0]/Q
                         net (fo=3, unplaced)         0.164     3.138    u_mir_c2h/arlen_r[0]
                         LUT2 (Prop_LUT2_I1_O)        0.040     3.178 r  u_mir_c2h/FSM_sequential_st[1]_i_8/O
                         net (fo=1, unplaced)         0.214     3.392    u_mir_c2h/FSM_sequential_st[1]_i_8_n_53
                         LUT6 (Prop_LUT6_I3_O)        0.040     3.432 f  u_mir_c2h/FSM_sequential_st[1]_i_5/O
                         net (fo=1, unplaced)         0.214     3.646    u_mir_c2h/FSM_sequential_st[1]_i_5_n_53
                         LUT6 (Prop_LUT6_I0_O)        0.040     3.686 f  u_mir_c2h/FSM_sequential_st[1]_i_2/O
                         net (fo=3, unplaced)         0.220     3.906    u_mir_c2h/FSM_sequential_st[1]_i_2_n_53
                         LUT5 (Prop_LUT5_I4_O)        0.040     3.946 r  u_mir_c2h/cur_r[7]_i_3/O
                         net (fo=3, unplaced)         0.220     4.166    u_mir_c2h/cur_r[7]_i_3_n_53
                         LUT4 (Prop_LUT4_I3_O)        0.040     4.206 r  u_mir_c2h/rdata[127]_i_1/O
                         net (fo=130, unplaced)       0.251     4.457    u_mir_c2h/rdata[127]_i_1_n_53
                         FDCE                                         r  u_mir_c2h/rdata_reg[119]/CE
  -------------------------------------------------------------------    -------------------

                         (clock pcie_axi_aclk rise edge)
                                                      4.000     4.000 r  
    GTYE4_CHANNEL_X0Y3   GTYE4_CHANNEL                0.000     4.000 r  u_pcie_xdma/inst/pcie4_ip_i/inst/xdma_0_pcie4_ip_gt_top_i/diablo_gt.diablo_gt_phy_wrapper/gt_wizard.gtwizard_top_i/xdma_0_pcie4_ip_gt_i/inst/gen_gtwizard_gtye4_top.xdma_0_pcie4_ip_gt_gtwizard_gtye4_inst/gen_gtwizard_gtye4.gen_channel_container[3].gen_enabled_channel.gtye4_channel_wrapper_inst/channel_inst/gtye4_channel_gen.gen_gtye4_channel_inst[3].GTYE4_CHANNEL_PRIM_INST/TXOUTCLK
                         net (fo=7, unplaced)         0.082     4.082    u_pcie_xdma/inst/pcie4_ip_i/inst/xdma_0_pcie4_ip_gt_top_i/diablo_gt.diablo_gt_phy_wrapper/phy_clk_i/CLK_TXOUTCLK
                         BUFG_GT (Prop_BUFG_GT_I_O)
                                                      0.122     4.204 r  u_pcie_xdma/inst/pcie4_ip_i/inst/xdma_0_pcie4_ip_gt_top_i/diablo_gt.diablo_gt_phy_wrapper/phy_clk_i/bufg_gt_coreclk/O
                         net (fo=26062, unplaced)     2.507     6.711    u_mir_c2h/axi_aclk
                         FDCE                                         r  u_mir_c2h/rdata_reg[119]/C
                         clock pessimism              0.025     6.736    
                         clock uncertainty           -0.046     6.690    
                         FDCE (Setup_FDCE_C_CE)      -0.043     6.647    u_mir_c2h/rdata_reg[119]
  -------------------------------------------------------------------
                         required time                          6.647    
                         arrival time                          -4.457    
  -------------------------------------------------------------------
                         slack                                  2.190    

Slack (MET) :             2.190ns  (required time - arrival time)
  Source:                 u_mir_c2h/arlen_r_reg[0]/C
                            (rising edge-triggered cell FDCE clocked by pcie_axi_aclk  {rise@0.000ns fall@2.000ns period=4.000ns})
  Destination:            u_mir_c2h/rdata_reg[11]/CE
                            (rising edge-triggered cell FDCE clocked by pcie_axi_aclk  {rise@0.000ns fall@2.000ns period=4.000ns})
  Path Group:             pcie_axi_aclk
  Path Type:              Setup (Max at Slow Process Corner)
  Requirement:            4.000ns  (pcie_axi_aclk rise@4.000ns - pcie_axi_aclk rise@0.000ns)
  Data Path Delay:        1.576ns  (logic 0.293ns (18.591%)  route 1.283ns (81.409%))
  Logic Levels:           5  (LUT2=1 LUT4=1 LUT5=1 LUT6=2)
  Clock Path Skew:        -0.145ns (DCD - SCD + CPR)
    Destination Clock Delay (DCD):    2.711ns = ( 6.711 - 4.000 ) 
    Source Clock Delay      (SCD):    2.881ns
    Clock Pessimism Removal (CPR):    0.025ns
  Clock Uncertainty:      0.046ns  ((TSJ^2 + DJ^2)^1/2) / 2 + PE
    Total System Jitter     (TSJ):    0.071ns
    Discrete Jitter          (DJ):    0.060ns
    Phase Error              (PE):    0.000ns

    Location             Delay type                Incr(ns)  Path(ns)    Netlist Resource(s)
  -------------------------------------------------------------------    -------------------
                         (clock pcie_axi_aclk rise edge)
                                                      0.000     0.000 r  
    GTYE4_CHANNEL_X0Y3   GTYE4_CHANNEL                0.000     0.000 r  u_pcie_xdma/inst/pcie4_ip_i/inst/xdma_0_pcie4_ip_gt_top_i/diablo_gt.diablo_gt_phy_wrapper/gt_wizard.gtwizard_top_i/xdma_0_pcie4_ip_gt_i/inst/gen_gtwizard_gtye4_top.xdma_0_pcie4_ip_gt_gtwizard_gtye4_inst/gen_gtwizard_gtye4.gen_channel_container[3].gen_enabled_channel.gtye4_channel_wrapper_inst/channel_inst/gtye4_channel_gen.gen_gtye4_channel_inst[3].GTYE4_CHANNEL_PRIM_INST/TXOUTCLK
                         net (fo=7, unplaced)         0.090     0.090    u_pcie_xdma/inst/pcie4_ip_i/inst/xdma_0_pcie4_ip_gt_top_i/diablo_gt.diablo_gt_phy_wrapper/phy_clk_i/CLK_TXOUTCLK
                         BUFG_GT (Prop_BUFG_GT_I_O)
                                                      0.139     0.229 r  u_pcie_xdma/inst/pcie4_ip_i/inst/xdma_0_pcie4_ip_gt_top_i/diablo_gt.diablo_gt_phy_wrapper/phy_clk_i/bufg_gt_coreclk/O
                         net (fo=26062, unplaced)     2.652     2.881    u_mir_c2h/axi_aclk
                         FDCE                                         r  u_mir_c2h/arlen_r_reg[0]/C
  -------------------------------------------------------------------    -------------------
                         FDCE (Prop_FDCE_C_Q)         0.093     2.974 r  u_mir_c2h/arlen_r_reg[0]/Q
                         net (fo=3, unplaced)         0.164     3.138    u_mir_c2h/arlen_r[0]
                         LUT2 (Prop_LUT2_I1_O)        0.040     3.178 r  u_mir_c2h/FSM_sequential_st[1]_i_8/O
                         net (fo=1, unplaced)         0.214     3.392    u_mir_c2h/FSM_sequential_st[1]_i_8_n_53
                         LUT6 (Prop_LUT6_I3_O)        0.040     3.432 f  u_mir_c2h/FSM_sequential_st[1]_i_5/O
                         net (fo=1, unplaced)         0.214     3.646    u_mir_c2h/FSM_sequential_st[1]_i_5_n_53
                         LUT6 (Prop_LUT6_I0_O)        0.040     3.686 f  u_mir_c2h/FSM_sequential_st[1]_i_2/O
                         net (fo=3, unplaced)         0.220     3.906    u_mir_c2h/FSM_sequential_st[1]_i_2_n_53
                         LUT5 (Prop_LUT5_I4_O)        0.040     3.946 r  u_mir_c2h/cur_r[7]_i_3/O
                         net (fo=3, unplaced)         0.220     4.166    u_mir_c2h/cur_r[7]_i_3_n_53
                         LUT4 (Prop_LUT4_I3_O)        0.040     4.206 r  u_mir_c2h/rdata[127]_i_1/O
                         net (fo=130, unplaced)       0.251     4.457    u_mir_c2h/rdata[127]_i_1_n_53
                         FDCE                                         r  u_mir_c2h/rdata_reg[11]/CE
  -------------------------------------------------------------------    -------------------

                         (clock pcie_axi_aclk rise edge)
                                                      4.000     4.000 r  
    GTYE4_CHANNEL_X0Y3   GTYE4_CHANNEL                0.000     4.000 r  u_pcie_xdma/inst/pcie4_ip_i/inst/xdma_0_pcie4_ip_gt_top_i/diablo_gt.diablo_gt_phy_wrapper/gt_wizard.gtwizard_top_i/xdma_0_pcie4_ip_gt_i/inst/gen_gtwizard_gtye4_top.xdma_0_pcie4_ip_gt_gtwizard_gtye4_inst/gen_gtwizard_gtye4.gen_channel_container[3].gen_enabled_channel.gtye4_channel_wrapper_inst/channel_inst/gtye4_channel_gen.gen_gtye4_channel_inst[3].GTYE4_CHANNEL_PRIM_INST/TXOUTCLK
                         net (fo=7, unplaced)         0.082     4.082    u_pcie_xdma/inst/pcie4_ip_i/inst/xdma_0_pcie4_ip_gt_top_i/diablo_gt.diablo_gt_phy_wrapper/phy_clk_i/CLK_TXOUTCLK
                         BUFG_GT (Prop_BUFG_GT_I_O)
                                                      0.122     4.204 r  u_pcie_xdma/inst/pcie4_ip_i/inst/xdma_0_pcie4_ip_gt_top_i/diablo_gt.diablo_gt_phy_wrapper/phy_clk_i/bufg_gt_coreclk/O
                         net (fo=26062, unplaced)     2.507     6.711    u_mir_c2h/axi_aclk
                         FDCE                                         r  u_mir_c2h/rdata_reg[11]/C
                         clock pessimism              0.025     6.736    
                         clock uncertainty           -0.046     6.690    
                         FDCE (Setup_FDCE_C_CE)      -0.043     6.647    u_mir_c2h/rdata_reg[11]
  -------------------------------------------------------------------
                         required time                          6.647    
                         arrival time                          -4.457    
  -------------------------------------------------------------------
                         slack                                  2.190    

Slack (MET) :             2.190ns  (required time - arrival time)
  Source:                 u_mir_c2h/arlen_r_reg[0]/C
                            (rising edge-triggered cell FDCE clocked by pcie_axi_aclk  {rise@0.000ns fall@2.000ns period=4.000ns})
  Destination:            u_mir_c2h/rdata_reg[120]/CE
                            (rising edge-triggered cell FDCE clocked by pcie_axi_aclk  {rise@0.000ns fall@2.000ns period=4.000ns})
  Path Group:             pcie_axi_aclk
  Path Type:              Setup (Max at Slow Process Corner)
  Requirement:            4.000ns  (pcie_axi_aclk rise@4.000ns - pcie_axi_aclk rise@0.000ns)
  Data Path Delay:        1.576ns  (logic 0.293ns (18.591%)  route 1.283ns (81.409%))
  Logic Levels:           5  (LUT2=1 LUT4=1 LUT5=1 LUT6=2)
  Clock Path Skew:        -0.145ns (DCD - SCD + CPR)
    Destination Clock Delay (DCD):    2.711ns = ( 6.711 - 4.000 ) 
    Source Clock Delay      (SCD):    2.881ns
    Clock Pessimism Removal (CPR):    0.025ns
  Clock Uncertainty:      0.046ns  ((TSJ^2 + DJ^2)^1/2) / 2 + PE
    Total System Jitter     (TSJ):    0.071ns
    Discrete Jitter          (DJ):    0.060ns
    Phase Error              (PE):    0.000ns

    Location             Delay type                Incr(ns)  Path(ns)    Netlist Resource(s)
  -------------------------------------------------------------------    -------------------
                         (clock pcie_axi_aclk rise edge)
                                                      0.000     0.000 r  
    GTYE4_CHANNEL_X0Y3   GTYE4_CHANNEL                0.000     0.000 r  u_pcie_xdma/inst/pcie4_ip_i/inst/xdma_0_pcie4_ip_gt_top_i/diablo_gt.diablo_gt_phy_wrapper/gt_wizard.gtwizard_top_i/xdma_0_pcie4_ip_gt_i/inst/gen_gtwizard_gtye4_top.xdma_0_pcie4_ip_gt_gtwizard_gtye4_inst/gen_gtwizard_gtye4.gen_channel_container[3].gen_enabled_channel.gtye4_channel_wrapper_inst/channel_inst/gtye4_channel_gen.gen_gtye4_channel_inst[3].GTYE4_CHANNEL_PRIM_INST/TXOUTCLK
                         net (fo=7, unplaced)         0.090     0.090    u_pcie_xdma/inst/pcie4_ip_i/inst/xdma_0_pcie4_ip_gt_top_i/diablo_gt.diablo_gt_phy_wrapper/phy_clk_i/CLK_TXOUTCLK
                         BUFG_GT (Prop_BUFG_GT_I_O)
                                                      0.139     0.229 r  u_pcie_xdma/inst/pcie4_ip_i/inst/xdma_0_pcie4_ip_gt_top_i/diablo_gt.diablo_gt_phy_wrapper/phy_clk_i/bufg_gt_coreclk/O
                         net (fo=26062, unplaced)     2.652     2.881    u_mir_c2h/axi_aclk
                         FDCE                                         r  u_mir_c2h/arlen_r_reg[0]/C
  -------------------------------------------------------------------    -------------------
                         FDCE (Prop_FDCE_C_Q)         0.093     2.974 r  u_mir_c2h/arlen_r_reg[0]/Q
                         net (fo=3, unplaced)         0.164     3.138    u_mir_c2h/arlen_r[0]
                         LUT2 (Prop_LUT2_I1_O)        0.040     3.178 r  u_mir_c2h/FSM_sequential_st[1]_i_8/O
                         net (fo=1, unplaced)         0.214     3.392    u_mir_c2h/FSM_sequential_st[1]_i_8_n_53
                         LUT6 (Prop_LUT6_I3_O)        0.040     3.432 f  u_mir_c2h/FSM_sequential_st[1]_i_5/O
                         net (fo=1, unplaced)         0.214     3.646    u_mir_c2h/FSM_sequential_st[1]_i_5_n_53
                         LUT6 (Prop_LUT6_I0_O)        0.040     3.686 f  u_mir_c2h/FSM_sequential_st[1]_i_2/O
                         net (fo=3, unplaced)         0.220     3.906    u_mir_c2h/FSM_sequential_st[1]_i_2_n_53
                         LUT5 (Prop_LUT5_I4_O)        0.040     3.946 r  u_mir_c2h/cur_r[7]_i_3/O
                         net (fo=3, unplaced)         0.220     4.166    u_mir_c2h/cur_r[7]_i_3_n_53
                         LUT4 (Prop_LUT4_I3_O)        0.040     4.206 r  u_mir_c2h/rdata[127]_i_1/O
                         net (fo=130, unplaced)       0.251     4.457    u_mir_c2h/rdata[127]_i_1_n_53
                         FDCE                                         r  u_mir_c2h/rdata_reg[120]/CE
  -------------------------------------------------------------------    -------------------

                         (clock pcie_axi_aclk rise edge)
                                                      4.000     4.000 r  
    GTYE4_CHANNEL_X0Y3   GTYE4_CHANNEL                0.000     4.000 r  u_pcie_xdma/inst/pcie4_ip_i/inst/xdma_0_pcie4_ip_gt_top_i/diablo_gt.diablo_gt_phy_wrapper/gt_wizard.gtwizard_top_i/xdma_0_pcie4_ip_gt_i/inst/gen_gtwizard_gtye4_top.xdma_0_pcie4_ip_gt_gtwizard_gtye4_inst/gen_gtwizard_gtye4.gen_channel_container[3].gen_enabled_channel.gtye4_channel_wrapper_inst/channel_inst/gtye4_channel_gen.gen_gtye4_channel_inst[3].GTYE4_CHANNEL_PRIM_INST/TXOUTCLK
                         net (fo=7, unplaced)         0.082     4.082    u_pcie_xdma/inst/pcie4_ip_i/inst/xdma_0_pcie4_ip_gt_top_i/diablo_gt.diablo_gt_phy_wrapper/phy_clk_i/CLK_TXOUTCLK
                         BUFG_GT (Prop_BUFG_GT_I_O)
                                                      0.122     4.204 r  u_pcie_xdma/inst/pcie4_ip_i/inst/xdma_0_pcie4_ip_gt_top_i/diablo_gt.diablo_gt_phy_wrapper/phy_clk_i/bufg_gt_coreclk/O
                         net (fo=26062, unplaced)     2.507     6.711    u_mir_c2h/axi_aclk
                         FDCE                                         r  u_mir_c2h/rdata_reg[120]/C
                         clock pessimism              0.025     6.736    
                         clock uncertainty           -0.046     6.690    
                         FDCE (Setup_FDCE_C_CE)      -0.043     6.647    u_mir_c2h/rdata_reg[120]
  -------------------------------------------------------------------
                         required time                          6.647    
                         arrival time                          -4.457    
  -------------------------------------------------------------------
                         slack                                  2.190    

Slack (MET) :             2.190ns  (required time - arrival time)
  Source:                 u_mir_c2h/arlen_r_reg[0]/C
                            (rising edge-triggered cell FDCE clocked by pcie_axi_aclk  {rise@0.000ns fall@2.000ns period=4.000ns})
  Destination:            u_mir_c2h/rdata_reg[121]/CE
                            (rising edge-triggered cell FDCE clocked by pcie_axi_aclk  {rise@0.000ns fall@2.000ns period=4.000ns})
  Path Group:             pcie_axi_aclk
  Path Type:              Setup (Max at Slow Process Corner)
  Requirement:            4.000ns  (pcie_axi_aclk rise@4.000ns - pcie_axi_aclk rise@0.000ns)
  Data Path Delay:        1.576ns  (logic 0.293ns (18.591%)  route 1.283ns (81.409%))
  Logic Levels:           5  (LUT2=1 LUT4=1 LUT5=1 LUT6=2)
  Clock Path Skew:        -0.145ns (DCD - SCD + CPR)
    Destination Clock Delay (DCD):    2.711ns = ( 6.711 - 4.000 ) 
    Source Clock Delay      (SCD):    2.881ns
    Clock Pessimism Removal (CPR):    0.025ns
  Clock Uncertainty:      0.046ns  ((TSJ^2 + DJ^2)^1/2) / 2 + PE
    Total System Jitter     (TSJ):    0.071ns
    Discrete Jitter          (DJ):    0.060ns
    Phase Error              (PE):    0.000ns

    Location             Delay type                Incr(ns)  Path(ns)    Netlist Resource(s)
  -------------------------------------------------------------------    -------------------
                         (clock pcie_axi_aclk rise edge)
                                                      0.000     0.000 r  
    GTYE4_CHANNEL_X0Y3   GTYE4_CHANNEL                0.000     0.000 r  u_pcie_xdma/inst/pcie4_ip_i/inst/xdma_0_pcie4_ip_gt_top_i/diablo_gt.diablo_gt_phy_wrapper/gt_wizard.gtwizard_top_i/xdma_0_pcie4_ip_gt_i/inst/gen_gtwizard_gtye4_top.xdma_0_pcie4_ip_gt_gtwizard_gtye4_inst/gen_gtwizard_gtye4.gen_channel_container[3].gen_enabled_channel.gtye4_channel_wrapper_inst/channel_inst/gtye4_channel_gen.gen_gtye4_channel_inst[3].GTYE4_CHANNEL_PRIM_INST/TXOUTCLK
                         net (fo=7, unplaced)         0.090     0.090    u_pcie_xdma/inst/pcie4_ip_i/inst/xdma_0_pcie4_ip_gt_top_i/diablo_gt.diablo_gt_phy_wrapper/phy_clk_i/CLK_TXOUTCLK
                         BUFG_GT (Prop_BUFG_GT_I_O)
                                                      0.139     0.229 r  u_pcie_xdma/inst/pcie4_ip_i/inst/xdma_0_pcie4_ip_gt_top_i/diablo_gt.diablo_gt_phy_wrapper/phy_clk_i/bufg_gt_coreclk/O
                         net (fo=26062, unplaced)     2.652     2.881    u_mir_c2h/axi_aclk
                         FDCE                                         r  u_mir_c2h/arlen_r_reg[0]/C
  -------------------------------------------------------------------    -------------------
                         FDCE (Prop_FDCE_C_Q)         0.093     2.974 r  u_mir_c2h/arlen_r_reg[0]/Q
                         net (fo=3, unplaced)         0.164     3.138    u_mir_c2h/arlen_r[0]
                         LUT2 (Prop_LUT2_I1_O)        0.040     3.178 r  u_mir_c2h/FSM_sequential_st[1]_i_8/O
                         net (fo=1, unplaced)         0.214     3.392    u_mir_c2h/FSM_sequential_st[1]_i_8_n_53
                         LUT6 (Prop_LUT6_I3_O)        0.040     3.432 f  u_mir_c2h/FSM_sequential_st[1]_i_5/O
                         net (fo=1, unplaced)         0.214     3.646    u_mir_c2h/FSM_sequential_st[1]_i_5_n_53
                         LUT6 (Prop_LUT6_I0_O)        0.040     3.686 f  u_mir_c2h/FSM_sequential_st[1]_i_2/O
                         net (fo=3, unplaced)         0.220     3.906    u_mir_c2h/FSM_sequential_st[1]_i_2_n_53
                         LUT5 (Prop_LUT5_I4_O)        0.040     3.946 r  u_mir_c2h/cur_r[7]_i_3/O
                         net (fo=3, unplaced)         0.220     4.166    u_mir_c2h/cur_r[7]_i_3_n_53
                         LUT4 (Prop_LUT4_I3_O)        0.040     4.206 r  u_mir_c2h/rdata[127]_i_1/O
                         net (fo=130, unplaced)       0.251     4.457    u_mir_c2h/rdata[127]_i_1_n_53
                         FDCE                                         r  u_mir_c2h/rdata_reg[121]/CE
  -------------------------------------------------------------------    -------------------

                         (clock pcie_axi_aclk rise edge)
                                                      4.000     4.000 r  
    GTYE4_CHANNEL_X0Y3   GTYE4_CHANNEL                0.000     4.000 r  u_pcie_xdma/inst/pcie4_ip_i/inst/xdma_0_pcie4_ip_gt_top_i/diablo_gt.diablo_gt_phy_wrapper/gt_wizard.gtwizard_top_i/xdma_0_pcie4_ip_gt_i/inst/gen_gtwizard_gtye4_top.xdma_0_pcie4_ip_gt_gtwizard_gtye4_inst/gen_gtwizard_gtye4.gen_channel_container[3].gen_enabled_channel.gtye4_channel_wrapper_inst/channel_inst/gtye4_channel_gen.gen_gtye4_channel_inst[3].GTYE4_CHANNEL_PRIM_INST/TXOUTCLK
                         net (fo=7, unplaced)         0.082     4.082    u_pcie_xdma/inst/pcie4_ip_i/inst/xdma_0_pcie4_ip_gt_top_i/diablo_gt.diablo_gt_phy_wrapper/phy_clk_i/CLK_TXOUTCLK
                         BUFG_GT (Prop_BUFG_GT_I_O)
                                                      0.122     4.204 r  u_pcie_xdma/inst/pcie4_ip_i/inst/xdma_0_pcie4_ip_gt_top_i/diablo_gt.diablo_gt_phy_wrapper/phy_clk_i/bufg_gt_coreclk/O
                         net (fo=26062, unplaced)     2.507     6.711    u_mir_c2h/axi_aclk
                         FDCE                                         r  u_mir_c2h/rdata_reg[121]/C
                         clock pessimism              0.025     6.736    
                         clock uncertainty           -0.046     6.690    
                         FDCE (Setup_FDCE_C_CE)      -0.043     6.647    u_mir_c2h/rdata_reg[121]
  -------------------------------------------------------------------
                         required time                          6.647    
                         arrival time                          -4.457    
  -------------------------------------------------------------------
                         slack                                  2.190    

Slack (MET) :             2.190ns  (required time - arrival time)
  Source:                 u_mir_c2h/arlen_r_reg[0]/C
                            (rising edge-triggered cell FDCE clocked by pcie_axi_aclk  {rise@0.000ns fall@2.000ns period=4.000ns})
  Destination:            u_mir_c2h/rdata_reg[122]/CE
                            (rising edge-triggered cell FDCE clocked by pcie_axi_aclk  {rise@0.000ns fall@2.000ns period=4.000ns})
  Path Group:             pcie_axi_aclk
  Path Type:              Setup (Max at Slow Process Corner)
  Requirement:            4.000ns  (pcie_axi_aclk rise@4.000ns - pcie_axi_aclk rise@0.000ns)
  Data Path Delay:        1.576ns  (logic 0.293ns (18.591%)  route 1.283ns (81.409%))
  Logic Levels:           5  (LUT2=1 LUT4=1 LUT5=1 LUT6=2)
  Clock Path Skew:        -0.145ns (DCD - SCD + CPR)
    Destination Clock Delay (DCD):    2.711ns = ( 6.711 - 4.000 ) 
    Source Clock Delay      (SCD):    2.881ns
    Clock Pessimism Removal (CPR):    0.025ns
  Clock Uncertainty:      0.046ns  ((TSJ^2 + DJ^2)^1/2) / 2 + PE
    Total System Jitter     (TSJ):    0.071ns
    Discrete Jitter          (DJ):    0.060ns
    Phase Error              (PE):    0.000ns

    Location             Delay type                Incr(ns)  Path(ns)    Netlist Resource(s)
  -------------------------------------------------------------------    -------------------
                         (clock pcie_axi_aclk rise edge)
                                                      0.000     0.000 r  
    GTYE4_CHANNEL_X0Y3   GTYE4_CHANNEL                0.000     0.000 r  u_pcie_xdma/inst/pcie4_ip_i/inst/xdma_0_pcie4_ip_gt_top_i/diablo_gt.diablo_gt_phy_wrapper/gt_wizard.gtwizard_top_i/xdma_0_pcie4_ip_gt_i/inst/gen_gtwizard_gtye4_top.xdma_0_pcie4_ip_gt_gtwizard_gtye4_inst/gen_gtwizard_gtye4.gen_channel_container[3].gen_enabled_channel.gtye4_channel_wrapper_inst/channel_inst/gtye4_channel_gen.gen_gtye4_channel_inst[3].GTYE4_CHANNEL_PRIM_INST/TXOUTCLK
                         net (fo=7, unplaced)         0.090     0.090    u_pcie_xdma/inst/pcie4_ip_i/inst/xdma_0_pcie4_ip_gt_top_i/diablo_gt.diablo_gt_phy_wrapper/phy_clk_i/CLK_TXOUTCLK
                         BUFG_GT (Prop_BUFG_GT_I_O)
                                                      0.139     0.229 r  u_pcie_xdma/inst/pcie4_ip_i/inst/xdma_0_pcie4_ip_gt_top_i/diablo_gt.diablo_gt_phy_wrapper/phy_clk_i/bufg_gt_coreclk/O
                         net (fo=26062, unplaced)     2.652     2.881    u_mir_c2h/axi_aclk
                         FDCE                                         r  u_mir_c2h/arlen_r_reg[0]/C
  -------------------------------------------------------------------    -------------------
                         FDCE (Prop_FDCE_C_Q)         0.093     2.974 r  u_mir_c2h/arlen_r_reg[0]/Q
                         net (fo=3, unplaced)         0.164     3.138    u_mir_c2h/arlen_r[0]
                         LUT2 (Prop_LUT2_I1_O)        0.040     3.178 r  u_mir_c2h/FSM_sequential_st[1]_i_8/O
                         net (fo=1, unplaced)         0.214     3.392    u_mir_c2h/FSM_sequential_st[1]_i_8_n_53
                         LUT6 (Prop_LUT6_I3_O)        0.040     3.432 f  u_mir_c2h/FSM_sequential_st[1]_i_5/O
                         net (fo=1, unplaced)         0.214     3.646    u_mir_c2h/FSM_sequential_st[1]_i_5_n_53
                         LUT6 (Prop_LUT6_I0_O)        0.040     3.686 f  u_mir_c2h/FSM_sequential_st[1]_i_2/O
                         net (fo=3, unplaced)         0.220     3.906    u_mir_c2h/FSM_sequential_st[1]_i_2_n_53
                         LUT5 (Prop_LUT5_I4_O)        0.040     3.946 r  u_mir_c2h/cur_r[7]_i_3/O
                         net (fo=3, unplaced)         0.220     4.166    u_mir_c2h/cur_r[7]_i_3_n_53
                         LUT4 (Prop_LUT4_I3_O)        0.040     4.206 r  u_mir_c2h/rdata[127]_i_1/O
                         net (fo=130, unplaced)       0.251     4.457    u_mir_c2h/rdata[127]_i_1_n_53
                         FDCE                                         r  u_mir_c2h/rdata_reg[122]/CE
  -------------------------------------------------------------------    -------------------

                         (clock pcie_axi_aclk rise edge)
                                                      4.000     4.000 r  
    GTYE4_CHANNEL_X0Y3   GTYE4_CHANNEL                0.000     4.000 r  u_pcie_xdma/inst/pcie4_ip_i/inst/xdma_0_pcie4_ip_gt_top_i/diablo_gt.diablo_gt_phy_wrapper/gt_wizard.gtwizard_top_i/xdma_0_pcie4_ip_gt_i/inst/gen_gtwizard_gtye4_top.xdma_0_pcie4_ip_gt_gtwizard_gtye4_inst/gen_gtwizard_gtye4.gen_channel_container[3].gen_enabled_channel.gtye4_channel_wrapper_inst/channel_inst/gtye4_channel_gen.gen_gtye4_channel_inst[3].GTYE4_CHANNEL_PRIM_INST/TXOUTCLK
                         net (fo=7, unplaced)         0.082     4.082    u_pcie_xdma/inst/pcie4_ip_i/inst/xdma_0_pcie4_ip_gt_top_i/diablo_gt.diablo_gt_phy_wrapper/phy_clk_i/CLK_TXOUTCLK
                         BUFG_GT (Prop_BUFG_GT_I_O)
                                                      0.122     4.204 r  u_pcie_xdma/inst/pcie4_ip_i/inst/xdma_0_pcie4_ip_gt_top_i/diablo_gt.diablo_gt_phy_wrapper/phy_clk_i/bufg_gt_coreclk/O
                         net (fo=26062, unplaced)     2.507     6.711    u_mir_c2h/axi_aclk
                         FDCE                                         r  u_mir_c2h/rdata_reg[122]/C
                         clock pessimism              0.025     6.736    
                         clock uncertainty           -0.046     6.690    
                         FDCE (Setup_FDCE_C_CE)      -0.043     6.647    u_mir_c2h/rdata_reg[122]
  -------------------------------------------------------------------
                         required time                          6.647    
                         arrival time                          -4.457    
  -------------------------------------------------------------------
                         slack                                  2.190    

Slack (MET) :             2.190ns  (required time - arrival time)
  Source:                 u_mir_c2h/arlen_r_reg[0]/C
                            (rising edge-triggered cell FDCE clocked by pcie_axi_aclk  {rise@0.000ns fall@2.000ns period=4.000ns})
  Destination:            u_mir_c2h/rdata_reg[123]/CE
                            (rising edge-triggered cell FDCE clocked by pcie_axi_aclk  {rise@0.000ns fall@2.000ns period=4.000ns})
  Path Group:             pcie_axi_aclk
  Path Type:              Setup (Max at Slow Process Corner)
  Requirement:            4.000ns  (pcie_axi_aclk rise@4.000ns - pcie_axi_aclk rise@0.000ns)
  Data Path Delay:        1.576ns  (logic 0.293ns (18.591%)  route 1.283ns (81.409%))
  Logic Levels:           5  (LUT2=1 LUT4=1 LUT5=1 LUT6=2)
  Clock Path Skew:        -0.145ns (DCD - SCD + CPR)
    Destination Clock Delay (DCD):    2.711ns = ( 6.711 - 4.000 ) 
    Source Clock Delay      (SCD):    2.881ns
    Clock Pessimism Removal (CPR):    0.025ns
  Clock Uncertainty:      0.046ns  ((TSJ^2 + DJ^2)^1/2) / 2 + PE
    Total System Jitter     (TSJ):    0.071ns
    Discrete Jitter          (DJ):    0.060ns
    Phase Error              (PE):    0.000ns

    Location             Delay type                Incr(ns)  Path(ns)    Netlist Resource(s)
  -------------------------------------------------------------------    -------------------
                         (clock pcie_axi_aclk rise edge)
                                                      0.000     0.000 r  
    GTYE4_CHANNEL_X0Y3   GTYE4_CHANNEL                0.000     0.000 r  u_pcie_xdma/inst/pcie4_ip_i/inst/xdma_0_pcie4_ip_gt_top_i/diablo_gt.diablo_gt_phy_wrapper/gt_wizard.gtwizard_top_i/xdma_0_pcie4_ip_gt_i/inst/gen_gtwizard_gtye4_top.xdma_0_pcie4_ip_gt_gtwizard_gtye4_inst/gen_gtwizard_gtye4.gen_channel_container[3].gen_enabled_channel.gtye4_channel_wrapper_inst/channel_inst/gtye4_channel_gen.gen_gtye4_channel_inst[3].GTYE4_CHANNEL_PRIM_INST/TXOUTCLK
                         net (fo=7, unplaced)         0.090     0.090    u_pcie_xdma/inst/pcie4_ip_i/inst/xdma_0_pcie4_ip_gt_top_i/diablo_gt.diablo_gt_phy_wrapper/phy_clk_i/CLK_TXOUTCLK
                         BUFG_GT (Prop_BUFG_GT_I_O)
                                                      0.139     0.229 r  u_pcie_xdma/inst/pcie4_ip_i/inst/xdma_0_pcie4_ip_gt_top_i/diablo_gt.diablo_gt_phy_wrapper/phy_clk_i/bufg_gt_coreclk/O
                         net (fo=26062, unplaced)     2.652     2.881    u_mir_c2h/axi_aclk
                         FDCE                                         r  u_mir_c2h/arlen_r_reg[0]/C
  -------------------------------------------------------------------    -------------------
                         FDCE (Prop_FDCE_C_Q)         0.093     2.974 r  u_mir_c2h/arlen_r_reg[0]/Q
                         net (fo=3, unplaced)         0.164     3.138    u_mir_c2h/arlen_r[0]
                         LUT2 (Prop_LUT2_I1_O)        0.040     3.178 r  u_mir_c2h/FSM_sequential_st[1]_i_8/O
                         net (fo=1, unplaced)         0.214     3.392    u_mir_c2h/FSM_sequential_st[1]_i_8_n_53
                         LUT6 (Prop_LUT6_I3_O)        0.040     3.432 f  u_mir_c2h/FSM_sequential_st[1]_i_5/O
                         net (fo=1, unplaced)         0.214     3.646    u_mir_c2h/FSM_sequential_st[1]_i_5_n_53
                         LUT6 (Prop_LUT6_I0_O)        0.040     3.686 f  u_mir_c2h/FSM_sequential_st[1]_i_2/O
                         net (fo=3, unplaced)         0.220     3.906    u_mir_c2h/FSM_sequential_st[1]_i_2_n_53
                         LUT5 (Prop_LUT5_I4_O)        0.040     3.946 r  u_mir_c2h/cur_r[7]_i_3/O
                         net (fo=3, unplaced)         0.220     4.166    u_mir_c2h/cur_r[7]_i_3_n_53
                         LUT4 (Prop_LUT4_I3_O)        0.040     4.206 r  u_mir_c2h/rdata[127]_i_1/O
                         net (fo=130, unplaced)       0.251     4.457    u_mir_c2h/rdata[127]_i_1_n_53
                         FDCE                                         r  u_mir_c2h/rdata_reg[123]/CE
  -------------------------------------------------------------------    -------------------

                         (clock pcie_axi_aclk rise edge)
                                                      4.000     4.000 r  
    GTYE4_CHANNEL_X0Y3   GTYE4_CHANNEL                0.000     4.000 r  u_pcie_xdma/inst/pcie4_ip_i/inst/xdma_0_pcie4_ip_gt_top_i/diablo_gt.diablo_gt_phy_wrapper/gt_wizard.gtwizard_top_i/xdma_0_pcie4_ip_gt_i/inst/gen_gtwizard_gtye4_top.xdma_0_pcie4_ip_gt_gtwizard_gtye4_inst/gen_gtwizard_gtye4.gen_channel_container[3].gen_enabled_channel.gtye4_channel_wrapper_inst/channel_inst/gtye4_channel_gen.gen_gtye4_channel_inst[3].GTYE4_CHANNEL_PRIM_INST/TXOUTCLK
                         net (fo=7, unplaced)         0.082     4.082    u_pcie_xdma/inst/pcie4_ip_i/inst/xdma_0_pcie4_ip_gt_top_i/diablo_gt.diablo_gt_phy_wrapper/phy_clk_i/CLK_TXOUTCLK
                         BUFG_GT (Prop_BUFG_GT_I_O)
                                                      0.122     4.204 r  u_pcie_xdma/inst/pcie4_ip_i/inst/xdma_0_pcie4_ip_gt_top_i/diablo_gt.diablo_gt_phy_wrapper/phy_clk_i/bufg_gt_coreclk/O
                         net (fo=26062, unplaced)     2.507     6.711    u_mir_c2h/axi_aclk
                         FDCE                                         r  u_mir_c2h/rdata_reg[123]/C
                         clock pessimism              0.025     6.736    
                         clock uncertainty           -0.046     6.690    
                         FDCE (Setup_FDCE_C_CE)      -0.043     6.647    u_mir_c2h/rdata_reg[123]
  -------------------------------------------------------------------
                         required time                          6.647    
                         arrival time                          -4.457    
  -------------------------------------------------------------------
                         slack                                  2.190    

Slack (MET) :             2.190ns  (required time - arrival time)
  Source:                 u_mir_c2h/arlen_r_reg[0]/C
                            (rising edge-triggered cell FDCE clocked by pcie_axi_aclk  {rise@0.000ns fall@2.000ns period=4.000ns})
  Destination:            u_mir_c2h/rdata_reg[124]/CE
                            (rising edge-triggered cell FDCE clocked by pcie_axi_aclk  {rise@0.000ns fall@2.000ns period=4.000ns})
  Path Group:             pcie_axi_aclk
  Path Type:              Setup (Max at Slow Process Corner)
  Requirement:            4.000ns  (pcie_axi_aclk rise@4.000ns - pcie_axi_aclk rise@0.000ns)
  Data Path Delay:        1.576ns  (logic 0.293ns (18.591%)  route 1.283ns (81.409%))
  Logic Levels:           5  (LUT2=1 LUT4=1 LUT5=1 LUT6=2)
  Clock Path Skew:        -0.145ns (DCD - SCD + CPR)
    Destination Clock Delay (DCD):    2.711ns = ( 6.711 - 4.000 ) 
    Source Clock Delay      (SCD):    2.881ns
    Clock Pessimism Removal (CPR):    0.025ns
  Clock Uncertainty:      0.046ns  ((TSJ^2 + DJ^2)^1/2) / 2 + PE
    Total System Jitter     (TSJ):    0.071ns
    Discrete Jitter          (DJ):    0.060ns
    Phase Error              (PE):    0.000ns

    Location             Delay type                Incr(ns)  Path(ns)    Netlist Resource(s)
  -------------------------------------------------------------------    -------------------
                         (clock pcie_axi_aclk rise edge)
                                                      0.000     0.000 r  
    GTYE4_CHANNEL_X0Y3   GTYE4_CHANNEL                0.000     0.000 r  u_pcie_xdma/inst/pcie4_ip_i/inst/xdma_0_pcie4_ip_gt_top_i/diablo_gt.diablo_gt_phy_wrapper/gt_wizard.gtwizard_top_i/xdma_0_pcie4_ip_gt_i/inst/gen_gtwizard_gtye4_top.xdma_0_pcie4_ip_gt_gtwizard_gtye4_inst/gen_gtwizard_gtye4.gen_channel_container[3].gen_enabled_channel.gtye4_channel_wrapper_inst/channel_inst/gtye4_channel_gen.gen_gtye4_channel_inst[3].GTYE4_CHANNEL_PRIM_INST/TXOUTCLK
                         net (fo=7, unplaced)         0.090     0.090    u_pcie_xdma/inst/pcie4_ip_i/inst/xdma_0_pcie4_ip_gt_top_i/diablo_gt.diablo_gt_phy_wrapper/phy_clk_i/CLK_TXOUTCLK
                         BUFG_GT (Prop_BUFG_GT_I_O)
                                                      0.139     0.229 r  u_pcie_xdma/inst/pcie4_ip_i/inst/xdma_0_pcie4_ip_gt_top_i/diablo_gt.diablo_gt_phy_wrapper/phy_clk_i/bufg_gt_coreclk/O
                         net (fo=26062, unplaced)     2.652     2.881    u_mir_c2h/axi_aclk
                         FDCE                                         r  u_mir_c2h/arlen_r_reg[0]/C
  -------------------------------------------------------------------    -------------------
                         FDCE (Prop_FDCE_C_Q)         0.093     2.974 r  u_mir_c2h/arlen_r_reg[0]/Q
                         net (fo=3, unplaced)         0.164     3.138    u_mir_c2h/arlen_r[0]
                         LUT2 (Prop_LUT2_I1_O)        0.040     3.178 r  u_mir_c2h/FSM_sequential_st[1]_i_8/O
                         net (fo=1, unplaced)         0.214     3.392    u_mir_c2h/FSM_sequential_st[1]_i_8_n_53
                         LUT6 (Prop_LUT6_I3_O)        0.040     3.432 f  u_mir_c2h/FSM_sequential_st[1]_i_5/O
                         net (fo=1, unplaced)         0.214     3.646    u_mir_c2h/FSM_sequential_st[1]_i_5_n_53
                         LUT6 (Prop_LUT6_I0_O)        0.040     3.686 f  u_mir_c2h/FSM_sequential_st[1]_i_2/O
                         net (fo=3, unplaced)         0.220     3.906    u_mir_c2h/FSM_sequential_st[1]_i_2_n_53
                         LUT5 (Prop_LUT5_I4_O)        0.040     3.946 r  u_mir_c2h/cur_r[7]_i_3/O
                         net (fo=3, unplaced)         0.220     4.166    u_mir_c2h/cur_r[7]_i_3_n_53
                         LUT4 (Prop_LUT4_I3_O)        0.040     4.206 r  u_mir_c2h/rdata[127]_i_1/O
                         net (fo=130, unplaced)       0.251     4.457    u_mir_c2h/rdata[127]_i_1_n_53
                         FDCE                                         r  u_mir_c2h/rdata_reg[124]/CE
  -------------------------------------------------------------------    -------------------

                         (clock pcie_axi_aclk rise edge)
                                                      4.000     4.000 r  
    GTYE4_CHANNEL_X0Y3   GTYE4_CHANNEL                0.000     4.000 r  u_pcie_xdma/inst/pcie4_ip_i/inst/xdma_0_pcie4_ip_gt_top_i/diablo_gt.diablo_gt_phy_wrapper/gt_wizard.gtwizard_top_i/xdma_0_pcie4_ip_gt_i/inst/gen_gtwizard_gtye4_top.xdma_0_pcie4_ip_gt_gtwizard_gtye4_inst/gen_gtwizard_gtye4.gen_channel_container[3].gen_enabled_channel.gtye4_channel_wrapper_inst/channel_inst/gtye4_channel_gen.gen_gtye4_channel_inst[3].GTYE4_CHANNEL_PRIM_INST/TXOUTCLK
                         net (fo=7, unplaced)         0.082     4.082    u_pcie_xdma/inst/pcie4_ip_i/inst/xdma_0_pcie4_ip_gt_top_i/diablo_gt.diablo_gt_phy_wrapper/phy_clk_i/CLK_TXOUTCLK
                         BUFG_GT (Prop_BUFG_GT_I_O)
                                                      0.122     4.204 r  u_pcie_xdma/inst/pcie4_ip_i/inst/xdma_0_pcie4_ip_gt_top_i/diablo_gt.diablo_gt_phy_wrapper/phy_clk_i/bufg_gt_coreclk/O
                         net (fo=26062, unplaced)     2.507     6.711    u_mir_c2h/axi_aclk
                         FDCE                                         r  u_mir_c2h/rdata_reg[124]/C
                         clock pessimism              0.025     6.736    
                         clock uncertainty           -0.046     6.690    
                         FDCE (Setup_FDCE_C_CE)      -0.043     6.647    u_mir_c2h/rdata_reg[124]
  -------------------------------------------------------------------
                         required time                          6.647    
                         arrival time                          -4.457    
  -------------------------------------------------------------------
                         slack                                  2.190    

Slack (MET) :             2.190ns  (required time - arrival time)
  Source:                 u_mir_c2h/arlen_r_reg[0]/C
                            (rising edge-triggered cell FDCE clocked by pcie_axi_aclk  {rise@0.000ns fall@2.000ns period=4.000ns})
  Destination:            u_mir_c2h/rdata_reg[125]/CE
                            (rising edge-triggered cell FDCE clocked by pcie_axi_aclk  {rise@0.000ns fall@2.000ns period=4.000ns})
  Path Group:             pcie_axi_aclk
  Path Type:              Setup (Max at Slow Process Corner)
  Requirement:            4.000ns  (pcie_axi_aclk rise@4.000ns - pcie_axi_aclk rise@0.000ns)
  Data Path Delay:        1.576ns  (logic 0.293ns (18.591%)  route 1.283ns (81.409%))
  Logic Levels:           5  (LUT2=1 LUT4=1 LUT5=1 LUT6=2)
  Clock Path Skew:        -0.145ns (DCD - SCD + CPR)
    Destination Clock Delay (DCD):    2.711ns = ( 6.711 - 4.000 ) 
    Source Clock Delay      (SCD):    2.881ns
    Clock Pessimism Removal (CPR):    0.025ns
  Clock Uncertainty:      0.046ns  ((TSJ^2 + DJ^2)^1/2) / 2 + PE
    Total System Jitter     (TSJ):    0.071ns
    Discrete Jitter          (DJ):    0.060ns
    Phase Error              (PE):    0.000ns

    Location             Delay type                Incr(ns)  Path(ns)    Netlist Resource(s)
  -------------------------------------------------------------------    -------------------
                         (clock pcie_axi_aclk rise edge)
                                                      0.000     0.000 r  
    GTYE4_CHANNEL_X0Y3   GTYE4_CHANNEL                0.000     0.000 r  u_pcie_xdma/inst/pcie4_ip_i/inst/xdma_0_pcie4_ip_gt_top_i/diablo_gt.diablo_gt_phy_wrapper/gt_wizard.gtwizard_top_i/xdma_0_pcie4_ip_gt_i/inst/gen_gtwizard_gtye4_top.xdma_0_pcie4_ip_gt_gtwizard_gtye4_inst/gen_gtwizard_gtye4.gen_channel_container[3].gen_enabled_channel.gtye4_channel_wrapper_inst/channel_inst/gtye4_channel_gen.gen_gtye4_channel_inst[3].GTYE4_CHANNEL_PRIM_INST/TXOUTCLK
                         net (fo=7, unplaced)         0.090     0.090    u_pcie_xdma/inst/pcie4_ip_i/inst/xdma_0_pcie4_ip_gt_top_i/diablo_gt.diablo_gt_phy_wrapper/phy_clk_i/CLK_TXOUTCLK
                         BUFG_GT (Prop_BUFG_GT_I_O)
                                                      0.139     0.229 r  u_pcie_xdma/inst/pcie4_ip_i/inst/xdma_0_pcie4_ip_gt_top_i/diablo_gt.diablo_gt_phy_wrapper/phy_clk_i/bufg_gt_coreclk/O
                         net (fo=26062, unplaced)     2.652     2.881    u_mir_c2h/axi_aclk
                         FDCE                                         r  u_mir_c2h/arlen_r_reg[0]/C
  -------------------------------------------------------------------    -------------------
                         FDCE (Prop_FDCE_C_Q)         0.093     2.974 r  u_mir_c2h/arlen_r_reg[0]/Q
                         net (fo=3, unplaced)         0.164     3.138    u_mir_c2h/arlen_r[0]
                         LUT2 (Prop_LUT2_I1_O)        0.040     3.178 r  u_mir_c2h/FSM_sequential_st[1]_i_8/O
                         net (fo=1, unplaced)         0.214     3.392    u_mir_c2h/FSM_sequential_st[1]_i_8_n_53
                         LUT6 (Prop_LUT6_I3_O)        0.040     3.432 f  u_mir_c2h/FSM_sequential_st[1]_i_5/O
                         net (fo=1, unplaced)         0.214     3.646    u_mir_c2h/FSM_sequential_st[1]_i_5_n_53
                         LUT6 (Prop_LUT6_I0_O)        0.040     3.686 f  u_mir_c2h/FSM_sequential_st[1]_i_2/O
                         net (fo=3, unplaced)         0.220     3.906    u_mir_c2h/FSM_sequential_st[1]_i_2_n_53
                         LUT5 (Prop_LUT5_I4_O)        0.040     3.946 r  u_mir_c2h/cur_r[7]_i_3/O
                         net (fo=3, unplaced)         0.220     4.166    u_mir_c2h/cur_r[7]_i_3_n_53
                         LUT4 (Prop_LUT4_I3_O)        0.040     4.206 r  u_mir_c2h/rdata[127]_i_1/O
                         net (fo=130, unplaced)       0.251     4.457    u_mir_c2h/rdata[127]_i_1_n_53
                         FDCE                                         r  u_mir_c2h/rdata_reg[125]/CE
  -------------------------------------------------------------------    -------------------

                         (clock pcie_axi_aclk rise edge)
                                                      4.000     4.000 r  
    GTYE4_CHANNEL_X0Y3   GTYE4_CHANNEL                0.000     4.000 r  u_pcie_xdma/inst/pcie4_ip_i/inst/xdma_0_pcie4_ip_gt_top_i/diablo_gt.diablo_gt_phy_wrapper/gt_wizard.gtwizard_top_i/xdma_0_pcie4_ip_gt_i/inst/gen_gtwizard_gtye4_top.xdma_0_pcie4_ip_gt_gtwizard_gtye4_inst/gen_gtwizard_gtye4.gen_channel_container[3].gen_enabled_channel.gtye4_channel_wrapper_inst/channel_inst/gtye4_channel_gen.gen_gtye4_channel_inst[3].GTYE4_CHANNEL_PRIM_INST/TXOUTCLK
                         net (fo=7, unplaced)         0.082     4.082    u_pcie_xdma/inst/pcie4_ip_i/inst/xdma_0_pcie4_ip_gt_top_i/diablo_gt.diablo_gt_phy_wrapper/phy_clk_i/CLK_TXOUTCLK
                         BUFG_GT (Prop_BUFG_GT_I_O)
                                                      0.122     4.204 r  u_pcie_xdma/inst/pcie4_ip_i/inst/xdma_0_pcie4_ip_gt_top_i/diablo_gt.diablo_gt_phy_wrapper/phy_clk_i/bufg_gt_coreclk/O
                         net (fo=26062, unplaced)     2.507     6.711    u_mir_c2h/axi_aclk
                         FDCE                                         r  u_mir_c2h/rdata_reg[125]/C
                         clock pessimism              0.025     6.736    
                         clock uncertainty           -0.046     6.690    
                         FDCE (Setup_FDCE_C_CE)      -0.043     6.647    u_mir_c2h/rdata_reg[125]
  -------------------------------------------------------------------
                         required time                          6.647    
                         arrival time                          -4.457    
  -------------------------------------------------------------------
                         slack                                  2.190    

Slack (MET) :             2.190ns  (required time - arrival time)
  Source:                 u_mir_c2h/arlen_r_reg[0]/C
                            (rising edge-triggered cell FDCE clocked by pcie_axi_aclk  {rise@0.000ns fall@2.000ns period=4.000ns})
  Destination:            u_mir_c2h/rdata_reg[126]/CE
                            (rising edge-triggered cell FDCE clocked by pcie_axi_aclk  {rise@0.000ns fall@2.000ns period=4.000ns})
  Path Group:             pcie_axi_aclk
  Path Type:              Setup (Max at Slow Process Corner)
  Requirement:            4.000ns  (pcie_axi_aclk rise@4.000ns - pcie_axi_aclk rise@0.000ns)
  Data Path Delay:        1.576ns  (logic 0.293ns (18.591%)  route 1.283ns (81.409%))
  Logic Levels:           5  (LUT2=1 LUT4=1 LUT5=1 LUT6=2)
  Clock Path Skew:        -0.145ns (DCD - SCD + CPR)
    Destination Clock Delay (DCD):    2.711ns = ( 6.711 - 4.000 ) 
    Source Clock Delay      (SCD):    2.881ns
    Clock Pessimism Removal (CPR):    0.025ns
  Clock Uncertainty:      0.046ns  ((TSJ^2 + DJ^2)^1/2) / 2 + PE
    Total System Jitter     (TSJ):    0.071ns
    Discrete Jitter          (DJ):    0.060ns
    Phase Error              (PE):    0.000ns

    Location             Delay type                Incr(ns)  Path(ns)    Netlist Resource(s)
  -------------------------------------------------------------------    -------------------
                         (clock pcie_axi_aclk rise edge)
                                                      0.000     0.000 r  
    GTYE4_CHANNEL_X0Y3   GTYE4_CHANNEL                0.000     0.000 r  u_pcie_xdma/inst/pcie4_ip_i/inst/xdma_0_pcie4_ip_gt_top_i/diablo_gt.diablo_gt_phy_wrapper/gt_wizard.gtwizard_top_i/xdma_0_pcie4_ip_gt_i/inst/gen_gtwizard_gtye4_top.xdma_0_pcie4_ip_gt_gtwizard_gtye4_inst/gen_gtwizard_gtye4.gen_channel_container[3].gen_enabled_channel.gtye4_channel_wrapper_inst/channel_inst/gtye4_channel_gen.gen_gtye4_channel_inst[3].GTYE4_CHANNEL_PRIM_INST/TXOUTCLK
                         net (fo=7, unplaced)         0.090     0.090    u_pcie_xdma/inst/pcie4_ip_i/inst/xdma_0_pcie4_ip_gt_top_i/diablo_gt.diablo_gt_phy_wrapper/phy_clk_i/CLK_TXOUTCLK
                         BUFG_GT (Prop_BUFG_GT_I_O)
                                                      0.139     0.229 r  u_pcie_xdma/inst/pcie4_ip_i/inst/xdma_0_pcie4_ip_gt_top_i/diablo_gt.diablo_gt_phy_wrapper/phy_clk_i/bufg_gt_coreclk/O
                         net (fo=26062, unplaced)     2.652     2.881    u_mir_c2h/axi_aclk
                         FDCE                                         r  u_mir_c2h/arlen_r_reg[0]/C
  -------------------------------------------------------------------    -------------------
                         FDCE (Prop_FDCE_C_Q)         0.093     2.974 r  u_mir_c2h/arlen_r_reg[0]/Q
                         net (fo=3, unplaced)         0.164     3.138    u_mir_c2h/arlen_r[0]
                         LUT2 (Prop_LUT2_I1_O)        0.040     3.178 r  u_mir_c2h/FSM_sequential_st[1]_i_8/O
                         net (fo=1, unplaced)         0.214     3.392    u_mir_c2h/FSM_sequential_st[1]_i_8_n_53
                         LUT6 (Prop_LUT6_I3_O)        0.040     3.432 f  u_mir_c2h/FSM_sequential_st[1]_i_5/O
                         net (fo=1, unplaced)         0.214     3.646    u_mir_c2h/FSM_sequential_st[1]_i_5_n_53
                         LUT6 (Prop_LUT6_I0_O)        0.040     3.686 f  u_mir_c2h/FSM_sequential_st[1]_i_2/O
                         net (fo=3, unplaced)         0.220     3.906    u_mir_c2h/FSM_sequential_st[1]_i_2_n_53
                         LUT5 (Prop_LUT5_I4_O)        0.040     3.946 r  u_mir_c2h/cur_r[7]_i_3/O
                         net (fo=3, unplaced)         0.220     4.166    u_mir_c2h/cur_r[7]_i_3_n_53
                         LUT4 (Prop_LUT4_I3_O)        0.040     4.206 r  u_mir_c2h/rdata[127]_i_1/O
                         net (fo=130, unplaced)       0.251     4.457    u_mir_c2h/rdata[127]_i_1_n_53
                         FDCE                                         r  u_mir_c2h/rdata_reg[126]/CE
  -------------------------------------------------------------------    -------------------

                         (clock pcie_axi_aclk rise edge)
                                                      4.000     4.000 r  
    GTYE4_CHANNEL_X0Y3   GTYE4_CHANNEL                0.000     4.000 r  u_pcie_xdma/inst/pcie4_ip_i/inst/xdma_0_pcie4_ip_gt_top_i/diablo_gt.diablo_gt_phy_wrapper/gt_wizard.gtwizard_top_i/xdma_0_pcie4_ip_gt_i/inst/gen_gtwizard_gtye4_top.xdma_0_pcie4_ip_gt_gtwizard_gtye4_inst/gen_gtwizard_gtye4.gen_channel_container[3].gen_enabled_channel.gtye4_channel_wrapper_inst/channel_inst/gtye4_channel_gen.gen_gtye4_channel_inst[3].GTYE4_CHANNEL_PRIM_INST/TXOUTCLK
                         net (fo=7, unplaced)         0.082     4.082    u_pcie_xdma/inst/pcie4_ip_i/inst/xdma_0_pcie4_ip_gt_top_i/diablo_gt.diablo_gt_phy_wrapper/phy_clk_i/CLK_TXOUTCLK
                         BUFG_GT (Prop_BUFG_GT_I_O)
                                                      0.122     4.204 r  u_pcie_xdma/inst/pcie4_ip_i/inst/xdma_0_pcie4_ip_gt_top_i/diablo_gt.diablo_gt_phy_wrapper/phy_clk_i/bufg_gt_coreclk/O
                         net (fo=26062, unplaced)     2.507     6.711    u_mir_c2h/axi_aclk
                         FDCE                                         r  u_mir_c2h/rdata_reg[126]/C
                         clock pessimism              0.025     6.736    
                         clock uncertainty           -0.046     6.690    
                         FDCE (Setup_FDCE_C_CE)      -0.043     6.647    u_mir_c2h/rdata_reg[126]
  -------------------------------------------------------------------
                         required time                          6.647    
                         arrival time                          -4.457    
  -------------------------------------------------------------------
                         slack                                  2.190    

Slack (MET) :             2.190ns  (required time - arrival time)
  Source:                 u_mir_c2h/arlen_r_reg[0]/C
                            (rising edge-triggered cell FDCE clocked by pcie_axi_aclk  {rise@0.000ns fall@2.000ns period=4.000ns})
  Destination:            u_mir_c2h/rdata_reg[127]/CE
                            (rising edge-triggered cell FDCE clocked by pcie_axi_aclk  {rise@0.000ns fall@2.000ns period=4.000ns})
  Path Group:             pcie_axi_aclk
  Path Type:              Setup (Max at Slow Process Corner)
  Requirement:            4.000ns  (pcie_axi_aclk rise@4.000ns - pcie_axi_aclk rise@0.000ns)
  Data Path Delay:        1.576ns  (logic 0.293ns (18.591%)  route 1.283ns (81.409%))
  Logic Levels:           5  (LUT2=1 LUT4=1 LUT5=1 LUT6=2)
  Clock Path Skew:        -0.145ns (DCD - SCD + CPR)
    Destination Clock Delay (DCD):    2.711ns = ( 6.711 - 4.000 ) 
    Source Clock Delay      (SCD):    2.881ns
    Clock Pessimism Removal (CPR):    0.025ns
  Clock Uncertainty:      0.046ns  ((TSJ^2 + DJ^2)^1/2) / 2 + PE
    Total System Jitter     (TSJ):    0.071ns
    Discrete Jitter          (DJ):    0.060ns
    Phase Error              (PE):    0.000ns

    Location             Delay type                Incr(ns)  Path(ns)    Netlist Resource(s)
  -------------------------------------------------------------------    -------------------
                         (clock pcie_axi_aclk rise edge)
                                                      0.000     0.000 r  
    GTYE4_CHANNEL_X0Y3   GTYE4_CHANNEL                0.000     0.000 r  u_pcie_xdma/inst/pcie4_ip_i/inst/xdma_0_pcie4_ip_gt_top_i/diablo_gt.diablo_gt_phy_wrapper/gt_wizard.gtwizard_top_i/xdma_0_pcie4_ip_gt_i/inst/gen_gtwizard_gtye4_top.xdma_0_pcie4_ip_gt_gtwizard_gtye4_inst/gen_gtwizard_gtye4.gen_channel_container[3].gen_enabled_channel.gtye4_channel_wrapper_inst/channel_inst/gtye4_channel_gen.gen_gtye4_channel_inst[3].GTYE4_CHANNEL_PRIM_INST/TXOUTCLK
                         net (fo=7, unplaced)         0.090     0.090    u_pcie_xdma/inst/pcie4_ip_i/inst/xdma_0_pcie4_ip_gt_top_i/diablo_gt.diablo_gt_phy_wrapper/phy_clk_i/CLK_TXOUTCLK
                         BUFG_GT (Prop_BUFG_GT_I_O)
                                                      0.139     0.229 r  u_pcie_xdma/inst/pcie4_ip_i/inst/xdma_0_pcie4_ip_gt_top_i/diablo_gt.diablo_gt_phy_wrapper/phy_clk_i/bufg_gt_coreclk/O
                         net (fo=26062, unplaced)     2.652     2.881    u_mir_c2h/axi_aclk
                         FDCE                                         r  u_mir_c2h/arlen_r_reg[0]/C
  -------------------------------------------------------------------    -------------------
                         FDCE (Prop_FDCE_C_Q)         0.093     2.974 r  u_mir_c2h/arlen_r_reg[0]/Q
                         net (fo=3, unplaced)         0.164     3.138    u_mir_c2h/arlen_r[0]
                         LUT2 (Prop_LUT2_I1_O)        0.040     3.178 r  u_mir_c2h/FSM_sequential_st[1]_i_8/O
                         net (fo=1, unplaced)         0.214     3.392    u_mir_c2h/FSM_sequential_st[1]_i_8_n_53
                         LUT6 (Prop_LUT6_I3_O)        0.040     3.432 f  u_mir_c2h/FSM_sequential_st[1]_i_5/O
                         net (fo=1, unplaced)         0.214     3.646    u_mir_c2h/FSM_sequential_st[1]_i_5_n_53
                         LUT6 (Prop_LUT6_I0_O)        0.040     3.686 f  u_mir_c2h/FSM_sequential_st[1]_i_2/O
                         net (fo=3, unplaced)         0.220     3.906    u_mir_c2h/FSM_sequential_st[1]_i_2_n_53
                         LUT5 (Prop_LUT5_I4_O)        0.040     3.946 r  u_mir_c2h/cur_r[7]_i_3/O
                         net (fo=3, unplaced)         0.220     4.166    u_mir_c2h/cur_r[7]_i_3_n_53
                         LUT4 (Prop_LUT4_I3_O)        0.040     4.206 r  u_mir_c2h/rdata[127]_i_1/O
                         net (fo=130, unplaced)       0.251     4.457    u_mir_c2h/rdata[127]_i_1_n_53
                         FDCE                                         r  u_mir_c2h/rdata_reg[127]/CE
  -------------------------------------------------------------------    -------------------

                         (clock pcie_axi_aclk rise edge)
                                                      4.000     4.000 r  
    GTYE4_CHANNEL_X0Y3   GTYE4_CHANNEL                0.000     4.000 r  u_pcie_xdma/inst/pcie4_ip_i/inst/xdma_0_pcie4_ip_gt_top_i/diablo_gt.diablo_gt_phy_wrapper/gt_wizard.gtwizard_top_i/xdma_0_pcie4_ip_gt_i/inst/gen_gtwizard_gtye4_top.xdma_0_pcie4_ip_gt_gtwizard_gtye4_inst/gen_gtwizard_gtye4.gen_channel_container[3].gen_enabled_channel.gtye4_channel_wrapper_inst/channel_inst/gtye4_channel_gen.gen_gtye4_channel_inst[3].GTYE4_CHANNEL_PRIM_INST/TXOUTCLK
                         net (fo=7, unplaced)         0.082     4.082    u_pcie_xdma/inst/pcie4_ip_i/inst/xdma_0_pcie4_ip_gt_top_i/diablo_gt.diablo_gt_phy_wrapper/phy_clk_i/CLK_TXOUTCLK
                         BUFG_GT (Prop_BUFG_GT_I_O)
                                                      0.122     4.204 r  u_pcie_xdma/inst/pcie4_ip_i/inst/xdma_0_pcie4_ip_gt_top_i/diablo_gt.diablo_gt_phy_wrapper/phy_clk_i/bufg_gt_coreclk/O
                         net (fo=26062, unplaced)     2.507     6.711    u_mir_c2h/axi_aclk
                         FDCE                                         r  u_mir_c2h/rdata_reg[127]/C
                         clock pessimism              0.025     6.736    
                         clock uncertainty           -0.046     6.690    
                         FDCE (Setup_FDCE_C_CE)      -0.043     6.647    u_mir_c2h/rdata_reg[127]
  -------------------------------------------------------------------
                         required time                          6.647    
                         arrival time                          -4.457    
  -------------------------------------------------------------------
                         slack                                  2.190    

Slack (MET) :             2.190ns  (required time - arrival time)
  Source:                 u_mir_c2h/arlen_r_reg[0]/C
                            (rising edge-triggered cell FDCE clocked by pcie_axi_aclk  {rise@0.000ns fall@2.000ns period=4.000ns})
  Destination:            u_mir_c2h/rdata_reg[12]/CE
                            (rising edge-triggered cell FDCE clocked by pcie_axi_aclk  {rise@0.000ns fall@2.000ns period=4.000ns})
  Path Group:             pcie_axi_aclk
  Path Type:              Setup (Max at Slow Process Corner)
  Requirement:            4.000ns  (pcie_axi_aclk rise@4.000ns - pcie_axi_aclk rise@0.000ns)
  Data Path Delay:        1.576ns  (logic 0.293ns (18.591%)  route 1.283ns (81.409%))
  Logic Levels:           5  (LUT2=1 LUT4=1 LUT5=1 LUT6=2)
  Clock Path Skew:        -0.145ns (DCD - SCD + CPR)
    Destination Clock Delay (DCD):    2.711ns = ( 6.711 - 4.000 ) 
    Source Clock Delay      (SCD):    2.881ns
    Clock Pessimism Removal (CPR):    0.025ns
  Clock Uncertainty:      0.046ns  ((TSJ^2 + DJ^2)^1/2) / 2 + PE
    Total System Jitter     (TSJ):    0.071ns
    Discrete Jitter          (DJ):    0.060ns
    Phase Error              (PE):    0.000ns

    Location             Delay type                Incr(ns)  Path(ns)    Netlist Resource(s)
  -------------------------------------------------------------------    -------------------
                         (clock pcie_axi_aclk rise edge)
                                                      0.000     0.000 r  
    GTYE4_CHANNEL_X0Y3   GTYE4_CHANNEL                0.000     0.000 r  u_pcie_xdma/inst/pcie4_ip_i/inst/xdma_0_pcie4_ip_gt_top_i/diablo_gt.diablo_gt_phy_wrapper/gt_wizard.gtwizard_top_i/xdma_0_pcie4_ip_gt_i/inst/gen_gtwizard_gtye4_top.xdma_0_pcie4_ip_gt_gtwizard_gtye4_inst/gen_gtwizard_gtye4.gen_channel_container[3].gen_enabled_channel.gtye4_channel_wrapper_inst/channel_inst/gtye4_channel_gen.gen_gtye4_channel_inst[3].GTYE4_CHANNEL_PRIM_INST/TXOUTCLK
                         net (fo=7, unplaced)         0.090     0.090    u_pcie_xdma/inst/pcie4_ip_i/inst/xdma_0_pcie4_ip_gt_top_i/diablo_gt.diablo_gt_phy_wrapper/phy_clk_i/CLK_TXOUTCLK
                         BUFG_GT (Prop_BUFG_GT_I_O)
                                                      0.139     0.229 r  u_pcie_xdma/inst/pcie4_ip_i/inst/xdma_0_pcie4_ip_gt_top_i/diablo_gt.diablo_gt_phy_wrapper/phy_clk_i/bufg_gt_coreclk/O
                         net (fo=26062, unplaced)     2.652     2.881    u_mir_c2h/axi_aclk
                         FDCE                                         r  u_mir_c2h/arlen_r_reg[0]/C
  -------------------------------------------------------------------    -------------------
                         FDCE (Prop_FDCE_C_Q)         0.093     2.974 r  u_mir_c2h/arlen_r_reg[0]/Q
                         net (fo=3, unplaced)         0.164     3.138    u_mir_c2h/arlen_r[0]
                         LUT2 (Prop_LUT2_I1_O)        0.040     3.178 r  u_mir_c2h/FSM_sequential_st[1]_i_8/O
                         net (fo=1, unplaced)         0.214     3.392    u_mir_c2h/FSM_sequential_st[1]_i_8_n_53
                         LUT6 (Prop_LUT6_I3_O)        0.040     3.432 f  u_mir_c2h/FSM_sequential_st[1]_i_5/O
                         net (fo=1, unplaced)         0.214     3.646    u_mir_c2h/FSM_sequential_st[1]_i_5_n_53
                         LUT6 (Prop_LUT6_I0_O)        0.040     3.686 f  u_mir_c2h/FSM_sequential_st[1]_i_2/O
                         net (fo=3, unplaced)         0.220     3.906    u_mir_c2h/FSM_sequential_st[1]_i_2_n_53
                         LUT5 (Prop_LUT5_I4_O)        0.040     3.946 r  u_mir_c2h/cur_r[7]_i_3/O
                         net (fo=3, unplaced)         0.220     4.166    u_mir_c2h/cur_r[7]_i_3_n_53
                         LUT4 (Prop_LUT4_I3_O)        0.040     4.206 r  u_mir_c2h/rdata[127]_i_1/O
                         net (fo=130, unplaced)       0.251     4.457    u_mir_c2h/rdata[127]_i_1_n_53
                         FDCE                                         r  u_mir_c2h/rdata_reg[12]/CE
  -------------------------------------------------------------------    -------------------

                         (clock pcie_axi_aclk rise edge)
                                                      4.000     4.000 r  
    GTYE4_CHANNEL_X0Y3   GTYE4_CHANNEL                0.000     4.000 r  u_pcie_xdma/inst/pcie4_ip_i/inst/xdma_0_pcie4_ip_gt_top_i/diablo_gt.diablo_gt_phy_wrapper/gt_wizard.gtwizard_top_i/xdma_0_pcie4_ip_gt_i/inst/gen_gtwizard_gtye4_top.xdma_0_pcie4_ip_gt_gtwizard_gtye4_inst/gen_gtwizard_gtye4.gen_channel_container[3].gen_enabled_channel.gtye4_channel_wrapper_inst/channel_inst/gtye4_channel_gen.gen_gtye4_channel_inst[3].GTYE4_CHANNEL_PRIM_INST/TXOUTCLK
                         net (fo=7, unplaced)         0.082     4.082    u_pcie_xdma/inst/pcie4_ip_i/inst/xdma_0_pcie4_ip_gt_top_i/diablo_gt.diablo_gt_phy_wrapper/phy_clk_i/CLK_TXOUTCLK
                         BUFG_GT (Prop_BUFG_GT_I_O)
                                                      0.122     4.204 r  u_pcie_xdma/inst/pcie4_ip_i/inst/xdma_0_pcie4_ip_gt_top_i/diablo_gt.diablo_gt_phy_wrapper/phy_clk_i/bufg_gt_coreclk/O
                         net (fo=26062, unplaced)     2.507     6.711    u_mir_c2h/axi_aclk
                         FDCE                                         r  u_mir_c2h/rdata_reg[12]/C
                         clock pessimism              0.025     6.736    
                         clock uncertainty           -0.046     6.690    
                         FDCE (Setup_FDCE_C_CE)      -0.043     6.647    u_mir_c2h/rdata_reg[12]
  -------------------------------------------------------------------
                         required time                          6.647    
                         arrival time                          -4.457    
  -------------------------------------------------------------------
                         slack                                  2.190    

Slack (MET) :             2.190ns  (required time - arrival time)
  Source:                 u_mir_c2h/arlen_r_reg[0]/C
                            (rising edge-triggered cell FDCE clocked by pcie_axi_aclk  {rise@0.000ns fall@2.000ns period=4.000ns})
  Destination:            u_mir_c2h/rdata_reg[13]/CE
                            (rising edge-triggered cell FDCE clocked by pcie_axi_aclk  {rise@0.000ns fall@2.000ns period=4.000ns})
  Path Group:             pcie_axi_aclk
  Path Type:              Setup (Max at Slow Process Corner)
  Requirement:            4.000ns  (pcie_axi_aclk rise@4.000ns - pcie_axi_aclk rise@0.000ns)
  Data Path Delay:        1.576ns  (logic 0.293ns (18.591%)  route 1.283ns (81.409%))
  Logic Levels:           5  (LUT2=1 LUT4=1 LUT5=1 LUT6=2)
  Clock Path Skew:        -0.145ns (DCD - SCD + CPR)
    Destination Clock Delay (DCD):    2.711ns = ( 6.711 - 4.000 ) 
    Source Clock Delay      (SCD):    2.881ns
    Clock Pessimism Removal (CPR):    0.025ns
  Clock Uncertainty:      0.046ns  ((TSJ^2 + DJ^2)^1/2) / 2 + PE
    Total System Jitter     (TSJ):    0.071ns
    Discrete Jitter          (DJ):    0.060ns
    Phase Error              (PE):    0.000ns

    Location             Delay type                Incr(ns)  Path(ns)    Netlist Resource(s)
  -------------------------------------------------------------------    -------------------
                         (clock pcie_axi_aclk rise edge)
                                                      0.000     0.000 r  
    GTYE4_CHANNEL_X0Y3   GTYE4_CHANNEL                0.000     0.000 r  u_pcie_xdma/inst/pcie4_ip_i/inst/xdma_0_pcie4_ip_gt_top_i/diablo_gt.diablo_gt_phy_wrapper/gt_wizard.gtwizard_top_i/xdma_0_pcie4_ip_gt_i/inst/gen_gtwizard_gtye4_top.xdma_0_pcie4_ip_gt_gtwizard_gtye4_inst/gen_gtwizard_gtye4.gen_channel_container[3].gen_enabled_channel.gtye4_channel_wrapper_inst/channel_inst/gtye4_channel_gen.gen_gtye4_channel_inst[3].GTYE4_CHANNEL_PRIM_INST/TXOUTCLK
                         net (fo=7, unplaced)         0.090     0.090    u_pcie_xdma/inst/pcie4_ip_i/inst/xdma_0_pcie4_ip_gt_top_i/diablo_gt.diablo_gt_phy_wrapper/phy_clk_i/CLK_TXOUTCLK
                         BUFG_GT (Prop_BUFG_GT_I_O)
                                                      0.139     0.229 r  u_pcie_xdma/inst/pcie4_ip_i/inst/xdma_0_pcie4_ip_gt_top_i/diablo_gt.diablo_gt_phy_wrapper/phy_clk_i/bufg_gt_coreclk/O
                         net (fo=26062, unplaced)     2.652     2.881    u_mir_c2h/axi_aclk
                         FDCE                                         r  u_mir_c2h/arlen_r_reg[0]/C
  -------------------------------------------------------------------    -------------------
                         FDCE (Prop_FDCE_C_Q)         0.093     2.974 r  u_mir_c2h/arlen_r_reg[0]/Q
                         net (fo=3, unplaced)         0.164     3.138    u_mir_c2h/arlen_r[0]
                         LUT2 (Prop_LUT2_I1_O)        0.040     3.178 r  u_mir_c2h/FSM_sequential_st[1]_i_8/O
                         net (fo=1, unplaced)         0.214     3.392    u_mir_c2h/FSM_sequential_st[1]_i_8_n_53
                         LUT6 (Prop_LUT6_I3_O)        0.040     3.432 f  u_mir_c2h/FSM_sequential_st[1]_i_5/O
                         net (fo=1, unplaced)         0.214     3.646    u_mir_c2h/FSM_sequential_st[1]_i_5_n_53
                         LUT6 (Prop_LUT6_I0_O)        0.040     3.686 f  u_mir_c2h/FSM_sequential_st[1]_i_2/O
                         net (fo=3, unplaced)         0.220     3.906    u_mir_c2h/FSM_sequential_st[1]_i_2_n_53
                         LUT5 (Prop_LUT5_I4_O)        0.040     3.946 r  u_mir_c2h/cur_r[7]_i_3/O
                         net (fo=3, unplaced)         0.220     4.166    u_mir_c2h/cur_r[7]_i_3_n_53
                         LUT4 (Prop_LUT4_I3_O)        0.040     4.206 r  u_mir_c2h/rdata[127]_i_1/O
                         net (fo=130, unplaced)       0.251     4.457    u_mir_c2h/rdata[127]_i_1_n_53
                         FDCE                                         r  u_mir_c2h/rdata_reg[13]/CE
  -------------------------------------------------------------------    -------------------

                         (clock pcie_axi_aclk rise edge)
                                                      4.000     4.000 r  
    GTYE4_CHANNEL_X0Y3   GTYE4_CHANNEL                0.000     4.000 r  u_pcie_xdma/inst/pcie4_ip_i/inst/xdma_0_pcie4_ip_gt_top_i/diablo_gt.diablo_gt_phy_wrapper/gt_wizard.gtwizard_top_i/xdma_0_pcie4_ip_gt_i/inst/gen_gtwizard_gtye4_top.xdma_0_pcie4_ip_gt_gtwizard_gtye4_inst/gen_gtwizard_gtye4.gen_channel_container[3].gen_enabled_channel.gtye4_channel_wrapper_inst/channel_inst/gtye4_channel_gen.gen_gtye4_channel_inst[3].GTYE4_CHANNEL_PRIM_INST/TXOUTCLK
                         net (fo=7, unplaced)         0.082     4.082    u_pcie_xdma/inst/pcie4_ip_i/inst/xdma_0_pcie4_ip_gt_top_i/diablo_gt.diablo_gt_phy_wrapper/phy_clk_i/CLK_TXOUTCLK
                         BUFG_GT (Prop_BUFG_GT_I_O)
                                                      0.122     4.204 r  u_pcie_xdma/inst/pcie4_ip_i/inst/xdma_0_pcie4_ip_gt_top_i/diablo_gt.diablo_gt_phy_wrapper/phy_clk_i/bufg_gt_coreclk/O
                         net (fo=26062, unplaced)     2.507     6.711    u_mir_c2h/axi_aclk
                         FDCE                                         r  u_mir_c2h/rdata_reg[13]/C
                         clock pessimism              0.025     6.736    
                         clock uncertainty           -0.046     6.690    
                         FDCE (Setup_FDCE_C_CE)      -0.043     6.647    u_mir_c2h/rdata_reg[13]
  -------------------------------------------------------------------
                         required time                          6.647    
                         arrival time                          -4.457    
  -------------------------------------------------------------------
                         slack                                  2.190    

Slack (MET) :             2.190ns  (required time - arrival time)
  Source:                 u_mir_c2h/arlen_r_reg[0]/C
                            (rising edge-triggered cell FDCE clocked by pcie_axi_aclk  {rise@0.000ns fall@2.000ns period=4.000ns})
  Destination:            u_mir_c2h/rdata_reg[14]/CE
                            (rising edge-triggered cell FDCE clocked by pcie_axi_aclk  {rise@0.000ns fall@2.000ns period=4.000ns})
  Path Group:             pcie_axi_aclk
  Path Type:              Setup (Max at Slow Process Corner)
  Requirement:            4.000ns  (pcie_axi_aclk rise@4.000ns - pcie_axi_aclk rise@0.000ns)
  Data Path Delay:        1.576ns  (logic 0.293ns (18.591%)  route 1.283ns (81.409%))
  Logic Levels:           5  (LUT2=1 LUT4=1 LUT5=1 LUT6=2)
  Clock Path Skew:        -0.145ns (DCD - SCD + CPR)
    Destination Clock Delay (DCD):    2.711ns = ( 6.711 - 4.000 ) 
    Source Clock Delay      (SCD):    2.881ns
    Clock Pessimism Removal (CPR):    0.025ns
  Clock Uncertainty:      0.046ns  ((TSJ^2 + DJ^2)^1/2) / 2 + PE
    Total System Jitter     (TSJ):    0.071ns
    Discrete Jitter          (DJ):    0.060ns
    Phase Error              (PE):    0.000ns

    Location             Delay type                Incr(ns)  Path(ns)    Netlist Resource(s)
  -------------------------------------------------------------------    -------------------
                         (clock pcie_axi_aclk rise edge)
                                                      0.000     0.000 r  
    GTYE4_CHANNEL_X0Y3   GTYE4_CHANNEL                0.000     0.000 r  u_pcie_xdma/inst/pcie4_ip_i/inst/xdma_0_pcie4_ip_gt_top_i/diablo_gt.diablo_gt_phy_wrapper/gt_wizard.gtwizard_top_i/xdma_0_pcie4_ip_gt_i/inst/gen_gtwizard_gtye4_top.xdma_0_pcie4_ip_gt_gtwizard_gtye4_inst/gen_gtwizard_gtye4.gen_channel_container[3].gen_enabled_channel.gtye4_channel_wrapper_inst/channel_inst/gtye4_channel_gen.gen_gtye4_channel_inst[3].GTYE4_CHANNEL_PRIM_INST/TXOUTCLK
                         net (fo=7, unplaced)         0.090     0.090    u_pcie_xdma/inst/pcie4_ip_i/inst/xdma_0_pcie4_ip_gt_top_i/diablo_gt.diablo_gt_phy_wrapper/phy_clk_i/CLK_TXOUTCLK
                         BUFG_GT (Prop_BUFG_GT_I_O)
                                                      0.139     0.229 r  u_pcie_xdma/inst/pcie4_ip_i/inst/xdma_0_pcie4_ip_gt_top_i/diablo_gt.diablo_gt_phy_wrapper/phy_clk_i/bufg_gt_coreclk/O
                         net (fo=26062, unplaced)     2.652     2.881    u_mir_c2h/axi_aclk
                         FDCE                                         r  u_mir_c2h/arlen_r_reg[0]/C
  -------------------------------------------------------------------    -------------------
                         FDCE (Prop_FDCE_C_Q)         0.093     2.974 r  u_mir_c2h/arlen_r_reg[0]/Q
                         net (fo=3, unplaced)         0.164     3.138    u_mir_c2h/arlen_r[0]
                         LUT2 (Prop_LUT2_I1_O)        0.040     3.178 r  u_mir_c2h/FSM_sequential_st[1]_i_8/O
                         net (fo=1, unplaced)         0.214     3.392    u_mir_c2h/FSM_sequential_st[1]_i_8_n_53
                         LUT6 (Prop_LUT6_I3_O)        0.040     3.432 f  u_mir_c2h/FSM_sequential_st[1]_i_5/O
                         net (fo=1, unplaced)         0.214     3.646    u_mir_c2h/FSM_sequential_st[1]_i_5_n_53
                         LUT6 (Prop_LUT6_I0_O)        0.040     3.686 f  u_mir_c2h/FSM_sequential_st[1]_i_2/O
                         net (fo=3, unplaced)         0.220     3.906    u_mir_c2h/FSM_sequential_st[1]_i_2_n_53
                         LUT5 (Prop_LUT5_I4_O)        0.040     3.946 r  u_mir_c2h/cur_r[7]_i_3/O
                         net (fo=3, unplaced)         0.220     4.166    u_mir_c2h/cur_r[7]_i_3_n_53
                         LUT4 (Prop_LUT4_I3_O)        0.040     4.206 r  u_mir_c2h/rdata[127]_i_1/O
                         net (fo=130, unplaced)       0.251     4.457    u_mir_c2h/rdata[127]_i_1_n_53
                         FDCE                                         r  u_mir_c2h/rdata_reg[14]/CE
  -------------------------------------------------------------------    -------------------

                         (clock pcie_axi_aclk rise edge)
                                                      4.000     4.000 r  
    GTYE4_CHANNEL_X0Y3   GTYE4_CHANNEL                0.000     4.000 r  u_pcie_xdma/inst/pcie4_ip_i/inst/xdma_0_pcie4_ip_gt_top_i/diablo_gt.diablo_gt_phy_wrapper/gt_wizard.gtwizard_top_i/xdma_0_pcie4_ip_gt_i/inst/gen_gtwizard_gtye4_top.xdma_0_pcie4_ip_gt_gtwizard_gtye4_inst/gen_gtwizard_gtye4.gen_channel_container[3].gen_enabled_channel.gtye4_channel_wrapper_inst/channel_inst/gtye4_channel_gen.gen_gtye4_channel_inst[3].GTYE4_CHANNEL_PRIM_INST/TXOUTCLK
                         net (fo=7, unplaced)         0.082     4.082    u_pcie_xdma/inst/pcie4_ip_i/inst/xdma_0_pcie4_ip_gt_top_i/diablo_gt.diablo_gt_phy_wrapper/phy_clk_i/CLK_TXOUTCLK
                         BUFG_GT (Prop_BUFG_GT_I_O)
                                                      0.122     4.204 r  u_pcie_xdma/inst/pcie4_ip_i/inst/xdma_0_pcie4_ip_gt_top_i/diablo_gt.diablo_gt_phy_wrapper/phy_clk_i/bufg_gt_coreclk/O
                         net (fo=26062, unplaced)     2.507     6.711    u_mir_c2h/axi_aclk
                         FDCE                                         r  u_mir_c2h/rdata_reg[14]/C
                         clock pessimism              0.025     6.736    
                         clock uncertainty           -0.046     6.690    
                         FDCE (Setup_FDCE_C_CE)      -0.043     6.647    u_mir_c2h/rdata_reg[14]
  -------------------------------------------------------------------
                         required time                          6.647    
                         arrival time                          -4.457    
  -------------------------------------------------------------------
                         slack                                  2.190    

Slack (MET) :             2.190ns  (required time - arrival time)
  Source:                 u_mir_c2h/arlen_r_reg[0]/C
                            (rising edge-triggered cell FDCE clocked by pcie_axi_aclk  {rise@0.000ns fall@2.000ns period=4.000ns})
  Destination:            u_mir_c2h/rdata_reg[15]/CE
                            (rising edge-triggered cell FDCE clocked by pcie_axi_aclk  {rise@0.000ns fall@2.000ns period=4.000ns})
  Path Group:             pcie_axi_aclk
  Path Type:              Setup (Max at Slow Process Corner)
  Requirement:            4.000ns  (pcie_axi_aclk rise@4.000ns - pcie_axi_aclk rise@0.000ns)
  Data Path Delay:        1.576ns  (logic 0.293ns (18.591%)  route 1.283ns (81.409%))
  Logic Levels:           5  (LUT2=1 LUT4=1 LUT5=1 LUT6=2)
  Clock Path Skew:        -0.145ns (DCD - SCD + CPR)
    Destination Clock Delay (DCD):    2.711ns = ( 6.711 - 4.000 ) 
    Source Clock Delay      (SCD):    2.881ns
    Clock Pessimism Removal (CPR):    0.025ns
  Clock Uncertainty:      0.046ns  ((TSJ^2 + DJ^2)^1/2) / 2 + PE
    Total System Jitter     (TSJ):    0.071ns
    Discrete Jitter          (DJ):    0.060ns
    Phase Error              (PE):    0.000ns

    Location             Delay type                Incr(ns)  Path(ns)    Netlist Resource(s)
  -------------------------------------------------------------------    -------------------
                         (clock pcie_axi_aclk rise edge)
                                                      0.000     0.000 r  
    GTYE4_CHANNEL_X0Y3   GTYE4_CHANNEL                0.000     0.000 r  u_pcie_xdma/inst/pcie4_ip_i/inst/xdma_0_pcie4_ip_gt_top_i/diablo_gt.diablo_gt_phy_wrapper/gt_wizard.gtwizard_top_i/xdma_0_pcie4_ip_gt_i/inst/gen_gtwizard_gtye4_top.xdma_0_pcie4_ip_gt_gtwizard_gtye4_inst/gen_gtwizard_gtye4.gen_channel_container[3].gen_enabled_channel.gtye4_channel_wrapper_inst/channel_inst/gtye4_channel_gen.gen_gtye4_channel_inst[3].GTYE4_CHANNEL_PRIM_INST/TXOUTCLK
                         net (fo=7, unplaced)         0.090     0.090    u_pcie_xdma/inst/pcie4_ip_i/inst/xdma_0_pcie4_ip_gt_top_i/diablo_gt.diablo_gt_phy_wrapper/phy_clk_i/CLK_TXOUTCLK
                         BUFG_GT (Prop_BUFG_GT_I_O)
                                                      0.139     0.229 r  u_pcie_xdma/inst/pcie4_ip_i/inst/xdma_0_pcie4_ip_gt_top_i/diablo_gt.diablo_gt_phy_wrapper/phy_clk_i/bufg_gt_coreclk/O
                         net (fo=26062, unplaced)     2.652     2.881    u_mir_c2h/axi_aclk
                         FDCE                                         r  u_mir_c2h/arlen_r_reg[0]/C
  -------------------------------------------------------------------    -------------------
                         FDCE (Prop_FDCE_C_Q)         0.093     2.974 r  u_mir_c2h/arlen_r_reg[0]/Q
                         net (fo=3, unplaced)         0.164     3.138    u_mir_c2h/arlen_r[0]
                         LUT2 (Prop_LUT2_I1_O)        0.040     3.178 r  u_mir_c2h/FSM_sequential_st[1]_i_8/O
                         net (fo=1, unplaced)         0.214     3.392    u_mir_c2h/FSM_sequential_st[1]_i_8_n_53
                         LUT6 (Prop_LUT6_I3_O)        0.040     3.432 f  u_mir_c2h/FSM_sequential_st[1]_i_5/O
                         net (fo=1, unplaced)         0.214     3.646    u_mir_c2h/FSM_sequential_st[1]_i_5_n_53
                         LUT6 (Prop_LUT6_I0_O)        0.040     3.686 f  u_mir_c2h/FSM_sequential_st[1]_i_2/O
                         net (fo=3, unplaced)         0.220     3.906    u_mir_c2h/FSM_sequential_st[1]_i_2_n_53
                         LUT5 (Prop_LUT5_I4_O)        0.040     3.946 r  u_mir_c2h/cur_r[7]_i_3/O
                         net (fo=3, unplaced)         0.220     4.166    u_mir_c2h/cur_r[7]_i_3_n_53
                         LUT4 (Prop_LUT4_I3_O)        0.040     4.206 r  u_mir_c2h/rdata[127]_i_1/O
                         net (fo=130, unplaced)       0.251     4.457    u_mir_c2h/rdata[127]_i_1_n_53
                         FDCE                                         r  u_mir_c2h/rdata_reg[15]/CE
  -------------------------------------------------------------------    -------------------

                         (clock pcie_axi_aclk rise edge)
                                                      4.000     4.000 r  
    GTYE4_CHANNEL_X0Y3   GTYE4_CHANNEL                0.000     4.000 r  u_pcie_xdma/inst/pcie4_ip_i/inst/xdma_0_pcie4_ip_gt_top_i/diablo_gt.diablo_gt_phy_wrapper/gt_wizard.gtwizard_top_i/xdma_0_pcie4_ip_gt_i/inst/gen_gtwizard_gtye4_top.xdma_0_pcie4_ip_gt_gtwizard_gtye4_inst/gen_gtwizard_gtye4.gen_channel_container[3].gen_enabled_channel.gtye4_channel_wrapper_inst/channel_inst/gtye4_channel_gen.gen_gtye4_channel_inst[3].GTYE4_CHANNEL_PRIM_INST/TXOUTCLK
                         net (fo=7, unplaced)         0.082     4.082    u_pcie_xdma/inst/pcie4_ip_i/inst/xdma_0_pcie4_ip_gt_top_i/diablo_gt.diablo_gt_phy_wrapper/phy_clk_i/CLK_TXOUTCLK
                         BUFG_GT (Prop_BUFG_GT_I_O)
                                                      0.122     4.204 r  u_pcie_xdma/inst/pcie4_ip_i/inst/xdma_0_pcie4_ip_gt_top_i/diablo_gt.diablo_gt_phy_wrapper/phy_clk_i/bufg_gt_coreclk/O
                         net (fo=26062, unplaced)     2.507     6.711    u_mir_c2h/axi_aclk
                         FDCE                                         r  u_mir_c2h/rdata_reg[15]/C
                         clock pessimism              0.025     6.736    
                         clock uncertainty           -0.046     6.690    
                         FDCE (Setup_FDCE_C_CE)      -0.043     6.647    u_mir_c2h/rdata_reg[15]
  -------------------------------------------------------------------
                         required time                          6.647    
                         arrival time                          -4.457    
  -------------------------------------------------------------------
                         slack                                  2.190    

Slack (MET) :             2.190ns  (required time - arrival time)
  Source:                 u_mir_c2h/arlen_r_reg[0]/C
                            (rising edge-triggered cell FDCE clocked by pcie_axi_aclk  {rise@0.000ns fall@2.000ns period=4.000ns})
  Destination:            u_mir_c2h/rdata_reg[16]/CE
                            (rising edge-triggered cell FDCE clocked by pcie_axi_aclk  {rise@0.000ns fall@2.000ns period=4.000ns})
  Path Group:             pcie_axi_aclk
  Path Type:              Setup (Max at Slow Process Corner)
  Requirement:            4.000ns  (pcie_axi_aclk rise@4.000ns - pcie_axi_aclk rise@0.000ns)
  Data Path Delay:        1.576ns  (logic 0.293ns (18.591%)  route 1.283ns (81.409%))
  Logic Levels:           5  (LUT2=1 LUT4=1 LUT5=1 LUT6=2)
  Clock Path Skew:        -0.145ns (DCD - SCD + CPR)
    Destination Clock Delay (DCD):    2.711ns = ( 6.711 - 4.000 ) 
    Source Clock Delay      (SCD):    2.881ns
    Clock Pessimism Removal (CPR):    0.025ns
  Clock Uncertainty:      0.046ns  ((TSJ^2 + DJ^2)^1/2) / 2 + PE
    Total System Jitter     (TSJ):    0.071ns
    Discrete Jitter          (DJ):    0.060ns
    Phase Error              (PE):    0.000ns

    Location             Delay type                Incr(ns)  Path(ns)    Netlist Resource(s)
  -------------------------------------------------------------------    -------------------
                         (clock pcie_axi_aclk rise edge)
                                                      0.000     0.000 r  
    GTYE4_CHANNEL_X0Y3   GTYE4_CHANNEL                0.000     0.000 r  u_pcie_xdma/inst/pcie4_ip_i/inst/xdma_0_pcie4_ip_gt_top_i/diablo_gt.diablo_gt_phy_wrapper/gt_wizard.gtwizard_top_i/xdma_0_pcie4_ip_gt_i/inst/gen_gtwizard_gtye4_top.xdma_0_pcie4_ip_gt_gtwizard_gtye4_inst/gen_gtwizard_gtye4.gen_channel_container[3].gen_enabled_channel.gtye4_channel_wrapper_inst/channel_inst/gtye4_channel_gen.gen_gtye4_channel_inst[3].GTYE4_CHANNEL_PRIM_INST/TXOUTCLK
                         net (fo=7, unplaced)         0.090     0.090    u_pcie_xdma/inst/pcie4_ip_i/inst/xdma_0_pcie4_ip_gt_top_i/diablo_gt.diablo_gt_phy_wrapper/phy_clk_i/CLK_TXOUTCLK
                         BUFG_GT (Prop_BUFG_GT_I_O)
                                                      0.139     0.229 r  u_pcie_xdma/inst/pcie4_ip_i/inst/xdma_0_pcie4_ip_gt_top_i/diablo_gt.diablo_gt_phy_wrapper/phy_clk_i/bufg_gt_coreclk/O
                         net (fo=26062, unplaced)     2.652     2.881    u_mir_c2h/axi_aclk
                         FDCE                                         r  u_mir_c2h/arlen_r_reg[0]/C
  -------------------------------------------------------------------    -------------------
                         FDCE (Prop_FDCE_C_Q)         0.093     2.974 r  u_mir_c2h/arlen_r_reg[0]/Q
                         net (fo=3, unplaced)         0.164     3.138    u_mir_c2h/arlen_r[0]
                         LUT2 (Prop_LUT2_I1_O)        0.040     3.178 r  u_mir_c2h/FSM_sequential_st[1]_i_8/O
                         net (fo=1, unplaced)         0.214     3.392    u_mir_c2h/FSM_sequential_st[1]_i_8_n_53
                         LUT6 (Prop_LUT6_I3_O)        0.040     3.432 f  u_mir_c2h/FSM_sequential_st[1]_i_5/O
                         net (fo=1, unplaced)         0.214     3.646    u_mir_c2h/FSM_sequential_st[1]_i_5_n_53
                         LUT6 (Prop_LUT6_I0_O)        0.040     3.686 f  u_mir_c2h/FSM_sequential_st[1]_i_2/O
                         net (fo=3, unplaced)         0.220     3.906    u_mir_c2h/FSM_sequential_st[1]_i_2_n_53
                         LUT5 (Prop_LUT5_I4_O)        0.040     3.946 r  u_mir_c2h/cur_r[7]_i_3/O
                         net (fo=3, unplaced)         0.220     4.166    u_mir_c2h/cur_r[7]_i_3_n_53
                         LUT4 (Prop_LUT4_I3_O)        0.040     4.206 r  u_mir_c2h/rdata[127]_i_1/O
                         net (fo=130, unplaced)       0.251     4.457    u_mir_c2h/rdata[127]_i_1_n_53
                         FDCE                                         r  u_mir_c2h/rdata_reg[16]/CE
  -------------------------------------------------------------------    -------------------

                         (clock pcie_axi_aclk rise edge)
                                                      4.000     4.000 r  
    GTYE4_CHANNEL_X0Y3   GTYE4_CHANNEL                0.000     4.000 r  u_pcie_xdma/inst/pcie4_ip_i/inst/xdma_0_pcie4_ip_gt_top_i/diablo_gt.diablo_gt_phy_wrapper/gt_wizard.gtwizard_top_i/xdma_0_pcie4_ip_gt_i/inst/gen_gtwizard_gtye4_top.xdma_0_pcie4_ip_gt_gtwizard_gtye4_inst/gen_gtwizard_gtye4.gen_channel_container[3].gen_enabled_channel.gtye4_channel_wrapper_inst/channel_inst/gtye4_channel_gen.gen_gtye4_channel_inst[3].GTYE4_CHANNEL_PRIM_INST/TXOUTCLK
                         net (fo=7, unplaced)         0.082     4.082    u_pcie_xdma/inst/pcie4_ip_i/inst/xdma_0_pcie4_ip_gt_top_i/diablo_gt.diablo_gt_phy_wrapper/phy_clk_i/CLK_TXOUTCLK
                         BUFG_GT (Prop_BUFG_GT_I_O)
                                                      0.122     4.204 r  u_pcie_xdma/inst/pcie4_ip_i/inst/xdma_0_pcie4_ip_gt_top_i/diablo_gt.diablo_gt_phy_wrapper/phy_clk_i/bufg_gt_coreclk/O
                         net (fo=26062, unplaced)     2.507     6.711    u_mir_c2h/axi_aclk
                         FDCE                                         r  u_mir_c2h/rdata_reg[16]/C
                         clock pessimism              0.025     6.736    
                         clock uncertainty           -0.046     6.690    
                         FDCE (Setup_FDCE_C_CE)      -0.043     6.647    u_mir_c2h/rdata_reg[16]
  -------------------------------------------------------------------
                         required time                          6.647    
                         arrival time                          -4.457    
  -------------------------------------------------------------------
                         slack                                  2.190    

Slack (MET) :             2.190ns  (required time - arrival time)
  Source:                 u_mir_c2h/arlen_r_reg[0]/C
                            (rising edge-triggered cell FDCE clocked by pcie_axi_aclk  {rise@0.000ns fall@2.000ns period=4.000ns})
  Destination:            u_mir_c2h/rdata_reg[17]/CE
                            (rising edge-triggered cell FDCE clocked by pcie_axi_aclk  {rise@0.000ns fall@2.000ns period=4.000ns})
  Path Group:             pcie_axi_aclk
  Path Type:              Setup (Max at Slow Process Corner)
  Requirement:            4.000ns  (pcie_axi_aclk rise@4.000ns - pcie_axi_aclk rise@0.000ns)
  Data Path Delay:        1.576ns  (logic 0.293ns (18.591%)  route 1.283ns (81.409%))
  Logic Levels:           5  (LUT2=1 LUT4=1 LUT5=1 LUT6=2)
  Clock Path Skew:        -0.145ns (DCD - SCD + CPR)
    Destination Clock Delay (DCD):    2.711ns = ( 6.711 - 4.000 ) 
    Source Clock Delay      (SCD):    2.881ns
    Clock Pessimism Removal (CPR):    0.025ns
  Clock Uncertainty:      0.046ns  ((TSJ^2 + DJ^2)^1/2) / 2 + PE
    Total System Jitter     (TSJ):    0.071ns
    Discrete Jitter          (DJ):    0.060ns
    Phase Error              (PE):    0.000ns

    Location             Delay type                Incr(ns)  Path(ns)    Netlist Resource(s)
  -------------------------------------------------------------------    -------------------
                         (clock pcie_axi_aclk rise edge)
                                                      0.000     0.000 r  
    GTYE4_CHANNEL_X0Y3   GTYE4_CHANNEL                0.000     0.000 r  u_pcie_xdma/inst/pcie4_ip_i/inst/xdma_0_pcie4_ip_gt_top_i/diablo_gt.diablo_gt_phy_wrapper/gt_wizard.gtwizard_top_i/xdma_0_pcie4_ip_gt_i/inst/gen_gtwizard_gtye4_top.xdma_0_pcie4_ip_gt_gtwizard_gtye4_inst/gen_gtwizard_gtye4.gen_channel_container[3].gen_enabled_channel.gtye4_channel_wrapper_inst/channel_inst/gtye4_channel_gen.gen_gtye4_channel_inst[3].GTYE4_CHANNEL_PRIM_INST/TXOUTCLK
                         net (fo=7, unplaced)         0.090     0.090    u_pcie_xdma/inst/pcie4_ip_i/inst/xdma_0_pcie4_ip_gt_top_i/diablo_gt.diablo_gt_phy_wrapper/phy_clk_i/CLK_TXOUTCLK
                         BUFG_GT (Prop_BUFG_GT_I_O)
                                                      0.139     0.229 r  u_pcie_xdma/inst/pcie4_ip_i/inst/xdma_0_pcie4_ip_gt_top_i/diablo_gt.diablo_gt_phy_wrapper/phy_clk_i/bufg_gt_coreclk/O
                         net (fo=26062, unplaced)     2.652     2.881    u_mir_c2h/axi_aclk
                         FDCE                                         r  u_mir_c2h/arlen_r_reg[0]/C
  -------------------------------------------------------------------    -------------------
                         FDCE (Prop_FDCE_C_Q)         0.093     2.974 r  u_mir_c2h/arlen_r_reg[0]/Q
                         net (fo=3, unplaced)         0.164     3.138    u_mir_c2h/arlen_r[0]
                         LUT2 (Prop_LUT2_I1_O)        0.040     3.178 r  u_mir_c2h/FSM_sequential_st[1]_i_8/O
                         net (fo=1, unplaced)         0.214     3.392    u_mir_c2h/FSM_sequential_st[1]_i_8_n_53
                         LUT6 (Prop_LUT6_I3_O)        0.040     3.432 f  u_mir_c2h/FSM_sequential_st[1]_i_5/O
                         net (fo=1, unplaced)         0.214     3.646    u_mir_c2h/FSM_sequential_st[1]_i_5_n_53
                         LUT6 (Prop_LUT6_I0_O)        0.040     3.686 f  u_mir_c2h/FSM_sequential_st[1]_i_2/O
                         net (fo=3, unplaced)         0.220     3.906    u_mir_c2h/FSM_sequential_st[1]_i_2_n_53
                         LUT5 (Prop_LUT5_I4_O)        0.040     3.946 r  u_mir_c2h/cur_r[7]_i_3/O
                         net (fo=3, unplaced)         0.220     4.166    u_mir_c2h/cur_r[7]_i_3_n_53
                         LUT4 (Prop_LUT4_I3_O)        0.040     4.206 r  u_mir_c2h/rdata[127]_i_1/O
                         net (fo=130, unplaced)       0.251     4.457    u_mir_c2h/rdata[127]_i_1_n_53
                         FDCE                                         r  u_mir_c2h/rdata_reg[17]/CE
  -------------------------------------------------------------------    -------------------

                         (clock pcie_axi_aclk rise edge)
                                                      4.000     4.000 r  
    GTYE4_CHANNEL_X0Y3   GTYE4_CHANNEL                0.000     4.000 r  u_pcie_xdma/inst/pcie4_ip_i/inst/xdma_0_pcie4_ip_gt_top_i/diablo_gt.diablo_gt_phy_wrapper/gt_wizard.gtwizard_top_i/xdma_0_pcie4_ip_gt_i/inst/gen_gtwizard_gtye4_top.xdma_0_pcie4_ip_gt_gtwizard_gtye4_inst/gen_gtwizard_gtye4.gen_channel_container[3].gen_enabled_channel.gtye4_channel_wrapper_inst/channel_inst/gtye4_channel_gen.gen_gtye4_channel_inst[3].GTYE4_CHANNEL_PRIM_INST/TXOUTCLK
                         net (fo=7, unplaced)         0.082     4.082    u_pcie_xdma/inst/pcie4_ip_i/inst/xdma_0_pcie4_ip_gt_top_i/diablo_gt.diablo_gt_phy_wrapper/phy_clk_i/CLK_TXOUTCLK
                         BUFG_GT (Prop_BUFG_GT_I_O)
                                                      0.122     4.204 r  u_pcie_xdma/inst/pcie4_ip_i/inst/xdma_0_pcie4_ip_gt_top_i/diablo_gt.diablo_gt_phy_wrapper/phy_clk_i/bufg_gt_coreclk/O
                         net (fo=26062, unplaced)     2.507     6.711    u_mir_c2h/axi_aclk
                         FDCE                                         r  u_mir_c2h/rdata_reg[17]/C
                         clock pessimism              0.025     6.736    
                         clock uncertainty           -0.046     6.690    
                         FDCE (Setup_FDCE_C_CE)      -0.043     6.647    u_mir_c2h/rdata_reg[17]
  -------------------------------------------------------------------
                         required time                          6.647    
                         arrival time                          -4.457    
  -------------------------------------------------------------------
                         slack                                  2.190    

Slack (MET) :             2.190ns  (required time - arrival time)
  Source:                 u_mir_c2h/arlen_r_reg[0]/C
                            (rising edge-triggered cell FDCE clocked by pcie_axi_aclk  {rise@0.000ns fall@2.000ns period=4.000ns})
  Destination:            u_mir_c2h/rdata_reg[18]/CE
                            (rising edge-triggered cell FDCE clocked by pcie_axi_aclk  {rise@0.000ns fall@2.000ns period=4.000ns})
  Path Group:             pcie_axi_aclk
  Path Type:              Setup (Max at Slow Process Corner)
  Requirement:            4.000ns  (pcie_axi_aclk rise@4.000ns - pcie_axi_aclk rise@0.000ns)
  Data Path Delay:        1.576ns  (logic 0.293ns (18.591%)  route 1.283ns (81.409%))
  Logic Levels:           5  (LUT2=1 LUT4=1 LUT5=1 LUT6=2)
  Clock Path Skew:        -0.145ns (DCD - SCD + CPR)
    Destination Clock Delay (DCD):    2.711ns = ( 6.711 - 4.000 ) 
    Source Clock Delay      (SCD):    2.881ns
    Clock Pessimism Removal (CPR):    0.025ns
  Clock Uncertainty:      0.046ns  ((TSJ^2 + DJ^2)^1/2) / 2 + PE
    Total System Jitter     (TSJ):    0.071ns
    Discrete Jitter          (DJ):    0.060ns
    Phase Error              (PE):    0.000ns

    Location             Delay type                Incr(ns)  Path(ns)    Netlist Resource(s)
  -------------------------------------------------------------------    -------------------
                         (clock pcie_axi_aclk rise edge)
                                                      0.000     0.000 r  
    GTYE4_CHANNEL_X0Y3   GTYE4_CHANNEL                0.000     0.000 r  u_pcie_xdma/inst/pcie4_ip_i/inst/xdma_0_pcie4_ip_gt_top_i/diablo_gt.diablo_gt_phy_wrapper/gt_wizard.gtwizard_top_i/xdma_0_pcie4_ip_gt_i/inst/gen_gtwizard_gtye4_top.xdma_0_pcie4_ip_gt_gtwizard_gtye4_inst/gen_gtwizard_gtye4.gen_channel_container[3].gen_enabled_channel.gtye4_channel_wrapper_inst/channel_inst/gtye4_channel_gen.gen_gtye4_channel_inst[3].GTYE4_CHANNEL_PRIM_INST/TXOUTCLK
                         net (fo=7, unplaced)         0.090     0.090    u_pcie_xdma/inst/pcie4_ip_i/inst/xdma_0_pcie4_ip_gt_top_i/diablo_gt.diablo_gt_phy_wrapper/phy_clk_i/CLK_TXOUTCLK
                         BUFG_GT (Prop_BUFG_GT_I_O)
                                                      0.139     0.229 r  u_pcie_xdma/inst/pcie4_ip_i/inst/xdma_0_pcie4_ip_gt_top_i/diablo_gt.diablo_gt_phy_wrapper/phy_clk_i/bufg_gt_coreclk/O
                         net (fo=26062, unplaced)     2.652     2.881    u_mir_c2h/axi_aclk
                         FDCE                                         r  u_mir_c2h/arlen_r_reg[0]/C
  -------------------------------------------------------------------    -------------------
                         FDCE (Prop_FDCE_C_Q)         0.093     2.974 r  u_mir_c2h/arlen_r_reg[0]/Q
                         net (fo=3, unplaced)         0.164     3.138    u_mir_c2h/arlen_r[0]
                         LUT2 (Prop_LUT2_I1_O)        0.040     3.178 r  u_mir_c2h/FSM_sequential_st[1]_i_8/O
                         net (fo=1, unplaced)         0.214     3.392    u_mir_c2h/FSM_sequential_st[1]_i_8_n_53
                         LUT6 (Prop_LUT6_I3_O)        0.040     3.432 f  u_mir_c2h/FSM_sequential_st[1]_i_5/O
                         net (fo=1, unplaced)         0.214     3.646    u_mir_c2h/FSM_sequential_st[1]_i_5_n_53
                         LUT6 (Prop_LUT6_I0_O)        0.040     3.686 f  u_mir_c2h/FSM_sequential_st[1]_i_2/O
                         net (fo=3, unplaced)         0.220     3.906    u_mir_c2h/FSM_sequential_st[1]_i_2_n_53
                         LUT5 (Prop_LUT5_I4_O)        0.040     3.946 r  u_mir_c2h/cur_r[7]_i_3/O
                         net (fo=3, unplaced)         0.220     4.166    u_mir_c2h/cur_r[7]_i_3_n_53
                         LUT4 (Prop_LUT4_I3_O)        0.040     4.206 r  u_mir_c2h/rdata[127]_i_1/O
                         net (fo=130, unplaced)       0.251     4.457    u_mir_c2h/rdata[127]_i_1_n_53
                         FDCE                                         r  u_mir_c2h/rdata_reg[18]/CE
  -------------------------------------------------------------------    -------------------

                         (clock pcie_axi_aclk rise edge)
                                                      4.000     4.000 r  
    GTYE4_CHANNEL_X0Y3   GTYE4_CHANNEL                0.000     4.000 r  u_pcie_xdma/inst/pcie4_ip_i/inst/xdma_0_pcie4_ip_gt_top_i/diablo_gt.diablo_gt_phy_wrapper/gt_wizard.gtwizard_top_i/xdma_0_pcie4_ip_gt_i/inst/gen_gtwizard_gtye4_top.xdma_0_pcie4_ip_gt_gtwizard_gtye4_inst/gen_gtwizard_gtye4.gen_channel_container[3].gen_enabled_channel.gtye4_channel_wrapper_inst/channel_inst/gtye4_channel_gen.gen_gtye4_channel_inst[3].GTYE4_CHANNEL_PRIM_INST/TXOUTCLK
                         net (fo=7, unplaced)         0.082     4.082    u_pcie_xdma/inst/pcie4_ip_i/inst/xdma_0_pcie4_ip_gt_top_i/diablo_gt.diablo_gt_phy_wrapper/phy_clk_i/CLK_TXOUTCLK
                         BUFG_GT (Prop_BUFG_GT_I_O)
                                                      0.122     4.204 r  u_pcie_xdma/inst/pcie4_ip_i/inst/xdma_0_pcie4_ip_gt_top_i/diablo_gt.diablo_gt_phy_wrapper/phy_clk_i/bufg_gt_coreclk/O
                         net (fo=26062, unplaced)     2.507     6.711    u_mir_c2h/axi_aclk
                         FDCE                                         r  u_mir_c2h/rdata_reg[18]/C
                         clock pessimism              0.025     6.736    
                         clock uncertainty           -0.046     6.690    
                         FDCE (Setup_FDCE_C_CE)      -0.043     6.647    u_mir_c2h/rdata_reg[18]
  -------------------------------------------------------------------
                         required time                          6.647    
                         arrival time                          -4.457    
  -------------------------------------------------------------------
                         slack                                  2.190    

Slack (MET) :             2.190ns  (required time - arrival time)
  Source:                 u_mir_c2h/arlen_r_reg[0]/C
                            (rising edge-triggered cell FDCE clocked by pcie_axi_aclk  {rise@0.000ns fall@2.000ns period=4.000ns})
  Destination:            u_mir_c2h/rdata_reg[19]/CE
                            (rising edge-triggered cell FDCE clocked by pcie_axi_aclk  {rise@0.000ns fall@2.000ns period=4.000ns})
  Path Group:             pcie_axi_aclk
  Path Type:              Setup (Max at Slow Process Corner)
  Requirement:            4.000ns  (pcie_axi_aclk rise@4.000ns - pcie_axi_aclk rise@0.000ns)
  Data Path Delay:        1.576ns  (logic 0.293ns (18.591%)  route 1.283ns (81.409%))
  Logic Levels:           5  (LUT2=1 LUT4=1 LUT5=1 LUT6=2)
  Clock Path Skew:        -0.145ns (DCD - SCD + CPR)
    Destination Clock Delay (DCD):    2.711ns = ( 6.711 - 4.000 ) 
    Source Clock Delay      (SCD):    2.881ns
    Clock Pessimism Removal (CPR):    0.025ns
  Clock Uncertainty:      0.046ns  ((TSJ^2 + DJ^2)^1/2) / 2 + PE
    Total System Jitter     (TSJ):    0.071ns
    Discrete Jitter          (DJ):    0.060ns
    Phase Error              (PE):    0.000ns

    Location             Delay type                Incr(ns)  Path(ns)    Netlist Resource(s)
  -------------------------------------------------------------------    -------------------
                         (clock pcie_axi_aclk rise edge)
                                                      0.000     0.000 r  
    GTYE4_CHANNEL_X0Y3   GTYE4_CHANNEL                0.000     0.000 r  u_pcie_xdma/inst/pcie4_ip_i/inst/xdma_0_pcie4_ip_gt_top_i/diablo_gt.diablo_gt_phy_wrapper/gt_wizard.gtwizard_top_i/xdma_0_pcie4_ip_gt_i/inst/gen_gtwizard_gtye4_top.xdma_0_pcie4_ip_gt_gtwizard_gtye4_inst/gen_gtwizard_gtye4.gen_channel_container[3].gen_enabled_channel.gtye4_channel_wrapper_inst/channel_inst/gtye4_channel_gen.gen_gtye4_channel_inst[3].GTYE4_CHANNEL_PRIM_INST/TXOUTCLK
                         net (fo=7, unplaced)         0.090     0.090    u_pcie_xdma/inst/pcie4_ip_i/inst/xdma_0_pcie4_ip_gt_top_i/diablo_gt.diablo_gt_phy_wrapper/phy_clk_i/CLK_TXOUTCLK
                         BUFG_GT (Prop_BUFG_GT_I_O)
                                                      0.139     0.229 r  u_pcie_xdma/inst/pcie4_ip_i/inst/xdma_0_pcie4_ip_gt_top_i/diablo_gt.diablo_gt_phy_wrapper/phy_clk_i/bufg_gt_coreclk/O
                         net (fo=26062, unplaced)     2.652     2.881    u_mir_c2h/axi_aclk
                         FDCE                                         r  u_mir_c2h/arlen_r_reg[0]/C
  -------------------------------------------------------------------    -------------------
                         FDCE (Prop_FDCE_C_Q)         0.093     2.974 r  u_mir_c2h/arlen_r_reg[0]/Q
                         net (fo=3, unplaced)         0.164     3.138    u_mir_c2h/arlen_r[0]
                         LUT2 (Prop_LUT2_I1_O)        0.040     3.178 r  u_mir_c2h/FSM_sequential_st[1]_i_8/O
                         net (fo=1, unplaced)         0.214     3.392    u_mir_c2h/FSM_sequential_st[1]_i_8_n_53
                         LUT6 (Prop_LUT6_I3_O)        0.040     3.432 f  u_mir_c2h/FSM_sequential_st[1]_i_5/O
                         net (fo=1, unplaced)         0.214     3.646    u_mir_c2h/FSM_sequential_st[1]_i_5_n_53
                         LUT6 (Prop_LUT6_I0_O)        0.040     3.686 f  u_mir_c2h/FSM_sequential_st[1]_i_2/O
                         net (fo=3, unplaced)         0.220     3.906    u_mir_c2h/FSM_sequential_st[1]_i_2_n_53
                         LUT5 (Prop_LUT5_I4_O)        0.040     3.946 r  u_mir_c2h/cur_r[7]_i_3/O
                         net (fo=3, unplaced)         0.220     4.166    u_mir_c2h/cur_r[7]_i_3_n_53
                         LUT4 (Prop_LUT4_I3_O)        0.040     4.206 r  u_mir_c2h/rdata[127]_i_1/O
                         net (fo=130, unplaced)       0.251     4.457    u_mir_c2h/rdata[127]_i_1_n_53
                         FDCE                                         r  u_mir_c2h/rdata_reg[19]/CE
  -------------------------------------------------------------------    -------------------

                         (clock pcie_axi_aclk rise edge)
                                                      4.000     4.000 r  
    GTYE4_CHANNEL_X0Y3   GTYE4_CHANNEL                0.000     4.000 r  u_pcie_xdma/inst/pcie4_ip_i/inst/xdma_0_pcie4_ip_gt_top_i/diablo_gt.diablo_gt_phy_wrapper/gt_wizard.gtwizard_top_i/xdma_0_pcie4_ip_gt_i/inst/gen_gtwizard_gtye4_top.xdma_0_pcie4_ip_gt_gtwizard_gtye4_inst/gen_gtwizard_gtye4.gen_channel_container[3].gen_enabled_channel.gtye4_channel_wrapper_inst/channel_inst/gtye4_channel_gen.gen_gtye4_channel_inst[3].GTYE4_CHANNEL_PRIM_INST/TXOUTCLK
                         net (fo=7, unplaced)         0.082     4.082    u_pcie_xdma/inst/pcie4_ip_i/inst/xdma_0_pcie4_ip_gt_top_i/diablo_gt.diablo_gt_phy_wrapper/phy_clk_i/CLK_TXOUTCLK
                         BUFG_GT (Prop_BUFG_GT_I_O)
                                                      0.122     4.204 r  u_pcie_xdma/inst/pcie4_ip_i/inst/xdma_0_pcie4_ip_gt_top_i/diablo_gt.diablo_gt_phy_wrapper/phy_clk_i/bufg_gt_coreclk/O
                         net (fo=26062, unplaced)     2.507     6.711    u_mir_c2h/axi_aclk
                         FDCE                                         r  u_mir_c2h/rdata_reg[19]/C
                         clock pessimism              0.025     6.736    
                         clock uncertainty           -0.046     6.690    
                         FDCE (Setup_FDCE_C_CE)      -0.043     6.647    u_mir_c2h/rdata_reg[19]
  -------------------------------------------------------------------
                         required time                          6.647    
                         arrival time                          -4.457    
  -------------------------------------------------------------------
                         slack                                  2.190    




