Copyright 1986-2022 Xilinx, Inc. All Rights Reserved. Copyright 2022-2025 Advanced Micro Devices, Inc. All Rights Reserved.
---------------------------------------------------------------------------------------------------------------------------------------------------------------------------------------------------
| Tool Version      : Vivado v.2025.2 (win64) Build 6299465 Fri Nov 14 19:35:11 GMT 2025
| Date              : Sun Oct 11 02:38:06 2026
| Host              : xyz-intel running 64-bit major release  (build 9200)
| Command           : report_timing -group g_hw.clk_out0 -delay_type max -max_paths 50 -sort_by slack -file {D:\repo\XCKU5PMini\udp_hls_10g\_proj_10g\notes\p7b_build_0x1D\query\out/dp_top50.rpt}
| Design            : wrapper_p4
| Device            : xcku5p-ffvb676
| Speed File        : -1  PRODUCTION 1.29 05-01-2022
| Design State      : Routed
| Temperature Grade : E
---------------------------------------------------------------------------------------------------------------------------------------------------------------------------------------------------

Timing Report

Slack (MET) :             0.067ns  (required time - arrival time)
  Source:                 u_tcp_tx/tick_cnt_reg[2]/C
                            (rising edge-triggered cell FDCE clocked by g_hw.clk_out0  {rise@0.000ns fall@3.200ns period=6.400ns})
  Destination:            u_tcb/snd_wnd_r_reg[4][12]/CE
                            (rising edge-triggered cell FDCE clocked by g_hw.clk_out0  {rise@0.000ns fall@3.200ns period=6.400ns})
  Path Group:             g_hw.clk_out0
  Path Type:              Setup (Max at Slow Process Corner)
  Requirement:            6.400ns  (g_hw.clk_out0 rise@6.400ns - g_hw.clk_out0 rise@0.000ns)
  Data Path Delay:        6.066ns  (logic 1.923ns (31.701%)  route 4.143ns (68.299%))
  Logic Levels:           16  (CARRY8=3 LUT2=1 LUT3=2 LUT4=1 LUT5=2 LUT6=7)
  Clock Path Skew:        -0.162ns (DCD - SCD + CPR)
    Destination Clock Delay (DCD):    5.373ns = ( 11.773 - 6.400 ) 
    Source Clock Delay      (SCD):    5.231ns
    Clock Pessimism Removal (CPR):    -0.304ns
  Clock Uncertainty:      0.062ns  ((TSJ^2 + DJ^2)^1/2) / 2 + PE
    Total System Jitter     (TSJ):    0.071ns
    Discrete Jitter          (DJ):    0.101ns
    Phase Error              (PE):    0.000ns
  Clock Net Delay (Source):      2.579ns (routing 1.064ns, distribution 1.515ns)
  Clock Net Delay (Destination): 2.315ns (routing 0.965ns, distribution 1.350ns)

    Location             Delay type                Incr(ns)  Path(ns)    Netlist Resource(s)
  -------------------------------------------------------------------    -------------------
                         (clock g_hw.clk_out0 rise edge)
                                                      0.000     0.000 r  
    T25                                               0.000     0.000 r  sys_clk_p (IN)
                         net (fo=0)                   0.100     0.100    u_clkgen/g_hw.u_ibufds/I
    HPIOBDIFFINBUF_X0Y37 DIFFINBUF (Prop_DIFFINBUF_HPIOBDIFFINBUF_DIFF_IN_P_O)
                                                      0.479     0.579 r  u_clkgen/g_hw.u_ibufds/DIFFINBUF_INST/O
                         net (fo=1, routed)           0.050     0.629    u_clkgen/g_hw.u_ibufds/OUT
    T25                  IBUFCTRL (Prop_IBUFCTRL_HPIOB_M_I_O)
                                                      0.000     0.629 r  u_clkgen/g_hw.u_ibufds/IBUFCTRL_INST/O
                         net (fo=1, routed)           0.343     0.972    u_clkgen/g_hw.clk_in_ibuf
    BUFGCE_X0Y32         BUFGCE (Prop_BUFCE_BUFGCE_I_O)
                                                      0.028     1.000 r  u_clkgen/g_hw.u_bufg_in/O
                         net (fo=485, routed)         1.474     2.474    u_clkgen/clk_in_100
    MMCM_X0Y1            MMCME4_ADV (Prop_MMCM_CLKIN1_CLKOUT0)
                                                     -0.106     2.368 r  u_clkgen/g_hw.u_mmcm/CLKOUT0
                         net (fo=1, routed)           0.256     2.624    u_clkgen/g_hw.clk_out0
    BUFGCE_X0Y34         BUFGCE (Prop_BUFCE_BUFGCE_I_O)
                                                      0.028     2.652 r  u_clkgen/g_hw.u_bufg_out/O
    X1Y3 (CLOCK_ROOT)    net (fo=50443, routed)       2.579     5.231    u_tcp_tx/dp_clk
    SLICE_X45Y166        FDCE                                         r  u_tcp_tx/tick_cnt_reg[2]/C
  -------------------------------------------------------------------    -------------------
    SLICE_X45Y166        FDCE (Prop_CFF2_SLICEL_C_Q)
                                                      0.097     5.328 f  u_tcp_tx/tick_cnt_reg[2]/Q
                         net (fo=5, routed)           0.186     5.513    u_tcp_tx/u_retx/scan_id_reg[3][2]
    SLICE_X45Y166        LUT4 (Prop_F6LUT_SLICEL_I3_O)
                                                      0.148     5.661 r  u_tcp_tx/u_retx/scan_id[3]_i_4__0/O
                         net (fo=3, routed)           0.437     6.098    u_tcp_tx/u_csum/scan_id_reg[3]_3
    SLICE_X36Y172        LUT6 (Prop_G6LUT_SLICEL_I5_O)
                                                      0.038     6.136 f  u_tcp_tx/u_csum/scan_id[3]_i_1__0/O
                         net (fo=422, routed)         0.229     6.365    u_tcp_tx/u_fifo_b/ctrl_doff_reg[3]_0[0]
    SLICE_X38Y174        LUT6 (Prop_C6LUT_SLICEL_I4_O)
                                                      0.148     6.513 r  u_tcp_tx/u_fifo_b/ctrl_doff[3]_i_1/O
                         net (fo=104, routed)         0.282     6.795    u_tcp_tx/u_ackq/ctrl_ack_reg[0]
    SLICE_X36Y175        LUT6 (Prop_E6LUT_SLICEL_I4_O)
                                                      0.100     6.895 r  u_tcp_tx/u_ackq/f_seq[1][31]_i_9/O
                         net (fo=94, routed)          0.577     7.472    u_tcb/cam_rd_id[1]
    SLICE_X25Y181        LUT6 (Prop_C6LUT_SLICEM_I2_O)
                                                      0.098     7.570 r  u_tcb/f_seq[1][11]_i_2/O
                         net (fo=3, routed)           0.200     7.770    u_tcb/f_seq[1][11]_i_2_n_53
    SLICE_X25Y181        LUT6 (Prop_H6LUT_SLICEM_I0_O)
                                                      0.182     7.952 r  u_tcb/f_seq[1][11]_i_1/O
                         net (fo=20, routed)          0.238     8.190    u_tcb/D[11]
    SLICE_X26Y177        LUT2 (Prop_D6LUT_SLICEL_I0_O)
                                                      0.063     8.253 r  u_tcb/mem_reg_0_31_28_38_i_60/O
                         net (fo=1, routed)           0.010     8.263    u_tcb/mem_reg_0_31_28_38_i_60_n_53
    SLICE_X26Y177        CARRY8 (Prop_CARRY8_SLICEL_S[3]_CO[7])
                                                      0.195     8.458 r  u_tcb/mem_reg_0_31_28_38_i_46/CO[7]
                         net (fo=1, routed)           0.028     8.486    u_tcb/mem_reg_0_31_28_38_i_46_n_53
    SLICE_X26Y178        CARRY8 (Prop_CARRY8_SLICEL_CI_CO[7])
                                                      0.023     8.509 r  u_tcb/mem_reg_0_31_28_38_i_29/CO[7]
                         net (fo=1, routed)           0.028     8.537    u_tcb/mem_reg_0_31_28_38_i_29_n_53
    SLICE_X26Y179        CARRY8 (Prop_CARRY8_SLICEL_CI_O[7])
                                                      0.146     8.683 r  u_tcb/mem_reg_0_31_28_38_i_19/O[7]
                         net (fo=2, routed)           0.250     8.933    u_tcb/u_tcp_tx/ring_ovf12_out[31]
    SLICE_X25Y182        LUT3 (Prop_F6LUT_SLICEM_I2_O)
                                                      0.038     8.971 f  u_tcb/fc_rr[3]_i_7/O
                         net (fo=1, routed)           0.160     9.131    u_tcp_tx/fc_rr[3]_i_4
    SLICE_X25Y185        LUT6 (Prop_G6LUT_SLICEM_I0_O)
                                                      0.116     9.247 r  u_tcp_tx/fc_rr[3]_i_6/O
                         net (fo=37, routed)          0.228     9.475    u_tcp_tx/u_ackq/wscale_r_reg[14][0]_2
    SLICE_X23Y186        LUT5 (Prop_E5LUT_SLICEL_I3_O)
                                                      0.140     9.615 f  u_tcp_tx/u_ackq/rcv_nxt_r[0][31]_i_33/O
                         net (fo=1, routed)           0.210     9.825    u_tcp_tx/u_ackq/rcv_nxt_r[0][31]_i_33_n_53
    SLICE_X22Y187        LUT5 (Prop_B6LUT_SLICEL_I4_O)
                                                      0.177    10.002 f  u_tcp_tx/u_ackq/rcv_nxt_r[0][31]_i_15/O
                         net (fo=1, routed)           0.058    10.060    u_tcp_tx/u_ackq/tx_upd_id[0]
    SLICE_X22Y187        LUT3 (Prop_F6LUT_SLICEL_I0_O)
                                                      0.148    10.208 f  u_tcp_tx/u_ackq/rcv_nxt_r[0][31]_i_4/O
                         net (fo=114, routed)         0.571    10.779    u_tcp_tx/u_ackq/tcb_id[0]
    SLICE_X25Y193        LUT6 (Prop_H6LUT_SLICEM_I2_O)
                                                      0.066    10.845 r  u_tcp_tx/u_ackq/snd_wnd_r[4][15]_i_1/O
                         net (fo=16, routed)          0.452    11.297    u_tcb/snd_wnd_r_reg[4][15]_0[0]
    SLICE_X27Y197        FDCE                                         r  u_tcb/snd_wnd_r_reg[4][12]/CE
  -------------------------------------------------------------------    -------------------

                         (clock g_hw.clk_out0 rise edge)
                                                      6.400     6.400 r  
    T25                                               0.000     6.400 r  sys_clk_p (IN)
                         net (fo=0)                   0.079     6.479    u_clkgen/g_hw.u_ibufds/I
    HPIOBDIFFINBUF_X0Y37 DIFFINBUF (Prop_DIFFINBUF_HPIOBDIFFINBUF_DIFF_IN_P_O)
                                                      0.398     6.877 r  u_clkgen/g_hw.u_ibufds/DIFFINBUF_INST/O
                         net (fo=1, routed)           0.040     6.917    u_clkgen/g_hw.u_ibufds/OUT
    T25                  IBUFCTRL (Prop_IBUFCTRL_HPIOB_M_I_O)
                                                      0.000     6.917 r  u_clkgen/g_hw.u_ibufds/IBUFCTRL_INST/O
                         net (fo=1, routed)           0.304     7.221    u_clkgen/g_hw.clk_in_ibuf
    BUFGCE_X0Y32         BUFGCE (Prop_BUFCE_BUFGCE_I_O)
                                                      0.024     7.245 r  u_clkgen/g_hw.u_bufg_in/O
                         net (fo=485, routed)         1.317     8.562    u_clkgen/clk_in_100
    MMCM_X0Y1            MMCME4_ADV (Prop_MMCM_CLKIN1_CLKOUT0)
                                                      0.644     9.206 r  u_clkgen/g_hw.u_mmcm/CLKOUT0
                         net (fo=1, routed)           0.228     9.434    u_clkgen/g_hw.clk_out0
    BUFGCE_X0Y34         BUFGCE (Prop_BUFCE_BUFGCE_I_O)
                                                      0.024     9.458 r  u_clkgen/g_hw.u_bufg_out/O
    X1Y3 (CLOCK_ROOT)    net (fo=50443, routed)       2.315    11.773    u_tcb/dp_clk
    SLICE_X27Y197        FDCE                                         r  u_tcb/snd_wnd_r_reg[4][12]/C
                         clock pessimism             -0.304    11.469    
                         clock uncertainty           -0.062    11.407    
    SLICE_X27Y197        FDCE (Setup_HFF_SLICEL_C_CE)
                                                     -0.043    11.364    u_tcb/snd_wnd_r_reg[4][12]
  -------------------------------------------------------------------
                         required time                         11.364    
                         arrival time                         -11.297    
  -------------------------------------------------------------------
                         slack                                  0.067    

Slack (MET) :             0.086ns  (required time - arrival time)
  Source:                 u_tcp_tx/tick_cnt_reg[2]/C
                            (rising edge-triggered cell FDCE clocked by g_hw.clk_out0  {rise@0.000ns fall@3.200ns period=6.400ns})
  Destination:            u_tcb/snd_wnd_r_reg[4][10]/CE
                            (rising edge-triggered cell FDCE clocked by g_hw.clk_out0  {rise@0.000ns fall@3.200ns period=6.400ns})
  Path Group:             g_hw.clk_out0
  Path Type:              Setup (Max at Slow Process Corner)
  Requirement:            6.400ns  (g_hw.clk_out0 rise@6.400ns - g_hw.clk_out0 rise@0.000ns)
  Data Path Delay:        6.075ns  (logic 1.923ns (31.656%)  route 4.152ns (68.344%))
  Logic Levels:           16  (CARRY8=3 LUT2=1 LUT3=2 LUT4=1 LUT5=2 LUT6=7)
  Clock Path Skew:        -0.134ns (DCD - SCD + CPR)
    Destination Clock Delay (DCD):    5.401ns = ( 11.801 - 6.400 ) 
    Source Clock Delay      (SCD):    5.231ns
    Clock Pessimism Removal (CPR):    -0.304ns
  Clock Uncertainty:      0.062ns  ((TSJ^2 + DJ^2)^1/2) / 2 + PE
    Total System Jitter     (TSJ):    0.071ns
    Discrete Jitter          (DJ):    0.101ns
    Phase Error              (PE):    0.000ns
  Clock Net Delay (Source):      2.579ns (routing 1.064ns, distribution 1.515ns)
  Clock Net Delay (Destination): 2.343ns (routing 0.965ns, distribution 1.378ns)

    Location             Delay type                Incr(ns)  Path(ns)    Netlist Resource(s)
  -------------------------------------------------------------------    -------------------
                         (clock g_hw.clk_out0 rise edge)
                                                      0.000     0.000 r  
    T25                                               0.000     0.000 r  sys_clk_p (IN)
                         net (fo=0)                   0.100     0.100    u_clkgen/g_hw.u_ibufds/I
    HPIOBDIFFINBUF_X0Y37 DIFFINBUF (Prop_DIFFINBUF_HPIOBDIFFINBUF_DIFF_IN_P_O)
                                                      0.479     0.579 r  u_clkgen/g_hw.u_ibufds/DIFFINBUF_INST/O
                         net (fo=1, routed)           0.050     0.629    u_clkgen/g_hw.u_ibufds/OUT
    T25                  IBUFCTRL (Prop_IBUFCTRL_HPIOB_M_I_O)
                                                      0.000     0.629 r  u_clkgen/g_hw.u_ibufds/IBUFCTRL_INST/O
                         net (fo=1, routed)           0.343     0.972    u_clkgen/g_hw.clk_in_ibuf
    BUFGCE_X0Y32         BUFGCE (Prop_BUFCE_BUFGCE_I_O)
                                                      0.028     1.000 r  u_clkgen/g_hw.u_bufg_in/O
                         net (fo=485, routed)         1.474     2.474    u_clkgen/clk_in_100
    MMCM_X0Y1            MMCME4_ADV (Prop_MMCM_CLKIN1_CLKOUT0)
                                                     -0.106     2.368 r  u_clkgen/g_hw.u_mmcm/CLKOUT0
                         net (fo=1, routed)           0.256     2.624    u_clkgen/g_hw.clk_out0
    BUFGCE_X0Y34         BUFGCE (Prop_BUFCE_BUFGCE_I_O)
                                                      0.028     2.652 r  u_clkgen/g_hw.u_bufg_out/O
    X1Y3 (CLOCK_ROOT)    net (fo=50443, routed)       2.579     5.231    u_tcp_tx/dp_clk
    SLICE_X45Y166        FDCE                                         r  u_tcp_tx/tick_cnt_reg[2]/C
  -------------------------------------------------------------------    -------------------
    SLICE_X45Y166        FDCE (Prop_CFF2_SLICEL_C_Q)
                                                      0.097     5.328 f  u_tcp_tx/tick_cnt_reg[2]/Q
                         net (fo=5, routed)           0.186     5.513    u_tcp_tx/u_retx/scan_id_reg[3][2]
    SLICE_X45Y166        LUT4 (Prop_F6LUT_SLICEL_I3_O)
                                                      0.148     5.661 r  u_tcp_tx/u_retx/scan_id[3]_i_4__0/O
                         net (fo=3, routed)           0.437     6.098    u_tcp_tx/u_csum/scan_id_reg[3]_3
    SLICE_X36Y172        LUT6 (Prop_G6LUT_SLICEL_I5_O)
                                                      0.038     6.136 f  u_tcp_tx/u_csum/scan_id[3]_i_1__0/O
                         net (fo=422, routed)         0.229     6.365    u_tcp_tx/u_fifo_b/ctrl_doff_reg[3]_0[0]
    SLICE_X38Y174        LUT6 (Prop_C6LUT_SLICEL_I4_O)
                                                      0.148     6.513 r  u_tcp_tx/u_fifo_b/ctrl_doff[3]_i_1/O
                         net (fo=104, routed)         0.282     6.795    u_tcp_tx/u_ackq/ctrl_ack_reg[0]
    SLICE_X36Y175        LUT6 (Prop_E6LUT_SLICEL_I4_O)
                                                      0.100     6.895 r  u_tcp_tx/u_ackq/f_seq[1][31]_i_9/O
                         net (fo=94, routed)          0.577     7.472    u_tcb/cam_rd_id[1]
    SLICE_X25Y181        LUT6 (Prop_C6LUT_SLICEM_I2_O)
                                                      0.098     7.570 r  u_tcb/f_seq[1][11]_i_2/O
                         net (fo=3, routed)           0.200     7.770    u_tcb/f_seq[1][11]_i_2_n_53
    SLICE_X25Y181        LUT6 (Prop_H6LUT_SLICEM_I0_O)
                                                      0.182     7.952 r  u_tcb/f_seq[1][11]_i_1/O
                         net (fo=20, routed)          0.238     8.190    u_tcb/D[11]
    SLICE_X26Y177        LUT2 (Prop_D6LUT_SLICEL_I0_O)
                                                      0.063     8.253 r  u_tcb/mem_reg_0_31_28_38_i_60/O
                         net (fo=1, routed)           0.010     8.263    u_tcb/mem_reg_0_31_28_38_i_60_n_53
    SLICE_X26Y177        CARRY8 (Prop_CARRY8_SLICEL_S[3]_CO[7])
                                                      0.195     8.458 r  u_tcb/mem_reg_0_31_28_38_i_46/CO[7]
                         net (fo=1, routed)           0.028     8.486    u_tcb/mem_reg_0_31_28_38_i_46_n_53
    SLICE_X26Y178        CARRY8 (Prop_CARRY8_SLICEL_CI_CO[7])
                                                      0.023     8.509 r  u_tcb/mem_reg_0_31_28_38_i_29/CO[7]
                         net (fo=1, routed)           0.028     8.537    u_tcb/mem_reg_0_31_28_38_i_29_n_53
    SLICE_X26Y179        CARRY8 (Prop_CARRY8_SLICEL_CI_O[7])
                                                      0.146     8.683 r  u_tcb/mem_reg_0_31_28_38_i_19/O[7]
                         net (fo=2, routed)           0.250     8.933    u_tcb/u_tcp_tx/ring_ovf12_out[31]
    SLICE_X25Y182        LUT3 (Prop_F6LUT_SLICEM_I2_O)
                                                      0.038     8.971 f  u_tcb/fc_rr[3]_i_7/O
                         net (fo=1, routed)           0.160     9.131    u_tcp_tx/fc_rr[3]_i_4
    SLICE_X25Y185        LUT6 (Prop_G6LUT_SLICEM_I0_O)
                                                      0.116     9.247 r  u_tcp_tx/fc_rr[3]_i_6/O
                         net (fo=37, routed)          0.228     9.475    u_tcp_tx/u_ackq/wscale_r_reg[14][0]_2
    SLICE_X23Y186        LUT5 (Prop_E5LUT_SLICEL_I3_O)
                                                      0.140     9.615 f  u_tcp_tx/u_ackq/rcv_nxt_r[0][31]_i_33/O
                         net (fo=1, routed)           0.210     9.825    u_tcp_tx/u_ackq/rcv_nxt_r[0][31]_i_33_n_53
    SLICE_X22Y187        LUT5 (Prop_B6LUT_SLICEL_I4_O)
                                                      0.177    10.002 f  u_tcp_tx/u_ackq/rcv_nxt_r[0][31]_i_15/O
                         net (fo=1, routed)           0.058    10.060    u_tcp_tx/u_ackq/tx_upd_id[0]
    SLICE_X22Y187        LUT3 (Prop_F6LUT_SLICEL_I0_O)
                                                      0.148    10.208 f  u_tcp_tx/u_ackq/rcv_nxt_r[0][31]_i_4/O
                         net (fo=114, routed)         0.571    10.779    u_tcp_tx/u_ackq/tcb_id[0]
    SLICE_X25Y193        LUT6 (Prop_H6LUT_SLICEM_I2_O)
                                                      0.066    10.845 r  u_tcp_tx/u_ackq/snd_wnd_r[4][15]_i_1/O
                         net (fo=16, routed)          0.460    11.305    u_tcb/snd_wnd_r_reg[4][15]_0[0]
    SLICE_X20Y200        FDCE                                         r  u_tcb/snd_wnd_r_reg[4][10]/CE
  -------------------------------------------------------------------    -------------------

                         (clock g_hw.clk_out0 rise edge)
                                                      6.400     6.400 r  
    T25                                               0.000     6.400 r  sys_clk_p (IN)
                         net (fo=0)                   0.079     6.479    u_clkgen/g_hw.u_ibufds/I
    HPIOBDIFFINBUF_X0Y37 DIFFINBUF (Prop_DIFFINBUF_HPIOBDIFFINBUF_DIFF_IN_P_O)
                                                      0.398     6.877 r  u_clkgen/g_hw.u_ibufds/DIFFINBUF_INST/O
                         net (fo=1, routed)           0.040     6.917    u_clkgen/g_hw.u_ibufds/OUT
    T25                  IBUFCTRL (Prop_IBUFCTRL_HPIOB_M_I_O)
                                                      0.000     6.917 r  u_clkgen/g_hw.u_ibufds/IBUFCTRL_INST/O
                         net (fo=1, routed)           0.304     7.221    u_clkgen/g_hw.clk_in_ibuf
    BUFGCE_X0Y32         BUFGCE (Prop_BUFCE_BUFGCE_I_O)
                                                      0.024     7.245 r  u_clkgen/g_hw.u_bufg_in/O
                         net (fo=485, routed)         1.317     8.562    u_clkgen/clk_in_100
    MMCM_X0Y1            MMCME4_ADV (Prop_MMCM_CLKIN1_CLKOUT0)
                                                      0.644     9.206 r  u_clkgen/g_hw.u_mmcm/CLKOUT0
                         net (fo=1, routed)           0.228     9.434    u_clkgen/g_hw.clk_out0
    BUFGCE_X0Y34         BUFGCE (Prop_BUFCE_BUFGCE_I_O)
                                                      0.024     9.458 r  u_clkgen/g_hw.u_bufg_out/O
    X1Y3 (CLOCK_ROOT)    net (fo=50443, routed)       2.343    11.801    u_tcb/dp_clk
    SLICE_X20Y200        FDCE                                         r  u_tcb/snd_wnd_r_reg[4][10]/C
                         clock pessimism             -0.304    11.497    
                         clock uncertainty           -0.062    11.435    
    SLICE_X20Y200        FDCE (Setup_HFF2_SLICEM_C_CE)
                                                     -0.043    11.392    u_tcb/snd_wnd_r_reg[4][10]
  -------------------------------------------------------------------
                         required time                         11.392    
                         arrival time                         -11.305    
  -------------------------------------------------------------------
                         slack                                  0.086    

Slack (MET) :             0.086ns  (required time - arrival time)
  Source:                 u_tcp_tx/tick_cnt_reg[2]/C
                            (rising edge-triggered cell FDCE clocked by g_hw.clk_out0  {rise@0.000ns fall@3.200ns period=6.400ns})
  Destination:            u_tcb/snd_wnd_r_reg[4][1]/CE
                            (rising edge-triggered cell FDCE clocked by g_hw.clk_out0  {rise@0.000ns fall@3.200ns period=6.400ns})
  Path Group:             g_hw.clk_out0
  Path Type:              Setup (Max at Slow Process Corner)
  Requirement:            6.400ns  (g_hw.clk_out0 rise@6.400ns - g_hw.clk_out0 rise@0.000ns)
  Data Path Delay:        6.075ns  (logic 1.923ns (31.656%)  route 4.152ns (68.344%))
  Logic Levels:           16  (CARRY8=3 LUT2=1 LUT3=2 LUT4=1 LUT5=2 LUT6=7)
  Clock Path Skew:        -0.134ns (DCD - SCD + CPR)
    Destination Clock Delay (DCD):    5.401ns = ( 11.801 - 6.400 ) 
    Source Clock Delay      (SCD):    5.231ns
    Clock Pessimism Removal (CPR):    -0.304ns
  Clock Uncertainty:      0.062ns  ((TSJ^2 + DJ^2)^1/2) / 2 + PE
    Total System Jitter     (TSJ):    0.071ns
    Discrete Jitter          (DJ):    0.101ns
    Phase Error              (PE):    0.000ns
  Clock Net Delay (Source):      2.579ns (routing 1.064ns, distribution 1.515ns)
  Clock Net Delay (Destination): 2.343ns (routing 0.965ns, distribution 1.378ns)

    Location             Delay type                Incr(ns)  Path(ns)    Netlist Resource(s)
  -------------------------------------------------------------------    -------------------
                         (clock g_hw.clk_out0 rise edge)
                                                      0.000     0.000 r  
    T25                                               0.000     0.000 r  sys_clk_p (IN)
                         net (fo=0)                   0.100     0.100    u_clkgen/g_hw.u_ibufds/I
    HPIOBDIFFINBUF_X0Y37 DIFFINBUF (Prop_DIFFINBUF_HPIOBDIFFINBUF_DIFF_IN_P_O)
                                                      0.479     0.579 r  u_clkgen/g_hw.u_ibufds/DIFFINBUF_INST/O
                         net (fo=1, routed)           0.050     0.629    u_clkgen/g_hw.u_ibufds/OUT
    T25                  IBUFCTRL (Prop_IBUFCTRL_HPIOB_M_I_O)
                                                      0.000     0.629 r  u_clkgen/g_hw.u_ibufds/IBUFCTRL_INST/O
                         net (fo=1, routed)           0.343     0.972    u_clkgen/g_hw.clk_in_ibuf
    BUFGCE_X0Y32         BUFGCE (Prop_BUFCE_BUFGCE_I_O)
                                                      0.028     1.000 r  u_clkgen/g_hw.u_bufg_in/O
                         net (fo=485, routed)         1.474     2.474    u_clkgen/clk_in_100
    MMCM_X0Y1            MMCME4_ADV (Prop_MMCM_CLKIN1_CLKOUT0)
                                                     -0.106     2.368 r  u_clkgen/g_hw.u_mmcm/CLKOUT0
                         net (fo=1, routed)           0.256     2.624    u_clkgen/g_hw.clk_out0
    BUFGCE_X0Y34         BUFGCE (Prop_BUFCE_BUFGCE_I_O)
                                                      0.028     2.652 r  u_clkgen/g_hw.u_bufg_out/O
    X1Y3 (CLOCK_ROOT)    net (fo=50443, routed)       2.579     5.231    u_tcp_tx/dp_clk
    SLICE_X45Y166        FDCE                                         r  u_tcp_tx/tick_cnt_reg[2]/C
  -------------------------------------------------------------------    -------------------
    SLICE_X45Y166        FDCE (Prop_CFF2_SLICEL_C_Q)
                                                      0.097     5.328 f  u_tcp_tx/tick_cnt_reg[2]/Q
                         net (fo=5, routed)           0.186     5.513    u_tcp_tx/u_retx/scan_id_reg[3][2]
    SLICE_X45Y166        LUT4 (Prop_F6LUT_SLICEL_I3_O)
                                                      0.148     5.661 r  u_tcp_tx/u_retx/scan_id[3]_i_4__0/O
                         net (fo=3, routed)           0.437     6.098    u_tcp_tx/u_csum/scan_id_reg[3]_3
    SLICE_X36Y172        LUT6 (Prop_G6LUT_SLICEL_I5_O)
                                                      0.038     6.136 f  u_tcp_tx/u_csum/scan_id[3]_i_1__0/O
                         net (fo=422, routed)         0.229     6.365    u_tcp_tx/u_fifo_b/ctrl_doff_reg[3]_0[0]
    SLICE_X38Y174        LUT6 (Prop_C6LUT_SLICEL_I4_O)
                                                      0.148     6.513 r  u_tcp_tx/u_fifo_b/ctrl_doff[3]_i_1/O
                         net (fo=104, routed)         0.282     6.795    u_tcp_tx/u_ackq/ctrl_ack_reg[0]
    SLICE_X36Y175        LUT6 (Prop_E6LUT_SLICEL_I4_O)
                                                      0.100     6.895 r  u_tcp_tx/u_ackq/f_seq[1][31]_i_9/O
                         net (fo=94, routed)          0.577     7.472    u_tcb/cam_rd_id[1]
    SLICE_X25Y181        LUT6 (Prop_C6LUT_SLICEM_I2_O)
                                                      0.098     7.570 r  u_tcb/f_seq[1][11]_i_2/O
                         net (fo=3, routed)           0.200     7.770    u_tcb/f_seq[1][11]_i_2_n_53
    SLICE_X25Y181        LUT6 (Prop_H6LUT_SLICEM_I0_O)
                                                      0.182     7.952 r  u_tcb/f_seq[1][11]_i_1/O
                         net (fo=20, routed)          0.238     8.190    u_tcb/D[11]
    SLICE_X26Y177        LUT2 (Prop_D6LUT_SLICEL_I0_O)
                                                      0.063     8.253 r  u_tcb/mem_reg_0_31_28_38_i_60/O
                         net (fo=1, routed)           0.010     8.263    u_tcb/mem_reg_0_31_28_38_i_60_n_53
    SLICE_X26Y177        CARRY8 (Prop_CARRY8_SLICEL_S[3]_CO[7])
                                                      0.195     8.458 r  u_tcb/mem_reg_0_31_28_38_i_46/CO[7]
                         net (fo=1, routed)           0.028     8.486    u_tcb/mem_reg_0_31_28_38_i_46_n_53
    SLICE_X26Y178        CARRY8 (Prop_CARRY8_SLICEL_CI_CO[7])
                                                      0.023     8.509 r  u_tcb/mem_reg_0_31_28_38_i_29/CO[7]
                         net (fo=1, routed)           0.028     8.537    u_tcb/mem_reg_0_31_28_38_i_29_n_53
    SLICE_X26Y179        CARRY8 (Prop_CARRY8_SLICEL_CI_O[7])
                                                      0.146     8.683 r  u_tcb/mem_reg_0_31_28_38_i_19/O[7]
                         net (fo=2, routed)           0.250     8.933    u_tcb/u_tcp_tx/ring_ovf12_out[31]
    SLICE_X25Y182        LUT3 (Prop_F6LUT_SLICEM_I2_O)
                                                      0.038     8.971 f  u_tcb/fc_rr[3]_i_7/O
                         net (fo=1, routed)           0.160     9.131    u_tcp_tx/fc_rr[3]_i_4
    SLICE_X25Y185        LUT6 (Prop_G6LUT_SLICEM_I0_O)
                                                      0.116     9.247 r  u_tcp_tx/fc_rr[3]_i_6/O
                         net (fo=37, routed)          0.228     9.475    u_tcp_tx/u_ackq/wscale_r_reg[14][0]_2
    SLICE_X23Y186        LUT5 (Prop_E5LUT_SLICEL_I3_O)
                                                      0.140     9.615 f  u_tcp_tx/u_ackq/rcv_nxt_r[0][31]_i_33/O
                         net (fo=1, routed)           0.210     9.825    u_tcp_tx/u_ackq/rcv_nxt_r[0][31]_i_33_n_53
    SLICE_X22Y187        LUT5 (Prop_B6LUT_SLICEL_I4_O)
                                                      0.177    10.002 f  u_tcp_tx/u_ackq/rcv_nxt_r[0][31]_i_15/O
                         net (fo=1, routed)           0.058    10.060    u_tcp_tx/u_ackq/tx_upd_id[0]
    SLICE_X22Y187        LUT3 (Prop_F6LUT_SLICEL_I0_O)
                                                      0.148    10.208 f  u_tcp_tx/u_ackq/rcv_nxt_r[0][31]_i_4/O
                         net (fo=114, routed)         0.571    10.779    u_tcp_tx/u_ackq/tcb_id[0]
    SLICE_X25Y193        LUT6 (Prop_H6LUT_SLICEM_I2_O)
                                                      0.066    10.845 r  u_tcp_tx/u_ackq/snd_wnd_r[4][15]_i_1/O
                         net (fo=16, routed)          0.460    11.305    u_tcb/snd_wnd_r_reg[4][15]_0[0]
    SLICE_X20Y200        FDCE                                         r  u_tcb/snd_wnd_r_reg[4][1]/CE
  -------------------------------------------------------------------    -------------------

                         (clock g_hw.clk_out0 rise edge)
                                                      6.400     6.400 r  
    T25                                               0.000     6.400 r  sys_clk_p (IN)
                         net (fo=0)                   0.079     6.479    u_clkgen/g_hw.u_ibufds/I
    HPIOBDIFFINBUF_X0Y37 DIFFINBUF (Prop_DIFFINBUF_HPIOBDIFFINBUF_DIFF_IN_P_O)
                                                      0.398     6.877 r  u_clkgen/g_hw.u_ibufds/DIFFINBUF_INST/O
                         net (fo=1, routed)           0.040     6.917    u_clkgen/g_hw.u_ibufds/OUT
    T25                  IBUFCTRL (Prop_IBUFCTRL_HPIOB_M_I_O)
                                                      0.000     6.917 r  u_clkgen/g_hw.u_ibufds/IBUFCTRL_INST/O
                         net (fo=1, routed)           0.304     7.221    u_clkgen/g_hw.clk_in_ibuf
    BUFGCE_X0Y32         BUFGCE (Prop_BUFCE_BUFGCE_I_O)
                                                      0.024     7.245 r  u_clkgen/g_hw.u_bufg_in/O
                         net (fo=485, routed)         1.317     8.562    u_clkgen/clk_in_100
    MMCM_X0Y1            MMCME4_ADV (Prop_MMCM_CLKIN1_CLKOUT0)
                                                      0.644     9.206 r  u_clkgen/g_hw.u_mmcm/CLKOUT0
                         net (fo=1, routed)           0.228     9.434    u_clkgen/g_hw.clk_out0
    BUFGCE_X0Y34         BUFGCE (Prop_BUFCE_BUFGCE_I_O)
                                                      0.024     9.458 r  u_clkgen/g_hw.u_bufg_out/O
    X1Y3 (CLOCK_ROOT)    net (fo=50443, routed)       2.343    11.801    u_tcb/dp_clk
    SLICE_X20Y200        FDCE                                         r  u_tcb/snd_wnd_r_reg[4][1]/C
                         clock pessimism             -0.304    11.497    
                         clock uncertainty           -0.062    11.435    
    SLICE_X20Y200        FDCE (Setup_GFF2_SLICEM_C_CE)
                                                     -0.043    11.392    u_tcb/snd_wnd_r_reg[4][1]
  -------------------------------------------------------------------
                         required time                         11.392    
                         arrival time                         -11.305    
  -------------------------------------------------------------------
                         slack                                  0.086    

Slack (MET) :             0.086ns  (required time - arrival time)
  Source:                 u_tcp_tx/tick_cnt_reg[2]/C
                            (rising edge-triggered cell FDCE clocked by g_hw.clk_out0  {rise@0.000ns fall@3.200ns period=6.400ns})
  Destination:            u_tcb/snd_wnd_r_reg[4][6]/CE
                            (rising edge-triggered cell FDCE clocked by g_hw.clk_out0  {rise@0.000ns fall@3.200ns period=6.400ns})
  Path Group:             g_hw.clk_out0
  Path Type:              Setup (Max at Slow Process Corner)
  Requirement:            6.400ns  (g_hw.clk_out0 rise@6.400ns - g_hw.clk_out0 rise@0.000ns)
  Data Path Delay:        6.075ns  (logic 1.923ns (31.656%)  route 4.152ns (68.344%))
  Logic Levels:           16  (CARRY8=3 LUT2=1 LUT3=2 LUT4=1 LUT5=2 LUT6=7)
  Clock Path Skew:        -0.134ns (DCD - SCD + CPR)
    Destination Clock Delay (DCD):    5.401ns = ( 11.801 - 6.400 ) 
    Source Clock Delay      (SCD):    5.231ns
    Clock Pessimism Removal (CPR):    -0.304ns
  Clock Uncertainty:      0.062ns  ((TSJ^2 + DJ^2)^1/2) / 2 + PE
    Total System Jitter     (TSJ):    0.071ns
    Discrete Jitter          (DJ):    0.101ns
    Phase Error              (PE):    0.000ns
  Clock Net Delay (Source):      2.579ns (routing 1.064ns, distribution 1.515ns)
  Clock Net Delay (Destination): 2.343ns (routing 0.965ns, distribution 1.378ns)

    Location             Delay type                Incr(ns)  Path(ns)    Netlist Resource(s)
  -------------------------------------------------------------------    -------------------
                         (clock g_hw.clk_out0 rise edge)
                                                      0.000     0.000 r  
    T25                                               0.000     0.000 r  sys_clk_p (IN)
                         net (fo=0)                   0.100     0.100    u_clkgen/g_hw.u_ibufds/I
    HPIOBDIFFINBUF_X0Y37 DIFFINBUF (Prop_DIFFINBUF_HPIOBDIFFINBUF_DIFF_IN_P_O)
                                                      0.479     0.579 r  u_clkgen/g_hw.u_ibufds/DIFFINBUF_INST/O
                         net (fo=1, routed)           0.050     0.629    u_clkgen/g_hw.u_ibufds/OUT
    T25                  IBUFCTRL (Prop_IBUFCTRL_HPIOB_M_I_O)
                                                      0.000     0.629 r  u_clkgen/g_hw.u_ibufds/IBUFCTRL_INST/O
                         net (fo=1, routed)           0.343     0.972    u_clkgen/g_hw.clk_in_ibuf
    BUFGCE_X0Y32         BUFGCE (Prop_BUFCE_BUFGCE_I_O)
                                                      0.028     1.000 r  u_clkgen/g_hw.u_bufg_in/O
                         net (fo=485, routed)         1.474     2.474    u_clkgen/clk_in_100
    MMCM_X0Y1            MMCME4_ADV (Prop_MMCM_CLKIN1_CLKOUT0)
                                                     -0.106     2.368 r  u_clkgen/g_hw.u_mmcm/CLKOUT0
                         net (fo=1, routed)           0.256     2.624    u_clkgen/g_hw.clk_out0
    BUFGCE_X0Y34         BUFGCE (Prop_BUFCE_BUFGCE_I_O)
                                                      0.028     2.652 r  u_clkgen/g_hw.u_bufg_out/O
    X1Y3 (CLOCK_ROOT)    net (fo=50443, routed)       2.579     5.231    u_tcp_tx/dp_clk
    SLICE_X45Y166        FDCE                                         r  u_tcp_tx/tick_cnt_reg[2]/C
  -------------------------------------------------------------------    -------------------
    SLICE_X45Y166        FDCE (Prop_CFF2_SLICEL_C_Q)
                                                      0.097     5.328 f  u_tcp_tx/tick_cnt_reg[2]/Q
                         net (fo=5, routed)           0.186     5.513    u_tcp_tx/u_retx/scan_id_reg[3][2]
    SLICE_X45Y166        LUT4 (Prop_F6LUT_SLICEL_I3_O)
                                                      0.148     5.661 r  u_tcp_tx/u_retx/scan_id[3]_i_4__0/O
                         net (fo=3, routed)           0.437     6.098    u_tcp_tx/u_csum/scan_id_reg[3]_3
    SLICE_X36Y172        LUT6 (Prop_G6LUT_SLICEL_I5_O)
                                                      0.038     6.136 f  u_tcp_tx/u_csum/scan_id[3]_i_1__0/O
                         net (fo=422, routed)         0.229     6.365    u_tcp_tx/u_fifo_b/ctrl_doff_reg[3]_0[0]
    SLICE_X38Y174        LUT6 (Prop_C6LUT_SLICEL_I4_O)
                                                      0.148     6.513 r  u_tcp_tx/u_fifo_b/ctrl_doff[3]_i_1/O
                         net (fo=104, routed)         0.282     6.795    u_tcp_tx/u_ackq/ctrl_ack_reg[0]
    SLICE_X36Y175        LUT6 (Prop_E6LUT_SLICEL_I4_O)
                                                      0.100     6.895 r  u_tcp_tx/u_ackq/f_seq[1][31]_i_9/O
                         net (fo=94, routed)          0.577     7.472    u_tcb/cam_rd_id[1]
    SLICE_X25Y181        LUT6 (Prop_C6LUT_SLICEM_I2_O)
                                                      0.098     7.570 r  u_tcb/f_seq[1][11]_i_2/O
                         net (fo=3, routed)           0.200     7.770    u_tcb/f_seq[1][11]_i_2_n_53
    SLICE_X25Y181        LUT6 (Prop_H6LUT_SLICEM_I0_O)
                                                      0.182     7.952 r  u_tcb/f_seq[1][11]_i_1/O
                         net (fo=20, routed)          0.238     8.190    u_tcb/D[11]
    SLICE_X26Y177        LUT2 (Prop_D6LUT_SLICEL_I0_O)
                                                      0.063     8.253 r  u_tcb/mem_reg_0_31_28_38_i_60/O
                         net (fo=1, routed)           0.010     8.263    u_tcb/mem_reg_0_31_28_38_i_60_n_53
    SLICE_X26Y177        CARRY8 (Prop_CARRY8_SLICEL_S[3]_CO[7])
                                                      0.195     8.458 r  u_tcb/mem_reg_0_31_28_38_i_46/CO[7]
                         net (fo=1, routed)           0.028     8.486    u_tcb/mem_reg_0_31_28_38_i_46_n_53
    SLICE_X26Y178        CARRY8 (Prop_CARRY8_SLICEL_CI_CO[7])
                                                      0.023     8.509 r  u_tcb/mem_reg_0_31_28_38_i_29/CO[7]
                         net (fo=1, routed)           0.028     8.537    u_tcb/mem_reg_0_31_28_38_i_29_n_53
    SLICE_X26Y179        CARRY8 (Prop_CARRY8_SLICEL_CI_O[7])
                                                      0.146     8.683 r  u_tcb/mem_reg_0_31_28_38_i_19/O[7]
                         net (fo=2, routed)           0.250     8.933    u_tcb/u_tcp_tx/ring_ovf12_out[31]
    SLICE_X25Y182        LUT3 (Prop_F6LUT_SLICEM_I2_O)
                                                      0.038     8.971 f  u_tcb/fc_rr[3]_i_7/O
                         net (fo=1, routed)           0.160     9.131    u_tcp_tx/fc_rr[3]_i_4
    SLICE_X25Y185        LUT6 (Prop_G6LUT_SLICEM_I0_O)
                                                      0.116     9.247 r  u_tcp_tx/fc_rr[3]_i_6/O
                         net (fo=37, routed)          0.228     9.475    u_tcp_tx/u_ackq/wscale_r_reg[14][0]_2
    SLICE_X23Y186        LUT5 (Prop_E5LUT_SLICEL_I3_O)
                                                      0.140     9.615 f  u_tcp_tx/u_ackq/rcv_nxt_r[0][31]_i_33/O
                         net (fo=1, routed)           0.210     9.825    u_tcp_tx/u_ackq/rcv_nxt_r[0][31]_i_33_n_53
    SLICE_X22Y187        LUT5 (Prop_B6LUT_SLICEL_I4_O)
                                                      0.177    10.002 f  u_tcp_tx/u_ackq/rcv_nxt_r[0][31]_i_15/O
                         net (fo=1, routed)           0.058    10.060    u_tcp_tx/u_ackq/tx_upd_id[0]
    SLICE_X22Y187        LUT3 (Prop_F6LUT_SLICEL_I0_O)
                                                      0.148    10.208 f  u_tcp_tx/u_ackq/rcv_nxt_r[0][31]_i_4/O
                         net (fo=114, routed)         0.571    10.779    u_tcp_tx/u_ackq/tcb_id[0]
    SLICE_X25Y193        LUT6 (Prop_H6LUT_SLICEM_I2_O)
                                                      0.066    10.845 r  u_tcp_tx/u_ackq/snd_wnd_r[4][15]_i_1/O
                         net (fo=16, routed)          0.460    11.305    u_tcb/snd_wnd_r_reg[4][15]_0[0]
    SLICE_X20Y200        FDCE                                         r  u_tcb/snd_wnd_r_reg[4][6]/CE
  -------------------------------------------------------------------    -------------------

                         (clock g_hw.clk_out0 rise edge)
                                                      6.400     6.400 r  
    T25                                               0.000     6.400 r  sys_clk_p (IN)
                         net (fo=0)                   0.079     6.479    u_clkgen/g_hw.u_ibufds/I
    HPIOBDIFFINBUF_X0Y37 DIFFINBUF (Prop_DIFFINBUF_HPIOBDIFFINBUF_DIFF_IN_P_O)
                                                      0.398     6.877 r  u_clkgen/g_hw.u_ibufds/DIFFINBUF_INST/O
                         net (fo=1, routed)           0.040     6.917    u_clkgen/g_hw.u_ibufds/OUT
    T25                  IBUFCTRL (Prop_IBUFCTRL_HPIOB_M_I_O)
                                                      0.000     6.917 r  u_clkgen/g_hw.u_ibufds/IBUFCTRL_INST/O
                         net (fo=1, routed)           0.304     7.221    u_clkgen/g_hw.clk_in_ibuf
    BUFGCE_X0Y32         BUFGCE (Prop_BUFCE_BUFGCE_I_O)
                                                      0.024     7.245 r  u_clkgen/g_hw.u_bufg_in/O
                         net (fo=485, routed)         1.317     8.562    u_clkgen/clk_in_100
    MMCM_X0Y1            MMCME4_ADV (Prop_MMCM_CLKIN1_CLKOUT0)
                                                      0.644     9.206 r  u_clkgen/g_hw.u_mmcm/CLKOUT0
                         net (fo=1, routed)           0.228     9.434    u_clkgen/g_hw.clk_out0
    BUFGCE_X0Y34         BUFGCE (Prop_BUFCE_BUFGCE_I_O)
                                                      0.024     9.458 r  u_clkgen/g_hw.u_bufg_out/O
    X1Y3 (CLOCK_ROOT)    net (fo=50443, routed)       2.343    11.801    u_tcb/dp_clk
    SLICE_X20Y200        FDCE                                         r  u_tcb/snd_wnd_r_reg[4][6]/C
                         clock pessimism             -0.304    11.497    
                         clock uncertainty           -0.062    11.435    
    SLICE_X20Y200        FDCE (Setup_FFF2_SLICEM_C_CE)
                                                     -0.043    11.392    u_tcb/snd_wnd_r_reg[4][6]
  -------------------------------------------------------------------
                         required time                         11.392    
                         arrival time                         -11.305    
  -------------------------------------------------------------------
                         slack                                  0.086    

Slack (MET) :             0.121ns  (required time - arrival time)
  Source:                 u_tcp_tx/u_retx/g_byte[1].mem_o_reg_7_bram_8/CLKBWRCLK
                            (rising edge-triggered cell RAMB36E2 clocked by g_hw.clk_out0  {rise@0.000ns fall@3.200ns period=6.400ns})
  Destination:            u_tcp_tx/ring_d_r_reg[60]/D
                            (rising edge-triggered cell FDCE clocked by g_hw.clk_out0  {rise@0.000ns fall@3.200ns period=6.400ns})
  Path Group:             g_hw.clk_out0
  Path Type:              Setup (Max at Slow Process Corner)
  Requirement:            6.400ns  (g_hw.clk_out0 rise@6.400ns - g_hw.clk_out0 rise@0.000ns)
  Data Path Delay:        5.631ns  (logic 2.910ns (51.675%)  route 2.721ns (48.325%))
  Logic Levels:           10  (LUT4=1 LUT6=2 RAMB36E2=7)
  Clock Path Skew:        -0.613ns (DCD - SCD + CPR)
    Destination Clock Delay (DCD):    5.333ns = ( 11.733 - 6.400 ) 
    Source Clock Delay      (SCD):    5.641ns
    Clock Pessimism Removal (CPR):    -0.304ns
  Clock Uncertainty:      0.062ns  ((TSJ^2 + DJ^2)^1/2) / 2 + PE
    Total System Jitter     (TSJ):    0.071ns
    Discrete Jitter          (DJ):    0.101ns
    Phase Error              (PE):    0.000ns
  Clock Net Delay (Source):      2.990ns (routing 1.064ns, distribution 1.926ns)
  Clock Net Delay (Destination): 2.275ns (routing 0.965ns, distribution 1.310ns)

    Location             Delay type                Incr(ns)  Path(ns)    Netlist Resource(s)
  -------------------------------------------------------------------    -------------------
                         (clock g_hw.clk_out0 rise edge)
                                                      0.000     0.000 r  
    T25                                               0.000     0.000 r  sys_clk_p (IN)
                         net (fo=0)                   0.100     0.100    u_clkgen/g_hw.u_ibufds/I
    HPIOBDIFFINBUF_X0Y37 DIFFINBUF (Prop_DIFFINBUF_HPIOBDIFFINBUF_DIFF_IN_P_O)
                                                      0.479     0.579 r  u_clkgen/g_hw.u_ibufds/DIFFINBUF_INST/O
                         net (fo=1, routed)           0.050     0.629    u_clkgen/g_hw.u_ibufds/OUT
    T25                  IBUFCTRL (Prop_IBUFCTRL_HPIOB_M_I_O)
                                                      0.000     0.629 r  u_clkgen/g_hw.u_ibufds/IBUFCTRL_INST/O
                         net (fo=1, routed)           0.343     0.972    u_clkgen/g_hw.clk_in_ibuf
    BUFGCE_X0Y32         BUFGCE (Prop_BUFCE_BUFGCE_I_O)
                                                      0.028     1.000 r  u_clkgen/g_hw.u_bufg_in/O
                         net (fo=485, routed)         1.474     2.474    u_clkgen/clk_in_100
    MMCM_X0Y1            MMCME4_ADV (Prop_MMCM_CLKIN1_CLKOUT0)
                                                     -0.106     2.368 r  u_clkgen/g_hw.u_mmcm/CLKOUT0
                         net (fo=1, routed)           0.256     2.624    u_clkgen/g_hw.clk_out0
    BUFGCE_X0Y34         BUFGCE (Prop_BUFCE_BUFGCE_I_O)
                                                      0.028     2.652 r  u_clkgen/g_hw.u_bufg_out/O
    X1Y3 (CLOCK_ROOT)    net (fo=50443, routed)       2.990     5.641    u_tcp_tx/u_retx/dp_clk
    RAMB36_X9Y26         RAMB36E2                                     r  u_tcp_tx/u_retx/g_byte[1].mem_o_reg_7_bram_8/CLKBWRCLK
  -------------------------------------------------------------------    -------------------
    RAMB36_X9Y26         RAMB36E2 (Prop_RAMB36E2_RAMB36_CLKBWRCLK_CASDOUTB[4])
                                                      1.167     6.808 r  u_tcp_tx/u_retx/g_byte[1].mem_o_reg_7_bram_8/CASDOUTB[4]
                         net (fo=1, routed)           0.024     6.832    u_tcp_tx/u_retx/g_byte[1].mem_o_reg_7_bram_8_n_116
    RAMB36_X9Y27         RAMB36E2 (Prop_RAMB36E2_RAMB36_CASDINB[4]_CASDOUTB[4])
                                                      0.220     7.052 r  u_tcp_tx/u_retx/g_byte[1].mem_o_reg_7_bram_9/CASDOUTB[4]
                         net (fo=1, routed)           0.024     7.076    u_tcp_tx/u_retx/g_byte[1].mem_o_reg_7_bram_9_n_116
    RAMB36_X9Y28         RAMB36E2 (Prop_RAMB36E2_RAMB36_CASDINB[4]_CASDOUTB[4])
                                                      0.220     7.296 r  u_tcp_tx/u_retx/g_byte[1].mem_o_reg_7_bram_10/CASDOUTB[4]
                         net (fo=1, routed)           0.024     7.320    u_tcp_tx/u_retx/g_byte[1].mem_o_reg_7_bram_10_n_116
    RAMB36_X9Y29         RAMB36E2 (Prop_RAMB36E2_RAMB36_CASDINB[4]_CASDOUTB[4])
                                                      0.220     7.540 r  u_tcp_tx/u_retx/g_byte[1].mem_o_reg_7_bram_11/CASDOUTB[4]
                         net (fo=1, routed)           0.024     7.564    u_tcp_tx/u_retx/g_byte[1].mem_o_reg_7_bram_11_n_116
    RAMB36_X9Y30         RAMB36E2 (Prop_RAMB36E2_RAMB36_CASDINB[4]_CASDOUTB[4])
                                                      0.220     7.784 r  u_tcp_tx/u_retx/g_byte[1].mem_o_reg_7_bram_12/CASDOUTB[4]
                         net (fo=1, routed)           0.024     7.808    u_tcp_tx/u_retx/g_byte[1].mem_o_reg_7_bram_12_n_116
    RAMB36_X9Y31         RAMB36E2 (Prop_RAMB36E2_RAMB36_CASDINB[4]_CASDOUTB[4])
                                                      0.220     8.028 r  u_tcp_tx/u_retx/g_byte[1].mem_o_reg_7_bram_13/CASDOUTB[4]
                         net (fo=1, routed)           0.024     8.052    u_tcp_tx/u_retx/g_byte[1].mem_o_reg_7_bram_13_n_116
    RAMB36_X9Y32         RAMB36E2 (Prop_RAMB36E2_RAMB36_CASDINB[4]_CASDOUTB[4])
                                                      0.220     8.272 r  u_tcp_tx/u_retx/g_byte[1].mem_o_reg_7_bram_14/CASDOUTB[4]
                         net (fo=1, routed)           0.024     8.296    u_tcp_tx/u_retx/g_byte[1].mem_o_reg_7_bram_14_n_116
    RAMB36_X9Y33         RAMB36E2 (Prop_RAMB36E2_RAMB36_CASDINB[4]_DOUTBDOUT[4])
                                                      0.120     8.416 r  u_tcp_tx/u_retx/g_byte[1].mem_o_reg_7_bram_15/DOUTBDOUT[4]
                         net (fo=1, routed)           1.620    10.036    u_tcp_tx/u_retx/g_byte[1].mem_o_reg_7_bram_15_n_180
    SLICE_X44Y190        LUT4 (Prop_A6LUT_SLICEM_I2_O)
                                                      0.064    10.100 r  u_tcp_tx/u_retx/ring_d_r[60]_i_20/O
                         net (fo=3, routed)           0.076    10.176    u_tcp_tx/u_retx/q_o[60]
    SLICE_X44Y190        LUT6 (Prop_F6LUT_SLICEM_I3_O)
                                                      0.177    10.353 r  u_tcp_tx/u_retx/ring_d_r[60]_i_5/O
                         net (fo=1, routed)           0.370    10.723    u_tcp_tx/u_retx/ring_d_r[60]_i_5_n_53
    SLICE_X42Y191        LUT6 (Prop_C6LUT_SLICEM_I5_O)
                                                      0.062    10.785 r  u_tcp_tx/u_retx/ring_d_r[60]_i_1/O
                         net (fo=2, routed)           0.487    11.273    u_tcp_tx/ring_d[60]
    SLICE_X45Y190        FDCE                                         r  u_tcp_tx/ring_d_r_reg[60]/D
  -------------------------------------------------------------------    -------------------

                         (clock g_hw.clk_out0 rise edge)
                                                      6.400     6.400 r  
    T25                                               0.000     6.400 r  sys_clk_p (IN)
                         net (fo=0)                   0.079     6.479    u_clkgen/g_hw.u_ibufds/I
    HPIOBDIFFINBUF_X0Y37 DIFFINBUF (Prop_DIFFINBUF_HPIOBDIFFINBUF_DIFF_IN_P_O)
                                                      0.398     6.877 r  u_clkgen/g_hw.u_ibufds/DIFFINBUF_INST/O
                         net (fo=1, routed)           0.040     6.917    u_clkgen/g_hw.u_ibufds/OUT
    T25                  IBUFCTRL (Prop_IBUFCTRL_HPIOB_M_I_O)
                                                      0.000     6.917 r  u_clkgen/g_hw.u_ibufds/IBUFCTRL_INST/O
                         net (fo=1, routed)           0.304     7.221    u_clkgen/g_hw.clk_in_ibuf
    BUFGCE_X0Y32         BUFGCE (Prop_BUFCE_BUFGCE_I_O)
                                                      0.024     7.245 r  u_clkgen/g_hw.u_bufg_in/O
                         net (fo=485, routed)         1.317     8.562    u_clkgen/clk_in_100
    MMCM_X0Y1            MMCME4_ADV (Prop_MMCM_CLKIN1_CLKOUT0)
                                                      0.644     9.206 r  u_clkgen/g_hw.u_mmcm/CLKOUT0
                         net (fo=1, routed)           0.228     9.434    u_clkgen/g_hw.clk_out0
    BUFGCE_X0Y34         BUFGCE (Prop_BUFCE_BUFGCE_I_O)
                                                      0.024     9.458 r  u_clkgen/g_hw.u_bufg_out/O
    X1Y3 (CLOCK_ROOT)    net (fo=50443, routed)       2.275    11.733    u_tcp_tx/dp_clk
    SLICE_X45Y190        FDCE                                         r  u_tcp_tx/ring_d_r_reg[60]/C
                         clock pessimism             -0.304    11.429    
                         clock uncertainty           -0.062    11.367    
    SLICE_X45Y190        FDCE (Setup_HFF_SLICEL_C_D)
                                                      0.027    11.394    u_tcp_tx/ring_d_r_reg[60]
  -------------------------------------------------------------------
                         required time                         11.394    
                         arrival time                         -11.273    
  -------------------------------------------------------------------
                         slack                                  0.121    

Slack (MET) :             0.127ns  (required time - arrival time)
  Source:                 u_tcp_tx/tick_cnt_reg[2]/C
                            (rising edge-triggered cell FDCE clocked by g_hw.clk_out0  {rise@0.000ns fall@3.200ns period=6.400ns})
  Destination:            u_tcb/snd_wnd_r_reg[11][8]/CE
                            (rising edge-triggered cell FDCE clocked by g_hw.clk_out0  {rise@0.000ns fall@3.200ns period=6.400ns})
  Path Group:             g_hw.clk_out0
  Path Type:              Setup (Max at Slow Process Corner)
  Requirement:            6.400ns  (g_hw.clk_out0 rise@6.400ns - g_hw.clk_out0 rise@0.000ns)
  Data Path Delay:        6.009ns  (logic 1.770ns (29.458%)  route 4.239ns (70.542%))
  Logic Levels:           16  (CARRY8=3 LUT2=1 LUT3=2 LUT4=1 LUT5=2 LUT6=7)
  Clock Path Skew:        -0.158ns (DCD - SCD + CPR)
    Destination Clock Delay (DCD):    5.377ns = ( 11.777 - 6.400 ) 
    Source Clock Delay      (SCD):    5.231ns
    Clock Pessimism Removal (CPR):    -0.304ns
  Clock Uncertainty:      0.062ns  ((TSJ^2 + DJ^2)^1/2) / 2 + PE
    Total System Jitter     (TSJ):    0.071ns
    Discrete Jitter          (DJ):    0.101ns
    Phase Error              (PE):    0.000ns
  Clock Net Delay (Source):      2.579ns (routing 1.064ns, distribution 1.515ns)
  Clock Net Delay (Destination): 2.319ns (routing 0.965ns, distribution 1.354ns)

    Location             Delay type                Incr(ns)  Path(ns)    Netlist Resource(s)
  -------------------------------------------------------------------    -------------------
                         (clock g_hw.clk_out0 rise edge)
                                                      0.000     0.000 r  
    T25                                               0.000     0.000 r  sys_clk_p (IN)
                         net (fo=0)                   0.100     0.100    u_clkgen/g_hw.u_ibufds/I
    HPIOBDIFFINBUF_X0Y37 DIFFINBUF (Prop_DIFFINBUF_HPIOBDIFFINBUF_DIFF_IN_P_O)
                                                      0.479     0.579 r  u_clkgen/g_hw.u_ibufds/DIFFINBUF_INST/O
                         net (fo=1, routed)           0.050     0.629    u_clkgen/g_hw.u_ibufds/OUT
    T25                  IBUFCTRL (Prop_IBUFCTRL_HPIOB_M_I_O)
                                                      0.000     0.629 r  u_clkgen/g_hw.u_ibufds/IBUFCTRL_INST/O
                         net (fo=1, routed)           0.343     0.972    u_clkgen/g_hw.clk_in_ibuf
    BUFGCE_X0Y32         BUFGCE (Prop_BUFCE_BUFGCE_I_O)
                                                      0.028     1.000 r  u_clkgen/g_hw.u_bufg_in/O
                         net (fo=485, routed)         1.474     2.474    u_clkgen/clk_in_100
    MMCM_X0Y1            MMCME4_ADV (Prop_MMCM_CLKIN1_CLKOUT0)
                                                     -0.106     2.368 r  u_clkgen/g_hw.u_mmcm/CLKOUT0
                         net (fo=1, routed)           0.256     2.624    u_clkgen/g_hw.clk_out0
    BUFGCE_X0Y34         BUFGCE (Prop_BUFCE_BUFGCE_I_O)
                                                      0.028     2.652 r  u_clkgen/g_hw.u_bufg_out/O
    X1Y3 (CLOCK_ROOT)    net (fo=50443, routed)       2.579     5.231    u_tcp_tx/dp_clk
    SLICE_X45Y166        FDCE                                         r  u_tcp_tx/tick_cnt_reg[2]/C
  -------------------------------------------------------------------    -------------------
    SLICE_X45Y166        FDCE (Prop_CFF2_SLICEL_C_Q)
                                                      0.097     5.328 f  u_tcp_tx/tick_cnt_reg[2]/Q
                         net (fo=5, routed)           0.186     5.513    u_tcp_tx/u_retx/scan_id_reg[3][2]
    SLICE_X45Y166        LUT4 (Prop_F6LUT_SLICEL_I3_O)
                                                      0.148     5.661 r  u_tcp_tx/u_retx/scan_id[3]_i_4__0/O
                         net (fo=3, routed)           0.437     6.098    u_tcp_tx/u_csum/scan_id_reg[3]_3
    SLICE_X36Y172        LUT6 (Prop_G6LUT_SLICEL_I5_O)
                                                      0.038     6.136 f  u_tcp_tx/u_csum/scan_id[3]_i_1__0/O
                         net (fo=422, routed)         0.229     6.365    u_tcp_tx/u_fifo_b/ctrl_doff_reg[3]_0[0]
    SLICE_X38Y174        LUT6 (Prop_C6LUT_SLICEL_I4_O)
                                                      0.148     6.513 r  u_tcp_tx/u_fifo_b/ctrl_doff[3]_i_1/O
                         net (fo=104, routed)         0.282     6.795    u_tcp_tx/u_ackq/ctrl_ack_reg[0]
    SLICE_X36Y175        LUT6 (Prop_E6LUT_SLICEL_I4_O)
                                                      0.100     6.895 r  u_tcp_tx/u_ackq/f_seq[1][31]_i_9/O
                         net (fo=94, routed)          0.577     7.472    u_tcb/cam_rd_id[1]
    SLICE_X25Y181        LUT6 (Prop_C6LUT_SLICEM_I2_O)
                                                      0.098     7.570 r  u_tcb/f_seq[1][11]_i_2/O
                         net (fo=3, routed)           0.200     7.770    u_tcb/f_seq[1][11]_i_2_n_53
    SLICE_X25Y181        LUT6 (Prop_H6LUT_SLICEM_I0_O)
                                                      0.182     7.952 r  u_tcb/f_seq[1][11]_i_1/O
                         net (fo=20, routed)          0.238     8.190    u_tcb/D[11]
    SLICE_X26Y177        LUT2 (Prop_D6LUT_SLICEL_I0_O)
                                                      0.063     8.253 r  u_tcb/mem_reg_0_31_28_38_i_60/O
                         net (fo=1, routed)           0.010     8.263    u_tcb/mem_reg_0_31_28_38_i_60_n_53
    SLICE_X26Y177        CARRY8 (Prop_CARRY8_SLICEL_S[3]_CO[7])
                                                      0.195     8.458 r  u_tcb/mem_reg_0_31_28_38_i_46/CO[7]
                         net (fo=1, routed)           0.028     8.486    u_tcb/mem_reg_0_31_28_38_i_46_n_53
    SLICE_X26Y178        CARRY8 (Prop_CARRY8_SLICEL_CI_CO[7])
                                                      0.023     8.509 r  u_tcb/mem_reg_0_31_28_38_i_29/CO[7]
                         net (fo=1, routed)           0.028     8.537    u_tcb/mem_reg_0_31_28_38_i_29_n_53
    SLICE_X26Y179        CARRY8 (Prop_CARRY8_SLICEL_CI_O[7])
                                                      0.146     8.683 r  u_tcb/mem_reg_0_31_28_38_i_19/O[7]
                         net (fo=2, routed)           0.250     8.933    u_tcb/u_tcp_tx/ring_ovf12_out[31]
    SLICE_X25Y182        LUT3 (Prop_F6LUT_SLICEM_I2_O)
                                                      0.038     8.971 f  u_tcb/fc_rr[3]_i_7/O
                         net (fo=1, routed)           0.160     9.131    u_tcp_tx/fc_rr[3]_i_4
    SLICE_X25Y185        LUT6 (Prop_G6LUT_SLICEM_I0_O)
                                                      0.116     9.247 r  u_tcp_tx/fc_rr[3]_i_6/O
                         net (fo=37, routed)          0.165     9.412    u_tcp_tx/u_ackq/wscale_r_reg[14][0]_2
    SLICE_X23Y185        LUT5 (Prop_A6LUT_SLICEL_I3_O)
                                                      0.178     9.590 r  u_tcp_tx/u_ackq/rcv_nxt_r[0][31]_i_32/O
                         net (fo=1, routed)           0.165     9.755    u_tcp_tx/u_ackq/rcv_nxt_r[0][31]_i_32_n_53
    SLICE_X22Y187        LUT5 (Prop_A6LUT_SLICEL_I4_O)
                                                      0.039     9.794 r  u_tcp_tx/u_ackq/rcv_nxt_r[0][31]_i_13/O
                         net (fo=1, routed)           0.257    10.051    u_tcp_tx/u_ackq/tx_upd_id[1]
    SLICE_X22Y187        LUT3 (Prop_G6LUT_SLICEL_I0_O)
                                                      0.063    10.114 r  u_tcp_tx/u_ackq/rcv_nxt_r[0][31]_i_3/O
                         net (fo=114, routed)         0.510    10.624    u_tcp_tx/u_ackq/tcb_id[1]
    SLICE_X25Y197        LUT6 (Prop_D6LUT_SLICEM_I3_O)
                                                      0.098    10.722 r  u_tcp_tx/u_ackq/snd_wnd_r[11][15]_i_1/O
                         net (fo=16, routed)          0.518    11.239    u_tcb/snd_wnd_r_reg[11][15]_0[0]
    SLICE_X28Y190        FDCE                                         r  u_tcb/snd_wnd_r_reg[11][8]/CE
  -------------------------------------------------------------------    -------------------

                         (clock g_hw.clk_out0 rise edge)
                                                      6.400     6.400 r  
    T25                                               0.000     6.400 r  sys_clk_p (IN)
                         net (fo=0)                   0.079     6.479    u_clkgen/g_hw.u_ibufds/I
    HPIOBDIFFINBUF_X0Y37 DIFFINBUF (Prop_DIFFINBUF_HPIOBDIFFINBUF_DIFF_IN_P_O)
                                                      0.398     6.877 r  u_clkgen/g_hw.u_ibufds/DIFFINBUF_INST/O
                         net (fo=1, routed)           0.040     6.917    u_clkgen/g_hw.u_ibufds/OUT
    T25                  IBUFCTRL (Prop_IBUFCTRL_HPIOB_M_I_O)
                                                      0.000     6.917 r  u_clkgen/g_hw.u_ibufds/IBUFCTRL_INST/O
                         net (fo=1, routed)           0.304     7.221    u_clkgen/g_hw.clk_in_ibuf
    BUFGCE_X0Y32         BUFGCE (Prop_BUFCE_BUFGCE_I_O)
                                                      0.024     7.245 r  u_clkgen/g_hw.u_bufg_in/O
                         net (fo=485, routed)         1.317     8.562    u_clkgen/clk_in_100
    MMCM_X0Y1            MMCME4_ADV (Prop_MMCM_CLKIN1_CLKOUT0)
                                                      0.644     9.206 r  u_clkgen/g_hw.u_mmcm/CLKOUT0
                         net (fo=1, routed)           0.228     9.434    u_clkgen/g_hw.clk_out0
    BUFGCE_X0Y34         BUFGCE (Prop_BUFCE_BUFGCE_I_O)
                                                      0.024     9.458 r  u_clkgen/g_hw.u_bufg_out/O
    X1Y3 (CLOCK_ROOT)    net (fo=50443, routed)       2.319    11.777    u_tcb/dp_clk
    SLICE_X28Y190        FDCE                                         r  u_tcb/snd_wnd_r_reg[11][8]/C
                         clock pessimism             -0.304    11.473    
                         clock uncertainty           -0.062    11.411    
    SLICE_X28Y190        FDCE (Setup_EFF_SLICEM_C_CE)
                                                     -0.044    11.367    u_tcb/snd_wnd_r_reg[11][8]
  -------------------------------------------------------------------
                         required time                         11.367    
                         arrival time                         -11.239    
  -------------------------------------------------------------------
                         slack                                  0.127    

Slack (MET) :             0.129ns  (required time - arrival time)
  Source:                 u_tcp_tx/tick_cnt_reg[2]/C
                            (rising edge-triggered cell FDCE clocked by g_hw.clk_out0  {rise@0.000ns fall@3.200ns period=6.400ns})
  Destination:            u_tcb/rcv_nxt_r_reg[5][20]/CE
                            (rising edge-triggered cell FDCE clocked by g_hw.clk_out0  {rise@0.000ns fall@3.200ns period=6.400ns})
  Path Group:             g_hw.clk_out0
  Path Type:              Setup (Max at Slow Process Corner)
  Requirement:            6.400ns  (g_hw.clk_out0 rise@6.400ns - g_hw.clk_out0 rise@0.000ns)
  Data Path Delay:        6.036ns  (logic 2.004ns (33.198%)  route 4.032ns (66.802%))
  Logic Levels:           16  (CARRY8=3 LUT2=1 LUT3=2 LUT4=1 LUT5=2 LUT6=7)
  Clock Path Skew:        -0.131ns (DCD - SCD + CPR)
    Destination Clock Delay (DCD):    5.404ns = ( 11.804 - 6.400 ) 
    Source Clock Delay      (SCD):    5.231ns
    Clock Pessimism Removal (CPR):    -0.304ns
  Clock Uncertainty:      0.062ns  ((TSJ^2 + DJ^2)^1/2) / 2 + PE
    Total System Jitter     (TSJ):    0.071ns
    Discrete Jitter          (DJ):    0.101ns
    Phase Error              (PE):    0.000ns
  Clock Net Delay (Source):      2.579ns (routing 1.064ns, distribution 1.515ns)
  Clock Net Delay (Destination): 2.346ns (routing 0.965ns, distribution 1.381ns)

    Location             Delay type                Incr(ns)  Path(ns)    Netlist Resource(s)
  -------------------------------------------------------------------    -------------------
                         (clock g_hw.clk_out0 rise edge)
                                                      0.000     0.000 r  
    T25                                               0.000     0.000 r  sys_clk_p (IN)
                         net (fo=0)                   0.100     0.100    u_clkgen/g_hw.u_ibufds/I
    HPIOBDIFFINBUF_X0Y37 DIFFINBUF (Prop_DIFFINBUF_HPIOBDIFFINBUF_DIFF_IN_P_O)
                                                      0.479     0.579 r  u_clkgen/g_hw.u_ibufds/DIFFINBUF_INST/O
                         net (fo=1, routed)           0.050     0.629    u_clkgen/g_hw.u_ibufds/OUT
    T25                  IBUFCTRL (Prop_IBUFCTRL_HPIOB_M_I_O)
                                                      0.000     0.629 r  u_clkgen/g_hw.u_ibufds/IBUFCTRL_INST/O
                         net (fo=1, routed)           0.343     0.972    u_clkgen/g_hw.clk_in_ibuf
    BUFGCE_X0Y32         BUFGCE (Prop_BUFCE_BUFGCE_I_O)
                                                      0.028     1.000 r  u_clkgen/g_hw.u_bufg_in/O
                         net (fo=485, routed)         1.474     2.474    u_clkgen/clk_in_100
    MMCM_X0Y1            MMCME4_ADV (Prop_MMCM_CLKIN1_CLKOUT0)
                                                     -0.106     2.368 r  u_clkgen/g_hw.u_mmcm/CLKOUT0
                         net (fo=1, routed)           0.256     2.624    u_clkgen/g_hw.clk_out0
    BUFGCE_X0Y34         BUFGCE (Prop_BUFCE_BUFGCE_I_O)
                                                      0.028     2.652 r  u_clkgen/g_hw.u_bufg_out/O
    X1Y3 (CLOCK_ROOT)    net (fo=50443, routed)       2.579     5.231    u_tcp_tx/dp_clk
    SLICE_X45Y166        FDCE                                         r  u_tcp_tx/tick_cnt_reg[2]/C
  -------------------------------------------------------------------    -------------------
    SLICE_X45Y166        FDCE (Prop_CFF2_SLICEL_C_Q)
                                                      0.097     5.328 f  u_tcp_tx/tick_cnt_reg[2]/Q
                         net (fo=5, routed)           0.186     5.513    u_tcp_tx/u_retx/scan_id_reg[3][2]
    SLICE_X45Y166        LUT4 (Prop_F6LUT_SLICEL_I3_O)
                                                      0.148     5.661 r  u_tcp_tx/u_retx/scan_id[3]_i_4__0/O
                         net (fo=3, routed)           0.437     6.098    u_tcp_tx/u_csum/scan_id_reg[3]_3
    SLICE_X36Y172        LUT6 (Prop_G6LUT_SLICEL_I5_O)
                                                      0.038     6.136 f  u_tcp_tx/u_csum/scan_id[3]_i_1__0/O
                         net (fo=422, routed)         0.229     6.365    u_tcp_tx/u_fifo_b/ctrl_doff_reg[3]_0[0]
    SLICE_X38Y174        LUT6 (Prop_C6LUT_SLICEL_I4_O)
                                                      0.148     6.513 r  u_tcp_tx/u_fifo_b/ctrl_doff[3]_i_1/O
                         net (fo=104, routed)         0.282     6.795    u_tcp_tx/u_ackq/ctrl_ack_reg[0]
    SLICE_X36Y175        LUT6 (Prop_E6LUT_SLICEL_I4_O)
                                                      0.100     6.895 r  u_tcp_tx/u_ackq/f_seq[1][31]_i_9/O
                         net (fo=94, routed)          0.577     7.472    u_tcb/cam_rd_id[1]
    SLICE_X25Y181        LUT6 (Prop_C6LUT_SLICEM_I2_O)
                                                      0.098     7.570 r  u_tcb/f_seq[1][11]_i_2/O
                         net (fo=3, routed)           0.200     7.770    u_tcb/f_seq[1][11]_i_2_n_53
    SLICE_X25Y181        LUT6 (Prop_H6LUT_SLICEM_I0_O)
                                                      0.182     7.952 r  u_tcb/f_seq[1][11]_i_1/O
                         net (fo=20, routed)          0.238     8.190    u_tcb/D[11]
    SLICE_X26Y177        LUT2 (Prop_D6LUT_SLICEL_I0_O)
                                                      0.063     8.253 r  u_tcb/mem_reg_0_31_28_38_i_60/O
                         net (fo=1, routed)           0.010     8.263    u_tcb/mem_reg_0_31_28_38_i_60_n_53
    SLICE_X26Y177        CARRY8 (Prop_CARRY8_SLICEL_S[3]_CO[7])
                                                      0.195     8.458 r  u_tcb/mem_reg_0_31_28_38_i_46/CO[7]
                         net (fo=1, routed)           0.028     8.486    u_tcb/mem_reg_0_31_28_38_i_46_n_53
    SLICE_X26Y178        CARRY8 (Prop_CARRY8_SLICEL_CI_CO[7])
                                                      0.023     8.509 r  u_tcb/mem_reg_0_31_28_38_i_29/CO[7]
                         net (fo=1, routed)           0.028     8.537    u_tcb/mem_reg_0_31_28_38_i_29_n_53
    SLICE_X26Y179        CARRY8 (Prop_CARRY8_SLICEL_CI_O[7])
                                                      0.146     8.683 r  u_tcb/mem_reg_0_31_28_38_i_19/O[7]
                         net (fo=2, routed)           0.250     8.933    u_tcb/u_tcp_tx/ring_ovf12_out[31]
    SLICE_X25Y182        LUT3 (Prop_F6LUT_SLICEM_I2_O)
                                                      0.038     8.971 f  u_tcb/fc_rr[3]_i_7/O
                         net (fo=1, routed)           0.160     9.131    u_tcp_tx/fc_rr[3]_i_4
    SLICE_X25Y185        LUT6 (Prop_G6LUT_SLICEM_I0_O)
                                                      0.116     9.247 r  u_tcp_tx/fc_rr[3]_i_6/O
                         net (fo=37, routed)          0.228     9.475    u_tcp_tx/u_ackq/wscale_r_reg[14][0]_2
    SLICE_X23Y186        LUT5 (Prop_E5LUT_SLICEL_I3_O)
                                                      0.140     9.615 r  u_tcp_tx/u_ackq/rcv_nxt_r[0][31]_i_33/O
                         net (fo=1, routed)           0.210     9.825    u_tcp_tx/u_ackq/rcv_nxt_r[0][31]_i_33_n_53
    SLICE_X22Y187        LUT5 (Prop_B6LUT_SLICEL_I4_O)
                                                      0.177    10.002 r  u_tcp_tx/u_ackq/rcv_nxt_r[0][31]_i_15/O
                         net (fo=1, routed)           0.058    10.060    u_tcp_tx/u_ackq/tx_upd_id[0]
    SLICE_X22Y187        LUT3 (Prop_F6LUT_SLICEL_I0_O)
                                                      0.148    10.208 r  u_tcp_tx/u_ackq/rcv_nxt_r[0][31]_i_4/O
                         net (fo=114, routed)         0.332    10.540    u_tcp_tx/u_ackq/tcb_id[0]
    SLICE_X23Y193        LUT6 (Prop_D6LUT_SLICEL_I1_O)
                                                      0.147    10.687 r  u_tcp_tx/u_ackq/rcv_nxt_r[5][31]_i_1/O
                         net (fo=32, routed)          0.580    11.267    u_tcb/rcv_nxt_r_reg[5][31]_0[0]
    SLICE_X21Y200        FDCE                                         r  u_tcb/rcv_nxt_r_reg[5][20]/CE
  -------------------------------------------------------------------    -------------------

                         (clock g_hw.clk_out0 rise edge)
                                                      6.400     6.400 r  
    T25                                               0.000     6.400 r  sys_clk_p (IN)
                         net (fo=0)                   0.079     6.479    u_clkgen/g_hw.u_ibufds/I
    HPIOBDIFFINBUF_X0Y37 DIFFINBUF (Prop_DIFFINBUF_HPIOBDIFFINBUF_DIFF_IN_P_O)
                                                      0.398     6.877 r  u_clkgen/g_hw.u_ibufds/DIFFINBUF_INST/O
                         net (fo=1, routed)           0.040     6.917    u_clkgen/g_hw.u_ibufds/OUT
    T25                  IBUFCTRL (Prop_IBUFCTRL_HPIOB_M_I_O)
                                                      0.000     6.917 r  u_clkgen/g_hw.u_ibufds/IBUFCTRL_INST/O
                         net (fo=1, routed)           0.304     7.221    u_clkgen/g_hw.clk_in_ibuf
    BUFGCE_X0Y32         BUFGCE (Prop_BUFCE_BUFGCE_I_O)
                                                      0.024     7.245 r  u_clkgen/g_hw.u_bufg_in/O
                         net (fo=485, routed)         1.317     8.562    u_clkgen/clk_in_100
    MMCM_X0Y1            MMCME4_ADV (Prop_MMCM_CLKIN1_CLKOUT0)
                                                      0.644     9.206 r  u_clkgen/g_hw.u_mmcm/CLKOUT0
                         net (fo=1, routed)           0.228     9.434    u_clkgen/g_hw.clk_out0
    BUFGCE_X0Y34         BUFGCE (Prop_BUFCE_BUFGCE_I_O)
                                                      0.024     9.458 r  u_clkgen/g_hw.u_bufg_out/O
    X1Y3 (CLOCK_ROOT)    net (fo=50443, routed)       2.346    11.804    u_tcb/dp_clk
    SLICE_X21Y200        FDCE                                         r  u_tcb/rcv_nxt_r_reg[5][20]/C
                         clock pessimism             -0.304    11.500    
                         clock uncertainty           -0.062    11.438    
    SLICE_X21Y200        FDCE (Setup_DFF2_SLICEM_C_CE)
                                                     -0.042    11.396    u_tcb/rcv_nxt_r_reg[5][20]
  -------------------------------------------------------------------
                         required time                         11.396    
                         arrival time                         -11.267    
  -------------------------------------------------------------------
                         slack                                  0.129    

Slack (MET) :             0.129ns  (required time - arrival time)
  Source:                 u_tcp_tx/tick_cnt_reg[2]/C
                            (rising edge-triggered cell FDCE clocked by g_hw.clk_out0  {rise@0.000ns fall@3.200ns period=6.400ns})
  Destination:            u_tcb/rcv_nxt_r_reg[5][24]/CE
                            (rising edge-triggered cell FDCE clocked by g_hw.clk_out0  {rise@0.000ns fall@3.200ns period=6.400ns})
  Path Group:             g_hw.clk_out0
  Path Type:              Setup (Max at Slow Process Corner)
  Requirement:            6.400ns  (g_hw.clk_out0 rise@6.400ns - g_hw.clk_out0 rise@0.000ns)
  Data Path Delay:        6.036ns  (logic 2.004ns (33.198%)  route 4.032ns (66.802%))
  Logic Levels:           16  (CARRY8=3 LUT2=1 LUT3=2 LUT4=1 LUT5=2 LUT6=7)
  Clock Path Skew:        -0.131ns (DCD - SCD + CPR)
    Destination Clock Delay (DCD):    5.404ns = ( 11.804 - 6.400 ) 
    Source Clock Delay      (SCD):    5.231ns
    Clock Pessimism Removal (CPR):    -0.304ns
  Clock Uncertainty:      0.062ns  ((TSJ^2 + DJ^2)^1/2) / 2 + PE
    Total System Jitter     (TSJ):    0.071ns
    Discrete Jitter          (DJ):    0.101ns
    Phase Error              (PE):    0.000ns
  Clock Net Delay (Source):      2.579ns (routing 1.064ns, distribution 1.515ns)
  Clock Net Delay (Destination): 2.346ns (routing 0.965ns, distribution 1.381ns)

    Location             Delay type                Incr(ns)  Path(ns)    Netlist Resource(s)
  -------------------------------------------------------------------    -------------------
                         (clock g_hw.clk_out0 rise edge)
                                                      0.000     0.000 r  
    T25                                               0.000     0.000 r  sys_clk_p (IN)
                         net (fo=0)                   0.100     0.100    u_clkgen/g_hw.u_ibufds/I
    HPIOBDIFFINBUF_X0Y37 DIFFINBUF (Prop_DIFFINBUF_HPIOBDIFFINBUF_DIFF_IN_P_O)
                                                      0.479     0.579 r  u_clkgen/g_hw.u_ibufds/DIFFINBUF_INST/O
                         net (fo=1, routed)           0.050     0.629    u_clkgen/g_hw.u_ibufds/OUT
    T25                  IBUFCTRL (Prop_IBUFCTRL_HPIOB_M_I_O)
                                                      0.000     0.629 r  u_clkgen/g_hw.u_ibufds/IBUFCTRL_INST/O
                         net (fo=1, routed)           0.343     0.972    u_clkgen/g_hw.clk_in_ibuf
    BUFGCE_X0Y32         BUFGCE (Prop_BUFCE_BUFGCE_I_O)
                                                      0.028     1.000 r  u_clkgen/g_hw.u_bufg_in/O
                         net (fo=485, routed)         1.474     2.474    u_clkgen/clk_in_100
    MMCM_X0Y1            MMCME4_ADV (Prop_MMCM_CLKIN1_CLKOUT0)
                                                     -0.106     2.368 r  u_clkgen/g_hw.u_mmcm/CLKOUT0
                         net (fo=1, routed)           0.256     2.624    u_clkgen/g_hw.clk_out0
    BUFGCE_X0Y34         BUFGCE (Prop_BUFCE_BUFGCE_I_O)
                                                      0.028     2.652 r  u_clkgen/g_hw.u_bufg_out/O
    X1Y3 (CLOCK_ROOT)    net (fo=50443, routed)       2.579     5.231    u_tcp_tx/dp_clk
    SLICE_X45Y166        FDCE                                         r  u_tcp_tx/tick_cnt_reg[2]/C
  -------------------------------------------------------------------    -------------------
    SLICE_X45Y166        FDCE (Prop_CFF2_SLICEL_C_Q)
                                                      0.097     5.328 f  u_tcp_tx/tick_cnt_reg[2]/Q
                         net (fo=5, routed)           0.186     5.513    u_tcp_tx/u_retx/scan_id_reg[3][2]
    SLICE_X45Y166        LUT4 (Prop_F6LUT_SLICEL_I3_O)
                                                      0.148     5.661 r  u_tcp_tx/u_retx/scan_id[3]_i_4__0/O
                         net (fo=3, routed)           0.437     6.098    u_tcp_tx/u_csum/scan_id_reg[3]_3
    SLICE_X36Y172        LUT6 (Prop_G6LUT_SLICEL_I5_O)
                                                      0.038     6.136 f  u_tcp_tx/u_csum/scan_id[3]_i_1__0/O
                         net (fo=422, routed)         0.229     6.365    u_tcp_tx/u_fifo_b/ctrl_doff_reg[3]_0[0]
    SLICE_X38Y174        LUT6 (Prop_C6LUT_SLICEL_I4_O)
                                                      0.148     6.513 r  u_tcp_tx/u_fifo_b/ctrl_doff[3]_i_1/O
                         net (fo=104, routed)         0.282     6.795    u_tcp_tx/u_ackq/ctrl_ack_reg[0]
    SLICE_X36Y175        LUT6 (Prop_E6LUT_SLICEL_I4_O)
                                                      0.100     6.895 r  u_tcp_tx/u_ackq/f_seq[1][31]_i_9/O
                         net (fo=94, routed)          0.577     7.472    u_tcb/cam_rd_id[1]
    SLICE_X25Y181        LUT6 (Prop_C6LUT_SLICEM_I2_O)
                                                      0.098     7.570 r  u_tcb/f_seq[1][11]_i_2/O
                         net (fo=3, routed)           0.200     7.770    u_tcb/f_seq[1][11]_i_2_n_53
    SLICE_X25Y181        LUT6 (Prop_H6LUT_SLICEM_I0_O)
                                                      0.182     7.952 r  u_tcb/f_seq[1][11]_i_1/O
                         net (fo=20, routed)          0.238     8.190    u_tcb/D[11]
    SLICE_X26Y177        LUT2 (Prop_D6LUT_SLICEL_I0_O)
                                                      0.063     8.253 r  u_tcb/mem_reg_0_31_28_38_i_60/O
                         net (fo=1, routed)           0.010     8.263    u_tcb/mem_reg_0_31_28_38_i_60_n_53
    SLICE_X26Y177        CARRY8 (Prop_CARRY8_SLICEL_S[3]_CO[7])
                                                      0.195     8.458 r  u_tcb/mem_reg_0_31_28_38_i_46/CO[7]
                         net (fo=1, routed)           0.028     8.486    u_tcb/mem_reg_0_31_28_38_i_46_n_53
    SLICE_X26Y178        CARRY8 (Prop_CARRY8_SLICEL_CI_CO[7])
                                                      0.023     8.509 r  u_tcb/mem_reg_0_31_28_38_i_29/CO[7]
                         net (fo=1, routed)           0.028     8.537    u_tcb/mem_reg_0_31_28_38_i_29_n_53
    SLICE_X26Y179        CARRY8 (Prop_CARRY8_SLICEL_CI_O[7])
                                                      0.146     8.683 r  u_tcb/mem_reg_0_31_28_38_i_19/O[7]
                         net (fo=2, routed)           0.250     8.933    u_tcb/u_tcp_tx/ring_ovf12_out[31]
    SLICE_X25Y182        LUT3 (Prop_F6LUT_SLICEM_I2_O)
                                                      0.038     8.971 f  u_tcb/fc_rr[3]_i_7/O
                         net (fo=1, routed)           0.160     9.131    u_tcp_tx/fc_rr[3]_i_4
    SLICE_X25Y185        LUT6 (Prop_G6LUT_SLICEM_I0_O)
                                                      0.116     9.247 r  u_tcp_tx/fc_rr[3]_i_6/O
                         net (fo=37, routed)          0.228     9.475    u_tcp_tx/u_ackq/wscale_r_reg[14][0]_2
    SLICE_X23Y186        LUT5 (Prop_E5LUT_SLICEL_I3_O)
                                                      0.140     9.615 r  u_tcp_tx/u_ackq/rcv_nxt_r[0][31]_i_33/O
                         net (fo=1, routed)           0.210     9.825    u_tcp_tx/u_ackq/rcv_nxt_r[0][31]_i_33_n_53
    SLICE_X22Y187        LUT5 (Prop_B6LUT_SLICEL_I4_O)
                                                      0.177    10.002 r  u_tcp_tx/u_ackq/rcv_nxt_r[0][31]_i_15/O
                         net (fo=1, routed)           0.058    10.060    u_tcp_tx/u_ackq/tx_upd_id[0]
    SLICE_X22Y187        LUT3 (Prop_F6LUT_SLICEL_I0_O)
                                                      0.148    10.208 r  u_tcp_tx/u_ackq/rcv_nxt_r[0][31]_i_4/O
                         net (fo=114, routed)         0.332    10.540    u_tcp_tx/u_ackq/tcb_id[0]
    SLICE_X23Y193        LUT6 (Prop_D6LUT_SLICEL_I1_O)
                                                      0.147    10.687 r  u_tcp_tx/u_ackq/rcv_nxt_r[5][31]_i_1/O
                         net (fo=32, routed)          0.580    11.267    u_tcb/rcv_nxt_r_reg[5][31]_0[0]
    SLICE_X21Y200        FDCE                                         r  u_tcb/rcv_nxt_r_reg[5][24]/CE
  -------------------------------------------------------------------    -------------------

                         (clock g_hw.clk_out0 rise edge)
                                                      6.400     6.400 r  
    T25                                               0.000     6.400 r  sys_clk_p (IN)
                         net (fo=0)                   0.079     6.479    u_clkgen/g_hw.u_ibufds/I
    HPIOBDIFFINBUF_X0Y37 DIFFINBUF (Prop_DIFFINBUF_HPIOBDIFFINBUF_DIFF_IN_P_O)
                                                      0.398     6.877 r  u_clkgen/g_hw.u_ibufds/DIFFINBUF_INST/O
                         net (fo=1, routed)           0.040     6.917    u_clkgen/g_hw.u_ibufds/OUT
    T25                  IBUFCTRL (Prop_IBUFCTRL_HPIOB_M_I_O)
                                                      0.000     6.917 r  u_clkgen/g_hw.u_ibufds/IBUFCTRL_INST/O
                         net (fo=1, routed)           0.304     7.221    u_clkgen/g_hw.clk_in_ibuf
    BUFGCE_X0Y32         BUFGCE (Prop_BUFCE_BUFGCE_I_O)
                                                      0.024     7.245 r  u_clkgen/g_hw.u_bufg_in/O
                         net (fo=485, routed)         1.317     8.562    u_clkgen/clk_in_100
    MMCM_X0Y1            MMCME4_ADV (Prop_MMCM_CLKIN1_CLKOUT0)
                                                      0.644     9.206 r  u_clkgen/g_hw.u_mmcm/CLKOUT0
                         net (fo=1, routed)           0.228     9.434    u_clkgen/g_hw.clk_out0
    BUFGCE_X0Y34         BUFGCE (Prop_BUFCE_BUFGCE_I_O)
                                                      0.024     9.458 r  u_clkgen/g_hw.u_bufg_out/O
    X1Y3 (CLOCK_ROOT)    net (fo=50443, routed)       2.346    11.804    u_tcb/dp_clk
    SLICE_X21Y200        FDCE                                         r  u_tcb/rcv_nxt_r_reg[5][24]/C
                         clock pessimism             -0.304    11.500    
                         clock uncertainty           -0.062    11.438    
    SLICE_X21Y200        FDCE (Setup_CFF2_SLICEM_C_CE)
                                                     -0.042    11.396    u_tcb/rcv_nxt_r_reg[5][24]
  -------------------------------------------------------------------
                         required time                         11.396    
                         arrival time                         -11.267    
  -------------------------------------------------------------------
                         slack                                  0.129    

Slack (MET) :             0.129ns  (required time - arrival time)
  Source:                 u_tcp_tx/tick_cnt_reg[2]/C
                            (rising edge-triggered cell FDCE clocked by g_hw.clk_out0  {rise@0.000ns fall@3.200ns period=6.400ns})
  Destination:            u_tcb/rcv_nxt_r_reg[5][4]/CE
                            (rising edge-triggered cell FDCE clocked by g_hw.clk_out0  {rise@0.000ns fall@3.200ns period=6.400ns})
  Path Group:             g_hw.clk_out0
  Path Type:              Setup (Max at Slow Process Corner)
  Requirement:            6.400ns  (g_hw.clk_out0 rise@6.400ns - g_hw.clk_out0 rise@0.000ns)
  Data Path Delay:        6.036ns  (logic 2.004ns (33.198%)  route 4.032ns (66.802%))
  Logic Levels:           16  (CARRY8=3 LUT2=1 LUT3=2 LUT4=1 LUT5=2 LUT6=7)
  Clock Path Skew:        -0.131ns (DCD - SCD + CPR)
    Destination Clock Delay (DCD):    5.404ns = ( 11.804 - 6.400 ) 
    Source Clock Delay      (SCD):    5.231ns
    Clock Pessimism Removal (CPR):    -0.304ns
  Clock Uncertainty:      0.062ns  ((TSJ^2 + DJ^2)^1/2) / 2 + PE
    Total System Jitter     (TSJ):    0.071ns
    Discrete Jitter          (DJ):    0.101ns
    Phase Error              (PE):    0.000ns
  Clock Net Delay (Source):      2.579ns (routing 1.064ns, distribution 1.515ns)
  Clock Net Delay (Destination): 2.346ns (routing 0.965ns, distribution 1.381ns)

    Location             Delay type                Incr(ns)  Path(ns)    Netlist Resource(s)
  -------------------------------------------------------------------    -------------------
                         (clock g_hw.clk_out0 rise edge)
                                                      0.000     0.000 r  
    T25                                               0.000     0.000 r  sys_clk_p (IN)
                         net (fo=0)                   0.100     0.100    u_clkgen/g_hw.u_ibufds/I
    HPIOBDIFFINBUF_X0Y37 DIFFINBUF (Prop_DIFFINBUF_HPIOBDIFFINBUF_DIFF_IN_P_O)
                                                      0.479     0.579 r  u_clkgen/g_hw.u_ibufds/DIFFINBUF_INST/O
                         net (fo=1, routed)           0.050     0.629    u_clkgen/g_hw.u_ibufds/OUT
    T25                  IBUFCTRL (Prop_IBUFCTRL_HPIOB_M_I_O)
                                                      0.000     0.629 r  u_clkgen/g_hw.u_ibufds/IBUFCTRL_INST/O
                         net (fo=1, routed)           0.343     0.972    u_clkgen/g_hw.clk_in_ibuf
    BUFGCE_X0Y32         BUFGCE (Prop_BUFCE_BUFGCE_I_O)
                                                      0.028     1.000 r  u_clkgen/g_hw.u_bufg_in/O
                         net (fo=485, routed)         1.474     2.474    u_clkgen/clk_in_100
    MMCM_X0Y1            MMCME4_ADV (Prop_MMCM_CLKIN1_CLKOUT0)
                                                     -0.106     2.368 r  u_clkgen/g_hw.u_mmcm/CLKOUT0
                         net (fo=1, routed)           0.256     2.624    u_clkgen/g_hw.clk_out0
    BUFGCE_X0Y34         BUFGCE (Prop_BUFCE_BUFGCE_I_O)
                                                      0.028     2.652 r  u_clkgen/g_hw.u_bufg_out/O
    X1Y3 (CLOCK_ROOT)    net (fo=50443, routed)       2.579     5.231    u_tcp_tx/dp_clk
    SLICE_X45Y166        FDCE                                         r  u_tcp_tx/tick_cnt_reg[2]/C
  -------------------------------------------------------------------    -------------------
    SLICE_X45Y166        FDCE (Prop_CFF2_SLICEL_C_Q)
                                                      0.097     5.328 f  u_tcp_tx/tick_cnt_reg[2]/Q
                         net (fo=5, routed)           0.186     5.513    u_tcp_tx/u_retx/scan_id_reg[3][2]
    SLICE_X45Y166        LUT4 (Prop_F6LUT_SLICEL_I3_O)
                                                      0.148     5.661 r  u_tcp_tx/u_retx/scan_id[3]_i_4__0/O
                         net (fo=3, routed)           0.437     6.098    u_tcp_tx/u_csum/scan_id_reg[3]_3
    SLICE_X36Y172        LUT6 (Prop_G6LUT_SLICEL_I5_O)
                                                      0.038     6.136 f  u_tcp_tx/u_csum/scan_id[3]_i_1__0/O
                         net (fo=422, routed)         0.229     6.365    u_tcp_tx/u_fifo_b/ctrl_doff_reg[3]_0[0]
    SLICE_X38Y174        LUT6 (Prop_C6LUT_SLICEL_I4_O)
                                                      0.148     6.513 r  u_tcp_tx/u_fifo_b/ctrl_doff[3]_i_1/O
                         net (fo=104, routed)         0.282     6.795    u_tcp_tx/u_ackq/ctrl_ack_reg[0]
    SLICE_X36Y175        LUT6 (Prop_E6LUT_SLICEL_I4_O)
                                                      0.100     6.895 r  u_tcp_tx/u_ackq/f_seq[1][31]_i_9/O
                         net (fo=94, routed)          0.577     7.472    u_tcb/cam_rd_id[1]
    SLICE_X25Y181        LUT6 (Prop_C6LUT_SLICEM_I2_O)
                                                      0.098     7.570 r  u_tcb/f_seq[1][11]_i_2/O
                         net (fo=3, routed)           0.200     7.770    u_tcb/f_seq[1][11]_i_2_n_53
    SLICE_X25Y181        LUT6 (Prop_H6LUT_SLICEM_I0_O)
                                                      0.182     7.952 r  u_tcb/f_seq[1][11]_i_1/O
                         net (fo=20, routed)          0.238     8.190    u_tcb/D[11]
    SLICE_X26Y177        LUT2 (Prop_D6LUT_SLICEL_I0_O)
                                                      0.063     8.253 r  u_tcb/mem_reg_0_31_28_38_i_60/O
                         net (fo=1, routed)           0.010     8.263    u_tcb/mem_reg_0_31_28_38_i_60_n_53
    SLICE_X26Y177        CARRY8 (Prop_CARRY8_SLICEL_S[3]_CO[7])
                                                      0.195     8.458 r  u_tcb/mem_reg_0_31_28_38_i_46/CO[7]
                         net (fo=1, routed)           0.028     8.486    u_tcb/mem_reg_0_31_28_38_i_46_n_53
    SLICE_X26Y178        CARRY8 (Prop_CARRY8_SLICEL_CI_CO[7])
                                                      0.023     8.509 r  u_tcb/mem_reg_0_31_28_38_i_29/CO[7]
                         net (fo=1, routed)           0.028     8.537    u_tcb/mem_reg_0_31_28_38_i_29_n_53
    SLICE_X26Y179        CARRY8 (Prop_CARRY8_SLICEL_CI_O[7])
                                                      0.146     8.683 r  u_tcb/mem_reg_0_31_28_38_i_19/O[7]
                         net (fo=2, routed)           0.250     8.933    u_tcb/u_tcp_tx/ring_ovf12_out[31]
    SLICE_X25Y182        LUT3 (Prop_F6LUT_SLICEM_I2_O)
                                                      0.038     8.971 f  u_tcb/fc_rr[3]_i_7/O
                         net (fo=1, routed)           0.160     9.131    u_tcp_tx/fc_rr[3]_i_4
    SLICE_X25Y185        LUT6 (Prop_G6LUT_SLICEM_I0_O)
                                                      0.116     9.247 r  u_tcp_tx/fc_rr[3]_i_6/O
                         net (fo=37, routed)          0.228     9.475    u_tcp_tx/u_ackq/wscale_r_reg[14][0]_2
    SLICE_X23Y186        LUT5 (Prop_E5LUT_SLICEL_I3_O)
                                                      0.140     9.615 r  u_tcp_tx/u_ackq/rcv_nxt_r[0][31]_i_33/O
                         net (fo=1, routed)           0.210     9.825    u_tcp_tx/u_ackq/rcv_nxt_r[0][31]_i_33_n_53
    SLICE_X22Y187        LUT5 (Prop_B6LUT_SLICEL_I4_O)
                                                      0.177    10.002 r  u_tcp_tx/u_ackq/rcv_nxt_r[0][31]_i_15/O
                         net (fo=1, routed)           0.058    10.060    u_tcp_tx/u_ackq/tx_upd_id[0]
    SLICE_X22Y187        LUT3 (Prop_F6LUT_SLICEL_I0_O)
                                                      0.148    10.208 r  u_tcp_tx/u_ackq/rcv_nxt_r[0][31]_i_4/O
                         net (fo=114, routed)         0.332    10.540    u_tcp_tx/u_ackq/tcb_id[0]
    SLICE_X23Y193        LUT6 (Prop_D6LUT_SLICEL_I1_O)
                                                      0.147    10.687 r  u_tcp_tx/u_ackq/rcv_nxt_r[5][31]_i_1/O
                         net (fo=32, routed)          0.580    11.267    u_tcb/rcv_nxt_r_reg[5][31]_0[0]
    SLICE_X21Y200        FDCE                                         r  u_tcb/rcv_nxt_r_reg[5][4]/CE
  -------------------------------------------------------------------    -------------------

                         (clock g_hw.clk_out0 rise edge)
                                                      6.400     6.400 r  
    T25                                               0.000     6.400 r  sys_clk_p (IN)
                         net (fo=0)                   0.079     6.479    u_clkgen/g_hw.u_ibufds/I
    HPIOBDIFFINBUF_X0Y37 DIFFINBUF (Prop_DIFFINBUF_HPIOBDIFFINBUF_DIFF_IN_P_O)
                                                      0.398     6.877 r  u_clkgen/g_hw.u_ibufds/DIFFINBUF_INST/O
                         net (fo=1, routed)           0.040     6.917    u_clkgen/g_hw.u_ibufds/OUT
    T25                  IBUFCTRL (Prop_IBUFCTRL_HPIOB_M_I_O)
                                                      0.000     6.917 r  u_clkgen/g_hw.u_ibufds/IBUFCTRL_INST/O
                         net (fo=1, routed)           0.304     7.221    u_clkgen/g_hw.clk_in_ibuf
    BUFGCE_X0Y32         BUFGCE (Prop_BUFCE_BUFGCE_I_O)
                                                      0.024     7.245 r  u_clkgen/g_hw.u_bufg_in/O
                         net (fo=485, routed)         1.317     8.562    u_clkgen/clk_in_100
    MMCM_X0Y1            MMCME4_ADV (Prop_MMCM_CLKIN1_CLKOUT0)
                                                      0.644     9.206 r  u_clkgen/g_hw.u_mmcm/CLKOUT0
                         net (fo=1, routed)           0.228     9.434    u_clkgen/g_hw.clk_out0
    BUFGCE_X0Y34         BUFGCE (Prop_BUFCE_BUFGCE_I_O)
                                                      0.024     9.458 r  u_clkgen/g_hw.u_bufg_out/O
    X1Y3 (CLOCK_ROOT)    net (fo=50443, routed)       2.346    11.804    u_tcb/dp_clk
    SLICE_X21Y200        FDCE                                         r  u_tcb/rcv_nxt_r_reg[5][4]/C
                         clock pessimism             -0.304    11.500    
                         clock uncertainty           -0.062    11.438    
    SLICE_X21Y200        FDCE (Setup_BFF2_SLICEM_C_CE)
                                                     -0.042    11.396    u_tcb/rcv_nxt_r_reg[5][4]
  -------------------------------------------------------------------
                         required time                         11.396    
                         arrival time                         -11.267    
  -------------------------------------------------------------------
                         slack                                  0.129    

Slack (MET) :             0.129ns  (required time - arrival time)
  Source:                 u_tcp_tx/tick_cnt_reg[2]/C
                            (rising edge-triggered cell FDCE clocked by g_hw.clk_out0  {rise@0.000ns fall@3.200ns period=6.400ns})
  Destination:            u_tcb/rcv_nxt_r_reg[5][9]/CE
                            (rising edge-triggered cell FDCE clocked by g_hw.clk_out0  {rise@0.000ns fall@3.200ns period=6.400ns})
  Path Group:             g_hw.clk_out0
  Path Type:              Setup (Max at Slow Process Corner)
  Requirement:            6.400ns  (g_hw.clk_out0 rise@6.400ns - g_hw.clk_out0 rise@0.000ns)
  Data Path Delay:        6.036ns  (logic 2.004ns (33.198%)  route 4.032ns (66.802%))
  Logic Levels:           16  (CARRY8=3 LUT2=1 LUT3=2 LUT4=1 LUT5=2 LUT6=7)
  Clock Path Skew:        -0.131ns (DCD - SCD + CPR)
    Destination Clock Delay (DCD):    5.404ns = ( 11.804 - 6.400 ) 
    Source Clock Delay      (SCD):    5.231ns
    Clock Pessimism Removal (CPR):    -0.304ns
  Clock Uncertainty:      0.062ns  ((TSJ^2 + DJ^2)^1/2) / 2 + PE
    Total System Jitter     (TSJ):    0.071ns
    Discrete Jitter          (DJ):    0.101ns
    Phase Error              (PE):    0.000ns
  Clock Net Delay (Source):      2.579ns (routing 1.064ns, distribution 1.515ns)
  Clock Net Delay (Destination): 2.346ns (routing 0.965ns, distribution 1.381ns)

    Location             Delay type                Incr(ns)  Path(ns)    Netlist Resource(s)
  -------------------------------------------------------------------    -------------------
                         (clock g_hw.clk_out0 rise edge)
                                                      0.000     0.000 r  
    T25                                               0.000     0.000 r  sys_clk_p (IN)
                         net (fo=0)                   0.100     0.100    u_clkgen/g_hw.u_ibufds/I
    HPIOBDIFFINBUF_X0Y37 DIFFINBUF (Prop_DIFFINBUF_HPIOBDIFFINBUF_DIFF_IN_P_O)
                                                      0.479     0.579 r  u_clkgen/g_hw.u_ibufds/DIFFINBUF_INST/O
                         net (fo=1, routed)           0.050     0.629    u_clkgen/g_hw.u_ibufds/OUT
    T25                  IBUFCTRL (Prop_IBUFCTRL_HPIOB_M_I_O)
                                                      0.000     0.629 r  u_clkgen/g_hw.u_ibufds/IBUFCTRL_INST/O
                         net (fo=1, routed)           0.343     0.972    u_clkgen/g_hw.clk_in_ibuf
    BUFGCE_X0Y32         BUFGCE (Prop_BUFCE_BUFGCE_I_O)
                                                      0.028     1.000 r  u_clkgen/g_hw.u_bufg_in/O
                         net (fo=485, routed)         1.474     2.474    u_clkgen/clk_in_100
    MMCM_X0Y1            MMCME4_ADV (Prop_MMCM_CLKIN1_CLKOUT0)
                                                     -0.106     2.368 r  u_clkgen/g_hw.u_mmcm/CLKOUT0
                         net (fo=1, routed)           0.256     2.624    u_clkgen/g_hw.clk_out0
    BUFGCE_X0Y34         BUFGCE (Prop_BUFCE_BUFGCE_I_O)
                                                      0.028     2.652 r  u_clkgen/g_hw.u_bufg_out/O
    X1Y3 (CLOCK_ROOT)    net (fo=50443, routed)       2.579     5.231    u_tcp_tx/dp_clk
    SLICE_X45Y166        FDCE                                         r  u_tcp_tx/tick_cnt_reg[2]/C
  -------------------------------------------------------------------    -------------------
    SLICE_X45Y166        FDCE (Prop_CFF2_SLICEL_C_Q)
                                                      0.097     5.328 f  u_tcp_tx/tick_cnt_reg[2]/Q
                         net (fo=5, routed)           0.186     5.513    u_tcp_tx/u_retx/scan_id_reg[3][2]
    SLICE_X45Y166        LUT4 (Prop_F6LUT_SLICEL_I3_O)
                                                      0.148     5.661 r  u_tcp_tx/u_retx/scan_id[3]_i_4__0/O
                         net (fo=3, routed)           0.437     6.098    u_tcp_tx/u_csum/scan_id_reg[3]_3
    SLICE_X36Y172        LUT6 (Prop_G6LUT_SLICEL_I5_O)
                                                      0.038     6.136 f  u_tcp_tx/u_csum/scan_id[3]_i_1__0/O
                         net (fo=422, routed)         0.229     6.365    u_tcp_tx/u_fifo_b/ctrl_doff_reg[3]_0[0]
    SLICE_X38Y174        LUT6 (Prop_C6LUT_SLICEL_I4_O)
                                                      0.148     6.513 r  u_tcp_tx/u_fifo_b/ctrl_doff[3]_i_1/O
                         net (fo=104, routed)         0.282     6.795    u_tcp_tx/u_ackq/ctrl_ack_reg[0]
    SLICE_X36Y175        LUT6 (Prop_E6LUT_SLICEL_I4_O)
                                                      0.100     6.895 r  u_tcp_tx/u_ackq/f_seq[1][31]_i_9/O
                         net (fo=94, routed)          0.577     7.472    u_tcb/cam_rd_id[1]
    SLICE_X25Y181        LUT6 (Prop_C6LUT_SLICEM_I2_O)
                                                      0.098     7.570 r  u_tcb/f_seq[1][11]_i_2/O
                         net (fo=3, routed)           0.200     7.770    u_tcb/f_seq[1][11]_i_2_n_53
    SLICE_X25Y181        LUT6 (Prop_H6LUT_SLICEM_I0_O)
                                                      0.182     7.952 r  u_tcb/f_seq[1][11]_i_1/O
                         net (fo=20, routed)          0.238     8.190    u_tcb/D[11]
    SLICE_X26Y177        LUT2 (Prop_D6LUT_SLICEL_I0_O)
                                                      0.063     8.253 r  u_tcb/mem_reg_0_31_28_38_i_60/O
                         net (fo=1, routed)           0.010     8.263    u_tcb/mem_reg_0_31_28_38_i_60_n_53
    SLICE_X26Y177        CARRY8 (Prop_CARRY8_SLICEL_S[3]_CO[7])
                                                      0.195     8.458 r  u_tcb/mem_reg_0_31_28_38_i_46/CO[7]
                         net (fo=1, routed)           0.028     8.486    u_tcb/mem_reg_0_31_28_38_i_46_n_53
    SLICE_X26Y178        CARRY8 (Prop_CARRY8_SLICEL_CI_CO[7])
                                                      0.023     8.509 r  u_tcb/mem_reg_0_31_28_38_i_29/CO[7]
                         net (fo=1, routed)           0.028     8.537    u_tcb/mem_reg_0_31_28_38_i_29_n_53
    SLICE_X26Y179        CARRY8 (Prop_CARRY8_SLICEL_CI_O[7])
                                                      0.146     8.683 r  u_tcb/mem_reg_0_31_28_38_i_19/O[7]
                         net (fo=2, routed)           0.250     8.933    u_tcb/u_tcp_tx/ring_ovf12_out[31]
    SLICE_X25Y182        LUT3 (Prop_F6LUT_SLICEM_I2_O)
                                                      0.038     8.971 f  u_tcb/fc_rr[3]_i_7/O
                         net (fo=1, routed)           0.160     9.131    u_tcp_tx/fc_rr[3]_i_4
    SLICE_X25Y185        LUT6 (Prop_G6LUT_SLICEM_I0_O)
                                                      0.116     9.247 r  u_tcp_tx/fc_rr[3]_i_6/O
                         net (fo=37, routed)          0.228     9.475    u_tcp_tx/u_ackq/wscale_r_reg[14][0]_2
    SLICE_X23Y186        LUT5 (Prop_E5LUT_SLICEL_I3_O)
                                                      0.140     9.615 r  u_tcp_tx/u_ackq/rcv_nxt_r[0][31]_i_33/O
                         net (fo=1, routed)           0.210     9.825    u_tcp_tx/u_ackq/rcv_nxt_r[0][31]_i_33_n_53
    SLICE_X22Y187        LUT5 (Prop_B6LUT_SLICEL_I4_O)
                                                      0.177    10.002 r  u_tcp_tx/u_ackq/rcv_nxt_r[0][31]_i_15/O
                         net (fo=1, routed)           0.058    10.060    u_tcp_tx/u_ackq/tx_upd_id[0]
    SLICE_X22Y187        LUT3 (Prop_F6LUT_SLICEL_I0_O)
                                                      0.148    10.208 r  u_tcp_tx/u_ackq/rcv_nxt_r[0][31]_i_4/O
                         net (fo=114, routed)         0.332    10.540    u_tcp_tx/u_ackq/tcb_id[0]
    SLICE_X23Y193        LUT6 (Prop_D6LUT_SLICEL_I1_O)
                                                      0.147    10.687 r  u_tcp_tx/u_ackq/rcv_nxt_r[5][31]_i_1/O
                         net (fo=32, routed)          0.580    11.267    u_tcb/rcv_nxt_r_reg[5][31]_0[0]
    SLICE_X21Y200        FDCE                                         r  u_tcb/rcv_nxt_r_reg[5][9]/CE
  -------------------------------------------------------------------    -------------------

                         (clock g_hw.clk_out0 rise edge)
                                                      6.400     6.400 r  
    T25                                               0.000     6.400 r  sys_clk_p (IN)
                         net (fo=0)                   0.079     6.479    u_clkgen/g_hw.u_ibufds/I
    HPIOBDIFFINBUF_X0Y37 DIFFINBUF (Prop_DIFFINBUF_HPIOBDIFFINBUF_DIFF_IN_P_O)
                                                      0.398     6.877 r  u_clkgen/g_hw.u_ibufds/DIFFINBUF_INST/O
                         net (fo=1, routed)           0.040     6.917    u_clkgen/g_hw.u_ibufds/OUT
    T25                  IBUFCTRL (Prop_IBUFCTRL_HPIOB_M_I_O)
                                                      0.000     6.917 r  u_clkgen/g_hw.u_ibufds/IBUFCTRL_INST/O
                         net (fo=1, routed)           0.304     7.221    u_clkgen/g_hw.clk_in_ibuf
    BUFGCE_X0Y32         BUFGCE (Prop_BUFCE_BUFGCE_I_O)
                                                      0.024     7.245 r  u_clkgen/g_hw.u_bufg_in/O
                         net (fo=485, routed)         1.317     8.562    u_clkgen/clk_in_100
    MMCM_X0Y1            MMCME4_ADV (Prop_MMCM_CLKIN1_CLKOUT0)
                                                      0.644     9.206 r  u_clkgen/g_hw.u_mmcm/CLKOUT0
                         net (fo=1, routed)           0.228     9.434    u_clkgen/g_hw.clk_out0
    BUFGCE_X0Y34         BUFGCE (Prop_BUFCE_BUFGCE_I_O)
                                                      0.024     9.458 r  u_clkgen/g_hw.u_bufg_out/O
    X1Y3 (CLOCK_ROOT)    net (fo=50443, routed)       2.346    11.804    u_tcb/dp_clk
    SLICE_X21Y200        FDCE                                         r  u_tcb/rcv_nxt_r_reg[5][9]/C
                         clock pessimism             -0.304    11.500    
                         clock uncertainty           -0.062    11.438    
    SLICE_X21Y200        FDCE (Setup_AFF2_SLICEM_C_CE)
                                                     -0.042    11.396    u_tcb/rcv_nxt_r_reg[5][9]
  -------------------------------------------------------------------
                         required time                         11.396    
                         arrival time                         -11.267    
  -------------------------------------------------------------------
                         slack                                  0.129    

Slack (MET) :             0.129ns  (required time - arrival time)
  Source:                 u_tcp_tx/tick_cnt_reg[2]/C
                            (rising edge-triggered cell FDCE clocked by g_hw.clk_out0  {rise@0.000ns fall@3.200ns period=6.400ns})
  Destination:            u_tcb/snd_wnd_r_reg[10][13]/CE
                            (rising edge-triggered cell FDCE clocked by g_hw.clk_out0  {rise@0.000ns fall@3.200ns period=6.400ns})
  Path Group:             g_hw.clk_out0
  Path Type:              Setup (Max at Slow Process Corner)
  Requirement:            6.400ns  (g_hw.clk_out0 rise@6.400ns - g_hw.clk_out0 rise@0.000ns)
  Data Path Delay:        6.050ns  (logic 1.970ns (32.560%)  route 4.080ns (67.440%))
  Logic Levels:           16  (CARRY8=3 LUT2=1 LUT3=2 LUT4=1 LUT5=2 LUT6=7)
  Clock Path Skew:        -0.116ns (DCD - SCD + CPR)
    Destination Clock Delay (DCD):    5.419ns = ( 11.819 - 6.400 ) 
    Source Clock Delay      (SCD):    5.231ns
    Clock Pessimism Removal (CPR):    -0.304ns
  Clock Uncertainty:      0.062ns  ((TSJ^2 + DJ^2)^1/2) / 2 + PE
    Total System Jitter     (TSJ):    0.071ns
    Discrete Jitter          (DJ):    0.101ns
    Phase Error              (PE):    0.000ns
  Clock Net Delay (Source):      2.579ns (routing 1.064ns, distribution 1.515ns)
  Clock Net Delay (Destination): 2.361ns (routing 0.965ns, distribution 1.396ns)

    Location             Delay type                Incr(ns)  Path(ns)    Netlist Resource(s)
  -------------------------------------------------------------------    -------------------
                         (clock g_hw.clk_out0 rise edge)
                                                      0.000     0.000 r  
    T25                                               0.000     0.000 r  sys_clk_p (IN)
                         net (fo=0)                   0.100     0.100    u_clkgen/g_hw.u_ibufds/I
    HPIOBDIFFINBUF_X0Y37 DIFFINBUF (Prop_DIFFINBUF_HPIOBDIFFINBUF_DIFF_IN_P_O)
                                                      0.479     0.579 r  u_clkgen/g_hw.u_ibufds/DIFFINBUF_INST/O
                         net (fo=1, routed)           0.050     0.629    u_clkgen/g_hw.u_ibufds/OUT
    T25                  IBUFCTRL (Prop_IBUFCTRL_HPIOB_M_I_O)
                                                      0.000     0.629 r  u_clkgen/g_hw.u_ibufds/IBUFCTRL_INST/O
                         net (fo=1, routed)           0.343     0.972    u_clkgen/g_hw.clk_in_ibuf
    BUFGCE_X0Y32         BUFGCE (Prop_BUFCE_BUFGCE_I_O)
                                                      0.028     1.000 r  u_clkgen/g_hw.u_bufg_in/O
                         net (fo=485, routed)         1.474     2.474    u_clkgen/clk_in_100
    MMCM_X0Y1            MMCME4_ADV (Prop_MMCM_CLKIN1_CLKOUT0)
                                                     -0.106     2.368 r  u_clkgen/g_hw.u_mmcm/CLKOUT0
                         net (fo=1, routed)           0.256     2.624    u_clkgen/g_hw.clk_out0
    BUFGCE_X0Y34         BUFGCE (Prop_BUFCE_BUFGCE_I_O)
                                                      0.028     2.652 r  u_clkgen/g_hw.u_bufg_out/O
    X1Y3 (CLOCK_ROOT)    net (fo=50443, routed)       2.579     5.231    u_tcp_tx/dp_clk
    SLICE_X45Y166        FDCE                                         r  u_tcp_tx/tick_cnt_reg[2]/C
  -------------------------------------------------------------------    -------------------
    SLICE_X45Y166        FDCE (Prop_CFF2_SLICEL_C_Q)
                                                      0.097     5.328 f  u_tcp_tx/tick_cnt_reg[2]/Q
                         net (fo=5, routed)           0.186     5.513    u_tcp_tx/u_retx/scan_id_reg[3][2]
    SLICE_X45Y166        LUT4 (Prop_F6LUT_SLICEL_I3_O)
                                                      0.148     5.661 r  u_tcp_tx/u_retx/scan_id[3]_i_4__0/O
                         net (fo=3, routed)           0.437     6.098    u_tcp_tx/u_csum/scan_id_reg[3]_3
    SLICE_X36Y172        LUT6 (Prop_G6LUT_SLICEL_I5_O)
                                                      0.038     6.136 f  u_tcp_tx/u_csum/scan_id[3]_i_1__0/O
                         net (fo=422, routed)         0.229     6.365    u_tcp_tx/u_fifo_b/ctrl_doff_reg[3]_0[0]
    SLICE_X38Y174        LUT6 (Prop_C6LUT_SLICEL_I4_O)
                                                      0.148     6.513 r  u_tcp_tx/u_fifo_b/ctrl_doff[3]_i_1/O
                         net (fo=104, routed)         0.282     6.795    u_tcp_tx/u_ackq/ctrl_ack_reg[0]
    SLICE_X36Y175        LUT6 (Prop_E6LUT_SLICEL_I4_O)
                                                      0.100     6.895 r  u_tcp_tx/u_ackq/f_seq[1][31]_i_9/O
                         net (fo=94, routed)          0.577     7.472    u_tcb/cam_rd_id[1]
    SLICE_X25Y181        LUT6 (Prop_C6LUT_SLICEM_I2_O)
                                                      0.098     7.570 r  u_tcb/f_seq[1][11]_i_2/O
                         net (fo=3, routed)           0.200     7.770    u_tcb/f_seq[1][11]_i_2_n_53
    SLICE_X25Y181        LUT6 (Prop_H6LUT_SLICEM_I0_O)
                                                      0.182     7.952 r  u_tcb/f_seq[1][11]_i_1/O
                         net (fo=20, routed)          0.238     8.190    u_tcb/D[11]
    SLICE_X26Y177        LUT2 (Prop_D6LUT_SLICEL_I0_O)
                                                      0.063     8.253 r  u_tcb/mem_reg_0_31_28_38_i_60/O
                         net (fo=1, routed)           0.010     8.263    u_tcb/mem_reg_0_31_28_38_i_60_n_53
    SLICE_X26Y177        CARRY8 (Prop_CARRY8_SLICEL_S[3]_CO[7])
                                                      0.195     8.458 r  u_tcb/mem_reg_0_31_28_38_i_46/CO[7]
                         net (fo=1, routed)           0.028     8.486    u_tcb/mem_reg_0_31_28_38_i_46_n_53
    SLICE_X26Y178        CARRY8 (Prop_CARRY8_SLICEL_CI_CO[7])
                                                      0.023     8.509 r  u_tcb/mem_reg_0_31_28_38_i_29/CO[7]
                         net (fo=1, routed)           0.028     8.537    u_tcb/mem_reg_0_31_28_38_i_29_n_53
    SLICE_X26Y179        CARRY8 (Prop_CARRY8_SLICEL_CI_O[7])
                                                      0.146     8.683 r  u_tcb/mem_reg_0_31_28_38_i_19/O[7]
                         net (fo=2, routed)           0.250     8.933    u_tcb/u_tcp_tx/ring_ovf12_out[31]
    SLICE_X25Y182        LUT3 (Prop_F6LUT_SLICEM_I2_O)
                                                      0.038     8.971 f  u_tcb/fc_rr[3]_i_7/O
                         net (fo=1, routed)           0.160     9.131    u_tcp_tx/fc_rr[3]_i_4
    SLICE_X25Y185        LUT6 (Prop_G6LUT_SLICEM_I0_O)
                                                      0.116     9.247 r  u_tcp_tx/fc_rr[3]_i_6/O
                         net (fo=37, routed)          0.228     9.475    u_tcp_tx/u_ackq/wscale_r_reg[14][0]_2
    SLICE_X23Y186        LUT5 (Prop_E5LUT_SLICEL_I3_O)
                                                      0.140     9.615 f  u_tcp_tx/u_ackq/rcv_nxt_r[0][31]_i_33/O
                         net (fo=1, routed)           0.210     9.825    u_tcp_tx/u_ackq/rcv_nxt_r[0][31]_i_33_n_53
    SLICE_X22Y187        LUT5 (Prop_B6LUT_SLICEL_I4_O)
                                                      0.177    10.002 f  u_tcp_tx/u_ackq/rcv_nxt_r[0][31]_i_15/O
                         net (fo=1, routed)           0.058    10.060    u_tcp_tx/u_ackq/tx_upd_id[0]
    SLICE_X22Y187        LUT3 (Prop_F6LUT_SLICEL_I0_O)
                                                      0.148    10.208 f  u_tcp_tx/u_ackq/rcv_nxt_r[0][31]_i_4/O
                         net (fo=114, routed)         0.376    10.584    u_tcp_tx/u_ackq/tcb_id[0]
    SLICE_X25Y190        LUT6 (Prop_F6LUT_SLICEM_I2_O)
                                                      0.113    10.697 r  u_tcp_tx/u_ackq/snd_wnd_r[10][15]_i_1/O
                         net (fo=16, routed)          0.584    11.281    u_tcb/snd_wnd_r_reg[10][15]_0[0]
    SLICE_X19Y197        FDCE                                         r  u_tcb/snd_wnd_r_reg[10][13]/CE
  -------------------------------------------------------------------    -------------------

                         (clock g_hw.clk_out0 rise edge)
                                                      6.400     6.400 r  
    T25                                               0.000     6.400 r  sys_clk_p (IN)
                         net (fo=0)                   0.079     6.479    u_clkgen/g_hw.u_ibufds/I
    HPIOBDIFFINBUF_X0Y37 DIFFINBUF (Prop_DIFFINBUF_HPIOBDIFFINBUF_DIFF_IN_P_O)
                                                      0.398     6.877 r  u_clkgen/g_hw.u_ibufds/DIFFINBUF_INST/O
                         net (fo=1, routed)           0.040     6.917    u_clkgen/g_hw.u_ibufds/OUT
    T25                  IBUFCTRL (Prop_IBUFCTRL_HPIOB_M_I_O)
                                                      0.000     6.917 r  u_clkgen/g_hw.u_ibufds/IBUFCTRL_INST/O
                         net (fo=1, routed)           0.304     7.221    u_clkgen/g_hw.clk_in_ibuf
    BUFGCE_X0Y32         BUFGCE (Prop_BUFCE_BUFGCE_I_O)
                                                      0.024     7.245 r  u_clkgen/g_hw.u_bufg_in/O
                         net (fo=485, routed)         1.317     8.562    u_clkgen/clk_in_100
    MMCM_X0Y1            MMCME4_ADV (Prop_MMCM_CLKIN1_CLKOUT0)
                                                      0.644     9.206 r  u_clkgen/g_hw.u_mmcm/CLKOUT0
                         net (fo=1, routed)           0.228     9.434    u_clkgen/g_hw.clk_out0
    BUFGCE_X0Y34         BUFGCE (Prop_BUFCE_BUFGCE_I_O)
                                                      0.024     9.458 r  u_clkgen/g_hw.u_bufg_out/O
    X1Y3 (CLOCK_ROOT)    net (fo=50443, routed)       2.361    11.819    u_tcb/dp_clk
    SLICE_X19Y197        FDCE                                         r  u_tcb/snd_wnd_r_reg[10][13]/C
                         clock pessimism             -0.304    11.515    
                         clock uncertainty           -0.062    11.453    
    SLICE_X19Y197        FDCE (Setup_HFF_SLICEL_C_CE)
                                                     -0.043    11.410    u_tcb/snd_wnd_r_reg[10][13]
  -------------------------------------------------------------------
                         required time                         11.410    
                         arrival time                         -11.281    
  -------------------------------------------------------------------
                         slack                                  0.129    

Slack (MET) :             0.129ns  (required time - arrival time)
  Source:                 u_tcp_tx/tick_cnt_reg[2]/C
                            (rising edge-triggered cell FDCE clocked by g_hw.clk_out0  {rise@0.000ns fall@3.200ns period=6.400ns})
  Destination:            u_tcb/snd_wnd_r_reg[10][15]/CE
                            (rising edge-triggered cell FDCE clocked by g_hw.clk_out0  {rise@0.000ns fall@3.200ns period=6.400ns})
  Path Group:             g_hw.clk_out0
  Path Type:              Setup (Max at Slow Process Corner)
  Requirement:            6.400ns  (g_hw.clk_out0 rise@6.400ns - g_hw.clk_out0 rise@0.000ns)
  Data Path Delay:        6.050ns  (logic 1.970ns (32.560%)  route 4.080ns (67.440%))
  Logic Levels:           16  (CARRY8=3 LUT2=1 LUT3=2 LUT4=1 LUT5=2 LUT6=7)
  Clock Path Skew:        -0.116ns (DCD - SCD + CPR)
    Destination Clock Delay (DCD):    5.419ns = ( 11.819 - 6.400 ) 
    Source Clock Delay      (SCD):    5.231ns
    Clock Pessimism Removal (CPR):    -0.304ns
  Clock Uncertainty:      0.062ns  ((TSJ^2 + DJ^2)^1/2) / 2 + PE
    Total System Jitter     (TSJ):    0.071ns
    Discrete Jitter          (DJ):    0.101ns
    Phase Error              (PE):    0.000ns
  Clock Net Delay (Source):      2.579ns (routing 1.064ns, distribution 1.515ns)
  Clock Net Delay (Destination): 2.361ns (routing 0.965ns, distribution 1.396ns)

    Location             Delay type                Incr(ns)  Path(ns)    Netlist Resource(s)
  -------------------------------------------------------------------    -------------------
                         (clock g_hw.clk_out0 rise edge)
                                                      0.000     0.000 r  
    T25                                               0.000     0.000 r  sys_clk_p (IN)
                         net (fo=0)                   0.100     0.100    u_clkgen/g_hw.u_ibufds/I
    HPIOBDIFFINBUF_X0Y37 DIFFINBUF (Prop_DIFFINBUF_HPIOBDIFFINBUF_DIFF_IN_P_O)
                                                      0.479     0.579 r  u_clkgen/g_hw.u_ibufds/DIFFINBUF_INST/O
                         net (fo=1, routed)           0.050     0.629    u_clkgen/g_hw.u_ibufds/OUT
    T25                  IBUFCTRL (Prop_IBUFCTRL_HPIOB_M_I_O)
                                                      0.000     0.629 r  u_clkgen/g_hw.u_ibufds/IBUFCTRL_INST/O
                         net (fo=1, routed)           0.343     0.972    u_clkgen/g_hw.clk_in_ibuf
    BUFGCE_X0Y32         BUFGCE (Prop_BUFCE_BUFGCE_I_O)
                                                      0.028     1.000 r  u_clkgen/g_hw.u_bufg_in/O
                         net (fo=485, routed)         1.474     2.474    u_clkgen/clk_in_100
    MMCM_X0Y1            MMCME4_ADV (Prop_MMCM_CLKIN1_CLKOUT0)
                                                     -0.106     2.368 r  u_clkgen/g_hw.u_mmcm/CLKOUT0
                         net (fo=1, routed)           0.256     2.624    u_clkgen/g_hw.clk_out0
    BUFGCE_X0Y34         BUFGCE (Prop_BUFCE_BUFGCE_I_O)
                                                      0.028     2.652 r  u_clkgen/g_hw.u_bufg_out/O
    X1Y3 (CLOCK_ROOT)    net (fo=50443, routed)       2.579     5.231    u_tcp_tx/dp_clk
    SLICE_X45Y166        FDCE                                         r  u_tcp_tx/tick_cnt_reg[2]/C
  -------------------------------------------------------------------    -------------------
    SLICE_X45Y166        FDCE (Prop_CFF2_SLICEL_C_Q)
                                                      0.097     5.328 f  u_tcp_tx/tick_cnt_reg[2]/Q
                         net (fo=5, routed)           0.186     5.513    u_tcp_tx/u_retx/scan_id_reg[3][2]
    SLICE_X45Y166        LUT4 (Prop_F6LUT_SLICEL_I3_O)
                                                      0.148     5.661 r  u_tcp_tx/u_retx/scan_id[3]_i_4__0/O
                         net (fo=3, routed)           0.437     6.098    u_tcp_tx/u_csum/scan_id_reg[3]_3
    SLICE_X36Y172        LUT6 (Prop_G6LUT_SLICEL_I5_O)
                                                      0.038     6.136 f  u_tcp_tx/u_csum/scan_id[3]_i_1__0/O
                         net (fo=422, routed)         0.229     6.365    u_tcp_tx/u_fifo_b/ctrl_doff_reg[3]_0[0]
    SLICE_X38Y174        LUT6 (Prop_C6LUT_SLICEL_I4_O)
                                                      0.148     6.513 r  u_tcp_tx/u_fifo_b/ctrl_doff[3]_i_1/O
                         net (fo=104, routed)         0.282     6.795    u_tcp_tx/u_ackq/ctrl_ack_reg[0]
    SLICE_X36Y175        LUT6 (Prop_E6LUT_SLICEL_I4_O)
                                                      0.100     6.895 r  u_tcp_tx/u_ackq/f_seq[1][31]_i_9/O
                         net (fo=94, routed)          0.577     7.472    u_tcb/cam_rd_id[1]
    SLICE_X25Y181        LUT6 (Prop_C6LUT_SLICEM_I2_O)
                                                      0.098     7.570 r  u_tcb/f_seq[1][11]_i_2/O
                         net (fo=3, routed)           0.200     7.770    u_tcb/f_seq[1][11]_i_2_n_53
    SLICE_X25Y181        LUT6 (Prop_H6LUT_SLICEM_I0_O)
                                                      0.182     7.952 r  u_tcb/f_seq[1][11]_i_1/O
                         net (fo=20, routed)          0.238     8.190    u_tcb/D[11]
    SLICE_X26Y177        LUT2 (Prop_D6LUT_SLICEL_I0_O)
                                                      0.063     8.253 r  u_tcb/mem_reg_0_31_28_38_i_60/O
                         net (fo=1, routed)           0.010     8.263    u_tcb/mem_reg_0_31_28_38_i_60_n_53
    SLICE_X26Y177        CARRY8 (Prop_CARRY8_SLICEL_S[3]_CO[7])
                                                      0.195     8.458 r  u_tcb/mem_reg_0_31_28_38_i_46/CO[7]
                         net (fo=1, routed)           0.028     8.486    u_tcb/mem_reg_0_31_28_38_i_46_n_53
    SLICE_X26Y178        CARRY8 (Prop_CARRY8_SLICEL_CI_CO[7])
                                                      0.023     8.509 r  u_tcb/mem_reg_0_31_28_38_i_29/CO[7]
                         net (fo=1, routed)           0.028     8.537    u_tcb/mem_reg_0_31_28_38_i_29_n_53
    SLICE_X26Y179        CARRY8 (Prop_CARRY8_SLICEL_CI_O[7])
                                                      0.146     8.683 r  u_tcb/mem_reg_0_31_28_38_i_19/O[7]
                         net (fo=2, routed)           0.250     8.933    u_tcb/u_tcp_tx/ring_ovf12_out[31]
    SLICE_X25Y182        LUT3 (Prop_F6LUT_SLICEM_I2_O)
                                                      0.038     8.971 f  u_tcb/fc_rr[3]_i_7/O
                         net (fo=1, routed)           0.160     9.131    u_tcp_tx/fc_rr[3]_i_4
    SLICE_X25Y185        LUT6 (Prop_G6LUT_SLICEM_I0_O)
                                                      0.116     9.247 r  u_tcp_tx/fc_rr[3]_i_6/O
                         net (fo=37, routed)          0.228     9.475    u_tcp_tx/u_ackq/wscale_r_reg[14][0]_2
    SLICE_X23Y186        LUT5 (Prop_E5LUT_SLICEL_I3_O)
                                                      0.140     9.615 f  u_tcp_tx/u_ackq/rcv_nxt_r[0][31]_i_33/O
                         net (fo=1, routed)           0.210     9.825    u_tcp_tx/u_ackq/rcv_nxt_r[0][31]_i_33_n_53
    SLICE_X22Y187        LUT5 (Prop_B6LUT_SLICEL_I4_O)
                                                      0.177    10.002 f  u_tcp_tx/u_ackq/rcv_nxt_r[0][31]_i_15/O
                         net (fo=1, routed)           0.058    10.060    u_tcp_tx/u_ackq/tx_upd_id[0]
    SLICE_X22Y187        LUT3 (Prop_F6LUT_SLICEL_I0_O)
                                                      0.148    10.208 f  u_tcp_tx/u_ackq/rcv_nxt_r[0][31]_i_4/O
                         net (fo=114, routed)         0.376    10.584    u_tcp_tx/u_ackq/tcb_id[0]
    SLICE_X25Y190        LUT6 (Prop_F6LUT_SLICEM_I2_O)
                                                      0.113    10.697 r  u_tcp_tx/u_ackq/snd_wnd_r[10][15]_i_1/O
                         net (fo=16, routed)          0.584    11.281    u_tcb/snd_wnd_r_reg[10][15]_0[0]
    SLICE_X19Y197        FDCE                                         r  u_tcb/snd_wnd_r_reg[10][15]/CE
  -------------------------------------------------------------------    -------------------

                         (clock g_hw.clk_out0 rise edge)
                                                      6.400     6.400 r  
    T25                                               0.000     6.400 r  sys_clk_p (IN)
                         net (fo=0)                   0.079     6.479    u_clkgen/g_hw.u_ibufds/I
    HPIOBDIFFINBUF_X0Y37 DIFFINBUF (Prop_DIFFINBUF_HPIOBDIFFINBUF_DIFF_IN_P_O)
                                                      0.398     6.877 r  u_clkgen/g_hw.u_ibufds/DIFFINBUF_INST/O
                         net (fo=1, routed)           0.040     6.917    u_clkgen/g_hw.u_ibufds/OUT
    T25                  IBUFCTRL (Prop_IBUFCTRL_HPIOB_M_I_O)
                                                      0.000     6.917 r  u_clkgen/g_hw.u_ibufds/IBUFCTRL_INST/O
                         net (fo=1, routed)           0.304     7.221    u_clkgen/g_hw.clk_in_ibuf
    BUFGCE_X0Y32         BUFGCE (Prop_BUFCE_BUFGCE_I_O)
                                                      0.024     7.245 r  u_clkgen/g_hw.u_bufg_in/O
                         net (fo=485, routed)         1.317     8.562    u_clkgen/clk_in_100
    MMCM_X0Y1            MMCME4_ADV (Prop_MMCM_CLKIN1_CLKOUT0)
                                                      0.644     9.206 r  u_clkgen/g_hw.u_mmcm/CLKOUT0
                         net (fo=1, routed)           0.228     9.434    u_clkgen/g_hw.clk_out0
    BUFGCE_X0Y34         BUFGCE (Prop_BUFCE_BUFGCE_I_O)
                                                      0.024     9.458 r  u_clkgen/g_hw.u_bufg_out/O
    X1Y3 (CLOCK_ROOT)    net (fo=50443, routed)       2.361    11.819    u_tcb/dp_clk
    SLICE_X19Y197        FDCE                                         r  u_tcb/snd_wnd_r_reg[10][15]/C
                         clock pessimism             -0.304    11.515    
                         clock uncertainty           -0.062    11.453    
    SLICE_X19Y197        FDCE (Setup_GFF_SLICEL_C_CE)
                                                     -0.043    11.410    u_tcb/snd_wnd_r_reg[10][15]
  -------------------------------------------------------------------
                         required time                         11.410    
                         arrival time                         -11.281    
  -------------------------------------------------------------------
                         slack                                  0.129    

Slack (MET) :             0.129ns  (required time - arrival time)
  Source:                 u_tcp_tx/tick_cnt_reg[2]/C
                            (rising edge-triggered cell FDCE clocked by g_hw.clk_out0  {rise@0.000ns fall@3.200ns period=6.400ns})
  Destination:            u_tcb/snd_wnd_r_reg[10][4]/CE
                            (rising edge-triggered cell FDCE clocked by g_hw.clk_out0  {rise@0.000ns fall@3.200ns period=6.400ns})
  Path Group:             g_hw.clk_out0
  Path Type:              Setup (Max at Slow Process Corner)
  Requirement:            6.400ns  (g_hw.clk_out0 rise@6.400ns - g_hw.clk_out0 rise@0.000ns)
  Data Path Delay:        6.050ns  (logic 1.970ns (32.560%)  route 4.080ns (67.440%))
  Logic Levels:           16  (CARRY8=3 LUT2=1 LUT3=2 LUT4=1 LUT5=2 LUT6=7)
  Clock Path Skew:        -0.116ns (DCD - SCD + CPR)
    Destination Clock Delay (DCD):    5.419ns = ( 11.819 - 6.400 ) 
    Source Clock Delay      (SCD):    5.231ns
    Clock Pessimism Removal (CPR):    -0.304ns
  Clock Uncertainty:      0.062ns  ((TSJ^2 + DJ^2)^1/2) / 2 + PE
    Total System Jitter     (TSJ):    0.071ns
    Discrete Jitter          (DJ):    0.101ns
    Phase Error              (PE):    0.000ns
  Clock Net Delay (Source):      2.579ns (routing 1.064ns, distribution 1.515ns)
  Clock Net Delay (Destination): 2.361ns (routing 0.965ns, distribution 1.396ns)

    Location             Delay type                Incr(ns)  Path(ns)    Netlist Resource(s)
  -------------------------------------------------------------------    -------------------
                         (clock g_hw.clk_out0 rise edge)
                                                      0.000     0.000 r  
    T25                                               0.000     0.000 r  sys_clk_p (IN)
                         net (fo=0)                   0.100     0.100    u_clkgen/g_hw.u_ibufds/I
    HPIOBDIFFINBUF_X0Y37 DIFFINBUF (Prop_DIFFINBUF_HPIOBDIFFINBUF_DIFF_IN_P_O)
                                                      0.479     0.579 r  u_clkgen/g_hw.u_ibufds/DIFFINBUF_INST/O
                         net (fo=1, routed)           0.050     0.629    u_clkgen/g_hw.u_ibufds/OUT
    T25                  IBUFCTRL (Prop_IBUFCTRL_HPIOB_M_I_O)
                                                      0.000     0.629 r  u_clkgen/g_hw.u_ibufds/IBUFCTRL_INST/O
                         net (fo=1, routed)           0.343     0.972    u_clkgen/g_hw.clk_in_ibuf
    BUFGCE_X0Y32         BUFGCE (Prop_BUFCE_BUFGCE_I_O)
                                                      0.028     1.000 r  u_clkgen/g_hw.u_bufg_in/O
                         net (fo=485, routed)         1.474     2.474    u_clkgen/clk_in_100
    MMCM_X0Y1            MMCME4_ADV (Prop_MMCM_CLKIN1_CLKOUT0)
                                                     -0.106     2.368 r  u_clkgen/g_hw.u_mmcm/CLKOUT0
                         net (fo=1, routed)           0.256     2.624    u_clkgen/g_hw.clk_out0
    BUFGCE_X0Y34         BUFGCE (Prop_BUFCE_BUFGCE_I_O)
                                                      0.028     2.652 r  u_clkgen/g_hw.u_bufg_out/O
    X1Y3 (CLOCK_ROOT)    net (fo=50443, routed)       2.579     5.231    u_tcp_tx/dp_clk
    SLICE_X45Y166        FDCE                                         r  u_tcp_tx/tick_cnt_reg[2]/C
  -------------------------------------------------------------------    -------------------
    SLICE_X45Y166        FDCE (Prop_CFF2_SLICEL_C_Q)
                                                      0.097     5.328 f  u_tcp_tx/tick_cnt_reg[2]/Q
                         net (fo=5, routed)           0.186     5.513    u_tcp_tx/u_retx/scan_id_reg[3][2]
    SLICE_X45Y166        LUT4 (Prop_F6LUT_SLICEL_I3_O)
                                                      0.148     5.661 r  u_tcp_tx/u_retx/scan_id[3]_i_4__0/O
                         net (fo=3, routed)           0.437     6.098    u_tcp_tx/u_csum/scan_id_reg[3]_3
    SLICE_X36Y172        LUT6 (Prop_G6LUT_SLICEL_I5_O)
                                                      0.038     6.136 f  u_tcp_tx/u_csum/scan_id[3]_i_1__0/O
                         net (fo=422, routed)         0.229     6.365    u_tcp_tx/u_fifo_b/ctrl_doff_reg[3]_0[0]
    SLICE_X38Y174        LUT6 (Prop_C6LUT_SLICEL_I4_O)
                                                      0.148     6.513 r  u_tcp_tx/u_fifo_b/ctrl_doff[3]_i_1/O
                         net (fo=104, routed)         0.282     6.795    u_tcp_tx/u_ackq/ctrl_ack_reg[0]
    SLICE_X36Y175        LUT6 (Prop_E6LUT_SLICEL_I4_O)
                                                      0.100     6.895 r  u_tcp_tx/u_ackq/f_seq[1][31]_i_9/O
                         net (fo=94, routed)          0.577     7.472    u_tcb/cam_rd_id[1]
    SLICE_X25Y181        LUT6 (Prop_C6LUT_SLICEM_I2_O)
                                                      0.098     7.570 r  u_tcb/f_seq[1][11]_i_2/O
                         net (fo=3, routed)           0.200     7.770    u_tcb/f_seq[1][11]_i_2_n_53
    SLICE_X25Y181        LUT6 (Prop_H6LUT_SLICEM_I0_O)
                                                      0.182     7.952 r  u_tcb/f_seq[1][11]_i_1/O
                         net (fo=20, routed)          0.238     8.190    u_tcb/D[11]
    SLICE_X26Y177        LUT2 (Prop_D6LUT_SLICEL_I0_O)
                                                      0.063     8.253 r  u_tcb/mem_reg_0_31_28_38_i_60/O
                         net (fo=1, routed)           0.010     8.263    u_tcb/mem_reg_0_31_28_38_i_60_n_53
    SLICE_X26Y177        CARRY8 (Prop_CARRY8_SLICEL_S[3]_CO[7])
                                                      0.195     8.458 r  u_tcb/mem_reg_0_31_28_38_i_46/CO[7]
                         net (fo=1, routed)           0.028     8.486    u_tcb/mem_reg_0_31_28_38_i_46_n_53
    SLICE_X26Y178        CARRY8 (Prop_CARRY8_SLICEL_CI_CO[7])
                                                      0.023     8.509 r  u_tcb/mem_reg_0_31_28_38_i_29/CO[7]
                         net (fo=1, routed)           0.028     8.537    u_tcb/mem_reg_0_31_28_38_i_29_n_53
    SLICE_X26Y179        CARRY8 (Prop_CARRY8_SLICEL_CI_O[7])
                                                      0.146     8.683 r  u_tcb/mem_reg_0_31_28_38_i_19/O[7]
                         net (fo=2, routed)           0.250     8.933    u_tcb/u_tcp_tx/ring_ovf12_out[31]
    SLICE_X25Y182        LUT3 (Prop_F6LUT_SLICEM_I2_O)
                                                      0.038     8.971 f  u_tcb/fc_rr[3]_i_7/O
                         net (fo=1, routed)           0.160     9.131    u_tcp_tx/fc_rr[3]_i_4
    SLICE_X25Y185        LUT6 (Prop_G6LUT_SLICEM_I0_O)
                                                      0.116     9.247 r  u_tcp_tx/fc_rr[3]_i_6/O
                         net (fo=37, routed)          0.228     9.475    u_tcp_tx/u_ackq/wscale_r_reg[14][0]_2
    SLICE_X23Y186        LUT5 (Prop_E5LUT_SLICEL_I3_O)
                                                      0.140     9.615 f  u_tcp_tx/u_ackq/rcv_nxt_r[0][31]_i_33/O
                         net (fo=1, routed)           0.210     9.825    u_tcp_tx/u_ackq/rcv_nxt_r[0][31]_i_33_n_53
    SLICE_X22Y187        LUT5 (Prop_B6LUT_SLICEL_I4_O)
                                                      0.177    10.002 f  u_tcp_tx/u_ackq/rcv_nxt_r[0][31]_i_15/O
                         net (fo=1, routed)           0.058    10.060    u_tcp_tx/u_ackq/tx_upd_id[0]
    SLICE_X22Y187        LUT3 (Prop_F6LUT_SLICEL_I0_O)
                                                      0.148    10.208 f  u_tcp_tx/u_ackq/rcv_nxt_r[0][31]_i_4/O
                         net (fo=114, routed)         0.376    10.584    u_tcp_tx/u_ackq/tcb_id[0]
    SLICE_X25Y190        LUT6 (Prop_F6LUT_SLICEM_I2_O)
                                                      0.113    10.697 r  u_tcp_tx/u_ackq/snd_wnd_r[10][15]_i_1/O
                         net (fo=16, routed)          0.584    11.281    u_tcb/snd_wnd_r_reg[10][15]_0[0]
    SLICE_X19Y197        FDCE                                         r  u_tcb/snd_wnd_r_reg[10][4]/CE
  -------------------------------------------------------------------    -------------------

                         (clock g_hw.clk_out0 rise edge)
                                                      6.400     6.400 r  
    T25                                               0.000     6.400 r  sys_clk_p (IN)
                         net (fo=0)                   0.079     6.479    u_clkgen/g_hw.u_ibufds/I
    HPIOBDIFFINBUF_X0Y37 DIFFINBUF (Prop_DIFFINBUF_HPIOBDIFFINBUF_DIFF_IN_P_O)
                                                      0.398     6.877 r  u_clkgen/g_hw.u_ibufds/DIFFINBUF_INST/O
                         net (fo=1, routed)           0.040     6.917    u_clkgen/g_hw.u_ibufds/OUT
    T25                  IBUFCTRL (Prop_IBUFCTRL_HPIOB_M_I_O)
                                                      0.000     6.917 r  u_clkgen/g_hw.u_ibufds/IBUFCTRL_INST/O
                         net (fo=1, routed)           0.304     7.221    u_clkgen/g_hw.clk_in_ibuf
    BUFGCE_X0Y32         BUFGCE (Prop_BUFCE_BUFGCE_I_O)
                                                      0.024     7.245 r  u_clkgen/g_hw.u_bufg_in/O
                         net (fo=485, routed)         1.317     8.562    u_clkgen/clk_in_100
    MMCM_X0Y1            MMCME4_ADV (Prop_MMCM_CLKIN1_CLKOUT0)
                                                      0.644     9.206 r  u_clkgen/g_hw.u_mmcm/CLKOUT0
                         net (fo=1, routed)           0.228     9.434    u_clkgen/g_hw.clk_out0
    BUFGCE_X0Y34         BUFGCE (Prop_BUFCE_BUFGCE_I_O)
                                                      0.024     9.458 r  u_clkgen/g_hw.u_bufg_out/O
    X1Y3 (CLOCK_ROOT)    net (fo=50443, routed)       2.361    11.819    u_tcb/dp_clk
    SLICE_X19Y197        FDCE                                         r  u_tcb/snd_wnd_r_reg[10][4]/C
                         clock pessimism             -0.304    11.515    
                         clock uncertainty           -0.062    11.453    
    SLICE_X19Y197        FDCE (Setup_FFF_SLICEL_C_CE)
                                                     -0.043    11.410    u_tcb/snd_wnd_r_reg[10][4]
  -------------------------------------------------------------------
                         required time                         11.410    
                         arrival time                         -11.281    
  -------------------------------------------------------------------
                         slack                                  0.129    

Slack (MET) :             0.129ns  (required time - arrival time)
  Source:                 u_tcp_tx/tick_cnt_reg[2]/C
                            (rising edge-triggered cell FDCE clocked by g_hw.clk_out0  {rise@0.000ns fall@3.200ns period=6.400ns})
  Destination:            u_tcb/snd_wnd_r_reg[10][9]/CE
                            (rising edge-triggered cell FDCE clocked by g_hw.clk_out0  {rise@0.000ns fall@3.200ns period=6.400ns})
  Path Group:             g_hw.clk_out0
  Path Type:              Setup (Max at Slow Process Corner)
  Requirement:            6.400ns  (g_hw.clk_out0 rise@6.400ns - g_hw.clk_out0 rise@0.000ns)
  Data Path Delay:        6.050ns  (logic 1.970ns (32.560%)  route 4.080ns (67.440%))
  Logic Levels:           16  (CARRY8=3 LUT2=1 LUT3=2 LUT4=1 LUT5=2 LUT6=7)
  Clock Path Skew:        -0.116ns (DCD - SCD + CPR)
    Destination Clock Delay (DCD):    5.419ns = ( 11.819 - 6.400 ) 
    Source Clock Delay      (SCD):    5.231ns
    Clock Pessimism Removal (CPR):    -0.304ns
  Clock Uncertainty:      0.062ns  ((TSJ^2 + DJ^2)^1/2) / 2 + PE
    Total System Jitter     (TSJ):    0.071ns
    Discrete Jitter          (DJ):    0.101ns
    Phase Error              (PE):    0.000ns
  Clock Net Delay (Source):      2.579ns (routing 1.064ns, distribution 1.515ns)
  Clock Net Delay (Destination): 2.361ns (routing 0.965ns, distribution 1.396ns)

    Location             Delay type                Incr(ns)  Path(ns)    Netlist Resource(s)
  -------------------------------------------------------------------    -------------------
                         (clock g_hw.clk_out0 rise edge)
                                                      0.000     0.000 r  
    T25                                               0.000     0.000 r  sys_clk_p (IN)
                         net (fo=0)                   0.100     0.100    u_clkgen/g_hw.u_ibufds/I
    HPIOBDIFFINBUF_X0Y37 DIFFINBUF (Prop_DIFFINBUF_HPIOBDIFFINBUF_DIFF_IN_P_O)
                                                      0.479     0.579 r  u_clkgen/g_hw.u_ibufds/DIFFINBUF_INST/O
                         net (fo=1, routed)           0.050     0.629    u_clkgen/g_hw.u_ibufds/OUT
    T25                  IBUFCTRL (Prop_IBUFCTRL_HPIOB_M_I_O)
                                                      0.000     0.629 r  u_clkgen/g_hw.u_ibufds/IBUFCTRL_INST/O
                         net (fo=1, routed)           0.343     0.972    u_clkgen/g_hw.clk_in_ibuf
    BUFGCE_X0Y32         BUFGCE (Prop_BUFCE_BUFGCE_I_O)
                                                      0.028     1.000 r  u_clkgen/g_hw.u_bufg_in/O
                         net (fo=485, routed)         1.474     2.474    u_clkgen/clk_in_100
    MMCM_X0Y1            MMCME4_ADV (Prop_MMCM_CLKIN1_CLKOUT0)
                                                     -0.106     2.368 r  u_clkgen/g_hw.u_mmcm/CLKOUT0
                         net (fo=1, routed)           0.256     2.624    u_clkgen/g_hw.clk_out0
    BUFGCE_X0Y34         BUFGCE (Prop_BUFCE_BUFGCE_I_O)
                                                      0.028     2.652 r  u_clkgen/g_hw.u_bufg_out/O
    X1Y3 (CLOCK_ROOT)    net (fo=50443, routed)       2.579     5.231    u_tcp_tx/dp_clk
    SLICE_X45Y166        FDCE                                         r  u_tcp_tx/tick_cnt_reg[2]/C
  -------------------------------------------------------------------    -------------------
    SLICE_X45Y166        FDCE (Prop_CFF2_SLICEL_C_Q)
                                                      0.097     5.328 f  u_tcp_tx/tick_cnt_reg[2]/Q
                         net (fo=5, routed)           0.186     5.513    u_tcp_tx/u_retx/scan_id_reg[3][2]
    SLICE_X45Y166        LUT4 (Prop_F6LUT_SLICEL_I3_O)
                                                      0.148     5.661 r  u_tcp_tx/u_retx/scan_id[3]_i_4__0/O
                         net (fo=3, routed)           0.437     6.098    u_tcp_tx/u_csum/scan_id_reg[3]_3
    SLICE_X36Y172        LUT6 (Prop_G6LUT_SLICEL_I5_O)
                                                      0.038     6.136 f  u_tcp_tx/u_csum/scan_id[3]_i_1__0/O
                         net (fo=422, routed)         0.229     6.365    u_tcp_tx/u_fifo_b/ctrl_doff_reg[3]_0[0]
    SLICE_X38Y174        LUT6 (Prop_C6LUT_SLICEL_I4_O)
                                                      0.148     6.513 r  u_tcp_tx/u_fifo_b/ctrl_doff[3]_i_1/O
                         net (fo=104, routed)         0.282     6.795    u_tcp_tx/u_ackq/ctrl_ack_reg[0]
    SLICE_X36Y175        LUT6 (Prop_E6LUT_SLICEL_I4_O)
                                                      0.100     6.895 r  u_tcp_tx/u_ackq/f_seq[1][31]_i_9/O
                         net (fo=94, routed)          0.577     7.472    u_tcb/cam_rd_id[1]
    SLICE_X25Y181        LUT6 (Prop_C6LUT_SLICEM_I2_O)
                                                      0.098     7.570 r  u_tcb/f_seq[1][11]_i_2/O
                         net (fo=3, routed)           0.200     7.770    u_tcb/f_seq[1][11]_i_2_n_53
    SLICE_X25Y181        LUT6 (Prop_H6LUT_SLICEM_I0_O)
                                                      0.182     7.952 r  u_tcb/f_seq[1][11]_i_1/O
                         net (fo=20, routed)          0.238     8.190    u_tcb/D[11]
    SLICE_X26Y177        LUT2 (Prop_D6LUT_SLICEL_I0_O)
                                                      0.063     8.253 r  u_tcb/mem_reg_0_31_28_38_i_60/O
                         net (fo=1, routed)           0.010     8.263    u_tcb/mem_reg_0_31_28_38_i_60_n_53
    SLICE_X26Y177        CARRY8 (Prop_CARRY8_SLICEL_S[3]_CO[7])
                                                      0.195     8.458 r  u_tcb/mem_reg_0_31_28_38_i_46/CO[7]
                         net (fo=1, routed)           0.028     8.486    u_tcb/mem_reg_0_31_28_38_i_46_n_53
    SLICE_X26Y178        CARRY8 (Prop_CARRY8_SLICEL_CI_CO[7])
                                                      0.023     8.509 r  u_tcb/mem_reg_0_31_28_38_i_29/CO[7]
                         net (fo=1, routed)           0.028     8.537    u_tcb/mem_reg_0_31_28_38_i_29_n_53
    SLICE_X26Y179        CARRY8 (Prop_CARRY8_SLICEL_CI_O[7])
                                                      0.146     8.683 r  u_tcb/mem_reg_0_31_28_38_i_19/O[7]
                         net (fo=2, routed)           0.250     8.933    u_tcb/u_tcp_tx/ring_ovf12_out[31]
    SLICE_X25Y182        LUT3 (Prop_F6LUT_SLICEM_I2_O)
                                                      0.038     8.971 f  u_tcb/fc_rr[3]_i_7/O
                         net (fo=1, routed)           0.160     9.131    u_tcp_tx/fc_rr[3]_i_4
    SLICE_X25Y185        LUT6 (Prop_G6LUT_SLICEM_I0_O)
                                                      0.116     9.247 r  u_tcp_tx/fc_rr[3]_i_6/O
                         net (fo=37, routed)          0.228     9.475    u_tcp_tx/u_ackq/wscale_r_reg[14][0]_2
    SLICE_X23Y186        LUT5 (Prop_E5LUT_SLICEL_I3_O)
                                                      0.140     9.615 f  u_tcp_tx/u_ackq/rcv_nxt_r[0][31]_i_33/O
                         net (fo=1, routed)           0.210     9.825    u_tcp_tx/u_ackq/rcv_nxt_r[0][31]_i_33_n_53
    SLICE_X22Y187        LUT5 (Prop_B6LUT_SLICEL_I4_O)
                                                      0.177    10.002 f  u_tcp_tx/u_ackq/rcv_nxt_r[0][31]_i_15/O
                         net (fo=1, routed)           0.058    10.060    u_tcp_tx/u_ackq/tx_upd_id[0]
    SLICE_X22Y187        LUT3 (Prop_F6LUT_SLICEL_I0_O)
                                                      0.148    10.208 f  u_tcp_tx/u_ackq/rcv_nxt_r[0][31]_i_4/O
                         net (fo=114, routed)         0.376    10.584    u_tcp_tx/u_ackq/tcb_id[0]
    SLICE_X25Y190        LUT6 (Prop_F6LUT_SLICEM_I2_O)
                                                      0.113    10.697 r  u_tcp_tx/u_ackq/snd_wnd_r[10][15]_i_1/O
                         net (fo=16, routed)          0.584    11.281    u_tcb/snd_wnd_r_reg[10][15]_0[0]
    SLICE_X19Y197        FDCE                                         r  u_tcb/snd_wnd_r_reg[10][9]/CE
  -------------------------------------------------------------------    -------------------

                         (clock g_hw.clk_out0 rise edge)
                                                      6.400     6.400 r  
    T25                                               0.000     6.400 r  sys_clk_p (IN)
                         net (fo=0)                   0.079     6.479    u_clkgen/g_hw.u_ibufds/I
    HPIOBDIFFINBUF_X0Y37 DIFFINBUF (Prop_DIFFINBUF_HPIOBDIFFINBUF_DIFF_IN_P_O)
                                                      0.398     6.877 r  u_clkgen/g_hw.u_ibufds/DIFFINBUF_INST/O
                         net (fo=1, routed)           0.040     6.917    u_clkgen/g_hw.u_ibufds/OUT
    T25                  IBUFCTRL (Prop_IBUFCTRL_HPIOB_M_I_O)
                                                      0.000     6.917 r  u_clkgen/g_hw.u_ibufds/IBUFCTRL_INST/O
                         net (fo=1, routed)           0.304     7.221    u_clkgen/g_hw.clk_in_ibuf
    BUFGCE_X0Y32         BUFGCE (Prop_BUFCE_BUFGCE_I_O)
                                                      0.024     7.245 r  u_clkgen/g_hw.u_bufg_in/O
                         net (fo=485, routed)         1.317     8.562    u_clkgen/clk_in_100
    MMCM_X0Y1            MMCME4_ADV (Prop_MMCM_CLKIN1_CLKOUT0)
                                                      0.644     9.206 r  u_clkgen/g_hw.u_mmcm/CLKOUT0
                         net (fo=1, routed)           0.228     9.434    u_clkgen/g_hw.clk_out0
    BUFGCE_X0Y34         BUFGCE (Prop_BUFCE_BUFGCE_I_O)
                                                      0.024     9.458 r  u_clkgen/g_hw.u_bufg_out/O
    X1Y3 (CLOCK_ROOT)    net (fo=50443, routed)       2.361    11.819    u_tcb/dp_clk
    SLICE_X19Y197        FDCE                                         r  u_tcb/snd_wnd_r_reg[10][9]/C
                         clock pessimism             -0.304    11.515    
                         clock uncertainty           -0.062    11.453    
    SLICE_X19Y197        FDCE (Setup_EFF_SLICEL_C_CE)
                                                     -0.043    11.410    u_tcb/snd_wnd_r_reg[10][9]
  -------------------------------------------------------------------
                         required time                         11.410    
                         arrival time                         -11.281    
  -------------------------------------------------------------------
                         slack                                  0.129    

Slack (MET) :             0.131ns  (required time - arrival time)
  Source:                 u_tcp_tx/tick_cnt_reg[2]/C
                            (rising edge-triggered cell FDCE clocked by g_hw.clk_out0  {rise@0.000ns fall@3.200ns period=6.400ns})
  Destination:            u_tcb/snd_nxt_r_reg[5][11]/CE
                            (rising edge-triggered cell FDCE clocked by g_hw.clk_out0  {rise@0.000ns fall@3.200ns period=6.400ns})
  Path Group:             g_hw.clk_out0
  Path Type:              Setup (Max at Slow Process Corner)
  Requirement:            6.400ns  (g_hw.clk_out0 rise@6.400ns - g_hw.clk_out0 rise@0.000ns)
  Data Path Delay:        6.003ns  (logic 2.004ns (33.382%)  route 3.999ns (66.618%))
  Logic Levels:           16  (CARRY8=3 LUT2=1 LUT3=2 LUT4=1 LUT5=2 LUT6=7)
  Clock Path Skew:        -0.162ns (DCD - SCD + CPR)
    Destination Clock Delay (DCD):    5.373ns = ( 11.773 - 6.400 ) 
    Source Clock Delay      (SCD):    5.231ns
    Clock Pessimism Removal (CPR):    -0.304ns
  Clock Uncertainty:      0.062ns  ((TSJ^2 + DJ^2)^1/2) / 2 + PE
    Total System Jitter     (TSJ):    0.071ns
    Discrete Jitter          (DJ):    0.101ns
    Phase Error              (PE):    0.000ns
  Clock Net Delay (Source):      2.579ns (routing 1.064ns, distribution 1.515ns)
  Clock Net Delay (Destination): 2.315ns (routing 0.965ns, distribution 1.350ns)

    Location             Delay type                Incr(ns)  Path(ns)    Netlist Resource(s)
  -------------------------------------------------------------------    -------------------
                         (clock g_hw.clk_out0 rise edge)
                                                      0.000     0.000 r  
    T25                                               0.000     0.000 r  sys_clk_p (IN)
                         net (fo=0)                   0.100     0.100    u_clkgen/g_hw.u_ibufds/I
    HPIOBDIFFINBUF_X0Y37 DIFFINBUF (Prop_DIFFINBUF_HPIOBDIFFINBUF_DIFF_IN_P_O)
                                                      0.479     0.579 r  u_clkgen/g_hw.u_ibufds/DIFFINBUF_INST/O
                         net (fo=1, routed)           0.050     0.629    u_clkgen/g_hw.u_ibufds/OUT
    T25                  IBUFCTRL (Prop_IBUFCTRL_HPIOB_M_I_O)
                                                      0.000     0.629 r  u_clkgen/g_hw.u_ibufds/IBUFCTRL_INST/O
                         net (fo=1, routed)           0.343     0.972    u_clkgen/g_hw.clk_in_ibuf
    BUFGCE_X0Y32         BUFGCE (Prop_BUFCE_BUFGCE_I_O)
                                                      0.028     1.000 r  u_clkgen/g_hw.u_bufg_in/O
                         net (fo=485, routed)         1.474     2.474    u_clkgen/clk_in_100
    MMCM_X0Y1            MMCME4_ADV (Prop_MMCM_CLKIN1_CLKOUT0)
                                                     -0.106     2.368 r  u_clkgen/g_hw.u_mmcm/CLKOUT0
                         net (fo=1, routed)           0.256     2.624    u_clkgen/g_hw.clk_out0
    BUFGCE_X0Y34         BUFGCE (Prop_BUFCE_BUFGCE_I_O)
                                                      0.028     2.652 r  u_clkgen/g_hw.u_bufg_out/O
    X1Y3 (CLOCK_ROOT)    net (fo=50443, routed)       2.579     5.231    u_tcp_tx/dp_clk
    SLICE_X45Y166        FDCE                                         r  u_tcp_tx/tick_cnt_reg[2]/C
  -------------------------------------------------------------------    -------------------
    SLICE_X45Y166        FDCE (Prop_CFF2_SLICEL_C_Q)
                                                      0.097     5.328 f  u_tcp_tx/tick_cnt_reg[2]/Q
                         net (fo=5, routed)           0.186     5.513    u_tcp_tx/u_retx/scan_id_reg[3][2]
    SLICE_X45Y166        LUT4 (Prop_F6LUT_SLICEL_I3_O)
                                                      0.148     5.661 r  u_tcp_tx/u_retx/scan_id[3]_i_4__0/O
                         net (fo=3, routed)           0.437     6.098    u_tcp_tx/u_csum/scan_id_reg[3]_3
    SLICE_X36Y172        LUT6 (Prop_G6LUT_SLICEL_I5_O)
                                                      0.038     6.136 f  u_tcp_tx/u_csum/scan_id[3]_i_1__0/O
                         net (fo=422, routed)         0.229     6.365    u_tcp_tx/u_fifo_b/ctrl_doff_reg[3]_0[0]
    SLICE_X38Y174        LUT6 (Prop_C6LUT_SLICEL_I4_O)
                                                      0.148     6.513 r  u_tcp_tx/u_fifo_b/ctrl_doff[3]_i_1/O
                         net (fo=104, routed)         0.282     6.795    u_tcp_tx/u_ackq/ctrl_ack_reg[0]
    SLICE_X36Y175        LUT6 (Prop_E6LUT_SLICEL_I4_O)
                                                      0.100     6.895 r  u_tcp_tx/u_ackq/f_seq[1][31]_i_9/O
                         net (fo=94, routed)          0.577     7.472    u_tcb/cam_rd_id[1]
    SLICE_X25Y181        LUT6 (Prop_C6LUT_SLICEM_I2_O)
                                                      0.098     7.570 r  u_tcb/f_seq[1][11]_i_2/O
                         net (fo=3, routed)           0.200     7.770    u_tcb/f_seq[1][11]_i_2_n_53
    SLICE_X25Y181        LUT6 (Prop_H6LUT_SLICEM_I0_O)
                                                      0.182     7.952 r  u_tcb/f_seq[1][11]_i_1/O
                         net (fo=20, routed)          0.238     8.190    u_tcb/D[11]
    SLICE_X26Y177        LUT2 (Prop_D6LUT_SLICEL_I0_O)
                                                      0.063     8.253 r  u_tcb/mem_reg_0_31_28_38_i_60/O
                         net (fo=1, routed)           0.010     8.263    u_tcb/mem_reg_0_31_28_38_i_60_n_53
    SLICE_X26Y177        CARRY8 (Prop_CARRY8_SLICEL_S[3]_CO[7])
                                                      0.195     8.458 r  u_tcb/mem_reg_0_31_28_38_i_46/CO[7]
                         net (fo=1, routed)           0.028     8.486    u_tcb/mem_reg_0_31_28_38_i_46_n_53
    SLICE_X26Y178        CARRY8 (Prop_CARRY8_SLICEL_CI_CO[7])
                                                      0.023     8.509 r  u_tcb/mem_reg_0_31_28_38_i_29/CO[7]
                         net (fo=1, routed)           0.028     8.537    u_tcb/mem_reg_0_31_28_38_i_29_n_53
    SLICE_X26Y179        CARRY8 (Prop_CARRY8_SLICEL_CI_O[7])
                                                      0.146     8.683 r  u_tcb/mem_reg_0_31_28_38_i_19/O[7]
                         net (fo=2, routed)           0.250     8.933    u_tcb/u_tcp_tx/ring_ovf12_out[31]
    SLICE_X25Y182        LUT3 (Prop_F6LUT_SLICEM_I2_O)
                                                      0.038     8.971 f  u_tcb/fc_rr[3]_i_7/O
                         net (fo=1, routed)           0.160     9.131    u_tcp_tx/fc_rr[3]_i_4
    SLICE_X25Y185        LUT6 (Prop_G6LUT_SLICEM_I0_O)
                                                      0.116     9.247 r  u_tcp_tx/fc_rr[3]_i_6/O
                         net (fo=37, routed)          0.228     9.475    u_tcp_tx/u_ackq/wscale_r_reg[14][0]_2
    SLICE_X23Y186        LUT5 (Prop_E5LUT_SLICEL_I3_O)
                                                      0.140     9.615 r  u_tcp_tx/u_ackq/rcv_nxt_r[0][31]_i_33/O
                         net (fo=1, routed)           0.210     9.825    u_tcp_tx/u_ackq/rcv_nxt_r[0][31]_i_33_n_53
    SLICE_X22Y187        LUT5 (Prop_B6LUT_SLICEL_I4_O)
                                                      0.177    10.002 r  u_tcp_tx/u_ackq/rcv_nxt_r[0][31]_i_15/O
                         net (fo=1, routed)           0.058    10.060    u_tcp_tx/u_ackq/tx_upd_id[0]
    SLICE_X22Y187        LUT3 (Prop_F6LUT_SLICEL_I0_O)
                                                      0.148    10.208 r  u_tcp_tx/u_ackq/rcv_nxt_r[0][31]_i_4/O
                         net (fo=114, routed)         0.468    10.676    u_tcp_tx/u_ackq/tcb_id[0]
    SLICE_X25Y194        LUT6 (Prop_D6LUT_SLICEM_I1_O)
                                                      0.147    10.823 r  u_tcp_tx/u_ackq/snd_nxt_r[5][31]_i_1/O
                         net (fo=32, routed)          0.411    11.234    u_tcb/snd_nxt_r_reg[5][31]_0[0]
    SLICE_X27Y197        FDCE                                         r  u_tcb/snd_nxt_r_reg[5][11]/CE
  -------------------------------------------------------------------    -------------------

                         (clock g_hw.clk_out0 rise edge)
                                                      6.400     6.400 r  
    T25                                               0.000     6.400 r  sys_clk_p (IN)
                         net (fo=0)                   0.079     6.479    u_clkgen/g_hw.u_ibufds/I
    HPIOBDIFFINBUF_X0Y37 DIFFINBUF (Prop_DIFFINBUF_HPIOBDIFFINBUF_DIFF_IN_P_O)
                                                      0.398     6.877 r  u_clkgen/g_hw.u_ibufds/DIFFINBUF_INST/O
                         net (fo=1, routed)           0.040     6.917    u_clkgen/g_hw.u_ibufds/OUT
    T25                  IBUFCTRL (Prop_IBUFCTRL_HPIOB_M_I_O)
                                                      0.000     6.917 r  u_clkgen/g_hw.u_ibufds/IBUFCTRL_INST/O
                         net (fo=1, routed)           0.304     7.221    u_clkgen/g_hw.clk_in_ibuf
    BUFGCE_X0Y32         BUFGCE (Prop_BUFCE_BUFGCE_I_O)
                                                      0.024     7.245 r  u_clkgen/g_hw.u_bufg_in/O
                         net (fo=485, routed)         1.317     8.562    u_clkgen/clk_in_100
    MMCM_X0Y1            MMCME4_ADV (Prop_MMCM_CLKIN1_CLKOUT0)
                                                      0.644     9.206 r  u_clkgen/g_hw.u_mmcm/CLKOUT0
                         net (fo=1, routed)           0.228     9.434    u_clkgen/g_hw.clk_out0
    BUFGCE_X0Y34         BUFGCE (Prop_BUFCE_BUFGCE_I_O)
                                                      0.024     9.458 r  u_clkgen/g_hw.u_bufg_out/O
    X1Y3 (CLOCK_ROOT)    net (fo=50443, routed)       2.315    11.773    u_tcb/dp_clk
    SLICE_X27Y197        FDCE                                         r  u_tcb/snd_nxt_r_reg[5][11]/C
                         clock pessimism             -0.304    11.469    
                         clock uncertainty           -0.062    11.407    
    SLICE_X27Y197        FDCE (Setup_HFF2_SLICEL_C_CE)
                                                     -0.042    11.365    u_tcb/snd_nxt_r_reg[5][11]
  -------------------------------------------------------------------
                         required time                         11.365    
                         arrival time                         -11.234    
  -------------------------------------------------------------------
                         slack                                  0.131    

Slack (MET) :             0.131ns  (required time - arrival time)
  Source:                 u_tcp_tx/tick_cnt_reg[2]/C
                            (rising edge-triggered cell FDCE clocked by g_hw.clk_out0  {rise@0.000ns fall@3.200ns period=6.400ns})
  Destination:            u_tcb/snd_nxt_r_reg[5][15]/CE
                            (rising edge-triggered cell FDCE clocked by g_hw.clk_out0  {rise@0.000ns fall@3.200ns period=6.400ns})
  Path Group:             g_hw.clk_out0
  Path Type:              Setup (Max at Slow Process Corner)
  Requirement:            6.400ns  (g_hw.clk_out0 rise@6.400ns - g_hw.clk_out0 rise@0.000ns)
  Data Path Delay:        6.003ns  (logic 2.004ns (33.382%)  route 3.999ns (66.618%))
  Logic Levels:           16  (CARRY8=3 LUT2=1 LUT3=2 LUT4=1 LUT5=2 LUT6=7)
  Clock Path Skew:        -0.162ns (DCD - SCD + CPR)
    Destination Clock Delay (DCD):    5.373ns = ( 11.773 - 6.400 ) 
    Source Clock Delay      (SCD):    5.231ns
    Clock Pessimism Removal (CPR):    -0.304ns
  Clock Uncertainty:      0.062ns  ((TSJ^2 + DJ^2)^1/2) / 2 + PE
    Total System Jitter     (TSJ):    0.071ns
    Discrete Jitter          (DJ):    0.101ns
    Phase Error              (PE):    0.000ns
  Clock Net Delay (Source):      2.579ns (routing 1.064ns, distribution 1.515ns)
  Clock Net Delay (Destination): 2.315ns (routing 0.965ns, distribution 1.350ns)

    Location             Delay type                Incr(ns)  Path(ns)    Netlist Resource(s)
  -------------------------------------------------------------------    -------------------
                         (clock g_hw.clk_out0 rise edge)
                                                      0.000     0.000 r  
    T25                                               0.000     0.000 r  sys_clk_p (IN)
                         net (fo=0)                   0.100     0.100    u_clkgen/g_hw.u_ibufds/I
    HPIOBDIFFINBUF_X0Y37 DIFFINBUF (Prop_DIFFINBUF_HPIOBDIFFINBUF_DIFF_IN_P_O)
                                                      0.479     0.579 r  u_clkgen/g_hw.u_ibufds/DIFFINBUF_INST/O
                         net (fo=1, routed)           0.050     0.629    u_clkgen/g_hw.u_ibufds/OUT
    T25                  IBUFCTRL (Prop_IBUFCTRL_HPIOB_M_I_O)
                                                      0.000     0.629 r  u_clkgen/g_hw.u_ibufds/IBUFCTRL_INST/O
                         net (fo=1, routed)           0.343     0.972    u_clkgen/g_hw.clk_in_ibuf
    BUFGCE_X0Y32         BUFGCE (Prop_BUFCE_BUFGCE_I_O)
                                                      0.028     1.000 r  u_clkgen/g_hw.u_bufg_in/O
                         net (fo=485, routed)         1.474     2.474    u_clkgen/clk_in_100
    MMCM_X0Y1            MMCME4_ADV (Prop_MMCM_CLKIN1_CLKOUT0)
                                                     -0.106     2.368 r  u_clkgen/g_hw.u_mmcm/CLKOUT0
                         net (fo=1, routed)           0.256     2.624    u_clkgen/g_hw.clk_out0
    BUFGCE_X0Y34         BUFGCE (Prop_BUFCE_BUFGCE_I_O)
                                                      0.028     2.652 r  u_clkgen/g_hw.u_bufg_out/O
    X1Y3 (CLOCK_ROOT)    net (fo=50443, routed)       2.579     5.231    u_tcp_tx/dp_clk
    SLICE_X45Y166        FDCE                                         r  u_tcp_tx/tick_cnt_reg[2]/C
  -------------------------------------------------------------------    -------------------
    SLICE_X45Y166        FDCE (Prop_CFF2_SLICEL_C_Q)
                                                      0.097     5.328 f  u_tcp_tx/tick_cnt_reg[2]/Q
                         net (fo=5, routed)           0.186     5.513    u_tcp_tx/u_retx/scan_id_reg[3][2]
    SLICE_X45Y166        LUT4 (Prop_F6LUT_SLICEL_I3_O)
                                                      0.148     5.661 r  u_tcp_tx/u_retx/scan_id[3]_i_4__0/O
                         net (fo=3, routed)           0.437     6.098    u_tcp_tx/u_csum/scan_id_reg[3]_3
    SLICE_X36Y172        LUT6 (Prop_G6LUT_SLICEL_I5_O)
                                                      0.038     6.136 f  u_tcp_tx/u_csum/scan_id[3]_i_1__0/O
                         net (fo=422, routed)         0.229     6.365    u_tcp_tx/u_fifo_b/ctrl_doff_reg[3]_0[0]
    SLICE_X38Y174        LUT6 (Prop_C6LUT_SLICEL_I4_O)
                                                      0.148     6.513 r  u_tcp_tx/u_fifo_b/ctrl_doff[3]_i_1/O
                         net (fo=104, routed)         0.282     6.795    u_tcp_tx/u_ackq/ctrl_ack_reg[0]
    SLICE_X36Y175        LUT6 (Prop_E6LUT_SLICEL_I4_O)
                                                      0.100     6.895 r  u_tcp_tx/u_ackq/f_seq[1][31]_i_9/O
                         net (fo=94, routed)          0.577     7.472    u_tcb/cam_rd_id[1]
    SLICE_X25Y181        LUT6 (Prop_C6LUT_SLICEM_I2_O)
                                                      0.098     7.570 r  u_tcb/f_seq[1][11]_i_2/O
                         net (fo=3, routed)           0.200     7.770    u_tcb/f_seq[1][11]_i_2_n_53
    SLICE_X25Y181        LUT6 (Prop_H6LUT_SLICEM_I0_O)
                                                      0.182     7.952 r  u_tcb/f_seq[1][11]_i_1/O
                         net (fo=20, routed)          0.238     8.190    u_tcb/D[11]
    SLICE_X26Y177        LUT2 (Prop_D6LUT_SLICEL_I0_O)
                                                      0.063     8.253 r  u_tcb/mem_reg_0_31_28_38_i_60/O
                         net (fo=1, routed)           0.010     8.263    u_tcb/mem_reg_0_31_28_38_i_60_n_53
    SLICE_X26Y177        CARRY8 (Prop_CARRY8_SLICEL_S[3]_CO[7])
                                                      0.195     8.458 r  u_tcb/mem_reg_0_31_28_38_i_46/CO[7]
                         net (fo=1, routed)           0.028     8.486    u_tcb/mem_reg_0_31_28_38_i_46_n_53
    SLICE_X26Y178        CARRY8 (Prop_CARRY8_SLICEL_CI_CO[7])
                                                      0.023     8.509 r  u_tcb/mem_reg_0_31_28_38_i_29/CO[7]
                         net (fo=1, routed)           0.028     8.537    u_tcb/mem_reg_0_31_28_38_i_29_n_53
    SLICE_X26Y179        CARRY8 (Prop_CARRY8_SLICEL_CI_O[7])
                                                      0.146     8.683 r  u_tcb/mem_reg_0_31_28_38_i_19/O[7]
                         net (fo=2, routed)           0.250     8.933    u_tcb/u_tcp_tx/ring_ovf12_out[31]
    SLICE_X25Y182        LUT3 (Prop_F6LUT_SLICEM_I2_O)
                                                      0.038     8.971 f  u_tcb/fc_rr[3]_i_7/O
                         net (fo=1, routed)           0.160     9.131    u_tcp_tx/fc_rr[3]_i_4
    SLICE_X25Y185        LUT6 (Prop_G6LUT_SLICEM_I0_O)
                                                      0.116     9.247 r  u_tcp_tx/fc_rr[3]_i_6/O
                         net (fo=37, routed)          0.228     9.475    u_tcp_tx/u_ackq/wscale_r_reg[14][0]_2
    SLICE_X23Y186        LUT5 (Prop_E5LUT_SLICEL_I3_O)
                                                      0.140     9.615 r  u_tcp_tx/u_ackq/rcv_nxt_r[0][31]_i_33/O
                         net (fo=1, routed)           0.210     9.825    u_tcp_tx/u_ackq/rcv_nxt_r[0][31]_i_33_n_53
    SLICE_X22Y187        LUT5 (Prop_B6LUT_SLICEL_I4_O)
                                                      0.177    10.002 r  u_tcp_tx/u_ackq/rcv_nxt_r[0][31]_i_15/O
                         net (fo=1, routed)           0.058    10.060    u_tcp_tx/u_ackq/tx_upd_id[0]
    SLICE_X22Y187        LUT3 (Prop_F6LUT_SLICEL_I0_O)
                                                      0.148    10.208 r  u_tcp_tx/u_ackq/rcv_nxt_r[0][31]_i_4/O
                         net (fo=114, routed)         0.468    10.676    u_tcp_tx/u_ackq/tcb_id[0]
    SLICE_X25Y194        LUT6 (Prop_D6LUT_SLICEM_I1_O)
                                                      0.147    10.823 r  u_tcp_tx/u_ackq/snd_nxt_r[5][31]_i_1/O
                         net (fo=32, routed)          0.411    11.234    u_tcb/snd_nxt_r_reg[5][31]_0[0]
    SLICE_X27Y197        FDCE                                         r  u_tcb/snd_nxt_r_reg[5][15]/CE
  -------------------------------------------------------------------    -------------------

                         (clock g_hw.clk_out0 rise edge)
                                                      6.400     6.400 r  
    T25                                               0.000     6.400 r  sys_clk_p (IN)
                         net (fo=0)                   0.079     6.479    u_clkgen/g_hw.u_ibufds/I
    HPIOBDIFFINBUF_X0Y37 DIFFINBUF (Prop_DIFFINBUF_HPIOBDIFFINBUF_DIFF_IN_P_O)
                                                      0.398     6.877 r  u_clkgen/g_hw.u_ibufds/DIFFINBUF_INST/O
                         net (fo=1, routed)           0.040     6.917    u_clkgen/g_hw.u_ibufds/OUT
    T25                  IBUFCTRL (Prop_IBUFCTRL_HPIOB_M_I_O)
                                                      0.000     6.917 r  u_clkgen/g_hw.u_ibufds/IBUFCTRL_INST/O
                         net (fo=1, routed)           0.304     7.221    u_clkgen/g_hw.clk_in_ibuf
    BUFGCE_X0Y32         BUFGCE (Prop_BUFCE_BUFGCE_I_O)
                                                      0.024     7.245 r  u_clkgen/g_hw.u_bufg_in/O
                         net (fo=485, routed)         1.317     8.562    u_clkgen/clk_in_100
    MMCM_X0Y1            MMCME4_ADV (Prop_MMCM_CLKIN1_CLKOUT0)
                                                      0.644     9.206 r  u_clkgen/g_hw.u_mmcm/CLKOUT0
                         net (fo=1, routed)           0.228     9.434    u_clkgen/g_hw.clk_out0
    BUFGCE_X0Y34         BUFGCE (Prop_BUFCE_BUFGCE_I_O)
                                                      0.024     9.458 r  u_clkgen/g_hw.u_bufg_out/O
    X1Y3 (CLOCK_ROOT)    net (fo=50443, routed)       2.315    11.773    u_tcb/dp_clk
    SLICE_X27Y197        FDCE                                         r  u_tcb/snd_nxt_r_reg[5][15]/C
                         clock pessimism             -0.304    11.469    
                         clock uncertainty           -0.062    11.407    
    SLICE_X27Y197        FDCE (Setup_GFF2_SLICEL_C_CE)
                                                     -0.042    11.365    u_tcb/snd_nxt_r_reg[5][15]
  -------------------------------------------------------------------
                         required time                         11.365    
                         arrival time                         -11.234    
  -------------------------------------------------------------------
                         slack                                  0.131    

Slack (MET) :             0.136ns  (required time - arrival time)
  Source:                 u_tcp_tx/tick_cnt_reg[2]/C
                            (rising edge-triggered cell FDCE clocked by g_hw.clk_out0  {rise@0.000ns fall@3.200ns period=6.400ns})
  Destination:            u_tcb/snd_nxt_r_reg[5][21]/CE
                            (rising edge-triggered cell FDCE clocked by g_hw.clk_out0  {rise@0.000ns fall@3.200ns period=6.400ns})
  Path Group:             g_hw.clk_out0
  Path Type:              Setup (Max at Slow Process Corner)
  Requirement:            6.400ns  (g_hw.clk_out0 rise@6.400ns - g_hw.clk_out0 rise@0.000ns)
  Data Path Delay:        6.001ns  (logic 2.004ns (33.393%)  route 3.997ns (66.607%))
  Logic Levels:           16  (CARRY8=3 LUT2=1 LUT3=2 LUT4=1 LUT5=2 LUT6=7)
  Clock Path Skew:        -0.158ns (DCD - SCD + CPR)
    Destination Clock Delay (DCD):    5.377ns = ( 11.777 - 6.400 ) 
    Source Clock Delay      (SCD):    5.231ns
    Clock Pessimism Removal (CPR):    -0.304ns
  Clock Uncertainty:      0.062ns  ((TSJ^2 + DJ^2)^1/2) / 2 + PE
    Total System Jitter     (TSJ):    0.071ns
    Discrete Jitter          (DJ):    0.101ns
    Phase Error              (PE):    0.000ns
  Clock Net Delay (Source):      2.579ns (routing 1.064ns, distribution 1.515ns)
  Clock Net Delay (Destination): 2.319ns (routing 0.965ns, distribution 1.354ns)

    Location             Delay type                Incr(ns)  Path(ns)    Netlist Resource(s)
  -------------------------------------------------------------------    -------------------
                         (clock g_hw.clk_out0 rise edge)
                                                      0.000     0.000 r  
    T25                                               0.000     0.000 r  sys_clk_p (IN)
                         net (fo=0)                   0.100     0.100    u_clkgen/g_hw.u_ibufds/I
    HPIOBDIFFINBUF_X0Y37 DIFFINBUF (Prop_DIFFINBUF_HPIOBDIFFINBUF_DIFF_IN_P_O)
                                                      0.479     0.579 r  u_clkgen/g_hw.u_ibufds/DIFFINBUF_INST/O
                         net (fo=1, routed)           0.050     0.629    u_clkgen/g_hw.u_ibufds/OUT
    T25                  IBUFCTRL (Prop_IBUFCTRL_HPIOB_M_I_O)
                                                      0.000     0.629 r  u_clkgen/g_hw.u_ibufds/IBUFCTRL_INST/O
                         net (fo=1, routed)           0.343     0.972    u_clkgen/g_hw.clk_in_ibuf
    BUFGCE_X0Y32         BUFGCE (Prop_BUFCE_BUFGCE_I_O)
                                                      0.028     1.000 r  u_clkgen/g_hw.u_bufg_in/O
                         net (fo=485, routed)         1.474     2.474    u_clkgen/clk_in_100
    MMCM_X0Y1            MMCME4_ADV (Prop_MMCM_CLKIN1_CLKOUT0)
                                                     -0.106     2.368 r  u_clkgen/g_hw.u_mmcm/CLKOUT0
                         net (fo=1, routed)           0.256     2.624    u_clkgen/g_hw.clk_out0
    BUFGCE_X0Y34         BUFGCE (Prop_BUFCE_BUFGCE_I_O)
                                                      0.028     2.652 r  u_clkgen/g_hw.u_bufg_out/O
    X1Y3 (CLOCK_ROOT)    net (fo=50443, routed)       2.579     5.231    u_tcp_tx/dp_clk
    SLICE_X45Y166        FDCE                                         r  u_tcp_tx/tick_cnt_reg[2]/C
  -------------------------------------------------------------------    -------------------
    SLICE_X45Y166        FDCE (Prop_CFF2_SLICEL_C_Q)
                                                      0.097     5.328 f  u_tcp_tx/tick_cnt_reg[2]/Q
                         net (fo=5, routed)           0.186     5.513    u_tcp_tx/u_retx/scan_id_reg[3][2]
    SLICE_X45Y166        LUT4 (Prop_F6LUT_SLICEL_I3_O)
                                                      0.148     5.661 r  u_tcp_tx/u_retx/scan_id[3]_i_4__0/O
                         net (fo=3, routed)           0.437     6.098    u_tcp_tx/u_csum/scan_id_reg[3]_3
    SLICE_X36Y172        LUT6 (Prop_G6LUT_SLICEL_I5_O)
                                                      0.038     6.136 f  u_tcp_tx/u_csum/scan_id[3]_i_1__0/O
                         net (fo=422, routed)         0.229     6.365    u_tcp_tx/u_fifo_b/ctrl_doff_reg[3]_0[0]
    SLICE_X38Y174        LUT6 (Prop_C6LUT_SLICEL_I4_O)
                                                      0.148     6.513 r  u_tcp_tx/u_fifo_b/ctrl_doff[3]_i_1/O
                         net (fo=104, routed)         0.282     6.795    u_tcp_tx/u_ackq/ctrl_ack_reg[0]
    SLICE_X36Y175        LUT6 (Prop_E6LUT_SLICEL_I4_O)
                                                      0.100     6.895 r  u_tcp_tx/u_ackq/f_seq[1][31]_i_9/O
                         net (fo=94, routed)          0.577     7.472    u_tcb/cam_rd_id[1]
    SLICE_X25Y181        LUT6 (Prop_C6LUT_SLICEM_I2_O)
                                                      0.098     7.570 r  u_tcb/f_seq[1][11]_i_2/O
                         net (fo=3, routed)           0.200     7.770    u_tcb/f_seq[1][11]_i_2_n_53
    SLICE_X25Y181        LUT6 (Prop_H6LUT_SLICEM_I0_O)
                                                      0.182     7.952 r  u_tcb/f_seq[1][11]_i_1/O
                         net (fo=20, routed)          0.238     8.190    u_tcb/D[11]
    SLICE_X26Y177        LUT2 (Prop_D6LUT_SLICEL_I0_O)
                                                      0.063     8.253 r  u_tcb/mem_reg_0_31_28_38_i_60/O
                         net (fo=1, routed)           0.010     8.263    u_tcb/mem_reg_0_31_28_38_i_60_n_53
    SLICE_X26Y177        CARRY8 (Prop_CARRY8_SLICEL_S[3]_CO[7])
                                                      0.195     8.458 r  u_tcb/mem_reg_0_31_28_38_i_46/CO[7]
                         net (fo=1, routed)           0.028     8.486    u_tcb/mem_reg_0_31_28_38_i_46_n_53
    SLICE_X26Y178        CARRY8 (Prop_CARRY8_SLICEL_CI_CO[7])
                                                      0.023     8.509 r  u_tcb/mem_reg_0_31_28_38_i_29/CO[7]
                         net (fo=1, routed)           0.028     8.537    u_tcb/mem_reg_0_31_28_38_i_29_n_53
    SLICE_X26Y179        CARRY8 (Prop_CARRY8_SLICEL_CI_O[7])
                                                      0.146     8.683 r  u_tcb/mem_reg_0_31_28_38_i_19/O[7]
                         net (fo=2, routed)           0.250     8.933    u_tcb/u_tcp_tx/ring_ovf12_out[31]
    SLICE_X25Y182        LUT3 (Prop_F6LUT_SLICEM_I2_O)
                                                      0.038     8.971 f  u_tcb/fc_rr[3]_i_7/O
                         net (fo=1, routed)           0.160     9.131    u_tcp_tx/fc_rr[3]_i_4
    SLICE_X25Y185        LUT6 (Prop_G6LUT_SLICEM_I0_O)
                                                      0.116     9.247 r  u_tcp_tx/fc_rr[3]_i_6/O
                         net (fo=37, routed)          0.228     9.475    u_tcp_tx/u_ackq/wscale_r_reg[14][0]_2
    SLICE_X23Y186        LUT5 (Prop_E5LUT_SLICEL_I3_O)
                                                      0.140     9.615 r  u_tcp_tx/u_ackq/rcv_nxt_r[0][31]_i_33/O
                         net (fo=1, routed)           0.210     9.825    u_tcp_tx/u_ackq/rcv_nxt_r[0][31]_i_33_n_53
    SLICE_X22Y187        LUT5 (Prop_B6LUT_SLICEL_I4_O)
                                                      0.177    10.002 r  u_tcp_tx/u_ackq/rcv_nxt_r[0][31]_i_15/O
                         net (fo=1, routed)           0.058    10.060    u_tcp_tx/u_ackq/tx_upd_id[0]
    SLICE_X22Y187        LUT3 (Prop_F6LUT_SLICEL_I0_O)
                                                      0.148    10.208 r  u_tcp_tx/u_ackq/rcv_nxt_r[0][31]_i_4/O
                         net (fo=114, routed)         0.468    10.676    u_tcp_tx/u_ackq/tcb_id[0]
    SLICE_X25Y194        LUT6 (Prop_D6LUT_SLICEM_I1_O)
                                                      0.147    10.823 r  u_tcp_tx/u_ackq/snd_nxt_r[5][31]_i_1/O
                         net (fo=32, routed)          0.409    11.232    u_tcb/snd_nxt_r_reg[5][31]_0[0]
    SLICE_X27Y192        FDCE                                         r  u_tcb/snd_nxt_r_reg[5][21]/CE
  -------------------------------------------------------------------    -------------------

                         (clock g_hw.clk_out0 rise edge)
                                                      6.400     6.400 r  
    T25                                               0.000     6.400 r  sys_clk_p (IN)
                         net (fo=0)                   0.079     6.479    u_clkgen/g_hw.u_ibufds/I
    HPIOBDIFFINBUF_X0Y37 DIFFINBUF (Prop_DIFFINBUF_HPIOBDIFFINBUF_DIFF_IN_P_O)
                                                      0.398     6.877 r  u_clkgen/g_hw.u_ibufds/DIFFINBUF_INST/O
                         net (fo=1, routed)           0.040     6.917    u_clkgen/g_hw.u_ibufds/OUT
    T25                  IBUFCTRL (Prop_IBUFCTRL_HPIOB_M_I_O)
                                                      0.000     6.917 r  u_clkgen/g_hw.u_ibufds/IBUFCTRL_INST/O
                         net (fo=1, routed)           0.304     7.221    u_clkgen/g_hw.clk_in_ibuf
    BUFGCE_X0Y32         BUFGCE (Prop_BUFCE_BUFGCE_I_O)
                                                      0.024     7.245 r  u_clkgen/g_hw.u_bufg_in/O
                         net (fo=485, routed)         1.317     8.562    u_clkgen/clk_in_100
    MMCM_X0Y1            MMCME4_ADV (Prop_MMCM_CLKIN1_CLKOUT0)
                                                      0.644     9.206 r  u_clkgen/g_hw.u_mmcm/CLKOUT0
                         net (fo=1, routed)           0.228     9.434    u_clkgen/g_hw.clk_out0
    BUFGCE_X0Y34         BUFGCE (Prop_BUFCE_BUFGCE_I_O)
                                                      0.024     9.458 r  u_clkgen/g_hw.u_bufg_out/O
    X1Y3 (CLOCK_ROOT)    net (fo=50443, routed)       2.319    11.777    u_tcb/dp_clk
    SLICE_X27Y192        FDCE                                         r  u_tcb/snd_nxt_r_reg[5][21]/C
                         clock pessimism             -0.304    11.473    
                         clock uncertainty           -0.062    11.411    
    SLICE_X27Y192        FDCE (Setup_HFF_SLICEL_C_CE)
                                                     -0.043    11.368    u_tcb/snd_nxt_r_reg[5][21]
  -------------------------------------------------------------------
                         required time                         11.368    
                         arrival time                         -11.232    
  -------------------------------------------------------------------
                         slack                                  0.136    

Slack (MET) :             0.136ns  (required time - arrival time)
  Source:                 u_tcp_tx/tick_cnt_reg[2]/C
                            (rising edge-triggered cell FDCE clocked by g_hw.clk_out0  {rise@0.000ns fall@3.200ns period=6.400ns})
  Destination:            u_tcb/snd_nxt_r_reg[5][8]/CE
                            (rising edge-triggered cell FDCE clocked by g_hw.clk_out0  {rise@0.000ns fall@3.200ns period=6.400ns})
  Path Group:             g_hw.clk_out0
  Path Type:              Setup (Max at Slow Process Corner)
  Requirement:            6.400ns  (g_hw.clk_out0 rise@6.400ns - g_hw.clk_out0 rise@0.000ns)
  Data Path Delay:        6.001ns  (logic 2.004ns (33.393%)  route 3.997ns (66.607%))
  Logic Levels:           16  (CARRY8=3 LUT2=1 LUT3=2 LUT4=1 LUT5=2 LUT6=7)
  Clock Path Skew:        -0.158ns (DCD - SCD + CPR)
    Destination Clock Delay (DCD):    5.377ns = ( 11.777 - 6.400 ) 
    Source Clock Delay      (SCD):    5.231ns
    Clock Pessimism Removal (CPR):    -0.304ns
  Clock Uncertainty:      0.062ns  ((TSJ^2 + DJ^2)^1/2) / 2 + PE
    Total System Jitter     (TSJ):    0.071ns
    Discrete Jitter          (DJ):    0.101ns
    Phase Error              (PE):    0.000ns
  Clock Net Delay (Source):      2.579ns (routing 1.064ns, distribution 1.515ns)
  Clock Net Delay (Destination): 2.319ns (routing 0.965ns, distribution 1.354ns)

    Location             Delay type                Incr(ns)  Path(ns)    Netlist Resource(s)
  -------------------------------------------------------------------    -------------------
                         (clock g_hw.clk_out0 rise edge)
                                                      0.000     0.000 r  
    T25                                               0.000     0.000 r  sys_clk_p (IN)
                         net (fo=0)                   0.100     0.100    u_clkgen/g_hw.u_ibufds/I
    HPIOBDIFFINBUF_X0Y37 DIFFINBUF (Prop_DIFFINBUF_HPIOBDIFFINBUF_DIFF_IN_P_O)
                                                      0.479     0.579 r  u_clkgen/g_hw.u_ibufds/DIFFINBUF_INST/O
                         net (fo=1, routed)           0.050     0.629    u_clkgen/g_hw.u_ibufds/OUT
    T25                  IBUFCTRL (Prop_IBUFCTRL_HPIOB_M_I_O)
                                                      0.000     0.629 r  u_clkgen/g_hw.u_ibufds/IBUFCTRL_INST/O
                         net (fo=1, routed)           0.343     0.972    u_clkgen/g_hw.clk_in_ibuf
    BUFGCE_X0Y32         BUFGCE (Prop_BUFCE_BUFGCE_I_O)
                                                      0.028     1.000 r  u_clkgen/g_hw.u_bufg_in/O
                         net (fo=485, routed)         1.474     2.474    u_clkgen/clk_in_100
    MMCM_X0Y1            MMCME4_ADV (Prop_MMCM_CLKIN1_CLKOUT0)
                                                     -0.106     2.368 r  u_clkgen/g_hw.u_mmcm/CLKOUT0
                         net (fo=1, routed)           0.256     2.624    u_clkgen/g_hw.clk_out0
    BUFGCE_X0Y34         BUFGCE (Prop_BUFCE_BUFGCE_I_O)
                                                      0.028     2.652 r  u_clkgen/g_hw.u_bufg_out/O
    X1Y3 (CLOCK_ROOT)    net (fo=50443, routed)       2.579     5.231    u_tcp_tx/dp_clk
    SLICE_X45Y166        FDCE                                         r  u_tcp_tx/tick_cnt_reg[2]/C
  -------------------------------------------------------------------    -------------------
    SLICE_X45Y166        FDCE (Prop_CFF2_SLICEL_C_Q)
                                                      0.097     5.328 f  u_tcp_tx/tick_cnt_reg[2]/Q
                         net (fo=5, routed)           0.186     5.513    u_tcp_tx/u_retx/scan_id_reg[3][2]
    SLICE_X45Y166        LUT4 (Prop_F6LUT_SLICEL_I3_O)
                                                      0.148     5.661 r  u_tcp_tx/u_retx/scan_id[3]_i_4__0/O
                         net (fo=3, routed)           0.437     6.098    u_tcp_tx/u_csum/scan_id_reg[3]_3
    SLICE_X36Y172        LUT6 (Prop_G6LUT_SLICEL_I5_O)
                                                      0.038     6.136 f  u_tcp_tx/u_csum/scan_id[3]_i_1__0/O
                         net (fo=422, routed)         0.229     6.365    u_tcp_tx/u_fifo_b/ctrl_doff_reg[3]_0[0]
    SLICE_X38Y174        LUT6 (Prop_C6LUT_SLICEL_I4_O)
                                                      0.148     6.513 r  u_tcp_tx/u_fifo_b/ctrl_doff[3]_i_1/O
                         net (fo=104, routed)         0.282     6.795    u_tcp_tx/u_ackq/ctrl_ack_reg[0]
    SLICE_X36Y175        LUT6 (Prop_E6LUT_SLICEL_I4_O)
                                                      0.100     6.895 r  u_tcp_tx/u_ackq/f_seq[1][31]_i_9/O
                         net (fo=94, routed)          0.577     7.472    u_tcb/cam_rd_id[1]
    SLICE_X25Y181        LUT6 (Prop_C6LUT_SLICEM_I2_O)
                                                      0.098     7.570 r  u_tcb/f_seq[1][11]_i_2/O
                         net (fo=3, routed)           0.200     7.770    u_tcb/f_seq[1][11]_i_2_n_53
    SLICE_X25Y181        LUT6 (Prop_H6LUT_SLICEM_I0_O)
                                                      0.182     7.952 r  u_tcb/f_seq[1][11]_i_1/O
                         net (fo=20, routed)          0.238     8.190    u_tcb/D[11]
    SLICE_X26Y177        LUT2 (Prop_D6LUT_SLICEL_I0_O)
                                                      0.063     8.253 r  u_tcb/mem_reg_0_31_28_38_i_60/O
                         net (fo=1, routed)           0.010     8.263    u_tcb/mem_reg_0_31_28_38_i_60_n_53
    SLICE_X26Y177        CARRY8 (Prop_CARRY8_SLICEL_S[3]_CO[7])
                                                      0.195     8.458 r  u_tcb/mem_reg_0_31_28_38_i_46/CO[7]
                         net (fo=1, routed)           0.028     8.486    u_tcb/mem_reg_0_31_28_38_i_46_n_53
    SLICE_X26Y178        CARRY8 (Prop_CARRY8_SLICEL_CI_CO[7])
                                                      0.023     8.509 r  u_tcb/mem_reg_0_31_28_38_i_29/CO[7]
                         net (fo=1, routed)           0.028     8.537    u_tcb/mem_reg_0_31_28_38_i_29_n_53
    SLICE_X26Y179        CARRY8 (Prop_CARRY8_SLICEL_CI_O[7])
                                                      0.146     8.683 r  u_tcb/mem_reg_0_31_28_38_i_19/O[7]
                         net (fo=2, routed)           0.250     8.933    u_tcb/u_tcp_tx/ring_ovf12_out[31]
    SLICE_X25Y182        LUT3 (Prop_F6LUT_SLICEM_I2_O)
                                                      0.038     8.971 f  u_tcb/fc_rr[3]_i_7/O
                         net (fo=1, routed)           0.160     9.131    u_tcp_tx/fc_rr[3]_i_4
    SLICE_X25Y185        LUT6 (Prop_G6LUT_SLICEM_I0_O)
                                                      0.116     9.247 r  u_tcp_tx/fc_rr[3]_i_6/O
                         net (fo=37, routed)          0.228     9.475    u_tcp_tx/u_ackq/wscale_r_reg[14][0]_2
    SLICE_X23Y186        LUT5 (Prop_E5LUT_SLICEL_I3_O)
                                                      0.140     9.615 r  u_tcp_tx/u_ackq/rcv_nxt_r[0][31]_i_33/O
                         net (fo=1, routed)           0.210     9.825    u_tcp_tx/u_ackq/rcv_nxt_r[0][31]_i_33_n_53
    SLICE_X22Y187        LUT5 (Prop_B6LUT_SLICEL_I4_O)
                                                      0.177    10.002 r  u_tcp_tx/u_ackq/rcv_nxt_r[0][31]_i_15/O
                         net (fo=1, routed)           0.058    10.060    u_tcp_tx/u_ackq/tx_upd_id[0]
    SLICE_X22Y187        LUT3 (Prop_F6LUT_SLICEL_I0_O)
                                                      0.148    10.208 r  u_tcp_tx/u_ackq/rcv_nxt_r[0][31]_i_4/O
                         net (fo=114, routed)         0.468    10.676    u_tcp_tx/u_ackq/tcb_id[0]
    SLICE_X25Y194        LUT6 (Prop_D6LUT_SLICEM_I1_O)
                                                      0.147    10.823 r  u_tcp_tx/u_ackq/snd_nxt_r[5][31]_i_1/O
                         net (fo=32, routed)          0.409    11.232    u_tcb/snd_nxt_r_reg[5][31]_0[0]
    SLICE_X27Y192        FDCE                                         r  u_tcb/snd_nxt_r_reg[5][8]/CE
  -------------------------------------------------------------------    -------------------

                         (clock g_hw.clk_out0 rise edge)
                                                      6.400     6.400 r  
    T25                                               0.000     6.400 r  sys_clk_p (IN)
                         net (fo=0)                   0.079     6.479    u_clkgen/g_hw.u_ibufds/I
    HPIOBDIFFINBUF_X0Y37 DIFFINBUF (Prop_DIFFINBUF_HPIOBDIFFINBUF_DIFF_IN_P_O)
                                                      0.398     6.877 r  u_clkgen/g_hw.u_ibufds/DIFFINBUF_INST/O
                         net (fo=1, routed)           0.040     6.917    u_clkgen/g_hw.u_ibufds/OUT
    T25                  IBUFCTRL (Prop_IBUFCTRL_HPIOB_M_I_O)
                                                      0.000     6.917 r  u_clkgen/g_hw.u_ibufds/IBUFCTRL_INST/O
                         net (fo=1, routed)           0.304     7.221    u_clkgen/g_hw.clk_in_ibuf
    BUFGCE_X0Y32         BUFGCE (Prop_BUFCE_BUFGCE_I_O)
                                                      0.024     7.245 r  u_clkgen/g_hw.u_bufg_in/O
                         net (fo=485, routed)         1.317     8.562    u_clkgen/clk_in_100
    MMCM_X0Y1            MMCME4_ADV (Prop_MMCM_CLKIN1_CLKOUT0)
                                                      0.644     9.206 r  u_clkgen/g_hw.u_mmcm/CLKOUT0
                         net (fo=1, routed)           0.228     9.434    u_clkgen/g_hw.clk_out0
    BUFGCE_X0Y34         BUFGCE (Prop_BUFCE_BUFGCE_I_O)
                                                      0.024     9.458 r  u_clkgen/g_hw.u_bufg_out/O
    X1Y3 (CLOCK_ROOT)    net (fo=50443, routed)       2.319    11.777    u_tcb/dp_clk
    SLICE_X27Y192        FDCE                                         r  u_tcb/snd_nxt_r_reg[5][8]/C
                         clock pessimism             -0.304    11.473    
                         clock uncertainty           -0.062    11.411    
    SLICE_X27Y192        FDCE (Setup_GFF_SLICEL_C_CE)
                                                     -0.043    11.368    u_tcb/snd_nxt_r_reg[5][8]
  -------------------------------------------------------------------
                         required time                         11.368    
                         arrival time                         -11.232    
  -------------------------------------------------------------------
                         slack                                  0.136    

Slack (MET) :             0.137ns  (required time - arrival time)
  Source:                 u_tcp_tx/tick_cnt_reg[2]/C
                            (rising edge-triggered cell FDCE clocked by g_hw.clk_out0  {rise@0.000ns fall@3.200ns period=6.400ns})
  Destination:            u_tcb/snd_wnd_r_reg[4][11]/CE
                            (rising edge-triggered cell FDCE clocked by g_hw.clk_out0  {rise@0.000ns fall@3.200ns period=6.400ns})
  Path Group:             g_hw.clk_out0
  Path Type:              Setup (Max at Slow Process Corner)
  Requirement:            6.400ns  (g_hw.clk_out0 rise@6.400ns - g_hw.clk_out0 rise@0.000ns)
  Data Path Delay:        6.013ns  (logic 1.923ns (31.981%)  route 4.090ns (68.019%))
  Logic Levels:           16  (CARRY8=3 LUT2=1 LUT3=2 LUT4=1 LUT5=2 LUT6=7)
  Clock Path Skew:        -0.146ns (DCD - SCD + CPR)
    Destination Clock Delay (DCD):    5.389ns = ( 11.789 - 6.400 ) 
    Source Clock Delay      (SCD):    5.231ns
    Clock Pessimism Removal (CPR):    -0.304ns
  Clock Uncertainty:      0.062ns  ((TSJ^2 + DJ^2)^1/2) / 2 + PE
    Total System Jitter     (TSJ):    0.071ns
    Discrete Jitter          (DJ):    0.101ns
    Phase Error              (PE):    0.000ns
  Clock Net Delay (Source):      2.579ns (routing 1.064ns, distribution 1.515ns)
  Clock Net Delay (Destination): 2.331ns (routing 0.965ns, distribution 1.366ns)

    Location             Delay type                Incr(ns)  Path(ns)    Netlist Resource(s)
  -------------------------------------------------------------------    -------------------
                         (clock g_hw.clk_out0 rise edge)
                                                      0.000     0.000 r  
    T25                                               0.000     0.000 r  sys_clk_p (IN)
                         net (fo=0)                   0.100     0.100    u_clkgen/g_hw.u_ibufds/I
    HPIOBDIFFINBUF_X0Y37 DIFFINBUF (Prop_DIFFINBUF_HPIOBDIFFINBUF_DIFF_IN_P_O)
                                                      0.479     0.579 r  u_clkgen/g_hw.u_ibufds/DIFFINBUF_INST/O
                         net (fo=1, routed)           0.050     0.629    u_clkgen/g_hw.u_ibufds/OUT
    T25                  IBUFCTRL (Prop_IBUFCTRL_HPIOB_M_I_O)
                                                      0.000     0.629 r  u_clkgen/g_hw.u_ibufds/IBUFCTRL_INST/O
                         net (fo=1, routed)           0.343     0.972    u_clkgen/g_hw.clk_in_ibuf
    BUFGCE_X0Y32         BUFGCE (Prop_BUFCE_BUFGCE_I_O)
                                                      0.028     1.000 r  u_clkgen/g_hw.u_bufg_in/O
                         net (fo=485, routed)         1.474     2.474    u_clkgen/clk_in_100
    MMCM_X0Y1            MMCME4_ADV (Prop_MMCM_CLKIN1_CLKOUT0)
                                                     -0.106     2.368 r  u_clkgen/g_hw.u_mmcm/CLKOUT0
                         net (fo=1, routed)           0.256     2.624    u_clkgen/g_hw.clk_out0
    BUFGCE_X0Y34         BUFGCE (Prop_BUFCE_BUFGCE_I_O)
                                                      0.028     2.652 r  u_clkgen/g_hw.u_bufg_out/O
    X1Y3 (CLOCK_ROOT)    net (fo=50443, routed)       2.579     5.231    u_tcp_tx/dp_clk
    SLICE_X45Y166        FDCE                                         r  u_tcp_tx/tick_cnt_reg[2]/C
  -------------------------------------------------------------------    -------------------
    SLICE_X45Y166        FDCE (Prop_CFF2_SLICEL_C_Q)
                                                      0.097     5.328 f  u_tcp_tx/tick_cnt_reg[2]/Q
                         net (fo=5, routed)           0.186     5.513    u_tcp_tx/u_retx/scan_id_reg[3][2]
    SLICE_X45Y166        LUT4 (Prop_F6LUT_SLICEL_I3_O)
                                                      0.148     5.661 r  u_tcp_tx/u_retx/scan_id[3]_i_4__0/O
                         net (fo=3, routed)           0.437     6.098    u_tcp_tx/u_csum/scan_id_reg[3]_3
    SLICE_X36Y172        LUT6 (Prop_G6LUT_SLICEL_I5_O)
                                                      0.038     6.136 f  u_tcp_tx/u_csum/scan_id[3]_i_1__0/O
                         net (fo=422, routed)         0.229     6.365    u_tcp_tx/u_fifo_b/ctrl_doff_reg[3]_0[0]
    SLICE_X38Y174        LUT6 (Prop_C6LUT_SLICEL_I4_O)
                                                      0.148     6.513 r  u_tcp_tx/u_fifo_b/ctrl_doff[3]_i_1/O
                         net (fo=104, routed)         0.282     6.795    u_tcp_tx/u_ackq/ctrl_ack_reg[0]
    SLICE_X36Y175        LUT6 (Prop_E6LUT_SLICEL_I4_O)
                                                      0.100     6.895 r  u_tcp_tx/u_ackq/f_seq[1][31]_i_9/O
                         net (fo=94, routed)          0.577     7.472    u_tcb/cam_rd_id[1]
    SLICE_X25Y181        LUT6 (Prop_C6LUT_SLICEM_I2_O)
                                                      0.098     7.570 r  u_tcb/f_seq[1][11]_i_2/O
                         net (fo=3, routed)           0.200     7.770    u_tcb/f_seq[1][11]_i_2_n_53
    SLICE_X25Y181        LUT6 (Prop_H6LUT_SLICEM_I0_O)
                                                      0.182     7.952 r  u_tcb/f_seq[1][11]_i_1/O
                         net (fo=20, routed)          0.238     8.190    u_tcb/D[11]
    SLICE_X26Y177        LUT2 (Prop_D6LUT_SLICEL_I0_O)
                                                      0.063     8.253 r  u_tcb/mem_reg_0_31_28_38_i_60/O
                         net (fo=1, routed)           0.010     8.263    u_tcb/mem_reg_0_31_28_38_i_60_n_53
    SLICE_X26Y177        CARRY8 (Prop_CARRY8_SLICEL_S[3]_CO[7])
                                                      0.195     8.458 r  u_tcb/mem_reg_0_31_28_38_i_46/CO[7]
                         net (fo=1, routed)           0.028     8.486    u_tcb/mem_reg_0_31_28_38_i_46_n_53
    SLICE_X26Y178        CARRY8 (Prop_CARRY8_SLICEL_CI_CO[7])
                                                      0.023     8.509 r  u_tcb/mem_reg_0_31_28_38_i_29/CO[7]
                         net (fo=1, routed)           0.028     8.537    u_tcb/mem_reg_0_31_28_38_i_29_n_53
    SLICE_X26Y179        CARRY8 (Prop_CARRY8_SLICEL_CI_O[7])
                                                      0.146     8.683 r  u_tcb/mem_reg_0_31_28_38_i_19/O[7]
                         net (fo=2, routed)           0.250     8.933    u_tcb/u_tcp_tx/ring_ovf12_out[31]
    SLICE_X25Y182        LUT3 (Prop_F6LUT_SLICEM_I2_O)
                                                      0.038     8.971 f  u_tcb/fc_rr[3]_i_7/O
                         net (fo=1, routed)           0.160     9.131    u_tcp_tx/fc_rr[3]_i_4
    SLICE_X25Y185        LUT6 (Prop_G6LUT_SLICEM_I0_O)
                                                      0.116     9.247 r  u_tcp_tx/fc_rr[3]_i_6/O
                         net (fo=37, routed)          0.228     9.475    u_tcp_tx/u_ackq/wscale_r_reg[14][0]_2
    SLICE_X23Y186        LUT5 (Prop_E5LUT_SLICEL_I3_O)
                                                      0.140     9.615 f  u_tcp_tx/u_ackq/rcv_nxt_r[0][31]_i_33/O
                         net (fo=1, routed)           0.210     9.825    u_tcp_tx/u_ackq/rcv_nxt_r[0][31]_i_33_n_53
    SLICE_X22Y187        LUT5 (Prop_B6LUT_SLICEL_I4_O)
                                                      0.177    10.002 f  u_tcp_tx/u_ackq/rcv_nxt_r[0][31]_i_15/O
                         net (fo=1, routed)           0.058    10.060    u_tcp_tx/u_ackq/tx_upd_id[0]
    SLICE_X22Y187        LUT3 (Prop_F6LUT_SLICEL_I0_O)
                                                      0.148    10.208 f  u_tcp_tx/u_ackq/rcv_nxt_r[0][31]_i_4/O
                         net (fo=114, routed)         0.571    10.779    u_tcp_tx/u_ackq/tcb_id[0]
    SLICE_X25Y193        LUT6 (Prop_H6LUT_SLICEM_I2_O)
                                                      0.066    10.845 r  u_tcp_tx/u_ackq/snd_wnd_r[4][15]_i_1/O
                         net (fo=16, routed)          0.398    11.244    u_tcb/snd_wnd_r_reg[4][15]_0[0]
    SLICE_X26Y199        FDCE                                         r  u_tcb/snd_wnd_r_reg[4][11]/CE
  -------------------------------------------------------------------    -------------------

                         (clock g_hw.clk_out0 rise edge)
                                                      6.400     6.400 r  
    T25                                               0.000     6.400 r  sys_clk_p (IN)
                         net (fo=0)                   0.079     6.479    u_clkgen/g_hw.u_ibufds/I
    HPIOBDIFFINBUF_X0Y37 DIFFINBUF (Prop_DIFFINBUF_HPIOBDIFFINBUF_DIFF_IN_P_O)
                                                      0.398     6.877 r  u_clkgen/g_hw.u_ibufds/DIFFINBUF_INST/O
                         net (fo=1, routed)           0.040     6.917    u_clkgen/g_hw.u_ibufds/OUT
    T25                  IBUFCTRL (Prop_IBUFCTRL_HPIOB_M_I_O)
                                                      0.000     6.917 r  u_clkgen/g_hw.u_ibufds/IBUFCTRL_INST/O
                         net (fo=1, routed)           0.304     7.221    u_clkgen/g_hw.clk_in_ibuf
    BUFGCE_X0Y32         BUFGCE (Prop_BUFCE_BUFGCE_I_O)
                                                      0.024     7.245 r  u_clkgen/g_hw.u_bufg_in/O
                         net (fo=485, routed)         1.317     8.562    u_clkgen/clk_in_100
    MMCM_X0Y1            MMCME4_ADV (Prop_MMCM_CLKIN1_CLKOUT0)
                                                      0.644     9.206 r  u_clkgen/g_hw.u_mmcm/CLKOUT0
                         net (fo=1, routed)           0.228     9.434    u_clkgen/g_hw.clk_out0
    BUFGCE_X0Y34         BUFGCE (Prop_BUFCE_BUFGCE_I_O)
                                                      0.024     9.458 r  u_clkgen/g_hw.u_bufg_out/O
    X1Y3 (CLOCK_ROOT)    net (fo=50443, routed)       2.331    11.789    u_tcb/dp_clk
    SLICE_X26Y199        FDCE                                         r  u_tcb/snd_wnd_r_reg[4][11]/C
                         clock pessimism             -0.304    11.485    
                         clock uncertainty           -0.062    11.423    
    SLICE_X26Y199        FDCE (Setup_DFF2_SLICEL_C_CE)
                                                     -0.042    11.381    u_tcb/snd_wnd_r_reg[4][11]
  -------------------------------------------------------------------
                         required time                         11.381    
                         arrival time                         -11.244    
  -------------------------------------------------------------------
                         slack                                  0.137    

Slack (MET) :             0.137ns  (required time - arrival time)
  Source:                 u_tcp_tx/tick_cnt_reg[2]/C
                            (rising edge-triggered cell FDCE clocked by g_hw.clk_out0  {rise@0.000ns fall@3.200ns period=6.400ns})
  Destination:            u_tcb/snd_wnd_r_reg[4][3]/CE
                            (rising edge-triggered cell FDCE clocked by g_hw.clk_out0  {rise@0.000ns fall@3.200ns period=6.400ns})
  Path Group:             g_hw.clk_out0
  Path Type:              Setup (Max at Slow Process Corner)
  Requirement:            6.400ns  (g_hw.clk_out0 rise@6.400ns - g_hw.clk_out0 rise@0.000ns)
  Data Path Delay:        6.013ns  (logic 1.923ns (31.981%)  route 4.090ns (68.019%))
  Logic Levels:           16  (CARRY8=3 LUT2=1 LUT3=2 LUT4=1 LUT5=2 LUT6=7)
  Clock Path Skew:        -0.146ns (DCD - SCD + CPR)
    Destination Clock Delay (DCD):    5.389ns = ( 11.789 - 6.400 ) 
    Source Clock Delay      (SCD):    5.231ns
    Clock Pessimism Removal (CPR):    -0.304ns
  Clock Uncertainty:      0.062ns  ((TSJ^2 + DJ^2)^1/2) / 2 + PE
    Total System Jitter     (TSJ):    0.071ns
    Discrete Jitter          (DJ):    0.101ns
    Phase Error              (PE):    0.000ns
  Clock Net Delay (Source):      2.579ns (routing 1.064ns, distribution 1.515ns)
  Clock Net Delay (Destination): 2.331ns (routing 0.965ns, distribution 1.366ns)

    Location             Delay type                Incr(ns)  Path(ns)    Netlist Resource(s)
  -------------------------------------------------------------------    -------------------
                         (clock g_hw.clk_out0 rise edge)
                                                      0.000     0.000 r  
    T25                                               0.000     0.000 r  sys_clk_p (IN)
                         net (fo=0)                   0.100     0.100    u_clkgen/g_hw.u_ibufds/I
    HPIOBDIFFINBUF_X0Y37 DIFFINBUF (Prop_DIFFINBUF_HPIOBDIFFINBUF_DIFF_IN_P_O)
                                                      0.479     0.579 r  u_clkgen/g_hw.u_ibufds/DIFFINBUF_INST/O
                         net (fo=1, routed)           0.050     0.629    u_clkgen/g_hw.u_ibufds/OUT
    T25                  IBUFCTRL (Prop_IBUFCTRL_HPIOB_M_I_O)
                                                      0.000     0.629 r  u_clkgen/g_hw.u_ibufds/IBUFCTRL_INST/O
                         net (fo=1, routed)           0.343     0.972    u_clkgen/g_hw.clk_in_ibuf
    BUFGCE_X0Y32         BUFGCE (Prop_BUFCE_BUFGCE_I_O)
                                                      0.028     1.000 r  u_clkgen/g_hw.u_bufg_in/O
                         net (fo=485, routed)         1.474     2.474    u_clkgen/clk_in_100
    MMCM_X0Y1            MMCME4_ADV (Prop_MMCM_CLKIN1_CLKOUT0)
                                                     -0.106     2.368 r  u_clkgen/g_hw.u_mmcm/CLKOUT0
                         net (fo=1, routed)           0.256     2.624    u_clkgen/g_hw.clk_out0
    BUFGCE_X0Y34         BUFGCE (Prop_BUFCE_BUFGCE_I_O)
                                                      0.028     2.652 r  u_clkgen/g_hw.u_bufg_out/O
    X1Y3 (CLOCK_ROOT)    net (fo=50443, routed)       2.579     5.231    u_tcp_tx/dp_clk
    SLICE_X45Y166        FDCE                                         r  u_tcp_tx/tick_cnt_reg[2]/C
  -------------------------------------------------------------------    -------------------
    SLICE_X45Y166        FDCE (Prop_CFF2_SLICEL_C_Q)
                                                      0.097     5.328 f  u_tcp_tx/tick_cnt_reg[2]/Q
                         net (fo=5, routed)           0.186     5.513    u_tcp_tx/u_retx/scan_id_reg[3][2]
    SLICE_X45Y166        LUT4 (Prop_F6LUT_SLICEL_I3_O)
                                                      0.148     5.661 r  u_tcp_tx/u_retx/scan_id[3]_i_4__0/O
                         net (fo=3, routed)           0.437     6.098    u_tcp_tx/u_csum/scan_id_reg[3]_3
    SLICE_X36Y172        LUT6 (Prop_G6LUT_SLICEL_I5_O)
                                                      0.038     6.136 f  u_tcp_tx/u_csum/scan_id[3]_i_1__0/O
                         net (fo=422, routed)         0.229     6.365    u_tcp_tx/u_fifo_b/ctrl_doff_reg[3]_0[0]
    SLICE_X38Y174        LUT6 (Prop_C6LUT_SLICEL_I4_O)
                                                      0.148     6.513 r  u_tcp_tx/u_fifo_b/ctrl_doff[3]_i_1/O
                         net (fo=104, routed)         0.282     6.795    u_tcp_tx/u_ackq/ctrl_ack_reg[0]
    SLICE_X36Y175        LUT6 (Prop_E6LUT_SLICEL_I4_O)
                                                      0.100     6.895 r  u_tcp_tx/u_ackq/f_seq[1][31]_i_9/O
                         net (fo=94, routed)          0.577     7.472    u_tcb/cam_rd_id[1]
    SLICE_X25Y181        LUT6 (Prop_C6LUT_SLICEM_I2_O)
                                                      0.098     7.570 r  u_tcb/f_seq[1][11]_i_2/O
                         net (fo=3, routed)           0.200     7.770    u_tcb/f_seq[1][11]_i_2_n_53
    SLICE_X25Y181        LUT6 (Prop_H6LUT_SLICEM_I0_O)
                                                      0.182     7.952 r  u_tcb/f_seq[1][11]_i_1/O
                         net (fo=20, routed)          0.238     8.190    u_tcb/D[11]
    SLICE_X26Y177        LUT2 (Prop_D6LUT_SLICEL_I0_O)
                                                      0.063     8.253 r  u_tcb/mem_reg_0_31_28_38_i_60/O
                         net (fo=1, routed)           0.010     8.263    u_tcb/mem_reg_0_31_28_38_i_60_n_53
    SLICE_X26Y177        CARRY8 (Prop_CARRY8_SLICEL_S[3]_CO[7])
                                                      0.195     8.458 r  u_tcb/mem_reg_0_31_28_38_i_46/CO[7]
                         net (fo=1, routed)           0.028     8.486    u_tcb/mem_reg_0_31_28_38_i_46_n_53
    SLICE_X26Y178        CARRY8 (Prop_CARRY8_SLICEL_CI_CO[7])
                                                      0.023     8.509 r  u_tcb/mem_reg_0_31_28_38_i_29/CO[7]
                         net (fo=1, routed)           0.028     8.537    u_tcb/mem_reg_0_31_28_38_i_29_n_53
    SLICE_X26Y179        CARRY8 (Prop_CARRY8_SLICEL_CI_O[7])
                                                      0.146     8.683 r  u_tcb/mem_reg_0_31_28_38_i_19/O[7]
                         net (fo=2, routed)           0.250     8.933    u_tcb/u_tcp_tx/ring_ovf12_out[31]
    SLICE_X25Y182        LUT3 (Prop_F6LUT_SLICEM_I2_O)
                                                      0.038     8.971 f  u_tcb/fc_rr[3]_i_7/O
                         net (fo=1, routed)           0.160     9.131    u_tcp_tx/fc_rr[3]_i_4
    SLICE_X25Y185        LUT6 (Prop_G6LUT_SLICEM_I0_O)
                                                      0.116     9.247 r  u_tcp_tx/fc_rr[3]_i_6/O
                         net (fo=37, routed)          0.228     9.475    u_tcp_tx/u_ackq/wscale_r_reg[14][0]_2
    SLICE_X23Y186        LUT5 (Prop_E5LUT_SLICEL_I3_O)
                                                      0.140     9.615 f  u_tcp_tx/u_ackq/rcv_nxt_r[0][31]_i_33/O
                         net (fo=1, routed)           0.210     9.825    u_tcp_tx/u_ackq/rcv_nxt_r[0][31]_i_33_n_53
    SLICE_X22Y187        LUT5 (Prop_B6LUT_SLICEL_I4_O)
                                                      0.177    10.002 f  u_tcp_tx/u_ackq/rcv_nxt_r[0][31]_i_15/O
                         net (fo=1, routed)           0.058    10.060    u_tcp_tx/u_ackq/tx_upd_id[0]
    SLICE_X22Y187        LUT3 (Prop_F6LUT_SLICEL_I0_O)
                                                      0.148    10.208 f  u_tcp_tx/u_ackq/rcv_nxt_r[0][31]_i_4/O
                         net (fo=114, routed)         0.571    10.779    u_tcp_tx/u_ackq/tcb_id[0]
    SLICE_X25Y193        LUT6 (Prop_H6LUT_SLICEM_I2_O)
                                                      0.066    10.845 r  u_tcp_tx/u_ackq/snd_wnd_r[4][15]_i_1/O
                         net (fo=16, routed)          0.398    11.244    u_tcb/snd_wnd_r_reg[4][15]_0[0]
    SLICE_X26Y199        FDCE                                         r  u_tcb/snd_wnd_r_reg[4][3]/CE
  -------------------------------------------------------------------    -------------------

                         (clock g_hw.clk_out0 rise edge)
                                                      6.400     6.400 r  
    T25                                               0.000     6.400 r  sys_clk_p (IN)
                         net (fo=0)                   0.079     6.479    u_clkgen/g_hw.u_ibufds/I
    HPIOBDIFFINBUF_X0Y37 DIFFINBUF (Prop_DIFFINBUF_HPIOBDIFFINBUF_DIFF_IN_P_O)
                                                      0.398     6.877 r  u_clkgen/g_hw.u_ibufds/DIFFINBUF_INST/O
                         net (fo=1, routed)           0.040     6.917    u_clkgen/g_hw.u_ibufds/OUT
    T25                  IBUFCTRL (Prop_IBUFCTRL_HPIOB_M_I_O)
                                                      0.000     6.917 r  u_clkgen/g_hw.u_ibufds/IBUFCTRL_INST/O
                         net (fo=1, routed)           0.304     7.221    u_clkgen/g_hw.clk_in_ibuf
    BUFGCE_X0Y32         BUFGCE (Prop_BUFCE_BUFGCE_I_O)
                                                      0.024     7.245 r  u_clkgen/g_hw.u_bufg_in/O
                         net (fo=485, routed)         1.317     8.562    u_clkgen/clk_in_100
    MMCM_X0Y1            MMCME4_ADV (Prop_MMCM_CLKIN1_CLKOUT0)
                                                      0.644     9.206 r  u_clkgen/g_hw.u_mmcm/CLKOUT0
                         net (fo=1, routed)           0.228     9.434    u_clkgen/g_hw.clk_out0
    BUFGCE_X0Y34         BUFGCE (Prop_BUFCE_BUFGCE_I_O)
                                                      0.024     9.458 r  u_clkgen/g_hw.u_bufg_out/O
    X1Y3 (CLOCK_ROOT)    net (fo=50443, routed)       2.331    11.789    u_tcb/dp_clk
    SLICE_X26Y199        FDCE                                         r  u_tcb/snd_wnd_r_reg[4][3]/C
                         clock pessimism             -0.304    11.485    
                         clock uncertainty           -0.062    11.423    
    SLICE_X26Y199        FDCE (Setup_CFF2_SLICEL_C_CE)
                                                     -0.042    11.381    u_tcb/snd_wnd_r_reg[4][3]
  -------------------------------------------------------------------
                         required time                         11.381    
                         arrival time                         -11.244    
  -------------------------------------------------------------------
                         slack                                  0.137    

Slack (MET) :             0.137ns  (required time - arrival time)
  Source:                 u_tcp_tx/tick_cnt_reg[2]/C
                            (rising edge-triggered cell FDCE clocked by g_hw.clk_out0  {rise@0.000ns fall@3.200ns period=6.400ns})
  Destination:            u_tcb/snd_wnd_r_reg[4][4]/CE
                            (rising edge-triggered cell FDCE clocked by g_hw.clk_out0  {rise@0.000ns fall@3.200ns period=6.400ns})
  Path Group:             g_hw.clk_out0
  Path Type:              Setup (Max at Slow Process Corner)
  Requirement:            6.400ns  (g_hw.clk_out0 rise@6.400ns - g_hw.clk_out0 rise@0.000ns)
  Data Path Delay:        6.013ns  (logic 1.923ns (31.981%)  route 4.090ns (68.019%))
  Logic Levels:           16  (CARRY8=3 LUT2=1 LUT3=2 LUT4=1 LUT5=2 LUT6=7)
  Clock Path Skew:        -0.146ns (DCD - SCD + CPR)
    Destination Clock Delay (DCD):    5.389ns = ( 11.789 - 6.400 ) 
    Source Clock Delay      (SCD):    5.231ns
    Clock Pessimism Removal (CPR):    -0.304ns
  Clock Uncertainty:      0.062ns  ((TSJ^2 + DJ^2)^1/2) / 2 + PE
    Total System Jitter     (TSJ):    0.071ns
    Discrete Jitter          (DJ):    0.101ns
    Phase Error              (PE):    0.000ns
  Clock Net Delay (Source):      2.579ns (routing 1.064ns, distribution 1.515ns)
  Clock Net Delay (Destination): 2.331ns (routing 0.965ns, distribution 1.366ns)

    Location             Delay type                Incr(ns)  Path(ns)    Netlist Resource(s)
  -------------------------------------------------------------------    -------------------
                         (clock g_hw.clk_out0 rise edge)
                                                      0.000     0.000 r  
    T25                                               0.000     0.000 r  sys_clk_p (IN)
                         net (fo=0)                   0.100     0.100    u_clkgen/g_hw.u_ibufds/I
    HPIOBDIFFINBUF_X0Y37 DIFFINBUF (Prop_DIFFINBUF_HPIOBDIFFINBUF_DIFF_IN_P_O)
                                                      0.479     0.579 r  u_clkgen/g_hw.u_ibufds/DIFFINBUF_INST/O
                         net (fo=1, routed)           0.050     0.629    u_clkgen/g_hw.u_ibufds/OUT
    T25                  IBUFCTRL (Prop_IBUFCTRL_HPIOB_M_I_O)
                                                      0.000     0.629 r  u_clkgen/g_hw.u_ibufds/IBUFCTRL_INST/O
                         net (fo=1, routed)           0.343     0.972    u_clkgen/g_hw.clk_in_ibuf
    BUFGCE_X0Y32         BUFGCE (Prop_BUFCE_BUFGCE_I_O)
                                                      0.028     1.000 r  u_clkgen/g_hw.u_bufg_in/O
                         net (fo=485, routed)         1.474     2.474    u_clkgen/clk_in_100
    MMCM_X0Y1            MMCME4_ADV (Prop_MMCM_CLKIN1_CLKOUT0)
                                                     -0.106     2.368 r  u_clkgen/g_hw.u_mmcm/CLKOUT0
                         net (fo=1, routed)           0.256     2.624    u_clkgen/g_hw.clk_out0
    BUFGCE_X0Y34         BUFGCE (Prop_BUFCE_BUFGCE_I_O)
                                                      0.028     2.652 r  u_clkgen/g_hw.u_bufg_out/O
    X1Y3 (CLOCK_ROOT)    net (fo=50443, routed)       2.579     5.231    u_tcp_tx/dp_clk
    SLICE_X45Y166        FDCE                                         r  u_tcp_tx/tick_cnt_reg[2]/C
  -------------------------------------------------------------------    -------------------
    SLICE_X45Y166        FDCE (Prop_CFF2_SLICEL_C_Q)
                                                      0.097     5.328 f  u_tcp_tx/tick_cnt_reg[2]/Q
                         net (fo=5, routed)           0.186     5.513    u_tcp_tx/u_retx/scan_id_reg[3][2]
    SLICE_X45Y166        LUT4 (Prop_F6LUT_SLICEL_I3_O)
                                                      0.148     5.661 r  u_tcp_tx/u_retx/scan_id[3]_i_4__0/O
                         net (fo=3, routed)           0.437     6.098    u_tcp_tx/u_csum/scan_id_reg[3]_3
    SLICE_X36Y172        LUT6 (Prop_G6LUT_SLICEL_I5_O)
                                                      0.038     6.136 f  u_tcp_tx/u_csum/scan_id[3]_i_1__0/O
                         net (fo=422, routed)         0.229     6.365    u_tcp_tx/u_fifo_b/ctrl_doff_reg[3]_0[0]
    SLICE_X38Y174        LUT6 (Prop_C6LUT_SLICEL_I4_O)
                                                      0.148     6.513 r  u_tcp_tx/u_fifo_b/ctrl_doff[3]_i_1/O
                         net (fo=104, routed)         0.282     6.795    u_tcp_tx/u_ackq/ctrl_ack_reg[0]
    SLICE_X36Y175        LUT6 (Prop_E6LUT_SLICEL_I4_O)
                                                      0.100     6.895 r  u_tcp_tx/u_ackq/f_seq[1][31]_i_9/O
                         net (fo=94, routed)          0.577     7.472    u_tcb/cam_rd_id[1]
    SLICE_X25Y181        LUT6 (Prop_C6LUT_SLICEM_I2_O)
                                                      0.098     7.570 r  u_tcb/f_seq[1][11]_i_2/O
                         net (fo=3, routed)           0.200     7.770    u_tcb/f_seq[1][11]_i_2_n_53
    SLICE_X25Y181        LUT6 (Prop_H6LUT_SLICEM_I0_O)
                                                      0.182     7.952 r  u_tcb/f_seq[1][11]_i_1/O
                         net (fo=20, routed)          0.238     8.190    u_tcb/D[11]
    SLICE_X26Y177        LUT2 (Prop_D6LUT_SLICEL_I0_O)
                                                      0.063     8.253 r  u_tcb/mem_reg_0_31_28_38_i_60/O
                         net (fo=1, routed)           0.010     8.263    u_tcb/mem_reg_0_31_28_38_i_60_n_53
    SLICE_X26Y177        CARRY8 (Prop_CARRY8_SLICEL_S[3]_CO[7])
                                                      0.195     8.458 r  u_tcb/mem_reg_0_31_28_38_i_46/CO[7]
                         net (fo=1, routed)           0.028     8.486    u_tcb/mem_reg_0_31_28_38_i_46_n_53
    SLICE_X26Y178        CARRY8 (Prop_CARRY8_SLICEL_CI_CO[7])
                                                      0.023     8.509 r  u_tcb/mem_reg_0_31_28_38_i_29/CO[7]
                         net (fo=1, routed)           0.028     8.537    u_tcb/mem_reg_0_31_28_38_i_29_n_53
    SLICE_X26Y179        CARRY8 (Prop_CARRY8_SLICEL_CI_O[7])
                                                      0.146     8.683 r  u_tcb/mem_reg_0_31_28_38_i_19/O[7]
                         net (fo=2, routed)           0.250     8.933    u_tcb/u_tcp_tx/ring_ovf12_out[31]
    SLICE_X25Y182        LUT3 (Prop_F6LUT_SLICEM_I2_O)
                                                      0.038     8.971 f  u_tcb/fc_rr[3]_i_7/O
                         net (fo=1, routed)           0.160     9.131    u_tcp_tx/fc_rr[3]_i_4
    SLICE_X25Y185        LUT6 (Prop_G6LUT_SLICEM_I0_O)
                                                      0.116     9.247 r  u_tcp_tx/fc_rr[3]_i_6/O
                         net (fo=37, routed)          0.228     9.475    u_tcp_tx/u_ackq/wscale_r_reg[14][0]_2
    SLICE_X23Y186        LUT5 (Prop_E5LUT_SLICEL_I3_O)
                                                      0.140     9.615 f  u_tcp_tx/u_ackq/rcv_nxt_r[0][31]_i_33/O
                         net (fo=1, routed)           0.210     9.825    u_tcp_tx/u_ackq/rcv_nxt_r[0][31]_i_33_n_53
    SLICE_X22Y187        LUT5 (Prop_B6LUT_SLICEL_I4_O)
                                                      0.177    10.002 f  u_tcp_tx/u_ackq/rcv_nxt_r[0][31]_i_15/O
                         net (fo=1, routed)           0.058    10.060    u_tcp_tx/u_ackq/tx_upd_id[0]
    SLICE_X22Y187        LUT3 (Prop_F6LUT_SLICEL_I0_O)
                                                      0.148    10.208 f  u_tcp_tx/u_ackq/rcv_nxt_r[0][31]_i_4/O
                         net (fo=114, routed)         0.571    10.779    u_tcp_tx/u_ackq/tcb_id[0]
    SLICE_X25Y193        LUT6 (Prop_H6LUT_SLICEM_I2_O)
                                                      0.066    10.845 r  u_tcp_tx/u_ackq/snd_wnd_r[4][15]_i_1/O
                         net (fo=16, routed)          0.398    11.244    u_tcb/snd_wnd_r_reg[4][15]_0[0]
    SLICE_X26Y199        FDCE                                         r  u_tcb/snd_wnd_r_reg[4][4]/CE
  -------------------------------------------------------------------    -------------------

                         (clock g_hw.clk_out0 rise edge)
                                                      6.400     6.400 r  
    T25                                               0.000     6.400 r  sys_clk_p (IN)
                         net (fo=0)                   0.079     6.479    u_clkgen/g_hw.u_ibufds/I
    HPIOBDIFFINBUF_X0Y37 DIFFINBUF (Prop_DIFFINBUF_HPIOBDIFFINBUF_DIFF_IN_P_O)
                                                      0.398     6.877 r  u_clkgen/g_hw.u_ibufds/DIFFINBUF_INST/O
                         net (fo=1, routed)           0.040     6.917    u_clkgen/g_hw.u_ibufds/OUT
    T25                  IBUFCTRL (Prop_IBUFCTRL_HPIOB_M_I_O)
                                                      0.000     6.917 r  u_clkgen/g_hw.u_ibufds/IBUFCTRL_INST/O
                         net (fo=1, routed)           0.304     7.221    u_clkgen/g_hw.clk_in_ibuf
    BUFGCE_X0Y32         BUFGCE (Prop_BUFCE_BUFGCE_I_O)
                                                      0.024     7.245 r  u_clkgen/g_hw.u_bufg_in/O
                         net (fo=485, routed)         1.317     8.562    u_clkgen/clk_in_100
    MMCM_X0Y1            MMCME4_ADV (Prop_MMCM_CLKIN1_CLKOUT0)
                                                      0.644     9.206 r  u_clkgen/g_hw.u_mmcm/CLKOUT0
                         net (fo=1, routed)           0.228     9.434    u_clkgen/g_hw.clk_out0
    BUFGCE_X0Y34         BUFGCE (Prop_BUFCE_BUFGCE_I_O)
                                                      0.024     9.458 r  u_clkgen/g_hw.u_bufg_out/O
    X1Y3 (CLOCK_ROOT)    net (fo=50443, routed)       2.331    11.789    u_tcb/dp_clk
    SLICE_X26Y199        FDCE                                         r  u_tcb/snd_wnd_r_reg[4][4]/C
                         clock pessimism             -0.304    11.485    
                         clock uncertainty           -0.062    11.423    
    SLICE_X26Y199        FDCE (Setup_BFF2_SLICEL_C_CE)
                                                     -0.042    11.381    u_tcb/snd_wnd_r_reg[4][4]
  -------------------------------------------------------------------
                         required time                         11.381    
                         arrival time                         -11.244    
  -------------------------------------------------------------------
                         slack                                  0.137    

Slack (MET) :             0.137ns  (required time - arrival time)
  Source:                 u_tcp_tx/tick_cnt_reg[2]/C
                            (rising edge-triggered cell FDCE clocked by g_hw.clk_out0  {rise@0.000ns fall@3.200ns period=6.400ns})
  Destination:            u_tcb/snd_wnd_r_reg[4][9]/CE
                            (rising edge-triggered cell FDCE clocked by g_hw.clk_out0  {rise@0.000ns fall@3.200ns period=6.400ns})
  Path Group:             g_hw.clk_out0
  Path Type:              Setup (Max at Slow Process Corner)
  Requirement:            6.400ns  (g_hw.clk_out0 rise@6.400ns - g_hw.clk_out0 rise@0.000ns)
  Data Path Delay:        6.013ns  (logic 1.923ns (31.981%)  route 4.090ns (68.019%))
  Logic Levels:           16  (CARRY8=3 LUT2=1 LUT3=2 LUT4=1 LUT5=2 LUT6=7)
  Clock Path Skew:        -0.146ns (DCD - SCD + CPR)
    Destination Clock Delay (DCD):    5.389ns = ( 11.789 - 6.400 ) 
    Source Clock Delay      (SCD):    5.231ns
    Clock Pessimism Removal (CPR):    -0.304ns
  Clock Uncertainty:      0.062ns  ((TSJ^2 + DJ^2)^1/2) / 2 + PE
    Total System Jitter     (TSJ):    0.071ns
    Discrete Jitter          (DJ):    0.101ns
    Phase Error              (PE):    0.000ns
  Clock Net Delay (Source):      2.579ns (routing 1.064ns, distribution 1.515ns)
  Clock Net Delay (Destination): 2.331ns (routing 0.965ns, distribution 1.366ns)

    Location             Delay type                Incr(ns)  Path(ns)    Netlist Resource(s)
  -------------------------------------------------------------------    -------------------
                         (clock g_hw.clk_out0 rise edge)
                                                      0.000     0.000 r  
    T25                                               0.000     0.000 r  sys_clk_p (IN)
                         net (fo=0)                   0.100     0.100    u_clkgen/g_hw.u_ibufds/I
    HPIOBDIFFINBUF_X0Y37 DIFFINBUF (Prop_DIFFINBUF_HPIOBDIFFINBUF_DIFF_IN_P_O)
                                                      0.479     0.579 r  u_clkgen/g_hw.u_ibufds/DIFFINBUF_INST/O
                         net (fo=1, routed)           0.050     0.629    u_clkgen/g_hw.u_ibufds/OUT
    T25                  IBUFCTRL (Prop_IBUFCTRL_HPIOB_M_I_O)
                                                      0.000     0.629 r  u_clkgen/g_hw.u_ibufds/IBUFCTRL_INST/O
                         net (fo=1, routed)           0.343     0.972    u_clkgen/g_hw.clk_in_ibuf
    BUFGCE_X0Y32         BUFGCE (Prop_BUFCE_BUFGCE_I_O)
                                                      0.028     1.000 r  u_clkgen/g_hw.u_bufg_in/O
                         net (fo=485, routed)         1.474     2.474    u_clkgen/clk_in_100
    MMCM_X0Y1            MMCME4_ADV (Prop_MMCM_CLKIN1_CLKOUT0)
                                                     -0.106     2.368 r  u_clkgen/g_hw.u_mmcm/CLKOUT0
                         net (fo=1, routed)           0.256     2.624    u_clkgen/g_hw.clk_out0
    BUFGCE_X0Y34         BUFGCE (Prop_BUFCE_BUFGCE_I_O)
                                                      0.028     2.652 r  u_clkgen/g_hw.u_bufg_out/O
    X1Y3 (CLOCK_ROOT)    net (fo=50443, routed)       2.579     5.231    u_tcp_tx/dp_clk
    SLICE_X45Y166        FDCE                                         r  u_tcp_tx/tick_cnt_reg[2]/C
  -------------------------------------------------------------------    -------------------
    SLICE_X45Y166        FDCE (Prop_CFF2_SLICEL_C_Q)
                                                      0.097     5.328 f  u_tcp_tx/tick_cnt_reg[2]/Q
                         net (fo=5, routed)           0.186     5.513    u_tcp_tx/u_retx/scan_id_reg[3][2]
    SLICE_X45Y166        LUT4 (Prop_F6LUT_SLICEL_I3_O)
                                                      0.148     5.661 r  u_tcp_tx/u_retx/scan_id[3]_i_4__0/O
                         net (fo=3, routed)           0.437     6.098    u_tcp_tx/u_csum/scan_id_reg[3]_3
    SLICE_X36Y172        LUT6 (Prop_G6LUT_SLICEL_I5_O)
                                                      0.038     6.136 f  u_tcp_tx/u_csum/scan_id[3]_i_1__0/O
                         net (fo=422, routed)         0.229     6.365    u_tcp_tx/u_fifo_b/ctrl_doff_reg[3]_0[0]
    SLICE_X38Y174        LUT6 (Prop_C6LUT_SLICEL_I4_O)
                                                      0.148     6.513 r  u_tcp_tx/u_fifo_b/ctrl_doff[3]_i_1/O
                         net (fo=104, routed)         0.282     6.795    u_tcp_tx/u_ackq/ctrl_ack_reg[0]
    SLICE_X36Y175        LUT6 (Prop_E6LUT_SLICEL_I4_O)
                                                      0.100     6.895 r  u_tcp_tx/u_ackq/f_seq[1][31]_i_9/O
                         net (fo=94, routed)          0.577     7.472    u_tcb/cam_rd_id[1]
    SLICE_X25Y181        LUT6 (Prop_C6LUT_SLICEM_I2_O)
                                                      0.098     7.570 r  u_tcb/f_seq[1][11]_i_2/O
                         net (fo=3, routed)           0.200     7.770    u_tcb/f_seq[1][11]_i_2_n_53
    SLICE_X25Y181        LUT6 (Prop_H6LUT_SLICEM_I0_O)
                                                      0.182     7.952 r  u_tcb/f_seq[1][11]_i_1/O
                         net (fo=20, routed)          0.238     8.190    u_tcb/D[11]
    SLICE_X26Y177        LUT2 (Prop_D6LUT_SLICEL_I0_O)
                                                      0.063     8.253 r  u_tcb/mem_reg_0_31_28_38_i_60/O
                         net (fo=1, routed)           0.010     8.263    u_tcb/mem_reg_0_31_28_38_i_60_n_53
    SLICE_X26Y177        CARRY8 (Prop_CARRY8_SLICEL_S[3]_CO[7])
                                                      0.195     8.458 r  u_tcb/mem_reg_0_31_28_38_i_46/CO[7]
                         net (fo=1, routed)           0.028     8.486    u_tcb/mem_reg_0_31_28_38_i_46_n_53
    SLICE_X26Y178        CARRY8 (Prop_CARRY8_SLICEL_CI_CO[7])
                                                      0.023     8.509 r  u_tcb/mem_reg_0_31_28_38_i_29/CO[7]
                         net (fo=1, routed)           0.028     8.537    u_tcb/mem_reg_0_31_28_38_i_29_n_53
    SLICE_X26Y179        CARRY8 (Prop_CARRY8_SLICEL_CI_O[7])
                                                      0.146     8.683 r  u_tcb/mem_reg_0_31_28_38_i_19/O[7]
                         net (fo=2, routed)           0.250     8.933    u_tcb/u_tcp_tx/ring_ovf12_out[31]
    SLICE_X25Y182        LUT3 (Prop_F6LUT_SLICEM_I2_O)
                                                      0.038     8.971 f  u_tcb/fc_rr[3]_i_7/O
                         net (fo=1, routed)           0.160     9.131    u_tcp_tx/fc_rr[3]_i_4
    SLICE_X25Y185        LUT6 (Prop_G6LUT_SLICEM_I0_O)
                                                      0.116     9.247 r  u_tcp_tx/fc_rr[3]_i_6/O
                         net (fo=37, routed)          0.228     9.475    u_tcp_tx/u_ackq/wscale_r_reg[14][0]_2
    SLICE_X23Y186        LUT5 (Prop_E5LUT_SLICEL_I3_O)
                                                      0.140     9.615 f  u_tcp_tx/u_ackq/rcv_nxt_r[0][31]_i_33/O
                         net (fo=1, routed)           0.210     9.825    u_tcp_tx/u_ackq/rcv_nxt_r[0][31]_i_33_n_53
    SLICE_X22Y187        LUT5 (Prop_B6LUT_SLICEL_I4_O)
                                                      0.177    10.002 f  u_tcp_tx/u_ackq/rcv_nxt_r[0][31]_i_15/O
                         net (fo=1, routed)           0.058    10.060    u_tcp_tx/u_ackq/tx_upd_id[0]
    SLICE_X22Y187        LUT3 (Prop_F6LUT_SLICEL_I0_O)
                                                      0.148    10.208 f  u_tcp_tx/u_ackq/rcv_nxt_r[0][31]_i_4/O
                         net (fo=114, routed)         0.571    10.779    u_tcp_tx/u_ackq/tcb_id[0]
    SLICE_X25Y193        LUT6 (Prop_H6LUT_SLICEM_I2_O)
                                                      0.066    10.845 r  u_tcp_tx/u_ackq/snd_wnd_r[4][15]_i_1/O
                         net (fo=16, routed)          0.398    11.244    u_tcb/snd_wnd_r_reg[4][15]_0[0]
    SLICE_X26Y199        FDCE                                         r  u_tcb/snd_wnd_r_reg[4][9]/CE
  -------------------------------------------------------------------    -------------------

                         (clock g_hw.clk_out0 rise edge)
                                                      6.400     6.400 r  
    T25                                               0.000     6.400 r  sys_clk_p (IN)
                         net (fo=0)                   0.079     6.479    u_clkgen/g_hw.u_ibufds/I
    HPIOBDIFFINBUF_X0Y37 DIFFINBUF (Prop_DIFFINBUF_HPIOBDIFFINBUF_DIFF_IN_P_O)
                                                      0.398     6.877 r  u_clkgen/g_hw.u_ibufds/DIFFINBUF_INST/O
                         net (fo=1, routed)           0.040     6.917    u_clkgen/g_hw.u_ibufds/OUT
    T25                  IBUFCTRL (Prop_IBUFCTRL_HPIOB_M_I_O)
                                                      0.000     6.917 r  u_clkgen/g_hw.u_ibufds/IBUFCTRL_INST/O
                         net (fo=1, routed)           0.304     7.221    u_clkgen/g_hw.clk_in_ibuf
    BUFGCE_X0Y32         BUFGCE (Prop_BUFCE_BUFGCE_I_O)
                                                      0.024     7.245 r  u_clkgen/g_hw.u_bufg_in/O
                         net (fo=485, routed)         1.317     8.562    u_clkgen/clk_in_100
    MMCM_X0Y1            MMCME4_ADV (Prop_MMCM_CLKIN1_CLKOUT0)
                                                      0.644     9.206 r  u_clkgen/g_hw.u_mmcm/CLKOUT0
                         net (fo=1, routed)           0.228     9.434    u_clkgen/g_hw.clk_out0
    BUFGCE_X0Y34         BUFGCE (Prop_BUFCE_BUFGCE_I_O)
                                                      0.024     9.458 r  u_clkgen/g_hw.u_bufg_out/O
    X1Y3 (CLOCK_ROOT)    net (fo=50443, routed)       2.331    11.789    u_tcb/dp_clk
    SLICE_X26Y199        FDCE                                         r  u_tcb/snd_wnd_r_reg[4][9]/C
                         clock pessimism             -0.304    11.485    
                         clock uncertainty           -0.062    11.423    
    SLICE_X26Y199        FDCE (Setup_AFF2_SLICEL_C_CE)
                                                     -0.042    11.381    u_tcb/snd_wnd_r_reg[4][9]
  -------------------------------------------------------------------
                         required time                         11.381    
                         arrival time                         -11.244    
  -------------------------------------------------------------------
                         slack                                  0.137    

Slack (MET) :             0.144ns  (required time - arrival time)
  Source:                 u_tcp_tx/tick_cnt_reg[2]/C
                            (rising edge-triggered cell FDCE clocked by g_hw.clk_out0  {rise@0.000ns fall@3.200ns period=6.400ns})
  Destination:            u_tcb/snd_nxt_r_reg[5][16]/CE
                            (rising edge-triggered cell FDCE clocked by g_hw.clk_out0  {rise@0.000ns fall@3.200ns period=6.400ns})
  Path Group:             g_hw.clk_out0
  Path Type:              Setup (Max at Slow Process Corner)
  Requirement:            6.400ns  (g_hw.clk_out0 rise@6.400ns - g_hw.clk_out0 rise@0.000ns)
  Data Path Delay:        6.000ns  (logic 2.004ns (33.399%)  route 3.996ns (66.601%))
  Logic Levels:           16  (CARRY8=3 LUT2=1 LUT3=2 LUT4=1 LUT5=2 LUT6=7)
  Clock Path Skew:        -0.152ns (DCD - SCD + CPR)
    Destination Clock Delay (DCD):    5.383ns = ( 11.783 - 6.400 ) 
    Source Clock Delay      (SCD):    5.231ns
    Clock Pessimism Removal (CPR):    -0.304ns
  Clock Uncertainty:      0.062ns  ((TSJ^2 + DJ^2)^1/2) / 2 + PE
    Total System Jitter     (TSJ):    0.071ns
    Discrete Jitter          (DJ):    0.101ns
    Phase Error              (PE):    0.000ns
  Clock Net Delay (Source):      2.579ns (routing 1.064ns, distribution 1.515ns)
  Clock Net Delay (Destination): 2.325ns (routing 0.965ns, distribution 1.360ns)

    Location             Delay type                Incr(ns)  Path(ns)    Netlist Resource(s)
  -------------------------------------------------------------------    -------------------
                         (clock g_hw.clk_out0 rise edge)
                                                      0.000     0.000 r  
    T25                                               0.000     0.000 r  sys_clk_p (IN)
                         net (fo=0)                   0.100     0.100    u_clkgen/g_hw.u_ibufds/I
    HPIOBDIFFINBUF_X0Y37 DIFFINBUF (Prop_DIFFINBUF_HPIOBDIFFINBUF_DIFF_IN_P_O)
                                                      0.479     0.579 r  u_clkgen/g_hw.u_ibufds/DIFFINBUF_INST/O
                         net (fo=1, routed)           0.050     0.629    u_clkgen/g_hw.u_ibufds/OUT
    T25                  IBUFCTRL (Prop_IBUFCTRL_HPIOB_M_I_O)
                                                      0.000     0.629 r  u_clkgen/g_hw.u_ibufds/IBUFCTRL_INST/O
                         net (fo=1, routed)           0.343     0.972    u_clkgen/g_hw.clk_in_ibuf
    BUFGCE_X0Y32         BUFGCE (Prop_BUFCE_BUFGCE_I_O)
                                                      0.028     1.000 r  u_clkgen/g_hw.u_bufg_in/O
                         net (fo=485, routed)         1.474     2.474    u_clkgen/clk_in_100
    MMCM_X0Y1            MMCME4_ADV (Prop_MMCM_CLKIN1_CLKOUT0)
                                                     -0.106     2.368 r  u_clkgen/g_hw.u_mmcm/CLKOUT0
                         net (fo=1, routed)           0.256     2.624    u_clkgen/g_hw.clk_out0
    BUFGCE_X0Y34         BUFGCE (Prop_BUFCE_BUFGCE_I_O)
                                                      0.028     2.652 r  u_clkgen/g_hw.u_bufg_out/O
    X1Y3 (CLOCK_ROOT)    net (fo=50443, routed)       2.579     5.231    u_tcp_tx/dp_clk
    SLICE_X45Y166        FDCE                                         r  u_tcp_tx/tick_cnt_reg[2]/C
  -------------------------------------------------------------------    -------------------
    SLICE_X45Y166        FDCE (Prop_CFF2_SLICEL_C_Q)
                                                      0.097     5.328 f  u_tcp_tx/tick_cnt_reg[2]/Q
                         net (fo=5, routed)           0.186     5.513    u_tcp_tx/u_retx/scan_id_reg[3][2]
    SLICE_X45Y166        LUT4 (Prop_F6LUT_SLICEL_I3_O)
                                                      0.148     5.661 r  u_tcp_tx/u_retx/scan_id[3]_i_4__0/O
                         net (fo=3, routed)           0.437     6.098    u_tcp_tx/u_csum/scan_id_reg[3]_3
    SLICE_X36Y172        LUT6 (Prop_G6LUT_SLICEL_I5_O)
                                                      0.038     6.136 f  u_tcp_tx/u_csum/scan_id[3]_i_1__0/O
                         net (fo=422, routed)         0.229     6.365    u_tcp_tx/u_fifo_b/ctrl_doff_reg[3]_0[0]
    SLICE_X38Y174        LUT6 (Prop_C6LUT_SLICEL_I4_O)
                                                      0.148     6.513 r  u_tcp_tx/u_fifo_b/ctrl_doff[3]_i_1/O
                         net (fo=104, routed)         0.282     6.795    u_tcp_tx/u_ackq/ctrl_ack_reg[0]
    SLICE_X36Y175        LUT6 (Prop_E6LUT_SLICEL_I4_O)
                                                      0.100     6.895 r  u_tcp_tx/u_ackq/f_seq[1][31]_i_9/O
                         net (fo=94, routed)          0.577     7.472    u_tcb/cam_rd_id[1]
    SLICE_X25Y181        LUT6 (Prop_C6LUT_SLICEM_I2_O)
                                                      0.098     7.570 r  u_tcb/f_seq[1][11]_i_2/O
                         net (fo=3, routed)           0.200     7.770    u_tcb/f_seq[1][11]_i_2_n_53
    SLICE_X25Y181        LUT6 (Prop_H6LUT_SLICEM_I0_O)
                                                      0.182     7.952 r  u_tcb/f_seq[1][11]_i_1/O
                         net (fo=20, routed)          0.238     8.190    u_tcb/D[11]
    SLICE_X26Y177        LUT2 (Prop_D6LUT_SLICEL_I0_O)
                                                      0.063     8.253 r  u_tcb/mem_reg_0_31_28_38_i_60/O
                         net (fo=1, routed)           0.010     8.263    u_tcb/mem_reg_0_31_28_38_i_60_n_53
    SLICE_X26Y177        CARRY8 (Prop_CARRY8_SLICEL_S[3]_CO[7])
                                                      0.195     8.458 r  u_tcb/mem_reg_0_31_28_38_i_46/CO[7]
                         net (fo=1, routed)           0.028     8.486    u_tcb/mem_reg_0_31_28_38_i_46_n_53
    SLICE_X26Y178        CARRY8 (Prop_CARRY8_SLICEL_CI_CO[7])
                                                      0.023     8.509 r  u_tcb/mem_reg_0_31_28_38_i_29/CO[7]
                         net (fo=1, routed)           0.028     8.537    u_tcb/mem_reg_0_31_28_38_i_29_n_53
    SLICE_X26Y179        CARRY8 (Prop_CARRY8_SLICEL_CI_O[7])
                                                      0.146     8.683 r  u_tcb/mem_reg_0_31_28_38_i_19/O[7]
                         net (fo=2, routed)           0.250     8.933    u_tcb/u_tcp_tx/ring_ovf12_out[31]
    SLICE_X25Y182        LUT3 (Prop_F6LUT_SLICEM_I2_O)
                                                      0.038     8.971 f  u_tcb/fc_rr[3]_i_7/O
                         net (fo=1, routed)           0.160     9.131    u_tcp_tx/fc_rr[3]_i_4
    SLICE_X25Y185        LUT6 (Prop_G6LUT_SLICEM_I0_O)
                                                      0.116     9.247 r  u_tcp_tx/fc_rr[3]_i_6/O
                         net (fo=37, routed)          0.228     9.475    u_tcp_tx/u_ackq/wscale_r_reg[14][0]_2
    SLICE_X23Y186        LUT5 (Prop_E5LUT_SLICEL_I3_O)
                                                      0.140     9.615 r  u_tcp_tx/u_ackq/rcv_nxt_r[0][31]_i_33/O
                         net (fo=1, routed)           0.210     9.825    u_tcp_tx/u_ackq/rcv_nxt_r[0][31]_i_33_n_53
    SLICE_X22Y187        LUT5 (Prop_B6LUT_SLICEL_I4_O)
                                                      0.177    10.002 r  u_tcp_tx/u_ackq/rcv_nxt_r[0][31]_i_15/O
                         net (fo=1, routed)           0.058    10.060    u_tcp_tx/u_ackq/tx_upd_id[0]
    SLICE_X22Y187        LUT3 (Prop_F6LUT_SLICEL_I0_O)
                                                      0.148    10.208 r  u_tcp_tx/u_ackq/rcv_nxt_r[0][31]_i_4/O
                         net (fo=114, routed)         0.468    10.676    u_tcp_tx/u_ackq/tcb_id[0]
    SLICE_X25Y194        LUT6 (Prop_D6LUT_SLICEM_I1_O)
                                                      0.147    10.823 r  u_tcp_tx/u_ackq/snd_nxt_r[5][31]_i_1/O
                         net (fo=32, routed)          0.408    11.231    u_tcb/snd_nxt_r_reg[5][31]_0[0]
    SLICE_X27Y191        FDCE                                         r  u_tcb/snd_nxt_r_reg[5][16]/CE
  -------------------------------------------------------------------    -------------------

                         (clock g_hw.clk_out0 rise edge)
                                                      6.400     6.400 r  
    T25                                               0.000     6.400 r  sys_clk_p (IN)
                         net (fo=0)                   0.079     6.479    u_clkgen/g_hw.u_ibufds/I
    HPIOBDIFFINBUF_X0Y37 DIFFINBUF (Prop_DIFFINBUF_HPIOBDIFFINBUF_DIFF_IN_P_O)
                                                      0.398     6.877 r  u_clkgen/g_hw.u_ibufds/DIFFINBUF_INST/O
                         net (fo=1, routed)           0.040     6.917    u_clkgen/g_hw.u_ibufds/OUT
    T25                  IBUFCTRL (Prop_IBUFCTRL_HPIOB_M_I_O)
                                                      0.000     6.917 r  u_clkgen/g_hw.u_ibufds/IBUFCTRL_INST/O
                         net (fo=1, routed)           0.304     7.221    u_clkgen/g_hw.clk_in_ibuf
    BUFGCE_X0Y32         BUFGCE (Prop_BUFCE_BUFGCE_I_O)
                                                      0.024     7.245 r  u_clkgen/g_hw.u_bufg_in/O
                         net (fo=485, routed)         1.317     8.562    u_clkgen/clk_in_100
    MMCM_X0Y1            MMCME4_ADV (Prop_MMCM_CLKIN1_CLKOUT0)
                                                      0.644     9.206 r  u_clkgen/g_hw.u_mmcm/CLKOUT0
                         net (fo=1, routed)           0.228     9.434    u_clkgen/g_hw.clk_out0
    BUFGCE_X0Y34         BUFGCE (Prop_BUFCE_BUFGCE_I_O)
                                                      0.024     9.458 r  u_clkgen/g_hw.u_bufg_out/O
    X1Y3 (CLOCK_ROOT)    net (fo=50443, routed)       2.325    11.783    u_tcb/dp_clk
    SLICE_X27Y191        FDCE                                         r  u_tcb/snd_nxt_r_reg[5][16]/C
                         clock pessimism             -0.304    11.479    
                         clock uncertainty           -0.062    11.417    
    SLICE_X27Y191        FDCE (Setup_DFF2_SLICEL_C_CE)
                                                     -0.042    11.375    u_tcb/snd_nxt_r_reg[5][16]
  -------------------------------------------------------------------
                         required time                         11.375    
                         arrival time                         -11.231    
  -------------------------------------------------------------------
                         slack                                  0.144    

Slack (MET) :             0.144ns  (required time - arrival time)
  Source:                 u_tcp_tx/tick_cnt_reg[2]/C
                            (rising edge-triggered cell FDCE clocked by g_hw.clk_out0  {rise@0.000ns fall@3.200ns period=6.400ns})
  Destination:            u_tcb/snd_nxt_r_reg[5][28]/CE
                            (rising edge-triggered cell FDCE clocked by g_hw.clk_out0  {rise@0.000ns fall@3.200ns period=6.400ns})
  Path Group:             g_hw.clk_out0
  Path Type:              Setup (Max at Slow Process Corner)
  Requirement:            6.400ns  (g_hw.clk_out0 rise@6.400ns - g_hw.clk_out0 rise@0.000ns)
  Data Path Delay:        6.000ns  (logic 2.004ns (33.399%)  route 3.996ns (66.601%))
  Logic Levels:           16  (CARRY8=3 LUT2=1 LUT3=2 LUT4=1 LUT5=2 LUT6=7)
  Clock Path Skew:        -0.152ns (DCD - SCD + CPR)
    Destination Clock Delay (DCD):    5.383ns = ( 11.783 - 6.400 ) 
    Source Clock Delay      (SCD):    5.231ns
    Clock Pessimism Removal (CPR):    -0.304ns
  Clock Uncertainty:      0.062ns  ((TSJ^2 + DJ^2)^1/2) / 2 + PE
    Total System Jitter     (TSJ):    0.071ns
    Discrete Jitter          (DJ):    0.101ns
    Phase Error              (PE):    0.000ns
  Clock Net Delay (Source):      2.579ns (routing 1.064ns, distribution 1.515ns)
  Clock Net Delay (Destination): 2.325ns (routing 0.965ns, distribution 1.360ns)

    Location             Delay type                Incr(ns)  Path(ns)    Netlist Resource(s)
  -------------------------------------------------------------------    -------------------
                         (clock g_hw.clk_out0 rise edge)
                                                      0.000     0.000 r  
    T25                                               0.000     0.000 r  sys_clk_p (IN)
                         net (fo=0)                   0.100     0.100    u_clkgen/g_hw.u_ibufds/I
    HPIOBDIFFINBUF_X0Y37 DIFFINBUF (Prop_DIFFINBUF_HPIOBDIFFINBUF_DIFF_IN_P_O)
                                                      0.479     0.579 r  u_clkgen/g_hw.u_ibufds/DIFFINBUF_INST/O
                         net (fo=1, routed)           0.050     0.629    u_clkgen/g_hw.u_ibufds/OUT
    T25                  IBUFCTRL (Prop_IBUFCTRL_HPIOB_M_I_O)
                                                      0.000     0.629 r  u_clkgen/g_hw.u_ibufds/IBUFCTRL_INST/O
                         net (fo=1, routed)           0.343     0.972    u_clkgen/g_hw.clk_in_ibuf
    BUFGCE_X0Y32         BUFGCE (Prop_BUFCE_BUFGCE_I_O)
                                                      0.028     1.000 r  u_clkgen/g_hw.u_bufg_in/O
                         net (fo=485, routed)         1.474     2.474    u_clkgen/clk_in_100
    MMCM_X0Y1            MMCME4_ADV (Prop_MMCM_CLKIN1_CLKOUT0)
                                                     -0.106     2.368 r  u_clkgen/g_hw.u_mmcm/CLKOUT0
                         net (fo=1, routed)           0.256     2.624    u_clkgen/g_hw.clk_out0
    BUFGCE_X0Y34         BUFGCE (Prop_BUFCE_BUFGCE_I_O)
                                                      0.028     2.652 r  u_clkgen/g_hw.u_bufg_out/O
    X1Y3 (CLOCK_ROOT)    net (fo=50443, routed)       2.579     5.231    u_tcp_tx/dp_clk
    SLICE_X45Y166        FDCE                                         r  u_tcp_tx/tick_cnt_reg[2]/C
  -------------------------------------------------------------------    -------------------
    SLICE_X45Y166        FDCE (Prop_CFF2_SLICEL_C_Q)
                                                      0.097     5.328 f  u_tcp_tx/tick_cnt_reg[2]/Q
                         net (fo=5, routed)           0.186     5.513    u_tcp_tx/u_retx/scan_id_reg[3][2]
    SLICE_X45Y166        LUT4 (Prop_F6LUT_SLICEL_I3_O)
                                                      0.148     5.661 r  u_tcp_tx/u_retx/scan_id[3]_i_4__0/O
                         net (fo=3, routed)           0.437     6.098    u_tcp_tx/u_csum/scan_id_reg[3]_3
    SLICE_X36Y172        LUT6 (Prop_G6LUT_SLICEL_I5_O)
                                                      0.038     6.136 f  u_tcp_tx/u_csum/scan_id[3]_i_1__0/O
                         net (fo=422, routed)         0.229     6.365    u_tcp_tx/u_fifo_b/ctrl_doff_reg[3]_0[0]
    SLICE_X38Y174        LUT6 (Prop_C6LUT_SLICEL_I4_O)
                                                      0.148     6.513 r  u_tcp_tx/u_fifo_b/ctrl_doff[3]_i_1/O
                         net (fo=104, routed)         0.282     6.795    u_tcp_tx/u_ackq/ctrl_ack_reg[0]
    SLICE_X36Y175        LUT6 (Prop_E6LUT_SLICEL_I4_O)
                                                      0.100     6.895 r  u_tcp_tx/u_ackq/f_seq[1][31]_i_9/O
                         net (fo=94, routed)          0.577     7.472    u_tcb/cam_rd_id[1]
    SLICE_X25Y181        LUT6 (Prop_C6LUT_SLICEM_I2_O)
                                                      0.098     7.570 r  u_tcb/f_seq[1][11]_i_2/O
                         net (fo=3, routed)           0.200     7.770    u_tcb/f_seq[1][11]_i_2_n_53
    SLICE_X25Y181        LUT6 (Prop_H6LUT_SLICEM_I0_O)
                                                      0.182     7.952 r  u_tcb/f_seq[1][11]_i_1/O
                         net (fo=20, routed)          0.238     8.190    u_tcb/D[11]
    SLICE_X26Y177        LUT2 (Prop_D6LUT_SLICEL_I0_O)
                                                      0.063     8.253 r  u_tcb/mem_reg_0_31_28_38_i_60/O
                         net (fo=1, routed)           0.010     8.263    u_tcb/mem_reg_0_31_28_38_i_60_n_53
    SLICE_X26Y177        CARRY8 (Prop_CARRY8_SLICEL_S[3]_CO[7])
                                                      0.195     8.458 r  u_tcb/mem_reg_0_31_28_38_i_46/CO[7]
                         net (fo=1, routed)           0.028     8.486    u_tcb/mem_reg_0_31_28_38_i_46_n_53
    SLICE_X26Y178        CARRY8 (Prop_CARRY8_SLICEL_CI_CO[7])
                                                      0.023     8.509 r  u_tcb/mem_reg_0_31_28_38_i_29/CO[7]
                         net (fo=1, routed)           0.028     8.537    u_tcb/mem_reg_0_31_28_38_i_29_n_53
    SLICE_X26Y179        CARRY8 (Prop_CARRY8_SLICEL_CI_O[7])
                                                      0.146     8.683 r  u_tcb/mem_reg_0_31_28_38_i_19/O[7]
                         net (fo=2, routed)           0.250     8.933    u_tcb/u_tcp_tx/ring_ovf12_out[31]
    SLICE_X25Y182        LUT3 (Prop_F6LUT_SLICEM_I2_O)
                                                      0.038     8.971 f  u_tcb/fc_rr[3]_i_7/O
                         net (fo=1, routed)           0.160     9.131    u_tcp_tx/fc_rr[3]_i_4
    SLICE_X25Y185        LUT6 (Prop_G6LUT_SLICEM_I0_O)
                                                      0.116     9.247 r  u_tcp_tx/fc_rr[3]_i_6/O
                         net (fo=37, routed)          0.228     9.475    u_tcp_tx/u_ackq/wscale_r_reg[14][0]_2
    SLICE_X23Y186        LUT5 (Prop_E5LUT_SLICEL_I3_O)
                                                      0.140     9.615 r  u_tcp_tx/u_ackq/rcv_nxt_r[0][31]_i_33/O
                         net (fo=1, routed)           0.210     9.825    u_tcp_tx/u_ackq/rcv_nxt_r[0][31]_i_33_n_53
    SLICE_X22Y187        LUT5 (Prop_B6LUT_SLICEL_I4_O)
                                                      0.177    10.002 r  u_tcp_tx/u_ackq/rcv_nxt_r[0][31]_i_15/O
                         net (fo=1, routed)           0.058    10.060    u_tcp_tx/u_ackq/tx_upd_id[0]
    SLICE_X22Y187        LUT3 (Prop_F6LUT_SLICEL_I0_O)
                                                      0.148    10.208 r  u_tcp_tx/u_ackq/rcv_nxt_r[0][31]_i_4/O
                         net (fo=114, routed)         0.468    10.676    u_tcp_tx/u_ackq/tcb_id[0]
    SLICE_X25Y194        LUT6 (Prop_D6LUT_SLICEM_I1_O)
                                                      0.147    10.823 r  u_tcp_tx/u_ackq/snd_nxt_r[5][31]_i_1/O
                         net (fo=32, routed)          0.408    11.231    u_tcb/snd_nxt_r_reg[5][31]_0[0]
    SLICE_X27Y191        FDCE                                         r  u_tcb/snd_nxt_r_reg[5][28]/CE
  -------------------------------------------------------------------    -------------------

                         (clock g_hw.clk_out0 rise edge)
                                                      6.400     6.400 r  
    T25                                               0.000     6.400 r  sys_clk_p (IN)
                         net (fo=0)                   0.079     6.479    u_clkgen/g_hw.u_ibufds/I
    HPIOBDIFFINBUF_X0Y37 DIFFINBUF (Prop_DIFFINBUF_HPIOBDIFFINBUF_DIFF_IN_P_O)
                                                      0.398     6.877 r  u_clkgen/g_hw.u_ibufds/DIFFINBUF_INST/O
                         net (fo=1, routed)           0.040     6.917    u_clkgen/g_hw.u_ibufds/OUT
    T25                  IBUFCTRL (Prop_IBUFCTRL_HPIOB_M_I_O)
                                                      0.000     6.917 r  u_clkgen/g_hw.u_ibufds/IBUFCTRL_INST/O
                         net (fo=1, routed)           0.304     7.221    u_clkgen/g_hw.clk_in_ibuf
    BUFGCE_X0Y32         BUFGCE (Prop_BUFCE_BUFGCE_I_O)
                                                      0.024     7.245 r  u_clkgen/g_hw.u_bufg_in/O
                         net (fo=485, routed)         1.317     8.562    u_clkgen/clk_in_100
    MMCM_X0Y1            MMCME4_ADV (Prop_MMCM_CLKIN1_CLKOUT0)
                                                      0.644     9.206 r  u_clkgen/g_hw.u_mmcm/CLKOUT0
                         net (fo=1, routed)           0.228     9.434    u_clkgen/g_hw.clk_out0
    BUFGCE_X0Y34         BUFGCE (Prop_BUFCE_BUFGCE_I_O)
                                                      0.024     9.458 r  u_clkgen/g_hw.u_bufg_out/O
    X1Y3 (CLOCK_ROOT)    net (fo=50443, routed)       2.325    11.783    u_tcb/dp_clk
    SLICE_X27Y191        FDCE                                         r  u_tcb/snd_nxt_r_reg[5][28]/C
                         clock pessimism             -0.304    11.479    
                         clock uncertainty           -0.062    11.417    
    SLICE_X27Y191        FDCE (Setup_CFF2_SLICEL_C_CE)
                                                     -0.042    11.375    u_tcb/snd_nxt_r_reg[5][28]
  -------------------------------------------------------------------
                         required time                         11.375    
                         arrival time                         -11.231    
  -------------------------------------------------------------------
                         slack                                  0.144    

Slack (MET) :             0.147ns  (required time - arrival time)
  Source:                 u_tcp_tx/tick_cnt_reg[2]/C
                            (rising edge-triggered cell FDCE clocked by g_hw.clk_out0  {rise@0.000ns fall@3.200ns period=6.400ns})
  Destination:            u_tcb/rcv_nxt_r_reg[5][25]/CE
                            (rising edge-triggered cell FDCE clocked by g_hw.clk_out0  {rise@0.000ns fall@3.200ns period=6.400ns})
  Path Group:             g_hw.clk_out0
  Path Type:              Setup (Max at Slow Process Corner)
  Requirement:            6.400ns  (g_hw.clk_out0 rise@6.400ns - g_hw.clk_out0 rise@0.000ns)
  Data Path Delay:        6.002ns  (logic 2.004ns (33.386%)  route 3.998ns (66.614%))
  Logic Levels:           16  (CARRY8=3 LUT2=1 LUT3=2 LUT4=1 LUT5=2 LUT6=7)
  Clock Path Skew:        -0.147ns (DCD - SCD + CPR)
    Destination Clock Delay (DCD):    5.388ns = ( 11.788 - 6.400 ) 
    Source Clock Delay      (SCD):    5.231ns
    Clock Pessimism Removal (CPR):    -0.304ns
  Clock Uncertainty:      0.062ns  ((TSJ^2 + DJ^2)^1/2) / 2 + PE
    Total System Jitter     (TSJ):    0.071ns
    Discrete Jitter          (DJ):    0.101ns
    Phase Error              (PE):    0.000ns
  Clock Net Delay (Source):      2.579ns (routing 1.064ns, distribution 1.515ns)
  Clock Net Delay (Destination): 2.330ns (routing 0.965ns, distribution 1.365ns)

    Location             Delay type                Incr(ns)  Path(ns)    Netlist Resource(s)
  -------------------------------------------------------------------    -------------------
                         (clock g_hw.clk_out0 rise edge)
                                                      0.000     0.000 r  
    T25                                               0.000     0.000 r  sys_clk_p (IN)
                         net (fo=0)                   0.100     0.100    u_clkgen/g_hw.u_ibufds/I
    HPIOBDIFFINBUF_X0Y37 DIFFINBUF (Prop_DIFFINBUF_HPIOBDIFFINBUF_DIFF_IN_P_O)
                                                      0.479     0.579 r  u_clkgen/g_hw.u_ibufds/DIFFINBUF_INST/O
                         net (fo=1, routed)           0.050     0.629    u_clkgen/g_hw.u_ibufds/OUT
    T25                  IBUFCTRL (Prop_IBUFCTRL_HPIOB_M_I_O)
                                                      0.000     0.629 r  u_clkgen/g_hw.u_ibufds/IBUFCTRL_INST/O
                         net (fo=1, routed)           0.343     0.972    u_clkgen/g_hw.clk_in_ibuf
    BUFGCE_X0Y32         BUFGCE (Prop_BUFCE_BUFGCE_I_O)
                                                      0.028     1.000 r  u_clkgen/g_hw.u_bufg_in/O
                         net (fo=485, routed)         1.474     2.474    u_clkgen/clk_in_100
    MMCM_X0Y1            MMCME4_ADV (Prop_MMCM_CLKIN1_CLKOUT0)
                                                     -0.106     2.368 r  u_clkgen/g_hw.u_mmcm/CLKOUT0
                         net (fo=1, routed)           0.256     2.624    u_clkgen/g_hw.clk_out0
    BUFGCE_X0Y34         BUFGCE (Prop_BUFCE_BUFGCE_I_O)
                                                      0.028     2.652 r  u_clkgen/g_hw.u_bufg_out/O
    X1Y3 (CLOCK_ROOT)    net (fo=50443, routed)       2.579     5.231    u_tcp_tx/dp_clk
    SLICE_X45Y166        FDCE                                         r  u_tcp_tx/tick_cnt_reg[2]/C
  -------------------------------------------------------------------    -------------------
    SLICE_X45Y166        FDCE (Prop_CFF2_SLICEL_C_Q)
                                                      0.097     5.328 f  u_tcp_tx/tick_cnt_reg[2]/Q
                         net (fo=5, routed)           0.186     5.513    u_tcp_tx/u_retx/scan_id_reg[3][2]
    SLICE_X45Y166        LUT4 (Prop_F6LUT_SLICEL_I3_O)
                                                      0.148     5.661 r  u_tcp_tx/u_retx/scan_id[3]_i_4__0/O
                         net (fo=3, routed)           0.437     6.098    u_tcp_tx/u_csum/scan_id_reg[3]_3
    SLICE_X36Y172        LUT6 (Prop_G6LUT_SLICEL_I5_O)
                                                      0.038     6.136 f  u_tcp_tx/u_csum/scan_id[3]_i_1__0/O
                         net (fo=422, routed)         0.229     6.365    u_tcp_tx/u_fifo_b/ctrl_doff_reg[3]_0[0]
    SLICE_X38Y174        LUT6 (Prop_C6LUT_SLICEL_I4_O)
                                                      0.148     6.513 r  u_tcp_tx/u_fifo_b/ctrl_doff[3]_i_1/O
                         net (fo=104, routed)         0.282     6.795    u_tcp_tx/u_ackq/ctrl_ack_reg[0]
    SLICE_X36Y175        LUT6 (Prop_E6LUT_SLICEL_I4_O)
                                                      0.100     6.895 r  u_tcp_tx/u_ackq/f_seq[1][31]_i_9/O
                         net (fo=94, routed)          0.577     7.472    u_tcb/cam_rd_id[1]
    SLICE_X25Y181        LUT6 (Prop_C6LUT_SLICEM_I2_O)
                                                      0.098     7.570 r  u_tcb/f_seq[1][11]_i_2/O
                         net (fo=3, routed)           0.200     7.770    u_tcb/f_seq[1][11]_i_2_n_53
    SLICE_X25Y181        LUT6 (Prop_H6LUT_SLICEM_I0_O)
                                                      0.182     7.952 r  u_tcb/f_seq[1][11]_i_1/O
                         net (fo=20, routed)          0.238     8.190    u_tcb/D[11]
    SLICE_X26Y177        LUT2 (Prop_D6LUT_SLICEL_I0_O)
                                                      0.063     8.253 r  u_tcb/mem_reg_0_31_28_38_i_60/O
                         net (fo=1, routed)           0.010     8.263    u_tcb/mem_reg_0_31_28_38_i_60_n_53
    SLICE_X26Y177        CARRY8 (Prop_CARRY8_SLICEL_S[3]_CO[7])
                                                      0.195     8.458 r  u_tcb/mem_reg_0_31_28_38_i_46/CO[7]
                         net (fo=1, routed)           0.028     8.486    u_tcb/mem_reg_0_31_28_38_i_46_n_53
    SLICE_X26Y178        CARRY8 (Prop_CARRY8_SLICEL_CI_CO[7])
                                                      0.023     8.509 r  u_tcb/mem_reg_0_31_28_38_i_29/CO[7]
                         net (fo=1, routed)           0.028     8.537    u_tcb/mem_reg_0_31_28_38_i_29_n_53
    SLICE_X26Y179        CARRY8 (Prop_CARRY8_SLICEL_CI_O[7])
                                                      0.146     8.683 r  u_tcb/mem_reg_0_31_28_38_i_19/O[7]
                         net (fo=2, routed)           0.250     8.933    u_tcb/u_tcp_tx/ring_ovf12_out[31]
    SLICE_X25Y182        LUT3 (Prop_F6LUT_SLICEM_I2_O)
                                                      0.038     8.971 f  u_tcb/fc_rr[3]_i_7/O
                         net (fo=1, routed)           0.160     9.131    u_tcp_tx/fc_rr[3]_i_4
    SLICE_X25Y185        LUT6 (Prop_G6LUT_SLICEM_I0_O)
                                                      0.116     9.247 r  u_tcp_tx/fc_rr[3]_i_6/O
                         net (fo=37, routed)          0.228     9.475    u_tcp_tx/u_ackq/wscale_r_reg[14][0]_2
    SLICE_X23Y186        LUT5 (Prop_E5LUT_SLICEL_I3_O)
                                                      0.140     9.615 r  u_tcp_tx/u_ackq/rcv_nxt_r[0][31]_i_33/O
                         net (fo=1, routed)           0.210     9.825    u_tcp_tx/u_ackq/rcv_nxt_r[0][31]_i_33_n_53
    SLICE_X22Y187        LUT5 (Prop_B6LUT_SLICEL_I4_O)
                                                      0.177    10.002 r  u_tcp_tx/u_ackq/rcv_nxt_r[0][31]_i_15/O
                         net (fo=1, routed)           0.058    10.060    u_tcp_tx/u_ackq/tx_upd_id[0]
    SLICE_X22Y187        LUT3 (Prop_F6LUT_SLICEL_I0_O)
                                                      0.148    10.208 r  u_tcp_tx/u_ackq/rcv_nxt_r[0][31]_i_4/O
                         net (fo=114, routed)         0.332    10.540    u_tcp_tx/u_ackq/tcb_id[0]
    SLICE_X23Y193        LUT6 (Prop_D6LUT_SLICEL_I1_O)
                                                      0.147    10.687 r  u_tcp_tx/u_ackq/rcv_nxt_r[5][31]_i_1/O
                         net (fo=32, routed)          0.546    11.233    u_tcb/rcv_nxt_r_reg[5][31]_0[0]
    SLICE_X26Y203        FDCE                                         r  u_tcb/rcv_nxt_r_reg[5][25]/CE
  -------------------------------------------------------------------    -------------------

                         (clock g_hw.clk_out0 rise edge)
                                                      6.400     6.400 r  
    T25                                               0.000     6.400 r  sys_clk_p (IN)
                         net (fo=0)                   0.079     6.479    u_clkgen/g_hw.u_ibufds/I
    HPIOBDIFFINBUF_X0Y37 DIFFINBUF (Prop_DIFFINBUF_HPIOBDIFFINBUF_DIFF_IN_P_O)
                                                      0.398     6.877 r  u_clkgen/g_hw.u_ibufds/DIFFINBUF_INST/O
                         net (fo=1, routed)           0.040     6.917    u_clkgen/g_hw.u_ibufds/OUT
    T25                  IBUFCTRL (Prop_IBUFCTRL_HPIOB_M_I_O)
                                                      0.000     6.917 r  u_clkgen/g_hw.u_ibufds/IBUFCTRL_INST/O
                         net (fo=1, routed)           0.304     7.221    u_clkgen/g_hw.clk_in_ibuf
    BUFGCE_X0Y32         BUFGCE (Prop_BUFCE_BUFGCE_I_O)
                                                      0.024     7.245 r  u_clkgen/g_hw.u_bufg_in/O
                         net (fo=485, routed)         1.317     8.562    u_clkgen/clk_in_100
    MMCM_X0Y1            MMCME4_ADV (Prop_MMCM_CLKIN1_CLKOUT0)
                                                      0.644     9.206 r  u_clkgen/g_hw.u_mmcm/CLKOUT0
                         net (fo=1, routed)           0.228     9.434    u_clkgen/g_hw.clk_out0
    BUFGCE_X0Y34         BUFGCE (Prop_BUFCE_BUFGCE_I_O)
                                                      0.024     9.458 r  u_clkgen/g_hw.u_bufg_out/O
    X1Y3 (CLOCK_ROOT)    net (fo=50443, routed)       2.330    11.788    u_tcb/dp_clk
    SLICE_X26Y203        FDCE                                         r  u_tcb/rcv_nxt_r_reg[5][25]/C
                         clock pessimism             -0.304    11.484    
                         clock uncertainty           -0.062    11.422    
    SLICE_X26Y203        FDCE (Setup_HFF2_SLICEL_C_CE)
                                                     -0.042    11.380    u_tcb/rcv_nxt_r_reg[5][25]
  -------------------------------------------------------------------
                         required time                         11.380    
                         arrival time                         -11.233    
  -------------------------------------------------------------------
                         slack                                  0.147    

Slack (MET) :             0.147ns  (required time - arrival time)
  Source:                 u_tcp_tx/tick_cnt_reg[2]/C
                            (rising edge-triggered cell FDCE clocked by g_hw.clk_out0  {rise@0.000ns fall@3.200ns period=6.400ns})
  Destination:            u_tcb/rcv_nxt_r_reg[5][26]/CE
                            (rising edge-triggered cell FDCE clocked by g_hw.clk_out0  {rise@0.000ns fall@3.200ns period=6.400ns})
  Path Group:             g_hw.clk_out0
  Path Type:              Setup (Max at Slow Process Corner)
  Requirement:            6.400ns  (g_hw.clk_out0 rise@6.400ns - g_hw.clk_out0 rise@0.000ns)
  Data Path Delay:        6.002ns  (logic 2.004ns (33.386%)  route 3.998ns (66.614%))
  Logic Levels:           16  (CARRY8=3 LUT2=1 LUT3=2 LUT4=1 LUT5=2 LUT6=7)
  Clock Path Skew:        -0.147ns (DCD - SCD + CPR)
    Destination Clock Delay (DCD):    5.388ns = ( 11.788 - 6.400 ) 
    Source Clock Delay      (SCD):    5.231ns
    Clock Pessimism Removal (CPR):    -0.304ns
  Clock Uncertainty:      0.062ns  ((TSJ^2 + DJ^2)^1/2) / 2 + PE
    Total System Jitter     (TSJ):    0.071ns
    Discrete Jitter          (DJ):    0.101ns
    Phase Error              (PE):    0.000ns
  Clock Net Delay (Source):      2.579ns (routing 1.064ns, distribution 1.515ns)
  Clock Net Delay (Destination): 2.330ns (routing 0.965ns, distribution 1.365ns)

    Location             Delay type                Incr(ns)  Path(ns)    Netlist Resource(s)
  -------------------------------------------------------------------    -------------------
                         (clock g_hw.clk_out0 rise edge)
                                                      0.000     0.000 r  
    T25                                               0.000     0.000 r  sys_clk_p (IN)
                         net (fo=0)                   0.100     0.100    u_clkgen/g_hw.u_ibufds/I
    HPIOBDIFFINBUF_X0Y37 DIFFINBUF (Prop_DIFFINBUF_HPIOBDIFFINBUF_DIFF_IN_P_O)
                                                      0.479     0.579 r  u_clkgen/g_hw.u_ibufds/DIFFINBUF_INST/O
                         net (fo=1, routed)           0.050     0.629    u_clkgen/g_hw.u_ibufds/OUT
    T25                  IBUFCTRL (Prop_IBUFCTRL_HPIOB_M_I_O)
                                                      0.000     0.629 r  u_clkgen/g_hw.u_ibufds/IBUFCTRL_INST/O
                         net (fo=1, routed)           0.343     0.972    u_clkgen/g_hw.clk_in_ibuf
    BUFGCE_X0Y32         BUFGCE (Prop_BUFCE_BUFGCE_I_O)
                                                      0.028     1.000 r  u_clkgen/g_hw.u_bufg_in/O
                         net (fo=485, routed)         1.474     2.474    u_clkgen/clk_in_100
    MMCM_X0Y1            MMCME4_ADV (Prop_MMCM_CLKIN1_CLKOUT0)
                                                     -0.106     2.368 r  u_clkgen/g_hw.u_mmcm/CLKOUT0
                         net (fo=1, routed)           0.256     2.624    u_clkgen/g_hw.clk_out0
    BUFGCE_X0Y34         BUFGCE (Prop_BUFCE_BUFGCE_I_O)
                                                      0.028     2.652 r  u_clkgen/g_hw.u_bufg_out/O
    X1Y3 (CLOCK_ROOT)    net (fo=50443, routed)       2.579     5.231    u_tcp_tx/dp_clk
    SLICE_X45Y166        FDCE                                         r  u_tcp_tx/tick_cnt_reg[2]/C
  -------------------------------------------------------------------    -------------------
    SLICE_X45Y166        FDCE (Prop_CFF2_SLICEL_C_Q)
                                                      0.097     5.328 f  u_tcp_tx/tick_cnt_reg[2]/Q
                         net (fo=5, routed)           0.186     5.513    u_tcp_tx/u_retx/scan_id_reg[3][2]
    SLICE_X45Y166        LUT4 (Prop_F6LUT_SLICEL_I3_O)
                                                      0.148     5.661 r  u_tcp_tx/u_retx/scan_id[3]_i_4__0/O
                         net (fo=3, routed)           0.437     6.098    u_tcp_tx/u_csum/scan_id_reg[3]_3
    SLICE_X36Y172        LUT6 (Prop_G6LUT_SLICEL_I5_O)
                                                      0.038     6.136 f  u_tcp_tx/u_csum/scan_id[3]_i_1__0/O
                         net (fo=422, routed)         0.229     6.365    u_tcp_tx/u_fifo_b/ctrl_doff_reg[3]_0[0]
    SLICE_X38Y174        LUT6 (Prop_C6LUT_SLICEL_I4_O)
                                                      0.148     6.513 r  u_tcp_tx/u_fifo_b/ctrl_doff[3]_i_1/O
                         net (fo=104, routed)         0.282     6.795    u_tcp_tx/u_ackq/ctrl_ack_reg[0]
    SLICE_X36Y175        LUT6 (Prop_E6LUT_SLICEL_I4_O)
                                                      0.100     6.895 r  u_tcp_tx/u_ackq/f_seq[1][31]_i_9/O
                         net (fo=94, routed)          0.577     7.472    u_tcb/cam_rd_id[1]
    SLICE_X25Y181        LUT6 (Prop_C6LUT_SLICEM_I2_O)
                                                      0.098     7.570 r  u_tcb/f_seq[1][11]_i_2/O
                         net (fo=3, routed)           0.200     7.770    u_tcb/f_seq[1][11]_i_2_n_53
    SLICE_X25Y181        LUT6 (Prop_H6LUT_SLICEM_I0_O)
                                                      0.182     7.952 r  u_tcb/f_seq[1][11]_i_1/O
                         net (fo=20, routed)          0.238     8.190    u_tcb/D[11]
    SLICE_X26Y177        LUT2 (Prop_D6LUT_SLICEL_I0_O)
                                                      0.063     8.253 r  u_tcb/mem_reg_0_31_28_38_i_60/O
                         net (fo=1, routed)           0.010     8.263    u_tcb/mem_reg_0_31_28_38_i_60_n_53
    SLICE_X26Y177        CARRY8 (Prop_CARRY8_SLICEL_S[3]_CO[7])
                                                      0.195     8.458 r  u_tcb/mem_reg_0_31_28_38_i_46/CO[7]
                         net (fo=1, routed)           0.028     8.486    u_tcb/mem_reg_0_31_28_38_i_46_n_53
    SLICE_X26Y178        CARRY8 (Prop_CARRY8_SLICEL_CI_CO[7])
                                                      0.023     8.509 r  u_tcb/mem_reg_0_31_28_38_i_29/CO[7]
                         net (fo=1, routed)           0.028     8.537    u_tcb/mem_reg_0_31_28_38_i_29_n_53
    SLICE_X26Y179        CARRY8 (Prop_CARRY8_SLICEL_CI_O[7])
                                                      0.146     8.683 r  u_tcb/mem_reg_0_31_28_38_i_19/O[7]
                         net (fo=2, routed)           0.250     8.933    u_tcb/u_tcp_tx/ring_ovf12_out[31]
    SLICE_X25Y182        LUT3 (Prop_F6LUT_SLICEM_I2_O)
                                                      0.038     8.971 f  u_tcb/fc_rr[3]_i_7/O
                         net (fo=1, routed)           0.160     9.131    u_tcp_tx/fc_rr[3]_i_4
    SLICE_X25Y185        LUT6 (Prop_G6LUT_SLICEM_I0_O)
                                                      0.116     9.247 r  u_tcp_tx/fc_rr[3]_i_6/O
                         net (fo=37, routed)          0.228     9.475    u_tcp_tx/u_ackq/wscale_r_reg[14][0]_2
    SLICE_X23Y186        LUT5 (Prop_E5LUT_SLICEL_I3_O)
                                                      0.140     9.615 r  u_tcp_tx/u_ackq/rcv_nxt_r[0][31]_i_33/O
                         net (fo=1, routed)           0.210     9.825    u_tcp_tx/u_ackq/rcv_nxt_r[0][31]_i_33_n_53
    SLICE_X22Y187        LUT5 (Prop_B6LUT_SLICEL_I4_O)
                                                      0.177    10.002 r  u_tcp_tx/u_ackq/rcv_nxt_r[0][31]_i_15/O
                         net (fo=1, routed)           0.058    10.060    u_tcp_tx/u_ackq/tx_upd_id[0]
    SLICE_X22Y187        LUT3 (Prop_F6LUT_SLICEL_I0_O)
                                                      0.148    10.208 r  u_tcp_tx/u_ackq/rcv_nxt_r[0][31]_i_4/O
                         net (fo=114, routed)         0.332    10.540    u_tcp_tx/u_ackq/tcb_id[0]
    SLICE_X23Y193        LUT6 (Prop_D6LUT_SLICEL_I1_O)
                                                      0.147    10.687 r  u_tcp_tx/u_ackq/rcv_nxt_r[5][31]_i_1/O
                         net (fo=32, routed)          0.546    11.233    u_tcb/rcv_nxt_r_reg[5][31]_0[0]
    SLICE_X26Y203        FDCE                                         r  u_tcb/rcv_nxt_r_reg[5][26]/CE
  -------------------------------------------------------------------    -------------------

                         (clock g_hw.clk_out0 rise edge)
                                                      6.400     6.400 r  
    T25                                               0.000     6.400 r  sys_clk_p (IN)
                         net (fo=0)                   0.079     6.479    u_clkgen/g_hw.u_ibufds/I
    HPIOBDIFFINBUF_X0Y37 DIFFINBUF (Prop_DIFFINBUF_HPIOBDIFFINBUF_DIFF_IN_P_O)
                                                      0.398     6.877 r  u_clkgen/g_hw.u_ibufds/DIFFINBUF_INST/O
                         net (fo=1, routed)           0.040     6.917    u_clkgen/g_hw.u_ibufds/OUT
    T25                  IBUFCTRL (Prop_IBUFCTRL_HPIOB_M_I_O)
                                                      0.000     6.917 r  u_clkgen/g_hw.u_ibufds/IBUFCTRL_INST/O
                         net (fo=1, routed)           0.304     7.221    u_clkgen/g_hw.clk_in_ibuf
    BUFGCE_X0Y32         BUFGCE (Prop_BUFCE_BUFGCE_I_O)
                                                      0.024     7.245 r  u_clkgen/g_hw.u_bufg_in/O
                         net (fo=485, routed)         1.317     8.562    u_clkgen/clk_in_100
    MMCM_X0Y1            MMCME4_ADV (Prop_MMCM_CLKIN1_CLKOUT0)
                                                      0.644     9.206 r  u_clkgen/g_hw.u_mmcm/CLKOUT0
                         net (fo=1, routed)           0.228     9.434    u_clkgen/g_hw.clk_out0
    BUFGCE_X0Y34         BUFGCE (Prop_BUFCE_BUFGCE_I_O)
                                                      0.024     9.458 r  u_clkgen/g_hw.u_bufg_out/O
    X1Y3 (CLOCK_ROOT)    net (fo=50443, routed)       2.330    11.788    u_tcb/dp_clk
    SLICE_X26Y203        FDCE                                         r  u_tcb/rcv_nxt_r_reg[5][26]/C
                         clock pessimism             -0.304    11.484    
                         clock uncertainty           -0.062    11.422    
    SLICE_X26Y203        FDCE (Setup_GFF2_SLICEL_C_CE)
                                                     -0.042    11.380    u_tcb/rcv_nxt_r_reg[5][26]
  -------------------------------------------------------------------
                         required time                         11.380    
                         arrival time                         -11.233    
  -------------------------------------------------------------------
                         slack                                  0.147    

Slack (MET) :             0.152ns  (required time - arrival time)
  Source:                 u_tcp_tx/tick_cnt_reg[2]/C
                            (rising edge-triggered cell FDCE clocked by g_hw.clk_out0  {rise@0.000ns fall@3.200ns period=6.400ns})
  Destination:            u_tcb/snd_wnd_r_reg[5][3]/CE
                            (rising edge-triggered cell FDCE clocked by g_hw.clk_out0  {rise@0.000ns fall@3.200ns period=6.400ns})
  Path Group:             g_hw.clk_out0
  Path Type:              Setup (Max at Slow Process Corner)
  Requirement:            6.400ns  (g_hw.clk_out0 rise@6.400ns - g_hw.clk_out0 rise@0.000ns)
  Data Path Delay:        6.009ns  (logic 1.957ns (32.566%)  route 4.052ns (67.434%))
  Logic Levels:           16  (CARRY8=3 LUT2=1 LUT3=2 LUT4=1 LUT5=2 LUT6=7)
  Clock Path Skew:        -0.135ns (DCD - SCD + CPR)
    Destination Clock Delay (DCD):    5.400ns = ( 11.800 - 6.400 ) 
    Source Clock Delay      (SCD):    5.231ns
    Clock Pessimism Removal (CPR):    -0.304ns
  Clock Uncertainty:      0.062ns  ((TSJ^2 + DJ^2)^1/2) / 2 + PE
    Total System Jitter     (TSJ):    0.071ns
    Discrete Jitter          (DJ):    0.101ns
    Phase Error              (PE):    0.000ns
  Clock Net Delay (Source):      2.579ns (routing 1.064ns, distribution 1.515ns)
  Clock Net Delay (Destination): 2.342ns (routing 0.965ns, distribution 1.377ns)

    Location             Delay type                Incr(ns)  Path(ns)    Netlist Resource(s)
  -------------------------------------------------------------------    -------------------
                         (clock g_hw.clk_out0 rise edge)
                                                      0.000     0.000 r  
    T25                                               0.000     0.000 r  sys_clk_p (IN)
                         net (fo=0)                   0.100     0.100    u_clkgen/g_hw.u_ibufds/I
    HPIOBDIFFINBUF_X0Y37 DIFFINBUF (Prop_DIFFINBUF_HPIOBDIFFINBUF_DIFF_IN_P_O)
                                                      0.479     0.579 r  u_clkgen/g_hw.u_ibufds/DIFFINBUF_INST/O
                         net (fo=1, routed)           0.050     0.629    u_clkgen/g_hw.u_ibufds/OUT
    T25                  IBUFCTRL (Prop_IBUFCTRL_HPIOB_M_I_O)
                                                      0.000     0.629 r  u_clkgen/g_hw.u_ibufds/IBUFCTRL_INST/O
                         net (fo=1, routed)           0.343     0.972    u_clkgen/g_hw.clk_in_ibuf
    BUFGCE_X0Y32         BUFGCE (Prop_BUFCE_BUFGCE_I_O)
                                                      0.028     1.000 r  u_clkgen/g_hw.u_bufg_in/O
                         net (fo=485, routed)         1.474     2.474    u_clkgen/clk_in_100
    MMCM_X0Y1            MMCME4_ADV (Prop_MMCM_CLKIN1_CLKOUT0)
                                                     -0.106     2.368 r  u_clkgen/g_hw.u_mmcm/CLKOUT0
                         net (fo=1, routed)           0.256     2.624    u_clkgen/g_hw.clk_out0
    BUFGCE_X0Y34         BUFGCE (Prop_BUFCE_BUFGCE_I_O)
                                                      0.028     2.652 r  u_clkgen/g_hw.u_bufg_out/O
    X1Y3 (CLOCK_ROOT)    net (fo=50443, routed)       2.579     5.231    u_tcp_tx/dp_clk
    SLICE_X45Y166        FDCE                                         r  u_tcp_tx/tick_cnt_reg[2]/C
  -------------------------------------------------------------------    -------------------
    SLICE_X45Y166        FDCE (Prop_CFF2_SLICEL_C_Q)
                                                      0.097     5.328 f  u_tcp_tx/tick_cnt_reg[2]/Q
                         net (fo=5, routed)           0.186     5.513    u_tcp_tx/u_retx/scan_id_reg[3][2]
    SLICE_X45Y166        LUT4 (Prop_F6LUT_SLICEL_I3_O)
                                                      0.148     5.661 r  u_tcp_tx/u_retx/scan_id[3]_i_4__0/O
                         net (fo=3, routed)           0.437     6.098    u_tcp_tx/u_csum/scan_id_reg[3]_3
    SLICE_X36Y172        LUT6 (Prop_G6LUT_SLICEL_I5_O)
                                                      0.038     6.136 f  u_tcp_tx/u_csum/scan_id[3]_i_1__0/O
                         net (fo=422, routed)         0.229     6.365    u_tcp_tx/u_fifo_b/ctrl_doff_reg[3]_0[0]
    SLICE_X38Y174        LUT6 (Prop_C6LUT_SLICEL_I4_O)
                                                      0.148     6.513 r  u_tcp_tx/u_fifo_b/ctrl_doff[3]_i_1/O
                         net (fo=104, routed)         0.282     6.795    u_tcp_tx/u_ackq/ctrl_ack_reg[0]
    SLICE_X36Y175        LUT6 (Prop_E6LUT_SLICEL_I4_O)
                                                      0.100     6.895 r  u_tcp_tx/u_ackq/f_seq[1][31]_i_9/O
                         net (fo=94, routed)          0.577     7.472    u_tcb/cam_rd_id[1]
    SLICE_X25Y181        LUT6 (Prop_C6LUT_SLICEM_I2_O)
                                                      0.098     7.570 r  u_tcb/f_seq[1][11]_i_2/O
                         net (fo=3, routed)           0.200     7.770    u_tcb/f_seq[1][11]_i_2_n_53
    SLICE_X25Y181        LUT6 (Prop_H6LUT_SLICEM_I0_O)
                                                      0.182     7.952 r  u_tcb/f_seq[1][11]_i_1/O
                         net (fo=20, routed)          0.238     8.190    u_tcb/D[11]
    SLICE_X26Y177        LUT2 (Prop_D6LUT_SLICEL_I0_O)
                                                      0.063     8.253 r  u_tcb/mem_reg_0_31_28_38_i_60/O
                         net (fo=1, routed)           0.010     8.263    u_tcb/mem_reg_0_31_28_38_i_60_n_53
    SLICE_X26Y177        CARRY8 (Prop_CARRY8_SLICEL_S[3]_CO[7])
                                                      0.195     8.458 r  u_tcb/mem_reg_0_31_28_38_i_46/CO[7]
                         net (fo=1, routed)           0.028     8.486    u_tcb/mem_reg_0_31_28_38_i_46_n_53
    SLICE_X26Y178        CARRY8 (Prop_CARRY8_SLICEL_CI_CO[7])
                                                      0.023     8.509 r  u_tcb/mem_reg_0_31_28_38_i_29/CO[7]
                         net (fo=1, routed)           0.028     8.537    u_tcb/mem_reg_0_31_28_38_i_29_n_53
    SLICE_X26Y179        CARRY8 (Prop_CARRY8_SLICEL_CI_O[7])
                                                      0.146     8.683 r  u_tcb/mem_reg_0_31_28_38_i_19/O[7]
                         net (fo=2, routed)           0.250     8.933    u_tcb/u_tcp_tx/ring_ovf12_out[31]
    SLICE_X25Y182        LUT3 (Prop_F6LUT_SLICEM_I2_O)
                                                      0.038     8.971 f  u_tcb/fc_rr[3]_i_7/O
                         net (fo=1, routed)           0.160     9.131    u_tcp_tx/fc_rr[3]_i_4
    SLICE_X25Y185        LUT6 (Prop_G6LUT_SLICEM_I0_O)
                                                      0.116     9.247 r  u_tcp_tx/fc_rr[3]_i_6/O
                         net (fo=37, routed)          0.228     9.475    u_tcp_tx/u_ackq/wscale_r_reg[14][0]_2
    SLICE_X23Y186        LUT5 (Prop_E5LUT_SLICEL_I3_O)
                                                      0.140     9.615 r  u_tcp_tx/u_ackq/rcv_nxt_r[0][31]_i_33/O
                         net (fo=1, routed)           0.210     9.825    u_tcp_tx/u_ackq/rcv_nxt_r[0][31]_i_33_n_53
    SLICE_X22Y187        LUT5 (Prop_B6LUT_SLICEL_I4_O)
                                                      0.177    10.002 r  u_tcp_tx/u_ackq/rcv_nxt_r[0][31]_i_15/O
                         net (fo=1, routed)           0.058    10.060    u_tcp_tx/u_ackq/tx_upd_id[0]
    SLICE_X22Y187        LUT3 (Prop_F6LUT_SLICEL_I0_O)
                                                      0.148    10.208 r  u_tcp_tx/u_ackq/rcv_nxt_r[0][31]_i_4/O
                         net (fo=114, routed)         0.425    10.633    u_tcp_tx/u_ackq/tcb_id[0]
    SLICE_X25Y194        LUT6 (Prop_B6LUT_SLICEM_I3_O)
                                                      0.100    10.733 r  u_tcp_tx/u_ackq/snd_wnd_r[5][15]_i_1/O
                         net (fo=16, routed)          0.507    11.240    u_tcb/snd_wnd_r_reg[5][15]_0[0]
    SLICE_X18Y202        FDCE                                         r  u_tcb/snd_wnd_r_reg[5][3]/CE
  -------------------------------------------------------------------    -------------------

                         (clock g_hw.clk_out0 rise edge)
                                                      6.400     6.400 r  
    T25                                               0.000     6.400 r  sys_clk_p (IN)
                         net (fo=0)                   0.079     6.479    u_clkgen/g_hw.u_ibufds/I
    HPIOBDIFFINBUF_X0Y37 DIFFINBUF (Prop_DIFFINBUF_HPIOBDIFFINBUF_DIFF_IN_P_O)
                                                      0.398     6.877 r  u_clkgen/g_hw.u_ibufds/DIFFINBUF_INST/O
                         net (fo=1, routed)           0.040     6.917    u_clkgen/g_hw.u_ibufds/OUT
    T25                  IBUFCTRL (Prop_IBUFCTRL_HPIOB_M_I_O)
                                                      0.000     6.917 r  u_clkgen/g_hw.u_ibufds/IBUFCTRL_INST/O
                         net (fo=1, routed)           0.304     7.221    u_clkgen/g_hw.clk_in_ibuf
    BUFGCE_X0Y32         BUFGCE (Prop_BUFCE_BUFGCE_I_O)
                                                      0.024     7.245 r  u_clkgen/g_hw.u_bufg_in/O
                         net (fo=485, routed)         1.317     8.562    u_clkgen/clk_in_100
    MMCM_X0Y1            MMCME4_ADV (Prop_MMCM_CLKIN1_CLKOUT0)
                                                      0.644     9.206 r  u_clkgen/g_hw.u_mmcm/CLKOUT0
                         net (fo=1, routed)           0.228     9.434    u_clkgen/g_hw.clk_out0
    BUFGCE_X0Y34         BUFGCE (Prop_BUFCE_BUFGCE_I_O)
                                                      0.024     9.458 r  u_clkgen/g_hw.u_bufg_out/O
    X1Y3 (CLOCK_ROOT)    net (fo=50443, routed)       2.342    11.800    u_tcb/dp_clk
    SLICE_X18Y202        FDCE                                         r  u_tcb/snd_wnd_r_reg[5][3]/C
                         clock pessimism             -0.304    11.496    
                         clock uncertainty           -0.062    11.434    
    SLICE_X18Y202        FDCE (Setup_DFF_SLICEL_C_CE)
                                                     -0.042    11.392    u_tcb/snd_wnd_r_reg[5][3]
  -------------------------------------------------------------------
                         required time                         11.392    
                         arrival time                         -11.240    
  -------------------------------------------------------------------
                         slack                                  0.152    

Slack (MET) :             0.161ns  (required time - arrival time)
  Source:                 u_tcp_tx/tick_cnt_reg[2]/C
                            (rising edge-triggered cell FDCE clocked by g_hw.clk_out0  {rise@0.000ns fall@3.200ns period=6.400ns})
  Destination:            u_tcb/snd_wnd_r_reg[0][3]/CE
                            (rising edge-triggered cell FDCE clocked by g_hw.clk_out0  {rise@0.000ns fall@3.200ns period=6.400ns})
  Path Group:             g_hw.clk_out0
  Path Type:              Setup (Max at Slow Process Corner)
  Requirement:            6.400ns  (g_hw.clk_out0 rise@6.400ns - g_hw.clk_out0 rise@0.000ns)
  Data Path Delay:        5.966ns  (logic 1.957ns (32.801%)  route 4.009ns (67.199%))
  Logic Levels:           16  (CARRY8=3 LUT2=1 LUT3=2 LUT4=1 LUT5=2 LUT6=7)
  Clock Path Skew:        -0.169ns (DCD - SCD + CPR)
    Destination Clock Delay (DCD):    5.366ns = ( 11.766 - 6.400 ) 
    Source Clock Delay      (SCD):    5.231ns
    Clock Pessimism Removal (CPR):    -0.304ns
  Clock Uncertainty:      0.062ns  ((TSJ^2 + DJ^2)^1/2) / 2 + PE
    Total System Jitter     (TSJ):    0.071ns
    Discrete Jitter          (DJ):    0.101ns
    Phase Error              (PE):    0.000ns
  Clock Net Delay (Source):      2.579ns (routing 1.064ns, distribution 1.515ns)
  Clock Net Delay (Destination): 2.308ns (routing 0.965ns, distribution 1.343ns)

    Location             Delay type                Incr(ns)  Path(ns)    Netlist Resource(s)
  -------------------------------------------------------------------    -------------------
                         (clock g_hw.clk_out0 rise edge)
                                                      0.000     0.000 r  
    T25                                               0.000     0.000 r  sys_clk_p (IN)
                         net (fo=0)                   0.100     0.100    u_clkgen/g_hw.u_ibufds/I
    HPIOBDIFFINBUF_X0Y37 DIFFINBUF (Prop_DIFFINBUF_HPIOBDIFFINBUF_DIFF_IN_P_O)
                                                      0.479     0.579 r  u_clkgen/g_hw.u_ibufds/DIFFINBUF_INST/O
                         net (fo=1, routed)           0.050     0.629    u_clkgen/g_hw.u_ibufds/OUT
    T25                  IBUFCTRL (Prop_IBUFCTRL_HPIOB_M_I_O)
                                                      0.000     0.629 r  u_clkgen/g_hw.u_ibufds/IBUFCTRL_INST/O
                         net (fo=1, routed)           0.343     0.972    u_clkgen/g_hw.clk_in_ibuf
    BUFGCE_X0Y32         BUFGCE (Prop_BUFCE_BUFGCE_I_O)
                                                      0.028     1.000 r  u_clkgen/g_hw.u_bufg_in/O
                         net (fo=485, routed)         1.474     2.474    u_clkgen/clk_in_100
    MMCM_X0Y1            MMCME4_ADV (Prop_MMCM_CLKIN1_CLKOUT0)
                                                     -0.106     2.368 r  u_clkgen/g_hw.u_mmcm/CLKOUT0
                         net (fo=1, routed)           0.256     2.624    u_clkgen/g_hw.clk_out0
    BUFGCE_X0Y34         BUFGCE (Prop_BUFCE_BUFGCE_I_O)
                                                      0.028     2.652 r  u_clkgen/g_hw.u_bufg_out/O
    X1Y3 (CLOCK_ROOT)    net (fo=50443, routed)       2.579     5.231    u_tcp_tx/dp_clk
    SLICE_X45Y166        FDCE                                         r  u_tcp_tx/tick_cnt_reg[2]/C
  -------------------------------------------------------------------    -------------------
    SLICE_X45Y166        FDCE (Prop_CFF2_SLICEL_C_Q)
                                                      0.097     5.328 f  u_tcp_tx/tick_cnt_reg[2]/Q
                         net (fo=5, routed)           0.186     5.513    u_tcp_tx/u_retx/scan_id_reg[3][2]
    SLICE_X45Y166        LUT4 (Prop_F6LUT_SLICEL_I3_O)
                                                      0.148     5.661 r  u_tcp_tx/u_retx/scan_id[3]_i_4__0/O
                         net (fo=3, routed)           0.437     6.098    u_tcp_tx/u_csum/scan_id_reg[3]_3
    SLICE_X36Y172        LUT6 (Prop_G6LUT_SLICEL_I5_O)
                                                      0.038     6.136 f  u_tcp_tx/u_csum/scan_id[3]_i_1__0/O
                         net (fo=422, routed)         0.229     6.365    u_tcp_tx/u_fifo_b/ctrl_doff_reg[3]_0[0]
    SLICE_X38Y174        LUT6 (Prop_C6LUT_SLICEL_I4_O)
                                                      0.148     6.513 r  u_tcp_tx/u_fifo_b/ctrl_doff[3]_i_1/O
                         net (fo=104, routed)         0.282     6.795    u_tcp_tx/u_ackq/ctrl_ack_reg[0]
    SLICE_X36Y175        LUT6 (Prop_E6LUT_SLICEL_I4_O)
                                                      0.100     6.895 r  u_tcp_tx/u_ackq/f_seq[1][31]_i_9/O
                         net (fo=94, routed)          0.577     7.472    u_tcb/cam_rd_id[1]
    SLICE_X25Y181        LUT6 (Prop_C6LUT_SLICEM_I2_O)
                                                      0.098     7.570 r  u_tcb/f_seq[1][11]_i_2/O
                         net (fo=3, routed)           0.200     7.770    u_tcb/f_seq[1][11]_i_2_n_53
    SLICE_X25Y181        LUT6 (Prop_H6LUT_SLICEM_I0_O)
                                                      0.182     7.952 r  u_tcb/f_seq[1][11]_i_1/O
                         net (fo=20, routed)          0.238     8.190    u_tcb/D[11]
    SLICE_X26Y177        LUT2 (Prop_D6LUT_SLICEL_I0_O)
                                                      0.063     8.253 r  u_tcb/mem_reg_0_31_28_38_i_60/O
                         net (fo=1, routed)           0.010     8.263    u_tcb/mem_reg_0_31_28_38_i_60_n_53
    SLICE_X26Y177        CARRY8 (Prop_CARRY8_SLICEL_S[3]_CO[7])
                                                      0.195     8.458 r  u_tcb/mem_reg_0_31_28_38_i_46/CO[7]
                         net (fo=1, routed)           0.028     8.486    u_tcb/mem_reg_0_31_28_38_i_46_n_53
    SLICE_X26Y178        CARRY8 (Prop_CARRY8_SLICEL_CI_CO[7])
                                                      0.023     8.509 r  u_tcb/mem_reg_0_31_28_38_i_29/CO[7]
                         net (fo=1, routed)           0.028     8.537    u_tcb/mem_reg_0_31_28_38_i_29_n_53
    SLICE_X26Y179        CARRY8 (Prop_CARRY8_SLICEL_CI_O[7])
                                                      0.146     8.683 r  u_tcb/mem_reg_0_31_28_38_i_19/O[7]
                         net (fo=2, routed)           0.250     8.933    u_tcb/u_tcp_tx/ring_ovf12_out[31]
    SLICE_X25Y182        LUT3 (Prop_F6LUT_SLICEM_I2_O)
                                                      0.038     8.971 f  u_tcb/fc_rr[3]_i_7/O
                         net (fo=1, routed)           0.160     9.131    u_tcp_tx/fc_rr[3]_i_4
    SLICE_X25Y185        LUT6 (Prop_G6LUT_SLICEM_I0_O)
                                                      0.116     9.247 r  u_tcp_tx/fc_rr[3]_i_6/O
                         net (fo=37, routed)          0.228     9.475    u_tcp_tx/u_ackq/wscale_r_reg[14][0]_2
    SLICE_X23Y186        LUT5 (Prop_E5LUT_SLICEL_I3_O)
                                                      0.140     9.615 f  u_tcp_tx/u_ackq/rcv_nxt_r[0][31]_i_33/O
                         net (fo=1, routed)           0.210     9.825    u_tcp_tx/u_ackq/rcv_nxt_r[0][31]_i_33_n_53
    SLICE_X22Y187        LUT5 (Prop_B6LUT_SLICEL_I4_O)
                                                      0.177    10.002 f  u_tcp_tx/u_ackq/rcv_nxt_r[0][31]_i_15/O
                         net (fo=1, routed)           0.058    10.060    u_tcp_tx/u_ackq/tx_upd_id[0]
    SLICE_X22Y187        LUT3 (Prop_F6LUT_SLICEL_I0_O)
                                                      0.148    10.208 f  u_tcp_tx/u_ackq/rcv_nxt_r[0][31]_i_4/O
                         net (fo=114, routed)         0.427    10.635    u_tcp_tx/u_ackq/tcb_id[0]
    SLICE_X25Y194        LUT6 (Prop_A6LUT_SLICEM_I2_O)
                                                      0.100    10.735 r  u_tcp_tx/u_ackq/snd_wnd_r[0][15]_i_1/O
                         net (fo=16, routed)          0.462    11.197    u_tcb/snd_wnd_r_reg[0][15]_0[0]
    SLICE_X27Y200        FDCE                                         r  u_tcb/snd_wnd_r_reg[0][3]/CE
  -------------------------------------------------------------------    -------------------

                         (clock g_hw.clk_out0 rise edge)
                                                      6.400     6.400 r  
    T25                                               0.000     6.400 r  sys_clk_p (IN)
                         net (fo=0)                   0.079     6.479    u_clkgen/g_hw.u_ibufds/I
    HPIOBDIFFINBUF_X0Y37 DIFFINBUF (Prop_DIFFINBUF_HPIOBDIFFINBUF_DIFF_IN_P_O)
                                                      0.398     6.877 r  u_clkgen/g_hw.u_ibufds/DIFFINBUF_INST/O
                         net (fo=1, routed)           0.040     6.917    u_clkgen/g_hw.u_ibufds/OUT
    T25                  IBUFCTRL (Prop_IBUFCTRL_HPIOB_M_I_O)
                                                      0.000     6.917 r  u_clkgen/g_hw.u_ibufds/IBUFCTRL_INST/O
                         net (fo=1, routed)           0.304     7.221    u_clkgen/g_hw.clk_in_ibuf
    BUFGCE_X0Y32         BUFGCE (Prop_BUFCE_BUFGCE_I_O)
                                                      0.024     7.245 r  u_clkgen/g_hw.u_bufg_in/O
                         net (fo=485, routed)         1.317     8.562    u_clkgen/clk_in_100
    MMCM_X0Y1            MMCME4_ADV (Prop_MMCM_CLKIN1_CLKOUT0)
                                                      0.644     9.206 r  u_clkgen/g_hw.u_mmcm/CLKOUT0
                         net (fo=1, routed)           0.228     9.434    u_clkgen/g_hw.clk_out0
    BUFGCE_X0Y34         BUFGCE (Prop_BUFCE_BUFGCE_I_O)
                                                      0.024     9.458 r  u_clkgen/g_hw.u_bufg_out/O
    X1Y3 (CLOCK_ROOT)    net (fo=50443, routed)       2.308    11.766    u_tcb/dp_clk
    SLICE_X27Y200        FDCE                                         r  u_tcb/snd_wnd_r_reg[0][3]/C
                         clock pessimism             -0.304    11.462    
                         clock uncertainty           -0.062    11.400    
    SLICE_X27Y200        FDCE (Setup_DFF_SLICEL_C_CE)
                                                     -0.042    11.358    u_tcb/snd_wnd_r_reg[0][3]
  -------------------------------------------------------------------
                         required time                         11.358    
                         arrival time                         -11.197    
  -------------------------------------------------------------------
                         slack                                  0.161    

Slack (MET) :             0.161ns  (required time - arrival time)
  Source:                 u_tcp_tx/tick_cnt_reg[2]/C
                            (rising edge-triggered cell FDCE clocked by g_hw.clk_out0  {rise@0.000ns fall@3.200ns period=6.400ns})
  Destination:            u_tcb/snd_wnd_r_reg[0][4]/CE
                            (rising edge-triggered cell FDCE clocked by g_hw.clk_out0  {rise@0.000ns fall@3.200ns period=6.400ns})
  Path Group:             g_hw.clk_out0
  Path Type:              Setup (Max at Slow Process Corner)
  Requirement:            6.400ns  (g_hw.clk_out0 rise@6.400ns - g_hw.clk_out0 rise@0.000ns)
  Data Path Delay:        5.966ns  (logic 1.957ns (32.801%)  route 4.009ns (67.199%))
  Logic Levels:           16  (CARRY8=3 LUT2=1 LUT3=2 LUT4=1 LUT5=2 LUT6=7)
  Clock Path Skew:        -0.169ns (DCD - SCD + CPR)
    Destination Clock Delay (DCD):    5.366ns = ( 11.766 - 6.400 ) 
    Source Clock Delay      (SCD):    5.231ns
    Clock Pessimism Removal (CPR):    -0.304ns
  Clock Uncertainty:      0.062ns  ((TSJ^2 + DJ^2)^1/2) / 2 + PE
    Total System Jitter     (TSJ):    0.071ns
    Discrete Jitter          (DJ):    0.101ns
    Phase Error              (PE):    0.000ns
  Clock Net Delay (Source):      2.579ns (routing 1.064ns, distribution 1.515ns)
  Clock Net Delay (Destination): 2.308ns (routing 0.965ns, distribution 1.343ns)

    Location             Delay type                Incr(ns)  Path(ns)    Netlist Resource(s)
  -------------------------------------------------------------------    -------------------
                         (clock g_hw.clk_out0 rise edge)
                                                      0.000     0.000 r  
    T25                                               0.000     0.000 r  sys_clk_p (IN)
                         net (fo=0)                   0.100     0.100    u_clkgen/g_hw.u_ibufds/I
    HPIOBDIFFINBUF_X0Y37 DIFFINBUF (Prop_DIFFINBUF_HPIOBDIFFINBUF_DIFF_IN_P_O)
                                                      0.479     0.579 r  u_clkgen/g_hw.u_ibufds/DIFFINBUF_INST/O
                         net (fo=1, routed)           0.050     0.629    u_clkgen/g_hw.u_ibufds/OUT
    T25                  IBUFCTRL (Prop_IBUFCTRL_HPIOB_M_I_O)
                                                      0.000     0.629 r  u_clkgen/g_hw.u_ibufds/IBUFCTRL_INST/O
                         net (fo=1, routed)           0.343     0.972    u_clkgen/g_hw.clk_in_ibuf
    BUFGCE_X0Y32         BUFGCE (Prop_BUFCE_BUFGCE_I_O)
                                                      0.028     1.000 r  u_clkgen/g_hw.u_bufg_in/O
                         net (fo=485, routed)         1.474     2.474    u_clkgen/clk_in_100
    MMCM_X0Y1            MMCME4_ADV (Prop_MMCM_CLKIN1_CLKOUT0)
                                                     -0.106     2.368 r  u_clkgen/g_hw.u_mmcm/CLKOUT0
                         net (fo=1, routed)           0.256     2.624    u_clkgen/g_hw.clk_out0
    BUFGCE_X0Y34         BUFGCE (Prop_BUFCE_BUFGCE_I_O)
                                                      0.028     2.652 r  u_clkgen/g_hw.u_bufg_out/O
    X1Y3 (CLOCK_ROOT)    net (fo=50443, routed)       2.579     5.231    u_tcp_tx/dp_clk
    SLICE_X45Y166        FDCE                                         r  u_tcp_tx/tick_cnt_reg[2]/C
  -------------------------------------------------------------------    -------------------
    SLICE_X45Y166        FDCE (Prop_CFF2_SLICEL_C_Q)
                                                      0.097     5.328 f  u_tcp_tx/tick_cnt_reg[2]/Q
                         net (fo=5, routed)           0.186     5.513    u_tcp_tx/u_retx/scan_id_reg[3][2]
    SLICE_X45Y166        LUT4 (Prop_F6LUT_SLICEL_I3_O)
                                                      0.148     5.661 r  u_tcp_tx/u_retx/scan_id[3]_i_4__0/O
                         net (fo=3, routed)           0.437     6.098    u_tcp_tx/u_csum/scan_id_reg[3]_3
    SLICE_X36Y172        LUT6 (Prop_G6LUT_SLICEL_I5_O)
                                                      0.038     6.136 f  u_tcp_tx/u_csum/scan_id[3]_i_1__0/O
                         net (fo=422, routed)         0.229     6.365    u_tcp_tx/u_fifo_b/ctrl_doff_reg[3]_0[0]
    SLICE_X38Y174        LUT6 (Prop_C6LUT_SLICEL_I4_O)
                                                      0.148     6.513 r  u_tcp_tx/u_fifo_b/ctrl_doff[3]_i_1/O
                         net (fo=104, routed)         0.282     6.795    u_tcp_tx/u_ackq/ctrl_ack_reg[0]
    SLICE_X36Y175        LUT6 (Prop_E6LUT_SLICEL_I4_O)
                                                      0.100     6.895 r  u_tcp_tx/u_ackq/f_seq[1][31]_i_9/O
                         net (fo=94, routed)          0.577     7.472    u_tcb/cam_rd_id[1]
    SLICE_X25Y181        LUT6 (Prop_C6LUT_SLICEM_I2_O)
                                                      0.098     7.570 r  u_tcb/f_seq[1][11]_i_2/O
                         net (fo=3, routed)           0.200     7.770    u_tcb/f_seq[1][11]_i_2_n_53
    SLICE_X25Y181        LUT6 (Prop_H6LUT_SLICEM_I0_O)
                                                      0.182     7.952 r  u_tcb/f_seq[1][11]_i_1/O
                         net (fo=20, routed)          0.238     8.190    u_tcb/D[11]
    SLICE_X26Y177        LUT2 (Prop_D6LUT_SLICEL_I0_O)
                                                      0.063     8.253 r  u_tcb/mem_reg_0_31_28_38_i_60/O
                         net (fo=1, routed)           0.010     8.263    u_tcb/mem_reg_0_31_28_38_i_60_n_53
    SLICE_X26Y177        CARRY8 (Prop_CARRY8_SLICEL_S[3]_CO[7])
                                                      0.195     8.458 r  u_tcb/mem_reg_0_31_28_38_i_46/CO[7]
                         net (fo=1, routed)           0.028     8.486    u_tcb/mem_reg_0_31_28_38_i_46_n_53
    SLICE_X26Y178        CARRY8 (Prop_CARRY8_SLICEL_CI_CO[7])
                                                      0.023     8.509 r  u_tcb/mem_reg_0_31_28_38_i_29/CO[7]
                         net (fo=1, routed)           0.028     8.537    u_tcb/mem_reg_0_31_28_38_i_29_n_53
    SLICE_X26Y179        CARRY8 (Prop_CARRY8_SLICEL_CI_O[7])
                                                      0.146     8.683 r  u_tcb/mem_reg_0_31_28_38_i_19/O[7]
                         net (fo=2, routed)           0.250     8.933    u_tcb/u_tcp_tx/ring_ovf12_out[31]
    SLICE_X25Y182        LUT3 (Prop_F6LUT_SLICEM_I2_O)
                                                      0.038     8.971 f  u_tcb/fc_rr[3]_i_7/O
                         net (fo=1, routed)           0.160     9.131    u_tcp_tx/fc_rr[3]_i_4
    SLICE_X25Y185        LUT6 (Prop_G6LUT_SLICEM_I0_O)
                                                      0.116     9.247 r  u_tcp_tx/fc_rr[3]_i_6/O
                         net (fo=37, routed)          0.228     9.475    u_tcp_tx/u_ackq/wscale_r_reg[14][0]_2
    SLICE_X23Y186        LUT5 (Prop_E5LUT_SLICEL_I3_O)
                                                      0.140     9.615 f  u_tcp_tx/u_ackq/rcv_nxt_r[0][31]_i_33/O
                         net (fo=1, routed)           0.210     9.825    u_tcp_tx/u_ackq/rcv_nxt_r[0][31]_i_33_n_53
    SLICE_X22Y187        LUT5 (Prop_B6LUT_SLICEL_I4_O)
                                                      0.177    10.002 f  u_tcp_tx/u_ackq/rcv_nxt_r[0][31]_i_15/O
                         net (fo=1, routed)           0.058    10.060    u_tcp_tx/u_ackq/tx_upd_id[0]
    SLICE_X22Y187        LUT3 (Prop_F6LUT_SLICEL_I0_O)
                                                      0.148    10.208 f  u_tcp_tx/u_ackq/rcv_nxt_r[0][31]_i_4/O
                         net (fo=114, routed)         0.427    10.635    u_tcp_tx/u_ackq/tcb_id[0]
    SLICE_X25Y194        LUT6 (Prop_A6LUT_SLICEM_I2_O)
                                                      0.100    10.735 r  u_tcp_tx/u_ackq/snd_wnd_r[0][15]_i_1/O
                         net (fo=16, routed)          0.462    11.197    u_tcb/snd_wnd_r_reg[0][15]_0[0]
    SLICE_X27Y200        FDCE                                         r  u_tcb/snd_wnd_r_reg[0][4]/CE
  -------------------------------------------------------------------    -------------------

                         (clock g_hw.clk_out0 rise edge)
                                                      6.400     6.400 r  
    T25                                               0.000     6.400 r  sys_clk_p (IN)
                         net (fo=0)                   0.079     6.479    u_clkgen/g_hw.u_ibufds/I
    HPIOBDIFFINBUF_X0Y37 DIFFINBUF (Prop_DIFFINBUF_HPIOBDIFFINBUF_DIFF_IN_P_O)
                                                      0.398     6.877 r  u_clkgen/g_hw.u_ibufds/DIFFINBUF_INST/O
                         net (fo=1, routed)           0.040     6.917    u_clkgen/g_hw.u_ibufds/OUT
    T25                  IBUFCTRL (Prop_IBUFCTRL_HPIOB_M_I_O)
                                                      0.000     6.917 r  u_clkgen/g_hw.u_ibufds/IBUFCTRL_INST/O
                         net (fo=1, routed)           0.304     7.221    u_clkgen/g_hw.clk_in_ibuf
    BUFGCE_X0Y32         BUFGCE (Prop_BUFCE_BUFGCE_I_O)
                                                      0.024     7.245 r  u_clkgen/g_hw.u_bufg_in/O
                         net (fo=485, routed)         1.317     8.562    u_clkgen/clk_in_100
    MMCM_X0Y1            MMCME4_ADV (Prop_MMCM_CLKIN1_CLKOUT0)
                                                      0.644     9.206 r  u_clkgen/g_hw.u_mmcm/CLKOUT0
                         net (fo=1, routed)           0.228     9.434    u_clkgen/g_hw.clk_out0
    BUFGCE_X0Y34         BUFGCE (Prop_BUFCE_BUFGCE_I_O)
                                                      0.024     9.458 r  u_clkgen/g_hw.u_bufg_out/O
    X1Y3 (CLOCK_ROOT)    net (fo=50443, routed)       2.308    11.766    u_tcb/dp_clk
    SLICE_X27Y200        FDCE                                         r  u_tcb/snd_wnd_r_reg[0][4]/C
                         clock pessimism             -0.304    11.462    
                         clock uncertainty           -0.062    11.400    
    SLICE_X27Y200        FDCE (Setup_CFF_SLICEL_C_CE)
                                                     -0.042    11.358    u_tcb/snd_wnd_r_reg[0][4]
  -------------------------------------------------------------------
                         required time                         11.358    
                         arrival time                         -11.197    
  -------------------------------------------------------------------
                         slack                                  0.161    

Slack (MET) :             0.161ns  (required time - arrival time)
  Source:                 u_tcp_tx/tick_cnt_reg[2]/C
                            (rising edge-triggered cell FDCE clocked by g_hw.clk_out0  {rise@0.000ns fall@3.200ns period=6.400ns})
  Destination:            u_tcb/snd_wnd_r_reg[0][9]/CE
                            (rising edge-triggered cell FDCE clocked by g_hw.clk_out0  {rise@0.000ns fall@3.200ns period=6.400ns})
  Path Group:             g_hw.clk_out0
  Path Type:              Setup (Max at Slow Process Corner)
  Requirement:            6.400ns  (g_hw.clk_out0 rise@6.400ns - g_hw.clk_out0 rise@0.000ns)
  Data Path Delay:        5.966ns  (logic 1.957ns (32.801%)  route 4.009ns (67.199%))
  Logic Levels:           16  (CARRY8=3 LUT2=1 LUT3=2 LUT4=1 LUT5=2 LUT6=7)
  Clock Path Skew:        -0.169ns (DCD - SCD + CPR)
    Destination Clock Delay (DCD):    5.366ns = ( 11.766 - 6.400 ) 
    Source Clock Delay      (SCD):    5.231ns
    Clock Pessimism Removal (CPR):    -0.304ns
  Clock Uncertainty:      0.062ns  ((TSJ^2 + DJ^2)^1/2) / 2 + PE
    Total System Jitter     (TSJ):    0.071ns
    Discrete Jitter          (DJ):    0.101ns
    Phase Error              (PE):    0.000ns
  Clock Net Delay (Source):      2.579ns (routing 1.064ns, distribution 1.515ns)
  Clock Net Delay (Destination): 2.308ns (routing 0.965ns, distribution 1.343ns)

    Location             Delay type                Incr(ns)  Path(ns)    Netlist Resource(s)
  -------------------------------------------------------------------    -------------------
                         (clock g_hw.clk_out0 rise edge)
                                                      0.000     0.000 r  
    T25                                               0.000     0.000 r  sys_clk_p (IN)
                         net (fo=0)                   0.100     0.100    u_clkgen/g_hw.u_ibufds/I
    HPIOBDIFFINBUF_X0Y37 DIFFINBUF (Prop_DIFFINBUF_HPIOBDIFFINBUF_DIFF_IN_P_O)
                                                      0.479     0.579 r  u_clkgen/g_hw.u_ibufds/DIFFINBUF_INST/O
                         net (fo=1, routed)           0.050     0.629    u_clkgen/g_hw.u_ibufds/OUT
    T25                  IBUFCTRL (Prop_IBUFCTRL_HPIOB_M_I_O)
                                                      0.000     0.629 r  u_clkgen/g_hw.u_ibufds/IBUFCTRL_INST/O
                         net (fo=1, routed)           0.343     0.972    u_clkgen/g_hw.clk_in_ibuf
    BUFGCE_X0Y32         BUFGCE (Prop_BUFCE_BUFGCE_I_O)
                                                      0.028     1.000 r  u_clkgen/g_hw.u_bufg_in/O
                         net (fo=485, routed)         1.474     2.474    u_clkgen/clk_in_100
    MMCM_X0Y1            MMCME4_ADV (Prop_MMCM_CLKIN1_CLKOUT0)
                                                     -0.106     2.368 r  u_clkgen/g_hw.u_mmcm/CLKOUT0
                         net (fo=1, routed)           0.256     2.624    u_clkgen/g_hw.clk_out0
    BUFGCE_X0Y34         BUFGCE (Prop_BUFCE_BUFGCE_I_O)
                                                      0.028     2.652 r  u_clkgen/g_hw.u_bufg_out/O
    X1Y3 (CLOCK_ROOT)    net (fo=50443, routed)       2.579     5.231    u_tcp_tx/dp_clk
    SLICE_X45Y166        FDCE                                         r  u_tcp_tx/tick_cnt_reg[2]/C
  -------------------------------------------------------------------    -------------------
    SLICE_X45Y166        FDCE (Prop_CFF2_SLICEL_C_Q)
                                                      0.097     5.328 f  u_tcp_tx/tick_cnt_reg[2]/Q
                         net (fo=5, routed)           0.186     5.513    u_tcp_tx/u_retx/scan_id_reg[3][2]
    SLICE_X45Y166        LUT4 (Prop_F6LUT_SLICEL_I3_O)
                                                      0.148     5.661 r  u_tcp_tx/u_retx/scan_id[3]_i_4__0/O
                         net (fo=3, routed)           0.437     6.098    u_tcp_tx/u_csum/scan_id_reg[3]_3
    SLICE_X36Y172        LUT6 (Prop_G6LUT_SLICEL_I5_O)
                                                      0.038     6.136 f  u_tcp_tx/u_csum/scan_id[3]_i_1__0/O
                         net (fo=422, routed)         0.229     6.365    u_tcp_tx/u_fifo_b/ctrl_doff_reg[3]_0[0]
    SLICE_X38Y174        LUT6 (Prop_C6LUT_SLICEL_I4_O)
                                                      0.148     6.513 r  u_tcp_tx/u_fifo_b/ctrl_doff[3]_i_1/O
                         net (fo=104, routed)         0.282     6.795    u_tcp_tx/u_ackq/ctrl_ack_reg[0]
    SLICE_X36Y175        LUT6 (Prop_E6LUT_SLICEL_I4_O)
                                                      0.100     6.895 r  u_tcp_tx/u_ackq/f_seq[1][31]_i_9/O
                         net (fo=94, routed)          0.577     7.472    u_tcb/cam_rd_id[1]
    SLICE_X25Y181        LUT6 (Prop_C6LUT_SLICEM_I2_O)
                                                      0.098     7.570 r  u_tcb/f_seq[1][11]_i_2/O
                         net (fo=3, routed)           0.200     7.770    u_tcb/f_seq[1][11]_i_2_n_53
    SLICE_X25Y181        LUT6 (Prop_H6LUT_SLICEM_I0_O)
                                                      0.182     7.952 r  u_tcb/f_seq[1][11]_i_1/O
                         net (fo=20, routed)          0.238     8.190    u_tcb/D[11]
    SLICE_X26Y177        LUT2 (Prop_D6LUT_SLICEL_I0_O)
                                                      0.063     8.253 r  u_tcb/mem_reg_0_31_28_38_i_60/O
                         net (fo=1, routed)           0.010     8.263    u_tcb/mem_reg_0_31_28_38_i_60_n_53
    SLICE_X26Y177        CARRY8 (Prop_CARRY8_SLICEL_S[3]_CO[7])
                                                      0.195     8.458 r  u_tcb/mem_reg_0_31_28_38_i_46/CO[7]
                         net (fo=1, routed)           0.028     8.486    u_tcb/mem_reg_0_31_28_38_i_46_n_53
    SLICE_X26Y178        CARRY8 (Prop_CARRY8_SLICEL_CI_CO[7])
                                                      0.023     8.509 r  u_tcb/mem_reg_0_31_28_38_i_29/CO[7]
                         net (fo=1, routed)           0.028     8.537    u_tcb/mem_reg_0_31_28_38_i_29_n_53
    SLICE_X26Y179        CARRY8 (Prop_CARRY8_SLICEL_CI_O[7])
                                                      0.146     8.683 r  u_tcb/mem_reg_0_31_28_38_i_19/O[7]
                         net (fo=2, routed)           0.250     8.933    u_tcb/u_tcp_tx/ring_ovf12_out[31]
    SLICE_X25Y182        LUT3 (Prop_F6LUT_SLICEM_I2_O)
                                                      0.038     8.971 f  u_tcb/fc_rr[3]_i_7/O
                         net (fo=1, routed)           0.160     9.131    u_tcp_tx/fc_rr[3]_i_4
    SLICE_X25Y185        LUT6 (Prop_G6LUT_SLICEM_I0_O)
                                                      0.116     9.247 r  u_tcp_tx/fc_rr[3]_i_6/O
                         net (fo=37, routed)          0.228     9.475    u_tcp_tx/u_ackq/wscale_r_reg[14][0]_2
    SLICE_X23Y186        LUT5 (Prop_E5LUT_SLICEL_I3_O)
                                                      0.140     9.615 f  u_tcp_tx/u_ackq/rcv_nxt_r[0][31]_i_33/O
                         net (fo=1, routed)           0.210     9.825    u_tcp_tx/u_ackq/rcv_nxt_r[0][31]_i_33_n_53
    SLICE_X22Y187        LUT5 (Prop_B6LUT_SLICEL_I4_O)
                                                      0.177    10.002 f  u_tcp_tx/u_ackq/rcv_nxt_r[0][31]_i_15/O
                         net (fo=1, routed)           0.058    10.060    u_tcp_tx/u_ackq/tx_upd_id[0]
    SLICE_X22Y187        LUT3 (Prop_F6LUT_SLICEL_I0_O)
                                                      0.148    10.208 f  u_tcp_tx/u_ackq/rcv_nxt_r[0][31]_i_4/O
                         net (fo=114, routed)         0.427    10.635    u_tcp_tx/u_ackq/tcb_id[0]
    SLICE_X25Y194        LUT6 (Prop_A6LUT_SLICEM_I2_O)
                                                      0.100    10.735 r  u_tcp_tx/u_ackq/snd_wnd_r[0][15]_i_1/O
                         net (fo=16, routed)          0.462    11.197    u_tcb/snd_wnd_r_reg[0][15]_0[0]
    SLICE_X27Y200        FDCE                                         r  u_tcb/snd_wnd_r_reg[0][9]/CE
  -------------------------------------------------------------------    -------------------

                         (clock g_hw.clk_out0 rise edge)
                                                      6.400     6.400 r  
    T25                                               0.000     6.400 r  sys_clk_p (IN)
                         net (fo=0)                   0.079     6.479    u_clkgen/g_hw.u_ibufds/I
    HPIOBDIFFINBUF_X0Y37 DIFFINBUF (Prop_DIFFINBUF_HPIOBDIFFINBUF_DIFF_IN_P_O)
                                                      0.398     6.877 r  u_clkgen/g_hw.u_ibufds/DIFFINBUF_INST/O
                         net (fo=1, routed)           0.040     6.917    u_clkgen/g_hw.u_ibufds/OUT
    T25                  IBUFCTRL (Prop_IBUFCTRL_HPIOB_M_I_O)
                                                      0.000     6.917 r  u_clkgen/g_hw.u_ibufds/IBUFCTRL_INST/O
                         net (fo=1, routed)           0.304     7.221    u_clkgen/g_hw.clk_in_ibuf
    BUFGCE_X0Y32         BUFGCE (Prop_BUFCE_BUFGCE_I_O)
                                                      0.024     7.245 r  u_clkgen/g_hw.u_bufg_in/O
                         net (fo=485, routed)         1.317     8.562    u_clkgen/clk_in_100
    MMCM_X0Y1            MMCME4_ADV (Prop_MMCM_CLKIN1_CLKOUT0)
                                                      0.644     9.206 r  u_clkgen/g_hw.u_mmcm/CLKOUT0
                         net (fo=1, routed)           0.228     9.434    u_clkgen/g_hw.clk_out0
    BUFGCE_X0Y34         BUFGCE (Prop_BUFCE_BUFGCE_I_O)
                                                      0.024     9.458 r  u_clkgen/g_hw.u_bufg_out/O
    X1Y3 (CLOCK_ROOT)    net (fo=50443, routed)       2.308    11.766    u_tcb/dp_clk
    SLICE_X27Y200        FDCE                                         r  u_tcb/snd_wnd_r_reg[0][9]/C
                         clock pessimism             -0.304    11.462    
                         clock uncertainty           -0.062    11.400    
    SLICE_X27Y200        FDCE (Setup_BFF_SLICEL_C_CE)
                                                     -0.042    11.358    u_tcb/snd_wnd_r_reg[0][9]
  -------------------------------------------------------------------
                         required time                         11.358    
                         arrival time                         -11.197    
  -------------------------------------------------------------------
                         slack                                  0.161    

Slack (MET) :             0.162ns  (required time - arrival time)
  Source:                 u_tcp_tx/tick_cnt_reg[2]/C
                            (rising edge-triggered cell FDCE clocked by g_hw.clk_out0  {rise@0.000ns fall@3.200ns period=6.400ns})
  Destination:            u_tcb/snd_nxt_r_reg[5][19]/CE
                            (rising edge-triggered cell FDCE clocked by g_hw.clk_out0  {rise@0.000ns fall@3.200ns period=6.400ns})
  Path Group:             g_hw.clk_out0
  Path Type:              Setup (Max at Slow Process Corner)
  Requirement:            6.400ns  (g_hw.clk_out0 rise@6.400ns - g_hw.clk_out0 rise@0.000ns)
  Data Path Delay:        5.972ns  (logic 2.004ns (33.557%)  route 3.968ns (66.443%))
  Logic Levels:           16  (CARRY8=3 LUT2=1 LUT3=2 LUT4=1 LUT5=2 LUT6=7)
  Clock Path Skew:        -0.160ns (DCD - SCD + CPR)
    Destination Clock Delay (DCD):    5.375ns = ( 11.775 - 6.400 ) 
    Source Clock Delay      (SCD):    5.231ns
    Clock Pessimism Removal (CPR):    -0.304ns
  Clock Uncertainty:      0.062ns  ((TSJ^2 + DJ^2)^1/2) / 2 + PE
    Total System Jitter     (TSJ):    0.071ns
    Discrete Jitter          (DJ):    0.101ns
    Phase Error              (PE):    0.000ns
  Clock Net Delay (Source):      2.579ns (routing 1.064ns, distribution 1.515ns)
  Clock Net Delay (Destination): 2.317ns (routing 0.965ns, distribution 1.352ns)

    Location             Delay type                Incr(ns)  Path(ns)    Netlist Resource(s)
  -------------------------------------------------------------------    -------------------
                         (clock g_hw.clk_out0 rise edge)
                                                      0.000     0.000 r  
    T25                                               0.000     0.000 r  sys_clk_p (IN)
                         net (fo=0)                   0.100     0.100    u_clkgen/g_hw.u_ibufds/I
    HPIOBDIFFINBUF_X0Y37 DIFFINBUF (Prop_DIFFINBUF_HPIOBDIFFINBUF_DIFF_IN_P_O)
                                                      0.479     0.579 r  u_clkgen/g_hw.u_ibufds/DIFFINBUF_INST/O
                         net (fo=1, routed)           0.050     0.629    u_clkgen/g_hw.u_ibufds/OUT
    T25                  IBUFCTRL (Prop_IBUFCTRL_HPIOB_M_I_O)
                                                      0.000     0.629 r  u_clkgen/g_hw.u_ibufds/IBUFCTRL_INST/O
                         net (fo=1, routed)           0.343     0.972    u_clkgen/g_hw.clk_in_ibuf
    BUFGCE_X0Y32         BUFGCE (Prop_BUFCE_BUFGCE_I_O)
                                                      0.028     1.000 r  u_clkgen/g_hw.u_bufg_in/O
                         net (fo=485, routed)         1.474     2.474    u_clkgen/clk_in_100
    MMCM_X0Y1            MMCME4_ADV (Prop_MMCM_CLKIN1_CLKOUT0)
                                                     -0.106     2.368 r  u_clkgen/g_hw.u_mmcm/CLKOUT0
                         net (fo=1, routed)           0.256     2.624    u_clkgen/g_hw.clk_out0
    BUFGCE_X0Y34         BUFGCE (Prop_BUFCE_BUFGCE_I_O)
                                                      0.028     2.652 r  u_clkgen/g_hw.u_bufg_out/O
    X1Y3 (CLOCK_ROOT)    net (fo=50443, routed)       2.579     5.231    u_tcp_tx/dp_clk
    SLICE_X45Y166        FDCE                                         r  u_tcp_tx/tick_cnt_reg[2]/C
  -------------------------------------------------------------------    -------------------
    SLICE_X45Y166        FDCE (Prop_CFF2_SLICEL_C_Q)
                                                      0.097     5.328 f  u_tcp_tx/tick_cnt_reg[2]/Q
                         net (fo=5, routed)           0.186     5.513    u_tcp_tx/u_retx/scan_id_reg[3][2]
    SLICE_X45Y166        LUT4 (Prop_F6LUT_SLICEL_I3_O)
                                                      0.148     5.661 r  u_tcp_tx/u_retx/scan_id[3]_i_4__0/O
                         net (fo=3, routed)           0.437     6.098    u_tcp_tx/u_csum/scan_id_reg[3]_3
    SLICE_X36Y172        LUT6 (Prop_G6LUT_SLICEL_I5_O)
                                                      0.038     6.136 f  u_tcp_tx/u_csum/scan_id[3]_i_1__0/O
                         net (fo=422, routed)         0.229     6.365    u_tcp_tx/u_fifo_b/ctrl_doff_reg[3]_0[0]
    SLICE_X38Y174        LUT6 (Prop_C6LUT_SLICEL_I4_O)
                                                      0.148     6.513 r  u_tcp_tx/u_fifo_b/ctrl_doff[3]_i_1/O
                         net (fo=104, routed)         0.282     6.795    u_tcp_tx/u_ackq/ctrl_ack_reg[0]
    SLICE_X36Y175        LUT6 (Prop_E6LUT_SLICEL_I4_O)
                                                      0.100     6.895 r  u_tcp_tx/u_ackq/f_seq[1][31]_i_9/O
                         net (fo=94, routed)          0.577     7.472    u_tcb/cam_rd_id[1]
    SLICE_X25Y181        LUT6 (Prop_C6LUT_SLICEM_I2_O)
                                                      0.098     7.570 r  u_tcb/f_seq[1][11]_i_2/O
                         net (fo=3, routed)           0.200     7.770    u_tcb/f_seq[1][11]_i_2_n_53
    SLICE_X25Y181        LUT6 (Prop_H6LUT_SLICEM_I0_O)
                                                      0.182     7.952 r  u_tcb/f_seq[1][11]_i_1/O
                         net (fo=20, routed)          0.238     8.190    u_tcb/D[11]
    SLICE_X26Y177        LUT2 (Prop_D6LUT_SLICEL_I0_O)
                                                      0.063     8.253 r  u_tcb/mem_reg_0_31_28_38_i_60/O
                         net (fo=1, routed)           0.010     8.263    u_tcb/mem_reg_0_31_28_38_i_60_n_53
    SLICE_X26Y177        CARRY8 (Prop_CARRY8_SLICEL_S[3]_CO[7])
                                                      0.195     8.458 r  u_tcb/mem_reg_0_31_28_38_i_46/CO[7]
                         net (fo=1, routed)           0.028     8.486    u_tcb/mem_reg_0_31_28_38_i_46_n_53
    SLICE_X26Y178        CARRY8 (Prop_CARRY8_SLICEL_CI_CO[7])
                                                      0.023     8.509 r  u_tcb/mem_reg_0_31_28_38_i_29/CO[7]
                         net (fo=1, routed)           0.028     8.537    u_tcb/mem_reg_0_31_28_38_i_29_n_53
    SLICE_X26Y179        CARRY8 (Prop_CARRY8_SLICEL_CI_O[7])
                                                      0.146     8.683 r  u_tcb/mem_reg_0_31_28_38_i_19/O[7]
                         net (fo=2, routed)           0.250     8.933    u_tcb/u_tcp_tx/ring_ovf12_out[31]
    SLICE_X25Y182        LUT3 (Prop_F6LUT_SLICEM_I2_O)
                                                      0.038     8.971 f  u_tcb/fc_rr[3]_i_7/O
                         net (fo=1, routed)           0.160     9.131    u_tcp_tx/fc_rr[3]_i_4
    SLICE_X25Y185        LUT6 (Prop_G6LUT_SLICEM_I0_O)
                                                      0.116     9.247 r  u_tcp_tx/fc_rr[3]_i_6/O
                         net (fo=37, routed)          0.228     9.475    u_tcp_tx/u_ackq/wscale_r_reg[14][0]_2
    SLICE_X23Y186        LUT5 (Prop_E5LUT_SLICEL_I3_O)
                                                      0.140     9.615 r  u_tcp_tx/u_ackq/rcv_nxt_r[0][31]_i_33/O
                         net (fo=1, routed)           0.210     9.825    u_tcp_tx/u_ackq/rcv_nxt_r[0][31]_i_33_n_53
    SLICE_X22Y187        LUT5 (Prop_B6LUT_SLICEL_I4_O)
                                                      0.177    10.002 r  u_tcp_tx/u_ackq/rcv_nxt_r[0][31]_i_15/O
                         net (fo=1, routed)           0.058    10.060    u_tcp_tx/u_ackq/tx_upd_id[0]
    SLICE_X22Y187        LUT3 (Prop_F6LUT_SLICEL_I0_O)
                                                      0.148    10.208 r  u_tcp_tx/u_ackq/rcv_nxt_r[0][31]_i_4/O
                         net (fo=114, routed)         0.468    10.676    u_tcp_tx/u_ackq/tcb_id[0]
    SLICE_X25Y194        LUT6 (Prop_D6LUT_SLICEM_I1_O)
                                                      0.147    10.823 r  u_tcp_tx/u_ackq/snd_nxt_r[5][31]_i_1/O
                         net (fo=32, routed)          0.380    11.203    u_tcb/snd_nxt_r_reg[5][31]_0[0]
    SLICE_X28Y193        FDCE                                         r  u_tcb/snd_nxt_r_reg[5][19]/CE
  -------------------------------------------------------------------    -------------------

                         (clock g_hw.clk_out0 rise edge)
                                                      6.400     6.400 r  
    T25                                               0.000     6.400 r  sys_clk_p (IN)
                         net (fo=0)                   0.079     6.479    u_clkgen/g_hw.u_ibufds/I
    HPIOBDIFFINBUF_X0Y37 DIFFINBUF (Prop_DIFFINBUF_HPIOBDIFFINBUF_DIFF_IN_P_O)
                                                      0.398     6.877 r  u_clkgen/g_hw.u_ibufds/DIFFINBUF_INST/O
                         net (fo=1, routed)           0.040     6.917    u_clkgen/g_hw.u_ibufds/OUT
    T25                  IBUFCTRL (Prop_IBUFCTRL_HPIOB_M_I_O)
                                                      0.000     6.917 r  u_clkgen/g_hw.u_ibufds/IBUFCTRL_INST/O
                         net (fo=1, routed)           0.304     7.221    u_clkgen/g_hw.clk_in_ibuf
    BUFGCE_X0Y32         BUFGCE (Prop_BUFCE_BUFGCE_I_O)
                                                      0.024     7.245 r  u_clkgen/g_hw.u_bufg_in/O
                         net (fo=485, routed)         1.317     8.562    u_clkgen/clk_in_100
    MMCM_X0Y1            MMCME4_ADV (Prop_MMCM_CLKIN1_CLKOUT0)
                                                      0.644     9.206 r  u_clkgen/g_hw.u_mmcm/CLKOUT0
                         net (fo=1, routed)           0.228     9.434    u_clkgen/g_hw.clk_out0
    BUFGCE_X0Y34         BUFGCE (Prop_BUFCE_BUFGCE_I_O)
                                                      0.024     9.458 r  u_clkgen/g_hw.u_bufg_out/O
    X1Y3 (CLOCK_ROOT)    net (fo=50443, routed)       2.317    11.775    u_tcb/dp_clk
    SLICE_X28Y193        FDCE                                         r  u_tcb/snd_nxt_r_reg[5][19]/C
                         clock pessimism             -0.304    11.471    
                         clock uncertainty           -0.062    11.409    
    SLICE_X28Y193        FDCE (Setup_HFF_SLICEM_C_CE)
                                                     -0.044    11.365    u_tcb/snd_nxt_r_reg[5][19]
  -------------------------------------------------------------------
                         required time                         11.365    
                         arrival time                         -11.203    
  -------------------------------------------------------------------
                         slack                                  0.162    

Slack (MET) :             0.174ns  (required time - arrival time)
  Source:                 u_tcp_tx/tick_cnt_reg[2]/C
                            (rising edge-triggered cell FDCE clocked by g_hw.clk_out0  {rise@0.000ns fall@3.200ns period=6.400ns})
  Destination:            u_tcb/snd_wnd_r_reg[5][15]/CE
                            (rising edge-triggered cell FDCE clocked by g_hw.clk_out0  {rise@0.000ns fall@3.200ns period=6.400ns})
  Path Group:             g_hw.clk_out0
  Path Type:              Setup (Max at Slow Process Corner)
  Requirement:            6.400ns  (g_hw.clk_out0 rise@6.400ns - g_hw.clk_out0 rise@0.000ns)
  Data Path Delay:        5.996ns  (logic 1.957ns (32.639%)  route 4.039ns (67.361%))
  Logic Levels:           16  (CARRY8=3 LUT2=1 LUT3=2 LUT4=1 LUT5=2 LUT6=7)
  Clock Path Skew:        -0.125ns (DCD - SCD + CPR)
    Destination Clock Delay (DCD):    5.410ns = ( 11.810 - 6.400 ) 
    Source Clock Delay      (SCD):    5.231ns
    Clock Pessimism Removal (CPR):    -0.304ns
  Clock Uncertainty:      0.062ns  ((TSJ^2 + DJ^2)^1/2) / 2 + PE
    Total System Jitter     (TSJ):    0.071ns
    Discrete Jitter          (DJ):    0.101ns
    Phase Error              (PE):    0.000ns
  Clock Net Delay (Source):      2.579ns (routing 1.064ns, distribution 1.515ns)
  Clock Net Delay (Destination): 2.352ns (routing 0.965ns, distribution 1.387ns)

    Location             Delay type                Incr(ns)  Path(ns)    Netlist Resource(s)
  -------------------------------------------------------------------    -------------------
                         (clock g_hw.clk_out0 rise edge)
                                                      0.000     0.000 r  
    T25                                               0.000     0.000 r  sys_clk_p (IN)
                         net (fo=0)                   0.100     0.100    u_clkgen/g_hw.u_ibufds/I
    HPIOBDIFFINBUF_X0Y37 DIFFINBUF (Prop_DIFFINBUF_HPIOBDIFFINBUF_DIFF_IN_P_O)
                                                      0.479     0.579 r  u_clkgen/g_hw.u_ibufds/DIFFINBUF_INST/O
                         net (fo=1, routed)           0.050     0.629    u_clkgen/g_hw.u_ibufds/OUT
    T25                  IBUFCTRL (Prop_IBUFCTRL_HPIOB_M_I_O)
                                                      0.000     0.629 r  u_clkgen/g_hw.u_ibufds/IBUFCTRL_INST/O
                         net (fo=1, routed)           0.343     0.972    u_clkgen/g_hw.clk_in_ibuf
    BUFGCE_X0Y32         BUFGCE (Prop_BUFCE_BUFGCE_I_O)
                                                      0.028     1.000 r  u_clkgen/g_hw.u_bufg_in/O
                         net (fo=485, routed)         1.474     2.474    u_clkgen/clk_in_100
    MMCM_X0Y1            MMCME4_ADV (Prop_MMCM_CLKIN1_CLKOUT0)
                                                     -0.106     2.368 r  u_clkgen/g_hw.u_mmcm/CLKOUT0
                         net (fo=1, routed)           0.256     2.624    u_clkgen/g_hw.clk_out0
    BUFGCE_X0Y34         BUFGCE (Prop_BUFCE_BUFGCE_I_O)
                                                      0.028     2.652 r  u_clkgen/g_hw.u_bufg_out/O
    X1Y3 (CLOCK_ROOT)    net (fo=50443, routed)       2.579     5.231    u_tcp_tx/dp_clk
    SLICE_X45Y166        FDCE                                         r  u_tcp_tx/tick_cnt_reg[2]/C
  -------------------------------------------------------------------    -------------------
    SLICE_X45Y166        FDCE (Prop_CFF2_SLICEL_C_Q)
                                                      0.097     5.328 f  u_tcp_tx/tick_cnt_reg[2]/Q
                         net (fo=5, routed)           0.186     5.513    u_tcp_tx/u_retx/scan_id_reg[3][2]
    SLICE_X45Y166        LUT4 (Prop_F6LUT_SLICEL_I3_O)
                                                      0.148     5.661 r  u_tcp_tx/u_retx/scan_id[3]_i_4__0/O
                         net (fo=3, routed)           0.437     6.098    u_tcp_tx/u_csum/scan_id_reg[3]_3
    SLICE_X36Y172        LUT6 (Prop_G6LUT_SLICEL_I5_O)
                                                      0.038     6.136 f  u_tcp_tx/u_csum/scan_id[3]_i_1__0/O
                         net (fo=422, routed)         0.229     6.365    u_tcp_tx/u_fifo_b/ctrl_doff_reg[3]_0[0]
    SLICE_X38Y174        LUT6 (Prop_C6LUT_SLICEL_I4_O)
                                                      0.148     6.513 r  u_tcp_tx/u_fifo_b/ctrl_doff[3]_i_1/O
                         net (fo=104, routed)         0.282     6.795    u_tcp_tx/u_ackq/ctrl_ack_reg[0]
    SLICE_X36Y175        LUT6 (Prop_E6LUT_SLICEL_I4_O)
                                                      0.100     6.895 r  u_tcp_tx/u_ackq/f_seq[1][31]_i_9/O
                         net (fo=94, routed)          0.577     7.472    u_tcb/cam_rd_id[1]
    SLICE_X25Y181        LUT6 (Prop_C6LUT_SLICEM_I2_O)
                                                      0.098     7.570 r  u_tcb/f_seq[1][11]_i_2/O
                         net (fo=3, routed)           0.200     7.770    u_tcb/f_seq[1][11]_i_2_n_53
    SLICE_X25Y181        LUT6 (Prop_H6LUT_SLICEM_I0_O)
                                                      0.182     7.952 r  u_tcb/f_seq[1][11]_i_1/O
                         net (fo=20, routed)          0.238     8.190    u_tcb/D[11]
    SLICE_X26Y177        LUT2 (Prop_D6LUT_SLICEL_I0_O)
                                                      0.063     8.253 r  u_tcb/mem_reg_0_31_28_38_i_60/O
                         net (fo=1, routed)           0.010     8.263    u_tcb/mem_reg_0_31_28_38_i_60_n_53
    SLICE_X26Y177        CARRY8 (Prop_CARRY8_SLICEL_S[3]_CO[7])
                                                      0.195     8.458 r  u_tcb/mem_reg_0_31_28_38_i_46/CO[7]
                         net (fo=1, routed)           0.028     8.486    u_tcb/mem_reg_0_31_28_38_i_46_n_53
    SLICE_X26Y178        CARRY8 (Prop_CARRY8_SLICEL_CI_CO[7])
                                                      0.023     8.509 r  u_tcb/mem_reg_0_31_28_38_i_29/CO[7]
                         net (fo=1, routed)           0.028     8.537    u_tcb/mem_reg_0_31_28_38_i_29_n_53
    SLICE_X26Y179        CARRY8 (Prop_CARRY8_SLICEL_CI_O[7])
                                                      0.146     8.683 r  u_tcb/mem_reg_0_31_28_38_i_19/O[7]
                         net (fo=2, routed)           0.250     8.933    u_tcb/u_tcp_tx/ring_ovf12_out[31]
    SLICE_X25Y182        LUT3 (Prop_F6LUT_SLICEM_I2_O)
                                                      0.038     8.971 f  u_tcb/fc_rr[3]_i_7/O
                         net (fo=1, routed)           0.160     9.131    u_tcp_tx/fc_rr[3]_i_4
    SLICE_X25Y185        LUT6 (Prop_G6LUT_SLICEM_I0_O)
                                                      0.116     9.247 r  u_tcp_tx/fc_rr[3]_i_6/O
                         net (fo=37, routed)          0.228     9.475    u_tcp_tx/u_ackq/wscale_r_reg[14][0]_2
    SLICE_X23Y186        LUT5 (Prop_E5LUT_SLICEL_I3_O)
                                                      0.140     9.615 r  u_tcp_tx/u_ackq/rcv_nxt_r[0][31]_i_33/O
                         net (fo=1, routed)           0.210     9.825    u_tcp_tx/u_ackq/rcv_nxt_r[0][31]_i_33_n_53
    SLICE_X22Y187        LUT5 (Prop_B6LUT_SLICEL_I4_O)
                                                      0.177    10.002 r  u_tcp_tx/u_ackq/rcv_nxt_r[0][31]_i_15/O
                         net (fo=1, routed)           0.058    10.060    u_tcp_tx/u_ackq/tx_upd_id[0]
    SLICE_X22Y187        LUT3 (Prop_F6LUT_SLICEL_I0_O)
                                                      0.148    10.208 r  u_tcp_tx/u_ackq/rcv_nxt_r[0][31]_i_4/O
                         net (fo=114, routed)         0.425    10.633    u_tcp_tx/u_ackq/tcb_id[0]
    SLICE_X25Y194        LUT6 (Prop_B6LUT_SLICEM_I3_O)
                                                      0.100    10.733 r  u_tcp_tx/u_ackq/snd_wnd_r[5][15]_i_1/O
                         net (fo=16, routed)          0.493    11.227    u_tcb/snd_wnd_r_reg[5][15]_0[0]
    SLICE_X19Y201        FDCE                                         r  u_tcb/snd_wnd_r_reg[5][15]/CE
  -------------------------------------------------------------------    -------------------

                         (clock g_hw.clk_out0 rise edge)
                                                      6.400     6.400 r  
    T25                                               0.000     6.400 r  sys_clk_p (IN)
                         net (fo=0)                   0.079     6.479    u_clkgen/g_hw.u_ibufds/I
    HPIOBDIFFINBUF_X0Y37 DIFFINBUF (Prop_DIFFINBUF_HPIOBDIFFINBUF_DIFF_IN_P_O)
                                                      0.398     6.877 r  u_clkgen/g_hw.u_ibufds/DIFFINBUF_INST/O
                         net (fo=1, routed)           0.040     6.917    u_clkgen/g_hw.u_ibufds/OUT
    T25                  IBUFCTRL (Prop_IBUFCTRL_HPIOB_M_I_O)
                                                      0.000     6.917 r  u_clkgen/g_hw.u_ibufds/IBUFCTRL_INST/O
                         net (fo=1, routed)           0.304     7.221    u_clkgen/g_hw.clk_in_ibuf
    BUFGCE_X0Y32         BUFGCE (Prop_BUFCE_BUFGCE_I_O)
                                                      0.024     7.245 r  u_clkgen/g_hw.u_bufg_in/O
                         net (fo=485, routed)         1.317     8.562    u_clkgen/clk_in_100
    MMCM_X0Y1            MMCME4_ADV (Prop_MMCM_CLKIN1_CLKOUT0)
                                                      0.644     9.206 r  u_clkgen/g_hw.u_mmcm/CLKOUT0
                         net (fo=1, routed)           0.228     9.434    u_clkgen/g_hw.clk_out0
    BUFGCE_X0Y34         BUFGCE (Prop_BUFCE_BUFGCE_I_O)
                                                      0.024     9.458 r  u_clkgen/g_hw.u_bufg_out/O
    X1Y3 (CLOCK_ROOT)    net (fo=50443, routed)       2.352    11.810    u_tcb/dp_clk
    SLICE_X19Y201        FDCE                                         r  u_tcb/snd_wnd_r_reg[5][15]/C
                         clock pessimism             -0.304    11.506    
                         clock uncertainty           -0.062    11.444    
    SLICE_X19Y201        FDCE (Setup_HFF_SLICEL_C_CE)
                                                     -0.043    11.401    u_tcb/snd_wnd_r_reg[5][15]
  -------------------------------------------------------------------
                         required time                         11.401    
                         arrival time                         -11.227    
  -------------------------------------------------------------------
                         slack                                  0.174    

Slack (MET) :             0.174ns  (required time - arrival time)
  Source:                 u_tcp_tx/tick_cnt_reg[2]/C
                            (rising edge-triggered cell FDCE clocked by g_hw.clk_out0  {rise@0.000ns fall@3.200ns period=6.400ns})
  Destination:            u_tcb/snd_wnd_r_reg[5][1]/CE
                            (rising edge-triggered cell FDCE clocked by g_hw.clk_out0  {rise@0.000ns fall@3.200ns period=6.400ns})
  Path Group:             g_hw.clk_out0
  Path Type:              Setup (Max at Slow Process Corner)
  Requirement:            6.400ns  (g_hw.clk_out0 rise@6.400ns - g_hw.clk_out0 rise@0.000ns)
  Data Path Delay:        5.996ns  (logic 1.957ns (32.639%)  route 4.039ns (67.361%))
  Logic Levels:           16  (CARRY8=3 LUT2=1 LUT3=2 LUT4=1 LUT5=2 LUT6=7)
  Clock Path Skew:        -0.125ns (DCD - SCD + CPR)
    Destination Clock Delay (DCD):    5.410ns = ( 11.810 - 6.400 ) 
    Source Clock Delay      (SCD):    5.231ns
    Clock Pessimism Removal (CPR):    -0.304ns
  Clock Uncertainty:      0.062ns  ((TSJ^2 + DJ^2)^1/2) / 2 + PE
    Total System Jitter     (TSJ):    0.071ns
    Discrete Jitter          (DJ):    0.101ns
    Phase Error              (PE):    0.000ns
  Clock Net Delay (Source):      2.579ns (routing 1.064ns, distribution 1.515ns)
  Clock Net Delay (Destination): 2.352ns (routing 0.965ns, distribution 1.387ns)

    Location             Delay type                Incr(ns)  Path(ns)    Netlist Resource(s)
  -------------------------------------------------------------------    -------------------
                         (clock g_hw.clk_out0 rise edge)
                                                      0.000     0.000 r  
    T25                                               0.000     0.000 r  sys_clk_p (IN)
                         net (fo=0)                   0.100     0.100    u_clkgen/g_hw.u_ibufds/I
    HPIOBDIFFINBUF_X0Y37 DIFFINBUF (Prop_DIFFINBUF_HPIOBDIFFINBUF_DIFF_IN_P_O)
                                                      0.479     0.579 r  u_clkgen/g_hw.u_ibufds/DIFFINBUF_INST/O
                         net (fo=1, routed)           0.050     0.629    u_clkgen/g_hw.u_ibufds/OUT
    T25                  IBUFCTRL (Prop_IBUFCTRL_HPIOB_M_I_O)
                                                      0.000     0.629 r  u_clkgen/g_hw.u_ibufds/IBUFCTRL_INST/O
                         net (fo=1, routed)           0.343     0.972    u_clkgen/g_hw.clk_in_ibuf
    BUFGCE_X0Y32         BUFGCE (Prop_BUFCE_BUFGCE_I_O)
                                                      0.028     1.000 r  u_clkgen/g_hw.u_bufg_in/O
                         net (fo=485, routed)         1.474     2.474    u_clkgen/clk_in_100
    MMCM_X0Y1            MMCME4_ADV (Prop_MMCM_CLKIN1_CLKOUT0)
                                                     -0.106     2.368 r  u_clkgen/g_hw.u_mmcm/CLKOUT0
                         net (fo=1, routed)           0.256     2.624    u_clkgen/g_hw.clk_out0
    BUFGCE_X0Y34         BUFGCE (Prop_BUFCE_BUFGCE_I_O)
                                                      0.028     2.652 r  u_clkgen/g_hw.u_bufg_out/O
    X1Y3 (CLOCK_ROOT)    net (fo=50443, routed)       2.579     5.231    u_tcp_tx/dp_clk
    SLICE_X45Y166        FDCE                                         r  u_tcp_tx/tick_cnt_reg[2]/C
  -------------------------------------------------------------------    -------------------
    SLICE_X45Y166        FDCE (Prop_CFF2_SLICEL_C_Q)
                                                      0.097     5.328 f  u_tcp_tx/tick_cnt_reg[2]/Q
                         net (fo=5, routed)           0.186     5.513    u_tcp_tx/u_retx/scan_id_reg[3][2]
    SLICE_X45Y166        LUT4 (Prop_F6LUT_SLICEL_I3_O)
                                                      0.148     5.661 r  u_tcp_tx/u_retx/scan_id[3]_i_4__0/O
                         net (fo=3, routed)           0.437     6.098    u_tcp_tx/u_csum/scan_id_reg[3]_3
    SLICE_X36Y172        LUT6 (Prop_G6LUT_SLICEL_I5_O)
                                                      0.038     6.136 f  u_tcp_tx/u_csum/scan_id[3]_i_1__0/O
                         net (fo=422, routed)         0.229     6.365    u_tcp_tx/u_fifo_b/ctrl_doff_reg[3]_0[0]
    SLICE_X38Y174        LUT6 (Prop_C6LUT_SLICEL_I4_O)
                                                      0.148     6.513 r  u_tcp_tx/u_fifo_b/ctrl_doff[3]_i_1/O
                         net (fo=104, routed)         0.282     6.795    u_tcp_tx/u_ackq/ctrl_ack_reg[0]
    SLICE_X36Y175        LUT6 (Prop_E6LUT_SLICEL_I4_O)
                                                      0.100     6.895 r  u_tcp_tx/u_ackq/f_seq[1][31]_i_9/O
                         net (fo=94, routed)          0.577     7.472    u_tcb/cam_rd_id[1]
    SLICE_X25Y181        LUT6 (Prop_C6LUT_SLICEM_I2_O)
                                                      0.098     7.570 r  u_tcb/f_seq[1][11]_i_2/O
                         net (fo=3, routed)           0.200     7.770    u_tcb/f_seq[1][11]_i_2_n_53
    SLICE_X25Y181        LUT6 (Prop_H6LUT_SLICEM_I0_O)
                                                      0.182     7.952 r  u_tcb/f_seq[1][11]_i_1/O
                         net (fo=20, routed)          0.238     8.190    u_tcb/D[11]
    SLICE_X26Y177        LUT2 (Prop_D6LUT_SLICEL_I0_O)
                                                      0.063     8.253 r  u_tcb/mem_reg_0_31_28_38_i_60/O
                         net (fo=1, routed)           0.010     8.263    u_tcb/mem_reg_0_31_28_38_i_60_n_53
    SLICE_X26Y177        CARRY8 (Prop_CARRY8_SLICEL_S[3]_CO[7])
                                                      0.195     8.458 r  u_tcb/mem_reg_0_31_28_38_i_46/CO[7]
                         net (fo=1, routed)           0.028     8.486    u_tcb/mem_reg_0_31_28_38_i_46_n_53
    SLICE_X26Y178        CARRY8 (Prop_CARRY8_SLICEL_CI_CO[7])
                                                      0.023     8.509 r  u_tcb/mem_reg_0_31_28_38_i_29/CO[7]
                         net (fo=1, routed)           0.028     8.537    u_tcb/mem_reg_0_31_28_38_i_29_n_53
    SLICE_X26Y179        CARRY8 (Prop_CARRY8_SLICEL_CI_O[7])
                                                      0.146     8.683 r  u_tcb/mem_reg_0_31_28_38_i_19/O[7]
                         net (fo=2, routed)           0.250     8.933    u_tcb/u_tcp_tx/ring_ovf12_out[31]
    SLICE_X25Y182        LUT3 (Prop_F6LUT_SLICEM_I2_O)
                                                      0.038     8.971 f  u_tcb/fc_rr[3]_i_7/O
                         net (fo=1, routed)           0.160     9.131    u_tcp_tx/fc_rr[3]_i_4
    SLICE_X25Y185        LUT6 (Prop_G6LUT_SLICEM_I0_O)
                                                      0.116     9.247 r  u_tcp_tx/fc_rr[3]_i_6/O
                         net (fo=37, routed)          0.228     9.475    u_tcp_tx/u_ackq/wscale_r_reg[14][0]_2
    SLICE_X23Y186        LUT5 (Prop_E5LUT_SLICEL_I3_O)
                                                      0.140     9.615 r  u_tcp_tx/u_ackq/rcv_nxt_r[0][31]_i_33/O
                         net (fo=1, routed)           0.210     9.825    u_tcp_tx/u_ackq/rcv_nxt_r[0][31]_i_33_n_53
    SLICE_X22Y187        LUT5 (Prop_B6LUT_SLICEL_I4_O)
                                                      0.177    10.002 r  u_tcp_tx/u_ackq/rcv_nxt_r[0][31]_i_15/O
                         net (fo=1, routed)           0.058    10.060    u_tcp_tx/u_ackq/tx_upd_id[0]
    SLICE_X22Y187        LUT3 (Prop_F6LUT_SLICEL_I0_O)
                                                      0.148    10.208 r  u_tcp_tx/u_ackq/rcv_nxt_r[0][31]_i_4/O
                         net (fo=114, routed)         0.425    10.633    u_tcp_tx/u_ackq/tcb_id[0]
    SLICE_X25Y194        LUT6 (Prop_B6LUT_SLICEM_I3_O)
                                                      0.100    10.733 r  u_tcp_tx/u_ackq/snd_wnd_r[5][15]_i_1/O
                         net (fo=16, routed)          0.493    11.227    u_tcb/snd_wnd_r_reg[5][15]_0[0]
    SLICE_X19Y201        FDCE                                         r  u_tcb/snd_wnd_r_reg[5][1]/CE
  -------------------------------------------------------------------    -------------------

                         (clock g_hw.clk_out0 rise edge)
                                                      6.400     6.400 r  
    T25                                               0.000     6.400 r  sys_clk_p (IN)
                         net (fo=0)                   0.079     6.479    u_clkgen/g_hw.u_ibufds/I
    HPIOBDIFFINBUF_X0Y37 DIFFINBUF (Prop_DIFFINBUF_HPIOBDIFFINBUF_DIFF_IN_P_O)
                                                      0.398     6.877 r  u_clkgen/g_hw.u_ibufds/DIFFINBUF_INST/O
                         net (fo=1, routed)           0.040     6.917    u_clkgen/g_hw.u_ibufds/OUT
    T25                  IBUFCTRL (Prop_IBUFCTRL_HPIOB_M_I_O)
                                                      0.000     6.917 r  u_clkgen/g_hw.u_ibufds/IBUFCTRL_INST/O
                         net (fo=1, routed)           0.304     7.221    u_clkgen/g_hw.clk_in_ibuf
    BUFGCE_X0Y32         BUFGCE (Prop_BUFCE_BUFGCE_I_O)
                                                      0.024     7.245 r  u_clkgen/g_hw.u_bufg_in/O
                         net (fo=485, routed)         1.317     8.562    u_clkgen/clk_in_100
    MMCM_X0Y1            MMCME4_ADV (Prop_MMCM_CLKIN1_CLKOUT0)
                                                      0.644     9.206 r  u_clkgen/g_hw.u_mmcm/CLKOUT0
                         net (fo=1, routed)           0.228     9.434    u_clkgen/g_hw.clk_out0
    BUFGCE_X0Y34         BUFGCE (Prop_BUFCE_BUFGCE_I_O)
                                                      0.024     9.458 r  u_clkgen/g_hw.u_bufg_out/O
    X1Y3 (CLOCK_ROOT)    net (fo=50443, routed)       2.352    11.810    u_tcb/dp_clk
    SLICE_X19Y201        FDCE                                         r  u_tcb/snd_wnd_r_reg[5][1]/C
                         clock pessimism             -0.304    11.506    
                         clock uncertainty           -0.062    11.444    
    SLICE_X19Y201        FDCE (Setup_GFF_SLICEL_C_CE)
                                                     -0.043    11.401    u_tcb/snd_wnd_r_reg[5][1]
  -------------------------------------------------------------------
                         required time                         11.401    
                         arrival time                         -11.227    
  -------------------------------------------------------------------
                         slack                                  0.174    

Slack (MET) :             0.174ns  (required time - arrival time)
  Source:                 u_tcp_tx/tick_cnt_reg[2]/C
                            (rising edge-triggered cell FDCE clocked by g_hw.clk_out0  {rise@0.000ns fall@3.200ns period=6.400ns})
  Destination:            u_tcb/snd_wnd_r_reg[5][4]/CE
                            (rising edge-triggered cell FDCE clocked by g_hw.clk_out0  {rise@0.000ns fall@3.200ns period=6.400ns})
  Path Group:             g_hw.clk_out0
  Path Type:              Setup (Max at Slow Process Corner)
  Requirement:            6.400ns  (g_hw.clk_out0 rise@6.400ns - g_hw.clk_out0 rise@0.000ns)
  Data Path Delay:        5.996ns  (logic 1.957ns (32.639%)  route 4.039ns (67.361%))
  Logic Levels:           16  (CARRY8=3 LUT2=1 LUT3=2 LUT4=1 LUT5=2 LUT6=7)
  Clock Path Skew:        -0.125ns (DCD - SCD + CPR)
    Destination Clock Delay (DCD):    5.410ns = ( 11.810 - 6.400 ) 
    Source Clock Delay      (SCD):    5.231ns
    Clock Pessimism Removal (CPR):    -0.304ns
  Clock Uncertainty:      0.062ns  ((TSJ^2 + DJ^2)^1/2) / 2 + PE
    Total System Jitter     (TSJ):    0.071ns
    Discrete Jitter          (DJ):    0.101ns
    Phase Error              (PE):    0.000ns
  Clock Net Delay (Source):      2.579ns (routing 1.064ns, distribution 1.515ns)
  Clock Net Delay (Destination): 2.352ns (routing 0.965ns, distribution 1.387ns)

    Location             Delay type                Incr(ns)  Path(ns)    Netlist Resource(s)
  -------------------------------------------------------------------    -------------------
                         (clock g_hw.clk_out0 rise edge)
                                                      0.000     0.000 r  
    T25                                               0.000     0.000 r  sys_clk_p (IN)
                         net (fo=0)                   0.100     0.100    u_clkgen/g_hw.u_ibufds/I
    HPIOBDIFFINBUF_X0Y37 DIFFINBUF (Prop_DIFFINBUF_HPIOBDIFFINBUF_DIFF_IN_P_O)
                                                      0.479     0.579 r  u_clkgen/g_hw.u_ibufds/DIFFINBUF_INST/O
                         net (fo=1, routed)           0.050     0.629    u_clkgen/g_hw.u_ibufds/OUT
    T25                  IBUFCTRL (Prop_IBUFCTRL_HPIOB_M_I_O)
                                                      0.000     0.629 r  u_clkgen/g_hw.u_ibufds/IBUFCTRL_INST/O
                         net (fo=1, routed)           0.343     0.972    u_clkgen/g_hw.clk_in_ibuf
    BUFGCE_X0Y32         BUFGCE (Prop_BUFCE_BUFGCE_I_O)
                                                      0.028     1.000 r  u_clkgen/g_hw.u_bufg_in/O
                         net (fo=485, routed)         1.474     2.474    u_clkgen/clk_in_100
    MMCM_X0Y1            MMCME4_ADV (Prop_MMCM_CLKIN1_CLKOUT0)
                                                     -0.106     2.368 r  u_clkgen/g_hw.u_mmcm/CLKOUT0
                         net (fo=1, routed)           0.256     2.624    u_clkgen/g_hw.clk_out0
    BUFGCE_X0Y34         BUFGCE (Prop_BUFCE_BUFGCE_I_O)
                                                      0.028     2.652 r  u_clkgen/g_hw.u_bufg_out/O
    X1Y3 (CLOCK_ROOT)    net (fo=50443, routed)       2.579     5.231    u_tcp_tx/dp_clk
    SLICE_X45Y166        FDCE                                         r  u_tcp_tx/tick_cnt_reg[2]/C
  -------------------------------------------------------------------    -------------------
    SLICE_X45Y166        FDCE (Prop_CFF2_SLICEL_C_Q)
                                                      0.097     5.328 f  u_tcp_tx/tick_cnt_reg[2]/Q
                         net (fo=5, routed)           0.186     5.513    u_tcp_tx/u_retx/scan_id_reg[3][2]
    SLICE_X45Y166        LUT4 (Prop_F6LUT_SLICEL_I3_O)
                                                      0.148     5.661 r  u_tcp_tx/u_retx/scan_id[3]_i_4__0/O
                         net (fo=3, routed)           0.437     6.098    u_tcp_tx/u_csum/scan_id_reg[3]_3
    SLICE_X36Y172        LUT6 (Prop_G6LUT_SLICEL_I5_O)
                                                      0.038     6.136 f  u_tcp_tx/u_csum/scan_id[3]_i_1__0/O
                         net (fo=422, routed)         0.229     6.365    u_tcp_tx/u_fifo_b/ctrl_doff_reg[3]_0[0]
    SLICE_X38Y174        LUT6 (Prop_C6LUT_SLICEL_I4_O)
                                                      0.148     6.513 r  u_tcp_tx/u_fifo_b/ctrl_doff[3]_i_1/O
                         net (fo=104, routed)         0.282     6.795    u_tcp_tx/u_ackq/ctrl_ack_reg[0]
    SLICE_X36Y175        LUT6 (Prop_E6LUT_SLICEL_I4_O)
                                                      0.100     6.895 r  u_tcp_tx/u_ackq/f_seq[1][31]_i_9/O
                         net (fo=94, routed)          0.577     7.472    u_tcb/cam_rd_id[1]
    SLICE_X25Y181        LUT6 (Prop_C6LUT_SLICEM_I2_O)
                                                      0.098     7.570 r  u_tcb/f_seq[1][11]_i_2/O
                         net (fo=3, routed)           0.200     7.770    u_tcb/f_seq[1][11]_i_2_n_53
    SLICE_X25Y181        LUT6 (Prop_H6LUT_SLICEM_I0_O)
                                                      0.182     7.952 r  u_tcb/f_seq[1][11]_i_1/O
                         net (fo=20, routed)          0.238     8.190    u_tcb/D[11]
    SLICE_X26Y177        LUT2 (Prop_D6LUT_SLICEL_I0_O)
                                                      0.063     8.253 r  u_tcb/mem_reg_0_31_28_38_i_60/O
                         net (fo=1, routed)           0.010     8.263    u_tcb/mem_reg_0_31_28_38_i_60_n_53
    SLICE_X26Y177        CARRY8 (Prop_CARRY8_SLICEL_S[3]_CO[7])
                                                      0.195     8.458 r  u_tcb/mem_reg_0_31_28_38_i_46/CO[7]
                         net (fo=1, routed)           0.028     8.486    u_tcb/mem_reg_0_31_28_38_i_46_n_53
    SLICE_X26Y178        CARRY8 (Prop_CARRY8_SLICEL_CI_CO[7])
                                                      0.023     8.509 r  u_tcb/mem_reg_0_31_28_38_i_29/CO[7]
                         net (fo=1, routed)           0.028     8.537    u_tcb/mem_reg_0_31_28_38_i_29_n_53
    SLICE_X26Y179        CARRY8 (Prop_CARRY8_SLICEL_CI_O[7])
                                                      0.146     8.683 r  u_tcb/mem_reg_0_31_28_38_i_19/O[7]
                         net (fo=2, routed)           0.250     8.933    u_tcb/u_tcp_tx/ring_ovf12_out[31]
    SLICE_X25Y182        LUT3 (Prop_F6LUT_SLICEM_I2_O)
                                                      0.038     8.971 f  u_tcb/fc_rr[3]_i_7/O
                         net (fo=1, routed)           0.160     9.131    u_tcp_tx/fc_rr[3]_i_4
    SLICE_X25Y185        LUT6 (Prop_G6LUT_SLICEM_I0_O)
                                                      0.116     9.247 r  u_tcp_tx/fc_rr[3]_i_6/O
                         net (fo=37, routed)          0.228     9.475    u_tcp_tx/u_ackq/wscale_r_reg[14][0]_2
    SLICE_X23Y186        LUT5 (Prop_E5LUT_SLICEL_I3_O)
                                                      0.140     9.615 r  u_tcp_tx/u_ackq/rcv_nxt_r[0][31]_i_33/O
                         net (fo=1, routed)           0.210     9.825    u_tcp_tx/u_ackq/rcv_nxt_r[0][31]_i_33_n_53
    SLICE_X22Y187        LUT5 (Prop_B6LUT_SLICEL_I4_O)
                                                      0.177    10.002 r  u_tcp_tx/u_ackq/rcv_nxt_r[0][31]_i_15/O
                         net (fo=1, routed)           0.058    10.060    u_tcp_tx/u_ackq/tx_upd_id[0]
    SLICE_X22Y187        LUT3 (Prop_F6LUT_SLICEL_I0_O)
                                                      0.148    10.208 r  u_tcp_tx/u_ackq/rcv_nxt_r[0][31]_i_4/O
                         net (fo=114, routed)         0.425    10.633    u_tcp_tx/u_ackq/tcb_id[0]
    SLICE_X25Y194        LUT6 (Prop_B6LUT_SLICEM_I3_O)
                                                      0.100    10.733 r  u_tcp_tx/u_ackq/snd_wnd_r[5][15]_i_1/O
                         net (fo=16, routed)          0.493    11.227    u_tcb/snd_wnd_r_reg[5][15]_0[0]
    SLICE_X19Y201        FDCE                                         r  u_tcb/snd_wnd_r_reg[5][4]/CE
  -------------------------------------------------------------------    -------------------

                         (clock g_hw.clk_out0 rise edge)
                                                      6.400     6.400 r  
    T25                                               0.000     6.400 r  sys_clk_p (IN)
                         net (fo=0)                   0.079     6.479    u_clkgen/g_hw.u_ibufds/I
    HPIOBDIFFINBUF_X0Y37 DIFFINBUF (Prop_DIFFINBUF_HPIOBDIFFINBUF_DIFF_IN_P_O)
                                                      0.398     6.877 r  u_clkgen/g_hw.u_ibufds/DIFFINBUF_INST/O
                         net (fo=1, routed)           0.040     6.917    u_clkgen/g_hw.u_ibufds/OUT
    T25                  IBUFCTRL (Prop_IBUFCTRL_HPIOB_M_I_O)
                                                      0.000     6.917 r  u_clkgen/g_hw.u_ibufds/IBUFCTRL_INST/O
                         net (fo=1, routed)           0.304     7.221    u_clkgen/g_hw.clk_in_ibuf
    BUFGCE_X0Y32         BUFGCE (Prop_BUFCE_BUFGCE_I_O)
                                                      0.024     7.245 r  u_clkgen/g_hw.u_bufg_in/O
                         net (fo=485, routed)         1.317     8.562    u_clkgen/clk_in_100
    MMCM_X0Y1            MMCME4_ADV (Prop_MMCM_CLKIN1_CLKOUT0)
                                                      0.644     9.206 r  u_clkgen/g_hw.u_mmcm/CLKOUT0
                         net (fo=1, routed)           0.228     9.434    u_clkgen/g_hw.clk_out0
    BUFGCE_X0Y34         BUFGCE (Prop_BUFCE_BUFGCE_I_O)
                                                      0.024     9.458 r  u_clkgen/g_hw.u_bufg_out/O
    X1Y3 (CLOCK_ROOT)    net (fo=50443, routed)       2.352    11.810    u_tcb/dp_clk
    SLICE_X19Y201        FDCE                                         r  u_tcb/snd_wnd_r_reg[5][4]/C
                         clock pessimism             -0.304    11.506    
                         clock uncertainty           -0.062    11.444    
    SLICE_X19Y201        FDCE (Setup_FFF_SLICEL_C_CE)
                                                     -0.043    11.401    u_tcb/snd_wnd_r_reg[5][4]
  -------------------------------------------------------------------
                         required time                         11.401    
                         arrival time                         -11.227    
  -------------------------------------------------------------------
                         slack                                  0.174    

Slack (MET) :             0.174ns  (required time - arrival time)
  Source:                 u_tcp_tx/tick_cnt_reg[2]/C
                            (rising edge-triggered cell FDCE clocked by g_hw.clk_out0  {rise@0.000ns fall@3.200ns period=6.400ns})
  Destination:            u_tcb/snd_wnd_r_reg[5][6]/CE
                            (rising edge-triggered cell FDCE clocked by g_hw.clk_out0  {rise@0.000ns fall@3.200ns period=6.400ns})
  Path Group:             g_hw.clk_out0
  Path Type:              Setup (Max at Slow Process Corner)
  Requirement:            6.400ns  (g_hw.clk_out0 rise@6.400ns - g_hw.clk_out0 rise@0.000ns)
  Data Path Delay:        5.996ns  (logic 1.957ns (32.639%)  route 4.039ns (67.361%))
  Logic Levels:           16  (CARRY8=3 LUT2=1 LUT3=2 LUT4=1 LUT5=2 LUT6=7)
  Clock Path Skew:        -0.125ns (DCD - SCD + CPR)
    Destination Clock Delay (DCD):    5.410ns = ( 11.810 - 6.400 ) 
    Source Clock Delay      (SCD):    5.231ns
    Clock Pessimism Removal (CPR):    -0.304ns
  Clock Uncertainty:      0.062ns  ((TSJ^2 + DJ^2)^1/2) / 2 + PE
    Total System Jitter     (TSJ):    0.071ns
    Discrete Jitter          (DJ):    0.101ns
    Phase Error              (PE):    0.000ns
  Clock Net Delay (Source):      2.579ns (routing 1.064ns, distribution 1.515ns)
  Clock Net Delay (Destination): 2.352ns (routing 0.965ns, distribution 1.387ns)

    Location             Delay type                Incr(ns)  Path(ns)    Netlist Resource(s)
  -------------------------------------------------------------------    -------------------
                         (clock g_hw.clk_out0 rise edge)
                                                      0.000     0.000 r  
    T25                                               0.000     0.000 r  sys_clk_p (IN)
                         net (fo=0)                   0.100     0.100    u_clkgen/g_hw.u_ibufds/I
    HPIOBDIFFINBUF_X0Y37 DIFFINBUF (Prop_DIFFINBUF_HPIOBDIFFINBUF_DIFF_IN_P_O)
                                                      0.479     0.579 r  u_clkgen/g_hw.u_ibufds/DIFFINBUF_INST/O
                         net (fo=1, routed)           0.050     0.629    u_clkgen/g_hw.u_ibufds/OUT
    T25                  IBUFCTRL (Prop_IBUFCTRL_HPIOB_M_I_O)
                                                      0.000     0.629 r  u_clkgen/g_hw.u_ibufds/IBUFCTRL_INST/O
                         net (fo=1, routed)           0.343     0.972    u_clkgen/g_hw.clk_in_ibuf
    BUFGCE_X0Y32         BUFGCE (Prop_BUFCE_BUFGCE_I_O)
                                                      0.028     1.000 r  u_clkgen/g_hw.u_bufg_in/O
                         net (fo=485, routed)         1.474     2.474    u_clkgen/clk_in_100
    MMCM_X0Y1            MMCME4_ADV (Prop_MMCM_CLKIN1_CLKOUT0)
                                                     -0.106     2.368 r  u_clkgen/g_hw.u_mmcm/CLKOUT0
                         net (fo=1, routed)           0.256     2.624    u_clkgen/g_hw.clk_out0
    BUFGCE_X0Y34         BUFGCE (Prop_BUFCE_BUFGCE_I_O)
                                                      0.028     2.652 r  u_clkgen/g_hw.u_bufg_out/O
    X1Y3 (CLOCK_ROOT)    net (fo=50443, routed)       2.579     5.231    u_tcp_tx/dp_clk
    SLICE_X45Y166        FDCE                                         r  u_tcp_tx/tick_cnt_reg[2]/C
  -------------------------------------------------------------------    -------------------
    SLICE_X45Y166        FDCE (Prop_CFF2_SLICEL_C_Q)
                                                      0.097     5.328 f  u_tcp_tx/tick_cnt_reg[2]/Q
                         net (fo=5, routed)           0.186     5.513    u_tcp_tx/u_retx/scan_id_reg[3][2]
    SLICE_X45Y166        LUT4 (Prop_F6LUT_SLICEL_I3_O)
                                                      0.148     5.661 r  u_tcp_tx/u_retx/scan_id[3]_i_4__0/O
                         net (fo=3, routed)           0.437     6.098    u_tcp_tx/u_csum/scan_id_reg[3]_3
    SLICE_X36Y172        LUT6 (Prop_G6LUT_SLICEL_I5_O)
                                                      0.038     6.136 f  u_tcp_tx/u_csum/scan_id[3]_i_1__0/O
                         net (fo=422, routed)         0.229     6.365    u_tcp_tx/u_fifo_b/ctrl_doff_reg[3]_0[0]
    SLICE_X38Y174        LUT6 (Prop_C6LUT_SLICEL_I4_O)
                                                      0.148     6.513 r  u_tcp_tx/u_fifo_b/ctrl_doff[3]_i_1/O
                         net (fo=104, routed)         0.282     6.795    u_tcp_tx/u_ackq/ctrl_ack_reg[0]
    SLICE_X36Y175        LUT6 (Prop_E6LUT_SLICEL_I4_O)
                                                      0.100     6.895 r  u_tcp_tx/u_ackq/f_seq[1][31]_i_9/O
                         net (fo=94, routed)          0.577     7.472    u_tcb/cam_rd_id[1]
    SLICE_X25Y181        LUT6 (Prop_C6LUT_SLICEM_I2_O)
                                                      0.098     7.570 r  u_tcb/f_seq[1][11]_i_2/O
                         net (fo=3, routed)           0.200     7.770    u_tcb/f_seq[1][11]_i_2_n_53
    SLICE_X25Y181        LUT6 (Prop_H6LUT_SLICEM_I0_O)
                                                      0.182     7.952 r  u_tcb/f_seq[1][11]_i_1/O
                         net (fo=20, routed)          0.238     8.190    u_tcb/D[11]
    SLICE_X26Y177        LUT2 (Prop_D6LUT_SLICEL_I0_O)
                                                      0.063     8.253 r  u_tcb/mem_reg_0_31_28_38_i_60/O
                         net (fo=1, routed)           0.010     8.263    u_tcb/mem_reg_0_31_28_38_i_60_n_53
    SLICE_X26Y177        CARRY8 (Prop_CARRY8_SLICEL_S[3]_CO[7])
                                                      0.195     8.458 r  u_tcb/mem_reg_0_31_28_38_i_46/CO[7]
                         net (fo=1, routed)           0.028     8.486    u_tcb/mem_reg_0_31_28_38_i_46_n_53
    SLICE_X26Y178        CARRY8 (Prop_CARRY8_SLICEL_CI_CO[7])
                                                      0.023     8.509 r  u_tcb/mem_reg_0_31_28_38_i_29/CO[7]
                         net (fo=1, routed)           0.028     8.537    u_tcb/mem_reg_0_31_28_38_i_29_n_53
    SLICE_X26Y179        CARRY8 (Prop_CARRY8_SLICEL_CI_O[7])
                                                      0.146     8.683 r  u_tcb/mem_reg_0_31_28_38_i_19/O[7]
                         net (fo=2, routed)           0.250     8.933    u_tcb/u_tcp_tx/ring_ovf12_out[31]
    SLICE_X25Y182        LUT3 (Prop_F6LUT_SLICEM_I2_O)
                                                      0.038     8.971 f  u_tcb/fc_rr[3]_i_7/O
                         net (fo=1, routed)           0.160     9.131    u_tcp_tx/fc_rr[3]_i_4
    SLICE_X25Y185        LUT6 (Prop_G6LUT_SLICEM_I0_O)
                                                      0.116     9.247 r  u_tcp_tx/fc_rr[3]_i_6/O
                         net (fo=37, routed)          0.228     9.475    u_tcp_tx/u_ackq/wscale_r_reg[14][0]_2
    SLICE_X23Y186        LUT5 (Prop_E5LUT_SLICEL_I3_O)
                                                      0.140     9.615 r  u_tcp_tx/u_ackq/rcv_nxt_r[0][31]_i_33/O
                         net (fo=1, routed)           0.210     9.825    u_tcp_tx/u_ackq/rcv_nxt_r[0][31]_i_33_n_53
    SLICE_X22Y187        LUT5 (Prop_B6LUT_SLICEL_I4_O)
                                                      0.177    10.002 r  u_tcp_tx/u_ackq/rcv_nxt_r[0][31]_i_15/O
                         net (fo=1, routed)           0.058    10.060    u_tcp_tx/u_ackq/tx_upd_id[0]
    SLICE_X22Y187        LUT3 (Prop_F6LUT_SLICEL_I0_O)
                                                      0.148    10.208 r  u_tcp_tx/u_ackq/rcv_nxt_r[0][31]_i_4/O
                         net (fo=114, routed)         0.425    10.633    u_tcp_tx/u_ackq/tcb_id[0]
    SLICE_X25Y194        LUT6 (Prop_B6LUT_SLICEM_I3_O)
                                                      0.100    10.733 r  u_tcp_tx/u_ackq/snd_wnd_r[5][15]_i_1/O
                         net (fo=16, routed)          0.493    11.227    u_tcb/snd_wnd_r_reg[5][15]_0[0]
    SLICE_X19Y201        FDCE                                         r  u_tcb/snd_wnd_r_reg[5][6]/CE
  -------------------------------------------------------------------    -------------------

                         (clock g_hw.clk_out0 rise edge)
                                                      6.400     6.400 r  
    T25                                               0.000     6.400 r  sys_clk_p (IN)
                         net (fo=0)                   0.079     6.479    u_clkgen/g_hw.u_ibufds/I
    HPIOBDIFFINBUF_X0Y37 DIFFINBUF (Prop_DIFFINBUF_HPIOBDIFFINBUF_DIFF_IN_P_O)
                                                      0.398     6.877 r  u_clkgen/g_hw.u_ibufds/DIFFINBUF_INST/O
                         net (fo=1, routed)           0.040     6.917    u_clkgen/g_hw.u_ibufds/OUT
    T25                  IBUFCTRL (Prop_IBUFCTRL_HPIOB_M_I_O)
                                                      0.000     6.917 r  u_clkgen/g_hw.u_ibufds/IBUFCTRL_INST/O
                         net (fo=1, routed)           0.304     7.221    u_clkgen/g_hw.clk_in_ibuf
    BUFGCE_X0Y32         BUFGCE (Prop_BUFCE_BUFGCE_I_O)
                                                      0.024     7.245 r  u_clkgen/g_hw.u_bufg_in/O
                         net (fo=485, routed)         1.317     8.562    u_clkgen/clk_in_100
    MMCM_X0Y1            MMCME4_ADV (Prop_MMCM_CLKIN1_CLKOUT0)
                                                      0.644     9.206 r  u_clkgen/g_hw.u_mmcm/CLKOUT0
                         net (fo=1, routed)           0.228     9.434    u_clkgen/g_hw.clk_out0
    BUFGCE_X0Y34         BUFGCE (Prop_BUFCE_BUFGCE_I_O)
                                                      0.024     9.458 r  u_clkgen/g_hw.u_bufg_out/O
    X1Y3 (CLOCK_ROOT)    net (fo=50443, routed)       2.352    11.810    u_tcb/dp_clk
    SLICE_X19Y201        FDCE                                         r  u_tcb/snd_wnd_r_reg[5][6]/C
                         clock pessimism             -0.304    11.506    
                         clock uncertainty           -0.062    11.444    
    SLICE_X19Y201        FDCE (Setup_EFF_SLICEL_C_CE)
                                                     -0.043    11.401    u_tcb/snd_wnd_r_reg[5][6]
  -------------------------------------------------------------------
                         required time                         11.401    
                         arrival time                         -11.227    
  -------------------------------------------------------------------
                         slack                                  0.174    

Slack (MET) :             0.179ns  (required time - arrival time)
  Source:                 u_tcp_tx/tick_cnt_reg[2]/C
                            (rising edge-triggered cell FDCE clocked by g_hw.clk_out0  {rise@0.000ns fall@3.200ns period=6.400ns})
  Destination:            u_tcb/snd_wnd_r_reg[4][13]/CE
                            (rising edge-triggered cell FDCE clocked by g_hw.clk_out0  {rise@0.000ns fall@3.200ns period=6.400ns})
  Path Group:             g_hw.clk_out0
  Path Type:              Setup (Max at Slow Process Corner)
  Requirement:            6.400ns  (g_hw.clk_out0 rise@6.400ns - g_hw.clk_out0 rise@0.000ns)
  Data Path Delay:        5.987ns  (logic 1.923ns (32.120%)  route 4.064ns (67.880%))
  Logic Levels:           16  (CARRY8=3 LUT2=1 LUT3=2 LUT4=1 LUT5=2 LUT6=7)
  Clock Path Skew:        -0.129ns (DCD - SCD + CPR)
    Destination Clock Delay (DCD):    5.406ns = ( 11.806 - 6.400 ) 
    Source Clock Delay      (SCD):    5.231ns
    Clock Pessimism Removal (CPR):    -0.304ns
  Clock Uncertainty:      0.062ns  ((TSJ^2 + DJ^2)^1/2) / 2 + PE
    Total System Jitter     (TSJ):    0.071ns
    Discrete Jitter          (DJ):    0.101ns
    Phase Error              (PE):    0.000ns
  Clock Net Delay (Source):      2.579ns (routing 1.064ns, distribution 1.515ns)
  Clock Net Delay (Destination): 2.348ns (routing 0.965ns, distribution 1.383ns)

    Location             Delay type                Incr(ns)  Path(ns)    Netlist Resource(s)
  -------------------------------------------------------------------    -------------------
                         (clock g_hw.clk_out0 rise edge)
                                                      0.000     0.000 r  
    T25                                               0.000     0.000 r  sys_clk_p (IN)
                         net (fo=0)                   0.100     0.100    u_clkgen/g_hw.u_ibufds/I
    HPIOBDIFFINBUF_X0Y37 DIFFINBUF (Prop_DIFFINBUF_HPIOBDIFFINBUF_DIFF_IN_P_O)
                                                      0.479     0.579 r  u_clkgen/g_hw.u_ibufds/DIFFINBUF_INST/O
                         net (fo=1, routed)           0.050     0.629    u_clkgen/g_hw.u_ibufds/OUT
    T25                  IBUFCTRL (Prop_IBUFCTRL_HPIOB_M_I_O)
                                                      0.000     0.629 r  u_clkgen/g_hw.u_ibufds/IBUFCTRL_INST/O
                         net (fo=1, routed)           0.343     0.972    u_clkgen/g_hw.clk_in_ibuf
    BUFGCE_X0Y32         BUFGCE (Prop_BUFCE_BUFGCE_I_O)
                                                      0.028     1.000 r  u_clkgen/g_hw.u_bufg_in/O
                         net (fo=485, routed)         1.474     2.474    u_clkgen/clk_in_100
    MMCM_X0Y1            MMCME4_ADV (Prop_MMCM_CLKIN1_CLKOUT0)
                                                     -0.106     2.368 r  u_clkgen/g_hw.u_mmcm/CLKOUT0
                         net (fo=1, routed)           0.256     2.624    u_clkgen/g_hw.clk_out0
    BUFGCE_X0Y34         BUFGCE (Prop_BUFCE_BUFGCE_I_O)
                                                      0.028     2.652 r  u_clkgen/g_hw.u_bufg_out/O
    X1Y3 (CLOCK_ROOT)    net (fo=50443, routed)       2.579     5.231    u_tcp_tx/dp_clk
    SLICE_X45Y166        FDCE                                         r  u_tcp_tx/tick_cnt_reg[2]/C
  -------------------------------------------------------------------    -------------------
    SLICE_X45Y166        FDCE (Prop_CFF2_SLICEL_C_Q)
                                                      0.097     5.328 f  u_tcp_tx/tick_cnt_reg[2]/Q
                         net (fo=5, routed)           0.186     5.513    u_tcp_tx/u_retx/scan_id_reg[3][2]
    SLICE_X45Y166        LUT4 (Prop_F6LUT_SLICEL_I3_O)
                                                      0.148     5.661 r  u_tcp_tx/u_retx/scan_id[3]_i_4__0/O
                         net (fo=3, routed)           0.437     6.098    u_tcp_tx/u_csum/scan_id_reg[3]_3
    SLICE_X36Y172        LUT6 (Prop_G6LUT_SLICEL_I5_O)
                                                      0.038     6.136 f  u_tcp_tx/u_csum/scan_id[3]_i_1__0/O
                         net (fo=422, routed)         0.229     6.365    u_tcp_tx/u_fifo_b/ctrl_doff_reg[3]_0[0]
    SLICE_X38Y174        LUT6 (Prop_C6LUT_SLICEL_I4_O)
                                                      0.148     6.513 r  u_tcp_tx/u_fifo_b/ctrl_doff[3]_i_1/O
                         net (fo=104, routed)         0.282     6.795    u_tcp_tx/u_ackq/ctrl_ack_reg[0]
    SLICE_X36Y175        LUT6 (Prop_E6LUT_SLICEL_I4_O)
                                                      0.100     6.895 r  u_tcp_tx/u_ackq/f_seq[1][31]_i_9/O
                         net (fo=94, routed)          0.577     7.472    u_tcb/cam_rd_id[1]
    SLICE_X25Y181        LUT6 (Prop_C6LUT_SLICEM_I2_O)
                                                      0.098     7.570 r  u_tcb/f_seq[1][11]_i_2/O
                         net (fo=3, routed)           0.200     7.770    u_tcb/f_seq[1][11]_i_2_n_53
    SLICE_X25Y181        LUT6 (Prop_H6LUT_SLICEM_I0_O)
                                                      0.182     7.952 r  u_tcb/f_seq[1][11]_i_1/O
                         net (fo=20, routed)          0.238     8.190    u_tcb/D[11]
    SLICE_X26Y177        LUT2 (Prop_D6LUT_SLICEL_I0_O)
                                                      0.063     8.253 r  u_tcb/mem_reg_0_31_28_38_i_60/O
                         net (fo=1, routed)           0.010     8.263    u_tcb/mem_reg_0_31_28_38_i_60_n_53
    SLICE_X26Y177        CARRY8 (Prop_CARRY8_SLICEL_S[3]_CO[7])
                                                      0.195     8.458 r  u_tcb/mem_reg_0_31_28_38_i_46/CO[7]
                         net (fo=1, routed)           0.028     8.486    u_tcb/mem_reg_0_31_28_38_i_46_n_53
    SLICE_X26Y178        CARRY8 (Prop_CARRY8_SLICEL_CI_CO[7])
                                                      0.023     8.509 r  u_tcb/mem_reg_0_31_28_38_i_29/CO[7]
                         net (fo=1, routed)           0.028     8.537    u_tcb/mem_reg_0_31_28_38_i_29_n_53
    SLICE_X26Y179        CARRY8 (Prop_CARRY8_SLICEL_CI_O[7])
                                                      0.146     8.683 r  u_tcb/mem_reg_0_31_28_38_i_19/O[7]
                         net (fo=2, routed)           0.250     8.933    u_tcb/u_tcp_tx/ring_ovf12_out[31]
    SLICE_X25Y182        LUT3 (Prop_F6LUT_SLICEM_I2_O)
                                                      0.038     8.971 f  u_tcb/fc_rr[3]_i_7/O
                         net (fo=1, routed)           0.160     9.131    u_tcp_tx/fc_rr[3]_i_4
    SLICE_X25Y185        LUT6 (Prop_G6LUT_SLICEM_I0_O)
                                                      0.116     9.247 r  u_tcp_tx/fc_rr[3]_i_6/O
                         net (fo=37, routed)          0.228     9.475    u_tcp_tx/u_ackq/wscale_r_reg[14][0]_2
    SLICE_X23Y186        LUT5 (Prop_E5LUT_SLICEL_I3_O)
                                                      0.140     9.615 f  u_tcp_tx/u_ackq/rcv_nxt_r[0][31]_i_33/O
                         net (fo=1, routed)           0.210     9.825    u_tcp_tx/u_ackq/rcv_nxt_r[0][31]_i_33_n_53
    SLICE_X22Y187        LUT5 (Prop_B6LUT_SLICEL_I4_O)
                                                      0.177    10.002 f  u_tcp_tx/u_ackq/rcv_nxt_r[0][31]_i_15/O
                         net (fo=1, routed)           0.058    10.060    u_tcp_tx/u_ackq/tx_upd_id[0]
    SLICE_X22Y187        LUT3 (Prop_F6LUT_SLICEL_I0_O)
                                                      0.148    10.208 f  u_tcp_tx/u_ackq/rcv_nxt_r[0][31]_i_4/O
                         net (fo=114, routed)         0.571    10.779    u_tcp_tx/u_ackq/tcb_id[0]
    SLICE_X25Y193        LUT6 (Prop_H6LUT_SLICEM_I2_O)
                                                      0.066    10.845 r  u_tcp_tx/u_ackq/snd_wnd_r[4][15]_i_1/O
                         net (fo=16, routed)          0.372    11.218    u_tcb/snd_wnd_r_reg[4][15]_0[0]
    SLICE_X22Y197        FDCE                                         r  u_tcb/snd_wnd_r_reg[4][13]/CE
  -------------------------------------------------------------------    -------------------

                         (clock g_hw.clk_out0 rise edge)
                                                      6.400     6.400 r  
    T25                                               0.000     6.400 r  sys_clk_p (IN)
                         net (fo=0)                   0.079     6.479    u_clkgen/g_hw.u_ibufds/I
    HPIOBDIFFINBUF_X0Y37 DIFFINBUF (Prop_DIFFINBUF_HPIOBDIFFINBUF_DIFF_IN_P_O)
                                                      0.398     6.877 r  u_clkgen/g_hw.u_ibufds/DIFFINBUF_INST/O
                         net (fo=1, routed)           0.040     6.917    u_clkgen/g_hw.u_ibufds/OUT
    T25                  IBUFCTRL (Prop_IBUFCTRL_HPIOB_M_I_O)
                                                      0.000     6.917 r  u_clkgen/g_hw.u_ibufds/IBUFCTRL_INST/O
                         net (fo=1, routed)           0.304     7.221    u_clkgen/g_hw.clk_in_ibuf
    BUFGCE_X0Y32         BUFGCE (Prop_BUFCE_BUFGCE_I_O)
                                                      0.024     7.245 r  u_clkgen/g_hw.u_bufg_in/O
                         net (fo=485, routed)         1.317     8.562    u_clkgen/clk_in_100
    MMCM_X0Y1            MMCME4_ADV (Prop_MMCM_CLKIN1_CLKOUT0)
                                                      0.644     9.206 r  u_clkgen/g_hw.u_mmcm/CLKOUT0
                         net (fo=1, routed)           0.228     9.434    u_clkgen/g_hw.clk_out0
    BUFGCE_X0Y34         BUFGCE (Prop_BUFCE_BUFGCE_I_O)
                                                      0.024     9.458 r  u_clkgen/g_hw.u_bufg_out/O
    X1Y3 (CLOCK_ROOT)    net (fo=50443, routed)       2.348    11.806    u_tcb/dp_clk
    SLICE_X22Y197        FDCE                                         r  u_tcb/snd_wnd_r_reg[4][13]/C
                         clock pessimism             -0.304    11.502    
                         clock uncertainty           -0.062    11.440    
    SLICE_X22Y197        FDCE (Setup_HFF_SLICEL_C_CE)
                                                     -0.043    11.397    u_tcb/snd_wnd_r_reg[4][13]
  -------------------------------------------------------------------
                         required time                         11.397    
                         arrival time                         -11.218    
  -------------------------------------------------------------------
                         slack                                  0.179    

Slack (MET) :             0.179ns  (required time - arrival time)
  Source:                 u_tcp_tx/tick_cnt_reg[2]/C
                            (rising edge-triggered cell FDCE clocked by g_hw.clk_out0  {rise@0.000ns fall@3.200ns period=6.400ns})
  Destination:            u_tcb/snd_wnd_r_reg[4][15]/CE
                            (rising edge-triggered cell FDCE clocked by g_hw.clk_out0  {rise@0.000ns fall@3.200ns period=6.400ns})
  Path Group:             g_hw.clk_out0
  Path Type:              Setup (Max at Slow Process Corner)
  Requirement:            6.400ns  (g_hw.clk_out0 rise@6.400ns - g_hw.clk_out0 rise@0.000ns)
  Data Path Delay:        5.987ns  (logic 1.923ns (32.120%)  route 4.064ns (67.880%))
  Logic Levels:           16  (CARRY8=3 LUT2=1 LUT3=2 LUT4=1 LUT5=2 LUT6=7)
  Clock Path Skew:        -0.129ns (DCD - SCD + CPR)
    Destination Clock Delay (DCD):    5.406ns = ( 11.806 - 6.400 ) 
    Source Clock Delay      (SCD):    5.231ns
    Clock Pessimism Removal (CPR):    -0.304ns
  Clock Uncertainty:      0.062ns  ((TSJ^2 + DJ^2)^1/2) / 2 + PE
    Total System Jitter     (TSJ):    0.071ns
    Discrete Jitter          (DJ):    0.101ns
    Phase Error              (PE):    0.000ns
  Clock Net Delay (Source):      2.579ns (routing 1.064ns, distribution 1.515ns)
  Clock Net Delay (Destination): 2.348ns (routing 0.965ns, distribution 1.383ns)

    Location             Delay type                Incr(ns)  Path(ns)    Netlist Resource(s)
  -------------------------------------------------------------------    -------------------
                         (clock g_hw.clk_out0 rise edge)
                                                      0.000     0.000 r  
    T25                                               0.000     0.000 r  sys_clk_p (IN)
                         net (fo=0)                   0.100     0.100    u_clkgen/g_hw.u_ibufds/I
    HPIOBDIFFINBUF_X0Y37 DIFFINBUF (Prop_DIFFINBUF_HPIOBDIFFINBUF_DIFF_IN_P_O)
                                                      0.479     0.579 r  u_clkgen/g_hw.u_ibufds/DIFFINBUF_INST/O
                         net (fo=1, routed)           0.050     0.629    u_clkgen/g_hw.u_ibufds/OUT
    T25                  IBUFCTRL (Prop_IBUFCTRL_HPIOB_M_I_O)
                                                      0.000     0.629 r  u_clkgen/g_hw.u_ibufds/IBUFCTRL_INST/O
                         net (fo=1, routed)           0.343     0.972    u_clkgen/g_hw.clk_in_ibuf
    BUFGCE_X0Y32         BUFGCE (Prop_BUFCE_BUFGCE_I_O)
                                                      0.028     1.000 r  u_clkgen/g_hw.u_bufg_in/O
                         net (fo=485, routed)         1.474     2.474    u_clkgen/clk_in_100
    MMCM_X0Y1            MMCME4_ADV (Prop_MMCM_CLKIN1_CLKOUT0)
                                                     -0.106     2.368 r  u_clkgen/g_hw.u_mmcm/CLKOUT0
                         net (fo=1, routed)           0.256     2.624    u_clkgen/g_hw.clk_out0
    BUFGCE_X0Y34         BUFGCE (Prop_BUFCE_BUFGCE_I_O)
                                                      0.028     2.652 r  u_clkgen/g_hw.u_bufg_out/O
    X1Y3 (CLOCK_ROOT)    net (fo=50443, routed)       2.579     5.231    u_tcp_tx/dp_clk
    SLICE_X45Y166        FDCE                                         r  u_tcp_tx/tick_cnt_reg[2]/C
  -------------------------------------------------------------------    -------------------
    SLICE_X45Y166        FDCE (Prop_CFF2_SLICEL_C_Q)
                                                      0.097     5.328 f  u_tcp_tx/tick_cnt_reg[2]/Q
                         net (fo=5, routed)           0.186     5.513    u_tcp_tx/u_retx/scan_id_reg[3][2]
    SLICE_X45Y166        LUT4 (Prop_F6LUT_SLICEL_I3_O)
                                                      0.148     5.661 r  u_tcp_tx/u_retx/scan_id[3]_i_4__0/O
                         net (fo=3, routed)           0.437     6.098    u_tcp_tx/u_csum/scan_id_reg[3]_3
    SLICE_X36Y172        LUT6 (Prop_G6LUT_SLICEL_I5_O)
                                                      0.038     6.136 f  u_tcp_tx/u_csum/scan_id[3]_i_1__0/O
                         net (fo=422, routed)         0.229     6.365    u_tcp_tx/u_fifo_b/ctrl_doff_reg[3]_0[0]
    SLICE_X38Y174        LUT6 (Prop_C6LUT_SLICEL_I4_O)
                                                      0.148     6.513 r  u_tcp_tx/u_fifo_b/ctrl_doff[3]_i_1/O
                         net (fo=104, routed)         0.282     6.795    u_tcp_tx/u_ackq/ctrl_ack_reg[0]
    SLICE_X36Y175        LUT6 (Prop_E6LUT_SLICEL_I4_O)
                                                      0.100     6.895 r  u_tcp_tx/u_ackq/f_seq[1][31]_i_9/O
                         net (fo=94, routed)          0.577     7.472    u_tcb/cam_rd_id[1]
    SLICE_X25Y181        LUT6 (Prop_C6LUT_SLICEM_I2_O)
                                                      0.098     7.570 r  u_tcb/f_seq[1][11]_i_2/O
                         net (fo=3, routed)           0.200     7.770    u_tcb/f_seq[1][11]_i_2_n_53
    SLICE_X25Y181        LUT6 (Prop_H6LUT_SLICEM_I0_O)
                                                      0.182     7.952 r  u_tcb/f_seq[1][11]_i_1/O
                         net (fo=20, routed)          0.238     8.190    u_tcb/D[11]
    SLICE_X26Y177        LUT2 (Prop_D6LUT_SLICEL_I0_O)
                                                      0.063     8.253 r  u_tcb/mem_reg_0_31_28_38_i_60/O
                         net (fo=1, routed)           0.010     8.263    u_tcb/mem_reg_0_31_28_38_i_60_n_53
    SLICE_X26Y177        CARRY8 (Prop_CARRY8_SLICEL_S[3]_CO[7])
                                                      0.195     8.458 r  u_tcb/mem_reg_0_31_28_38_i_46/CO[7]
                         net (fo=1, routed)           0.028     8.486    u_tcb/mem_reg_0_31_28_38_i_46_n_53
    SLICE_X26Y178        CARRY8 (Prop_CARRY8_SLICEL_CI_CO[7])
                                                      0.023     8.509 r  u_tcb/mem_reg_0_31_28_38_i_29/CO[7]
                         net (fo=1, routed)           0.028     8.537    u_tcb/mem_reg_0_31_28_38_i_29_n_53
    SLICE_X26Y179        CARRY8 (Prop_CARRY8_SLICEL_CI_O[7])
                                                      0.146     8.683 r  u_tcb/mem_reg_0_31_28_38_i_19/O[7]
                         net (fo=2, routed)           0.250     8.933    u_tcb/u_tcp_tx/ring_ovf12_out[31]
    SLICE_X25Y182        LUT3 (Prop_F6LUT_SLICEM_I2_O)
                                                      0.038     8.971 f  u_tcb/fc_rr[3]_i_7/O
                         net (fo=1, routed)           0.160     9.131    u_tcp_tx/fc_rr[3]_i_4
    SLICE_X25Y185        LUT6 (Prop_G6LUT_SLICEM_I0_O)
                                                      0.116     9.247 r  u_tcp_tx/fc_rr[3]_i_6/O
                         net (fo=37, routed)          0.228     9.475    u_tcp_tx/u_ackq/wscale_r_reg[14][0]_2
    SLICE_X23Y186        LUT5 (Prop_E5LUT_SLICEL_I3_O)
                                                      0.140     9.615 f  u_tcp_tx/u_ackq/rcv_nxt_r[0][31]_i_33/O
                         net (fo=1, routed)           0.210     9.825    u_tcp_tx/u_ackq/rcv_nxt_r[0][31]_i_33_n_53
    SLICE_X22Y187        LUT5 (Prop_B6LUT_SLICEL_I4_O)
                                                      0.177    10.002 f  u_tcp_tx/u_ackq/rcv_nxt_r[0][31]_i_15/O
                         net (fo=1, routed)           0.058    10.060    u_tcp_tx/u_ackq/tx_upd_id[0]
    SLICE_X22Y187        LUT3 (Prop_F6LUT_SLICEL_I0_O)
                                                      0.148    10.208 f  u_tcp_tx/u_ackq/rcv_nxt_r[0][31]_i_4/O
                         net (fo=114, routed)         0.571    10.779    u_tcp_tx/u_ackq/tcb_id[0]
    SLICE_X25Y193        LUT6 (Prop_H6LUT_SLICEM_I2_O)
                                                      0.066    10.845 r  u_tcp_tx/u_ackq/snd_wnd_r[4][15]_i_1/O
                         net (fo=16, routed)          0.372    11.218    u_tcb/snd_wnd_r_reg[4][15]_0[0]
    SLICE_X22Y197        FDCE                                         r  u_tcb/snd_wnd_r_reg[4][15]/CE
  -------------------------------------------------------------------    -------------------

                         (clock g_hw.clk_out0 rise edge)
                                                      6.400     6.400 r  
    T25                                               0.000     6.400 r  sys_clk_p (IN)
                         net (fo=0)                   0.079     6.479    u_clkgen/g_hw.u_ibufds/I
    HPIOBDIFFINBUF_X0Y37 DIFFINBUF (Prop_DIFFINBUF_HPIOBDIFFINBUF_DIFF_IN_P_O)
                                                      0.398     6.877 r  u_clkgen/g_hw.u_ibufds/DIFFINBUF_INST/O
                         net (fo=1, routed)           0.040     6.917    u_clkgen/g_hw.u_ibufds/OUT
    T25                  IBUFCTRL (Prop_IBUFCTRL_HPIOB_M_I_O)
                                                      0.000     6.917 r  u_clkgen/g_hw.u_ibufds/IBUFCTRL_INST/O
                         net (fo=1, routed)           0.304     7.221    u_clkgen/g_hw.clk_in_ibuf
    BUFGCE_X0Y32         BUFGCE (Prop_BUFCE_BUFGCE_I_O)
                                                      0.024     7.245 r  u_clkgen/g_hw.u_bufg_in/O
                         net (fo=485, routed)         1.317     8.562    u_clkgen/clk_in_100
    MMCM_X0Y1            MMCME4_ADV (Prop_MMCM_CLKIN1_CLKOUT0)
                                                      0.644     9.206 r  u_clkgen/g_hw.u_mmcm/CLKOUT0
                         net (fo=1, routed)           0.228     9.434    u_clkgen/g_hw.clk_out0
    BUFGCE_X0Y34         BUFGCE (Prop_BUFCE_BUFGCE_I_O)
                                                      0.024     9.458 r  u_clkgen/g_hw.u_bufg_out/O
    X1Y3 (CLOCK_ROOT)    net (fo=50443, routed)       2.348    11.806    u_tcb/dp_clk
    SLICE_X22Y197        FDCE                                         r  u_tcb/snd_wnd_r_reg[4][15]/C
                         clock pessimism             -0.304    11.502    
                         clock uncertainty           -0.062    11.440    
    SLICE_X22Y197        FDCE (Setup_GFF_SLICEL_C_CE)
                                                     -0.043    11.397    u_tcb/snd_wnd_r_reg[4][15]
  -------------------------------------------------------------------
                         required time                         11.397    
                         arrival time                         -11.218    
  -------------------------------------------------------------------
                         slack                                  0.179    

Slack (MET) :             0.179ns  (required time - arrival time)
  Source:                 u_tcp_tx/tick_cnt_reg[2]/C
                            (rising edge-triggered cell FDCE clocked by g_hw.clk_out0  {rise@0.000ns fall@3.200ns period=6.400ns})
  Destination:            u_tcb/snd_wnd_r_reg[4][5]/CE
                            (rising edge-triggered cell FDCE clocked by g_hw.clk_out0  {rise@0.000ns fall@3.200ns period=6.400ns})
  Path Group:             g_hw.clk_out0
  Path Type:              Setup (Max at Slow Process Corner)
  Requirement:            6.400ns  (g_hw.clk_out0 rise@6.400ns - g_hw.clk_out0 rise@0.000ns)
  Data Path Delay:        5.987ns  (logic 1.923ns (32.120%)  route 4.064ns (67.880%))
  Logic Levels:           16  (CARRY8=3 LUT2=1 LUT3=2 LUT4=1 LUT5=2 LUT6=7)
  Clock Path Skew:        -0.129ns (DCD - SCD + CPR)
    Destination Clock Delay (DCD):    5.406ns = ( 11.806 - 6.400 ) 
    Source Clock Delay      (SCD):    5.231ns
    Clock Pessimism Removal (CPR):    -0.304ns
  Clock Uncertainty:      0.062ns  ((TSJ^2 + DJ^2)^1/2) / 2 + PE
    Total System Jitter     (TSJ):    0.071ns
    Discrete Jitter          (DJ):    0.101ns
    Phase Error              (PE):    0.000ns
  Clock Net Delay (Source):      2.579ns (routing 1.064ns, distribution 1.515ns)
  Clock Net Delay (Destination): 2.348ns (routing 0.965ns, distribution 1.383ns)

    Location             Delay type                Incr(ns)  Path(ns)    Netlist Resource(s)
  -------------------------------------------------------------------    -------------------
                         (clock g_hw.clk_out0 rise edge)
                                                      0.000     0.000 r  
    T25                                               0.000     0.000 r  sys_clk_p (IN)
                         net (fo=0)                   0.100     0.100    u_clkgen/g_hw.u_ibufds/I
    HPIOBDIFFINBUF_X0Y37 DIFFINBUF (Prop_DIFFINBUF_HPIOBDIFFINBUF_DIFF_IN_P_O)
                                                      0.479     0.579 r  u_clkgen/g_hw.u_ibufds/DIFFINBUF_INST/O
                         net (fo=1, routed)           0.050     0.629    u_clkgen/g_hw.u_ibufds/OUT
    T25                  IBUFCTRL (Prop_IBUFCTRL_HPIOB_M_I_O)
                                                      0.000     0.629 r  u_clkgen/g_hw.u_ibufds/IBUFCTRL_INST/O
                         net (fo=1, routed)           0.343     0.972    u_clkgen/g_hw.clk_in_ibuf
    BUFGCE_X0Y32         BUFGCE (Prop_BUFCE_BUFGCE_I_O)
                                                      0.028     1.000 r  u_clkgen/g_hw.u_bufg_in/O
                         net (fo=485, routed)         1.474     2.474    u_clkgen/clk_in_100
    MMCM_X0Y1            MMCME4_ADV (Prop_MMCM_CLKIN1_CLKOUT0)
                                                     -0.106     2.368 r  u_clkgen/g_hw.u_mmcm/CLKOUT0
                         net (fo=1, routed)           0.256     2.624    u_clkgen/g_hw.clk_out0
    BUFGCE_X0Y34         BUFGCE (Prop_BUFCE_BUFGCE_I_O)
                                                      0.028     2.652 r  u_clkgen/g_hw.u_bufg_out/O
    X1Y3 (CLOCK_ROOT)    net (fo=50443, routed)       2.579     5.231    u_tcp_tx/dp_clk
    SLICE_X45Y166        FDCE                                         r  u_tcp_tx/tick_cnt_reg[2]/C
  -------------------------------------------------------------------    -------------------
    SLICE_X45Y166        FDCE (Prop_CFF2_SLICEL_C_Q)
                                                      0.097     5.328 f  u_tcp_tx/tick_cnt_reg[2]/Q
                         net (fo=5, routed)           0.186     5.513    u_tcp_tx/u_retx/scan_id_reg[3][2]
    SLICE_X45Y166        LUT4 (Prop_F6LUT_SLICEL_I3_O)
                                                      0.148     5.661 r  u_tcp_tx/u_retx/scan_id[3]_i_4__0/O
                         net (fo=3, routed)           0.437     6.098    u_tcp_tx/u_csum/scan_id_reg[3]_3
    SLICE_X36Y172        LUT6 (Prop_G6LUT_SLICEL_I5_O)
                                                      0.038     6.136 f  u_tcp_tx/u_csum/scan_id[3]_i_1__0/O
                         net (fo=422, routed)         0.229     6.365    u_tcp_tx/u_fifo_b/ctrl_doff_reg[3]_0[0]
    SLICE_X38Y174        LUT6 (Prop_C6LUT_SLICEL_I4_O)
                                                      0.148     6.513 r  u_tcp_tx/u_fifo_b/ctrl_doff[3]_i_1/O
                         net (fo=104, routed)         0.282     6.795    u_tcp_tx/u_ackq/ctrl_ack_reg[0]
    SLICE_X36Y175        LUT6 (Prop_E6LUT_SLICEL_I4_O)
                                                      0.100     6.895 r  u_tcp_tx/u_ackq/f_seq[1][31]_i_9/O
                         net (fo=94, routed)          0.577     7.472    u_tcb/cam_rd_id[1]
    SLICE_X25Y181        LUT6 (Prop_C6LUT_SLICEM_I2_O)
                                                      0.098     7.570 r  u_tcb/f_seq[1][11]_i_2/O
                         net (fo=3, routed)           0.200     7.770    u_tcb/f_seq[1][11]_i_2_n_53
    SLICE_X25Y181        LUT6 (Prop_H6LUT_SLICEM_I0_O)
                                                      0.182     7.952 r  u_tcb/f_seq[1][11]_i_1/O
                         net (fo=20, routed)          0.238     8.190    u_tcb/D[11]
    SLICE_X26Y177        LUT2 (Prop_D6LUT_SLICEL_I0_O)
                                                      0.063     8.253 r  u_tcb/mem_reg_0_31_28_38_i_60/O
                         net (fo=1, routed)           0.010     8.263    u_tcb/mem_reg_0_31_28_38_i_60_n_53
    SLICE_X26Y177        CARRY8 (Prop_CARRY8_SLICEL_S[3]_CO[7])
                                                      0.195     8.458 r  u_tcb/mem_reg_0_31_28_38_i_46/CO[7]
                         net (fo=1, routed)           0.028     8.486    u_tcb/mem_reg_0_31_28_38_i_46_n_53
    SLICE_X26Y178        CARRY8 (Prop_CARRY8_SLICEL_CI_CO[7])
                                                      0.023     8.509 r  u_tcb/mem_reg_0_31_28_38_i_29/CO[7]
                         net (fo=1, routed)           0.028     8.537    u_tcb/mem_reg_0_31_28_38_i_29_n_53
    SLICE_X26Y179        CARRY8 (Prop_CARRY8_SLICEL_CI_O[7])
                                                      0.146     8.683 r  u_tcb/mem_reg_0_31_28_38_i_19/O[7]
                         net (fo=2, routed)           0.250     8.933    u_tcb/u_tcp_tx/ring_ovf12_out[31]
    SLICE_X25Y182        LUT3 (Prop_F6LUT_SLICEM_I2_O)
                                                      0.038     8.971 f  u_tcb/fc_rr[3]_i_7/O
                         net (fo=1, routed)           0.160     9.131    u_tcp_tx/fc_rr[3]_i_4
    SLICE_X25Y185        LUT6 (Prop_G6LUT_SLICEM_I0_O)
                                                      0.116     9.247 r  u_tcp_tx/fc_rr[3]_i_6/O
                         net (fo=37, routed)          0.228     9.475    u_tcp_tx/u_ackq/wscale_r_reg[14][0]_2
    SLICE_X23Y186        LUT5 (Prop_E5LUT_SLICEL_I3_O)
                                                      0.140     9.615 f  u_tcp_tx/u_ackq/rcv_nxt_r[0][31]_i_33/O
                         net (fo=1, routed)           0.210     9.825    u_tcp_tx/u_ackq/rcv_nxt_r[0][31]_i_33_n_53
    SLICE_X22Y187        LUT5 (Prop_B6LUT_SLICEL_I4_O)
                                                      0.177    10.002 f  u_tcp_tx/u_ackq/rcv_nxt_r[0][31]_i_15/O
                         net (fo=1, routed)           0.058    10.060    u_tcp_tx/u_ackq/tx_upd_id[0]
    SLICE_X22Y187        LUT3 (Prop_F6LUT_SLICEL_I0_O)
                                                      0.148    10.208 f  u_tcp_tx/u_ackq/rcv_nxt_r[0][31]_i_4/O
                         net (fo=114, routed)         0.571    10.779    u_tcp_tx/u_ackq/tcb_id[0]
    SLICE_X25Y193        LUT6 (Prop_H6LUT_SLICEM_I2_O)
                                                      0.066    10.845 r  u_tcp_tx/u_ackq/snd_wnd_r[4][15]_i_1/O
                         net (fo=16, routed)          0.372    11.218    u_tcb/snd_wnd_r_reg[4][15]_0[0]
    SLICE_X22Y197        FDCE                                         r  u_tcb/snd_wnd_r_reg[4][5]/CE
  -------------------------------------------------------------------    -------------------

                         (clock g_hw.clk_out0 rise edge)
                                                      6.400     6.400 r  
    T25                                               0.000     6.400 r  sys_clk_p (IN)
                         net (fo=0)                   0.079     6.479    u_clkgen/g_hw.u_ibufds/I
    HPIOBDIFFINBUF_X0Y37 DIFFINBUF (Prop_DIFFINBUF_HPIOBDIFFINBUF_DIFF_IN_P_O)
                                                      0.398     6.877 r  u_clkgen/g_hw.u_ibufds/DIFFINBUF_INST/O
                         net (fo=1, routed)           0.040     6.917    u_clkgen/g_hw.u_ibufds/OUT
    T25                  IBUFCTRL (Prop_IBUFCTRL_HPIOB_M_I_O)
                                                      0.000     6.917 r  u_clkgen/g_hw.u_ibufds/IBUFCTRL_INST/O
                         net (fo=1, routed)           0.304     7.221    u_clkgen/g_hw.clk_in_ibuf
    BUFGCE_X0Y32         BUFGCE (Prop_BUFCE_BUFGCE_I_O)
                                                      0.024     7.245 r  u_clkgen/g_hw.u_bufg_in/O
                         net (fo=485, routed)         1.317     8.562    u_clkgen/clk_in_100
    MMCM_X0Y1            MMCME4_ADV (Prop_MMCM_CLKIN1_CLKOUT0)
                                                      0.644     9.206 r  u_clkgen/g_hw.u_mmcm/CLKOUT0
                         net (fo=1, routed)           0.228     9.434    u_clkgen/g_hw.clk_out0
    BUFGCE_X0Y34         BUFGCE (Prop_BUFCE_BUFGCE_I_O)
                                                      0.024     9.458 r  u_clkgen/g_hw.u_bufg_out/O
    X1Y3 (CLOCK_ROOT)    net (fo=50443, routed)       2.348    11.806    u_tcb/dp_clk
    SLICE_X22Y197        FDCE                                         r  u_tcb/snd_wnd_r_reg[4][5]/C
                         clock pessimism             -0.304    11.502    
                         clock uncertainty           -0.062    11.440    
    SLICE_X22Y197        FDCE (Setup_FFF_SLICEL_C_CE)
                                                     -0.043    11.397    u_tcb/snd_wnd_r_reg[4][5]
  -------------------------------------------------------------------
                         required time                         11.397    
                         arrival time                         -11.218    
  -------------------------------------------------------------------
                         slack                                  0.179    

Slack (MET) :             0.180ns  (required time - arrival time)
  Source:                 u_tcp_tx/u_retx/g_byte[1].mem_o_reg_7_bram_8/CLKBWRCLK
                            (rising edge-triggered cell RAMB36E2 clocked by g_hw.clk_out0  {rise@0.000ns fall@3.200ns period=6.400ns})
  Destination:            u_tcp_tx/ring_d_r_reg[57]/D
                            (rising edge-triggered cell FDCE clocked by g_hw.clk_out0  {rise@0.000ns fall@3.200ns period=6.400ns})
  Path Group:             g_hw.clk_out0
  Path Type:              Setup (Max at Slow Process Corner)
  Requirement:            6.400ns  (g_hw.clk_out0 rise@6.400ns - g_hw.clk_out0 rise@0.000ns)
  Data Path Delay:        5.571ns  (logic 2.883ns (51.752%)  route 2.688ns (48.248%))
  Logic Levels:           10  (LUT4=1 LUT6=2 RAMB36E2=7)
  Clock Path Skew:        -0.615ns (DCD - SCD + CPR)
    Destination Clock Delay (DCD):    5.331ns = ( 11.731 - 6.400 ) 
    Source Clock Delay      (SCD):    5.641ns
    Clock Pessimism Removal (CPR):    -0.304ns
  Clock Uncertainty:      0.062ns  ((TSJ^2 + DJ^2)^1/2) / 2 + PE
    Total System Jitter     (TSJ):    0.071ns
    Discrete Jitter          (DJ):    0.101ns
    Phase Error              (PE):    0.000ns
  Clock Net Delay (Source):      2.990ns (routing 1.064ns, distribution 1.926ns)
  Clock Net Delay (Destination): 2.273ns (routing 0.965ns, distribution 1.308ns)

    Location             Delay type                Incr(ns)  Path(ns)    Netlist Resource(s)
  -------------------------------------------------------------------    -------------------
                         (clock g_hw.clk_out0 rise edge)
                                                      0.000     0.000 r  
    T25                                               0.000     0.000 r  sys_clk_p (IN)
                         net (fo=0)                   0.100     0.100    u_clkgen/g_hw.u_ibufds/I
    HPIOBDIFFINBUF_X0Y37 DIFFINBUF (Prop_DIFFINBUF_HPIOBDIFFINBUF_DIFF_IN_P_O)
                                                      0.479     0.579 r  u_clkgen/g_hw.u_ibufds/DIFFINBUF_INST/O
                         net (fo=1, routed)           0.050     0.629    u_clkgen/g_hw.u_ibufds/OUT
    T25                  IBUFCTRL (Prop_IBUFCTRL_HPIOB_M_I_O)
                                                      0.000     0.629 r  u_clkgen/g_hw.u_ibufds/IBUFCTRL_INST/O
                         net (fo=1, routed)           0.343     0.972    u_clkgen/g_hw.clk_in_ibuf
    BUFGCE_X0Y32         BUFGCE (Prop_BUFCE_BUFGCE_I_O)
                                                      0.028     1.000 r  u_clkgen/g_hw.u_bufg_in/O
                         net (fo=485, routed)         1.474     2.474    u_clkgen/clk_in_100
    MMCM_X0Y1            MMCME4_ADV (Prop_MMCM_CLKIN1_CLKOUT0)
                                                     -0.106     2.368 r  u_clkgen/g_hw.u_mmcm/CLKOUT0
                         net (fo=1, routed)           0.256     2.624    u_clkgen/g_hw.clk_out0
    BUFGCE_X0Y34         BUFGCE (Prop_BUFCE_BUFGCE_I_O)
                                                      0.028     2.652 r  u_clkgen/g_hw.u_bufg_out/O
    X1Y3 (CLOCK_ROOT)    net (fo=50443, routed)       2.990     5.641    u_tcp_tx/u_retx/dp_clk
    RAMB36_X9Y26         RAMB36E2                                     r  u_tcp_tx/u_retx/g_byte[1].mem_o_reg_7_bram_8/CLKBWRCLK
  -------------------------------------------------------------------    -------------------
    RAMB36_X9Y26         RAMB36E2 (Prop_RAMB36E2_RAMB36_CLKBWRCLK_CASDOUTB[1])
                                                      1.230     6.871 r  u_tcp_tx/u_retx/g_byte[1].mem_o_reg_7_bram_8/CASDOUTB[1]
                         net (fo=1, routed)           0.028     6.899    u_tcp_tx/u_retx/g_byte[1].mem_o_reg_7_bram_8_n_119
    RAMB36_X9Y27         RAMB36E2 (Prop_RAMB36E2_RAMB36_CASDINB[1]_CASDOUTB[1])
                                                      0.220     7.119 r  u_tcp_tx/u_retx/g_byte[1].mem_o_reg_7_bram_9/CASDOUTB[1]
                         net (fo=1, routed)           0.028     7.147    u_tcp_tx/u_retx/g_byte[1].mem_o_reg_7_bram_9_n_119
    RAMB36_X9Y28         RAMB36E2 (Prop_RAMB36E2_RAMB36_CASDINB[1]_CASDOUTB[1])
                                                      0.220     7.367 r  u_tcp_tx/u_retx/g_byte[1].mem_o_reg_7_bram_10/CASDOUTB[1]
                         net (fo=1, routed)           0.028     7.395    u_tcp_tx/u_retx/g_byte[1].mem_o_reg_7_bram_10_n_119
    RAMB36_X9Y29         RAMB36E2 (Prop_RAMB36E2_RAMB36_CASDINB[1]_CASDOUTB[1])
                                                      0.220     7.615 r  u_tcp_tx/u_retx/g_byte[1].mem_o_reg_7_bram_11/CASDOUTB[1]
                         net (fo=1, routed)           0.028     7.643    u_tcp_tx/u_retx/g_byte[1].mem_o_reg_7_bram_11_n_119
    RAMB36_X9Y30         RAMB36E2 (Prop_RAMB36E2_RAMB36_CASDINB[1]_CASDOUTB[1])
                                                      0.220     7.863 r  u_tcp_tx/u_retx/g_byte[1].mem_o_reg_7_bram_12/CASDOUTB[1]
                         net (fo=1, routed)           0.028     7.891    u_tcp_tx/u_retx/g_byte[1].mem_o_reg_7_bram_12_n_119
    RAMB36_X9Y31         RAMB36E2 (Prop_RAMB36E2_RAMB36_CASDINB[1]_CASDOUTB[1])
                                                      0.220     8.111 r  u_tcp_tx/u_retx/g_byte[1].mem_o_reg_7_bram_13/CASDOUTB[1]
                         net (fo=1, routed)           0.028     8.139    u_tcp_tx/u_retx/g_byte[1].mem_o_reg_7_bram_13_n_119
    RAMB36_X9Y32         RAMB36E2 (Prop_RAMB36E2_RAMB36_CASDINB[1]_CASDOUTB[1])
                                                      0.220     8.359 r  u_tcp_tx/u_retx/g_byte[1].mem_o_reg_7_bram_14/CASDOUTB[1]
                         net (fo=1, routed)           0.028     8.387    u_tcp_tx/u_retx/g_byte[1].mem_o_reg_7_bram_14_n_119
    RAMB36_X9Y33         RAMB36E2 (Prop_RAMB36E2_RAMB36_CASDINB[1]_DOUTBDOUT[1])
                                                      0.120     8.507 r  u_tcp_tx/u_retx/g_byte[1].mem_o_reg_7_bram_15/DOUTBDOUT[1]
                         net (fo=1, routed)           1.251     9.758    u_tcp_tx/u_retx/g_byte[1].mem_o_reg_7_bram_15_n_183
    SLICE_X60Y167        LUT4 (Prop_C6LUT_SLICEL_I2_O)
                                                      0.038     9.796 r  u_tcp_tx/u_retx/ring_d_r[57]_i_20/O
                         net (fo=3, routed)           0.731    10.527    u_tcp_tx/u_retx/q_o[57]
    SLICE_X43Y194        LUT6 (Prop_F6LUT_SLICEL_I3_O)
                                                      0.062    10.589 r  u_tcp_tx/u_retx/ring_d_r[57]_i_5/O
                         net (fo=1, routed)           0.108    10.697    u_tcp_tx/u_retx/ring_d_r[57]_i_5_n_53
    SLICE_X44Y194        LUT6 (Prop_F6LUT_SLICEM_I5_O)
                                                      0.113    10.810 r  u_tcp_tx/u_retx/ring_d_r[57]_i_1/O
                         net (fo=2, routed)           0.402    11.212    u_tcp_tx/ring_d[57]
    SLICE_X44Y194        FDCE                                         r  u_tcp_tx/ring_d_r_reg[57]/D
  -------------------------------------------------------------------    -------------------

                         (clock g_hw.clk_out0 rise edge)
                                                      6.400     6.400 r  
    T25                                               0.000     6.400 r  sys_clk_p (IN)
                         net (fo=0)                   0.079     6.479    u_clkgen/g_hw.u_ibufds/I
    HPIOBDIFFINBUF_X0Y37 DIFFINBUF (Prop_DIFFINBUF_HPIOBDIFFINBUF_DIFF_IN_P_O)
                                                      0.398     6.877 r  u_clkgen/g_hw.u_ibufds/DIFFINBUF_INST/O
                         net (fo=1, routed)           0.040     6.917    u_clkgen/g_hw.u_ibufds/OUT
    T25                  IBUFCTRL (Prop_IBUFCTRL_HPIOB_M_I_O)
                                                      0.000     6.917 r  u_clkgen/g_hw.u_ibufds/IBUFCTRL_INST/O
                         net (fo=1, routed)           0.304     7.221    u_clkgen/g_hw.clk_in_ibuf
    BUFGCE_X0Y32         BUFGCE (Prop_BUFCE_BUFGCE_I_O)
                                                      0.024     7.245 r  u_clkgen/g_hw.u_bufg_in/O
                         net (fo=485, routed)         1.317     8.562    u_clkgen/clk_in_100
    MMCM_X0Y1            MMCME4_ADV (Prop_MMCM_CLKIN1_CLKOUT0)
                                                      0.644     9.206 r  u_clkgen/g_hw.u_mmcm/CLKOUT0
                         net (fo=1, routed)           0.228     9.434    u_clkgen/g_hw.clk_out0
    BUFGCE_X0Y34         BUFGCE (Prop_BUFCE_BUFGCE_I_O)
                                                      0.024     9.458 r  u_clkgen/g_hw.u_bufg_out/O
    X1Y3 (CLOCK_ROOT)    net (fo=50443, routed)       2.273    11.731    u_tcp_tx/dp_clk
    SLICE_X44Y194        FDCE                                         r  u_tcp_tx/ring_d_r_reg[57]/C
                         clock pessimism             -0.304    11.427    
                         clock uncertainty           -0.062    11.365    
    SLICE_X44Y194        FDCE (Setup_CFF_SLICEM_C_D)
                                                      0.027    11.392    u_tcp_tx/ring_d_r_reg[57]
  -------------------------------------------------------------------
                         required time                         11.392    
                         arrival time                         -11.212    
  -------------------------------------------------------------------
                         slack                                  0.180    

Slack (MET) :             0.180ns  (required time - arrival time)
  Source:                 u_tcp_tx/tick_cnt_reg[2]/C
                            (rising edge-triggered cell FDCE clocked by g_hw.clk_out0  {rise@0.000ns fall@3.200ns period=6.400ns})
  Destination:            u_tcb/snd_wnd_r_reg[4][7]/CE
                            (rising edge-triggered cell FDCE clocked by g_hw.clk_out0  {rise@0.000ns fall@3.200ns period=6.400ns})
  Path Group:             g_hw.clk_out0
  Path Type:              Setup (Max at Slow Process Corner)
  Requirement:            6.400ns  (g_hw.clk_out0 rise@6.400ns - g_hw.clk_out0 rise@0.000ns)
  Data Path Delay:        5.956ns  (logic 1.923ns (32.286%)  route 4.033ns (67.714%))
  Logic Levels:           16  (CARRY8=3 LUT2=1 LUT3=2 LUT4=1 LUT5=2 LUT6=7)
  Clock Path Skew:        -0.160ns (DCD - SCD + CPR)
    Destination Clock Delay (DCD):    5.375ns = ( 11.775 - 6.400 ) 
    Source Clock Delay      (SCD):    5.231ns
    Clock Pessimism Removal (CPR):    -0.304ns
  Clock Uncertainty:      0.062ns  ((TSJ^2 + DJ^2)^1/2) / 2 + PE
    Total System Jitter     (TSJ):    0.071ns
    Discrete Jitter          (DJ):    0.101ns
    Phase Error              (PE):    0.000ns
  Clock Net Delay (Source):      2.579ns (routing 1.064ns, distribution 1.515ns)
  Clock Net Delay (Destination): 2.317ns (routing 0.965ns, distribution 1.352ns)

    Location             Delay type                Incr(ns)  Path(ns)    Netlist Resource(s)
  -------------------------------------------------------------------    -------------------
                         (clock g_hw.clk_out0 rise edge)
                                                      0.000     0.000 r  
    T25                                               0.000     0.000 r  sys_clk_p (IN)
                         net (fo=0)                   0.100     0.100    u_clkgen/g_hw.u_ibufds/I
    HPIOBDIFFINBUF_X0Y37 DIFFINBUF (Prop_DIFFINBUF_HPIOBDIFFINBUF_DIFF_IN_P_O)
                                                      0.479     0.579 r  u_clkgen/g_hw.u_ibufds/DIFFINBUF_INST/O
                         net (fo=1, routed)           0.050     0.629    u_clkgen/g_hw.u_ibufds/OUT
    T25                  IBUFCTRL (Prop_IBUFCTRL_HPIOB_M_I_O)
                                                      0.000     0.629 r  u_clkgen/g_hw.u_ibufds/IBUFCTRL_INST/O
                         net (fo=1, routed)           0.343     0.972    u_clkgen/g_hw.clk_in_ibuf
    BUFGCE_X0Y32         BUFGCE (Prop_BUFCE_BUFGCE_I_O)
                                                      0.028     1.000 r  u_clkgen/g_hw.u_bufg_in/O
                         net (fo=485, routed)         1.474     2.474    u_clkgen/clk_in_100
    MMCM_X0Y1            MMCME4_ADV (Prop_MMCM_CLKIN1_CLKOUT0)
                                                     -0.106     2.368 r  u_clkgen/g_hw.u_mmcm/CLKOUT0
                         net (fo=1, routed)           0.256     2.624    u_clkgen/g_hw.clk_out0
    BUFGCE_X0Y34         BUFGCE (Prop_BUFCE_BUFGCE_I_O)
                                                      0.028     2.652 r  u_clkgen/g_hw.u_bufg_out/O
    X1Y3 (CLOCK_ROOT)    net (fo=50443, routed)       2.579     5.231    u_tcp_tx/dp_clk
    SLICE_X45Y166        FDCE                                         r  u_tcp_tx/tick_cnt_reg[2]/C
  -------------------------------------------------------------------    -------------------
    SLICE_X45Y166        FDCE (Prop_CFF2_SLICEL_C_Q)
                                                      0.097     5.328 f  u_tcp_tx/tick_cnt_reg[2]/Q
                         net (fo=5, routed)           0.186     5.513    u_tcp_tx/u_retx/scan_id_reg[3][2]
    SLICE_X45Y166        LUT4 (Prop_F6LUT_SLICEL_I3_O)
                                                      0.148     5.661 r  u_tcp_tx/u_retx/scan_id[3]_i_4__0/O
                         net (fo=3, routed)           0.437     6.098    u_tcp_tx/u_csum/scan_id_reg[3]_3
    SLICE_X36Y172        LUT6 (Prop_G6LUT_SLICEL_I5_O)
                                                      0.038     6.136 f  u_tcp_tx/u_csum/scan_id[3]_i_1__0/O
                         net (fo=422, routed)         0.229     6.365    u_tcp_tx/u_fifo_b/ctrl_doff_reg[3]_0[0]
    SLICE_X38Y174        LUT6 (Prop_C6LUT_SLICEL_I4_O)
                                                      0.148     6.513 r  u_tcp_tx/u_fifo_b/ctrl_doff[3]_i_1/O
                         net (fo=104, routed)         0.282     6.795    u_tcp_tx/u_ackq/ctrl_ack_reg[0]
    SLICE_X36Y175        LUT6 (Prop_E6LUT_SLICEL_I4_O)
                                                      0.100     6.895 r  u_tcp_tx/u_ackq/f_seq[1][31]_i_9/O
                         net (fo=94, routed)          0.577     7.472    u_tcb/cam_rd_id[1]
    SLICE_X25Y181        LUT6 (Prop_C6LUT_SLICEM_I2_O)
                                                      0.098     7.570 r  u_tcb/f_seq[1][11]_i_2/O
                         net (fo=3, routed)           0.200     7.770    u_tcb/f_seq[1][11]_i_2_n_53
    SLICE_X25Y181        LUT6 (Prop_H6LUT_SLICEM_I0_O)
                                                      0.182     7.952 r  u_tcb/f_seq[1][11]_i_1/O
                         net (fo=20, routed)          0.238     8.190    u_tcb/D[11]
    SLICE_X26Y177        LUT2 (Prop_D6LUT_SLICEL_I0_O)
                                                      0.063     8.253 r  u_tcb/mem_reg_0_31_28_38_i_60/O
                         net (fo=1, routed)           0.010     8.263    u_tcb/mem_reg_0_31_28_38_i_60_n_53
    SLICE_X26Y177        CARRY8 (Prop_CARRY8_SLICEL_S[3]_CO[7])
                                                      0.195     8.458 r  u_tcb/mem_reg_0_31_28_38_i_46/CO[7]
                         net (fo=1, routed)           0.028     8.486    u_tcb/mem_reg_0_31_28_38_i_46_n_53
    SLICE_X26Y178        CARRY8 (Prop_CARRY8_SLICEL_CI_CO[7])
                                                      0.023     8.509 r  u_tcb/mem_reg_0_31_28_38_i_29/CO[7]
                         net (fo=1, routed)           0.028     8.537    u_tcb/mem_reg_0_31_28_38_i_29_n_53
    SLICE_X26Y179        CARRY8 (Prop_CARRY8_SLICEL_CI_O[7])
                                                      0.146     8.683 r  u_tcb/mem_reg_0_31_28_38_i_19/O[7]
                         net (fo=2, routed)           0.250     8.933    u_tcb/u_tcp_tx/ring_ovf12_out[31]
    SLICE_X25Y182        LUT3 (Prop_F6LUT_SLICEM_I2_O)
                                                      0.038     8.971 f  u_tcb/fc_rr[3]_i_7/O
                         net (fo=1, routed)           0.160     9.131    u_tcp_tx/fc_rr[3]_i_4
    SLICE_X25Y185        LUT6 (Prop_G6LUT_SLICEM_I0_O)
                                                      0.116     9.247 r  u_tcp_tx/fc_rr[3]_i_6/O
                         net (fo=37, routed)          0.228     9.475    u_tcp_tx/u_ackq/wscale_r_reg[14][0]_2
    SLICE_X23Y186        LUT5 (Prop_E5LUT_SLICEL_I3_O)
                                                      0.140     9.615 f  u_tcp_tx/u_ackq/rcv_nxt_r[0][31]_i_33/O
                         net (fo=1, routed)           0.210     9.825    u_tcp_tx/u_ackq/rcv_nxt_r[0][31]_i_33_n_53
    SLICE_X22Y187        LUT5 (Prop_B6LUT_SLICEL_I4_O)
                                                      0.177    10.002 f  u_tcp_tx/u_ackq/rcv_nxt_r[0][31]_i_15/O
                         net (fo=1, routed)           0.058    10.060    u_tcp_tx/u_ackq/tx_upd_id[0]
    SLICE_X22Y187        LUT3 (Prop_F6LUT_SLICEL_I0_O)
                                                      0.148    10.208 f  u_tcp_tx/u_ackq/rcv_nxt_r[0][31]_i_4/O
                         net (fo=114, routed)         0.571    10.779    u_tcp_tx/u_ackq/tcb_id[0]
    SLICE_X25Y193        LUT6 (Prop_H6LUT_SLICEM_I2_O)
                                                      0.066    10.845 r  u_tcp_tx/u_ackq/snd_wnd_r[4][15]_i_1/O
                         net (fo=16, routed)          0.342    11.187    u_tcb/snd_wnd_r_reg[4][15]_0[0]
    SLICE_X27Y194        FDCE                                         r  u_tcb/snd_wnd_r_reg[4][7]/CE
  -------------------------------------------------------------------    -------------------

                         (clock g_hw.clk_out0 rise edge)
                                                      6.400     6.400 r  
    T25                                               0.000     6.400 r  sys_clk_p (IN)
                         net (fo=0)                   0.079     6.479    u_clkgen/g_hw.u_ibufds/I
    HPIOBDIFFINBUF_X0Y37 DIFFINBUF (Prop_DIFFINBUF_HPIOBDIFFINBUF_DIFF_IN_P_O)
                                                      0.398     6.877 r  u_clkgen/g_hw.u_ibufds/DIFFINBUF_INST/O
                         net (fo=1, routed)           0.040     6.917    u_clkgen/g_hw.u_ibufds/OUT
    T25                  IBUFCTRL (Prop_IBUFCTRL_HPIOB_M_I_O)
                                                      0.000     6.917 r  u_clkgen/g_hw.u_ibufds/IBUFCTRL_INST/O
                         net (fo=1, routed)           0.304     7.221    u_clkgen/g_hw.clk_in_ibuf
    BUFGCE_X0Y32         BUFGCE (Prop_BUFCE_BUFGCE_I_O)
                                                      0.024     7.245 r  u_clkgen/g_hw.u_bufg_in/O
                         net (fo=485, routed)         1.317     8.562    u_clkgen/clk_in_100
    MMCM_X0Y1            MMCME4_ADV (Prop_MMCM_CLKIN1_CLKOUT0)
                                                      0.644     9.206 r  u_clkgen/g_hw.u_mmcm/CLKOUT0
                         net (fo=1, routed)           0.228     9.434    u_clkgen/g_hw.clk_out0
    BUFGCE_X0Y34         BUFGCE (Prop_BUFCE_BUFGCE_I_O)
                                                      0.024     9.458 r  u_clkgen/g_hw.u_bufg_out/O
    X1Y3 (CLOCK_ROOT)    net (fo=50443, routed)       2.317    11.775    u_tcb/dp_clk
    SLICE_X27Y194        FDCE                                         r  u_tcb/snd_wnd_r_reg[4][7]/C
                         clock pessimism             -0.304    11.471    
                         clock uncertainty           -0.062    11.409    
    SLICE_X27Y194        FDCE (Setup_HFF2_SLICEL_C_CE)
                                                     -0.042    11.367    u_tcb/snd_wnd_r_reg[4][7]
  -------------------------------------------------------------------
                         required time                         11.367    
                         arrival time                         -11.187    
  -------------------------------------------------------------------
                         slack                                  0.180    

Slack (MET) :             0.183ns  (required time - arrival time)
  Source:                 u_tcp_tx/tick_cnt_reg[2]/C
                            (rising edge-triggered cell FDCE clocked by g_hw.clk_out0  {rise@0.000ns fall@3.200ns period=6.400ns})
  Destination:            u_tcb/snd_wnd_r_reg[0][12]/CE
                            (rising edge-triggered cell FDCE clocked by g_hw.clk_out0  {rise@0.000ns fall@3.200ns period=6.400ns})
  Path Group:             g_hw.clk_out0
  Path Type:              Setup (Max at Slow Process Corner)
  Requirement:            6.400ns  (g_hw.clk_out0 rise@6.400ns - g_hw.clk_out0 rise@0.000ns)
  Data Path Delay:        5.966ns  (logic 1.957ns (32.803%)  route 4.009ns (67.197%))
  Logic Levels:           16  (CARRY8=3 LUT2=1 LUT3=2 LUT4=1 LUT5=2 LUT6=7)
  Clock Path Skew:        -0.147ns (DCD - SCD + CPR)
    Destination Clock Delay (DCD):    5.388ns = ( 11.788 - 6.400 ) 
    Source Clock Delay      (SCD):    5.231ns
    Clock Pessimism Removal (CPR):    -0.304ns
  Clock Uncertainty:      0.062ns  ((TSJ^2 + DJ^2)^1/2) / 2 + PE
    Total System Jitter     (TSJ):    0.071ns
    Discrete Jitter          (DJ):    0.101ns
    Phase Error              (PE):    0.000ns
  Clock Net Delay (Source):      2.579ns (routing 1.064ns, distribution 1.515ns)
  Clock Net Delay (Destination): 2.330ns (routing 0.965ns, distribution 1.365ns)

    Location             Delay type                Incr(ns)  Path(ns)    Netlist Resource(s)
  -------------------------------------------------------------------    -------------------
                         (clock g_hw.clk_out0 rise edge)
                                                      0.000     0.000 r  
    T25                                               0.000     0.000 r  sys_clk_p (IN)
                         net (fo=0)                   0.100     0.100    u_clkgen/g_hw.u_ibufds/I
    HPIOBDIFFINBUF_X0Y37 DIFFINBUF (Prop_DIFFINBUF_HPIOBDIFFINBUF_DIFF_IN_P_O)
                                                      0.479     0.579 r  u_clkgen/g_hw.u_ibufds/DIFFINBUF_INST/O
                         net (fo=1, routed)           0.050     0.629    u_clkgen/g_hw.u_ibufds/OUT
    T25                  IBUFCTRL (Prop_IBUFCTRL_HPIOB_M_I_O)
                                                      0.000     0.629 r  u_clkgen/g_hw.u_ibufds/IBUFCTRL_INST/O
                         net (fo=1, routed)           0.343     0.972    u_clkgen/g_hw.clk_in_ibuf
    BUFGCE_X0Y32         BUFGCE (Prop_BUFCE_BUFGCE_I_O)
                                                      0.028     1.000 r  u_clkgen/g_hw.u_bufg_in/O
                         net (fo=485, routed)         1.474     2.474    u_clkgen/clk_in_100
    MMCM_X0Y1            MMCME4_ADV (Prop_MMCM_CLKIN1_CLKOUT0)
                                                     -0.106     2.368 r  u_clkgen/g_hw.u_mmcm/CLKOUT0
                         net (fo=1, routed)           0.256     2.624    u_clkgen/g_hw.clk_out0
    BUFGCE_X0Y34         BUFGCE (Prop_BUFCE_BUFGCE_I_O)
                                                      0.028     2.652 r  u_clkgen/g_hw.u_bufg_out/O
    X1Y3 (CLOCK_ROOT)    net (fo=50443, routed)       2.579     5.231    u_tcp_tx/dp_clk
    SLICE_X45Y166        FDCE                                         r  u_tcp_tx/tick_cnt_reg[2]/C
  -------------------------------------------------------------------    -------------------
    SLICE_X45Y166        FDCE (Prop_CFF2_SLICEL_C_Q)
                                                      0.097     5.328 f  u_tcp_tx/tick_cnt_reg[2]/Q
                         net (fo=5, routed)           0.186     5.513    u_tcp_tx/u_retx/scan_id_reg[3][2]
    SLICE_X45Y166        LUT4 (Prop_F6LUT_SLICEL_I3_O)
                                                      0.148     5.661 r  u_tcp_tx/u_retx/scan_id[3]_i_4__0/O
                         net (fo=3, routed)           0.437     6.098    u_tcp_tx/u_csum/scan_id_reg[3]_3
    SLICE_X36Y172        LUT6 (Prop_G6LUT_SLICEL_I5_O)
                                                      0.038     6.136 f  u_tcp_tx/u_csum/scan_id[3]_i_1__0/O
                         net (fo=422, routed)         0.229     6.365    u_tcp_tx/u_fifo_b/ctrl_doff_reg[3]_0[0]
    SLICE_X38Y174        LUT6 (Prop_C6LUT_SLICEL_I4_O)
                                                      0.148     6.513 r  u_tcp_tx/u_fifo_b/ctrl_doff[3]_i_1/O
                         net (fo=104, routed)         0.282     6.795    u_tcp_tx/u_ackq/ctrl_ack_reg[0]
    SLICE_X36Y175        LUT6 (Prop_E6LUT_SLICEL_I4_O)
                                                      0.100     6.895 r  u_tcp_tx/u_ackq/f_seq[1][31]_i_9/O
                         net (fo=94, routed)          0.577     7.472    u_tcb/cam_rd_id[1]
    SLICE_X25Y181        LUT6 (Prop_C6LUT_SLICEM_I2_O)
                                                      0.098     7.570 r  u_tcb/f_seq[1][11]_i_2/O
                         net (fo=3, routed)           0.200     7.770    u_tcb/f_seq[1][11]_i_2_n_53
    SLICE_X25Y181        LUT6 (Prop_H6LUT_SLICEM_I0_O)
                                                      0.182     7.952 r  u_tcb/f_seq[1][11]_i_1/O
                         net (fo=20, routed)          0.238     8.190    u_tcb/D[11]
    SLICE_X26Y177        LUT2 (Prop_D6LUT_SLICEL_I0_O)
                                                      0.063     8.253 r  u_tcb/mem_reg_0_31_28_38_i_60/O
                         net (fo=1, routed)           0.010     8.263    u_tcb/mem_reg_0_31_28_38_i_60_n_53
    SLICE_X26Y177        CARRY8 (Prop_CARRY8_SLICEL_S[3]_CO[7])
                                                      0.195     8.458 r  u_tcb/mem_reg_0_31_28_38_i_46/CO[7]
                         net (fo=1, routed)           0.028     8.486    u_tcb/mem_reg_0_31_28_38_i_46_n_53
    SLICE_X26Y178        CARRY8 (Prop_CARRY8_SLICEL_CI_CO[7])
                                                      0.023     8.509 r  u_tcb/mem_reg_0_31_28_38_i_29/CO[7]
                         net (fo=1, routed)           0.028     8.537    u_tcb/mem_reg_0_31_28_38_i_29_n_53
    SLICE_X26Y179        CARRY8 (Prop_CARRY8_SLICEL_CI_O[7])
                                                      0.146     8.683 r  u_tcb/mem_reg_0_31_28_38_i_19/O[7]
                         net (fo=2, routed)           0.250     8.933    u_tcb/u_tcp_tx/ring_ovf12_out[31]
    SLICE_X25Y182        LUT3 (Prop_F6LUT_SLICEM_I2_O)
                                                      0.038     8.971 f  u_tcb/fc_rr[3]_i_7/O
                         net (fo=1, routed)           0.160     9.131    u_tcp_tx/fc_rr[3]_i_4
    SLICE_X25Y185        LUT6 (Prop_G6LUT_SLICEM_I0_O)
                                                      0.116     9.247 r  u_tcp_tx/fc_rr[3]_i_6/O
                         net (fo=37, routed)          0.228     9.475    u_tcp_tx/u_ackq/wscale_r_reg[14][0]_2
    SLICE_X23Y186        LUT5 (Prop_E5LUT_SLICEL_I3_O)
                                                      0.140     9.615 f  u_tcp_tx/u_ackq/rcv_nxt_r[0][31]_i_33/O
                         net (fo=1, routed)           0.210     9.825    u_tcp_tx/u_ackq/rcv_nxt_r[0][31]_i_33_n_53
    SLICE_X22Y187        LUT5 (Prop_B6LUT_SLICEL_I4_O)
                                                      0.177    10.002 f  u_tcp_tx/u_ackq/rcv_nxt_r[0][31]_i_15/O
                         net (fo=1, routed)           0.058    10.060    u_tcp_tx/u_ackq/tx_upd_id[0]
    SLICE_X22Y187        LUT3 (Prop_F6LUT_SLICEL_I0_O)
                                                      0.148    10.208 f  u_tcp_tx/u_ackq/rcv_nxt_r[0][31]_i_4/O
                         net (fo=114, routed)         0.427    10.635    u_tcp_tx/u_ackq/tcb_id[0]
    SLICE_X25Y194        LUT6 (Prop_A6LUT_SLICEM_I2_O)
                                                      0.100    10.735 r  u_tcp_tx/u_ackq/snd_wnd_r[0][15]_i_1/O
                         net (fo=16, routed)          0.461    11.197    u_tcb/snd_wnd_r_reg[0][15]_0[0]
    SLICE_X23Y204        FDCE                                         r  u_tcb/snd_wnd_r_reg[0][12]/CE
  -------------------------------------------------------------------    -------------------

                         (clock g_hw.clk_out0 rise edge)
                                                      6.400     6.400 r  
    T25                                               0.000     6.400 r  sys_clk_p (IN)
                         net (fo=0)                   0.079     6.479    u_clkgen/g_hw.u_ibufds/I
    HPIOBDIFFINBUF_X0Y37 DIFFINBUF (Prop_DIFFINBUF_HPIOBDIFFINBUF_DIFF_IN_P_O)
                                                      0.398     6.877 r  u_clkgen/g_hw.u_ibufds/DIFFINBUF_INST/O
                         net (fo=1, routed)           0.040     6.917    u_clkgen/g_hw.u_ibufds/OUT
    T25                  IBUFCTRL (Prop_IBUFCTRL_HPIOB_M_I_O)
                                                      0.000     6.917 r  u_clkgen/g_hw.u_ibufds/IBUFCTRL_INST/O
                         net (fo=1, routed)           0.304     7.221    u_clkgen/g_hw.clk_in_ibuf
    BUFGCE_X0Y32         BUFGCE (Prop_BUFCE_BUFGCE_I_O)
                                                      0.024     7.245 r  u_clkgen/g_hw.u_bufg_in/O
                         net (fo=485, routed)         1.317     8.562    u_clkgen/clk_in_100
    MMCM_X0Y1            MMCME4_ADV (Prop_MMCM_CLKIN1_CLKOUT0)
                                                      0.644     9.206 r  u_clkgen/g_hw.u_mmcm/CLKOUT0
                         net (fo=1, routed)           0.228     9.434    u_clkgen/g_hw.clk_out0
    BUFGCE_X0Y34         BUFGCE (Prop_BUFCE_BUFGCE_I_O)
                                                      0.024     9.458 r  u_clkgen/g_hw.u_bufg_out/O
    X1Y3 (CLOCK_ROOT)    net (fo=50443, routed)       2.330    11.788    u_tcb/dp_clk
    SLICE_X23Y204        FDCE                                         r  u_tcb/snd_wnd_r_reg[0][12]/C
                         clock pessimism             -0.304    11.484    
                         clock uncertainty           -0.062    11.422    
    SLICE_X23Y204        FDCE (Setup_HFF2_SLICEL_C_CE)
                                                     -0.042    11.380    u_tcb/snd_wnd_r_reg[0][12]
  -------------------------------------------------------------------
                         required time                         11.380    
                         arrival time                         -11.197    
  -------------------------------------------------------------------
                         slack                                  0.183    

Slack (MET) :             0.183ns  (required time - arrival time)
  Source:                 u_tcp_tx/tick_cnt_reg[2]/C
                            (rising edge-triggered cell FDCE clocked by g_hw.clk_out0  {rise@0.000ns fall@3.200ns period=6.400ns})
  Destination:            u_tcb/snd_wnd_r_reg[0][13]/CE
                            (rising edge-triggered cell FDCE clocked by g_hw.clk_out0  {rise@0.000ns fall@3.200ns period=6.400ns})
  Path Group:             g_hw.clk_out0
  Path Type:              Setup (Max at Slow Process Corner)
  Requirement:            6.400ns  (g_hw.clk_out0 rise@6.400ns - g_hw.clk_out0 rise@0.000ns)
  Data Path Delay:        5.966ns  (logic 1.957ns (32.803%)  route 4.009ns (67.197%))
  Logic Levels:           16  (CARRY8=3 LUT2=1 LUT3=2 LUT4=1 LUT5=2 LUT6=7)
  Clock Path Skew:        -0.147ns (DCD - SCD + CPR)
    Destination Clock Delay (DCD):    5.388ns = ( 11.788 - 6.400 ) 
    Source Clock Delay      (SCD):    5.231ns
    Clock Pessimism Removal (CPR):    -0.304ns
  Clock Uncertainty:      0.062ns  ((TSJ^2 + DJ^2)^1/2) / 2 + PE
    Total System Jitter     (TSJ):    0.071ns
    Discrete Jitter          (DJ):    0.101ns
    Phase Error              (PE):    0.000ns
  Clock Net Delay (Source):      2.579ns (routing 1.064ns, distribution 1.515ns)
  Clock Net Delay (Destination): 2.330ns (routing 0.965ns, distribution 1.365ns)

    Location             Delay type                Incr(ns)  Path(ns)    Netlist Resource(s)
  -------------------------------------------------------------------    -------------------
                         (clock g_hw.clk_out0 rise edge)
                                                      0.000     0.000 r  
    T25                                               0.000     0.000 r  sys_clk_p (IN)
                         net (fo=0)                   0.100     0.100    u_clkgen/g_hw.u_ibufds/I
    HPIOBDIFFINBUF_X0Y37 DIFFINBUF (Prop_DIFFINBUF_HPIOBDIFFINBUF_DIFF_IN_P_O)
                                                      0.479     0.579 r  u_clkgen/g_hw.u_ibufds/DIFFINBUF_INST/O
                         net (fo=1, routed)           0.050     0.629    u_clkgen/g_hw.u_ibufds/OUT
    T25                  IBUFCTRL (Prop_IBUFCTRL_HPIOB_M_I_O)
                                                      0.000     0.629 r  u_clkgen/g_hw.u_ibufds/IBUFCTRL_INST/O
                         net (fo=1, routed)           0.343     0.972    u_clkgen/g_hw.clk_in_ibuf
    BUFGCE_X0Y32         BUFGCE (Prop_BUFCE_BUFGCE_I_O)
                                                      0.028     1.000 r  u_clkgen/g_hw.u_bufg_in/O
                         net (fo=485, routed)         1.474     2.474    u_clkgen/clk_in_100
    MMCM_X0Y1            MMCME4_ADV (Prop_MMCM_CLKIN1_CLKOUT0)
                                                     -0.106     2.368 r  u_clkgen/g_hw.u_mmcm/CLKOUT0
                         net (fo=1, routed)           0.256     2.624    u_clkgen/g_hw.clk_out0
    BUFGCE_X0Y34         BUFGCE (Prop_BUFCE_BUFGCE_I_O)
                                                      0.028     2.652 r  u_clkgen/g_hw.u_bufg_out/O
    X1Y3 (CLOCK_ROOT)    net (fo=50443, routed)       2.579     5.231    u_tcp_tx/dp_clk
    SLICE_X45Y166        FDCE                                         r  u_tcp_tx/tick_cnt_reg[2]/C
  -------------------------------------------------------------------    -------------------
    SLICE_X45Y166        FDCE (Prop_CFF2_SLICEL_C_Q)
                                                      0.097     5.328 f  u_tcp_tx/tick_cnt_reg[2]/Q
                         net (fo=5, routed)           0.186     5.513    u_tcp_tx/u_retx/scan_id_reg[3][2]
    SLICE_X45Y166        LUT4 (Prop_F6LUT_SLICEL_I3_O)
                                                      0.148     5.661 r  u_tcp_tx/u_retx/scan_id[3]_i_4__0/O
                         net (fo=3, routed)           0.437     6.098    u_tcp_tx/u_csum/scan_id_reg[3]_3
    SLICE_X36Y172        LUT6 (Prop_G6LUT_SLICEL_I5_O)
                                                      0.038     6.136 f  u_tcp_tx/u_csum/scan_id[3]_i_1__0/O
                         net (fo=422, routed)         0.229     6.365    u_tcp_tx/u_fifo_b/ctrl_doff_reg[3]_0[0]
    SLICE_X38Y174        LUT6 (Prop_C6LUT_SLICEL_I4_O)
                                                      0.148     6.513 r  u_tcp_tx/u_fifo_b/ctrl_doff[3]_i_1/O
                         net (fo=104, routed)         0.282     6.795    u_tcp_tx/u_ackq/ctrl_ack_reg[0]
    SLICE_X36Y175        LUT6 (Prop_E6LUT_SLICEL_I4_O)
                                                      0.100     6.895 r  u_tcp_tx/u_ackq/f_seq[1][31]_i_9/O
                         net (fo=94, routed)          0.577     7.472    u_tcb/cam_rd_id[1]
    SLICE_X25Y181        LUT6 (Prop_C6LUT_SLICEM_I2_O)
                                                      0.098     7.570 r  u_tcb/f_seq[1][11]_i_2/O
                         net (fo=3, routed)           0.200     7.770    u_tcb/f_seq[1][11]_i_2_n_53
    SLICE_X25Y181        LUT6 (Prop_H6LUT_SLICEM_I0_O)
                                                      0.182     7.952 r  u_tcb/f_seq[1][11]_i_1/O
                         net (fo=20, routed)          0.238     8.190    u_tcb/D[11]
    SLICE_X26Y177        LUT2 (Prop_D6LUT_SLICEL_I0_O)
                                                      0.063     8.253 r  u_tcb/mem_reg_0_31_28_38_i_60/O
                         net (fo=1, routed)           0.010     8.263    u_tcb/mem_reg_0_31_28_38_i_60_n_53
    SLICE_X26Y177        CARRY8 (Prop_CARRY8_SLICEL_S[3]_CO[7])
                                                      0.195     8.458 r  u_tcb/mem_reg_0_31_28_38_i_46/CO[7]
                         net (fo=1, routed)           0.028     8.486    u_tcb/mem_reg_0_31_28_38_i_46_n_53
    SLICE_X26Y178        CARRY8 (Prop_CARRY8_SLICEL_CI_CO[7])
                                                      0.023     8.509 r  u_tcb/mem_reg_0_31_28_38_i_29/CO[7]
                         net (fo=1, routed)           0.028     8.537    u_tcb/mem_reg_0_31_28_38_i_29_n_53
    SLICE_X26Y179        CARRY8 (Prop_CARRY8_SLICEL_CI_O[7])
                                                      0.146     8.683 r  u_tcb/mem_reg_0_31_28_38_i_19/O[7]
                         net (fo=2, routed)           0.250     8.933    u_tcb/u_tcp_tx/ring_ovf12_out[31]
    SLICE_X25Y182        LUT3 (Prop_F6LUT_SLICEM_I2_O)
                                                      0.038     8.971 f  u_tcb/fc_rr[3]_i_7/O
                         net (fo=1, routed)           0.160     9.131    u_tcp_tx/fc_rr[3]_i_4
    SLICE_X25Y185        LUT6 (Prop_G6LUT_SLICEM_I0_O)
                                                      0.116     9.247 r  u_tcp_tx/fc_rr[3]_i_6/O
                         net (fo=37, routed)          0.228     9.475    u_tcp_tx/u_ackq/wscale_r_reg[14][0]_2
    SLICE_X23Y186        LUT5 (Prop_E5LUT_SLICEL_I3_O)
                                                      0.140     9.615 f  u_tcp_tx/u_ackq/rcv_nxt_r[0][31]_i_33/O
                         net (fo=1, routed)           0.210     9.825    u_tcp_tx/u_ackq/rcv_nxt_r[0][31]_i_33_n_53
    SLICE_X22Y187        LUT5 (Prop_B6LUT_SLICEL_I4_O)
                                                      0.177    10.002 f  u_tcp_tx/u_ackq/rcv_nxt_r[0][31]_i_15/O
                         net (fo=1, routed)           0.058    10.060    u_tcp_tx/u_ackq/tx_upd_id[0]
    SLICE_X22Y187        LUT3 (Prop_F6LUT_SLICEL_I0_O)
                                                      0.148    10.208 f  u_tcp_tx/u_ackq/rcv_nxt_r[0][31]_i_4/O
                         net (fo=114, routed)         0.427    10.635    u_tcp_tx/u_ackq/tcb_id[0]
    SLICE_X25Y194        LUT6 (Prop_A6LUT_SLICEM_I2_O)
                                                      0.100    10.735 r  u_tcp_tx/u_ackq/snd_wnd_r[0][15]_i_1/O
                         net (fo=16, routed)          0.461    11.197    u_tcb/snd_wnd_r_reg[0][15]_0[0]
    SLICE_X23Y204        FDCE                                         r  u_tcb/snd_wnd_r_reg[0][13]/CE
  -------------------------------------------------------------------    -------------------

                         (clock g_hw.clk_out0 rise edge)
                                                      6.400     6.400 r  
    T25                                               0.000     6.400 r  sys_clk_p (IN)
                         net (fo=0)                   0.079     6.479    u_clkgen/g_hw.u_ibufds/I
    HPIOBDIFFINBUF_X0Y37 DIFFINBUF (Prop_DIFFINBUF_HPIOBDIFFINBUF_DIFF_IN_P_O)
                                                      0.398     6.877 r  u_clkgen/g_hw.u_ibufds/DIFFINBUF_INST/O
                         net (fo=1, routed)           0.040     6.917    u_clkgen/g_hw.u_ibufds/OUT
    T25                  IBUFCTRL (Prop_IBUFCTRL_HPIOB_M_I_O)
                                                      0.000     6.917 r  u_clkgen/g_hw.u_ibufds/IBUFCTRL_INST/O
                         net (fo=1, routed)           0.304     7.221    u_clkgen/g_hw.clk_in_ibuf
    BUFGCE_X0Y32         BUFGCE (Prop_BUFCE_BUFGCE_I_O)
                                                      0.024     7.245 r  u_clkgen/g_hw.u_bufg_in/O
                         net (fo=485, routed)         1.317     8.562    u_clkgen/clk_in_100
    MMCM_X0Y1            MMCME4_ADV (Prop_MMCM_CLKIN1_CLKOUT0)
                                                      0.644     9.206 r  u_clkgen/g_hw.u_mmcm/CLKOUT0
                         net (fo=1, routed)           0.228     9.434    u_clkgen/g_hw.clk_out0
    BUFGCE_X0Y34         BUFGCE (Prop_BUFCE_BUFGCE_I_O)
                                                      0.024     9.458 r  u_clkgen/g_hw.u_bufg_out/O
    X1Y3 (CLOCK_ROOT)    net (fo=50443, routed)       2.330    11.788    u_tcb/dp_clk
    SLICE_X23Y204        FDCE                                         r  u_tcb/snd_wnd_r_reg[0][13]/C
                         clock pessimism             -0.304    11.484    
                         clock uncertainty           -0.062    11.422    
    SLICE_X23Y204        FDCE (Setup_GFF2_SLICEL_C_CE)
                                                     -0.042    11.380    u_tcb/snd_wnd_r_reg[0][13]
  -------------------------------------------------------------------
                         required time                         11.380    
                         arrival time                         -11.197    
  -------------------------------------------------------------------
                         slack                                  0.183    

Slack (MET) :             0.183ns  (required time - arrival time)
  Source:                 u_tcp_tx/tick_cnt_reg[2]/C
                            (rising edge-triggered cell FDCE clocked by g_hw.clk_out0  {rise@0.000ns fall@3.200ns period=6.400ns})
  Destination:            u_tcb/snd_wnd_r_reg[0][5]/CE
                            (rising edge-triggered cell FDCE clocked by g_hw.clk_out0  {rise@0.000ns fall@3.200ns period=6.400ns})
  Path Group:             g_hw.clk_out0
  Path Type:              Setup (Max at Slow Process Corner)
  Requirement:            6.400ns  (g_hw.clk_out0 rise@6.400ns - g_hw.clk_out0 rise@0.000ns)
  Data Path Delay:        5.966ns  (logic 1.957ns (32.803%)  route 4.009ns (67.197%))
  Logic Levels:           16  (CARRY8=3 LUT2=1 LUT3=2 LUT4=1 LUT5=2 LUT6=7)
  Clock Path Skew:        -0.147ns (DCD - SCD + CPR)
    Destination Clock Delay (DCD):    5.388ns = ( 11.788 - 6.400 ) 
    Source Clock Delay      (SCD):    5.231ns
    Clock Pessimism Removal (CPR):    -0.304ns
  Clock Uncertainty:      0.062ns  ((TSJ^2 + DJ^2)^1/2) / 2 + PE
    Total System Jitter     (TSJ):    0.071ns
    Discrete Jitter          (DJ):    0.101ns
    Phase Error              (PE):    0.000ns
  Clock Net Delay (Source):      2.579ns (routing 1.064ns, distribution 1.515ns)
  Clock Net Delay (Destination): 2.330ns (routing 0.965ns, distribution 1.365ns)

    Location             Delay type                Incr(ns)  Path(ns)    Netlist Resource(s)
  -------------------------------------------------------------------    -------------------
                         (clock g_hw.clk_out0 rise edge)
                                                      0.000     0.000 r  
    T25                                               0.000     0.000 r  sys_clk_p (IN)
                         net (fo=0)                   0.100     0.100    u_clkgen/g_hw.u_ibufds/I
    HPIOBDIFFINBUF_X0Y37 DIFFINBUF (Prop_DIFFINBUF_HPIOBDIFFINBUF_DIFF_IN_P_O)
                                                      0.479     0.579 r  u_clkgen/g_hw.u_ibufds/DIFFINBUF_INST/O
                         net (fo=1, routed)           0.050     0.629    u_clkgen/g_hw.u_ibufds/OUT
    T25                  IBUFCTRL (Prop_IBUFCTRL_HPIOB_M_I_O)
                                                      0.000     0.629 r  u_clkgen/g_hw.u_ibufds/IBUFCTRL_INST/O
                         net (fo=1, routed)           0.343     0.972    u_clkgen/g_hw.clk_in_ibuf
    BUFGCE_X0Y32         BUFGCE (Prop_BUFCE_BUFGCE_I_O)
                                                      0.028     1.000 r  u_clkgen/g_hw.u_bufg_in/O
                         net (fo=485, routed)         1.474     2.474    u_clkgen/clk_in_100
    MMCM_X0Y1            MMCME4_ADV (Prop_MMCM_CLKIN1_CLKOUT0)
                                                     -0.106     2.368 r  u_clkgen/g_hw.u_mmcm/CLKOUT0
                         net (fo=1, routed)           0.256     2.624    u_clkgen/g_hw.clk_out0
    BUFGCE_X0Y34         BUFGCE (Prop_BUFCE_BUFGCE_I_O)
                                                      0.028     2.652 r  u_clkgen/g_hw.u_bufg_out/O
    X1Y3 (CLOCK_ROOT)    net (fo=50443, routed)       2.579     5.231    u_tcp_tx/dp_clk
    SLICE_X45Y166        FDCE                                         r  u_tcp_tx/tick_cnt_reg[2]/C
  -------------------------------------------------------------------    -------------------
    SLICE_X45Y166        FDCE (Prop_CFF2_SLICEL_C_Q)
                                                      0.097     5.328 f  u_tcp_tx/tick_cnt_reg[2]/Q
                         net (fo=5, routed)           0.186     5.513    u_tcp_tx/u_retx/scan_id_reg[3][2]
    SLICE_X45Y166        LUT4 (Prop_F6LUT_SLICEL_I3_O)
                                                      0.148     5.661 r  u_tcp_tx/u_retx/scan_id[3]_i_4__0/O
                         net (fo=3, routed)           0.437     6.098    u_tcp_tx/u_csum/scan_id_reg[3]_3
    SLICE_X36Y172        LUT6 (Prop_G6LUT_SLICEL_I5_O)
                                                      0.038     6.136 f  u_tcp_tx/u_csum/scan_id[3]_i_1__0/O
                         net (fo=422, routed)         0.229     6.365    u_tcp_tx/u_fifo_b/ctrl_doff_reg[3]_0[0]
    SLICE_X38Y174        LUT6 (Prop_C6LUT_SLICEL_I4_O)
                                                      0.148     6.513 r  u_tcp_tx/u_fifo_b/ctrl_doff[3]_i_1/O
                         net (fo=104, routed)         0.282     6.795    u_tcp_tx/u_ackq/ctrl_ack_reg[0]
    SLICE_X36Y175        LUT6 (Prop_E6LUT_SLICEL_I4_O)
                                                      0.100     6.895 r  u_tcp_tx/u_ackq/f_seq[1][31]_i_9/O
                         net (fo=94, routed)          0.577     7.472    u_tcb/cam_rd_id[1]
    SLICE_X25Y181        LUT6 (Prop_C6LUT_SLICEM_I2_O)
                                                      0.098     7.570 r  u_tcb/f_seq[1][11]_i_2/O
                         net (fo=3, routed)           0.200     7.770    u_tcb/f_seq[1][11]_i_2_n_53
    SLICE_X25Y181        LUT6 (Prop_H6LUT_SLICEM_I0_O)
                                                      0.182     7.952 r  u_tcb/f_seq[1][11]_i_1/O
                         net (fo=20, routed)          0.238     8.190    u_tcb/D[11]
    SLICE_X26Y177        LUT2 (Prop_D6LUT_SLICEL_I0_O)
                                                      0.063     8.253 r  u_tcb/mem_reg_0_31_28_38_i_60/O
                         net (fo=1, routed)           0.010     8.263    u_tcb/mem_reg_0_31_28_38_i_60_n_53
    SLICE_X26Y177        CARRY8 (Prop_CARRY8_SLICEL_S[3]_CO[7])
                                                      0.195     8.458 r  u_tcb/mem_reg_0_31_28_38_i_46/CO[7]
                         net (fo=1, routed)           0.028     8.486    u_tcb/mem_reg_0_31_28_38_i_46_n_53
    SLICE_X26Y178        CARRY8 (Prop_CARRY8_SLICEL_CI_CO[7])
                                                      0.023     8.509 r  u_tcb/mem_reg_0_31_28_38_i_29/CO[7]
                         net (fo=1, routed)           0.028     8.537    u_tcb/mem_reg_0_31_28_38_i_29_n_53
    SLICE_X26Y179        CARRY8 (Prop_CARRY8_SLICEL_CI_O[7])
                                                      0.146     8.683 r  u_tcb/mem_reg_0_31_28_38_i_19/O[7]
                         net (fo=2, routed)           0.250     8.933    u_tcb/u_tcp_tx/ring_ovf12_out[31]
    SLICE_X25Y182        LUT3 (Prop_F6LUT_SLICEM_I2_O)
                                                      0.038     8.971 f  u_tcb/fc_rr[3]_i_7/O
                         net (fo=1, routed)           0.160     9.131    u_tcp_tx/fc_rr[3]_i_4
    SLICE_X25Y185        LUT6 (Prop_G6LUT_SLICEM_I0_O)
                                                      0.116     9.247 r  u_tcp_tx/fc_rr[3]_i_6/O
                         net (fo=37, routed)          0.228     9.475    u_tcp_tx/u_ackq/wscale_r_reg[14][0]_2
    SLICE_X23Y186        LUT5 (Prop_E5LUT_SLICEL_I3_O)
                                                      0.140     9.615 f  u_tcp_tx/u_ackq/rcv_nxt_r[0][31]_i_33/O
                         net (fo=1, routed)           0.210     9.825    u_tcp_tx/u_ackq/rcv_nxt_r[0][31]_i_33_n_53
    SLICE_X22Y187        LUT5 (Prop_B6LUT_SLICEL_I4_O)
                                                      0.177    10.002 f  u_tcp_tx/u_ackq/rcv_nxt_r[0][31]_i_15/O
                         net (fo=1, routed)           0.058    10.060    u_tcp_tx/u_ackq/tx_upd_id[0]
    SLICE_X22Y187        LUT3 (Prop_F6LUT_SLICEL_I0_O)
                                                      0.148    10.208 f  u_tcp_tx/u_ackq/rcv_nxt_r[0][31]_i_4/O
                         net (fo=114, routed)         0.427    10.635    u_tcp_tx/u_ackq/tcb_id[0]
    SLICE_X25Y194        LUT6 (Prop_A6LUT_SLICEM_I2_O)
                                                      0.100    10.735 r  u_tcp_tx/u_ackq/snd_wnd_r[0][15]_i_1/O
                         net (fo=16, routed)          0.461    11.197    u_tcb/snd_wnd_r_reg[0][15]_0[0]
    SLICE_X23Y204        FDCE                                         r  u_tcb/snd_wnd_r_reg[0][5]/CE
  -------------------------------------------------------------------    -------------------

                         (clock g_hw.clk_out0 rise edge)
                                                      6.400     6.400 r  
    T25                                               0.000     6.400 r  sys_clk_p (IN)
                         net (fo=0)                   0.079     6.479    u_clkgen/g_hw.u_ibufds/I
    HPIOBDIFFINBUF_X0Y37 DIFFINBUF (Prop_DIFFINBUF_HPIOBDIFFINBUF_DIFF_IN_P_O)
                                                      0.398     6.877 r  u_clkgen/g_hw.u_ibufds/DIFFINBUF_INST/O
                         net (fo=1, routed)           0.040     6.917    u_clkgen/g_hw.u_ibufds/OUT
    T25                  IBUFCTRL (Prop_IBUFCTRL_HPIOB_M_I_O)
                                                      0.000     6.917 r  u_clkgen/g_hw.u_ibufds/IBUFCTRL_INST/O
                         net (fo=1, routed)           0.304     7.221    u_clkgen/g_hw.clk_in_ibuf
    BUFGCE_X0Y32         BUFGCE (Prop_BUFCE_BUFGCE_I_O)
                                                      0.024     7.245 r  u_clkgen/g_hw.u_bufg_in/O
                         net (fo=485, routed)         1.317     8.562    u_clkgen/clk_in_100
    MMCM_X0Y1            MMCME4_ADV (Prop_MMCM_CLKIN1_CLKOUT0)
                                                      0.644     9.206 r  u_clkgen/g_hw.u_mmcm/CLKOUT0
                         net (fo=1, routed)           0.228     9.434    u_clkgen/g_hw.clk_out0
    BUFGCE_X0Y34         BUFGCE (Prop_BUFCE_BUFGCE_I_O)
                                                      0.024     9.458 r  u_clkgen/g_hw.u_bufg_out/O
    X1Y3 (CLOCK_ROOT)    net (fo=50443, routed)       2.330    11.788    u_tcb/dp_clk
    SLICE_X23Y204        FDCE                                         r  u_tcb/snd_wnd_r_reg[0][5]/C
                         clock pessimism             -0.304    11.484    
                         clock uncertainty           -0.062    11.422    
    SLICE_X23Y204        FDCE (Setup_FFF2_SLICEL_C_CE)
                                                     -0.042    11.380    u_tcb/snd_wnd_r_reg[0][5]
  -------------------------------------------------------------------
                         required time                         11.380    
                         arrival time                         -11.197    
  -------------------------------------------------------------------
                         slack                                  0.183    

Slack (MET) :             0.183ns  (required time - arrival time)
  Source:                 u_tcp_tx/tick_cnt_reg[2]/C
                            (rising edge-triggered cell FDCE clocked by g_hw.clk_out0  {rise@0.000ns fall@3.200ns period=6.400ns})
  Destination:            u_tcb/snd_wnd_r_reg[0][6]/CE
                            (rising edge-triggered cell FDCE clocked by g_hw.clk_out0  {rise@0.000ns fall@3.200ns period=6.400ns})
  Path Group:             g_hw.clk_out0
  Path Type:              Setup (Max at Slow Process Corner)
  Requirement:            6.400ns  (g_hw.clk_out0 rise@6.400ns - g_hw.clk_out0 rise@0.000ns)
  Data Path Delay:        5.966ns  (logic 1.957ns (32.803%)  route 4.009ns (67.197%))
  Logic Levels:           16  (CARRY8=3 LUT2=1 LUT3=2 LUT4=1 LUT5=2 LUT6=7)
  Clock Path Skew:        -0.147ns (DCD - SCD + CPR)
    Destination Clock Delay (DCD):    5.388ns = ( 11.788 - 6.400 ) 
    Source Clock Delay      (SCD):    5.231ns
    Clock Pessimism Removal (CPR):    -0.304ns
  Clock Uncertainty:      0.062ns  ((TSJ^2 + DJ^2)^1/2) / 2 + PE
    Total System Jitter     (TSJ):    0.071ns
    Discrete Jitter          (DJ):    0.101ns
    Phase Error              (PE):    0.000ns
  Clock Net Delay (Source):      2.579ns (routing 1.064ns, distribution 1.515ns)
  Clock Net Delay (Destination): 2.330ns (routing 0.965ns, distribution 1.365ns)

    Location             Delay type                Incr(ns)  Path(ns)    Netlist Resource(s)
  -------------------------------------------------------------------    -------------------
                         (clock g_hw.clk_out0 rise edge)
                                                      0.000     0.000 r  
    T25                                               0.000     0.000 r  sys_clk_p (IN)
                         net (fo=0)                   0.100     0.100    u_clkgen/g_hw.u_ibufds/I
    HPIOBDIFFINBUF_X0Y37 DIFFINBUF (Prop_DIFFINBUF_HPIOBDIFFINBUF_DIFF_IN_P_O)
                                                      0.479     0.579 r  u_clkgen/g_hw.u_ibufds/DIFFINBUF_INST/O
                         net (fo=1, routed)           0.050     0.629    u_clkgen/g_hw.u_ibufds/OUT
    T25                  IBUFCTRL (Prop_IBUFCTRL_HPIOB_M_I_O)
                                                      0.000     0.629 r  u_clkgen/g_hw.u_ibufds/IBUFCTRL_INST/O
                         net (fo=1, routed)           0.343     0.972    u_clkgen/g_hw.clk_in_ibuf
    BUFGCE_X0Y32         BUFGCE (Prop_BUFCE_BUFGCE_I_O)
                                                      0.028     1.000 r  u_clkgen/g_hw.u_bufg_in/O
                         net (fo=485, routed)         1.474     2.474    u_clkgen/clk_in_100
    MMCM_X0Y1            MMCME4_ADV (Prop_MMCM_CLKIN1_CLKOUT0)
                                                     -0.106     2.368 r  u_clkgen/g_hw.u_mmcm/CLKOUT0
                         net (fo=1, routed)           0.256     2.624    u_clkgen/g_hw.clk_out0
    BUFGCE_X0Y34         BUFGCE (Prop_BUFCE_BUFGCE_I_O)
                                                      0.028     2.652 r  u_clkgen/g_hw.u_bufg_out/O
    X1Y3 (CLOCK_ROOT)    net (fo=50443, routed)       2.579     5.231    u_tcp_tx/dp_clk
    SLICE_X45Y166        FDCE                                         r  u_tcp_tx/tick_cnt_reg[2]/C
  -------------------------------------------------------------------    -------------------
    SLICE_X45Y166        FDCE (Prop_CFF2_SLICEL_C_Q)
                                                      0.097     5.328 f  u_tcp_tx/tick_cnt_reg[2]/Q
                         net (fo=5, routed)           0.186     5.513    u_tcp_tx/u_retx/scan_id_reg[3][2]
    SLICE_X45Y166        LUT4 (Prop_F6LUT_SLICEL_I3_O)
                                                      0.148     5.661 r  u_tcp_tx/u_retx/scan_id[3]_i_4__0/O
                         net (fo=3, routed)           0.437     6.098    u_tcp_tx/u_csum/scan_id_reg[3]_3
    SLICE_X36Y172        LUT6 (Prop_G6LUT_SLICEL_I5_O)
                                                      0.038     6.136 f  u_tcp_tx/u_csum/scan_id[3]_i_1__0/O
                         net (fo=422, routed)         0.229     6.365    u_tcp_tx/u_fifo_b/ctrl_doff_reg[3]_0[0]
    SLICE_X38Y174        LUT6 (Prop_C6LUT_SLICEL_I4_O)
                                                      0.148     6.513 r  u_tcp_tx/u_fifo_b/ctrl_doff[3]_i_1/O
                         net (fo=104, routed)         0.282     6.795    u_tcp_tx/u_ackq/ctrl_ack_reg[0]
    SLICE_X36Y175        LUT6 (Prop_E6LUT_SLICEL_I4_O)
                                                      0.100     6.895 r  u_tcp_tx/u_ackq/f_seq[1][31]_i_9/O
                         net (fo=94, routed)          0.577     7.472    u_tcb/cam_rd_id[1]
    SLICE_X25Y181        LUT6 (Prop_C6LUT_SLICEM_I2_O)
                                                      0.098     7.570 r  u_tcb/f_seq[1][11]_i_2/O
                         net (fo=3, routed)           0.200     7.770    u_tcb/f_seq[1][11]_i_2_n_53
    SLICE_X25Y181        LUT6 (Prop_H6LUT_SLICEM_I0_O)
                                                      0.182     7.952 r  u_tcb/f_seq[1][11]_i_1/O
                         net (fo=20, routed)          0.238     8.190    u_tcb/D[11]
    SLICE_X26Y177        LUT2 (Prop_D6LUT_SLICEL_I0_O)
                                                      0.063     8.253 r  u_tcb/mem_reg_0_31_28_38_i_60/O
                         net (fo=1, routed)           0.010     8.263    u_tcb/mem_reg_0_31_28_38_i_60_n_53
    SLICE_X26Y177        CARRY8 (Prop_CARRY8_SLICEL_S[3]_CO[7])
                                                      0.195     8.458 r  u_tcb/mem_reg_0_31_28_38_i_46/CO[7]
                         net (fo=1, routed)           0.028     8.486    u_tcb/mem_reg_0_31_28_38_i_46_n_53
    SLICE_X26Y178        CARRY8 (Prop_CARRY8_SLICEL_CI_CO[7])
                                                      0.023     8.509 r  u_tcb/mem_reg_0_31_28_38_i_29/CO[7]
                         net (fo=1, routed)           0.028     8.537    u_tcb/mem_reg_0_31_28_38_i_29_n_53
    SLICE_X26Y179        CARRY8 (Prop_CARRY8_SLICEL_CI_O[7])
                                                      0.146     8.683 r  u_tcb/mem_reg_0_31_28_38_i_19/O[7]
                         net (fo=2, routed)           0.250     8.933    u_tcb/u_tcp_tx/ring_ovf12_out[31]
    SLICE_X25Y182        LUT3 (Prop_F6LUT_SLICEM_I2_O)
                                                      0.038     8.971 f  u_tcb/fc_rr[3]_i_7/O
                         net (fo=1, routed)           0.160     9.131    u_tcp_tx/fc_rr[3]_i_4
    SLICE_X25Y185        LUT6 (Prop_G6LUT_SLICEM_I0_O)
                                                      0.116     9.247 r  u_tcp_tx/fc_rr[3]_i_6/O
                         net (fo=37, routed)          0.228     9.475    u_tcp_tx/u_ackq/wscale_r_reg[14][0]_2
    SLICE_X23Y186        LUT5 (Prop_E5LUT_SLICEL_I3_O)
                                                      0.140     9.615 f  u_tcp_tx/u_ackq/rcv_nxt_r[0][31]_i_33/O
                         net (fo=1, routed)           0.210     9.825    u_tcp_tx/u_ackq/rcv_nxt_r[0][31]_i_33_n_53
    SLICE_X22Y187        LUT5 (Prop_B6LUT_SLICEL_I4_O)
                                                      0.177    10.002 f  u_tcp_tx/u_ackq/rcv_nxt_r[0][31]_i_15/O
                         net (fo=1, routed)           0.058    10.060    u_tcp_tx/u_ackq/tx_upd_id[0]
    SLICE_X22Y187        LUT3 (Prop_F6LUT_SLICEL_I0_O)
                                                      0.148    10.208 f  u_tcp_tx/u_ackq/rcv_nxt_r[0][31]_i_4/O
                         net (fo=114, routed)         0.427    10.635    u_tcp_tx/u_ackq/tcb_id[0]
    SLICE_X25Y194        LUT6 (Prop_A6LUT_SLICEM_I2_O)
                                                      0.100    10.735 r  u_tcp_tx/u_ackq/snd_wnd_r[0][15]_i_1/O
                         net (fo=16, routed)          0.461    11.197    u_tcb/snd_wnd_r_reg[0][15]_0[0]
    SLICE_X23Y204        FDCE                                         r  u_tcb/snd_wnd_r_reg[0][6]/CE
  -------------------------------------------------------------------    -------------------

                         (clock g_hw.clk_out0 rise edge)
                                                      6.400     6.400 r  
    T25                                               0.000     6.400 r  sys_clk_p (IN)
                         net (fo=0)                   0.079     6.479    u_clkgen/g_hw.u_ibufds/I
    HPIOBDIFFINBUF_X0Y37 DIFFINBUF (Prop_DIFFINBUF_HPIOBDIFFINBUF_DIFF_IN_P_O)
                                                      0.398     6.877 r  u_clkgen/g_hw.u_ibufds/DIFFINBUF_INST/O
                         net (fo=1, routed)           0.040     6.917    u_clkgen/g_hw.u_ibufds/OUT
    T25                  IBUFCTRL (Prop_IBUFCTRL_HPIOB_M_I_O)
                                                      0.000     6.917 r  u_clkgen/g_hw.u_ibufds/IBUFCTRL_INST/O
                         net (fo=1, routed)           0.304     7.221    u_clkgen/g_hw.clk_in_ibuf
    BUFGCE_X0Y32         BUFGCE (Prop_BUFCE_BUFGCE_I_O)
                                                      0.024     7.245 r  u_clkgen/g_hw.u_bufg_in/O
                         net (fo=485, routed)         1.317     8.562    u_clkgen/clk_in_100
    MMCM_X0Y1            MMCME4_ADV (Prop_MMCM_CLKIN1_CLKOUT0)
                                                      0.644     9.206 r  u_clkgen/g_hw.u_mmcm/CLKOUT0
                         net (fo=1, routed)           0.228     9.434    u_clkgen/g_hw.clk_out0
    BUFGCE_X0Y34         BUFGCE (Prop_BUFCE_BUFGCE_I_O)
                                                      0.024     9.458 r  u_clkgen/g_hw.u_bufg_out/O
    X1Y3 (CLOCK_ROOT)    net (fo=50443, routed)       2.330    11.788    u_tcb/dp_clk
    SLICE_X23Y204        FDCE                                         r  u_tcb/snd_wnd_r_reg[0][6]/C
                         clock pessimism             -0.304    11.484    
                         clock uncertainty           -0.062    11.422    
    SLICE_X23Y204        FDCE (Setup_EFF2_SLICEL_C_CE)
                                                     -0.042    11.380    u_tcb/snd_wnd_r_reg[0][6]
  -------------------------------------------------------------------
                         required time                         11.380    
                         arrival time                         -11.197    
  -------------------------------------------------------------------
                         slack                                  0.183    

Slack (MET) :             0.189ns  (required time - arrival time)
  Source:                 u_tcp_tx/tick_cnt_reg[2]/C
                            (rising edge-triggered cell FDCE clocked by g_hw.clk_out0  {rise@0.000ns fall@3.200ns period=6.400ns})
  Destination:            u_tcb/rcv_nxt_r_reg[2][13]/CE
                            (rising edge-triggered cell FDCE clocked by g_hw.clk_out0  {rise@0.000ns fall@3.200ns period=6.400ns})
  Path Group:             g_hw.clk_out0
  Path Type:              Setup (Max at Slow Process Corner)
  Requirement:            6.400ns  (g_hw.clk_out0 rise@6.400ns - g_hw.clk_out0 rise@0.000ns)
  Data Path Delay:        5.973ns  (logic 1.736ns (29.066%)  route 4.237ns (70.934%))
  Logic Levels:           16  (CARRY8=3 LUT2=1 LUT3=2 LUT4=1 LUT5=2 LUT6=7)
  Clock Path Skew:        -0.135ns (DCD - SCD + CPR)
    Destination Clock Delay (DCD):    5.400ns = ( 11.800 - 6.400 ) 
    Source Clock Delay      (SCD):    5.231ns
    Clock Pessimism Removal (CPR):    -0.304ns
  Clock Uncertainty:      0.062ns  ((TSJ^2 + DJ^2)^1/2) / 2 + PE
    Total System Jitter     (TSJ):    0.071ns
    Discrete Jitter          (DJ):    0.101ns
    Phase Error              (PE):    0.000ns
  Clock Net Delay (Source):      2.579ns (routing 1.064ns, distribution 1.515ns)
  Clock Net Delay (Destination): 2.342ns (routing 0.965ns, distribution 1.377ns)

    Location             Delay type                Incr(ns)  Path(ns)    Netlist Resource(s)
  -------------------------------------------------------------------    -------------------
                         (clock g_hw.clk_out0 rise edge)
                                                      0.000     0.000 r  
    T25                                               0.000     0.000 r  sys_clk_p (IN)
                         net (fo=0)                   0.100     0.100    u_clkgen/g_hw.u_ibufds/I
    HPIOBDIFFINBUF_X0Y37 DIFFINBUF (Prop_DIFFINBUF_HPIOBDIFFINBUF_DIFF_IN_P_O)
                                                      0.479     0.579 r  u_clkgen/g_hw.u_ibufds/DIFFINBUF_INST/O
                         net (fo=1, routed)           0.050     0.629    u_clkgen/g_hw.u_ibufds/OUT
    T25                  IBUFCTRL (Prop_IBUFCTRL_HPIOB_M_I_O)
                                                      0.000     0.629 r  u_clkgen/g_hw.u_ibufds/IBUFCTRL_INST/O
                         net (fo=1, routed)           0.343     0.972    u_clkgen/g_hw.clk_in_ibuf
    BUFGCE_X0Y32         BUFGCE (Prop_BUFCE_BUFGCE_I_O)
                                                      0.028     1.000 r  u_clkgen/g_hw.u_bufg_in/O
                         net (fo=485, routed)         1.474     2.474    u_clkgen/clk_in_100
    MMCM_X0Y1            MMCME4_ADV (Prop_MMCM_CLKIN1_CLKOUT0)
                                                     -0.106     2.368 r  u_clkgen/g_hw.u_mmcm/CLKOUT0
                         net (fo=1, routed)           0.256     2.624    u_clkgen/g_hw.clk_out0
    BUFGCE_X0Y34         BUFGCE (Prop_BUFCE_BUFGCE_I_O)
                                                      0.028     2.652 r  u_clkgen/g_hw.u_bufg_out/O
    X1Y3 (CLOCK_ROOT)    net (fo=50443, routed)       2.579     5.231    u_tcp_tx/dp_clk
    SLICE_X45Y166        FDCE                                         r  u_tcp_tx/tick_cnt_reg[2]/C
  -------------------------------------------------------------------    -------------------
    SLICE_X45Y166        FDCE (Prop_CFF2_SLICEL_C_Q)
                                                      0.097     5.328 f  u_tcp_tx/tick_cnt_reg[2]/Q
                         net (fo=5, routed)           0.186     5.513    u_tcp_tx/u_retx/scan_id_reg[3][2]
    SLICE_X45Y166        LUT4 (Prop_F6LUT_SLICEL_I3_O)
                                                      0.148     5.661 r  u_tcp_tx/u_retx/scan_id[3]_i_4__0/O
                         net (fo=3, routed)           0.437     6.098    u_tcp_tx/u_csum/scan_id_reg[3]_3
    SLICE_X36Y172        LUT6 (Prop_G6LUT_SLICEL_I5_O)
                                                      0.038     6.136 f  u_tcp_tx/u_csum/scan_id[3]_i_1__0/O
                         net (fo=422, routed)         0.229     6.365    u_tcp_tx/u_fifo_b/ctrl_doff_reg[3]_0[0]
    SLICE_X38Y174        LUT6 (Prop_C6LUT_SLICEL_I4_O)
                                                      0.148     6.513 r  u_tcp_tx/u_fifo_b/ctrl_doff[3]_i_1/O
                         net (fo=104, routed)         0.282     6.795    u_tcp_tx/u_ackq/ctrl_ack_reg[0]
    SLICE_X36Y175        LUT6 (Prop_E6LUT_SLICEL_I4_O)
                                                      0.100     6.895 r  u_tcp_tx/u_ackq/f_seq[1][31]_i_9/O
                         net (fo=94, routed)          0.577     7.472    u_tcb/cam_rd_id[1]
    SLICE_X25Y181        LUT6 (Prop_C6LUT_SLICEM_I2_O)
                                                      0.098     7.570 r  u_tcb/f_seq[1][11]_i_2/O
                         net (fo=3, routed)           0.200     7.770    u_tcb/f_seq[1][11]_i_2_n_53
    SLICE_X25Y181        LUT6 (Prop_H6LUT_SLICEM_I0_O)
                                                      0.182     7.952 r  u_tcb/f_seq[1][11]_i_1/O
                         net (fo=20, routed)          0.238     8.190    u_tcb/D[11]
    SLICE_X26Y177        LUT2 (Prop_D6LUT_SLICEL_I0_O)
                                                      0.063     8.253 r  u_tcb/mem_reg_0_31_28_38_i_60/O
                         net (fo=1, routed)           0.010     8.263    u_tcb/mem_reg_0_31_28_38_i_60_n_53
    SLICE_X26Y177        CARRY8 (Prop_CARRY8_SLICEL_S[3]_CO[7])
                                                      0.195     8.458 r  u_tcb/mem_reg_0_31_28_38_i_46/CO[7]
                         net (fo=1, routed)           0.028     8.486    u_tcb/mem_reg_0_31_28_38_i_46_n_53
    SLICE_X26Y178        CARRY8 (Prop_CARRY8_SLICEL_CI_CO[7])
                                                      0.023     8.509 r  u_tcb/mem_reg_0_31_28_38_i_29/CO[7]
                         net (fo=1, routed)           0.028     8.537    u_tcb/mem_reg_0_31_28_38_i_29_n_53
    SLICE_X26Y179        CARRY8 (Prop_CARRY8_SLICEL_CI_O[7])
                                                      0.146     8.683 r  u_tcb/mem_reg_0_31_28_38_i_19/O[7]
                         net (fo=2, routed)           0.250     8.933    u_tcb/u_tcp_tx/ring_ovf12_out[31]
    SLICE_X25Y182        LUT3 (Prop_F6LUT_SLICEM_I2_O)
                                                      0.038     8.971 f  u_tcb/fc_rr[3]_i_7/O
                         net (fo=1, routed)           0.160     9.131    u_tcp_tx/fc_rr[3]_i_4
    SLICE_X25Y185        LUT6 (Prop_G6LUT_SLICEM_I0_O)
                                                      0.116     9.247 r  u_tcp_tx/fc_rr[3]_i_6/O
                         net (fo=37, routed)          0.165     9.412    u_tcp_tx/u_ackq/wscale_r_reg[14][0]_2
    SLICE_X23Y185        LUT5 (Prop_A6LUT_SLICEL_I3_O)
                                                      0.178     9.590 r  u_tcp_tx/u_ackq/rcv_nxt_r[0][31]_i_32/O
                         net (fo=1, routed)           0.165     9.755    u_tcp_tx/u_ackq/rcv_nxt_r[0][31]_i_32_n_53
    SLICE_X22Y187        LUT5 (Prop_A6LUT_SLICEL_I4_O)
                                                      0.039     9.794 r  u_tcp_tx/u_ackq/rcv_nxt_r[0][31]_i_13/O
                         net (fo=1, routed)           0.257    10.051    u_tcp_tx/u_ackq/tx_upd_id[1]
    SLICE_X22Y187        LUT3 (Prop_G6LUT_SLICEL_I0_O)
                                                      0.063    10.114 r  u_tcp_tx/u_ackq/rcv_nxt_r[0][31]_i_3/O
                         net (fo=114, routed)         0.569    10.683    u_tcp_tx/u_ackq/tcb_id[1]
    SLICE_X23Y195        LUT6 (Prop_B6LUT_SLICEL_I3_O)
                                                      0.064    10.747 r  u_tcp_tx/u_ackq/rcv_nxt_r[2][31]_i_1/O
                         net (fo=32, routed)          0.456    11.203    u_tcb/rcv_nxt_r_reg[2][31]_0[0]
    SLICE_X22Y199        FDCE                                         r  u_tcb/rcv_nxt_r_reg[2][13]/CE
  -------------------------------------------------------------------    -------------------

                         (clock g_hw.clk_out0 rise edge)
                                                      6.400     6.400 r  
    T25                                               0.000     6.400 r  sys_clk_p (IN)
                         net (fo=0)                   0.079     6.479    u_clkgen/g_hw.u_ibufds/I
    HPIOBDIFFINBUF_X0Y37 DIFFINBUF (Prop_DIFFINBUF_HPIOBDIFFINBUF_DIFF_IN_P_O)
                                                      0.398     6.877 r  u_clkgen/g_hw.u_ibufds/DIFFINBUF_INST/O
                         net (fo=1, routed)           0.040     6.917    u_clkgen/g_hw.u_ibufds/OUT
    T25                  IBUFCTRL (Prop_IBUFCTRL_HPIOB_M_I_O)
                                                      0.000     6.917 r  u_clkgen/g_hw.u_ibufds/IBUFCTRL_INST/O
                         net (fo=1, routed)           0.304     7.221    u_clkgen/g_hw.clk_in_ibuf
    BUFGCE_X0Y32         BUFGCE (Prop_BUFCE_BUFGCE_I_O)
                                                      0.024     7.245 r  u_clkgen/g_hw.u_bufg_in/O
                         net (fo=485, routed)         1.317     8.562    u_clkgen/clk_in_100
    MMCM_X0Y1            MMCME4_ADV (Prop_MMCM_CLKIN1_CLKOUT0)
                                                      0.644     9.206 r  u_clkgen/g_hw.u_mmcm/CLKOUT0
                         net (fo=1, routed)           0.228     9.434    u_clkgen/g_hw.clk_out0
    BUFGCE_X0Y34         BUFGCE (Prop_BUFCE_BUFGCE_I_O)
                                                      0.024     9.458 r  u_clkgen/g_hw.u_bufg_out/O
    X1Y3 (CLOCK_ROOT)    net (fo=50443, routed)       2.342    11.800    u_tcb/dp_clk
    SLICE_X22Y199        FDCE                                         r  u_tcb/rcv_nxt_r_reg[2][13]/C
                         clock pessimism             -0.304    11.496    
                         clock uncertainty           -0.062    11.434    
    SLICE_X22Y199        FDCE (Setup_DFF2_SLICEL_C_CE)
                                                     -0.042    11.392    u_tcb/rcv_nxt_r_reg[2][13]
  -------------------------------------------------------------------
                         required time                         11.392    
                         arrival time                         -11.203    
  -------------------------------------------------------------------
                         slack                                  0.189    

Slack (MET) :             0.189ns  (required time - arrival time)
  Source:                 u_tcp_tx/tick_cnt_reg[2]/C
                            (rising edge-triggered cell FDCE clocked by g_hw.clk_out0  {rise@0.000ns fall@3.200ns period=6.400ns})
  Destination:            u_tcb/rcv_nxt_r_reg[2][19]/CE
                            (rising edge-triggered cell FDCE clocked by g_hw.clk_out0  {rise@0.000ns fall@3.200ns period=6.400ns})
  Path Group:             g_hw.clk_out0
  Path Type:              Setup (Max at Slow Process Corner)
  Requirement:            6.400ns  (g_hw.clk_out0 rise@6.400ns - g_hw.clk_out0 rise@0.000ns)
  Data Path Delay:        5.973ns  (logic 1.736ns (29.066%)  route 4.237ns (70.934%))
  Logic Levels:           16  (CARRY8=3 LUT2=1 LUT3=2 LUT4=1 LUT5=2 LUT6=7)
  Clock Path Skew:        -0.135ns (DCD - SCD + CPR)
    Destination Clock Delay (DCD):    5.400ns = ( 11.800 - 6.400 ) 
    Source Clock Delay      (SCD):    5.231ns
    Clock Pessimism Removal (CPR):    -0.304ns
  Clock Uncertainty:      0.062ns  ((TSJ^2 + DJ^2)^1/2) / 2 + PE
    Total System Jitter     (TSJ):    0.071ns
    Discrete Jitter          (DJ):    0.101ns
    Phase Error              (PE):    0.000ns
  Clock Net Delay (Source):      2.579ns (routing 1.064ns, distribution 1.515ns)
  Clock Net Delay (Destination): 2.342ns (routing 0.965ns, distribution 1.377ns)

    Location             Delay type                Incr(ns)  Path(ns)    Netlist Resource(s)
  -------------------------------------------------------------------    -------------------
                         (clock g_hw.clk_out0 rise edge)
                                                      0.000     0.000 r  
    T25                                               0.000     0.000 r  sys_clk_p (IN)
                         net (fo=0)                   0.100     0.100    u_clkgen/g_hw.u_ibufds/I
    HPIOBDIFFINBUF_X0Y37 DIFFINBUF (Prop_DIFFINBUF_HPIOBDIFFINBUF_DIFF_IN_P_O)
                                                      0.479     0.579 r  u_clkgen/g_hw.u_ibufds/DIFFINBUF_INST/O
                         net (fo=1, routed)           0.050     0.629    u_clkgen/g_hw.u_ibufds/OUT
    T25                  IBUFCTRL (Prop_IBUFCTRL_HPIOB_M_I_O)
                                                      0.000     0.629 r  u_clkgen/g_hw.u_ibufds/IBUFCTRL_INST/O
                         net (fo=1, routed)           0.343     0.972    u_clkgen/g_hw.clk_in_ibuf
    BUFGCE_X0Y32         BUFGCE (Prop_BUFCE_BUFGCE_I_O)
                                                      0.028     1.000 r  u_clkgen/g_hw.u_bufg_in/O
                         net (fo=485, routed)         1.474     2.474    u_clkgen/clk_in_100
    MMCM_X0Y1            MMCME4_ADV (Prop_MMCM_CLKIN1_CLKOUT0)
                                                     -0.106     2.368 r  u_clkgen/g_hw.u_mmcm/CLKOUT0
                         net (fo=1, routed)           0.256     2.624    u_clkgen/g_hw.clk_out0
    BUFGCE_X0Y34         BUFGCE (Prop_BUFCE_BUFGCE_I_O)
                                                      0.028     2.652 r  u_clkgen/g_hw.u_bufg_out/O
    X1Y3 (CLOCK_ROOT)    net (fo=50443, routed)       2.579     5.231    u_tcp_tx/dp_clk
    SLICE_X45Y166        FDCE                                         r  u_tcp_tx/tick_cnt_reg[2]/C
  -------------------------------------------------------------------    -------------------
    SLICE_X45Y166        FDCE (Prop_CFF2_SLICEL_C_Q)
                                                      0.097     5.328 f  u_tcp_tx/tick_cnt_reg[2]/Q
                         net (fo=5, routed)           0.186     5.513    u_tcp_tx/u_retx/scan_id_reg[3][2]
    SLICE_X45Y166        LUT4 (Prop_F6LUT_SLICEL_I3_O)
                                                      0.148     5.661 r  u_tcp_tx/u_retx/scan_id[3]_i_4__0/O
                         net (fo=3, routed)           0.437     6.098    u_tcp_tx/u_csum/scan_id_reg[3]_3
    SLICE_X36Y172        LUT6 (Prop_G6LUT_SLICEL_I5_O)
                                                      0.038     6.136 f  u_tcp_tx/u_csum/scan_id[3]_i_1__0/O
                         net (fo=422, routed)         0.229     6.365    u_tcp_tx/u_fifo_b/ctrl_doff_reg[3]_0[0]
    SLICE_X38Y174        LUT6 (Prop_C6LUT_SLICEL_I4_O)
                                                      0.148     6.513 r  u_tcp_tx/u_fifo_b/ctrl_doff[3]_i_1/O
                         net (fo=104, routed)         0.282     6.795    u_tcp_tx/u_ackq/ctrl_ack_reg[0]
    SLICE_X36Y175        LUT6 (Prop_E6LUT_SLICEL_I4_O)
                                                      0.100     6.895 r  u_tcp_tx/u_ackq/f_seq[1][31]_i_9/O
                         net (fo=94, routed)          0.577     7.472    u_tcb/cam_rd_id[1]
    SLICE_X25Y181        LUT6 (Prop_C6LUT_SLICEM_I2_O)
                                                      0.098     7.570 r  u_tcb/f_seq[1][11]_i_2/O
                         net (fo=3, routed)           0.200     7.770    u_tcb/f_seq[1][11]_i_2_n_53
    SLICE_X25Y181        LUT6 (Prop_H6LUT_SLICEM_I0_O)
                                                      0.182     7.952 r  u_tcb/f_seq[1][11]_i_1/O
                         net (fo=20, routed)          0.238     8.190    u_tcb/D[11]
    SLICE_X26Y177        LUT2 (Prop_D6LUT_SLICEL_I0_O)
                                                      0.063     8.253 r  u_tcb/mem_reg_0_31_28_38_i_60/O
                         net (fo=1, routed)           0.010     8.263    u_tcb/mem_reg_0_31_28_38_i_60_n_53
    SLICE_X26Y177        CARRY8 (Prop_CARRY8_SLICEL_S[3]_CO[7])
                                                      0.195     8.458 r  u_tcb/mem_reg_0_31_28_38_i_46/CO[7]
                         net (fo=1, routed)           0.028     8.486    u_tcb/mem_reg_0_31_28_38_i_46_n_53
    SLICE_X26Y178        CARRY8 (Prop_CARRY8_SLICEL_CI_CO[7])
                                                      0.023     8.509 r  u_tcb/mem_reg_0_31_28_38_i_29/CO[7]
                         net (fo=1, routed)           0.028     8.537    u_tcb/mem_reg_0_31_28_38_i_29_n_53
    SLICE_X26Y179        CARRY8 (Prop_CARRY8_SLICEL_CI_O[7])
                                                      0.146     8.683 r  u_tcb/mem_reg_0_31_28_38_i_19/O[7]
                         net (fo=2, routed)           0.250     8.933    u_tcb/u_tcp_tx/ring_ovf12_out[31]
    SLICE_X25Y182        LUT3 (Prop_F6LUT_SLICEM_I2_O)
                                                      0.038     8.971 f  u_tcb/fc_rr[3]_i_7/O
                         net (fo=1, routed)           0.160     9.131    u_tcp_tx/fc_rr[3]_i_4
    SLICE_X25Y185        LUT6 (Prop_G6LUT_SLICEM_I0_O)
                                                      0.116     9.247 r  u_tcp_tx/fc_rr[3]_i_6/O
                         net (fo=37, routed)          0.165     9.412    u_tcp_tx/u_ackq/wscale_r_reg[14][0]_2
    SLICE_X23Y185        LUT5 (Prop_A6LUT_SLICEL_I3_O)
                                                      0.178     9.590 r  u_tcp_tx/u_ackq/rcv_nxt_r[0][31]_i_32/O
                         net (fo=1, routed)           0.165     9.755    u_tcp_tx/u_ackq/rcv_nxt_r[0][31]_i_32_n_53
    SLICE_X22Y187        LUT5 (Prop_A6LUT_SLICEL_I4_O)
                                                      0.039     9.794 r  u_tcp_tx/u_ackq/rcv_nxt_r[0][31]_i_13/O
                         net (fo=1, routed)           0.257    10.051    u_tcp_tx/u_ackq/tx_upd_id[1]
    SLICE_X22Y187        LUT3 (Prop_G6LUT_SLICEL_I0_O)
                                                      0.063    10.114 r  u_tcp_tx/u_ackq/rcv_nxt_r[0][31]_i_3/O
                         net (fo=114, routed)         0.569    10.683    u_tcp_tx/u_ackq/tcb_id[1]
    SLICE_X23Y195        LUT6 (Prop_B6LUT_SLICEL_I3_O)
                                                      0.064    10.747 r  u_tcp_tx/u_ackq/rcv_nxt_r[2][31]_i_1/O
                         net (fo=32, routed)          0.456    11.203    u_tcb/rcv_nxt_r_reg[2][31]_0[0]
    SLICE_X22Y199        FDCE                                         r  u_tcb/rcv_nxt_r_reg[2][19]/CE
  -------------------------------------------------------------------    -------------------

                         (clock g_hw.clk_out0 rise edge)
                                                      6.400     6.400 r  
    T25                                               0.000     6.400 r  sys_clk_p (IN)
                         net (fo=0)                   0.079     6.479    u_clkgen/g_hw.u_ibufds/I
    HPIOBDIFFINBUF_X0Y37 DIFFINBUF (Prop_DIFFINBUF_HPIOBDIFFINBUF_DIFF_IN_P_O)
                                                      0.398     6.877 r  u_clkgen/g_hw.u_ibufds/DIFFINBUF_INST/O
                         net (fo=1, routed)           0.040     6.917    u_clkgen/g_hw.u_ibufds/OUT
    T25                  IBUFCTRL (Prop_IBUFCTRL_HPIOB_M_I_O)
                                                      0.000     6.917 r  u_clkgen/g_hw.u_ibufds/IBUFCTRL_INST/O
                         net (fo=1, routed)           0.304     7.221    u_clkgen/g_hw.clk_in_ibuf
    BUFGCE_X0Y32         BUFGCE (Prop_BUFCE_BUFGCE_I_O)
                                                      0.024     7.245 r  u_clkgen/g_hw.u_bufg_in/O
                         net (fo=485, routed)         1.317     8.562    u_clkgen/clk_in_100
    MMCM_X0Y1            MMCME4_ADV (Prop_MMCM_CLKIN1_CLKOUT0)
                                                      0.644     9.206 r  u_clkgen/g_hw.u_mmcm/CLKOUT0
                         net (fo=1, routed)           0.228     9.434    u_clkgen/g_hw.clk_out0
    BUFGCE_X0Y34         BUFGCE (Prop_BUFCE_BUFGCE_I_O)
                                                      0.024     9.458 r  u_clkgen/g_hw.u_bufg_out/O
    X1Y3 (CLOCK_ROOT)    net (fo=50443, routed)       2.342    11.800    u_tcb/dp_clk
    SLICE_X22Y199        FDCE                                         r  u_tcb/rcv_nxt_r_reg[2][19]/C
                         clock pessimism             -0.304    11.496    
                         clock uncertainty           -0.062    11.434    
    SLICE_X22Y199        FDCE (Setup_CFF2_SLICEL_C_CE)
                                                     -0.042    11.392    u_tcb/rcv_nxt_r_reg[2][19]
  -------------------------------------------------------------------
                         required time                         11.392    
                         arrival time                         -11.203    
  -------------------------------------------------------------------
                         slack                                  0.189    

Slack (MET) :             0.189ns  (required time - arrival time)
  Source:                 u_tcp_tx/tick_cnt_reg[2]/C
                            (rising edge-triggered cell FDCE clocked by g_hw.clk_out0  {rise@0.000ns fall@3.200ns period=6.400ns})
  Destination:            u_tcb/rcv_nxt_r_reg[2][24]/CE
                            (rising edge-triggered cell FDCE clocked by g_hw.clk_out0  {rise@0.000ns fall@3.200ns period=6.400ns})
  Path Group:             g_hw.clk_out0
  Path Type:              Setup (Max at Slow Process Corner)
  Requirement:            6.400ns  (g_hw.clk_out0 rise@6.400ns - g_hw.clk_out0 rise@0.000ns)
  Data Path Delay:        5.973ns  (logic 1.736ns (29.066%)  route 4.237ns (70.934%))
  Logic Levels:           16  (CARRY8=3 LUT2=1 LUT3=2 LUT4=1 LUT5=2 LUT6=7)
  Clock Path Skew:        -0.135ns (DCD - SCD + CPR)
    Destination Clock Delay (DCD):    5.400ns = ( 11.800 - 6.400 ) 
    Source Clock Delay      (SCD):    5.231ns
    Clock Pessimism Removal (CPR):    -0.304ns
  Clock Uncertainty:      0.062ns  ((TSJ^2 + DJ^2)^1/2) / 2 + PE
    Total System Jitter     (TSJ):    0.071ns
    Discrete Jitter          (DJ):    0.101ns
    Phase Error              (PE):    0.000ns
  Clock Net Delay (Source):      2.579ns (routing 1.064ns, distribution 1.515ns)
  Clock Net Delay (Destination): 2.342ns (routing 0.965ns, distribution 1.377ns)

    Location             Delay type                Incr(ns)  Path(ns)    Netlist Resource(s)
  -------------------------------------------------------------------    -------------------
                         (clock g_hw.clk_out0 rise edge)
                                                      0.000     0.000 r  
    T25                                               0.000     0.000 r  sys_clk_p (IN)
                         net (fo=0)                   0.100     0.100    u_clkgen/g_hw.u_ibufds/I
    HPIOBDIFFINBUF_X0Y37 DIFFINBUF (Prop_DIFFINBUF_HPIOBDIFFINBUF_DIFF_IN_P_O)
                                                      0.479     0.579 r  u_clkgen/g_hw.u_ibufds/DIFFINBUF_INST/O
                         net (fo=1, routed)           0.050     0.629    u_clkgen/g_hw.u_ibufds/OUT
    T25                  IBUFCTRL (Prop_IBUFCTRL_HPIOB_M_I_O)
                                                      0.000     0.629 r  u_clkgen/g_hw.u_ibufds/IBUFCTRL_INST/O
                         net (fo=1, routed)           0.343     0.972    u_clkgen/g_hw.clk_in_ibuf
    BUFGCE_X0Y32         BUFGCE (Prop_BUFCE_BUFGCE_I_O)
                                                      0.028     1.000 r  u_clkgen/g_hw.u_bufg_in/O
                         net (fo=485, routed)         1.474     2.474    u_clkgen/clk_in_100
    MMCM_X0Y1            MMCME4_ADV (Prop_MMCM_CLKIN1_CLKOUT0)
                                                     -0.106     2.368 r  u_clkgen/g_hw.u_mmcm/CLKOUT0
                         net (fo=1, routed)           0.256     2.624    u_clkgen/g_hw.clk_out0
    BUFGCE_X0Y34         BUFGCE (Prop_BUFCE_BUFGCE_I_O)
                                                      0.028     2.652 r  u_clkgen/g_hw.u_bufg_out/O
    X1Y3 (CLOCK_ROOT)    net (fo=50443, routed)       2.579     5.231    u_tcp_tx/dp_clk
    SLICE_X45Y166        FDCE                                         r  u_tcp_tx/tick_cnt_reg[2]/C
  -------------------------------------------------------------------    -------------------
    SLICE_X45Y166        FDCE (Prop_CFF2_SLICEL_C_Q)
                                                      0.097     5.328 f  u_tcp_tx/tick_cnt_reg[2]/Q
                         net (fo=5, routed)           0.186     5.513    u_tcp_tx/u_retx/scan_id_reg[3][2]
    SLICE_X45Y166        LUT4 (Prop_F6LUT_SLICEL_I3_O)
                                                      0.148     5.661 r  u_tcp_tx/u_retx/scan_id[3]_i_4__0/O
                         net (fo=3, routed)           0.437     6.098    u_tcp_tx/u_csum/scan_id_reg[3]_3
    SLICE_X36Y172        LUT6 (Prop_G6LUT_SLICEL_I5_O)
                                                      0.038     6.136 f  u_tcp_tx/u_csum/scan_id[3]_i_1__0/O
                         net (fo=422, routed)         0.229     6.365    u_tcp_tx/u_fifo_b/ctrl_doff_reg[3]_0[0]
    SLICE_X38Y174        LUT6 (Prop_C6LUT_SLICEL_I4_O)
                                                      0.148     6.513 r  u_tcp_tx/u_fifo_b/ctrl_doff[3]_i_1/O
                         net (fo=104, routed)         0.282     6.795    u_tcp_tx/u_ackq/ctrl_ack_reg[0]
    SLICE_X36Y175        LUT6 (Prop_E6LUT_SLICEL_I4_O)
                                                      0.100     6.895 r  u_tcp_tx/u_ackq/f_seq[1][31]_i_9/O
                         net (fo=94, routed)          0.577     7.472    u_tcb/cam_rd_id[1]
    SLICE_X25Y181        LUT6 (Prop_C6LUT_SLICEM_I2_O)
                                                      0.098     7.570 r  u_tcb/f_seq[1][11]_i_2/O
                         net (fo=3, routed)           0.200     7.770    u_tcb/f_seq[1][11]_i_2_n_53
    SLICE_X25Y181        LUT6 (Prop_H6LUT_SLICEM_I0_O)
                                                      0.182     7.952 r  u_tcb/f_seq[1][11]_i_1/O
                         net (fo=20, routed)          0.238     8.190    u_tcb/D[11]
    SLICE_X26Y177        LUT2 (Prop_D6LUT_SLICEL_I0_O)
                                                      0.063     8.253 r  u_tcb/mem_reg_0_31_28_38_i_60/O
                         net (fo=1, routed)           0.010     8.263    u_tcb/mem_reg_0_31_28_38_i_60_n_53
    SLICE_X26Y177        CARRY8 (Prop_CARRY8_SLICEL_S[3]_CO[7])
                                                      0.195     8.458 r  u_tcb/mem_reg_0_31_28_38_i_46/CO[7]
                         net (fo=1, routed)           0.028     8.486    u_tcb/mem_reg_0_31_28_38_i_46_n_53
    SLICE_X26Y178        CARRY8 (Prop_CARRY8_SLICEL_CI_CO[7])
                                                      0.023     8.509 r  u_tcb/mem_reg_0_31_28_38_i_29/CO[7]
                         net (fo=1, routed)           0.028     8.537    u_tcb/mem_reg_0_31_28_38_i_29_n_53
    SLICE_X26Y179        CARRY8 (Prop_CARRY8_SLICEL_CI_O[7])
                                                      0.146     8.683 r  u_tcb/mem_reg_0_31_28_38_i_19/O[7]
                         net (fo=2, routed)           0.250     8.933    u_tcb/u_tcp_tx/ring_ovf12_out[31]
    SLICE_X25Y182        LUT3 (Prop_F6LUT_SLICEM_I2_O)
                                                      0.038     8.971 f  u_tcb/fc_rr[3]_i_7/O
                         net (fo=1, routed)           0.160     9.131    u_tcp_tx/fc_rr[3]_i_4
    SLICE_X25Y185        LUT6 (Prop_G6LUT_SLICEM_I0_O)
                                                      0.116     9.247 r  u_tcp_tx/fc_rr[3]_i_6/O
                         net (fo=37, routed)          0.165     9.412    u_tcp_tx/u_ackq/wscale_r_reg[14][0]_2
    SLICE_X23Y185        LUT5 (Prop_A6LUT_SLICEL_I3_O)
                                                      0.178     9.590 r  u_tcp_tx/u_ackq/rcv_nxt_r[0][31]_i_32/O
                         net (fo=1, routed)           0.165     9.755    u_tcp_tx/u_ackq/rcv_nxt_r[0][31]_i_32_n_53
    SLICE_X22Y187        LUT5 (Prop_A6LUT_SLICEL_I4_O)
                                                      0.039     9.794 r  u_tcp_tx/u_ackq/rcv_nxt_r[0][31]_i_13/O
                         net (fo=1, routed)           0.257    10.051    u_tcp_tx/u_ackq/tx_upd_id[1]
    SLICE_X22Y187        LUT3 (Prop_G6LUT_SLICEL_I0_O)
                                                      0.063    10.114 r  u_tcp_tx/u_ackq/rcv_nxt_r[0][31]_i_3/O
                         net (fo=114, routed)         0.569    10.683    u_tcp_tx/u_ackq/tcb_id[1]
    SLICE_X23Y195        LUT6 (Prop_B6LUT_SLICEL_I3_O)
                                                      0.064    10.747 r  u_tcp_tx/u_ackq/rcv_nxt_r[2][31]_i_1/O
                         net (fo=32, routed)          0.456    11.203    u_tcb/rcv_nxt_r_reg[2][31]_0[0]
    SLICE_X22Y199        FDCE                                         r  u_tcb/rcv_nxt_r_reg[2][24]/CE
  -------------------------------------------------------------------    -------------------

                         (clock g_hw.clk_out0 rise edge)
                                                      6.400     6.400 r  
    T25                                               0.000     6.400 r  sys_clk_p (IN)
                         net (fo=0)                   0.079     6.479    u_clkgen/g_hw.u_ibufds/I
    HPIOBDIFFINBUF_X0Y37 DIFFINBUF (Prop_DIFFINBUF_HPIOBDIFFINBUF_DIFF_IN_P_O)
                                                      0.398     6.877 r  u_clkgen/g_hw.u_ibufds/DIFFINBUF_INST/O
                         net (fo=1, routed)           0.040     6.917    u_clkgen/g_hw.u_ibufds/OUT
    T25                  IBUFCTRL (Prop_IBUFCTRL_HPIOB_M_I_O)
                                                      0.000     6.917 r  u_clkgen/g_hw.u_ibufds/IBUFCTRL_INST/O
                         net (fo=1, routed)           0.304     7.221    u_clkgen/g_hw.clk_in_ibuf
    BUFGCE_X0Y32         BUFGCE (Prop_BUFCE_BUFGCE_I_O)
                                                      0.024     7.245 r  u_clkgen/g_hw.u_bufg_in/O
                         net (fo=485, routed)         1.317     8.562    u_clkgen/clk_in_100
    MMCM_X0Y1            MMCME4_ADV (Prop_MMCM_CLKIN1_CLKOUT0)
                                                      0.644     9.206 r  u_clkgen/g_hw.u_mmcm/CLKOUT0
                         net (fo=1, routed)           0.228     9.434    u_clkgen/g_hw.clk_out0
    BUFGCE_X0Y34         BUFGCE (Prop_BUFCE_BUFGCE_I_O)
                                                      0.024     9.458 r  u_clkgen/g_hw.u_bufg_out/O
    X1Y3 (CLOCK_ROOT)    net (fo=50443, routed)       2.342    11.800    u_tcb/dp_clk
    SLICE_X22Y199        FDCE                                         r  u_tcb/rcv_nxt_r_reg[2][24]/C
                         clock pessimism             -0.304    11.496    
                         clock uncertainty           -0.062    11.434    
    SLICE_X22Y199        FDCE (Setup_BFF2_SLICEL_C_CE)
                                                     -0.042    11.392    u_tcb/rcv_nxt_r_reg[2][24]
  -------------------------------------------------------------------
                         required time                         11.392    
                         arrival time                         -11.203    
  -------------------------------------------------------------------
                         slack                                  0.189    

Slack (MET) :             0.190ns  (required time - arrival time)
  Source:                 u_tcp_tx/u_retx/g_byte[1].mem_e_reg_2_bram_8/CLKBWRCLK
                            (rising edge-triggered cell RAMB36E2 clocked by g_hw.clk_out0  {rise@0.000ns fall@3.200ns period=6.400ns})
  Destination:            u_tcp_tx/ring_d_r_reg[33]/D
                            (rising edge-triggered cell FDCE clocked by g_hw.clk_out0  {rise@0.000ns fall@3.200ns period=6.400ns})
  Path Group:             g_hw.clk_out0
  Path Type:              Setup (Max at Slow Process Corner)
  Requirement:            6.400ns  (g_hw.clk_out0 rise@6.400ns - g_hw.clk_out0 rise@0.000ns)
  Data Path Delay:        5.747ns  (logic 2.870ns (49.940%)  route 2.877ns (50.060%))
  Logic Levels:           10  (LUT4=1 LUT6=2 RAMB36E2=7)
  Clock Path Skew:        -0.429ns (DCD - SCD + CPR)
    Destination Clock Delay (DCD):    5.301ns = ( 11.701 - 6.400 ) 
    Source Clock Delay      (SCD):    5.425ns
    Clock Pessimism Removal (CPR):    -0.304ns
  Clock Uncertainty:      0.062ns  ((TSJ^2 + DJ^2)^1/2) / 2 + PE
    Total System Jitter     (TSJ):    0.071ns
    Discrete Jitter          (DJ):    0.101ns
    Phase Error              (PE):    0.000ns
  Clock Net Delay (Source):      2.774ns (routing 1.064ns, distribution 1.710ns)
  Clock Net Delay (Destination): 2.243ns (routing 0.965ns, distribution 1.278ns)

    Location             Delay type                Incr(ns)  Path(ns)    Netlist Resource(s)
  -------------------------------------------------------------------    -------------------
                         (clock g_hw.clk_out0 rise edge)
                                                      0.000     0.000 r  
    T25                                               0.000     0.000 r  sys_clk_p (IN)
                         net (fo=0)                   0.100     0.100    u_clkgen/g_hw.u_ibufds/I
    HPIOBDIFFINBUF_X0Y37 DIFFINBUF (Prop_DIFFINBUF_HPIOBDIFFINBUF_DIFF_IN_P_O)
                                                      0.479     0.579 r  u_clkgen/g_hw.u_ibufds/DIFFINBUF_INST/O
                         net (fo=1, routed)           0.050     0.629    u_clkgen/g_hw.u_ibufds/OUT
    T25                  IBUFCTRL (Prop_IBUFCTRL_HPIOB_M_I_O)
                                                      0.000     0.629 r  u_clkgen/g_hw.u_ibufds/IBUFCTRL_INST/O
                         net (fo=1, routed)           0.343     0.972    u_clkgen/g_hw.clk_in_ibuf
    BUFGCE_X0Y32         BUFGCE (Prop_BUFCE_BUFGCE_I_O)
                                                      0.028     1.000 r  u_clkgen/g_hw.u_bufg_in/O
                         net (fo=485, routed)         1.474     2.474    u_clkgen/clk_in_100
    MMCM_X0Y1            MMCME4_ADV (Prop_MMCM_CLKIN1_CLKOUT0)
                                                     -0.106     2.368 r  u_clkgen/g_hw.u_mmcm/CLKOUT0
                         net (fo=1, routed)           0.256     2.624    u_clkgen/g_hw.clk_out0
    BUFGCE_X0Y34         BUFGCE (Prop_BUFCE_BUFGCE_I_O)
                                                      0.028     2.652 r  u_clkgen/g_hw.u_bufg_out/O
    X1Y3 (CLOCK_ROOT)    net (fo=50443, routed)       2.774     5.425    u_tcp_tx/u_retx/dp_clk
    RAMB36_X2Y2          RAMB36E2                                     r  u_tcp_tx/u_retx/g_byte[1].mem_e_reg_2_bram_8/CLKBWRCLK
  -------------------------------------------------------------------    -------------------
    RAMB36_X2Y2          RAMB36E2 (Prop_RAMB36E2_RAMB36_CLKBWRCLK_CASDOUTB[1])
                                                      1.230     6.655 r  u_tcp_tx/u_retx/g_byte[1].mem_e_reg_2_bram_8/CASDOUTB[1]
                         net (fo=1, routed)           0.028     6.683    u_tcp_tx/u_retx/g_byte[1].mem_e_reg_2_bram_8_n_119
    RAMB36_X2Y3          RAMB36E2 (Prop_RAMB36E2_RAMB36_CASDINB[1]_CASDOUTB[1])
                                                      0.220     6.903 r  u_tcp_tx/u_retx/g_byte[1].mem_e_reg_2_bram_9/CASDOUTB[1]
                         net (fo=1, routed)           0.028     6.931    u_tcp_tx/u_retx/g_byte[1].mem_e_reg_2_bram_9_n_119
    RAMB36_X2Y4          RAMB36E2 (Prop_RAMB36E2_RAMB36_CASDINB[1]_CASDOUTB[1])
                                                      0.220     7.151 r  u_tcp_tx/u_retx/g_byte[1].mem_e_reg_2_bram_10/CASDOUTB[1]
                         net (fo=1, routed)           0.028     7.179    u_tcp_tx/u_retx/g_byte[1].mem_e_reg_2_bram_10_n_119
    RAMB36_X2Y5          RAMB36E2 (Prop_RAMB36E2_RAMB36_CASDINB[1]_CASDOUTB[1])
                                                      0.220     7.399 r  u_tcp_tx/u_retx/g_byte[1].mem_e_reg_2_bram_11/CASDOUTB[1]
                         net (fo=1, routed)           0.028     7.427    u_tcp_tx/u_retx/g_byte[1].mem_e_reg_2_bram_11_n_119
    RAMB36_X2Y6          RAMB36E2 (Prop_RAMB36E2_RAMB36_CASDINB[1]_CASDOUTB[1])
                                                      0.220     7.647 r  u_tcp_tx/u_retx/g_byte[1].mem_e_reg_2_bram_12/CASDOUTB[1]
                         net (fo=1, routed)           0.028     7.675    u_tcp_tx/u_retx/g_byte[1].mem_e_reg_2_bram_12_n_119
    RAMB36_X2Y7          RAMB36E2 (Prop_RAMB36E2_RAMB36_CASDINB[1]_CASDOUTB[1])
                                                      0.220     7.895 r  u_tcp_tx/u_retx/g_byte[1].mem_e_reg_2_bram_13/CASDOUTB[1]
                         net (fo=1, routed)           0.028     7.923    u_tcp_tx/u_retx/g_byte[1].mem_e_reg_2_bram_13_n_119
    RAMB36_X2Y8          RAMB36E2 (Prop_RAMB36E2_RAMB36_CASDINB[1]_CASDOUTB[1])
                                                      0.220     8.143 r  u_tcp_tx/u_retx/g_byte[1].mem_e_reg_2_bram_14/CASDOUTB[1]
                         net (fo=1, routed)           0.028     8.171    u_tcp_tx/u_retx/g_byte[1].mem_e_reg_2_bram_14_n_119
    RAMB36_X2Y9          RAMB36E2 (Prop_RAMB36E2_RAMB36_CASDINB[1]_DOUTBDOUT[1])
                                                      0.120     8.291 r  u_tcp_tx/u_retx/g_byte[1].mem_e_reg_2_bram_15/DOUTBDOUT[1]
                         net (fo=1, routed)           1.463     9.754    u_tcp_tx/u_retx/g_byte[1].mem_e_reg_2_bram_15_n_183
    SLICE_X42Y153        LUT4 (Prop_G6LUT_SLICEM_I2_O)
                                                      0.039     9.793 r  u_tcp_tx/u_retx/ring_d_r[57]_i_9/O
                         net (fo=3, routed)           0.713    10.507    u_tcp_tx/u_retx/q_e[17]
    SLICE_X47Y193        LUT6 (Prop_G6LUT_SLICEL_I1_O)
                                                      0.063    10.570 r  u_tcp_tx/u_retx/ring_d_r[41]_i_3/O
                         net (fo=2, routed)           0.423    10.992    u_tcp_tx/u_retx/ring_d_r[41]_i_3_n_53
    SLICE_X42Y194        LUT6 (Prop_D6LUT_SLICEM_I5_O)
                                                      0.098    11.090 r  u_tcp_tx/u_retx/ring_d_r[33]_i_1/O
                         net (fo=1, routed)           0.082    11.172    u_tcp_tx/ring_d[33]
    SLICE_X42Y194        FDCE                                         r  u_tcp_tx/ring_d_r_reg[33]/D
  -------------------------------------------------------------------    -------------------

                         (clock g_hw.clk_out0 rise edge)
                                                      6.400     6.400 r  
    T25                                               0.000     6.400 r  sys_clk_p (IN)
                         net (fo=0)                   0.079     6.479    u_clkgen/g_hw.u_ibufds/I
    HPIOBDIFFINBUF_X0Y37 DIFFINBUF (Prop_DIFFINBUF_HPIOBDIFFINBUF_DIFF_IN_P_O)
                                                      0.398     6.877 r  u_clkgen/g_hw.u_ibufds/DIFFINBUF_INST/O
                         net (fo=1, routed)           0.040     6.917    u_clkgen/g_hw.u_ibufds/OUT
    T25                  IBUFCTRL (Prop_IBUFCTRL_HPIOB_M_I_O)
                                                      0.000     6.917 r  u_clkgen/g_hw.u_ibufds/IBUFCTRL_INST/O
                         net (fo=1, routed)           0.304     7.221    u_clkgen/g_hw.clk_in_ibuf
    BUFGCE_X0Y32         BUFGCE (Prop_BUFCE_BUFGCE_I_O)
                                                      0.024     7.245 r  u_clkgen/g_hw.u_bufg_in/O
                         net (fo=485, routed)         1.317     8.562    u_clkgen/clk_in_100
    MMCM_X0Y1            MMCME4_ADV (Prop_MMCM_CLKIN1_CLKOUT0)
                                                      0.644     9.206 r  u_clkgen/g_hw.u_mmcm/CLKOUT0
                         net (fo=1, routed)           0.228     9.434    u_clkgen/g_hw.clk_out0
    BUFGCE_X0Y34         BUFGCE (Prop_BUFCE_BUFGCE_I_O)
                                                      0.024     9.458 r  u_clkgen/g_hw.u_bufg_out/O
    X1Y3 (CLOCK_ROOT)    net (fo=50443, routed)       2.243    11.701    u_tcp_tx/dp_clk
    SLICE_X42Y194        FDCE                                         r  u_tcp_tx/ring_d_r_reg[33]/C
                         clock pessimism             -0.304    11.397    
                         clock uncertainty           -0.062    11.335    
    SLICE_X42Y194        FDCE (Setup_DFF_SLICEM_C_D)
                                                      0.027    11.362    u_tcp_tx/ring_d_r_reg[33]
  -------------------------------------------------------------------
                         required time                         11.362    
                         arrival time                         -11.172    
  -------------------------------------------------------------------
                         slack                                  0.190    

Slack (MET) :             0.193ns  (required time - arrival time)
  Source:                 u_tcp_tx/tick_cnt_reg[2]/C
                            (rising edge-triggered cell FDCE clocked by g_hw.clk_out0  {rise@0.000ns fall@3.200ns period=6.400ns})
  Destination:            u_tcb/rcv_wnd_r_reg[0][14]/CE
                            (rising edge-triggered cell FDCE clocked by g_hw.clk_out0  {rise@0.000ns fall@3.200ns period=6.400ns})
  Path Group:             g_hw.clk_out0
  Path Type:              Setup (Max at Slow Process Corner)
  Requirement:            6.400ns  (g_hw.clk_out0 rise@6.400ns - g_hw.clk_out0 rise@0.000ns)
  Data Path Delay:        5.946ns  (logic 1.973ns (33.180%)  route 3.973ns (66.820%))
  Logic Levels:           16  (CARRY8=3 LUT2=1 LUT3=2 LUT4=1 LUT5=2 LUT6=7)
  Clock Path Skew:        -0.156ns (DCD - SCD + CPR)
    Destination Clock Delay (DCD):    5.379ns = ( 11.779 - 6.400 ) 
    Source Clock Delay      (SCD):    5.231ns
    Clock Pessimism Removal (CPR):    -0.304ns
  Clock Uncertainty:      0.062ns  ((TSJ^2 + DJ^2)^1/2) / 2 + PE
    Total System Jitter     (TSJ):    0.071ns
    Discrete Jitter          (DJ):    0.101ns
    Phase Error              (PE):    0.000ns
  Clock Net Delay (Source):      2.579ns (routing 1.064ns, distribution 1.515ns)
  Clock Net Delay (Destination): 2.321ns (routing 0.965ns, distribution 1.356ns)

    Location             Delay type                Incr(ns)  Path(ns)    Netlist Resource(s)
  -------------------------------------------------------------------    -------------------
                         (clock g_hw.clk_out0 rise edge)
                                                      0.000     0.000 r  
    T25                                               0.000     0.000 r  sys_clk_p (IN)
                         net (fo=0)                   0.100     0.100    u_clkgen/g_hw.u_ibufds/I
    HPIOBDIFFINBUF_X0Y37 DIFFINBUF (Prop_DIFFINBUF_HPIOBDIFFINBUF_DIFF_IN_P_O)
                                                      0.479     0.579 r  u_clkgen/g_hw.u_ibufds/DIFFINBUF_INST/O
                         net (fo=1, routed)           0.050     0.629    u_clkgen/g_hw.u_ibufds/OUT
    T25                  IBUFCTRL (Prop_IBUFCTRL_HPIOB_M_I_O)
                                                      0.000     0.629 r  u_clkgen/g_hw.u_ibufds/IBUFCTRL_INST/O
                         net (fo=1, routed)           0.343     0.972    u_clkgen/g_hw.clk_in_ibuf
    BUFGCE_X0Y32         BUFGCE (Prop_BUFCE_BUFGCE_I_O)
                                                      0.028     1.000 r  u_clkgen/g_hw.u_bufg_in/O
                         net (fo=485, routed)         1.474     2.474    u_clkgen/clk_in_100
    MMCM_X0Y1            MMCME4_ADV (Prop_MMCM_CLKIN1_CLKOUT0)
                                                     -0.106     2.368 r  u_clkgen/g_hw.u_mmcm/CLKOUT0
                         net (fo=1, routed)           0.256     2.624    u_clkgen/g_hw.clk_out0
    BUFGCE_X0Y34         BUFGCE (Prop_BUFCE_BUFGCE_I_O)
                                                      0.028     2.652 r  u_clkgen/g_hw.u_bufg_out/O
    X1Y3 (CLOCK_ROOT)    net (fo=50443, routed)       2.579     5.231    u_tcp_tx/dp_clk
    SLICE_X45Y166        FDCE                                         r  u_tcp_tx/tick_cnt_reg[2]/C
  -------------------------------------------------------------------    -------------------
    SLICE_X45Y166        FDCE (Prop_CFF2_SLICEL_C_Q)
                                                      0.097     5.328 f  u_tcp_tx/tick_cnt_reg[2]/Q
                         net (fo=5, routed)           0.186     5.513    u_tcp_tx/u_retx/scan_id_reg[3][2]
    SLICE_X45Y166        LUT4 (Prop_F6LUT_SLICEL_I3_O)
                                                      0.148     5.661 r  u_tcp_tx/u_retx/scan_id[3]_i_4__0/O
                         net (fo=3, routed)           0.437     6.098    u_tcp_tx/u_csum/scan_id_reg[3]_3
    SLICE_X36Y172        LUT6 (Prop_G6LUT_SLICEL_I5_O)
                                                      0.038     6.136 f  u_tcp_tx/u_csum/scan_id[3]_i_1__0/O
                         net (fo=422, routed)         0.229     6.365    u_tcp_tx/u_fifo_b/ctrl_doff_reg[3]_0[0]
    SLICE_X38Y174        LUT6 (Prop_C6LUT_SLICEL_I4_O)
                                                      0.148     6.513 r  u_tcp_tx/u_fifo_b/ctrl_doff[3]_i_1/O
                         net (fo=104, routed)         0.282     6.795    u_tcp_tx/u_ackq/ctrl_ack_reg[0]
    SLICE_X36Y175        LUT6 (Prop_E6LUT_SLICEL_I4_O)
                                                      0.100     6.895 r  u_tcp_tx/u_ackq/f_seq[1][31]_i_9/O
                         net (fo=94, routed)          0.577     7.472    u_tcb/cam_rd_id[1]
    SLICE_X25Y181        LUT6 (Prop_C6LUT_SLICEM_I2_O)
                                                      0.098     7.570 r  u_tcb/f_seq[1][11]_i_2/O
                         net (fo=3, routed)           0.200     7.770    u_tcb/f_seq[1][11]_i_2_n_53
    SLICE_X25Y181        LUT6 (Prop_H6LUT_SLICEM_I0_O)
                                                      0.182     7.952 r  u_tcb/f_seq[1][11]_i_1/O
                         net (fo=20, routed)          0.238     8.190    u_tcb/D[11]
    SLICE_X26Y177        LUT2 (Prop_D6LUT_SLICEL_I0_O)
                                                      0.063     8.253 r  u_tcb/mem_reg_0_31_28_38_i_60/O
                         net (fo=1, routed)           0.010     8.263    u_tcb/mem_reg_0_31_28_38_i_60_n_53
    SLICE_X26Y177        CARRY8 (Prop_CARRY8_SLICEL_S[3]_CO[7])
                                                      0.195     8.458 r  u_tcb/mem_reg_0_31_28_38_i_46/CO[7]
                         net (fo=1, routed)           0.028     8.486    u_tcb/mem_reg_0_31_28_38_i_46_n_53
    SLICE_X26Y178        CARRY8 (Prop_CARRY8_SLICEL_CI_CO[7])
                                                      0.023     8.509 r  u_tcb/mem_reg_0_31_28_38_i_29/CO[7]
                         net (fo=1, routed)           0.028     8.537    u_tcb/mem_reg_0_31_28_38_i_29_n_53
    SLICE_X26Y179        CARRY8 (Prop_CARRY8_SLICEL_CI_O[7])
                                                      0.146     8.683 r  u_tcb/mem_reg_0_31_28_38_i_19/O[7]
                         net (fo=2, routed)           0.250     8.933    u_tcb/u_tcp_tx/ring_ovf12_out[31]
    SLICE_X25Y182        LUT3 (Prop_F6LUT_SLICEM_I2_O)
                                                      0.038     8.971 f  u_tcb/fc_rr[3]_i_7/O
                         net (fo=1, routed)           0.160     9.131    u_tcp_tx/fc_rr[3]_i_4
    SLICE_X25Y185        LUT6 (Prop_G6LUT_SLICEM_I0_O)
                                                      0.116     9.247 r  u_tcp_tx/fc_rr[3]_i_6/O
                         net (fo=37, routed)          0.228     9.475    u_tcp_tx/u_ackq/wscale_r_reg[14][0]_2
    SLICE_X23Y186        LUT5 (Prop_E5LUT_SLICEL_I3_O)
                                                      0.140     9.615 f  u_tcp_tx/u_ackq/rcv_nxt_r[0][31]_i_33/O
                         net (fo=1, routed)           0.210     9.825    u_tcp_tx/u_ackq/rcv_nxt_r[0][31]_i_33_n_53
    SLICE_X22Y187        LUT5 (Prop_B6LUT_SLICEL_I4_O)
                                                      0.177    10.002 f  u_tcp_tx/u_ackq/rcv_nxt_r[0][31]_i_15/O
                         net (fo=1, routed)           0.058    10.060    u_tcp_tx/u_ackq/tx_upd_id[0]
    SLICE_X22Y187        LUT3 (Prop_F6LUT_SLICEL_I0_O)
                                                      0.148    10.208 f  u_tcp_tx/u_ackq/rcv_nxt_r[0][31]_i_4/O
                         net (fo=114, routed)         0.334    10.542    u_tcp_tx/u_ackq/tcb_id[0]
    SLICE_X20Y188        LUT6 (Prop_A6LUT_SLICEM_I1_O)
                                                      0.116    10.658 r  u_tcp_tx/u_ackq/rcv_wnd_r[0][15]_i_1/O
                         net (fo=16, routed)          0.519    11.177    u_tcb/rcv_wnd_r_reg[0][15]_0[0]
    SLICE_X23Y207        FDCE                                         r  u_tcb/rcv_wnd_r_reg[0][14]/CE
  -------------------------------------------------------------------    -------------------

                         (clock g_hw.clk_out0 rise edge)
                                                      6.400     6.400 r  
    T25                                               0.000     6.400 r  sys_clk_p (IN)
                         net (fo=0)                   0.079     6.479    u_clkgen/g_hw.u_ibufds/I
    HPIOBDIFFINBUF_X0Y37 DIFFINBUF (Prop_DIFFINBUF_HPIOBDIFFINBUF_DIFF_IN_P_O)
                                                      0.398     6.877 r  u_clkgen/g_hw.u_ibufds/DIFFINBUF_INST/O
                         net (fo=1, routed)           0.040     6.917    u_clkgen/g_hw.u_ibufds/OUT
    T25                  IBUFCTRL (Prop_IBUFCTRL_HPIOB_M_I_O)
                                                      0.000     6.917 r  u_clkgen/g_hw.u_ibufds/IBUFCTRL_INST/O
                         net (fo=1, routed)           0.304     7.221    u_clkgen/g_hw.clk_in_ibuf
    BUFGCE_X0Y32         BUFGCE (Prop_BUFCE_BUFGCE_I_O)
                                                      0.024     7.245 r  u_clkgen/g_hw.u_bufg_in/O
                         net (fo=485, routed)         1.317     8.562    u_clkgen/clk_in_100
    MMCM_X0Y1            MMCME4_ADV (Prop_MMCM_CLKIN1_CLKOUT0)
                                                      0.644     9.206 r  u_clkgen/g_hw.u_mmcm/CLKOUT0
                         net (fo=1, routed)           0.228     9.434    u_clkgen/g_hw.clk_out0
    BUFGCE_X0Y34         BUFGCE (Prop_BUFCE_BUFGCE_I_O)
                                                      0.024     9.458 r  u_clkgen/g_hw.u_bufg_out/O
    X1Y3 (CLOCK_ROOT)    net (fo=50443, routed)       2.321    11.779    u_tcb/dp_clk
    SLICE_X23Y207        FDCE                                         r  u_tcb/rcv_wnd_r_reg[0][14]/C
                         clock pessimism             -0.304    11.475    
                         clock uncertainty           -0.062    11.413    
    SLICE_X23Y207        FDCE (Setup_EFF_SLICEL_C_CE)
                                                     -0.043    11.370    u_tcb/rcv_wnd_r_reg[0][14]
  -------------------------------------------------------------------
                         required time                         11.370    
                         arrival time                         -11.177    
  -------------------------------------------------------------------
                         slack                                  0.193    

Slack (MET) :             0.193ns  (required time - arrival time)
  Source:                 u_tcp_tx/tick_cnt_reg[2]/C
                            (rising edge-triggered cell FDCE clocked by g_hw.clk_out0  {rise@0.000ns fall@3.200ns period=6.400ns})
  Destination:            u_tcb/snd_nxt_r_reg[5][13]/CE
                            (rising edge-triggered cell FDCE clocked by g_hw.clk_out0  {rise@0.000ns fall@3.200ns period=6.400ns})
  Path Group:             g_hw.clk_out0
  Path Type:              Setup (Max at Slow Process Corner)
  Requirement:            6.400ns  (g_hw.clk_out0 rise@6.400ns - g_hw.clk_out0 rise@0.000ns)
  Data Path Delay:        5.975ns  (logic 2.004ns (33.540%)  route 3.971ns (66.460%))
  Logic Levels:           16  (CARRY8=3 LUT2=1 LUT3=2 LUT4=1 LUT5=2 LUT6=7)
  Clock Path Skew:        -0.128ns (DCD - SCD + CPR)
    Destination Clock Delay (DCD):    5.407ns = ( 11.807 - 6.400 ) 
    Source Clock Delay      (SCD):    5.231ns
    Clock Pessimism Removal (CPR):    -0.304ns
  Clock Uncertainty:      0.062ns  ((TSJ^2 + DJ^2)^1/2) / 2 + PE
    Total System Jitter     (TSJ):    0.071ns
    Discrete Jitter          (DJ):    0.101ns
    Phase Error              (PE):    0.000ns
  Clock Net Delay (Source):      2.579ns (routing 1.064ns, distribution 1.515ns)
  Clock Net Delay (Destination): 2.349ns (routing 0.965ns, distribution 1.384ns)

    Location             Delay type                Incr(ns)  Path(ns)    Netlist Resource(s)
  -------------------------------------------------------------------    -------------------
                         (clock g_hw.clk_out0 rise edge)
                                                      0.000     0.000 r  
    T25                                               0.000     0.000 r  sys_clk_p (IN)
                         net (fo=0)                   0.100     0.100    u_clkgen/g_hw.u_ibufds/I
    HPIOBDIFFINBUF_X0Y37 DIFFINBUF (Prop_DIFFINBUF_HPIOBDIFFINBUF_DIFF_IN_P_O)
                                                      0.479     0.579 r  u_clkgen/g_hw.u_ibufds/DIFFINBUF_INST/O
                         net (fo=1, routed)           0.050     0.629    u_clkgen/g_hw.u_ibufds/OUT
    T25                  IBUFCTRL (Prop_IBUFCTRL_HPIOB_M_I_O)
                                                      0.000     0.629 r  u_clkgen/g_hw.u_ibufds/IBUFCTRL_INST/O
                         net (fo=1, routed)           0.343     0.972    u_clkgen/g_hw.clk_in_ibuf
    BUFGCE_X0Y32         BUFGCE (Prop_BUFCE_BUFGCE_I_O)
                                                      0.028     1.000 r  u_clkgen/g_hw.u_bufg_in/O
                         net (fo=485, routed)         1.474     2.474    u_clkgen/clk_in_100
    MMCM_X0Y1            MMCME4_ADV (Prop_MMCM_CLKIN1_CLKOUT0)
                                                     -0.106     2.368 r  u_clkgen/g_hw.u_mmcm/CLKOUT0
                         net (fo=1, routed)           0.256     2.624    u_clkgen/g_hw.clk_out0
    BUFGCE_X0Y34         BUFGCE (Prop_BUFCE_BUFGCE_I_O)
                                                      0.028     2.652 r  u_clkgen/g_hw.u_bufg_out/O
    X1Y3 (CLOCK_ROOT)    net (fo=50443, routed)       2.579     5.231    u_tcp_tx/dp_clk
    SLICE_X45Y166        FDCE                                         r  u_tcp_tx/tick_cnt_reg[2]/C
  -------------------------------------------------------------------    -------------------
    SLICE_X45Y166        FDCE (Prop_CFF2_SLICEL_C_Q)
                                                      0.097     5.328 f  u_tcp_tx/tick_cnt_reg[2]/Q
                         net (fo=5, routed)           0.186     5.513    u_tcp_tx/u_retx/scan_id_reg[3][2]
    SLICE_X45Y166        LUT4 (Prop_F6LUT_SLICEL_I3_O)
                                                      0.148     5.661 r  u_tcp_tx/u_retx/scan_id[3]_i_4__0/O
                         net (fo=3, routed)           0.437     6.098    u_tcp_tx/u_csum/scan_id_reg[3]_3
    SLICE_X36Y172        LUT6 (Prop_G6LUT_SLICEL_I5_O)
                                                      0.038     6.136 f  u_tcp_tx/u_csum/scan_id[3]_i_1__0/O
                         net (fo=422, routed)         0.229     6.365    u_tcp_tx/u_fifo_b/ctrl_doff_reg[3]_0[0]
    SLICE_X38Y174        LUT6 (Prop_C6LUT_SLICEL_I4_O)
                                                      0.148     6.513 r  u_tcp_tx/u_fifo_b/ctrl_doff[3]_i_1/O
                         net (fo=104, routed)         0.282     6.795    u_tcp_tx/u_ackq/ctrl_ack_reg[0]
    SLICE_X36Y175        LUT6 (Prop_E6LUT_SLICEL_I4_O)
                                                      0.100     6.895 r  u_tcp_tx/u_ackq/f_seq[1][31]_i_9/O
                         net (fo=94, routed)          0.577     7.472    u_tcb/cam_rd_id[1]
    SLICE_X25Y181        LUT6 (Prop_C6LUT_SLICEM_I2_O)
                                                      0.098     7.570 r  u_tcb/f_seq[1][11]_i_2/O
                         net (fo=3, routed)           0.200     7.770    u_tcb/f_seq[1][11]_i_2_n_53
    SLICE_X25Y181        LUT6 (Prop_H6LUT_SLICEM_I0_O)
                                                      0.182     7.952 r  u_tcb/f_seq[1][11]_i_1/O
                         net (fo=20, routed)          0.238     8.190    u_tcb/D[11]
    SLICE_X26Y177        LUT2 (Prop_D6LUT_SLICEL_I0_O)
                                                      0.063     8.253 r  u_tcb/mem_reg_0_31_28_38_i_60/O
                         net (fo=1, routed)           0.010     8.263    u_tcb/mem_reg_0_31_28_38_i_60_n_53
    SLICE_X26Y177        CARRY8 (Prop_CARRY8_SLICEL_S[3]_CO[7])
                                                      0.195     8.458 r  u_tcb/mem_reg_0_31_28_38_i_46/CO[7]
                         net (fo=1, routed)           0.028     8.486    u_tcb/mem_reg_0_31_28_38_i_46_n_53
    SLICE_X26Y178        CARRY8 (Prop_CARRY8_SLICEL_CI_CO[7])
                                                      0.023     8.509 r  u_tcb/mem_reg_0_31_28_38_i_29/CO[7]
                         net (fo=1, routed)           0.028     8.537    u_tcb/mem_reg_0_31_28_38_i_29_n_53
    SLICE_X26Y179        CARRY8 (Prop_CARRY8_SLICEL_CI_O[7])
                                                      0.146     8.683 r  u_tcb/mem_reg_0_31_28_38_i_19/O[7]
                         net (fo=2, routed)           0.250     8.933    u_tcb/u_tcp_tx/ring_ovf12_out[31]
    SLICE_X25Y182        LUT3 (Prop_F6LUT_SLICEM_I2_O)
                                                      0.038     8.971 f  u_tcb/fc_rr[3]_i_7/O
                         net (fo=1, routed)           0.160     9.131    u_tcp_tx/fc_rr[3]_i_4
    SLICE_X25Y185        LUT6 (Prop_G6LUT_SLICEM_I0_O)
                                                      0.116     9.247 r  u_tcp_tx/fc_rr[3]_i_6/O
                         net (fo=37, routed)          0.228     9.475    u_tcp_tx/u_ackq/wscale_r_reg[14][0]_2
    SLICE_X23Y186        LUT5 (Prop_E5LUT_SLICEL_I3_O)
                                                      0.140     9.615 r  u_tcp_tx/u_ackq/rcv_nxt_r[0][31]_i_33/O
                         net (fo=1, routed)           0.210     9.825    u_tcp_tx/u_ackq/rcv_nxt_r[0][31]_i_33_n_53
    SLICE_X22Y187        LUT5 (Prop_B6LUT_SLICEL_I4_O)
                                                      0.177    10.002 r  u_tcp_tx/u_ackq/rcv_nxt_r[0][31]_i_15/O
                         net (fo=1, routed)           0.058    10.060    u_tcp_tx/u_ackq/tx_upd_id[0]
    SLICE_X22Y187        LUT3 (Prop_F6LUT_SLICEL_I0_O)
                                                      0.148    10.208 r  u_tcp_tx/u_ackq/rcv_nxt_r[0][31]_i_4/O
                         net (fo=114, routed)         0.468    10.676    u_tcp_tx/u_ackq/tcb_id[0]
    SLICE_X25Y194        LUT6 (Prop_D6LUT_SLICEM_I1_O)
                                                      0.147    10.823 r  u_tcp_tx/u_ackq/snd_nxt_r[5][31]_i_1/O
                         net (fo=32, routed)          0.383    11.206    u_tcb/snd_nxt_r_reg[5][31]_0[0]
    SLICE_X24Y188        FDCE                                         r  u_tcb/snd_nxt_r_reg[5][13]/CE
  -------------------------------------------------------------------    -------------------

                         (clock g_hw.clk_out0 rise edge)
                                                      6.400     6.400 r  
    T25                                               0.000     6.400 r  sys_clk_p (IN)
                         net (fo=0)                   0.079     6.479    u_clkgen/g_hw.u_ibufds/I
    HPIOBDIFFINBUF_X0Y37 DIFFINBUF (Prop_DIFFINBUF_HPIOBDIFFINBUF_DIFF_IN_P_O)
                                                      0.398     6.877 r  u_clkgen/g_hw.u_ibufds/DIFFINBUF_INST/O
                         net (fo=1, routed)           0.040     6.917    u_clkgen/g_hw.u_ibufds/OUT
    T25                  IBUFCTRL (Prop_IBUFCTRL_HPIOB_M_I_O)
                                                      0.000     6.917 r  u_clkgen/g_hw.u_ibufds/IBUFCTRL_INST/O
                         net (fo=1, routed)           0.304     7.221    u_clkgen/g_hw.clk_in_ibuf
    BUFGCE_X0Y32         BUFGCE (Prop_BUFCE_BUFGCE_I_O)
                                                      0.024     7.245 r  u_clkgen/g_hw.u_bufg_in/O
                         net (fo=485, routed)         1.317     8.562    u_clkgen/clk_in_100
    MMCM_X0Y1            MMCME4_ADV (Prop_MMCM_CLKIN1_CLKOUT0)
                                                      0.644     9.206 r  u_clkgen/g_hw.u_mmcm/CLKOUT0
                         net (fo=1, routed)           0.228     9.434    u_clkgen/g_hw.clk_out0
    BUFGCE_X0Y34         BUFGCE (Prop_BUFCE_BUFGCE_I_O)
                                                      0.024     9.458 r  u_clkgen/g_hw.u_bufg_out/O
    X1Y3 (CLOCK_ROOT)    net (fo=50443, routed)       2.349    11.807    u_tcb/dp_clk
    SLICE_X24Y188        FDCE                                         r  u_tcb/snd_nxt_r_reg[5][13]/C
                         clock pessimism             -0.304    11.503    
                         clock uncertainty           -0.062    11.441    
    SLICE_X24Y188        FDCE (Setup_HFF2_SLICEL_C_CE)
                                                     -0.042    11.399    u_tcb/snd_nxt_r_reg[5][13]
  -------------------------------------------------------------------
                         required time                         11.399    
                         arrival time                         -11.206    
  -------------------------------------------------------------------
                         slack                                  0.193    




