SNAP_T 1791679145.474736866
SNAP_BEGIN R4D2_C2S_N0 gen=755
W5   0x34   gmii_free_FE           0x35a735e1
W14  0x58   tx_stat_frames_TCP     0x00539ccf
W15  0x5C   tx_stat_bytes_TCP      0xdcda0f10
W20  0x70   mac_tx_frames          0x00539ce8
W43  0xCC   mtx_stat_tx_words      0x35a1e087
W51  0xEC   app_tx_bytes           0xdcd7a16c
W55  0xFC   tx_stat_retx           0x00000017
W57  0x104  tx_retx_hi             0xf2345c1f
W58  0x108  tx_retx_active         0x00000000
W63  0x11C  app_frmwait_cyc        0xdd5adedb
W66  0x128  tx_stat_winstall       0x1b18eeff
W67  0x12C  tx_winstall_cap        0x0053e77e
W68  0x130  rx_stat_ack_adv        0x00539c2d
W69  0x134  tx_win_at_winstall     0x05b405b4
SNAP_END R4D2_C2S_N0 nff=0
SNAP_T 1791679145.639829904
SNAP_BEGIN R4D2_C2S_N1 gen=756
W5   0x34   gmii_free_FE           0x372bfc49
W14  0x58   tx_stat_frames_TCP     0x00539ccf
W15  0x5C   tx_stat_bytes_TCP      0xdcda0f10
W20  0x70   mac_tx_frames          0x00539ce8
W43  0xCC   mtx_stat_tx_words      0x3726a5fa
W51  0xEC   app_tx_bytes           0xdcd7a16c
W55  0xFC   tx_stat_retx           0x00000017
W57  0x104  tx_retx_hi             0xf2345c1f
W58  0x108  tx_retx_active         0x00000000
W63  0x11C  app_frmwait_cyc        0xdd5adedb
W66  0x128  tx_stat_winstall       0x1b18eeff
W67  0x12C  tx_winstall_cap        0x0053e77e
W68  0x130  rx_stat_ack_adv        0x00539c2d
W69  0x134  tx_win_at_winstall     0x05b405b4
SNAP_END R4D2_C2S_N1 nff=0
SNAP_T 1791679145.799661763
SNAP_BEGIN R4D2_C2S_N2 gen=757
W5   0x34   gmii_free_FE           0x38ac9fd3
W14  0x58   tx_stat_frames_TCP     0x00539ccf
W15  0x5C   tx_stat_bytes_TCP      0xdcda0f10
W20  0x70   mac_tx_frames          0x00539ce8
W43  0xCC   mtx_stat_tx_words      0x38a74891
W51  0xEC   app_tx_bytes           0xdcd7a16c
W55  0xFC   tx_stat_retx           0x00000017
W57  0x104  tx_retx_hi             0xf2345c1f
W58  0x108  tx_retx_active         0x00000000
W63  0x11C  app_frmwait_cyc        0xdd5adedb
W66  0x128  tx_stat_winstall       0x1b18eeff
W67  0x12C  tx_winstall_cap        0x0053e77e
W68  0x130  rx_stat_ack_adv        0x00539c2d
W69  0x134  tx_win_at_winstall     0x05b405b4
SNAP_END R4D2_C2S_N2 nff=0
SNAP_T 1791679145.961301675
SNAP_BEGIN R4D2_C2S_N3 gen=758
W5   0x34   gmii_free_FE           0x3a2e55fa
W14  0x58   tx_stat_frames_TCP     0x00539ccf
W15  0x5C   tx_stat_bytes_TCP      0xdcda0f10
W20  0x70   mac_tx_frames          0x00539ce8
W43  0xCC   mtx_stat_tx_words      0x3a28fdc4
W51  0xEC   app_tx_bytes           0xdcd7a16c
W55  0xFC   tx_stat_retx           0x00000017
W57  0x104  tx_retx_hi             0xf2345c1f
W58  0x108  tx_retx_active         0x00000000
W63  0x11C  app_frmwait_cyc        0xdd5adedb
W66  0x128  tx_stat_winstall       0x1b18eeff
W67  0x12C  tx_winstall_cap        0x0053e77e
W68  0x130  rx_stat_ack_adv        0x00539c2d
W69  0x134  tx_win_at_winstall     0x05b405b4
SNAP_END R4D2_C2S_N3 nff=0
SNAP_T 1791679146.123926878
SNAP_BEGIN R4D2_C2S_N4 gen=759
W5   0x34   gmii_free_FE           0x3baef4aa
W14  0x58   tx_stat_frames_TCP     0x00539ccf
W15  0x5C   tx_stat_bytes_TCP      0xdcda0f10
W20  0x70   mac_tx_frames          0x00539ce8
W43  0xCC   mtx_stat_tx_words      0x3ba99b81
W51  0xEC   app_tx_bytes           0xdcd7a16c
W55  0xFC   tx_stat_retx           0x00000017
W57  0x104  tx_retx_hi             0xf2345c1f
W58  0x108  tx_retx_active         0x00000000
W63  0x11C  app_frmwait_cyc        0xdd5adedb
W66  0x128  tx_stat_winstall       0x1b18eeff
W67  0x12C  tx_winstall_cap        0x0053e77e
W68  0x130  rx_stat_ack_adv        0x00539c2d
W69  0x134  tx_win_at_winstall     0x05b405b4
SNAP_END R4D2_C2S_N4 nff=0
SNAP_T 1791679146.283885842
SNAP_BEGIN R4D2_C2S_N5 gen=760
W5   0x34   gmii_free_FE           0x3d2bbdb8
W14  0x58   tx_stat_frames_TCP     0x00539ccf
W15  0x5C   tx_stat_bytes_TCP      0xdcda0f10
W20  0x70   mac_tx_frames          0x00539ce8
W43  0xCC   mtx_stat_tx_words      0x3d2663a0
W51  0xEC   app_tx_bytes           0xdcd7a16c
W55  0xFC   tx_stat_retx           0x00000017
W57  0x104  tx_retx_hi             0xf2345c1f
W58  0x108  tx_retx_active         0x00000000
W63  0x11C  app_frmwait_cyc        0xdd5adedb
W66  0x128  tx_stat_winstall       0x1b18eeff
W67  0x12C  tx_winstall_cap        0x0053e77e
W68  0x130  rx_stat_ack_adv        0x00539c2d
W69  0x134  tx_win_at_winstall     0x05b405b4
SNAP_END R4D2_C2S_N5 nff=0
SNAP_T 1791679146.443723544
SNAP_BEGIN R4D2_C2S_N6 gen=761
W5   0x34   gmii_free_FE           0x3eac850d
W14  0x58   tx_stat_frames_TCP     0x00539ccf
W15  0x5C   tx_stat_bytes_TCP      0xdcda0f10
W20  0x70   mac_tx_frames          0x00539ce8
W43  0xCC   mtx_stat_tx_words      0x3ea72a01
W51  0xEC   app_tx_bytes           0xdcd7a16c
W55  0xFC   tx_stat_retx           0x00000017
W57  0x104  tx_retx_hi             0xf2345c1f
W58  0x108  tx_retx_active         0x00000000
W63  0x11C  app_frmwait_cyc        0xdd5adedb
W66  0x128  tx_stat_winstall       0x1b18eeff
W67  0x12C  tx_winstall_cap        0x0053e77e
W68  0x130  rx_stat_ack_adv        0x00539c2d
W69  0x134  tx_win_at_winstall     0x05b405b4
SNAP_END R4D2_C2S_N6 nff=0
SNAP_T 1791679146.605279925
SNAP_BEGIN R4D2_C2S_N7 gen=762
W5   0x34   gmii_free_FE           0x402a200c
W14  0x58   tx_stat_frames_TCP     0x00539ccf
W15  0x5C   tx_stat_bytes_TCP      0xdcda0f10
W20  0x70   mac_tx_frames          0x00539ce8
W43  0xCC   mtx_stat_tx_words      0x4024c40f
W51  0xEC   app_tx_bytes           0xdcd7a16c
W55  0xFC   tx_stat_retx           0x00000017
W57  0x104  tx_retx_hi             0xf2345c1f
W58  0x108  tx_retx_active         0x00000000
W63  0x11C  app_frmwait_cyc        0xdd5adedb
W66  0x128  tx_stat_winstall       0x1b18eeff
W67  0x12C  tx_winstall_cap        0x0053e77e
W68  0x130  rx_stat_ack_adv        0x00539c2d
W69  0x134  tx_win_at_winstall     0x05b405b4
SNAP_END R4D2_C2S_N7 nff=0
SNAP_T 1791679146.764945163
SNAP_BEGIN R4D2_C2S_N8 gen=763
W5   0x34   gmii_free_FE           0x41a6cddd
W14  0x58   tx_stat_frames_TCP     0x00539ccf
W15  0x5C   tx_stat_bytes_TCP      0xdcda0f10
W20  0x70   mac_tx_frames          0x00539ce8
W43  0xCC   mtx_stat_tx_words      0x41a170f0
W51  0xEC   app_tx_bytes           0xdcd7a16c
W55  0xFC   tx_stat_retx           0x00000017
W57  0x104  tx_retx_hi             0xf2345c1f
W58  0x108  tx_retx_active         0x00000000
W63  0x11C  app_frmwait_cyc        0xdd5adedb
W66  0x128  tx_stat_winstall       0x1b18eeff
W67  0x12C  tx_winstall_cap        0x0053e77e
W68  0x130  rx_stat_ack_adv        0x00539c2d
W69  0x134  tx_win_at_winstall     0x05b405b4
SNAP_END R4D2_C2S_N8 nff=0
SNAP_T 1791679146.925464276
SNAP_BEGIN R4D2_C2S_N9 gen=764
W5   0x34   gmii_free_FE           0x432a133d
W14  0x58   tx_stat_frames_TCP     0x00539ccf
W15  0x5C   tx_stat_bytes_TCP      0xdcda0f10
W20  0x70   mac_tx_frames          0x00539ce8
W43  0xCC   mtx_stat_tx_words      0x4324b55c
W51  0xEC   app_tx_bytes           0xdcd7a16c
W55  0xFC   tx_stat_retx           0x00000017
W57  0x104  tx_retx_hi             0xf2345c1f
W58  0x108  tx_retx_active         0x00000000
W63  0x11C  app_frmwait_cyc        0xdd5adedb
W66  0x128  tx_stat_winstall       0x1b18eeff
W67  0x12C  tx_winstall_cap        0x0053e77e
W68  0x130  rx_stat_ack_adv        0x00539c2d
W69  0x134  tx_win_at_winstall     0x05b405b4
SNAP_END R4D2_C2S_N9 nff=0
SNAP_T 1791679147.087700245
SNAP_BEGIN R4D2_C2S_N10 gen=765
W5   0x34   gmii_free_FE           0x44abe809
W14  0x58   tx_stat_frames_TCP     0x00539ccf
W15  0x5C   tx_stat_bytes_TCP      0xdcda0f10
W20  0x70   mac_tx_frames          0x00539ce8
W43  0xCC   mtx_stat_tx_words      0x44a68933
W51  0xEC   app_tx_bytes           0xdcd7a16c
W55  0xFC   tx_stat_retx           0x00000017
W57  0x104  tx_retx_hi             0xf2345c1f
W58  0x108  tx_retx_active         0x00000000
W63  0x11C  app_frmwait_cyc        0xdd5adedb
W66  0x128  tx_stat_winstall       0x1b18eeff
W67  0x12C  tx_winstall_cap        0x0053e77e
W68  0x130  rx_stat_ack_adv        0x00539c2d
W69  0x134  tx_win_at_winstall     0x05b405b4
SNAP_END R4D2_C2S_N10 nff=0
SNAP_T 1791679147.248874107
SNAP_BEGIN R4D2_C2S_N11 gen=766
W5   0x34   gmii_free_FE           0x4628e6fb
W14  0x58   tx_stat_frames_TCP     0x00539ccf
W15  0x5C   tx_stat_bytes_TCP      0xdcda0f10
W20  0x70   mac_tx_frames          0x00539ce8
W43  0xCC   mtx_stat_tx_words      0x46238735
W51  0xEC   app_tx_bytes           0xdcd7a16c
W55  0xFC   tx_stat_retx           0x00000017
W57  0x104  tx_retx_hi             0xf2345c1f
W58  0x108  tx_retx_active         0x00000000
W63  0x11C  app_frmwait_cyc        0xdd5adedb
W66  0x128  tx_stat_winstall       0x1b18eeff
W67  0x12C  tx_winstall_cap        0x0053e77e
W68  0x130  rx_stat_ack_adv        0x00539c2d
W69  0x134  tx_win_at_winstall     0x05b405b4
SNAP_END R4D2_C2S_N11 nff=0
SNAP_T 1791679147.408976834
SNAP_BEGIN R4D2_C2S_N12 gen=767
W5   0x34   gmii_free_FE           0x47aa0e84
W14  0x58   tx_stat_frames_TCP     0x00539ccf
W15  0x5C   tx_stat_bytes_TCP      0xdcda0f10
W20  0x70   mac_tx_frames          0x00539ce8
W43  0xCC   mtx_stat_tx_words      0x47a4adca
W51  0xEC   app_tx_bytes           0xdcd7a16c
W55  0xFC   tx_stat_retx           0x00000017
W57  0x104  tx_retx_hi             0xf2345c1f
W58  0x108  tx_retx_active         0x00000000
W63  0x11C  app_frmwait_cyc        0xdd5adedb
W66  0x128  tx_stat_winstall       0x1b18eeff
W67  0x12C  tx_winstall_cap        0x0053e77e
W68  0x130  rx_stat_ack_adv        0x00539c2d
W69  0x134  tx_win_at_winstall     0x05b405b4
SNAP_END R4D2_C2S_N12 nff=0
SNAP_T 1791679147.570452278
SNAP_BEGIN R4D2_C2S_N13 gen=768
W5   0x34   gmii_free_FE           0x492b5e05
W14  0x58   tx_stat_frames_TCP     0x00539d01
W15  0x5C   tx_stat_bytes_TCP      0xdcdb20d0
W20  0x70   mac_tx_frames          0x00539d1b
W43  0xCC   mtx_stat_tx_words      0x4925fc58
W51  0xEC   app_tx_bytes           0xdcd8a210
W55  0xFC   tx_stat_retx           0x00000018
W57  0x104  tx_retx_hi             0x1235571d
W58  0x108  tx_retx_active         0x00000000
W63  0x11C  app_frmwait_cyc        0xde09dccc
W66  0x128  tx_stat_winstall       0x1b18f169
W67  0x12C  tx_winstall_cap        0x0053e77e
W68  0x130  rx_stat_ack_adv        0x00539c35
W69  0x134  tx_win_at_winstall     0xe9d4e9d4
SNAP_END R4D2_C2S_N13 nff=0
SNAP_T 1791679147.733093743
SNAP_BEGIN R4D2_C2S_N14 gen=769
W5   0x34   gmii_free_FE           0x4aaf14a6
W14  0x58   tx_stat_frames_TCP     0x00539d01
W15  0x5C   tx_stat_bytes_TCP      0xdcdb20d0
W20  0x70   mac_tx_frames          0x00539d1b
W43  0xCC   mtx_stat_tx_words      0x4aa9b204
W51  0xEC   app_tx_bytes           0xdcd8a210
W55  0xFC   tx_stat_retx           0x00000018
W57  0x104  tx_retx_hi             0x1235571d
W58  0x108  tx_retx_active         0x00000000
W63  0x11C  app_frmwait_cyc        0xdf8d9309
W66  0x128  tx_stat_winstall       0x1b18f169
W67  0x12C  tx_winstall_cap        0x0053e77e
W68  0x130  rx_stat_ack_adv        0x00539c35
W69  0x134  tx_win_at_winstall     0xe9d4e9d4
SNAP_END R4D2_C2S_N14 nff=0
SNAP_T 1791679147.903373279
SNAP_BEGIN R4D2_C2S_N15 gen=770
W5   0x34   gmii_free_FE           0x4c469370
W14  0x58   tx_stat_frames_TCP     0x00539d01
W15  0x5C   tx_stat_bytes_TCP      0xdcdb20d0
W20  0x70   mac_tx_frames          0x00539d1b
W43  0xCC   mtx_stat_tx_words      0x4c412fcd
W51  0xEC   app_tx_bytes           0xdcd8a210
W55  0xFC   tx_stat_retx           0x00000018
W57  0x104  tx_retx_hi             0x1235571d
W58  0x108  tx_retx_active         0x00000000
W63  0x11C  app_frmwait_cyc        0xe1251169
W66  0x128  tx_stat_winstall       0x1b18f169
W67  0x12C  tx_winstall_cap        0x0053e77e
W68  0x130  rx_stat_ack_adv        0x00539c35
W69  0x134  tx_win_at_winstall     0xe9d4e9d4
SNAP_END R4D2_C2S_N15 nff=0
SNAP_T 1791679148.067481065
SNAP_BEGIN R4D2_C2S_N16 gen=771
W5   0x34   gmii_free_FE           0x4dcca3e4
W14  0x58   tx_stat_frames_TCP     0x00539d01
W15  0x5C   tx_stat_bytes_TCP      0xdcdb20d0
W20  0x70   mac_tx_frames          0x00539d1b
W43  0xCC   mtx_stat_tx_words      0x4dc73f4a
W51  0xEC   app_tx_bytes           0xdcd8a210
W55  0xFC   tx_stat_retx           0x00000018
W57  0x104  tx_retx_hi             0x1235571d
W58  0x108  tx_retx_active         0x00000000
W63  0x11C  app_frmwait_cyc        0xe2ab2178
W66  0x128  tx_stat_winstall       0x1b18f169
W67  0x12C  tx_winstall_cap        0x0053e77e
W68  0x130  rx_stat_ack_adv        0x00539c35
W69  0x134  tx_win_at_winstall     0xe9d4e9d4
SNAP_END R4D2_C2S_N16 nff=0
SNAP_T 1791679148.230219584
SNAP_BEGIN R4D2_C2S_N17 gen=772
W5   0x34   gmii_free_FE           0x4f4ec732
W14  0x58   tx_stat_frames_TCP     0x00539d01
W15  0x5C   tx_stat_bytes_TCP      0xdcdb20d0
W20  0x70   mac_tx_frames          0x00539d1b
W43  0xCC   mtx_stat_tx_words      0x4f4961a5
W51  0xEC   app_tx_bytes           0xdcd8a210
W55  0xFC   tx_stat_retx           0x00000018
W57  0x104  tx_retx_hi             0x1235571d
W58  0x108  tx_retx_active         0x00000000
W63  0x11C  app_frmwait_cyc        0xe42d4462
W66  0x128  tx_stat_winstall       0x1b18f169
W67  0x12C  tx_winstall_cap        0x0053e77e
W68  0x130  rx_stat_ack_adv        0x00539c35
W69  0x134  tx_win_at_winstall     0xe9d4e9d4
SNAP_END R4D2_C2S_N17 nff=0
SNAP_T 1791679148.391335691
SNAP_BEGIN R4D2_C2S_N18 gen=773
W5   0x34   gmii_free_FE           0x50d076cb
W14  0x58   tx_stat_frames_TCP     0x00539d01
W15  0x5C   tx_stat_bytes_TCP      0xdcdb20d0
W20  0x70   mac_tx_frames          0x00539d1b
W43  0xCC   mtx_stat_tx_words      0x50cb1049
W51  0xEC   app_tx_bytes           0xdcd8a210
W55  0xFC   tx_stat_retx           0x00000018
W57  0x104  tx_retx_hi             0x1235571d
W58  0x108  tx_retx_active         0x00000000
W63  0x11C  app_frmwait_cyc        0xe5aef397
W66  0x128  tx_stat_winstall       0x1b18f169
W67  0x12C  tx_winstall_cap        0x0053e77e
W68  0x130  rx_stat_ack_adv        0x00539c35
W69  0x134  tx_win_at_winstall     0xe9d4e9d4
SNAP_END R4D2_C2S_N18 nff=0
SNAP_T 1791679148.553045736
SNAP_BEGIN R4D2_C2S_N19 gen=774
W5   0x34   gmii_free_FE           0x524df99a
W14  0x58   tx_stat_frames_TCP     0x00539d01
W15  0x5C   tx_stat_bytes_TCP      0xdcdb20d0
W20  0x70   mac_tx_frames          0x00539d1b
W43  0xCC   mtx_stat_tx_words      0x52489228
W51  0xEC   app_tx_bytes           0xdcd8a210
W55  0xFC   tx_stat_retx           0x00000018
W57  0x104  tx_retx_hi             0x1235571d
W58  0x108  tx_retx_active         0x00000000
W63  0x11C  app_frmwait_cyc        0xe72c7603
W66  0x128  tx_stat_winstall       0x1b18f169
W67  0x12C  tx_winstall_cap        0x0053e77e
W68  0x130  rx_stat_ack_adv        0x00539c35
W69  0x134  tx_win_at_winstall     0xe9d4e9d4
SNAP_END R4D2_C2S_N19 nff=0
SNAP_T 1791679148.712810694
SNAP_BEGIN R4D2_C2S_N20 gen=775
W5   0x34   gmii_free_FE           0x53ce77a1
W14  0x58   tx_stat_frames_TCP     0x00539d01
W15  0x5C   tx_stat_bytes_TCP      0xdcdb20d0
W20  0x70   mac_tx_frames          0x00539d1b
W43  0xCC   mtx_stat_tx_words      0x53c90f3c
W51  0xEC   app_tx_bytes           0xdcd8a210
W55  0xFC   tx_stat_retx           0x00000018
W57  0x104  tx_retx_hi             0x1235571d
W58  0x108  tx_retx_active         0x00000000
W63  0x11C  app_frmwait_cyc        0xe8acf3a7
W66  0x128  tx_stat_winstall       0x1b18f169
W67  0x12C  tx_winstall_cap        0x0053e77e
W68  0x130  rx_stat_ack_adv        0x00539c35
W69  0x134  tx_win_at_winstall     0xe9d4e9d4
SNAP_END R4D2_C2S_N20 nff=0
SNAP_T 1791679148.874567988
SNAP_BEGIN R4D2_C2S_N21 gen=776
W5   0x34   gmii_free_FE           0x554d057b
W14  0x58   tx_stat_frames_TCP     0x00539d01
W15  0x5C   tx_stat_bytes_TCP      0xdcdb20d0
W20  0x70   mac_tx_frames          0x00539d1b
W43  0xCC   mtx_stat_tx_words      0x55479c24
W51  0xEC   app_tx_bytes           0xdcd8a210
W55  0xFC   tx_stat_retx           0x00000018
W57  0x104  tx_retx_hi             0x1235571d
W58  0x108  tx_retx_active         0x00000000
W63  0x11C  app_frmwait_cyc        0xea2b811d
W66  0x128  tx_stat_winstall       0x1b18f169
W67  0x12C  tx_winstall_cap        0x0053e77e
W68  0x130  rx_stat_ack_adv        0x00539c35
W69  0x134  tx_win_at_winstall     0xe9d4e9d4
SNAP_END R4D2_C2S_N21 nff=0
SNAP_T 1791679149.035436420
SNAP_BEGIN R4D2_C2S_N22 gen=777
W5   0x34   gmii_free_FE           0x56cc0800
W14  0x58   tx_stat_frames_TCP     0x00539d01
W15  0x5C   tx_stat_bytes_TCP      0xdcdb20d0
W20  0x70   mac_tx_frames          0x00539d1b
W43  0xCC   mtx_stat_tx_words      0x56c69db7
W51  0xEC   app_tx_bytes           0xdcd8a210
W55  0xFC   tx_stat_retx           0x00000018
W57  0x104  tx_retx_hi             0x1235571d
W58  0x108  tx_retx_active         0x00000000
W63  0x11C  app_frmwait_cyc        0xebaa833f
W66  0x128  tx_stat_winstall       0x1b18f169
W67  0x12C  tx_winstall_cap        0x0053e77e
W68  0x130  rx_stat_ack_adv        0x00539c35
W69  0x134  tx_win_at_winstall     0xe9d4e9d4
SNAP_END R4D2_C2S_N22 nff=0
SNAP_T 1791679149.197439585
SNAP_BEGIN R4D2_C2S_N23 gen=778
W5   0x34   gmii_free_FE           0x5852c7e6
W14  0x58   tx_stat_frames_TCP     0x00539d01
W15  0x5C   tx_stat_bytes_TCP      0xdcdb20d0
W20  0x70   mac_tx_frames          0x00539d1b
W43  0xCC   mtx_stat_tx_words      0x584d5ca7
W51  0xEC   app_tx_bytes           0xdcd8a210
W55  0xFC   tx_stat_retx           0x00000018
W57  0x104  tx_retx_hi             0x1235571d
W58  0x108  tx_retx_active         0x00000000
W63  0x11C  app_frmwait_cyc        0xed3142c0
W66  0x128  tx_stat_winstall       0x1b18f169
W67  0x12C  tx_winstall_cap        0x0053e77e
W68  0x130  rx_stat_ack_adv        0x00539c35
W69  0x134  tx_win_at_winstall     0xe9d4e9d4
SNAP_END R4D2_C2S_N23 nff=0
SNAP_T 1791679149.359576641
SNAP_BEGIN R4D2_C2S_N24 gen=779
W5   0x34   gmii_free_FE           0x59d492c5
W14  0x58   tx_stat_frames_TCP     0x00539d01
W15  0x5C   tx_stat_bytes_TCP      0xdcdb20d0
W20  0x70   mac_tx_frames          0x00539d1b
W43  0xCC   mtx_stat_tx_words      0x59cf2691
W51  0xEC   app_tx_bytes           0xdcd8a210
W55  0xFC   tx_stat_retx           0x00000018
W57  0x104  tx_retx_hi             0x1235571d
W58  0x108  tx_retx_active         0x00000000
W63  0x11C  app_frmwait_cyc        0xeeb30d3b
W66  0x128  tx_stat_winstall       0x1b18f169
W67  0x12C  tx_winstall_cap        0x0053e77e
W68  0x130  rx_stat_ack_adv        0x00539c35
W69  0x134  tx_win_at_winstall     0xe9d4e9d4
SNAP_END R4D2_C2S_N24 nff=0
SNAP_T 1791679149.521415460
SNAP_BEGIN R4D2_C2S_N25 gen=780
W5   0x34   gmii_free_FE           0x5b570189
W14  0x58   tx_stat_frames_TCP     0x00539d01
W15  0x5C   tx_stat_bytes_TCP      0xdcdb20d0
W20  0x70   mac_tx_frames          0x00539d1b
W43  0xCC   mtx_stat_tx_words      0x5b519461
W51  0xEC   app_tx_bytes           0xdcd8a210
W55  0xFC   tx_stat_retx           0x00000018
W57  0x104  tx_retx_hi             0x1235571d
W58  0x108  tx_retx_active         0x00000000
W63  0x11C  app_frmwait_cyc        0xf0357b9b
W66  0x128  tx_stat_winstall       0x1b18f169
W67  0x12C  tx_winstall_cap        0x0053e77e
W68  0x130  rx_stat_ack_adv        0x00539c35
W69  0x134  tx_win_at_winstall     0xe9d4e9d4
SNAP_END R4D2_C2S_N25 nff=0
SNAP_T 1791679149.684411780
SNAP_BEGIN R4D2_C2S_N26 gen=781
W5   0x34   gmii_free_FE           0x5cd746f8
W14  0x58   tx_stat_frames_TCP     0x00539d01
W15  0x5C   tx_stat_bytes_TCP      0xdcdb20d0
W20  0x70   mac_tx_frames          0x00539d1b
W43  0xCC   mtx_stat_tx_words      0x5cd1d8dd
W51  0xEC   app_tx_bytes           0xdcd8a210
W55  0xFC   tx_stat_retx           0x00000018
W57  0x104  tx_retx_hi             0x1235571d
W58  0x108  tx_retx_active         0x00000000
W63  0x11C  app_frmwait_cyc        0xf1b5c0a6
W66  0x128  tx_stat_winstall       0x1b18f169
W67  0x12C  tx_winstall_cap        0x0053e77e
W68  0x130  rx_stat_ack_adv        0x00539c35
W69  0x134  tx_win_at_winstall     0xe9d4e9d4
SNAP_END R4D2_C2S_N26 nff=0
SNAP_T 1791679149.844239693
SNAP_BEGIN R4D2_C2S_N27 gen=782
W5   0x34   gmii_free_FE           0x5e5913e4
W14  0x58   tx_stat_frames_TCP     0x00539d01
W15  0x5C   tx_stat_bytes_TCP      0xdcdb20d0
W20  0x70   mac_tx_frames          0x00539d1b
W43  0xCC   mtx_stat_tx_words      0x5e53a4d5
W51  0xEC   app_tx_bytes           0xdcd8a210
W55  0xFC   tx_stat_retx           0x00000018
W57  0x104  tx_retx_hi             0x1235571d
W58  0x108  tx_retx_active         0x00000000
W63  0x11C  app_frmwait_cyc        0xf3378d2e
W66  0x128  tx_stat_winstall       0x1b18f169
W67  0x12C  tx_winstall_cap        0x0053e77e
W68  0x130  rx_stat_ack_adv        0x00539c35
W69  0x134  tx_win_at_winstall     0xe9d4e9d4
SNAP_END R4D2_C2S_N27 nff=0
SNAP_T 1791679150.006223029
SNAP_BEGIN R4D2_C2S_N28 gen=783
W5   0x34   gmii_free_FE           0x5fdb18ad
W14  0x58   tx_stat_frames_TCP     0x00539d01
W15  0x5C   tx_stat_bytes_TCP      0xdcdb20d0
W20  0x70   mac_tx_frames          0x00539d1b
W43  0xCC   mtx_stat_tx_words      0x5fd5a8ab
W51  0xEC   app_tx_bytes           0xdcd8a210
W55  0xFC   tx_stat_retx           0x00000018
W57  0x104  tx_retx_hi             0x1235571d
W58  0x108  tx_retx_active         0x00000000
W63  0x11C  app_frmwait_cyc        0xf4b99193
W66  0x128  tx_stat_winstall       0x1b18f169
W67  0x12C  tx_winstall_cap        0x0053e77e
W68  0x130  rx_stat_ack_adv        0x00539c35
W69  0x134  tx_win_at_winstall     0xe9d4e9d4
SNAP_END R4D2_C2S_N28 nff=0
SNAP_T 1791679150.168115114
SNAP_BEGIN R4D2_C2S_N29 gen=784
W5   0x34   gmii_free_FE           0x6158c755
W14  0x58   tx_stat_frames_TCP     0x00539d01
W15  0x5C   tx_stat_bytes_TCP      0xdcdb20d0
W20  0x70   mac_tx_frames          0x00539d1b
W43  0xCC   mtx_stat_tx_words      0x61535662
W51  0xEC   app_tx_bytes           0xdcd8a210
W55  0xFC   tx_stat_retx           0x00000018
W57  0x104  tx_retx_hi             0x1235571d
W58  0x108  tx_retx_active         0x00000000
W63  0x11C  app_frmwait_cyc        0xf6373fd8
W66  0x128  tx_stat_winstall       0x1b18f169
W67  0x12C  tx_winstall_cap        0x0053e77e
W68  0x130  rx_stat_ack_adv        0x00539c35
W69  0x134  tx_win_at_winstall     0xe9d4e9d4
SNAP_END R4D2_C2S_N29 nff=0
SNAP_T 1791679150.328184936
SNAP_BEGIN R4D2_C2S_N30 gen=785
W5   0x34   gmii_free_FE           0x62d968ee
W14  0x58   tx_stat_frames_TCP     0x00539d01
W15  0x5C   tx_stat_bytes_TCP      0xdcdb20d0
W20  0x70   mac_tx_frames          0x00539d1b
W43  0xCC   mtx_stat_tx_words      0x62d3f707
W51  0xEC   app_tx_bytes           0xdcd8a210
W55  0xFC   tx_stat_retx           0x00000018
W57  0x104  tx_retx_hi             0x1235571d
W58  0x108  tx_retx_active         0x00000000
W63  0x11C  app_frmwait_cyc        0xf7b7e10e
W66  0x128  tx_stat_winstall       0x1b18f169
W67  0x12C  tx_winstall_cap        0x0053e77e
W68  0x130  rx_stat_ack_adv        0x00539c35
W69  0x134  tx_win_at_winstall     0xe9d4e9d4
SNAP_END R4D2_C2S_N30 nff=0
SNAP_T 1791679150.489512799
SNAP_BEGIN R4D2_C2S_N31 gen=786
W5   0x34   gmii_free_FE           0x645b944d
W14  0x58   tx_stat_frames_TCP     0x00539d01
W15  0x5C   tx_stat_bytes_TCP      0xdcdb20d0
W20  0x70   mac_tx_frames          0x00539d1b
W43  0xCC   mtx_stat_tx_words      0x64562173
W51  0xEC   app_tx_bytes           0xdcd8a210
W55  0xFC   tx_stat_retx           0x00000018
W57  0x104  tx_retx_hi             0x1235571d
W58  0x108  tx_retx_active         0x00000000
W63  0x11C  app_frmwait_cyc        0xf93a0c09
W66  0x128  tx_stat_winstall       0x1b18f169
W67  0x12C  tx_winstall_cap        0x0053e77e
W68  0x130  rx_stat_ack_adv        0x00539c35
W69  0x134  tx_win_at_winstall     0xe9d4e9d4
SNAP_END R4D2_C2S_N31 nff=0
SNAP_T 1791679150.651102022
SNAP_BEGIN R4D2_C2S_N32 gen=787
W5   0x34   gmii_free_FE           0x65d8973e
W14  0x58   tx_stat_frames_TCP     0x00539d01
W15  0x5C   tx_stat_bytes_TCP      0xdcdb20d0
W20  0x70   mac_tx_frames          0x00539d1b
W43  0xCC   mtx_stat_tx_words      0x65d32373
W51  0xEC   app_tx_bytes           0xdcd8a210
W55  0xFC   tx_stat_retx           0x00000018
W57  0x104  tx_retx_hi             0x1235571d
W58  0x108  tx_retx_active         0x00000000
W63  0x11C  app_frmwait_cyc        0xfab70e97
W66  0x128  tx_stat_winstall       0x1b18f169
W67  0x12C  tx_winstall_cap        0x0053e77e
W68  0x130  rx_stat_ack_adv        0x00539c35
W69  0x134  tx_win_at_winstall     0xe9d4e9d4
SNAP_END R4D2_C2S_N32 nff=0
SNAP_T 1791679150.813244922
SNAP_BEGIN R4D2_C2S_N33 gen=788
W5   0x34   gmii_free_FE           0x675ab20c
W14  0x58   tx_stat_frames_TCP     0x00539d01
W15  0x5C   tx_stat_bytes_TCP      0xdcdb20d0
W20  0x70   mac_tx_frames          0x00539d1b
W43  0xCC   mtx_stat_tx_words      0x67553d4d
W51  0xEC   app_tx_bytes           0xdcd8a210
W55  0xFC   tx_stat_retx           0x00000018
W57  0x104  tx_retx_hi             0x1235571d
W58  0x108  tx_retx_active         0x00000000
W63  0x11C  app_frmwait_cyc        0xfc392901
W66  0x128  tx_stat_winstall       0x1b18f169
W67  0x12C  tx_winstall_cap        0x0053e77e
W68  0x130  rx_stat_ack_adv        0x00539c35
W69  0x134  tx_win_at_winstall     0xe9d4e9d4
SNAP_END R4D2_C2S_N33 nff=0
SNAP_T 1791679150.973341536
SNAP_BEGIN R4D2_C2S_N34 gen=789
W5   0x34   gmii_free_FE           0x68dd302f
W14  0x58   tx_stat_frames_TCP     0x00539d01
W15  0x5C   tx_stat_bytes_TCP      0xdcdb20d0
W20  0x70   mac_tx_frames          0x00539d1c
W43  0xCC   mtx_stat_tx_words      0x68d7ba7c
W51  0xEC   app_tx_bytes           0xdcd8a210
W55  0xFC   tx_stat_retx           0x00000018
W57  0x104  tx_retx_hi             0x1235571d
W58  0x108  tx_retx_active         0x00000000
W63  0x11C  app_frmwait_cyc        0xfdbba6c0
W66  0x128  tx_stat_winstall       0x1b18f169
W67  0x12C  tx_winstall_cap        0x0053e77e
W68  0x130  rx_stat_ack_adv        0x00539c35
W69  0x134  tx_win_at_winstall     0xe9d4e9d4
SNAP_END R4D2_C2S_N34 nff=0
SNAP_T 1791679151.135264221
SNAP_BEGIN R4D2_C2S_N35 gen=790
W5   0x34   gmii_free_FE           0x6a5d1310
W14  0x58   tx_stat_frames_TCP     0x00539d01
W15  0x5C   tx_stat_bytes_TCP      0xdcdb20d0
W20  0x70   mac_tx_frames          0x00539d1c
W43  0xCC   mtx_stat_tx_words      0x6a579c6a
W51  0xEC   app_tx_bytes           0xdcd8a210
W55  0xFC   tx_stat_retx           0x00000018
W57  0x104  tx_retx_hi             0x1235571d
W58  0x108  tx_retx_active         0x00000000
W63  0x11C  app_frmwait_cyc        0xff3b893d
W66  0x128  tx_stat_winstall       0x1b18f169
W67  0x12C  tx_winstall_cap        0x0053e77e
W68  0x130  rx_stat_ack_adv        0x00539c35
W69  0x134  tx_win_at_winstall     0xe9d4e9d4
SNAP_END R4D2_C2S_N35 nff=0
SNAP_T 1791679151.295891589
SNAP_BEGIN R4D2_C2S_N36 gen=791
W5   0x34   gmii_free_FE           0x6bd99335
W14  0x58   tx_stat_frames_TCP     0x00539d01
W15  0x5C   tx_stat_bytes_TCP      0xdcdb20d0
W20  0x70   mac_tx_frames          0x00539d1c
W43  0xCC   mtx_stat_tx_words      0x6bd41b9f
W51  0xEC   app_tx_bytes           0xdcd8a210
W55  0xFC   tx_stat_retx           0x00000018
W57  0x104  tx_retx_hi             0x1235571d
W58  0x108  tx_retx_active         0x00000000
W63  0x11C  app_frmwait_cyc        0x00b80900
W66  0x128  tx_stat_winstall       0x1b18f169
W67  0x12C  tx_winstall_cap        0x0053e77e
W68  0x130  rx_stat_ack_adv        0x00539c35
W69  0x134  tx_win_at_winstall     0xe9d4e9d4
SNAP_END R4D2_C2S_N36 nff=0
SNAP_T 1791679151.455661588
SNAP_BEGIN R4D2_C2S_N37 gen=792
W5   0x34   gmii_free_FE           0x6d5acc7b
W14  0x58   tx_stat_frames_TCP     0x00539d01
W15  0x5C   tx_stat_bytes_TCP      0xdcdb20d0
W20  0x70   mac_tx_frames          0x00539d1c
W43  0xCC   mtx_stat_tx_words      0x6d5553f1
W51  0xEC   app_tx_bytes           0xdcd8a210
W55  0xFC   tx_stat_retx           0x00000018
W57  0x104  tx_retx_hi             0x1235571d
W58  0x108  tx_retx_active         0x00000000
W63  0x11C  app_frmwait_cyc        0x023941e2
W66  0x128  tx_stat_winstall       0x1b18f169
W67  0x12C  tx_winstall_cap        0x0053e77e
W68  0x130  rx_stat_ack_adv        0x00539c35
W69  0x134  tx_win_at_winstall     0xe9d4e9d4
SNAP_END R4D2_C2S_N37 nff=0
SNAP_T 1791679151.617804378
SNAP_BEGIN R4D2_C2S_N38 gen=793
W5   0x34   gmii_free_FE           0x6edcbc12
W14  0x58   tx_stat_frames_TCP     0x00539d01
W15  0x5C   tx_stat_bytes_TCP      0xdcdb20d0
W20  0x70   mac_tx_frames          0x00539d1c
W43  0xCC   mtx_stat_tx_words      0x6ed74294
W51  0xEC   app_tx_bytes           0xdcd8a210
W55  0xFC   tx_stat_retx           0x00000018
W57  0x104  tx_retx_hi             0x1235571d
W58  0x108  tx_retx_active         0x00000000
W63  0x11C  app_frmwait_cyc        0x03bb3115
W66  0x128  tx_stat_winstall       0x1b18f169
W67  0x12C  tx_winstall_cap        0x0053e77e
W68  0x130  rx_stat_ack_adv        0x00539c35
W69  0x134  tx_win_at_winstall     0xe9d4e9d4
SNAP_END R4D2_C2S_N38 nff=0
SNAP_T 1791679151.779226740
SNAP_BEGIN R4D2_C2S_N39 gen=794
W5   0x34   gmii_free_FE           0x705e5209
W14  0x58   tx_stat_frames_TCP     0x00539d01
W15  0x5C   tx_stat_bytes_TCP      0xdcdb20d0
W20  0x70   mac_tx_frames          0x00539d1c
W43  0xCC   mtx_stat_tx_words      0x7058d798
W51  0xEC   app_tx_bytes           0xdcd8a210
W55  0xFC   tx_stat_retx           0x00000018
W57  0x104  tx_retx_hi             0x1235571d
W58  0x108  tx_retx_active         0x00000000
W63  0x11C  app_frmwait_cyc        0x053cc6a8
W66  0x128  tx_stat_winstall       0x1b18f169
W67  0x12C  tx_winstall_cap        0x0053e77e
W68  0x130  rx_stat_ack_adv        0x00539c35
W69  0x134  tx_win_at_winstall     0xe9d4e9d4
SNAP_END R4D2_C2S_N39 nff=0
SNAP_T 1791679151.940830508
SNAP_BEGIN R4D2_C2S_N40 gen=795
W5   0x34   gmii_free_FE           0x71db6c3a
W14  0x58   tx_stat_frames_TCP     0x00539d01
W15  0x5C   tx_stat_bytes_TCP      0xdcdb20d0
W20  0x70   mac_tx_frames          0x00539d1c
W43  0xCC   mtx_stat_tx_words      0x71d5f0d8
W51  0xEC   app_tx_bytes           0xdcd8a210
W55  0xFC   tx_stat_retx           0x00000018
W57  0x104  tx_retx_hi             0x1235571d
W58  0x108  tx_retx_active         0x00000000
W63  0x11C  app_frmwait_cyc        0x06b9e076
W66  0x128  tx_stat_winstall       0x1b18f169
W67  0x12C  tx_winstall_cap        0x0053e77e
W68  0x130  rx_stat_ack_adv        0x00539c35
W69  0x134  tx_win_at_winstall     0xe9d4e9d4
SNAP_END R4D2_C2S_N40 nff=0
SNAP_T 1791679152.102001290
SNAP_BEGIN R4D2_C2S_N41 gen=796
W5   0x34   gmii_free_FE           0x735ecedd
W14  0x58   tx_stat_frames_TCP     0x00539d01
W15  0x5C   tx_stat_bytes_TCP      0xdcdb20d0
W20  0x70   mac_tx_frames          0x00539d1c
W43  0xCC   mtx_stat_tx_words      0x73595285
W51  0xEC   app_tx_bytes           0xdcd8a210
W55  0xFC   tx_stat_retx           0x00000018
W57  0x104  tx_retx_hi             0x1235571d
W58  0x108  tx_retx_active         0x00000000
W63  0x11C  app_frmwait_cyc        0x083d42b4
W66  0x128  tx_stat_winstall       0x1b18f169
W67  0x12C  tx_winstall_cap        0x0053e77e
W68  0x130  rx_stat_ack_adv        0x00539c35
W69  0x134  tx_win_at_winstall     0xe9d4e9d4
SNAP_END R4D2_C2S_N41 nff=0
SNAP_T 1791679152.265226966
SNAP_BEGIN R4D2_C2S_N42 gen=797
W5   0x34   gmii_free_FE           0x74e5e417
W14  0x58   tx_stat_frames_TCP     0x00539d01
W15  0x5C   tx_stat_bytes_TCP      0xdcdb20d0
W20  0x70   mac_tx_frames          0x00539d1c
W43  0xCC   mtx_stat_tx_words      0x74e066c8
W51  0xEC   app_tx_bytes           0xdcd8a210
W55  0xFC   tx_stat_retx           0x00000018
W57  0x104  tx_retx_hi             0x1235571d
W58  0x108  tx_retx_active         0x00000000
W63  0x11C  app_frmwait_cyc        0x09c45788
W66  0x128  tx_stat_winstall       0x1b18f169
W67  0x12C  tx_winstall_cap        0x0053e77e
W68  0x130  rx_stat_ack_adv        0x00539c35
W69  0x134  tx_win_at_winstall     0xe9d4e9d4
SNAP_END R4D2_C2S_N42 nff=0
SNAP_T 1791679152.427769648
SNAP_BEGIN R4D2_C2S_N43 gen=798
W5   0x34   gmii_free_FE           0x766815fd
W14  0x58   tx_stat_frames_TCP     0x00539d01
W15  0x5C   tx_stat_bytes_TCP      0xdcdb20d0
W20  0x70   mac_tx_frames          0x00539d1c
W43  0xCC   mtx_stat_tx_words      0x766297ba
W51  0xEC   app_tx_bytes           0xdcd8a210
W55  0xFC   tx_stat_retx           0x00000018
W57  0x104  tx_retx_hi             0x1235571d
W58  0x108  tx_retx_active         0x00000000
W63  0x11C  app_frmwait_cyc        0x0b46890b
W66  0x128  tx_stat_winstall       0x1b18f169
W67  0x12C  tx_winstall_cap        0x0053e77e
W68  0x130  rx_stat_ack_adv        0x00539c35
W69  0x134  tx_win_at_winstall     0xe9d4e9d4
SNAP_END R4D2_C2S_N43 nff=0
SNAP_T 1791679152.589462048
SNAP_BEGIN R4D2_C2S_N44 gen=799
W5   0x34   gmii_free_FE           0x77e5b074
W14  0x58   tx_stat_frames_TCP     0x00539d02
W15  0x5C   tx_stat_bytes_TCP      0xdcdb20d0
W20  0x70   mac_tx_frames          0x00539d1d
W43  0xCC   mtx_stat_tx_words      0x77e03140
W51  0xEC   app_tx_bytes           0xdcd8a210
W55  0xFC   tx_stat_retx           0x00000018
W57  0x104  tx_retx_hi             0x1235571d
W58  0x108  tx_retx_active         0x00000000
W63  0x11C  app_frmwait_cyc        0x0cc4231f
W66  0x128  tx_stat_winstall       0x1b18f169
W67  0x12C  tx_winstall_cap        0x0053e77e
W68  0x130  rx_stat_ack_adv        0x00539c35
W69  0x134  tx_win_at_winstall     0xe9d4e9d4
SNAP_END R4D2_C2S_N44 nff=0
SNAP_T 1791679152.751780378
SNAP_BEGIN R4D2_C2S_N45 gen=800
W5   0x34   gmii_free_FE           0x796c9d60
W14  0x58   tx_stat_frames_TCP     0x00539d02
W15  0x5C   tx_stat_bytes_TCP      0xdcdb20d0
W20  0x70   mac_tx_frames          0x00539d1d
W43  0xCC   mtx_stat_tx_words      0x79671d34
W51  0xEC   app_tx_bytes           0xdcd8a210
W55  0xFC   tx_stat_retx           0x00000018
W57  0x104  tx_retx_hi             0x1235571d
W58  0x108  tx_retx_active         0x00000000
W63  0x11C  app_frmwait_cyc        0x0e4b0fa5
W66  0x128  tx_stat_winstall       0x1b18f169
W67  0x12C  tx_winstall_cap        0x0053e77e
W68  0x130  rx_stat_ack_adv        0x00539c35
W69  0x134  tx_win_at_winstall     0xe9d4e9d4
SNAP_END R4D2_C2S_N45 nff=0
SNAP_T 1791679152.913614153
SNAP_BEGIN R4D2_C2S_N46 gen=801
W5   0x34   gmii_free_FE           0x7aea89e1
W14  0x58   tx_stat_frames_TCP     0x00539d02
W15  0x5C   tx_stat_bytes_TCP      0xdcdb20d0
W20  0x70   mac_tx_frames          0x00539d1d
W43  0xCC   mtx_stat_tx_words      0x7ae508c5
W51  0xEC   app_tx_bytes           0xdcd8a210
W55  0xFC   tx_stat_retx           0x00000018
W57  0x104  tx_retx_hi             0x1235571d
W58  0x108  tx_retx_active         0x00000000
W63  0x11C  app_frmwait_cyc        0x0fc8fbc4
W66  0x128  tx_stat_winstall       0x1b18f169
W67  0x12C  tx_winstall_cap        0x0053e77e
W68  0x130  rx_stat_ack_adv        0x00539c35
W69  0x134  tx_win_at_winstall     0xe9d4e9d4
SNAP_END R4D2_C2S_N46 nff=0
SNAP_T 1791679153.073702756
SNAP_BEGIN R4D2_C2S_N47 gen=802
W5   0x34   gmii_free_FE           0x7c6be33c
W14  0x58   tx_stat_frames_TCP     0x00539d02
W15  0x5C   tx_stat_bytes_TCP      0xdcdb20d0
W20  0x70   mac_tx_frames          0x00539d1d
W43  0xCC   mtx_stat_tx_words      0x7c66612c
W51  0xEC   app_tx_bytes           0xdcd8a210
W55  0xFC   tx_stat_retx           0x00000018
W57  0x104  tx_retx_hi             0x1235571d
W58  0x108  tx_retx_active         0x00000000
W63  0x11C  app_frmwait_cyc        0x114a54bb
W66  0x128  tx_stat_winstall       0x1b18f169
W67  0x12C  tx_winstall_cap        0x0053e77e
W68  0x130  rx_stat_ack_adv        0x00539c35
W69  0x134  tx_win_at_winstall     0xe9d4e9d4
SNAP_END R4D2_C2S_N47 nff=0
SNAP_T 1791679153.235167261
SNAP_BEGIN R4D2_C2S_N48 gen=803
W5   0x34   gmii_free_FE           0x7de945c8
W14  0x58   tx_stat_frames_TCP     0x00539d02
W15  0x5C   tx_stat_bytes_TCP      0xdcdb20d0
W20  0x70   mac_tx_frames          0x00539d1d
W43  0xCC   mtx_stat_tx_words      0x7de3c2c6
W51  0xEC   app_tx_bytes           0xdcd8a210
W55  0xFC   tx_stat_retx           0x00000018
W57  0x104  tx_retx_hi             0x1235571d
W58  0x108  tx_retx_active         0x00000000
W63  0x11C  app_frmwait_cyc        0x12c7b6e3
W66  0x128  tx_stat_winstall       0x1b18f169
W67  0x12C  tx_winstall_cap        0x0053e77e
W68  0x130  rx_stat_ack_adv        0x00539c35
W69  0x134  tx_win_at_winstall     0xe9d4e9d4
SNAP_END R4D2_C2S_N48 nff=0
SNAP_T 1791679153.394970388
SNAP_BEGIN R4D2_C2S_N49 gen=804
W5   0x34   gmii_free_FE           0x7f66605b
W14  0x58   tx_stat_frames_TCP     0x00539d02
W15  0x5C   tx_stat_bytes_TCP      0xdcdb20d0
W20  0x70   mac_tx_frames          0x00539d1d
W43  0xCC   mtx_stat_tx_words      0x7f60dc69
W51  0xEC   app_tx_bytes           0xdcd8a210
W55  0xFC   tx_stat_retx           0x00000018
W57  0x104  tx_retx_hi             0x1235571d
W58  0x108  tx_retx_active         0x00000000
W63  0x11C  app_frmwait_cyc        0x1444d114
W66  0x128  tx_stat_winstall       0x1b18f169
W67  0x12C  tx_winstall_cap        0x0053e77e
W68  0x130  rx_stat_ack_adv        0x00539c35
W69  0x134  tx_win_at_winstall     0xe9d4e9d4
SNAP_END R4D2_C2S_N49 nff=0
SNAP_T 1791679153.555016345
SNAP_BEGIN R4D2_C2S_N50 gen=805
W5   0x34   gmii_free_FE           0x80e40075
W14  0x58   tx_stat_frames_TCP     0x00539d02
W15  0x5C   tx_stat_bytes_TCP      0xdcdb20d0
W20  0x70   mac_tx_frames          0x00539d1d
W43  0xCC   mtx_stat_tx_words      0x80de7b91
W51  0xEC   app_tx_bytes           0xdcd8a210
W55  0xFC   tx_stat_retx           0x00000018
W57  0x104  tx_retx_hi             0x1235571d
W58  0x108  tx_retx_active         0x00000000
W63  0x11C  app_frmwait_cyc        0x15c270cb
W66  0x128  tx_stat_winstall       0x1b18f169
W67  0x12C  tx_winstall_cap        0x0053e77e
W68  0x130  rx_stat_ack_adv        0x00539c35
W69  0x134  tx_win_at_winstall     0xe9d4e9d4
SNAP_END R4D2_C2S_N50 nff=0
SNAP_T 1791679153.715263633
SNAP_BEGIN R4D2_C2S_N51 gen=806
W5   0x34   gmii_free_FE           0x8265712e
W14  0x58   tx_stat_frames_TCP     0x00539d02
W15  0x5C   tx_stat_bytes_TCP      0xdcdb20d0
W20  0x70   mac_tx_frames          0x00539d1d
W43  0xCC   mtx_stat_tx_words      0x825feb57
W51  0xEC   app_tx_bytes           0xdcd8a210
W55  0xFC   tx_stat_retx           0x00000018
W57  0x104  tx_retx_hi             0x1235571d
W58  0x108  tx_retx_active         0x00000000
W63  0x11C  app_frmwait_cyc        0x1743e120
W66  0x128  tx_stat_winstall       0x1b18f169
W67  0x12C  tx_winstall_cap        0x0053e77e
W68  0x130  rx_stat_ack_adv        0x00539c35
W69  0x134  tx_win_at_winstall     0xe9d4e9d4
SNAP_END R4D2_C2S_N51 nff=0
SNAP_T 1791679153.879360222
SNAP_BEGIN R4D2_C2S_N52 gen=807
W5   0x34   gmii_free_FE           0x83e916f9
W14  0x58   tx_stat_frames_TCP     0x00539d02
W15  0x5C   tx_stat_bytes_TCP      0xdcdb20d0
W20  0x70   mac_tx_frames          0x00539d1d
W43  0xCC   mtx_stat_tx_words      0x83e3902c
W51  0xEC   app_tx_bytes           0xdcd8a210
W55  0xFC   tx_stat_retx           0x00000018
W57  0x104  tx_retx_hi             0x1235571d
W58  0x108  tx_retx_active         0x00000000
W63  0x11C  app_frmwait_cyc        0x18c78686
W66  0x128  tx_stat_winstall       0x1b18f169
W67  0x12C  tx_winstall_cap        0x0053e77e
W68  0x130  rx_stat_ack_adv        0x00539c35
W69  0x134  tx_win_at_winstall     0xe9d4e9d4
SNAP_END R4D2_C2S_N52 nff=0
SNAP_T 1791679154.039276700
SNAP_BEGIN R4D2_C2S_N53 gen=808
W5   0x34   gmii_free_FE           0x856b5383
W14  0x58   tx_stat_frames_TCP     0x00539d02
W15  0x5C   tx_stat_bytes_TCP      0xdcdb20d0
W20  0x70   mac_tx_frames          0x00539d1d
W43  0xCC   mtx_stat_tx_words      0x8565cbc2
W51  0xEC   app_tx_bytes           0xdcd8a210
W55  0xFC   tx_stat_retx           0x00000018
W57  0x104  tx_retx_hi             0x1235571d
W58  0x108  tx_retx_active         0x00000000
W63  0x11C  app_frmwait_cyc        0x1a49c2ac
W66  0x128  tx_stat_winstall       0x1b18f169
W67  0x12C  tx_winstall_cap        0x0053e77e
W68  0x130  rx_stat_ack_adv        0x00539c35
W69  0x134  tx_win_at_winstall     0xe9d4e9d4
SNAP_END R4D2_C2S_N53 nff=0
SNAP_T 1791679154.201813518
SNAP_BEGIN R4D2_C2S_N54 gen=809
W5   0x34   gmii_free_FE           0x86ed92af
W14  0x58   tx_stat_frames_TCP     0x00539d02
W15  0x5C   tx_stat_bytes_TCP      0xdcdb20d0
W20  0x70   mac_tx_frames          0x00539d1d
W43  0xCC   mtx_stat_tx_words      0x86e809fa
W51  0xEC   app_tx_bytes           0xdcd8a210
W55  0xFC   tx_stat_retx           0x00000018
W57  0x104  tx_retx_hi             0x1235571d
W58  0x108  tx_retx_active         0x00000000
W63  0x11C  app_frmwait_cyc        0x1bcc0174
W66  0x128  tx_stat_winstall       0x1b18f169
W67  0x12C  tx_winstall_cap        0x0053e77e
W68  0x130  rx_stat_ack_adv        0x00539c35
W69  0x134  tx_win_at_winstall     0xe9d4e9d4
SNAP_END R4D2_C2S_N54 nff=0
SNAP_T 1791679154.364125967
SNAP_BEGIN R4D2_C2S_N55 gen=810
W5   0x34   gmii_free_FE           0x8870acc0
W14  0x58   tx_stat_frames_TCP     0x00539d02
W15  0x5C   tx_stat_bytes_TCP      0xdcdb20d0
W20  0x70   mac_tx_frames          0x00539d1d
W43  0xCC   mtx_stat_tx_words      0x886b2316
W51  0xEC   app_tx_bytes           0xdcd8a210
W55  0xFC   tx_stat_retx           0x00000018
W57  0x104  tx_retx_hi             0x1235571d
W58  0x108  tx_retx_active         0x00000000
W63  0x11C  app_frmwait_cyc        0x1d4f1b20
W66  0x128  tx_stat_winstall       0x1b18f169
W67  0x12C  tx_winstall_cap        0x0053e77e
W68  0x130  rx_stat_ack_adv        0x00539c35
W69  0x134  tx_win_at_winstall     0xe9d4e9d4
SNAP_END R4D2_C2S_N55 nff=0
SNAP_T 1791679154.526453683
SNAP_BEGIN R4D2_C2S_N56 gen=811
W5   0x34   gmii_free_FE           0x89f408bf
W14  0x58   tx_stat_frames_TCP     0x00539d02
W15  0x5C   tx_stat_bytes_TCP      0xdcdb20d0
W20  0x70   mac_tx_frames          0x00539d1d
W43  0xCC   mtx_stat_tx_words      0x89ee7e21
W51  0xEC   app_tx_bytes           0xdcd8a210
W55  0xFC   tx_stat_retx           0x00000018
W57  0x104  tx_retx_hi             0x1235571d
W58  0x108  tx_retx_active         0x00000000
W63  0x11C  app_frmwait_cyc        0x1ed276bb
W66  0x128  tx_stat_winstall       0x1b18f169
W67  0x12C  tx_winstall_cap        0x0053e77e
W68  0x130  rx_stat_ack_adv        0x00539c35
W69  0x134  tx_win_at_winstall     0xe9d4e9d4
SNAP_END R4D2_C2S_N56 nff=0
SNAP_T 1791679154.688258970
SNAP_BEGIN R4D2_C2S_N57 gen=812
W5   0x34   gmii_free_FE           0x8b74c2de
W14  0x58   tx_stat_frames_TCP     0x00539d02
W15  0x5C   tx_stat_bytes_TCP      0xdcdb20d0
W20  0x70   mac_tx_frames          0x00539d1d
W43  0xCC   mtx_stat_tx_words      0x8b6f374d
W51  0xEC   app_tx_bytes           0xdcd8a210
W55  0xFC   tx_stat_retx           0x00000018
W57  0x104  tx_retx_hi             0x1235571d
W58  0x108  tx_retx_active         0x00000000
W63  0x11C  app_frmwait_cyc        0x20533076
W66  0x128  tx_stat_winstall       0x1b18f169
W67  0x12C  tx_winstall_cap        0x0053e77e
W68  0x130  rx_stat_ack_adv        0x00539c35
W69  0x134  tx_win_at_winstall     0xe9d4e9d4
SNAP_END R4D2_C2S_N57 nff=0
SNAP_T 1791679154.851383597
SNAP_BEGIN R4D2_C2S_N58 gen=813
W5   0x34   gmii_free_FE           0x8cfab3e6
W14  0x58   tx_stat_frames_TCP     0x00539d02
W15  0x5C   tx_stat_bytes_TCP      0xdcdb20d0
W20  0x70   mac_tx_frames          0x00539d1d
W43  0xCC   mtx_stat_tx_words      0x8cf5275e
W51  0xEC   app_tx_bytes           0xdcd8a210
W55  0xFC   tx_stat_retx           0x00000018
W57  0x104  tx_retx_hi             0x1235571d
W58  0x108  tx_retx_active         0x00000000
W63  0x11C  app_frmwait_cyc        0x21d92119
W66  0x128  tx_stat_winstall       0x1b18f169
W67  0x12C  tx_winstall_cap        0x0053e77e
W68  0x130  rx_stat_ack_adv        0x00539c35
W69  0x134  tx_win_at_winstall     0xe9d4e9d4
SNAP_END R4D2_C2S_N58 nff=0
SNAP_T 1791679155.014485971
SNAP_BEGIN R4D2_C2S_N59 gen=814
W5   0x34   gmii_free_FE           0x8e804d80
W14  0x58   tx_stat_frames_TCP     0x00539d02
W15  0x5C   tx_stat_bytes_TCP      0xdcdb20d0
W20  0x70   mac_tx_frames          0x00539d1d
W43  0xCC   mtx_stat_tx_words      0x8e7ac002
W51  0xEC   app_tx_bytes           0xdcd8a210
W55  0xFC   tx_stat_retx           0x00000018
W57  0x104  tx_retx_hi             0x1235571d
W58  0x108  tx_retx_active         0x00000000
W63  0x11C  app_frmwait_cyc        0x235eba4e
W66  0x128  tx_stat_winstall       0x1b18f169
W67  0x12C  tx_winstall_cap        0x0053e77e
W68  0x130  rx_stat_ack_adv        0x00539c35
W69  0x134  tx_win_at_winstall     0xe9d4e9d4
SNAP_END R4D2_C2S_N59 nff=0
SNAP_T 1791679155.176743276
SNAP_BEGIN R4D2_C2S_N60 gen=815
W5   0x34   gmii_free_FE           0x90024e00
W14  0x58   tx_stat_frames_TCP     0x00539d02
W15  0x5C   tx_stat_bytes_TCP      0xdcdb20d0
W20  0x70   mac_tx_frames          0x00539d1d
W43  0xCC   mtx_stat_tx_words      0x8ffcbf8d
W51  0xEC   app_tx_bytes           0xdcd8a210
W55  0xFC   tx_stat_retx           0x00000018
W57  0x104  tx_retx_hi             0x1235571d
W58  0x108  tx_retx_active         0x00000000
W63  0x11C  app_frmwait_cyc        0x24e0ba69
W66  0x128  tx_stat_winstall       0x1b18f169
W67  0x12C  tx_winstall_cap        0x0053e77e
W68  0x130  rx_stat_ack_adv        0x00539c35
W69  0x134  tx_win_at_winstall     0xe9d4e9d4
SNAP_END R4D2_C2S_N60 nff=0
SNAP_T 1791679155.339997726
SNAP_BEGIN R4D2_C2S_N61 gen=816
W5   0x34   gmii_free_FE           0x9187edac
W14  0x58   tx_stat_frames_TCP     0x00539d02
W15  0x5C   tx_stat_bytes_TCP      0xdcdb20d0
W20  0x70   mac_tx_frames          0x00539d1d
W43  0xCC   mtx_stat_tx_words      0x91825e43
W51  0xEC   app_tx_bytes           0xdcd8a210
W55  0xFC   tx_stat_retx           0x00000018
W57  0x104  tx_retx_hi             0x1235571d
W58  0x108  tx_retx_active         0x00000000
W63  0x11C  app_frmwait_cyc        0x266659b1
W66  0x128  tx_stat_winstall       0x1b18f169
W67  0x12C  tx_winstall_cap        0x0053e77e
W68  0x130  rx_stat_ack_adv        0x00539c35
W69  0x134  tx_win_at_winstall     0xe9d4e9d4
SNAP_END R4D2_C2S_N61 nff=0
SNAP_T 1791679155.502412095
SNAP_BEGIN R4D2_C2S_N62 gen=817
W5   0x34   gmii_free_FE           0x9307cb9c
W14  0x58   tx_stat_frames_TCP     0x00539d02
W15  0x5C   tx_stat_bytes_TCP      0xdcdb20d0
W20  0x70   mac_tx_frames          0x00539d1d
W43  0xCC   mtx_stat_tx_words      0x93023b41
W51  0xEC   app_tx_bytes           0xdcd8a210
W55  0xFC   tx_stat_retx           0x00000018
W57  0x104  tx_retx_hi             0x1235571d
W58  0x108  tx_retx_active         0x00000000
W63  0x11C  app_frmwait_cyc        0x27e6373d
W66  0x128  tx_stat_winstall       0x1b18f169
W67  0x12C  tx_winstall_cap        0x0053e77e
W68  0x130  rx_stat_ack_adv        0x00539c35
W69  0x134  tx_win_at_winstall     0xe9d4e9d4
SNAP_END R4D2_C2S_N62 nff=0
SNAP_T 1791679155.679358518
SNAP_BEGIN R4D2_C2S_N63 gen=818
W5   0x34   gmii_free_FE           0x94b19eab
W14  0x58   tx_stat_frames_TCP     0x00539d09
W15  0x5C   tx_stat_bytes_TCP      0xdcdb4308
W20  0x70   mac_tx_frames          0x00539d24
W43  0xCC   mtx_stat_tx_words      0x94ac0d43
W51  0xEC   app_tx_bytes           0xdcd8c448
W55  0xFC   tx_stat_retx           0x00000018
W57  0x104  tx_retx_hi             0x1235571d
W58  0x108  tx_retx_active         0x00000000
W63  0x11C  app_frmwait_cyc        0x286ef072
W66  0x128  tx_stat_winstall       0x1c27f4ff
W67  0x12C  tx_winstall_cap        0x005401c2
W68  0x130  rx_stat_ack_adv        0x00539c35
W69  0x134  tx_win_at_winstall     0xf53c0000
SNAP_END R4D2_C2S_N63 nff=0
SNAP_T 1791679155.842595226
SNAP_BEGIN R4D2_C2S_N64 gen=819
W5   0x34   gmii_free_FE           0x963611da
W14  0x58   tx_stat_frames_TCP     0x00539d35
W15  0x5C   tx_stat_bytes_TCP      0xdcdc3844
W20  0x70   mac_tx_frames          0x00539d50
W43  0xCC   mtx_stat_tx_words      0x96307f7c
W51  0xEC   app_tx_bytes           0xdcd8c448
W55  0xFC   tx_stat_retx           0x00000019
W57  0x104  tx_retx_hi             0x12357955
W58  0x108  tx_retx_active         0x00000000
W63  0x11C  app_frmwait_cyc        0x286ef072
W66  0x128  tx_stat_winstall       0x1d94025e
W67  0x12C  tx_winstall_cap        0x007df22e
W68  0x130  rx_stat_ack_adv        0x00539c35
W69  0x134  tx_win_at_winstall     0xf53c0000
SNAP_END R4D2_C2S_N64 nff=0
SNAP_T 1791679156.005060251
SNAP_BEGIN R4D2_C2S_N65 gen=820
W5   0x34   gmii_free_FE           0x97bb0f9a
W14  0x58   tx_stat_frames_TCP     0x00539d61
W15  0x5C   tx_stat_bytes_TCP      0xdcdd2d80
W20  0x70   mac_tx_frames          0x00539d7c
W43  0xCC   mtx_stat_tx_words      0x97b57c46
W51  0xEC   app_tx_bytes           0xdcd8c448
W55  0xFC   tx_stat_retx           0x0000001a
W57  0x104  tx_retx_hi             0x12357955
W58  0x108  tx_retx_active         0x00000000
W63  0x11C  app_frmwait_cyc        0x286ef072
W66  0x128  tx_stat_winstall       0x1f0091a5
W67  0x12C  tx_winstall_cap        0x00a7e0ee
W68  0x130  rx_stat_ack_adv        0x00539c35
W69  0x134  tx_win_at_winstall     0xf53c0000
SNAP_END R4D2_C2S_N65 nff=0
SNAP_T 1791679156.167634153
SNAP_BEGIN R4D2_C2S_N66 gen=821
W5   0x34   gmii_free_FE           0x993bf5ea
W14  0x58   tx_stat_frames_TCP     0x00539d61
W15  0x5C   tx_stat_bytes_TCP      0xdcdd2d80
W20  0x70   mac_tx_frames          0x00539d7c
W43  0xCC   mtx_stat_tx_words      0x993661a2
W51  0xEC   app_tx_bytes           0xdcd8c448
W55  0xFC   tx_stat_retx           0x0000001a
W57  0x104  tx_retx_hi             0x12357955
W58  0x108  tx_retx_active         0x00000000
W63  0x11C  app_frmwait_cyc        0x286ef072
W66  0x128  tx_stat_winstall       0x20696933
W67  0x12C  tx_winstall_cap        0x00a7e0ee
W68  0x130  rx_stat_ack_adv        0x00539c35
W69  0x134  tx_win_at_winstall     0xf53c0000
SNAP_END R4D2_C2S_N66 nff=0
SNAP_T 1791679156.330927419
SNAP_BEGIN R4D2_C2S_N67 gen=822
W5   0x34   gmii_free_FE           0x9ac2e1e3
W14  0x58   tx_stat_frames_TCP     0x00539d61
W15  0x5C   tx_stat_bytes_TCP      0xdcdd2d80
W20  0x70   mac_tx_frames          0x00539d7c
W43  0xCC   mtx_stat_tx_words      0x9abd4ca4
W51  0xEC   app_tx_bytes           0xdcd8c448
W55  0xFC   tx_stat_retx           0x0000001a
W57  0x104  tx_retx_hi             0x12357955
W58  0x108  tx_retx_active         0x00000000
W63  0x11C  app_frmwait_cyc        0x286ef072
W66  0x128  tx_stat_winstall       0x21d7e60c
W67  0x12C  tx_winstall_cap        0x00a7e0ee
W68  0x130  rx_stat_ack_adv        0x00539c35
W69  0x134  tx_win_at_winstall     0x00000000
SNAP_END R4D2_C2S_N67 nff=0
SNAP_T 1791679156.493901643
SNAP_BEGIN R4D2_C2S_N68 gen=823
W5   0x34   gmii_free_FE           0x9c47f7ff
W14  0x58   tx_stat_frames_TCP     0x00539d61
W15  0x5C   tx_stat_bytes_TCP      0xdcdd2d80
W20  0x70   mac_tx_frames          0x00539d7c
W43  0xCC   mtx_stat_tx_words      0x9c4261ca
W51  0xEC   app_tx_bytes           0xdcd8c448
W55  0xFC   tx_stat_retx           0x0000001a
W57  0x104  tx_retx_hi             0x12357955
W58  0x108  tx_retx_active         0x00000000
W63  0x11C  app_frmwait_cyc        0x286ef072
W66  0x128  tx_stat_winstall       0x2344aa68
W67  0x12C  tx_winstall_cap        0x00a7e0ee
W68  0x130  rx_stat_ack_adv        0x00539c35
W69  0x134  tx_win_at_winstall     0xf53c0000
SNAP_END R4D2_C2S_N68 nff=0
SNAP_T 1791679156.671095732
SNAP_BEGIN R4D2_C2S_N69 gen=824
W5   0x34   gmii_free_FE           0x9deda5ef
W14  0x58   tx_stat_frames_TCP     0x00539d61
W15  0x5C   tx_stat_bytes_TCP      0xdcdd2d80
W20  0x70   mac_tx_frames          0x00539d7c
W43  0xCC   mtx_stat_tx_words      0x9de80eaf
W51  0xEC   app_tx_bytes           0xdcd8c448
W55  0xFC   tx_stat_retx           0x0000001a
W57  0x104  tx_retx_hi             0x12357955
W58  0x108  tx_retx_active         0x00000000
W63  0x11C  app_frmwait_cyc        0x286ef072
W66  0x128  tx_stat_winstall       0x24cffd13
W67  0x12C  tx_winstall_cap        0x00a7e0ee
W68  0x130  rx_stat_ack_adv        0x00539c35
W69  0x134  tx_win_at_winstall     0xf53c0000
SNAP_END R4D2_C2S_N69 nff=0
SNAP_T 1791679156.834057282
SNAP_BEGIN R4D2_C2S_N70 gen=825
W5   0x34   gmii_free_FE           0x9f701f65
W14  0x58   tx_stat_frames_TCP     0x00539d61
W15  0x5C   tx_stat_bytes_TCP      0xdcdd2d80
W20  0x70   mac_tx_frames          0x00539d7c
W43  0xCC   mtx_stat_tx_words      0x9f6a8731
W51  0xEC   app_tx_bytes           0xdcd8c448
W55  0xFC   tx_stat_retx           0x0000001a
W57  0x104  tx_retx_hi             0x12357955
W58  0x108  tx_retx_active         0x00000000
W63  0x11C  app_frmwait_cyc        0x286ef072
W66  0x128  tx_stat_winstall       0x263a4e94
W67  0x12C  tx_winstall_cap        0x00a7e0ee
W68  0x130  rx_stat_ack_adv        0x00539c35
W69  0x134  tx_win_at_winstall     0xf53c0000
SNAP_END R4D2_C2S_N70 nff=0
SNAP_T 1791679156.995918380
SNAP_BEGIN R4D2_C2S_N71 gen=826
W5   0x34   gmii_free_FE           0xa0f353a5
W14  0x58   tx_stat_frames_TCP     0x00539d61
W15  0x5C   tx_stat_bytes_TCP      0xdcdd2d80
W20  0x70   mac_tx_frames          0x00539d7c
W43  0xCC   mtx_stat_tx_words      0xa0edba7c
W51  0xEC   app_tx_bytes           0xdcd8c448
W55  0xFC   tx_stat_retx           0x0000001a
W57  0x104  tx_retx_hi             0x12357955
W58  0x108  tx_retx_active         0x00000000
W63  0x11C  app_frmwait_cyc        0x286ef072
W66  0x128  tx_stat_winstall       0x27a54f31
W67  0x12C  tx_winstall_cap        0x00a7e0ee
W68  0x130  rx_stat_ack_adv        0x00539c35
W69  0x134  tx_win_at_winstall     0xf53c0000
SNAP_END R4D2_C2S_N71 nff=0
SNAP_T 1791679157.157494652
SNAP_BEGIN R4D2_C2S_N72 gen=827
W5   0x34   gmii_free_FE           0xa275634f
W14  0x58   tx_stat_frames_TCP     0x00539d61
W15  0x5C   tx_stat_bytes_TCP      0xdcdd2d80
W20  0x70   mac_tx_frames          0x00539d7c
W43  0xCC   mtx_stat_tx_words      0xa26fc932
W51  0xEC   app_tx_bytes           0xdcd8c448
W55  0xFC   tx_stat_retx           0x0000001a
W57  0x104  tx_retx_hi             0x12357955
W58  0x108  tx_retx_active         0x00000000
W63  0x11C  app_frmwait_cyc        0x286ef072
W66  0x128  tx_stat_winstall       0x290f3d83
W67  0x12C  tx_winstall_cap        0x00a7e0ee
W68  0x130  rx_stat_ack_adv        0x00539c35
W69  0x134  tx_win_at_winstall     0xf53c0000
SNAP_END R4D2_C2S_N72 nff=0
SNAP_T 1791679157.320806367
SNAP_BEGIN R4D2_C2S_N73 gen=828
W5   0x34   gmii_free_FE           0xa3f6be19
W14  0x58   tx_stat_frames_TCP     0x00539d61
W15  0x5C   tx_stat_bytes_TCP      0xdcdd2d80
W20  0x70   mac_tx_frames          0x00539d7c
W43  0xCC   mtx_stat_tx_words      0xa3f12308
W51  0xEC   app_tx_bytes           0xdcd8c448
W55  0xFC   tx_stat_retx           0x0000001a
W57  0x104  tx_retx_hi             0x12357955
W58  0x108  tx_retx_active         0x00000000
W63  0x11C  app_frmwait_cyc        0x286ef072
W66  0x128  tx_stat_winstall       0x2a788242
W67  0x12C  tx_winstall_cap        0x00a7e0ee
W68  0x130  rx_stat_ack_adv        0x00539c35
W69  0x134  tx_win_at_winstall     0xf53c0000
SNAP_END R4D2_C2S_N73 nff=0
SNAP_T 1791679157.481311813
SNAP_BEGIN R4D2_C2S_N74 gen=829
W5   0x34   gmii_free_FE           0xa577e04a
W14  0x58   tx_stat_frames_TCP     0x00539d61
W15  0x5C   tx_stat_bytes_TCP      0xdcdd2d80
W20  0x70   mac_tx_frames          0x00539d7c
W43  0xCC   mtx_stat_tx_words      0xa5724446
W51  0xEC   app_tx_bytes           0xdcd8c448
W55  0xFC   tx_stat_retx           0x0000001a
W57  0x104  tx_retx_hi             0x12357955
W58  0x108  tx_retx_active         0x00000000
W63  0x11C  app_frmwait_cyc        0x286ef072
W66  0x128  tx_stat_winstall       0x2be191f2
W67  0x12C  tx_winstall_cap        0x00a7e0ee
W68  0x130  rx_stat_ack_adv        0x00539c35
W69  0x134  tx_win_at_winstall     0x00000000
SNAP_END R4D2_C2S_N74 nff=0
SNAP_T 1791679157.643097574
SNAP_BEGIN R4D2_C2S_N75 gen=830
W5   0x34   gmii_free_FE           0xa6f6dd57
W14  0x58   tx_stat_frames_TCP     0x00539d61
W15  0x5C   tx_stat_bytes_TCP      0xdcdd2d80
W20  0x70   mac_tx_frames          0x00539d7c
W43  0xCC   mtx_stat_tx_words      0xa6f14061
W51  0xEC   app_tx_bytes           0xdcd8c448
W55  0xFC   tx_stat_retx           0x0000001a
W57  0x104  tx_retx_hi             0x12357955
W58  0x108  tx_retx_active         0x00000000
W63  0x11C  app_frmwait_cyc        0x286ef072
W66  0x128  tx_stat_winstall       0x2d489ed2
W67  0x12C  tx_winstall_cap        0x00a7e0ee
W68  0x130  rx_stat_ack_adv        0x00539c35
W69  0x134  tx_win_at_winstall     0xf53c0000
SNAP_END R4D2_C2S_N75 nff=0
SNAP_T 1791679157.803089861
SNAP_BEGIN R4D2_C2S_N76 gen=831
W5   0x34   gmii_free_FE           0xa877ff02
W14  0x58   tx_stat_frames_TCP     0x00539d61
W15  0x5C   tx_stat_bytes_TCP      0xdcdd2d80
W20  0x70   mac_tx_frames          0x00539d7c
W43  0xCC   mtx_stat_tx_words      0xa8726118
W51  0xEC   app_tx_bytes           0xdcd8c448
W55  0xFC   tx_stat_retx           0x0000001a
W57  0x104  tx_retx_hi             0x12357955
W58  0x108  tx_retx_active         0x00000000
W63  0x11C  app_frmwait_cyc        0x286ef072
W66  0x128  tx_stat_winstall       0x2eb1ae04
W67  0x12C  tx_winstall_cap        0x00a7e0ee
W68  0x130  rx_stat_ack_adv        0x00539c35
W69  0x134  tx_win_at_winstall     0xf53c0000
SNAP_END R4D2_C2S_N76 nff=0
SNAP_T 1791679157.964977245
SNAP_BEGIN R4D2_C2S_N77 gen=832
W5   0x34   gmii_free_FE           0xa9fab22a
W14  0x58   tx_stat_frames_TCP     0x00539d61
W15  0x5C   tx_stat_bytes_TCP      0xdcdd2d80
W20  0x70   mac_tx_frames          0x00539d7c
W43  0xCC   mtx_stat_tx_words      0xa9f5134b
W51  0xEC   app_tx_bytes           0xdcd8c448
W55  0xFC   tx_stat_retx           0x0000001a
W57  0x104  tx_retx_hi             0x12357955
W58  0x108  tx_retx_active         0x00000000
W63  0x11C  app_frmwait_cyc        0x286ef072
W66  0x128  tx_stat_winstall       0x301c359b
W67  0x12C  tx_winstall_cap        0x00a7e0ee
W68  0x130  rx_stat_ack_adv        0x00539c35
W69  0x134  tx_win_at_winstall     0xf53c0000
SNAP_END R4D2_C2S_N77 nff=0
SNAP_T 1791679158.127431347
SNAP_BEGIN R4D2_C2S_N78 gen=833
W5   0x34   gmii_free_FE           0xab7daa3d
W14  0x58   tx_stat_frames_TCP     0x00539d61
W15  0x5C   tx_stat_bytes_TCP      0xdcdd2d80
W20  0x70   mac_tx_frames          0x00539d7c
W43  0xCC   mtx_stat_tx_words      0xab780a69
W51  0xEC   app_tx_bytes           0xdcd8c448
W55  0xFC   tx_stat_retx           0x0000001a
W57  0x104  tx_retx_hi             0x12357955
W58  0x108  tx_retx_active         0x00000000
W63  0x11C  app_frmwait_cyc        0x286ef072
W66  0x128  tx_stat_winstall       0x3186fdcf
W67  0x12C  tx_winstall_cap        0x00a7e0ee
W68  0x130  rx_stat_ack_adv        0x00539c35
W69  0x134  tx_win_at_winstall     0xf53c0000
SNAP_END R4D2_C2S_N78 nff=0
SNAP_T 1791679158.289253759
SNAP_BEGIN R4D2_C2S_N79 gen=834
W5   0x34   gmii_free_FE           0xad002cd7
W14  0x58   tx_stat_frames_TCP     0x00539d61
W15  0x5C   tx_stat_bytes_TCP      0xdcdd2d80
W20  0x70   mac_tx_frames          0x00539d7c
W43  0xCC   mtx_stat_tx_words      0xacfa8c10
W51  0xEC   app_tx_bytes           0xdcd8c448
W55  0xFC   tx_stat_retx           0x0000001a
W57  0x104  tx_retx_hi             0x12357955
W58  0x108  tx_retx_active         0x00000000
W63  0x11C  app_frmwait_cyc        0x286ef072
W66  0x128  tx_stat_winstall       0x32f157e2
W67  0x12C  tx_winstall_cap        0x00a7e0ee
W68  0x130  rx_stat_ack_adv        0x00539c35
W69  0x134  tx_win_at_winstall     0xf53c0000
SNAP_END R4D2_C2S_N79 nff=0
SNAP_T 1791679158.455342960
SNAP_BEGIN R4D2_C2S_N80 gen=835
W5   0x34   gmii_free_FE           0xae8ce4a2
W14  0x58   tx_stat_frames_TCP     0x00539d61
W15  0x5C   tx_stat_bytes_TCP      0xdcdd2d80
W20  0x70   mac_tx_frames          0x00539d7c
W43  0xCC   mtx_stat_tx_words      0xae8742e0
W51  0xEC   app_tx_bytes           0xdcd8c448
W55  0xFC   tx_stat_retx           0x0000001a
W57  0x104  tx_retx_hi             0x12357955
W58  0x108  tx_retx_active         0x00000000
W63  0x11C  app_frmwait_cyc        0x286ef072
W66  0x128  tx_stat_winstall       0x346543d0
W67  0x12C  tx_winstall_cap        0x00a7e0ee
W68  0x130  rx_stat_ack_adv        0x00539c35
W69  0x134  tx_win_at_winstall     0xf53c0000
SNAP_END R4D2_C2S_N80 nff=0
SNAP_T 1791679158.618830227
SNAP_BEGIN R4D2_C2S_N81 gen=836
W5   0x34   gmii_free_FE           0xb0102d12
W14  0x58   tx_stat_frames_TCP     0x00539d61
W15  0x5C   tx_stat_bytes_TCP      0xdcdd2d80
W20  0x70   mac_tx_frames          0x00539d7c
W43  0xCC   mtx_stat_tx_words      0xb00a8a5a
W51  0xEC   app_tx_bytes           0xdcd8c448
W55  0xFC   tx_stat_retx           0x0000001a
W57  0x104  tx_retx_hi             0x12357955
W58  0x108  tx_retx_active         0x00000000
W63  0x11C  app_frmwait_cyc        0x286ef072
W66  0x128  tx_stat_winstall       0x35d0575a
W67  0x12C  tx_winstall_cap        0x00a7e0ee
W68  0x130  rx_stat_ack_adv        0x00539c35
W69  0x134  tx_win_at_winstall     0xf53c0000
SNAP_END R4D2_C2S_N81 nff=0
SNAP_T 1791679158.780058414
SNAP_BEGIN R4D2_C2S_N82 gen=837
W5   0x34   gmii_free_FE           0xb18d750a
W14  0x58   tx_stat_frames_TCP     0x00539d61
W15  0x5C   tx_stat_bytes_TCP      0xdcdd2d80
W20  0x70   mac_tx_frames          0x00539d7c
W43  0xCC   mtx_stat_tx_words      0xb187d162
W51  0xEC   app_tx_bytes           0xdcd8c448
W55  0xFC   tx_stat_retx           0x0000001a
W57  0x104  tx_retx_hi             0x12357955
W58  0x108  tx_retx_active         0x00000000
W63  0x11C  app_frmwait_cyc        0x286ef072
W66  0x128  tx_stat_winstall       0x3735ca77
W67  0x12C  tx_winstall_cap        0x00a7e0ee
W68  0x130  rx_stat_ack_adv        0x00539c35
W69  0x134  tx_win_at_winstall     0xf53c0000
SNAP_END R4D2_C2S_N82 nff=0
SNAP_T 1791679158.940143552
SNAP_BEGIN R4D2_C2S_N83 gen=838
W5   0x34   gmii_free_FE           0xb30c2e37
W14  0x58   tx_stat_frames_TCP     0x00539d61
W15  0x5C   tx_stat_bytes_TCP      0xdcdd2d80
W20  0x70   mac_tx_frames          0x00539d7c
W43  0xCC   mtx_stat_tx_words      0xb306899c
W51  0xEC   app_tx_bytes           0xdcd8c448
W55  0xFC   tx_stat_retx           0x0000001a
W57  0x104  tx_retx_hi             0x12357955
W58  0x108  tx_retx_active         0x00000000
W63  0x11C  app_frmwait_cyc        0x286ef072
W66  0x128  tx_stat_winstall       0x389c97b3
W67  0x12C  tx_winstall_cap        0x00a7e0ee
W68  0x130  rx_stat_ack_adv        0x00539c35
W69  0x134  tx_win_at_winstall     0xf53c0000
SNAP_END R4D2_C2S_N83 nff=0
SNAP_T 1791679159.100852918
SNAP_BEGIN R4D2_C2S_N84 gen=839
W5   0x34   gmii_free_FE           0xb48ddd92
W14  0x58   tx_stat_frames_TCP     0x00539d61
W15  0x5C   tx_stat_bytes_TCP      0xdcdd2d80
W20  0x70   mac_tx_frames          0x00539d7c
W43  0xCC   mtx_stat_tx_words      0xb4883803
W51  0xEC   app_tx_bytes           0xdcd8c448
W55  0xFC   tx_stat_retx           0x0000001a
W57  0x104  tx_retx_hi             0x12357955
W58  0x108  tx_retx_active         0x00000000
W63  0x11C  app_frmwait_cyc        0x286ef072
W66  0x128  tx_stat_winstall       0x3a062bbb
W67  0x12C  tx_winstall_cap        0x00a7e0ee
W68  0x130  rx_stat_ack_adv        0x00539c35
W69  0x134  tx_win_at_winstall     0xf53c0000
SNAP_END R4D2_C2S_N84 nff=0
SNAP_T 1791679159.262046626
SNAP_BEGIN R4D2_C2S_N85 gen=840
W5   0x34   gmii_free_FE           0xb60b10b1
W14  0x58   tx_stat_frames_TCP     0x00539d61
W15  0x5C   tx_stat_bytes_TCP      0xdcdd2d80
W20  0x70   mac_tx_frames          0x00539d7c
W43  0xCC   mtx_stat_tx_words      0xb6056a31
W51  0xEC   app_tx_bytes           0xdcd8c448
W55  0xFC   tx_stat_retx           0x0000001a
W57  0x104  tx_retx_hi             0x12357955
W58  0x108  tx_retx_active         0x00000000
W63  0x11C  app_frmwait_cyc        0x286ef072
W66  0x128  tx_stat_winstall       0x3b6b8b4b
W67  0x12C  tx_winstall_cap        0x00a7e0ee
W68  0x130  rx_stat_ack_adv        0x00539c35
W69  0x134  tx_win_at_winstall     0xf53c0000
SNAP_END R4D2_C2S_N85 nff=0
SNAP_T 1791679159.422794311
SNAP_BEGIN R4D2_C2S_N86 gen=841
W5   0x34   gmii_free_FE           0xb78db52a
W14  0x58   tx_stat_frames_TCP     0x00539d61
W15  0x5C   tx_stat_bytes_TCP      0xdcdd2d80
W20  0x70   mac_tx_frames          0x00539d7c
W43  0xCC   mtx_stat_tx_words      0xb7880db5
W51  0xEC   app_tx_bytes           0xdcd8c448
W55  0xFC   tx_stat_retx           0x0000001a
W57  0x104  tx_retx_hi             0x12357955
W58  0x108  tx_retx_active         0x00000000
W63  0x11C  app_frmwait_cyc        0x286ef072
W66  0x128  tx_stat_winstall       0x3cd6051e
W67  0x12C  tx_winstall_cap        0x00a7e0ee
W68  0x130  rx_stat_ack_adv        0x00539c35
W69  0x134  tx_win_at_winstall     0xf53c0000
SNAP_END R4D2_C2S_N86 nff=0
SNAP_T 1791679159.584439844
SNAP_BEGIN R4D2_C2S_N87 gen=842
W5   0x34   gmii_free_FE           0xb90f72bf
W14  0x58   tx_stat_frames_TCP     0x00539d61
W15  0x5C   tx_stat_bytes_TCP      0xdcdd2d80
W20  0x70   mac_tx_frames          0x00539d7c
W43  0xCC   mtx_stat_tx_words      0xb909ca57
W51  0xEC   app_tx_bytes           0xdcd8c448
W55  0xFC   tx_stat_retx           0x0000001a
W57  0x104  tx_retx_hi             0x12357955
W58  0x108  tx_retx_active         0x00000000
W63  0x11C  app_frmwait_cyc        0x286ef072
W66  0x128  tx_stat_winstall       0x3e3fa67b
W67  0x12C  tx_winstall_cap        0x00a7e0ee
W68  0x130  rx_stat_ack_adv        0x00539c35
W69  0x134  tx_win_at_winstall     0xf53c0000
SNAP_END R4D2_C2S_N87 nff=0
SNAP_T 1791679159.746261060
SNAP_BEGIN R4D2_C2S_N88 gen=843
W5   0x34   gmii_free_FE           0xba906cec
W14  0x58   tx_stat_frames_TCP     0x00539d61
W15  0x5C   tx_stat_bytes_TCP      0xdcdd2d80
W20  0x70   mac_tx_frames          0x00539d7c
W43  0xCC   mtx_stat_tx_words      0xba8ac390
W51  0xEC   app_tx_bytes           0xdcd8c448
W55  0xFC   tx_stat_retx           0x0000001a
W57  0x104  tx_retx_hi             0x12357955
W58  0x108  tx_retx_active         0x00000000
W63  0x11C  app_frmwait_cyc        0x286ef072
W66  0x128  tx_stat_winstall       0x3fa890a8
W67  0x12C  tx_winstall_cap        0x00a7e0ee
W68  0x130  rx_stat_ack_adv        0x00539c35
W69  0x134  tx_win_at_winstall     0xf53c0000
SNAP_END R4D2_C2S_N88 nff=0
SNAP_T 1791679159.908971850
SNAP_BEGIN R4D2_C2S_N89 gen=844
W5   0x34   gmii_free_FE           0xbc1259d0
W14  0x58   tx_stat_frames_TCP     0x00539d61
W15  0x5C   tx_stat_bytes_TCP      0xdcdd2d80
W20  0x70   mac_tx_frames          0x00539d7c
W43  0xCC   mtx_stat_tx_words      0xbc0caf80
W51  0xEC   app_tx_bytes           0xdcd8c448
W55  0xFC   tx_stat_retx           0x0000001a
W57  0x104  tx_retx_hi             0x12357955
W58  0x108  tx_retx_active         0x00000000
W63  0x11C  app_frmwait_cyc        0x286ef072
W66  0x128  tx_stat_winstall       0x41125e61
W67  0x12C  tx_winstall_cap        0x00a7e0ee
W68  0x130  rx_stat_ack_adv        0x00539c35
W69  0x134  tx_win_at_winstall     0xf53c0000
SNAP_END R4D2_C2S_N89 nff=0
SNAP_T 1791679160.069544572
SNAP_BEGIN R4D2_C2S_N90 gen=845
W5   0x34   gmii_free_FE           0xbd8fb351
W14  0x58   tx_stat_frames_TCP     0x00539d61
W15  0x5C   tx_stat_bytes_TCP      0xdcdd2d80
W20  0x70   mac_tx_frames          0x00539d7c
W43  0xCC   mtx_stat_tx_words      0xbd8a0810
W51  0xEC   app_tx_bytes           0xdcd8c448
W55  0xFC   tx_stat_retx           0x0000001a
W57  0x104  tx_retx_hi             0x12357955
W58  0x108  tx_retx_active         0x00000000
W63  0x11C  app_frmwait_cyc        0x286ef072
W66  0x128  tx_stat_winstall       0x4277e1ed
W67  0x12C  tx_winstall_cap        0x00a7e0ee
W68  0x130  rx_stat_ack_adv        0x00539c35
W69  0x134  tx_win_at_winstall     0xf53c0000
SNAP_END R4D2_C2S_N90 nff=0
SNAP_T 1791679160.228984469
SNAP_BEGIN R4D2_C2S_N91 gen=846
W5   0x34   gmii_free_FE           0xbf0ff9c1
W14  0x58   tx_stat_frames_TCP     0x00539d61
W15  0x5C   tx_stat_bytes_TCP      0xdcdd2d80
W20  0x70   mac_tx_frames          0x00539d7c
W43  0xCC   mtx_stat_tx_words      0xbf0a4d8c
W51  0xEC   app_tx_bytes           0xdcd8c448
W55  0xFC   tx_stat_retx           0x0000001a
W57  0x104  tx_retx_hi             0x12357955
W58  0x108  tx_retx_active         0x00000000
W63  0x11C  app_frmwait_cyc        0x286ef072
W66  0x128  tx_stat_winstall       0x43e02397
W67  0x12C  tx_winstall_cap        0x00a7e0ee
W68  0x130  rx_stat_ack_adv        0x00539c35
W69  0x134  tx_win_at_winstall     0xf53c0000
SNAP_END R4D2_C2S_N91 nff=0
SNAP_T 1791679160.390578651
SNAP_BEGIN R4D2_C2S_N92 gen=847
W5   0x34   gmii_free_FE           0xc09189ac
W14  0x58   tx_stat_frames_TCP     0x00539d61
W15  0x5C   tx_stat_bytes_TCP      0xdcdd2d80
W20  0x70   mac_tx_frames          0x00539d7c
W43  0xCC   mtx_stat_tx_words      0xc08bdc84
W51  0xEC   app_tx_bytes           0xdcd8c448
W55  0xFC   tx_stat_retx           0x0000001a
W57  0x104  tx_retx_hi             0x12357955
W58  0x108  tx_retx_active         0x00000000
W63  0x11C  app_frmwait_cyc        0x286ef072
W66  0x128  tx_stat_winstall       0x45499a27
W67  0x12C  tx_winstall_cap        0x00a7e0ee
W68  0x130  rx_stat_ack_adv        0x00539c35
W69  0x134  tx_win_at_winstall     0xf53c0000
SNAP_END R4D2_C2S_N92 nff=0
SNAP_T 1791679160.552257569
SNAP_BEGIN R4D2_C2S_N93 gen=848
W5   0x34   gmii_free_FE           0xc21399cd
W14  0x58   tx_stat_frames_TCP     0x00539d61
W15  0x5C   tx_stat_bytes_TCP      0xdcdd2d80
W20  0x70   mac_tx_frames          0x00539d7c
W43  0xCC   mtx_stat_tx_words      0xc20debb0
W51  0xEC   app_tx_bytes           0xdcd8c448
W55  0xFC   tx_stat_retx           0x0000001a
W57  0x104  tx_retx_hi             0x12357955
W58  0x108  tx_retx_active         0x00000000
W63  0x11C  app_frmwait_cyc        0x286ef072
W66  0x128  tx_stat_winstall       0x46b388e7
W67  0x12C  tx_winstall_cap        0x00a7e0ee
W68  0x130  rx_stat_ack_adv        0x00539c35
W69  0x134  tx_win_at_winstall     0xf53c0000
SNAP_END R4D2_C2S_N93 nff=0
SNAP_T 1791679160.715939892
SNAP_BEGIN R4D2_C2S_N94 gen=849
W5   0x34   gmii_free_FE           0xc398e6e8
W14  0x58   tx_stat_frames_TCP     0x00539d61
W15  0x5C   tx_stat_bytes_TCP      0xdcdd2d80
W20  0x70   mac_tx_frames          0x00539d7c
W43  0xCC   mtx_stat_tx_words      0xc39337d5
W51  0xEC   app_tx_bytes           0xdcd8c448
W55  0xFC   tx_stat_retx           0x0000001a
W57  0x104  tx_retx_hi             0x12357955
W58  0x108  tx_retx_active         0x00000000
W63  0x11C  app_frmwait_cyc        0x286ef072
W66  0x128  tx_stat_winstall       0x482080d2
W67  0x12C  tx_winstall_cap        0x00a7e0ee
W68  0x130  rx_stat_ack_adv        0x00539c35
W69  0x134  tx_win_at_winstall     0xf53c0000
SNAP_END R4D2_C2S_N94 nff=0
SNAP_T 1791679160.877582723
SNAP_BEGIN R4D2_C2S_N95 gen=850
W5   0x34   gmii_free_FE           0xc516b461
W14  0x58   tx_stat_frames_TCP     0x00539d61
W15  0x5C   tx_stat_bytes_TCP      0xdcdd2d80
W20  0x70   mac_tx_frames          0x00539d7c
W43  0xCC   mtx_stat_tx_words      0xc511045c
W51  0xEC   app_tx_bytes           0xdcd8c448
W55  0xFC   tx_stat_retx           0x0000001a
W57  0x104  tx_retx_hi             0x12357955
W58  0x108  tx_retx_active         0x00000000
W63  0x11C  app_frmwait_cyc        0x286ef072
W66  0x128  tx_stat_winstall       0x49867116
W67  0x12C  tx_winstall_cap        0x00a7e0ee
W68  0x130  rx_stat_ack_adv        0x00539c35
W69  0x134  tx_win_at_winstall     0xf53c0000
SNAP_END R4D2_C2S_N95 nff=0
SNAP_T 1791679161.038379667
SNAP_BEGIN R4D2_C2S_N96 gen=851
W5   0x34   gmii_free_FE           0xc69a28bf
W14  0x58   tx_stat_frames_TCP     0x00539d62
W15  0x5C   tx_stat_bytes_TCP      0xdcdd2d80
W20  0x70   mac_tx_frames          0x00539d7d
W43  0xCC   mtx_stat_tx_words      0xc69477c5
W51  0xEC   app_tx_bytes           0xdcd8c448
W55  0xFC   tx_stat_retx           0x0000001a
W57  0x104  tx_retx_hi             0x12357955
W58  0x108  tx_retx_active         0x00000000
W63  0x11C  app_frmwait_cyc        0x286ef072
W66  0x128  tx_stat_winstall       0x4af1add0
W67  0x12C  tx_winstall_cap        0x00a7e0ee
W68  0x130  rx_stat_ack_adv        0x00539c35
W69  0x134  tx_win_at_winstall     0xf53c0000
SNAP_END R4D2_C2S_N96 nff=0
SNAP_T 1791679161.199628697
SNAP_BEGIN R4D2_C2S_N97 gen=852
W5   0x34   gmii_free_FE           0xc8164544
W14  0x58   tx_stat_frames_TCP     0x00539d62
W15  0x5C   tx_stat_bytes_TCP      0xdcdd2d80
W20  0x70   mac_tx_frames          0x00539d7d
W43  0xCC   mtx_stat_tx_words      0xc810935a
W51  0xEC   app_tx_bytes           0xdcd8c448
W55  0xFC   tx_stat_retx           0x0000001a
W57  0x104  tx_retx_hi             0x12357955
W58  0x108  tx_retx_active         0x00000000
W63  0x11C  app_frmwait_cyc        0x286ef072
W66  0x128  tx_stat_winstall       0x4c560831
W67  0x12C  tx_winstall_cap        0x00a7e0ee
W68  0x130  rx_stat_ack_adv        0x00539c35
W69  0x134  tx_win_at_winstall     0xf53c0000
SNAP_END R4D2_C2S_N97 nff=0
SNAP_T 1791679161.360437064
SNAP_BEGIN R4D2_C2S_N98 gen=853
W5   0x34   gmii_free_FE           0xc998a5e6
W14  0x58   tx_stat_frames_TCP     0x00539d62
W15  0x5C   tx_stat_bytes_TCP      0xdcdd2d80
W20  0x70   mac_tx_frames          0x00539d7d
W43  0xCC   mtx_stat_tx_words      0xc992f308
W51  0xEC   app_tx_bytes           0xdcd8c448
W55  0xFC   tx_stat_retx           0x0000001a
W57  0x104  tx_retx_hi             0x12357955
W58  0x108  tx_retx_active         0x00000000
W63  0x11C  app_frmwait_cyc        0x286ef072
W66  0x128  tx_stat_winstall       0x4dc0426a
W67  0x12C  tx_winstall_cap        0x00a7e0ee
W68  0x130  rx_stat_ack_adv        0x00539c35
W69  0x134  tx_win_at_winstall     0xf53c0000
SNAP_END R4D2_C2S_N98 nff=0
SNAP_T 1791679161.523398951
SNAP_BEGIN R4D2_C2S_N99 gen=854
W5   0x34   gmii_free_FE           0xcb1a5833
W14  0x58   tx_stat_frames_TCP     0x00539d62
W15  0x5C   tx_stat_bytes_TCP      0xdcdd2d80
W20  0x70   mac_tx_frames          0x00539d7d
W43  0xCC   mtx_stat_tx_words      0xcb14a461
W51  0xEC   app_tx_bytes           0xdcd8c448
W55  0xFC   tx_stat_retx           0x0000001a
W57  0x104  tx_retx_hi             0x12357955
W58  0x108  tx_retx_active         0x00000000
W63  0x11C  app_frmwait_cyc        0x286ef072
W66  0x128  tx_stat_winstall       0x4f29d934
W67  0x12C  tx_winstall_cap        0x00a7e0ee
W68  0x130  rx_stat_ack_adv        0x00539c35
W69  0x134  tx_win_at_winstall     0xf53c0000
SNAP_END R4D2_C2S_N99 nff=0
SNAP_T 1791679161.683356622
SNAP_BEGIN R4D2_C2S_N100 gen=855
W5   0x34   gmii_free_FE           0xcc981b86
W14  0x58   tx_stat_frames_TCP     0x00539d62
W15  0x5C   tx_stat_bytes_TCP      0xdcdd2d80
W20  0x70   mac_tx_frames          0x00539d7d
W43  0xCC   mtx_stat_tx_words      0xcc9266c2
W51  0xEC   app_tx_bytes           0xdcd8c448
W55  0xFC   tx_stat_retx           0x0000001a
W57  0x104  tx_retx_hi             0x12357955
W58  0x108  tx_retx_active         0x00000000
W63  0x11C  app_frmwait_cyc        0x286ef072
W66  0x128  tx_stat_winstall       0x508fbff5
W67  0x12C  tx_winstall_cap        0x00a7e0ee
W68  0x130  rx_stat_ack_adv        0x00539c35
W69  0x134  tx_win_at_winstall     0xf53c0000
SNAP_END R4D2_C2S_N100 nff=0
SNAP_T 1791679161.842751730
SNAP_BEGIN R4D2_C2S_N101 gen=856
W5   0x34   gmii_free_FE           0xce13d295
W14  0x58   tx_stat_frames_TCP     0x00539d62
W15  0x5C   tx_stat_bytes_TCP      0xdcdd2d80
W20  0x70   mac_tx_frames          0x00539d7d
W43  0xCC   mtx_stat_tx_words      0xce0e1ce0
W51  0xEC   app_tx_bytes           0xdcd8c448
W55  0xFC   tx_stat_retx           0x0000001a
W57  0x104  tx_retx_hi             0x12357955
W58  0x108  tx_retx_active         0x00000000
W63  0x11C  app_frmwait_cyc        0x286ef072
W66  0x128  tx_stat_winstall       0x51f3bb36
W67  0x12C  tx_winstall_cap        0x00a7e0ee
W68  0x130  rx_stat_ack_adv        0x00539c35
W69  0x134  tx_win_at_winstall     0x00000000
SNAP_END R4D2_C2S_N101 nff=0
SNAP_T 1791679162.002767418
SNAP_BEGIN R4D2_C2S_N102 gen=857
W5   0x34   gmii_free_FE           0xcf950869
W14  0x58   tx_stat_frames_TCP     0x00539d62
W15  0x5C   tx_stat_bytes_TCP      0xdcdd2d80
W20  0x70   mac_tx_frames          0x00539d7d
W43  0xCC   mtx_stat_tx_words      0xcf8f51c1
W51  0xEC   app_tx_bytes           0xdcd8c448
W55  0xFC   tx_stat_retx           0x0000001a
W57  0x104  tx_retx_hi             0x12357955
W58  0x108  tx_retx_active         0x00000000
W63  0x11C  app_frmwait_cyc        0x286ef072
W66  0x128  tx_stat_winstall       0x535cdd4f
W67  0x12C  tx_winstall_cap        0x00a7e0ee
W68  0x130  rx_stat_ack_adv        0x00539c35
W69  0x134  tx_win_at_winstall     0x00000000
SNAP_END R4D2_C2S_N102 nff=0
SNAP_T 1791679162.164874081
SNAP_BEGIN R4D2_C2S_N103 gen=858
W5   0x34   gmii_free_FE           0xd1180278
W14  0x58   tx_stat_frames_TCP     0x00539d62
W15  0x5C   tx_stat_bytes_TCP      0xdcdd2d80
W20  0x70   mac_tx_frames          0x00539d7d
W43  0xCC   mtx_stat_tx_words      0xd1124adb
W51  0xEC   app_tx_bytes           0xdcd8c448
W55  0xFC   tx_stat_retx           0x0000001a
W57  0x104  tx_retx_hi             0x12357955
W58  0x108  tx_retx_active         0x00000000
W63  0x11C  app_frmwait_cyc        0x286ef072
W66  0x128  tx_stat_winstall       0x54c7a75f
W67  0x12C  tx_winstall_cap        0x00a7e0ee
W68  0x130  rx_stat_ack_adv        0x00539c35
W69  0x134  tx_win_at_winstall     0xf53c0000
SNAP_END R4D2_C2S_N103 nff=0
SNAP_T 1791679162.326558080
SNAP_BEGIN R4D2_C2S_N104 gen=859
W5   0x34   gmii_free_FE           0xd2991b92
W14  0x58   tx_stat_frames_TCP     0x00539d62
W15  0x5C   tx_stat_bytes_TCP      0xdcdd2d80
W20  0x70   mac_tx_frames          0x00539d7d
W43  0xCC   mtx_stat_tx_words      0xd2936301
W51  0xEC   app_tx_bytes           0xdcd8c448
W55  0xFC   tx_stat_retx           0x0000001a
W57  0x104  tx_retx_hi             0x12357955
W58  0x108  tx_retx_active         0x00000000
W63  0x11C  app_frmwait_cyc        0x286ef072
W66  0x128  tx_stat_winstall       0x5630ae89
W67  0x12C  tx_winstall_cap        0x00a7e0ee
W68  0x130  rx_stat_ack_adv        0x00539c35
W69  0x134  tx_win_at_winstall     0x00000000
SNAP_END R4D2_C2S_N104 nff=0
SNAP_T 1791679162.488836603
SNAP_BEGIN R4D2_C2S_N105 gen=860
W5   0x34   gmii_free_FE           0xd41ba77a
W14  0x58   tx_stat_frames_TCP     0x00539d62
W15  0x5C   tx_stat_bytes_TCP      0xdcdd2d80
W20  0x70   mac_tx_frames          0x00539d7d
W43  0xCC   mtx_stat_tx_words      0xd415edf5
W51  0xEC   app_tx_bytes           0xdcd8c448
W55  0xFC   tx_stat_retx           0x0000001a
W57  0x104  tx_retx_hi             0x12357955
W58  0x108  tx_retx_active         0x00000000
W63  0x11C  app_frmwait_cyc        0x286ef072
W66  0x128  tx_stat_winstall       0x579b1155
W67  0x12C  tx_winstall_cap        0x00a7e0ee
W68  0x130  rx_stat_ack_adv        0x00539c35
W69  0x134  tx_win_at_winstall     0xf53c0000
SNAP_END R4D2_C2S_N105 nff=0
SNAP_T 1791679162.651850030
SNAP_BEGIN R4D2_C2S_N106 gen=861
W5   0x34   gmii_free_FE           0xd5a18f33
W14  0x58   tx_stat_frames_TCP     0x00539d62
W15  0x5C   tx_stat_bytes_TCP      0xdcdd2d80
W20  0x70   mac_tx_frames          0x00539d7d
W43  0xCC   mtx_stat_tx_words      0xd59bd4b8
W51  0xEC   app_tx_bytes           0xdcd8c448
W55  0xFC   tx_stat_retx           0x0000001a
W57  0x104  tx_retx_hi             0x12357955
W58  0x108  tx_retx_active         0x00000000
W63  0x11C  app_frmwait_cyc        0x286ef072
W66  0x128  tx_stat_winstall       0x59089a34
W67  0x12C  tx_winstall_cap        0x00a7e0ee
W68  0x130  rx_stat_ack_adv        0x00539c35
W69  0x134  tx_win_at_winstall     0xf53c0000
SNAP_END R4D2_C2S_N106 nff=0
SNAP_T 1791679162.813627405
SNAP_BEGIN R4D2_C2S_N107 gen=862
W5   0x34   gmii_free_FE           0xd71eac9c
W14  0x58   tx_stat_frames_TCP     0x00539d62
W15  0x5C   tx_stat_bytes_TCP      0xdcdd2d80
W20  0x70   mac_tx_frames          0x00539d7d
W43  0xCC   mtx_stat_tx_words      0xd718f12f
W51  0xEC   app_tx_bytes           0xdcd8c448
W55  0xFC   tx_stat_retx           0x0000001a
W57  0x104  tx_retx_hi             0x12357955
W58  0x108  tx_retx_active         0x00000000
W63  0x11C  app_frmwait_cyc        0x286ef072
W66  0x128  tx_stat_winstall       0x5a6de56a
W67  0x12C  tx_winstall_cap        0x00a7e0ee
W68  0x130  rx_stat_ack_adv        0x00539c35
W69  0x134  tx_win_at_winstall     0xf53c0000
SNAP_END R4D2_C2S_N107 nff=0
SNAP_T 1791679162.976090307
SNAP_BEGIN R4D2_C2S_N108 gen=863
W5   0x34   gmii_free_FE           0xd8a6f3c7
W14  0x58   tx_stat_frames_TCP     0x00539d62
W15  0x5C   tx_stat_bytes_TCP      0xdcdd2d80
W20  0x70   mac_tx_frames          0x00539d7d
W43  0xCC   mtx_stat_tx_words      0xd8a13762
W51  0xEC   app_tx_bytes           0xdcd8c448
W55  0xFC   tx_stat_retx           0x0000001a
W57  0x104  tx_retx_hi             0x12357955
W58  0x108  tx_retx_active         0x00000000
W63  0x11C  app_frmwait_cyc        0x286ef072
W66  0x128  tx_stat_winstall       0x5bdda7c2
W67  0x12C  tx_winstall_cap        0x00a7e0ee
W68  0x130  rx_stat_ack_adv        0x00539c35
W69  0x134  tx_win_at_winstall     0xf53c0000
SNAP_END R4D2_C2S_N108 nff=0
SNAP_T 1791679163.138459782
SNAP_BEGIN R4D2_C2S_N109 gen=864
W5   0x34   gmii_free_FE           0xda28c225
W14  0x58   tx_stat_frames_TCP     0x00539d62
W15  0x5C   tx_stat_bytes_TCP      0xdcdd2d80
W20  0x70   mac_tx_frames          0x00539d7d
W43  0xCC   mtx_stat_tx_words      0xda2304cc
W51  0xEC   app_tx_bytes           0xdcd8c448
W55  0xFC   tx_stat_retx           0x0000001a
W57  0x104  tx_retx_hi             0x12357955
W58  0x108  tx_retx_active         0x00000000
W63  0x11C  app_frmwait_cyc        0x286ef072
W66  0x128  tx_stat_winstall       0x5d4758dc
W67  0x12C  tx_winstall_cap        0x00a7e0ee
W68  0x130  rx_stat_ack_adv        0x00539c35
W69  0x134  tx_win_at_winstall     0xf53c0000
SNAP_END R4D2_C2S_N109 nff=0
SNAP_T 1791679163.300287645
SNAP_BEGIN R4D2_C2S_N110 gen=865
W5   0x34   gmii_free_FE           0xdbab71ee
W14  0x58   tx_stat_frames_TCP     0x00539d62
W15  0x5C   tx_stat_bytes_TCP      0xdcdd2d80
W20  0x70   mac_tx_frames          0x00539d7d
W43  0xCC   mtx_stat_tx_words      0xdba5b3a0
W51  0xEC   app_tx_bytes           0xdcd8c448
W55  0xFC   tx_stat_retx           0x0000001a
W57  0x104  tx_retx_hi             0x12357955
W58  0x108  tx_retx_active         0x00000000
W63  0x11C  app_frmwait_cyc        0x286ef072
W66  0x128  tx_stat_winstall       0x5eb1dd4a
W67  0x12C  tx_winstall_cap        0x00a7e0ee
W68  0x130  rx_stat_ack_adv        0x00539c35
W69  0x134  tx_win_at_winstall     0xf53c0000
SNAP_END R4D2_C2S_N110 nff=0
SNAP_T 1791679163.462437024
SNAP_BEGIN R4D2_C2S_N111 gen=866
W5   0x34   gmii_free_FE           0xdd2d906e
W14  0x58   tx_stat_frames_TCP     0x00539d62
W15  0x5C   tx_stat_bytes_TCP      0xdcdd2d80
W20  0x70   mac_tx_frames          0x00539d7d
W43  0xCC   mtx_stat_tx_words      0xdd27d12c
W51  0xEC   app_tx_bytes           0xdcd8c448
W55  0xFC   tx_stat_retx           0x0000001a
W57  0x104  tx_retx_hi             0x12357955
W58  0x108  tx_retx_active         0x00000000
W63  0x11C  app_frmwait_cyc        0x286ef072
W66  0x128  tx_stat_winstall       0x601bd985
W67  0x12C  tx_winstall_cap        0x00a7e0ee
W68  0x130  rx_stat_ack_adv        0x00539c35
W69  0x134  tx_win_at_winstall     0xf53c0000
SNAP_END R4D2_C2S_N111 nff=0
SNAP_T 1791679163.624337222
SNAP_BEGIN R4D2_C2S_N112 gen=867
W5   0x34   gmii_free_FE           0xdeaf8402
W14  0x58   tx_stat_frames_TCP     0x00539d62
W15  0x5C   tx_stat_bytes_TCP      0xdcdd2d80
W20  0x70   mac_tx_frames          0x00539d7d
W43  0xCC   mtx_stat_tx_words      0xdea9c3cc
W51  0xEC   app_tx_bytes           0xdcd8c448
W55  0xFC   tx_stat_retx           0x0000001a
W57  0x104  tx_retx_hi             0x12357955
W58  0x108  tx_retx_active         0x00000000
W63  0x11C  app_frmwait_cyc        0x286ef072
W66  0x128  tx_stat_winstall       0x6185ad82
W67  0x12C  tx_winstall_cap        0x00a7e0ee
W68  0x130  rx_stat_ack_adv        0x00539c35
W69  0x134  tx_win_at_winstall     0xf53c0000
SNAP_END R4D2_C2S_N112 nff=0
SNAP_T 1791679163.786252342
SNAP_BEGIN R4D2_C2S_N113 gen=868
W5   0x34   gmii_free_FE           0xe03115f1
W14  0x58   tx_stat_frames_TCP     0x00539d62
W15  0x5C   tx_stat_bytes_TCP      0xdcdd2d80
W20  0x70   mac_tx_frames          0x00539d7d
W43  0xCC   mtx_stat_tx_words      0xe02b54c7
W51  0xEC   app_tx_bytes           0xdcd8c448
W55  0xFC   tx_stat_retx           0x0000001a
W57  0x104  tx_retx_hi             0x12357955
W58  0x108  tx_retx_active         0x00000000
W63  0x11C  app_frmwait_cyc        0x286ef072
W66  0x128  tx_stat_winstall       0x62ef25f4
W67  0x12C  tx_winstall_cap        0x00a7e0ee
W68  0x130  rx_stat_ack_adv        0x00539c35
W69  0x134  tx_win_at_winstall     0xf53c0000
SNAP_END R4D2_C2S_N113 nff=0
SNAP_T 1791679163.948216923
SNAP_BEGIN R4D2_C2S_N114 gen=869
W5   0x34   gmii_free_FE           0xe1b28c62
W14  0x58   tx_stat_frames_TCP     0x00539d62
W15  0x5C   tx_stat_bytes_TCP      0xdcdd2d80
W20  0x70   mac_tx_frames          0x00539d7d
W43  0xCC   mtx_stat_tx_words      0xe1acca44
W51  0xEC   app_tx_bytes           0xdcd8c448
W55  0xFC   tx_stat_retx           0x0000001a
W57  0x104  tx_retx_hi             0x12357955
W58  0x108  tx_retx_active         0x00000000
W63  0x11C  app_frmwait_cyc        0x286ef072
W66  0x128  tx_stat_winstall       0x6458849f
W67  0x12C  tx_winstall_cap        0x00a7e0ee
W68  0x130  rx_stat_ack_adv        0x00539c35
W69  0x134  tx_win_at_winstall     0xf53c0000
SNAP_END R4D2_C2S_N114 nff=0
SNAP_T 1791679164.111538918
SNAP_BEGIN R4D2_C2S_N115 gen=870
W5   0x34   gmii_free_FE           0xe3399847
W14  0x58   tx_stat_frames_TCP     0x00539d62
W15  0x5C   tx_stat_bytes_TCP      0xdcdd2d80
W20  0x70   mac_tx_frames          0x00539d7d
W43  0xCC   mtx_stat_tx_words      0xe333d532
W51  0xEC   app_tx_bytes           0xdcd8c448
W55  0xFC   tx_stat_retx           0x0000001a
W57  0x104  tx_retx_hi             0x12357955
W58  0x108  tx_retx_active         0x00000000
W63  0x11C  app_frmwait_cyc        0x286ef072
W66  0x128  tx_stat_winstall       0x65c71f67
W67  0x12C  tx_winstall_cap        0x00a7e0ee
W68  0x130  rx_stat_ack_adv        0x00539c35
W69  0x134  tx_win_at_winstall     0xf53c0000
SNAP_END R4D2_C2S_N115 nff=0
SNAP_T 1791679164.274059298
SNAP_BEGIN R4D2_C2S_N116 gen=871
W5   0x34   gmii_free_FE           0xe4b87d80
W14  0x58   tx_stat_frames_TCP     0x00539d62
W15  0x5C   tx_stat_bytes_TCP      0xdcdd2d80
W20  0x70   mac_tx_frames          0x00539d7d
W43  0xCC   mtx_stat_tx_words      0xe4b2b978
W51  0xEC   app_tx_bytes           0xdcd8c448
W55  0xFC   tx_stat_retx           0x0000001a
W57  0x104  tx_retx_hi             0x12357955
W58  0x108  tx_retx_active         0x00000000
W63  0x11C  app_frmwait_cyc        0x286ef072
W66  0x128  tx_stat_winstall       0x672e15ef
W67  0x12C  tx_winstall_cap        0x00a7e0ee
W68  0x130  rx_stat_ack_adv        0x00539c35
W69  0x134  tx_win_at_winstall     0xf53c0000
SNAP_END R4D2_C2S_N116 nff=0
SNAP_T 1791679164.434207684
SNAP_BEGIN R4D2_C2S_N117 gen=872
W5   0x34   gmii_free_FE           0xe63b13b7
W14  0x58   tx_stat_frames_TCP     0x00539d62
W15  0x5C   tx_stat_bytes_TCP      0xdcdd2d80
W20  0x70   mac_tx_frames          0x00539d7d
W43  0xCC   mtx_stat_tx_words      0xe6354ebb
W51  0xEC   app_tx_bytes           0xdcd8c448
W55  0xFC   tx_stat_retx           0x0000001a
W57  0x104  tx_retx_hi             0x12357955
W58  0x108  tx_retx_active         0x00000000
W63  0x11C  app_frmwait_cyc        0x286ef072
W66  0x128  tx_stat_winstall       0x68988265
W67  0x12C  tx_winstall_cap        0x00a7e0ee
W68  0x130  rx_stat_ack_adv        0x00539c35
W69  0x134  tx_win_at_winstall     0xf53c0000
SNAP_END R4D2_C2S_N117 nff=0
SNAP_T 1791679164.597845479
SNAP_BEGIN R4D2_C2S_N118 gen=873
W5   0x34   gmii_free_FE           0xe7bccd9e
W14  0x58   tx_stat_frames_TCP     0x00539d62
W15  0x5C   tx_stat_bytes_TCP      0xdcdd2d80
W20  0x70   mac_tx_frames          0x00539d7d
W43  0xCC   mtx_stat_tx_words      0xe7b707ad
W51  0xEC   app_tx_bytes           0xdcd8c448
W55  0xFC   tx_stat_retx           0x0000001a
W57  0x104  tx_retx_hi             0x12357955
W58  0x108  tx_retx_active         0x00000000
W63  0x11C  app_frmwait_cyc        0x286ef072
W66  0x128  tx_stat_winstall       0x6a02204f
W67  0x12C  tx_winstall_cap        0x00a7e0ee
W68  0x130  rx_stat_ack_adv        0x00539c35
W69  0x134  tx_win_at_winstall     0xf53c0000
SNAP_END R4D2_C2S_N118 nff=0
SNAP_T 1791679164.758169070
SNAP_BEGIN R4D2_C2S_N119 gen=874
W5   0x34   gmii_free_FE           0xe93e1b1a
W14  0x58   tx_stat_frames_TCP     0x00539d62
W15  0x5C   tx_stat_bytes_TCP      0xdcdd2d80
W20  0x70   mac_tx_frames          0x00539d7d
W43  0xCC   mtx_stat_tx_words      0xe9385435
W51  0xEC   app_tx_bytes           0xdcd8c448
W55  0xFC   tx_stat_retx           0x0000001a
W57  0x104  tx_retx_hi             0x12357955
W58  0x108  tx_retx_active         0x00000000
W63  0x11C  app_frmwait_cyc        0x286ef072
W66  0x128  tx_stat_winstall       0x6b6b5895
W67  0x12C  tx_winstall_cap        0x00a7e0ee
W68  0x130  rx_stat_ack_adv        0x00539c35
W69  0x134  tx_win_at_winstall     0xf53c0000
SNAP_END R4D2_C2S_N119 nff=0
SNAP_T 1791679164.919771456
SNAP_BEGIN R4D2_C2S_N120 gen=875
W5   0x34   gmii_free_FE           0xeabec8ee
W14  0x58   tx_stat_frames_TCP     0x00539d62
W15  0x5C   tx_stat_bytes_TCP      0xdcdd2d80
W20  0x70   mac_tx_frames          0x00539d7d
W43  0xCC   mtx_stat_tx_words      0xeab90116
W51  0xEC   app_tx_bytes           0xdcd8c448
W55  0xFC   tx_stat_retx           0x0000001a
W57  0x104  tx_retx_hi             0x12357955
W58  0x108  tx_retx_active         0x00000000
W63  0x11C  app_frmwait_cyc        0x286ef072
W66  0x128  tx_stat_winstall       0x6cd3fb2f
W67  0x12C  tx_winstall_cap        0x00a7e0ee
W68  0x130  rx_stat_ack_adv        0x00539c35
W69  0x134  tx_win_at_winstall     0xf53c0000
SNAP_END R4D2_C2S_N120 nff=0
SNAP_T 1791679165.081514246
SNAP_BEGIN R4D2_C2S_N121 gen=876
W5   0x34   gmii_free_FE           0xec415f6b
W14  0x58   tx_stat_frames_TCP     0x00539d62
W15  0x5C   tx_stat_bytes_TCP      0xdcdd2d80
W20  0x70   mac_tx_frames          0x00539d7d
W43  0xCC   mtx_stat_tx_words      0xec3b969f
W51  0xEC   app_tx_bytes           0xdcd8c448
W55  0xFC   tx_stat_retx           0x0000001a
W57  0x104  tx_retx_hi             0x12357955
W58  0x108  tx_retx_active         0x00000000
W63  0x11C  app_frmwait_cyc        0x286ef072
W66  0x128  tx_stat_winstall       0x6e3e67e5
W67  0x12C  tx_winstall_cap        0x00a7e0ee
W68  0x130  rx_stat_ack_adv        0x00539c35
W69  0x134  tx_win_at_winstall     0xf53c0000
SNAP_END R4D2_C2S_N121 nff=0
SNAP_T 1791679165.242695760
SNAP_BEGIN R4D2_C2S_N122 gen=877
W5   0x34   gmii_free_FE           0xedbdfc3d
W14  0x58   tx_stat_frames_TCP     0x00539d62
W15  0x5C   tx_stat_bytes_TCP      0xdcdd2d80
W20  0x70   mac_tx_frames          0x00539d7d
W43  0xCC   mtx_stat_tx_words      0xedb83280
W51  0xEC   app_tx_bytes           0xdcd8c448
W55  0xFC   tx_stat_retx           0x0000001a
W57  0x104  tx_retx_hi             0x12357955
W58  0x108  tx_retx_active         0x00000000
W63  0x11C  app_frmwait_cyc        0x286ef072
W66  0x128  tx_stat_winstall       0x6fa33a8e
W67  0x12C  tx_winstall_cap        0x00a7e0ee
W68  0x130  rx_stat_ack_adv        0x00539c35
W69  0x134  tx_win_at_winstall     0xf53c0000
SNAP_END R4D2_C2S_N122 nff=0
SNAP_T 1791679165.403353279
SNAP_BEGIN R4D2_C2S_N123 gen=878
W5   0x34   gmii_free_FE           0xef41390f
W14  0x58   tx_stat_frames_TCP     0x00539d62
W15  0x5C   tx_stat_bytes_TCP      0xdcdd2d80
W20  0x70   mac_tx_frames          0x00539d7d
W43  0xCC   mtx_stat_tx_words      0xef3b6e5c
W51  0xEC   app_tx_bytes           0xdcd8c448
W55  0xFC   tx_stat_retx           0x0000001a
W57  0x104  tx_retx_hi             0x12357955
W58  0x108  tx_retx_active         0x00000000
W63  0x11C  app_frmwait_cyc        0x286ef072
W66  0x128  tx_stat_winstall       0x710e4334
W67  0x12C  tx_winstall_cap        0x00a7e0ee
W68  0x130  rx_stat_ack_adv        0x00539c35
W69  0x134  tx_win_at_winstall     0xf53c0000
SNAP_END R4D2_C2S_N123 nff=0
SNAP_T 1791679165.565895715
SNAP_BEGIN R4D2_C2S_N124 gen=879
W5   0x34   gmii_free_FE           0xf0c45756
W14  0x58   tx_stat_frames_TCP     0x00539d62
W15  0x5C   tx_stat_bytes_TCP      0xdcdd2d80
W20  0x70   mac_tx_frames          0x00539d7d
W43  0xCC   mtx_stat_tx_words      0xf0be8baf
W51  0xEC   app_tx_bytes           0xdcd8c448
W55  0xFC   tx_stat_retx           0x0000001a
W57  0x104  tx_retx_hi             0x12357955
W58  0x108  tx_retx_active         0x00000000
W63  0x11C  app_frmwait_cyc        0x286ef072
W66  0x128  tx_stat_winstall       0x72792f39
W67  0x12C  tx_winstall_cap        0x00a7e0ee
W68  0x130  rx_stat_ack_adv        0x00539c35
W69  0x134  tx_win_at_winstall     0xf53c0000
SNAP_END R4D2_C2S_N124 nff=0
SNAP_T 1791679165.727412649
SNAP_BEGIN R4D2_C2S_N125 gen=880
W5   0x34   gmii_free_FE           0xf245acfb
W14  0x58   tx_stat_frames_TCP     0x00539d62
W15  0x5C   tx_stat_bytes_TCP      0xdcdd2d80
W20  0x70   mac_tx_frames          0x00539d7d
W43  0xCC   mtx_stat_tx_words      0xf23fe060
W51  0xEC   app_tx_bytes           0xdcd8c448
W55  0xFC   tx_stat_retx           0x0000001a
W57  0x104  tx_retx_hi             0x12357955
W58  0x108  tx_retx_active         0x00000000
W63  0x11C  app_frmwait_cyc        0x286ef072
W66  0x128  tx_stat_winstall       0x73e26f25
W67  0x12C  tx_winstall_cap        0x00a7e0ee
W68  0x130  rx_stat_ack_adv        0x00539c35
W69  0x134  tx_win_at_winstall     0xf53c0000
SNAP_END R4D2_C2S_N125 nff=0
SNAP_T 1791679165.889235800
SNAP_BEGIN R4D2_C2S_N126 gen=881
W5   0x34   gmii_free_FE           0xf3c90281
W14  0x58   tx_stat_frames_TCP     0x00539d62
W15  0x5C   tx_stat_bytes_TCP      0xdcdd2d80
W20  0x70   mac_tx_frames          0x00539d7d
W43  0xCC   mtx_stat_tx_words      0xf3c334f1
W51  0xEC   app_tx_bytes           0xdcd8c448
W55  0xFC   tx_stat_retx           0x0000001a
W57  0x104  tx_retx_hi             0x12357955
W58  0x108  tx_retx_active         0x00000000
W63  0x11C  app_frmwait_cyc        0x286ef072
W66  0x128  tx_stat_winstall       0x754d8ef4
W67  0x12C  tx_winstall_cap        0x00a7e0ee
W68  0x130  rx_stat_ack_adv        0x00539c35
W69  0x134  tx_win_at_winstall     0x00000000
SNAP_END R4D2_C2S_N126 nff=0
SNAP_T 1791679166.053817361
SNAP_BEGIN R4D2_C2S_N127 gen=882
W5   0x34   gmii_free_FE           0xf54fe718
W14  0x58   tx_stat_frames_TCP     0x00539d62
W15  0x5C   tx_stat_bytes_TCP      0xdcdd2d80
W20  0x70   mac_tx_frames          0x00539d7d
W43  0xCC   mtx_stat_tx_words      0xf54a1891
W51  0xEC   app_tx_bytes           0xdcd8c448
W55  0xFC   tx_stat_retx           0x0000001a
W57  0x104  tx_retx_hi             0x12357955
W58  0x108  tx_retx_active         0x00000000
W63  0x11C  app_frmwait_cyc        0x286ef072
W66  0x128  tx_stat_winstall       0x76bc04e2
W67  0x12C  tx_winstall_cap        0x00a7e0ee
W68  0x130  rx_stat_ack_adv        0x00539c35
W69  0x134  tx_win_at_winstall     0xf53c0000
SNAP_END R4D2_C2S_N127 nff=0
SNAP_T 1791679166.215347978
SNAP_BEGIN R4D2_C2S_N128 gen=883
W5   0x34   gmii_free_FE           0xf6d03118
W14  0x58   tx_stat_frames_TCP     0x00539d62
W15  0x5C   tx_stat_bytes_TCP      0xdcdd2d80
W20  0x70   mac_tx_frames          0x00539d7d
W43  0xCC   mtx_stat_tx_words      0xf6ca619d
W51  0xEC   app_tx_bytes           0xdcd8c448
W55  0xFC   tx_stat_retx           0x0000001a
W57  0x104  tx_retx_hi             0x12357955
W58  0x108  tx_retx_active         0x00000000
W63  0x11C  app_frmwait_cyc        0x286ef072
W66  0x128  tx_stat_winstall       0x782449e5
W67  0x12C  tx_winstall_cap        0x00a7e0ee
W68  0x130  rx_stat_ack_adv        0x00539c35
W69  0x134  tx_win_at_winstall     0xf53c0000
SNAP_END R4D2_C2S_N128 nff=0
SNAP_T 1791679166.376302610
SNAP_BEGIN R4D2_C2S_N129 gen=884
W5   0x34   gmii_free_FE           0xf8507d0a
W14  0x58   tx_stat_frames_TCP     0x00539d62
W15  0x5C   tx_stat_bytes_TCP      0xdcdd2d80
W20  0x70   mac_tx_frames          0x00539d7d
W43  0xCC   mtx_stat_tx_words      0xf84aac9c
W51  0xEC   app_tx_bytes           0xdcd8c448
W55  0xFC   tx_stat_retx           0x0000001a
W57  0x104  tx_retx_hi             0x12357955
W58  0x108  tx_retx_active         0x00000000
W63  0x11C  app_frmwait_cyc        0x286ef072
W66  0x128  tx_stat_winstall       0x798c90ba
W67  0x12C  tx_winstall_cap        0x00a7e0ee
W68  0x130  rx_stat_ack_adv        0x00539c35
W69  0x134  tx_win_at_winstall     0xf53c0000
SNAP_END R4D2_C2S_N129 nff=0
SNAP_T 1791679166.538800592
SNAP_BEGIN R4D2_C2S_N130 gen=885
W5   0x34   gmii_free_FE           0xf9d3c00d
W14  0x58   tx_stat_frames_TCP     0x00539d62
W15  0x5C   tx_stat_bytes_TCP      0xdcdd2d80
W20  0x70   mac_tx_frames          0x00539d7d
W43  0xCC   mtx_stat_tx_words      0xf9cdeea9
W51  0xEC   app_tx_bytes           0xdcd8c448
W55  0xFC   tx_stat_retx           0x0000001a
W57  0x104  tx_retx_hi             0x12357955
W58  0x108  tx_retx_active         0x00000000
W63  0x11C  app_frmwait_cyc        0x286ef072
W66  0x128  tx_stat_winstall       0x7af79f2e
W67  0x12C  tx_winstall_cap        0x00a7e0ee
W68  0x130  rx_stat_ack_adv        0x00539c35
W69  0x134  tx_win_at_winstall     0xf53c0000
SNAP_END R4D2_C2S_N130 nff=0
SNAP_T 1791679166.700100009
SNAP_BEGIN R4D2_C2S_N131 gen=886
W5   0x34   gmii_free_FE           0xfb553cbd
W14  0x58   tx_stat_frames_TCP     0x00539d62
W15  0x5C   tx_stat_bytes_TCP      0xdcdd2d80
W20  0x70   mac_tx_frames          0x00539d7d
W43  0xCC   mtx_stat_tx_words      0xfb4f6a66
W51  0xEC   app_tx_bytes           0xdcd8c448
W55  0xFC   tx_stat_retx           0x0000001a
W57  0x104  tx_retx_hi             0x12357955
W58  0x108  tx_retx_active         0x00000000
W63  0x11C  app_frmwait_cyc        0x286ef072
W66  0x128  tx_stat_winstall       0x7c6103b5
W67  0x12C  tx_winstall_cap        0x00a7e0ee
W68  0x130  rx_stat_ack_adv        0x00539c35
W69  0x134  tx_win_at_winstall     0xf53c0000
SNAP_END R4D2_C2S_N131 nff=0
SNAP_T 1791679166.861276405
SNAP_BEGIN R4D2_C2S_N132 gen=887
W5   0x34   gmii_free_FE           0xfcd0eba4
W14  0x58   tx_stat_frames_TCP     0x00539d62
W15  0x5C   tx_stat_bytes_TCP      0xdcdd2d80
W20  0x70   mac_tx_frames          0x00539d7d
W43  0xCC   mtx_stat_tx_words      0xfccb185c
W51  0xEC   app_tx_bytes           0xdcd8c448
W55  0xFC   tx_stat_retx           0x0000001a
W57  0x104  tx_retx_hi             0x12357955
W58  0x108  tx_retx_active         0x00000000
W63  0x11C  app_frmwait_cyc        0x286ef072
W66  0x128  tx_stat_winstall       0x7dc4f751
W67  0x12C  tx_winstall_cap        0x00a7e0ee
W68  0x130  rx_stat_ack_adv        0x00539c35
W69  0x134  tx_win_at_winstall     0xf53c0000
SNAP_END R4D2_C2S_N132 nff=0
SNAP_T 1791679167.021225410
SNAP_BEGIN R4D2_C2S_N133 gen=888
W5   0x34   gmii_free_FE           0xfe534c69
W14  0x58   tx_stat_frames_TCP     0x00539d62
W15  0x5C   tx_stat_bytes_TCP      0xdcdd2d80
W20  0x70   mac_tx_frames          0x00539d7d
W43  0xCC   mtx_stat_tx_words      0xfe4d782d
W51  0xEC   app_tx_bytes           0xdcd8c448
W55  0xFC   tx_stat_retx           0x0000001a
W57  0x104  tx_retx_hi             0x12357955
W58  0x108  tx_retx_active         0x00000000
W63  0x11C  app_frmwait_cyc        0x286ef072
W66  0x128  tx_stat_winstall       0x7f2f31ac
W67  0x12C  tx_winstall_cap        0x00a7e0ee
W68  0x130  rx_stat_ack_adv        0x00539c35
W69  0x134  tx_win_at_winstall     0xf53c0000
SNAP_END R4D2_C2S_N133 nff=0
SNAP_T 1791679167.183513553
SNAP_BEGIN R4D2_C2S_N134 gen=889
W5   0x34   gmii_free_FE           0xffd555eb
W14  0x58   tx_stat_frames_TCP     0x00539d62
W15  0x5C   tx_stat_bytes_TCP      0xdcdd2d80
W20  0x70   mac_tx_frames          0x00539d7d
W43  0xCC   mtx_stat_tx_words      0xffcf80bb
W51  0xEC   app_tx_bytes           0xdcd8c448
W55  0xFC   tx_stat_retx           0x0000001a
W57  0x104  tx_retx_hi             0x12357955
W58  0x108  tx_retx_active         0x00000000
W63  0x11C  app_frmwait_cyc        0x286ef072
W66  0x128  tx_stat_winstall       0x80991a38
W67  0x12C  tx_winstall_cap        0x00a7e0ee
W68  0x130  rx_stat_ack_adv        0x00539c35
W69  0x134  tx_win_at_winstall     0xf53c0000
SNAP_END R4D2_C2S_N134 nff=0
SNAP_T 1791679167.345332500
SNAP_BEGIN R4D2_C2S_N135 gen=890
W5   0x34   gmii_free_FE           0x01577333
W14  0x58   tx_stat_frames_TCP     0x00539d62
W15  0x5C   tx_stat_bytes_TCP      0xdcdd2d80
W20  0x70   mac_tx_frames          0x00539d7d
W43  0xCC   mtx_stat_tx_words      0x01519d0e
W51  0xEC   app_tx_bytes           0xdcd8c448
W55  0xFC   tx_stat_retx           0x0000001a
W57  0x104  tx_retx_hi             0x12357955
W58  0x108  tx_retx_active         0x00000000
W63  0x11C  app_frmwait_cyc        0x286ef072
W66  0x128  tx_stat_winstall       0x8203154d
W67  0x12C  tx_winstall_cap        0x00a7e0ee
W68  0x130  rx_stat_ack_adv        0x00539c35
W69  0x134  tx_win_at_winstall     0xf53c0000
SNAP_END R4D2_C2S_N135 nff=0
SNAP_T 1791679167.507059665
SNAP_BEGIN R4D2_C2S_N136 gen=891
W5   0x34   gmii_free_FE           0x02d74589
W14  0x58   tx_stat_frames_TCP     0x00539d62
W15  0x5C   tx_stat_bytes_TCP      0xdcdd2d80
W20  0x70   mac_tx_frames          0x00539d7d
W43  0xCC   mtx_stat_tx_words      0x02d16e72
W51  0xEC   app_tx_bytes           0xdcd8c448
W55  0xFC   tx_stat_retx           0x0000001a
W57  0x104  tx_retx_hi             0x12357955
W58  0x108  tx_retx_active         0x00000000
W63  0x11C  app_frmwait_cyc        0x286ef072
W66  0x128  tx_stat_winstall       0x836aea21
W67  0x12C  tx_winstall_cap        0x00a7e0ee
W68  0x130  rx_stat_ack_adv        0x00539c35
W69  0x134  tx_win_at_winstall     0xf53c0000
SNAP_END R4D2_C2S_N136 nff=0
SNAP_T 1791679167.669660954
SNAP_BEGIN R4D2_C2S_N137 gen=892
W5   0x34   gmii_free_FE           0x045c714e
W14  0x58   tx_stat_frames_TCP     0x00539d62
W15  0x5C   tx_stat_bytes_TCP      0xdcdd2d80
W20  0x70   mac_tx_frames          0x00539d7d
W43  0xCC   mtx_stat_tx_words      0x04569940
W51  0xEC   app_tx_bytes           0xdcd8c448
W55  0xFC   tx_stat_retx           0x0000001a
W57  0x104  tx_retx_hi             0x12357955
W58  0x108  tx_retx_active         0x00000000
W63  0x11C  app_frmwait_cyc        0x286ef072
W66  0x128  tx_stat_winstall       0x84d7c2ca
W67  0x12C  tx_winstall_cap        0x00a7e0ee
W68  0x130  rx_stat_ack_adv        0x00539c35
W69  0x134  tx_win_at_winstall     0xf53c0000
SNAP_END R4D2_C2S_N137 nff=0
SNAP_T 1791679167.831633839
SNAP_BEGIN R4D2_C2S_N138 gen=893
W5   0x34   gmii_free_FE           0x05deca37
W14  0x58   tx_stat_frames_TCP     0x00539d62
W15  0x5C   tx_stat_bytes_TCP      0xdcdd2d80
W20  0x70   mac_tx_frames          0x00539d7d
W43  0xCC   mtx_stat_tx_words      0x05d8f135
W51  0xEC   app_tx_bytes           0xdcd8c448
W55  0xFC   tx_stat_retx           0x0000001a
W57  0x104  tx_retx_hi             0x12357955
W58  0x108  tx_retx_active         0x00000000
W63  0x11C  app_frmwait_cyc        0x286ef072
W66  0x128  tx_stat_winstall       0x8641f5c6
W67  0x12C  tx_winstall_cap        0x00a7e0ee
W68  0x130  rx_stat_ack_adv        0x00539c35
W69  0x134  tx_win_at_winstall     0xf53c0000
SNAP_END R4D2_C2S_N138 nff=0
SNAP_T 1791679167.993458731
SNAP_BEGIN R4D2_C2S_N139 gen=894
W5   0x34   gmii_free_FE           0x0761a05f
W14  0x58   tx_stat_frames_TCP     0x00539d62
W15  0x5C   tx_stat_bytes_TCP      0xdcdd2d80
W20  0x70   mac_tx_frames          0x00539d7d
W43  0xCC   mtx_stat_tx_words      0x075bc667
W51  0xEC   app_tx_bytes           0xdcd8c448
W55  0xFC   tx_stat_retx           0x0000001a
W57  0x104  tx_retx_hi             0x12357955
W58  0x108  tx_retx_active         0x00000000
W63  0x11C  app_frmwait_cyc        0x286ef072
W66  0x128  tx_stat_winstall       0x87ac9e2d
W67  0x12C  tx_winstall_cap        0x00a7e0ee
W68  0x130  rx_stat_ack_adv        0x00539c35
W69  0x134  tx_win_at_winstall     0xf53c0000
SNAP_END R4D2_C2S_N139 nff=0
SNAP_T 1791679168.156572888
SNAP_BEGIN R4D2_C2S_N140 gen=895
W5   0x34   gmii_free_FE           0x08e136be
W14  0x58   tx_stat_frames_TCP     0x00539d62
W15  0x5C   tx_stat_bytes_TCP      0xdcdd2d80
W20  0x70   mac_tx_frames          0x00539d7d
W43  0xCC   mtx_stat_tx_words      0x08db5bd3
W51  0xEC   app_tx_bytes           0xdcd8c448
W55  0xFC   tx_stat_retx           0x0000001a
W57  0x104  tx_retx_hi             0x12357955
W58  0x108  tx_retx_active         0x00000000
W63  0x11C  app_frmwait_cyc        0x286ef072
W66  0x128  tx_stat_winstall       0x89143ac8
W67  0x12C  tx_winstall_cap        0x00a7e0ee
W68  0x130  rx_stat_ack_adv        0x00539c35
W69  0x134  tx_win_at_winstall     0x00000000
SNAP_END R4D2_C2S_N140 nff=0
SNAP_T 1791679168.316684307
SNAP_BEGIN R4D2_C2S_N141 gen=896
W5   0x34   gmii_free_FE           0x0a639eff
W14  0x58   tx_stat_frames_TCP     0x00539d62
W15  0x5C   tx_stat_bytes_TCP      0xdcdd2d80
W20  0x70   mac_tx_frames          0x00539d7d
W43  0xCC   mtx_stat_tx_words      0x0a5dc320
W51  0xEC   app_tx_bytes           0xdcd8c448
W55  0xFC   tx_stat_retx           0x0000001a
W57  0x104  tx_retx_hi             0x12357955
W58  0x108  tx_retx_active         0x00000000
W63  0x11C  app_frmwait_cyc        0x286ef072
W66  0x128  tx_stat_winstall       0x8a7e7c28
W67  0x12C  tx_winstall_cap        0x00a7e0ee
W68  0x130  rx_stat_ack_adv        0x00539c35
W69  0x134  tx_win_at_winstall     0xf53c0000
SNAP_END R4D2_C2S_N141 nff=0
SNAP_T 1791679168.479146371
SNAP_BEGIN R4D2_C2S_N142 gen=897
W5   0x34   gmii_free_FE           0x0be68748
W14  0x58   tx_stat_frames_TCP     0x00539d62
W15  0x5C   tx_stat_bytes_TCP      0xdcdd2d80
W20  0x70   mac_tx_frames          0x00539d7d
W43  0xCC   mtx_stat_tx_words      0x0be0aa75
W51  0xEC   app_tx_bytes           0xdcd8c448
W55  0xFC   tx_stat_retx           0x0000001a
W57  0x104  tx_retx_hi             0x12357955
W58  0x108  tx_retx_active         0x00000000
W63  0x11C  app_frmwait_cyc        0x286ef072
W66  0x128  tx_stat_winstall       0x8be9358d
W67  0x12C  tx_winstall_cap        0x00a7e0ee
W68  0x130  rx_stat_ack_adv        0x00539c35
W69  0x134  tx_win_at_winstall     0xf53c0000
SNAP_END R4D2_C2S_N142 nff=0
SNAP_T 1791679168.641518606
SNAP_BEGIN R4D2_C2S_N143 gen=898
W5   0x34   gmii_free_FE           0x0d697768
W14  0x58   tx_stat_frames_TCP     0x00539d62
W15  0x5C   tx_stat_bytes_TCP      0xdcdd2d80
W20  0x70   mac_tx_frames          0x00539d7d
W43  0xCC   mtx_stat_tx_words      0x0d63999f
W51  0xEC   app_tx_bytes           0xdcd8c448
W55  0xFC   tx_stat_retx           0x0000001a
W57  0x104  tx_retx_hi             0x12357955
W58  0x108  tx_retx_active         0x00000000
W63  0x11C  app_frmwait_cyc        0x286ef072
W66  0x128  tx_stat_winstall       0x8d53f64e
W67  0x12C  tx_winstall_cap        0x00a7e0ee
W68  0x130  rx_stat_ack_adv        0x00539c35
W69  0x134  tx_win_at_winstall     0xf53c0000
SNAP_END R4D2_C2S_N143 nff=0
SNAP_T 1791679168.803215410
SNAP_BEGIN R4D2_C2S_N144 gen=899
W5   0x34   gmii_free_FE           0x0ee6f368
W14  0x58   tx_stat_frames_TCP     0x00539d62
W15  0x5C   tx_stat_bytes_TCP      0xdcdd2d80
W20  0x70   mac_tx_frames          0x00539d7d
W43  0xCC   mtx_stat_tx_words      0x0ee114ae
W51  0xEC   app_tx_bytes           0xdcd8c448
W55  0xFC   tx_stat_retx           0x0000001a
W57  0x104  tx_retx_hi             0x12357955
W58  0x108  tx_retx_active         0x00000000
W63  0x11C  app_frmwait_cyc        0x286ef072
W66  0x128  tx_stat_winstall       0x8eb99a30
W67  0x12C  tx_winstall_cap        0x00a7e0ee
W68  0x130  rx_stat_ack_adv        0x00539c35
W69  0x134  tx_win_at_winstall     0xf53c0000
SNAP_END R4D2_C2S_N144 nff=0
SNAP_T 1791679168.963035888
SNAP_BEGIN R4D2_C2S_N145 gen=900
W5   0x34   gmii_free_FE           0x10649ba4
W14  0x58   tx_stat_frames_TCP     0x00539d62
W15  0x5C   tx_stat_bytes_TCP      0xdcdd2d80
W20  0x70   mac_tx_frames          0x00539d7d
W43  0xCC   mtx_stat_tx_words      0x105ebbf8
W51  0xEC   app_tx_bytes           0xdcd8c448
W55  0xFC   tx_stat_retx           0x0000001a
W57  0x104  tx_retx_hi             0x12357955
W58  0x108  tx_retx_active         0x00000000
W63  0x11C  app_frmwait_cyc        0x286ef072
W66  0x128  tx_stat_winstall       0x901f678b
W67  0x12C  tx_winstall_cap        0x00a7e0ee
W68  0x130  rx_stat_ack_adv        0x00539c35
W69  0x134  tx_win_at_winstall     0xf53c0000
SNAP_END R4D2_C2S_N145 nff=0
SNAP_T 1791679169.125254222
SNAP_BEGIN R4D2_C2S_N146 gen=901
W5   0x34   gmii_free_FE           0x11ec0cbe
W14  0x58   tx_stat_frames_TCP     0x00539d62
W15  0x5C   tx_stat_bytes_TCP      0xdcdd2d80
W20  0x70   mac_tx_frames          0x00539d7d
W43  0xCC   mtx_stat_tx_words      0x11e62c1b
W51  0xEC   app_tx_bytes           0xdcd8c448
W55  0xFC   tx_stat_retx           0x0000001a
W57  0x104  tx_retx_hi             0x12357955
W58  0x108  tx_retx_active         0x00000000
W63  0x11C  app_frmwait_cyc        0x286ef072
W66  0x128  tx_stat_winstall       0x918e6134
W67  0x12C  tx_winstall_cap        0x00a7e0ee
W68  0x130  rx_stat_ack_adv        0x00539c35
W69  0x134  tx_win_at_winstall     0xf53c0000
SNAP_END R4D2_C2S_N146 nff=0
SNAP_T 1791679169.287078015
SNAP_BEGIN R4D2_C2S_N147 gen=902
W5   0x34   gmii_free_FE           0x1368a3eb
W14  0x58   tx_stat_frames_TCP     0x00539d62
W15  0x5C   tx_stat_bytes_TCP      0xdcdd2d80
W20  0x70   mac_tx_frames          0x00539d7d
W43  0xCC   mtx_stat_tx_words      0x1362c257
W51  0xEC   app_tx_bytes           0xdcd8c448
W55  0xFC   tx_stat_retx           0x0000001a
W57  0x104  tx_retx_hi             0x12357955
W58  0x108  tx_retx_active         0x00000000
W63  0x11C  app_frmwait_cyc        0x286ef072
W66  0x128  tx_stat_winstall       0x92f32e91
W67  0x12C  tx_winstall_cap        0x00a7e0ee
W68  0x130  rx_stat_ack_adv        0x00539c35
W69  0x134  tx_win_at_winstall     0x00000000
SNAP_END R4D2_C2S_N147 nff=0
SNAP_T 1791679169.447242735
SNAP_BEGIN R4D2_C2S_N148 gen=903
W5   0x34   gmii_free_FE           0x14e9f975
W14  0x58   tx_stat_frames_TCP     0x00539d62
W15  0x5C   tx_stat_bytes_TCP      0xdcdd2d80
W20  0x70   mac_tx_frames          0x00539d7d
W43  0xCC   mtx_stat_tx_words      0x14e416ec
W51  0xEC   app_tx_bytes           0xdcd8c448
W55  0xFC   tx_stat_retx           0x0000001a
W57  0x104  tx_retx_hi             0x12357955
W58  0x108  tx_retx_active         0x00000000
W63  0x11C  app_frmwait_cyc        0x286ef072
W66  0x128  tx_stat_winstall       0x945c6e64
W67  0x12C  tx_winstall_cap        0x00a7e0ee
W68  0x130  rx_stat_ack_adv        0x00539c35
W69  0x134  tx_win_at_winstall     0xf53c0000
SNAP_END R4D2_C2S_N148 nff=0
SNAP_T 1791679169.610435437
SNAP_BEGIN R4D2_C2S_N149 gen=904
W5   0x34   gmii_free_FE           0x1671bd20
W14  0x58   tx_stat_frames_TCP     0x00539d62
W15  0x5C   tx_stat_bytes_TCP      0xdcdd2d80
W20  0x70   mac_tx_frames          0x00539d7d
W43  0xCC   mtx_stat_tx_words      0x166bd99f
W51  0xEC   app_tx_bytes           0xdcd8c448
W55  0xFC   tx_stat_retx           0x0000001a
W57  0x104  tx_retx_hi             0x12357955
W58  0x108  tx_retx_active         0x00000000
W63  0x11C  app_frmwait_cyc        0x286ef072
W66  0x128  tx_stat_winstall       0x95cbb576
W67  0x12C  tx_winstall_cap        0x00a7e0ee
W68  0x130  rx_stat_ack_adv        0x00539c35
W69  0x134  tx_win_at_winstall     0xf53c0000
SNAP_END R4D2_C2S_N149 nff=0
SNAP_T 1791679169.773085535
SNAP_BEGIN R4D2_C2S_N150 gen=905
W5   0x34   gmii_free_FE           0x17ef51f1
W14  0x58   tx_stat_frames_TCP     0x00539d62
W15  0x5C   tx_stat_bytes_TCP      0xdcdd2d80
W20  0x70   mac_tx_frames          0x00539d7d
W43  0xCC   mtx_stat_tx_words      0x17e96d7f
W51  0xEC   app_tx_bytes           0xdcd8c448
W55  0xFC   tx_stat_retx           0x0000001a
W57  0x104  tx_retx_hi             0x12357955
W58  0x108  tx_retx_active         0x00000000
W63  0x11C  app_frmwait_cyc        0x286ef072
W66  0x128  tx_stat_winstall       0x9731709d
W67  0x12C  tx_winstall_cap        0x00a7e0ee
W68  0x130  rx_stat_ack_adv        0x00539c35
W69  0x134  tx_win_at_winstall     0xf53c0000
SNAP_END R4D2_C2S_N150 nff=0
SNAP_T 1791679169.932957331
SNAP_BEGIN R4D2_C2S_N151 gen=906
W5   0x34   gmii_free_FE           0x1971b192
W14  0x58   tx_stat_frames_TCP     0x00539d62
W15  0x5C   tx_stat_bytes_TCP      0xdcdd2d80
W20  0x70   mac_tx_frames          0x00539d7d
W43  0xCC   mtx_stat_tx_words      0x196bcc2b
W51  0xEC   app_tx_bytes           0xdcd8c448
W55  0xFC   tx_stat_retx           0x0000001a
W57  0x104  tx_retx_hi             0x12357955
W58  0x108  tx_retx_active         0x00000000
W63  0x11C  app_frmwait_cyc        0x286ef072
W66  0x128  tx_stat_winstall       0x989ba9e5
W67  0x12C  tx_winstall_cap        0x00a7e0ee
W68  0x130  rx_stat_ack_adv        0x00539c35
W69  0x134  tx_win_at_winstall     0xf53c0000
SNAP_END R4D2_C2S_N151 nff=0
SNAP_T 1791679170.095553700
SNAP_BEGIN R4D2_C2S_N152 gen=907
W5   0x34   gmii_free_FE           0x1af45537
W14  0x58   tx_stat_frames_TCP     0x00539d62
W15  0x5C   tx_stat_bytes_TCP      0xdcdd2d80
W20  0x70   mac_tx_frames          0x00539d7d
W43  0xCC   mtx_stat_tx_words      0x1aee6edc
W51  0xEC   app_tx_bytes           0xdcd8c448
W55  0xFC   tx_stat_retx           0x0000001a
W57  0x104  tx_retx_hi             0x12357955
W58  0x108  tx_retx_active         0x00000000
W63  0x11C  app_frmwait_cyc        0x286ef072
W66  0x128  tx_stat_winstall       0x9a0622f2
W67  0x12C  tx_winstall_cap        0x00a7e0ee
W68  0x130  rx_stat_ack_adv        0x00539c35
W69  0x134  tx_win_at_winstall     0xf53c0000
SNAP_END R4D2_C2S_N152 nff=0
SNAP_T 1791679170.257560914
SNAP_BEGIN R4D2_C2S_N153 gen=908
W5   0x34   gmii_free_FE           0x1c7292b6
W14  0x58   tx_stat_frames_TCP     0x00539d62
W15  0x5C   tx_stat_bytes_TCP      0xdcdd2d80
W20  0x70   mac_tx_frames          0x00539d7d
W43  0xCC   mtx_stat_tx_words      0x1c6cab69
W51  0xEC   app_tx_bytes           0xdcd8c448
W55  0xFC   tx_stat_retx           0x0000001a
W57  0x104  tx_retx_hi             0x12357955
W58  0x108  tx_retx_active         0x00000000
W63  0x11C  app_frmwait_cyc        0x286ef072
W66  0x128  tx_stat_winstall       0x9b6c7c3b
W67  0x12C  tx_winstall_cap        0x00a7e0ee
W68  0x130  rx_stat_ack_adv        0x00539c35
W69  0x134  tx_win_at_winstall     0xf53c0000
SNAP_END R4D2_C2S_N153 nff=0
SNAP_T 1791679170.417609818
SNAP_BEGIN R4D2_C2S_N154 gen=909
W5   0x34   gmii_free_FE           0x1df01d83
W14  0x58   tx_stat_frames_TCP     0x00539d62
W15  0x5C   tx_stat_bytes_TCP      0xdcdd2d80
W20  0x70   mac_tx_frames          0x00539d7e
W43  0xCC   mtx_stat_tx_words      0x1dea3545
W51  0xEC   app_tx_bytes           0xdcd8c448
W55  0xFC   tx_stat_retx           0x0000001a
W57  0x104  tx_retx_hi             0x12357955
W58  0x108  tx_retx_active         0x00000000
W63  0x11C  app_frmwait_cyc        0x286ef072
W66  0x128  tx_stat_winstall       0x9cd22dff
W67  0x12C  tx_winstall_cap        0x00a7e0ee
W68  0x130  rx_stat_ack_adv        0x00539c35
W69  0x134  tx_win_at_winstall     0xf53c0000
SNAP_END R4D2_C2S_N154 nff=0
SNAP_T 1791679170.577558591
SNAP_BEGIN R4D2_C2S_N155 gen=910
W5   0x34   gmii_free_FE           0x1f6ff8f7
W14  0x58   tx_stat_frames_TCP     0x00539d62
W15  0x5C   tx_stat_bytes_TCP      0xdcdd2d80
W20  0x70   mac_tx_frames          0x00539d7e
W43  0xCC   mtx_stat_tx_words      0x1f6a0fc5
W51  0xEC   app_tx_bytes           0xdcd8c448
W55  0xFC   tx_stat_retx           0x0000001a
W57  0x104  tx_retx_hi             0x12357955
W58  0x108  tx_retx_active         0x00000000
W63  0x11C  app_frmwait_cyc        0x286ef072
W66  0x128  tx_stat_winstall       0x9e3a0b5e
W67  0x12C  tx_winstall_cap        0x00a7e0ee
W68  0x130  rx_stat_ack_adv        0x00539c35
W69  0x134  tx_win_at_winstall     0xf53c0000
SNAP_END R4D2_C2S_N155 nff=0
SNAP_T 1791679170.742488034
SNAP_BEGIN R4D2_C2S_N156 gen=911
W5   0x34   gmii_free_FE           0x20f6b465
W14  0x58   tx_stat_frames_TCP     0x00539d62
W15  0x5C   tx_stat_bytes_TCP      0xdcdd2d80
W20  0x70   mac_tx_frames          0x00539d7e
W43  0xCC   mtx_stat_tx_words      0x20f0ca3c
W51  0xEC   app_tx_bytes           0xdcd8c448
W55  0xFC   tx_stat_retx           0x0000001a
W57  0x104  tx_retx_hi             0x12357955
W58  0x108  tx_retx_active         0x00000000
W63  0x11C  app_frmwait_cyc        0x286ef072
W66  0x128  tx_stat_winstall       0x9fa85ab5
W67  0x12C  tx_winstall_cap        0x00a7e0ee
W68  0x130  rx_stat_ack_adv        0x00539c35
W69  0x134  tx_win_at_winstall     0xf53c0000
SNAP_END R4D2_C2S_N156 nff=0
SNAP_T 1791679170.902595079
SNAP_BEGIN R4D2_C2S_N157 gen=912
W5   0x34   gmii_free_FE           0x2278b493
W14  0x58   tx_stat_frames_TCP     0x00539d62
W15  0x5C   tx_stat_bytes_TCP      0xdcdd2d80
W20  0x70   mac_tx_frames          0x00539d7e
W43  0xCC   mtx_stat_tx_words      0x2272c976
W51  0xEC   app_tx_bytes           0xdcd8c448
W55  0xFC   tx_stat_retx           0x0000001a
W57  0x104  tx_retx_hi             0x12357955
W58  0x108  tx_retx_active         0x00000000
W63  0x11C  app_frmwait_cyc        0x286ef072
W66  0x128  tx_stat_winstall       0xa1123a83
W67  0x12C  tx_winstall_cap        0x00a7e0ee
W68  0x130  rx_stat_ack_adv        0x00539c35
W69  0x134  tx_win_at_winstall     0xf53c0000
SNAP_END R4D2_C2S_N157 nff=0
SNAP_T 1791679171.064129360
SNAP_BEGIN R4D2_C2S_N158 gen=913
W5   0x34   gmii_free_FE           0x23f8dcc6
W14  0x58   tx_stat_frames_TCP     0x00539d63
W15  0x5C   tx_stat_bytes_TCP      0xdcdd2d80
W20  0x70   mac_tx_frames          0x00539d7f
W43  0xCC   mtx_stat_tx_words      0x23f2f0b6
W51  0xEC   app_tx_bytes           0xdcd8c448
W55  0xFC   tx_stat_retx           0x0000001a
W57  0x104  tx_retx_hi             0x12357955
W58  0x108  tx_retx_active         0x00000000
W63  0x11C  app_frmwait_cyc        0x286ef072
W66  0x128  tx_stat_winstall       0xa27a5fd5
W67  0x12C  tx_winstall_cap        0x00a7e0ee
W68  0x130  rx_stat_ack_adv        0x00539c35
W69  0x134  tx_win_at_winstall     0xf53c0000
SNAP_END R4D2_C2S_N158 nff=0
SNAP_T 1791679171.225696807
SNAP_BEGIN R4D2_C2S_N159 gen=914
W5   0x34   gmii_free_FE           0x257ab20a
W14  0x58   tx_stat_frames_TCP     0x00539d63
W15  0x5C   tx_stat_bytes_TCP      0xdcdd2d80
W20  0x70   mac_tx_frames          0x00539d7f
W43  0xCC   mtx_stat_tx_words      0x2574c506
W51  0xEC   app_tx_bytes           0xdcd8c448
W55  0xFC   tx_stat_retx           0x0000001a
W57  0x104  tx_retx_hi             0x12357955
W58  0x108  tx_retx_active         0x00000000
W63  0x11C  app_frmwait_cyc        0x286ef072
W66  0x128  tx_stat_winstall       0xa3e41767
W67  0x12C  tx_winstall_cap        0x00a7e0ee
W68  0x130  rx_stat_ack_adv        0x00539c35
W69  0x134  tx_win_at_winstall     0xf53c0000
SNAP_END R4D2_C2S_N159 nff=0
SNAP_T 1791679171.387864536
SNAP_BEGIN R4D2_C2S_N160 gen=915
W5   0x34   gmii_free_FE           0x26fe064f
W14  0x58   tx_stat_frames_TCP     0x00539d63
W15  0x5C   tx_stat_bytes_TCP      0xdcdd2d80
W20  0x70   mac_tx_frames          0x00539d7f
W43  0xCC   mtx_stat_tx_words      0x26f81855
W51  0xEC   app_tx_bytes           0xdcd8c448
W55  0xFC   tx_stat_retx           0x0000001a
W57  0x104  tx_retx_hi             0x12357955
W58  0x108  tx_retx_active         0x00000000
W63  0x11C  app_frmwait_cyc        0x286ef072
W66  0x128  tx_stat_winstall       0xa54f3608
W67  0x12C  tx_winstall_cap        0x00a7e0ee
W68  0x130  rx_stat_ack_adv        0x00539c35
W69  0x134  tx_win_at_winstall     0xf53c0000
SNAP_END R4D2_C2S_N160 nff=0
SNAP_T 1791679171.550067047
SNAP_BEGIN R4D2_C2S_N161 gen=916
W5   0x34   gmii_free_FE           0x2880be21
W14  0x58   tx_stat_frames_TCP     0x00539d63
W15  0x5C   tx_stat_bytes_TCP      0xdcdd2d80
W20  0x70   mac_tx_frames          0x00539d7f
W43  0xCC   mtx_stat_tx_words      0x287acf33
W51  0xEC   app_tx_bytes           0xdcd8c448
W55  0xFC   tx_stat_retx           0x0000001a
W57  0x104  tx_retx_hi             0x12357955
W58  0x108  tx_retx_active         0x00000000
W63  0x11C  app_frmwait_cyc        0x286ef072
W66  0x128  tx_stat_winstall       0xa6b9c1ff
W67  0x12C  tx_winstall_cap        0x00a7e0ee
W68  0x130  rx_stat_ack_adv        0x00539c35
W69  0x134  tx_win_at_winstall     0xf53c0000
SNAP_END R4D2_C2S_N161 nff=0
SNAP_T 1791679171.713749387
SNAP_BEGIN R4D2_C2S_N162 gen=917
W5   0x34   gmii_free_FE           0x2a05fee4
W14  0x58   tx_stat_frames_TCP     0x00539d63
W15  0x5C   tx_stat_bytes_TCP      0xdcdd2d80
W20  0x70   mac_tx_frames          0x00539d7f
W43  0xCC   mtx_stat_tx_words      0x2a000eff
W51  0xEC   app_tx_bytes           0xdcd8c448
W55  0xFC   tx_stat_retx           0x0000001a
W57  0x104  tx_retx_hi             0x12357955
W58  0x108  tx_retx_active         0x00000000
W63  0x11C  app_frmwait_cyc        0x286ef072
W66  0x128  tx_stat_winstall       0xa826ae57
W67  0x12C  tx_winstall_cap        0x00a7e0ee
W68  0x130  rx_stat_ack_adv        0x00539c35
W69  0x134  tx_win_at_winstall     0xf53c0000
SNAP_END R4D2_C2S_N162 nff=0
SNAP_T 1791679171.875389612
SNAP_BEGIN R4D2_C2S_N163 gen=918
W5   0x34   gmii_free_FE           0x2b87f6a4
W14  0x58   tx_stat_frames_TCP     0x00539d63
W15  0x5C   tx_stat_bytes_TCP      0xdcdd2d80
W20  0x70   mac_tx_frames          0x00539d80
W43  0xCC   mtx_stat_tx_words      0x2b8205ca
W51  0xEC   app_tx_bytes           0xdcd8c448
W55  0xFC   tx_stat_retx           0x0000001a
W57  0x104  tx_retx_hi             0x12357955
W58  0x108  tx_retx_active         0x00000000
W63  0x11C  app_frmwait_cyc        0x286ef072
W66  0x128  tx_stat_winstall       0xa990863c
W67  0x12C  tx_winstall_cap        0x00a7e0ee
W68  0x130  rx_stat_ack_adv        0x00539c35
W69  0x134  tx_win_at_winstall     0xf53c0000
SNAP_END R4D2_C2S_N163 nff=0
SNAP_T 1791679172.037344355
SNAP_BEGIN R4D2_C2S_N164 gen=919
W5   0x34   gmii_free_FE           0x2d093f46
W14  0x58   tx_stat_frames_TCP     0x00539d63
W15  0x5C   tx_stat_bytes_TCP      0xdcdd2d80
W20  0x70   mac_tx_frames          0x00539d80
W43  0xCC   mtx_stat_tx_words      0x2d034d79
W51  0xEC   app_tx_bytes           0xdcd8c448
W55  0xFC   tx_stat_retx           0x0000001a
W57  0x104  tx_retx_hi             0x12357955
W58  0x108  tx_retx_active         0x00000000
W63  0x11C  app_frmwait_cyc        0x286ef072
W66  0x128  tx_stat_winstall       0xaaf9b9f6
W67  0x12C  tx_winstall_cap        0x00a7e0ee
W68  0x130  rx_stat_ack_adv        0x00539c35
W69  0x134  tx_win_at_winstall     0x00000000
SNAP_END R4D2_C2S_N164 nff=0
SNAP_T 1791679172.199363091
SNAP_BEGIN R4D2_C2S_N165 gen=920
W5   0x34   gmii_free_FE           0x2e889855
W14  0x58   tx_stat_frames_TCP     0x00539d63
W15  0x5C   tx_stat_bytes_TCP      0xdcdd2d80
W20  0x70   mac_tx_frames          0x00539d80
W43  0xCC   mtx_stat_tx_words      0x2e82a595
W51  0xEC   app_tx_bytes           0xdcd8c448
W55  0xFC   tx_stat_retx           0x0000001a
W57  0x104  tx_retx_hi             0x12357955
W58  0x108  tx_retx_active         0x00000000
W63  0x11C  app_frmwait_cyc        0x286ef072
W66  0x128  tx_stat_winstall       0xac611d17
W67  0x12C  tx_winstall_cap        0x00a7e0ee
W68  0x130  rx_stat_ack_adv        0x00539c35
W69  0x134  tx_win_at_winstall     0xf53c0000
SNAP_END R4D2_C2S_N165 nff=0
SNAP_T 1791679172.359594754
SNAP_BEGIN R4D2_C2S_N166 gen=921
W5   0x34   gmii_free_FE           0x30061e59
W14  0x58   tx_stat_frames_TCP     0x00539d63
W15  0x5C   tx_stat_bytes_TCP      0xdcdd2d80
W20  0x70   mac_tx_frames          0x00539d80
W43  0xCC   mtx_stat_tx_words      0x30002aa8
W51  0xEC   app_tx_bytes           0xdcd8c448
W55  0xFC   tx_stat_retx           0x0000001a
W57  0x104  tx_retx_hi             0x12357955
W58  0x108  tx_retx_active         0x00000000
W63  0x11C  app_frmwait_cyc        0x286ef072
W66  0x128  tx_stat_winstall       0xadc6ca5e
W67  0x12C  tx_winstall_cap        0x00a7e0ee
W68  0x130  rx_stat_ack_adv        0x00539c35
W69  0x134  tx_win_at_winstall     0xf53c0000
SNAP_END R4D2_C2S_N166 nff=0
SNAP_T 1791679172.519519975
SNAP_BEGIN R4D2_C2S_N167 gen=922
W5   0x34   gmii_free_FE           0x31843da4
W14  0x58   tx_stat_frames_TCP     0x00539d63
W15  0x5C   tx_stat_bytes_TCP      0xdcdd2d80
W20  0x70   mac_tx_frames          0x00539d80
W43  0xCC   mtx_stat_tx_words      0x317e4900
W51  0xEC   app_tx_bytes           0xdcd8c448
W55  0xFC   tx_stat_retx           0x0000001a
W57  0x104  tx_retx_hi             0x12357955
W58  0x108  tx_retx_active         0x00000000
W63  0x11C  app_frmwait_cyc        0x286ef072
W66  0x128  tx_stat_winstall       0xaf2d0756
W67  0x12C  tx_winstall_cap        0x00a7e0ee
W68  0x130  rx_stat_ack_adv        0x00539c35
W69  0x134  tx_win_at_winstall     0xf53c0000
SNAP_END R4D2_C2S_N167 nff=0
SNAP_T 1791679172.681743376
SNAP_BEGIN R4D2_C2S_N168 gen=923
W5   0x34   gmii_free_FE           0x330a7101
W14  0x58   tx_stat_frames_TCP     0x00539d63
W15  0x5C   tx_stat_bytes_TCP      0xdcdd2d80
W20  0x70   mac_tx_frames          0x00539d80
W43  0xCC   mtx_stat_tx_words      0x33047b66
W51  0xEC   app_tx_bytes           0xdcd8c448
W55  0xFC   tx_stat_retx           0x0000001a
W57  0x104  tx_retx_hi             0x12357955
W58  0x108  tx_retx_active         0x00000000
W63  0x11C  app_frmwait_cyc        0x286ef072
W66  0x128  tx_stat_winstall       0xb09ad71e
W67  0x12C  tx_winstall_cap        0x00a7e0ee
W68  0x130  rx_stat_ack_adv        0x00539c35
W69  0x134  tx_win_at_winstall     0xf53c0000
SNAP_END R4D2_C2S_N168 nff=0
SNAP_T 1791679172.843570212
SNAP_BEGIN R4D2_C2S_N169 gen=924
W5   0x34   gmii_free_FE           0x34880d58
W14  0x58   tx_stat_frames_TCP     0x00539d63
W15  0x5C   tx_stat_bytes_TCP      0xdcdd2d80
W20  0x70   mac_tx_frames          0x00539d80
W43  0xCC   mtx_stat_tx_words      0x348216cc
W51  0xEC   app_tx_bytes           0xdcd8c448
W55  0xFC   tx_stat_retx           0x0000001a
W57  0x104  tx_retx_hi             0x12357955
W58  0x108  tx_retx_active         0x00000000
W63  0x11C  app_frmwait_cyc        0x286ef072
W66  0x128  tx_stat_winstall       0xb2009953
W67  0x12C  tx_winstall_cap        0x00a7e0ee
W68  0x130  rx_stat_ack_adv        0x00539c35
W69  0x134  tx_win_at_winstall     0xf53c0000
SNAP_END R4D2_C2S_N169 nff=0
SNAP_T 1791679173.003675445
SNAP_BEGIN R4D2_C2S_N170 gen=925
W5   0x34   gmii_free_FE           0x360a3865
W14  0x58   tx_stat_frames_TCP     0x00539d63
W15  0x5C   tx_stat_bytes_TCP      0xdcdd2d80
W20  0x70   mac_tx_frames          0x00539d80
W43  0xCC   mtx_stat_tx_words      0x360440e5
W51  0xEC   app_tx_bytes           0xdcd8c448
W55  0xFC   tx_stat_retx           0x0000001a
W57  0x104  tx_retx_hi             0x12357955
W58  0x108  tx_retx_active         0x00000000
W63  0x11C  app_frmwait_cyc        0x286ef072
W66  0x128  tx_stat_winstall       0xb36aa151
W67  0x12C  tx_winstall_cap        0x00a7e0ee
W68  0x130  rx_stat_ack_adv        0x00539c35
W69  0x134  tx_win_at_winstall     0xf53c0000
SNAP_END R4D2_C2S_N170 nff=0
SNAP_T 1791679173.165925132
SNAP_BEGIN R4D2_C2S_N171 gen=926
W5   0x34   gmii_free_FE           0x378c6ed2
W14  0x58   tx_stat_frames_TCP     0x00539d63
W15  0x5C   tx_stat_bytes_TCP      0xdcdd2d80
W20  0x70   mac_tx_frames          0x00539d80
W43  0xCC   mtx_stat_tx_words      0x3786765d
W51  0xEC   app_tx_bytes           0xdcd8c448
W55  0xFC   tx_stat_retx           0x0000001a
W57  0x104  tx_retx_hi             0x12357955
W58  0x108  tx_retx_active         0x00000000
W63  0x11C  app_frmwait_cyc        0x286ef072
W66  0x128  tx_stat_winstall       0xb4d4b3f8
W67  0x12C  tx_winstall_cap        0x00a7e0ee
W68  0x130  rx_stat_ack_adv        0x00539c35
W69  0x134  tx_win_at_winstall     0xf53c0000
SNAP_END R4D2_C2S_N171 nff=0
SNAP_T 1791679173.327536282
SNAP_BEGIN R4D2_C2S_N172 gen=927
W5   0x34   gmii_free_FE           0x390a7065
W14  0x58   tx_stat_frames_TCP     0x00539d63
W15  0x5C   tx_stat_bytes_TCP      0xdcdd2d80
W20  0x70   mac_tx_frames          0x00539d81
W43  0xCC   mtx_stat_tx_words      0x390476ff
W51  0xEC   app_tx_bytes           0xdcd8c448
W55  0xFC   tx_stat_retx           0x0000001a
W57  0x104  tx_retx_hi             0x12357955
W58  0x108  tx_retx_active         0x00000000
W63  0x11C  app_frmwait_cyc        0x286ef072
W66  0x128  tx_stat_winstall       0xb63ad515
W67  0x12C  tx_winstall_cap        0x00a7e0ee
W68  0x130  rx_stat_ack_adv        0x00539c35
W69  0x134  tx_win_at_winstall     0xf53c0000
SNAP_END R4D2_C2S_N172 nff=0
SNAP_T 1791679173.487665358
SNAP_BEGIN R4D2_C2S_N173 gen=928
W5   0x34   gmii_free_FE           0x3a8bc416
W14  0x58   tx_stat_frames_TCP     0x00539d63
W15  0x5C   tx_stat_bytes_TCP      0xdcdd2d80
W20  0x70   mac_tx_frames          0x00539d81
W43  0xCC   mtx_stat_tx_words      0x3a85c9bb
W51  0xEC   app_tx_bytes           0xdcd8c448
W55  0xFC   tx_stat_retx           0x0000001a
W57  0x104  tx_retx_hi             0x12357955
W58  0x108  tx_retx_active         0x00000000
W63  0x11C  app_frmwait_cyc        0x286ef072
W66  0x128  tx_stat_winstall       0xb7a4132d
W67  0x12C  tx_winstall_cap        0x00a7e0ee
W68  0x130  rx_stat_ack_adv        0x00539c35
W69  0x134  tx_win_at_winstall     0xf53c0000
SNAP_END R4D2_C2S_N173 nff=0
SNAP_T 1791679173.649660702
SNAP_BEGIN R4D2_C2S_N174 gen=929
W5   0x34   gmii_free_FE           0x3c0a34dc
W14  0x58   tx_stat_frames_TCP     0x00539d63
W15  0x5C   tx_stat_bytes_TCP      0xdcdd2d80
W20  0x70   mac_tx_frames          0x00539d81
W43  0xCC   mtx_stat_tx_words      0x3c043990
W51  0xEC   app_tx_bytes           0xdcd8c448
W55  0xFC   tx_stat_retx           0x0000001a
W57  0x104  tx_retx_hi             0x12357955
W58  0x108  tx_retx_active         0x00000000
W63  0x11C  app_frmwait_cyc        0x286ef072
W66  0x128  tx_stat_winstall       0xb90a9c8a
W67  0x12C  tx_winstall_cap        0x00a7e0ee
W68  0x130  rx_stat_ack_adv        0x00539c35
W69  0x134  tx_win_at_winstall     0xf53c0000
SNAP_END R4D2_C2S_N174 nff=0
SNAP_T 1791679173.814097718
SNAP_BEGIN R4D2_C2S_N175 gen=930
W5   0x34   gmii_free_FE           0x3d957627
W14  0x58   tx_stat_frames_TCP     0x00539d63
W15  0x5C   tx_stat_bytes_TCP      0xdcdd2d80
W20  0x70   mac_tx_frames          0x00539d81
W43  0xCC   mtx_stat_tx_words      0x3d8f79e0
W51  0xEC   app_tx_bytes           0xdcd8c448
W55  0xFC   tx_stat_retx           0x0000001a
W57  0x104  tx_retx_hi             0x12357955
W58  0x108  tx_retx_active         0x00000000
W63  0x11C  app_frmwait_cyc        0x286ef072
W66  0x128  tx_stat_winstall       0xba7d295f
W67  0x12C  tx_winstall_cap        0x00a7e0ee
W68  0x130  rx_stat_ack_adv        0x00539c35
W69  0x134  tx_win_at_winstall     0xf53c0000
SNAP_END R4D2_C2S_N175 nff=0
SNAP_T 1791679173.975516896
SNAP_BEGIN R4D2_C2S_N176 gen=931
W5   0x34   gmii_free_FE           0x3f13a7eb
W14  0x58   tx_stat_frames_TCP     0x00539d63
W15  0x5C   tx_stat_bytes_TCP      0xdcdd2d80
W20  0x70   mac_tx_frames          0x00539d81
W43  0xCC   mtx_stat_tx_words      0x3f0daab2
W51  0xEC   app_tx_bytes           0xdcd8c448
W55  0xFC   tx_stat_retx           0x0000001a
W57  0x104  tx_retx_hi             0x12357955
W58  0x108  tx_retx_active         0x00000000
W63  0x11C  app_frmwait_cyc        0x286ef072
W66  0x128  tx_stat_winstall       0xbbe377a9
W67  0x12C  tx_winstall_cap        0x00a7e0ee
W68  0x130  rx_stat_ack_adv        0x00539c35
W69  0x134  tx_win_at_winstall     0xf53c0000
SNAP_END R4D2_C2S_N176 nff=0
SNAP_T 1791679174.136102870
SNAP_BEGIN R4D2_C2S_N177 gen=932
W5   0x34   gmii_free_FE           0x4091f799
W14  0x58   tx_stat_frames_TCP     0x00539d63
W15  0x5C   tx_stat_bytes_TCP      0xdcdd2d80
W20  0x70   mac_tx_frames          0x00539d81
W43  0xCC   mtx_stat_tx_words      0x408bf96e
W51  0xEC   app_tx_bytes           0xdcd8c448
W55  0xFC   tx_stat_retx           0x0000001a
W57  0x104  tx_retx_hi             0x12357955
W58  0x108  tx_retx_active         0x00000000
W63  0x11C  app_frmwait_cyc        0x286ef072
W66  0x128  tx_stat_winstall       0xbd49e1ff
W67  0x12C  tx_winstall_cap        0x00a7e0ee
W68  0x130  rx_stat_ack_adv        0x00539c35
W69  0x134  tx_win_at_winstall     0xf53c0000
SNAP_END R4D2_C2S_N177 nff=0
SNAP_T 1791679174.296145943
SNAP_BEGIN R4D2_C2S_N178 gen=933
W5   0x34   gmii_free_FE           0x4213f4fd
W14  0x58   tx_stat_frames_TCP     0x00539d63
W15  0x5C   tx_stat_bytes_TCP      0xdcdd2d80
W20  0x70   mac_tx_frames          0x00539d81
W43  0xCC   mtx_stat_tx_words      0x420df5de
W51  0xEC   app_tx_bytes           0xdcd8c448
W55  0xFC   tx_stat_retx           0x0000001a
W57  0x104  tx_retx_hi             0x12357955
W58  0x108  tx_retx_active         0x00000000
W63  0x11C  app_frmwait_cyc        0x286ef072
W66  0x128  tx_stat_winstall       0xbeb3bf2f
W67  0x12C  tx_winstall_cap        0x00a7e0ee
W68  0x130  rx_stat_ack_adv        0x00539c35
W69  0x134  tx_win_at_winstall     0xf53c0000
SNAP_END R4D2_C2S_N178 nff=0
SNAP_T 1791679174.458272917
SNAP_BEGIN R4D2_C2S_N179 gen=934
W5   0x34   gmii_free_FE           0x4396b4fc
W14  0x58   tx_stat_frames_TCP     0x00539d63
W15  0x5C   tx_stat_bytes_TCP      0xdcdd2d80
W20  0x70   mac_tx_frames          0x00539d81
W43  0xCC   mtx_stat_tx_words      0x4390b4e8
W51  0xEC   app_tx_bytes           0xdcd8c448
W55  0xFC   tx_stat_retx           0x0000001a
W57  0x104  tx_retx_hi             0x12357955
W58  0x108  tx_retx_active         0x00000000
W63  0x11C  app_frmwait_cyc        0x286ef072
W66  0x128  tx_stat_winstall       0xc01e52cf
W67  0x12C  tx_winstall_cap        0x00a7e0ee
W68  0x130  rx_stat_ack_adv        0x00539c35
W69  0x134  tx_win_at_winstall     0xf53c0000
SNAP_END R4D2_C2S_N179 nff=0
SNAP_T 1791679174.620296195
SNAP_BEGIN R4D2_C2S_N180 gen=935
W5   0x34   gmii_free_FE           0x45170eec
W14  0x58   tx_stat_frames_TCP     0x00539d63
W15  0x5C   tx_stat_bytes_TCP      0xdcdd2d80
W20  0x70   mac_tx_frames          0x00539d81
W43  0xCC   mtx_stat_tx_words      0x45110de5
W51  0xEC   app_tx_bytes           0xdcd8c448
W55  0xFC   tx_stat_retx           0x0000001a
W57  0x104  tx_retx_hi             0x12357955
W58  0x108  tx_retx_active         0x00000000
W63  0x11C  app_frmwait_cyc        0x286ef072
W66  0x128  tx_stat_winstall       0xc186a6c2
W67  0x12C  tx_winstall_cap        0x00a7e0ee
W68  0x130  rx_stat_ack_adv        0x00539c35
W69  0x134  tx_win_at_winstall     0xf53c0000
SNAP_END R4D2_C2S_N180 nff=0
SNAP_T 1791679174.781487925
SNAP_BEGIN R4D2_C2S_N181 gen=936
W5   0x34   gmii_free_FE           0x46954bcd
W14  0x58   tx_stat_frames_TCP     0x00539d63
W15  0x5C   tx_stat_bytes_TCP      0xdcdd2d80
W20  0x70   mac_tx_frames          0x00539d81
W43  0xCC   mtx_stat_tx_words      0x468f49d4
W51  0xEC   app_tx_bytes           0xdcd8c448
W55  0xFC   tx_stat_retx           0x0000001a
W57  0x104  tx_retx_hi             0x12357955
W58  0x108  tx_retx_active         0x00000000
W63  0x11C  app_frmwait_cyc        0x286ef072
W66  0x128  tx_stat_winstall       0xc2ecff78
W67  0x12C  tx_winstall_cap        0x00a7e0ee
W68  0x130  rx_stat_ack_adv        0x00539c35
W69  0x134  tx_win_at_winstall     0x00000000
SNAP_END R4D2_C2S_N181 nff=0
SNAP_T 1791679174.941614442
SNAP_BEGIN R4D2_C2S_N182 gen=937
W5   0x34   gmii_free_FE           0x48165241
W14  0x58   tx_stat_frames_TCP     0x00539d63
W15  0x5C   tx_stat_bytes_TCP      0xdcdd2d80
W20  0x70   mac_tx_frames          0x00539d81
W43  0xCC   mtx_stat_tx_words      0x48104f54
W51  0xEC   app_tx_bytes           0xdcd8c448
W55  0xFC   tx_stat_retx           0x0000001a
W57  0x104  tx_retx_hi             0x12357955
W58  0x108  tx_retx_active         0x00000000
W63  0x11C  app_frmwait_cyc        0x286ef072
W66  0x128  tx_stat_winstall       0xc455f527
W67  0x12C  tx_winstall_cap        0x00a7e0ee
W68  0x130  rx_stat_ack_adv        0x00539c35
W69  0x134  tx_win_at_winstall     0x00000000
SNAP_END R4D2_C2S_N182 nff=0
SNAP_T 1791679175.103308679
SNAP_BEGIN R4D2_C2S_N183 gen=938
W5   0x34   gmii_free_FE           0x499842fa
W14  0x58   tx_stat_frames_TCP     0x00539d63
W15  0x5C   tx_stat_bytes_TCP      0xdcdd2d80
W20  0x70   mac_tx_frames          0x00539d81
W43  0xCC   mtx_stat_tx_words      0x49923f18
W51  0xEC   app_tx_bytes           0xdcd8c448
W55  0xFC   tx_stat_retx           0x0000001a
W57  0x104  tx_retx_hi             0x12357955
W58  0x108  tx_retx_active         0x00000000
W63  0x11C  app_frmwait_cyc        0x286ef072
W66  0x128  tx_stat_winstall       0xc5bfc676
W67  0x12C  tx_winstall_cap        0x00a7e0ee
W68  0x130  rx_stat_ack_adv        0x00539c35
W69  0x134  tx_win_at_winstall     0xf53c0000
SNAP_END R4D2_C2S_N183 nff=0
SNAP_T 1791679175.266577458
SNAP_BEGIN R4D2_C2S_N184 gen=939
W5   0x34   gmii_free_FE           0x4b1d2948
W14  0x58   tx_stat_frames_TCP     0x00539d63
W15  0x5C   tx_stat_bytes_TCP      0xdcdd2d80
W20  0x70   mac_tx_frames          0x00539d81
W43  0xCC   mtx_stat_tx_words      0x4b172471
W51  0xEC   app_tx_bytes           0xdcd8c448
W55  0xFC   tx_stat_retx           0x0000001a
W57  0x104  tx_retx_hi             0x12357955
W58  0x108  tx_retx_active         0x00000000
W63  0x11C  app_frmwait_cyc        0x286ef072
W66  0x128  tx_stat_winstall       0xc72c5e01
W67  0x12C  tx_winstall_cap        0x00a7e0ee
W68  0x130  rx_stat_ack_adv        0x00539c35
W69  0x134  tx_win_at_winstall     0xf53c0000
SNAP_END R4D2_C2S_N184 nff=0
SNAP_T 1791679175.428604365
SNAP_BEGIN R4D2_C2S_N185 gen=940
W5   0x34   gmii_free_FE           0x4c9c6e7f
W14  0x58   tx_stat_frames_TCP     0x00539d63
W15  0x5C   tx_stat_bytes_TCP      0xdcdd2d80
W20  0x70   mac_tx_frames          0x00539d81
W43  0xCC   mtx_stat_tx_words      0x4c9668b5
W51  0xEC   app_tx_bytes           0xdcd8c448
W55  0xFC   tx_stat_retx           0x0000001a
W57  0x104  tx_retx_hi             0x12357955
W58  0x108  tx_retx_active         0x00000000
W63  0x11C  app_frmwait_cyc        0x286ef072
W66  0x128  tx_stat_winstall       0xc893ae86
W67  0x12C  tx_winstall_cap        0x00a7e0ee
W68  0x130  rx_stat_ack_adv        0x00539c35
W69  0x134  tx_win_at_winstall     0x00000000
SNAP_END R4D2_C2S_N185 nff=0
SNAP_T 1791679175.589425637
SNAP_BEGIN R4D2_C2S_N186 gen=941
W5   0x34   gmii_free_FE           0x4e1f49c4
W14  0x58   tx_stat_frames_TCP     0x00539d63
W15  0x5C   tx_stat_bytes_TCP      0xdcdd2d80
W20  0x70   mac_tx_frames          0x00539d81
W43  0xCC   mtx_stat_tx_words      0x4e194305
W51  0xEC   app_tx_bytes           0xdcd8c448
W55  0xFC   tx_stat_retx           0x0000001a
W57  0x104  tx_retx_hi             0x12357955
W58  0x108  tx_retx_active         0x00000000
W63  0x11C  app_frmwait_cyc        0x286ef072
W66  0x128  tx_stat_winstall       0xc9fe5bb8
W67  0x12C  tx_winstall_cap        0x00a7e0ee
W68  0x130  rx_stat_ack_adv        0x00539c35
W69  0x134  tx_win_at_winstall     0x00000000
SNAP_END R4D2_C2S_N186 nff=0
SNAP_T 1791679175.753263834
SNAP_BEGIN R4D2_C2S_N187 gen=942
W5   0x34   gmii_free_FE           0x4fa4ff7b
W14  0x58   tx_stat_frames_TCP     0x00539d63
W15  0x5C   tx_stat_bytes_TCP      0xdcdd2d80
W20  0x70   mac_tx_frames          0x00539d81
W43  0xCC   mtx_stat_tx_words      0x4f9ef7c5
W51  0xEC   app_tx_bytes           0xdcd8c448
W55  0xFC   tx_stat_retx           0x0000001a
W57  0x104  tx_retx_hi             0x12357955
W58  0x108  tx_retx_active         0x00000000
W63  0x11C  app_frmwait_cyc        0x286ef072
W66  0x128  tx_stat_winstall       0xcb6bb5b4
W67  0x12C  tx_winstall_cap        0x00a7e0ee
W68  0x130  rx_stat_ack_adv        0x00539c35
W69  0x134  tx_win_at_winstall     0xf53c0000
SNAP_END R4D2_C2S_N187 nff=0
SNAP_T 1791679175.914598474
SNAP_BEGIN R4D2_C2S_N188 gen=943
W5   0x34   gmii_free_FE           0x512320ad
W14  0x58   tx_stat_frames_TCP     0x00539d63
W15  0x5C   tx_stat_bytes_TCP      0xdcdd2d80
W20  0x70   mac_tx_frames          0x00539d81
W43  0xCC   mtx_stat_tx_words      0x511d1805
W51  0xEC   app_tx_bytes           0xdcd8c448
W55  0xFC   tx_stat_retx           0x0000001a
W57  0x104  tx_retx_hi             0x12357955
W58  0x108  tx_retx_active         0x00000000
W63  0x11C  app_frmwait_cyc        0x286ef072
W66  0x128  tx_stat_winstall       0xccd1f475
W67  0x12C  tx_winstall_cap        0x00a7e0ee
W68  0x130  rx_stat_ack_adv        0x00539c35
W69  0x134  tx_win_at_winstall     0xf53c0000
SNAP_END R4D2_C2S_N188 nff=0
SNAP_T 1791679176.087284572
SNAP_BEGIN R4D2_C2S_N189 gen=944
W5   0x34   gmii_free_FE           0x52c2cfb9
W14  0x58   tx_stat_frames_TCP     0x00539d63
W15  0x5C   tx_stat_bytes_TCP      0xdcdd2d80
W20  0x70   mac_tx_frames          0x00539d81
W43  0xCC   mtx_stat_tx_words      0x52bcc60a
W51  0xEC   app_tx_bytes           0xdcd8c448
W55  0xFC   tx_stat_retx           0x0000001a
W57  0x104  tx_retx_hi             0x12357955
W58  0x108  tx_retx_active         0x00000000
W63  0x11C  app_frmwait_cyc        0x286ef072
W66  0x128  tx_stat_winstall       0xce57a82c
W67  0x12C  tx_winstall_cap        0x00a7e0ee
W68  0x130  rx_stat_ack_adv        0x00539c35
W69  0x134  tx_win_at_winstall     0x00000000
SNAP_END R4D2_C2S_N189 nff=0
SNAP_T 1791679176.250921120
SNAP_BEGIN R4D2_C2S_N190 gen=945
W5   0x34   gmii_free_FE           0x54490429
W14  0x58   tx_stat_frames_TCP     0x00539d63
W15  0x5C   tx_stat_bytes_TCP      0xdcdd2d80
W20  0x70   mac_tx_frames          0x00539d82
W43  0xCC   mtx_stat_tx_words      0x5442f983
W51  0xEC   app_tx_bytes           0xdcd8c448
W55  0xFC   tx_stat_retx           0x0000001a
W57  0x104  tx_retx_hi             0x12357955
W58  0x108  tx_retx_active         0x00000000
W63  0x11C  app_frmwait_cyc        0x286ef072
W66  0x128  tx_stat_winstall       0xcfc578f6
W67  0x12C  tx_winstall_cap        0x00a7e0ee
W68  0x130  rx_stat_ack_adv        0x00539c35
W69  0x134  tx_win_at_winstall     0xf53c0000
SNAP_END R4D2_C2S_N190 nff=0
SNAP_T 1791679176.413306615
SNAP_BEGIN R4D2_C2S_N191 gen=946
W5   0x34   gmii_free_FE           0x55ca8aed
W14  0x58   tx_stat_frames_TCP     0x00539d63
W15  0x5C   tx_stat_bytes_TCP      0xdcdd2d80
W20  0x70   mac_tx_frames          0x00539d82
W43  0xCC   mtx_stat_tx_words      0x55c47f54
W51  0xEC   app_tx_bytes           0xdcd8c448
W55  0xFC   tx_stat_retx           0x0000001a
W57  0x104  tx_retx_hi             0x12357955
W58  0x108  tx_retx_active         0x00000000
W63  0x11C  app_frmwait_cyc        0x286ef072
W66  0x128  tx_stat_winstall       0xd12ee6f0
W67  0x12C  tx_winstall_cap        0x00a7e0ee
W68  0x130  rx_stat_ack_adv        0x00539c35
W69  0x134  tx_win_at_winstall     0xf53c0000
SNAP_END R4D2_C2S_N191 nff=0
SNAP_T 1791679176.574564805
SNAP_BEGIN R4D2_C2S_N192 gen=947
W5   0x34   gmii_free_FE           0x5747c487
W14  0x58   tx_stat_frames_TCP     0x00539d63
W15  0x5C   tx_stat_bytes_TCP      0xdcdd2d80
W20  0x70   mac_tx_frames          0x00539d82
W43  0xCC   mtx_stat_tx_words      0x5741b7fc
W51  0xEC   app_tx_bytes           0xdcd8c448
W55  0xFC   tx_stat_retx           0x0000001a
W57  0x104  tx_retx_hi             0x12357955
W58  0x108  tx_retx_active         0x00000000
W63  0x11C  app_frmwait_cyc        0x286ef072
W66  0x128  tx_stat_winstall       0xd2944c92
W67  0x12C  tx_winstall_cap        0x00a7e0ee
W68  0x130  rx_stat_ack_adv        0x00539c35
W69  0x134  tx_win_at_winstall     0x00000000
SNAP_END R4D2_C2S_N192 nff=0
SNAP_T 1791679176.734807954
SNAP_BEGIN R4D2_C2S_N193 gen=948
W5   0x34   gmii_free_FE           0x58c9c3d9
W14  0x58   tx_stat_frames_TCP     0x00539d63
W15  0x5C   tx_stat_bytes_TCP      0xdcdd2d80
W20  0x70   mac_tx_frames          0x00539d82
W43  0xCC   mtx_stat_tx_words      0x58c3b659
W51  0xEC   app_tx_bytes           0xdcd8c448
W55  0xFC   tx_stat_retx           0x0000001a
W57  0x104  tx_retx_hi             0x12357955
W58  0x108  tx_retx_active         0x00000000
W63  0x11C  app_frmwait_cyc        0x286ef072
W66  0x128  tx_stat_winstall       0xd3fe2b92
W67  0x12C  tx_winstall_cap        0x00a7e0ee
W68  0x130  rx_stat_ack_adv        0x00539c35
W69  0x134  tx_win_at_winstall     0xf53c0000
SNAP_END R4D2_C2S_N193 nff=0
SNAP_T 1791679176.897518459
SNAP_BEGIN R4D2_C2S_N194 gen=949
W5   0x34   gmii_free_FE           0x5a49a605
W14  0x58   tx_stat_frames_TCP     0x00539d63
W15  0x5C   tx_stat_bytes_TCP      0xdcdd2d80
W20  0x70   mac_tx_frames          0x00539d82
W43  0xCC   mtx_stat_tx_words      0x5a439793
W51  0xEC   app_tx_bytes           0xdcd8c448
W55  0xFC   tx_stat_retx           0x0000001a
W57  0x104  tx_retx_hi             0x12357955
W58  0x108  tx_retx_active         0x00000000
W63  0x11C  app_frmwait_cyc        0x286ef072
W66  0x128  tx_stat_winstall       0xd5660f3d
W67  0x12C  tx_winstall_cap        0x00a7e0ee
W68  0x130  rx_stat_ack_adv        0x00539c35
W69  0x134  tx_win_at_winstall     0xf53c0000
SNAP_END R4D2_C2S_N194 nff=0
SNAP_T 1791679177.057750315
SNAP_BEGIN R4D2_C2S_N195 gen=950
W5   0x34   gmii_free_FE           0x5bcbb365
W14  0x58   tx_stat_frames_TCP     0x00539d63
W15  0x5C   tx_stat_bytes_TCP      0xdcdd2d80
W20  0x70   mac_tx_frames          0x00539d82
W43  0xCC   mtx_stat_tx_words      0x5bc5a3fe
W51  0xEC   app_tx_bytes           0xdcd8c448
W55  0xFC   tx_stat_retx           0x0000001a
W57  0x104  tx_retx_hi             0x12357955
W58  0x108  tx_retx_active         0x00000000
W63  0x11C  app_frmwait_cyc        0x286ef072
W66  0x128  tx_stat_winstall       0xd6cffb69
W67  0x12C  tx_winstall_cap        0x00a7e0ee
W68  0x130  rx_stat_ack_adv        0x00539c35
W69  0x134  tx_win_at_winstall     0xf53c0000
SNAP_END R4D2_C2S_N195 nff=0
SNAP_T 1791679177.219238896
SNAP_BEGIN R4D2_C2S_N196 gen=951
W5   0x34   gmii_free_FE           0x5d4cf665
W14  0x58   tx_stat_frames_TCP     0x00539d63
W15  0x5C   tx_stat_bytes_TCP      0xdcdd2d80
W20  0x70   mac_tx_frames          0x00539d82
W43  0xCC   mtx_stat_tx_words      0x5d46e60a
W51  0xEC   app_tx_bytes           0xdcd8c448
W55  0xFC   tx_stat_retx           0x0000001a
W57  0x104  tx_retx_hi             0x12357955
W58  0x108  tx_retx_active         0x00000000
W63  0x11C  app_frmwait_cyc        0x286ef072
W66  0x128  tx_stat_winstall       0xd83929db
W67  0x12C  tx_winstall_cap        0x00a7e0ee
W68  0x130  rx_stat_ack_adv        0x00539c35
W69  0x134  tx_win_at_winstall     0xf53c0000
SNAP_END R4D2_C2S_N196 nff=0
SNAP_T 1791679177.381086968
SNAP_BEGIN R4D2_C2S_N197 gen=952
W5   0x34   gmii_free_FE           0x5ecf7218
W14  0x58   tx_stat_frames_TCP     0x00539d63
W15  0x5C   tx_stat_bytes_TCP      0xdcdd2d80
W20  0x70   mac_tx_frames          0x00539d82
W43  0xCC   mtx_stat_tx_words      0x5ec960c9
W51  0xEC   app_tx_bytes           0xdcd8c448
W55  0xFC   tx_stat_retx           0x0000001a
W57  0x104  tx_retx_hi             0x12357955
W58  0x108  tx_retx_active         0x00000000
W63  0x11C  app_frmwait_cyc        0x286ef072
W66  0x128  tx_stat_winstall       0xd9a37d74
W67  0x12C  tx_winstall_cap        0x00a7e0ee
W68  0x130  rx_stat_ack_adv        0x00539c35
W69  0x134  tx_win_at_winstall     0xf53c0000
SNAP_END R4D2_C2S_N197 nff=0
SNAP_T 1791679177.543213081
SNAP_BEGIN R4D2_C2S_N198 gen=953
W5   0x34   gmii_free_FE           0x6050dd29
W14  0x58   tx_stat_frames_TCP     0x00539d63
W15  0x5C   tx_stat_bytes_TCP      0xdcdd2d80
W20  0x70   mac_tx_frames          0x00539d82
W43  0xCC   mtx_stat_tx_words      0x604acae5
W51  0xEC   app_tx_bytes           0xdcd8c448
W55  0xFC   tx_stat_retx           0x0000001a
W57  0x104  tx_retx_hi             0x12357955
W58  0x108  tx_retx_active         0x00000000
W63  0x11C  app_frmwait_cyc        0x286ef072
W66  0x128  tx_stat_winstall       0xdb0cd176
W67  0x12C  tx_winstall_cap        0x00a7e0ee
W68  0x130  rx_stat_ack_adv        0x00539c35
W69  0x134  tx_win_at_winstall     0xf53c0000
SNAP_END R4D2_C2S_N198 nff=0
SNAP_T 1791679177.704701524
SNAP_BEGIN R4D2_C2S_N199 gen=954
W5   0x34   gmii_free_FE           0x61d28542
W14  0x58   tx_stat_frames_TCP     0x00539d63
W15  0x5C   tx_stat_bytes_TCP      0xdcdd2d80
W20  0x70   mac_tx_frames          0x00539d82
W43  0xCC   mtx_stat_tx_words      0x61cc720a
W51  0xEC   app_tx_bytes           0xdcd8c448
W55  0xFC   tx_stat_retx           0x0000001a
W57  0x104  tx_retx_hi             0x12357955
W58  0x108  tx_retx_active         0x00000000
W63  0x11C  app_frmwait_cyc        0x286ef072
W66  0x128  tx_stat_winstall       0xdc765eaf
W67  0x12C  tx_winstall_cap        0x00a7e0ee
W68  0x130  rx_stat_ack_adv        0x00539c35
W69  0x134  tx_win_at_winstall     0xf53c0000
SNAP_END R4D2_C2S_N199 nff=0
SNAP_T 1791679177.866571113
SNAP_BEGIN R4D2_C2S_N200 gen=955
W5   0x34   gmii_free_FE           0x63503b3a
W14  0x58   tx_stat_frames_TCP     0x00539d63
W15  0x5C   tx_stat_bytes_TCP      0xdcdd2d80
W20  0x70   mac_tx_frames          0x00539d82
W43  0xCC   mtx_stat_tx_words      0x634a2711
W51  0xEC   app_tx_bytes           0xdcd8c448
W55  0xFC   tx_stat_retx           0x0000001a
W57  0x104  tx_retx_hi             0x12357955
W58  0x108  tx_retx_active         0x00000000
W63  0x11C  app_frmwait_cyc        0x286ef072
W66  0x128  tx_stat_winstall       0xdddc38ea
W67  0x12C  tx_winstall_cap        0x00a7e0ee
W68  0x130  rx_stat_ack_adv        0x00539c35
W69  0x134  tx_win_at_winstall     0xf53c0000
SNAP_END R4D2_C2S_N200 nff=0
SNAP_T 1791679178.027626062
SNAP_BEGIN R4D2_C2S_N201 gen=956
W5   0x34   gmii_free_FE           0x64d51080
W14  0x58   tx_stat_frames_TCP     0x00539d63
W15  0x5C   tx_stat_bytes_TCP      0xdcdd2d80
W20  0x70   mac_tx_frames          0x00539d82
W43  0xCC   mtx_stat_tx_words      0x64cefb61
W51  0xEC   app_tx_bytes           0xdcd8c448
W55  0xFC   tx_stat_retx           0x0000001a
W57  0x104  tx_retx_hi             0x12357955
W58  0x108  tx_retx_active         0x00000000
W63  0x11C  app_frmwait_cyc        0x286ef072
W66  0x128  tx_stat_winstall       0xdf48c07d
W67  0x12C  tx_winstall_cap        0x00a7e0ee
W68  0x130  rx_stat_ack_adv        0x00539c35
W69  0x134  tx_win_at_winstall     0xf53c0000
SNAP_END R4D2_C2S_N201 nff=0
SNAP_T 1791679178.189793896
SNAP_BEGIN R4D2_C2S_N202 gen=957
W5   0x34   gmii_free_FE           0x6656e4db
W14  0x58   tx_stat_frames_TCP     0x00539d63
W15  0x5C   tx_stat_bytes_TCP      0xdcdd2d80
W20  0x70   mac_tx_frames          0x00539d82
W43  0xCC   mtx_stat_tx_words      0x6650cec7
W51  0xEC   app_tx_bytes           0xdcd8c448
W55  0xFC   tx_stat_retx           0x0000001a
W57  0x104  tx_retx_hi             0x12357955
W58  0x108  tx_retx_active         0x00000000
W63  0x11C  app_frmwait_cyc        0x286ef072
W66  0x128  tx_stat_winstall       0xe0b27734
W67  0x12C  tx_winstall_cap        0x00a7e0ee
W68  0x130  rx_stat_ack_adv        0x00539c35
W69  0x134  tx_win_at_winstall     0xf53c0000
SNAP_END R4D2_C2S_N202 nff=0
SNAP_T 1791679178.352017260
SNAP_BEGIN R4D2_C2S_N203 gen=958
W5   0x34   gmii_free_FE           0x67d755e3
W14  0x58   tx_stat_frames_TCP     0x00539d63
W15  0x5C   tx_stat_bytes_TCP      0xdcdd2d80
W20  0x70   mac_tx_frames          0x00539d82
W43  0xCC   mtx_stat_tx_words      0x67d13edc
W51  0xEC   app_tx_bytes           0xdcd8c448
W55  0xFC   tx_stat_retx           0x0000001a
W57  0x104  tx_retx_hi             0x12357955
W58  0x108  tx_retx_active         0x00000000
W63  0x11C  app_frmwait_cyc        0x286ef072
W66  0x128  tx_stat_winstall       0xe21ae0ce
W67  0x12C  tx_winstall_cap        0x00a7e0ee
W68  0x130  rx_stat_ack_adv        0x00539c35
W69  0x134  tx_win_at_winstall     0xf53c0000
SNAP_END R4D2_C2S_N203 nff=0
SNAP_T 1791679178.513165541
SNAP_BEGIN R4D2_C2S_N204 gen=959
W5   0x34   gmii_free_FE           0x695972aa
W14  0x58   tx_stat_frames_TCP     0x00539d63
W15  0x5C   tx_stat_bytes_TCP      0xdcdd2d80
W20  0x70   mac_tx_frames          0x00539d82
W43  0xCC   mtx_stat_tx_words      0x69535aae
W51  0xEC   app_tx_bytes           0xdcd8c448
W55  0xFC   tx_stat_retx           0x0000001a
W57  0x104  tx_retx_hi             0x12357955
W58  0x108  tx_retx_active         0x00000000
W63  0x11C  app_frmwait_cyc        0x286ef072
W66  0x128  tx_stat_winstall       0xe384db6a
W67  0x12C  tx_winstall_cap        0x00a7e0ee
W68  0x130  rx_stat_ack_adv        0x00539c35
W69  0x134  tx_win_at_winstall     0xf53c0000
SNAP_END R4D2_C2S_N204 nff=0
SNAP_T 1791679178.674965446
SNAP_BEGIN R4D2_C2S_N205 gen=960
W5   0x34   gmii_free_FE           0x6adb726f
W14  0x58   tx_stat_frames_TCP     0x00539d63
W15  0x5C   tx_stat_bytes_TCP      0xdcdd2d80
W20  0x70   mac_tx_frames          0x00539d82
W43  0xCC   mtx_stat_tx_words      0x6ad5597f
W51  0xEC   app_tx_bytes           0xdcd8c448
W55  0xFC   tx_stat_retx           0x0000001a
W57  0x104  tx_retx_hi             0x12357955
W58  0x108  tx_retx_active         0x00000000
W63  0x11C  app_frmwait_cyc        0x286ef072
W66  0x128  tx_stat_winstall       0xe4eebad4
W67  0x12C  tx_winstall_cap        0x00a7e0ee
W68  0x130  rx_stat_ack_adv        0x00539c35
W69  0x134  tx_win_at_winstall     0xf53c0000
SNAP_END R4D2_C2S_N205 nff=0
SNAP_T 1791679178.837648551
SNAP_BEGIN R4D2_C2S_N206 gen=961
W5   0x34   gmii_free_FE           0x6c5e9134
W14  0x58   tx_stat_frames_TCP     0x00539d63
W15  0x5C   tx_stat_bytes_TCP      0xdcdd2d80
W20  0x70   mac_tx_frames          0x00539d82
W43  0xCC   mtx_stat_tx_words      0x6c58774f
W51  0xEC   app_tx_bytes           0xdcd8c448
W55  0xFC   tx_stat_retx           0x0000001a
W57  0x104  tx_retx_hi             0x12357955
W58  0x108  tx_retx_active         0x00000000
W63  0x11C  app_frmwait_cyc        0x286ef072
W66  0x128  tx_stat_winstall       0xe659a74e
W67  0x12C  tx_winstall_cap        0x00a7e0ee
W68  0x130  rx_stat_ack_adv        0x00539c35
W69  0x134  tx_win_at_winstall     0xf53c0000
SNAP_END R4D2_C2S_N206 nff=0
SNAP_T 1791679178.999519690
SNAP_BEGIN R4D2_C2S_N207 gen=962
W5   0x34   gmii_free_FE           0x6de19b0e
W14  0x58   tx_stat_frames_TCP     0x00539d63
W15  0x5C   tx_stat_bytes_TCP      0xdcdd2d80
W20  0x70   mac_tx_frames          0x00539d82
W43  0xCC   mtx_stat_tx_words      0x6ddb8034
W51  0xEC   app_tx_bytes           0xdcd8c448
W55  0xFC   tx_stat_retx           0x0000001a
W57  0x104  tx_retx_hi             0x12357955
W58  0x108  tx_retx_active         0x00000000
W63  0x11C  app_frmwait_cyc        0x286ef072
W66  0x128  tx_stat_winstall       0xe7c4802b
W67  0x12C  tx_winstall_cap        0x00a7e0ee
W68  0x130  rx_stat_ack_adv        0x00539c35
W69  0x134  tx_win_at_winstall     0xf53c0000
SNAP_END R4D2_C2S_N207 nff=0
SNAP_T 1791679179.162355701
SNAP_BEGIN R4D2_C2S_N208 gen=963
W5   0x34   gmii_free_FE           0x6f662dbb
W14  0x58   tx_stat_frames_TCP     0x00539d63
W15  0x5C   tx_stat_bytes_TCP      0xdcdd2d80
W20  0x70   mac_tx_frames          0x00539d82
W43  0xCC   mtx_stat_tx_words      0x6f6011eb
W51  0xEC   app_tx_bytes           0xdcd8c448
W55  0xFC   tx_stat_retx           0x0000001a
W57  0x104  tx_retx_hi             0x12357955
W58  0x108  tx_retx_active         0x00000000
W63  0x11C  app_frmwait_cyc        0x286ef072
W66  0x128  tx_stat_winstall       0xe930c950
W67  0x12C  tx_winstall_cap        0x00a7e0ee
W68  0x130  rx_stat_ack_adv        0x00539c35
W69  0x134  tx_win_at_winstall     0xf53c0000
SNAP_END R4D2_C2S_N208 nff=0
SNAP_T 1791679179.325140768
SNAP_BEGIN R4D2_C2S_N209 gen=964
W5   0x34   gmii_free_FE           0x70e9313d
W14  0x58   tx_stat_frames_TCP     0x00539d63
W15  0x5C   tx_stat_bytes_TCP      0xdcdd2d80
W20  0x70   mac_tx_frames          0x00539d82
W43  0xCC   mtx_stat_tx_words      0x70e31478
W51  0xEC   app_tx_bytes           0xdcd8c448
W55  0xFC   tx_stat_retx           0x0000001a
W57  0x104  tx_retx_hi             0x12357955
W58  0x108  tx_retx_active         0x00000000
W63  0x11C  app_frmwait_cyc        0x286ef072
W66  0x128  tx_stat_winstall       0xea9b9c3b
W67  0x12C  tx_winstall_cap        0x00a7e0ee
W68  0x130  rx_stat_ack_adv        0x00539c35
W69  0x134  tx_win_at_winstall     0xf53c0000
SNAP_END R4D2_C2S_N209 nff=0
SNAP_T 1791679179.487088763
SNAP_BEGIN R4D2_C2S_N210 gen=965
W5   0x34   gmii_free_FE           0x726cc117
W14  0x58   tx_stat_frames_TCP     0x00539d63
W15  0x5C   tx_stat_bytes_TCP      0xdcdd2d80
W20  0x70   mac_tx_frames          0x00539d82
W43  0xCC   mtx_stat_tx_words      0x7266a35c
W51  0xEC   app_tx_bytes           0xdcd8c448
W55  0xFC   tx_stat_retx           0x0000001a
W57  0x104  tx_retx_hi             0x12357955
W58  0x108  tx_retx_active         0x00000000
W63  0x11C  app_frmwait_cyc        0x286ef072
W66  0x128  tx_stat_winstall       0xec06f2b8
W67  0x12C  tx_winstall_cap        0x00a7e0ee
W68  0x130  rx_stat_ack_adv        0x00539c35
W69  0x134  tx_win_at_winstall     0xf53c0000
SNAP_END R4D2_C2S_N210 nff=0
SNAP_T 1791679179.649753198
SNAP_BEGIN R4D2_C2S_N211 gen=966
W5   0x34   gmii_free_FE           0x73ef9fe5
W14  0x58   tx_stat_frames_TCP     0x00539d63
W15  0x5C   tx_stat_bytes_TCP      0xdcdd2d80
W20  0x70   mac_tx_frames          0x00539d82
W43  0xCC   mtx_stat_tx_words      0x73e98136
W51  0xEC   app_tx_bytes           0xdcd8c448
W55  0xFC   tx_stat_retx           0x0000001a
W57  0x104  tx_retx_hi             0x12357955
W58  0x108  tx_retx_active         0x00000000
W63  0x11C  app_frmwait_cyc        0x286ef072
W66  0x128  tx_stat_winstall       0xed71a33b
W67  0x12C  tx_winstall_cap        0x00a7e0ee
W68  0x130  rx_stat_ack_adv        0x00539c35
W69  0x134  tx_win_at_winstall     0xf53c0000
SNAP_END R4D2_C2S_N211 nff=0
SNAP_T 1791679179.811369679
SNAP_BEGIN R4D2_C2S_N212 gen=967
W5   0x34   gmii_free_FE           0x75725ec5
W14  0x58   tx_stat_frames_TCP     0x00539d63
W15  0x5C   tx_stat_bytes_TCP      0xdcdd2d80
W20  0x70   mac_tx_frames          0x00539d82
W43  0xCC   mtx_stat_tx_words      0x756c3f21
W51  0xEC   app_tx_bytes           0xdcd8c448
W55  0xFC   tx_stat_retx           0x0000001a
W57  0x104  tx_retx_hi             0x12357955
W58  0x108  tx_retx_active         0x00000000
W63  0x11C  app_frmwait_cyc        0x286ef072
W66  0x128  tx_stat_winstall       0xeedc35ce
W67  0x12C  tx_winstall_cap        0x00a7e0ee
W68  0x130  rx_stat_ack_adv        0x00539c35
W69  0x134  tx_win_at_winstall     0xf53c0000
SNAP_END R4D2_C2S_N212 nff=0
SNAP_T 1791679179.976592886
SNAP_BEGIN R4D2_C2S_N213 gen=968
W5   0x34   gmii_free_FE           0x76fae77e
W14  0x58   tx_stat_frames_TCP     0x00539d63
W15  0x5C   tx_stat_bytes_TCP      0xdcdd2d80
W20  0x70   mac_tx_frames          0x00539d82
W43  0xCC   mtx_stat_tx_words      0x76f4c6e1
W51  0xEC   app_tx_bytes           0xdcd8c448
W55  0xFC   tx_stat_retx           0x0000001a
W57  0x104  tx_retx_hi             0x12357955
W58  0x108  tx_retx_active         0x00000000
W63  0x11C  app_frmwait_cyc        0x286ef072
W66  0x128  tx_stat_winstall       0xf04c359b
W67  0x12C  tx_winstall_cap        0x00a7e0ee
W68  0x130  rx_stat_ack_adv        0x00539c35
W69  0x134  tx_win_at_winstall     0xf53c0000
SNAP_END R4D2_C2S_N213 nff=0
SNAP_T 1791679180.139699892
SNAP_BEGIN R4D2_C2S_N214 gen=969
W5   0x34   gmii_free_FE           0x787cccfd
W14  0x58   tx_stat_frames_TCP     0x00539d63
W15  0x5C   tx_stat_bytes_TCP      0xdcdd2d80
W20  0x70   mac_tx_frames          0x00539d82
W43  0xCC   mtx_stat_tx_words      0x7876ab6c
W51  0xEC   app_tx_bytes           0xdcd8c448
W55  0xFC   tx_stat_retx           0x0000001a
W57  0x104  tx_retx_hi             0x12357955
W58  0x108  tx_retx_active         0x00000000
W63  0x11C  app_frmwait_cyc        0x286ef072
W66  0x128  tx_stat_winstall       0xf1b5fc64
W67  0x12C  tx_winstall_cap        0x00a7e0ee
W68  0x130  rx_stat_ack_adv        0x00539c35
W69  0x134  tx_win_at_winstall     0xf53c0000
SNAP_END R4D2_C2S_N214 nff=0
SNAP_T 1791679180.300081811
SNAP_BEGIN R4D2_C2S_N215 gen=970
W5   0x34   gmii_free_FE           0x79fa2cc8
W14  0x58   tx_stat_frames_TCP     0x00539d63
W15  0x5C   tx_stat_bytes_TCP      0xdcdd2d80
W20  0x70   mac_tx_frames          0x00539d82
W43  0xCC   mtx_stat_tx_words      0x79f40a46
W51  0xEC   app_tx_bytes           0xdcd8c448
W55  0xFC   tx_stat_retx           0x0000001a
W57  0x104  tx_retx_hi             0x12357955
W58  0x108  tx_retx_active         0x00000000
W63  0x11C  app_frmwait_cyc        0x286ef072
W66  0x128  tx_stat_winstall       0xf31b85d6
W67  0x12C  tx_winstall_cap        0x00a7e0ee
W68  0x130  rx_stat_ack_adv        0x00539c35
W69  0x134  tx_win_at_winstall     0xf53c0000
SNAP_END R4D2_C2S_N215 nff=0
SNAP_T 1791679180.459950376
SNAP_BEGIN R4D2_C2S_N216 gen=971
W5   0x34   gmii_free_FE           0x7b7787a5
W14  0x58   tx_stat_frames_TCP     0x00539d63
W15  0x5C   tx_stat_bytes_TCP      0xdcdd2d80
W20  0x70   mac_tx_frames          0x00539d82
W43  0xCC   mtx_stat_tx_words      0x7b716431
W51  0xEC   app_tx_bytes           0xdcd8c448
W55  0xFC   tx_stat_retx           0x0000001a
W57  0x104  tx_retx_hi             0x12357955
W58  0x108  tx_retx_active         0x00000000
W63  0x11C  app_frmwait_cyc        0x286ef072
W66  0x128  tx_stat_winstall       0xf4810aa7
W67  0x12C  tx_winstall_cap        0x00a7e0ee
W68  0x130  rx_stat_ack_adv        0x00539c35
W69  0x134  tx_win_at_winstall     0x00000000
SNAP_END R4D2_C2S_N216 nff=0
SNAP_T 1791679180.620101818
SNAP_BEGIN R4D2_C2S_N217 gen=972
W5   0x34   gmii_free_FE           0x7cf8aaaa
W14  0x58   tx_stat_frames_TCP     0x00539d63
W15  0x5C   tx_stat_bytes_TCP      0xdcdd2d80
W20  0x70   mac_tx_frames          0x00539d82
W43  0xCC   mtx_stat_tx_words      0x7cf28643
W51  0xEC   app_tx_bytes           0xdcd8c448
W55  0xFC   tx_stat_retx           0x0000001a
W57  0x104  tx_retx_hi             0x12357955
W58  0x108  tx_retx_active         0x00000000
W63  0x11C  app_frmwait_cyc        0x286ef072
W66  0x128  tx_stat_winstall       0xf5ea1b1e
W67  0x12C  tx_winstall_cap        0x00a7e0ee
W68  0x130  rx_stat_ack_adv        0x00539c35
W69  0x134  tx_win_at_winstall     0xf53c0000
SNAP_END R4D2_C2S_N217 nff=0
SNAP_T 1791679180.781710809
SNAP_BEGIN R4D2_C2S_N218 gen=973
W5   0x34   gmii_free_FE           0x7e7a89ab
W14  0x58   tx_stat_frames_TCP     0x00539d63
W15  0x5C   tx_stat_bytes_TCP      0xdcdd2d80
W20  0x70   mac_tx_frames          0x00539d82
W43  0xCC   mtx_stat_tx_words      0x7e74644f
W51  0xEC   app_tx_bytes           0xdcd8c448
W55  0xFC   tx_stat_retx           0x0000001a
W57  0x104  tx_retx_hi             0x12357955
W58  0x108  tx_retx_active         0x00000000
W63  0x11C  app_frmwait_cyc        0x286ef072
W66  0x128  tx_stat_winstall       0xf753dbd1
W67  0x12C  tx_winstall_cap        0x00a7e0ee
W68  0x130  rx_stat_ack_adv        0x00539c35
W69  0x134  tx_win_at_winstall     0xf53c0000
SNAP_END R4D2_C2S_N218 nff=0
SNAP_T 1791679180.943096912
SNAP_BEGIN R4D2_C2S_N219 gen=974
W5   0x34   gmii_free_FE           0x7ff76094
W14  0x58   tx_stat_frames_TCP     0x00539d63
W15  0x5C   tx_stat_bytes_TCP      0xdcdd2d80
W20  0x70   mac_tx_frames          0x00539d82
W43  0xCC   mtx_stat_tx_words      0x7ff13a47
W51  0xEC   app_tx_bytes           0xdcd8c448
W55  0xFC   tx_stat_retx           0x0000001a
W57  0x104  tx_retx_hi             0x12357955
W58  0x108  tx_retx_active         0x00000000
W63  0x11C  app_frmwait_cyc        0x286ef072
W66  0x128  tx_stat_winstall       0xf8b8e4ee
W67  0x12C  tx_winstall_cap        0x00a7e0ee
W68  0x130  rx_stat_ack_adv        0x00539c35
W69  0x134  tx_win_at_winstall     0xf53c0000
SNAP_END R4D2_C2S_N219 nff=0
SNAP_T 1791679181.103396379
SNAP_BEGIN R4D2_C2S_N220 gen=975
W5   0x34   gmii_free_FE           0x81797df0
W14  0x58   tx_stat_frames_TCP     0x00539d63
W15  0x5C   tx_stat_bytes_TCP      0xdcdd2d80
W20  0x70   mac_tx_frames          0x00539d82
W43  0xCC   mtx_stat_tx_words      0x817356ae
W51  0xEC   app_tx_bytes           0xdcd8c448
W55  0xFC   tx_stat_retx           0x0000001a
W57  0x104  tx_retx_hi             0x12357955
W58  0x108  tx_retx_active         0x00000000
W63  0x11C  app_frmwait_cyc        0x286ef072
W66  0x128  tx_stat_winstall       0xfa22e016
W67  0x12C  tx_winstall_cap        0x00a7e0ee
W68  0x130  rx_stat_ack_adv        0x00539c35
W69  0x134  tx_win_at_winstall     0xf53c0000
SNAP_END R4D2_C2S_N220 nff=0
SNAP_T 1791679181.265061723
SNAP_BEGIN R4D2_C2S_N221 gen=976
W5   0x34   gmii_free_FE           0x82f70f8b
W14  0x58   tx_stat_frames_TCP     0x00539d63
W15  0x5C   tx_stat_bytes_TCP      0xdcdd2d80
W20  0x70   mac_tx_frames          0x00539d82
W43  0xCC   mtx_stat_tx_words      0x82f0e758
W51  0xEC   app_tx_bytes           0xdcd8c448
W55  0xFC   tx_stat_retx           0x0000001a
W57  0x104  tx_retx_hi             0x12357955
W58  0x108  tx_retx_active         0x00000000
W63  0x11C  app_frmwait_cyc        0x286ef072
W66  0x128  tx_stat_winstall       0xfb88983a
W67  0x12C  tx_winstall_cap        0x00a7e0ee
W68  0x130  rx_stat_ack_adv        0x00539c35
W69  0x134  tx_win_at_winstall     0xf53c0000
SNAP_END R4D2_C2S_N221 nff=0
SNAP_T 1791679181.425386310
SNAP_BEGIN R4D2_C2S_N222 gen=977
W5   0x34   gmii_free_FE           0x8475d732
W14  0x58   tx_stat_frames_TCP     0x00539d63
W15  0x5C   tx_stat_bytes_TCP      0xdcdd2d80
W20  0x70   mac_tx_frames          0x00539d82
W43  0xCC   mtx_stat_tx_words      0x846fae0c
W51  0xEC   app_tx_bytes           0xdcd8c448
W55  0xFC   tx_stat_retx           0x0000001a
W57  0x104  tx_retx_hi             0x12357955
W58  0x108  tx_retx_active         0x00000000
W63  0x11C  app_frmwait_cyc        0x286ef072
W66  0x128  tx_stat_winstall       0xfcef7308
W67  0x12C  tx_winstall_cap        0x00a7e0ee
W68  0x130  rx_stat_ack_adv        0x00539c35
W69  0x134  tx_win_at_winstall     0xf53c0000
SNAP_END R4D2_C2S_N222 nff=0
SNAP_T 1791679181.585807561
SNAP_BEGIN R4D2_C2S_N223 gen=978
W5   0x34   gmii_free_FE           0x85f793c8
W14  0x58   tx_stat_frames_TCP     0x00539d63
W15  0x5C   tx_stat_bytes_TCP      0xdcdd2d80
W20  0x70   mac_tx_frames          0x00539d82
W43  0xCC   mtx_stat_tx_words      0x85f169ae
W51  0xEC   app_tx_bytes           0xdcd8c448
W55  0xFC   tx_stat_retx           0x0000001a
W57  0x104  tx_retx_hi             0x12357955
W58  0x108  tx_retx_active         0x00000000
W63  0x11C  app_frmwait_cyc        0x286ef072
W66  0x128  tx_stat_winstall       0xfe591377
W67  0x12C  tx_winstall_cap        0x00a7e0ee
W68  0x130  rx_stat_ack_adv        0x00539c35
W69  0x134  tx_win_at_winstall     0xf53c0000
SNAP_END R4D2_C2S_N223 nff=0
SNAP_T 1791679181.747745847
SNAP_BEGIN R4D2_C2S_N224 gen=979
W5   0x34   gmii_free_FE           0x8775d883
W14  0x58   tx_stat_frames_TCP     0x00539d63
W15  0x5C   tx_stat_bytes_TCP      0xdcdd2d80
W20  0x70   mac_tx_frames          0x00539d82
W43  0xCC   mtx_stat_tx_words      0x876fad77
W51  0xEC   app_tx_bytes           0xdcd8c448
W55  0xFC   tx_stat_retx           0x0000001a
W57  0x104  tx_retx_hi             0x12357955
W58  0x108  tx_retx_active         0x00000000
W63  0x11C  app_frmwait_cyc        0x286ef072
W66  0x128  tx_stat_winstall       0xffbf738a
W67  0x12C  tx_winstall_cap        0x00a7e0ee
W68  0x130  rx_stat_ack_adv        0x00539c35
W69  0x134  tx_win_at_winstall     0xf53c0000
SNAP_END R4D2_C2S_N224 nff=0
SNAP_T 1791679181.908905949
SNAP_BEGIN R4D2_C2S_N225 gen=980
W5   0x34   gmii_free_FE           0x88f9e555
W14  0x58   tx_stat_frames_TCP     0x00539d63
W15  0x5C   tx_stat_bytes_TCP      0xdcdd2d80
W20  0x70   mac_tx_frames          0x00539d82
W43  0xCC   mtx_stat_tx_words      0x88f3b953
W51  0xEC   app_tx_bytes           0xdcd8c448
W55  0xFC   tx_stat_retx           0x0000001a
W57  0x104  tx_retx_hi             0x12357955
W58  0x108  tx_retx_active         0x00000000
W63  0x11C  app_frmwait_cyc        0x286ef072
W66  0x128  tx_stat_winstall       0x012b3f30
W67  0x12C  tx_winstall_cap        0x00a7e0ee
W68  0x130  rx_stat_ack_adv        0x00539c35
W69  0x134  tx_win_at_winstall     0xf53c0000
SNAP_END R4D2_C2S_N225 nff=0
SNAP_T 1791679182.071231069
SNAP_BEGIN R4D2_C2S_N226 gen=981
W5   0x34   gmii_free_FE           0x8a7dca81
W14  0x58   tx_stat_frames_TCP     0x00539d63
W15  0x5C   tx_stat_bytes_TCP      0xdcdd2d80
W20  0x70   mac_tx_frames          0x00539d82
W43  0xCC   mtx_stat_tx_words      0x8a779d8a
W51  0xEC   app_tx_bytes           0xdcd8c448
W55  0xFC   tx_stat_retx           0x0000001a
W57  0x104  tx_retx_hi             0x12357955
W58  0x108  tx_retx_active         0x00000000
W63  0x11C  app_frmwait_cyc        0x286ef072
W66  0x128  tx_stat_winstall       0x0296e5a9
W67  0x12C  tx_winstall_cap        0x00a7e0ee
W68  0x130  rx_stat_ack_adv        0x00539c35
W69  0x134  tx_win_at_winstall     0xf53c0000
SNAP_END R4D2_C2S_N226 nff=0
SNAP_T 1791679182.237651274
SNAP_BEGIN R4D2_C2S_N227 gen=982
W5   0x34   gmii_free_FE           0x8c06095d
W14  0x58   tx_stat_frames_TCP     0x00539d63
W15  0x5C   tx_stat_bytes_TCP      0xdcdd2d80
W20  0x70   mac_tx_frames          0x00539d82
W43  0xCC   mtx_stat_tx_words      0x8bffdb6d
W51  0xEC   app_tx_bytes           0xdcd8c448
W55  0xFC   tx_stat_retx           0x0000001a
W57  0x104  tx_retx_hi             0x12357955
W58  0x108  tx_retx_active         0x00000000
W63  0x11C  app_frmwait_cyc        0x286ef072
W66  0x128  tx_stat_winstall       0x0406a038
W67  0x12C  tx_winstall_cap        0x00a7e0ee
W68  0x130  rx_stat_ack_adv        0x00539c35
W69  0x134  tx_win_at_winstall     0xf53c0000
SNAP_END R4D2_C2S_N227 nff=0
SNAP_T 1791679182.397966147
SNAP_BEGIN R4D2_C2S_N228 gen=983
W5   0x34   gmii_free_FE           0x8d855f8d
W14  0x58   tx_stat_frames_TCP     0x00539d63
W15  0x5C   tx_stat_bytes_TCP      0xdcdd2d80
W20  0x70   mac_tx_frames          0x00539d82
W43  0xCC   mtx_stat_tx_words      0x8d7f30aa
W51  0xEC   app_tx_bytes           0xdcd8c448
W55  0xFC   tx_stat_retx           0x0000001a
W57  0x104  tx_retx_hi             0x12357955
W58  0x108  tx_retx_active         0x00000000
W63  0x11C  app_frmwait_cyc        0x286ef072
W66  0x128  tx_stat_winstall       0x056e00a7
W67  0x12C  tx_winstall_cap        0x00a7e0ee
W68  0x130  rx_stat_ack_adv        0x00539c35
W69  0x134  tx_win_at_winstall     0xf53c0000
SNAP_END R4D2_C2S_N228 nff=0
SNAP_T 1791679182.558763030
SNAP_BEGIN R4D2_C2S_N229 gen=984
W5   0x34   gmii_free_FE           0x8f075aa0
W14  0x58   tx_stat_frames_TCP     0x00539d63
W15  0x5C   tx_stat_bytes_TCP      0xdcdd2d80
W20  0x70   mac_tx_frames          0x00539d82
W43  0xCC   mtx_stat_tx_words      0x8f012ac9
W51  0xEC   app_tx_bytes           0xdcd8c448
W55  0xFC   tx_stat_retx           0x0000001a
W57  0x104  tx_retx_hi             0x12357955
W58  0x108  tx_retx_active         0x00000000
W63  0x11C  app_frmwait_cyc        0x286ef072
W66  0x128  tx_stat_winstall       0x06d7dbaa
W67  0x12C  tx_winstall_cap        0x00a7e0ee
W68  0x130  rx_stat_ack_adv        0x00539c35
W69  0x134  tx_win_at_winstall     0xf53c0000
SNAP_END R4D2_C2S_N229 nff=0
SNAP_T 1791679182.720485164
SNAP_BEGIN R4D2_C2S_N230 gen=985
W5   0x34   gmii_free_FE           0x90853358
W14  0x58   tx_stat_frames_TCP     0x00539d63
W15  0x5C   tx_stat_bytes_TCP      0xdcdd2d80
W20  0x70   mac_tx_frames          0x00539d82
W43  0xCC   mtx_stat_tx_words      0x907f028f
W51  0xEC   app_tx_bytes           0xdcd8c448
W55  0xFC   tx_stat_retx           0x0000001a
W57  0x104  tx_retx_hi             0x12357955
W58  0x108  tx_retx_active         0x00000000
W63  0x11C  app_frmwait_cyc        0x286ef072
W66  0x128  tx_stat_winstall       0x083dd67a
W67  0x12C  tx_winstall_cap        0x00a7e0ee
W68  0x130  rx_stat_ack_adv        0x00539c35
W69  0x134  tx_win_at_winstall     0xf53c0000
SNAP_END R4D2_C2S_N230 nff=0
SNAP_T 1791679182.880979605
SNAP_BEGIN R4D2_C2S_N231 gen=986
W5   0x34   gmii_free_FE           0x9208f548
W14  0x58   tx_stat_frames_TCP     0x00539d63
W15  0x5C   tx_stat_bytes_TCP      0xdcdd2d80
W20  0x70   mac_tx_frames          0x00539d82
W43  0xCC   mtx_stat_tx_words      0x9202c389
W51  0xEC   app_tx_bytes           0xdcd8c448
W55  0xFC   tx_stat_retx           0x0000001a
W57  0x104  tx_retx_hi             0x12357955
W58  0x108  tx_retx_active         0x00000000
W63  0x11C  app_frmwait_cyc        0x286ef072
W66  0x128  tx_stat_winstall       0x09a95beb
W67  0x12C  tx_winstall_cap        0x00a7e0ee
W68  0x130  rx_stat_ack_adv        0x00539c35
W69  0x134  tx_win_at_winstall     0x00000000
SNAP_END R4D2_C2S_N231 nff=0
SNAP_T 1791679183.044781496
SNAP_BEGIN R4D2_C2S_N232 gen=987
W5   0x34   gmii_free_FE           0x938e1abb
W14  0x58   tx_stat_frames_TCP     0x00539d63
W15  0x5C   tx_stat_bytes_TCP      0xdcdd2d80
W20  0x70   mac_tx_frames          0x00539d82
W43  0xCC   mtx_stat_tx_words      0x9387e806
W51  0xEC   app_tx_bytes           0xdcd8c448
W55  0xFC   tx_stat_retx           0x0000001a
W57  0x104  tx_retx_hi             0x12357955
W58  0x108  tx_retx_active         0x00000000
W63  0x11C  app_frmwait_cyc        0x286ef072
W66  0x128  tx_stat_winstall       0x0b162ea9
W67  0x12C  tx_winstall_cap        0x00a7e0ee
W68  0x130  rx_stat_ack_adv        0x00539c35
W69  0x134  tx_win_at_winstall     0xf53c0000
SNAP_END R4D2_C2S_N232 nff=0
SNAP_T 1791679183.206639319
SNAP_BEGIN R4D2_C2S_N233 gen=988
W5   0x34   gmii_free_FE           0x95103f42
W14  0x58   tx_stat_frames_TCP     0x00539d63
W15  0x5C   tx_stat_bytes_TCP      0xdcdd2d80
W20  0x70   mac_tx_frames          0x00539d82
W43  0xCC   mtx_stat_tx_words      0x950a0b99
W51  0xEC   app_tx_bytes           0xdcd8c448
W55  0xFC   tx_stat_retx           0x0000001a
W57  0x104  tx_retx_hi             0x12357955
W58  0x108  tx_retx_active         0x00000000
W63  0x11C  app_frmwait_cyc        0x286ef072
W66  0x128  tx_stat_winstall       0x0c803089
W67  0x12C  tx_winstall_cap        0x00a7e0ee
W68  0x130  rx_stat_ack_adv        0x00539c35
W69  0x134  tx_win_at_winstall     0xf53c0000
SNAP_END R4D2_C2S_N233 nff=0
SNAP_T 1791679183.368616104
SNAP_BEGIN R4D2_C2S_N234 gen=989
W5   0x34   gmii_free_FE           0x96926a72
W14  0x58   tx_stat_frames_TCP     0x00539d63
W15  0x5C   tx_stat_bytes_TCP      0xdcdd2d80
W20  0x70   mac_tx_frames          0x00539d82
W43  0xCC   mtx_stat_tx_words      0x968c35d4
W51  0xEC   app_tx_bytes           0xdcd8c448
W55  0xFC   tx_stat_retx           0x0000001a
W57  0x104  tx_retx_hi             0x12357955
W58  0x108  tx_retx_active         0x00000000
W63  0x11C  app_frmwait_cyc        0x286ef072
W66  0x128  tx_stat_winstall       0x0dea38a8
W67  0x12C  tx_winstall_cap        0x00a7e0ee
W68  0x130  rx_stat_ack_adv        0x00539c35
W69  0x134  tx_win_at_winstall     0xf53c0000
SNAP_END R4D2_C2S_N234 nff=0
SNAP_T 1791679183.530324060
SNAP_BEGIN R4D2_C2S_N235 gen=990
W5   0x34   gmii_free_FE           0x98149a07
W14  0x58   tx_stat_frames_TCP     0x00539d63
W15  0x5C   tx_stat_bytes_TCP      0xdcdd2d80
W20  0x70   mac_tx_frames          0x00539d82
W43  0xCC   mtx_stat_tx_words      0x980e6474
W51  0xEC   app_tx_bytes           0xdcd8c448
W55  0xFC   tx_stat_retx           0x0000001a
W57  0x104  tx_retx_hi             0x12357955
W58  0x108  tx_retx_active         0x00000000
W63  0x11C  app_frmwait_cyc        0x286ef072
W66  0x128  tx_stat_winstall       0x0f5444e5
W67  0x12C  tx_winstall_cap        0x00a7e0ee
W68  0x130  rx_stat_ack_adv        0x00539c35
W69  0x134  tx_win_at_winstall     0xf53c0000
SNAP_END R4D2_C2S_N235 nff=0
SNAP_T 1791679183.692371076
SNAP_BEGIN R4D2_C2S_N236 gen=991
W5   0x34   gmii_free_FE           0x99970100
W14  0x58   tx_stat_frames_TCP     0x00539d63
W15  0x5C   tx_stat_bytes_TCP      0xdcdd2d80
W20  0x70   mac_tx_frames          0x00539d82
W43  0xCC   mtx_stat_tx_words      0x9990ca78
W51  0xEC   app_tx_bytes           0xdcd8c448
W55  0xFC   tx_stat_retx           0x0000001a
W57  0x104  tx_retx_hi             0x12357955
W58  0x108  tx_retx_active         0x00000000
W63  0x11C  app_frmwait_cyc        0x286ef072
W66  0x128  tx_stat_winstall       0x10be850f
W67  0x12C  tx_winstall_cap        0x00a7e0ee
W68  0x130  rx_stat_ack_adv        0x00539c35
W69  0x134  tx_win_at_winstall     0x00000000
SNAP_END R4D2_C2S_N236 nff=0
SNAP_T 1791679183.854914608
SNAP_BEGIN R4D2_C2S_N237 gen=992
W5   0x34   gmii_free_FE           0x9b1a5cff
W14  0x58   tx_stat_frames_TCP     0x00539d63
W15  0x5C   tx_stat_bytes_TCP      0xdcdd2d80
W20  0x70   mac_tx_frames          0x00539d82
W43  0xCC   mtx_stat_tx_words      0x9b142582
W51  0xEC   app_tx_bytes           0xdcd8c448
W55  0xFC   tx_stat_retx           0x0000001a
W57  0x104  tx_retx_hi             0x12357955
W58  0x108  tx_retx_active         0x00000000
W63  0x11C  app_frmwait_cyc        0x286ef072
W66  0x128  tx_stat_winstall       0x1229aaf0
W67  0x12C  tx_winstall_cap        0x00a7e0ee
W68  0x130  rx_stat_ack_adv        0x00539c35
W69  0x134  tx_win_at_winstall     0xf53c0000
SNAP_END R4D2_C2S_N237 nff=0
SNAP_T 1791679184.017829921
SNAP_BEGIN R4D2_C2S_N238 gen=993
W5   0x34   gmii_free_FE           0x9c9e103e
W14  0x58   tx_stat_frames_TCP     0x00539d63
W15  0x5C   tx_stat_bytes_TCP      0xdcdd2d80
W20  0x70   mac_tx_frames          0x00539d82
W43  0xCC   mtx_stat_tx_words      0x9c97d7cb
W51  0xEC   app_tx_bytes           0xdcd8c448
W55  0xFC   tx_stat_retx           0x0000001a
W57  0x104  tx_retx_hi             0x12357955
W58  0x108  tx_retx_active         0x00000000
W63  0x11C  app_frmwait_cyc        0x286ef072
W66  0x128  tx_stat_winstall       0x1395229c
W67  0x12C  tx_winstall_cap        0x00a7e0ee
W68  0x130  rx_stat_ack_adv        0x00539c35
W69  0x134  tx_win_at_winstall     0xf53c0000
SNAP_END R4D2_C2S_N238 nff=0
SNAP_T 1791679184.179666364
SNAP_BEGIN R4D2_C2S_N239 gen=994
W5   0x34   gmii_free_FE           0x9e200117
W14  0x58   tx_stat_frames_TCP     0x00539d63
W15  0x5C   tx_stat_bytes_TCP      0xdcdd2d80
W20  0x70   mac_tx_frames          0x00539d82
W43  0xCC   mtx_stat_tx_words      0x9e19c7b0
W51  0xEC   app_tx_bytes           0xdcd8c448
W55  0xFC   tx_stat_retx           0x0000001a
W57  0x104  tx_retx_hi             0x12357955
W58  0x108  tx_retx_active         0x00000000
W63  0x11C  app_frmwait_cyc        0x286ef072
W66  0x128  tx_stat_winstall       0x14fef409
W67  0x12C  tx_winstall_cap        0x00a7e0ee
W68  0x130  rx_stat_ack_adv        0x00539c35
W69  0x134  tx_win_at_winstall     0xf53c0000
SNAP_END R4D2_C2S_N239 nff=0
SNAP_T 1791679184.341305353
SNAP_BEGIN R4D2_C2S_N240 gen=995
W5   0x34   gmii_free_FE           0x9f9ff297
W14  0x58   tx_stat_frames_TCP     0x00539d63
W15  0x5C   tx_stat_bytes_TCP      0xdcdd2d80
W20  0x70   mac_tx_frames          0x00539d82
W43  0xCC   mtx_stat_tx_words      0x9f99b83d
W51  0xEC   app_tx_bytes           0xdcd8c448
W55  0xFC   tx_stat_retx           0x0000001a
W57  0x104  tx_retx_hi             0x12357955
W58  0x108  tx_retx_active         0x00000000
W63  0x11C  app_frmwait_cyc        0x286ef072
W66  0x128  tx_stat_winstall       0x1666e613
W67  0x12C  tx_winstall_cap        0x00a7e0ee
W68  0x130  rx_stat_ack_adv        0x00539c35
W69  0x134  tx_win_at_winstall     0xf53c0000
SNAP_END R4D2_C2S_N240 nff=0
SNAP_T 1791679184.502543521
SNAP_BEGIN R4D2_C2S_N241 gen=996
W5   0x34   gmii_free_FE           0xa11e82f7
W14  0x58   tx_stat_frames_TCP     0x00539d63
W15  0x5C   tx_stat_bytes_TCP      0xdcdd2d80
W20  0x70   mac_tx_frames          0x00539d82
W43  0xCC   mtx_stat_tx_words      0xa11847ab
W51  0xEC   app_tx_bytes           0xdcd8c448
W55  0xFC   tx_stat_retx           0x0000001a
W57  0x104  tx_retx_hi             0x12357955
W58  0x108  tx_retx_active         0x00000000
W63  0x11C  app_frmwait_cyc        0x286ef072
W66  0x128  tx_stat_winstall       0x17cd8d0f
W67  0x12C  tx_winstall_cap        0x00a7e0ee
W68  0x130  rx_stat_ack_adv        0x00539c35
W69  0x134  tx_win_at_winstall     0x00000000
SNAP_END R4D2_C2S_N241 nff=0
SNAP_T 1791679184.663116014
SNAP_BEGIN R4D2_C2S_N242 gen=997
W5   0x34   gmii_free_FE           0xa2a147e0
W14  0x58   tx_stat_frames_TCP     0x00539d63
W15  0x5C   tx_stat_bytes_TCP      0xdcdd2d80
W20  0x70   mac_tx_frames          0x00539d82
W43  0xCC   mtx_stat_tx_words      0xa29b0b9e
W51  0xEC   app_tx_bytes           0xdcd8c448
W55  0xFC   tx_stat_retx           0x0000001a
W57  0x104  tx_retx_hi             0x12357955
W58  0x108  tx_retx_active         0x00000000
W63  0x11C  app_frmwait_cyc        0x286ef072
W66  0x128  tx_stat_winstall       0x1938254b
W67  0x12C  tx_winstall_cap        0x00a7e0ee
W68  0x130  rx_stat_ack_adv        0x00539c35
W69  0x134  tx_win_at_winstall     0xf53c0000
SNAP_END R4D2_C2S_N242 nff=0
SNAP_T 1791679184.825610143
SNAP_BEGIN R4D2_C2S_N243 gen=998
W5   0x34   gmii_free_FE           0xa4259e2d
W14  0x58   tx_stat_frames_TCP     0x00539d63
W15  0x5C   tx_stat_bytes_TCP      0xdcdd2d80
W20  0x70   mac_tx_frames          0x00539d82
W43  0xCC   mtx_stat_tx_words      0xa41f60f6
W51  0xEC   app_tx_bytes           0xdcd8c448
W55  0xFC   tx_stat_retx           0x0000001a
W57  0x104  tx_retx_hi             0x12357955
W58  0x108  tx_retx_active         0x00000000
W63  0x11C  app_frmwait_cyc        0x286ef072
W66  0x128  tx_stat_winstall       0x1aa435d5
W67  0x12C  tx_winstall_cap        0x00a7e0ee
W68  0x130  rx_stat_ack_adv        0x00539c35
W69  0x134  tx_win_at_winstall     0xf53c0000
SNAP_END R4D2_C2S_N243 nff=0
SNAP_T 1791679184.988966025
SNAP_BEGIN R4D2_C2S_N244 gen=999
W5   0x34   gmii_free_FE           0xa5a5e26c
W14  0x58   tx_stat_frames_TCP     0x00539d63
W15  0x5C   tx_stat_bytes_TCP      0xdcdd2d80
W20  0x70   mac_tx_frames          0x00539d82
W43  0xCC   mtx_stat_tx_words      0xa59fa442
W51  0xEC   app_tx_bytes           0xdcd8c448
W55  0xFC   tx_stat_retx           0x0000001a
W57  0x104  tx_retx_hi             0x12357955
W58  0x108  tx_retx_active         0x00000000
W63  0x11C  app_frmwait_cyc        0x286ef072
W66  0x128  tx_stat_winstall       0x1c0c7572
W67  0x12C  tx_winstall_cap        0x00a7e0ee
W68  0x130  rx_stat_ack_adv        0x00539c35
W69  0x134  tx_win_at_winstall     0xf53c0000
SNAP_END R4D2_C2S_N244 nff=0
SNAP_T 1791679185.148844940
SNAP_BEGIN R4D2_C2S_N245 gen=1000
W5   0x34   gmii_free_FE           0xa722e5cc
W14  0x58   tx_stat_frames_TCP     0x00539d63
W15  0x5C   tx_stat_bytes_TCP      0xdcdd2d80
W20  0x70   mac_tx_frames          0x00539d82
W43  0xCC   mtx_stat_tx_words      0xa71ca6b0
W51  0xEC   app_tx_bytes           0xdcd8c448
W55  0xFC   tx_stat_retx           0x0000001a
W57  0x104  tx_retx_hi             0x12357955
W58  0x108  tx_retx_active         0x00000000
W63  0x11C  app_frmwait_cyc        0x286ef072
W66  0x128  tx_stat_winstall       0x1d71a83e
W67  0x12C  tx_winstall_cap        0x00a7e0ee
W68  0x130  rx_stat_ack_adv        0x00539c35
W69  0x134  tx_win_at_winstall     0xf53c0000
SNAP_END R4D2_C2S_N245 nff=0
SNAP_T 1791679185.308965074
SNAP_BEGIN R4D2_C2S_N246 gen=1001
W5   0x34   gmii_free_FE           0xa8a0db7e
W14  0x58   tx_stat_frames_TCP     0x00539d63
W15  0x5C   tx_stat_bytes_TCP      0xdcdd2d80
W20  0x70   mac_tx_frames          0x00539d82
W43  0xCC   mtx_stat_tx_words      0xa89a9b70
W51  0xEC   app_tx_bytes           0xdcd8c448
W55  0xFC   tx_stat_retx           0x0000001a
W57  0x104  tx_retx_hi             0x12357955
W58  0x108  tx_retx_active         0x00000000
W63  0x11C  app_frmwait_cyc        0x286ef072
W66  0x128  tx_stat_winstall       0x1ed7be38
W67  0x12C  tx_winstall_cap        0x00a7e0ee
W68  0x130  rx_stat_ack_adv        0x00539c35
W69  0x134  tx_win_at_winstall     0xf53c0000
SNAP_END R4D2_C2S_N246 nff=0
SNAP_T 1791679185.470939634
SNAP_BEGIN R4D2_C2S_N247 gen=1002
W5   0x34   gmii_free_FE           0xaa263aa5
W14  0x58   tx_stat_frames_TCP     0x00539d63
W15  0x5C   tx_stat_bytes_TCP      0xdcdd2d80
W20  0x70   mac_tx_frames          0x00539d82
W43  0xCC   mtx_stat_tx_words      0xaa1ff9a1
W51  0xEC   app_tx_bytes           0xdcd8c448
W55  0xFC   tx_stat_retx           0x0000001a
W57  0x104  tx_retx_hi             0x12357955
W58  0x108  tx_retx_active         0x00000000
W63  0x11C  app_frmwait_cyc        0x286ef072
W66  0x128  tx_stat_winstall       0x2044c70e
W67  0x12C  tx_winstall_cap        0x00a7e0ee
W68  0x130  rx_stat_ack_adv        0x00539c35
W69  0x134  tx_win_at_winstall     0xf53c0000
SNAP_END R4D2_C2S_N247 nff=0
SNAP_T 1791679185.633052421
SNAP_BEGIN R4D2_C2S_N248 gen=1003
W5   0x34   gmii_free_FE           0xaba8eb7e
W14  0x58   tx_stat_frames_TCP     0x00539d63
W15  0x5C   tx_stat_bytes_TCP      0xdcdd2d80
W20  0x70   mac_tx_frames          0x00539d82
W43  0xCC   mtx_stat_tx_words      0xaba2a984
W51  0xEC   app_tx_bytes           0xdcd8c448
W55  0xFC   tx_stat_retx           0x0000001a
W57  0x104  tx_retx_hi             0x12357955
W58  0x108  tx_retx_active         0x00000000
W63  0x11C  app_frmwait_cyc        0x286ef072
W66  0x128  tx_stat_winstall       0x21af4c7a
W67  0x12C  tx_winstall_cap        0x00a7e0ee
W68  0x130  rx_stat_ack_adv        0x00539c35
W69  0x134  tx_win_at_winstall     0xf53c0000
SNAP_END R4D2_C2S_N248 nff=0
SNAP_T 1791679185.794575702
SNAP_BEGIN R4D2_C2S_N249 gen=1004
W5   0x34   gmii_free_FE           0xad2a539e
W14  0x58   tx_stat_frames_TCP     0x00539d63
W15  0x5C   tx_stat_bytes_TCP      0xdcdd2d80
W20  0x70   mac_tx_frames          0x00539d82
W43  0xCC   mtx_stat_tx_words      0xad2410b0
W51  0xEC   app_tx_bytes           0xdcd8c448
W55  0xFC   tx_stat_retx           0x0000001a
W57  0x104  tx_retx_hi             0x12357955
W58  0x108  tx_retx_active         0x00000000
W63  0x11C  app_frmwait_cyc        0x286ef072
W66  0x128  tx_stat_winstall       0x23189db9
W67  0x12C  tx_winstall_cap        0x00a7e0ee
W68  0x130  rx_stat_ack_adv        0x00539c35
W69  0x134  tx_win_at_winstall     0xf53c0000
SNAP_END R4D2_C2S_N249 nff=0
SNAP_T 1791679185.956462767
SNAP_BEGIN R4D2_C2S_N250 gen=1005
W5   0x34   gmii_free_FE           0xaeadbef8
W14  0x58   tx_stat_frames_TCP     0x00539d63
W15  0x5C   tx_stat_bytes_TCP      0xdcdd2d80
W20  0x70   mac_tx_frames          0x00539d82
W43  0xCC   mtx_stat_tx_words      0xaea77b15
W51  0xEC   app_tx_bytes           0xdcd8c448
W55  0xFC   tx_stat_retx           0x0000001a
W57  0x104  tx_retx_hi             0x12357955
W58  0x108  tx_retx_active         0x00000000
W63  0x11C  app_frmwait_cyc        0x286ef072
W66  0x128  tx_stat_winstall       0x2483d200
W67  0x12C  tx_winstall_cap        0x00a7e0ee
W68  0x130  rx_stat_ack_adv        0x00539c35
W69  0x134  tx_win_at_winstall     0xf53c0000
SNAP_END R4D2_C2S_N250 nff=0
SNAP_T 1791679186.120336924
SNAP_BEGIN R4D2_C2S_N251 gen=1006
W5   0x34   gmii_free_FE           0xb03336db
W14  0x58   tx_stat_frames_TCP     0x00539d63
W15  0x5C   tx_stat_bytes_TCP      0xdcdd2d80
W20  0x70   mac_tx_frames          0x00539d82
W43  0xCC   mtx_stat_tx_words      0xb02cf201
W51  0xEC   app_tx_bytes           0xdcd8c448
W55  0xFC   tx_stat_retx           0x0000001a
W57  0x104  tx_retx_hi             0x12357955
W58  0x108  tx_retx_active         0x00000000
W63  0x11C  app_frmwait_cyc        0x286ef072
W66  0x128  tx_stat_winstall       0x25f0f205
W67  0x12C  tx_winstall_cap        0x00a7e0ee
W68  0x130  rx_stat_ack_adv        0x00539c35
W69  0x134  tx_win_at_winstall     0xf53c0000
SNAP_END R4D2_C2S_N251 nff=0
SNAP_T 1791679186.282286713
SNAP_BEGIN R4D2_C2S_N252 gen=1007
W5   0x34   gmii_free_FE           0xb1b55fba
W14  0x58   tx_stat_frames_TCP     0x00539d63
W15  0x5C   tx_stat_bytes_TCP      0xdcdd2d80
W20  0x70   mac_tx_frames          0x00539d82
W43  0xCC   mtx_stat_tx_words      0xb1af19eb
W51  0xEC   app_tx_bytes           0xdcd8c448
W55  0xFC   tx_stat_retx           0x0000001a
W57  0x104  tx_retx_hi             0x12357955
W58  0x108  tx_retx_active         0x00000000
W63  0x11C  app_frmwait_cyc        0x286ef072
W66  0x128  tx_stat_winstall       0x275af7f7
W67  0x12C  tx_winstall_cap        0x00a7e0ee
W68  0x130  rx_stat_ack_adv        0x00539c35
W69  0x134  tx_win_at_winstall     0xf53c0000
SNAP_END R4D2_C2S_N252 nff=0
SNAP_T 1791679186.444417036
SNAP_BEGIN R4D2_C2S_N253 gen=1008
W5   0x34   gmii_free_FE           0xb3380f07
W14  0x58   tx_stat_frames_TCP     0x00539d63
W15  0x5C   tx_stat_bytes_TCP      0xdcdd2d80
W20  0x70   mac_tx_frames          0x00539d82
W43  0xCC   mtx_stat_tx_words      0xb331c843
W51  0xEC   app_tx_bytes           0xdcd8c448
W55  0xFC   tx_stat_retx           0x0000001a
W57  0x104  tx_retx_hi             0x12357955
W58  0x108  tx_retx_active         0x00000000
W63  0x11C  app_frmwait_cyc        0x286ef072
W66  0x128  tx_stat_winstall       0x28c57bf1
W67  0x12C  tx_winstall_cap        0x00a7e0ee
W68  0x130  rx_stat_ack_adv        0x00539c35
W69  0x134  tx_win_at_winstall     0xf53c0000
SNAP_END R4D2_C2S_N253 nff=0
SNAP_T 1791679186.606856442
SNAP_BEGIN R4D2_C2S_N254 gen=1009
W5   0x34   gmii_free_FE           0xb4ba7ee0
W14  0x58   tx_stat_frames_TCP     0x00539d63
W15  0x5C   tx_stat_bytes_TCP      0xdcdd2d80
W20  0x70   mac_tx_frames          0x00539d82
W43  0xCC   mtx_stat_tx_words      0xb4b43727
W51  0xEC   app_tx_bytes           0xdcd8c448
W55  0xFC   tx_stat_retx           0x0000001a
W57  0x104  tx_retx_hi             0x12357955
W58  0x108  tx_retx_active         0x00000000
W63  0x11C  app_frmwait_cyc        0x286ef072
W66  0x128  tx_stat_winstall       0x2a2fc46e
W67  0x12C  tx_winstall_cap        0x00a7e0ee
W68  0x130  rx_stat_ack_adv        0x00539c35
W69  0x134  tx_win_at_winstall     0xf53c0000
SNAP_END R4D2_C2S_N254 nff=0
SNAP_T 1791679186.768714545
SNAP_BEGIN R4D2_C2S_N255 gen=1010
W5   0x34   gmii_free_FE           0xb63cd01b
W14  0x58   tx_stat_frames_TCP     0x00539d63
W15  0x5C   tx_stat_bytes_TCP      0xdcdd2d80
W20  0x70   mac_tx_frames          0x00539d82
W43  0xCC   mtx_stat_tx_words      0xb636876d
W51  0xEC   app_tx_bytes           0xdcd8c448
W55  0xFC   tx_stat_retx           0x0000001a
W57  0x104  tx_retx_hi             0x12357955
W58  0x108  tx_retx_active         0x00000000
W63  0x11C  app_frmwait_cyc        0x286ef072
W66  0x128  tx_stat_winstall       0x2b99f036
W67  0x12C  tx_winstall_cap        0x00a7e0ee
W68  0x130  rx_stat_ack_adv        0x00539c35
W69  0x134  tx_win_at_winstall     0xf53c0000
SNAP_END R4D2_C2S_N255 nff=0
SNAP_T 1791679186.929938570
SNAP_BEGIN R4D2_C2S_N256 gen=1011
W5   0x34   gmii_free_FE           0xb7b9ad85
W14  0x58   tx_stat_frames_TCP     0x00539d63
W15  0x5C   tx_stat_bytes_TCP      0xdcdd2d80
W20  0x70   mac_tx_frames          0x00539d82
W43  0xCC   mtx_stat_tx_words      0xb7b363e7
W51  0xEC   app_tx_bytes           0xdcd8c448
W55  0xFC   tx_stat_retx           0x0000001a
W57  0x104  tx_retx_hi             0x12357955
W58  0x108  tx_retx_active         0x00000000
W63  0x11C  app_frmwait_cyc        0x286ef072
W66  0x128  tx_stat_winstall       0x2cfeff6d
W67  0x12C  tx_winstall_cap        0x00a7e0ee
W68  0x130  rx_stat_ack_adv        0x00539c35
W69  0x134  tx_win_at_winstall     0xf53c0000
SNAP_END R4D2_C2S_N256 nff=0
SNAP_T 1791679187.090929244
SNAP_BEGIN R4D2_C2S_N257 gen=1012
W5   0x34   gmii_free_FE           0xb93d1be9
W14  0x58   tx_stat_frames_TCP     0x00539d63
W15  0x5C   tx_stat_bytes_TCP      0xdcdd2d80
W20  0x70   mac_tx_frames          0x00539d82
W43  0xCC   mtx_stat_tx_words      0xb936d155
W51  0xEC   app_tx_bytes           0xdcd8c448
W55  0xFC   tx_stat_retx           0x0000001a
W57  0x104  tx_retx_hi             0x12357955
W58  0x108  tx_retx_active         0x00000000
W63  0x11C  app_frmwait_cyc        0x286ef072
W66  0x128  tx_stat_winstall       0x2e6a368b
W67  0x12C  tx_winstall_cap        0x00a7e0ee
W68  0x130  rx_stat_ack_adv        0x00539c35
W69  0x134  tx_win_at_winstall     0xf53c0000
SNAP_END R4D2_C2S_N257 nff=0
SNAP_T 1791679187.252854184
SNAP_BEGIN R4D2_C2S_N258 gen=1013
W5   0x34   gmii_free_FE           0xbabefa50
W14  0x58   tx_stat_frames_TCP     0x00539d63
W15  0x5C   tx_stat_bytes_TCP      0xdcdd2d80
W20  0x70   mac_tx_frames          0x00539d82
W43  0xCC   mtx_stat_tx_words      0xbab8aec7
W51  0xEC   app_tx_bytes           0xdcd8c448
W55  0xFC   tx_stat_retx           0x0000001a
W57  0x104  tx_retx_hi             0x12357955
W58  0x108  tx_retx_active         0x00000000
W63  0x11C  app_frmwait_cyc        0x286ef072
W66  0x128  tx_stat_winstall       0x2fd3f6ae
W67  0x12C  tx_winstall_cap        0x00a7e0ee
W68  0x130  rx_stat_ack_adv        0x00539c35
W69  0x134  tx_win_at_winstall     0xf53c0000
SNAP_END R4D2_C2S_N258 nff=0
SNAP_T 1791679187.414909156
SNAP_BEGIN R4D2_C2S_N259 gen=1014
W5   0x34   gmii_free_FE           0xbc42831a
W14  0x58   tx_stat_frames_TCP     0x00539d63
W15  0x5C   tx_stat_bytes_TCP      0xdcdd2d80
W20  0x70   mac_tx_frames          0x00539d82
W43  0xCC   mtx_stat_tx_words      0xbc3c369c
W51  0xEC   app_tx_bytes           0xdcd8c448
W55  0xFC   tx_stat_retx           0x0000001a
W57  0x104  tx_retx_hi             0x12357955
W58  0x108  tx_retx_active         0x00000000
W63  0x11C  app_frmwait_cyc        0x286ef072
W66  0x128  tx_stat_winstall       0x313f468d
W67  0x12C  tx_winstall_cap        0x00a7e0ee
W68  0x130  rx_stat_ack_adv        0x00539c35
W69  0x134  tx_win_at_winstall     0xf53c0000
SNAP_END R4D2_C2S_N259 nff=0
