SNAP_T 1791679409.328874455
SNAP_BEGIN R4E2_C2S_N0 gen=271
W5   0x34   gmii_free_FE           0x38b9ba98
W14  0x58   tx_stat_frames_TCP     0x0029ce1d
W15  0x5C   tx_stat_bytes_TCP      0xee6b7576
W20  0x70   mac_tx_frames          0x0029ce27
W43  0xCC   mtx_stat_tx_words      0x38b96808
W51  0xEC   app_tx_bytes           0xee6b3106
W55  0xFC   tx_stat_retx           0x0000000c
W57  0x104  tx_retx_hi             0xf2345c1f
W58  0x108  tx_retx_active         0x00000000
W63  0x11C  app_frmwait_cyc        0x56b37208
W66  0x128  tx_stat_winstall       0x1275ffa0
W67  0x12C  tx_winstall_cap        0x00000000
W68  0x130  rx_stat_ack_adv        0x0029ce10
W69  0x134  tx_win_at_winstall     0x05b405b4
SNAP_END R4E2_C2S_N0 nff=0
SNAP_T 1791679409.493861225
SNAP_BEGIN R4E2_C2S_N1 gen=272
W5   0x34   gmii_free_FE           0x3a3edf59
W14  0x58   tx_stat_frames_TCP     0x0029ce1d
W15  0x5C   tx_stat_bytes_TCP      0xee6b7576
W20  0x70   mac_tx_frames          0x0029ce27
W43  0xCC   mtx_stat_tx_words      0x3a3e8be3
W51  0xEC   app_tx_bytes           0xee6b3106
W55  0xFC   tx_stat_retx           0x0000000c
W57  0x104  tx_retx_hi             0xf2345c1f
W58  0x108  tx_retx_active         0x00000000
W63  0x11C  app_frmwait_cyc        0x56b37208
W66  0x128  tx_stat_winstall       0x1275ffa0
W67  0x12C  tx_winstall_cap        0x00000000
W68  0x130  rx_stat_ack_adv        0x0029ce10
W69  0x134  tx_win_at_winstall     0x05b405b4
SNAP_END R4E2_C2S_N1 nff=0
SNAP_T 1791679409.654854764
SNAP_BEGIN R4E2_C2S_N2 gen=273
W5   0x34   gmii_free_FE           0x3bc39660
W14  0x58   tx_stat_frames_TCP     0x0029ce1d
W15  0x5C   tx_stat_bytes_TCP      0xee6b7576
W20  0x70   mac_tx_frames          0x0029ce27
W43  0xCC   mtx_stat_tx_words      0x3bc34203
W51  0xEC   app_tx_bytes           0xee6b3106
W55  0xFC   tx_stat_retx           0x0000000c
W57  0x104  tx_retx_hi             0xf2345c1f
W58  0x108  tx_retx_active         0x00000000
W63  0x11C  app_frmwait_cyc        0x56b37208
W66  0x128  tx_stat_winstall       0x1275ffa0
W67  0x12C  tx_winstall_cap        0x00000000
W68  0x130  rx_stat_ack_adv        0x0029ce10
W69  0x134  tx_win_at_winstall     0x05b405b4
SNAP_END R4E2_C2S_N2 nff=0
SNAP_T 1791679409.817929404
SNAP_BEGIN R4E2_C2S_N3 gen=274
W5   0x34   gmii_free_FE           0x3d4715a3
W14  0x58   tx_stat_frames_TCP     0x0029ce1d
W15  0x5C   tx_stat_bytes_TCP      0xee6b7576
W20  0x70   mac_tx_frames          0x0029ce27
W43  0xCC   mtx_stat_tx_words      0x3d46c061
W51  0xEC   app_tx_bytes           0xee6b3106
W55  0xFC   tx_stat_retx           0x0000000c
W57  0x104  tx_retx_hi             0xf2345c1f
W58  0x108  tx_retx_active         0x00000000
W63  0x11C  app_frmwait_cyc        0x56b37208
W66  0x128  tx_stat_winstall       0x1275ffa0
W67  0x12C  tx_winstall_cap        0x00000000
W68  0x130  rx_stat_ack_adv        0x0029ce10
W69  0x134  tx_win_at_winstall     0x05b405b4
SNAP_END R4E2_C2S_N3 nff=0
SNAP_T 1791679409.981166487
SNAP_BEGIN R4E2_C2S_N4 gen=275
W5   0x34   gmii_free_FE           0x3eca8733
W14  0x58   tx_stat_frames_TCP     0x0029ce1d
W15  0x5C   tx_stat_bytes_TCP      0xee6b7576
W20  0x70   mac_tx_frames          0x0029ce27
W43  0xCC   mtx_stat_tx_words      0x3eca310a
W51  0xEC   app_tx_bytes           0xee6b3106
W55  0xFC   tx_stat_retx           0x0000000c
W57  0x104  tx_retx_hi             0xf2345c1f
W58  0x108  tx_retx_active         0x00000000
W63  0x11C  app_frmwait_cyc        0x56b37208
W66  0x128  tx_stat_winstall       0x1275ffa0
W67  0x12C  tx_winstall_cap        0x00000000
W68  0x130  rx_stat_ack_adv        0x0029ce10
W69  0x134  tx_win_at_winstall     0x05b405b4
SNAP_END R4E2_C2S_N4 nff=0
SNAP_T 1791679410.141606864
SNAP_BEGIN R4E2_C2S_N5 gen=276
W5   0x34   gmii_free_FE           0x4047cc0d
W14  0x58   tx_stat_frames_TCP     0x0029ce1d
W15  0x5C   tx_stat_bytes_TCP      0xee6b7576
W20  0x70   mac_tx_frames          0x0029ce27
W43  0xCC   mtx_stat_tx_words      0x40477502
W51  0xEC   app_tx_bytes           0xee6b3106
W55  0xFC   tx_stat_retx           0x0000000c
W57  0x104  tx_retx_hi             0xf2345c1f
W58  0x108  tx_retx_active         0x00000000
W63  0x11C  app_frmwait_cyc        0x56b37208
W66  0x128  tx_stat_winstall       0x1275ffa0
W67  0x12C  tx_winstall_cap        0x00000000
W68  0x130  rx_stat_ack_adv        0x0029ce10
W69  0x134  tx_win_at_winstall     0x05b405b4
SNAP_END R4E2_C2S_N5 nff=0
SNAP_T 1791679410.302467344
SNAP_BEGIN R4E2_C2S_N6 gen=277
W5   0x34   gmii_free_FE           0x41cba407
W14  0x58   tx_stat_frames_TCP     0x0029ce1d
W15  0x5C   tx_stat_bytes_TCP      0xee6b7576
W20  0x70   mac_tx_frames          0x0029ce27
W43  0xCC   mtx_stat_tx_words      0x41cb4c16
W51  0xEC   app_tx_bytes           0xee6b3106
W55  0xFC   tx_stat_retx           0x0000000c
W57  0x104  tx_retx_hi             0xf2345c1f
W58  0x108  tx_retx_active         0x00000000
W63  0x11C  app_frmwait_cyc        0x56b37208
W66  0x128  tx_stat_winstall       0x1275ffa0
W67  0x12C  tx_winstall_cap        0x00000000
W68  0x130  rx_stat_ack_adv        0x0029ce10
W69  0x134  tx_win_at_winstall     0x05b405b4
SNAP_END R4E2_C2S_N6 nff=0
SNAP_T 1791679410.466563194
SNAP_BEGIN R4E2_C2S_N7 gen=278
W5   0x34   gmii_free_FE           0x434dfa48
W14  0x58   tx_stat_frames_TCP     0x0029ce1d
W15  0x5C   tx_stat_bytes_TCP      0xee6b7576
W20  0x70   mac_tx_frames          0x0029ce27
W43  0xCC   mtx_stat_tx_words      0x434da172
W51  0xEC   app_tx_bytes           0xee6b3106
W55  0xFC   tx_stat_retx           0x0000000c
W57  0x104  tx_retx_hi             0xf2345c1f
W58  0x108  tx_retx_active         0x00000000
W63  0x11C  app_frmwait_cyc        0x56b37208
W66  0x128  tx_stat_winstall       0x1275ffa0
W67  0x12C  tx_winstall_cap        0x00000000
W68  0x130  rx_stat_ack_adv        0x0029ce10
W69  0x134  tx_win_at_winstall     0x05b405b4
SNAP_END R4E2_C2S_N7 nff=0
SNAP_T 1791679410.627014102
SNAP_BEGIN R4E2_C2S_N8 gen=279
W5   0x34   gmii_free_FE           0x44d43988
W14  0x58   tx_stat_frames_TCP     0x0029ce1d
W15  0x5C   tx_stat_bytes_TCP      0xee6b7576
W20  0x70   mac_tx_frames          0x0029ce27
W43  0xCC   mtx_stat_tx_words      0x44d3dfca
W51  0xEC   app_tx_bytes           0xee6b3106
W55  0xFC   tx_stat_retx           0x0000000c
W57  0x104  tx_retx_hi             0xf2345c1f
W58  0x108  tx_retx_active         0x00000000
W63  0x11C  app_frmwait_cyc        0x56b37208
W66  0x128  tx_stat_winstall       0x1275ffa0
W67  0x12C  tx_winstall_cap        0x00000000
W68  0x130  rx_stat_ack_adv        0x0029ce10
W69  0x134  tx_win_at_winstall     0x05b405b4
SNAP_END R4E2_C2S_N8 nff=0
SNAP_T 1791679410.794169548
SNAP_BEGIN R4E2_C2S_N9 gen=280
W5   0x34   gmii_free_FE           0x465fc1e9
W14  0x58   tx_stat_frames_TCP     0x0029ce1d
W15  0x5C   tx_stat_bytes_TCP      0xee6b7576
W20  0x70   mac_tx_frames          0x0029ce27
W43  0xCC   mtx_stat_tx_words      0x465f6740
W51  0xEC   app_tx_bytes           0xee6b3106
W55  0xFC   tx_stat_retx           0x0000000c
W57  0x104  tx_retx_hi             0xf2345c1f
W58  0x108  tx_retx_active         0x00000000
W63  0x11C  app_frmwait_cyc        0x56b37208
W66  0x128  tx_stat_winstall       0x1275ffa0
W67  0x12C  tx_winstall_cap        0x00000000
W68  0x130  rx_stat_ack_adv        0x0029ce10
W69  0x134  tx_win_at_winstall     0x05b405b4
SNAP_END R4E2_C2S_N9 nff=0
SNAP_T 1791679410.956382676
SNAP_BEGIN R4E2_C2S_N10 gen=281
W5   0x34   gmii_free_FE           0x47e20d3a
W14  0x58   tx_stat_frames_TCP     0x0029ce1d
W15  0x5C   tx_stat_bytes_TCP      0xee6b7576
W20  0x70   mac_tx_frames          0x0029ce27
W43  0xCC   mtx_stat_tx_words      0x47e1b1ac
W51  0xEC   app_tx_bytes           0xee6b3106
W55  0xFC   tx_stat_retx           0x0000000c
W57  0x104  tx_retx_hi             0xf2345c1f
W58  0x108  tx_retx_active         0x00000000
W63  0x11C  app_frmwait_cyc        0x56b37208
W66  0x128  tx_stat_winstall       0x1275ffa0
W67  0x12C  tx_winstall_cap        0x00000000
W68  0x130  rx_stat_ack_adv        0x0029ce10
W69  0x134  tx_win_at_winstall     0x05b405b4
SNAP_END R4E2_C2S_N10 nff=0
SNAP_T 1791679411.118838369
SNAP_BEGIN R4E2_C2S_N11 gen=282
W5   0x34   gmii_free_FE           0x4965110e
W14  0x58   tx_stat_frames_TCP     0x0029ce1d
W15  0x5C   tx_stat_bytes_TCP      0xee6b7576
W20  0x70   mac_tx_frames          0x0029ce27
W43  0xCC   mtx_stat_tx_words      0x4964b49b
W51  0xEC   app_tx_bytes           0xee6b3106
W55  0xFC   tx_stat_retx           0x0000000c
W57  0x104  tx_retx_hi             0xf2345c1f
W58  0x108  tx_retx_active         0x00000000
W63  0x11C  app_frmwait_cyc        0x56b37208
W66  0x128  tx_stat_winstall       0x1275ffa0
W67  0x12C  tx_winstall_cap        0x00000000
W68  0x130  rx_stat_ack_adv        0x0029ce10
W69  0x134  tx_win_at_winstall     0x05b405b4
SNAP_END R4E2_C2S_N11 nff=0
SNAP_T 1791679411.280646815
SNAP_BEGIN R4E2_C2S_N12 gen=283
W5   0x34   gmii_free_FE           0x4ae2c610
W14  0x58   tx_stat_frames_TCP     0x0029ce1d
W15  0x5C   tx_stat_bytes_TCP      0xee6b7576
W20  0x70   mac_tx_frames          0x0029ce27
W43  0xCC   mtx_stat_tx_words      0x4ae268ba
W51  0xEC   app_tx_bytes           0xee6b3106
W55  0xFC   tx_stat_retx           0x0000000c
W57  0x104  tx_retx_hi             0xf2345c1f
W58  0x108  tx_retx_active         0x00000000
W63  0x11C  app_frmwait_cyc        0x56b37208
W66  0x128  tx_stat_winstall       0x1275ffa0
W67  0x12C  tx_winstall_cap        0x00000000
W68  0x130  rx_stat_ack_adv        0x0029ce10
W69  0x134  tx_win_at_winstall     0x05b405b4
SNAP_END R4E2_C2S_N12 nff=0
SNAP_T 1791679411.442452648
SNAP_BEGIN R4E2_C2S_N13 gen=284
W5   0x34   gmii_free_FE           0x4c68881c
W14  0x58   tx_stat_frames_TCP     0x0029ce4f
W15  0x5C   tx_stat_bytes_TCP      0xee6c8736
W20  0x70   mac_tx_frames          0x0029ce5a
W43  0xCC   mtx_stat_tx_words      0x4c6829dd
W51  0xEC   app_tx_bytes           0xee6c31aa
W55  0xFC   tx_stat_retx           0x0000000d
W57  0x104  tx_retx_hi             0x1235571d
W58  0x108  tx_retx_active         0x00000000
W63  0x11C  app_frmwait_cyc        0x57876f7f
W66  0x128  tx_stat_winstall       0x12760201
W67  0x12C  tx_winstall_cap        0x00000237
W68  0x130  rx_stat_ack_adv        0x0029ce15
W69  0x134  tx_win_at_winstall     0xf53cf000
SNAP_END R4E2_C2S_N13 nff=0
SNAP_T 1791679411.604286040
SNAP_BEGIN R4E2_C2S_N14 gen=285
W5   0x34   gmii_free_FE           0x4deae96d
W14  0x58   tx_stat_frames_TCP     0x0029ce4f
W15  0x5C   tx_stat_bytes_TCP      0xee6c8736
W20  0x70   mac_tx_frames          0x0029ce5a
W43  0xCC   mtx_stat_tx_words      0x4dea8a49
W51  0xEC   app_tx_bytes           0xee6c31aa
W55  0xFC   tx_stat_retx           0x0000000d
W57  0x104  tx_retx_hi             0x1235571d
W58  0x108  tx_retx_active         0x00000000
W63  0x11C  app_frmwait_cyc        0x5909d07b
W66  0x128  tx_stat_winstall       0x12760201
W67  0x12C  tx_winstall_cap        0x00000237
W68  0x130  rx_stat_ack_adv        0x0029ce15
W69  0x134  tx_win_at_winstall     0xf53cf000
SNAP_END R4E2_C2S_N14 nff=0
SNAP_T 1791679411.766188883
SNAP_BEGIN R4E2_C2S_N15 gen=286
W5   0x34   gmii_free_FE           0x4f6c5a66
W14  0x58   tx_stat_frames_TCP     0x0029ce4f
W15  0x5C   tx_stat_bytes_TCP      0xee6c8736
W20  0x70   mac_tx_frames          0x0029ce5a
W43  0xCC   mtx_stat_tx_words      0x4f6bfa5d
W51  0xEC   app_tx_bytes           0xee6c31aa
W55  0xFC   tx_stat_retx           0x0000000d
W57  0x104  tx_retx_hi             0x1235571d
W58  0x108  tx_retx_active         0x00000000
W63  0x11C  app_frmwait_cyc        0x5a8b411f
W66  0x128  tx_stat_winstall       0x12760201
W67  0x12C  tx_winstall_cap        0x00000237
W68  0x130  rx_stat_ack_adv        0x0029ce15
W69  0x134  tx_win_at_winstall     0xf53cf000
SNAP_END R4E2_C2S_N15 nff=0
SNAP_T 1791679411.927595733
SNAP_BEGIN R4E2_C2S_N16 gen=287
W5   0x34   gmii_free_FE           0x50ed5e4c
W14  0x58   tx_stat_frames_TCP     0x0029ce4f
W15  0x5C   tx_stat_bytes_TCP      0xee6c8736
W20  0x70   mac_tx_frames          0x0029ce5a
W43  0xCC   mtx_stat_tx_words      0x50ecfd5e
W51  0xEC   app_tx_bytes           0xee6c31aa
W55  0xFC   tx_stat_retx           0x0000000d
W57  0x104  tx_retx_hi             0x1235571d
W58  0x108  tx_retx_active         0x00000000
W63  0x11C  app_frmwait_cyc        0x5c0c44b0
W66  0x128  tx_stat_winstall       0x12760201
W67  0x12C  tx_winstall_cap        0x00000237
W68  0x130  rx_stat_ack_adv        0x0029ce15
W69  0x134  tx_win_at_winstall     0xf53cf000
SNAP_END R4E2_C2S_N16 nff=0
SNAP_T 1791679412.089858743
SNAP_BEGIN R4E2_C2S_N17 gen=288
W5   0x34   gmii_free_FE           0x5270bdf1
W14  0x58   tx_stat_frames_TCP     0x0029ce4f
W15  0x5C   tx_stat_bytes_TCP      0xee6c8736
W20  0x70   mac_tx_frames          0x0029ce5a
W43  0xCC   mtx_stat_tx_words      0x52705c1d
W51  0xEC   app_tx_bytes           0xee6c31aa
W55  0xFC   tx_stat_retx           0x0000000d
W57  0x104  tx_retx_hi             0x1235571d
W58  0x108  tx_retx_active         0x00000000
W63  0x11C  app_frmwait_cyc        0x5d8fa400
W66  0x128  tx_stat_winstall       0x12760201
W67  0x12C  tx_winstall_cap        0x00000237
W68  0x130  rx_stat_ack_adv        0x0029ce15
W69  0x134  tx_win_at_winstall     0xf53cf000
SNAP_END R4E2_C2S_N17 nff=0
SNAP_T 1791679412.251560308
SNAP_BEGIN R4E2_C2S_N18 gen=289
W5   0x34   gmii_free_FE           0x53edfddf
W14  0x58   tx_stat_frames_TCP     0x0029ce4f
W15  0x5C   tx_stat_bytes_TCP      0xee6c8736
W20  0x70   mac_tx_frames          0x0029ce5a
W43  0xCC   mtx_stat_tx_words      0x53ed9b28
W51  0xEC   app_tx_bytes           0xee6c31aa
W55  0xFC   tx_stat_retx           0x0000000d
W57  0x104  tx_retx_hi             0x1235571d
W58  0x108  tx_retx_active         0x00000000
W63  0x11C  app_frmwait_cyc        0x5f0ce399
W66  0x128  tx_stat_winstall       0x12760201
W67  0x12C  tx_winstall_cap        0x00000237
W68  0x130  rx_stat_ack_adv        0x0029ce15
W69  0x134  tx_win_at_winstall     0xf53cf000
SNAP_END R4E2_C2S_N18 nff=0
SNAP_T 1791679412.411604706
SNAP_BEGIN R4E2_C2S_N19 gen=290
W5   0x34   gmii_free_FE           0x556f46f4
W14  0x58   tx_stat_frames_TCP     0x0029ce4f
W15  0x5C   tx_stat_bytes_TCP      0xee6c8736
W20  0x70   mac_tx_frames          0x0029ce5a
W43  0xCC   mtx_stat_tx_words      0x556ee358
W51  0xEC   app_tx_bytes           0xee6c31aa
W55  0xFC   tx_stat_retx           0x0000000d
W57  0x104  tx_retx_hi             0x1235571d
W58  0x108  tx_retx_active         0x00000000
W63  0x11C  app_frmwait_cyc        0x608e2c59
W66  0x128  tx_stat_winstall       0x12760201
W67  0x12C  tx_winstall_cap        0x00000237
W68  0x130  rx_stat_ack_adv        0x0029ce15
W69  0x134  tx_win_at_winstall     0xf53cf000
SNAP_END R4E2_C2S_N19 nff=0
SNAP_T 1791679412.574430810
SNAP_BEGIN R4E2_C2S_N20 gen=291
W5   0x34   gmii_free_FE           0x56efdddc
W14  0x58   tx_stat_frames_TCP     0x0029ce4f
W15  0x5C   tx_stat_bytes_TCP      0xee6c8736
W20  0x70   mac_tx_frames          0x0029ce5a
W43  0xCC   mtx_stat_tx_words      0x56ef795b
W51  0xEC   app_tx_bytes           0xee6c31aa
W55  0xFC   tx_stat_retx           0x0000000d
W57  0x104  tx_retx_hi             0x1235571d
W58  0x108  tx_retx_active         0x00000000
W63  0x11C  app_frmwait_cyc        0x620ec2ec
W66  0x128  tx_stat_winstall       0x12760201
W67  0x12C  tx_winstall_cap        0x00000237
W68  0x130  rx_stat_ack_adv        0x0029ce15
W69  0x134  tx_win_at_winstall     0xf53cf000
SNAP_END R4E2_C2S_N20 nff=0
SNAP_T 1791679412.735249799
SNAP_BEGIN R4E2_C2S_N21 gen=292
W5   0x34   gmii_free_FE           0x5873dddf
W14  0x58   tx_stat_frames_TCP     0x0029ce4f
W15  0x5C   tx_stat_bytes_TCP      0xee6c8736
W20  0x70   mac_tx_frames          0x0029ce5a
W43  0xCC   mtx_stat_tx_words      0x58737877
W51  0xEC   app_tx_bytes           0xee6c31aa
W55  0xFC   tx_stat_retx           0x0000000d
W57  0x104  tx_retx_hi             0x1235571d
W58  0x108  tx_retx_active         0x00000000
W63  0x11C  app_frmwait_cyc        0x6392c299
W66  0x128  tx_stat_winstall       0x12760201
W67  0x12C  tx_winstall_cap        0x00000237
W68  0x130  rx_stat_ack_adv        0x0029ce15
W69  0x134  tx_win_at_winstall     0xf53cf000
SNAP_END R4E2_C2S_N21 nff=0
SNAP_T 1791679412.897180671
SNAP_BEGIN R4E2_C2S_N22 gen=293
W5   0x34   gmii_free_FE           0x59f4a6a8
W14  0x58   tx_stat_frames_TCP     0x0029ce4f
W15  0x5C   tx_stat_bytes_TCP      0xee6c8736
W20  0x70   mac_tx_frames          0x0029ce5a
W43  0xCC   mtx_stat_tx_words      0x59f4405b
W51  0xEC   app_tx_bytes           0xee6c31aa
W55  0xFC   tx_stat_retx           0x0000000d
W57  0x104  tx_retx_hi             0x1235571d
W58  0x108  tx_retx_active         0x00000000
W63  0x11C  app_frmwait_cyc        0x65138b0d
W66  0x128  tx_stat_winstall       0x12760201
W67  0x12C  tx_winstall_cap        0x00000237
W68  0x130  rx_stat_ack_adv        0x0029ce15
W69  0x134  tx_win_at_winstall     0xf53cf000
SNAP_END R4E2_C2S_N22 nff=0
SNAP_T 1791679413.059799249
SNAP_BEGIN R4E2_C2S_N23 gen=294
W5   0x34   gmii_free_FE           0x5b78d6e4
W14  0x58   tx_stat_frames_TCP     0x0029ce4f
W15  0x5C   tx_stat_bytes_TCP      0xee6c8736
W20  0x70   mac_tx_frames          0x0029ce5a
W43  0xCC   mtx_stat_tx_words      0x5b786faf
W51  0xEC   app_tx_bytes           0xee6c31aa
W55  0xFC   tx_stat_retx           0x0000000d
W57  0x104  tx_retx_hi             0x1235571d
W58  0x108  tx_retx_active         0x00000000
W63  0x11C  app_frmwait_cyc        0x6697baf2
W66  0x128  tx_stat_winstall       0x12760201
W67  0x12C  tx_winstall_cap        0x00000237
W68  0x130  rx_stat_ack_adv        0x0029ce15
W69  0x134  tx_win_at_winstall     0xf53cf000
SNAP_END R4E2_C2S_N23 nff=0
SNAP_T 1791679413.221743783
SNAP_BEGIN R4E2_C2S_N24 gen=295
W5   0x34   gmii_free_FE           0x5cfb6605
W14  0x58   tx_stat_frames_TCP     0x0029ce4f
W15  0x5C   tx_stat_bytes_TCP      0xee6c8736
W20  0x70   mac_tx_frames          0x0029ce5a
W43  0xCC   mtx_stat_tx_words      0x5cfafdea
W51  0xEC   app_tx_bytes           0xee6c31aa
W55  0xFC   tx_stat_retx           0x0000000d
W57  0x104  tx_retx_hi             0x1235571d
W58  0x108  tx_retx_active         0x00000000
W63  0x11C  app_frmwait_cyc        0x681a49be
W66  0x128  tx_stat_winstall       0x12760201
W67  0x12C  tx_winstall_cap        0x00000237
W68  0x130  rx_stat_ack_adv        0x0029ce15
W69  0x134  tx_win_at_winstall     0xf53cf000
SNAP_END R4E2_C2S_N24 nff=0
SNAP_T 1791679413.383817885
SNAP_BEGIN R4E2_C2S_N25 gen=296
W5   0x34   gmii_free_FE           0x5e7dce20
W14  0x58   tx_stat_frames_TCP     0x0029ce4f
W15  0x5C   tx_stat_bytes_TCP      0xee6c8736
W20  0x70   mac_tx_frames          0x0029ce5a
W43  0xCC   mtx_stat_tx_words      0x5e7d651f
W51  0xEC   app_tx_bytes           0xee6c31aa
W55  0xFC   tx_stat_retx           0x0000000d
W57  0x104  tx_retx_hi             0x1235571d
W58  0x108  tx_retx_active         0x00000000
W63  0x11C  app_frmwait_cyc        0x699cb183
W66  0x128  tx_stat_winstall       0x12760201
W67  0x12C  tx_winstall_cap        0x00000237
W68  0x130  rx_stat_ack_adv        0x0029ce15
W69  0x134  tx_win_at_winstall     0xf53cf000
SNAP_END R4E2_C2S_N25 nff=0
SNAP_T 1791679413.547239674
SNAP_BEGIN R4E2_C2S_N26 gen=297
W5   0x34   gmii_free_FE           0x6000548c
W14  0x58   tx_stat_frames_TCP     0x0029ce4f
W15  0x5C   tx_stat_bytes_TCP      0xee6c8736
W20  0x70   mac_tx_frames          0x0029ce5a
W43  0xCC   mtx_stat_tx_words      0x5fffeaa5
W51  0xEC   app_tx_bytes           0xee6c31aa
W55  0xFC   tx_stat_retx           0x0000000d
W57  0x104  tx_retx_hi             0x1235571d
W58  0x108  tx_retx_active         0x00000000
W63  0x11C  app_frmwait_cyc        0x6b1f379a
W66  0x128  tx_stat_winstall       0x12760201
W67  0x12C  tx_winstall_cap        0x00000237
W68  0x130  rx_stat_ack_adv        0x0029ce15
W69  0x134  tx_win_at_winstall     0xf53cf000
SNAP_END R4E2_C2S_N26 nff=0
SNAP_T 1791679413.708035549
SNAP_BEGIN R4E2_C2S_N27 gen=298
W5   0x34   gmii_free_FE           0x6183664a
W14  0x58   tx_stat_frames_TCP     0x0029ce4f
W15  0x5C   tx_stat_bytes_TCP      0xee6c8736
W20  0x70   mac_tx_frames          0x0029ce5a
W43  0xCC   mtx_stat_tx_words      0x6182fb7b
W51  0xEC   app_tx_bytes           0xee6c31aa
W55  0xFC   tx_stat_retx           0x0000000d
W57  0x104  tx_retx_hi             0x1235571d
W58  0x108  tx_retx_active         0x00000000
W63  0x11C  app_frmwait_cyc        0x6ca24901
W66  0x128  tx_stat_winstall       0x12760201
W67  0x12C  tx_winstall_cap        0x00000237
W68  0x130  rx_stat_ack_adv        0x0029ce15
W69  0x134  tx_win_at_winstall     0xf53cf000
SNAP_END R4E2_C2S_N27 nff=0
SNAP_T 1791679413.869936852
SNAP_BEGIN R4E2_C2S_N28 gen=299
W5   0x34   gmii_free_FE           0x630084b1
W14  0x58   tx_stat_frames_TCP     0x0029ce4f
W15  0x5C   tx_stat_bytes_TCP      0xee6c8736
W20  0x70   mac_tx_frames          0x0029ce5a
W43  0xCC   mtx_stat_tx_words      0x63001900
W51  0xEC   app_tx_bytes           0xee6c31aa
W55  0xFC   tx_stat_retx           0x0000000d
W57  0x104  tx_retx_hi             0x1235571d
W58  0x108  tx_retx_active         0x00000000
W63  0x11C  app_frmwait_cyc        0x6e1f6714
W66  0x128  tx_stat_winstall       0x12760201
W67  0x12C  tx_winstall_cap        0x00000237
W68  0x130  rx_stat_ack_adv        0x0029ce15
W69  0x134  tx_win_at_winstall     0xf53cf000
SNAP_END R4E2_C2S_N28 nff=0
SNAP_T 1791679414.029888450
SNAP_BEGIN R4E2_C2S_N29 gen=300
W5   0x34   gmii_free_FE           0x647ea14f
W14  0x58   tx_stat_frames_TCP     0x0029ce4f
W15  0x5C   tx_stat_bytes_TCP      0xee6c8736
W20  0x70   mac_tx_frames          0x0029ce5a
W43  0xCC   mtx_stat_tx_words      0x647e34ba
W51  0xEC   app_tx_bytes           0xee6c31aa
W55  0xFC   tx_stat_retx           0x0000000d
W57  0x104  tx_retx_hi             0x1235571d
W58  0x108  tx_retx_active         0x00000000
W63  0x11C  app_frmwait_cyc        0x6f9d835d
W66  0x128  tx_stat_winstall       0x12760201
W67  0x12C  tx_winstall_cap        0x00000237
W68  0x130  rx_stat_ack_adv        0x0029ce15
W69  0x134  tx_win_at_winstall     0xf53cf000
SNAP_END R4E2_C2S_N29 nff=0
SNAP_T 1791679414.190395906
SNAP_BEGIN R4E2_C2S_N30 gen=301
W5   0x34   gmii_free_FE           0x6600ba92
W14  0x58   tx_stat_frames_TCP     0x0029ce4f
W15  0x5C   tx_stat_bytes_TCP      0xee6c8736
W20  0x70   mac_tx_frames          0x0029ce5a
W43  0xCC   mtx_stat_tx_words      0x66004d17
W51  0xEC   app_tx_bytes           0xee6c31aa
W55  0xFC   tx_stat_retx           0x0000000d
W57  0x104  tx_retx_hi             0x1235571d
W58  0x108  tx_retx_active         0x00000000
W63  0x11C  app_frmwait_cyc        0x711f9c4a
W66  0x128  tx_stat_winstall       0x12760201
W67  0x12C  tx_winstall_cap        0x00000237
W68  0x130  rx_stat_ack_adv        0x0029ce15
W69  0x134  tx_win_at_winstall     0xf53cf000
SNAP_END R4E2_C2S_N30 nff=0
SNAP_T 1791679414.352261508
SNAP_BEGIN R4E2_C2S_N31 gen=302
W5   0x34   gmii_free_FE           0x6782046a
W14  0x58   tx_stat_frames_TCP     0x0029ce4f
W15  0x5C   tx_stat_bytes_TCP      0xee6c8736
W20  0x70   mac_tx_frames          0x0029ce5a
W43  0xCC   mtx_stat_tx_words      0x67819608
W51  0xEC   app_tx_bytes           0xee6c31aa
W55  0xFC   tx_stat_retx           0x0000000d
W57  0x104  tx_retx_hi             0x1235571d
W58  0x108  tx_retx_active         0x00000000
W63  0x11C  app_frmwait_cyc        0x72a0e5cc
W66  0x128  tx_stat_winstall       0x12760201
W67  0x12C  tx_winstall_cap        0x00000237
W68  0x130  rx_stat_ack_adv        0x0029ce15
W69  0x134  tx_win_at_winstall     0xf53cf000
SNAP_END R4E2_C2S_N31 nff=0
SNAP_T 1791679414.513581211
SNAP_BEGIN R4E2_C2S_N32 gen=303
W5   0x34   gmii_free_FE           0x68fff2bc
W14  0x58   tx_stat_frames_TCP     0x0029ce4f
W15  0x5C   tx_stat_bytes_TCP      0xee6c8736
W20  0x70   mac_tx_frames          0x0029ce5a
W43  0xCC   mtx_stat_tx_words      0x68ff8377
W51  0xEC   app_tx_bytes           0xee6c31aa
W55  0xFC   tx_stat_retx           0x0000000d
W57  0x104  tx_retx_hi             0x1235571d
W58  0x108  tx_retx_active         0x00000000
W63  0x11C  app_frmwait_cyc        0x741ed3ca
W66  0x128  tx_stat_winstall       0x12760201
W67  0x12C  tx_winstall_cap        0x00000237
W68  0x130  rx_stat_ack_adv        0x0029ce15
W69  0x134  tx_win_at_winstall     0xf53cf000
SNAP_END R4E2_C2S_N32 nff=0
SNAP_T 1791679414.674107661
SNAP_BEGIN R4E2_C2S_N33 gen=304
W5   0x34   gmii_free_FE           0x6a82620f
W14  0x58   tx_stat_frames_TCP     0x0029ce4f
W15  0x5C   tx_stat_bytes_TCP      0xee6c8736
W20  0x70   mac_tx_frames          0x0029ce5a
W43  0xCC   mtx_stat_tx_words      0x6a81f1e4
W51  0xEC   app_tx_bytes           0xee6c31aa
W55  0xFC   tx_stat_retx           0x0000000d
W57  0x104  tx_retx_hi             0x1235571d
W58  0x108  tx_retx_active         0x00000000
W63  0x11C  app_frmwait_cyc        0x75a142c7
W66  0x128  tx_stat_winstall       0x12760201
W67  0x12C  tx_winstall_cap        0x00000237
W68  0x130  rx_stat_ack_adv        0x0029ce15
W69  0x134  tx_win_at_winstall     0xf53cf000
SNAP_END R4E2_C2S_N33 nff=0
SNAP_T 1791679414.836000209
SNAP_BEGIN R4E2_C2S_N34 gen=305
W5   0x34   gmii_free_FE           0x6c011c8c
W14  0x58   tx_stat_frames_TCP     0x0029ce4f
W15  0x5C   tx_stat_bytes_TCP      0xee6c8736
W20  0x70   mac_tx_frames          0x0029ce5a
W43  0xCC   mtx_stat_tx_words      0x6c00ab7c
W51  0xEC   app_tx_bytes           0xee6c31aa
W55  0xFC   tx_stat_retx           0x0000000d
W57  0x104  tx_retx_hi             0x1235571d
W58  0x108  tx_retx_active         0x00000000
W63  0x11C  app_frmwait_cyc        0x771ffcee
W66  0x128  tx_stat_winstall       0x12760201
W67  0x12C  tx_winstall_cap        0x00000237
W68  0x130  rx_stat_ack_adv        0x0029ce15
W69  0x134  tx_win_at_winstall     0xf53cf000
SNAP_END R4E2_C2S_N34 nff=0
SNAP_T 1791679414.996559346
SNAP_BEGIN R4E2_C2S_N35 gen=306
W5   0x34   gmii_free_FE           0x6d7f510c
W14  0x58   tx_stat_frames_TCP     0x0029ce4f
W15  0x5C   tx_stat_bytes_TCP      0xee6c8736
W20  0x70   mac_tx_frames          0x0029ce5a
W43  0xCC   mtx_stat_tx_words      0x6d7edf18
W51  0xEC   app_tx_bytes           0xee6c31aa
W55  0xFC   tx_stat_retx           0x0000000d
W57  0x104  tx_retx_hi             0x1235571d
W58  0x108  tx_retx_active         0x00000000
W63  0x11C  app_frmwait_cyc        0x789e3119
W66  0x128  tx_stat_winstall       0x12760201
W67  0x12C  tx_winstall_cap        0x00000237
W68  0x130  rx_stat_ack_adv        0x0029ce15
W69  0x134  tx_win_at_winstall     0xf53cf000
SNAP_END R4E2_C2S_N35 nff=0
SNAP_T 1791679415.156804383
SNAP_BEGIN R4E2_C2S_N36 gen=307
W5   0x34   gmii_free_FE           0x6f0092e7
W14  0x58   tx_stat_frames_TCP     0x0029ce4f
W15  0x5C   tx_stat_bytes_TCP      0xee6c8736
W20  0x70   mac_tx_frames          0x0029ce5a
W43  0xCC   mtx_stat_tx_words      0x6f00200c
W51  0xEC   app_tx_bytes           0xee6c31aa
W55  0xFC   tx_stat_retx           0x0000000d
W57  0x104  tx_retx_hi             0x1235571d
W58  0x108  tx_retx_active         0x00000000
W63  0x11C  app_frmwait_cyc        0x7a1f729e
W66  0x128  tx_stat_winstall       0x12760201
W67  0x12C  tx_winstall_cap        0x00000237
W68  0x130  rx_stat_ack_adv        0x0029ce15
W69  0x134  tx_win_at_winstall     0xf53cf000
SNAP_END R4E2_C2S_N36 nff=0
SNAP_T 1791679415.319095250
SNAP_BEGIN R4E2_C2S_N37 gen=308
W5   0x34   gmii_free_FE           0x708444c6
W14  0x58   tx_stat_frames_TCP     0x0029ce4f
W15  0x5C   tx_stat_bytes_TCP      0xee6c8736
W20  0x70   mac_tx_frames          0x0029ce5a
W43  0xCC   mtx_stat_tx_words      0x7083d104
W51  0xEC   app_tx_bytes           0xee6c31aa
W55  0xFC   tx_stat_retx           0x0000000d
W57  0x104  tx_retx_hi             0x1235571d
W58  0x108  tx_retx_active         0x00000000
W63  0x11C  app_frmwait_cyc        0x7ba32426
W66  0x128  tx_stat_winstall       0x12760201
W67  0x12C  tx_winstall_cap        0x00000237
W68  0x130  rx_stat_ack_adv        0x0029ce15
W69  0x134  tx_win_at_winstall     0xf53cf000
SNAP_END R4E2_C2S_N37 nff=0
SNAP_T 1791679415.481391641
SNAP_BEGIN R4E2_C2S_N38 gen=309
W5   0x34   gmii_free_FE           0x7204c230
W14  0x58   tx_stat_frames_TCP     0x0029ce4f
W15  0x5C   tx_stat_bytes_TCP      0xee6c8736
W20  0x70   mac_tx_frames          0x0029ce5a
W43  0xCC   mtx_stat_tx_words      0x72044d88
W51  0xEC   app_tx_bytes           0xee6c31aa
W55  0xFC   tx_stat_retx           0x0000000d
W57  0x104  tx_retx_hi             0x1235571d
W58  0x108  tx_retx_active         0x00000000
W63  0x11C  app_frmwait_cyc        0x7d23a13b
W66  0x128  tx_stat_winstall       0x12760201
W67  0x12C  tx_winstall_cap        0x00000237
W68  0x130  rx_stat_ack_adv        0x0029ce15
W69  0x134  tx_win_at_winstall     0xf53cf000
SNAP_END R4E2_C2S_N38 nff=0
SNAP_T 1791679415.642940737
SNAP_BEGIN R4E2_C2S_N39 gen=310
W5   0x34   gmii_free_FE           0x738762a7
W14  0x58   tx_stat_frames_TCP     0x0029ce4f
W15  0x5C   tx_stat_bytes_TCP      0xee6c8736
W20  0x70   mac_tx_frames          0x0029ce5a
W43  0xCC   mtx_stat_tx_words      0x7386ed19
W51  0xEC   app_tx_bytes           0xee6c31aa
W55  0xFC   tx_stat_retx           0x0000000d
W57  0x104  tx_retx_hi             0x1235571d
W58  0x108  tx_retx_active         0x00000000
W63  0x11C  app_frmwait_cyc        0x7ea6415c
W66  0x128  tx_stat_winstall       0x12760201
W67  0x12C  tx_winstall_cap        0x00000237
W68  0x130  rx_stat_ack_adv        0x0029ce15
W69  0x134  tx_win_at_winstall     0xf53cf000
SNAP_END R4E2_C2S_N39 nff=0
SNAP_T 1791679415.804867291
SNAP_BEGIN R4E2_C2S_N40 gen=311
W5   0x34   gmii_free_FE           0x7509ab3a
W14  0x58   tx_stat_frames_TCP     0x0029ce4f
W15  0x5C   tx_stat_bytes_TCP      0xee6c8736
W20  0x70   mac_tx_frames          0x0029ce5a
W43  0xCC   mtx_stat_tx_words      0x750934c5
W51  0xEC   app_tx_bytes           0xee6c31aa
W55  0xFC   tx_stat_retx           0x0000000d
W57  0x104  tx_retx_hi             0x1235571d
W58  0x108  tx_retx_active         0x00000000
W63  0x11C  app_frmwait_cyc        0x80288999
W66  0x128  tx_stat_winstall       0x12760201
W67  0x12C  tx_winstall_cap        0x00000237
W68  0x130  rx_stat_ack_adv        0x0029ce15
W69  0x134  tx_win_at_winstall     0xf53cf000
SNAP_END R4E2_C2S_N40 nff=0
SNAP_T 1791679415.966327398
SNAP_BEGIN R4E2_C2S_N41 gen=312
W5   0x34   gmii_free_FE           0x7689988d
W14  0x58   tx_stat_frames_TCP     0x0029ce4f
W15  0x5C   tx_stat_bytes_TCP      0xee6c8736
W20  0x70   mac_tx_frames          0x0029ce5a
W43  0xCC   mtx_stat_tx_words      0x76892132
W51  0xEC   app_tx_bytes           0xee6c31aa
W55  0xFC   tx_stat_retx           0x0000000d
W57  0x104  tx_retx_hi             0x1235571d
W58  0x108  tx_retx_active         0x00000000
W63  0x11C  app_frmwait_cyc        0x81a87696
W66  0x128  tx_stat_winstall       0x12760201
W67  0x12C  tx_winstall_cap        0x00000237
W68  0x130  rx_stat_ack_adv        0x0029ce15
W69  0x134  tx_win_at_winstall     0xf53cf000
SNAP_END R4E2_C2S_N41 nff=0
SNAP_T 1791679416.129521159
SNAP_BEGIN R4E2_C2S_N42 gen=313
W5   0x34   gmii_free_FE           0x780bb7a2
W14  0x58   tx_stat_frames_TCP     0x0029ce4f
W15  0x5C   tx_stat_bytes_TCP      0xee6c8736
W20  0x70   mac_tx_frames          0x0029ce5a
W43  0xCC   mtx_stat_tx_words      0x780b3f61
W51  0xEC   app_tx_bytes           0xee6c31aa
W55  0xFC   tx_stat_retx           0x0000000d
W57  0x104  tx_retx_hi             0x1235571d
W58  0x108  tx_retx_active         0x00000000
W63  0x11C  app_frmwait_cyc        0x832a9555
W66  0x128  tx_stat_winstall       0x12760201
W67  0x12C  tx_winstall_cap        0x00000237
W68  0x130  rx_stat_ack_adv        0x0029ce15
W69  0x134  tx_win_at_winstall     0xf53cf000
SNAP_END R4E2_C2S_N42 nff=0
SNAP_T 1791679416.289587701
SNAP_BEGIN R4E2_C2S_N43 gen=314
W5   0x34   gmii_free_FE           0x7989fd6a
W14  0x58   tx_stat_frames_TCP     0x0029ce4f
W15  0x5C   tx_stat_bytes_TCP      0xee6c8736
W20  0x70   mac_tx_frames          0x0029ce5a
W43  0xCC   mtx_stat_tx_words      0x79898444
W51  0xEC   app_tx_bytes           0xee6c31aa
W55  0xFC   tx_stat_retx           0x0000000d
W57  0x104  tx_retx_hi             0x1235571d
W58  0x108  tx_retx_active         0x00000000
W63  0x11C  app_frmwait_cyc        0x84a8dac7
W66  0x128  tx_stat_winstall       0x12760201
W67  0x12C  tx_winstall_cap        0x00000237
W68  0x130  rx_stat_ack_adv        0x0029ce15
W69  0x134  tx_win_at_winstall     0xf53cf000
SNAP_END R4E2_C2S_N43 nff=0
SNAP_T 1791679416.449544637
SNAP_BEGIN R4E2_C2S_N44 gen=315
W5   0x34   gmii_free_FE           0x7b08cd83
W14  0x58   tx_stat_frames_TCP     0x0029ce50
W15  0x5C   tx_stat_bytes_TCP      0xee6c8736
W20  0x70   mac_tx_frames          0x0029ce5b
W43  0xCC   mtx_stat_tx_words      0x7b085378
W51  0xEC   app_tx_bytes           0xee6c31aa
W55  0xFC   tx_stat_retx           0x0000000d
W57  0x104  tx_retx_hi             0x1235571d
W58  0x108  tx_retx_active         0x00000000
W63  0x11C  app_frmwait_cyc        0x8627aa8b
W66  0x128  tx_stat_winstall       0x12760201
W67  0x12C  tx_winstall_cap        0x00000237
W68  0x130  rx_stat_ack_adv        0x0029ce15
W69  0x134  tx_win_at_winstall     0xf53cf000
SNAP_END R4E2_C2S_N44 nff=0
SNAP_T 1791679416.613475578
SNAP_BEGIN R4E2_C2S_N45 gen=316
W5   0x34   gmii_free_FE           0x7c91da73
W14  0x58   tx_stat_frames_TCP     0x0029ce50
W15  0x5C   tx_stat_bytes_TCP      0xee6c8736
W20  0x70   mac_tx_frames          0x0029ce5b
W43  0xCC   mtx_stat_tx_words      0x7c915f7d
W51  0xEC   app_tx_bytes           0xee6c31aa
W55  0xFC   tx_stat_retx           0x0000000d
W57  0x104  tx_retx_hi             0x1235571d
W58  0x108  tx_retx_active         0x00000000
W63  0x11C  app_frmwait_cyc        0x87b0b723
W66  0x128  tx_stat_winstall       0x12760201
W67  0x12C  tx_winstall_cap        0x00000237
W68  0x130  rx_stat_ack_adv        0x0029ce15
W69  0x134  tx_win_at_winstall     0xf53cf000
SNAP_END R4E2_C2S_N45 nff=0
SNAP_T 1791679416.774976483
SNAP_BEGIN R4E2_C2S_N46 gen=317
W5   0x34   gmii_free_FE           0x7e140508
W14  0x58   tx_stat_frames_TCP     0x0029ce50
W15  0x5C   tx_stat_bytes_TCP      0xee6c8736
W20  0x70   mac_tx_frames          0x0029ce5b
W43  0xCC   mtx_stat_tx_words      0x7e13892b
W51  0xEC   app_tx_bytes           0xee6c31aa
W55  0xFC   tx_stat_retx           0x0000000d
W57  0x104  tx_retx_hi             0x1235571d
W58  0x108  tx_retx_active         0x00000000
W63  0x11C  app_frmwait_cyc        0x8932e161
W66  0x128  tx_stat_winstall       0x12760201
W67  0x12C  tx_winstall_cap        0x00000237
W68  0x130  rx_stat_ack_adv        0x0029ce15
W69  0x134  tx_win_at_winstall     0xf53cf000
SNAP_END R4E2_C2S_N46 nff=0
SNAP_T 1791679416.937284935
SNAP_BEGIN R4E2_C2S_N47 gen=318
W5   0x34   gmii_free_FE           0x7f96c9a6
W14  0x58   tx_stat_frames_TCP     0x0029ce50
W15  0x5C   tx_stat_bytes_TCP      0xee6c8736
W20  0x70   mac_tx_frames          0x0029ce5c
W43  0xCC   mtx_stat_tx_words      0x7f964ce2
W51  0xEC   app_tx_bytes           0xee6c31aa
W55  0xFC   tx_stat_retx           0x0000000d
W57  0x104  tx_retx_hi             0x1235571d
W58  0x108  tx_retx_active         0x00000000
W63  0x11C  app_frmwait_cyc        0x8ab5a5a9
W66  0x128  tx_stat_winstall       0x12760201
W67  0x12C  tx_winstall_cap        0x00000237
W68  0x130  rx_stat_ack_adv        0x0029ce15
W69  0x134  tx_win_at_winstall     0xf53cf000
SNAP_END R4E2_C2S_N47 nff=0
SNAP_T 1791679417.100832951
SNAP_BEGIN R4E2_C2S_N48 gen=319
W5   0x34   gmii_free_FE           0x811c143f
W14  0x58   tx_stat_frames_TCP     0x0029ce50
W15  0x5C   tx_stat_bytes_TCP      0xee6c8736
W20  0x70   mac_tx_frames          0x0029ce5c
W43  0xCC   mtx_stat_tx_words      0x811b9692
W51  0xEC   app_tx_bytes           0xee6c31aa
W55  0xFC   tx_stat_retx           0x0000000d
W57  0x104  tx_retx_hi             0x1235571d
W58  0x108  tx_retx_active         0x00000000
W63  0x11C  app_frmwait_cyc        0x8c3aefeb
W66  0x128  tx_stat_winstall       0x12760201
W67  0x12C  tx_winstall_cap        0x00000237
W68  0x130  rx_stat_ack_adv        0x0029ce15
W69  0x134  tx_win_at_winstall     0xf53cf000
SNAP_END R4E2_C2S_N48 nff=0
SNAP_T 1791679417.262854264
SNAP_BEGIN R4E2_C2S_N49 gen=320
W5   0x34   gmii_free_FE           0x829d6afd
W14  0x58   tx_stat_frames_TCP     0x0029ce50
W15  0x5C   tx_stat_bytes_TCP      0xee6c8736
W20  0x70   mac_tx_frames          0x0029ce5c
W43  0xCC   mtx_stat_tx_words      0x829cec69
W51  0xEC   app_tx_bytes           0xee6c31aa
W55  0xFC   tx_stat_retx           0x0000000d
W57  0x104  tx_retx_hi             0x1235571d
W58  0x108  tx_retx_active         0x00000000
W63  0x11C  app_frmwait_cyc        0x8dbc4653
W66  0x128  tx_stat_winstall       0x12760201
W67  0x12C  tx_winstall_cap        0x00000237
W68  0x130  rx_stat_ack_adv        0x0029ce15
W69  0x134  tx_win_at_winstall     0xf53cf000
SNAP_END R4E2_C2S_N49 nff=0
SNAP_T 1791679417.424881641
SNAP_BEGIN R4E2_C2S_N50 gen=321
W5   0x34   gmii_free_FE           0x841fb558
W14  0x58   tx_stat_frames_TCP     0x0029ce50
W15  0x5C   tx_stat_bytes_TCP      0xee6c8736
W20  0x70   mac_tx_frames          0x0029ce5c
W43  0xCC   mtx_stat_tx_words      0x841f35dc
W51  0xEC   app_tx_bytes           0xee6c31aa
W55  0xFC   tx_stat_retx           0x0000000d
W57  0x104  tx_retx_hi             0x1235571d
W58  0x108  tx_retx_active         0x00000000
W63  0x11C  app_frmwait_cyc        0x8f3e9057
W66  0x128  tx_stat_winstall       0x12760201
W67  0x12C  tx_winstall_cap        0x00000237
W68  0x130  rx_stat_ack_adv        0x0029ce15
W69  0x134  tx_win_at_winstall     0xf53cf000
SNAP_END R4E2_C2S_N50 nff=0
SNAP_T 1791679417.587458799
SNAP_BEGIN R4E2_C2S_N51 gen=322
W5   0x34   gmii_free_FE           0x85a4504f
W14  0x58   tx_stat_frames_TCP     0x0029ce50
W15  0x5C   tx_stat_bytes_TCP      0xee6c8736
W20  0x70   mac_tx_frames          0x0029ce5c
W43  0xCC   mtx_stat_tx_words      0x85a3cfeb
W51  0xEC   app_tx_bytes           0xee6c31aa
W55  0xFC   tx_stat_retx           0x0000000d
W57  0x104  tx_retx_hi             0x1235571d
W58  0x108  tx_retx_active         0x00000000
W63  0x11C  app_frmwait_cyc        0x90c32af7
W66  0x128  tx_stat_winstall       0x12760201
W67  0x12C  tx_winstall_cap        0x00000237
W68  0x130  rx_stat_ack_adv        0x0029ce15
W69  0x134  tx_win_at_winstall     0xf53cf000
SNAP_END R4E2_C2S_N51 nff=0
SNAP_T 1791679417.749566674
SNAP_BEGIN R4E2_C2S_N52 gen=323
W5   0x34   gmii_free_FE           0x87267e30
W14  0x58   tx_stat_frames_TCP     0x0029ce50
W15  0x5C   tx_stat_bytes_TCP      0xee6c8736
W20  0x70   mac_tx_frames          0x0029ce5c
W43  0xCC   mtx_stat_tx_words      0x8725fce4
W51  0xEC   app_tx_bytes           0xee6c31aa
W55  0xFC   tx_stat_retx           0x0000000d
W57  0x104  tx_retx_hi             0x1235571d
W58  0x108  tx_retx_active         0x00000000
W63  0x11C  app_frmwait_cyc        0x92455881
W66  0x128  tx_stat_winstall       0x12760201
W67  0x12C  tx_winstall_cap        0x00000237
W68  0x130  rx_stat_ack_adv        0x0029ce15
W69  0x134  tx_win_at_winstall     0xf53cf000
SNAP_END R4E2_C2S_N52 nff=0
SNAP_T 1791679417.911362864
SNAP_BEGIN R4E2_C2S_N53 gen=324
W5   0x34   gmii_free_FE           0x88a8515d
W14  0x58   tx_stat_frames_TCP     0x0029ce50
W15  0x5C   tx_stat_bytes_TCP      0xee6c8736
W20  0x70   mac_tx_frames          0x0029ce5c
W43  0xCC   mtx_stat_tx_words      0x88a7cf2a
W51  0xEC   app_tx_bytes           0xee6c31aa
W55  0xFC   tx_stat_retx           0x0000000d
W57  0x104  tx_retx_hi             0x1235571d
W58  0x108  tx_retx_active         0x00000000
W63  0x11C  app_frmwait_cyc        0x93c72b57
W66  0x128  tx_stat_winstall       0x12760201
W67  0x12C  tx_winstall_cap        0x00000237
W68  0x130  rx_stat_ack_adv        0x0029ce15
W69  0x134  tx_win_at_winstall     0xf53cf000
SNAP_END R4E2_C2S_N53 nff=0
SNAP_T 1791679418.073551878
SNAP_BEGIN R4E2_C2S_N54 gen=325
W5   0x34   gmii_free_FE           0x8a2b197a
W14  0x58   tx_stat_frames_TCP     0x0029ce50
W15  0x5C   tx_stat_bytes_TCP      0xee6c8736
W20  0x70   mac_tx_frames          0x0029ce5c
W43  0xCC   mtx_stat_tx_words      0x8a2a9660
W51  0xEC   app_tx_bytes           0xee6c31aa
W55  0xFC   tx_stat_retx           0x0000000d
W57  0x104  tx_retx_hi             0x1235571d
W58  0x108  tx_retx_active         0x00000000
W63  0x11C  app_frmwait_cyc        0x9549f31e
W66  0x128  tx_stat_winstall       0x12760201
W67  0x12C  tx_winstall_cap        0x00000237
W68  0x130  rx_stat_ack_adv        0x0029ce15
W69  0x134  tx_win_at_winstall     0xf53cf000
SNAP_END R4E2_C2S_N54 nff=0
SNAP_T 1791679418.235320139
SNAP_BEGIN R4E2_C2S_N55 gen=326
W5   0x34   gmii_free_FE           0x8bacba8a
W14  0x58   tx_stat_frames_TCP     0x0029ce50
W15  0x5C   tx_stat_bytes_TCP      0xee6c8736
W20  0x70   mac_tx_frames          0x0029ce5c
W43  0xCC   mtx_stat_tx_words      0x8bac3688
W51  0xEC   app_tx_bytes           0xee6c31aa
W55  0xFC   tx_stat_retx           0x0000000d
W57  0x104  tx_retx_hi             0x1235571d
W58  0x108  tx_retx_active         0x00000000
W63  0x11C  app_frmwait_cyc        0x96cb93d7
W66  0x128  tx_stat_winstall       0x12760201
W67  0x12C  tx_winstall_cap        0x00000237
W68  0x130  rx_stat_ack_adv        0x0029ce15
W69  0x134  tx_win_at_winstall     0xf53cf000
SNAP_END R4E2_C2S_N55 nff=0
SNAP_T 1791679418.397488636
SNAP_BEGIN R4E2_C2S_N56 gen=327
W5   0x34   gmii_free_FE           0x8d2f78d2
W14  0x58   tx_stat_frames_TCP     0x0029ce50
W15  0x5C   tx_stat_bytes_TCP      0xee6c8736
W20  0x70   mac_tx_frames          0x0029ce5c
W43  0xCC   mtx_stat_tx_words      0x8d2ef3e9
W51  0xEC   app_tx_bytes           0xee6c31aa
W55  0xFC   tx_stat_retx           0x0000000d
W57  0x104  tx_retx_hi             0x1235571d
W58  0x108  tx_retx_active         0x00000000
W63  0x11C  app_frmwait_cyc        0x984e51c8
W66  0x128  tx_stat_winstall       0x12760201
W67  0x12C  tx_winstall_cap        0x00000237
W68  0x130  rx_stat_ack_adv        0x0029ce15
W69  0x134  tx_win_at_winstall     0xf53cf000
SNAP_END R4E2_C2S_N56 nff=0
SNAP_T 1791679418.559225297
SNAP_BEGIN R4E2_C2S_N57 gen=328
W5   0x34   gmii_free_FE           0x8ead80ce
W14  0x58   tx_stat_frames_TCP     0x0029ce50
W15  0x5C   tx_stat_bytes_TCP      0xee6c8736
W20  0x70   mac_tx_frames          0x0029ce5c
W43  0xCC   mtx_stat_tx_words      0x8eacfb00
W51  0xEC   app_tx_bytes           0xee6c31aa
W55  0xFC   tx_stat_retx           0x0000000d
W57  0x104  tx_retx_hi             0x1235571d
W58  0x108  tx_retx_active         0x00000000
W63  0x11C  app_frmwait_cyc        0x99cc596f
W66  0x128  tx_stat_winstall       0x12760201
W67  0x12C  tx_winstall_cap        0x00000237
W68  0x130  rx_stat_ack_adv        0x0029ce15
W69  0x134  tx_win_at_winstall     0xf53cf000
SNAP_END R4E2_C2S_N57 nff=0
SNAP_T 1791679418.719973339
SNAP_BEGIN R4E2_C2S_N58 gen=329
W5   0x34   gmii_free_FE           0x902ff84e
W14  0x58   tx_stat_frames_TCP     0x0029ce50
W15  0x5C   tx_stat_bytes_TCP      0xee6c8736
W20  0x70   mac_tx_frames          0x0029ce5c
W43  0xCC   mtx_stat_tx_words      0x902f7198
W51  0xEC   app_tx_bytes           0xee6c31aa
W55  0xFC   tx_stat_retx           0x0000000d
W57  0x104  tx_retx_hi             0x1235571d
W58  0x108  tx_retx_active         0x00000000
W63  0x11C  app_frmwait_cyc        0x9b4ed097
W66  0x128  tx_stat_winstall       0x12760201
W67  0x12C  tx_winstall_cap        0x00000237
W68  0x130  rx_stat_ack_adv        0x0029ce15
W69  0x134  tx_win_at_winstall     0xf53cf000
SNAP_END R4E2_C2S_N58 nff=0
SNAP_T 1791679418.881989399
SNAP_BEGIN R4E2_C2S_N59 gen=330
W5   0x34   gmii_free_FE           0x91b1723b
W14  0x58   tx_stat_frames_TCP     0x0029ce50
W15  0x5C   tx_stat_bytes_TCP      0xee6c8736
W20  0x70   mac_tx_frames          0x0029ce5c
W43  0xCC   mtx_stat_tx_words      0x91b0ea9e
W51  0xEC   app_tx_bytes           0xee6c31aa
W55  0xFC   tx_stat_retx           0x0000000d
W57  0x104  tx_retx_hi             0x1235571d
W58  0x108  tx_retx_active         0x00000000
W63  0x11C  app_frmwait_cyc        0x9cd04a2e
W66  0x128  tx_stat_winstall       0x12760201
W67  0x12C  tx_winstall_cap        0x00000237
W68  0x130  rx_stat_ack_adv        0x0029ce15
W69  0x134  tx_win_at_winstall     0xf53cf000
SNAP_END R4E2_C2S_N59 nff=0
SNAP_T 1791679419.043749663
SNAP_BEGIN R4E2_C2S_N60 gen=331
W5   0x34   gmii_free_FE           0x9333cc6d
W14  0x58   tx_stat_frames_TCP     0x0029ce50
W15  0x5C   tx_stat_bytes_TCP      0xee6c8736
W20  0x70   mac_tx_frames          0x0029ce5c
W43  0xCC   mtx_stat_tx_words      0x933343e9
W51  0xEC   app_tx_bytes           0xee6c31aa
W55  0xFC   tx_stat_retx           0x0000000d
W57  0x104  tx_retx_hi             0x1235571d
W58  0x108  tx_retx_active         0x00000000
W63  0x11C  app_frmwait_cyc        0x9e52a409
W66  0x128  tx_stat_winstall       0x12760201
W67  0x12C  tx_winstall_cap        0x00000237
W68  0x130  rx_stat_ack_adv        0x0029ce15
W69  0x134  tx_win_at_winstall     0xf53cf000
SNAP_END R4E2_C2S_N60 nff=0
SNAP_T 1791679419.205914887
SNAP_BEGIN R4E2_C2S_N61 gen=332
W5   0x34   gmii_free_FE           0x94b5562e
W14  0x58   tx_stat_frames_TCP     0x0029ce50
W15  0x5C   tx_stat_bytes_TCP      0xee6c8736
W20  0x70   mac_tx_frames          0x0029ce5c
W43  0xCC   mtx_stat_tx_words      0x94b4ccc3
W51  0xEC   app_tx_bytes           0xee6c31aa
W55  0xFC   tx_stat_retx           0x0000000d
W57  0x104  tx_retx_hi             0x1235571d
W58  0x108  tx_retx_active         0x00000000
W63  0x11C  app_frmwait_cyc        0x9fd42d74
W66  0x128  tx_stat_winstall       0x12760201
W67  0x12C  tx_winstall_cap        0x00000237
W68  0x130  rx_stat_ack_adv        0x0029ce15
W69  0x134  tx_win_at_winstall     0xf53cf000
SNAP_END R4E2_C2S_N61 nff=0
SNAP_T 1791679419.367341877
SNAP_BEGIN R4E2_C2S_N62 gen=333
W5   0x34   gmii_free_FE           0x963788c1
W14  0x58   tx_stat_frames_TCP     0x0029ce50
W15  0x5C   tx_stat_bytes_TCP      0xee6c8736
W20  0x70   mac_tx_frames          0x0029ce5c
W43  0xCC   mtx_stat_tx_words      0x9636fe6e
W51  0xEC   app_tx_bytes           0xee6c31aa
W55  0xFC   tx_stat_retx           0x0000000d
W57  0x104  tx_retx_hi             0x1235571d
W58  0x108  tx_retx_active         0x00000000
W63  0x11C  app_frmwait_cyc        0xa1565fb0
W66  0x128  tx_stat_winstall       0x12760201
W67  0x12C  tx_winstall_cap        0x00000237
W68  0x130  rx_stat_ack_adv        0x0029ce15
W69  0x134  tx_win_at_winstall     0xf53cf000
SNAP_END R4E2_C2S_N62 nff=0
SNAP_T 1791679419.529296470
SNAP_BEGIN R4E2_C2S_N63 gen=334
W5   0x34   gmii_free_FE           0x97ba0e5f
W14  0x58   tx_stat_frames_TCP     0x0029ce50
W15  0x5C   tx_stat_bytes_TCP      0xee6c8736
W20  0x70   mac_tx_frames          0x0029ce5c
W43  0xCC   mtx_stat_tx_words      0x97b98325
W51  0xEC   app_tx_bytes           0xee6c31aa
W55  0xFC   tx_stat_retx           0x0000000d
W57  0x104  tx_retx_hi             0x1235571d
W58  0x108  tx_retx_active         0x00000000
W63  0x11C  app_frmwait_cyc        0xa2d8e4f7
W66  0x128  tx_stat_winstall       0x12760201
W67  0x12C  tx_winstall_cap        0x00000237
W68  0x130  rx_stat_ack_adv        0x0029ce15
W69  0x134  tx_win_at_winstall     0xf53cf000
SNAP_END R4E2_C2S_N63 nff=0
SNAP_T 1791679419.692224620
SNAP_BEGIN R4E2_C2S_N64 gen=335
W5   0x34   gmii_free_FE           0x993de06a
W14  0x58   tx_stat_frames_TCP     0x0029ce50
W15  0x5C   tx_stat_bytes_TCP      0xee6c8736
W20  0x70   mac_tx_frames          0x0029ce5c
W43  0xCC   mtx_stat_tx_words      0x993d5446
W51  0xEC   app_tx_bytes           0xee6c31aa
W55  0xFC   tx_stat_retx           0x0000000d
W57  0x104  tx_retx_hi             0x1235571d
W58  0x108  tx_retx_active         0x00000000
W63  0x11C  app_frmwait_cyc        0xa45cb6a9
W66  0x128  tx_stat_winstall       0x12760201
W67  0x12C  tx_winstall_cap        0x00000237
W68  0x130  rx_stat_ack_adv        0x0029ce15
W69  0x134  tx_win_at_winstall     0xf53cf000
SNAP_END R4E2_C2S_N64 nff=0
SNAP_T 1791679419.853970326
SNAP_BEGIN R4E2_C2S_N65 gen=336
W5   0x34   gmii_free_FE           0x9ac06ae0
W14  0x58   tx_stat_frames_TCP     0x0029ce50
W15  0x5C   tx_stat_bytes_TCP      0xee6c8736
W20  0x70   mac_tx_frames          0x0029ce5c
W43  0xCC   mtx_stat_tx_words      0x9abfddd5
W51  0xEC   app_tx_bytes           0xee6c31aa
W55  0xFC   tx_stat_retx           0x0000000d
W57  0x104  tx_retx_hi             0x1235571d
W58  0x108  tx_retx_active         0x00000000
W63  0x11C  app_frmwait_cyc        0xa5df40c9
W66  0x128  tx_stat_winstall       0x12760201
W67  0x12C  tx_winstall_cap        0x00000237
W68  0x130  rx_stat_ack_adv        0x0029ce15
W69  0x134  tx_win_at_winstall     0xf53cf000
SNAP_END R4E2_C2S_N65 nff=0
SNAP_T 1791679420.016926289
SNAP_BEGIN R4E2_C2S_N66 gen=337
W5   0x34   gmii_free_FE           0x9c43c466
W14  0x58   tx_stat_frames_TCP     0x0029ce50
W15  0x5C   tx_stat_bytes_TCP      0xee6c8736
W20  0x70   mac_tx_frames          0x0029ce5c
W43  0xCC   mtx_stat_tx_words      0x9c433673
W51  0xEC   app_tx_bytes           0xee6c31aa
W55  0xFC   tx_stat_retx           0x0000000d
W57  0x104  tx_retx_hi             0x1235571d
W58  0x108  tx_retx_active         0x00000000
W63  0x11C  app_frmwait_cyc        0xa76299f8
W66  0x128  tx_stat_winstall       0x12760201
W67  0x12C  tx_winstall_cap        0x00000237
W68  0x130  rx_stat_ack_adv        0x0029ce15
W69  0x134  tx_win_at_winstall     0xf53cf000
SNAP_END R4E2_C2S_N66 nff=0
SNAP_T 1791679420.180280137
SNAP_BEGIN R4E2_C2S_N67 gen=338
W5   0x34   gmii_free_FE           0x9dc732f4
W14  0x58   tx_stat_frames_TCP     0x0029ce50
W15  0x5C   tx_stat_bytes_TCP      0xee6c8736
W20  0x70   mac_tx_frames          0x0029ce5c
W43  0xCC   mtx_stat_tx_words      0x9dc6a417
W51  0xEC   app_tx_bytes           0xee6c31aa
W55  0xFC   tx_stat_retx           0x0000000d
W57  0x104  tx_retx_hi             0x1235571d
W58  0x108  tx_retx_active         0x00000000
W63  0x11C  app_frmwait_cyc        0xa8e6082e
W66  0x128  tx_stat_winstall       0x12760201
W67  0x12C  tx_winstall_cap        0x00000237
W68  0x130  rx_stat_ack_adv        0x0029ce15
W69  0x134  tx_win_at_winstall     0xf53cf000
SNAP_END R4E2_C2S_N67 nff=0
SNAP_T 1791679420.341037142
SNAP_BEGIN R4E2_C2S_N68 gen=339
W5   0x34   gmii_free_FE           0x9f44f666
W14  0x58   tx_stat_frames_TCP     0x0029ce50
W15  0x5C   tx_stat_bytes_TCP      0xee6c8736
W20  0x70   mac_tx_frames          0x0029ce5c
W43  0xCC   mtx_stat_tx_words      0x9f4466a5
W51  0xEC   app_tx_bytes           0xee6c31aa
W55  0xFC   tx_stat_retx           0x0000000d
W57  0x104  tx_retx_hi             0x1235571d
W58  0x108  tx_retx_active         0x00000000
W63  0x11C  app_frmwait_cyc        0xaa63cb4a
W66  0x128  tx_stat_winstall       0x12760201
W67  0x12C  tx_winstall_cap        0x00000237
W68  0x130  rx_stat_ack_adv        0x0029ce15
W69  0x134  tx_win_at_winstall     0xf53cf000
SNAP_END R4E2_C2S_N68 nff=0
SNAP_T 1791679420.501182292
SNAP_BEGIN R4E2_C2S_N69 gen=340
W5   0x34   gmii_free_FE           0xa0c6824a
W14  0x58   tx_stat_frames_TCP     0x0029ce50
W15  0x5C   tx_stat_bytes_TCP      0xee6c8736
W20  0x70   mac_tx_frames          0x0029ce5c
W43  0xCC   mtx_stat_tx_words      0xa0c5f1a1
W51  0xEC   app_tx_bytes           0xee6c31aa
W55  0xFC   tx_stat_retx           0x0000000d
W57  0x104  tx_retx_hi             0x1235571d
W58  0x108  tx_retx_active         0x00000000
W63  0x11C  app_frmwait_cyc        0xabe556d7
W66  0x128  tx_stat_winstall       0x12760201
W67  0x12C  tx_winstall_cap        0x00000237
W68  0x130  rx_stat_ack_adv        0x0029ce15
W69  0x134  tx_win_at_winstall     0xf53cf000
SNAP_END R4E2_C2S_N69 nff=0
SNAP_T 1791679420.663313289
SNAP_BEGIN R4E2_C2S_N70 gen=341
W5   0x34   gmii_free_FE           0xa24a12a3
W14  0x58   tx_stat_frames_TCP     0x0029ce50
W15  0x5C   tx_stat_bytes_TCP      0xee6c8736
W20  0x70   mac_tx_frames          0x0029ce5c
W43  0xCC   mtx_stat_tx_words      0xa2498111
W51  0xEC   app_tx_bytes           0xee6c31aa
W55  0xFC   tx_stat_retx           0x0000000d
W57  0x104  tx_retx_hi             0x1235571d
W58  0x108  tx_retx_active         0x00000000
W63  0x11C  app_frmwait_cyc        0xad68e6d8
W66  0x128  tx_stat_winstall       0x12760201
W67  0x12C  tx_winstall_cap        0x00000237
W68  0x130  rx_stat_ack_adv        0x0029ce15
W69  0x134  tx_win_at_winstall     0xf53cf000
SNAP_END R4E2_C2S_N70 nff=0
SNAP_T 1791679420.826859763
SNAP_BEGIN R4E2_C2S_N71 gen=342
W5   0x34   gmii_free_FE           0xa3cdffaa
W14  0x58   tx_stat_frames_TCP     0x0029ce50
W15  0x5C   tx_stat_bytes_TCP      0xee6c8736
W20  0x70   mac_tx_frames          0x0029ce5c
W43  0xCC   mtx_stat_tx_words      0xa3cd6d2f
W51  0xEC   app_tx_bytes           0xee6c31aa
W55  0xFC   tx_stat_retx           0x0000000d
W57  0x104  tx_retx_hi             0x1235571d
W58  0x108  tx_retx_active         0x00000000
W63  0x11C  app_frmwait_cyc        0xaeecd388
W66  0x128  tx_stat_winstall       0x12760201
W67  0x12C  tx_winstall_cap        0x00000237
W68  0x130  rx_stat_ack_adv        0x0029ce15
W69  0x134  tx_win_at_winstall     0xf53cf000
SNAP_END R4E2_C2S_N71 nff=0
SNAP_T 1791679420.988130962
SNAP_BEGIN R4E2_C2S_N72 gen=343
W5   0x34   gmii_free_FE           0xa54c3f0e
W14  0x58   tx_stat_frames_TCP     0x0029ce50
W15  0x5C   tx_stat_bytes_TCP      0xee6c8736
W20  0x70   mac_tx_frames          0x0029ce5c
W43  0xCC   mtx_stat_tx_words      0xa54babae
W51  0xEC   app_tx_bytes           0xee6c31aa
W55  0xFC   tx_stat_retx           0x0000000d
W57  0x104  tx_retx_hi             0x1235571d
W58  0x108  tx_retx_active         0x00000000
W63  0x11C  app_frmwait_cyc        0xb06b1295
W66  0x128  tx_stat_winstall       0x12760201
W67  0x12C  tx_winstall_cap        0x00000237
W68  0x130  rx_stat_ack_adv        0x0029ce15
W69  0x134  tx_win_at_winstall     0xf53cf000
SNAP_END R4E2_C2S_N72 nff=0
SNAP_T 1791679421.148744190
SNAP_BEGIN R4E2_C2S_N73 gen=344
W5   0x34   gmii_free_FE           0xa6cae728
W14  0x58   tx_stat_frames_TCP     0x0029ce50
W15  0x5C   tx_stat_bytes_TCP      0xee6c8736
W20  0x70   mac_tx_frames          0x0029ce5c
W43  0xCC   mtx_stat_tx_words      0xa6ca52e2
W51  0xEC   app_tx_bytes           0xee6c31aa
W55  0xFC   tx_stat_retx           0x0000000d
W57  0x104  tx_retx_hi             0x1235571d
W58  0x108  tx_retx_active         0x00000000
W63  0x11C  app_frmwait_cyc        0xb1e9ba59
W66  0x128  tx_stat_winstall       0x12760201
W67  0x12C  tx_winstall_cap        0x00000237
W68  0x130  rx_stat_ack_adv        0x0029ce15
W69  0x134  tx_win_at_winstall     0xf53cf000
SNAP_END R4E2_C2S_N73 nff=0
SNAP_T 1791679421.309164928
SNAP_BEGIN R4E2_C2S_N74 gen=345
W5   0x34   gmii_free_FE           0xa84dc830
W14  0x58   tx_stat_frames_TCP     0x0029ce50
W15  0x5C   tx_stat_bytes_TCP      0xee6c8736
W20  0x70   mac_tx_frames          0x0029ce5c
W43  0xCC   mtx_stat_tx_words      0xa84d3301
W51  0xEC   app_tx_bytes           0xee6c31aa
W55  0xFC   tx_stat_retx           0x0000000d
W57  0x104  tx_retx_hi             0x1235571d
W58  0x108  tx_retx_active         0x00000000
W63  0x11C  app_frmwait_cyc        0xb36c9b09
W66  0x128  tx_stat_winstall       0x12760201
W67  0x12C  tx_winstall_cap        0x00000237
W68  0x130  rx_stat_ack_adv        0x0029ce15
W69  0x134  tx_win_at_winstall     0xf53cf000
SNAP_END R4E2_C2S_N74 nff=0
SNAP_T 1791679421.472846703
SNAP_BEGIN R4E2_C2S_N75 gen=346
W5   0x34   gmii_free_FE           0xa9d047fd
W14  0x58   tx_stat_frames_TCP     0x0029ce50
W15  0x5C   tx_stat_bytes_TCP      0xee6c8736
W20  0x70   mac_tx_frames          0x0029ce5c
W43  0xCC   mtx_stat_tx_words      0xa9cfb1e5
W51  0xEC   app_tx_bytes           0xee6c31aa
W55  0xFC   tx_stat_retx           0x0000000d
W57  0x104  tx_retx_hi             0x1235571d
W58  0x108  tx_retx_active         0x00000000
W63  0x11C  app_frmwait_cyc        0xb4ef1a7f
W66  0x128  tx_stat_winstall       0x12760201
W67  0x12C  tx_winstall_cap        0x00000237
W68  0x130  rx_stat_ack_adv        0x0029ce15
W69  0x134  tx_win_at_winstall     0xf53cf000
SNAP_END R4E2_C2S_N75 nff=0
SNAP_T 1791679421.633316490
SNAP_BEGIN R4E2_C2S_N76 gen=347
W5   0x34   gmii_free_FE           0xab533d25
W14  0x58   tx_stat_frames_TCP     0x0029ce50
W15  0x5C   tx_stat_bytes_TCP      0xee6c8736
W20  0x70   mac_tx_frames          0x0029ce5c
W43  0xCC   mtx_stat_tx_words      0xab52a626
W51  0xEC   app_tx_bytes           0xee6c31aa
W55  0xFC   tx_stat_retx           0x0000000d
W57  0x104  tx_retx_hi             0x1235571d
W58  0x108  tx_retx_active         0x00000000
W63  0x11C  app_frmwait_cyc        0xb6720f50
W66  0x128  tx_stat_winstall       0x12760201
W67  0x12C  tx_winstall_cap        0x00000237
W68  0x130  rx_stat_ack_adv        0x0029ce15
W69  0x134  tx_win_at_winstall     0xf53cf000
SNAP_END R4E2_C2S_N76 nff=0
SNAP_T 1791679421.797815988
SNAP_BEGIN R4E2_C2S_N77 gen=348
W5   0x34   gmii_free_FE           0xacda1315
W14  0x58   tx_stat_frames_TCP     0x0029ce50
W15  0x5C   tx_stat_bytes_TCP      0xee6c8736
W20  0x70   mac_tx_frames          0x0029ce5c
W43  0xCC   mtx_stat_tx_words      0xacd97b2a
W51  0xEC   app_tx_bytes           0xee6c31aa
W55  0xFC   tx_stat_retx           0x0000000d
W57  0x104  tx_retx_hi             0x1235571d
W58  0x108  tx_retx_active         0x00000000
W63  0x11C  app_frmwait_cyc        0xb7f8e4e7
W66  0x128  tx_stat_winstall       0x12760201
W67  0x12C  tx_winstall_cap        0x00000237
W68  0x130  rx_stat_ack_adv        0x0029ce15
W69  0x134  tx_win_at_winstall     0xf53cf000
SNAP_END R4E2_C2S_N77 nff=0
SNAP_T 1791679421.959601009
SNAP_BEGIN R4E2_C2S_N78 gen=349
W5   0x34   gmii_free_FE           0xae57db9e
W14  0x58   tx_stat_frames_TCP     0x0029ce50
W15  0x5C   tx_stat_bytes_TCP      0xee6c8736
W20  0x70   mac_tx_frames          0x0029ce5c
W43  0xCC   mtx_stat_tx_words      0xae5742ce
W51  0xEC   app_tx_bytes           0xee6c31aa
W55  0xFC   tx_stat_retx           0x0000000d
W57  0x104  tx_retx_hi             0x1235571d
W58  0x108  tx_retx_active         0x00000000
W63  0x11C  app_frmwait_cyc        0xb976ad1a
W66  0x128  tx_stat_winstall       0x12760201
W67  0x12C  tx_winstall_cap        0x00000237
W68  0x130  rx_stat_ack_adv        0x0029ce15
W69  0x134  tx_win_at_winstall     0xf53cf000
SNAP_END R4E2_C2S_N78 nff=0
SNAP_T 1791679422.119613252
SNAP_BEGIN R4E2_C2S_N79 gen=350
W5   0x34   gmii_free_FE           0xafd5d0d7
W14  0x58   tx_stat_frames_TCP     0x0029ce50
W15  0x5C   tx_stat_bytes_TCP      0xee6c8736
W20  0x70   mac_tx_frames          0x0029ce5c
W43  0xCC   mtx_stat_tx_words      0xafd53721
W51  0xEC   app_tx_bytes           0xee6c31aa
W55  0xFC   tx_stat_retx           0x0000000d
W57  0x104  tx_retx_hi             0x1235571d
W58  0x108  tx_retx_active         0x00000000
W63  0x11C  app_frmwait_cyc        0xbaf4a1fc
W66  0x128  tx_stat_winstall       0x12760201
W67  0x12C  tx_winstall_cap        0x00000237
W68  0x130  rx_stat_ack_adv        0x0029ce15
W69  0x134  tx_win_at_winstall     0xf53cf000
SNAP_END R4E2_C2S_N79 nff=0
SNAP_T 1791679422.279656730
SNAP_BEGIN R4E2_C2S_N80 gen=351
W5   0x34   gmii_free_FE           0xb1544719
W14  0x58   tx_stat_frames_TCP     0x0029ce50
W15  0x5C   tx_stat_bytes_TCP      0xee6c8736
W20  0x70   mac_tx_frames          0x0029ce5c
W43  0xCC   mtx_stat_tx_words      0xb153ac7d
W51  0xEC   app_tx_bytes           0xee6c31aa
W55  0xFC   tx_stat_retx           0x0000000d
W57  0x104  tx_retx_hi             0x1235571d
W58  0x108  tx_retx_active         0x00000000
W63  0x11C  app_frmwait_cyc        0xbc7317e8
W66  0x128  tx_stat_winstall       0x12760201
W67  0x12C  tx_winstall_cap        0x00000237
W68  0x130  rx_stat_ack_adv        0x0029ce15
W69  0x134  tx_win_at_winstall     0xf53cf000
SNAP_END R4E2_C2S_N80 nff=0
SNAP_T 1791679422.440544020
SNAP_BEGIN R4E2_C2S_N81 gen=352
W5   0x34   gmii_free_FE           0xb2d2aa11
W14  0x58   tx_stat_frames_TCP     0x0029ce50
W15  0x5C   tx_stat_bytes_TCP      0xee6c8736
W20  0x70   mac_tx_frames          0x0029ce5c
W43  0xCC   mtx_stat_tx_words      0xb2d20e8f
W51  0xEC   app_tx_bytes           0xee6c31aa
W55  0xFC   tx_stat_retx           0x0000000d
W57  0x104  tx_retx_hi             0x1235571d
W58  0x108  tx_retx_active         0x00000000
W63  0x11C  app_frmwait_cyc        0xbdf17a89
W66  0x128  tx_stat_winstall       0x12760201
W67  0x12C  tx_winstall_cap        0x00000237
W68  0x130  rx_stat_ack_adv        0x0029ce15
W69  0x134  tx_win_at_winstall     0xf53cf000
SNAP_END R4E2_C2S_N81 nff=0
SNAP_T 1791679422.600925849
SNAP_BEGIN R4E2_C2S_N82 gen=353
W5   0x34   gmii_free_FE           0xb4557e7c
W14  0x58   tx_stat_frames_TCP     0x0029ce50
W15  0x5C   tx_stat_bytes_TCP      0xee6c8736
W20  0x70   mac_tx_frames          0x0029ce5c
W43  0xCC   mtx_stat_tx_words      0xb454e212
W51  0xEC   app_tx_bytes           0xee6c31aa
W55  0xFC   tx_stat_retx           0x0000000d
W57  0x104  tx_retx_hi             0x1235571d
W58  0x108  tx_retx_active         0x00000000
W63  0x11C  app_frmwait_cyc        0xbf744e9c
W66  0x128  tx_stat_winstall       0x12760201
W67  0x12C  tx_winstall_cap        0x00000237
W68  0x130  rx_stat_ack_adv        0x0029ce15
W69  0x134  tx_win_at_winstall     0xf53cf000
SNAP_END R4E2_C2S_N82 nff=0
SNAP_T 1791679422.763849715
SNAP_BEGIN R4E2_C2S_N83 gen=354
W5   0x34   gmii_free_FE           0xb5d967b1
W14  0x58   tx_stat_frames_TCP     0x0029ce50
W15  0x5C   tx_stat_bytes_TCP      0xee6c8736
W20  0x70   mac_tx_frames          0x0029ce5c
W43  0xCC   mtx_stat_tx_words      0xb5d8ca5d
W51  0xEC   app_tx_bytes           0xee6c31aa
W55  0xFC   tx_stat_retx           0x0000000d
W57  0x104  tx_retx_hi             0x1235571d
W58  0x108  tx_retx_active         0x00000000
W63  0x11C  app_frmwait_cyc        0xc0f83779
W66  0x128  tx_stat_winstall       0x12760201
W67  0x12C  tx_winstall_cap        0x00000237
W68  0x130  rx_stat_ack_adv        0x0029ce15
W69  0x134  tx_win_at_winstall     0xf53cf000
SNAP_END R4E2_C2S_N83 nff=0
SNAP_T 1791679422.926066739
SNAP_BEGIN R4E2_C2S_N84 gen=355
W5   0x34   gmii_free_FE           0xb75cf161
W14  0x58   tx_stat_frames_TCP     0x0029ce50
W15  0x5C   tx_stat_bytes_TCP      0xee6c8736
W20  0x70   mac_tx_frames          0x0029ce5c
W43  0xCC   mtx_stat_tx_words      0xb75c5323
W51  0xEC   app_tx_bytes           0xee6c31aa
W55  0xFC   tx_stat_retx           0x0000000d
W57  0x104  tx_retx_hi             0x1235571d
W58  0x108  tx_retx_active         0x00000000
W63  0x11C  app_frmwait_cyc        0xc27bc0d1
W66  0x128  tx_stat_winstall       0x12760201
W67  0x12C  tx_winstall_cap        0x00000237
W68  0x130  rx_stat_ack_adv        0x0029ce15
W69  0x134  tx_win_at_winstall     0xf53cf000
SNAP_END R4E2_C2S_N84 nff=0
SNAP_T 1791679423.088808168
SNAP_BEGIN R4E2_C2S_N85 gen=356
W5   0x34   gmii_free_FE           0xb8e023cc
W14  0x58   tx_stat_frames_TCP     0x0029ce50
W15  0x5C   tx_stat_bytes_TCP      0xee6c8736
W20  0x70   mac_tx_frames          0x0029ce5c
W43  0xCC   mtx_stat_tx_words      0xb8df84a6
W51  0xEC   app_tx_bytes           0xee6c31aa
W55  0xFC   tx_stat_retx           0x0000000d
W57  0x104  tx_retx_hi             0x1235571d
W58  0x108  tx_retx_active         0x00000000
W63  0x11C  app_frmwait_cyc        0xc3fef2e4
W66  0x128  tx_stat_winstall       0x12760201
W67  0x12C  tx_winstall_cap        0x00000237
W68  0x130  rx_stat_ack_adv        0x0029ce15
W69  0x134  tx_win_at_winstall     0xf53cf000
SNAP_END R4E2_C2S_N85 nff=0
SNAP_T 1791679423.252610842
SNAP_BEGIN R4E2_C2S_N86 gen=357
W5   0x34   gmii_free_FE           0xba66d869
W14  0x58   tx_stat_frames_TCP     0x0029ce50
W15  0x5C   tx_stat_bytes_TCP      0xee6c8736
W20  0x70   mac_tx_frames          0x0029ce5c
W43  0xCC   mtx_stat_tx_words      0xba663857
W51  0xEC   app_tx_bytes           0xee6c31aa
W55  0xFC   tx_stat_retx           0x0000000d
W57  0x104  tx_retx_hi             0x1235571d
W58  0x108  tx_retx_active         0x00000000
W63  0x11C  app_frmwait_cyc        0xc585a729
W66  0x128  tx_stat_winstall       0x12760201
W67  0x12C  tx_winstall_cap        0x00000237
W68  0x130  rx_stat_ack_adv        0x0029ce15
W69  0x134  tx_win_at_winstall     0xf53cf000
SNAP_END R4E2_C2S_N86 nff=0
SNAP_T 1791679423.414216050
SNAP_BEGIN R4E2_C2S_N87 gen=358
W5   0x34   gmii_free_FE           0xbbe9b7ae
W14  0x58   tx_stat_frames_TCP     0x0029ce50
W15  0x5C   tx_stat_bytes_TCP      0xee6c8736
W20  0x70   mac_tx_frames          0x0029ce5c
W43  0xCC   mtx_stat_tx_words      0xbbe916b4
W51  0xEC   app_tx_bytes           0xee6c31aa
W55  0xFC   tx_stat_retx           0x0000000d
W57  0x104  tx_retx_hi             0x1235571d
W58  0x108  tx_retx_active         0x00000000
W63  0x11C  app_frmwait_cyc        0xc7088616
W66  0x128  tx_stat_winstall       0x12760201
W67  0x12C  tx_winstall_cap        0x00000237
W68  0x130  rx_stat_ack_adv        0x0029ce15
W69  0x134  tx_win_at_winstall     0xf53cf000
SNAP_END R4E2_C2S_N87 nff=0
SNAP_T 1791679423.578324862
SNAP_BEGIN R4E2_C2S_N88 gen=359
W5   0x34   gmii_free_FE           0xbd7031ec
W14  0x58   tx_stat_frames_TCP     0x0029ce50
W15  0x5C   tx_stat_bytes_TCP      0xee6c8736
W20  0x70   mac_tx_frames          0x0029ce5c
W43  0xCC   mtx_stat_tx_words      0xbd6f9006
W51  0xEC   app_tx_bytes           0xee6c31aa
W55  0xFC   tx_stat_retx           0x0000000d
W57  0x104  tx_retx_hi             0x1235571d
W58  0x108  tx_retx_active         0x00000000
W63  0x11C  app_frmwait_cyc        0xc88efffb
W66  0x128  tx_stat_winstall       0x12760201
W67  0x12C  tx_winstall_cap        0x00000237
W68  0x130  rx_stat_ack_adv        0x0029ce15
W69  0x134  tx_win_at_winstall     0xf53cf000
SNAP_END R4E2_C2S_N88 nff=0
SNAP_T 1791679423.741581787
SNAP_BEGIN R4E2_C2S_N89 gen=360
W5   0x34   gmii_free_FE           0xbef0ad19
W14  0x58   tx_stat_frames_TCP     0x0029ce50
W15  0x5C   tx_stat_bytes_TCP      0xee6c8736
W20  0x70   mac_tx_frames          0x0029ce5c
W43  0xCC   mtx_stat_tx_words      0xbef00a4c
W51  0xEC   app_tx_bytes           0xee6c31aa
W55  0xFC   tx_stat_retx           0x0000000d
W57  0x104  tx_retx_hi             0x1235571d
W58  0x108  tx_retx_active         0x00000000
W63  0x11C  app_frmwait_cyc        0xca0f7ad1
W66  0x128  tx_stat_winstall       0x12760201
W67  0x12C  tx_winstall_cap        0x00000237
W68  0x130  rx_stat_ack_adv        0x0029ce15
W69  0x134  tx_win_at_winstall     0xf53cf000
SNAP_END R4E2_C2S_N89 nff=0
SNAP_T 1791679423.901748241
SNAP_BEGIN R4E2_C2S_N90 gen=361
W5   0x34   gmii_free_FE           0xc06ecdb9
W14  0x58   tx_stat_frames_TCP     0x0029ce50
W15  0x5C   tx_stat_bytes_TCP      0xee6c8736
W20  0x70   mac_tx_frames          0x0029ce5c
W43  0xCC   mtx_stat_tx_words      0xc06e2a05
W51  0xEC   app_tx_bytes           0xee6c31aa
W55  0xFC   tx_stat_retx           0x0000000d
W57  0x104  tx_retx_hi             0x1235571d
W58  0x108  tx_retx_active         0x00000000
W63  0x11C  app_frmwait_cyc        0xcb8d9b1a
W66  0x128  tx_stat_winstall       0x12760201
W67  0x12C  tx_winstall_cap        0x00000237
W68  0x130  rx_stat_ack_adv        0x0029ce15
W69  0x134  tx_win_at_winstall     0xf53cf000
SNAP_END R4E2_C2S_N90 nff=0
SNAP_T 1791679424.062007932
SNAP_BEGIN R4E2_C2S_N91 gen=362
W5   0x34   gmii_free_FE           0xc1ecdd5b
W14  0x58   tx_stat_frames_TCP     0x0029ce50
W15  0x5C   tx_stat_bytes_TCP      0xee6c8736
W20  0x70   mac_tx_frames          0x0029ce5c
W43  0xCC   mtx_stat_tx_words      0xc1ec38c1
W51  0xEC   app_tx_bytes           0xee6c31aa
W55  0xFC   tx_stat_retx           0x0000000d
W57  0x104  tx_retx_hi             0x1235571d
W58  0x108  tx_retx_active         0x00000000
W63  0x11C  app_frmwait_cyc        0xcd0baa65
W66  0x128  tx_stat_winstall       0x12760201
W67  0x12C  tx_winstall_cap        0x00000237
W68  0x130  rx_stat_ack_adv        0x0029ce15
W69  0x134  tx_win_at_winstall     0xf53cf000
SNAP_END R4E2_C2S_N91 nff=0
SNAP_T 1791679424.222788600
SNAP_BEGIN R4E2_C2S_N92 gen=363
W5   0x34   gmii_free_FE           0xc36f65a3
W14  0x58   tx_stat_frames_TCP     0x0029ce50
W15  0x5C   tx_stat_bytes_TCP      0xee6c8736
W20  0x70   mac_tx_frames          0x0029ce5c
W43  0xCC   mtx_stat_tx_words      0xc36ec020
W51  0xEC   app_tx_bytes           0xee6c31aa
W55  0xFC   tx_stat_retx           0x0000000d
W57  0x104  tx_retx_hi             0x1235571d
W58  0x108  tx_retx_active         0x00000000
W63  0x11C  app_frmwait_cyc        0xce8e3255
W66  0x128  tx_stat_winstall       0x12760201
W67  0x12C  tx_winstall_cap        0x00000237
W68  0x130  rx_stat_ack_adv        0x0029ce15
W69  0x134  tx_win_at_winstall     0xf53cf000
SNAP_END R4E2_C2S_N92 nff=0
SNAP_T 1791679424.383883877
SNAP_BEGIN R4E2_C2S_N93 gen=364
W5   0x34   gmii_free_FE           0xc4ec4e20
W14  0x58   tx_stat_frames_TCP     0x0029ce50
W15  0x5C   tx_stat_bytes_TCP      0xee6c8736
W20  0x70   mac_tx_frames          0x0029ce5c
W43  0xCC   mtx_stat_tx_words      0xc4eba7b7
W51  0xEC   app_tx_bytes           0xee6c31aa
W55  0xFC   tx_stat_retx           0x0000000d
W57  0x104  tx_retx_hi             0x1235571d
W58  0x108  tx_retx_active         0x00000000
W63  0x11C  app_frmwait_cyc        0xd00b1a7b
W66  0x128  tx_stat_winstall       0x12760201
W67  0x12C  tx_winstall_cap        0x00000237
W68  0x130  rx_stat_ack_adv        0x0029ce15
W69  0x134  tx_win_at_winstall     0xf53cf000
SNAP_END R4E2_C2S_N93 nff=0
SNAP_T 1791679424.547470217
SNAP_BEGIN R4E2_C2S_N94 gen=365
W5   0x34   gmii_free_FE           0xc6773e46
W14  0x58   tx_stat_frames_TCP     0x0029ce50
W15  0x5C   tx_stat_bytes_TCP      0xee6c8736
W20  0x70   mac_tx_frames          0x0029ce5c
W43  0xCC   mtx_stat_tx_words      0xc67696ef
W51  0xEC   app_tx_bytes           0xee6c31aa
W55  0xFC   tx_stat_retx           0x0000000d
W57  0x104  tx_retx_hi             0x1235571d
W58  0x108  tx_retx_active         0x00000000
W63  0x11C  app_frmwait_cyc        0xd1960a47
W66  0x128  tx_stat_winstall       0x12760201
W67  0x12C  tx_winstall_cap        0x00000237
W68  0x130  rx_stat_ack_adv        0x0029ce15
W69  0x134  tx_win_at_winstall     0xf53cf000
SNAP_END R4E2_C2S_N94 nff=0
SNAP_T 1791679424.711078017
SNAP_BEGIN R4E2_C2S_N95 gen=366
W5   0x34   gmii_free_FE           0xc7f91781
W14  0x58   tx_stat_frames_TCP     0x0029ce50
W15  0x5C   tx_stat_bytes_TCP      0xee6c8736
W20  0x70   mac_tx_frames          0x0029ce5c
W43  0xCC   mtx_stat_tx_words      0xc7f86f42
W51  0xEC   app_tx_bytes           0xee6c31aa
W55  0xFC   tx_stat_retx           0x0000000d
W57  0x104  tx_retx_hi             0x1235571d
W58  0x108  tx_retx_active         0x00000000
W63  0x11C  app_frmwait_cyc        0xd317e32a
W66  0x128  tx_stat_winstall       0x12760201
W67  0x12C  tx_winstall_cap        0x00000237
W68  0x130  rx_stat_ack_adv        0x0029ce15
W69  0x134  tx_win_at_winstall     0xf53cf000
SNAP_END R4E2_C2S_N95 nff=0
SNAP_T 1791679424.871841584
SNAP_BEGIN R4E2_C2S_N96 gen=367
W5   0x34   gmii_free_FE           0xc97ba3a1
W14  0x58   tx_stat_frames_TCP     0x0029ce50
W15  0x5C   tx_stat_bytes_TCP      0xee6c8736
W20  0x70   mac_tx_frames          0x0029ce5c
W43  0xCC   mtx_stat_tx_words      0xc97afa79
W51  0xEC   app_tx_bytes           0xee6c31aa
W55  0xFC   tx_stat_retx           0x0000000d
W57  0x104  tx_retx_hi             0x1235571d
W58  0x108  tx_retx_active         0x00000000
W63  0x11C  app_frmwait_cyc        0xd49a6ef3
W66  0x128  tx_stat_winstall       0x12760201
W67  0x12C  tx_winstall_cap        0x00000237
W68  0x130  rx_stat_ack_adv        0x0029ce15
W69  0x134  tx_win_at_winstall     0xf53cf000
SNAP_END R4E2_C2S_N96 nff=0
SNAP_T 1791679425.033610361
SNAP_BEGIN R4E2_C2S_N97 gen=368
W5   0x34   gmii_free_FE           0xcafa18b7
W14  0x58   tx_stat_frames_TCP     0x0029ce50
W15  0x5C   tx_stat_bytes_TCP      0xee6c8736
W20  0x70   mac_tx_frames          0x0029ce5c
W43  0xCC   mtx_stat_tx_words      0xcaf96ea8
W51  0xEC   app_tx_bytes           0xee6c31aa
W55  0xFC   tx_stat_retx           0x0000000d
W57  0x104  tx_retx_hi             0x1235571d
W58  0x108  tx_retx_active         0x00000000
W63  0x11C  app_frmwait_cyc        0xd618e3b1
W66  0x128  tx_stat_winstall       0x12760201
W67  0x12C  tx_winstall_cap        0x00000237
W68  0x130  rx_stat_ack_adv        0x0029ce15
W69  0x134  tx_win_at_winstall     0xf53cf000
SNAP_END R4E2_C2S_N97 nff=0
SNAP_T 1791679425.194719727
SNAP_BEGIN R4E2_C2S_N98 gen=369
W5   0x34   gmii_free_FE           0xcc7d3e8f
W14  0x58   tx_stat_frames_TCP     0x0029ce50
W15  0x5C   tx_stat_bytes_TCP      0xee6c8736
W20  0x70   mac_tx_frames          0x0029ce5c
W43  0xCC   mtx_stat_tx_words      0xcc7c9396
W51  0xEC   app_tx_bytes           0xee6c31aa
W55  0xFC   tx_stat_retx           0x0000000d
W57  0x104  tx_retx_hi             0x1235571d
W58  0x108  tx_retx_active         0x00000000
W63  0x11C  app_frmwait_cyc        0xd79c0931
W66  0x128  tx_stat_winstall       0x12760201
W67  0x12C  tx_winstall_cap        0x00000237
W68  0x130  rx_stat_ack_adv        0x0029ce15
W69  0x134  tx_win_at_winstall     0xf53cf000
SNAP_END R4E2_C2S_N98 nff=0
SNAP_T 1791679425.355903369
SNAP_BEGIN R4E2_C2S_N99 gen=370
W5   0x34   gmii_free_FE           0xcdf98838
W14  0x58   tx_stat_frames_TCP     0x0029ce50
W15  0x5C   tx_stat_bytes_TCP      0xee6c8736
W20  0x70   mac_tx_frames          0x0029ce5c
W43  0xCC   mtx_stat_tx_words      0xcdf8dc5a
W51  0xEC   app_tx_bytes           0xee6c31aa
W55  0xFC   tx_stat_retx           0x0000000d
W57  0x104  tx_retx_hi             0x1235571d
W58  0x108  tx_retx_active         0x00000000
W63  0x11C  app_frmwait_cyc        0xd9185283
W66  0x128  tx_stat_winstall       0x12760201
W67  0x12C  tx_winstall_cap        0x00000237
W68  0x130  rx_stat_ack_adv        0x0029ce15
W69  0x134  tx_win_at_winstall     0xf53cf000
SNAP_END R4E2_C2S_N99 nff=0
SNAP_T 1791679425.515725562
SNAP_BEGIN R4E2_C2S_N100 gen=371
W5   0x34   gmii_free_FE           0xcf76f3f3
W14  0x58   tx_stat_frames_TCP     0x0029ce50
W15  0x5C   tx_stat_bytes_TCP      0xee6c8736
W20  0x70   mac_tx_frames          0x0029ce5c
W43  0xCC   mtx_stat_tx_words      0xcf76472f
W51  0xEC   app_tx_bytes           0xee6c31aa
W55  0xFC   tx_stat_retx           0x0000000d
W57  0x104  tx_retx_hi             0x1235571d
W58  0x108  tx_retx_active         0x00000000
W63  0x11C  app_frmwait_cyc        0xda95bde7
W66  0x128  tx_stat_winstall       0x12760201
W67  0x12C  tx_winstall_cap        0x00000237
W68  0x130  rx_stat_ack_adv        0x0029ce15
W69  0x134  tx_win_at_winstall     0xf53cf000
SNAP_END R4E2_C2S_N100 nff=0
SNAP_T 1791679425.676676253
SNAP_BEGIN R4E2_C2S_N101 gen=372
W5   0x34   gmii_free_FE           0xd0fbbca1
W14  0x58   tx_stat_frames_TCP     0x0029ce50
W15  0x5C   tx_stat_bytes_TCP      0xee6c8736
W20  0x70   mac_tx_frames          0x0029ce5c
W43  0xCC   mtx_stat_tx_words      0xd0fb0ef2
W51  0xEC   app_tx_bytes           0xee6c31aa
W55  0xFC   tx_stat_retx           0x0000000d
W57  0x104  tx_retx_hi             0x1235571d
W58  0x108  tx_retx_active         0x00000000
W63  0x11C  app_frmwait_cyc        0xdc1a863d
W66  0x128  tx_stat_winstall       0x12760201
W67  0x12C  tx_winstall_cap        0x00000237
W68  0x130  rx_stat_ack_adv        0x0029ce15
W69  0x134  tx_win_at_winstall     0xf53cf000
SNAP_END R4E2_C2S_N101 nff=0
SNAP_T 1791679425.841736665
SNAP_BEGIN R4E2_C2S_N102 gen=373
W5   0x34   gmii_free_FE           0xd2837b91
W14  0x58   tx_stat_frames_TCP     0x0029ce50
W15  0x5C   tx_stat_bytes_TCP      0xee6c8736
W20  0x70   mac_tx_frames          0x0029ce5c
W43  0xCC   mtx_stat_tx_words      0xd282ccf6
W51  0xEC   app_tx_bytes           0xee6c31aa
W55  0xFC   tx_stat_retx           0x0000000d
W57  0x104  tx_retx_hi             0x1235571d
W58  0x108  tx_retx_active         0x00000000
W63  0x11C  app_frmwait_cyc        0xdda244d3
W66  0x128  tx_stat_winstall       0x12760201
W67  0x12C  tx_winstall_cap        0x00000237
W68  0x130  rx_stat_ack_adv        0x0029ce15
W69  0x134  tx_win_at_winstall     0xf53cf000
SNAP_END R4E2_C2S_N102 nff=0
SNAP_T 1791679426.003641397
SNAP_BEGIN R4E2_C2S_N103 gen=374
W5   0x34   gmii_free_FE           0xd40504a7
W14  0x58   tx_stat_frames_TCP     0x0029ce50
W15  0x5C   tx_stat_bytes_TCP      0xee6c8736
W20  0x70   mac_tx_frames          0x0029ce5c
W43  0xCC   mtx_stat_tx_words      0xd4045523
W51  0xEC   app_tx_bytes           0xee6c31aa
W55  0xFC   tx_stat_retx           0x0000000d
W57  0x104  tx_retx_hi             0x1235571d
W58  0x108  tx_retx_active         0x00000000
W63  0x11C  app_frmwait_cyc        0xdf23cd91
W66  0x128  tx_stat_winstall       0x12760201
W67  0x12C  tx_winstall_cap        0x00000237
W68  0x130  rx_stat_ack_adv        0x0029ce15
W69  0x134  tx_win_at_winstall     0xf53cf000
SNAP_END R4E2_C2S_N103 nff=0
SNAP_T 1791679426.165583556
SNAP_BEGIN R4E2_C2S_N104 gen=375
W5   0x34   gmii_free_FE           0xd583d2f6
W14  0x58   tx_stat_frames_TCP     0x0029ce50
W15  0x5C   tx_stat_bytes_TCP      0xee6c8736
W20  0x70   mac_tx_frames          0x0029ce5c
W43  0xCC   mtx_stat_tx_words      0xd583228b
W51  0xEC   app_tx_bytes           0xee6c31aa
W55  0xFC   tx_stat_retx           0x0000000d
W57  0x104  tx_retx_hi             0x1235571d
W58  0x108  tx_retx_active         0x00000000
W63  0x11C  app_frmwait_cyc        0xe0a29b89
W66  0x128  tx_stat_winstall       0x12760201
W67  0x12C  tx_winstall_cap        0x00000237
W68  0x130  rx_stat_ack_adv        0x0029ce15
W69  0x134  tx_win_at_winstall     0xf53cf000
SNAP_END R4E2_C2S_N104 nff=0
SNAP_T 1791679426.326565649
SNAP_BEGIN R4E2_C2S_N105 gen=376
W5   0x34   gmii_free_FE           0xd7086e03
W14  0x58   tx_stat_frames_TCP     0x0029ce50
W15  0x5C   tx_stat_bytes_TCP      0xee6c8736
W20  0x70   mac_tx_frames          0x0029ce5c
W43  0xCC   mtx_stat_tx_words      0xd707bcae
W51  0xEC   app_tx_bytes           0xee6c31aa
W55  0xFC   tx_stat_retx           0x0000000d
W57  0x104  tx_retx_hi             0x1235571d
W58  0x108  tx_retx_active         0x00000000
W63  0x11C  app_frmwait_cyc        0xe227363d
W66  0x128  tx_stat_winstall       0x12760201
W67  0x12C  tx_winstall_cap        0x00000237
W68  0x130  rx_stat_ack_adv        0x0029ce15
W69  0x134  tx_win_at_winstall     0xf53cf000
SNAP_END R4E2_C2S_N105 nff=0
SNAP_T 1791679426.490206686
SNAP_BEGIN R4E2_C2S_N106 gen=377
W5   0x34   gmii_free_FE           0xd88ee117
W14  0x58   tx_stat_frames_TCP     0x0029ce51
W15  0x5C   tx_stat_bytes_TCP      0xee6c8736
W20  0x70   mac_tx_frames          0x0029ce5d
W43  0xCC   mtx_stat_tx_words      0xd88e2ed6
W51  0xEC   app_tx_bytes           0xee6c31aa
W55  0xFC   tx_stat_retx           0x0000000d
W57  0x104  tx_retx_hi             0x1235571d
W58  0x108  tx_retx_active         0x00000000
W63  0x11C  app_frmwait_cyc        0xe3ada8f8
W66  0x128  tx_stat_winstall       0x12760201
W67  0x12C  tx_winstall_cap        0x00000237
W68  0x130  rx_stat_ack_adv        0x0029ce15
W69  0x134  tx_win_at_winstall     0xf53cf000
SNAP_END R4E2_C2S_N106 nff=0
SNAP_T 1791679426.652770204
SNAP_BEGIN R4E2_C2S_N107 gen=378
W5   0x34   gmii_free_FE           0xda117518
W14  0x58   tx_stat_frames_TCP     0x0029ce51
W15  0x5C   tx_stat_bytes_TCP      0xee6c8736
W20  0x70   mac_tx_frames          0x0029ce5d
W43  0xCC   mtx_stat_tx_words      0xda10c1ed
W51  0xEC   app_tx_bytes           0xee6c31aa
W55  0xFC   tx_stat_retx           0x0000000d
W57  0x104  tx_retx_hi             0x1235571d
W58  0x108  tx_retx_active         0x00000000
W63  0x11C  app_frmwait_cyc        0xe5303ca0
W66  0x128  tx_stat_winstall       0x12760201
W67  0x12C  tx_winstall_cap        0x00000237
W68  0x130  rx_stat_ack_adv        0x0029ce15
W69  0x134  tx_win_at_winstall     0xf53cf000
SNAP_END R4E2_C2S_N107 nff=0
SNAP_T 1791679426.815632198
SNAP_BEGIN R4E2_C2S_N108 gen=379
W5   0x34   gmii_free_FE           0xdb91d8bd
W14  0x58   tx_stat_frames_TCP     0x0029ce51
W15  0x5C   tx_stat_bytes_TCP      0xee6c8736
W20  0x70   mac_tx_frames          0x0029ce5d
W43  0xCC   mtx_stat_tx_words      0xdb9124aa
W51  0xEC   app_tx_bytes           0xee6c31aa
W55  0xFC   tx_stat_retx           0x0000000d
W57  0x104  tx_retx_hi             0x1235571d
W58  0x108  tx_retx_active         0x00000000
W63  0x11C  app_frmwait_cyc        0xe6b09fed
W66  0x128  tx_stat_winstall       0x12760201
W67  0x12C  tx_winstall_cap        0x00000237
W68  0x130  rx_stat_ack_adv        0x0029ce15
W69  0x134  tx_win_at_winstall     0xf53cf000
SNAP_END R4E2_C2S_N108 nff=0
SNAP_T 1791679426.975657125
SNAP_BEGIN R4E2_C2S_N109 gen=380
W5   0x34   gmii_free_FE           0xdd0fcae1
W14  0x58   tx_stat_frames_TCP     0x0029ce51
W15  0x5C   tx_stat_bytes_TCP      0xee6c8736
W20  0x70   mac_tx_frames          0x0029ce5d
W43  0xCC   mtx_stat_tx_words      0xdd0f15e7
W51  0xEC   app_tx_bytes           0xee6c31aa
W55  0xFC   tx_stat_retx           0x0000000d
W57  0x104  tx_retx_hi             0x1235571d
W58  0x108  tx_retx_active         0x00000000
W63  0x11C  app_frmwait_cyc        0xe82e91ba
W66  0x128  tx_stat_winstall       0x12760201
W67  0x12C  tx_winstall_cap        0x00000237
W68  0x130  rx_stat_ack_adv        0x0029ce15
W69  0x134  tx_win_at_winstall     0xf53cf000
SNAP_END R4E2_C2S_N109 nff=0
SNAP_T 1791679427.135981188
SNAP_BEGIN R4E2_C2S_N110 gen=381
W5   0x34   gmii_free_FE           0xde9191ef
W14  0x58   tx_stat_frames_TCP     0x0029ce51
W15  0x5C   tx_stat_bytes_TCP      0xee6c8736
W20  0x70   mac_tx_frames          0x0029ce5d
W43  0xCC   mtx_stat_tx_words      0xde90dc0c
W51  0xEC   app_tx_bytes           0xee6c31aa
W55  0xFC   tx_stat_retx           0x0000000d
W57  0x104  tx_retx_hi             0x1235571d
W58  0x108  tx_retx_active         0x00000000
W63  0x11C  app_frmwait_cyc        0xe9b0586f
W66  0x128  tx_stat_winstall       0x12760201
W67  0x12C  tx_winstall_cap        0x00000237
W68  0x130  rx_stat_ack_adv        0x0029ce15
W69  0x134  tx_win_at_winstall     0xf53cf000
SNAP_END R4E2_C2S_N110 nff=0
SNAP_T 1791679427.297898941
SNAP_BEGIN R4E2_C2S_N111 gen=382
W5   0x34   gmii_free_FE           0xe013a5ac
W14  0x58   tx_stat_frames_TCP     0x0029ce51
W15  0x5C   tx_stat_bytes_TCP      0xee6c8736
W20  0x70   mac_tx_frames          0x0029ce5d
W43  0xCC   mtx_stat_tx_words      0xe012eedf
W51  0xEC   app_tx_bytes           0xee6c31aa
W55  0xFC   tx_stat_retx           0x0000000d
W57  0x104  tx_retx_hi             0x1235571d
W58  0x108  tx_retx_active         0x00000000
W63  0x11C  app_frmwait_cyc        0xeb326bd4
W66  0x128  tx_stat_winstall       0x12760201
W67  0x12C  tx_winstall_cap        0x00000237
W68  0x130  rx_stat_ack_adv        0x0029ce15
W69  0x134  tx_win_at_winstall     0xf53cf000
SNAP_END R4E2_C2S_N111 nff=0
SNAP_T 1791679427.460309338
SNAP_BEGIN R4E2_C2S_N112 gen=383
W5   0x34   gmii_free_FE           0xe197346c
W14  0x58   tx_stat_frames_TCP     0x0029ce51
W15  0x5C   tx_stat_bytes_TCP      0xee6c8736
W20  0x70   mac_tx_frames          0x0029ce5d
W43  0xCC   mtx_stat_tx_words      0xe1967cb6
W51  0xEC   app_tx_bytes           0xee6c31aa
W55  0xFC   tx_stat_retx           0x0000000d
W57  0x104  tx_retx_hi             0x1235571d
W58  0x108  tx_retx_active         0x00000000
W63  0x11C  app_frmwait_cyc        0xecb5fa3c
W66  0x128  tx_stat_winstall       0x12760201
W67  0x12C  tx_winstall_cap        0x00000237
W68  0x130  rx_stat_ack_adv        0x0029ce15
W69  0x134  tx_win_at_winstall     0xf53cf000
SNAP_END R4E2_C2S_N112 nff=0
SNAP_T 1791679427.623660714
SNAP_BEGIN R4E2_C2S_N113 gen=384
W5   0x34   gmii_free_FE           0xe31cdf48
W14  0x58   tx_stat_frames_TCP     0x0029ce51
W15  0x5C   tx_stat_bytes_TCP      0xee6c8736
W20  0x70   mac_tx_frames          0x0029ce5d
W43  0xCC   mtx_stat_tx_words      0xe31c26a7
W51  0xEC   app_tx_bytes           0xee6c31aa
W55  0xFC   tx_stat_retx           0x0000000d
W57  0x104  tx_retx_hi             0x1235571d
W58  0x108  tx_retx_active         0x00000000
W63  0x11C  app_frmwait_cyc        0xee3ba4bf
W66  0x128  tx_stat_winstall       0x12760201
W67  0x12C  tx_winstall_cap        0x00000237
W68  0x130  rx_stat_ack_adv        0x0029ce15
W69  0x134  tx_win_at_winstall     0xf53cf000
SNAP_END R4E2_C2S_N113 nff=0
SNAP_T 1791679427.785826217
SNAP_BEGIN R4E2_C2S_N114 gen=385
W5   0x34   gmii_free_FE           0xe49e8d6a
W14  0x58   tx_stat_frames_TCP     0x0029ce51
W15  0x5C   tx_stat_bytes_TCP      0xee6c8736
W20  0x70   mac_tx_frames          0x0029ce5d
W43  0xCC   mtx_stat_tx_words      0xe49dd3df
W51  0xEC   app_tx_bytes           0xee6c31aa
W55  0xFC   tx_stat_retx           0x0000000d
W57  0x104  tx_retx_hi             0x1235571d
W58  0x108  tx_retx_active         0x00000000
W63  0x11C  app_frmwait_cyc        0xefbd5288
W66  0x128  tx_stat_winstall       0x12760201
W67  0x12C  tx_winstall_cap        0x00000237
W68  0x130  rx_stat_ack_adv        0x0029ce15
W69  0x134  tx_win_at_winstall     0xf53cf000
SNAP_END R4E2_C2S_N114 nff=0
SNAP_T 1791679427.947338168
SNAP_BEGIN R4E2_C2S_N115 gen=386
W5   0x34   gmii_free_FE           0xe61ee40f
W14  0x58   tx_stat_frames_TCP     0x0029ce51
W15  0x5C   tx_stat_bytes_TCP      0xee6c8736
W20  0x70   mac_tx_frames          0x0029ce5d
W43  0xCC   mtx_stat_tx_words      0xe61e299c
W51  0xEC   app_tx_bytes           0xee6c31aa
W55  0xFC   tx_stat_retx           0x0000000d
W57  0x104  tx_retx_hi             0x1235571d
W58  0x108  tx_retx_active         0x00000000
W63  0x11C  app_frmwait_cyc        0xf13da8d5
W66  0x128  tx_stat_winstall       0x12760201
W67  0x12C  tx_winstall_cap        0x00000237
W68  0x130  rx_stat_ack_adv        0x0029ce15
W69  0x134  tx_win_at_winstall     0xf53cf000
SNAP_END R4E2_C2S_N115 nff=0
SNAP_T 1791679428.108515201
SNAP_BEGIN R4E2_C2S_N116 gen=387
W5   0x34   gmii_free_FE           0xe79c7000
W14  0x58   tx_stat_frames_TCP     0x0029ce51
W15  0x5C   tx_stat_bytes_TCP      0xee6c8736
W20  0x70   mac_tx_frames          0x0029ce5d
W43  0xCC   mtx_stat_tx_words      0xe79bb4a6
W51  0xEC   app_tx_bytes           0xee6c31aa
W55  0xFC   tx_stat_retx           0x0000000d
W57  0x104  tx_retx_hi             0x1235571d
W58  0x108  tx_retx_active         0x00000000
W63  0x11C  app_frmwait_cyc        0xf2bb346f
W66  0x128  tx_stat_winstall       0x12760201
W67  0x12C  tx_winstall_cap        0x00000237
W68  0x130  rx_stat_ack_adv        0x0029ce15
W69  0x134  tx_win_at_winstall     0xf53cf000
SNAP_END R4E2_C2S_N116 nff=0
SNAP_T 1791679428.268495078
SNAP_BEGIN R4E2_C2S_N117 gen=388
W5   0x34   gmii_free_FE           0xe91a031c
W14  0x58   tx_stat_frames_TCP     0x0029ce51
W15  0x5C   tx_stat_bytes_TCP      0xee6c8736
W20  0x70   mac_tx_frames          0x0029ce5d
W43  0xCC   mtx_stat_tx_words      0xe91946db
W51  0xEC   app_tx_bytes           0xee6c31aa
W55  0xFC   tx_stat_retx           0x0000000d
W57  0x104  tx_retx_hi             0x1235571d
W58  0x108  tx_retx_active         0x00000000
W63  0x11C  app_frmwait_cyc        0xf438c733
W66  0x128  tx_stat_winstall       0x12760201
W67  0x12C  tx_winstall_cap        0x00000237
W68  0x130  rx_stat_ack_adv        0x0029ce15
W69  0x134  tx_win_at_winstall     0xf53cf000
SNAP_END R4E2_C2S_N117 nff=0
SNAP_T 1791679428.428539368
SNAP_BEGIN R4E2_C2S_N118 gen=389
W5   0x34   gmii_free_FE           0xea9b576c
W14  0x58   tx_stat_frames_TCP     0x0029ce51
W15  0x5C   tx_stat_bytes_TCP      0xee6c8736
W20  0x70   mac_tx_frames          0x0029ce5d
W43  0xCC   mtx_stat_tx_words      0xea9a9a42
W51  0xEC   app_tx_bytes           0xee6c31aa
W55  0xFC   tx_stat_retx           0x0000000d
W57  0x104  tx_retx_hi             0x1235571d
W58  0x108  tx_retx_active         0x00000000
W63  0x11C  app_frmwait_cyc        0xf5ba1b2a
W66  0x128  tx_stat_winstall       0x12760201
W67  0x12C  tx_winstall_cap        0x00000237
W68  0x130  rx_stat_ack_adv        0x0029ce15
W69  0x134  tx_win_at_winstall     0xf53cf000
SNAP_END R4E2_C2S_N118 nff=0
SNAP_T 1791679428.590680303
SNAP_BEGIN R4E2_C2S_N119 gen=390
W5   0x34   gmii_free_FE           0xec1e0877
W14  0x58   tx_stat_frames_TCP     0x0029ce51
W15  0x5C   tx_stat_bytes_TCP      0xee6c8736
W20  0x70   mac_tx_frames          0x0029ce5d
W43  0xCC   mtx_stat_tx_words      0xec1d4a63
W51  0xEC   app_tx_bytes           0xee6c31aa
W55  0xFC   tx_stat_retx           0x0000000d
W57  0x104  tx_retx_hi             0x1235571d
W58  0x108  tx_retx_active         0x00000000
W63  0x11C  app_frmwait_cyc        0xf73ccbdd
W66  0x128  tx_stat_winstall       0x12760201
W67  0x12C  tx_winstall_cap        0x00000237
W68  0x130  rx_stat_ack_adv        0x0029ce15
W69  0x134  tx_win_at_winstall     0xf53cf000
SNAP_END R4E2_C2S_N119 nff=0
SNAP_T 1791679428.751936847
SNAP_BEGIN R4E2_C2S_N120 gen=391
W5   0x34   gmii_free_FE           0xed9e2bd8
W14  0x58   tx_stat_frames_TCP     0x0029ce51
W15  0x5C   tx_stat_bytes_TCP      0xee6c8736
W20  0x70   mac_tx_frames          0x0029ce5d
W43  0xCC   mtx_stat_tx_words      0xed9d6cdc
W51  0xEC   app_tx_bytes           0xee6c31aa
W55  0xFC   tx_stat_retx           0x0000000d
W57  0x104  tx_retx_hi             0x1235571d
W58  0x108  tx_retx_active         0x00000000
W63  0x11C  app_frmwait_cyc        0xf8bceee6
W66  0x128  tx_stat_winstall       0x12760201
W67  0x12C  tx_winstall_cap        0x00000237
W68  0x130  rx_stat_ack_adv        0x0029ce15
W69  0x134  tx_win_at_winstall     0xf53cf000
SNAP_END R4E2_C2S_N120 nff=0
SNAP_T 1791679428.913497518
SNAP_BEGIN R4E2_C2S_N121 gen=392
W5   0x34   gmii_free_FE           0xef1c18b6
W14  0x58   tx_stat_frames_TCP     0x0029ce51
W15  0x5C   tx_stat_bytes_TCP      0xee6c8736
W20  0x70   mac_tx_frames          0x0029ce5d
W43  0xCC   mtx_stat_tx_words      0xef1b58d3
W51  0xEC   app_tx_bytes           0xee6c31aa
W55  0xFC   tx_stat_retx           0x0000000d
W57  0x104  tx_retx_hi             0x1235571d
W58  0x108  tx_retx_active         0x00000000
W63  0x11C  app_frmwait_cyc        0xfa3adb6c
W66  0x128  tx_stat_winstall       0x12760201
W67  0x12C  tx_winstall_cap        0x00000237
W68  0x130  rx_stat_ack_adv        0x0029ce15
W69  0x134  tx_win_at_winstall     0xf53cf000
SNAP_END R4E2_C2S_N121 nff=0
SNAP_T 1791679429.073618366
SNAP_BEGIN R4E2_C2S_N122 gen=393
W5   0x34   gmii_free_FE           0xf0998313
W14  0x58   tx_stat_frames_TCP     0x0029ce51
W15  0x5C   tx_stat_bytes_TCP      0xee6c8736
W20  0x70   mac_tx_frames          0x0029ce5d
W43  0xCC   mtx_stat_tx_words      0xf098c249
W51  0xEC   app_tx_bytes           0xee6c31aa
W55  0xFC   tx_stat_retx           0x0000000d
W57  0x104  tx_retx_hi             0x1235571d
W58  0x108  tx_retx_active         0x00000000
W63  0x11C  app_frmwait_cyc        0xfbb84571
W66  0x128  tx_stat_winstall       0x12760201
W67  0x12C  tx_winstall_cap        0x00000237
W68  0x130  rx_stat_ack_adv        0x0029ce15
W69  0x134  tx_win_at_winstall     0xf53cf000
SNAP_END R4E2_C2S_N122 nff=0
SNAP_T 1791679429.233601556
SNAP_BEGIN R4E2_C2S_N123 gen=394
W5   0x34   gmii_free_FE           0xf2187897
W14  0x58   tx_stat_frames_TCP     0x0029ce51
W15  0x5C   tx_stat_bytes_TCP      0xee6c8736
W20  0x70   mac_tx_frames          0x0029ce5d
W43  0xCC   mtx_stat_tx_words      0xf217b6e6
W51  0xEC   app_tx_bytes           0xee6c31aa
W55  0xFC   tx_stat_retx           0x0000000d
W57  0x104  tx_retx_hi             0x1235571d
W58  0x108  tx_retx_active         0x00000000
W63  0x11C  app_frmwait_cyc        0xfd373a9e
W66  0x128  tx_stat_winstall       0x12760201
W67  0x12C  tx_winstall_cap        0x00000237
W68  0x130  rx_stat_ack_adv        0x0029ce15
W69  0x134  tx_win_at_winstall     0xf53cf000
SNAP_END R4E2_C2S_N123 nff=0
SNAP_T 1791679429.394440949
SNAP_BEGIN R4E2_C2S_N124 gen=395
W5   0x34   gmii_free_FE           0xf39943f6
W14  0x58   tx_stat_frames_TCP     0x0029ce51
W15  0x5C   tx_stat_bytes_TCP      0xee6c8736
W20  0x70   mac_tx_frames          0x0029ce5d
W43  0xCC   mtx_stat_tx_words      0xf398815c
W51  0xEC   app_tx_bytes           0xee6c31aa
W55  0xFC   tx_stat_retx           0x0000000d
W57  0x104  tx_retx_hi             0x1235571d
W58  0x108  tx_retx_active         0x00000000
W63  0x11C  app_frmwait_cyc        0xfeb805a5
W66  0x128  tx_stat_winstall       0x12760201
W67  0x12C  tx_winstall_cap        0x00000237
W68  0x130  rx_stat_ack_adv        0x0029ce15
W69  0x134  tx_win_at_winstall     0xf53cf000
SNAP_END R4E2_C2S_N124 nff=0
SNAP_T 1791679429.555857563
SNAP_BEGIN R4E2_C2S_N125 gen=396
W5   0x34   gmii_free_FE           0xf51abe9a
W14  0x58   tx_stat_frames_TCP     0x0029ce51
W15  0x5C   tx_stat_bytes_TCP      0xee6c8736
W20  0x70   mac_tx_frames          0x0029ce5d
W43  0xCC   mtx_stat_tx_words      0xf519fb17
W51  0xEC   app_tx_bytes           0xee6c31aa
W55  0xFC   tx_stat_retx           0x0000000d
W57  0x104  tx_retx_hi             0x1235571d
W58  0x108  tx_retx_active         0x00000000
W63  0x11C  app_frmwait_cyc        0x00397ff0
W66  0x128  tx_stat_winstall       0x12760201
W67  0x12C  tx_winstall_cap        0x00000237
W68  0x130  rx_stat_ack_adv        0x0029ce15
W69  0x134  tx_win_at_winstall     0xf53cf000
SNAP_END R4E2_C2S_N125 nff=0
SNAP_T 1791679429.717667239
SNAP_BEGIN R4E2_C2S_N126 gen=397
W5   0x34   gmii_free_FE           0xf69cf624
W14  0x58   tx_stat_frames_TCP     0x0029ce51
W15  0x5C   tx_stat_bytes_TCP      0xee6c8736
W20  0x70   mac_tx_frames          0x0029ce5d
W43  0xCC   mtx_stat_tx_words      0xf69c31b7
W51  0xEC   app_tx_bytes           0xee6c31aa
W55  0xFC   tx_stat_retx           0x0000000d
W57  0x104  tx_retx_hi             0x1235571d
W58  0x108  tx_retx_active         0x00000000
W63  0x11C  app_frmwait_cyc        0x01bbb721
W66  0x128  tx_stat_winstall       0x12760201
W67  0x12C  tx_winstall_cap        0x00000237
W68  0x130  rx_stat_ack_adv        0x0029ce15
W69  0x134  tx_win_at_winstall     0xf53cf000
SNAP_END R4E2_C2S_N126 nff=0
SNAP_T 1791679429.880221840
SNAP_BEGIN R4E2_C2S_N127 gen=398
W5   0x34   gmii_free_FE           0xf8217c76
W14  0x58   tx_stat_frames_TCP     0x0029ce51
W15  0x5C   tx_stat_bytes_TCP      0xee6c8736
W20  0x70   mac_tx_frames          0x0029ce5d
W43  0xCC   mtx_stat_tx_words      0xf820b71d
W51  0xEC   app_tx_bytes           0xee6c31aa
W55  0xFC   tx_stat_retx           0x0000000d
W57  0x104  tx_retx_hi             0x1235571d
W58  0x108  tx_retx_active         0x00000000
W63  0x11C  app_frmwait_cyc        0x03403d19
W66  0x128  tx_stat_winstall       0x12760201
W67  0x12C  tx_winstall_cap        0x00000237
W68  0x130  rx_stat_ack_adv        0x0029ce15
W69  0x134  tx_win_at_winstall     0xf53cf000
SNAP_END R4E2_C2S_N127 nff=0
SNAP_T 1791679430.042313996
SNAP_BEGIN R4E2_C2S_N128 gen=399
W5   0x34   gmii_free_FE           0xf9a4081d
W14  0x58   tx_stat_frames_TCP     0x0029ce51
W15  0x5C   tx_stat_bytes_TCP      0xee6c8736
W20  0x70   mac_tx_frames          0x0029ce5d
W43  0xCC   mtx_stat_tx_words      0xf9a341db
W51  0xEC   app_tx_bytes           0xee6c31aa
W55  0xFC   tx_stat_retx           0x0000000d
W57  0x104  tx_retx_hi             0x1235571d
W58  0x108  tx_retx_active         0x00000000
W63  0x11C  app_frmwait_cyc        0x04c2c868
W66  0x128  tx_stat_winstall       0x12760201
W67  0x12C  tx_winstall_cap        0x00000237
W68  0x130  rx_stat_ack_adv        0x0029ce15
W69  0x134  tx_win_at_winstall     0xf53cf000
SNAP_END R4E2_C2S_N128 nff=0
SNAP_T 1791679430.205815220
SNAP_BEGIN R4E2_C2S_N129 gen=400
W5   0x34   gmii_free_FE           0xfb28b3d8
W14  0x58   tx_stat_frames_TCP     0x0029ce51
W15  0x5C   tx_stat_bytes_TCP      0xee6c8736
W20  0x70   mac_tx_frames          0x0029ce5d
W43  0xCC   mtx_stat_tx_words      0xfb27ecaa
W51  0xEC   app_tx_bytes           0xee6c31aa
W55  0xFC   tx_stat_retx           0x0000000d
W57  0x104  tx_retx_hi             0x1235571d
W58  0x108  tx_retx_active         0x00000000
W63  0x11C  app_frmwait_cyc        0x064773c9
W66  0x128  tx_stat_winstall       0x12760201
W67  0x12C  tx_winstall_cap        0x00000237
W68  0x130  rx_stat_ack_adv        0x0029ce15
W69  0x134  tx_win_at_winstall     0xf53cf000
SNAP_END R4E2_C2S_N129 nff=0
SNAP_T 1791679430.366891885
SNAP_BEGIN R4E2_C2S_N130 gen=401
W5   0x34   gmii_free_FE           0xfca6586d
W14  0x58   tx_stat_frames_TCP     0x0029ce51
W15  0x5C   tx_stat_bytes_TCP      0xee6c8736
W20  0x70   mac_tx_frames          0x0029ce5d
W43  0xCC   mtx_stat_tx_words      0xfca59058
W51  0xEC   app_tx_bytes           0xee6c31aa
W55  0xFC   tx_stat_retx           0x0000000d
W57  0x104  tx_retx_hi             0x1235571d
W58  0x108  tx_retx_active         0x00000000
W63  0x11C  app_frmwait_cyc        0x07c51806
W66  0x128  tx_stat_winstall       0x12760201
W67  0x12C  tx_winstall_cap        0x00000237
W68  0x130  rx_stat_ack_adv        0x0029ce15
W69  0x134  tx_win_at_winstall     0xf53cf000
SNAP_END R4E2_C2S_N130 nff=0
SNAP_T 1791679430.527757243
SNAP_BEGIN R4E2_C2S_N131 gen=402
W5   0x34   gmii_free_FE           0xfe2844ba
W14  0x58   tx_stat_frames_TCP     0x0029ce51
W15  0x5C   tx_stat_bytes_TCP      0xee6c8736
W20  0x70   mac_tx_frames          0x0029ce5d
W43  0xCC   mtx_stat_tx_words      0xfe277bbb
W51  0xEC   app_tx_bytes           0xee6c31aa
W55  0xFC   tx_stat_retx           0x0000000d
W57  0x104  tx_retx_hi             0x1235571d
W58  0x108  tx_retx_active         0x00000000
W63  0x11C  app_frmwait_cyc        0x094703fa
W66  0x128  tx_stat_winstall       0x12760201
W67  0x12C  tx_winstall_cap        0x00000237
W68  0x130  rx_stat_ack_adv        0x0029ce15
W69  0x134  tx_win_at_winstall     0xf53cf000
SNAP_END R4E2_C2S_N131 nff=0
SNAP_T 1791679430.692206734
SNAP_BEGIN R4E2_C2S_N132 gen=403
W5   0x34   gmii_free_FE           0xffb10134
W14  0x58   tx_stat_frames_TCP     0x0029ce51
W15  0x5C   tx_stat_bytes_TCP      0xee6c8736
W20  0x70   mac_tx_frames          0x0029ce5d
W43  0xCC   mtx_stat_tx_words      0xffb03747
W51  0xEC   app_tx_bytes           0xee6c31aa
W55  0xFC   tx_stat_retx           0x0000000d
W57  0x104  tx_retx_hi             0x1235571d
W58  0x108  tx_retx_active         0x00000000
W63  0x11C  app_frmwait_cyc        0x0acfc01a
W66  0x128  tx_stat_winstall       0x12760201
W67  0x12C  tx_winstall_cap        0x00000237
W68  0x130  rx_stat_ack_adv        0x0029ce15
W69  0x134  tx_win_at_winstall     0xf53cf000
SNAP_END R4E2_C2S_N132 nff=0
SNAP_T 1791679430.853546578
SNAP_BEGIN R4E2_C2S_N133 gen=404
W5   0x34   gmii_free_FE           0x012e5bff
W14  0x58   tx_stat_frames_TCP     0x0029ce51
W15  0x5C   tx_stat_bytes_TCP      0xee6c8736
W20  0x70   mac_tx_frames          0x0029ce5d
W43  0xCC   mtx_stat_tx_words      0x012d912b
W51  0xEC   app_tx_bytes           0xee6c31aa
W55  0xFC   tx_stat_retx           0x0000000d
W57  0x104  tx_retx_hi             0x1235571d
W58  0x108  tx_retx_active         0x00000000
W63  0x11C  app_frmwait_cyc        0x0c4d1a8d
W66  0x128  tx_stat_winstall       0x12760201
W67  0x12C  tx_winstall_cap        0x00000237
W68  0x130  rx_stat_ack_adv        0x0029ce15
W69  0x134  tx_win_at_winstall     0xf53cf000
SNAP_END R4E2_C2S_N133 nff=0
SNAP_T 1791679431.014590912
SNAP_BEGIN R4E2_C2S_N134 gen=405
W5   0x34   gmii_free_FE           0x02b1353c
W14  0x58   tx_stat_frames_TCP     0x0029ce51
W15  0x5C   tx_stat_bytes_TCP      0xee6c8736
W20  0x70   mac_tx_frames          0x0029ce5d
W43  0xCC   mtx_stat_tx_words      0x02b0697e
W51  0xEC   app_tx_bytes           0xee6c31aa
W55  0xFC   tx_stat_retx           0x0000000d
W57  0x104  tx_retx_hi             0x1235571d
W58  0x108  tx_retx_active         0x00000000
W63  0x11C  app_frmwait_cyc        0x0dcff371
W66  0x128  tx_stat_winstall       0x12760201
W67  0x12C  tx_winstall_cap        0x00000237
W68  0x130  rx_stat_ack_adv        0x0029ce15
W69  0x134  tx_win_at_winstall     0xf53cf000
SNAP_END R4E2_C2S_N134 nff=0
SNAP_T 1791679431.176411721
SNAP_BEGIN R4E2_C2S_N135 gen=406
W5   0x34   gmii_free_FE           0x042efebf
W14  0x58   tx_stat_frames_TCP     0x0029ce51
W15  0x5C   tx_stat_bytes_TCP      0xee6c8736
W20  0x70   mac_tx_frames          0x0029ce5d
W43  0xCC   mtx_stat_tx_words      0x042e321a
W51  0xEC   app_tx_bytes           0xee6c31aa
W55  0xFC   tx_stat_retx           0x0000000d
W57  0x104  tx_retx_hi             0x1235571d
W58  0x108  tx_retx_active         0x00000000
W63  0x11C  app_frmwait_cyc        0x0f4dbc9c
W66  0x128  tx_stat_winstall       0x12760201
W67  0x12C  tx_winstall_cap        0x00000237
W68  0x130  rx_stat_ack_adv        0x0029ce15
W69  0x134  tx_win_at_winstall     0xf53cf000
SNAP_END R4E2_C2S_N135 nff=0
SNAP_T 1791679431.336893180
SNAP_BEGIN R4E2_C2S_N136 gen=407
W5   0x34   gmii_free_FE           0x05b2589b
W14  0x58   tx_stat_frames_TCP     0x0029ce51
W15  0x5C   tx_stat_bytes_TCP      0xee6c8736
W20  0x70   mac_tx_frames          0x0029ce5d
W43  0xCC   mtx_stat_tx_words      0x05b18b0c
W51  0xEC   app_tx_bytes           0xee6c31aa
W55  0xFC   tx_stat_retx           0x0000000d
W57  0x104  tx_retx_hi             0x1235571d
W58  0x108  tx_retx_active         0x00000000
W63  0x11C  app_frmwait_cyc        0x10d1161f
W66  0x128  tx_stat_winstall       0x12760201
W67  0x12C  tx_winstall_cap        0x00000237
W68  0x130  rx_stat_ack_adv        0x0029ce15
W69  0x134  tx_win_at_winstall     0xf53cf000
SNAP_END R4E2_C2S_N136 nff=0
SNAP_T 1791679431.499622382
SNAP_BEGIN R4E2_C2S_N137 gen=408
W5   0x34   gmii_free_FE           0x0736d633
W14  0x58   tx_stat_frames_TCP     0x0029ce51
W15  0x5C   tx_stat_bytes_TCP      0xee6c8736
W20  0x70   mac_tx_frames          0x0029ce5d
W43  0xCC   mtx_stat_tx_words      0x073607b8
W51  0xEC   app_tx_bytes           0xee6c31aa
W55  0xFC   tx_stat_retx           0x0000000d
W57  0x104  tx_retx_hi             0x1235571d
W58  0x108  tx_retx_active         0x00000000
W63  0x11C  app_frmwait_cyc        0x1255935d
W66  0x128  tx_stat_winstall       0x12760201
W67  0x12C  tx_winstall_cap        0x00000237
W68  0x130  rx_stat_ack_adv        0x0029ce15
W69  0x134  tx_win_at_winstall     0xf53cf000
SNAP_END R4E2_C2S_N137 nff=0
SNAP_T 1791679431.663085524
SNAP_BEGIN R4E2_C2S_N138 gen=409
W5   0x34   gmii_free_FE           0x08bac74d
W14  0x58   tx_stat_frames_TCP     0x0029ce51
W15  0x5C   tx_stat_bytes_TCP      0xee6c8736
W20  0x70   mac_tx_frames          0x0029ce5d
W43  0xCC   mtx_stat_tx_words      0x08b9f7e7
W51  0xEC   app_tx_bytes           0xee6c31aa
W55  0xFC   tx_stat_retx           0x0000000d
W57  0x104  tx_retx_hi             0x1235571d
W58  0x108  tx_retx_active         0x00000000
W63  0x11C  app_frmwait_cyc        0x13d9841d
W66  0x128  tx_stat_winstall       0x12760201
W67  0x12C  tx_winstall_cap        0x00000237
W68  0x130  rx_stat_ack_adv        0x0029ce15
W69  0x134  tx_win_at_winstall     0xf53cf000
SNAP_END R4E2_C2S_N138 nff=0
SNAP_T 1791679431.824714870
SNAP_BEGIN R4E2_C2S_N139 gen=410
W5   0x34   gmii_free_FE           0x0a3b82c9
W14  0x58   tx_stat_frames_TCP     0x0029ce51
W15  0x5C   tx_stat_bytes_TCP      0xee6c8736
W20  0x70   mac_tx_frames          0x0029ce5d
W43  0xCC   mtx_stat_tx_words      0x0a3ab27a
W51  0xEC   app_tx_bytes           0xee6c31aa
W55  0xFC   tx_stat_retx           0x0000000d
W57  0x104  tx_retx_hi             0x1235571d
W58  0x108  tx_retx_active         0x00000000
W63  0x11C  app_frmwait_cyc        0x155a3f41
W66  0x128  tx_stat_winstall       0x12760201
W67  0x12C  tx_winstall_cap        0x00000237
W68  0x130  rx_stat_ack_adv        0x0029ce15
W69  0x134  tx_win_at_winstall     0xf53cf000
SNAP_END R4E2_C2S_N139 nff=0
SNAP_T 1791679431.986068812
SNAP_BEGIN R4E2_C2S_N140 gen=411
W5   0x34   gmii_free_FE           0x0bba1d9d
W14  0x58   tx_stat_frames_TCP     0x0029ce51
W15  0x5C   tx_stat_bytes_TCP      0xee6c8736
W20  0x70   mac_tx_frames          0x0029ce5d
W43  0xCC   mtx_stat_tx_words      0x0bb94c66
W51  0xEC   app_tx_bytes           0xee6c31aa
W55  0xFC   tx_stat_retx           0x0000000d
W57  0x104  tx_retx_hi             0x1235571d
W58  0x108  tx_retx_active         0x00000000
W63  0x11C  app_frmwait_cyc        0x16d8d9bc
W66  0x128  tx_stat_winstall       0x12760201
W67  0x12C  tx_winstall_cap        0x00000237
W68  0x130  rx_stat_ack_adv        0x0029ce15
W69  0x134  tx_win_at_winstall     0xf53cf000
SNAP_END R4E2_C2S_N140 nff=0
SNAP_T 1791679432.146940532
SNAP_BEGIN R4E2_C2S_N141 gen=412
W5   0x34   gmii_free_FE           0x0d3d1e5c
W14  0x58   tx_stat_frames_TCP     0x0029ce51
W15  0x5C   tx_stat_bytes_TCP      0xee6c8736
W20  0x70   mac_tx_frames          0x0029ce5d
W43  0xCC   mtx_stat_tx_words      0x0d3c4c3a
W51  0xEC   app_tx_bytes           0xee6c31aa
W55  0xFC   tx_stat_retx           0x0000000d
W57  0x104  tx_retx_hi             0x1235571d
W58  0x108  tx_retx_active         0x00000000
W63  0x11C  app_frmwait_cyc        0x185bda22
W66  0x128  tx_stat_winstall       0x12760201
W67  0x12C  tx_winstall_cap        0x00000237
W68  0x130  rx_stat_ack_adv        0x0029ce15
W69  0x134  tx_win_at_winstall     0xf53cf000
SNAP_END R4E2_C2S_N141 nff=0
SNAP_T 1791679432.308632758
SNAP_BEGIN R4E2_C2S_N142 gen=413
W5   0x34   gmii_free_FE           0x0ebe47fa
W14  0x58   tx_stat_frames_TCP     0x0029ce51
W15  0x5C   tx_stat_bytes_TCP      0xee6c8736
W20  0x70   mac_tx_frames          0x0029ce5d
W43  0xCC   mtx_stat_tx_words      0x0ebd74ef
W51  0xEC   app_tx_bytes           0xee6c31aa
W55  0xFC   tx_stat_retx           0x0000000d
W57  0x104  tx_retx_hi             0x1235571d
W58  0x108  tx_retx_active         0x00000000
W63  0x11C  app_frmwait_cyc        0x19dd0367
W66  0x128  tx_stat_winstall       0x12760201
W67  0x12C  tx_winstall_cap        0x00000237
W68  0x130  rx_stat_ack_adv        0x0029ce15
W69  0x134  tx_win_at_winstall     0xf53cf000
SNAP_END R4E2_C2S_N142 nff=0
SNAP_T 1791679432.470806016
SNAP_BEGIN R4E2_C2S_N143 gen=414
W5   0x34   gmii_free_FE           0x103d8fc5
W14  0x58   tx_stat_frames_TCP     0x0029ce51
W15  0x5C   tx_stat_bytes_TCP      0xee6c8736
W20  0x70   mac_tx_frames          0x0029ce5d
W43  0xCC   mtx_stat_tx_words      0x103cbbd1
W51  0xEC   app_tx_bytes           0xee6c31aa
W55  0xFC   tx_stat_retx           0x0000000d
W57  0x104  tx_retx_hi             0x1235571d
W58  0x108  tx_retx_active         0x00000000
W63  0x11C  app_frmwait_cyc        0x1b5c4ad9
W66  0x128  tx_stat_winstall       0x12760201
W67  0x12C  tx_winstall_cap        0x00000237
W68  0x130  rx_stat_ack_adv        0x0029ce15
W69  0x134  tx_win_at_winstall     0xf53cf000
SNAP_END R4E2_C2S_N143 nff=0
SNAP_T 1791679432.631585967
SNAP_BEGIN R4E2_C2S_N144 gen=415
W5   0x34   gmii_free_FE           0x11c08ccc
W14  0x58   tx_stat_frames_TCP     0x0029ce51
W15  0x5C   tx_stat_bytes_TCP      0xee6c8736
W20  0x70   mac_tx_frames          0x0029ce5d
W43  0xCC   mtx_stat_tx_words      0x11bfb7ed
W51  0xEC   app_tx_bytes           0xee6c31aa
W55  0xFC   tx_stat_retx           0x0000000d
W57  0x104  tx_retx_hi             0x1235571d
W58  0x108  tx_retx_active         0x00000000
W63  0x11C  app_frmwait_cyc        0x1cdf4787
W66  0x128  tx_stat_winstall       0x12760201
W67  0x12C  tx_winstall_cap        0x00000237
W68  0x130  rx_stat_ack_adv        0x0029ce15
W69  0x134  tx_win_at_winstall     0xf53cf000
SNAP_END R4E2_C2S_N144 nff=0
SNAP_T 1791679432.793079040
SNAP_BEGIN R4E2_C2S_N145 gen=416
W5   0x34   gmii_free_FE           0x133e7042
W14  0x58   tx_stat_frames_TCP     0x0029ce51
W15  0x5C   tx_stat_bytes_TCP      0xee6c8736
W20  0x70   mac_tx_frames          0x0029ce5d
W43  0xCC   mtx_stat_tx_words      0x133d9a7c
W51  0xEC   app_tx_bytes           0xee6c31aa
W55  0xFC   tx_stat_retx           0x0000000d
W57  0x104  tx_retx_hi             0x1235571d
W58  0x108  tx_retx_active         0x00000000
W63  0x11C  app_frmwait_cyc        0x1e5d2aa4
W66  0x128  tx_stat_winstall       0x12760201
W67  0x12C  tx_winstall_cap        0x00000237
W68  0x130  rx_stat_ack_adv        0x0029ce15
W69  0x134  tx_win_at_winstall     0xf53cf000
SNAP_END R4E2_C2S_N145 nff=0
SNAP_T 1791679432.954240234
SNAP_BEGIN R4E2_C2S_N146 gen=417
W5   0x34   gmii_free_FE           0x14c10da9
W14  0x58   tx_stat_frames_TCP     0x0029ce51
W15  0x5C   tx_stat_bytes_TCP      0xee6c8736
W20  0x70   mac_tx_frames          0x0029ce5d
W43  0xCC   mtx_stat_tx_words      0x14c036f9
W51  0xEC   app_tx_bytes           0xee6c31aa
W55  0xFC   tx_stat_retx           0x0000000d
W57  0x104  tx_retx_hi             0x1235571d
W58  0x108  tx_retx_active         0x00000000
W63  0x11C  app_frmwait_cyc        0x1fdfc7b2
W66  0x128  tx_stat_winstall       0x12760201
W67  0x12C  tx_winstall_cap        0x00000237
W68  0x130  rx_stat_ack_adv        0x0029ce15
W69  0x134  tx_win_at_winstall     0xf53cf000
SNAP_END R4E2_C2S_N146 nff=0
SNAP_T 1791679433.115749174
SNAP_BEGIN R4E2_C2S_N147 gen=418
W5   0x34   gmii_free_FE           0x1642a27f
W14  0x58   tx_stat_frames_TCP     0x0029ce51
W15  0x5C   tx_stat_bytes_TCP      0xee6c8736
W20  0x70   mac_tx_frames          0x0029ce5d
W43  0xCC   mtx_stat_tx_words      0x1641cae4
W51  0xEC   app_tx_bytes           0xee6c31aa
W55  0xFC   tx_stat_retx           0x0000000d
W57  0x104  tx_retx_hi             0x1235571d
W58  0x108  tx_retx_active         0x00000000
W63  0x11C  app_frmwait_cyc        0x21615c2f
W66  0x128  tx_stat_winstall       0x12760201
W67  0x12C  tx_winstall_cap        0x00000237
W68  0x130  rx_stat_ack_adv        0x0029ce15
W69  0x134  tx_win_at_winstall     0xf53cf000
SNAP_END R4E2_C2S_N147 nff=0
SNAP_T 1791679433.277104304
SNAP_BEGIN R4E2_C2S_N148 gen=419
W5   0x34   gmii_free_FE           0x17bff4fd
W14  0x58   tx_stat_frames_TCP     0x0029ce51
W15  0x5C   tx_stat_bytes_TCP      0xee6c8736
W20  0x70   mac_tx_frames          0x0029ce5d
W43  0xCC   mtx_stat_tx_words      0x17bf1c7b
W51  0xEC   app_tx_bytes           0xee6c31aa
W55  0xFC   tx_stat_retx           0x0000000d
W57  0x104  tx_retx_hi             0x1235571d
W58  0x108  tx_retx_active         0x00000000
W63  0x11C  app_frmwait_cyc        0x22deae54
W66  0x128  tx_stat_winstall       0x12760201
W67  0x12C  tx_winstall_cap        0x00000237
W68  0x130  rx_stat_ack_adv        0x0029ce15
W69  0x134  tx_win_at_winstall     0xf53cf000
SNAP_END R4E2_C2S_N148 nff=0
SNAP_T 1791679433.437916187
SNAP_BEGIN R4E2_C2S_N149 gen=420
W5   0x34   gmii_free_FE           0x194296dd
W14  0x58   tx_stat_frames_TCP     0x0029ce51
W15  0x5C   tx_stat_bytes_TCP      0xee6c8736
W20  0x70   mac_tx_frames          0x0029ce5d
W43  0xCC   mtx_stat_tx_words      0x1941bd71
W51  0xEC   app_tx_bytes           0xee6c31aa
W55  0xFC   tx_stat_retx           0x0000000d
W57  0x104  tx_retx_hi             0x1235571d
W58  0x108  tx_retx_active         0x00000000
W63  0x11C  app_frmwait_cyc        0x24614fdb
W66  0x128  tx_stat_winstall       0x12760201
W67  0x12C  tx_winstall_cap        0x00000237
W68  0x130  rx_stat_ack_adv        0x0029ce15
W69  0x134  tx_win_at_winstall     0xf53cf000
SNAP_END R4E2_C2S_N149 nff=0
SNAP_T 1791679433.599975085
SNAP_BEGIN R4E2_C2S_N150 gen=421
W5   0x34   gmii_free_FE           0x1ac50d93
W14  0x58   tx_stat_frames_TCP     0x0029ce51
W15  0x5C   tx_stat_bytes_TCP      0xee6c8736
W20  0x70   mac_tx_frames          0x0029ce5d
W43  0xCC   mtx_stat_tx_words      0x1ac4333c
W51  0xEC   app_tx_bytes           0xee6c31aa
W55  0xFC   tx_stat_retx           0x0000000d
W57  0x104  tx_retx_hi             0x1235571d
W58  0x108  tx_retx_active         0x00000000
W63  0x11C  app_frmwait_cyc        0x25e3c638
W66  0x128  tx_stat_winstall       0x12760201
W67  0x12C  tx_winstall_cap        0x00000237
W68  0x130  rx_stat_ack_adv        0x0029ce15
W69  0x134  tx_win_at_winstall     0xf53cf000
SNAP_END R4E2_C2S_N150 nff=0
SNAP_T 1791679433.765482754
SNAP_BEGIN R4E2_C2S_N151 gen=422
W5   0x34   gmii_free_FE           0x1c4f475d
W14  0x58   tx_stat_frames_TCP     0x0029ce51
W15  0x5C   tx_stat_bytes_TCP      0xee6c8736
W20  0x70   mac_tx_frames          0x0029ce5d
W43  0xCC   mtx_stat_tx_words      0x1c4e6c17
W51  0xEC   app_tx_bytes           0xee6c31aa
W55  0xFC   tx_stat_retx           0x0000000d
W57  0x104  tx_retx_hi             0x1235571d
W58  0x108  tx_retx_active         0x00000000
W63  0x11C  app_frmwait_cyc        0x276dffa6
W66  0x128  tx_stat_winstall       0x12760201
W67  0x12C  tx_winstall_cap        0x00000237
W68  0x130  rx_stat_ack_adv        0x0029ce15
W69  0x134  tx_win_at_winstall     0xf53cf000
SNAP_END R4E2_C2S_N151 nff=0
SNAP_T 1791679433.926929685
SNAP_BEGIN R4E2_C2S_N152 gen=423
W5   0x34   gmii_free_FE           0x1dd04c60
W14  0x58   tx_stat_frames_TCP     0x0029ce51
W15  0x5C   tx_stat_bytes_TCP      0xee6c8736
W20  0x70   mac_tx_frames          0x0029ce5d
W43  0xCC   mtx_stat_tx_words      0x1dcf7030
W51  0xEC   app_tx_bytes           0xee6c31aa
W55  0xFC   tx_stat_retx           0x0000000d
W57  0x104  tx_retx_hi             0x1235571d
W58  0x108  tx_retx_active         0x00000000
W63  0x11C  app_frmwait_cyc        0x28ef044f
W66  0x128  tx_stat_winstall       0x12760201
W67  0x12C  tx_winstall_cap        0x00000237
W68  0x130  rx_stat_ack_adv        0x0029ce15
W69  0x134  tx_win_at_winstall     0xf53cf000
SNAP_END R4E2_C2S_N152 nff=0
SNAP_T 1791679434.091039870
SNAP_BEGIN R4E2_C2S_N153 gen=424
W5   0x34   gmii_free_FE           0x1f5988be
W14  0x58   tx_stat_frames_TCP     0x0029ce51
W15  0x5C   tx_stat_bytes_TCP      0xee6c8736
W20  0x70   mac_tx_frames          0x0029ce5d
W43  0xCC   mtx_stat_tx_words      0x1f58aba0
W51  0xEC   app_tx_bytes           0xee6c31aa
W55  0xFC   tx_stat_retx           0x0000000d
W57  0x104  tx_retx_hi             0x1235571d
W58  0x108  tx_retx_active         0x00000000
W63  0x11C  app_frmwait_cyc        0x2a784053
W66  0x128  tx_stat_winstall       0x12760201
W67  0x12C  tx_winstall_cap        0x00000237
W68  0x130  rx_stat_ack_adv        0x0029ce15
W69  0x134  tx_win_at_winstall     0xf53cf000
SNAP_END R4E2_C2S_N153 nff=0
SNAP_T 1791679434.254571790
SNAP_BEGIN R4E2_C2S_N154 gen=425
W5   0x34   gmii_free_FE           0x20dd8ff4
W14  0x58   tx_stat_frames_TCP     0x0029ce51
W15  0x5C   tx_stat_bytes_TCP      0xee6c8736
W20  0x70   mac_tx_frames          0x0029ce5d
W43  0xCC   mtx_stat_tx_words      0x20dcb1ea
W51  0xEC   app_tx_bytes           0xee6c31aa
W55  0xFC   tx_stat_retx           0x0000000d
W57  0x104  tx_retx_hi             0x1235571d
W58  0x108  tx_retx_active         0x00000000
W63  0x11C  app_frmwait_cyc        0x2bfc472f
W66  0x128  tx_stat_winstall       0x12760201
W67  0x12C  tx_winstall_cap        0x00000237
W68  0x130  rx_stat_ack_adv        0x0029ce15
W69  0x134  tx_win_at_winstall     0xf53cf000
SNAP_END R4E2_C2S_N154 nff=0
SNAP_T 1791679434.416068251
SNAP_BEGIN R4E2_C2S_N155 gen=426
W5   0x34   gmii_free_FE           0x225df0ac
W14  0x58   tx_stat_frames_TCP     0x0029ce51
W15  0x5C   tx_stat_bytes_TCP      0xee6c8736
W20  0x70   mac_tx_frames          0x0029ce5d
W43  0xCC   mtx_stat_tx_words      0x225d11b8
W51  0xEC   app_tx_bytes           0xee6c31aa
W55  0xFC   tx_stat_retx           0x0000000d
W57  0x104  tx_retx_hi             0x1235571d
W58  0x108  tx_retx_active         0x00000000
W63  0x11C  app_frmwait_cyc        0x2d7ca78d
W66  0x128  tx_stat_winstall       0x12760201
W67  0x12C  tx_winstall_cap        0x00000237
W68  0x130  rx_stat_ack_adv        0x0029ce15
W69  0x134  tx_win_at_winstall     0xf53cf000
SNAP_END R4E2_C2S_N155 nff=0
SNAP_T 1791679434.577770366
SNAP_BEGIN R4E2_C2S_N156 gen=427
W5   0x34   gmii_free_FE           0x23e004f0
W14  0x58   tx_stat_frames_TCP     0x0029ce51
W15  0x5C   tx_stat_bytes_TCP      0xee6c8736
W20  0x70   mac_tx_frames          0x0029ce5d
W43  0xCC   mtx_stat_tx_words      0x23df2512
W51  0xEC   app_tx_bytes           0xee6c31aa
W55  0xFC   tx_stat_retx           0x0000000d
W57  0x104  tx_retx_hi             0x1235571d
W58  0x108  tx_retx_active         0x00000000
W63  0x11C  app_frmwait_cyc        0x2efebb78
W66  0x128  tx_stat_winstall       0x12760201
W67  0x12C  tx_winstall_cap        0x00000237
W68  0x130  rx_stat_ack_adv        0x0029ce15
W69  0x134  tx_win_at_winstall     0xf53cf000
SNAP_END R4E2_C2S_N156 nff=0
SNAP_T 1791679434.739400810
SNAP_BEGIN R4E2_C2S_N157 gen=428
W5   0x34   gmii_free_FE           0x256214a1
W14  0x58   tx_stat_frames_TCP     0x0029ce51
W15  0x5C   tx_stat_bytes_TCP      0xee6c8736
W20  0x70   mac_tx_frames          0x0029ce5d
W43  0xCC   mtx_stat_tx_words      0x256133d8
W51  0xEC   app_tx_bytes           0xee6c31aa
W55  0xFC   tx_stat_retx           0x0000000d
W57  0x104  tx_retx_hi             0x1235571d
W58  0x108  tx_retx_active         0x00000000
W63  0x11C  app_frmwait_cyc        0x3080cacf
W66  0x128  tx_stat_winstall       0x12760201
W67  0x12C  tx_winstall_cap        0x00000237
W68  0x130  rx_stat_ack_adv        0x0029ce15
W69  0x134  tx_win_at_winstall     0xf53cf000
SNAP_END R4E2_C2S_N157 nff=0
SNAP_T 1791679434.901207902
SNAP_BEGIN R4E2_C2S_N158 gen=429
W5   0x34   gmii_free_FE           0x26e188b1
W14  0x58   tx_stat_frames_TCP     0x0029ce51
W15  0x5C   tx_stat_bytes_TCP      0xee6c8736
W20  0x70   mac_tx_frames          0x0029ce5d
W43  0xCC   mtx_stat_tx_words      0x26e0a6ff
W51  0xEC   app_tx_bytes           0xee6c31aa
W55  0xFC   tx_stat_retx           0x0000000d
W57  0x104  tx_retx_hi             0x1235571d
W58  0x108  tx_retx_active         0x00000000
W63  0x11C  app_frmwait_cyc        0x32003e86
W66  0x128  tx_stat_winstall       0x12760201
W67  0x12C  tx_winstall_cap        0x00000237
W68  0x130  rx_stat_ack_adv        0x0029ce15
W69  0x134  tx_win_at_winstall     0xf53cf000
SNAP_END R4E2_C2S_N158 nff=0
SNAP_T 1791679435.062598556
SNAP_BEGIN R4E2_C2S_N159 gen=430
W5   0x34   gmii_free_FE           0x28648809
W14  0x58   tx_stat_frames_TCP     0x0029ce51
W15  0x5C   tx_stat_bytes_TCP      0xee6c8736
W20  0x70   mac_tx_frames          0x0029ce5d
W43  0xCC   mtx_stat_tx_words      0x2863a56c
W51  0xEC   app_tx_bytes           0xee6c31aa
W55  0xFC   tx_stat_retx           0x0000000d
W57  0x104  tx_retx_hi             0x1235571d
W58  0x108  tx_retx_active         0x00000000
W63  0x11C  app_frmwait_cyc        0x33833d84
W66  0x128  tx_stat_winstall       0x12760201
W67  0x12C  tx_winstall_cap        0x00000237
W68  0x130  rx_stat_ack_adv        0x0029ce15
W69  0x134  tx_win_at_winstall     0xf53cf000
SNAP_END R4E2_C2S_N159 nff=0
SNAP_T 1791679435.225713853
SNAP_BEGIN R4E2_C2S_N160 gen=431
W5   0x34   gmii_free_FE           0x29e9b0e5
W14  0x58   tx_stat_frames_TCP     0x0029ce51
W15  0x5C   tx_stat_bytes_TCP      0xee6c8736
W20  0x70   mac_tx_frames          0x0029ce5d
W43  0xCC   mtx_stat_tx_words      0x29e8cd5c
W51  0xEC   app_tx_bytes           0xee6c31aa
W55  0xFC   tx_stat_retx           0x0000000d
W57  0x104  tx_retx_hi             0x1235571d
W58  0x108  tx_retx_active         0x00000000
W63  0x11C  app_frmwait_cyc        0x35086606
W66  0x128  tx_stat_winstall       0x12760201
W67  0x12C  tx_winstall_cap        0x00000237
W68  0x130  rx_stat_ack_adv        0x0029ce15
W69  0x134  tx_win_at_winstall     0xf53cf000
SNAP_END R4E2_C2S_N160 nff=0
SNAP_T 1791679435.387831649
SNAP_BEGIN R4E2_C2S_N161 gen=432
W5   0x34   gmii_free_FE           0x2b6d1e4d
W14  0x58   tx_stat_frames_TCP     0x0029ce51
W15  0x5C   tx_stat_bytes_TCP      0xee6c8736
W20  0x70   mac_tx_frames          0x0029ce5d
W43  0xCC   mtx_stat_tx_words      0x2b6c39d8
W51  0xEC   app_tx_bytes           0xee6c31aa
W55  0xFC   tx_stat_retx           0x0000000d
W57  0x104  tx_retx_hi             0x1235571d
W58  0x108  tx_retx_active         0x00000000
W63  0x11C  app_frmwait_cyc        0x368bd314
W66  0x128  tx_stat_winstall       0x12760201
W67  0x12C  tx_winstall_cap        0x00000237
W68  0x130  rx_stat_ack_adv        0x0029ce15
W69  0x134  tx_win_at_winstall     0xf53cf000
SNAP_END R4E2_C2S_N161 nff=0
SNAP_T 1791679435.550596760
SNAP_BEGIN R4E2_C2S_N162 gen=433
W5   0x34   gmii_free_FE           0x2ceff76c
W14  0x58   tx_stat_frames_TCP     0x0029ce51
W15  0x5C   tx_stat_bytes_TCP      0xee6c8736
W20  0x70   mac_tx_frames          0x0029ce5d
W43  0xCC   mtx_stat_tx_words      0x2cef120d
W51  0xEC   app_tx_bytes           0xee6c31aa
W55  0xFC   tx_stat_retx           0x0000000d
W57  0x104  tx_retx_hi             0x1235571d
W58  0x108  tx_retx_active         0x00000000
W63  0x11C  app_frmwait_cyc        0x380eabd9
W66  0x128  tx_stat_winstall       0x12760201
W67  0x12C  tx_winstall_cap        0x00000237
W68  0x130  rx_stat_ack_adv        0x0029ce15
W69  0x134  tx_win_at_winstall     0xf53cf000
SNAP_END R4E2_C2S_N162 nff=0
SNAP_T 1791679435.712354370
SNAP_BEGIN R4E2_C2S_N163 gen=434
W5   0x34   gmii_free_FE           0x2e70f4fd
W14  0x58   tx_stat_frames_TCP     0x0029ce51
W15  0x5C   tx_stat_bytes_TCP      0xee6c8736
W20  0x70   mac_tx_frames          0x0029ce5d
W43  0xCC   mtx_stat_tx_words      0x2e700eb3
W51  0xEC   app_tx_bytes           0xee6c31aa
W55  0xFC   tx_stat_retx           0x0000000d
W57  0x104  tx_retx_hi             0x1235571d
W58  0x108  tx_retx_active         0x00000000
W63  0x11C  app_frmwait_cyc        0x398fa911
W66  0x128  tx_stat_winstall       0x12760201
W67  0x12C  tx_winstall_cap        0x00000237
W68  0x130  rx_stat_ack_adv        0x0029ce15
W69  0x134  tx_win_at_winstall     0xf53cf000
SNAP_END R4E2_C2S_N163 nff=0
SNAP_T 1791679435.873807766
SNAP_BEGIN R4E2_C2S_N164 gen=435
W5   0x34   gmii_free_FE           0x2ff20a7e
W14  0x58   tx_stat_frames_TCP     0x0029ce51
W15  0x5C   tx_stat_bytes_TCP      0xee6c8736
W20  0x70   mac_tx_frames          0x0029ce5d
W43  0xCC   mtx_stat_tx_words      0x2ff1234b
W51  0xEC   app_tx_bytes           0xee6c31aa
W55  0xFC   tx_stat_retx           0x0000000d
W57  0x104  tx_retx_hi             0x1235571d
W58  0x108  tx_retx_active         0x00000000
W63  0x11C  app_frmwait_cyc        0x3b10be38
W66  0x128  tx_stat_winstall       0x12760201
W67  0x12C  tx_winstall_cap        0x00000237
W68  0x130  rx_stat_ack_adv        0x0029ce15
W69  0x134  tx_win_at_winstall     0xf53cf000
SNAP_END R4E2_C2S_N164 nff=0
SNAP_T 1791679436.036343304
SNAP_BEGIN R4E2_C2S_N165 gen=436
W5   0x34   gmii_free_FE           0x31722af4
W14  0x58   tx_stat_frames_TCP     0x0029ce51
W15  0x5C   tx_stat_bytes_TCP      0xee6c8736
W20  0x70   mac_tx_frames          0x0029ce5d
W43  0xCC   mtx_stat_tx_words      0x317142d7
W51  0xEC   app_tx_bytes           0xee6c31aa
W55  0xFC   tx_stat_retx           0x0000000d
W57  0x104  tx_retx_hi             0x1235571d
W58  0x108  tx_retx_active         0x00000000
W63  0x11C  app_frmwait_cyc        0x3c90de55
W66  0x128  tx_stat_winstall       0x12760201
W67  0x12C  tx_winstall_cap        0x00000237
W68  0x130  rx_stat_ack_adv        0x0029ce15
W69  0x134  tx_win_at_winstall     0xf53cf000
SNAP_END R4E2_C2S_N165 nff=0
SNAP_T 1791679436.196632849
SNAP_BEGIN R4E2_C2S_N166 gen=437
W5   0x34   gmii_free_FE           0x32f449cb
W14  0x58   tx_stat_frames_TCP     0x0029ce51
W15  0x5C   tx_stat_bytes_TCP      0xee6c8736
W20  0x70   mac_tx_frames          0x0029ce5d
W43  0xCC   mtx_stat_tx_words      0x32f360c4
W51  0xEC   app_tx_bytes           0xee6c31aa
W55  0xFC   tx_stat_retx           0x0000000d
W57  0x104  tx_retx_hi             0x1235571d
W58  0x108  tx_retx_active         0x00000000
W63  0x11C  app_frmwait_cyc        0x3e12fcd3
W66  0x128  tx_stat_winstall       0x12760201
W67  0x12C  tx_winstall_cap        0x00000237
W68  0x130  rx_stat_ack_adv        0x0029ce15
W69  0x134  tx_win_at_winstall     0xf53cf000
SNAP_END R4E2_C2S_N166 nff=0
SNAP_T 1791679436.358828087
SNAP_BEGIN R4E2_C2S_N167 gen=438
W5   0x34   gmii_free_FE           0x34768f5c
W14  0x58   tx_stat_frames_TCP     0x0029ce51
W15  0x5C   tx_stat_bytes_TCP      0xee6c8736
W20  0x70   mac_tx_frames          0x0029ce5d
W43  0xCC   mtx_stat_tx_words      0x3475a56a
W51  0xEC   app_tx_bytes           0xee6c31aa
W55  0xFC   tx_stat_retx           0x0000000d
W57  0x104  tx_retx_hi             0x1235571d
W58  0x108  tx_retx_active         0x00000000
W63  0x11C  app_frmwait_cyc        0x3f954209
W66  0x128  tx_stat_winstall       0x12760201
W67  0x12C  tx_winstall_cap        0x00000237
W68  0x130  rx_stat_ack_adv        0x0029ce15
W69  0x134  tx_win_at_winstall     0xf53cf000
SNAP_END R4E2_C2S_N167 nff=0
SNAP_T 1791679436.520753044
SNAP_BEGIN R4E2_C2S_N168 gen=439
W5   0x34   gmii_free_FE           0x35f8f4db
W14  0x58   tx_stat_frames_TCP     0x0029ce51
W15  0x5C   tx_stat_bytes_TCP      0xee6c8736
W20  0x70   mac_tx_frames          0x0029ce5d
W43  0xCC   mtx_stat_tx_words      0x35f809fe
W51  0xEC   app_tx_bytes           0xee6c31aa
W55  0xFC   tx_stat_retx           0x0000000d
W57  0x104  tx_retx_hi             0x1235571d
W58  0x108  tx_retx_active         0x00000000
W63  0x11C  app_frmwait_cyc        0x4117a72e
W66  0x128  tx_stat_winstall       0x12760201
W67  0x12C  tx_winstall_cap        0x00000237
W68  0x130  rx_stat_ack_adv        0x0029ce15
W69  0x134  tx_win_at_winstall     0xf53cf000
SNAP_END R4E2_C2S_N168 nff=0
SNAP_T 1791679436.681928729
SNAP_BEGIN R4E2_C2S_N169 gen=440
W5   0x34   gmii_free_FE           0x377565c4
W14  0x58   tx_stat_frames_TCP     0x0029ce51
W15  0x5C   tx_stat_bytes_TCP      0xee6c8736
W20  0x70   mac_tx_frames          0x0029ce5d
W43  0xCC   mtx_stat_tx_words      0x37747a00
W51  0xEC   app_tx_bytes           0xee6c31aa
W55  0xFC   tx_stat_retx           0x0000000d
W57  0x104  tx_retx_hi             0x1235571d
W58  0x108  tx_retx_active         0x00000000
W63  0x11C  app_frmwait_cyc        0x429417bf
W66  0x128  tx_stat_winstall       0x12760201
W67  0x12C  tx_winstall_cap        0x00000237
W68  0x130  rx_stat_ack_adv        0x0029ce15
W69  0x134  tx_win_at_winstall     0xf53cf000
SNAP_END R4E2_C2S_N169 nff=0
SNAP_T 1791679436.845051477
SNAP_BEGIN R4E2_C2S_N170 gen=441
W5   0x34   gmii_free_FE           0x38fe0426
W14  0x58   tx_stat_frames_TCP     0x0029ce51
W15  0x5C   tx_stat_bytes_TCP      0xee6c8736
W20  0x70   mac_tx_frames          0x0029ce5d
W43  0xCC   mtx_stat_tx_words      0x38fd1773
W51  0xEC   app_tx_bytes           0xee6c31aa
W55  0xFC   tx_stat_retx           0x0000000d
W57  0x104  tx_retx_hi             0x1235571d
W58  0x108  tx_retx_active         0x00000000
W63  0x11C  app_frmwait_cyc        0x441cb5c6
W66  0x128  tx_stat_winstall       0x12760201
W67  0x12C  tx_winstall_cap        0x00000237
W68  0x130  rx_stat_ack_adv        0x0029ce15
W69  0x134  tx_win_at_winstall     0xf53cf000
SNAP_END R4E2_C2S_N170 nff=0
SNAP_T 1791679437.006682075
SNAP_BEGIN R4E2_C2S_N171 gen=442
W5   0x34   gmii_free_FE           0x3a7f48e0
W14  0x58   tx_stat_frames_TCP     0x0029ce51
W15  0x5C   tx_stat_bytes_TCP      0xee6c8736
W20  0x70   mac_tx_frames          0x0029ce5d
W43  0xCC   mtx_stat_tx_words      0x3a7e5b43
W51  0xEC   app_tx_bytes           0xee6c31aa
W55  0xFC   tx_stat_retx           0x0000000d
W57  0x104  tx_retx_hi             0x1235571d
W58  0x108  tx_retx_active         0x00000000
W63  0x11C  app_frmwait_cyc        0x459dfa26
W66  0x128  tx_stat_winstall       0x12760201
W67  0x12C  tx_winstall_cap        0x00000237
W68  0x130  rx_stat_ack_adv        0x0029ce15
W69  0x134  tx_win_at_winstall     0xf53cf000
SNAP_END R4E2_C2S_N171 nff=0
SNAP_T 1791679437.168640739
SNAP_BEGIN R4E2_C2S_N172 gen=443
W5   0x34   gmii_free_FE           0x3c0121f3
W14  0x58   tx_stat_frames_TCP     0x0029ce51
W15  0x5C   tx_stat_bytes_TCP      0xee6c8736
W20  0x70   mac_tx_frames          0x0029ce5d
W43  0xCC   mtx_stat_tx_words      0x3c00336b
W51  0xEC   app_tx_bytes           0xee6c31aa
W55  0xFC   tx_stat_retx           0x0000000d
W57  0x104  tx_retx_hi             0x1235571d
W58  0x108  tx_retx_active         0x00000000
W63  0x11C  app_frmwait_cyc        0x471fd2df
W66  0x128  tx_stat_winstall       0x12760201
W67  0x12C  tx_winstall_cap        0x00000237
W68  0x130  rx_stat_ack_adv        0x0029ce15
W69  0x134  tx_win_at_winstall     0xf53cf000
SNAP_END R4E2_C2S_N172 nff=0
SNAP_T 1791679437.330234582
SNAP_BEGIN R4E2_C2S_N173 gen=444
W5   0x34   gmii_free_FE           0x3d81f2ff
W14  0x58   tx_stat_frames_TCP     0x0029ce51
W15  0x5C   tx_stat_bytes_TCP      0xee6c8736
W20  0x70   mac_tx_frames          0x0029ce5d
W43  0xCC   mtx_stat_tx_words      0x3d81038d
W51  0xEC   app_tx_bytes           0xee6c31aa
W55  0xFC   tx_stat_retx           0x0000000d
W57  0x104  tx_retx_hi             0x1235571d
W58  0x108  tx_retx_active         0x00000000
W63  0x11C  app_frmwait_cyc        0x48a0a392
W66  0x128  tx_stat_winstall       0x12760201
W67  0x12C  tx_winstall_cap        0x00000237
W68  0x130  rx_stat_ack_adv        0x0029ce15
W69  0x134  tx_win_at_winstall     0xf53cf000
SNAP_END R4E2_C2S_N173 nff=0
SNAP_T 1791679437.492575913
SNAP_BEGIN R4E2_C2S_N174 gen=445
W5   0x34   gmii_free_FE           0x3f023b4b
W14  0x58   tx_stat_frames_TCP     0x0029ce51
W15  0x5C   tx_stat_bytes_TCP      0xee6c8736
W20  0x70   mac_tx_frames          0x0029ce5d
W43  0xCC   mtx_stat_tx_words      0x3f014af0
W51  0xEC   app_tx_bytes           0xee6c31aa
W55  0xFC   tx_stat_retx           0x0000000d
W57  0x104  tx_retx_hi             0x1235571d
W58  0x108  tx_retx_active         0x00000000
W63  0x11C  app_frmwait_cyc        0x4a20eb84
W66  0x128  tx_stat_winstall       0x12760201
W67  0x12C  tx_winstall_cap        0x00000237
W68  0x130  rx_stat_ack_adv        0x0029ce15
W69  0x134  tx_win_at_winstall     0xf53cf000
SNAP_END R4E2_C2S_N174 nff=0
SNAP_T 1791679437.652867755
SNAP_BEGIN R4E2_C2S_N175 gen=446
W5   0x34   gmii_free_FE           0x4083bcbc
W14  0x58   tx_stat_frames_TCP     0x0029ce51
W15  0x5C   tx_stat_bytes_TCP      0xee6c8736
W20  0x70   mac_tx_frames          0x0029ce5d
W43  0xCC   mtx_stat_tx_words      0x4082cb76
W51  0xEC   app_tx_bytes           0xee6c31aa
W55  0xFC   tx_stat_retx           0x0000000d
W57  0x104  tx_retx_hi             0x1235571d
W58  0x108  tx_retx_active         0x00000000
W63  0x11C  app_frmwait_cyc        0x4ba26c9b
W66  0x128  tx_stat_winstall       0x12760201
W67  0x12C  tx_winstall_cap        0x00000237
W68  0x130  rx_stat_ack_adv        0x0029ce15
W69  0x134  tx_win_at_winstall     0xf53cf000
SNAP_END R4E2_C2S_N175 nff=0
SNAP_T 1791679437.814161829
SNAP_BEGIN R4E2_C2S_N176 gen=447
W5   0x34   gmii_free_FE           0x42054958
W14  0x58   tx_stat_frames_TCP     0x0029ce51
W15  0x5C   tx_stat_bytes_TCP      0xee6c8736
W20  0x70   mac_tx_frames          0x0029ce5d
W43  0xCC   mtx_stat_tx_words      0x42045728
W51  0xEC   app_tx_bytes           0xee6c31aa
W55  0xFC   tx_stat_retx           0x0000000d
W57  0x104  tx_retx_hi             0x1235571d
W58  0x108  tx_retx_active         0x00000000
W63  0x11C  app_frmwait_cyc        0x4d23f8de
W66  0x128  tx_stat_winstall       0x12760201
W67  0x12C  tx_winstall_cap        0x00000237
W68  0x130  rx_stat_ack_adv        0x0029ce15
W69  0x134  tx_win_at_winstall     0xf53cf000
SNAP_END R4E2_C2S_N176 nff=0
SNAP_T 1791679437.976373671
SNAP_BEGIN R4E2_C2S_N177 gen=448
W5   0x34   gmii_free_FE           0x4386ff6d
W14  0x58   tx_stat_frames_TCP     0x0029ce51
W15  0x5C   tx_stat_bytes_TCP      0xee6c8736
W20  0x70   mac_tx_frames          0x0029ce5d
W43  0xCC   mtx_stat_tx_words      0x43860c52
W51  0xEC   app_tx_bytes           0xee6c31aa
W55  0xFC   tx_stat_retx           0x0000000d
W57  0x104  tx_retx_hi             0x1235571d
W58  0x108  tx_retx_active         0x00000000
W63  0x11C  app_frmwait_cyc        0x4ea5ae98
W66  0x128  tx_stat_winstall       0x12760201
W67  0x12C  tx_winstall_cap        0x00000237
W68  0x130  rx_stat_ack_adv        0x0029ce15
W69  0x134  tx_win_at_winstall     0xf53cf000
SNAP_END R4E2_C2S_N177 nff=0
SNAP_T 1791679438.137767841
SNAP_BEGIN R4E2_C2S_N178 gen=449
W5   0x34   gmii_free_FE           0x45048516
W14  0x58   tx_stat_frames_TCP     0x0029ce51
W15  0x5C   tx_stat_bytes_TCP      0xee6c8736
W20  0x70   mac_tx_frames          0x0029ce5d
W43  0xCC   mtx_stat_tx_words      0x45039113
W51  0xEC   app_tx_bytes           0xee6c31aa
W55  0xFC   tx_stat_retx           0x0000000d
W57  0x104  tx_retx_hi             0x1235571d
W58  0x108  tx_retx_active         0x00000000
W63  0x11C  app_frmwait_cyc        0x502333e8
W66  0x128  tx_stat_winstall       0x12760201
W67  0x12C  tx_winstall_cap        0x00000237
W68  0x130  rx_stat_ack_adv        0x0029ce15
W69  0x134  tx_win_at_winstall     0xf53cf000
SNAP_END R4E2_C2S_N178 nff=0
SNAP_T 1791679438.297961723
SNAP_BEGIN R4E2_C2S_N179 gen=450
W5   0x34   gmii_free_FE           0x4682d93c
W14  0x58   tx_stat_frames_TCP     0x0029ce51
W15  0x5C   tx_stat_bytes_TCP      0xee6c8736
W20  0x70   mac_tx_frames          0x0029ce5d
W43  0xCC   mtx_stat_tx_words      0x4681e451
W51  0xEC   app_tx_bytes           0xee6c31aa
W55  0xFC   tx_stat_retx           0x0000000d
W57  0x104  tx_retx_hi             0x1235571d
W58  0x108  tx_retx_active         0x00000000
W63  0x11C  app_frmwait_cyc        0x51a187b5
W66  0x128  tx_stat_winstall       0x12760201
W67  0x12C  tx_winstall_cap        0x00000237
W68  0x130  rx_stat_ack_adv        0x0029ce15
W69  0x134  tx_win_at_winstall     0xf53cf000
SNAP_END R4E2_C2S_N179 nff=0
SNAP_T 1791679438.458331490
SNAP_BEGIN R4E2_C2S_N180 gen=451
W5   0x34   gmii_free_FE           0x4804c5b1
W14  0x58   tx_stat_frames_TCP     0x0029ce51
W15  0x5C   tx_stat_bytes_TCP      0xee6c8736
W20  0x70   mac_tx_frames          0x0029ce5d
W43  0xCC   mtx_stat_tx_words      0x4803cfda
W51  0xEC   app_tx_bytes           0xee6c31aa
W55  0xFC   tx_stat_retx           0x0000000d
W57  0x104  tx_retx_hi             0x1235571d
W58  0x108  tx_retx_active         0x00000000
W63  0x11C  app_frmwait_cyc        0x532373d0
W66  0x128  tx_stat_winstall       0x12760201
W67  0x12C  tx_winstall_cap        0x00000237
W68  0x130  rx_stat_ack_adv        0x0029ce15
W69  0x134  tx_win_at_winstall     0xf53cf000
SNAP_END R4E2_C2S_N180 nff=0
SNAP_T 1791679438.620233590
SNAP_BEGIN R4E2_C2S_N181 gen=452
W5   0x34   gmii_free_FE           0x49851a86
W14  0x58   tx_stat_frames_TCP     0x0029ce51
W15  0x5C   tx_stat_bytes_TCP      0xee6c8736
W20  0x70   mac_tx_frames          0x0029ce5d
W43  0xCC   mtx_stat_tx_words      0x498423c6
W51  0xEC   app_tx_bytes           0xee6c31aa
W55  0xFC   tx_stat_retx           0x0000000d
W57  0x104  tx_retx_hi             0x1235571d
W58  0x108  tx_retx_active         0x00000000
W63  0x11C  app_frmwait_cyc        0x54a3c84b
W66  0x128  tx_stat_winstall       0x12760201
W67  0x12C  tx_winstall_cap        0x00000237
W68  0x130  rx_stat_ack_adv        0x0029ce15
W69  0x134  tx_win_at_winstall     0xf53cf000
SNAP_END R4E2_C2S_N181 nff=0
SNAP_T 1791679438.783782787
SNAP_BEGIN R4E2_C2S_N182 gen=453
W5   0x34   gmii_free_FE           0x4b0c2011
W14  0x58   tx_stat_frames_TCP     0x0029ce51
W15  0x5C   tx_stat_bytes_TCP      0xee6c8736
W20  0x70   mac_tx_frames          0x0029ce5d
W43  0xCC   mtx_stat_tx_words      0x4b0b2862
W51  0xEC   app_tx_bytes           0xee6c31aa
W55  0xFC   tx_stat_retx           0x0000000d
W57  0x104  tx_retx_hi             0x1235571d
W58  0x108  tx_retx_active         0x00000000
W63  0x11C  app_frmwait_cyc        0x562acd7b
W66  0x128  tx_stat_winstall       0x12760201
W67  0x12C  tx_winstall_cap        0x00000237
W68  0x130  rx_stat_ack_adv        0x0029ce15
W69  0x134  tx_win_at_winstall     0xf53cf000
SNAP_END R4E2_C2S_N182 nff=0
SNAP_T 1791679438.945557189
SNAP_BEGIN R4E2_C2S_N183 gen=454
W5   0x34   gmii_free_FE           0x4c8a425b
W14  0x58   tx_stat_frames_TCP     0x0029ce51
W15  0x5C   tx_stat_bytes_TCP      0xee6c8736
W20  0x70   mac_tx_frames          0x0029ce5d
W43  0xCC   mtx_stat_tx_words      0x4c8949c4
W51  0xEC   app_tx_bytes           0xee6c31aa
W55  0xFC   tx_stat_retx           0x0000000d
W57  0x104  tx_retx_hi             0x1235571d
W58  0x108  tx_retx_active         0x00000000
W63  0x11C  app_frmwait_cyc        0x57a8ef6c
W66  0x128  tx_stat_winstall       0x12760201
W67  0x12C  tx_winstall_cap        0x00000237
W68  0x130  rx_stat_ack_adv        0x0029ce15
W69  0x134  tx_win_at_winstall     0xf53cf000
SNAP_END R4E2_C2S_N183 nff=0
SNAP_T 1791679439.106746546
SNAP_BEGIN R4E2_C2S_N184 gen=455
W5   0x34   gmii_free_FE           0x4e0e9e61
W14  0x58   tx_stat_frames_TCP     0x0029ce51
W15  0x5C   tx_stat_bytes_TCP      0xee6c8736
W20  0x70   mac_tx_frames          0x0029ce5d
W43  0xCC   mtx_stat_tx_words      0x4e0da4dd
W51  0xEC   app_tx_bytes           0xee6c31aa
W55  0xFC   tx_stat_retx           0x0000000d
W57  0x104  tx_retx_hi             0x1235571d
W58  0x108  tx_retx_active         0x00000000
W63  0x11C  app_frmwait_cyc        0x592d4b17
W66  0x128  tx_stat_winstall       0x12760201
W67  0x12C  tx_winstall_cap        0x00000237
W68  0x130  rx_stat_ack_adv        0x0029ce15
W69  0x134  tx_win_at_winstall     0xf53cf000
SNAP_END R4E2_C2S_N184 nff=0
SNAP_T 1791679439.268724772
SNAP_BEGIN R4E2_C2S_N185 gen=456
W5   0x34   gmii_free_FE           0x4f8d17c4
W14  0x58   tx_stat_frames_TCP     0x0029ce51
W15  0x5C   tx_stat_bytes_TCP      0xee6c8736
W20  0x70   mac_tx_frames          0x0029ce5d
W43  0xCC   mtx_stat_tx_words      0x4f8c1d58
W51  0xEC   app_tx_bytes           0xee6c31aa
W55  0xFC   tx_stat_retx           0x0000000d
W57  0x104  tx_retx_hi             0x1235571d
W58  0x108  tx_retx_active         0x00000000
W63  0x11C  app_frmwait_cyc        0x5aabc421
W66  0x128  tx_stat_winstall       0x12760201
W67  0x12C  tx_winstall_cap        0x00000237
W68  0x130  rx_stat_ack_adv        0x0029ce15
W69  0x134  tx_win_at_winstall     0xf53cf000
SNAP_END R4E2_C2S_N185 nff=0
SNAP_T 1791679439.429363065
SNAP_BEGIN R4E2_C2S_N186 gen=457
W5   0x34   gmii_free_FE           0x51109334
W14  0x58   tx_stat_frames_TCP     0x0029ce51
W15  0x5C   tx_stat_bytes_TCP      0xee6c8736
W20  0x70   mac_tx_frames          0x0029ce5d
W43  0xCC   mtx_stat_tx_words      0x510f97dc
W51  0xEC   app_tx_bytes           0xee6c31aa
W55  0xFC   tx_stat_retx           0x0000000d
W57  0x104  tx_retx_hi             0x1235571d
W58  0x108  tx_retx_active         0x00000000
W63  0x11C  app_frmwait_cyc        0x5c2f3f36
W66  0x128  tx_stat_winstall       0x12760201
W67  0x12C  tx_winstall_cap        0x00000237
W68  0x130  rx_stat_ack_adv        0x0029ce15
W69  0x134  tx_win_at_winstall     0xf53cf000
SNAP_END R4E2_C2S_N186 nff=0
SNAP_T 1791679439.593514869
SNAP_BEGIN R4E2_C2S_N187 gen=458
W5   0x34   gmii_free_FE           0x52972da6
W14  0x58   tx_stat_frames_TCP     0x0029ce51
W15  0x5C   tx_stat_bytes_TCP      0xee6c8736
W20  0x70   mac_tx_frames          0x0029ce5d
W43  0xCC   mtx_stat_tx_words      0x52963160
W51  0xEC   app_tx_bytes           0xee6c31aa
W55  0xFC   tx_stat_retx           0x0000000d
W57  0x104  tx_retx_hi             0x1235571d
W58  0x108  tx_retx_active         0x00000000
W63  0x11C  app_frmwait_cyc        0x5db5d94d
W66  0x128  tx_stat_winstall       0x12760201
W67  0x12C  tx_winstall_cap        0x00000237
W68  0x130  rx_stat_ack_adv        0x0029ce15
W69  0x134  tx_win_at_winstall     0xf53cf000
SNAP_END R4E2_C2S_N187 nff=0
SNAP_T 1791679439.755886195
SNAP_BEGIN R4E2_C2S_N188 gen=459
W5   0x34   gmii_free_FE           0x541aa9d3
W14  0x58   tx_stat_frames_TCP     0x0029ce51
W15  0x5C   tx_stat_bytes_TCP      0xee6c8736
W20  0x70   mac_tx_frames          0x0029ce5d
W43  0xCC   mtx_stat_tx_words      0x5419aca0
W51  0xEC   app_tx_bytes           0xee6c31aa
W55  0xFC   tx_stat_retx           0x0000000d
W57  0x104  tx_retx_hi             0x1235571d
W58  0x108  tx_retx_active         0x00000000
W63  0x11C  app_frmwait_cyc        0x5f39551e
W66  0x128  tx_stat_winstall       0x12760201
W67  0x12C  tx_winstall_cap        0x00000237
W68  0x130  rx_stat_ack_adv        0x0029ce15
W69  0x134  tx_win_at_winstall     0xf53cf000
SNAP_END R4E2_C2S_N188 nff=0
SNAP_T 1791679439.920945362
SNAP_BEGIN R4E2_C2S_N189 gen=460
W5   0x34   gmii_free_FE           0x559fe8d7
W14  0x58   tx_stat_frames_TCP     0x0029ce51
W15  0x5C   tx_stat_bytes_TCP      0xee6c8736
W20  0x70   mac_tx_frames          0x0029ce5d
W43  0xCC   mtx_stat_tx_words      0x559eeab8
W51  0xEC   app_tx_bytes           0xee6c31aa
W55  0xFC   tx_stat_retx           0x0000000d
W57  0x104  tx_retx_hi             0x1235571d
W58  0x108  tx_retx_active         0x00000000
W63  0x11C  app_frmwait_cyc        0x60be93c8
W66  0x128  tx_stat_winstall       0x12760201
W67  0x12C  tx_winstall_cap        0x00000237
W68  0x130  rx_stat_ack_adv        0x0029ce15
W69  0x134  tx_win_at_winstall     0xf53cf000
SNAP_END R4E2_C2S_N189 nff=0
SNAP_T 1791679440.080804082
SNAP_BEGIN R4E2_C2S_N190 gen=461
W5   0x34   gmii_free_FE           0x571d52ac
W14  0x58   tx_stat_frames_TCP     0x0029ce51
W15  0x5C   tx_stat_bytes_TCP      0xee6c8736
W20  0x70   mac_tx_frames          0x0029ce5d
W43  0xCC   mtx_stat_tx_words      0x571c53a4
W51  0xEC   app_tx_bytes           0xee6c31aa
W55  0xFC   tx_stat_retx           0x0000000d
W57  0x104  tx_retx_hi             0x1235571d
W58  0x108  tx_retx_active         0x00000000
W63  0x11C  app_frmwait_cyc        0x623bfd43
W66  0x128  tx_stat_winstall       0x12760201
W67  0x12C  tx_winstall_cap        0x00000237
W68  0x130  rx_stat_ack_adv        0x0029ce15
W69  0x134  tx_win_at_winstall     0xf53cf000
SNAP_END R4E2_C2S_N190 nff=0
SNAP_T 1791679440.241083348
SNAP_BEGIN R4E2_C2S_N191 gen=462
W5   0x34   gmii_free_FE           0x589fef2b
W14  0x58   tx_stat_frames_TCP     0x0029ce51
W15  0x5C   tx_stat_bytes_TCP      0xee6c8736
W20  0x70   mac_tx_frames          0x0029ce5d
W43  0xCC   mtx_stat_tx_words      0x589eef38
W51  0xEC   app_tx_bytes           0xee6c31aa
W55  0xFC   tx_stat_retx           0x0000000d
W57  0x104  tx_retx_hi             0x1235571d
W58  0x108  tx_retx_active         0x00000000
W63  0x11C  app_frmwait_cyc        0x63be9968
W66  0x128  tx_stat_winstall       0x12760201
W67  0x12C  tx_winstall_cap        0x00000237
W68  0x130  rx_stat_ack_adv        0x0029ce15
W69  0x134  tx_win_at_winstall     0xf53cf000
SNAP_END R4E2_C2S_N191 nff=0
SNAP_T 1791679440.403173371
SNAP_BEGIN R4E2_C2S_N192 gen=463
W5   0x34   gmii_free_FE           0x5a217005
W14  0x58   tx_stat_frames_TCP     0x0029ce51
W15  0x5C   tx_stat_bytes_TCP      0xee6c8736
W20  0x70   mac_tx_frames          0x0029ce5d
W43  0xCC   mtx_stat_tx_words      0x5a206f27
W51  0xEC   app_tx_bytes           0xee6c31aa
W55  0xFC   tx_stat_retx           0x0000000d
W57  0x104  tx_retx_hi             0x1235571d
W58  0x108  tx_retx_active         0x00000000
W63  0x11C  app_frmwait_cyc        0x654019e8
W66  0x128  tx_stat_winstall       0x12760201
W67  0x12C  tx_winstall_cap        0x00000237
W68  0x130  rx_stat_ack_adv        0x0029ce15
W69  0x134  tx_win_at_winstall     0xf53cf000
SNAP_END R4E2_C2S_N192 nff=0
SNAP_T 1791679440.565387491
SNAP_BEGIN R4E2_C2S_N193 gen=464
W5   0x34   gmii_free_FE           0x5ba50538
W14  0x58   tx_stat_frames_TCP     0x0029ce51
W15  0x5C   tx_stat_bytes_TCP      0xee6c8736
W20  0x70   mac_tx_frames          0x0029ce5d
W43  0xCC   mtx_stat_tx_words      0x5ba4036e
W51  0xEC   app_tx_bytes           0xee6c31aa
W55  0xFC   tx_stat_retx           0x0000000d
W57  0x104  tx_retx_hi             0x1235571d
W58  0x108  tx_retx_active         0x00000000
W63  0x11C  app_frmwait_cyc        0x66c3aec0
W66  0x128  tx_stat_winstall       0x12760201
W67  0x12C  tx_winstall_cap        0x00000237
W68  0x130  rx_stat_ack_adv        0x0029ce15
W69  0x134  tx_win_at_winstall     0xf53cf000
SNAP_END R4E2_C2S_N193 nff=0
SNAP_T 1791679440.727451241
SNAP_BEGIN R4E2_C2S_N194 gen=465
W5   0x34   gmii_free_FE           0x5d267fbb
W14  0x58   tx_stat_frames_TCP     0x0029ce51
W15  0x5C   tx_stat_bytes_TCP      0xee6c8736
W20  0x70   mac_tx_frames          0x0029ce5d
W43  0xCC   mtx_stat_tx_words      0x5d257d06
W51  0xEC   app_tx_bytes           0xee6c31aa
W55  0xFC   tx_stat_retx           0x0000000d
W57  0x104  tx_retx_hi             0x1235571d
W58  0x108  tx_retx_active         0x00000000
W63  0x11C  app_frmwait_cyc        0x684528e9
W66  0x128  tx_stat_winstall       0x12760201
W67  0x12C  tx_winstall_cap        0x00000237
W68  0x130  rx_stat_ack_adv        0x0029ce15
W69  0x134  tx_win_at_winstall     0xf53cf000
SNAP_END R4E2_C2S_N194 nff=0
SNAP_T 1791679440.889223541
SNAP_BEGIN R4E2_C2S_N195 gen=466
W5   0x34   gmii_free_FE           0x5ea84971
W14  0x58   tx_stat_frames_TCP     0x0029ce51
W15  0x5C   tx_stat_bytes_TCP      0xee6c8736
W20  0x70   mac_tx_frames          0x0029ce5d
W43  0xCC   mtx_stat_tx_words      0x5ea745d1
W51  0xEC   app_tx_bytes           0xee6c31aa
W55  0xFC   tx_stat_retx           0x0000000d
W57  0x104  tx_retx_hi             0x1235571d
W58  0x108  tx_retx_active         0x00000000
W63  0x11C  app_frmwait_cyc        0x69c6f244
W66  0x128  tx_stat_winstall       0x12760201
W67  0x12C  tx_winstall_cap        0x00000237
W68  0x130  rx_stat_ack_adv        0x0029ce15
W69  0x134  tx_win_at_winstall     0xf53cf000
SNAP_END R4E2_C2S_N195 nff=0
SNAP_T 1791679441.051352297
SNAP_BEGIN R4E2_C2S_N196 gen=467
W5   0x34   gmii_free_FE           0x602bdadc
W14  0x58   tx_stat_frames_TCP     0x0029ce51
W15  0x5C   tx_stat_bytes_TCP      0xee6c8736
W20  0x70   mac_tx_frames          0x0029ce5d
W43  0xCC   mtx_stat_tx_words      0x602ad64f
W51  0xEC   app_tx_bytes           0xee6c31aa
W55  0xFC   tx_stat_retx           0x0000000d
W57  0x104  tx_retx_hi             0x1235571d
W58  0x108  tx_retx_active         0x00000000
W63  0x11C  app_frmwait_cyc        0x6b4a8354
W66  0x128  tx_stat_winstall       0x12760201
W67  0x12C  tx_winstall_cap        0x00000237
W68  0x130  rx_stat_ack_adv        0x0029ce15
W69  0x134  tx_win_at_winstall     0xf53cf000
SNAP_END R4E2_C2S_N196 nff=0
SNAP_T 1791679441.213610896
SNAP_BEGIN R4E2_C2S_N197 gen=468
W5   0x34   gmii_free_FE           0x61aa3757
W14  0x58   tx_stat_frames_TCP     0x0029ce51
W15  0x5C   tx_stat_bytes_TCP      0xee6c8736
W20  0x70   mac_tx_frames          0x0029ce5d
W43  0xCC   mtx_stat_tx_words      0x61a931e2
W51  0xEC   app_tx_bytes           0xee6c31aa
W55  0xFC   tx_stat_retx           0x0000000d
W57  0x104  tx_retx_hi             0x1235571d
W58  0x108  tx_retx_active         0x00000000
W63  0x11C  app_frmwait_cyc        0x6cc8df76
W66  0x128  tx_stat_winstall       0x12760201
W67  0x12C  tx_winstall_cap        0x00000237
W68  0x130  rx_stat_ack_adv        0x0029ce15
W69  0x134  tx_win_at_winstall     0xf53cf000
SNAP_END R4E2_C2S_N197 nff=0
SNAP_T 1791679441.374637075
SNAP_BEGIN R4E2_C2S_N198 gen=469
W5   0x34   gmii_free_FE           0x632dc2bd
W14  0x58   tx_stat_frames_TCP     0x0029ce51
W15  0x5C   tx_stat_bytes_TCP      0xee6c8736
W20  0x70   mac_tx_frames          0x0029ce5d
W43  0xCC   mtx_stat_tx_words      0x632cbc5c
W51  0xEC   app_tx_bytes           0xee6c31aa
W55  0xFC   tx_stat_retx           0x0000000d
W57  0x104  tx_retx_hi             0x1235571d
W58  0x108  tx_retx_active         0x00000000
W63  0x11C  app_frmwait_cyc        0x6e4c6a81
W66  0x128  tx_stat_winstall       0x12760201
W67  0x12C  tx_winstall_cap        0x00000237
W68  0x130  rx_stat_ack_adv        0x0029ce15
W69  0x134  tx_win_at_winstall     0xf53cf000
SNAP_END R4E2_C2S_N198 nff=0
SNAP_T 1791679441.535948436
SNAP_BEGIN R4E2_C2S_N199 gen=470
W5   0x34   gmii_free_FE           0x64ababc3
W14  0x58   tx_stat_frames_TCP     0x0029ce51
W15  0x5C   tx_stat_bytes_TCP      0xee6c8736
W20  0x70   mac_tx_frames          0x0029ce5d
W43  0xCC   mtx_stat_tx_words      0x64aaa479
W51  0xEC   app_tx_bytes           0xee6c31aa
W55  0xFC   tx_stat_retx           0x0000000d
W57  0x104  tx_retx_hi             0x1235571d
W58  0x108  tx_retx_active         0x00000000
W63  0x11C  app_frmwait_cyc        0x6fca532d
W66  0x128  tx_stat_winstall       0x12760201
W67  0x12C  tx_winstall_cap        0x00000237
W68  0x130  rx_stat_ack_adv        0x0029ce15
W69  0x134  tx_win_at_winstall     0xf53cf000
SNAP_END R4E2_C2S_N199 nff=0
SNAP_T 1791679441.696955813
SNAP_BEGIN R4E2_C2S_N200 gen=471
W5   0x34   gmii_free_FE           0x662e26a5
W14  0x58   tx_stat_frames_TCP     0x0029ce51
W15  0x5C   tx_stat_bytes_TCP      0xee6c8736
W20  0x70   mac_tx_frames          0x0029ce5d
W43  0xCC   mtx_stat_tx_words      0x662d1e70
W51  0xEC   app_tx_bytes           0xee6c31aa
W55  0xFC   tx_stat_retx           0x0000000d
W57  0x104  tx_retx_hi             0x1235571d
W58  0x108  tx_retx_active         0x00000000
W63  0x11C  app_frmwait_cyc        0x714ccdb5
W66  0x128  tx_stat_winstall       0x12760201
W67  0x12C  tx_winstall_cap        0x00000237
W68  0x130  rx_stat_ack_adv        0x0029ce15
W69  0x134  tx_win_at_winstall     0xf53cf000
SNAP_END R4E2_C2S_N200 nff=0
SNAP_T 1791679441.858859766
SNAP_BEGIN R4E2_C2S_N201 gen=472
W5   0x34   gmii_free_FE           0x67b07b1d
W14  0x58   tx_stat_frames_TCP     0x0029ce51
W15  0x5C   tx_stat_bytes_TCP      0xee6c8736
W20  0x70   mac_tx_frames          0x0029ce5d
W43  0xCC   mtx_stat_tx_words      0x67af71fc
W51  0xEC   app_tx_bytes           0xee6c31aa
W55  0xFC   tx_stat_retx           0x0000000d
W57  0x104  tx_retx_hi             0x1235571d
W58  0x108  tx_retx_active         0x00000000
W63  0x11C  app_frmwait_cyc        0x72cf21d1
W66  0x128  tx_stat_winstall       0x12760201
W67  0x12C  tx_winstall_cap        0x00000237
W68  0x130  rx_stat_ack_adv        0x0029ce15
W69  0x134  tx_win_at_winstall     0xf53cf000
SNAP_END R4E2_C2S_N201 nff=0
SNAP_T 1791679442.020743003
SNAP_BEGIN R4E2_C2S_N202 gen=473
W5   0x34   gmii_free_FE           0x6931dc96
W14  0x58   tx_stat_frames_TCP     0x0029ce51
W15  0x5C   tx_stat_bytes_TCP      0xee6c8736
W20  0x70   mac_tx_frames          0x0029ce5d
W43  0xCC   mtx_stat_tx_words      0x6930d28a
W51  0xEC   app_tx_bytes           0xee6c31aa
W55  0xFC   tx_stat_retx           0x0000000d
W57  0x104  tx_retx_hi             0x1235571d
W58  0x108  tx_retx_active         0x00000000
W63  0x11C  app_frmwait_cyc        0x745082f0
W66  0x128  tx_stat_winstall       0x12760201
W67  0x12C  tx_winstall_cap        0x00000237
W68  0x130  rx_stat_ack_adv        0x0029ce15
W69  0x134  tx_win_at_winstall     0xf53cf000
SNAP_END R4E2_C2S_N202 nff=0
SNAP_T 1791679442.182933262
SNAP_BEGIN R4E2_C2S_N203 gen=474
W5   0x34   gmii_free_FE           0x6ab0ed87
W14  0x58   tx_stat_frames_TCP     0x0029ce51
W15  0x5C   tx_stat_bytes_TCP      0xee6c8736
W20  0x70   mac_tx_frames          0x0029ce5d
W43  0xCC   mtx_stat_tx_words      0x6aafe291
W51  0xEC   app_tx_bytes           0xee6c31aa
W55  0xFC   tx_stat_retx           0x0000000d
W57  0x104  tx_retx_hi             0x1235571d
W58  0x108  tx_retx_active         0x00000000
W63  0x11C  app_frmwait_cyc        0x75cf9387
W66  0x128  tx_stat_winstall       0x12760201
W67  0x12C  tx_winstall_cap        0x00000237
W68  0x130  rx_stat_ack_adv        0x0029ce15
W69  0x134  tx_win_at_winstall     0xf53cf000
SNAP_END R4E2_C2S_N203 nff=0
SNAP_T 1791679442.342576696
SNAP_BEGIN R4E2_C2S_N204 gen=475
W5   0x34   gmii_free_FE           0x6c3163a7
W14  0x58   tx_stat_frames_TCP     0x0029ce51
W15  0x5C   tx_stat_bytes_TCP      0xee6c8736
W20  0x70   mac_tx_frames          0x0029ce5d
W43  0xCC   mtx_stat_tx_words      0x6c3057c7
W51  0xEC   app_tx_bytes           0xee6c31aa
W55  0xFC   tx_stat_retx           0x0000000d
W57  0x104  tx_retx_hi             0x1235571d
W58  0x108  tx_retx_active         0x00000000
W63  0x11C  app_frmwait_cyc        0x7750094d
W66  0x128  tx_stat_winstall       0x12760201
W67  0x12C  tx_winstall_cap        0x00000237
W68  0x130  rx_stat_ack_adv        0x0029ce15
W69  0x134  tx_win_at_winstall     0xf53cf000
SNAP_END R4E2_C2S_N204 nff=0
SNAP_T 1791679442.503738765
SNAP_BEGIN R4E2_C2S_N205 gen=476
W5   0x34   gmii_free_FE           0x6db1d7d3
W14  0x58   tx_stat_frames_TCP     0x0029ce51
W15  0x5C   tx_stat_bytes_TCP      0xee6c8736
W20  0x70   mac_tx_frames          0x0029ce5d
W43  0xCC   mtx_stat_tx_words      0x6db0cb08
W51  0xEC   app_tx_bytes           0xee6c31aa
W55  0xFC   tx_stat_retx           0x0000000d
W57  0x104  tx_retx_hi             0x1235571d
W58  0x108  tx_retx_active         0x00000000
W63  0x11C  app_frmwait_cyc        0x78d07d1e
W66  0x128  tx_stat_winstall       0x12760201
W67  0x12C  tx_winstall_cap        0x00000237
W68  0x130  rx_stat_ack_adv        0x0029ce15
W69  0x134  tx_win_at_winstall     0xf53cf000
SNAP_END R4E2_C2S_N205 nff=0
SNAP_T 1791679442.666459725
SNAP_BEGIN R4E2_C2S_N206 gen=477
W5   0x34   gmii_free_FE           0x6f350517
W14  0x58   tx_stat_frames_TCP     0x0029ce51
W15  0x5C   tx_stat_bytes_TCP      0xee6c8736
W20  0x70   mac_tx_frames          0x0029ce5d
W43  0xCC   mtx_stat_tx_words      0x6f33f761
W51  0xEC   app_tx_bytes           0xee6c31aa
W55  0xFC   tx_stat_retx           0x0000000d
W57  0x104  tx_retx_hi             0x1235571d
W58  0x108  tx_retx_active         0x00000000
W63  0x11C  app_frmwait_cyc        0x7a53aa08
W66  0x128  tx_stat_winstall       0x12760201
W67  0x12C  tx_winstall_cap        0x00000237
W68  0x130  rx_stat_ack_adv        0x0029ce15
W69  0x134  tx_win_at_winstall     0xf53cf000
SNAP_END R4E2_C2S_N206 nff=0
SNAP_T 1791679442.827504577
SNAP_BEGIN R4E2_C2S_N207 gen=478
W5   0x34   gmii_free_FE           0x70b56d4f
W14  0x58   tx_stat_frames_TCP     0x0029ce51
W15  0x5C   tx_stat_bytes_TCP      0xee6c8736
W20  0x70   mac_tx_frames          0x0029ce5d
W43  0xCC   mtx_stat_tx_words      0x70b45eae
W51  0xEC   app_tx_bytes           0xee6c31aa
W55  0xFC   tx_stat_retx           0x0000000d
W57  0x104  tx_retx_hi             0x1235571d
W58  0x108  tx_retx_active         0x00000000
W63  0x11C  app_frmwait_cyc        0x7bd411e5
W66  0x128  tx_stat_winstall       0x12760201
W67  0x12C  tx_winstall_cap        0x00000237
W68  0x130  rx_stat_ack_adv        0x0029ce15
W69  0x134  tx_win_at_winstall     0xf53cf000
SNAP_END R4E2_C2S_N207 nff=0
SNAP_T 1791679442.991978167
SNAP_BEGIN R4E2_C2S_N208 gen=479
W5   0x34   gmii_free_FE           0x723b86f9
W14  0x58   tx_stat_frames_TCP     0x0029ce51
W15  0x5C   tx_stat_bytes_TCP      0xee6c8736
W20  0x70   mac_tx_frames          0x0029ce5d
W43  0xCC   mtx_stat_tx_words      0x723a776a
W51  0xEC   app_tx_bytes           0xee6c31aa
W55  0xFC   tx_stat_retx           0x0000000d
W57  0x104  tx_retx_hi             0x1235571d
W58  0x108  tx_retx_active         0x00000000
W63  0x11C  app_frmwait_cyc        0x7d5a2b33
W66  0x128  tx_stat_winstall       0x12760201
W67  0x12C  tx_winstall_cap        0x00000237
W68  0x130  rx_stat_ack_adv        0x0029ce15
W69  0x134  tx_win_at_winstall     0xf53cf000
SNAP_END R4E2_C2S_N208 nff=0
SNAP_T 1791679443.152642940
SNAP_BEGIN R4E2_C2S_N209 gen=480
W5   0x34   gmii_free_FE           0x73bd5b7e
W14  0x58   tx_stat_frames_TCP     0x0029ce51
W15  0x5C   tx_stat_bytes_TCP      0xee6c8736
W20  0x70   mac_tx_frames          0x0029ce5d
W43  0xCC   mtx_stat_tx_words      0x73bc4b04
W51  0xEC   app_tx_bytes           0xee6c31aa
W55  0xFC   tx_stat_retx           0x0000000d
W57  0x104  tx_retx_hi             0x1235571d
W58  0x108  tx_retx_active         0x00000000
W63  0x11C  app_frmwait_cyc        0x7edbff5e
W66  0x128  tx_stat_winstall       0x12760201
W67  0x12C  tx_winstall_cap        0x00000237
W68  0x130  rx_stat_ack_adv        0x0029ce15
W69  0x134  tx_win_at_winstall     0xf53cf000
SNAP_END R4E2_C2S_N209 nff=0
SNAP_T 1791679443.315456362
SNAP_BEGIN R4E2_C2S_N210 gen=481
W5   0x34   gmii_free_FE           0x7541de6c
W14  0x58   tx_stat_frames_TCP     0x0029ce51
W15  0x5C   tx_stat_bytes_TCP      0xee6c8736
W20  0x70   mac_tx_frames          0x0029ce5d
W43  0xCC   mtx_stat_tx_words      0x7540cd05
W51  0xEC   app_tx_bytes           0xee6c31aa
W55  0xFC   tx_stat_retx           0x0000000d
W57  0x104  tx_retx_hi             0x1235571d
W58  0x108  tx_retx_active         0x00000000
W63  0x11C  app_frmwait_cyc        0x806081f1
W66  0x128  tx_stat_winstall       0x12760201
W67  0x12C  tx_winstall_cap        0x00000237
W68  0x130  rx_stat_ack_adv        0x0029ce15
W69  0x134  tx_win_at_winstall     0xf53cf000
SNAP_END R4E2_C2S_N210 nff=0
SNAP_T 1791679443.478492655
SNAP_BEGIN R4E2_C2S_N211 gen=482
W5   0x34   gmii_free_FE           0x76c6680e
W14  0x58   tx_stat_frames_TCP     0x0029ce51
W15  0x5C   tx_stat_bytes_TCP      0xee6c8736
W20  0x70   mac_tx_frames          0x0029ce5d
W43  0xCC   mtx_stat_tx_words      0x76c555ba
W51  0xEC   app_tx_bytes           0xee6c31aa
W55  0xFC   tx_stat_retx           0x0000000d
W57  0x104  tx_retx_hi             0x1235571d
W58  0x108  tx_retx_active         0x00000000
W63  0x11C  app_frmwait_cyc        0x81e50b37
W66  0x128  tx_stat_winstall       0x12760201
W67  0x12C  tx_winstall_cap        0x00000237
W68  0x130  rx_stat_ack_adv        0x0029ce15
W69  0x134  tx_win_at_winstall     0xf53cf000
SNAP_END R4E2_C2S_N211 nff=0
SNAP_T 1791679443.641314243
SNAP_BEGIN R4E2_C2S_N212 gen=483
W5   0x34   gmii_free_FE           0x7849e673
W14  0x58   tx_stat_frames_TCP     0x0029ce51
W15  0x5C   tx_stat_bytes_TCP      0xee6c8736
W20  0x70   mac_tx_frames          0x0029ce5d
W43  0xCC   mtx_stat_tx_words      0x7848d332
W51  0xEC   app_tx_bytes           0xee6c31aa
W55  0xFC   tx_stat_retx           0x0000000d
W57  0x104  tx_retx_hi             0x1235571d
W58  0x108  tx_retx_active         0x00000000
W63  0x11C  app_frmwait_cyc        0x83688940
W66  0x128  tx_stat_winstall       0x12760201
W67  0x12C  tx_winstall_cap        0x00000237
W68  0x130  rx_stat_ack_adv        0x0029ce15
W69  0x134  tx_win_at_winstall     0xf53cf000
SNAP_END R4E2_C2S_N212 nff=0
SNAP_T 1791679443.802488076
SNAP_BEGIN R4E2_C2S_N213 gen=484
W5   0x34   gmii_free_FE           0x79c69367
W14  0x58   tx_stat_frames_TCP     0x0029ce51
W15  0x5C   tx_stat_bytes_TCP      0xee6c8736
W20  0x70   mac_tx_frames          0x0029ce5d
W43  0xCC   mtx_stat_tx_words      0x79c57f3e
W51  0xEC   app_tx_bytes           0xee6c31aa
W55  0xFC   tx_stat_retx           0x0000000d
W57  0x104  tx_retx_hi             0x1235571d
W58  0x108  tx_retx_active         0x00000000
W63  0x11C  app_frmwait_cyc        0x84e535db
W66  0x128  tx_stat_winstall       0x12760201
W67  0x12C  tx_winstall_cap        0x00000237
W68  0x130  rx_stat_ack_adv        0x0029ce15
W69  0x134  tx_win_at_winstall     0xf53cf000
SNAP_END R4E2_C2S_N213 nff=0
SNAP_T 1791679443.963269681
SNAP_BEGIN R4E2_C2S_N214 gen=485
W5   0x34   gmii_free_FE           0x7b49c206
W14  0x58   tx_stat_frames_TCP     0x0029ce51
W15  0x5C   tx_stat_bytes_TCP      0xee6c8736
W20  0x70   mac_tx_frames          0x0029ce5d
W43  0xCC   mtx_stat_tx_words      0x7b48acf1
W51  0xEC   app_tx_bytes           0xee6c31aa
W55  0xFC   tx_stat_retx           0x0000000d
W57  0x104  tx_retx_hi             0x1235571d
W58  0x108  tx_retx_active         0x00000000
W63  0x11C  app_frmwait_cyc        0x8668641f
W66  0x128  tx_stat_winstall       0x12760201
W67  0x12C  tx_winstall_cap        0x00000237
W68  0x130  rx_stat_ack_adv        0x0029ce15
W69  0x134  tx_win_at_winstall     0xf53cf000
SNAP_END R4E2_C2S_N214 nff=0
SNAP_T 1791679444.125476490
SNAP_BEGIN R4E2_C2S_N215 gen=486
W5   0x34   gmii_free_FE           0x7cc879e0
W14  0x58   tx_stat_frames_TCP     0x0029ce51
W15  0x5C   tx_stat_bytes_TCP      0xee6c8736
W20  0x70   mac_tx_frames          0x0029ce5d
W43  0xCC   mtx_stat_tx_words      0x7cc763e1
W51  0xEC   app_tx_bytes           0xee6c31aa
W55  0xFC   tx_stat_retx           0x0000000d
W57  0x104  tx_retx_hi             0x1235571d
W58  0x108  tx_retx_active         0x00000000
W63  0x11C  app_frmwait_cyc        0x87e71b9f
W66  0x128  tx_stat_winstall       0x12760201
W67  0x12C  tx_winstall_cap        0x00000237
W68  0x130  rx_stat_ack_adv        0x0029ce15
W69  0x134  tx_win_at_winstall     0xf53cf000
SNAP_END R4E2_C2S_N215 nff=0
SNAP_T 1791679444.285816846
SNAP_BEGIN R4E2_C2S_N216 gen=487
W5   0x34   gmii_free_FE           0x7e4a736c
W14  0x58   tx_stat_frames_TCP     0x0029ce51
W15  0x5C   tx_stat_bytes_TCP      0xee6c8736
W20  0x70   mac_tx_frames          0x0029ce5d
W43  0xCC   mtx_stat_tx_words      0x7e495c82
W51  0xEC   app_tx_bytes           0xee6c31aa
W55  0xFC   tx_stat_retx           0x0000000d
W57  0x104  tx_retx_hi             0x1235571d
W58  0x108  tx_retx_active         0x00000000
W63  0x11C  app_frmwait_cyc        0x896914d0
W66  0x128  tx_stat_winstall       0x12760201
W67  0x12C  tx_winstall_cap        0x00000237
W68  0x130  rx_stat_ack_adv        0x0029ce15
W69  0x134  tx_win_at_winstall     0xf53cf000
SNAP_END R4E2_C2S_N216 nff=0
SNAP_T 1791679444.447121346
SNAP_BEGIN R4E2_C2S_N217 gen=488
W5   0x34   gmii_free_FE           0x7fc7a1a7
W14  0x58   tx_stat_frames_TCP     0x0029ce51
W15  0x5C   tx_stat_bytes_TCP      0xee6c8736
W20  0x70   mac_tx_frames          0x0029ce5d
W43  0xCC   mtx_stat_tx_words      0x7fc689d4
W51  0xEC   app_tx_bytes           0xee6c31aa
W55  0xFC   tx_stat_retx           0x0000000d
W57  0x104  tx_retx_hi             0x1235571d
W58  0x108  tx_retx_active         0x00000000
W63  0x11C  app_frmwait_cyc        0x8ae642b1
W66  0x128  tx_stat_winstall       0x12760201
W67  0x12C  tx_winstall_cap        0x00000237
W68  0x130  rx_stat_ack_adv        0x0029ce15
W69  0x134  tx_win_at_winstall     0xf53cf000
SNAP_END R4E2_C2S_N217 nff=0
SNAP_T 1791679444.607146288
SNAP_BEGIN R4E2_C2S_N218 gen=489
W5   0x34   gmii_free_FE           0x81474c74
W14  0x58   tx_stat_frames_TCP     0x0029ce51
W15  0x5C   tx_stat_bytes_TCP      0xee6c8736
W20  0x70   mac_tx_frames          0x0029ce5d
W43  0xCC   mtx_stat_tx_words      0x814633b8
W51  0xEC   app_tx_bytes           0xee6c31aa
W55  0xFC   tx_stat_retx           0x0000000d
W57  0x104  tx_retx_hi             0x1235571d
W58  0x108  tx_retx_active         0x00000000
W63  0x11C  app_frmwait_cyc        0x8c65ed24
W66  0x128  tx_stat_winstall       0x12760201
W67  0x12C  tx_winstall_cap        0x00000237
W68  0x130  rx_stat_ack_adv        0x0029ce15
W69  0x134  tx_win_at_winstall     0xf53cf000
SNAP_END R4E2_C2S_N218 nff=0
SNAP_T 1791679444.768032963
SNAP_BEGIN R4E2_C2S_N219 gen=490
W5   0x34   gmii_free_FE           0x82c60ad1
W14  0x58   tx_stat_frames_TCP     0x0029ce51
W15  0x5C   tx_stat_bytes_TCP      0xee6c8736
W20  0x70   mac_tx_frames          0x0029ce5d
W43  0xCC   mtx_stat_tx_words      0x82c4f12a
W51  0xEC   app_tx_bytes           0xee6c31aa
W55  0xFC   tx_stat_retx           0x0000000d
W57  0x104  tx_retx_hi             0x1235571d
W58  0x108  tx_retx_active         0x00000000
W63  0x11C  app_frmwait_cyc        0x8de4ab27
W66  0x128  tx_stat_winstall       0x12760201
W67  0x12C  tx_winstall_cap        0x00000237
W68  0x130  rx_stat_ack_adv        0x0029ce15
W69  0x134  tx_win_at_winstall     0xf53cf000
SNAP_END R4E2_C2S_N219 nff=0
SNAP_T 1791679444.928803983
SNAP_BEGIN R4E2_C2S_N220 gen=491
W5   0x34   gmii_free_FE           0x8447342f
W14  0x58   tx_stat_frames_TCP     0x0029ce51
W15  0x5C   tx_stat_bytes_TCP      0xee6c8736
W20  0x70   mac_tx_frames          0x0029ce5d
W43  0xCC   mtx_stat_tx_words      0x8446199d
W51  0xEC   app_tx_bytes           0xee6c31aa
W55  0xFC   tx_stat_retx           0x0000000d
W57  0x104  tx_retx_hi             0x1235571d
W58  0x108  tx_retx_active         0x00000000
W63  0x11C  app_frmwait_cyc        0x8f65d42a
W66  0x128  tx_stat_winstall       0x12760201
W67  0x12C  tx_winstall_cap        0x00000237
W68  0x130  rx_stat_ack_adv        0x0029ce15
W69  0x134  tx_win_at_winstall     0xf53cf000
SNAP_END R4E2_C2S_N220 nff=0
SNAP_T 1791679445.090103834
SNAP_BEGIN R4E2_C2S_N221 gen=492
W5   0x34   gmii_free_FE           0x85c44af4
W14  0x58   tx_stat_frames_TCP     0x0029ce51
W15  0x5C   tx_stat_bytes_TCP      0xee6c8736
W20  0x70   mac_tx_frames          0x0029ce5d
W43  0xCC   mtx_stat_tx_words      0x85c32f7a
W51  0xEC   app_tx_bytes           0xee6c31aa
W55  0xFC   tx_stat_retx           0x0000000d
W57  0x104  tx_retx_hi             0x1235571d
W58  0x108  tx_retx_active         0x00000000
W63  0x11C  app_frmwait_cyc        0x90e2ea96
W66  0x128  tx_stat_winstall       0x12760201
W67  0x12C  tx_winstall_cap        0x00000237
W68  0x130  rx_stat_ack_adv        0x0029ce15
W69  0x134  tx_win_at_winstall     0xf53cf000
SNAP_END R4E2_C2S_N221 nff=0
SNAP_T 1791679445.251542885
SNAP_BEGIN R4E2_C2S_N222 gen=493
W5   0x34   gmii_free_FE           0x87494984
W14  0x58   tx_stat_frames_TCP     0x0029ce51
W15  0x5C   tx_stat_bytes_TCP      0xee6c8736
W20  0x70   mac_tx_frames          0x0029ce5d
W43  0xCC   mtx_stat_tx_words      0x87482d1c
W51  0xEC   app_tx_bytes           0xee6c31aa
W55  0xFC   tx_stat_retx           0x0000000d
W57  0x104  tx_retx_hi             0x1235571d
W58  0x108  tx_retx_active         0x00000000
W63  0x11C  app_frmwait_cyc        0x9267e8c9
W66  0x128  tx_stat_winstall       0x12760201
W67  0x12C  tx_winstall_cap        0x00000237
W68  0x130  rx_stat_ack_adv        0x0029ce15
W69  0x134  tx_win_at_winstall     0xf53cf000
SNAP_END R4E2_C2S_N222 nff=0
SNAP_T 1791679445.413558610
SNAP_BEGIN R4E2_C2S_N223 gen=494
W5   0x34   gmii_free_FE           0x88c76385
W14  0x58   tx_stat_frames_TCP     0x0029ce51
W15  0x5C   tx_stat_bytes_TCP      0xee6c8736
W20  0x70   mac_tx_frames          0x0029ce5d
W43  0xCC   mtx_stat_tx_words      0x88c64634
W51  0xEC   app_tx_bytes           0xee6c31aa
W55  0xFC   tx_stat_retx           0x0000000d
W57  0x104  tx_retx_hi             0x1235571d
W58  0x108  tx_retx_active         0x00000000
W63  0x11C  app_frmwait_cyc        0x93e60270
W66  0x128  tx_stat_winstall       0x12760201
W67  0x12C  tx_winstall_cap        0x00000237
W68  0x130  rx_stat_ack_adv        0x0029ce15
W69  0x134  tx_win_at_winstall     0xf53cf000
SNAP_END R4E2_C2S_N223 nff=0
SNAP_T 1791679445.573956715
SNAP_BEGIN R4E2_C2S_N224 gen=495
W5   0x34   gmii_free_FE           0x8a4a2446
W14  0x58   tx_stat_frames_TCP     0x0029ce51
W15  0x5C   tx_stat_bytes_TCP      0xee6c8736
W20  0x70   mac_tx_frames          0x0029ce5d
W43  0xCC   mtx_stat_tx_words      0x8a490608
W51  0xEC   app_tx_bytes           0xee6c31aa
W55  0xFC   tx_stat_retx           0x0000000d
W57  0x104  tx_retx_hi             0x1235571d
W58  0x108  tx_retx_active         0x00000000
W63  0x11C  app_frmwait_cyc        0x9568c2d6
W66  0x128  tx_stat_winstall       0x12760201
W67  0x12C  tx_winstall_cap        0x00000237
W68  0x130  rx_stat_ack_adv        0x0029ce15
W69  0x134  tx_win_at_winstall     0xf53cf000
SNAP_END R4E2_C2S_N224 nff=0
SNAP_T 1791679445.736473605
SNAP_BEGIN R4E2_C2S_N225 gen=496
W5   0x34   gmii_free_FE           0x8bcd6903
W14  0x58   tx_stat_frames_TCP     0x0029ce51
W15  0x5C   tx_stat_bytes_TCP      0xee6c8736
W20  0x70   mac_tx_frames          0x0029ce5d
W43  0xCC   mtx_stat_tx_words      0x8bcc49d9
W51  0xEC   app_tx_bytes           0xee6c31aa
W55  0xFC   tx_stat_retx           0x0000000d
W57  0x104  tx_retx_hi             0x1235571d
W58  0x108  tx_retx_active         0x00000000
W63  0x11C  app_frmwait_cyc        0x96ec0738
W66  0x128  tx_stat_winstall       0x12760201
W67  0x12C  tx_winstall_cap        0x00000237
W68  0x130  rx_stat_ack_adv        0x0029ce15
W69  0x134  tx_win_at_winstall     0xf53cf000
SNAP_END R4E2_C2S_N225 nff=0
SNAP_T 1791679445.898560127
SNAP_BEGIN R4E2_C2S_N226 gen=497
W5   0x34   gmii_free_FE           0x8d50cd3a
W14  0x58   tx_stat_frames_TCP     0x0029ce51
W15  0x5C   tx_stat_bytes_TCP      0xee6c8736
W20  0x70   mac_tx_frames          0x0029ce5d
W43  0xCC   mtx_stat_tx_words      0x8d4fad23
W51  0xEC   app_tx_bytes           0xee6c31aa
W55  0xFC   tx_stat_retx           0x0000000d
W57  0x104  tx_retx_hi             0x1235571d
W58  0x108  tx_retx_active         0x00000000
W63  0x11C  app_frmwait_cyc        0x986f6b13
W66  0x128  tx_stat_winstall       0x12760201
W67  0x12C  tx_winstall_cap        0x00000237
W68  0x130  rx_stat_ack_adv        0x0029ce15
W69  0x134  tx_win_at_winstall     0xf53cf000
SNAP_END R4E2_C2S_N226 nff=0
SNAP_T 1791679446.063104130
SNAP_BEGIN R4E2_C2S_N227 gen=498
W5   0x34   gmii_free_FE           0x8ed43b7b
W14  0x58   tx_stat_frames_TCP     0x0029ce51
W15  0x5C   tx_stat_bytes_TCP      0xee6c8736
W20  0x70   mac_tx_frames          0x0029ce5d
W43  0xCC   mtx_stat_tx_words      0x8ed31a78
W51  0xEC   app_tx_bytes           0xee6c31aa
W55  0xFC   tx_stat_retx           0x0000000d
W57  0x104  tx_retx_hi             0x1235571d
W58  0x108  tx_retx_active         0x00000000
W63  0x11C  app_frmwait_cyc        0x99f2d8f9
W66  0x128  tx_stat_winstall       0x12760201
W67  0x12C  tx_winstall_cap        0x00000237
W68  0x130  rx_stat_ack_adv        0x0029ce15
W69  0x134  tx_win_at_winstall     0xf53cf000
SNAP_END R4E2_C2S_N227 nff=0
SNAP_T 1791679446.223407724
SNAP_BEGIN R4E2_C2S_N228 gen=499
W5   0x34   gmii_free_FE           0x90554f35
W14  0x58   tx_stat_frames_TCP     0x0029ce51
W15  0x5C   tx_stat_bytes_TCP      0xee6c8736
W20  0x70   mac_tx_frames          0x0029ce5d
W43  0xCC   mtx_stat_tx_words      0x90542d47
W51  0xEC   app_tx_bytes           0xee6c31aa
W55  0xFC   tx_stat_retx           0x0000000d
W57  0x104  tx_retx_hi             0x1235571d
W58  0x108  tx_retx_active         0x00000000
W63  0x11C  app_frmwait_cyc        0x9b73ec58
W66  0x128  tx_stat_winstall       0x12760201
W67  0x12C  tx_winstall_cap        0x00000237
W68  0x130  rx_stat_ack_adv        0x0029ce15
W69  0x134  tx_win_at_winstall     0xf53cf000
SNAP_END R4E2_C2S_N228 nff=0
SNAP_T 1791679446.385685389
SNAP_BEGIN R4E2_C2S_N229 gen=500
W5   0x34   gmii_free_FE           0x91d94dd7
W14  0x58   tx_stat_frames_TCP     0x0029ce52
W15  0x5C   tx_stat_bytes_TCP      0xee6c8736
W20  0x70   mac_tx_frames          0x0029ce5e
W43  0xCC   mtx_stat_tx_words      0x91d82afc
W51  0xEC   app_tx_bytes           0xee6c31aa
W55  0xFC   tx_stat_retx           0x0000000d
W57  0x104  tx_retx_hi             0x1235571d
W58  0x108  tx_retx_active         0x00000000
W63  0x11C  app_frmwait_cyc        0x9cf7ea9f
W66  0x128  tx_stat_winstall       0x12760201
W67  0x12C  tx_winstall_cap        0x00000237
W68  0x130  rx_stat_ack_adv        0x0029ce15
W69  0x134  tx_win_at_winstall     0xf53cf000
SNAP_END R4E2_C2S_N229 nff=0
SNAP_T 1791679446.547519270
SNAP_BEGIN R4E2_C2S_N230 gen=501
W5   0x34   gmii_free_FE           0x9356ee29
W14  0x58   tx_stat_frames_TCP     0x0029ce52
W15  0x5C   tx_stat_bytes_TCP      0xee6c8736
W20  0x70   mac_tx_frames          0x0029ce5e
W43  0xCC   mtx_stat_tx_words      0x9355ca64
W51  0xEC   app_tx_bytes           0xee6c31aa
W55  0xFC   tx_stat_retx           0x0000000d
W57  0x104  tx_retx_hi             0x1235571d
W58  0x108  tx_retx_active         0x00000000
W63  0x11C  app_frmwait_cyc        0x9e758a96
W66  0x128  tx_stat_winstall       0x12760201
W67  0x12C  tx_winstall_cap        0x00000237
W68  0x130  rx_stat_ack_adv        0x0029ce15
W69  0x134  tx_win_at_winstall     0xf53cf000
SNAP_END R4E2_C2S_N230 nff=0
SNAP_T 1791679446.707638030
SNAP_BEGIN R4E2_C2S_N231 gen=502
W5   0x34   gmii_free_FE           0x94d8a694
W14  0x58   tx_stat_frames_TCP     0x0029ce52
W15  0x5C   tx_stat_bytes_TCP      0xee6c8736
W20  0x70   mac_tx_frames          0x0029ce5e
W43  0xCC   mtx_stat_tx_words      0x94d781e4
W51  0xEC   app_tx_bytes           0xee6c31aa
W55  0xFC   tx_stat_retx           0x0000000d
W57  0x104  tx_retx_hi             0x1235571d
W58  0x108  tx_retx_active         0x00000000
W63  0x11C  app_frmwait_cyc        0x9ff742a6
W66  0x128  tx_stat_winstall       0x12760201
W67  0x12C  tx_winstall_cap        0x00000237
W68  0x130  rx_stat_ack_adv        0x0029ce15
W69  0x134  tx_win_at_winstall     0xf53cf000
SNAP_END R4E2_C2S_N231 nff=0
SNAP_T 1791679446.869373926
SNAP_BEGIN R4E2_C2S_N232 gen=503
W5   0x34   gmii_free_FE           0x965b3d19
W14  0x58   tx_stat_frames_TCP     0x0029ce52
W15  0x5C   tx_stat_bytes_TCP      0xee6c8736
W20  0x70   mac_tx_frames          0x0029ce5e
W43  0xCC   mtx_stat_tx_words      0x965a177c
W51  0xEC   app_tx_bytes           0xee6c31aa
W55  0xFC   tx_stat_retx           0x0000000d
W57  0x104  tx_retx_hi             0x1235571d
W58  0x108  tx_retx_active         0x00000000
W63  0x11C  app_frmwait_cyc        0xa179d8cf
W66  0x128  tx_stat_winstall       0x12760201
W67  0x12C  tx_winstall_cap        0x00000237
W68  0x130  rx_stat_ack_adv        0x0029ce15
W69  0x134  tx_win_at_winstall     0xf53cf000
SNAP_END R4E2_C2S_N232 nff=0
SNAP_T 1791679447.031228339
SNAP_BEGIN R4E2_C2S_N233 gen=504
W5   0x34   gmii_free_FE           0x97dc2118
W14  0x58   tx_stat_frames_TCP     0x0029ce52
W15  0x5C   tx_stat_bytes_TCP      0xee6c8736
W20  0x70   mac_tx_frames          0x0029ce5e
W43  0xCC   mtx_stat_tx_words      0x97dafa91
W51  0xEC   app_tx_bytes           0xee6c31aa
W55  0xFC   tx_stat_retx           0x0000000d
W57  0x104  tx_retx_hi             0x1235571d
W58  0x108  tx_retx_active         0x00000000
W63  0x11C  app_frmwait_cyc        0xa2fabc74
W66  0x128  tx_stat_winstall       0x12760201
W67  0x12C  tx_winstall_cap        0x00000237
W68  0x130  rx_stat_ack_adv        0x0029ce15
W69  0x134  tx_win_at_winstall     0xf53cf000
SNAP_END R4E2_C2S_N233 nff=0
SNAP_T 1791679447.192830652
SNAP_BEGIN R4E2_C2S_N234 gen=505
W5   0x34   gmii_free_FE           0x995da8d7
W14  0x58   tx_stat_frames_TCP     0x0029ce52
W15  0x5C   tx_stat_bytes_TCP      0xee6c8736
W20  0x70   mac_tx_frames          0x0029ce5e
W43  0xCC   mtx_stat_tx_words      0x995c8164
W51  0xEC   app_tx_bytes           0xee6c31aa
W55  0xFC   tx_stat_retx           0x0000000d
W57  0x104  tx_retx_hi             0x1235571d
W58  0x108  tx_retx_active         0x00000000
W63  0x11C  app_frmwait_cyc        0xa47c43d7
W66  0x128  tx_stat_winstall       0x12760201
W67  0x12C  tx_winstall_cap        0x00000237
W68  0x130  rx_stat_ack_adv        0x0029ce15
W69  0x134  tx_win_at_winstall     0xf53cf000
SNAP_END R4E2_C2S_N234 nff=0
SNAP_T 1791679447.354728487
SNAP_BEGIN R4E2_C2S_N235 gen=506
W5   0x34   gmii_free_FE           0x9adfb549
W14  0x58   tx_stat_frames_TCP     0x0029ce52
W15  0x5C   tx_stat_bytes_TCP      0xee6c8736
W20  0x70   mac_tx_frames          0x0029ce5e
W43  0xCC   mtx_stat_tx_words      0x9ade8cea
W51  0xEC   app_tx_bytes           0xee6c31aa
W55  0xFC   tx_stat_retx           0x0000000d
W57  0x104  tx_retx_hi             0x1235571d
W58  0x108  tx_retx_active         0x00000000
W63  0x11C  app_frmwait_cyc        0xa5fe4fee
W66  0x128  tx_stat_winstall       0x12760201
W67  0x12C  tx_winstall_cap        0x00000237
W68  0x130  rx_stat_ack_adv        0x0029ce15
W69  0x134  tx_win_at_winstall     0xf53cf000
SNAP_END R4E2_C2S_N235 nff=0
SNAP_T 1791679447.516777165
SNAP_BEGIN R4E2_C2S_N236 gen=507
W5   0x34   gmii_free_FE           0x9c6233b8
W14  0x58   tx_stat_frames_TCP     0x0029ce52
W15  0x5C   tx_stat_bytes_TCP      0xee6c8736
W20  0x70   mac_tx_frames          0x0029ce5e
W43  0xCC   mtx_stat_tx_words      0x9c610a6c
W51  0xEC   app_tx_bytes           0xee6c31aa
W55  0xFC   tx_stat_retx           0x0000000d
W57  0x104  tx_retx_hi             0x1235571d
W58  0x108  tx_retx_active         0x00000000
W63  0x11C  app_frmwait_cyc        0xa780ce01
W66  0x128  tx_stat_winstall       0x12760201
W67  0x12C  tx_winstall_cap        0x00000237
W68  0x130  rx_stat_ack_adv        0x0029ce15
W69  0x134  tx_win_at_winstall     0xf53cf000
SNAP_END R4E2_C2S_N236 nff=0
SNAP_T 1791679447.678641518
SNAP_BEGIN R4E2_C2S_N237 gen=508
W5   0x34   gmii_free_FE           0x9de1d3a1
W14  0x58   tx_stat_frames_TCP     0x0029ce52
W15  0x5C   tx_stat_bytes_TCP      0xee6c8736
W20  0x70   mac_tx_frames          0x0029ce5e
W43  0xCC   mtx_stat_tx_words      0x9de0a96b
W51  0xEC   app_tx_bytes           0xee6c31aa
W55  0xFC   tx_stat_retx           0x0000000d
W57  0x104  tx_retx_hi             0x1235571d
W58  0x108  tx_retx_active         0x00000000
W63  0x11C  app_frmwait_cyc        0xa9006d90
W66  0x128  tx_stat_winstall       0x12760201
W67  0x12C  tx_winstall_cap        0x00000237
W68  0x130  rx_stat_ack_adv        0x0029ce15
W69  0x134  tx_win_at_winstall     0xf53cf000
SNAP_END R4E2_C2S_N237 nff=0
SNAP_T 1791679447.839311968
SNAP_BEGIN R4E2_C2S_N238 gen=509
W5   0x34   gmii_free_FE           0x9f5f125f
W14  0x58   tx_stat_frames_TCP     0x0029ce52
W15  0x5C   tx_stat_bytes_TCP      0xee6c8736
W20  0x70   mac_tx_frames          0x0029ce5e
W43  0xCC   mtx_stat_tx_words      0x9f5de73f
W51  0xEC   app_tx_bytes           0xee6c31aa
W55  0xFC   tx_stat_retx           0x0000000d
W57  0x104  tx_retx_hi             0x1235571d
W58  0x108  tx_retx_active         0x00000000
W63  0x11C  app_frmwait_cyc        0xaa7dabf3
W66  0x128  tx_stat_winstall       0x12760201
W67  0x12C  tx_winstall_cap        0x00000237
W68  0x130  rx_stat_ack_adv        0x0029ce15
W69  0x134  tx_win_at_winstall     0xf53cf000
SNAP_END R4E2_C2S_N238 nff=0
SNAP_T 1791679447.999350893
SNAP_BEGIN R4E2_C2S_N239 gen=510
W5   0x34   gmii_free_FE           0xa0dfc1f7
W14  0x58   tx_stat_frames_TCP     0x0029ce52
W15  0x5C   tx_stat_bytes_TCP      0xee6c8736
W20  0x70   mac_tx_frames          0x0029ce5e
W43  0xCC   mtx_stat_tx_words      0xa0de95ec
W51  0xEC   app_tx_bytes           0xee6c31aa
W55  0xFC   tx_stat_retx           0x0000000d
W57  0x104  tx_retx_hi             0x1235571d
W58  0x108  tx_retx_active         0x00000000
W63  0x11C  app_frmwait_cyc        0xabfe5b30
W66  0x128  tx_stat_winstall       0x12760201
W67  0x12C  tx_winstall_cap        0x00000237
W68  0x130  rx_stat_ack_adv        0x0029ce15
W69  0x134  tx_win_at_winstall     0xf53cf000
SNAP_END R4E2_C2S_N239 nff=0
SNAP_T 1791679448.160340221
SNAP_BEGIN R4E2_C2S_N240 gen=511
W5   0x34   gmii_free_FE           0xa25c76d8
W14  0x58   tx_stat_frames_TCP     0x0029ce52
W15  0x5C   tx_stat_bytes_TCP      0xee6c8736
W20  0x70   mac_tx_frames          0x0029ce5e
W43  0xCC   mtx_stat_tx_words      0xa25b49e5
W51  0xEC   app_tx_bytes           0xee6c31aa
W55  0xFC   tx_stat_retx           0x0000000d
W57  0x104  tx_retx_hi             0x1235571d
W58  0x108  tx_retx_active         0x00000000
W63  0x11C  app_frmwait_cyc        0xad7b0fb7
W66  0x128  tx_stat_winstall       0x12760201
W67  0x12C  tx_winstall_cap        0x00000237
W68  0x130  rx_stat_ack_adv        0x0029ce15
W69  0x134  tx_win_at_winstall     0xf53cf000
SNAP_END R4E2_C2S_N240 nff=0
SNAP_T 1791679448.321110195
SNAP_BEGIN R4E2_C2S_N241 gen=512
W5   0x34   gmii_free_FE           0xa3e02b84
W14  0x58   tx_stat_frames_TCP     0x0029ce52
W15  0x5C   tx_stat_bytes_TCP      0xee6c8736
W20  0x70   mac_tx_frames          0x0029ce5e
W43  0xCC   mtx_stat_tx_words      0xa3defda4
W51  0xEC   app_tx_bytes           0xee6c31aa
W55  0xFC   tx_stat_retx           0x0000000d
W57  0x104  tx_retx_hi             0x1235571d
W58  0x108  tx_retx_active         0x00000000
W63  0x11C  app_frmwait_cyc        0xaefec407
W66  0x128  tx_stat_winstall       0x12760201
W67  0x12C  tx_winstall_cap        0x00000237
W68  0x130  rx_stat_ack_adv        0x0029ce15
W69  0x134  tx_win_at_winstall     0xf53cf000
SNAP_END R4E2_C2S_N241 nff=0
SNAP_T 1791679448.483639601
SNAP_BEGIN R4E2_C2S_N242 gen=513
W5   0x34   gmii_free_FE           0xa56330df
W14  0x58   tx_stat_frames_TCP     0x0029ce52
W15  0x5C   tx_stat_bytes_TCP      0xee6c8736
W20  0x70   mac_tx_frames          0x0029ce5e
W43  0xCC   mtx_stat_tx_words      0xa5620213
W51  0xEC   app_tx_bytes           0xee6c31aa
W55  0xFC   tx_stat_retx           0x0000000d
W57  0x104  tx_retx_hi             0x1235571d
W58  0x108  tx_retx_active         0x00000000
W63  0x11C  app_frmwait_cyc        0xb081c907
W66  0x128  tx_stat_winstall       0x12760201
W67  0x12C  tx_winstall_cap        0x00000237
W68  0x130  rx_stat_ack_adv        0x0029ce15
W69  0x134  tx_win_at_winstall     0xf53cf000
SNAP_END R4E2_C2S_N242 nff=0
SNAP_T 1791679448.645273107
SNAP_BEGIN R4E2_C2S_N243 gen=514
W5   0x34   gmii_free_FE           0xa6e535ae
W14  0x58   tx_stat_frames_TCP     0x0029ce52
W15  0x5C   tx_stat_bytes_TCP      0xee6c8736
W20  0x70   mac_tx_frames          0x0029ce5e
W43  0xCC   mtx_stat_tx_words      0xa6e405f5
W51  0xEC   app_tx_bytes           0xee6c31aa
W55  0xFC   tx_stat_retx           0x0000000d
W57  0x104  tx_retx_hi             0x1235571d
W58  0x108  tx_retx_active         0x00000000
W63  0x11C  app_frmwait_cyc        0xb203cd7a
W66  0x128  tx_stat_winstall       0x12760201
W67  0x12C  tx_winstall_cap        0x00000237
W68  0x130  rx_stat_ack_adv        0x0029ce15
W69  0x134  tx_win_at_winstall     0xf53cf000
SNAP_END R4E2_C2S_N243 nff=0
SNAP_T 1791679448.808385508
SNAP_BEGIN R4E2_C2S_N244 gen=515
W5   0x34   gmii_free_FE           0xa869c6ca
W14  0x58   tx_stat_frames_TCP     0x0029ce52
W15  0x5C   tx_stat_bytes_TCP      0xee6c8736
W20  0x70   mac_tx_frames          0x0029ce5e
W43  0xCC   mtx_stat_tx_words      0xa8689624
W51  0xEC   app_tx_bytes           0xee6c31aa
W55  0xFC   tx_stat_retx           0x0000000d
W57  0x104  tx_retx_hi             0x1235571d
W58  0x108  tx_retx_active         0x00000000
W63  0x11C  app_frmwait_cyc        0xb3885e3a
W66  0x128  tx_stat_winstall       0x12760201
W67  0x12C  tx_winstall_cap        0x00000237
W68  0x130  rx_stat_ack_adv        0x0029ce15
W69  0x134  tx_win_at_winstall     0xf53cf000
SNAP_END R4E2_C2S_N244 nff=0
SNAP_T 1791679448.970371780
SNAP_BEGIN R4E2_C2S_N245 gen=516
W5   0x34   gmii_free_FE           0xa9ed10ea
W14  0x58   tx_stat_frames_TCP     0x0029ce52
W15  0x5C   tx_stat_bytes_TCP      0xee6c8736
W20  0x70   mac_tx_frames          0x0029ce5e
W43  0xCC   mtx_stat_tx_words      0xa9ebdf57
W51  0xEC   app_tx_bytes           0xee6c31aa
W55  0xFC   tx_stat_retx           0x0000000d
W57  0x104  tx_retx_hi             0x1235571d
W58  0x108  tx_retx_active         0x00000000
W63  0x11C  app_frmwait_cyc        0xb50ba7ff
W66  0x128  tx_stat_winstall       0x12760201
W67  0x12C  tx_winstall_cap        0x00000237
W68  0x130  rx_stat_ack_adv        0x0029ce15
W69  0x134  tx_win_at_winstall     0xf53cf000
SNAP_END R4E2_C2S_N245 nff=0
SNAP_T 1791679449.134530668
SNAP_BEGIN R4E2_C2S_N246 gen=517
W5   0x34   gmii_free_FE           0xab7277de
W14  0x58   tx_stat_frames_TCP     0x0029ce52
W15  0x5C   tx_stat_bytes_TCP      0xee6c8736
W20  0x70   mac_tx_frames          0x0029ce5e
W43  0xCC   mtx_stat_tx_words      0xab71455c
W51  0xEC   app_tx_bytes           0xee6c31aa
W55  0xFC   tx_stat_retx           0x0000000d
W57  0x104  tx_retx_hi             0x1235571d
W58  0x108  tx_retx_active         0x00000000
W63  0x11C  app_frmwait_cyc        0xb6910e95
W66  0x128  tx_stat_winstall       0x12760201
W67  0x12C  tx_winstall_cap        0x00000237
W68  0x130  rx_stat_ack_adv        0x0029ce15
W69  0x134  tx_win_at_winstall     0xf53cf000
SNAP_END R4E2_C2S_N246 nff=0
SNAP_T 1791679449.297203689
SNAP_BEGIN R4E2_C2S_N247 gen=518
W5   0x34   gmii_free_FE           0xacf5c397
W14  0x58   tx_stat_frames_TCP     0x0029ce52
W15  0x5C   tx_stat_bytes_TCP      0xee6c8736
W20  0x70   mac_tx_frames          0x0029ce5e
W43  0xCC   mtx_stat_tx_words      0xacf49028
W51  0xEC   app_tx_bytes           0xee6c31aa
W55  0xFC   tx_stat_retx           0x0000000d
W57  0x104  tx_retx_hi             0x1235571d
W58  0x108  tx_retx_active         0x00000000
W63  0x11C  app_frmwait_cyc        0xb81459f3
W66  0x128  tx_stat_winstall       0x12760201
W67  0x12C  tx_winstall_cap        0x00000237
W68  0x130  rx_stat_ack_adv        0x0029ce15
W69  0x134  tx_win_at_winstall     0xf53cf000
SNAP_END R4E2_C2S_N247 nff=0
SNAP_T 1791679449.458564080
SNAP_BEGIN R4E2_C2S_N248 gen=519
W5   0x34   gmii_free_FE           0xae782d38
W14  0x58   tx_stat_frames_TCP     0x0029ce52
W15  0x5C   tx_stat_bytes_TCP      0xee6c8736
W20  0x70   mac_tx_frames          0x0029ce5e
W43  0xCC   mtx_stat_tx_words      0xae76f8dc
W51  0xEC   app_tx_bytes           0xee6c31aa
W55  0xFC   tx_stat_retx           0x0000000d
W57  0x104  tx_retx_hi             0x1235571d
W58  0x108  tx_retx_active         0x00000000
W63  0x11C  app_frmwait_cyc        0xb996c338
W66  0x128  tx_stat_winstall       0x12760201
W67  0x12C  tx_winstall_cap        0x00000237
W68  0x130  rx_stat_ack_adv        0x0029ce15
W69  0x134  tx_win_at_winstall     0xf53cf000
SNAP_END R4E2_C2S_N248 nff=0
SNAP_T 1791679449.621357964
SNAP_BEGIN R4E2_C2S_N249 gen=520
W5   0x34   gmii_free_FE           0xaffc92e0
W14  0x58   tx_stat_frames_TCP     0x0029ce52
W15  0x5C   tx_stat_bytes_TCP      0xee6c8736
W20  0x70   mac_tx_frames          0x0029ce5e
W43  0xCC   mtx_stat_tx_words      0xaffb5d97
W51  0xEC   app_tx_bytes           0xee6c31aa
W55  0xFC   tx_stat_retx           0x0000000d
W57  0x104  tx_retx_hi             0x1235571d
W58  0x108  tx_retx_active         0x00000000
W63  0x11C  app_frmwait_cyc        0xbb1b2885
W66  0x128  tx_stat_winstall       0x12760201
W67  0x12C  tx_winstall_cap        0x00000237
W68  0x130  rx_stat_ack_adv        0x0029ce15
W69  0x134  tx_win_at_winstall     0xf53cf000
SNAP_END R4E2_C2S_N249 nff=0
SNAP_T 1791679449.784392674
SNAP_BEGIN R4E2_C2S_N250 gen=521
W5   0x34   gmii_free_FE           0xb18069e4
W14  0x58   tx_stat_frames_TCP     0x0029ce52
W15  0x5C   tx_stat_bytes_TCP      0xee6c8736
W20  0x70   mac_tx_frames          0x0029ce5e
W43  0xCC   mtx_stat_tx_words      0xb17f33ae
W51  0xEC   app_tx_bytes           0xee6c31aa
W55  0xFC   tx_stat_retx           0x0000000d
W57  0x104  tx_retx_hi             0x1235571d
W58  0x108  tx_retx_active         0x00000000
W63  0x11C  app_frmwait_cyc        0xbc9eff2c
W66  0x128  tx_stat_winstall       0x12760201
W67  0x12C  tx_winstall_cap        0x00000237
W68  0x130  rx_stat_ack_adv        0x0029ce15
W69  0x134  tx_win_at_winstall     0xf53cf000
SNAP_END R4E2_C2S_N250 nff=0
SNAP_T 1791679449.946274207
SNAP_BEGIN R4E2_C2S_N251 gen=522
W5   0x34   gmii_free_FE           0xb302c138
W14  0x58   tx_stat_frames_TCP     0x0029ce52
W15  0x5C   tx_stat_bytes_TCP      0xee6c8736
W20  0x70   mac_tx_frames          0x0029ce5e
W43  0xCC   mtx_stat_tx_words      0xb3018a16
W51  0xEC   app_tx_bytes           0xee6c31aa
W55  0xFC   tx_stat_retx           0x0000000d
W57  0x104  tx_retx_hi             0x1235571d
W58  0x108  tx_retx_active         0x00000000
W63  0x11C  app_frmwait_cyc        0xbe215625
W66  0x128  tx_stat_winstall       0x12760201
W67  0x12C  tx_winstall_cap        0x00000237
W68  0x130  rx_stat_ack_adv        0x0029ce15
W69  0x134  tx_win_at_winstall     0xf53cf000
SNAP_END R4E2_C2S_N251 nff=0
SNAP_T 1791679450.109084503
SNAP_BEGIN R4E2_C2S_N252 gen=523
W5   0x34   gmii_free_FE           0xb482c2f5
W14  0x58   tx_stat_frames_TCP     0x0029ce52
W15  0x5C   tx_stat_bytes_TCP      0xee6c8736
W20  0x70   mac_tx_frames          0x0029ce5e
W43  0xCC   mtx_stat_tx_words      0xb4818ae7
W51  0xEC   app_tx_bytes           0xee6c31aa
W55  0xFC   tx_stat_retx           0x0000000d
W57  0x104  tx_retx_hi             0x1235571d
W58  0x108  tx_retx_active         0x00000000
W63  0x11C  app_frmwait_cyc        0xbfa15786
W66  0x128  tx_stat_winstall       0x12760201
W67  0x12C  tx_winstall_cap        0x00000237
W68  0x130  rx_stat_ack_adv        0x0029ce15
W69  0x134  tx_win_at_winstall     0xf53cf000
SNAP_END R4E2_C2S_N252 nff=0
SNAP_T 1791679450.269734707
SNAP_BEGIN R4E2_C2S_N253 gen=524
W5   0x34   gmii_free_FE           0xb605da67
W14  0x58   tx_stat_frames_TCP     0x0029ce52
W15  0x5C   tx_stat_bytes_TCP      0xee6c8736
W20  0x70   mac_tx_frames          0x0029ce5e
W43  0xCC   mtx_stat_tx_words      0xb604a16c
W51  0xEC   app_tx_bytes           0xee6c31aa
W55  0xFC   tx_stat_retx           0x0000000d
W57  0x104  tx_retx_hi             0x1235571d
W58  0x108  tx_retx_active         0x00000000
W63  0x11C  app_frmwait_cyc        0xc1246e9c
W66  0x128  tx_stat_winstall       0x12760201
W67  0x12C  tx_winstall_cap        0x00000237
W68  0x130  rx_stat_ack_adv        0x0029ce15
W69  0x134  tx_win_at_winstall     0xf53cf000
SNAP_END R4E2_C2S_N253 nff=0
SNAP_T 1791679450.431547293
SNAP_BEGIN R4E2_C2S_N254 gen=525
W5   0x34   gmii_free_FE           0xb783abf4
W14  0x58   tx_stat_frames_TCP     0x0029ce52
W15  0x5C   tx_stat_bytes_TCP      0xee6c8736
W20  0x70   mac_tx_frames          0x0029ce5e
W43  0xCC   mtx_stat_tx_words      0xb782720f
W51  0xEC   app_tx_bytes           0xee6c31aa
W55  0xFC   tx_stat_retx           0x0000000d
W57  0x104  tx_retx_hi             0x1235571d
W58  0x108  tx_retx_active         0x00000000
W63  0x11C  app_frmwait_cyc        0xc2a23fcf
W66  0x128  tx_stat_winstall       0x12760201
W67  0x12C  tx_winstall_cap        0x00000237
W68  0x130  rx_stat_ack_adv        0x0029ce15
W69  0x134  tx_win_at_winstall     0xf53cf000
SNAP_END R4E2_C2S_N254 nff=0
SNAP_T 1791679450.591764470
SNAP_BEGIN R4E2_C2S_N255 gen=526
W5   0x34   gmii_free_FE           0xb9023516
W14  0x58   tx_stat_frames_TCP     0x0029ce52
W15  0x5C   tx_stat_bytes_TCP      0xee6c8736
W20  0x70   mac_tx_frames          0x0029ce5e
W43  0xCC   mtx_stat_tx_words      0xb900fa47
W51  0xEC   app_tx_bytes           0xee6c31aa
W55  0xFC   tx_stat_retx           0x0000000d
W57  0x104  tx_retx_hi             0x1235571d
W58  0x108  tx_retx_active         0x00000000
W63  0x11C  app_frmwait_cyc        0xc420c896
W66  0x128  tx_stat_winstall       0x12760201
W67  0x12C  tx_winstall_cap        0x00000237
W68  0x130  rx_stat_ack_adv        0x0029ce15
W69  0x134  tx_win_at_winstall     0xf53cf000
SNAP_END R4E2_C2S_N255 nff=0
SNAP_T 1791679450.752697138
SNAP_BEGIN R4E2_C2S_N256 gen=527
W5   0x34   gmii_free_FE           0xba82d28a
W14  0x58   tx_stat_frames_TCP     0x0029ce52
W15  0x5C   tx_stat_bytes_TCP      0xee6c8736
W20  0x70   mac_tx_frames          0x0029ce5e
W43  0xCC   mtx_stat_tx_words      0xba8196d0
W51  0xEC   app_tx_bytes           0xee6c31aa
W55  0xFC   tx_stat_retx           0x0000000d
W57  0x104  tx_retx_hi             0x1235571d
W58  0x108  tx_retx_active         0x00000000
W63  0x11C  app_frmwait_cyc        0xc5a165af
W66  0x128  tx_stat_winstall       0x12760201
W67  0x12C  tx_winstall_cap        0x00000237
W68  0x130  rx_stat_ack_adv        0x0029ce15
W69  0x134  tx_win_at_winstall     0xf53cf000
SNAP_END R4E2_C2S_N256 nff=0
SNAP_T 1791679450.914001328
SNAP_BEGIN R4E2_C2S_N257 gen=528
W5   0x34   gmii_free_FE           0xbc05dc4d
W14  0x58   tx_stat_frames_TCP     0x0029ce52
W15  0x5C   tx_stat_bytes_TCP      0xee6c8736
W20  0x70   mac_tx_frames          0x0029ce5e
W43  0xCC   mtx_stat_tx_words      0xbc049fa6
W51  0xEC   app_tx_bytes           0xee6c31aa
W55  0xFC   tx_stat_retx           0x0000000d
W57  0x104  tx_retx_hi             0x1235571d
W58  0x108  tx_retx_active         0x00000000
W63  0x11C  app_frmwait_cyc        0xc7246f16
W66  0x128  tx_stat_winstall       0x12760201
W67  0x12C  tx_winstall_cap        0x00000237
W68  0x130  rx_stat_ack_adv        0x0029ce15
W69  0x134  tx_win_at_winstall     0xf53cf000
SNAP_END R4E2_C2S_N257 nff=0
SNAP_T 1791679451.076732880
SNAP_BEGIN R4E2_C2S_N258 gen=529
W5   0x34   gmii_free_FE           0xbd89ba8c
W14  0x58   tx_stat_frames_TCP     0x0029ce52
W15  0x5C   tx_stat_bytes_TCP      0xee6c8736
W20  0x70   mac_tx_frames          0x0029ce5e
W43  0xCC   mtx_stat_tx_words      0xbd887cf7
W51  0xEC   app_tx_bytes           0xee6c31aa
W55  0xFC   tx_stat_retx           0x0000000d
W57  0x104  tx_retx_hi             0x1235571d
W58  0x108  tx_retx_active         0x00000000
W63  0x11C  app_frmwait_cyc        0xc8a84cf9
W66  0x128  tx_stat_winstall       0x12760201
W67  0x12C  tx_winstall_cap        0x00000237
W68  0x130  rx_stat_ack_adv        0x0029ce15
W69  0x134  tx_win_at_winstall     0xf53cf000
SNAP_END R4E2_C2S_N258 nff=0
SNAP_T 1791679451.238576331
SNAP_BEGIN R4E2_C2S_N259 gen=530
W5   0x34   gmii_free_FE           0xbf0a97d7
W14  0x58   tx_stat_frames_TCP     0x0029ce52
W15  0x5C   tx_stat_bytes_TCP      0xee6c8736
W20  0x70   mac_tx_frames          0x0029ce5e
W43  0xCC   mtx_stat_tx_words      0xbf095956
W51  0xEC   app_tx_bytes           0xee6c31aa
W55  0xFC   tx_stat_retx           0x0000000d
W57  0x104  tx_retx_hi             0x1235571d
W58  0x108  tx_retx_active         0x00000000
W63  0x11C  app_frmwait_cyc        0xca2929e8
W66  0x128  tx_stat_winstall       0x12760201
W67  0x12C  tx_winstall_cap        0x00000237
W68  0x130  rx_stat_ack_adv        0x0029ce15
W69  0x134  tx_win_at_winstall     0xf53cf000
SNAP_END R4E2_C2S_N259 nff=0
