CTR_T 1791628506.274204480
TcpInSegs                       2509749938         0.0
TcpOutSegs                      728990041          0.0
TcpRetransSegs                  4608               0.0
TcpInErrs                       40                 0.0
TcpExtPruneCalled               269                0.0
TcpExtRcvPruned                 131                0.0
TcpExtOfoPruned                 4                  0.0
TcpExtDelayedACKs               3849               0.0
TcpExtDelayedACKLocked          0                  0.0
TcpExtTCPPureAcks               13707306           0.0
TcpExtTCPHPAcks                 14955130           0.0
TcpExtTCPFastRetrans            2835               0.0
TcpExtTCPTimeouts               765                0.0
TcpExtTCPLossProbes             1220               0.0
TcpExtTCPRcvCollapsed           0                  0.0
TcpExtTCPDSACKRecv              880                0.0
TcpExtTCPDSACKOfoRecv           74                 0.0
TcpExtTCPMemoryPressures        0                  0.0
TcpExtTCPMemoryPressuresChrono  0                  0.0
TcpExtTCPBacklogDrop            0                  0.0
TcpExtTCPOFOQueue               16553              0.0
TcpExtTCPOFODrop                91                 0.0
TcpExtTCPOFOMerge               1                  0.0
TcpExtTCPFromZeroWindowAdv      3009               0.0
TcpExtTCPToZeroWindowAdv        2969               0.0
TcpExtTCPWantZeroWindowAdv      3966               0.0
TcpExtTCPSynRetrans             417                0.0
TcpExtTCPACKSkippedSeq          25079              0.0
TcpExtTCPAckCompressed          224                0.0
TcpExtTCPZeroWindowDrop         39                 0.0
TcpExtTCPRcvQDrop               40                 0.0
TcpExtTCPWqueueTooBig           0                  0.0
TcpExtTCPDSACKRecvSegs          954                0.0
CTR_T 1791628506.478649628
TcpInSegs                       2509749939         0.0
TcpOutSegs                      728990042          0.0
TcpRetransSegs                  4608               0.0
TcpInErrs                       40                 0.0
TcpExtPruneCalled               269                0.0
TcpExtRcvPruned                 131                0.0
TcpExtOfoPruned                 4                  0.0
TcpExtDelayedACKs               3849               0.0
TcpExtDelayedACKLocked          0                  0.0
TcpExtTCPPureAcks               13707308           0.0
TcpExtTCPHPAcks                 14955130           0.0
TcpExtTCPFastRetrans            2835               0.0
TcpExtTCPTimeouts               765                0.0
TcpExtTCPLossProbes             1220               0.0
TcpExtTCPRcvCollapsed           0                  0.0
TcpExtTCPDSACKRecv              880                0.0
TcpExtTCPDSACKOfoRecv           74                 0.0
TcpExtTCPMemoryPressures        0                  0.0
TcpExtTCPMemoryPressuresChrono  0                  0.0
TcpExtTCPBacklogDrop            0                  0.0
TcpExtTCPOFOQueue               16553              0.0
TcpExtTCPOFODrop                91                 0.0
TcpExtTCPOFOMerge               1                  0.0
TcpExtTCPFromZeroWindowAdv      3009               0.0
TcpExtTCPToZeroWindowAdv        2969               0.0
TcpExtTCPWantZeroWindowAdv      3966               0.0
TcpExtTCPSynRetrans             417                0.0
TcpExtTCPACKSkippedSeq          25079              0.0
TcpExtTCPAckCompressed          224                0.0
TcpExtTCPZeroWindowDrop         39                 0.0
TcpExtTCPRcvQDrop               40                 0.0
TcpExtTCPWqueueTooBig           0                  0.0
TcpExtTCPDSACKRecvSegs          954                0.0
CTR_T 1791628506.682581158
TcpInSegs                       2509749939         0.0
TcpOutSegs                      728990042          0.0
TcpRetransSegs                  4608               0.0
TcpInErrs                       40                 0.0
TcpExtPruneCalled               269                0.0
TcpExtRcvPruned                 131                0.0
TcpExtOfoPruned                 4                  0.0
TcpExtDelayedACKs               3849               0.0
TcpExtDelayedACKLocked          0                  0.0
TcpExtTCPPureAcks               13707308           0.0
TcpExtTCPHPAcks                 14955130           0.0
TcpExtTCPFastRetrans            2835               0.0
TcpExtTCPTimeouts               765                0.0
TcpExtTCPLossProbes             1220               0.0
TcpExtTCPRcvCollapsed           0                  0.0
TcpExtTCPDSACKRecv              880                0.0
TcpExtTCPDSACKOfoRecv           74                 0.0
TcpExtTCPMemoryPressures        0                  0.0
TcpExtTCPMemoryPressuresChrono  0                  0.0
TcpExtTCPBacklogDrop            0                  0.0
TcpExtTCPOFOQueue               16553              0.0
TcpExtTCPOFODrop                91                 0.0
TcpExtTCPOFOMerge               1                  0.0
TcpExtTCPFromZeroWindowAdv      3009               0.0
TcpExtTCPToZeroWindowAdv        2969               0.0
TcpExtTCPWantZeroWindowAdv      3966               0.0
TcpExtTCPSynRetrans             417                0.0
TcpExtTCPACKSkippedSeq          25079              0.0
TcpExtTCPAckCompressed          224                0.0
TcpExtTCPZeroWindowDrop         39                 0.0
TcpExtTCPRcvQDrop               40                 0.0
TcpExtTCPWqueueTooBig           0                  0.0
TcpExtTCPDSACKRecvSegs          954                0.0
CTR_T 1791628506.886543210
TcpInSegs                       2509749945         0.0
TcpOutSegs                      728990047          0.0
TcpRetransSegs                  4608               0.0
TcpInErrs                       40                 0.0
TcpExtPruneCalled               269                0.0
TcpExtRcvPruned                 131                0.0
TcpExtOfoPruned                 4                  0.0
TcpExtDelayedACKs               3849               0.0
TcpExtDelayedACKLocked          0                  0.0
TcpExtTCPPureAcks               13707309           0.0
TcpExtTCPHPAcks                 14955130           0.0
TcpExtTCPFastRetrans            2835               0.0
TcpExtTCPTimeouts               765                0.0
TcpExtTCPLossProbes             1220               0.0
TcpExtTCPRcvCollapsed           0                  0.0
TcpExtTCPDSACKRecv              880                0.0
TcpExtTCPDSACKOfoRecv           74                 0.0
TcpExtTCPMemoryPressures        0                  0.0
TcpExtTCPMemoryPressuresChrono  0                  0.0
TcpExtTCPBacklogDrop            0                  0.0
TcpExtTCPOFOQueue               16553              0.0
TcpExtTCPOFODrop                91                 0.0
TcpExtTCPOFOMerge               1                  0.0
TcpExtTCPFromZeroWindowAdv      3009               0.0
TcpExtTCPToZeroWindowAdv        2969               0.0
TcpExtTCPWantZeroWindowAdv      3966               0.0
TcpExtTCPSynRetrans             417                0.0
TcpExtTCPACKSkippedSeq          25079              0.0
TcpExtTCPAckCompressed          224                0.0
TcpExtTCPZeroWindowDrop         39                 0.0
TcpExtTCPRcvQDrop               40                 0.0
TcpExtTCPWqueueTooBig           0                  0.0
TcpExtTCPDSACKRecvSegs          954                0.0
CTR_T 1791628507.090511004
TcpInSegs                       2509749955         0.0
TcpOutSegs                      728990058          0.0
TcpRetransSegs                  4608               0.0
TcpInErrs                       40                 0.0
TcpExtPruneCalled               269                0.0
TcpExtRcvPruned                 131                0.0
TcpExtOfoPruned                 4                  0.0
TcpExtDelayedACKs               3850               0.0
TcpExtDelayedACKLocked          0                  0.0
TcpExtTCPPureAcks               13707311           0.0
TcpExtTCPHPAcks                 14955133           0.0
TcpExtTCPFastRetrans            2835               0.0
TcpExtTCPTimeouts               765                0.0
TcpExtTCPLossProbes             1220               0.0
TcpExtTCPRcvCollapsed           0                  0.0
TcpExtTCPDSACKRecv              880                0.0
TcpExtTCPDSACKOfoRecv           74                 0.0
TcpExtTCPMemoryPressures        0                  0.0
TcpExtTCPMemoryPressuresChrono  0                  0.0
TcpExtTCPBacklogDrop            0                  0.0
TcpExtTCPOFOQueue               16553              0.0
TcpExtTCPOFODrop                91                 0.0
TcpExtTCPOFOMerge               1                  0.0
TcpExtTCPFromZeroWindowAdv      3009               0.0
TcpExtTCPToZeroWindowAdv        2969               0.0
TcpExtTCPWantZeroWindowAdv      3966               0.0
TcpExtTCPSynRetrans             417                0.0
TcpExtTCPACKSkippedSeq          25079              0.0
TcpExtTCPAckCompressed          224                0.0
TcpExtTCPZeroWindowDrop         39                 0.0
TcpExtTCPRcvQDrop               40                 0.0
TcpExtTCPWqueueTooBig           0                  0.0
TcpExtTCPDSACKRecvSegs          954                0.0
CTR_T 1791628507.294464598
TcpInSegs                       2509749955         0.0
TcpOutSegs                      728990058          0.0
TcpRetransSegs                  4608               0.0
TcpInErrs                       40                 0.0
TcpExtPruneCalled               269                0.0
TcpExtRcvPruned                 131                0.0
TcpExtOfoPruned                 4                  0.0
TcpExtDelayedACKs               3850               0.0
TcpExtDelayedACKLocked          0                  0.0
TcpExtTCPPureAcks               13707311           0.0
TcpExtTCPHPAcks                 14955133           0.0
TcpExtTCPFastRetrans            2835               0.0
TcpExtTCPTimeouts               765                0.0
TcpExtTCPLossProbes             1220               0.0
TcpExtTCPRcvCollapsed           0                  0.0
TcpExtTCPDSACKRecv              880                0.0
TcpExtTCPDSACKOfoRecv           74                 0.0
TcpExtTCPMemoryPressures        0                  0.0
TcpExtTCPMemoryPressuresChrono  0                  0.0
TcpExtTCPBacklogDrop            0                  0.0
TcpExtTCPOFOQueue               16553              0.0
TcpExtTCPOFODrop                91                 0.0
TcpExtTCPOFOMerge               1                  0.0
TcpExtTCPFromZeroWindowAdv      3009               0.0
TcpExtTCPToZeroWindowAdv        2969               0.0
TcpExtTCPWantZeroWindowAdv      3966               0.0
TcpExtTCPSynRetrans             417                0.0
TcpExtTCPACKSkippedSeq          25079              0.0
TcpExtTCPAckCompressed          224                0.0
TcpExtTCPZeroWindowDrop         39                 0.0
TcpExtTCPRcvQDrop               40                 0.0
TcpExtTCPWqueueTooBig           0                  0.0
TcpExtTCPDSACKRecvSegs          954                0.0
CTR_T 1791628507.498418994
TcpInSegs                       2509749957         0.0
TcpOutSegs                      728990065          0.0
TcpRetransSegs                  4608               0.0
TcpInErrs                       40                 0.0
TcpExtPruneCalled               269                0.0
TcpExtRcvPruned                 131                0.0
TcpExtOfoPruned                 4                  0.0
TcpExtDelayedACKs               3850               0.0
TcpExtDelayedACKLocked          0                  0.0
TcpExtTCPPureAcks               13707312           0.0
TcpExtTCPHPAcks                 14955134           0.0
TcpExtTCPFastRetrans            2835               0.0
TcpExtTCPTimeouts               765                0.0
TcpExtTCPLossProbes             1220               0.0
TcpExtTCPRcvCollapsed           0                  0.0
TcpExtTCPDSACKRecv              880                0.0
TcpExtTCPDSACKOfoRecv           74                 0.0
TcpExtTCPMemoryPressures        0                  0.0
TcpExtTCPMemoryPressuresChrono  0                  0.0
TcpExtTCPBacklogDrop            0                  0.0
TcpExtTCPOFOQueue               16553              0.0
TcpExtTCPOFODrop                91                 0.0
TcpExtTCPOFOMerge               1                  0.0
TcpExtTCPFromZeroWindowAdv      3009               0.0
TcpExtTCPToZeroWindowAdv        2969               0.0
TcpExtTCPWantZeroWindowAdv      3966               0.0
TcpExtTCPSynRetrans             417                0.0
TcpExtTCPACKSkippedSeq          25079              0.0
TcpExtTCPAckCompressed          224                0.0
TcpExtTCPZeroWindowDrop         39                 0.0
TcpExtTCPRcvQDrop               40                 0.0
TcpExtTCPWqueueTooBig           0                  0.0
TcpExtTCPDSACKRecvSegs          954                0.0
CTR_T 1791628507.702383985
TcpInSegs                       2509749963         0.0
TcpOutSegs                      728990072          0.0
TcpRetransSegs                  4608               0.0
TcpInErrs                       40                 0.0
TcpExtPruneCalled               269                0.0
TcpExtRcvPruned                 131                0.0
TcpExtOfoPruned                 4                  0.0
TcpExtDelayedACKs               3851               0.0
TcpExtDelayedACKLocked          0                  0.0
TcpExtTCPPureAcks               13707313           0.0
TcpExtTCPHPAcks                 14955135           0.0
TcpExtTCPFastRetrans            2835               0.0
TcpExtTCPTimeouts               765                0.0
TcpExtTCPLossProbes             1220               0.0
TcpExtTCPRcvCollapsed           0                  0.0
TcpExtTCPDSACKRecv              880                0.0
TcpExtTCPDSACKOfoRecv           74                 0.0
TcpExtTCPMemoryPressures        0                  0.0
TcpExtTCPMemoryPressuresChrono  0                  0.0
TcpExtTCPBacklogDrop            0                  0.0
TcpExtTCPOFOQueue               16553              0.0
TcpExtTCPOFODrop                91                 0.0
TcpExtTCPOFOMerge               1                  0.0
TcpExtTCPFromZeroWindowAdv      3009               0.0
TcpExtTCPToZeroWindowAdv        2969               0.0
TcpExtTCPWantZeroWindowAdv      3966               0.0
TcpExtTCPSynRetrans             417                0.0
TcpExtTCPACKSkippedSeq          25079              0.0
TcpExtTCPAckCompressed          224                0.0
TcpExtTCPZeroWindowDrop         39                 0.0
TcpExtTCPRcvQDrop               40                 0.0
TcpExtTCPWqueueTooBig           0                  0.0
TcpExtTCPDSACKRecvSegs          954                0.0
CTR_T 1791628507.906374435
TcpInSegs                       2509749978         0.0
TcpOutSegs                      728990098          0.0
TcpRetransSegs                  4608               0.0
TcpInErrs                       40                 0.0
TcpExtPruneCalled               269                0.0
TcpExtRcvPruned                 131                0.0
TcpExtOfoPruned                 4                  0.0
TcpExtDelayedACKs               3852               0.0
TcpExtDelayedACKLocked          0                  0.0
TcpExtTCPPureAcks               13707320           0.0
TcpExtTCPHPAcks                 14955140           0.0
TcpExtTCPFastRetrans            2835               0.0
TcpExtTCPTimeouts               765                0.0
TcpExtTCPLossProbes             1220               0.0
TcpExtTCPRcvCollapsed           0                  0.0
TcpExtTCPDSACKRecv              880                0.0
TcpExtTCPDSACKOfoRecv           74                 0.0
TcpExtTCPMemoryPressures        0                  0.0
TcpExtTCPMemoryPressuresChrono  0                  0.0
TcpExtTCPBacklogDrop            0                  0.0
TcpExtTCPOFOQueue               16553              0.0
TcpExtTCPOFODrop                91                 0.0
TcpExtTCPOFOMerge               1                  0.0
TcpExtTCPFromZeroWindowAdv      3009               0.0
TcpExtTCPToZeroWindowAdv        2969               0.0
TcpExtTCPWantZeroWindowAdv      3966               0.0
TcpExtTCPSynRetrans             417                0.0
TcpExtTCPACKSkippedSeq          25079              0.0
TcpExtTCPAckCompressed          224                0.0
TcpExtTCPZeroWindowDrop         39                 0.0
TcpExtTCPRcvQDrop               40                 0.0
TcpExtTCPWqueueTooBig           0                  0.0
TcpExtTCPDSACKRecvSegs          954                0.0
CTR_T 1791628508.110262399
TcpInSegs                       2509749979         0.0
TcpOutSegs                      728990098          0.0
TcpRetransSegs                  4608               0.0
TcpInErrs                       40                 0.0
TcpExtPruneCalled               269                0.0
TcpExtRcvPruned                 131                0.0
TcpExtOfoPruned                 4                  0.0
TcpExtDelayedACKs               3852               0.0
TcpExtDelayedACKLocked          0                  0.0
TcpExtTCPPureAcks               13707320           0.0
TcpExtTCPHPAcks                 14955141           0.0
TcpExtTCPFastRetrans            2835               0.0
TcpExtTCPTimeouts               765                0.0
TcpExtTCPLossProbes             1220               0.0
TcpExtTCPRcvCollapsed           0                  0.0
TcpExtTCPDSACKRecv              880                0.0
TcpExtTCPDSACKOfoRecv           74                 0.0
TcpExtTCPMemoryPressures        0                  0.0
TcpExtTCPMemoryPressuresChrono  0                  0.0
TcpExtTCPBacklogDrop            0                  0.0
TcpExtTCPOFOQueue               16553              0.0
TcpExtTCPOFODrop                91                 0.0
TcpExtTCPOFOMerge               1                  0.0
TcpExtTCPFromZeroWindowAdv      3009               0.0
TcpExtTCPToZeroWindowAdv        2969               0.0
TcpExtTCPWantZeroWindowAdv      3966               0.0
TcpExtTCPSynRetrans             417                0.0
TcpExtTCPACKSkippedSeq          25079              0.0
TcpExtTCPAckCompressed          224                0.0
TcpExtTCPZeroWindowDrop         39                 0.0
TcpExtTCPRcvQDrop               40                 0.0
TcpExtTCPWqueueTooBig           0                  0.0
TcpExtTCPDSACKRecvSegs          954                0.0
CTR_T 1791628508.314093897
TcpInSegs                       2509749979         0.0
TcpOutSegs                      728990098          0.0
TcpRetransSegs                  4608               0.0
TcpInErrs                       40                 0.0
TcpExtPruneCalled               269                0.0
TcpExtRcvPruned                 131                0.0
TcpExtOfoPruned                 4                  0.0
TcpExtDelayedACKs               3852               0.0
TcpExtDelayedACKLocked          0                  0.0
TcpExtTCPPureAcks               13707320           0.0
TcpExtTCPHPAcks                 14955141           0.0
TcpExtTCPFastRetrans            2835               0.0
TcpExtTCPTimeouts               765                0.0
TcpExtTCPLossProbes             1220               0.0
TcpExtTCPRcvCollapsed           0                  0.0
TcpExtTCPDSACKRecv              880                0.0
TcpExtTCPDSACKOfoRecv           74                 0.0
TcpExtTCPMemoryPressures        0                  0.0
TcpExtTCPMemoryPressuresChrono  0                  0.0
TcpExtTCPBacklogDrop            0                  0.0
TcpExtTCPOFOQueue               16553              0.0
TcpExtTCPOFODrop                91                 0.0
TcpExtTCPOFOMerge               1                  0.0
TcpExtTCPFromZeroWindowAdv      3009               0.0
TcpExtTCPToZeroWindowAdv        2969               0.0
TcpExtTCPWantZeroWindowAdv      3966               0.0
TcpExtTCPSynRetrans             417                0.0
TcpExtTCPACKSkippedSeq          25079              0.0
TcpExtTCPAckCompressed          224                0.0
TcpExtTCPZeroWindowDrop         39                 0.0
TcpExtTCPRcvQDrop               40                 0.0
TcpExtTCPWqueueTooBig           0                  0.0
TcpExtTCPDSACKRecvSegs          954                0.0
CTR_T 1791628508.517869828
TcpInSegs                       2509749979         0.0
TcpOutSegs                      728990098          0.0
TcpRetransSegs                  4608               0.0
TcpInErrs                       40                 0.0
TcpExtPruneCalled               269                0.0
TcpExtRcvPruned                 131                0.0
TcpExtOfoPruned                 4                  0.0
TcpExtDelayedACKs               3852               0.0
TcpExtDelayedACKLocked          0                  0.0
TcpExtTCPPureAcks               13707320           0.0
TcpExtTCPHPAcks                 14955141           0.0
TcpExtTCPFastRetrans            2835               0.0
TcpExtTCPTimeouts               765                0.0
TcpExtTCPLossProbes             1220               0.0
TcpExtTCPRcvCollapsed           0                  0.0
TcpExtTCPDSACKRecv              880                0.0
TcpExtTCPDSACKOfoRecv           74                 0.0
TcpExtTCPMemoryPressures        0                  0.0
TcpExtTCPMemoryPressuresChrono  0                  0.0
TcpExtTCPBacklogDrop            0                  0.0
TcpExtTCPOFOQueue               16553              0.0
TcpExtTCPOFODrop                91                 0.0
TcpExtTCPOFOMerge               1                  0.0
TcpExtTCPFromZeroWindowAdv      3009               0.0
TcpExtTCPToZeroWindowAdv        2969               0.0
TcpExtTCPWantZeroWindowAdv      3966               0.0
TcpExtTCPSynRetrans             417                0.0
TcpExtTCPACKSkippedSeq          25079              0.0
TcpExtTCPAckCompressed          224                0.0
TcpExtTCPZeroWindowDrop         39                 0.0
TcpExtTCPRcvQDrop               40                 0.0
TcpExtTCPWqueueTooBig           0                  0.0
TcpExtTCPDSACKRecvSegs          954                0.0
CTR_T 1791628508.721809457
TcpInSegs                       2509749979         0.0
TcpOutSegs                      728990098          0.0
TcpRetransSegs                  4608               0.0
TcpInErrs                       40                 0.0
TcpExtPruneCalled               269                0.0
TcpExtRcvPruned                 131                0.0
TcpExtOfoPruned                 4                  0.0
TcpExtDelayedACKs               3852               0.0
TcpExtDelayedACKLocked          0                  0.0
TcpExtTCPPureAcks               13707320           0.0
TcpExtTCPHPAcks                 14955141           0.0
TcpExtTCPFastRetrans            2835               0.0
TcpExtTCPTimeouts               765                0.0
TcpExtTCPLossProbes             1220               0.0
TcpExtTCPRcvCollapsed           0                  0.0
TcpExtTCPDSACKRecv              880                0.0
TcpExtTCPDSACKOfoRecv           74                 0.0
TcpExtTCPMemoryPressures        0                  0.0
TcpExtTCPMemoryPressuresChrono  0                  0.0
TcpExtTCPBacklogDrop            0                  0.0
TcpExtTCPOFOQueue               16553              0.0
TcpExtTCPOFODrop                91                 0.0
TcpExtTCPOFOMerge               1                  0.0
TcpExtTCPFromZeroWindowAdv      3009               0.0
TcpExtTCPToZeroWindowAdv        2969               0.0
TcpExtTCPWantZeroWindowAdv      3966               0.0
TcpExtTCPSynRetrans             417                0.0
TcpExtTCPACKSkippedSeq          25079              0.0
TcpExtTCPAckCompressed          224                0.0
TcpExtTCPZeroWindowDrop         39                 0.0
TcpExtTCPRcvQDrop               40                 0.0
TcpExtTCPWqueueTooBig           0                  0.0
TcpExtTCPDSACKRecvSegs          954                0.0
CTR_T 1791628508.925546127
TcpInSegs                       2509749979         0.0
TcpOutSegs                      728990098          0.0
TcpRetransSegs                  4608               0.0
TcpInErrs                       40                 0.0
TcpExtPruneCalled               269                0.0
TcpExtRcvPruned                 131                0.0
TcpExtOfoPruned                 4                  0.0
TcpExtDelayedACKs               3852               0.0
TcpExtDelayedACKLocked          0                  0.0
TcpExtTCPPureAcks               13707320           0.0
TcpExtTCPHPAcks                 14955141           0.0
TcpExtTCPFastRetrans            2835               0.0
TcpExtTCPTimeouts               765                0.0
TcpExtTCPLossProbes             1220               0.0
TcpExtTCPRcvCollapsed           0                  0.0
TcpExtTCPDSACKRecv              880                0.0
TcpExtTCPDSACKOfoRecv           74                 0.0
TcpExtTCPMemoryPressures        0                  0.0
TcpExtTCPMemoryPressuresChrono  0                  0.0
TcpExtTCPBacklogDrop            0                  0.0
TcpExtTCPOFOQueue               16553              0.0
TcpExtTCPOFODrop                91                 0.0
TcpExtTCPOFOMerge               1                  0.0
TcpExtTCPFromZeroWindowAdv      3009               0.0
TcpExtTCPToZeroWindowAdv        2969               0.0
TcpExtTCPWantZeroWindowAdv      3966               0.0
TcpExtTCPSynRetrans             417                0.0
TcpExtTCPACKSkippedSeq          25079              0.0
TcpExtTCPAckCompressed          224                0.0
TcpExtTCPZeroWindowDrop         39                 0.0
TcpExtTCPRcvQDrop               40                 0.0
TcpExtTCPWqueueTooBig           0                  0.0
TcpExtTCPDSACKRecvSegs          954                0.0
CTR_T 1791628509.129381628
TcpInSegs                       2509749980         0.0
TcpOutSegs                      728990104          0.0
TcpRetransSegs                  4608               0.0
TcpInErrs                       40                 0.0
TcpExtPruneCalled               269                0.0
TcpExtRcvPruned                 131                0.0
TcpExtOfoPruned                 4                  0.0
TcpExtDelayedACKs               3852               0.0
TcpExtDelayedACKLocked          0                  0.0
TcpExtTCPPureAcks               13707320           0.0
TcpExtTCPHPAcks                 14955142           0.0
TcpExtTCPFastRetrans            2835               0.0
TcpExtTCPTimeouts               765                0.0
TcpExtTCPLossProbes             1220               0.0
TcpExtTCPRcvCollapsed           0                  0.0
TcpExtTCPDSACKRecv              880                0.0
TcpExtTCPDSACKOfoRecv           74                 0.0
TcpExtTCPMemoryPressures        0                  0.0
TcpExtTCPMemoryPressuresChrono  0                  0.0
TcpExtTCPBacklogDrop            0                  0.0
TcpExtTCPOFOQueue               16553              0.0
TcpExtTCPOFODrop                91                 0.0
TcpExtTCPOFOMerge               1                  0.0
TcpExtTCPFromZeroWindowAdv      3009               0.0
TcpExtTCPToZeroWindowAdv        2969               0.0
TcpExtTCPWantZeroWindowAdv      3966               0.0
TcpExtTCPSynRetrans             417                0.0
TcpExtTCPACKSkippedSeq          25079              0.0
TcpExtTCPAckCompressed          224                0.0
TcpExtTCPZeroWindowDrop         39                 0.0
TcpExtTCPRcvQDrop               40                 0.0
TcpExtTCPWqueueTooBig           0                  0.0
TcpExtTCPDSACKRecvSegs          954                0.0
CTR_T 1791628509.333221267
TcpInSegs                       2509749980         0.0
TcpOutSegs                      728990104          0.0
TcpRetransSegs                  4608               0.0
TcpInErrs                       40                 0.0
TcpExtPruneCalled               269                0.0
TcpExtRcvPruned                 131                0.0
TcpExtOfoPruned                 4                  0.0
TcpExtDelayedACKs               3852               0.0
TcpExtDelayedACKLocked          0                  0.0
TcpExtTCPPureAcks               13707320           0.0
TcpExtTCPHPAcks                 14955142           0.0
TcpExtTCPFastRetrans            2835               0.0
TcpExtTCPTimeouts               765                0.0
TcpExtTCPLossProbes             1220               0.0
TcpExtTCPRcvCollapsed           0                  0.0
TcpExtTCPDSACKRecv              880                0.0
TcpExtTCPDSACKOfoRecv           74                 0.0
TcpExtTCPMemoryPressures        0                  0.0
TcpExtTCPMemoryPressuresChrono  0                  0.0
TcpExtTCPBacklogDrop            0                  0.0
TcpExtTCPOFOQueue               16553              0.0
TcpExtTCPOFODrop                91                 0.0
TcpExtTCPOFOMerge               1                  0.0
TcpExtTCPFromZeroWindowAdv      3009               0.0
TcpExtTCPToZeroWindowAdv        2969               0.0
TcpExtTCPWantZeroWindowAdv      3966               0.0
TcpExtTCPSynRetrans             417                0.0
TcpExtTCPACKSkippedSeq          25079              0.0
TcpExtTCPAckCompressed          224                0.0
TcpExtTCPZeroWindowDrop         39                 0.0
TcpExtTCPRcvQDrop               40                 0.0
TcpExtTCPWqueueTooBig           0                  0.0
TcpExtTCPDSACKRecvSegs          954                0.0
CTR_T 1791628509.536976096
TcpInSegs                       2509749980         0.0
TcpOutSegs                      728990104          0.0
TcpRetransSegs                  4608               0.0
TcpInErrs                       40                 0.0
TcpExtPruneCalled               269                0.0
TcpExtRcvPruned                 131                0.0
TcpExtOfoPruned                 4                  0.0
TcpExtDelayedACKs               3852               0.0
TcpExtDelayedACKLocked          0                  0.0
TcpExtTCPPureAcks               13707320           0.0
TcpExtTCPHPAcks                 14955142           0.0
TcpExtTCPFastRetrans            2835               0.0
TcpExtTCPTimeouts               765                0.0
TcpExtTCPLossProbes             1220               0.0
TcpExtTCPRcvCollapsed           0                  0.0
TcpExtTCPDSACKRecv              880                0.0
TcpExtTCPDSACKOfoRecv           74                 0.0
TcpExtTCPMemoryPressures        0                  0.0
TcpExtTCPMemoryPressuresChrono  0                  0.0
TcpExtTCPBacklogDrop            0                  0.0
TcpExtTCPOFOQueue               16553              0.0
TcpExtTCPOFODrop                91                 0.0
TcpExtTCPOFOMerge               1                  0.0
TcpExtTCPFromZeroWindowAdv      3009               0.0
TcpExtTCPToZeroWindowAdv        2969               0.0
TcpExtTCPWantZeroWindowAdv      3966               0.0
TcpExtTCPSynRetrans             417                0.0
TcpExtTCPACKSkippedSeq          25079              0.0
TcpExtTCPAckCompressed          224                0.0
TcpExtTCPZeroWindowDrop         39                 0.0
TcpExtTCPRcvQDrop               40                 0.0
TcpExtTCPWqueueTooBig           0                  0.0
TcpExtTCPDSACKRecvSegs          954                0.0
CTR_T 1791628509.740921790
TcpInSegs                       2509749980         0.0
TcpOutSegs                      728990104          0.0
TcpRetransSegs                  4608               0.0
TcpInErrs                       40                 0.0
TcpExtPruneCalled               269                0.0
TcpExtRcvPruned                 131                0.0
TcpExtOfoPruned                 4                  0.0
TcpExtDelayedACKs               3852               0.0
TcpExtDelayedACKLocked          0                  0.0
TcpExtTCPPureAcks               13707320           0.0
TcpExtTCPHPAcks                 14955142           0.0
TcpExtTCPFastRetrans            2835               0.0
TcpExtTCPTimeouts               765                0.0
TcpExtTCPLossProbes             1220               0.0
TcpExtTCPRcvCollapsed           0                  0.0
TcpExtTCPDSACKRecv              880                0.0
TcpExtTCPDSACKOfoRecv           74                 0.0
TcpExtTCPMemoryPressures        0                  0.0
TcpExtTCPMemoryPressuresChrono  0                  0.0
TcpExtTCPBacklogDrop            0                  0.0
TcpExtTCPOFOQueue               16553              0.0
TcpExtTCPOFODrop                91                 0.0
TcpExtTCPOFOMerge               1                  0.0
TcpExtTCPFromZeroWindowAdv      3009               0.0
TcpExtTCPToZeroWindowAdv        2969               0.0
TcpExtTCPWantZeroWindowAdv      3966               0.0
TcpExtTCPSynRetrans             417                0.0
TcpExtTCPACKSkippedSeq          25079              0.0
TcpExtTCPAckCompressed          224                0.0
TcpExtTCPZeroWindowDrop         39                 0.0
TcpExtTCPRcvQDrop               40                 0.0
TcpExtTCPWqueueTooBig           0                  0.0
TcpExtTCPDSACKRecvSegs          954                0.0
CTR_T 1791628509.944735002
TcpInSegs                       2509749980         0.0
TcpOutSegs                      728990104          0.0
TcpRetransSegs                  4608               0.0
TcpInErrs                       40                 0.0
TcpExtPruneCalled               269                0.0
TcpExtRcvPruned                 131                0.0
TcpExtOfoPruned                 4                  0.0
TcpExtDelayedACKs               3852               0.0
TcpExtDelayedACKLocked          0                  0.0
TcpExtTCPPureAcks               13707320           0.0
TcpExtTCPHPAcks                 14955142           0.0
TcpExtTCPFastRetrans            2835               0.0
TcpExtTCPTimeouts               765                0.0
TcpExtTCPLossProbes             1220               0.0
TcpExtTCPRcvCollapsed           0                  0.0
TcpExtTCPDSACKRecv              880                0.0
TcpExtTCPDSACKOfoRecv           74                 0.0
TcpExtTCPMemoryPressures        0                  0.0
TcpExtTCPMemoryPressuresChrono  0                  0.0
TcpExtTCPBacklogDrop            0                  0.0
TcpExtTCPOFOQueue               16553              0.0
TcpExtTCPOFODrop                91                 0.0
TcpExtTCPOFOMerge               1                  0.0
TcpExtTCPFromZeroWindowAdv      3009               0.0
TcpExtTCPToZeroWindowAdv        2969               0.0
TcpExtTCPWantZeroWindowAdv      3966               0.0
TcpExtTCPSynRetrans             417                0.0
TcpExtTCPACKSkippedSeq          25079              0.0
TcpExtTCPAckCompressed          224                0.0
TcpExtTCPZeroWindowDrop         39                 0.0
TcpExtTCPRcvQDrop               40                 0.0
TcpExtTCPWqueueTooBig           0                  0.0
TcpExtTCPDSACKRecvSegs          954                0.0
CTR_T 1791628510.148512851
TcpInSegs                       2509749980         0.0
TcpOutSegs                      728990104          0.0
TcpRetransSegs                  4608               0.0
TcpInErrs                       40                 0.0
TcpExtPruneCalled               269                0.0
TcpExtRcvPruned                 131                0.0
TcpExtOfoPruned                 4                  0.0
TcpExtDelayedACKs               3852               0.0
TcpExtDelayedACKLocked          0                  0.0
TcpExtTCPPureAcks               13707320           0.0
TcpExtTCPHPAcks                 14955142           0.0
TcpExtTCPFastRetrans            2835               0.0
TcpExtTCPTimeouts               765                0.0
TcpExtTCPLossProbes             1220               0.0
TcpExtTCPRcvCollapsed           0                  0.0
TcpExtTCPDSACKRecv              880                0.0
TcpExtTCPDSACKOfoRecv           74                 0.0
TcpExtTCPMemoryPressures        0                  0.0
TcpExtTCPMemoryPressuresChrono  0                  0.0
TcpExtTCPBacklogDrop            0                  0.0
TcpExtTCPOFOQueue               16553              0.0
TcpExtTCPOFODrop                91                 0.0
TcpExtTCPOFOMerge               1                  0.0
TcpExtTCPFromZeroWindowAdv      3009               0.0
TcpExtTCPToZeroWindowAdv        2969               0.0
TcpExtTCPWantZeroWindowAdv      3966               0.0
TcpExtTCPSynRetrans             417                0.0
TcpExtTCPACKSkippedSeq          25079              0.0
TcpExtTCPAckCompressed          224                0.0
TcpExtTCPZeroWindowDrop         39                 0.0
TcpExtTCPRcvQDrop               40                 0.0
TcpExtTCPWqueueTooBig           0                  0.0
TcpExtTCPDSACKRecvSegs          954                0.0
CTR_T 1791628510.352317331
TcpInSegs                       2509749980         0.0
TcpOutSegs                      728990104          0.0
TcpRetransSegs                  4608               0.0
TcpInErrs                       40                 0.0
TcpExtPruneCalled               269                0.0
TcpExtRcvPruned                 131                0.0
TcpExtOfoPruned                 4                  0.0
TcpExtDelayedACKs               3852               0.0
TcpExtDelayedACKLocked          0                  0.0
TcpExtTCPPureAcks               13707320           0.0
TcpExtTCPHPAcks                 14955142           0.0
TcpExtTCPFastRetrans            2835               0.0
TcpExtTCPTimeouts               765                0.0
TcpExtTCPLossProbes             1220               0.0
TcpExtTCPRcvCollapsed           0                  0.0
TcpExtTCPDSACKRecv              880                0.0
TcpExtTCPDSACKOfoRecv           74                 0.0
TcpExtTCPMemoryPressures        0                  0.0
TcpExtTCPMemoryPressuresChrono  0                  0.0
TcpExtTCPBacklogDrop            0                  0.0
TcpExtTCPOFOQueue               16553              0.0
TcpExtTCPOFODrop                91                 0.0
TcpExtTCPOFOMerge               1                  0.0
TcpExtTCPFromZeroWindowAdv      3009               0.0
TcpExtTCPToZeroWindowAdv        2969               0.0
TcpExtTCPWantZeroWindowAdv      3966               0.0
TcpExtTCPSynRetrans             417                0.0
TcpExtTCPACKSkippedSeq          25079              0.0
TcpExtTCPAckCompressed          224                0.0
TcpExtTCPZeroWindowDrop         39                 0.0
TcpExtTCPRcvQDrop               40                 0.0
TcpExtTCPWqueueTooBig           0                  0.0
TcpExtTCPDSACKRecvSegs          954                0.0
CTR_T 1791628510.556248866
TcpInSegs                       2509749981         0.0
TcpOutSegs                      728990109          0.0
TcpRetransSegs                  4608               0.0
TcpInErrs                       40                 0.0
TcpExtPruneCalled               269                0.0
TcpExtRcvPruned                 131                0.0
TcpExtOfoPruned                 4                  0.0
TcpExtDelayedACKs               3852               0.0
TcpExtDelayedACKLocked          0                  0.0
TcpExtTCPPureAcks               13707320           0.0
TcpExtTCPHPAcks                 14955143           0.0
TcpExtTCPFastRetrans            2835               0.0
TcpExtTCPTimeouts               765                0.0
TcpExtTCPLossProbes             1220               0.0
TcpExtTCPRcvCollapsed           0                  0.0
TcpExtTCPDSACKRecv              880                0.0
TcpExtTCPDSACKOfoRecv           74                 0.0
TcpExtTCPMemoryPressures        0                  0.0
TcpExtTCPMemoryPressuresChrono  0                  0.0
TcpExtTCPBacklogDrop            0                  0.0
TcpExtTCPOFOQueue               16553              0.0
TcpExtTCPOFODrop                91                 0.0
TcpExtTCPOFOMerge               1                  0.0
TcpExtTCPFromZeroWindowAdv      3009               0.0
TcpExtTCPToZeroWindowAdv        2969               0.0
TcpExtTCPWantZeroWindowAdv      3966               0.0
TcpExtTCPSynRetrans             417                0.0
TcpExtTCPACKSkippedSeq          25079              0.0
TcpExtTCPAckCompressed          224                0.0
TcpExtTCPZeroWindowDrop         39                 0.0
TcpExtTCPRcvQDrop               40                 0.0
TcpExtTCPWqueueTooBig           0                  0.0
TcpExtTCPDSACKRecvSegs          954                0.0
CTR_T 1791628510.760101534
TcpInSegs                       2509749982         0.0
TcpOutSegs                      728990109          0.0
TcpRetransSegs                  4608               0.0
TcpInErrs                       40                 0.0
TcpExtPruneCalled               269                0.0
TcpExtRcvPruned                 131                0.0
TcpExtOfoPruned                 4                  0.0
TcpExtDelayedACKs               3852               0.0
TcpExtDelayedACKLocked          0                  0.0
TcpExtTCPPureAcks               13707321           0.0
TcpExtTCPHPAcks                 14955143           0.0
TcpExtTCPFastRetrans            2835               0.0
TcpExtTCPTimeouts               765                0.0
TcpExtTCPLossProbes             1220               0.0
TcpExtTCPRcvCollapsed           0                  0.0
TcpExtTCPDSACKRecv              880                0.0
TcpExtTCPDSACKOfoRecv           74                 0.0
TcpExtTCPMemoryPressures        0                  0.0
TcpExtTCPMemoryPressuresChrono  0                  0.0
TcpExtTCPBacklogDrop            0                  0.0
TcpExtTCPOFOQueue               16553              0.0
TcpExtTCPOFODrop                91                 0.0
TcpExtTCPOFOMerge               1                  0.0
TcpExtTCPFromZeroWindowAdv      3009               0.0
TcpExtTCPToZeroWindowAdv        2969               0.0
TcpExtTCPWantZeroWindowAdv      3966               0.0
TcpExtTCPSynRetrans             417                0.0
TcpExtTCPACKSkippedSeq          25079              0.0
TcpExtTCPAckCompressed          224                0.0
TcpExtTCPZeroWindowDrop         39                 0.0
TcpExtTCPRcvQDrop               40                 0.0
TcpExtTCPWqueueTooBig           0                  0.0
TcpExtTCPDSACKRecvSegs          954                0.0
CTR_T 1791628510.963836904
TcpInSegs                       2509749982         0.0
TcpOutSegs                      728990109          0.0
TcpRetransSegs                  4608               0.0
TcpInErrs                       40                 0.0
TcpExtPruneCalled               269                0.0
TcpExtRcvPruned                 131                0.0
TcpExtOfoPruned                 4                  0.0
TcpExtDelayedACKs               3852               0.0
TcpExtDelayedACKLocked          0                  0.0
TcpExtTCPPureAcks               13707321           0.0
TcpExtTCPHPAcks                 14955143           0.0
TcpExtTCPFastRetrans            2835               0.0
TcpExtTCPTimeouts               765                0.0
TcpExtTCPLossProbes             1220               0.0
TcpExtTCPRcvCollapsed           0                  0.0
TcpExtTCPDSACKRecv              880                0.0
TcpExtTCPDSACKOfoRecv           74                 0.0
TcpExtTCPMemoryPressures        0                  0.0
TcpExtTCPMemoryPressuresChrono  0                  0.0
TcpExtTCPBacklogDrop            0                  0.0
TcpExtTCPOFOQueue               16553              0.0
TcpExtTCPOFODrop                91                 0.0
TcpExtTCPOFOMerge               1                  0.0
TcpExtTCPFromZeroWindowAdv      3009               0.0
TcpExtTCPToZeroWindowAdv        2969               0.0
TcpExtTCPWantZeroWindowAdv      3966               0.0
TcpExtTCPSynRetrans             417                0.0
TcpExtTCPACKSkippedSeq          25079              0.0
TcpExtTCPAckCompressed          224                0.0
TcpExtTCPZeroWindowDrop         39                 0.0
TcpExtTCPRcvQDrop               40                 0.0
TcpExtTCPWqueueTooBig           0                  0.0
TcpExtTCPDSACKRecvSegs          954                0.0
CTR_T 1791628511.167585056
TcpInSegs                       2509749982         0.0
TcpOutSegs                      728990109          0.0
TcpRetransSegs                  4608               0.0
TcpInErrs                       40                 0.0
TcpExtPruneCalled               269                0.0
TcpExtRcvPruned                 131                0.0
TcpExtOfoPruned                 4                  0.0
TcpExtDelayedACKs               3852               0.0
TcpExtDelayedACKLocked          0                  0.0
TcpExtTCPPureAcks               13707321           0.0
TcpExtTCPHPAcks                 14955143           0.0
TcpExtTCPFastRetrans            2835               0.0
TcpExtTCPTimeouts               765                0.0
TcpExtTCPLossProbes             1220               0.0
TcpExtTCPRcvCollapsed           0                  0.0
TcpExtTCPDSACKRecv              880                0.0
TcpExtTCPDSACKOfoRecv           74                 0.0
TcpExtTCPMemoryPressures        0                  0.0
TcpExtTCPMemoryPressuresChrono  0                  0.0
TcpExtTCPBacklogDrop            0                  0.0
TcpExtTCPOFOQueue               16553              0.0
TcpExtTCPOFODrop                91                 0.0
TcpExtTCPOFOMerge               1                  0.0
TcpExtTCPFromZeroWindowAdv      3009               0.0
TcpExtTCPToZeroWindowAdv        2969               0.0
TcpExtTCPWantZeroWindowAdv      3966               0.0
TcpExtTCPSynRetrans             417                0.0
TcpExtTCPACKSkippedSeq          25079              0.0
TcpExtTCPAckCompressed          224                0.0
TcpExtTCPZeroWindowDrop         39                 0.0
TcpExtTCPRcvQDrop               40                 0.0
TcpExtTCPWqueueTooBig           0                  0.0
TcpExtTCPDSACKRecvSegs          954                0.0
CTR_T 1791628511.371296241
TcpInSegs                       2509749982         0.0
TcpOutSegs                      728990109          0.0
TcpRetransSegs                  4608               0.0
TcpInErrs                       40                 0.0
TcpExtPruneCalled               269                0.0
TcpExtRcvPruned                 131                0.0
TcpExtOfoPruned                 4                  0.0
TcpExtDelayedACKs               3852               0.0
TcpExtDelayedACKLocked          0                  0.0
TcpExtTCPPureAcks               13707321           0.0
TcpExtTCPHPAcks                 14955143           0.0
TcpExtTCPFastRetrans            2835               0.0
TcpExtTCPTimeouts               765                0.0
TcpExtTCPLossProbes             1220               0.0
TcpExtTCPRcvCollapsed           0                  0.0
TcpExtTCPDSACKRecv              880                0.0
TcpExtTCPDSACKOfoRecv           74                 0.0
TcpExtTCPMemoryPressures        0                  0.0
TcpExtTCPMemoryPressuresChrono  0                  0.0
TcpExtTCPBacklogDrop            0                  0.0
TcpExtTCPOFOQueue               16553              0.0
TcpExtTCPOFODrop                91                 0.0
TcpExtTCPOFOMerge               1                  0.0
TcpExtTCPFromZeroWindowAdv      3009               0.0
TcpExtTCPToZeroWindowAdv        2969               0.0
TcpExtTCPWantZeroWindowAdv      3966               0.0
TcpExtTCPSynRetrans             417                0.0
TcpExtTCPACKSkippedSeq          25079              0.0
TcpExtTCPAckCompressed          224                0.0
TcpExtTCPZeroWindowDrop         39                 0.0
TcpExtTCPRcvQDrop               40                 0.0
TcpExtTCPWqueueTooBig           0                  0.0
TcpExtTCPDSACKRecvSegs          954                0.0
CTR_T 1791628511.575072486
TcpInSegs                       2509749982         0.0
TcpOutSegs                      728990109          0.0
TcpRetransSegs                  4608               0.0
TcpInErrs                       40                 0.0
TcpExtPruneCalled               269                0.0
TcpExtRcvPruned                 131                0.0
TcpExtOfoPruned                 4                  0.0
TcpExtDelayedACKs               3852               0.0
TcpExtDelayedACKLocked          0                  0.0
TcpExtTCPPureAcks               13707321           0.0
TcpExtTCPHPAcks                 14955143           0.0
TcpExtTCPFastRetrans            2835               0.0
TcpExtTCPTimeouts               765                0.0
TcpExtTCPLossProbes             1220               0.0
TcpExtTCPRcvCollapsed           0                  0.0
TcpExtTCPDSACKRecv              880                0.0
TcpExtTCPDSACKOfoRecv           74                 0.0
TcpExtTCPMemoryPressures        0                  0.0
TcpExtTCPMemoryPressuresChrono  0                  0.0
TcpExtTCPBacklogDrop            0                  0.0
TcpExtTCPOFOQueue               16553              0.0
TcpExtTCPOFODrop                91                 0.0
TcpExtTCPOFOMerge               1                  0.0
TcpExtTCPFromZeroWindowAdv      3009               0.0
TcpExtTCPToZeroWindowAdv        2969               0.0
TcpExtTCPWantZeroWindowAdv      3966               0.0
TcpExtTCPSynRetrans             417                0.0
TcpExtTCPACKSkippedSeq          25079              0.0
TcpExtTCPAckCompressed          224                0.0
TcpExtTCPZeroWindowDrop         39                 0.0
TcpExtTCPRcvQDrop               40                 0.0
TcpExtTCPWqueueTooBig           0                  0.0
TcpExtTCPDSACKRecvSegs          954                0.0
CTR_T 1791628511.778880029
TcpInSegs                       2509749982         0.0
TcpOutSegs                      728990109          0.0
TcpRetransSegs                  4608               0.0
TcpInErrs                       40                 0.0
TcpExtPruneCalled               269                0.0
TcpExtRcvPruned                 131                0.0
TcpExtOfoPruned                 4                  0.0
TcpExtDelayedACKs               3852               0.0
TcpExtDelayedACKLocked          0                  0.0
TcpExtTCPPureAcks               13707321           0.0
TcpExtTCPHPAcks                 14955143           0.0
TcpExtTCPFastRetrans            2835               0.0
TcpExtTCPTimeouts               765                0.0
TcpExtTCPLossProbes             1220               0.0
TcpExtTCPRcvCollapsed           0                  0.0
TcpExtTCPDSACKRecv              880                0.0
TcpExtTCPDSACKOfoRecv           74                 0.0
TcpExtTCPMemoryPressures        0                  0.0
TcpExtTCPMemoryPressuresChrono  0                  0.0
TcpExtTCPBacklogDrop            0                  0.0
TcpExtTCPOFOQueue               16553              0.0
TcpExtTCPOFODrop                91                 0.0
TcpExtTCPOFOMerge               1                  0.0
TcpExtTCPFromZeroWindowAdv      3009               0.0
TcpExtTCPToZeroWindowAdv        2969               0.0
TcpExtTCPWantZeroWindowAdv      3966               0.0
TcpExtTCPSynRetrans             417                0.0
TcpExtTCPACKSkippedSeq          25079              0.0
TcpExtTCPAckCompressed          224                0.0
TcpExtTCPZeroWindowDrop         39                 0.0
TcpExtTCPRcvQDrop               40                 0.0
TcpExtTCPWqueueTooBig           0                  0.0
TcpExtTCPDSACKRecvSegs          954                0.0
CTR_T 1791628511.982629509
TcpInSegs                       2509749982         0.0
TcpOutSegs                      728990109          0.0
TcpRetransSegs                  4608               0.0
TcpInErrs                       40                 0.0
TcpExtPruneCalled               269                0.0
TcpExtRcvPruned                 131                0.0
TcpExtOfoPruned                 4                  0.0
TcpExtDelayedACKs               3852               0.0
TcpExtDelayedACKLocked          0                  0.0
TcpExtTCPPureAcks               13707321           0.0
TcpExtTCPHPAcks                 14955143           0.0
TcpExtTCPFastRetrans            2835               0.0
TcpExtTCPTimeouts               765                0.0
TcpExtTCPLossProbes             1220               0.0
TcpExtTCPRcvCollapsed           0                  0.0
TcpExtTCPDSACKRecv              880                0.0
TcpExtTCPDSACKOfoRecv           74                 0.0
TcpExtTCPMemoryPressures        0                  0.0
TcpExtTCPMemoryPressuresChrono  0                  0.0
TcpExtTCPBacklogDrop            0                  0.0
TcpExtTCPOFOQueue               16553              0.0
TcpExtTCPOFODrop                91                 0.0
TcpExtTCPOFOMerge               1                  0.0
TcpExtTCPFromZeroWindowAdv      3009               0.0
TcpExtTCPToZeroWindowAdv        2969               0.0
TcpExtTCPWantZeroWindowAdv      3966               0.0
TcpExtTCPSynRetrans             417                0.0
TcpExtTCPACKSkippedSeq          25079              0.0
TcpExtTCPAckCompressed          224                0.0
TcpExtTCPZeroWindowDrop         39                 0.0
TcpExtTCPRcvQDrop               40                 0.0
TcpExtTCPWqueueTooBig           0                  0.0
TcpExtTCPDSACKRecvSegs          954                0.0
CTR_T 1791628512.186742592
TcpInSegs                       2509749984         0.0
TcpOutSegs                      728990113          0.0
TcpRetransSegs                  4608               0.0
TcpInErrs                       40                 0.0
TcpExtPruneCalled               269                0.0
TcpExtRcvPruned                 131                0.0
TcpExtOfoPruned                 4                  0.0
TcpExtDelayedACKs               3852               0.0
TcpExtDelayedACKLocked          0                  0.0
TcpExtTCPPureAcks               13707322           0.0
TcpExtTCPHPAcks                 14955144           0.0
TcpExtTCPFastRetrans            2835               0.0
TcpExtTCPTimeouts               765                0.0
TcpExtTCPLossProbes             1220               0.0
TcpExtTCPRcvCollapsed           0                  0.0
TcpExtTCPDSACKRecv              880                0.0
TcpExtTCPDSACKOfoRecv           74                 0.0
TcpExtTCPMemoryPressures        0                  0.0
TcpExtTCPMemoryPressuresChrono  0                  0.0
TcpExtTCPBacklogDrop            0                  0.0
TcpExtTCPOFOQueue               16553              0.0
TcpExtTCPOFODrop                91                 0.0
TcpExtTCPOFOMerge               1                  0.0
TcpExtTCPFromZeroWindowAdv      3009               0.0
TcpExtTCPToZeroWindowAdv        2969               0.0
TcpExtTCPWantZeroWindowAdv      3966               0.0
TcpExtTCPSynRetrans             417                0.0
TcpExtTCPACKSkippedSeq          25079              0.0
TcpExtTCPAckCompressed          224                0.0
TcpExtTCPZeroWindowDrop         39                 0.0
TcpExtTCPRcvQDrop               40                 0.0
TcpExtTCPWqueueTooBig           0                  0.0
TcpExtTCPDSACKRecvSegs          954                0.0
CTR_T 1791628512.390465010
TcpInSegs                       2509749984         0.0
TcpOutSegs                      728990113          0.0
TcpRetransSegs                  4608               0.0
TcpInErrs                       40                 0.0
TcpExtPruneCalled               269                0.0
TcpExtRcvPruned                 131                0.0
TcpExtOfoPruned                 4                  0.0
TcpExtDelayedACKs               3852               0.0
TcpExtDelayedACKLocked          0                  0.0
TcpExtTCPPureAcks               13707322           0.0
TcpExtTCPHPAcks                 14955144           0.0
TcpExtTCPFastRetrans            2835               0.0
TcpExtTCPTimeouts               766                0.0
TcpExtTCPLossProbes             1220               0.0
TcpExtTCPRcvCollapsed           0                  0.0
TcpExtTCPDSACKRecv              880                0.0
TcpExtTCPDSACKOfoRecv           74                 0.0
TcpExtTCPMemoryPressures        0                  0.0
TcpExtTCPMemoryPressuresChrono  0                  0.0
TcpExtTCPBacklogDrop            0                  0.0
TcpExtTCPOFOQueue               16553              0.0
TcpExtTCPOFODrop                91                 0.0
TcpExtTCPOFOMerge               1                  0.0
TcpExtTCPFromZeroWindowAdv      3009               0.0
TcpExtTCPToZeroWindowAdv        2969               0.0
TcpExtTCPWantZeroWindowAdv      3966               0.0
TcpExtTCPSynRetrans             417                0.0
TcpExtTCPACKSkippedSeq          25079              0.0
TcpExtTCPAckCompressed          224                0.0
TcpExtTCPZeroWindowDrop         39                 0.0
TcpExtTCPRcvQDrop               40                 0.0
TcpExtTCPWqueueTooBig           0                  0.0
TcpExtTCPDSACKRecvSegs          954                0.0
CTR_T 1791628512.594309169
TcpInSegs                       2509749984         0.0
TcpOutSegs                      728990113          0.0
TcpRetransSegs                  4608               0.0
TcpInErrs                       40                 0.0
TcpExtPruneCalled               269                0.0
TcpExtRcvPruned                 131                0.0
TcpExtOfoPruned                 4                  0.0
TcpExtDelayedACKs               3852               0.0
TcpExtDelayedACKLocked          0                  0.0
TcpExtTCPPureAcks               13707322           0.0
TcpExtTCPHPAcks                 14955144           0.0
TcpExtTCPFastRetrans            2835               0.0
TcpExtTCPTimeouts               766                0.0
TcpExtTCPLossProbes             1220               0.0
TcpExtTCPRcvCollapsed           0                  0.0
TcpExtTCPDSACKRecv              880                0.0
TcpExtTCPDSACKOfoRecv           74                 0.0
TcpExtTCPMemoryPressures        0                  0.0
TcpExtTCPMemoryPressuresChrono  0                  0.0
TcpExtTCPBacklogDrop            0                  0.0
TcpExtTCPOFOQueue               16553              0.0
TcpExtTCPOFODrop                91                 0.0
TcpExtTCPOFOMerge               1                  0.0
TcpExtTCPFromZeroWindowAdv      3009               0.0
TcpExtTCPToZeroWindowAdv        2969               0.0
TcpExtTCPWantZeroWindowAdv      3966               0.0
TcpExtTCPSynRetrans             417                0.0
TcpExtTCPACKSkippedSeq          25079              0.0
TcpExtTCPAckCompressed          224                0.0
TcpExtTCPZeroWindowDrop         39                 0.0
TcpExtTCPRcvQDrop               40                 0.0
TcpExtTCPWqueueTooBig           0                  0.0
TcpExtTCPDSACKRecvSegs          954                0.0
CTR_T 1791628512.798236395
TcpInSegs                       2509749984         0.0
TcpOutSegs                      728990113          0.0
TcpRetransSegs                  4608               0.0
TcpInErrs                       40                 0.0
TcpExtPruneCalled               269                0.0
TcpExtRcvPruned                 131                0.0
TcpExtOfoPruned                 4                  0.0
TcpExtDelayedACKs               3852               0.0
TcpExtDelayedACKLocked          0                  0.0
TcpExtTCPPureAcks               13707322           0.0
TcpExtTCPHPAcks                 14955144           0.0
TcpExtTCPFastRetrans            2835               0.0
TcpExtTCPTimeouts               766                0.0
TcpExtTCPLossProbes             1220               0.0
TcpExtTCPRcvCollapsed           0                  0.0
TcpExtTCPDSACKRecv              880                0.0
TcpExtTCPDSACKOfoRecv           74                 0.0
TcpExtTCPMemoryPressures        0                  0.0
TcpExtTCPMemoryPressuresChrono  0                  0.0
TcpExtTCPBacklogDrop            0                  0.0
TcpExtTCPOFOQueue               16553              0.0
TcpExtTCPOFODrop                91                 0.0
TcpExtTCPOFOMerge               1                  0.0
TcpExtTCPFromZeroWindowAdv      3009               0.0
TcpExtTCPToZeroWindowAdv        2969               0.0
TcpExtTCPWantZeroWindowAdv      3966               0.0
TcpExtTCPSynRetrans             417                0.0
TcpExtTCPACKSkippedSeq          25079              0.0
TcpExtTCPAckCompressed          224                0.0
TcpExtTCPZeroWindowDrop         39                 0.0
TcpExtTCPRcvQDrop               40                 0.0
TcpExtTCPWqueueTooBig           0                  0.0
TcpExtTCPDSACKRecvSegs          954                0.0
CTR_T 1791628513.001905073
TcpInSegs                       2509749987         0.0
TcpOutSegs                      728990118          0.0
TcpRetransSegs                  4608               0.0
TcpInErrs                       40                 0.0
TcpExtPruneCalled               269                0.0
TcpExtRcvPruned                 131                0.0
TcpExtOfoPruned                 4                  0.0
TcpExtDelayedACKs               3852               0.0
TcpExtDelayedACKLocked          0                  0.0
TcpExtTCPPureAcks               13707325           0.0
TcpExtTCPHPAcks                 14955144           0.0
TcpExtTCPFastRetrans            2835               0.0
TcpExtTCPTimeouts               766                0.0
TcpExtTCPLossProbes             1220               0.0
TcpExtTCPRcvCollapsed           0                  0.0
TcpExtTCPDSACKRecv              880                0.0
TcpExtTCPDSACKOfoRecv           74                 0.0
TcpExtTCPMemoryPressures        0                  0.0
TcpExtTCPMemoryPressuresChrono  0                  0.0
TcpExtTCPBacklogDrop            0                  0.0
TcpExtTCPOFOQueue               16553              0.0
TcpExtTCPOFODrop                91                 0.0
TcpExtTCPOFOMerge               1                  0.0
TcpExtTCPFromZeroWindowAdv      3009               0.0
TcpExtTCPToZeroWindowAdv        2969               0.0
TcpExtTCPWantZeroWindowAdv      3966               0.0
TcpExtTCPSynRetrans             417                0.0
TcpExtTCPACKSkippedSeq          25079              0.0
TcpExtTCPAckCompressed          224                0.0
TcpExtTCPZeroWindowDrop         39                 0.0
TcpExtTCPRcvQDrop               40                 0.0
TcpExtTCPWqueueTooBig           0                  0.0
TcpExtTCPDSACKRecvSegs          954                0.0
CTR_T 1791628513.205636236
TcpInSegs                       2509749987         0.0
TcpOutSegs                      728990118          0.0
TcpRetransSegs                  4608               0.0
TcpInErrs                       40                 0.0
TcpExtPruneCalled               269                0.0
TcpExtRcvPruned                 131                0.0
TcpExtOfoPruned                 4                  0.0
TcpExtDelayedACKs               3852               0.0
TcpExtDelayedACKLocked          0                  0.0
TcpExtTCPPureAcks               13707325           0.0
TcpExtTCPHPAcks                 14955144           0.0
TcpExtTCPFastRetrans            2835               0.0
TcpExtTCPTimeouts               766                0.0
TcpExtTCPLossProbes             1220               0.0
TcpExtTCPRcvCollapsed           0                  0.0
TcpExtTCPDSACKRecv              880                0.0
TcpExtTCPDSACKOfoRecv           74                 0.0
TcpExtTCPMemoryPressures        0                  0.0
TcpExtTCPMemoryPressuresChrono  0                  0.0
TcpExtTCPBacklogDrop            0                  0.0
TcpExtTCPOFOQueue               16553              0.0
TcpExtTCPOFODrop                91                 0.0
TcpExtTCPOFOMerge               1                  0.0
TcpExtTCPFromZeroWindowAdv      3009               0.0
TcpExtTCPToZeroWindowAdv        2969               0.0
TcpExtTCPWantZeroWindowAdv      3966               0.0
TcpExtTCPSynRetrans             417                0.0
TcpExtTCPACKSkippedSeq          25079              0.0
TcpExtTCPAckCompressed          224                0.0
TcpExtTCPZeroWindowDrop         39                 0.0
TcpExtTCPRcvQDrop               40                 0.0
TcpExtTCPWqueueTooBig           0                  0.0
TcpExtTCPDSACKRecvSegs          954                0.0
CTR_T 1791628513.409476830
TcpInSegs                       2509749987         0.0
TcpOutSegs                      728990118          0.0
TcpRetransSegs                  4608               0.0
TcpInErrs                       40                 0.0
TcpExtPruneCalled               269                0.0
TcpExtRcvPruned                 131                0.0
TcpExtOfoPruned                 4                  0.0
TcpExtDelayedACKs               3852               0.0
TcpExtDelayedACKLocked          0                  0.0
TcpExtTCPPureAcks               13707325           0.0
TcpExtTCPHPAcks                 14955144           0.0
TcpExtTCPFastRetrans            2835               0.0
TcpExtTCPTimeouts               766                0.0
TcpExtTCPLossProbes             1220               0.0
TcpExtTCPRcvCollapsed           0                  0.0
TcpExtTCPDSACKRecv              880                0.0
TcpExtTCPDSACKOfoRecv           74                 0.0
TcpExtTCPMemoryPressures        0                  0.0
TcpExtTCPMemoryPressuresChrono  0                  0.0
TcpExtTCPBacklogDrop            0                  0.0
TcpExtTCPOFOQueue               16553              0.0
TcpExtTCPOFODrop                91                 0.0
TcpExtTCPOFOMerge               1                  0.0
TcpExtTCPFromZeroWindowAdv      3009               0.0
TcpExtTCPToZeroWindowAdv        2969               0.0
TcpExtTCPWantZeroWindowAdv      3966               0.0
TcpExtTCPSynRetrans             417                0.0
TcpExtTCPACKSkippedSeq          25079              0.0
TcpExtTCPAckCompressed          224                0.0
TcpExtTCPZeroWindowDrop         39                 0.0
TcpExtTCPRcvQDrop               40                 0.0
TcpExtTCPWqueueTooBig           0                  0.0
TcpExtTCPDSACKRecvSegs          954                0.0
CTR_T 1791628513.613187367
TcpInSegs                       2509749987         0.0
TcpOutSegs                      728990118          0.0
TcpRetransSegs                  4608               0.0
TcpInErrs                       40                 0.0
TcpExtPruneCalled               269                0.0
TcpExtRcvPruned                 131                0.0
TcpExtOfoPruned                 4                  0.0
TcpExtDelayedACKs               3852               0.0
TcpExtDelayedACKLocked          0                  0.0
TcpExtTCPPureAcks               13707325           0.0
TcpExtTCPHPAcks                 14955144           0.0
TcpExtTCPFastRetrans            2835               0.0
TcpExtTCPTimeouts               766                0.0
TcpExtTCPLossProbes             1220               0.0
TcpExtTCPRcvCollapsed           0                  0.0
TcpExtTCPDSACKRecv              880                0.0
TcpExtTCPDSACKOfoRecv           74                 0.0
TcpExtTCPMemoryPressures        0                  0.0
TcpExtTCPMemoryPressuresChrono  0                  0.0
TcpExtTCPBacklogDrop            0                  0.0
TcpExtTCPOFOQueue               16553              0.0
TcpExtTCPOFODrop                91                 0.0
TcpExtTCPOFOMerge               1                  0.0
TcpExtTCPFromZeroWindowAdv      3009               0.0
TcpExtTCPToZeroWindowAdv        2969               0.0
TcpExtTCPWantZeroWindowAdv      3966               0.0
TcpExtTCPSynRetrans             417                0.0
TcpExtTCPACKSkippedSeq          25079              0.0
TcpExtTCPAckCompressed          224                0.0
TcpExtTCPZeroWindowDrop         39                 0.0
TcpExtTCPRcvQDrop               40                 0.0
TcpExtTCPWqueueTooBig           0                  0.0
TcpExtTCPDSACKRecvSegs          954                0.0
CTR_T 1791628513.816928069
TcpInSegs                       2509749988         0.0
TcpOutSegs                      728990121          0.0
TcpRetransSegs                  4608               0.0
TcpInErrs                       40                 0.0
TcpExtPruneCalled               269                0.0
TcpExtRcvPruned                 131                0.0
TcpExtOfoPruned                 4                  0.0
TcpExtDelayedACKs               3852               0.0
TcpExtDelayedACKLocked          0                  0.0
TcpExtTCPPureAcks               13707325           0.0
TcpExtTCPHPAcks                 14955145           0.0
TcpExtTCPFastRetrans            2835               0.0
TcpExtTCPTimeouts               766                0.0
TcpExtTCPLossProbes             1220               0.0
TcpExtTCPRcvCollapsed           0                  0.0
TcpExtTCPDSACKRecv              880                0.0
TcpExtTCPDSACKOfoRecv           74                 0.0
TcpExtTCPMemoryPressures        0                  0.0
TcpExtTCPMemoryPressuresChrono  0                  0.0
TcpExtTCPBacklogDrop            0                  0.0
TcpExtTCPOFOQueue               16553              0.0
TcpExtTCPOFODrop                91                 0.0
TcpExtTCPOFOMerge               1                  0.0
TcpExtTCPFromZeroWindowAdv      3009               0.0
TcpExtTCPToZeroWindowAdv        2969               0.0
TcpExtTCPWantZeroWindowAdv      3966               0.0
TcpExtTCPSynRetrans             417                0.0
TcpExtTCPACKSkippedSeq          25079              0.0
TcpExtTCPAckCompressed          224                0.0
TcpExtTCPZeroWindowDrop         39                 0.0
TcpExtTCPRcvQDrop               40                 0.0
TcpExtTCPWqueueTooBig           0                  0.0
TcpExtTCPDSACKRecvSegs          954                0.0
CTR_T 1791628514.020747943
TcpInSegs                       2509749988         0.0
TcpOutSegs                      728990121          0.0
TcpRetransSegs                  4608               0.0
TcpInErrs                       40                 0.0
TcpExtPruneCalled               269                0.0
TcpExtRcvPruned                 131                0.0
TcpExtOfoPruned                 4                  0.0
TcpExtDelayedACKs               3852               0.0
TcpExtDelayedACKLocked          0                  0.0
TcpExtTCPPureAcks               13707325           0.0
TcpExtTCPHPAcks                 14955145           0.0
TcpExtTCPFastRetrans            2835               0.0
TcpExtTCPTimeouts               766                0.0
TcpExtTCPLossProbes             1220               0.0
TcpExtTCPRcvCollapsed           0                  0.0
TcpExtTCPDSACKRecv              880                0.0
TcpExtTCPDSACKOfoRecv           74                 0.0
TcpExtTCPMemoryPressures        0                  0.0
TcpExtTCPMemoryPressuresChrono  0                  0.0
TcpExtTCPBacklogDrop            0                  0.0
TcpExtTCPOFOQueue               16553              0.0
TcpExtTCPOFODrop                91                 0.0
TcpExtTCPOFOMerge               1                  0.0
TcpExtTCPFromZeroWindowAdv      3009               0.0
TcpExtTCPToZeroWindowAdv        2969               0.0
TcpExtTCPWantZeroWindowAdv      3966               0.0
TcpExtTCPSynRetrans             417                0.0
TcpExtTCPACKSkippedSeq          25079              0.0
TcpExtTCPAckCompressed          224                0.0
TcpExtTCPZeroWindowDrop         39                 0.0
TcpExtTCPRcvQDrop               40                 0.0
TcpExtTCPWqueueTooBig           0                  0.0
TcpExtTCPDSACKRecvSegs          954                0.0
CTR_T 1791628514.224718607
TcpInSegs                       2509749988         0.0
TcpOutSegs                      728990121          0.0
TcpRetransSegs                  4608               0.0
TcpInErrs                       40                 0.0
TcpExtPruneCalled               269                0.0
TcpExtRcvPruned                 131                0.0
TcpExtOfoPruned                 4                  0.0
TcpExtDelayedACKs               3852               0.0
TcpExtDelayedACKLocked          0                  0.0
TcpExtTCPPureAcks               13707325           0.0
TcpExtTCPHPAcks                 14955145           0.0
TcpExtTCPFastRetrans            2835               0.0
TcpExtTCPTimeouts               766                0.0
TcpExtTCPLossProbes             1220               0.0
TcpExtTCPRcvCollapsed           0                  0.0
TcpExtTCPDSACKRecv              880                0.0
TcpExtTCPDSACKOfoRecv           74                 0.0
TcpExtTCPMemoryPressures        0                  0.0
TcpExtTCPMemoryPressuresChrono  0                  0.0
TcpExtTCPBacklogDrop            0                  0.0
TcpExtTCPOFOQueue               16553              0.0
TcpExtTCPOFODrop                91                 0.0
TcpExtTCPOFOMerge               1                  0.0
TcpExtTCPFromZeroWindowAdv      3009               0.0
TcpExtTCPToZeroWindowAdv        2969               0.0
TcpExtTCPWantZeroWindowAdv      3966               0.0
TcpExtTCPSynRetrans             417                0.0
TcpExtTCPACKSkippedSeq          25079              0.0
TcpExtTCPAckCompressed          224                0.0
TcpExtTCPZeroWindowDrop         39                 0.0
TcpExtTCPRcvQDrop               40                 0.0
TcpExtTCPWqueueTooBig           0                  0.0
TcpExtTCPDSACKRecvSegs          954                0.0
CTR_T 1791628514.428395763
TcpInSegs                       2509749988         0.0
TcpOutSegs                      728990121          0.0
TcpRetransSegs                  4608               0.0
TcpInErrs                       40                 0.0
TcpExtPruneCalled               269                0.0
TcpExtRcvPruned                 131                0.0
TcpExtOfoPruned                 4                  0.0
TcpExtDelayedACKs               3852               0.0
TcpExtDelayedACKLocked          0                  0.0
TcpExtTCPPureAcks               13707325           0.0
TcpExtTCPHPAcks                 14955145           0.0
TcpExtTCPFastRetrans            2835               0.0
TcpExtTCPTimeouts               766                0.0
TcpExtTCPLossProbes             1220               0.0
TcpExtTCPRcvCollapsed           0                  0.0
TcpExtTCPDSACKRecv              880                0.0
TcpExtTCPDSACKOfoRecv           74                 0.0
TcpExtTCPMemoryPressures        0                  0.0
TcpExtTCPMemoryPressuresChrono  0                  0.0
TcpExtTCPBacklogDrop            0                  0.0
TcpExtTCPOFOQueue               16553              0.0
TcpExtTCPOFODrop                91                 0.0
TcpExtTCPOFOMerge               1                  0.0
TcpExtTCPFromZeroWindowAdv      3009               0.0
TcpExtTCPToZeroWindowAdv        2969               0.0
TcpExtTCPWantZeroWindowAdv      3966               0.0
TcpExtTCPSynRetrans             417                0.0
TcpExtTCPACKSkippedSeq          25079              0.0
TcpExtTCPAckCompressed          224                0.0
TcpExtTCPZeroWindowDrop         39                 0.0
TcpExtTCPRcvQDrop               40                 0.0
TcpExtTCPWqueueTooBig           0                  0.0
TcpExtTCPDSACKRecvSegs          954                0.0
CTR_T 1791628514.632374257
TcpInSegs                       2509749988         0.0
TcpOutSegs                      728990121          0.0
TcpRetransSegs                  4608               0.0
TcpInErrs                       40                 0.0
TcpExtPruneCalled               269                0.0
TcpExtRcvPruned                 131                0.0
TcpExtOfoPruned                 4                  0.0
TcpExtDelayedACKs               3852               0.0
TcpExtDelayedACKLocked          0                  0.0
TcpExtTCPPureAcks               13707325           0.0
TcpExtTCPHPAcks                 14955145           0.0
TcpExtTCPFastRetrans            2835               0.0
TcpExtTCPTimeouts               766                0.0
TcpExtTCPLossProbes             1220               0.0
TcpExtTCPRcvCollapsed           0                  0.0
TcpExtTCPDSACKRecv              880                0.0
TcpExtTCPDSACKOfoRecv           74                 0.0
TcpExtTCPMemoryPressures        0                  0.0
TcpExtTCPMemoryPressuresChrono  0                  0.0
TcpExtTCPBacklogDrop            0                  0.0
TcpExtTCPOFOQueue               16553              0.0
TcpExtTCPOFODrop                91                 0.0
TcpExtTCPOFOMerge               1                  0.0
TcpExtTCPFromZeroWindowAdv      3009               0.0
TcpExtTCPToZeroWindowAdv        2969               0.0
TcpExtTCPWantZeroWindowAdv      3966               0.0
TcpExtTCPSynRetrans             417                0.0
TcpExtTCPACKSkippedSeq          25079              0.0
TcpExtTCPAckCompressed          224                0.0
TcpExtTCPZeroWindowDrop         39                 0.0
TcpExtTCPRcvQDrop               40                 0.0
TcpExtTCPWqueueTooBig           0                  0.0
TcpExtTCPDSACKRecvSegs          954                0.0
CTR_T 1791628514.836304694
TcpInSegs                       2509749988         0.0
TcpOutSegs                      728990121          0.0
TcpRetransSegs                  4608               0.0
TcpInErrs                       40                 0.0
TcpExtPruneCalled               269                0.0
TcpExtRcvPruned                 131                0.0
TcpExtOfoPruned                 4                  0.0
TcpExtDelayedACKs               3852               0.0
TcpExtDelayedACKLocked          0                  0.0
TcpExtTCPPureAcks               13707325           0.0
TcpExtTCPHPAcks                 14955145           0.0
TcpExtTCPFastRetrans            2835               0.0
TcpExtTCPTimeouts               766                0.0
TcpExtTCPLossProbes             1220               0.0
TcpExtTCPRcvCollapsed           0                  0.0
TcpExtTCPDSACKRecv              880                0.0
TcpExtTCPDSACKOfoRecv           74                 0.0
TcpExtTCPMemoryPressures        0                  0.0
TcpExtTCPMemoryPressuresChrono  0                  0.0
TcpExtTCPBacklogDrop            0                  0.0
TcpExtTCPOFOQueue               16553              0.0
TcpExtTCPOFODrop                91                 0.0
TcpExtTCPOFOMerge               1                  0.0
TcpExtTCPFromZeroWindowAdv      3009               0.0
TcpExtTCPToZeroWindowAdv        2969               0.0
TcpExtTCPWantZeroWindowAdv      3966               0.0
TcpExtTCPSynRetrans             417                0.0
TcpExtTCPACKSkippedSeq          25079              0.0
TcpExtTCPAckCompressed          224                0.0
TcpExtTCPZeroWindowDrop         39                 0.0
TcpExtTCPRcvQDrop               40                 0.0
TcpExtTCPWqueueTooBig           0                  0.0
TcpExtTCPDSACKRecvSegs          954                0.0
CTR_T 1791628515.040153270
TcpInSegs                       2509750006         0.0
TcpOutSegs                      728990157          0.0
TcpRetransSegs                  4608               0.0
TcpInErrs                       40                 0.0
TcpExtPruneCalled               269                0.0
TcpExtRcvPruned                 131                0.0
TcpExtOfoPruned                 4                  0.0
TcpExtDelayedACKs               3852               0.0
TcpExtDelayedACKLocked          0                  0.0
TcpExtTCPPureAcks               13707339           0.0
TcpExtTCPHPAcks                 14955149           0.0
TcpExtTCPFastRetrans            2835               0.0
TcpExtTCPTimeouts               766                0.0
TcpExtTCPLossProbes             1220               0.0
TcpExtTCPRcvCollapsed           0                  0.0
TcpExtTCPDSACKRecv              880                0.0
TcpExtTCPDSACKOfoRecv           74                 0.0
TcpExtTCPMemoryPressures        0                  0.0
TcpExtTCPMemoryPressuresChrono  0                  0.0
TcpExtTCPBacklogDrop            0                  0.0
TcpExtTCPOFOQueue               16553              0.0
TcpExtTCPOFODrop                91                 0.0
TcpExtTCPOFOMerge               1                  0.0
TcpExtTCPFromZeroWindowAdv      3009               0.0
TcpExtTCPToZeroWindowAdv        2969               0.0
TcpExtTCPWantZeroWindowAdv      3966               0.0
TcpExtTCPSynRetrans             417                0.0
TcpExtTCPACKSkippedSeq          25079              0.0
TcpExtTCPAckCompressed          224                0.0
TcpExtTCPZeroWindowDrop         39                 0.0
TcpExtTCPRcvQDrop               40                 0.0
TcpExtTCPWqueueTooBig           0                  0.0
TcpExtTCPDSACKRecvSegs          954                0.0
CTR_T 1791628515.244304898
TcpInSegs                       2509750030         0.0
TcpOutSegs                      728990205          0.0
TcpRetransSegs                  4608               0.0
TcpInErrs                       40                 0.0
TcpExtPruneCalled               269                0.0
TcpExtRcvPruned                 131                0.0
TcpExtOfoPruned                 4                  0.0
TcpExtDelayedACKs               3852               0.0
TcpExtDelayedACKLocked          0                  0.0
TcpExtTCPPureAcks               13707356           0.0
TcpExtTCPHPAcks                 14955156           0.0
TcpExtTCPFastRetrans            2835               0.0
TcpExtTCPTimeouts               766                0.0
TcpExtTCPLossProbes             1220               0.0
TcpExtTCPRcvCollapsed           0                  0.0
TcpExtTCPDSACKRecv              880                0.0
TcpExtTCPDSACKOfoRecv           74                 0.0
TcpExtTCPMemoryPressures        0                  0.0
TcpExtTCPMemoryPressuresChrono  0                  0.0
TcpExtTCPBacklogDrop            0                  0.0
TcpExtTCPOFOQueue               16553              0.0
TcpExtTCPOFODrop                91                 0.0
TcpExtTCPOFOMerge               1                  0.0
TcpExtTCPFromZeroWindowAdv      3009               0.0
TcpExtTCPToZeroWindowAdv        2969               0.0
TcpExtTCPWantZeroWindowAdv      3966               0.0
TcpExtTCPSynRetrans             417                0.0
TcpExtTCPACKSkippedSeq          25079              0.0
TcpExtTCPAckCompressed          224                0.0
TcpExtTCPZeroWindowDrop         39                 0.0
TcpExtTCPRcvQDrop               40                 0.0
TcpExtTCPWqueueTooBig           0                  0.0
TcpExtTCPDSACKRecvSegs          954                0.0
CTR_T 1791628515.448380189
TcpInSegs                       2509750030         0.0
TcpOutSegs                      728990205          0.0
TcpRetransSegs                  4608               0.0
TcpInErrs                       40                 0.0
TcpExtPruneCalled               269                0.0
TcpExtRcvPruned                 131                0.0
TcpExtOfoPruned                 4                  0.0
TcpExtDelayedACKs               3852               0.0
TcpExtDelayedACKLocked          0                  0.0
TcpExtTCPPureAcks               13707356           0.0
TcpExtTCPHPAcks                 14955156           0.0
TcpExtTCPFastRetrans            2835               0.0
TcpExtTCPTimeouts               766                0.0
TcpExtTCPLossProbes             1220               0.0
TcpExtTCPRcvCollapsed           0                  0.0
TcpExtTCPDSACKRecv              880                0.0
TcpExtTCPDSACKOfoRecv           74                 0.0
TcpExtTCPMemoryPressures        0                  0.0
TcpExtTCPMemoryPressuresChrono  0                  0.0
TcpExtTCPBacklogDrop            0                  0.0
TcpExtTCPOFOQueue               16553              0.0
TcpExtTCPOFODrop                91                 0.0
TcpExtTCPOFOMerge               1                  0.0
TcpExtTCPFromZeroWindowAdv      3009               0.0
TcpExtTCPToZeroWindowAdv        2969               0.0
TcpExtTCPWantZeroWindowAdv      3966               0.0
TcpExtTCPSynRetrans             417                0.0
TcpExtTCPACKSkippedSeq          25079              0.0
TcpExtTCPAckCompressed          224                0.0
TcpExtTCPZeroWindowDrop         39                 0.0
TcpExtTCPRcvQDrop               40                 0.0
TcpExtTCPWqueueTooBig           0                  0.0
TcpExtTCPDSACKRecvSegs          954                0.0
CTR_T 1791628515.652299293
TcpInSegs                       2509750030         0.0
TcpOutSegs                      728990205          0.0
TcpRetransSegs                  4608               0.0
TcpInErrs                       40                 0.0
TcpExtPruneCalled               269                0.0
TcpExtRcvPruned                 131                0.0
TcpExtOfoPruned                 4                  0.0
TcpExtDelayedACKs               3852               0.0
TcpExtDelayedACKLocked          0                  0.0
TcpExtTCPPureAcks               13707356           0.0
TcpExtTCPHPAcks                 14955156           0.0
TcpExtTCPFastRetrans            2835               0.0
TcpExtTCPTimeouts               766                0.0
TcpExtTCPLossProbes             1220               0.0
TcpExtTCPRcvCollapsed           0                  0.0
TcpExtTCPDSACKRecv              880                0.0
TcpExtTCPDSACKOfoRecv           74                 0.0
TcpExtTCPMemoryPressures        0                  0.0
TcpExtTCPMemoryPressuresChrono  0                  0.0
TcpExtTCPBacklogDrop            0                  0.0
TcpExtTCPOFOQueue               16553              0.0
TcpExtTCPOFODrop                91                 0.0
TcpExtTCPOFOMerge               1                  0.0
TcpExtTCPFromZeroWindowAdv      3009               0.0
TcpExtTCPToZeroWindowAdv        2969               0.0
TcpExtTCPWantZeroWindowAdv      3966               0.0
TcpExtTCPSynRetrans             417                0.0
TcpExtTCPACKSkippedSeq          25079              0.0
TcpExtTCPAckCompressed          224                0.0
TcpExtTCPZeroWindowDrop         39                 0.0
TcpExtTCPRcvQDrop               40                 0.0
TcpExtTCPWqueueTooBig           0                  0.0
TcpExtTCPDSACKRecvSegs          954                0.0
CTR_T 1791628515.856057157
TcpInSegs                       2509750030         0.0
TcpOutSegs                      728990205          0.0
TcpRetransSegs                  4608               0.0
TcpInErrs                       40                 0.0
TcpExtPruneCalled               269                0.0
TcpExtRcvPruned                 131                0.0
TcpExtOfoPruned                 4                  0.0
TcpExtDelayedACKs               3852               0.0
TcpExtDelayedACKLocked          0                  0.0
TcpExtTCPPureAcks               13707356           0.0
TcpExtTCPHPAcks                 14955156           0.0
TcpExtTCPFastRetrans            2835               0.0
TcpExtTCPTimeouts               766                0.0
TcpExtTCPLossProbes             1220               0.0
TcpExtTCPRcvCollapsed           0                  0.0
TcpExtTCPDSACKRecv              880                0.0
TcpExtTCPDSACKOfoRecv           74                 0.0
TcpExtTCPMemoryPressures        0                  0.0
TcpExtTCPMemoryPressuresChrono  0                  0.0
TcpExtTCPBacklogDrop            0                  0.0
TcpExtTCPOFOQueue               16553              0.0
TcpExtTCPOFODrop                91                 0.0
TcpExtTCPOFOMerge               1                  0.0
TcpExtTCPFromZeroWindowAdv      3009               0.0
TcpExtTCPToZeroWindowAdv        2969               0.0
TcpExtTCPWantZeroWindowAdv      3966               0.0
TcpExtTCPSynRetrans             417                0.0
TcpExtTCPACKSkippedSeq          25079              0.0
TcpExtTCPAckCompressed          224                0.0
TcpExtTCPZeroWindowDrop         39                 0.0
TcpExtTCPRcvQDrop               40                 0.0
TcpExtTCPWqueueTooBig           0                  0.0
TcpExtTCPDSACKRecvSegs          954                0.0
CTR_T 1791628516.060120055
TcpInSegs                       2509750030         0.0
TcpOutSegs                      728990205          0.0
TcpRetransSegs                  4608               0.0
TcpInErrs                       40                 0.0
TcpExtPruneCalled               269                0.0
TcpExtRcvPruned                 131                0.0
TcpExtOfoPruned                 4                  0.0
TcpExtDelayedACKs               3852               0.0
TcpExtDelayedACKLocked          0                  0.0
TcpExtTCPPureAcks               13707356           0.0
TcpExtTCPHPAcks                 14955156           0.0
TcpExtTCPFastRetrans            2835               0.0
TcpExtTCPTimeouts               766                0.0
TcpExtTCPLossProbes             1220               0.0
TcpExtTCPRcvCollapsed           0                  0.0
TcpExtTCPDSACKRecv              880                0.0
TcpExtTCPDSACKOfoRecv           74                 0.0
TcpExtTCPMemoryPressures        0                  0.0
TcpExtTCPMemoryPressuresChrono  0                  0.0
TcpExtTCPBacklogDrop            0                  0.0
TcpExtTCPOFOQueue               16553              0.0
TcpExtTCPOFODrop                91                 0.0
TcpExtTCPOFOMerge               1                  0.0
TcpExtTCPFromZeroWindowAdv      3009               0.0
TcpExtTCPToZeroWindowAdv        2969               0.0
TcpExtTCPWantZeroWindowAdv      3966               0.0
TcpExtTCPSynRetrans             417                0.0
TcpExtTCPACKSkippedSeq          25079              0.0
TcpExtTCPAckCompressed          224                0.0
TcpExtTCPZeroWindowDrop         39                 0.0
TcpExtTCPRcvQDrop               40                 0.0
TcpExtTCPWqueueTooBig           0                  0.0
TcpExtTCPDSACKRecvSegs          954                0.0
CTR_T 1791628516.263784975
TcpInSegs                       2509750131         0.0
TcpOutSegs                      728990294          0.0
TcpRetransSegs                  4608               0.0
TcpInErrs                       40                 0.0
TcpExtPruneCalled               290                0.0
TcpExtRcvPruned                 151                0.0
TcpExtOfoPruned                 5                  0.0
TcpExtDelayedACKs               3852               0.0
TcpExtDelayedACKLocked          0                  0.0
TcpExtTCPPureAcks               13707359           0.0
TcpExtTCPHPAcks                 14955157           0.0
TcpExtTCPFastRetrans            2835               0.0
TcpExtTCPTimeouts               766                0.0
TcpExtTCPLossProbes             1220               0.0
TcpExtTCPRcvCollapsed           0                  0.0
TcpExtTCPDSACKRecv              880                0.0
TcpExtTCPDSACKOfoRecv           74                 0.0
TcpExtTCPMemoryPressures        0                  0.0
TcpExtTCPMemoryPressuresChrono  0                  0.0
TcpExtTCPBacklogDrop            0                  0.0
TcpExtTCPOFOQueue               16554              0.0
TcpExtTCPOFODrop                110                0.0
TcpExtTCPOFOMerge               1                  0.0
TcpExtTCPFromZeroWindowAdv      3011               0.0
TcpExtTCPToZeroWindowAdv        2970               0.0
TcpExtTCPWantZeroWindowAdv      3968               0.0
TcpExtTCPSynRetrans             417                0.0
TcpExtTCPACKSkippedSeq          25079              0.0
TcpExtTCPAckCompressed          224                0.0
TcpExtTCPZeroWindowDrop         39                 0.0
TcpExtTCPRcvQDrop               41                 0.0
TcpExtTCPWqueueTooBig           0                  0.0
TcpExtTCPDSACKRecvSegs          954                0.0
CTR_T 1791628516.468740635
TcpInSegs                       2509750455         0.0
TcpOutSegs                      728990599          0.0
TcpRetransSegs                  4609               0.0
TcpInErrs                       40                 0.0
TcpExtPruneCalled               290                0.0
TcpExtRcvPruned                 151                0.0
TcpExtOfoPruned                 5                  0.0
TcpExtDelayedACKs               3852               0.0
TcpExtDelayedACKLocked          0                  0.0
TcpExtTCPPureAcks               13707368           0.0
TcpExtTCPHPAcks                 14955161           0.0
TcpExtTCPFastRetrans            2835               0.0
TcpExtTCPTimeouts               767                0.0
TcpExtTCPLossProbes             1220               0.0
TcpExtTCPRcvCollapsed           0                  0.0
TcpExtTCPDSACKRecv              880                0.0
TcpExtTCPDSACKOfoRecv           74                 0.0
TcpExtTCPMemoryPressures        0                  0.0
TcpExtTCPMemoryPressuresChrono  0                  0.0
TcpExtTCPBacklogDrop            0                  0.0
TcpExtTCPOFOQueue               16554              0.0
TcpExtTCPOFODrop                110                0.0
TcpExtTCPOFOMerge               1                  0.0
TcpExtTCPFromZeroWindowAdv      3025               0.0
TcpExtTCPToZeroWindowAdv        2985               0.0
TcpExtTCPWantZeroWindowAdv      3968               0.0
TcpExtTCPSynRetrans             417                0.0
TcpExtTCPACKSkippedSeq          25079              0.0
TcpExtTCPAckCompressed          224                0.0
TcpExtTCPZeroWindowDrop         39                 0.0
TcpExtTCPRcvQDrop               41                 0.0
TcpExtTCPWqueueTooBig           0                  0.0
TcpExtTCPDSACKRecvSegs          954                0.0
CTR_T 1791628516.673451883
TcpInSegs                       2509750467         0.0
TcpOutSegs                      728990623          0.0
TcpRetransSegs                  4609               0.0
TcpInErrs                       40                 0.0
TcpExtPruneCalled               290                0.0
TcpExtRcvPruned                 151                0.0
TcpExtOfoPruned                 5                  0.0
TcpExtDelayedACKs               3852               0.0
TcpExtDelayedACKLocked          0                  0.0
TcpExtTCPPureAcks               13707377           0.0
TcpExtTCPHPAcks                 14955164           0.0
TcpExtTCPFastRetrans            2835               0.0
TcpExtTCPTimeouts               767                0.0
TcpExtTCPLossProbes             1220               0.0
TcpExtTCPRcvCollapsed           0                  0.0
TcpExtTCPDSACKRecv              880                0.0
TcpExtTCPDSACKOfoRecv           74                 0.0
TcpExtTCPMemoryPressures        0                  0.0
TcpExtTCPMemoryPressuresChrono  0                  0.0
TcpExtTCPBacklogDrop            0                  0.0
TcpExtTCPOFOQueue               16554              0.0
TcpExtTCPOFODrop                110                0.0
TcpExtTCPOFOMerge               1                  0.0
TcpExtTCPFromZeroWindowAdv      3025               0.0
TcpExtTCPToZeroWindowAdv        2985               0.0
TcpExtTCPWantZeroWindowAdv      3968               0.0
TcpExtTCPSynRetrans             417                0.0
TcpExtTCPACKSkippedSeq          25079              0.0
TcpExtTCPAckCompressed          224                0.0
TcpExtTCPZeroWindowDrop         39                 0.0
TcpExtTCPRcvQDrop               41                 0.0
TcpExtTCPWqueueTooBig           0                  0.0
TcpExtTCPDSACKRecvSegs          954                0.0
CTR_T 1791628516.878222508
TcpInSegs                       2509750483         0.0
TcpOutSegs                      728990654          0.0
TcpRetransSegs                  4609               0.0
TcpInErrs                       40                 0.0
TcpExtPruneCalled               290                0.0
TcpExtRcvPruned                 151                0.0
TcpExtOfoPruned                 5                  0.0
TcpExtDelayedACKs               3852               0.0
TcpExtDelayedACKLocked          0                  0.0
TcpExtTCPPureAcks               13707389           0.0
TcpExtTCPHPAcks                 14955168           0.0
TcpExtTCPFastRetrans            2835               0.0
TcpExtTCPTimeouts               767                0.0
TcpExtTCPLossProbes             1220               0.0
TcpExtTCPRcvCollapsed           0                  0.0
TcpExtTCPDSACKRecv              880                0.0
TcpExtTCPDSACKOfoRecv           74                 0.0
TcpExtTCPMemoryPressures        0                  0.0
TcpExtTCPMemoryPressuresChrono  0                  0.0
TcpExtTCPBacklogDrop            0                  0.0
TcpExtTCPOFOQueue               16554              0.0
TcpExtTCPOFODrop                110                0.0
TcpExtTCPOFOMerge               1                  0.0
TcpExtTCPFromZeroWindowAdv      3025               0.0
TcpExtTCPToZeroWindowAdv        2985               0.0
TcpExtTCPWantZeroWindowAdv      3968               0.0
TcpExtTCPSynRetrans             417                0.0
TcpExtTCPACKSkippedSeq          25079              0.0
TcpExtTCPAckCompressed          224                0.0
TcpExtTCPZeroWindowDrop         39                 0.0
TcpExtTCPRcvQDrop               41                 0.0
TcpExtTCPWqueueTooBig           0                  0.0
TcpExtTCPDSACKRecvSegs          954                0.0
CTR_T 1791628517.082111997
TcpInSegs                       2509750497         0.0
TcpOutSegs                      728990682          0.0
TcpRetransSegs                  4609               0.0
TcpInErrs                       40                 0.0
TcpExtPruneCalled               290                0.0
TcpExtRcvPruned                 151                0.0
TcpExtOfoPruned                 5                  0.0
TcpExtDelayedACKs               3852               0.0
TcpExtDelayedACKLocked          0                  0.0
TcpExtTCPPureAcks               13707399           0.0
TcpExtTCPHPAcks                 14955172           0.0
TcpExtTCPFastRetrans            2835               0.0
TcpExtTCPTimeouts               767                0.0
TcpExtTCPLossProbes             1220               0.0
TcpExtTCPRcvCollapsed           0                  0.0
TcpExtTCPDSACKRecv              880                0.0
TcpExtTCPDSACKOfoRecv           74                 0.0
TcpExtTCPMemoryPressures        0                  0.0
TcpExtTCPMemoryPressuresChrono  0                  0.0
TcpExtTCPBacklogDrop            0                  0.0
TcpExtTCPOFOQueue               16554              0.0
TcpExtTCPOFODrop                110                0.0
TcpExtTCPOFOMerge               1                  0.0
TcpExtTCPFromZeroWindowAdv      3025               0.0
TcpExtTCPToZeroWindowAdv        2985               0.0
TcpExtTCPWantZeroWindowAdv      3968               0.0
TcpExtTCPSynRetrans             417                0.0
TcpExtTCPACKSkippedSeq          25079              0.0
TcpExtTCPAckCompressed          224                0.0
TcpExtTCPZeroWindowDrop         39                 0.0
TcpExtTCPRcvQDrop               41                 0.0
TcpExtTCPWqueueTooBig           0                  0.0
TcpExtTCPDSACKRecvSegs          954                0.0
CTR_T 1791628517.286673533
TcpInSegs                       2509750509         0.0
TcpOutSegs                      728990708          0.0
TcpRetransSegs                  4609               0.0
TcpInErrs                       40                 0.0
TcpExtPruneCalled               290                0.0
TcpExtRcvPruned                 151                0.0
TcpExtOfoPruned                 5                  0.0
TcpExtDelayedACKs               3852               0.0
TcpExtDelayedACKLocked          0                  0.0
TcpExtTCPPureAcks               13707408           0.0
TcpExtTCPHPAcks                 14955175           0.0
TcpExtTCPFastRetrans            2835               0.0
TcpExtTCPTimeouts               767                0.0
TcpExtTCPLossProbes             1220               0.0
TcpExtTCPRcvCollapsed           0                  0.0
TcpExtTCPDSACKRecv              880                0.0
TcpExtTCPDSACKOfoRecv           74                 0.0
TcpExtTCPMemoryPressures        0                  0.0
TcpExtTCPMemoryPressuresChrono  0                  0.0
TcpExtTCPBacklogDrop            0                  0.0
TcpExtTCPOFOQueue               16554              0.0
TcpExtTCPOFODrop                110                0.0
TcpExtTCPOFOMerge               1                  0.0
TcpExtTCPFromZeroWindowAdv      3025               0.0
TcpExtTCPToZeroWindowAdv        2985               0.0
TcpExtTCPWantZeroWindowAdv      3968               0.0
TcpExtTCPSynRetrans             417                0.0
TcpExtTCPACKSkippedSeq          25079              0.0
TcpExtTCPAckCompressed          224                0.0
TcpExtTCPZeroWindowDrop         39                 0.0
TcpExtTCPRcvQDrop               41                 0.0
TcpExtTCPWqueueTooBig           0                  0.0
TcpExtTCPDSACKRecvSegs          954                0.0
CTR_T 1791628517.491714456
TcpInSegs                       2509750521         0.0
TcpOutSegs                      728990731          0.0
TcpRetransSegs                  4609               0.0
TcpInErrs                       40                 0.0
TcpExtPruneCalled               290                0.0
TcpExtRcvPruned                 151                0.0
TcpExtOfoPruned                 5                  0.0
TcpExtDelayedACKs               3852               0.0
TcpExtDelayedACKLocked          0                  0.0
TcpExtTCPPureAcks               13707417           0.0
TcpExtTCPHPAcks                 14955178           0.0
TcpExtTCPFastRetrans            2835               0.0
TcpExtTCPTimeouts               767                0.0
TcpExtTCPLossProbes             1220               0.0
TcpExtTCPRcvCollapsed           0                  0.0
TcpExtTCPDSACKRecv              880                0.0
TcpExtTCPDSACKOfoRecv           74                 0.0
TcpExtTCPMemoryPressures        0                  0.0
TcpExtTCPMemoryPressuresChrono  0                  0.0
TcpExtTCPBacklogDrop            0                  0.0
TcpExtTCPOFOQueue               16554              0.0
TcpExtTCPOFODrop                110                0.0
TcpExtTCPOFOMerge               1                  0.0
TcpExtTCPFromZeroWindowAdv      3025               0.0
TcpExtTCPToZeroWindowAdv        2985               0.0
TcpExtTCPWantZeroWindowAdv      3968               0.0
TcpExtTCPSynRetrans             417                0.0
TcpExtTCPACKSkippedSeq          25079              0.0
TcpExtTCPAckCompressed          224                0.0
TcpExtTCPZeroWindowDrop         39                 0.0
TcpExtTCPRcvQDrop               41                 0.0
TcpExtTCPWqueueTooBig           0                  0.0
TcpExtTCPDSACKRecvSegs          954                0.0
CTR_T 1791628517.697520991
TcpInSegs                       2509750533         0.0
TcpOutSegs                      728990756          0.0
TcpRetransSegs                  4609               0.0
TcpInErrs                       40                 0.0
TcpExtPruneCalled               290                0.0
TcpExtRcvPruned                 151                0.0
TcpExtOfoPruned                 5                  0.0
TcpExtDelayedACKs               3852               0.0
TcpExtDelayedACKLocked          0                  0.0
TcpExtTCPPureAcks               13707426           0.0
TcpExtTCPHPAcks                 14955181           0.0
TcpExtTCPFastRetrans            2835               0.0
TcpExtTCPTimeouts               767                0.0
TcpExtTCPLossProbes             1220               0.0
TcpExtTCPRcvCollapsed           0                  0.0
TcpExtTCPDSACKRecv              880                0.0
TcpExtTCPDSACKOfoRecv           74                 0.0
TcpExtTCPMemoryPressures        0                  0.0
TcpExtTCPMemoryPressuresChrono  0                  0.0
TcpExtTCPBacklogDrop            0                  0.0
TcpExtTCPOFOQueue               16554              0.0
TcpExtTCPOFODrop                110                0.0
TcpExtTCPOFOMerge               1                  0.0
TcpExtTCPFromZeroWindowAdv      3025               0.0
TcpExtTCPToZeroWindowAdv        2985               0.0
TcpExtTCPWantZeroWindowAdv      3968               0.0
TcpExtTCPSynRetrans             417                0.0
TcpExtTCPACKSkippedSeq          25079              0.0
TcpExtTCPAckCompressed          224                0.0
TcpExtTCPZeroWindowDrop         39                 0.0
TcpExtTCPRcvQDrop               41                 0.0
TcpExtTCPWqueueTooBig           0                  0.0
TcpExtTCPDSACKRecvSegs          954                0.0
CTR_T 1791628517.901394710
TcpInSegs                       2509750546         0.0
TcpOutSegs                      728990781          0.0
TcpRetransSegs                  4609               0.0
TcpInErrs                       40                 0.0
TcpExtPruneCalled               290                0.0
TcpExtRcvPruned                 151                0.0
TcpExtOfoPruned                 5                  0.0
TcpExtDelayedACKs               3852               0.0
TcpExtDelayedACKLocked          0                  0.0
TcpExtTCPPureAcks               13707436           0.0
TcpExtTCPHPAcks                 14955184           0.0
TcpExtTCPFastRetrans            2835               0.0
TcpExtTCPTimeouts               767                0.0
TcpExtTCPLossProbes             1220               0.0
TcpExtTCPRcvCollapsed           0                  0.0
TcpExtTCPDSACKRecv              880                0.0
TcpExtTCPDSACKOfoRecv           74                 0.0
TcpExtTCPMemoryPressures        0                  0.0
TcpExtTCPMemoryPressuresChrono  0                  0.0
TcpExtTCPBacklogDrop            0                  0.0
TcpExtTCPOFOQueue               16554              0.0
TcpExtTCPOFODrop                110                0.0
TcpExtTCPOFOMerge               1                  0.0
TcpExtTCPFromZeroWindowAdv      3025               0.0
TcpExtTCPToZeroWindowAdv        2985               0.0
TcpExtTCPWantZeroWindowAdv      3968               0.0
TcpExtTCPSynRetrans             417                0.0
TcpExtTCPACKSkippedSeq          25079              0.0
TcpExtTCPAckCompressed          224                0.0
TcpExtTCPZeroWindowDrop         39                 0.0
TcpExtTCPRcvQDrop               41                 0.0
TcpExtTCPWqueueTooBig           0                  0.0
TcpExtTCPDSACKRecvSegs          954                0.0
CTR_T 1791628518.105808871
TcpInSegs                       2509750561         0.0
TcpOutSegs                      728990811          0.0
TcpRetransSegs                  4609               0.0
TcpInErrs                       40                 0.0
TcpExtPruneCalled               290                0.0
TcpExtRcvPruned                 151                0.0
TcpExtOfoPruned                 5                  0.0
TcpExtDelayedACKs               3852               0.0
TcpExtDelayedACKLocked          0                  0.0
TcpExtTCPPureAcks               13707447           0.0
TcpExtTCPHPAcks                 14955188           0.0
TcpExtTCPFastRetrans            2835               0.0
TcpExtTCPTimeouts               767                0.0
TcpExtTCPLossProbes             1220               0.0
TcpExtTCPRcvCollapsed           0                  0.0
TcpExtTCPDSACKRecv              880                0.0
TcpExtTCPDSACKOfoRecv           74                 0.0
TcpExtTCPMemoryPressures        0                  0.0
TcpExtTCPMemoryPressuresChrono  0                  0.0
TcpExtTCPBacklogDrop            0                  0.0
TcpExtTCPOFOQueue               16554              0.0
TcpExtTCPOFODrop                110                0.0
TcpExtTCPOFOMerge               1                  0.0
TcpExtTCPFromZeroWindowAdv      3025               0.0
TcpExtTCPToZeroWindowAdv        2985               0.0
TcpExtTCPWantZeroWindowAdv      3968               0.0
TcpExtTCPSynRetrans             417                0.0
TcpExtTCPACKSkippedSeq          25079              0.0
TcpExtTCPAckCompressed          224                0.0
TcpExtTCPZeroWindowDrop         39                 0.0
TcpExtTCPRcvQDrop               41                 0.0
TcpExtTCPWqueueTooBig           0                  0.0
TcpExtTCPDSACKRecvSegs          954                0.0
CTR_T 1791628518.310650229
TcpInSegs                       2509750577         0.0
TcpOutSegs                      728990844          0.0
TcpRetransSegs                  4609               0.0
TcpInErrs                       40                 0.0
TcpExtPruneCalled               290                0.0
TcpExtRcvPruned                 151                0.0
TcpExtOfoPruned                 5                  0.0
TcpExtDelayedACKs               3852               0.0
TcpExtDelayedACKLocked          0                  0.0
TcpExtTCPPureAcks               13707459           0.0
TcpExtTCPHPAcks                 14955192           0.0
TcpExtTCPFastRetrans            2835               0.0
TcpExtTCPTimeouts               767                0.0
TcpExtTCPLossProbes             1220               0.0
TcpExtTCPRcvCollapsed           0                  0.0
TcpExtTCPDSACKRecv              880                0.0
TcpExtTCPDSACKOfoRecv           74                 0.0
TcpExtTCPMemoryPressures        0                  0.0
TcpExtTCPMemoryPressuresChrono  0                  0.0
TcpExtTCPBacklogDrop            0                  0.0
TcpExtTCPOFOQueue               16554              0.0
TcpExtTCPOFODrop                110                0.0
TcpExtTCPOFOMerge               1                  0.0
TcpExtTCPFromZeroWindowAdv      3025               0.0
TcpExtTCPToZeroWindowAdv        2985               0.0
TcpExtTCPWantZeroWindowAdv      3968               0.0
TcpExtTCPSynRetrans             417                0.0
TcpExtTCPACKSkippedSeq          25079              0.0
TcpExtTCPAckCompressed          224                0.0
TcpExtTCPZeroWindowDrop         39                 0.0
TcpExtTCPRcvQDrop               41                 0.0
TcpExtTCPWqueueTooBig           0                  0.0
TcpExtTCPDSACKRecvSegs          954                0.0
CTR_T 1791628518.514577972
TcpInSegs                       2509750589         0.0
TcpOutSegs                      728990869          0.0
TcpRetransSegs                  4609               0.0
TcpInErrs                       40                 0.0
TcpExtPruneCalled               290                0.0
TcpExtRcvPruned                 151                0.0
TcpExtOfoPruned                 5                  0.0
TcpExtDelayedACKs               3852               0.0
TcpExtDelayedACKLocked          0                  0.0
TcpExtTCPPureAcks               13707468           0.0
TcpExtTCPHPAcks                 14955195           0.0
TcpExtTCPFastRetrans            2835               0.0
TcpExtTCPTimeouts               767                0.0
TcpExtTCPLossProbes             1220               0.0
TcpExtTCPRcvCollapsed           0                  0.0
TcpExtTCPDSACKRecv              880                0.0
TcpExtTCPDSACKOfoRecv           74                 0.0
TcpExtTCPMemoryPressures        0                  0.0
TcpExtTCPMemoryPressuresChrono  0                  0.0
TcpExtTCPBacklogDrop            0                  0.0
TcpExtTCPOFOQueue               16554              0.0
TcpExtTCPOFODrop                110                0.0
TcpExtTCPOFOMerge               1                  0.0
TcpExtTCPFromZeroWindowAdv      3025               0.0
TcpExtTCPToZeroWindowAdv        2985               0.0
TcpExtTCPWantZeroWindowAdv      3968               0.0
TcpExtTCPSynRetrans             417                0.0
TcpExtTCPACKSkippedSeq          25079              0.0
TcpExtTCPAckCompressed          224                0.0
TcpExtTCPZeroWindowDrop         39                 0.0
TcpExtTCPRcvQDrop               41                 0.0
TcpExtTCPWqueueTooBig           0                  0.0
TcpExtTCPDSACKRecvSegs          954                0.0
CTR_T 1791628518.718562262
TcpInSegs                       2509750601         0.0
TcpOutSegs                      728990893          0.0
TcpRetransSegs                  4609               0.0
TcpInErrs                       40                 0.0
TcpExtPruneCalled               290                0.0
TcpExtRcvPruned                 151                0.0
TcpExtOfoPruned                 5                  0.0
TcpExtDelayedACKs               3852               0.0
TcpExtDelayedACKLocked          0                  0.0
TcpExtTCPPureAcks               13707477           0.0
TcpExtTCPHPAcks                 14955198           0.0
TcpExtTCPFastRetrans            2835               0.0
TcpExtTCPTimeouts               767                0.0
TcpExtTCPLossProbes             1220               0.0
TcpExtTCPRcvCollapsed           0                  0.0
TcpExtTCPDSACKRecv              880                0.0
TcpExtTCPDSACKOfoRecv           74                 0.0
TcpExtTCPMemoryPressures        0                  0.0
TcpExtTCPMemoryPressuresChrono  0                  0.0
TcpExtTCPBacklogDrop            0                  0.0
TcpExtTCPOFOQueue               16554              0.0
TcpExtTCPOFODrop                110                0.0
TcpExtTCPOFOMerge               1                  0.0
TcpExtTCPFromZeroWindowAdv      3025               0.0
TcpExtTCPToZeroWindowAdv        2985               0.0
TcpExtTCPWantZeroWindowAdv      3968               0.0
TcpExtTCPSynRetrans             417                0.0
TcpExtTCPACKSkippedSeq          25079              0.0
TcpExtTCPAckCompressed          224                0.0
TcpExtTCPZeroWindowDrop         39                 0.0
TcpExtTCPRcvQDrop               41                 0.0
TcpExtTCPWqueueTooBig           0                  0.0
TcpExtTCPDSACKRecvSegs          954                0.0
CTR_T 1791628518.923461441
TcpInSegs                       2509750614         0.0
TcpOutSegs                      728990918          0.0
TcpRetransSegs                  4609               0.0
TcpInErrs                       40                 0.0
TcpExtPruneCalled               290                0.0
TcpExtRcvPruned                 151                0.0
TcpExtOfoPruned                 5                  0.0
TcpExtDelayedACKs               3852               0.0
TcpExtDelayedACKLocked          0                  0.0
TcpExtTCPPureAcks               13707486           0.0
TcpExtTCPHPAcks                 14955202           0.0
TcpExtTCPFastRetrans            2835               0.0
TcpExtTCPTimeouts               767                0.0
TcpExtTCPLossProbes             1220               0.0
TcpExtTCPRcvCollapsed           0                  0.0
TcpExtTCPDSACKRecv              880                0.0
TcpExtTCPDSACKOfoRecv           74                 0.0
TcpExtTCPMemoryPressures        0                  0.0
TcpExtTCPMemoryPressuresChrono  0                  0.0
TcpExtTCPBacklogDrop            0                  0.0
TcpExtTCPOFOQueue               16554              0.0
TcpExtTCPOFODrop                110                0.0
TcpExtTCPOFOMerge               1                  0.0
TcpExtTCPFromZeroWindowAdv      3025               0.0
TcpExtTCPToZeroWindowAdv        2985               0.0
TcpExtTCPWantZeroWindowAdv      3968               0.0
TcpExtTCPSynRetrans             417                0.0
TcpExtTCPACKSkippedSeq          25079              0.0
TcpExtTCPAckCompressed          224                0.0
TcpExtTCPZeroWindowDrop         39                 0.0
TcpExtTCPRcvQDrop               41                 0.0
TcpExtTCPWqueueTooBig           0                  0.0
TcpExtTCPDSACKRecvSegs          954                0.0
CTR_T 1791628519.128793386
TcpInSegs                       2509750627         0.0
TcpOutSegs                      728990943          0.0
TcpRetransSegs                  4609               0.0
TcpInErrs                       40                 0.0
TcpExtPruneCalled               290                0.0
TcpExtRcvPruned                 151                0.0
TcpExtOfoPruned                 5                  0.0
TcpExtDelayedACKs               3852               0.0
TcpExtDelayedACKLocked          0                  0.0
TcpExtTCPPureAcks               13707496           0.0
TcpExtTCPHPAcks                 14955205           0.0
TcpExtTCPFastRetrans            2835               0.0
TcpExtTCPTimeouts               767                0.0
TcpExtTCPLossProbes             1220               0.0
TcpExtTCPRcvCollapsed           0                  0.0
TcpExtTCPDSACKRecv              880                0.0
TcpExtTCPDSACKOfoRecv           74                 0.0
TcpExtTCPMemoryPressures        0                  0.0
TcpExtTCPMemoryPressuresChrono  0                  0.0
TcpExtTCPBacklogDrop            0                  0.0
TcpExtTCPOFOQueue               16554              0.0
TcpExtTCPOFODrop                110                0.0
TcpExtTCPOFOMerge               1                  0.0
TcpExtTCPFromZeroWindowAdv      3025               0.0
TcpExtTCPToZeroWindowAdv        2985               0.0
TcpExtTCPWantZeroWindowAdv      3968               0.0
TcpExtTCPSynRetrans             417                0.0
TcpExtTCPACKSkippedSeq          25079              0.0
TcpExtTCPAckCompressed          224                0.0
TcpExtTCPZeroWindowDrop         39                 0.0
TcpExtTCPRcvQDrop               41                 0.0
TcpExtTCPWqueueTooBig           0                  0.0
TcpExtTCPDSACKRecvSegs          954                0.0
CTR_T 1791628519.332552676
TcpInSegs                       2509750641         0.0
TcpOutSegs                      728990971          0.0
TcpRetransSegs                  4609               0.0
TcpInErrs                       40                 0.0
TcpExtPruneCalled               290                0.0
TcpExtRcvPruned                 151                0.0
TcpExtOfoPruned                 5                  0.0
TcpExtDelayedACKs               3852               0.0
TcpExtDelayedACKLocked          0                  0.0
TcpExtTCPPureAcks               13707506           0.0
TcpExtTCPHPAcks                 14955209           0.0
TcpExtTCPFastRetrans            2835               0.0
TcpExtTCPTimeouts               767                0.0
TcpExtTCPLossProbes             1220               0.0
TcpExtTCPRcvCollapsed           0                  0.0
TcpExtTCPDSACKRecv              880                0.0
TcpExtTCPDSACKOfoRecv           74                 0.0
TcpExtTCPMemoryPressures        0                  0.0
TcpExtTCPMemoryPressuresChrono  0                  0.0
TcpExtTCPBacklogDrop            0                  0.0
TcpExtTCPOFOQueue               16554              0.0
TcpExtTCPOFODrop                110                0.0
TcpExtTCPOFOMerge               1                  0.0
TcpExtTCPFromZeroWindowAdv      3025               0.0
TcpExtTCPToZeroWindowAdv        2985               0.0
TcpExtTCPWantZeroWindowAdv      3968               0.0
TcpExtTCPSynRetrans             417                0.0
TcpExtTCPACKSkippedSeq          25079              0.0
TcpExtTCPAckCompressed          224                0.0
TcpExtTCPZeroWindowDrop         39                 0.0
TcpExtTCPRcvQDrop               41                 0.0
TcpExtTCPWqueueTooBig           0                  0.0
TcpExtTCPDSACKRecvSegs          954                0.0
CTR_T 1791628519.536163275
TcpInSegs                       2509750655         0.0
TcpOutSegs                      728990999          0.0
TcpRetransSegs                  4609               0.0
TcpInErrs                       40                 0.0
TcpExtPruneCalled               290                0.0
TcpExtRcvPruned                 151                0.0
TcpExtOfoPruned                 5                  0.0
TcpExtDelayedACKs               3852               0.0
TcpExtDelayedACKLocked          0                  0.0
TcpExtTCPPureAcks               13707517           0.0
TcpExtTCPHPAcks                 14955212           0.0
TcpExtTCPFastRetrans            2835               0.0
TcpExtTCPTimeouts               767                0.0
TcpExtTCPLossProbes             1220               0.0
TcpExtTCPRcvCollapsed           0                  0.0
TcpExtTCPDSACKRecv              880                0.0
TcpExtTCPDSACKOfoRecv           74                 0.0
TcpExtTCPMemoryPressures        0                  0.0
TcpExtTCPMemoryPressuresChrono  0                  0.0
TcpExtTCPBacklogDrop            0                  0.0
TcpExtTCPOFOQueue               16554              0.0
TcpExtTCPOFODrop                110                0.0
TcpExtTCPOFOMerge               1                  0.0
TcpExtTCPFromZeroWindowAdv      3025               0.0
TcpExtTCPToZeroWindowAdv        2985               0.0
TcpExtTCPWantZeroWindowAdv      3968               0.0
TcpExtTCPSynRetrans             417                0.0
TcpExtTCPACKSkippedSeq          25079              0.0
TcpExtTCPAckCompressed          224                0.0
TcpExtTCPZeroWindowDrop         39                 0.0
TcpExtTCPRcvQDrop               41                 0.0
TcpExtTCPWqueueTooBig           0                  0.0
TcpExtTCPDSACKRecvSegs          954                0.0
CTR_T 1791628519.740689975
TcpInSegs                       2509750666         0.0
TcpOutSegs                      728991023          0.0
TcpRetransSegs                  4609               0.0
TcpInErrs                       40                 0.0
TcpExtPruneCalled               290                0.0
TcpExtRcvPruned                 151                0.0
TcpExtOfoPruned                 5                  0.0
TcpExtDelayedACKs               3852               0.0
TcpExtDelayedACKLocked          0                  0.0
TcpExtTCPPureAcks               13707525           0.0
TcpExtTCPHPAcks                 14955215           0.0
TcpExtTCPFastRetrans            2835               0.0
TcpExtTCPTimeouts               767                0.0
TcpExtTCPLossProbes             1220               0.0
TcpExtTCPRcvCollapsed           0                  0.0
TcpExtTCPDSACKRecv              880                0.0
TcpExtTCPDSACKOfoRecv           74                 0.0
TcpExtTCPMemoryPressures        0                  0.0
TcpExtTCPMemoryPressuresChrono  0                  0.0
TcpExtTCPBacklogDrop            0                  0.0
TcpExtTCPOFOQueue               16554              0.0
TcpExtTCPOFODrop                110                0.0
TcpExtTCPOFOMerge               1                  0.0
TcpExtTCPFromZeroWindowAdv      3025               0.0
TcpExtTCPToZeroWindowAdv        2985               0.0
TcpExtTCPWantZeroWindowAdv      3968               0.0
TcpExtTCPSynRetrans             417                0.0
TcpExtTCPACKSkippedSeq          25079              0.0
TcpExtTCPAckCompressed          224                0.0
TcpExtTCPZeroWindowDrop         39                 0.0
TcpExtTCPRcvQDrop               41                 0.0
TcpExtTCPWqueueTooBig           0                  0.0
TcpExtTCPDSACKRecvSegs          954                0.0
CTR_T 1791628519.944794220
TcpInSegs                       2509750679         0.0
TcpOutSegs                      728991050          0.0
TcpRetransSegs                  4609               0.0
TcpInErrs                       40                 0.0
TcpExtPruneCalled               290                0.0
TcpExtRcvPruned                 151                0.0
TcpExtOfoPruned                 5                  0.0
TcpExtDelayedACKs               3852               0.0
TcpExtDelayedACKLocked          0                  0.0
TcpExtTCPPureAcks               13707533           0.0
TcpExtTCPHPAcks                 14955219           0.0
TcpExtTCPFastRetrans            2835               0.0
TcpExtTCPTimeouts               767                0.0
TcpExtTCPLossProbes             1220               0.0
TcpExtTCPRcvCollapsed           0                  0.0
TcpExtTCPDSACKRecv              880                0.0
TcpExtTCPDSACKOfoRecv           74                 0.0
TcpExtTCPMemoryPressures        0                  0.0
TcpExtTCPMemoryPressuresChrono  0                  0.0
TcpExtTCPBacklogDrop            0                  0.0
TcpExtTCPOFOQueue               16554              0.0
TcpExtTCPOFODrop                110                0.0
TcpExtTCPOFOMerge               1                  0.0
TcpExtTCPFromZeroWindowAdv      3025               0.0
TcpExtTCPToZeroWindowAdv        2985               0.0
TcpExtTCPWantZeroWindowAdv      3968               0.0
TcpExtTCPSynRetrans             417                0.0
TcpExtTCPACKSkippedSeq          25079              0.0
TcpExtTCPAckCompressed          224                0.0
TcpExtTCPZeroWindowDrop         39                 0.0
TcpExtTCPRcvQDrop               41                 0.0
TcpExtTCPWqueueTooBig           0                  0.0
TcpExtTCPDSACKRecvSegs          954                0.0
CTR_T 1791628520.150442888
TcpInSegs                       2509750692         0.0
TcpOutSegs                      728991076          0.0
TcpRetransSegs                  4609               0.0
TcpInErrs                       40                 0.0
TcpExtPruneCalled               290                0.0
TcpExtRcvPruned                 151                0.0
TcpExtOfoPruned                 5                  0.0
TcpExtDelayedACKs               3852               0.0
TcpExtDelayedACKLocked          0                  0.0
TcpExtTCPPureAcks               13707543           0.0
TcpExtTCPHPAcks                 14955223           0.0
TcpExtTCPFastRetrans            2835               0.0
TcpExtTCPTimeouts               767                0.0
TcpExtTCPLossProbes             1220               0.0
TcpExtTCPRcvCollapsed           0                  0.0
TcpExtTCPDSACKRecv              880                0.0
TcpExtTCPDSACKOfoRecv           74                 0.0
TcpExtTCPMemoryPressures        0                  0.0
TcpExtTCPMemoryPressuresChrono  0                  0.0
TcpExtTCPBacklogDrop            0                  0.0
TcpExtTCPOFOQueue               16554              0.0
TcpExtTCPOFODrop                110                0.0
TcpExtTCPOFOMerge               1                  0.0
TcpExtTCPFromZeroWindowAdv      3025               0.0
TcpExtTCPToZeroWindowAdv        2985               0.0
TcpExtTCPWantZeroWindowAdv      3968               0.0
TcpExtTCPSynRetrans             417                0.0
TcpExtTCPACKSkippedSeq          25079              0.0
TcpExtTCPAckCompressed          224                0.0
TcpExtTCPZeroWindowDrop         39                 0.0
TcpExtTCPRcvQDrop               41                 0.0
TcpExtTCPWqueueTooBig           0                  0.0
TcpExtTCPDSACKRecvSegs          954                0.0
CTR_T 1791628520.356477084
TcpInSegs                       2509750706         0.0
TcpOutSegs                      728991103          0.0
TcpRetransSegs                  4609               0.0
TcpInErrs                       40                 0.0
TcpExtPruneCalled               290                0.0
TcpExtRcvPruned                 151                0.0
TcpExtOfoPruned                 5                  0.0
TcpExtDelayedACKs               3852               0.0
TcpExtDelayedACKLocked          0                  0.0
TcpExtTCPPureAcks               13707554           0.0
TcpExtTCPHPAcks                 14955226           0.0
TcpExtTCPFastRetrans            2835               0.0
TcpExtTCPTimeouts               767                0.0
TcpExtTCPLossProbes             1220               0.0
TcpExtTCPRcvCollapsed           0                  0.0
TcpExtTCPDSACKRecv              880                0.0
TcpExtTCPDSACKOfoRecv           74                 0.0
TcpExtTCPMemoryPressures        0                  0.0
TcpExtTCPMemoryPressuresChrono  0                  0.0
TcpExtTCPBacklogDrop            0                  0.0
TcpExtTCPOFOQueue               16554              0.0
TcpExtTCPOFODrop                110                0.0
TcpExtTCPOFOMerge               1                  0.0
TcpExtTCPFromZeroWindowAdv      3025               0.0
TcpExtTCPToZeroWindowAdv        2985               0.0
TcpExtTCPWantZeroWindowAdv      3968               0.0
TcpExtTCPSynRetrans             417                0.0
TcpExtTCPACKSkippedSeq          25079              0.0
TcpExtTCPAckCompressed          224                0.0
TcpExtTCPZeroWindowDrop         39                 0.0
TcpExtTCPRcvQDrop               41                 0.0
TcpExtTCPWqueueTooBig           0                  0.0
TcpExtTCPDSACKRecvSegs          954                0.0
CTR_T 1791628520.560251516
TcpInSegs                       2509750720         0.0
TcpOutSegs                      728991131          0.0
TcpRetransSegs                  4609               0.0
TcpInErrs                       40                 0.0
TcpExtPruneCalled               290                0.0
TcpExtRcvPruned                 151                0.0
TcpExtOfoPruned                 5                  0.0
TcpExtDelayedACKs               3852               0.0
TcpExtDelayedACKLocked          0                  0.0
TcpExtTCPPureAcks               13707564           0.0
TcpExtTCPHPAcks                 14955230           0.0
TcpExtTCPFastRetrans            2835               0.0
TcpExtTCPTimeouts               767                0.0
TcpExtTCPLossProbes             1220               0.0
TcpExtTCPRcvCollapsed           0                  0.0
TcpExtTCPDSACKRecv              880                0.0
TcpExtTCPDSACKOfoRecv           74                 0.0
TcpExtTCPMemoryPressures        0                  0.0
TcpExtTCPMemoryPressuresChrono  0                  0.0
TcpExtTCPBacklogDrop            0                  0.0
TcpExtTCPOFOQueue               16554              0.0
TcpExtTCPOFODrop                110                0.0
TcpExtTCPOFOMerge               1                  0.0
TcpExtTCPFromZeroWindowAdv      3025               0.0
TcpExtTCPToZeroWindowAdv        2985               0.0
TcpExtTCPWantZeroWindowAdv      3968               0.0
TcpExtTCPSynRetrans             417                0.0
TcpExtTCPACKSkippedSeq          25079              0.0
TcpExtTCPAckCompressed          224                0.0
TcpExtTCPZeroWindowDrop         39                 0.0
TcpExtTCPRcvQDrop               41                 0.0
TcpExtTCPWqueueTooBig           0                  0.0
TcpExtTCPDSACKRecvSegs          954                0.0
CTR_T 1791628520.764107835
TcpInSegs                       2509750732         0.0
TcpOutSegs                      728991155          0.0
TcpRetransSegs                  4609               0.0
TcpInErrs                       40                 0.0
TcpExtPruneCalled               290                0.0
TcpExtRcvPruned                 151                0.0
TcpExtOfoPruned                 5                  0.0
TcpExtDelayedACKs               3852               0.0
TcpExtDelayedACKLocked          0                  0.0
TcpExtTCPPureAcks               13707573           0.0
TcpExtTCPHPAcks                 14955233           0.0
TcpExtTCPFastRetrans            2835               0.0
TcpExtTCPTimeouts               767                0.0
TcpExtTCPLossProbes             1220               0.0
TcpExtTCPRcvCollapsed           0                  0.0
TcpExtTCPDSACKRecv              880                0.0
TcpExtTCPDSACKOfoRecv           74                 0.0
TcpExtTCPMemoryPressures        0                  0.0
TcpExtTCPMemoryPressuresChrono  0                  0.0
TcpExtTCPBacklogDrop            0                  0.0
TcpExtTCPOFOQueue               16554              0.0
TcpExtTCPOFODrop                110                0.0
TcpExtTCPOFOMerge               1                  0.0
TcpExtTCPFromZeroWindowAdv      3025               0.0
TcpExtTCPToZeroWindowAdv        2985               0.0
TcpExtTCPWantZeroWindowAdv      3968               0.0
TcpExtTCPSynRetrans             417                0.0
TcpExtTCPACKSkippedSeq          25079              0.0
TcpExtTCPAckCompressed          224                0.0
TcpExtTCPZeroWindowDrop         39                 0.0
TcpExtTCPRcvQDrop               41                 0.0
TcpExtTCPWqueueTooBig           0                  0.0
TcpExtTCPDSACKRecvSegs          954                0.0
CTR_T 1791628520.968964840
TcpInSegs                       2509750743         0.0
TcpOutSegs                      728991179          0.0
TcpRetransSegs                  4609               0.0
TcpInErrs                       40                 0.0
TcpExtPruneCalled               290                0.0
TcpExtRcvPruned                 151                0.0
TcpExtOfoPruned                 5                  0.0
TcpExtDelayedACKs               3852               0.0
TcpExtDelayedACKLocked          0                  0.0
TcpExtTCPPureAcks               13707581           0.0
TcpExtTCPHPAcks                 14955236           0.0
TcpExtTCPFastRetrans            2835               0.0
TcpExtTCPTimeouts               767                0.0
TcpExtTCPLossProbes             1220               0.0
TcpExtTCPRcvCollapsed           0                  0.0
TcpExtTCPDSACKRecv              880                0.0
TcpExtTCPDSACKOfoRecv           74                 0.0
TcpExtTCPMemoryPressures        0                  0.0
TcpExtTCPMemoryPressuresChrono  0                  0.0
TcpExtTCPBacklogDrop            0                  0.0
TcpExtTCPOFOQueue               16554              0.0
TcpExtTCPOFODrop                110                0.0
TcpExtTCPOFOMerge               1                  0.0
TcpExtTCPFromZeroWindowAdv      3025               0.0
TcpExtTCPToZeroWindowAdv        2985               0.0
TcpExtTCPWantZeroWindowAdv      3968               0.0
TcpExtTCPSynRetrans             417                0.0
TcpExtTCPACKSkippedSeq          25079              0.0
TcpExtTCPAckCompressed          224                0.0
TcpExtTCPZeroWindowDrop         39                 0.0
TcpExtTCPRcvQDrop               41                 0.0
TcpExtTCPWqueueTooBig           0                  0.0
TcpExtTCPDSACKRecvSegs          954                0.0
CTR_T 1791628521.173721512
TcpInSegs                       2509750755         0.0
TcpOutSegs                      728991202          0.0
TcpRetransSegs                  4609               0.0
TcpInErrs                       40                 0.0
TcpExtPruneCalled               290                0.0
TcpExtRcvPruned                 151                0.0
TcpExtOfoPruned                 5                  0.0
TcpExtDelayedACKs               3852               0.0
TcpExtDelayedACKLocked          0                  0.0
TcpExtTCPPureAcks               13707590           0.0
TcpExtTCPHPAcks                 14955239           0.0
TcpExtTCPFastRetrans            2835               0.0
TcpExtTCPTimeouts               767                0.0
TcpExtTCPLossProbes             1220               0.0
TcpExtTCPRcvCollapsed           0                  0.0
TcpExtTCPDSACKRecv              880                0.0
TcpExtTCPDSACKOfoRecv           74                 0.0
TcpExtTCPMemoryPressures        0                  0.0
TcpExtTCPMemoryPressuresChrono  0                  0.0
TcpExtTCPBacklogDrop            0                  0.0
TcpExtTCPOFOQueue               16554              0.0
TcpExtTCPOFODrop                110                0.0
TcpExtTCPOFOMerge               1                  0.0
TcpExtTCPFromZeroWindowAdv      3025               0.0
TcpExtTCPToZeroWindowAdv        2985               0.0
TcpExtTCPWantZeroWindowAdv      3968               0.0
TcpExtTCPSynRetrans             417                0.0
TcpExtTCPACKSkippedSeq          25079              0.0
TcpExtTCPAckCompressed          224                0.0
TcpExtTCPZeroWindowDrop         39                 0.0
TcpExtTCPRcvQDrop               41                 0.0
TcpExtTCPWqueueTooBig           0                  0.0
TcpExtTCPDSACKRecvSegs          954                0.0
CTR_T 1791628521.379338811
TcpInSegs                       2509750771         0.0
TcpOutSegs                      728991233          0.0
TcpRetransSegs                  4609               0.0
TcpInErrs                       40                 0.0
TcpExtPruneCalled               290                0.0
TcpExtRcvPruned                 151                0.0
TcpExtOfoPruned                 5                  0.0
TcpExtDelayedACKs               3852               0.0
TcpExtDelayedACKLocked          0                  0.0
TcpExtTCPPureAcks               13707601           0.0
TcpExtTCPHPAcks                 14955244           0.0
TcpExtTCPFastRetrans            2835               0.0
TcpExtTCPTimeouts               767                0.0
TcpExtTCPLossProbes             1220               0.0
TcpExtTCPRcvCollapsed           0                  0.0
TcpExtTCPDSACKRecv              880                0.0
TcpExtTCPDSACKOfoRecv           74                 0.0
TcpExtTCPMemoryPressures        0                  0.0
TcpExtTCPMemoryPressuresChrono  0                  0.0
TcpExtTCPBacklogDrop            0                  0.0
TcpExtTCPOFOQueue               16554              0.0
TcpExtTCPOFODrop                110                0.0
TcpExtTCPOFOMerge               1                  0.0
TcpExtTCPFromZeroWindowAdv      3025               0.0
TcpExtTCPToZeroWindowAdv        2985               0.0
TcpExtTCPWantZeroWindowAdv      3968               0.0
TcpExtTCPSynRetrans             417                0.0
TcpExtTCPACKSkippedSeq          25079              0.0
TcpExtTCPAckCompressed          224                0.0
TcpExtTCPZeroWindowDrop         39                 0.0
TcpExtTCPRcvQDrop               41                 0.0
TcpExtTCPWqueueTooBig           0                  0.0
TcpExtTCPDSACKRecvSegs          954                0.0
CTR_T 1791628521.583729305
TcpInSegs                       2509750785         0.0
TcpOutSegs                      728991261          0.0
TcpRetransSegs                  4609               0.0
TcpInErrs                       40                 0.0
TcpExtPruneCalled               290                0.0
TcpExtRcvPruned                 151                0.0
TcpExtOfoPruned                 5                  0.0
TcpExtDelayedACKs               3852               0.0
TcpExtDelayedACKLocked          0                  0.0
TcpExtTCPPureAcks               13707611           0.0
TcpExtTCPHPAcks                 14955248           0.0
TcpExtTCPFastRetrans            2835               0.0
TcpExtTCPTimeouts               767                0.0
TcpExtTCPLossProbes             1220               0.0
TcpExtTCPRcvCollapsed           0                  0.0
TcpExtTCPDSACKRecv              880                0.0
TcpExtTCPDSACKOfoRecv           74                 0.0
TcpExtTCPMemoryPressures        0                  0.0
TcpExtTCPMemoryPressuresChrono  0                  0.0
TcpExtTCPBacklogDrop            0                  0.0
TcpExtTCPOFOQueue               16554              0.0
TcpExtTCPOFODrop                110                0.0
TcpExtTCPOFOMerge               1                  0.0
TcpExtTCPFromZeroWindowAdv      3025               0.0
TcpExtTCPToZeroWindowAdv        2985               0.0
TcpExtTCPWantZeroWindowAdv      3968               0.0
TcpExtTCPSynRetrans             417                0.0
TcpExtTCPACKSkippedSeq          25079              0.0
TcpExtTCPAckCompressed          224                0.0
TcpExtTCPZeroWindowDrop         39                 0.0
TcpExtTCPRcvQDrop               41                 0.0
TcpExtTCPWqueueTooBig           0                  0.0
TcpExtTCPDSACKRecvSegs          954                0.0
CTR_T 1791628521.788050069
TcpInSegs                       2509750798         0.0
TcpOutSegs                      728991287          0.0
TcpRetransSegs                  4609               0.0
TcpInErrs                       40                 0.0
TcpExtPruneCalled               290                0.0
TcpExtRcvPruned                 151                0.0
TcpExtOfoPruned                 5                  0.0
TcpExtDelayedACKs               3852               0.0
TcpExtDelayedACKLocked          0                  0.0
TcpExtTCPPureAcks               13707621           0.0
TcpExtTCPHPAcks                 14955251           0.0
TcpExtTCPFastRetrans            2835               0.0
TcpExtTCPTimeouts               767                0.0
TcpExtTCPLossProbes             1220               0.0
TcpExtTCPRcvCollapsed           0                  0.0
TcpExtTCPDSACKRecv              880                0.0
TcpExtTCPDSACKOfoRecv           74                 0.0
TcpExtTCPMemoryPressures        0                  0.0
TcpExtTCPMemoryPressuresChrono  0                  0.0
TcpExtTCPBacklogDrop            0                  0.0
TcpExtTCPOFOQueue               16554              0.0
TcpExtTCPOFODrop                110                0.0
TcpExtTCPOFOMerge               1                  0.0
TcpExtTCPFromZeroWindowAdv      3025               0.0
TcpExtTCPToZeroWindowAdv        2985               0.0
TcpExtTCPWantZeroWindowAdv      3968               0.0
TcpExtTCPSynRetrans             417                0.0
TcpExtTCPACKSkippedSeq          25079              0.0
TcpExtTCPAckCompressed          224                0.0
TcpExtTCPZeroWindowDrop         39                 0.0
TcpExtTCPRcvQDrop               41                 0.0
TcpExtTCPWqueueTooBig           0                  0.0
TcpExtTCPDSACKRecvSegs          954                0.0
CTR_T 1791628521.992758777
TcpInSegs                       2509750809         0.0
TcpOutSegs                      728991312          0.0
TcpRetransSegs                  4609               0.0
TcpInErrs                       40                 0.0
TcpExtPruneCalled               290                0.0
TcpExtRcvPruned                 151                0.0
TcpExtOfoPruned                 5                  0.0
TcpExtDelayedACKs               3852               0.0
TcpExtDelayedACKLocked          0                  0.0
TcpExtTCPPureAcks               13707629           0.0
TcpExtTCPHPAcks                 14955254           0.0
TcpExtTCPFastRetrans            2835               0.0
TcpExtTCPTimeouts               767                0.0
TcpExtTCPLossProbes             1220               0.0
TcpExtTCPRcvCollapsed           0                  0.0
TcpExtTCPDSACKRecv              880                0.0
TcpExtTCPDSACKOfoRecv           74                 0.0
TcpExtTCPMemoryPressures        0                  0.0
TcpExtTCPMemoryPressuresChrono  0                  0.0
TcpExtTCPBacklogDrop            0                  0.0
TcpExtTCPOFOQueue               16554              0.0
TcpExtTCPOFODrop                110                0.0
TcpExtTCPOFOMerge               1                  0.0
TcpExtTCPFromZeroWindowAdv      3025               0.0
TcpExtTCPToZeroWindowAdv        2985               0.0
TcpExtTCPWantZeroWindowAdv      3968               0.0
TcpExtTCPSynRetrans             417                0.0
TcpExtTCPACKSkippedSeq          25079              0.0
TcpExtTCPAckCompressed          224                0.0
TcpExtTCPZeroWindowDrop         39                 0.0
TcpExtTCPRcvQDrop               41                 0.0
TcpExtTCPWqueueTooBig           0                  0.0
TcpExtTCPDSACKRecvSegs          954                0.0
CTR_T 1791628522.196951707
TcpInSegs                       2509750821         0.0
TcpOutSegs                      728991335          0.0
TcpRetransSegs                  4609               0.0
TcpInErrs                       40                 0.0
TcpExtPruneCalled               290                0.0
TcpExtRcvPruned                 151                0.0
TcpExtOfoPruned                 5                  0.0
TcpExtDelayedACKs               3852               0.0
TcpExtDelayedACKLocked          0                  0.0
TcpExtTCPPureAcks               13707638           0.0
TcpExtTCPHPAcks                 14955257           0.0
TcpExtTCPFastRetrans            2835               0.0
TcpExtTCPTimeouts               767                0.0
TcpExtTCPLossProbes             1220               0.0
TcpExtTCPRcvCollapsed           0                  0.0
TcpExtTCPDSACKRecv              880                0.0
TcpExtTCPDSACKOfoRecv           74                 0.0
TcpExtTCPMemoryPressures        0                  0.0
TcpExtTCPMemoryPressuresChrono  0                  0.0
TcpExtTCPBacklogDrop            0                  0.0
TcpExtTCPOFOQueue               16554              0.0
TcpExtTCPOFODrop                110                0.0
TcpExtTCPOFOMerge               1                  0.0
TcpExtTCPFromZeroWindowAdv      3025               0.0
TcpExtTCPToZeroWindowAdv        2985               0.0
TcpExtTCPWantZeroWindowAdv      3968               0.0
TcpExtTCPSynRetrans             417                0.0
TcpExtTCPACKSkippedSeq          25079              0.0
TcpExtTCPAckCompressed          224                0.0
TcpExtTCPZeroWindowDrop         39                 0.0
TcpExtTCPRcvQDrop               41                 0.0
TcpExtTCPWqueueTooBig           0                  0.0
TcpExtTCPDSACKRecvSegs          954                0.0
CTR_T 1791628522.401707906
TcpInSegs                       2509750834         0.0
TcpOutSegs                      728991360          0.0
TcpRetransSegs                  4609               0.0
TcpInErrs                       40                 0.0
TcpExtPruneCalled               290                0.0
TcpExtRcvPruned                 151                0.0
TcpExtOfoPruned                 5                  0.0
TcpExtDelayedACKs               3852               0.0
TcpExtDelayedACKLocked          0                  0.0
TcpExtTCPPureAcks               13707648           0.0
TcpExtTCPHPAcks                 14955260           0.0
TcpExtTCPFastRetrans            2835               0.0
TcpExtTCPTimeouts               767                0.0
TcpExtTCPLossProbes             1220               0.0
TcpExtTCPRcvCollapsed           0                  0.0
TcpExtTCPDSACKRecv              880                0.0
TcpExtTCPDSACKOfoRecv           74                 0.0
TcpExtTCPMemoryPressures        0                  0.0
TcpExtTCPMemoryPressuresChrono  0                  0.0
TcpExtTCPBacklogDrop            0                  0.0
TcpExtTCPOFOQueue               16554              0.0
TcpExtTCPOFODrop                110                0.0
TcpExtTCPOFOMerge               1                  0.0
TcpExtTCPFromZeroWindowAdv      3025               0.0
TcpExtTCPToZeroWindowAdv        2985               0.0
TcpExtTCPWantZeroWindowAdv      3968               0.0
TcpExtTCPSynRetrans             417                0.0
TcpExtTCPACKSkippedSeq          25079              0.0
TcpExtTCPAckCompressed          224                0.0
TcpExtTCPZeroWindowDrop         39                 0.0
TcpExtTCPRcvQDrop               41                 0.0
TcpExtTCPWqueueTooBig           0                  0.0
TcpExtTCPDSACKRecvSegs          954                0.0
CTR_T 1791628522.606585881
TcpInSegs                       2509750848         0.0
TcpOutSegs                      728991388          0.0
TcpRetransSegs                  4609               0.0
TcpInErrs                       40                 0.0
TcpExtPruneCalled               290                0.0
TcpExtRcvPruned                 151                0.0
TcpExtOfoPruned                 5                  0.0
TcpExtDelayedACKs               3852               0.0
TcpExtDelayedACKLocked          0                  0.0
TcpExtTCPPureAcks               13707659           0.0
TcpExtTCPHPAcks                 14955263           0.0
TcpExtTCPFastRetrans            2835               0.0
TcpExtTCPTimeouts               767                0.0
TcpExtTCPLossProbes             1220               0.0
TcpExtTCPRcvCollapsed           0                  0.0
TcpExtTCPDSACKRecv              880                0.0
TcpExtTCPDSACKOfoRecv           74                 0.0
TcpExtTCPMemoryPressures        0                  0.0
TcpExtTCPMemoryPressuresChrono  0                  0.0
TcpExtTCPBacklogDrop            0                  0.0
TcpExtTCPOFOQueue               16554              0.0
TcpExtTCPOFODrop                110                0.0
TcpExtTCPOFOMerge               1                  0.0
TcpExtTCPFromZeroWindowAdv      3025               0.0
TcpExtTCPToZeroWindowAdv        2985               0.0
TcpExtTCPWantZeroWindowAdv      3968               0.0
TcpExtTCPSynRetrans             417                0.0
TcpExtTCPACKSkippedSeq          25079              0.0
TcpExtTCPAckCompressed          224                0.0
TcpExtTCPZeroWindowDrop         39                 0.0
TcpExtTCPRcvQDrop               41                 0.0
TcpExtTCPWqueueTooBig           0                  0.0
TcpExtTCPDSACKRecvSegs          954                0.0
CTR_T 1791628522.811401542
TcpInSegs                       2509750862         0.0
TcpOutSegs                      728991416          0.0
TcpRetransSegs                  4609               0.0
TcpInErrs                       40                 0.0
TcpExtPruneCalled               290                0.0
TcpExtRcvPruned                 151                0.0
TcpExtOfoPruned                 5                  0.0
TcpExtDelayedACKs               3852               0.0
TcpExtDelayedACKLocked          0                  0.0
TcpExtTCPPureAcks               13707669           0.0
TcpExtTCPHPAcks                 14955267           0.0
TcpExtTCPFastRetrans            2835               0.0
TcpExtTCPTimeouts               767                0.0
TcpExtTCPLossProbes             1220               0.0
TcpExtTCPRcvCollapsed           0                  0.0
TcpExtTCPDSACKRecv              880                0.0
TcpExtTCPDSACKOfoRecv           74                 0.0
TcpExtTCPMemoryPressures        0                  0.0
TcpExtTCPMemoryPressuresChrono  0                  0.0
TcpExtTCPBacklogDrop            0                  0.0
TcpExtTCPOFOQueue               16554              0.0
TcpExtTCPOFODrop                110                0.0
TcpExtTCPOFOMerge               1                  0.0
TcpExtTCPFromZeroWindowAdv      3025               0.0
TcpExtTCPToZeroWindowAdv        2985               0.0
TcpExtTCPWantZeroWindowAdv      3968               0.0
TcpExtTCPSynRetrans             417                0.0
TcpExtTCPACKSkippedSeq          25079              0.0
TcpExtTCPAckCompressed          224                0.0
TcpExtTCPZeroWindowDrop         39                 0.0
TcpExtTCPRcvQDrop               41                 0.0
TcpExtTCPWqueueTooBig           0                  0.0
TcpExtTCPDSACKRecvSegs          954                0.0
CTR_T 1791628523.015241921
TcpInSegs                       2509750876         0.0
TcpOutSegs                      728991445          0.0
TcpRetransSegs                  4609               0.0
TcpInErrs                       40                 0.0
TcpExtPruneCalled               290                0.0
TcpExtRcvPruned                 151                0.0
TcpExtOfoPruned                 5                  0.0
TcpExtDelayedACKs               3852               0.0
TcpExtDelayedACKLocked          0                  0.0
TcpExtTCPPureAcks               13707680           0.0
TcpExtTCPHPAcks                 14955270           0.0
TcpExtTCPFastRetrans            2835               0.0
TcpExtTCPTimeouts               767                0.0
TcpExtTCPLossProbes             1220               0.0
TcpExtTCPRcvCollapsed           0                  0.0
TcpExtTCPDSACKRecv              880                0.0
TcpExtTCPDSACKOfoRecv           74                 0.0
TcpExtTCPMemoryPressures        0                  0.0
TcpExtTCPMemoryPressuresChrono  0                  0.0
TcpExtTCPBacklogDrop            0                  0.0
TcpExtTCPOFOQueue               16554              0.0
TcpExtTCPOFODrop                110                0.0
TcpExtTCPOFOMerge               1                  0.0
TcpExtTCPFromZeroWindowAdv      3025               0.0
TcpExtTCPToZeroWindowAdv        2985               0.0
TcpExtTCPWantZeroWindowAdv      3968               0.0
TcpExtTCPSynRetrans             417                0.0
TcpExtTCPACKSkippedSeq          25079              0.0
TcpExtTCPAckCompressed          224                0.0
TcpExtTCPZeroWindowDrop         39                 0.0
TcpExtTCPRcvQDrop               41                 0.0
TcpExtTCPWqueueTooBig           0                  0.0
TcpExtTCPDSACKRecvSegs          954                0.0
CTR_T 1791628523.220057946
TcpInSegs                       2509750888         0.0
TcpOutSegs                      728991469          0.0
TcpRetransSegs                  4609               0.0
TcpInErrs                       40                 0.0
TcpExtPruneCalled               290                0.0
TcpExtRcvPruned                 151                0.0
TcpExtOfoPruned                 5                  0.0
TcpExtDelayedACKs               3852               0.0
TcpExtDelayedACKLocked          0                  0.0
TcpExtTCPPureAcks               13707689           0.0
TcpExtTCPHPAcks                 14955273           0.0
TcpExtTCPFastRetrans            2835               0.0
TcpExtTCPTimeouts               767                0.0
TcpExtTCPLossProbes             1220               0.0
TcpExtTCPRcvCollapsed           0                  0.0
TcpExtTCPDSACKRecv              880                0.0
TcpExtTCPDSACKOfoRecv           74                 0.0
TcpExtTCPMemoryPressures        0                  0.0
TcpExtTCPMemoryPressuresChrono  0                  0.0
TcpExtTCPBacklogDrop            0                  0.0
TcpExtTCPOFOQueue               16554              0.0
TcpExtTCPOFODrop                110                0.0
TcpExtTCPOFOMerge               1                  0.0
TcpExtTCPFromZeroWindowAdv      3025               0.0
TcpExtTCPToZeroWindowAdv        2985               0.0
TcpExtTCPWantZeroWindowAdv      3968               0.0
TcpExtTCPSynRetrans             417                0.0
TcpExtTCPACKSkippedSeq          25079              0.0
TcpExtTCPAckCompressed          224                0.0
TcpExtTCPZeroWindowDrop         39                 0.0
TcpExtTCPRcvQDrop               41                 0.0
TcpExtTCPWqueueTooBig           0                  0.0
TcpExtTCPDSACKRecvSegs          954                0.0
CTR_T 1791628523.425186327
TcpInSegs                       2509750899         0.0
TcpOutSegs                      728991492          0.0
TcpRetransSegs                  4609               0.0
TcpInErrs                       40                 0.0
TcpExtPruneCalled               290                0.0
TcpExtRcvPruned                 151                0.0
TcpExtOfoPruned                 5                  0.0
TcpExtDelayedACKs               3852               0.0
TcpExtDelayedACKLocked          0                  0.0
TcpExtTCPPureAcks               13707697           0.0
TcpExtTCPHPAcks                 14955276           0.0
TcpExtTCPFastRetrans            2835               0.0
TcpExtTCPTimeouts               767                0.0
TcpExtTCPLossProbes             1220               0.0
TcpExtTCPRcvCollapsed           0                  0.0
TcpExtTCPDSACKRecv              880                0.0
TcpExtTCPDSACKOfoRecv           74                 0.0
TcpExtTCPMemoryPressures        0                  0.0
TcpExtTCPMemoryPressuresChrono  0                  0.0
TcpExtTCPBacklogDrop            0                  0.0
TcpExtTCPOFOQueue               16554              0.0
TcpExtTCPOFODrop                110                0.0
TcpExtTCPOFOMerge               1                  0.0
TcpExtTCPFromZeroWindowAdv      3025               0.0
TcpExtTCPToZeroWindowAdv        2985               0.0
TcpExtTCPWantZeroWindowAdv      3968               0.0
TcpExtTCPSynRetrans             417                0.0
TcpExtTCPACKSkippedSeq          25079              0.0
TcpExtTCPAckCompressed          224                0.0
TcpExtTCPZeroWindowDrop         39                 0.0
TcpExtTCPRcvQDrop               41                 0.0
TcpExtTCPWqueueTooBig           0                  0.0
TcpExtTCPDSACKRecvSegs          954                0.0
CTR_T 1791628523.629945370
TcpInSegs                       2509750913         0.0
TcpOutSegs                      728991519          0.0
TcpRetransSegs                  4609               0.0
TcpInErrs                       40                 0.0
TcpExtPruneCalled               290                0.0
TcpExtRcvPruned                 151                0.0
TcpExtOfoPruned                 5                  0.0
TcpExtDelayedACKs               3852               0.0
TcpExtDelayedACKLocked          0                  0.0
TcpExtTCPPureAcks               13707708           0.0
TcpExtTCPHPAcks                 14955279           0.0
TcpExtTCPFastRetrans            2835               0.0
TcpExtTCPTimeouts               767                0.0
TcpExtTCPLossProbes             1220               0.0
TcpExtTCPRcvCollapsed           0                  0.0
TcpExtTCPDSACKRecv              880                0.0
TcpExtTCPDSACKOfoRecv           74                 0.0
TcpExtTCPMemoryPressures        0                  0.0
TcpExtTCPMemoryPressuresChrono  0                  0.0
TcpExtTCPBacklogDrop            0                  0.0
TcpExtTCPOFOQueue               16554              0.0
TcpExtTCPOFODrop                110                0.0
TcpExtTCPOFOMerge               1                  0.0
TcpExtTCPFromZeroWindowAdv      3025               0.0
TcpExtTCPToZeroWindowAdv        2985               0.0
TcpExtTCPWantZeroWindowAdv      3968               0.0
TcpExtTCPSynRetrans             417                0.0
TcpExtTCPACKSkippedSeq          25079              0.0
TcpExtTCPAckCompressed          224                0.0
TcpExtTCPZeroWindowDrop         39                 0.0
TcpExtTCPRcvQDrop               41                 0.0
TcpExtTCPWqueueTooBig           0                  0.0
TcpExtTCPDSACKRecvSegs          954                0.0
CTR_T 1791628523.833856609
TcpInSegs                       2509750927         0.0
TcpOutSegs                      728991548          0.0
TcpRetransSegs                  4609               0.0
TcpInErrs                       40                 0.0
TcpExtPruneCalled               290                0.0
TcpExtRcvPruned                 151                0.0
TcpExtOfoPruned                 5                  0.0
TcpExtDelayedACKs               3852               0.0
TcpExtDelayedACKLocked          0                  0.0
TcpExtTCPPureAcks               13707719           0.0
TcpExtTCPHPAcks                 14955282           0.0
TcpExtTCPFastRetrans            2835               0.0
TcpExtTCPTimeouts               767                0.0
TcpExtTCPLossProbes             1220               0.0
TcpExtTCPRcvCollapsed           0                  0.0
TcpExtTCPDSACKRecv              880                0.0
TcpExtTCPDSACKOfoRecv           74                 0.0
TcpExtTCPMemoryPressures        0                  0.0
TcpExtTCPMemoryPressuresChrono  0                  0.0
TcpExtTCPBacklogDrop            0                  0.0
TcpExtTCPOFOQueue               16554              0.0
TcpExtTCPOFODrop                110                0.0
TcpExtTCPOFOMerge               1                  0.0
TcpExtTCPFromZeroWindowAdv      3025               0.0
TcpExtTCPToZeroWindowAdv        2985               0.0
TcpExtTCPWantZeroWindowAdv      3968               0.0
TcpExtTCPSynRetrans             417                0.0
TcpExtTCPACKSkippedSeq          25079              0.0
TcpExtTCPAckCompressed          224                0.0
TcpExtTCPZeroWindowDrop         39                 0.0
TcpExtTCPRcvQDrop               41                 0.0
TcpExtTCPWqueueTooBig           0                  0.0
TcpExtTCPDSACKRecvSegs          954                0.0
CTR_T 1791628524.037596143
TcpInSegs                       2509750941         0.0
TcpOutSegs                      728991576          0.0
TcpRetransSegs                  4609               0.0
TcpInErrs                       40                 0.0
TcpExtPruneCalled               290                0.0
TcpExtRcvPruned                 151                0.0
TcpExtOfoPruned                 5                  0.0
TcpExtDelayedACKs               3852               0.0
TcpExtDelayedACKLocked          0                  0.0
TcpExtTCPPureAcks               13707729           0.0
TcpExtTCPHPAcks                 14955286           0.0
TcpExtTCPFastRetrans            2835               0.0
TcpExtTCPTimeouts               767                0.0
TcpExtTCPLossProbes             1220               0.0
TcpExtTCPRcvCollapsed           0                  0.0
TcpExtTCPDSACKRecv              880                0.0
TcpExtTCPDSACKOfoRecv           74                 0.0
TcpExtTCPMemoryPressures        0                  0.0
TcpExtTCPMemoryPressuresChrono  0                  0.0
TcpExtTCPBacklogDrop            0                  0.0
TcpExtTCPOFOQueue               16554              0.0
TcpExtTCPOFODrop                110                0.0
TcpExtTCPOFOMerge               1                  0.0
TcpExtTCPFromZeroWindowAdv      3025               0.0
TcpExtTCPToZeroWindowAdv        2985               0.0
TcpExtTCPWantZeroWindowAdv      3968               0.0
TcpExtTCPSynRetrans             417                0.0
TcpExtTCPACKSkippedSeq          25079              0.0
TcpExtTCPAckCompressed          224                0.0
TcpExtTCPZeroWindowDrop         39                 0.0
TcpExtTCPRcvQDrop               41                 0.0
TcpExtTCPWqueueTooBig           0                  0.0
TcpExtTCPDSACKRecvSegs          954                0.0
CTR_T 1791628524.241873022
TcpInSegs                       2509750952         0.0
TcpOutSegs                      728991599          0.0
TcpRetransSegs                  4609               0.0
TcpInErrs                       40                 0.0
TcpExtPruneCalled               290                0.0
TcpExtRcvPruned                 151                0.0
TcpExtOfoPruned                 5                  0.0
TcpExtDelayedACKs               3852               0.0
TcpExtDelayedACKLocked          0                  0.0
TcpExtTCPPureAcks               13707737           0.0
TcpExtTCPHPAcks                 14955289           0.0
TcpExtTCPFastRetrans            2835               0.0
TcpExtTCPTimeouts               767                0.0
TcpExtTCPLossProbes             1220               0.0
TcpExtTCPRcvCollapsed           0                  0.0
TcpExtTCPDSACKRecv              880                0.0
TcpExtTCPDSACKOfoRecv           74                 0.0
TcpExtTCPMemoryPressures        0                  0.0
TcpExtTCPMemoryPressuresChrono  0                  0.0
TcpExtTCPBacklogDrop            0                  0.0
TcpExtTCPOFOQueue               16554              0.0
TcpExtTCPOFODrop                110                0.0
TcpExtTCPOFOMerge               1                  0.0
TcpExtTCPFromZeroWindowAdv      3025               0.0
TcpExtTCPToZeroWindowAdv        2985               0.0
TcpExtTCPWantZeroWindowAdv      3968               0.0
TcpExtTCPSynRetrans             417                0.0
TcpExtTCPACKSkippedSeq          25079              0.0
TcpExtTCPAckCompressed          224                0.0
TcpExtTCPZeroWindowDrop         39                 0.0
TcpExtTCPRcvQDrop               41                 0.0
TcpExtTCPWqueueTooBig           0                  0.0
TcpExtTCPDSACKRecvSegs          954                0.0
CTR_T 1791628524.447182302
TcpInSegs                       2509750965         0.0
TcpOutSegs                      728991627          0.0
TcpRetransSegs                  4609               0.0
TcpInErrs                       40                 0.0
TcpExtPruneCalled               290                0.0
TcpExtRcvPruned                 151                0.0
TcpExtOfoPruned                 5                  0.0
TcpExtDelayedACKs               3852               0.0
TcpExtDelayedACKLocked          0                  0.0
TcpExtTCPPureAcks               13707746           0.0
TcpExtTCPHPAcks                 14955293           0.0
TcpExtTCPFastRetrans            2835               0.0
TcpExtTCPTimeouts               767                0.0
TcpExtTCPLossProbes             1220               0.0
TcpExtTCPRcvCollapsed           0                  0.0
TcpExtTCPDSACKRecv              880                0.0
TcpExtTCPDSACKOfoRecv           74                 0.0
TcpExtTCPMemoryPressures        0                  0.0
TcpExtTCPMemoryPressuresChrono  0                  0.0
TcpExtTCPBacklogDrop            0                  0.0
TcpExtTCPOFOQueue               16554              0.0
TcpExtTCPOFODrop                110                0.0
TcpExtTCPOFOMerge               1                  0.0
TcpExtTCPFromZeroWindowAdv      3025               0.0
TcpExtTCPToZeroWindowAdv        2985               0.0
TcpExtTCPWantZeroWindowAdv      3968               0.0
TcpExtTCPSynRetrans             417                0.0
TcpExtTCPACKSkippedSeq          25079              0.0
TcpExtTCPAckCompressed          224                0.0
TcpExtTCPZeroWindowDrop         39                 0.0
TcpExtTCPRcvQDrop               41                 0.0
TcpExtTCPWqueueTooBig           0                  0.0
TcpExtTCPDSACKRecvSegs          954                0.0
CTR_T 1791628524.651783601
TcpInSegs                       2509750977         0.0
TcpOutSegs                      728991651          0.0
TcpRetransSegs                  4609               0.0
TcpInErrs                       40                 0.0
TcpExtPruneCalled               290                0.0
TcpExtRcvPruned                 151                0.0
TcpExtOfoPruned                 5                  0.0
TcpExtDelayedACKs               3852               0.0
TcpExtDelayedACKLocked          0                  0.0
TcpExtTCPPureAcks               13707755           0.0
TcpExtTCPHPAcks                 14955296           0.0
TcpExtTCPFastRetrans            2835               0.0
TcpExtTCPTimeouts               767                0.0
TcpExtTCPLossProbes             1220               0.0
TcpExtTCPRcvCollapsed           0                  0.0
TcpExtTCPDSACKRecv              880                0.0
TcpExtTCPDSACKOfoRecv           74                 0.0
TcpExtTCPMemoryPressures        0                  0.0
TcpExtTCPMemoryPressuresChrono  0                  0.0
TcpExtTCPBacklogDrop            0                  0.0
TcpExtTCPOFOQueue               16554              0.0
TcpExtTCPOFODrop                110                0.0
TcpExtTCPOFOMerge               1                  0.0
TcpExtTCPFromZeroWindowAdv      3025               0.0
TcpExtTCPToZeroWindowAdv        2985               0.0
TcpExtTCPWantZeroWindowAdv      3968               0.0
TcpExtTCPSynRetrans             417                0.0
TcpExtTCPACKSkippedSeq          25079              0.0
TcpExtTCPAckCompressed          224                0.0
TcpExtTCPZeroWindowDrop         39                 0.0
TcpExtTCPRcvQDrop               41                 0.0
TcpExtTCPWqueueTooBig           0                  0.0
TcpExtTCPDSACKRecvSegs          954                0.0
CTR_T 1791628524.856608121
TcpInSegs                       2509750991         0.0
TcpOutSegs                      728991678          0.0
TcpRetransSegs                  4609               0.0
TcpInErrs                       40                 0.0
TcpExtPruneCalled               290                0.0
TcpExtRcvPruned                 151                0.0
TcpExtOfoPruned                 5                  0.0
TcpExtDelayedACKs               3852               0.0
TcpExtDelayedACKLocked          0                  0.0
TcpExtTCPPureAcks               13707766           0.0
TcpExtTCPHPAcks                 14955299           0.0
TcpExtTCPFastRetrans            2835               0.0
TcpExtTCPTimeouts               767                0.0
TcpExtTCPLossProbes             1220               0.0
TcpExtTCPRcvCollapsed           0                  0.0
TcpExtTCPDSACKRecv              880                0.0
TcpExtTCPDSACKOfoRecv           74                 0.0
TcpExtTCPMemoryPressures        0                  0.0
TcpExtTCPMemoryPressuresChrono  0                  0.0
TcpExtTCPBacklogDrop            0                  0.0
TcpExtTCPOFOQueue               16554              0.0
TcpExtTCPOFODrop                110                0.0
TcpExtTCPOFOMerge               1                  0.0
TcpExtTCPFromZeroWindowAdv      3025               0.0
TcpExtTCPToZeroWindowAdv        2985               0.0
TcpExtTCPWantZeroWindowAdv      3968               0.0
TcpExtTCPSynRetrans             417                0.0
TcpExtTCPACKSkippedSeq          25079              0.0
TcpExtTCPAckCompressed          224                0.0
TcpExtTCPZeroWindowDrop         39                 0.0
TcpExtTCPRcvQDrop               41                 0.0
TcpExtTCPWqueueTooBig           0                  0.0
TcpExtTCPDSACKRecvSegs          954                0.0
CTR_T 1791628525.060953501
TcpInSegs                       2509751005         0.0
TcpOutSegs                      728991707          0.0
TcpRetransSegs                  4609               0.0
TcpInErrs                       40                 0.0
TcpExtPruneCalled               290                0.0
TcpExtRcvPruned                 151                0.0
TcpExtOfoPruned                 5                  0.0
TcpExtDelayedACKs               3852               0.0
TcpExtDelayedACKLocked          0                  0.0
TcpExtTCPPureAcks               13707776           0.0
TcpExtTCPHPAcks                 14955303           0.0
TcpExtTCPFastRetrans            2835               0.0
TcpExtTCPTimeouts               767                0.0
TcpExtTCPLossProbes             1220               0.0
TcpExtTCPRcvCollapsed           0                  0.0
TcpExtTCPDSACKRecv              880                0.0
TcpExtTCPDSACKOfoRecv           74                 0.0
TcpExtTCPMemoryPressures        0                  0.0
TcpExtTCPMemoryPressuresChrono  0                  0.0
TcpExtTCPBacklogDrop            0                  0.0
TcpExtTCPOFOQueue               16554              0.0
TcpExtTCPOFODrop                110                0.0
TcpExtTCPOFOMerge               1                  0.0
TcpExtTCPFromZeroWindowAdv      3025               0.0
TcpExtTCPToZeroWindowAdv        2985               0.0
TcpExtTCPWantZeroWindowAdv      3968               0.0
TcpExtTCPSynRetrans             417                0.0
TcpExtTCPACKSkippedSeq          25079              0.0
TcpExtTCPAckCompressed          224                0.0
TcpExtTCPZeroWindowDrop         39                 0.0
TcpExtTCPRcvQDrop               41                 0.0
TcpExtTCPWqueueTooBig           0                  0.0
TcpExtTCPDSACKRecvSegs          954                0.0
CTR_T 1791628525.265006994
TcpInSegs                       2509751020         0.0
TcpOutSegs                      728991735          0.0
TcpRetransSegs                  4609               0.0
TcpInErrs                       40                 0.0
TcpExtPruneCalled               290                0.0
TcpExtRcvPruned                 151                0.0
TcpExtOfoPruned                 5                  0.0
TcpExtDelayedACKs               3852               0.0
TcpExtDelayedACKLocked          0                  0.0
TcpExtTCPPureAcks               13707787           0.0
TcpExtTCPHPAcks                 14955307           0.0
TcpExtTCPFastRetrans            2835               0.0
TcpExtTCPTimeouts               767                0.0
TcpExtTCPLossProbes             1220               0.0
TcpExtTCPRcvCollapsed           0                  0.0
TcpExtTCPDSACKRecv              880                0.0
TcpExtTCPDSACKOfoRecv           74                 0.0
TcpExtTCPMemoryPressures        0                  0.0
TcpExtTCPMemoryPressuresChrono  0                  0.0
TcpExtTCPBacklogDrop            0                  0.0
TcpExtTCPOFOQueue               16554              0.0
TcpExtTCPOFODrop                110                0.0
TcpExtTCPOFOMerge               1                  0.0
TcpExtTCPFromZeroWindowAdv      3025               0.0
TcpExtTCPToZeroWindowAdv        2985               0.0
TcpExtTCPWantZeroWindowAdv      3968               0.0
TcpExtTCPSynRetrans             417                0.0
TcpExtTCPACKSkippedSeq          25079              0.0
TcpExtTCPAckCompressed          224                0.0
TcpExtTCPZeroWindowDrop         39                 0.0
TcpExtTCPRcvQDrop               41                 0.0
TcpExtTCPWqueueTooBig           0                  0.0
TcpExtTCPDSACKRecvSegs          954                0.0
CTR_T 1791628525.470804997
TcpInSegs                       2509751031         0.0
TcpOutSegs                      728991758          0.0
TcpRetransSegs                  4609               0.0
TcpInErrs                       40                 0.0
TcpExtPruneCalled               290                0.0
TcpExtRcvPruned                 151                0.0
TcpExtOfoPruned                 5                  0.0
TcpExtDelayedACKs               3852               0.0
TcpExtDelayedACKLocked          0                  0.0
TcpExtTCPPureAcks               13707795           0.0
TcpExtTCPHPAcks                 14955310           0.0
TcpExtTCPFastRetrans            2835               0.0
TcpExtTCPTimeouts               767                0.0
TcpExtTCPLossProbes             1220               0.0
TcpExtTCPRcvCollapsed           0                  0.0
TcpExtTCPDSACKRecv              880                0.0
TcpExtTCPDSACKOfoRecv           74                 0.0
TcpExtTCPMemoryPressures        0                  0.0
TcpExtTCPMemoryPressuresChrono  0                  0.0
TcpExtTCPBacklogDrop            0                  0.0
TcpExtTCPOFOQueue               16554              0.0
TcpExtTCPOFODrop                110                0.0
TcpExtTCPOFOMerge               1                  0.0
TcpExtTCPFromZeroWindowAdv      3025               0.0
TcpExtTCPToZeroWindowAdv        2985               0.0
TcpExtTCPWantZeroWindowAdv      3968               0.0
TcpExtTCPSynRetrans             417                0.0
TcpExtTCPACKSkippedSeq          25079              0.0
TcpExtTCPAckCompressed          224                0.0
TcpExtTCPZeroWindowDrop         39                 0.0
TcpExtTCPRcvQDrop               41                 0.0
TcpExtTCPWqueueTooBig           0                  0.0
TcpExtTCPDSACKRecvSegs          954                0.0
CTR_T 1791628525.676170943
TcpInSegs                       2509751044         0.0
TcpOutSegs                      728991783          0.0
TcpRetransSegs                  4609               0.0
TcpInErrs                       40                 0.0
TcpExtPruneCalled               290                0.0
TcpExtRcvPruned                 151                0.0
TcpExtOfoPruned                 5                  0.0
TcpExtDelayedACKs               3852               0.0
TcpExtDelayedACKLocked          0                  0.0
TcpExtTCPPureAcks               13707804           0.0
TcpExtTCPHPAcks                 14955314           0.0
TcpExtTCPFastRetrans            2835               0.0
TcpExtTCPTimeouts               767                0.0
TcpExtTCPLossProbes             1220               0.0
TcpExtTCPRcvCollapsed           0                  0.0
TcpExtTCPDSACKRecv              880                0.0
TcpExtTCPDSACKOfoRecv           74                 0.0
TcpExtTCPMemoryPressures        0                  0.0
TcpExtTCPMemoryPressuresChrono  0                  0.0
TcpExtTCPBacklogDrop            0                  0.0
TcpExtTCPOFOQueue               16554              0.0
TcpExtTCPOFODrop                110                0.0
TcpExtTCPOFOMerge               1                  0.0
TcpExtTCPFromZeroWindowAdv      3025               0.0
TcpExtTCPToZeroWindowAdv        2985               0.0
TcpExtTCPWantZeroWindowAdv      3968               0.0
TcpExtTCPSynRetrans             417                0.0
TcpExtTCPACKSkippedSeq          25079              0.0
TcpExtTCPAckCompressed          224                0.0
TcpExtTCPZeroWindowDrop         39                 0.0
TcpExtTCPRcvQDrop               41                 0.0
TcpExtTCPWqueueTooBig           0                  0.0
TcpExtTCPDSACKRecvSegs          954                0.0
CTR_T 1791628525.880913452
TcpInSegs                       2509751056         0.0
TcpOutSegs                      728991807          0.0
TcpRetransSegs                  4609               0.0
TcpInErrs                       40                 0.0
TcpExtPruneCalled               290                0.0
TcpExtRcvPruned                 151                0.0
TcpExtOfoPruned                 5                  0.0
TcpExtDelayedACKs               3852               0.0
TcpExtDelayedACKLocked          0                  0.0
TcpExtTCPPureAcks               13707813           0.0
TcpExtTCPHPAcks                 14955317           0.0
TcpExtTCPFastRetrans            2835               0.0
TcpExtTCPTimeouts               767                0.0
TcpExtTCPLossProbes             1220               0.0
TcpExtTCPRcvCollapsed           0                  0.0
TcpExtTCPDSACKRecv              880                0.0
TcpExtTCPDSACKOfoRecv           74                 0.0
TcpExtTCPMemoryPressures        0                  0.0
TcpExtTCPMemoryPressuresChrono  0                  0.0
TcpExtTCPBacklogDrop            0                  0.0
TcpExtTCPOFOQueue               16554              0.0
TcpExtTCPOFODrop                110                0.0
TcpExtTCPOFOMerge               1                  0.0
TcpExtTCPFromZeroWindowAdv      3025               0.0
TcpExtTCPToZeroWindowAdv        2985               0.0
TcpExtTCPWantZeroWindowAdv      3968               0.0
TcpExtTCPSynRetrans             417                0.0
TcpExtTCPACKSkippedSeq          25079              0.0
TcpExtTCPAckCompressed          224                0.0
TcpExtTCPZeroWindowDrop         39                 0.0
TcpExtTCPRcvQDrop               41                 0.0
TcpExtTCPWqueueTooBig           0                  0.0
TcpExtTCPDSACKRecvSegs          954                0.0
CTR_T 1791628526.085425392
TcpInSegs                       2509751074         0.0
TcpOutSegs                      728991841          0.0
TcpRetransSegs                  4609               0.0
TcpInErrs                       40                 0.0
TcpExtPruneCalled               290                0.0
TcpExtRcvPruned                 151                0.0
TcpExtOfoPruned                 5                  0.0
TcpExtDelayedACKs               3852               0.0
TcpExtDelayedACKLocked          0                  0.0
TcpExtTCPPureAcks               13707825           0.0
TcpExtTCPHPAcks                 14955323           0.0
TcpExtTCPFastRetrans            2835               0.0
TcpExtTCPTimeouts               767                0.0
TcpExtTCPLossProbes             1220               0.0
TcpExtTCPRcvCollapsed           0                  0.0
TcpExtTCPDSACKRecv              880                0.0
TcpExtTCPDSACKOfoRecv           74                 0.0
TcpExtTCPMemoryPressures        0                  0.0
TcpExtTCPMemoryPressuresChrono  0                  0.0
TcpExtTCPBacklogDrop            0                  0.0
TcpExtTCPOFOQueue               16554              0.0
TcpExtTCPOFODrop                110                0.0
TcpExtTCPOFOMerge               1                  0.0
TcpExtTCPFromZeroWindowAdv      3025               0.0
TcpExtTCPToZeroWindowAdv        2985               0.0
TcpExtTCPWantZeroWindowAdv      3968               0.0
TcpExtTCPSynRetrans             417                0.0
TcpExtTCPACKSkippedSeq          25079              0.0
TcpExtTCPAckCompressed          224                0.0
TcpExtTCPZeroWindowDrop         39                 0.0
TcpExtTCPRcvQDrop               41                 0.0
TcpExtTCPWqueueTooBig           0                  0.0
TcpExtTCPDSACKRecvSegs          954                0.0
CTR_T 1791628526.289216052
TcpInSegs                       2509751088         0.0
TcpOutSegs                      728991869          0.0
TcpRetransSegs                  4609               0.0
TcpInErrs                       40                 0.0
TcpExtPruneCalled               290                0.0
TcpExtRcvPruned                 151                0.0
TcpExtOfoPruned                 5                  0.0
TcpExtDelayedACKs               3852               0.0
TcpExtDelayedACKLocked          0                  0.0
TcpExtTCPPureAcks               13707836           0.0
TcpExtTCPHPAcks                 14955326           0.0
TcpExtTCPFastRetrans            2835               0.0
TcpExtTCPTimeouts               767                0.0
TcpExtTCPLossProbes             1220               0.0
TcpExtTCPRcvCollapsed           0                  0.0
TcpExtTCPDSACKRecv              880                0.0
TcpExtTCPDSACKOfoRecv           74                 0.0
TcpExtTCPMemoryPressures        0                  0.0
TcpExtTCPMemoryPressuresChrono  0                  0.0
TcpExtTCPBacklogDrop            0                  0.0
TcpExtTCPOFOQueue               16554              0.0
TcpExtTCPOFODrop                110                0.0
TcpExtTCPOFOMerge               1                  0.0
TcpExtTCPFromZeroWindowAdv      3025               0.0
TcpExtTCPToZeroWindowAdv        2985               0.0
TcpExtTCPWantZeroWindowAdv      3968               0.0
TcpExtTCPSynRetrans             417                0.0
TcpExtTCPACKSkippedSeq          25079              0.0
TcpExtTCPAckCompressed          224                0.0
TcpExtTCPZeroWindowDrop         39                 0.0
TcpExtTCPRcvQDrop               41                 0.0
TcpExtTCPWqueueTooBig           0                  0.0
TcpExtTCPDSACKRecvSegs          954                0.0
CTR_T 1791628526.493783855
TcpInSegs                       2509751102         0.0
TcpOutSegs                      728991897          0.0
TcpRetransSegs                  4609               0.0
TcpInErrs                       40                 0.0
TcpExtPruneCalled               290                0.0
TcpExtRcvPruned                 151                0.0
TcpExtOfoPruned                 5                  0.0
TcpExtDelayedACKs               3852               0.0
TcpExtDelayedACKLocked          0                  0.0
TcpExtTCPPureAcks               13707846           0.0
TcpExtTCPHPAcks                 14955330           0.0
TcpExtTCPFastRetrans            2835               0.0
TcpExtTCPTimeouts               767                0.0
TcpExtTCPLossProbes             1220               0.0
TcpExtTCPRcvCollapsed           0                  0.0
TcpExtTCPDSACKRecv              880                0.0
TcpExtTCPDSACKOfoRecv           74                 0.0
TcpExtTCPMemoryPressures        0                  0.0
TcpExtTCPMemoryPressuresChrono  0                  0.0
TcpExtTCPBacklogDrop            0                  0.0
TcpExtTCPOFOQueue               16554              0.0
TcpExtTCPOFODrop                110                0.0
TcpExtTCPOFOMerge               1                  0.0
TcpExtTCPFromZeroWindowAdv      3025               0.0
TcpExtTCPToZeroWindowAdv        2985               0.0
TcpExtTCPWantZeroWindowAdv      3968               0.0
TcpExtTCPSynRetrans             417                0.0
TcpExtTCPACKSkippedSeq          25079              0.0
TcpExtTCPAckCompressed          224                0.0
TcpExtTCPZeroWindowDrop         39                 0.0
TcpExtTCPRcvQDrop               41                 0.0
TcpExtTCPWqueueTooBig           0                  0.0
TcpExtTCPDSACKRecvSegs          954                0.0
CTR_T 1791628526.698278913
TcpInSegs                       2509751113         0.0
TcpOutSegs                      728991919          0.0
TcpRetransSegs                  4609               0.0
TcpInErrs                       40                 0.0
TcpExtPruneCalled               290                0.0
TcpExtRcvPruned                 151                0.0
TcpExtOfoPruned                 5                  0.0
TcpExtDelayedACKs               3852               0.0
TcpExtDelayedACKLocked          0                  0.0
TcpExtTCPPureAcks               13707853           0.0
TcpExtTCPHPAcks                 14955334           0.0
TcpExtTCPFastRetrans            2835               0.0
TcpExtTCPTimeouts               767                0.0
TcpExtTCPLossProbes             1220               0.0
TcpExtTCPRcvCollapsed           0                  0.0
TcpExtTCPDSACKRecv              880                0.0
TcpExtTCPDSACKOfoRecv           74                 0.0
TcpExtTCPMemoryPressures        0                  0.0
TcpExtTCPMemoryPressuresChrono  0                  0.0
TcpExtTCPBacklogDrop            0                  0.0
TcpExtTCPOFOQueue               16554              0.0
TcpExtTCPOFODrop                110                0.0
TcpExtTCPOFOMerge               1                  0.0
TcpExtTCPFromZeroWindowAdv      3025               0.0
TcpExtTCPToZeroWindowAdv        2985               0.0
TcpExtTCPWantZeroWindowAdv      3968               0.0
TcpExtTCPSynRetrans             417                0.0
TcpExtTCPACKSkippedSeq          25079              0.0
TcpExtTCPAckCompressed          224                0.0
TcpExtTCPZeroWindowDrop         39                 0.0
TcpExtTCPRcvQDrop               41                 0.0
TcpExtTCPWqueueTooBig           0                  0.0
TcpExtTCPDSACKRecvSegs          954                0.0
CTR_T 1791628526.902881747
TcpInSegs                       2509751125         0.0
TcpOutSegs                      728991942          0.0
TcpRetransSegs                  4609               0.0
TcpInErrs                       40                 0.0
TcpExtPruneCalled               290                0.0
TcpExtRcvPruned                 151                0.0
TcpExtOfoPruned                 5                  0.0
TcpExtDelayedACKs               3852               0.0
TcpExtDelayedACKLocked          0                  0.0
TcpExtTCPPureAcks               13707862           0.0
TcpExtTCPHPAcks                 14955337           0.0
TcpExtTCPFastRetrans            2835               0.0
TcpExtTCPTimeouts               767                0.0
TcpExtTCPLossProbes             1220               0.0
TcpExtTCPRcvCollapsed           0                  0.0
TcpExtTCPDSACKRecv              880                0.0
TcpExtTCPDSACKOfoRecv           74                 0.0
TcpExtTCPMemoryPressures        0                  0.0
TcpExtTCPMemoryPressuresChrono  0                  0.0
TcpExtTCPBacklogDrop            0                  0.0
TcpExtTCPOFOQueue               16554              0.0
TcpExtTCPOFODrop                110                0.0
TcpExtTCPOFOMerge               1                  0.0
TcpExtTCPFromZeroWindowAdv      3025               0.0
TcpExtTCPToZeroWindowAdv        2985               0.0
TcpExtTCPWantZeroWindowAdv      3968               0.0
TcpExtTCPSynRetrans             417                0.0
TcpExtTCPACKSkippedSeq          25079              0.0
TcpExtTCPAckCompressed          224                0.0
TcpExtTCPZeroWindowDrop         39                 0.0
TcpExtTCPRcvQDrop               41                 0.0
TcpExtTCPWqueueTooBig           0                  0.0
TcpExtTCPDSACKRecvSegs          954                0.0
CTR_T 1791628527.107689642
TcpInSegs                       2509751137         0.0
TcpOutSegs                      728991967          0.0
TcpRetransSegs                  4609               0.0
TcpInErrs                       40                 0.0
TcpExtPruneCalled               290                0.0
TcpExtRcvPruned                 151                0.0
TcpExtOfoPruned                 5                  0.0
TcpExtDelayedACKs               3852               0.0
TcpExtDelayedACKLocked          0                  0.0
TcpExtTCPPureAcks               13707871           0.0
TcpExtTCPHPAcks                 14955340           0.0
TcpExtTCPFastRetrans            2835               0.0
TcpExtTCPTimeouts               767                0.0
TcpExtTCPLossProbes             1220               0.0
TcpExtTCPRcvCollapsed           0                  0.0
TcpExtTCPDSACKRecv              880                0.0
TcpExtTCPDSACKOfoRecv           74                 0.0
TcpExtTCPMemoryPressures        0                  0.0
TcpExtTCPMemoryPressuresChrono  0                  0.0
TcpExtTCPBacklogDrop            0                  0.0
TcpExtTCPOFOQueue               16554              0.0
TcpExtTCPOFODrop                110                0.0
TcpExtTCPOFOMerge               1                  0.0
TcpExtTCPFromZeroWindowAdv      3025               0.0
TcpExtTCPToZeroWindowAdv        2985               0.0
TcpExtTCPWantZeroWindowAdv      3968               0.0
TcpExtTCPSynRetrans             417                0.0
TcpExtTCPACKSkippedSeq          25079              0.0
TcpExtTCPAckCompressed          224                0.0
TcpExtTCPZeroWindowDrop         39                 0.0
TcpExtTCPRcvQDrop               41                 0.0
TcpExtTCPWqueueTooBig           0                  0.0
TcpExtTCPDSACKRecvSegs          954                0.0
CTR_T 1791628527.312978940
TcpInSegs                       2509751151         0.0
TcpOutSegs                      728991994          0.0
TcpRetransSegs                  4609               0.0
TcpInErrs                       40                 0.0
TcpExtPruneCalled               290                0.0
TcpExtRcvPruned                 151                0.0
TcpExtOfoPruned                 5                  0.0
TcpExtDelayedACKs               3852               0.0
TcpExtDelayedACKLocked          0                  0.0
TcpExtTCPPureAcks               13707882           0.0
TcpExtTCPHPAcks                 14955343           0.0
TcpExtTCPFastRetrans            2835               0.0
TcpExtTCPTimeouts               767                0.0
TcpExtTCPLossProbes             1220               0.0
TcpExtTCPRcvCollapsed           0                  0.0
TcpExtTCPDSACKRecv              880                0.0
TcpExtTCPDSACKOfoRecv           74                 0.0
TcpExtTCPMemoryPressures        0                  0.0
TcpExtTCPMemoryPressuresChrono  0                  0.0
TcpExtTCPBacklogDrop            0                  0.0
TcpExtTCPOFOQueue               16554              0.0
TcpExtTCPOFODrop                110                0.0
TcpExtTCPOFOMerge               1                  0.0
TcpExtTCPFromZeroWindowAdv      3025               0.0
TcpExtTCPToZeroWindowAdv        2985               0.0
TcpExtTCPWantZeroWindowAdv      3968               0.0
TcpExtTCPSynRetrans             417                0.0
TcpExtTCPACKSkippedSeq          25079              0.0
TcpExtTCPAckCompressed          224                0.0
TcpExtTCPZeroWindowDrop         39                 0.0
TcpExtTCPRcvQDrop               41                 0.0
TcpExtTCPWqueueTooBig           0                  0.0
TcpExtTCPDSACKRecvSegs          954                0.0
CTR_T 1791628527.516594398
TcpInSegs                       2509751166         0.0
TcpOutSegs                      728992024          0.0
TcpRetransSegs                  4609               0.0
TcpInErrs                       40                 0.0
TcpExtPruneCalled               290                0.0
TcpExtRcvPruned                 151                0.0
TcpExtOfoPruned                 5                  0.0
TcpExtDelayedACKs               3852               0.0
TcpExtDelayedACKLocked          0                  0.0
TcpExtTCPPureAcks               13707892           0.0
TcpExtTCPHPAcks                 14955348           0.0
TcpExtTCPFastRetrans            2835               0.0
TcpExtTCPTimeouts               767                0.0
TcpExtTCPLossProbes             1220               0.0
TcpExtTCPRcvCollapsed           0                  0.0
TcpExtTCPDSACKRecv              880                0.0
TcpExtTCPDSACKOfoRecv           74                 0.0
TcpExtTCPMemoryPressures        0                  0.0
TcpExtTCPMemoryPressuresChrono  0                  0.0
TcpExtTCPBacklogDrop            0                  0.0
TcpExtTCPOFOQueue               16554              0.0
TcpExtTCPOFODrop                110                0.0
TcpExtTCPOFOMerge               1                  0.0
TcpExtTCPFromZeroWindowAdv      3025               0.0
TcpExtTCPToZeroWindowAdv        2985               0.0
TcpExtTCPWantZeroWindowAdv      3968               0.0
TcpExtTCPSynRetrans             417                0.0
TcpExtTCPACKSkippedSeq          25079              0.0
TcpExtTCPAckCompressed          224                0.0
TcpExtTCPZeroWindowDrop         39                 0.0
TcpExtTCPRcvQDrop               41                 0.0
TcpExtTCPWqueueTooBig           0                  0.0
TcpExtTCPDSACKRecvSegs          954                0.0
CTR_T 1791628527.721379700
TcpInSegs                       2509751180         0.0
TcpOutSegs                      728992050          0.0
TcpRetransSegs                  4609               0.0
TcpInErrs                       40                 0.0
TcpExtPruneCalled               290                0.0
TcpExtRcvPruned                 151                0.0
TcpExtOfoPruned                 5                  0.0
TcpExtDelayedACKs               3852               0.0
TcpExtDelayedACKLocked          0                  0.0
TcpExtTCPPureAcks               13707903           0.0
TcpExtTCPHPAcks                 14955351           0.0
TcpExtTCPFastRetrans            2835               0.0
TcpExtTCPTimeouts               767                0.0
TcpExtTCPLossProbes             1220               0.0
TcpExtTCPRcvCollapsed           0                  0.0
TcpExtTCPDSACKRecv              880                0.0
TcpExtTCPDSACKOfoRecv           74                 0.0
TcpExtTCPMemoryPressures        0                  0.0
TcpExtTCPMemoryPressuresChrono  0                  0.0
TcpExtTCPBacklogDrop            0                  0.0
TcpExtTCPOFOQueue               16554              0.0
TcpExtTCPOFODrop                110                0.0
TcpExtTCPOFOMerge               1                  0.0
TcpExtTCPFromZeroWindowAdv      3025               0.0
TcpExtTCPToZeroWindowAdv        2985               0.0
TcpExtTCPWantZeroWindowAdv      3968               0.0
TcpExtTCPSynRetrans             417                0.0
TcpExtTCPACKSkippedSeq          25079              0.0
TcpExtTCPAckCompressed          224                0.0
TcpExtTCPZeroWindowDrop         39                 0.0
TcpExtTCPRcvQDrop               41                 0.0
TcpExtTCPWqueueTooBig           0                  0.0
TcpExtTCPDSACKRecvSegs          954                0.0
CTR_T 1791628527.925991813
TcpInSegs                       2509751192         0.0
TcpOutSegs                      728992074          0.0
TcpRetransSegs                  4609               0.0
TcpInErrs                       40                 0.0
TcpExtPruneCalled               290                0.0
TcpExtRcvPruned                 151                0.0
TcpExtOfoPruned                 5                  0.0
TcpExtDelayedACKs               3852               0.0
TcpExtDelayedACKLocked          0                  0.0
TcpExtTCPPureAcks               13707911           0.0
TcpExtTCPHPAcks                 14955354           0.0
TcpExtTCPFastRetrans            2835               0.0
TcpExtTCPTimeouts               767                0.0
TcpExtTCPLossProbes             1220               0.0
TcpExtTCPRcvCollapsed           0                  0.0
TcpExtTCPDSACKRecv              880                0.0
TcpExtTCPDSACKOfoRecv           74                 0.0
TcpExtTCPMemoryPressures        0                  0.0
TcpExtTCPMemoryPressuresChrono  0                  0.0
TcpExtTCPBacklogDrop            0                  0.0
TcpExtTCPOFOQueue               16554              0.0
TcpExtTCPOFODrop                110                0.0
TcpExtTCPOFOMerge               1                  0.0
TcpExtTCPFromZeroWindowAdv      3025               0.0
TcpExtTCPToZeroWindowAdv        2985               0.0
TcpExtTCPWantZeroWindowAdv      3968               0.0
TcpExtTCPSynRetrans             417                0.0
TcpExtTCPACKSkippedSeq          25079              0.0
TcpExtTCPAckCompressed          224                0.0
TcpExtTCPZeroWindowDrop         39                 0.0
TcpExtTCPRcvQDrop               41                 0.0
TcpExtTCPWqueueTooBig           0                  0.0
TcpExtTCPDSACKRecvSegs          954                0.0
CTR_T 1791628528.131022580
TcpInSegs                       2509751203         0.0
TcpOutSegs                      728992098          0.0
TcpRetransSegs                  4609               0.0
TcpInErrs                       40                 0.0
TcpExtPruneCalled               290                0.0
TcpExtRcvPruned                 151                0.0
TcpExtOfoPruned                 5                  0.0
TcpExtDelayedACKs               3852               0.0
TcpExtDelayedACKLocked          0                  0.0
TcpExtTCPPureAcks               13707920           0.0
TcpExtTCPHPAcks                 14955357           0.0
TcpExtTCPFastRetrans            2835               0.0
TcpExtTCPTimeouts               767                0.0
TcpExtTCPLossProbes             1220               0.0
TcpExtTCPRcvCollapsed           0                  0.0
TcpExtTCPDSACKRecv              880                0.0
TcpExtTCPDSACKOfoRecv           74                 0.0
TcpExtTCPMemoryPressures        0                  0.0
TcpExtTCPMemoryPressuresChrono  0                  0.0
TcpExtTCPBacklogDrop            0                  0.0
TcpExtTCPOFOQueue               16554              0.0
TcpExtTCPOFODrop                110                0.0
TcpExtTCPOFOMerge               1                  0.0
TcpExtTCPFromZeroWindowAdv      3025               0.0
TcpExtTCPToZeroWindowAdv        2985               0.0
TcpExtTCPWantZeroWindowAdv      3968               0.0
TcpExtTCPSynRetrans             417                0.0
TcpExtTCPACKSkippedSeq          25079              0.0
TcpExtTCPAckCompressed          224                0.0
TcpExtTCPZeroWindowDrop         39                 0.0
TcpExtTCPRcvQDrop               41                 0.0
TcpExtTCPWqueueTooBig           0                  0.0
TcpExtTCPDSACKRecvSegs          954                0.0
CTR_T 1791628528.335740339
TcpInSegs                       2509751217         0.0
TcpOutSegs                      728992124          0.0
TcpRetransSegs                  4609               0.0
TcpInErrs                       40                 0.0
TcpExtPruneCalled               290                0.0
TcpExtRcvPruned                 151                0.0
TcpExtOfoPruned                 5                  0.0
TcpExtDelayedACKs               3852               0.0
TcpExtDelayedACKLocked          0                  0.0
TcpExtTCPPureAcks               13707930           0.0
TcpExtTCPHPAcks                 14955361           0.0
TcpExtTCPFastRetrans            2835               0.0
TcpExtTCPTimeouts               767                0.0
TcpExtTCPLossProbes             1220               0.0
TcpExtTCPRcvCollapsed           0                  0.0
TcpExtTCPDSACKRecv              880                0.0
TcpExtTCPDSACKOfoRecv           74                 0.0
TcpExtTCPMemoryPressures        0                  0.0
TcpExtTCPMemoryPressuresChrono  0                  0.0
TcpExtTCPBacklogDrop            0                  0.0
TcpExtTCPOFOQueue               16554              0.0
TcpExtTCPOFODrop                110                0.0
TcpExtTCPOFOMerge               1                  0.0
TcpExtTCPFromZeroWindowAdv      3025               0.0
TcpExtTCPToZeroWindowAdv        2985               0.0
TcpExtTCPWantZeroWindowAdv      3968               0.0
TcpExtTCPSynRetrans             417                0.0
TcpExtTCPACKSkippedSeq          25079              0.0
TcpExtTCPAckCompressed          224                0.0
TcpExtTCPZeroWindowDrop         39                 0.0
TcpExtTCPRcvQDrop               41                 0.0
TcpExtTCPWqueueTooBig           0                  0.0
TcpExtTCPDSACKRecvSegs          954                0.0
CTR_T 1791628528.539516439
TcpInSegs                       2509751231         0.0
TcpOutSegs                      728992152          0.0
TcpRetransSegs                  4609               0.0
TcpInErrs                       40                 0.0
TcpExtPruneCalled               290                0.0
TcpExtRcvPruned                 151                0.0
TcpExtOfoPruned                 5                  0.0
TcpExtDelayedACKs               3852               0.0
TcpExtDelayedACKLocked          0                  0.0
TcpExtTCPPureAcks               13707941           0.0
TcpExtTCPHPAcks                 14955364           0.0
TcpExtTCPFastRetrans            2835               0.0
TcpExtTCPTimeouts               767                0.0
TcpExtTCPLossProbes             1220               0.0
TcpExtTCPRcvCollapsed           0                  0.0
TcpExtTCPDSACKRecv              880                0.0
TcpExtTCPDSACKOfoRecv           74                 0.0
TcpExtTCPMemoryPressures        0                  0.0
TcpExtTCPMemoryPressuresChrono  0                  0.0
TcpExtTCPBacklogDrop            0                  0.0
TcpExtTCPOFOQueue               16554              0.0
TcpExtTCPOFODrop                110                0.0
TcpExtTCPOFOMerge               1                  0.0
TcpExtTCPFromZeroWindowAdv      3025               0.0
TcpExtTCPToZeroWindowAdv        2985               0.0
TcpExtTCPWantZeroWindowAdv      3968               0.0
TcpExtTCPSynRetrans             417                0.0
TcpExtTCPACKSkippedSeq          25079              0.0
TcpExtTCPAckCompressed          224                0.0
TcpExtTCPZeroWindowDrop         39                 0.0
TcpExtTCPRcvQDrop               41                 0.0
TcpExtTCPWqueueTooBig           0                  0.0
TcpExtTCPDSACKRecvSegs          954                0.0
CTR_T 1791628528.743263974
TcpInSegs                       2509751245         0.0
TcpOutSegs                      728992180          0.0
TcpRetransSegs                  4609               0.0
TcpInErrs                       40                 0.0
TcpExtPruneCalled               290                0.0
TcpExtRcvPruned                 151                0.0
TcpExtOfoPruned                 5                  0.0
TcpExtDelayedACKs               3852               0.0
TcpExtDelayedACKLocked          0                  0.0
TcpExtTCPPureAcks               13707951           0.0
TcpExtTCPHPAcks                 14955368           0.0
TcpExtTCPFastRetrans            2835               0.0
TcpExtTCPTimeouts               767                0.0
TcpExtTCPLossProbes             1220               0.0
TcpExtTCPRcvCollapsed           0                  0.0
TcpExtTCPDSACKRecv              880                0.0
TcpExtTCPDSACKOfoRecv           74                 0.0
TcpExtTCPMemoryPressures        0                  0.0
TcpExtTCPMemoryPressuresChrono  0                  0.0
TcpExtTCPBacklogDrop            0                  0.0
TcpExtTCPOFOQueue               16554              0.0
TcpExtTCPOFODrop                110                0.0
TcpExtTCPOFOMerge               1                  0.0
TcpExtTCPFromZeroWindowAdv      3025               0.0
TcpExtTCPToZeroWindowAdv        2985               0.0
TcpExtTCPWantZeroWindowAdv      3968               0.0
TcpExtTCPSynRetrans             417                0.0
TcpExtTCPACKSkippedSeq          25079              0.0
TcpExtTCPAckCompressed          224                0.0
TcpExtTCPZeroWindowDrop         39                 0.0
TcpExtTCPRcvQDrop               41                 0.0
TcpExtTCPWqueueTooBig           0                  0.0
TcpExtTCPDSACKRecvSegs          954                0.0
CTR_T 1791628528.947834973
TcpInSegs                       2509751257         0.0
TcpOutSegs                      728992204          0.0
TcpRetransSegs                  4609               0.0
TcpInErrs                       40                 0.0
TcpExtPruneCalled               290                0.0
TcpExtRcvPruned                 151                0.0
TcpExtOfoPruned                 5                  0.0
TcpExtDelayedACKs               3852               0.0
TcpExtDelayedACKLocked          0                  0.0
TcpExtTCPPureAcks               13707960           0.0
TcpExtTCPHPAcks                 14955371           0.0
TcpExtTCPFastRetrans            2835               0.0
TcpExtTCPTimeouts               767                0.0
TcpExtTCPLossProbes             1220               0.0
TcpExtTCPRcvCollapsed           0                  0.0
TcpExtTCPDSACKRecv              880                0.0
TcpExtTCPDSACKOfoRecv           74                 0.0
TcpExtTCPMemoryPressures        0                  0.0
TcpExtTCPMemoryPressuresChrono  0                  0.0
TcpExtTCPBacklogDrop            0                  0.0
TcpExtTCPOFOQueue               16554              0.0
TcpExtTCPOFODrop                110                0.0
TcpExtTCPOFOMerge               1                  0.0
TcpExtTCPFromZeroWindowAdv      3025               0.0
TcpExtTCPToZeroWindowAdv        2985               0.0
TcpExtTCPWantZeroWindowAdv      3968               0.0
TcpExtTCPSynRetrans             417                0.0
TcpExtTCPACKSkippedSeq          25079              0.0
TcpExtTCPAckCompressed          224                0.0
TcpExtTCPZeroWindowDrop         39                 0.0
TcpExtTCPRcvQDrop               41                 0.0
TcpExtTCPWqueueTooBig           0                  0.0
TcpExtTCPDSACKRecvSegs          954                0.0
CTR_T 1791628529.152473529
TcpInSegs                       2509751269         0.0
TcpOutSegs                      728992229          0.0
TcpRetransSegs                  4609               0.0
TcpInErrs                       40                 0.0
TcpExtPruneCalled               290                0.0
TcpExtRcvPruned                 151                0.0
TcpExtOfoPruned                 5                  0.0
TcpExtDelayedACKs               3852               0.0
TcpExtDelayedACKLocked          0                  0.0
TcpExtTCPPureAcks               13707968           0.0
TcpExtTCPHPAcks                 14955374           0.0
TcpExtTCPFastRetrans            2835               0.0
TcpExtTCPTimeouts               767                0.0
TcpExtTCPLossProbes             1220               0.0
TcpExtTCPRcvCollapsed           0                  0.0
TcpExtTCPDSACKRecv              880                0.0
TcpExtTCPDSACKOfoRecv           74                 0.0
TcpExtTCPMemoryPressures        0                  0.0
TcpExtTCPMemoryPressuresChrono  0                  0.0
TcpExtTCPBacklogDrop            0                  0.0
TcpExtTCPOFOQueue               16554              0.0
TcpExtTCPOFODrop                110                0.0
TcpExtTCPOFOMerge               1                  0.0
TcpExtTCPFromZeroWindowAdv      3025               0.0
TcpExtTCPToZeroWindowAdv        2985               0.0
TcpExtTCPWantZeroWindowAdv      3968               0.0
TcpExtTCPSynRetrans             417                0.0
TcpExtTCPACKSkippedSeq          25079              0.0
TcpExtTCPAckCompressed          224                0.0
TcpExtTCPZeroWindowDrop         39                 0.0
TcpExtTCPRcvQDrop               41                 0.0
TcpExtTCPWqueueTooBig           0                  0.0
TcpExtTCPDSACKRecvSegs          954                0.0
CTR_T 1791628529.357910232
TcpInSegs                       2509751281         0.0
TcpOutSegs                      728992254          0.0
TcpRetransSegs                  4609               0.0
TcpInErrs                       40                 0.0
TcpExtPruneCalled               290                0.0
TcpExtRcvPruned                 151                0.0
TcpExtOfoPruned                 5                  0.0
TcpExtDelayedACKs               3852               0.0
TcpExtDelayedACKLocked          0                  0.0
TcpExtTCPPureAcks               13707977           0.0
TcpExtTCPHPAcks                 14955377           0.0
TcpExtTCPFastRetrans            2835               0.0
TcpExtTCPTimeouts               767                0.0
TcpExtTCPLossProbes             1220               0.0
TcpExtTCPRcvCollapsed           0                  0.0
TcpExtTCPDSACKRecv              880                0.0
TcpExtTCPDSACKOfoRecv           74                 0.0
TcpExtTCPMemoryPressures        0                  0.0
TcpExtTCPMemoryPressuresChrono  0                  0.0
TcpExtTCPBacklogDrop            0                  0.0
TcpExtTCPOFOQueue               16554              0.0
TcpExtTCPOFODrop                110                0.0
TcpExtTCPOFOMerge               1                  0.0
TcpExtTCPFromZeroWindowAdv      3025               0.0
TcpExtTCPToZeroWindowAdv        2985               0.0
TcpExtTCPWantZeroWindowAdv      3968               0.0
TcpExtTCPSynRetrans             417                0.0
TcpExtTCPACKSkippedSeq          25079              0.0
TcpExtTCPAckCompressed          224                0.0
TcpExtTCPZeroWindowDrop         39                 0.0
TcpExtTCPRcvQDrop               41                 0.0
TcpExtTCPWqueueTooBig           0                  0.0
TcpExtTCPDSACKRecvSegs          954                0.0
CTR_T 1791628529.561893899
TcpInSegs                       2509751295         0.0
TcpOutSegs                      728992280          0.0
TcpRetransSegs                  4609               0.0
TcpInErrs                       40                 0.0
TcpExtPruneCalled               290                0.0
TcpExtRcvPruned                 151                0.0
TcpExtOfoPruned                 5                  0.0
TcpExtDelayedACKs               3852               0.0
TcpExtDelayedACKLocked          0                  0.0
TcpExtTCPPureAcks               13707988           0.0
TcpExtTCPHPAcks                 14955380           0.0
TcpExtTCPFastRetrans            2835               0.0
TcpExtTCPTimeouts               767                0.0
TcpExtTCPLossProbes             1220               0.0
TcpExtTCPRcvCollapsed           0                  0.0
TcpExtTCPDSACKRecv              880                0.0
TcpExtTCPDSACKOfoRecv           74                 0.0
TcpExtTCPMemoryPressures        0                  0.0
TcpExtTCPMemoryPressuresChrono  0                  0.0
TcpExtTCPBacklogDrop            0                  0.0
TcpExtTCPOFOQueue               16554              0.0
TcpExtTCPOFODrop                110                0.0
TcpExtTCPOFOMerge               1                  0.0
TcpExtTCPFromZeroWindowAdv      3025               0.0
TcpExtTCPToZeroWindowAdv        2985               0.0
TcpExtTCPWantZeroWindowAdv      3968               0.0
TcpExtTCPSynRetrans             417                0.0
TcpExtTCPACKSkippedSeq          25079              0.0
TcpExtTCPAckCompressed          224                0.0
TcpExtTCPZeroWindowDrop         39                 0.0
TcpExtTCPRcvQDrop               41                 0.0
TcpExtTCPWqueueTooBig           0                  0.0
TcpExtTCPDSACKRecvSegs          954                0.0
CTR_T 1791628529.765538098
TcpInSegs                       2509751309         0.0
TcpOutSegs                      728992308          0.0
TcpRetransSegs                  4609               0.0
TcpInErrs                       40                 0.0
TcpExtPruneCalled               290                0.0
TcpExtRcvPruned                 151                0.0
TcpExtOfoPruned                 5                  0.0
TcpExtDelayedACKs               3852               0.0
TcpExtDelayedACKLocked          0                  0.0
TcpExtTCPPureAcks               13707998           0.0
TcpExtTCPHPAcks                 14955384           0.0
TcpExtTCPFastRetrans            2835               0.0
TcpExtTCPTimeouts               767                0.0
TcpExtTCPLossProbes             1220               0.0
TcpExtTCPRcvCollapsed           0                  0.0
TcpExtTCPDSACKRecv              880                0.0
TcpExtTCPDSACKOfoRecv           74                 0.0
TcpExtTCPMemoryPressures        0                  0.0
TcpExtTCPMemoryPressuresChrono  0                  0.0
TcpExtTCPBacklogDrop            0                  0.0
TcpExtTCPOFOQueue               16554              0.0
TcpExtTCPOFODrop                110                0.0
TcpExtTCPOFOMerge               1                  0.0
TcpExtTCPFromZeroWindowAdv      3025               0.0
TcpExtTCPToZeroWindowAdv        2985               0.0
TcpExtTCPWantZeroWindowAdv      3968               0.0
TcpExtTCPSynRetrans             417                0.0
TcpExtTCPACKSkippedSeq          25079              0.0
TcpExtTCPAckCompressed          224                0.0
TcpExtTCPZeroWindowDrop         39                 0.0
TcpExtTCPRcvQDrop               41                 0.0
TcpExtTCPWqueueTooBig           0                  0.0
TcpExtTCPDSACKRecvSegs          954                0.0
CTR_T 1791628529.969148019
TcpInSegs                       2509751323         0.0
TcpOutSegs                      728992336          0.0
TcpRetransSegs                  4609               0.0
TcpInErrs                       40                 0.0
TcpExtPruneCalled               290                0.0
TcpExtRcvPruned                 151                0.0
TcpExtOfoPruned                 5                  0.0
TcpExtDelayedACKs               3852               0.0
TcpExtDelayedACKLocked          0                  0.0
TcpExtTCPPureAcks               13708009           0.0
TcpExtTCPHPAcks                 14955387           0.0
TcpExtTCPFastRetrans            2835               0.0
TcpExtTCPTimeouts               767                0.0
TcpExtTCPLossProbes             1220               0.0
TcpExtTCPRcvCollapsed           0                  0.0
TcpExtTCPDSACKRecv              880                0.0
TcpExtTCPDSACKOfoRecv           74                 0.0
TcpExtTCPMemoryPressures        0                  0.0
TcpExtTCPMemoryPressuresChrono  0                  0.0
TcpExtTCPBacklogDrop            0                  0.0
TcpExtTCPOFOQueue               16554              0.0
TcpExtTCPOFODrop                110                0.0
TcpExtTCPOFOMerge               1                  0.0
TcpExtTCPFromZeroWindowAdv      3025               0.0
TcpExtTCPToZeroWindowAdv        2985               0.0
TcpExtTCPWantZeroWindowAdv      3968               0.0
TcpExtTCPSynRetrans             417                0.0
TcpExtTCPACKSkippedSeq          25079              0.0
TcpExtTCPAckCompressed          224                0.0
TcpExtTCPZeroWindowDrop         39                 0.0
TcpExtTCPRcvQDrop               41                 0.0
TcpExtTCPWqueueTooBig           0                  0.0
TcpExtTCPDSACKRecvSegs          954                0.0
CTR_T 1791628530.172827468
TcpInSegs                       2509751336         0.0
TcpOutSegs                      728992362          0.0
TcpRetransSegs                  4609               0.0
TcpInErrs                       40                 0.0
TcpExtPruneCalled               290                0.0
TcpExtRcvPruned                 151                0.0
TcpExtOfoPruned                 5                  0.0
TcpExtDelayedACKs               3852               0.0
TcpExtDelayedACKLocked          0                  0.0
TcpExtTCPPureAcks               13708018           0.0
TcpExtTCPHPAcks                 14955391           0.0
TcpExtTCPFastRetrans            2835               0.0
TcpExtTCPTimeouts               767                0.0
TcpExtTCPLossProbes             1220               0.0
TcpExtTCPRcvCollapsed           0                  0.0
TcpExtTCPDSACKRecv              880                0.0
TcpExtTCPDSACKOfoRecv           74                 0.0
TcpExtTCPMemoryPressures        0                  0.0
TcpExtTCPMemoryPressuresChrono  0                  0.0
TcpExtTCPBacklogDrop            0                  0.0
TcpExtTCPOFOQueue               16554              0.0
TcpExtTCPOFODrop                110                0.0
TcpExtTCPOFOMerge               1                  0.0
TcpExtTCPFromZeroWindowAdv      3025               0.0
TcpExtTCPToZeroWindowAdv        2985               0.0
TcpExtTCPWantZeroWindowAdv      3968               0.0
TcpExtTCPSynRetrans             417                0.0
TcpExtTCPACKSkippedSeq          25079              0.0
TcpExtTCPAckCompressed          224                0.0
TcpExtTCPZeroWindowDrop         39                 0.0
TcpExtTCPRcvQDrop               41                 0.0
TcpExtTCPWqueueTooBig           0                  0.0
TcpExtTCPDSACKRecvSegs          954                0.0
CTR_T 1791628530.377212062
TcpInSegs                       2509751348         0.0
TcpOutSegs                      728992386          0.0
TcpRetransSegs                  4609               0.0
TcpInErrs                       40                 0.0
TcpExtPruneCalled               290                0.0
TcpExtRcvPruned                 151                0.0
TcpExtOfoPruned                 5                  0.0
TcpExtDelayedACKs               3852               0.0
TcpExtDelayedACKLocked          0                  0.0
TcpExtTCPPureAcks               13708027           0.0
TcpExtTCPHPAcks                 14955394           0.0
TcpExtTCPFastRetrans            2835               0.0
TcpExtTCPTimeouts               767                0.0
TcpExtTCPLossProbes             1220               0.0
TcpExtTCPRcvCollapsed           0                  0.0
TcpExtTCPDSACKRecv              880                0.0
TcpExtTCPDSACKOfoRecv           74                 0.0
TcpExtTCPMemoryPressures        0                  0.0
TcpExtTCPMemoryPressuresChrono  0                  0.0
TcpExtTCPBacklogDrop            0                  0.0
TcpExtTCPOFOQueue               16554              0.0
TcpExtTCPOFODrop                110                0.0
TcpExtTCPOFOMerge               1                  0.0
TcpExtTCPFromZeroWindowAdv      3025               0.0
TcpExtTCPToZeroWindowAdv        2985               0.0
TcpExtTCPWantZeroWindowAdv      3968               0.0
TcpExtTCPSynRetrans             417                0.0
TcpExtTCPACKSkippedSeq          25079              0.0
TcpExtTCPAckCompressed          224                0.0
TcpExtTCPZeroWindowDrop         39                 0.0
TcpExtTCPRcvQDrop               41                 0.0
TcpExtTCPWqueueTooBig           0                  0.0
TcpExtTCPDSACKRecvSegs          954                0.0
CTR_T 1791628530.581641316
TcpInSegs                       2509751362         0.0
TcpOutSegs                      728992413          0.0
TcpRetransSegs                  4609               0.0
TcpInErrs                       40                 0.0
TcpExtPruneCalled               290                0.0
TcpExtRcvPruned                 151                0.0
TcpExtOfoPruned                 5                  0.0
TcpExtDelayedACKs               3852               0.0
TcpExtDelayedACKLocked          0                  0.0
TcpExtTCPPureAcks               13708037           0.0
TcpExtTCPHPAcks                 14955398           0.0
TcpExtTCPFastRetrans            2835               0.0
TcpExtTCPTimeouts               767                0.0
TcpExtTCPLossProbes             1220               0.0
TcpExtTCPRcvCollapsed           0                  0.0
TcpExtTCPDSACKRecv              880                0.0
TcpExtTCPDSACKOfoRecv           74                 0.0
TcpExtTCPMemoryPressures        0                  0.0
TcpExtTCPMemoryPressuresChrono  0                  0.0
TcpExtTCPBacklogDrop            0                  0.0
TcpExtTCPOFOQueue               16554              0.0
TcpExtTCPOFODrop                110                0.0
TcpExtTCPOFOMerge               1                  0.0
TcpExtTCPFromZeroWindowAdv      3025               0.0
TcpExtTCPToZeroWindowAdv        2985               0.0
TcpExtTCPWantZeroWindowAdv      3968               0.0
TcpExtTCPSynRetrans             417                0.0
TcpExtTCPACKSkippedSeq          25079              0.0
TcpExtTCPAckCompressed          224                0.0
TcpExtTCPZeroWindowDrop         39                 0.0
TcpExtTCPRcvQDrop               41                 0.0
TcpExtTCPWqueueTooBig           0                  0.0
TcpExtTCPDSACKRecvSegs          954                0.0
CTR_T 1791628530.786484304
TcpInSegs                       2509751375         0.0
TcpOutSegs                      728992439          0.0
TcpRetransSegs                  4609               0.0
TcpInErrs                       40                 0.0
TcpExtPruneCalled               290                0.0
TcpExtRcvPruned                 151                0.0
TcpExtOfoPruned                 5                  0.0
TcpExtDelayedACKs               3852               0.0
TcpExtDelayedACKLocked          0                  0.0
TcpExtTCPPureAcks               13708047           0.0
TcpExtTCPHPAcks                 14955401           0.0
TcpExtTCPFastRetrans            2835               0.0
TcpExtTCPTimeouts               767                0.0
TcpExtTCPLossProbes             1220               0.0
TcpExtTCPRcvCollapsed           0                  0.0
TcpExtTCPDSACKRecv              880                0.0
TcpExtTCPDSACKOfoRecv           74                 0.0
TcpExtTCPMemoryPressures        0                  0.0
TcpExtTCPMemoryPressuresChrono  0                  0.0
TcpExtTCPBacklogDrop            0                  0.0
TcpExtTCPOFOQueue               16554              0.0
TcpExtTCPOFODrop                110                0.0
TcpExtTCPOFOMerge               1                  0.0
TcpExtTCPFromZeroWindowAdv      3025               0.0
TcpExtTCPToZeroWindowAdv        2985               0.0
TcpExtTCPWantZeroWindowAdv      3968               0.0
TcpExtTCPSynRetrans             417                0.0
TcpExtTCPACKSkippedSeq          25079              0.0
TcpExtTCPAckCompressed          224                0.0
TcpExtTCPZeroWindowDrop         39                 0.0
TcpExtTCPRcvQDrop               41                 0.0
TcpExtTCPWqueueTooBig           0                  0.0
TcpExtTCPDSACKRecvSegs          954                0.0
CTR_T 1791628530.991265607
TcpInSegs                       2509751389         0.0
TcpOutSegs                      728992467          0.0
TcpRetransSegs                  4609               0.0
TcpInErrs                       40                 0.0
TcpExtPruneCalled               290                0.0
TcpExtRcvPruned                 151                0.0
TcpExtOfoPruned                 5                  0.0
TcpExtDelayedACKs               3852               0.0
TcpExtDelayedACKLocked          0                  0.0
TcpExtTCPPureAcks               13708057           0.0
TcpExtTCPHPAcks                 14955405           0.0
TcpExtTCPFastRetrans            2835               0.0
TcpExtTCPTimeouts               767                0.0
TcpExtTCPLossProbes             1220               0.0
TcpExtTCPRcvCollapsed           0                  0.0
TcpExtTCPDSACKRecv              880                0.0
TcpExtTCPDSACKOfoRecv           74                 0.0
TcpExtTCPMemoryPressures        0                  0.0
TcpExtTCPMemoryPressuresChrono  0                  0.0
TcpExtTCPBacklogDrop            0                  0.0
TcpExtTCPOFOQueue               16554              0.0
TcpExtTCPOFODrop                110                0.0
TcpExtTCPOFOMerge               1                  0.0
TcpExtTCPFromZeroWindowAdv      3025               0.0
TcpExtTCPToZeroWindowAdv        2985               0.0
TcpExtTCPWantZeroWindowAdv      3968               0.0
TcpExtTCPSynRetrans             417                0.0
TcpExtTCPACKSkippedSeq          25079              0.0
TcpExtTCPAckCompressed          224                0.0
TcpExtTCPZeroWindowDrop         39                 0.0
TcpExtTCPRcvQDrop               41                 0.0
TcpExtTCPWqueueTooBig           0                  0.0
TcpExtTCPDSACKRecvSegs          954                0.0
CTR_T 1791628531.195171070
TcpInSegs                       2509751403         0.0
TcpOutSegs                      728992496          0.0
TcpRetransSegs                  4609               0.0
TcpInErrs                       40                 0.0
TcpExtPruneCalled               290                0.0
TcpExtRcvPruned                 151                0.0
TcpExtOfoPruned                 5                  0.0
TcpExtDelayedACKs               3852               0.0
TcpExtDelayedACKLocked          0                  0.0
TcpExtTCPPureAcks               13708068           0.0
TcpExtTCPHPAcks                 14955408           0.0
TcpExtTCPFastRetrans            2835               0.0
TcpExtTCPTimeouts               767                0.0
TcpExtTCPLossProbes             1220               0.0
TcpExtTCPRcvCollapsed           0                  0.0
TcpExtTCPDSACKRecv              880                0.0
TcpExtTCPDSACKOfoRecv           74                 0.0
TcpExtTCPMemoryPressures        0                  0.0
TcpExtTCPMemoryPressuresChrono  0                  0.0
TcpExtTCPBacklogDrop            0                  0.0
TcpExtTCPOFOQueue               16554              0.0
TcpExtTCPOFODrop                110                0.0
TcpExtTCPOFOMerge               1                  0.0
TcpExtTCPFromZeroWindowAdv      3025               0.0
TcpExtTCPToZeroWindowAdv        2985               0.0
TcpExtTCPWantZeroWindowAdv      3968               0.0
TcpExtTCPSynRetrans             417                0.0
TcpExtTCPACKSkippedSeq          25079              0.0
TcpExtTCPAckCompressed          224                0.0
TcpExtTCPZeroWindowDrop         39                 0.0
TcpExtTCPRcvQDrop               41                 0.0
TcpExtTCPWqueueTooBig           0                  0.0
TcpExtTCPDSACKRecvSegs          954                0.0
CTR_T 1791628531.398857958
TcpInSegs                       2509751415         0.0
TcpOutSegs                      728992521          0.0
TcpRetransSegs                  4609               0.0
TcpInErrs                       40                 0.0
TcpExtPruneCalled               290                0.0
TcpExtRcvPruned                 151                0.0
TcpExtOfoPruned                 5                  0.0
TcpExtDelayedACKs               3852               0.0
TcpExtDelayedACKLocked          0                  0.0
TcpExtTCPPureAcks               13708077           0.0
TcpExtTCPHPAcks                 14955411           0.0
TcpExtTCPFastRetrans            2835               0.0
TcpExtTCPTimeouts               767                0.0
TcpExtTCPLossProbes             1220               0.0
TcpExtTCPRcvCollapsed           0                  0.0
TcpExtTCPDSACKRecv              880                0.0
TcpExtTCPDSACKOfoRecv           74                 0.0
TcpExtTCPMemoryPressures        0                  0.0
TcpExtTCPMemoryPressuresChrono  0                  0.0
TcpExtTCPBacklogDrop            0                  0.0
TcpExtTCPOFOQueue               16554              0.0
TcpExtTCPOFODrop                110                0.0
TcpExtTCPOFOMerge               1                  0.0
TcpExtTCPFromZeroWindowAdv      3025               0.0
TcpExtTCPToZeroWindowAdv        2985               0.0
TcpExtTCPWantZeroWindowAdv      3968               0.0
TcpExtTCPSynRetrans             417                0.0
TcpExtTCPACKSkippedSeq          25079              0.0
TcpExtTCPAckCompressed          224                0.0
TcpExtTCPZeroWindowDrop         39                 0.0
TcpExtTCPRcvQDrop               41                 0.0
TcpExtTCPWqueueTooBig           0                  0.0
TcpExtTCPDSACKRecvSegs          954                0.0
CTR_T 1791628531.603320459
TcpInSegs                       2509751431         0.0
TcpOutSegs                      728992553          0.0
TcpRetransSegs                  4609               0.0
TcpInErrs                       40                 0.0
TcpExtPruneCalled               290                0.0
TcpExtRcvPruned                 151                0.0
TcpExtOfoPruned                 5                  0.0
TcpExtDelayedACKs               3852               0.0
TcpExtDelayedACKLocked          0                  0.0
TcpExtTCPPureAcks               13708088           0.0
TcpExtTCPHPAcks                 14955416           0.0
TcpExtTCPFastRetrans            2835               0.0
TcpExtTCPTimeouts               767                0.0
TcpExtTCPLossProbes             1220               0.0
TcpExtTCPRcvCollapsed           0                  0.0
TcpExtTCPDSACKRecv              880                0.0
TcpExtTCPDSACKOfoRecv           74                 0.0
TcpExtTCPMemoryPressures        0                  0.0
TcpExtTCPMemoryPressuresChrono  0                  0.0
TcpExtTCPBacklogDrop            0                  0.0
TcpExtTCPOFOQueue               16554              0.0
TcpExtTCPOFODrop                110                0.0
TcpExtTCPOFOMerge               1                  0.0
TcpExtTCPFromZeroWindowAdv      3026               0.0
TcpExtTCPToZeroWindowAdv        2985               0.0
TcpExtTCPWantZeroWindowAdv      3968               0.0
TcpExtTCPSynRetrans             417                0.0
TcpExtTCPACKSkippedSeq          25079              0.0
TcpExtTCPAckCompressed          224                0.0
TcpExtTCPZeroWindowDrop         39                 0.0
TcpExtTCPRcvQDrop               41                 0.0
TcpExtTCPWqueueTooBig           0                  0.0
TcpExtTCPDSACKRecvSegs          954                0.0
CTR_T 1791628531.807022793
TcpInSegs                       2509751441         0.0
TcpOutSegs                      728992571          0.0
TcpRetransSegs                  4610               0.0
TcpInErrs                       40                 0.0
TcpExtPruneCalled               290                0.0
TcpExtRcvPruned                 151                0.0
TcpExtOfoPruned                 5                  0.0
TcpExtDelayedACKs               3852               0.0
TcpExtDelayedACKLocked          0                  0.0
TcpExtTCPPureAcks               13708095           0.0
TcpExtTCPHPAcks                 14955419           0.0
TcpExtTCPFastRetrans            2835               0.0
TcpExtTCPTimeouts               768                0.0
TcpExtTCPLossProbes             1220               0.0
TcpExtTCPRcvCollapsed           0                  0.0
TcpExtTCPDSACKRecv              880                0.0
TcpExtTCPDSACKOfoRecv           74                 0.0
TcpExtTCPMemoryPressures        0                  0.0
TcpExtTCPMemoryPressuresChrono  0                  0.0
TcpExtTCPBacklogDrop            0                  0.0
TcpExtTCPOFOQueue               16554              0.0
TcpExtTCPOFODrop                110                0.0
TcpExtTCPOFOMerge               1                  0.0
TcpExtTCPFromZeroWindowAdv      3026               0.0
TcpExtTCPToZeroWindowAdv        2985               0.0
TcpExtTCPWantZeroWindowAdv      3968               0.0
TcpExtTCPSynRetrans             417                0.0
TcpExtTCPACKSkippedSeq          25079              0.0
TcpExtTCPAckCompressed          224                0.0
TcpExtTCPZeroWindowDrop         39                 0.0
TcpExtTCPRcvQDrop               41                 0.0
TcpExtTCPWqueueTooBig           0                  0.0
TcpExtTCPDSACKRecvSegs          954                0.0
CTR_T 1791628532.010783844
TcpInSegs                       2509751441         0.0
TcpOutSegs                      728992571          0.0
TcpRetransSegs                  4610               0.0
TcpInErrs                       40                 0.0
TcpExtPruneCalled               290                0.0
TcpExtRcvPruned                 151                0.0
TcpExtOfoPruned                 5                  0.0
TcpExtDelayedACKs               3852               0.0
TcpExtDelayedACKLocked          0                  0.0
TcpExtTCPPureAcks               13708095           0.0
TcpExtTCPHPAcks                 14955419           0.0
TcpExtTCPFastRetrans            2835               0.0
TcpExtTCPTimeouts               768                0.0
TcpExtTCPLossProbes             1220               0.0
TcpExtTCPRcvCollapsed           0                  0.0
TcpExtTCPDSACKRecv              880                0.0
TcpExtTCPDSACKOfoRecv           74                 0.0
TcpExtTCPMemoryPressures        0                  0.0
TcpExtTCPMemoryPressuresChrono  0                  0.0
TcpExtTCPBacklogDrop            0                  0.0
TcpExtTCPOFOQueue               16554              0.0
TcpExtTCPOFODrop                110                0.0
TcpExtTCPOFOMerge               1                  0.0
TcpExtTCPFromZeroWindowAdv      3026               0.0
TcpExtTCPToZeroWindowAdv        2985               0.0
TcpExtTCPWantZeroWindowAdv      3968               0.0
TcpExtTCPSynRetrans             417                0.0
TcpExtTCPACKSkippedSeq          25079              0.0
TcpExtTCPAckCompressed          224                0.0
TcpExtTCPZeroWindowDrop         39                 0.0
TcpExtTCPRcvQDrop               41                 0.0
TcpExtTCPWqueueTooBig           0                  0.0
TcpExtTCPDSACKRecvSegs          954                0.0
CTR_T 1791628532.214716181
TcpInSegs                       2509751443         0.0
TcpOutSegs                      728992574          0.0
TcpRetransSegs                  4611               0.0
TcpInErrs                       40                 0.0
TcpExtPruneCalled               290                0.0
TcpExtRcvPruned                 151                0.0
TcpExtOfoPruned                 5                  0.0
TcpExtDelayedACKs               3852               0.0
TcpExtDelayedACKLocked          0                  0.0
TcpExtTCPPureAcks               13708097           0.0
TcpExtTCPHPAcks                 14955419           0.0
TcpExtTCPFastRetrans            2835               0.0
TcpExtTCPTimeouts               769                0.0
TcpExtTCPLossProbes             1220               0.0
TcpExtTCPRcvCollapsed           0                  0.0
TcpExtTCPDSACKRecv              880                0.0
TcpExtTCPDSACKOfoRecv           74                 0.0
TcpExtTCPMemoryPressures        0                  0.0
TcpExtTCPMemoryPressuresChrono  0                  0.0
TcpExtTCPBacklogDrop            0                  0.0
TcpExtTCPOFOQueue               16554              0.0
TcpExtTCPOFODrop                110                0.0
TcpExtTCPOFOMerge               1                  0.0
TcpExtTCPFromZeroWindowAdv      3026               0.0
TcpExtTCPToZeroWindowAdv        2985               0.0
TcpExtTCPWantZeroWindowAdv      3968               0.0
TcpExtTCPSynRetrans             417                0.0
TcpExtTCPACKSkippedSeq          25079              0.0
TcpExtTCPAckCompressed          224                0.0
TcpExtTCPZeroWindowDrop         39                 0.0
TcpExtTCPRcvQDrop               41                 0.0
TcpExtTCPWqueueTooBig           0                  0.0
TcpExtTCPDSACKRecvSegs          954                0.0
CTR_T 1791628532.418592574
TcpInSegs                       2509751443         0.0
TcpOutSegs                      728992574          0.0
TcpRetransSegs                  4611               0.0
TcpInErrs                       40                 0.0
TcpExtPruneCalled               290                0.0
TcpExtRcvPruned                 151                0.0
TcpExtOfoPruned                 5                  0.0
TcpExtDelayedACKs               3852               0.0
TcpExtDelayedACKLocked          0                  0.0
TcpExtTCPPureAcks               13708097           0.0
TcpExtTCPHPAcks                 14955419           0.0
TcpExtTCPFastRetrans            2835               0.0
TcpExtTCPTimeouts               769                0.0
TcpExtTCPLossProbes             1220               0.0
TcpExtTCPRcvCollapsed           0                  0.0
TcpExtTCPDSACKRecv              880                0.0
TcpExtTCPDSACKOfoRecv           74                 0.0
TcpExtTCPMemoryPressures        0                  0.0
TcpExtTCPMemoryPressuresChrono  0                  0.0
TcpExtTCPBacklogDrop            0                  0.0
TcpExtTCPOFOQueue               16554              0.0
TcpExtTCPOFODrop                110                0.0
TcpExtTCPOFOMerge               1                  0.0
TcpExtTCPFromZeroWindowAdv      3026               0.0
TcpExtTCPToZeroWindowAdv        2985               0.0
TcpExtTCPWantZeroWindowAdv      3968               0.0
TcpExtTCPSynRetrans             417                0.0
TcpExtTCPACKSkippedSeq          25079              0.0
TcpExtTCPAckCompressed          224                0.0
TcpExtTCPZeroWindowDrop         39                 0.0
TcpExtTCPRcvQDrop               41                 0.0
TcpExtTCPWqueueTooBig           0                  0.0
TcpExtTCPDSACKRecvSegs          954                0.0
CTR_T 1791628532.622332724
TcpInSegs                       2509751443         0.0
TcpOutSegs                      728992574          0.0
TcpRetransSegs                  4611               0.0
TcpInErrs                       40                 0.0
TcpExtPruneCalled               290                0.0
TcpExtRcvPruned                 151                0.0
TcpExtOfoPruned                 5                  0.0
TcpExtDelayedACKs               3852               0.0
TcpExtDelayedACKLocked          0                  0.0
TcpExtTCPPureAcks               13708097           0.0
TcpExtTCPHPAcks                 14955419           0.0
TcpExtTCPFastRetrans            2835               0.0
TcpExtTCPTimeouts               769                0.0
TcpExtTCPLossProbes             1220               0.0
TcpExtTCPRcvCollapsed           0                  0.0
TcpExtTCPDSACKRecv              880                0.0
TcpExtTCPDSACKOfoRecv           74                 0.0
TcpExtTCPMemoryPressures        0                  0.0
TcpExtTCPMemoryPressuresChrono  0                  0.0
TcpExtTCPBacklogDrop            0                  0.0
TcpExtTCPOFOQueue               16554              0.0
TcpExtTCPOFODrop                110                0.0
TcpExtTCPOFOMerge               1                  0.0
TcpExtTCPFromZeroWindowAdv      3026               0.0
TcpExtTCPToZeroWindowAdv        2985               0.0
TcpExtTCPWantZeroWindowAdv      3968               0.0
TcpExtTCPSynRetrans             417                0.0
TcpExtTCPACKSkippedSeq          25079              0.0
TcpExtTCPAckCompressed          224                0.0
TcpExtTCPZeroWindowDrop         39                 0.0
TcpExtTCPRcvQDrop               41                 0.0
TcpExtTCPWqueueTooBig           0                  0.0
TcpExtTCPDSACKRecvSegs          954                0.0
CTR_T 1791628532.825924465
TcpInSegs                       2509751443         0.0
TcpOutSegs                      728992574          0.0
TcpRetransSegs                  4611               0.0
TcpInErrs                       40                 0.0
TcpExtPruneCalled               290                0.0
TcpExtRcvPruned                 151                0.0
TcpExtOfoPruned                 5                  0.0
TcpExtDelayedACKs               3852               0.0
TcpExtDelayedACKLocked          0                  0.0
TcpExtTCPPureAcks               13708097           0.0
TcpExtTCPHPAcks                 14955419           0.0
TcpExtTCPFastRetrans            2835               0.0
TcpExtTCPTimeouts               769                0.0
TcpExtTCPLossProbes             1220               0.0
TcpExtTCPRcvCollapsed           0                  0.0
TcpExtTCPDSACKRecv              880                0.0
TcpExtTCPDSACKOfoRecv           74                 0.0
TcpExtTCPMemoryPressures        0                  0.0
TcpExtTCPMemoryPressuresChrono  0                  0.0
TcpExtTCPBacklogDrop            0                  0.0
TcpExtTCPOFOQueue               16554              0.0
TcpExtTCPOFODrop                110                0.0
TcpExtTCPOFOMerge               1                  0.0
TcpExtTCPFromZeroWindowAdv      3026               0.0
TcpExtTCPToZeroWindowAdv        2985               0.0
TcpExtTCPWantZeroWindowAdv      3968               0.0
TcpExtTCPSynRetrans             417                0.0
TcpExtTCPACKSkippedSeq          25079              0.0
TcpExtTCPAckCompressed          224                0.0
TcpExtTCPZeroWindowDrop         39                 0.0
TcpExtTCPRcvQDrop               41                 0.0
TcpExtTCPWqueueTooBig           0                  0.0
TcpExtTCPDSACKRecvSegs          954                0.0
CTR_T 1791628533.029402345
TcpInSegs                       2509751443         0.0
TcpOutSegs                      728992574          0.0
TcpRetransSegs                  4612               0.0
TcpInErrs                       40                 0.0
TcpExtPruneCalled               290                0.0
TcpExtRcvPruned                 151                0.0
TcpExtOfoPruned                 5                  0.0
TcpExtDelayedACKs               3852               0.0
TcpExtDelayedACKLocked          0                  0.0
TcpExtTCPPureAcks               13708097           0.0
TcpExtTCPHPAcks                 14955419           0.0
TcpExtTCPFastRetrans            2835               0.0
TcpExtTCPTimeouts               770                0.0
TcpExtTCPLossProbes             1220               0.0
TcpExtTCPRcvCollapsed           0                  0.0
TcpExtTCPDSACKRecv              880                0.0
TcpExtTCPDSACKOfoRecv           74                 0.0
TcpExtTCPMemoryPressures        0                  0.0
TcpExtTCPMemoryPressuresChrono  0                  0.0
TcpExtTCPBacklogDrop            0                  0.0
TcpExtTCPOFOQueue               16554              0.0
TcpExtTCPOFODrop                110                0.0
TcpExtTCPOFOMerge               1                  0.0
TcpExtTCPFromZeroWindowAdv      3026               0.0
TcpExtTCPToZeroWindowAdv        2985               0.0
TcpExtTCPWantZeroWindowAdv      3968               0.0
TcpExtTCPSynRetrans             417                0.0
TcpExtTCPACKSkippedSeq          25079              0.0
TcpExtTCPAckCompressed          224                0.0
TcpExtTCPZeroWindowDrop         39                 0.0
TcpExtTCPRcvQDrop               41                 0.0
TcpExtTCPWqueueTooBig           0                  0.0
TcpExtTCPDSACKRecvSegs          954                0.0
CTR_T 1791628533.233082897
TcpInSegs                       2509751443         0.0
TcpOutSegs                      728992574          0.0
TcpRetransSegs                  4612               0.0
TcpInErrs                       40                 0.0
TcpExtPruneCalled               290                0.0
TcpExtRcvPruned                 151                0.0
TcpExtOfoPruned                 5                  0.0
TcpExtDelayedACKs               3852               0.0
TcpExtDelayedACKLocked          0                  0.0
TcpExtTCPPureAcks               13708097           0.0
TcpExtTCPHPAcks                 14955419           0.0
TcpExtTCPFastRetrans            2835               0.0
TcpExtTCPTimeouts               770                0.0
TcpExtTCPLossProbes             1220               0.0
TcpExtTCPRcvCollapsed           0                  0.0
TcpExtTCPDSACKRecv              880                0.0
TcpExtTCPDSACKOfoRecv           74                 0.0
TcpExtTCPMemoryPressures        0                  0.0
TcpExtTCPMemoryPressuresChrono  0                  0.0
TcpExtTCPBacklogDrop            0                  0.0
TcpExtTCPOFOQueue               16554              0.0
TcpExtTCPOFODrop                110                0.0
TcpExtTCPOFOMerge               1                  0.0
TcpExtTCPFromZeroWindowAdv      3026               0.0
TcpExtTCPToZeroWindowAdv        2985               0.0
TcpExtTCPWantZeroWindowAdv      3968               0.0
TcpExtTCPSynRetrans             417                0.0
TcpExtTCPACKSkippedSeq          25079              0.0
TcpExtTCPAckCompressed          224                0.0
TcpExtTCPZeroWindowDrop         39                 0.0
TcpExtTCPRcvQDrop               41                 0.0
TcpExtTCPWqueueTooBig           0                  0.0
TcpExtTCPDSACKRecvSegs          954                0.0
CTR_T 1791628533.437117534
TcpInSegs                       2509751443         0.0
TcpOutSegs                      728992574          0.0
TcpRetransSegs                  4612               0.0
TcpInErrs                       40                 0.0
TcpExtPruneCalled               290                0.0
TcpExtRcvPruned                 151                0.0
TcpExtOfoPruned                 5                  0.0
TcpExtDelayedACKs               3852               0.0
TcpExtDelayedACKLocked          0                  0.0
TcpExtTCPPureAcks               13708097           0.0
TcpExtTCPHPAcks                 14955419           0.0
TcpExtTCPFastRetrans            2835               0.0
TcpExtTCPTimeouts               770                0.0
TcpExtTCPLossProbes             1220               0.0
TcpExtTCPRcvCollapsed           0                  0.0
TcpExtTCPDSACKRecv              880                0.0
TcpExtTCPDSACKOfoRecv           74                 0.0
TcpExtTCPMemoryPressures        0                  0.0
TcpExtTCPMemoryPressuresChrono  0                  0.0
TcpExtTCPBacklogDrop            0                  0.0
TcpExtTCPOFOQueue               16554              0.0
TcpExtTCPOFODrop                110                0.0
TcpExtTCPOFOMerge               1                  0.0
TcpExtTCPFromZeroWindowAdv      3026               0.0
TcpExtTCPToZeroWindowAdv        2985               0.0
TcpExtTCPWantZeroWindowAdv      3968               0.0
TcpExtTCPSynRetrans             417                0.0
TcpExtTCPACKSkippedSeq          25079              0.0
TcpExtTCPAckCompressed          224                0.0
TcpExtTCPZeroWindowDrop         39                 0.0
TcpExtTCPRcvQDrop               41                 0.0
TcpExtTCPWqueueTooBig           0                  0.0
TcpExtTCPDSACKRecvSegs          954                0.0
CTR_T 1791628533.641074132
TcpInSegs                       2509751445         0.0
TcpOutSegs                      728992579          0.0
TcpRetransSegs                  4612               0.0
TcpInErrs                       40                 0.0
TcpExtPruneCalled               290                0.0
TcpExtRcvPruned                 151                0.0
TcpExtOfoPruned                 5                  0.0
TcpExtDelayedACKs               3852               0.0
TcpExtDelayedACKLocked          0                  0.0
TcpExtTCPPureAcks               13708097           0.0
TcpExtTCPHPAcks                 14955421           0.0
TcpExtTCPFastRetrans            2835               0.0
TcpExtTCPTimeouts               770                0.0
TcpExtTCPLossProbes             1220               0.0
TcpExtTCPRcvCollapsed           0                  0.0
TcpExtTCPDSACKRecv              880                0.0
TcpExtTCPDSACKOfoRecv           74                 0.0
TcpExtTCPMemoryPressures        0                  0.0
TcpExtTCPMemoryPressuresChrono  0                  0.0
TcpExtTCPBacklogDrop            0                  0.0
TcpExtTCPOFOQueue               16554              0.0
TcpExtTCPOFODrop                110                0.0
TcpExtTCPOFOMerge               1                  0.0
TcpExtTCPFromZeroWindowAdv      3026               0.0
TcpExtTCPToZeroWindowAdv        2985               0.0
TcpExtTCPWantZeroWindowAdv      3968               0.0
TcpExtTCPSynRetrans             417                0.0
TcpExtTCPACKSkippedSeq          25079              0.0
TcpExtTCPAckCompressed          224                0.0
TcpExtTCPZeroWindowDrop         39                 0.0
TcpExtTCPRcvQDrop               41                 0.0
TcpExtTCPWqueueTooBig           0                  0.0
TcpExtTCPDSACKRecvSegs          954                0.0
CTR_T 1791628533.844803045
TcpInSegs                       2509751445         0.0
TcpOutSegs                      728992579          0.0
TcpRetransSegs                  4612               0.0
TcpInErrs                       40                 0.0
TcpExtPruneCalled               290                0.0
TcpExtRcvPruned                 151                0.0
TcpExtOfoPruned                 5                  0.0
TcpExtDelayedACKs               3852               0.0
TcpExtDelayedACKLocked          0                  0.0
TcpExtTCPPureAcks               13708097           0.0
TcpExtTCPHPAcks                 14955421           0.0
TcpExtTCPFastRetrans            2835               0.0
TcpExtTCPTimeouts               770                0.0
TcpExtTCPLossProbes             1220               0.0
TcpExtTCPRcvCollapsed           0                  0.0
TcpExtTCPDSACKRecv              880                0.0
TcpExtTCPDSACKOfoRecv           74                 0.0
TcpExtTCPMemoryPressures        0                  0.0
TcpExtTCPMemoryPressuresChrono  0                  0.0
TcpExtTCPBacklogDrop            0                  0.0
TcpExtTCPOFOQueue               16554              0.0
TcpExtTCPOFODrop                110                0.0
TcpExtTCPOFOMerge               1                  0.0
TcpExtTCPFromZeroWindowAdv      3026               0.0
TcpExtTCPToZeroWindowAdv        2985               0.0
TcpExtTCPWantZeroWindowAdv      3968               0.0
TcpExtTCPSynRetrans             417                0.0
TcpExtTCPACKSkippedSeq          25079              0.0
TcpExtTCPAckCompressed          224                0.0
TcpExtTCPZeroWindowDrop         39                 0.0
TcpExtTCPRcvQDrop               41                 0.0
TcpExtTCPWqueueTooBig           0                  0.0
TcpExtTCPDSACKRecvSegs          954                0.0
CTR_T 1791628534.048554957
TcpInSegs                       2509751445         0.0
TcpOutSegs                      728992579          0.0
TcpRetransSegs                  4612               0.0
TcpInErrs                       40                 0.0
TcpExtPruneCalled               290                0.0
TcpExtRcvPruned                 151                0.0
TcpExtOfoPruned                 5                  0.0
TcpExtDelayedACKs               3852               0.0
TcpExtDelayedACKLocked          0                  0.0
TcpExtTCPPureAcks               13708097           0.0
TcpExtTCPHPAcks                 14955421           0.0
TcpExtTCPFastRetrans            2835               0.0
TcpExtTCPTimeouts               770                0.0
TcpExtTCPLossProbes             1220               0.0
TcpExtTCPRcvCollapsed           0                  0.0
TcpExtTCPDSACKRecv              880                0.0
TcpExtTCPDSACKOfoRecv           74                 0.0
TcpExtTCPMemoryPressures        0                  0.0
TcpExtTCPMemoryPressuresChrono  0                  0.0
TcpExtTCPBacklogDrop            0                  0.0
TcpExtTCPOFOQueue               16554              0.0
TcpExtTCPOFODrop                110                0.0
TcpExtTCPOFOMerge               1                  0.0
TcpExtTCPFromZeroWindowAdv      3026               0.0
TcpExtTCPToZeroWindowAdv        2985               0.0
TcpExtTCPWantZeroWindowAdv      3968               0.0
TcpExtTCPSynRetrans             417                0.0
TcpExtTCPACKSkippedSeq          25079              0.0
TcpExtTCPAckCompressed          224                0.0
TcpExtTCPZeroWindowDrop         39                 0.0
TcpExtTCPRcvQDrop               41                 0.0
TcpExtTCPWqueueTooBig           0                  0.0
TcpExtTCPDSACKRecvSegs          954                0.0
CTR_T 1791628534.252404232
TcpInSegs                       2509751447         0.0
TcpOutSegs                      728992583          0.0
TcpRetransSegs                  4612               0.0
TcpInErrs                       40                 0.0
TcpExtPruneCalled               290                0.0
TcpExtRcvPruned                 151                0.0
TcpExtOfoPruned                 5                  0.0
TcpExtDelayedACKs               3852               0.0
TcpExtDelayedACKLocked          0                  0.0
TcpExtTCPPureAcks               13708099           0.0
TcpExtTCPHPAcks                 14955421           0.0
TcpExtTCPFastRetrans            2835               0.0
TcpExtTCPTimeouts               770                0.0
TcpExtTCPLossProbes             1220               0.0
TcpExtTCPRcvCollapsed           0                  0.0
TcpExtTCPDSACKRecv              880                0.0
TcpExtTCPDSACKOfoRecv           74                 0.0
TcpExtTCPMemoryPressures        0                  0.0
TcpExtTCPMemoryPressuresChrono  0                  0.0
TcpExtTCPBacklogDrop            0                  0.0
TcpExtTCPOFOQueue               16554              0.0
TcpExtTCPOFODrop                110                0.0
TcpExtTCPOFOMerge               1                  0.0
TcpExtTCPFromZeroWindowAdv      3026               0.0
TcpExtTCPToZeroWindowAdv        2985               0.0
TcpExtTCPWantZeroWindowAdv      3968               0.0
TcpExtTCPSynRetrans             417                0.0
TcpExtTCPACKSkippedSeq          25079              0.0
TcpExtTCPAckCompressed          224                0.0
TcpExtTCPZeroWindowDrop         39                 0.0
TcpExtTCPRcvQDrop               41                 0.0
TcpExtTCPWqueueTooBig           0                  0.0
TcpExtTCPDSACKRecvSegs          954                0.0
CTR_T 1791628534.456320336
TcpInSegs                       2509751472         0.0
TcpOutSegs                      728992633          0.0
TcpRetransSegs                  4612               0.0
TcpInErrs                       40                 0.0
TcpExtPruneCalled               290                0.0
TcpExtRcvPruned                 151                0.0
TcpExtOfoPruned                 5                  0.0
TcpExtDelayedACKs               3852               0.0
TcpExtDelayedACKLocked          0                  0.0
TcpExtTCPPureAcks               13708118           0.0
TcpExtTCPHPAcks                 14955427           0.0
TcpExtTCPFastRetrans            2835               0.0
TcpExtTCPTimeouts               770                0.0
TcpExtTCPLossProbes             1220               0.0
TcpExtTCPRcvCollapsed           0                  0.0
TcpExtTCPDSACKRecv              880                0.0
TcpExtTCPDSACKOfoRecv           74                 0.0
TcpExtTCPMemoryPressures        0                  0.0
TcpExtTCPMemoryPressuresChrono  0                  0.0
TcpExtTCPBacklogDrop            0                  0.0
TcpExtTCPOFOQueue               16554              0.0
TcpExtTCPOFODrop                110                0.0
TcpExtTCPOFOMerge               1                  0.0
TcpExtTCPFromZeroWindowAdv      3026               0.0
TcpExtTCPToZeroWindowAdv        2985               0.0
TcpExtTCPWantZeroWindowAdv      3968               0.0
TcpExtTCPSynRetrans             417                0.0
TcpExtTCPACKSkippedSeq          25079              0.0
TcpExtTCPAckCompressed          224                0.0
TcpExtTCPZeroWindowDrop         39                 0.0
TcpExtTCPRcvQDrop               41                 0.0
TcpExtTCPWqueueTooBig           0                  0.0
TcpExtTCPDSACKRecvSegs          954                0.0
CTR_T 1791628534.660510278
TcpInSegs                       2509751487         0.0
TcpOutSegs                      728992662          0.0
TcpRetransSegs                  4613               0.0
TcpInErrs                       40                 0.0
TcpExtPruneCalled               290                0.0
TcpExtRcvPruned                 151                0.0
TcpExtOfoPruned                 5                  0.0
TcpExtDelayedACKs               3852               0.0
TcpExtDelayedACKLocked          0                  0.0
TcpExtTCPPureAcks               13708130           0.0
TcpExtTCPHPAcks                 14955430           0.0
TcpExtTCPFastRetrans            2835               0.0
TcpExtTCPTimeouts               771                0.0
TcpExtTCPLossProbes             1220               0.0
TcpExtTCPRcvCollapsed           0                  0.0
TcpExtTCPDSACKRecv              880                0.0
TcpExtTCPDSACKOfoRecv           74                 0.0
TcpExtTCPMemoryPressures        0                  0.0
TcpExtTCPMemoryPressuresChrono  0                  0.0
TcpExtTCPBacklogDrop            0                  0.0
TcpExtTCPOFOQueue               16554              0.0
TcpExtTCPOFODrop                110                0.0
TcpExtTCPOFOMerge               1                  0.0
TcpExtTCPFromZeroWindowAdv      3026               0.0
TcpExtTCPToZeroWindowAdv        2985               0.0
TcpExtTCPWantZeroWindowAdv      3968               0.0
TcpExtTCPSynRetrans             417                0.0
TcpExtTCPACKSkippedSeq          25079              0.0
TcpExtTCPAckCompressed          224                0.0
TcpExtTCPZeroWindowDrop         39                 0.0
TcpExtTCPRcvQDrop               41                 0.0
TcpExtTCPWqueueTooBig           0                  0.0
TcpExtTCPDSACKRecvSegs          954                0.0
CTR_T 1791628534.864288670
TcpInSegs                       2509751487         0.0
TcpOutSegs                      728992662          0.0
TcpRetransSegs                  4613               0.0
TcpInErrs                       40                 0.0
TcpExtPruneCalled               290                0.0
TcpExtRcvPruned                 151                0.0
TcpExtOfoPruned                 5                  0.0
TcpExtDelayedACKs               3852               0.0
TcpExtDelayedACKLocked          0                  0.0
TcpExtTCPPureAcks               13708130           0.0
TcpExtTCPHPAcks                 14955430           0.0
TcpExtTCPFastRetrans            2835               0.0
TcpExtTCPTimeouts               771                0.0
TcpExtTCPLossProbes             1220               0.0
TcpExtTCPRcvCollapsed           0                  0.0
TcpExtTCPDSACKRecv              880                0.0
TcpExtTCPDSACKOfoRecv           74                 0.0
TcpExtTCPMemoryPressures        0                  0.0
TcpExtTCPMemoryPressuresChrono  0                  0.0
TcpExtTCPBacklogDrop            0                  0.0
TcpExtTCPOFOQueue               16554              0.0
TcpExtTCPOFODrop                110                0.0
TcpExtTCPOFOMerge               1                  0.0
TcpExtTCPFromZeroWindowAdv      3026               0.0
TcpExtTCPToZeroWindowAdv        2985               0.0
TcpExtTCPWantZeroWindowAdv      3968               0.0
TcpExtTCPSynRetrans             417                0.0
TcpExtTCPACKSkippedSeq          25079              0.0
TcpExtTCPAckCompressed          224                0.0
TcpExtTCPZeroWindowDrop         39                 0.0
TcpExtTCPRcvQDrop               41                 0.0
TcpExtTCPWqueueTooBig           0                  0.0
TcpExtTCPDSACKRecvSegs          954                0.0
CTR_T 1791628535.068097364
TcpInSegs                       2509751495         0.0
TcpOutSegs                      728992675          0.0
TcpRetransSegs                  4613               0.0
TcpInErrs                       40                 0.0
TcpExtPruneCalled               290                0.0
TcpExtRcvPruned                 151                0.0
TcpExtOfoPruned                 5                  0.0
TcpExtDelayedACKs               3852               0.0
TcpExtDelayedACKLocked          0                  0.0
TcpExtTCPPureAcks               13708135           0.0
TcpExtTCPHPAcks                 14955431           0.0
TcpExtTCPFastRetrans            2835               0.0
TcpExtTCPTimeouts               771                0.0
TcpExtTCPLossProbes             1220               0.0
TcpExtTCPRcvCollapsed           0                  0.0
TcpExtTCPDSACKRecv              880                0.0
TcpExtTCPDSACKOfoRecv           74                 0.0
TcpExtTCPMemoryPressures        0                  0.0
TcpExtTCPMemoryPressuresChrono  0                  0.0
TcpExtTCPBacklogDrop            0                  0.0
TcpExtTCPOFOQueue               16554              0.0
TcpExtTCPOFODrop                110                0.0
TcpExtTCPOFOMerge               1                  0.0
TcpExtTCPFromZeroWindowAdv      3026               0.0
TcpExtTCPToZeroWindowAdv        2985               0.0
TcpExtTCPWantZeroWindowAdv      3968               0.0
TcpExtTCPSynRetrans             417                0.0
TcpExtTCPACKSkippedSeq          25079              0.0
TcpExtTCPAckCompressed          224                0.0
TcpExtTCPZeroWindowDrop         39                 0.0
TcpExtTCPRcvQDrop               41                 0.0
TcpExtTCPWqueueTooBig           0                  0.0
TcpExtTCPDSACKRecvSegs          954                0.0
CTR_T 1791628535.272042813
TcpInSegs                       2509751497         0.0
TcpOutSegs                      728992678          0.0
TcpRetransSegs                  4613               0.0
TcpInErrs                       40                 0.0
TcpExtPruneCalled               290                0.0
TcpExtRcvPruned                 151                0.0
TcpExtOfoPruned                 5                  0.0
TcpExtDelayedACKs               3852               0.0
TcpExtDelayedACKLocked          0                  0.0
TcpExtTCPPureAcks               13708137           0.0
TcpExtTCPHPAcks                 14955431           0.0
TcpExtTCPFastRetrans            2835               0.0
TcpExtTCPTimeouts               771                0.0
TcpExtTCPLossProbes             1220               0.0
TcpExtTCPRcvCollapsed           0                  0.0
TcpExtTCPDSACKRecv              880                0.0
TcpExtTCPDSACKOfoRecv           74                 0.0
TcpExtTCPMemoryPressures        0                  0.0
TcpExtTCPMemoryPressuresChrono  0                  0.0
TcpExtTCPBacklogDrop            0                  0.0
TcpExtTCPOFOQueue               16554              0.0
TcpExtTCPOFODrop                110                0.0
TcpExtTCPOFOMerge               1                  0.0
TcpExtTCPFromZeroWindowAdv      3026               0.0
TcpExtTCPToZeroWindowAdv        2985               0.0
TcpExtTCPWantZeroWindowAdv      3968               0.0
TcpExtTCPSynRetrans             417                0.0
TcpExtTCPACKSkippedSeq          25079              0.0
TcpExtTCPAckCompressed          224                0.0
TcpExtTCPZeroWindowDrop         39                 0.0
TcpExtTCPRcvQDrop               41                 0.0
TcpExtTCPWqueueTooBig           0                  0.0
TcpExtTCPDSACKRecvSegs          954                0.0
CTR_T 1791628535.475900445
TcpInSegs                       2509751497         0.0
TcpOutSegs                      728992678          0.0
TcpRetransSegs                  4613               0.0
TcpInErrs                       40                 0.0
TcpExtPruneCalled               290                0.0
TcpExtRcvPruned                 151                0.0
TcpExtOfoPruned                 5                  0.0
TcpExtDelayedACKs               3852               0.0
TcpExtDelayedACKLocked          0                  0.0
TcpExtTCPPureAcks               13708137           0.0
TcpExtTCPHPAcks                 14955431           0.0
TcpExtTCPFastRetrans            2835               0.0
TcpExtTCPTimeouts               771                0.0
TcpExtTCPLossProbes             1220               0.0
TcpExtTCPRcvCollapsed           0                  0.0
TcpExtTCPDSACKRecv              880                0.0
TcpExtTCPDSACKOfoRecv           74                 0.0
TcpExtTCPMemoryPressures        0                  0.0
TcpExtTCPMemoryPressuresChrono  0                  0.0
TcpExtTCPBacklogDrop            0                  0.0
TcpExtTCPOFOQueue               16554              0.0
TcpExtTCPOFODrop                110                0.0
TcpExtTCPOFOMerge               1                  0.0
TcpExtTCPFromZeroWindowAdv      3026               0.0
TcpExtTCPToZeroWindowAdv        2985               0.0
TcpExtTCPWantZeroWindowAdv      3968               0.0
TcpExtTCPSynRetrans             417                0.0
TcpExtTCPACKSkippedSeq          25079              0.0
TcpExtTCPAckCompressed          224                0.0
TcpExtTCPZeroWindowDrop         39                 0.0
TcpExtTCPRcvQDrop               41                 0.0
TcpExtTCPWqueueTooBig           0                  0.0
TcpExtTCPDSACKRecvSegs          954                0.0
CTR_T 1791628535.679749693
TcpInSegs                       2509751501         0.0
TcpOutSegs                      728992682          0.0
TcpRetransSegs                  4613               0.0
TcpInErrs                       40                 0.0
TcpExtPruneCalled               290                0.0
TcpExtRcvPruned                 151                0.0
TcpExtOfoPruned                 5                  0.0
TcpExtDelayedACKs               3852               0.0
TcpExtDelayedACKLocked          0                  0.0
TcpExtTCPPureAcks               13708138           0.0
TcpExtTCPHPAcks                 14955432           0.0
TcpExtTCPFastRetrans            2835               0.0
TcpExtTCPTimeouts               771                0.0
TcpExtTCPLossProbes             1220               0.0
TcpExtTCPRcvCollapsed           0                  0.0
TcpExtTCPDSACKRecv              880                0.0
TcpExtTCPDSACKOfoRecv           74                 0.0
TcpExtTCPMemoryPressures        0                  0.0
TcpExtTCPMemoryPressuresChrono  0                  0.0
TcpExtTCPBacklogDrop            0                  0.0
TcpExtTCPOFOQueue               16554              0.0
TcpExtTCPOFODrop                110                0.0
TcpExtTCPOFOMerge               1                  0.0
TcpExtTCPFromZeroWindowAdv      3026               0.0
TcpExtTCPToZeroWindowAdv        2985               0.0
TcpExtTCPWantZeroWindowAdv      3968               0.0
TcpExtTCPSynRetrans             417                0.0
TcpExtTCPACKSkippedSeq          25079              0.0
TcpExtTCPAckCompressed          224                0.0
TcpExtTCPZeroWindowDrop         39                 0.0
TcpExtTCPRcvQDrop               41                 0.0
TcpExtTCPWqueueTooBig           0                  0.0
TcpExtTCPDSACKRecvSegs          954                0.0
CTR_T 1791628535.883583193
TcpInSegs                       2509751507         0.0
TcpOutSegs                      728992690          0.0
TcpRetransSegs                  4613               0.0
TcpInErrs                       40                 0.0
TcpExtPruneCalled               290                0.0
TcpExtRcvPruned                 151                0.0
TcpExtOfoPruned                 5                  0.0
TcpExtDelayedACKs               3854               0.0
TcpExtDelayedACKLocked          0                  0.0
TcpExtTCPPureAcks               13708139           0.0
TcpExtTCPHPAcks                 14955434           0.0
TcpExtTCPFastRetrans            2835               0.0
TcpExtTCPTimeouts               771                0.0
TcpExtTCPLossProbes             1220               0.0
TcpExtTCPRcvCollapsed           0                  0.0
TcpExtTCPDSACKRecv              880                0.0
TcpExtTCPDSACKOfoRecv           74                 0.0
TcpExtTCPMemoryPressures        0                  0.0
TcpExtTCPMemoryPressuresChrono  0                  0.0
TcpExtTCPBacklogDrop            0                  0.0
TcpExtTCPOFOQueue               16554              0.0
TcpExtTCPOFODrop                110                0.0
TcpExtTCPOFOMerge               1                  0.0
TcpExtTCPFromZeroWindowAdv      3026               0.0
TcpExtTCPToZeroWindowAdv        2985               0.0
TcpExtTCPWantZeroWindowAdv      3968               0.0
TcpExtTCPSynRetrans             417                0.0
TcpExtTCPACKSkippedSeq          25079              0.0
TcpExtTCPAckCompressed          224                0.0
TcpExtTCPZeroWindowDrop         39                 0.0
TcpExtTCPRcvQDrop               41                 0.0
TcpExtTCPWqueueTooBig           0                  0.0
TcpExtTCPDSACKRecvSegs          954                0.0
